district,district_url,distribution_url,elected_member,elected_party,enrolment,formal_votes,informal_votes,total_votes,turnout_pct,majority,round_number,row_type,excluded_candidate,excluded_party,candidate,candidate_party,votes
Aston,https://results.aec.gov.au/24310/Website/HouseDivisionPage-24310-197.htm,https://results.aec.gov.au/24310/Website/HouseDop-24310-197.htm,"TUDGE, Alan",Liberal,110342,100090,3829,103919,94.18,20270,0,first,,,"TUDGE, Alan",Liberal,54744
Aston,https://results.aec.gov.au/24310/Website/HouseDivisionPage-24310-197.htm,https://results.aec.gov.au/24310/Website/HouseDop-24310-197.htm,"TUDGE, Alan",Liberal,110342,100090,3829,103919,94.18,20270,0,first,,,"PETHIYAGODA, Kadira",Australian Labor Party,29839
Aston,https://results.aec.gov.au/24310/Website/HouseDivisionPage-24310-197.htm,https://results.aec.gov.au/24310/Website/HouseDop-24310-197.htm,"TUDGE, Alan",Liberal,110342,100090,3829,103919,94.18,20270,0,first,,,"COOKSON, Asher",The Greens (VIC),8867
Aston,https://results.aec.gov.au/24310/Website/HouseDivisionPage-24310-197.htm,https://results.aec.gov.au/24310/Website/HouseDop-24310-197.htm,"TUDGE, Alan",Liberal,110342,100090,3829,103919,94.18,20270,0,first,,,"SIRIANNI-DUFFY, Matthew",United Australia Party,3611
Aston,https://results.aec.gov.au/24310/Website/HouseDivisionPage-24310-197.htm,https://results.aec.gov.au/24310/Website/HouseDop-24310-197.htm,"TUDGE, Alan",Liberal,110342,100090,3829,103919,94.18,20270,0,first,,,"KENNEDY, Anna",Labour DLP,3029
Aston,https://results.aec.gov.au/24310/Website/HouseDivisionPage-24310-197.htm,https://results.aec.gov.au/24310/Website/HouseDop-24310-197.htm,"TUDGE, Alan",Liberal,110342,100090,3829,103919,94.18,20270,1,transfer,"KENNEDY, Anna",Labour DLP,"COOKSON, Asher",The Greens (VIC),521
Aston,https://results.aec.gov.au/24310/Website/HouseDivisionPage-24310-197.htm,https://results.aec.gov.au/24310/Website/HouseDop-24310-197.htm,"TUDGE, Alan",Liberal,110342,100090,3829,103919,94.18,20270,1,transfer,"KENNEDY, Anna",Labour DLP,"PETHIYAGODA, Kadira",Australian Labor Party,1115
Aston,https://results.aec.gov.au/24310/Website/HouseDivisionPage-24310-197.htm,https://results.aec.gov.au/24310/Website/HouseDop-24310-197.htm,"TUDGE, Alan",Liberal,110342,100090,3829,103919,94.18,20270,1,transfer,"KENNEDY, Anna",Labour DLP,"SIRIANNI-DUFFY, Matthew",United Australia Party,465
Aston,https://results.aec.gov.au/24310/Website/HouseDivisionPage-24310-197.htm,https://results.aec.gov.au/24310/Website/HouseDop-24310-197.htm,"TUDGE, Alan",Liberal,110342,100090,3829,103919,94.18,20270,1,transfer,"KENNEDY, Anna",Labour DLP,"TUDGE, Alan",Liberal,928
Aston,https://results.aec.gov.au/24310/Website/HouseDivisionPage-24310-197.htm,https://results.aec.gov.au/24310/Website/HouseDop-24310-197.htm,"TUDGE, Alan",Liberal,110342,100090,3829,103919,94.18,20270,1,progressive,"KENNEDY, Anna",Labour DLP,"TUDGE, Alan",Liberal,55672
Aston,https://results.aec.gov.au/24310/Website/HouseDivisionPage-24310-197.htm,https://results.aec.gov.au/24310/Website/HouseDop-24310-197.htm,"TUDGE, Alan",Liberal,110342,100090,3829,103919,94.18,20270,1,progressive,"KENNEDY, Anna",Labour DLP,"PETHIYAGODA, Kadira",Australian Labor Party,30954
Aston,https://results.aec.gov.au/24310/Website/HouseDivisionPage-24310-197.htm,https://results.aec.gov.au/24310/Website/HouseDop-24310-197.htm,"TUDGE, Alan",Liberal,110342,100090,3829,103919,94.18,20270,1,progressive,"KENNEDY, Anna",Labour DLP,"COOKSON, Asher",The Greens (VIC),9388
Aston,https://results.aec.gov.au/24310/Website/HouseDivisionPage-24310-197.htm,https://results.aec.gov.au/24310/Website/HouseDop-24310-197.htm,"TUDGE, Alan",Liberal,110342,100090,3829,103919,94.18,20270,1,progressive,"KENNEDY, Anna",Labour DLP,"SIRIANNI-DUFFY, Matthew",United Australia Party,4076
Aston,https://results.aec.gov.au/24310/Website/HouseDivisionPage-24310-197.htm,https://results.aec.gov.au/24310/Website/HouseDop-24310-197.htm,"TUDGE, Alan",Liberal,110342,100090,3829,103919,94.18,20270,2,transfer,"SIRIANNI-DUFFY, Matthew",United Australia Party,"COOKSON, Asher",The Greens (VIC),766
Aston,https://results.aec.gov.au/24310/Website/HouseDivisionPage-24310-197.htm,https://results.aec.gov.au/24310/Website/HouseDop-24310-197.htm,"TUDGE, Alan",Liberal,110342,100090,3829,103919,94.18,20270,2,transfer,"SIRIANNI-DUFFY, Matthew",United Australia Party,"PETHIYAGODA, Kadira",Australian Labor Party,1139
Aston,https://results.aec.gov.au/24310/Website/HouseDivisionPage-24310-197.htm,https://results.aec.gov.au/24310/Website/HouseDop-24310-197.htm,"TUDGE, Alan",Liberal,110342,100090,3829,103919,94.18,20270,2,transfer,"SIRIANNI-DUFFY, Matthew",United Australia Party,"TUDGE, Alan",Liberal,2171
Aston,https://results.aec.gov.au/24310/Website/HouseDivisionPage-24310-197.htm,https://results.aec.gov.au/24310/Website/HouseDop-24310-197.htm,"TUDGE, Alan",Liberal,110342,100090,3829,103919,94.18,20270,2,progressive,"SIRIANNI-DUFFY, Matthew",United Australia Party,"TUDGE, Alan",Liberal,57843
Aston,https://results.aec.gov.au/24310/Website/HouseDivisionPage-24310-197.htm,https://results.aec.gov.au/24310/Website/HouseDop-24310-197.htm,"TUDGE, Alan",Liberal,110342,100090,3829,103919,94.18,20270,2,progressive,"SIRIANNI-DUFFY, Matthew",United Australia Party,"PETHIYAGODA, Kadira",Australian Labor Party,32093
Aston,https://results.aec.gov.au/24310/Website/HouseDivisionPage-24310-197.htm,https://results.aec.gov.au/24310/Website/HouseDop-24310-197.htm,"TUDGE, Alan",Liberal,110342,100090,3829,103919,94.18,20270,2,progressive,"SIRIANNI-DUFFY, Matthew",United Australia Party,"COOKSON, Asher",The Greens (VIC),10154
Aston,https://results.aec.gov.au/24310/Website/HouseDivisionPage-24310-197.htm,https://results.aec.gov.au/24310/Website/HouseDop-24310-197.htm,"TUDGE, Alan",Liberal,110342,100090,3829,103919,94.18,20270,3,transfer,"COOKSON, Asher",The Greens (VIC),"PETHIYAGODA, Kadira",Australian Labor Party,7817
Aston,https://results.aec.gov.au/24310/Website/HouseDivisionPage-24310-197.htm,https://results.aec.gov.au/24310/Website/HouseDop-24310-197.htm,"TUDGE, Alan",Liberal,110342,100090,3829,103919,94.18,20270,3,transfer,"COOKSON, Asher",The Greens (VIC),"TUDGE, Alan",Liberal,2337
Aston,https://results.aec.gov.au/24310/Website/HouseDivisionPage-24310-197.htm,https://results.aec.gov.au/24310/Website/HouseDop-24310-197.htm,"TUDGE, Alan",Liberal,110342,100090,3829,103919,94.18,20270,3,final,"COOKSON, Asher",The Greens (VIC),"TUDGE, Alan",Liberal,60180
Aston,https://results.aec.gov.au/24310/Website/HouseDivisionPage-24310-197.htm,https://results.aec.gov.au/24310/Website/HouseDop-24310-197.htm,"TUDGE, Alan",Liberal,110342,100090,3829,103919,94.18,20270,3,final,"COOKSON, Asher",The Greens (VIC),"PETHIYAGODA, Kadira",Australian Labor Party,39910
Ballarat,https://results.aec.gov.au/24310/Website/HouseDivisionPage-24310-198.htm,https://results.aec.gov.au/24310/Website/HouseDop-24310-198.htm,"KING, Catherine",Australian Labor Party,114954,102683,4689,107372,93.4,22547,0,first,,,"KING, Catherine",Australian Labor Party,49077
Ballarat,https://results.aec.gov.au/24310/Website/HouseDivisionPage-24310-198.htm,https://results.aec.gov.au/24310/Website/HouseDop-24310-198.htm,"KING, Catherine",Australian Labor Party,114954,102683,4689,107372,93.4,22547,0,first,,,"VO, Tim",Liberal,31462
Ballarat,https://results.aec.gov.au/24310/Website/HouseDivisionPage-24310-198.htm,https://results.aec.gov.au/24310/Website/HouseDop-24310-198.htm,"KING, Catherine",Australian Labor Party,114954,102683,4689,107372,93.4,22547,0,first,,,"McALOON, Karen",The Greens (VIC),9077
Ballarat,https://results.aec.gov.au/24310/Website/HouseDivisionPage-24310-198.htm,https://results.aec.gov.au/24310/Website/HouseDop-24310-198.htm,"KING, Catherine",Australian Labor Party,114954,102683,4689,107372,93.4,22547,0,first,,,"COZYN, Peter",United Australia Party,4741
Ballarat,https://results.aec.gov.au/24310/Website/HouseDivisionPage-24310-198.htm,https://results.aec.gov.au/24310/Website/HouseDop-24310-198.htm,"KING, Catherine",Australian Labor Party,114954,102683,4689,107372,93.4,22547,0,first,,,"HILLS, Bryn",Animal Justice Party,4393
Ballarat,https://results.aec.gov.au/24310/Website/HouseDivisionPage-24310-198.htm,https://results.aec.gov.au/24310/Website/HouseDop-24310-198.htm,"KING, Catherine",Australian Labor Party,114954,102683,4689,107372,93.4,22547,0,first,,,"SHADY, Nick",Independent,2288
Ballarat,https://results.aec.gov.au/24310/Website/HouseDivisionPage-24310-198.htm,https://results.aec.gov.au/24310/Website/HouseDop-24310-198.htm,"KING, Catherine",Australian Labor Party,114954,102683,4689,107372,93.4,22547,0,first,,,"GRAHAM, Alex",Independent,1645
Ballarat,https://results.aec.gov.au/24310/Website/HouseDivisionPage-24310-198.htm,https://results.aec.gov.au/24310/Website/HouseDop-24310-198.htm,"KING, Catherine",Australian Labor Party,114954,102683,4689,107372,93.4,22547,1,transfer,"GRAHAM, Alex",Independent,"COZYN, Peter",United Australia Party,150
Ballarat,https://results.aec.gov.au/24310/Website/HouseDivisionPage-24310-198.htm,https://results.aec.gov.au/24310/Website/HouseDop-24310-198.htm,"KING, Catherine",Australian Labor Party,114954,102683,4689,107372,93.4,22547,1,transfer,"GRAHAM, Alex",Independent,"HILLS, Bryn",Animal Justice Party,120
Ballarat,https://results.aec.gov.au/24310/Website/HouseDivisionPage-24310-198.htm,https://results.aec.gov.au/24310/Website/HouseDop-24310-198.htm,"KING, Catherine",Australian Labor Party,114954,102683,4689,107372,93.4,22547,1,transfer,"GRAHAM, Alex",Independent,"KING, Catherine",Australian Labor Party,123
Ballarat,https://results.aec.gov.au/24310/Website/HouseDivisionPage-24310-198.htm,https://results.aec.gov.au/24310/Website/HouseDop-24310-198.htm,"KING, Catherine",Australian Labor Party,114954,102683,4689,107372,93.4,22547,1,transfer,"GRAHAM, Alex",Independent,"McALOON, Karen",The Greens (VIC),98
Ballarat,https://results.aec.gov.au/24310/Website/HouseDivisionPage-24310-198.htm,https://results.aec.gov.au/24310/Website/HouseDop-24310-198.htm,"KING, Catherine",Australian Labor Party,114954,102683,4689,107372,93.4,22547,1,transfer,"GRAHAM, Alex",Independent,"SHADY, Nick",Independent,1061
Ballarat,https://results.aec.gov.au/24310/Website/HouseDivisionPage-24310-198.htm,https://results.aec.gov.au/24310/Website/HouseDop-24310-198.htm,"KING, Catherine",Australian Labor Party,114954,102683,4689,107372,93.4,22547,1,transfer,"GRAHAM, Alex",Independent,"VO, Tim",Liberal,93
Ballarat,https://results.aec.gov.au/24310/Website/HouseDivisionPage-24310-198.htm,https://results.aec.gov.au/24310/Website/HouseDop-24310-198.htm,"KING, Catherine",Australian Labor Party,114954,102683,4689,107372,93.4,22547,1,progressive,"GRAHAM, Alex",Independent,"KING, Catherine",Australian Labor Party,49200
Ballarat,https://results.aec.gov.au/24310/Website/HouseDivisionPage-24310-198.htm,https://results.aec.gov.au/24310/Website/HouseDop-24310-198.htm,"KING, Catherine",Australian Labor Party,114954,102683,4689,107372,93.4,22547,1,progressive,"GRAHAM, Alex",Independent,"VO, Tim",Liberal,31555
Ballarat,https://results.aec.gov.au/24310/Website/HouseDivisionPage-24310-198.htm,https://results.aec.gov.au/24310/Website/HouseDop-24310-198.htm,"KING, Catherine",Australian Labor Party,114954,102683,4689,107372,93.4,22547,1,progressive,"GRAHAM, Alex",Independent,"McALOON, Karen",The Greens (VIC),9175
Ballarat,https://results.aec.gov.au/24310/Website/HouseDivisionPage-24310-198.htm,https://results.aec.gov.au/24310/Website/HouseDop-24310-198.htm,"KING, Catherine",Australian Labor Party,114954,102683,4689,107372,93.4,22547,1,progressive,"GRAHAM, Alex",Independent,"COZYN, Peter",United Australia Party,4891
Ballarat,https://results.aec.gov.au/24310/Website/HouseDivisionPage-24310-198.htm,https://results.aec.gov.au/24310/Website/HouseDop-24310-198.htm,"KING, Catherine",Australian Labor Party,114954,102683,4689,107372,93.4,22547,1,progressive,"GRAHAM, Alex",Independent,"HILLS, Bryn",Animal Justice Party,4513
Ballarat,https://results.aec.gov.au/24310/Website/HouseDivisionPage-24310-198.htm,https://results.aec.gov.au/24310/Website/HouseDop-24310-198.htm,"KING, Catherine",Australian Labor Party,114954,102683,4689,107372,93.4,22547,1,progressive,"GRAHAM, Alex",Independent,"SHADY, Nick",Independent,3349
Ballarat,https://results.aec.gov.au/24310/Website/HouseDivisionPage-24310-198.htm,https://results.aec.gov.au/24310/Website/HouseDop-24310-198.htm,"KING, Catherine",Australian Labor Party,114954,102683,4689,107372,93.4,22547,2,transfer,"SHADY, Nick",Independent,"COZYN, Peter",United Australia Party,846
Ballarat,https://results.aec.gov.au/24310/Website/HouseDivisionPage-24310-198.htm,https://results.aec.gov.au/24310/Website/HouseDop-24310-198.htm,"KING, Catherine",Australian Labor Party,114954,102683,4689,107372,93.4,22547,2,transfer,"SHADY, Nick",Independent,"HILLS, Bryn",Animal Justice Party,639
Ballarat,https://results.aec.gov.au/24310/Website/HouseDivisionPage-24310-198.htm,https://results.aec.gov.au/24310/Website/HouseDop-24310-198.htm,"KING, Catherine",Australian Labor Party,114954,102683,4689,107372,93.4,22547,2,transfer,"SHADY, Nick",Independent,"KING, Catherine",Australian Labor Party,666
Ballarat,https://results.aec.gov.au/24310/Website/HouseDivisionPage-24310-198.htm,https://results.aec.gov.au/24310/Website/HouseDop-24310-198.htm,"KING, Catherine",Australian Labor Party,114954,102683,4689,107372,93.4,22547,2,transfer,"SHADY, Nick",Independent,"McALOON, Karen",The Greens (VIC),433
Ballarat,https://results.aec.gov.au/24310/Website/HouseDivisionPage-24310-198.htm,https://results.aec.gov.au/24310/Website/HouseDop-24310-198.htm,"KING, Catherine",Australian Labor Party,114954,102683,4689,107372,93.4,22547,2,transfer,"SHADY, Nick",Independent,"VO, Tim",Liberal,765
Ballarat,https://results.aec.gov.au/24310/Website/HouseDivisionPage-24310-198.htm,https://results.aec.gov.au/24310/Website/HouseDop-24310-198.htm,"KING, Catherine",Australian Labor Party,114954,102683,4689,107372,93.4,22547,2,progressive,"SHADY, Nick",Independent,"KING, Catherine",Australian Labor Party,49866
Ballarat,https://results.aec.gov.au/24310/Website/HouseDivisionPage-24310-198.htm,https://results.aec.gov.au/24310/Website/HouseDop-24310-198.htm,"KING, Catherine",Australian Labor Party,114954,102683,4689,107372,93.4,22547,2,progressive,"SHADY, Nick",Independent,"VO, Tim",Liberal,32320
Ballarat,https://results.aec.gov.au/24310/Website/HouseDivisionPage-24310-198.htm,https://results.aec.gov.au/24310/Website/HouseDop-24310-198.htm,"KING, Catherine",Australian Labor Party,114954,102683,4689,107372,93.4,22547,2,progressive,"SHADY, Nick",Independent,"McALOON, Karen",The Greens (VIC),9608
Ballarat,https://results.aec.gov.au/24310/Website/HouseDivisionPage-24310-198.htm,https://results.aec.gov.au/24310/Website/HouseDop-24310-198.htm,"KING, Catherine",Australian Labor Party,114954,102683,4689,107372,93.4,22547,2,progressive,"SHADY, Nick",Independent,"COZYN, Peter",United Australia Party,5737
Ballarat,https://results.aec.gov.au/24310/Website/HouseDivisionPage-24310-198.htm,https://results.aec.gov.au/24310/Website/HouseDop-24310-198.htm,"KING, Catherine",Australian Labor Party,114954,102683,4689,107372,93.4,22547,2,progressive,"SHADY, Nick",Independent,"HILLS, Bryn",Animal Justice Party,5152
Ballarat,https://results.aec.gov.au/24310/Website/HouseDivisionPage-24310-198.htm,https://results.aec.gov.au/24310/Website/HouseDop-24310-198.htm,"KING, Catherine",Australian Labor Party,114954,102683,4689,107372,93.4,22547,3,transfer,"HILLS, Bryn",Animal Justice Party,"COZYN, Peter",United Australia Party,1595
Ballarat,https://results.aec.gov.au/24310/Website/HouseDivisionPage-24310-198.htm,https://results.aec.gov.au/24310/Website/HouseDop-24310-198.htm,"KING, Catherine",Australian Labor Party,114954,102683,4689,107372,93.4,22547,3,transfer,"HILLS, Bryn",Animal Justice Party,"KING, Catherine",Australian Labor Party,1163
Ballarat,https://results.aec.gov.au/24310/Website/HouseDivisionPage-24310-198.htm,https://results.aec.gov.au/24310/Website/HouseDop-24310-198.htm,"KING, Catherine",Australian Labor Party,114954,102683,4689,107372,93.4,22547,3,transfer,"HILLS, Bryn",Animal Justice Party,"McALOON, Karen",The Greens (VIC),1840
Ballarat,https://results.aec.gov.au/24310/Website/HouseDivisionPage-24310-198.htm,https://results.aec.gov.au/24310/Website/HouseDop-24310-198.htm,"KING, Catherine",Australian Labor Party,114954,102683,4689,107372,93.4,22547,3,transfer,"HILLS, Bryn",Animal Justice Party,"VO, Tim",Liberal,554
Ballarat,https://results.aec.gov.au/24310/Website/HouseDivisionPage-24310-198.htm,https://results.aec.gov.au/24310/Website/HouseDop-24310-198.htm,"KING, Catherine",Australian Labor Party,114954,102683,4689,107372,93.4,22547,3,progressive,"HILLS, Bryn",Animal Justice Party,"KING, Catherine",Australian Labor Party,51029
Ballarat,https://results.aec.gov.au/24310/Website/HouseDivisionPage-24310-198.htm,https://results.aec.gov.au/24310/Website/HouseDop-24310-198.htm,"KING, Catherine",Australian Labor Party,114954,102683,4689,107372,93.4,22547,3,progressive,"HILLS, Bryn",Animal Justice Party,"VO, Tim",Liberal,32874
Ballarat,https://results.aec.gov.au/24310/Website/HouseDivisionPage-24310-198.htm,https://results.aec.gov.au/24310/Website/HouseDop-24310-198.htm,"KING, Catherine",Australian Labor Party,114954,102683,4689,107372,93.4,22547,3,progressive,"HILLS, Bryn",Animal Justice Party,"McALOON, Karen",The Greens (VIC),11448
Ballarat,https://results.aec.gov.au/24310/Website/HouseDivisionPage-24310-198.htm,https://results.aec.gov.au/24310/Website/HouseDop-24310-198.htm,"KING, Catherine",Australian Labor Party,114954,102683,4689,107372,93.4,22547,3,progressive,"HILLS, Bryn",Animal Justice Party,"COZYN, Peter",United Australia Party,7332
Ballarat,https://results.aec.gov.au/24310/Website/HouseDivisionPage-24310-198.htm,https://results.aec.gov.au/24310/Website/HouseDop-24310-198.htm,"KING, Catherine",Australian Labor Party,114954,102683,4689,107372,93.4,22547,4,transfer,"COZYN, Peter",United Australia Party,"KING, Catherine",Australian Labor Party,1631
Ballarat,https://results.aec.gov.au/24310/Website/HouseDivisionPage-24310-198.htm,https://results.aec.gov.au/24310/Website/HouseDop-24310-198.htm,"KING, Catherine",Australian Labor Party,114954,102683,4689,107372,93.4,22547,4,transfer,"COZYN, Peter",United Australia Party,"McALOON, Karen",The Greens (VIC),2370
Ballarat,https://results.aec.gov.au/24310/Website/HouseDivisionPage-24310-198.htm,https://results.aec.gov.au/24310/Website/HouseDop-24310-198.htm,"KING, Catherine",Australian Labor Party,114954,102683,4689,107372,93.4,22547,4,transfer,"COZYN, Peter",United Australia Party,"VO, Tim",Liberal,3331
Ballarat,https://results.aec.gov.au/24310/Website/HouseDivisionPage-24310-198.htm,https://results.aec.gov.au/24310/Website/HouseDop-24310-198.htm,"KING, Catherine",Australian Labor Party,114954,102683,4689,107372,93.4,22547,4,progressive,"COZYN, Peter",United Australia Party,"KING, Catherine",Australian Labor Party,52660
Ballarat,https://results.aec.gov.au/24310/Website/HouseDivisionPage-24310-198.htm,https://results.aec.gov.au/24310/Website/HouseDop-24310-198.htm,"KING, Catherine",Australian Labor Party,114954,102683,4689,107372,93.4,22547,4,progressive,"COZYN, Peter",United Australia Party,"VO, Tim",Liberal,36205
Ballarat,https://results.aec.gov.au/24310/Website/HouseDivisionPage-24310-198.htm,https://results.aec.gov.au/24310/Website/HouseDop-24310-198.htm,"KING, Catherine",Australian Labor Party,114954,102683,4689,107372,93.4,22547,4,progressive,"COZYN, Peter",United Australia Party,"McALOON, Karen",The Greens (VIC),13818
Ballarat,https://results.aec.gov.au/24310/Website/HouseDivisionPage-24310-198.htm,https://results.aec.gov.au/24310/Website/HouseDop-24310-198.htm,"KING, Catherine",Australian Labor Party,114954,102683,4689,107372,93.4,22547,5,transfer,"McALOON, Karen",The Greens (VIC),"KING, Catherine",Australian Labor Party,9955
Ballarat,https://results.aec.gov.au/24310/Website/HouseDivisionPage-24310-198.htm,https://results.aec.gov.au/24310/Website/HouseDop-24310-198.htm,"KING, Catherine",Australian Labor Party,114954,102683,4689,107372,93.4,22547,5,transfer,"McALOON, Karen",The Greens (VIC),"VO, Tim",Liberal,3863
Ballarat,https://results.aec.gov.au/24310/Website/HouseDivisionPage-24310-198.htm,https://results.aec.gov.au/24310/Website/HouseDop-24310-198.htm,"KING, Catherine",Australian Labor Party,114954,102683,4689,107372,93.4,22547,5,final,"McALOON, Karen",The Greens (VIC),"KING, Catherine",Australian Labor Party,62615
Ballarat,https://results.aec.gov.au/24310/Website/HouseDivisionPage-24310-198.htm,https://results.aec.gov.au/24310/Website/HouseDop-24310-198.htm,"KING, Catherine",Australian Labor Party,114954,102683,4689,107372,93.4,22547,5,final,"McALOON, Karen",The Greens (VIC),"VO, Tim",Liberal,40068
Bendigo,https://results.aec.gov.au/24310/Website/HouseDivisionPage-24310-200.htm,https://results.aec.gov.au/24310/Website/HouseDop-24310-200.htm,"CHESTERS, Lisa",Australian Labor Party,112755,101661,4318,105979,93.99,18371,0,first,,,"CHESTERS, Lisa",Australian Labor Party,44340
Bendigo,https://results.aec.gov.au/24310/Website/HouseDivisionPage-24310-200.htm,https://results.aec.gov.au/24310/Website/HouseDop-24310-200.htm,"CHESTERS, Lisa",Australian Labor Party,112755,101661,4318,105979,93.99,18371,0,first,,,"GAYED, Sam",Liberal,32210
Bendigo,https://results.aec.gov.au/24310/Website/HouseDivisionPage-24310-200.htm,https://results.aec.gov.au/24310/Website/HouseDop-24310-200.htm,"CHESTERS, Lisa",Australian Labor Party,112755,101661,4318,105979,93.99,18371,0,first,,,"HOLIAN, Robert",The Greens (VIC),11381
Bendigo,https://results.aec.gov.au/24310/Website/HouseDivisionPage-24310-200.htm,https://results.aec.gov.au/24310/Website/HouseDop-24310-200.htm,"CHESTERS, Lisa",Australian Labor Party,112755,101661,4318,105979,93.99,18371,0,first,,,"WILLIAMS, Vaughan",Pauline Hanson's One Nation,6278
Bendigo,https://results.aec.gov.au/24310/Website/HouseDivisionPage-24310-200.htm,https://results.aec.gov.au/24310/Website/HouseDop-24310-200.htm,"CHESTERS, Lisa",Australian Labor Party,112755,101661,4318,105979,93.99,18371,0,first,,,"VEITCH, Adam",United Australia Party,4321
Bendigo,https://results.aec.gov.au/24310/Website/HouseDivisionPage-24310-200.htm,https://results.aec.gov.au/24310/Website/HouseDop-24310-200.htm,"CHESTERS, Lisa",Australian Labor Party,112755,101661,4318,105979,93.99,18371,0,first,,,"HOSKIN, Julie",FRASER ANNING'S CONSERVATIVE NATIONAL PARTY,1667
Bendigo,https://results.aec.gov.au/24310/Website/HouseDivisionPage-24310-200.htm,https://results.aec.gov.au/24310/Website/HouseDop-24310-200.htm,"CHESTERS, Lisa",Australian Labor Party,112755,101661,4318,105979,93.99,18371,0,first,,,"BUDDE, Sharon",Rise Up Australia Party,1464
Bendigo,https://results.aec.gov.au/24310/Website/HouseDivisionPage-24310-200.htm,https://results.aec.gov.au/24310/Website/HouseDop-24310-200.htm,"CHESTERS, Lisa",Australian Labor Party,112755,101661,4318,105979,93.99,18371,1,transfer,"BUDDE, Sharon",Rise Up Australia Party,"CHESTERS, Lisa",Australian Labor Party,249
Bendigo,https://results.aec.gov.au/24310/Website/HouseDivisionPage-24310-200.htm,https://results.aec.gov.au/24310/Website/HouseDop-24310-200.htm,"CHESTERS, Lisa",Australian Labor Party,112755,101661,4318,105979,93.99,18371,1,transfer,"BUDDE, Sharon",Rise Up Australia Party,"GAYED, Sam",Liberal,246
Bendigo,https://results.aec.gov.au/24310/Website/HouseDivisionPage-24310-200.htm,https://results.aec.gov.au/24310/Website/HouseDop-24310-200.htm,"CHESTERS, Lisa",Australian Labor Party,112755,101661,4318,105979,93.99,18371,1,transfer,"BUDDE, Sharon",Rise Up Australia Party,"HOLIAN, Robert",The Greens (VIC),432
Bendigo,https://results.aec.gov.au/24310/Website/HouseDivisionPage-24310-200.htm,https://results.aec.gov.au/24310/Website/HouseDop-24310-200.htm,"CHESTERS, Lisa",Australian Labor Party,112755,101661,4318,105979,93.99,18371,1,transfer,"BUDDE, Sharon",Rise Up Australia Party,"HOSKIN, Julie",FRASER ANNING'S CONSERVATIVE NATIONAL PARTY,169
Bendigo,https://results.aec.gov.au/24310/Website/HouseDivisionPage-24310-200.htm,https://results.aec.gov.au/24310/Website/HouseDop-24310-200.htm,"CHESTERS, Lisa",Australian Labor Party,112755,101661,4318,105979,93.99,18371,1,transfer,"BUDDE, Sharon",Rise Up Australia Party,"VEITCH, Adam",United Australia Party,193
Bendigo,https://results.aec.gov.au/24310/Website/HouseDivisionPage-24310-200.htm,https://results.aec.gov.au/24310/Website/HouseDop-24310-200.htm,"CHESTERS, Lisa",Australian Labor Party,112755,101661,4318,105979,93.99,18371,1,transfer,"BUDDE, Sharon",Rise Up Australia Party,"WILLIAMS, Vaughan",Pauline Hanson's One Nation,175
Bendigo,https://results.aec.gov.au/24310/Website/HouseDivisionPage-24310-200.htm,https://results.aec.gov.au/24310/Website/HouseDop-24310-200.htm,"CHESTERS, Lisa",Australian Labor Party,112755,101661,4318,105979,93.99,18371,1,progressive,"BUDDE, Sharon",Rise Up Australia Party,"CHESTERS, Lisa",Australian Labor Party,44589
Bendigo,https://results.aec.gov.au/24310/Website/HouseDivisionPage-24310-200.htm,https://results.aec.gov.au/24310/Website/HouseDop-24310-200.htm,"CHESTERS, Lisa",Australian Labor Party,112755,101661,4318,105979,93.99,18371,1,progressive,"BUDDE, Sharon",Rise Up Australia Party,"GAYED, Sam",Liberal,32456
Bendigo,https://results.aec.gov.au/24310/Website/HouseDivisionPage-24310-200.htm,https://results.aec.gov.au/24310/Website/HouseDop-24310-200.htm,"CHESTERS, Lisa",Australian Labor Party,112755,101661,4318,105979,93.99,18371,1,progressive,"BUDDE, Sharon",Rise Up Australia Party,"HOLIAN, Robert",The Greens (VIC),11813
Bendigo,https://results.aec.gov.au/24310/Website/HouseDivisionPage-24310-200.htm,https://results.aec.gov.au/24310/Website/HouseDop-24310-200.htm,"CHESTERS, Lisa",Australian Labor Party,112755,101661,4318,105979,93.99,18371,1,progressive,"BUDDE, Sharon",Rise Up Australia Party,"WILLIAMS, Vaughan",Pauline Hanson's One Nation,6453
Bendigo,https://results.aec.gov.au/24310/Website/HouseDivisionPage-24310-200.htm,https://results.aec.gov.au/24310/Website/HouseDop-24310-200.htm,"CHESTERS, Lisa",Australian Labor Party,112755,101661,4318,105979,93.99,18371,1,progressive,"BUDDE, Sharon",Rise Up Australia Party,"VEITCH, Adam",United Australia Party,4514
Bendigo,https://results.aec.gov.au/24310/Website/HouseDivisionPage-24310-200.htm,https://results.aec.gov.au/24310/Website/HouseDop-24310-200.htm,"CHESTERS, Lisa",Australian Labor Party,112755,101661,4318,105979,93.99,18371,1,progressive,"BUDDE, Sharon",Rise Up Australia Party,"HOSKIN, Julie",FRASER ANNING'S CONSERVATIVE NATIONAL PARTY,1836
Bendigo,https://results.aec.gov.au/24310/Website/HouseDivisionPage-24310-200.htm,https://results.aec.gov.au/24310/Website/HouseDop-24310-200.htm,"CHESTERS, Lisa",Australian Labor Party,112755,101661,4318,105979,93.99,18371,2,transfer,"HOSKIN, Julie",FRASER ANNING'S CONSERVATIVE NATIONAL PARTY,"CHESTERS, Lisa",Australian Labor Party,158
Bendigo,https://results.aec.gov.au/24310/Website/HouseDivisionPage-24310-200.htm,https://results.aec.gov.au/24310/Website/HouseDop-24310-200.htm,"CHESTERS, Lisa",Australian Labor Party,112755,101661,4318,105979,93.99,18371,2,transfer,"HOSKIN, Julie",FRASER ANNING'S CONSERVATIVE NATIONAL PARTY,"GAYED, Sam",Liberal,283
Bendigo,https://results.aec.gov.au/24310/Website/HouseDivisionPage-24310-200.htm,https://results.aec.gov.au/24310/Website/HouseDop-24310-200.htm,"CHESTERS, Lisa",Australian Labor Party,112755,101661,4318,105979,93.99,18371,2,transfer,"HOSKIN, Julie",FRASER ANNING'S CONSERVATIVE NATIONAL PARTY,"HOLIAN, Robert",The Greens (VIC),115
Bendigo,https://results.aec.gov.au/24310/Website/HouseDivisionPage-24310-200.htm,https://results.aec.gov.au/24310/Website/HouseDop-24310-200.htm,"CHESTERS, Lisa",Australian Labor Party,112755,101661,4318,105979,93.99,18371,2,transfer,"HOSKIN, Julie",FRASER ANNING'S CONSERVATIVE NATIONAL PARTY,"VEITCH, Adam",United Australia Party,230
Bendigo,https://results.aec.gov.au/24310/Website/HouseDivisionPage-24310-200.htm,https://results.aec.gov.au/24310/Website/HouseDop-24310-200.htm,"CHESTERS, Lisa",Australian Labor Party,112755,101661,4318,105979,93.99,18371,2,transfer,"HOSKIN, Julie",FRASER ANNING'S CONSERVATIVE NATIONAL PARTY,"WILLIAMS, Vaughan",Pauline Hanson's One Nation,1050
Bendigo,https://results.aec.gov.au/24310/Website/HouseDivisionPage-24310-200.htm,https://results.aec.gov.au/24310/Website/HouseDop-24310-200.htm,"CHESTERS, Lisa",Australian Labor Party,112755,101661,4318,105979,93.99,18371,2,progressive,"HOSKIN, Julie",FRASER ANNING'S CONSERVATIVE NATIONAL PARTY,"CHESTERS, Lisa",Australian Labor Party,44747
Bendigo,https://results.aec.gov.au/24310/Website/HouseDivisionPage-24310-200.htm,https://results.aec.gov.au/24310/Website/HouseDop-24310-200.htm,"CHESTERS, Lisa",Australian Labor Party,112755,101661,4318,105979,93.99,18371,2,progressive,"HOSKIN, Julie",FRASER ANNING'S CONSERVATIVE NATIONAL PARTY,"GAYED, Sam",Liberal,32739
Bendigo,https://results.aec.gov.au/24310/Website/HouseDivisionPage-24310-200.htm,https://results.aec.gov.au/24310/Website/HouseDop-24310-200.htm,"CHESTERS, Lisa",Australian Labor Party,112755,101661,4318,105979,93.99,18371,2,progressive,"HOSKIN, Julie",FRASER ANNING'S CONSERVATIVE NATIONAL PARTY,"HOLIAN, Robert",The Greens (VIC),11928
Bendigo,https://results.aec.gov.au/24310/Website/HouseDivisionPage-24310-200.htm,https://results.aec.gov.au/24310/Website/HouseDop-24310-200.htm,"CHESTERS, Lisa",Australian Labor Party,112755,101661,4318,105979,93.99,18371,2,progressive,"HOSKIN, Julie",FRASER ANNING'S CONSERVATIVE NATIONAL PARTY,"WILLIAMS, Vaughan",Pauline Hanson's One Nation,7503
Bendigo,https://results.aec.gov.au/24310/Website/HouseDivisionPage-24310-200.htm,https://results.aec.gov.au/24310/Website/HouseDop-24310-200.htm,"CHESTERS, Lisa",Australian Labor Party,112755,101661,4318,105979,93.99,18371,2,progressive,"HOSKIN, Julie",FRASER ANNING'S CONSERVATIVE NATIONAL PARTY,"VEITCH, Adam",United Australia Party,4744
Bendigo,https://results.aec.gov.au/24310/Website/HouseDivisionPage-24310-200.htm,https://results.aec.gov.au/24310/Website/HouseDop-24310-200.htm,"CHESTERS, Lisa",Australian Labor Party,112755,101661,4318,105979,93.99,18371,3,transfer,"VEITCH, Adam",United Australia Party,"CHESTERS, Lisa",Australian Labor Party,894
Bendigo,https://results.aec.gov.au/24310/Website/HouseDivisionPage-24310-200.htm,https://results.aec.gov.au/24310/Website/HouseDop-24310-200.htm,"CHESTERS, Lisa",Australian Labor Party,112755,101661,4318,105979,93.99,18371,3,transfer,"VEITCH, Adam",United Australia Party,"GAYED, Sam",Liberal,1743
Bendigo,https://results.aec.gov.au/24310/Website/HouseDivisionPage-24310-200.htm,https://results.aec.gov.au/24310/Website/HouseDop-24310-200.htm,"CHESTERS, Lisa",Australian Labor Party,112755,101661,4318,105979,93.99,18371,3,transfer,"VEITCH, Adam",United Australia Party,"HOLIAN, Robert",The Greens (VIC),424
Bendigo,https://results.aec.gov.au/24310/Website/HouseDivisionPage-24310-200.htm,https://results.aec.gov.au/24310/Website/HouseDop-24310-200.htm,"CHESTERS, Lisa",Australian Labor Party,112755,101661,4318,105979,93.99,18371,3,transfer,"VEITCH, Adam",United Australia Party,"WILLIAMS, Vaughan",Pauline Hanson's One Nation,1683
Bendigo,https://results.aec.gov.au/24310/Website/HouseDivisionPage-24310-200.htm,https://results.aec.gov.au/24310/Website/HouseDop-24310-200.htm,"CHESTERS, Lisa",Australian Labor Party,112755,101661,4318,105979,93.99,18371,3,progressive,"VEITCH, Adam",United Australia Party,"CHESTERS, Lisa",Australian Labor Party,45641
Bendigo,https://results.aec.gov.au/24310/Website/HouseDivisionPage-24310-200.htm,https://results.aec.gov.au/24310/Website/HouseDop-24310-200.htm,"CHESTERS, Lisa",Australian Labor Party,112755,101661,4318,105979,93.99,18371,3,progressive,"VEITCH, Adam",United Australia Party,"GAYED, Sam",Liberal,34482
Bendigo,https://results.aec.gov.au/24310/Website/HouseDivisionPage-24310-200.htm,https://results.aec.gov.au/24310/Website/HouseDop-24310-200.htm,"CHESTERS, Lisa",Australian Labor Party,112755,101661,4318,105979,93.99,18371,3,progressive,"VEITCH, Adam",United Australia Party,"HOLIAN, Robert",The Greens (VIC),12352
Bendigo,https://results.aec.gov.au/24310/Website/HouseDivisionPage-24310-200.htm,https://results.aec.gov.au/24310/Website/HouseDop-24310-200.htm,"CHESTERS, Lisa",Australian Labor Party,112755,101661,4318,105979,93.99,18371,3,progressive,"VEITCH, Adam",United Australia Party,"WILLIAMS, Vaughan",Pauline Hanson's One Nation,9186
Bendigo,https://results.aec.gov.au/24310/Website/HouseDivisionPage-24310-200.htm,https://results.aec.gov.au/24310/Website/HouseDop-24310-200.htm,"CHESTERS, Lisa",Australian Labor Party,112755,101661,4318,105979,93.99,18371,4,transfer,"WILLIAMS, Vaughan",Pauline Hanson's One Nation,"CHESTERS, Lisa",Australian Labor Party,2594
Bendigo,https://results.aec.gov.au/24310/Website/HouseDivisionPage-24310-200.htm,https://results.aec.gov.au/24310/Website/HouseDop-24310-200.htm,"CHESTERS, Lisa",Australian Labor Party,112755,101661,4318,105979,93.99,18371,4,transfer,"WILLIAMS, Vaughan",Pauline Hanson's One Nation,"GAYED, Sam",Liberal,5167
Bendigo,https://results.aec.gov.au/24310/Website/HouseDivisionPage-24310-200.htm,https://results.aec.gov.au/24310/Website/HouseDop-24310-200.htm,"CHESTERS, Lisa",Australian Labor Party,112755,101661,4318,105979,93.99,18371,4,transfer,"WILLIAMS, Vaughan",Pauline Hanson's One Nation,"HOLIAN, Robert",The Greens (VIC),1425
Bendigo,https://results.aec.gov.au/24310/Website/HouseDivisionPage-24310-200.htm,https://results.aec.gov.au/24310/Website/HouseDop-24310-200.htm,"CHESTERS, Lisa",Australian Labor Party,112755,101661,4318,105979,93.99,18371,4,progressive,"WILLIAMS, Vaughan",Pauline Hanson's One Nation,"CHESTERS, Lisa",Australian Labor Party,48235
Bendigo,https://results.aec.gov.au/24310/Website/HouseDivisionPage-24310-200.htm,https://results.aec.gov.au/24310/Website/HouseDop-24310-200.htm,"CHESTERS, Lisa",Australian Labor Party,112755,101661,4318,105979,93.99,18371,4,progressive,"WILLIAMS, Vaughan",Pauline Hanson's One Nation,"GAYED, Sam",Liberal,39649
Bendigo,https://results.aec.gov.au/24310/Website/HouseDivisionPage-24310-200.htm,https://results.aec.gov.au/24310/Website/HouseDop-24310-200.htm,"CHESTERS, Lisa",Australian Labor Party,112755,101661,4318,105979,93.99,18371,4,progressive,"WILLIAMS, Vaughan",Pauline Hanson's One Nation,"HOLIAN, Robert",The Greens (VIC),13777
Bendigo,https://results.aec.gov.au/24310/Website/HouseDivisionPage-24310-200.htm,https://results.aec.gov.au/24310/Website/HouseDop-24310-200.htm,"CHESTERS, Lisa",Australian Labor Party,112755,101661,4318,105979,93.99,18371,5,transfer,"HOLIAN, Robert",The Greens (VIC),"CHESTERS, Lisa",Australian Labor Party,11781
Bendigo,https://results.aec.gov.au/24310/Website/HouseDivisionPage-24310-200.htm,https://results.aec.gov.au/24310/Website/HouseDop-24310-200.htm,"CHESTERS, Lisa",Australian Labor Party,112755,101661,4318,105979,93.99,18371,5,transfer,"HOLIAN, Robert",The Greens (VIC),"GAYED, Sam",Liberal,1996
Bendigo,https://results.aec.gov.au/24310/Website/HouseDivisionPage-24310-200.htm,https://results.aec.gov.au/24310/Website/HouseDop-24310-200.htm,"CHESTERS, Lisa",Australian Labor Party,112755,101661,4318,105979,93.99,18371,5,final,"HOLIAN, Robert",The Greens (VIC),"CHESTERS, Lisa",Australian Labor Party,60016
Bendigo,https://results.aec.gov.au/24310/Website/HouseDivisionPage-24310-200.htm,https://results.aec.gov.au/24310/Website/HouseDop-24310-200.htm,"CHESTERS, Lisa",Australian Labor Party,112755,101661,4318,105979,93.99,18371,5,final,"HOLIAN, Robert",The Greens (VIC),"GAYED, Sam",Liberal,41645
Bruce,https://results.aec.gov.au/24310/Website/HouseDivisionPage-24310-201.htm,https://results.aec.gov.au/24310/Website/HouseDop-24310-201.htm,"HILL, Julian",Australian Labor Party,109195,93040,5521,98561,90.26,26338,0,first,,,"HILL, Julian",Australian Labor Party,51713
Bruce,https://results.aec.gov.au/24310/Website/HouseDivisionPage-24310-201.htm,https://results.aec.gov.au/24310/Website/HouseDop-24310-201.htm,"HILL, Julian",Australian Labor Party,109195,93040,5521,98561,90.26,26338,0,first,,,"MacISAAC, John",Liberal,27170
Bruce,https://results.aec.gov.au/24310/Website/HouseDivisionPage-24310-201.htm,https://results.aec.gov.au/24310/Website/HouseDop-24310-201.htm,"HILL, Julian",Australian Labor Party,109195,93040,5521,98561,90.26,26338,0,first,,,"GARAD, Rhonda",The Greens (VIC),6801
Bruce,https://results.aec.gov.au/24310/Website/HouseDivisionPage-24310-201.htm,https://results.aec.gov.au/24310/Website/HouseDop-24310-201.htm,"HILL, Julian",Australian Labor Party,109195,93040,5521,98561,90.26,26338,0,first,,,"AHMED, Mubahil",United Australia Party,3979
Bruce,https://results.aec.gov.au/24310/Website/HouseDivisionPage-24310-201.htm,https://results.aec.gov.au/24310/Website/HouseDop-24310-201.htm,"HILL, Julian",Australian Labor Party,109195,93040,5521,98561,90.26,26338,0,first,,,"BOYANTON, Tim",FRASER ANNING'S CONSERVATIVE NATIONAL PARTY,3377
Bruce,https://results.aec.gov.au/24310/Website/HouseDivisionPage-24310-201.htm,https://results.aec.gov.au/24310/Website/HouseDop-24310-201.htm,"HILL, Julian",Australian Labor Party,109195,93040,5521,98561,90.26,26338,1,transfer,"BOYANTON, Tim",FRASER ANNING'S CONSERVATIVE NATIONAL PARTY,"AHMED, Mubahil",United Australia Party,1652
Bruce,https://results.aec.gov.au/24310/Website/HouseDivisionPage-24310-201.htm,https://results.aec.gov.au/24310/Website/HouseDop-24310-201.htm,"HILL, Julian",Australian Labor Party,109195,93040,5521,98561,90.26,26338,1,transfer,"BOYANTON, Tim",FRASER ANNING'S CONSERVATIVE NATIONAL PARTY,"GARAD, Rhonda",The Greens (VIC),328
Bruce,https://results.aec.gov.au/24310/Website/HouseDivisionPage-24310-201.htm,https://results.aec.gov.au/24310/Website/HouseDop-24310-201.htm,"HILL, Julian",Australian Labor Party,109195,93040,5521,98561,90.26,26338,1,transfer,"BOYANTON, Tim",FRASER ANNING'S CONSERVATIVE NATIONAL PARTY,"HILL, Julian",Australian Labor Party,412
Bruce,https://results.aec.gov.au/24310/Website/HouseDivisionPage-24310-201.htm,https://results.aec.gov.au/24310/Website/HouseDop-24310-201.htm,"HILL, Julian",Australian Labor Party,109195,93040,5521,98561,90.26,26338,1,transfer,"BOYANTON, Tim",FRASER ANNING'S CONSERVATIVE NATIONAL PARTY,"MacISAAC, John",Liberal,985
Bruce,https://results.aec.gov.au/24310/Website/HouseDivisionPage-24310-201.htm,https://results.aec.gov.au/24310/Website/HouseDop-24310-201.htm,"HILL, Julian",Australian Labor Party,109195,93040,5521,98561,90.26,26338,1,progressive,"BOYANTON, Tim",FRASER ANNING'S CONSERVATIVE NATIONAL PARTY,"HILL, Julian",Australian Labor Party,52125
Bruce,https://results.aec.gov.au/24310/Website/HouseDivisionPage-24310-201.htm,https://results.aec.gov.au/24310/Website/HouseDop-24310-201.htm,"HILL, Julian",Australian Labor Party,109195,93040,5521,98561,90.26,26338,1,progressive,"BOYANTON, Tim",FRASER ANNING'S CONSERVATIVE NATIONAL PARTY,"MacISAAC, John",Liberal,28155
Bruce,https://results.aec.gov.au/24310/Website/HouseDivisionPage-24310-201.htm,https://results.aec.gov.au/24310/Website/HouseDop-24310-201.htm,"HILL, Julian",Australian Labor Party,109195,93040,5521,98561,90.26,26338,1,progressive,"BOYANTON, Tim",FRASER ANNING'S CONSERVATIVE NATIONAL PARTY,"GARAD, Rhonda",The Greens (VIC),7129
Bruce,https://results.aec.gov.au/24310/Website/HouseDivisionPage-24310-201.htm,https://results.aec.gov.au/24310/Website/HouseDop-24310-201.htm,"HILL, Julian",Australian Labor Party,109195,93040,5521,98561,90.26,26338,1,progressive,"BOYANTON, Tim",FRASER ANNING'S CONSERVATIVE NATIONAL PARTY,"AHMED, Mubahil",United Australia Party,5631
Bruce,https://results.aec.gov.au/24310/Website/HouseDivisionPage-24310-201.htm,https://results.aec.gov.au/24310/Website/HouseDop-24310-201.htm,"HILL, Julian",Australian Labor Party,109195,93040,5521,98561,90.26,26338,2,transfer,"AHMED, Mubahil",United Australia Party,"GARAD, Rhonda",The Greens (VIC),907
Bruce,https://results.aec.gov.au/24310/Website/HouseDivisionPage-24310-201.htm,https://results.aec.gov.au/24310/Website/HouseDop-24310-201.htm,"HILL, Julian",Australian Labor Party,109195,93040,5521,98561,90.26,26338,2,transfer,"AHMED, Mubahil",United Australia Party,"HILL, Julian",Australian Labor Party,1445
Bruce,https://results.aec.gov.au/24310/Website/HouseDivisionPage-24310-201.htm,https://results.aec.gov.au/24310/Website/HouseDop-24310-201.htm,"HILL, Julian",Australian Labor Party,109195,93040,5521,98561,90.26,26338,2,transfer,"AHMED, Mubahil",United Australia Party,"MacISAAC, John",Liberal,3279
Bruce,https://results.aec.gov.au/24310/Website/HouseDivisionPage-24310-201.htm,https://results.aec.gov.au/24310/Website/HouseDop-24310-201.htm,"HILL, Julian",Australian Labor Party,109195,93040,5521,98561,90.26,26338,2,progressive,"AHMED, Mubahil",United Australia Party,"HILL, Julian",Australian Labor Party,53570
Bruce,https://results.aec.gov.au/24310/Website/HouseDivisionPage-24310-201.htm,https://results.aec.gov.au/24310/Website/HouseDop-24310-201.htm,"HILL, Julian",Australian Labor Party,109195,93040,5521,98561,90.26,26338,2,progressive,"AHMED, Mubahil",United Australia Party,"MacISAAC, John",Liberal,31434
Bruce,https://results.aec.gov.au/24310/Website/HouseDivisionPage-24310-201.htm,https://results.aec.gov.au/24310/Website/HouseDop-24310-201.htm,"HILL, Julian",Australian Labor Party,109195,93040,5521,98561,90.26,26338,2,progressive,"AHMED, Mubahil",United Australia Party,"GARAD, Rhonda",The Greens (VIC),8036
Bruce,https://results.aec.gov.au/24310/Website/HouseDivisionPage-24310-201.htm,https://results.aec.gov.au/24310/Website/HouseDop-24310-201.htm,"HILL, Julian",Australian Labor Party,109195,93040,5521,98561,90.26,26338,3,transfer,"GARAD, Rhonda",The Greens (VIC),"HILL, Julian",Australian Labor Party,6119
Bruce,https://results.aec.gov.au/24310/Website/HouseDivisionPage-24310-201.htm,https://results.aec.gov.au/24310/Website/HouseDop-24310-201.htm,"HILL, Julian",Australian Labor Party,109195,93040,5521,98561,90.26,26338,3,transfer,"GARAD, Rhonda",The Greens (VIC),"MacISAAC, John",Liberal,1917
Bruce,https://results.aec.gov.au/24310/Website/HouseDivisionPage-24310-201.htm,https://results.aec.gov.au/24310/Website/HouseDop-24310-201.htm,"HILL, Julian",Australian Labor Party,109195,93040,5521,98561,90.26,26338,3,final,"GARAD, Rhonda",The Greens (VIC),"HILL, Julian",Australian Labor Party,59689
Bruce,https://results.aec.gov.au/24310/Website/HouseDivisionPage-24310-201.htm,https://results.aec.gov.au/24310/Website/HouseDop-24310-201.htm,"HILL, Julian",Australian Labor Party,109195,93040,5521,98561,90.26,26338,3,final,"GARAD, Rhonda",The Greens (VIC),"MacISAAC, John",Liberal,33351
Calwell,https://results.aec.gov.au/24310/Website/HouseDivisionPage-24310-203.htm,https://results.aec.gov.au/24310/Website/HouseDop-24310-203.htm,"VAMVAKINOU, Maria",Australian Labor Party,107507,87452,8884,96336,89.61,32876,0,first,,,"VAMVAKINOU, Maria",Australian Labor Party,47115
Calwell,https://results.aec.gov.au/24310/Website/HouseDivisionPage-24310-203.htm,https://results.aec.gov.au/24310/Website/HouseDop-24310-203.htm,"VAMVAKINOU, Maria",Australian Labor Party,107507,87452,8884,96336,89.61,32876,0,first,,,"HAMILTON, Genevieve",Liberal,21978
Calwell,https://results.aec.gov.au/24310/Website/HouseDivisionPage-24310-203.htm,https://results.aec.gov.au/24310/Website/HouseDop-24310-203.htm,"VAMVAKINOU, Maria",Australian Labor Party,107507,87452,8884,96336,89.61,32876,0,first,,,"MORGAN, Polly",The Greens (VIC),5893
Calwell,https://results.aec.gov.au/24310/Website/HouseDivisionPage-24310-203.htm,https://results.aec.gov.au/24310/Website/HouseDop-24310-203.htm,"VAMVAKINOU, Maria",Australian Labor Party,107507,87452,8884,96336,89.61,32876,0,first,,,"SMALL, Jerome",Victorian Socialists,3984
Calwell,https://results.aec.gov.au/24310/Website/HouseDivisionPage-24310-203.htm,https://results.aec.gov.au/24310/Website/HouseDop-24310-203.htm,"VAMVAKINOU, Maria",Australian Labor Party,107507,87452,8884,96336,89.61,32876,0,first,,,"CHHABRA, Prakul",United Australia Party,3037
Calwell,https://results.aec.gov.au/24310/Website/HouseDivisionPage-24310-203.htm,https://results.aec.gov.au/24310/Website/HouseDop-24310-203.htm,"VAMVAKINOU, Maria",Australian Labor Party,107507,87452,8884,96336,89.61,32876,0,first,,,"KERR, Keith",Citizens Electoral Council,2851
Calwell,https://results.aec.gov.au/24310/Website/HouseDivisionPage-24310-203.htm,https://results.aec.gov.au/24310/Website/HouseDop-24310-203.htm,"VAMVAKINOU, Maria",Australian Labor Party,107507,87452,8884,96336,89.61,32876,0,first,,,"VAIL, Adam",FRASER ANNING'S CONSERVATIVE NATIONAL PARTY,1771
Calwell,https://results.aec.gov.au/24310/Website/HouseDivisionPage-24310-203.htm,https://results.aec.gov.au/24310/Website/HouseDop-24310-203.htm,"VAMVAKINOU, Maria",Australian Labor Party,107507,87452,8884,96336,89.61,32876,0,first,,,"BYRNE, Peter",Socialist Equality Party,823
Calwell,https://results.aec.gov.au/24310/Website/HouseDivisionPage-24310-203.htm,https://results.aec.gov.au/24310/Website/HouseDop-24310-203.htm,"VAMVAKINOU, Maria",Australian Labor Party,107507,87452,8884,96336,89.61,32876,1,transfer,"BYRNE, Peter",Socialist Equality Party,"CHHABRA, Prakul",United Australia Party,132
Calwell,https://results.aec.gov.au/24310/Website/HouseDivisionPage-24310-203.htm,https://results.aec.gov.au/24310/Website/HouseDop-24310-203.htm,"VAMVAKINOU, Maria",Australian Labor Party,107507,87452,8884,96336,89.61,32876,1,transfer,"BYRNE, Peter",Socialist Equality Party,"HAMILTON, Genevieve",Liberal,106
Calwell,https://results.aec.gov.au/24310/Website/HouseDivisionPage-24310-203.htm,https://results.aec.gov.au/24310/Website/HouseDop-24310-203.htm,"VAMVAKINOU, Maria",Australian Labor Party,107507,87452,8884,96336,89.61,32876,1,transfer,"BYRNE, Peter",Socialist Equality Party,"KERR, Keith",Citizens Electoral Council,101
Calwell,https://results.aec.gov.au/24310/Website/HouseDivisionPage-24310-203.htm,https://results.aec.gov.au/24310/Website/HouseDop-24310-203.htm,"VAMVAKINOU, Maria",Australian Labor Party,107507,87452,8884,96336,89.61,32876,1,transfer,"BYRNE, Peter",Socialist Equality Party,"MORGAN, Polly",The Greens (VIC),111
Calwell,https://results.aec.gov.au/24310/Website/HouseDivisionPage-24310-203.htm,https://results.aec.gov.au/24310/Website/HouseDop-24310-203.htm,"VAMVAKINOU, Maria",Australian Labor Party,107507,87452,8884,96336,89.61,32876,1,transfer,"BYRNE, Peter",Socialist Equality Party,"SMALL, Jerome",Victorian Socialists,164
Calwell,https://results.aec.gov.au/24310/Website/HouseDivisionPage-24310-203.htm,https://results.aec.gov.au/24310/Website/HouseDop-24310-203.htm,"VAMVAKINOU, Maria",Australian Labor Party,107507,87452,8884,96336,89.61,32876,1,transfer,"BYRNE, Peter",Socialist Equality Party,"VAIL, Adam",FRASER ANNING'S CONSERVATIVE NATIONAL PARTY,61
Calwell,https://results.aec.gov.au/24310/Website/HouseDivisionPage-24310-203.htm,https://results.aec.gov.au/24310/Website/HouseDop-24310-203.htm,"VAMVAKINOU, Maria",Australian Labor Party,107507,87452,8884,96336,89.61,32876,1,transfer,"BYRNE, Peter",Socialist Equality Party,"VAMVAKINOU, Maria",Australian Labor Party,148
Calwell,https://results.aec.gov.au/24310/Website/HouseDivisionPage-24310-203.htm,https://results.aec.gov.au/24310/Website/HouseDop-24310-203.htm,"VAMVAKINOU, Maria",Australian Labor Party,107507,87452,8884,96336,89.61,32876,1,progressive,"BYRNE, Peter",Socialist Equality Party,"VAMVAKINOU, Maria",Australian Labor Party,47263
Calwell,https://results.aec.gov.au/24310/Website/HouseDivisionPage-24310-203.htm,https://results.aec.gov.au/24310/Website/HouseDop-24310-203.htm,"VAMVAKINOU, Maria",Australian Labor Party,107507,87452,8884,96336,89.61,32876,1,progressive,"BYRNE, Peter",Socialist Equality Party,"HAMILTON, Genevieve",Liberal,22084
Calwell,https://results.aec.gov.au/24310/Website/HouseDivisionPage-24310-203.htm,https://results.aec.gov.au/24310/Website/HouseDop-24310-203.htm,"VAMVAKINOU, Maria",Australian Labor Party,107507,87452,8884,96336,89.61,32876,1,progressive,"BYRNE, Peter",Socialist Equality Party,"MORGAN, Polly",The Greens (VIC),6004
Calwell,https://results.aec.gov.au/24310/Website/HouseDivisionPage-24310-203.htm,https://results.aec.gov.au/24310/Website/HouseDop-24310-203.htm,"VAMVAKINOU, Maria",Australian Labor Party,107507,87452,8884,96336,89.61,32876,1,progressive,"BYRNE, Peter",Socialist Equality Party,"SMALL, Jerome",Victorian Socialists,4148
Calwell,https://results.aec.gov.au/24310/Website/HouseDivisionPage-24310-203.htm,https://results.aec.gov.au/24310/Website/HouseDop-24310-203.htm,"VAMVAKINOU, Maria",Australian Labor Party,107507,87452,8884,96336,89.61,32876,1,progressive,"BYRNE, Peter",Socialist Equality Party,"CHHABRA, Prakul",United Australia Party,3169
Calwell,https://results.aec.gov.au/24310/Website/HouseDivisionPage-24310-203.htm,https://results.aec.gov.au/24310/Website/HouseDop-24310-203.htm,"VAMVAKINOU, Maria",Australian Labor Party,107507,87452,8884,96336,89.61,32876,1,progressive,"BYRNE, Peter",Socialist Equality Party,"KERR, Keith",Citizens Electoral Council,2952
Calwell,https://results.aec.gov.au/24310/Website/HouseDivisionPage-24310-203.htm,https://results.aec.gov.au/24310/Website/HouseDop-24310-203.htm,"VAMVAKINOU, Maria",Australian Labor Party,107507,87452,8884,96336,89.61,32876,1,progressive,"BYRNE, Peter",Socialist Equality Party,"VAIL, Adam",FRASER ANNING'S CONSERVATIVE NATIONAL PARTY,1832
Calwell,https://results.aec.gov.au/24310/Website/HouseDivisionPage-24310-203.htm,https://results.aec.gov.au/24310/Website/HouseDop-24310-203.htm,"VAMVAKINOU, Maria",Australian Labor Party,107507,87452,8884,96336,89.61,32876,2,transfer,"VAIL, Adam",FRASER ANNING'S CONSERVATIVE NATIONAL PARTY,"CHHABRA, Prakul",United Australia Party,487
Calwell,https://results.aec.gov.au/24310/Website/HouseDivisionPage-24310-203.htm,https://results.aec.gov.au/24310/Website/HouseDop-24310-203.htm,"VAMVAKINOU, Maria",Australian Labor Party,107507,87452,8884,96336,89.61,32876,2,transfer,"VAIL, Adam",FRASER ANNING'S CONSERVATIVE NATIONAL PARTY,"HAMILTON, Genevieve",Liberal,346
Calwell,https://results.aec.gov.au/24310/Website/HouseDivisionPage-24310-203.htm,https://results.aec.gov.au/24310/Website/HouseDop-24310-203.htm,"VAMVAKINOU, Maria",Australian Labor Party,107507,87452,8884,96336,89.61,32876,2,transfer,"VAIL, Adam",FRASER ANNING'S CONSERVATIVE NATIONAL PARTY,"KERR, Keith",Citizens Electoral Council,339
Calwell,https://results.aec.gov.au/24310/Website/HouseDivisionPage-24310-203.htm,https://results.aec.gov.au/24310/Website/HouseDop-24310-203.htm,"VAMVAKINOU, Maria",Australian Labor Party,107507,87452,8884,96336,89.61,32876,2,transfer,"VAIL, Adam",FRASER ANNING'S CONSERVATIVE NATIONAL PARTY,"MORGAN, Polly",The Greens (VIC),125
Calwell,https://results.aec.gov.au/24310/Website/HouseDivisionPage-24310-203.htm,https://results.aec.gov.au/24310/Website/HouseDop-24310-203.htm,"VAMVAKINOU, Maria",Australian Labor Party,107507,87452,8884,96336,89.61,32876,2,transfer,"VAIL, Adam",FRASER ANNING'S CONSERVATIVE NATIONAL PARTY,"SMALL, Jerome",Victorian Socialists,213
Calwell,https://results.aec.gov.au/24310/Website/HouseDivisionPage-24310-203.htm,https://results.aec.gov.au/24310/Website/HouseDop-24310-203.htm,"VAMVAKINOU, Maria",Australian Labor Party,107507,87452,8884,96336,89.61,32876,2,transfer,"VAIL, Adam",FRASER ANNING'S CONSERVATIVE NATIONAL PARTY,"VAMVAKINOU, Maria",Australian Labor Party,322
Calwell,https://results.aec.gov.au/24310/Website/HouseDivisionPage-24310-203.htm,https://results.aec.gov.au/24310/Website/HouseDop-24310-203.htm,"VAMVAKINOU, Maria",Australian Labor Party,107507,87452,8884,96336,89.61,32876,2,progressive,"VAIL, Adam",FRASER ANNING'S CONSERVATIVE NATIONAL PARTY,"VAMVAKINOU, Maria",Australian Labor Party,47585
Calwell,https://results.aec.gov.au/24310/Website/HouseDivisionPage-24310-203.htm,https://results.aec.gov.au/24310/Website/HouseDop-24310-203.htm,"VAMVAKINOU, Maria",Australian Labor Party,107507,87452,8884,96336,89.61,32876,2,progressive,"VAIL, Adam",FRASER ANNING'S CONSERVATIVE NATIONAL PARTY,"HAMILTON, Genevieve",Liberal,22430
Calwell,https://results.aec.gov.au/24310/Website/HouseDivisionPage-24310-203.htm,https://results.aec.gov.au/24310/Website/HouseDop-24310-203.htm,"VAMVAKINOU, Maria",Australian Labor Party,107507,87452,8884,96336,89.61,32876,2,progressive,"VAIL, Adam",FRASER ANNING'S CONSERVATIVE NATIONAL PARTY,"MORGAN, Polly",The Greens (VIC),6129
Calwell,https://results.aec.gov.au/24310/Website/HouseDivisionPage-24310-203.htm,https://results.aec.gov.au/24310/Website/HouseDop-24310-203.htm,"VAMVAKINOU, Maria",Australian Labor Party,107507,87452,8884,96336,89.61,32876,2,progressive,"VAIL, Adam",FRASER ANNING'S CONSERVATIVE NATIONAL PARTY,"SMALL, Jerome",Victorian Socialists,4361
Calwell,https://results.aec.gov.au/24310/Website/HouseDivisionPage-24310-203.htm,https://results.aec.gov.au/24310/Website/HouseDop-24310-203.htm,"VAMVAKINOU, Maria",Australian Labor Party,107507,87452,8884,96336,89.61,32876,2,progressive,"VAIL, Adam",FRASER ANNING'S CONSERVATIVE NATIONAL PARTY,"CHHABRA, Prakul",United Australia Party,3656
Calwell,https://results.aec.gov.au/24310/Website/HouseDivisionPage-24310-203.htm,https://results.aec.gov.au/24310/Website/HouseDop-24310-203.htm,"VAMVAKINOU, Maria",Australian Labor Party,107507,87452,8884,96336,89.61,32876,2,progressive,"VAIL, Adam",FRASER ANNING'S CONSERVATIVE NATIONAL PARTY,"KERR, Keith",Citizens Electoral Council,3291
Calwell,https://results.aec.gov.au/24310/Website/HouseDivisionPage-24310-203.htm,https://results.aec.gov.au/24310/Website/HouseDop-24310-203.htm,"VAMVAKINOU, Maria",Australian Labor Party,107507,87452,8884,96336,89.61,32876,3,transfer,"KERR, Keith",Citizens Electoral Council,"CHHABRA, Prakul",United Australia Party,298
Calwell,https://results.aec.gov.au/24310/Website/HouseDivisionPage-24310-203.htm,https://results.aec.gov.au/24310/Website/HouseDop-24310-203.htm,"VAMVAKINOU, Maria",Australian Labor Party,107507,87452,8884,96336,89.61,32876,3,transfer,"KERR, Keith",Citizens Electoral Council,"HAMILTON, Genevieve",Liberal,382
Calwell,https://results.aec.gov.au/24310/Website/HouseDivisionPage-24310-203.htm,https://results.aec.gov.au/24310/Website/HouseDop-24310-203.htm,"VAMVAKINOU, Maria",Australian Labor Party,107507,87452,8884,96336,89.61,32876,3,transfer,"KERR, Keith",Citizens Electoral Council,"MORGAN, Polly",The Greens (VIC),1387
Calwell,https://results.aec.gov.au/24310/Website/HouseDivisionPage-24310-203.htm,https://results.aec.gov.au/24310/Website/HouseDop-24310-203.htm,"VAMVAKINOU, Maria",Australian Labor Party,107507,87452,8884,96336,89.61,32876,3,transfer,"KERR, Keith",Citizens Electoral Council,"SMALL, Jerome",Victorian Socialists,358
Calwell,https://results.aec.gov.au/24310/Website/HouseDivisionPage-24310-203.htm,https://results.aec.gov.au/24310/Website/HouseDop-24310-203.htm,"VAMVAKINOU, Maria",Australian Labor Party,107507,87452,8884,96336,89.61,32876,3,transfer,"KERR, Keith",Citizens Electoral Council,"VAMVAKINOU, Maria",Australian Labor Party,866
Calwell,https://results.aec.gov.au/24310/Website/HouseDivisionPage-24310-203.htm,https://results.aec.gov.au/24310/Website/HouseDop-24310-203.htm,"VAMVAKINOU, Maria",Australian Labor Party,107507,87452,8884,96336,89.61,32876,3,progressive,"KERR, Keith",Citizens Electoral Council,"VAMVAKINOU, Maria",Australian Labor Party,48451
Calwell,https://results.aec.gov.au/24310/Website/HouseDivisionPage-24310-203.htm,https://results.aec.gov.au/24310/Website/HouseDop-24310-203.htm,"VAMVAKINOU, Maria",Australian Labor Party,107507,87452,8884,96336,89.61,32876,3,progressive,"KERR, Keith",Citizens Electoral Council,"HAMILTON, Genevieve",Liberal,22812
Calwell,https://results.aec.gov.au/24310/Website/HouseDivisionPage-24310-203.htm,https://results.aec.gov.au/24310/Website/HouseDop-24310-203.htm,"VAMVAKINOU, Maria",Australian Labor Party,107507,87452,8884,96336,89.61,32876,3,progressive,"KERR, Keith",Citizens Electoral Council,"MORGAN, Polly",The Greens (VIC),7516
Calwell,https://results.aec.gov.au/24310/Website/HouseDivisionPage-24310-203.htm,https://results.aec.gov.au/24310/Website/HouseDop-24310-203.htm,"VAMVAKINOU, Maria",Australian Labor Party,107507,87452,8884,96336,89.61,32876,3,progressive,"KERR, Keith",Citizens Electoral Council,"SMALL, Jerome",Victorian Socialists,4719
Calwell,https://results.aec.gov.au/24310/Website/HouseDivisionPage-24310-203.htm,https://results.aec.gov.au/24310/Website/HouseDop-24310-203.htm,"VAMVAKINOU, Maria",Australian Labor Party,107507,87452,8884,96336,89.61,32876,3,progressive,"KERR, Keith",Citizens Electoral Council,"CHHABRA, Prakul",United Australia Party,3954
Calwell,https://results.aec.gov.au/24310/Website/HouseDivisionPage-24310-203.htm,https://results.aec.gov.au/24310/Website/HouseDop-24310-203.htm,"VAMVAKINOU, Maria",Australian Labor Party,107507,87452,8884,96336,89.61,32876,4,transfer,"CHHABRA, Prakul",United Australia Party,"HAMILTON, Genevieve",Liberal,1592
Calwell,https://results.aec.gov.au/24310/Website/HouseDivisionPage-24310-203.htm,https://results.aec.gov.au/24310/Website/HouseDop-24310-203.htm,"VAMVAKINOU, Maria",Australian Labor Party,107507,87452,8884,96336,89.61,32876,4,transfer,"CHHABRA, Prakul",United Australia Party,"MORGAN, Polly",The Greens (VIC),618
Calwell,https://results.aec.gov.au/24310/Website/HouseDivisionPage-24310-203.htm,https://results.aec.gov.au/24310/Website/HouseDop-24310-203.htm,"VAMVAKINOU, Maria",Australian Labor Party,107507,87452,8884,96336,89.61,32876,4,transfer,"CHHABRA, Prakul",United Australia Party,"SMALL, Jerome",Victorian Socialists,797
Calwell,https://results.aec.gov.au/24310/Website/HouseDivisionPage-24310-203.htm,https://results.aec.gov.au/24310/Website/HouseDop-24310-203.htm,"VAMVAKINOU, Maria",Australian Labor Party,107507,87452,8884,96336,89.61,32876,4,transfer,"CHHABRA, Prakul",United Australia Party,"VAMVAKINOU, Maria",Australian Labor Party,947
Calwell,https://results.aec.gov.au/24310/Website/HouseDivisionPage-24310-203.htm,https://results.aec.gov.au/24310/Website/HouseDop-24310-203.htm,"VAMVAKINOU, Maria",Australian Labor Party,107507,87452,8884,96336,89.61,32876,4,progressive,"CHHABRA, Prakul",United Australia Party,"VAMVAKINOU, Maria",Australian Labor Party,49398
Calwell,https://results.aec.gov.au/24310/Website/HouseDivisionPage-24310-203.htm,https://results.aec.gov.au/24310/Website/HouseDop-24310-203.htm,"VAMVAKINOU, Maria",Australian Labor Party,107507,87452,8884,96336,89.61,32876,4,progressive,"CHHABRA, Prakul",United Australia Party,"HAMILTON, Genevieve",Liberal,24404
Calwell,https://results.aec.gov.au/24310/Website/HouseDivisionPage-24310-203.htm,https://results.aec.gov.au/24310/Website/HouseDop-24310-203.htm,"VAMVAKINOU, Maria",Australian Labor Party,107507,87452,8884,96336,89.61,32876,4,progressive,"CHHABRA, Prakul",United Australia Party,"MORGAN, Polly",The Greens (VIC),8134
Calwell,https://results.aec.gov.au/24310/Website/HouseDivisionPage-24310-203.htm,https://results.aec.gov.au/24310/Website/HouseDop-24310-203.htm,"VAMVAKINOU, Maria",Australian Labor Party,107507,87452,8884,96336,89.61,32876,4,progressive,"CHHABRA, Prakul",United Australia Party,"SMALL, Jerome",Victorian Socialists,5516
Calwell,https://results.aec.gov.au/24310/Website/HouseDivisionPage-24310-203.htm,https://results.aec.gov.au/24310/Website/HouseDop-24310-203.htm,"VAMVAKINOU, Maria",Australian Labor Party,107507,87452,8884,96336,89.61,32876,5,transfer,"SMALL, Jerome",Victorian Socialists,"HAMILTON, Genevieve",Liberal,1009
Calwell,https://results.aec.gov.au/24310/Website/HouseDivisionPage-24310-203.htm,https://results.aec.gov.au/24310/Website/HouseDop-24310-203.htm,"VAMVAKINOU, Maria",Australian Labor Party,107507,87452,8884,96336,89.61,32876,5,transfer,"SMALL, Jerome",Victorian Socialists,"MORGAN, Polly",The Greens (VIC),1866
Calwell,https://results.aec.gov.au/24310/Website/HouseDivisionPage-24310-203.htm,https://results.aec.gov.au/24310/Website/HouseDop-24310-203.htm,"VAMVAKINOU, Maria",Australian Labor Party,107507,87452,8884,96336,89.61,32876,5,transfer,"SMALL, Jerome",Victorian Socialists,"VAMVAKINOU, Maria",Australian Labor Party,2641
Calwell,https://results.aec.gov.au/24310/Website/HouseDivisionPage-24310-203.htm,https://results.aec.gov.au/24310/Website/HouseDop-24310-203.htm,"VAMVAKINOU, Maria",Australian Labor Party,107507,87452,8884,96336,89.61,32876,5,progressive,"SMALL, Jerome",Victorian Socialists,"VAMVAKINOU, Maria",Australian Labor Party,52039
Calwell,https://results.aec.gov.au/24310/Website/HouseDivisionPage-24310-203.htm,https://results.aec.gov.au/24310/Website/HouseDop-24310-203.htm,"VAMVAKINOU, Maria",Australian Labor Party,107507,87452,8884,96336,89.61,32876,5,progressive,"SMALL, Jerome",Victorian Socialists,"HAMILTON, Genevieve",Liberal,25413
Calwell,https://results.aec.gov.au/24310/Website/HouseDivisionPage-24310-203.htm,https://results.aec.gov.au/24310/Website/HouseDop-24310-203.htm,"VAMVAKINOU, Maria",Australian Labor Party,107507,87452,8884,96336,89.61,32876,5,progressive,"SMALL, Jerome",Victorian Socialists,"MORGAN, Polly",The Greens (VIC),10000
Calwell,https://results.aec.gov.au/24310/Website/HouseDivisionPage-24310-203.htm,https://results.aec.gov.au/24310/Website/HouseDop-24310-203.htm,"VAMVAKINOU, Maria",Australian Labor Party,107507,87452,8884,96336,89.61,32876,6,transfer,"MORGAN, Polly",The Greens (VIC),"HAMILTON, Genevieve",Liberal,1875
Calwell,https://results.aec.gov.au/24310/Website/HouseDivisionPage-24310-203.htm,https://results.aec.gov.au/24310/Website/HouseDop-24310-203.htm,"VAMVAKINOU, Maria",Australian Labor Party,107507,87452,8884,96336,89.61,32876,6,transfer,"MORGAN, Polly",The Greens (VIC),"VAMVAKINOU, Maria",Australian Labor Party,8125
Calwell,https://results.aec.gov.au/24310/Website/HouseDivisionPage-24310-203.htm,https://results.aec.gov.au/24310/Website/HouseDop-24310-203.htm,"VAMVAKINOU, Maria",Australian Labor Party,107507,87452,8884,96336,89.61,32876,6,final,"MORGAN, Polly",The Greens (VIC),"VAMVAKINOU, Maria",Australian Labor Party,60164
Calwell,https://results.aec.gov.au/24310/Website/HouseDivisionPage-24310-203.htm,https://results.aec.gov.au/24310/Website/HouseDop-24310-203.htm,"VAMVAKINOU, Maria",Australian Labor Party,107507,87452,8884,96336,89.61,32876,6,final,"MORGAN, Polly",The Greens (VIC),"HAMILTON, Genevieve",Liberal,27288
Casey,https://results.aec.gov.au/24310/Website/HouseDivisionPage-24310-204.htm,https://results.aec.gov.au/24310/Website/HouseDop-24310-204.htm,"SMITH, Tony",Liberal,113307,99828,6892,106720,94.19,9274,0,first,,,"SMITH, Tony",Liberal,45168
Casey,https://results.aec.gov.au/24310/Website/HouseDivisionPage-24310-204.htm,https://results.aec.gov.au/24310/Website/HouseDop-24310-204.htm,"SMITH, Tony",Liberal,113307,99828,6892,106720,94.19,9274,0,first,,,"BRINDLE, Bill",Australian Labor Party,28551
Casey,https://results.aec.gov.au/24310/Website/HouseDivisionPage-24310-204.htm,https://results.aec.gov.au/24310/Website/HouseDop-24310-204.htm,"SMITH, Tony",Liberal,113307,99828,6892,106720,94.19,9274,0,first,,,"GAME-LOPATA, Jenny",The Greens (VIC),10919
Casey,https://results.aec.gov.au/24310/Website/HouseDivisionPage-24310-204.htm,https://results.aec.gov.au/24310/Website/HouseDop-24310-204.htm,"SMITH, Tony",Liberal,113307,99828,6892,106720,94.19,9274,0,first,,,"CLARK, Ryan Leslie",Derryn Hinch's Justice Party,3309
Casey,https://results.aec.gov.au/24310/Website/HouseDivisionPage-24310-204.htm,https://results.aec.gov.au/24310/Website/HouseDop-24310-204.htm,"SMITH, Tony",Liberal,113307,99828,6892,106720,94.19,9274,0,first,,,"BARKER, Travis",Animal Justice Party,3105
Casey,https://results.aec.gov.au/24310/Website/HouseDivisionPage-24310-204.htm,https://results.aec.gov.au/24310/Website/HouseDop-24310-204.htm,"SMITH, Tony",Liberal,113307,99828,6892,106720,94.19,9274,0,first,,,"STARKEY, Wendy",United Australia Party,2607
Casey,https://results.aec.gov.au/24310/Website/HouseDivisionPage-24310-204.htm,https://results.aec.gov.au/24310/Website/HouseDop-24310-204.htm,"SMITH, Tony",Liberal,113307,99828,6892,106720,94.19,9274,0,first,,,"CHARLETON, Peter",Independent,2302
Casey,https://results.aec.gov.au/24310/Website/HouseDivisionPage-24310-204.htm,https://results.aec.gov.au/24310/Website/HouseDop-24310-204.htm,"SMITH, Tony",Liberal,113307,99828,6892,106720,94.19,9274,0,first,,,"McPHEE, Ross",Labour DLP,2246
Casey,https://results.aec.gov.au/24310/Website/HouseDivisionPage-24310-204.htm,https://results.aec.gov.au/24310/Website/HouseDop-24310-204.htm,"SMITH, Tony",Liberal,113307,99828,6892,106720,94.19,9274,0,first,,,"CALABRO, Antony",Rise Up Australia Party,820
Casey,https://results.aec.gov.au/24310/Website/HouseDivisionPage-24310-204.htm,https://results.aec.gov.au/24310/Website/HouseDop-24310-204.htm,"SMITH, Tony",Liberal,113307,99828,6892,106720,94.19,9274,0,first,,,"O'CONNOR, Jayden",The Great Australian Party,801
Casey,https://results.aec.gov.au/24310/Website/HouseDivisionPage-24310-204.htm,https://results.aec.gov.au/24310/Website/HouseDop-24310-204.htm,"SMITH, Tony",Liberal,113307,99828,6892,106720,94.19,9274,1,transfer,"O'CONNOR, Jayden",The Great Australian Party,"BARKER, Travis",Animal Justice Party,57
Casey,https://results.aec.gov.au/24310/Website/HouseDivisionPage-24310-204.htm,https://results.aec.gov.au/24310/Website/HouseDop-24310-204.htm,"SMITH, Tony",Liberal,113307,99828,6892,106720,94.19,9274,1,transfer,"O'CONNOR, Jayden",The Great Australian Party,"BRINDLE, Bill",Australian Labor Party,81
Casey,https://results.aec.gov.au/24310/Website/HouseDivisionPage-24310-204.htm,https://results.aec.gov.au/24310/Website/HouseDop-24310-204.htm,"SMITH, Tony",Liberal,113307,99828,6892,106720,94.19,9274,1,transfer,"O'CONNOR, Jayden",The Great Australian Party,"CALABRO, Antony",Rise Up Australia Party,118
Casey,https://results.aec.gov.au/24310/Website/HouseDivisionPage-24310-204.htm,https://results.aec.gov.au/24310/Website/HouseDop-24310-204.htm,"SMITH, Tony",Liberal,113307,99828,6892,106720,94.19,9274,1,transfer,"O'CONNOR, Jayden",The Great Australian Party,"CHARLETON, Peter",Independent,120
Casey,https://results.aec.gov.au/24310/Website/HouseDivisionPage-24310-204.htm,https://results.aec.gov.au/24310/Website/HouseDop-24310-204.htm,"SMITH, Tony",Liberal,113307,99828,6892,106720,94.19,9274,1,transfer,"O'CONNOR, Jayden",The Great Australian Party,"CLARK, Ryan Leslie",Derryn Hinch's Justice Party,67
Casey,https://results.aec.gov.au/24310/Website/HouseDivisionPage-24310-204.htm,https://results.aec.gov.au/24310/Website/HouseDop-24310-204.htm,"SMITH, Tony",Liberal,113307,99828,6892,106720,94.19,9274,1,transfer,"O'CONNOR, Jayden",The Great Australian Party,"GAME-LOPATA, Jenny",The Greens (VIC),118
Casey,https://results.aec.gov.au/24310/Website/HouseDivisionPage-24310-204.htm,https://results.aec.gov.au/24310/Website/HouseDop-24310-204.htm,"SMITH, Tony",Liberal,113307,99828,6892,106720,94.19,9274,1,transfer,"O'CONNOR, Jayden",The Great Australian Party,"McPHEE, Ross",Labour DLP,60
Casey,https://results.aec.gov.au/24310/Website/HouseDivisionPage-24310-204.htm,https://results.aec.gov.au/24310/Website/HouseDop-24310-204.htm,"SMITH, Tony",Liberal,113307,99828,6892,106720,94.19,9274,1,transfer,"O'CONNOR, Jayden",The Great Australian Party,"SMITH, Tony",Liberal,82
Casey,https://results.aec.gov.au/24310/Website/HouseDivisionPage-24310-204.htm,https://results.aec.gov.au/24310/Website/HouseDop-24310-204.htm,"SMITH, Tony",Liberal,113307,99828,6892,106720,94.19,9274,1,transfer,"O'CONNOR, Jayden",The Great Australian Party,"STARKEY, Wendy",United Australia Party,98
Casey,https://results.aec.gov.au/24310/Website/HouseDivisionPage-24310-204.htm,https://results.aec.gov.au/24310/Website/HouseDop-24310-204.htm,"SMITH, Tony",Liberal,113307,99828,6892,106720,94.19,9274,1,progressive,"O'CONNOR, Jayden",The Great Australian Party,"SMITH, Tony",Liberal,45250
Casey,https://results.aec.gov.au/24310/Website/HouseDivisionPage-24310-204.htm,https://results.aec.gov.au/24310/Website/HouseDop-24310-204.htm,"SMITH, Tony",Liberal,113307,99828,6892,106720,94.19,9274,1,progressive,"O'CONNOR, Jayden",The Great Australian Party,"BRINDLE, Bill",Australian Labor Party,28632
Casey,https://results.aec.gov.au/24310/Website/HouseDivisionPage-24310-204.htm,https://results.aec.gov.au/24310/Website/HouseDop-24310-204.htm,"SMITH, Tony",Liberal,113307,99828,6892,106720,94.19,9274,1,progressive,"O'CONNOR, Jayden",The Great Australian Party,"GAME-LOPATA, Jenny",The Greens (VIC),11037
Casey,https://results.aec.gov.au/24310/Website/HouseDivisionPage-24310-204.htm,https://results.aec.gov.au/24310/Website/HouseDop-24310-204.htm,"SMITH, Tony",Liberal,113307,99828,6892,106720,94.19,9274,1,progressive,"O'CONNOR, Jayden",The Great Australian Party,"CLARK, Ryan Leslie",Derryn Hinch's Justice Party,3376
Casey,https://results.aec.gov.au/24310/Website/HouseDivisionPage-24310-204.htm,https://results.aec.gov.au/24310/Website/HouseDop-24310-204.htm,"SMITH, Tony",Liberal,113307,99828,6892,106720,94.19,9274,1,progressive,"O'CONNOR, Jayden",The Great Australian Party,"BARKER, Travis",Animal Justice Party,3162
Casey,https://results.aec.gov.au/24310/Website/HouseDivisionPage-24310-204.htm,https://results.aec.gov.au/24310/Website/HouseDop-24310-204.htm,"SMITH, Tony",Liberal,113307,99828,6892,106720,94.19,9274,1,progressive,"O'CONNOR, Jayden",The Great Australian Party,"STARKEY, Wendy",United Australia Party,2705
Casey,https://results.aec.gov.au/24310/Website/HouseDivisionPage-24310-204.htm,https://results.aec.gov.au/24310/Website/HouseDop-24310-204.htm,"SMITH, Tony",Liberal,113307,99828,6892,106720,94.19,9274,1,progressive,"O'CONNOR, Jayden",The Great Australian Party,"CHARLETON, Peter",Independent,2422
Casey,https://results.aec.gov.au/24310/Website/HouseDivisionPage-24310-204.htm,https://results.aec.gov.au/24310/Website/HouseDop-24310-204.htm,"SMITH, Tony",Liberal,113307,99828,6892,106720,94.19,9274,1,progressive,"O'CONNOR, Jayden",The Great Australian Party,"McPHEE, Ross",Labour DLP,2306
Casey,https://results.aec.gov.au/24310/Website/HouseDivisionPage-24310-204.htm,https://results.aec.gov.au/24310/Website/HouseDop-24310-204.htm,"SMITH, Tony",Liberal,113307,99828,6892,106720,94.19,9274,1,progressive,"O'CONNOR, Jayden",The Great Australian Party,"CALABRO, Antony",Rise Up Australia Party,938
Casey,https://results.aec.gov.au/24310/Website/HouseDivisionPage-24310-204.htm,https://results.aec.gov.au/24310/Website/HouseDop-24310-204.htm,"SMITH, Tony",Liberal,113307,99828,6892,106720,94.19,9274,2,transfer,"CALABRO, Antony",Rise Up Australia Party,"BARKER, Travis",Animal Justice Party,92
Casey,https://results.aec.gov.au/24310/Website/HouseDivisionPage-24310-204.htm,https://results.aec.gov.au/24310/Website/HouseDop-24310-204.htm,"SMITH, Tony",Liberal,113307,99828,6892,106720,94.19,9274,2,transfer,"CALABRO, Antony",Rise Up Australia Party,"BRINDLE, Bill",Australian Labor Party,36
Casey,https://results.aec.gov.au/24310/Website/HouseDivisionPage-24310-204.htm,https://results.aec.gov.au/24310/Website/HouseDop-24310-204.htm,"SMITH, Tony",Liberal,113307,99828,6892,106720,94.19,9274,2,transfer,"CALABRO, Antony",Rise Up Australia Party,"CHARLETON, Peter",Independent,216
Casey,https://results.aec.gov.au/24310/Website/HouseDivisionPage-24310-204.htm,https://results.aec.gov.au/24310/Website/HouseDop-24310-204.htm,"SMITH, Tony",Liberal,113307,99828,6892,106720,94.19,9274,2,transfer,"CALABRO, Antony",Rise Up Australia Party,"CLARK, Ryan Leslie",Derryn Hinch's Justice Party,73
Casey,https://results.aec.gov.au/24310/Website/HouseDivisionPage-24310-204.htm,https://results.aec.gov.au/24310/Website/HouseDop-24310-204.htm,"SMITH, Tony",Liberal,113307,99828,6892,106720,94.19,9274,2,transfer,"CALABRO, Antony",Rise Up Australia Party,"GAME-LOPATA, Jenny",The Greens (VIC),24
Casey,https://results.aec.gov.au/24310/Website/HouseDivisionPage-24310-204.htm,https://results.aec.gov.au/24310/Website/HouseDop-24310-204.htm,"SMITH, Tony",Liberal,113307,99828,6892,106720,94.19,9274,2,transfer,"CALABRO, Antony",Rise Up Australia Party,"McPHEE, Ross",Labour DLP,91
Casey,https://results.aec.gov.au/24310/Website/HouseDivisionPage-24310-204.htm,https://results.aec.gov.au/24310/Website/HouseDop-24310-204.htm,"SMITH, Tony",Liberal,113307,99828,6892,106720,94.19,9274,2,transfer,"CALABRO, Antony",Rise Up Australia Party,"SMITH, Tony",Liberal,176
Casey,https://results.aec.gov.au/24310/Website/HouseDivisionPage-24310-204.htm,https://results.aec.gov.au/24310/Website/HouseDop-24310-204.htm,"SMITH, Tony",Liberal,113307,99828,6892,106720,94.19,9274,2,transfer,"CALABRO, Antony",Rise Up Australia Party,"STARKEY, Wendy",United Australia Party,230
Casey,https://results.aec.gov.au/24310/Website/HouseDivisionPage-24310-204.htm,https://results.aec.gov.au/24310/Website/HouseDop-24310-204.htm,"SMITH, Tony",Liberal,113307,99828,6892,106720,94.19,9274,2,progressive,"CALABRO, Antony",Rise Up Australia Party,"SMITH, Tony",Liberal,45426
Casey,https://results.aec.gov.au/24310/Website/HouseDivisionPage-24310-204.htm,https://results.aec.gov.au/24310/Website/HouseDop-24310-204.htm,"SMITH, Tony",Liberal,113307,99828,6892,106720,94.19,9274,2,progressive,"CALABRO, Antony",Rise Up Australia Party,"BRINDLE, Bill",Australian Labor Party,28668
Casey,https://results.aec.gov.au/24310/Website/HouseDivisionPage-24310-204.htm,https://results.aec.gov.au/24310/Website/HouseDop-24310-204.htm,"SMITH, Tony",Liberal,113307,99828,6892,106720,94.19,9274,2,progressive,"CALABRO, Antony",Rise Up Australia Party,"GAME-LOPATA, Jenny",The Greens (VIC),11061
Casey,https://results.aec.gov.au/24310/Website/HouseDivisionPage-24310-204.htm,https://results.aec.gov.au/24310/Website/HouseDop-24310-204.htm,"SMITH, Tony",Liberal,113307,99828,6892,106720,94.19,9274,2,progressive,"CALABRO, Antony",Rise Up Australia Party,"CLARK, Ryan Leslie",Derryn Hinch's Justice Party,3449
Casey,https://results.aec.gov.au/24310/Website/HouseDivisionPage-24310-204.htm,https://results.aec.gov.au/24310/Website/HouseDop-24310-204.htm,"SMITH, Tony",Liberal,113307,99828,6892,106720,94.19,9274,2,progressive,"CALABRO, Antony",Rise Up Australia Party,"BARKER, Travis",Animal Justice Party,3254
Casey,https://results.aec.gov.au/24310/Website/HouseDivisionPage-24310-204.htm,https://results.aec.gov.au/24310/Website/HouseDop-24310-204.htm,"SMITH, Tony",Liberal,113307,99828,6892,106720,94.19,9274,2,progressive,"CALABRO, Antony",Rise Up Australia Party,"STARKEY, Wendy",United Australia Party,2935
Casey,https://results.aec.gov.au/24310/Website/HouseDivisionPage-24310-204.htm,https://results.aec.gov.au/24310/Website/HouseDop-24310-204.htm,"SMITH, Tony",Liberal,113307,99828,6892,106720,94.19,9274,2,progressive,"CALABRO, Antony",Rise Up Australia Party,"CHARLETON, Peter",Independent,2638
Casey,https://results.aec.gov.au/24310/Website/HouseDivisionPage-24310-204.htm,https://results.aec.gov.au/24310/Website/HouseDop-24310-204.htm,"SMITH, Tony",Liberal,113307,99828,6892,106720,94.19,9274,2,progressive,"CALABRO, Antony",Rise Up Australia Party,"McPHEE, Ross",Labour DLP,2397
Casey,https://results.aec.gov.au/24310/Website/HouseDivisionPage-24310-204.htm,https://results.aec.gov.au/24310/Website/HouseDop-24310-204.htm,"SMITH, Tony",Liberal,113307,99828,6892,106720,94.19,9274,3,transfer,"McPHEE, Ross",Labour DLP,"BARKER, Travis",Animal Justice Party,266
Casey,https://results.aec.gov.au/24310/Website/HouseDivisionPage-24310-204.htm,https://results.aec.gov.au/24310/Website/HouseDop-24310-204.htm,"SMITH, Tony",Liberal,113307,99828,6892,106720,94.19,9274,3,transfer,"McPHEE, Ross",Labour DLP,"BRINDLE, Bill",Australian Labor Party,712
Casey,https://results.aec.gov.au/24310/Website/HouseDivisionPage-24310-204.htm,https://results.aec.gov.au/24310/Website/HouseDop-24310-204.htm,"SMITH, Tony",Liberal,113307,99828,6892,106720,94.19,9274,3,transfer,"McPHEE, Ross",Labour DLP,"CHARLETON, Peter",Independent,335
Casey,https://results.aec.gov.au/24310/Website/HouseDivisionPage-24310-204.htm,https://results.aec.gov.au/24310/Website/HouseDop-24310-204.htm,"SMITH, Tony",Liberal,113307,99828,6892,106720,94.19,9274,3,transfer,"McPHEE, Ross",Labour DLP,"CLARK, Ryan Leslie",Derryn Hinch's Justice Party,199
Casey,https://results.aec.gov.au/24310/Website/HouseDivisionPage-24310-204.htm,https://results.aec.gov.au/24310/Website/HouseDop-24310-204.htm,"SMITH, Tony",Liberal,113307,99828,6892,106720,94.19,9274,3,transfer,"McPHEE, Ross",Labour DLP,"GAME-LOPATA, Jenny",The Greens (VIC),217
Casey,https://results.aec.gov.au/24310/Website/HouseDivisionPage-24310-204.htm,https://results.aec.gov.au/24310/Website/HouseDop-24310-204.htm,"SMITH, Tony",Liberal,113307,99828,6892,106720,94.19,9274,3,transfer,"McPHEE, Ross",Labour DLP,"SMITH, Tony",Liberal,466
Casey,https://results.aec.gov.au/24310/Website/HouseDivisionPage-24310-204.htm,https://results.aec.gov.au/24310/Website/HouseDop-24310-204.htm,"SMITH, Tony",Liberal,113307,99828,6892,106720,94.19,9274,3,transfer,"McPHEE, Ross",Labour DLP,"STARKEY, Wendy",United Australia Party,202
Casey,https://results.aec.gov.au/24310/Website/HouseDivisionPage-24310-204.htm,https://results.aec.gov.au/24310/Website/HouseDop-24310-204.htm,"SMITH, Tony",Liberal,113307,99828,6892,106720,94.19,9274,3,progressive,"McPHEE, Ross",Labour DLP,"SMITH, Tony",Liberal,45892
Casey,https://results.aec.gov.au/24310/Website/HouseDivisionPage-24310-204.htm,https://results.aec.gov.au/24310/Website/HouseDop-24310-204.htm,"SMITH, Tony",Liberal,113307,99828,6892,106720,94.19,9274,3,progressive,"McPHEE, Ross",Labour DLP,"BRINDLE, Bill",Australian Labor Party,29380
Casey,https://results.aec.gov.au/24310/Website/HouseDivisionPage-24310-204.htm,https://results.aec.gov.au/24310/Website/HouseDop-24310-204.htm,"SMITH, Tony",Liberal,113307,99828,6892,106720,94.19,9274,3,progressive,"McPHEE, Ross",Labour DLP,"GAME-LOPATA, Jenny",The Greens (VIC),11278
Casey,https://results.aec.gov.au/24310/Website/HouseDivisionPage-24310-204.htm,https://results.aec.gov.au/24310/Website/HouseDop-24310-204.htm,"SMITH, Tony",Liberal,113307,99828,6892,106720,94.19,9274,3,progressive,"McPHEE, Ross",Labour DLP,"CLARK, Ryan Leslie",Derryn Hinch's Justice Party,3648
Casey,https://results.aec.gov.au/24310/Website/HouseDivisionPage-24310-204.htm,https://results.aec.gov.au/24310/Website/HouseDop-24310-204.htm,"SMITH, Tony",Liberal,113307,99828,6892,106720,94.19,9274,3,progressive,"McPHEE, Ross",Labour DLP,"BARKER, Travis",Animal Justice Party,3520
Casey,https://results.aec.gov.au/24310/Website/HouseDivisionPage-24310-204.htm,https://results.aec.gov.au/24310/Website/HouseDop-24310-204.htm,"SMITH, Tony",Liberal,113307,99828,6892,106720,94.19,9274,3,progressive,"McPHEE, Ross",Labour DLP,"STARKEY, Wendy",United Australia Party,3137
Casey,https://results.aec.gov.au/24310/Website/HouseDivisionPage-24310-204.htm,https://results.aec.gov.au/24310/Website/HouseDop-24310-204.htm,"SMITH, Tony",Liberal,113307,99828,6892,106720,94.19,9274,3,progressive,"McPHEE, Ross",Labour DLP,"CHARLETON, Peter",Independent,2973
Casey,https://results.aec.gov.au/24310/Website/HouseDivisionPage-24310-204.htm,https://results.aec.gov.au/24310/Website/HouseDop-24310-204.htm,"SMITH, Tony",Liberal,113307,99828,6892,106720,94.19,9274,4,transfer,"CHARLETON, Peter",Independent,"BARKER, Travis",Animal Justice Party,992
Casey,https://results.aec.gov.au/24310/Website/HouseDivisionPage-24310-204.htm,https://results.aec.gov.au/24310/Website/HouseDop-24310-204.htm,"SMITH, Tony",Liberal,113307,99828,6892,106720,94.19,9274,4,transfer,"CHARLETON, Peter",Independent,"BRINDLE, Bill",Australian Labor Party,347
Casey,https://results.aec.gov.au/24310/Website/HouseDivisionPage-24310-204.htm,https://results.aec.gov.au/24310/Website/HouseDop-24310-204.htm,"SMITH, Tony",Liberal,113307,99828,6892,106720,94.19,9274,4,transfer,"CHARLETON, Peter",Independent,"CLARK, Ryan Leslie",Derryn Hinch's Justice Party,495
Casey,https://results.aec.gov.au/24310/Website/HouseDivisionPage-24310-204.htm,https://results.aec.gov.au/24310/Website/HouseDop-24310-204.htm,"SMITH, Tony",Liberal,113307,99828,6892,106720,94.19,9274,4,transfer,"CHARLETON, Peter",Independent,"GAME-LOPATA, Jenny",The Greens (VIC),266
Casey,https://results.aec.gov.au/24310/Website/HouseDivisionPage-24310-204.htm,https://results.aec.gov.au/24310/Website/HouseDop-24310-204.htm,"SMITH, Tony",Liberal,113307,99828,6892,106720,94.19,9274,4,transfer,"CHARLETON, Peter",Independent,"SMITH, Tony",Liberal,412
Casey,https://results.aec.gov.au/24310/Website/HouseDivisionPage-24310-204.htm,https://results.aec.gov.au/24310/Website/HouseDop-24310-204.htm,"SMITH, Tony",Liberal,113307,99828,6892,106720,94.19,9274,4,transfer,"CHARLETON, Peter",Independent,"STARKEY, Wendy",United Australia Party,461
Casey,https://results.aec.gov.au/24310/Website/HouseDivisionPage-24310-204.htm,https://results.aec.gov.au/24310/Website/HouseDop-24310-204.htm,"SMITH, Tony",Liberal,113307,99828,6892,106720,94.19,9274,4,progressive,"CHARLETON, Peter",Independent,"SMITH, Tony",Liberal,46304
Casey,https://results.aec.gov.au/24310/Website/HouseDivisionPage-24310-204.htm,https://results.aec.gov.au/24310/Website/HouseDop-24310-204.htm,"SMITH, Tony",Liberal,113307,99828,6892,106720,94.19,9274,4,progressive,"CHARLETON, Peter",Independent,"BRINDLE, Bill",Australian Labor Party,29727
Casey,https://results.aec.gov.au/24310/Website/HouseDivisionPage-24310-204.htm,https://results.aec.gov.au/24310/Website/HouseDop-24310-204.htm,"SMITH, Tony",Liberal,113307,99828,6892,106720,94.19,9274,4,progressive,"CHARLETON, Peter",Independent,"GAME-LOPATA, Jenny",The Greens (VIC),11544
Casey,https://results.aec.gov.au/24310/Website/HouseDivisionPage-24310-204.htm,https://results.aec.gov.au/24310/Website/HouseDop-24310-204.htm,"SMITH, Tony",Liberal,113307,99828,6892,106720,94.19,9274,4,progressive,"CHARLETON, Peter",Independent,"BARKER, Travis",Animal Justice Party,4512
Casey,https://results.aec.gov.au/24310/Website/HouseDivisionPage-24310-204.htm,https://results.aec.gov.au/24310/Website/HouseDop-24310-204.htm,"SMITH, Tony",Liberal,113307,99828,6892,106720,94.19,9274,4,progressive,"CHARLETON, Peter",Independent,"CLARK, Ryan Leslie",Derryn Hinch's Justice Party,4143
Casey,https://results.aec.gov.au/24310/Website/HouseDivisionPage-24310-204.htm,https://results.aec.gov.au/24310/Website/HouseDop-24310-204.htm,"SMITH, Tony",Liberal,113307,99828,6892,106720,94.19,9274,4,progressive,"CHARLETON, Peter",Independent,"STARKEY, Wendy",United Australia Party,3598
Casey,https://results.aec.gov.au/24310/Website/HouseDivisionPage-24310-204.htm,https://results.aec.gov.au/24310/Website/HouseDop-24310-204.htm,"SMITH, Tony",Liberal,113307,99828,6892,106720,94.19,9274,5,transfer,"STARKEY, Wendy",United Australia Party,"BARKER, Travis",Animal Justice Party,661
Casey,https://results.aec.gov.au/24310/Website/HouseDivisionPage-24310-204.htm,https://results.aec.gov.au/24310/Website/HouseDop-24310-204.htm,"SMITH, Tony",Liberal,113307,99828,6892,106720,94.19,9274,5,transfer,"STARKEY, Wendy",United Australia Party,"BRINDLE, Bill",Australian Labor Party,407
Casey,https://results.aec.gov.au/24310/Website/HouseDivisionPage-24310-204.htm,https://results.aec.gov.au/24310/Website/HouseDop-24310-204.htm,"SMITH, Tony",Liberal,113307,99828,6892,106720,94.19,9274,5,transfer,"STARKEY, Wendy",United Australia Party,"CLARK, Ryan Leslie",Derryn Hinch's Justice Party,1022
Casey,https://results.aec.gov.au/24310/Website/HouseDivisionPage-24310-204.htm,https://results.aec.gov.au/24310/Website/HouseDop-24310-204.htm,"SMITH, Tony",Liberal,113307,99828,6892,106720,94.19,9274,5,transfer,"STARKEY, Wendy",United Australia Party,"GAME-LOPATA, Jenny",The Greens (VIC),189
Casey,https://results.aec.gov.au/24310/Website/HouseDivisionPage-24310-204.htm,https://results.aec.gov.au/24310/Website/HouseDop-24310-204.htm,"SMITH, Tony",Liberal,113307,99828,6892,106720,94.19,9274,5,transfer,"STARKEY, Wendy",United Australia Party,"SMITH, Tony",Liberal,1319
Casey,https://results.aec.gov.au/24310/Website/HouseDivisionPage-24310-204.htm,https://results.aec.gov.au/24310/Website/HouseDop-24310-204.htm,"SMITH, Tony",Liberal,113307,99828,6892,106720,94.19,9274,5,progressive,"STARKEY, Wendy",United Australia Party,"SMITH, Tony",Liberal,47623
Casey,https://results.aec.gov.au/24310/Website/HouseDivisionPage-24310-204.htm,https://results.aec.gov.au/24310/Website/HouseDop-24310-204.htm,"SMITH, Tony",Liberal,113307,99828,6892,106720,94.19,9274,5,progressive,"STARKEY, Wendy",United Australia Party,"BRINDLE, Bill",Australian Labor Party,30134
Casey,https://results.aec.gov.au/24310/Website/HouseDivisionPage-24310-204.htm,https://results.aec.gov.au/24310/Website/HouseDop-24310-204.htm,"SMITH, Tony",Liberal,113307,99828,6892,106720,94.19,9274,5,progressive,"STARKEY, Wendy",United Australia Party,"GAME-LOPATA, Jenny",The Greens (VIC),11733
Casey,https://results.aec.gov.au/24310/Website/HouseDivisionPage-24310-204.htm,https://results.aec.gov.au/24310/Website/HouseDop-24310-204.htm,"SMITH, Tony",Liberal,113307,99828,6892,106720,94.19,9274,5,progressive,"STARKEY, Wendy",United Australia Party,"BARKER, Travis",Animal Justice Party,5173
Casey,https://results.aec.gov.au/24310/Website/HouseDivisionPage-24310-204.htm,https://results.aec.gov.au/24310/Website/HouseDop-24310-204.htm,"SMITH, Tony",Liberal,113307,99828,6892,106720,94.19,9274,5,progressive,"STARKEY, Wendy",United Australia Party,"CLARK, Ryan Leslie",Derryn Hinch's Justice Party,5165
Casey,https://results.aec.gov.au/24310/Website/HouseDivisionPage-24310-204.htm,https://results.aec.gov.au/24310/Website/HouseDop-24310-204.htm,"SMITH, Tony",Liberal,113307,99828,6892,106720,94.19,9274,6,transfer,"CLARK, Ryan Leslie",Derryn Hinch's Justice Party,"BARKER, Travis",Animal Justice Party,1673
Casey,https://results.aec.gov.au/24310/Website/HouseDivisionPage-24310-204.htm,https://results.aec.gov.au/24310/Website/HouseDop-24310-204.htm,"SMITH, Tony",Liberal,113307,99828,6892,106720,94.19,9274,6,transfer,"CLARK, Ryan Leslie",Derryn Hinch's Justice Party,"BRINDLE, Bill",Australian Labor Party,1298
Casey,https://results.aec.gov.au/24310/Website/HouseDivisionPage-24310-204.htm,https://results.aec.gov.au/24310/Website/HouseDop-24310-204.htm,"SMITH, Tony",Liberal,113307,99828,6892,106720,94.19,9274,6,transfer,"CLARK, Ryan Leslie",Derryn Hinch's Justice Party,"GAME-LOPATA, Jenny",The Greens (VIC),548
Casey,https://results.aec.gov.au/24310/Website/HouseDivisionPage-24310-204.htm,https://results.aec.gov.au/24310/Website/HouseDop-24310-204.htm,"SMITH, Tony",Liberal,113307,99828,6892,106720,94.19,9274,6,transfer,"CLARK, Ryan Leslie",Derryn Hinch's Justice Party,"SMITH, Tony",Liberal,1646
Casey,https://results.aec.gov.au/24310/Website/HouseDivisionPage-24310-204.htm,https://results.aec.gov.au/24310/Website/HouseDop-24310-204.htm,"SMITH, Tony",Liberal,113307,99828,6892,106720,94.19,9274,6,progressive,"CLARK, Ryan Leslie",Derryn Hinch's Justice Party,"SMITH, Tony",Liberal,49269
Casey,https://results.aec.gov.au/24310/Website/HouseDivisionPage-24310-204.htm,https://results.aec.gov.au/24310/Website/HouseDop-24310-204.htm,"SMITH, Tony",Liberal,113307,99828,6892,106720,94.19,9274,6,progressive,"CLARK, Ryan Leslie",Derryn Hinch's Justice Party,"BRINDLE, Bill",Australian Labor Party,31432
Casey,https://results.aec.gov.au/24310/Website/HouseDivisionPage-24310-204.htm,https://results.aec.gov.au/24310/Website/HouseDop-24310-204.htm,"SMITH, Tony",Liberal,113307,99828,6892,106720,94.19,9274,6,progressive,"CLARK, Ryan Leslie",Derryn Hinch's Justice Party,"GAME-LOPATA, Jenny",The Greens (VIC),12281
Casey,https://results.aec.gov.au/24310/Website/HouseDivisionPage-24310-204.htm,https://results.aec.gov.au/24310/Website/HouseDop-24310-204.htm,"SMITH, Tony",Liberal,113307,99828,6892,106720,94.19,9274,6,progressive,"CLARK, Ryan Leslie",Derryn Hinch's Justice Party,"BARKER, Travis",Animal Justice Party,6846
Casey,https://results.aec.gov.au/24310/Website/HouseDivisionPage-24310-204.htm,https://results.aec.gov.au/24310/Website/HouseDop-24310-204.htm,"SMITH, Tony",Liberal,113307,99828,6892,106720,94.19,9274,7,transfer,"BARKER, Travis",Animal Justice Party,"BRINDLE, Bill",Australian Labor Party,1567
Casey,https://results.aec.gov.au/24310/Website/HouseDivisionPage-24310-204.htm,https://results.aec.gov.au/24310/Website/HouseDop-24310-204.htm,"SMITH, Tony",Liberal,113307,99828,6892,106720,94.19,9274,7,transfer,"BARKER, Travis",Animal Justice Party,"GAME-LOPATA, Jenny",The Greens (VIC),2763
Casey,https://results.aec.gov.au/24310/Website/HouseDivisionPage-24310-204.htm,https://results.aec.gov.au/24310/Website/HouseDop-24310-204.htm,"SMITH, Tony",Liberal,113307,99828,6892,106720,94.19,9274,7,transfer,"BARKER, Travis",Animal Justice Party,"SMITH, Tony",Liberal,2516
Casey,https://results.aec.gov.au/24310/Website/HouseDivisionPage-24310-204.htm,https://results.aec.gov.au/24310/Website/HouseDop-24310-204.htm,"SMITH, Tony",Liberal,113307,99828,6892,106720,94.19,9274,7,progressive,"BARKER, Travis",Animal Justice Party,"SMITH, Tony",Liberal,51785
Casey,https://results.aec.gov.au/24310/Website/HouseDivisionPage-24310-204.htm,https://results.aec.gov.au/24310/Website/HouseDop-24310-204.htm,"SMITH, Tony",Liberal,113307,99828,6892,106720,94.19,9274,7,progressive,"BARKER, Travis",Animal Justice Party,"BRINDLE, Bill",Australian Labor Party,32999
Casey,https://results.aec.gov.au/24310/Website/HouseDivisionPage-24310-204.htm,https://results.aec.gov.au/24310/Website/HouseDop-24310-204.htm,"SMITH, Tony",Liberal,113307,99828,6892,106720,94.19,9274,7,progressive,"BARKER, Travis",Animal Justice Party,"GAME-LOPATA, Jenny",The Greens (VIC),15044
Casey,https://results.aec.gov.au/24310/Website/HouseDivisionPage-24310-204.htm,https://results.aec.gov.au/24310/Website/HouseDop-24310-204.htm,"SMITH, Tony",Liberal,113307,99828,6892,106720,94.19,9274,8,transfer,"GAME-LOPATA, Jenny",The Greens (VIC),"BRINDLE, Bill",Australian Labor Party,12278
Casey,https://results.aec.gov.au/24310/Website/HouseDivisionPage-24310-204.htm,https://results.aec.gov.au/24310/Website/HouseDop-24310-204.htm,"SMITH, Tony",Liberal,113307,99828,6892,106720,94.19,9274,8,transfer,"GAME-LOPATA, Jenny",The Greens (VIC),"SMITH, Tony",Liberal,2766
Casey,https://results.aec.gov.au/24310/Website/HouseDivisionPage-24310-204.htm,https://results.aec.gov.au/24310/Website/HouseDop-24310-204.htm,"SMITH, Tony",Liberal,113307,99828,6892,106720,94.19,9274,8,final,"GAME-LOPATA, Jenny",The Greens (VIC),"SMITH, Tony",Liberal,54551
Casey,https://results.aec.gov.au/24310/Website/HouseDivisionPage-24310-204.htm,https://results.aec.gov.au/24310/Website/HouseDop-24310-204.htm,"SMITH, Tony",Liberal,113307,99828,6892,106720,94.19,9274,8,final,"GAME-LOPATA, Jenny",The Greens (VIC),"BRINDLE, Bill",Australian Labor Party,45277
Chisholm,https://results.aec.gov.au/24310/Website/HouseDivisionPage-24310-205.htm,https://results.aec.gov.au/24310/Website/HouseDop-24310-205.htm,"LIU, Gladys",Liberal,106323,94920,4463,99383,93.47,1090,0,first,,,"LIU, Gladys",Liberal,41172
Chisholm,https://results.aec.gov.au/24310/Website/HouseDivisionPage-24310-205.htm,https://results.aec.gov.au/24310/Website/HouseDop-24310-205.htm,"LIU, Gladys",Liberal,106323,94920,4463,99383,93.47,1090,0,first,,,"YANG, Jennifer",Australian Labor Party,32561
Chisholm,https://results.aec.gov.au/24310/Website/HouseDivisionPage-24310-205.htm,https://results.aec.gov.au/24310/Website/HouseDop-24310-205.htm,"LIU, Gladys",Liberal,106323,94920,4463,99383,93.47,1090,0,first,,,"ARTHUR, Luke",The Greens (VIC),11235
Chisholm,https://results.aec.gov.au/24310/Website/HouseDivisionPage-24310-205.htm,https://results.aec.gov.au/24310/Website/HouseDop-24310-205.htm,"LIU, Gladys",Liberal,106323,94920,4463,99383,93.47,1090,0,first,,,"DOBBY, Ian",Independent,2319
Chisholm,https://results.aec.gov.au/24310/Website/HouseDivisionPage-24310-205.htm,https://results.aec.gov.au/24310/Website/HouseDop-24310-205.htm,"LIU, Gladys",Liberal,106323,94920,4463,99383,93.47,1090,0,first,,,"WICKS, Anne",Derryn Hinch's Justice Party,2063
Chisholm,https://results.aec.gov.au/24310/Website/HouseDivisionPage-24310-205.htm,https://results.aec.gov.au/24310/Website/HouseDop-24310-205.htm,"LIU, Gladys",Liberal,106323,94920,4463,99383,93.47,1090,0,first,,,"LAVIN, Rosemary",Animal Justice Party,1780
Chisholm,https://results.aec.gov.au/24310/Website/HouseDivisionPage-24310-205.htm,https://results.aec.gov.au/24310/Website/HouseDop-24310-205.htm,"LIU, Gladys",Liberal,106323,94920,4463,99383,93.47,1090,0,first,,,"JENKINS, Philip",Labour DLP,1702
Chisholm,https://results.aec.gov.au/24310/Website/HouseDivisionPage-24310-205.htm,https://results.aec.gov.au/24310/Website/HouseDop-24310-205.htm,"LIU, Gladys",Liberal,106323,94920,4463,99383,93.47,1090,0,first,,,"ZORAYA, George",United Australia Party,1517
Chisholm,https://results.aec.gov.au/24310/Website/HouseDivisionPage-24310-205.htm,https://results.aec.gov.au/24310/Website/HouseDop-24310-205.htm,"LIU, Gladys",Liberal,106323,94920,4463,99383,93.47,1090,0,first,,,"DORIAN, Angela Mary",Rise Up Australia Party,571
Chisholm,https://results.aec.gov.au/24310/Website/HouseDivisionPage-24310-205.htm,https://results.aec.gov.au/24310/Website/HouseDop-24310-205.htm,"LIU, Gladys",Liberal,106323,94920,4463,99383,93.47,1090,1,transfer,"DORIAN, Angela Mary",Rise Up Australia Party,"ARTHUR, Luke",The Greens (VIC),67
Chisholm,https://results.aec.gov.au/24310/Website/HouseDivisionPage-24310-205.htm,https://results.aec.gov.au/24310/Website/HouseDop-24310-205.htm,"LIU, Gladys",Liberal,106323,94920,4463,99383,93.47,1090,1,transfer,"DORIAN, Angela Mary",Rise Up Australia Party,"DOBBY, Ian",Independent,115
Chisholm,https://results.aec.gov.au/24310/Website/HouseDivisionPage-24310-205.htm,https://results.aec.gov.au/24310/Website/HouseDop-24310-205.htm,"LIU, Gladys",Liberal,106323,94920,4463,99383,93.47,1090,1,transfer,"DORIAN, Angela Mary",Rise Up Australia Party,"JENKINS, Philip",Labour DLP,58
Chisholm,https://results.aec.gov.au/24310/Website/HouseDivisionPage-24310-205.htm,https://results.aec.gov.au/24310/Website/HouseDop-24310-205.htm,"LIU, Gladys",Liberal,106323,94920,4463,99383,93.47,1090,1,transfer,"DORIAN, Angela Mary",Rise Up Australia Party,"LAVIN, Rosemary",Animal Justice Party,41
Chisholm,https://results.aec.gov.au/24310/Website/HouseDivisionPage-24310-205.htm,https://results.aec.gov.au/24310/Website/HouseDop-24310-205.htm,"LIU, Gladys",Liberal,106323,94920,4463,99383,93.47,1090,1,transfer,"DORIAN, Angela Mary",Rise Up Australia Party,"LIU, Gladys",Liberal,130
Chisholm,https://results.aec.gov.au/24310/Website/HouseDivisionPage-24310-205.htm,https://results.aec.gov.au/24310/Website/HouseDop-24310-205.htm,"LIU, Gladys",Liberal,106323,94920,4463,99383,93.47,1090,1,transfer,"DORIAN, Angela Mary",Rise Up Australia Party,"WICKS, Anne",Derryn Hinch's Justice Party,52
Chisholm,https://results.aec.gov.au/24310/Website/HouseDivisionPage-24310-205.htm,https://results.aec.gov.au/24310/Website/HouseDop-24310-205.htm,"LIU, Gladys",Liberal,106323,94920,4463,99383,93.47,1090,1,transfer,"DORIAN, Angela Mary",Rise Up Australia Party,"YANG, Jennifer",Australian Labor Party,19
Chisholm,https://results.aec.gov.au/24310/Website/HouseDivisionPage-24310-205.htm,https://results.aec.gov.au/24310/Website/HouseDop-24310-205.htm,"LIU, Gladys",Liberal,106323,94920,4463,99383,93.47,1090,1,transfer,"DORIAN, Angela Mary",Rise Up Australia Party,"ZORAYA, George",United Australia Party,89
Chisholm,https://results.aec.gov.au/24310/Website/HouseDivisionPage-24310-205.htm,https://results.aec.gov.au/24310/Website/HouseDop-24310-205.htm,"LIU, Gladys",Liberal,106323,94920,4463,99383,93.47,1090,1,progressive,"DORIAN, Angela Mary",Rise Up Australia Party,"LIU, Gladys",Liberal,41302
Chisholm,https://results.aec.gov.au/24310/Website/HouseDivisionPage-24310-205.htm,https://results.aec.gov.au/24310/Website/HouseDop-24310-205.htm,"LIU, Gladys",Liberal,106323,94920,4463,99383,93.47,1090,1,progressive,"DORIAN, Angela Mary",Rise Up Australia Party,"YANG, Jennifer",Australian Labor Party,32580
Chisholm,https://results.aec.gov.au/24310/Website/HouseDivisionPage-24310-205.htm,https://results.aec.gov.au/24310/Website/HouseDop-24310-205.htm,"LIU, Gladys",Liberal,106323,94920,4463,99383,93.47,1090,1,progressive,"DORIAN, Angela Mary",Rise Up Australia Party,"ARTHUR, Luke",The Greens (VIC),11302
Chisholm,https://results.aec.gov.au/24310/Website/HouseDivisionPage-24310-205.htm,https://results.aec.gov.au/24310/Website/HouseDop-24310-205.htm,"LIU, Gladys",Liberal,106323,94920,4463,99383,93.47,1090,1,progressive,"DORIAN, Angela Mary",Rise Up Australia Party,"DOBBY, Ian",Independent,2434
Chisholm,https://results.aec.gov.au/24310/Website/HouseDivisionPage-24310-205.htm,https://results.aec.gov.au/24310/Website/HouseDop-24310-205.htm,"LIU, Gladys",Liberal,106323,94920,4463,99383,93.47,1090,1,progressive,"DORIAN, Angela Mary",Rise Up Australia Party,"WICKS, Anne",Derryn Hinch's Justice Party,2115
Chisholm,https://results.aec.gov.au/24310/Website/HouseDivisionPage-24310-205.htm,https://results.aec.gov.au/24310/Website/HouseDop-24310-205.htm,"LIU, Gladys",Liberal,106323,94920,4463,99383,93.47,1090,1,progressive,"DORIAN, Angela Mary",Rise Up Australia Party,"LAVIN, Rosemary",Animal Justice Party,1821
Chisholm,https://results.aec.gov.au/24310/Website/HouseDivisionPage-24310-205.htm,https://results.aec.gov.au/24310/Website/HouseDop-24310-205.htm,"LIU, Gladys",Liberal,106323,94920,4463,99383,93.47,1090,1,progressive,"DORIAN, Angela Mary",Rise Up Australia Party,"JENKINS, Philip",Labour DLP,1760
Chisholm,https://results.aec.gov.au/24310/Website/HouseDivisionPage-24310-205.htm,https://results.aec.gov.au/24310/Website/HouseDop-24310-205.htm,"LIU, Gladys",Liberal,106323,94920,4463,99383,93.47,1090,1,progressive,"DORIAN, Angela Mary",Rise Up Australia Party,"ZORAYA, George",United Australia Party,1606
Chisholm,https://results.aec.gov.au/24310/Website/HouseDivisionPage-24310-205.htm,https://results.aec.gov.au/24310/Website/HouseDop-24310-205.htm,"LIU, Gladys",Liberal,106323,94920,4463,99383,93.47,1090,2,transfer,"ZORAYA, George",United Australia Party,"ARTHUR, Luke",The Greens (VIC),121
Chisholm,https://results.aec.gov.au/24310/Website/HouseDivisionPage-24310-205.htm,https://results.aec.gov.au/24310/Website/HouseDop-24310-205.htm,"LIU, Gladys",Liberal,106323,94920,4463,99383,93.47,1090,2,transfer,"ZORAYA, George",United Australia Party,"DOBBY, Ian",Independent,214
Chisholm,https://results.aec.gov.au/24310/Website/HouseDivisionPage-24310-205.htm,https://results.aec.gov.au/24310/Website/HouseDop-24310-205.htm,"LIU, Gladys",Liberal,106323,94920,4463,99383,93.47,1090,2,transfer,"ZORAYA, George",United Australia Party,"JENKINS, Philip",Labour DLP,70
Chisholm,https://results.aec.gov.au/24310/Website/HouseDivisionPage-24310-205.htm,https://results.aec.gov.au/24310/Website/HouseDop-24310-205.htm,"LIU, Gladys",Liberal,106323,94920,4463,99383,93.47,1090,2,transfer,"ZORAYA, George",United Australia Party,"LAVIN, Rosemary",Animal Justice Party,114
Chisholm,https://results.aec.gov.au/24310/Website/HouseDivisionPage-24310-205.htm,https://results.aec.gov.au/24310/Website/HouseDop-24310-205.htm,"LIU, Gladys",Liberal,106323,94920,4463,99383,93.47,1090,2,transfer,"ZORAYA, George",United Australia Party,"LIU, Gladys",Liberal,680
Chisholm,https://results.aec.gov.au/24310/Website/HouseDivisionPage-24310-205.htm,https://results.aec.gov.au/24310/Website/HouseDop-24310-205.htm,"LIU, Gladys",Liberal,106323,94920,4463,99383,93.47,1090,2,transfer,"ZORAYA, George",United Australia Party,"WICKS, Anne",Derryn Hinch's Justice Party,283
Chisholm,https://results.aec.gov.au/24310/Website/HouseDivisionPage-24310-205.htm,https://results.aec.gov.au/24310/Website/HouseDop-24310-205.htm,"LIU, Gladys",Liberal,106323,94920,4463,99383,93.47,1090,2,transfer,"ZORAYA, George",United Australia Party,"YANG, Jennifer",Australian Labor Party,124
Chisholm,https://results.aec.gov.au/24310/Website/HouseDivisionPage-24310-205.htm,https://results.aec.gov.au/24310/Website/HouseDop-24310-205.htm,"LIU, Gladys",Liberal,106323,94920,4463,99383,93.47,1090,2,progressive,"ZORAYA, George",United Australia Party,"LIU, Gladys",Liberal,41982
Chisholm,https://results.aec.gov.au/24310/Website/HouseDivisionPage-24310-205.htm,https://results.aec.gov.au/24310/Website/HouseDop-24310-205.htm,"LIU, Gladys",Liberal,106323,94920,4463,99383,93.47,1090,2,progressive,"ZORAYA, George",United Australia Party,"YANG, Jennifer",Australian Labor Party,32704
Chisholm,https://results.aec.gov.au/24310/Website/HouseDivisionPage-24310-205.htm,https://results.aec.gov.au/24310/Website/HouseDop-24310-205.htm,"LIU, Gladys",Liberal,106323,94920,4463,99383,93.47,1090,2,progressive,"ZORAYA, George",United Australia Party,"ARTHUR, Luke",The Greens (VIC),11423
Chisholm,https://results.aec.gov.au/24310/Website/HouseDivisionPage-24310-205.htm,https://results.aec.gov.au/24310/Website/HouseDop-24310-205.htm,"LIU, Gladys",Liberal,106323,94920,4463,99383,93.47,1090,2,progressive,"ZORAYA, George",United Australia Party,"DOBBY, Ian",Independent,2648
Chisholm,https://results.aec.gov.au/24310/Website/HouseDivisionPage-24310-205.htm,https://results.aec.gov.au/24310/Website/HouseDop-24310-205.htm,"LIU, Gladys",Liberal,106323,94920,4463,99383,93.47,1090,2,progressive,"ZORAYA, George",United Australia Party,"WICKS, Anne",Derryn Hinch's Justice Party,2398
Chisholm,https://results.aec.gov.au/24310/Website/HouseDivisionPage-24310-205.htm,https://results.aec.gov.au/24310/Website/HouseDop-24310-205.htm,"LIU, Gladys",Liberal,106323,94920,4463,99383,93.47,1090,2,progressive,"ZORAYA, George",United Australia Party,"LAVIN, Rosemary",Animal Justice Party,1935
Chisholm,https://results.aec.gov.au/24310/Website/HouseDivisionPage-24310-205.htm,https://results.aec.gov.au/24310/Website/HouseDop-24310-205.htm,"LIU, Gladys",Liberal,106323,94920,4463,99383,93.47,1090,2,progressive,"ZORAYA, George",United Australia Party,"JENKINS, Philip",Labour DLP,1830
Chisholm,https://results.aec.gov.au/24310/Website/HouseDivisionPage-24310-205.htm,https://results.aec.gov.au/24310/Website/HouseDop-24310-205.htm,"LIU, Gladys",Liberal,106323,94920,4463,99383,93.47,1090,3,transfer,"JENKINS, Philip",Labour DLP,"ARTHUR, Luke",The Greens (VIC),194
Chisholm,https://results.aec.gov.au/24310/Website/HouseDivisionPage-24310-205.htm,https://results.aec.gov.au/24310/Website/HouseDop-24310-205.htm,"LIU, Gladys",Liberal,106323,94920,4463,99383,93.47,1090,3,transfer,"JENKINS, Philip",Labour DLP,"DOBBY, Ian",Independent,290
Chisholm,https://results.aec.gov.au/24310/Website/HouseDivisionPage-24310-205.htm,https://results.aec.gov.au/24310/Website/HouseDop-24310-205.htm,"LIU, Gladys",Liberal,106323,94920,4463,99383,93.47,1090,3,transfer,"JENKINS, Philip",Labour DLP,"LAVIN, Rosemary",Animal Justice Party,86
Chisholm,https://results.aec.gov.au/24310/Website/HouseDivisionPage-24310-205.htm,https://results.aec.gov.au/24310/Website/HouseDop-24310-205.htm,"LIU, Gladys",Liberal,106323,94920,4463,99383,93.47,1090,3,transfer,"JENKINS, Philip",Labour DLP,"LIU, Gladys",Liberal,409
Chisholm,https://results.aec.gov.au/24310/Website/HouseDivisionPage-24310-205.htm,https://results.aec.gov.au/24310/Website/HouseDop-24310-205.htm,"LIU, Gladys",Liberal,106323,94920,4463,99383,93.47,1090,3,transfer,"JENKINS, Philip",Labour DLP,"WICKS, Anne",Derryn Hinch's Justice Party,132
Chisholm,https://results.aec.gov.au/24310/Website/HouseDivisionPage-24310-205.htm,https://results.aec.gov.au/24310/Website/HouseDop-24310-205.htm,"LIU, Gladys",Liberal,106323,94920,4463,99383,93.47,1090,3,transfer,"JENKINS, Philip",Labour DLP,"YANG, Jennifer",Australian Labor Party,719
Chisholm,https://results.aec.gov.au/24310/Website/HouseDivisionPage-24310-205.htm,https://results.aec.gov.au/24310/Website/HouseDop-24310-205.htm,"LIU, Gladys",Liberal,106323,94920,4463,99383,93.47,1090,3,progressive,"JENKINS, Philip",Labour DLP,"LIU, Gladys",Liberal,42391
Chisholm,https://results.aec.gov.au/24310/Website/HouseDivisionPage-24310-205.htm,https://results.aec.gov.au/24310/Website/HouseDop-24310-205.htm,"LIU, Gladys",Liberal,106323,94920,4463,99383,93.47,1090,3,progressive,"JENKINS, Philip",Labour DLP,"YANG, Jennifer",Australian Labor Party,33423
Chisholm,https://results.aec.gov.au/24310/Website/HouseDivisionPage-24310-205.htm,https://results.aec.gov.au/24310/Website/HouseDop-24310-205.htm,"LIU, Gladys",Liberal,106323,94920,4463,99383,93.47,1090,3,progressive,"JENKINS, Philip",Labour DLP,"ARTHUR, Luke",The Greens (VIC),11617
Chisholm,https://results.aec.gov.au/24310/Website/HouseDivisionPage-24310-205.htm,https://results.aec.gov.au/24310/Website/HouseDop-24310-205.htm,"LIU, Gladys",Liberal,106323,94920,4463,99383,93.47,1090,3,progressive,"JENKINS, Philip",Labour DLP,"DOBBY, Ian",Independent,2938
Chisholm,https://results.aec.gov.au/24310/Website/HouseDivisionPage-24310-205.htm,https://results.aec.gov.au/24310/Website/HouseDop-24310-205.htm,"LIU, Gladys",Liberal,106323,94920,4463,99383,93.47,1090,3,progressive,"JENKINS, Philip",Labour DLP,"WICKS, Anne",Derryn Hinch's Justice Party,2530
Chisholm,https://results.aec.gov.au/24310/Website/HouseDivisionPage-24310-205.htm,https://results.aec.gov.au/24310/Website/HouseDop-24310-205.htm,"LIU, Gladys",Liberal,106323,94920,4463,99383,93.47,1090,3,progressive,"JENKINS, Philip",Labour DLP,"LAVIN, Rosemary",Animal Justice Party,2021
Chisholm,https://results.aec.gov.au/24310/Website/HouseDivisionPage-24310-205.htm,https://results.aec.gov.au/24310/Website/HouseDop-24310-205.htm,"LIU, Gladys",Liberal,106323,94920,4463,99383,93.47,1090,4,transfer,"LAVIN, Rosemary",Animal Justice Party,"ARTHUR, Luke",The Greens (VIC),915
Chisholm,https://results.aec.gov.au/24310/Website/HouseDivisionPage-24310-205.htm,https://results.aec.gov.au/24310/Website/HouseDop-24310-205.htm,"LIU, Gladys",Liberal,106323,94920,4463,99383,93.47,1090,4,transfer,"LAVIN, Rosemary",Animal Justice Party,"DOBBY, Ian",Independent,248
Chisholm,https://results.aec.gov.au/24310/Website/HouseDivisionPage-24310-205.htm,https://results.aec.gov.au/24310/Website/HouseDop-24310-205.htm,"LIU, Gladys",Liberal,106323,94920,4463,99383,93.47,1090,4,transfer,"LAVIN, Rosemary",Animal Justice Party,"LIU, Gladys",Liberal,220
Chisholm,https://results.aec.gov.au/24310/Website/HouseDivisionPage-24310-205.htm,https://results.aec.gov.au/24310/Website/HouseDop-24310-205.htm,"LIU, Gladys",Liberal,106323,94920,4463,99383,93.47,1090,4,transfer,"LAVIN, Rosemary",Animal Justice Party,"WICKS, Anne",Derryn Hinch's Justice Party,338
Chisholm,https://results.aec.gov.au/24310/Website/HouseDivisionPage-24310-205.htm,https://results.aec.gov.au/24310/Website/HouseDop-24310-205.htm,"LIU, Gladys",Liberal,106323,94920,4463,99383,93.47,1090,4,transfer,"LAVIN, Rosemary",Animal Justice Party,"YANG, Jennifer",Australian Labor Party,300
Chisholm,https://results.aec.gov.au/24310/Website/HouseDivisionPage-24310-205.htm,https://results.aec.gov.au/24310/Website/HouseDop-24310-205.htm,"LIU, Gladys",Liberal,106323,94920,4463,99383,93.47,1090,4,progressive,"LAVIN, Rosemary",Animal Justice Party,"LIU, Gladys",Liberal,42611
Chisholm,https://results.aec.gov.au/24310/Website/HouseDivisionPage-24310-205.htm,https://results.aec.gov.au/24310/Website/HouseDop-24310-205.htm,"LIU, Gladys",Liberal,106323,94920,4463,99383,93.47,1090,4,progressive,"LAVIN, Rosemary",Animal Justice Party,"YANG, Jennifer",Australian Labor Party,33723
Chisholm,https://results.aec.gov.au/24310/Website/HouseDivisionPage-24310-205.htm,https://results.aec.gov.au/24310/Website/HouseDop-24310-205.htm,"LIU, Gladys",Liberal,106323,94920,4463,99383,93.47,1090,4,progressive,"LAVIN, Rosemary",Animal Justice Party,"ARTHUR, Luke",The Greens (VIC),12532
Chisholm,https://results.aec.gov.au/24310/Website/HouseDivisionPage-24310-205.htm,https://results.aec.gov.au/24310/Website/HouseDop-24310-205.htm,"LIU, Gladys",Liberal,106323,94920,4463,99383,93.47,1090,4,progressive,"LAVIN, Rosemary",Animal Justice Party,"DOBBY, Ian",Independent,3186
Chisholm,https://results.aec.gov.au/24310/Website/HouseDivisionPage-24310-205.htm,https://results.aec.gov.au/24310/Website/HouseDop-24310-205.htm,"LIU, Gladys",Liberal,106323,94920,4463,99383,93.47,1090,4,progressive,"LAVIN, Rosemary",Animal Justice Party,"WICKS, Anne",Derryn Hinch's Justice Party,2868
Chisholm,https://results.aec.gov.au/24310/Website/HouseDivisionPage-24310-205.htm,https://results.aec.gov.au/24310/Website/HouseDop-24310-205.htm,"LIU, Gladys",Liberal,106323,94920,4463,99383,93.47,1090,5,transfer,"WICKS, Anne",Derryn Hinch's Justice Party,"ARTHUR, Luke",The Greens (VIC),550
Chisholm,https://results.aec.gov.au/24310/Website/HouseDivisionPage-24310-205.htm,https://results.aec.gov.au/24310/Website/HouseDop-24310-205.htm,"LIU, Gladys",Liberal,106323,94920,4463,99383,93.47,1090,5,transfer,"WICKS, Anne",Derryn Hinch's Justice Party,"DOBBY, Ian",Independent,984
Chisholm,https://results.aec.gov.au/24310/Website/HouseDivisionPage-24310-205.htm,https://results.aec.gov.au/24310/Website/HouseDop-24310-205.htm,"LIU, Gladys",Liberal,106323,94920,4463,99383,93.47,1090,5,transfer,"WICKS, Anne",Derryn Hinch's Justice Party,"LIU, Gladys",Liberal,725
Chisholm,https://results.aec.gov.au/24310/Website/HouseDivisionPage-24310-205.htm,https://results.aec.gov.au/24310/Website/HouseDop-24310-205.htm,"LIU, Gladys",Liberal,106323,94920,4463,99383,93.47,1090,5,transfer,"WICKS, Anne",Derryn Hinch's Justice Party,"YANG, Jennifer",Australian Labor Party,609
Chisholm,https://results.aec.gov.au/24310/Website/HouseDivisionPage-24310-205.htm,https://results.aec.gov.au/24310/Website/HouseDop-24310-205.htm,"LIU, Gladys",Liberal,106323,94920,4463,99383,93.47,1090,5,progressive,"WICKS, Anne",Derryn Hinch's Justice Party,"LIU, Gladys",Liberal,43336
Chisholm,https://results.aec.gov.au/24310/Website/HouseDivisionPage-24310-205.htm,https://results.aec.gov.au/24310/Website/HouseDop-24310-205.htm,"LIU, Gladys",Liberal,106323,94920,4463,99383,93.47,1090,5,progressive,"WICKS, Anne",Derryn Hinch's Justice Party,"YANG, Jennifer",Australian Labor Party,34332
Chisholm,https://results.aec.gov.au/24310/Website/HouseDivisionPage-24310-205.htm,https://results.aec.gov.au/24310/Website/HouseDop-24310-205.htm,"LIU, Gladys",Liberal,106323,94920,4463,99383,93.47,1090,5,progressive,"WICKS, Anne",Derryn Hinch's Justice Party,"ARTHUR, Luke",The Greens (VIC),13082
Chisholm,https://results.aec.gov.au/24310/Website/HouseDivisionPage-24310-205.htm,https://results.aec.gov.au/24310/Website/HouseDop-24310-205.htm,"LIU, Gladys",Liberal,106323,94920,4463,99383,93.47,1090,5,progressive,"WICKS, Anne",Derryn Hinch's Justice Party,"DOBBY, Ian",Independent,4170
Chisholm,https://results.aec.gov.au/24310/Website/HouseDivisionPage-24310-205.htm,https://results.aec.gov.au/24310/Website/HouseDop-24310-205.htm,"LIU, Gladys",Liberal,106323,94920,4463,99383,93.47,1090,6,transfer,"DOBBY, Ian",Independent,"ARTHUR, Luke",The Greens (VIC),1676
Chisholm,https://results.aec.gov.au/24310/Website/HouseDivisionPage-24310-205.htm,https://results.aec.gov.au/24310/Website/HouseDop-24310-205.htm,"LIU, Gladys",Liberal,106323,94920,4463,99383,93.47,1090,6,transfer,"DOBBY, Ian",Independent,"LIU, Gladys",Liberal,1537
Chisholm,https://results.aec.gov.au/24310/Website/HouseDivisionPage-24310-205.htm,https://results.aec.gov.au/24310/Website/HouseDop-24310-205.htm,"LIU, Gladys",Liberal,106323,94920,4463,99383,93.47,1090,6,transfer,"DOBBY, Ian",Independent,"YANG, Jennifer",Australian Labor Party,957
Chisholm,https://results.aec.gov.au/24310/Website/HouseDivisionPage-24310-205.htm,https://results.aec.gov.au/24310/Website/HouseDop-24310-205.htm,"LIU, Gladys",Liberal,106323,94920,4463,99383,93.47,1090,6,progressive,"DOBBY, Ian",Independent,"LIU, Gladys",Liberal,44873
Chisholm,https://results.aec.gov.au/24310/Website/HouseDivisionPage-24310-205.htm,https://results.aec.gov.au/24310/Website/HouseDop-24310-205.htm,"LIU, Gladys",Liberal,106323,94920,4463,99383,93.47,1090,6,progressive,"DOBBY, Ian",Independent,"YANG, Jennifer",Australian Labor Party,35289
Chisholm,https://results.aec.gov.au/24310/Website/HouseDivisionPage-24310-205.htm,https://results.aec.gov.au/24310/Website/HouseDop-24310-205.htm,"LIU, Gladys",Liberal,106323,94920,4463,99383,93.47,1090,6,progressive,"DOBBY, Ian",Independent,"ARTHUR, Luke",The Greens (VIC),14758
Chisholm,https://results.aec.gov.au/24310/Website/HouseDivisionPage-24310-205.htm,https://results.aec.gov.au/24310/Website/HouseDop-24310-205.htm,"LIU, Gladys",Liberal,106323,94920,4463,99383,93.47,1090,7,transfer,"ARTHUR, Luke",The Greens (VIC),"LIU, Gladys",Liberal,3132
Chisholm,https://results.aec.gov.au/24310/Website/HouseDivisionPage-24310-205.htm,https://results.aec.gov.au/24310/Website/HouseDop-24310-205.htm,"LIU, Gladys",Liberal,106323,94920,4463,99383,93.47,1090,7,transfer,"ARTHUR, Luke",The Greens (VIC),"YANG, Jennifer",Australian Labor Party,11626
Chisholm,https://results.aec.gov.au/24310/Website/HouseDivisionPage-24310-205.htm,https://results.aec.gov.au/24310/Website/HouseDop-24310-205.htm,"LIU, Gladys",Liberal,106323,94920,4463,99383,93.47,1090,7,final,"ARTHUR, Luke",The Greens (VIC),"LIU, Gladys",Liberal,48005
Chisholm,https://results.aec.gov.au/24310/Website/HouseDivisionPage-24310-205.htm,https://results.aec.gov.au/24310/Website/HouseDop-24310-205.htm,"LIU, Gladys",Liberal,106323,94920,4463,99383,93.47,1090,7,final,"ARTHUR, Luke",The Greens (VIC),"YANG, Jennifer",Australian Labor Party,46915
Cooper,https://results.aec.gov.au/24310/Website/HouseDivisionPage-24310-320.htm,https://results.aec.gov.au/24310/Website/HouseDop-24310-320.htm,"KEARNEY, Ged",Australian Labor Party,110836,97481,4986,102467,92.45,28553,0,first,,,"KEARNEY, Ged",Australian Labor Party,45601
Cooper,https://results.aec.gov.au/24310/Website/HouseDivisionPage-24310-320.htm,https://results.aec.gov.au/24310/Website/HouseDop-24310-320.htm,"KEARNEY, Ged",Australian Labor Party,110836,97481,4986,102467,92.45,28553,0,first,,,"RISSTROM, David",The Greens (VIC),20605
Cooper,https://results.aec.gov.au/24310/Website/HouseDivisionPage-24310-320.htm,https://results.aec.gov.au/24310/Website/HouseDop-24310-320.htm,"KEARNEY, Ged",Australian Labor Party,110836,97481,4986,102467,92.45,28553,0,first,,,"BELL, Andrew",Liberal,19012
Cooper,https://results.aec.gov.au/24310/Website/HouseDivisionPage-24310-320.htm,https://results.aec.gov.au/24310/Website/HouseDop-24310-320.htm,"KEARNEY, Ged",Australian Labor Party,110836,97481,4986,102467,92.45,28553,0,first,,,"LARKIN, Kath",Victorian Socialists,4125
Cooper,https://results.aec.gov.au/24310/Website/HouseDivisionPage-24310-320.htm,https://results.aec.gov.au/24310/Website/HouseDop-24310-320.htm,"KEARNEY, Ged",Australian Labor Party,110836,97481,4986,102467,92.45,28553,0,first,,,"RICHINGS, Nadine",Animal Justice Party,2476
Cooper,https://results.aec.gov.au/24310/Website/HouseDivisionPage-24310-320.htm,https://results.aec.gov.au/24310/Website/HouseDop-24310-320.htm,"KEARNEY, Ged",Australian Labor Party,110836,97481,4986,102467,92.45,28553,0,first,,,"RUSSELL, Sarah",Reason Australia,2110
Cooper,https://results.aec.gov.au/24310/Website/HouseDivisionPage-24310-320.htm,https://results.aec.gov.au/24310/Website/HouseDop-24310-320.htm,"KEARNEY, Ged",Australian Labor Party,110836,97481,4986,102467,92.45,28553,0,first,,,"NANGLE, Brett",United Australia Party,1892
Cooper,https://results.aec.gov.au/24310/Website/HouseDivisionPage-24310-320.htm,https://results.aec.gov.au/24310/Website/HouseDop-24310-320.htm,"KEARNEY, Ged",Australian Labor Party,110836,97481,4986,102467,92.45,28553,0,first,,,"VAN LIESHOUT, Teresa",Independent,1660
Cooper,https://results.aec.gov.au/24310/Website/HouseDivisionPage-24310-320.htm,https://results.aec.gov.au/24310/Website/HouseDop-24310-320.htm,"KEARNEY, Ged",Australian Labor Party,110836,97481,4986,102467,92.45,28553,1,transfer,"VAN LIESHOUT, Teresa",Independent,"BELL, Andrew",Liberal,180
Cooper,https://results.aec.gov.au/24310/Website/HouseDivisionPage-24310-320.htm,https://results.aec.gov.au/24310/Website/HouseDop-24310-320.htm,"KEARNEY, Ged",Australian Labor Party,110836,97481,4986,102467,92.45,28553,1,transfer,"VAN LIESHOUT, Teresa",Independent,"KEARNEY, Ged",Australian Labor Party,156
Cooper,https://results.aec.gov.au/24310/Website/HouseDivisionPage-24310-320.htm,https://results.aec.gov.au/24310/Website/HouseDop-24310-320.htm,"KEARNEY, Ged",Australian Labor Party,110836,97481,4986,102467,92.45,28553,1,transfer,"VAN LIESHOUT, Teresa",Independent,"LARKIN, Kath",Victorian Socialists,76
Cooper,https://results.aec.gov.au/24310/Website/HouseDivisionPage-24310-320.htm,https://results.aec.gov.au/24310/Website/HouseDop-24310-320.htm,"KEARNEY, Ged",Australian Labor Party,110836,97481,4986,102467,92.45,28553,1,transfer,"VAN LIESHOUT, Teresa",Independent,"NANGLE, Brett",United Australia Party,223
Cooper,https://results.aec.gov.au/24310/Website/HouseDivisionPage-24310-320.htm,https://results.aec.gov.au/24310/Website/HouseDop-24310-320.htm,"KEARNEY, Ged",Australian Labor Party,110836,97481,4986,102467,92.45,28553,1,transfer,"VAN LIESHOUT, Teresa",Independent,"RICHINGS, Nadine",Animal Justice Party,177
Cooper,https://results.aec.gov.au/24310/Website/HouseDivisionPage-24310-320.htm,https://results.aec.gov.au/24310/Website/HouseDop-24310-320.htm,"KEARNEY, Ged",Australian Labor Party,110836,97481,4986,102467,92.45,28553,1,transfer,"VAN LIESHOUT, Teresa",Independent,"RISSTROM, David",The Greens (VIC),151
Cooper,https://results.aec.gov.au/24310/Website/HouseDivisionPage-24310-320.htm,https://results.aec.gov.au/24310/Website/HouseDop-24310-320.htm,"KEARNEY, Ged",Australian Labor Party,110836,97481,4986,102467,92.45,28553,1,transfer,"VAN LIESHOUT, Teresa",Independent,"RUSSELL, Sarah",Reason Australia,697
Cooper,https://results.aec.gov.au/24310/Website/HouseDivisionPage-24310-320.htm,https://results.aec.gov.au/24310/Website/HouseDop-24310-320.htm,"KEARNEY, Ged",Australian Labor Party,110836,97481,4986,102467,92.45,28553,1,progressive,"VAN LIESHOUT, Teresa",Independent,"KEARNEY, Ged",Australian Labor Party,45757
Cooper,https://results.aec.gov.au/24310/Website/HouseDivisionPage-24310-320.htm,https://results.aec.gov.au/24310/Website/HouseDop-24310-320.htm,"KEARNEY, Ged",Australian Labor Party,110836,97481,4986,102467,92.45,28553,1,progressive,"VAN LIESHOUT, Teresa",Independent,"RISSTROM, David",The Greens (VIC),20756
Cooper,https://results.aec.gov.au/24310/Website/HouseDivisionPage-24310-320.htm,https://results.aec.gov.au/24310/Website/HouseDop-24310-320.htm,"KEARNEY, Ged",Australian Labor Party,110836,97481,4986,102467,92.45,28553,1,progressive,"VAN LIESHOUT, Teresa",Independent,"BELL, Andrew",Liberal,19192
Cooper,https://results.aec.gov.au/24310/Website/HouseDivisionPage-24310-320.htm,https://results.aec.gov.au/24310/Website/HouseDop-24310-320.htm,"KEARNEY, Ged",Australian Labor Party,110836,97481,4986,102467,92.45,28553,1,progressive,"VAN LIESHOUT, Teresa",Independent,"LARKIN, Kath",Victorian Socialists,4201
Cooper,https://results.aec.gov.au/24310/Website/HouseDivisionPage-24310-320.htm,https://results.aec.gov.au/24310/Website/HouseDop-24310-320.htm,"KEARNEY, Ged",Australian Labor Party,110836,97481,4986,102467,92.45,28553,1,progressive,"VAN LIESHOUT, Teresa",Independent,"RUSSELL, Sarah",Reason Australia,2807
Cooper,https://results.aec.gov.au/24310/Website/HouseDivisionPage-24310-320.htm,https://results.aec.gov.au/24310/Website/HouseDop-24310-320.htm,"KEARNEY, Ged",Australian Labor Party,110836,97481,4986,102467,92.45,28553,1,progressive,"VAN LIESHOUT, Teresa",Independent,"RICHINGS, Nadine",Animal Justice Party,2653
Cooper,https://results.aec.gov.au/24310/Website/HouseDivisionPage-24310-320.htm,https://results.aec.gov.au/24310/Website/HouseDop-24310-320.htm,"KEARNEY, Ged",Australian Labor Party,110836,97481,4986,102467,92.45,28553,1,progressive,"VAN LIESHOUT, Teresa",Independent,"NANGLE, Brett",United Australia Party,2115
Cooper,https://results.aec.gov.au/24310/Website/HouseDivisionPage-24310-320.htm,https://results.aec.gov.au/24310/Website/HouseDop-24310-320.htm,"KEARNEY, Ged",Australian Labor Party,110836,97481,4986,102467,92.45,28553,2,transfer,"NANGLE, Brett",United Australia Party,"BELL, Andrew",Liberal,774
Cooper,https://results.aec.gov.au/24310/Website/HouseDivisionPage-24310-320.htm,https://results.aec.gov.au/24310/Website/HouseDop-24310-320.htm,"KEARNEY, Ged",Australian Labor Party,110836,97481,4986,102467,92.45,28553,2,transfer,"NANGLE, Brett",United Australia Party,"KEARNEY, Ged",Australian Labor Party,301
Cooper,https://results.aec.gov.au/24310/Website/HouseDivisionPage-24310-320.htm,https://results.aec.gov.au/24310/Website/HouseDop-24310-320.htm,"KEARNEY, Ged",Australian Labor Party,110836,97481,4986,102467,92.45,28553,2,transfer,"NANGLE, Brett",United Australia Party,"LARKIN, Kath",Victorian Socialists,114
Cooper,https://results.aec.gov.au/24310/Website/HouseDivisionPage-24310-320.htm,https://results.aec.gov.au/24310/Website/HouseDop-24310-320.htm,"KEARNEY, Ged",Australian Labor Party,110836,97481,4986,102467,92.45,28553,2,transfer,"NANGLE, Brett",United Australia Party,"RICHINGS, Nadine",Animal Justice Party,327
Cooper,https://results.aec.gov.au/24310/Website/HouseDivisionPage-24310-320.htm,https://results.aec.gov.au/24310/Website/HouseDop-24310-320.htm,"KEARNEY, Ged",Australian Labor Party,110836,97481,4986,102467,92.45,28553,2,transfer,"NANGLE, Brett",United Australia Party,"RISSTROM, David",The Greens (VIC),176
Cooper,https://results.aec.gov.au/24310/Website/HouseDivisionPage-24310-320.htm,https://results.aec.gov.au/24310/Website/HouseDop-24310-320.htm,"KEARNEY, Ged",Australian Labor Party,110836,97481,4986,102467,92.45,28553,2,transfer,"NANGLE, Brett",United Australia Party,"RUSSELL, Sarah",Reason Australia,423
Cooper,https://results.aec.gov.au/24310/Website/HouseDivisionPage-24310-320.htm,https://results.aec.gov.au/24310/Website/HouseDop-24310-320.htm,"KEARNEY, Ged",Australian Labor Party,110836,97481,4986,102467,92.45,28553,2,progressive,"NANGLE, Brett",United Australia Party,"KEARNEY, Ged",Australian Labor Party,46058
Cooper,https://results.aec.gov.au/24310/Website/HouseDivisionPage-24310-320.htm,https://results.aec.gov.au/24310/Website/HouseDop-24310-320.htm,"KEARNEY, Ged",Australian Labor Party,110836,97481,4986,102467,92.45,28553,2,progressive,"NANGLE, Brett",United Australia Party,"RISSTROM, David",The Greens (VIC),20932
Cooper,https://results.aec.gov.au/24310/Website/HouseDivisionPage-24310-320.htm,https://results.aec.gov.au/24310/Website/HouseDop-24310-320.htm,"KEARNEY, Ged",Australian Labor Party,110836,97481,4986,102467,92.45,28553,2,progressive,"NANGLE, Brett",United Australia Party,"BELL, Andrew",Liberal,19966
Cooper,https://results.aec.gov.au/24310/Website/HouseDivisionPage-24310-320.htm,https://results.aec.gov.au/24310/Website/HouseDop-24310-320.htm,"KEARNEY, Ged",Australian Labor Party,110836,97481,4986,102467,92.45,28553,2,progressive,"NANGLE, Brett",United Australia Party,"LARKIN, Kath",Victorian Socialists,4315
Cooper,https://results.aec.gov.au/24310/Website/HouseDivisionPage-24310-320.htm,https://results.aec.gov.au/24310/Website/HouseDop-24310-320.htm,"KEARNEY, Ged",Australian Labor Party,110836,97481,4986,102467,92.45,28553,2,progressive,"NANGLE, Brett",United Australia Party,"RUSSELL, Sarah",Reason Australia,3230
Cooper,https://results.aec.gov.au/24310/Website/HouseDivisionPage-24310-320.htm,https://results.aec.gov.au/24310/Website/HouseDop-24310-320.htm,"KEARNEY, Ged",Australian Labor Party,110836,97481,4986,102467,92.45,28553,2,progressive,"NANGLE, Brett",United Australia Party,"RICHINGS, Nadine",Animal Justice Party,2980
Cooper,https://results.aec.gov.au/24310/Website/HouseDivisionPage-24310-320.htm,https://results.aec.gov.au/24310/Website/HouseDop-24310-320.htm,"KEARNEY, Ged",Australian Labor Party,110836,97481,4986,102467,92.45,28553,3,transfer,"RICHINGS, Nadine",Animal Justice Party,"BELL, Andrew",Liberal,292
Cooper,https://results.aec.gov.au/24310/Website/HouseDivisionPage-24310-320.htm,https://results.aec.gov.au/24310/Website/HouseDop-24310-320.htm,"KEARNEY, Ged",Australian Labor Party,110836,97481,4986,102467,92.45,28553,3,transfer,"RICHINGS, Nadine",Animal Justice Party,"KEARNEY, Ged",Australian Labor Party,467
Cooper,https://results.aec.gov.au/24310/Website/HouseDivisionPage-24310-320.htm,https://results.aec.gov.au/24310/Website/HouseDop-24310-320.htm,"KEARNEY, Ged",Australian Labor Party,110836,97481,4986,102467,92.45,28553,3,transfer,"RICHINGS, Nadine",Animal Justice Party,"LARKIN, Kath",Victorian Socialists,323
Cooper,https://results.aec.gov.au/24310/Website/HouseDivisionPage-24310-320.htm,https://results.aec.gov.au/24310/Website/HouseDop-24310-320.htm,"KEARNEY, Ged",Australian Labor Party,110836,97481,4986,102467,92.45,28553,3,transfer,"RICHINGS, Nadine",Animal Justice Party,"RISSTROM, David",The Greens (VIC),1260
Cooper,https://results.aec.gov.au/24310/Website/HouseDivisionPage-24310-320.htm,https://results.aec.gov.au/24310/Website/HouseDop-24310-320.htm,"KEARNEY, Ged",Australian Labor Party,110836,97481,4986,102467,92.45,28553,3,transfer,"RICHINGS, Nadine",Animal Justice Party,"RUSSELL, Sarah",Reason Australia,638
Cooper,https://results.aec.gov.au/24310/Website/HouseDivisionPage-24310-320.htm,https://results.aec.gov.au/24310/Website/HouseDop-24310-320.htm,"KEARNEY, Ged",Australian Labor Party,110836,97481,4986,102467,92.45,28553,3,progressive,"RICHINGS, Nadine",Animal Justice Party,"KEARNEY, Ged",Australian Labor Party,46525
Cooper,https://results.aec.gov.au/24310/Website/HouseDivisionPage-24310-320.htm,https://results.aec.gov.au/24310/Website/HouseDop-24310-320.htm,"KEARNEY, Ged",Australian Labor Party,110836,97481,4986,102467,92.45,28553,3,progressive,"RICHINGS, Nadine",Animal Justice Party,"RISSTROM, David",The Greens (VIC),22192
Cooper,https://results.aec.gov.au/24310/Website/HouseDivisionPage-24310-320.htm,https://results.aec.gov.au/24310/Website/HouseDop-24310-320.htm,"KEARNEY, Ged",Australian Labor Party,110836,97481,4986,102467,92.45,28553,3,progressive,"RICHINGS, Nadine",Animal Justice Party,"BELL, Andrew",Liberal,20258
Cooper,https://results.aec.gov.au/24310/Website/HouseDivisionPage-24310-320.htm,https://results.aec.gov.au/24310/Website/HouseDop-24310-320.htm,"KEARNEY, Ged",Australian Labor Party,110836,97481,4986,102467,92.45,28553,3,progressive,"RICHINGS, Nadine",Animal Justice Party,"LARKIN, Kath",Victorian Socialists,4638
Cooper,https://results.aec.gov.au/24310/Website/HouseDivisionPage-24310-320.htm,https://results.aec.gov.au/24310/Website/HouseDop-24310-320.htm,"KEARNEY, Ged",Australian Labor Party,110836,97481,4986,102467,92.45,28553,3,progressive,"RICHINGS, Nadine",Animal Justice Party,"RUSSELL, Sarah",Reason Australia,3868
Cooper,https://results.aec.gov.au/24310/Website/HouseDivisionPage-24310-320.htm,https://results.aec.gov.au/24310/Website/HouseDop-24310-320.htm,"KEARNEY, Ged",Australian Labor Party,110836,97481,4986,102467,92.45,28553,4,transfer,"RUSSELL, Sarah",Reason Australia,"BELL, Andrew",Liberal,431
Cooper,https://results.aec.gov.au/24310/Website/HouseDivisionPage-24310-320.htm,https://results.aec.gov.au/24310/Website/HouseDop-24310-320.htm,"KEARNEY, Ged",Australian Labor Party,110836,97481,4986,102467,92.45,28553,4,transfer,"RUSSELL, Sarah",Reason Australia,"KEARNEY, Ged",Australian Labor Party,812
Cooper,https://results.aec.gov.au/24310/Website/HouseDivisionPage-24310-320.htm,https://results.aec.gov.au/24310/Website/HouseDop-24310-320.htm,"KEARNEY, Ged",Australian Labor Party,110836,97481,4986,102467,92.45,28553,4,transfer,"RUSSELL, Sarah",Reason Australia,"LARKIN, Kath",Victorian Socialists,777
Cooper,https://results.aec.gov.au/24310/Website/HouseDivisionPage-24310-320.htm,https://results.aec.gov.au/24310/Website/HouseDop-24310-320.htm,"KEARNEY, Ged",Australian Labor Party,110836,97481,4986,102467,92.45,28553,4,transfer,"RUSSELL, Sarah",Reason Australia,"RISSTROM, David",The Greens (VIC),1848
Cooper,https://results.aec.gov.au/24310/Website/HouseDivisionPage-24310-320.htm,https://results.aec.gov.au/24310/Website/HouseDop-24310-320.htm,"KEARNEY, Ged",Australian Labor Party,110836,97481,4986,102467,92.45,28553,4,progressive,"RUSSELL, Sarah",Reason Australia,"KEARNEY, Ged",Australian Labor Party,47337
Cooper,https://results.aec.gov.au/24310/Website/HouseDivisionPage-24310-320.htm,https://results.aec.gov.au/24310/Website/HouseDop-24310-320.htm,"KEARNEY, Ged",Australian Labor Party,110836,97481,4986,102467,92.45,28553,4,progressive,"RUSSELL, Sarah",Reason Australia,"RISSTROM, David",The Greens (VIC),24040
Cooper,https://results.aec.gov.au/24310/Website/HouseDivisionPage-24310-320.htm,https://results.aec.gov.au/24310/Website/HouseDop-24310-320.htm,"KEARNEY, Ged",Australian Labor Party,110836,97481,4986,102467,92.45,28553,4,progressive,"RUSSELL, Sarah",Reason Australia,"BELL, Andrew",Liberal,20689
Cooper,https://results.aec.gov.au/24310/Website/HouseDivisionPage-24310-320.htm,https://results.aec.gov.au/24310/Website/HouseDop-24310-320.htm,"KEARNEY, Ged",Australian Labor Party,110836,97481,4986,102467,92.45,28553,4,progressive,"RUSSELL, Sarah",Reason Australia,"LARKIN, Kath",Victorian Socialists,5415
Cooper,https://results.aec.gov.au/24310/Website/HouseDivisionPage-24310-320.htm,https://results.aec.gov.au/24310/Website/HouseDop-24310-320.htm,"KEARNEY, Ged",Australian Labor Party,110836,97481,4986,102467,92.45,28553,5,transfer,"LARKIN, Kath",Victorian Socialists,"BELL, Andrew",Liberal,351
Cooper,https://results.aec.gov.au/24310/Website/HouseDivisionPage-24310-320.htm,https://results.aec.gov.au/24310/Website/HouseDop-24310-320.htm,"KEARNEY, Ged",Australian Labor Party,110836,97481,4986,102467,92.45,28553,5,transfer,"LARKIN, Kath",Victorian Socialists,"KEARNEY, Ged",Australian Labor Party,1711
Cooper,https://results.aec.gov.au/24310/Website/HouseDivisionPage-24310-320.htm,https://results.aec.gov.au/24310/Website/HouseDop-24310-320.htm,"KEARNEY, Ged",Australian Labor Party,110836,97481,4986,102467,92.45,28553,5,transfer,"LARKIN, Kath",Victorian Socialists,"RISSTROM, David",The Greens (VIC),3353
Cooper,https://results.aec.gov.au/24310/Website/HouseDivisionPage-24310-320.htm,https://results.aec.gov.au/24310/Website/HouseDop-24310-320.htm,"KEARNEY, Ged",Australian Labor Party,110836,97481,4986,102467,92.45,28553,5,progressive,"LARKIN, Kath",Victorian Socialists,"KEARNEY, Ged",Australian Labor Party,49048
Cooper,https://results.aec.gov.au/24310/Website/HouseDivisionPage-24310-320.htm,https://results.aec.gov.au/24310/Website/HouseDop-24310-320.htm,"KEARNEY, Ged",Australian Labor Party,110836,97481,4986,102467,92.45,28553,5,progressive,"LARKIN, Kath",Victorian Socialists,"RISSTROM, David",The Greens (VIC),27393
Cooper,https://results.aec.gov.au/24310/Website/HouseDivisionPage-24310-320.htm,https://results.aec.gov.au/24310/Website/HouseDop-24310-320.htm,"KEARNEY, Ged",Australian Labor Party,110836,97481,4986,102467,92.45,28553,5,progressive,"LARKIN, Kath",Victorian Socialists,"BELL, Andrew",Liberal,21040
Cooper,https://results.aec.gov.au/24310/Website/HouseDivisionPage-24310-320.htm,https://results.aec.gov.au/24310/Website/HouseDop-24310-320.htm,"KEARNEY, Ged",Australian Labor Party,110836,97481,4986,102467,92.45,28553,6,transfer,"BELL, Andrew",Liberal,"KEARNEY, Ged",Australian Labor Party,13969
Cooper,https://results.aec.gov.au/24310/Website/HouseDivisionPage-24310-320.htm,https://results.aec.gov.au/24310/Website/HouseDop-24310-320.htm,"KEARNEY, Ged",Australian Labor Party,110836,97481,4986,102467,92.45,28553,6,transfer,"BELL, Andrew",Liberal,"RISSTROM, David",The Greens (VIC),7071
Cooper,https://results.aec.gov.au/24310/Website/HouseDivisionPage-24310-320.htm,https://results.aec.gov.au/24310/Website/HouseDop-24310-320.htm,"KEARNEY, Ged",Australian Labor Party,110836,97481,4986,102467,92.45,28553,6,final,"BELL, Andrew",Liberal,"KEARNEY, Ged",Australian Labor Party,63017
Cooper,https://results.aec.gov.au/24310/Website/HouseDivisionPage-24310-320.htm,https://results.aec.gov.au/24310/Website/HouseDop-24310-320.htm,"KEARNEY, Ged",Australian Labor Party,110836,97481,4986,102467,92.45,28553,6,final,"BELL, Andrew",Liberal,"RISSTROM, David",The Greens (VIC),34464
Corangamite,https://results.aec.gov.au/24310/Website/HouseDivisionPage-24310-207.htm,https://results.aec.gov.au/24310/Website/HouseDop-24310-207.htm,"COKER, Libby",Australian Labor Party,111601,101620,4196,105816,94.82,2170,0,first,,,"HENDERSON, Sarah",Liberal,43017
Corangamite,https://results.aec.gov.au/24310/Website/HouseDivisionPage-24310-207.htm,https://results.aec.gov.au/24310/Website/HouseDop-24310-207.htm,"COKER, Libby",Australian Labor Party,111601,101620,4196,105816,94.82,2170,0,first,,,"COKER, Libby",Australian Labor Party,36047
Corangamite,https://results.aec.gov.au/24310/Website/HouseDivisionPage-24310-207.htm,https://results.aec.gov.au/24310/Website/HouseDop-24310-207.htm,"COKER, Libby",Australian Labor Party,111601,101620,4196,105816,94.82,2170,0,first,,,"NORTHEAST, Simon",The Greens (VIC),9184
Corangamite,https://results.aec.gov.au/24310/Website/HouseDivisionPage-24310-207.htm,https://results.aec.gov.au/24310/Website/HouseDop-24310-207.htm,"COKER, Libby",Australian Labor Party,111601,101620,4196,105816,94.82,2170,0,first,,,"COLE, Damien",Independent,5131
Corangamite,https://results.aec.gov.au/24310/Website/HouseDivisionPage-24310-207.htm,https://results.aec.gov.au/24310/Website/HouseDop-24310-207.htm,"COKER, Libby",Australian Labor Party,111601,101620,4196,105816,94.82,2170,0,first,,,"GRIMLEY, Mandy",Derryn Hinch's Justice Party,2724
Corangamite,https://results.aec.gov.au/24310/Website/HouseDivisionPage-24310-207.htm,https://results.aec.gov.au/24310/Website/HouseDop-24310-207.htm,"COKER, Libby",Australian Labor Party,111601,101620,4196,105816,94.82,2170,0,first,,,"HARVEY, Neil",United Australia Party,2257
Corangamite,https://results.aec.gov.au/24310/Website/HouseDivisionPage-24310-207.htm,https://results.aec.gov.au/24310/Website/HouseDop-24310-207.htm,"COKER, Libby",Australian Labor Party,111601,101620,4196,105816,94.82,2170,0,first,,,"ADAMS, Naomi",Animal Justice Party,2143
Corangamite,https://results.aec.gov.au/24310/Website/HouseDivisionPage-24310-207.htm,https://results.aec.gov.au/24310/Website/HouseDop-24310-207.htm,"COKER, Libby",Australian Labor Party,111601,101620,4196,105816,94.82,2170,0,first,,,"ERSKINE, Ian",Rise Up Australia Party,1117
Corangamite,https://results.aec.gov.au/24310/Website/HouseDivisionPage-24310-207.htm,https://results.aec.gov.au/24310/Website/HouseDop-24310-207.htm,"COKER, Libby",Australian Labor Party,111601,101620,4196,105816,94.82,2170,1,transfer,"ERSKINE, Ian",Rise Up Australia Party,"ADAMS, Naomi",Animal Justice Party,76
Corangamite,https://results.aec.gov.au/24310/Website/HouseDivisionPage-24310-207.htm,https://results.aec.gov.au/24310/Website/HouseDop-24310-207.htm,"COKER, Libby",Australian Labor Party,111601,101620,4196,105816,94.82,2170,1,transfer,"ERSKINE, Ian",Rise Up Australia Party,"COKER, Libby",Australian Labor Party,300
Corangamite,https://results.aec.gov.au/24310/Website/HouseDivisionPage-24310-207.htm,https://results.aec.gov.au/24310/Website/HouseDop-24310-207.htm,"COKER, Libby",Australian Labor Party,111601,101620,4196,105816,94.82,2170,1,transfer,"ERSKINE, Ian",Rise Up Australia Party,"COLE, Damien",Independent,88
Corangamite,https://results.aec.gov.au/24310/Website/HouseDivisionPage-24310-207.htm,https://results.aec.gov.au/24310/Website/HouseDop-24310-207.htm,"COKER, Libby",Australian Labor Party,111601,101620,4196,105816,94.82,2170,1,transfer,"ERSKINE, Ian",Rise Up Australia Party,"GRIMLEY, Mandy",Derryn Hinch's Justice Party,107
Corangamite,https://results.aec.gov.au/24310/Website/HouseDivisionPage-24310-207.htm,https://results.aec.gov.au/24310/Website/HouseDop-24310-207.htm,"COKER, Libby",Australian Labor Party,111601,101620,4196,105816,94.82,2170,1,transfer,"ERSKINE, Ian",Rise Up Australia Party,"HARVEY, Neil",United Australia Party,223
Corangamite,https://results.aec.gov.au/24310/Website/HouseDivisionPage-24310-207.htm,https://results.aec.gov.au/24310/Website/HouseDop-24310-207.htm,"COKER, Libby",Australian Labor Party,111601,101620,4196,105816,94.82,2170,1,transfer,"ERSKINE, Ian",Rise Up Australia Party,"HENDERSON, Sarah",Liberal,240
Corangamite,https://results.aec.gov.au/24310/Website/HouseDivisionPage-24310-207.htm,https://results.aec.gov.au/24310/Website/HouseDop-24310-207.htm,"COKER, Libby",Australian Labor Party,111601,101620,4196,105816,94.82,2170,1,transfer,"ERSKINE, Ian",Rise Up Australia Party,"NORTHEAST, Simon",The Greens (VIC),83
Corangamite,https://results.aec.gov.au/24310/Website/HouseDivisionPage-24310-207.htm,https://results.aec.gov.au/24310/Website/HouseDop-24310-207.htm,"COKER, Libby",Australian Labor Party,111601,101620,4196,105816,94.82,2170,1,progressive,"ERSKINE, Ian",Rise Up Australia Party,"HENDERSON, Sarah",Liberal,43257
Corangamite,https://results.aec.gov.au/24310/Website/HouseDivisionPage-24310-207.htm,https://results.aec.gov.au/24310/Website/HouseDop-24310-207.htm,"COKER, Libby",Australian Labor Party,111601,101620,4196,105816,94.82,2170,1,progressive,"ERSKINE, Ian",Rise Up Australia Party,"COKER, Libby",Australian Labor Party,36347
Corangamite,https://results.aec.gov.au/24310/Website/HouseDivisionPage-24310-207.htm,https://results.aec.gov.au/24310/Website/HouseDop-24310-207.htm,"COKER, Libby",Australian Labor Party,111601,101620,4196,105816,94.82,2170,1,progressive,"ERSKINE, Ian",Rise Up Australia Party,"NORTHEAST, Simon",The Greens (VIC),9267
Corangamite,https://results.aec.gov.au/24310/Website/HouseDivisionPage-24310-207.htm,https://results.aec.gov.au/24310/Website/HouseDop-24310-207.htm,"COKER, Libby",Australian Labor Party,111601,101620,4196,105816,94.82,2170,1,progressive,"ERSKINE, Ian",Rise Up Australia Party,"COLE, Damien",Independent,5219
Corangamite,https://results.aec.gov.au/24310/Website/HouseDivisionPage-24310-207.htm,https://results.aec.gov.au/24310/Website/HouseDop-24310-207.htm,"COKER, Libby",Australian Labor Party,111601,101620,4196,105816,94.82,2170,1,progressive,"ERSKINE, Ian",Rise Up Australia Party,"GRIMLEY, Mandy",Derryn Hinch's Justice Party,2831
Corangamite,https://results.aec.gov.au/24310/Website/HouseDivisionPage-24310-207.htm,https://results.aec.gov.au/24310/Website/HouseDop-24310-207.htm,"COKER, Libby",Australian Labor Party,111601,101620,4196,105816,94.82,2170,1,progressive,"ERSKINE, Ian",Rise Up Australia Party,"HARVEY, Neil",United Australia Party,2480
Corangamite,https://results.aec.gov.au/24310/Website/HouseDivisionPage-24310-207.htm,https://results.aec.gov.au/24310/Website/HouseDop-24310-207.htm,"COKER, Libby",Australian Labor Party,111601,101620,4196,105816,94.82,2170,1,progressive,"ERSKINE, Ian",Rise Up Australia Party,"ADAMS, Naomi",Animal Justice Party,2219
Corangamite,https://results.aec.gov.au/24310/Website/HouseDivisionPage-24310-207.htm,https://results.aec.gov.au/24310/Website/HouseDop-24310-207.htm,"COKER, Libby",Australian Labor Party,111601,101620,4196,105816,94.82,2170,2,transfer,"ADAMS, Naomi",Animal Justice Party,"COKER, Libby",Australian Labor Party,321
Corangamite,https://results.aec.gov.au/24310/Website/HouseDivisionPage-24310-207.htm,https://results.aec.gov.au/24310/Website/HouseDop-24310-207.htm,"COKER, Libby",Australian Labor Party,111601,101620,4196,105816,94.82,2170,2,transfer,"ADAMS, Naomi",Animal Justice Party,"COLE, Damien",Independent,519
Corangamite,https://results.aec.gov.au/24310/Website/HouseDivisionPage-24310-207.htm,https://results.aec.gov.au/24310/Website/HouseDop-24310-207.htm,"COKER, Libby",Australian Labor Party,111601,101620,4196,105816,94.82,2170,2,transfer,"ADAMS, Naomi",Animal Justice Party,"GRIMLEY, Mandy",Derryn Hinch's Justice Party,297
Corangamite,https://results.aec.gov.au/24310/Website/HouseDivisionPage-24310-207.htm,https://results.aec.gov.au/24310/Website/HouseDop-24310-207.htm,"COKER, Libby",Australian Labor Party,111601,101620,4196,105816,94.82,2170,2,transfer,"ADAMS, Naomi",Animal Justice Party,"HARVEY, Neil",United Australia Party,94
Corangamite,https://results.aec.gov.au/24310/Website/HouseDivisionPage-24310-207.htm,https://results.aec.gov.au/24310/Website/HouseDop-24310-207.htm,"COKER, Libby",Australian Labor Party,111601,101620,4196,105816,94.82,2170,2,transfer,"ADAMS, Naomi",Animal Justice Party,"HENDERSON, Sarah",Liberal,215
Corangamite,https://results.aec.gov.au/24310/Website/HouseDivisionPage-24310-207.htm,https://results.aec.gov.au/24310/Website/HouseDop-24310-207.htm,"COKER, Libby",Australian Labor Party,111601,101620,4196,105816,94.82,2170,2,transfer,"ADAMS, Naomi",Animal Justice Party,"NORTHEAST, Simon",The Greens (VIC),773
Corangamite,https://results.aec.gov.au/24310/Website/HouseDivisionPage-24310-207.htm,https://results.aec.gov.au/24310/Website/HouseDop-24310-207.htm,"COKER, Libby",Australian Labor Party,111601,101620,4196,105816,94.82,2170,2,progressive,"ADAMS, Naomi",Animal Justice Party,"HENDERSON, Sarah",Liberal,43472
Corangamite,https://results.aec.gov.au/24310/Website/HouseDivisionPage-24310-207.htm,https://results.aec.gov.au/24310/Website/HouseDop-24310-207.htm,"COKER, Libby",Australian Labor Party,111601,101620,4196,105816,94.82,2170,2,progressive,"ADAMS, Naomi",Animal Justice Party,"COKER, Libby",Australian Labor Party,36668
Corangamite,https://results.aec.gov.au/24310/Website/HouseDivisionPage-24310-207.htm,https://results.aec.gov.au/24310/Website/HouseDop-24310-207.htm,"COKER, Libby",Australian Labor Party,111601,101620,4196,105816,94.82,2170,2,progressive,"ADAMS, Naomi",Animal Justice Party,"NORTHEAST, Simon",The Greens (VIC),10040
Corangamite,https://results.aec.gov.au/24310/Website/HouseDivisionPage-24310-207.htm,https://results.aec.gov.au/24310/Website/HouseDop-24310-207.htm,"COKER, Libby",Australian Labor Party,111601,101620,4196,105816,94.82,2170,2,progressive,"ADAMS, Naomi",Animal Justice Party,"COLE, Damien",Independent,5738
Corangamite,https://results.aec.gov.au/24310/Website/HouseDivisionPage-24310-207.htm,https://results.aec.gov.au/24310/Website/HouseDop-24310-207.htm,"COKER, Libby",Australian Labor Party,111601,101620,4196,105816,94.82,2170,2,progressive,"ADAMS, Naomi",Animal Justice Party,"GRIMLEY, Mandy",Derryn Hinch's Justice Party,3128
Corangamite,https://results.aec.gov.au/24310/Website/HouseDivisionPage-24310-207.htm,https://results.aec.gov.au/24310/Website/HouseDop-24310-207.htm,"COKER, Libby",Australian Labor Party,111601,101620,4196,105816,94.82,2170,2,progressive,"ADAMS, Naomi",Animal Justice Party,"HARVEY, Neil",United Australia Party,2574
Corangamite,https://results.aec.gov.au/24310/Website/HouseDivisionPage-24310-207.htm,https://results.aec.gov.au/24310/Website/HouseDop-24310-207.htm,"COKER, Libby",Australian Labor Party,111601,101620,4196,105816,94.82,2170,3,transfer,"HARVEY, Neil",United Australia Party,"COKER, Libby",Australian Labor Party,300
Corangamite,https://results.aec.gov.au/24310/Website/HouseDivisionPage-24310-207.htm,https://results.aec.gov.au/24310/Website/HouseDop-24310-207.htm,"COKER, Libby",Australian Labor Party,111601,101620,4196,105816,94.82,2170,3,transfer,"HARVEY, Neil",United Australia Party,"COLE, Damien",Independent,398
Corangamite,https://results.aec.gov.au/24310/Website/HouseDivisionPage-24310-207.htm,https://results.aec.gov.au/24310/Website/HouseDop-24310-207.htm,"COKER, Libby",Australian Labor Party,111601,101620,4196,105816,94.82,2170,3,transfer,"HARVEY, Neil",United Australia Party,"GRIMLEY, Mandy",Derryn Hinch's Justice Party,793
Corangamite,https://results.aec.gov.au/24310/Website/HouseDivisionPage-24310-207.htm,https://results.aec.gov.au/24310/Website/HouseDop-24310-207.htm,"COKER, Libby",Australian Labor Party,111601,101620,4196,105816,94.82,2170,3,transfer,"HARVEY, Neil",United Australia Party,"HENDERSON, Sarah",Liberal,943
Corangamite,https://results.aec.gov.au/24310/Website/HouseDivisionPage-24310-207.htm,https://results.aec.gov.au/24310/Website/HouseDop-24310-207.htm,"COKER, Libby",Australian Labor Party,111601,101620,4196,105816,94.82,2170,3,transfer,"HARVEY, Neil",United Australia Party,"NORTHEAST, Simon",The Greens (VIC),140
Corangamite,https://results.aec.gov.au/24310/Website/HouseDivisionPage-24310-207.htm,https://results.aec.gov.au/24310/Website/HouseDop-24310-207.htm,"COKER, Libby",Australian Labor Party,111601,101620,4196,105816,94.82,2170,3,progressive,"HARVEY, Neil",United Australia Party,"HENDERSON, Sarah",Liberal,44415
Corangamite,https://results.aec.gov.au/24310/Website/HouseDivisionPage-24310-207.htm,https://results.aec.gov.au/24310/Website/HouseDop-24310-207.htm,"COKER, Libby",Australian Labor Party,111601,101620,4196,105816,94.82,2170,3,progressive,"HARVEY, Neil",United Australia Party,"COKER, Libby",Australian Labor Party,36968
Corangamite,https://results.aec.gov.au/24310/Website/HouseDivisionPage-24310-207.htm,https://results.aec.gov.au/24310/Website/HouseDop-24310-207.htm,"COKER, Libby",Australian Labor Party,111601,101620,4196,105816,94.82,2170,3,progressive,"HARVEY, Neil",United Australia Party,"NORTHEAST, Simon",The Greens (VIC),10180
Corangamite,https://results.aec.gov.au/24310/Website/HouseDivisionPage-24310-207.htm,https://results.aec.gov.au/24310/Website/HouseDop-24310-207.htm,"COKER, Libby",Australian Labor Party,111601,101620,4196,105816,94.82,2170,3,progressive,"HARVEY, Neil",United Australia Party,"COLE, Damien",Independent,6136
Corangamite,https://results.aec.gov.au/24310/Website/HouseDivisionPage-24310-207.htm,https://results.aec.gov.au/24310/Website/HouseDop-24310-207.htm,"COKER, Libby",Australian Labor Party,111601,101620,4196,105816,94.82,2170,3,progressive,"HARVEY, Neil",United Australia Party,"GRIMLEY, Mandy",Derryn Hinch's Justice Party,3921
Corangamite,https://results.aec.gov.au/24310/Website/HouseDivisionPage-24310-207.htm,https://results.aec.gov.au/24310/Website/HouseDop-24310-207.htm,"COKER, Libby",Australian Labor Party,111601,101620,4196,105816,94.82,2170,4,transfer,"GRIMLEY, Mandy",Derryn Hinch's Justice Party,"COKER, Libby",Australian Labor Party,872
Corangamite,https://results.aec.gov.au/24310/Website/HouseDivisionPage-24310-207.htm,https://results.aec.gov.au/24310/Website/HouseDop-24310-207.htm,"COKER, Libby",Australian Labor Party,111601,101620,4196,105816,94.82,2170,4,transfer,"GRIMLEY, Mandy",Derryn Hinch's Justice Party,"COLE, Damien",Independent,1490
Corangamite,https://results.aec.gov.au/24310/Website/HouseDivisionPage-24310-207.htm,https://results.aec.gov.au/24310/Website/HouseDop-24310-207.htm,"COKER, Libby",Australian Labor Party,111601,101620,4196,105816,94.82,2170,4,transfer,"GRIMLEY, Mandy",Derryn Hinch's Justice Party,"HENDERSON, Sarah",Liberal,1036
Corangamite,https://results.aec.gov.au/24310/Website/HouseDivisionPage-24310-207.htm,https://results.aec.gov.au/24310/Website/HouseDop-24310-207.htm,"COKER, Libby",Australian Labor Party,111601,101620,4196,105816,94.82,2170,4,transfer,"GRIMLEY, Mandy",Derryn Hinch's Justice Party,"NORTHEAST, Simon",The Greens (VIC),523
Corangamite,https://results.aec.gov.au/24310/Website/HouseDivisionPage-24310-207.htm,https://results.aec.gov.au/24310/Website/HouseDop-24310-207.htm,"COKER, Libby",Australian Labor Party,111601,101620,4196,105816,94.82,2170,4,progressive,"GRIMLEY, Mandy",Derryn Hinch's Justice Party,"HENDERSON, Sarah",Liberal,45451
Corangamite,https://results.aec.gov.au/24310/Website/HouseDivisionPage-24310-207.htm,https://results.aec.gov.au/24310/Website/HouseDop-24310-207.htm,"COKER, Libby",Australian Labor Party,111601,101620,4196,105816,94.82,2170,4,progressive,"GRIMLEY, Mandy",Derryn Hinch's Justice Party,"COKER, Libby",Australian Labor Party,37840
Corangamite,https://results.aec.gov.au/24310/Website/HouseDivisionPage-24310-207.htm,https://results.aec.gov.au/24310/Website/HouseDop-24310-207.htm,"COKER, Libby",Australian Labor Party,111601,101620,4196,105816,94.82,2170,4,progressive,"GRIMLEY, Mandy",Derryn Hinch's Justice Party,"NORTHEAST, Simon",The Greens (VIC),10703
Corangamite,https://results.aec.gov.au/24310/Website/HouseDivisionPage-24310-207.htm,https://results.aec.gov.au/24310/Website/HouseDop-24310-207.htm,"COKER, Libby",Australian Labor Party,111601,101620,4196,105816,94.82,2170,4,progressive,"GRIMLEY, Mandy",Derryn Hinch's Justice Party,"COLE, Damien",Independent,7626
Corangamite,https://results.aec.gov.au/24310/Website/HouseDivisionPage-24310-207.htm,https://results.aec.gov.au/24310/Website/HouseDop-24310-207.htm,"COKER, Libby",Australian Labor Party,111601,101620,4196,105816,94.82,2170,5,transfer,"COLE, Damien",Independent,"COKER, Libby",Australian Labor Party,2203
Corangamite,https://results.aec.gov.au/24310/Website/HouseDivisionPage-24310-207.htm,https://results.aec.gov.au/24310/Website/HouseDop-24310-207.htm,"COKER, Libby",Australian Labor Party,111601,101620,4196,105816,94.82,2170,5,transfer,"COLE, Damien",Independent,"HENDERSON, Sarah",Liberal,1789
Corangamite,https://results.aec.gov.au/24310/Website/HouseDivisionPage-24310-207.htm,https://results.aec.gov.au/24310/Website/HouseDop-24310-207.htm,"COKER, Libby",Australian Labor Party,111601,101620,4196,105816,94.82,2170,5,transfer,"COLE, Damien",Independent,"NORTHEAST, Simon",The Greens (VIC),3634
Corangamite,https://results.aec.gov.au/24310/Website/HouseDivisionPage-24310-207.htm,https://results.aec.gov.au/24310/Website/HouseDop-24310-207.htm,"COKER, Libby",Australian Labor Party,111601,101620,4196,105816,94.82,2170,5,progressive,"COLE, Damien",Independent,"HENDERSON, Sarah",Liberal,47240
Corangamite,https://results.aec.gov.au/24310/Website/HouseDivisionPage-24310-207.htm,https://results.aec.gov.au/24310/Website/HouseDop-24310-207.htm,"COKER, Libby",Australian Labor Party,111601,101620,4196,105816,94.82,2170,5,progressive,"COLE, Damien",Independent,"COKER, Libby",Australian Labor Party,40043
Corangamite,https://results.aec.gov.au/24310/Website/HouseDivisionPage-24310-207.htm,https://results.aec.gov.au/24310/Website/HouseDop-24310-207.htm,"COKER, Libby",Australian Labor Party,111601,101620,4196,105816,94.82,2170,5,progressive,"COLE, Damien",Independent,"NORTHEAST, Simon",The Greens (VIC),14337
Corangamite,https://results.aec.gov.au/24310/Website/HouseDivisionPage-24310-207.htm,https://results.aec.gov.au/24310/Website/HouseDop-24310-207.htm,"COKER, Libby",Australian Labor Party,111601,101620,4196,105816,94.82,2170,6,transfer,"NORTHEAST, Simon",The Greens (VIC),"COKER, Libby",Australian Labor Party,11852
Corangamite,https://results.aec.gov.au/24310/Website/HouseDivisionPage-24310-207.htm,https://results.aec.gov.au/24310/Website/HouseDop-24310-207.htm,"COKER, Libby",Australian Labor Party,111601,101620,4196,105816,94.82,2170,6,transfer,"NORTHEAST, Simon",The Greens (VIC),"HENDERSON, Sarah",Liberal,2485
Corangamite,https://results.aec.gov.au/24310/Website/HouseDivisionPage-24310-207.htm,https://results.aec.gov.au/24310/Website/HouseDop-24310-207.htm,"COKER, Libby",Australian Labor Party,111601,101620,4196,105816,94.82,2170,6,final,"NORTHEAST, Simon",The Greens (VIC),"COKER, Libby",Australian Labor Party,51895
Corangamite,https://results.aec.gov.au/24310/Website/HouseDivisionPage-24310-207.htm,https://results.aec.gov.au/24310/Website/HouseDop-24310-207.htm,"COKER, Libby",Australian Labor Party,111601,101620,4196,105816,94.82,2170,6,final,"NORTHEAST, Simon",The Greens (VIC),"HENDERSON, Sarah",Liberal,49725
Corio,https://results.aec.gov.au/24310/Website/HouseDivisionPage-24310-208.htm,https://results.aec.gov.au/24310/Website/HouseDop-24310-208.htm,"MARLES, Richard",Australian Labor Party,110304,98752,3648,102400,92.83,20392,0,first,,,"MARLES, Richard",Australian Labor Party,47010
Corio,https://results.aec.gov.au/24310/Website/HouseDivisionPage-24310-208.htm,https://results.aec.gov.au/24310/Website/HouseDop-24310-208.htm,"MARLES, Richard",Australian Labor Party,110304,98752,3648,102400,92.83,20392,0,first,,,"THOMSON, Alastair",Liberal,33426
Corio,https://results.aec.gov.au/24310/Website/HouseDivisionPage-24310-208.htm,https://results.aec.gov.au/24310/Website/HouseDop-24310-208.htm,"MARLES, Richard",Australian Labor Party,110304,98752,3648,102400,92.83,20392,0,first,,,"FORBES, Amber",The Greens (VIC),12902
Corio,https://results.aec.gov.au/24310/Website/HouseDivisionPage-24310-208.htm,https://results.aec.gov.au/24310/Website/HouseDop-24310-208.htm,"MARLES, Richard",Australian Labor Party,110304,98752,3648,102400,92.83,20392,0,first,,,"SANBORN, Desmond",United Australia Party,5414
Corio,https://results.aec.gov.au/24310/Website/HouseDivisionPage-24310-208.htm,https://results.aec.gov.au/24310/Website/HouseDop-24310-208.htm,"MARLES, Richard",Australian Labor Party,110304,98752,3648,102400,92.83,20392,1,transfer,"SANBORN, Desmond",United Australia Party,"FORBES, Amber",The Greens (VIC),1369
Corio,https://results.aec.gov.au/24310/Website/HouseDivisionPage-24310-208.htm,https://results.aec.gov.au/24310/Website/HouseDop-24310-208.htm,"MARLES, Richard",Australian Labor Party,110304,98752,3648,102400,92.83,20392,1,transfer,"SANBORN, Desmond",United Australia Party,"MARLES, Richard",Australian Labor Party,1462
Corio,https://results.aec.gov.au/24310/Website/HouseDivisionPage-24310-208.htm,https://results.aec.gov.au/24310/Website/HouseDop-24310-208.htm,"MARLES, Richard",Australian Labor Party,110304,98752,3648,102400,92.83,20392,1,transfer,"SANBORN, Desmond",United Australia Party,"THOMSON, Alastair",Liberal,2583
Corio,https://results.aec.gov.au/24310/Website/HouseDivisionPage-24310-208.htm,https://results.aec.gov.au/24310/Website/HouseDop-24310-208.htm,"MARLES, Richard",Australian Labor Party,110304,98752,3648,102400,92.83,20392,1,progressive,"SANBORN, Desmond",United Australia Party,"MARLES, Richard",Australian Labor Party,48472
Corio,https://results.aec.gov.au/24310/Website/HouseDivisionPage-24310-208.htm,https://results.aec.gov.au/24310/Website/HouseDop-24310-208.htm,"MARLES, Richard",Australian Labor Party,110304,98752,3648,102400,92.83,20392,1,progressive,"SANBORN, Desmond",United Australia Party,"THOMSON, Alastair",Liberal,36009
Corio,https://results.aec.gov.au/24310/Website/HouseDivisionPage-24310-208.htm,https://results.aec.gov.au/24310/Website/HouseDop-24310-208.htm,"MARLES, Richard",Australian Labor Party,110304,98752,3648,102400,92.83,20392,1,progressive,"SANBORN, Desmond",United Australia Party,"FORBES, Amber",The Greens (VIC),14271
Corio,https://results.aec.gov.au/24310/Website/HouseDivisionPage-24310-208.htm,https://results.aec.gov.au/24310/Website/HouseDop-24310-208.htm,"MARLES, Richard",Australian Labor Party,110304,98752,3648,102400,92.83,20392,2,transfer,"FORBES, Amber",The Greens (VIC),"MARLES, Richard",Australian Labor Party,11100
Corio,https://results.aec.gov.au/24310/Website/HouseDivisionPage-24310-208.htm,https://results.aec.gov.au/24310/Website/HouseDop-24310-208.htm,"MARLES, Richard",Australian Labor Party,110304,98752,3648,102400,92.83,20392,2,transfer,"FORBES, Amber",The Greens (VIC),"THOMSON, Alastair",Liberal,3171
Corio,https://results.aec.gov.au/24310/Website/HouseDivisionPage-24310-208.htm,https://results.aec.gov.au/24310/Website/HouseDop-24310-208.htm,"MARLES, Richard",Australian Labor Party,110304,98752,3648,102400,92.83,20392,2,final,"FORBES, Amber",The Greens (VIC),"MARLES, Richard",Australian Labor Party,59572
Corio,https://results.aec.gov.au/24310/Website/HouseDivisionPage-24310-208.htm,https://results.aec.gov.au/24310/Website/HouseDop-24310-208.htm,"MARLES, Richard",Australian Labor Party,110304,98752,3648,102400,92.83,20392,2,final,"FORBES, Amber",The Greens (VIC),"THOMSON, Alastair",Liberal,39180
Deakin,https://results.aec.gov.au/24310/Website/HouseDivisionPage-24310-209.htm,https://results.aec.gov.au/24310/Website/HouseDop-24310-209.htm,"SUKKAR, Michael",Liberal,107493,97269,4155,101424,94.35,9307,0,first,,,"SUKKAR, Michael",Liberal,46536
Deakin,https://results.aec.gov.au/24310/Website/HouseDivisionPage-24310-209.htm,https://results.aec.gov.au/24310/Website/HouseDop-24310-209.htm,"SUKKAR, Michael",Liberal,107493,97269,4155,101424,94.35,9307,0,first,,,"MORRIS, Shireen",Australian Labor Party,31648
Deakin,https://results.aec.gov.au/24310/Website/HouseDivisionPage-24310-209.htm,https://results.aec.gov.au/24310/Website/HouseDop-24310-209.htm,"SUKKAR, Michael",Liberal,107493,97269,4155,101424,94.35,9307,0,first,,,"SUN, Sophia",The Greens (VIC),8730
Deakin,https://results.aec.gov.au/24310/Website/HouseDivisionPage-24310-209.htm,https://results.aec.gov.au/24310/Website/HouseDop-24310-209.htm,"SUKKAR, Michael",Liberal,107493,97269,4155,101424,94.35,9307,0,first,,,"SULLIVAN, Ellie Jean",Derryn Hinch's Justice Party,3386
Deakin,https://results.aec.gov.au/24310/Website/HouseDivisionPage-24310-209.htm,https://results.aec.gov.au/24310/Website/HouseDop-24310-209.htm,"SUKKAR, Michael",Liberal,107493,97269,4155,101424,94.35,9307,0,first,,,"WILDE, Milton",United Australia Party,1997
Deakin,https://results.aec.gov.au/24310/Website/HouseDivisionPage-24310-209.htm,https://results.aec.gov.au/24310/Website/HouseDop-24310-209.htm,"SUKKAR, Michael",Liberal,107493,97269,4155,101424,94.35,9307,0,first,,,"COSTANTINO, Vinita",Animal Justice Party,1964
Deakin,https://results.aec.gov.au/24310/Website/HouseDivisionPage-24310-209.htm,https://results.aec.gov.au/24310/Website/HouseDop-24310-209.htm,"SUKKAR, Michael",Liberal,107493,97269,4155,101424,94.35,9307,0,first,,,"JANSON, Vickie",Independent,1614
Deakin,https://results.aec.gov.au/24310/Website/HouseDivisionPage-24310-209.htm,https://results.aec.gov.au/24310/Website/HouseDop-24310-209.htm,"SUKKAR, Michael",Liberal,107493,97269,4155,101424,94.35,9307,0,first,,,"van der HORST, Joel",Labour DLP,1394
Deakin,https://results.aec.gov.au/24310/Website/HouseDivisionPage-24310-209.htm,https://results.aec.gov.au/24310/Website/HouseDop-24310-209.htm,"SUKKAR, Michael",Liberal,107493,97269,4155,101424,94.35,9307,1,transfer,"van der HORST, Joel",Labour DLP,"COSTANTINO, Vinita",Animal Justice Party,83
Deakin,https://results.aec.gov.au/24310/Website/HouseDivisionPage-24310-209.htm,https://results.aec.gov.au/24310/Website/HouseDop-24310-209.htm,"SUKKAR, Michael",Liberal,107493,97269,4155,101424,94.35,9307,1,transfer,"van der HORST, Joel",Labour DLP,"JANSON, Vickie",Independent,106
Deakin,https://results.aec.gov.au/24310/Website/HouseDivisionPage-24310-209.htm,https://results.aec.gov.au/24310/Website/HouseDop-24310-209.htm,"SUKKAR, Michael",Liberal,107493,97269,4155,101424,94.35,9307,1,transfer,"van der HORST, Joel",Labour DLP,"MORRIS, Shireen",Australian Labor Party,497
Deakin,https://results.aec.gov.au/24310/Website/HouseDivisionPage-24310-209.htm,https://results.aec.gov.au/24310/Website/HouseDop-24310-209.htm,"SUKKAR, Michael",Liberal,107493,97269,4155,101424,94.35,9307,1,transfer,"van der HORST, Joel",Labour DLP,"SUKKAR, Michael",Liberal,276
Deakin,https://results.aec.gov.au/24310/Website/HouseDivisionPage-24310-209.htm,https://results.aec.gov.au/24310/Website/HouseDop-24310-209.htm,"SUKKAR, Michael",Liberal,107493,97269,4155,101424,94.35,9307,1,transfer,"van der HORST, Joel",Labour DLP,"SULLIVAN, Ellie Jean",Derryn Hinch's Justice Party,130
Deakin,https://results.aec.gov.au/24310/Website/HouseDivisionPage-24310-209.htm,https://results.aec.gov.au/24310/Website/HouseDop-24310-209.htm,"SUKKAR, Michael",Liberal,107493,97269,4155,101424,94.35,9307,1,transfer,"van der HORST, Joel",Labour DLP,"SUN, Sophia",The Greens (VIC),117
Deakin,https://results.aec.gov.au/24310/Website/HouseDivisionPage-24310-209.htm,https://results.aec.gov.au/24310/Website/HouseDop-24310-209.htm,"SUKKAR, Michael",Liberal,107493,97269,4155,101424,94.35,9307,1,transfer,"van der HORST, Joel",Labour DLP,"WILDE, Milton",United Australia Party,185
Deakin,https://results.aec.gov.au/24310/Website/HouseDivisionPage-24310-209.htm,https://results.aec.gov.au/24310/Website/HouseDop-24310-209.htm,"SUKKAR, Michael",Liberal,107493,97269,4155,101424,94.35,9307,1,progressive,"van der HORST, Joel",Labour DLP,"SUKKAR, Michael",Liberal,46812
Deakin,https://results.aec.gov.au/24310/Website/HouseDivisionPage-24310-209.htm,https://results.aec.gov.au/24310/Website/HouseDop-24310-209.htm,"SUKKAR, Michael",Liberal,107493,97269,4155,101424,94.35,9307,1,progressive,"van der HORST, Joel",Labour DLP,"MORRIS, Shireen",Australian Labor Party,32145
Deakin,https://results.aec.gov.au/24310/Website/HouseDivisionPage-24310-209.htm,https://results.aec.gov.au/24310/Website/HouseDop-24310-209.htm,"SUKKAR, Michael",Liberal,107493,97269,4155,101424,94.35,9307,1,progressive,"van der HORST, Joel",Labour DLP,"SUN, Sophia",The Greens (VIC),8847
Deakin,https://results.aec.gov.au/24310/Website/HouseDivisionPage-24310-209.htm,https://results.aec.gov.au/24310/Website/HouseDop-24310-209.htm,"SUKKAR, Michael",Liberal,107493,97269,4155,101424,94.35,9307,1,progressive,"van der HORST, Joel",Labour DLP,"SULLIVAN, Ellie Jean",Derryn Hinch's Justice Party,3516
Deakin,https://results.aec.gov.au/24310/Website/HouseDivisionPage-24310-209.htm,https://results.aec.gov.au/24310/Website/HouseDop-24310-209.htm,"SUKKAR, Michael",Liberal,107493,97269,4155,101424,94.35,9307,1,progressive,"van der HORST, Joel",Labour DLP,"WILDE, Milton",United Australia Party,2182
Deakin,https://results.aec.gov.au/24310/Website/HouseDivisionPage-24310-209.htm,https://results.aec.gov.au/24310/Website/HouseDop-24310-209.htm,"SUKKAR, Michael",Liberal,107493,97269,4155,101424,94.35,9307,1,progressive,"van der HORST, Joel",Labour DLP,"COSTANTINO, Vinita",Animal Justice Party,2047
Deakin,https://results.aec.gov.au/24310/Website/HouseDivisionPage-24310-209.htm,https://results.aec.gov.au/24310/Website/HouseDop-24310-209.htm,"SUKKAR, Michael",Liberal,107493,97269,4155,101424,94.35,9307,1,progressive,"van der HORST, Joel",Labour DLP,"JANSON, Vickie",Independent,1720
Deakin,https://results.aec.gov.au/24310/Website/HouseDivisionPage-24310-209.htm,https://results.aec.gov.au/24310/Website/HouseDop-24310-209.htm,"SUKKAR, Michael",Liberal,107493,97269,4155,101424,94.35,9307,2,transfer,"JANSON, Vickie",Independent,"COSTANTINO, Vinita",Animal Justice Party,157
Deakin,https://results.aec.gov.au/24310/Website/HouseDivisionPage-24310-209.htm,https://results.aec.gov.au/24310/Website/HouseDop-24310-209.htm,"SUKKAR, Michael",Liberal,107493,97269,4155,101424,94.35,9307,2,transfer,"JANSON, Vickie",Independent,"MORRIS, Shireen",Australian Labor Party,200
Deakin,https://results.aec.gov.au/24310/Website/HouseDivisionPage-24310-209.htm,https://results.aec.gov.au/24310/Website/HouseDop-24310-209.htm,"SUKKAR, Michael",Liberal,107493,97269,4155,101424,94.35,9307,2,transfer,"JANSON, Vickie",Independent,"SUKKAR, Michael",Liberal,530
Deakin,https://results.aec.gov.au/24310/Website/HouseDivisionPage-24310-209.htm,https://results.aec.gov.au/24310/Website/HouseDop-24310-209.htm,"SUKKAR, Michael",Liberal,107493,97269,4155,101424,94.35,9307,2,transfer,"JANSON, Vickie",Independent,"SULLIVAN, Ellie Jean",Derryn Hinch's Justice Party,379
Deakin,https://results.aec.gov.au/24310/Website/HouseDivisionPage-24310-209.htm,https://results.aec.gov.au/24310/Website/HouseDop-24310-209.htm,"SUKKAR, Michael",Liberal,107493,97269,4155,101424,94.35,9307,2,transfer,"JANSON, Vickie",Independent,"SUN, Sophia",The Greens (VIC),283
Deakin,https://results.aec.gov.au/24310/Website/HouseDivisionPage-24310-209.htm,https://results.aec.gov.au/24310/Website/HouseDop-24310-209.htm,"SUKKAR, Michael",Liberal,107493,97269,4155,101424,94.35,9307,2,transfer,"JANSON, Vickie",Independent,"WILDE, Milton",United Australia Party,171
Deakin,https://results.aec.gov.au/24310/Website/HouseDivisionPage-24310-209.htm,https://results.aec.gov.au/24310/Website/HouseDop-24310-209.htm,"SUKKAR, Michael",Liberal,107493,97269,4155,101424,94.35,9307,2,progressive,"JANSON, Vickie",Independent,"SUKKAR, Michael",Liberal,47342
Deakin,https://results.aec.gov.au/24310/Website/HouseDivisionPage-24310-209.htm,https://results.aec.gov.au/24310/Website/HouseDop-24310-209.htm,"SUKKAR, Michael",Liberal,107493,97269,4155,101424,94.35,9307,2,progressive,"JANSON, Vickie",Independent,"MORRIS, Shireen",Australian Labor Party,32345
Deakin,https://results.aec.gov.au/24310/Website/HouseDivisionPage-24310-209.htm,https://results.aec.gov.au/24310/Website/HouseDop-24310-209.htm,"SUKKAR, Michael",Liberal,107493,97269,4155,101424,94.35,9307,2,progressive,"JANSON, Vickie",Independent,"SUN, Sophia",The Greens (VIC),9130
Deakin,https://results.aec.gov.au/24310/Website/HouseDivisionPage-24310-209.htm,https://results.aec.gov.au/24310/Website/HouseDop-24310-209.htm,"SUKKAR, Michael",Liberal,107493,97269,4155,101424,94.35,9307,2,progressive,"JANSON, Vickie",Independent,"SULLIVAN, Ellie Jean",Derryn Hinch's Justice Party,3895
Deakin,https://results.aec.gov.au/24310/Website/HouseDivisionPage-24310-209.htm,https://results.aec.gov.au/24310/Website/HouseDop-24310-209.htm,"SUKKAR, Michael",Liberal,107493,97269,4155,101424,94.35,9307,2,progressive,"JANSON, Vickie",Independent,"WILDE, Milton",United Australia Party,2353
Deakin,https://results.aec.gov.au/24310/Website/HouseDivisionPage-24310-209.htm,https://results.aec.gov.au/24310/Website/HouseDop-24310-209.htm,"SUKKAR, Michael",Liberal,107493,97269,4155,101424,94.35,9307,2,progressive,"JANSON, Vickie",Independent,"COSTANTINO, Vinita",Animal Justice Party,2204
Deakin,https://results.aec.gov.au/24310/Website/HouseDivisionPage-24310-209.htm,https://results.aec.gov.au/24310/Website/HouseDop-24310-209.htm,"SUKKAR, Michael",Liberal,107493,97269,4155,101424,94.35,9307,3,transfer,"COSTANTINO, Vinita",Animal Justice Party,"MORRIS, Shireen",Australian Labor Party,380
Deakin,https://results.aec.gov.au/24310/Website/HouseDivisionPage-24310-209.htm,https://results.aec.gov.au/24310/Website/HouseDop-24310-209.htm,"SUKKAR, Michael",Liberal,107493,97269,4155,101424,94.35,9307,3,transfer,"COSTANTINO, Vinita",Animal Justice Party,"SUKKAR, Michael",Liberal,245
Deakin,https://results.aec.gov.au/24310/Website/HouseDivisionPage-24310-209.htm,https://results.aec.gov.au/24310/Website/HouseDop-24310-209.htm,"SUKKAR, Michael",Liberal,107493,97269,4155,101424,94.35,9307,3,transfer,"COSTANTINO, Vinita",Animal Justice Party,"SULLIVAN, Ellie Jean",Derryn Hinch's Justice Party,457
Deakin,https://results.aec.gov.au/24310/Website/HouseDivisionPage-24310-209.htm,https://results.aec.gov.au/24310/Website/HouseDop-24310-209.htm,"SUKKAR, Michael",Liberal,107493,97269,4155,101424,94.35,9307,3,transfer,"COSTANTINO, Vinita",Animal Justice Party,"SUN, Sophia",The Greens (VIC),945
Deakin,https://results.aec.gov.au/24310/Website/HouseDivisionPage-24310-209.htm,https://results.aec.gov.au/24310/Website/HouseDop-24310-209.htm,"SUKKAR, Michael",Liberal,107493,97269,4155,101424,94.35,9307,3,transfer,"COSTANTINO, Vinita",Animal Justice Party,"WILDE, Milton",United Australia Party,177
Deakin,https://results.aec.gov.au/24310/Website/HouseDivisionPage-24310-209.htm,https://results.aec.gov.au/24310/Website/HouseDop-24310-209.htm,"SUKKAR, Michael",Liberal,107493,97269,4155,101424,94.35,9307,3,progressive,"COSTANTINO, Vinita",Animal Justice Party,"SUKKAR, Michael",Liberal,47587
Deakin,https://results.aec.gov.au/24310/Website/HouseDivisionPage-24310-209.htm,https://results.aec.gov.au/24310/Website/HouseDop-24310-209.htm,"SUKKAR, Michael",Liberal,107493,97269,4155,101424,94.35,9307,3,progressive,"COSTANTINO, Vinita",Animal Justice Party,"MORRIS, Shireen",Australian Labor Party,32725
Deakin,https://results.aec.gov.au/24310/Website/HouseDivisionPage-24310-209.htm,https://results.aec.gov.au/24310/Website/HouseDop-24310-209.htm,"SUKKAR, Michael",Liberal,107493,97269,4155,101424,94.35,9307,3,progressive,"COSTANTINO, Vinita",Animal Justice Party,"SUN, Sophia",The Greens (VIC),10075
Deakin,https://results.aec.gov.au/24310/Website/HouseDivisionPage-24310-209.htm,https://results.aec.gov.au/24310/Website/HouseDop-24310-209.htm,"SUKKAR, Michael",Liberal,107493,97269,4155,101424,94.35,9307,3,progressive,"COSTANTINO, Vinita",Animal Justice Party,"SULLIVAN, Ellie Jean",Derryn Hinch's Justice Party,4352
Deakin,https://results.aec.gov.au/24310/Website/HouseDivisionPage-24310-209.htm,https://results.aec.gov.au/24310/Website/HouseDop-24310-209.htm,"SUKKAR, Michael",Liberal,107493,97269,4155,101424,94.35,9307,3,progressive,"COSTANTINO, Vinita",Animal Justice Party,"WILDE, Milton",United Australia Party,2530
Deakin,https://results.aec.gov.au/24310/Website/HouseDivisionPage-24310-209.htm,https://results.aec.gov.au/24310/Website/HouseDop-24310-209.htm,"SUKKAR, Michael",Liberal,107493,97269,4155,101424,94.35,9307,4,transfer,"WILDE, Milton",United Australia Party,"MORRIS, Shireen",Australian Labor Party,308
Deakin,https://results.aec.gov.au/24310/Website/HouseDivisionPage-24310-209.htm,https://results.aec.gov.au/24310/Website/HouseDop-24310-209.htm,"SUKKAR, Michael",Liberal,107493,97269,4155,101424,94.35,9307,4,transfer,"WILDE, Milton",United Australia Party,"SUKKAR, Michael",Liberal,1242
Deakin,https://results.aec.gov.au/24310/Website/HouseDivisionPage-24310-209.htm,https://results.aec.gov.au/24310/Website/HouseDop-24310-209.htm,"SUKKAR, Michael",Liberal,107493,97269,4155,101424,94.35,9307,4,transfer,"WILDE, Milton",United Australia Party,"SULLIVAN, Ellie Jean",Derryn Hinch's Justice Party,759
Deakin,https://results.aec.gov.au/24310/Website/HouseDivisionPage-24310-209.htm,https://results.aec.gov.au/24310/Website/HouseDop-24310-209.htm,"SUKKAR, Michael",Liberal,107493,97269,4155,101424,94.35,9307,4,transfer,"WILDE, Milton",United Australia Party,"SUN, Sophia",The Greens (VIC),221
Deakin,https://results.aec.gov.au/24310/Website/HouseDivisionPage-24310-209.htm,https://results.aec.gov.au/24310/Website/HouseDop-24310-209.htm,"SUKKAR, Michael",Liberal,107493,97269,4155,101424,94.35,9307,4,progressive,"WILDE, Milton",United Australia Party,"SUKKAR, Michael",Liberal,48829
Deakin,https://results.aec.gov.au/24310/Website/HouseDivisionPage-24310-209.htm,https://results.aec.gov.au/24310/Website/HouseDop-24310-209.htm,"SUKKAR, Michael",Liberal,107493,97269,4155,101424,94.35,9307,4,progressive,"WILDE, Milton",United Australia Party,"MORRIS, Shireen",Australian Labor Party,33033
Deakin,https://results.aec.gov.au/24310/Website/HouseDivisionPage-24310-209.htm,https://results.aec.gov.au/24310/Website/HouseDop-24310-209.htm,"SUKKAR, Michael",Liberal,107493,97269,4155,101424,94.35,9307,4,progressive,"WILDE, Milton",United Australia Party,"SUN, Sophia",The Greens (VIC),10296
Deakin,https://results.aec.gov.au/24310/Website/HouseDivisionPage-24310-209.htm,https://results.aec.gov.au/24310/Website/HouseDop-24310-209.htm,"SUKKAR, Michael",Liberal,107493,97269,4155,101424,94.35,9307,4,progressive,"WILDE, Milton",United Australia Party,"SULLIVAN, Ellie Jean",Derryn Hinch's Justice Party,5111
Deakin,https://results.aec.gov.au/24310/Website/HouseDivisionPage-24310-209.htm,https://results.aec.gov.au/24310/Website/HouseDop-24310-209.htm,"SUKKAR, Michael",Liberal,107493,97269,4155,101424,94.35,9307,5,transfer,"SULLIVAN, Ellie Jean",Derryn Hinch's Justice Party,"MORRIS, Shireen",Australian Labor Party,1630
Deakin,https://results.aec.gov.au/24310/Website/HouseDivisionPage-24310-209.htm,https://results.aec.gov.au/24310/Website/HouseDop-24310-209.htm,"SUKKAR, Michael",Liberal,107493,97269,4155,101424,94.35,9307,5,transfer,"SULLIVAN, Ellie Jean",Derryn Hinch's Justice Party,"SUKKAR, Michael",Liberal,1727
Deakin,https://results.aec.gov.au/24310/Website/HouseDivisionPage-24310-209.htm,https://results.aec.gov.au/24310/Website/HouseDop-24310-209.htm,"SUKKAR, Michael",Liberal,107493,97269,4155,101424,94.35,9307,5,transfer,"SULLIVAN, Ellie Jean",Derryn Hinch's Justice Party,"SUN, Sophia",The Greens (VIC),1754
Deakin,https://results.aec.gov.au/24310/Website/HouseDivisionPage-24310-209.htm,https://results.aec.gov.au/24310/Website/HouseDop-24310-209.htm,"SUKKAR, Michael",Liberal,107493,97269,4155,101424,94.35,9307,5,progressive,"SULLIVAN, Ellie Jean",Derryn Hinch's Justice Party,"SUKKAR, Michael",Liberal,50556
Deakin,https://results.aec.gov.au/24310/Website/HouseDivisionPage-24310-209.htm,https://results.aec.gov.au/24310/Website/HouseDop-24310-209.htm,"SUKKAR, Michael",Liberal,107493,97269,4155,101424,94.35,9307,5,progressive,"SULLIVAN, Ellie Jean",Derryn Hinch's Justice Party,"MORRIS, Shireen",Australian Labor Party,34663
Deakin,https://results.aec.gov.au/24310/Website/HouseDivisionPage-24310-209.htm,https://results.aec.gov.au/24310/Website/HouseDop-24310-209.htm,"SUKKAR, Michael",Liberal,107493,97269,4155,101424,94.35,9307,5,progressive,"SULLIVAN, Ellie Jean",Derryn Hinch's Justice Party,"SUN, Sophia",The Greens (VIC),12050
Deakin,https://results.aec.gov.au/24310/Website/HouseDivisionPage-24310-209.htm,https://results.aec.gov.au/24310/Website/HouseDop-24310-209.htm,"SUKKAR, Michael",Liberal,107493,97269,4155,101424,94.35,9307,6,transfer,"SUN, Sophia",The Greens (VIC),"MORRIS, Shireen",Australian Labor Party,9318
Deakin,https://results.aec.gov.au/24310/Website/HouseDivisionPage-24310-209.htm,https://results.aec.gov.au/24310/Website/HouseDop-24310-209.htm,"SUKKAR, Michael",Liberal,107493,97269,4155,101424,94.35,9307,6,transfer,"SUN, Sophia",The Greens (VIC),"SUKKAR, Michael",Liberal,2732
Deakin,https://results.aec.gov.au/24310/Website/HouseDivisionPage-24310-209.htm,https://results.aec.gov.au/24310/Website/HouseDop-24310-209.htm,"SUKKAR, Michael",Liberal,107493,97269,4155,101424,94.35,9307,6,final,"SUN, Sophia",The Greens (VIC),"SUKKAR, Michael",Liberal,53288
Deakin,https://results.aec.gov.au/24310/Website/HouseDivisionPage-24310-209.htm,https://results.aec.gov.au/24310/Website/HouseDop-24310-209.htm,"SUKKAR, Michael",Liberal,107493,97269,4155,101424,94.35,9307,6,final,"SUN, Sophia",The Greens (VIC),"MORRIS, Shireen",Australian Labor Party,43981
Dunkley,https://results.aec.gov.au/24310/Website/HouseDivisionPage-24310-210.htm,https://results.aec.gov.au/24310/Website/HouseDop-24310-210.htm,"MURPHY, Peta",Australian Labor Party,110636,96828,5250,102078,92.26,5304,0,first,,,"CREWTHER, Chris",Liberal,38616
Dunkley,https://results.aec.gov.au/24310/Website/HouseDivisionPage-24310-210.htm,https://results.aec.gov.au/24310/Website/HouseDop-24310-210.htm,"MURPHY, Peta",Australian Labor Party,110636,96828,5250,102078,92.26,5304,0,first,,,"MURPHY, Peta",Australian Labor Party,37301
Dunkley,https://results.aec.gov.au/24310/Website/HouseDivisionPage-24310-210.htm,https://results.aec.gov.au/24310/Website/HouseDop-24310-210.htm,"MURPHY, Peta",Australian Labor Party,110636,96828,5250,102078,92.26,5304,0,first,,,"GREEN, Emily",The Greens (VIC),8125
Dunkley,https://results.aec.gov.au/24310/Website/HouseDivisionPage-24310-210.htm,https://results.aec.gov.au/24310/Website/HouseDop-24310-210.htm,"MURPHY, Peta",Australian Labor Party,110636,96828,5250,102078,92.26,5304,0,first,,,"O'CONNELL, Lachlan Andrew",Derryn Hinch's Justice Party,5027
Dunkley,https://results.aec.gov.au/24310/Website/HouseDivisionPage-24310-210.htm,https://results.aec.gov.au/24310/Website/HouseDop-24310-210.htm,"MURPHY, Peta",Australian Labor Party,110636,96828,5250,102078,92.26,5304,0,first,,,"JOHNSTON, Elizabeth",Animal Justice Party,2961
Dunkley,https://results.aec.gov.au/24310/Website/HouseDivisionPage-24310-210.htm,https://results.aec.gov.au/24310/Website/HouseDop-24310-210.htm,"MURPHY, Peta",Australian Labor Party,110636,96828,5250,102078,92.26,5304,0,first,,,"JEAN, Ron",United Australia Party,2513
Dunkley,https://results.aec.gov.au/24310/Website/HouseDivisionPage-24310-210.htm,https://results.aec.gov.au/24310/Website/HouseDop-24310-210.htm,"MURPHY, Peta",Australian Labor Party,110636,96828,5250,102078,92.26,5304,0,first,,,"JAMES, Christopher Ronald",FRASER ANNING'S CONSERVATIVE NATIONAL PARTY,1337
Dunkley,https://results.aec.gov.au/24310/Website/HouseDivisionPage-24310-210.htm,https://results.aec.gov.au/24310/Website/HouseDop-24310-210.htm,"MURPHY, Peta",Australian Labor Party,110636,96828,5250,102078,92.26,5304,0,first,,,"GENTLE, Yvonne",Rise Up Australia Party,948
Dunkley,https://results.aec.gov.au/24310/Website/HouseDivisionPage-24310-210.htm,https://results.aec.gov.au/24310/Website/HouseDop-24310-210.htm,"MURPHY, Peta",Australian Labor Party,110636,96828,5250,102078,92.26,5304,1,transfer,"GENTLE, Yvonne",Rise Up Australia Party,"CREWTHER, Chris",Liberal,227
Dunkley,https://results.aec.gov.au/24310/Website/HouseDivisionPage-24310-210.htm,https://results.aec.gov.au/24310/Website/HouseDop-24310-210.htm,"MURPHY, Peta",Australian Labor Party,110636,96828,5250,102078,92.26,5304,1,transfer,"GENTLE, Yvonne",Rise Up Australia Party,"GREEN, Emily",The Greens (VIC),61
Dunkley,https://results.aec.gov.au/24310/Website/HouseDivisionPage-24310-210.htm,https://results.aec.gov.au/24310/Website/HouseDop-24310-210.htm,"MURPHY, Peta",Australian Labor Party,110636,96828,5250,102078,92.26,5304,1,transfer,"GENTLE, Yvonne",Rise Up Australia Party,"JAMES, Christopher Ronald",FRASER ANNING'S CONSERVATIVE NATIONAL PARTY,235
Dunkley,https://results.aec.gov.au/24310/Website/HouseDivisionPage-24310-210.htm,https://results.aec.gov.au/24310/Website/HouseDop-24310-210.htm,"MURPHY, Peta",Australian Labor Party,110636,96828,5250,102078,92.26,5304,1,transfer,"GENTLE, Yvonne",Rise Up Australia Party,"JEAN, Ron",United Australia Party,121
Dunkley,https://results.aec.gov.au/24310/Website/HouseDivisionPage-24310-210.htm,https://results.aec.gov.au/24310/Website/HouseDop-24310-210.htm,"MURPHY, Peta",Australian Labor Party,110636,96828,5250,102078,92.26,5304,1,transfer,"GENTLE, Yvonne",Rise Up Australia Party,"JOHNSTON, Elizabeth",Animal Justice Party,97
Dunkley,https://results.aec.gov.au/24310/Website/HouseDivisionPage-24310-210.htm,https://results.aec.gov.au/24310/Website/HouseDop-24310-210.htm,"MURPHY, Peta",Australian Labor Party,110636,96828,5250,102078,92.26,5304,1,transfer,"GENTLE, Yvonne",Rise Up Australia Party,"MURPHY, Peta",Australian Labor Party,73
Dunkley,https://results.aec.gov.au/24310/Website/HouseDivisionPage-24310-210.htm,https://results.aec.gov.au/24310/Website/HouseDop-24310-210.htm,"MURPHY, Peta",Australian Labor Party,110636,96828,5250,102078,92.26,5304,1,transfer,"GENTLE, Yvonne",Rise Up Australia Party,"O'CONNELL, Lachlan Andrew",Derryn Hinch's Justice Party,134
Dunkley,https://results.aec.gov.au/24310/Website/HouseDivisionPage-24310-210.htm,https://results.aec.gov.au/24310/Website/HouseDop-24310-210.htm,"MURPHY, Peta",Australian Labor Party,110636,96828,5250,102078,92.26,5304,1,progressive,"GENTLE, Yvonne",Rise Up Australia Party,"CREWTHER, Chris",Liberal,38843
Dunkley,https://results.aec.gov.au/24310/Website/HouseDivisionPage-24310-210.htm,https://results.aec.gov.au/24310/Website/HouseDop-24310-210.htm,"MURPHY, Peta",Australian Labor Party,110636,96828,5250,102078,92.26,5304,1,progressive,"GENTLE, Yvonne",Rise Up Australia Party,"MURPHY, Peta",Australian Labor Party,37374
Dunkley,https://results.aec.gov.au/24310/Website/HouseDivisionPage-24310-210.htm,https://results.aec.gov.au/24310/Website/HouseDop-24310-210.htm,"MURPHY, Peta",Australian Labor Party,110636,96828,5250,102078,92.26,5304,1,progressive,"GENTLE, Yvonne",Rise Up Australia Party,"GREEN, Emily",The Greens (VIC),8186
Dunkley,https://results.aec.gov.au/24310/Website/HouseDivisionPage-24310-210.htm,https://results.aec.gov.au/24310/Website/HouseDop-24310-210.htm,"MURPHY, Peta",Australian Labor Party,110636,96828,5250,102078,92.26,5304,1,progressive,"GENTLE, Yvonne",Rise Up Australia Party,"O'CONNELL, Lachlan Andrew",Derryn Hinch's Justice Party,5161
Dunkley,https://results.aec.gov.au/24310/Website/HouseDivisionPage-24310-210.htm,https://results.aec.gov.au/24310/Website/HouseDop-24310-210.htm,"MURPHY, Peta",Australian Labor Party,110636,96828,5250,102078,92.26,5304,1,progressive,"GENTLE, Yvonne",Rise Up Australia Party,"JOHNSTON, Elizabeth",Animal Justice Party,3058
Dunkley,https://results.aec.gov.au/24310/Website/HouseDivisionPage-24310-210.htm,https://results.aec.gov.au/24310/Website/HouseDop-24310-210.htm,"MURPHY, Peta",Australian Labor Party,110636,96828,5250,102078,92.26,5304,1,progressive,"GENTLE, Yvonne",Rise Up Australia Party,"JEAN, Ron",United Australia Party,2634
Dunkley,https://results.aec.gov.au/24310/Website/HouseDivisionPage-24310-210.htm,https://results.aec.gov.au/24310/Website/HouseDop-24310-210.htm,"MURPHY, Peta",Australian Labor Party,110636,96828,5250,102078,92.26,5304,1,progressive,"GENTLE, Yvonne",Rise Up Australia Party,"JAMES, Christopher Ronald",FRASER ANNING'S CONSERVATIVE NATIONAL PARTY,1572
Dunkley,https://results.aec.gov.au/24310/Website/HouseDivisionPage-24310-210.htm,https://results.aec.gov.au/24310/Website/HouseDop-24310-210.htm,"MURPHY, Peta",Australian Labor Party,110636,96828,5250,102078,92.26,5304,2,transfer,"JAMES, Christopher Ronald",FRASER ANNING'S CONSERVATIVE NATIONAL PARTY,"CREWTHER, Chris",Liberal,487
Dunkley,https://results.aec.gov.au/24310/Website/HouseDivisionPage-24310-210.htm,https://results.aec.gov.au/24310/Website/HouseDop-24310-210.htm,"MURPHY, Peta",Australian Labor Party,110636,96828,5250,102078,92.26,5304,2,transfer,"JAMES, Christopher Ronald",FRASER ANNING'S CONSERVATIVE NATIONAL PARTY,"GREEN, Emily",The Greens (VIC),71
Dunkley,https://results.aec.gov.au/24310/Website/HouseDivisionPage-24310-210.htm,https://results.aec.gov.au/24310/Website/HouseDop-24310-210.htm,"MURPHY, Peta",Australian Labor Party,110636,96828,5250,102078,92.26,5304,2,transfer,"JAMES, Christopher Ronald",FRASER ANNING'S CONSERVATIVE NATIONAL PARTY,"JEAN, Ron",United Australia Party,489
Dunkley,https://results.aec.gov.au/24310/Website/HouseDivisionPage-24310-210.htm,https://results.aec.gov.au/24310/Website/HouseDop-24310-210.htm,"MURPHY, Peta",Australian Labor Party,110636,96828,5250,102078,92.26,5304,2,transfer,"JAMES, Christopher Ronald",FRASER ANNING'S CONSERVATIVE NATIONAL PARTY,"JOHNSTON, Elizabeth",Animal Justice Party,166
Dunkley,https://results.aec.gov.au/24310/Website/HouseDivisionPage-24310-210.htm,https://results.aec.gov.au/24310/Website/HouseDop-24310-210.htm,"MURPHY, Peta",Australian Labor Party,110636,96828,5250,102078,92.26,5304,2,transfer,"JAMES, Christopher Ronald",FRASER ANNING'S CONSERVATIVE NATIONAL PARTY,"MURPHY, Peta",Australian Labor Party,105
Dunkley,https://results.aec.gov.au/24310/Website/HouseDivisionPage-24310-210.htm,https://results.aec.gov.au/24310/Website/HouseDop-24310-210.htm,"MURPHY, Peta",Australian Labor Party,110636,96828,5250,102078,92.26,5304,2,transfer,"JAMES, Christopher Ronald",FRASER ANNING'S CONSERVATIVE NATIONAL PARTY,"O'CONNELL, Lachlan Andrew",Derryn Hinch's Justice Party,254
Dunkley,https://results.aec.gov.au/24310/Website/HouseDivisionPage-24310-210.htm,https://results.aec.gov.au/24310/Website/HouseDop-24310-210.htm,"MURPHY, Peta",Australian Labor Party,110636,96828,5250,102078,92.26,5304,2,progressive,"JAMES, Christopher Ronald",FRASER ANNING'S CONSERVATIVE NATIONAL PARTY,"CREWTHER, Chris",Liberal,39330
Dunkley,https://results.aec.gov.au/24310/Website/HouseDivisionPage-24310-210.htm,https://results.aec.gov.au/24310/Website/HouseDop-24310-210.htm,"MURPHY, Peta",Australian Labor Party,110636,96828,5250,102078,92.26,5304,2,progressive,"JAMES, Christopher Ronald",FRASER ANNING'S CONSERVATIVE NATIONAL PARTY,"MURPHY, Peta",Australian Labor Party,37479
Dunkley,https://results.aec.gov.au/24310/Website/HouseDivisionPage-24310-210.htm,https://results.aec.gov.au/24310/Website/HouseDop-24310-210.htm,"MURPHY, Peta",Australian Labor Party,110636,96828,5250,102078,92.26,5304,2,progressive,"JAMES, Christopher Ronald",FRASER ANNING'S CONSERVATIVE NATIONAL PARTY,"GREEN, Emily",The Greens (VIC),8257
Dunkley,https://results.aec.gov.au/24310/Website/HouseDivisionPage-24310-210.htm,https://results.aec.gov.au/24310/Website/HouseDop-24310-210.htm,"MURPHY, Peta",Australian Labor Party,110636,96828,5250,102078,92.26,5304,2,progressive,"JAMES, Christopher Ronald",FRASER ANNING'S CONSERVATIVE NATIONAL PARTY,"O'CONNELL, Lachlan Andrew",Derryn Hinch's Justice Party,5415
Dunkley,https://results.aec.gov.au/24310/Website/HouseDivisionPage-24310-210.htm,https://results.aec.gov.au/24310/Website/HouseDop-24310-210.htm,"MURPHY, Peta",Australian Labor Party,110636,96828,5250,102078,92.26,5304,2,progressive,"JAMES, Christopher Ronald",FRASER ANNING'S CONSERVATIVE NATIONAL PARTY,"JOHNSTON, Elizabeth",Animal Justice Party,3224
Dunkley,https://results.aec.gov.au/24310/Website/HouseDivisionPage-24310-210.htm,https://results.aec.gov.au/24310/Website/HouseDop-24310-210.htm,"MURPHY, Peta",Australian Labor Party,110636,96828,5250,102078,92.26,5304,2,progressive,"JAMES, Christopher Ronald",FRASER ANNING'S CONSERVATIVE NATIONAL PARTY,"JEAN, Ron",United Australia Party,3123
Dunkley,https://results.aec.gov.au/24310/Website/HouseDivisionPage-24310-210.htm,https://results.aec.gov.au/24310/Website/HouseDop-24310-210.htm,"MURPHY, Peta",Australian Labor Party,110636,96828,5250,102078,92.26,5304,3,transfer,"JEAN, Ron",United Australia Party,"CREWTHER, Chris",Liberal,1258
Dunkley,https://results.aec.gov.au/24310/Website/HouseDivisionPage-24310-210.htm,https://results.aec.gov.au/24310/Website/HouseDop-24310-210.htm,"MURPHY, Peta",Australian Labor Party,110636,96828,5250,102078,92.26,5304,3,transfer,"JEAN, Ron",United Australia Party,"GREEN, Emily",The Greens (VIC),204
Dunkley,https://results.aec.gov.au/24310/Website/HouseDivisionPage-24310-210.htm,https://results.aec.gov.au/24310/Website/HouseDop-24310-210.htm,"MURPHY, Peta",Australian Labor Party,110636,96828,5250,102078,92.26,5304,3,transfer,"JEAN, Ron",United Australia Party,"JOHNSTON, Elizabeth",Animal Justice Party,472
Dunkley,https://results.aec.gov.au/24310/Website/HouseDivisionPage-24310-210.htm,https://results.aec.gov.au/24310/Website/HouseDop-24310-210.htm,"MURPHY, Peta",Australian Labor Party,110636,96828,5250,102078,92.26,5304,3,transfer,"JEAN, Ron",United Australia Party,"MURPHY, Peta",Australian Labor Party,405
Dunkley,https://results.aec.gov.au/24310/Website/HouseDivisionPage-24310-210.htm,https://results.aec.gov.au/24310/Website/HouseDop-24310-210.htm,"MURPHY, Peta",Australian Labor Party,110636,96828,5250,102078,92.26,5304,3,transfer,"JEAN, Ron",United Australia Party,"O'CONNELL, Lachlan Andrew",Derryn Hinch's Justice Party,784
Dunkley,https://results.aec.gov.au/24310/Website/HouseDivisionPage-24310-210.htm,https://results.aec.gov.au/24310/Website/HouseDop-24310-210.htm,"MURPHY, Peta",Australian Labor Party,110636,96828,5250,102078,92.26,5304,3,progressive,"JEAN, Ron",United Australia Party,"CREWTHER, Chris",Liberal,40588
Dunkley,https://results.aec.gov.au/24310/Website/HouseDivisionPage-24310-210.htm,https://results.aec.gov.au/24310/Website/HouseDop-24310-210.htm,"MURPHY, Peta",Australian Labor Party,110636,96828,5250,102078,92.26,5304,3,progressive,"JEAN, Ron",United Australia Party,"MURPHY, Peta",Australian Labor Party,37884
Dunkley,https://results.aec.gov.au/24310/Website/HouseDivisionPage-24310-210.htm,https://results.aec.gov.au/24310/Website/HouseDop-24310-210.htm,"MURPHY, Peta",Australian Labor Party,110636,96828,5250,102078,92.26,5304,3,progressive,"JEAN, Ron",United Australia Party,"GREEN, Emily",The Greens (VIC),8461
Dunkley,https://results.aec.gov.au/24310/Website/HouseDivisionPage-24310-210.htm,https://results.aec.gov.au/24310/Website/HouseDop-24310-210.htm,"MURPHY, Peta",Australian Labor Party,110636,96828,5250,102078,92.26,5304,3,progressive,"JEAN, Ron",United Australia Party,"O'CONNELL, Lachlan Andrew",Derryn Hinch's Justice Party,6199
Dunkley,https://results.aec.gov.au/24310/Website/HouseDivisionPage-24310-210.htm,https://results.aec.gov.au/24310/Website/HouseDop-24310-210.htm,"MURPHY, Peta",Australian Labor Party,110636,96828,5250,102078,92.26,5304,3,progressive,"JEAN, Ron",United Australia Party,"JOHNSTON, Elizabeth",Animal Justice Party,3696
Dunkley,https://results.aec.gov.au/24310/Website/HouseDivisionPage-24310-210.htm,https://results.aec.gov.au/24310/Website/HouseDop-24310-210.htm,"MURPHY, Peta",Australian Labor Party,110636,96828,5250,102078,92.26,5304,4,transfer,"JOHNSTON, Elizabeth",Animal Justice Party,"CREWTHER, Chris",Liberal,383
Dunkley,https://results.aec.gov.au/24310/Website/HouseDivisionPage-24310-210.htm,https://results.aec.gov.au/24310/Website/HouseDop-24310-210.htm,"MURPHY, Peta",Australian Labor Party,110636,96828,5250,102078,92.26,5304,4,transfer,"JOHNSTON, Elizabeth",Animal Justice Party,"GREEN, Emily",The Greens (VIC),1317
Dunkley,https://results.aec.gov.au/24310/Website/HouseDivisionPage-24310-210.htm,https://results.aec.gov.au/24310/Website/HouseDop-24310-210.htm,"MURPHY, Peta",Australian Labor Party,110636,96828,5250,102078,92.26,5304,4,transfer,"JOHNSTON, Elizabeth",Animal Justice Party,"MURPHY, Peta",Australian Labor Party,665
Dunkley,https://results.aec.gov.au/24310/Website/HouseDivisionPage-24310-210.htm,https://results.aec.gov.au/24310/Website/HouseDop-24310-210.htm,"MURPHY, Peta",Australian Labor Party,110636,96828,5250,102078,92.26,5304,4,transfer,"JOHNSTON, Elizabeth",Animal Justice Party,"O'CONNELL, Lachlan Andrew",Derryn Hinch's Justice Party,1331
Dunkley,https://results.aec.gov.au/24310/Website/HouseDivisionPage-24310-210.htm,https://results.aec.gov.au/24310/Website/HouseDop-24310-210.htm,"MURPHY, Peta",Australian Labor Party,110636,96828,5250,102078,92.26,5304,4,progressive,"JOHNSTON, Elizabeth",Animal Justice Party,"CREWTHER, Chris",Liberal,40971
Dunkley,https://results.aec.gov.au/24310/Website/HouseDivisionPage-24310-210.htm,https://results.aec.gov.au/24310/Website/HouseDop-24310-210.htm,"MURPHY, Peta",Australian Labor Party,110636,96828,5250,102078,92.26,5304,4,progressive,"JOHNSTON, Elizabeth",Animal Justice Party,"MURPHY, Peta",Australian Labor Party,38549
Dunkley,https://results.aec.gov.au/24310/Website/HouseDivisionPage-24310-210.htm,https://results.aec.gov.au/24310/Website/HouseDop-24310-210.htm,"MURPHY, Peta",Australian Labor Party,110636,96828,5250,102078,92.26,5304,4,progressive,"JOHNSTON, Elizabeth",Animal Justice Party,"GREEN, Emily",The Greens (VIC),9778
Dunkley,https://results.aec.gov.au/24310/Website/HouseDivisionPage-24310-210.htm,https://results.aec.gov.au/24310/Website/HouseDop-24310-210.htm,"MURPHY, Peta",Australian Labor Party,110636,96828,5250,102078,92.26,5304,4,progressive,"JOHNSTON, Elizabeth",Animal Justice Party,"O'CONNELL, Lachlan Andrew",Derryn Hinch's Justice Party,7530
Dunkley,https://results.aec.gov.au/24310/Website/HouseDivisionPage-24310-210.htm,https://results.aec.gov.au/24310/Website/HouseDop-24310-210.htm,"MURPHY, Peta",Australian Labor Party,110636,96828,5250,102078,92.26,5304,5,transfer,"O'CONNELL, Lachlan Andrew",Derryn Hinch's Justice Party,"CREWTHER, Chris",Liberal,2307
Dunkley,https://results.aec.gov.au/24310/Website/HouseDivisionPage-24310-210.htm,https://results.aec.gov.au/24310/Website/HouseDop-24310-210.htm,"MURPHY, Peta",Australian Labor Party,110636,96828,5250,102078,92.26,5304,5,transfer,"O'CONNELL, Lachlan Andrew",Derryn Hinch's Justice Party,"GREEN, Emily",The Greens (VIC),1840
Dunkley,https://results.aec.gov.au/24310/Website/HouseDivisionPage-24310-210.htm,https://results.aec.gov.au/24310/Website/HouseDop-24310-210.htm,"MURPHY, Peta",Australian Labor Party,110636,96828,5250,102078,92.26,5304,5,transfer,"O'CONNELL, Lachlan Andrew",Derryn Hinch's Justice Party,"MURPHY, Peta",Australian Labor Party,3383
Dunkley,https://results.aec.gov.au/24310/Website/HouseDivisionPage-24310-210.htm,https://results.aec.gov.au/24310/Website/HouseDop-24310-210.htm,"MURPHY, Peta",Australian Labor Party,110636,96828,5250,102078,92.26,5304,5,progressive,"O'CONNELL, Lachlan Andrew",Derryn Hinch's Justice Party,"CREWTHER, Chris",Liberal,43278
Dunkley,https://results.aec.gov.au/24310/Website/HouseDivisionPage-24310-210.htm,https://results.aec.gov.au/24310/Website/HouseDop-24310-210.htm,"MURPHY, Peta",Australian Labor Party,110636,96828,5250,102078,92.26,5304,5,progressive,"O'CONNELL, Lachlan Andrew",Derryn Hinch's Justice Party,"MURPHY, Peta",Australian Labor Party,41932
Dunkley,https://results.aec.gov.au/24310/Website/HouseDivisionPage-24310-210.htm,https://results.aec.gov.au/24310/Website/HouseDop-24310-210.htm,"MURPHY, Peta",Australian Labor Party,110636,96828,5250,102078,92.26,5304,5,progressive,"O'CONNELL, Lachlan Andrew",Derryn Hinch's Justice Party,"GREEN, Emily",The Greens (VIC),11618
Dunkley,https://results.aec.gov.au/24310/Website/HouseDivisionPage-24310-210.htm,https://results.aec.gov.au/24310/Website/HouseDop-24310-210.htm,"MURPHY, Peta",Australian Labor Party,110636,96828,5250,102078,92.26,5304,6,transfer,"GREEN, Emily",The Greens (VIC),"CREWTHER, Chris",Liberal,2484
Dunkley,https://results.aec.gov.au/24310/Website/HouseDivisionPage-24310-210.htm,https://results.aec.gov.au/24310/Website/HouseDop-24310-210.htm,"MURPHY, Peta",Australian Labor Party,110636,96828,5250,102078,92.26,5304,6,transfer,"GREEN, Emily",The Greens (VIC),"MURPHY, Peta",Australian Labor Party,9134
Dunkley,https://results.aec.gov.au/24310/Website/HouseDivisionPage-24310-210.htm,https://results.aec.gov.au/24310/Website/HouseDop-24310-210.htm,"MURPHY, Peta",Australian Labor Party,110636,96828,5250,102078,92.26,5304,6,final,"GREEN, Emily",The Greens (VIC),"MURPHY, Peta",Australian Labor Party,51066
Dunkley,https://results.aec.gov.au/24310/Website/HouseDivisionPage-24310-210.htm,https://results.aec.gov.au/24310/Website/HouseDop-24310-210.htm,"MURPHY, Peta",Australian Labor Party,110636,96828,5250,102078,92.26,5304,6,final,"GREEN, Emily",The Greens (VIC),"CREWTHER, Chris",Liberal,45762
Flinders,https://results.aec.gov.au/24310/Website/HouseDivisionPage-24310-211.htm,https://results.aec.gov.au/24310/Website/HouseDop-24310-211.htm,"HUNT, Greg",Liberal,110703,96952,6124,103076,93.11,10934,0,first,,,"HUNT, Greg",Liberal,45293
Flinders,https://results.aec.gov.au/24310/Website/HouseDivisionPage-24310-211.htm,https://results.aec.gov.au/24310/Website/HouseDop-24310-211.htm,"HUNT, Greg",Liberal,110703,96952,6124,103076,93.11,10934,0,first,,,"SINCLAIR, Josh",Australian Labor Party,23982
Flinders,https://results.aec.gov.au/24310/Website/HouseDivisionPage-24310-211.htm,https://results.aec.gov.au/24310/Website/HouseDop-24310-211.htm,"HUNT, Greg",Liberal,110703,96952,6124,103076,93.11,10934,0,first,,,"BANKS, Julia",Independent,13367
Flinders,https://results.aec.gov.au/24310/Website/HouseDivisionPage-24310-211.htm,https://results.aec.gov.au/24310/Website/HouseDop-24310-211.htm,"HUNT, Greg",Liberal,110703,96952,6124,103076,93.11,10934,0,first,,,"LESSLIE, Nathan",The Greens (VIC),6599
Flinders,https://results.aec.gov.au/24310/Website/HouseDivisionPage-24310-211.htm,https://results.aec.gov.au/24310/Website/HouseDop-24310-211.htm,"HUNT, Greg",Liberal,110703,96952,6124,103076,93.11,10934,0,first,,,"McSHANE, Christine",United Australia Party,2447
Flinders,https://results.aec.gov.au/24310/Website/HouseDivisionPage-24310-211.htm,https://results.aec.gov.au/24310/Website/HouseDop-24310-211.htm,"HUNT, Greg",Liberal,110703,96952,6124,103076,93.11,10934,0,first,,,"PERSSON, James",Animal Justice Party,2304
Flinders,https://results.aec.gov.au/24310/Website/HouseDivisionPage-24310-211.htm,https://results.aec.gov.au/24310/Website/HouseDop-24310-211.htm,"HUNT, Greg",Liberal,110703,96952,6124,103076,93.11,10934,0,first,,,"SMITH, Reade",Sustainable Australia,1072
Flinders,https://results.aec.gov.au/24310/Website/HouseDivisionPage-24310-211.htm,https://results.aec.gov.au/24310/Website/HouseDop-24310-211.htm,"HUNT, Greg",Liberal,110703,96952,6124,103076,93.11,10934,0,first,,,"BEVERIDGE, Susie",Independent,948
Flinders,https://results.aec.gov.au/24310/Website/HouseDivisionPage-24310-211.htm,https://results.aec.gov.au/24310/Website/HouseDop-24310-211.htm,"HUNT, Greg",Liberal,110703,96952,6124,103076,93.11,10934,0,first,,,"DREGER, Harry",Independent,940
Flinders,https://results.aec.gov.au/24310/Website/HouseDivisionPage-24310-211.htm,https://results.aec.gov.au/24310/Website/HouseDop-24310-211.htm,"HUNT, Greg",Liberal,110703,96952,6124,103076,93.11,10934,1,transfer,"DREGER, Harry",Independent,"BANKS, Julia",Independent,152
Flinders,https://results.aec.gov.au/24310/Website/HouseDivisionPage-24310-211.htm,https://results.aec.gov.au/24310/Website/HouseDop-24310-211.htm,"HUNT, Greg",Liberal,110703,96952,6124,103076,93.11,10934,1,transfer,"DREGER, Harry",Independent,"BEVERIDGE, Susie",Independent,106
Flinders,https://results.aec.gov.au/24310/Website/HouseDivisionPage-24310-211.htm,https://results.aec.gov.au/24310/Website/HouseDop-24310-211.htm,"HUNT, Greg",Liberal,110703,96952,6124,103076,93.11,10934,1,transfer,"DREGER, Harry",Independent,"HUNT, Greg",Liberal,136
Flinders,https://results.aec.gov.au/24310/Website/HouseDivisionPage-24310-211.htm,https://results.aec.gov.au/24310/Website/HouseDop-24310-211.htm,"HUNT, Greg",Liberal,110703,96952,6124,103076,93.11,10934,1,transfer,"DREGER, Harry",Independent,"LESSLIE, Nathan",The Greens (VIC),29
Flinders,https://results.aec.gov.au/24310/Website/HouseDivisionPage-24310-211.htm,https://results.aec.gov.au/24310/Website/HouseDop-24310-211.htm,"HUNT, Greg",Liberal,110703,96952,6124,103076,93.11,10934,1,transfer,"DREGER, Harry",Independent,"McSHANE, Christine",United Australia Party,37
Flinders,https://results.aec.gov.au/24310/Website/HouseDivisionPage-24310-211.htm,https://results.aec.gov.au/24310/Website/HouseDop-24310-211.htm,"HUNT, Greg",Liberal,110703,96952,6124,103076,93.11,10934,1,transfer,"DREGER, Harry",Independent,"PERSSON, James",Animal Justice Party,371
Flinders,https://results.aec.gov.au/24310/Website/HouseDivisionPage-24310-211.htm,https://results.aec.gov.au/24310/Website/HouseDop-24310-211.htm,"HUNT, Greg",Liberal,110703,96952,6124,103076,93.11,10934,1,transfer,"DREGER, Harry",Independent,"SINCLAIR, Josh",Australian Labor Party,54
Flinders,https://results.aec.gov.au/24310/Website/HouseDivisionPage-24310-211.htm,https://results.aec.gov.au/24310/Website/HouseDop-24310-211.htm,"HUNT, Greg",Liberal,110703,96952,6124,103076,93.11,10934,1,transfer,"DREGER, Harry",Independent,"SMITH, Reade",Sustainable Australia,55
Flinders,https://results.aec.gov.au/24310/Website/HouseDivisionPage-24310-211.htm,https://results.aec.gov.au/24310/Website/HouseDop-24310-211.htm,"HUNT, Greg",Liberal,110703,96952,6124,103076,93.11,10934,1,progressive,"DREGER, Harry",Independent,"HUNT, Greg",Liberal,45429
Flinders,https://results.aec.gov.au/24310/Website/HouseDivisionPage-24310-211.htm,https://results.aec.gov.au/24310/Website/HouseDop-24310-211.htm,"HUNT, Greg",Liberal,110703,96952,6124,103076,93.11,10934,1,progressive,"DREGER, Harry",Independent,"SINCLAIR, Josh",Australian Labor Party,24036
Flinders,https://results.aec.gov.au/24310/Website/HouseDivisionPage-24310-211.htm,https://results.aec.gov.au/24310/Website/HouseDop-24310-211.htm,"HUNT, Greg",Liberal,110703,96952,6124,103076,93.11,10934,1,progressive,"DREGER, Harry",Independent,"BANKS, Julia",Independent,13519
Flinders,https://results.aec.gov.au/24310/Website/HouseDivisionPage-24310-211.htm,https://results.aec.gov.au/24310/Website/HouseDop-24310-211.htm,"HUNT, Greg",Liberal,110703,96952,6124,103076,93.11,10934,1,progressive,"DREGER, Harry",Independent,"LESSLIE, Nathan",The Greens (VIC),6628
Flinders,https://results.aec.gov.au/24310/Website/HouseDivisionPage-24310-211.htm,https://results.aec.gov.au/24310/Website/HouseDop-24310-211.htm,"HUNT, Greg",Liberal,110703,96952,6124,103076,93.11,10934,1,progressive,"DREGER, Harry",Independent,"PERSSON, James",Animal Justice Party,2675
Flinders,https://results.aec.gov.au/24310/Website/HouseDivisionPage-24310-211.htm,https://results.aec.gov.au/24310/Website/HouseDop-24310-211.htm,"HUNT, Greg",Liberal,110703,96952,6124,103076,93.11,10934,1,progressive,"DREGER, Harry",Independent,"McSHANE, Christine",United Australia Party,2484
Flinders,https://results.aec.gov.au/24310/Website/HouseDivisionPage-24310-211.htm,https://results.aec.gov.au/24310/Website/HouseDop-24310-211.htm,"HUNT, Greg",Liberal,110703,96952,6124,103076,93.11,10934,1,progressive,"DREGER, Harry",Independent,"SMITH, Reade",Sustainable Australia,1127
Flinders,https://results.aec.gov.au/24310/Website/HouseDivisionPage-24310-211.htm,https://results.aec.gov.au/24310/Website/HouseDop-24310-211.htm,"HUNT, Greg",Liberal,110703,96952,6124,103076,93.11,10934,1,progressive,"DREGER, Harry",Independent,"BEVERIDGE, Susie",Independent,1054
Flinders,https://results.aec.gov.au/24310/Website/HouseDivisionPage-24310-211.htm,https://results.aec.gov.au/24310/Website/HouseDop-24310-211.htm,"HUNT, Greg",Liberal,110703,96952,6124,103076,93.11,10934,2,transfer,"BEVERIDGE, Susie",Independent,"BANKS, Julia",Independent,549
Flinders,https://results.aec.gov.au/24310/Website/HouseDivisionPage-24310-211.htm,https://results.aec.gov.au/24310/Website/HouseDop-24310-211.htm,"HUNT, Greg",Liberal,110703,96952,6124,103076,93.11,10934,2,transfer,"BEVERIDGE, Susie",Independent,"HUNT, Greg",Liberal,108
Flinders,https://results.aec.gov.au/24310/Website/HouseDivisionPage-24310-211.htm,https://results.aec.gov.au/24310/Website/HouseDop-24310-211.htm,"HUNT, Greg",Liberal,110703,96952,6124,103076,93.11,10934,2,transfer,"BEVERIDGE, Susie",Independent,"LESSLIE, Nathan",The Greens (VIC),77
Flinders,https://results.aec.gov.au/24310/Website/HouseDivisionPage-24310-211.htm,https://results.aec.gov.au/24310/Website/HouseDop-24310-211.htm,"HUNT, Greg",Liberal,110703,96952,6124,103076,93.11,10934,2,transfer,"BEVERIDGE, Susie",Independent,"McSHANE, Christine",United Australia Party,78
Flinders,https://results.aec.gov.au/24310/Website/HouseDivisionPage-24310-211.htm,https://results.aec.gov.au/24310/Website/HouseDop-24310-211.htm,"HUNT, Greg",Liberal,110703,96952,6124,103076,93.11,10934,2,transfer,"BEVERIDGE, Susie",Independent,"PERSSON, James",Animal Justice Party,73
Flinders,https://results.aec.gov.au/24310/Website/HouseDivisionPage-24310-211.htm,https://results.aec.gov.au/24310/Website/HouseDop-24310-211.htm,"HUNT, Greg",Liberal,110703,96952,6124,103076,93.11,10934,2,transfer,"BEVERIDGE, Susie",Independent,"SINCLAIR, Josh",Australian Labor Party,89
Flinders,https://results.aec.gov.au/24310/Website/HouseDivisionPage-24310-211.htm,https://results.aec.gov.au/24310/Website/HouseDop-24310-211.htm,"HUNT, Greg",Liberal,110703,96952,6124,103076,93.11,10934,2,transfer,"BEVERIDGE, Susie",Independent,"SMITH, Reade",Sustainable Australia,80
Flinders,https://results.aec.gov.au/24310/Website/HouseDivisionPage-24310-211.htm,https://results.aec.gov.au/24310/Website/HouseDop-24310-211.htm,"HUNT, Greg",Liberal,110703,96952,6124,103076,93.11,10934,2,progressive,"BEVERIDGE, Susie",Independent,"HUNT, Greg",Liberal,45537
Flinders,https://results.aec.gov.au/24310/Website/HouseDivisionPage-24310-211.htm,https://results.aec.gov.au/24310/Website/HouseDop-24310-211.htm,"HUNT, Greg",Liberal,110703,96952,6124,103076,93.11,10934,2,progressive,"BEVERIDGE, Susie",Independent,"SINCLAIR, Josh",Australian Labor Party,24125
Flinders,https://results.aec.gov.au/24310/Website/HouseDivisionPage-24310-211.htm,https://results.aec.gov.au/24310/Website/HouseDop-24310-211.htm,"HUNT, Greg",Liberal,110703,96952,6124,103076,93.11,10934,2,progressive,"BEVERIDGE, Susie",Independent,"BANKS, Julia",Independent,14068
Flinders,https://results.aec.gov.au/24310/Website/HouseDivisionPage-24310-211.htm,https://results.aec.gov.au/24310/Website/HouseDop-24310-211.htm,"HUNT, Greg",Liberal,110703,96952,6124,103076,93.11,10934,2,progressive,"BEVERIDGE, Susie",Independent,"LESSLIE, Nathan",The Greens (VIC),6705
Flinders,https://results.aec.gov.au/24310/Website/HouseDivisionPage-24310-211.htm,https://results.aec.gov.au/24310/Website/HouseDop-24310-211.htm,"HUNT, Greg",Liberal,110703,96952,6124,103076,93.11,10934,2,progressive,"BEVERIDGE, Susie",Independent,"PERSSON, James",Animal Justice Party,2748
Flinders,https://results.aec.gov.au/24310/Website/HouseDivisionPage-24310-211.htm,https://results.aec.gov.au/24310/Website/HouseDop-24310-211.htm,"HUNT, Greg",Liberal,110703,96952,6124,103076,93.11,10934,2,progressive,"BEVERIDGE, Susie",Independent,"McSHANE, Christine",United Australia Party,2562
Flinders,https://results.aec.gov.au/24310/Website/HouseDivisionPage-24310-211.htm,https://results.aec.gov.au/24310/Website/HouseDop-24310-211.htm,"HUNT, Greg",Liberal,110703,96952,6124,103076,93.11,10934,2,progressive,"BEVERIDGE, Susie",Independent,"SMITH, Reade",Sustainable Australia,1207
Flinders,https://results.aec.gov.au/24310/Website/HouseDivisionPage-24310-211.htm,https://results.aec.gov.au/24310/Website/HouseDop-24310-211.htm,"HUNT, Greg",Liberal,110703,96952,6124,103076,93.11,10934,3,transfer,"SMITH, Reade",Sustainable Australia,"BANKS, Julia",Independent,208
Flinders,https://results.aec.gov.au/24310/Website/HouseDivisionPage-24310-211.htm,https://results.aec.gov.au/24310/Website/HouseDop-24310-211.htm,"HUNT, Greg",Liberal,110703,96952,6124,103076,93.11,10934,3,transfer,"SMITH, Reade",Sustainable Australia,"HUNT, Greg",Liberal,190
Flinders,https://results.aec.gov.au/24310/Website/HouseDivisionPage-24310-211.htm,https://results.aec.gov.au/24310/Website/HouseDop-24310-211.htm,"HUNT, Greg",Liberal,110703,96952,6124,103076,93.11,10934,3,transfer,"SMITH, Reade",Sustainable Australia,"LESSLIE, Nathan",The Greens (VIC),267
Flinders,https://results.aec.gov.au/24310/Website/HouseDivisionPage-24310-211.htm,https://results.aec.gov.au/24310/Website/HouseDop-24310-211.htm,"HUNT, Greg",Liberal,110703,96952,6124,103076,93.11,10934,3,transfer,"SMITH, Reade",Sustainable Australia,"McSHANE, Christine",United Australia Party,119
Flinders,https://results.aec.gov.au/24310/Website/HouseDivisionPage-24310-211.htm,https://results.aec.gov.au/24310/Website/HouseDop-24310-211.htm,"HUNT, Greg",Liberal,110703,96952,6124,103076,93.11,10934,3,transfer,"SMITH, Reade",Sustainable Australia,"PERSSON, James",Animal Justice Party,243
Flinders,https://results.aec.gov.au/24310/Website/HouseDivisionPage-24310-211.htm,https://results.aec.gov.au/24310/Website/HouseDop-24310-211.htm,"HUNT, Greg",Liberal,110703,96952,6124,103076,93.11,10934,3,transfer,"SMITH, Reade",Sustainable Australia,"SINCLAIR, Josh",Australian Labor Party,180
Flinders,https://results.aec.gov.au/24310/Website/HouseDivisionPage-24310-211.htm,https://results.aec.gov.au/24310/Website/HouseDop-24310-211.htm,"HUNT, Greg",Liberal,110703,96952,6124,103076,93.11,10934,3,progressive,"SMITH, Reade",Sustainable Australia,"HUNT, Greg",Liberal,45727
Flinders,https://results.aec.gov.au/24310/Website/HouseDivisionPage-24310-211.htm,https://results.aec.gov.au/24310/Website/HouseDop-24310-211.htm,"HUNT, Greg",Liberal,110703,96952,6124,103076,93.11,10934,3,progressive,"SMITH, Reade",Sustainable Australia,"SINCLAIR, Josh",Australian Labor Party,24305
Flinders,https://results.aec.gov.au/24310/Website/HouseDivisionPage-24310-211.htm,https://results.aec.gov.au/24310/Website/HouseDop-24310-211.htm,"HUNT, Greg",Liberal,110703,96952,6124,103076,93.11,10934,3,progressive,"SMITH, Reade",Sustainable Australia,"BANKS, Julia",Independent,14276
Flinders,https://results.aec.gov.au/24310/Website/HouseDivisionPage-24310-211.htm,https://results.aec.gov.au/24310/Website/HouseDop-24310-211.htm,"HUNT, Greg",Liberal,110703,96952,6124,103076,93.11,10934,3,progressive,"SMITH, Reade",Sustainable Australia,"LESSLIE, Nathan",The Greens (VIC),6972
Flinders,https://results.aec.gov.au/24310/Website/HouseDivisionPage-24310-211.htm,https://results.aec.gov.au/24310/Website/HouseDop-24310-211.htm,"HUNT, Greg",Liberal,110703,96952,6124,103076,93.11,10934,3,progressive,"SMITH, Reade",Sustainable Australia,"PERSSON, James",Animal Justice Party,2991
Flinders,https://results.aec.gov.au/24310/Website/HouseDivisionPage-24310-211.htm,https://results.aec.gov.au/24310/Website/HouseDop-24310-211.htm,"HUNT, Greg",Liberal,110703,96952,6124,103076,93.11,10934,3,progressive,"SMITH, Reade",Sustainable Australia,"McSHANE, Christine",United Australia Party,2681
Flinders,https://results.aec.gov.au/24310/Website/HouseDivisionPage-24310-211.htm,https://results.aec.gov.au/24310/Website/HouseDop-24310-211.htm,"HUNT, Greg",Liberal,110703,96952,6124,103076,93.11,10934,4,transfer,"McSHANE, Christine",United Australia Party,"BANKS, Julia",Independent,783
Flinders,https://results.aec.gov.au/24310/Website/HouseDivisionPage-24310-211.htm,https://results.aec.gov.au/24310/Website/HouseDop-24310-211.htm,"HUNT, Greg",Liberal,110703,96952,6124,103076,93.11,10934,4,transfer,"McSHANE, Christine",United Australia Party,"HUNT, Greg",Liberal,1015
Flinders,https://results.aec.gov.au/24310/Website/HouseDivisionPage-24310-211.htm,https://results.aec.gov.au/24310/Website/HouseDop-24310-211.htm,"HUNT, Greg",Liberal,110703,96952,6124,103076,93.11,10934,4,transfer,"McSHANE, Christine",United Australia Party,"LESSLIE, Nathan",The Greens (VIC),185
Flinders,https://results.aec.gov.au/24310/Website/HouseDivisionPage-24310-211.htm,https://results.aec.gov.au/24310/Website/HouseDop-24310-211.htm,"HUNT, Greg",Liberal,110703,96952,6124,103076,93.11,10934,4,transfer,"McSHANE, Christine",United Australia Party,"PERSSON, James",Animal Justice Party,391
Flinders,https://results.aec.gov.au/24310/Website/HouseDivisionPage-24310-211.htm,https://results.aec.gov.au/24310/Website/HouseDop-24310-211.htm,"HUNT, Greg",Liberal,110703,96952,6124,103076,93.11,10934,4,transfer,"McSHANE, Christine",United Australia Party,"SINCLAIR, Josh",Australian Labor Party,307
Flinders,https://results.aec.gov.au/24310/Website/HouseDivisionPage-24310-211.htm,https://results.aec.gov.au/24310/Website/HouseDop-24310-211.htm,"HUNT, Greg",Liberal,110703,96952,6124,103076,93.11,10934,4,progressive,"McSHANE, Christine",United Australia Party,"HUNT, Greg",Liberal,46742
Flinders,https://results.aec.gov.au/24310/Website/HouseDivisionPage-24310-211.htm,https://results.aec.gov.au/24310/Website/HouseDop-24310-211.htm,"HUNT, Greg",Liberal,110703,96952,6124,103076,93.11,10934,4,progressive,"McSHANE, Christine",United Australia Party,"SINCLAIR, Josh",Australian Labor Party,24612
Flinders,https://results.aec.gov.au/24310/Website/HouseDivisionPage-24310-211.htm,https://results.aec.gov.au/24310/Website/HouseDop-24310-211.htm,"HUNT, Greg",Liberal,110703,96952,6124,103076,93.11,10934,4,progressive,"McSHANE, Christine",United Australia Party,"BANKS, Julia",Independent,15059
Flinders,https://results.aec.gov.au/24310/Website/HouseDivisionPage-24310-211.htm,https://results.aec.gov.au/24310/Website/HouseDop-24310-211.htm,"HUNT, Greg",Liberal,110703,96952,6124,103076,93.11,10934,4,progressive,"McSHANE, Christine",United Australia Party,"LESSLIE, Nathan",The Greens (VIC),7157
Flinders,https://results.aec.gov.au/24310/Website/HouseDivisionPage-24310-211.htm,https://results.aec.gov.au/24310/Website/HouseDop-24310-211.htm,"HUNT, Greg",Liberal,110703,96952,6124,103076,93.11,10934,4,progressive,"McSHANE, Christine",United Australia Party,"PERSSON, James",Animal Justice Party,3382
Flinders,https://results.aec.gov.au/24310/Website/HouseDivisionPage-24310-211.htm,https://results.aec.gov.au/24310/Website/HouseDop-24310-211.htm,"HUNT, Greg",Liberal,110703,96952,6124,103076,93.11,10934,5,transfer,"PERSSON, James",Animal Justice Party,"BANKS, Julia",Independent,885
Flinders,https://results.aec.gov.au/24310/Website/HouseDivisionPage-24310-211.htm,https://results.aec.gov.au/24310/Website/HouseDop-24310-211.htm,"HUNT, Greg",Liberal,110703,96952,6124,103076,93.11,10934,5,transfer,"PERSSON, James",Animal Justice Party,"HUNT, Greg",Liberal,861
Flinders,https://results.aec.gov.au/24310/Website/HouseDivisionPage-24310-211.htm,https://results.aec.gov.au/24310/Website/HouseDop-24310-211.htm,"HUNT, Greg",Liberal,110703,96952,6124,103076,93.11,10934,5,transfer,"PERSSON, James",Animal Justice Party,"LESSLIE, Nathan",The Greens (VIC),1143
Flinders,https://results.aec.gov.au/24310/Website/HouseDivisionPage-24310-211.htm,https://results.aec.gov.au/24310/Website/HouseDop-24310-211.htm,"HUNT, Greg",Liberal,110703,96952,6124,103076,93.11,10934,5,transfer,"PERSSON, James",Animal Justice Party,"SINCLAIR, Josh",Australian Labor Party,493
Flinders,https://results.aec.gov.au/24310/Website/HouseDivisionPage-24310-211.htm,https://results.aec.gov.au/24310/Website/HouseDop-24310-211.htm,"HUNT, Greg",Liberal,110703,96952,6124,103076,93.11,10934,5,progressive,"PERSSON, James",Animal Justice Party,"HUNT, Greg",Liberal,47603
Flinders,https://results.aec.gov.au/24310/Website/HouseDivisionPage-24310-211.htm,https://results.aec.gov.au/24310/Website/HouseDop-24310-211.htm,"HUNT, Greg",Liberal,110703,96952,6124,103076,93.11,10934,5,progressive,"PERSSON, James",Animal Justice Party,"SINCLAIR, Josh",Australian Labor Party,25105
Flinders,https://results.aec.gov.au/24310/Website/HouseDivisionPage-24310-211.htm,https://results.aec.gov.au/24310/Website/HouseDop-24310-211.htm,"HUNT, Greg",Liberal,110703,96952,6124,103076,93.11,10934,5,progressive,"PERSSON, James",Animal Justice Party,"BANKS, Julia",Independent,15944
Flinders,https://results.aec.gov.au/24310/Website/HouseDivisionPage-24310-211.htm,https://results.aec.gov.au/24310/Website/HouseDop-24310-211.htm,"HUNT, Greg",Liberal,110703,96952,6124,103076,93.11,10934,5,progressive,"PERSSON, James",Animal Justice Party,"LESSLIE, Nathan",The Greens (VIC),8300
Flinders,https://results.aec.gov.au/24310/Website/HouseDivisionPage-24310-211.htm,https://results.aec.gov.au/24310/Website/HouseDop-24310-211.htm,"HUNT, Greg",Liberal,110703,96952,6124,103076,93.11,10934,6,transfer,"LESSLIE, Nathan",The Greens (VIC),"BANKS, Julia",Independent,3873
Flinders,https://results.aec.gov.au/24310/Website/HouseDivisionPage-24310-211.htm,https://results.aec.gov.au/24310/Website/HouseDop-24310-211.htm,"HUNT, Greg",Liberal,110703,96952,6124,103076,93.11,10934,6,transfer,"LESSLIE, Nathan",The Greens (VIC),"HUNT, Greg",Liberal,901
Flinders,https://results.aec.gov.au/24310/Website/HouseDivisionPage-24310-211.htm,https://results.aec.gov.au/24310/Website/HouseDop-24310-211.htm,"HUNT, Greg",Liberal,110703,96952,6124,103076,93.11,10934,6,transfer,"LESSLIE, Nathan",The Greens (VIC),"SINCLAIR, Josh",Australian Labor Party,3526
Flinders,https://results.aec.gov.au/24310/Website/HouseDivisionPage-24310-211.htm,https://results.aec.gov.au/24310/Website/HouseDop-24310-211.htm,"HUNT, Greg",Liberal,110703,96952,6124,103076,93.11,10934,6,progressive,"LESSLIE, Nathan",The Greens (VIC),"HUNT, Greg",Liberal,48504
Flinders,https://results.aec.gov.au/24310/Website/HouseDivisionPage-24310-211.htm,https://results.aec.gov.au/24310/Website/HouseDop-24310-211.htm,"HUNT, Greg",Liberal,110703,96952,6124,103076,93.11,10934,6,progressive,"LESSLIE, Nathan",The Greens (VIC),"SINCLAIR, Josh",Australian Labor Party,28631
Flinders,https://results.aec.gov.au/24310/Website/HouseDivisionPage-24310-211.htm,https://results.aec.gov.au/24310/Website/HouseDop-24310-211.htm,"HUNT, Greg",Liberal,110703,96952,6124,103076,93.11,10934,6,progressive,"LESSLIE, Nathan",The Greens (VIC),"BANKS, Julia",Independent,19817
Flinders,https://results.aec.gov.au/24310/Website/HouseDivisionPage-24310-211.htm,https://results.aec.gov.au/24310/Website/HouseDop-24310-211.htm,"HUNT, Greg",Liberal,110703,96952,6124,103076,93.11,10934,7,transfer,"BANKS, Julia",Independent,"HUNT, Greg",Liberal,5439
Flinders,https://results.aec.gov.au/24310/Website/HouseDivisionPage-24310-211.htm,https://results.aec.gov.au/24310/Website/HouseDop-24310-211.htm,"HUNT, Greg",Liberal,110703,96952,6124,103076,93.11,10934,7,transfer,"BANKS, Julia",Independent,"SINCLAIR, Josh",Australian Labor Party,14378
Flinders,https://results.aec.gov.au/24310/Website/HouseDivisionPage-24310-211.htm,https://results.aec.gov.au/24310/Website/HouseDop-24310-211.htm,"HUNT, Greg",Liberal,110703,96952,6124,103076,93.11,10934,7,final,"BANKS, Julia",Independent,"HUNT, Greg",Liberal,53943
Flinders,https://results.aec.gov.au/24310/Website/HouseDivisionPage-24310-211.htm,https://results.aec.gov.au/24310/Website/HouseDop-24310-211.htm,"HUNT, Greg",Liberal,110703,96952,6124,103076,93.11,10934,7,final,"BANKS, Julia",Independent,"SINCLAIR, Josh",Australian Labor Party,43009
Fraser,https://results.aec.gov.au/24310/Website/HouseDivisionPage-24310-321.htm,https://results.aec.gov.au/24310/Website/HouseDop-24310-321.htm,"MULINO, Daniel",Australian Labor Party,109408,92559,6046,98605,90.13,26247,0,first,,,"MULINO, Daniel",Australian Labor Party,46709
Fraser,https://results.aec.gov.au/24310/Website/HouseDivisionPage-24310-321.htm,https://results.aec.gov.au/24310/Website/HouseDop-24310-321.htm,"MULINO, Daniel",Australian Labor Party,109408,92559,6046,98605,90.13,26247,0,first,,,"BAIN, Peter",Liberal,23929
Fraser,https://results.aec.gov.au/24310/Website/HouseDivisionPage-24310-321.htm,https://results.aec.gov.au/24310/Website/HouseDop-24310-321.htm,"MULINO, Daniel",Australian Labor Party,109408,92559,6046,98605,90.13,26247,0,first,,,"SCORGIE, Rebecca",The Greens (VIC),7645
Fraser,https://results.aec.gov.au/24310/Website/HouseDivisionPage-24310-321.htm,https://results.aec.gov.au/24310/Website/HouseDop-24310-321.htm,"MULINO, Daniel",Australian Labor Party,109408,92559,6046,98605,90.13,26247,0,first,,,"CHAU, Vinh Van",United Australia Party,7314
Fraser,https://results.aec.gov.au/24310/Website/HouseDivisionPage-24310-321.htm,https://results.aec.gov.au/24310/Website/HouseDop-24310-321.htm,"MULINO, Daniel",Australian Labor Party,109408,92559,6046,98605,90.13,26247,0,first,,,"TRAN, Van",Independent,5306
Fraser,https://results.aec.gov.au/24310/Website/HouseDivisionPage-24310-321.htm,https://results.aec.gov.au/24310/Website/HouseDop-24310-321.htm,"MULINO, Daniel",Australian Labor Party,109408,92559,6046,98605,90.13,26247,0,first,,,"DOBRAN, Tony",The Great Australian Party,1656
Fraser,https://results.aec.gov.au/24310/Website/HouseDivisionPage-24310-321.htm,https://results.aec.gov.au/24310/Website/HouseDop-24310-321.htm,"MULINO, Daniel",Australian Labor Party,109408,92559,6046,98605,90.13,26247,1,transfer,"DOBRAN, Tony",The Great Australian Party,"BAIN, Peter",Liberal,265
Fraser,https://results.aec.gov.au/24310/Website/HouseDivisionPage-24310-321.htm,https://results.aec.gov.au/24310/Website/HouseDop-24310-321.htm,"MULINO, Daniel",Australian Labor Party,109408,92559,6046,98605,90.13,26247,1,transfer,"DOBRAN, Tony",The Great Australian Party,"CHAU, Vinh Van",United Australia Party,413
Fraser,https://results.aec.gov.au/24310/Website/HouseDivisionPage-24310-321.htm,https://results.aec.gov.au/24310/Website/HouseDop-24310-321.htm,"MULINO, Daniel",Australian Labor Party,109408,92559,6046,98605,90.13,26247,1,transfer,"DOBRAN, Tony",The Great Australian Party,"MULINO, Daniel",Australian Labor Party,437
Fraser,https://results.aec.gov.au/24310/Website/HouseDivisionPage-24310-321.htm,https://results.aec.gov.au/24310/Website/HouseDop-24310-321.htm,"MULINO, Daniel",Australian Labor Party,109408,92559,6046,98605,90.13,26247,1,transfer,"DOBRAN, Tony",The Great Australian Party,"SCORGIE, Rebecca",The Greens (VIC),283
Fraser,https://results.aec.gov.au/24310/Website/HouseDivisionPage-24310-321.htm,https://results.aec.gov.au/24310/Website/HouseDop-24310-321.htm,"MULINO, Daniel",Australian Labor Party,109408,92559,6046,98605,90.13,26247,1,transfer,"DOBRAN, Tony",The Great Australian Party,"TRAN, Van",Independent,258
Fraser,https://results.aec.gov.au/24310/Website/HouseDivisionPage-24310-321.htm,https://results.aec.gov.au/24310/Website/HouseDop-24310-321.htm,"MULINO, Daniel",Australian Labor Party,109408,92559,6046,98605,90.13,26247,1,progressive,"DOBRAN, Tony",The Great Australian Party,"MULINO, Daniel",Australian Labor Party,47146
Fraser,https://results.aec.gov.au/24310/Website/HouseDivisionPage-24310-321.htm,https://results.aec.gov.au/24310/Website/HouseDop-24310-321.htm,"MULINO, Daniel",Australian Labor Party,109408,92559,6046,98605,90.13,26247,1,progressive,"DOBRAN, Tony",The Great Australian Party,"BAIN, Peter",Liberal,24194
Fraser,https://results.aec.gov.au/24310/Website/HouseDivisionPage-24310-321.htm,https://results.aec.gov.au/24310/Website/HouseDop-24310-321.htm,"MULINO, Daniel",Australian Labor Party,109408,92559,6046,98605,90.13,26247,1,progressive,"DOBRAN, Tony",The Great Australian Party,"SCORGIE, Rebecca",The Greens (VIC),7928
Fraser,https://results.aec.gov.au/24310/Website/HouseDivisionPage-24310-321.htm,https://results.aec.gov.au/24310/Website/HouseDop-24310-321.htm,"MULINO, Daniel",Australian Labor Party,109408,92559,6046,98605,90.13,26247,1,progressive,"DOBRAN, Tony",The Great Australian Party,"CHAU, Vinh Van",United Australia Party,7727
Fraser,https://results.aec.gov.au/24310/Website/HouseDivisionPage-24310-321.htm,https://results.aec.gov.au/24310/Website/HouseDop-24310-321.htm,"MULINO, Daniel",Australian Labor Party,109408,92559,6046,98605,90.13,26247,1,progressive,"DOBRAN, Tony",The Great Australian Party,"TRAN, Van",Independent,5564
Fraser,https://results.aec.gov.au/24310/Website/HouseDivisionPage-24310-321.htm,https://results.aec.gov.au/24310/Website/HouseDop-24310-321.htm,"MULINO, Daniel",Australian Labor Party,109408,92559,6046,98605,90.13,26247,2,transfer,"TRAN, Van",Independent,"BAIN, Peter",Liberal,732
Fraser,https://results.aec.gov.au/24310/Website/HouseDivisionPage-24310-321.htm,https://results.aec.gov.au/24310/Website/HouseDop-24310-321.htm,"MULINO, Daniel",Australian Labor Party,109408,92559,6046,98605,90.13,26247,2,transfer,"TRAN, Van",Independent,"CHAU, Vinh Van",United Australia Party,2017
Fraser,https://results.aec.gov.au/24310/Website/HouseDivisionPage-24310-321.htm,https://results.aec.gov.au/24310/Website/HouseDop-24310-321.htm,"MULINO, Daniel",Australian Labor Party,109408,92559,6046,98605,90.13,26247,2,transfer,"TRAN, Van",Independent,"MULINO, Daniel",Australian Labor Party,1042
Fraser,https://results.aec.gov.au/24310/Website/HouseDivisionPage-24310-321.htm,https://results.aec.gov.au/24310/Website/HouseDop-24310-321.htm,"MULINO, Daniel",Australian Labor Party,109408,92559,6046,98605,90.13,26247,2,transfer,"TRAN, Van",Independent,"SCORGIE, Rebecca",The Greens (VIC),1773
Fraser,https://results.aec.gov.au/24310/Website/HouseDivisionPage-24310-321.htm,https://results.aec.gov.au/24310/Website/HouseDop-24310-321.htm,"MULINO, Daniel",Australian Labor Party,109408,92559,6046,98605,90.13,26247,2,progressive,"TRAN, Van",Independent,"MULINO, Daniel",Australian Labor Party,48188
Fraser,https://results.aec.gov.au/24310/Website/HouseDivisionPage-24310-321.htm,https://results.aec.gov.au/24310/Website/HouseDop-24310-321.htm,"MULINO, Daniel",Australian Labor Party,109408,92559,6046,98605,90.13,26247,2,progressive,"TRAN, Van",Independent,"BAIN, Peter",Liberal,24926
Fraser,https://results.aec.gov.au/24310/Website/HouseDivisionPage-24310-321.htm,https://results.aec.gov.au/24310/Website/HouseDop-24310-321.htm,"MULINO, Daniel",Australian Labor Party,109408,92559,6046,98605,90.13,26247,2,progressive,"TRAN, Van",Independent,"CHAU, Vinh Van",United Australia Party,9744
Fraser,https://results.aec.gov.au/24310/Website/HouseDivisionPage-24310-321.htm,https://results.aec.gov.au/24310/Website/HouseDop-24310-321.htm,"MULINO, Daniel",Australian Labor Party,109408,92559,6046,98605,90.13,26247,2,progressive,"TRAN, Van",Independent,"SCORGIE, Rebecca",The Greens (VIC),9701
Fraser,https://results.aec.gov.au/24310/Website/HouseDivisionPage-24310-321.htm,https://results.aec.gov.au/24310/Website/HouseDop-24310-321.htm,"MULINO, Daniel",Australian Labor Party,109408,92559,6046,98605,90.13,26247,3,transfer,"SCORGIE, Rebecca",The Greens (VIC),"BAIN, Peter",Liberal,1227
Fraser,https://results.aec.gov.au/24310/Website/HouseDivisionPage-24310-321.htm,https://results.aec.gov.au/24310/Website/HouseDop-24310-321.htm,"MULINO, Daniel",Australian Labor Party,109408,92559,6046,98605,90.13,26247,3,transfer,"SCORGIE, Rebecca",The Greens (VIC),"CHAU, Vinh Van",United Australia Party,1314
Fraser,https://results.aec.gov.au/24310/Website/HouseDivisionPage-24310-321.htm,https://results.aec.gov.au/24310/Website/HouseDop-24310-321.htm,"MULINO, Daniel",Australian Labor Party,109408,92559,6046,98605,90.13,26247,3,transfer,"SCORGIE, Rebecca",The Greens (VIC),"MULINO, Daniel",Australian Labor Party,7160
Fraser,https://results.aec.gov.au/24310/Website/HouseDivisionPage-24310-321.htm,https://results.aec.gov.au/24310/Website/HouseDop-24310-321.htm,"MULINO, Daniel",Australian Labor Party,109408,92559,6046,98605,90.13,26247,3,progressive,"SCORGIE, Rebecca",The Greens (VIC),"MULINO, Daniel",Australian Labor Party,55348
Fraser,https://results.aec.gov.au/24310/Website/HouseDivisionPage-24310-321.htm,https://results.aec.gov.au/24310/Website/HouseDop-24310-321.htm,"MULINO, Daniel",Australian Labor Party,109408,92559,6046,98605,90.13,26247,3,progressive,"SCORGIE, Rebecca",The Greens (VIC),"BAIN, Peter",Liberal,26153
Fraser,https://results.aec.gov.au/24310/Website/HouseDivisionPage-24310-321.htm,https://results.aec.gov.au/24310/Website/HouseDop-24310-321.htm,"MULINO, Daniel",Australian Labor Party,109408,92559,6046,98605,90.13,26247,3,progressive,"SCORGIE, Rebecca",The Greens (VIC),"CHAU, Vinh Van",United Australia Party,11058
Fraser,https://results.aec.gov.au/24310/Website/HouseDivisionPage-24310-321.htm,https://results.aec.gov.au/24310/Website/HouseDop-24310-321.htm,"MULINO, Daniel",Australian Labor Party,109408,92559,6046,98605,90.13,26247,4,transfer,"CHAU, Vinh Van",United Australia Party,"BAIN, Peter",Liberal,7003
Fraser,https://results.aec.gov.au/24310/Website/HouseDivisionPage-24310-321.htm,https://results.aec.gov.au/24310/Website/HouseDop-24310-321.htm,"MULINO, Daniel",Australian Labor Party,109408,92559,6046,98605,90.13,26247,4,transfer,"CHAU, Vinh Van",United Australia Party,"MULINO, Daniel",Australian Labor Party,4055
Fraser,https://results.aec.gov.au/24310/Website/HouseDivisionPage-24310-321.htm,https://results.aec.gov.au/24310/Website/HouseDop-24310-321.htm,"MULINO, Daniel",Australian Labor Party,109408,92559,6046,98605,90.13,26247,4,final,"CHAU, Vinh Van",United Australia Party,"MULINO, Daniel",Australian Labor Party,59403
Fraser,https://results.aec.gov.au/24310/Website/HouseDivisionPage-24310-321.htm,https://results.aec.gov.au/24310/Website/HouseDop-24310-321.htm,"MULINO, Daniel",Australian Labor Party,109408,92559,6046,98605,90.13,26247,4,final,"CHAU, Vinh Van",United Australia Party,"BAIN, Peter",Liberal,33156
Gellibrand,https://results.aec.gov.au/24310/Website/HouseDivisionPage-24310-212.htm,https://results.aec.gov.au/24310/Website/HouseDop-24310-212.htm,"WATTS, Tim",Australian Labor Party,111194,98531,3582,102113,91.83,29225,0,first,,,"WATTS, Tim",Australian Labor Party,47942
Gellibrand,https://results.aec.gov.au/24310/Website/HouseDivisionPage-24310-212.htm,https://results.aec.gov.au/24310/Website/HouseDop-24310-212.htm,"WATTS, Tim",Australian Labor Party,111194,98531,3582,102113,91.83,29225,0,first,,,"MITCHELL, Anthony",Liberal,28895
Gellibrand,https://results.aec.gov.au/24310/Website/HouseDivisionPage-24310-212.htm,https://results.aec.gov.au/24310/Website/HouseDop-24310-212.htm,"WATTS, Tim",Australian Labor Party,111194,98531,3582,102113,91.83,29225,0,first,,,"THOMAS, Bernadette",The Greens (VIC),16303
Gellibrand,https://results.aec.gov.au/24310/Website/HouseDivisionPage-24310-212.htm,https://results.aec.gov.au/24310/Website/HouseDop-24310-212.htm,"WATTS, Tim",Australian Labor Party,111194,98531,3582,102113,91.83,29225,0,first,,,"BENTLEY, Lisa Maree",United Australia Party,5391
Gellibrand,https://results.aec.gov.au/24310/Website/HouseDivisionPage-24310-212.htm,https://results.aec.gov.au/24310/Website/HouseDop-24310-212.htm,"WATTS, Tim",Australian Labor Party,111194,98531,3582,102113,91.83,29225,1,transfer,"BENTLEY, Lisa Maree",United Australia Party,"MITCHELL, Anthony",Liberal,2992
Gellibrand,https://results.aec.gov.au/24310/Website/HouseDivisionPage-24310-212.htm,https://results.aec.gov.au/24310/Website/HouseDop-24310-212.htm,"WATTS, Tim",Australian Labor Party,111194,98531,3582,102113,91.83,29225,1,transfer,"BENTLEY, Lisa Maree",United Australia Party,"THOMAS, Bernadette",The Greens (VIC),1085
Gellibrand,https://results.aec.gov.au/24310/Website/HouseDivisionPage-24310-212.htm,https://results.aec.gov.au/24310/Website/HouseDop-24310-212.htm,"WATTS, Tim",Australian Labor Party,111194,98531,3582,102113,91.83,29225,1,transfer,"BENTLEY, Lisa Maree",United Australia Party,"WATTS, Tim",Australian Labor Party,1314
Gellibrand,https://results.aec.gov.au/24310/Website/HouseDivisionPage-24310-212.htm,https://results.aec.gov.au/24310/Website/HouseDop-24310-212.htm,"WATTS, Tim",Australian Labor Party,111194,98531,3582,102113,91.83,29225,1,progressive,"BENTLEY, Lisa Maree",United Australia Party,"WATTS, Tim",Australian Labor Party,49256
Gellibrand,https://results.aec.gov.au/24310/Website/HouseDivisionPage-24310-212.htm,https://results.aec.gov.au/24310/Website/HouseDop-24310-212.htm,"WATTS, Tim",Australian Labor Party,111194,98531,3582,102113,91.83,29225,1,progressive,"BENTLEY, Lisa Maree",United Australia Party,"MITCHELL, Anthony",Liberal,31887
Gellibrand,https://results.aec.gov.au/24310/Website/HouseDivisionPage-24310-212.htm,https://results.aec.gov.au/24310/Website/HouseDop-24310-212.htm,"WATTS, Tim",Australian Labor Party,111194,98531,3582,102113,91.83,29225,1,progressive,"BENTLEY, Lisa Maree",United Australia Party,"THOMAS, Bernadette",The Greens (VIC),17388
Gellibrand,https://results.aec.gov.au/24310/Website/HouseDivisionPage-24310-212.htm,https://results.aec.gov.au/24310/Website/HouseDop-24310-212.htm,"WATTS, Tim",Australian Labor Party,111194,98531,3582,102113,91.83,29225,2,transfer,"THOMAS, Bernadette",The Greens (VIC),"MITCHELL, Anthony",Liberal,2766
Gellibrand,https://results.aec.gov.au/24310/Website/HouseDivisionPage-24310-212.htm,https://results.aec.gov.au/24310/Website/HouseDop-24310-212.htm,"WATTS, Tim",Australian Labor Party,111194,98531,3582,102113,91.83,29225,2,transfer,"THOMAS, Bernadette",The Greens (VIC),"WATTS, Tim",Australian Labor Party,14622
Gellibrand,https://results.aec.gov.au/24310/Website/HouseDivisionPage-24310-212.htm,https://results.aec.gov.au/24310/Website/HouseDop-24310-212.htm,"WATTS, Tim",Australian Labor Party,111194,98531,3582,102113,91.83,29225,2,final,"THOMAS, Bernadette",The Greens (VIC),"WATTS, Tim",Australian Labor Party,63878
Gellibrand,https://results.aec.gov.au/24310/Website/HouseDivisionPage-24310-212.htm,https://results.aec.gov.au/24310/Website/HouseDop-24310-212.htm,"WATTS, Tim",Australian Labor Party,111194,98531,3582,102113,91.83,29225,2,final,"THOMAS, Bernadette",The Greens (VIC),"MITCHELL, Anthony",Liberal,34653
Gippsland,https://results.aec.gov.au/24310/Website/HouseDivisionPage-24310-213.htm,https://results.aec.gov.au/24310/Website/HouseDop-24310-213.htm,"CHESTER, Darren",The Nationals,110538,96678,5320,101998,92.27,32234,0,first,,,"CHESTER, Darren",The Nationals,52202
Gippsland,https://results.aec.gov.au/24310/Website/HouseDivisionPage-24310-213.htm,https://results.aec.gov.au/24310/Website/HouseDop-24310-213.htm,"CHESTER, Darren",The Nationals,110538,96678,5320,101998,92.27,32234,0,first,,,"HOLM, Antoinette",Australian Labor Party,22426
Gippsland,https://results.aec.gov.au/24310/Website/HouseDivisionPage-24310-213.htm,https://results.aec.gov.au/24310/Website/HouseDop-24310-213.htm,"CHESTER, Darren",The Nationals,110538,96678,5320,101998,92.27,32234,0,first,,,"SNELLING, David","Shooters, Fishers and Farmers",6872
Gippsland,https://results.aec.gov.au/24310/Website/HouseDivisionPage-24310-213.htm,https://results.aec.gov.au/24310/Website/HouseDop-24310-213.htm,"CHESTER, Darren",The Nationals,110538,96678,5320,101998,92.27,32234,0,first,,,"FOSKEY, Deb",The Greens (VIC),5835
Gippsland,https://results.aec.gov.au/24310/Website/HouseDivisionPage-24310-213.htm,https://results.aec.gov.au/24310/Website/HouseDop-24310-213.htm,"CHESTER, Darren",The Nationals,110538,96678,5320,101998,92.27,32234,0,first,,,"BREWER, Kerri Jane",United Australia Party,4257
Gippsland,https://results.aec.gov.au/24310/Website/HouseDivisionPage-24310-213.htm,https://results.aec.gov.au/24310/Website/HouseDop-24310-213.htm,"CHESTER, Darren",The Nationals,110538,96678,5320,101998,92.27,32234,0,first,,,"BUCKLEY, Sonia",Independent,3043
Gippsland,https://results.aec.gov.au/24310/Website/HouseDivisionPage-24310-213.htm,https://results.aec.gov.au/24310/Website/HouseDop-24310-213.htm,"CHESTER, Darren",The Nationals,110538,96678,5320,101998,92.27,32234,0,first,,,"TICKNER, Neville Phillip",FRASER ANNING'S CONSERVATIVE NATIONAL PARTY,2043
Gippsland,https://results.aec.gov.au/24310/Website/HouseDivisionPage-24310-213.htm,https://results.aec.gov.au/24310/Website/HouseDop-24310-213.htm,"CHESTER, Darren",The Nationals,110538,96678,5320,101998,92.27,32234,1,transfer,"TICKNER, Neville Phillip",FRASER ANNING'S CONSERVATIVE NATIONAL PARTY,"BREWER, Kerri Jane",United Australia Party,527
Gippsland,https://results.aec.gov.au/24310/Website/HouseDivisionPage-24310-213.htm,https://results.aec.gov.au/24310/Website/HouseDop-24310-213.htm,"CHESTER, Darren",The Nationals,110538,96678,5320,101998,92.27,32234,1,transfer,"TICKNER, Neville Phillip",FRASER ANNING'S CONSERVATIVE NATIONAL PARTY,"BUCKLEY, Sonia",Independent,163
Gippsland,https://results.aec.gov.au/24310/Website/HouseDivisionPage-24310-213.htm,https://results.aec.gov.au/24310/Website/HouseDop-24310-213.htm,"CHESTER, Darren",The Nationals,110538,96678,5320,101998,92.27,32234,1,transfer,"TICKNER, Neville Phillip",FRASER ANNING'S CONSERVATIVE NATIONAL PARTY,"CHESTER, Darren",The Nationals,342
Gippsland,https://results.aec.gov.au/24310/Website/HouseDivisionPage-24310-213.htm,https://results.aec.gov.au/24310/Website/HouseDop-24310-213.htm,"CHESTER, Darren",The Nationals,110538,96678,5320,101998,92.27,32234,1,transfer,"TICKNER, Neville Phillip",FRASER ANNING'S CONSERVATIVE NATIONAL PARTY,"FOSKEY, Deb",The Greens (VIC),25
Gippsland,https://results.aec.gov.au/24310/Website/HouseDivisionPage-24310-213.htm,https://results.aec.gov.au/24310/Website/HouseDop-24310-213.htm,"CHESTER, Darren",The Nationals,110538,96678,5320,101998,92.27,32234,1,transfer,"TICKNER, Neville Phillip",FRASER ANNING'S CONSERVATIVE NATIONAL PARTY,"HOLM, Antoinette",Australian Labor Party,74
Gippsland,https://results.aec.gov.au/24310/Website/HouseDivisionPage-24310-213.htm,https://results.aec.gov.au/24310/Website/HouseDop-24310-213.htm,"CHESTER, Darren",The Nationals,110538,96678,5320,101998,92.27,32234,1,transfer,"TICKNER, Neville Phillip",FRASER ANNING'S CONSERVATIVE NATIONAL PARTY,"SNELLING, David","Shooters, Fishers and Farmers",912
Gippsland,https://results.aec.gov.au/24310/Website/HouseDivisionPage-24310-213.htm,https://results.aec.gov.au/24310/Website/HouseDop-24310-213.htm,"CHESTER, Darren",The Nationals,110538,96678,5320,101998,92.27,32234,1,progressive,"TICKNER, Neville Phillip",FRASER ANNING'S CONSERVATIVE NATIONAL PARTY,"CHESTER, Darren",The Nationals,52544
Gippsland,https://results.aec.gov.au/24310/Website/HouseDivisionPage-24310-213.htm,https://results.aec.gov.au/24310/Website/HouseDop-24310-213.htm,"CHESTER, Darren",The Nationals,110538,96678,5320,101998,92.27,32234,1,progressive,"TICKNER, Neville Phillip",FRASER ANNING'S CONSERVATIVE NATIONAL PARTY,"HOLM, Antoinette",Australian Labor Party,22500
Gippsland,https://results.aec.gov.au/24310/Website/HouseDivisionPage-24310-213.htm,https://results.aec.gov.au/24310/Website/HouseDop-24310-213.htm,"CHESTER, Darren",The Nationals,110538,96678,5320,101998,92.27,32234,1,progressive,"TICKNER, Neville Phillip",FRASER ANNING'S CONSERVATIVE NATIONAL PARTY,"SNELLING, David","Shooters, Fishers and Farmers",7784
Gippsland,https://results.aec.gov.au/24310/Website/HouseDivisionPage-24310-213.htm,https://results.aec.gov.au/24310/Website/HouseDop-24310-213.htm,"CHESTER, Darren",The Nationals,110538,96678,5320,101998,92.27,32234,1,progressive,"TICKNER, Neville Phillip",FRASER ANNING'S CONSERVATIVE NATIONAL PARTY,"FOSKEY, Deb",The Greens (VIC),5860
Gippsland,https://results.aec.gov.au/24310/Website/HouseDivisionPage-24310-213.htm,https://results.aec.gov.au/24310/Website/HouseDop-24310-213.htm,"CHESTER, Darren",The Nationals,110538,96678,5320,101998,92.27,32234,1,progressive,"TICKNER, Neville Phillip",FRASER ANNING'S CONSERVATIVE NATIONAL PARTY,"BREWER, Kerri Jane",United Australia Party,4784
Gippsland,https://results.aec.gov.au/24310/Website/HouseDivisionPage-24310-213.htm,https://results.aec.gov.au/24310/Website/HouseDop-24310-213.htm,"CHESTER, Darren",The Nationals,110538,96678,5320,101998,92.27,32234,1,progressive,"TICKNER, Neville Phillip",FRASER ANNING'S CONSERVATIVE NATIONAL PARTY,"BUCKLEY, Sonia",Independent,3206
Gippsland,https://results.aec.gov.au/24310/Website/HouseDivisionPage-24310-213.htm,https://results.aec.gov.au/24310/Website/HouseDop-24310-213.htm,"CHESTER, Darren",The Nationals,110538,96678,5320,101998,92.27,32234,2,transfer,"BUCKLEY, Sonia",Independent,"BREWER, Kerri Jane",United Australia Party,427
Gippsland,https://results.aec.gov.au/24310/Website/HouseDivisionPage-24310-213.htm,https://results.aec.gov.au/24310/Website/HouseDop-24310-213.htm,"CHESTER, Darren",The Nationals,110538,96678,5320,101998,92.27,32234,2,transfer,"BUCKLEY, Sonia",Independent,"CHESTER, Darren",The Nationals,1028
Gippsland,https://results.aec.gov.au/24310/Website/HouseDivisionPage-24310-213.htm,https://results.aec.gov.au/24310/Website/HouseDop-24310-213.htm,"CHESTER, Darren",The Nationals,110538,96678,5320,101998,92.27,32234,2,transfer,"BUCKLEY, Sonia",Independent,"FOSKEY, Deb",The Greens (VIC),462
Gippsland,https://results.aec.gov.au/24310/Website/HouseDivisionPage-24310-213.htm,https://results.aec.gov.au/24310/Website/HouseDop-24310-213.htm,"CHESTER, Darren",The Nationals,110538,96678,5320,101998,92.27,32234,2,transfer,"BUCKLEY, Sonia",Independent,"HOLM, Antoinette",Australian Labor Party,522
Gippsland,https://results.aec.gov.au/24310/Website/HouseDivisionPage-24310-213.htm,https://results.aec.gov.au/24310/Website/HouseDop-24310-213.htm,"CHESTER, Darren",The Nationals,110538,96678,5320,101998,92.27,32234,2,transfer,"BUCKLEY, Sonia",Independent,"SNELLING, David","Shooters, Fishers and Farmers",767
Gippsland,https://results.aec.gov.au/24310/Website/HouseDivisionPage-24310-213.htm,https://results.aec.gov.au/24310/Website/HouseDop-24310-213.htm,"CHESTER, Darren",The Nationals,110538,96678,5320,101998,92.27,32234,2,progressive,"BUCKLEY, Sonia",Independent,"CHESTER, Darren",The Nationals,53572
Gippsland,https://results.aec.gov.au/24310/Website/HouseDivisionPage-24310-213.htm,https://results.aec.gov.au/24310/Website/HouseDop-24310-213.htm,"CHESTER, Darren",The Nationals,110538,96678,5320,101998,92.27,32234,2,progressive,"BUCKLEY, Sonia",Independent,"HOLM, Antoinette",Australian Labor Party,23022
Gippsland,https://results.aec.gov.au/24310/Website/HouseDivisionPage-24310-213.htm,https://results.aec.gov.au/24310/Website/HouseDop-24310-213.htm,"CHESTER, Darren",The Nationals,110538,96678,5320,101998,92.27,32234,2,progressive,"BUCKLEY, Sonia",Independent,"SNELLING, David","Shooters, Fishers and Farmers",8551
Gippsland,https://results.aec.gov.au/24310/Website/HouseDivisionPage-24310-213.htm,https://results.aec.gov.au/24310/Website/HouseDop-24310-213.htm,"CHESTER, Darren",The Nationals,110538,96678,5320,101998,92.27,32234,2,progressive,"BUCKLEY, Sonia",Independent,"FOSKEY, Deb",The Greens (VIC),6322
Gippsland,https://results.aec.gov.au/24310/Website/HouseDivisionPage-24310-213.htm,https://results.aec.gov.au/24310/Website/HouseDop-24310-213.htm,"CHESTER, Darren",The Nationals,110538,96678,5320,101998,92.27,32234,2,progressive,"BUCKLEY, Sonia",Independent,"BREWER, Kerri Jane",United Australia Party,5211
Gippsland,https://results.aec.gov.au/24310/Website/HouseDivisionPage-24310-213.htm,https://results.aec.gov.au/24310/Website/HouseDop-24310-213.htm,"CHESTER, Darren",The Nationals,110538,96678,5320,101998,92.27,32234,3,transfer,"BREWER, Kerri Jane",United Australia Party,"CHESTER, Darren",The Nationals,2157
Gippsland,https://results.aec.gov.au/24310/Website/HouseDivisionPage-24310-213.htm,https://results.aec.gov.au/24310/Website/HouseDop-24310-213.htm,"CHESTER, Darren",The Nationals,110538,96678,5320,101998,92.27,32234,3,transfer,"BREWER, Kerri Jane",United Australia Party,"FOSKEY, Deb",The Greens (VIC),302
Gippsland,https://results.aec.gov.au/24310/Website/HouseDivisionPage-24310-213.htm,https://results.aec.gov.au/24310/Website/HouseDop-24310-213.htm,"CHESTER, Darren",The Nationals,110538,96678,5320,101998,92.27,32234,3,transfer,"BREWER, Kerri Jane",United Australia Party,"HOLM, Antoinette",Australian Labor Party,721
Gippsland,https://results.aec.gov.au/24310/Website/HouseDivisionPage-24310-213.htm,https://results.aec.gov.au/24310/Website/HouseDop-24310-213.htm,"CHESTER, Darren",The Nationals,110538,96678,5320,101998,92.27,32234,3,transfer,"BREWER, Kerri Jane",United Australia Party,"SNELLING, David","Shooters, Fishers and Farmers",2031
Gippsland,https://results.aec.gov.au/24310/Website/HouseDivisionPage-24310-213.htm,https://results.aec.gov.au/24310/Website/HouseDop-24310-213.htm,"CHESTER, Darren",The Nationals,110538,96678,5320,101998,92.27,32234,3,progressive,"BREWER, Kerri Jane",United Australia Party,"CHESTER, Darren",The Nationals,55729
Gippsland,https://results.aec.gov.au/24310/Website/HouseDivisionPage-24310-213.htm,https://results.aec.gov.au/24310/Website/HouseDop-24310-213.htm,"CHESTER, Darren",The Nationals,110538,96678,5320,101998,92.27,32234,3,progressive,"BREWER, Kerri Jane",United Australia Party,"HOLM, Antoinette",Australian Labor Party,23743
Gippsland,https://results.aec.gov.au/24310/Website/HouseDivisionPage-24310-213.htm,https://results.aec.gov.au/24310/Website/HouseDop-24310-213.htm,"CHESTER, Darren",The Nationals,110538,96678,5320,101998,92.27,32234,3,progressive,"BREWER, Kerri Jane",United Australia Party,"SNELLING, David","Shooters, Fishers and Farmers",10582
Gippsland,https://results.aec.gov.au/24310/Website/HouseDivisionPage-24310-213.htm,https://results.aec.gov.au/24310/Website/HouseDop-24310-213.htm,"CHESTER, Darren",The Nationals,110538,96678,5320,101998,92.27,32234,3,progressive,"BREWER, Kerri Jane",United Australia Party,"FOSKEY, Deb",The Greens (VIC),6624
Gippsland,https://results.aec.gov.au/24310/Website/HouseDivisionPage-24310-213.htm,https://results.aec.gov.au/24310/Website/HouseDop-24310-213.htm,"CHESTER, Darren",The Nationals,110538,96678,5320,101998,92.27,32234,4,transfer,"FOSKEY, Deb",The Greens (VIC),"CHESTER, Darren",The Nationals,1502
Gippsland,https://results.aec.gov.au/24310/Website/HouseDivisionPage-24310-213.htm,https://results.aec.gov.au/24310/Website/HouseDop-24310-213.htm,"CHESTER, Darren",The Nationals,110538,96678,5320,101998,92.27,32234,4,transfer,"FOSKEY, Deb",The Greens (VIC),"HOLM, Antoinette",Australian Labor Party,4415
Gippsland,https://results.aec.gov.au/24310/Website/HouseDivisionPage-24310-213.htm,https://results.aec.gov.au/24310/Website/HouseDop-24310-213.htm,"CHESTER, Darren",The Nationals,110538,96678,5320,101998,92.27,32234,4,transfer,"FOSKEY, Deb",The Greens (VIC),"SNELLING, David","Shooters, Fishers and Farmers",707
Gippsland,https://results.aec.gov.au/24310/Website/HouseDivisionPage-24310-213.htm,https://results.aec.gov.au/24310/Website/HouseDop-24310-213.htm,"CHESTER, Darren",The Nationals,110538,96678,5320,101998,92.27,32234,4,progressive,"FOSKEY, Deb",The Greens (VIC),"CHESTER, Darren",The Nationals,57231
Gippsland,https://results.aec.gov.au/24310/Website/HouseDivisionPage-24310-213.htm,https://results.aec.gov.au/24310/Website/HouseDop-24310-213.htm,"CHESTER, Darren",The Nationals,110538,96678,5320,101998,92.27,32234,4,progressive,"FOSKEY, Deb",The Greens (VIC),"HOLM, Antoinette",Australian Labor Party,28158
Gippsland,https://results.aec.gov.au/24310/Website/HouseDivisionPage-24310-213.htm,https://results.aec.gov.au/24310/Website/HouseDop-24310-213.htm,"CHESTER, Darren",The Nationals,110538,96678,5320,101998,92.27,32234,4,progressive,"FOSKEY, Deb",The Greens (VIC),"SNELLING, David","Shooters, Fishers and Farmers",11289
Gippsland,https://results.aec.gov.au/24310/Website/HouseDivisionPage-24310-213.htm,https://results.aec.gov.au/24310/Website/HouseDop-24310-213.htm,"CHESTER, Darren",The Nationals,110538,96678,5320,101998,92.27,32234,5,transfer,"SNELLING, David","Shooters, Fishers and Farmers","CHESTER, Darren",The Nationals,7225
Gippsland,https://results.aec.gov.au/24310/Website/HouseDivisionPage-24310-213.htm,https://results.aec.gov.au/24310/Website/HouseDop-24310-213.htm,"CHESTER, Darren",The Nationals,110538,96678,5320,101998,92.27,32234,5,transfer,"SNELLING, David","Shooters, Fishers and Farmers","HOLM, Antoinette",Australian Labor Party,4064
Gippsland,https://results.aec.gov.au/24310/Website/HouseDivisionPage-24310-213.htm,https://results.aec.gov.au/24310/Website/HouseDop-24310-213.htm,"CHESTER, Darren",The Nationals,110538,96678,5320,101998,92.27,32234,5,final,"SNELLING, David","Shooters, Fishers and Farmers","CHESTER, Darren",The Nationals,64456
Gippsland,https://results.aec.gov.au/24310/Website/HouseDivisionPage-24310-213.htm,https://results.aec.gov.au/24310/Website/HouseDop-24310-213.htm,"CHESTER, Darren",The Nationals,110538,96678,5320,101998,92.27,32234,5,final,"SNELLING, David","Shooters, Fishers and Farmers","HOLM, Antoinette",Australian Labor Party,32222
Goldstein,https://results.aec.gov.au/24310/Website/HouseDivisionPage-24310-214.htm,https://results.aec.gov.au/24310/Website/HouseDop-24310-214.htm,"WILSON, Tim",Liberal,108514,99336,2244,101580,93.61,15480,0,first,,,"WILSON, Tim",Liberal,52320
Goldstein,https://results.aec.gov.au/24310/Website/HouseDivisionPage-24310-214.htm,https://results.aec.gov.au/24310/Website/HouseDop-24310-214.htm,"WILSON, Tim",Liberal,108514,99336,2244,101580,93.61,15480,0,first,,,"POLLOCK, Daniel",Australian Labor Party,28118
Goldstein,https://results.aec.gov.au/24310/Website/HouseDivisionPage-24310-214.htm,https://results.aec.gov.au/24310/Website/HouseDop-24310-214.htm,"WILSON, Tim",Liberal,108514,99336,2244,101580,93.61,15480,0,first,,,"PENNICUIK, Sue",The Greens (VIC),13951
Goldstein,https://results.aec.gov.au/24310/Website/HouseDivisionPage-24310-214.htm,https://results.aec.gov.au/24310/Website/HouseDop-24310-214.htm,"WILSON, Tim",Liberal,108514,99336,2244,101580,93.61,15480,0,first,,,"CONNOLLY, Wayne",United Australia Party,1945
Goldstein,https://results.aec.gov.au/24310/Website/HouseDivisionPage-24310-214.htm,https://results.aec.gov.au/24310/Website/HouseDop-24310-214.htm,"WILSON, Tim",Liberal,108514,99336,2244,101580,93.61,15480,0,first,,,"HOULT, Brandon James",Sustainable Australia,1653
Goldstein,https://results.aec.gov.au/24310/Website/HouseDivisionPage-24310-214.htm,https://results.aec.gov.au/24310/Website/HouseDop-24310-214.htm,"WILSON, Tim",Liberal,108514,99336,2244,101580,93.61,15480,0,first,,,"CASLEY, John Tiger",Independent,1349
Goldstein,https://results.aec.gov.au/24310/Website/HouseDivisionPage-24310-214.htm,https://results.aec.gov.au/24310/Website/HouseDop-24310-214.htm,"WILSON, Tim",Liberal,108514,99336,2244,101580,93.61,15480,1,transfer,"CASLEY, John Tiger",Independent,"CONNOLLY, Wayne",United Australia Party,198
Goldstein,https://results.aec.gov.au/24310/Website/HouseDivisionPage-24310-214.htm,https://results.aec.gov.au/24310/Website/HouseDop-24310-214.htm,"WILSON, Tim",Liberal,108514,99336,2244,101580,93.61,15480,1,transfer,"CASLEY, John Tiger",Independent,"HOULT, Brandon James",Sustainable Australia,351
Goldstein,https://results.aec.gov.au/24310/Website/HouseDivisionPage-24310-214.htm,https://results.aec.gov.au/24310/Website/HouseDop-24310-214.htm,"WILSON, Tim",Liberal,108514,99336,2244,101580,93.61,15480,1,transfer,"CASLEY, John Tiger",Independent,"PENNICUIK, Sue",The Greens (VIC),259
Goldstein,https://results.aec.gov.au/24310/Website/HouseDivisionPage-24310-214.htm,https://results.aec.gov.au/24310/Website/HouseDop-24310-214.htm,"WILSON, Tim",Liberal,108514,99336,2244,101580,93.61,15480,1,transfer,"CASLEY, John Tiger",Independent,"POLLOCK, Daniel",Australian Labor Party,190
Goldstein,https://results.aec.gov.au/24310/Website/HouseDivisionPage-24310-214.htm,https://results.aec.gov.au/24310/Website/HouseDop-24310-214.htm,"WILSON, Tim",Liberal,108514,99336,2244,101580,93.61,15480,1,transfer,"CASLEY, John Tiger",Independent,"WILSON, Tim",Liberal,351
Goldstein,https://results.aec.gov.au/24310/Website/HouseDivisionPage-24310-214.htm,https://results.aec.gov.au/24310/Website/HouseDop-24310-214.htm,"WILSON, Tim",Liberal,108514,99336,2244,101580,93.61,15480,1,progressive,"CASLEY, John Tiger",Independent,"WILSON, Tim",Liberal,52671
Goldstein,https://results.aec.gov.au/24310/Website/HouseDivisionPage-24310-214.htm,https://results.aec.gov.au/24310/Website/HouseDop-24310-214.htm,"WILSON, Tim",Liberal,108514,99336,2244,101580,93.61,15480,1,progressive,"CASLEY, John Tiger",Independent,"POLLOCK, Daniel",Australian Labor Party,28308
Goldstein,https://results.aec.gov.au/24310/Website/HouseDivisionPage-24310-214.htm,https://results.aec.gov.au/24310/Website/HouseDop-24310-214.htm,"WILSON, Tim",Liberal,108514,99336,2244,101580,93.61,15480,1,progressive,"CASLEY, John Tiger",Independent,"PENNICUIK, Sue",The Greens (VIC),14210
Goldstein,https://results.aec.gov.au/24310/Website/HouseDivisionPage-24310-214.htm,https://results.aec.gov.au/24310/Website/HouseDop-24310-214.htm,"WILSON, Tim",Liberal,108514,99336,2244,101580,93.61,15480,1,progressive,"CASLEY, John Tiger",Independent,"CONNOLLY, Wayne",United Australia Party,2143
Goldstein,https://results.aec.gov.au/24310/Website/HouseDivisionPage-24310-214.htm,https://results.aec.gov.au/24310/Website/HouseDop-24310-214.htm,"WILSON, Tim",Liberal,108514,99336,2244,101580,93.61,15480,1,progressive,"CASLEY, John Tiger",Independent,"HOULT, Brandon James",Sustainable Australia,2004
Goldstein,https://results.aec.gov.au/24310/Website/HouseDivisionPage-24310-214.htm,https://results.aec.gov.au/24310/Website/HouseDop-24310-214.htm,"WILSON, Tim",Liberal,108514,99336,2244,101580,93.61,15480,2,transfer,"HOULT, Brandon James",Sustainable Australia,"CONNOLLY, Wayne",United Australia Party,393
Goldstein,https://results.aec.gov.au/24310/Website/HouseDivisionPage-24310-214.htm,https://results.aec.gov.au/24310/Website/HouseDop-24310-214.htm,"WILSON, Tim",Liberal,108514,99336,2244,101580,93.61,15480,2,transfer,"HOULT, Brandon James",Sustainable Australia,"PENNICUIK, Sue",The Greens (VIC),791
Goldstein,https://results.aec.gov.au/24310/Website/HouseDivisionPage-24310-214.htm,https://results.aec.gov.au/24310/Website/HouseDop-24310-214.htm,"WILSON, Tim",Liberal,108514,99336,2244,101580,93.61,15480,2,transfer,"HOULT, Brandon James",Sustainable Australia,"POLLOCK, Daniel",Australian Labor Party,399
Goldstein,https://results.aec.gov.au/24310/Website/HouseDivisionPage-24310-214.htm,https://results.aec.gov.au/24310/Website/HouseDop-24310-214.htm,"WILSON, Tim",Liberal,108514,99336,2244,101580,93.61,15480,2,transfer,"HOULT, Brandon James",Sustainable Australia,"WILSON, Tim",Liberal,421
Goldstein,https://results.aec.gov.au/24310/Website/HouseDivisionPage-24310-214.htm,https://results.aec.gov.au/24310/Website/HouseDop-24310-214.htm,"WILSON, Tim",Liberal,108514,99336,2244,101580,93.61,15480,2,progressive,"HOULT, Brandon James",Sustainable Australia,"WILSON, Tim",Liberal,53092
Goldstein,https://results.aec.gov.au/24310/Website/HouseDivisionPage-24310-214.htm,https://results.aec.gov.au/24310/Website/HouseDop-24310-214.htm,"WILSON, Tim",Liberal,108514,99336,2244,101580,93.61,15480,2,progressive,"HOULT, Brandon James",Sustainable Australia,"POLLOCK, Daniel",Australian Labor Party,28707
Goldstein,https://results.aec.gov.au/24310/Website/HouseDivisionPage-24310-214.htm,https://results.aec.gov.au/24310/Website/HouseDop-24310-214.htm,"WILSON, Tim",Liberal,108514,99336,2244,101580,93.61,15480,2,progressive,"HOULT, Brandon James",Sustainable Australia,"PENNICUIK, Sue",The Greens (VIC),15001
Goldstein,https://results.aec.gov.au/24310/Website/HouseDivisionPage-24310-214.htm,https://results.aec.gov.au/24310/Website/HouseDop-24310-214.htm,"WILSON, Tim",Liberal,108514,99336,2244,101580,93.61,15480,2,progressive,"HOULT, Brandon James",Sustainable Australia,"CONNOLLY, Wayne",United Australia Party,2536
Goldstein,https://results.aec.gov.au/24310/Website/HouseDivisionPage-24310-214.htm,https://results.aec.gov.au/24310/Website/HouseDop-24310-214.htm,"WILSON, Tim",Liberal,108514,99336,2244,101580,93.61,15480,3,transfer,"CONNOLLY, Wayne",United Australia Party,"PENNICUIK, Sue",The Greens (VIC),488
Goldstein,https://results.aec.gov.au/24310/Website/HouseDivisionPage-24310-214.htm,https://results.aec.gov.au/24310/Website/HouseDop-24310-214.htm,"WILSON, Tim",Liberal,108514,99336,2244,101580,93.61,15480,3,transfer,"CONNOLLY, Wayne",United Australia Party,"POLLOCK, Daniel",Australian Labor Party,725
Goldstein,https://results.aec.gov.au/24310/Website/HouseDivisionPage-24310-214.htm,https://results.aec.gov.au/24310/Website/HouseDop-24310-214.htm,"WILSON, Tim",Liberal,108514,99336,2244,101580,93.61,15480,3,transfer,"CONNOLLY, Wayne",United Australia Party,"WILSON, Tim",Liberal,1323
Goldstein,https://results.aec.gov.au/24310/Website/HouseDivisionPage-24310-214.htm,https://results.aec.gov.au/24310/Website/HouseDop-24310-214.htm,"WILSON, Tim",Liberal,108514,99336,2244,101580,93.61,15480,3,progressive,"CONNOLLY, Wayne",United Australia Party,"WILSON, Tim",Liberal,54415
Goldstein,https://results.aec.gov.au/24310/Website/HouseDivisionPage-24310-214.htm,https://results.aec.gov.au/24310/Website/HouseDop-24310-214.htm,"WILSON, Tim",Liberal,108514,99336,2244,101580,93.61,15480,3,progressive,"CONNOLLY, Wayne",United Australia Party,"POLLOCK, Daniel",Australian Labor Party,29432
Goldstein,https://results.aec.gov.au/24310/Website/HouseDivisionPage-24310-214.htm,https://results.aec.gov.au/24310/Website/HouseDop-24310-214.htm,"WILSON, Tim",Liberal,108514,99336,2244,101580,93.61,15480,3,progressive,"CONNOLLY, Wayne",United Australia Party,"PENNICUIK, Sue",The Greens (VIC),15489
Goldstein,https://results.aec.gov.au/24310/Website/HouseDivisionPage-24310-214.htm,https://results.aec.gov.au/24310/Website/HouseDop-24310-214.htm,"WILSON, Tim",Liberal,108514,99336,2244,101580,93.61,15480,4,transfer,"PENNICUIK, Sue",The Greens (VIC),"POLLOCK, Daniel",Australian Labor Party,12496
Goldstein,https://results.aec.gov.au/24310/Website/HouseDivisionPage-24310-214.htm,https://results.aec.gov.au/24310/Website/HouseDop-24310-214.htm,"WILSON, Tim",Liberal,108514,99336,2244,101580,93.61,15480,4,transfer,"PENNICUIK, Sue",The Greens (VIC),"WILSON, Tim",Liberal,2993
Goldstein,https://results.aec.gov.au/24310/Website/HouseDivisionPage-24310-214.htm,https://results.aec.gov.au/24310/Website/HouseDop-24310-214.htm,"WILSON, Tim",Liberal,108514,99336,2244,101580,93.61,15480,4,final,"PENNICUIK, Sue",The Greens (VIC),"WILSON, Tim",Liberal,57408
Goldstein,https://results.aec.gov.au/24310/Website/HouseDivisionPage-24310-214.htm,https://results.aec.gov.au/24310/Website/HouseDop-24310-214.htm,"WILSON, Tim",Liberal,108514,99336,2244,101580,93.61,15480,4,final,"PENNICUIK, Sue",The Greens (VIC),"POLLOCK, Daniel",Australian Labor Party,41928
Gorton,https://results.aec.gov.au/24310/Website/HouseDivisionPage-24310-309.htm,https://results.aec.gov.au/24310/Website/HouseDop-24310-309.htm,"O'CONNOR, Brendan",Australian Labor Party,110416,94641,5957,100598,91.11,29081,0,first,,,"O'CONNOR, Brendan",Australian Labor Party,47398
Gorton,https://results.aec.gov.au/24310/Website/HouseDivisionPage-24310-309.htm,https://results.aec.gov.au/24310/Website/HouseDop-24310-309.htm,"O'CONNOR, Brendan",Australian Labor Party,110416,94641,5957,100598,91.11,29081,0,first,,,"DI NOIA, Nathan",Liberal,24677
Gorton,https://results.aec.gov.au/24310/Website/HouseDivisionPage-24310-309.htm,https://results.aec.gov.au/24310/Website/HouseDop-24310-309.htm,"O'CONNOR, Brendan",Australian Labor Party,110416,94641,5957,100598,91.11,29081,0,first,,,"BINGHAM, Jarrod",Independent,8363
Gorton,https://results.aec.gov.au/24310/Website/HouseDivisionPage-24310-309.htm,https://results.aec.gov.au/24310/Website/HouseDop-24310-309.htm,"O'CONNOR, Brendan",Australian Labor Party,110416,94641,5957,100598,91.11,29081,0,first,,,"TURTON, Richard",United Australia Party,7473
Gorton,https://results.aec.gov.au/24310/Website/HouseDivisionPage-24310-309.htm,https://results.aec.gov.au/24310/Website/HouseDop-24310-309.htm,"O'CONNOR, Brendan",Australian Labor Party,110416,94641,5957,100598,91.11,29081,0,first,,,"SINGH, Harkirat",The Greens (VIC),6730
Gorton,https://results.aec.gov.au/24310/Website/HouseDivisionPage-24310-309.htm,https://results.aec.gov.au/24310/Website/HouseDop-24310-309.htm,"O'CONNOR, Brendan",Australian Labor Party,110416,94641,5957,100598,91.11,29081,1,transfer,"SINGH, Harkirat",The Greens (VIC),"BINGHAM, Jarrod",Independent,1379
Gorton,https://results.aec.gov.au/24310/Website/HouseDivisionPage-24310-309.htm,https://results.aec.gov.au/24310/Website/HouseDop-24310-309.htm,"O'CONNOR, Brendan",Australian Labor Party,110416,94641,5957,100598,91.11,29081,1,transfer,"SINGH, Harkirat",The Greens (VIC),"DI NOIA, Nathan",Liberal,753
Gorton,https://results.aec.gov.au/24310/Website/HouseDivisionPage-24310-309.htm,https://results.aec.gov.au/24310/Website/HouseDop-24310-309.htm,"O'CONNOR, Brendan",Australian Labor Party,110416,94641,5957,100598,91.11,29081,1,transfer,"SINGH, Harkirat",The Greens (VIC),"O'CONNOR, Brendan",Australian Labor Party,3953
Gorton,https://results.aec.gov.au/24310/Website/HouseDivisionPage-24310-309.htm,https://results.aec.gov.au/24310/Website/HouseDop-24310-309.htm,"O'CONNOR, Brendan",Australian Labor Party,110416,94641,5957,100598,91.11,29081,1,transfer,"SINGH, Harkirat",The Greens (VIC),"TURTON, Richard",United Australia Party,645
Gorton,https://results.aec.gov.au/24310/Website/HouseDivisionPage-24310-309.htm,https://results.aec.gov.au/24310/Website/HouseDop-24310-309.htm,"O'CONNOR, Brendan",Australian Labor Party,110416,94641,5957,100598,91.11,29081,1,progressive,"SINGH, Harkirat",The Greens (VIC),"O'CONNOR, Brendan",Australian Labor Party,51351
Gorton,https://results.aec.gov.au/24310/Website/HouseDivisionPage-24310-309.htm,https://results.aec.gov.au/24310/Website/HouseDop-24310-309.htm,"O'CONNOR, Brendan",Australian Labor Party,110416,94641,5957,100598,91.11,29081,1,progressive,"SINGH, Harkirat",The Greens (VIC),"DI NOIA, Nathan",Liberal,25430
Gorton,https://results.aec.gov.au/24310/Website/HouseDivisionPage-24310-309.htm,https://results.aec.gov.au/24310/Website/HouseDop-24310-309.htm,"O'CONNOR, Brendan",Australian Labor Party,110416,94641,5957,100598,91.11,29081,1,progressive,"SINGH, Harkirat",The Greens (VIC),"BINGHAM, Jarrod",Independent,9742
Gorton,https://results.aec.gov.au/24310/Website/HouseDivisionPage-24310-309.htm,https://results.aec.gov.au/24310/Website/HouseDop-24310-309.htm,"O'CONNOR, Brendan",Australian Labor Party,110416,94641,5957,100598,91.11,29081,1,progressive,"SINGH, Harkirat",The Greens (VIC),"TURTON, Richard",United Australia Party,8118
Gorton,https://results.aec.gov.au/24310/Website/HouseDivisionPage-24310-309.htm,https://results.aec.gov.au/24310/Website/HouseDop-24310-309.htm,"O'CONNOR, Brendan",Australian Labor Party,110416,94641,5957,100598,91.11,29081,2,transfer,"TURTON, Richard",United Australia Party,"BINGHAM, Jarrod",Independent,4112
Gorton,https://results.aec.gov.au/24310/Website/HouseDivisionPage-24310-309.htm,https://results.aec.gov.au/24310/Website/HouseDop-24310-309.htm,"O'CONNOR, Brendan",Australian Labor Party,110416,94641,5957,100598,91.11,29081,2,transfer,"TURTON, Richard",United Australia Party,"DI NOIA, Nathan",Liberal,2215
Gorton,https://results.aec.gov.au/24310/Website/HouseDivisionPage-24310-309.htm,https://results.aec.gov.au/24310/Website/HouseDop-24310-309.htm,"O'CONNOR, Brendan",Australian Labor Party,110416,94641,5957,100598,91.11,29081,2,transfer,"TURTON, Richard",United Australia Party,"O'CONNOR, Brendan",Australian Labor Party,1791
Gorton,https://results.aec.gov.au/24310/Website/HouseDivisionPage-24310-309.htm,https://results.aec.gov.au/24310/Website/HouseDop-24310-309.htm,"O'CONNOR, Brendan",Australian Labor Party,110416,94641,5957,100598,91.11,29081,2,progressive,"TURTON, Richard",United Australia Party,"O'CONNOR, Brendan",Australian Labor Party,53142
Gorton,https://results.aec.gov.au/24310/Website/HouseDivisionPage-24310-309.htm,https://results.aec.gov.au/24310/Website/HouseDop-24310-309.htm,"O'CONNOR, Brendan",Australian Labor Party,110416,94641,5957,100598,91.11,29081,2,progressive,"TURTON, Richard",United Australia Party,"DI NOIA, Nathan",Liberal,27645
Gorton,https://results.aec.gov.au/24310/Website/HouseDivisionPage-24310-309.htm,https://results.aec.gov.au/24310/Website/HouseDop-24310-309.htm,"O'CONNOR, Brendan",Australian Labor Party,110416,94641,5957,100598,91.11,29081,2,progressive,"TURTON, Richard",United Australia Party,"BINGHAM, Jarrod",Independent,13854
Gorton,https://results.aec.gov.au/24310/Website/HouseDivisionPage-24310-309.htm,https://results.aec.gov.au/24310/Website/HouseDop-24310-309.htm,"O'CONNOR, Brendan",Australian Labor Party,110416,94641,5957,100598,91.11,29081,3,transfer,"BINGHAM, Jarrod",Independent,"DI NOIA, Nathan",Liberal,5135
Gorton,https://results.aec.gov.au/24310/Website/HouseDivisionPage-24310-309.htm,https://results.aec.gov.au/24310/Website/HouseDop-24310-309.htm,"O'CONNOR, Brendan",Australian Labor Party,110416,94641,5957,100598,91.11,29081,3,transfer,"BINGHAM, Jarrod",Independent,"O'CONNOR, Brendan",Australian Labor Party,8719
Gorton,https://results.aec.gov.au/24310/Website/HouseDivisionPage-24310-309.htm,https://results.aec.gov.au/24310/Website/HouseDop-24310-309.htm,"O'CONNOR, Brendan",Australian Labor Party,110416,94641,5957,100598,91.11,29081,3,final,"BINGHAM, Jarrod",Independent,"O'CONNOR, Brendan",Australian Labor Party,61861
Gorton,https://results.aec.gov.au/24310/Website/HouseDivisionPage-24310-309.htm,https://results.aec.gov.au/24310/Website/HouseDop-24310-309.htm,"O'CONNOR, Brendan",Australian Labor Party,110416,94641,5957,100598,91.11,29081,3,final,"BINGHAM, Jarrod",Independent,"DI NOIA, Nathan",Liberal,32780
Higgins,https://results.aec.gov.au/24310/Website/HouseDivisionPage-24310-215.htm,https://results.aec.gov.au/24310/Website/HouseDop-24310-215.htm,"ALLEN, Katie",Liberal,111013,100478,2063,102541,92.37,7800,0,first,,,"ALLEN, Katie",Liberal,48091
Higgins,https://results.aec.gov.au/24310/Website/HouseDivisionPage-24310-215.htm,https://results.aec.gov.au/24310/Website/HouseDop-24310-215.htm,"ALLEN, Katie",Liberal,111013,100478,2063,102541,92.37,7800,0,first,,,"McLEOD, Fiona",Australian Labor Party,25498
Higgins,https://results.aec.gov.au/24310/Website/HouseDivisionPage-24310-215.htm,https://results.aec.gov.au/24310/Website/HouseDop-24310-215.htm,"ALLEN, Katie",Liberal,111013,100478,2063,102541,92.37,7800,0,first,,,"BALL, Jason",The Greens (VIC),22573
Higgins,https://results.aec.gov.au/24310/Website/HouseDivisionPage-24310-215.htm,https://results.aec.gov.au/24310/Website/HouseDop-24310-215.htm,"ALLEN, Katie",Liberal,111013,100478,2063,102541,92.37,7800,0,first,,,"WALKER, Alicia",Animal Justice Party,1729
Higgins,https://results.aec.gov.au/24310/Website/HouseDivisionPage-24310-215.htm,https://results.aec.gov.au/24310/Website/HouseDop-24310-215.htm,"ALLEN, Katie",Liberal,111013,100478,2063,102541,92.37,7800,0,first,,,"MORAN, Michaela",Sustainable Australia,1338
Higgins,https://results.aec.gov.au/24310/Website/HouseDivisionPage-24310-215.htm,https://results.aec.gov.au/24310/Website/HouseDop-24310-215.htm,"ALLEN, Katie",Liberal,111013,100478,2063,102541,92.37,7800,0,first,,,"RYAN, Tim",United Australia Party,1249
Higgins,https://results.aec.gov.au/24310/Website/HouseDivisionPage-24310-215.htm,https://results.aec.gov.au/24310/Website/HouseDop-24310-215.htm,"ALLEN, Katie",Liberal,111013,100478,2063,102541,92.37,7800,1,transfer,"RYAN, Tim",United Australia Party,"ALLEN, Katie",Liberal,611
Higgins,https://results.aec.gov.au/24310/Website/HouseDivisionPage-24310-215.htm,https://results.aec.gov.au/24310/Website/HouseDop-24310-215.htm,"ALLEN, Katie",Liberal,111013,100478,2063,102541,92.37,7800,1,transfer,"RYAN, Tim",United Australia Party,"BALL, Jason",The Greens (VIC),128
Higgins,https://results.aec.gov.au/24310/Website/HouseDivisionPage-24310-215.htm,https://results.aec.gov.au/24310/Website/HouseDop-24310-215.htm,"ALLEN, Katie",Liberal,111013,100478,2063,102541,92.37,7800,1,transfer,"RYAN, Tim",United Australia Party,"MORAN, Michaela",Sustainable Australia,178
Higgins,https://results.aec.gov.au/24310/Website/HouseDivisionPage-24310-215.htm,https://results.aec.gov.au/24310/Website/HouseDop-24310-215.htm,"ALLEN, Katie",Liberal,111013,100478,2063,102541,92.37,7800,1,transfer,"RYAN, Tim",United Australia Party,"McLEOD, Fiona",Australian Labor Party,189
Higgins,https://results.aec.gov.au/24310/Website/HouseDivisionPage-24310-215.htm,https://results.aec.gov.au/24310/Website/HouseDop-24310-215.htm,"ALLEN, Katie",Liberal,111013,100478,2063,102541,92.37,7800,1,transfer,"RYAN, Tim",United Australia Party,"WALKER, Alicia",Animal Justice Party,143
Higgins,https://results.aec.gov.au/24310/Website/HouseDivisionPage-24310-215.htm,https://results.aec.gov.au/24310/Website/HouseDop-24310-215.htm,"ALLEN, Katie",Liberal,111013,100478,2063,102541,92.37,7800,1,progressive,"RYAN, Tim",United Australia Party,"ALLEN, Katie",Liberal,48702
Higgins,https://results.aec.gov.au/24310/Website/HouseDivisionPage-24310-215.htm,https://results.aec.gov.au/24310/Website/HouseDop-24310-215.htm,"ALLEN, Katie",Liberal,111013,100478,2063,102541,92.37,7800,1,progressive,"RYAN, Tim",United Australia Party,"McLEOD, Fiona",Australian Labor Party,25687
Higgins,https://results.aec.gov.au/24310/Website/HouseDivisionPage-24310-215.htm,https://results.aec.gov.au/24310/Website/HouseDop-24310-215.htm,"ALLEN, Katie",Liberal,111013,100478,2063,102541,92.37,7800,1,progressive,"RYAN, Tim",United Australia Party,"BALL, Jason",The Greens (VIC),22701
Higgins,https://results.aec.gov.au/24310/Website/HouseDivisionPage-24310-215.htm,https://results.aec.gov.au/24310/Website/HouseDop-24310-215.htm,"ALLEN, Katie",Liberal,111013,100478,2063,102541,92.37,7800,1,progressive,"RYAN, Tim",United Australia Party,"WALKER, Alicia",Animal Justice Party,1872
Higgins,https://results.aec.gov.au/24310/Website/HouseDivisionPage-24310-215.htm,https://results.aec.gov.au/24310/Website/HouseDop-24310-215.htm,"ALLEN, Katie",Liberal,111013,100478,2063,102541,92.37,7800,1,progressive,"RYAN, Tim",United Australia Party,"MORAN, Michaela",Sustainable Australia,1516
Higgins,https://results.aec.gov.au/24310/Website/HouseDivisionPage-24310-215.htm,https://results.aec.gov.au/24310/Website/HouseDop-24310-215.htm,"ALLEN, Katie",Liberal,111013,100478,2063,102541,92.37,7800,2,transfer,"MORAN, Michaela",Sustainable Australia,"ALLEN, Katie",Liberal,404
Higgins,https://results.aec.gov.au/24310/Website/HouseDivisionPage-24310-215.htm,https://results.aec.gov.au/24310/Website/HouseDop-24310-215.htm,"ALLEN, Katie",Liberal,111013,100478,2063,102541,92.37,7800,2,transfer,"MORAN, Michaela",Sustainable Australia,"BALL, Jason",The Greens (VIC),424
Higgins,https://results.aec.gov.au/24310/Website/HouseDivisionPage-24310-215.htm,https://results.aec.gov.au/24310/Website/HouseDop-24310-215.htm,"ALLEN, Katie",Liberal,111013,100478,2063,102541,92.37,7800,2,transfer,"MORAN, Michaela",Sustainable Australia,"McLEOD, Fiona",Australian Labor Party,218
Higgins,https://results.aec.gov.au/24310/Website/HouseDivisionPage-24310-215.htm,https://results.aec.gov.au/24310/Website/HouseDop-24310-215.htm,"ALLEN, Katie",Liberal,111013,100478,2063,102541,92.37,7800,2,transfer,"MORAN, Michaela",Sustainable Australia,"WALKER, Alicia",Animal Justice Party,470
Higgins,https://results.aec.gov.au/24310/Website/HouseDivisionPage-24310-215.htm,https://results.aec.gov.au/24310/Website/HouseDop-24310-215.htm,"ALLEN, Katie",Liberal,111013,100478,2063,102541,92.37,7800,2,progressive,"MORAN, Michaela",Sustainable Australia,"ALLEN, Katie",Liberal,49106
Higgins,https://results.aec.gov.au/24310/Website/HouseDivisionPage-24310-215.htm,https://results.aec.gov.au/24310/Website/HouseDop-24310-215.htm,"ALLEN, Katie",Liberal,111013,100478,2063,102541,92.37,7800,2,progressive,"MORAN, Michaela",Sustainable Australia,"McLEOD, Fiona",Australian Labor Party,25905
Higgins,https://results.aec.gov.au/24310/Website/HouseDivisionPage-24310-215.htm,https://results.aec.gov.au/24310/Website/HouseDop-24310-215.htm,"ALLEN, Katie",Liberal,111013,100478,2063,102541,92.37,7800,2,progressive,"MORAN, Michaela",Sustainable Australia,"BALL, Jason",The Greens (VIC),23125
Higgins,https://results.aec.gov.au/24310/Website/HouseDivisionPage-24310-215.htm,https://results.aec.gov.au/24310/Website/HouseDop-24310-215.htm,"ALLEN, Katie",Liberal,111013,100478,2063,102541,92.37,7800,2,progressive,"MORAN, Michaela",Sustainable Australia,"WALKER, Alicia",Animal Justice Party,2342
Higgins,https://results.aec.gov.au/24310/Website/HouseDivisionPage-24310-215.htm,https://results.aec.gov.au/24310/Website/HouseDop-24310-215.htm,"ALLEN, Katie",Liberal,111013,100478,2063,102541,92.37,7800,3,transfer,"WALKER, Alicia",Animal Justice Party,"ALLEN, Katie",Liberal,599
Higgins,https://results.aec.gov.au/24310/Website/HouseDivisionPage-24310-215.htm,https://results.aec.gov.au/24310/Website/HouseDop-24310-215.htm,"ALLEN, Katie",Liberal,111013,100478,2063,102541,92.37,7800,3,transfer,"WALKER, Alicia",Animal Justice Party,"BALL, Jason",The Greens (VIC),1295
Higgins,https://results.aec.gov.au/24310/Website/HouseDivisionPage-24310-215.htm,https://results.aec.gov.au/24310/Website/HouseDop-24310-215.htm,"ALLEN, Katie",Liberal,111013,100478,2063,102541,92.37,7800,3,transfer,"WALKER, Alicia",Animal Justice Party,"McLEOD, Fiona",Australian Labor Party,448
Higgins,https://results.aec.gov.au/24310/Website/HouseDivisionPage-24310-215.htm,https://results.aec.gov.au/24310/Website/HouseDop-24310-215.htm,"ALLEN, Katie",Liberal,111013,100478,2063,102541,92.37,7800,3,progressive,"WALKER, Alicia",Animal Justice Party,"ALLEN, Katie",Liberal,49705
Higgins,https://results.aec.gov.au/24310/Website/HouseDivisionPage-24310-215.htm,https://results.aec.gov.au/24310/Website/HouseDop-24310-215.htm,"ALLEN, Katie",Liberal,111013,100478,2063,102541,92.37,7800,3,progressive,"WALKER, Alicia",Animal Justice Party,"McLEOD, Fiona",Australian Labor Party,26353
Higgins,https://results.aec.gov.au/24310/Website/HouseDivisionPage-24310-215.htm,https://results.aec.gov.au/24310/Website/HouseDop-24310-215.htm,"ALLEN, Katie",Liberal,111013,100478,2063,102541,92.37,7800,3,progressive,"WALKER, Alicia",Animal Justice Party,"BALL, Jason",The Greens (VIC),24420
Higgins,https://results.aec.gov.au/24310/Website/HouseDivisionPage-24310-215.htm,https://results.aec.gov.au/24310/Website/HouseDop-24310-215.htm,"ALLEN, Katie",Liberal,111013,100478,2063,102541,92.37,7800,4,transfer,"BALL, Jason",The Greens (VIC),"ALLEN, Katie",Liberal,4434
Higgins,https://results.aec.gov.au/24310/Website/HouseDivisionPage-24310-215.htm,https://results.aec.gov.au/24310/Website/HouseDop-24310-215.htm,"ALLEN, Katie",Liberal,111013,100478,2063,102541,92.37,7800,4,transfer,"BALL, Jason",The Greens (VIC),"McLEOD, Fiona",Australian Labor Party,19986
Higgins,https://results.aec.gov.au/24310/Website/HouseDivisionPage-24310-215.htm,https://results.aec.gov.au/24310/Website/HouseDop-24310-215.htm,"ALLEN, Katie",Liberal,111013,100478,2063,102541,92.37,7800,4,final,"BALL, Jason",The Greens (VIC),"ALLEN, Katie",Liberal,54139
Higgins,https://results.aec.gov.au/24310/Website/HouseDivisionPage-24310-215.htm,https://results.aec.gov.au/24310/Website/HouseDop-24310-215.htm,"ALLEN, Katie",Liberal,111013,100478,2063,102541,92.37,7800,4,final,"BALL, Jason",The Greens (VIC),"McLEOD, Fiona",Australian Labor Party,46339
Holt,https://results.aec.gov.au/24310/Website/HouseDivisionPage-24310-216.htm,https://results.aec.gov.au/24310/Website/HouseDop-24310-216.htm,"BYRNE, Anthony",Australian Labor Party,106812,94687,4069,98756,92.46,16467,0,first,,,"BYRNE, Anthony",Australian Labor Party,48031
Holt,https://results.aec.gov.au/24310/Website/HouseDivisionPage-24310-216.htm,https://results.aec.gov.au/24310/Website/HouseDop-24310-216.htm,"BYRNE, Anthony",Australian Labor Party,106812,94687,4069,98756,92.46,16467,0,first,,,"VAN DEN BROEK, Jennifer",Liberal,33963
Holt,https://results.aec.gov.au/24310/Website/HouseDivisionPage-24310-216.htm,https://results.aec.gov.au/24310/Website/HouseDop-24310-216.htm,"BYRNE, Anthony",Australian Labor Party,106812,94687,4069,98756,92.46,16467,0,first,,,"WHEELOCK, Jess",The Greens (VIC),6735
Holt,https://results.aec.gov.au/24310/Website/HouseDivisionPage-24310-216.htm,https://results.aec.gov.au/24310/Website/HouseDop-24310-216.htm,"BYRNE, Anthony",Australian Labor Party,106812,94687,4069,98756,92.46,16467,0,first,,,"SINGH, Jatinder",United Australia Party,5958
Holt,https://results.aec.gov.au/24310/Website/HouseDivisionPage-24310-216.htm,https://results.aec.gov.au/24310/Website/HouseDop-24310-216.htm,"BYRNE, Anthony",Australian Labor Party,106812,94687,4069,98756,92.46,16467,1,transfer,"SINGH, Jatinder",United Australia Party,"BYRNE, Anthony",Australian Labor Party,1642
Holt,https://results.aec.gov.au/24310/Website/HouseDivisionPage-24310-216.htm,https://results.aec.gov.au/24310/Website/HouseDop-24310-216.htm,"BYRNE, Anthony",Australian Labor Party,106812,94687,4069,98756,92.46,16467,1,transfer,"SINGH, Jatinder",United Australia Party,"VAN DEN BROEK, Jennifer",Liberal,2961
Holt,https://results.aec.gov.au/24310/Website/HouseDivisionPage-24310-216.htm,https://results.aec.gov.au/24310/Website/HouseDop-24310-216.htm,"BYRNE, Anthony",Australian Labor Party,106812,94687,4069,98756,92.46,16467,1,transfer,"SINGH, Jatinder",United Australia Party,"WHEELOCK, Jess",The Greens (VIC),1355
Holt,https://results.aec.gov.au/24310/Website/HouseDivisionPage-24310-216.htm,https://results.aec.gov.au/24310/Website/HouseDop-24310-216.htm,"BYRNE, Anthony",Australian Labor Party,106812,94687,4069,98756,92.46,16467,1,progressive,"SINGH, Jatinder",United Australia Party,"BYRNE, Anthony",Australian Labor Party,49673
Holt,https://results.aec.gov.au/24310/Website/HouseDivisionPage-24310-216.htm,https://results.aec.gov.au/24310/Website/HouseDop-24310-216.htm,"BYRNE, Anthony",Australian Labor Party,106812,94687,4069,98756,92.46,16467,1,progressive,"SINGH, Jatinder",United Australia Party,"VAN DEN BROEK, Jennifer",Liberal,36924
Holt,https://results.aec.gov.au/24310/Website/HouseDivisionPage-24310-216.htm,https://results.aec.gov.au/24310/Website/HouseDop-24310-216.htm,"BYRNE, Anthony",Australian Labor Party,106812,94687,4069,98756,92.46,16467,1,progressive,"SINGH, Jatinder",United Australia Party,"WHEELOCK, Jess",The Greens (VIC),8090
Holt,https://results.aec.gov.au/24310/Website/HouseDivisionPage-24310-216.htm,https://results.aec.gov.au/24310/Website/HouseDop-24310-216.htm,"BYRNE, Anthony",Australian Labor Party,106812,94687,4069,98756,92.46,16467,2,transfer,"WHEELOCK, Jess",The Greens (VIC),"BYRNE, Anthony",Australian Labor Party,5904
Holt,https://results.aec.gov.au/24310/Website/HouseDivisionPage-24310-216.htm,https://results.aec.gov.au/24310/Website/HouseDop-24310-216.htm,"BYRNE, Anthony",Australian Labor Party,106812,94687,4069,98756,92.46,16467,2,transfer,"WHEELOCK, Jess",The Greens (VIC),"VAN DEN BROEK, Jennifer",Liberal,2186
Holt,https://results.aec.gov.au/24310/Website/HouseDivisionPage-24310-216.htm,https://results.aec.gov.au/24310/Website/HouseDop-24310-216.htm,"BYRNE, Anthony",Australian Labor Party,106812,94687,4069,98756,92.46,16467,2,final,"WHEELOCK, Jess",The Greens (VIC),"BYRNE, Anthony",Australian Labor Party,55577
Holt,https://results.aec.gov.au/24310/Website/HouseDivisionPage-24310-216.htm,https://results.aec.gov.au/24310/Website/HouseDop-24310-216.htm,"BYRNE, Anthony",Australian Labor Party,106812,94687,4069,98756,92.46,16467,2,final,"WHEELOCK, Jess",The Greens (VIC),"VAN DEN BROEK, Jennifer",Liberal,39110
Hotham,https://results.aec.gov.au/24310/Website/HouseDivisionPage-24310-217.htm,https://results.aec.gov.au/24310/Website/HouseDop-24310-217.htm,"O'NEIL, Clare",Australian Labor Party,107833,95868,3780,99648,92.41,11326,0,first,,,"O'NEIL, Clare",Australian Labor Party,43310
Hotham,https://results.aec.gov.au/24310/Website/HouseDivisionPage-24310-217.htm,https://results.aec.gov.au/24310/Website/HouseDop-24310-217.htm,"O'NEIL, Clare",Australian Labor Party,107833,95868,3780,99648,92.41,11326,0,first,,,"HUA, George",Liberal,37447
Hotham,https://results.aec.gov.au/24310/Website/HouseDivisionPage-24310-217.htm,https://results.aec.gov.au/24310/Website/HouseDop-24310-217.htm,"O'NEIL, Clare",Australian Labor Party,107833,95868,3780,99648,92.41,11326,0,first,,,"GONSALVEZ, Jess",The Greens (VIC),8722
Hotham,https://results.aec.gov.au/24310/Website/HouseDivisionPage-24310-217.htm,https://results.aec.gov.au/24310/Website/HouseDop-24310-217.htm,"O'NEIL, Clare",Australian Labor Party,107833,95868,3780,99648,92.41,11326,0,first,,,"LUAN, Jin",United Australia Party,3483
Hotham,https://results.aec.gov.au/24310/Website/HouseDivisionPage-24310-217.htm,https://results.aec.gov.au/24310/Website/HouseDop-24310-217.htm,"O'NEIL, Clare",Australian Labor Party,107833,95868,3780,99648,92.41,11326,0,first,,,"BILIC, Dennis",Sustainable Australia,1772
Hotham,https://results.aec.gov.au/24310/Website/HouseDivisionPage-24310-217.htm,https://results.aec.gov.au/24310/Website/HouseDop-24310-217.htm,"O'NEIL, Clare",Australian Labor Party,107833,95868,3780,99648,92.41,11326,0,first,,,"DORIAN, Peter",Rise Up Australia Party,1134
Hotham,https://results.aec.gov.au/24310/Website/HouseDivisionPage-24310-217.htm,https://results.aec.gov.au/24310/Website/HouseDop-24310-217.htm,"O'NEIL, Clare",Australian Labor Party,107833,95868,3780,99648,92.41,11326,1,transfer,"DORIAN, Peter",Rise Up Australia Party,"BILIC, Dennis",Sustainable Australia,358
Hotham,https://results.aec.gov.au/24310/Website/HouseDivisionPage-24310-217.htm,https://results.aec.gov.au/24310/Website/HouseDop-24310-217.htm,"O'NEIL, Clare",Australian Labor Party,107833,95868,3780,99648,92.41,11326,1,transfer,"DORIAN, Peter",Rise Up Australia Party,"GONSALVEZ, Jess",The Greens (VIC),117
Hotham,https://results.aec.gov.au/24310/Website/HouseDivisionPage-24310-217.htm,https://results.aec.gov.au/24310/Website/HouseDop-24310-217.htm,"O'NEIL, Clare",Australian Labor Party,107833,95868,3780,99648,92.41,11326,1,transfer,"DORIAN, Peter",Rise Up Australia Party,"HUA, George",Liberal,280
Hotham,https://results.aec.gov.au/24310/Website/HouseDivisionPage-24310-217.htm,https://results.aec.gov.au/24310/Website/HouseDop-24310-217.htm,"O'NEIL, Clare",Australian Labor Party,107833,95868,3780,99648,92.41,11326,1,transfer,"DORIAN, Peter",Rise Up Australia Party,"LUAN, Jin",United Australia Party,288
Hotham,https://results.aec.gov.au/24310/Website/HouseDivisionPage-24310-217.htm,https://results.aec.gov.au/24310/Website/HouseDop-24310-217.htm,"O'NEIL, Clare",Australian Labor Party,107833,95868,3780,99648,92.41,11326,1,transfer,"DORIAN, Peter",Rise Up Australia Party,"O'NEIL, Clare",Australian Labor Party,91
Hotham,https://results.aec.gov.au/24310/Website/HouseDivisionPage-24310-217.htm,https://results.aec.gov.au/24310/Website/HouseDop-24310-217.htm,"O'NEIL, Clare",Australian Labor Party,107833,95868,3780,99648,92.41,11326,1,progressive,"DORIAN, Peter",Rise Up Australia Party,"O'NEIL, Clare",Australian Labor Party,43401
Hotham,https://results.aec.gov.au/24310/Website/HouseDivisionPage-24310-217.htm,https://results.aec.gov.au/24310/Website/HouseDop-24310-217.htm,"O'NEIL, Clare",Australian Labor Party,107833,95868,3780,99648,92.41,11326,1,progressive,"DORIAN, Peter",Rise Up Australia Party,"HUA, George",Liberal,37727
Hotham,https://results.aec.gov.au/24310/Website/HouseDivisionPage-24310-217.htm,https://results.aec.gov.au/24310/Website/HouseDop-24310-217.htm,"O'NEIL, Clare",Australian Labor Party,107833,95868,3780,99648,92.41,11326,1,progressive,"DORIAN, Peter",Rise Up Australia Party,"GONSALVEZ, Jess",The Greens (VIC),8839
Hotham,https://results.aec.gov.au/24310/Website/HouseDivisionPage-24310-217.htm,https://results.aec.gov.au/24310/Website/HouseDop-24310-217.htm,"O'NEIL, Clare",Australian Labor Party,107833,95868,3780,99648,92.41,11326,1,progressive,"DORIAN, Peter",Rise Up Australia Party,"LUAN, Jin",United Australia Party,3771
Hotham,https://results.aec.gov.au/24310/Website/HouseDivisionPage-24310-217.htm,https://results.aec.gov.au/24310/Website/HouseDop-24310-217.htm,"O'NEIL, Clare",Australian Labor Party,107833,95868,3780,99648,92.41,11326,1,progressive,"DORIAN, Peter",Rise Up Australia Party,"BILIC, Dennis",Sustainable Australia,2130
Hotham,https://results.aec.gov.au/24310/Website/HouseDivisionPage-24310-217.htm,https://results.aec.gov.au/24310/Website/HouseDop-24310-217.htm,"O'NEIL, Clare",Australian Labor Party,107833,95868,3780,99648,92.41,11326,2,transfer,"BILIC, Dennis",Sustainable Australia,"GONSALVEZ, Jess",The Greens (VIC),855
Hotham,https://results.aec.gov.au/24310/Website/HouseDivisionPage-24310-217.htm,https://results.aec.gov.au/24310/Website/HouseDop-24310-217.htm,"O'NEIL, Clare",Australian Labor Party,107833,95868,3780,99648,92.41,11326,2,transfer,"BILIC, Dennis",Sustainable Australia,"HUA, George",Liberal,389
Hotham,https://results.aec.gov.au/24310/Website/HouseDivisionPage-24310-217.htm,https://results.aec.gov.au/24310/Website/HouseDop-24310-217.htm,"O'NEIL, Clare",Australian Labor Party,107833,95868,3780,99648,92.41,11326,2,transfer,"BILIC, Dennis",Sustainable Australia,"LUAN, Jin",United Australia Party,461
Hotham,https://results.aec.gov.au/24310/Website/HouseDivisionPage-24310-217.htm,https://results.aec.gov.au/24310/Website/HouseDop-24310-217.htm,"O'NEIL, Clare",Australian Labor Party,107833,95868,3780,99648,92.41,11326,2,transfer,"BILIC, Dennis",Sustainable Australia,"O'NEIL, Clare",Australian Labor Party,425
Hotham,https://results.aec.gov.au/24310/Website/HouseDivisionPage-24310-217.htm,https://results.aec.gov.au/24310/Website/HouseDop-24310-217.htm,"O'NEIL, Clare",Australian Labor Party,107833,95868,3780,99648,92.41,11326,2,progressive,"BILIC, Dennis",Sustainable Australia,"O'NEIL, Clare",Australian Labor Party,43826
Hotham,https://results.aec.gov.au/24310/Website/HouseDivisionPage-24310-217.htm,https://results.aec.gov.au/24310/Website/HouseDop-24310-217.htm,"O'NEIL, Clare",Australian Labor Party,107833,95868,3780,99648,92.41,11326,2,progressive,"BILIC, Dennis",Sustainable Australia,"HUA, George",Liberal,38116
Hotham,https://results.aec.gov.au/24310/Website/HouseDivisionPage-24310-217.htm,https://results.aec.gov.au/24310/Website/HouseDop-24310-217.htm,"O'NEIL, Clare",Australian Labor Party,107833,95868,3780,99648,92.41,11326,2,progressive,"BILIC, Dennis",Sustainable Australia,"GONSALVEZ, Jess",The Greens (VIC),9694
Hotham,https://results.aec.gov.au/24310/Website/HouseDivisionPage-24310-217.htm,https://results.aec.gov.au/24310/Website/HouseDop-24310-217.htm,"O'NEIL, Clare",Australian Labor Party,107833,95868,3780,99648,92.41,11326,2,progressive,"BILIC, Dennis",Sustainable Australia,"LUAN, Jin",United Australia Party,4232
Hotham,https://results.aec.gov.au/24310/Website/HouseDivisionPage-24310-217.htm,https://results.aec.gov.au/24310/Website/HouseDop-24310-217.htm,"O'NEIL, Clare",Australian Labor Party,107833,95868,3780,99648,92.41,11326,3,transfer,"LUAN, Jin",United Australia Party,"GONSALVEZ, Jess",The Greens (VIC),642
Hotham,https://results.aec.gov.au/24310/Website/HouseDivisionPage-24310-217.htm,https://results.aec.gov.au/24310/Website/HouseDop-24310-217.htm,"O'NEIL, Clare",Australian Labor Party,107833,95868,3780,99648,92.41,11326,3,transfer,"LUAN, Jin",United Australia Party,"HUA, George",Liberal,2066
Hotham,https://results.aec.gov.au/24310/Website/HouseDivisionPage-24310-217.htm,https://results.aec.gov.au/24310/Website/HouseDop-24310-217.htm,"O'NEIL, Clare",Australian Labor Party,107833,95868,3780,99648,92.41,11326,3,transfer,"LUAN, Jin",United Australia Party,"O'NEIL, Clare",Australian Labor Party,1524
Hotham,https://results.aec.gov.au/24310/Website/HouseDivisionPage-24310-217.htm,https://results.aec.gov.au/24310/Website/HouseDop-24310-217.htm,"O'NEIL, Clare",Australian Labor Party,107833,95868,3780,99648,92.41,11326,3,progressive,"LUAN, Jin",United Australia Party,"O'NEIL, Clare",Australian Labor Party,45350
Hotham,https://results.aec.gov.au/24310/Website/HouseDivisionPage-24310-217.htm,https://results.aec.gov.au/24310/Website/HouseDop-24310-217.htm,"O'NEIL, Clare",Australian Labor Party,107833,95868,3780,99648,92.41,11326,3,progressive,"LUAN, Jin",United Australia Party,"HUA, George",Liberal,40182
Hotham,https://results.aec.gov.au/24310/Website/HouseDivisionPage-24310-217.htm,https://results.aec.gov.au/24310/Website/HouseDop-24310-217.htm,"O'NEIL, Clare",Australian Labor Party,107833,95868,3780,99648,92.41,11326,3,progressive,"LUAN, Jin",United Australia Party,"GONSALVEZ, Jess",The Greens (VIC),10336
Hotham,https://results.aec.gov.au/24310/Website/HouseDivisionPage-24310-217.htm,https://results.aec.gov.au/24310/Website/HouseDop-24310-217.htm,"O'NEIL, Clare",Australian Labor Party,107833,95868,3780,99648,92.41,11326,4,transfer,"GONSALVEZ, Jess",The Greens (VIC),"HUA, George",Liberal,2089
Hotham,https://results.aec.gov.au/24310/Website/HouseDivisionPage-24310-217.htm,https://results.aec.gov.au/24310/Website/HouseDop-24310-217.htm,"O'NEIL, Clare",Australian Labor Party,107833,95868,3780,99648,92.41,11326,4,transfer,"GONSALVEZ, Jess",The Greens (VIC),"O'NEIL, Clare",Australian Labor Party,8247
Hotham,https://results.aec.gov.au/24310/Website/HouseDivisionPage-24310-217.htm,https://results.aec.gov.au/24310/Website/HouseDop-24310-217.htm,"O'NEIL, Clare",Australian Labor Party,107833,95868,3780,99648,92.41,11326,4,final,"GONSALVEZ, Jess",The Greens (VIC),"O'NEIL, Clare",Australian Labor Party,53597
Hotham,https://results.aec.gov.au/24310/Website/HouseDivisionPage-24310-217.htm,https://results.aec.gov.au/24310/Website/HouseDop-24310-217.htm,"O'NEIL, Clare",Australian Labor Party,107833,95868,3780,99648,92.41,11326,4,final,"GONSALVEZ, Jess",The Greens (VIC),"HUA, George",Liberal,42271
Indi,https://results.aec.gov.au/24310/Website/HouseDivisionPage-24310-218.htm,https://results.aec.gov.au/24310/Website/HouseDop-24310-218.htm,"HAINES, Helen",Independent,112775,100956,4601,105557,93.6,2816,0,first,,,"MARTIN, Steve",Liberal,35426
Indi,https://results.aec.gov.au/24310/Website/HouseDivisionPage-24310-218.htm,https://results.aec.gov.au/24310/Website/HouseDop-24310-218.htm,"HAINES, Helen",Independent,112775,100956,4601,105557,93.6,2816,0,first,,,"HAINES, Helen",Independent,32664
Indi,https://results.aec.gov.au/24310/Website/HouseDivisionPage-24310-218.htm,https://results.aec.gov.au/24310/Website/HouseDop-24310-218.htm,"HAINES, Helen",Independent,112775,100956,4601,105557,93.6,2816,0,first,,,"KERR, Eric",Australian Labor Party,12202
Indi,https://results.aec.gov.au/24310/Website/HouseDivisionPage-24310-218.htm,https://results.aec.gov.au/24310/Website/HouseDop-24310-218.htm,"HAINES, Helen",Independent,112775,100956,4601,105557,93.6,2816,0,first,,,"BYATT, Mark",The Nationals,9538
Indi,https://results.aec.gov.au/24310/Website/HouseDivisionPage-24310-218.htm,https://results.aec.gov.au/24310/Website/HouseDop-24310-218.htm,"HAINES, Helen",Independent,112775,100956,4601,105557,93.6,2816,0,first,,,"ROBINSON, Helen",The Greens (VIC),4255
Indi,https://results.aec.gov.au/24310/Website/HouseDivisionPage-24310-218.htm,https://results.aec.gov.au/24310/Website/HouseDop-24310-218.htm,"HAINES, Helen",Independent,112775,100956,4601,105557,93.6,2816,0,first,,,"WHEATLAND, Shane",United Australia Party,3980
Indi,https://results.aec.gov.au/24310/Website/HouseDivisionPage-24310-218.htm,https://results.aec.gov.au/24310/Website/HouseDop-24310-218.htm,"HAINES, Helen",Independent,112775,100956,4601,105557,93.6,2816,0,first,,,"WHALLEY, Jason Peter",Derryn Hinch's Justice Party,2891
Indi,https://results.aec.gov.au/24310/Website/HouseDivisionPage-24310-218.htm,https://results.aec.gov.au/24310/Website/HouseDop-24310-218.htm,"HAINES, Helen",Independent,112775,100956,4601,105557,93.6,2816,1,transfer,"WHALLEY, Jason Peter",Derryn Hinch's Justice Party,"BYATT, Mark",The Nationals,210
Indi,https://results.aec.gov.au/24310/Website/HouseDivisionPage-24310-218.htm,https://results.aec.gov.au/24310/Website/HouseDop-24310-218.htm,"HAINES, Helen",Independent,112775,100956,4601,105557,93.6,2816,1,transfer,"WHALLEY, Jason Peter",Derryn Hinch's Justice Party,"HAINES, Helen",Independent,1025
Indi,https://results.aec.gov.au/24310/Website/HouseDivisionPage-24310-218.htm,https://results.aec.gov.au/24310/Website/HouseDop-24310-218.htm,"HAINES, Helen",Independent,112775,100956,4601,105557,93.6,2816,1,transfer,"WHALLEY, Jason Peter",Derryn Hinch's Justice Party,"KERR, Eric",Australian Labor Party,357
Indi,https://results.aec.gov.au/24310/Website/HouseDivisionPage-24310-218.htm,https://results.aec.gov.au/24310/Website/HouseDop-24310-218.htm,"HAINES, Helen",Independent,112775,100956,4601,105557,93.6,2816,1,transfer,"WHALLEY, Jason Peter",Derryn Hinch's Justice Party,"MARTIN, Steve",Liberal,525
Indi,https://results.aec.gov.au/24310/Website/HouseDivisionPage-24310-218.htm,https://results.aec.gov.au/24310/Website/HouseDop-24310-218.htm,"HAINES, Helen",Independent,112775,100956,4601,105557,93.6,2816,1,transfer,"WHALLEY, Jason Peter",Derryn Hinch's Justice Party,"ROBINSON, Helen",The Greens (VIC),334
Indi,https://results.aec.gov.au/24310/Website/HouseDivisionPage-24310-218.htm,https://results.aec.gov.au/24310/Website/HouseDop-24310-218.htm,"HAINES, Helen",Independent,112775,100956,4601,105557,93.6,2816,1,transfer,"WHALLEY, Jason Peter",Derryn Hinch's Justice Party,"WHEATLAND, Shane",United Australia Party,440
Indi,https://results.aec.gov.au/24310/Website/HouseDivisionPage-24310-218.htm,https://results.aec.gov.au/24310/Website/HouseDop-24310-218.htm,"HAINES, Helen",Independent,112775,100956,4601,105557,93.6,2816,1,progressive,"WHALLEY, Jason Peter",Derryn Hinch's Justice Party,"MARTIN, Steve",Liberal,35951
Indi,https://results.aec.gov.au/24310/Website/HouseDivisionPage-24310-218.htm,https://results.aec.gov.au/24310/Website/HouseDop-24310-218.htm,"HAINES, Helen",Independent,112775,100956,4601,105557,93.6,2816,1,progressive,"WHALLEY, Jason Peter",Derryn Hinch's Justice Party,"HAINES, Helen",Independent,33689
Indi,https://results.aec.gov.au/24310/Website/HouseDivisionPage-24310-218.htm,https://results.aec.gov.au/24310/Website/HouseDop-24310-218.htm,"HAINES, Helen",Independent,112775,100956,4601,105557,93.6,2816,1,progressive,"WHALLEY, Jason Peter",Derryn Hinch's Justice Party,"KERR, Eric",Australian Labor Party,12559
Indi,https://results.aec.gov.au/24310/Website/HouseDivisionPage-24310-218.htm,https://results.aec.gov.au/24310/Website/HouseDop-24310-218.htm,"HAINES, Helen",Independent,112775,100956,4601,105557,93.6,2816,1,progressive,"WHALLEY, Jason Peter",Derryn Hinch's Justice Party,"BYATT, Mark",The Nationals,9748
Indi,https://results.aec.gov.au/24310/Website/HouseDivisionPage-24310-218.htm,https://results.aec.gov.au/24310/Website/HouseDop-24310-218.htm,"HAINES, Helen",Independent,112775,100956,4601,105557,93.6,2816,1,progressive,"WHALLEY, Jason Peter",Derryn Hinch's Justice Party,"ROBINSON, Helen",The Greens (VIC),4589
Indi,https://results.aec.gov.au/24310/Website/HouseDivisionPage-24310-218.htm,https://results.aec.gov.au/24310/Website/HouseDop-24310-218.htm,"HAINES, Helen",Independent,112775,100956,4601,105557,93.6,2816,1,progressive,"WHALLEY, Jason Peter",Derryn Hinch's Justice Party,"WHEATLAND, Shane",United Australia Party,4420
Indi,https://results.aec.gov.au/24310/Website/HouseDivisionPage-24310-218.htm,https://results.aec.gov.au/24310/Website/HouseDop-24310-218.htm,"HAINES, Helen",Independent,112775,100956,4601,105557,93.6,2816,2,transfer,"WHEATLAND, Shane",United Australia Party,"BYATT, Mark",The Nationals,977
Indi,https://results.aec.gov.au/24310/Website/HouseDivisionPage-24310-218.htm,https://results.aec.gov.au/24310/Website/HouseDop-24310-218.htm,"HAINES, Helen",Independent,112775,100956,4601,105557,93.6,2816,2,transfer,"WHEATLAND, Shane",United Australia Party,"HAINES, Helen",Independent,1366
Indi,https://results.aec.gov.au/24310/Website/HouseDivisionPage-24310-218.htm,https://results.aec.gov.au/24310/Website/HouseDop-24310-218.htm,"HAINES, Helen",Independent,112775,100956,4601,105557,93.6,2816,2,transfer,"WHEATLAND, Shane",United Australia Party,"KERR, Eric",Australian Labor Party,616
Indi,https://results.aec.gov.au/24310/Website/HouseDivisionPage-24310-218.htm,https://results.aec.gov.au/24310/Website/HouseDop-24310-218.htm,"HAINES, Helen",Independent,112775,100956,4601,105557,93.6,2816,2,transfer,"WHEATLAND, Shane",United Australia Party,"MARTIN, Steve",Liberal,1218
Indi,https://results.aec.gov.au/24310/Website/HouseDivisionPage-24310-218.htm,https://results.aec.gov.au/24310/Website/HouseDop-24310-218.htm,"HAINES, Helen",Independent,112775,100956,4601,105557,93.6,2816,2,transfer,"WHEATLAND, Shane",United Australia Party,"ROBINSON, Helen",The Greens (VIC),243
Indi,https://results.aec.gov.au/24310/Website/HouseDivisionPage-24310-218.htm,https://results.aec.gov.au/24310/Website/HouseDop-24310-218.htm,"HAINES, Helen",Independent,112775,100956,4601,105557,93.6,2816,2,progressive,"WHEATLAND, Shane",United Australia Party,"MARTIN, Steve",Liberal,37169
Indi,https://results.aec.gov.au/24310/Website/HouseDivisionPage-24310-218.htm,https://results.aec.gov.au/24310/Website/HouseDop-24310-218.htm,"HAINES, Helen",Independent,112775,100956,4601,105557,93.6,2816,2,progressive,"WHEATLAND, Shane",United Australia Party,"HAINES, Helen",Independent,35055
Indi,https://results.aec.gov.au/24310/Website/HouseDivisionPage-24310-218.htm,https://results.aec.gov.au/24310/Website/HouseDop-24310-218.htm,"HAINES, Helen",Independent,112775,100956,4601,105557,93.6,2816,2,progressive,"WHEATLAND, Shane",United Australia Party,"KERR, Eric",Australian Labor Party,13175
Indi,https://results.aec.gov.au/24310/Website/HouseDivisionPage-24310-218.htm,https://results.aec.gov.au/24310/Website/HouseDop-24310-218.htm,"HAINES, Helen",Independent,112775,100956,4601,105557,93.6,2816,2,progressive,"WHEATLAND, Shane",United Australia Party,"BYATT, Mark",The Nationals,10725
Indi,https://results.aec.gov.au/24310/Website/HouseDivisionPage-24310-218.htm,https://results.aec.gov.au/24310/Website/HouseDop-24310-218.htm,"HAINES, Helen",Independent,112775,100956,4601,105557,93.6,2816,2,progressive,"WHEATLAND, Shane",United Australia Party,"ROBINSON, Helen",The Greens (VIC),4832
Indi,https://results.aec.gov.au/24310/Website/HouseDivisionPage-24310-218.htm,https://results.aec.gov.au/24310/Website/HouseDop-24310-218.htm,"HAINES, Helen",Independent,112775,100956,4601,105557,93.6,2816,3,transfer,"ROBINSON, Helen",The Greens (VIC),"BYATT, Mark",The Nationals,271
Indi,https://results.aec.gov.au/24310/Website/HouseDivisionPage-24310-218.htm,https://results.aec.gov.au/24310/Website/HouseDop-24310-218.htm,"HAINES, Helen",Independent,112775,100956,4601,105557,93.6,2816,3,transfer,"ROBINSON, Helen",The Greens (VIC),"HAINES, Helen",Independent,2889
Indi,https://results.aec.gov.au/24310/Website/HouseDivisionPage-24310-218.htm,https://results.aec.gov.au/24310/Website/HouseDop-24310-218.htm,"HAINES, Helen",Independent,112775,100956,4601,105557,93.6,2816,3,transfer,"ROBINSON, Helen",The Greens (VIC),"KERR, Eric",Australian Labor Party,1212
Indi,https://results.aec.gov.au/24310/Website/HouseDivisionPage-24310-218.htm,https://results.aec.gov.au/24310/Website/HouseDop-24310-218.htm,"HAINES, Helen",Independent,112775,100956,4601,105557,93.6,2816,3,transfer,"ROBINSON, Helen",The Greens (VIC),"MARTIN, Steve",Liberal,460
Indi,https://results.aec.gov.au/24310/Website/HouseDivisionPage-24310-218.htm,https://results.aec.gov.au/24310/Website/HouseDop-24310-218.htm,"HAINES, Helen",Independent,112775,100956,4601,105557,93.6,2816,3,progressive,"ROBINSON, Helen",The Greens (VIC),"HAINES, Helen",Independent,37944
Indi,https://results.aec.gov.au/24310/Website/HouseDivisionPage-24310-218.htm,https://results.aec.gov.au/24310/Website/HouseDop-24310-218.htm,"HAINES, Helen",Independent,112775,100956,4601,105557,93.6,2816,3,progressive,"ROBINSON, Helen",The Greens (VIC),"MARTIN, Steve",Liberal,37629
Indi,https://results.aec.gov.au/24310/Website/HouseDivisionPage-24310-218.htm,https://results.aec.gov.au/24310/Website/HouseDop-24310-218.htm,"HAINES, Helen",Independent,112775,100956,4601,105557,93.6,2816,3,progressive,"ROBINSON, Helen",The Greens (VIC),"KERR, Eric",Australian Labor Party,14387
Indi,https://results.aec.gov.au/24310/Website/HouseDivisionPage-24310-218.htm,https://results.aec.gov.au/24310/Website/HouseDop-24310-218.htm,"HAINES, Helen",Independent,112775,100956,4601,105557,93.6,2816,3,progressive,"ROBINSON, Helen",The Greens (VIC),"BYATT, Mark",The Nationals,10996
Indi,https://results.aec.gov.au/24310/Website/HouseDivisionPage-24310-218.htm,https://results.aec.gov.au/24310/Website/HouseDop-24310-218.htm,"HAINES, Helen",Independent,112775,100956,4601,105557,93.6,2816,4,transfer,"BYATT, Mark",The Nationals,"HAINES, Helen",Independent,2160
Indi,https://results.aec.gov.au/24310/Website/HouseDivisionPage-24310-218.htm,https://results.aec.gov.au/24310/Website/HouseDop-24310-218.htm,"HAINES, Helen",Independent,112775,100956,4601,105557,93.6,2816,4,transfer,"BYATT, Mark",The Nationals,"KERR, Eric",Australian Labor Party,776
Indi,https://results.aec.gov.au/24310/Website/HouseDivisionPage-24310-218.htm,https://results.aec.gov.au/24310/Website/HouseDop-24310-218.htm,"HAINES, Helen",Independent,112775,100956,4601,105557,93.6,2816,4,transfer,"BYATT, Mark",The Nationals,"MARTIN, Steve",Liberal,8060
Indi,https://results.aec.gov.au/24310/Website/HouseDivisionPage-24310-218.htm,https://results.aec.gov.au/24310/Website/HouseDop-24310-218.htm,"HAINES, Helen",Independent,112775,100956,4601,105557,93.6,2816,4,progressive,"BYATT, Mark",The Nationals,"MARTIN, Steve",Liberal,45689
Indi,https://results.aec.gov.au/24310/Website/HouseDivisionPage-24310-218.htm,https://results.aec.gov.au/24310/Website/HouseDop-24310-218.htm,"HAINES, Helen",Independent,112775,100956,4601,105557,93.6,2816,4,progressive,"BYATT, Mark",The Nationals,"HAINES, Helen",Independent,40104
Indi,https://results.aec.gov.au/24310/Website/HouseDivisionPage-24310-218.htm,https://results.aec.gov.au/24310/Website/HouseDop-24310-218.htm,"HAINES, Helen",Independent,112775,100956,4601,105557,93.6,2816,4,progressive,"BYATT, Mark",The Nationals,"KERR, Eric",Australian Labor Party,15163
Indi,https://results.aec.gov.au/24310/Website/HouseDivisionPage-24310-218.htm,https://results.aec.gov.au/24310/Website/HouseDop-24310-218.htm,"HAINES, Helen",Independent,112775,100956,4601,105557,93.6,2816,5,transfer,"KERR, Eric",Australian Labor Party,"HAINES, Helen",Independent,11782
Indi,https://results.aec.gov.au/24310/Website/HouseDivisionPage-24310-218.htm,https://results.aec.gov.au/24310/Website/HouseDop-24310-218.htm,"HAINES, Helen",Independent,112775,100956,4601,105557,93.6,2816,5,transfer,"KERR, Eric",Australian Labor Party,"MARTIN, Steve",Liberal,3381
Indi,https://results.aec.gov.au/24310/Website/HouseDivisionPage-24310-218.htm,https://results.aec.gov.au/24310/Website/HouseDop-24310-218.htm,"HAINES, Helen",Independent,112775,100956,4601,105557,93.6,2816,5,final,"KERR, Eric",Australian Labor Party,"HAINES, Helen",Independent,51886
Indi,https://results.aec.gov.au/24310/Website/HouseDivisionPage-24310-218.htm,https://results.aec.gov.au/24310/Website/HouseDop-24310-218.htm,"HAINES, Helen",Independent,112775,100956,4601,105557,93.6,2816,5,final,"KERR, Eric",Australian Labor Party,"MARTIN, Steve",Liberal,49070
Isaacs,https://results.aec.gov.au/24310/Website/HouseDivisionPage-24310-219.htm,https://results.aec.gov.au/24310/Website/HouseDop-24310-219.htm,"DREYFUS, Mark",Australian Labor Party,108297,96837,4180,101017,93.28,12453,0,first,,,"DREYFUS, Mark",Australian Labor Party,43364
Isaacs,https://results.aec.gov.au/24310/Website/HouseDivisionPage-24310-219.htm,https://results.aec.gov.au/24310/Website/HouseDop-24310-219.htm,"DREYFUS, Mark",Australian Labor Party,108297,96837,4180,101017,93.28,12453,0,first,,,"HEARN, Jeremy",Liberal,34089
Isaacs,https://results.aec.gov.au/24310/Website/HouseDivisionPage-24310-219.htm,https://results.aec.gov.au/24310/Website/HouseDop-24310-219.htm,"DREYFUS, Mark",Australian Labor Party,108297,96837,4180,101017,93.28,12453,0,first,,,"SAMIOTIS, Kim",The Greens (VIC),10822
Isaacs,https://results.aec.gov.au/24310/Website/HouseDivisionPage-24310-219.htm,https://results.aec.gov.au/24310/Website/HouseDop-24310-219.htm,"DREYFUS, Mark",Australian Labor Party,108297,96837,4180,101017,93.28,12453,0,first,,,"SEALS, Tony",United Australia Party,3813
Isaacs,https://results.aec.gov.au/24310/Website/HouseDivisionPage-24310-219.htm,https://results.aec.gov.au/24310/Website/HouseDop-24310-219.htm,"DREYFUS, Mark",Australian Labor Party,108297,96837,4180,101017,93.28,12453,0,first,,,"CURRIE, Bronwyn",Animal Justice Party,3607
Isaacs,https://results.aec.gov.au/24310/Website/HouseDivisionPage-24310-219.htm,https://results.aec.gov.au/24310/Website/HouseDop-24310-219.htm,"DREYFUS, Mark",Australian Labor Party,108297,96837,4180,101017,93.28,12453,0,first,,,"PUVIMANASINGHE, Ash",Rise Up Australia Party,1142
Isaacs,https://results.aec.gov.au/24310/Website/HouseDivisionPage-24310-219.htm,https://results.aec.gov.au/24310/Website/HouseDop-24310-219.htm,"DREYFUS, Mark",Australian Labor Party,108297,96837,4180,101017,93.28,12453,1,transfer,"PUVIMANASINGHE, Ash",Rise Up Australia Party,"CURRIE, Bronwyn",Animal Justice Party,237
Isaacs,https://results.aec.gov.au/24310/Website/HouseDivisionPage-24310-219.htm,https://results.aec.gov.au/24310/Website/HouseDop-24310-219.htm,"DREYFUS, Mark",Australian Labor Party,108297,96837,4180,101017,93.28,12453,1,transfer,"PUVIMANASINGHE, Ash",Rise Up Australia Party,"DREYFUS, Mark",Australian Labor Party,106
Isaacs,https://results.aec.gov.au/24310/Website/HouseDivisionPage-24310-219.htm,https://results.aec.gov.au/24310/Website/HouseDop-24310-219.htm,"DREYFUS, Mark",Australian Labor Party,108297,96837,4180,101017,93.28,12453,1,transfer,"PUVIMANASINGHE, Ash",Rise Up Australia Party,"HEARN, Jeremy",Liberal,402
Isaacs,https://results.aec.gov.au/24310/Website/HouseDivisionPage-24310-219.htm,https://results.aec.gov.au/24310/Website/HouseDop-24310-219.htm,"DREYFUS, Mark",Australian Labor Party,108297,96837,4180,101017,93.28,12453,1,transfer,"PUVIMANASINGHE, Ash",Rise Up Australia Party,"SAMIOTIS, Kim",The Greens (VIC),128
Isaacs,https://results.aec.gov.au/24310/Website/HouseDivisionPage-24310-219.htm,https://results.aec.gov.au/24310/Website/HouseDop-24310-219.htm,"DREYFUS, Mark",Australian Labor Party,108297,96837,4180,101017,93.28,12453,1,transfer,"PUVIMANASINGHE, Ash",Rise Up Australia Party,"SEALS, Tony",United Australia Party,269
Isaacs,https://results.aec.gov.au/24310/Website/HouseDivisionPage-24310-219.htm,https://results.aec.gov.au/24310/Website/HouseDop-24310-219.htm,"DREYFUS, Mark",Australian Labor Party,108297,96837,4180,101017,93.28,12453,1,progressive,"PUVIMANASINGHE, Ash",Rise Up Australia Party,"DREYFUS, Mark",Australian Labor Party,43470
Isaacs,https://results.aec.gov.au/24310/Website/HouseDivisionPage-24310-219.htm,https://results.aec.gov.au/24310/Website/HouseDop-24310-219.htm,"DREYFUS, Mark",Australian Labor Party,108297,96837,4180,101017,93.28,12453,1,progressive,"PUVIMANASINGHE, Ash",Rise Up Australia Party,"HEARN, Jeremy",Liberal,34491
Isaacs,https://results.aec.gov.au/24310/Website/HouseDivisionPage-24310-219.htm,https://results.aec.gov.au/24310/Website/HouseDop-24310-219.htm,"DREYFUS, Mark",Australian Labor Party,108297,96837,4180,101017,93.28,12453,1,progressive,"PUVIMANASINGHE, Ash",Rise Up Australia Party,"SAMIOTIS, Kim",The Greens (VIC),10950
Isaacs,https://results.aec.gov.au/24310/Website/HouseDivisionPage-24310-219.htm,https://results.aec.gov.au/24310/Website/HouseDop-24310-219.htm,"DREYFUS, Mark",Australian Labor Party,108297,96837,4180,101017,93.28,12453,1,progressive,"PUVIMANASINGHE, Ash",Rise Up Australia Party,"SEALS, Tony",United Australia Party,4082
Isaacs,https://results.aec.gov.au/24310/Website/HouseDivisionPage-24310-219.htm,https://results.aec.gov.au/24310/Website/HouseDop-24310-219.htm,"DREYFUS, Mark",Australian Labor Party,108297,96837,4180,101017,93.28,12453,1,progressive,"PUVIMANASINGHE, Ash",Rise Up Australia Party,"CURRIE, Bronwyn",Animal Justice Party,3844
Isaacs,https://results.aec.gov.au/24310/Website/HouseDivisionPage-24310-219.htm,https://results.aec.gov.au/24310/Website/HouseDop-24310-219.htm,"DREYFUS, Mark",Australian Labor Party,108297,96837,4180,101017,93.28,12453,2,transfer,"CURRIE, Bronwyn",Animal Justice Party,"DREYFUS, Mark",Australian Labor Party,939
Isaacs,https://results.aec.gov.au/24310/Website/HouseDivisionPage-24310-219.htm,https://results.aec.gov.au/24310/Website/HouseDop-24310-219.htm,"DREYFUS, Mark",Australian Labor Party,108297,96837,4180,101017,93.28,12453,2,transfer,"CURRIE, Bronwyn",Animal Justice Party,"HEARN, Jeremy",Liberal,648
Isaacs,https://results.aec.gov.au/24310/Website/HouseDivisionPage-24310-219.htm,https://results.aec.gov.au/24310/Website/HouseDop-24310-219.htm,"DREYFUS, Mark",Australian Labor Party,108297,96837,4180,101017,93.28,12453,2,transfer,"CURRIE, Bronwyn",Animal Justice Party,"SAMIOTIS, Kim",The Greens (VIC),1685
Isaacs,https://results.aec.gov.au/24310/Website/HouseDivisionPage-24310-219.htm,https://results.aec.gov.au/24310/Website/HouseDop-24310-219.htm,"DREYFUS, Mark",Australian Labor Party,108297,96837,4180,101017,93.28,12453,2,transfer,"CURRIE, Bronwyn",Animal Justice Party,"SEALS, Tony",United Australia Party,572
Isaacs,https://results.aec.gov.au/24310/Website/HouseDivisionPage-24310-219.htm,https://results.aec.gov.au/24310/Website/HouseDop-24310-219.htm,"DREYFUS, Mark",Australian Labor Party,108297,96837,4180,101017,93.28,12453,2,progressive,"CURRIE, Bronwyn",Animal Justice Party,"DREYFUS, Mark",Australian Labor Party,44409
Isaacs,https://results.aec.gov.au/24310/Website/HouseDivisionPage-24310-219.htm,https://results.aec.gov.au/24310/Website/HouseDop-24310-219.htm,"DREYFUS, Mark",Australian Labor Party,108297,96837,4180,101017,93.28,12453,2,progressive,"CURRIE, Bronwyn",Animal Justice Party,"HEARN, Jeremy",Liberal,35139
Isaacs,https://results.aec.gov.au/24310/Website/HouseDivisionPage-24310-219.htm,https://results.aec.gov.au/24310/Website/HouseDop-24310-219.htm,"DREYFUS, Mark",Australian Labor Party,108297,96837,4180,101017,93.28,12453,2,progressive,"CURRIE, Bronwyn",Animal Justice Party,"SAMIOTIS, Kim",The Greens (VIC),12635
Isaacs,https://results.aec.gov.au/24310/Website/HouseDivisionPage-24310-219.htm,https://results.aec.gov.au/24310/Website/HouseDop-24310-219.htm,"DREYFUS, Mark",Australian Labor Party,108297,96837,4180,101017,93.28,12453,2,progressive,"CURRIE, Bronwyn",Animal Justice Party,"SEALS, Tony",United Australia Party,4654
Isaacs,https://results.aec.gov.au/24310/Website/HouseDivisionPage-24310-219.htm,https://results.aec.gov.au/24310/Website/HouseDop-24310-219.htm,"DREYFUS, Mark",Australian Labor Party,108297,96837,4180,101017,93.28,12453,3,transfer,"SEALS, Tony",United Australia Party,"DREYFUS, Mark",Australian Labor Party,1093
Isaacs,https://results.aec.gov.au/24310/Website/HouseDivisionPage-24310-219.htm,https://results.aec.gov.au/24310/Website/HouseDop-24310-219.htm,"DREYFUS, Mark",Australian Labor Party,108297,96837,4180,101017,93.28,12453,3,transfer,"SEALS, Tony",United Australia Party,"HEARN, Jeremy",Liberal,2630
Isaacs,https://results.aec.gov.au/24310/Website/HouseDivisionPage-24310-219.htm,https://results.aec.gov.au/24310/Website/HouseDop-24310-219.htm,"DREYFUS, Mark",Australian Labor Party,108297,96837,4180,101017,93.28,12453,3,transfer,"SEALS, Tony",United Australia Party,"SAMIOTIS, Kim",The Greens (VIC),931
Isaacs,https://results.aec.gov.au/24310/Website/HouseDivisionPage-24310-219.htm,https://results.aec.gov.au/24310/Website/HouseDop-24310-219.htm,"DREYFUS, Mark",Australian Labor Party,108297,96837,4180,101017,93.28,12453,3,progressive,"SEALS, Tony",United Australia Party,"DREYFUS, Mark",Australian Labor Party,45502
Isaacs,https://results.aec.gov.au/24310/Website/HouseDivisionPage-24310-219.htm,https://results.aec.gov.au/24310/Website/HouseDop-24310-219.htm,"DREYFUS, Mark",Australian Labor Party,108297,96837,4180,101017,93.28,12453,3,progressive,"SEALS, Tony",United Australia Party,"HEARN, Jeremy",Liberal,37769
Isaacs,https://results.aec.gov.au/24310/Website/HouseDivisionPage-24310-219.htm,https://results.aec.gov.au/24310/Website/HouseDop-24310-219.htm,"DREYFUS, Mark",Australian Labor Party,108297,96837,4180,101017,93.28,12453,3,progressive,"SEALS, Tony",United Australia Party,"SAMIOTIS, Kim",The Greens (VIC),13566
Isaacs,https://results.aec.gov.au/24310/Website/HouseDivisionPage-24310-219.htm,https://results.aec.gov.au/24310/Website/HouseDop-24310-219.htm,"DREYFUS, Mark",Australian Labor Party,108297,96837,4180,101017,93.28,12453,4,transfer,"SAMIOTIS, Kim",The Greens (VIC),"DREYFUS, Mark",Australian Labor Party,9143
Isaacs,https://results.aec.gov.au/24310/Website/HouseDivisionPage-24310-219.htm,https://results.aec.gov.au/24310/Website/HouseDop-24310-219.htm,"DREYFUS, Mark",Australian Labor Party,108297,96837,4180,101017,93.28,12453,4,transfer,"SAMIOTIS, Kim",The Greens (VIC),"HEARN, Jeremy",Liberal,4423
Isaacs,https://results.aec.gov.au/24310/Website/HouseDivisionPage-24310-219.htm,https://results.aec.gov.au/24310/Website/HouseDop-24310-219.htm,"DREYFUS, Mark",Australian Labor Party,108297,96837,4180,101017,93.28,12453,4,final,"SAMIOTIS, Kim",The Greens (VIC),"DREYFUS, Mark",Australian Labor Party,54645
Isaacs,https://results.aec.gov.au/24310/Website/HouseDivisionPage-24310-219.htm,https://results.aec.gov.au/24310/Website/HouseDop-24310-219.htm,"DREYFUS, Mark",Australian Labor Party,108297,96837,4180,101017,93.28,12453,4,final,"SAMIOTIS, Kim",The Greens (VIC),"HEARN, Jeremy",Liberal,42192
Jagajaga,https://results.aec.gov.au/24310/Website/HouseDivisionPage-24310-220.htm,https://results.aec.gov.au/24310/Website/HouseDop-24310-220.htm,"THWAITES, Kate",Australian Labor Party,107553,97767,3169,100936,93.85,12841,0,first,,,"THWAITES, Kate",Australian Labor Party,41086
Jagajaga,https://results.aec.gov.au/24310/Website/HouseDivisionPage-24310-220.htm,https://results.aec.gov.au/24310/Website/HouseDop-24310-220.htm,"THWAITES, Kate",Australian Labor Party,107553,97767,3169,100936,93.85,12841,0,first,,,"WELCH, Richard",Liberal,37755
Jagajaga,https://results.aec.gov.au/24310/Website/HouseDivisionPage-24310-220.htm,https://results.aec.gov.au/24310/Website/HouseDop-24310-220.htm,"THWAITES, Kate",Australian Labor Party,107553,97767,3169,100936,93.85,12841,0,first,,,"KENNEDY, Paul",The Greens (VIC),13929
Jagajaga,https://results.aec.gov.au/24310/Website/HouseDivisionPage-24310-220.htm,https://results.aec.gov.au/24310/Website/HouseDop-24310-220.htm,"THWAITES, Kate",Australian Labor Party,107553,97767,3169,100936,93.85,12841,0,first,,,"RIGONI, Maria Marcia",United Australia Party,3652
Jagajaga,https://results.aec.gov.au/24310/Website/HouseDivisionPage-24310-220.htm,https://results.aec.gov.au/24310/Website/HouseDop-24310-220.htm,"THWAITES, Kate",Australian Labor Party,107553,97767,3169,100936,93.85,12841,0,first,,,"TRUSCOTT, Jeff",Rise Up Australia Party,1345
Jagajaga,https://results.aec.gov.au/24310/Website/HouseDivisionPage-24310-220.htm,https://results.aec.gov.au/24310/Website/HouseDop-24310-220.htm,"THWAITES, Kate",Australian Labor Party,107553,97767,3169,100936,93.85,12841,1,transfer,"TRUSCOTT, Jeff",Rise Up Australia Party,"KENNEDY, Paul",The Greens (VIC),160
Jagajaga,https://results.aec.gov.au/24310/Website/HouseDivisionPage-24310-220.htm,https://results.aec.gov.au/24310/Website/HouseDop-24310-220.htm,"THWAITES, Kate",Australian Labor Party,107553,97767,3169,100936,93.85,12841,1,transfer,"TRUSCOTT, Jeff",Rise Up Australia Party,"RIGONI, Maria Marcia",United Australia Party,567
Jagajaga,https://results.aec.gov.au/24310/Website/HouseDivisionPage-24310-220.htm,https://results.aec.gov.au/24310/Website/HouseDop-24310-220.htm,"THWAITES, Kate",Australian Labor Party,107553,97767,3169,100936,93.85,12841,1,transfer,"TRUSCOTT, Jeff",Rise Up Australia Party,"THWAITES, Kate",Australian Labor Party,246
Jagajaga,https://results.aec.gov.au/24310/Website/HouseDivisionPage-24310-220.htm,https://results.aec.gov.au/24310/Website/HouseDop-24310-220.htm,"THWAITES, Kate",Australian Labor Party,107553,97767,3169,100936,93.85,12841,1,transfer,"TRUSCOTT, Jeff",Rise Up Australia Party,"WELCH, Richard",Liberal,372
Jagajaga,https://results.aec.gov.au/24310/Website/HouseDivisionPage-24310-220.htm,https://results.aec.gov.au/24310/Website/HouseDop-24310-220.htm,"THWAITES, Kate",Australian Labor Party,107553,97767,3169,100936,93.85,12841,1,progressive,"TRUSCOTT, Jeff",Rise Up Australia Party,"THWAITES, Kate",Australian Labor Party,41332
Jagajaga,https://results.aec.gov.au/24310/Website/HouseDivisionPage-24310-220.htm,https://results.aec.gov.au/24310/Website/HouseDop-24310-220.htm,"THWAITES, Kate",Australian Labor Party,107553,97767,3169,100936,93.85,12841,1,progressive,"TRUSCOTT, Jeff",Rise Up Australia Party,"WELCH, Richard",Liberal,38127
Jagajaga,https://results.aec.gov.au/24310/Website/HouseDivisionPage-24310-220.htm,https://results.aec.gov.au/24310/Website/HouseDop-24310-220.htm,"THWAITES, Kate",Australian Labor Party,107553,97767,3169,100936,93.85,12841,1,progressive,"TRUSCOTT, Jeff",Rise Up Australia Party,"KENNEDY, Paul",The Greens (VIC),14089
Jagajaga,https://results.aec.gov.au/24310/Website/HouseDivisionPage-24310-220.htm,https://results.aec.gov.au/24310/Website/HouseDop-24310-220.htm,"THWAITES, Kate",Australian Labor Party,107553,97767,3169,100936,93.85,12841,1,progressive,"TRUSCOTT, Jeff",Rise Up Australia Party,"RIGONI, Maria Marcia",United Australia Party,4219
Jagajaga,https://results.aec.gov.au/24310/Website/HouseDivisionPage-24310-220.htm,https://results.aec.gov.au/24310/Website/HouseDop-24310-220.htm,"THWAITES, Kate",Australian Labor Party,107553,97767,3169,100936,93.85,12841,2,transfer,"RIGONI, Maria Marcia",United Australia Party,"KENNEDY, Paul",The Greens (VIC),735
Jagajaga,https://results.aec.gov.au/24310/Website/HouseDivisionPage-24310-220.htm,https://results.aec.gov.au/24310/Website/HouseDop-24310-220.htm,"THWAITES, Kate",Australian Labor Party,107553,97767,3169,100936,93.85,12841,2,transfer,"RIGONI, Maria Marcia",United Australia Party,"THWAITES, Kate",Australian Labor Party,1290
Jagajaga,https://results.aec.gov.au/24310/Website/HouseDivisionPage-24310-220.htm,https://results.aec.gov.au/24310/Website/HouseDop-24310-220.htm,"THWAITES, Kate",Australian Labor Party,107553,97767,3169,100936,93.85,12841,2,transfer,"RIGONI, Maria Marcia",United Australia Party,"WELCH, Richard",Liberal,2194
Jagajaga,https://results.aec.gov.au/24310/Website/HouseDivisionPage-24310-220.htm,https://results.aec.gov.au/24310/Website/HouseDop-24310-220.htm,"THWAITES, Kate",Australian Labor Party,107553,97767,3169,100936,93.85,12841,2,progressive,"RIGONI, Maria Marcia",United Australia Party,"THWAITES, Kate",Australian Labor Party,42622
Jagajaga,https://results.aec.gov.au/24310/Website/HouseDivisionPage-24310-220.htm,https://results.aec.gov.au/24310/Website/HouseDop-24310-220.htm,"THWAITES, Kate",Australian Labor Party,107553,97767,3169,100936,93.85,12841,2,progressive,"RIGONI, Maria Marcia",United Australia Party,"WELCH, Richard",Liberal,40321
Jagajaga,https://results.aec.gov.au/24310/Website/HouseDivisionPage-24310-220.htm,https://results.aec.gov.au/24310/Website/HouseDop-24310-220.htm,"THWAITES, Kate",Australian Labor Party,107553,97767,3169,100936,93.85,12841,2,progressive,"RIGONI, Maria Marcia",United Australia Party,"KENNEDY, Paul",The Greens (VIC),14824
Jagajaga,https://results.aec.gov.au/24310/Website/HouseDivisionPage-24310-220.htm,https://results.aec.gov.au/24310/Website/HouseDop-24310-220.htm,"THWAITES, Kate",Australian Labor Party,107553,97767,3169,100936,93.85,12841,3,transfer,"KENNEDY, Paul",The Greens (VIC),"THWAITES, Kate",Australian Labor Party,12682
Jagajaga,https://results.aec.gov.au/24310/Website/HouseDivisionPage-24310-220.htm,https://results.aec.gov.au/24310/Website/HouseDop-24310-220.htm,"THWAITES, Kate",Australian Labor Party,107553,97767,3169,100936,93.85,12841,3,transfer,"KENNEDY, Paul",The Greens (VIC),"WELCH, Richard",Liberal,2142
Jagajaga,https://results.aec.gov.au/24310/Website/HouseDivisionPage-24310-220.htm,https://results.aec.gov.au/24310/Website/HouseDop-24310-220.htm,"THWAITES, Kate",Australian Labor Party,107553,97767,3169,100936,93.85,12841,3,final,"KENNEDY, Paul",The Greens (VIC),"THWAITES, Kate",Australian Labor Party,55304
Jagajaga,https://results.aec.gov.au/24310/Website/HouseDivisionPage-24310-220.htm,https://results.aec.gov.au/24310/Website/HouseDop-24310-220.htm,"THWAITES, Kate",Australian Labor Party,107553,97767,3169,100936,93.85,12841,3,final,"KENNEDY, Paul",The Greens (VIC),"WELCH, Richard",Liberal,42463
Kooyong,https://results.aec.gov.au/24310/Website/HouseDivisionPage-24310-221.htm,https://results.aec.gov.au/24310/Website/HouseDop-24310-221.htm,"FRYDENBERG, Josh",Liberal,108413,99029,3033,102062,94.14,11289,0,first,,,"FRYDENBERG, Josh",Liberal,48928
Kooyong,https://results.aec.gov.au/24310/Website/HouseDivisionPage-24310-221.htm,https://results.aec.gov.au/24310/Website/HouseDop-24310-221.htm,"FRYDENBERG, Josh",Liberal,108413,99029,3033,102062,94.14,11289,0,first,,,"BURNSIDE, Julian",The Greens (VIC),21035
Kooyong,https://results.aec.gov.au/24310/Website/HouseDivisionPage-24310-221.htm,https://results.aec.gov.au/24310/Website/HouseDop-24310-221.htm,"FRYDENBERG, Josh",Liberal,108413,99029,3033,102062,94.14,11289,0,first,,,"STEWART, Jana",Australian Labor Party,16666
Kooyong,https://results.aec.gov.au/24310/Website/HouseDivisionPage-24310-221.htm,https://results.aec.gov.au/24310/Website/HouseDop-24310-221.htm,"FRYDENBERG, Josh",Liberal,108413,99029,3033,102062,94.14,11289,0,first,,,"YATES, Oliver",Independent,8890
Kooyong,https://results.aec.gov.au/24310/Website/HouseDivisionPage-24310-221.htm,https://results.aec.gov.au/24310/Website/HouseDop-24310-221.htm,"FRYDENBERG, Josh",Liberal,108413,99029,3033,102062,94.14,11289,0,first,,,"D'ELIA, Steven",United Australia Party,1185
Kooyong,https://results.aec.gov.au/24310/Website/HouseDivisionPage-24310-221.htm,https://results.aec.gov.au/24310/Website/HouseDop-24310-221.htm,"FRYDENBERG, Josh",Liberal,108413,99029,3033,102062,94.14,11289,0,first,,,"HINKLEY, Davina",Animal Justice Party,1117
Kooyong,https://results.aec.gov.au/24310/Website/HouseDivisionPage-24310-221.htm,https://results.aec.gov.au/24310/Website/HouseDop-24310-221.htm,"FRYDENBERG, Josh",Liberal,108413,99029,3033,102062,94.14,11289,0,first,,,"CHANDLER, Bill",Independent,669
Kooyong,https://results.aec.gov.au/24310/Website/HouseDivisionPage-24310-221.htm,https://results.aec.gov.au/24310/Website/HouseDop-24310-221.htm,"FRYDENBERG, Josh",Liberal,108413,99029,3033,102062,94.14,11289,0,first,,,"ZUBAC, Angelina",Independent,539
Kooyong,https://results.aec.gov.au/24310/Website/HouseDivisionPage-24310-221.htm,https://results.aec.gov.au/24310/Website/HouseDop-24310-221.htm,"FRYDENBERG, Josh",Liberal,108413,99029,3033,102062,94.14,11289,1,transfer,"ZUBAC, Angelina",Independent,"BURNSIDE, Julian",The Greens (VIC),68
Kooyong,https://results.aec.gov.au/24310/Website/HouseDivisionPage-24310-221.htm,https://results.aec.gov.au/24310/Website/HouseDop-24310-221.htm,"FRYDENBERG, Josh",Liberal,108413,99029,3033,102062,94.14,11289,1,transfer,"ZUBAC, Angelina",Independent,"CHANDLER, Bill",Independent,89
Kooyong,https://results.aec.gov.au/24310/Website/HouseDivisionPage-24310-221.htm,https://results.aec.gov.au/24310/Website/HouseDop-24310-221.htm,"FRYDENBERG, Josh",Liberal,108413,99029,3033,102062,94.14,11289,1,transfer,"ZUBAC, Angelina",Independent,"D'ELIA, Steven",United Australia Party,28
Kooyong,https://results.aec.gov.au/24310/Website/HouseDivisionPage-24310-221.htm,https://results.aec.gov.au/24310/Website/HouseDop-24310-221.htm,"FRYDENBERG, Josh",Liberal,108413,99029,3033,102062,94.14,11289,1,transfer,"ZUBAC, Angelina",Independent,"FRYDENBERG, Josh",Liberal,79
Kooyong,https://results.aec.gov.au/24310/Website/HouseDivisionPage-24310-221.htm,https://results.aec.gov.au/24310/Website/HouseDop-24310-221.htm,"FRYDENBERG, Josh",Liberal,108413,99029,3033,102062,94.14,11289,1,transfer,"ZUBAC, Angelina",Independent,"HINKLEY, Davina",Animal Justice Party,31
Kooyong,https://results.aec.gov.au/24310/Website/HouseDivisionPage-24310-221.htm,https://results.aec.gov.au/24310/Website/HouseDop-24310-221.htm,"FRYDENBERG, Josh",Liberal,108413,99029,3033,102062,94.14,11289,1,transfer,"ZUBAC, Angelina",Independent,"STEWART, Jana",Australian Labor Party,75
Kooyong,https://results.aec.gov.au/24310/Website/HouseDivisionPage-24310-221.htm,https://results.aec.gov.au/24310/Website/HouseDop-24310-221.htm,"FRYDENBERG, Josh",Liberal,108413,99029,3033,102062,94.14,11289,1,transfer,"ZUBAC, Angelina",Independent,"YATES, Oliver",Independent,169
Kooyong,https://results.aec.gov.au/24310/Website/HouseDivisionPage-24310-221.htm,https://results.aec.gov.au/24310/Website/HouseDop-24310-221.htm,"FRYDENBERG, Josh",Liberal,108413,99029,3033,102062,94.14,11289,1,progressive,"ZUBAC, Angelina",Independent,"FRYDENBERG, Josh",Liberal,49007
Kooyong,https://results.aec.gov.au/24310/Website/HouseDivisionPage-24310-221.htm,https://results.aec.gov.au/24310/Website/HouseDop-24310-221.htm,"FRYDENBERG, Josh",Liberal,108413,99029,3033,102062,94.14,11289,1,progressive,"ZUBAC, Angelina",Independent,"BURNSIDE, Julian",The Greens (VIC),21103
Kooyong,https://results.aec.gov.au/24310/Website/HouseDivisionPage-24310-221.htm,https://results.aec.gov.au/24310/Website/HouseDop-24310-221.htm,"FRYDENBERG, Josh",Liberal,108413,99029,3033,102062,94.14,11289,1,progressive,"ZUBAC, Angelina",Independent,"STEWART, Jana",Australian Labor Party,16741
Kooyong,https://results.aec.gov.au/24310/Website/HouseDivisionPage-24310-221.htm,https://results.aec.gov.au/24310/Website/HouseDop-24310-221.htm,"FRYDENBERG, Josh",Liberal,108413,99029,3033,102062,94.14,11289,1,progressive,"ZUBAC, Angelina",Independent,"YATES, Oliver",Independent,9059
Kooyong,https://results.aec.gov.au/24310/Website/HouseDivisionPage-24310-221.htm,https://results.aec.gov.au/24310/Website/HouseDop-24310-221.htm,"FRYDENBERG, Josh",Liberal,108413,99029,3033,102062,94.14,11289,1,progressive,"ZUBAC, Angelina",Independent,"D'ELIA, Steven",United Australia Party,1213
Kooyong,https://results.aec.gov.au/24310/Website/HouseDivisionPage-24310-221.htm,https://results.aec.gov.au/24310/Website/HouseDop-24310-221.htm,"FRYDENBERG, Josh",Liberal,108413,99029,3033,102062,94.14,11289,1,progressive,"ZUBAC, Angelina",Independent,"HINKLEY, Davina",Animal Justice Party,1148
Kooyong,https://results.aec.gov.au/24310/Website/HouseDivisionPage-24310-221.htm,https://results.aec.gov.au/24310/Website/HouseDop-24310-221.htm,"FRYDENBERG, Josh",Liberal,108413,99029,3033,102062,94.14,11289,1,progressive,"ZUBAC, Angelina",Independent,"CHANDLER, Bill",Independent,758
Kooyong,https://results.aec.gov.au/24310/Website/HouseDivisionPage-24310-221.htm,https://results.aec.gov.au/24310/Website/HouseDop-24310-221.htm,"FRYDENBERG, Josh",Liberal,108413,99029,3033,102062,94.14,11289,2,transfer,"CHANDLER, Bill",Independent,"BURNSIDE, Julian",The Greens (VIC),193
Kooyong,https://results.aec.gov.au/24310/Website/HouseDivisionPage-24310-221.htm,https://results.aec.gov.au/24310/Website/HouseDop-24310-221.htm,"FRYDENBERG, Josh",Liberal,108413,99029,3033,102062,94.14,11289,2,transfer,"CHANDLER, Bill",Independent,"D'ELIA, Steven",United Australia Party,23
Kooyong,https://results.aec.gov.au/24310/Website/HouseDivisionPage-24310-221.htm,https://results.aec.gov.au/24310/Website/HouseDop-24310-221.htm,"FRYDENBERG, Josh",Liberal,108413,99029,3033,102062,94.14,11289,2,transfer,"CHANDLER, Bill",Independent,"FRYDENBERG, Josh",Liberal,78
Kooyong,https://results.aec.gov.au/24310/Website/HouseDivisionPage-24310-221.htm,https://results.aec.gov.au/24310/Website/HouseDop-24310-221.htm,"FRYDENBERG, Josh",Liberal,108413,99029,3033,102062,94.14,11289,2,transfer,"CHANDLER, Bill",Independent,"HINKLEY, Davina",Animal Justice Party,41
Kooyong,https://results.aec.gov.au/24310/Website/HouseDivisionPage-24310-221.htm,https://results.aec.gov.au/24310/Website/HouseDop-24310-221.htm,"FRYDENBERG, Josh",Liberal,108413,99029,3033,102062,94.14,11289,2,transfer,"CHANDLER, Bill",Independent,"STEWART, Jana",Australian Labor Party,70
Kooyong,https://results.aec.gov.au/24310/Website/HouseDivisionPage-24310-221.htm,https://results.aec.gov.au/24310/Website/HouseDop-24310-221.htm,"FRYDENBERG, Josh",Liberal,108413,99029,3033,102062,94.14,11289,2,transfer,"CHANDLER, Bill",Independent,"YATES, Oliver",Independent,353
Kooyong,https://results.aec.gov.au/24310/Website/HouseDivisionPage-24310-221.htm,https://results.aec.gov.au/24310/Website/HouseDop-24310-221.htm,"FRYDENBERG, Josh",Liberal,108413,99029,3033,102062,94.14,11289,2,progressive,"CHANDLER, Bill",Independent,"FRYDENBERG, Josh",Liberal,49085
Kooyong,https://results.aec.gov.au/24310/Website/HouseDivisionPage-24310-221.htm,https://results.aec.gov.au/24310/Website/HouseDop-24310-221.htm,"FRYDENBERG, Josh",Liberal,108413,99029,3033,102062,94.14,11289,2,progressive,"CHANDLER, Bill",Independent,"BURNSIDE, Julian",The Greens (VIC),21296
Kooyong,https://results.aec.gov.au/24310/Website/HouseDivisionPage-24310-221.htm,https://results.aec.gov.au/24310/Website/HouseDop-24310-221.htm,"FRYDENBERG, Josh",Liberal,108413,99029,3033,102062,94.14,11289,2,progressive,"CHANDLER, Bill",Independent,"STEWART, Jana",Australian Labor Party,16811
Kooyong,https://results.aec.gov.au/24310/Website/HouseDivisionPage-24310-221.htm,https://results.aec.gov.au/24310/Website/HouseDop-24310-221.htm,"FRYDENBERG, Josh",Liberal,108413,99029,3033,102062,94.14,11289,2,progressive,"CHANDLER, Bill",Independent,"YATES, Oliver",Independent,9412
Kooyong,https://results.aec.gov.au/24310/Website/HouseDivisionPage-24310-221.htm,https://results.aec.gov.au/24310/Website/HouseDop-24310-221.htm,"FRYDENBERG, Josh",Liberal,108413,99029,3033,102062,94.14,11289,2,progressive,"CHANDLER, Bill",Independent,"D'ELIA, Steven",United Australia Party,1236
Kooyong,https://results.aec.gov.au/24310/Website/HouseDivisionPage-24310-221.htm,https://results.aec.gov.au/24310/Website/HouseDop-24310-221.htm,"FRYDENBERG, Josh",Liberal,108413,99029,3033,102062,94.14,11289,2,progressive,"CHANDLER, Bill",Independent,"HINKLEY, Davina",Animal Justice Party,1189
Kooyong,https://results.aec.gov.au/24310/Website/HouseDivisionPage-24310-221.htm,https://results.aec.gov.au/24310/Website/HouseDop-24310-221.htm,"FRYDENBERG, Josh",Liberal,108413,99029,3033,102062,94.14,11289,3,transfer,"HINKLEY, Davina",Animal Justice Party,"BURNSIDE, Julian",The Greens (VIC),615
Kooyong,https://results.aec.gov.au/24310/Website/HouseDivisionPage-24310-221.htm,https://results.aec.gov.au/24310/Website/HouseDop-24310-221.htm,"FRYDENBERG, Josh",Liberal,108413,99029,3033,102062,94.14,11289,3,transfer,"HINKLEY, Davina",Animal Justice Party,"D'ELIA, Steven",United Australia Party,65
Kooyong,https://results.aec.gov.au/24310/Website/HouseDivisionPage-24310-221.htm,https://results.aec.gov.au/24310/Website/HouseDop-24310-221.htm,"FRYDENBERG, Josh",Liberal,108413,99029,3033,102062,94.14,11289,3,transfer,"HINKLEY, Davina",Animal Justice Party,"FRYDENBERG, Josh",Liberal,163
Kooyong,https://results.aec.gov.au/24310/Website/HouseDivisionPage-24310-221.htm,https://results.aec.gov.au/24310/Website/HouseDop-24310-221.htm,"FRYDENBERG, Josh",Liberal,108413,99029,3033,102062,94.14,11289,3,transfer,"HINKLEY, Davina",Animal Justice Party,"STEWART, Jana",Australian Labor Party,156
Kooyong,https://results.aec.gov.au/24310/Website/HouseDivisionPage-24310-221.htm,https://results.aec.gov.au/24310/Website/HouseDop-24310-221.htm,"FRYDENBERG, Josh",Liberal,108413,99029,3033,102062,94.14,11289,3,transfer,"HINKLEY, Davina",Animal Justice Party,"YATES, Oliver",Independent,190
Kooyong,https://results.aec.gov.au/24310/Website/HouseDivisionPage-24310-221.htm,https://results.aec.gov.au/24310/Website/HouseDop-24310-221.htm,"FRYDENBERG, Josh",Liberal,108413,99029,3033,102062,94.14,11289,3,progressive,"HINKLEY, Davina",Animal Justice Party,"FRYDENBERG, Josh",Liberal,49248
Kooyong,https://results.aec.gov.au/24310/Website/HouseDivisionPage-24310-221.htm,https://results.aec.gov.au/24310/Website/HouseDop-24310-221.htm,"FRYDENBERG, Josh",Liberal,108413,99029,3033,102062,94.14,11289,3,progressive,"HINKLEY, Davina",Animal Justice Party,"BURNSIDE, Julian",The Greens (VIC),21911
Kooyong,https://results.aec.gov.au/24310/Website/HouseDivisionPage-24310-221.htm,https://results.aec.gov.au/24310/Website/HouseDop-24310-221.htm,"FRYDENBERG, Josh",Liberal,108413,99029,3033,102062,94.14,11289,3,progressive,"HINKLEY, Davina",Animal Justice Party,"STEWART, Jana",Australian Labor Party,16967
Kooyong,https://results.aec.gov.au/24310/Website/HouseDivisionPage-24310-221.htm,https://results.aec.gov.au/24310/Website/HouseDop-24310-221.htm,"FRYDENBERG, Josh",Liberal,108413,99029,3033,102062,94.14,11289,3,progressive,"HINKLEY, Davina",Animal Justice Party,"YATES, Oliver",Independent,9602
Kooyong,https://results.aec.gov.au/24310/Website/HouseDivisionPage-24310-221.htm,https://results.aec.gov.au/24310/Website/HouseDop-24310-221.htm,"FRYDENBERG, Josh",Liberal,108413,99029,3033,102062,94.14,11289,3,progressive,"HINKLEY, Davina",Animal Justice Party,"D'ELIA, Steven",United Australia Party,1301
Kooyong,https://results.aec.gov.au/24310/Website/HouseDivisionPage-24310-221.htm,https://results.aec.gov.au/24310/Website/HouseDop-24310-221.htm,"FRYDENBERG, Josh",Liberal,108413,99029,3033,102062,94.14,11289,4,transfer,"D'ELIA, Steven",United Australia Party,"BURNSIDE, Julian",The Greens (VIC),88
Kooyong,https://results.aec.gov.au/24310/Website/HouseDivisionPage-24310-221.htm,https://results.aec.gov.au/24310/Website/HouseDop-24310-221.htm,"FRYDENBERG, Josh",Liberal,108413,99029,3033,102062,94.14,11289,4,transfer,"D'ELIA, Steven",United Australia Party,"FRYDENBERG, Josh",Liberal,626
Kooyong,https://results.aec.gov.au/24310/Website/HouseDivisionPage-24310-221.htm,https://results.aec.gov.au/24310/Website/HouseDop-24310-221.htm,"FRYDENBERG, Josh",Liberal,108413,99029,3033,102062,94.14,11289,4,transfer,"D'ELIA, Steven",United Australia Party,"STEWART, Jana",Australian Labor Party,111
Kooyong,https://results.aec.gov.au/24310/Website/HouseDivisionPage-24310-221.htm,https://results.aec.gov.au/24310/Website/HouseDop-24310-221.htm,"FRYDENBERG, Josh",Liberal,108413,99029,3033,102062,94.14,11289,4,transfer,"D'ELIA, Steven",United Australia Party,"YATES, Oliver",Independent,476
Kooyong,https://results.aec.gov.au/24310/Website/HouseDivisionPage-24310-221.htm,https://results.aec.gov.au/24310/Website/HouseDop-24310-221.htm,"FRYDENBERG, Josh",Liberal,108413,99029,3033,102062,94.14,11289,4,progressive,"D'ELIA, Steven",United Australia Party,"FRYDENBERG, Josh",Liberal,49874
Kooyong,https://results.aec.gov.au/24310/Website/HouseDivisionPage-24310-221.htm,https://results.aec.gov.au/24310/Website/HouseDop-24310-221.htm,"FRYDENBERG, Josh",Liberal,108413,99029,3033,102062,94.14,11289,4,progressive,"D'ELIA, Steven",United Australia Party,"BURNSIDE, Julian",The Greens (VIC),21999
Kooyong,https://results.aec.gov.au/24310/Website/HouseDivisionPage-24310-221.htm,https://results.aec.gov.au/24310/Website/HouseDop-24310-221.htm,"FRYDENBERG, Josh",Liberal,108413,99029,3033,102062,94.14,11289,4,progressive,"D'ELIA, Steven",United Australia Party,"STEWART, Jana",Australian Labor Party,17078
Kooyong,https://results.aec.gov.au/24310/Website/HouseDivisionPage-24310-221.htm,https://results.aec.gov.au/24310/Website/HouseDop-24310-221.htm,"FRYDENBERG, Josh",Liberal,108413,99029,3033,102062,94.14,11289,4,progressive,"D'ELIA, Steven",United Australia Party,"YATES, Oliver",Independent,10078
Kooyong,https://results.aec.gov.au/24310/Website/HouseDivisionPage-24310-221.htm,https://results.aec.gov.au/24310/Website/HouseDop-24310-221.htm,"FRYDENBERG, Josh",Liberal,108413,99029,3033,102062,94.14,11289,5,transfer,"YATES, Oliver",Independent,"BURNSIDE, Julian",The Greens (VIC),5886
Kooyong,https://results.aec.gov.au/24310/Website/HouseDivisionPage-24310-221.htm,https://results.aec.gov.au/24310/Website/HouseDop-24310-221.htm,"FRYDENBERG, Josh",Liberal,108413,99029,3033,102062,94.14,11289,5,transfer,"YATES, Oliver",Independent,"FRYDENBERG, Josh",Liberal,1882
Kooyong,https://results.aec.gov.au/24310/Website/HouseDivisionPage-24310-221.htm,https://results.aec.gov.au/24310/Website/HouseDop-24310-221.htm,"FRYDENBERG, Josh",Liberal,108413,99029,3033,102062,94.14,11289,5,transfer,"YATES, Oliver",Independent,"STEWART, Jana",Australian Labor Party,2310
Kooyong,https://results.aec.gov.au/24310/Website/HouseDivisionPage-24310-221.htm,https://results.aec.gov.au/24310/Website/HouseDop-24310-221.htm,"FRYDENBERG, Josh",Liberal,108413,99029,3033,102062,94.14,11289,5,progressive,"YATES, Oliver",Independent,"FRYDENBERG, Josh",Liberal,51756
Kooyong,https://results.aec.gov.au/24310/Website/HouseDivisionPage-24310-221.htm,https://results.aec.gov.au/24310/Website/HouseDop-24310-221.htm,"FRYDENBERG, Josh",Liberal,108413,99029,3033,102062,94.14,11289,5,progressive,"YATES, Oliver",Independent,"BURNSIDE, Julian",The Greens (VIC),27885
Kooyong,https://results.aec.gov.au/24310/Website/HouseDivisionPage-24310-221.htm,https://results.aec.gov.au/24310/Website/HouseDop-24310-221.htm,"FRYDENBERG, Josh",Liberal,108413,99029,3033,102062,94.14,11289,5,progressive,"YATES, Oliver",Independent,"STEWART, Jana",Australian Labor Party,19388
Kooyong,https://results.aec.gov.au/24310/Website/HouseDivisionPage-24310-221.htm,https://results.aec.gov.au/24310/Website/HouseDop-24310-221.htm,"FRYDENBERG, Josh",Liberal,108413,99029,3033,102062,94.14,11289,6,transfer,"STEWART, Jana",Australian Labor Party,"BURNSIDE, Julian",The Greens (VIC),15985
Kooyong,https://results.aec.gov.au/24310/Website/HouseDivisionPage-24310-221.htm,https://results.aec.gov.au/24310/Website/HouseDop-24310-221.htm,"FRYDENBERG, Josh",Liberal,108413,99029,3033,102062,94.14,11289,6,transfer,"STEWART, Jana",Australian Labor Party,"FRYDENBERG, Josh",Liberal,3403
Kooyong,https://results.aec.gov.au/24310/Website/HouseDivisionPage-24310-221.htm,https://results.aec.gov.au/24310/Website/HouseDop-24310-221.htm,"FRYDENBERG, Josh",Liberal,108413,99029,3033,102062,94.14,11289,6,final,"STEWART, Jana",Australian Labor Party,"FRYDENBERG, Josh",Liberal,55159
Kooyong,https://results.aec.gov.au/24310/Website/HouseDivisionPage-24310-221.htm,https://results.aec.gov.au/24310/Website/HouseDop-24310-221.htm,"FRYDENBERG, Josh",Liberal,108413,99029,3033,102062,94.14,11289,6,final,"STEWART, Jana",Australian Labor Party,"BURNSIDE, Julian",The Greens (VIC),43870
La Trobe,https://results.aec.gov.au/24310/Website/HouseDivisionPage-24310-223.htm,https://results.aec.gov.au/24310/Website/HouseDop-24310-223.htm,"WOOD, Jason",Liberal,110721,98689,4616,103305,93.3,8863,0,first,,,"WOOD, Jason",Liberal,45123
La Trobe,https://results.aec.gov.au/24310/Website/HouseDivisionPage-24310-223.htm,https://results.aec.gov.au/24310/Website/HouseDop-24310-223.htm,"WOOD, Jason",Liberal,110721,98689,4616,103305,93.3,8863,0,first,,,"CURTIS, Simon",Australian Labor Party,34040
La Trobe,https://results.aec.gov.au/24310/Website/HouseDivisionPage-24310-223.htm,https://results.aec.gov.au/24310/Website/HouseDop-24310-223.htm,"WOOD, Jason",Liberal,110721,98689,4616,103305,93.3,8863,0,first,,,"GREGOROVICH, Amy",The Greens (VIC),7752
La Trobe,https://results.aec.gov.au/24310/Website/HouseDivisionPage-24310-223.htm,https://results.aec.gov.au/24310/Website/HouseDop-24310-223.htm,"WOOD, Jason",Liberal,110721,98689,4616,103305,93.3,8863,0,first,,,"BAKER, Esther",Pauline Hanson's One Nation,4796
La Trobe,https://results.aec.gov.au/24310/Website/HouseDivisionPage-24310-223.htm,https://results.aec.gov.au/24310/Website/HouseDop-24310-223.htm,"WOOD, Jason",Liberal,110721,98689,4616,103305,93.3,8863,0,first,,,"CALWELL-BROWNE, Asher Joseph",Derryn Hinch's Justice Party,3525
La Trobe,https://results.aec.gov.au/24310/Website/HouseDivisionPage-24310-223.htm,https://results.aec.gov.au/24310/Website/HouseDop-24310-223.htm,"WOOD, Jason",Liberal,110721,98689,4616,103305,93.3,8863,0,first,,,"DEAN, Duncan",United Australia Party,2506
La Trobe,https://results.aec.gov.au/24310/Website/HouseDivisionPage-24310-223.htm,https://results.aec.gov.au/24310/Website/HouseDop-24310-223.htm,"WOOD, Jason",Liberal,110721,98689,4616,103305,93.3,8863,0,first,,,"BAKER, Norman",Rise Up Australia Party,947
La Trobe,https://results.aec.gov.au/24310/Website/HouseDivisionPage-24310-223.htm,https://results.aec.gov.au/24310/Website/HouseDop-24310-223.htm,"WOOD, Jason",Liberal,110721,98689,4616,103305,93.3,8863,1,transfer,"BAKER, Norman",Rise Up Australia Party,"BAKER, Esther",Pauline Hanson's One Nation,250
La Trobe,https://results.aec.gov.au/24310/Website/HouseDivisionPage-24310-223.htm,https://results.aec.gov.au/24310/Website/HouseDop-24310-223.htm,"WOOD, Jason",Liberal,110721,98689,4616,103305,93.3,8863,1,transfer,"BAKER, Norman",Rise Up Australia Party,"CALWELL-BROWNE, Asher Joseph",Derryn Hinch's Justice Party,70
La Trobe,https://results.aec.gov.au/24310/Website/HouseDivisionPage-24310-223.htm,https://results.aec.gov.au/24310/Website/HouseDop-24310-223.htm,"WOOD, Jason",Liberal,110721,98689,4616,103305,93.3,8863,1,transfer,"BAKER, Norman",Rise Up Australia Party,"CURTIS, Simon",Australian Labor Party,67
La Trobe,https://results.aec.gov.au/24310/Website/HouseDivisionPage-24310-223.htm,https://results.aec.gov.au/24310/Website/HouseDop-24310-223.htm,"WOOD, Jason",Liberal,110721,98689,4616,103305,93.3,8863,1,transfer,"BAKER, Norman",Rise Up Australia Party,"DEAN, Duncan",United Australia Party,133
La Trobe,https://results.aec.gov.au/24310/Website/HouseDivisionPage-24310-223.htm,https://results.aec.gov.au/24310/Website/HouseDop-24310-223.htm,"WOOD, Jason",Liberal,110721,98689,4616,103305,93.3,8863,1,transfer,"BAKER, Norman",Rise Up Australia Party,"GREGOROVICH, Amy",The Greens (VIC),108
La Trobe,https://results.aec.gov.au/24310/Website/HouseDivisionPage-24310-223.htm,https://results.aec.gov.au/24310/Website/HouseDop-24310-223.htm,"WOOD, Jason",Liberal,110721,98689,4616,103305,93.3,8863,1,transfer,"BAKER, Norman",Rise Up Australia Party,"WOOD, Jason",Liberal,319
La Trobe,https://results.aec.gov.au/24310/Website/HouseDivisionPage-24310-223.htm,https://results.aec.gov.au/24310/Website/HouseDop-24310-223.htm,"WOOD, Jason",Liberal,110721,98689,4616,103305,93.3,8863,1,progressive,"BAKER, Norman",Rise Up Australia Party,"WOOD, Jason",Liberal,45442
La Trobe,https://results.aec.gov.au/24310/Website/HouseDivisionPage-24310-223.htm,https://results.aec.gov.au/24310/Website/HouseDop-24310-223.htm,"WOOD, Jason",Liberal,110721,98689,4616,103305,93.3,8863,1,progressive,"BAKER, Norman",Rise Up Australia Party,"CURTIS, Simon",Australian Labor Party,34107
La Trobe,https://results.aec.gov.au/24310/Website/HouseDivisionPage-24310-223.htm,https://results.aec.gov.au/24310/Website/HouseDop-24310-223.htm,"WOOD, Jason",Liberal,110721,98689,4616,103305,93.3,8863,1,progressive,"BAKER, Norman",Rise Up Australia Party,"GREGOROVICH, Amy",The Greens (VIC),7860
La Trobe,https://results.aec.gov.au/24310/Website/HouseDivisionPage-24310-223.htm,https://results.aec.gov.au/24310/Website/HouseDop-24310-223.htm,"WOOD, Jason",Liberal,110721,98689,4616,103305,93.3,8863,1,progressive,"BAKER, Norman",Rise Up Australia Party,"BAKER, Esther",Pauline Hanson's One Nation,5046
La Trobe,https://results.aec.gov.au/24310/Website/HouseDivisionPage-24310-223.htm,https://results.aec.gov.au/24310/Website/HouseDop-24310-223.htm,"WOOD, Jason",Liberal,110721,98689,4616,103305,93.3,8863,1,progressive,"BAKER, Norman",Rise Up Australia Party,"CALWELL-BROWNE, Asher Joseph",Derryn Hinch's Justice Party,3595
La Trobe,https://results.aec.gov.au/24310/Website/HouseDivisionPage-24310-223.htm,https://results.aec.gov.au/24310/Website/HouseDop-24310-223.htm,"WOOD, Jason",Liberal,110721,98689,4616,103305,93.3,8863,1,progressive,"BAKER, Norman",Rise Up Australia Party,"DEAN, Duncan",United Australia Party,2639
La Trobe,https://results.aec.gov.au/24310/Website/HouseDivisionPage-24310-223.htm,https://results.aec.gov.au/24310/Website/HouseDop-24310-223.htm,"WOOD, Jason",Liberal,110721,98689,4616,103305,93.3,8863,2,transfer,"DEAN, Duncan",United Australia Party,"BAKER, Esther",Pauline Hanson's One Nation,723
La Trobe,https://results.aec.gov.au/24310/Website/HouseDivisionPage-24310-223.htm,https://results.aec.gov.au/24310/Website/HouseDop-24310-223.htm,"WOOD, Jason",Liberal,110721,98689,4616,103305,93.3,8863,2,transfer,"DEAN, Duncan",United Australia Party,"CALWELL-BROWNE, Asher Joseph",Derryn Hinch's Justice Party,393
La Trobe,https://results.aec.gov.au/24310/Website/HouseDivisionPage-24310-223.htm,https://results.aec.gov.au/24310/Website/HouseDop-24310-223.htm,"WOOD, Jason",Liberal,110721,98689,4616,103305,93.3,8863,2,transfer,"DEAN, Duncan",United Australia Party,"CURTIS, Simon",Australian Labor Party,359
La Trobe,https://results.aec.gov.au/24310/Website/HouseDivisionPage-24310-223.htm,https://results.aec.gov.au/24310/Website/HouseDop-24310-223.htm,"WOOD, Jason",Liberal,110721,98689,4616,103305,93.3,8863,2,transfer,"DEAN, Duncan",United Australia Party,"GREGOROVICH, Amy",The Greens (VIC),192
La Trobe,https://results.aec.gov.au/24310/Website/HouseDivisionPage-24310-223.htm,https://results.aec.gov.au/24310/Website/HouseDop-24310-223.htm,"WOOD, Jason",Liberal,110721,98689,4616,103305,93.3,8863,2,transfer,"DEAN, Duncan",United Australia Party,"WOOD, Jason",Liberal,972
La Trobe,https://results.aec.gov.au/24310/Website/HouseDivisionPage-24310-223.htm,https://results.aec.gov.au/24310/Website/HouseDop-24310-223.htm,"WOOD, Jason",Liberal,110721,98689,4616,103305,93.3,8863,2,progressive,"DEAN, Duncan",United Australia Party,"WOOD, Jason",Liberal,46414
La Trobe,https://results.aec.gov.au/24310/Website/HouseDivisionPage-24310-223.htm,https://results.aec.gov.au/24310/Website/HouseDop-24310-223.htm,"WOOD, Jason",Liberal,110721,98689,4616,103305,93.3,8863,2,progressive,"DEAN, Duncan",United Australia Party,"CURTIS, Simon",Australian Labor Party,34466
La Trobe,https://results.aec.gov.au/24310/Website/HouseDivisionPage-24310-223.htm,https://results.aec.gov.au/24310/Website/HouseDop-24310-223.htm,"WOOD, Jason",Liberal,110721,98689,4616,103305,93.3,8863,2,progressive,"DEAN, Duncan",United Australia Party,"GREGOROVICH, Amy",The Greens (VIC),8052
La Trobe,https://results.aec.gov.au/24310/Website/HouseDivisionPage-24310-223.htm,https://results.aec.gov.au/24310/Website/HouseDop-24310-223.htm,"WOOD, Jason",Liberal,110721,98689,4616,103305,93.3,8863,2,progressive,"DEAN, Duncan",United Australia Party,"BAKER, Esther",Pauline Hanson's One Nation,5769
La Trobe,https://results.aec.gov.au/24310/Website/HouseDivisionPage-24310-223.htm,https://results.aec.gov.au/24310/Website/HouseDop-24310-223.htm,"WOOD, Jason",Liberal,110721,98689,4616,103305,93.3,8863,2,progressive,"DEAN, Duncan",United Australia Party,"CALWELL-BROWNE, Asher Joseph",Derryn Hinch's Justice Party,3988
La Trobe,https://results.aec.gov.au/24310/Website/HouseDivisionPage-24310-223.htm,https://results.aec.gov.au/24310/Website/HouseDop-24310-223.htm,"WOOD, Jason",Liberal,110721,98689,4616,103305,93.3,8863,3,transfer,"CALWELL-BROWNE, Asher Joseph",Derryn Hinch's Justice Party,"BAKER, Esther",Pauline Hanson's One Nation,944
La Trobe,https://results.aec.gov.au/24310/Website/HouseDivisionPage-24310-223.htm,https://results.aec.gov.au/24310/Website/HouseDop-24310-223.htm,"WOOD, Jason",Liberal,110721,98689,4616,103305,93.3,8863,3,transfer,"CALWELL-BROWNE, Asher Joseph",Derryn Hinch's Justice Party,"CURTIS, Simon",Australian Labor Party,1494
La Trobe,https://results.aec.gov.au/24310/Website/HouseDivisionPage-24310-223.htm,https://results.aec.gov.au/24310/Website/HouseDop-24310-223.htm,"WOOD, Jason",Liberal,110721,98689,4616,103305,93.3,8863,3,transfer,"CALWELL-BROWNE, Asher Joseph",Derryn Hinch's Justice Party,"GREGOROVICH, Amy",The Greens (VIC),683
La Trobe,https://results.aec.gov.au/24310/Website/HouseDivisionPage-24310-223.htm,https://results.aec.gov.au/24310/Website/HouseDop-24310-223.htm,"WOOD, Jason",Liberal,110721,98689,4616,103305,93.3,8863,3,transfer,"CALWELL-BROWNE, Asher Joseph",Derryn Hinch's Justice Party,"WOOD, Jason",Liberal,867
La Trobe,https://results.aec.gov.au/24310/Website/HouseDivisionPage-24310-223.htm,https://results.aec.gov.au/24310/Website/HouseDop-24310-223.htm,"WOOD, Jason",Liberal,110721,98689,4616,103305,93.3,8863,3,progressive,"CALWELL-BROWNE, Asher Joseph",Derryn Hinch's Justice Party,"WOOD, Jason",Liberal,47281
La Trobe,https://results.aec.gov.au/24310/Website/HouseDivisionPage-24310-223.htm,https://results.aec.gov.au/24310/Website/HouseDop-24310-223.htm,"WOOD, Jason",Liberal,110721,98689,4616,103305,93.3,8863,3,progressive,"CALWELL-BROWNE, Asher Joseph",Derryn Hinch's Justice Party,"CURTIS, Simon",Australian Labor Party,35960
La Trobe,https://results.aec.gov.au/24310/Website/HouseDivisionPage-24310-223.htm,https://results.aec.gov.au/24310/Website/HouseDop-24310-223.htm,"WOOD, Jason",Liberal,110721,98689,4616,103305,93.3,8863,3,progressive,"CALWELL-BROWNE, Asher Joseph",Derryn Hinch's Justice Party,"GREGOROVICH, Amy",The Greens (VIC),8735
La Trobe,https://results.aec.gov.au/24310/Website/HouseDivisionPage-24310-223.htm,https://results.aec.gov.au/24310/Website/HouseDop-24310-223.htm,"WOOD, Jason",Liberal,110721,98689,4616,103305,93.3,8863,3,progressive,"CALWELL-BROWNE, Asher Joseph",Derryn Hinch's Justice Party,"BAKER, Esther",Pauline Hanson's One Nation,6713
La Trobe,https://results.aec.gov.au/24310/Website/HouseDivisionPage-24310-223.htm,https://results.aec.gov.au/24310/Website/HouseDop-24310-223.htm,"WOOD, Jason",Liberal,110721,98689,4616,103305,93.3,8863,4,transfer,"BAKER, Esther",Pauline Hanson's One Nation,"CURTIS, Simon",Australian Labor Party,2049
La Trobe,https://results.aec.gov.au/24310/Website/HouseDivisionPage-24310-223.htm,https://results.aec.gov.au/24310/Website/HouseDop-24310-223.htm,"WOOD, Jason",Liberal,110721,98689,4616,103305,93.3,8863,4,transfer,"BAKER, Esther",Pauline Hanson's One Nation,"GREGOROVICH, Amy",The Greens (VIC),1237
La Trobe,https://results.aec.gov.au/24310/Website/HouseDivisionPage-24310-223.htm,https://results.aec.gov.au/24310/Website/HouseDop-24310-223.htm,"WOOD, Jason",Liberal,110721,98689,4616,103305,93.3,8863,4,transfer,"BAKER, Esther",Pauline Hanson's One Nation,"WOOD, Jason",Liberal,3427
La Trobe,https://results.aec.gov.au/24310/Website/HouseDivisionPage-24310-223.htm,https://results.aec.gov.au/24310/Website/HouseDop-24310-223.htm,"WOOD, Jason",Liberal,110721,98689,4616,103305,93.3,8863,4,progressive,"BAKER, Esther",Pauline Hanson's One Nation,"WOOD, Jason",Liberal,50708
La Trobe,https://results.aec.gov.au/24310/Website/HouseDivisionPage-24310-223.htm,https://results.aec.gov.au/24310/Website/HouseDop-24310-223.htm,"WOOD, Jason",Liberal,110721,98689,4616,103305,93.3,8863,4,progressive,"BAKER, Esther",Pauline Hanson's One Nation,"CURTIS, Simon",Australian Labor Party,38009
La Trobe,https://results.aec.gov.au/24310/Website/HouseDivisionPage-24310-223.htm,https://results.aec.gov.au/24310/Website/HouseDop-24310-223.htm,"WOOD, Jason",Liberal,110721,98689,4616,103305,93.3,8863,4,progressive,"BAKER, Esther",Pauline Hanson's One Nation,"GREGOROVICH, Amy",The Greens (VIC),9972
La Trobe,https://results.aec.gov.au/24310/Website/HouseDivisionPage-24310-223.htm,https://results.aec.gov.au/24310/Website/HouseDop-24310-223.htm,"WOOD, Jason",Liberal,110721,98689,4616,103305,93.3,8863,5,transfer,"GREGOROVICH, Amy",The Greens (VIC),"CURTIS, Simon",Australian Labor Party,6904
La Trobe,https://results.aec.gov.au/24310/Website/HouseDivisionPage-24310-223.htm,https://results.aec.gov.au/24310/Website/HouseDop-24310-223.htm,"WOOD, Jason",Liberal,110721,98689,4616,103305,93.3,8863,5,transfer,"GREGOROVICH, Amy",The Greens (VIC),"WOOD, Jason",Liberal,3068
La Trobe,https://results.aec.gov.au/24310/Website/HouseDivisionPage-24310-223.htm,https://results.aec.gov.au/24310/Website/HouseDop-24310-223.htm,"WOOD, Jason",Liberal,110721,98689,4616,103305,93.3,8863,5,final,"GREGOROVICH, Amy",The Greens (VIC),"WOOD, Jason",Liberal,53776
La Trobe,https://results.aec.gov.au/24310/Website/HouseDivisionPage-24310-223.htm,https://results.aec.gov.au/24310/Website/HouseDop-24310-223.htm,"WOOD, Jason",Liberal,110721,98689,4616,103305,93.3,8863,5,final,"GREGOROVICH, Amy",The Greens (VIC),"CURTIS, Simon",Australian Labor Party,44913
Lalor,https://results.aec.gov.au/24310/Website/HouseDivisionPage-24310-222.htm,https://results.aec.gov.au/24310/Website/HouseDop-24310-222.htm,"RYAN, Joanne",Australian Labor Party,106783,93478,4337,97815,91.6,23204,0,first,,,"RYAN, Joanne",Australian Labor Party,48332
Lalor,https://results.aec.gov.au/24310/Website/HouseDivisionPage-24310-222.htm,https://results.aec.gov.au/24310/Website/HouseDop-24310-222.htm,"RYAN, Joanne",Australian Labor Party,106783,93478,4337,97815,91.6,23204,0,first,,,"MURPHY, Gayle",Liberal,28209
Lalor,https://results.aec.gov.au/24310/Website/HouseDivisionPage-24310-222.htm,https://results.aec.gov.au/24310/Website/HouseDop-24310-222.htm,"RYAN, Joanne",Australian Labor Party,106783,93478,4337,97815,91.6,23204,0,first,,,"DESSI, Jay",The Greens (VIC),7273
Lalor,https://results.aec.gov.au/24310/Website/HouseDivisionPage-24310-222.htm,https://results.aec.gov.au/24310/Website/HouseDop-24310-222.htm,"RYAN, Joanne",Australian Labor Party,106783,93478,4337,97815,91.6,23204,0,first,,,"ROBINSON, Jeffrey Edward",United Australia Party,4451
Lalor,https://results.aec.gov.au/24310/Website/HouseDivisionPage-24310-222.htm,https://results.aec.gov.au/24310/Website/HouseDop-24310-222.htm,"RYAN, Joanne",Australian Labor Party,106783,93478,4337,97815,91.6,23204,0,first,,,"JAKOBI, Susan",Australia First Party,4094
Lalor,https://results.aec.gov.au/24310/Website/HouseDivisionPage-24310-222.htm,https://results.aec.gov.au/24310/Website/HouseDop-24310-222.htm,"RYAN, Joanne",Australian Labor Party,106783,93478,4337,97815,91.6,23204,0,first,,,"MOINUDDIN, Aijaz",Independent,1119
Lalor,https://results.aec.gov.au/24310/Website/HouseDivisionPage-24310-222.htm,https://results.aec.gov.au/24310/Website/HouseDop-24310-222.htm,"RYAN, Joanne",Australian Labor Party,106783,93478,4337,97815,91.6,23204,1,transfer,"MOINUDDIN, Aijaz",Independent,"DESSI, Jay",The Greens (VIC),427
Lalor,https://results.aec.gov.au/24310/Website/HouseDivisionPage-24310-222.htm,https://results.aec.gov.au/24310/Website/HouseDop-24310-222.htm,"RYAN, Joanne",Australian Labor Party,106783,93478,4337,97815,91.6,23204,1,transfer,"MOINUDDIN, Aijaz",Independent,"JAKOBI, Susan",Australia First Party,119
Lalor,https://results.aec.gov.au/24310/Website/HouseDivisionPage-24310-222.htm,https://results.aec.gov.au/24310/Website/HouseDop-24310-222.htm,"RYAN, Joanne",Australian Labor Party,106783,93478,4337,97815,91.6,23204,1,transfer,"MOINUDDIN, Aijaz",Independent,"MURPHY, Gayle",Liberal,115
Lalor,https://results.aec.gov.au/24310/Website/HouseDivisionPage-24310-222.htm,https://results.aec.gov.au/24310/Website/HouseDop-24310-222.htm,"RYAN, Joanne",Australian Labor Party,106783,93478,4337,97815,91.6,23204,1,transfer,"MOINUDDIN, Aijaz",Independent,"ROBINSON, Jeffrey Edward",United Australia Party,100
Lalor,https://results.aec.gov.au/24310/Website/HouseDivisionPage-24310-222.htm,https://results.aec.gov.au/24310/Website/HouseDop-24310-222.htm,"RYAN, Joanne",Australian Labor Party,106783,93478,4337,97815,91.6,23204,1,transfer,"MOINUDDIN, Aijaz",Independent,"RYAN, Joanne",Australian Labor Party,358
Lalor,https://results.aec.gov.au/24310/Website/HouseDivisionPage-24310-222.htm,https://results.aec.gov.au/24310/Website/HouseDop-24310-222.htm,"RYAN, Joanne",Australian Labor Party,106783,93478,4337,97815,91.6,23204,1,progressive,"MOINUDDIN, Aijaz",Independent,"RYAN, Joanne",Australian Labor Party,48690
Lalor,https://results.aec.gov.au/24310/Website/HouseDivisionPage-24310-222.htm,https://results.aec.gov.au/24310/Website/HouseDop-24310-222.htm,"RYAN, Joanne",Australian Labor Party,106783,93478,4337,97815,91.6,23204,1,progressive,"MOINUDDIN, Aijaz",Independent,"MURPHY, Gayle",Liberal,28324
Lalor,https://results.aec.gov.au/24310/Website/HouseDivisionPage-24310-222.htm,https://results.aec.gov.au/24310/Website/HouseDop-24310-222.htm,"RYAN, Joanne",Australian Labor Party,106783,93478,4337,97815,91.6,23204,1,progressive,"MOINUDDIN, Aijaz",Independent,"DESSI, Jay",The Greens (VIC),7700
Lalor,https://results.aec.gov.au/24310/Website/HouseDivisionPage-24310-222.htm,https://results.aec.gov.au/24310/Website/HouseDop-24310-222.htm,"RYAN, Joanne",Australian Labor Party,106783,93478,4337,97815,91.6,23204,1,progressive,"MOINUDDIN, Aijaz",Independent,"ROBINSON, Jeffrey Edward",United Australia Party,4551
Lalor,https://results.aec.gov.au/24310/Website/HouseDivisionPage-24310-222.htm,https://results.aec.gov.au/24310/Website/HouseDop-24310-222.htm,"RYAN, Joanne",Australian Labor Party,106783,93478,4337,97815,91.6,23204,1,progressive,"MOINUDDIN, Aijaz",Independent,"JAKOBI, Susan",Australia First Party,4213
Lalor,https://results.aec.gov.au/24310/Website/HouseDivisionPage-24310-222.htm,https://results.aec.gov.au/24310/Website/HouseDop-24310-222.htm,"RYAN, Joanne",Australian Labor Party,106783,93478,4337,97815,91.6,23204,2,transfer,"JAKOBI, Susan",Australia First Party,"DESSI, Jay",The Greens (VIC),381
Lalor,https://results.aec.gov.au/24310/Website/HouseDivisionPage-24310-222.htm,https://results.aec.gov.au/24310/Website/HouseDop-24310-222.htm,"RYAN, Joanne",Australian Labor Party,106783,93478,4337,97815,91.6,23204,2,transfer,"JAKOBI, Susan",Australia First Party,"MURPHY, Gayle",Liberal,1520
Lalor,https://results.aec.gov.au/24310/Website/HouseDivisionPage-24310-222.htm,https://results.aec.gov.au/24310/Website/HouseDop-24310-222.htm,"RYAN, Joanne",Australian Labor Party,106783,93478,4337,97815,91.6,23204,2,transfer,"JAKOBI, Susan",Australia First Party,"ROBINSON, Jeffrey Edward",United Australia Party,1354
Lalor,https://results.aec.gov.au/24310/Website/HouseDivisionPage-24310-222.htm,https://results.aec.gov.au/24310/Website/HouseDop-24310-222.htm,"RYAN, Joanne",Australian Labor Party,106783,93478,4337,97815,91.6,23204,2,transfer,"JAKOBI, Susan",Australia First Party,"RYAN, Joanne",Australian Labor Party,958
Lalor,https://results.aec.gov.au/24310/Website/HouseDivisionPage-24310-222.htm,https://results.aec.gov.au/24310/Website/HouseDop-24310-222.htm,"RYAN, Joanne",Australian Labor Party,106783,93478,4337,97815,91.6,23204,2,progressive,"JAKOBI, Susan",Australia First Party,"RYAN, Joanne",Australian Labor Party,49648
Lalor,https://results.aec.gov.au/24310/Website/HouseDivisionPage-24310-222.htm,https://results.aec.gov.au/24310/Website/HouseDop-24310-222.htm,"RYAN, Joanne",Australian Labor Party,106783,93478,4337,97815,91.6,23204,2,progressive,"JAKOBI, Susan",Australia First Party,"MURPHY, Gayle",Liberal,29844
Lalor,https://results.aec.gov.au/24310/Website/HouseDivisionPage-24310-222.htm,https://results.aec.gov.au/24310/Website/HouseDop-24310-222.htm,"RYAN, Joanne",Australian Labor Party,106783,93478,4337,97815,91.6,23204,2,progressive,"JAKOBI, Susan",Australia First Party,"DESSI, Jay",The Greens (VIC),8081
Lalor,https://results.aec.gov.au/24310/Website/HouseDivisionPage-24310-222.htm,https://results.aec.gov.au/24310/Website/HouseDop-24310-222.htm,"RYAN, Joanne",Australian Labor Party,106783,93478,4337,97815,91.6,23204,2,progressive,"JAKOBI, Susan",Australia First Party,"ROBINSON, Jeffrey Edward",United Australia Party,5905
Lalor,https://results.aec.gov.au/24310/Website/HouseDivisionPage-24310-222.htm,https://results.aec.gov.au/24310/Website/HouseDop-24310-222.htm,"RYAN, Joanne",Australian Labor Party,106783,93478,4337,97815,91.6,23204,3,transfer,"ROBINSON, Jeffrey Edward",United Australia Party,"DESSI, Jay",The Greens (VIC),1324
Lalor,https://results.aec.gov.au/24310/Website/HouseDivisionPage-24310-222.htm,https://results.aec.gov.au/24310/Website/HouseDop-24310-222.htm,"RYAN, Joanne",Australian Labor Party,106783,93478,4337,97815,91.6,23204,3,transfer,"ROBINSON, Jeffrey Edward",United Australia Party,"MURPHY, Gayle",Liberal,2848
Lalor,https://results.aec.gov.au/24310/Website/HouseDivisionPage-24310-222.htm,https://results.aec.gov.au/24310/Website/HouseDop-24310-222.htm,"RYAN, Joanne",Australian Labor Party,106783,93478,4337,97815,91.6,23204,3,transfer,"ROBINSON, Jeffrey Edward",United Australia Party,"RYAN, Joanne",Australian Labor Party,1733
Lalor,https://results.aec.gov.au/24310/Website/HouseDivisionPage-24310-222.htm,https://results.aec.gov.au/24310/Website/HouseDop-24310-222.htm,"RYAN, Joanne",Australian Labor Party,106783,93478,4337,97815,91.6,23204,3,progressive,"ROBINSON, Jeffrey Edward",United Australia Party,"RYAN, Joanne",Australian Labor Party,51381
Lalor,https://results.aec.gov.au/24310/Website/HouseDivisionPage-24310-222.htm,https://results.aec.gov.au/24310/Website/HouseDop-24310-222.htm,"RYAN, Joanne",Australian Labor Party,106783,93478,4337,97815,91.6,23204,3,progressive,"ROBINSON, Jeffrey Edward",United Australia Party,"MURPHY, Gayle",Liberal,32692
Lalor,https://results.aec.gov.au/24310/Website/HouseDivisionPage-24310-222.htm,https://results.aec.gov.au/24310/Website/HouseDop-24310-222.htm,"RYAN, Joanne",Australian Labor Party,106783,93478,4337,97815,91.6,23204,3,progressive,"ROBINSON, Jeffrey Edward",United Australia Party,"DESSI, Jay",The Greens (VIC),9405
Lalor,https://results.aec.gov.au/24310/Website/HouseDivisionPage-24310-222.htm,https://results.aec.gov.au/24310/Website/HouseDop-24310-222.htm,"RYAN, Joanne",Australian Labor Party,106783,93478,4337,97815,91.6,23204,4,transfer,"DESSI, Jay",The Greens (VIC),"MURPHY, Gayle",Liberal,2445
Lalor,https://results.aec.gov.au/24310/Website/HouseDivisionPage-24310-222.htm,https://results.aec.gov.au/24310/Website/HouseDop-24310-222.htm,"RYAN, Joanne",Australian Labor Party,106783,93478,4337,97815,91.6,23204,4,transfer,"DESSI, Jay",The Greens (VIC),"RYAN, Joanne",Australian Labor Party,6960
Lalor,https://results.aec.gov.au/24310/Website/HouseDivisionPage-24310-222.htm,https://results.aec.gov.au/24310/Website/HouseDop-24310-222.htm,"RYAN, Joanne",Australian Labor Party,106783,93478,4337,97815,91.6,23204,4,final,"DESSI, Jay",The Greens (VIC),"RYAN, Joanne",Australian Labor Party,58341
Lalor,https://results.aec.gov.au/24310/Website/HouseDivisionPage-24310-222.htm,https://results.aec.gov.au/24310/Website/HouseDop-24310-222.htm,"RYAN, Joanne",Australian Labor Party,106783,93478,4337,97815,91.6,23204,4,final,"DESSI, Jay",The Greens (VIC),"MURPHY, Gayle",Liberal,35137
Macnamara,https://results.aec.gov.au/24310/Website/HouseDivisionPage-24310-322.htm,https://results.aec.gov.au/24310/Website/HouseDop-24310-322.htm,"BURNS, Josh",Australian Labor Party,113802,97092,4288,101380,89.08,12134,0,first,,,"ASHMOR, Kate",Liberal,36283
Macnamara,https://results.aec.gov.au/24310/Website/HouseDivisionPage-24310-322.htm,https://results.aec.gov.au/24310/Website/HouseDop-24310-322.htm,"BURNS, Josh",Australian Labor Party,113802,97092,4288,101380,89.08,12134,0,first,,,"BURNS, Josh",Australian Labor Party,30855
Macnamara,https://results.aec.gov.au/24310/Website/HouseDivisionPage-24310-322.htm,https://results.aec.gov.au/24310/Website/HouseDop-24310-322.htm,"BURNS, Josh",Australian Labor Party,113802,97092,4288,101380,89.08,12134,0,first,,,"HODGINS-MAY, Steph",The Greens (VIC),23534
Macnamara,https://results.aec.gov.au/24310/Website/HouseDivisionPage-24310-322.htm,https://results.aec.gov.au/24310/Website/HouseDop-24310-322.htm,"BURNS, Josh",Australian Labor Party,113802,97092,4288,101380,89.08,12134,0,first,,,"McPHERSON, Craig",Animal Justice Party,1919
Macnamara,https://results.aec.gov.au/24310/Website/HouseDivisionPage-24310-322.htm,https://results.aec.gov.au/24310/Website/HouseDop-24310-322.htm,"BURNS, Josh",Australian Labor Party,113802,97092,4288,101380,89.08,12134,0,first,,,"PATON, Helen Lucy",United Australia Party,1136
Macnamara,https://results.aec.gov.au/24310/Website/HouseDivisionPage-24310-322.htm,https://results.aec.gov.au/24310/Website/HouseDop-24310-322.htm,"BURNS, Josh",Australian Labor Party,113802,97092,4288,101380,89.08,12134,0,first,,,"O'ROURKE, Ruby",Independent,1108
Macnamara,https://results.aec.gov.au/24310/Website/HouseDivisionPage-24310-322.htm,https://results.aec.gov.au/24310/Website/HouseDop-24310-322.htm,"BURNS, Josh",Australian Labor Party,113802,97092,4288,101380,89.08,12134,0,first,,,"ARMSTRONG, Steven",Sustainable Australia,974
Macnamara,https://results.aec.gov.au/24310/Website/HouseDivisionPage-24310-322.htm,https://results.aec.gov.au/24310/Website/HouseDop-24310-322.htm,"BURNS, Josh",Australian Labor Party,113802,97092,4288,101380,89.08,12134,0,first,,,"WALLIS, Chris",Independent,918
Macnamara,https://results.aec.gov.au/24310/Website/HouseDivisionPage-24310-322.htm,https://results.aec.gov.au/24310/Website/HouseDop-24310-322.htm,"BURNS, Josh",Australian Labor Party,113802,97092,4288,101380,89.08,12134,0,first,,,"KAY, Christine",Rise Up Australia Party,365
Macnamara,https://results.aec.gov.au/24310/Website/HouseDivisionPage-24310-322.htm,https://results.aec.gov.au/24310/Website/HouseDop-24310-322.htm,"BURNS, Josh",Australian Labor Party,113802,97092,4288,101380,89.08,12134,1,transfer,"KAY, Christine",Rise Up Australia Party,"ARMSTRONG, Steven",Sustainable Australia,39
Macnamara,https://results.aec.gov.au/24310/Website/HouseDivisionPage-24310-322.htm,https://results.aec.gov.au/24310/Website/HouseDop-24310-322.htm,"BURNS, Josh",Australian Labor Party,113802,97092,4288,101380,89.08,12134,1,transfer,"KAY, Christine",Rise Up Australia Party,"ASHMOR, Kate",Liberal,114
Macnamara,https://results.aec.gov.au/24310/Website/HouseDivisionPage-24310-322.htm,https://results.aec.gov.au/24310/Website/HouseDop-24310-322.htm,"BURNS, Josh",Australian Labor Party,113802,97092,4288,101380,89.08,12134,1,transfer,"KAY, Christine",Rise Up Australia Party,"BURNS, Josh",Australian Labor Party,23
Macnamara,https://results.aec.gov.au/24310/Website/HouseDivisionPage-24310-322.htm,https://results.aec.gov.au/24310/Website/HouseDop-24310-322.htm,"BURNS, Josh",Australian Labor Party,113802,97092,4288,101380,89.08,12134,1,transfer,"KAY, Christine",Rise Up Australia Party,"HODGINS-MAY, Steph",The Greens (VIC),11
Macnamara,https://results.aec.gov.au/24310/Website/HouseDivisionPage-24310-322.htm,https://results.aec.gov.au/24310/Website/HouseDop-24310-322.htm,"BURNS, Josh",Australian Labor Party,113802,97092,4288,101380,89.08,12134,1,transfer,"KAY, Christine",Rise Up Australia Party,"McPHERSON, Craig",Animal Justice Party,32
Macnamara,https://results.aec.gov.au/24310/Website/HouseDivisionPage-24310-322.htm,https://results.aec.gov.au/24310/Website/HouseDop-24310-322.htm,"BURNS, Josh",Australian Labor Party,113802,97092,4288,101380,89.08,12134,1,transfer,"KAY, Christine",Rise Up Australia Party,"O'ROURKE, Ruby",Independent,18
Macnamara,https://results.aec.gov.au/24310/Website/HouseDivisionPage-24310-322.htm,https://results.aec.gov.au/24310/Website/HouseDop-24310-322.htm,"BURNS, Josh",Australian Labor Party,113802,97092,4288,101380,89.08,12134,1,transfer,"KAY, Christine",Rise Up Australia Party,"PATON, Helen Lucy",United Australia Party,106
Macnamara,https://results.aec.gov.au/24310/Website/HouseDivisionPage-24310-322.htm,https://results.aec.gov.au/24310/Website/HouseDop-24310-322.htm,"BURNS, Josh",Australian Labor Party,113802,97092,4288,101380,89.08,12134,1,transfer,"KAY, Christine",Rise Up Australia Party,"WALLIS, Chris",Independent,22
Macnamara,https://results.aec.gov.au/24310/Website/HouseDivisionPage-24310-322.htm,https://results.aec.gov.au/24310/Website/HouseDop-24310-322.htm,"BURNS, Josh",Australian Labor Party,113802,97092,4288,101380,89.08,12134,1,progressive,"KAY, Christine",Rise Up Australia Party,"ASHMOR, Kate",Liberal,36397
Macnamara,https://results.aec.gov.au/24310/Website/HouseDivisionPage-24310-322.htm,https://results.aec.gov.au/24310/Website/HouseDop-24310-322.htm,"BURNS, Josh",Australian Labor Party,113802,97092,4288,101380,89.08,12134,1,progressive,"KAY, Christine",Rise Up Australia Party,"BURNS, Josh",Australian Labor Party,30878
Macnamara,https://results.aec.gov.au/24310/Website/HouseDivisionPage-24310-322.htm,https://results.aec.gov.au/24310/Website/HouseDop-24310-322.htm,"BURNS, Josh",Australian Labor Party,113802,97092,4288,101380,89.08,12134,1,progressive,"KAY, Christine",Rise Up Australia Party,"HODGINS-MAY, Steph",The Greens (VIC),23545
Macnamara,https://results.aec.gov.au/24310/Website/HouseDivisionPage-24310-322.htm,https://results.aec.gov.au/24310/Website/HouseDop-24310-322.htm,"BURNS, Josh",Australian Labor Party,113802,97092,4288,101380,89.08,12134,1,progressive,"KAY, Christine",Rise Up Australia Party,"McPHERSON, Craig",Animal Justice Party,1951
Macnamara,https://results.aec.gov.au/24310/Website/HouseDivisionPage-24310-322.htm,https://results.aec.gov.au/24310/Website/HouseDop-24310-322.htm,"BURNS, Josh",Australian Labor Party,113802,97092,4288,101380,89.08,12134,1,progressive,"KAY, Christine",Rise Up Australia Party,"PATON, Helen Lucy",United Australia Party,1242
Macnamara,https://results.aec.gov.au/24310/Website/HouseDivisionPage-24310-322.htm,https://results.aec.gov.au/24310/Website/HouseDop-24310-322.htm,"BURNS, Josh",Australian Labor Party,113802,97092,4288,101380,89.08,12134,1,progressive,"KAY, Christine",Rise Up Australia Party,"O'ROURKE, Ruby",Independent,1126
Macnamara,https://results.aec.gov.au/24310/Website/HouseDivisionPage-24310-322.htm,https://results.aec.gov.au/24310/Website/HouseDop-24310-322.htm,"BURNS, Josh",Australian Labor Party,113802,97092,4288,101380,89.08,12134,1,progressive,"KAY, Christine",Rise Up Australia Party,"ARMSTRONG, Steven",Sustainable Australia,1013
Macnamara,https://results.aec.gov.au/24310/Website/HouseDivisionPage-24310-322.htm,https://results.aec.gov.au/24310/Website/HouseDop-24310-322.htm,"BURNS, Josh",Australian Labor Party,113802,97092,4288,101380,89.08,12134,1,progressive,"KAY, Christine",Rise Up Australia Party,"WALLIS, Chris",Independent,940
Macnamara,https://results.aec.gov.au/24310/Website/HouseDivisionPage-24310-322.htm,https://results.aec.gov.au/24310/Website/HouseDop-24310-322.htm,"BURNS, Josh",Australian Labor Party,113802,97092,4288,101380,89.08,12134,2,transfer,"WALLIS, Chris",Independent,"ARMSTRONG, Steven",Sustainable Australia,78
Macnamara,https://results.aec.gov.au/24310/Website/HouseDivisionPage-24310-322.htm,https://results.aec.gov.au/24310/Website/HouseDop-24310-322.htm,"BURNS, Josh",Australian Labor Party,113802,97092,4288,101380,89.08,12134,2,transfer,"WALLIS, Chris",Independent,"ASHMOR, Kate",Liberal,154
Macnamara,https://results.aec.gov.au/24310/Website/HouseDivisionPage-24310-322.htm,https://results.aec.gov.au/24310/Website/HouseDop-24310-322.htm,"BURNS, Josh",Australian Labor Party,113802,97092,4288,101380,89.08,12134,2,transfer,"WALLIS, Chris",Independent,"BURNS, Josh",Australian Labor Party,123
Macnamara,https://results.aec.gov.au/24310/Website/HouseDivisionPage-24310-322.htm,https://results.aec.gov.au/24310/Website/HouseDop-24310-322.htm,"BURNS, Josh",Australian Labor Party,113802,97092,4288,101380,89.08,12134,2,transfer,"WALLIS, Chris",Independent,"HODGINS-MAY, Steph",The Greens (VIC),181
Macnamara,https://results.aec.gov.au/24310/Website/HouseDivisionPage-24310-322.htm,https://results.aec.gov.au/24310/Website/HouseDop-24310-322.htm,"BURNS, Josh",Australian Labor Party,113802,97092,4288,101380,89.08,12134,2,transfer,"WALLIS, Chris",Independent,"McPHERSON, Craig",Animal Justice Party,57
Macnamara,https://results.aec.gov.au/24310/Website/HouseDivisionPage-24310-322.htm,https://results.aec.gov.au/24310/Website/HouseDop-24310-322.htm,"BURNS, Josh",Australian Labor Party,113802,97092,4288,101380,89.08,12134,2,transfer,"WALLIS, Chris",Independent,"O'ROURKE, Ruby",Independent,315
Macnamara,https://results.aec.gov.au/24310/Website/HouseDivisionPage-24310-322.htm,https://results.aec.gov.au/24310/Website/HouseDop-24310-322.htm,"BURNS, Josh",Australian Labor Party,113802,97092,4288,101380,89.08,12134,2,transfer,"WALLIS, Chris",Independent,"PATON, Helen Lucy",United Australia Party,32
Macnamara,https://results.aec.gov.au/24310/Website/HouseDivisionPage-24310-322.htm,https://results.aec.gov.au/24310/Website/HouseDop-24310-322.htm,"BURNS, Josh",Australian Labor Party,113802,97092,4288,101380,89.08,12134,2,progressive,"WALLIS, Chris",Independent,"ASHMOR, Kate",Liberal,36551
Macnamara,https://results.aec.gov.au/24310/Website/HouseDivisionPage-24310-322.htm,https://results.aec.gov.au/24310/Website/HouseDop-24310-322.htm,"BURNS, Josh",Australian Labor Party,113802,97092,4288,101380,89.08,12134,2,progressive,"WALLIS, Chris",Independent,"BURNS, Josh",Australian Labor Party,31001
Macnamara,https://results.aec.gov.au/24310/Website/HouseDivisionPage-24310-322.htm,https://results.aec.gov.au/24310/Website/HouseDop-24310-322.htm,"BURNS, Josh",Australian Labor Party,113802,97092,4288,101380,89.08,12134,2,progressive,"WALLIS, Chris",Independent,"HODGINS-MAY, Steph",The Greens (VIC),23726
Macnamara,https://results.aec.gov.au/24310/Website/HouseDivisionPage-24310-322.htm,https://results.aec.gov.au/24310/Website/HouseDop-24310-322.htm,"BURNS, Josh",Australian Labor Party,113802,97092,4288,101380,89.08,12134,2,progressive,"WALLIS, Chris",Independent,"McPHERSON, Craig",Animal Justice Party,2008
Macnamara,https://results.aec.gov.au/24310/Website/HouseDivisionPage-24310-322.htm,https://results.aec.gov.au/24310/Website/HouseDop-24310-322.htm,"BURNS, Josh",Australian Labor Party,113802,97092,4288,101380,89.08,12134,2,progressive,"WALLIS, Chris",Independent,"O'ROURKE, Ruby",Independent,1441
Macnamara,https://results.aec.gov.au/24310/Website/HouseDivisionPage-24310-322.htm,https://results.aec.gov.au/24310/Website/HouseDop-24310-322.htm,"BURNS, Josh",Australian Labor Party,113802,97092,4288,101380,89.08,12134,2,progressive,"WALLIS, Chris",Independent,"PATON, Helen Lucy",United Australia Party,1274
Macnamara,https://results.aec.gov.au/24310/Website/HouseDivisionPage-24310-322.htm,https://results.aec.gov.au/24310/Website/HouseDop-24310-322.htm,"BURNS, Josh",Australian Labor Party,113802,97092,4288,101380,89.08,12134,2,progressive,"WALLIS, Chris",Independent,"ARMSTRONG, Steven",Sustainable Australia,1091
Macnamara,https://results.aec.gov.au/24310/Website/HouseDivisionPage-24310-322.htm,https://results.aec.gov.au/24310/Website/HouseDop-24310-322.htm,"BURNS, Josh",Australian Labor Party,113802,97092,4288,101380,89.08,12134,3,transfer,"ARMSTRONG, Steven",Sustainable Australia,"ASHMOR, Kate",Liberal,155
Macnamara,https://results.aec.gov.au/24310/Website/HouseDivisionPage-24310-322.htm,https://results.aec.gov.au/24310/Website/HouseDop-24310-322.htm,"BURNS, Josh",Australian Labor Party,113802,97092,4288,101380,89.08,12134,3,transfer,"ARMSTRONG, Steven",Sustainable Australia,"BURNS, Josh",Australian Labor Party,133
Macnamara,https://results.aec.gov.au/24310/Website/HouseDivisionPage-24310-322.htm,https://results.aec.gov.au/24310/Website/HouseDop-24310-322.htm,"BURNS, Josh",Australian Labor Party,113802,97092,4288,101380,89.08,12134,3,transfer,"ARMSTRONG, Steven",Sustainable Australia,"HODGINS-MAY, Steph",The Greens (VIC),326
Macnamara,https://results.aec.gov.au/24310/Website/HouseDivisionPage-24310-322.htm,https://results.aec.gov.au/24310/Website/HouseDop-24310-322.htm,"BURNS, Josh",Australian Labor Party,113802,97092,4288,101380,89.08,12134,3,transfer,"ARMSTRONG, Steven",Sustainable Australia,"McPHERSON, Craig",Animal Justice Party,209
Macnamara,https://results.aec.gov.au/24310/Website/HouseDivisionPage-24310-322.htm,https://results.aec.gov.au/24310/Website/HouseDop-24310-322.htm,"BURNS, Josh",Australian Labor Party,113802,97092,4288,101380,89.08,12134,3,transfer,"ARMSTRONG, Steven",Sustainable Australia,"O'ROURKE, Ruby",Independent,177
Macnamara,https://results.aec.gov.au/24310/Website/HouseDivisionPage-24310-322.htm,https://results.aec.gov.au/24310/Website/HouseDop-24310-322.htm,"BURNS, Josh",Australian Labor Party,113802,97092,4288,101380,89.08,12134,3,transfer,"ARMSTRONG, Steven",Sustainable Australia,"PATON, Helen Lucy",United Australia Party,91
Macnamara,https://results.aec.gov.au/24310/Website/HouseDivisionPage-24310-322.htm,https://results.aec.gov.au/24310/Website/HouseDop-24310-322.htm,"BURNS, Josh",Australian Labor Party,113802,97092,4288,101380,89.08,12134,3,progressive,"ARMSTRONG, Steven",Sustainable Australia,"ASHMOR, Kate",Liberal,36706
Macnamara,https://results.aec.gov.au/24310/Website/HouseDivisionPage-24310-322.htm,https://results.aec.gov.au/24310/Website/HouseDop-24310-322.htm,"BURNS, Josh",Australian Labor Party,113802,97092,4288,101380,89.08,12134,3,progressive,"ARMSTRONG, Steven",Sustainable Australia,"BURNS, Josh",Australian Labor Party,31134
Macnamara,https://results.aec.gov.au/24310/Website/HouseDivisionPage-24310-322.htm,https://results.aec.gov.au/24310/Website/HouseDop-24310-322.htm,"BURNS, Josh",Australian Labor Party,113802,97092,4288,101380,89.08,12134,3,progressive,"ARMSTRONG, Steven",Sustainable Australia,"HODGINS-MAY, Steph",The Greens (VIC),24052
Macnamara,https://results.aec.gov.au/24310/Website/HouseDivisionPage-24310-322.htm,https://results.aec.gov.au/24310/Website/HouseDop-24310-322.htm,"BURNS, Josh",Australian Labor Party,113802,97092,4288,101380,89.08,12134,3,progressive,"ARMSTRONG, Steven",Sustainable Australia,"McPHERSON, Craig",Animal Justice Party,2217
Macnamara,https://results.aec.gov.au/24310/Website/HouseDivisionPage-24310-322.htm,https://results.aec.gov.au/24310/Website/HouseDop-24310-322.htm,"BURNS, Josh",Australian Labor Party,113802,97092,4288,101380,89.08,12134,3,progressive,"ARMSTRONG, Steven",Sustainable Australia,"O'ROURKE, Ruby",Independent,1618
Macnamara,https://results.aec.gov.au/24310/Website/HouseDivisionPage-24310-322.htm,https://results.aec.gov.au/24310/Website/HouseDop-24310-322.htm,"BURNS, Josh",Australian Labor Party,113802,97092,4288,101380,89.08,12134,3,progressive,"ARMSTRONG, Steven",Sustainable Australia,"PATON, Helen Lucy",United Australia Party,1365
Macnamara,https://results.aec.gov.au/24310/Website/HouseDivisionPage-24310-322.htm,https://results.aec.gov.au/24310/Website/HouseDop-24310-322.htm,"BURNS, Josh",Australian Labor Party,113802,97092,4288,101380,89.08,12134,4,transfer,"PATON, Helen Lucy",United Australia Party,"ASHMOR, Kate",Liberal,653
Macnamara,https://results.aec.gov.au/24310/Website/HouseDivisionPage-24310-322.htm,https://results.aec.gov.au/24310/Website/HouseDop-24310-322.htm,"BURNS, Josh",Australian Labor Party,113802,97092,4288,101380,89.08,12134,4,transfer,"PATON, Helen Lucy",United Australia Party,"BURNS, Josh",Australian Labor Party,182
Macnamara,https://results.aec.gov.au/24310/Website/HouseDivisionPage-24310-322.htm,https://results.aec.gov.au/24310/Website/HouseDop-24310-322.htm,"BURNS, Josh",Australian Labor Party,113802,97092,4288,101380,89.08,12134,4,transfer,"PATON, Helen Lucy",United Australia Party,"HODGINS-MAY, Steph",The Greens (VIC),126
Macnamara,https://results.aec.gov.au/24310/Website/HouseDivisionPage-24310-322.htm,https://results.aec.gov.au/24310/Website/HouseDop-24310-322.htm,"BURNS, Josh",Australian Labor Party,113802,97092,4288,101380,89.08,12134,4,transfer,"PATON, Helen Lucy",United Australia Party,"McPHERSON, Craig",Animal Justice Party,175
Macnamara,https://results.aec.gov.au/24310/Website/HouseDivisionPage-24310-322.htm,https://results.aec.gov.au/24310/Website/HouseDop-24310-322.htm,"BURNS, Josh",Australian Labor Party,113802,97092,4288,101380,89.08,12134,4,transfer,"PATON, Helen Lucy",United Australia Party,"O'ROURKE, Ruby",Independent,229
Macnamara,https://results.aec.gov.au/24310/Website/HouseDivisionPage-24310-322.htm,https://results.aec.gov.au/24310/Website/HouseDop-24310-322.htm,"BURNS, Josh",Australian Labor Party,113802,97092,4288,101380,89.08,12134,4,progressive,"PATON, Helen Lucy",United Australia Party,"ASHMOR, Kate",Liberal,37359
Macnamara,https://results.aec.gov.au/24310/Website/HouseDivisionPage-24310-322.htm,https://results.aec.gov.au/24310/Website/HouseDop-24310-322.htm,"BURNS, Josh",Australian Labor Party,113802,97092,4288,101380,89.08,12134,4,progressive,"PATON, Helen Lucy",United Australia Party,"BURNS, Josh",Australian Labor Party,31316
Macnamara,https://results.aec.gov.au/24310/Website/HouseDivisionPage-24310-322.htm,https://results.aec.gov.au/24310/Website/HouseDop-24310-322.htm,"BURNS, Josh",Australian Labor Party,113802,97092,4288,101380,89.08,12134,4,progressive,"PATON, Helen Lucy",United Australia Party,"HODGINS-MAY, Steph",The Greens (VIC),24178
Macnamara,https://results.aec.gov.au/24310/Website/HouseDivisionPage-24310-322.htm,https://results.aec.gov.au/24310/Website/HouseDop-24310-322.htm,"BURNS, Josh",Australian Labor Party,113802,97092,4288,101380,89.08,12134,4,progressive,"PATON, Helen Lucy",United Australia Party,"McPHERSON, Craig",Animal Justice Party,2392
Macnamara,https://results.aec.gov.au/24310/Website/HouseDivisionPage-24310-322.htm,https://results.aec.gov.au/24310/Website/HouseDop-24310-322.htm,"BURNS, Josh",Australian Labor Party,113802,97092,4288,101380,89.08,12134,4,progressive,"PATON, Helen Lucy",United Australia Party,"O'ROURKE, Ruby",Independent,1847
Macnamara,https://results.aec.gov.au/24310/Website/HouseDivisionPage-24310-322.htm,https://results.aec.gov.au/24310/Website/HouseDop-24310-322.htm,"BURNS, Josh",Australian Labor Party,113802,97092,4288,101380,89.08,12134,5,transfer,"O'ROURKE, Ruby",Independent,"ASHMOR, Kate",Liberal,394
Macnamara,https://results.aec.gov.au/24310/Website/HouseDivisionPage-24310-322.htm,https://results.aec.gov.au/24310/Website/HouseDop-24310-322.htm,"BURNS, Josh",Australian Labor Party,113802,97092,4288,101380,89.08,12134,5,transfer,"O'ROURKE, Ruby",Independent,"BURNS, Josh",Australian Labor Party,293
Macnamara,https://results.aec.gov.au/24310/Website/HouseDivisionPage-24310-322.htm,https://results.aec.gov.au/24310/Website/HouseDop-24310-322.htm,"BURNS, Josh",Australian Labor Party,113802,97092,4288,101380,89.08,12134,5,transfer,"O'ROURKE, Ruby",Independent,"HODGINS-MAY, Steph",The Greens (VIC),754
Macnamara,https://results.aec.gov.au/24310/Website/HouseDivisionPage-24310-322.htm,https://results.aec.gov.au/24310/Website/HouseDop-24310-322.htm,"BURNS, Josh",Australian Labor Party,113802,97092,4288,101380,89.08,12134,5,transfer,"O'ROURKE, Ruby",Independent,"McPHERSON, Craig",Animal Justice Party,406
Macnamara,https://results.aec.gov.au/24310/Website/HouseDivisionPage-24310-322.htm,https://results.aec.gov.au/24310/Website/HouseDop-24310-322.htm,"BURNS, Josh",Australian Labor Party,113802,97092,4288,101380,89.08,12134,5,progressive,"O'ROURKE, Ruby",Independent,"ASHMOR, Kate",Liberal,37753
Macnamara,https://results.aec.gov.au/24310/Website/HouseDivisionPage-24310-322.htm,https://results.aec.gov.au/24310/Website/HouseDop-24310-322.htm,"BURNS, Josh",Australian Labor Party,113802,97092,4288,101380,89.08,12134,5,progressive,"O'ROURKE, Ruby",Independent,"BURNS, Josh",Australian Labor Party,31609
Macnamara,https://results.aec.gov.au/24310/Website/HouseDivisionPage-24310-322.htm,https://results.aec.gov.au/24310/Website/HouseDop-24310-322.htm,"BURNS, Josh",Australian Labor Party,113802,97092,4288,101380,89.08,12134,5,progressive,"O'ROURKE, Ruby",Independent,"HODGINS-MAY, Steph",The Greens (VIC),24932
Macnamara,https://results.aec.gov.au/24310/Website/HouseDivisionPage-24310-322.htm,https://results.aec.gov.au/24310/Website/HouseDop-24310-322.htm,"BURNS, Josh",Australian Labor Party,113802,97092,4288,101380,89.08,12134,5,progressive,"O'ROURKE, Ruby",Independent,"McPHERSON, Craig",Animal Justice Party,2798
Macnamara,https://results.aec.gov.au/24310/Website/HouseDivisionPage-24310-322.htm,https://results.aec.gov.au/24310/Website/HouseDop-24310-322.htm,"BURNS, Josh",Australian Labor Party,113802,97092,4288,101380,89.08,12134,6,transfer,"McPHERSON, Craig",Animal Justice Party,"ASHMOR, Kate",Liberal,611
Macnamara,https://results.aec.gov.au/24310/Website/HouseDivisionPage-24310-322.htm,https://results.aec.gov.au/24310/Website/HouseDop-24310-322.htm,"BURNS, Josh",Australian Labor Party,113802,97092,4288,101380,89.08,12134,6,transfer,"McPHERSON, Craig",Animal Justice Party,"BURNS, Josh",Australian Labor Party,582
Macnamara,https://results.aec.gov.au/24310/Website/HouseDivisionPage-24310-322.htm,https://results.aec.gov.au/24310/Website/HouseDop-24310-322.htm,"BURNS, Josh",Australian Labor Party,113802,97092,4288,101380,89.08,12134,6,transfer,"McPHERSON, Craig",Animal Justice Party,"HODGINS-MAY, Steph",The Greens (VIC),1605
Macnamara,https://results.aec.gov.au/24310/Website/HouseDivisionPage-24310-322.htm,https://results.aec.gov.au/24310/Website/HouseDop-24310-322.htm,"BURNS, Josh",Australian Labor Party,113802,97092,4288,101380,89.08,12134,6,progressive,"McPHERSON, Craig",Animal Justice Party,"ASHMOR, Kate",Liberal,38364
Macnamara,https://results.aec.gov.au/24310/Website/HouseDivisionPage-24310-322.htm,https://results.aec.gov.au/24310/Website/HouseDop-24310-322.htm,"BURNS, Josh",Australian Labor Party,113802,97092,4288,101380,89.08,12134,6,progressive,"McPHERSON, Craig",Animal Justice Party,"BURNS, Josh",Australian Labor Party,32191
Macnamara,https://results.aec.gov.au/24310/Website/HouseDivisionPage-24310-322.htm,https://results.aec.gov.au/24310/Website/HouseDop-24310-322.htm,"BURNS, Josh",Australian Labor Party,113802,97092,4288,101380,89.08,12134,6,progressive,"McPHERSON, Craig",Animal Justice Party,"HODGINS-MAY, Steph",The Greens (VIC),26537
Macnamara,https://results.aec.gov.au/24310/Website/HouseDivisionPage-24310-322.htm,https://results.aec.gov.au/24310/Website/HouseDop-24310-322.htm,"BURNS, Josh",Australian Labor Party,113802,97092,4288,101380,89.08,12134,7,transfer,"HODGINS-MAY, Steph",The Greens (VIC),"ASHMOR, Kate",Liberal,4115
Macnamara,https://results.aec.gov.au/24310/Website/HouseDivisionPage-24310-322.htm,https://results.aec.gov.au/24310/Website/HouseDop-24310-322.htm,"BURNS, Josh",Australian Labor Party,113802,97092,4288,101380,89.08,12134,7,transfer,"HODGINS-MAY, Steph",The Greens (VIC),"BURNS, Josh",Australian Labor Party,22422
Macnamara,https://results.aec.gov.au/24310/Website/HouseDivisionPage-24310-322.htm,https://results.aec.gov.au/24310/Website/HouseDop-24310-322.htm,"BURNS, Josh",Australian Labor Party,113802,97092,4288,101380,89.08,12134,7,final,"HODGINS-MAY, Steph",The Greens (VIC),"BURNS, Josh",Australian Labor Party,54613
Macnamara,https://results.aec.gov.au/24310/Website/HouseDivisionPage-24310-322.htm,https://results.aec.gov.au/24310/Website/HouseDop-24310-322.htm,"BURNS, Josh",Australian Labor Party,113802,97092,4288,101380,89.08,12134,7,final,"HODGINS-MAY, Steph",The Greens (VIC),"ASHMOR, Kate",Liberal,42479
Mallee,https://results.aec.gov.au/24310/Website/HouseDivisionPage-24310-224.htm,https://results.aec.gov.au/24310/Website/HouseDop-24310-224.htm,"WEBSTER, Anne",The Nationals,113767,93827,11792,105619,92.84,30459,0,first,,,"WEBSTER, Anne",The Nationals,26142
Mallee,https://results.aec.gov.au/24310/Website/HouseDivisionPage-24310-224.htm,https://results.aec.gov.au/24310/Website/HouseDop-24310-224.htm,"WEBSTER, Anne",The Nationals,113767,93827,11792,105619,92.84,30459,0,first,,,"PETROVICH, Serge",Liberal,17665
Mallee,https://results.aec.gov.au/24310/Website/HouseDivisionPage-24310-224.htm,https://results.aec.gov.au/24310/Website/HouseDop-24310-224.htm,"WEBSTER, Anne",The Nationals,113767,93827,11792,105619,92.84,30459,0,first,,,"HART, Carole",Australian Labor Party,14722
Mallee,https://results.aec.gov.au/24310/Website/HouseDivisionPage-24310-224.htm,https://results.aec.gov.au/24310/Website/HouseDop-24310-224.htm,"WEBSTER, Anne",The Nationals,113767,93827,11792,105619,92.84,30459,0,first,,,"MODICA, Jason Mark",Independent,8795
Mallee,https://results.aec.gov.au/24310/Website/HouseDivisionPage-24310-224.htm,https://results.aec.gov.au/24310/Website/HouseDop-24310-224.htm,"WEBSTER, Anne",The Nationals,113767,93827,11792,105619,92.84,30459,0,first,,,"KINGSTON, Ray",Independent,8621
Mallee,https://results.aec.gov.au/24310/Website/HouseDivisionPage-24310-224.htm,https://results.aec.gov.au/24310/Website/HouseDop-24310-224.htm,"WEBSTER, Anne",The Nationals,113767,93827,11792,105619,92.84,30459,0,first,,,"STRAUB, Dan","Shooters, Fishers and Farmers",5512
Mallee,https://results.aec.gov.au/24310/Website/HouseDivisionPage-24310-224.htm,https://results.aec.gov.au/24310/Website/HouseDop-24310-224.htm,"WEBSTER, Anne",The Nationals,113767,93827,11792,105619,92.84,30459,0,first,,,"ROWAN, Nicole",The Greens (VIC),3297
Mallee,https://results.aec.gov.au/24310/Website/HouseDivisionPage-24310-224.htm,https://results.aec.gov.au/24310/Website/HouseDop-24310-224.htm,"WEBSTER, Anne",The Nationals,113767,93827,11792,105619,92.84,30459,0,first,,,"MILLAR, Rick",United Australia Party,3171
Mallee,https://results.aec.gov.au/24310/Website/HouseDivisionPage-24310-224.htm,https://results.aec.gov.au/24310/Website/HouseDop-24310-224.htm,"WEBSTER, Anne",The Nationals,113767,93827,11792,105619,92.84,30459,0,first,,,"MOAR, Cecilia",Independent,2761
Mallee,https://results.aec.gov.au/24310/Website/HouseDivisionPage-24310-224.htm,https://results.aec.gov.au/24310/Website/HouseDop-24310-224.htm,"WEBSTER, Anne",The Nationals,113767,93827,11792,105619,92.84,30459,0,first,,,"GROSVENOR, Rick",FRASER ANNING'S CONSERVATIVE NATIONAL PARTY,1309
Mallee,https://results.aec.gov.au/24310/Website/HouseDivisionPage-24310-224.htm,https://results.aec.gov.au/24310/Website/HouseDop-24310-224.htm,"WEBSTER, Anne",The Nationals,113767,93827,11792,105619,92.84,30459,0,first,,,"MOLLISON, Philip",Rise Up Australia Party,919
Mallee,https://results.aec.gov.au/24310/Website/HouseDivisionPage-24310-224.htm,https://results.aec.gov.au/24310/Website/HouseDop-24310-224.htm,"WEBSTER, Anne",The Nationals,113767,93827,11792,105619,92.84,30459,0,first,,,"FIRMAN, Leigh",Science Party,497
Mallee,https://results.aec.gov.au/24310/Website/HouseDivisionPage-24310-224.htm,https://results.aec.gov.au/24310/Website/HouseDop-24310-224.htm,"WEBSTER, Anne",The Nationals,113767,93827,11792,105619,92.84,30459,0,first,,,"LAHY, Chris",Citizens Electoral Council,416
Mallee,https://results.aec.gov.au/24310/Website/HouseDivisionPage-24310-224.htm,https://results.aec.gov.au/24310/Website/HouseDop-24310-224.htm,"WEBSTER, Anne",The Nationals,113767,93827,11792,105619,92.84,30459,1,transfer,"LAHY, Chris",Citizens Electoral Council,"FIRMAN, Leigh",Science Party,20
Mallee,https://results.aec.gov.au/24310/Website/HouseDivisionPage-24310-224.htm,https://results.aec.gov.au/24310/Website/HouseDop-24310-224.htm,"WEBSTER, Anne",The Nationals,113767,93827,11792,105619,92.84,30459,1,transfer,"LAHY, Chris",Citizens Electoral Council,"GROSVENOR, Rick",FRASER ANNING'S CONSERVATIVE NATIONAL PARTY,25
Mallee,https://results.aec.gov.au/24310/Website/HouseDivisionPage-24310-224.htm,https://results.aec.gov.au/24310/Website/HouseDop-24310-224.htm,"WEBSTER, Anne",The Nationals,113767,93827,11792,105619,92.84,30459,1,transfer,"LAHY, Chris",Citizens Electoral Council,"HART, Carole",Australian Labor Party,39
Mallee,https://results.aec.gov.au/24310/Website/HouseDivisionPage-24310-224.htm,https://results.aec.gov.au/24310/Website/HouseDop-24310-224.htm,"WEBSTER, Anne",The Nationals,113767,93827,11792,105619,92.84,30459,1,transfer,"LAHY, Chris",Citizens Electoral Council,"KINGSTON, Ray",Independent,31
Mallee,https://results.aec.gov.au/24310/Website/HouseDivisionPage-24310-224.htm,https://results.aec.gov.au/24310/Website/HouseDop-24310-224.htm,"WEBSTER, Anne",The Nationals,113767,93827,11792,105619,92.84,30459,1,transfer,"LAHY, Chris",Citizens Electoral Council,"MILLAR, Rick",United Australia Party,11
Mallee,https://results.aec.gov.au/24310/Website/HouseDivisionPage-24310-224.htm,https://results.aec.gov.au/24310/Website/HouseDop-24310-224.htm,"WEBSTER, Anne",The Nationals,113767,93827,11792,105619,92.84,30459,1,transfer,"LAHY, Chris",Citizens Electoral Council,"MOAR, Cecilia",Independent,31
Mallee,https://results.aec.gov.au/24310/Website/HouseDivisionPage-24310-224.htm,https://results.aec.gov.au/24310/Website/HouseDop-24310-224.htm,"WEBSTER, Anne",The Nationals,113767,93827,11792,105619,92.84,30459,1,transfer,"LAHY, Chris",Citizens Electoral Council,"MODICA, Jason Mark",Independent,43
Mallee,https://results.aec.gov.au/24310/Website/HouseDivisionPage-24310-224.htm,https://results.aec.gov.au/24310/Website/HouseDop-24310-224.htm,"WEBSTER, Anne",The Nationals,113767,93827,11792,105619,92.84,30459,1,transfer,"LAHY, Chris",Citizens Electoral Council,"MOLLISON, Philip",Rise Up Australia Party,56
Mallee,https://results.aec.gov.au/24310/Website/HouseDivisionPage-24310-224.htm,https://results.aec.gov.au/24310/Website/HouseDop-24310-224.htm,"WEBSTER, Anne",The Nationals,113767,93827,11792,105619,92.84,30459,1,transfer,"LAHY, Chris",Citizens Electoral Council,"PETROVICH, Serge",Liberal,55
Mallee,https://results.aec.gov.au/24310/Website/HouseDivisionPage-24310-224.htm,https://results.aec.gov.au/24310/Website/HouseDop-24310-224.htm,"WEBSTER, Anne",The Nationals,113767,93827,11792,105619,92.84,30459,1,transfer,"LAHY, Chris",Citizens Electoral Council,"ROWAN, Nicole",The Greens (VIC),12
Mallee,https://results.aec.gov.au/24310/Website/HouseDivisionPage-24310-224.htm,https://results.aec.gov.au/24310/Website/HouseDop-24310-224.htm,"WEBSTER, Anne",The Nationals,113767,93827,11792,105619,92.84,30459,1,transfer,"LAHY, Chris",Citizens Electoral Council,"STRAUB, Dan","Shooters, Fishers and Farmers",17
Mallee,https://results.aec.gov.au/24310/Website/HouseDivisionPage-24310-224.htm,https://results.aec.gov.au/24310/Website/HouseDop-24310-224.htm,"WEBSTER, Anne",The Nationals,113767,93827,11792,105619,92.84,30459,1,transfer,"LAHY, Chris",Citizens Electoral Council,"WEBSTER, Anne",The Nationals,76
Mallee,https://results.aec.gov.au/24310/Website/HouseDivisionPage-24310-224.htm,https://results.aec.gov.au/24310/Website/HouseDop-24310-224.htm,"WEBSTER, Anne",The Nationals,113767,93827,11792,105619,92.84,30459,1,progressive,"LAHY, Chris",Citizens Electoral Council,"WEBSTER, Anne",The Nationals,26218
Mallee,https://results.aec.gov.au/24310/Website/HouseDivisionPage-24310-224.htm,https://results.aec.gov.au/24310/Website/HouseDop-24310-224.htm,"WEBSTER, Anne",The Nationals,113767,93827,11792,105619,92.84,30459,1,progressive,"LAHY, Chris",Citizens Electoral Council,"PETROVICH, Serge",Liberal,17720
Mallee,https://results.aec.gov.au/24310/Website/HouseDivisionPage-24310-224.htm,https://results.aec.gov.au/24310/Website/HouseDop-24310-224.htm,"WEBSTER, Anne",The Nationals,113767,93827,11792,105619,92.84,30459,1,progressive,"LAHY, Chris",Citizens Electoral Council,"HART, Carole",Australian Labor Party,14761
Mallee,https://results.aec.gov.au/24310/Website/HouseDivisionPage-24310-224.htm,https://results.aec.gov.au/24310/Website/HouseDop-24310-224.htm,"WEBSTER, Anne",The Nationals,113767,93827,11792,105619,92.84,30459,1,progressive,"LAHY, Chris",Citizens Electoral Council,"MODICA, Jason Mark",Independent,8838
Mallee,https://results.aec.gov.au/24310/Website/HouseDivisionPage-24310-224.htm,https://results.aec.gov.au/24310/Website/HouseDop-24310-224.htm,"WEBSTER, Anne",The Nationals,113767,93827,11792,105619,92.84,30459,1,progressive,"LAHY, Chris",Citizens Electoral Council,"KINGSTON, Ray",Independent,8652
Mallee,https://results.aec.gov.au/24310/Website/HouseDivisionPage-24310-224.htm,https://results.aec.gov.au/24310/Website/HouseDop-24310-224.htm,"WEBSTER, Anne",The Nationals,113767,93827,11792,105619,92.84,30459,1,progressive,"LAHY, Chris",Citizens Electoral Council,"STRAUB, Dan","Shooters, Fishers and Farmers",5529
Mallee,https://results.aec.gov.au/24310/Website/HouseDivisionPage-24310-224.htm,https://results.aec.gov.au/24310/Website/HouseDop-24310-224.htm,"WEBSTER, Anne",The Nationals,113767,93827,11792,105619,92.84,30459,1,progressive,"LAHY, Chris",Citizens Electoral Council,"ROWAN, Nicole",The Greens (VIC),3309
Mallee,https://results.aec.gov.au/24310/Website/HouseDivisionPage-24310-224.htm,https://results.aec.gov.au/24310/Website/HouseDop-24310-224.htm,"WEBSTER, Anne",The Nationals,113767,93827,11792,105619,92.84,30459,1,progressive,"LAHY, Chris",Citizens Electoral Council,"MILLAR, Rick",United Australia Party,3182
Mallee,https://results.aec.gov.au/24310/Website/HouseDivisionPage-24310-224.htm,https://results.aec.gov.au/24310/Website/HouseDop-24310-224.htm,"WEBSTER, Anne",The Nationals,113767,93827,11792,105619,92.84,30459,1,progressive,"LAHY, Chris",Citizens Electoral Council,"MOAR, Cecilia",Independent,2792
Mallee,https://results.aec.gov.au/24310/Website/HouseDivisionPage-24310-224.htm,https://results.aec.gov.au/24310/Website/HouseDop-24310-224.htm,"WEBSTER, Anne",The Nationals,113767,93827,11792,105619,92.84,30459,1,progressive,"LAHY, Chris",Citizens Electoral Council,"GROSVENOR, Rick",FRASER ANNING'S CONSERVATIVE NATIONAL PARTY,1334
Mallee,https://results.aec.gov.au/24310/Website/HouseDivisionPage-24310-224.htm,https://results.aec.gov.au/24310/Website/HouseDop-24310-224.htm,"WEBSTER, Anne",The Nationals,113767,93827,11792,105619,92.84,30459,1,progressive,"LAHY, Chris",Citizens Electoral Council,"MOLLISON, Philip",Rise Up Australia Party,975
Mallee,https://results.aec.gov.au/24310/Website/HouseDivisionPage-24310-224.htm,https://results.aec.gov.au/24310/Website/HouseDop-24310-224.htm,"WEBSTER, Anne",The Nationals,113767,93827,11792,105619,92.84,30459,1,progressive,"LAHY, Chris",Citizens Electoral Council,"FIRMAN, Leigh",Science Party,517
Mallee,https://results.aec.gov.au/24310/Website/HouseDivisionPage-24310-224.htm,https://results.aec.gov.au/24310/Website/HouseDop-24310-224.htm,"WEBSTER, Anne",The Nationals,113767,93827,11792,105619,92.84,30459,2,transfer,"FIRMAN, Leigh",Science Party,"GROSVENOR, Rick",FRASER ANNING'S CONSERVATIVE NATIONAL PARTY,23
Mallee,https://results.aec.gov.au/24310/Website/HouseDivisionPage-24310-224.htm,https://results.aec.gov.au/24310/Website/HouseDop-24310-224.htm,"WEBSTER, Anne",The Nationals,113767,93827,11792,105619,92.84,30459,2,transfer,"FIRMAN, Leigh",Science Party,"HART, Carole",Australian Labor Party,73
Mallee,https://results.aec.gov.au/24310/Website/HouseDivisionPage-24310-224.htm,https://results.aec.gov.au/24310/Website/HouseDop-24310-224.htm,"WEBSTER, Anne",The Nationals,113767,93827,11792,105619,92.84,30459,2,transfer,"FIRMAN, Leigh",Science Party,"KINGSTON, Ray",Independent,87
Mallee,https://results.aec.gov.au/24310/Website/HouseDivisionPage-24310-224.htm,https://results.aec.gov.au/24310/Website/HouseDop-24310-224.htm,"WEBSTER, Anne",The Nationals,113767,93827,11792,105619,92.84,30459,2,transfer,"FIRMAN, Leigh",Science Party,"MILLAR, Rick",United Australia Party,18
Mallee,https://results.aec.gov.au/24310/Website/HouseDivisionPage-24310-224.htm,https://results.aec.gov.au/24310/Website/HouseDop-24310-224.htm,"WEBSTER, Anne",The Nationals,113767,93827,11792,105619,92.84,30459,2,transfer,"FIRMAN, Leigh",Science Party,"MOAR, Cecilia",Independent,41
Mallee,https://results.aec.gov.au/24310/Website/HouseDivisionPage-24310-224.htm,https://results.aec.gov.au/24310/Website/HouseDop-24310-224.htm,"WEBSTER, Anne",The Nationals,113767,93827,11792,105619,92.84,30459,2,transfer,"FIRMAN, Leigh",Science Party,"MODICA, Jason Mark",Independent,32
Mallee,https://results.aec.gov.au/24310/Website/HouseDivisionPage-24310-224.htm,https://results.aec.gov.au/24310/Website/HouseDop-24310-224.htm,"WEBSTER, Anne",The Nationals,113767,93827,11792,105619,92.84,30459,2,transfer,"FIRMAN, Leigh",Science Party,"MOLLISON, Philip",Rise Up Australia Party,31
Mallee,https://results.aec.gov.au/24310/Website/HouseDivisionPage-24310-224.htm,https://results.aec.gov.au/24310/Website/HouseDop-24310-224.htm,"WEBSTER, Anne",The Nationals,113767,93827,11792,105619,92.84,30459,2,transfer,"FIRMAN, Leigh",Science Party,"PETROVICH, Serge",Liberal,35
Mallee,https://results.aec.gov.au/24310/Website/HouseDivisionPage-24310-224.htm,https://results.aec.gov.au/24310/Website/HouseDop-24310-224.htm,"WEBSTER, Anne",The Nationals,113767,93827,11792,105619,92.84,30459,2,transfer,"FIRMAN, Leigh",Science Party,"ROWAN, Nicole",The Greens (VIC),67
Mallee,https://results.aec.gov.au/24310/Website/HouseDivisionPage-24310-224.htm,https://results.aec.gov.au/24310/Website/HouseDop-24310-224.htm,"WEBSTER, Anne",The Nationals,113767,93827,11792,105619,92.84,30459,2,transfer,"FIRMAN, Leigh",Science Party,"STRAUB, Dan","Shooters, Fishers and Farmers",80
Mallee,https://results.aec.gov.au/24310/Website/HouseDivisionPage-24310-224.htm,https://results.aec.gov.au/24310/Website/HouseDop-24310-224.htm,"WEBSTER, Anne",The Nationals,113767,93827,11792,105619,92.84,30459,2,transfer,"FIRMAN, Leigh",Science Party,"WEBSTER, Anne",The Nationals,30
Mallee,https://results.aec.gov.au/24310/Website/HouseDivisionPage-24310-224.htm,https://results.aec.gov.au/24310/Website/HouseDop-24310-224.htm,"WEBSTER, Anne",The Nationals,113767,93827,11792,105619,92.84,30459,2,progressive,"FIRMAN, Leigh",Science Party,"WEBSTER, Anne",The Nationals,26248
Mallee,https://results.aec.gov.au/24310/Website/HouseDivisionPage-24310-224.htm,https://results.aec.gov.au/24310/Website/HouseDop-24310-224.htm,"WEBSTER, Anne",The Nationals,113767,93827,11792,105619,92.84,30459,2,progressive,"FIRMAN, Leigh",Science Party,"PETROVICH, Serge",Liberal,17755
Mallee,https://results.aec.gov.au/24310/Website/HouseDivisionPage-24310-224.htm,https://results.aec.gov.au/24310/Website/HouseDop-24310-224.htm,"WEBSTER, Anne",The Nationals,113767,93827,11792,105619,92.84,30459,2,progressive,"FIRMAN, Leigh",Science Party,"HART, Carole",Australian Labor Party,14834
Mallee,https://results.aec.gov.au/24310/Website/HouseDivisionPage-24310-224.htm,https://results.aec.gov.au/24310/Website/HouseDop-24310-224.htm,"WEBSTER, Anne",The Nationals,113767,93827,11792,105619,92.84,30459,2,progressive,"FIRMAN, Leigh",Science Party,"MODICA, Jason Mark",Independent,8870
Mallee,https://results.aec.gov.au/24310/Website/HouseDivisionPage-24310-224.htm,https://results.aec.gov.au/24310/Website/HouseDop-24310-224.htm,"WEBSTER, Anne",The Nationals,113767,93827,11792,105619,92.84,30459,2,progressive,"FIRMAN, Leigh",Science Party,"KINGSTON, Ray",Independent,8739
Mallee,https://results.aec.gov.au/24310/Website/HouseDivisionPage-24310-224.htm,https://results.aec.gov.au/24310/Website/HouseDop-24310-224.htm,"WEBSTER, Anne",The Nationals,113767,93827,11792,105619,92.84,30459,2,progressive,"FIRMAN, Leigh",Science Party,"STRAUB, Dan","Shooters, Fishers and Farmers",5609
Mallee,https://results.aec.gov.au/24310/Website/HouseDivisionPage-24310-224.htm,https://results.aec.gov.au/24310/Website/HouseDop-24310-224.htm,"WEBSTER, Anne",The Nationals,113767,93827,11792,105619,92.84,30459,2,progressive,"FIRMAN, Leigh",Science Party,"ROWAN, Nicole",The Greens (VIC),3376
Mallee,https://results.aec.gov.au/24310/Website/HouseDivisionPage-24310-224.htm,https://results.aec.gov.au/24310/Website/HouseDop-24310-224.htm,"WEBSTER, Anne",The Nationals,113767,93827,11792,105619,92.84,30459,2,progressive,"FIRMAN, Leigh",Science Party,"MILLAR, Rick",United Australia Party,3200
Mallee,https://results.aec.gov.au/24310/Website/HouseDivisionPage-24310-224.htm,https://results.aec.gov.au/24310/Website/HouseDop-24310-224.htm,"WEBSTER, Anne",The Nationals,113767,93827,11792,105619,92.84,30459,2,progressive,"FIRMAN, Leigh",Science Party,"MOAR, Cecilia",Independent,2833
Mallee,https://results.aec.gov.au/24310/Website/HouseDivisionPage-24310-224.htm,https://results.aec.gov.au/24310/Website/HouseDop-24310-224.htm,"WEBSTER, Anne",The Nationals,113767,93827,11792,105619,92.84,30459,2,progressive,"FIRMAN, Leigh",Science Party,"GROSVENOR, Rick",FRASER ANNING'S CONSERVATIVE NATIONAL PARTY,1357
Mallee,https://results.aec.gov.au/24310/Website/HouseDivisionPage-24310-224.htm,https://results.aec.gov.au/24310/Website/HouseDop-24310-224.htm,"WEBSTER, Anne",The Nationals,113767,93827,11792,105619,92.84,30459,2,progressive,"FIRMAN, Leigh",Science Party,"MOLLISON, Philip",Rise Up Australia Party,1006
Mallee,https://results.aec.gov.au/24310/Website/HouseDivisionPage-24310-224.htm,https://results.aec.gov.au/24310/Website/HouseDop-24310-224.htm,"WEBSTER, Anne",The Nationals,113767,93827,11792,105619,92.84,30459,3,transfer,"MOLLISON, Philip",Rise Up Australia Party,"GROSVENOR, Rick",FRASER ANNING'S CONSERVATIVE NATIONAL PARTY,104
Mallee,https://results.aec.gov.au/24310/Website/HouseDivisionPage-24310-224.htm,https://results.aec.gov.au/24310/Website/HouseDop-24310-224.htm,"WEBSTER, Anne",The Nationals,113767,93827,11792,105619,92.84,30459,3,transfer,"MOLLISON, Philip",Rise Up Australia Party,"HART, Carole",Australian Labor Party,138
Mallee,https://results.aec.gov.au/24310/Website/HouseDivisionPage-24310-224.htm,https://results.aec.gov.au/24310/Website/HouseDop-24310-224.htm,"WEBSTER, Anne",The Nationals,113767,93827,11792,105619,92.84,30459,3,transfer,"MOLLISON, Philip",Rise Up Australia Party,"KINGSTON, Ray",Independent,64
Mallee,https://results.aec.gov.au/24310/Website/HouseDivisionPage-24310-224.htm,https://results.aec.gov.au/24310/Website/HouseDop-24310-224.htm,"WEBSTER, Anne",The Nationals,113767,93827,11792,105619,92.84,30459,3,transfer,"MOLLISON, Philip",Rise Up Australia Party,"MILLAR, Rick",United Australia Party,108
Mallee,https://results.aec.gov.au/24310/Website/HouseDivisionPage-24310-224.htm,https://results.aec.gov.au/24310/Website/HouseDop-24310-224.htm,"WEBSTER, Anne",The Nationals,113767,93827,11792,105619,92.84,30459,3,transfer,"MOLLISON, Philip",Rise Up Australia Party,"MOAR, Cecilia",Independent,42
Mallee,https://results.aec.gov.au/24310/Website/HouseDivisionPage-24310-224.htm,https://results.aec.gov.au/24310/Website/HouseDop-24310-224.htm,"WEBSTER, Anne",The Nationals,113767,93827,11792,105619,92.84,30459,3,transfer,"MOLLISON, Philip",Rise Up Australia Party,"MODICA, Jason Mark",Independent,65
Mallee,https://results.aec.gov.au/24310/Website/HouseDivisionPage-24310-224.htm,https://results.aec.gov.au/24310/Website/HouseDop-24310-224.htm,"WEBSTER, Anne",The Nationals,113767,93827,11792,105619,92.84,30459,3,transfer,"MOLLISON, Philip",Rise Up Australia Party,"PETROVICH, Serge",Liberal,162
Mallee,https://results.aec.gov.au/24310/Website/HouseDivisionPage-24310-224.htm,https://results.aec.gov.au/24310/Website/HouseDop-24310-224.htm,"WEBSTER, Anne",The Nationals,113767,93827,11792,105619,92.84,30459,3,transfer,"MOLLISON, Philip",Rise Up Australia Party,"ROWAN, Nicole",The Greens (VIC),25
Mallee,https://results.aec.gov.au/24310/Website/HouseDivisionPage-24310-224.htm,https://results.aec.gov.au/24310/Website/HouseDop-24310-224.htm,"WEBSTER, Anne",The Nationals,113767,93827,11792,105619,92.84,30459,3,transfer,"MOLLISON, Philip",Rise Up Australia Party,"STRAUB, Dan","Shooters, Fishers and Farmers",123
Mallee,https://results.aec.gov.au/24310/Website/HouseDivisionPage-24310-224.htm,https://results.aec.gov.au/24310/Website/HouseDop-24310-224.htm,"WEBSTER, Anne",The Nationals,113767,93827,11792,105619,92.84,30459,3,transfer,"MOLLISON, Philip",Rise Up Australia Party,"WEBSTER, Anne",The Nationals,175
Mallee,https://results.aec.gov.au/24310/Website/HouseDivisionPage-24310-224.htm,https://results.aec.gov.au/24310/Website/HouseDop-24310-224.htm,"WEBSTER, Anne",The Nationals,113767,93827,11792,105619,92.84,30459,3,progressive,"MOLLISON, Philip",Rise Up Australia Party,"WEBSTER, Anne",The Nationals,26423
Mallee,https://results.aec.gov.au/24310/Website/HouseDivisionPage-24310-224.htm,https://results.aec.gov.au/24310/Website/HouseDop-24310-224.htm,"WEBSTER, Anne",The Nationals,113767,93827,11792,105619,92.84,30459,3,progressive,"MOLLISON, Philip",Rise Up Australia Party,"PETROVICH, Serge",Liberal,17917
Mallee,https://results.aec.gov.au/24310/Website/HouseDivisionPage-24310-224.htm,https://results.aec.gov.au/24310/Website/HouseDop-24310-224.htm,"WEBSTER, Anne",The Nationals,113767,93827,11792,105619,92.84,30459,3,progressive,"MOLLISON, Philip",Rise Up Australia Party,"HART, Carole",Australian Labor Party,14972
Mallee,https://results.aec.gov.au/24310/Website/HouseDivisionPage-24310-224.htm,https://results.aec.gov.au/24310/Website/HouseDop-24310-224.htm,"WEBSTER, Anne",The Nationals,113767,93827,11792,105619,92.84,30459,3,progressive,"MOLLISON, Philip",Rise Up Australia Party,"MODICA, Jason Mark",Independent,8935
Mallee,https://results.aec.gov.au/24310/Website/HouseDivisionPage-24310-224.htm,https://results.aec.gov.au/24310/Website/HouseDop-24310-224.htm,"WEBSTER, Anne",The Nationals,113767,93827,11792,105619,92.84,30459,3,progressive,"MOLLISON, Philip",Rise Up Australia Party,"KINGSTON, Ray",Independent,8803
Mallee,https://results.aec.gov.au/24310/Website/HouseDivisionPage-24310-224.htm,https://results.aec.gov.au/24310/Website/HouseDop-24310-224.htm,"WEBSTER, Anne",The Nationals,113767,93827,11792,105619,92.84,30459,3,progressive,"MOLLISON, Philip",Rise Up Australia Party,"STRAUB, Dan","Shooters, Fishers and Farmers",5732
Mallee,https://results.aec.gov.au/24310/Website/HouseDivisionPage-24310-224.htm,https://results.aec.gov.au/24310/Website/HouseDop-24310-224.htm,"WEBSTER, Anne",The Nationals,113767,93827,11792,105619,92.84,30459,3,progressive,"MOLLISON, Philip",Rise Up Australia Party,"ROWAN, Nicole",The Greens (VIC),3401
Mallee,https://results.aec.gov.au/24310/Website/HouseDivisionPage-24310-224.htm,https://results.aec.gov.au/24310/Website/HouseDop-24310-224.htm,"WEBSTER, Anne",The Nationals,113767,93827,11792,105619,92.84,30459,3,progressive,"MOLLISON, Philip",Rise Up Australia Party,"MILLAR, Rick",United Australia Party,3308
Mallee,https://results.aec.gov.au/24310/Website/HouseDivisionPage-24310-224.htm,https://results.aec.gov.au/24310/Website/HouseDop-24310-224.htm,"WEBSTER, Anne",The Nationals,113767,93827,11792,105619,92.84,30459,3,progressive,"MOLLISON, Philip",Rise Up Australia Party,"MOAR, Cecilia",Independent,2875
Mallee,https://results.aec.gov.au/24310/Website/HouseDivisionPage-24310-224.htm,https://results.aec.gov.au/24310/Website/HouseDop-24310-224.htm,"WEBSTER, Anne",The Nationals,113767,93827,11792,105619,92.84,30459,3,progressive,"MOLLISON, Philip",Rise Up Australia Party,"GROSVENOR, Rick",FRASER ANNING'S CONSERVATIVE NATIONAL PARTY,1461
Mallee,https://results.aec.gov.au/24310/Website/HouseDivisionPage-24310-224.htm,https://results.aec.gov.au/24310/Website/HouseDop-24310-224.htm,"WEBSTER, Anne",The Nationals,113767,93827,11792,105619,92.84,30459,4,transfer,"GROSVENOR, Rick",FRASER ANNING'S CONSERVATIVE NATIONAL PARTY,"HART, Carole",Australian Labor Party,57
Mallee,https://results.aec.gov.au/24310/Website/HouseDivisionPage-24310-224.htm,https://results.aec.gov.au/24310/Website/HouseDop-24310-224.htm,"WEBSTER, Anne",The Nationals,113767,93827,11792,105619,92.84,30459,4,transfer,"GROSVENOR, Rick",FRASER ANNING'S CONSERVATIVE NATIONAL PARTY,"KINGSTON, Ray",Independent,91
Mallee,https://results.aec.gov.au/24310/Website/HouseDivisionPage-24310-224.htm,https://results.aec.gov.au/24310/Website/HouseDop-24310-224.htm,"WEBSTER, Anne",The Nationals,113767,93827,11792,105619,92.84,30459,4,transfer,"GROSVENOR, Rick",FRASER ANNING'S CONSERVATIVE NATIONAL PARTY,"MILLAR, Rick",United Australia Party,210
Mallee,https://results.aec.gov.au/24310/Website/HouseDivisionPage-24310-224.htm,https://results.aec.gov.au/24310/Website/HouseDop-24310-224.htm,"WEBSTER, Anne",The Nationals,113767,93827,11792,105619,92.84,30459,4,transfer,"GROSVENOR, Rick",FRASER ANNING'S CONSERVATIVE NATIONAL PARTY,"MOAR, Cecilia",Independent,91
Mallee,https://results.aec.gov.au/24310/Website/HouseDivisionPage-24310-224.htm,https://results.aec.gov.au/24310/Website/HouseDop-24310-224.htm,"WEBSTER, Anne",The Nationals,113767,93827,11792,105619,92.84,30459,4,transfer,"GROSVENOR, Rick",FRASER ANNING'S CONSERVATIVE NATIONAL PARTY,"MODICA, Jason Mark",Independent,171
Mallee,https://results.aec.gov.au/24310/Website/HouseDivisionPage-24310-224.htm,https://results.aec.gov.au/24310/Website/HouseDop-24310-224.htm,"WEBSTER, Anne",The Nationals,113767,93827,11792,105619,92.84,30459,4,transfer,"GROSVENOR, Rick",FRASER ANNING'S CONSERVATIVE NATIONAL PARTY,"PETROVICH, Serge",Liberal,184
Mallee,https://results.aec.gov.au/24310/Website/HouseDivisionPage-24310-224.htm,https://results.aec.gov.au/24310/Website/HouseDop-24310-224.htm,"WEBSTER, Anne",The Nationals,113767,93827,11792,105619,92.84,30459,4,transfer,"GROSVENOR, Rick",FRASER ANNING'S CONSERVATIVE NATIONAL PARTY,"ROWAN, Nicole",The Greens (VIC),17
Mallee,https://results.aec.gov.au/24310/Website/HouseDivisionPage-24310-224.htm,https://results.aec.gov.au/24310/Website/HouseDop-24310-224.htm,"WEBSTER, Anne",The Nationals,113767,93827,11792,105619,92.84,30459,4,transfer,"GROSVENOR, Rick",FRASER ANNING'S CONSERVATIVE NATIONAL PARTY,"STRAUB, Dan","Shooters, Fishers and Farmers",442
Mallee,https://results.aec.gov.au/24310/Website/HouseDivisionPage-24310-224.htm,https://results.aec.gov.au/24310/Website/HouseDop-24310-224.htm,"WEBSTER, Anne",The Nationals,113767,93827,11792,105619,92.84,30459,4,transfer,"GROSVENOR, Rick",FRASER ANNING'S CONSERVATIVE NATIONAL PARTY,"WEBSTER, Anne",The Nationals,198
Mallee,https://results.aec.gov.au/24310/Website/HouseDivisionPage-24310-224.htm,https://results.aec.gov.au/24310/Website/HouseDop-24310-224.htm,"WEBSTER, Anne",The Nationals,113767,93827,11792,105619,92.84,30459,4,progressive,"GROSVENOR, Rick",FRASER ANNING'S CONSERVATIVE NATIONAL PARTY,"WEBSTER, Anne",The Nationals,26621
Mallee,https://results.aec.gov.au/24310/Website/HouseDivisionPage-24310-224.htm,https://results.aec.gov.au/24310/Website/HouseDop-24310-224.htm,"WEBSTER, Anne",The Nationals,113767,93827,11792,105619,92.84,30459,4,progressive,"GROSVENOR, Rick",FRASER ANNING'S CONSERVATIVE NATIONAL PARTY,"PETROVICH, Serge",Liberal,18101
Mallee,https://results.aec.gov.au/24310/Website/HouseDivisionPage-24310-224.htm,https://results.aec.gov.au/24310/Website/HouseDop-24310-224.htm,"WEBSTER, Anne",The Nationals,113767,93827,11792,105619,92.84,30459,4,progressive,"GROSVENOR, Rick",FRASER ANNING'S CONSERVATIVE NATIONAL PARTY,"HART, Carole",Australian Labor Party,15029
Mallee,https://results.aec.gov.au/24310/Website/HouseDivisionPage-24310-224.htm,https://results.aec.gov.au/24310/Website/HouseDop-24310-224.htm,"WEBSTER, Anne",The Nationals,113767,93827,11792,105619,92.84,30459,4,progressive,"GROSVENOR, Rick",FRASER ANNING'S CONSERVATIVE NATIONAL PARTY,"MODICA, Jason Mark",Independent,9106
Mallee,https://results.aec.gov.au/24310/Website/HouseDivisionPage-24310-224.htm,https://results.aec.gov.au/24310/Website/HouseDop-24310-224.htm,"WEBSTER, Anne",The Nationals,113767,93827,11792,105619,92.84,30459,4,progressive,"GROSVENOR, Rick",FRASER ANNING'S CONSERVATIVE NATIONAL PARTY,"KINGSTON, Ray",Independent,8894
Mallee,https://results.aec.gov.au/24310/Website/HouseDivisionPage-24310-224.htm,https://results.aec.gov.au/24310/Website/HouseDop-24310-224.htm,"WEBSTER, Anne",The Nationals,113767,93827,11792,105619,92.84,30459,4,progressive,"GROSVENOR, Rick",FRASER ANNING'S CONSERVATIVE NATIONAL PARTY,"STRAUB, Dan","Shooters, Fishers and Farmers",6174
Mallee,https://results.aec.gov.au/24310/Website/HouseDivisionPage-24310-224.htm,https://results.aec.gov.au/24310/Website/HouseDop-24310-224.htm,"WEBSTER, Anne",The Nationals,113767,93827,11792,105619,92.84,30459,4,progressive,"GROSVENOR, Rick",FRASER ANNING'S CONSERVATIVE NATIONAL PARTY,"MILLAR, Rick",United Australia Party,3518
Mallee,https://results.aec.gov.au/24310/Website/HouseDivisionPage-24310-224.htm,https://results.aec.gov.au/24310/Website/HouseDop-24310-224.htm,"WEBSTER, Anne",The Nationals,113767,93827,11792,105619,92.84,30459,4,progressive,"GROSVENOR, Rick",FRASER ANNING'S CONSERVATIVE NATIONAL PARTY,"ROWAN, Nicole",The Greens (VIC),3418
Mallee,https://results.aec.gov.au/24310/Website/HouseDivisionPage-24310-224.htm,https://results.aec.gov.au/24310/Website/HouseDop-24310-224.htm,"WEBSTER, Anne",The Nationals,113767,93827,11792,105619,92.84,30459,4,progressive,"GROSVENOR, Rick",FRASER ANNING'S CONSERVATIVE NATIONAL PARTY,"MOAR, Cecilia",Independent,2966
Mallee,https://results.aec.gov.au/24310/Website/HouseDivisionPage-24310-224.htm,https://results.aec.gov.au/24310/Website/HouseDop-24310-224.htm,"WEBSTER, Anne",The Nationals,113767,93827,11792,105619,92.84,30459,5,transfer,"MOAR, Cecilia",Independent,"HART, Carole",Australian Labor Party,200
Mallee,https://results.aec.gov.au/24310/Website/HouseDivisionPage-24310-224.htm,https://results.aec.gov.au/24310/Website/HouseDop-24310-224.htm,"WEBSTER, Anne",The Nationals,113767,93827,11792,105619,92.84,30459,5,transfer,"MOAR, Cecilia",Independent,"KINGSTON, Ray",Independent,686
Mallee,https://results.aec.gov.au/24310/Website/HouseDivisionPage-24310-224.htm,https://results.aec.gov.au/24310/Website/HouseDop-24310-224.htm,"WEBSTER, Anne",The Nationals,113767,93827,11792,105619,92.84,30459,5,transfer,"MOAR, Cecilia",Independent,"MILLAR, Rick",United Australia Party,59
Mallee,https://results.aec.gov.au/24310/Website/HouseDivisionPage-24310-224.htm,https://results.aec.gov.au/24310/Website/HouseDop-24310-224.htm,"WEBSTER, Anne",The Nationals,113767,93827,11792,105619,92.84,30459,5,transfer,"MOAR, Cecilia",Independent,"MODICA, Jason Mark",Independent,998
Mallee,https://results.aec.gov.au/24310/Website/HouseDivisionPage-24310-224.htm,https://results.aec.gov.au/24310/Website/HouseDop-24310-224.htm,"WEBSTER, Anne",The Nationals,113767,93827,11792,105619,92.84,30459,5,transfer,"MOAR, Cecilia",Independent,"PETROVICH, Serge",Liberal,379
Mallee,https://results.aec.gov.au/24310/Website/HouseDivisionPage-24310-224.htm,https://results.aec.gov.au/24310/Website/HouseDop-24310-224.htm,"WEBSTER, Anne",The Nationals,113767,93827,11792,105619,92.84,30459,5,transfer,"MOAR, Cecilia",Independent,"ROWAN, Nicole",The Greens (VIC),84
Mallee,https://results.aec.gov.au/24310/Website/HouseDivisionPage-24310-224.htm,https://results.aec.gov.au/24310/Website/HouseDop-24310-224.htm,"WEBSTER, Anne",The Nationals,113767,93827,11792,105619,92.84,30459,5,transfer,"MOAR, Cecilia",Independent,"STRAUB, Dan","Shooters, Fishers and Farmers",103
Mallee,https://results.aec.gov.au/24310/Website/HouseDivisionPage-24310-224.htm,https://results.aec.gov.au/24310/Website/HouseDop-24310-224.htm,"WEBSTER, Anne",The Nationals,113767,93827,11792,105619,92.84,30459,5,transfer,"MOAR, Cecilia",Independent,"WEBSTER, Anne",The Nationals,457
Mallee,https://results.aec.gov.au/24310/Website/HouseDivisionPage-24310-224.htm,https://results.aec.gov.au/24310/Website/HouseDop-24310-224.htm,"WEBSTER, Anne",The Nationals,113767,93827,11792,105619,92.84,30459,5,progressive,"MOAR, Cecilia",Independent,"WEBSTER, Anne",The Nationals,27078
Mallee,https://results.aec.gov.au/24310/Website/HouseDivisionPage-24310-224.htm,https://results.aec.gov.au/24310/Website/HouseDop-24310-224.htm,"WEBSTER, Anne",The Nationals,113767,93827,11792,105619,92.84,30459,5,progressive,"MOAR, Cecilia",Independent,"PETROVICH, Serge",Liberal,18480
Mallee,https://results.aec.gov.au/24310/Website/HouseDivisionPage-24310-224.htm,https://results.aec.gov.au/24310/Website/HouseDop-24310-224.htm,"WEBSTER, Anne",The Nationals,113767,93827,11792,105619,92.84,30459,5,progressive,"MOAR, Cecilia",Independent,"HART, Carole",Australian Labor Party,15229
Mallee,https://results.aec.gov.au/24310/Website/HouseDivisionPage-24310-224.htm,https://results.aec.gov.au/24310/Website/HouseDop-24310-224.htm,"WEBSTER, Anne",The Nationals,113767,93827,11792,105619,92.84,30459,5,progressive,"MOAR, Cecilia",Independent,"MODICA, Jason Mark",Independent,10104
Mallee,https://results.aec.gov.au/24310/Website/HouseDivisionPage-24310-224.htm,https://results.aec.gov.au/24310/Website/HouseDop-24310-224.htm,"WEBSTER, Anne",The Nationals,113767,93827,11792,105619,92.84,30459,5,progressive,"MOAR, Cecilia",Independent,"KINGSTON, Ray",Independent,9580
Mallee,https://results.aec.gov.au/24310/Website/HouseDivisionPage-24310-224.htm,https://results.aec.gov.au/24310/Website/HouseDop-24310-224.htm,"WEBSTER, Anne",The Nationals,113767,93827,11792,105619,92.84,30459,5,progressive,"MOAR, Cecilia",Independent,"STRAUB, Dan","Shooters, Fishers and Farmers",6277
Mallee,https://results.aec.gov.au/24310/Website/HouseDivisionPage-24310-224.htm,https://results.aec.gov.au/24310/Website/HouseDop-24310-224.htm,"WEBSTER, Anne",The Nationals,113767,93827,11792,105619,92.84,30459,5,progressive,"MOAR, Cecilia",Independent,"MILLAR, Rick",United Australia Party,3577
Mallee,https://results.aec.gov.au/24310/Website/HouseDivisionPage-24310-224.htm,https://results.aec.gov.au/24310/Website/HouseDop-24310-224.htm,"WEBSTER, Anne",The Nationals,113767,93827,11792,105619,92.84,30459,5,progressive,"MOAR, Cecilia",Independent,"ROWAN, Nicole",The Greens (VIC),3502
Mallee,https://results.aec.gov.au/24310/Website/HouseDivisionPage-24310-224.htm,https://results.aec.gov.au/24310/Website/HouseDop-24310-224.htm,"WEBSTER, Anne",The Nationals,113767,93827,11792,105619,92.84,30459,6,transfer,"ROWAN, Nicole",The Greens (VIC),"HART, Carole",Australian Labor Party,1137
Mallee,https://results.aec.gov.au/24310/Website/HouseDivisionPage-24310-224.htm,https://results.aec.gov.au/24310/Website/HouseDop-24310-224.htm,"WEBSTER, Anne",The Nationals,113767,93827,11792,105619,92.84,30459,6,transfer,"ROWAN, Nicole",The Greens (VIC),"KINGSTON, Ray",Independent,363
Mallee,https://results.aec.gov.au/24310/Website/HouseDivisionPage-24310-224.htm,https://results.aec.gov.au/24310/Website/HouseDop-24310-224.htm,"WEBSTER, Anne",The Nationals,113767,93827,11792,105619,92.84,30459,6,transfer,"ROWAN, Nicole",The Greens (VIC),"MILLAR, Rick",United Australia Party,376
Mallee,https://results.aec.gov.au/24310/Website/HouseDivisionPage-24310-224.htm,https://results.aec.gov.au/24310/Website/HouseDop-24310-224.htm,"WEBSTER, Anne",The Nationals,113767,93827,11792,105619,92.84,30459,6,transfer,"ROWAN, Nicole",The Greens (VIC),"MODICA, Jason Mark",Independent,752
Mallee,https://results.aec.gov.au/24310/Website/HouseDivisionPage-24310-224.htm,https://results.aec.gov.au/24310/Website/HouseDop-24310-224.htm,"WEBSTER, Anne",The Nationals,113767,93827,11792,105619,92.84,30459,6,transfer,"ROWAN, Nicole",The Greens (VIC),"PETROVICH, Serge",Liberal,301
Mallee,https://results.aec.gov.au/24310/Website/HouseDivisionPage-24310-224.htm,https://results.aec.gov.au/24310/Website/HouseDop-24310-224.htm,"WEBSTER, Anne",The Nationals,113767,93827,11792,105619,92.84,30459,6,transfer,"ROWAN, Nicole",The Greens (VIC),"STRAUB, Dan","Shooters, Fishers and Farmers",313
Mallee,https://results.aec.gov.au/24310/Website/HouseDivisionPage-24310-224.htm,https://results.aec.gov.au/24310/Website/HouseDop-24310-224.htm,"WEBSTER, Anne",The Nationals,113767,93827,11792,105619,92.84,30459,6,transfer,"ROWAN, Nicole",The Greens (VIC),"WEBSTER, Anne",The Nationals,260
Mallee,https://results.aec.gov.au/24310/Website/HouseDivisionPage-24310-224.htm,https://results.aec.gov.au/24310/Website/HouseDop-24310-224.htm,"WEBSTER, Anne",The Nationals,113767,93827,11792,105619,92.84,30459,6,progressive,"ROWAN, Nicole",The Greens (VIC),"WEBSTER, Anne",The Nationals,27338
Mallee,https://results.aec.gov.au/24310/Website/HouseDivisionPage-24310-224.htm,https://results.aec.gov.au/24310/Website/HouseDop-24310-224.htm,"WEBSTER, Anne",The Nationals,113767,93827,11792,105619,92.84,30459,6,progressive,"ROWAN, Nicole",The Greens (VIC),"PETROVICH, Serge",Liberal,18781
Mallee,https://results.aec.gov.au/24310/Website/HouseDivisionPage-24310-224.htm,https://results.aec.gov.au/24310/Website/HouseDop-24310-224.htm,"WEBSTER, Anne",The Nationals,113767,93827,11792,105619,92.84,30459,6,progressive,"ROWAN, Nicole",The Greens (VIC),"HART, Carole",Australian Labor Party,16366
Mallee,https://results.aec.gov.au/24310/Website/HouseDivisionPage-24310-224.htm,https://results.aec.gov.au/24310/Website/HouseDop-24310-224.htm,"WEBSTER, Anne",The Nationals,113767,93827,11792,105619,92.84,30459,6,progressive,"ROWAN, Nicole",The Greens (VIC),"MODICA, Jason Mark",Independent,10856
Mallee,https://results.aec.gov.au/24310/Website/HouseDivisionPage-24310-224.htm,https://results.aec.gov.au/24310/Website/HouseDop-24310-224.htm,"WEBSTER, Anne",The Nationals,113767,93827,11792,105619,92.84,30459,6,progressive,"ROWAN, Nicole",The Greens (VIC),"KINGSTON, Ray",Independent,9943
Mallee,https://results.aec.gov.au/24310/Website/HouseDivisionPage-24310-224.htm,https://results.aec.gov.au/24310/Website/HouseDop-24310-224.htm,"WEBSTER, Anne",The Nationals,113767,93827,11792,105619,92.84,30459,6,progressive,"ROWAN, Nicole",The Greens (VIC),"STRAUB, Dan","Shooters, Fishers and Farmers",6590
Mallee,https://results.aec.gov.au/24310/Website/HouseDivisionPage-24310-224.htm,https://results.aec.gov.au/24310/Website/HouseDop-24310-224.htm,"WEBSTER, Anne",The Nationals,113767,93827,11792,105619,92.84,30459,6,progressive,"ROWAN, Nicole",The Greens (VIC),"MILLAR, Rick",United Australia Party,3953
Mallee,https://results.aec.gov.au/24310/Website/HouseDivisionPage-24310-224.htm,https://results.aec.gov.au/24310/Website/HouseDop-24310-224.htm,"WEBSTER, Anne",The Nationals,113767,93827,11792,105619,92.84,30459,7,transfer,"MILLAR, Rick",United Australia Party,"HART, Carole",Australian Labor Party,304
Mallee,https://results.aec.gov.au/24310/Website/HouseDivisionPage-24310-224.htm,https://results.aec.gov.au/24310/Website/HouseDop-24310-224.htm,"WEBSTER, Anne",The Nationals,113767,93827,11792,105619,92.84,30459,7,transfer,"MILLAR, Rick",United Australia Party,"KINGSTON, Ray",Independent,427
Mallee,https://results.aec.gov.au/24310/Website/HouseDivisionPage-24310-224.htm,https://results.aec.gov.au/24310/Website/HouseDop-24310-224.htm,"WEBSTER, Anne",The Nationals,113767,93827,11792,105619,92.84,30459,7,transfer,"MILLAR, Rick",United Australia Party,"MODICA, Jason Mark",Independent,335
Mallee,https://results.aec.gov.au/24310/Website/HouseDivisionPage-24310-224.htm,https://results.aec.gov.au/24310/Website/HouseDop-24310-224.htm,"WEBSTER, Anne",The Nationals,113767,93827,11792,105619,92.84,30459,7,transfer,"MILLAR, Rick",United Australia Party,"PETROVICH, Serge",Liberal,688
Mallee,https://results.aec.gov.au/24310/Website/HouseDivisionPage-24310-224.htm,https://results.aec.gov.au/24310/Website/HouseDop-24310-224.htm,"WEBSTER, Anne",The Nationals,113767,93827,11792,105619,92.84,30459,7,transfer,"MILLAR, Rick",United Australia Party,"STRAUB, Dan","Shooters, Fishers and Farmers",1319
Mallee,https://results.aec.gov.au/24310/Website/HouseDivisionPage-24310-224.htm,https://results.aec.gov.au/24310/Website/HouseDop-24310-224.htm,"WEBSTER, Anne",The Nationals,113767,93827,11792,105619,92.84,30459,7,transfer,"MILLAR, Rick",United Australia Party,"WEBSTER, Anne",The Nationals,880
Mallee,https://results.aec.gov.au/24310/Website/HouseDivisionPage-24310-224.htm,https://results.aec.gov.au/24310/Website/HouseDop-24310-224.htm,"WEBSTER, Anne",The Nationals,113767,93827,11792,105619,92.84,30459,7,progressive,"MILLAR, Rick",United Australia Party,"WEBSTER, Anne",The Nationals,28218
Mallee,https://results.aec.gov.au/24310/Website/HouseDivisionPage-24310-224.htm,https://results.aec.gov.au/24310/Website/HouseDop-24310-224.htm,"WEBSTER, Anne",The Nationals,113767,93827,11792,105619,92.84,30459,7,progressive,"MILLAR, Rick",United Australia Party,"PETROVICH, Serge",Liberal,19469
Mallee,https://results.aec.gov.au/24310/Website/HouseDivisionPage-24310-224.htm,https://results.aec.gov.au/24310/Website/HouseDop-24310-224.htm,"WEBSTER, Anne",The Nationals,113767,93827,11792,105619,92.84,30459,7,progressive,"MILLAR, Rick",United Australia Party,"HART, Carole",Australian Labor Party,16670
Mallee,https://results.aec.gov.au/24310/Website/HouseDivisionPage-24310-224.htm,https://results.aec.gov.au/24310/Website/HouseDop-24310-224.htm,"WEBSTER, Anne",The Nationals,113767,93827,11792,105619,92.84,30459,7,progressive,"MILLAR, Rick",United Australia Party,"MODICA, Jason Mark",Independent,11191
Mallee,https://results.aec.gov.au/24310/Website/HouseDivisionPage-24310-224.htm,https://results.aec.gov.au/24310/Website/HouseDop-24310-224.htm,"WEBSTER, Anne",The Nationals,113767,93827,11792,105619,92.84,30459,7,progressive,"MILLAR, Rick",United Australia Party,"KINGSTON, Ray",Independent,10370
Mallee,https://results.aec.gov.au/24310/Website/HouseDivisionPage-24310-224.htm,https://results.aec.gov.au/24310/Website/HouseDop-24310-224.htm,"WEBSTER, Anne",The Nationals,113767,93827,11792,105619,92.84,30459,7,progressive,"MILLAR, Rick",United Australia Party,"STRAUB, Dan","Shooters, Fishers and Farmers",7909
Mallee,https://results.aec.gov.au/24310/Website/HouseDivisionPage-24310-224.htm,https://results.aec.gov.au/24310/Website/HouseDop-24310-224.htm,"WEBSTER, Anne",The Nationals,113767,93827,11792,105619,92.84,30459,8,transfer,"STRAUB, Dan","Shooters, Fishers and Farmers","HART, Carole",Australian Labor Party,911
Mallee,https://results.aec.gov.au/24310/Website/HouseDivisionPage-24310-224.htm,https://results.aec.gov.au/24310/Website/HouseDop-24310-224.htm,"WEBSTER, Anne",The Nationals,113767,93827,11792,105619,92.84,30459,8,transfer,"STRAUB, Dan","Shooters, Fishers and Farmers","KINGSTON, Ray",Independent,2238
Mallee,https://results.aec.gov.au/24310/Website/HouseDivisionPage-24310-224.htm,https://results.aec.gov.au/24310/Website/HouseDop-24310-224.htm,"WEBSTER, Anne",The Nationals,113767,93827,11792,105619,92.84,30459,8,transfer,"STRAUB, Dan","Shooters, Fishers and Farmers","MODICA, Jason Mark",Independent,1482
Mallee,https://results.aec.gov.au/24310/Website/HouseDivisionPage-24310-224.htm,https://results.aec.gov.au/24310/Website/HouseDop-24310-224.htm,"WEBSTER, Anne",The Nationals,113767,93827,11792,105619,92.84,30459,8,transfer,"STRAUB, Dan","Shooters, Fishers and Farmers","PETROVICH, Serge",Liberal,1627
Mallee,https://results.aec.gov.au/24310/Website/HouseDivisionPage-24310-224.htm,https://results.aec.gov.au/24310/Website/HouseDop-24310-224.htm,"WEBSTER, Anne",The Nationals,113767,93827,11792,105619,92.84,30459,8,transfer,"STRAUB, Dan","Shooters, Fishers and Farmers","WEBSTER, Anne",The Nationals,1651
Mallee,https://results.aec.gov.au/24310/Website/HouseDivisionPage-24310-224.htm,https://results.aec.gov.au/24310/Website/HouseDop-24310-224.htm,"WEBSTER, Anne",The Nationals,113767,93827,11792,105619,92.84,30459,8,progressive,"STRAUB, Dan","Shooters, Fishers and Farmers","WEBSTER, Anne",The Nationals,29869
Mallee,https://results.aec.gov.au/24310/Website/HouseDivisionPage-24310-224.htm,https://results.aec.gov.au/24310/Website/HouseDop-24310-224.htm,"WEBSTER, Anne",The Nationals,113767,93827,11792,105619,92.84,30459,8,progressive,"STRAUB, Dan","Shooters, Fishers and Farmers","PETROVICH, Serge",Liberal,21096
Mallee,https://results.aec.gov.au/24310/Website/HouseDivisionPage-24310-224.htm,https://results.aec.gov.au/24310/Website/HouseDop-24310-224.htm,"WEBSTER, Anne",The Nationals,113767,93827,11792,105619,92.84,30459,8,progressive,"STRAUB, Dan","Shooters, Fishers and Farmers","HART, Carole",Australian Labor Party,17581
Mallee,https://results.aec.gov.au/24310/Website/HouseDivisionPage-24310-224.htm,https://results.aec.gov.au/24310/Website/HouseDop-24310-224.htm,"WEBSTER, Anne",The Nationals,113767,93827,11792,105619,92.84,30459,8,progressive,"STRAUB, Dan","Shooters, Fishers and Farmers","MODICA, Jason Mark",Independent,12673
Mallee,https://results.aec.gov.au/24310/Website/HouseDivisionPage-24310-224.htm,https://results.aec.gov.au/24310/Website/HouseDop-24310-224.htm,"WEBSTER, Anne",The Nationals,113767,93827,11792,105619,92.84,30459,8,progressive,"STRAUB, Dan","Shooters, Fishers and Farmers","KINGSTON, Ray",Independent,12608
Mallee,https://results.aec.gov.au/24310/Website/HouseDivisionPage-24310-224.htm,https://results.aec.gov.au/24310/Website/HouseDop-24310-224.htm,"WEBSTER, Anne",The Nationals,113767,93827,11792,105619,92.84,30459,9,transfer,"KINGSTON, Ray",Independent,"HART, Carole",Australian Labor Party,1964
Mallee,https://results.aec.gov.au/24310/Website/HouseDivisionPage-24310-224.htm,https://results.aec.gov.au/24310/Website/HouseDop-24310-224.htm,"WEBSTER, Anne",The Nationals,113767,93827,11792,105619,92.84,30459,9,transfer,"KINGSTON, Ray",Independent,"MODICA, Jason Mark",Independent,6624
Mallee,https://results.aec.gov.au/24310/Website/HouseDivisionPage-24310-224.htm,https://results.aec.gov.au/24310/Website/HouseDop-24310-224.htm,"WEBSTER, Anne",The Nationals,113767,93827,11792,105619,92.84,30459,9,transfer,"KINGSTON, Ray",Independent,"PETROVICH, Serge",Liberal,1516
Mallee,https://results.aec.gov.au/24310/Website/HouseDivisionPage-24310-224.htm,https://results.aec.gov.au/24310/Website/HouseDop-24310-224.htm,"WEBSTER, Anne",The Nationals,113767,93827,11792,105619,92.84,30459,9,transfer,"KINGSTON, Ray",Independent,"WEBSTER, Anne",The Nationals,2504
Mallee,https://results.aec.gov.au/24310/Website/HouseDivisionPage-24310-224.htm,https://results.aec.gov.au/24310/Website/HouseDop-24310-224.htm,"WEBSTER, Anne",The Nationals,113767,93827,11792,105619,92.84,30459,9,progressive,"KINGSTON, Ray",Independent,"WEBSTER, Anne",The Nationals,32373
Mallee,https://results.aec.gov.au/24310/Website/HouseDivisionPage-24310-224.htm,https://results.aec.gov.au/24310/Website/HouseDop-24310-224.htm,"WEBSTER, Anne",The Nationals,113767,93827,11792,105619,92.84,30459,9,progressive,"KINGSTON, Ray",Independent,"PETROVICH, Serge",Liberal,22612
Mallee,https://results.aec.gov.au/24310/Website/HouseDivisionPage-24310-224.htm,https://results.aec.gov.au/24310/Website/HouseDop-24310-224.htm,"WEBSTER, Anne",The Nationals,113767,93827,11792,105619,92.84,30459,9,progressive,"KINGSTON, Ray",Independent,"HART, Carole",Australian Labor Party,19545
Mallee,https://results.aec.gov.au/24310/Website/HouseDivisionPage-24310-224.htm,https://results.aec.gov.au/24310/Website/HouseDop-24310-224.htm,"WEBSTER, Anne",The Nationals,113767,93827,11792,105619,92.84,30459,9,progressive,"KINGSTON, Ray",Independent,"MODICA, Jason Mark",Independent,19297
Mallee,https://results.aec.gov.au/24310/Website/HouseDivisionPage-24310-224.htm,https://results.aec.gov.au/24310/Website/HouseDop-24310-224.htm,"WEBSTER, Anne",The Nationals,113767,93827,11792,105619,92.84,30459,10,transfer,"MODICA, Jason Mark",Independent,"HART, Carole",Australian Labor Party,7879
Mallee,https://results.aec.gov.au/24310/Website/HouseDivisionPage-24310-224.htm,https://results.aec.gov.au/24310/Website/HouseDop-24310-224.htm,"WEBSTER, Anne",The Nationals,113767,93827,11792,105619,92.84,30459,10,transfer,"MODICA, Jason Mark",Independent,"PETROVICH, Serge",Liberal,4474
Mallee,https://results.aec.gov.au/24310/Website/HouseDivisionPage-24310-224.htm,https://results.aec.gov.au/24310/Website/HouseDop-24310-224.htm,"WEBSTER, Anne",The Nationals,113767,93827,11792,105619,92.84,30459,10,transfer,"MODICA, Jason Mark",Independent,"WEBSTER, Anne",The Nationals,6944
Mallee,https://results.aec.gov.au/24310/Website/HouseDivisionPage-24310-224.htm,https://results.aec.gov.au/24310/Website/HouseDop-24310-224.htm,"WEBSTER, Anne",The Nationals,113767,93827,11792,105619,92.84,30459,10,progressive,"MODICA, Jason Mark",Independent,"WEBSTER, Anne",The Nationals,39317
Mallee,https://results.aec.gov.au/24310/Website/HouseDivisionPage-24310-224.htm,https://results.aec.gov.au/24310/Website/HouseDop-24310-224.htm,"WEBSTER, Anne",The Nationals,113767,93827,11792,105619,92.84,30459,10,progressive,"MODICA, Jason Mark",Independent,"HART, Carole",Australian Labor Party,27424
Mallee,https://results.aec.gov.au/24310/Website/HouseDivisionPage-24310-224.htm,https://results.aec.gov.au/24310/Website/HouseDop-24310-224.htm,"WEBSTER, Anne",The Nationals,113767,93827,11792,105619,92.84,30459,10,progressive,"MODICA, Jason Mark",Independent,"PETROVICH, Serge",Liberal,27086
Mallee,https://results.aec.gov.au/24310/Website/HouseDivisionPage-24310-224.htm,https://results.aec.gov.au/24310/Website/HouseDop-24310-224.htm,"WEBSTER, Anne",The Nationals,113767,93827,11792,105619,92.84,30459,11,transfer,"PETROVICH, Serge",Liberal,"HART, Carole",Australian Labor Party,4260
Mallee,https://results.aec.gov.au/24310/Website/HouseDivisionPage-24310-224.htm,https://results.aec.gov.au/24310/Website/HouseDop-24310-224.htm,"WEBSTER, Anne",The Nationals,113767,93827,11792,105619,92.84,30459,11,transfer,"PETROVICH, Serge",Liberal,"WEBSTER, Anne",The Nationals,22826
Mallee,https://results.aec.gov.au/24310/Website/HouseDivisionPage-24310-224.htm,https://results.aec.gov.au/24310/Website/HouseDop-24310-224.htm,"WEBSTER, Anne",The Nationals,113767,93827,11792,105619,92.84,30459,11,final,"PETROVICH, Serge",Liberal,"WEBSTER, Anne",The Nationals,62143
Mallee,https://results.aec.gov.au/24310/Website/HouseDivisionPage-24310-224.htm,https://results.aec.gov.au/24310/Website/HouseDop-24310-224.htm,"WEBSTER, Anne",The Nationals,113767,93827,11792,105619,92.84,30459,11,final,"PETROVICH, Serge",Liberal,"HART, Carole",Australian Labor Party,31684
Maribyrnong,https://results.aec.gov.au/24310/Website/HouseDivisionPage-24310-225.htm,https://results.aec.gov.au/24310/Website/HouseDop-24310-225.htm,"SHORTEN, Bill",Australian Labor Party,112866,100924,3014,103938,92.09,22610,0,first,,,"SHORTEN, Bill",Australian Labor Party,47487
Maribyrnong,https://results.aec.gov.au/24310/Website/HouseDivisionPage-24310-225.htm,https://results.aec.gov.au/24310/Website/HouseDop-24310-225.htm,"SHORTEN, Bill",Australian Labor Party,112866,100924,3014,103938,92.09,22610,0,first,,,"STOW, Christine",Liberal,34877
Maribyrnong,https://results.aec.gov.au/24310/Website/HouseDivisionPage-24310-225.htm,https://results.aec.gov.au/24310/Website/HouseDop-24310-225.htm,"SHORTEN, Bill",Australian Labor Party,112866,100924,3014,103938,92.09,22610,0,first,,,"WILLIAMS, James",The Greens (VIC),14943
Maribyrnong,https://results.aec.gov.au/24310/Website/HouseDivisionPage-24310-225.htm,https://results.aec.gov.au/24310/Website/HouseDop-24310-225.htm,"SHORTEN, Bill",Australian Labor Party,112866,100924,3014,103938,92.09,22610,0,first,,,"HASAN, MD Sarwar",United Australia Party,3617
Maribyrnong,https://results.aec.gov.au/24310/Website/HouseDivisionPage-24310-225.htm,https://results.aec.gov.au/24310/Website/HouseDop-24310-225.htm,"SHORTEN, Bill",Australian Labor Party,112866,100924,3014,103938,92.09,22610,1,transfer,"HASAN, MD Sarwar",United Australia Party,"SHORTEN, Bill",Australian Labor Party,730
Maribyrnong,https://results.aec.gov.au/24310/Website/HouseDivisionPage-24310-225.htm,https://results.aec.gov.au/24310/Website/HouseDop-24310-225.htm,"SHORTEN, Bill",Australian Labor Party,112866,100924,3014,103938,92.09,22610,1,transfer,"HASAN, MD Sarwar",United Australia Party,"STOW, Christine",Liberal,1697
Maribyrnong,https://results.aec.gov.au/24310/Website/HouseDivisionPage-24310-225.htm,https://results.aec.gov.au/24310/Website/HouseDop-24310-225.htm,"SHORTEN, Bill",Australian Labor Party,112866,100924,3014,103938,92.09,22610,1,transfer,"HASAN, MD Sarwar",United Australia Party,"WILLIAMS, James",The Greens (VIC),1190
Maribyrnong,https://results.aec.gov.au/24310/Website/HouseDivisionPage-24310-225.htm,https://results.aec.gov.au/24310/Website/HouseDop-24310-225.htm,"SHORTEN, Bill",Australian Labor Party,112866,100924,3014,103938,92.09,22610,1,progressive,"HASAN, MD Sarwar",United Australia Party,"SHORTEN, Bill",Australian Labor Party,48217
Maribyrnong,https://results.aec.gov.au/24310/Website/HouseDivisionPage-24310-225.htm,https://results.aec.gov.au/24310/Website/HouseDop-24310-225.htm,"SHORTEN, Bill",Australian Labor Party,112866,100924,3014,103938,92.09,22610,1,progressive,"HASAN, MD Sarwar",United Australia Party,"STOW, Christine",Liberal,36574
Maribyrnong,https://results.aec.gov.au/24310/Website/HouseDivisionPage-24310-225.htm,https://results.aec.gov.au/24310/Website/HouseDop-24310-225.htm,"SHORTEN, Bill",Australian Labor Party,112866,100924,3014,103938,92.09,22610,1,progressive,"HASAN, MD Sarwar",United Australia Party,"WILLIAMS, James",The Greens (VIC),16133
Maribyrnong,https://results.aec.gov.au/24310/Website/HouseDivisionPage-24310-225.htm,https://results.aec.gov.au/24310/Website/HouseDop-24310-225.htm,"SHORTEN, Bill",Australian Labor Party,112866,100924,3014,103938,92.09,22610,2,transfer,"WILLIAMS, James",The Greens (VIC),"SHORTEN, Bill",Australian Labor Party,13550
Maribyrnong,https://results.aec.gov.au/24310/Website/HouseDivisionPage-24310-225.htm,https://results.aec.gov.au/24310/Website/HouseDop-24310-225.htm,"SHORTEN, Bill",Australian Labor Party,112866,100924,3014,103938,92.09,22610,2,transfer,"WILLIAMS, James",The Greens (VIC),"STOW, Christine",Liberal,2583
Maribyrnong,https://results.aec.gov.au/24310/Website/HouseDivisionPage-24310-225.htm,https://results.aec.gov.au/24310/Website/HouseDop-24310-225.htm,"SHORTEN, Bill",Australian Labor Party,112866,100924,3014,103938,92.09,22610,2,final,"WILLIAMS, James",The Greens (VIC),"SHORTEN, Bill",Australian Labor Party,61767
Maribyrnong,https://results.aec.gov.au/24310/Website/HouseDivisionPage-24310-225.htm,https://results.aec.gov.au/24310/Website/HouseDop-24310-225.htm,"SHORTEN, Bill",Australian Labor Party,112866,100924,3014,103938,92.09,22610,2,final,"WILLIAMS, James",The Greens (VIC),"STOW, Christine",Liberal,39157
McEwen,https://results.aec.gov.au/24310/Website/HouseDivisionPage-24310-226.htm,https://results.aec.gov.au/24310/Website/HouseDop-24310-226.htm,"MITCHELL, Rob",Australian Labor Party,108041,96128,5334,101462,93.91,9656,0,first,,,"MITCHELL, Rob",Australian Labor Party,37911
McEwen,https://results.aec.gov.au/24310/Website/HouseDivisionPage-24310-226.htm,https://results.aec.gov.au/24310/Website/HouseDop-24310-226.htm,"MITCHELL, Rob",Australian Labor Party,108041,96128,5334,101462,93.91,9656,0,first,,,"FUSCO, Phillip",Liberal,33162
McEwen,https://results.aec.gov.au/24310/Website/HouseDivisionPage-24310-226.htm,https://results.aec.gov.au/24310/Website/HouseDop-24310-226.htm,"MITCHELL, Rob",Australian Labor Party,108041,96128,5334,101462,93.91,9656,0,first,,,"BARKER, Neil",The Greens (VIC),8026
McEwen,https://results.aec.gov.au/24310/Website/HouseDivisionPage-24310-226.htm,https://results.aec.gov.au/24310/Website/HouseDop-24310-226.htm,"MITCHELL, Rob",Australian Labor Party,108041,96128,5334,101462,93.91,9656,0,first,,,"GRAHAM, Ronnie",Pauline Hanson's One Nation,5693
McEwen,https://results.aec.gov.au/24310/Website/HouseDivisionPage-24310-226.htm,https://results.aec.gov.au/24310/Website/HouseDop-24310-226.htm,"MITCHELL, Rob",Australian Labor Party,108041,96128,5334,101462,93.91,9656,0,first,,,"BUTLER, Deb",Derryn Hinch's Justice Party,3878
McEwen,https://results.aec.gov.au/24310/Website/HouseDivisionPage-24310-226.htm,https://results.aec.gov.au/24310/Website/HouseDop-24310-226.htm,"MITCHELL, Rob",Australian Labor Party,108041,96128,5334,101462,93.91,9656,0,first,,,"HAYMAN, Chris",United Australia Party,3016
McEwen,https://results.aec.gov.au/24310/Website/HouseDivisionPage-24310-226.htm,https://results.aec.gov.au/24310/Website/HouseDop-24310-226.htm,"MITCHELL, Rob",Australian Labor Party,108041,96128,5334,101462,93.91,9656,0,first,,,"PARRAMORE, Ruth",Animal Justice Party,2890
McEwen,https://results.aec.gov.au/24310/Website/HouseDivisionPage-24310-226.htm,https://results.aec.gov.au/24310/Website/HouseDop-24310-226.htm,"MITCHELL, Rob",Australian Labor Party,108041,96128,5334,101462,93.91,9656,0,first,,,"HYNDMAN, Robert James",Independent,1552
McEwen,https://results.aec.gov.au/24310/Website/HouseDivisionPage-24310-226.htm,https://results.aec.gov.au/24310/Website/HouseDop-24310-226.htm,"MITCHELL, Rob",Australian Labor Party,108041,96128,5334,101462,93.91,9656,1,transfer,"HYNDMAN, Robert James",Independent,"BARKER, Neil",The Greens (VIC),158
McEwen,https://results.aec.gov.au/24310/Website/HouseDivisionPage-24310-226.htm,https://results.aec.gov.au/24310/Website/HouseDop-24310-226.htm,"MITCHELL, Rob",Australian Labor Party,108041,96128,5334,101462,93.91,9656,1,transfer,"HYNDMAN, Robert James",Independent,"BUTLER, Deb",Derryn Hinch's Justice Party,278
McEwen,https://results.aec.gov.au/24310/Website/HouseDivisionPage-24310-226.htm,https://results.aec.gov.au/24310/Website/HouseDop-24310-226.htm,"MITCHELL, Rob",Australian Labor Party,108041,96128,5334,101462,93.91,9656,1,transfer,"HYNDMAN, Robert James",Independent,"FUSCO, Phillip",Liberal,416
McEwen,https://results.aec.gov.au/24310/Website/HouseDivisionPage-24310-226.htm,https://results.aec.gov.au/24310/Website/HouseDop-24310-226.htm,"MITCHELL, Rob",Australian Labor Party,108041,96128,5334,101462,93.91,9656,1,transfer,"HYNDMAN, Robert James",Independent,"GRAHAM, Ronnie",Pauline Hanson's One Nation,188
McEwen,https://results.aec.gov.au/24310/Website/HouseDivisionPage-24310-226.htm,https://results.aec.gov.au/24310/Website/HouseDop-24310-226.htm,"MITCHELL, Rob",Australian Labor Party,108041,96128,5334,101462,93.91,9656,1,transfer,"HYNDMAN, Robert James",Independent,"HAYMAN, Chris",United Australia Party,130
McEwen,https://results.aec.gov.au/24310/Website/HouseDivisionPage-24310-226.htm,https://results.aec.gov.au/24310/Website/HouseDop-24310-226.htm,"MITCHELL, Rob",Australian Labor Party,108041,96128,5334,101462,93.91,9656,1,transfer,"HYNDMAN, Robert James",Independent,"MITCHELL, Rob",Australian Labor Party,248
McEwen,https://results.aec.gov.au/24310/Website/HouseDivisionPage-24310-226.htm,https://results.aec.gov.au/24310/Website/HouseDop-24310-226.htm,"MITCHELL, Rob",Australian Labor Party,108041,96128,5334,101462,93.91,9656,1,transfer,"HYNDMAN, Robert James",Independent,"PARRAMORE, Ruth",Animal Justice Party,134
McEwen,https://results.aec.gov.au/24310/Website/HouseDivisionPage-24310-226.htm,https://results.aec.gov.au/24310/Website/HouseDop-24310-226.htm,"MITCHELL, Rob",Australian Labor Party,108041,96128,5334,101462,93.91,9656,1,progressive,"HYNDMAN, Robert James",Independent,"MITCHELL, Rob",Australian Labor Party,38159
McEwen,https://results.aec.gov.au/24310/Website/HouseDivisionPage-24310-226.htm,https://results.aec.gov.au/24310/Website/HouseDop-24310-226.htm,"MITCHELL, Rob",Australian Labor Party,108041,96128,5334,101462,93.91,9656,1,progressive,"HYNDMAN, Robert James",Independent,"FUSCO, Phillip",Liberal,33578
McEwen,https://results.aec.gov.au/24310/Website/HouseDivisionPage-24310-226.htm,https://results.aec.gov.au/24310/Website/HouseDop-24310-226.htm,"MITCHELL, Rob",Australian Labor Party,108041,96128,5334,101462,93.91,9656,1,progressive,"HYNDMAN, Robert James",Independent,"BARKER, Neil",The Greens (VIC),8184
McEwen,https://results.aec.gov.au/24310/Website/HouseDivisionPage-24310-226.htm,https://results.aec.gov.au/24310/Website/HouseDop-24310-226.htm,"MITCHELL, Rob",Australian Labor Party,108041,96128,5334,101462,93.91,9656,1,progressive,"HYNDMAN, Robert James",Independent,"GRAHAM, Ronnie",Pauline Hanson's One Nation,5881
McEwen,https://results.aec.gov.au/24310/Website/HouseDivisionPage-24310-226.htm,https://results.aec.gov.au/24310/Website/HouseDop-24310-226.htm,"MITCHELL, Rob",Australian Labor Party,108041,96128,5334,101462,93.91,9656,1,progressive,"HYNDMAN, Robert James",Independent,"BUTLER, Deb",Derryn Hinch's Justice Party,4156
McEwen,https://results.aec.gov.au/24310/Website/HouseDivisionPage-24310-226.htm,https://results.aec.gov.au/24310/Website/HouseDop-24310-226.htm,"MITCHELL, Rob",Australian Labor Party,108041,96128,5334,101462,93.91,9656,1,progressive,"HYNDMAN, Robert James",Independent,"HAYMAN, Chris",United Australia Party,3146
McEwen,https://results.aec.gov.au/24310/Website/HouseDivisionPage-24310-226.htm,https://results.aec.gov.au/24310/Website/HouseDop-24310-226.htm,"MITCHELL, Rob",Australian Labor Party,108041,96128,5334,101462,93.91,9656,1,progressive,"HYNDMAN, Robert James",Independent,"PARRAMORE, Ruth",Animal Justice Party,3024
McEwen,https://results.aec.gov.au/24310/Website/HouseDivisionPage-24310-226.htm,https://results.aec.gov.au/24310/Website/HouseDop-24310-226.htm,"MITCHELL, Rob",Australian Labor Party,108041,96128,5334,101462,93.91,9656,2,transfer,"PARRAMORE, Ruth",Animal Justice Party,"BARKER, Neil",The Greens (VIC),1269
McEwen,https://results.aec.gov.au/24310/Website/HouseDivisionPage-24310-226.htm,https://results.aec.gov.au/24310/Website/HouseDop-24310-226.htm,"MITCHELL, Rob",Australian Labor Party,108041,96128,5334,101462,93.91,9656,2,transfer,"PARRAMORE, Ruth",Animal Justice Party,"BUTLER, Deb",Derryn Hinch's Justice Party,532
McEwen,https://results.aec.gov.au/24310/Website/HouseDivisionPage-24310-226.htm,https://results.aec.gov.au/24310/Website/HouseDop-24310-226.htm,"MITCHELL, Rob",Australian Labor Party,108041,96128,5334,101462,93.91,9656,2,transfer,"PARRAMORE, Ruth",Animal Justice Party,"FUSCO, Phillip",Liberal,292
McEwen,https://results.aec.gov.au/24310/Website/HouseDivisionPage-24310-226.htm,https://results.aec.gov.au/24310/Website/HouseDop-24310-226.htm,"MITCHELL, Rob",Australian Labor Party,108041,96128,5334,101462,93.91,9656,2,transfer,"PARRAMORE, Ruth",Animal Justice Party,"GRAHAM, Ronnie",Pauline Hanson's One Nation,249
McEwen,https://results.aec.gov.au/24310/Website/HouseDivisionPage-24310-226.htm,https://results.aec.gov.au/24310/Website/HouseDop-24310-226.htm,"MITCHELL, Rob",Australian Labor Party,108041,96128,5334,101462,93.91,9656,2,transfer,"PARRAMORE, Ruth",Animal Justice Party,"HAYMAN, Chris",United Australia Party,174
McEwen,https://results.aec.gov.au/24310/Website/HouseDivisionPage-24310-226.htm,https://results.aec.gov.au/24310/Website/HouseDop-24310-226.htm,"MITCHELL, Rob",Australian Labor Party,108041,96128,5334,101462,93.91,9656,2,transfer,"PARRAMORE, Ruth",Animal Justice Party,"MITCHELL, Rob",Australian Labor Party,508
McEwen,https://results.aec.gov.au/24310/Website/HouseDivisionPage-24310-226.htm,https://results.aec.gov.au/24310/Website/HouseDop-24310-226.htm,"MITCHELL, Rob",Australian Labor Party,108041,96128,5334,101462,93.91,9656,2,progressive,"PARRAMORE, Ruth",Animal Justice Party,"MITCHELL, Rob",Australian Labor Party,38667
McEwen,https://results.aec.gov.au/24310/Website/HouseDivisionPage-24310-226.htm,https://results.aec.gov.au/24310/Website/HouseDop-24310-226.htm,"MITCHELL, Rob",Australian Labor Party,108041,96128,5334,101462,93.91,9656,2,progressive,"PARRAMORE, Ruth",Animal Justice Party,"FUSCO, Phillip",Liberal,33870
McEwen,https://results.aec.gov.au/24310/Website/HouseDivisionPage-24310-226.htm,https://results.aec.gov.au/24310/Website/HouseDop-24310-226.htm,"MITCHELL, Rob",Australian Labor Party,108041,96128,5334,101462,93.91,9656,2,progressive,"PARRAMORE, Ruth",Animal Justice Party,"BARKER, Neil",The Greens (VIC),9453
McEwen,https://results.aec.gov.au/24310/Website/HouseDivisionPage-24310-226.htm,https://results.aec.gov.au/24310/Website/HouseDop-24310-226.htm,"MITCHELL, Rob",Australian Labor Party,108041,96128,5334,101462,93.91,9656,2,progressive,"PARRAMORE, Ruth",Animal Justice Party,"GRAHAM, Ronnie",Pauline Hanson's One Nation,6130
McEwen,https://results.aec.gov.au/24310/Website/HouseDivisionPage-24310-226.htm,https://results.aec.gov.au/24310/Website/HouseDop-24310-226.htm,"MITCHELL, Rob",Australian Labor Party,108041,96128,5334,101462,93.91,9656,2,progressive,"PARRAMORE, Ruth",Animal Justice Party,"BUTLER, Deb",Derryn Hinch's Justice Party,4688
McEwen,https://results.aec.gov.au/24310/Website/HouseDivisionPage-24310-226.htm,https://results.aec.gov.au/24310/Website/HouseDop-24310-226.htm,"MITCHELL, Rob",Australian Labor Party,108041,96128,5334,101462,93.91,9656,2,progressive,"PARRAMORE, Ruth",Animal Justice Party,"HAYMAN, Chris",United Australia Party,3320
McEwen,https://results.aec.gov.au/24310/Website/HouseDivisionPage-24310-226.htm,https://results.aec.gov.au/24310/Website/HouseDop-24310-226.htm,"MITCHELL, Rob",Australian Labor Party,108041,96128,5334,101462,93.91,9656,3,transfer,"HAYMAN, Chris",United Australia Party,"BARKER, Neil",The Greens (VIC),248
McEwen,https://results.aec.gov.au/24310/Website/HouseDivisionPage-24310-226.htm,https://results.aec.gov.au/24310/Website/HouseDop-24310-226.htm,"MITCHELL, Rob",Australian Labor Party,108041,96128,5334,101462,93.91,9656,3,transfer,"HAYMAN, Chris",United Australia Party,"BUTLER, Deb",Derryn Hinch's Justice Party,454
McEwen,https://results.aec.gov.au/24310/Website/HouseDivisionPage-24310-226.htm,https://results.aec.gov.au/24310/Website/HouseDop-24310-226.htm,"MITCHELL, Rob",Australian Labor Party,108041,96128,5334,101462,93.91,9656,3,transfer,"HAYMAN, Chris",United Australia Party,"FUSCO, Phillip",Liberal,802
McEwen,https://results.aec.gov.au/24310/Website/HouseDivisionPage-24310-226.htm,https://results.aec.gov.au/24310/Website/HouseDop-24310-226.htm,"MITCHELL, Rob",Australian Labor Party,108041,96128,5334,101462,93.91,9656,3,transfer,"HAYMAN, Chris",United Australia Party,"GRAHAM, Ronnie",Pauline Hanson's One Nation,1454
McEwen,https://results.aec.gov.au/24310/Website/HouseDivisionPage-24310-226.htm,https://results.aec.gov.au/24310/Website/HouseDop-24310-226.htm,"MITCHELL, Rob",Australian Labor Party,108041,96128,5334,101462,93.91,9656,3,transfer,"HAYMAN, Chris",United Australia Party,"MITCHELL, Rob",Australian Labor Party,362
McEwen,https://results.aec.gov.au/24310/Website/HouseDivisionPage-24310-226.htm,https://results.aec.gov.au/24310/Website/HouseDop-24310-226.htm,"MITCHELL, Rob",Australian Labor Party,108041,96128,5334,101462,93.91,9656,3,progressive,"HAYMAN, Chris",United Australia Party,"MITCHELL, Rob",Australian Labor Party,39029
McEwen,https://results.aec.gov.au/24310/Website/HouseDivisionPage-24310-226.htm,https://results.aec.gov.au/24310/Website/HouseDop-24310-226.htm,"MITCHELL, Rob",Australian Labor Party,108041,96128,5334,101462,93.91,9656,3,progressive,"HAYMAN, Chris",United Australia Party,"FUSCO, Phillip",Liberal,34672
McEwen,https://results.aec.gov.au/24310/Website/HouseDivisionPage-24310-226.htm,https://results.aec.gov.au/24310/Website/HouseDop-24310-226.htm,"MITCHELL, Rob",Australian Labor Party,108041,96128,5334,101462,93.91,9656,3,progressive,"HAYMAN, Chris",United Australia Party,"BARKER, Neil",The Greens (VIC),9701
McEwen,https://results.aec.gov.au/24310/Website/HouseDivisionPage-24310-226.htm,https://results.aec.gov.au/24310/Website/HouseDop-24310-226.htm,"MITCHELL, Rob",Australian Labor Party,108041,96128,5334,101462,93.91,9656,3,progressive,"HAYMAN, Chris",United Australia Party,"GRAHAM, Ronnie",Pauline Hanson's One Nation,7584
McEwen,https://results.aec.gov.au/24310/Website/HouseDivisionPage-24310-226.htm,https://results.aec.gov.au/24310/Website/HouseDop-24310-226.htm,"MITCHELL, Rob",Australian Labor Party,108041,96128,5334,101462,93.91,9656,3,progressive,"HAYMAN, Chris",United Australia Party,"BUTLER, Deb",Derryn Hinch's Justice Party,5142
McEwen,https://results.aec.gov.au/24310/Website/HouseDivisionPage-24310-226.htm,https://results.aec.gov.au/24310/Website/HouseDop-24310-226.htm,"MITCHELL, Rob",Australian Labor Party,108041,96128,5334,101462,93.91,9656,4,transfer,"BUTLER, Deb",Derryn Hinch's Justice Party,"BARKER, Neil",The Greens (VIC),827
McEwen,https://results.aec.gov.au/24310/Website/HouseDivisionPage-24310-226.htm,https://results.aec.gov.au/24310/Website/HouseDop-24310-226.htm,"MITCHELL, Rob",Australian Labor Party,108041,96128,5334,101462,93.91,9656,4,transfer,"BUTLER, Deb",Derryn Hinch's Justice Party,"FUSCO, Phillip",Liberal,1234
McEwen,https://results.aec.gov.au/24310/Website/HouseDivisionPage-24310-226.htm,https://results.aec.gov.au/24310/Website/HouseDop-24310-226.htm,"MITCHELL, Rob",Australian Labor Party,108041,96128,5334,101462,93.91,9656,4,transfer,"BUTLER, Deb",Derryn Hinch's Justice Party,"GRAHAM, Ronnie",Pauline Hanson's One Nation,1749
McEwen,https://results.aec.gov.au/24310/Website/HouseDivisionPage-24310-226.htm,https://results.aec.gov.au/24310/Website/HouseDop-24310-226.htm,"MITCHELL, Rob",Australian Labor Party,108041,96128,5334,101462,93.91,9656,4,transfer,"BUTLER, Deb",Derryn Hinch's Justice Party,"MITCHELL, Rob",Australian Labor Party,1332
McEwen,https://results.aec.gov.au/24310/Website/HouseDivisionPage-24310-226.htm,https://results.aec.gov.au/24310/Website/HouseDop-24310-226.htm,"MITCHELL, Rob",Australian Labor Party,108041,96128,5334,101462,93.91,9656,4,progressive,"BUTLER, Deb",Derryn Hinch's Justice Party,"MITCHELL, Rob",Australian Labor Party,40361
McEwen,https://results.aec.gov.au/24310/Website/HouseDivisionPage-24310-226.htm,https://results.aec.gov.au/24310/Website/HouseDop-24310-226.htm,"MITCHELL, Rob",Australian Labor Party,108041,96128,5334,101462,93.91,9656,4,progressive,"BUTLER, Deb",Derryn Hinch's Justice Party,"FUSCO, Phillip",Liberal,35906
McEwen,https://results.aec.gov.au/24310/Website/HouseDivisionPage-24310-226.htm,https://results.aec.gov.au/24310/Website/HouseDop-24310-226.htm,"MITCHELL, Rob",Australian Labor Party,108041,96128,5334,101462,93.91,9656,4,progressive,"BUTLER, Deb",Derryn Hinch's Justice Party,"BARKER, Neil",The Greens (VIC),10528
McEwen,https://results.aec.gov.au/24310/Website/HouseDivisionPage-24310-226.htm,https://results.aec.gov.au/24310/Website/HouseDop-24310-226.htm,"MITCHELL, Rob",Australian Labor Party,108041,96128,5334,101462,93.91,9656,4,progressive,"BUTLER, Deb",Derryn Hinch's Justice Party,"GRAHAM, Ronnie",Pauline Hanson's One Nation,9333
McEwen,https://results.aec.gov.au/24310/Website/HouseDivisionPage-24310-226.htm,https://results.aec.gov.au/24310/Website/HouseDop-24310-226.htm,"MITCHELL, Rob",Australian Labor Party,108041,96128,5334,101462,93.91,9656,5,transfer,"GRAHAM, Ronnie",Pauline Hanson's One Nation,"BARKER, Neil",The Greens (VIC),1805
McEwen,https://results.aec.gov.au/24310/Website/HouseDivisionPage-24310-226.htm,https://results.aec.gov.au/24310/Website/HouseDop-24310-226.htm,"MITCHELL, Rob",Australian Labor Party,108041,96128,5334,101462,93.91,9656,5,transfer,"GRAHAM, Ronnie",Pauline Hanson's One Nation,"FUSCO, Phillip",Liberal,4942
McEwen,https://results.aec.gov.au/24310/Website/HouseDivisionPage-24310-226.htm,https://results.aec.gov.au/24310/Website/HouseDop-24310-226.htm,"MITCHELL, Rob",Australian Labor Party,108041,96128,5334,101462,93.91,9656,5,transfer,"GRAHAM, Ronnie",Pauline Hanson's One Nation,"MITCHELL, Rob",Australian Labor Party,2586
McEwen,https://results.aec.gov.au/24310/Website/HouseDivisionPage-24310-226.htm,https://results.aec.gov.au/24310/Website/HouseDop-24310-226.htm,"MITCHELL, Rob",Australian Labor Party,108041,96128,5334,101462,93.91,9656,5,progressive,"GRAHAM, Ronnie",Pauline Hanson's One Nation,"MITCHELL, Rob",Australian Labor Party,42947
McEwen,https://results.aec.gov.au/24310/Website/HouseDivisionPage-24310-226.htm,https://results.aec.gov.au/24310/Website/HouseDop-24310-226.htm,"MITCHELL, Rob",Australian Labor Party,108041,96128,5334,101462,93.91,9656,5,progressive,"GRAHAM, Ronnie",Pauline Hanson's One Nation,"FUSCO, Phillip",Liberal,40848
McEwen,https://results.aec.gov.au/24310/Website/HouseDivisionPage-24310-226.htm,https://results.aec.gov.au/24310/Website/HouseDop-24310-226.htm,"MITCHELL, Rob",Australian Labor Party,108041,96128,5334,101462,93.91,9656,5,progressive,"GRAHAM, Ronnie",Pauline Hanson's One Nation,"BARKER, Neil",The Greens (VIC),12333
McEwen,https://results.aec.gov.au/24310/Website/HouseDivisionPage-24310-226.htm,https://results.aec.gov.au/24310/Website/HouseDop-24310-226.htm,"MITCHELL, Rob",Australian Labor Party,108041,96128,5334,101462,93.91,9656,6,transfer,"BARKER, Neil",The Greens (VIC),"FUSCO, Phillip",Liberal,2388
McEwen,https://results.aec.gov.au/24310/Website/HouseDivisionPage-24310-226.htm,https://results.aec.gov.au/24310/Website/HouseDop-24310-226.htm,"MITCHELL, Rob",Australian Labor Party,108041,96128,5334,101462,93.91,9656,6,transfer,"BARKER, Neil",The Greens (VIC),"MITCHELL, Rob",Australian Labor Party,9945
McEwen,https://results.aec.gov.au/24310/Website/HouseDivisionPage-24310-226.htm,https://results.aec.gov.au/24310/Website/HouseDop-24310-226.htm,"MITCHELL, Rob",Australian Labor Party,108041,96128,5334,101462,93.91,9656,6,final,"BARKER, Neil",The Greens (VIC),"MITCHELL, Rob",Australian Labor Party,52892
McEwen,https://results.aec.gov.au/24310/Website/HouseDivisionPage-24310-226.htm,https://results.aec.gov.au/24310/Website/HouseDop-24310-226.htm,"MITCHELL, Rob",Australian Labor Party,108041,96128,5334,101462,93.91,9656,6,final,"BARKER, Neil",The Greens (VIC),"FUSCO, Phillip",Liberal,43236
Melbourne,https://results.aec.gov.au/24310/Website/HouseDivisionPage-24310-228.htm,https://results.aec.gov.au/24310/Website/HouseDop-24310-228.htm,"BANDT, Adam",The Greens,107572,93064,2896,95960,89.21,40640,0,first,,,"BANDT, Adam",The Greens (VIC),45876
Melbourne,https://results.aec.gov.au/24310/Website/HouseDivisionPage-24310-228.htm,https://results.aec.gov.au/24310/Website/HouseDop-24310-228.htm,"BANDT, Adam",The Greens,107572,93064,2896,95960,89.21,40640,0,first,,,"SHERSON, Lauren",Liberal,19979
Melbourne,https://results.aec.gov.au/24310/Website/HouseDivisionPage-24310-228.htm,https://results.aec.gov.au/24310/Website/HouseDop-24310-228.htm,"BANDT, Adam",The Greens,107572,93064,2896,95960,89.21,40640,0,first,,,"CREASEY, Luke",Australian Labor Party,18371
Melbourne,https://results.aec.gov.au/24310/Website/HouseDivisionPage-24310-228.htm,https://results.aec.gov.au/24310/Website/HouseDop-24310-228.htm,"BANDT, Adam",The Greens,107572,93064,2896,95960,89.21,40640,0,first,,,"RYAN, Judy",Reason Australia,4756
Melbourne,https://results.aec.gov.au/24310/Website/HouseDivisionPage-24310-228.htm,https://results.aec.gov.au/24310/Website/HouseDop-24310-228.htm,"BANDT, Adam",The Greens,107572,93064,2896,95960,89.21,40640,0,first,,,"POPE, Lawrence",Animal Justice Party,1849
Melbourne,https://results.aec.gov.au/24310/Website/HouseDivisionPage-24310-228.htm,https://results.aec.gov.au/24310/Website/HouseDop-24310-228.htm,"BANDT, Adam",The Greens,107572,93064,2896,95960,89.21,40640,0,first,,,"BLAKE, Dave",Independent,1154
Melbourne,https://results.aec.gov.au/24310/Website/HouseDivisionPage-24310-228.htm,https://results.aec.gov.au/24310/Website/HouseDop-24310-228.htm,"BANDT, Adam",The Greens,107572,93064,2896,95960,89.21,40640,0,first,,,"PECORA, Tony",United Australia Party,1079
Melbourne,https://results.aec.gov.au/24310/Website/HouseDivisionPage-24310-228.htm,https://results.aec.gov.au/24310/Website/HouseDop-24310-228.htm,"BANDT, Adam",The Greens,107572,93064,2896,95960,89.21,40640,1,transfer,"PECORA, Tony",United Australia Party,"BANDT, Adam",The Greens (VIC),111
Melbourne,https://results.aec.gov.au/24310/Website/HouseDivisionPage-24310-228.htm,https://results.aec.gov.au/24310/Website/HouseDop-24310-228.htm,"BANDT, Adam",The Greens,107572,93064,2896,95960,89.21,40640,1,transfer,"PECORA, Tony",United Australia Party,"BLAKE, Dave",Independent,140
Melbourne,https://results.aec.gov.au/24310/Website/HouseDivisionPage-24310-228.htm,https://results.aec.gov.au/24310/Website/HouseDop-24310-228.htm,"BANDT, Adam",The Greens,107572,93064,2896,95960,89.21,40640,1,transfer,"PECORA, Tony",United Australia Party,"CREASEY, Luke",Australian Labor Party,174
Melbourne,https://results.aec.gov.au/24310/Website/HouseDivisionPage-24310-228.htm,https://results.aec.gov.au/24310/Website/HouseDop-24310-228.htm,"BANDT, Adam",The Greens,107572,93064,2896,95960,89.21,40640,1,transfer,"PECORA, Tony",United Australia Party,"POPE, Lawrence",Animal Justice Party,100
Melbourne,https://results.aec.gov.au/24310/Website/HouseDivisionPage-24310-228.htm,https://results.aec.gov.au/24310/Website/HouseDop-24310-228.htm,"BANDT, Adam",The Greens,107572,93064,2896,95960,89.21,40640,1,transfer,"PECORA, Tony",United Australia Party,"RYAN, Judy",Reason Australia,130
Melbourne,https://results.aec.gov.au/24310/Website/HouseDivisionPage-24310-228.htm,https://results.aec.gov.au/24310/Website/HouseDop-24310-228.htm,"BANDT, Adam",The Greens,107572,93064,2896,95960,89.21,40640,1,transfer,"PECORA, Tony",United Australia Party,"SHERSON, Lauren",Liberal,424
Melbourne,https://results.aec.gov.au/24310/Website/HouseDivisionPage-24310-228.htm,https://results.aec.gov.au/24310/Website/HouseDop-24310-228.htm,"BANDT, Adam",The Greens,107572,93064,2896,95960,89.21,40640,1,progressive,"PECORA, Tony",United Australia Party,"BANDT, Adam",The Greens (VIC),45987
Melbourne,https://results.aec.gov.au/24310/Website/HouseDivisionPage-24310-228.htm,https://results.aec.gov.au/24310/Website/HouseDop-24310-228.htm,"BANDT, Adam",The Greens,107572,93064,2896,95960,89.21,40640,1,progressive,"PECORA, Tony",United Australia Party,"SHERSON, Lauren",Liberal,20403
Melbourne,https://results.aec.gov.au/24310/Website/HouseDivisionPage-24310-228.htm,https://results.aec.gov.au/24310/Website/HouseDop-24310-228.htm,"BANDT, Adam",The Greens,107572,93064,2896,95960,89.21,40640,1,progressive,"PECORA, Tony",United Australia Party,"CREASEY, Luke",Australian Labor Party,18545
Melbourne,https://results.aec.gov.au/24310/Website/HouseDivisionPage-24310-228.htm,https://results.aec.gov.au/24310/Website/HouseDop-24310-228.htm,"BANDT, Adam",The Greens,107572,93064,2896,95960,89.21,40640,1,progressive,"PECORA, Tony",United Australia Party,"RYAN, Judy",Reason Australia,4886
Melbourne,https://results.aec.gov.au/24310/Website/HouseDivisionPage-24310-228.htm,https://results.aec.gov.au/24310/Website/HouseDop-24310-228.htm,"BANDT, Adam",The Greens,107572,93064,2896,95960,89.21,40640,1,progressive,"PECORA, Tony",United Australia Party,"POPE, Lawrence",Animal Justice Party,1949
Melbourne,https://results.aec.gov.au/24310/Website/HouseDivisionPage-24310-228.htm,https://results.aec.gov.au/24310/Website/HouseDop-24310-228.htm,"BANDT, Adam",The Greens,107572,93064,2896,95960,89.21,40640,1,progressive,"PECORA, Tony",United Australia Party,"BLAKE, Dave",Independent,1294
Melbourne,https://results.aec.gov.au/24310/Website/HouseDivisionPage-24310-228.htm,https://results.aec.gov.au/24310/Website/HouseDop-24310-228.htm,"BANDT, Adam",The Greens,107572,93064,2896,95960,89.21,40640,2,transfer,"BLAKE, Dave",Independent,"BANDT, Adam",The Greens (VIC),285
Melbourne,https://results.aec.gov.au/24310/Website/HouseDivisionPage-24310-228.htm,https://results.aec.gov.au/24310/Website/HouseDop-24310-228.htm,"BANDT, Adam",The Greens,107572,93064,2896,95960,89.21,40640,2,transfer,"BLAKE, Dave",Independent,"CREASEY, Luke",Australian Labor Party,137
Melbourne,https://results.aec.gov.au/24310/Website/HouseDivisionPage-24310-228.htm,https://results.aec.gov.au/24310/Website/HouseDop-24310-228.htm,"BANDT, Adam",The Greens,107572,93064,2896,95960,89.21,40640,2,transfer,"BLAKE, Dave",Independent,"POPE, Lawrence",Animal Justice Party,185
Melbourne,https://results.aec.gov.au/24310/Website/HouseDivisionPage-24310-228.htm,https://results.aec.gov.au/24310/Website/HouseDop-24310-228.htm,"BANDT, Adam",The Greens,107572,93064,2896,95960,89.21,40640,2,transfer,"BLAKE, Dave",Independent,"RYAN, Judy",Reason Australia,302
Melbourne,https://results.aec.gov.au/24310/Website/HouseDivisionPage-24310-228.htm,https://results.aec.gov.au/24310/Website/HouseDop-24310-228.htm,"BANDT, Adam",The Greens,107572,93064,2896,95960,89.21,40640,2,transfer,"BLAKE, Dave",Independent,"SHERSON, Lauren",Liberal,385
Melbourne,https://results.aec.gov.au/24310/Website/HouseDivisionPage-24310-228.htm,https://results.aec.gov.au/24310/Website/HouseDop-24310-228.htm,"BANDT, Adam",The Greens,107572,93064,2896,95960,89.21,40640,2,progressive,"BLAKE, Dave",Independent,"BANDT, Adam",The Greens (VIC),46272
Melbourne,https://results.aec.gov.au/24310/Website/HouseDivisionPage-24310-228.htm,https://results.aec.gov.au/24310/Website/HouseDop-24310-228.htm,"BANDT, Adam",The Greens,107572,93064,2896,95960,89.21,40640,2,progressive,"BLAKE, Dave",Independent,"SHERSON, Lauren",Liberal,20788
Melbourne,https://results.aec.gov.au/24310/Website/HouseDivisionPage-24310-228.htm,https://results.aec.gov.au/24310/Website/HouseDop-24310-228.htm,"BANDT, Adam",The Greens,107572,93064,2896,95960,89.21,40640,2,progressive,"BLAKE, Dave",Independent,"CREASEY, Luke",Australian Labor Party,18682
Melbourne,https://results.aec.gov.au/24310/Website/HouseDivisionPage-24310-228.htm,https://results.aec.gov.au/24310/Website/HouseDop-24310-228.htm,"BANDT, Adam",The Greens,107572,93064,2896,95960,89.21,40640,2,progressive,"BLAKE, Dave",Independent,"RYAN, Judy",Reason Australia,5188
Melbourne,https://results.aec.gov.au/24310/Website/HouseDivisionPage-24310-228.htm,https://results.aec.gov.au/24310/Website/HouseDop-24310-228.htm,"BANDT, Adam",The Greens,107572,93064,2896,95960,89.21,40640,2,progressive,"BLAKE, Dave",Independent,"POPE, Lawrence",Animal Justice Party,2134
Melbourne,https://results.aec.gov.au/24310/Website/HouseDivisionPage-24310-228.htm,https://results.aec.gov.au/24310/Website/HouseDop-24310-228.htm,"BANDT, Adam",The Greens,107572,93064,2896,95960,89.21,40640,3,transfer,"POPE, Lawrence",Animal Justice Party,"BANDT, Adam",The Greens (VIC),1101
Melbourne,https://results.aec.gov.au/24310/Website/HouseDivisionPage-24310-228.htm,https://results.aec.gov.au/24310/Website/HouseDop-24310-228.htm,"BANDT, Adam",The Greens,107572,93064,2896,95960,89.21,40640,3,transfer,"POPE, Lawrence",Animal Justice Party,"CREASEY, Luke",Australian Labor Party,258
Melbourne,https://results.aec.gov.au/24310/Website/HouseDivisionPage-24310-228.htm,https://results.aec.gov.au/24310/Website/HouseDop-24310-228.htm,"BANDT, Adam",The Greens,107572,93064,2896,95960,89.21,40640,3,transfer,"POPE, Lawrence",Animal Justice Party,"RYAN, Judy",Reason Australia,461
Melbourne,https://results.aec.gov.au/24310/Website/HouseDivisionPage-24310-228.htm,https://results.aec.gov.au/24310/Website/HouseDop-24310-228.htm,"BANDT, Adam",The Greens,107572,93064,2896,95960,89.21,40640,3,transfer,"POPE, Lawrence",Animal Justice Party,"SHERSON, Lauren",Liberal,314
Melbourne,https://results.aec.gov.au/24310/Website/HouseDivisionPage-24310-228.htm,https://results.aec.gov.au/24310/Website/HouseDop-24310-228.htm,"BANDT, Adam",The Greens,107572,93064,2896,95960,89.21,40640,3,progressive,"POPE, Lawrence",Animal Justice Party,"BANDT, Adam",The Greens (VIC),47373
Melbourne,https://results.aec.gov.au/24310/Website/HouseDivisionPage-24310-228.htm,https://results.aec.gov.au/24310/Website/HouseDop-24310-228.htm,"BANDT, Adam",The Greens,107572,93064,2896,95960,89.21,40640,3,progressive,"POPE, Lawrence",Animal Justice Party,"SHERSON, Lauren",Liberal,21102
Melbourne,https://results.aec.gov.au/24310/Website/HouseDivisionPage-24310-228.htm,https://results.aec.gov.au/24310/Website/HouseDop-24310-228.htm,"BANDT, Adam",The Greens,107572,93064,2896,95960,89.21,40640,3,progressive,"POPE, Lawrence",Animal Justice Party,"CREASEY, Luke",Australian Labor Party,18940
Melbourne,https://results.aec.gov.au/24310/Website/HouseDivisionPage-24310-228.htm,https://results.aec.gov.au/24310/Website/HouseDop-24310-228.htm,"BANDT, Adam",The Greens,107572,93064,2896,95960,89.21,40640,3,progressive,"POPE, Lawrence",Animal Justice Party,"RYAN, Judy",Reason Australia,5649
Melbourne,https://results.aec.gov.au/24310/Website/HouseDivisionPage-24310-228.htm,https://results.aec.gov.au/24310/Website/HouseDop-24310-228.htm,"BANDT, Adam",The Greens,107572,93064,2896,95960,89.21,40640,4,transfer,"RYAN, Judy",Reason Australia,"BANDT, Adam",The Greens (VIC),3729
Melbourne,https://results.aec.gov.au/24310/Website/HouseDivisionPage-24310-228.htm,https://results.aec.gov.au/24310/Website/HouseDop-24310-228.htm,"BANDT, Adam",The Greens,107572,93064,2896,95960,89.21,40640,4,transfer,"RYAN, Judy",Reason Australia,"CREASEY, Luke",Australian Labor Party,1012
Melbourne,https://results.aec.gov.au/24310/Website/HouseDivisionPage-24310-228.htm,https://results.aec.gov.au/24310/Website/HouseDop-24310-228.htm,"BANDT, Adam",The Greens,107572,93064,2896,95960,89.21,40640,4,transfer,"RYAN, Judy",Reason Australia,"SHERSON, Lauren",Liberal,908
Melbourne,https://results.aec.gov.au/24310/Website/HouseDivisionPage-24310-228.htm,https://results.aec.gov.au/24310/Website/HouseDop-24310-228.htm,"BANDT, Adam",The Greens,107572,93064,2896,95960,89.21,40640,4,progressive,"RYAN, Judy",Reason Australia,"BANDT, Adam",The Greens (VIC),51102
Melbourne,https://results.aec.gov.au/24310/Website/HouseDivisionPage-24310-228.htm,https://results.aec.gov.au/24310/Website/HouseDop-24310-228.htm,"BANDT, Adam",The Greens,107572,93064,2896,95960,89.21,40640,4,progressive,"RYAN, Judy",Reason Australia,"SHERSON, Lauren",Liberal,22010
Melbourne,https://results.aec.gov.au/24310/Website/HouseDivisionPage-24310-228.htm,https://results.aec.gov.au/24310/Website/HouseDop-24310-228.htm,"BANDT, Adam",The Greens,107572,93064,2896,95960,89.21,40640,4,progressive,"RYAN, Judy",Reason Australia,"CREASEY, Luke",Australian Labor Party,19952
Melbourne,https://results.aec.gov.au/24310/Website/HouseDivisionPage-24310-228.htm,https://results.aec.gov.au/24310/Website/HouseDop-24310-228.htm,"BANDT, Adam",The Greens,107572,93064,2896,95960,89.21,40640,5,transfer,"CREASEY, Luke",Australian Labor Party,"BANDT, Adam",The Greens (VIC),15750
Melbourne,https://results.aec.gov.au/24310/Website/HouseDivisionPage-24310-228.htm,https://results.aec.gov.au/24310/Website/HouseDop-24310-228.htm,"BANDT, Adam",The Greens,107572,93064,2896,95960,89.21,40640,5,transfer,"CREASEY, Luke",Australian Labor Party,"SHERSON, Lauren",Liberal,4202
Melbourne,https://results.aec.gov.au/24310/Website/HouseDivisionPage-24310-228.htm,https://results.aec.gov.au/24310/Website/HouseDop-24310-228.htm,"BANDT, Adam",The Greens,107572,93064,2896,95960,89.21,40640,5,final,"CREASEY, Luke",Australian Labor Party,"BANDT, Adam",The Greens (VIC),66852
Melbourne,https://results.aec.gov.au/24310/Website/HouseDivisionPage-24310-228.htm,https://results.aec.gov.au/24310/Website/HouseDop-24310-228.htm,"BANDT, Adam",The Greens,107572,93064,2896,95960,89.21,40640,5,final,"CREASEY, Luke",Australian Labor Party,"SHERSON, Lauren",Liberal,26212
Menzies,https://results.aec.gov.au/24310/Website/HouseDivisionPage-24310-229.htm,https://results.aec.gov.au/24310/Website/HouseDop-24310-229.htm,"ANDREWS, Kevin",Liberal,107801,98326,3376,101702,94.34,14810,0,first,,,"ANDREWS, Kevin",Liberal,50863
Menzies,https://results.aec.gov.au/24310/Website/HouseDivisionPage-24310-229.htm,https://results.aec.gov.au/24310/Website/HouseDop-24310-229.htm,"ANDREWS, Kevin",Liberal,107801,98326,3376,101702,94.34,14810,0,first,,,"YEE, Stella",Australian Labor Party,29539
Menzies,https://results.aec.gov.au/24310/Website/HouseDivisionPage-24310-229.htm,https://results.aec.gov.au/24310/Website/HouseDop-24310-229.htm,"ANDREWS, Kevin",Liberal,107801,98326,3376,101702,94.34,14810,0,first,,,"HUMPHREYS, Robert",The Greens (VIC),10264
Menzies,https://results.aec.gov.au/24310/Website/HouseDivisionPage-24310-229.htm,https://results.aec.gov.au/24310/Website/HouseDop-24310-229.htm,"ANDREWS, Kevin",Liberal,107801,98326,3376,101702,94.34,14810,0,first,,,"KELLEHER, Teresa Mary",Labour DLP,3026
Menzies,https://results.aec.gov.au/24310/Website/HouseDivisionPage-24310-229.htm,https://results.aec.gov.au/24310/Website/HouseDop-24310-229.htm,"ANDREWS, Kevin",Liberal,107801,98326,3376,101702,94.34,14810,0,first,,,"FULLER, Brett Stephen",United Australia Party,2605
Menzies,https://results.aec.gov.au/24310/Website/HouseDivisionPage-24310-229.htm,https://results.aec.gov.au/24310/Website/HouseDop-24310-229.htm,"ANDREWS, Kevin",Liberal,107801,98326,3376,101702,94.34,14810,0,first,,,"PAYNE, Rachel",Reason Australia,2029
Menzies,https://results.aec.gov.au/24310/Website/HouseDivisionPage-24310-229.htm,https://results.aec.gov.au/24310/Website/HouseDop-24310-229.htm,"ANDREWS, Kevin",Liberal,107801,98326,3376,101702,94.34,14810,1,transfer,"PAYNE, Rachel",Reason Australia,"ANDREWS, Kevin",Liberal,285
Menzies,https://results.aec.gov.au/24310/Website/HouseDivisionPage-24310-229.htm,https://results.aec.gov.au/24310/Website/HouseDop-24310-229.htm,"ANDREWS, Kevin",Liberal,107801,98326,3376,101702,94.34,14810,1,transfer,"PAYNE, Rachel",Reason Australia,"FULLER, Brett Stephen",United Australia Party,267
Menzies,https://results.aec.gov.au/24310/Website/HouseDivisionPage-24310-229.htm,https://results.aec.gov.au/24310/Website/HouseDop-24310-229.htm,"ANDREWS, Kevin",Liberal,107801,98326,3376,101702,94.34,14810,1,transfer,"PAYNE, Rachel",Reason Australia,"HUMPHREYS, Robert",The Greens (VIC),725
Menzies,https://results.aec.gov.au/24310/Website/HouseDivisionPage-24310-229.htm,https://results.aec.gov.au/24310/Website/HouseDop-24310-229.htm,"ANDREWS, Kevin",Liberal,107801,98326,3376,101702,94.34,14810,1,transfer,"PAYNE, Rachel",Reason Australia,"KELLEHER, Teresa Mary",Labour DLP,201
Menzies,https://results.aec.gov.au/24310/Website/HouseDivisionPage-24310-229.htm,https://results.aec.gov.au/24310/Website/HouseDop-24310-229.htm,"ANDREWS, Kevin",Liberal,107801,98326,3376,101702,94.34,14810,1,transfer,"PAYNE, Rachel",Reason Australia,"YEE, Stella",Australian Labor Party,551
Menzies,https://results.aec.gov.au/24310/Website/HouseDivisionPage-24310-229.htm,https://results.aec.gov.au/24310/Website/HouseDop-24310-229.htm,"ANDREWS, Kevin",Liberal,107801,98326,3376,101702,94.34,14810,1,progressive,"PAYNE, Rachel",Reason Australia,"ANDREWS, Kevin",Liberal,51148
Menzies,https://results.aec.gov.au/24310/Website/HouseDivisionPage-24310-229.htm,https://results.aec.gov.au/24310/Website/HouseDop-24310-229.htm,"ANDREWS, Kevin",Liberal,107801,98326,3376,101702,94.34,14810,1,progressive,"PAYNE, Rachel",Reason Australia,"YEE, Stella",Australian Labor Party,30090
Menzies,https://results.aec.gov.au/24310/Website/HouseDivisionPage-24310-229.htm,https://results.aec.gov.au/24310/Website/HouseDop-24310-229.htm,"ANDREWS, Kevin",Liberal,107801,98326,3376,101702,94.34,14810,1,progressive,"PAYNE, Rachel",Reason Australia,"HUMPHREYS, Robert",The Greens (VIC),10989
Menzies,https://results.aec.gov.au/24310/Website/HouseDivisionPage-24310-229.htm,https://results.aec.gov.au/24310/Website/HouseDop-24310-229.htm,"ANDREWS, Kevin",Liberal,107801,98326,3376,101702,94.34,14810,1,progressive,"PAYNE, Rachel",Reason Australia,"KELLEHER, Teresa Mary",Labour DLP,3227
Menzies,https://results.aec.gov.au/24310/Website/HouseDivisionPage-24310-229.htm,https://results.aec.gov.au/24310/Website/HouseDop-24310-229.htm,"ANDREWS, Kevin",Liberal,107801,98326,3376,101702,94.34,14810,1,progressive,"PAYNE, Rachel",Reason Australia,"FULLER, Brett Stephen",United Australia Party,2872
Menzies,https://results.aec.gov.au/24310/Website/HouseDivisionPage-24310-229.htm,https://results.aec.gov.au/24310/Website/HouseDop-24310-229.htm,"ANDREWS, Kevin",Liberal,107801,98326,3376,101702,94.34,14810,2,transfer,"FULLER, Brett Stephen",United Australia Party,"ANDREWS, Kevin",Liberal,1539
Menzies,https://results.aec.gov.au/24310/Website/HouseDivisionPage-24310-229.htm,https://results.aec.gov.au/24310/Website/HouseDop-24310-229.htm,"ANDREWS, Kevin",Liberal,107801,98326,3376,101702,94.34,14810,2,transfer,"FULLER, Brett Stephen",United Australia Party,"HUMPHREYS, Robert",The Greens (VIC),587
Menzies,https://results.aec.gov.au/24310/Website/HouseDivisionPage-24310-229.htm,https://results.aec.gov.au/24310/Website/HouseDop-24310-229.htm,"ANDREWS, Kevin",Liberal,107801,98326,3376,101702,94.34,14810,2,transfer,"FULLER, Brett Stephen",United Australia Party,"KELLEHER, Teresa Mary",Labour DLP,377
Menzies,https://results.aec.gov.au/24310/Website/HouseDivisionPage-24310-229.htm,https://results.aec.gov.au/24310/Website/HouseDop-24310-229.htm,"ANDREWS, Kevin",Liberal,107801,98326,3376,101702,94.34,14810,2,transfer,"FULLER, Brett Stephen",United Australia Party,"YEE, Stella",Australian Labor Party,369
Menzies,https://results.aec.gov.au/24310/Website/HouseDivisionPage-24310-229.htm,https://results.aec.gov.au/24310/Website/HouseDop-24310-229.htm,"ANDREWS, Kevin",Liberal,107801,98326,3376,101702,94.34,14810,2,progressive,"FULLER, Brett Stephen",United Australia Party,"ANDREWS, Kevin",Liberal,52687
Menzies,https://results.aec.gov.au/24310/Website/HouseDivisionPage-24310-229.htm,https://results.aec.gov.au/24310/Website/HouseDop-24310-229.htm,"ANDREWS, Kevin",Liberal,107801,98326,3376,101702,94.34,14810,2,progressive,"FULLER, Brett Stephen",United Australia Party,"YEE, Stella",Australian Labor Party,30459
Menzies,https://results.aec.gov.au/24310/Website/HouseDivisionPage-24310-229.htm,https://results.aec.gov.au/24310/Website/HouseDop-24310-229.htm,"ANDREWS, Kevin",Liberal,107801,98326,3376,101702,94.34,14810,2,progressive,"FULLER, Brett Stephen",United Australia Party,"HUMPHREYS, Robert",The Greens (VIC),11576
Menzies,https://results.aec.gov.au/24310/Website/HouseDivisionPage-24310-229.htm,https://results.aec.gov.au/24310/Website/HouseDop-24310-229.htm,"ANDREWS, Kevin",Liberal,107801,98326,3376,101702,94.34,14810,2,progressive,"FULLER, Brett Stephen",United Australia Party,"KELLEHER, Teresa Mary",Labour DLP,3604
Menzies,https://results.aec.gov.au/24310/Website/HouseDivisionPage-24310-229.htm,https://results.aec.gov.au/24310/Website/HouseDop-24310-229.htm,"ANDREWS, Kevin",Liberal,107801,98326,3376,101702,94.34,14810,3,transfer,"KELLEHER, Teresa Mary",Labour DLP,"ANDREWS, Kevin",Liberal,1472
Menzies,https://results.aec.gov.au/24310/Website/HouseDivisionPage-24310-229.htm,https://results.aec.gov.au/24310/Website/HouseDop-24310-229.htm,"ANDREWS, Kevin",Liberal,107801,98326,3376,101702,94.34,14810,3,transfer,"KELLEHER, Teresa Mary",Labour DLP,"HUMPHREYS, Robert",The Greens (VIC),699
Menzies,https://results.aec.gov.au/24310/Website/HouseDivisionPage-24310-229.htm,https://results.aec.gov.au/24310/Website/HouseDop-24310-229.htm,"ANDREWS, Kevin",Liberal,107801,98326,3376,101702,94.34,14810,3,transfer,"KELLEHER, Teresa Mary",Labour DLP,"YEE, Stella",Australian Labor Party,1433
Menzies,https://results.aec.gov.au/24310/Website/HouseDivisionPage-24310-229.htm,https://results.aec.gov.au/24310/Website/HouseDop-24310-229.htm,"ANDREWS, Kevin",Liberal,107801,98326,3376,101702,94.34,14810,3,progressive,"KELLEHER, Teresa Mary",Labour DLP,"ANDREWS, Kevin",Liberal,54159
Menzies,https://results.aec.gov.au/24310/Website/HouseDivisionPage-24310-229.htm,https://results.aec.gov.au/24310/Website/HouseDop-24310-229.htm,"ANDREWS, Kevin",Liberal,107801,98326,3376,101702,94.34,14810,3,progressive,"KELLEHER, Teresa Mary",Labour DLP,"YEE, Stella",Australian Labor Party,31892
Menzies,https://results.aec.gov.au/24310/Website/HouseDivisionPage-24310-229.htm,https://results.aec.gov.au/24310/Website/HouseDop-24310-229.htm,"ANDREWS, Kevin",Liberal,107801,98326,3376,101702,94.34,14810,3,progressive,"KELLEHER, Teresa Mary",Labour DLP,"HUMPHREYS, Robert",The Greens (VIC),12275
Menzies,https://results.aec.gov.au/24310/Website/HouseDivisionPage-24310-229.htm,https://results.aec.gov.au/24310/Website/HouseDop-24310-229.htm,"ANDREWS, Kevin",Liberal,107801,98326,3376,101702,94.34,14810,4,transfer,"HUMPHREYS, Robert",The Greens (VIC),"ANDREWS, Kevin",Liberal,2409
Menzies,https://results.aec.gov.au/24310/Website/HouseDivisionPage-24310-229.htm,https://results.aec.gov.au/24310/Website/HouseDop-24310-229.htm,"ANDREWS, Kevin",Liberal,107801,98326,3376,101702,94.34,14810,4,transfer,"HUMPHREYS, Robert",The Greens (VIC),"YEE, Stella",Australian Labor Party,9866
Menzies,https://results.aec.gov.au/24310/Website/HouseDivisionPage-24310-229.htm,https://results.aec.gov.au/24310/Website/HouseDop-24310-229.htm,"ANDREWS, Kevin",Liberal,107801,98326,3376,101702,94.34,14810,4,final,"HUMPHREYS, Robert",The Greens (VIC),"ANDREWS, Kevin",Liberal,56568
Menzies,https://results.aec.gov.au/24310/Website/HouseDivisionPage-24310-229.htm,https://results.aec.gov.au/24310/Website/HouseDop-24310-229.htm,"ANDREWS, Kevin",Liberal,107801,98326,3376,101702,94.34,14810,4,final,"HUMPHREYS, Robert",The Greens (VIC),"YEE, Stella",Australian Labor Party,41758
Monash,https://results.aec.gov.au/24310/Website/HouseDivisionPage-24310-323.htm,https://results.aec.gov.au/24310/Website/HouseDop-24310-323.htm,"BROADBENT, Russell",Liberal,112483,100481,4636,105117,93.45,14781,0,first,,,"BROADBENT, Russell",Liberal,46501
Monash,https://results.aec.gov.au/24310/Website/HouseDivisionPage-24310-323.htm,https://results.aec.gov.au/24310/Website/HouseDop-24310-323.htm,"BROADBENT, Russell",Liberal,112483,100481,4636,105117,93.45,14781,0,first,,,"O'DONNELL, Jessica",Australian Labor Party,29656
Monash,https://results.aec.gov.au/24310/Website/HouseDivisionPage-24310-323.htm,https://results.aec.gov.au/24310/Website/HouseDop-24310-323.htm,"BROADBENT, Russell",Liberal,112483,100481,4636,105117,93.45,14781,0,first,,,"WADDELL, Jeff",Pauline Hanson's One Nation,7656
Monash,https://results.aec.gov.au/24310/Website/HouseDivisionPage-24310-323.htm,https://results.aec.gov.au/24310/Website/HouseDop-24310-323.htm,"BROADBENT, Russell",Liberal,112483,100481,4636,105117,93.45,14781,0,first,,,"HORNSTRA, William",The Greens (VIC),7047
Monash,https://results.aec.gov.au/24310/Website/HouseDivisionPage-24310-323.htm,https://results.aec.gov.au/24310/Website/HouseDop-24310-323.htm,"BROADBENT, Russell",Liberal,112483,100481,4636,105117,93.45,14781,0,first,,,"SHERRY, Matthew",United Australia Party,4028
Monash,https://results.aec.gov.au/24310/Website/HouseDivisionPage-24310-323.htm,https://results.aec.gov.au/24310/Website/HouseDop-24310-323.htm,"BROADBENT, Russell",Liberal,112483,100481,4636,105117,93.45,14781,0,first,,,"FOZARD, Michael Stewart",Independent,2870
Monash,https://results.aec.gov.au/24310/Website/HouseDivisionPage-24310-323.htm,https://results.aec.gov.au/24310/Website/HouseDop-24310-323.htm,"BROADBENT, Russell",Liberal,112483,100481,4636,105117,93.45,14781,0,first,,,"VERHOEVEN, John",Independent,2723
Monash,https://results.aec.gov.au/24310/Website/HouseDivisionPage-24310-323.htm,https://results.aec.gov.au/24310/Website/HouseDop-24310-323.htm,"BROADBENT, Russell",Liberal,112483,100481,4636,105117,93.45,14781,1,transfer,"VERHOEVEN, John",Independent,"BROADBENT, Russell",Liberal,316
Monash,https://results.aec.gov.au/24310/Website/HouseDivisionPage-24310-323.htm,https://results.aec.gov.au/24310/Website/HouseDop-24310-323.htm,"BROADBENT, Russell",Liberal,112483,100481,4636,105117,93.45,14781,1,transfer,"VERHOEVEN, John",Independent,"FOZARD, Michael Stewart",Independent,1690
Monash,https://results.aec.gov.au/24310/Website/HouseDivisionPage-24310-323.htm,https://results.aec.gov.au/24310/Website/HouseDop-24310-323.htm,"BROADBENT, Russell",Liberal,112483,100481,4636,105117,93.45,14781,1,transfer,"VERHOEVEN, John",Independent,"HORNSTRA, William",The Greens (VIC),73
Monash,https://results.aec.gov.au/24310/Website/HouseDivisionPage-24310-323.htm,https://results.aec.gov.au/24310/Website/HouseDop-24310-323.htm,"BROADBENT, Russell",Liberal,112483,100481,4636,105117,93.45,14781,1,transfer,"VERHOEVEN, John",Independent,"O'DONNELL, Jessica",Australian Labor Party,218
Monash,https://results.aec.gov.au/24310/Website/HouseDivisionPage-24310-323.htm,https://results.aec.gov.au/24310/Website/HouseDop-24310-323.htm,"BROADBENT, Russell",Liberal,112483,100481,4636,105117,93.45,14781,1,transfer,"VERHOEVEN, John",Independent,"SHERRY, Matthew",United Australia Party,174
Monash,https://results.aec.gov.au/24310/Website/HouseDivisionPage-24310-323.htm,https://results.aec.gov.au/24310/Website/HouseDop-24310-323.htm,"BROADBENT, Russell",Liberal,112483,100481,4636,105117,93.45,14781,1,transfer,"VERHOEVEN, John",Independent,"WADDELL, Jeff",Pauline Hanson's One Nation,252
Monash,https://results.aec.gov.au/24310/Website/HouseDivisionPage-24310-323.htm,https://results.aec.gov.au/24310/Website/HouseDop-24310-323.htm,"BROADBENT, Russell",Liberal,112483,100481,4636,105117,93.45,14781,1,progressive,"VERHOEVEN, John",Independent,"BROADBENT, Russell",Liberal,46817
Monash,https://results.aec.gov.au/24310/Website/HouseDivisionPage-24310-323.htm,https://results.aec.gov.au/24310/Website/HouseDop-24310-323.htm,"BROADBENT, Russell",Liberal,112483,100481,4636,105117,93.45,14781,1,progressive,"VERHOEVEN, John",Independent,"O'DONNELL, Jessica",Australian Labor Party,29874
Monash,https://results.aec.gov.au/24310/Website/HouseDivisionPage-24310-323.htm,https://results.aec.gov.au/24310/Website/HouseDop-24310-323.htm,"BROADBENT, Russell",Liberal,112483,100481,4636,105117,93.45,14781,1,progressive,"VERHOEVEN, John",Independent,"WADDELL, Jeff",Pauline Hanson's One Nation,7908
Monash,https://results.aec.gov.au/24310/Website/HouseDivisionPage-24310-323.htm,https://results.aec.gov.au/24310/Website/HouseDop-24310-323.htm,"BROADBENT, Russell",Liberal,112483,100481,4636,105117,93.45,14781,1,progressive,"VERHOEVEN, John",Independent,"HORNSTRA, William",The Greens (VIC),7120
Monash,https://results.aec.gov.au/24310/Website/HouseDivisionPage-24310-323.htm,https://results.aec.gov.au/24310/Website/HouseDop-24310-323.htm,"BROADBENT, Russell",Liberal,112483,100481,4636,105117,93.45,14781,1,progressive,"VERHOEVEN, John",Independent,"FOZARD, Michael Stewart",Independent,4560
Monash,https://results.aec.gov.au/24310/Website/HouseDivisionPage-24310-323.htm,https://results.aec.gov.au/24310/Website/HouseDop-24310-323.htm,"BROADBENT, Russell",Liberal,112483,100481,4636,105117,93.45,14781,1,progressive,"VERHOEVEN, John",Independent,"SHERRY, Matthew",United Australia Party,4202
Monash,https://results.aec.gov.au/24310/Website/HouseDivisionPage-24310-323.htm,https://results.aec.gov.au/24310/Website/HouseDop-24310-323.htm,"BROADBENT, Russell",Liberal,112483,100481,4636,105117,93.45,14781,2,transfer,"SHERRY, Matthew",United Australia Party,"BROADBENT, Russell",Liberal,1765
Monash,https://results.aec.gov.au/24310/Website/HouseDivisionPage-24310-323.htm,https://results.aec.gov.au/24310/Website/HouseDop-24310-323.htm,"BROADBENT, Russell",Liberal,112483,100481,4636,105117,93.45,14781,2,transfer,"SHERRY, Matthew",United Australia Party,"FOZARD, Michael Stewart",Independent,508
Monash,https://results.aec.gov.au/24310/Website/HouseDivisionPage-24310-323.htm,https://results.aec.gov.au/24310/Website/HouseDop-24310-323.htm,"BROADBENT, Russell",Liberal,112483,100481,4636,105117,93.45,14781,2,transfer,"SHERRY, Matthew",United Australia Party,"HORNSTRA, William",The Greens (VIC),246
Monash,https://results.aec.gov.au/24310/Website/HouseDivisionPage-24310-323.htm,https://results.aec.gov.au/24310/Website/HouseDop-24310-323.htm,"BROADBENT, Russell",Liberal,112483,100481,4636,105117,93.45,14781,2,transfer,"SHERRY, Matthew",United Australia Party,"O'DONNELL, Jessica",Australian Labor Party,339
Monash,https://results.aec.gov.au/24310/Website/HouseDivisionPage-24310-323.htm,https://results.aec.gov.au/24310/Website/HouseDop-24310-323.htm,"BROADBENT, Russell",Liberal,112483,100481,4636,105117,93.45,14781,2,transfer,"SHERRY, Matthew",United Australia Party,"WADDELL, Jeff",Pauline Hanson's One Nation,1344
Monash,https://results.aec.gov.au/24310/Website/HouseDivisionPage-24310-323.htm,https://results.aec.gov.au/24310/Website/HouseDop-24310-323.htm,"BROADBENT, Russell",Liberal,112483,100481,4636,105117,93.45,14781,2,progressive,"SHERRY, Matthew",United Australia Party,"BROADBENT, Russell",Liberal,48582
Monash,https://results.aec.gov.au/24310/Website/HouseDivisionPage-24310-323.htm,https://results.aec.gov.au/24310/Website/HouseDop-24310-323.htm,"BROADBENT, Russell",Liberal,112483,100481,4636,105117,93.45,14781,2,progressive,"SHERRY, Matthew",United Australia Party,"O'DONNELL, Jessica",Australian Labor Party,30213
Monash,https://results.aec.gov.au/24310/Website/HouseDivisionPage-24310-323.htm,https://results.aec.gov.au/24310/Website/HouseDop-24310-323.htm,"BROADBENT, Russell",Liberal,112483,100481,4636,105117,93.45,14781,2,progressive,"SHERRY, Matthew",United Australia Party,"WADDELL, Jeff",Pauline Hanson's One Nation,9252
Monash,https://results.aec.gov.au/24310/Website/HouseDivisionPage-24310-323.htm,https://results.aec.gov.au/24310/Website/HouseDop-24310-323.htm,"BROADBENT, Russell",Liberal,112483,100481,4636,105117,93.45,14781,2,progressive,"SHERRY, Matthew",United Australia Party,"HORNSTRA, William",The Greens (VIC),7366
Monash,https://results.aec.gov.au/24310/Website/HouseDivisionPage-24310-323.htm,https://results.aec.gov.au/24310/Website/HouseDop-24310-323.htm,"BROADBENT, Russell",Liberal,112483,100481,4636,105117,93.45,14781,2,progressive,"SHERRY, Matthew",United Australia Party,"FOZARD, Michael Stewart",Independent,5068
Monash,https://results.aec.gov.au/24310/Website/HouseDivisionPage-24310-323.htm,https://results.aec.gov.au/24310/Website/HouseDop-24310-323.htm,"BROADBENT, Russell",Liberal,112483,100481,4636,105117,93.45,14781,3,transfer,"FOZARD, Michael Stewart",Independent,"BROADBENT, Russell",Liberal,1187
Monash,https://results.aec.gov.au/24310/Website/HouseDivisionPage-24310-323.htm,https://results.aec.gov.au/24310/Website/HouseDop-24310-323.htm,"BROADBENT, Russell",Liberal,112483,100481,4636,105117,93.45,14781,3,transfer,"FOZARD, Michael Stewart",Independent,"HORNSTRA, William",The Greens (VIC),795
Monash,https://results.aec.gov.au/24310/Website/HouseDivisionPage-24310-323.htm,https://results.aec.gov.au/24310/Website/HouseDop-24310-323.htm,"BROADBENT, Russell",Liberal,112483,100481,4636,105117,93.45,14781,3,transfer,"FOZARD, Michael Stewart",Independent,"O'DONNELL, Jessica",Australian Labor Party,1202
Monash,https://results.aec.gov.au/24310/Website/HouseDivisionPage-24310-323.htm,https://results.aec.gov.au/24310/Website/HouseDop-24310-323.htm,"BROADBENT, Russell",Liberal,112483,100481,4636,105117,93.45,14781,3,transfer,"FOZARD, Michael Stewart",Independent,"WADDELL, Jeff",Pauline Hanson's One Nation,1884
Monash,https://results.aec.gov.au/24310/Website/HouseDivisionPage-24310-323.htm,https://results.aec.gov.au/24310/Website/HouseDop-24310-323.htm,"BROADBENT, Russell",Liberal,112483,100481,4636,105117,93.45,14781,3,progressive,"FOZARD, Michael Stewart",Independent,"BROADBENT, Russell",Liberal,49769
Monash,https://results.aec.gov.au/24310/Website/HouseDivisionPage-24310-323.htm,https://results.aec.gov.au/24310/Website/HouseDop-24310-323.htm,"BROADBENT, Russell",Liberal,112483,100481,4636,105117,93.45,14781,3,progressive,"FOZARD, Michael Stewart",Independent,"O'DONNELL, Jessica",Australian Labor Party,31415
Monash,https://results.aec.gov.au/24310/Website/HouseDivisionPage-24310-323.htm,https://results.aec.gov.au/24310/Website/HouseDop-24310-323.htm,"BROADBENT, Russell",Liberal,112483,100481,4636,105117,93.45,14781,3,progressive,"FOZARD, Michael Stewart",Independent,"WADDELL, Jeff",Pauline Hanson's One Nation,11136
Monash,https://results.aec.gov.au/24310/Website/HouseDivisionPage-24310-323.htm,https://results.aec.gov.au/24310/Website/HouseDop-24310-323.htm,"BROADBENT, Russell",Liberal,112483,100481,4636,105117,93.45,14781,3,progressive,"FOZARD, Michael Stewart",Independent,"HORNSTRA, William",The Greens (VIC),8161
Monash,https://results.aec.gov.au/24310/Website/HouseDivisionPage-24310-323.htm,https://results.aec.gov.au/24310/Website/HouseDop-24310-323.htm,"BROADBENT, Russell",Liberal,112483,100481,4636,105117,93.45,14781,4,transfer,"HORNSTRA, William",The Greens (VIC),"BROADBENT, Russell",Liberal,1304
Monash,https://results.aec.gov.au/24310/Website/HouseDivisionPage-24310-323.htm,https://results.aec.gov.au/24310/Website/HouseDop-24310-323.htm,"BROADBENT, Russell",Liberal,112483,100481,4636,105117,93.45,14781,4,transfer,"HORNSTRA, William",The Greens (VIC),"O'DONNELL, Jessica",Australian Labor Party,6139
Monash,https://results.aec.gov.au/24310/Website/HouseDivisionPage-24310-323.htm,https://results.aec.gov.au/24310/Website/HouseDop-24310-323.htm,"BROADBENT, Russell",Liberal,112483,100481,4636,105117,93.45,14781,4,transfer,"HORNSTRA, William",The Greens (VIC),"WADDELL, Jeff",Pauline Hanson's One Nation,718
Monash,https://results.aec.gov.au/24310/Website/HouseDivisionPage-24310-323.htm,https://results.aec.gov.au/24310/Website/HouseDop-24310-323.htm,"BROADBENT, Russell",Liberal,112483,100481,4636,105117,93.45,14781,4,progressive,"HORNSTRA, William",The Greens (VIC),"BROADBENT, Russell",Liberal,51073
Monash,https://results.aec.gov.au/24310/Website/HouseDivisionPage-24310-323.htm,https://results.aec.gov.au/24310/Website/HouseDop-24310-323.htm,"BROADBENT, Russell",Liberal,112483,100481,4636,105117,93.45,14781,4,progressive,"HORNSTRA, William",The Greens (VIC),"O'DONNELL, Jessica",Australian Labor Party,37554
Monash,https://results.aec.gov.au/24310/Website/HouseDivisionPage-24310-323.htm,https://results.aec.gov.au/24310/Website/HouseDop-24310-323.htm,"BROADBENT, Russell",Liberal,112483,100481,4636,105117,93.45,14781,4,progressive,"HORNSTRA, William",The Greens (VIC),"WADDELL, Jeff",Pauline Hanson's One Nation,11854
Monash,https://results.aec.gov.au/24310/Website/HouseDivisionPage-24310-323.htm,https://results.aec.gov.au/24310/Website/HouseDop-24310-323.htm,"BROADBENT, Russell",Liberal,112483,100481,4636,105117,93.45,14781,5,transfer,"WADDELL, Jeff",Pauline Hanson's One Nation,"BROADBENT, Russell",Liberal,6558
Monash,https://results.aec.gov.au/24310/Website/HouseDivisionPage-24310-323.htm,https://results.aec.gov.au/24310/Website/HouseDop-24310-323.htm,"BROADBENT, Russell",Liberal,112483,100481,4636,105117,93.45,14781,5,transfer,"WADDELL, Jeff",Pauline Hanson's One Nation,"O'DONNELL, Jessica",Australian Labor Party,5296
Monash,https://results.aec.gov.au/24310/Website/HouseDivisionPage-24310-323.htm,https://results.aec.gov.au/24310/Website/HouseDop-24310-323.htm,"BROADBENT, Russell",Liberal,112483,100481,4636,105117,93.45,14781,5,final,"WADDELL, Jeff",Pauline Hanson's One Nation,"BROADBENT, Russell",Liberal,57631
Monash,https://results.aec.gov.au/24310/Website/HouseDivisionPage-24310-323.htm,https://results.aec.gov.au/24310/Website/HouseDop-24310-323.htm,"BROADBENT, Russell",Liberal,112483,100481,4636,105117,93.45,14781,5,final,"WADDELL, Jeff",Pauline Hanson's One Nation,"O'DONNELL, Jessica",Australian Labor Party,42850
Nicholls,https://results.aec.gov.au/24310/Website/HouseDivisionPage-24310-324.htm,https://results.aec.gov.au/24310/Website/HouseDop-24310-324.htm,"DRUM, Damian",The Nationals,111134,95292,7679,102971,92.65,38172,0,first,,,"DRUM, Damian",The Nationals,48855
Nicholls,https://results.aec.gov.au/24310/Website/HouseDivisionPage-24310-324.htm,https://results.aec.gov.au/24310/Website/HouseDop-24310-324.htm,"DRUM, Damian",The Nationals,111134,95292,7679,102971,92.65,38172,0,first,,,"LODWICK, Bill",Australian Labor Party,18493
Nicholls,https://results.aec.gov.au/24310/Website/HouseDivisionPage-24310-324.htm,https://results.aec.gov.au/24310/Website/HouseDop-24310-324.htm,"DRUM, Damian",The Nationals,111134,95292,7679,102971,92.65,38172,0,first,,,"TYRRELL, Rikkie-Lee",Pauline Hanson's One Nation,10754
Nicholls,https://results.aec.gov.au/24310/Website/HouseDivisionPage-24310-324.htm,https://results.aec.gov.au/24310/Website/HouseDop-24310-324.htm,"DRUM, Damian",The Nationals,111134,95292,7679,102971,92.65,38172,0,first,,,"HINE, Stewart John",United Australia Party,5077
Nicholls,https://results.aec.gov.au/24310/Website/HouseDivisionPage-24310-324.htm,https://results.aec.gov.au/24310/Website/HouseDop-24310-324.htm,"DRUM, Damian",The Nationals,111134,95292,7679,102971,92.65,38172,0,first,,,"BOCK, Andrew",Independent,4581
Nicholls,https://results.aec.gov.au/24310/Website/HouseDivisionPage-24310-324.htm,https://results.aec.gov.au/24310/Website/HouseDop-24310-324.htm,"DRUM, Damian",The Nationals,111134,95292,7679,102971,92.65,38172,0,first,,,"FREEMAN, Nickee",The Greens (VIC),4011
Nicholls,https://results.aec.gov.au/24310/Website/HouseDivisionPage-24310-324.htm,https://results.aec.gov.au/24310/Website/HouseDop-24310-324.htm,"DRUM, Damian",The Nationals,111134,95292,7679,102971,92.65,38172,0,first,,,"PARKER, Jeremy",Independent,1772
Nicholls,https://results.aec.gov.au/24310/Website/HouseDivisionPage-24310-324.htm,https://results.aec.gov.au/24310/Website/HouseDop-24310-324.htm,"DRUM, Damian",The Nationals,111134,95292,7679,102971,92.65,38172,0,first,,,"HICKS, Nigel",Independent,1749
Nicholls,https://results.aec.gov.au/24310/Website/HouseDivisionPage-24310-324.htm,https://results.aec.gov.au/24310/Website/HouseDop-24310-324.htm,"DRUM, Damian",The Nationals,111134,95292,7679,102971,92.65,38172,1,transfer,"HICKS, Nigel",Independent,"BOCK, Andrew",Independent,444
Nicholls,https://results.aec.gov.au/24310/Website/HouseDivisionPage-24310-324.htm,https://results.aec.gov.au/24310/Website/HouseDop-24310-324.htm,"DRUM, Damian",The Nationals,111134,95292,7679,102971,92.65,38172,1,transfer,"HICKS, Nigel",Independent,"DRUM, Damian",The Nationals,294
Nicholls,https://results.aec.gov.au/24310/Website/HouseDivisionPage-24310-324.htm,https://results.aec.gov.au/24310/Website/HouseDop-24310-324.htm,"DRUM, Damian",The Nationals,111134,95292,7679,102971,92.65,38172,1,transfer,"HICKS, Nigel",Independent,"FREEMAN, Nickee",The Greens (VIC),103
Nicholls,https://results.aec.gov.au/24310/Website/HouseDivisionPage-24310-324.htm,https://results.aec.gov.au/24310/Website/HouseDop-24310-324.htm,"DRUM, Damian",The Nationals,111134,95292,7679,102971,92.65,38172,1,transfer,"HICKS, Nigel",Independent,"HINE, Stewart John",United Australia Party,105
Nicholls,https://results.aec.gov.au/24310/Website/HouseDivisionPage-24310-324.htm,https://results.aec.gov.au/24310/Website/HouseDop-24310-324.htm,"DRUM, Damian",The Nationals,111134,95292,7679,102971,92.65,38172,1,transfer,"HICKS, Nigel",Independent,"LODWICK, Bill",Australian Labor Party,99
Nicholls,https://results.aec.gov.au/24310/Website/HouseDivisionPage-24310-324.htm,https://results.aec.gov.au/24310/Website/HouseDop-24310-324.htm,"DRUM, Damian",The Nationals,111134,95292,7679,102971,92.65,38172,1,transfer,"HICKS, Nigel",Independent,"PARKER, Jeremy",Independent,338
Nicholls,https://results.aec.gov.au/24310/Website/HouseDivisionPage-24310-324.htm,https://results.aec.gov.au/24310/Website/HouseDop-24310-324.htm,"DRUM, Damian",The Nationals,111134,95292,7679,102971,92.65,38172,1,transfer,"HICKS, Nigel",Independent,"TYRRELL, Rikkie-Lee",Pauline Hanson's One Nation,366
Nicholls,https://results.aec.gov.au/24310/Website/HouseDivisionPage-24310-324.htm,https://results.aec.gov.au/24310/Website/HouseDop-24310-324.htm,"DRUM, Damian",The Nationals,111134,95292,7679,102971,92.65,38172,1,progressive,"HICKS, Nigel",Independent,"DRUM, Damian",The Nationals,49149
Nicholls,https://results.aec.gov.au/24310/Website/HouseDivisionPage-24310-324.htm,https://results.aec.gov.au/24310/Website/HouseDop-24310-324.htm,"DRUM, Damian",The Nationals,111134,95292,7679,102971,92.65,38172,1,progressive,"HICKS, Nigel",Independent,"LODWICK, Bill",Australian Labor Party,18592
Nicholls,https://results.aec.gov.au/24310/Website/HouseDivisionPage-24310-324.htm,https://results.aec.gov.au/24310/Website/HouseDop-24310-324.htm,"DRUM, Damian",The Nationals,111134,95292,7679,102971,92.65,38172,1,progressive,"HICKS, Nigel",Independent,"TYRRELL, Rikkie-Lee",Pauline Hanson's One Nation,11120
Nicholls,https://results.aec.gov.au/24310/Website/HouseDivisionPage-24310-324.htm,https://results.aec.gov.au/24310/Website/HouseDop-24310-324.htm,"DRUM, Damian",The Nationals,111134,95292,7679,102971,92.65,38172,1,progressive,"HICKS, Nigel",Independent,"HINE, Stewart John",United Australia Party,5182
Nicholls,https://results.aec.gov.au/24310/Website/HouseDivisionPage-24310-324.htm,https://results.aec.gov.au/24310/Website/HouseDop-24310-324.htm,"DRUM, Damian",The Nationals,111134,95292,7679,102971,92.65,38172,1,progressive,"HICKS, Nigel",Independent,"BOCK, Andrew",Independent,5025
Nicholls,https://results.aec.gov.au/24310/Website/HouseDivisionPage-24310-324.htm,https://results.aec.gov.au/24310/Website/HouseDop-24310-324.htm,"DRUM, Damian",The Nationals,111134,95292,7679,102971,92.65,38172,1,progressive,"HICKS, Nigel",Independent,"FREEMAN, Nickee",The Greens (VIC),4114
Nicholls,https://results.aec.gov.au/24310/Website/HouseDivisionPage-24310-324.htm,https://results.aec.gov.au/24310/Website/HouseDop-24310-324.htm,"DRUM, Damian",The Nationals,111134,95292,7679,102971,92.65,38172,1,progressive,"HICKS, Nigel",Independent,"PARKER, Jeremy",Independent,2110
Nicholls,https://results.aec.gov.au/24310/Website/HouseDivisionPage-24310-324.htm,https://results.aec.gov.au/24310/Website/HouseDop-24310-324.htm,"DRUM, Damian",The Nationals,111134,95292,7679,102971,92.65,38172,2,transfer,"PARKER, Jeremy",Independent,"BOCK, Andrew",Independent,1255
Nicholls,https://results.aec.gov.au/24310/Website/HouseDivisionPage-24310-324.htm,https://results.aec.gov.au/24310/Website/HouseDop-24310-324.htm,"DRUM, Damian",The Nationals,111134,95292,7679,102971,92.65,38172,2,transfer,"PARKER, Jeremy",Independent,"DRUM, Damian",The Nationals,431
Nicholls,https://results.aec.gov.au/24310/Website/HouseDivisionPage-24310-324.htm,https://results.aec.gov.au/24310/Website/HouseDop-24310-324.htm,"DRUM, Damian",The Nationals,111134,95292,7679,102971,92.65,38172,2,transfer,"PARKER, Jeremy",Independent,"FREEMAN, Nickee",The Greens (VIC),59
Nicholls,https://results.aec.gov.au/24310/Website/HouseDivisionPage-24310-324.htm,https://results.aec.gov.au/24310/Website/HouseDop-24310-324.htm,"DRUM, Damian",The Nationals,111134,95292,7679,102971,92.65,38172,2,transfer,"PARKER, Jeremy",Independent,"HINE, Stewart John",United Australia Party,136
Nicholls,https://results.aec.gov.au/24310/Website/HouseDivisionPage-24310-324.htm,https://results.aec.gov.au/24310/Website/HouseDop-24310-324.htm,"DRUM, Damian",The Nationals,111134,95292,7679,102971,92.65,38172,2,transfer,"PARKER, Jeremy",Independent,"LODWICK, Bill",Australian Labor Party,95
Nicholls,https://results.aec.gov.au/24310/Website/HouseDivisionPage-24310-324.htm,https://results.aec.gov.au/24310/Website/HouseDop-24310-324.htm,"DRUM, Damian",The Nationals,111134,95292,7679,102971,92.65,38172,2,transfer,"PARKER, Jeremy",Independent,"TYRRELL, Rikkie-Lee",Pauline Hanson's One Nation,134
Nicholls,https://results.aec.gov.au/24310/Website/HouseDivisionPage-24310-324.htm,https://results.aec.gov.au/24310/Website/HouseDop-24310-324.htm,"DRUM, Damian",The Nationals,111134,95292,7679,102971,92.65,38172,2,progressive,"PARKER, Jeremy",Independent,"DRUM, Damian",The Nationals,49580
Nicholls,https://results.aec.gov.au/24310/Website/HouseDivisionPage-24310-324.htm,https://results.aec.gov.au/24310/Website/HouseDop-24310-324.htm,"DRUM, Damian",The Nationals,111134,95292,7679,102971,92.65,38172,2,progressive,"PARKER, Jeremy",Independent,"LODWICK, Bill",Australian Labor Party,18687
Nicholls,https://results.aec.gov.au/24310/Website/HouseDivisionPage-24310-324.htm,https://results.aec.gov.au/24310/Website/HouseDop-24310-324.htm,"DRUM, Damian",The Nationals,111134,95292,7679,102971,92.65,38172,2,progressive,"PARKER, Jeremy",Independent,"TYRRELL, Rikkie-Lee",Pauline Hanson's One Nation,11254
Nicholls,https://results.aec.gov.au/24310/Website/HouseDivisionPage-24310-324.htm,https://results.aec.gov.au/24310/Website/HouseDop-24310-324.htm,"DRUM, Damian",The Nationals,111134,95292,7679,102971,92.65,38172,2,progressive,"PARKER, Jeremy",Independent,"BOCK, Andrew",Independent,6280
Nicholls,https://results.aec.gov.au/24310/Website/HouseDivisionPage-24310-324.htm,https://results.aec.gov.au/24310/Website/HouseDop-24310-324.htm,"DRUM, Damian",The Nationals,111134,95292,7679,102971,92.65,38172,2,progressive,"PARKER, Jeremy",Independent,"HINE, Stewart John",United Australia Party,5318
Nicholls,https://results.aec.gov.au/24310/Website/HouseDivisionPage-24310-324.htm,https://results.aec.gov.au/24310/Website/HouseDop-24310-324.htm,"DRUM, Damian",The Nationals,111134,95292,7679,102971,92.65,38172,2,progressive,"PARKER, Jeremy",Independent,"FREEMAN, Nickee",The Greens (VIC),4173
Nicholls,https://results.aec.gov.au/24310/Website/HouseDivisionPage-24310-324.htm,https://results.aec.gov.au/24310/Website/HouseDop-24310-324.htm,"DRUM, Damian",The Nationals,111134,95292,7679,102971,92.65,38172,3,transfer,"FREEMAN, Nickee",The Greens (VIC),"BOCK, Andrew",Independent,784
Nicholls,https://results.aec.gov.au/24310/Website/HouseDivisionPage-24310-324.htm,https://results.aec.gov.au/24310/Website/HouseDop-24310-324.htm,"DRUM, Damian",The Nationals,111134,95292,7679,102971,92.65,38172,3,transfer,"FREEMAN, Nickee",The Greens (VIC),"DRUM, Damian",The Nationals,652
Nicholls,https://results.aec.gov.au/24310/Website/HouseDivisionPage-24310-324.htm,https://results.aec.gov.au/24310/Website/HouseDop-24310-324.htm,"DRUM, Damian",The Nationals,111134,95292,7679,102971,92.65,38172,3,transfer,"FREEMAN, Nickee",The Greens (VIC),"HINE, Stewart John",United Australia Party,172
Nicholls,https://results.aec.gov.au/24310/Website/HouseDivisionPage-24310-324.htm,https://results.aec.gov.au/24310/Website/HouseDop-24310-324.htm,"DRUM, Damian",The Nationals,111134,95292,7679,102971,92.65,38172,3,transfer,"FREEMAN, Nickee",The Greens (VIC),"LODWICK, Bill",Australian Labor Party,2222
Nicholls,https://results.aec.gov.au/24310/Website/HouseDivisionPage-24310-324.htm,https://results.aec.gov.au/24310/Website/HouseDop-24310-324.htm,"DRUM, Damian",The Nationals,111134,95292,7679,102971,92.65,38172,3,transfer,"FREEMAN, Nickee",The Greens (VIC),"TYRRELL, Rikkie-Lee",Pauline Hanson's One Nation,343
Nicholls,https://results.aec.gov.au/24310/Website/HouseDivisionPage-24310-324.htm,https://results.aec.gov.au/24310/Website/HouseDop-24310-324.htm,"DRUM, Damian",The Nationals,111134,95292,7679,102971,92.65,38172,3,progressive,"FREEMAN, Nickee",The Greens (VIC),"DRUM, Damian",The Nationals,50232
Nicholls,https://results.aec.gov.au/24310/Website/HouseDivisionPage-24310-324.htm,https://results.aec.gov.au/24310/Website/HouseDop-24310-324.htm,"DRUM, Damian",The Nationals,111134,95292,7679,102971,92.65,38172,3,progressive,"FREEMAN, Nickee",The Greens (VIC),"LODWICK, Bill",Australian Labor Party,20909
Nicholls,https://results.aec.gov.au/24310/Website/HouseDivisionPage-24310-324.htm,https://results.aec.gov.au/24310/Website/HouseDop-24310-324.htm,"DRUM, Damian",The Nationals,111134,95292,7679,102971,92.65,38172,3,progressive,"FREEMAN, Nickee",The Greens (VIC),"TYRRELL, Rikkie-Lee",Pauline Hanson's One Nation,11597
Nicholls,https://results.aec.gov.au/24310/Website/HouseDivisionPage-24310-324.htm,https://results.aec.gov.au/24310/Website/HouseDop-24310-324.htm,"DRUM, Damian",The Nationals,111134,95292,7679,102971,92.65,38172,3,progressive,"FREEMAN, Nickee",The Greens (VIC),"BOCK, Andrew",Independent,7064
Nicholls,https://results.aec.gov.au/24310/Website/HouseDivisionPage-24310-324.htm,https://results.aec.gov.au/24310/Website/HouseDop-24310-324.htm,"DRUM, Damian",The Nationals,111134,95292,7679,102971,92.65,38172,3,progressive,"FREEMAN, Nickee",The Greens (VIC),"HINE, Stewart John",United Australia Party,5490
Nicholls,https://results.aec.gov.au/24310/Website/HouseDivisionPage-24310-324.htm,https://results.aec.gov.au/24310/Website/HouseDop-24310-324.htm,"DRUM, Damian",The Nationals,111134,95292,7679,102971,92.65,38172,4,transfer,"HINE, Stewart John",United Australia Party,"BOCK, Andrew",Independent,751
Nicholls,https://results.aec.gov.au/24310/Website/HouseDivisionPage-24310-324.htm,https://results.aec.gov.au/24310/Website/HouseDop-24310-324.htm,"DRUM, Damian",The Nationals,111134,95292,7679,102971,92.65,38172,4,transfer,"HINE, Stewart John",United Australia Party,"DRUM, Damian",The Nationals,2123
Nicholls,https://results.aec.gov.au/24310/Website/HouseDivisionPage-24310-324.htm,https://results.aec.gov.au/24310/Website/HouseDop-24310-324.htm,"DRUM, Damian",The Nationals,111134,95292,7679,102971,92.65,38172,4,transfer,"HINE, Stewart John",United Australia Party,"LODWICK, Bill",Australian Labor Party,579
Nicholls,https://results.aec.gov.au/24310/Website/HouseDivisionPage-24310-324.htm,https://results.aec.gov.au/24310/Website/HouseDop-24310-324.htm,"DRUM, Damian",The Nationals,111134,95292,7679,102971,92.65,38172,4,transfer,"HINE, Stewart John",United Australia Party,"TYRRELL, Rikkie-Lee",Pauline Hanson's One Nation,2037
Nicholls,https://results.aec.gov.au/24310/Website/HouseDivisionPage-24310-324.htm,https://results.aec.gov.au/24310/Website/HouseDop-24310-324.htm,"DRUM, Damian",The Nationals,111134,95292,7679,102971,92.65,38172,4,progressive,"HINE, Stewart John",United Australia Party,"DRUM, Damian",The Nationals,52355
Nicholls,https://results.aec.gov.au/24310/Website/HouseDivisionPage-24310-324.htm,https://results.aec.gov.au/24310/Website/HouseDop-24310-324.htm,"DRUM, Damian",The Nationals,111134,95292,7679,102971,92.65,38172,4,progressive,"HINE, Stewart John",United Australia Party,"LODWICK, Bill",Australian Labor Party,21488
Nicholls,https://results.aec.gov.au/24310/Website/HouseDivisionPage-24310-324.htm,https://results.aec.gov.au/24310/Website/HouseDop-24310-324.htm,"DRUM, Damian",The Nationals,111134,95292,7679,102971,92.65,38172,4,progressive,"HINE, Stewart John",United Australia Party,"TYRRELL, Rikkie-Lee",Pauline Hanson's One Nation,13634
Nicholls,https://results.aec.gov.au/24310/Website/HouseDivisionPage-24310-324.htm,https://results.aec.gov.au/24310/Website/HouseDop-24310-324.htm,"DRUM, Damian",The Nationals,111134,95292,7679,102971,92.65,38172,4,progressive,"HINE, Stewart John",United Australia Party,"BOCK, Andrew",Independent,7815
Nicholls,https://results.aec.gov.au/24310/Website/HouseDivisionPage-24310-324.htm,https://results.aec.gov.au/24310/Website/HouseDop-24310-324.htm,"DRUM, Damian",The Nationals,111134,95292,7679,102971,92.65,38172,5,transfer,"BOCK, Andrew",Independent,"DRUM, Damian",The Nationals,3616
Nicholls,https://results.aec.gov.au/24310/Website/HouseDivisionPage-24310-324.htm,https://results.aec.gov.au/24310/Website/HouseDop-24310-324.htm,"DRUM, Damian",The Nationals,111134,95292,7679,102971,92.65,38172,5,transfer,"BOCK, Andrew",Independent,"LODWICK, Bill",Australian Labor Party,2448
Nicholls,https://results.aec.gov.au/24310/Website/HouseDivisionPage-24310-324.htm,https://results.aec.gov.au/24310/Website/HouseDop-24310-324.htm,"DRUM, Damian",The Nationals,111134,95292,7679,102971,92.65,38172,5,transfer,"BOCK, Andrew",Independent,"TYRRELL, Rikkie-Lee",Pauline Hanson's One Nation,1751
Nicholls,https://results.aec.gov.au/24310/Website/HouseDivisionPage-24310-324.htm,https://results.aec.gov.au/24310/Website/HouseDop-24310-324.htm,"DRUM, Damian",The Nationals,111134,95292,7679,102971,92.65,38172,5,progressive,"BOCK, Andrew",Independent,"DRUM, Damian",The Nationals,55971
Nicholls,https://results.aec.gov.au/24310/Website/HouseDivisionPage-24310-324.htm,https://results.aec.gov.au/24310/Website/HouseDop-24310-324.htm,"DRUM, Damian",The Nationals,111134,95292,7679,102971,92.65,38172,5,progressive,"BOCK, Andrew",Independent,"LODWICK, Bill",Australian Labor Party,23936
Nicholls,https://results.aec.gov.au/24310/Website/HouseDivisionPage-24310-324.htm,https://results.aec.gov.au/24310/Website/HouseDop-24310-324.htm,"DRUM, Damian",The Nationals,111134,95292,7679,102971,92.65,38172,5,progressive,"BOCK, Andrew",Independent,"TYRRELL, Rikkie-Lee",Pauline Hanson's One Nation,15385
Nicholls,https://results.aec.gov.au/24310/Website/HouseDivisionPage-24310-324.htm,https://results.aec.gov.au/24310/Website/HouseDop-24310-324.htm,"DRUM, Damian",The Nationals,111134,95292,7679,102971,92.65,38172,6,transfer,"TYRRELL, Rikkie-Lee",Pauline Hanson's One Nation,"DRUM, Damian",The Nationals,10761
Nicholls,https://results.aec.gov.au/24310/Website/HouseDivisionPage-24310-324.htm,https://results.aec.gov.au/24310/Website/HouseDop-24310-324.htm,"DRUM, Damian",The Nationals,111134,95292,7679,102971,92.65,38172,6,transfer,"TYRRELL, Rikkie-Lee",Pauline Hanson's One Nation,"LODWICK, Bill",Australian Labor Party,4624
Nicholls,https://results.aec.gov.au/24310/Website/HouseDivisionPage-24310-324.htm,https://results.aec.gov.au/24310/Website/HouseDop-24310-324.htm,"DRUM, Damian",The Nationals,111134,95292,7679,102971,92.65,38172,6,final,"TYRRELL, Rikkie-Lee",Pauline Hanson's One Nation,"DRUM, Damian",The Nationals,66732
Nicholls,https://results.aec.gov.au/24310/Website/HouseDivisionPage-24310-324.htm,https://results.aec.gov.au/24310/Website/HouseDop-24310-324.htm,"DRUM, Damian",The Nationals,111134,95292,7679,102971,92.65,38172,6,final,"TYRRELL, Rikkie-Lee",Pauline Hanson's One Nation,"LODWICK, Bill",Australian Labor Party,28560
Scullin,https://results.aec.gov.au/24310/Website/HouseDivisionPage-24310-232.htm,https://results.aec.gov.au/24310/Website/HouseDop-24310-232.htm,"GILES, Andrew",Australian Labor Party,105154,91809,5055,96864,92.12,39765,0,first,,,"GILES, Andrew",Australian Labor Party,55467
Scullin,https://results.aec.gov.au/24310/Website/HouseDivisionPage-24310-232.htm,https://results.aec.gov.au/24310/Website/HouseDop-24310-232.htm,"GILES, Andrew",Australian Labor Party,105154,91809,5055,96864,92.12,39765,0,first,,,"SINGH, Gurpal",Liberal,20484
Scullin,https://results.aec.gov.au/24310/Website/HouseDivisionPage-24310-232.htm,https://results.aec.gov.au/24310/Website/HouseDop-24310-232.htm,"GILES, Andrew",Australian Labor Party,105154,91809,5055,96864,92.12,39765,0,first,,,"SMITH, Cynthia",The Greens (VIC),6128
Scullin,https://results.aec.gov.au/24310/Website/HouseDivisionPage-24310-232.htm,https://results.aec.gov.au/24310/Website/HouseDop-24310-232.htm,"GILES, Andrew",Australian Labor Party,105154,91809,5055,96864,92.12,39765,0,first,,,"HASAN, Firas",United Australia Party,4625
Scullin,https://results.aec.gov.au/24310/Website/HouseDivisionPage-24310-232.htm,https://results.aec.gov.au/24310/Website/HouseDop-24310-232.htm,"GILES, Andrew",Australian Labor Party,105154,91809,5055,96864,92.12,39765,0,first,,,"WHITFIELD, Rod",Animal Justice Party,3500
Scullin,https://results.aec.gov.au/24310/Website/HouseDivisionPage-24310-232.htm,https://results.aec.gov.au/24310/Website/HouseDop-24310-232.htm,"GILES, Andrew",Australian Labor Party,105154,91809,5055,96864,92.12,39765,0,first,,,"ALBARRI, Yassin Akram",Independent,1605
Scullin,https://results.aec.gov.au/24310/Website/HouseDivisionPage-24310-232.htm,https://results.aec.gov.au/24310/Website/HouseDop-24310-232.htm,"GILES, Andrew",Australian Labor Party,105154,91809,5055,96864,92.12,39765,1,transfer,"ALBARRI, Yassin Akram",Independent,"GILES, Andrew",Australian Labor Party,353
Scullin,https://results.aec.gov.au/24310/Website/HouseDivisionPage-24310-232.htm,https://results.aec.gov.au/24310/Website/HouseDop-24310-232.htm,"GILES, Andrew",Australian Labor Party,105154,91809,5055,96864,92.12,39765,1,transfer,"ALBARRI, Yassin Akram",Independent,"HASAN, Firas",United Australia Party,345
Scullin,https://results.aec.gov.au/24310/Website/HouseDivisionPage-24310-232.htm,https://results.aec.gov.au/24310/Website/HouseDop-24310-232.htm,"GILES, Andrew",Australian Labor Party,105154,91809,5055,96864,92.12,39765,1,transfer,"ALBARRI, Yassin Akram",Independent,"SINGH, Gurpal",Liberal,391
Scullin,https://results.aec.gov.au/24310/Website/HouseDivisionPage-24310-232.htm,https://results.aec.gov.au/24310/Website/HouseDop-24310-232.htm,"GILES, Andrew",Australian Labor Party,105154,91809,5055,96864,92.12,39765,1,transfer,"ALBARRI, Yassin Akram",Independent,"SMITH, Cynthia",The Greens (VIC),202
Scullin,https://results.aec.gov.au/24310/Website/HouseDivisionPage-24310-232.htm,https://results.aec.gov.au/24310/Website/HouseDop-24310-232.htm,"GILES, Andrew",Australian Labor Party,105154,91809,5055,96864,92.12,39765,1,transfer,"ALBARRI, Yassin Akram",Independent,"WHITFIELD, Rod",Animal Justice Party,314
Scullin,https://results.aec.gov.au/24310/Website/HouseDivisionPage-24310-232.htm,https://results.aec.gov.au/24310/Website/HouseDop-24310-232.htm,"GILES, Andrew",Australian Labor Party,105154,91809,5055,96864,92.12,39765,1,progressive,"ALBARRI, Yassin Akram",Independent,"GILES, Andrew",Australian Labor Party,55820
Scullin,https://results.aec.gov.au/24310/Website/HouseDivisionPage-24310-232.htm,https://results.aec.gov.au/24310/Website/HouseDop-24310-232.htm,"GILES, Andrew",Australian Labor Party,105154,91809,5055,96864,92.12,39765,1,progressive,"ALBARRI, Yassin Akram",Independent,"SINGH, Gurpal",Liberal,20875
Scullin,https://results.aec.gov.au/24310/Website/HouseDivisionPage-24310-232.htm,https://results.aec.gov.au/24310/Website/HouseDop-24310-232.htm,"GILES, Andrew",Australian Labor Party,105154,91809,5055,96864,92.12,39765,1,progressive,"ALBARRI, Yassin Akram",Independent,"SMITH, Cynthia",The Greens (VIC),6330
Scullin,https://results.aec.gov.au/24310/Website/HouseDivisionPage-24310-232.htm,https://results.aec.gov.au/24310/Website/HouseDop-24310-232.htm,"GILES, Andrew",Australian Labor Party,105154,91809,5055,96864,92.12,39765,1,progressive,"ALBARRI, Yassin Akram",Independent,"HASAN, Firas",United Australia Party,4970
Scullin,https://results.aec.gov.au/24310/Website/HouseDivisionPage-24310-232.htm,https://results.aec.gov.au/24310/Website/HouseDop-24310-232.htm,"GILES, Andrew",Australian Labor Party,105154,91809,5055,96864,92.12,39765,1,progressive,"ALBARRI, Yassin Akram",Independent,"WHITFIELD, Rod",Animal Justice Party,3814
Scullin,https://results.aec.gov.au/24310/Website/HouseDivisionPage-24310-232.htm,https://results.aec.gov.au/24310/Website/HouseDop-24310-232.htm,"GILES, Andrew",Australian Labor Party,105154,91809,5055,96864,92.12,39765,2,transfer,"WHITFIELD, Rod",Animal Justice Party,"GILES, Andrew",Australian Labor Party,981
Scullin,https://results.aec.gov.au/24310/Website/HouseDivisionPage-24310-232.htm,https://results.aec.gov.au/24310/Website/HouseDop-24310-232.htm,"GILES, Andrew",Australian Labor Party,105154,91809,5055,96864,92.12,39765,2,transfer,"WHITFIELD, Rod",Animal Justice Party,"HASAN, Firas",United Australia Party,677
Scullin,https://results.aec.gov.au/24310/Website/HouseDivisionPage-24310-232.htm,https://results.aec.gov.au/24310/Website/HouseDop-24310-232.htm,"GILES, Andrew",Australian Labor Party,105154,91809,5055,96864,92.12,39765,2,transfer,"WHITFIELD, Rod",Animal Justice Party,"SINGH, Gurpal",Liberal,547
Scullin,https://results.aec.gov.au/24310/Website/HouseDivisionPage-24310-232.htm,https://results.aec.gov.au/24310/Website/HouseDop-24310-232.htm,"GILES, Andrew",Australian Labor Party,105154,91809,5055,96864,92.12,39765,2,transfer,"WHITFIELD, Rod",Animal Justice Party,"SMITH, Cynthia",The Greens (VIC),1609
Scullin,https://results.aec.gov.au/24310/Website/HouseDivisionPage-24310-232.htm,https://results.aec.gov.au/24310/Website/HouseDop-24310-232.htm,"GILES, Andrew",Australian Labor Party,105154,91809,5055,96864,92.12,39765,2,progressive,"WHITFIELD, Rod",Animal Justice Party,"GILES, Andrew",Australian Labor Party,56801
Scullin,https://results.aec.gov.au/24310/Website/HouseDivisionPage-24310-232.htm,https://results.aec.gov.au/24310/Website/HouseDop-24310-232.htm,"GILES, Andrew",Australian Labor Party,105154,91809,5055,96864,92.12,39765,2,progressive,"WHITFIELD, Rod",Animal Justice Party,"SINGH, Gurpal",Liberal,21422
Scullin,https://results.aec.gov.au/24310/Website/HouseDivisionPage-24310-232.htm,https://results.aec.gov.au/24310/Website/HouseDop-24310-232.htm,"GILES, Andrew",Australian Labor Party,105154,91809,5055,96864,92.12,39765,2,progressive,"WHITFIELD, Rod",Animal Justice Party,"SMITH, Cynthia",The Greens (VIC),7939
Scullin,https://results.aec.gov.au/24310/Website/HouseDivisionPage-24310-232.htm,https://results.aec.gov.au/24310/Website/HouseDop-24310-232.htm,"GILES, Andrew",Australian Labor Party,105154,91809,5055,96864,92.12,39765,2,progressive,"WHITFIELD, Rod",Animal Justice Party,"HASAN, Firas",United Australia Party,5647
Scullin,https://results.aec.gov.au/24310/Website/HouseDivisionPage-24310-232.htm,https://results.aec.gov.au/24310/Website/HouseDop-24310-232.htm,"GILES, Andrew",Australian Labor Party,105154,91809,5055,96864,92.12,39765,3,transfer,"HASAN, Firas",United Australia Party,"GILES, Andrew",Australian Labor Party,1992
Scullin,https://results.aec.gov.au/24310/Website/HouseDivisionPage-24310-232.htm,https://results.aec.gov.au/24310/Website/HouseDop-24310-232.htm,"GILES, Andrew",Australian Labor Party,105154,91809,5055,96864,92.12,39765,3,transfer,"HASAN, Firas",United Australia Party,"SINGH, Gurpal",Liberal,2402
Scullin,https://results.aec.gov.au/24310/Website/HouseDivisionPage-24310-232.htm,https://results.aec.gov.au/24310/Website/HouseDop-24310-232.htm,"GILES, Andrew",Australian Labor Party,105154,91809,5055,96864,92.12,39765,3,transfer,"HASAN, Firas",United Australia Party,"SMITH, Cynthia",The Greens (VIC),1253
Scullin,https://results.aec.gov.au/24310/Website/HouseDivisionPage-24310-232.htm,https://results.aec.gov.au/24310/Website/HouseDop-24310-232.htm,"GILES, Andrew",Australian Labor Party,105154,91809,5055,96864,92.12,39765,3,progressive,"HASAN, Firas",United Australia Party,"GILES, Andrew",Australian Labor Party,58793
Scullin,https://results.aec.gov.au/24310/Website/HouseDivisionPage-24310-232.htm,https://results.aec.gov.au/24310/Website/HouseDop-24310-232.htm,"GILES, Andrew",Australian Labor Party,105154,91809,5055,96864,92.12,39765,3,progressive,"HASAN, Firas",United Australia Party,"SINGH, Gurpal",Liberal,23824
Scullin,https://results.aec.gov.au/24310/Website/HouseDivisionPage-24310-232.htm,https://results.aec.gov.au/24310/Website/HouseDop-24310-232.htm,"GILES, Andrew",Australian Labor Party,105154,91809,5055,96864,92.12,39765,3,progressive,"HASAN, Firas",United Australia Party,"SMITH, Cynthia",The Greens (VIC),9192
Scullin,https://results.aec.gov.au/24310/Website/HouseDivisionPage-24310-232.htm,https://results.aec.gov.au/24310/Website/HouseDop-24310-232.htm,"GILES, Andrew",Australian Labor Party,105154,91809,5055,96864,92.12,39765,4,transfer,"SMITH, Cynthia",The Greens (VIC),"GILES, Andrew",Australian Labor Party,6994
Scullin,https://results.aec.gov.au/24310/Website/HouseDivisionPage-24310-232.htm,https://results.aec.gov.au/24310/Website/HouseDop-24310-232.htm,"GILES, Andrew",Australian Labor Party,105154,91809,5055,96864,92.12,39765,4,transfer,"SMITH, Cynthia",The Greens (VIC),"SINGH, Gurpal",Liberal,2198
Scullin,https://results.aec.gov.au/24310/Website/HouseDivisionPage-24310-232.htm,https://results.aec.gov.au/24310/Website/HouseDop-24310-232.htm,"GILES, Andrew",Australian Labor Party,105154,91809,5055,96864,92.12,39765,4,final,"SMITH, Cynthia",The Greens (VIC),"GILES, Andrew",Australian Labor Party,65787
Scullin,https://results.aec.gov.au/24310/Website/HouseDivisionPage-24310-232.htm,https://results.aec.gov.au/24310/Website/HouseDop-24310-232.htm,"GILES, Andrew",Australian Labor Party,105154,91809,5055,96864,92.12,39765,4,final,"SMITH, Cynthia",The Greens (VIC),"SINGH, Gurpal",Liberal,26022
Wannon,https://results.aec.gov.au/24310/Website/HouseDivisionPage-24310-233.htm,https://results.aec.gov.au/24310/Website/HouseDop-24310-233.htm,"TEHAN, Dan",Liberal,114572,103889,4161,108050,94.31,21577,0,first,,,"TEHAN, Dan",Liberal,53094
Wannon,https://results.aec.gov.au/24310/Website/HouseDivisionPage-24310-233.htm,https://results.aec.gov.au/24310/Website/HouseDop-24310-233.htm,"TEHAN, Dan",Liberal,114572,103889,4161,108050,94.31,21577,0,first,,,"BILLI, Maurice",Australian Labor Party,27150
Wannon,https://results.aec.gov.au/24310/Website/HouseDivisionPage-24310-233.htm,https://results.aec.gov.au/24310/Website/HouseDop-24310-233.htm,"TEHAN, Dan",Liberal,114572,103889,4161,108050,94.31,21577,0,first,,,"DYSON, Alex",Independent,10797
Wannon,https://results.aec.gov.au/24310/Website/HouseDivisionPage-24310-233.htm,https://results.aec.gov.au/24310/Website/HouseDop-24310-233.htm,"TEHAN, Dan",Liberal,114572,103889,4161,108050,94.31,21577,0,first,,,"TAYLOR, Zephlyn",The Greens (VIC),6590
Wannon,https://results.aec.gov.au/24310/Website/HouseDivisionPage-24310-233.htm,https://results.aec.gov.au/24310/Website/HouseDop-24310-233.htm,"TEHAN, Dan",Liberal,114572,103889,4161,108050,94.31,21577,0,first,,,"WALLACE, Joshua",United Australia Party,6258
Wannon,https://results.aec.gov.au/24310/Website/HouseDivisionPage-24310-233.htm,https://results.aec.gov.au/24310/Website/HouseDop-24310-233.htm,"TEHAN, Dan",Liberal,114572,103889,4161,108050,94.31,21577,1,transfer,"WALLACE, Joshua",United Australia Party,"BILLI, Maurice",Australian Labor Party,1023
Wannon,https://results.aec.gov.au/24310/Website/HouseDivisionPage-24310-233.htm,https://results.aec.gov.au/24310/Website/HouseDop-24310-233.htm,"TEHAN, Dan",Liberal,114572,103889,4161,108050,94.31,21577,1,transfer,"WALLACE, Joshua",United Australia Party,"DYSON, Alex",Independent,2047
Wannon,https://results.aec.gov.au/24310/Website/HouseDivisionPage-24310-233.htm,https://results.aec.gov.au/24310/Website/HouseDop-24310-233.htm,"TEHAN, Dan",Liberal,114572,103889,4161,108050,94.31,21577,1,transfer,"WALLACE, Joshua",United Australia Party,"TAYLOR, Zephlyn",The Greens (VIC),613
Wannon,https://results.aec.gov.au/24310/Website/HouseDivisionPage-24310-233.htm,https://results.aec.gov.au/24310/Website/HouseDop-24310-233.htm,"TEHAN, Dan",Liberal,114572,103889,4161,108050,94.31,21577,1,transfer,"WALLACE, Joshua",United Australia Party,"TEHAN, Dan",Liberal,2575
Wannon,https://results.aec.gov.au/24310/Website/HouseDivisionPage-24310-233.htm,https://results.aec.gov.au/24310/Website/HouseDop-24310-233.htm,"TEHAN, Dan",Liberal,114572,103889,4161,108050,94.31,21577,1,progressive,"WALLACE, Joshua",United Australia Party,"TEHAN, Dan",Liberal,55669
Wannon,https://results.aec.gov.au/24310/Website/HouseDivisionPage-24310-233.htm,https://results.aec.gov.au/24310/Website/HouseDop-24310-233.htm,"TEHAN, Dan",Liberal,114572,103889,4161,108050,94.31,21577,1,progressive,"WALLACE, Joshua",United Australia Party,"BILLI, Maurice",Australian Labor Party,28173
Wannon,https://results.aec.gov.au/24310/Website/HouseDivisionPage-24310-233.htm,https://results.aec.gov.au/24310/Website/HouseDop-24310-233.htm,"TEHAN, Dan",Liberal,114572,103889,4161,108050,94.31,21577,1,progressive,"WALLACE, Joshua",United Australia Party,"DYSON, Alex",Independent,12844
Wannon,https://results.aec.gov.au/24310/Website/HouseDivisionPage-24310-233.htm,https://results.aec.gov.au/24310/Website/HouseDop-24310-233.htm,"TEHAN, Dan",Liberal,114572,103889,4161,108050,94.31,21577,1,progressive,"WALLACE, Joshua",United Australia Party,"TAYLOR, Zephlyn",The Greens (VIC),7203
Wannon,https://results.aec.gov.au/24310/Website/HouseDivisionPage-24310-233.htm,https://results.aec.gov.au/24310/Website/HouseDop-24310-233.htm,"TEHAN, Dan",Liberal,114572,103889,4161,108050,94.31,21577,2,transfer,"TAYLOR, Zephlyn",The Greens (VIC),"BILLI, Maurice",Australian Labor Party,3423
Wannon,https://results.aec.gov.au/24310/Website/HouseDivisionPage-24310-233.htm,https://results.aec.gov.au/24310/Website/HouseDop-24310-233.htm,"TEHAN, Dan",Liberal,114572,103889,4161,108050,94.31,21577,2,transfer,"TAYLOR, Zephlyn",The Greens (VIC),"DYSON, Alex",Independent,2963
Wannon,https://results.aec.gov.au/24310/Website/HouseDivisionPage-24310-233.htm,https://results.aec.gov.au/24310/Website/HouseDop-24310-233.htm,"TEHAN, Dan",Liberal,114572,103889,4161,108050,94.31,21577,2,transfer,"TAYLOR, Zephlyn",The Greens (VIC),"TEHAN, Dan",Liberal,817
Wannon,https://results.aec.gov.au/24310/Website/HouseDivisionPage-24310-233.htm,https://results.aec.gov.au/24310/Website/HouseDop-24310-233.htm,"TEHAN, Dan",Liberal,114572,103889,4161,108050,94.31,21577,2,progressive,"TAYLOR, Zephlyn",The Greens (VIC),"TEHAN, Dan",Liberal,56486
Wannon,https://results.aec.gov.au/24310/Website/HouseDivisionPage-24310-233.htm,https://results.aec.gov.au/24310/Website/HouseDop-24310-233.htm,"TEHAN, Dan",Liberal,114572,103889,4161,108050,94.31,21577,2,progressive,"TAYLOR, Zephlyn",The Greens (VIC),"BILLI, Maurice",Australian Labor Party,31596
Wannon,https://results.aec.gov.au/24310/Website/HouseDivisionPage-24310-233.htm,https://results.aec.gov.au/24310/Website/HouseDop-24310-233.htm,"TEHAN, Dan",Liberal,114572,103889,4161,108050,94.31,21577,2,progressive,"TAYLOR, Zephlyn",The Greens (VIC),"DYSON, Alex",Independent,15807
Wannon,https://results.aec.gov.au/24310/Website/HouseDivisionPage-24310-233.htm,https://results.aec.gov.au/24310/Website/HouseDop-24310-233.htm,"TEHAN, Dan",Liberal,114572,103889,4161,108050,94.31,21577,3,transfer,"DYSON, Alex",Independent,"BILLI, Maurice",Australian Labor Party,9560
Wannon,https://results.aec.gov.au/24310/Website/HouseDivisionPage-24310-233.htm,https://results.aec.gov.au/24310/Website/HouseDop-24310-233.htm,"TEHAN, Dan",Liberal,114572,103889,4161,108050,94.31,21577,3,transfer,"DYSON, Alex",Independent,"TEHAN, Dan",Liberal,6247
Wannon,https://results.aec.gov.au/24310/Website/HouseDivisionPage-24310-233.htm,https://results.aec.gov.au/24310/Website/HouseDop-24310-233.htm,"TEHAN, Dan",Liberal,114572,103889,4161,108050,94.31,21577,3,final,"DYSON, Alex",Independent,"TEHAN, Dan",Liberal,62733
Wannon,https://results.aec.gov.au/24310/Website/HouseDivisionPage-24310-233.htm,https://results.aec.gov.au/24310/Website/HouseDop-24310-233.htm,"TEHAN, Dan",Liberal,114572,103889,4161,108050,94.31,21577,3,final,"DYSON, Alex",Independent,"BILLI, Maurice",Australian Labor Party,41156
Wills,https://results.aec.gov.au/24310/Website/HouseDivisionPage-24310-234.htm,https://results.aec.gov.au/24310/Website/HouseDop-24310-234.htm,"KHALIL, Peter",Australian Labor Party,110658,96090,4243,100333,90.67,15706,0,first,,,"KHALIL, Peter",Australian Labor Party,42355
Wills,https://results.aec.gov.au/24310/Website/HouseDivisionPage-24310-234.htm,https://results.aec.gov.au/24310/Website/HouseDop-24310-234.htm,"KHALIL, Peter",Australian Labor Party,110658,96090,4243,100333,90.67,15706,0,first,,,"PULFORD, Adam",The Greens (VIC),25575
Wills,https://results.aec.gov.au/24310/Website/HouseDivisionPage-24310-234.htm,https://results.aec.gov.au/24310/Website/HouseDop-24310-234.htm,"KHALIL, Peter",Australian Labor Party,110658,96090,4243,100333,90.67,15706,0,first,,,"KILLIN, Peter",Liberal,17241
Wills,https://results.aec.gov.au/24310/Website/HouseDivisionPage-24310-234.htm,https://results.aec.gov.au/24310/Website/HouseDop-24310-234.htm,"KHALIL, Peter",Australian Labor Party,110658,96090,4243,100333,90.67,15706,0,first,,,"BOLTON, Sue",Victorian Socialists,4344
Wills,https://results.aec.gov.au/24310/Website/HouseDivisionPage-24310-234.htm,https://results.aec.gov.au/24310/Website/HouseDop-24310-234.htm,"KHALIL, Peter",Australian Labor Party,110658,96090,4243,100333,90.67,15706,0,first,,,"MILES, Chris",Animal Justice Party,3596
Wills,https://results.aec.gov.au/24310/Website/HouseDivisionPage-24310-234.htm,https://results.aec.gov.au/24310/Website/HouseDop-24310-234.htm,"KHALIL, Peter",Australian Labor Party,110658,96090,4243,100333,90.67,15706,0,first,,,"VENKAT, Manju",United Australia Party,2979
Wills,https://results.aec.gov.au/24310/Website/HouseDivisionPage-24310-234.htm,https://results.aec.gov.au/24310/Website/HouseDop-24310-234.htm,"KHALIL, Peter",Australian Labor Party,110658,96090,4243,100333,90.67,15706,1,transfer,"VENKAT, Manju",United Australia Party,"BOLTON, Sue",Victorian Socialists,167
Wills,https://results.aec.gov.au/24310/Website/HouseDivisionPage-24310-234.htm,https://results.aec.gov.au/24310/Website/HouseDop-24310-234.htm,"KHALIL, Peter",Australian Labor Party,110658,96090,4243,100333,90.67,15706,1,transfer,"VENKAT, Manju",United Australia Party,"KHALIL, Peter",Australian Labor Party,946
Wills,https://results.aec.gov.au/24310/Website/HouseDivisionPage-24310-234.htm,https://results.aec.gov.au/24310/Website/HouseDop-24310-234.htm,"KHALIL, Peter",Australian Labor Party,110658,96090,4243,100333,90.67,15706,1,transfer,"VENKAT, Manju",United Australia Party,"KILLIN, Peter",Liberal,1280
Wills,https://results.aec.gov.au/24310/Website/HouseDivisionPage-24310-234.htm,https://results.aec.gov.au/24310/Website/HouseDop-24310-234.htm,"KHALIL, Peter",Australian Labor Party,110658,96090,4243,100333,90.67,15706,1,transfer,"VENKAT, Manju",United Australia Party,"MILES, Chris",Animal Justice Party,350
Wills,https://results.aec.gov.au/24310/Website/HouseDivisionPage-24310-234.htm,https://results.aec.gov.au/24310/Website/HouseDop-24310-234.htm,"KHALIL, Peter",Australian Labor Party,110658,96090,4243,100333,90.67,15706,1,transfer,"VENKAT, Manju",United Australia Party,"PULFORD, Adam",The Greens (VIC),236
Wills,https://results.aec.gov.au/24310/Website/HouseDivisionPage-24310-234.htm,https://results.aec.gov.au/24310/Website/HouseDop-24310-234.htm,"KHALIL, Peter",Australian Labor Party,110658,96090,4243,100333,90.67,15706,1,progressive,"VENKAT, Manju",United Australia Party,"KHALIL, Peter",Australian Labor Party,43301
Wills,https://results.aec.gov.au/24310/Website/HouseDivisionPage-24310-234.htm,https://results.aec.gov.au/24310/Website/HouseDop-24310-234.htm,"KHALIL, Peter",Australian Labor Party,110658,96090,4243,100333,90.67,15706,1,progressive,"VENKAT, Manju",United Australia Party,"PULFORD, Adam",The Greens (VIC),25811
Wills,https://results.aec.gov.au/24310/Website/HouseDivisionPage-24310-234.htm,https://results.aec.gov.au/24310/Website/HouseDop-24310-234.htm,"KHALIL, Peter",Australian Labor Party,110658,96090,4243,100333,90.67,15706,1,progressive,"VENKAT, Manju",United Australia Party,"KILLIN, Peter",Liberal,18521
Wills,https://results.aec.gov.au/24310/Website/HouseDivisionPage-24310-234.htm,https://results.aec.gov.au/24310/Website/HouseDop-24310-234.htm,"KHALIL, Peter",Australian Labor Party,110658,96090,4243,100333,90.67,15706,1,progressive,"VENKAT, Manju",United Australia Party,"BOLTON, Sue",Victorian Socialists,4511
Wills,https://results.aec.gov.au/24310/Website/HouseDivisionPage-24310-234.htm,https://results.aec.gov.au/24310/Website/HouseDop-24310-234.htm,"KHALIL, Peter",Australian Labor Party,110658,96090,4243,100333,90.67,15706,1,progressive,"VENKAT, Manju",United Australia Party,"MILES, Chris",Animal Justice Party,3946
Wills,https://results.aec.gov.au/24310/Website/HouseDivisionPage-24310-234.htm,https://results.aec.gov.au/24310/Website/HouseDop-24310-234.htm,"KHALIL, Peter",Australian Labor Party,110658,96090,4243,100333,90.67,15706,2,transfer,"MILES, Chris",Animal Justice Party,"BOLTON, Sue",Victorian Socialists,1406
Wills,https://results.aec.gov.au/24310/Website/HouseDivisionPage-24310-234.htm,https://results.aec.gov.au/24310/Website/HouseDop-24310-234.htm,"KHALIL, Peter",Australian Labor Party,110658,96090,4243,100333,90.67,15706,2,transfer,"MILES, Chris",Animal Justice Party,"KHALIL, Peter",Australian Labor Party,681
Wills,https://results.aec.gov.au/24310/Website/HouseDivisionPage-24310-234.htm,https://results.aec.gov.au/24310/Website/HouseDop-24310-234.htm,"KHALIL, Peter",Australian Labor Party,110658,96090,4243,100333,90.67,15706,2,transfer,"MILES, Chris",Animal Justice Party,"KILLIN, Peter",Liberal,587
Wills,https://results.aec.gov.au/24310/Website/HouseDivisionPage-24310-234.htm,https://results.aec.gov.au/24310/Website/HouseDop-24310-234.htm,"KHALIL, Peter",Australian Labor Party,110658,96090,4243,100333,90.67,15706,2,transfer,"MILES, Chris",Animal Justice Party,"PULFORD, Adam",The Greens (VIC),1272
Wills,https://results.aec.gov.au/24310/Website/HouseDivisionPage-24310-234.htm,https://results.aec.gov.au/24310/Website/HouseDop-24310-234.htm,"KHALIL, Peter",Australian Labor Party,110658,96090,4243,100333,90.67,15706,2,progressive,"MILES, Chris",Animal Justice Party,"KHALIL, Peter",Australian Labor Party,43982
Wills,https://results.aec.gov.au/24310/Website/HouseDivisionPage-24310-234.htm,https://results.aec.gov.au/24310/Website/HouseDop-24310-234.htm,"KHALIL, Peter",Australian Labor Party,110658,96090,4243,100333,90.67,15706,2,progressive,"MILES, Chris",Animal Justice Party,"PULFORD, Adam",The Greens (VIC),27083
Wills,https://results.aec.gov.au/24310/Website/HouseDivisionPage-24310-234.htm,https://results.aec.gov.au/24310/Website/HouseDop-24310-234.htm,"KHALIL, Peter",Australian Labor Party,110658,96090,4243,100333,90.67,15706,2,progressive,"MILES, Chris",Animal Justice Party,"KILLIN, Peter",Liberal,19108
Wills,https://results.aec.gov.au/24310/Website/HouseDivisionPage-24310-234.htm,https://results.aec.gov.au/24310/Website/HouseDop-24310-234.htm,"KHALIL, Peter",Australian Labor Party,110658,96090,4243,100333,90.67,15706,2,progressive,"MILES, Chris",Animal Justice Party,"BOLTON, Sue",Victorian Socialists,5917
Wills,https://results.aec.gov.au/24310/Website/HouseDivisionPage-24310-234.htm,https://results.aec.gov.au/24310/Website/HouseDop-24310-234.htm,"KHALIL, Peter",Australian Labor Party,110658,96090,4243,100333,90.67,15706,3,transfer,"BOLTON, Sue",Victorian Socialists,"KHALIL, Peter",Australian Labor Party,1460
Wills,https://results.aec.gov.au/24310/Website/HouseDivisionPage-24310-234.htm,https://results.aec.gov.au/24310/Website/HouseDop-24310-234.htm,"KHALIL, Peter",Australian Labor Party,110658,96090,4243,100333,90.67,15706,3,transfer,"BOLTON, Sue",Victorian Socialists,"KILLIN, Peter",Liberal,1286
Wills,https://results.aec.gov.au/24310/Website/HouseDivisionPage-24310-234.htm,https://results.aec.gov.au/24310/Website/HouseDop-24310-234.htm,"KHALIL, Peter",Australian Labor Party,110658,96090,4243,100333,90.67,15706,3,transfer,"BOLTON, Sue",Victorian Socialists,"PULFORD, Adam",The Greens (VIC),3171
Wills,https://results.aec.gov.au/24310/Website/HouseDivisionPage-24310-234.htm,https://results.aec.gov.au/24310/Website/HouseDop-24310-234.htm,"KHALIL, Peter",Australian Labor Party,110658,96090,4243,100333,90.67,15706,3,progressive,"BOLTON, Sue",Victorian Socialists,"KHALIL, Peter",Australian Labor Party,45442
Wills,https://results.aec.gov.au/24310/Website/HouseDivisionPage-24310-234.htm,https://results.aec.gov.au/24310/Website/HouseDop-24310-234.htm,"KHALIL, Peter",Australian Labor Party,110658,96090,4243,100333,90.67,15706,3,progressive,"BOLTON, Sue",Victorian Socialists,"PULFORD, Adam",The Greens (VIC),30254
Wills,https://results.aec.gov.au/24310/Website/HouseDivisionPage-24310-234.htm,https://results.aec.gov.au/24310/Website/HouseDop-24310-234.htm,"KHALIL, Peter",Australian Labor Party,110658,96090,4243,100333,90.67,15706,3,progressive,"BOLTON, Sue",Victorian Socialists,"KILLIN, Peter",Liberal,20394
Wills,https://results.aec.gov.au/24310/Website/HouseDivisionPage-24310-234.htm,https://results.aec.gov.au/24310/Website/HouseDop-24310-234.htm,"KHALIL, Peter",Australian Labor Party,110658,96090,4243,100333,90.67,15706,4,transfer,"KILLIN, Peter",Liberal,"KHALIL, Peter",Australian Labor Party,10456
Wills,https://results.aec.gov.au/24310/Website/HouseDivisionPage-24310-234.htm,https://results.aec.gov.au/24310/Website/HouseDop-24310-234.htm,"KHALIL, Peter",Australian Labor Party,110658,96090,4243,100333,90.67,15706,4,transfer,"KILLIN, Peter",Liberal,"PULFORD, Adam",The Greens (VIC),9938
Wills,https://results.aec.gov.au/24310/Website/HouseDivisionPage-24310-234.htm,https://results.aec.gov.au/24310/Website/HouseDop-24310-234.htm,"KHALIL, Peter",Australian Labor Party,110658,96090,4243,100333,90.67,15706,4,final,"KILLIN, Peter",Liberal,"KHALIL, Peter",Australian Labor Party,55898
Wills,https://results.aec.gov.au/24310/Website/HouseDivisionPage-24310-234.htm,https://results.aec.gov.au/24310/Website/HouseDop-24310-234.htm,"KHALIL, Peter",Australian Labor Party,110658,96090,4243,100333,90.67,15706,4,final,"KILLIN, Peter",Liberal,"PULFORD, Adam",The Greens (VIC),40192
