district,district_url,distribution_url,elected_member,elected_party,enrolment,formal_votes,informal_votes,total_votes,turnout_pct,majority,round_number,row_type,excluded_candidate,excluded_party,candidate,candidate_party,votes,electorate_type,constituency_code,contest_status,result_note
Guadeloupe,https://www.data.gouv.fr/datasets/election-presidentielle-2012-resultats-572126,https://www.data.gouv.fr/datasets/contours-administratifs,François Hollande,François Hollande,298108,145159,11364,156523,52.51,48762,0,first,,,François Hollande,François Hollande,82735,Region,FR2012-REG-01,official,Definitive Ministry of the Interior result. Overseas areas are shown in compact schematic insets; inset positions and scales are not geographic.
Guadeloupe,https://www.data.gouv.fr/datasets/election-presidentielle-2012-resultats-572126,https://www.data.gouv.fr/datasets/contours-administratifs,François Hollande,François Hollande,298108,145159,11364,156523,52.51,48762,0,first,,,Nicolas Sarkozy,Nicolas Sarkozy,33973,Region,FR2012-REG-01,official,Definitive Ministry of the Interior result. Overseas areas are shown in compact schematic insets; inset positions and scales are not geographic.
Guadeloupe,https://www.data.gouv.fr/datasets/election-presidentielle-2012-resultats-572126,https://www.data.gouv.fr/datasets/contours-administratifs,François Hollande,François Hollande,298108,145159,11364,156523,52.51,48762,0,first,,,Jean-Luc Mélenchon,Jean-Luc Mélenchon,7806,Region,FR2012-REG-01,official,Definitive Ministry of the Interior result. Overseas areas are shown in compact schematic insets; inset positions and scales are not geographic.
Guadeloupe,https://www.data.gouv.fr/datasets/election-presidentielle-2012-resultats-572126,https://www.data.gouv.fr/datasets/contours-administratifs,François Hollande,François Hollande,298108,145159,11364,156523,52.51,48762,0,first,,,Marine Le Pen,Marine Le Pen,7486,Region,FR2012-REG-01,official,Definitive Ministry of the Interior result. Overseas areas are shown in compact schematic insets; inset positions and scales are not geographic.
Guadeloupe,https://www.data.gouv.fr/datasets/election-presidentielle-2012-resultats-572126,https://www.data.gouv.fr/datasets/contours-administratifs,François Hollande,François Hollande,298108,145159,11364,156523,52.51,48762,0,first,,,François Bayrou,François Bayrou,6861,Region,FR2012-REG-01,official,Definitive Ministry of the Interior result. Overseas areas are shown in compact schematic insets; inset positions and scales are not geographic.
Guadeloupe,https://www.data.gouv.fr/datasets/election-presidentielle-2012-resultats-572126,https://www.data.gouv.fr/datasets/contours-administratifs,François Hollande,François Hollande,298108,145159,11364,156523,52.51,48762,0,first,,,Eva Joly,Eva Joly,2134,Region,FR2012-REG-01,official,Definitive Ministry of the Interior result. Overseas areas are shown in compact schematic insets; inset positions and scales are not geographic.
Guadeloupe,https://www.data.gouv.fr/datasets/election-presidentielle-2012-resultats-572126,https://www.data.gouv.fr/datasets/contours-administratifs,François Hollande,François Hollande,298108,145159,11364,156523,52.51,48762,0,first,,,Nathalie Arthaud,Nathalie Arthaud,1335,Region,FR2012-REG-01,official,Definitive Ministry of the Interior result. Overseas areas are shown in compact schematic insets; inset positions and scales are not geographic.
Guadeloupe,https://www.data.gouv.fr/datasets/election-presidentielle-2012-resultats-572126,https://www.data.gouv.fr/datasets/contours-administratifs,François Hollande,François Hollande,298108,145159,11364,156523,52.51,48762,0,first,,,Nicolas Dupont-Aignan,Nicolas Dupont-Aignan,1237,Region,FR2012-REG-01,official,Definitive Ministry of the Interior result. Overseas areas are shown in compact schematic insets; inset positions and scales are not geographic.
Guadeloupe,https://www.data.gouv.fr/datasets/election-presidentielle-2012-resultats-572126,https://www.data.gouv.fr/datasets/contours-administratifs,François Hollande,François Hollande,298108,145159,11364,156523,52.51,48762,0,first,,,Philippe Poutou,Philippe Poutou,1151,Region,FR2012-REG-01,official,Definitive Ministry of the Interior result. Overseas areas are shown in compact schematic insets; inset positions and scales are not geographic.
Guadeloupe,https://www.data.gouv.fr/datasets/election-presidentielle-2012-resultats-572126,https://www.data.gouv.fr/datasets/contours-administratifs,François Hollande,François Hollande,298108,145159,11364,156523,52.51,48762,0,first,,,Jacques Cheminade,Jacques Cheminade,441,Region,FR2012-REG-01,official,Definitive Ministry of the Interior result. Overseas areas are shown in compact schematic insets; inset positions and scales are not geographic.
Martinique,https://www.data.gouv.fr/datasets/election-presidentielle-2012-resultats-572126,https://www.data.gouv.fr/datasets/contours-administratifs,François Hollande,François Hollande,302903,146270,12507,158777,52.42,37591,0,first,,,François Hollande,François Hollande,76034,Region,FR2012-REG-02,official,Definitive Ministry of the Interior result. Overseas areas are shown in compact schematic insets; inset positions and scales are not geographic.
Martinique,https://www.data.gouv.fr/datasets/election-presidentielle-2012-resultats-572126,https://www.data.gouv.fr/datasets/contours-administratifs,François Hollande,François Hollande,302903,146270,12507,158777,52.42,37591,0,first,,,Nicolas Sarkozy,Nicolas Sarkozy,38443,Region,FR2012-REG-02,official,Definitive Ministry of the Interior result. Overseas areas are shown in compact schematic insets; inset positions and scales are not geographic.
Martinique,https://www.data.gouv.fr/datasets/election-presidentielle-2012-resultats-572126,https://www.data.gouv.fr/datasets/contours-administratifs,François Hollande,François Hollande,302903,146270,12507,158777,52.42,37591,0,first,,,François Bayrou,François Bayrou,8681,Region,FR2012-REG-02,official,Definitive Ministry of the Interior result. Overseas areas are shown in compact schematic insets; inset positions and scales are not geographic.
Martinique,https://www.data.gouv.fr/datasets/election-presidentielle-2012-resultats-572126,https://www.data.gouv.fr/datasets/contours-administratifs,François Hollande,François Hollande,302903,146270,12507,158777,52.42,37591,0,first,,,Jean-Luc Mélenchon,Jean-Luc Mélenchon,8600,Region,FR2012-REG-02,official,Definitive Ministry of the Interior result. Overseas areas are shown in compact schematic insets; inset positions and scales are not geographic.
Martinique,https://www.data.gouv.fr/datasets/election-presidentielle-2012-resultats-572126,https://www.data.gouv.fr/datasets/contours-administratifs,François Hollande,François Hollande,302903,146270,12507,158777,52.42,37591,0,first,,,Marine Le Pen,Marine Le Pen,6960,Region,FR2012-REG-02,official,Definitive Ministry of the Interior result. Overseas areas are shown in compact schematic insets; inset positions and scales are not geographic.
Martinique,https://www.data.gouv.fr/datasets/election-presidentielle-2012-resultats-572126,https://www.data.gouv.fr/datasets/contours-administratifs,François Hollande,François Hollande,302903,146270,12507,158777,52.42,37591,0,first,,,Eva Joly,Eva Joly,2275,Region,FR2012-REG-02,official,Definitive Ministry of the Interior result. Overseas areas are shown in compact schematic insets; inset positions and scales are not geographic.
Martinique,https://www.data.gouv.fr/datasets/election-presidentielle-2012-resultats-572126,https://www.data.gouv.fr/datasets/contours-administratifs,François Hollande,François Hollande,302903,146270,12507,158777,52.42,37591,0,first,,,Philippe Poutou,Philippe Poutou,1712,Region,FR2012-REG-02,official,Definitive Ministry of the Interior result. Overseas areas are shown in compact schematic insets; inset positions and scales are not geographic.
Martinique,https://www.data.gouv.fr/datasets/election-presidentielle-2012-resultats-572126,https://www.data.gouv.fr/datasets/contours-administratifs,François Hollande,François Hollande,302903,146270,12507,158777,52.42,37591,0,first,,,Nicolas Dupont-Aignan,Nicolas Dupont-Aignan,1563,Region,FR2012-REG-02,official,Definitive Ministry of the Interior result. Overseas areas are shown in compact schematic insets; inset positions and scales are not geographic.
Martinique,https://www.data.gouv.fr/datasets/election-presidentielle-2012-resultats-572126,https://www.data.gouv.fr/datasets/contours-administratifs,François Hollande,François Hollande,302903,146270,12507,158777,52.42,37591,0,first,,,Nathalie Arthaud,Nathalie Arthaud,1442,Region,FR2012-REG-02,official,Definitive Ministry of the Interior result. Overseas areas are shown in compact schematic insets; inset positions and scales are not geographic.
Martinique,https://www.data.gouv.fr/datasets/election-presidentielle-2012-resultats-572126,https://www.data.gouv.fr/datasets/contours-administratifs,François Hollande,François Hollande,302903,146270,12507,158777,52.42,37591,0,first,,,Jacques Cheminade,Jacques Cheminade,560,Region,FR2012-REG-02,official,Definitive Ministry of the Interior result. Overseas areas are shown in compact schematic insets; inset positions and scales are not geographic.
Guyane,https://www.data.gouv.fr/datasets/election-presidentielle-2012-resultats-572126,https://www.data.gouv.fr/datasets/contours-administratifs,François Hollande,François Hollande,76874,37412,1756,39168,50.95,5769,0,first,,,François Hollande,François Hollande,15943,Region,FR2012-REG-03,official,Definitive Ministry of the Interior result. Overseas areas are shown in compact schematic insets; inset positions and scales are not geographic.
Guyane,https://www.data.gouv.fr/datasets/election-presidentielle-2012-resultats-572126,https://www.data.gouv.fr/datasets/contours-administratifs,François Hollande,François Hollande,76874,37412,1756,39168,50.95,5769,0,first,,,Nicolas Sarkozy,Nicolas Sarkozy,10174,Region,FR2012-REG-03,official,Definitive Ministry of the Interior result. Overseas areas are shown in compact schematic insets; inset positions and scales are not geographic.
Guyane,https://www.data.gouv.fr/datasets/election-presidentielle-2012-resultats-572126,https://www.data.gouv.fr/datasets/contours-administratifs,François Hollande,François Hollande,76874,37412,1756,39168,50.95,5769,0,first,,,Marine Le Pen,Marine Le Pen,3920,Region,FR2012-REG-03,official,Definitive Ministry of the Interior result. Overseas areas are shown in compact schematic insets; inset positions and scales are not geographic.
Guyane,https://www.data.gouv.fr/datasets/election-presidentielle-2012-resultats-572126,https://www.data.gouv.fr/datasets/contours-administratifs,François Hollande,François Hollande,76874,37412,1756,39168,50.95,5769,0,first,,,Jean-Luc Mélenchon,Jean-Luc Mélenchon,2952,Region,FR2012-REG-03,official,Definitive Ministry of the Interior result. Overseas areas are shown in compact schematic insets; inset positions and scales are not geographic.
Guyane,https://www.data.gouv.fr/datasets/election-presidentielle-2012-resultats-572126,https://www.data.gouv.fr/datasets/contours-administratifs,François Hollande,François Hollande,76874,37412,1756,39168,50.95,5769,0,first,,,François Bayrou,François Bayrou,2329,Region,FR2012-REG-03,official,Definitive Ministry of the Interior result. Overseas areas are shown in compact schematic insets; inset positions and scales are not geographic.
Guyane,https://www.data.gouv.fr/datasets/election-presidentielle-2012-resultats-572126,https://www.data.gouv.fr/datasets/contours-administratifs,François Hollande,François Hollande,76874,37412,1756,39168,50.95,5769,0,first,,,Eva Joly,Eva Joly,843,Region,FR2012-REG-03,official,Definitive Ministry of the Interior result. Overseas areas are shown in compact schematic insets; inset positions and scales are not geographic.
Guyane,https://www.data.gouv.fr/datasets/election-presidentielle-2012-resultats-572126,https://www.data.gouv.fr/datasets/contours-administratifs,François Hollande,François Hollande,76874,37412,1756,39168,50.95,5769,0,first,,,Philippe Poutou,Philippe Poutou,479,Region,FR2012-REG-03,official,Definitive Ministry of the Interior result. Overseas areas are shown in compact schematic insets; inset positions and scales are not geographic.
Guyane,https://www.data.gouv.fr/datasets/election-presidentielle-2012-resultats-572126,https://www.data.gouv.fr/datasets/contours-administratifs,François Hollande,François Hollande,76874,37412,1756,39168,50.95,5769,0,first,,,Nicolas Dupont-Aignan,Nicolas Dupont-Aignan,416,Region,FR2012-REG-03,official,Definitive Ministry of the Interior result. Overseas areas are shown in compact schematic insets; inset positions and scales are not geographic.
Guyane,https://www.data.gouv.fr/datasets/election-presidentielle-2012-resultats-572126,https://www.data.gouv.fr/datasets/contours-administratifs,François Hollande,François Hollande,76874,37412,1756,39168,50.95,5769,0,first,,,Nathalie Arthaud,Nathalie Arthaud,208,Region,FR2012-REG-03,official,Definitive Ministry of the Interior result. Overseas areas are shown in compact schematic insets; inset positions and scales are not geographic.
Guyane,https://www.data.gouv.fr/datasets/election-presidentielle-2012-resultats-572126,https://www.data.gouv.fr/datasets/contours-administratifs,François Hollande,François Hollande,76874,37412,1756,39168,50.95,5769,0,first,,,Jacques Cheminade,Jacques Cheminade,148,Region,FR2012-REG-03,official,Definitive Ministry of the Interior result. Overseas areas are shown in compact schematic insets; inset positions and scales are not geographic.
La Réunion,https://www.data.gouv.fr/datasets/election-presidentielle-2012-resultats-572126,https://www.data.gouv.fr/datasets/contours-administratifs,François Hollande,François Hollande,578409,364085,15303,379388,65.59,128632,0,first,,,François Hollande,François Hollande,194009,Region,FR2012-REG-04,official,Definitive Ministry of the Interior result. Overseas areas are shown in compact schematic insets; inset positions and scales are not geographic.
La Réunion,https://www.data.gouv.fr/datasets/election-presidentielle-2012-resultats-572126,https://www.data.gouv.fr/datasets/contours-administratifs,François Hollande,François Hollande,578409,364085,15303,379388,65.59,128632,0,first,,,Nicolas Sarkozy,Nicolas Sarkozy,65377,Region,FR2012-REG-04,official,Definitive Ministry of the Interior result. Overseas areas are shown in compact schematic insets; inset positions and scales are not geographic.
La Réunion,https://www.data.gouv.fr/datasets/election-presidentielle-2012-resultats-572126,https://www.data.gouv.fr/datasets/contours-administratifs,François Hollande,François Hollande,578409,364085,15303,379388,65.59,128632,0,first,,,Marine Le Pen,Marine Le Pen,37549,Region,FR2012-REG-04,official,Definitive Ministry of the Interior result. Overseas areas are shown in compact schematic insets; inset positions and scales are not geographic.
La Réunion,https://www.data.gouv.fr/datasets/election-presidentielle-2012-resultats-572126,https://www.data.gouv.fr/datasets/contours-administratifs,François Hollande,François Hollande,578409,364085,15303,379388,65.59,128632,0,first,,,François Bayrou,François Bayrou,24853,Region,FR2012-REG-04,official,Definitive Ministry of the Interior result. Overseas areas are shown in compact schematic insets; inset positions and scales are not geographic.
La Réunion,https://www.data.gouv.fr/datasets/election-presidentielle-2012-resultats-572126,https://www.data.gouv.fr/datasets/contours-administratifs,François Hollande,François Hollande,578409,364085,15303,379388,65.59,128632,0,first,,,Jean-Luc Mélenchon,Jean-Luc Mélenchon,24503,Region,FR2012-REG-04,official,Definitive Ministry of the Interior result. Overseas areas are shown in compact schematic insets; inset positions and scales are not geographic.
La Réunion,https://www.data.gouv.fr/datasets/election-presidentielle-2012-resultats-572126,https://www.data.gouv.fr/datasets/contours-administratifs,François Hollande,François Hollande,578409,364085,15303,379388,65.59,128632,0,first,,,Eva Joly,Eva Joly,7737,Region,FR2012-REG-04,official,Definitive Ministry of the Interior result. Overseas areas are shown in compact schematic insets; inset positions and scales are not geographic.
La Réunion,https://www.data.gouv.fr/datasets/election-presidentielle-2012-resultats-572126,https://www.data.gouv.fr/datasets/contours-administratifs,François Hollande,François Hollande,578409,364085,15303,379388,65.59,128632,0,first,,,Nicolas Dupont-Aignan,Nicolas Dupont-Aignan,3631,Region,FR2012-REG-04,official,Definitive Ministry of the Interior result. Overseas areas are shown in compact schematic insets; inset positions and scales are not geographic.
La Réunion,https://www.data.gouv.fr/datasets/election-presidentielle-2012-resultats-572126,https://www.data.gouv.fr/datasets/contours-administratifs,François Hollande,François Hollande,578409,364085,15303,379388,65.59,128632,0,first,,,Philippe Poutou,Philippe Poutou,3170,Region,FR2012-REG-04,official,Definitive Ministry of the Interior result. Overseas areas are shown in compact schematic insets; inset positions and scales are not geographic.
La Réunion,https://www.data.gouv.fr/datasets/election-presidentielle-2012-resultats-572126,https://www.data.gouv.fr/datasets/contours-administratifs,François Hollande,François Hollande,578409,364085,15303,379388,65.59,128632,0,first,,,Nathalie Arthaud,Nathalie Arthaud,2190,Region,FR2012-REG-04,official,Definitive Ministry of the Interior result. Overseas areas are shown in compact schematic insets; inset positions and scales are not geographic.
La Réunion,https://www.data.gouv.fr/datasets/election-presidentielle-2012-resultats-572126,https://www.data.gouv.fr/datasets/contours-administratifs,François Hollande,François Hollande,578409,364085,15303,379388,65.59,128632,0,first,,,Jacques Cheminade,Jacques Cheminade,1066,Region,FR2012-REG-04,official,Definitive Ministry of the Interior result. Overseas areas are shown in compact schematic insets; inset positions and scales are not geographic.
Mayotte,https://www.data.gouv.fr/datasets/election-presidentielle-2012-resultats-572126,https://www.data.gouv.fr/datasets/contours-administratifs,Nicolas Sarkozy,Nicolas Sarkozy,77413,35983,1699,37682,48.68,4384,0,first,,,Nicolas Sarkozy,Nicolas Sarkozy,17536,Region,FR2012-REG-06,official,Definitive Ministry of the Interior result. Overseas areas are shown in compact schematic insets; inset positions and scales are not geographic.
Mayotte,https://www.data.gouv.fr/datasets/election-presidentielle-2012-resultats-572126,https://www.data.gouv.fr/datasets/contours-administratifs,Nicolas Sarkozy,Nicolas Sarkozy,77413,35983,1699,37682,48.68,4384,0,first,,,François Hollande,François Hollande,13152,Region,FR2012-REG-06,official,Definitive Ministry of the Interior result. Overseas areas are shown in compact schematic insets; inset positions and scales are not geographic.
Mayotte,https://www.data.gouv.fr/datasets/election-presidentielle-2012-resultats-572126,https://www.data.gouv.fr/datasets/contours-administratifs,Nicolas Sarkozy,Nicolas Sarkozy,77413,35983,1699,37682,48.68,4384,0,first,,,François Bayrou,François Bayrou,1505,Region,FR2012-REG-06,official,Definitive Ministry of the Interior result. Overseas areas are shown in compact schematic insets; inset positions and scales are not geographic.
Mayotte,https://www.data.gouv.fr/datasets/election-presidentielle-2012-resultats-572126,https://www.data.gouv.fr/datasets/contours-administratifs,Nicolas Sarkozy,Nicolas Sarkozy,77413,35983,1699,37682,48.68,4384,0,first,,,Marine Le Pen,Marine Le Pen,996,Region,FR2012-REG-06,official,Definitive Ministry of the Interior result. Overseas areas are shown in compact schematic insets; inset positions and scales are not geographic.
Mayotte,https://www.data.gouv.fr/datasets/election-presidentielle-2012-resultats-572126,https://www.data.gouv.fr/datasets/contours-administratifs,Nicolas Sarkozy,Nicolas Sarkozy,77413,35983,1699,37682,48.68,4384,0,first,,,Jean-Luc Mélenchon,Jean-Luc Mélenchon,944,Region,FR2012-REG-06,official,Definitive Ministry of the Interior result. Overseas areas are shown in compact schematic insets; inset positions and scales are not geographic.
Mayotte,https://www.data.gouv.fr/datasets/election-presidentielle-2012-resultats-572126,https://www.data.gouv.fr/datasets/contours-administratifs,Nicolas Sarkozy,Nicolas Sarkozy,77413,35983,1699,37682,48.68,4384,0,first,,,Eva Joly,Eva Joly,789,Region,FR2012-REG-06,official,Definitive Ministry of the Interior result. Overseas areas are shown in compact schematic insets; inset positions and scales are not geographic.
Mayotte,https://www.data.gouv.fr/datasets/election-presidentielle-2012-resultats-572126,https://www.data.gouv.fr/datasets/contours-administratifs,Nicolas Sarkozy,Nicolas Sarkozy,77413,35983,1699,37682,48.68,4384,0,first,,,Nicolas Dupont-Aignan,Nicolas Dupont-Aignan,395,Region,FR2012-REG-06,official,Definitive Ministry of the Interior result. Overseas areas are shown in compact schematic insets; inset positions and scales are not geographic.
Mayotte,https://www.data.gouv.fr/datasets/election-presidentielle-2012-resultats-572126,https://www.data.gouv.fr/datasets/contours-administratifs,Nicolas Sarkozy,Nicolas Sarkozy,77413,35983,1699,37682,48.68,4384,0,first,,,Philippe Poutou,Philippe Poutou,299,Region,FR2012-REG-06,official,Definitive Ministry of the Interior result. Overseas areas are shown in compact schematic insets; inset positions and scales are not geographic.
Mayotte,https://www.data.gouv.fr/datasets/election-presidentielle-2012-resultats-572126,https://www.data.gouv.fr/datasets/contours-administratifs,Nicolas Sarkozy,Nicolas Sarkozy,77413,35983,1699,37682,48.68,4384,0,first,,,Nathalie Arthaud,Nathalie Arthaud,192,Region,FR2012-REG-06,official,Definitive Ministry of the Interior result. Overseas areas are shown in compact schematic insets; inset positions and scales are not geographic.
Mayotte,https://www.data.gouv.fr/datasets/election-presidentielle-2012-resultats-572126,https://www.data.gouv.fr/datasets/contours-administratifs,Nicolas Sarkozy,Nicolas Sarkozy,77413,35983,1699,37682,48.68,4384,0,first,,,Jacques Cheminade,Jacques Cheminade,175,Region,FR2012-REG-06,official,Definitive Ministry of the Interior result. Overseas areas are shown in compact schematic insets; inset positions and scales are not geographic.
Île-de-France,https://www.data.gouv.fr/datasets/election-presidentielle-2012-resultats-572126,https://www.data.gouv.fr/datasets/contours-administratifs,François Hollande,François Hollande,6942361,5340480,85997,5426477,78.16,145372,0,first,,,François Hollande,François Hollande,1695372,Region,FR2012-REG-11,official,Definitive Ministry of the Interior result. Overseas areas are shown in compact schematic insets; inset positions and scales are not geographic.
Île-de-France,https://www.data.gouv.fr/datasets/election-presidentielle-2012-resultats-572126,https://www.data.gouv.fr/datasets/contours-administratifs,François Hollande,François Hollande,6942361,5340480,85997,5426477,78.16,145372,0,first,,,Nicolas Sarkozy,Nicolas Sarkozy,1550000,Region,FR2012-REG-11,official,Definitive Ministry of the Interior result. Overseas areas are shown in compact schematic insets; inset positions and scales are not geographic.
Île-de-France,https://www.data.gouv.fr/datasets/election-presidentielle-2012-resultats-572126,https://www.data.gouv.fr/datasets/contours-administratifs,François Hollande,François Hollande,6942361,5340480,85997,5426477,78.16,145372,0,first,,,Marine Le Pen,Marine Le Pen,655926,Region,FR2012-REG-11,official,Definitive Ministry of the Interior result. Overseas areas are shown in compact schematic insets; inset positions and scales are not geographic.
Île-de-France,https://www.data.gouv.fr/datasets/election-presidentielle-2012-resultats-572126,https://www.data.gouv.fr/datasets/contours-administratifs,François Hollande,François Hollande,6942361,5340480,85997,5426477,78.16,145372,0,first,,,Jean-Luc Mélenchon,Jean-Luc Mélenchon,632208,Region,FR2012-REG-11,official,Definitive Ministry of the Interior result. Overseas areas are shown in compact schematic insets; inset positions and scales are not geographic.
Île-de-France,https://www.data.gouv.fr/datasets/election-presidentielle-2012-resultats-572126,https://www.data.gouv.fr/datasets/contours-administratifs,François Hollande,François Hollande,6942361,5340480,85997,5426477,78.16,145372,0,first,,,François Bayrou,François Bayrou,492070,Region,FR2012-REG-11,official,Definitive Ministry of the Interior result. Overseas areas are shown in compact schematic insets; inset positions and scales are not geographic.
Île-de-France,https://www.data.gouv.fr/datasets/election-presidentielle-2012-resultats-572126,https://www.data.gouv.fr/datasets/contours-administratifs,François Hollande,François Hollande,6942361,5340480,85997,5426477,78.16,145372,0,first,,,Eva Joly,Eva Joly,144346,Region,FR2012-REG-11,official,Definitive Ministry of the Interior result. Overseas areas are shown in compact schematic insets; inset positions and scales are not geographic.
Île-de-France,https://www.data.gouv.fr/datasets/election-presidentielle-2012-resultats-572126,https://www.data.gouv.fr/datasets/contours-administratifs,François Hollande,François Hollande,6942361,5340480,85997,5426477,78.16,145372,0,first,,,Nicolas Dupont-Aignan,Nicolas Dupont-Aignan,92453,Region,FR2012-REG-11,official,Definitive Ministry of the Interior result. Overseas areas are shown in compact schematic insets; inset positions and scales are not geographic.
Île-de-France,https://www.data.gouv.fr/datasets/election-presidentielle-2012-resultats-572126,https://www.data.gouv.fr/datasets/contours-administratifs,François Hollande,François Hollande,6942361,5340480,85997,5426477,78.16,145372,0,first,,,Philippe Poutou,Philippe Poutou,44561,Region,FR2012-REG-11,official,Definitive Ministry of the Interior result. Overseas areas are shown in compact schematic insets; inset positions and scales are not geographic.
Île-de-France,https://www.data.gouv.fr/datasets/election-presidentielle-2012-resultats-572126,https://www.data.gouv.fr/datasets/contours-administratifs,François Hollande,François Hollande,6942361,5340480,85997,5426477,78.16,145372,0,first,,,Nathalie Arthaud,Nathalie Arthaud,20133,Region,FR2012-REG-11,official,Definitive Ministry of the Interior result. Overseas areas are shown in compact schematic insets; inset positions and scales are not geographic.
Île-de-France,https://www.data.gouv.fr/datasets/election-presidentielle-2012-resultats-572126,https://www.data.gouv.fr/datasets/contours-administratifs,François Hollande,François Hollande,6942361,5340480,85997,5426477,78.16,145372,0,first,,,Jacques Cheminade,Jacques Cheminade,13411,Region,FR2012-REG-11,official,Definitive Ministry of the Interior result. Overseas areas are shown in compact schematic insets; inset positions and scales are not geographic.
Champagne-Ardenne,https://www.data.gouv.fr/datasets/election-presidentielle-2012-resultats-572126,https://www.data.gouv.fr/datasets/contours-administratifs,Nicolas Sarkozy,Nicolas Sarkozy,921101,722116,13154,735270,79.83,27221,0,first,,,Nicolas Sarkozy,Nicolas Sarkozy,206031,Region,FR2012-REG-21,official,Definitive Ministry of the Interior result. Overseas areas are shown in compact schematic insets; inset positions and scales are not geographic.
Champagne-Ardenne,https://www.data.gouv.fr/datasets/election-presidentielle-2012-resultats-572126,https://www.data.gouv.fr/datasets/contours-administratifs,Nicolas Sarkozy,Nicolas Sarkozy,921101,722116,13154,735270,79.83,27221,0,first,,,François Hollande,François Hollande,178810,Region,FR2012-REG-21,official,Definitive Ministry of the Interior result. Overseas areas are shown in compact schematic insets; inset positions and scales are not geographic.
Champagne-Ardenne,https://www.data.gouv.fr/datasets/election-presidentielle-2012-resultats-572126,https://www.data.gouv.fr/datasets/contours-administratifs,Nicolas Sarkozy,Nicolas Sarkozy,921101,722116,13154,735270,79.83,27221,0,first,,,Marine Le Pen,Marine Le Pen,172632,Region,FR2012-REG-21,official,Definitive Ministry of the Interior result. Overseas areas are shown in compact schematic insets; inset positions and scales are not geographic.
Champagne-Ardenne,https://www.data.gouv.fr/datasets/election-presidentielle-2012-resultats-572126,https://www.data.gouv.fr/datasets/contours-administratifs,Nicolas Sarkozy,Nicolas Sarkozy,921101,722116,13154,735270,79.83,27221,0,first,,,Jean-Luc Mélenchon,Jean-Luc Mélenchon,62132,Region,FR2012-REG-21,official,Definitive Ministry of the Interior result. Overseas areas are shown in compact schematic insets; inset positions and scales are not geographic.
Champagne-Ardenne,https://www.data.gouv.fr/datasets/election-presidentielle-2012-resultats-572126,https://www.data.gouv.fr/datasets/contours-administratifs,Nicolas Sarkozy,Nicolas Sarkozy,921101,722116,13154,735270,79.83,27221,0,first,,,François Bayrou,François Bayrou,62048,Region,FR2012-REG-21,official,Definitive Ministry of the Interior result. Overseas areas are shown in compact schematic insets; inset positions and scales are not geographic.
Champagne-Ardenne,https://www.data.gouv.fr/datasets/election-presidentielle-2012-resultats-572126,https://www.data.gouv.fr/datasets/contours-administratifs,Nicolas Sarkozy,Nicolas Sarkozy,921101,722116,13154,735270,79.83,27221,0,first,,,Nicolas Dupont-Aignan,Nicolas Dupont-Aignan,14977,Region,FR2012-REG-21,official,Definitive Ministry of the Interior result. Overseas areas are shown in compact schematic insets; inset positions and scales are not geographic.
Champagne-Ardenne,https://www.data.gouv.fr/datasets/election-presidentielle-2012-resultats-572126,https://www.data.gouv.fr/datasets/contours-administratifs,Nicolas Sarkozy,Nicolas Sarkozy,921101,722116,13154,735270,79.83,27221,0,first,,,Eva Joly,Eva Joly,10150,Region,FR2012-REG-21,official,Definitive Ministry of the Interior result. Overseas areas are shown in compact schematic insets; inset positions and scales are not geographic.
Champagne-Ardenne,https://www.data.gouv.fr/datasets/election-presidentielle-2012-resultats-572126,https://www.data.gouv.fr/datasets/contours-administratifs,Nicolas Sarkozy,Nicolas Sarkozy,921101,722116,13154,735270,79.83,27221,0,first,,,Philippe Poutou,Philippe Poutou,8602,Region,FR2012-REG-21,official,Definitive Ministry of the Interior result. Overseas areas are shown in compact schematic insets; inset positions and scales are not geographic.
Champagne-Ardenne,https://www.data.gouv.fr/datasets/election-presidentielle-2012-resultats-572126,https://www.data.gouv.fr/datasets/contours-administratifs,Nicolas Sarkozy,Nicolas Sarkozy,921101,722116,13154,735270,79.83,27221,0,first,,,Nathalie Arthaud,Nathalie Arthaud,4984,Region,FR2012-REG-21,official,Definitive Ministry of the Interior result. Overseas areas are shown in compact schematic insets; inset positions and scales are not geographic.
Champagne-Ardenne,https://www.data.gouv.fr/datasets/election-presidentielle-2012-resultats-572126,https://www.data.gouv.fr/datasets/contours-administratifs,Nicolas Sarkozy,Nicolas Sarkozy,921101,722116,13154,735270,79.83,27221,0,first,,,Jacques Cheminade,Jacques Cheminade,1750,Region,FR2012-REG-21,official,Definitive Ministry of the Interior result. Overseas areas are shown in compact schematic insets; inset positions and scales are not geographic.
Picardie,https://www.data.gouv.fr/datasets/election-presidentielle-2012-resultats-572126,https://www.data.gouv.fr/datasets/contours-administratifs,François Hollande,François Hollande,1334357,1063050,19442,1082492,81.12,16008,0,first,,,François Hollande,François Hollande,282704,Region,FR2012-REG-22,official,Definitive Ministry of the Interior result. Overseas areas are shown in compact schematic insets; inset positions and scales are not geographic.
Picardie,https://www.data.gouv.fr/datasets/election-presidentielle-2012-resultats-572126,https://www.data.gouv.fr/datasets/contours-administratifs,François Hollande,François Hollande,1334357,1063050,19442,1082492,81.12,16008,0,first,,,Nicolas Sarkozy,Nicolas Sarkozy,266696,Region,FR2012-REG-22,official,Definitive Ministry of the Interior result. Overseas areas are shown in compact schematic insets; inset positions and scales are not geographic.
Picardie,https://www.data.gouv.fr/datasets/election-presidentielle-2012-resultats-572126,https://www.data.gouv.fr/datasets/contours-administratifs,François Hollande,François Hollande,1334357,1063050,19442,1082492,81.12,16008,0,first,,,Marine Le Pen,Marine Le Pen,266041,Region,FR2012-REG-22,official,Definitive Ministry of the Interior result. Overseas areas are shown in compact schematic insets; inset positions and scales are not geographic.
Picardie,https://www.data.gouv.fr/datasets/election-presidentielle-2012-resultats-572126,https://www.data.gouv.fr/datasets/contours-administratifs,François Hollande,François Hollande,1334357,1063050,19442,1082492,81.12,16008,0,first,,,Jean-Luc Mélenchon,Jean-Luc Mélenchon,110630,Region,FR2012-REG-22,official,Definitive Ministry of the Interior result. Overseas areas are shown in compact schematic insets; inset positions and scales are not geographic.
Picardie,https://www.data.gouv.fr/datasets/election-presidentielle-2012-resultats-572126,https://www.data.gouv.fr/datasets/contours-administratifs,François Hollande,François Hollande,1334357,1063050,19442,1082492,81.12,16008,0,first,,,François Bayrou,François Bayrou,77121,Region,FR2012-REG-22,official,Definitive Ministry of the Interior result. Overseas areas are shown in compact schematic insets; inset positions and scales are not geographic.
Picardie,https://www.data.gouv.fr/datasets/election-presidentielle-2012-resultats-572126,https://www.data.gouv.fr/datasets/contours-administratifs,François Hollande,François Hollande,1334357,1063050,19442,1082492,81.12,16008,0,first,,,Nicolas Dupont-Aignan,Nicolas Dupont-Aignan,21011,Region,FR2012-REG-22,official,Definitive Ministry of the Interior result. Overseas areas are shown in compact schematic insets; inset positions and scales are not geographic.
Picardie,https://www.data.gouv.fr/datasets/election-presidentielle-2012-resultats-572126,https://www.data.gouv.fr/datasets/contours-administratifs,François Hollande,François Hollande,1334357,1063050,19442,1082492,81.12,16008,0,first,,,Eva Joly,Eva Joly,14084,Region,FR2012-REG-22,official,Definitive Ministry of the Interior result. Overseas areas are shown in compact schematic insets; inset positions and scales are not geographic.
Picardie,https://www.data.gouv.fr/datasets/election-presidentielle-2012-resultats-572126,https://www.data.gouv.fr/datasets/contours-administratifs,François Hollande,François Hollande,1334357,1063050,19442,1082492,81.12,16008,0,first,,,Philippe Poutou,Philippe Poutou,13420,Region,FR2012-REG-22,official,Definitive Ministry of the Interior result. Overseas areas are shown in compact schematic insets; inset positions and scales are not geographic.
Picardie,https://www.data.gouv.fr/datasets/election-presidentielle-2012-resultats-572126,https://www.data.gouv.fr/datasets/contours-administratifs,François Hollande,François Hollande,1334357,1063050,19442,1082492,81.12,16008,0,first,,,Nathalie Arthaud,Nathalie Arthaud,8798,Region,FR2012-REG-22,official,Definitive Ministry of the Interior result. Overseas areas are shown in compact schematic insets; inset positions and scales are not geographic.
Picardie,https://www.data.gouv.fr/datasets/election-presidentielle-2012-resultats-572126,https://www.data.gouv.fr/datasets/contours-administratifs,François Hollande,François Hollande,1334357,1063050,19442,1082492,81.12,16008,0,first,,,Jacques Cheminade,Jacques Cheminade,2545,Region,FR2012-REG-22,official,Definitive Ministry of the Interior result. Overseas areas are shown in compact schematic insets; inset positions and scales are not geographic.
Haute-Normandie,https://www.data.gouv.fr/datasets/election-presidentielle-2012-resultats-572126,https://www.data.gouv.fr/datasets/contours-administratifs,François Hollande,François Hollande,1293995,1029876,19555,1049431,81.1,19978,0,first,,,François Hollande,François Hollande,286912,Region,FR2012-REG-23,official,Definitive Ministry of the Interior result. Overseas areas are shown in compact schematic insets; inset positions and scales are not geographic.
Haute-Normandie,https://www.data.gouv.fr/datasets/election-presidentielle-2012-resultats-572126,https://www.data.gouv.fr/datasets/contours-administratifs,François Hollande,François Hollande,1293995,1029876,19555,1049431,81.1,19978,0,first,,,Nicolas Sarkozy,Nicolas Sarkozy,266934,Region,FR2012-REG-23,official,Definitive Ministry of the Interior result. Overseas areas are shown in compact schematic insets; inset positions and scales are not geographic.
Haute-Normandie,https://www.data.gouv.fr/datasets/election-presidentielle-2012-resultats-572126,https://www.data.gouv.fr/datasets/contours-administratifs,François Hollande,François Hollande,1293995,1029876,19555,1049431,81.1,19978,0,first,,,Marine Le Pen,Marine Le Pen,207520,Region,FR2012-REG-23,official,Definitive Ministry of the Interior result. Overseas areas are shown in compact schematic insets; inset positions and scales are not geographic.
Haute-Normandie,https://www.data.gouv.fr/datasets/election-presidentielle-2012-resultats-572126,https://www.data.gouv.fr/datasets/contours-administratifs,François Hollande,François Hollande,1293995,1029876,19555,1049431,81.1,19978,0,first,,,Jean-Luc Mélenchon,Jean-Luc Mélenchon,126331,Region,FR2012-REG-23,official,Definitive Ministry of the Interior result. Overseas areas are shown in compact schematic insets; inset positions and scales are not geographic.
Haute-Normandie,https://www.data.gouv.fr/datasets/election-presidentielle-2012-resultats-572126,https://www.data.gouv.fr/datasets/contours-administratifs,François Hollande,François Hollande,1293995,1029876,19555,1049431,81.1,19978,0,first,,,François Bayrou,François Bayrou,82590,Region,FR2012-REG-23,official,Definitive Ministry of the Interior result. Overseas areas are shown in compact schematic insets; inset positions and scales are not geographic.
Haute-Normandie,https://www.data.gouv.fr/datasets/election-presidentielle-2012-resultats-572126,https://www.data.gouv.fr/datasets/contours-administratifs,François Hollande,François Hollande,1293995,1029876,19555,1049431,81.1,19978,0,first,,,Nicolas Dupont-Aignan,Nicolas Dupont-Aignan,19519,Region,FR2012-REG-23,official,Definitive Ministry of the Interior result. Overseas areas are shown in compact schematic insets; inset positions and scales are not geographic.
Haute-Normandie,https://www.data.gouv.fr/datasets/election-presidentielle-2012-resultats-572126,https://www.data.gouv.fr/datasets/contours-administratifs,François Hollande,François Hollande,1293995,1029876,19555,1049431,81.1,19978,0,first,,,Eva Joly,Eva Joly,16900,Region,FR2012-REG-23,official,Definitive Ministry of the Interior result. Overseas areas are shown in compact schematic insets; inset positions and scales are not geographic.
Haute-Normandie,https://www.data.gouv.fr/datasets/election-presidentielle-2012-resultats-572126,https://www.data.gouv.fr/datasets/contours-administratifs,François Hollande,François Hollande,1293995,1029876,19555,1049431,81.1,19978,0,first,,,Philippe Poutou,Philippe Poutou,13502,Region,FR2012-REG-23,official,Definitive Ministry of the Interior result. Overseas areas are shown in compact schematic insets; inset positions and scales are not geographic.
Haute-Normandie,https://www.data.gouv.fr/datasets/election-presidentielle-2012-resultats-572126,https://www.data.gouv.fr/datasets/contours-administratifs,François Hollande,François Hollande,1293995,1029876,19555,1049431,81.1,19978,0,first,,,Nathalie Arthaud,Nathalie Arthaud,7107,Region,FR2012-REG-23,official,Definitive Ministry of the Interior result. Overseas areas are shown in compact schematic insets; inset positions and scales are not geographic.
Haute-Normandie,https://www.data.gouv.fr/datasets/election-presidentielle-2012-resultats-572126,https://www.data.gouv.fr/datasets/contours-administratifs,François Hollande,François Hollande,1293995,1029876,19555,1049431,81.1,19978,0,first,,,Jacques Cheminade,Jacques Cheminade,2561,Region,FR2012-REG-23,official,Definitive Ministry of the Interior result. Overseas areas are shown in compact schematic insets; inset positions and scales are not geographic.
Centre,https://www.data.gouv.fr/datasets/election-presidentielle-2012-resultats-572126,https://www.data.gouv.fr/datasets/contours-administratifs,Nicolas Sarkozy,Nicolas Sarkozy,1801366,1445979,28827,1474806,81.87,18291,0,first,,,Nicolas Sarkozy,Nicolas Sarkozy,403460,Region,FR2012-REG-24,official,Definitive Ministry of the Interior result. Overseas areas are shown in compact schematic insets; inset positions and scales are not geographic.
Centre,https://www.data.gouv.fr/datasets/election-presidentielle-2012-resultats-572126,https://www.data.gouv.fr/datasets/contours-administratifs,Nicolas Sarkozy,Nicolas Sarkozy,1801366,1445979,28827,1474806,81.87,18291,0,first,,,François Hollande,François Hollande,385169,Region,FR2012-REG-24,official,Definitive Ministry of the Interior result. Overseas areas are shown in compact schematic insets; inset positions and scales are not geographic.
Centre,https://www.data.gouv.fr/datasets/election-presidentielle-2012-resultats-572126,https://www.data.gouv.fr/datasets/contours-administratifs,Nicolas Sarkozy,Nicolas Sarkozy,1801366,1445979,28827,1474806,81.87,18291,0,first,,,Marine Le Pen,Marine Le Pen,280096,Region,FR2012-REG-24,official,Definitive Ministry of the Interior result. Overseas areas are shown in compact schematic insets; inset positions and scales are not geographic.
Centre,https://www.data.gouv.fr/datasets/election-presidentielle-2012-resultats-572126,https://www.data.gouv.fr/datasets/contours-administratifs,Nicolas Sarkozy,Nicolas Sarkozy,1801366,1445979,28827,1474806,81.87,18291,0,first,,,Jean-Luc Mélenchon,Jean-Luc Mélenchon,151971,Region,FR2012-REG-24,official,Definitive Ministry of the Interior result. Overseas areas are shown in compact schematic insets; inset positions and scales are not geographic.
Centre,https://www.data.gouv.fr/datasets/election-presidentielle-2012-resultats-572126,https://www.data.gouv.fr/datasets/contours-administratifs,Nicolas Sarkozy,Nicolas Sarkozy,1801366,1445979,28827,1474806,81.87,18291,0,first,,,François Bayrou,François Bayrou,137172,Region,FR2012-REG-24,official,Definitive Ministry of the Interior result. Overseas areas are shown in compact schematic insets; inset positions and scales are not geographic.
Centre,https://www.data.gouv.fr/datasets/election-presidentielle-2012-resultats-572126,https://www.data.gouv.fr/datasets/contours-administratifs,Nicolas Sarkozy,Nicolas Sarkozy,1801366,1445979,28827,1474806,81.87,18291,0,first,,,Nicolas Dupont-Aignan,Nicolas Dupont-Aignan,30609,Region,FR2012-REG-24,official,Definitive Ministry of the Interior result. Overseas areas are shown in compact schematic insets; inset positions and scales are not geographic.
Centre,https://www.data.gouv.fr/datasets/election-presidentielle-2012-resultats-572126,https://www.data.gouv.fr/datasets/contours-administratifs,Nicolas Sarkozy,Nicolas Sarkozy,1801366,1445979,28827,1474806,81.87,18291,0,first,,,Eva Joly,Eva Joly,26314,Region,FR2012-REG-24,official,Definitive Ministry of the Interior result. Overseas areas are shown in compact schematic insets; inset positions and scales are not geographic.
Centre,https://www.data.gouv.fr/datasets/election-presidentielle-2012-resultats-572126,https://www.data.gouv.fr/datasets/contours-administratifs,Nicolas Sarkozy,Nicolas Sarkozy,1801366,1445979,28827,1474806,81.87,18291,0,first,,,Philippe Poutou,Philippe Poutou,17609,Region,FR2012-REG-24,official,Definitive Ministry of the Interior result. Overseas areas are shown in compact schematic insets; inset positions and scales are not geographic.
Centre,https://www.data.gouv.fr/datasets/election-presidentielle-2012-resultats-572126,https://www.data.gouv.fr/datasets/contours-administratifs,Nicolas Sarkozy,Nicolas Sarkozy,1801366,1445979,28827,1474806,81.87,18291,0,first,,,Nathalie Arthaud,Nathalie Arthaud,9827,Region,FR2012-REG-24,official,Definitive Ministry of the Interior result. Overseas areas are shown in compact schematic insets; inset positions and scales are not geographic.
Centre,https://www.data.gouv.fr/datasets/election-presidentielle-2012-resultats-572126,https://www.data.gouv.fr/datasets/contours-administratifs,Nicolas Sarkozy,Nicolas Sarkozy,1801366,1445979,28827,1474806,81.87,18291,0,first,,,Jacques Cheminade,Jacques Cheminade,3752,Region,FR2012-REG-24,official,Definitive Ministry of the Interior result. Overseas areas are shown in compact schematic insets; inset positions and scales are not geographic.
Basse-Normandie,https://www.data.gouv.fr/datasets/election-presidentielle-2012-resultats-572126,https://www.data.gouv.fr/datasets/contours-administratifs,Nicolas Sarkozy,Nicolas Sarkozy,1078784,881315,15958,897273,83.17,6772,0,first,,,Nicolas Sarkozy,Nicolas Sarkozy,249477,Region,FR2012-REG-25,official,Definitive Ministry of the Interior result. Overseas areas are shown in compact schematic insets; inset positions and scales are not geographic.
Basse-Normandie,https://www.data.gouv.fr/datasets/election-presidentielle-2012-resultats-572126,https://www.data.gouv.fr/datasets/contours-administratifs,Nicolas Sarkozy,Nicolas Sarkozy,1078784,881315,15958,897273,83.17,6772,0,first,,,François Hollande,François Hollande,242705,Region,FR2012-REG-25,official,Definitive Ministry of the Interior result. Overseas areas are shown in compact schematic insets; inset positions and scales are not geographic.
Basse-Normandie,https://www.data.gouv.fr/datasets/election-presidentielle-2012-resultats-572126,https://www.data.gouv.fr/datasets/contours-administratifs,Nicolas Sarkozy,Nicolas Sarkozy,1078784,881315,15958,897273,83.17,6772,0,first,,,Marine Le Pen,Marine Le Pen,150810,Region,FR2012-REG-25,official,Definitive Ministry of the Interior result. Overseas areas are shown in compact schematic insets; inset positions and scales are not geographic.
Basse-Normandie,https://www.data.gouv.fr/datasets/election-presidentielle-2012-resultats-572126,https://www.data.gouv.fr/datasets/contours-administratifs,Nicolas Sarkozy,Nicolas Sarkozy,1078784,881315,15958,897273,83.17,6772,0,first,,,François Bayrou,François Bayrou,93160,Region,FR2012-REG-25,official,Definitive Ministry of the Interior result. Overseas areas are shown in compact schematic insets; inset positions and scales are not geographic.
Basse-Normandie,https://www.data.gouv.fr/datasets/election-presidentielle-2012-resultats-572126,https://www.data.gouv.fr/datasets/contours-administratifs,Nicolas Sarkozy,Nicolas Sarkozy,1078784,881315,15958,897273,83.17,6772,0,first,,,Jean-Luc Mélenchon,Jean-Luc Mélenchon,88064,Region,FR2012-REG-25,official,Definitive Ministry of the Interior result. Overseas areas are shown in compact schematic insets; inset positions and scales are not geographic.
Basse-Normandie,https://www.data.gouv.fr/datasets/election-presidentielle-2012-resultats-572126,https://www.data.gouv.fr/datasets/contours-administratifs,Nicolas Sarkozy,Nicolas Sarkozy,1078784,881315,15958,897273,83.17,6772,0,first,,,Nicolas Dupont-Aignan,Nicolas Dupont-Aignan,19336,Region,FR2012-REG-25,official,Definitive Ministry of the Interior result. Overseas areas are shown in compact schematic insets; inset positions and scales are not geographic.
Basse-Normandie,https://www.data.gouv.fr/datasets/election-presidentielle-2012-resultats-572126,https://www.data.gouv.fr/datasets/contours-administratifs,Nicolas Sarkozy,Nicolas Sarkozy,1078784,881315,15958,897273,83.17,6772,0,first,,,Eva Joly,Eva Joly,17279,Region,FR2012-REG-25,official,Definitive Ministry of the Interior result. Overseas areas are shown in compact schematic insets; inset positions and scales are not geographic.
Basse-Normandie,https://www.data.gouv.fr/datasets/election-presidentielle-2012-resultats-572126,https://www.data.gouv.fr/datasets/contours-administratifs,Nicolas Sarkozy,Nicolas Sarkozy,1078784,881315,15958,897273,83.17,6772,0,first,,,Philippe Poutou,Philippe Poutou,12031,Region,FR2012-REG-25,official,Definitive Ministry of the Interior result. Overseas areas are shown in compact schematic insets; inset positions and scales are not geographic.
Basse-Normandie,https://www.data.gouv.fr/datasets/election-presidentielle-2012-resultats-572126,https://www.data.gouv.fr/datasets/contours-administratifs,Nicolas Sarkozy,Nicolas Sarkozy,1078784,881315,15958,897273,83.17,6772,0,first,,,Nathalie Arthaud,Nathalie Arthaud,6141,Region,FR2012-REG-25,official,Definitive Ministry of the Interior result. Overseas areas are shown in compact schematic insets; inset positions and scales are not geographic.
Basse-Normandie,https://www.data.gouv.fr/datasets/election-presidentielle-2012-resultats-572126,https://www.data.gouv.fr/datasets/contours-administratifs,Nicolas Sarkozy,Nicolas Sarkozy,1078784,881315,15958,897273,83.17,6772,0,first,,,Jacques Cheminade,Jacques Cheminade,2312,Region,FR2012-REG-25,official,Definitive Ministry of the Interior result. Overseas areas are shown in compact schematic insets; inset positions and scales are not geographic.
Bourgogne,https://www.data.gouv.fr/datasets/election-presidentielle-2012-resultats-572126,https://www.data.gouv.fr/datasets/contours-administratifs,François Hollande,François Hollande,1174945,938969,19159,958128,81.55,12611,0,first,,,François Hollande,François Hollande,262817,Region,FR2012-REG-26,official,Definitive Ministry of the Interior result. Overseas areas are shown in compact schematic insets; inset positions and scales are not geographic.
Bourgogne,https://www.data.gouv.fr/datasets/election-presidentielle-2012-resultats-572126,https://www.data.gouv.fr/datasets/contours-administratifs,François Hollande,François Hollande,1174945,938969,19159,958128,81.55,12611,0,first,,,Nicolas Sarkozy,Nicolas Sarkozy,250206,Region,FR2012-REG-26,official,Definitive Ministry of the Interior result. Overseas areas are shown in compact schematic insets; inset positions and scales are not geographic.
Bourgogne,https://www.data.gouv.fr/datasets/election-presidentielle-2012-resultats-572126,https://www.data.gouv.fr/datasets/contours-administratifs,François Hollande,François Hollande,1174945,938969,19159,958128,81.55,12611,0,first,,,Marine Le Pen,Marine Le Pen,191148,Region,FR2012-REG-26,official,Definitive Ministry of the Interior result. Overseas areas are shown in compact schematic insets; inset positions and scales are not geographic.
Bourgogne,https://www.data.gouv.fr/datasets/election-presidentielle-2012-resultats-572126,https://www.data.gouv.fr/datasets/contours-administratifs,François Hollande,François Hollande,1174945,938969,19159,958128,81.55,12611,0,first,,,Jean-Luc Mélenchon,Jean-Luc Mélenchon,97185,Region,FR2012-REG-26,official,Definitive Ministry of the Interior result. Overseas areas are shown in compact schematic insets; inset positions and scales are not geographic.
Bourgogne,https://www.data.gouv.fr/datasets/election-presidentielle-2012-resultats-572126,https://www.data.gouv.fr/datasets/contours-administratifs,François Hollande,François Hollande,1174945,938969,19159,958128,81.55,12611,0,first,,,François Bayrou,François Bayrou,81987,Region,FR2012-REG-26,official,Definitive Ministry of the Interior result. Overseas areas are shown in compact schematic insets; inset positions and scales are not geographic.
Bourgogne,https://www.data.gouv.fr/datasets/election-presidentielle-2012-resultats-572126,https://www.data.gouv.fr/datasets/contours-administratifs,François Hollande,François Hollande,1174945,938969,19159,958128,81.55,12611,0,first,,,Nicolas Dupont-Aignan,Nicolas Dupont-Aignan,19101,Region,FR2012-REG-26,official,Definitive Ministry of the Interior result. Overseas areas are shown in compact schematic insets; inset positions and scales are not geographic.
Bourgogne,https://www.data.gouv.fr/datasets/election-presidentielle-2012-resultats-572126,https://www.data.gouv.fr/datasets/contours-administratifs,François Hollande,François Hollande,1174945,938969,19159,958128,81.55,12611,0,first,,,Eva Joly,Eva Joly,17077,Region,FR2012-REG-26,official,Definitive Ministry of the Interior result. Overseas areas are shown in compact schematic insets; inset positions and scales are not geographic.
Bourgogne,https://www.data.gouv.fr/datasets/election-presidentielle-2012-resultats-572126,https://www.data.gouv.fr/datasets/contours-administratifs,François Hollande,François Hollande,1174945,938969,19159,958128,81.55,12611,0,first,,,Philippe Poutou,Philippe Poutou,11193,Region,FR2012-REG-26,official,Definitive Ministry of the Interior result. Overseas areas are shown in compact schematic insets; inset positions and scales are not geographic.
Bourgogne,https://www.data.gouv.fr/datasets/election-presidentielle-2012-resultats-572126,https://www.data.gouv.fr/datasets/contours-administratifs,François Hollande,François Hollande,1174945,938969,19159,958128,81.55,12611,0,first,,,Nathalie Arthaud,Nathalie Arthaud,5937,Region,FR2012-REG-26,official,Definitive Ministry of the Interior result. Overseas areas are shown in compact schematic insets; inset positions and scales are not geographic.
Bourgogne,https://www.data.gouv.fr/datasets/election-presidentielle-2012-resultats-572126,https://www.data.gouv.fr/datasets/contours-administratifs,François Hollande,François Hollande,1174945,938969,19159,958128,81.55,12611,0,first,,,Jacques Cheminade,Jacques Cheminade,2318,Region,FR2012-REG-26,official,Definitive Ministry of the Interior result. Overseas areas are shown in compact schematic insets; inset positions and scales are not geographic.
Nord-Pas-de-Calais,https://www.data.gouv.fr/datasets/election-presidentielle-2012-resultats-572126,https://www.data.gouv.fr/datasets/contours-administratifs,François Hollande,François Hollande,2876087,2220238,41159,2261397,78.63,109096,0,first,,,François Hollande,François Hollande,633442,Region,FR2012-REG-31,official,Definitive Ministry of the Interior result. Overseas areas are shown in compact schematic insets; inset positions and scales are not geographic.
Nord-Pas-de-Calais,https://www.data.gouv.fr/datasets/election-presidentielle-2012-resultats-572126,https://www.data.gouv.fr/datasets/contours-administratifs,François Hollande,François Hollande,2876087,2220238,41159,2261397,78.63,109096,0,first,,,Nicolas Sarkozy,Nicolas Sarkozy,524346,Region,FR2012-REG-31,official,Definitive Ministry of the Interior result. Overseas areas are shown in compact schematic insets; inset positions and scales are not geographic.
Nord-Pas-de-Calais,https://www.data.gouv.fr/datasets/election-presidentielle-2012-resultats-572126,https://www.data.gouv.fr/datasets/contours-administratifs,François Hollande,François Hollande,2876087,2220238,41159,2261397,78.63,109096,0,first,,,Marine Le Pen,Marine Le Pen,517115,Region,FR2012-REG-31,official,Definitive Ministry of the Interior result. Overseas areas are shown in compact schematic insets; inset positions and scales are not geographic.
Nord-Pas-de-Calais,https://www.data.gouv.fr/datasets/election-presidentielle-2012-resultats-572126,https://www.data.gouv.fr/datasets/contours-administratifs,François Hollande,François Hollande,2876087,2220238,41159,2261397,78.63,109096,0,first,,,Jean-Luc Mélenchon,Jean-Luc Mélenchon,271011,Region,FR2012-REG-31,official,Definitive Ministry of the Interior result. Overseas areas are shown in compact schematic insets; inset positions and scales are not geographic.
Nord-Pas-de-Calais,https://www.data.gouv.fr/datasets/election-presidentielle-2012-resultats-572126,https://www.data.gouv.fr/datasets/contours-administratifs,François Hollande,François Hollande,2876087,2220238,41159,2261397,78.63,109096,0,first,,,François Bayrou,François Bayrou,156865,Region,FR2012-REG-31,official,Definitive Ministry of the Interior result. Overseas areas are shown in compact schematic insets; inset positions and scales are not geographic.
Nord-Pas-de-Calais,https://www.data.gouv.fr/datasets/election-presidentielle-2012-resultats-572126,https://www.data.gouv.fr/datasets/contours-administratifs,François Hollande,François Hollande,2876087,2220238,41159,2261397,78.63,109096,0,first,,,Nicolas Dupont-Aignan,Nicolas Dupont-Aignan,35282,Region,FR2012-REG-31,official,Definitive Ministry of the Interior result. Overseas areas are shown in compact schematic insets; inset positions and scales are not geographic.
Nord-Pas-de-Calais,https://www.data.gouv.fr/datasets/election-presidentielle-2012-resultats-572126,https://www.data.gouv.fr/datasets/contours-administratifs,François Hollande,François Hollande,2876087,2220238,41159,2261397,78.63,109096,0,first,,,Eva Joly,Eva Joly,34291,Region,FR2012-REG-31,official,Definitive Ministry of the Interior result. Overseas areas are shown in compact schematic insets; inset positions and scales are not geographic.
Nord-Pas-de-Calais,https://www.data.gouv.fr/datasets/election-presidentielle-2012-resultats-572126,https://www.data.gouv.fr/datasets/contours-administratifs,François Hollande,François Hollande,2876087,2220238,41159,2261397,78.63,109096,0,first,,,Philippe Poutou,Philippe Poutou,26086,Region,FR2012-REG-31,official,Definitive Ministry of the Interior result. Overseas areas are shown in compact schematic insets; inset positions and scales are not geographic.
Nord-Pas-de-Calais,https://www.data.gouv.fr/datasets/election-presidentielle-2012-resultats-572126,https://www.data.gouv.fr/datasets/contours-administratifs,François Hollande,François Hollande,2876087,2220238,41159,2261397,78.63,109096,0,first,,,Nathalie Arthaud,Nathalie Arthaud,16791,Region,FR2012-REG-31,official,Definitive Ministry of the Interior result. Overseas areas are shown in compact schematic insets; inset positions and scales are not geographic.
Nord-Pas-de-Calais,https://www.data.gouv.fr/datasets/election-presidentielle-2012-resultats-572126,https://www.data.gouv.fr/datasets/contours-administratifs,François Hollande,François Hollande,2876087,2220238,41159,2261397,78.63,109096,0,first,,,Jacques Cheminade,Jacques Cheminade,5009,Region,FR2012-REG-31,official,Definitive Ministry of the Interior result. Overseas areas are shown in compact schematic insets; inset positions and scales are not geographic.
Lorraine,https://www.data.gouv.fr/datasets/election-presidentielle-2012-resultats-572126,https://www.data.gouv.fr/datasets/contours-administratifs,François Hollande,François Hollande,1666727,1303331,24149,1327480,79.65,1431,0,first,,,François Hollande,François Hollande,332001,Region,FR2012-REG-41,official,Definitive Ministry of the Interior result. Overseas areas are shown in compact schematic insets; inset positions and scales are not geographic.
Lorraine,https://www.data.gouv.fr/datasets/election-presidentielle-2012-resultats-572126,https://www.data.gouv.fr/datasets/contours-administratifs,François Hollande,François Hollande,1666727,1303331,24149,1327480,79.65,1431,0,first,,,Nicolas Sarkozy,Nicolas Sarkozy,330570,Region,FR2012-REG-41,official,Definitive Ministry of the Interior result. Overseas areas are shown in compact schematic insets; inset positions and scales are not geographic.
Lorraine,https://www.data.gouv.fr/datasets/election-presidentielle-2012-resultats-572126,https://www.data.gouv.fr/datasets/contours-administratifs,François Hollande,François Hollande,1666727,1303331,24149,1327480,79.65,1431,0,first,,,Marine Le Pen,Marine Le Pen,308392,Region,FR2012-REG-41,official,Definitive Ministry of the Interior result. Overseas areas are shown in compact schematic insets; inset positions and scales are not geographic.
Lorraine,https://www.data.gouv.fr/datasets/election-presidentielle-2012-resultats-572126,https://www.data.gouv.fr/datasets/contours-administratifs,François Hollande,François Hollande,1666727,1303331,24149,1327480,79.65,1431,0,first,,,Jean-Luc Mélenchon,Jean-Luc Mélenchon,133610,Region,FR2012-REG-41,official,Definitive Ministry of the Interior result. Overseas areas are shown in compact schematic insets; inset positions and scales are not geographic.
Lorraine,https://www.data.gouv.fr/datasets/election-presidentielle-2012-resultats-572126,https://www.data.gouv.fr/datasets/contours-administratifs,François Hollande,François Hollande,1666727,1303331,24149,1327480,79.65,1431,0,first,,,François Bayrou,François Bayrou,118922,Region,FR2012-REG-41,official,Definitive Ministry of the Interior result. Overseas areas are shown in compact schematic insets; inset positions and scales are not geographic.
Lorraine,https://www.data.gouv.fr/datasets/election-presidentielle-2012-resultats-572126,https://www.data.gouv.fr/datasets/contours-administratifs,François Hollande,François Hollande,1666727,1303331,24149,1327480,79.65,1431,0,first,,,Nicolas Dupont-Aignan,Nicolas Dupont-Aignan,25854,Region,FR2012-REG-41,official,Definitive Ministry of the Interior result. Overseas areas are shown in compact schematic insets; inset positions and scales are not geographic.
Lorraine,https://www.data.gouv.fr/datasets/election-presidentielle-2012-resultats-572126,https://www.data.gouv.fr/datasets/contours-administratifs,François Hollande,François Hollande,1666727,1303331,24149,1327480,79.65,1431,0,first,,,Eva Joly,Eva Joly,22753,Region,FR2012-REG-41,official,Definitive Ministry of the Interior result. Overseas areas are shown in compact schematic insets; inset positions and scales are not geographic.
Lorraine,https://www.data.gouv.fr/datasets/election-presidentielle-2012-resultats-572126,https://www.data.gouv.fr/datasets/contours-administratifs,François Hollande,François Hollande,1666727,1303331,24149,1327480,79.65,1431,0,first,,,Philippe Poutou,Philippe Poutou,18173,Region,FR2012-REG-41,official,Definitive Ministry of the Interior result. Overseas areas are shown in compact schematic insets; inset positions and scales are not geographic.
Lorraine,https://www.data.gouv.fr/datasets/election-presidentielle-2012-resultats-572126,https://www.data.gouv.fr/datasets/contours-administratifs,François Hollande,François Hollande,1666727,1303331,24149,1327480,79.65,1431,0,first,,,Nathalie Arthaud,Nathalie Arthaud,9437,Region,FR2012-REG-41,official,Definitive Ministry of the Interior result. Overseas areas are shown in compact schematic insets; inset positions and scales are not geographic.
Lorraine,https://www.data.gouv.fr/datasets/election-presidentielle-2012-resultats-572126,https://www.data.gouv.fr/datasets/contours-administratifs,François Hollande,François Hollande,1666727,1303331,24149,1327480,79.65,1431,0,first,,,Jacques Cheminade,Jacques Cheminade,3619,Region,FR2012-REG-41,official,Definitive Ministry of the Interior result. Overseas areas are shown in compact schematic insets; inset positions and scales are not geographic.
Alsace,https://www.data.gouv.fr/datasets/election-presidentielle-2012-resultats-572126,https://www.data.gouv.fr/datasets/contours-administratifs,Nicolas Sarkozy,Nicolas Sarkozy,1269261,991343,19648,1010991,79.65,107065,0,first,,,Nicolas Sarkozy,Nicolas Sarkozy,326317,Region,FR2012-REG-42,official,Definitive Ministry of the Interior result. Overseas areas are shown in compact schematic insets; inset positions and scales are not geographic.
Alsace,https://www.data.gouv.fr/datasets/election-presidentielle-2012-resultats-572126,https://www.data.gouv.fr/datasets/contours-administratifs,Nicolas Sarkozy,Nicolas Sarkozy,1269261,991343,19648,1010991,79.65,107065,0,first,,,Marine Le Pen,Marine Le Pen,219252,Region,FR2012-REG-42,official,Definitive Ministry of the Interior result. Overseas areas are shown in compact schematic insets; inset positions and scales are not geographic.
Alsace,https://www.data.gouv.fr/datasets/election-presidentielle-2012-resultats-572126,https://www.data.gouv.fr/datasets/contours-administratifs,Nicolas Sarkozy,Nicolas Sarkozy,1269261,991343,19648,1010991,79.65,107065,0,first,,,François Hollande,François Hollande,191282,Region,FR2012-REG-42,official,Definitive Ministry of the Interior result. Overseas areas are shown in compact schematic insets; inset positions and scales are not geographic.
Alsace,https://www.data.gouv.fr/datasets/election-presidentielle-2012-resultats-572126,https://www.data.gouv.fr/datasets/contours-administratifs,Nicolas Sarkozy,Nicolas Sarkozy,1269261,991343,19648,1010991,79.65,107065,0,first,,,François Bayrou,François Bayrou,116116,Region,FR2012-REG-42,official,Definitive Ministry of the Interior result. Overseas areas are shown in compact schematic insets; inset positions and scales are not geographic.
Alsace,https://www.data.gouv.fr/datasets/election-presidentielle-2012-resultats-572126,https://www.data.gouv.fr/datasets/contours-administratifs,Nicolas Sarkozy,Nicolas Sarkozy,1269261,991343,19648,1010991,79.65,107065,0,first,,,Jean-Luc Mélenchon,Jean-Luc Mélenchon,72378,Region,FR2012-REG-42,official,Definitive Ministry of the Interior result. Overseas areas are shown in compact schematic insets; inset positions and scales are not geographic.
Alsace,https://www.data.gouv.fr/datasets/election-presidentielle-2012-resultats-572126,https://www.data.gouv.fr/datasets/contours-administratifs,Nicolas Sarkozy,Nicolas Sarkozy,1269261,991343,19648,1010991,79.65,107065,0,first,,,Eva Joly,Eva Joly,27168,Region,FR2012-REG-42,official,Definitive Ministry of the Interior result. Overseas areas are shown in compact schematic insets; inset positions and scales are not geographic.
Alsace,https://www.data.gouv.fr/datasets/election-presidentielle-2012-resultats-572126,https://www.data.gouv.fr/datasets/contours-administratifs,Nicolas Sarkozy,Nicolas Sarkozy,1269261,991343,19648,1010991,79.65,107065,0,first,,,Nicolas Dupont-Aignan,Nicolas Dupont-Aignan,18649,Region,FR2012-REG-42,official,Definitive Ministry of the Interior result. Overseas areas are shown in compact schematic insets; inset positions and scales are not geographic.
Alsace,https://www.data.gouv.fr/datasets/election-presidentielle-2012-resultats-572126,https://www.data.gouv.fr/datasets/contours-administratifs,Nicolas Sarkozy,Nicolas Sarkozy,1269261,991343,19648,1010991,79.65,107065,0,first,,,Philippe Poutou,Philippe Poutou,10817,Region,FR2012-REG-42,official,Definitive Ministry of the Interior result. Overseas areas are shown in compact schematic insets; inset positions and scales are not geographic.
Alsace,https://www.data.gouv.fr/datasets/election-presidentielle-2012-resultats-572126,https://www.data.gouv.fr/datasets/contours-administratifs,Nicolas Sarkozy,Nicolas Sarkozy,1269261,991343,19648,1010991,79.65,107065,0,first,,,Nathalie Arthaud,Nathalie Arthaud,6387,Region,FR2012-REG-42,official,Definitive Ministry of the Interior result. Overseas areas are shown in compact schematic insets; inset positions and scales are not geographic.
Alsace,https://www.data.gouv.fr/datasets/election-presidentielle-2012-resultats-572126,https://www.data.gouv.fr/datasets/contours-administratifs,Nicolas Sarkozy,Nicolas Sarkozy,1269261,991343,19648,1010991,79.65,107065,0,first,,,Jacques Cheminade,Jacques Cheminade,2977,Region,FR2012-REG-42,official,Definitive Ministry of the Interior result. Overseas areas are shown in compact schematic insets; inset positions and scales are not geographic.
Franche-Comté,https://www.data.gouv.fr/datasets/election-presidentielle-2012-resultats-572126,https://www.data.gouv.fr/datasets/contours-administratifs,Nicolas Sarkozy,Nicolas Sarkozy,822980,666964,14512,681476,82.81,5055,0,first,,,Nicolas Sarkozy,Nicolas Sarkozy,177702,Region,FR2012-REG-43,official,Definitive Ministry of the Interior result. Overseas areas are shown in compact schematic insets; inset positions and scales are not geographic.
Franche-Comté,https://www.data.gouv.fr/datasets/election-presidentielle-2012-resultats-572126,https://www.data.gouv.fr/datasets/contours-administratifs,Nicolas Sarkozy,Nicolas Sarkozy,822980,666964,14512,681476,82.81,5055,0,first,,,François Hollande,François Hollande,172647,Region,FR2012-REG-43,official,Definitive Ministry of the Interior result. Overseas areas are shown in compact schematic insets; inset positions and scales are not geographic.
Franche-Comté,https://www.data.gouv.fr/datasets/election-presidentielle-2012-resultats-572126,https://www.data.gouv.fr/datasets/contours-administratifs,Nicolas Sarkozy,Nicolas Sarkozy,822980,666964,14512,681476,82.81,5055,0,first,,,Marine Le Pen,Marine Le Pen,141972,Region,FR2012-REG-43,official,Definitive Ministry of the Interior result. Overseas areas are shown in compact schematic insets; inset positions and scales are not geographic.
Franche-Comté,https://www.data.gouv.fr/datasets/election-presidentielle-2012-resultats-572126,https://www.data.gouv.fr/datasets/contours-administratifs,Nicolas Sarkozy,Nicolas Sarkozy,822980,666964,14512,681476,82.81,5055,0,first,,,Jean-Luc Mélenchon,Jean-Luc Mélenchon,73946,Region,FR2012-REG-43,official,Definitive Ministry of the Interior result. Overseas areas are shown in compact schematic insets; inset positions and scales are not geographic.
Franche-Comté,https://www.data.gouv.fr/datasets/election-presidentielle-2012-resultats-572126,https://www.data.gouv.fr/datasets/contours-administratifs,Nicolas Sarkozy,Nicolas Sarkozy,822980,666964,14512,681476,82.81,5055,0,first,,,François Bayrou,François Bayrou,58235,Region,FR2012-REG-43,official,Definitive Ministry of the Interior result. Overseas areas are shown in compact schematic insets; inset positions and scales are not geographic.
Franche-Comté,https://www.data.gouv.fr/datasets/election-presidentielle-2012-resultats-572126,https://www.data.gouv.fr/datasets/contours-administratifs,Nicolas Sarkozy,Nicolas Sarkozy,822980,666964,14512,681476,82.81,5055,0,first,,,Eva Joly,Eva Joly,14369,Region,FR2012-REG-43,official,Definitive Ministry of the Interior result. Overseas areas are shown in compact schematic insets; inset positions and scales are not geographic.
Franche-Comté,https://www.data.gouv.fr/datasets/election-presidentielle-2012-resultats-572126,https://www.data.gouv.fr/datasets/contours-administratifs,Nicolas Sarkozy,Nicolas Sarkozy,822980,666964,14512,681476,82.81,5055,0,first,,,Nicolas Dupont-Aignan,Nicolas Dupont-Aignan,13221,Region,FR2012-REG-43,official,Definitive Ministry of the Interior result. Overseas areas are shown in compact schematic insets; inset positions and scales are not geographic.
Franche-Comté,https://www.data.gouv.fr/datasets/election-presidentielle-2012-resultats-572126,https://www.data.gouv.fr/datasets/contours-administratifs,Nicolas Sarkozy,Nicolas Sarkozy,822980,666964,14512,681476,82.81,5055,0,first,,,Philippe Poutou,Philippe Poutou,8460,Region,FR2012-REG-43,official,Definitive Ministry of the Interior result. Overseas areas are shown in compact schematic insets; inset positions and scales are not geographic.
Franche-Comté,https://www.data.gouv.fr/datasets/election-presidentielle-2012-resultats-572126,https://www.data.gouv.fr/datasets/contours-administratifs,Nicolas Sarkozy,Nicolas Sarkozy,822980,666964,14512,681476,82.81,5055,0,first,,,Nathalie Arthaud,Nathalie Arthaud,4615,Region,FR2012-REG-43,official,Definitive Ministry of the Interior result. Overseas areas are shown in compact schematic insets; inset positions and scales are not geographic.
Franche-Comté,https://www.data.gouv.fr/datasets/election-presidentielle-2012-resultats-572126,https://www.data.gouv.fr/datasets/contours-administratifs,Nicolas Sarkozy,Nicolas Sarkozy,822980,666964,14512,681476,82.81,5055,0,first,,,Jacques Cheminade,Jacques Cheminade,1797,Region,FR2012-REG-43,official,Definitive Ministry of the Interior result. Overseas areas are shown in compact schematic insets; inset positions and scales are not geographic.
Pays de la Loire,https://www.data.gouv.fr/datasets/election-presidentielle-2012-resultats-572126,https://www.data.gouv.fr/datasets/contours-administratifs,Nicolas Sarkozy,Nicolas Sarkozy,2605438,2145252,47677,2192929,84.17,5006,0,first,,,Nicolas Sarkozy,Nicolas Sarkozy,614195,Region,FR2012-REG-52,official,Definitive Ministry of the Interior result. Overseas areas are shown in compact schematic insets; inset positions and scales are not geographic.
Pays de la Loire,https://www.data.gouv.fr/datasets/election-presidentielle-2012-resultats-572126,https://www.data.gouv.fr/datasets/contours-administratifs,Nicolas Sarkozy,Nicolas Sarkozy,2605438,2145252,47677,2192929,84.17,5006,0,first,,,François Hollande,François Hollande,609189,Region,FR2012-REG-52,official,Definitive Ministry of the Interior result. Overseas areas are shown in compact schematic insets; inset positions and scales are not geographic.
Pays de la Loire,https://www.data.gouv.fr/datasets/election-presidentielle-2012-resultats-572126,https://www.data.gouv.fr/datasets/contours-administratifs,Nicolas Sarkozy,Nicolas Sarkozy,2605438,2145252,47677,2192929,84.17,5006,0,first,,,Marine Le Pen,Marine Le Pen,308806,Region,FR2012-REG-52,official,Definitive Ministry of the Interior result. Overseas areas are shown in compact schematic insets; inset positions and scales are not geographic.
Pays de la Loire,https://www.data.gouv.fr/datasets/election-presidentielle-2012-resultats-572126,https://www.data.gouv.fr/datasets/contours-administratifs,Nicolas Sarkozy,Nicolas Sarkozy,2605438,2145252,47677,2192929,84.17,5006,0,first,,,François Bayrou,François Bayrou,249971,Region,FR2012-REG-52,official,Definitive Ministry of the Interior result. Overseas areas are shown in compact schematic insets; inset positions and scales are not geographic.
Pays de la Loire,https://www.data.gouv.fr/datasets/election-presidentielle-2012-resultats-572126,https://www.data.gouv.fr/datasets/contours-administratifs,Nicolas Sarkozy,Nicolas Sarkozy,2605438,2145252,47677,2192929,84.17,5006,0,first,,,Jean-Luc Mélenchon,Jean-Luc Mélenchon,217491,Region,FR2012-REG-52,official,Definitive Ministry of the Interior result. Overseas areas are shown in compact schematic insets; inset positions and scales are not geographic.
Pays de la Loire,https://www.data.gouv.fr/datasets/election-presidentielle-2012-resultats-572126,https://www.data.gouv.fr/datasets/contours-administratifs,Nicolas Sarkozy,Nicolas Sarkozy,2605438,2145252,47677,2192929,84.17,5006,0,first,,,Eva Joly,Eva Joly,52816,Region,FR2012-REG-52,official,Definitive Ministry of the Interior result. Overseas areas are shown in compact schematic insets; inset positions and scales are not geographic.
Pays de la Loire,https://www.data.gouv.fr/datasets/election-presidentielle-2012-resultats-572126,https://www.data.gouv.fr/datasets/contours-administratifs,Nicolas Sarkozy,Nicolas Sarkozy,2605438,2145252,47677,2192929,84.17,5006,0,first,,,Nicolas Dupont-Aignan,Nicolas Dupont-Aignan,44720,Region,FR2012-REG-52,official,Definitive Ministry of the Interior result. Overseas areas are shown in compact schematic insets; inset positions and scales are not geographic.
Pays de la Loire,https://www.data.gouv.fr/datasets/election-presidentielle-2012-resultats-572126,https://www.data.gouv.fr/datasets/contours-administratifs,Nicolas Sarkozy,Nicolas Sarkozy,2605438,2145252,47677,2192929,84.17,5006,0,first,,,Philippe Poutou,Philippe Poutou,28637,Region,FR2012-REG-52,official,Definitive Ministry of the Interior result. Overseas areas are shown in compact schematic insets; inset positions and scales are not geographic.
Pays de la Loire,https://www.data.gouv.fr/datasets/election-presidentielle-2012-resultats-572126,https://www.data.gouv.fr/datasets/contours-administratifs,Nicolas Sarkozy,Nicolas Sarkozy,2605438,2145252,47677,2192929,84.17,5006,0,first,,,Nathalie Arthaud,Nathalie Arthaud,14335,Region,FR2012-REG-52,official,Definitive Ministry of the Interior result. Overseas areas are shown in compact schematic insets; inset positions and scales are not geographic.
Pays de la Loire,https://www.data.gouv.fr/datasets/election-presidentielle-2012-resultats-572126,https://www.data.gouv.fr/datasets/contours-administratifs,Nicolas Sarkozy,Nicolas Sarkozy,2605438,2145252,47677,2192929,84.17,5006,0,first,,,Jacques Cheminade,Jacques Cheminade,5092,Region,FR2012-REG-52,official,Definitive Ministry of the Interior result. Overseas areas are shown in compact schematic insets; inset positions and scales are not geographic.
Bretagne,https://www.data.gouv.fr/datasets/election-presidentielle-2012-resultats-572126,https://www.data.gouv.fr/datasets/contours-administratifs,François Hollande,François Hollande,2380594,1979793,36077,2015870,84.68,120369,0,first,,,François Hollande,François Hollande,628441,Region,FR2012-REG-53,official,Definitive Ministry of the Interior result. Overseas areas are shown in compact schematic insets; inset positions and scales are not geographic.
Bretagne,https://www.data.gouv.fr/datasets/election-presidentielle-2012-resultats-572126,https://www.data.gouv.fr/datasets/contours-administratifs,François Hollande,François Hollande,2380594,1979793,36077,2015870,84.68,120369,0,first,,,Nicolas Sarkozy,Nicolas Sarkozy,508072,Region,FR2012-REG-53,official,Definitive Ministry of the Interior result. Overseas areas are shown in compact schematic insets; inset positions and scales are not geographic.
Bretagne,https://www.data.gouv.fr/datasets/election-presidentielle-2012-resultats-572126,https://www.data.gouv.fr/datasets/contours-administratifs,François Hollande,François Hollande,2380594,1979793,36077,2015870,84.68,120369,0,first,,,Marine Le Pen,Marine Le Pen,262095,Region,FR2012-REG-53,official,Definitive Ministry of the Interior result. Overseas areas are shown in compact schematic insets; inset positions and scales are not geographic.
Bretagne,https://www.data.gouv.fr/datasets/election-presidentielle-2012-resultats-572126,https://www.data.gouv.fr/datasets/contours-administratifs,François Hollande,François Hollande,2380594,1979793,36077,2015870,84.68,120369,0,first,,,François Bayrou,François Bayrou,224902,Region,FR2012-REG-53,official,Definitive Ministry of the Interior result. Overseas areas are shown in compact schematic insets; inset positions and scales are not geographic.
Bretagne,https://www.data.gouv.fr/datasets/election-presidentielle-2012-resultats-572126,https://www.data.gouv.fr/datasets/contours-administratifs,François Hollande,François Hollande,2380594,1979793,36077,2015870,84.68,120369,0,first,,,Jean-Luc Mélenchon,Jean-Luc Mélenchon,217929,Region,FR2012-REG-53,official,Definitive Ministry of the Interior result. Overseas areas are shown in compact schematic insets; inset positions and scales are not geographic.
Bretagne,https://www.data.gouv.fr/datasets/election-presidentielle-2012-resultats-572126,https://www.data.gouv.fr/datasets/contours-administratifs,François Hollande,François Hollande,2380594,1979793,36077,2015870,84.68,120369,0,first,,,Eva Joly,Eva Joly,58396,Region,FR2012-REG-53,official,Definitive Ministry of the Interior result. Overseas areas are shown in compact schematic insets; inset positions and scales are not geographic.
Bretagne,https://www.data.gouv.fr/datasets/election-presidentielle-2012-resultats-572126,https://www.data.gouv.fr/datasets/contours-administratifs,François Hollande,François Hollande,2380594,1979793,36077,2015870,84.68,120369,0,first,,,Nicolas Dupont-Aignan,Nicolas Dupont-Aignan,35587,Region,FR2012-REG-53,official,Definitive Ministry of the Interior result. Overseas areas are shown in compact schematic insets; inset positions and scales are not geographic.
Bretagne,https://www.data.gouv.fr/datasets/election-presidentielle-2012-resultats-572126,https://www.data.gouv.fr/datasets/contours-administratifs,François Hollande,François Hollande,2380594,1979793,36077,2015870,84.68,120369,0,first,,,Philippe Poutou,Philippe Poutou,26693,Region,FR2012-REG-53,official,Definitive Ministry of the Interior result. Overseas areas are shown in compact schematic insets; inset positions and scales are not geographic.
Bretagne,https://www.data.gouv.fr/datasets/election-presidentielle-2012-resultats-572126,https://www.data.gouv.fr/datasets/contours-administratifs,François Hollande,François Hollande,2380594,1979793,36077,2015870,84.68,120369,0,first,,,Nathalie Arthaud,Nathalie Arthaud,12593,Region,FR2012-REG-53,official,Definitive Ministry of the Interior result. Overseas areas are shown in compact schematic insets; inset positions and scales are not geographic.
Bretagne,https://www.data.gouv.fr/datasets/election-presidentielle-2012-resultats-572126,https://www.data.gouv.fr/datasets/contours-administratifs,François Hollande,François Hollande,2380594,1979793,36077,2015870,84.68,120369,0,first,,,Jacques Cheminade,Jacques Cheminade,5085,Region,FR2012-REG-53,official,Definitive Ministry of the Interior result. Overseas areas are shown in compact schematic insets; inset positions and scales are not geographic.
Poitou-Charentes,https://www.data.gouv.fr/datasets/election-presidentielle-2012-resultats-572126,https://www.data.gouv.fr/datasets/contours-administratifs,François Hollande,François Hollande,1307076,1055605,23199,1078804,82.54,58642,0,first,,,François Hollande,François Hollande,329014,Region,FR2012-REG-54,official,Definitive Ministry of the Interior result. Overseas areas are shown in compact schematic insets; inset positions and scales are not geographic.
Poitou-Charentes,https://www.data.gouv.fr/datasets/election-presidentielle-2012-resultats-572126,https://www.data.gouv.fr/datasets/contours-administratifs,François Hollande,François Hollande,1307076,1055605,23199,1078804,82.54,58642,0,first,,,Nicolas Sarkozy,Nicolas Sarkozy,270372,Region,FR2012-REG-54,official,Definitive Ministry of the Interior result. Overseas areas are shown in compact schematic insets; inset positions and scales are not geographic.
Poitou-Charentes,https://www.data.gouv.fr/datasets/election-presidentielle-2012-resultats-572126,https://www.data.gouv.fr/datasets/contours-administratifs,François Hollande,François Hollande,1307076,1055605,23199,1078804,82.54,58642,0,first,,,Marine Le Pen,Marine Le Pen,173595,Region,FR2012-REG-54,official,Definitive Ministry of the Interior result. Overseas areas are shown in compact schematic insets; inset positions and scales are not geographic.
Poitou-Charentes,https://www.data.gouv.fr/datasets/election-presidentielle-2012-resultats-572126,https://www.data.gouv.fr/datasets/contours-administratifs,François Hollande,François Hollande,1307076,1055605,23199,1078804,82.54,58642,0,first,,,Jean-Luc Mélenchon,Jean-Luc Mélenchon,112766,Region,FR2012-REG-54,official,Definitive Ministry of the Interior result. Overseas areas are shown in compact schematic insets; inset positions and scales are not geographic.
Poitou-Charentes,https://www.data.gouv.fr/datasets/election-presidentielle-2012-resultats-572126,https://www.data.gouv.fr/datasets/contours-administratifs,François Hollande,François Hollande,1307076,1055605,23199,1078804,82.54,58642,0,first,,,François Bayrou,François Bayrou,100802,Region,FR2012-REG-54,official,Definitive Ministry of the Interior result. Overseas areas are shown in compact schematic insets; inset positions and scales are not geographic.
Poitou-Charentes,https://www.data.gouv.fr/datasets/election-presidentielle-2012-resultats-572126,https://www.data.gouv.fr/datasets/contours-administratifs,François Hollande,François Hollande,1307076,1055605,23199,1078804,82.54,58642,0,first,,,Nicolas Dupont-Aignan,Nicolas Dupont-Aignan,22168,Region,FR2012-REG-54,official,Definitive Ministry of the Interior result. Overseas areas are shown in compact schematic insets; inset positions and scales are not geographic.
Poitou-Charentes,https://www.data.gouv.fr/datasets/election-presidentielle-2012-resultats-572126,https://www.data.gouv.fr/datasets/contours-administratifs,François Hollande,François Hollande,1307076,1055605,23199,1078804,82.54,58642,0,first,,,Eva Joly,Eva Joly,22036,Region,FR2012-REG-54,official,Definitive Ministry of the Interior result. Overseas areas are shown in compact schematic insets; inset positions and scales are not geographic.
Poitou-Charentes,https://www.data.gouv.fr/datasets/election-presidentielle-2012-resultats-572126,https://www.data.gouv.fr/datasets/contours-administratifs,François Hollande,François Hollande,1307076,1055605,23199,1078804,82.54,58642,0,first,,,Philippe Poutou,Philippe Poutou,15347,Region,FR2012-REG-54,official,Definitive Ministry of the Interior result. Overseas areas are shown in compact schematic insets; inset positions and scales are not geographic.
Poitou-Charentes,https://www.data.gouv.fr/datasets/election-presidentielle-2012-resultats-572126,https://www.data.gouv.fr/datasets/contours-administratifs,François Hollande,François Hollande,1307076,1055605,23199,1078804,82.54,58642,0,first,,,Nathalie Arthaud,Nathalie Arthaud,6974,Region,FR2012-REG-54,official,Definitive Ministry of the Interior result. Overseas areas are shown in compact schematic insets; inset positions and scales are not geographic.
Poitou-Charentes,https://www.data.gouv.fr/datasets/election-presidentielle-2012-resultats-572126,https://www.data.gouv.fr/datasets/contours-administratifs,François Hollande,François Hollande,1307076,1055605,23199,1078804,82.54,58642,0,first,,,Jacques Cheminade,Jacques Cheminade,2531,Region,FR2012-REG-54,official,Definitive Ministry of the Interior result. Overseas areas are shown in compact schematic insets; inset positions and scales are not geographic.
Aquitaine,https://www.data.gouv.fr/datasets/election-presidentielle-2012-resultats-572126,https://www.data.gouv.fr/datasets/contours-administratifs,François Hollande,François Hollande,2346208,1911739,37299,1949038,83.07,128305,0,first,,,François Hollande,François Hollande,593670,Region,FR2012-REG-72,official,Definitive Ministry of the Interior result. Overseas areas are shown in compact schematic insets; inset positions and scales are not geographic.
Aquitaine,https://www.data.gouv.fr/datasets/election-presidentielle-2012-resultats-572126,https://www.data.gouv.fr/datasets/contours-administratifs,François Hollande,François Hollande,2346208,1911739,37299,1949038,83.07,128305,0,first,,,Nicolas Sarkozy,Nicolas Sarkozy,465365,Region,FR2012-REG-72,official,Definitive Ministry of the Interior result. Overseas areas are shown in compact schematic insets; inset positions and scales are not geographic.
Aquitaine,https://www.data.gouv.fr/datasets/election-presidentielle-2012-resultats-572126,https://www.data.gouv.fr/datasets/contours-administratifs,François Hollande,François Hollande,2346208,1911739,37299,1949038,83.07,128305,0,first,,,Marine Le Pen,Marine Le Pen,296151,Region,FR2012-REG-72,official,Definitive Ministry of the Interior result. Overseas areas are shown in compact schematic insets; inset positions and scales are not geographic.
Aquitaine,https://www.data.gouv.fr/datasets/election-presidentielle-2012-resultats-572126,https://www.data.gouv.fr/datasets/contours-administratifs,François Hollande,François Hollande,2346208,1911739,37299,1949038,83.07,128305,0,first,,,Jean-Luc Mélenchon,Jean-Luc Mélenchon,231877,Region,FR2012-REG-72,official,Definitive Ministry of the Interior result. Overseas areas are shown in compact schematic insets; inset positions and scales are not geographic.
Aquitaine,https://www.data.gouv.fr/datasets/election-presidentielle-2012-resultats-572126,https://www.data.gouv.fr/datasets/contours-administratifs,François Hollande,François Hollande,2346208,1911739,37299,1949038,83.07,128305,0,first,,,François Bayrou,François Bayrou,204687,Region,FR2012-REG-72,official,Definitive Ministry of the Interior result. Overseas areas are shown in compact schematic insets; inset positions and scales are not geographic.
Aquitaine,https://www.data.gouv.fr/datasets/election-presidentielle-2012-resultats-572126,https://www.data.gouv.fr/datasets/contours-administratifs,François Hollande,François Hollande,2346208,1911739,37299,1949038,83.07,128305,0,first,,,Eva Joly,Eva Joly,45051,Region,FR2012-REG-72,official,Definitive Ministry of the Interior result. Overseas areas are shown in compact schematic insets; inset positions and scales are not geographic.
Aquitaine,https://www.data.gouv.fr/datasets/election-presidentielle-2012-resultats-572126,https://www.data.gouv.fr/datasets/contours-administratifs,François Hollande,François Hollande,2346208,1911739,37299,1949038,83.07,128305,0,first,,,Nicolas Dupont-Aignan,Nicolas Dupont-Aignan,31187,Region,FR2012-REG-72,official,Definitive Ministry of the Interior result. Overseas areas are shown in compact schematic insets; inset positions and scales are not geographic.
Aquitaine,https://www.data.gouv.fr/datasets/election-presidentielle-2012-resultats-572126,https://www.data.gouv.fr/datasets/contours-administratifs,François Hollande,François Hollande,2346208,1911739,37299,1949038,83.07,128305,0,first,,,Philippe Poutou,Philippe Poutou,30275,Region,FR2012-REG-72,official,Definitive Ministry of the Interior result. Overseas areas are shown in compact schematic insets; inset positions and scales are not geographic.
Aquitaine,https://www.data.gouv.fr/datasets/election-presidentielle-2012-resultats-572126,https://www.data.gouv.fr/datasets/contours-administratifs,François Hollande,François Hollande,2346208,1911739,37299,1949038,83.07,128305,0,first,,,Nathalie Arthaud,Nathalie Arthaud,9112,Region,FR2012-REG-72,official,Definitive Ministry of the Interior result. Overseas areas are shown in compact schematic insets; inset positions and scales are not geographic.
Aquitaine,https://www.data.gouv.fr/datasets/election-presidentielle-2012-resultats-572126,https://www.data.gouv.fr/datasets/contours-administratifs,François Hollande,François Hollande,2346208,1911739,37299,1949038,83.07,128305,0,first,,,Jacques Cheminade,Jacques Cheminade,4364,Region,FR2012-REG-72,official,Definitive Ministry of the Interior result. Overseas areas are shown in compact schematic insets; inset positions and scales are not geographic.
Midi-Pyrénées,https://www.data.gouv.fr/datasets/election-presidentielle-2012-resultats-572126,https://www.data.gouv.fr/datasets/contours-administratifs,François Hollande,François Hollande,2095341,1733352,34694,1768046,84.38,155339,0,first,,,François Hollande,François Hollande,552933,Region,FR2012-REG-73,official,Definitive Ministry of the Interior result. Overseas areas are shown in compact schematic insets; inset positions and scales are not geographic.
Midi-Pyrénées,https://www.data.gouv.fr/datasets/election-presidentielle-2012-resultats-572126,https://www.data.gouv.fr/datasets/contours-administratifs,François Hollande,François Hollande,2095341,1733352,34694,1768046,84.38,155339,0,first,,,Nicolas Sarkozy,Nicolas Sarkozy,397594,Region,FR2012-REG-73,official,Definitive Ministry of the Interior result. Overseas areas are shown in compact schematic insets; inset positions and scales are not geographic.
Midi-Pyrénées,https://www.data.gouv.fr/datasets/election-presidentielle-2012-resultats-572126,https://www.data.gouv.fr/datasets/contours-administratifs,François Hollande,François Hollande,2095341,1733352,34694,1768046,84.38,155339,0,first,,,Marine Le Pen,Marine Le Pen,281085,Region,FR2012-REG-73,official,Definitive Ministry of the Interior result. Overseas areas are shown in compact schematic insets; inset positions and scales are not geographic.
Midi-Pyrénées,https://www.data.gouv.fr/datasets/election-presidentielle-2012-resultats-572126,https://www.data.gouv.fr/datasets/contours-administratifs,François Hollande,François Hollande,2095341,1733352,34694,1768046,84.38,155339,0,first,,,Jean-Luc Mélenchon,Jean-Luc Mélenchon,229282,Region,FR2012-REG-73,official,Definitive Ministry of the Interior result. Overseas areas are shown in compact schematic insets; inset positions and scales are not geographic.
Midi-Pyrénées,https://www.data.gouv.fr/datasets/election-presidentielle-2012-resultats-572126,https://www.data.gouv.fr/datasets/contours-administratifs,François Hollande,François Hollande,2095341,1733352,34694,1768046,84.38,155339,0,first,,,François Bayrou,François Bayrou,165583,Region,FR2012-REG-73,official,Definitive Ministry of the Interior result. Overseas areas are shown in compact schematic insets; inset positions and scales are not geographic.
Midi-Pyrénées,https://www.data.gouv.fr/datasets/election-presidentielle-2012-resultats-572126,https://www.data.gouv.fr/datasets/contours-administratifs,François Hollande,François Hollande,2095341,1733352,34694,1768046,84.38,155339,0,first,,,Eva Joly,Eva Joly,44753,Region,FR2012-REG-73,official,Definitive Ministry of the Interior result. Overseas areas are shown in compact schematic insets; inset positions and scales are not geographic.
Midi-Pyrénées,https://www.data.gouv.fr/datasets/election-presidentielle-2012-resultats-572126,https://www.data.gouv.fr/datasets/contours-administratifs,François Hollande,François Hollande,2095341,1733352,34694,1768046,84.38,155339,0,first,,,Nicolas Dupont-Aignan,Nicolas Dupont-Aignan,28335,Region,FR2012-REG-73,official,Definitive Ministry of the Interior result. Overseas areas are shown in compact schematic insets; inset positions and scales are not geographic.
Midi-Pyrénées,https://www.data.gouv.fr/datasets/election-presidentielle-2012-resultats-572126,https://www.data.gouv.fr/datasets/contours-administratifs,François Hollande,François Hollande,2095341,1733352,34694,1768046,84.38,155339,0,first,,,Philippe Poutou,Philippe Poutou,21319,Region,FR2012-REG-73,official,Definitive Ministry of the Interior result. Overseas areas are shown in compact schematic insets; inset positions and scales are not geographic.
Midi-Pyrénées,https://www.data.gouv.fr/datasets/election-presidentielle-2012-resultats-572126,https://www.data.gouv.fr/datasets/contours-administratifs,François Hollande,François Hollande,2095341,1733352,34694,1768046,84.38,155339,0,first,,,Nathalie Arthaud,Nathalie Arthaud,8295,Region,FR2012-REG-73,official,Definitive Ministry of the Interior result. Overseas areas are shown in compact schematic insets; inset positions and scales are not geographic.
Midi-Pyrénées,https://www.data.gouv.fr/datasets/election-presidentielle-2012-resultats-572126,https://www.data.gouv.fr/datasets/contours-administratifs,François Hollande,François Hollande,2095341,1733352,34694,1768046,84.38,155339,0,first,,,Jacques Cheminade,Jacques Cheminade,4173,Region,FR2012-REG-73,official,Definitive Ministry of the Interior result. Overseas areas are shown in compact schematic insets; inset positions and scales are not geographic.
Limousin,https://www.data.gouv.fr/datasets/election-presidentielle-2012-resultats-572126,https://www.data.gouv.fr/datasets/contours-administratifs,François Hollande,François Hollande,548490,451784,11131,462915,84.4,77555,0,first,,,François Hollande,François Hollande,171766,Region,FR2012-REG-74,official,Definitive Ministry of the Interior result. Overseas areas are shown in compact schematic insets; inset positions and scales are not geographic.
Limousin,https://www.data.gouv.fr/datasets/election-presidentielle-2012-resultats-572126,https://www.data.gouv.fr/datasets/contours-administratifs,François Hollande,François Hollande,548490,451784,11131,462915,84.4,77555,0,first,,,Nicolas Sarkozy,Nicolas Sarkozy,94211,Region,FR2012-REG-74,official,Definitive Ministry of the Interior result. Overseas areas are shown in compact schematic insets; inset positions and scales are not geographic.
Limousin,https://www.data.gouv.fr/datasets/election-presidentielle-2012-resultats-572126,https://www.data.gouv.fr/datasets/contours-administratifs,François Hollande,François Hollande,548490,451784,11131,462915,84.4,77555,0,first,,,Marine Le Pen,Marine Le Pen,69256,Region,FR2012-REG-74,official,Definitive Ministry of the Interior result. Overseas areas are shown in compact schematic insets; inset positions and scales are not geographic.
Limousin,https://www.data.gouv.fr/datasets/election-presidentielle-2012-resultats-572126,https://www.data.gouv.fr/datasets/contours-administratifs,François Hollande,François Hollande,548490,451784,11131,462915,84.4,77555,0,first,,,Jean-Luc Mélenchon,Jean-Luc Mélenchon,57883,Region,FR2012-REG-74,official,Definitive Ministry of the Interior result. Overseas areas are shown in compact schematic insets; inset positions and scales are not geographic.
Limousin,https://www.data.gouv.fr/datasets/election-presidentielle-2012-resultats-572126,https://www.data.gouv.fr/datasets/contours-administratifs,François Hollande,François Hollande,548490,451784,11131,462915,84.4,77555,0,first,,,François Bayrou,François Bayrou,34489,Region,FR2012-REG-74,official,Definitive Ministry of the Interior result. Overseas areas are shown in compact schematic insets; inset positions and scales are not geographic.
Limousin,https://www.data.gouv.fr/datasets/election-presidentielle-2012-resultats-572126,https://www.data.gouv.fr/datasets/contours-administratifs,François Hollande,François Hollande,548490,451784,11131,462915,84.4,77555,0,first,,,Nicolas Dupont-Aignan,Nicolas Dupont-Aignan,7713,Region,FR2012-REG-74,official,Definitive Ministry of the Interior result. Overseas areas are shown in compact schematic insets; inset positions and scales are not geographic.
Limousin,https://www.data.gouv.fr/datasets/election-presidentielle-2012-resultats-572126,https://www.data.gouv.fr/datasets/contours-administratifs,François Hollande,François Hollande,548490,451784,11131,462915,84.4,77555,0,first,,,Eva Joly,Eva Joly,7449,Region,FR2012-REG-74,official,Definitive Ministry of the Interior result. Overseas areas are shown in compact schematic insets; inset positions and scales are not geographic.
Limousin,https://www.data.gouv.fr/datasets/election-presidentielle-2012-resultats-572126,https://www.data.gouv.fr/datasets/contours-administratifs,François Hollande,François Hollande,548490,451784,11131,462915,84.4,77555,0,first,,,Philippe Poutou,Philippe Poutou,5378,Region,FR2012-REG-74,official,Definitive Ministry of the Interior result. Overseas areas are shown in compact schematic insets; inset positions and scales are not geographic.
Limousin,https://www.data.gouv.fr/datasets/election-presidentielle-2012-resultats-572126,https://www.data.gouv.fr/datasets/contours-administratifs,François Hollande,François Hollande,548490,451784,11131,462915,84.4,77555,0,first,,,Nathalie Arthaud,Nathalie Arthaud,2651,Region,FR2012-REG-74,official,Definitive Ministry of the Interior result. Overseas areas are shown in compact schematic insets; inset positions and scales are not geographic.
Limousin,https://www.data.gouv.fr/datasets/election-presidentielle-2012-resultats-572126,https://www.data.gouv.fr/datasets/contours-administratifs,François Hollande,François Hollande,548490,451784,11131,462915,84.4,77555,0,first,,,Jacques Cheminade,Jacques Cheminade,988,Region,FR2012-REG-74,official,Definitive Ministry of the Interior result. Overseas areas are shown in compact schematic insets; inset positions and scales are not geographic.
Rhône-Alpes,https://www.data.gouv.fr/datasets/election-presidentielle-2012-resultats-572126,https://www.data.gouv.fr/datasets/contours-administratifs,Nicolas Sarkozy,Nicolas Sarkozy,4225286,3417873,62567,3480440,82.37,98963,0,first,,,Nicolas Sarkozy,Nicolas Sarkozy,968812,Region,FR2012-REG-82,official,Definitive Ministry of the Interior result. Overseas areas are shown in compact schematic insets; inset positions and scales are not geographic.
Rhône-Alpes,https://www.data.gouv.fr/datasets/election-presidentielle-2012-resultats-572126,https://www.data.gouv.fr/datasets/contours-administratifs,Nicolas Sarkozy,Nicolas Sarkozy,4225286,3417873,62567,3480440,82.37,98963,0,first,,,François Hollande,François Hollande,869849,Region,FR2012-REG-82,official,Definitive Ministry of the Interior result. Overseas areas are shown in compact schematic insets; inset positions and scales are not geographic.
Rhône-Alpes,https://www.data.gouv.fr/datasets/election-presidentielle-2012-resultats-572126,https://www.data.gouv.fr/datasets/contours-administratifs,Nicolas Sarkozy,Nicolas Sarkozy,4225286,3417873,62567,3480440,82.37,98963,0,first,,,Marine Le Pen,Marine Le Pen,628332,Region,FR2012-REG-82,official,Definitive Ministry of the Interior result. Overseas areas are shown in compact schematic insets; inset positions and scales are not geographic.
Rhône-Alpes,https://www.data.gouv.fr/datasets/election-presidentielle-2012-resultats-572126,https://www.data.gouv.fr/datasets/contours-administratifs,Nicolas Sarkozy,Nicolas Sarkozy,4225286,3417873,62567,3480440,82.37,98963,0,first,,,Jean-Luc Mélenchon,Jean-Luc Mélenchon,382651,Region,FR2012-REG-82,official,Definitive Ministry of the Interior result. Overseas areas are shown in compact schematic insets; inset positions and scales are not geographic.
Rhône-Alpes,https://www.data.gouv.fr/datasets/election-presidentielle-2012-resultats-572126,https://www.data.gouv.fr/datasets/contours-administratifs,Nicolas Sarkozy,Nicolas Sarkozy,4225286,3417873,62567,3480440,82.37,98963,0,first,,,François Bayrou,François Bayrou,340073,Region,FR2012-REG-82,official,Definitive Ministry of the Interior result. Overseas areas are shown in compact schematic insets; inset positions and scales are not geographic.
Rhône-Alpes,https://www.data.gouv.fr/datasets/election-presidentielle-2012-resultats-572126,https://www.data.gouv.fr/datasets/contours-administratifs,Nicolas Sarkozy,Nicolas Sarkozy,4225286,3417873,62567,3480440,82.37,98963,0,first,,,Eva Joly,Eva Joly,97801,Region,FR2012-REG-82,official,Definitive Ministry of the Interior result. Overseas areas are shown in compact schematic insets; inset positions and scales are not geographic.
Rhône-Alpes,https://www.data.gouv.fr/datasets/election-presidentielle-2012-resultats-572126,https://www.data.gouv.fr/datasets/contours-administratifs,Nicolas Sarkozy,Nicolas Sarkozy,4225286,3417873,62567,3480440,82.37,98963,0,first,,,Nicolas Dupont-Aignan,Nicolas Dupont-Aignan,67707,Region,FR2012-REG-82,official,Definitive Ministry of the Interior result. Overseas areas are shown in compact schematic insets; inset positions and scales are not geographic.
Rhône-Alpes,https://www.data.gouv.fr/datasets/election-presidentielle-2012-resultats-572126,https://www.data.gouv.fr/datasets/contours-administratifs,Nicolas Sarkozy,Nicolas Sarkozy,4225286,3417873,62567,3480440,82.37,98963,0,first,,,Philippe Poutou,Philippe Poutou,35386,Region,FR2012-REG-82,official,Definitive Ministry of the Interior result. Overseas areas are shown in compact schematic insets; inset positions and scales are not geographic.
Rhône-Alpes,https://www.data.gouv.fr/datasets/election-presidentielle-2012-resultats-572126,https://www.data.gouv.fr/datasets/contours-administratifs,Nicolas Sarkozy,Nicolas Sarkozy,4225286,3417873,62567,3480440,82.37,98963,0,first,,,Nathalie Arthaud,Nathalie Arthaud,18287,Region,FR2012-REG-82,official,Definitive Ministry of the Interior result. Overseas areas are shown in compact schematic insets; inset positions and scales are not geographic.
Rhône-Alpes,https://www.data.gouv.fr/datasets/election-presidentielle-2012-resultats-572126,https://www.data.gouv.fr/datasets/contours-administratifs,Nicolas Sarkozy,Nicolas Sarkozy,4225286,3417873,62567,3480440,82.37,98963,0,first,,,Jacques Cheminade,Jacques Cheminade,8975,Region,FR2012-REG-82,official,Definitive Ministry of the Interior result. Overseas areas are shown in compact schematic insets; inset positions and scales are not geographic.
Auvergne,https://www.data.gouv.fr/datasets/election-presidentielle-2012-resultats-572126,https://www.data.gouv.fr/datasets/contours-administratifs,François Hollande,François Hollande,1002587,818899,19250,838149,83.6,59791,0,first,,,François Hollande,François Hollande,251981,Region,FR2012-REG-83,official,Definitive Ministry of the Interior result. Overseas areas are shown in compact schematic insets; inset positions and scales are not geographic.
Auvergne,https://www.data.gouv.fr/datasets/election-presidentielle-2012-resultats-572126,https://www.data.gouv.fr/datasets/contours-administratifs,François Hollande,François Hollande,1002587,818899,19250,838149,83.6,59791,0,first,,,Nicolas Sarkozy,Nicolas Sarkozy,192190,Region,FR2012-REG-83,official,Definitive Ministry of the Interior result. Overseas areas are shown in compact schematic insets; inset positions and scales are not geographic.
Auvergne,https://www.data.gouv.fr/datasets/election-presidentielle-2012-resultats-572126,https://www.data.gouv.fr/datasets/contours-administratifs,François Hollande,François Hollande,1002587,818899,19250,838149,83.6,59791,0,first,,,Marine Le Pen,Marine Le Pen,139768,Region,FR2012-REG-83,official,Definitive Ministry of the Interior result. Overseas areas are shown in compact schematic insets; inset positions and scales are not geographic.
Auvergne,https://www.data.gouv.fr/datasets/election-presidentielle-2012-resultats-572126,https://www.data.gouv.fr/datasets/contours-administratifs,François Hollande,François Hollande,1002587,818899,19250,838149,83.6,59791,0,first,,,Jean-Luc Mélenchon,Jean-Luc Mélenchon,104710,Region,FR2012-REG-83,official,Definitive Ministry of the Interior result. Overseas areas are shown in compact schematic insets; inset positions and scales are not geographic.
Auvergne,https://www.data.gouv.fr/datasets/election-presidentielle-2012-resultats-572126,https://www.data.gouv.fr/datasets/contours-administratifs,François Hollande,François Hollande,1002587,818899,19250,838149,83.6,59791,0,first,,,François Bayrou,François Bayrou,81777,Region,FR2012-REG-83,official,Definitive Ministry of the Interior result. Overseas areas are shown in compact schematic insets; inset positions and scales are not geographic.
Auvergne,https://www.data.gouv.fr/datasets/election-presidentielle-2012-resultats-572126,https://www.data.gouv.fr/datasets/contours-administratifs,François Hollande,François Hollande,1002587,818899,19250,838149,83.6,59791,0,first,,,Eva Joly,Eva Joly,15356,Region,FR2012-REG-83,official,Definitive Ministry of the Interior result. Overseas areas are shown in compact schematic insets; inset positions and scales are not geographic.
Auvergne,https://www.data.gouv.fr/datasets/election-presidentielle-2012-resultats-572126,https://www.data.gouv.fr/datasets/contours-administratifs,François Hollande,François Hollande,1002587,818899,19250,838149,83.6,59791,0,first,,,Nicolas Dupont-Aignan,Nicolas Dupont-Aignan,15274,Region,FR2012-REG-83,official,Definitive Ministry of the Interior result. Overseas areas are shown in compact schematic insets; inset positions and scales are not geographic.
Auvergne,https://www.data.gouv.fr/datasets/election-presidentielle-2012-resultats-572126,https://www.data.gouv.fr/datasets/contours-administratifs,François Hollande,François Hollande,1002587,818899,19250,838149,83.6,59791,0,first,,,Philippe Poutou,Philippe Poutou,10328,Region,FR2012-REG-83,official,Definitive Ministry of the Interior result. Overseas areas are shown in compact schematic insets; inset positions and scales are not geographic.
Auvergne,https://www.data.gouv.fr/datasets/election-presidentielle-2012-resultats-572126,https://www.data.gouv.fr/datasets/contours-administratifs,François Hollande,François Hollande,1002587,818899,19250,838149,83.6,59791,0,first,,,Nathalie Arthaud,Nathalie Arthaud,5508,Region,FR2012-REG-83,official,Definitive Ministry of the Interior result. Overseas areas are shown in compact schematic insets; inset positions and scales are not geographic.
Auvergne,https://www.data.gouv.fr/datasets/election-presidentielle-2012-resultats-572126,https://www.data.gouv.fr/datasets/contours-administratifs,François Hollande,François Hollande,1002587,818899,19250,838149,83.6,59791,0,first,,,Jacques Cheminade,Jacques Cheminade,2007,Region,FR2012-REG-83,official,Definitive Ministry of the Interior result. Overseas areas are shown in compact schematic insets; inset positions and scales are not geographic.
Languedoc-Roussillon,https://www.data.gouv.fr/datasets/election-presidentielle-2012-resultats-572126,https://www.data.gouv.fr/datasets/contours-administratifs,François Hollande,François Hollande,1913175,1551518,28038,1579556,82.56,24567,0,first,,,François Hollande,François Hollande,408664,Region,FR2012-REG-91,official,Definitive Ministry of the Interior result. Overseas areas are shown in compact schematic insets; inset positions and scales are not geographic.
Languedoc-Roussillon,https://www.data.gouv.fr/datasets/election-presidentielle-2012-resultats-572126,https://www.data.gouv.fr/datasets/contours-administratifs,François Hollande,François Hollande,1913175,1551518,28038,1579556,82.56,24567,0,first,,,Nicolas Sarkozy,Nicolas Sarkozy,384097,Region,FR2012-REG-91,official,Definitive Ministry of the Interior result. Overseas areas are shown in compact schematic insets; inset positions and scales are not geographic.
Languedoc-Roussillon,https://www.data.gouv.fr/datasets/election-presidentielle-2012-resultats-572126,https://www.data.gouv.fr/datasets/contours-administratifs,François Hollande,François Hollande,1913175,1551518,28038,1579556,82.56,24567,0,first,,,Marine Le Pen,Marine Le Pen,363880,Region,FR2012-REG-91,official,Definitive Ministry of the Interior result. Overseas areas are shown in compact schematic insets; inset positions and scales are not geographic.
Languedoc-Roussillon,https://www.data.gouv.fr/datasets/election-presidentielle-2012-resultats-572126,https://www.data.gouv.fr/datasets/contours-administratifs,François Hollande,François Hollande,1913175,1551518,28038,1579556,82.56,24567,0,first,,,Jean-Luc Mélenchon,Jean-Luc Mélenchon,204170,Region,FR2012-REG-91,official,Definitive Ministry of the Interior result. Overseas areas are shown in compact schematic insets; inset positions and scales are not geographic.
Languedoc-Roussillon,https://www.data.gouv.fr/datasets/election-presidentielle-2012-resultats-572126,https://www.data.gouv.fr/datasets/contours-administratifs,François Hollande,François Hollande,1913175,1551518,28038,1579556,82.56,24567,0,first,,,François Bayrou,François Bayrou,105433,Region,FR2012-REG-91,official,Definitive Ministry of the Interior result. Overseas areas are shown in compact schematic insets; inset positions and scales are not geographic.
Languedoc-Roussillon,https://www.data.gouv.fr/datasets/election-presidentielle-2012-resultats-572126,https://www.data.gouv.fr/datasets/contours-administratifs,François Hollande,François Hollande,1913175,1551518,28038,1579556,82.56,24567,0,first,,,Eva Joly,Eva Joly,35465,Region,FR2012-REG-91,official,Definitive Ministry of the Interior result. Overseas areas are shown in compact schematic insets; inset positions and scales are not geographic.
Languedoc-Roussillon,https://www.data.gouv.fr/datasets/election-presidentielle-2012-resultats-572126,https://www.data.gouv.fr/datasets/contours-administratifs,François Hollande,François Hollande,1913175,1551518,28038,1579556,82.56,24567,0,first,,,Nicolas Dupont-Aignan,Nicolas Dupont-Aignan,22228,Region,FR2012-REG-91,official,Definitive Ministry of the Interior result. Overseas areas are shown in compact schematic insets; inset positions and scales are not geographic.
Languedoc-Roussillon,https://www.data.gouv.fr/datasets/election-presidentielle-2012-resultats-572126,https://www.data.gouv.fr/datasets/contours-administratifs,François Hollande,François Hollande,1913175,1551518,28038,1579556,82.56,24567,0,first,,,Philippe Poutou,Philippe Poutou,17072,Region,FR2012-REG-91,official,Definitive Ministry of the Interior result. Overseas areas are shown in compact schematic insets; inset positions and scales are not geographic.
Languedoc-Roussillon,https://www.data.gouv.fr/datasets/election-presidentielle-2012-resultats-572126,https://www.data.gouv.fr/datasets/contours-administratifs,François Hollande,François Hollande,1913175,1551518,28038,1579556,82.56,24567,0,first,,,Nathalie Arthaud,Nathalie Arthaud,7027,Region,FR2012-REG-91,official,Definitive Ministry of the Interior result. Overseas areas are shown in compact schematic insets; inset positions and scales are not geographic.
Languedoc-Roussillon,https://www.data.gouv.fr/datasets/election-presidentielle-2012-resultats-572126,https://www.data.gouv.fr/datasets/contours-administratifs,François Hollande,François Hollande,1913175,1551518,28038,1579556,82.56,24567,0,first,,,Jacques Cheminade,Jacques Cheminade,3482,Region,FR2012-REG-91,official,Definitive Ministry of the Interior result. Overseas areas are shown in compact schematic insets; inset positions and scales are not geographic.
Provence-Alpes-Côte d’Azur,https://www.data.gouv.fr/datasets/election-presidentielle-2012-resultats-572126,https://www.data.gouv.fr/datasets/contours-administratifs,Nicolas Sarkozy,Nicolas Sarkozy,3436084,2724649,44706,2769355,80.6,196031,0,first,,,Nicolas Sarkozy,Nicolas Sarkozy,846367,Region,FR2012-REG-93,official,Definitive Ministry of the Interior result. Overseas areas are shown in compact schematic insets; inset positions and scales are not geographic.
Provence-Alpes-Côte d’Azur,https://www.data.gouv.fr/datasets/election-presidentielle-2012-resultats-572126,https://www.data.gouv.fr/datasets/contours-administratifs,Nicolas Sarkozy,Nicolas Sarkozy,3436084,2724649,44706,2769355,80.6,196031,0,first,,,Marine Le Pen,Marine Le Pen,650336,Region,FR2012-REG-93,official,Definitive Ministry of the Interior result. Overseas areas are shown in compact schematic insets; inset positions and scales are not geographic.
Provence-Alpes-Côte d’Azur,https://www.data.gouv.fr/datasets/election-presidentielle-2012-resultats-572126,https://www.data.gouv.fr/datasets/contours-administratifs,Nicolas Sarkozy,Nicolas Sarkozy,3436084,2724649,44706,2769355,80.6,196031,0,first,,,François Hollande,François Hollande,600742,Region,FR2012-REG-93,official,Definitive Ministry of the Interior result. Overseas areas are shown in compact schematic insets; inset positions and scales are not geographic.
Provence-Alpes-Côte d’Azur,https://www.data.gouv.fr/datasets/election-presidentielle-2012-resultats-572126,https://www.data.gouv.fr/datasets/contours-administratifs,Nicolas Sarkozy,Nicolas Sarkozy,3436084,2724649,44706,2769355,80.6,196031,0,first,,,Jean-Luc Mélenchon,Jean-Luc Mélenchon,306088,Region,FR2012-REG-93,official,Definitive Ministry of the Interior result. Overseas areas are shown in compact schematic insets; inset positions and scales are not geographic.
Provence-Alpes-Côte d’Azur,https://www.data.gouv.fr/datasets/election-presidentielle-2012-resultats-572126,https://www.data.gouv.fr/datasets/contours-administratifs,Nicolas Sarkozy,Nicolas Sarkozy,3436084,2724649,44706,2769355,80.6,196031,0,first,,,François Bayrou,François Bayrou,182178,Region,FR2012-REG-93,official,Definitive Ministry of the Interior result. Overseas areas are shown in compact schematic insets; inset positions and scales are not geographic.
Provence-Alpes-Côte d’Azur,https://www.data.gouv.fr/datasets/election-presidentielle-2012-resultats-572126,https://www.data.gouv.fr/datasets/contours-administratifs,Nicolas Sarkozy,Nicolas Sarkozy,3436084,2724649,44706,2769355,80.6,196031,0,first,,,Eva Joly,Eva Joly,59009,Region,FR2012-REG-93,official,Definitive Ministry of the Interior result. Overseas areas are shown in compact schematic insets; inset positions and scales are not geographic.
Provence-Alpes-Côte d’Azur,https://www.data.gouv.fr/datasets/election-presidentielle-2012-resultats-572126,https://www.data.gouv.fr/datasets/contours-administratifs,Nicolas Sarkozy,Nicolas Sarkozy,3436084,2724649,44706,2769355,80.6,196031,0,first,,,Nicolas Dupont-Aignan,Nicolas Dupont-Aignan,41443,Region,FR2012-REG-93,official,Definitive Ministry of the Interior result. Overseas areas are shown in compact schematic insets; inset positions and scales are not geographic.
Provence-Alpes-Côte d’Azur,https://www.data.gouv.fr/datasets/election-presidentielle-2012-resultats-572126,https://www.data.gouv.fr/datasets/contours-administratifs,Nicolas Sarkozy,Nicolas Sarkozy,3436084,2724649,44706,2769355,80.6,196031,0,first,,,Philippe Poutou,Philippe Poutou,23107,Region,FR2012-REG-93,official,Definitive Ministry of the Interior result. Overseas areas are shown in compact schematic insets; inset positions and scales are not geographic.
Provence-Alpes-Côte d’Azur,https://www.data.gouv.fr/datasets/election-presidentielle-2012-resultats-572126,https://www.data.gouv.fr/datasets/contours-administratifs,Nicolas Sarkozy,Nicolas Sarkozy,3436084,2724649,44706,2769355,80.6,196031,0,first,,,Nathalie Arthaud,Nathalie Arthaud,9493,Region,FR2012-REG-93,official,Definitive Ministry of the Interior result. Overseas areas are shown in compact schematic insets; inset positions and scales are not geographic.
Provence-Alpes-Côte d’Azur,https://www.data.gouv.fr/datasets/election-presidentielle-2012-resultats-572126,https://www.data.gouv.fr/datasets/contours-administratifs,Nicolas Sarkozy,Nicolas Sarkozy,3436084,2724649,44706,2769355,80.6,196031,0,first,,,Jacques Cheminade,Jacques Cheminade,5886,Region,FR2012-REG-93,official,Definitive Ministry of the Interior result. Overseas areas are shown in compact schematic insets; inset positions and scales are not geographic.
Corse,https://www.data.gouv.fr/datasets/election-presidentielle-2012-resultats-572126,https://www.data.gouv.fr/datasets/contours-administratifs,Nicolas Sarkozy,Nicolas Sarkozy,220349,160732,2921,163653,74.27,11283,0,first,,,Nicolas Sarkozy,Nicolas Sarkozy,50492,Region,FR2012-REG-94,official,Definitive Ministry of the Interior result. Overseas areas are shown in compact schematic insets; inset positions and scales are not geographic.
Corse,https://www.data.gouv.fr/datasets/election-presidentielle-2012-resultats-572126,https://www.data.gouv.fr/datasets/contours-administratifs,Nicolas Sarkozy,Nicolas Sarkozy,220349,160732,2921,163653,74.27,11283,0,first,,,Marine Le Pen,Marine Le Pen,39209,Region,FR2012-REG-94,official,Definitive Ministry of the Interior result. Overseas areas are shown in compact schematic insets; inset positions and scales are not geographic.
Corse,https://www.data.gouv.fr/datasets/election-presidentielle-2012-resultats-572126,https://www.data.gouv.fr/datasets/contours-administratifs,Nicolas Sarkozy,Nicolas Sarkozy,220349,160732,2921,163653,74.27,11283,0,first,,,François Hollande,François Hollande,39029,Region,FR2012-REG-94,official,Definitive Ministry of the Interior result. Overseas areas are shown in compact schematic insets; inset positions and scales are not geographic.
Corse,https://www.data.gouv.fr/datasets/election-presidentielle-2012-resultats-572126,https://www.data.gouv.fr/datasets/contours-administratifs,Nicolas Sarkozy,Nicolas Sarkozy,220349,160732,2921,163653,74.27,11283,0,first,,,Jean-Luc Mélenchon,Jean-Luc Mélenchon,15834,Region,FR2012-REG-94,official,Definitive Ministry of the Interior result. Overseas areas are shown in compact schematic insets; inset positions and scales are not geographic.
Corse,https://www.data.gouv.fr/datasets/election-presidentielle-2012-resultats-572126,https://www.data.gouv.fr/datasets/contours-administratifs,Nicolas Sarkozy,Nicolas Sarkozy,220349,160732,2921,163653,74.27,11283,0,first,,,François Bayrou,François Bayrou,8050,Region,FR2012-REG-94,official,Definitive Ministry of the Interior result. Overseas areas are shown in compact schematic insets; inset positions and scales are not geographic.
Corse,https://www.data.gouv.fr/datasets/election-presidentielle-2012-resultats-572126,https://www.data.gouv.fr/datasets/contours-administratifs,Nicolas Sarkozy,Nicolas Sarkozy,220349,160732,2921,163653,74.27,11283,0,first,,,Eva Joly,Eva Joly,3678,Region,FR2012-REG-94,official,Definitive Ministry of the Interior result. Overseas areas are shown in compact schematic insets; inset positions and scales are not geographic.
Corse,https://www.data.gouv.fr/datasets/election-presidentielle-2012-resultats-572126,https://www.data.gouv.fr/datasets/contours-administratifs,Nicolas Sarkozy,Nicolas Sarkozy,220349,160732,2921,163653,74.27,11283,0,first,,,Philippe Poutou,Philippe Poutou,1874,Region,FR2012-REG-94,official,Definitive Ministry of the Interior result. Overseas areas are shown in compact schematic insets; inset positions and scales are not geographic.
Corse,https://www.data.gouv.fr/datasets/election-presidentielle-2012-resultats-572126,https://www.data.gouv.fr/datasets/contours-administratifs,Nicolas Sarkozy,Nicolas Sarkozy,220349,160732,2921,163653,74.27,11283,0,first,,,Nicolas Dupont-Aignan,Nicolas Dupont-Aignan,1727,Region,FR2012-REG-94,official,Definitive Ministry of the Interior result. Overseas areas are shown in compact schematic insets; inset positions and scales are not geographic.
Corse,https://www.data.gouv.fr/datasets/election-presidentielle-2012-resultats-572126,https://www.data.gouv.fr/datasets/contours-administratifs,Nicolas Sarkozy,Nicolas Sarkozy,220349,160732,2921,163653,74.27,11283,0,first,,,Nathalie Arthaud,Nathalie Arthaud,502,Region,FR2012-REG-94,official,Definitive Ministry of the Interior result. Overseas areas are shown in compact schematic insets; inset positions and scales are not geographic.
Corse,https://www.data.gouv.fr/datasets/election-presidentielle-2012-resultats-572126,https://www.data.gouv.fr/datasets/contours-administratifs,Nicolas Sarkozy,Nicolas Sarkozy,220349,160732,2921,163653,74.27,11283,0,first,,,Jacques Cheminade,Jacques Cheminade,337,Region,FR2012-REG-94,official,Definitive Ministry of the Interior result. Overseas areas are shown in compact schematic insets; inset positions and scales are not geographic.
