{"type":"FeatureCollection","features":[{"type":"Feature","properties":{"district":"Ain","constituency_code":"FR2007-DPT-01","electorate_type":"Department"},"geometry":{"type":"Polygon","coordinates":[[[5.825,45.939],[5.829,45.938],[5.826,45.904],[5.815,45.877],[5.808,45.861],[5.801,45.846],[5.795,45.83],[5.788,45.823],[5.785,45.797],[5.781,45.781],[5.783,45.772],[5.784,45.745],[5.781,45.743],[5.77,45.741],[5.777,45.729],[5.748,45.705],[5.731,45.71],[5.728,45.709],[5.7,45.71],[5.704,45.698],[5.704,45.678],[5.687,45.653],[5.688,45.644],[5.648,45.627],[5.637,45.617],[5.624,45.613],[5.615,45.625],[5.586,45.667],[5.567,45.673],[5.55,45.682],[5.546,45.714],[5.527,45.715],[5.518,45.731],[5.498,45.744],[5.461,45.778],[5.447,45.786],[5.438,45.796],[5.423,45.807],[5.435,45.83],[5.433,45.832],[5.416,45.848],[5.404,45.857],[5.378,45.869],[5.341,45.88],[5.335,45.874],[5.302,45.848],[5.291,45.814],[5.266,45.789],[5.256,45.784],[5.24,45.777],[5.2,45.771],[5.186,45.782],[5.177,45.793],[5.144,45.804],[5.122,45.811],[5.101,45.814],[5.092,45.812],[5.058,45.81],[5.038,45.809],[5.017,45.806],[5.001,45.81],[4.994,45.808],[4.981,45.805],[4.98,45.806],[4.97,45.808],[4.952,45.809],[4.924,45.804],[4.921,45.833],[4.901,45.858],[4.909,45.874],[4.884,45.88],[4.881,45.898],[4.872,45.894],[4.848,45.913],[4.805,45.896],[4.804,45.899],[4.811,45.91],[4.808,45.921],[4.789,45.924],[4.761,45.935],[4.745,45.937],[4.731,45.941],[4.749,45.963],[4.75,45.965],[4.749,45.996],[4.749,46.003],[4.749,46.004],[4.747,46.028],[4.746,46.035],[4.759,46.062],[4.762,46.068],[4.749,46.082],[4.76,46.101],[4.767,46.107],[4.772,46.118],[4.788,46.131],[4.796,46.139],[4.803,46.157],[4.792,46.164],[4.782,46.172],[4.78,46.177],[4.793,46.208],[4.795,46.22],[4.798,46.225],[4.801,46.23],[4.811,46.254],[4.817,46.266],[4.826,46.276],[4.833,46.3],[4.841,46.312],[4.852,46.326],[4.853,46.343],[4.851,46.352],[4.859,46.368],[4.866,46.376],[4.874,46.385],[4.888,46.403],[4.888,46.403],[4.889,46.417],[4.891,46.428],[4.891,46.438],[4.892,46.443],[4.894,46.445],[4.914,46.462],[4.915,46.48],[4.914,46.481],[4.927,46.499],[4.929,46.504],[4.933,46.512],[4.936,46.514],[4.953,46.504],[4.98,46.515],[5.01,46.511],[5.014,46.5],[5.055,46.484],[5.071,46.486],[5.096,46.499],[5.134,46.501],[5.166,46.518],[5.204,46.505],[5.206,46.486],[5.215,46.469],[5.236,46.458],[5.248,46.459],[5.274,46.448],[5.311,46.447],[5.314,46.416],[5.309,46.41],[5.367,46.388],[5.365,46.373],[5.375,46.358],[5.374,46.352],[5.402,46.333],[5.404,46.315],[5.41,46.309],[5.424,46.348],[5.437,46.315],[5.465,46.324],[5.459,46.291],[5.474,46.264],[5.5,46.268],[5.511,46.264],[5.542,46.27],[5.565,46.294],[5.587,46.293],[5.605,46.309],[5.606,46.314],[5.637,46.336],[5.65,46.334],[5.683,46.316],[5.685,46.311],[5.715,46.309],[5.725,46.261],[5.733,46.264],[5.766,46.268],[5.818,46.263],[5.826,46.262],[5.869,46.265],[5.895,46.287],[5.909,46.284],[5.926,46.314],[5.941,46.309],[5.975,46.35],[6.015,46.376],[6.053,46.412],[6.06,46.418],[6.064,46.416],[6.098,46.409],[6.17,46.366],[6.138,46.333],[6.124,46.317],[6.119,46.308],[6.102,46.285],[6.115,46.266],[6.088,46.247],[6.042,46.234],[6.016,46.232],[5.975,46.215],[5.964,46.198],[5.964,46.197],[5.992,46.187],[5.973,46.156],[5.956,46.132],[5.937,46.129],[5.907,46.122],[5.897,46.12],[5.893,46.119],[5.891,46.088],[5.866,46.086],[5.856,46.087],[5.822,46.09],[5.811,46.079],[5.808,46.062],[5.814,46.055],[5.807,46.044],[5.809,46.033],[5.806,46.016],[5.81,46.008],[5.81,45.993],[5.833,45.972],[5.833,45.962],[5.825,45.939]]]}},{"type":"Feature","properties":{"district":"Aisne","constituency_code":"FR2007-DPT-02","electorate_type":"Department"},"geometry":{"type":"Polygon","coordinates":[[[3.987,49.379],[3.961,49.377],[3.935,49.398],[3.925,49.408],[3.896,49.393],[3.862,49.405],[3.823,49.403],[3.823,49.4],[3.84,49.391],[3.856,49.368],[3.848,49.364],[3.833,49.35],[3.824,49.357],[3.793,49.357],[3.778,49.356],[3.758,49.348],[3.746,49.348],[3.741,49.348],[3.736,49.336],[3.693,49.329],[3.687,49.327],[3.669,49.325],[3.648,49.316],[3.638,49.301],[3.656,49.291],[3.659,49.287],[3.665,49.269],[3.655,49.263],[3.675,49.24],[3.651,49.221],[3.663,49.209],[3.697,49.207],[3.705,49.201],[3.706,49.18],[3.751,49.178],[3.749,49.159],[3.74,49.157],[3.717,49.147],[3.698,49.149],[3.684,49.154],[3.624,49.151],[3.621,49.15],[3.62,49.148],[3.6,49.121],[3.62,49.107],[3.639,49.081],[3.607,49.072],[3.59,49.06],[3.588,49.059],[3.585,49.039],[3.617,49.036],[3.664,49.038],[3.665,49.006],[3.64,49.004],[3.621,48.966],[3.591,48.96],[3.593,48.945],[3.575,48.939],[3.572,48.919],[3.529,48.912],[3.503,48.871],[3.487,48.857],[3.485,48.852],[3.463,48.837],[3.446,48.843],[3.452,48.856],[3.4,48.866],[3.406,48.876],[3.369,48.894],[3.367,48.928],[3.33,48.909],[3.313,48.921],[3.304,48.949],[3.278,48.94],[3.265,48.939],[3.26,48.945],[3.262,48.948],[3.263,48.949],[3.255,48.962],[3.231,48.977],[3.229,48.989],[3.225,48.988],[3.209,48.994],[3.199,49.006],[3.163,49.02],[3.19,49.047],[3.181,49.056],[3.182,49.062],[3.159,49.08],[3.165,49.1],[3.124,49.107],[3.114,49.107],[3.072,49.118],[3.077,49.122],[3.094,49.142],[3.117,49.139],[3.105,49.148],[3.105,49.148],[3.128,49.145],[3.117,49.189],[3.103,49.197],[3.084,49.163],[3.064,49.193],[3.052,49.207],[3.035,49.206],[3.0,49.214],[3.002,49.188],[3.035,49.184],[3.038,49.169],[3.023,49.171],[2.997,49.187],[2.989,49.189],[2.981,49.185],[2.972,49.188],[2.97,49.21],[2.964,49.232],[3.002,49.236],[3.034,49.243],[3.034,49.244],[3.031,49.267],[3.027,49.272],[3.014,49.282],[2.97,49.303],[2.974,49.304],[2.965,49.322],[3.002,49.34],[3.013,49.337],[3.036,49.326],[3.069,49.347],[3.077,49.356],[3.08,49.374],[3.09,49.398],[3.095,49.398],[3.094,49.421],[3.093,49.425],[3.101,49.439],[3.131,49.432],[3.165,49.441],[3.166,49.447],[3.155,49.454],[3.13,49.462],[3.107,49.468],[3.122,49.494],[3.106,49.504],[3.096,49.518],[3.121,49.521],[3.126,49.542],[3.132,49.544],[3.126,49.573],[3.138,49.579],[3.124,49.596],[3.122,49.602],[3.102,49.616],[3.094,49.622],[3.096,49.623],[3.113,49.631],[3.096,49.651],[3.109,49.664],[3.127,49.67],[3.118,49.706],[3.121,49.706],[3.101,49.735],[3.097,49.748],[3.1,49.766],[3.065,49.77],[3.061,49.781],[3.086,49.792],[3.08,49.81],[3.085,49.818],[3.082,49.819],[3.061,49.82],[3.059,49.828],[3.073,49.839],[3.078,49.84],[3.084,49.846],[3.074,49.876],[3.083,49.879],[3.088,49.866],[3.119,49.883],[3.117,49.891],[3.122,49.899],[3.118,49.914],[3.124,49.918],[3.137,49.936],[3.165,49.947],[3.166,49.95],[3.162,49.951],[3.17,49.968],[3.203,49.985],[3.192,49.989],[3.156,49.992],[3.172,50.01],[3.173,50.012],[3.245,50.03],[3.245,50.028],[3.264,50.031],[3.27,50.029],[3.273,50.02],[3.3,50.017],[3.309,50.019],[3.337,50.017],[3.35,50.033],[3.393,50.031],[3.398,50.034],[3.428,50.025],[3.428,50.022],[3.49,50.019],[3.507,50.034],[3.507,50.036],[3.53,50.039],[3.556,50.054],[3.568,50.053],[3.58,50.047],[3.609,50.03],[3.614,50.025],[3.625,50.031],[3.662,50.039],[3.658,50.049],[3.673,50.056],[3.71,50.067],[3.715,50.069],[3.746,50.053],[3.775,50.049],[3.777,50.046],[3.816,50.039],[3.816,50.039],[3.838,50.048],[3.878,50.028],[3.887,50.01],[3.923,50.027],[3.948,50.03],[3.95,50.027],[3.982,50.044],[3.989,50.042],[3.996,50.028],[3.981,49.994],[4.022,49.986],[4.032,49.982],[4.08,49.98],[4.105,49.971],[4.141,49.979],[4.174,49.976],[4.197,49.955],[4.233,49.958],[4.232,49.956],[4.222,49.91],[4.233,49.909],[4.256,49.904],[4.25,49.863],[4.249,49.857],[4.23,49.836],[4.214,49.806],[4.227,49.794],[4.21,49.782],[4.214,49.771],[4.231,49.747],[4.227,49.731],[4.225,49.728],[4.205,49.722],[4.191,49.716],[4.184,49.701],[4.185,49.699],[4.165,49.694],[4.151,49.691],[4.143,49.677],[4.127,49.678],[4.118,49.641],[4.116,49.633],[4.099,49.628],[4.048,49.638],[4.032,49.614],[4.06,49.596],[4.077,49.571],[4.05,49.551],[4.075,49.542],[4.075,49.522],[4.041,49.509],[4.041,49.496],[4.042,49.484],[4.042,49.481],[4.061,49.447],[4.037,49.438],[4.043,49.425],[4.048,49.406],[4.037,49.384],[4.036,49.36],[4.013,49.358],[3.987,49.379]]]}},{"type":"Feature","properties":{"district":"Allier","constituency_code":"FR2007-DPT-03","electorate_type":"Department"},"geometry":{"type":"Polygon","coordinates":[[[2.678,46.705],[2.705,46.739],[2.735,46.746],[2.759,46.718],[2.775,46.719],[2.795,46.734],[2.828,46.735],[2.845,46.727],[2.845,46.742],[2.899,46.776],[2.94,46.793],[2.96,46.804],[3.032,46.795],[3.038,46.773],[3.084,46.738],[3.105,46.733],[3.147,46.71],[3.149,46.709],[3.166,46.691],[3.204,46.679],[3.234,46.698],[3.283,46.715],[3.301,46.717],[3.314,46.689],[3.357,46.689],[3.39,46.715],[3.434,46.712],[3.453,46.69],[3.442,46.662],[3.455,46.652],[3.487,46.654],[3.514,46.684],[3.554,46.685],[3.548,46.723],[3.577,46.723],[3.576,46.748],[3.593,46.763],[3.629,46.75],[3.638,46.707],[3.655,46.688],[3.699,46.655],[3.7,46.652],[3.704,46.645],[3.716,46.631],[3.739,46.584],[3.74,46.576],[3.741,46.56],[3.734,46.554],[3.742,46.539],[3.781,46.528],[3.811,46.521],[3.845,46.513],[3.846,46.513],[3.861,46.493],[3.898,46.485],[3.917,46.496],[3.958,46.491],[3.965,46.478],[4.002,46.459],[3.995,46.425],[3.984,46.417],[3.978,46.398],[3.982,46.385],[3.987,46.351],[3.994,46.328],[4.005,46.328],[3.948,46.306],[3.948,46.303],[3.897,46.293],[3.9,46.276],[3.886,46.274],[3.85,46.262],[3.804,46.257],[3.803,46.239],[3.778,46.243],[3.773,46.227],[3.791,46.21],[3.789,46.186],[3.808,46.162],[3.791,46.157],[3.802,46.13],[3.793,46.112],[3.821,46.09],[3.806,46.053],[3.825,46.006],[3.825,46.006],[3.832,46.0],[3.832,45.999],[3.81,45.985],[3.778,45.972],[3.736,45.967],[3.71,45.974],[3.694,45.931],[3.683,45.941],[3.667,45.961],[3.632,45.961],[3.613,45.997],[3.588,46.024],[3.553,46.015],[3.549,46.016],[3.521,46.021],[3.473,46.011],[3.464,46.008],[3.472,46.04],[3.457,46.06],[3.453,46.064],[3.42,46.074],[3.332,46.044],[3.317,46.059],[3.302,46.066],[3.257,46.066],[3.242,46.063],[3.232,46.07],[3.214,46.075],[3.18,46.074],[3.179,46.066],[3.128,46.072],[3.118,46.079],[3.114,46.081],[3.1,46.082],[3.084,46.112],[3.039,46.108],[3.026,46.103],[2.994,46.124],[2.971,46.122],[2.965,46.129],[2.952,46.171],[2.916,46.174],[2.91,46.179],[2.924,46.217],[2.936,46.221],[2.946,46.242],[2.926,46.249],[2.86,46.257],[2.819,46.242],[2.823,46.22],[2.81,46.196],[2.787,46.199],[2.733,46.223],[2.721,46.212],[2.723,46.181],[2.703,46.181],[2.686,46.176],[2.664,46.141],[2.662,46.137],[2.624,46.123],[2.602,46.131],[2.591,46.127],[2.566,46.143],[2.559,46.174],[2.528,46.185],[2.522,46.203],[2.515,46.239],[2.516,46.24],[2.489,46.25],[2.479,46.276],[2.443,46.295],[2.426,46.285],[2.42,46.31],[2.388,46.332],[2.386,46.332],[2.371,46.313],[2.302,46.342],[2.336,46.369],[2.285,46.386],[2.282,46.411],[2.281,46.42],[2.283,46.449],[2.305,46.475],[2.317,46.469],[2.33,46.482],[2.324,46.489],[2.368,46.518],[2.384,46.518],[2.483,46.533],[2.52,46.531],[2.537,46.52],[2.575,46.538],[2.61,46.55],[2.608,46.573],[2.594,46.597],[2.569,46.609],[2.589,46.617],[2.593,46.647],[2.567,46.652],[2.571,46.659],[2.624,46.657],[2.628,46.69],[2.648,46.689],[2.678,46.705]]]}},{"type":"Feature","properties":{"district":"Alpes-de-Haute-Provence","constituency_code":"FR2007-DPT-04","electorate_type":"Department"},"geometry":{"type":"Polygon","coordinates":[[[6.728,44.253],[6.714,44.218],[6.701,44.177],[6.708,44.124],[6.719,44.118],[6.725,44.111],[6.75,44.087],[6.756,44.08],[6.746,44.043],[6.795,44.008],[6.839,43.99],[6.834,43.983],[6.848,43.965],[6.876,43.953],[6.892,43.93],[6.9,43.927],[6.913,43.928],[6.942,43.897],[6.938,43.897],[6.919,43.894],[6.892,43.89],[6.836,43.916],[6.832,43.918],[6.799,43.91],[6.782,43.884],[6.749,43.872],[6.717,43.88],[6.671,43.888],[6.696,43.876],[6.703,43.856],[6.678,43.852],[6.668,43.831],[6.703,43.824],[6.71,43.811],[6.636,43.791],[6.636,43.789],[6.624,43.805],[6.587,43.805],[6.581,43.798],[6.554,43.784],[6.542,43.776],[6.525,43.806],[6.482,43.791],[6.457,43.793],[6.439,43.798],[6.414,43.792],[6.413,43.76],[6.383,43.734],[6.379,43.74],[6.359,43.736],[6.326,43.747],[6.263,43.782],[6.249,43.802],[6.224,43.8],[6.188,43.776],[6.184,43.766],[6.141,43.738],[6.129,43.737],[6.095,43.73],[6.09,43.729],[6.07,43.705],[6.056,43.7],[6.052,43.698],[6.022,43.668],[5.988,43.696],[5.984,43.714],[5.941,43.727],[5.925,43.756],[5.923,43.758],[5.884,43.724],[5.849,43.718],[5.831,43.747],[5.781,43.756],[5.757,43.729],[5.716,43.756],[5.713,43.781],[5.695,43.784],[5.674,43.808],[5.654,43.825],[5.646,43.826],[5.631,43.829],[5.575,43.83],[5.551,43.817],[5.545,43.818],[5.562,43.858],[5.59,43.887],[5.606,43.916],[5.581,43.915],[5.569,43.943],[5.545,43.939],[5.513,43.945],[5.513,43.973],[5.544,44.026],[5.545,44.07],[5.503,44.063],[5.499,44.116],[5.543,44.134],[5.551,44.15],[5.565,44.171],[5.576,44.188],[5.602,44.192],[5.609,44.191],[5.64,44.168],[5.631,44.15],[5.645,44.149],[5.679,44.146],[5.683,44.164],[5.643,44.171],[5.652,44.19],[5.676,44.192],[5.692,44.186],[5.755,44.21],[5.792,44.212],[5.859,44.195],[5.9,44.191],[5.915,44.203],[5.873,44.224],[5.859,44.246],[5.827,44.263],[5.836,44.298],[5.849,44.301],[5.876,44.291],[5.881,44.271],[5.912,44.25],[5.921,44.248],[5.92,44.257],[5.913,44.288],[5.925,44.299],[5.923,44.302],[5.925,44.313],[5.913,44.337],[5.926,44.35],[5.941,44.373],[5.953,44.395],[5.971,44.404],[5.978,44.408],[5.992,44.411],[6.02,44.42],[6.032,44.437],[6.056,44.45],[6.077,44.469],[6.083,44.477],[6.109,44.476],[6.116,44.475],[6.132,44.468],[6.156,44.462],[6.156,44.442],[6.162,44.434],[6.174,44.44],[6.227,44.382],[6.263,44.412],[6.24,44.448],[6.233,44.463],[6.234,44.464],[6.263,44.466],[6.293,44.481],[6.327,44.464],[6.34,44.48],[6.332,44.51],[6.335,44.512],[6.362,44.522],[6.399,44.494],[6.408,44.48],[6.481,44.454],[6.512,44.45],[6.586,44.446],[6.589,44.446],[6.632,44.447],[6.642,44.486],[6.668,44.5],[6.68,44.542],[6.711,44.541],[6.742,44.555],[6.767,44.587],[6.8,44.604],[6.843,44.609],[6.858,44.629],[6.883,44.63],[6.908,44.657],[6.948,44.655],[6.962,44.626],[6.933,44.593],[6.916,44.559],[6.876,44.551],[6.855,44.532],[6.861,44.503],[6.876,44.482],[6.906,44.468],[6.911,44.452],[6.947,44.427],[6.892,44.42],[6.897,44.375],[6.887,44.361],[6.872,44.353],[6.863,44.347],[6.84,44.347],[6.797,44.317],[6.79,44.272],[6.728,44.253]]]}},{"type":"Feature","properties":{"district":"Hautes-Alpes","constituency_code":"FR2007-DPT-05","electorate_type":"Department"},"geometry":{"type":"Polygon","coordinates":[[[6.883,44.848],[6.913,44.845],[6.931,44.863],[7.007,44.84],[7.019,44.813],[7.0,44.79],[7.019,44.777],[7.021,44.751],[7.04,44.72],[7.066,44.713],[7.077,44.681],[7.029,44.692],[6.996,44.69],[6.963,44.678],[6.948,44.655],[6.908,44.657],[6.883,44.63],[6.858,44.629],[6.843,44.609],[6.8,44.604],[6.767,44.587],[6.742,44.555],[6.711,44.541],[6.68,44.542],[6.668,44.5],[6.642,44.486],[6.632,44.447],[6.589,44.446],[6.586,44.446],[6.512,44.45],[6.481,44.454],[6.408,44.48],[6.399,44.494],[6.362,44.522],[6.335,44.512],[6.332,44.51],[6.34,44.48],[6.327,44.464],[6.293,44.481],[6.263,44.466],[6.234,44.464],[6.233,44.463],[6.24,44.448],[6.263,44.412],[6.227,44.382],[6.174,44.44],[6.162,44.434],[6.156,44.442],[6.156,44.462],[6.132,44.468],[6.116,44.475],[6.109,44.476],[6.083,44.477],[6.077,44.469],[6.056,44.45],[6.032,44.437],[6.02,44.42],[5.992,44.411],[5.978,44.408],[5.971,44.404],[5.953,44.395],[5.941,44.373],[5.926,44.35],[5.913,44.337],[5.925,44.313],[5.923,44.302],[5.925,44.299],[5.913,44.288],[5.92,44.257],[5.921,44.248],[5.912,44.25],[5.881,44.271],[5.876,44.291],[5.849,44.301],[5.836,44.298],[5.827,44.263],[5.859,44.246],[5.873,44.224],[5.915,44.203],[5.9,44.191],[5.859,44.195],[5.792,44.212],[5.755,44.21],[5.692,44.186],[5.676,44.192],[5.681,44.231],[5.673,44.246],[5.687,44.267],[5.676,44.276],[5.647,44.267],[5.633,44.291],[5.634,44.301],[5.608,44.306],[5.624,44.335],[5.588,44.332],[5.585,44.332],[5.571,44.333],[5.537,44.334],[5.522,44.351],[5.493,44.337],[5.469,44.352],[5.462,44.367],[5.444,44.368],[5.435,44.369],[5.443,44.392],[5.418,44.425],[5.439,44.434],[5.486,44.429],[5.494,44.428],[5.464,44.452],[5.459,44.489],[5.471,44.5],[5.511,44.492],[5.564,44.476],[5.604,44.465],[5.626,44.498],[5.665,44.502],[5.647,44.52],[5.615,44.533],[5.597,44.543],[5.607,44.567],[5.607,44.568],[5.626,44.587],[5.627,44.595],[5.649,44.619],[5.642,44.651],[5.652,44.655],[5.739,44.641],[5.764,44.656],[5.79,44.654],[5.799,44.674],[5.827,44.686],[5.801,44.707],[5.829,44.742],[5.827,44.76],[5.886,44.747],[5.951,44.76],[5.953,44.771],[5.98,44.781],[5.978,44.791],[5.95,44.804],[5.979,44.819],[6.006,44.821],[6.03,44.838],[6.056,44.816],[6.097,44.838],[6.133,44.865],[6.17,44.852],[6.196,44.859],[6.25,44.852],[6.271,44.871],[6.304,44.873],[6.336,44.848],[6.354,44.853],[6.359,44.888],[6.358,44.942],[6.329,44.947],[6.315,44.979],[6.318,45.004],[6.252,44.997],[6.205,45.012],[6.204,45.012],[6.22,45.065],[6.24,45.075],[6.229,45.108],[6.261,45.127],[6.286,45.11],[6.334,45.123],[6.363,45.105],[6.365,45.07],[6.396,45.061],[6.439,45.063],[6.454,45.052],[6.487,45.056],[6.48,45.091],[6.51,45.109],[6.53,45.099],[6.564,45.114],[6.577,45.123],[6.615,45.122],[6.63,45.109],[6.633,45.094],[6.662,45.072],[6.659,45.052],[6.673,45.02],[6.743,45.017],[6.738,44.989],[6.765,44.96],[6.748,44.922],[6.752,44.906],[6.771,44.903],[6.805,44.877],[6.863,44.851],[6.883,44.848]]]}},{"type":"Feature","properties":{"district":"Alpes-Maritimes","constituency_code":"FR2007-DPT-06","electorate_type":"Department"},"geometry":{"type":"Polygon","coordinates":[[[6.832,43.918],[6.836,43.916],[6.892,43.89],[6.919,43.894],[6.938,43.897],[6.942,43.897],[6.913,43.928],[6.9,43.927],[6.892,43.93],[6.876,43.953],[6.848,43.965],[6.834,43.983],[6.839,43.99],[6.795,44.008],[6.746,44.043],[6.756,44.08],[6.75,44.087],[6.725,44.111],[6.719,44.118],[6.708,44.124],[6.701,44.177],[6.714,44.218],[6.728,44.253],[6.79,44.272],[6.797,44.317],[6.84,44.347],[6.863,44.347],[6.872,44.353],[6.887,44.361],[6.922,44.352],[6.928,44.332],[6.96,44.311],[6.96,44.294],[6.994,44.281],[6.997,44.252],[7.019,44.232],[7.039,44.224],[7.07,44.233],[7.114,44.218],[7.143,44.2],[7.163,44.208],[7.194,44.187],[7.221,44.168],[7.242,44.173],[7.262,44.148],[7.345,44.145],[7.358,44.116],[7.387,44.124],[7.427,44.113],[7.504,44.143],[7.576,44.154],[7.62,44.15],[7.629,44.164],[7.636,44.177],[7.684,44.174],[7.677,44.142],[7.675,44.118],[7.716,44.082],[7.703,44.043],[7.662,44.028],[7.663,44.015],[7.671,43.998],[7.632,43.965],[7.572,43.947],[7.56,43.897],[7.501,43.875],[7.497,43.851],[7.508,43.842],[7.519,43.802],[7.53,43.788],[7.488,43.765],[7.437,43.752],[7.413,43.735],[7.412,43.732],[7.383,43.723],[7.348,43.714],[7.343,43.714],[7.33,43.702],[7.325,43.701],[7.308,43.693],[7.258,43.694],[7.199,43.664],[7.178,43.656],[7.144,43.643],[7.13,43.618],[7.125,43.574],[7.087,43.57],[7.058,43.551],[6.989,43.549],[6.952,43.535],[6.937,43.517],[6.954,43.506],[6.933,43.48],[6.904,43.495],[6.884,43.503],[6.879,43.533],[6.906,43.564],[6.898,43.582],[6.912,43.598],[6.894,43.611],[6.883,43.606],[6.839,43.614],[6.824,43.624],[6.791,43.644],[6.762,43.666],[6.775,43.694],[6.767,43.722],[6.746,43.737],[6.712,43.74],[6.683,43.758],[6.657,43.749],[6.642,43.768],[6.637,43.781],[6.636,43.789],[6.636,43.791],[6.71,43.811],[6.703,43.824],[6.668,43.831],[6.678,43.852],[6.703,43.856],[6.696,43.876],[6.671,43.888],[6.717,43.88],[6.749,43.872],[6.782,43.884],[6.799,43.91],[6.832,43.918]]]}},{"type":"Feature","properties":{"district":"Ardèche","constituency_code":"FR2007-DPT-07","electorate_type":"Department"},"geometry":{"type":"Polygon","coordinates":[[[4.809,45.259],[4.804,45.225],[4.813,45.205],[4.806,45.192],[4.81,45.175],[4.824,45.161],[4.829,45.157],[4.829,45.154],[4.804,45.131],[4.804,45.129],[4.815,45.111],[4.825,45.104],[4.83,45.098],[4.83,45.084],[4.828,45.079],[4.829,45.073],[4.861,45.055],[4.854,45.046],[4.842,45.038],[4.844,45.023],[4.843,45.002],[4.853,44.98],[4.853,44.978],[4.875,44.956],[4.881,44.945],[4.886,44.936],[4.871,44.916],[4.854,44.897],[4.857,44.869],[4.849,44.864],[4.838,44.842],[4.821,44.83],[4.808,44.815],[4.801,44.806],[4.766,44.778],[4.762,44.774],[4.761,44.771],[4.764,44.732],[4.764,44.729],[4.782,44.679],[4.779,44.679],[4.779,44.655],[4.758,44.631],[4.752,44.619],[4.741,44.603],[4.741,44.589],[4.733,44.586],[4.706,44.576],[4.696,44.563],[4.703,44.536],[4.703,44.525],[4.688,44.496],[4.7,44.47],[4.678,44.438],[4.663,44.407],[4.664,44.399],[4.65,44.376],[4.65,44.334],[4.651,44.33],[4.653,44.295],[4.653,44.291],[4.649,44.27],[4.616,44.278],[4.606,44.291],[4.6,44.292],[4.57,44.299],[4.548,44.323],[4.549,44.325],[4.512,44.335],[4.465,44.342],[4.451,44.334],[4.453,44.298],[4.44,44.284],[4.393,44.295],[4.401,44.328],[4.388,44.347],[4.326,44.338],[4.322,44.324],[4.288,44.315],[4.288,44.292],[4.259,44.264],[4.234,44.275],[4.216,44.289],[4.186,44.3],[4.178,44.318],[4.143,44.313],[4.127,44.338],[4.109,44.331],[4.104,44.334],[4.06,44.32],[4.052,44.317],[4.047,44.319],[4.036,44.33],[4.053,44.359],[4.053,44.379],[4.044,44.385],[4.068,44.405],[4.035,44.42],[4.037,44.446],[4.015,44.454],[3.998,44.46],[3.986,44.478],[3.989,44.504],[3.977,44.517],[3.966,44.538],[3.961,44.553],[3.949,44.573],[3.923,44.572],[3.906,44.592],[3.908,44.608],[3.894,44.615],[3.895,44.642],[3.895,44.65],[3.878,44.675],[3.884,44.694],[3.87,44.697],[3.863,44.744],[3.914,44.765],[3.925,44.77],[3.924,44.771],[3.944,44.821],[3.964,44.829],[3.982,44.811],[4.029,44.835],[4.02,44.846],[4.029,44.866],[4.078,44.87],[4.088,44.87],[4.118,44.878],[4.157,44.873],[4.178,44.886],[4.19,44.914],[4.217,44.933],[4.225,44.963],[4.235,44.968],[4.251,44.959],[4.294,44.967],[4.307,44.986],[4.3,45.02],[4.316,45.031],[4.352,45.028],[4.379,45.036],[4.346,45.075],[4.359,45.1],[4.385,45.101],[4.4,45.118],[4.37,45.13],[4.376,45.144],[4.411,45.141],[4.436,45.109],[4.441,45.112],[4.457,45.119],[4.443,45.142],[4.458,45.169],[4.481,45.196],[4.481,45.216],[4.483,45.237],[4.509,45.231],[4.568,45.248],[4.585,45.244],[4.605,45.264],[4.599,45.269],[4.598,45.289],[4.612,45.292],[4.634,45.315],[4.643,45.319],[4.638,45.326],[4.68,45.346],[4.698,45.345],[4.704,45.35],[4.723,45.355],[4.726,45.362],[4.756,45.366],[4.773,45.355],[4.761,45.339],[4.761,45.336],[4.782,45.31],[4.8,45.298],[4.81,45.288],[4.81,45.27],[4.811,45.267],[4.809,45.259]]]}},{"type":"Feature","properties":{"district":"Ardennes","constituency_code":"FR2007-DPT-08","electorate_type":"Department"},"geometry":{"type":"Polygon","coordinates":[[[5.011,49.269],[5.0,49.261],[4.951,49.237],[4.934,49.262],[4.913,49.265],[4.876,49.263],[4.866,49.227],[4.827,49.235],[4.83,49.243],[4.812,49.249],[4.791,49.241],[4.745,49.241],[4.73,49.252],[4.718,49.251],[4.704,49.255],[4.69,49.257],[4.67,49.241],[4.619,49.238],[4.611,49.259],[4.599,49.288],[4.557,49.295],[4.516,49.282],[4.492,49.281],[4.484,49.28],[4.454,49.276],[4.447,49.273],[4.447,49.273],[4.409,49.287],[4.408,49.289],[4.376,49.324],[4.363,49.32],[4.354,49.316],[4.308,49.327],[4.29,49.347],[4.294,49.353],[4.277,49.352],[4.243,49.38],[4.241,49.382],[4.213,49.388],[4.201,49.384],[4.189,49.399],[4.191,49.401],[4.167,49.402],[4.145,49.404],[4.115,49.402],[4.106,49.402],[4.085,49.401],[4.079,49.401],[4.048,49.406],[4.043,49.425],[4.037,49.438],[4.061,49.447],[4.042,49.481],[4.042,49.484],[4.041,49.496],[4.041,49.509],[4.075,49.522],[4.075,49.542],[4.05,49.551],[4.077,49.571],[4.06,49.596],[4.032,49.614],[4.048,49.638],[4.099,49.628],[4.116,49.633],[4.118,49.641],[4.127,49.678],[4.143,49.677],[4.151,49.691],[4.165,49.694],[4.185,49.699],[4.184,49.701],[4.191,49.716],[4.205,49.722],[4.225,49.728],[4.227,49.731],[4.231,49.747],[4.214,49.771],[4.21,49.782],[4.227,49.794],[4.214,49.806],[4.23,49.836],[4.249,49.857],[4.25,49.863],[4.256,49.904],[4.233,49.909],[4.222,49.91],[4.232,49.956],[4.233,49.958],[4.31,49.97],[4.35,49.953],[4.399,49.948],[4.445,49.937],[4.481,49.948],[4.512,49.947],[4.541,49.969],[4.57,49.974],[4.576,49.981],[4.694,49.996],[4.689,50.011],[4.691,50.034],[4.697,50.059],[4.681,50.069],[4.713,50.097],[4.752,50.112],[4.756,50.122],[4.78,50.141],[4.824,50.162],[4.876,50.154],[4.895,50.14],[4.849,50.101],[4.841,50.083],[4.82,50.066],[4.82,50.061],[4.841,50.038],[4.82,50.026],[4.819,49.995],[4.795,49.977],[4.791,49.958],[4.814,49.954],[4.847,49.949],[4.889,49.91],[4.857,49.865],[4.855,49.848],[4.869,49.823],[4.862,49.789],[4.888,49.788],[4.931,49.787],[4.943,49.79],[4.994,49.801],[5.002,49.792],[5.014,49.78],[5.047,49.77],[5.097,49.76],[5.125,49.727],[5.123,49.717],[5.144,49.709],[5.166,49.693],[5.2,49.692],[5.281,49.686],[5.282,49.686],[5.288,49.682],[5.32,49.664],[5.305,49.63],[5.315,49.611],[5.322,49.614],[5.347,49.631],[5.394,49.617],[5.382,49.606],[5.362,49.592],[5.341,49.594],[5.309,49.563],[5.313,49.559],[5.275,49.542],[5.263,49.542],[5.252,49.557],[5.235,49.562],[5.202,49.568],[5.178,49.567],[5.16,49.567],[5.153,49.577],[5.12,49.593],[5.113,49.562],[5.109,49.555],[5.096,49.558],[5.089,49.521],[5.086,49.52],[5.06,49.505],[5.08,49.486],[5.083,49.471],[5.101,49.461],[5.103,49.46],[5.106,49.428],[5.11,49.416],[5.104,49.39],[5.089,49.37],[5.06,49.372],[5.028,49.332],[5.03,49.326],[5.038,49.316],[5.057,49.293],[5.059,49.29],[5.051,49.274],[5.011,49.269]]]}},{"type":"Feature","properties":{"district":"Ariège","constituency_code":"FR2007-DPT-09","electorate_type":"Department"},"geometry":{"type":"MultiPolygon","coordinates":[[[[0.835,42.901],[0.841,42.923],[0.886,42.935],[0.875,42.958],[0.912,42.959],[0.928,42.967],[0.938,42.966],[0.965,42.971],[0.979,42.974],[0.995,42.991],[1.022,43.01],[0.997,43.024],[0.989,43.023],[0.984,43.045],[0.993,43.04],[0.995,43.04],[0.994,43.048],[0.986,43.062],[0.979,43.073],[1.0,43.077],[0.992,43.098],[1.001,43.114],[1.01,43.113],[1.039,43.1],[1.051,43.12],[1.052,43.144],[1.053,43.145],[1.088,43.134],[1.109,43.144],[1.112,43.149],[1.124,43.157],[1.147,43.137],[1.175,43.141],[1.199,43.125],[1.211,43.115],[1.211,43.107],[1.224,43.086],[1.246,43.088],[1.262,43.092],[1.281,43.113],[1.303,43.123],[1.274,43.148],[1.255,43.148],[1.238,43.15],[1.228,43.174],[1.229,43.187],[1.25,43.183],[1.254,43.184],[1.267764705882353,43.19088235294118],[1.296,43.189],[1.306,43.195],[1.315,43.19],[1.33,43.197],[1.328,43.205],[1.357,43.213],[1.38,43.222],[1.375,43.238],[1.352,43.245],[1.318,43.251],[1.294,43.265],[1.293,43.289],[1.324,43.31],[1.373,43.31],[1.402,43.278],[1.403,43.277],[1.429,43.254],[1.418,43.227],[1.432,43.218],[1.442,43.216],[1.452,43.212],[1.476,43.217],[1.504,43.221],[1.504,43.225],[1.493,43.237],[1.504,43.249],[1.498,43.255],[1.493,43.263],[1.496,43.293],[1.516,43.284],[1.542,43.276],[1.542,43.275],[1.557,43.263],[1.579,43.275],[1.607,43.26],[1.637,43.255],[1.635,43.237],[1.674,43.281],[1.688,43.274],[1.703,43.239],[1.724,43.224],[1.71,43.19],[1.78,43.16],[1.821,43.149],[1.826,43.145],[1.852,43.161],[1.881,43.148],[1.904,43.131],[1.928,43.129],[1.928,43.124],[1.951,43.111],[1.951,43.102],[1.956,43.085],[1.95,43.082],[1.961,43.067],[1.94,43.062],[1.976,43.043],[1.98,43.038],[1.986,43.03],[1.97,43.008],[1.987,42.995],[2.005,42.962],[1.988,42.954],[1.952,42.959],[1.934,42.939],[1.981,42.93],[1.989,42.91],[1.982,42.877],[1.96,42.861],[1.889,42.853],[1.875,42.845],[1.86,42.821],[1.899,42.803],[1.901,42.801],[1.929,42.775],[1.909,42.765],[1.93,42.755],[1.932,42.751],[1.951,42.737],[1.991,42.735],[1.999,42.736],[2.004,42.733],[2.02,42.74],[2.031,42.741],[2.057,42.756],[2.085,42.752],[2.086,42.752],[2.101,42.732],[2.114,42.725],[2.141,42.706],[2.176,42.683],[2.166,42.664],[2.128,42.672],[2.096,42.664],[2.047,42.664],[2.043,42.658],[2.019,42.654],[2.002,42.661],[1.991,42.647],[1.977,42.622],[1.933,42.605],[1.9,42.615],[1.874,42.582],[1.825,42.581],[1.786,42.574],[1.726,42.59],[1.738,42.612],[1.736,42.615],[1.683,42.625],[1.601,42.626],[1.575,42.648],[1.553,42.654],[1.522,42.649],[1.494,42.653],[1.47,42.636],[1.477,42.615],[1.438,42.603],[1.42,42.625],[1.414,42.656],[1.39,42.668],[1.39,42.685],[1.351,42.703],[1.357,42.72],[1.335,42.724],[1.309,42.718],[1.25,42.72],[1.229,42.728],[1.166,42.709],[1.133,42.729],[1.129,42.755],[1.079,42.788],[1.044,42.781],[1.006,42.791],[0.983,42.787],[0.96,42.806],[0.933,42.79],[0.858,42.826],[0.86,42.838],[0.848,42.866],[0.835,42.901]]],[[[1.268,43.191],[1.267764705882353,43.19088235294118],[1.266,43.191],[1.268,43.191]]]]}},{"type":"Feature","properties":{"district":"Aube","constituency_code":"FR2007-DPT-10","electorate_type":"Department"},"geometry":{"type":"Polygon","coordinates":[[[3.745,48.168],[3.695,48.155],[3.668,48.139],[3.651,48.168],[3.641,48.185],[3.594,48.179],[3.575,48.189],[3.622,48.226],[3.605,48.23],[3.624,48.259],[3.615,48.273],[3.615,48.273],[3.588,48.28],[3.588,48.301],[3.564,48.321],[3.544,48.32],[3.545,48.334],[3.498,48.37],[3.475,48.369],[3.471,48.374],[3.471,48.375],[3.429,48.359],[3.415,48.39],[3.421,48.409],[3.412,48.421],[3.397,48.435],[3.406,48.453],[3.384,48.478],[3.404,48.486],[3.435,48.49],[3.405,48.528],[3.414,48.533],[3.451,48.529],[3.482,48.541],[3.465,48.57],[3.469,48.573],[3.485,48.58],[3.516,48.59],[3.503,48.605],[3.556,48.62],[3.58,48.605],[3.583,48.585],[3.605,48.573],[3.608,48.574],[3.615,48.578],[3.631,48.572],[3.644,48.536],[3.659,48.536],[3.666,48.536],[3.708,48.535],[3.732,48.538],[3.766,48.528],[3.786,48.529],[3.825,48.515],[3.834,48.518],[3.866,48.544],[3.86,48.544],[3.855,48.573],[3.884,48.578],[3.885,48.578],[3.909,48.602],[3.911,48.602],[3.949,48.603],[3.967,48.63],[3.98,48.629],[4.001,48.664],[4.044,48.661],[4.058,48.666],[4.078,48.702],[4.088,48.699],[4.131,48.686],[4.158,48.704],[4.178,48.709],[4.233,48.702],[4.243,48.717],[4.264,48.706],[4.299,48.715],[4.327,48.697],[4.325,48.662],[4.324,48.644],[4.325,48.642],[4.33,48.636],[4.315,48.616],[4.331,48.602],[4.35,48.598],[4.424,48.554],[4.428,48.553],[4.464,48.548],[4.495,48.539],[4.511,48.548],[4.521,48.545],[4.531,48.53],[4.581,48.548],[4.641,48.554],[4.635,48.544],[4.651,48.537],[4.67,48.532],[4.666,48.511],[4.653,48.471],[4.627,48.468],[4.636,48.457],[4.677,48.436],[4.68,48.417],[4.708,48.401],[4.704,48.393],[4.76,48.388],[4.755,48.367],[4.793,48.356],[4.841,48.339],[4.814,48.323],[4.826,48.302],[4.851,48.296],[4.862,48.266],[4.845,48.249],[4.846,48.247],[4.836,48.222],[4.861,48.211],[4.856,48.193],[4.856,48.193],[4.847,48.18],[4.837,48.152],[4.85,48.141],[4.829,48.129],[4.833,48.118],[4.834,48.105],[4.787,48.109],[4.732,48.119],[4.707,48.095],[4.691,48.086],[4.658,48.079],[4.661,48.077],[4.69,48.073],[4.723,48.046],[4.704,48.02],[4.673,48.015],[4.622,48.024],[4.617,48.031],[4.578,48.029],[4.555,48.012],[4.536,48.007],[4.56,47.972],[4.553,47.968],[4.493,47.968],[4.447,47.956],[4.438,47.96],[4.417,47.969],[4.361,47.957],[4.313,47.963],[4.306,47.954],[4.299,47.949],[4.293,47.926],[4.266,47.924],[4.224,47.948],[4.226,47.972],[4.196,47.968],[4.185,47.94],[4.167,47.96],[4.142,47.937],[4.122,47.932],[4.093,47.941],[4.061,47.946],[4.025,47.929],[4.005,47.943],[3.986,47.931],[3.981,47.93],[3.926,47.935],[3.918,47.928],[3.896,47.929],[3.894,47.929],[3.915,47.976],[3.904,47.992],[3.886,48.0],[3.862,47.977],[3.85,47.984],[3.84,48.004],[3.871,48.003],[3.843,48.036],[3.832,48.036],[3.822,48.044],[3.826,48.064],[3.799,48.086],[3.806,48.101],[3.802,48.107],[3.769,48.133],[3.74,48.139],[3.745,48.168]]]}},{"type":"Feature","properties":{"district":"Aude","constituency_code":"FR2007-DPT-11","electorate_type":"Department"},"geometry":{"type":"Polygon","coordinates":[[[2.895,43.326],[2.921,43.326],[2.946,43.312],[2.958,43.312],[2.991,43.319],[3.006,43.3],[3.012,43.28],[3.054,43.28],[3.097,43.258],[3.141,43.259],[3.141,43.259],[3.157,43.242],[3.193,43.25],[3.24,43.213],[3.181,43.171],[3.152,43.138],[3.104,43.085],[3.085,43.058],[3.05,42.981],[3.043,42.96],[3.038,42.937],[3.061,42.917],[3.044,42.838],[3.013,42.852],[2.986,42.866],[2.917,42.885],[2.907,42.896],[2.88,42.902],[2.865,42.919],[2.81,42.899],[2.81,42.899],[2.789,42.896],[2.762,42.873],[2.754,42.852],[2.738,42.836],[2.696,42.83],[2.665,42.837],[2.638,42.834],[2.572,42.843],[2.559,42.846],[2.516,42.845],[2.5,42.851],[2.462,42.838],[2.457,42.837],[2.401,42.844],[2.382,42.849],[2.371,42.846],[2.325,42.835],[2.344,42.801],[2.344,42.781],[2.351,42.757],[2.353,42.75],[2.354,42.749],[2.358,42.733],[2.323,42.708],[2.291,42.7],[2.265,42.709],[2.239,42.676],[2.192,42.659],[2.192,42.652],[2.176,42.649],[2.176,42.653],[2.166,42.664],[2.176,42.683],[2.141,42.706],[2.114,42.725],[2.101,42.732],[2.086,42.752],[2.085,42.752],[2.057,42.756],[2.031,42.741],[2.02,42.74],[2.004,42.733],[1.999,42.736],[1.991,42.735],[1.951,42.737],[1.932,42.751],[1.93,42.755],[1.909,42.765],[1.929,42.775],[1.901,42.801],[1.899,42.803],[1.86,42.821],[1.875,42.845],[1.889,42.853],[1.96,42.861],[1.96,42.861],[1.982,42.877],[1.989,42.91],[1.981,42.93],[1.934,42.939],[1.952,42.959],[1.988,42.954],[2.005,42.962],[1.987,42.995],[1.97,43.008],[1.986,43.03],[1.98,43.038],[1.976,43.043],[1.94,43.062],[1.961,43.067],[1.95,43.082],[1.956,43.085],[1.951,43.102],[1.951,43.111],[1.928,43.124],[1.928,43.129],[1.904,43.131],[1.881,43.148],[1.852,43.161],[1.826,43.145],[1.821,43.149],[1.78,43.16],[1.71,43.19],[1.724,43.224],[1.703,43.239],[1.688,43.274],[1.701,43.282],[1.707,43.286],[1.704,43.303],[1.728,43.314],[1.726,43.333],[1.723,43.342],[1.749,43.35],[1.773,43.337],[1.797,43.34],[1.814,43.341],[1.803,43.387],[1.826,43.395],[1.822,43.399],[1.817,43.411],[1.845,43.423],[1.843,43.433],[1.856,43.444],[1.897,43.414],[1.896,43.397],[1.911,43.398],[1.915,43.401],[1.925,43.421],[1.958,43.426],[1.964,43.423],[1.966,43.415],[1.988,43.407],[2.021,43.423],[2.029,43.437],[2.053,43.431],[2.072,43.396],[2.091,43.394],[2.109,43.394],[2.111,43.397],[2.133,43.403],[2.17,43.417],[2.186,43.395],[2.215,43.382],[2.23,43.405],[2.221,43.426],[2.239,43.439],[2.242,43.443],[2.258,43.46],[2.266,43.453],[2.282,43.441],[2.3,43.446],[2.348,43.433],[2.367,43.423],[2.375,43.423],[2.407,43.419],[2.428,43.436],[2.47,43.435],[2.474,43.437],[2.495,43.437],[2.519,43.424],[2.565,43.423],[2.566,43.423],[2.566,43.423],[2.573,43.4],[2.566,43.398],[2.556,43.366],[2.54,43.346],[2.556,43.338],[2.586,43.333],[2.592,43.318],[2.6,43.314],[2.601,43.298],[2.617,43.284],[2.644,43.294],[2.659,43.293],[2.688,43.323],[2.699,43.308],[2.703,43.277],[2.709,43.274],[2.741,43.265],[2.752,43.255],[2.772,43.258],[2.78,43.265],[2.787,43.274],[2.801,43.3],[2.809,43.304],[2.818,43.324],[2.846,43.326],[2.869,43.33],[2.87,43.36],[2.856,43.373],[2.869,43.383],[2.87,43.381],[2.89,43.357],[2.889,43.352],[2.895,43.326]]]}},{"type":"Feature","properties":{"district":"Aveyron","constituency_code":"FR2007-DPT-12","electorate_type":"Department"},"geometry":{"type":"Polygon","coordinates":[[[1.916,44.486],[1.919,44.504],[1.948,44.517],[1.958,44.519],[1.972,44.533],[1.979,44.541],[1.984,44.547],[2.028,44.558],[2.029,44.558],[2.039,44.574],[2.084,44.587],[2.095,44.578],[2.116,44.573],[2.153,44.572],[2.169,44.592],[2.17,44.592],[2.186,44.591],[2.208,44.616],[2.221,44.622],[2.208,44.644],[2.27,44.661],[2.324,44.669],[2.332,44.664],[2.333,44.649],[2.367,44.641],[2.398,44.646],[2.405,44.647],[2.436,44.639],[2.468,44.643],[2.472,44.652],[2.487,44.656],[2.5,44.69],[2.519,44.699],[2.536,44.712],[2.552,44.731],[2.554,44.739],[2.553,44.757],[2.564,44.778],[2.587,44.784],[2.6,44.793],[2.598,44.821],[2.629,44.872],[2.656,44.872],[2.682,44.907],[2.706,44.907],[2.717,44.929],[2.738,44.94],[2.738,44.941],[2.776,44.91],[2.778,44.888],[2.781,44.858],[2.807,44.874],[2.855,44.874],[2.86,44.874],[2.855,44.851],[2.879,44.804],[2.905,44.784],[2.92,44.794],[2.933,44.781],[2.927,44.758],[2.931,44.713],[2.939,44.678],[2.962,44.655],[2.97,44.649],[2.982,44.645],[3.031,44.601],[3.037,44.596],[3.06,44.582],[3.077,44.57],[3.084,44.56],[3.076,44.519],[3.068,44.503],[3.099,44.481],[3.117,44.474],[3.137,44.446],[3.127,44.414],[3.137,44.408],[3.123,44.37],[3.132,44.357],[3.152,44.333],[3.154,44.309],[3.123,44.285],[3.138,44.264],[3.162,44.245],[3.19,44.246],[3.231,44.23],[3.219,44.205],[3.204,44.194],[3.227,44.191],[3.239,44.191],[3.291,44.206],[3.36,44.201],[3.374,44.171],[3.335,44.159],[3.33,44.142],[3.324,44.127],[3.324,44.109],[3.263,44.092],[3.294,44.068],[3.324,44.08],[3.329,44.079],[3.333,44.074],[3.348,44.052],[3.368,44.058],[3.417,44.042],[3.445,44.025],[3.45,44.023],[3.451,44.023],[3.44,43.998],[3.418,43.993],[3.406,43.97],[3.377,43.968],[3.351,43.938],[3.358,43.914],[3.343,43.894],[3.277,43.897],[3.263,43.891],[3.234,43.858],[3.249,43.83],[3.237,43.827],[3.223,43.818],[3.151,43.814],[3.151,43.814],[3.087,43.836],[3.065,43.836],[3.049,43.801],[3.057,43.783],[3.056,43.755],[3.055,43.715],[3.069,43.707],[3.061,43.693],[3.019,43.696],[2.974,43.705],[2.958,43.699],[2.935,43.695],[2.922,43.735],[2.903,43.742],[2.858,43.749],[2.816,43.762],[2.788,43.753],[2.781,43.737],[2.74,43.729],[2.695,43.743],[2.682,43.744],[2.657,43.763],[2.63,43.78],[2.6,43.817],[2.596,43.819],[2.59,43.818],[2.562,43.846],[2.564,43.851],[2.564,43.863],[2.58,43.876],[2.551,43.902],[2.553,43.908],[2.537,43.934],[2.499,43.945],[2.504,43.955],[2.521,43.963],[2.523,43.973],[2.495,43.996],[2.492,44.004],[2.495,44.011],[2.47,44.03],[2.461,44.05],[2.41,44.056],[2.412,44.07],[2.389,44.095],[2.358,44.102],[2.351,44.107],[2.332,44.123],[2.298,44.136],[2.285,44.145],[2.237,44.134],[2.189,44.137],[2.238,44.159],[2.205,44.171],[2.158,44.179],[2.149,44.201],[2.114,44.196],[2.108,44.183],[2.068,44.19],[2.058,44.172],[2.03,44.169],[2.004,44.151],[1.99,44.149],[1.981,44.177],[1.955,44.185],[1.941,44.17],[1.911,44.185],[1.89,44.208],[1.912,44.215],[1.943,44.248],[1.962,44.242],[1.971,44.276],[1.94,44.283],[1.902,44.279],[1.869,44.292],[1.859,44.32],[1.886,44.335],[1.882,44.34],[1.912,44.357],[1.874,44.391],[1.873,44.424],[1.873,44.424],[1.85,44.435],[1.848,44.468],[1.862,44.487],[1.877,44.484],[1.888,44.505],[1.916,44.486]]]}},{"type":"Feature","properties":{"district":"Bouches-du-Rhône","constituency_code":"FR2007-DPT-13","electorate_type":"Department"},"geometry":{"type":"MultiPolygon","coordinates":[[[[5.286,43.266],[5.296,43.27],[5.304,43.277],[5.3,43.268],[5.292,43.263],[5.286,43.266]]],[[[5.314,43.287],[5.304,43.277],[5.302,43.284],[5.314,43.287]]],[[[5.341,43.334],[5.357,43.315],[5.361,43.309],[5.3406428571428535,43.334204081632656],[5.341,43.334]]],[[[5.334,43.338],[5.34,43.335],[5.3406428571428535,43.334204081632656],[5.334,43.338]]],[[[4.582,43.429],[4.562,43.443],[4.52,43.455],[4.453,43.458],[4.421,43.449],[4.341,43.456],[4.23,43.461],[4.238,43.497],[4.244,43.501],[4.298,43.515],[4.325,43.528],[4.318,43.557],[4.354,43.547],[4.409,43.561],[4.426,43.585],[4.449,43.583],[4.473,43.603],[4.426,43.623],[4.451,43.664],[4.476,43.671],[4.486,43.699],[4.54,43.707],[4.602,43.686],[4.625,43.696],[4.612,43.725],[4.628,43.758],[4.652,43.783],[4.655,43.803],[4.643,43.832],[4.667,43.847],[4.642,43.868],[4.662,43.871],[4.709,43.898],[4.735,43.917],[4.739,43.924],[4.774,43.92],[4.811,43.914],[4.853,43.911],[4.881,43.902],[4.922,43.887],[4.93,43.884],[4.975,43.867],[4.992,43.85],[4.997,43.845],[5.035,43.82],[5.043,43.806],[5.05,43.789],[5.091,43.772],[5.124,43.759],[5.138,43.753],[5.188,43.735],[5.236,43.748],[5.246,43.747],[5.264,43.744],[5.287,43.74],[5.326,43.729],[5.344,43.719],[5.371,43.709],[5.388,43.702],[5.413,43.693],[5.445,43.68],[5.488,43.668],[5.55,43.66],[5.607,43.659],[5.624,43.666],[5.683,43.693],[5.717,43.693],[5.753,43.725],[5.777,43.722],[5.793,43.693],[5.813,43.689],[5.8,43.66],[5.771,43.661],[5.719,43.65],[5.681,43.611],[5.692,43.585],[5.669,43.565],[5.707,43.556],[5.725,43.551],[5.716,43.504],[5.699,43.482],[5.728,43.467],[5.751,43.434],[5.788,43.42],[5.75,43.401],[5.724,43.409],[5.683,43.399],[5.704,43.354],[5.669,43.319],[5.691,43.313],[5.727,43.317],[5.763,43.282],[5.761,43.267],[5.701,43.247],[5.705,43.242],[5.682,43.235],[5.678,43.217],[5.676,43.191],[5.672,43.18],[5.651,43.189],[5.618,43.184],[5.605,43.16],[5.556,43.188],[5.537,43.215],[5.51,43.198],[5.459,43.211],[5.422,43.205],[5.382,43.21],[5.34,43.214],[5.374,43.247],[5.368,43.268],[5.371,43.293],[5.374,43.295],[5.345,43.336],[5.338,43.34],[5.318,43.359],[5.282,43.354],[5.237,43.332],[5.185,43.333],[5.135,43.329],[5.088,43.333],[5.054,43.325],[5.019,43.343],[5.025,43.354],[4.986,43.393],[5.057,43.404],[5.097,43.401],[5.139,43.401],[5.172,43.419],[5.22,43.449],[5.223,43.479],[5.203,43.491],[5.165,43.472],[5.132,43.472],[5.118,43.513],[5.108,43.526],[5.046,43.524],[5.023,43.557],[5.014,43.555],[5.015,43.53],[4.999,43.508],[5.006,43.47],[5.04,43.47],[5.054,43.443],[5.061,43.419],[5.039,43.403],[5.005,43.404],[4.977,43.405],[4.972,43.422],[4.933,43.433],[4.876,43.413],[4.853,43.398],[4.845,43.402],[4.841,43.404],[4.847,43.379],[4.877,43.36],[4.86,43.334],[4.842,43.334],[4.763,43.35],[4.68,43.346],[4.609,43.355],[4.559,43.375],[4.552,43.387],[4.591,43.407],[4.582,43.429]]]]}},{"type":"Feature","properties":{"district":"Calvados","constituency_code":"FR2007-DPT-14","electorate_type":"Department"},"geometry":{"type":"Polygon","coordinates":[[[0.286,49.429],[0.297,49.43],[0.309,49.387],[0.302,49.371],[0.302,49.371],[0.308,49.358],[0.323,49.338],[0.307,49.319],[0.298,49.314],[0.316,49.311],[0.309,49.283],[0.366,49.295],[0.384,49.286],[0.383,49.264],[0.326,49.253],[0.337,49.232],[0.383,49.216],[0.389,49.212],[0.388,49.19],[0.392,49.179],[0.386,49.155],[0.388,49.153],[0.407,49.149],[0.427,49.147],[0.433,49.142],[0.408,49.128],[0.41,49.122],[0.409,49.121],[0.4,49.101],[0.41,49.098],[0.416,49.087],[0.418,49.073],[0.379,49.067],[0.367,49.052],[0.371,49.05],[0.41,49.033],[0.446,49.019],[0.434,49.003],[0.427,48.986],[0.432,48.972],[0.413,48.95],[0.4,48.953],[0.377,48.973],[0.357,48.95],[0.333,48.943],[0.308,48.954],[0.283,48.949],[0.245,48.959],[0.224,48.941],[0.187,48.941],[0.171,48.927],[0.148,48.929],[0.128,48.952],[0.126,48.95],[0.081,48.938],[0.064,48.917],[0.057,48.908],[0.05,48.899],[-0.01,48.884],[-0.006,48.872],[-0.007,48.872],[-0.031,48.874],[-0.031,48.87],[-0.059,48.854],[-0.07,48.843],[-0.075,48.841],[-0.107,48.84],[-0.125,48.848],[-0.143,48.828],[-0.126,48.817],[-0.152,48.82],[-0.205,48.847],[-0.228,48.843],[-0.242,48.85],[-0.254,48.85],[-0.283,48.853],[-0.299,48.849],[-0.329,48.858],[-0.336,48.847],[-0.33,48.836],[-0.346,48.822],[-0.347,48.823],[-0.364,48.849],[-0.366,48.849],[-0.384,48.847],[-0.402,48.859],[-0.425,48.867],[-0.464,48.871],[-0.469,48.868],[-0.51,48.846],[-0.524,48.85],[-0.55,48.848],[-0.57,48.831],[-0.606,48.834],[-0.645,48.827],[-0.644,48.841],[-0.694,48.847],[-0.682,48.822],[-0.714,48.8],[-0.781,48.787],[-0.785,48.781],[-0.808,48.76],[-0.841,48.752],[-0.885,48.757],[-0.94,48.778],[-0.967,48.786],[-0.994,48.777],[-1.044,48.784],[-1.059,48.773],[-1.083,48.778],[-1.113,48.815],[-1.125,48.818],[-1.129,48.817],[-1.157,48.835],[-1.157,48.836],[-1.122,48.848],[-1.12,48.856],[-1.091,48.88],[-1.053,48.887],[-1.049,48.894],[-1.014,48.922],[-1.067,48.919],[-1.044,48.934],[-1.003,48.937],[-0.989,48.946],[-0.99,48.951],[-0.943,48.968],[-0.91,48.996],[-0.905,49.012],[-0.863,49.026],[-0.892,49.046],[-0.87,49.069],[-0.871,49.073],[-0.88,49.089],[-0.878,49.103],[-0.878,49.106],[-0.879,49.117],[-0.925,49.102],[-0.896,49.132],[-0.906,49.133],[-0.904,49.136],[-0.931,49.158],[-0.959,49.161],[-0.924,49.166],[-0.915,49.192],[-0.888,49.202],[-0.921,49.231],[-0.933,49.218],[-0.954,49.201],[-0.987,49.194],[-1.024,49.204],[-1.05,49.228],[-1.058,49.225],[-1.088,49.246],[-1.093,49.244],[-1.105,49.253],[-1.135,49.27],[-1.14,49.309],[-1.101,49.321],[-1.114,49.349],[-1.09,49.381],[-1.07,49.39],[-1.019,49.393],[-0.985,49.396],[-0.962,49.396],[-0.925,49.392],[-0.913,49.385],[-0.882,49.372],[-0.861,49.365],[-0.828,49.358],[-0.789,49.353],[-0.745,49.349],[-0.719,49.347],[-0.667,49.346],[-0.645,49.345],[-0.626,49.341],[-0.611,49.34],[-0.593,49.341],[-0.573,49.344],[-0.553,49.346],[-0.506,49.344],[-0.467,49.338],[-0.434,49.335],[-0.398,49.333],[-0.376,49.328],[-0.358,49.322],[-0.34,49.313],[-0.31,49.301],[-0.287,49.295],[-0.279,49.293],[-0.247,49.292],[-0.252,49.261],[-0.247,49.263],[-0.225,49.268],[-0.217,49.287],[-0.17,49.286],[-0.139,49.29],[-0.112,49.286],[-0.09,49.295],[-0.066,49.307],[-0.042,49.314],[-0.014,49.321],[0.014,49.332],[0.031,49.341],[0.053,49.353],[0.058,49.357],[0.083,49.364],[0.105,49.39],[0.132,49.404],[0.15,49.407],[0.185,49.416],[0.223,49.428],[0.275,49.429],[0.286,49.429]]]}},{"type":"Feature","properties":{"district":"Cantal","constituency_code":"FR2007-DPT-15","electorate_type":"Department"},"geometry":{"type":"Polygon","coordinates":[[[3.1,44.844],[3.099,44.833],[3.094,44.833],[3.077,44.825],[3.046,44.798],[3.05,44.782],[3.042,44.759],[3.029,44.733],[3.039,44.715],[3.017,44.714],[2.985,44.65],[2.982,44.645],[2.97,44.649],[2.962,44.655],[2.939,44.678],[2.931,44.713],[2.927,44.758],[2.933,44.781],[2.92,44.794],[2.905,44.784],[2.879,44.804],[2.855,44.851],[2.86,44.874],[2.855,44.874],[2.807,44.874],[2.781,44.858],[2.778,44.888],[2.776,44.91],[2.738,44.941],[2.738,44.94],[2.717,44.929],[2.706,44.907],[2.682,44.907],[2.656,44.872],[2.629,44.872],[2.598,44.821],[2.6,44.793],[2.587,44.784],[2.564,44.778],[2.553,44.757],[2.554,44.739],[2.552,44.731],[2.536,44.712],[2.519,44.699],[2.5,44.69],[2.487,44.656],[2.472,44.652],[2.468,44.643],[2.436,44.639],[2.405,44.647],[2.398,44.646],[2.367,44.641],[2.333,44.649],[2.332,44.664],[2.324,44.669],[2.27,44.661],[2.208,44.644],[2.221,44.622],[2.208,44.616],[2.177,44.636],[2.17,44.638],[2.166,44.661],[2.179,44.674],[2.153,44.7],[2.138,44.693],[2.13,44.699],[2.149,44.722],[2.154,44.753],[2.149,44.77],[2.151,44.77],[2.169,44.782],[2.172,44.79],[2.166,44.799],[2.14,44.824],[2.128,44.841],[2.117,44.848],[2.084,44.886],[2.108,44.911],[2.076,44.942],[2.063,44.977],[2.09,44.985],[2.133,44.986],[2.141,45.005],[2.117,45.021],[2.095,45.056],[2.1,45.062],[2.102,45.062],[2.138,45.081],[2.173,45.081],[2.187,45.114],[2.179,45.136],[2.209,45.144],[2.23,45.162],[2.233,45.167],[2.202,45.18],[2.191,45.223],[2.203,45.223],[2.262,45.284],[2.269,45.29],[2.276,45.289],[2.306,45.31],[2.34,45.326],[2.359,45.339],[2.364,45.375],[2.364,45.38],[2.355,45.415],[2.362,45.415],[2.381,45.414],[2.423,45.397],[2.438,45.388],[2.442,45.385],[2.48,45.37],[2.523,45.381],[2.522,45.403],[2.488,45.418],[2.497,45.447],[2.504,45.462],[2.508,45.478],[2.544,45.479],[2.536,45.458],[2.566,45.465],[2.585,45.45],[2.624,45.444],[2.651,45.443],[2.688,45.438],[2.68,45.423],[2.681,45.407],[2.715,45.382],[2.75,45.391],[2.781,45.386],[2.785,45.385],[2.809,45.399],[2.852,45.392],[2.874,45.375],[2.893,45.379],[2.923,45.368],[2.925,45.35],[2.925,45.347],[2.949,45.309],[3.018,45.287],[3.037,45.298],[3.059,45.307],[3.062,45.328],[3.096,45.352],[3.104,45.354],[3.113,45.327],[3.098,45.301],[3.132,45.286],[3.16,45.295],[3.165,45.269],[3.185,45.28],[3.226,45.272],[3.221,45.244],[3.247,45.216],[3.272,45.21],[3.261,45.183],[3.268,45.154],[3.282,45.152],[3.288,45.12],[3.312,45.118],[3.314,45.118],[3.362,45.104],[3.329,45.095],[3.301,45.107],[3.287,45.097],[3.312,45.081],[3.298,45.039],[3.308,45.023],[3.337,45.025],[3.35,45.002],[3.371,45.002],[3.361,44.971],[3.355,44.955],[3.338,44.956],[3.286,44.926],[3.256,44.942],[3.249,44.939],[3.25,44.916],[3.227,44.91],[3.226,44.882],[3.181,44.865],[3.142,44.903],[3.128,44.904],[3.103,44.885],[3.105,44.866],[3.1,44.844]]]}},{"type":"Feature","properties":{"district":"Charente","constituency_code":"FR2007-DPT-16","electorate_type":"Department"},"geometry":{"type":"Polygon","coordinates":[[[0.687,46.097],[0.675,46.112],[0.712,46.139],[0.713,46.139],[0.729,46.135],[0.742,46.138],[0.823,46.129],[0.827,46.088],[0.827,46.086],[0.818,46.048],[0.845,46.036],[0.864,46.016],[0.886,46.032],[0.894,46.023],[0.91,46.018],[0.935,45.993],[0.935,45.976],[0.943,45.958],[0.923,45.946],[0.921,45.938],[0.877,45.921],[0.812,45.931],[0.816,45.917],[0.827,45.883],[0.807,45.87],[0.821,45.867],[0.781,45.821],[0.784,45.793],[0.77,45.789],[0.761,45.798],[0.71,45.802],[0.712,45.763],[0.695,45.762],[0.666,45.748],[0.665,45.74],[0.648,45.73],[0.629,45.715],[0.605,45.694],[0.6,45.672],[0.567,45.653],[0.575,45.641],[0.563,45.634],[0.562,45.633],[0.538,45.629],[0.535,45.643],[0.5,45.62],[0.501,45.615],[0.516,45.588],[0.499,45.565],[0.506,45.555],[0.474,45.539],[0.466,45.54],[0.449,45.524],[0.432,45.486],[0.423,45.484],[0.379,45.484],[0.335,45.46],[0.302,45.459],[0.304,45.432],[0.271,45.419],[0.267,45.408],[0.263,45.397],[0.25,45.364],[0.257,45.353],[0.265,45.335],[0.265,45.335],[0.267,45.298],[0.252,45.29],[0.247,45.29],[0.221,45.29],[0.21,45.274],[0.204,45.264],[0.175,45.261],[0.172,45.252],[0.17,45.236],[0.145,45.215],[0.115,45.214],[0.114,45.215],[0.092,45.228],[0.056,45.227],[0.011,45.203],[0.004,45.192],[-0.002,45.195],[0.006,45.222],[-0.033,45.234],[-0.045,45.248],[-0.05,45.249],[-0.1,45.247],[-0.115,45.248],[-0.112,45.255],[-0.109,45.29],[-0.145,45.288],[-0.148,45.299],[-0.151,45.302],[-0.178,45.308],[-0.229,45.322],[-0.258,45.299],[-0.283,45.308],[-0.291,45.327],[-0.282,45.338],[-0.283,45.339],[-0.278,45.348],[-0.246,45.348],[-0.279,45.355],[-0.304,45.372],[-0.31,45.387],[-0.301,45.389],[-0.234,45.41],[-0.254,45.44],[-0.254,45.443],[-0.286,45.457],[-0.281,45.474],[-0.242,45.49],[-0.24,45.494],[-0.268,45.509],[-0.266,45.525],[-0.284,45.519],[-0.32,45.535],[-0.322,45.535],[-0.321,45.542],[-0.297,45.565],[-0.32,45.58],[-0.328,45.585],[-0.341,45.587],[-0.359,45.598],[-0.381,45.619],[-0.387,45.627],[-0.406,45.619],[-0.432,45.625],[-0.409,45.656],[-0.383,45.656],[-0.411,45.683],[-0.423,45.686],[-0.421,45.71],[-0.416,45.742],[-0.46,45.739],[-0.463,45.752],[-0.449,45.766],[-0.403,45.771],[-0.402,45.786],[-0.37,45.781],[-0.366,45.78],[-0.339,45.787],[-0.32,45.785],[-0.312,45.786],[-0.299,45.802],[-0.274,45.806],[-0.248,45.805],[-0.241,45.795],[-0.231,45.787],[-0.221,45.776],[-0.221,45.775],[-0.183,45.791],[-0.156,45.78],[-0.149,45.789],[-0.136,45.821],[-0.146,45.837],[-0.116,45.867],[-0.131,45.891],[-0.147,45.898],[-0.14,45.903],[-0.151,45.927],[-0.14,45.932],[-0.105,45.927],[-0.096,45.931],[-0.086,45.951],[-0.103,45.97],[-0.062,45.98],[-0.051,45.989],[-0.046,46.014],[-0.046,46.021],[-0.023,46.032],[-0.04,46.053],[0.019,46.053],[0.053,46.07],[0.073,46.094],[0.097,46.089],[0.093,46.103],[0.119,46.098],[0.136,46.104],[0.168,46.085],[0.178,46.083],[0.197,46.095],[0.227,46.09],[0.24,46.083],[0.291,46.06],[0.314,46.065],[0.345,46.064],[0.353,46.065],[0.403,46.063],[0.413,46.049],[0.444,46.051],[0.481,46.066],[0.474,46.085],[0.443,46.102],[0.451,46.108],[0.472,46.13],[0.509,46.132],[0.54,46.086],[0.574,46.078],[0.596,46.073],[0.609,46.09],[0.687,46.097]]]}},{"type":"Feature","properties":{"district":"Charente-Maritime","constituency_code":"FR2007-DPT-17","electorate_type":"Department"},"geometry":{"type":"MultiPolygon","coordinates":[[[[-1.179,46.012],[-1.174,46.024],[-1.162,46.024],[-1.155,46.019],[-1.174,46.018],[-1.179,46.012]]],[[[-1.103,46.095],[-1.124,46.114],[-1.149,46.133],[-1.163,46.156],[-1.221,46.148],[-1.231,46.166],[-1.201,46.191],[-1.195,46.206],[-1.199,46.205],[-1.202,46.202],[-1.199,46.213],[-1.171,46.224],[-1.146,46.241],[-1.107,46.262],[-1.126,46.308],[-1.105,46.315],[-1.073,46.327],[-1.054,46.35],[-1.013,46.356],[-0.975,46.351],[-0.965,46.365],[-0.964,46.365],[-0.927,46.371],[-0.934,46.36],[-0.963,46.322],[-0.912,46.313],[-0.887,46.327],[-0.863,46.319],[-0.826,46.337],[-0.803,46.325],[-0.776,46.319],[-0.75,46.304],[-0.745,46.28],[-0.736,46.267],[-0.752,46.245],[-0.703,46.225],[-0.687,46.214],[-0.695,46.196],[-0.655,46.17],[-0.635,46.166],[-0.628,46.144],[-0.583,46.14],[-0.533,46.14],[-0.516,46.112],[-0.44,46.095],[-0.421,46.113],[-0.422,46.094],[-0.401,46.084],[-0.374,46.094],[-0.363,46.076],[-0.327,46.081],[-0.293,46.087],[-0.273,46.057],[-0.233,46.048],[-0.233,46.048],[-0.229,46.048],[-0.191,46.044],[-0.189,46.026],[-0.163,46.019],[-0.159,46.005],[-0.145,46.005],[-0.132,45.988],[-0.136,45.979],[-0.103,45.97],[-0.086,45.951],[-0.096,45.931],[-0.105,45.927],[-0.14,45.932],[-0.151,45.927],[-0.14,45.903],[-0.147,45.898],[-0.131,45.891],[-0.116,45.867],[-0.146,45.837],[-0.136,45.821],[-0.149,45.789],[-0.156,45.78],[-0.183,45.791],[-0.221,45.775],[-0.221,45.776],[-0.231,45.787],[-0.241,45.795],[-0.248,45.805],[-0.274,45.806],[-0.299,45.802],[-0.312,45.786],[-0.32,45.785],[-0.339,45.787],[-0.366,45.78],[-0.37,45.781],[-0.402,45.786],[-0.403,45.771],[-0.449,45.766],[-0.463,45.752],[-0.46,45.739],[-0.416,45.742],[-0.421,45.71],[-0.423,45.686],[-0.411,45.683],[-0.383,45.656],[-0.409,45.656],[-0.432,45.625],[-0.406,45.619],[-0.387,45.627],[-0.381,45.619],[-0.359,45.598],[-0.341,45.587],[-0.328,45.585],[-0.32,45.58],[-0.297,45.565],[-0.321,45.542],[-0.322,45.535],[-0.32,45.535],[-0.284,45.519],[-0.266,45.525],[-0.268,45.509],[-0.24,45.494],[-0.242,45.49],[-0.281,45.474],[-0.286,45.457],[-0.254,45.443],[-0.254,45.44],[-0.234,45.41],[-0.301,45.389],[-0.31,45.387],[-0.304,45.372],[-0.279,45.355],[-0.246,45.348],[-0.278,45.348],[-0.283,45.339],[-0.282,45.338],[-0.291,45.327],[-0.283,45.308],[-0.258,45.299],[-0.229,45.322],[-0.178,45.308],[-0.151,45.302],[-0.148,45.299],[-0.145,45.288],[-0.109,45.29],[-0.112,45.255],[-0.115,45.248],[-0.1,45.247],[-0.05,45.249],[-0.045,45.248],[-0.033,45.234],[0.006,45.222],[-0.002,45.195],[0.004,45.192],[0.002,45.183],[-0.037,45.141],[-0.04,45.103],[-0.057,45.099],[-0.088,45.122],[-0.111,45.115],[-0.111,45.115],[-0.141,45.09],[-0.162,45.092],[-0.21,45.1],[-0.221,45.108],[-0.246,45.108],[-0.275,45.141],[-0.308,45.15],[-0.313,45.137],[-0.32,45.156],[-0.363,45.17],[-0.383,45.144],[-0.399,45.179],[-0.418,45.204],[-0.413,45.223],[-0.407,45.248],[-0.419,45.261],[-0.434,45.281],[-0.458,45.288],[-0.486,45.294],[-0.513,45.286],[-0.568,45.297],[-0.574,45.311],[-0.569,45.332],[-0.594,45.332],[-0.594,45.321],[-0.633,45.319],[-0.708,45.328],[-0.753,45.322],[-0.768,45.355],[-0.787,45.382],[-0.801,45.396],[-0.817,45.411],[-0.841,45.435],[-0.865,45.453],[-0.894,45.473],[-0.927,45.496],[-0.933,45.501],[-0.96,45.523],[-0.97,45.53],[-0.984,45.542],[-0.992,45.548],[-1.009,45.562],[-1.026,45.575],[-0.993,45.578],[-1.01,45.612],[-1.054,45.627],[-1.078,45.639],[-1.117,45.648],[-1.147,45.668],[-1.215,45.697],[-1.235,45.694],[-1.241,45.783],[-1.212,45.794],[-1.186,45.79],[-1.139,45.799],[-1.14,45.823],[-1.157,45.842],[-1.104,45.866],[-1.099,45.879],[-1.081,45.899],[-1.075,45.927],[-1.077,45.954],[-1.081,45.997],[-1.053,46.004],[-1.063,46.049],[-1.083,46.053],[-1.103,46.095]]],[[[-1.474,46.203],[-1.505,46.193],[-1.535,46.202],[-1.543,46.22],[-1.561,46.237],[-1.523,46.251],[-1.5,46.258],[-1.474,46.233],[-1.515,46.235],[-1.516,46.231],[-1.477,46.207],[-1.475,46.21],[-1.458,46.229],[-1.441,46.214],[-1.4,46.203],[-1.342,46.2],[-1.285,46.173],[-1.284,46.146],[-1.324,46.146],[-1.364,46.162],[-1.412,46.184],[-1.474,46.203]]],[[[-1.219,45.905],[-1.188,45.886],[-1.208,45.851],[-1.196,45.829],[-1.233,45.803],[-1.25,45.846],[-1.259,45.869],[-1.301,45.9],[-1.341,45.919],[-1.376,45.946],[-1.395,45.977],[-1.387,45.997],[-1.411,46.041],[-1.391,46.042],[-1.357,46.024],[-1.324,46.002],[-1.288,45.987],[-1.249,45.99],[-1.244,45.964],[-1.229,45.94],[-1.219,45.905]]]]}},{"type":"Feature","properties":{"district":"Cher","constituency_code":"FR2007-DPT-18","electorate_type":"Department"},"geometry":{"type":"Polygon","coordinates":[[[2.571,46.659],[2.567,46.652],[2.593,46.647],[2.589,46.617],[2.569,46.609],[2.594,46.597],[2.608,46.573],[2.61,46.55],[2.575,46.538],[2.537,46.52],[2.52,46.531],[2.483,46.533],[2.384,46.518],[2.368,46.518],[2.324,46.489],[2.33,46.482],[2.317,46.469],[2.305,46.475],[2.283,46.449],[2.281,46.42],[2.254,46.426],[2.198,46.428],[2.185,46.423],[2.168,46.424],[2.152,46.458],[2.2,46.481],[2.195,46.506],[2.183,46.513],[2.159,46.557],[2.175,46.564],[2.167,46.589],[2.181,46.6],[2.187,46.616],[2.189,46.642],[2.152,46.659],[2.136,46.674],[2.155,46.692],[2.118,46.71],[2.087,46.712],[2.091,46.728],[2.066,46.743],[2.115,46.774],[2.104,46.794],[2.072,46.809],[2.048,46.833],[2.073,46.838],[2.096,46.855],[2.083,46.869],[2.126,46.88],[2.155,46.912],[2.11,46.913],[2.071,46.934],[2.07,46.954],[2.081,46.956],[2.084,46.959],[2.095,46.981],[2.109,46.997],[2.097,47.012],[2.083,47.019],[2.053,47.038],[2.031,47.042],[2.039,47.058],[2.055,47.072],[2.053,47.102],[2.0,47.114],[1.996,47.127],[1.947,47.117],[1.938,47.111],[1.888,47.105],[1.883,47.101],[1.847,47.111],[1.809,47.122],[1.781,47.129],[1.774,47.131],[1.811,47.164],[1.814,47.167],[1.842,47.178],[1.839,47.22],[1.872,47.205],[1.908,47.221],[1.909,47.244],[1.895,47.255],[1.941,47.29],[1.976,47.276],[2.025,47.265],[2.078,47.286],[2.094,47.285],[2.114,47.279],[2.133,47.281],[2.157,47.3],[2.119,47.334],[2.097,47.367],[2.115,47.422],[2.137,47.406],[2.189,47.438],[2.205,47.405],[2.23,47.408],[2.244,47.415],[2.248,47.441],[2.237,47.471],[2.248,47.492],[2.235,47.497],[2.196,47.488],[2.215,47.522],[2.196,47.549],[2.131,47.551],[2.12,47.583],[2.151,47.601],[2.198,47.607],[2.239,47.621],[2.289,47.629],[2.307,47.618],[2.373,47.586],[2.438,47.61],[2.491,47.568],[2.547,47.575],[2.567,47.569],[2.607,47.549],[2.612,47.527],[2.656,47.51],[2.669,47.485],[2.687,47.483],[2.727,47.499],[2.727,47.536],[2.732,47.538],[2.767,47.525],[2.806,47.494],[2.874,47.52],[2.89,47.508],[2.892,47.499],[2.897,47.485],[2.919,47.461],[2.92,47.459],[2.932,47.434],[2.92,47.41],[2.89,47.366],[2.88,47.355],[2.874,47.329],[2.899,47.313],[2.913,47.308],[2.923,47.301],[2.974,47.27],[2.982,47.254],[2.978,47.236],[2.994,47.207],[2.998,47.201],[3.016,47.159],[3.019,47.156],[3.025,47.131],[3.028,47.128],[3.03,47.108],[3.03,47.107],[3.023,47.08],[3.022,47.064],[3.054,47.048],[3.064,47.046],[3.075,47.03],[3.074,47.012],[3.065,46.997],[3.079,46.96],[3.066,46.938],[3.065,46.936],[3.05,46.906],[3.061,46.897],[3.063,46.89],[3.069,46.853],[3.055,46.839],[3.058,46.832],[3.039,46.81],[3.032,46.795],[2.96,46.804],[2.94,46.793],[2.899,46.776],[2.845,46.742],[2.845,46.727],[2.828,46.735],[2.795,46.734],[2.775,46.719],[2.759,46.718],[2.735,46.746],[2.705,46.739],[2.678,46.705],[2.648,46.689],[2.628,46.69],[2.624,46.657],[2.571,46.659]]]}},{"type":"Feature","properties":{"district":"Corrèze","constituency_code":"FR2007-DPT-19","electorate_type":"Department"},"geometry":{"type":"Polygon","coordinates":[[[1.908,44.978],[1.887,44.956],[1.851,44.946],[1.843,44.937],[1.83,44.934],[1.801,44.92],[1.8,44.92],[1.786,44.937],[1.775,44.924],[1.774,44.925],[1.754,44.941],[1.741,44.961],[1.713,44.968],[1.711,44.967],[1.709,44.97],[1.703,44.987],[1.692,44.993],[1.684,45.003],[1.671,45.004],[1.652,45.025],[1.632,45.032],[1.609,45.029],[1.608,45.034],[1.576,45.041],[1.552,45.028],[1.527,45.044],[1.48,45.027],[1.477,45.027],[1.448,45.019],[1.435,45.03],[1.4,45.061],[1.401,45.076],[1.393,45.097],[1.379,45.106],[1.413,45.125],[1.402,45.129],[1.398,45.13],[1.352,45.134],[1.352,45.141],[1.301,45.137],[1.254,45.159],[1.281,45.174],[1.29,45.189],[1.272,45.202],[1.232,45.198],[1.231,45.215],[1.233,45.222],[1.278,45.242],[1.276,45.256],[1.239,45.261],[1.226,45.272],[1.242,45.301],[1.238,45.302],[1.236,45.322],[1.26,45.32],[1.282,45.342],[1.308,45.358],[1.323,45.383],[1.274,45.393],[1.289,45.417],[1.272,45.437],[1.253,45.444],[1.269,45.476],[1.279,45.477],[1.285,45.49],[1.35,45.467],[1.366,45.488],[1.389,45.496],[1.391,45.507],[1.42,45.531],[1.439,45.52],[1.48,45.566],[1.492,45.561],[1.492,45.549],[1.547,45.554],[1.585,45.556],[1.593,45.575],[1.622,45.577],[1.649,45.591],[1.665,45.612],[1.696,45.634],[1.729,45.639],[1.754,45.655],[1.764,45.655],[1.786,45.683],[1.823,45.672],[1.826,45.665],[1.875,45.665],[1.899,45.698],[1.932,45.706],[1.957,45.725],[1.983,45.72],[2.001,45.749],[2.047,45.764],[2.084,45.736],[2.085,45.728],[2.133,45.736],[2.157,45.722],[2.161,45.736],[2.213,45.713],[2.238,45.693],[2.271,45.692],[2.268,45.664],[2.298,45.672],[2.341,45.683],[2.347,45.7],[2.349,45.71],[2.368,45.713],[2.374,45.713],[2.436,45.699],[2.467,45.719],[2.492,45.738],[2.524,45.711],[2.527,45.695],[2.529,45.682],[2.515,45.672],[2.519,45.647],[2.514,45.639],[2.482,45.635],[2.478,45.608],[2.466,45.601],[2.497,45.557],[2.516,45.554],[2.518,45.543],[2.508,45.501],[2.514,45.493],[2.508,45.478],[2.504,45.462],[2.497,45.447],[2.488,45.418],[2.522,45.403],[2.523,45.381],[2.48,45.37],[2.442,45.385],[2.438,45.388],[2.423,45.397],[2.381,45.414],[2.362,45.415],[2.355,45.415],[2.364,45.38],[2.364,45.375],[2.359,45.339],[2.34,45.326],[2.306,45.31],[2.276,45.289],[2.269,45.29],[2.262,45.284],[2.203,45.223],[2.191,45.223],[2.202,45.18],[2.233,45.167],[2.23,45.162],[2.209,45.144],[2.179,45.136],[2.187,45.114],[2.173,45.081],[2.138,45.081],[2.102,45.062],[2.1,45.062],[2.095,45.056],[2.117,45.021],[2.141,45.005],[2.133,44.986],[2.09,44.985],[2.063,44.977],[2.045,44.984],[1.986,44.975],[1.951,44.953],[1.94,44.972],[1.926,44.978],[1.908,44.978]]]}},{"type":"Feature","properties":{"district":"Côte-d'Or","constituency_code":"FR2007-DPT-21","electorate_type":"Department"},"geometry":{"type":"MultiPolygon","coordinates":[[[[4.284,47.683],[4.262,47.694],[4.24,47.718],[4.261,47.742],[4.293,47.733],[4.309,47.753],[4.335,47.774],[4.327,47.786],[4.34,47.8],[4.32,47.812],[4.325,47.847],[4.295,47.847],[4.265,47.848],[4.26,47.876],[4.274,47.897],[4.3,47.901],[4.313,47.905],[4.293,47.926],[4.299,47.949],[4.306,47.954],[4.313,47.963],[4.361,47.957],[4.417,47.969],[4.438,47.96],[4.447,47.956],[4.493,47.968],[4.553,47.968],[4.56,47.972],[4.536,48.007],[4.555,48.012],[4.578,48.029],[4.617,48.031],[4.622,48.024],[4.673,48.015],[4.704,48.02],[4.72,48.009],[4.789,48.008],[4.786,47.972],[4.802,47.963],[4.856,47.953],[4.865,47.942],[4.829,47.912],[4.857,47.896],[4.877,47.92],[4.906,47.916],[4.919,47.894],[4.927,47.872],[4.954,47.867],[4.973,47.831],[4.984,47.824],[4.985,47.825],[4.994,47.82],[4.982,47.8],[4.955,47.79],[4.943,47.786],[4.918,47.777],[4.917,47.767],[4.94,47.762],[4.959,47.762],[4.96,47.733],[4.972,47.731],[4.957,47.709],[4.969,47.687],[5.004,47.7],[5.029,47.71],[5.033,47.692],[5.062,47.667],[5.117,47.652],[5.117,47.649],[5.16,47.678],[5.178,47.681],[5.173,47.653],[5.188,47.65],[5.189,47.65],[5.211,47.642],[5.237,47.617],[5.243,47.618],[5.259,47.622],[5.238,47.597],[5.256,47.577],[5.278,47.582],[5.306,47.607],[5.339,47.61],[5.356,47.592],[5.374,47.604],[5.389,47.595],[5.4,47.597],[5.426,47.632],[5.471,47.608],[5.491,47.563],[5.497,47.547],[5.486,47.527],[5.472,47.527],[5.454,47.507],[5.448,47.496],[5.436,47.49],[5.399,47.499],[5.391,47.489],[5.387,47.481],[5.408,47.477],[5.38,47.466],[5.38,47.451],[5.414,47.46],[5.436,47.45],[5.438,47.444],[5.43,47.421],[5.444,47.407],[5.433,47.393],[5.452,47.384],[5.498,47.389],[5.492,47.373],[5.489,47.356],[5.49,47.354],[5.495,47.339],[5.474,47.324],[5.509,47.308],[5.518,47.304],[5.505,47.284],[5.489,47.285],[5.488,47.28],[5.483,47.26],[5.485,47.238],[5.48,47.237],[5.474,47.213],[5.449,47.203],[5.453,47.194],[5.452,47.166],[5.449,47.16],[5.438,47.152],[5.429,47.137],[5.414,47.133],[5.412,47.12],[5.401,47.108],[5.391,47.09],[5.378,47.08],[5.363,47.078],[5.359,47.081],[5.346,47.077],[5.332,47.077],[5.302,47.061],[5.299,47.059],[5.275,47.027],[5.318,47.013],[5.279,46.999],[5.272,46.99],[5.255,46.98],[5.222,46.989],[5.212,46.98],[5.202,46.983],[5.182,46.975],[5.151,46.966],[5.12,46.963],[5.103,46.949],[5.098,46.945],[5.066,46.967],[5.057,46.975],[5.049,46.982],[5.003,46.972],[5.005,46.959],[5.004,46.958],[4.955,46.963],[4.952,46.965],[4.915,46.968],[4.891,46.958],[4.871,46.948],[4.816,46.936],[4.809,46.931],[4.789,46.932],[4.78,46.919],[4.77,46.918],[4.744,46.925],[4.728,46.919],[4.719,46.92],[4.713,46.906],[4.685,46.901],[4.666,46.912],[4.679,46.927],[4.652,46.939],[4.65,46.941],[4.615,46.942],[4.596,46.952],[4.574,46.973],[4.568,46.982],[4.565,46.992],[4.555,47.02],[4.505,47.016],[4.499,47.026],[4.471,47.031],[4.406,47.05],[4.416,47.077],[4.399,47.082],[4.344,47.073],[4.349,47.096],[4.302,47.107],[4.299,47.112],[4.26,47.114],[4.252,47.132],[4.242,47.148],[4.21,47.155],[4.209,47.168],[4.229,47.204],[4.222,47.22],[4.187,47.245],[4.167,47.25],[4.135,47.237],[4.115,47.293],[4.133,47.307],[4.13,47.321],[4.125,47.336],[4.143,47.354],[4.106,47.339],[4.107,47.377],[4.065,47.407],[4.084,47.42],[4.084,47.434],[4.099,47.43],[4.119,47.444],[4.121,47.478],[4.118,47.479],[4.116,47.498],[4.112,47.504],[4.142,47.526],[4.151,47.533],[4.146,47.54],[4.165,47.554],[4.187,47.57],[4.186,47.581],[4.216,47.601],[4.215,47.631],[4.227,47.641],[4.25,47.661],[4.227,47.679],[4.284,47.683]]],[[[4.168,47.117],[4.116,47.123],[4.115,47.146],[4.182,47.151],[4.185,47.13],[4.168,47.117]]]]}},{"type":"Feature","properties":{"district":"Côtes-d'Armor","constituency_code":"FR2007-DPT-22","electorate_type":"Department"},"geometry":{"type":"MultiPolygon","coordinates":[[[[-3.014,48.85],[-2.995,48.86],[-2.999,48.838],[-3.014,48.85]]],[[[-3.518,48.319],[-3.552,48.316],[-3.563,48.347],[-3.556,48.379],[-3.608,48.389],[-3.603,48.4],[-3.6,48.402],[-3.601,48.422],[-3.551,48.448],[-3.579,48.463],[-3.6,48.471],[-3.598,48.499],[-3.54,48.538],[-3.57,48.555],[-3.599,48.558],[-3.594,48.586],[-3.637,48.594],[-3.641,48.596],[-3.654,48.618],[-3.664,48.654],[-3.662,48.656],[-3.616,48.684],[-3.58,48.671],[-3.573,48.675],[-3.572,48.688],[-3.581,48.722],[-3.555,48.728],[-3.535,48.728],[-3.498,48.736],[-3.548,48.733],[-3.549,48.746],[-3.585,48.769],[-3.554,48.791],[-3.535,48.802],[-3.534,48.824],[-3.49,48.826],[-3.438,48.811],[-3.441,48.798],[-3.389,48.803],[-3.366,48.819],[-3.335,48.828],[-3.322,48.838],[-3.27,48.834],[-3.234,48.867],[-3.21,48.848],[-3.219,48.832],[-3.203,48.819],[-3.197,48.818],[-3.174,48.842],[-3.112,48.867],[-3.094,48.859],[-3.1,48.831],[-3.088,48.812],[-3.116,48.776],[-3.122,48.756],[-3.103,48.766],[-3.086,48.81],[-3.074,48.82],[-3.014,48.822],[-3.005,48.8],[-3.045,48.788],[-3.017,48.768],[-2.991,48.763],[-2.951,48.763],[-2.931,48.753],[-2.948,48.727],[-2.927,48.709],[-2.891,48.699],[-2.881,48.674],[-2.85,48.667],[-2.826,48.644],[-2.808,48.592],[-2.772,48.57],[-2.713,48.554],[-2.738,48.527],[-2.714,48.52],[-2.681,48.49],[-2.675,48.491],[-2.682,48.532],[-2.62,48.518],[-2.634,48.531],[-2.575,48.576],[-2.551,48.596],[-2.499,48.607],[-2.473,48.622],[-2.468,48.65],[-2.422,48.648],[-2.418,48.632],[-2.41,48.637],[-2.386,48.653],[-2.35,48.661],[-2.328,48.673],[-2.295,48.66],[-2.325,48.628],[-2.338,48.62],[-2.321,48.613],[-2.286,48.627],[-2.261,48.644],[-2.214,48.593],[-2.226,48.57],[-2.226,48.538],[-2.216,48.541],[-2.206,48.576],[-2.186,48.582],[-2.153,48.586],[-2.124,48.605],[-2.126,48.598],[-2.125,48.593],[-2.081,48.568],[-2.053,48.552],[-2.039,48.542],[-2.019,48.559],[-2.007,48.566],[-1.996,48.551],[-1.985,48.526],[-1.99,48.499],[-2.002,48.491],[-1.98,48.499],[-1.946,48.54],[-1.932,48.551],[-1.911,48.517],[-1.923,48.505],[-1.909,48.482],[-1.927,48.477],[-1.938,48.448],[-1.949,48.446],[-1.941,48.411],[-1.93,48.394],[-1.94,48.386],[-1.932,48.355],[-1.967,48.343],[-1.955,48.319],[-1.958,48.293],[-1.993,48.299],[-2.014,48.28],[-2.053,48.298],[-2.11,48.275],[-2.107,48.252],[-2.153,48.262],[-2.178,48.251],[-2.184,48.215],[-2.228,48.211],[-2.225,48.171],[-2.283,48.146],[-2.288,48.134],[-2.358,48.111],[-2.362,48.114],[-2.375,48.131],[-2.376,48.141],[-2.406,48.168],[-2.447,48.173],[-2.534,48.157],[-2.517,48.142],[-2.521,48.122],[-2.554,48.095],[-2.548,48.076],[-2.578,48.072],[-2.628,48.034],[-2.656,48.033],[-2.659,48.045],[-2.673,48.064],[-2.65,48.097],[-2.651,48.111],[-2.653,48.12],[-2.676,48.132],[-2.704,48.112],[-2.751,48.117],[-2.775,48.087],[-2.783,48.112],[-2.785,48.123],[-2.81,48.147],[-2.85,48.141],[-2.878,48.151],[-2.892,48.165],[-2.963,48.169],[-2.979,48.161],[-3.0,48.161],[-3.016,48.198],[-3.077,48.21],[-3.095,48.203],[-3.117,48.206],[-3.13,48.177],[-3.155,48.158],[-3.178,48.161],[-3.211,48.142],[-3.253,48.149],[-3.271,48.141],[-3.291,48.153],[-3.318,48.149],[-3.337,48.172],[-3.418,48.146],[-3.436,48.155],[-3.428,48.178],[-3.445,48.187],[-3.48,48.186],[-3.497,48.183],[-3.552,48.18],[-3.565,48.186],[-3.566,48.19],[-3.521,48.198],[-3.558,48.229],[-3.541,48.253],[-3.523,48.256],[-3.518,48.282],[-3.552,48.3],[-3.518,48.319]]]]}},{"type":"Feature","properties":{"district":"Creuse","constituency_code":"FR2007-DPT-23","electorate_type":"Department"},"geometry":{"type":"Polygon","coordinates":[[[1.537,46.053],[1.526,46.089],[1.513,46.094],[1.501,46.096],[1.488,46.105],[1.504,46.131],[1.452,46.153],[1.452,46.181],[1.407,46.183],[1.375,46.218],[1.394,46.239],[1.418,46.242],[1.404,46.26],[1.437,46.273],[1.425,46.298],[1.442,46.302],[1.446,46.331],[1.41,46.342],[1.416,46.347],[1.497,46.395],[1.5,46.406],[1.525,46.427],[1.574,46.407],[1.609,46.423],[1.625,46.39],[1.655,46.395],[1.684,46.418],[1.726,46.391],[1.751,46.406],[1.753,46.446],[1.748,46.45],[1.798,46.455],[1.819,46.432],[1.884,46.433],[1.9,46.439],[1.9,46.439],[1.926,46.432],[1.979,46.442],[1.991,46.435],[1.993,46.431],[2.029,46.425],[2.064,46.422],[2.089,46.41],[2.14,46.421],[2.168,46.424],[2.185,46.423],[2.198,46.428],[2.254,46.426],[2.281,46.42],[2.282,46.411],[2.285,46.386],[2.336,46.369],[2.302,46.342],[2.371,46.313],[2.386,46.332],[2.388,46.332],[2.42,46.31],[2.426,46.285],[2.443,46.295],[2.479,46.276],[2.489,46.25],[2.516,46.24],[2.515,46.239],[2.522,46.203],[2.528,46.185],[2.559,46.174],[2.566,46.143],[2.559,46.139],[2.551,46.119],[2.551,46.1],[2.552,46.093],[2.573,46.047],[2.603,46.033],[2.598,46.015],[2.597,45.987],[2.607,45.967],[2.57,45.959],[2.551,45.941],[2.558,45.913],[2.553,45.912],[2.51,45.885],[2.492,45.864],[2.465,45.871],[2.443,45.866],[2.448,45.846],[2.433,45.839],[2.388,45.828],[2.431,45.788],[2.434,45.77],[2.455,45.761],[2.492,45.738],[2.467,45.719],[2.436,45.699],[2.374,45.713],[2.368,45.713],[2.349,45.71],[2.347,45.7],[2.341,45.683],[2.298,45.672],[2.268,45.664],[2.271,45.692],[2.238,45.693],[2.213,45.713],[2.161,45.736],[2.157,45.722],[2.133,45.736],[2.085,45.728],[2.084,45.736],[2.047,45.764],[2.001,45.749],[1.983,45.72],[1.957,45.725],[1.932,45.706],[1.899,45.698],[1.881,45.709],[1.892,45.719],[1.874,45.732],[1.886,45.745],[1.874,45.756],[1.902,45.77],[1.881,45.798],[1.856,45.807],[1.834,45.826],[1.829,45.81],[1.776,45.833],[1.771,45.869],[1.756,45.856],[1.74,45.851],[1.66,45.834],[1.653,45.846],[1.628,45.848],[1.602,45.857],[1.591,45.883],[1.642,45.893],[1.642,45.896],[1.637,45.926],[1.605,45.933],[1.547,45.917],[1.509,45.94],[1.519,45.951],[1.564,45.963],[1.574,45.976],[1.574,45.986],[1.564,45.997],[1.538,45.997],[1.535,46.051],[1.537,46.053]]]}},{"type":"Feature","properties":{"district":"Dordogne","constituency_code":"FR2007-DPT-24","electorate_type":"Department"},"geometry":{"type":"Polygon","coordinates":[[[0.751,45.617],[0.779,45.591],[0.802,45.596],[0.811,45.576],[0.849,45.593],[0.86,45.613],[0.869,45.624],[0.894,45.601],[0.934,45.612],[0.976,45.605],[0.989,45.608],[1.023,45.61],[1.038,45.57],[1.061,45.554],[1.062,45.555],[1.085,45.531],[1.107,45.545],[1.132,45.541],[1.168,45.525],[1.119,45.488],[1.13,45.473],[1.162,45.478],[1.185,45.455],[1.208,45.463],[1.253,45.444],[1.272,45.437],[1.289,45.417],[1.274,45.393],[1.323,45.383],[1.308,45.358],[1.282,45.342],[1.26,45.32],[1.236,45.322],[1.238,45.302],[1.242,45.301],[1.226,45.272],[1.239,45.261],[1.276,45.256],[1.278,45.242],[1.233,45.222],[1.231,45.215],[1.232,45.198],[1.272,45.202],[1.29,45.189],[1.281,45.174],[1.254,45.159],[1.301,45.137],[1.352,45.141],[1.352,45.134],[1.398,45.13],[1.402,45.129],[1.413,45.125],[1.379,45.106],[1.393,45.097],[1.401,45.076],[1.4,45.061],[1.435,45.03],[1.448,45.019],[1.409,45.007],[1.433,44.946],[1.433,44.937],[1.411,44.909],[1.44,44.889],[1.442,44.878],[1.412,44.873],[1.409,44.865],[1.403,44.851],[1.403,44.849],[1.365,44.845],[1.364,44.812],[1.356,44.81],[1.325,44.806],[1.293,44.79],[1.308,44.771],[1.316,44.74],[1.3,44.744],[1.287,44.715],[1.27,44.722],[1.225,44.686],[1.225,44.684],[1.181,44.683],[1.147,44.671],[1.147,44.653],[1.151,44.633],[1.127,44.617],[1.107,44.604],[1.103,44.581],[1.103,44.572],[1.075,44.577],[1.073,44.596],[1.034,44.609],[1.012,44.616],[0.996,44.633],[0.944,44.64],[0.916,44.625],[0.908,44.622],[0.877,44.616],[0.87,44.597],[0.858,44.598],[0.829,44.613],[0.817,44.627],[0.835,44.653],[0.852,44.669],[0.826,44.676],[0.832,44.684],[0.797,44.702],[0.787,44.685],[0.763,44.69],[0.729,44.676],[0.696,44.677],[0.685,44.676],[0.657,44.678],[0.656,44.69],[0.63,44.707],[0.62,44.691],[0.591,44.697],[0.567,44.671],[0.534,44.674],[0.522,44.679],[0.496,44.67],[0.471,44.67],[0.452,44.656],[0.417,44.645],[0.417,44.645],[0.369,44.661],[0.355,44.655],[0.349,44.661],[0.359,44.691],[0.344,44.709],[0.345,44.723],[0.307,44.758],[0.297,44.762],[0.274,44.784],[0.274,44.796],[0.266,44.813],[0.264,44.826],[0.301,44.829],[0.315,44.845],[0.288,44.863],[0.244,44.86],[0.242,44.857],[0.222,44.845],[0.21,44.842],[0.193,44.821],[0.184,44.824],[0.182,44.825],[0.126,44.828],[0.114,44.82],[0.114,44.819],[0.096,44.833],[0.076,44.819],[0.051,44.824],[0.047,44.825],[0.009,44.846],[-0.034,44.852],[-0.005,44.869],[0.001,44.876],[0.001,44.876],[0.016,44.895],[0.017,44.896],[0.022,44.925],[0.018,44.928],[0.009,44.963],[0.018,44.981],[0.04,44.994],[0.039,45.024],[0.041,45.022],[0.073,45.07],[0.072,45.075],[0.071,45.076],[0.045,45.115],[0.007,45.118],[-0.04,45.103],[-0.037,45.141],[0.002,45.183],[0.004,45.192],[0.011,45.203],[0.056,45.227],[0.092,45.228],[0.114,45.215],[0.115,45.214],[0.145,45.215],[0.17,45.236],[0.172,45.252],[0.175,45.261],[0.204,45.264],[0.21,45.274],[0.221,45.29],[0.247,45.29],[0.252,45.29],[0.267,45.298],[0.265,45.335],[0.265,45.335],[0.257,45.353],[0.25,45.364],[0.263,45.397],[0.267,45.408],[0.271,45.419],[0.304,45.432],[0.302,45.459],[0.335,45.46],[0.379,45.484],[0.423,45.484],[0.432,45.486],[0.449,45.524],[0.466,45.54],[0.474,45.539],[0.506,45.555],[0.499,45.565],[0.516,45.588],[0.501,45.615],[0.5,45.62],[0.535,45.643],[0.538,45.629],[0.562,45.633],[0.563,45.634],[0.575,45.641],[0.567,45.653],[0.6,45.672],[0.605,45.694],[0.629,45.715],[0.654,45.689],[0.681,45.688],[0.721,45.696],[0.743,45.69],[0.774,45.668],[0.776,45.668],[0.763,45.629],[0.751,45.617]]]}},{"type":"Feature","properties":{"district":"Doubs","constituency_code":"FR2007-DPT-25","electorate_type":"Department"},"geometry":{"type":"Polygon","coordinates":[[[6.428,47.517],[6.461,47.512],[6.472,47.487],[6.501,47.51],[6.522,47.497],[6.533,47.506],[6.554,47.49],[6.574,47.496],[6.584,47.51],[6.581,47.529],[6.581,47.544],[6.606,47.537],[6.618,47.531],[6.648,47.536],[6.654,47.542],[6.659,47.547],[6.67,47.558],[6.654,47.571],[6.66,47.58],[6.689,47.571],[6.685,47.563],[6.719,47.553],[6.723,47.56],[6.726,47.56],[6.749,47.549],[6.758,47.542],[6.77,47.538],[6.781,47.537],[6.801,47.562],[6.807,47.563],[6.817,47.548],[6.831,47.546],[6.856,47.548],[6.86,47.548],[6.883,47.556],[6.89,47.55],[6.907,47.542],[6.907,47.527],[6.925,47.52],[6.935,47.518],[6.938,47.517],[6.945,47.513],[6.949,47.486],[6.943,47.485],[6.923,47.5],[6.907,47.495],[6.916,47.478],[6.907,47.473],[6.933,47.456],[6.935,47.447],[6.94,47.433],[6.938,47.406],[6.917,47.405],[6.91,47.396],[6.895,47.382],[6.88,47.353],[6.901,47.359],[6.936,47.358],[6.989,47.364],[7.012,47.373],[7.05,47.361],[7.053,47.337],[7.01,47.325],[6.996,47.296],[6.948,47.291],[6.945,47.289],[6.956,47.243],[6.893,47.208],[6.861,47.18],[6.858,47.164],[6.826,47.144],[6.817,47.138],[6.744,47.11],[6.745,47.093],[6.715,47.088],[6.7,47.07],[6.712,47.048],[6.678,47.035],[6.634,46.998],[6.596,46.992],[6.584,46.988],[6.505,46.966],[6.496,46.974],[6.473,46.957],[6.445,46.933],[6.448,46.911],[6.465,46.89],[6.461,46.862],[6.431,46.812],[6.442,46.798],[6.458,46.789],[6.438,46.762],[6.395,46.748],[6.36,46.723],[6.357,46.72],[6.298,46.695],[6.271,46.683],[6.257,46.67],[6.213,46.641],[6.175,46.614],[6.11,46.576],[6.138,46.558],[6.131,46.554],[6.087,46.583],[6.048,46.608],[6.054,46.613],[6.059,46.625],[6.082,46.637],[6.106,46.651],[6.07,46.69],[6.086,46.696],[6.104,46.704],[6.113,46.708],[6.131,46.719],[6.131,46.72],[6.137,46.724],[6.155,46.732],[6.164,46.734],[6.18,46.742],[6.203,46.773],[6.196,46.78],[6.149,46.816],[6.152,46.82],[6.106,46.846],[6.103,46.845],[6.093,46.843],[6.072,46.857],[6.047,46.846],[6.025,46.856],[6.028,46.86],[6.032,46.871],[6.006,46.873],[6.009,46.896],[5.984,46.921],[5.997,46.934],[5.966,46.948],[5.956,46.949],[5.98,46.964],[5.975,46.973],[5.969,46.976],[5.969,46.977],[5.954,46.981],[5.944,46.98],[5.944,46.98],[5.945,46.989],[5.915,46.987],[5.922,47.014],[5.917,47.014],[5.885,46.998],[5.882,47.005],[5.847,47.003],[5.841,47.009],[5.84,47.015],[5.816,47.023],[5.81,47.047],[5.801,47.045],[5.792,47.023],[5.764,47.013],[5.75,47.017],[5.753,47.04],[5.785,47.055],[5.779,47.074],[5.79,47.102],[5.806,47.116],[5.828,47.141],[5.813,47.15],[5.812,47.169],[5.785,47.171],[5.785,47.189],[5.761,47.194],[5.757,47.197],[5.738,47.201],[5.727,47.218],[5.721,47.223],[5.714,47.236],[5.718,47.238],[5.699,47.265],[5.711,47.27],[5.735,47.263],[5.754,47.273],[5.757,47.276],[5.775,47.28],[5.795,47.29],[5.815,47.295],[5.831,47.299],[5.845,47.301],[5.853,47.311],[5.883,47.322],[5.883,47.322],[5.902,47.315],[5.897,47.329],[5.926,47.327],[5.927,47.345],[5.942,47.344],[5.964,47.337],[5.989,47.328],[5.997,47.34],[6.01,47.333],[6.024,47.332],[6.03,47.337],[6.051,47.349],[6.052,47.352],[6.055,47.351],[6.057,47.35],[6.082,47.361],[6.082,47.371],[6.103,47.361],[6.103,47.361],[6.12,47.369],[6.107,47.377],[6.112,47.379],[6.116,47.393],[6.152,47.386],[6.156,47.39],[6.173,47.398],[6.189,47.406],[6.178,47.407],[6.17,47.412],[6.186,47.414],[6.194,47.418],[6.207,47.431],[6.208,47.429],[6.212,47.426],[6.233,47.414],[6.242,47.411],[6.235,47.431],[6.251,47.425],[6.262,47.437],[6.263,47.445],[6.28,47.444],[6.289,47.448],[6.282,47.452],[6.294,47.466],[6.299,47.483],[6.303,47.492],[6.312,47.488],[6.32,47.488],[6.331,47.503],[6.348,47.506],[6.368,47.514],[6.379,47.512],[6.39,47.506],[6.415,47.52],[6.417,47.521],[6.428,47.517]]]}},{"type":"Feature","properties":{"district":"Drôme","constituency_code":"FR2007-DPT-26","electorate_type":"Department"},"geometry":{"type":"Polygon","coordinates":[[[4.706,44.576],[4.733,44.586],[4.741,44.589],[4.741,44.603],[4.752,44.619],[4.758,44.631],[4.779,44.655],[4.779,44.679],[4.782,44.679],[4.764,44.729],[4.764,44.732],[4.761,44.771],[4.762,44.774],[4.766,44.778],[4.801,44.806],[4.808,44.815],[4.821,44.83],[4.838,44.842],[4.849,44.864],[4.857,44.869],[4.854,44.897],[4.871,44.916],[4.886,44.936],[4.881,44.945],[4.875,44.956],[4.853,44.978],[4.853,44.98],[4.843,45.002],[4.844,45.023],[4.842,45.038],[4.854,45.046],[4.861,45.055],[4.829,45.073],[4.828,45.079],[4.83,45.084],[4.83,45.098],[4.825,45.104],[4.815,45.111],[4.804,45.129],[4.804,45.131],[4.829,45.154],[4.829,45.157],[4.824,45.161],[4.81,45.175],[4.806,45.192],[4.813,45.205],[4.804,45.225],[4.809,45.259],[4.811,45.267],[4.81,45.27],[4.81,45.288],[4.8,45.298],[4.81,45.301],[4.859,45.309],[4.859,45.298],[4.904,45.31],[4.928,45.323],[4.948,45.329],[4.978,45.338],[5.009,45.342],[5.021,45.319],[5.033,45.318],[5.059,45.314],[5.068,45.296],[5.074,45.283],[5.075,45.282],[5.136,45.298],[5.139,45.297],[5.122,45.245],[5.153,45.256],[5.177,45.249],[5.202,45.217],[5.179,45.217],[5.17,45.195],[5.19,45.164],[5.188,45.128],[5.187,45.12],[5.163,45.099],[5.134,45.075],[5.163,45.066],[5.183,45.085],[5.214,45.083],[5.224,45.08],[5.228,45.077],[5.245,45.067],[5.267,45.056],[5.275,45.057],[5.292,45.064],[5.306,45.056],[5.32,45.052],[5.333,45.06],[5.352,45.047],[5.353,45.047],[5.397,45.038],[5.448,45.072],[5.457,45.082],[5.494,45.072],[5.475,45.07],[5.465,45.044],[5.484,45.023],[5.488,44.99],[5.478,44.967],[5.484,44.923],[5.476,44.867],[5.464,44.826],[5.485,44.823],[5.482,44.786],[5.482,44.786],[5.532,44.775],[5.561,44.789],[5.582,44.778],[5.584,44.765],[5.622,44.754],[5.626,44.753],[5.629,44.745],[5.644,44.732],[5.647,44.724],[5.704,44.729],[5.756,44.696],[5.801,44.707],[5.827,44.686],[5.799,44.674],[5.79,44.654],[5.764,44.656],[5.739,44.641],[5.652,44.655],[5.642,44.651],[5.649,44.619],[5.627,44.595],[5.626,44.587],[5.607,44.568],[5.607,44.567],[5.597,44.543],[5.615,44.533],[5.647,44.52],[5.665,44.502],[5.626,44.498],[5.604,44.465],[5.564,44.476],[5.511,44.492],[5.471,44.5],[5.459,44.489],[5.464,44.452],[5.494,44.428],[5.486,44.429],[5.439,44.434],[5.418,44.425],[5.443,44.392],[5.435,44.369],[5.444,44.368],[5.462,44.367],[5.469,44.352],[5.493,44.337],[5.522,44.351],[5.537,44.334],[5.571,44.333],[5.585,44.332],[5.588,44.332],[5.624,44.335],[5.608,44.306],[5.634,44.301],[5.633,44.291],[5.647,44.267],[5.676,44.276],[5.687,44.267],[5.673,44.246],[5.681,44.231],[5.676,44.192],[5.652,44.19],[5.643,44.171],[5.683,44.164],[5.679,44.146],[5.645,44.149],[5.631,44.15],[5.64,44.168],[5.609,44.191],[5.602,44.192],[5.576,44.188],[5.565,44.171],[5.551,44.15],[5.543,44.134],[5.499,44.116],[5.455,44.119],[5.448,44.137],[5.436,44.153],[5.383,44.155],[5.383,44.199],[5.385,44.201],[5.377,44.205],[5.303,44.206],[5.281,44.22],[5.257,44.23],[5.248,44.231],[5.241,44.231],[5.238,44.213],[5.207,44.214],[5.168,44.225],[5.152,44.238],[5.162,44.246],[5.148,44.27],[5.17,44.299],[5.169,44.314],[5.166,44.315],[5.108,44.281],[5.087,44.284],[5.077,44.284],[5.061,44.308],[5.029,44.298],[5.017,44.293],[4.989,44.286],[4.971,44.28],[4.933,44.262],[4.901,44.264],[4.88,44.262],[4.857,44.246],[4.826,44.229],[4.812,44.242],[4.804,44.269],[4.803,44.278],[4.805,44.304],[4.763,44.326],[4.722,44.327],[4.713,44.321],[4.651,44.33],[4.65,44.334],[4.65,44.376],[4.664,44.399],[4.663,44.407],[4.678,44.438],[4.7,44.47],[4.688,44.496],[4.703,44.525],[4.703,44.536],[4.696,44.563],[4.706,44.576]],[[4.869,44.345],[4.895,44.338],[4.882,44.325],[4.889,44.304],[4.922,44.309],[4.987,44.293],[4.991,44.312],[5.014,44.326],[5.009,44.334],[5.027,44.363],[5.07,44.376],[5.071,44.383],[5.015,44.395],[5.018,44.407],[5.019,44.416],[4.989,44.423],[4.959,44.42],[4.952,44.42],[4.918,44.408],[4.907,44.375],[4.893,44.365],[4.869,44.345]]]}},{"type":"Feature","properties":{"district":"Eure","constituency_code":"FR2007-DPT-27","electorate_type":"Department"},"geometry":{"type":"Polygon","coordinates":[[[1.114,48.746],[1.088,48.757],[1.063,48.759],[1.037,48.73],[1.022,48.735],[0.985,48.726],[0.978,48.731],[0.921,48.709],[0.877,48.716],[0.85,48.683],[0.827,48.681],[0.815,48.67],[0.779,48.667],[0.764,48.676],[0.768,48.693],[0.767,48.696],[0.729,48.707],[0.744,48.717],[0.775,48.737],[0.757,48.767],[0.756,48.77],[0.713,48.789],[0.704,48.792],[0.66,48.812],[0.647,48.815],[0.628,48.825],[0.608,48.833],[0.634,48.856],[0.618,48.852],[0.595,48.889],[0.578,48.894],[0.554,48.877],[0.495,48.879],[0.459,48.888],[0.45,48.891],[0.386,48.91],[0.395,48.929],[0.413,48.95],[0.432,48.972],[0.427,48.986],[0.434,49.003],[0.446,49.019],[0.41,49.033],[0.371,49.05],[0.367,49.052],[0.379,49.067],[0.418,49.073],[0.416,49.087],[0.41,49.098],[0.4,49.101],[0.409,49.121],[0.41,49.122],[0.408,49.128],[0.433,49.142],[0.427,49.147],[0.407,49.149],[0.388,49.153],[0.386,49.155],[0.392,49.179],[0.388,49.19],[0.389,49.212],[0.383,49.216],[0.337,49.232],[0.326,49.253],[0.383,49.264],[0.384,49.286],[0.366,49.295],[0.309,49.283],[0.316,49.311],[0.298,49.314],[0.307,49.319],[0.323,49.338],[0.308,49.358],[0.302,49.371],[0.302,49.371],[0.309,49.387],[0.297,49.43],[0.31,49.431],[0.338,49.438],[0.338,49.445],[0.369,49.444],[0.387,49.447],[0.426,49.457],[0.435,49.46],[0.473,49.477],[0.48,49.48],[0.509,49.484],[0.538,49.468],[0.539,49.466],[0.543,49.463],[0.561,49.448],[0.599,49.429],[0.614,49.43],[0.643,49.444],[0.63,49.424],[0.657,49.406],[0.671,49.404],[0.715,49.41],[0.715,49.411],[0.737,49.409],[0.763,49.419],[0.788,49.413],[0.8,49.427],[0.803,49.428],[0.819,49.398],[0.834,49.394],[0.86,49.395],[0.878,49.396],[0.879,49.373],[0.893,49.372],[0.918,49.385],[0.917,49.376],[0.925,49.359],[0.923,49.35],[0.931,49.344],[0.864,49.346],[0.848,49.332],[0.886,49.32],[0.9,49.298],[0.926,49.313],[0.961,49.291],[0.953,49.28],[0.986,49.27],[1.0,49.252],[1.038,49.26],[1.039,49.258],[1.051,49.258],[1.064,49.261],[1.069,49.277],[1.048,49.298],[1.072,49.306],[1.095,49.31],[1.13,49.31],[1.134,49.31],[1.137,49.326],[1.146,49.335],[1.169,49.336],[1.183,49.344],[1.185,49.338],[1.186,49.338],[1.199,49.351],[1.21,49.353],[1.246,49.348],[1.272,49.354],[1.287,49.363],[1.289,49.376],[1.286,49.387],[1.298,49.395],[1.308,49.396],[1.316,49.411],[1.309,49.429],[1.338,49.429],[1.337,49.439],[1.35,49.438],[1.386,49.463],[1.391,49.462],[1.411,49.456],[1.437,49.455],[1.476,49.452],[1.502,49.44],[1.537,49.43],[1.576,49.44],[1.585,49.432],[1.607,49.411],[1.628,49.415],[1.647,49.403],[1.651,49.403],[1.682,49.403],[1.695,49.395],[1.714,49.409],[1.74,49.406],[1.72,49.395],[1.76,49.368],[1.758,49.357],[1.771,49.326],[1.772,49.294],[1.784,49.293],[1.802,49.273],[1.79,49.247],[1.79,49.247],[1.767,49.252],[1.754,49.27],[1.712,49.264],[1.701,49.252],[1.701,49.242],[1.704,49.232],[1.675,49.204],[1.671,49.19],[1.672,49.181],[1.664,49.154],[1.656,49.131],[1.627,49.105],[1.623,49.086],[1.609,49.078],[1.594,49.083],[1.572,49.077],[1.547,49.072],[1.521,49.068],[1.51,49.084],[1.503,49.059],[1.447,49.054],[1.458,49.026],[1.472,49.019],[1.474,49.01],[1.48,49.005],[1.461,48.989],[1.471,48.975],[1.508,48.984],[1.518,48.978],[1.511,48.954],[1.501,48.941],[1.461,48.938],[1.448,48.925],[1.46,48.91],[1.462,48.899],[1.465,48.879],[1.458,48.872],[1.45,48.87],[1.424,48.861],[1.398,48.857],[1.39,48.846],[1.36,48.831],[1.366,48.805],[1.368,48.803],[1.37,48.801],[1.356,48.779],[1.356,48.779],[1.313,48.764],[1.311,48.765],[1.278,48.763],[1.268,48.757],[1.245,48.77],[1.223,48.767],[1.223,48.758],[1.187,48.773],[1.163,48.769],[1.152,48.786],[1.121,48.789],[1.114,48.746]]]}},{"type":"Feature","properties":{"district":"Eure-et-Loir","constituency_code":"FR2007-DPT-28","electorate_type":"Department"},"geometry":{"type":"Polygon","coordinates":[[[1.37,48.801],[1.368,48.803],[1.366,48.805],[1.36,48.831],[1.39,48.846],[1.398,48.857],[1.424,48.861],[1.45,48.87],[1.458,48.872],[1.465,48.879],[1.462,48.899],[1.46,48.91],[1.448,48.925],[1.461,48.938],[1.501,48.941],[1.514,48.922],[1.54,48.919],[1.542,48.916],[1.538,48.907],[1.563,48.89],[1.546,48.872],[1.559,48.864],[1.572,48.864],[1.577,48.845],[1.587,48.843],[1.59,48.817],[1.579,48.809],[1.588,48.774],[1.583,48.768],[1.585,48.763],[1.625,48.749],[1.623,48.74],[1.621,48.736],[1.59,48.713],[1.595,48.709],[1.582,48.696],[1.611,48.688],[1.606,48.679],[1.603,48.663],[1.608,48.66],[1.643,48.651],[1.651,48.638],[1.649,48.632],[1.667,48.613],[1.691,48.617],[1.689,48.612],[1.718,48.607],[1.702,48.585],[1.709,48.578],[1.748,48.576],[1.778,48.553],[1.788,48.554],[1.776,48.528],[1.797,48.485],[1.811,48.466],[1.839,48.458],[1.861,48.444],[1.88,48.441],[1.884,48.44],[1.922,48.458],[1.93,48.454],[1.943,48.441],[1.926,48.413],[1.93,48.404],[1.962,48.404],[1.977,48.4],[1.967,48.381],[1.988,48.364],[1.97,48.339],[1.982,48.328],[1.959,48.309],[1.962,48.303],[1.994,48.287],[1.987,48.269],[1.962,48.246],[1.967,48.235],[1.963,48.223],[1.979,48.204],[1.971,48.178],[1.969,48.172],[1.925,48.174],[1.908,48.159],[1.92,48.146],[1.912,48.129],[1.9,48.127],[1.89,48.106],[1.865,48.095],[1.838,48.081],[1.803,48.089],[1.8,48.084],[1.771,48.07],[1.709,48.067],[1.689,48.078],[1.678,48.066],[1.659,48.077],[1.622,48.064],[1.621,48.048],[1.587,48.031],[1.545,48.044],[1.512,48.028],[1.518,48.012],[1.52,47.982],[1.499,47.985],[1.458,48.008],[1.433,48.009],[1.437,47.977],[1.406,47.97],[1.383,47.978],[1.37,47.954],[1.309,47.954],[1.3,47.968],[1.261,47.969],[1.247,47.979],[1.192,47.972],[1.187,48.003],[1.169,48.007],[1.167,48.026],[1.144,48.029],[1.12,48.04],[1.116,48.053],[1.106,48.082],[1.071,48.076],[1.034,48.086],[1.009,48.083],[1.004,48.106],[1.046,48.118],[1.03,48.133],[0.995,48.127],[0.945,48.098],[0.944,48.113],[0.889,48.102],[0.841,48.103],[0.85,48.133],[0.917,48.139],[0.909,48.144],[0.911,48.147],[0.86,48.168],[0.836,48.168],[0.828,48.173],[0.798,48.195],[0.822,48.224],[0.787,48.262],[0.792,48.265],[0.808,48.29],[0.76,48.298],[0.781,48.333],[0.785,48.34],[0.788,48.341],[0.818,48.35],[0.828,48.342],[0.907,48.37],[0.926,48.384],[0.945,48.418],[0.976,48.439],[0.959,48.443],[0.938,48.469],[0.936,48.476],[0.955,48.493],[0.941,48.499],[0.967,48.524],[0.932,48.534],[0.926,48.56],[0.852,48.582],[0.847,48.61],[0.823,48.609],[0.832,48.633],[0.823,48.651],[0.815,48.67],[0.827,48.681],[0.85,48.683],[0.877,48.716],[0.921,48.709],[0.978,48.731],[0.985,48.726],[1.022,48.735],[1.037,48.73],[1.063,48.759],[1.088,48.757],[1.114,48.746],[1.121,48.789],[1.152,48.786],[1.163,48.769],[1.187,48.773],[1.223,48.758],[1.223,48.767],[1.245,48.77],[1.268,48.757],[1.278,48.763],[1.311,48.765],[1.313,48.764],[1.356,48.779],[1.356,48.779],[1.37,48.801]]]}},{"type":"Feature","properties":{"district":"Finistère","constituency_code":"FR2007-DPT-29","electorate_type":"Department"},"geometry":{"type":"MultiPolygon","coordinates":[[[[-4.871,48.041],[-4.867,48.044],[-4.857,48.039],[-4.871,48.041]]],[[[-4.206,48.238],[-4.201,48.248],[-4.237,48.254],[-4.26,48.28],[-4.231,48.292],[-4.196,48.292],[-4.193,48.298],[-4.221,48.314],[-4.255,48.327],[-4.293,48.312],[-4.318,48.329],[-4.278,48.345],[-4.269,48.358],[-4.302,48.356],[-4.319,48.362],[-4.378,48.326],[-4.448,48.326],[-4.437,48.36],[-4.408,48.381],[-4.348,48.402],[-4.314,48.416],[-4.27,48.442],[-4.278,48.44],[-4.328,48.418],[-4.376,48.4],[-4.423,48.397],[-4.434,48.396],[-4.554,48.361],[-4.572,48.349],[-4.622,48.339],[-4.679,48.356],[-4.717,48.33],[-4.771,48.335],[-4.761,48.378],[-4.776,48.407],[-4.795,48.415],[-4.776,48.444],[-4.76,48.46],[-4.717,48.469],[-4.725,48.476],[-4.767,48.48],[-4.778,48.504],[-4.764,48.52],[-4.752,48.543],[-4.719,48.559],[-4.705,48.55],[-4.701,48.566],[-4.664,48.571],[-4.646,48.572],[-4.597,48.572],[-4.595,48.553],[-4.58,48.555],[-4.503,48.553],[-4.587,48.563],[-4.595,48.575],[-4.608,48.597],[-4.529,48.592],[-4.515,48.588],[-4.569,48.611],[-4.548,48.633],[-4.497,48.624],[-4.463,48.627],[-4.398,48.636],[-4.392,48.658],[-4.349,48.677],[-4.297,48.665],[-4.316,48.638],[-4.312,48.635],[-4.294,48.636],[-4.275,48.65],[-4.245,48.65],[-4.194,48.652],[-4.216,48.662],[-4.186,48.686],[-4.162,48.69],[-4.112,48.695],[-4.096,48.686],[-4.056,48.669],[-4.036,48.688],[-4.057,48.701],[-4.012,48.715],[-4.011,48.717],[-4.007,48.724],[-3.964,48.722],[-3.974,48.704],[-3.958,48.648],[-3.952,48.645],[-3.942,48.655],[-3.908,48.669],[-3.881,48.639],[-3.858,48.629],[-3.858,48.618],[-3.873,48.603],[-3.849,48.604],[-3.844,48.628],[-3.846,48.66],[-3.85,48.695],[-3.831,48.713],[-3.78,48.702],[-3.748,48.708],[-3.702,48.69],[-3.656,48.697],[-3.654,48.666],[-3.662,48.656],[-3.664,48.654],[-3.654,48.618],[-3.641,48.596],[-3.637,48.594],[-3.594,48.586],[-3.599,48.558],[-3.57,48.555],[-3.54,48.538],[-3.598,48.499],[-3.6,48.471],[-3.579,48.463],[-3.551,48.448],[-3.601,48.422],[-3.6,48.402],[-3.603,48.4],[-3.608,48.389],[-3.556,48.379],[-3.563,48.347],[-3.552,48.316],[-3.518,48.319],[-3.552,48.3],[-3.518,48.282],[-3.523,48.256],[-3.541,48.253],[-3.558,48.229],[-3.521,48.198],[-3.566,48.19],[-3.565,48.186],[-3.621,48.171],[-3.672,48.152],[-3.696,48.152],[-3.723,48.125],[-3.733,48.096],[-3.695,48.094],[-3.692,48.063],[-3.674,48.059],[-3.661,48.015],[-3.641,47.986],[-3.613,47.985],[-3.59,47.989],[-3.531,47.989],[-3.497,47.977],[-3.468,47.946],[-3.461,47.956],[-3.404,47.967],[-3.393,47.951],[-3.387,47.925],[-3.407,47.917],[-3.402,47.885],[-3.398,47.863],[-3.45,47.861],[-3.458,47.837],[-3.488,47.824],[-3.519,47.849],[-3.54,47.823],[-3.523,47.797],[-3.533,47.767],[-3.616,47.77],[-3.647,47.779],[-3.677,47.776],[-3.723,47.803],[-3.672,47.824],[-3.651,47.822],[-3.673,47.826],[-3.699,47.82],[-3.725,47.805],[-3.742,47.812],[-3.748,47.848],[-3.755,47.844],[-3.738,47.8],[-3.762,47.79],[-3.811,47.794],[-3.865,47.809],[-3.894,47.833],[-3.896,47.849],[-3.947,47.887],[-3.946,47.905],[-3.99,47.897],[-3.98,47.854],[-4.04,47.845],[-4.067,47.871],[-4.106,47.881],[-4.116,47.897],[-4.141,47.901],[-4.145,47.909],[-4.131294117647059,47.92955882352941],[-4.141,47.926],[-4.149,47.913],[-4.146,47.897],[-4.176,47.907],[-4.171,47.895],[-4.141,47.896],[-4.113,47.868],[-4.151,47.855],[-4.166,47.857],[-4.185,47.881],[-4.194,47.853],[-4.159,47.831],[-4.176,47.805],[-4.208,47.801],[-4.226,47.793],[-4.273,47.801],[-4.301,47.801],[-4.374,47.798],[-4.38,47.822],[-4.35,47.83],[-4.348,47.849],[-4.352,47.863],[-4.364,47.889],[-4.373,47.906],[-4.399,47.937],[-4.411,47.948],[-4.462,47.986],[-4.537,48.012],[-4.535,48.025],[-4.566,48.0],[-4.603,48.015],[-4.633,48.03],[-4.696,48.026],[-4.706,48.047],[-4.668,48.067],[-4.621,48.068],[-4.583,48.08],[-4.54,48.088],[-4.489,48.086],[-4.457,48.097],[-4.379,48.108],[-4.297,48.092],[-4.285,48.108],[-4.272,48.147],[-4.273,48.152],[-4.297,48.16],[-4.295,48.185],[-4.321,48.204],[-4.332,48.206],[-4.369,48.205],[-4.405,48.223],[-4.442,48.235],[-4.49,48.236],[-4.519,48.192],[-4.551,48.181],[-4.561,48.236],[-4.557,48.259],[-4.582,48.251],[-4.594,48.276],[-4.567,48.286],[-4.567,48.292],[-4.58,48.319],[-4.545,48.325],[-4.553,48.295],[-4.503,48.281],[-4.465,48.292],[-4.418,48.291],[-4.384,48.275],[-4.367,48.278],[-4.339,48.283],[-4.307,48.298],[-4.289,48.273],[-4.261,48.267],[-4.243,48.249],[-4.206,48.238]],[[-4.129759124087593,47.930121654501214],[-4.131,47.93],[-4.131294117647059,47.92955882352941],[-4.129759124087593,47.930121654501214]],[[-4.08,47.935],[-4.069,47.933],[-4.093,47.94],[-4.121,47.965],[-4.111,47.937],[-4.129759124087593,47.930121654501214],[-4.08,47.935]]],[[[-4.965,48.392],[-4.967,48.398],[-4.959,48.401],[-4.954,48.393],[-4.965,48.392]]],[[[-5.099,48.457],[-5.141,48.449],[-5.133,48.459],[-5.066,48.482],[-5.059,48.45],[-5.099,48.457]]],[[[-4.041,48.746],[-4.023,48.753],[-4.015,48.744],[-4.035,48.741],[-4.041,48.746]]]]}},{"type":"Feature","properties":{"district":"Corse-du-Sud","constituency_code":"FR2007-DPT-2A","electorate_type":"Department"},"geometry":{"type":"Polygon","coordinates":[[[8.798,41.905],[8.779,41.925],[8.741,41.932],[8.718,41.908],[8.671,41.905],[8.611,41.913],[8.624,41.935],[8.593,41.965],[8.623,41.971],[8.649,41.969],[8.669,41.982],[8.669,41.99],[8.657,42.004],[8.685,42.027],[8.742,42.041],[8.744,42.057],[8.744,42.059],[8.717,42.078],[8.702,42.111],[8.664,42.106],[8.651,42.117],[8.624,42.123],[8.577,42.155],[8.582,42.183],[8.568,42.219],[8.576,42.24],[8.615,42.252],[8.689,42.263],[8.691,42.275],[8.687,42.282],[8.661,42.303],[8.639,42.302],[8.607,42.323],[8.618,42.346],[8.59,42.353],[8.551,42.347],[8.573,42.382],[8.595,42.37],[8.641,42.374],[8.684,42.348],[8.725,42.342],[8.757,42.339],[8.771,42.325],[8.828,42.319],[8.857,42.331],[8.859,42.3],[8.882,42.272],[8.905,42.254],[8.927,42.254],[8.927,42.254],[8.94,42.237],[8.98,42.224],[9.006,42.209],[9.046,42.208],[9.049,42.193],[9.048,42.176],[9.065,42.167],[9.071,42.13],[9.112,42.114],[9.134,42.091],[9.134,42.06],[9.16,42.027],[9.221,42.027],[9.22,41.99],[9.223,41.949],[9.231,41.933],[9.214,41.917],[9.252,41.899],[9.236,41.876],[9.227,41.855],[9.269,41.84],[9.309,41.832],[9.347,41.846],[9.371,41.865],[9.402,41.86],[9.407,41.823],[9.394,41.798],[9.397,41.774],[9.407,41.743],[9.401,41.718],[9.399,41.692],[9.373,41.68],[9.387,41.66],[9.351,41.64],[9.336,41.622],[9.314,41.629],[9.288,41.609],[9.34,41.594],[9.368,41.595],[9.342,41.559],[9.326,41.558],[9.273,41.53],[9.287,41.484],[9.244,41.447],[9.224,41.443],[9.225,41.417],[9.265,41.428],[9.22,41.367],[9.185,41.366],[9.169,41.385],[9.091,41.402],[9.12,41.441],[9.095,41.45],[9.066,41.456],[9.081,41.482],[9.053,41.46],[9.019,41.467],[8.995,41.486],[8.94,41.49],[8.9,41.509],[8.855,41.537],[8.809,41.557],[8.782,41.588],[8.796,41.632],[8.816,41.63],[8.853,41.648],[8.869,41.646],[8.881,41.67],[8.916,41.682],[8.914,41.691],[8.844,41.697],[8.826,41.71],[8.771,41.714],[8.784,41.735],[8.773,41.742],[8.723,41.724],[8.684,41.747],[8.728,41.774],[8.742,41.805],[8.772,41.812],[8.79,41.853],[8.788,41.869],[8.798,41.905]]]}},{"type":"Feature","properties":{"district":"Haute-Corse","constituency_code":"FR2007-DPT-2B","electorate_type":"Department"},"geometry":{"type":"Polygon","coordinates":[[[8.927,42.254],[8.905,42.254],[8.882,42.272],[8.859,42.3],[8.857,42.331],[8.828,42.319],[8.771,42.325],[8.757,42.339],[8.725,42.342],[8.684,42.348],[8.641,42.374],[8.595,42.37],[8.573,42.382],[8.608,42.394],[8.609,42.417],[8.655,42.415],[8.679,42.467],[8.649,42.475],[8.666,42.496],[8.667,42.516],[8.717,42.529],[8.717,42.551],[8.756,42.571],[8.767,42.556],[8.797,42.565],[8.801,42.584],[8.848,42.609],[8.867,42.608],[8.876,42.615],[8.924,42.638],[8.948,42.634],[8.98,42.639],[9.0,42.642],[9.018,42.642],[9.057,42.66],[9.062,42.694],[9.1,42.716],[9.124,42.731],[9.163,42.737],[9.233,42.72],[9.295,42.675],[9.322,42.696],[9.33,42.719],[9.344,42.74],[9.34,42.761],[9.338,42.804],[9.326,42.812],[9.31,42.834],[9.34,42.866],[9.326,42.901],[9.36,42.923],[9.35,42.961],[9.344,42.998],[9.383,43.01],[9.405,43.005],[9.418,43.011],[9.463,42.987],[9.455,42.957],[9.469,42.937],[9.475,42.9],[9.477,42.882],[9.48,42.86],[9.487,42.827],[9.491,42.798],[9.468,42.753],[9.461,42.74],[9.456,42.718],[9.455,42.708],[9.45,42.662],[9.463,42.639],[9.486,42.613],[9.527,42.565],[9.534,42.523],[9.53,42.496],[9.531,42.484],[9.536,42.47],[9.541,42.438],[9.543,42.428],[9.538,42.412],[9.535,42.394],[9.533,42.378],[9.535,42.359],[9.541,42.337],[9.543,42.328],[9.553,42.299],[9.555,42.253],[9.553,42.241],[9.559,42.196],[9.554,42.157],[9.556,42.142],[9.549,42.104],[9.497,42.048],[9.442,41.99],[9.44,41.988],[9.415,41.957],[9.413,41.938],[9.409,41.907],[9.402,41.86],[9.371,41.865],[9.347,41.846],[9.309,41.832],[9.269,41.84],[9.227,41.855],[9.236,41.876],[9.252,41.899],[9.214,41.917],[9.231,41.933],[9.223,41.949],[9.22,41.99],[9.221,42.027],[9.16,42.027],[9.134,42.06],[9.134,42.091],[9.112,42.114],[9.071,42.13],[9.065,42.167],[9.048,42.176],[9.049,42.193],[9.046,42.208],[9.006,42.209],[8.98,42.224],[8.94,42.237],[8.927,42.254],[8.927,42.254]]]}},{"type":"Feature","properties":{"district":"Gard","constituency_code":"FR2007-DPT-30","electorate_type":"Department"},"geometry":{"type":"Polygon","coordinates":[[[4.244,43.501],[4.238,43.497],[4.23,43.461],[4.169,43.472],[4.121,43.492],[4.111,43.509],[4.141,43.518],[4.131,43.54],[4.101,43.555],[4.109,43.569],[4.075,43.589],[4.15,43.585],[4.194,43.642],[4.194,43.652],[4.164,43.69],[4.164,43.693],[4.154,43.715],[4.145,43.732],[4.122,43.737],[4.112,43.74],[4.099,43.749],[4.099,43.75],[4.067,43.765],[4.052,43.774],[4.052,43.778],[4.054,43.785],[4.031,43.799],[4.001,43.813],[3.996,43.81],[3.974,43.801],[3.959,43.805],[3.981,43.843],[3.958,43.854],[3.938,43.853],[3.922,43.858],[3.92,43.881],[3.857,43.877],[3.831,43.866],[3.8,43.891],[3.824,43.918],[3.82,43.942],[3.796,43.942],[3.788,43.967],[3.717,43.961],[3.699,43.958],[3.69,43.939],[3.684,43.94],[3.663,43.912],[3.624,43.917],[3.602,43.896],[3.575,43.865],[3.6,43.853],[3.578,43.844],[3.528,43.854],[3.524,43.886],[3.492,43.891],[3.436,43.863],[3.422,43.873],[3.438,43.901],[3.424,43.912],[3.381,43.912],[3.358,43.914],[3.351,43.938],[3.377,43.968],[3.406,43.97],[3.418,43.993],[3.44,43.998],[3.451,44.023],[3.45,44.023],[3.445,44.025],[3.417,44.042],[3.368,44.058],[3.348,44.052],[3.333,44.074],[3.329,44.079],[3.324,44.08],[3.294,44.068],[3.263,44.092],[3.324,44.109],[3.324,44.127],[3.33,44.142],[3.335,44.159],[3.374,44.171],[3.396,44.169],[3.431,44.148],[3.439,44.13],[3.505,44.126],[3.546,44.114],[3.57,44.122],[3.603,44.116],[3.633,44.121],[3.627,44.154],[3.65,44.181],[3.685,44.183],[3.726,44.164],[3.755,44.151],[3.773,44.142],[3.797,44.127],[3.811,44.129],[3.82,44.132],[3.832,44.137],[3.874,44.13],[3.894,44.147],[3.912,44.16],[3.927,44.161],[3.932,44.181],[3.974,44.164],[3.966,44.172],[3.947,44.216],[3.951,44.217],[3.955,44.25],[3.971,44.25],[3.947,44.267],[3.94,44.284],[3.925,44.301],[3.923,44.305],[3.949,44.324],[3.911,44.37],[3.886,44.388],[3.889,44.393],[3.9,44.393],[3.918,44.405],[3.945,44.4],[3.972,44.426],[3.973,44.427],[3.998,44.46],[4.015,44.454],[4.037,44.446],[4.035,44.42],[4.068,44.405],[4.044,44.385],[4.053,44.379],[4.053,44.359],[4.036,44.33],[4.047,44.319],[4.052,44.317],[4.06,44.32],[4.104,44.334],[4.109,44.331],[4.127,44.338],[4.143,44.313],[4.178,44.318],[4.186,44.3],[4.216,44.289],[4.234,44.275],[4.259,44.264],[4.288,44.292],[4.288,44.315],[4.322,44.324],[4.326,44.338],[4.388,44.347],[4.401,44.328],[4.393,44.295],[4.44,44.284],[4.453,44.298],[4.451,44.334],[4.465,44.342],[4.512,44.335],[4.549,44.325],[4.548,44.323],[4.57,44.299],[4.6,44.292],[4.606,44.291],[4.616,44.278],[4.649,44.27],[4.652,44.259],[4.677,44.236],[4.673,44.219],[4.674,44.215],[4.708,44.213],[4.704,44.198],[4.722,44.187],[4.716,44.166],[4.717,44.163],[4.718,44.152],[4.717,44.142],[4.706,44.108],[4.72,44.086],[4.761,44.079],[4.76,44.075],[4.788,44.065],[4.796,44.048],[4.808,44.04],[4.819,44.018],[4.844,44.003],[4.846,43.997],[4.811,43.984],[4.815,43.967],[4.792,43.952],[4.779,43.938],[4.739,43.924],[4.735,43.917],[4.709,43.898],[4.662,43.871],[4.642,43.868],[4.667,43.847],[4.643,43.832],[4.655,43.803],[4.652,43.783],[4.628,43.758],[4.612,43.725],[4.625,43.696],[4.602,43.686],[4.54,43.707],[4.486,43.699],[4.476,43.671],[4.451,43.664],[4.426,43.623],[4.473,43.603],[4.449,43.583],[4.426,43.585],[4.409,43.561],[4.354,43.547],[4.318,43.557],[4.325,43.528],[4.298,43.515],[4.244,43.501]]]}},{"type":"Feature","properties":{"district":"Haute-Garonne","constituency_code":"FR2007-DPT-31","electorate_type":"Department"},"geometry":{"type":"Polygon","coordinates":[[[0.678,42.855],[0.659,42.835],[0.665,42.815],[0.66,42.798],[0.652,42.788],[0.645,42.783],[0.664,42.771],[0.639,42.755],[0.659,42.752],[0.683,42.709],[0.669,42.689],[0.597,42.705],[0.594,42.704],[0.589,42.695],[0.53,42.703],[0.526,42.703],[0.516,42.691],[0.478,42.7],[0.454,42.728],[0.462,42.746],[0.464,42.759],[0.462,42.789],[0.463,42.79],[0.463,42.802],[0.46,42.805],[0.459,42.824],[0.464,42.84],[0.467,42.847],[0.46,42.852],[0.472,42.86],[0.477,42.878],[0.509,42.869],[0.526,42.868],[0.534,42.861],[0.554,42.86],[0.562,42.861],[0.576,42.871],[0.578,42.877],[0.58,42.883],[0.586,42.894],[0.592,42.909],[0.595,42.91],[0.598,42.918],[0.6,42.928],[0.606,42.934],[0.615,42.937],[0.642,42.953],[0.642,42.964],[0.636,42.968],[0.636,42.969],[0.62,42.972],[0.614,42.982],[0.611,42.988],[0.624,42.991],[0.625,43.002],[0.615,43.011],[0.617,43.021],[0.616,43.022],[0.608,43.034],[0.593,43.035],[0.593,43.026],[0.592,43.023],[0.586,43.023],[0.561,43.016],[0.546,43.004],[0.542,43.001],[0.527,43.009],[0.535,43.037],[0.567,43.037],[0.565,43.041],[0.558,43.063],[0.562,43.072],[0.564,43.074],[0.533,43.094],[0.522,43.093],[0.491,43.109],[0.489,43.115],[0.465,43.111],[0.453,43.112],[0.442,43.131],[0.456,43.145],[0.46,43.149],[0.522,43.192],[0.506,43.2],[0.518,43.213],[0.552,43.209],[0.57,43.217],[0.573,43.233],[0.55,43.236],[0.576,43.253],[0.577,43.259],[0.614,43.278],[0.615,43.28],[0.635,43.301],[0.607,43.311],[0.612,43.316],[0.656,43.317],[0.675,43.332],[0.693,43.352],[0.7,43.361],[0.712,43.375],[0.744,43.382],[0.75,43.398],[0.755,43.405],[0.771,43.417],[0.807,43.4],[0.808,43.4],[0.82,43.417],[0.844,43.41],[0.857,43.414],[0.881,43.411],[0.886,43.41],[0.902,43.405],[0.917,43.406],[0.927,43.395],[0.944,43.381],[0.947,43.385],[0.967,43.371],[0.981,43.363],[0.994,43.367],[1.003,43.377],[1.005,43.38],[0.994,43.407],[1.023,43.412],[1.021,43.429],[1.019,43.431],[1.032,43.441],[1.034,43.447],[1.039,43.453],[1.042,43.461],[1.018,43.474],[1.038,43.486],[1.033,43.487],[1.073,43.505],[1.076,43.527],[1.051,43.541],[1.088,43.547],[1.097,43.533],[1.106,43.537],[1.112,43.557],[1.156,43.557],[1.161,43.575],[1.199,43.569],[1.202,43.597],[1.188,43.606],[1.159,43.605],[1.143,43.621],[1.146,43.636],[1.131,43.643],[1.116,43.637],[1.101,43.661],[1.075,43.662],[1.058,43.671],[1.051,43.679],[1.066,43.7],[1.056,43.705],[1.025,43.713],[1.012,43.728],[0.986,43.744],[0.992,43.744],[0.966,43.76],[0.954,43.787],[0.956,43.789],[0.982,43.791],[1.0,43.798],[1.059,43.799],[1.082,43.815],[1.083,43.816],[1.105,43.801],[1.115,43.798],[1.144,43.822],[1.176,43.805],[1.183,43.794],[1.219,43.787],[1.21,43.771],[1.267,43.783],[1.267,43.798],[1.282,43.796],[1.299,43.8],[1.302,43.8],[1.312,43.801],[1.343,43.811],[1.36,43.817],[1.332,43.837],[1.294,43.846],[1.319,43.858],[1.35,43.872],[1.365,43.89],[1.409,43.883],[1.449,43.87],[1.47,43.897],[1.477,43.908],[1.499,43.889],[1.515,43.906],[1.523,43.904],[1.556,43.918],[1.547,43.904],[1.564,43.872],[1.556,43.871],[1.555,43.869],[1.572,43.849],[1.591,43.844],[1.593,43.843],[1.589,43.817],[1.626,43.802],[1.645,43.8],[1.652,43.776],[1.65,43.752],[1.66,43.743],[1.693,43.73],[1.707,43.716],[1.661,43.706],[1.664,43.694],[1.721,43.688],[1.731,43.664],[1.724,43.657],[1.7,43.649],[1.688,43.631],[1.723,43.617],[1.741,43.606],[1.744,43.605],[1.745,43.604],[1.762,43.602],[1.764,43.604],[1.773,43.592],[1.793,43.584],[1.799,43.583],[1.822,43.581],[1.849,43.568],[1.851,43.549],[1.864,43.545],[1.88,43.54],[1.887,43.517],[1.889,43.516],[1.917,43.502],[1.921,43.505],[1.953,43.491],[1.956,43.494],[2.013,43.484],[2.012,43.507],[2.048,43.498],[2.048,43.485],[2.018,43.47],[2.014,43.45],[2.029,43.437],[2.021,43.423],[1.988,43.407],[1.966,43.415],[1.964,43.423],[1.958,43.426],[1.925,43.421],[1.915,43.401],[1.911,43.398],[1.896,43.397],[1.897,43.414],[1.856,43.444],[1.843,43.433],[1.845,43.423],[1.817,43.411],[1.822,43.399],[1.826,43.395],[1.803,43.387],[1.814,43.341],[1.797,43.34],[1.773,43.337],[1.749,43.35],[1.723,43.342],[1.726,43.333],[1.728,43.314],[1.704,43.303],[1.707,43.286],[1.701,43.282],[1.688,43.274],[1.674,43.281],[1.635,43.237],[1.637,43.255],[1.607,43.26],[1.579,43.275],[1.557,43.263],[1.542,43.275],[1.542,43.276],[1.516,43.284],[1.496,43.293],[1.493,43.263],[1.498,43.255],[1.504,43.249],[1.493,43.237],[1.504,43.225],[1.504,43.221],[1.476,43.217],[1.452,43.212],[1.442,43.216],[1.432,43.218],[1.418,43.227],[1.429,43.254],[1.403,43.277],[1.402,43.278],[1.373,43.31],[1.324,43.31],[1.293,43.289],[1.294,43.265],[1.318,43.251],[1.352,43.245],[1.375,43.238],[1.38,43.222],[1.357,43.213],[1.328,43.205],[1.33,43.197],[1.315,43.19],[1.306,43.195],[1.296,43.189],[1.267764705882353,43.19088235294118],[1.254,43.184],[1.25,43.183],[1.229,43.187],[1.228,43.174],[1.238,43.15],[1.255,43.148],[1.274,43.148],[1.303,43.123],[1.281,43.113],[1.262,43.092],[1.246,43.088],[1.224,43.086],[1.211,43.107],[1.211,43.115],[1.199,43.125],[1.175,43.141],[1.147,43.137],[1.124,43.157],[1.112,43.149],[1.109,43.144],[1.088,43.134],[1.053,43.145],[1.052,43.144],[1.051,43.12],[1.039,43.1],[1.01,43.113],[1.001,43.114],[0.992,43.098],[1.0,43.077],[0.979,43.073],[0.986,43.062],[0.994,43.048],[0.995,43.04],[0.993,43.04],[0.984,43.045],[0.989,43.023],[0.997,43.024],[1.022,43.01],[0.995,42.991],[0.979,42.974],[0.965,42.971],[0.938,42.966],[0.928,42.967],[0.912,42.959],[0.875,42.958],[0.886,42.935],[0.841,42.923],[0.835,42.901],[0.848,42.866],[0.86,42.838],[0.858,42.826],[0.802,42.841],[0.777,42.836],[0.708,42.861],[0.678,42.855]],[[1.268,43.191],[1.266,43.191],[1.267764705882353,43.19088235294118],[1.268,43.191]]]}},{"type":"Feature","properties":{"district":"Gers","constituency_code":"FR2007-DPT-32","electorate_type":"Department"},"geometry":{"type":"Polygon","coordinates":[[[0.986,43.744],[1.012,43.728],[1.025,43.713],[1.056,43.705],[1.066,43.7],[1.051,43.679],[1.058,43.671],[1.075,43.662],[1.101,43.661],[1.116,43.637],[1.131,43.643],[1.146,43.636],[1.143,43.621],[1.159,43.605],[1.188,43.606],[1.202,43.597],[1.199,43.569],[1.161,43.575],[1.156,43.557],[1.112,43.557],[1.106,43.537],[1.097,43.533],[1.088,43.547],[1.051,43.541],[1.076,43.527],[1.073,43.505],[1.033,43.487],[1.038,43.486],[1.018,43.474],[1.042,43.461],[1.039,43.453],[1.034,43.447],[1.032,43.441],[1.019,43.431],[1.021,43.429],[1.023,43.412],[0.994,43.407],[1.005,43.38],[1.003,43.377],[0.994,43.367],[0.981,43.363],[0.967,43.371],[0.947,43.385],[0.944,43.381],[0.927,43.395],[0.917,43.406],[0.902,43.405],[0.886,43.41],[0.881,43.411],[0.857,43.414],[0.844,43.41],[0.82,43.417],[0.808,43.4],[0.807,43.4],[0.771,43.417],[0.755,43.405],[0.75,43.398],[0.744,43.382],[0.712,43.375],[0.7,43.361],[0.693,43.352],[0.675,43.332],[0.656,43.317],[0.612,43.316],[0.607,43.311],[0.6,43.314],[0.571,43.32],[0.547,43.33],[0.54,43.327],[0.537,43.328],[0.515,43.333],[0.498,43.326],[0.48,43.333],[0.473,43.333],[0.461,43.337],[0.445,43.341],[0.443,43.328],[0.394,43.338],[0.399,43.352],[0.379,43.355],[0.364,43.35],[0.332,43.343],[0.325,43.375],[0.301,43.372],[0.298,43.389],[0.271,43.383],[0.271,43.383],[0.244,43.373],[0.232,43.368],[0.206,43.368],[0.182,43.371],[0.176,43.38],[0.18,43.379],[0.174,43.403],[0.148,43.405],[0.135,43.423],[0.138,43.433],[0.138,43.434],[0.166,43.442],[0.155,43.457],[0.155,43.458],[0.144,43.464],[0.131,43.474],[0.127,43.491],[0.127,43.499],[0.112,43.517],[0.082,43.517],[0.081,43.524],[0.051,43.519],[0.04,43.537],[0.016,43.543],[0.01,43.558],[-0.001,43.565],[-0.007,43.593],[-0.015,43.606],[-0.033,43.605],[-0.034,43.608],[-0.074,43.606],[-0.097,43.59],[-0.097,43.582],[-0.129,43.581],[-0.158,43.581],[-0.162,43.582],[-0.177,43.597],[-0.205,43.584],[-0.211,43.593],[-0.243,43.585],[-0.254,43.597],[-0.247,43.616],[-0.281,43.624],[-0.282,43.643],[-0.262,43.648],[-0.243,43.664],[-0.24,43.671],[-0.25,43.708],[-0.222,43.719],[-0.194,43.737],[-0.218,43.75],[-0.214,43.756],[-0.222,43.787],[-0.216,43.813],[-0.213,43.809],[-0.195,43.808],[-0.194,43.841],[-0.209,43.858],[-0.204,43.86],[-0.186,43.867],[-0.201,43.885],[-0.215,43.889],[-0.24,43.898],[-0.209,43.912],[-0.2,43.915],[-0.176,43.937],[-0.135,43.936],[-0.103,43.927],[-0.099,43.942],[-0.047,43.961],[-0.036,43.984],[-0.001,43.961],[0.006,43.943],[-0.02,43.93],[0.033,43.9],[0.059,43.897],[0.075,43.915],[0.056,43.961],[0.068,43.975],[0.076,43.983],[0.105,43.984],[0.127,44.002],[0.161,43.974],[0.167,43.997],[0.19,44.015],[0.194,44.014],[0.219,44.021],[0.233,44.023],[0.23,44.011],[0.273,43.998],[0.306,43.994],[0.316,44.01],[0.353,44.016],[0.381,44.006],[0.397,44.022],[0.443,44.029],[0.45,44.044],[0.451,44.046],[0.46,44.056],[0.486,44.059],[0.505,44.051],[0.539,44.053],[0.559,44.058],[0.585,44.077],[0.601,44.078],[0.632,44.05],[0.68,44.029],[0.708,44.058],[0.742,44.065],[0.753,44.056],[0.756,44.041],[0.764,44.03],[0.797,44.044],[0.813,44.052],[0.85,44.048],[0.865,44.039],[0.858,44.035],[0.82,44.028],[0.818,44.009],[0.825,44.005],[0.809,43.982],[0.808,43.981],[0.801,43.977],[0.792,43.966],[0.785,43.958],[0.761,43.939],[0.77,43.922],[0.809,43.933],[0.82,43.925],[0.849,43.918],[0.852,43.923],[0.888,43.91],[0.904,43.899],[0.901,43.897],[0.883,43.886],[0.912,43.849],[0.895,43.84],[0.925,43.832],[0.915,43.819],[0.897,43.789],[0.954,43.787],[0.966,43.76],[0.992,43.744],[0.986,43.744]]]}},{"type":"Feature","properties":{"district":"Gironde","constituency_code":"FR2007-DPT-33","electorate_type":"Department"},"geometry":{"type":"Polygon","coordinates":[[[-0.016,44.505],[-0.016,44.49],[-0.003,44.461],[0.005,44.445],[-0.005,44.424],[0.007,44.397],[0.019,44.389],[0.015,44.367],[-0.012,44.372],[-0.03,44.36],[-0.036,44.361],[-0.079,44.354],[-0.086,44.338],[-0.077,44.333],[-0.035,44.297],[-0.033,44.272],[-0.053,44.266],[-0.067,44.246],[-0.108,44.231],[-0.123,44.241],[-0.141,44.226],[-0.175,44.257],[-0.226,44.265],[-0.223,44.206],[-0.264,44.196],[-0.311,44.203],[-0.373,44.207],[-0.39,44.209],[-0.397,44.237],[-0.383,44.286],[-0.43,44.305],[-0.432,44.323],[-0.479,44.325],[-0.518,44.339],[-0.528,44.365],[-0.603,44.391],[-0.642,44.4],[-0.642,44.4],[-0.627,44.429],[-0.639,44.449],[-0.682,44.451],[-0.699,44.443],[-0.73,44.446],[-0.777,44.438],[-0.78,44.428],[-0.843,44.418],[-0.919,44.443],[-0.949,44.435],[-1.029,44.423],[-1.007,44.437],[-0.992,44.461],[-0.981,44.483],[-0.991,44.512],[-1.011,44.51],[-1.026,44.507],[-1.085,44.532],[-1.107,44.503],[-1.2,44.48],[-1.254,44.467],[-1.25,44.499],[-1.258,44.525],[-1.243,44.558],[-1.205,44.615],[-1.205,44.639],[-1.194,44.659],[-1.156,44.663],[-1.139,44.654],[-1.119,44.64],[-1.044,44.648],[-1.001,44.643],[-1.018,44.668],[-1.037,44.694],[-1.078,44.723],[-1.123,44.752],[-1.161,44.776],[-1.173,44.746],[-1.229,44.7],[-1.239,44.658],[-1.261,44.644],[-1.252,44.71],[-1.233,44.809],[-1.214,44.921],[-1.194,45.068],[-1.187,45.129],[-1.169,45.25],[-1.163,45.285],[-1.16,45.39],[-1.16,45.406],[-1.151,45.44],[-1.155,45.468],[-1.152,45.484],[-1.117,45.525],[-1.09,45.566],[-1.026,45.575],[-1.009,45.562],[-0.992,45.548],[-0.984,45.542],[-0.97,45.53],[-0.96,45.523],[-0.933,45.501],[-0.927,45.496],[-0.894,45.473],[-0.865,45.453],[-0.841,45.435],[-0.817,45.411],[-0.801,45.396],[-0.787,45.382],[-0.768,45.355],[-0.753,45.322],[-0.708,45.328],[-0.633,45.319],[-0.594,45.321],[-0.594,45.332],[-0.569,45.332],[-0.574,45.311],[-0.568,45.297],[-0.513,45.286],[-0.486,45.294],[-0.458,45.288],[-0.434,45.281],[-0.419,45.261],[-0.407,45.248],[-0.413,45.223],[-0.418,45.204],[-0.399,45.179],[-0.383,45.144],[-0.363,45.17],[-0.32,45.156],[-0.313,45.137],[-0.308,45.15],[-0.275,45.141],[-0.246,45.108],[-0.221,45.108],[-0.21,45.1],[-0.162,45.092],[-0.141,45.09],[-0.111,45.115],[-0.111,45.115],[-0.088,45.122],[-0.057,45.099],[-0.04,45.103],[0.007,45.118],[0.045,45.115],[0.071,45.076],[0.072,45.075],[0.073,45.07],[0.041,45.022],[0.039,45.024],[0.04,44.994],[0.018,44.981],[0.009,44.963],[0.018,44.928],[0.022,44.925],[0.017,44.896],[0.016,44.895],[0.001,44.876],[0.001,44.876],[-0.005,44.869],[-0.034,44.852],[0.009,44.846],[0.047,44.825],[0.051,44.824],[0.076,44.819],[0.096,44.833],[0.114,44.819],[0.114,44.82],[0.126,44.828],[0.182,44.825],[0.184,44.824],[0.193,44.821],[0.21,44.842],[0.222,44.845],[0.242,44.857],[0.244,44.86],[0.288,44.863],[0.315,44.845],[0.301,44.829],[0.264,44.826],[0.266,44.813],[0.274,44.796],[0.274,44.784],[0.297,44.762],[0.272,44.753],[0.225,44.761],[0.21,44.741],[0.219,44.727],[0.201,44.722],[0.185,44.749],[0.18,44.745],[0.161,44.734],[0.141,44.738],[0.131,44.705],[0.1,44.701],[0.103,44.686],[0.134,44.682],[0.134,44.668],[0.163,44.671],[0.168,44.668],[0.183,44.661],[0.177,44.654],[0.165,44.633],[0.141,44.642],[0.139,44.627],[0.151,44.609],[0.117,44.594],[0.117,44.594],[0.11,44.59],[0.082,44.584],[0.069,44.548],[0.038,44.554],[0.033,44.551],[0.021,44.542],[-0.001,44.552],[0.005,44.522],[0.0,44.519],[-0.016,44.505]]]}},{"type":"Feature","properties":{"district":"Hérault","constituency_code":"FR2007-DPT-34","electorate_type":"Department"},"geometry":{"type":"Polygon","coordinates":[[[3.539,43.302],[3.521,43.281],[3.468,43.275],[3.429,43.29],[3.365,43.277],[3.345,43.269],[3.313,43.254],[3.271,43.234],[3.24,43.213],[3.193,43.25],[3.157,43.242],[3.141,43.259],[3.141,43.259],[3.097,43.258],[3.054,43.28],[3.012,43.28],[3.006,43.3],[2.991,43.319],[2.958,43.312],[2.946,43.312],[2.921,43.326],[2.895,43.326],[2.889,43.352],[2.89,43.357],[2.87,43.381],[2.869,43.383],[2.856,43.373],[2.87,43.36],[2.869,43.33],[2.846,43.326],[2.818,43.324],[2.809,43.304],[2.801,43.3],[2.787,43.274],[2.78,43.265],[2.772,43.258],[2.752,43.255],[2.741,43.265],[2.709,43.274],[2.703,43.277],[2.699,43.308],[2.688,43.323],[2.659,43.293],[2.644,43.294],[2.617,43.284],[2.601,43.298],[2.6,43.314],[2.592,43.318],[2.586,43.333],[2.556,43.338],[2.54,43.346],[2.556,43.366],[2.566,43.398],[2.573,43.4],[2.566,43.423],[2.603,43.431],[2.609,43.44],[2.645,43.458],[2.668,43.47],[2.655,43.497],[2.658,43.517],[2.676,43.513],[2.617,43.566],[2.621,43.592],[2.646,43.66],[2.685,43.654],[2.723,43.644],[2.755,43.614],[2.802,43.63],[2.828,43.637],[2.907,43.654],[2.919,43.687],[2.935,43.695],[2.958,43.699],[2.974,43.705],[3.019,43.696],[3.061,43.693],[3.069,43.707],[3.055,43.715],[3.056,43.755],[3.057,43.783],[3.049,43.801],[3.065,43.836],[3.087,43.836],[3.151,43.814],[3.151,43.814],[3.223,43.818],[3.237,43.827],[3.249,43.83],[3.234,43.858],[3.263,43.891],[3.277,43.897],[3.343,43.894],[3.358,43.914],[3.381,43.912],[3.424,43.912],[3.438,43.901],[3.422,43.873],[3.436,43.863],[3.492,43.891],[3.524,43.886],[3.528,43.854],[3.578,43.844],[3.6,43.853],[3.575,43.865],[3.602,43.896],[3.624,43.917],[3.663,43.912],[3.684,43.94],[3.69,43.939],[3.699,43.958],[3.717,43.961],[3.788,43.967],[3.796,43.942],[3.82,43.942],[3.824,43.918],[3.8,43.891],[3.831,43.866],[3.857,43.877],[3.92,43.881],[3.922,43.858],[3.938,43.853],[3.958,43.854],[3.981,43.843],[3.959,43.805],[3.974,43.801],[3.996,43.81],[4.001,43.813],[4.031,43.799],[4.054,43.785],[4.052,43.778],[4.052,43.774],[4.067,43.765],[4.099,43.75],[4.099,43.749],[4.112,43.74],[4.122,43.737],[4.145,43.732],[4.154,43.715],[4.164,43.693],[4.164,43.69],[4.194,43.652],[4.194,43.642],[4.15,43.585],[4.075,43.589],[4.109,43.569],[4.101,43.555],[4.037,43.556],[3.969,43.54],[3.907,43.517],[3.83,43.471],[3.83,43.47],[3.826,43.467],[3.801,43.444],[3.725,43.413],[3.692,43.392],[3.647,43.386],[3.566,43.326],[3.539,43.302]]]}},{"type":"Feature","properties":{"district":"Ille-et-Vilaine","constituency_code":"FR2007-DPT-35","electorate_type":"Department"},"geometry":{"type":"MultiPolygon","coordinates":[[[[-1.49,48.489],[-1.442,48.484],[-1.441,48.472],[-1.399,48.461],[-1.381,48.457],[-1.33,48.486],[-1.287,48.51],[-1.279,48.509],[-1.273,48.534],[-1.249,48.544],[-1.249,48.544],[-1.207,48.542],[-1.188,48.529],[-1.167,48.53],[-1.162,48.524],[-1.117,48.522],[-1.07,48.509],[-1.079,48.489],[-1.067,48.46],[-1.065,48.451],[-1.078,48.422],[-1.079,48.418],[-1.08,48.417],[-1.053,48.381],[-1.057,48.379],[-1.056,48.341],[-1.061,48.311],[-1.061,48.311],[-1.09,48.289],[-1.094,48.273],[-1.1,48.268],[-1.081,48.22],[-1.087,48.21],[-1.082,48.205],[-1.079,48.18],[-1.074,48.159],[-1.059,48.126],[-1.053,48.106],[-1.049,48.09],[-1.025,48.07],[-1.028,48.061],[-1.035,48.033],[-1.021,48.018],[-1.03,47.993],[-1.068,47.983],[-1.079,47.984],[-1.093,47.988],[-1.12,47.986],[-1.149,47.968],[-1.162,47.953],[-1.16,47.939],[-1.167,47.934],[-1.176,47.898],[-1.197,47.889],[-1.189,47.868],[-1.203,47.857],[-1.213,47.857],[-1.216,47.836],[-1.223,47.819],[-1.238,47.81],[-1.24,47.802],[-1.246,47.777],[-1.337,47.795],[-1.34,47.795],[-1.365,47.799],[-1.382,47.824],[-1.409,47.827],[-1.415,47.827],[-1.483,47.832],[-1.469,47.806],[-1.512,47.797],[-1.529,47.785],[-1.575,47.778],[-1.594,47.776],[-1.598,47.766],[-1.627,47.76],[-1.638,47.722],[-1.644,47.722],[-1.704,47.7],[-1.733,47.702],[-1.786,47.7],[-1.838,47.707],[-1.853,47.708],[-1.883,47.695],[-1.885,47.696],[-1.935,47.687],[-1.957,47.671],[-1.973,47.694],[-1.974,47.694],[-2.012,47.667],[-2.043,47.666],[-2.054,47.649],[-2.082,47.65],[-2.097,47.632],[-2.103,47.635],[-2.11,47.657],[-2.104,47.676],[-2.122,47.683],[-2.129,47.718],[-2.109,47.736],[-2.059,47.738],[-2.062,47.751],[-2.086,47.763],[-2.128,47.761],[-2.074,47.789],[-2.072,47.799],[-2.047,47.819],[-2.036,47.834],[-2.051,47.857],[-2.055,47.869],[-2.055,47.869],[-2.069,47.852],[-2.11,47.849],[-2.096,47.862],[-2.116,47.88],[-2.093,47.902],[-2.082,47.909],[-2.078,47.919],[-2.105,47.952],[-2.119,47.961],[-2.123,47.964],[-2.138,47.98],[-2.173,47.98],[-2.214,47.993],[-2.239,48.0],[-2.288,47.992],[-2.28,48.021],[-2.273,48.031],[-2.25,48.048],[-2.194,48.051],[-2.168,48.076],[-2.182,48.083],[-2.219,48.081],[-2.256,48.063],[-2.254,48.09],[-2.255,48.097],[-2.255,48.109],[-2.288,48.134],[-2.283,48.146],[-2.225,48.171],[-2.228,48.211],[-2.184,48.215],[-2.178,48.251],[-2.153,48.262],[-2.107,48.252],[-2.11,48.275],[-2.053,48.298],[-2.014,48.28],[-1.993,48.299],[-1.958,48.293],[-1.955,48.319],[-1.967,48.343],[-1.932,48.355],[-1.94,48.386],[-1.93,48.394],[-1.941,48.411],[-1.949,48.446],[-1.938,48.448],[-1.927,48.477],[-1.909,48.482],[-1.923,48.505],[-1.911,48.517],[-1.932,48.551],[-1.946,48.54],[-1.963,48.556],[-1.955,48.576],[-1.962,48.593],[-1.997,48.604],[-2.029,48.647],[-1.961,48.681],[-1.938,48.694],[-1.892,48.696],[-1.85,48.702],[-1.838,48.679],[-1.864,48.657],[-1.857,48.625],[-1.846,48.616],[-1.791,48.606],[-1.768,48.602],[-1.768,48.602],[-1.668,48.611],[-1.637,48.615],[-1.571,48.626],[-1.555,48.609],[-1.528,48.579],[-1.527,48.562],[-1.518,48.53],[-1.515,48.53],[-1.496,48.509],[-1.49,48.489]]],[[[-2.082,48.636],[-2.057,48.64],[-2.033,48.62],[-2.036,48.602],[-2.014,48.587],[-2.007,48.566],[-2.019,48.559],[-2.039,48.542],[-2.053,48.552],[-2.081,48.568],[-2.125,48.593],[-2.126,48.598],[-2.124,48.605],[-2.141,48.626],[-2.124,48.635],[-2.082,48.636]]]]}},{"type":"Feature","properties":{"district":"Indre","constituency_code":"FR2007-DPT-36","electorate_type":"Department"},"geometry":{"type":"Polygon","coordinates":[[[1.9,46.439],[1.884,46.433],[1.819,46.432],[1.798,46.455],[1.748,46.45],[1.753,46.446],[1.751,46.406],[1.726,46.391],[1.684,46.418],[1.655,46.395],[1.625,46.39],[1.609,46.423],[1.574,46.407],[1.525,46.427],[1.5,46.406],[1.497,46.395],[1.416,46.347],[1.397,46.372],[1.376,46.384],[1.362,46.396],[1.345,46.402],[1.313,46.394],[1.283,46.372],[1.28,46.377],[1.238,46.366],[1.213,46.388],[1.193,46.377],[1.177,46.384],[1.213,46.433],[1.184,46.429],[1.169,46.446],[1.135,46.471],[1.149,46.502],[1.124,46.522],[1.088,46.538],[1.02,46.537],[1.014,46.568],[0.982,46.574],[0.941,46.581],[0.938,46.594],[0.916,46.597],[0.896,46.632],[0.907,46.667],[0.902,46.678],[0.925,46.7],[0.903,46.731],[0.867,46.748],[0.917,46.757],[0.947,46.737],[0.98,46.756],[1.012,46.758],[1.01,46.769],[0.987,46.798],[1.023,46.846],[1.025,46.88],[1.025,46.88],[1.037,46.942],[1.045,46.945],[1.06,46.972],[1.056,46.997],[1.078,47.016],[1.11,47.029],[1.115,47.024],[1.181,47.041],[1.193,47.032],[1.207,47.028],[1.232,47.014],[1.247,47.021],[1.278,47.04],[1.289,47.063],[1.293,47.072],[1.312,47.072],[1.318,47.104],[1.356,47.109],[1.363,47.135],[1.343,47.174],[1.327,47.186],[1.409,47.217],[1.422,47.229],[1.473,47.239],[1.503,47.235],[1.528,47.219],[1.533,47.23],[1.524,47.255],[1.593,47.258],[1.608,47.275],[1.638,47.275],[1.668,47.257],[1.716,47.277],[1.75,47.247],[1.776,47.232],[1.796,47.238],[1.814,47.23],[1.839,47.22],[1.842,47.178],[1.814,47.167],[1.811,47.164],[1.774,47.131],[1.781,47.129],[1.809,47.122],[1.847,47.111],[1.883,47.101],[1.888,47.105],[1.938,47.111],[1.947,47.117],[1.996,47.127],[2.0,47.114],[2.053,47.102],[2.055,47.072],[2.039,47.058],[2.031,47.042],[2.053,47.038],[2.083,47.019],[2.097,47.012],[2.109,46.997],[2.095,46.981],[2.084,46.959],[2.081,46.956],[2.07,46.954],[2.071,46.934],[2.11,46.913],[2.155,46.912],[2.126,46.88],[2.083,46.869],[2.096,46.855],[2.073,46.838],[2.048,46.833],[2.072,46.809],[2.104,46.794],[2.115,46.774],[2.066,46.743],[2.091,46.728],[2.087,46.712],[2.118,46.71],[2.155,46.692],[2.136,46.674],[2.152,46.659],[2.189,46.642],[2.187,46.616],[2.181,46.6],[2.167,46.589],[2.175,46.564],[2.159,46.557],[2.183,46.513],[2.195,46.506],[2.2,46.481],[2.152,46.458],[2.168,46.424],[2.14,46.421],[2.089,46.41],[2.064,46.422],[2.029,46.425],[1.993,46.431],[1.991,46.435],[1.979,46.442],[1.926,46.432],[1.9,46.439],[1.9,46.439]]]}},{"type":"Feature","properties":{"district":"Indre-et-Loire","constituency_code":"FR2007-DPT-37","electorate_type":"Department"},"geometry":{"type":"Polygon","coordinates":[[[0.704,46.909],[0.703,46.926],[0.696,46.959],[0.695,46.962],[0.694,46.973],[0.638,46.985],[0.624,46.994],[0.622,46.999],[0.591,47.007],[0.568,47.007],[0.567,47.003],[0.575,46.993],[0.574,46.983],[0.602,46.959],[0.554,46.958],[0.505,46.96],[0.491,46.955],[0.445,46.941],[0.439,46.929],[0.405,46.936],[0.388,46.944],[0.348,46.937],[0.325,46.931],[0.302,46.955],[0.298,46.971],[0.291,46.99],[0.308,47.0],[0.31,47.028],[0.298,47.054],[0.264,47.046],[0.268,47.068],[0.235,47.069],[0.208,47.053],[0.176,47.061],[0.201,47.091],[0.182,47.115],[0.162,47.1],[0.135,47.107],[0.141,47.125],[0.105,47.121],[0.084,47.118],[0.078,47.146],[0.054,47.164],[0.067,47.19],[0.054,47.199],[0.075,47.214],[0.072,47.22],[0.08,47.272],[0.089,47.275],[0.078,47.283],[0.117,47.332],[0.147,47.346],[0.14,47.362],[0.154,47.364],[0.183,47.38],[0.153,47.399],[0.185,47.426],[0.181,47.453],[0.199,47.477],[0.22,47.502],[0.225,47.527],[0.199,47.541],[0.215,47.573],[0.234,47.578],[0.23,47.608],[0.259,47.612],[0.277,47.598],[0.322,47.595],[0.339,47.58],[0.378,47.568],[0.402,47.578],[0.395,47.595],[0.365,47.62],[0.383,47.643],[0.396,47.641],[0.432,47.618],[0.462,47.643],[0.498,47.645],[0.559,47.666],[0.558,47.671],[0.597,47.673],[0.615,47.694],[0.654,47.685],[0.675,47.699],[0.712,47.682],[0.737,47.695],[0.788,47.68],[0.812,47.682],[0.834,47.677],[0.844,47.682],[0.868,47.687],[0.862,47.677],[0.844,47.645],[0.859,47.638],[0.853,47.613],[0.861,47.599],[0.899,47.604],[0.919,47.633],[0.937,47.628],[0.965,47.63],[0.992,47.62],[0.997,47.584],[1.004,47.585],[1.033,47.607],[1.064,47.566],[1.077,47.572],[1.047,47.537],[1.045,47.532],[1.07,47.522],[1.082,47.488],[1.093,47.471],[1.087,47.462],[1.113,47.466],[1.133,47.449],[1.114,47.428],[1.085,47.43],[1.102,47.418],[1.122,47.384],[1.107,47.373],[1.123,47.354],[1.106,47.331],[1.095,47.329],[1.108,47.299],[1.133,47.294],[1.162,47.272],[1.174,47.289],[1.216,47.293],[1.224,47.294],[1.244,47.284],[1.243,47.278],[1.242,47.276],[1.288,47.241],[1.303,47.22],[1.322,47.194],[1.327,47.186],[1.343,47.174],[1.363,47.135],[1.356,47.109],[1.318,47.104],[1.312,47.072],[1.293,47.072],[1.289,47.063],[1.278,47.04],[1.247,47.021],[1.232,47.014],[1.207,47.028],[1.193,47.032],[1.181,47.041],[1.115,47.024],[1.11,47.029],[1.078,47.016],[1.056,46.997],[1.06,46.972],[1.045,46.945],[1.037,46.942],[1.025,46.88],[1.025,46.88],[1.023,46.846],[0.987,46.798],[1.01,46.769],[1.012,46.758],[0.98,46.756],[0.947,46.737],[0.917,46.757],[0.867,46.748],[0.86,46.756],[0.812,46.795],[0.81,46.814],[0.81,46.816],[0.797,46.847],[0.766,46.856],[0.744,46.872],[0.729,46.883],[0.704,46.909]]]}},{"type":"Feature","properties":{"district":"Isère","constituency_code":"FR2007-DPT-38","electorate_type":"Department"},"geometry":{"type":"Polygon","coordinates":[[[6.17,45.36],[6.195,45.352],[6.191,45.34],[6.188,45.333],[6.187,45.32],[6.154,45.311],[6.132,45.288],[6.139,45.256],[6.126,45.244],[6.138,45.214],[6.162,45.189],[6.144,45.155],[6.169,45.154],[6.181,45.165],[6.261,45.127],[6.229,45.108],[6.24,45.075],[6.22,45.065],[6.204,45.012],[6.205,45.012],[6.252,44.997],[6.318,45.004],[6.315,44.979],[6.329,44.947],[6.358,44.942],[6.359,44.888],[6.354,44.853],[6.336,44.848],[6.304,44.873],[6.271,44.871],[6.25,44.852],[6.196,44.859],[6.17,44.852],[6.133,44.865],[6.097,44.838],[6.056,44.816],[6.03,44.838],[6.006,44.821],[5.979,44.819],[5.95,44.804],[5.978,44.791],[5.98,44.781],[5.953,44.771],[5.951,44.76],[5.886,44.747],[5.827,44.76],[5.829,44.742],[5.801,44.707],[5.756,44.696],[5.704,44.729],[5.647,44.724],[5.644,44.732],[5.629,44.745],[5.626,44.753],[5.622,44.754],[5.584,44.765],[5.582,44.778],[5.561,44.789],[5.532,44.775],[5.482,44.786],[5.482,44.786],[5.485,44.823],[5.464,44.826],[5.476,44.867],[5.484,44.923],[5.478,44.967],[5.488,44.99],[5.484,45.023],[5.465,45.044],[5.475,45.07],[5.494,45.072],[5.457,45.082],[5.448,45.072],[5.397,45.038],[5.353,45.047],[5.352,45.047],[5.333,45.06],[5.32,45.052],[5.306,45.056],[5.292,45.064],[5.275,45.057],[5.267,45.056],[5.245,45.067],[5.228,45.077],[5.224,45.08],[5.214,45.083],[5.183,45.085],[5.163,45.066],[5.134,45.075],[5.163,45.099],[5.187,45.12],[5.188,45.128],[5.19,45.164],[5.17,45.195],[5.179,45.217],[5.202,45.217],[5.177,45.249],[5.153,45.256],[5.122,45.245],[5.139,45.297],[5.136,45.298],[5.075,45.282],[5.074,45.283],[5.068,45.296],[5.059,45.314],[5.033,45.318],[5.021,45.319],[5.009,45.342],[4.978,45.338],[4.948,45.329],[4.928,45.323],[4.904,45.31],[4.859,45.298],[4.859,45.309],[4.81,45.301],[4.8,45.298],[4.782,45.31],[4.761,45.336],[4.761,45.339],[4.773,45.355],[4.756,45.366],[4.757,45.372],[4.755,45.398],[4.745,45.408],[4.76,45.433],[4.76,45.438],[4.756,45.447],[4.755,45.451],[4.757,45.456],[4.776,45.454],[4.78,45.455],[4.781,45.458],[4.78,45.47],[4.8,45.479],[4.802,45.479],[4.842,45.501],[4.846,45.504],[4.861,45.517],[4.872,45.527],[4.837,45.544],[4.82,45.559],[4.816,45.566],[4.809,45.573],[4.777,45.588],[4.81,45.59],[4.849,45.58],[4.858,45.576],[4.86,45.591],[4.888,45.601],[4.891,45.602],[4.926,45.606],[4.933,45.607],[4.971,45.613],[4.998,45.603],[4.989,45.619],[5.044,45.621],[5.04,45.647],[5.058,45.653],[5.054,45.661],[5.089,45.677],[5.104,45.699],[5.131,45.708],[5.154,45.7],[5.155,45.702],[5.159,45.715],[5.134,45.734],[5.094,45.739],[5.094,45.766],[5.06,45.782],[5.089,45.785],[5.101,45.814],[5.122,45.811],[5.144,45.804],[5.177,45.793],[5.186,45.782],[5.2,45.771],[5.24,45.777],[5.256,45.784],[5.266,45.789],[5.291,45.814],[5.302,45.848],[5.335,45.874],[5.341,45.88],[5.378,45.869],[5.404,45.857],[5.416,45.848],[5.433,45.832],[5.435,45.83],[5.423,45.807],[5.438,45.796],[5.447,45.786],[5.461,45.778],[5.498,45.744],[5.518,45.731],[5.527,45.715],[5.546,45.714],[5.55,45.682],[5.567,45.673],[5.586,45.667],[5.615,45.625],[5.624,45.613],[5.638,45.59],[5.647,45.577],[5.674,45.553],[5.681,45.541],[5.673,45.543],[5.691,45.528],[5.691,45.522],[5.696,45.52],[5.701,45.518],[5.714,45.497],[5.72,45.483],[5.736,45.472],[5.74,45.438],[5.758,45.435],[5.761,45.436],[5.783,45.442],[5.81,45.426],[5.834,45.42],[5.881,45.407],[5.895,45.389],[5.905,45.43],[5.904,45.432],[5.926,45.464],[5.915,45.477],[5.966,45.492],[6.011,45.458],[6.008,45.454],[6.05,45.438],[6.054,45.44],[6.077,45.443],[6.091,45.444],[6.095,45.432],[6.103,45.434],[6.122,45.439],[6.145,45.414],[6.178,45.393],[6.192,45.369],[6.17,45.36]]]}},{"type":"Feature","properties":{"district":"Jura","constituency_code":"FR2007-DPT-39","electorate_type":"Department"},"geometry":{"type":"Polygon","coordinates":[[[5.359,47.081],[5.363,47.078],[5.378,47.08],[5.391,47.09],[5.401,47.108],[5.412,47.12],[5.414,47.133],[5.429,47.137],[5.438,47.152],[5.449,47.16],[5.452,47.166],[5.453,47.194],[5.449,47.203],[5.474,47.213],[5.48,47.237],[5.485,47.238],[5.483,47.26],[5.488,47.28],[5.489,47.285],[5.505,47.284],[5.518,47.304],[5.522,47.306],[5.555,47.269],[5.573,47.262],[5.584,47.255],[5.611,47.259],[5.642,47.256],[5.646,47.259],[5.653,47.265],[5.676,47.276],[5.684,47.272],[5.699,47.265],[5.718,47.238],[5.714,47.236],[5.721,47.223],[5.727,47.218],[5.738,47.201],[5.757,47.197],[5.761,47.194],[5.785,47.189],[5.785,47.171],[5.812,47.169],[5.813,47.15],[5.828,47.141],[5.806,47.116],[5.79,47.102],[5.779,47.074],[5.785,47.055],[5.753,47.04],[5.75,47.017],[5.764,47.013],[5.792,47.023],[5.801,47.045],[5.81,47.047],[5.816,47.023],[5.84,47.015],[5.841,47.009],[5.847,47.003],[5.882,47.005],[5.885,46.998],[5.917,47.014],[5.922,47.014],[5.915,46.987],[5.945,46.989],[5.944,46.98],[5.944,46.98],[5.954,46.981],[5.969,46.977],[5.969,46.976],[5.975,46.973],[5.98,46.964],[5.956,46.949],[5.966,46.948],[5.997,46.934],[5.984,46.921],[6.009,46.896],[6.006,46.873],[6.032,46.871],[6.028,46.86],[6.025,46.856],[6.047,46.846],[6.072,46.857],[6.093,46.843],[6.103,46.845],[6.106,46.846],[6.152,46.82],[6.149,46.816],[6.196,46.78],[6.203,46.773],[6.18,46.742],[6.164,46.734],[6.155,46.732],[6.137,46.724],[6.131,46.72],[6.131,46.719],[6.113,46.708],[6.104,46.704],[6.086,46.696],[6.07,46.69],[6.106,46.651],[6.082,46.637],[6.059,46.625],[6.054,46.613],[6.048,46.608],[6.087,46.583],[6.131,46.554],[6.138,46.558],[6.157,46.545],[6.121,46.517],[6.097,46.481],[6.073,46.465],[6.086,46.443],[6.064,46.416],[6.06,46.418],[6.053,46.412],[6.015,46.376],[5.975,46.35],[5.941,46.309],[5.926,46.314],[5.909,46.284],[5.895,46.287],[5.869,46.265],[5.826,46.262],[5.818,46.263],[5.766,46.268],[5.733,46.264],[5.725,46.261],[5.715,46.309],[5.685,46.311],[5.683,46.316],[5.65,46.334],[5.637,46.336],[5.606,46.314],[5.605,46.309],[5.587,46.293],[5.565,46.294],[5.542,46.27],[5.511,46.264],[5.5,46.268],[5.474,46.264],[5.459,46.291],[5.465,46.324],[5.437,46.315],[5.424,46.348],[5.41,46.309],[5.404,46.315],[5.402,46.333],[5.374,46.352],[5.375,46.358],[5.365,46.373],[5.367,46.388],[5.309,46.41],[5.314,46.416],[5.311,46.447],[5.323,46.457],[5.323,46.463],[5.374,46.461],[5.376,46.463],[5.398,46.467],[5.42,46.48],[5.42,46.481],[5.421,46.496],[5.393,46.508],[5.36,46.524],[5.36,46.524],[5.363,46.552],[5.368,46.567],[5.362,46.577],[5.376,46.58],[5.406,46.582],[5.399,46.613],[5.414,46.615],[5.434,46.628],[5.44,46.638],[5.427,46.66],[5.425,46.662],[5.422,46.673],[5.395,46.685],[5.408,46.699],[5.407,46.704],[5.396,46.715],[5.394,46.729],[5.362,46.733],[5.367,46.752],[5.39,46.771],[5.341,46.791],[5.328,46.813],[5.336,46.821],[5.375,46.827],[5.382,46.828],[5.41,46.833],[5.417,46.827],[5.463,46.829],[5.459,46.855],[5.434,46.861],[5.431,46.861],[5.425,46.86],[5.402,46.869],[5.404,46.89],[5.392,46.894],[5.383,46.892],[5.378,46.89],[5.336,46.885],[5.312,46.912],[5.31,46.921],[5.292,46.941],[5.262,46.927],[5.252,46.944],[5.255,46.98],[5.272,46.99],[5.279,46.999],[5.318,47.013],[5.275,47.027],[5.299,47.059],[5.302,47.061],[5.332,47.077],[5.346,47.077],[5.359,47.081]]]}},{"type":"Feature","properties":{"district":"Landes","constituency_code":"FR2007-DPT-40","electorate_type":"Department"},"geometry":{"type":"Polygon","coordinates":[[[-0.194,43.737],[-0.222,43.719],[-0.25,43.708],[-0.24,43.671],[-0.243,43.664],[-0.262,43.648],[-0.282,43.643],[-0.281,43.624],[-0.247,43.616],[-0.254,43.597],[-0.243,43.585],[-0.247,43.583],[-0.287,43.575],[-0.301,43.571],[-0.302,43.566],[-0.336,43.551],[-0.349,43.556],[-0.354,43.561],[-0.401,43.563],[-0.406,43.568],[-0.438,43.553],[-0.449,43.55],[-0.462,43.563],[-0.432,43.584],[-0.441,43.593],[-0.465,43.59],[-0.508,43.569],[-0.507,43.568],[-0.526,43.558],[-0.553,43.543],[-0.557,43.543],[-0.562,43.553],[-0.567,43.558],[-0.614,43.538],[-0.616,43.544],[-0.631,43.55],[-0.633,43.554],[-0.641,43.575],[-0.662,43.569],[-0.7,43.562],[-0.708,43.541],[-0.729,43.545],[-0.734,43.556],[-0.77,43.579],[-0.794,43.564],[-0.803,43.556],[-0.843,43.554],[-0.843,43.543],[-0.864,43.544],[-0.872,43.545],[-0.912,43.548],[-0.936,43.537],[-0.962,43.535],[-1.001,43.537],[-0.994,43.509],[-0.993,43.504],[-1.024,43.502],[-1.027,43.504],[-1.069,43.508],[-1.081,43.523],[-1.108,43.514],[-1.133,43.499],[-1.17,43.493],[-1.17,43.497],[-1.165,43.508],[-1.131,43.511],[-1.159,43.539],[-1.174,43.546],[-1.196,43.546],[-1.204,43.54],[-1.25,43.517],[-1.26,43.513],[-1.288,43.499],[-1.323,43.505],[-1.335,43.503],[-1.335,43.503],[-1.37,43.495],[-1.414,43.497],[-1.418,43.497],[-1.431,43.514],[-1.466,43.516],[-1.478,43.54],[-1.502,43.527],[-1.521,43.529],[-1.494,43.57],[-1.483,43.586],[-1.467,43.61],[-1.446,43.658],[-1.441,43.684],[-1.428,43.742],[-1.41,43.783],[-1.412,43.798],[-1.4,43.836],[-1.384,43.884],[-1.351,44.001],[-1.326,44.089],[-1.31,44.086],[-1.327,44.09],[-1.317,44.129],[-1.288,44.271],[-1.281,44.308],[-1.276,44.336],[-1.254,44.467],[-1.2,44.48],[-1.107,44.503],[-1.085,44.532],[-1.026,44.507],[-1.011,44.51],[-0.991,44.512],[-0.981,44.483],[-0.992,44.461],[-1.007,44.437],[-1.029,44.423],[-0.949,44.435],[-0.919,44.443],[-0.843,44.418],[-0.78,44.428],[-0.777,44.438],[-0.73,44.446],[-0.699,44.443],[-0.682,44.451],[-0.639,44.449],[-0.627,44.429],[-0.642,44.4],[-0.642,44.4],[-0.603,44.391],[-0.528,44.365],[-0.518,44.339],[-0.479,44.325],[-0.432,44.323],[-0.43,44.305],[-0.383,44.286],[-0.397,44.237],[-0.39,44.209],[-0.373,44.207],[-0.311,44.203],[-0.264,44.196],[-0.223,44.206],[-0.226,44.265],[-0.175,44.257],[-0.141,44.226],[-0.129,44.204],[-0.129,44.152],[-0.06,44.151],[-0.004,44.15],[0.035,44.131],[0.136,44.124],[0.137,44.11],[0.101,44.087],[0.072,44.025],[0.06,44.025],[0.062,44.018],[0.076,43.983],[0.068,43.975],[0.056,43.961],[0.075,43.915],[0.059,43.897],[0.033,43.9],[-0.02,43.93],[0.006,43.943],[-0.001,43.961],[-0.036,43.984],[-0.047,43.961],[-0.099,43.942],[-0.103,43.927],[-0.135,43.936],[-0.176,43.937],[-0.2,43.915],[-0.209,43.912],[-0.24,43.898],[-0.215,43.889],[-0.201,43.885],[-0.186,43.867],[-0.204,43.86],[-0.209,43.858],[-0.194,43.841],[-0.195,43.808],[-0.213,43.809],[-0.216,43.813],[-0.222,43.787],[-0.214,43.756],[-0.218,43.75],[-0.194,43.737]]]}},{"type":"Feature","properties":{"district":"Loir-et-Cher","constituency_code":"FR2007-DPT-41","electorate_type":"Department"},"geometry":{"type":"Polygon","coordinates":[[[1.244,47.284],[1.224,47.294],[1.216,47.293],[1.174,47.289],[1.162,47.272],[1.133,47.294],[1.108,47.299],[1.095,47.329],[1.106,47.331],[1.123,47.354],[1.107,47.373],[1.122,47.384],[1.102,47.418],[1.085,47.43],[1.114,47.428],[1.133,47.449],[1.113,47.466],[1.087,47.462],[1.093,47.471],[1.082,47.488],[1.07,47.522],[1.045,47.532],[1.047,47.537],[1.077,47.572],[1.064,47.566],[1.033,47.607],[1.004,47.585],[0.997,47.584],[0.992,47.62],[0.965,47.63],[0.937,47.628],[0.919,47.633],[0.899,47.604],[0.861,47.599],[0.853,47.613],[0.859,47.638],[0.844,47.645],[0.862,47.677],[0.868,47.687],[0.844,47.682],[0.834,47.677],[0.812,47.682],[0.788,47.68],[0.737,47.695],[0.712,47.682],[0.675,47.699],[0.654,47.685],[0.615,47.694],[0.58,47.712],[0.581,47.713],[0.611,47.728],[0.611,47.732],[0.621,47.748],[0.673,47.768],[0.697,47.764],[0.713,47.79],[0.734,47.808],[0.759,47.834],[0.763,47.834],[0.768,47.831],[0.774,47.842],[0.774,47.851],[0.759,47.859],[0.759,47.898],[0.768,47.902],[0.817,47.892],[0.807,47.908],[0.816,47.934],[0.845,47.954],[0.824,47.982],[0.837,48.009],[0.842,48.03],[0.798,48.037],[0.794,48.069],[0.843,48.073],[0.841,48.103],[0.889,48.102],[0.944,48.113],[0.945,48.098],[0.995,48.127],[1.03,48.133],[1.046,48.118],[1.004,48.106],[1.009,48.083],[1.034,48.086],[1.071,48.076],[1.106,48.082],[1.116,48.053],[1.12,48.04],[1.144,48.029],[1.167,48.026],[1.169,48.007],[1.187,48.003],[1.192,47.972],[1.247,47.979],[1.261,47.969],[1.3,47.968],[1.309,47.954],[1.37,47.954],[1.383,47.978],[1.406,47.97],[1.437,47.977],[1.433,48.009],[1.458,48.008],[1.499,47.985],[1.52,47.982],[1.565,47.99],[1.556,47.955],[1.526,47.929],[1.579,47.904],[1.582,47.902],[1.583,47.893],[1.579,47.889],[1.583,47.869],[1.531,47.829],[1.527,47.819],[1.57,47.797],[1.571,47.787],[1.548,47.77],[1.601,47.741],[1.583,47.73],[1.583,47.727],[1.614,47.736],[1.627,47.761],[1.656,47.747],[1.714,47.733],[1.728,47.7],[1.719,47.696],[1.746,47.657],[1.782,47.652],[1.794,47.636],[1.803,47.648],[1.845,47.657],[1.854,47.69],[1.87,47.674],[1.914,47.675],[1.938,47.679],[1.956,47.662],[1.982,47.666],[2.009,47.679],[2.066,47.674],[2.075,47.682],[2.113,47.67],[2.204,47.679],[2.206,47.676],[2.241,47.641],[2.239,47.621],[2.198,47.607],[2.151,47.601],[2.12,47.583],[2.131,47.551],[2.196,47.549],[2.215,47.522],[2.196,47.488],[2.235,47.497],[2.248,47.492],[2.237,47.471],[2.248,47.441],[2.244,47.415],[2.23,47.408],[2.205,47.405],[2.189,47.438],[2.137,47.406],[2.115,47.422],[2.097,47.367],[2.119,47.334],[2.157,47.3],[2.133,47.281],[2.114,47.279],[2.094,47.285],[2.078,47.286],[2.025,47.265],[1.976,47.276],[1.941,47.29],[1.895,47.255],[1.909,47.244],[1.908,47.221],[1.872,47.205],[1.839,47.22],[1.814,47.23],[1.796,47.238],[1.776,47.232],[1.75,47.247],[1.716,47.277],[1.668,47.257],[1.638,47.275],[1.608,47.275],[1.593,47.258],[1.524,47.255],[1.533,47.23],[1.528,47.219],[1.503,47.235],[1.473,47.239],[1.422,47.229],[1.409,47.217],[1.327,47.186],[1.322,47.194],[1.303,47.22],[1.288,47.241],[1.242,47.276],[1.243,47.278],[1.244,47.284]]]}},{"type":"Feature","properties":{"district":"Loire","constituency_code":"FR2007-DPT-42","electorate_type":"Department"},"geometry":{"type":"Polygon","coordinates":[[[4.002,45.356],[3.978,45.376],[3.938,45.371],[3.919,45.342],[3.906,45.333],[3.903,45.339],[3.897,45.357],[3.889,45.395],[3.898,45.41],[3.914,45.423],[3.963,45.436],[3.963,45.438],[3.96,45.444],[3.975,45.448],[3.967,45.472],[3.985,45.486],[3.973,45.5],[3.965,45.503],[3.959,45.514],[3.946,45.545],[3.954,45.556],[3.94,45.572],[3.932,45.58],[3.908,45.597],[3.869,45.613],[3.861,45.616],[3.824,45.632],[3.821,45.637],[3.806,45.656],[3.795,45.673],[3.778,45.691],[3.781,45.725],[3.746,45.741],[3.727,45.756],[3.73,45.76],[3.733,45.762],[3.713,45.801],[3.728,45.831],[3.719,45.85],[3.721,45.851],[3.729,45.863],[3.715,45.871],[3.754,45.886],[3.729,45.914],[3.694,45.931],[3.71,45.974],[3.736,45.967],[3.778,45.972],[3.81,45.985],[3.832,45.999],[3.832,46.0],[3.825,46.006],[3.825,46.006],[3.806,46.053],[3.821,46.09],[3.793,46.112],[3.802,46.13],[3.791,46.157],[3.808,46.162],[3.789,46.186],[3.791,46.21],[3.773,46.227],[3.778,46.243],[3.803,46.239],[3.804,46.257],[3.85,46.262],[3.886,46.274],[3.9,46.276],[3.909,46.261],[3.89,46.214],[3.909,46.208],[3.965,46.203],[3.989,46.17],[4.031,46.172],[4.05,46.181],[4.06,46.189],[4.084,46.191],[4.104,46.199],[4.133,46.177],[4.134,46.177],[4.143,46.176],[4.185,46.18],[4.185,46.19],[4.22,46.185],[4.225,46.178],[4.227,46.178],[4.258,46.185],[4.249,46.167],[4.282,46.157],[4.303,46.174],[4.312,46.171],[4.327,46.185],[4.371,46.184],[4.363,46.2],[4.387,46.22],[4.422,46.207],[4.423,46.203],[4.406,46.182],[4.414,46.18],[4.439,46.168],[4.417,46.136],[4.382,46.15],[4.362,46.139],[4.333,46.135],[4.322,46.13],[4.309,46.11],[4.301,46.079],[4.297,46.064],[4.254,46.052],[4.261,46.037],[4.28,46.022],[4.311,46.008],[4.3,45.989],[4.244,45.997],[4.248,45.987],[4.276,45.978],[4.294,45.953],[4.346,45.93],[4.346,45.916],[4.324,45.904],[4.343,45.877],[4.363,45.864],[4.395,45.865],[4.396,45.86],[4.391,45.837],[4.376,45.825],[4.388,45.803],[4.376,45.782],[4.349,45.771],[4.359,45.751],[4.391,45.755],[4.403,45.744],[4.366,45.699],[4.374,45.691],[4.366,45.671],[4.393,45.663],[4.393,45.662],[4.393,45.654],[4.409,45.637],[4.41,45.632],[4.423,45.63],[4.442,45.623],[4.461,45.601],[4.474,45.595],[4.468,45.586],[4.505,45.577],[4.548,45.58],[4.57,45.583],[4.587,45.571],[4.603,45.571],[4.624,45.57],[4.643,45.543],[4.645,45.541],[4.659,45.543],[4.649,45.565],[4.658,45.564],[4.687,45.558],[4.685,45.555],[4.685,45.555],[4.666,45.543],[4.665,45.543],[4.651,45.531],[4.65,45.497],[4.664,45.485],[4.682,45.48],[4.722,45.494],[4.739,45.473],[4.757,45.456],[4.755,45.451],[4.756,45.447],[4.76,45.438],[4.76,45.433],[4.745,45.408],[4.755,45.398],[4.757,45.372],[4.756,45.366],[4.726,45.362],[4.723,45.355],[4.704,45.35],[4.698,45.345],[4.68,45.346],[4.638,45.326],[4.643,45.319],[4.634,45.315],[4.612,45.292],[4.598,45.289],[4.599,45.269],[4.605,45.264],[4.585,45.244],[4.568,45.248],[4.509,45.231],[4.483,45.237],[4.479,45.238],[4.457,45.253],[4.419,45.275],[4.371,45.26],[4.361,45.292],[4.366,45.301],[4.332,45.318],[4.368,45.337],[4.336,45.367],[4.308,45.371],[4.271,45.36],[4.271,45.375],[4.245,45.385],[4.239,45.385],[4.227,45.39],[4.162,45.389],[4.144,45.384],[4.108,45.355],[4.099,45.36],[4.071,45.336],[4.036,45.354],[4.021,45.328],[4.015,45.334],[4.002,45.356]]]}},{"type":"Feature","properties":{"district":"Haute-Loire","constituency_code":"FR2007-DPT-43","electorate_type":"Department"},"geometry":{"type":"Polygon","coordinates":[[[3.312,45.118],[3.288,45.12],[3.282,45.152],[3.268,45.154],[3.261,45.183],[3.272,45.21],[3.247,45.216],[3.221,45.244],[3.226,45.272],[3.185,45.28],[3.165,45.269],[3.16,45.295],[3.132,45.286],[3.098,45.301],[3.113,45.327],[3.104,45.354],[3.151,45.351],[3.181,45.352],[3.212,45.367],[3.216,45.37],[3.219,45.369],[3.236,45.395],[3.26,45.391],[3.287,45.4],[3.291,45.404],[3.296,45.419],[3.33,45.397],[3.341,45.422],[3.356,45.423],[3.367,45.411],[3.406,45.403],[3.42,45.397],[3.456,45.4],[3.501,45.428],[3.521,45.402],[3.569,45.402],[3.581,45.383],[3.587,45.374],[3.591,45.357],[3.619,45.338],[3.64,45.348],[3.667,45.377],[3.684,45.38],[3.706,45.361],[3.719,45.361],[3.756,45.354],[3.78,45.352],[3.791,45.385],[3.836,45.383],[3.837,45.366],[3.897,45.357],[3.903,45.339],[3.906,45.333],[3.919,45.342],[3.938,45.371],[3.978,45.376],[4.002,45.356],[4.015,45.334],[4.021,45.328],[4.036,45.354],[4.071,45.336],[4.099,45.36],[4.108,45.355],[4.144,45.384],[4.162,45.389],[4.227,45.39],[4.239,45.385],[4.245,45.385],[4.271,45.375],[4.271,45.36],[4.308,45.371],[4.336,45.367],[4.368,45.337],[4.332,45.318],[4.366,45.301],[4.361,45.292],[4.371,45.26],[4.419,45.275],[4.457,45.253],[4.479,45.238],[4.483,45.237],[4.481,45.216],[4.481,45.196],[4.458,45.169],[4.443,45.142],[4.457,45.119],[4.441,45.112],[4.436,45.109],[4.411,45.141],[4.376,45.144],[4.37,45.13],[4.4,45.118],[4.385,45.101],[4.359,45.1],[4.346,45.075],[4.379,45.036],[4.352,45.028],[4.316,45.031],[4.3,45.02],[4.307,44.986],[4.294,44.967],[4.251,44.959],[4.235,44.968],[4.225,44.963],[4.217,44.933],[4.19,44.914],[4.178,44.886],[4.157,44.873],[4.118,44.878],[4.088,44.87],[4.078,44.87],[4.029,44.866],[4.02,44.846],[4.029,44.835],[3.982,44.811],[3.964,44.829],[3.944,44.821],[3.924,44.771],[3.925,44.77],[3.914,44.765],[3.863,44.744],[3.83,44.755],[3.842,44.772],[3.819,44.773],[3.764,44.801],[3.76,44.816],[3.735,44.84],[3.735,44.833],[3.666,44.829],[3.674,44.854],[3.644,44.877],[3.594,44.877],[3.598,44.857],[3.583,44.826],[3.507,44.824],[3.491,44.808],[3.479,44.81],[3.442,44.854],[3.436,44.88],[3.419,44.908],[3.411,44.918],[3.412,44.945],[3.372,44.96],[3.373,44.976],[3.361,44.971],[3.371,45.002],[3.35,45.002],[3.337,45.025],[3.308,45.023],[3.298,45.039],[3.312,45.081],[3.287,45.097],[3.301,45.107],[3.329,45.095],[3.362,45.104],[3.314,45.118],[3.312,45.118]]]}},{"type":"Feature","properties":{"district":"Loire-Atlantique","constituency_code":"FR2007-DPT-44","electorate_type":"Department"},"geometry":{"type":"Polygon","coordinates":[[[-1.114,47.368],[-1.169,47.365],[-1.184,47.354],[-1.228,47.35],[-1.307,47.334],[-1.354,47.304],[-1.282,47.296],[-1.276,47.27],[-1.254,47.25],[-1.231,47.24],[-1.207,47.253],[-1.181,47.241],[-1.189,47.22],[-1.18,47.207],[-1.162,47.186],[-1.17,47.171],[-1.188,47.158],[-1.238,47.135],[-1.232,47.11],[-1.249,47.098],[-1.179,47.095],[-1.162,47.08],[-1.115,47.061],[-1.117,47.04],[-1.148,47.029],[-1.201,47.04],[-1.21,47.05],[-1.217,47.054],[-1.273,47.083],[-1.291,47.07],[-1.299,47.035],[-1.346,47.046],[-1.379,47.031],[-1.365,47.007],[-1.359,46.981],[-1.373,46.952],[-1.413,46.945],[-1.462,46.927],[-1.472,46.934],[-1.459,46.956],[-1.477,46.981],[-1.463,46.997],[-1.481,47.035],[-1.496,47.042],[-1.5,47.041],[-1.555,47.015],[-1.551,46.991],[-1.543,46.962],[-1.52,46.941],[-1.546,46.926],[-1.501,46.883],[-1.549,46.86],[-1.61,46.871],[-1.64,46.878],[-1.664,46.875],[-1.687,46.89],[-1.73,46.888],[-1.736,46.911],[-1.746,46.919],[-1.75,46.931],[-1.832,46.932],[-1.825,46.948],[-1.898,46.962],[-1.917,46.992],[-1.939,46.994],[-1.972,47.029],[-1.976,47.029],[-2.021,47.069],[-2.053,47.095],[-2.111,47.11],[-2.177,47.122],[-2.22,47.125],[-2.229,47.145],[-2.172,47.161],[-2.158,47.197],[-2.182,47.233],[-2.17,47.268],[-2.181,47.276],[-2.221,47.267],[-2.275,47.239],[-2.303,47.237],[-2.358,47.273],[-2.413,47.285],[-2.417,47.285],[-2.45,47.264],[-2.504,47.281],[-2.54,47.289],[-2.525,47.302],[-2.502,47.285],[-2.467,47.293],[-2.511,47.301],[-2.508,47.343],[-2.527,47.363],[-2.559,47.375],[-2.498,47.404],[-2.468,47.417],[-2.434,47.413],[-2.457,47.427],[-2.459,47.448],[-2.423,47.477],[-2.417,47.46],[-2.378,47.463],[-2.317,47.461],[-2.299,47.516],[-2.297,47.516],[-2.244,47.494],[-2.198,47.511],[-2.181,47.491],[-2.154,47.496],[-2.144,47.525],[-2.099,47.533],[-2.097,47.573],[-2.105,47.578],[-2.085,47.607],[-2.097,47.632],[-2.082,47.65],[-2.054,47.649],[-2.043,47.666],[-2.012,47.667],[-1.974,47.694],[-1.973,47.694],[-1.957,47.671],[-1.935,47.687],[-1.885,47.696],[-1.883,47.695],[-1.853,47.708],[-1.838,47.707],[-1.786,47.7],[-1.733,47.702],[-1.704,47.7],[-1.644,47.722],[-1.638,47.722],[-1.627,47.76],[-1.598,47.766],[-1.594,47.776],[-1.575,47.778],[-1.529,47.785],[-1.512,47.797],[-1.469,47.806],[-1.483,47.832],[-1.415,47.827],[-1.409,47.827],[-1.382,47.824],[-1.365,47.799],[-1.34,47.795],[-1.337,47.795],[-1.246,47.777],[-1.242,47.743],[-1.256,47.743],[-1.215,47.719],[-1.196,47.722],[-1.181,47.697],[-1.175,47.694],[-1.18,47.665],[-1.163,47.66],[-1.157,47.636],[-1.138,47.619],[-1.124,47.619],[-1.059,47.601],[-1.025,47.599],[-1.033,47.572],[-1.039,47.549],[-1.044,47.506],[-1.013,47.489],[-0.966,47.492],[-0.959,47.481],[-0.953,47.451],[-0.961,47.423],[-0.947,47.387],[-0.968,47.377],[-1.041,47.365],[-1.064,47.37],[-1.102,47.367],[-1.114,47.368]]]}},{"type":"Feature","properties":{"district":"Loiret","constituency_code":"FR2007-DPT-45","electorate_type":"Department"},"geometry":{"type":"Polygon","coordinates":[[[2.936,47.763],[2.913,47.769],[2.856,47.762],[2.849,47.726],[2.849,47.717],[2.884,47.702],[2.893,47.699],[2.926,47.682],[2.918,47.67],[2.941,47.658],[2.954,47.646],[2.936,47.636],[2.932,47.627],[2.936,47.599],[2.977,47.569],[2.959,47.558],[2.914,47.566],[2.909,47.56],[2.884,47.553],[2.845,47.545],[2.874,47.52],[2.806,47.494],[2.767,47.525],[2.732,47.538],[2.727,47.536],[2.727,47.499],[2.687,47.483],[2.669,47.485],[2.656,47.51],[2.612,47.527],[2.607,47.549],[2.567,47.569],[2.547,47.575],[2.491,47.568],[2.438,47.61],[2.373,47.586],[2.307,47.618],[2.289,47.629],[2.239,47.621],[2.241,47.641],[2.206,47.676],[2.204,47.679],[2.113,47.67],[2.075,47.682],[2.066,47.674],[2.009,47.679],[1.982,47.666],[1.956,47.662],[1.938,47.679],[1.914,47.675],[1.87,47.674],[1.854,47.69],[1.845,47.657],[1.803,47.648],[1.794,47.636],[1.782,47.652],[1.746,47.657],[1.719,47.696],[1.728,47.7],[1.714,47.733],[1.656,47.747],[1.627,47.761],[1.614,47.736],[1.583,47.727],[1.583,47.73],[1.601,47.741],[1.548,47.77],[1.571,47.787],[1.57,47.797],[1.527,47.819],[1.531,47.829],[1.583,47.869],[1.579,47.889],[1.583,47.893],[1.582,47.902],[1.579,47.904],[1.526,47.929],[1.556,47.955],[1.565,47.99],[1.52,47.982],[1.518,48.012],[1.512,48.028],[1.545,48.044],[1.587,48.031],[1.621,48.048],[1.622,48.064],[1.659,48.077],[1.678,48.066],[1.689,48.078],[1.709,48.067],[1.771,48.07],[1.8,48.084],[1.803,48.089],[1.838,48.081],[1.865,48.095],[1.89,48.106],[1.9,48.127],[1.912,48.129],[1.92,48.146],[1.908,48.159],[1.925,48.174],[1.969,48.172],[1.971,48.178],[1.979,48.204],[1.963,48.223],[1.967,48.235],[1.962,48.246],[1.987,48.269],[1.994,48.287],[2.051,48.29],[2.053,48.295],[2.11,48.297],[2.162,48.298],[2.162,48.303],[2.154,48.308],[2.169,48.313],[2.171,48.315],[2.182,48.313],[2.207,48.345],[2.246,48.33],[2.238,48.316],[2.245,48.298],[2.255,48.301],[2.269,48.315],[2.296,48.308],[2.317,48.332],[2.329,48.333],[2.358,48.309],[2.403,48.321],[2.42,48.3],[2.42,48.267],[2.422,48.264],[2.44,48.253],[2.469,48.255],[2.484,48.239],[2.506,48.239],[2.514,48.214],[2.518,48.214],[2.523,48.198],[2.52,48.194],[2.506,48.157],[2.483,48.165],[2.472,48.155],[2.444,48.132],[2.459,48.126],[2.522,48.125],[2.537,48.14],[2.571,48.141],[2.603,48.132],[2.639,48.139],[2.664,48.12],[2.667,48.121],[2.707,48.125],[2.756,48.146],[2.737,48.166],[2.781,48.167],[2.81,48.161],[2.799,48.137],[2.821,48.13],[2.867,48.156],[2.871,48.157],[2.9,48.16],[2.937,48.163],[2.964,48.153],[3.004,48.145],[3.023,48.136],[3.016,48.116],[3.043,48.093],[3.05,48.089],[3.05,48.072],[3.095,48.054],[3.124,48.031],[3.124,48.031],[3.1,48.019],[3.121,47.996],[3.127,47.991],[3.128,47.971],[3.105,47.947],[3.051,47.924],[3.031,47.908],[3.007,47.895],[2.995,47.867],[3.023,47.861],[3.029,47.835],[3.015,47.813],[3.024,47.813],[3.024,47.786],[2.98,47.783],[2.936,47.763]]]}},{"type":"Feature","properties":{"district":"Lot","constituency_code":"FR2007-DPT-46","electorate_type":"Department"},"geometry":{"type":"Polygon","coordinates":[[[1.702,44.315],[1.671,44.298],[1.67,44.293],[1.67,44.291],[1.66,44.283],[1.651,44.297],[1.643,44.271],[1.616,44.278],[1.617,44.297],[1.588,44.301],[1.58,44.26],[1.579,44.244],[1.545,44.23],[1.527,44.237],[1.509,44.274],[1.473,44.284],[1.451,44.254],[1.426,44.242],[1.423,44.243],[1.394,44.229],[1.358,44.203],[1.33,44.231],[1.281,44.236],[1.285,44.253],[1.3,44.295],[1.244,44.266],[1.203,44.282],[1.184,44.287],[1.179,44.31],[1.151,44.307],[1.12,44.318],[1.11,44.34],[1.081,44.354],[1.127,44.373],[1.132,44.394],[1.104,44.392],[1.064,44.379],[1.051,44.392],[1.062,44.402],[1.057,44.428],[1.047,44.431],[1.021,44.456],[1.023,44.475],[1.009,44.48],[1.016,44.507],[0.982,44.544],[1.013,44.536],[1.041,44.558],[1.042,44.558],[1.075,44.577],[1.103,44.572],[1.103,44.581],[1.107,44.604],[1.127,44.617],[1.151,44.633],[1.147,44.653],[1.147,44.671],[1.181,44.683],[1.225,44.684],[1.225,44.686],[1.27,44.722],[1.287,44.715],[1.3,44.744],[1.316,44.74],[1.308,44.771],[1.293,44.79],[1.325,44.806],[1.356,44.81],[1.364,44.812],[1.365,44.845],[1.403,44.849],[1.403,44.851],[1.409,44.865],[1.412,44.873],[1.442,44.878],[1.44,44.889],[1.411,44.909],[1.433,44.937],[1.433,44.946],[1.409,45.007],[1.448,45.019],[1.477,45.027],[1.48,45.027],[1.527,45.044],[1.552,45.028],[1.576,45.041],[1.608,45.034],[1.609,45.029],[1.632,45.032],[1.652,45.025],[1.671,45.004],[1.684,45.003],[1.692,44.993],[1.703,44.987],[1.709,44.97],[1.711,44.967],[1.713,44.968],[1.741,44.961],[1.754,44.941],[1.774,44.925],[1.775,44.924],[1.786,44.937],[1.8,44.92],[1.801,44.92],[1.83,44.934],[1.843,44.937],[1.851,44.946],[1.887,44.956],[1.908,44.978],[1.926,44.978],[1.94,44.972],[1.951,44.953],[1.986,44.975],[2.045,44.984],[2.063,44.977],[2.076,44.942],[2.108,44.911],[2.084,44.886],[2.117,44.848],[2.128,44.841],[2.14,44.824],[2.166,44.799],[2.172,44.79],[2.169,44.782],[2.151,44.77],[2.149,44.77],[2.154,44.753],[2.149,44.722],[2.13,44.699],[2.138,44.693],[2.153,44.7],[2.179,44.674],[2.166,44.661],[2.17,44.638],[2.177,44.636],[2.208,44.616],[2.186,44.591],[2.17,44.592],[2.169,44.592],[2.153,44.572],[2.116,44.573],[2.095,44.578],[2.084,44.587],[2.039,44.574],[2.029,44.558],[2.028,44.558],[1.984,44.547],[1.979,44.541],[1.972,44.533],[1.958,44.519],[1.948,44.517],[1.919,44.504],[1.916,44.486],[1.888,44.505],[1.877,44.484],[1.862,44.487],[1.848,44.468],[1.85,44.435],[1.873,44.424],[1.873,44.424],[1.874,44.391],[1.912,44.357],[1.882,44.34],[1.847,44.338],[1.827,44.324],[1.806,44.337],[1.783,44.328],[1.702,44.315]]]}},{"type":"Feature","properties":{"district":"Lot-et-Garonne","constituency_code":"FR2007-DPT-47","electorate_type":"Department"},"geometry":{"type":"Polygon","coordinates":[[[0.355,44.655],[0.369,44.661],[0.417,44.645],[0.417,44.645],[0.452,44.656],[0.471,44.67],[0.496,44.67],[0.522,44.679],[0.534,44.674],[0.567,44.671],[0.591,44.697],[0.62,44.691],[0.63,44.707],[0.656,44.69],[0.657,44.678],[0.685,44.676],[0.696,44.677],[0.729,44.676],[0.763,44.69],[0.787,44.685],[0.797,44.702],[0.832,44.684],[0.826,44.676],[0.852,44.669],[0.835,44.653],[0.817,44.627],[0.829,44.613],[0.858,44.598],[0.87,44.597],[0.877,44.616],[0.908,44.622],[0.916,44.625],[0.944,44.64],[0.996,44.633],[1.012,44.616],[1.034,44.609],[1.073,44.596],[1.075,44.577],[1.042,44.558],[1.041,44.558],[1.013,44.536],[0.982,44.544],[1.016,44.507],[1.009,44.48],[1.023,44.475],[1.021,44.456],[1.047,44.431],[1.057,44.428],[1.062,44.402],[1.051,44.392],[1.064,44.379],[1.028,44.364],[0.997,44.369],[0.942,44.353],[0.942,44.345],[0.941,44.344],[0.937,44.37],[0.92,44.384],[0.911,44.383],[0.894,44.373],[0.892,44.35],[0.896,44.346],[0.883,44.329],[0.873,44.324],[0.869,44.309],[0.895,44.297],[0.916,44.302],[0.924,44.292],[0.951,44.275],[0.928,44.267],[0.919,44.238],[0.929,44.23],[0.903,44.19],[0.861,44.193],[0.86,44.193],[0.853,44.175],[0.864,44.174],[0.89,44.167],[0.888,44.149],[0.892,44.137],[0.869,44.128],[0.857,44.128],[0.819,44.144],[0.788,44.143],[0.797,44.13],[0.799,44.111],[0.775,44.117],[0.748,44.093],[0.742,44.065],[0.708,44.058],[0.68,44.029],[0.632,44.05],[0.601,44.078],[0.585,44.077],[0.559,44.058],[0.539,44.053],[0.505,44.051],[0.486,44.059],[0.46,44.056],[0.451,44.046],[0.45,44.044],[0.443,44.029],[0.397,44.022],[0.381,44.006],[0.353,44.016],[0.316,44.01],[0.306,43.994],[0.273,43.998],[0.23,44.011],[0.233,44.023],[0.219,44.021],[0.194,44.014],[0.19,44.015],[0.167,43.997],[0.161,43.974],[0.127,44.002],[0.105,43.984],[0.076,43.983],[0.062,44.018],[0.06,44.025],[0.072,44.025],[0.101,44.087],[0.137,44.11],[0.136,44.124],[0.035,44.131],[-0.004,44.15],[-0.06,44.151],[-0.129,44.152],[-0.129,44.204],[-0.141,44.226],[-0.123,44.241],[-0.108,44.231],[-0.067,44.246],[-0.053,44.266],[-0.033,44.272],[-0.035,44.297],[-0.077,44.333],[-0.086,44.338],[-0.079,44.354],[-0.036,44.361],[-0.03,44.36],[-0.012,44.372],[0.015,44.367],[0.019,44.389],[0.007,44.397],[-0.005,44.424],[0.005,44.445],[-0.003,44.461],[-0.016,44.49],[-0.016,44.505],[0.0,44.519],[0.005,44.522],[-0.001,44.552],[0.021,44.542],[0.033,44.551],[0.038,44.554],[0.069,44.548],[0.082,44.584],[0.11,44.59],[0.117,44.594],[0.117,44.594],[0.151,44.609],[0.139,44.627],[0.141,44.642],[0.165,44.633],[0.177,44.654],[0.183,44.661],[0.168,44.668],[0.163,44.671],[0.134,44.668],[0.134,44.682],[0.103,44.686],[0.1,44.701],[0.131,44.705],[0.141,44.738],[0.161,44.734],[0.18,44.745],[0.185,44.749],[0.201,44.722],[0.219,44.727],[0.21,44.741],[0.225,44.761],[0.272,44.753],[0.297,44.762],[0.307,44.758],[0.345,44.723],[0.344,44.709],[0.359,44.691],[0.349,44.661],[0.355,44.655]]]}},{"type":"Feature","properties":{"district":"Lozère","constituency_code":"FR2007-DPT-48","electorate_type":"Department"},"geometry":{"type":"Polygon","coordinates":[[[3.105,44.866],[3.103,44.885],[3.128,44.904],[3.142,44.903],[3.181,44.865],[3.226,44.882],[3.227,44.91],[3.25,44.916],[3.249,44.939],[3.256,44.942],[3.286,44.926],[3.338,44.956],[3.355,44.955],[3.361,44.971],[3.373,44.976],[3.372,44.96],[3.412,44.945],[3.411,44.918],[3.419,44.908],[3.436,44.88],[3.442,44.854],[3.479,44.81],[3.491,44.808],[3.507,44.824],[3.583,44.826],[3.598,44.857],[3.594,44.877],[3.644,44.877],[3.674,44.854],[3.666,44.829],[3.735,44.833],[3.735,44.84],[3.76,44.816],[3.764,44.801],[3.819,44.773],[3.842,44.772],[3.83,44.755],[3.863,44.744],[3.87,44.697],[3.884,44.694],[3.878,44.675],[3.895,44.65],[3.895,44.642],[3.894,44.615],[3.908,44.608],[3.906,44.592],[3.923,44.572],[3.949,44.573],[3.961,44.553],[3.966,44.538],[3.977,44.517],[3.989,44.504],[3.986,44.478],[3.998,44.46],[3.973,44.427],[3.972,44.426],[3.945,44.4],[3.918,44.405],[3.9,44.393],[3.889,44.393],[3.886,44.388],[3.911,44.37],[3.949,44.324],[3.923,44.305],[3.925,44.301],[3.94,44.284],[3.947,44.267],[3.971,44.25],[3.955,44.25],[3.951,44.217],[3.947,44.216],[3.966,44.172],[3.974,44.164],[3.932,44.181],[3.927,44.161],[3.912,44.16],[3.894,44.147],[3.874,44.13],[3.832,44.137],[3.82,44.132],[3.811,44.129],[3.797,44.127],[3.773,44.142],[3.755,44.151],[3.726,44.164],[3.685,44.183],[3.65,44.181],[3.627,44.154],[3.633,44.121],[3.603,44.116],[3.57,44.122],[3.546,44.114],[3.505,44.126],[3.439,44.13],[3.431,44.148],[3.396,44.169],[3.374,44.171],[3.36,44.201],[3.291,44.206],[3.239,44.191],[3.227,44.191],[3.204,44.194],[3.219,44.205],[3.231,44.23],[3.19,44.246],[3.162,44.245],[3.138,44.264],[3.123,44.285],[3.154,44.309],[3.152,44.333],[3.132,44.357],[3.123,44.37],[3.137,44.408],[3.127,44.414],[3.137,44.446],[3.117,44.474],[3.099,44.481],[3.068,44.503],[3.076,44.519],[3.084,44.56],[3.077,44.57],[3.06,44.582],[3.037,44.596],[3.031,44.601],[2.982,44.645],[2.985,44.65],[3.017,44.714],[3.039,44.715],[3.029,44.733],[3.042,44.759],[3.05,44.782],[3.046,44.798],[3.077,44.825],[3.094,44.833],[3.099,44.833],[3.1,44.844],[3.105,44.866]]]}},{"type":"Feature","properties":{"district":"Maine-et-Loire","constituency_code":"FR2007-DPT-49","electorate_type":"Department"},"geometry":{"type":"Polygon","coordinates":[[[-1.033,47.572],[-1.025,47.599],[-1.059,47.601],[-1.124,47.619],[-1.138,47.619],[-1.157,47.636],[-1.163,47.66],[-1.18,47.665],[-1.175,47.694],[-1.181,47.697],[-1.196,47.722],[-1.215,47.719],[-1.256,47.743],[-1.242,47.743],[-1.246,47.777],[-1.24,47.802],[-1.238,47.81],[-1.178,47.785],[-1.14,47.782],[-1.075,47.774],[-1.006,47.768],[-0.987,47.763],[-0.979,47.762],[-0.972,47.783],[-0.96,47.796],[-0.932,47.794],[-0.893,47.764],[-0.839,47.752],[-0.835,47.77],[-0.816,47.771],[-0.732,47.742],[-0.719,47.741],[-0.669,47.741],[-0.654,47.733],[-0.646,47.737],[-0.611,47.736],[-0.585,47.759],[-0.533,47.751],[-0.507,47.785],[-0.454,47.756],[-0.429,47.768],[-0.382,47.761],[-0.373,47.743],[-0.357,47.731],[-0.309,47.717],[-0.287,47.719],[-0.233,47.707],[-0.202,47.725],[-0.174,47.714],[-0.22,47.69],[-0.197,47.663],[-0.193,47.648],[-0.159,47.647],[-0.135,47.632],[-0.105,47.657],[-0.055,47.648],[-0.004,47.648],[0.013,47.629],[0.01,47.624],[0.053,47.606],[0.111,47.606],[0.151,47.583],[0.202,47.616],[0.23,47.608],[0.234,47.578],[0.215,47.573],[0.199,47.541],[0.225,47.527],[0.22,47.502],[0.199,47.477],[0.181,47.453],[0.185,47.426],[0.153,47.399],[0.183,47.38],[0.154,47.364],[0.14,47.362],[0.147,47.346],[0.117,47.332],[0.078,47.283],[0.089,47.275],[0.08,47.272],[0.072,47.22],[0.075,47.214],[0.054,47.199],[0.067,47.19],[0.054,47.164],[0.036,47.16],[0.019,47.176],[-0.012,47.156],[-0.034,47.121],[-0.035,47.087],[-0.068,47.094],[-0.086,47.101],[-0.097,47.092],[-0.101,47.085],[-0.102,47.065],[-0.129,47.054],[-0.166,47.065],[-0.175,47.068],[-0.141,47.104],[-0.185,47.108],[-0.206,47.093],[-0.263,47.106],[-0.313,47.092],[-0.34,47.088],[-0.359,47.094],[-0.387,47.092],[-0.401,47.071],[-0.465,47.067],[-0.48,47.053],[-0.464,47.082],[-0.515,47.078],[-0.559,47.062],[-0.556,47.043],[-0.587,47.006],[-0.595,46.998],[-0.62,46.993],[-0.67,47.001],[-0.68,46.993],[-0.68,46.988],[-0.699,46.995],[-0.764,46.993],[-0.788,47.005],[-0.81,46.993],[-0.808,46.992],[-0.805,46.99],[-0.848,46.986],[-0.892,46.976],[-0.934,47.008],[-0.964,47.003],[-1.002,47.022],[-1.016,47.004],[-1.083,47.013],[-1.128,47.021],[-1.148,47.029],[-1.117,47.04],[-1.115,47.061],[-1.162,47.08],[-1.179,47.095],[-1.249,47.098],[-1.232,47.11],[-1.238,47.135],[-1.188,47.158],[-1.17,47.171],[-1.162,47.186],[-1.18,47.207],[-1.189,47.22],[-1.181,47.241],[-1.207,47.253],[-1.231,47.24],[-1.254,47.25],[-1.276,47.27],[-1.282,47.296],[-1.354,47.304],[-1.307,47.334],[-1.228,47.35],[-1.184,47.354],[-1.169,47.365],[-1.114,47.368],[-1.102,47.367],[-1.064,47.37],[-1.041,47.365],[-0.968,47.377],[-0.947,47.387],[-0.961,47.423],[-0.953,47.451],[-0.959,47.481],[-0.966,47.492],[-1.013,47.489],[-1.044,47.506],[-1.039,47.549],[-1.033,47.572]]]}},{"type":"Feature","properties":{"district":"Manche","constituency_code":"FR2007-DPT-50","electorate_type":"Department"},"geometry":{"type":"Polygon","coordinates":[[[-1.56,49.038],[-1.597,49.031],[-1.605,49.06],[-1.603,49.06],[-1.598,49.06],[-1.61,49.083],[-1.592,49.135],[-1.596,49.144],[-1.605,49.192],[-1.61,49.214],[-1.575,49.223],[-1.568,49.22],[-1.567,49.221],[-1.613,49.235],[-1.651,49.236],[-1.66,49.259],[-1.692,49.298],[-1.746,49.348],[-1.753,49.353],[-1.761,49.36],[-1.81,49.378],[-1.822,49.416],[-1.822,49.439],[-1.836,49.469],[-1.845,49.494],[-1.86,49.512],[-1.884,49.521],[-1.881,49.543],[-1.858,49.551],[-1.855,49.557],[-1.841,49.572],[-1.842,49.583],[-1.847,49.624],[-1.861,49.65],[-1.899,49.666],[-1.929,49.67],[-1.946,49.702],[-1.942,49.726],[-1.904,49.721],[-1.89,49.707],[-1.839,49.711],[-1.823,49.69],[-1.705,49.671],[-1.673,49.658],[-1.63,49.66],[-1.623,49.645],[-1.569,49.657],[-1.549,49.654],[-1.531,49.655],[-1.503,49.665],[-1.488,49.668],[-1.475,49.682],[-1.427,49.702],[-1.391,49.706],[-1.3,49.694],[-1.268,49.695],[-1.263,49.673],[-1.257,49.667],[-1.244,49.648],[-1.228,49.623],[-1.256,49.612],[-1.286,49.587],[-1.308,49.56],[-1.308,49.546],[-1.302,49.535],[-1.293,49.517],[-1.279,49.508],[-1.274,49.503],[-1.254,49.482],[-1.223,49.456],[-1.212,49.447],[-1.197,49.435],[-1.189,49.43],[-1.163,49.389],[-1.182,49.363],[-1.139,49.359],[-1.115,49.326],[-1.14,49.309],[-1.135,49.27],[-1.105,49.253],[-1.093,49.244],[-1.088,49.246],[-1.058,49.225],[-1.05,49.228],[-1.024,49.204],[-0.987,49.194],[-0.954,49.201],[-0.933,49.218],[-0.921,49.231],[-0.888,49.202],[-0.915,49.192],[-0.924,49.166],[-0.959,49.161],[-0.931,49.158],[-0.904,49.136],[-0.906,49.133],[-0.896,49.132],[-0.925,49.102],[-0.879,49.117],[-0.878,49.106],[-0.878,49.103],[-0.88,49.089],[-0.871,49.073],[-0.87,49.069],[-0.892,49.046],[-0.863,49.026],[-0.905,49.012],[-0.91,48.996],[-0.943,48.968],[-0.99,48.951],[-0.989,48.946],[-1.003,48.937],[-1.044,48.934],[-1.067,48.919],[-1.014,48.922],[-1.049,48.894],[-1.053,48.887],[-1.091,48.88],[-1.12,48.856],[-1.122,48.848],[-1.157,48.836],[-1.157,48.835],[-1.129,48.817],[-1.125,48.818],[-1.113,48.815],[-1.083,48.778],[-1.059,48.773],[-1.044,48.784],[-0.994,48.777],[-0.967,48.786],[-0.94,48.778],[-0.885,48.757],[-0.841,48.752],[-0.843,48.729],[-0.832,48.73],[-0.819,48.731],[-0.798,48.709],[-0.737,48.68],[-0.772,48.653],[-0.763,48.631],[-0.74,48.622],[-0.758,48.595],[-0.774,48.575],[-0.775,48.575],[-0.805,48.55],[-0.809,48.548],[-0.847,48.522],[-0.86,48.502],[-0.896,48.495],[-0.945,48.515],[-0.977,48.493],[-1.003,48.489],[-1.012,48.493],[-1.061,48.516],[-1.07,48.509],[-1.117,48.522],[-1.162,48.524],[-1.167,48.53],[-1.188,48.529],[-1.207,48.542],[-1.249,48.544],[-1.249,48.544],[-1.273,48.534],[-1.279,48.509],[-1.287,48.51],[-1.33,48.486],[-1.381,48.457],[-1.399,48.461],[-1.441,48.472],[-1.442,48.484],[-1.49,48.489],[-1.496,48.509],[-1.515,48.53],[-1.518,48.53],[-1.527,48.562],[-1.528,48.579],[-1.555,48.609],[-1.571,48.626],[-1.55,48.63],[-1.516,48.618],[-1.512,48.618],[-1.511,48.619],[-1.476,48.619],[-1.45,48.623],[-1.421,48.64],[-1.365,48.645],[-1.362,48.634],[-1.351,48.632],[-1.351,48.632],[-1.364,48.646],[-1.4,48.663],[-1.377,48.685],[-1.373,48.693],[-1.393,48.677],[-1.436,48.663],[-1.458,48.674],[-1.505,48.692],[-1.518,48.717],[-1.533,48.731],[-1.556,48.735],[-1.571,48.766],[-1.57,48.788],[-1.572,48.816],[-1.592,48.845],[-1.578,48.862],[-1.572,48.885],[-1.571,48.891],[-1.567,48.91],[-1.56,48.909],[-1.551,48.909],[-1.539,48.932],[-1.563,48.943],[-1.562,48.968],[-1.562,48.981],[-1.558,48.998],[-1.555,48.998],[-1.551,48.998],[-1.554,49.027],[-1.514,49.024],[-1.506,49.02],[-1.542,49.041],[-1.56,49.038]]]}},{"type":"Feature","properties":{"district":"Marne","constituency_code":"FR2007-DPT-51","electorate_type":"Department"},"geometry":{"type":"Polygon","coordinates":[[[4.893,48.798],[4.893,48.797],[4.925,48.792],[4.934,48.79],[4.949,48.77],[4.953,48.768],[4.98,48.748],[4.981,48.746],[5.009,48.741],[5.016,48.71],[5.006,48.699],[4.988,48.684],[4.943,48.681],[4.939,48.675],[4.911,48.689],[4.868,48.667],[4.855,48.667],[4.846,48.672],[4.82,48.68],[4.798,48.678],[4.782,48.67],[4.773,48.657],[4.772,48.652],[4.773,48.652],[4.842,48.65],[4.839,48.646],[4.85,48.64],[4.858,48.615],[4.829,48.612],[4.802,48.598],[4.771,48.577],[4.799,48.53],[4.786,48.531],[4.725,48.541],[4.675,48.538],[4.67,48.532],[4.651,48.537],[4.635,48.544],[4.641,48.554],[4.581,48.548],[4.531,48.53],[4.521,48.545],[4.511,48.548],[4.495,48.539],[4.464,48.548],[4.428,48.553],[4.424,48.554],[4.35,48.598],[4.331,48.602],[4.315,48.616],[4.33,48.636],[4.325,48.642],[4.324,48.644],[4.325,48.662],[4.327,48.697],[4.299,48.715],[4.264,48.706],[4.243,48.717],[4.233,48.702],[4.178,48.709],[4.158,48.704],[4.131,48.686],[4.088,48.699],[4.078,48.702],[4.058,48.666],[4.044,48.661],[4.001,48.664],[3.98,48.629],[3.967,48.63],[3.949,48.603],[3.911,48.602],[3.909,48.602],[3.885,48.578],[3.884,48.578],[3.855,48.573],[3.86,48.544],[3.866,48.544],[3.834,48.518],[3.825,48.515],[3.786,48.529],[3.766,48.528],[3.732,48.538],[3.708,48.535],[3.666,48.536],[3.659,48.536],[3.644,48.536],[3.631,48.572],[3.615,48.578],[3.608,48.574],[3.605,48.573],[3.583,48.585],[3.58,48.605],[3.556,48.62],[3.534,48.647],[3.489,48.647],[3.452,48.634],[3.446,48.667],[3.443,48.672],[3.478,48.698],[3.467,48.723],[3.467,48.729],[3.467,48.739],[3.437,48.753],[3.399,48.755],[3.409,48.784],[3.443,48.788],[3.411,48.804],[3.416,48.818],[3.441,48.811],[3.475,48.819],[3.481,48.812],[3.487,48.815],[3.485,48.852],[3.487,48.857],[3.503,48.871],[3.529,48.912],[3.572,48.919],[3.575,48.939],[3.593,48.945],[3.591,48.96],[3.621,48.966],[3.64,49.004],[3.665,49.006],[3.664,49.038],[3.617,49.036],[3.585,49.039],[3.588,49.059],[3.59,49.06],[3.607,49.072],[3.639,49.081],[3.62,49.107],[3.6,49.121],[3.62,49.148],[3.621,49.15],[3.624,49.151],[3.684,49.154],[3.698,49.149],[3.717,49.147],[3.74,49.157],[3.749,49.159],[3.751,49.178],[3.706,49.18],[3.705,49.201],[3.697,49.207],[3.663,49.209],[3.651,49.221],[3.675,49.24],[3.655,49.263],[3.665,49.269],[3.659,49.287],[3.656,49.291],[3.638,49.301],[3.648,49.316],[3.669,49.325],[3.687,49.327],[3.693,49.329],[3.736,49.336],[3.741,49.348],[3.746,49.348],[3.758,49.348],[3.778,49.356],[3.793,49.357],[3.824,49.357],[3.833,49.35],[3.848,49.364],[3.856,49.368],[3.84,49.391],[3.823,49.4],[3.823,49.403],[3.862,49.405],[3.896,49.393],[3.925,49.408],[3.935,49.398],[3.961,49.377],[3.987,49.379],[4.013,49.358],[4.036,49.36],[4.037,49.384],[4.048,49.406],[4.079,49.401],[4.085,49.401],[4.106,49.402],[4.115,49.402],[4.145,49.404],[4.167,49.402],[4.191,49.401],[4.189,49.399],[4.201,49.384],[4.213,49.388],[4.241,49.382],[4.243,49.38],[4.277,49.352],[4.294,49.353],[4.29,49.347],[4.308,49.327],[4.354,49.316],[4.363,49.32],[4.376,49.324],[4.408,49.289],[4.409,49.287],[4.447,49.273],[4.447,49.273],[4.454,49.276],[4.484,49.28],[4.492,49.281],[4.516,49.282],[4.557,49.295],[4.599,49.288],[4.611,49.259],[4.619,49.238],[4.67,49.241],[4.69,49.257],[4.704,49.255],[4.718,49.251],[4.73,49.252],[4.745,49.241],[4.791,49.241],[4.812,49.249],[4.83,49.243],[4.827,49.235],[4.866,49.227],[4.876,49.263],[4.913,49.265],[4.934,49.262],[4.951,49.237],[4.951,49.237],[4.978,49.22],[4.991,49.211],[4.942,49.187],[4.954,49.171],[4.964,49.155],[4.975,49.133],[4.979,49.129],[4.985,49.122],[4.998,49.092],[5.004,49.066],[5.006,49.06],[4.965,49.022],[4.967,49.021],[5.009,49.035],[5.035,49.023],[5.036,49.021],[5.032,49.001],[4.996,48.983],[5.039,48.974],[5.031,48.954],[5.014,48.946],[5.013,48.937],[4.954,48.931],[4.937,48.921],[4.916,48.9],[4.92,48.895],[4.913,48.873],[4.937,48.848],[4.935,48.841],[4.903,48.828],[4.889,48.817],[4.893,48.798]]]}},{"type":"Feature","properties":{"district":"Haute-Marne","constituency_code":"FR2007-DPT-52","electorate_type":"Department"},"geometry":{"type":"Polygon","coordinates":[[[5.426,48.331],[5.474,48.355],[5.527,48.347],[5.534,48.325],[5.588,48.274],[5.612,48.292],[5.654,48.269],[5.65,48.255],[5.641,48.242],[5.676,48.229],[5.688,48.234],[5.711,48.22],[5.724,48.203],[5.73,48.198],[5.731,48.19],[5.697,48.189],[5.682,48.175],[5.684,48.158],[5.685,48.151],[5.677,48.136],[5.663,48.129],[5.657,48.121],[5.672,48.109],[5.649,48.105],[5.658,48.086],[5.696,48.078],[5.721,48.053],[5.721,48.052],[5.777,48.034],[5.776,48.022],[5.786,48.004],[5.794,47.991],[5.778,47.978],[5.805,47.947],[5.84,47.968],[5.846,47.976],[5.854,47.97],[5.854,47.966],[5.864,47.946],[5.885,47.926],[5.891,47.91],[5.887,47.903],[5.848,47.904],[5.845,47.897],[5.825,47.859],[5.828,47.852],[5.806,47.847],[5.799,47.856],[5.761,47.859],[5.753,47.852],[5.744,47.849],[5.746,47.824],[5.731,47.818],[5.728,47.818],[5.714,47.821],[5.685,47.813],[5.676,47.779],[5.682,47.776],[5.68,47.77],[5.708,47.762],[5.706,47.751],[5.709,47.745],[5.696,47.725],[5.685,47.723],[5.684,47.712],[5.694,47.691],[5.667,47.686],[5.66,47.685],[5.653,47.677],[5.606,47.675],[5.597,47.672],[5.57,47.707],[5.567,47.707],[5.527,47.673],[5.507,47.677],[5.483,47.685],[5.444,47.671],[5.407,47.674],[5.399,47.653],[5.406,47.648],[5.372,47.618],[5.374,47.604],[5.356,47.592],[5.339,47.61],[5.306,47.607],[5.278,47.582],[5.256,47.577],[5.238,47.597],[5.259,47.622],[5.243,47.618],[5.237,47.617],[5.211,47.642],[5.189,47.65],[5.188,47.65],[5.173,47.653],[5.178,47.681],[5.16,47.678],[5.117,47.649],[5.117,47.652],[5.062,47.667],[5.033,47.692],[5.029,47.71],[5.004,47.7],[4.969,47.687],[4.957,47.709],[4.972,47.731],[4.96,47.733],[4.959,47.762],[4.94,47.762],[4.917,47.767],[4.918,47.777],[4.943,47.786],[4.955,47.79],[4.982,47.8],[4.994,47.82],[4.985,47.825],[4.984,47.824],[4.973,47.831],[4.954,47.867],[4.927,47.872],[4.919,47.894],[4.906,47.916],[4.877,47.92],[4.857,47.896],[4.829,47.912],[4.865,47.942],[4.856,47.953],[4.802,47.963],[4.786,47.972],[4.789,48.008],[4.72,48.009],[4.704,48.02],[4.723,48.046],[4.69,48.073],[4.661,48.077],[4.658,48.079],[4.691,48.086],[4.707,48.095],[4.732,48.119],[4.787,48.109],[4.834,48.105],[4.833,48.118],[4.829,48.129],[4.85,48.141],[4.837,48.152],[4.847,48.18],[4.856,48.193],[4.856,48.193],[4.861,48.211],[4.836,48.222],[4.846,48.247],[4.845,48.249],[4.862,48.266],[4.851,48.296],[4.826,48.302],[4.814,48.323],[4.841,48.339],[4.793,48.356],[4.755,48.367],[4.76,48.388],[4.704,48.393],[4.708,48.401],[4.68,48.417],[4.677,48.436],[4.636,48.457],[4.627,48.468],[4.653,48.471],[4.666,48.511],[4.67,48.532],[4.675,48.538],[4.725,48.541],[4.786,48.531],[4.799,48.53],[4.771,48.577],[4.802,48.598],[4.829,48.612],[4.858,48.615],[4.85,48.64],[4.839,48.646],[4.842,48.65],[4.773,48.652],[4.772,48.652],[4.773,48.657],[4.782,48.67],[4.798,48.678],[4.82,48.68],[4.846,48.672],[4.855,48.667],[4.868,48.667],[4.911,48.689],[4.939,48.675],[4.943,48.681],[4.988,48.684],[5.007,48.68],[5.011,48.668],[4.993,48.658],[4.995,48.646],[5.006,48.611],[5.033,48.613],[5.057,48.632],[5.071,48.596],[5.119,48.596],[5.127,48.58],[5.134,48.571],[5.144,48.563],[5.165,48.565],[5.197,48.547],[5.212,48.529],[5.222,48.526],[5.289,48.511],[5.296,48.508],[5.306,48.516],[5.35,48.482],[5.369,48.476],[5.369,48.477],[5.401,48.471],[5.406,48.466],[5.408,48.448],[5.444,48.428],[5.465,48.425],[5.47,48.421],[5.41,48.393],[5.394,48.392],[5.443,48.379],[5.419,48.361],[5.426,48.331]]]}},{"type":"Feature","properties":{"district":"Mayenne","constituency_code":"FR2007-DPT-53","electorate_type":"Department"},"geometry":{"type":"Polygon","coordinates":[[[-0.654,48.445],[-0.594,48.473],[-0.593,48.471],[-0.572,48.469],[-0.535,48.492],[-0.509,48.509],[-0.478,48.502],[-0.448,48.515],[-0.425,48.507],[-0.398,48.511],[-0.393,48.501],[-0.376,48.496],[-0.353,48.484],[-0.351,48.501],[-0.32,48.523],[-0.309,48.518],[-0.271,48.507],[-0.241,48.537],[-0.258,48.552],[-0.243,48.568],[-0.196,48.556],[-0.192,48.552],[-0.144,48.528],[-0.172,48.502],[-0.156,48.49],[-0.138,48.453],[-0.108,48.448],[-0.081,48.45],[-0.063,48.457],[-0.055,48.431],[-0.057,48.429],[-0.054,48.394],[-0.055,48.382],[-0.112,48.374],[-0.137,48.364],[-0.122,48.338],[-0.148,48.344],[-0.158,48.334],[-0.155,48.314],[-0.148,48.314],[-0.138,48.296],[-0.151,48.277],[-0.15,48.276],[-0.161,48.239],[-0.145,48.222],[-0.147,48.205],[-0.186,48.183],[-0.247,48.16],[-0.254,48.137],[-0.223,48.123],[-0.216,48.113],[-0.239,48.085],[-0.226,48.072],[-0.231,48.059],[-0.286,48.058],[-0.334,48.032],[-0.341,48.012],[-0.309,48.006],[-0.309,48.006],[-0.313,48.001],[-0.289,47.961],[-0.312,47.94],[-0.312,47.94],[-0.32,47.935],[-0.375,47.933],[-0.413,47.916],[-0.411,47.895],[-0.391,47.889],[-0.371,47.875],[-0.378,47.857],[-0.412,47.858],[-0.411,47.847],[-0.448,47.832],[-0.434,47.809],[-0.388,47.806],[-0.387,47.804],[-0.38,47.782],[-0.382,47.761],[-0.429,47.768],[-0.454,47.756],[-0.507,47.785],[-0.533,47.751],[-0.585,47.759],[-0.611,47.736],[-0.646,47.737],[-0.654,47.733],[-0.669,47.741],[-0.719,47.741],[-0.732,47.742],[-0.816,47.771],[-0.835,47.77],[-0.839,47.752],[-0.893,47.764],[-0.932,47.794],[-0.96,47.796],[-0.972,47.783],[-0.979,47.762],[-0.987,47.763],[-1.006,47.768],[-1.075,47.774],[-1.14,47.782],[-1.178,47.785],[-1.238,47.81],[-1.223,47.819],[-1.216,47.836],[-1.213,47.857],[-1.203,47.857],[-1.189,47.868],[-1.197,47.889],[-1.176,47.898],[-1.167,47.934],[-1.16,47.939],[-1.162,47.953],[-1.149,47.968],[-1.12,47.986],[-1.093,47.988],[-1.079,47.984],[-1.068,47.983],[-1.03,47.993],[-1.021,48.018],[-1.035,48.033],[-1.028,48.061],[-1.025,48.07],[-1.049,48.09],[-1.053,48.106],[-1.059,48.126],[-1.074,48.159],[-1.079,48.18],[-1.082,48.205],[-1.087,48.21],[-1.081,48.22],[-1.1,48.268],[-1.094,48.273],[-1.09,48.289],[-1.061,48.311],[-1.061,48.311],[-1.056,48.341],[-1.057,48.379],[-1.053,48.381],[-1.08,48.417],[-1.079,48.418],[-1.078,48.422],[-1.065,48.451],[-1.067,48.46],[-1.079,48.489],[-1.07,48.509],[-1.061,48.516],[-1.012,48.493],[-1.003,48.489],[-0.977,48.493],[-0.945,48.515],[-0.896,48.495],[-0.86,48.502],[-0.821,48.476],[-0.818,48.469],[-0.813,48.455],[-0.778,48.466],[-0.774,48.443],[-0.757,48.437],[-0.718,48.454],[-0.725,48.473],[-0.688,48.47],[-0.669,48.487],[-0.654,48.454],[-0.654,48.445]]]}},{"type":"Feature","properties":{"district":"Meurthe-et-Moselle","constituency_code":"FR2007-DPT-54","electorate_type":"Department"},"geometry":{"type":"MultiPolygon","coordinates":[[[[6.02,48.361],[5.993,48.354],[5.965,48.35],[5.956,48.357],[5.957,48.367],[5.945,48.376],[5.955,48.387],[5.95,48.397],[5.941,48.401],[5.928,48.394],[5.92,48.401],[5.908,48.417],[5.931,48.434],[5.898,48.436],[5.895,48.405],[5.87,48.406],[5.855,48.409],[5.859,48.416],[5.884,48.436],[5.885,48.438],[5.904,48.483],[5.899,48.485],[5.907,48.495],[5.866,48.504],[5.838,48.505],[5.836,48.501],[5.811,48.498],[5.787,48.483],[5.779,48.487],[5.765,48.497],[5.764,48.516],[5.761,48.522],[5.777,48.541],[5.763,48.546],[5.729,48.554],[5.715,48.562],[5.714,48.573],[5.713,48.577],[5.717,48.592],[5.764,48.608],[5.79,48.607],[5.798,48.613],[5.804,48.625],[5.76,48.621],[5.759,48.621],[5.756,48.637],[5.752,48.642],[5.745,48.657],[5.749,48.667],[5.756,48.692],[5.765,48.701],[5.733,48.724],[5.732,48.725],[5.719,48.733],[5.714,48.745],[5.719,48.748],[5.737,48.771],[5.776,48.79],[5.778,48.8],[5.763,48.794],[5.758,48.801],[5.781,48.835],[5.776,48.856],[5.769,48.86],[5.765,48.873],[5.778,48.876],[5.787,48.878],[5.757,48.91],[5.757,48.913],[5.753,48.913],[5.747,48.916],[5.779,48.925],[5.8,48.946],[5.817,48.943],[5.847,48.952],[5.849,48.961],[5.818,48.98],[5.805,48.984],[5.813,49.005],[5.829,49.027],[5.854,49.041],[5.836,49.066],[5.806,49.064],[5.808,49.076],[5.819,49.086],[5.818,49.111],[5.808,49.111],[5.777,49.112],[5.772,49.105],[5.755,49.114],[5.772,49.14],[5.756,49.143],[5.759,49.149],[5.746,49.157],[5.766,49.198],[5.757,49.201],[5.75,49.199],[5.723,49.199],[5.729,49.225],[5.741,49.23],[5.725,49.245],[5.721,49.248],[5.725,49.27],[5.761,49.28],[5.768,49.3],[5.763,49.314],[5.757,49.315],[5.75,49.31],[5.732,49.311],[5.737,49.339],[5.739,49.346],[5.732,49.361],[5.712,49.363],[5.708,49.384],[5.687,49.394],[5.692,49.402],[5.677,49.419],[5.634,49.438],[5.607,49.419],[5.57,49.422],[5.568,49.42],[5.505,49.406],[5.485,49.383],[5.474,49.389],[5.447,49.404],[5.447,49.404],[5.497,49.408],[5.498,49.424],[5.471,49.428],[5.485,49.445],[5.47,49.462],[5.464,49.471],[5.464,49.482],[5.474,49.483],[5.482,49.494],[5.471,49.497],[5.485,49.507],[5.531,49.513],[5.534,49.513],[5.556,49.529],[5.591,49.523],[5.607,49.507],[5.611,49.506],[5.618,49.514],[5.633,49.539],[5.669,49.548],[5.701,49.54],[5.757,49.543],[5.774,49.563],[5.811,49.543],[5.817,49.537],[5.836,49.52],[5.866,49.5],[5.893,49.497],[5.897,49.481],[5.917,49.483],[5.929,49.485],[5.94,49.478],[5.931,49.447],[5.943,49.43],[5.919,49.418],[5.911,49.407],[5.919,49.405],[5.93,49.402],[5.925,49.373],[5.956,49.362],[5.978,49.345],[5.943,49.341],[5.986,49.305],[5.997,49.314],[6.004,49.288],[6.01,49.272],[6.01,49.266],[6.028,49.233],[6.031,49.233],[6.01,49.222],[6.003,49.209],[5.988,49.21],[5.979,49.195],[5.979,49.193],[5.985,49.185],[6.031,49.168],[6.011,49.153],[5.999,49.156],[5.984,49.142],[6.002,49.116],[6.006,49.113],[5.948,49.109],[5.931,49.109],[5.928,49.1],[5.935,49.072],[5.952,49.062],[5.958,49.048],[5.985,49.042],[5.995,49.038],[6.005,49.035],[6.013,49.038],[6.045,49.009],[6.043,49.002],[6.043,48.977],[6.065,48.981],[6.079,48.965],[6.082,48.963],[6.1,48.969],[6.123,48.949],[6.147,48.933],[6.15,48.933],[6.165,48.942],[6.206,48.938],[6.206,48.939],[6.237,48.925],[6.263,48.934],[6.271,48.933],[6.277,48.928],[6.288,48.928],[6.288,48.916],[6.311,48.921],[6.328,48.905],[6.326,48.896],[6.297,48.883],[6.308,48.875],[6.297,48.867],[6.3,48.853],[6.285,48.849],[6.316,48.837],[6.33,48.836],[6.34,48.833],[6.301,48.824],[6.309,48.821],[6.334,48.82],[6.339,48.811],[6.357,48.811],[6.356,48.792],[6.371,48.785],[6.387,48.781],[6.395,48.775],[6.433,48.789],[6.453,48.766],[6.461,48.768],[6.491,48.765],[6.511,48.749],[6.539,48.751],[6.548,48.755],[6.562,48.756],[6.589,48.732],[6.59,48.732],[6.599,48.716],[6.617,48.715],[6.643,48.703],[6.662,48.706],[6.677,48.689],[6.667,48.671],[6.669,48.667],[6.709,48.671],[6.726,48.665],[6.755,48.67],[6.763,48.655],[6.764,48.652],[6.774,48.648],[6.783,48.643],[6.81,48.647],[6.839,48.638],[6.839,48.637],[6.843,48.63],[6.893,48.625],[6.906,48.62],[6.93,48.636],[6.94,48.615],[6.961,48.608],[6.991,48.609],[6.993,48.61],[7.01,48.612],[6.997,48.597],[7.034,48.581],[7.056,48.539],[7.08,48.537],[7.065,48.524],[7.077,48.516],[7.081,48.513],[7.123,48.514],[7.084,48.508],[7.077,48.507],[7.054,48.498],[7.029,48.492],[6.982,48.478],[6.965,48.472],[6.921,48.439],[6.918,48.435],[6.894,48.419],[6.855,48.433],[6.828,48.416],[6.815,48.395],[6.78,48.402],[6.739,48.412],[6.7,48.413],[6.683,48.425],[6.679,48.422],[6.669,48.426],[6.645,48.429],[6.635,48.471],[6.597,48.467],[6.594,48.462],[6.567,48.441],[6.584,48.417],[6.579,48.416],[6.544,48.428],[6.534,48.432],[6.518,48.424],[6.502,48.415],[6.487,48.416],[6.471,48.409],[6.448,48.415],[6.401,48.395],[6.384,48.395],[6.384,48.4],[6.364,48.408],[6.362,48.407],[6.354,48.404],[6.336,48.405],[6.307,48.412],[6.303,48.428],[6.27,48.426],[6.26,48.406],[6.233,48.397],[6.232,48.4],[6.202,48.399],[6.2,48.398],[6.178,48.398],[6.181,48.411],[6.149,48.408],[6.147,48.408],[6.152,48.382],[6.133,48.363],[6.125,48.367],[6.117,48.354],[6.094,48.364],[6.091,48.382],[6.077,48.38],[6.08,48.364],[6.071,48.36],[6.061,48.36],[6.047,48.366],[6.025,48.357],[6.02,48.361]]],[[[5.452,49.407],[5.452,49.412],[5.469,49.421],[5.452,49.407]]],[[[5.426,49.486],[5.442,49.504],[5.456,49.481],[5.426,49.486]]]]}},{"type":"Feature","properties":{"district":"Meuse","constituency_code":"FR2007-DPT-55","electorate_type":"Department"},"geometry":{"type":"Polygon","coordinates":[[[5.089,49.37],[5.104,49.39],[5.11,49.416],[5.106,49.428],[5.103,49.46],[5.101,49.461],[5.083,49.471],[5.08,49.486],[5.06,49.505],[5.086,49.52],[5.089,49.521],[5.096,49.558],[5.109,49.555],[5.113,49.562],[5.12,49.593],[5.153,49.577],[5.16,49.567],[5.178,49.567],[5.202,49.568],[5.235,49.562],[5.252,49.557],[5.263,49.542],[5.275,49.542],[5.313,49.559],[5.309,49.563],[5.341,49.594],[5.362,49.592],[5.382,49.606],[5.394,49.617],[5.431,49.592],[5.441,49.552],[5.443,49.55],[5.465,49.539],[5.447,49.518],[5.471,49.497],[5.482,49.494],[5.474,49.483],[5.464,49.482],[5.464,49.471],[5.47,49.462],[5.485,49.445],[5.471,49.428],[5.498,49.424],[5.497,49.408],[5.447,49.404],[5.447,49.404],[5.474,49.389],[5.485,49.383],[5.505,49.406],[5.568,49.42],[5.57,49.422],[5.607,49.419],[5.634,49.438],[5.677,49.419],[5.692,49.402],[5.687,49.394],[5.708,49.384],[5.712,49.363],[5.732,49.361],[5.739,49.346],[5.737,49.339],[5.732,49.311],[5.75,49.31],[5.757,49.315],[5.763,49.314],[5.768,49.3],[5.761,49.28],[5.725,49.27],[5.721,49.248],[5.725,49.245],[5.741,49.23],[5.729,49.225],[5.723,49.199],[5.75,49.199],[5.757,49.201],[5.766,49.198],[5.746,49.157],[5.759,49.149],[5.756,49.143],[5.772,49.14],[5.755,49.114],[5.772,49.105],[5.777,49.112],[5.808,49.111],[5.818,49.111],[5.819,49.086],[5.808,49.076],[5.806,49.064],[5.836,49.066],[5.854,49.041],[5.829,49.027],[5.813,49.005],[5.805,48.984],[5.818,48.98],[5.849,48.961],[5.847,48.952],[5.817,48.943],[5.8,48.946],[5.779,48.925],[5.747,48.916],[5.753,48.913],[5.757,48.913],[5.757,48.91],[5.787,48.878],[5.778,48.876],[5.765,48.873],[5.769,48.86],[5.776,48.856],[5.781,48.835],[5.758,48.801],[5.763,48.794],[5.778,48.8],[5.776,48.79],[5.737,48.771],[5.719,48.748],[5.714,48.745],[5.719,48.733],[5.732,48.725],[5.733,48.724],[5.765,48.701],[5.756,48.692],[5.749,48.667],[5.745,48.657],[5.752,48.642],[5.756,48.637],[5.759,48.621],[5.76,48.621],[5.804,48.625],[5.798,48.613],[5.79,48.607],[5.764,48.608],[5.717,48.592],[5.713,48.577],[5.714,48.573],[5.715,48.562],[5.729,48.554],[5.763,48.546],[5.777,48.541],[5.761,48.522],[5.764,48.516],[5.765,48.497],[5.746,48.476],[5.742,48.474],[5.74,48.466],[5.695,48.463],[5.69,48.468],[5.644,48.472],[5.642,48.472],[5.649,48.455],[5.627,48.449],[5.615,48.441],[5.577,48.432],[5.567,48.434],[5.561,48.441],[5.516,48.431],[5.514,48.411],[5.47,48.421],[5.465,48.425],[5.444,48.428],[5.408,48.448],[5.406,48.466],[5.401,48.471],[5.369,48.477],[5.369,48.476],[5.35,48.482],[5.306,48.516],[5.296,48.508],[5.289,48.511],[5.222,48.526],[5.212,48.529],[5.197,48.547],[5.165,48.565],[5.144,48.563],[5.134,48.571],[5.127,48.58],[5.119,48.596],[5.071,48.596],[5.057,48.632],[5.033,48.613],[5.006,48.611],[4.995,48.646],[4.993,48.658],[5.011,48.668],[5.007,48.68],[4.988,48.684],[5.006,48.699],[5.016,48.71],[5.009,48.741],[4.981,48.746],[4.98,48.748],[4.953,48.768],[4.949,48.77],[4.934,48.79],[4.925,48.792],[4.893,48.797],[4.893,48.798],[4.889,48.817],[4.903,48.828],[4.935,48.841],[4.937,48.848],[4.913,48.873],[4.92,48.895],[4.916,48.9],[4.937,48.921],[4.954,48.931],[5.013,48.937],[5.014,48.946],[5.031,48.954],[5.039,48.974],[4.996,48.983],[5.032,49.001],[5.036,49.021],[5.035,49.023],[5.009,49.035],[4.967,49.021],[4.965,49.022],[5.006,49.06],[5.004,49.066],[4.998,49.092],[4.985,49.122],[4.979,49.129],[4.975,49.133],[4.964,49.155],[4.954,49.171],[4.942,49.187],[4.991,49.211],[4.978,49.22],[4.951,49.237],[4.951,49.237],[5.0,49.261],[5.011,49.269],[5.051,49.274],[5.059,49.29],[5.057,49.293],[5.038,49.316],[5.03,49.326],[5.028,49.332],[5.06,49.372],[5.089,49.37]],[[5.442,49.504],[5.426,49.486],[5.456,49.481],[5.442,49.504]],[[5.452,49.412],[5.452,49.407],[5.469,49.421],[5.452,49.412]]]}},{"type":"Feature","properties":{"district":"Morbihan","constituency_code":"FR2007-DPT-56","electorate_type":"Department"},"geometry":{"type":"MultiPolygon","coordinates":[[[[-2.5,47.518],[-2.544,47.523],[-2.634,47.511],[-2.663,47.519],[-2.681,47.495],[-2.715,47.506],[-2.805,47.489],[-2.851,47.5],[-2.869,47.53],[-2.912,47.542],[-2.883,47.563],[-2.862,47.54],[-2.849,47.54],[-2.785,47.552],[-2.752,47.538],[-2.73,47.551],[-2.719,47.589],[-2.74,47.604],[-2.745,47.632],[-2.778,47.627],[-2.825,47.616],[-2.87,47.62],[-2.888,47.603],[-2.89,47.583],[-2.911,47.592],[-2.942,47.598],[-2.935,47.625],[-2.955,47.639],[-2.973,47.655],[-2.981,47.656],[-2.957,47.618],[-2.972,47.607],[-2.989,47.584],[-3.023,47.592],[-3.052,47.578],[-3.09,47.565],[-3.103,47.584],[-3.127,47.561],[-3.133,47.532],[-3.12,47.503],[-3.094,47.474],[-3.131,47.474],[-3.151,47.504],[-3.154,47.523],[-3.138,47.56],[-3.16,47.607],[-3.197,47.624],[-3.204,47.649],[-3.188,47.661],[-3.184,47.682],[-3.152,47.693],[-3.177,47.694],[-3.196,47.688],[-3.214,47.645],[-3.271,47.679],[-3.303,47.69],[-3.339,47.699],[-3.323,47.699],[-3.314,47.694],[-3.301,47.691],[-3.284,47.704],[-3.341,47.709],[-3.343,47.716],[-3.348,47.735],[-3.315,47.745],[-3.283,47.78],[-3.295,47.794],[-3.303,47.765],[-3.333,47.743],[-3.364,47.761],[-3.35,47.744],[-3.368,47.725],[-3.387,47.702],[-3.412,47.702],[-3.45,47.695],[-3.502,47.738],[-3.53,47.766],[-3.523,47.797],[-3.54,47.823],[-3.519,47.849],[-3.488,47.824],[-3.458,47.837],[-3.45,47.861],[-3.398,47.863],[-3.402,47.885],[-3.407,47.917],[-3.387,47.925],[-3.393,47.951],[-3.404,47.967],[-3.461,47.956],[-3.468,47.946],[-3.497,47.977],[-3.531,47.989],[-3.59,47.989],[-3.613,47.985],[-3.641,47.986],[-3.661,48.015],[-3.674,48.059],[-3.692,48.063],[-3.695,48.094],[-3.733,48.096],[-3.723,48.125],[-3.696,48.152],[-3.672,48.152],[-3.621,48.171],[-3.565,48.186],[-3.552,48.18],[-3.497,48.183],[-3.48,48.186],[-3.445,48.187],[-3.428,48.178],[-3.436,48.155],[-3.418,48.146],[-3.337,48.172],[-3.318,48.149],[-3.291,48.153],[-3.271,48.141],[-3.253,48.149],[-3.211,48.142],[-3.178,48.161],[-3.155,48.158],[-3.13,48.177],[-3.117,48.206],[-3.095,48.203],[-3.077,48.21],[-3.016,48.198],[-3.0,48.161],[-2.979,48.161],[-2.963,48.169],[-2.892,48.165],[-2.878,48.151],[-2.85,48.141],[-2.81,48.147],[-2.785,48.123],[-2.783,48.112],[-2.775,48.087],[-2.751,48.117],[-2.704,48.112],[-2.676,48.132],[-2.653,48.12],[-2.651,48.111],[-2.65,48.097],[-2.673,48.064],[-2.659,48.045],[-2.656,48.033],[-2.628,48.034],[-2.578,48.072],[-2.548,48.076],[-2.554,48.095],[-2.521,48.122],[-2.517,48.142],[-2.534,48.157],[-2.447,48.173],[-2.406,48.168],[-2.376,48.141],[-2.375,48.131],[-2.362,48.114],[-2.358,48.111],[-2.288,48.134],[-2.255,48.109],[-2.255,48.097],[-2.254,48.09],[-2.256,48.063],[-2.219,48.081],[-2.182,48.083],[-2.168,48.076],[-2.194,48.051],[-2.25,48.048],[-2.273,48.031],[-2.28,48.021],[-2.288,47.992],[-2.239,48.0],[-2.214,47.993],[-2.173,47.98],[-2.138,47.98],[-2.123,47.964],[-2.119,47.961],[-2.105,47.952],[-2.078,47.919],[-2.082,47.909],[-2.093,47.902],[-2.116,47.88],[-2.096,47.862],[-2.11,47.849],[-2.069,47.852],[-2.055,47.869],[-2.055,47.869],[-2.051,47.857],[-2.036,47.834],[-2.047,47.819],[-2.072,47.799],[-2.074,47.789],[-2.128,47.761],[-2.086,47.763],[-2.062,47.751],[-2.059,47.738],[-2.109,47.736],[-2.129,47.718],[-2.122,47.683],[-2.104,47.676],[-2.11,47.657],[-2.103,47.635],[-2.097,47.632],[-2.085,47.607],[-2.105,47.578],[-2.097,47.573],[-2.099,47.533],[-2.144,47.525],[-2.154,47.496],[-2.181,47.491],[-2.198,47.511],[-2.244,47.494],[-2.297,47.516],[-2.299,47.516],[-2.317,47.461],[-2.378,47.463],[-2.417,47.46],[-2.423,47.477],[-2.459,47.448],[-2.479,47.442],[-2.501,47.459],[-2.499,47.485],[-2.447,47.495],[-2.424,47.486],[-2.384,47.499],[-2.442,47.499],[-2.467,47.512],[-2.5,47.518]]],[[[-3.158,47.293],[-3.222,47.294],[-3.248,47.314],[-3.236,47.324],[-3.249,47.331],[-3.262,47.371],[-3.218,47.379],[-3.195,47.365],[-3.156,47.362],[-3.146,47.334],[-3.122,47.323],[-3.064,47.308],[-3.077,47.288],[-3.158,47.293]]],[[[-3.515,47.648],[-3.497,47.654],[-3.438,47.645],[-3.418,47.626],[-3.463,47.62],[-3.515,47.648]]],[[[-2.891,47.346],[-2.861,47.341],[-2.88,47.333],[-2.891,47.346]]],[[[-2.995,47.394],[-2.985,47.399],[-2.953,47.386],[-2.968,47.384],[-2.984,47.394],[-2.995,47.394]]],[[[-2.862,47.569],[-2.857,47.59],[-2.842,47.597],[-2.856,47.575],[-2.862,47.569]]],[[[-2.817,47.585],[-2.806,47.596],[-2.788,47.6],[-2.809,47.578],[-2.817,47.585]]]]}},{"type":"Feature","properties":{"district":"Moselle","constituency_code":"FR2007-DPT-57","electorate_type":"Department"},"geometry":{"type":"Polygon","coordinates":[[[6.357,48.811],[6.339,48.811],[6.334,48.82],[6.309,48.821],[6.301,48.824],[6.34,48.833],[6.33,48.836],[6.316,48.837],[6.285,48.849],[6.3,48.853],[6.297,48.867],[6.308,48.875],[6.297,48.883],[6.326,48.896],[6.328,48.905],[6.311,48.921],[6.288,48.916],[6.288,48.928],[6.277,48.928],[6.271,48.933],[6.263,48.934],[6.237,48.925],[6.206,48.939],[6.206,48.938],[6.165,48.942],[6.15,48.933],[6.147,48.933],[6.123,48.949],[6.1,48.969],[6.082,48.963],[6.079,48.965],[6.065,48.981],[6.043,48.977],[6.043,49.002],[6.045,49.009],[6.013,49.038],[6.005,49.035],[5.995,49.038],[5.985,49.042],[5.958,49.048],[5.952,49.062],[5.935,49.072],[5.928,49.1],[5.931,49.109],[5.948,49.109],[6.006,49.113],[6.002,49.116],[5.984,49.142],[5.999,49.156],[6.011,49.153],[6.031,49.168],[5.985,49.185],[5.979,49.193],[5.979,49.195],[5.988,49.21],[6.003,49.209],[6.01,49.222],[6.031,49.233],[6.028,49.233],[6.01,49.266],[6.01,49.272],[6.004,49.288],[5.997,49.314],[5.986,49.305],[5.943,49.341],[5.978,49.345],[5.956,49.362],[5.925,49.373],[5.93,49.402],[5.919,49.405],[5.911,49.407],[5.919,49.418],[5.943,49.43],[5.931,49.447],[5.94,49.478],[5.929,49.485],[5.917,49.483],[5.897,49.481],[5.893,49.497],[5.928,49.498],[5.956,49.493],[5.972,49.491],[5.982,49.451],[6.042,49.448],[6.058,49.466],[6.101,49.453],[6.098,49.464],[6.145,49.488],[6.18,49.507],[6.217,49.507],[6.236,49.508],[6.281,49.494],[6.299,49.488],[6.334,49.467],[6.347,49.466],[6.364,49.46],[6.369,49.46],[6.403,49.466],[6.441,49.467],[6.485,49.452],[6.535,49.434],[6.554,49.42],[6.541,49.401],[6.552,49.395],[6.588,49.383],[6.569,49.358],[6.578,49.335],[6.589,49.322],[6.632,49.296],[6.654,49.281],[6.662,49.257],[6.686,49.244],[6.696,49.215],[6.732,49.206],[6.72,49.176],[6.729,49.169],[6.748,49.166],[6.773,49.167],[6.834,49.151],[6.844,49.156],[6.845,49.162],[6.861,49.179],[6.851,49.193],[6.836,49.211],[6.859,49.223],[6.885,49.211],[6.895,49.21],[6.919,49.223],[6.944,49.214],[6.954,49.206],[6.999,49.194],[7.016,49.191],[7.046,49.129],[7.067,49.115],[7.09,49.132],[7.104,49.139],[7.131,49.132],[7.159,49.12],[7.198,49.115],[7.249,49.127],[7.293,49.115],[7.304,49.124],[7.33,49.145],[7.363,49.145],[7.362,49.148],[7.382,49.175],[7.436,49.18],[7.457,49.164],[7.482,49.17],[7.506,49.151],[7.489,49.136],[7.524,49.106],[7.559,49.082],[7.601,49.083],[7.63,49.074],[7.635,49.054],[7.626,49.034],[7.606,49.02],[7.593,48.984],[7.584,48.966],[7.58,48.962],[7.557,48.936],[7.513,48.943],[7.487,48.95],[7.452,48.968],[7.392,48.953],[7.38,48.951],[7.368,48.954],[7.355,48.955],[7.355,48.954],[7.327,48.943],[7.29,48.956],[7.291,48.967],[7.294,48.972],[7.236,48.988],[7.209,48.98],[7.186,48.994],[7.174,49.006],[7.162,49.002],[7.13,49.005],[7.122,49.023],[7.119,49.037],[7.106,49.045],[7.113,49.065],[7.099,49.078],[7.072,49.057],[7.079,49.05],[7.055,49.031],[7.052,49.009],[7.047,49.0],[7.032,48.956],[7.026,48.956],[7.019,48.958],[6.993,48.961],[6.987,48.95],[6.983,48.942],[6.947,48.935],[6.945,48.935],[6.965,48.905],[6.987,48.891],[7.056,48.865],[7.051,48.859],[7.094,48.863],[7.089,48.848],[7.081,48.847],[7.053,48.847],[7.054,48.836],[7.047,48.821],[7.052,48.815],[7.085,48.812],[7.067,48.799],[7.079,48.786],[7.105,48.797],[7.118,48.799],[7.127,48.801],[7.139,48.817],[7.149,48.845],[7.174,48.842],[7.185,48.85],[7.204,48.827],[7.22,48.819],[7.218,48.828],[7.258,48.822],[7.263,48.819],[7.263,48.819],[7.246,48.81],[7.261,48.797],[7.27,48.803],[7.291,48.794],[7.29,48.786],[7.313,48.767],[7.287,48.731],[7.286,48.732],[7.265,48.701],[7.242,48.692],[7.255,48.673],[7.271,48.663],[7.304,48.66],[7.283,48.643],[7.266,48.592],[7.256,48.589],[7.241,48.574],[7.22,48.556],[7.201,48.553],[7.187,48.537],[7.169,48.529],[7.168,48.528],[7.115,48.537],[7.08,48.537],[7.056,48.539],[7.034,48.581],[6.997,48.597],[7.01,48.612],[6.993,48.61],[6.991,48.609],[6.961,48.608],[6.94,48.615],[6.93,48.636],[6.906,48.62],[6.893,48.625],[6.843,48.63],[6.839,48.637],[6.839,48.638],[6.81,48.647],[6.783,48.643],[6.774,48.648],[6.764,48.652],[6.763,48.655],[6.755,48.67],[6.726,48.665],[6.709,48.671],[6.669,48.667],[6.667,48.671],[6.677,48.689],[6.662,48.706],[6.643,48.703],[6.617,48.715],[6.599,48.716],[6.59,48.732],[6.589,48.732],[6.562,48.756],[6.548,48.755],[6.539,48.751],[6.511,48.749],[6.491,48.765],[6.461,48.768],[6.453,48.766],[6.433,48.789],[6.395,48.775],[6.387,48.781],[6.371,48.785],[6.356,48.792],[6.357,48.811]]]}},{"type":"Feature","properties":{"district":"Nièvre","constituency_code":"FR2007-DPT-58","electorate_type":"Department"},"geometry":{"type":"Polygon","coordinates":[[[4.135,47.237],[4.167,47.25],[4.187,47.245],[4.222,47.22],[4.229,47.204],[4.209,47.168],[4.21,47.155],[4.182,47.151],[4.115,47.146],[4.116,47.123],[4.114,47.119],[4.093,47.126],[4.055,47.115],[4.039,47.08],[4.074,47.056],[4.059,47.032],[4.037,47.002],[3.996,46.987],[4.041,46.976],[4.056,46.957],[4.045,46.938],[4.037,46.92],[4.045,46.901],[4.075,46.892],[4.101,46.859],[4.049,46.838],[4.046,46.831],[4.059,46.816],[4.062,46.792],[4.047,46.778],[4.001,46.779],[3.967,46.766],[3.963,46.766],[3.933,46.742],[3.889,46.728],[3.876,46.732],[3.853,46.725],[3.827,46.704],[3.795,46.702],[3.784,46.736],[3.736,46.753],[3.704,46.747],[3.648,46.743],[3.629,46.75],[3.593,46.763],[3.576,46.748],[3.577,46.723],[3.548,46.723],[3.554,46.685],[3.514,46.684],[3.487,46.654],[3.455,46.652],[3.442,46.662],[3.453,46.69],[3.434,46.712],[3.39,46.715],[3.357,46.689],[3.314,46.689],[3.301,46.717],[3.283,46.715],[3.234,46.698],[3.204,46.679],[3.166,46.691],[3.149,46.709],[3.147,46.71],[3.105,46.733],[3.084,46.738],[3.038,46.773],[3.032,46.795],[3.039,46.81],[3.058,46.832],[3.055,46.839],[3.069,46.853],[3.063,46.89],[3.061,46.897],[3.05,46.906],[3.065,46.936],[3.066,46.938],[3.079,46.96],[3.065,46.997],[3.074,47.012],[3.075,47.03],[3.064,47.046],[3.054,47.048],[3.022,47.064],[3.023,47.08],[3.03,47.107],[3.03,47.108],[3.028,47.128],[3.025,47.131],[3.019,47.156],[3.016,47.159],[2.998,47.201],[2.994,47.207],[2.978,47.236],[2.982,47.254],[2.974,47.27],[2.923,47.301],[2.913,47.308],[2.899,47.313],[2.874,47.329],[2.88,47.355],[2.89,47.366],[2.92,47.41],[2.932,47.434],[2.92,47.459],[2.919,47.461],[2.897,47.485],[2.892,47.499],[2.89,47.508],[2.874,47.52],[2.845,47.545],[2.884,47.553],[2.909,47.56],[2.914,47.566],[2.959,47.558],[2.977,47.569],[3.031,47.561],[3.072,47.58],[3.112,47.584],[3.12,47.579],[3.123,47.539],[3.165,47.517],[3.204,47.523],[3.235,47.49],[3.276,47.491],[3.285,47.504],[3.34,47.481],[3.347,47.47],[3.405,47.509],[3.412,47.508],[3.458,47.5],[3.488,47.494],[3.495,47.522],[3.492,47.56],[3.498,47.561],[3.526,47.522],[3.542,47.514],[3.575,47.499],[3.576,47.483],[3.576,47.482],[3.583,47.461],[3.606,47.466],[3.629,47.455],[3.634,47.456],[3.677,47.447],[3.679,47.447],[3.684,47.434],[3.713,47.415],[3.715,47.407],[3.741,47.396],[3.775,47.406],[3.786,47.39],[3.828,47.382],[3.852,47.428],[3.852,47.436],[3.88,47.43],[3.893,47.411],[3.86,47.388],[3.871,47.367],[3.887,47.366],[3.909,47.382],[3.961,47.386],[3.974,47.331],[3.983,47.323],[4.002,47.311],[4.04,47.327],[4.077,47.341],[4.106,47.339],[4.143,47.354],[4.125,47.336],[4.13,47.321],[4.133,47.307],[4.115,47.293],[4.135,47.237]]]}},{"type":"Feature","properties":{"district":"Nord","constituency_code":"FR2007-DPT-59","electorate_type":"Department"},"geometry":{"type":"MultiPolygon","coordinates":[[[[3.184,50.226],[3.187,50.235],[3.175,50.241],[3.147,50.246],[3.149,50.263],[3.138,50.265],[3.132,50.266],[3.108,50.268],[3.061,50.272],[3.061,50.273],[3.055,50.275],[3.036,50.27],[3.018,50.265],[3.012,50.268],[3.016,50.284],[3.055,50.282],[3.055,50.29],[3.048,50.294],[3.058,50.302],[3.084,50.311],[3.078,50.316],[3.06,50.329],[3.061,50.333],[3.047,50.346],[3.038,50.344],[3.014,50.36],[3.006,50.361],[3.003,50.371],[2.995,50.383],[2.979,50.404],[2.991,50.402],[2.995,50.4],[3.03,50.412],[3.039,50.423],[3.069,50.426],[3.082,50.444],[3.067,50.459],[3.059,50.456],[3.042,50.445],[3.016,50.442],[3.008,50.456],[3.017,50.468],[3.017,50.473],[3.01,50.49],[3.008,50.493],[2.994,50.497],[2.965,50.513],[2.951,50.512],[2.927,50.508],[2.91,50.5],[2.905,50.504],[2.882,50.508],[2.887,50.533],[2.887,50.538],[2.882,50.536],[2.862,50.53],[2.853,50.529],[2.812,50.529],[2.804,50.527],[2.799,50.529],[2.794,50.549],[2.813,50.55],[2.808,50.579],[2.789,50.583],[2.792,50.586],[2.829,50.619],[2.831,50.62],[2.862,50.628],[2.87,50.631],[2.845,50.652],[2.821,50.661],[2.809,50.669],[2.771,50.664],[2.759,50.652],[2.759,50.651],[2.792,50.634],[2.761,50.625],[2.751,50.607],[2.726,50.614],[2.724,50.627],[2.682,50.636],[2.631,50.618],[2.593,50.632],[2.585,50.637],[2.564,50.625],[2.532,50.643],[2.506,50.634],[2.473,50.639],[2.451,50.653],[2.416,50.666],[2.415,50.669],[2.371,50.677],[2.364,50.685],[2.366,50.709],[2.355,50.717],[2.34,50.731],[2.364,50.752],[2.411,50.767],[2.404,50.772],[2.386,50.778],[2.361,50.776],[2.313,50.787],[2.289,50.777],[2.256,50.788],[2.243,50.797],[2.227,50.808],[2.213,50.811],[2.211,50.82],[2.208,50.838],[2.202,50.843],[2.19,50.872],[2.189,50.875],[2.166,50.912],[2.151,50.933],[2.142,50.948],[2.125,50.97],[2.109,50.984],[2.11,50.988],[2.089,51.004],[2.103,51.007],[2.152,51.035],[2.171,51.044],[2.209,51.032],[2.24,51.039],[2.264,51.045],[2.303,51.051],[2.34,51.057],[2.386,51.05],[2.432,51.058],[2.467,51.067],[2.473,51.068],[2.494,51.074],[2.545,51.089],[2.559,51.07],[2.572,51.013],[2.621,50.965],[2.63,50.943],[2.609,50.931],[2.59,50.919],[2.605,50.907],[2.607,50.873],[2.599,50.853],[2.617,50.848],[2.635,50.813],[2.662,50.816],[2.718,50.813],[2.738,50.781],[2.754,50.775],[2.789,50.729],[2.813,50.717],[2.848,50.723],[2.87,50.703],[2.901,50.693],[2.923,50.703],[2.937,50.73],[2.941,50.746],[2.983,50.757],[3.036,50.77],[3.059,50.781],[3.09,50.774],[3.148,50.79],[3.161,50.773],[3.184,50.749],[3.197,50.737],[3.213,50.713],[3.245,50.713],[3.254,50.691],[3.242,50.667],[3.245,50.651],[3.251,50.636],[3.259,50.628],[3.272,50.605],[3.276,50.582],[3.276,50.559],[3.286,50.528],[3.329,50.508],[3.335,50.508],[3.377,50.491],[3.406,50.499],[3.44,50.507],[3.45,50.508],[3.474,50.534],[3.518,50.525],[3.496,50.499],[3.507,50.489],[3.56,50.498],[3.585,50.491],[3.608,50.497],[3.643,50.463],[3.67,50.437],[3.674,50.41],[3.665,50.38],[3.657,50.371],[3.673,50.335],[3.685,50.327],[3.708,50.305],[3.71,50.303],[3.732,50.312],[3.734,50.332],[3.763,50.348],[3.812,50.345],[3.857,50.348],[3.886,50.327],[3.919,50.332],[3.967,50.341],[3.986,50.342],[4.037,50.343],[4.078,50.321],[4.079,50.31],[4.079,50.31],[4.123,50.298],[4.124,50.273],[4.135,50.26],[4.164,50.257],[4.15,50.274],[4.203,50.275],[4.221,50.259],[4.199,50.24],[4.173,50.217],[4.15,50.214],[4.157,50.193],[4.155,50.167],[4.127,50.136],[4.197,50.135],[4.197,50.109],[4.227,50.08],[4.228,50.066],[4.172,50.047],[4.161,50.048],[4.136,50.015],[4.163,49.995],[4.141,49.979],[4.105,49.971],[4.08,49.98],[4.032,49.982],[4.022,49.986],[3.981,49.994],[3.996,50.028],[3.989,50.042],[3.982,50.044],[3.95,50.027],[3.948,50.03],[3.923,50.027],[3.887,50.01],[3.878,50.028],[3.838,50.048],[3.816,50.039],[3.816,50.039],[3.777,50.046],[3.775,50.049],[3.746,50.053],[3.715,50.069],[3.71,50.067],[3.673,50.056],[3.658,50.049],[3.662,50.039],[3.625,50.031],[3.614,50.025],[3.609,50.03],[3.58,50.047],[3.568,50.053],[3.556,50.054],[3.53,50.039],[3.507,50.036],[3.507,50.034],[3.49,50.019],[3.428,50.022],[3.428,50.025],[3.398,50.034],[3.393,50.031],[3.35,50.033],[3.337,50.017],[3.309,50.019],[3.3,50.017],[3.273,50.02],[3.27,50.029],[3.264,50.031],[3.245,50.028],[3.245,50.03],[3.173,50.012],[3.167,50.021],[3.124,50.024],[3.115,50.032],[3.09,50.054],[3.095,50.071],[3.087,50.076],[3.114,50.093],[3.104,50.105],[3.104,50.111],[3.097,50.124],[3.135,50.14],[3.135,50.144],[3.101,50.162],[3.137,50.167],[3.156,50.182],[3.143,50.196],[3.131,50.2],[3.133,50.203],[3.143,50.219],[3.179,50.219],[3.184,50.226]]],[[[3.067,50.129],[3.037,50.131],[3.011,50.113],[2.994,50.137],[3.004,50.15],[3.02,50.154],[3.027,50.151],[3.041,50.16],[3.063,50.174],[3.09,50.172],[3.096,50.163],[3.068,50.147],[3.073,50.131],[3.067,50.129]]]]}},{"type":"Feature","properties":{"district":"Oise","constituency_code":"FR2007-DPT-60","electorate_type":"Department"},"geometry":{"type":"Polygon","coordinates":[[[1.752,49.681],[1.745,49.698],[1.705,49.681],[1.689,49.694],[1.715,49.714],[1.743,49.738],[1.746,49.739],[1.743,49.753],[1.784,49.758],[1.79,49.754],[1.809,49.754],[1.821,49.739],[1.836,49.74],[1.82,49.723],[1.838,49.709],[1.849,49.702],[1.881,49.698],[1.895,49.7],[1.933,49.72],[1.949,49.701],[1.972,49.72],[2.002,49.713],[2.028,49.711],[2.048,49.688],[2.051,49.686],[2.091,49.691],[2.095,49.693],[2.124,49.688],[2.147,49.699],[2.19,49.704],[2.192,49.703],[2.23,49.702],[2.233,49.702],[2.247,49.702],[2.26,49.696],[2.29,49.685],[2.315,49.69],[2.332,49.682],[2.355,49.664],[2.362,49.667],[2.374,49.656],[2.402,49.661],[2.445,49.653],[2.449,49.647],[2.453,49.641],[2.465,49.638],[2.473,49.636],[2.478,49.621],[2.505,49.64],[2.521,49.627],[2.527,49.63],[2.566,49.619],[2.559,49.608],[2.572,49.597],[2.582,49.599],[2.593,49.612],[2.626,49.611],[2.627,49.61],[2.628,49.585],[2.649,49.572],[2.671,49.581],[2.674,49.6],[2.674,49.602],[2.687,49.617],[2.689,49.625],[2.699,49.626],[2.721,49.622],[2.726,49.625],[2.757,49.621],[2.76,49.618],[2.776,49.615],[2.795,49.617],[2.796,49.63],[2.802,49.659],[2.8,49.661],[2.843,49.658],[2.846,49.671],[2.848,49.672],[2.857,49.683],[2.889,49.671],[2.888,49.682],[2.866,49.703],[2.882,49.714],[2.884,49.714],[2.893,49.699],[2.913,49.71],[2.935,49.677],[2.954,49.666],[2.956,49.678],[2.982,49.704],[2.992,49.708],[3.008,49.693],[3.028,49.68],[3.033,49.683],[3.055,49.694],[3.052,49.714],[3.083,49.713],[3.08,49.692],[3.093,49.7],[3.118,49.706],[3.127,49.67],[3.109,49.664],[3.096,49.651],[3.113,49.631],[3.096,49.623],[3.094,49.622],[3.102,49.616],[3.122,49.602],[3.124,49.596],[3.138,49.579],[3.126,49.573],[3.132,49.544],[3.126,49.542],[3.121,49.521],[3.096,49.518],[3.106,49.504],[3.122,49.494],[3.107,49.468],[3.13,49.462],[3.155,49.454],[3.166,49.447],[3.165,49.441],[3.131,49.432],[3.101,49.439],[3.093,49.425],[3.094,49.421],[3.095,49.398],[3.09,49.398],[3.08,49.374],[3.077,49.356],[3.069,49.347],[3.036,49.326],[3.013,49.337],[3.002,49.34],[2.965,49.322],[2.974,49.304],[2.97,49.303],[3.014,49.282],[3.027,49.272],[3.031,49.267],[3.034,49.244],[3.034,49.243],[3.002,49.236],[2.964,49.232],[2.97,49.21],[2.972,49.188],[2.981,49.185],[2.989,49.189],[2.997,49.187],[3.023,49.171],[3.038,49.169],[3.035,49.184],[3.002,49.188],[3.0,49.214],[3.035,49.206],[3.052,49.207],[3.064,49.193],[3.084,49.163],[3.103,49.197],[3.117,49.189],[3.128,49.145],[3.105,49.148],[3.105,49.148],[3.117,49.139],[3.094,49.142],[3.077,49.122],[3.072,49.118],[3.056,49.102],[3.066,49.085],[3.034,49.089],[3.004,49.089],[2.988,49.072],[2.975,49.075],[2.971,49.089],[2.946,49.088],[2.937,49.079],[2.901,49.085],[2.895,49.077],[2.856,49.07],[2.845,49.085],[2.809,49.098],[2.792,49.09],[2.784,49.089],[2.769,49.083],[2.761,49.063],[2.735,49.061],[2.724,49.081],[2.703,49.065],[2.691,49.071],[2.678,49.086],[2.633,49.109],[2.619,49.095],[2.61,49.095],[2.59,49.08],[2.583,49.081],[2.58,49.09],[2.573,49.094],[2.56,49.098],[2.542,49.122],[2.531,49.099],[2.49,49.106],[2.499,49.122],[2.478,49.131],[2.461,49.137],[2.435,49.134],[2.439,49.142],[2.441,49.146],[2.391,49.149],[2.373,49.159],[2.359,49.147],[2.322,49.184],[2.31,49.185],[2.301,49.184],[2.286,49.16],[2.262,49.158],[2.241,49.152],[2.217,49.154],[2.22,49.18],[2.187,49.173],[2.176,49.176],[2.164,49.166],[2.158,49.173],[2.152,49.184],[2.095,49.19],[2.081,49.211],[2.038,49.192],[2.038,49.192],[2.022,49.189],[1.999,49.175],[1.974,49.184],[1.962,49.175],[1.934,49.174],[1.883,49.163],[1.876,49.175],[1.873,49.174],[1.849,49.171],[1.834,49.165],[1.797,49.185],[1.794,49.18],[1.777,49.185],[1.776,49.185],[1.742,49.18],[1.726,49.194],[1.716,49.203],[1.74,49.224],[1.704,49.232],[1.701,49.242],[1.701,49.252],[1.712,49.264],[1.754,49.27],[1.767,49.252],[1.79,49.247],[1.79,49.247],[1.802,49.273],[1.784,49.293],[1.772,49.294],[1.771,49.326],[1.758,49.357],[1.76,49.368],[1.72,49.395],[1.74,49.406],[1.714,49.409],[1.734,49.441],[1.738,49.449],[1.74,49.449],[1.748,49.46],[1.766,49.466],[1.789,49.49],[1.788,49.507],[1.768,49.512],[1.725,49.5],[1.719,49.503],[1.72,49.509],[1.746,49.539],[1.745,49.54],[1.73,49.561],[1.721,49.57],[1.698,49.572],[1.694,49.575],[1.691,49.579],[1.722,49.589],[1.721,49.59],[1.694,49.601],[1.718,49.615],[1.717,49.633],[1.704,49.64],[1.699,49.645],[1.722,49.662],[1.752,49.681]]]}},{"type":"Feature","properties":{"district":"Orne","constituency_code":"FR2007-DPT-61","electorate_type":"Department"},"geometry":{"type":"Polygon","coordinates":[[[0.089,48.411],[0.083,48.411],[0.067,48.406],[0.062,48.383],[0.04,48.381],[0.023,48.38],[0.003,48.396],[-0.02,48.394],[-0.05,48.375],[-0.055,48.382],[-0.054,48.394],[-0.057,48.429],[-0.055,48.431],[-0.063,48.457],[-0.081,48.45],[-0.108,48.448],[-0.138,48.453],[-0.156,48.49],[-0.172,48.502],[-0.144,48.528],[-0.192,48.552],[-0.196,48.556],[-0.243,48.568],[-0.258,48.552],[-0.241,48.537],[-0.271,48.507],[-0.309,48.518],[-0.32,48.523],[-0.351,48.501],[-0.353,48.484],[-0.376,48.496],[-0.393,48.501],[-0.398,48.511],[-0.425,48.507],[-0.448,48.515],[-0.478,48.502],[-0.509,48.509],[-0.535,48.492],[-0.572,48.469],[-0.593,48.471],[-0.594,48.473],[-0.654,48.445],[-0.654,48.454],[-0.669,48.487],[-0.688,48.47],[-0.725,48.473],[-0.718,48.454],[-0.757,48.437],[-0.774,48.443],[-0.778,48.466],[-0.813,48.455],[-0.818,48.469],[-0.821,48.476],[-0.86,48.502],[-0.847,48.522],[-0.809,48.548],[-0.805,48.55],[-0.775,48.575],[-0.774,48.575],[-0.758,48.595],[-0.74,48.622],[-0.763,48.631],[-0.772,48.653],[-0.737,48.68],[-0.798,48.709],[-0.819,48.731],[-0.832,48.73],[-0.843,48.729],[-0.841,48.752],[-0.808,48.76],[-0.785,48.781],[-0.781,48.787],[-0.714,48.8],[-0.682,48.822],[-0.694,48.847],[-0.644,48.841],[-0.645,48.827],[-0.606,48.834],[-0.57,48.831],[-0.55,48.848],[-0.524,48.85],[-0.51,48.846],[-0.469,48.868],[-0.464,48.871],[-0.425,48.867],[-0.402,48.859],[-0.384,48.847],[-0.366,48.849],[-0.364,48.849],[-0.347,48.823],[-0.346,48.822],[-0.33,48.836],[-0.336,48.847],[-0.329,48.858],[-0.299,48.849],[-0.283,48.853],[-0.254,48.85],[-0.242,48.85],[-0.228,48.843],[-0.205,48.847],[-0.152,48.82],[-0.126,48.817],[-0.143,48.828],[-0.125,48.848],[-0.107,48.84],[-0.075,48.841],[-0.07,48.843],[-0.059,48.854],[-0.031,48.87],[-0.031,48.874],[-0.007,48.872],[-0.006,48.872],[-0.01,48.884],[0.05,48.899],[0.057,48.908],[0.064,48.917],[0.081,48.938],[0.126,48.95],[0.128,48.952],[0.148,48.929],[0.171,48.927],[0.187,48.941],[0.224,48.941],[0.245,48.959],[0.283,48.949],[0.308,48.954],[0.333,48.943],[0.357,48.95],[0.377,48.973],[0.4,48.953],[0.413,48.95],[0.395,48.929],[0.386,48.91],[0.45,48.891],[0.459,48.888],[0.495,48.879],[0.554,48.877],[0.578,48.894],[0.595,48.889],[0.618,48.852],[0.634,48.856],[0.608,48.833],[0.628,48.825],[0.647,48.815],[0.66,48.812],[0.704,48.792],[0.713,48.789],[0.756,48.77],[0.757,48.767],[0.775,48.737],[0.744,48.717],[0.729,48.707],[0.767,48.696],[0.768,48.693],[0.764,48.676],[0.779,48.667],[0.815,48.67],[0.823,48.651],[0.832,48.633],[0.823,48.609],[0.847,48.61],[0.852,48.582],[0.926,48.56],[0.932,48.534],[0.967,48.524],[0.941,48.499],[0.955,48.493],[0.936,48.476],[0.938,48.469],[0.959,48.443],[0.976,48.439],[0.945,48.418],[0.926,48.384],[0.907,48.37],[0.828,48.342],[0.818,48.35],[0.788,48.341],[0.785,48.34],[0.781,48.333],[0.76,48.298],[0.808,48.29],[0.792,48.265],[0.787,48.262],[0.822,48.224],[0.798,48.195],[0.755,48.182],[0.724,48.198],[0.722,48.203],[0.684,48.254],[0.652,48.264],[0.632,48.255],[0.639,48.235],[0.632,48.235],[0.594,48.245],[0.579,48.244],[0.537,48.249],[0.53,48.265],[0.513,48.268],[0.506,48.294],[0.463,48.305],[0.443,48.305],[0.428,48.315],[0.415,48.322],[0.38,48.343],[0.388,48.347],[0.38,48.369],[0.379,48.383],[0.374,48.387],[0.376,48.43],[0.368,48.438],[0.353,48.46],[0.351,48.459],[0.341,48.461],[0.315,48.473],[0.284,48.482],[0.262,48.483],[0.218,48.474],[0.195,48.464],[0.174,48.451],[0.144,48.455],[0.155,48.445],[0.153,48.438],[0.122,48.436],[0.089,48.411]]]}},{"type":"Feature","properties":{"district":"Pas-de-Calais","constituency_code":"FR2007-DPT-62","electorate_type":"Department"},"geometry":{"type":"Polygon","coordinates":[[[2.781,50.111],[2.749,50.113],[2.73,50.126],[2.707,50.126],[2.719,50.088],[2.704,50.081],[2.672,50.094],[2.657,50.101],[2.648,50.095],[2.636,50.1],[2.631,50.105],[2.631,50.107],[2.593,50.107],[2.576,50.113],[2.569,50.12],[2.57,50.122],[2.587,50.137],[2.581,50.138],[2.568,50.136],[2.552,50.141],[2.548,50.124],[2.532,50.115],[2.515,50.141],[2.491,50.138],[2.476,50.137],[2.47,50.134],[2.455,50.131],[2.45,50.124],[2.446,50.118],[2.43,50.088],[2.414,50.1],[2.397,50.107],[2.395,50.11],[2.375,50.109],[2.38,50.119],[2.39,50.155],[2.403,50.165],[2.415,50.164],[2.415,50.173],[2.421,50.175],[2.451,50.179],[2.474,50.189],[2.485,50.191],[2.495,50.195],[2.495,50.2],[2.489,50.205],[2.486,50.208],[2.46,50.22],[2.452,50.23],[2.437,50.227],[2.407,50.234],[2.385,50.225],[2.382,50.226],[2.368,50.208],[2.362,50.207],[2.337,50.235],[2.333,50.239],[2.327,50.213],[2.302,50.213],[2.27,50.229],[2.253,50.215],[2.231,50.211],[2.224,50.217],[2.2,50.215],[2.187,50.21],[2.177,50.208],[2.149,50.191],[2.142,50.203],[2.115,50.203],[2.086,50.201],[2.083,50.217],[2.069,50.227],[2.069,50.233],[2.063,50.235],[2.078,50.248],[2.064,50.255],[2.038,50.264],[2.026,50.27],[2.003,50.271],[1.994,50.276],[1.96,50.291],[1.946,50.288],[1.935,50.302],[1.964,50.318],[1.946,50.332],[1.899,50.313],[1.893,50.318],[1.876,50.323],[1.852,50.341],[1.852,50.343],[1.822,50.35],[1.805,50.36],[1.792,50.359],[1.762,50.362],[1.73,50.348],[1.695,50.339],[1.692,50.343],[1.662,50.331],[1.652,50.34],[1.645,50.35],[1.634,50.364],[1.618,50.372],[1.574,50.39],[1.555,50.401],[1.569,50.44],[1.574,50.471],[1.576,50.488],[1.578,50.522],[1.609,50.527],[1.635,50.512],[1.641,50.509],[1.644,50.51],[1.605,50.541],[1.578,50.581],[1.579,50.607],[1.578,50.641],[1.571,50.664],[1.563,50.692],[1.579,50.728],[1.594,50.751],[1.607,50.771],[1.602,50.804],[1.595,50.817],[1.589,50.832],[1.584,50.872],[1.614,50.872],[1.635,50.876],[1.693,50.916],[1.707,50.926],[1.789,50.957],[1.829,50.963],[1.864,50.983],[1.913,50.981],[1.973,50.99],[2.089,51.004],[2.11,50.988],[2.109,50.984],[2.125,50.97],[2.142,50.948],[2.151,50.933],[2.166,50.912],[2.189,50.875],[2.19,50.872],[2.202,50.843],[2.208,50.838],[2.211,50.82],[2.213,50.811],[2.227,50.808],[2.243,50.797],[2.256,50.788],[2.289,50.777],[2.313,50.787],[2.361,50.776],[2.386,50.778],[2.404,50.772],[2.411,50.767],[2.364,50.752],[2.34,50.731],[2.355,50.717],[2.366,50.709],[2.364,50.685],[2.371,50.677],[2.415,50.669],[2.416,50.666],[2.451,50.653],[2.473,50.639],[2.506,50.634],[2.532,50.643],[2.564,50.625],[2.585,50.637],[2.593,50.632],[2.631,50.618],[2.682,50.636],[2.724,50.627],[2.726,50.614],[2.751,50.607],[2.761,50.625],[2.792,50.634],[2.759,50.651],[2.759,50.652],[2.771,50.664],[2.809,50.669],[2.821,50.661],[2.845,50.652],[2.87,50.631],[2.862,50.628],[2.831,50.62],[2.829,50.619],[2.792,50.586],[2.789,50.583],[2.808,50.579],[2.813,50.55],[2.794,50.549],[2.799,50.529],[2.804,50.527],[2.812,50.529],[2.853,50.529],[2.862,50.53],[2.882,50.536],[2.887,50.538],[2.887,50.533],[2.882,50.508],[2.905,50.504],[2.91,50.5],[2.927,50.508],[2.951,50.512],[2.965,50.513],[2.994,50.497],[3.008,50.493],[3.01,50.49],[3.017,50.473],[3.017,50.468],[3.008,50.456],[3.016,50.442],[3.042,50.445],[3.059,50.456],[3.067,50.459],[3.082,50.444],[3.069,50.426],[3.039,50.423],[3.03,50.412],[2.995,50.4],[2.991,50.402],[2.979,50.404],[2.995,50.383],[3.003,50.371],[3.006,50.361],[3.014,50.36],[3.038,50.344],[3.047,50.346],[3.061,50.333],[3.06,50.329],[3.078,50.316],[3.084,50.311],[3.058,50.302],[3.048,50.294],[3.055,50.29],[3.055,50.282],[3.016,50.284],[3.012,50.268],[3.018,50.265],[3.036,50.27],[3.055,50.275],[3.061,50.273],[3.061,50.272],[3.108,50.268],[3.132,50.266],[3.138,50.265],[3.149,50.263],[3.147,50.246],[3.175,50.241],[3.187,50.235],[3.184,50.226],[3.179,50.219],[3.143,50.219],[3.133,50.203],[3.131,50.2],[3.143,50.196],[3.156,50.182],[3.137,50.167],[3.101,50.162],[3.135,50.144],[3.135,50.14],[3.097,50.124],[3.104,50.111],[3.104,50.105],[3.114,50.093],[3.087,50.076],[3.095,50.071],[3.09,50.054],[3.074,50.045],[3.062,50.049],[3.031,50.058],[3.025,50.055],[3.012,50.058],[3.006,50.055],[2.994,50.051],[2.972,50.042],[2.962,50.05],[2.949,50.053],[2.94,50.05],[2.935,50.045],[2.92,50.048],[2.884,50.032],[2.879,50.025],[2.857,50.024],[2.856,50.026],[2.87,50.035],[2.865,50.06],[2.857,50.061],[2.855,50.078],[2.831,50.063],[2.807,50.063],[2.796,50.051],[2.795,50.05],[2.777,50.044],[2.752,50.04],[2.742,50.048],[2.764,50.061],[2.76,50.07],[2.774,50.08],[2.782,50.091],[2.777,50.1],[2.781,50.111]],[[3.004,50.15],[2.994,50.137],[3.011,50.113],[3.037,50.131],[3.067,50.129],[3.073,50.131],[3.068,50.147],[3.096,50.163],[3.09,50.172],[3.063,50.174],[3.041,50.16],[3.027,50.151],[3.02,50.154],[3.004,50.15]]]}},{"type":"Feature","properties":{"district":"Puy-de-Dôme","constituency_code":"FR2007-DPT-63","electorate_type":"Department"},"geometry":{"type":"Polygon","coordinates":[[[2.925,45.347],[2.925,45.35],[2.923,45.368],[2.893,45.379],[2.874,45.375],[2.852,45.392],[2.809,45.399],[2.785,45.385],[2.781,45.386],[2.75,45.391],[2.715,45.382],[2.681,45.407],[2.68,45.423],[2.688,45.438],[2.651,45.443],[2.624,45.444],[2.585,45.45],[2.566,45.465],[2.536,45.458],[2.544,45.479],[2.508,45.478],[2.514,45.493],[2.508,45.501],[2.518,45.543],[2.516,45.554],[2.497,45.557],[2.466,45.601],[2.478,45.608],[2.482,45.635],[2.514,45.639],[2.519,45.647],[2.515,45.672],[2.529,45.682],[2.527,45.695],[2.524,45.711],[2.492,45.738],[2.455,45.761],[2.434,45.77],[2.431,45.788],[2.388,45.828],[2.433,45.839],[2.448,45.846],[2.443,45.866],[2.465,45.871],[2.492,45.864],[2.51,45.885],[2.553,45.912],[2.558,45.913],[2.551,45.941],[2.57,45.959],[2.607,45.967],[2.597,45.987],[2.598,46.015],[2.603,46.033],[2.573,46.047],[2.552,46.093],[2.551,46.1],[2.551,46.119],[2.559,46.139],[2.566,46.143],[2.591,46.127],[2.602,46.131],[2.624,46.123],[2.662,46.137],[2.664,46.141],[2.686,46.176],[2.703,46.181],[2.723,46.181],[2.721,46.212],[2.733,46.223],[2.787,46.199],[2.81,46.196],[2.823,46.22],[2.819,46.242],[2.86,46.257],[2.926,46.249],[2.946,46.242],[2.936,46.221],[2.924,46.217],[2.91,46.179],[2.916,46.174],[2.952,46.171],[2.965,46.129],[2.971,46.122],[2.994,46.124],[3.026,46.103],[3.039,46.108],[3.084,46.112],[3.1,46.082],[3.114,46.081],[3.118,46.079],[3.128,46.072],[3.179,46.066],[3.18,46.074],[3.214,46.075],[3.232,46.07],[3.242,46.063],[3.257,46.066],[3.302,46.066],[3.317,46.059],[3.332,46.044],[3.42,46.074],[3.453,46.064],[3.457,46.06],[3.472,46.04],[3.464,46.008],[3.473,46.011],[3.521,46.021],[3.549,46.016],[3.553,46.015],[3.588,46.024],[3.613,45.997],[3.632,45.961],[3.667,45.961],[3.683,45.941],[3.694,45.931],[3.729,45.914],[3.754,45.886],[3.715,45.871],[3.729,45.863],[3.721,45.851],[3.719,45.85],[3.728,45.831],[3.713,45.801],[3.733,45.762],[3.73,45.76],[3.727,45.756],[3.746,45.741],[3.781,45.725],[3.778,45.691],[3.795,45.673],[3.806,45.656],[3.821,45.637],[3.824,45.632],[3.861,45.616],[3.869,45.613],[3.908,45.597],[3.932,45.58],[3.94,45.572],[3.954,45.556],[3.946,45.545],[3.959,45.514],[3.965,45.503],[3.973,45.5],[3.985,45.486],[3.967,45.472],[3.975,45.448],[3.96,45.444],[3.963,45.438],[3.963,45.436],[3.914,45.423],[3.898,45.41],[3.889,45.395],[3.897,45.357],[3.837,45.366],[3.836,45.383],[3.791,45.385],[3.78,45.352],[3.756,45.354],[3.719,45.361],[3.706,45.361],[3.684,45.38],[3.667,45.377],[3.64,45.348],[3.619,45.338],[3.591,45.357],[3.587,45.374],[3.581,45.383],[3.569,45.402],[3.521,45.402],[3.501,45.428],[3.456,45.4],[3.42,45.397],[3.406,45.403],[3.367,45.411],[3.356,45.423],[3.341,45.422],[3.33,45.397],[3.296,45.419],[3.291,45.404],[3.287,45.4],[3.26,45.391],[3.236,45.395],[3.219,45.369],[3.216,45.37],[3.212,45.367],[3.181,45.352],[3.151,45.351],[3.104,45.354],[3.096,45.352],[3.062,45.328],[3.059,45.307],[3.037,45.298],[3.018,45.287],[2.949,45.309],[2.925,45.347]]]}},{"type":"Feature","properties":{"district":"Pyrénées-Atlantiques","constituency_code":"FR2007-DPT-64","electorate_type":"Department"},"geometry":{"type":"Polygon","coordinates":[[[-0.636,42.853],[-0.663,42.871],[-0.699,42.879],[-0.732,42.896],[-0.731,42.939],[-0.741,42.949],[-0.752,42.967],[-0.784,42.964],[-0.811,42.951],[-0.897,42.956],[-0.945,42.953],[-0.997,42.975],[-1.017,42.995],[-1.059,42.996],[-1.084,43.011],[-1.115,43.024],[-1.144,43.024],[-1.174,43.038],[-1.213,43.051],[-1.248,43.043],[-1.309,43.069],[-1.297,43.095],[-1.27,43.118],[-1.332,43.108],[-1.346,43.09],[-1.343,43.054],[-1.366,43.031],[-1.441,43.046],[-1.456,43.063],[-1.473,43.087],[-1.427,43.122],[-1.408,43.155],[-1.383,43.2],[-1.378,43.235],[-1.383,43.253],[-1.413,43.273],[-1.446,43.269],[-1.492,43.281],[-1.506,43.294],[-1.529,43.293],[-1.557,43.279],[-1.575,43.25],[-1.609,43.252],[-1.631,43.285],[-1.635,43.309],[-1.668,43.315],[-1.703,43.309],[-1.73,43.296],[-1.737,43.33],[-1.761,43.344],[-1.762,43.344],[-1.789,43.355],[-1.792,43.373],[-1.733,43.38],[-1.689,43.395],[-1.67,43.388],[-1.62,43.42],[-1.609,43.427],[-1.577,43.463],[-1.549,43.493],[-1.521,43.529],[-1.502,43.527],[-1.478,43.54],[-1.466,43.516],[-1.431,43.514],[-1.418,43.497],[-1.414,43.497],[-1.37,43.495],[-1.335,43.503],[-1.335,43.503],[-1.323,43.505],[-1.288,43.499],[-1.26,43.513],[-1.25,43.517],[-1.204,43.54],[-1.196,43.546],[-1.174,43.546],[-1.159,43.539],[-1.131,43.511],[-1.165,43.508],[-1.17,43.497],[-1.17,43.493],[-1.133,43.499],[-1.108,43.514],[-1.081,43.523],[-1.069,43.508],[-1.027,43.504],[-1.024,43.502],[-0.993,43.504],[-0.994,43.509],[-1.001,43.537],[-0.962,43.535],[-0.936,43.537],[-0.912,43.548],[-0.872,43.545],[-0.864,43.544],[-0.843,43.543],[-0.843,43.554],[-0.803,43.556],[-0.794,43.564],[-0.77,43.579],[-0.734,43.556],[-0.729,43.545],[-0.708,43.541],[-0.7,43.562],[-0.662,43.569],[-0.641,43.575],[-0.633,43.554],[-0.631,43.55],[-0.616,43.544],[-0.614,43.538],[-0.567,43.558],[-0.562,43.553],[-0.557,43.543],[-0.553,43.543],[-0.526,43.558],[-0.507,43.568],[-0.508,43.569],[-0.465,43.59],[-0.441,43.593],[-0.432,43.584],[-0.462,43.563],[-0.449,43.55],[-0.438,43.553],[-0.406,43.568],[-0.401,43.563],[-0.354,43.561],[-0.349,43.556],[-0.336,43.551],[-0.302,43.566],[-0.301,43.571],[-0.287,43.575],[-0.247,43.583],[-0.243,43.585],[-0.211,43.593],[-0.205,43.584],[-0.177,43.597],[-0.162,43.582],[-0.158,43.581],[-0.129,43.581],[-0.097,43.582],[-0.093,43.564],[-0.09,43.56],[-0.087,43.542],[-0.056,43.533],[-0.049,43.53],[-0.044,43.524],[-0.04,43.513],[-0.044,43.507],[-0.047,43.498],[-0.026,43.475],[-0.019,43.47],[-0.032,43.466],[-0.065,43.464],[-0.067,43.444],[-0.067,43.41],[-0.044,43.41],[-0.038,43.419],[-0.025,43.43],[-0.016,43.444],[-0.002,43.445],[-0.005,43.432],[0.01,43.422],[-0.004,43.398],[0.0,43.396],[-0.004,43.393],[0.001,43.386],[0.005,43.371],[0.006,43.363],[0.026,43.34],[0.024,43.339],[0.013,43.328],[-0.026,43.33],[-0.028,43.324],[-0.034,43.31],[-0.044,43.29],[-0.025,43.28],[-0.017,43.272],[-0.047,43.224],[-0.062,43.221],[-0.074,43.222],[-0.068,43.177],[-0.118,43.18],[-0.125,43.167],[-0.135,43.152],[-0.139,43.149],[-0.147,43.128],[-0.175,43.11],[-0.194,43.115],[-0.192,43.105],[-0.186,43.084],[-0.199,43.069],[-0.182,43.053],[-0.224,43.034],[-0.261,43.039],[-0.26,43.038],[-0.265,43.01],[-0.288,43.006],[-0.293,42.993],[-0.279,42.942],[-0.298,42.931],[-0.327,42.917],[-0.307,42.87],[-0.313,42.849],[-0.356,42.83],[-0.391,42.8],[-0.411,42.809],[-0.444,42.796],[-0.478,42.809],[-0.501,42.828],[-0.554,42.779],[-0.568,42.781],[-0.569,42.807],[-0.598,42.805],[-0.603,42.832],[-0.636,42.853]],[[-0.075,43.307],[-0.075,43.307],[-0.07,43.319],[-0.068,43.328],[-0.065,43.341],[-0.063,43.348],[-0.078,43.365],[-0.079,43.365],[-0.093,43.374],[-0.107,43.371],[-0.103,43.359],[-0.09,43.359],[-0.088,43.334],[-0.109,43.338],[-0.115,43.322],[-0.075,43.307]],[[-0.085,43.277],[-0.089,43.301],[-0.122,43.302],[-0.137,43.286],[-0.137,43.282],[-0.141,43.272],[-0.124,43.246],[-0.105,43.243],[-0.103,43.243],[-0.094,43.255],[-0.085,43.277]]]}},{"type":"Feature","properties":{"district":"Hautes-Pyrénées","constituency_code":"FR2007-DPT-65","electorate_type":"Department"},"geometry":{"type":"MultiPolygon","coordinates":[[[[0.206,42.729],[0.176,42.736],[0.137,42.722],[0.107,42.71],[0.076,42.714],[0.058,42.698],[0.024,42.703],[-0.017,42.685],[-0.062,42.695],[-0.068,42.718],[-0.106,42.721],[-0.147,42.774],[-0.239,42.809],[-0.239,42.818],[-0.243,42.823],[-0.313,42.849],[-0.307,42.87],[-0.327,42.917],[-0.298,42.931],[-0.279,42.942],[-0.293,42.993],[-0.288,43.006],[-0.265,43.01],[-0.26,43.038],[-0.261,43.039],[-0.224,43.034],[-0.182,43.053],[-0.199,43.069],[-0.186,43.084],[-0.192,43.105],[-0.194,43.115],[-0.175,43.11],[-0.147,43.128],[-0.139,43.149],[-0.135,43.152],[-0.125,43.167],[-0.118,43.18],[-0.068,43.177],[-0.074,43.222],[-0.062,43.221],[-0.047,43.224],[-0.017,43.272],[-0.025,43.28],[-0.044,43.29],[-0.034,43.31],[-0.028,43.324],[-0.026,43.33],[0.013,43.328],[0.024,43.339],[0.026,43.34],[0.006,43.363],[0.005,43.371],[0.001,43.386],[-0.004,43.393],[0.0,43.396],[-0.004,43.398],[0.01,43.422],[-0.005,43.432],[-0.002,43.445],[-0.016,43.444],[-0.025,43.43],[-0.038,43.419],[-0.044,43.41],[-0.067,43.41],[-0.067,43.444],[-0.065,43.464],[-0.032,43.466],[-0.019,43.47],[-0.026,43.475],[-0.047,43.498],[-0.044,43.507],[-0.04,43.513],[-0.044,43.524],[-0.049,43.53],[-0.056,43.533],[-0.087,43.542],[-0.09,43.56],[-0.093,43.564],[-0.097,43.582],[-0.097,43.59],[-0.074,43.606],[-0.034,43.608],[-0.033,43.605],[-0.015,43.606],[-0.007,43.593],[-0.001,43.565],[0.01,43.558],[0.016,43.543],[0.04,43.537],[0.051,43.519],[0.081,43.524],[0.082,43.517],[0.112,43.517],[0.127,43.499],[0.127,43.491],[0.131,43.474],[0.144,43.464],[0.155,43.458],[0.155,43.457],[0.166,43.442],[0.138,43.434],[0.138,43.433],[0.135,43.423],[0.148,43.405],[0.174,43.403],[0.18,43.379],[0.176,43.38],[0.182,43.371],[0.206,43.368],[0.232,43.368],[0.244,43.373],[0.271,43.383],[0.271,43.383],[0.298,43.389],[0.301,43.372],[0.325,43.375],[0.332,43.343],[0.364,43.35],[0.379,43.355],[0.399,43.352],[0.394,43.338],[0.443,43.328],[0.445,43.341],[0.461,43.337],[0.473,43.333],[0.48,43.333],[0.498,43.326],[0.515,43.333],[0.537,43.328],[0.54,43.327],[0.547,43.33],[0.571,43.32],[0.6,43.314],[0.607,43.311],[0.635,43.301],[0.615,43.28],[0.614,43.278],[0.577,43.259],[0.576,43.253],[0.55,43.236],[0.573,43.233],[0.57,43.217],[0.552,43.209],[0.518,43.213],[0.506,43.2],[0.522,43.192],[0.46,43.149],[0.456,43.145],[0.442,43.131],[0.442,43.131],[0.453,43.112],[0.465,43.111],[0.489,43.115],[0.491,43.109],[0.522,43.093],[0.533,43.094],[0.564,43.074],[0.562,43.072],[0.558,43.063],[0.565,43.041],[0.567,43.037],[0.535,43.037],[0.527,43.009],[0.542,43.001],[0.546,43.004],[0.561,43.016],[0.586,43.023],[0.592,43.023],[0.593,43.026],[0.593,43.035],[0.608,43.034],[0.616,43.022],[0.617,43.021],[0.615,43.011],[0.625,43.002],[0.624,42.991],[0.611,42.988],[0.614,42.982],[0.62,42.972],[0.636,42.969],[0.636,42.968],[0.642,42.964],[0.642,42.953],[0.615,42.937],[0.606,42.934],[0.6,42.928],[0.598,42.918],[0.595,42.91],[0.592,42.909],[0.586,42.894],[0.58,42.883],[0.578,42.877],[0.576,42.871],[0.562,42.861],[0.554,42.86],[0.534,42.861],[0.526,42.868],[0.509,42.869],[0.477,42.878],[0.472,42.86],[0.46,42.852],[0.467,42.847],[0.464,42.84],[0.459,42.824],[0.46,42.805],[0.463,42.802],[0.463,42.79],[0.462,42.789],[0.464,42.759],[0.462,42.746],[0.454,42.728],[0.478,42.7],[0.422,42.69],[0.393,42.713],[0.36,42.724],[0.325,42.705],[0.296,42.673],[0.271,42.691],[0.26,42.716],[0.225,42.718],[0.206,42.729]]],[[[-0.063,43.348],[-0.065,43.341],[-0.068,43.328],[-0.07,43.319],[-0.075,43.307],[-0.075,43.307],[-0.115,43.322],[-0.109,43.338],[-0.088,43.334],[-0.09,43.359],[-0.103,43.359],[-0.107,43.371],[-0.093,43.374],[-0.079,43.365],[-0.078,43.365],[-0.063,43.348]]],[[[-0.122,43.302],[-0.089,43.301],[-0.085,43.277],[-0.094,43.255],[-0.103,43.243],[-0.105,43.243],[-0.124,43.246],[-0.141,43.272],[-0.137,43.282],[-0.137,43.286],[-0.122,43.302]]]]}},{"type":"Feature","properties":{"district":"Pyrénées-Orientales","constituency_code":"FR2007-DPT-66","electorate_type":"Department"},"geometry":{"type":"Polygon","coordinates":[[[2.933,42.474],[2.918,42.456],[2.887,42.46],[2.844,42.458],[2.801,42.418],[2.77,42.412],[2.753,42.426],[2.727,42.423],[2.724,42.423],[2.674,42.405],[2.659,42.38],[2.676,42.342],[2.61,42.347],[2.587,42.357],[2.562,42.357],[2.542,42.334],[2.476,42.348],[2.466,42.361],[2.414,42.391],[2.349,42.407],[2.319,42.425],[2.291,42.423],[2.257,42.439],[2.206,42.417],[2.157,42.423],[2.133,42.414],[2.115,42.394],[2.089,42.374],[2.059,42.358],[2.023,42.356],[2.016,42.347],[1.972,42.374],[1.955,42.41],[1.959,42.424],[1.943,42.444],[1.934,42.454],[1.9,42.45],[1.86,42.462],[1.843,42.477],[1.73,42.492],[1.725,42.516],[1.734,42.549],[1.77,42.565],[1.786,42.574],[1.825,42.581],[1.874,42.582],[1.9,42.615],[1.933,42.605],[1.977,42.622],[1.991,42.647],[2.002,42.661],[2.019,42.654],[2.043,42.658],[2.047,42.664],[2.096,42.664],[2.128,42.672],[2.166,42.664],[2.176,42.653],[2.176,42.649],[2.192,42.652],[2.192,42.659],[2.239,42.676],[2.265,42.709],[2.291,42.7],[2.323,42.708],[2.358,42.733],[2.354,42.749],[2.353,42.75],[2.351,42.757],[2.344,42.781],[2.344,42.801],[2.325,42.835],[2.371,42.846],[2.382,42.849],[2.401,42.844],[2.457,42.837],[2.462,42.838],[2.5,42.851],[2.516,42.845],[2.559,42.846],[2.572,42.843],[2.638,42.834],[2.665,42.837],[2.696,42.83],[2.738,42.836],[2.754,42.852],[2.762,42.873],[2.789,42.896],[2.81,42.899],[2.81,42.899],[2.865,42.919],[2.88,42.902],[2.907,42.896],[2.917,42.885],[2.986,42.866],[3.013,42.852],[3.044,42.838],[3.039,42.779],[3.039,42.743],[3.035,42.722],[3.036,42.641],[3.043,42.6],[3.044,42.594],[3.049,42.55],[3.076,42.534],[3.099,42.524],[3.138,42.515],[3.133,42.495],[3.155,42.478],[3.157,42.46],[3.174,42.436],[3.121,42.438],[3.087,42.425],[3.047,42.457],[3.04,42.474],[3.0,42.473],[2.967,42.466],[2.947,42.482],[2.933,42.474]],[[1.981,42.495],[1.96,42.47],[1.96,42.453],[1.981,42.448],[2.009,42.448],[2.003,42.458],[1.998,42.485],[1.981,42.495]]]}},{"type":"Feature","properties":{"district":"Bas-Rhin","constituency_code":"FR2007-DPT-67","electorate_type":"Department"},"geometry":{"type":"Polygon","coordinates":[[[6.987,48.891],[6.965,48.905],[6.945,48.935],[6.947,48.935],[6.983,48.942],[6.987,48.95],[6.993,48.961],[7.019,48.958],[7.026,48.956],[7.032,48.956],[7.047,49.0],[7.052,49.009],[7.055,49.031],[7.079,49.05],[7.072,49.057],[7.099,49.078],[7.113,49.065],[7.106,49.045],[7.119,49.037],[7.122,49.023],[7.13,49.005],[7.162,49.002],[7.174,49.006],[7.186,48.994],[7.209,48.98],[7.236,48.988],[7.294,48.972],[7.291,48.967],[7.29,48.956],[7.327,48.943],[7.355,48.954],[7.355,48.955],[7.368,48.954],[7.38,48.951],[7.392,48.953],[7.452,48.968],[7.487,48.95],[7.513,48.943],[7.557,48.936],[7.58,48.962],[7.584,48.966],[7.593,48.984],[7.606,49.02],[7.626,49.034],[7.635,49.054],[7.675,49.045],[7.698,49.05],[7.732,49.044],[7.779,49.058],[7.794,49.066],[7.855,49.036],[7.868,49.033],[7.889,49.049],[7.914,49.041],[7.932,49.058],[8.068,48.999],[8.091,48.989],[8.133,48.981],[8.162,48.978],[8.223,48.976],[8.187,48.945],[8.169,48.925],[8.142,48.896],[8.122,48.865],[8.107,48.828],[8.087,48.802],[8.03,48.787],[8.017,48.763],[7.983,48.761],[7.968,48.73],[7.925,48.69],[7.896,48.667],[7.844,48.645],[7.836,48.633],[7.8,48.583],[7.805,48.513],[7.771,48.492],[7.767,48.464],[7.753,48.434],[7.733,48.398],[7.736,48.362],[7.744,48.34],[7.741,48.323],[7.694,48.302],[7.681,48.258],[7.68,48.254],[7.668,48.224],[7.642,48.204],[7.637,48.196],[7.611,48.168],[7.597,48.134],[7.577,48.12],[7.519,48.128],[7.516,48.133],[7.52,48.149],[7.47,48.16],[7.473,48.182],[7.473,48.198],[7.477,48.204],[7.435,48.218],[7.414,48.225],[7.359,48.245],[7.327,48.244],[7.314,48.264],[7.332,48.27],[7.334,48.272],[7.297,48.268],[7.291,48.291],[7.291,48.294],[7.282,48.296],[7.259,48.305],[7.204,48.31],[7.198,48.31],[7.17,48.342],[7.148,48.333],[7.141,48.332],[7.106,48.344],[7.076,48.353],[7.086,48.36],[7.101,48.374],[7.107,48.376],[7.093,48.394],[7.085,48.398],[7.096,48.405],[7.096,48.427],[7.109,48.439],[7.108,48.44],[7.106,48.444],[7.119,48.484],[7.094,48.489],[7.094,48.506],[7.123,48.514],[7.081,48.513],[7.077,48.516],[7.065,48.524],[7.08,48.537],[7.115,48.537],[7.168,48.528],[7.169,48.529],[7.187,48.537],[7.201,48.553],[7.22,48.556],[7.241,48.574],[7.256,48.589],[7.266,48.592],[7.283,48.643],[7.304,48.66],[7.271,48.663],[7.255,48.673],[7.242,48.692],[7.265,48.701],[7.286,48.732],[7.287,48.731],[7.313,48.767],[7.29,48.786],[7.291,48.794],[7.27,48.803],[7.261,48.797],[7.246,48.81],[7.263,48.819],[7.263,48.819],[7.258,48.822],[7.218,48.828],[7.22,48.819],[7.204,48.827],[7.185,48.85],[7.174,48.842],[7.149,48.845],[7.139,48.817],[7.127,48.801],[7.118,48.799],[7.105,48.797],[7.079,48.786],[7.067,48.799],[7.085,48.812],[7.052,48.815],[7.047,48.821],[7.054,48.836],[7.053,48.847],[7.081,48.847],[7.089,48.848],[7.094,48.863],[7.051,48.859],[7.056,48.865],[6.987,48.891]]]}},{"type":"Feature","properties":{"district":"Haut-Rhin","constituency_code":"FR2007-DPT-68","electorate_type":"Department"},"geometry":{"type":"Polygon","coordinates":[[[7.089,47.584],[7.086,47.586],[7.085,47.593],[7.078,47.597],[7.074,47.599],[7.074,47.599],[7.025,47.593],[7.02,47.589],[7.009,47.6],[7.01,47.605],[7.005,47.62],[7.007,47.626],[7.011,47.63],[7.017,47.645],[7.019,47.651],[7.039,47.651],[7.041,47.672],[7.037,47.675],[7.039,47.688],[7.036,47.692],[7.038,47.693],[7.028,47.705],[7.038,47.722],[7.032,47.726],[7.021,47.735],[7.016,47.744],[6.999,47.746],[6.923,47.772],[6.922,47.772],[6.908,47.778],[6.902,47.777],[6.892,47.779],[6.865,47.785],[6.846,47.823],[6.895,47.833],[6.897,47.835],[6.92,47.85],[6.919,47.858],[6.908,47.872],[6.918,47.898],[6.912,47.918],[6.924,47.952],[6.926,47.959],[6.944,47.98],[6.944,47.992],[6.982,48.01],[7.016,48.037],[7.01,48.043],[7.019,48.055],[7.052,48.083],[7.07,48.106],[7.077,48.109],[7.084,48.129],[7.058,48.138],[7.078,48.171],[7.083,48.177],[7.106,48.194],[7.105,48.201],[7.126,48.225],[7.133,48.243],[7.158,48.268],[7.159,48.268],[7.172,48.297],[7.194,48.302],[7.198,48.31],[7.204,48.31],[7.259,48.305],[7.282,48.296],[7.291,48.294],[7.291,48.291],[7.297,48.268],[7.334,48.272],[7.332,48.27],[7.314,48.264],[7.327,48.244],[7.359,48.245],[7.414,48.225],[7.435,48.218],[7.477,48.204],[7.473,48.198],[7.473,48.182],[7.47,48.16],[7.52,48.149],[7.516,48.133],[7.519,48.128],[7.577,48.12],[7.58,48.107],[7.574,48.091],[7.573,48.06],[7.579,48.025],[7.609,48.0],[7.621,47.97],[7.603,47.949],[7.583,47.93],[7.581,47.921],[7.582,47.898],[7.556,47.871],[7.563,47.852],[7.546,47.813],[7.541,47.803],[7.533,47.767],[7.54,47.755],[7.547,47.728],[7.536,47.715],[7.514,47.703],[7.524,47.661],[7.567,47.632],[7.593,47.599],[7.575,47.576],[7.552,47.563],[7.507,47.545],[7.504,47.543],[7.499,47.535],[7.498,47.521],[7.511,47.497],[7.488,47.482],[7.455,47.489],[7.435,47.498],[7.421,47.48],[7.43,47.459],[7.4,47.436],[7.325,47.439],[7.255,47.425],[7.236,47.437],[7.206,47.436],[7.178,47.458],[7.203,47.491],[7.167,47.489],[7.13,47.503],[7.142,47.525],[7.138,47.531],[7.133,47.54],[7.132,47.54],[7.119,47.548],[7.106,47.552],[7.108,47.559],[7.094,47.573],[7.089,47.584]]]}},{"type":"Feature","properties":{"district":"Rhône","constituency_code":"FR2007-DPT-69","electorate_type":"Department"},"geometry":{"type":"Polygon","coordinates":[[[4.391,45.837],[4.396,45.86],[4.395,45.865],[4.363,45.864],[4.343,45.877],[4.324,45.904],[4.346,45.916],[4.346,45.93],[4.294,45.953],[4.276,45.978],[4.248,45.987],[4.244,45.997],[4.3,45.989],[4.311,46.008],[4.28,46.022],[4.261,46.037],[4.254,46.052],[4.297,46.064],[4.301,46.079],[4.309,46.11],[4.322,46.13],[4.333,46.135],[4.362,46.139],[4.382,46.15],[4.417,46.136],[4.439,46.168],[4.414,46.18],[4.406,46.182],[4.423,46.203],[4.422,46.207],[4.387,46.22],[4.386,46.226],[4.385,46.247],[4.388,46.248],[4.397,46.267],[4.396,46.275],[4.406,46.296],[4.427,46.303],[4.44,46.293],[4.489,46.288],[4.504,46.267],[4.546,46.274],[4.558,46.295],[4.57,46.293],[4.571,46.29],[4.586,46.269],[4.618,46.265],[4.617,46.281],[4.639,46.302],[4.663,46.295],[4.694,46.302],[4.694,46.295],[4.707,46.285],[4.708,46.27],[4.701,46.267],[4.68,46.268],[4.71,46.248],[4.737,46.233],[4.72,46.229],[4.736,46.212],[4.721,46.198],[4.725,46.184],[4.763,46.176],[4.775,46.177],[4.78,46.177],[4.782,46.172],[4.792,46.164],[4.803,46.157],[4.796,46.139],[4.788,46.131],[4.772,46.118],[4.767,46.107],[4.76,46.101],[4.749,46.082],[4.762,46.068],[4.759,46.062],[4.746,46.035],[4.747,46.028],[4.749,46.004],[4.749,46.003],[4.749,45.996],[4.75,45.965],[4.749,45.963],[4.731,45.941],[4.745,45.937],[4.761,45.935],[4.789,45.924],[4.808,45.921],[4.811,45.91],[4.804,45.899],[4.805,45.896],[4.848,45.913],[4.872,45.894],[4.881,45.898],[4.884,45.88],[4.909,45.874],[4.901,45.858],[4.921,45.833],[4.924,45.804],[4.952,45.809],[4.97,45.808],[4.98,45.806],[4.981,45.805],[4.994,45.808],[5.001,45.81],[5.017,45.806],[5.038,45.809],[5.058,45.81],[5.092,45.812],[5.101,45.814],[5.089,45.785],[5.06,45.782],[5.094,45.766],[5.094,45.739],[5.134,45.734],[5.159,45.715],[5.155,45.702],[5.154,45.7],[5.131,45.708],[5.104,45.699],[5.089,45.677],[5.054,45.661],[5.058,45.653],[5.04,45.647],[5.044,45.621],[4.989,45.619],[4.998,45.603],[4.971,45.613],[4.933,45.607],[4.926,45.606],[4.891,45.602],[4.888,45.601],[4.86,45.591],[4.858,45.576],[4.849,45.58],[4.81,45.59],[4.777,45.588],[4.809,45.573],[4.816,45.566],[4.82,45.559],[4.837,45.544],[4.872,45.527],[4.861,45.517],[4.846,45.504],[4.842,45.501],[4.802,45.479],[4.8,45.479],[4.78,45.47],[4.781,45.458],[4.78,45.455],[4.776,45.454],[4.757,45.456],[4.739,45.473],[4.722,45.494],[4.682,45.48],[4.664,45.485],[4.65,45.497],[4.651,45.531],[4.665,45.543],[4.666,45.543],[4.685,45.555],[4.685,45.555],[4.687,45.558],[4.658,45.564],[4.649,45.565],[4.659,45.543],[4.645,45.541],[4.643,45.543],[4.624,45.57],[4.603,45.571],[4.587,45.571],[4.57,45.583],[4.548,45.58],[4.505,45.577],[4.468,45.586],[4.474,45.595],[4.461,45.601],[4.442,45.623],[4.423,45.63],[4.41,45.632],[4.409,45.637],[4.393,45.654],[4.393,45.662],[4.393,45.663],[4.366,45.671],[4.374,45.691],[4.366,45.699],[4.403,45.744],[4.391,45.755],[4.359,45.751],[4.349,45.771],[4.376,45.782],[4.388,45.803],[4.376,45.825],[4.391,45.837]]]}},{"type":"Feature","properties":{"district":"Haute-Saône","constituency_code":"FR2007-DPT-70","electorate_type":"Department"},"geometry":{"type":"Polygon","coordinates":[[[6.251,47.939],[6.263,47.946],[6.277,47.954],[6.324,47.948],[6.365,47.963],[6.408,47.943],[6.432,47.944],[6.478,47.885],[6.542,47.903],[6.558,47.923],[6.558,47.923],[6.601,47.944],[6.613,47.936],[6.645,47.904],[6.687,47.888],[6.692,47.886],[6.704,47.881],[6.71,47.876],[6.735,47.865],[6.737,47.865],[6.785,47.85],[6.789,47.835],[6.792,47.83],[6.824,47.813],[6.811,47.794],[6.775,47.767],[6.758,47.748],[6.76,47.739],[6.772,47.713],[6.77,47.703],[6.78,47.69],[6.779,47.676],[6.787,47.652],[6.79,47.648],[6.791,47.627],[6.781,47.625],[6.788,47.605],[6.789,47.605],[6.793,47.599],[6.791,47.596],[6.82,47.575],[6.821,47.574],[6.822,47.573],[6.807,47.563],[6.801,47.562],[6.781,47.537],[6.77,47.538],[6.758,47.542],[6.749,47.549],[6.726,47.56],[6.723,47.56],[6.719,47.553],[6.685,47.563],[6.689,47.571],[6.66,47.58],[6.654,47.571],[6.67,47.558],[6.659,47.547],[6.654,47.542],[6.648,47.536],[6.618,47.531],[6.606,47.537],[6.581,47.544],[6.581,47.529],[6.584,47.51],[6.574,47.496],[6.554,47.49],[6.533,47.506],[6.522,47.497],[6.501,47.51],[6.472,47.487],[6.461,47.512],[6.428,47.517],[6.417,47.521],[6.415,47.52],[6.39,47.506],[6.379,47.512],[6.368,47.514],[6.348,47.506],[6.331,47.503],[6.32,47.488],[6.312,47.488],[6.303,47.492],[6.299,47.483],[6.294,47.466],[6.282,47.452],[6.289,47.448],[6.28,47.444],[6.263,47.445],[6.262,47.437],[6.251,47.425],[6.235,47.431],[6.242,47.411],[6.233,47.414],[6.212,47.426],[6.208,47.429],[6.207,47.431],[6.194,47.418],[6.186,47.414],[6.17,47.412],[6.178,47.407],[6.189,47.406],[6.173,47.398],[6.156,47.39],[6.152,47.386],[6.116,47.393],[6.112,47.379],[6.107,47.377],[6.12,47.369],[6.103,47.361],[6.103,47.361],[6.082,47.371],[6.082,47.361],[6.057,47.35],[6.055,47.351],[6.052,47.352],[6.051,47.349],[6.03,47.337],[6.024,47.332],[6.01,47.333],[5.997,47.34],[5.989,47.328],[5.964,47.337],[5.942,47.344],[5.927,47.345],[5.926,47.327],[5.897,47.329],[5.902,47.315],[5.883,47.322],[5.883,47.322],[5.853,47.311],[5.845,47.301],[5.831,47.299],[5.815,47.295],[5.795,47.29],[5.775,47.28],[5.757,47.276],[5.754,47.273],[5.735,47.263],[5.711,47.27],[5.699,47.265],[5.684,47.272],[5.676,47.276],[5.653,47.265],[5.646,47.259],[5.642,47.256],[5.611,47.259],[5.584,47.255],[5.573,47.262],[5.555,47.269],[5.522,47.306],[5.518,47.304],[5.509,47.308],[5.474,47.324],[5.495,47.339],[5.49,47.354],[5.489,47.356],[5.492,47.373],[5.498,47.389],[5.452,47.384],[5.433,47.393],[5.444,47.407],[5.43,47.421],[5.438,47.444],[5.436,47.45],[5.414,47.46],[5.38,47.451],[5.38,47.466],[5.408,47.477],[5.387,47.481],[5.391,47.489],[5.399,47.499],[5.436,47.49],[5.448,47.496],[5.454,47.507],[5.472,47.527],[5.486,47.527],[5.497,47.547],[5.491,47.563],[5.471,47.608],[5.426,47.632],[5.4,47.597],[5.389,47.595],[5.374,47.604],[5.372,47.618],[5.406,47.648],[5.399,47.653],[5.407,47.674],[5.444,47.671],[5.483,47.685],[5.507,47.677],[5.527,47.673],[5.567,47.707],[5.57,47.707],[5.597,47.672],[5.606,47.675],[5.653,47.677],[5.66,47.685],[5.667,47.686],[5.694,47.691],[5.684,47.712],[5.685,47.723],[5.696,47.725],[5.709,47.745],[5.706,47.751],[5.708,47.762],[5.68,47.77],[5.682,47.776],[5.676,47.779],[5.685,47.813],[5.714,47.821],[5.728,47.818],[5.731,47.818],[5.746,47.824],[5.744,47.849],[5.753,47.852],[5.761,47.859],[5.799,47.856],[5.806,47.847],[5.828,47.852],[5.825,47.859],[5.845,47.897],[5.848,47.904],[5.887,47.903],[5.891,47.91],[5.885,47.926],[5.908,47.946],[5.918,47.947],[5.921,47.971],[5.927,47.974],[5.948,47.98],[5.96,47.967],[5.938,47.951],[5.948,47.936],[5.969,47.948],[5.971,47.957],[6.002,47.956],[6.041,48.004],[6.073,48.016],[6.086,48.013],[6.109,48.013],[6.131,48.024],[6.156,48.007],[6.153,47.996],[6.163,47.973],[6.155,47.965],[6.161,47.958],[6.208,47.943],[6.205,47.932],[6.214,47.93],[6.238,47.933],[6.251,47.939]]]}},{"type":"Feature","properties":{"district":"Saône-et-Loire","constituency_code":"FR2007-DPT-71","electorate_type":"Department"},"geometry":{"type":"Polygon","coordinates":[[[4.385,46.247],[4.386,46.226],[4.387,46.22],[4.363,46.2],[4.371,46.184],[4.327,46.185],[4.312,46.171],[4.303,46.174],[4.282,46.157],[4.249,46.167],[4.258,46.185],[4.227,46.178],[4.225,46.178],[4.22,46.185],[4.185,46.19],[4.185,46.18],[4.143,46.176],[4.134,46.177],[4.133,46.177],[4.104,46.199],[4.084,46.191],[4.06,46.189],[4.05,46.181],[4.031,46.172],[3.989,46.17],[3.965,46.203],[3.909,46.208],[3.89,46.214],[3.909,46.261],[3.9,46.276],[3.897,46.293],[3.948,46.303],[3.948,46.306],[4.005,46.328],[3.994,46.328],[3.987,46.351],[3.982,46.385],[3.978,46.398],[3.984,46.417],[3.995,46.425],[4.002,46.459],[3.965,46.478],[3.958,46.491],[3.917,46.496],[3.898,46.485],[3.861,46.493],[3.846,46.513],[3.845,46.513],[3.811,46.521],[3.781,46.528],[3.742,46.539],[3.734,46.554],[3.741,46.56],[3.74,46.576],[3.739,46.584],[3.716,46.631],[3.704,46.645],[3.7,46.652],[3.699,46.655],[3.655,46.688],[3.638,46.707],[3.629,46.75],[3.648,46.743],[3.704,46.747],[3.736,46.753],[3.784,46.736],[3.795,46.702],[3.827,46.704],[3.853,46.725],[3.876,46.732],[3.889,46.728],[3.933,46.742],[3.963,46.766],[3.967,46.766],[4.001,46.779],[4.047,46.778],[4.062,46.792],[4.059,46.816],[4.046,46.831],[4.049,46.838],[4.101,46.859],[4.075,46.892],[4.045,46.901],[4.037,46.92],[4.045,46.938],[4.056,46.957],[4.041,46.976],[3.996,46.987],[4.037,47.002],[4.059,47.032],[4.074,47.056],[4.039,47.08],[4.055,47.115],[4.093,47.126],[4.114,47.119],[4.116,47.123],[4.168,47.117],[4.185,47.13],[4.182,47.151],[4.21,47.155],[4.242,47.148],[4.252,47.132],[4.26,47.114],[4.299,47.112],[4.302,47.107],[4.349,47.096],[4.344,47.073],[4.399,47.082],[4.416,47.077],[4.406,47.05],[4.471,47.031],[4.499,47.026],[4.505,47.016],[4.555,47.02],[4.565,46.992],[4.568,46.982],[4.574,46.973],[4.596,46.952],[4.615,46.942],[4.65,46.941],[4.652,46.939],[4.679,46.927],[4.666,46.912],[4.685,46.901],[4.713,46.906],[4.719,46.92],[4.728,46.919],[4.744,46.925],[4.77,46.918],[4.78,46.919],[4.789,46.932],[4.809,46.931],[4.816,46.936],[4.871,46.948],[4.891,46.958],[4.915,46.968],[4.952,46.965],[4.955,46.963],[5.004,46.958],[5.005,46.959],[5.003,46.972],[5.049,46.982],[5.057,46.975],[5.066,46.967],[5.098,46.945],[5.103,46.949],[5.12,46.963],[5.151,46.966],[5.182,46.975],[5.202,46.983],[5.212,46.98],[5.222,46.989],[5.255,46.98],[5.252,46.944],[5.262,46.927],[5.292,46.941],[5.31,46.921],[5.312,46.912],[5.336,46.885],[5.378,46.89],[5.383,46.892],[5.392,46.894],[5.404,46.89],[5.402,46.869],[5.425,46.86],[5.431,46.861],[5.434,46.861],[5.459,46.855],[5.463,46.829],[5.417,46.827],[5.41,46.833],[5.382,46.828],[5.375,46.827],[5.336,46.821],[5.328,46.813],[5.341,46.791],[5.39,46.771],[5.367,46.752],[5.362,46.733],[5.394,46.729],[5.396,46.715],[5.407,46.704],[5.408,46.699],[5.395,46.685],[5.422,46.673],[5.425,46.662],[5.427,46.66],[5.44,46.638],[5.434,46.628],[5.414,46.615],[5.399,46.613],[5.406,46.582],[5.376,46.58],[5.362,46.577],[5.368,46.567],[5.363,46.552],[5.36,46.524],[5.36,46.524],[5.393,46.508],[5.421,46.496],[5.42,46.481],[5.42,46.48],[5.398,46.467],[5.376,46.463],[5.374,46.461],[5.323,46.463],[5.323,46.457],[5.311,46.447],[5.274,46.448],[5.248,46.459],[5.236,46.458],[5.215,46.469],[5.206,46.486],[5.204,46.505],[5.166,46.518],[5.134,46.501],[5.096,46.499],[5.071,46.486],[5.055,46.484],[5.014,46.5],[5.01,46.511],[4.98,46.515],[4.953,46.504],[4.936,46.514],[4.933,46.512],[4.929,46.504],[4.927,46.499],[4.914,46.481],[4.915,46.48],[4.914,46.462],[4.894,46.445],[4.892,46.443],[4.891,46.438],[4.891,46.428],[4.889,46.417],[4.888,46.403],[4.888,46.403],[4.874,46.385],[4.866,46.376],[4.859,46.368],[4.851,46.352],[4.853,46.343],[4.852,46.326],[4.841,46.312],[4.833,46.3],[4.826,46.276],[4.817,46.266],[4.811,46.254],[4.801,46.23],[4.798,46.225],[4.795,46.22],[4.793,46.208],[4.78,46.177],[4.775,46.177],[4.763,46.176],[4.725,46.184],[4.721,46.198],[4.736,46.212],[4.72,46.229],[4.737,46.233],[4.71,46.248],[4.68,46.268],[4.701,46.267],[4.708,46.27],[4.707,46.285],[4.694,46.295],[4.694,46.302],[4.663,46.295],[4.639,46.302],[4.617,46.281],[4.618,46.265],[4.586,46.269],[4.571,46.29],[4.57,46.293],[4.558,46.295],[4.546,46.274],[4.504,46.267],[4.489,46.288],[4.44,46.293],[4.427,46.303],[4.406,46.296],[4.396,46.275],[4.397,46.267],[4.388,46.248],[4.385,46.247]]]}},{"type":"Feature","properties":{"district":"Sarthe","constituency_code":"FR2007-DPT-72","electorate_type":"Department"},"geometry":{"type":"Polygon","coordinates":[[[0.067,48.406],[0.083,48.411],[0.089,48.411],[0.122,48.436],[0.153,48.438],[0.155,48.445],[0.144,48.455],[0.174,48.451],[0.195,48.464],[0.218,48.474],[0.262,48.483],[0.284,48.482],[0.315,48.473],[0.341,48.461],[0.351,48.459],[0.353,48.46],[0.368,48.438],[0.376,48.43],[0.374,48.387],[0.379,48.383],[0.38,48.369],[0.388,48.347],[0.38,48.343],[0.415,48.322],[0.428,48.315],[0.443,48.305],[0.463,48.305],[0.506,48.294],[0.513,48.268],[0.53,48.265],[0.537,48.249],[0.579,48.244],[0.594,48.245],[0.632,48.235],[0.639,48.235],[0.632,48.255],[0.652,48.264],[0.684,48.254],[0.722,48.203],[0.724,48.198],[0.755,48.182],[0.798,48.195],[0.828,48.173],[0.836,48.168],[0.86,48.168],[0.911,48.147],[0.909,48.144],[0.917,48.139],[0.85,48.133],[0.841,48.103],[0.843,48.073],[0.794,48.069],[0.798,48.037],[0.842,48.03],[0.837,48.009],[0.824,47.982],[0.845,47.954],[0.816,47.934],[0.807,47.908],[0.817,47.892],[0.768,47.902],[0.759,47.898],[0.759,47.859],[0.774,47.851],[0.774,47.842],[0.768,47.831],[0.763,47.834],[0.759,47.834],[0.734,47.808],[0.713,47.79],[0.697,47.764],[0.673,47.768],[0.621,47.748],[0.611,47.732],[0.611,47.728],[0.581,47.713],[0.58,47.712],[0.615,47.694],[0.597,47.673],[0.558,47.671],[0.559,47.666],[0.498,47.645],[0.462,47.643],[0.432,47.618],[0.396,47.641],[0.383,47.643],[0.365,47.62],[0.395,47.595],[0.402,47.578],[0.378,47.568],[0.339,47.58],[0.322,47.595],[0.277,47.598],[0.259,47.612],[0.23,47.608],[0.202,47.616],[0.151,47.583],[0.111,47.606],[0.053,47.606],[0.01,47.624],[0.013,47.629],[-0.004,47.648],[-0.055,47.648],[-0.105,47.657],[-0.135,47.632],[-0.159,47.647],[-0.193,47.648],[-0.197,47.663],[-0.22,47.69],[-0.174,47.714],[-0.202,47.725],[-0.233,47.707],[-0.287,47.719],[-0.309,47.717],[-0.357,47.731],[-0.373,47.743],[-0.382,47.761],[-0.38,47.782],[-0.387,47.804],[-0.388,47.806],[-0.434,47.809],[-0.448,47.832],[-0.411,47.847],[-0.412,47.858],[-0.378,47.857],[-0.371,47.875],[-0.391,47.889],[-0.411,47.895],[-0.413,47.916],[-0.375,47.933],[-0.32,47.935],[-0.312,47.94],[-0.312,47.94],[-0.289,47.961],[-0.313,48.001],[-0.309,48.006],[-0.309,48.006],[-0.341,48.012],[-0.334,48.032],[-0.286,48.058],[-0.231,48.059],[-0.226,48.072],[-0.239,48.085],[-0.216,48.113],[-0.223,48.123],[-0.254,48.137],[-0.247,48.16],[-0.186,48.183],[-0.147,48.205],[-0.145,48.222],[-0.161,48.239],[-0.15,48.276],[-0.151,48.277],[-0.138,48.296],[-0.148,48.314],[-0.155,48.314],[-0.158,48.334],[-0.148,48.344],[-0.122,48.338],[-0.137,48.364],[-0.112,48.374],[-0.055,48.382],[-0.05,48.375],[-0.02,48.394],[0.003,48.396],[0.023,48.38],[0.04,48.381],[0.062,48.383],[0.067,48.406]]]}},{"type":"Feature","properties":{"district":"Savoie","constituency_code":"FR2007-DPT-73","electorate_type":"Department"},"geometry":{"type":"Polygon","coordinates":[[[5.963,45.813],[5.98,45.796],[5.974,45.769],[5.994,45.763],[5.994,45.748],[6.042,45.739],[6.096,45.743],[6.097,45.734],[6.103,45.764],[6.138,45.761],[6.167,45.757],[6.178,45.747],[6.184,45.733],[6.196,45.732],[6.192,45.72],[6.196,45.693],[6.215,45.709],[6.229,45.704],[6.232,45.703],[6.258,45.684],[6.308,45.693],[6.329,45.693],[6.351,45.729],[6.351,45.73],[6.371,45.753],[6.365,45.771],[6.393,45.784],[6.42,45.802],[6.444,45.831],[6.445,45.845],[6.45,45.861],[6.471,45.885],[6.495,45.89],[6.51,45.909],[6.571,45.881],[6.573,45.877],[6.568,45.862],[6.535,45.862],[6.566,45.816],[6.599,45.792],[6.637,45.8],[6.659,45.801],[6.691,45.771],[6.687,45.755],[6.712,45.723],[6.766,45.771],[6.802,45.779],[6.809,45.725],[6.846,45.691],[6.902,45.664],[6.915,45.652],[6.931,45.646],[6.97,45.654],[6.989,45.627],[6.981,45.583],[6.995,45.576],[6.991,45.53],[7.0,45.505],[7.045,45.497],[7.046,45.48],[7.105,45.468],[7.113,45.434],[7.185,45.407],[7.175,45.386],[7.139,45.351],[7.135,45.331],[7.11,45.327],[7.136,45.281],[7.138,45.257],[7.11,45.247],[7.077,45.211],[7.051,45.226],[6.966,45.208],[6.954,45.18],[6.885,45.154],[6.893,45.137],[6.846,45.136],[6.797,45.153],[6.768,45.16],[6.74,45.137],[6.711,45.145],[6.68,45.14],[6.673,45.124],[6.63,45.109],[6.615,45.122],[6.577,45.123],[6.564,45.114],[6.53,45.099],[6.51,45.109],[6.48,45.091],[6.487,45.056],[6.454,45.052],[6.439,45.063],[6.396,45.061],[6.365,45.07],[6.363,45.105],[6.334,45.123],[6.286,45.11],[6.261,45.127],[6.181,45.165],[6.169,45.154],[6.144,45.155],[6.162,45.189],[6.138,45.214],[6.126,45.244],[6.139,45.256],[6.132,45.288],[6.154,45.311],[6.187,45.32],[6.188,45.333],[6.191,45.34],[6.195,45.352],[6.17,45.36],[6.192,45.369],[6.178,45.393],[6.145,45.414],[6.122,45.439],[6.103,45.434],[6.095,45.432],[6.091,45.444],[6.077,45.443],[6.054,45.44],[6.05,45.438],[6.008,45.454],[6.011,45.458],[5.966,45.492],[5.915,45.477],[5.926,45.464],[5.904,45.432],[5.905,45.43],[5.895,45.389],[5.881,45.407],[5.834,45.42],[5.81,45.426],[5.783,45.442],[5.761,45.436],[5.758,45.435],[5.74,45.438],[5.736,45.472],[5.72,45.483],[5.714,45.497],[5.701,45.518],[5.696,45.52],[5.691,45.522],[5.691,45.528],[5.673,45.543],[5.681,45.541],[5.674,45.553],[5.647,45.577],[5.638,45.59],[5.624,45.613],[5.637,45.617],[5.648,45.627],[5.688,45.644],[5.687,45.653],[5.704,45.678],[5.704,45.698],[5.7,45.71],[5.728,45.709],[5.731,45.71],[5.748,45.705],[5.777,45.729],[5.77,45.741],[5.781,45.743],[5.784,45.745],[5.783,45.772],[5.781,45.781],[5.785,45.797],[5.788,45.823],[5.795,45.83],[5.801,45.846],[5.808,45.861],[5.815,45.877],[5.826,45.904],[5.829,45.938],[5.862,45.932],[5.866,45.919],[5.866,45.903],[5.867,45.899],[5.876,45.864],[5.873,45.839],[5.881,45.831],[5.934,45.815],[5.963,45.813]]]}},{"type":"Feature","properties":{"district":"Haute-Savoie","constituency_code":"FR2007-DPT-74","electorate_type":"Department"},"geometry":{"type":"Polygon","coordinates":[[[6.803,46.203],[6.807,46.196],[6.807,46.178],[6.79,46.155],[6.815,46.129],[6.898,46.122],[6.883,46.095],[6.892,46.085],[6.872,46.051],[6.891,46.043],[6.925,46.065],[6.95,46.052],[6.963,46.03],[6.986,46.004],[7.011,45.997],[7.036,45.956],[7.044,45.923],[7.003,45.897],[6.997,45.872],[6.951,45.86],[6.914,45.841],[6.873,45.846],[6.87,45.828],[6.861,45.832],[6.854,45.837],[6.818,45.832],[6.808,45.813],[6.802,45.779],[6.766,45.771],[6.712,45.723],[6.687,45.755],[6.691,45.771],[6.659,45.801],[6.637,45.8],[6.599,45.792],[6.566,45.816],[6.535,45.862],[6.568,45.862],[6.573,45.877],[6.571,45.881],[6.51,45.909],[6.495,45.89],[6.471,45.885],[6.45,45.861],[6.445,45.845],[6.444,45.831],[6.42,45.802],[6.393,45.784],[6.365,45.771],[6.371,45.753],[6.351,45.73],[6.351,45.729],[6.329,45.693],[6.308,45.693],[6.258,45.684],[6.232,45.703],[6.229,45.704],[6.215,45.709],[6.196,45.693],[6.192,45.72],[6.196,45.732],[6.184,45.733],[6.178,45.747],[6.167,45.757],[6.138,45.761],[6.103,45.764],[6.097,45.734],[6.096,45.743],[6.042,45.739],[5.994,45.748],[5.994,45.763],[5.974,45.769],[5.98,45.796],[5.963,45.813],[5.934,45.815],[5.881,45.831],[5.873,45.839],[5.876,45.864],[5.867,45.899],[5.866,45.903],[5.866,45.919],[5.862,45.932],[5.829,45.938],[5.825,45.939],[5.833,45.962],[5.833,45.972],[5.81,45.993],[5.81,46.008],[5.806,46.016],[5.809,46.033],[5.807,46.044],[5.814,46.055],[5.808,46.062],[5.811,46.079],[5.822,46.09],[5.856,46.087],[5.866,46.086],[5.891,46.088],[5.893,46.119],[5.897,46.12],[5.907,46.122],[5.937,46.129],[5.956,46.132],[5.957,46.129],[5.98,46.136],[5.994,46.144],[6.047,46.142],[6.092,46.152],[6.127,46.141],[6.136,46.142],[6.147,46.147],[6.175,46.158],[6.187,46.178],[6.214,46.194],[6.23,46.204],[6.276,46.215],[6.295,46.225],[6.309,46.255],[6.295,46.265],[6.267,46.248],[6.238,46.282],[6.252,46.292],[6.248,46.306],[6.269,46.337],[6.291,46.359],[6.316,46.369],[6.349,46.368],[6.363,46.348],[6.399,46.35],[6.404,46.351],[6.443,46.364],[6.477,46.375],[6.483,46.392],[6.513,46.405],[6.568,46.398],[6.614,46.403],[6.619,46.404],[6.638,46.405],[6.712,46.408],[6.758,46.403],[6.79,46.393],[6.801,46.375],[6.771,46.361],[6.775,46.347],[6.786,46.332],[6.851,46.291],[6.864,46.283],[6.803,46.203]]]}},{"type":"Feature","properties":{"district":"Paris","constituency_code":"FR2007-DPT-75","electorate_type":"Department"},"geometry":{"type":"Polygon","coordinates":[[[2.352,48.901],[2.366,48.902],[2.37,48.902],[2.389,48.901],[2.399,48.89],[2.411,48.878],[2.413,48.873],[2.415,48.855],[2.416,48.849],[2.416,48.847],[2.428,48.842],[2.448,48.845],[2.467,48.839],[2.466,48.826],[2.461,48.818],[2.42,48.824],[2.39,48.826],[2.364,48.816],[2.356,48.816],[2.344,48.816],[2.332,48.817],[2.314,48.822],[2.301,48.825],[2.289,48.828],[2.263,48.834],[2.224,48.854],[2.226,48.859],[2.232,48.869],[2.246,48.876],[2.28,48.879],[2.284,48.886],[2.304,48.894],[2.32,48.9],[2.33,48.901],[2.352,48.901]]]}},{"type":"Feature","properties":{"district":"Seine-Maritime","constituency_code":"FR2007-DPT-76","electorate_type":"Department"},"geometry":{"type":"Polygon","coordinates":[[[1.752,49.792],[1.758,49.783],[1.781,49.768],[1.784,49.758],[1.743,49.753],[1.746,49.739],[1.743,49.738],[1.715,49.714],[1.689,49.694],[1.705,49.681],[1.745,49.698],[1.752,49.681],[1.722,49.662],[1.699,49.645],[1.704,49.64],[1.717,49.633],[1.718,49.615],[1.694,49.601],[1.721,49.59],[1.722,49.589],[1.691,49.579],[1.694,49.575],[1.698,49.572],[1.721,49.57],[1.73,49.561],[1.745,49.54],[1.746,49.539],[1.72,49.509],[1.719,49.503],[1.725,49.5],[1.768,49.512],[1.788,49.507],[1.789,49.49],[1.766,49.466],[1.748,49.46],[1.74,49.449],[1.738,49.449],[1.734,49.441],[1.714,49.409],[1.695,49.395],[1.682,49.403],[1.651,49.403],[1.647,49.403],[1.628,49.415],[1.607,49.411],[1.585,49.432],[1.576,49.44],[1.537,49.43],[1.502,49.44],[1.476,49.452],[1.437,49.455],[1.411,49.456],[1.391,49.462],[1.386,49.463],[1.35,49.438],[1.337,49.439],[1.338,49.429],[1.309,49.429],[1.316,49.411],[1.308,49.396],[1.298,49.395],[1.286,49.387],[1.289,49.376],[1.287,49.363],[1.272,49.354],[1.246,49.348],[1.21,49.353],[1.199,49.351],[1.186,49.338],[1.185,49.338],[1.183,49.344],[1.169,49.336],[1.146,49.335],[1.137,49.326],[1.134,49.31],[1.13,49.31],[1.095,49.31],[1.072,49.306],[1.048,49.298],[1.069,49.277],[1.064,49.261],[1.051,49.258],[1.039,49.258],[1.038,49.26],[1.0,49.252],[0.986,49.27],[0.953,49.28],[0.961,49.291],[0.926,49.313],[0.9,49.298],[0.886,49.32],[0.848,49.332],[0.864,49.346],[0.931,49.344],[0.923,49.35],[0.925,49.359],[0.917,49.376],[0.918,49.385],[0.893,49.372],[0.879,49.373],[0.878,49.396],[0.86,49.395],[0.834,49.394],[0.819,49.398],[0.803,49.428],[0.8,49.427],[0.788,49.413],[0.763,49.419],[0.737,49.409],[0.715,49.411],[0.715,49.41],[0.671,49.404],[0.657,49.406],[0.63,49.424],[0.643,49.444],[0.614,49.43],[0.599,49.429],[0.561,49.448],[0.543,49.463],[0.539,49.466],[0.538,49.468],[0.509,49.484],[0.48,49.48],[0.473,49.477],[0.435,49.46],[0.426,49.457],[0.387,49.447],[0.369,49.444],[0.338,49.445],[0.304,49.452],[0.27,49.451],[0.256,49.455],[0.238,49.452],[0.195,49.452],[0.121,49.464],[0.085,49.502],[0.067,49.519],[0.078,49.54],[0.111,49.589],[0.129,49.61],[0.143,49.63],[0.16,49.67],[0.18,49.696],[0.182,49.699],[0.225,49.718],[0.265,49.729],[0.27,49.731],[0.294,49.739],[0.299,49.74],[0.32,49.741],[0.338,49.748],[0.356,49.756],[0.388,49.772],[0.429,49.787],[0.484,49.808],[0.512,49.819],[0.524,49.826],[0.562,49.845],[0.607,49.856],[0.645,49.864],[0.656,49.865],[0.669,49.867],[0.75,49.871],[0.764,49.871],[0.801,49.878],[0.84,49.889],[0.899,49.9],[0.93,49.907],[0.973,49.919],[1.026,49.917],[1.04,49.92],[1.116,49.94],[1.201,49.971],[1.271,50.011],[1.339,50.05],[1.342,50.052],[1.381,50.066],[1.409,50.057],[1.422,50.069],[1.453,50.065],[1.459,50.063],[1.453,50.039],[1.473,50.034],[1.487,50.023],[1.498,50.02],[1.525,49.999],[1.527,49.996],[1.562,49.978],[1.574,49.973],[1.609,49.942],[1.648,49.929],[1.679,49.917],[1.678,49.914],[1.692,49.899],[1.697,49.893],[1.712,49.874],[1.719,49.866],[1.72,49.862],[1.726,49.84],[1.734,49.813],[1.745,49.803],[1.752,49.792]]]}},{"type":"Feature","properties":{"district":"Seine-et-Marne","constituency_code":"FR2007-DPT-77","electorate_type":"Department"},"geometry":{"type":"Polygon","coordinates":[[[2.547,48.402],[2.517,48.428],[2.504,48.43],[2.505,48.448],[2.498,48.457],[2.5,48.459],[2.506,48.461],[2.51,48.488],[2.512,48.495],[2.513,48.509],[2.498,48.517],[2.5,48.543],[2.531,48.574],[2.522,48.573],[2.518,48.583],[2.542,48.597],[2.542,48.609],[2.521,48.632],[2.548,48.65],[2.533,48.657],[2.548,48.672],[2.584,48.677],[2.572,48.692],[2.574,48.701],[2.569,48.707],[2.568,48.709],[2.595,48.732],[2.597,48.761],[2.615,48.761],[2.592,48.771],[2.591,48.797],[2.592,48.807],[2.596,48.814],[2.587,48.834],[2.574,48.853],[2.587,48.865],[2.568,48.866],[2.559,48.885],[2.591,48.907],[2.592,48.908],[2.593,48.925],[2.603,48.929],[2.596,48.939],[2.591,48.95],[2.576,49.0],[2.566,49.012],[2.553,49.01],[2.535,49.024],[2.569,49.04],[2.595,49.047],[2.571,49.061],[2.59,49.08],[2.61,49.095],[2.619,49.095],[2.633,49.109],[2.678,49.086],[2.691,49.071],[2.703,49.065],[2.724,49.081],[2.735,49.061],[2.761,49.063],[2.769,49.083],[2.784,49.089],[2.792,49.09],[2.809,49.098],[2.845,49.085],[2.856,49.07],[2.895,49.077],[2.901,49.085],[2.937,49.079],[2.946,49.088],[2.971,49.089],[2.975,49.075],[2.988,49.072],[3.004,49.089],[3.034,49.089],[3.066,49.085],[3.056,49.102],[3.072,49.118],[3.114,49.107],[3.124,49.107],[3.165,49.1],[3.159,49.08],[3.182,49.062],[3.181,49.056],[3.19,49.047],[3.163,49.02],[3.199,49.006],[3.209,48.994],[3.225,48.988],[3.229,48.989],[3.231,48.977],[3.255,48.962],[3.263,48.949],[3.262,48.948],[3.26,48.945],[3.265,48.939],[3.278,48.94],[3.304,48.949],[3.313,48.921],[3.33,48.909],[3.367,48.928],[3.369,48.894],[3.406,48.876],[3.4,48.866],[3.452,48.856],[3.446,48.843],[3.463,48.837],[3.485,48.852],[3.487,48.815],[3.481,48.812],[3.475,48.819],[3.441,48.811],[3.416,48.818],[3.411,48.804],[3.443,48.788],[3.409,48.784],[3.399,48.755],[3.437,48.753],[3.467,48.739],[3.467,48.729],[3.467,48.723],[3.478,48.698],[3.443,48.672],[3.446,48.667],[3.452,48.634],[3.489,48.647],[3.534,48.647],[3.556,48.62],[3.503,48.605],[3.516,48.59],[3.485,48.58],[3.469,48.573],[3.465,48.57],[3.482,48.541],[3.451,48.529],[3.414,48.533],[3.405,48.528],[3.435,48.49],[3.404,48.486],[3.384,48.478],[3.406,48.453],[3.397,48.435],[3.412,48.421],[3.421,48.409],[3.415,48.39],[3.376,48.399],[3.357,48.379],[3.336,48.373],[3.33,48.372],[3.311,48.373],[3.283,48.382],[3.272,48.379],[3.251,48.365],[3.226,48.37],[3.214,48.367],[3.204,48.364],[3.185,48.368],[3.172,48.377],[3.14,48.373],[3.122,48.369],[3.103,48.349],[3.1,48.352],[3.066,48.358],[3.05,48.36],[3.043,48.332],[3.015,48.307],[3.027,48.301],[3.03,48.286],[3.025,48.276],[3.047,48.25],[3.013,48.222],[2.989,48.209],[2.971,48.194],[2.955,48.193],[2.935,48.179],[2.937,48.163],[2.9,48.16],[2.871,48.157],[2.867,48.156],[2.821,48.13],[2.799,48.137],[2.81,48.161],[2.781,48.167],[2.737,48.166],[2.756,48.146],[2.707,48.125],[2.667,48.121],[2.664,48.12],[2.639,48.139],[2.603,48.132],[2.571,48.141],[2.537,48.14],[2.522,48.125],[2.459,48.126],[2.444,48.132],[2.472,48.155],[2.483,48.165],[2.506,48.157],[2.52,48.194],[2.523,48.198],[2.518,48.214],[2.514,48.214],[2.506,48.239],[2.484,48.239],[2.469,48.255],[2.44,48.253],[2.422,48.264],[2.42,48.267],[2.42,48.3],[2.403,48.321],[2.392,48.336],[2.434,48.334],[2.43,48.362],[2.451,48.367],[2.474,48.39],[2.522,48.405],[2.547,48.402]]]}},{"type":"Feature","properties":{"district":"Yvelines","constituency_code":"FR2007-DPT-78","electorate_type":"Department"},"geometry":{"type":"Polygon","coordinates":[[[2.127,48.989],[2.166,48.981],[2.178,48.964],[2.178,48.96],[2.173,48.953],[2.206,48.95],[2.206,48.941],[2.199,48.935],[2.199,48.919],[2.2,48.909],[2.174,48.899],[2.169,48.896],[2.158,48.881],[2.15,48.871],[2.154,48.864],[2.16,48.848],[2.146,48.837],[2.148,48.828],[2.151,48.821],[2.151,48.819],[2.161,48.813],[2.177,48.814],[2.183,48.797],[2.203,48.798],[2.227,48.782],[2.227,48.776],[2.191,48.775],[2.19,48.754],[2.139,48.743],[2.135,48.738],[2.105,48.738],[2.106,48.719],[2.106,48.719],[2.108,48.718],[2.11,48.715],[2.097,48.694],[2.082,48.686],[2.066,48.687],[2.055,48.687],[2.038,48.68],[2.029,48.664],[2.012,48.654],[2.02,48.642],[2.042,48.627],[2.043,48.626],[2.055,48.608],[2.033,48.598],[2.036,48.589],[2.017,48.558],[1.963,48.561],[1.934,48.549],[1.968,48.526],[1.953,48.523],[1.934,48.496],[1.933,48.481],[1.922,48.458],[1.884,48.44],[1.88,48.441],[1.861,48.444],[1.839,48.458],[1.811,48.466],[1.797,48.485],[1.776,48.528],[1.788,48.554],[1.778,48.553],[1.748,48.576],[1.709,48.578],[1.702,48.585],[1.718,48.607],[1.689,48.612],[1.691,48.617],[1.667,48.613],[1.649,48.632],[1.651,48.638],[1.643,48.651],[1.608,48.66],[1.603,48.663],[1.606,48.679],[1.611,48.688],[1.582,48.696],[1.595,48.709],[1.59,48.713],[1.621,48.736],[1.623,48.74],[1.625,48.749],[1.585,48.763],[1.583,48.768],[1.588,48.774],[1.579,48.809],[1.59,48.817],[1.587,48.843],[1.577,48.845],[1.572,48.864],[1.559,48.864],[1.546,48.872],[1.563,48.89],[1.538,48.907],[1.542,48.916],[1.54,48.919],[1.514,48.922],[1.501,48.941],[1.511,48.954],[1.518,48.978],[1.508,48.984],[1.471,48.975],[1.461,48.989],[1.48,49.005],[1.474,49.01],[1.472,49.019],[1.458,49.026],[1.447,49.054],[1.503,49.059],[1.51,49.084],[1.521,49.068],[1.547,49.072],[1.572,49.077],[1.594,49.083],[1.609,49.078],[1.614,49.071],[1.62,49.074],[1.646,49.081],[1.687,49.072],[1.694,49.057],[1.723,49.045],[1.732,49.051],[1.735,49.049],[1.751,49.048],[1.759,49.063],[1.789,49.058],[1.794,49.059],[1.797,49.072],[1.815,49.076],[1.823,49.076],[1.841,49.069],[1.841,49.065],[1.865,49.057],[1.851,49.033],[1.859,49.014],[1.861,49.014],[1.882,49.02],[1.908,49.048],[1.914,49.046],[1.912,49.041],[1.938,49.022],[1.955,49.025],[1.957,49.022],[1.992,49.021],[2.005,49.01],[2.007,49.008],[2.024,48.998],[2.064,49.008],[2.072,49.001],[2.085,49.015],[2.121,49.018],[2.127,48.989]]]}},{"type":"Feature","properties":{"district":"Deux-Sèvres","constituency_code":"FR2007-DPT-79","electorate_type":"Department"},"geometry":{"type":"Polygon","coordinates":[[[-0.046,46.832],[-0.049,46.823],[-0.004,46.82],[-0.007,46.802],[-0.022,46.776],[-0.012,46.754],[0.033,46.739],[0.036,46.728],[0.032,46.727],[0.004,46.718],[-0.007,46.683],[-0.032,46.669],[-0.066,46.623],[-0.03,46.627],[-0.005,46.645],[-0.014,46.615],[0.023,46.614],[0.043,46.591],[-0.008,46.568],[-0.01,46.555],[0.008,46.548],[-0.006,46.524],[-0.031,46.525],[-0.039,46.499],[-0.044,46.472],[-0.013,46.471],[-0.019,46.453],[-0.02,46.42],[-0.008,46.389],[0.016,46.391],[0.034,46.374],[0.014,46.357],[0.015,46.326],[0.03,46.329],[0.078,46.305],[0.104,46.335],[0.138,46.349],[0.177,46.328],[0.155,46.297],[0.172,46.279],[0.129,46.267],[0.138,46.245],[0.139,46.24],[0.114,46.212],[0.108,46.186],[0.135,46.182],[0.155,46.157],[0.172,46.156],[0.213,46.159],[0.216,46.139],[0.2,46.117],[0.191,46.105],[0.197,46.095],[0.178,46.083],[0.168,46.085],[0.136,46.104],[0.119,46.098],[0.093,46.103],[0.097,46.089],[0.073,46.094],[0.053,46.07],[0.019,46.053],[-0.04,46.053],[-0.023,46.032],[-0.046,46.021],[-0.046,46.014],[-0.051,45.989],[-0.062,45.98],[-0.103,45.97],[-0.136,45.979],[-0.132,45.988],[-0.145,46.005],[-0.159,46.005],[-0.163,46.019],[-0.189,46.026],[-0.191,46.044],[-0.229,46.048],[-0.233,46.048],[-0.233,46.048],[-0.273,46.057],[-0.293,46.087],[-0.327,46.081],[-0.363,46.076],[-0.374,46.094],[-0.401,46.084],[-0.422,46.094],[-0.421,46.113],[-0.44,46.095],[-0.516,46.112],[-0.533,46.14],[-0.583,46.14],[-0.628,46.144],[-0.635,46.166],[-0.655,46.17],[-0.695,46.196],[-0.687,46.214],[-0.703,46.225],[-0.752,46.245],[-0.736,46.267],[-0.745,46.28],[-0.75,46.304],[-0.727,46.304],[-0.716,46.317],[-0.697,46.325],[-0.672,46.316],[-0.652,46.318],[-0.643,46.319],[-0.637,46.337],[-0.558,46.364],[-0.538,46.386],[-0.572,46.401],[-0.61,46.414],[-0.621,46.391],[-0.64,46.411],[-0.636,46.432],[-0.608,46.454],[-0.634,46.505],[-0.642,46.525],[-0.602,46.533],[-0.603,46.543],[-0.618,46.562],[-0.625,46.577],[-0.627,46.606],[-0.614,46.62],[-0.649,46.645],[-0.637,46.663],[-0.658,46.677],[-0.656,46.7],[-0.689,46.726],[-0.698,46.752],[-0.72,46.756],[-0.72,46.79],[-0.699,46.809],[-0.71,46.822],[-0.758,46.832],[-0.773,46.84],[-0.816,46.88],[-0.832,46.885],[-0.814,46.914],[-0.848,46.944],[-0.881,46.946],[-0.902,46.97],[-0.902,46.971],[-0.904,46.972],[-0.892,46.976],[-0.848,46.986],[-0.805,46.99],[-0.808,46.992],[-0.81,46.993],[-0.788,47.005],[-0.764,46.993],[-0.699,46.995],[-0.68,46.988],[-0.68,46.993],[-0.67,47.001],[-0.62,46.993],[-0.595,46.998],[-0.587,47.006],[-0.556,47.043],[-0.559,47.062],[-0.515,47.078],[-0.464,47.082],[-0.48,47.053],[-0.465,47.067],[-0.401,47.071],[-0.387,47.092],[-0.359,47.094],[-0.34,47.088],[-0.313,47.092],[-0.263,47.106],[-0.206,47.093],[-0.185,47.108],[-0.141,47.104],[-0.175,47.068],[-0.166,47.065],[-0.129,47.054],[-0.102,47.065],[-0.092,47.038],[-0.09,47.033],[-0.088,47.025],[-0.092,47.005],[-0.086,46.985],[-0.056,46.995],[-0.034,46.98],[-0.046,46.967],[-0.031,46.942],[-0.014,46.922],[-0.009,46.908],[-0.036,46.875],[0.034,46.854],[0.017,46.835],[0.015,46.834],[-0.008,46.848],[-0.046,46.832]]]}},{"type":"Feature","properties":{"district":"Somme","constituency_code":"FR2007-DPT-80","electorate_type":"Department"},"geometry":{"type":"Polygon","coordinates":[[[1.852,50.343],[1.852,50.341],[1.876,50.323],[1.893,50.318],[1.899,50.313],[1.946,50.332],[1.964,50.318],[1.935,50.302],[1.946,50.288],[1.96,50.291],[1.994,50.276],[2.003,50.271],[2.026,50.27],[2.038,50.264],[2.064,50.255],[2.078,50.248],[2.063,50.235],[2.069,50.233],[2.069,50.227],[2.083,50.217],[2.086,50.201],[2.115,50.203],[2.142,50.203],[2.149,50.191],[2.177,50.208],[2.187,50.21],[2.2,50.215],[2.224,50.217],[2.231,50.211],[2.253,50.215],[2.27,50.229],[2.302,50.213],[2.327,50.213],[2.333,50.239],[2.337,50.235],[2.362,50.207],[2.368,50.208],[2.382,50.226],[2.385,50.225],[2.407,50.234],[2.437,50.227],[2.452,50.23],[2.46,50.22],[2.486,50.208],[2.489,50.205],[2.495,50.2],[2.495,50.195],[2.485,50.191],[2.474,50.189],[2.451,50.179],[2.421,50.175],[2.415,50.173],[2.415,50.164],[2.403,50.165],[2.39,50.155],[2.38,50.119],[2.375,50.109],[2.395,50.11],[2.397,50.107],[2.414,50.1],[2.43,50.088],[2.446,50.118],[2.45,50.124],[2.455,50.131],[2.47,50.134],[2.476,50.137],[2.491,50.138],[2.515,50.141],[2.532,50.115],[2.548,50.124],[2.552,50.141],[2.568,50.136],[2.581,50.138],[2.587,50.137],[2.57,50.122],[2.569,50.12],[2.576,50.113],[2.593,50.107],[2.631,50.107],[2.631,50.105],[2.636,50.1],[2.648,50.095],[2.657,50.101],[2.672,50.094],[2.704,50.081],[2.719,50.088],[2.707,50.126],[2.73,50.126],[2.749,50.113],[2.781,50.111],[2.777,50.1],[2.782,50.091],[2.774,50.08],[2.76,50.07],[2.764,50.061],[2.742,50.048],[2.752,50.04],[2.777,50.044],[2.795,50.05],[2.796,50.051],[2.807,50.063],[2.831,50.063],[2.855,50.078],[2.857,50.061],[2.865,50.06],[2.87,50.035],[2.856,50.026],[2.857,50.024],[2.879,50.025],[2.884,50.032],[2.92,50.048],[2.935,50.045],[2.94,50.05],[2.949,50.053],[2.962,50.05],[2.972,50.042],[2.994,50.051],[3.006,50.055],[3.012,50.058],[3.025,50.055],[3.031,50.058],[3.062,50.049],[3.074,50.045],[3.09,50.054],[3.115,50.032],[3.124,50.024],[3.167,50.021],[3.173,50.012],[3.172,50.01],[3.156,49.992],[3.192,49.989],[3.203,49.985],[3.17,49.968],[3.162,49.951],[3.166,49.95],[3.165,49.947],[3.137,49.936],[3.124,49.918],[3.118,49.914],[3.122,49.899],[3.117,49.891],[3.119,49.883],[3.088,49.866],[3.083,49.879],[3.074,49.876],[3.084,49.846],[3.078,49.84],[3.073,49.839],[3.059,49.828],[3.061,49.82],[3.082,49.819],[3.085,49.818],[3.08,49.81],[3.086,49.792],[3.061,49.781],[3.065,49.77],[3.1,49.766],[3.097,49.748],[3.101,49.735],[3.121,49.706],[3.118,49.706],[3.093,49.7],[3.08,49.692],[3.083,49.713],[3.052,49.714],[3.055,49.694],[3.033,49.683],[3.028,49.68],[3.008,49.693],[2.992,49.708],[2.982,49.704],[2.956,49.678],[2.954,49.666],[2.935,49.677],[2.913,49.71],[2.893,49.699],[2.884,49.714],[2.882,49.714],[2.866,49.703],[2.888,49.682],[2.889,49.671],[2.857,49.683],[2.848,49.672],[2.846,49.671],[2.843,49.658],[2.8,49.661],[2.802,49.659],[2.796,49.63],[2.795,49.617],[2.776,49.615],[2.76,49.618],[2.757,49.621],[2.726,49.625],[2.721,49.622],[2.699,49.626],[2.689,49.625],[2.687,49.617],[2.674,49.602],[2.674,49.6],[2.671,49.581],[2.649,49.572],[2.628,49.585],[2.627,49.61],[2.626,49.611],[2.593,49.612],[2.582,49.599],[2.572,49.597],[2.559,49.608],[2.566,49.619],[2.527,49.63],[2.521,49.627],[2.505,49.64],[2.478,49.621],[2.473,49.636],[2.465,49.638],[2.453,49.641],[2.449,49.647],[2.445,49.653],[2.402,49.661],[2.374,49.656],[2.362,49.667],[2.355,49.664],[2.332,49.682],[2.315,49.69],[2.29,49.685],[2.26,49.696],[2.247,49.702],[2.233,49.702],[2.23,49.702],[2.192,49.703],[2.19,49.704],[2.147,49.699],[2.124,49.688],[2.095,49.693],[2.091,49.691],[2.051,49.686],[2.048,49.688],[2.028,49.711],[2.002,49.713],[1.972,49.72],[1.949,49.701],[1.933,49.72],[1.895,49.7],[1.881,49.698],[1.849,49.702],[1.838,49.709],[1.82,49.723],[1.836,49.74],[1.821,49.739],[1.809,49.754],[1.79,49.754],[1.784,49.758],[1.781,49.768],[1.758,49.783],[1.752,49.792],[1.745,49.803],[1.734,49.813],[1.726,49.84],[1.72,49.862],[1.719,49.866],[1.712,49.874],[1.697,49.893],[1.692,49.899],[1.678,49.914],[1.679,49.917],[1.648,49.929],[1.609,49.942],[1.574,49.973],[1.562,49.978],[1.527,49.996],[1.525,49.999],[1.498,50.02],[1.487,50.023],[1.473,50.034],[1.453,50.039],[1.459,50.063],[1.453,50.065],[1.422,50.069],[1.409,50.057],[1.381,50.066],[1.418,50.088],[1.421,50.089],[1.454,50.11],[1.468,50.139],[1.487,50.178],[1.529,50.211],[1.557,50.21],[1.572,50.195],[1.591,50.186],[1.627,50.19],[1.658,50.175],[1.684,50.183],[1.677,50.194],[1.663,50.214],[1.634,50.215],[1.617,50.219],[1.595,50.258],[1.546,50.257],[1.542,50.305],[1.548,50.329],[1.551,50.358],[1.602,50.36],[1.645,50.35],[1.652,50.34],[1.662,50.331],[1.692,50.343],[1.695,50.339],[1.73,50.348],[1.762,50.362],[1.792,50.359],[1.805,50.36],[1.822,50.35],[1.852,50.343]]]}},{"type":"Feature","properties":{"district":"Tarn","constituency_code":"FR2007-DPT-81","electorate_type":"Department"},"geometry":{"type":"Polygon","coordinates":[[[2.519,43.424],[2.495,43.437],[2.474,43.437],[2.47,43.435],[2.428,43.436],[2.407,43.419],[2.375,43.423],[2.367,43.423],[2.348,43.433],[2.3,43.446],[2.282,43.441],[2.266,43.453],[2.258,43.46],[2.242,43.443],[2.239,43.439],[2.221,43.426],[2.23,43.405],[2.215,43.382],[2.186,43.395],[2.17,43.417],[2.133,43.403],[2.111,43.397],[2.109,43.394],[2.091,43.394],[2.072,43.396],[2.053,43.431],[2.029,43.437],[2.014,43.45],[2.018,43.47],[2.048,43.485],[2.048,43.498],[2.012,43.507],[2.013,43.484],[1.956,43.494],[1.953,43.491],[1.921,43.505],[1.917,43.502],[1.889,43.516],[1.887,43.517],[1.88,43.54],[1.864,43.545],[1.851,43.549],[1.849,43.568],[1.822,43.581],[1.799,43.583],[1.793,43.584],[1.773,43.592],[1.764,43.604],[1.762,43.602],[1.745,43.604],[1.744,43.605],[1.741,43.606],[1.723,43.617],[1.688,43.631],[1.7,43.649],[1.724,43.657],[1.731,43.664],[1.721,43.688],[1.664,43.694],[1.661,43.706],[1.707,43.716],[1.693,43.73],[1.66,43.743],[1.65,43.752],[1.652,43.776],[1.645,43.8],[1.626,43.802],[1.589,43.817],[1.593,43.843],[1.591,43.844],[1.572,43.849],[1.555,43.869],[1.556,43.871],[1.564,43.872],[1.547,43.904],[1.556,43.918],[1.57,43.918],[1.574,43.933],[1.578,43.939],[1.535,43.96],[1.552,43.963],[1.623,43.961],[1.627,43.984],[1.637,43.995],[1.654,43.993],[1.665,44.012],[1.692,44.022],[1.704,44.044],[1.692,44.063],[1.664,44.067],[1.653,44.096],[1.659,44.117],[1.722,44.118],[1.778,44.097],[1.793,44.1],[1.806,44.126],[1.825,44.108],[1.838,44.103],[1.841,44.114],[1.838,44.144],[1.85,44.135],[1.863,44.144],[1.898,44.134],[1.914,44.136],[1.919,44.141],[1.919,44.163],[1.933,44.156],[1.969,44.143],[1.99,44.149],[2.004,44.151],[2.03,44.169],[2.058,44.172],[2.068,44.19],[2.108,44.183],[2.114,44.196],[2.149,44.201],[2.158,44.179],[2.205,44.171],[2.238,44.159],[2.189,44.137],[2.237,44.134],[2.285,44.145],[2.298,44.136],[2.332,44.123],[2.351,44.107],[2.358,44.102],[2.389,44.095],[2.412,44.07],[2.41,44.056],[2.461,44.05],[2.47,44.03],[2.495,44.011],[2.492,44.004],[2.495,43.996],[2.523,43.973],[2.521,43.963],[2.504,43.955],[2.499,43.945],[2.537,43.934],[2.553,43.908],[2.551,43.902],[2.58,43.876],[2.564,43.863],[2.564,43.851],[2.562,43.846],[2.59,43.818],[2.596,43.819],[2.6,43.817],[2.63,43.78],[2.657,43.763],[2.682,43.744],[2.695,43.743],[2.74,43.729],[2.781,43.737],[2.788,43.753],[2.816,43.762],[2.858,43.749],[2.903,43.742],[2.922,43.735],[2.935,43.695],[2.919,43.687],[2.907,43.654],[2.828,43.637],[2.802,43.63],[2.755,43.614],[2.723,43.644],[2.685,43.654],[2.646,43.66],[2.621,43.592],[2.617,43.566],[2.676,43.513],[2.658,43.517],[2.655,43.497],[2.668,43.47],[2.645,43.458],[2.609,43.44],[2.603,43.431],[2.566,43.423],[2.566,43.423],[2.565,43.423],[2.519,43.424]]]}},{"type":"Feature","properties":{"district":"Tarn-et-Garonne","constituency_code":"FR2007-DPT-82","electorate_type":"Department"},"geometry":{"type":"Polygon","coordinates":[[[1.21,43.771],[1.219,43.787],[1.183,43.794],[1.176,43.805],[1.144,43.822],[1.115,43.798],[1.105,43.801],[1.083,43.816],[1.082,43.815],[1.059,43.799],[1.0,43.798],[0.982,43.791],[0.956,43.789],[0.954,43.787],[0.897,43.789],[0.915,43.819],[0.925,43.832],[0.895,43.84],[0.912,43.849],[0.883,43.886],[0.901,43.897],[0.904,43.899],[0.888,43.91],[0.852,43.923],[0.849,43.918],[0.82,43.925],[0.809,43.933],[0.77,43.922],[0.761,43.939],[0.785,43.958],[0.792,43.966],[0.801,43.977],[0.808,43.981],[0.809,43.982],[0.825,44.005],[0.818,44.009],[0.82,44.028],[0.858,44.035],[0.865,44.039],[0.85,44.048],[0.813,44.052],[0.797,44.044],[0.764,44.03],[0.756,44.041],[0.753,44.056],[0.742,44.065],[0.748,44.093],[0.775,44.117],[0.799,44.111],[0.797,44.13],[0.788,44.143],[0.819,44.144],[0.857,44.128],[0.869,44.128],[0.892,44.137],[0.888,44.149],[0.89,44.167],[0.864,44.174],[0.853,44.175],[0.86,44.193],[0.861,44.193],[0.903,44.19],[0.929,44.23],[0.919,44.238],[0.928,44.267],[0.951,44.275],[0.924,44.292],[0.916,44.302],[0.895,44.297],[0.869,44.309],[0.873,44.324],[0.883,44.329],[0.896,44.346],[0.892,44.35],[0.894,44.373],[0.911,44.383],[0.92,44.384],[0.937,44.37],[0.941,44.344],[0.942,44.345],[0.942,44.353],[0.997,44.369],[1.028,44.364],[1.064,44.379],[1.104,44.392],[1.132,44.394],[1.127,44.373],[1.081,44.354],[1.11,44.34],[1.12,44.318],[1.151,44.307],[1.179,44.31],[1.184,44.287],[1.203,44.282],[1.244,44.266],[1.3,44.295],[1.285,44.253],[1.281,44.236],[1.33,44.231],[1.358,44.203],[1.394,44.229],[1.423,44.243],[1.426,44.242],[1.451,44.254],[1.473,44.284],[1.509,44.274],[1.527,44.237],[1.545,44.23],[1.579,44.244],[1.58,44.26],[1.588,44.301],[1.617,44.297],[1.616,44.278],[1.643,44.271],[1.651,44.297],[1.66,44.283],[1.67,44.291],[1.67,44.293],[1.671,44.298],[1.702,44.315],[1.783,44.328],[1.806,44.337],[1.827,44.324],[1.847,44.338],[1.882,44.34],[1.886,44.335],[1.859,44.32],[1.869,44.292],[1.902,44.279],[1.94,44.283],[1.971,44.276],[1.962,44.242],[1.943,44.248],[1.912,44.215],[1.89,44.208],[1.911,44.185],[1.941,44.17],[1.955,44.185],[1.981,44.177],[1.99,44.149],[1.969,44.143],[1.933,44.156],[1.919,44.163],[1.919,44.141],[1.914,44.136],[1.898,44.134],[1.863,44.144],[1.85,44.135],[1.838,44.144],[1.841,44.114],[1.838,44.103],[1.825,44.108],[1.806,44.126],[1.793,44.1],[1.778,44.097],[1.722,44.118],[1.659,44.117],[1.653,44.096],[1.664,44.067],[1.692,44.063],[1.704,44.044],[1.692,44.022],[1.665,44.012],[1.654,43.993],[1.637,43.995],[1.627,43.984],[1.623,43.961],[1.552,43.963],[1.535,43.96],[1.578,43.939],[1.574,43.933],[1.57,43.918],[1.556,43.918],[1.523,43.904],[1.515,43.906],[1.499,43.889],[1.477,43.908],[1.47,43.897],[1.449,43.87],[1.409,43.883],[1.365,43.89],[1.35,43.872],[1.319,43.858],[1.294,43.846],[1.332,43.837],[1.36,43.817],[1.343,43.811],[1.312,43.801],[1.302,43.8],[1.299,43.8],[1.282,43.796],[1.267,43.798],[1.267,43.783],[1.21,43.771]]]}},{"type":"Feature","properties":{"district":"Var","constituency_code":"FR2007-DPT-83","electorate_type":"Department"},"geometry":{"type":"MultiPolygon","coordinates":[[[[6.224,43.8],[6.249,43.802],[6.263,43.782],[6.326,43.747],[6.359,43.736],[6.379,43.74],[6.383,43.734],[6.413,43.76],[6.414,43.792],[6.439,43.798],[6.457,43.793],[6.482,43.791],[6.525,43.806],[6.542,43.776],[6.554,43.784],[6.581,43.798],[6.587,43.805],[6.624,43.805],[6.636,43.789],[6.637,43.781],[6.642,43.768],[6.657,43.749],[6.683,43.758],[6.712,43.74],[6.746,43.737],[6.767,43.722],[6.775,43.694],[6.762,43.666],[6.791,43.644],[6.824,43.624],[6.839,43.614],[6.883,43.606],[6.894,43.611],[6.912,43.598],[6.898,43.582],[6.906,43.564],[6.879,43.533],[6.884,43.503],[6.904,43.495],[6.933,43.48],[6.92,43.449],[6.89,43.428],[6.858,43.426],[6.788,43.408],[6.763,43.424],[6.743,43.416],[6.715,43.368],[6.716,43.348],[6.682,43.341],[6.666,43.318],[6.621,43.296],[6.574,43.267],[6.594,43.262],[6.624,43.265],[6.677,43.279],[6.696,43.262],[6.677,43.245],[6.664,43.24],[6.661,43.196],[6.647,43.168],[6.618,43.163],[6.602,43.182],[6.552,43.187],[6.51,43.156],[6.491,43.153],[6.448,43.153],[6.405,43.15],[6.37,43.137],[6.364,43.125],[6.359,43.089],[6.329,43.093],[6.315,43.107],[6.271,43.121],[6.234,43.113],[6.207,43.116],[6.163,43.092],[6.149,43.056],[6.11,43.084],[6.086,43.087],[6.033,43.078],[6.025,43.092],[5.993,43.105],[5.979,43.107],[5.936,43.107],[5.934,43.119],[5.887,43.116],[5.885,43.117],[5.91,43.101],[5.904,43.079],[5.938,43.085],[5.937,43.072],[5.903,43.074],[5.887,43.077],[5.848,43.05],[5.829,43.05],[5.804,43.077],[5.807,43.116],[5.777,43.117],[5.77,43.139],[5.726,43.137],[5.695,43.144],[5.672,43.18],[5.676,43.191],[5.678,43.217],[5.682,43.235],[5.705,43.242],[5.701,43.247],[5.761,43.267],[5.763,43.282],[5.727,43.317],[5.691,43.313],[5.669,43.319],[5.704,43.354],[5.683,43.399],[5.724,43.409],[5.75,43.401],[5.788,43.42],[5.788,43.42],[5.751,43.434],[5.728,43.467],[5.699,43.482],[5.716,43.504],[5.725,43.551],[5.707,43.556],[5.669,43.565],[5.692,43.585],[5.681,43.611],[5.719,43.65],[5.771,43.661],[5.8,43.66],[5.813,43.689],[5.793,43.693],[5.777,43.722],[5.753,43.725],[5.757,43.729],[5.781,43.756],[5.831,43.747],[5.849,43.718],[5.884,43.724],[5.923,43.758],[5.925,43.756],[5.941,43.727],[5.984,43.714],[5.988,43.696],[6.022,43.668],[6.052,43.698],[6.056,43.7],[6.07,43.705],[6.09,43.729],[6.095,43.73],[6.129,43.737],[6.141,43.738],[6.184,43.766],[6.188,43.776],[6.224,43.8]]],[[[6.16,43.002],[6.199,43.001],[6.248,43.019],[6.251,43.0],[6.193,42.991],[6.16,43.002]]]]}},{"type":"Feature","properties":{"district":"Vaucluse","constituency_code":"FR2007-DPT-84","electorate_type":"Department"},"geometry":{"type":"MultiPolygon","coordinates":[[[[5.448,44.137],[5.455,44.119],[5.499,44.116],[5.503,44.063],[5.545,44.07],[5.544,44.026],[5.513,43.973],[5.513,43.945],[5.545,43.939],[5.569,43.943],[5.581,43.915],[5.606,43.916],[5.59,43.887],[5.562,43.858],[5.545,43.818],[5.551,43.817],[5.575,43.83],[5.631,43.829],[5.646,43.826],[5.654,43.825],[5.674,43.808],[5.695,43.784],[5.713,43.781],[5.716,43.756],[5.757,43.729],[5.753,43.725],[5.717,43.693],[5.683,43.693],[5.624,43.666],[5.607,43.659],[5.55,43.66],[5.488,43.668],[5.445,43.68],[5.413,43.693],[5.388,43.702],[5.371,43.709],[5.344,43.719],[5.326,43.729],[5.287,43.74],[5.264,43.744],[5.246,43.747],[5.236,43.748],[5.188,43.735],[5.138,43.753],[5.124,43.759],[5.091,43.772],[5.05,43.789],[5.043,43.806],[5.035,43.82],[4.997,43.845],[4.992,43.85],[4.975,43.867],[4.93,43.884],[4.922,43.887],[4.881,43.902],[4.853,43.911],[4.811,43.914],[4.774,43.92],[4.739,43.924],[4.779,43.938],[4.792,43.952],[4.815,43.967],[4.811,43.984],[4.846,43.997],[4.844,44.003],[4.819,44.018],[4.808,44.04],[4.796,44.048],[4.788,44.065],[4.76,44.075],[4.761,44.079],[4.72,44.086],[4.706,44.108],[4.717,44.142],[4.718,44.152],[4.717,44.163],[4.716,44.166],[4.722,44.187],[4.704,44.198],[4.708,44.213],[4.674,44.215],[4.673,44.219],[4.677,44.236],[4.652,44.259],[4.649,44.27],[4.653,44.291],[4.653,44.295],[4.651,44.33],[4.713,44.321],[4.722,44.327],[4.763,44.326],[4.805,44.304],[4.803,44.278],[4.804,44.269],[4.812,44.242],[4.826,44.229],[4.857,44.246],[4.88,44.262],[4.901,44.264],[4.933,44.262],[4.971,44.28],[4.989,44.286],[5.017,44.293],[5.029,44.298],[5.061,44.308],[5.077,44.284],[5.087,44.284],[5.108,44.281],[5.166,44.315],[5.169,44.314],[5.17,44.299],[5.148,44.27],[5.162,44.246],[5.152,44.238],[5.168,44.225],[5.207,44.214],[5.238,44.213],[5.241,44.231],[5.248,44.231],[5.257,44.23],[5.281,44.22],[5.303,44.206],[5.377,44.205],[5.385,44.201],[5.383,44.199],[5.383,44.155],[5.436,44.153],[5.448,44.137]]],[[[4.952,44.42],[4.959,44.42],[4.989,44.423],[5.019,44.416],[5.018,44.407],[5.015,44.395],[5.071,44.383],[5.07,44.376],[5.027,44.363],[5.009,44.334],[5.014,44.326],[4.991,44.312],[4.987,44.293],[4.922,44.309],[4.889,44.304],[4.882,44.325],[4.895,44.338],[4.869,44.345],[4.893,44.365],[4.907,44.375],[4.918,44.408],[4.952,44.42]]]]}},{"type":"Feature","properties":{"district":"Vendée","constituency_code":"FR2007-DPT-85","electorate_type":"Department"},"geometry":{"type":"MultiPolygon","coordinates":[[[[-1.208,46.284],[-1.23,46.278],[-1.325,46.341],[-1.336,46.347],[-1.355,46.346],[-1.386,46.341],[-1.425,46.347],[-1.471,46.346],[-1.482,46.371],[-1.505,46.4],[-1.543,46.409],[-1.564,46.407],[-1.653,46.422],[-1.642,46.432],[-1.711,46.452],[-1.714,46.458],[-1.755,46.474],[-1.771,46.489],[-1.813,46.494],[-1.847,46.585],[-1.854,46.604],[-1.897,46.64],[-1.922,46.672],[-1.96,46.694],[-1.983,46.721],[-2.059,46.775],[-2.142,46.819],[-2.147,46.858],[-2.157,46.887],[-2.114,46.9],[-2.119,46.907],[-2.071,46.935],[-2.045,46.968],[-2.029,47.008],[-1.976,47.029],[-1.972,47.029],[-1.939,46.994],[-1.917,46.992],[-1.898,46.962],[-1.825,46.948],[-1.832,46.932],[-1.75,46.931],[-1.746,46.919],[-1.736,46.911],[-1.73,46.888],[-1.687,46.89],[-1.664,46.875],[-1.64,46.878],[-1.61,46.871],[-1.549,46.86],[-1.501,46.883],[-1.546,46.926],[-1.52,46.941],[-1.543,46.962],[-1.551,46.991],[-1.555,47.015],[-1.5,47.041],[-1.496,47.042],[-1.481,47.035],[-1.463,46.997],[-1.477,46.981],[-1.459,46.956],[-1.472,46.934],[-1.462,46.927],[-1.413,46.945],[-1.373,46.952],[-1.359,46.981],[-1.365,47.007],[-1.379,47.031],[-1.346,47.046],[-1.299,47.035],[-1.291,47.07],[-1.273,47.083],[-1.217,47.054],[-1.21,47.05],[-1.201,47.04],[-1.148,47.029],[-1.128,47.021],[-1.083,47.013],[-1.016,47.004],[-1.002,47.022],[-0.964,47.003],[-0.934,47.008],[-0.892,46.976],[-0.904,46.972],[-0.902,46.971],[-0.902,46.97],[-0.881,46.946],[-0.848,46.944],[-0.814,46.914],[-0.832,46.885],[-0.816,46.88],[-0.773,46.84],[-0.758,46.832],[-0.71,46.822],[-0.699,46.809],[-0.72,46.79],[-0.72,46.756],[-0.698,46.752],[-0.689,46.726],[-0.656,46.7],[-0.658,46.677],[-0.637,46.663],[-0.649,46.645],[-0.614,46.62],[-0.627,46.606],[-0.625,46.577],[-0.618,46.562],[-0.603,46.543],[-0.602,46.533],[-0.642,46.525],[-0.634,46.505],[-0.608,46.454],[-0.636,46.432],[-0.64,46.411],[-0.621,46.391],[-0.61,46.414],[-0.572,46.401],[-0.538,46.386],[-0.558,46.364],[-0.637,46.337],[-0.643,46.319],[-0.652,46.318],[-0.672,46.316],[-0.697,46.325],[-0.716,46.317],[-0.727,46.304],[-0.75,46.304],[-0.776,46.319],[-0.803,46.325],[-0.826,46.337],[-0.863,46.319],[-0.887,46.327],[-0.912,46.313],[-0.963,46.322],[-0.934,46.36],[-0.927,46.371],[-0.964,46.365],[-0.965,46.365],[-0.975,46.351],[-1.013,46.356],[-1.054,46.35],[-1.073,46.327],[-1.105,46.315],[-1.115,46.329],[-1.148,46.317],[-1.164,46.333],[-1.202,46.316],[-1.208,46.284]]],[[[-2.187,46.961],[-2.157,46.95],[-2.147,46.934],[-2.153,46.907],[-2.198,46.951],[-2.223,46.965],[-2.267,46.964],[-2.302,46.99],[-2.297,47.024],[-2.251,47.028],[-2.22,47.011],[-2.247,46.994],[-2.233,46.975],[-2.187,46.961]]],[[[-2.377,46.702],[-2.399,46.717],[-2.377,46.732],[-2.318,46.72],[-2.286,46.696],[-2.329,46.687],[-2.377,46.702]]]]}},{"type":"Feature","properties":{"district":"Vienne","constituency_code":"FR2007-DPT-86","electorate_type":"Department"},"geometry":{"type":"Polygon","coordinates":[[[0.861,46.262],[0.841,46.24],[0.794,46.214],[0.8,46.202],[0.828,46.172],[0.838,46.166],[0.84,46.134],[0.823,46.129],[0.742,46.138],[0.729,46.135],[0.713,46.139],[0.712,46.139],[0.675,46.112],[0.687,46.097],[0.609,46.09],[0.596,46.073],[0.574,46.078],[0.54,46.086],[0.509,46.132],[0.472,46.13],[0.451,46.108],[0.443,46.102],[0.474,46.085],[0.481,46.066],[0.444,46.051],[0.413,46.049],[0.403,46.063],[0.353,46.065],[0.345,46.064],[0.314,46.065],[0.291,46.06],[0.24,46.083],[0.227,46.09],[0.197,46.095],[0.191,46.105],[0.2,46.117],[0.216,46.139],[0.213,46.159],[0.172,46.156],[0.155,46.157],[0.135,46.182],[0.108,46.186],[0.114,46.212],[0.139,46.24],[0.138,46.245],[0.129,46.267],[0.172,46.279],[0.155,46.297],[0.177,46.328],[0.138,46.349],[0.104,46.335],[0.078,46.305],[0.03,46.329],[0.015,46.326],[0.014,46.357],[0.034,46.374],[0.016,46.391],[-0.008,46.389],[-0.02,46.42],[-0.019,46.453],[-0.013,46.471],[-0.044,46.472],[-0.039,46.499],[-0.031,46.525],[-0.006,46.524],[0.008,46.548],[-0.01,46.555],[-0.008,46.568],[0.043,46.591],[0.023,46.614],[-0.014,46.615],[-0.005,46.645],[-0.03,46.627],[-0.066,46.623],[-0.032,46.669],[-0.007,46.683],[0.004,46.718],[0.032,46.727],[0.036,46.728],[0.033,46.739],[-0.012,46.754],[-0.022,46.776],[-0.007,46.802],[-0.004,46.82],[-0.049,46.823],[-0.046,46.832],[-0.008,46.848],[0.015,46.834],[0.017,46.835],[0.034,46.854],[-0.036,46.875],[-0.009,46.908],[-0.014,46.922],[-0.031,46.942],[-0.046,46.967],[-0.034,46.98],[-0.056,46.995],[-0.086,46.985],[-0.092,47.005],[-0.088,47.025],[-0.09,47.033],[-0.092,47.038],[-0.102,47.065],[-0.101,47.085],[-0.097,47.092],[-0.086,47.101],[-0.068,47.094],[-0.035,47.087],[-0.034,47.121],[-0.012,47.156],[0.019,47.176],[0.036,47.16],[0.054,47.164],[0.078,47.146],[0.084,47.118],[0.105,47.121],[0.141,47.125],[0.135,47.107],[0.162,47.1],[0.182,47.115],[0.201,47.091],[0.176,47.061],[0.208,47.053],[0.235,47.069],[0.268,47.068],[0.264,47.046],[0.298,47.054],[0.31,47.028],[0.308,47.0],[0.291,46.99],[0.298,46.971],[0.302,46.955],[0.325,46.931],[0.348,46.937],[0.388,46.944],[0.405,46.936],[0.439,46.929],[0.445,46.941],[0.491,46.955],[0.505,46.96],[0.554,46.958],[0.602,46.959],[0.574,46.983],[0.575,46.993],[0.567,47.003],[0.568,47.007],[0.591,47.007],[0.622,46.999],[0.624,46.994],[0.638,46.985],[0.694,46.973],[0.695,46.962],[0.696,46.959],[0.703,46.926],[0.704,46.909],[0.729,46.883],[0.744,46.872],[0.766,46.856],[0.797,46.847],[0.81,46.816],[0.81,46.814],[0.812,46.795],[0.86,46.756],[0.867,46.748],[0.903,46.731],[0.925,46.7],[0.902,46.678],[0.907,46.667],[0.896,46.632],[0.916,46.597],[0.938,46.594],[0.941,46.581],[0.982,46.574],[1.014,46.568],[1.02,46.537],[1.088,46.538],[1.124,46.522],[1.149,46.502],[1.135,46.471],[1.169,46.446],[1.184,46.429],[1.213,46.433],[1.177,46.384],[1.157,46.389],[1.13,46.359],[1.078,46.358],[1.05,46.363],[1.027,46.343],[1.028,46.323],[1.007,46.303],[1.006,46.281],[1.004,46.28],[0.933,46.289],[0.902,46.284],[0.891,46.269],[0.861,46.262]]]}},{"type":"Feature","properties":{"district":"Haute-Vienne","constituency_code":"FR2007-DPT-87","electorate_type":"Department"},"geometry":{"type":"Polygon","coordinates":[[[1.425,46.298],[1.437,46.273],[1.404,46.26],[1.418,46.242],[1.394,46.239],[1.375,46.218],[1.407,46.183],[1.452,46.181],[1.452,46.153],[1.504,46.131],[1.488,46.105],[1.501,46.096],[1.513,46.094],[1.526,46.089],[1.537,46.053],[1.535,46.051],[1.538,45.997],[1.564,45.997],[1.574,45.986],[1.574,45.976],[1.564,45.963],[1.519,45.951],[1.509,45.94],[1.547,45.917],[1.605,45.933],[1.637,45.926],[1.642,45.896],[1.642,45.893],[1.591,45.883],[1.602,45.857],[1.628,45.848],[1.653,45.846],[1.66,45.834],[1.74,45.851],[1.756,45.856],[1.771,45.869],[1.776,45.833],[1.829,45.81],[1.834,45.826],[1.856,45.807],[1.881,45.798],[1.902,45.77],[1.874,45.756],[1.886,45.745],[1.874,45.732],[1.892,45.719],[1.881,45.709],[1.899,45.698],[1.875,45.665],[1.826,45.665],[1.823,45.672],[1.786,45.683],[1.764,45.655],[1.754,45.655],[1.729,45.639],[1.696,45.634],[1.665,45.612],[1.649,45.591],[1.622,45.577],[1.593,45.575],[1.585,45.556],[1.547,45.554],[1.492,45.549],[1.492,45.561],[1.48,45.566],[1.439,45.52],[1.42,45.531],[1.391,45.507],[1.389,45.496],[1.366,45.488],[1.35,45.467],[1.285,45.49],[1.279,45.477],[1.269,45.476],[1.253,45.444],[1.208,45.463],[1.185,45.455],[1.162,45.478],[1.13,45.473],[1.119,45.488],[1.168,45.525],[1.132,45.541],[1.107,45.545],[1.085,45.531],[1.062,45.555],[1.061,45.554],[1.038,45.57],[1.023,45.61],[0.989,45.608],[0.976,45.605],[0.934,45.612],[0.894,45.601],[0.869,45.624],[0.86,45.613],[0.849,45.593],[0.811,45.576],[0.802,45.596],[0.779,45.591],[0.751,45.617],[0.763,45.629],[0.776,45.668],[0.774,45.668],[0.743,45.69],[0.721,45.696],[0.681,45.688],[0.654,45.689],[0.629,45.715],[0.648,45.73],[0.665,45.74],[0.666,45.748],[0.695,45.762],[0.712,45.763],[0.71,45.802],[0.761,45.798],[0.77,45.789],[0.784,45.793],[0.781,45.821],[0.821,45.867],[0.807,45.87],[0.827,45.883],[0.816,45.917],[0.812,45.931],[0.877,45.921],[0.921,45.938],[0.923,45.946],[0.943,45.958],[0.935,45.976],[0.935,45.993],[0.91,46.018],[0.894,46.023],[0.886,46.032],[0.864,46.016],[0.845,46.036],[0.818,46.048],[0.827,46.086],[0.827,46.088],[0.823,46.129],[0.84,46.134],[0.838,46.166],[0.828,46.172],[0.8,46.202],[0.794,46.214],[0.841,46.24],[0.861,46.262],[0.891,46.269],[0.902,46.284],[0.933,46.289],[1.004,46.28],[1.006,46.281],[1.007,46.303],[1.028,46.323],[1.027,46.343],[1.05,46.363],[1.078,46.358],[1.13,46.359],[1.157,46.389],[1.177,46.384],[1.193,46.377],[1.213,46.388],[1.238,46.366],[1.28,46.377],[1.283,46.372],[1.313,46.394],[1.345,46.402],[1.362,46.396],[1.376,46.384],[1.397,46.372],[1.416,46.347],[1.41,46.342],[1.446,46.331],[1.442,46.302],[1.425,46.298]]]}},{"type":"Feature","properties":{"district":"Vosges","constituency_code":"FR2007-DPT-88","electorate_type":"Department"},"geometry":{"type":"Polygon","coordinates":[[[5.846,47.976],[5.84,47.968],[5.805,47.947],[5.778,47.978],[5.794,47.991],[5.786,48.004],[5.776,48.022],[5.777,48.034],[5.721,48.052],[5.721,48.053],[5.696,48.078],[5.658,48.086],[5.649,48.105],[5.672,48.109],[5.657,48.121],[5.663,48.129],[5.677,48.136],[5.685,48.151],[5.684,48.158],[5.682,48.175],[5.697,48.189],[5.731,48.19],[5.73,48.198],[5.724,48.203],[5.711,48.22],[5.688,48.234],[5.676,48.229],[5.641,48.242],[5.65,48.255],[5.654,48.269],[5.612,48.292],[5.588,48.274],[5.534,48.325],[5.527,48.347],[5.474,48.355],[5.426,48.331],[5.419,48.361],[5.443,48.379],[5.394,48.392],[5.41,48.393],[5.47,48.421],[5.514,48.411],[5.516,48.431],[5.561,48.441],[5.567,48.434],[5.577,48.432],[5.615,48.441],[5.627,48.449],[5.649,48.455],[5.642,48.472],[5.644,48.472],[5.69,48.468],[5.695,48.463],[5.74,48.466],[5.742,48.474],[5.746,48.476],[5.765,48.497],[5.779,48.487],[5.787,48.483],[5.811,48.498],[5.836,48.501],[5.838,48.505],[5.866,48.504],[5.907,48.495],[5.899,48.485],[5.904,48.483],[5.885,48.438],[5.884,48.436],[5.859,48.416],[5.855,48.409],[5.87,48.406],[5.895,48.405],[5.898,48.436],[5.931,48.434],[5.908,48.417],[5.92,48.401],[5.928,48.394],[5.941,48.401],[5.95,48.397],[5.955,48.387],[5.945,48.376],[5.957,48.367],[5.956,48.357],[5.965,48.35],[5.993,48.354],[6.02,48.361],[6.025,48.357],[6.047,48.366],[6.061,48.36],[6.071,48.36],[6.08,48.364],[6.077,48.38],[6.091,48.382],[6.094,48.364],[6.117,48.354],[6.125,48.367],[6.133,48.363],[6.152,48.382],[6.147,48.408],[6.149,48.408],[6.181,48.411],[6.178,48.398],[6.2,48.398],[6.202,48.399],[6.232,48.4],[6.233,48.397],[6.26,48.406],[6.27,48.426],[6.303,48.428],[6.307,48.412],[6.336,48.405],[6.354,48.404],[6.362,48.407],[6.364,48.408],[6.384,48.4],[6.384,48.395],[6.401,48.395],[6.448,48.415],[6.471,48.409],[6.487,48.416],[6.502,48.415],[6.518,48.424],[6.534,48.432],[6.544,48.428],[6.579,48.416],[6.584,48.417],[6.567,48.441],[6.594,48.462],[6.597,48.467],[6.635,48.471],[6.645,48.429],[6.669,48.426],[6.679,48.422],[6.683,48.425],[6.7,48.413],[6.739,48.412],[6.78,48.402],[6.815,48.395],[6.828,48.416],[6.855,48.433],[6.894,48.419],[6.918,48.435],[6.921,48.439],[6.965,48.472],[6.982,48.478],[7.029,48.492],[7.054,48.498],[7.077,48.507],[7.084,48.508],[7.123,48.514],[7.094,48.506],[7.094,48.489],[7.119,48.484],[7.106,48.444],[7.108,48.44],[7.109,48.439],[7.096,48.427],[7.096,48.405],[7.085,48.398],[7.093,48.394],[7.107,48.376],[7.101,48.374],[7.086,48.36],[7.076,48.353],[7.106,48.344],[7.141,48.332],[7.148,48.333],[7.17,48.342],[7.198,48.31],[7.194,48.302],[7.172,48.297],[7.159,48.268],[7.158,48.268],[7.133,48.243],[7.126,48.225],[7.105,48.201],[7.106,48.194],[7.083,48.177],[7.078,48.171],[7.058,48.138],[7.084,48.129],[7.077,48.109],[7.07,48.106],[7.052,48.083],[7.019,48.055],[7.01,48.043],[7.016,48.037],[6.982,48.01],[6.944,47.992],[6.944,47.98],[6.926,47.959],[6.924,47.952],[6.912,47.918],[6.918,47.898],[6.908,47.872],[6.919,47.858],[6.92,47.85],[6.897,47.835],[6.895,47.833],[6.846,47.823],[6.824,47.813],[6.792,47.83],[6.789,47.835],[6.785,47.85],[6.737,47.865],[6.735,47.865],[6.71,47.876],[6.704,47.881],[6.692,47.886],[6.687,47.888],[6.645,47.904],[6.613,47.936],[6.601,47.944],[6.558,47.923],[6.558,47.923],[6.542,47.903],[6.478,47.885],[6.432,47.944],[6.408,47.943],[6.365,47.963],[6.324,47.948],[6.277,47.954],[6.263,47.946],[6.251,47.939],[6.238,47.933],[6.214,47.93],[6.205,47.932],[6.208,47.943],[6.161,47.958],[6.155,47.965],[6.163,47.973],[6.153,47.996],[6.156,48.007],[6.131,48.024],[6.109,48.013],[6.086,48.013],[6.073,48.016],[6.041,48.004],[6.002,47.956],[5.971,47.957],[5.969,47.948],[5.948,47.936],[5.938,47.951],[5.96,47.967],[5.948,47.98],[5.927,47.974],[5.921,47.971],[5.918,47.947],[5.908,47.946],[5.885,47.926],[5.864,47.946],[5.854,47.966],[5.854,47.97],[5.846,47.976]]]}},{"type":"Feature","properties":{"district":"Yonne","constituency_code":"FR2007-DPT-89","electorate_type":"Department"},"geometry":{"type":"Polygon","coordinates":[[[4.227,47.679],[4.25,47.661],[4.227,47.641],[4.215,47.631],[4.216,47.601],[4.186,47.581],[4.187,47.57],[4.165,47.554],[4.146,47.54],[4.151,47.533],[4.142,47.526],[4.112,47.504],[4.116,47.498],[4.118,47.479],[4.121,47.478],[4.119,47.444],[4.099,47.43],[4.084,47.434],[4.084,47.42],[4.065,47.407],[4.107,47.377],[4.106,47.339],[4.077,47.341],[4.04,47.327],[4.002,47.311],[3.983,47.323],[3.974,47.331],[3.961,47.386],[3.909,47.382],[3.887,47.366],[3.871,47.367],[3.86,47.388],[3.893,47.411],[3.88,47.43],[3.852,47.436],[3.852,47.428],[3.828,47.382],[3.786,47.39],[3.775,47.406],[3.741,47.396],[3.715,47.407],[3.713,47.415],[3.684,47.434],[3.679,47.447],[3.677,47.447],[3.634,47.456],[3.629,47.455],[3.606,47.466],[3.583,47.461],[3.576,47.482],[3.576,47.483],[3.575,47.499],[3.542,47.514],[3.526,47.522],[3.498,47.561],[3.492,47.56],[3.495,47.522],[3.488,47.494],[3.458,47.5],[3.412,47.508],[3.405,47.509],[3.347,47.47],[3.34,47.481],[3.285,47.504],[3.276,47.491],[3.235,47.49],[3.204,47.523],[3.165,47.517],[3.123,47.539],[3.12,47.579],[3.112,47.584],[3.072,47.58],[3.031,47.561],[2.977,47.569],[2.936,47.599],[2.932,47.627],[2.936,47.636],[2.954,47.646],[2.941,47.658],[2.918,47.67],[2.926,47.682],[2.893,47.699],[2.884,47.702],[2.849,47.717],[2.849,47.726],[2.856,47.762],[2.913,47.769],[2.936,47.763],[2.98,47.783],[3.024,47.786],[3.024,47.813],[3.015,47.813],[3.029,47.835],[3.023,47.861],[2.995,47.867],[3.007,47.895],[3.031,47.908],[3.051,47.924],[3.105,47.947],[3.128,47.971],[3.127,47.991],[3.121,47.996],[3.1,48.019],[3.124,48.031],[3.124,48.031],[3.095,48.054],[3.05,48.072],[3.05,48.089],[3.043,48.093],[3.016,48.116],[3.023,48.136],[3.004,48.145],[2.964,48.153],[2.937,48.163],[2.935,48.179],[2.955,48.193],[2.971,48.194],[2.989,48.209],[3.013,48.222],[3.047,48.25],[3.025,48.276],[3.03,48.286],[3.027,48.301],[3.015,48.307],[3.043,48.332],[3.05,48.36],[3.066,48.358],[3.1,48.352],[3.103,48.349],[3.122,48.369],[3.14,48.373],[3.172,48.377],[3.185,48.368],[3.204,48.364],[3.214,48.367],[3.226,48.37],[3.251,48.365],[3.272,48.379],[3.283,48.382],[3.311,48.373],[3.33,48.372],[3.336,48.373],[3.357,48.379],[3.376,48.399],[3.415,48.39],[3.429,48.359],[3.471,48.375],[3.471,48.374],[3.475,48.369],[3.498,48.37],[3.545,48.334],[3.544,48.32],[3.564,48.321],[3.588,48.301],[3.588,48.28],[3.615,48.273],[3.615,48.273],[3.624,48.259],[3.605,48.23],[3.622,48.226],[3.575,48.189],[3.594,48.179],[3.641,48.185],[3.651,48.168],[3.668,48.139],[3.695,48.155],[3.745,48.168],[3.74,48.139],[3.769,48.133],[3.802,48.107],[3.806,48.101],[3.799,48.086],[3.826,48.064],[3.822,48.044],[3.832,48.036],[3.843,48.036],[3.871,48.003],[3.84,48.004],[3.85,47.984],[3.862,47.977],[3.886,48.0],[3.904,47.992],[3.915,47.976],[3.894,47.929],[3.896,47.929],[3.918,47.928],[3.926,47.935],[3.981,47.93],[3.986,47.931],[4.005,47.943],[4.025,47.929],[4.061,47.946],[4.093,47.941],[4.122,47.932],[4.142,47.937],[4.167,47.96],[4.185,47.94],[4.196,47.968],[4.226,47.972],[4.224,47.948],[4.266,47.924],[4.293,47.926],[4.313,47.905],[4.3,47.901],[4.274,47.897],[4.26,47.876],[4.265,47.848],[4.295,47.847],[4.325,47.847],[4.32,47.812],[4.34,47.8],[4.327,47.786],[4.335,47.774],[4.309,47.753],[4.293,47.733],[4.261,47.742],[4.24,47.718],[4.262,47.694],[4.284,47.683],[4.227,47.679]]]}},{"type":"Feature","properties":{"district":"Territoire de Belfort","constituency_code":"FR2007-DPT-90","electorate_type":"Department"},"geometry":{"type":"Polygon","coordinates":[[[7.038,47.693],[7.036,47.692],[7.039,47.688],[7.037,47.675],[7.041,47.672],[7.039,47.651],[7.019,47.651],[7.017,47.645],[7.011,47.63],[7.007,47.626],[7.005,47.62],[7.01,47.605],[7.009,47.6],[7.02,47.589],[7.025,47.593],[7.074,47.599],[7.074,47.599],[7.078,47.597],[7.085,47.593],[7.086,47.586],[7.089,47.584],[7.094,47.573],[7.108,47.559],[7.106,47.552],[7.119,47.548],[7.132,47.54],[7.133,47.54],[7.138,47.531],[7.142,47.525],[7.13,47.503],[7.097,47.495],[7.037,47.499],[7.025,47.504],[6.983,47.494],[6.988,47.473],[6.992,47.466],[6.97,47.447],[6.94,47.433],[6.935,47.447],[6.933,47.456],[6.907,47.473],[6.916,47.478],[6.907,47.495],[6.923,47.5],[6.943,47.485],[6.949,47.486],[6.945,47.513],[6.938,47.517],[6.935,47.518],[6.925,47.52],[6.907,47.527],[6.907,47.542],[6.89,47.55],[6.883,47.556],[6.86,47.548],[6.856,47.548],[6.831,47.546],[6.817,47.548],[6.807,47.563],[6.822,47.573],[6.821,47.574],[6.82,47.575],[6.791,47.596],[6.793,47.599],[6.789,47.605],[6.788,47.605],[6.781,47.625],[6.791,47.627],[6.79,47.648],[6.787,47.652],[6.779,47.676],[6.78,47.69],[6.77,47.703],[6.772,47.713],[6.76,47.739],[6.758,47.748],[6.775,47.767],[6.811,47.794],[6.824,47.813],[6.846,47.823],[6.865,47.785],[6.892,47.779],[6.902,47.777],[6.908,47.778],[6.922,47.772],[6.923,47.772],[6.999,47.746],[7.016,47.744],[7.021,47.735],[7.032,47.726],[7.038,47.722],[7.028,47.705],[7.038,47.693]]]}},{"type":"Feature","properties":{"district":"Essonne","constituency_code":"FR2007-DPT-91","electorate_type":"Department"},"geometry":{"type":"Polygon","coordinates":[[[2.182,48.313],[2.171,48.315],[2.169,48.313],[2.154,48.308],[2.162,48.303],[2.162,48.298],[2.11,48.297],[2.053,48.295],[2.051,48.29],[1.994,48.287],[1.962,48.303],[1.959,48.309],[1.982,48.328],[1.97,48.339],[1.988,48.364],[1.967,48.381],[1.977,48.4],[1.962,48.404],[1.93,48.404],[1.926,48.413],[1.943,48.441],[1.93,48.454],[1.922,48.458],[1.933,48.481],[1.934,48.496],[1.953,48.523],[1.968,48.526],[1.934,48.549],[1.963,48.561],[2.017,48.558],[2.036,48.589],[2.033,48.598],[2.055,48.608],[2.043,48.626],[2.042,48.627],[2.02,48.642],[2.012,48.654],[2.029,48.664],[2.038,48.68],[2.055,48.687],[2.066,48.687],[2.082,48.686],[2.097,48.694],[2.11,48.715],[2.108,48.718],[2.106,48.719],[2.106,48.719],[2.105,48.738],[2.135,48.738],[2.139,48.743],[2.19,48.754],[2.191,48.775],[2.227,48.776],[2.229,48.774],[2.233,48.766],[2.276,48.757],[2.275,48.741],[2.304,48.729],[2.321,48.749],[2.331,48.748],[2.354,48.739],[2.369,48.746],[2.37,48.728],[2.371,48.72],[2.411,48.726],[2.414,48.718],[2.435,48.724],[2.44,48.725],[2.443,48.721],[2.451,48.715],[2.473,48.728],[2.475,48.728],[2.485,48.729],[2.51,48.735],[2.519,48.713],[2.53,48.706],[2.527,48.705],[2.531,48.7],[2.544,48.699],[2.549,48.689],[2.572,48.692],[2.584,48.677],[2.548,48.672],[2.533,48.657],[2.548,48.65],[2.521,48.632],[2.542,48.609],[2.542,48.597],[2.518,48.583],[2.522,48.573],[2.531,48.574],[2.5,48.543],[2.498,48.517],[2.513,48.509],[2.512,48.495],[2.51,48.488],[2.506,48.461],[2.5,48.459],[2.498,48.457],[2.505,48.448],[2.504,48.43],[2.517,48.428],[2.547,48.402],[2.522,48.405],[2.474,48.39],[2.451,48.367],[2.43,48.362],[2.434,48.334],[2.392,48.336],[2.403,48.321],[2.358,48.309],[2.329,48.333],[2.317,48.332],[2.296,48.308],[2.269,48.315],[2.255,48.301],[2.245,48.298],[2.238,48.316],[2.246,48.33],[2.207,48.345],[2.182,48.313]]]}},{"type":"Feature","properties":{"district":"Hauts-de-Seine","constituency_code":"FR2007-DPT-92","electorate_type":"Department"},"geometry":{"type":"Polygon","coordinates":[[[2.32,48.771],[2.316,48.767],[2.321,48.749],[2.304,48.729],[2.275,48.741],[2.276,48.757],[2.233,48.766],[2.229,48.774],[2.227,48.776],[2.227,48.782],[2.203,48.798],[2.183,48.797],[2.177,48.814],[2.161,48.813],[2.151,48.819],[2.151,48.821],[2.148,48.828],[2.146,48.837],[2.16,48.848],[2.154,48.864],[2.15,48.871],[2.158,48.881],[2.169,48.896],[2.174,48.899],[2.2,48.909],[2.22,48.921],[2.231,48.928],[2.248,48.937],[2.291,48.951],[2.312,48.948],[2.329,48.945],[2.337,48.935],[2.328,48.923],[2.322,48.919],[2.32,48.916],[2.314,48.914],[2.32,48.9],[2.304,48.894],[2.284,48.886],[2.28,48.879],[2.246,48.876],[2.232,48.869],[2.226,48.859],[2.224,48.854],[2.263,48.834],[2.289,48.828],[2.301,48.825],[2.314,48.822],[2.332,48.817],[2.329,48.814],[2.319,48.81],[2.324,48.802],[2.319,48.788],[2.326,48.782],[2.32,48.771]]]}},{"type":"Feature","properties":{"district":"Seine-Saint-Denis","constituency_code":"FR2007-DPT-93","electorate_type":"Department"},"geometry":{"type":"Polygon","coordinates":[[[2.389,48.901],[2.37,48.902],[2.366,48.902],[2.352,48.901],[2.33,48.901],[2.32,48.9],[2.314,48.914],[2.32,48.916],[2.322,48.919],[2.328,48.923],[2.337,48.935],[2.329,48.945],[2.312,48.948],[2.291,48.951],[2.292,48.951],[2.288,48.958],[2.299,48.966],[2.313,48.962],[2.328,48.96],[2.333,48.955],[2.353,48.966],[2.366,48.974],[2.376,48.972],[2.382,48.971],[2.407,48.956],[2.419,48.958],[2.447,48.956],[2.456,48.956],[2.459,48.955],[2.496,48.973],[2.5,48.975],[2.502,48.979],[2.532,49.005],[2.553,49.01],[2.566,49.012],[2.576,49.0],[2.591,48.95],[2.596,48.939],[2.603,48.929],[2.593,48.925],[2.592,48.908],[2.591,48.907],[2.559,48.885],[2.568,48.866],[2.587,48.865],[2.574,48.853],[2.587,48.834],[2.596,48.814],[2.592,48.807],[2.569,48.818],[2.537,48.839],[2.516,48.851],[2.514,48.85],[2.5,48.856],[2.496,48.861],[2.482,48.861],[2.447,48.851],[2.419,48.849],[2.416,48.849],[2.415,48.855],[2.413,48.873],[2.411,48.878],[2.399,48.89],[2.389,48.901]]]}},{"type":"Feature","properties":{"district":"Val-de-Marne","constituency_code":"FR2007-DPT-94","electorate_type":"Department"},"geometry":{"type":"Polygon","coordinates":[[[2.435,48.724],[2.414,48.718],[2.411,48.726],[2.371,48.72],[2.37,48.728],[2.369,48.746],[2.354,48.739],[2.331,48.748],[2.321,48.749],[2.316,48.767],[2.32,48.771],[2.326,48.782],[2.319,48.788],[2.324,48.802],[2.319,48.81],[2.329,48.814],[2.332,48.817],[2.344,48.816],[2.356,48.816],[2.364,48.816],[2.39,48.826],[2.42,48.824],[2.461,48.818],[2.466,48.826],[2.467,48.839],[2.448,48.845],[2.428,48.842],[2.416,48.847],[2.416,48.849],[2.419,48.849],[2.447,48.851],[2.482,48.861],[2.496,48.861],[2.5,48.856],[2.514,48.85],[2.516,48.851],[2.537,48.839],[2.569,48.818],[2.592,48.807],[2.591,48.797],[2.592,48.771],[2.615,48.761],[2.597,48.761],[2.595,48.732],[2.568,48.709],[2.569,48.707],[2.574,48.701],[2.572,48.692],[2.549,48.689],[2.544,48.699],[2.531,48.7],[2.527,48.705],[2.53,48.706],[2.519,48.713],[2.51,48.735],[2.485,48.729],[2.475,48.728],[2.473,48.728],[2.451,48.715],[2.443,48.721],[2.44,48.725],[2.435,48.724]]]}},{"type":"Feature","properties":{"district":"Val-d'Oise","constituency_code":"FR2007-DPT-95","electorate_type":"Department"},"geometry":{"type":"Polygon","coordinates":[[[1.797,49.072],[1.794,49.059],[1.789,49.058],[1.759,49.063],[1.751,49.048],[1.735,49.049],[1.732,49.051],[1.723,49.045],[1.694,49.057],[1.687,49.072],[1.646,49.081],[1.62,49.074],[1.614,49.071],[1.609,49.078],[1.623,49.086],[1.627,49.105],[1.656,49.131],[1.664,49.154],[1.672,49.181],[1.671,49.19],[1.675,49.204],[1.704,49.232],[1.74,49.224],[1.716,49.203],[1.726,49.194],[1.742,49.18],[1.776,49.185],[1.777,49.185],[1.794,49.18],[1.797,49.185],[1.834,49.165],[1.849,49.171],[1.873,49.174],[1.876,49.175],[1.883,49.163],[1.934,49.174],[1.962,49.175],[1.974,49.184],[1.999,49.175],[2.022,49.189],[2.038,49.192],[2.038,49.192],[2.081,49.211],[2.095,49.19],[2.152,49.184],[2.158,49.173],[2.164,49.166],[2.176,49.176],[2.187,49.173],[2.22,49.18],[2.217,49.154],[2.241,49.152],[2.262,49.158],[2.286,49.16],[2.301,49.184],[2.31,49.185],[2.322,49.184],[2.359,49.147],[2.373,49.159],[2.391,49.149],[2.441,49.146],[2.439,49.142],[2.435,49.134],[2.461,49.137],[2.478,49.131],[2.499,49.122],[2.49,49.106],[2.531,49.099],[2.542,49.122],[2.56,49.098],[2.573,49.094],[2.58,49.09],[2.583,49.081],[2.59,49.08],[2.571,49.061],[2.595,49.047],[2.569,49.04],[2.535,49.024],[2.553,49.01],[2.532,49.005],[2.502,48.979],[2.5,48.975],[2.496,48.973],[2.459,48.955],[2.456,48.956],[2.447,48.956],[2.419,48.958],[2.407,48.956],[2.382,48.971],[2.376,48.972],[2.366,48.974],[2.353,48.966],[2.333,48.955],[2.328,48.96],[2.313,48.962],[2.299,48.966],[2.288,48.958],[2.292,48.951],[2.291,48.951],[2.248,48.937],[2.231,48.928],[2.22,48.921],[2.2,48.909],[2.199,48.919],[2.199,48.935],[2.206,48.941],[2.206,48.95],[2.173,48.953],[2.178,48.96],[2.178,48.964],[2.166,48.981],[2.127,48.989],[2.121,49.018],[2.085,49.015],[2.072,49.001],[2.064,49.008],[2.024,48.998],[2.007,49.008],[2.005,49.01],[1.992,49.021],[1.957,49.022],[1.955,49.025],[1.938,49.022],[1.912,49.041],[1.914,49.046],[1.908,49.048],[1.882,49.02],[1.861,49.014],[1.859,49.014],[1.851,49.033],[1.865,49.057],[1.841,49.065],[1.841,49.069],[1.823,49.076],[1.815,49.076],[1.797,49.072]]]}},{"type":"Feature","properties":{"district":"Guadeloupe (including Saint-Martin and Saint-Barthélemy)","constituency_code":"FR2007-DPT-ZA","electorate_type":"Overseas department / territory"},"geometry":{"type":"MultiPolygon","coordinates":[[[[-5.528795771391991,39.46939733513409],[-5.519929746873601,39.45994024231448],[-5.527022566488313,39.45225635439854],[-5.537070727609155,39.45698490080835],[-5.528795771391991,39.46939733513409]]],[[[-5.489785263511081,39.46939733513409],[-5.494513809920889,39.46289558382061],[-5.505744107644183,39.45994024231448],[-5.506335175945402,39.465850925326734],[-5.489785263511081,39.46939733513409]]],[[[-5.34320032480705,39.51727386753339],[-5.340836051602153,39.53264164336527],[-5.323695070866599,39.549191555799595],[-5.310691568239626,39.54860048749837],[-5.288230972793038,39.535596984871404],[-5.285275631286915,39.52613989205179],[-5.27108999205749,39.51431852602727],[-5.267543582250134,39.5060435698101],[-5.272863196961168,39.48831152077332],[-5.305963021829818,39.47057947173654],[-5.33137895878253,39.472943744941446],[-5.348519939518084,39.487720452472104],[-5.351475281024221,39.51195425282236],[-5.34320032480705,39.51727386753339]]],[[[-5.485647785402499,39.566923604836376],[-5.515792268765026,39.53855232637753],[-5.524658293283409,39.52732202865424],[-5.534706454404251,39.52850416525669],[-5.5518474351398055,39.519047072437075],[-5.56603307436923,39.51550066262972],[-5.571943757381483,39.529686301859144],[-5.579627645297421,39.53855232637753],[-5.592631147924386,39.55332903390817],[-5.595586489430524,39.566923604836376],[-5.607407855455044,39.583473517270704],[-5.605043582250133,39.60002342970502],[-5.609772128659941,39.60711624931973],[-5.608589992057489,39.627212571561415],[-5.614500675069749,39.65794812322517],[-5.616864948274653,39.68040871867174],[-5.626322041094269,39.69045687979259],[-5.628686314299173,39.705233587323235],[-5.625730972793043,39.733604865782084],[-5.604452513948907,39.756065461228665],[-5.583765123406003,39.75783866613234],[-5.574899098887613,39.746608368409056],[-5.562486664561874,39.74483516350537],[-5.5104726540539914,39.72237456805879],[-5.522294020078505,39.70818892882937],[-5.505744107644183,39.70405145072078],[-5.486238853703725,39.71646388504653],[-5.477434829356795,39.711181470438376],[-5.475737348934366,39.6980259971646],[-5.479146034089013,39.6951854262024],[-5.4767817608841085,39.69045687979259],[-5.497469151427019,39.685728333382784],[-5.501015561234375,39.66031239643007],[-5.496878083125793,39.64258034739329],[-5.488603126908629,39.61243586403077],[-5.482692443896369,39.60238770290992],[-5.485647785402499,39.566923604836376]]],[[[-5.204890342320191,39.73124059257718],[-5.187749361584636,39.73715127558944],[-5.162333424631925,39.753110119722535],[-5.153467400113534,39.74424409520415],[-5.183611883476054,39.727694182769824],[-5.203117137416513,39.721783499757564],[-5.204890342320191,39.73124059257718]]],[[[-5.442499799413007,39.756065461228665],[-5.451956892232623,39.776752851771576],[-5.462005053353465,39.77911712497648],[-5.4720532144743,39.80630626683287],[-5.469097872968177,39.81458122305003],[-5.431860569990938,39.84827211621992],[-5.414719589255391,39.84236143320766],[-5.394623267013706,39.82167404266474],[-5.391076857206357,39.81044374494145],[-5.387530447399001,39.799804515519384],[-5.391667925507576,39.77911712497648],[-5.389894720603898,39.76847789555441],[-5.374526944772029,39.74838157331273],[-5.349702076120543,39.74424409520415],[-5.3166022512518865,39.7341959340833],[-5.305963021829818,39.72710311446859],[-5.295914860708983,39.70877999713059],[-5.303007680323695,39.69814076770852],[-5.323695070866599,39.69104794809381],[-5.344382461409509,39.69045687979259],[-5.370980534964673,39.6839551284791],[-5.399942881724741,39.67095162585214],[-5.426540955279904,39.663267737936195],[-5.452547960533849,39.669178420948455],[-5.466142531462047,39.67568017226194],[-5.464369326558369,39.67568017226194],[-5.463778258257143,39.67627124056317],[-5.4767817608841085,39.69636756280485],[-5.4755996242816565,39.69695863110607],[-5.475737348934366,39.6980259971646],[-5.4755996242816565,39.69814076770852],[-5.4773728291853345,39.711144270335495],[-5.477434829356795,39.711181470438376],[-5.4779638974865605,39.715281748444085],[-5.468506804666944,39.7318316608784],[-5.467915736365718,39.74424409520415],[-5.442499799413007,39.756065461228665]]],[[[-6.215026069115289,40.66808385002026],[-6.238077732863097,40.656853552296965],[-6.255218713598644,40.677540942839876],[-6.239850937766775,40.67222132812884],[-6.2215278204287685,40.679314147743554],[-6.215026069115289,40.66808385002026]]],[[[-6.384662671567128,40.77861362234951],[-6.364566349325443,40.799301012892414],[-6.349198573493567,40.802256354398544],[-6.345652163686211,40.76206370991518],[-6.371659168940155,40.76679225632499],[-6.388209081374477,40.7579262318066],[-6.384662671567128,40.77861362234951]]]]}},{"type":"Feature","properties":{"district":"Martinique","constituency_code":"FR2007-DPT-ZB","electorate_type":"Overseas department / territory"},"geometry":{"type":"Polygon","coordinates":[[[-3.5312854053346783,39.49981512551638],[-3.5602854053346817,39.51481512551638],[-3.5582854053346793,39.53281512551638],[-3.5752854053346823,39.55781512551637],[-3.552285405334679,39.58481512551637],[-3.539285405334681,39.592815125516374],[-3.4792854053346787,39.57581512551637],[-3.4552854053346778,39.595815125516374],[-3.4802854053346834,39.60581512551637],[-3.488285405334679,39.62681512551637],[-3.4862854053346837,39.655815125516376],[-3.51528540533468,39.652815125516376],[-3.569285405334682,39.643815125516376],[-3.596285405334683,39.671815125516375],[-3.613285405334679,39.67681512551637],[-3.6322854053346845,39.69981512551637],[-3.6462854053346803,39.71881512551637],[-3.6632854053346833,39.75281512551638],[-3.657285405334683,39.77681512551638],[-3.6552854053346806,39.78881512551637],[-3.6922854053346796,39.82581512551637],[-3.7052854053346778,39.845815125516374],[-3.70128540533468,39.881815125516376],[-3.6822854053346816,39.905815125516376],[-3.644285405334678,39.92081512551638],[-3.603285405334681,39.91781512551638],[-3.5612854053346794,39.89581512551638],[-3.532285405334683,39.87681512551637],[-3.51828540533468,39.875815125516375],[-3.4972854053346794,39.85381512551638],[-3.45128540533468,39.80681512551637],[-3.441285405334682,39.78981512551638],[-3.410285405334683,39.805815125516375],[-3.367285405334684,39.81081512551637],[-3.3792854053346844,39.778815125516374],[-3.404285405334683,39.79481512551637],[-3.421285405334679,39.78681512551638],[-3.407285405334683,39.76081512551637],[-3.397285405334678,39.73781512551638],[-3.420285405334681,39.711815125516374],[-3.404285405334683,39.69481512551637],[-3.3912854053346777,39.708815125516374],[-3.3722854053346794,39.69381512551637],[-3.374285405334682,39.66481512551638],[-3.3282854053346824,39.628815125516375],[-3.333285405334678,39.616815125516375],[-3.305285405334679,39.583815125516374],[-3.316285405334682,39.555815125516375],[-3.302285405334679,39.54281512551638],[-3.302285405334679,39.51481512551638],[-3.3042854053346815,39.48081512551637],[-3.3282854053346824,39.46281512551637],[-3.336285405334678,39.44181512551637],[-3.363285405334679,39.448815125516376],[-3.364285405334684,39.470815125516374],[-3.3382854053346804,39.509815125516376],[-3.360285405334679,39.512815125516376],[-3.3852854053346775,39.500815125516375],[-3.3892854053346824,39.512815125516376],[-3.4122854053346785,39.506815125516376],[-3.447285405334682,39.51381512551637],[-3.4622854053346828,39.52981512551638],[-3.475285405334681,39.51181512551638],[-3.4972854053346794,39.524815125516376],[-3.5202854053346826,39.51681512551637],[-3.5312854053346783,39.49981512551638]]]}},{"type":"Feature","properties":{"district":"Guyane","constituency_code":"FR2007-DPT-ZC","electorate_type":"Overseas department / territory"},"geometry":{"type":"Polygon","coordinates":[[[-1.001868327618034,40.02005791363116],[-0.9981554563309061,40.021543062146016],[-0.9833039711823872,40.010404448284625],[-0.9747643672219937,39.99295395323512],[-0.96288317910318,39.983300487888584],[-0.9580564464299144,39.98627078491829],[-0.9458039711823929,39.97958761660146],[-0.9357792187071468,39.95285494333413],[-0.9231554563309103,39.929835141353934],[-0.9231554563309103,39.913127220561854],[-0.9201851593012051,39.89938959679948],[-0.9205564464299201,39.884166824522254],[-0.9146158523705097,39.8826816760074],[-0.9112742682120896,39.89307771561136],[-0.9131307038556642,39.93057771561136],[-0.9123881295982343,39.94839949778958],[-0.9142445652417948,39.972533161155916],[-0.9105316939546668,39.98441434927473],[-0.8960514959348629,39.9836717750173],[-0.8800861494002135,39.975132171056906],[-0.8644920899942719,39.95879553739354],[-0.860407931578429,39.945429200759875],[-0.857066347420016,39.91349850769057],[-0.8470415949447627,39.89753316115591],[-0.8488980305883373,39.889364844324234],[-0.8388732781130841,39.87896880472027],[-0.8292198127665458,39.87636979481928],[-0.8351604068259562,39.86300345818562],[-0.8292198127665458,39.84184009184899],[-0.8206802088061522,39.828845042344035],[-0.8062000107863483,39.8106519730371],[-0.8006307038556528,39.80396880472027],[-0.8039722880140729,39.79691434927473],[-0.8050861494002177,39.78094900274007],[-0.8117693177170437,39.75161731957176],[-0.8191950602912996,39.744934151254924],[-0.8451851593012023,39.73193910174997],[-0.8585514959348686,39.7182014779876],[-0.8581802088061536,39.703721279967795],[-0.8648633771229868,39.689612369076706],[-0.8737742682120953,39.679216329472744],[-0.8860267434596167,39.66956286412621],[-0.892709911776457,39.65842425026482],[-0.9016208028655583,39.65656781462126],[-0.9123881295982343,39.64505791363116],[-0.9083039711823915,39.63726088392819],[-0.9116455553408045,39.628349992839084],[-0.9231554563309103,39.627607418581654],[-0.9294673375190214,39.622038111650966],[-0.9368930800932844,39.59901830967077],[-0.9354079315784318,39.59307771561136],[-0.9465465454398156,39.580825240363836],[-0.955828723657639,39.56485989382918],[-0.9621406048457573,39.55297870571037],[-0.9717940701922956,39.5422113789777],[-0.9747643672219937,39.531815339373736],[-0.9847891196972469,39.51770642848265],[-1.0052099117764541,39.4816915769975],[-1.0096653573210048,39.472409398779675],[-1.026373278113084,39.44976088392819],[-1.0323138721724874,39.45347375521532],[-1.047907931578429,39.4441915769975],[-1.0519920899942719,39.434538111650966],[-1.0505069414794193,39.42636979481928],[-1.0616455553408102,39.42228563640344],[-1.0698138721724888,39.40594900274007],[-1.0675861494002135,39.39666682452225],[-1.0612742682120953,39.386642072047],[-1.0738980305883317,39.36659256709651],[-1.0772396147467518,39.35136979481928],[-1.0861505058358532,39.334661874027205],[-1.0842940701922927,39.322409398779676],[-1.0954326840536837,39.32055296313611],[-1.1047148622715,39.30458761660146],[-1.1169673375190214,39.27934009184899],[-1.1158534761328909,39.27228563640344],[-1.1277346642516974,39.24852326016582],[-1.132561396924963,39.2422113789777],[-1.1359029810833832,39.23107276511631],[-1.1459277335586293,39.22661731957176],[-1.1407297137566488,39.219934151254925],[-1.1351604068259533,39.20508266610641],[-1.1477841692021897,39.19208761660146],[-1.1444425850437767,39.182434151254924],[-1.1492693177170494,39.18057771561136],[-1.161521792964571,39.16535494333413],[-1.1685762484101119,39.165726230462845],[-1.168204961281397,39.15458761660146],[-1.1760019909843678,39.154216329472746],[-1.1834277335586236,39.13899355719552],[-1.1849128820734833,39.127854943334135],[-1.2031059513804152,39.12228563640344],[-1.2057049612814055,39.116716329472744],[-1.228353476132888,39.10706286412621],[-1.2380069414794193,39.10037969580938],[-1.2521158523705083,39.09703811165097],[-1.256571297915066,39.087013359175714],[-1.263625753360607,39.080701477987596],[-1.2751356543507129,39.05990939877967],[-1.306323773162589,39.05136979481928],[-1.309665357321002,39.0547113789777],[-1.3304574365289241,39.059538111650966],[-1.338254466231895,39.070305438383635],[-1.348650505835856,39.072904448284625],[-1.3887495157368477,39.06733514135394],[-1.3939475355388211,39.06362227006681],[-1.401744565241792,39.06733514135394],[-1.4084277335586322,39.05916682452225],[-1.4136257533606127,39.061394547294526],[-1.4043435751427893,39.07847375521532],[-1.395061396924966,39.087013359175714],[-1.4058287236576419,39.089241081947996],[-1.4073138721724874,39.0951816760074],[-1.4210514959348686,39.10223613145294],[-1.4284772385091244,39.11523118095789],[-1.437388129598233,39.11968662650245],[-1.4429574365289284,39.1182014779876],[-1.4488980305883317,39.105206428482646],[-1.4592940701922927,39.10223613145294],[-1.4637495157368434,39.095552963136114],[-1.4708039711823915,39.09629553739354],[-1.479343575142785,39.08478563640344],[-1.490482189004176,39.08627078491829],[-1.5138732781130884,39.08292920075988],[-1.518700010786354,39.08738464630443],[-1.5335514959348657,39.09258266610641],[-1.5547148622715028,39.09258266610641],[-1.553601000885358,39.09963712155195],[-1.5677099117764541,39.103349992839085],[-1.5814475355388282,39.10446385422522],[-1.5885019909843692,39.107805438383636],[-1.5803336741526905,39.114859893829184],[-1.5866455553408088,39.12599850769057],[-1.5951851593012023,39.12859751759156],[-1.606695060291301,39.12302821066086],[-1.6115217929645738,39.11560246808661],[-1.62080397118239,39.112260883928194],[-1.6126356543507043,39.10483514135393],[-1.6219178325685348,39.1011222700668],[-1.638625753360607,39.10372127996779],[-1.6393683276180369,39.09109751759156],[-1.6505069414794207,39.08627078491829],[-1.660160406825959,39.08515692353215],[-1.6571901097962538,39.07698860670047],[-1.659789119697244,39.071048012641064],[-1.6783534761328909,39.06659256709651],[-1.688006941479422,39.056939101749975],[-1.699145555340806,39.05842425026483],[-1.706200010786354,39.062137121551956],[-1.716596050390315,39.04097375521532],[-1.723650505835856,39.03280543838364],[-1.734789119697247,39.03094900274007],[-1.7444425850437781,39.036889596799476],[-1.7526109018754639,39.05248365620542],[-1.7652346642517003,39.04468662650245],[-1.7778584266279367,39.0461717750173],[-1.7812000107863568,39.04245890373017],[-1.797536644449714,39.04728563640344],[-1.80904654543982,39.04542920075988],[-1.8168435751427907,39.05582524036384],[-1.8168435751427907,39.067706428482644],[-1.8294673375190271,39.062137121551956],[-1.8487742682120896,39.064736131452946],[-1.8595415949447656,39.0691915769975],[-1.8662247632615987,39.075503458185615],[-1.8695663474200117,39.0836717750173],[-1.8810762484101176,39.085899497789576],[-1.8777346642516974,39.09258266610641],[-1.8836752583111078,39.110404448284626],[-1.9000118919744722,39.108548012641066],[-1.9055811989051605,39.114117319571754],[-1.9011257533606098,39.11968662650245],[-1.893700010786354,39.12042920075987],[-1.8714227830635792,39.114117319571754],[-1.8695663474200117,39.134166824522254],[-1.8625118919744708,39.141963854225224],[-1.858427733558635,39.15087474531433],[-1.8443188226675389,39.14864702254205],[-1.8380069414794207,39.15087474531433],[-1.819442585043781,39.17797870571037],[-1.8131307038556557,39.1816915769975],[-1.8094178325685348,39.198028210660866],[-1.8038485256378394,39.206939101749974],[-1.7964227830635835,39.22735989382918],[-1.784170307816055,39.23961236907671],[-1.780086149400212,39.257805438383635],[-1.7648633771229854,39.268944052245025],[-1.755581198905169,39.287508408680665],[-1.75929407019229,39.29753316115591],[-1.7511257533606042,39.299760883928194],[-1.7492693177170437,39.310156923532155],[-1.7544673375190243,39.31758266610641],[-1.7462990206873386,39.337260883928195],[-1.7474128820734833,39.35099850769057],[-1.7507544662318963,39.35953811165096],[-1.745185159301208,39.366221279967796],[-1.7544673375190243,39.38441434927473],[-1.7462990206873386,39.38924108194799],[-1.748526743459621,39.40594900274007],[-1.7604079315784347,39.40780543838364],[-1.7615217929645652,39.416345042344034],[-1.752239614746749,39.43676583442324],[-1.7470415949447684,39.43676583442324],[-1.7325613969249716,39.459043062146016],[-1.727363377122984,39.46127078491829],[-1.7191950602913053,39.47166682452225],[-1.7121406048457644,39.46869652749255],[-1.7069425850437767,39.48057771561136],[-1.7006307038556585,39.50359751759156],[-1.6902346642516974,39.51287969580938],[-1.688378228608137,39.530330190858884],[-1.685036644449717,39.53330048788859],[-1.6842940701922942,39.57191434927473],[-1.6768683276180312,39.57636979481928],[-1.6746406048457558,39.5856519730371],[-1.6839227830635792,39.600503458185614],[-1.692091099895265,39.59567672551235],[-1.7006307038556585,39.59567672551235],[-1.7006307038556585,39.601988606700466],[-1.7110267434596196,39.609043062146014],[-1.7143683276180397,39.616840091848985],[-1.7113980305883345,39.6231519730371],[-1.7188237731625904,39.63688959679948],[-1.7303336741526891,39.657310388878685],[-1.7444425850437781,39.65916682452225],[-1.7529821890041788,39.6576816760074],[-1.7566950602912996,39.66547870571037],[-1.7544673375190243,39.676246032443046],[-1.7689475355388282,39.67884504234404],[-1.7756307038556614,39.69406781462126],[-1.7867693177170452,39.70483514135393],[-1.7930811989051634,39.73008266610641],[-1.8031059513804095,39.738622270066806],[-1.808675258311105,39.7471618740272],[-1.8142445652418004,39.74864702254205],[-1.8094178325685348,39.76461236907671],[-1.80904654543982,39.77612227006681],[-1.8019920899942719,39.7816915769975],[-1.8019920899942719,39.78577573541334],[-1.8116455553408102,39.79431533937374],[-1.826125753360607,39.79877078491829],[-1.8294673375190271,39.80805296313611],[-1.8238980305883317,39.828845042344035],[-1.8283534761328823,39.844810388878685],[-1.8253831791031843,39.861518309670764],[-1.8287247632615973,39.86708761660146],[-1.840605951380411,39.870057913631165],[-1.840605951380411,39.88528068590839],[-1.8458039711823915,39.89307771561136],[-1.8424623870239785,39.90384504234403],[-1.8487742682120896,39.92686484432423],[-1.8450613969249687,39.933176725512354],[-1.8380069414794207,39.9346618740272],[-1.8346653573210077,39.9461717750173],[-1.836893080093283,39.95916682452225],[-1.8424623870239785,39.9691915769975],[-1.8409772385091188,39.98181533937374],[-1.836893080093283,39.9922113789777],[-1.8383782286081356,39.99778068590839],[-1.851373278113087,40.00037969580938],[-1.8550861494002149,40.00743415125493],[-1.8528584266279395,40.02228563640344],[-1.8554574365289298,40.03342425026482],[-1.8562000107863525,40.062013359175715],[-1.8599128820734805,40.06609751759156],[-1.8454326840536766,40.08503316115591],[-1.8465465454398142,40.096171775017304],[-1.8446901097962538,40.10879553739354],[-1.836521792964568,40.12624603244304],[-1.836521792964568,40.1336717750173],[-1.8201851593012037,40.14406781462126],[-1.8175861494002135,40.1537212799678],[-1.812016842469525,40.1566915769975],[-1.7971653573210062,40.1856519730371],[-1.7797148622714971,40.20533019085889],[-1.7663485256378308,40.21386979481928],[-1.7600366444497197,40.21498365620542],[-1.7388732781130827,40.23577573541334],[-1.724021792964571,40.259166824522254],[-1.7180811989051605,40.261765834423244],[-1.7151109018754553,40.2691915769975],[-1.7054574365289241,40.282929200759874],[-1.6902346642516974,40.295924250264825],[-1.685036644449717,40.3096618740272],[-1.6872643672219922,40.32265692353215],[-1.692091099895265,40.334538111650964],[-1.6868930800932773,40.34196385422522],[-1.6868930800932773,40.34901830967077],[-1.677610901875461,40.36832524036384],[-1.67055644642992,40.37686484432423],[-1.656447535538824,40.380949002740074],[-1.638625753360607,40.380206428482644],[-1.6167198127665543,40.3701816760074],[-1.6159772385091244,40.37240939877968],[-1.6152346642516946,40.374637121551956],[-1.5870168424695166,40.360899497789575],[-1.5673386246477392,40.344934151254925],[-1.5372643672219937,40.33008266610641],[-1.522041594944774,40.32711236907671],[-1.4845415949447656,40.31151830967077],[-1.4719178325685291,40.30929058689849],[-1.4414722880140758,40.298523260165815],[-1.4288485256378394,40.29703811165096],[-1.3939475355388211,40.285528210660864],[-1.359046545439817,40.2691915769975],[-1.3404821890041703,40.261765834423244],[-1.3363980305883345,40.26287969580938],[-1.327487139499219,40.269562864126215],[-1.310036644449717,40.26250840868067],[-1.267338624647742,40.23577573541334],[-1.2584277335586265,40.23206286412621],[-1.2517445652418004,40.22203811165096],[-1.24654654543982,40.22278068590839],[-1.239120802865564,40.21646880472027],[-1.2294673375190257,40.21052821066087],[-1.2057049612814055,40.18936484432423],[-1.1867693177170437,40.17711236907671],[-1.1767445652417976,40.165231180957896],[-1.1745168424695223,40.15817672551235],[-1.1518683276180397,40.13849850769057],[-1.132932684053678,40.12290444828463],[-1.1128831791031857,40.10916682452225],[-1.0965465454398142,40.095057913631166],[-1.079838624647742,40.07760741858166],[-1.075754466231892,40.06832524036383],[-1.065729713756646,40.071666824522254],[-1.0649871394992232,40.079463854225224],[-1.051249515736849,40.084661874027205],[-1.0434524860338783,40.07723613145294],[-1.037140604845753,40.070924250264824],[-1.0363980305883373,40.064612369076706],[-1.030086149400212,40.057557913631165],[-1.0345415949447627,40.0501321710569],[-1.0471653573210062,40.04679058689849],[-1.0493930800932816,40.037508408680665],[-1.0211752583111036,40.04382028986878],[-1.0066950602912996,40.03453811165096],[-1.001868327618034,40.02005791363116]]]}},{"type":"Feature","properties":{"district":"La Réunion","constituency_code":"FR2007-DPT-ZD","electorate_type":"Overseas department / territory"},"geometry":{"type":"Polygon","coordinates":[[[0.7898371855771202,39.580409907472784],[0.7888371855771155,39.58440990747279],[0.7618371855771144,39.60240990747278],[0.7488371855771163,39.631409907472786],[0.7548371855771165,39.67240990747278],[0.7388371855771183,39.69740990747279],[0.7218371855771153,39.723409907472785],[0.688837185577114,39.757409907472784],[0.6848371855771163,39.796409907472786],[0.7458371855771162,39.83540990747278],[0.7448371855771185,39.875409907472786],[0.7518371855771164,39.906409907472785],[0.7978371855771158,39.90540990747279],[0.8438371855771152,39.937409907472784],[0.8638371855771183,39.95140990747278],[0.918837185577118,39.961409907472785],[0.938837185577114,39.94840990747278],[0.96983718557712,39.95140990747278],[1.0188371855771194,39.93840990747279],[1.0428371855771204,39.93840990747279],[1.0968371855771153,39.92240990747278],[1.1338371855771143,39.90740990747278],[1.1498371855771197,39.88940990747278],[1.168837185577118,39.854409907472785],[1.168837185577118,39.82840990747279],[1.175837185577116,39.805409907472786],[1.1998371855771168,39.78240990747278],[1.2048371855771194,39.763409907472784],[1.2348371855771205,39.729409907472785],[1.2478371855771186,39.711409907472785],[1.2948371855771157,39.68840990747279],[1.3048371855771208,39.650409907472785],[1.276837185577115,39.60640990747278],[1.2718371855771196,39.58140990747279],[1.276837185577115,39.50240990747278],[1.2488371855771163,39.47140990747279],[1.1678371855771204,39.45740990747278],[1.1478371855771172,39.458409907472785],[1.1168371855771184,39.44440990747279],[1.077837185577117,39.446409907472784],[1.050837185577116,39.461409907472785],[1.0198371855771171,39.46040990747278],[1.0038371855771189,39.470409907472785],[0.9278371855771184,39.49240990747278],[0.8978371855771172,39.507409907472784],[0.871837185577121,39.53040990747279],[0.8588371855771157,39.540409907472785],[0.8068371855771161,39.552409907472786],[0.7898371855771202,39.580409907472784]]]}},{"type":"Feature","properties":{"district":"Mayotte","constituency_code":"FR2007-DPT-ZM","electorate_type":"Overseas department / territory"},"geometry":{"type":"MultiPolygon","coordinates":[[[[2.897501039582579,39.79772113967395],[2.907501039582577,39.81772113967396],[2.951501039582574,39.84672113967395],[2.981501039582575,39.818721139673954],[2.9865010395825777,39.78872113967395],[3.0015010395825783,39.79172113967395],[3.059501039582578,39.78972113967396],[3.0915010395825746,39.766721139673955],[3.090501039582577,39.73772113967395],[3.059501039582578,39.71072113967396],[3.053501039582578,39.69772113967396],[3.0445010395825776,39.680721139673956],[3.056501039582578,39.65772113967395],[3.077501039582579,39.647721139673955],[3.053501039582578,39.623721139673954],[3.025501039582579,39.57672113967396],[3.0475010395825777,39.53272113967395],[3.012501039582574,39.540721139673956],[3.0035010395825807,39.519721139673955],[2.9805010395825775,39.537721139673955],[2.9395010395825807,39.558721139673956],[2.9595010395825767,39.58872113967396],[2.938501039582576,39.59772113967395],[2.9335010395825805,39.62172113967395],[2.954501039582574,39.620721139673954],[2.961501039582579,39.59672113967395],[2.981501039582575,39.58572113967396],[3.0005010395825806,39.583721139673955],[3.008501039582576,39.60272113967395],[2.9875010395825754,39.63072113967395],[2.958501039582579,39.67572113967395],[2.9765010395825797,39.67972113967396],[2.9565010395825766,39.68572113967396],[2.955501039582579,39.717721139673955],[2.9575010395825743,39.741721139673956],[2.8985010395825768,39.77172113967396],[2.897501039582579,39.79772113967395]]],[[[3.130501039582576,39.748721139673954],[3.151501039582577,39.735721139673956],[3.134501039582581,39.714721139673955],[3.1265010395825783,39.726721139673955],[3.130501039582576,39.748721139673954]]]]}},{"type":"Feature","properties":{"district":"Nouvelle-Calédonie","constituency_code":"FR2007-DPT-ZN","electorate_type":"Overseas department / territory"},"geometry":{"type":"MultiPolygon","coordinates":[[[[1.305871179604594,37.19725226494013],[1.3035022390474467,37.194291089243706],[1.2946187119581793,37.18777650271157],[1.2916575362617664,37.20050955820619],[1.305871179604594,37.19725226494013]]],[[[1.2952109470974733,37.23100966787937],[1.2934342416796198,37.227456257043656],[1.2958031822367388,37.21383484884011],[1.288696360565325,37.21561155425796],[1.2866235375778388,37.21116979071333],[1.2792205983367637,37.216796024536535],[1.2706331888171292,37.21886884752403],[1.2620457792974946,37.23130578544901],[1.2561234279046687,37.235155313854364],[1.247239900815373,37.23663590170258],[1.237468021017179,37.23930095982936],[1.2356913155993254,37.246703899070425],[1.226511670940397,37.25381072074184],[1.2271039060796909,37.25825248428647],[1.2149630857243494,37.25529130859005],[1.212594145167202,37.25973307213469],[1.2185164965600563,37.26358260054004],[1.2111135573190097,37.26832048165432],[1.21644367357257,37.27365059790789],[1.224142730383278,37.27335448033824],[1.2247349655225435,37.27809236145252],[1.2152592032940106,37.27898071416145],[1.2037106180779347,37.28371859527573],[1.199861089672595,37.28164577228823],[1.2019339126600812,37.274538950616815],[1.1933465031404467,37.27157777492039],[1.1900892098743725,37.27424283304717],[1.1886086220261802,37.2828302425668],[1.177948389519031,37.27690789117395],[1.1702493327083516,37.2807574195793],[1.1622541583279826,37.28016518444002],[1.1483366325547877,37.28638365340251],[1.1498172204030084,37.28667977097216],[1.1430065163012273,37.28875259395965],[1.1284967553887668,37.29911670889714],[1.137676400047667,37.30563129542927],[1.1190209931601771,37.31273811710069],[1.1163559350334253,37.30829635355605],[1.1056957025262761,37.31066529411319],[1.0888170010566682,37.317475998214974],[1.0740111225745466,37.32221387932925],[1.068384888751325,37.32695176044353],[1.0663120657638387,37.33405858211495],[1.0710499468781336,37.339980933507796],[1.058020773813837,37.34116540378636],[1.0603897143709844,37.34619940247029],[1.0523945399906438,37.345311049761364],[1.0438071304710093,37.34827222545779],[1.0331468979638885,37.355379047129205],[1.0260400762924746,37.36781598505419],[1.0272245465710341,37.37699562971311],[1.0316663101156678,37.38084515811846],[1.0295934871281816,37.392689860904156],[1.0218944303174737,37.390617037916655],[1.0201177248996203,37.38439856895417],[1.0138992559371331,37.37640339457382],[1.0073846694049848,37.382621863536315],[1.0056079639871314,37.38972868520773],[1.0014623180121305,37.390024802777376],[0.9970205544674968,37.398019977157716],[0.989321497656789,37.392393743334516],[0.9828069111246691,37.40098115285414],[0.9810302057068157,37.387951979789875],[0.9751078543139613,37.385879156802375],[0.9703699731996949,37.390617037916655],[0.9742195016050346,37.405126798829144],[0.9635592690979138,37.40897632723449],[0.9579330352746922,37.41963655974162],[0.9505300960336172,37.4243744408559],[0.9481611554764982,37.43177738009696],[0.9395737459568636,37.43977255447731],[0.9422388040836438,37.448063846427296],[0.9484572730461309,37.44895219913623],[0.9469766851979102,37.458724078934424],[0.9496417433247188,37.460796901921924],[0.9407582162354515,37.45931631407371],[0.9389815108175696,37.47204936956834],[0.9321708067157886,37.47678725068262],[0.9274329256015221,37.47589889797369],[0.9209183390693738,37.46671925331477],[0.9161804579551074,37.46849595873263],[0.9144037525372539,37.47678725068262],[0.9046318727390599,37.47589889797369],[0.8981172862069116,37.48063677908797],[0.8972289334979848,37.491297011595094],[0.9022629321819124,37.49662712784866],[0.8933794050926167,37.5010688913933],[0.8951561105104986,37.50758347792544],[0.8898259942569098,37.51794759286292],[0.8850881131426434,37.520612650989705],[0.8821269374462304,37.51232135903971],[0.8770929387623028,37.516467005014704],[0.869393881951595,37.51439418202721],[0.8616948251408871,37.52416606182541],[0.8545880034694733,37.5226854739772],[0.848073416937325,37.525646649673625],[0.8350442438730852,37.53660299975039],[0.8303063627587903,37.54311758628253],[0.823791776226642,37.54489429170039],[0.8157966018463014,37.55673899448608],[0.8152043667070359,37.56443805129679],[0.8184616599730816,37.57332157838606],[0.7983256652373996,37.588423574437826],[0.7876654327302788,37.60086051236281],[0.7870731975909848,37.60796733403423],[0.7814469637677917,37.6168508611235],[0.7639760271588898,37.62573438821278],[0.7545002649303285,37.63698685585919],[0.7470973256892535,37.643501442391326],[0.7408788567267663,37.6621568492788],[0.7305147417892783,37.668967553380575],[0.7293302715107188,37.67488990477342],[0.7405827391571336,37.67044814122879],[0.7473934432588862,37.67311319935557],[0.7476895608285474,37.67311319935557],[0.7476895608285474,37.673409316925216],[0.7473934432588862,37.68791907783769],[0.7405827391571336,37.6956181346484],[0.7337720350553525,37.70005989819303],[0.7177816862946429,37.701836603610886],[0.7207428619910843,37.709239542851954],[0.7050486308000359,37.698875427914466],[0.7041602780911091,37.70420554416803],[0.6932039280143272,37.714569659105514],[0.7029758078125212,37.72078812806801],[0.7148205105982299,37.719307540219795],[0.7124515700410825,37.73056000786621],[0.7133399227500377,37.73855518224656],[0.7091942767750083,37.74743870933583],[0.7059369835089626,37.74832706204476],[0.6976456915589608,37.76313294052688],[0.7023835726732557,37.764613528375094],[0.7213350971303498,37.741516357942984],[0.7311069769285723,37.73618624168942],[0.7408788567267663,37.72463765647336],[0.7438400324231793,37.71841918751087],[0.7559808527785208,37.71249683611802],[0.7586459109053294,37.70864730771267],[0.7716750839695692,37.70005989819303],[0.7746362596660106,37.703909426598386],[0.7841120218945719,37.69828319277518],[0.7811508461981589,37.69206472381269],[0.7891460205784995,37.69058413596448],[0.7977334300981056,37.68288507915377],[0.7989179003766935,37.683773431862704],[0.7992140179463263,37.68347731429306],[0.7992140179463263,37.68851131297698],[0.7912188435659857,37.69295307652162],[0.7918110787052797,37.6976909576359],[0.7835197867552779,37.712200718548374],[0.7841120218945719,37.71812306994123],[0.7900343732874262,37.719011422650155],[0.8015829585034737,37.712200718548374],[0.8157966018463014,37.71042401313052],[0.8178694248338161,37.70598224958589],[0.8273451870623774,37.70509389687696],[0.8510345926337664,37.69058413596448],[0.8640637656980346,37.6781471980395],[0.868801646812301,37.66807920067165],[0.8847919955730106,37.661564614139515],[0.8924910523837184,37.653865557328814],[0.9001901091944262,37.64942379378417],[0.9093697538533263,37.64735097079668],[0.9182532809425936,37.6405402666949],[0.9229911620568885,37.63284120988419],[0.9300979837283023,37.6245499179342],[0.9354280999818627,37.62158874223778],[0.9466805676282775,37.60322945291995],[0.9534912717300585,37.60204498264138],[0.9665204447943267,37.59434592583068],[0.9736272664657406,37.58398181089319],[0.9792535002889622,37.58664686901997],[0.9848797341121553,37.58457404603247],[0.996724436897864,37.57509828380391],[0.9970205544674968,37.57509828380391],[0.9982050247460847,37.57509828380391],[0.9982050247460847,37.57539440137356],[0.9982050247460847,37.575690518943205],[1.006200199126397,37.570952637828924],[1.02396725330496,37.56443805129679],[1.047656658876349,37.56236522830929],[1.0672004184727655,37.55288946608073],[1.065423713054912,37.535714647041466],[1.0621664197888379,37.52653500238255],[1.0674965360424267,37.531272883496825],[1.0888170010566682,37.51054465362186],[1.0997733511334218,37.51113688876114],[1.1119141714887633,37.507879595495076],[1.1068801728048356,37.488335835898674],[1.0968121754370088,37.48655913048081],[1.1053995849566434,37.48744748318975],[1.1086568782227175,37.48448630749332],[1.1101374660709098,37.47382607498619],[1.1222782864262513,37.46168525463085],[1.1320501662244737,37.458427961364784],[1.1329385189334005,37.45132113969336],[1.1453754568583747,37.45339396268086],[1.1515939258208618,37.45072890455408],[1.1625502758976438,37.44125314232552],[1.1699532151387189,37.438291966629095],[1.1669920394422775,37.430592909818394],[1.1678803921512042,37.422893853007686],[1.174987213822618,37.412825855639845],[1.1886086220261802,37.40719962181664],[1.1942348558494018,37.40749573938628],[1.2001572072422277,37.40246174070236],[1.2143708505850555,37.403350093411284],[1.22295826010469,37.3909131554863],[1.2383563737261056,37.37610727700418],[1.2475360183850341,37.38676750951131],[1.250497194081447,37.38676750951131],[1.2623418968671558,37.36900045533276],[1.269152600968937,37.362189751230986],[1.2620457792974946,37.35389845928099],[1.2724098942349826,37.34916057816672],[1.2738904820832033,37.33909258079887],[1.2839584794510586,37.34412657948279],[1.281885656463544,37.35360234171135],[1.27477883479213,37.35715575254706],[1.2759633050706896,37.36130139852206],[1.271817659095717,37.37077716075061],[1.2780361280582042,37.370184925611326],[1.2848468321599853,37.36130139852206],[1.3023177687688872,37.347679990318504],[1.3061672971742269,37.33938869836851],[1.3209731756563485,37.33938869836851],[1.3292644676063503,37.33139352398817],[1.3366674068474254,37.32428670231675],[1.3437742285188392,37.32132552662032],[1.3505849326206203,37.31362646980962],[1.3698325746473756,37.30355847244178],[1.3813811598634231,37.299708944036425],[1.3875996288259103,37.28964094666858],[1.3961870383455448,37.28431083041501],[1.4068472708526656,37.284606947984656],[1.4118812695365932,37.277500126313235],[1.423133737183008,37.270097187072174],[1.4249104426008614,37.26150977755255],[1.4406046737919098,37.249368957197206],[1.4485998481722504,37.24107766524722],[1.4524493765776185,37.232194138157936],[1.4672552550597402,37.224198963777596],[1.4693280780472264,37.21916496509367],[1.481765015972229,37.212650378561534],[1.485318426807936,37.21827661238474],[1.4983475998722042,37.2082086150169],[1.5004204228596905,37.20139791091512],[1.5087117148096922,37.1984367352187],[1.5101923026578845,37.191626031116925],[1.5196680648864458,37.19132991354728],[1.539507942052495,37.18629591486336],[1.5614206422060306,37.171193918811596],[1.5661585233203255,37.16615992012767],[1.564381817902472,37.15253851192412],[1.5848139302077868,37.12648016579558],[1.5883673410434938,37.11374711030095],[1.5806682842328144,37.09449946827419],[1.5738575801310049,37.09124217500813],[1.5593478192185444,37.078805237083145],[1.5501681745596443,37.08768876417241],[1.543061352888202,37.099533466958114],[1.5306244149632278,37.096572291261694],[1.5255904162793001,37.09301888042598],[1.5247020635703734,37.08531982361528],[1.5170030067596656,37.07998970736171],[1.5013087755686172,37.08531982361528],[1.5060466566828836,37.09213052771705],[1.4930174836186438,37.096572291261694],[1.487687367365055,37.104567465642035],[1.4788038402757877,37.10812087647775],[1.4719931361740066,37.11463546300988],[1.4631096090847393,37.109009229186675],[1.4503765535901039,37.11848499141523],[1.4545221995651048,37.12529569551701],[1.4414930265008365,37.12559181308666],[1.430536676424083,37.13003357663129],[1.4314250291329813,37.127072400934864],[1.4210609141954933,37.11226652245274],[1.4151385628026674,37.106936406199175],[1.413361857384814,37.12322287252951],[1.4154346803723001,37.13003357663129],[1.4213570317651545,37.129441341492004],[1.416026915511594,37.133883105036645],[1.4172113857901536,37.14483945511341],[1.4003326843205457,37.144543337543766],[1.3899685693830577,37.13506757531521],[1.3837501004205706,37.13773263344199],[1.3813811598634231,37.15046568893662],[1.3692403395080817,37.15253851192412],[1.3650946935330808,37.14543169025269],[1.3511771677598858,37.15401909977233],[1.3449586987973987,37.16260650929196],[1.337259641986691,37.16556768498839],[1.330152820315277,37.171193918811596],[1.3230459986438632,37.16615992012767],[1.3194925878081563,37.169713330963376],[1.3248227040617166,37.174451212077656],[1.3340023487206167,37.17297062422945],[1.332521760872396,37.184223091875864],[1.3443664636581047,37.18392697430622],[1.3298567027456443,37.19399497167406],[1.3334101135813512,37.19754838250977],[1.3354829365688374,37.20435908661155],[1.3046867093260062,37.222126140790095],[1.3055750620349613,37.23041743274008],[1.2952109470974733,37.23100966787937]]],[[[0.7432477972839138,37.7583950594126],[0.7470973256892535,37.76490964594473],[0.755684735208888,37.75750670670367],[0.7604226163231829,37.744477533639404],[0.7468012081196207,37.75128823774118],[0.7432477972839138,37.7583950594126]]],[[[0.6378299424911802,37.779419406857215],[0.6422717060358423,37.776754348730435],[0.6401988830483276,37.769647527059014],[0.6307231208197663,37.77349705546437],[0.6378299424911802,37.779419406857215]]],[[[0.6792864022411322,37.766982468932234],[0.6798786373804262,37.774385408173295],[0.6846165184946926,37.78267670012328],[0.6825436955072064,37.78800681637685],[0.687577694191134,37.777050466300075],[0.6923155753054004,37.77349705546437],[0.6828398130768392,37.76490964594473],[0.6792864022411322,37.766982468932234]]],[[[0.5883783083608876,37.885429496789214],[0.5960773651715954,37.88098773324458],[0.5963734827412281,37.87032750073745],[0.6043686571215972,37.86381291420532],[0.6049608922608627,37.85640997496426],[0.5963734827412281,37.85581773982497],[0.5904511313484022,37.86144397364818],[0.5833443096769884,37.880099380535654],[0.5883783083608876,37.885429496789214]]],[[[0.5717957244609124,37.91415290104454],[0.567057843346646,37.917410194310605],[0.5691306663341322,37.92303642813381],[0.5786064285626935,37.907342196942764],[0.5703151366126917,37.907934432082044],[0.5717957244609124,37.91415290104454]]],[[[1.74323682996652,36.9899699661904],[1.7310960096111785,36.991746671608254],[1.7379067137129596,37.00536807981181],[1.7464941232325941,36.99826125814039],[1.74323682996652,36.9899699661904]]],[[[1.7195474243951026,37.0352759543457],[1.728134833914737,37.02994583809213],[1.732872715029032,37.03083419080106],[1.7349455380165182,37.023727369129645],[1.7435329475361527,37.01928560558501],[1.746790240802227,37.013659371761804],[1.742644594827226,37.0095137257868],[1.7349455380165182,37.014251606901084],[1.7364261258647389,37.00299913925467],[1.7275425987754716,36.995892317583255],[1.71540177842013,36.998557375710035],[1.7059260161915688,37.006256432520736],[1.707406604039761,37.021654546142145],[1.705037663482642,37.031130308370706],[1.71273672029335,37.036460424624266],[1.7195474243951026,37.0352759543457]]],[[[1.5249981811400062,37.06311100589209],[1.5161146540507389,37.05955759505638],[1.518187477038225,37.07762076680457],[1.5338817082292735,37.07791688437422],[1.5365467663560821,37.07288288569029],[1.5249981811400062,37.06311100589209]]],[[[1.9034364351430781,37.357451870116705],[1.9123199622323455,37.36307810393991],[1.9170578433466403,37.35982081067384],[1.9123199622323455,37.34827222545779],[1.9114316095234472,37.33080128884888],[1.9093587865359325,37.317475998214974],[1.9120238446627127,37.30622353056856],[1.893664555344884,37.302374002163205],[1.8886305566609565,37.29674776834],[1.8726402079002753,37.29704388590964],[1.8652372686592003,37.299708944036425],[1.8613877402538606,37.305039060289985],[1.863756680811008,37.30918470626498],[1.8504313901770786,37.315107057657826],[1.8374022171128104,37.314810940088186],[1.8374022171128104,37.32162164418996],[1.841843980657444,37.32872846586139],[1.8344410414163974,37.3358352875328],[1.827926454884249,37.34945669573636],[1.8299992778717638,37.35715575254706],[1.8261497494663956,37.367223749914906],[1.8205235156432025,37.37166551345954],[1.8184506926556878,37.378476217561314],[1.8305915130110293,37.380549040548814],[1.8400672752395906,37.3734422188774],[1.8456935090628122,37.372553866168474],[1.8477663320502984,37.378476217561314],[1.8655333862288614,37.383214098675595],[1.863756680811008,37.37699562971311],[1.8696790322038623,37.36574316206669],[1.8773780890145417,37.35626739983813],[1.886261616103809,37.35360234171135],[1.8933684377752513,37.35715575254706],[1.9034364351430781,37.357451870116705]]],[[[1.8231885737699827,37.465830900605845],[1.827926454884249,37.458724078934424],[1.8246691616182034,37.4536900802505],[1.8166739872378344,37.46494254789692],[1.8231885737699827,37.465830900605845]]],[[[1.6005081613988352,37.5010688913933],[1.5969547505631283,37.50728736035579],[1.5895518113220533,37.50936018334329],[1.5848139302077868,37.516170887445064],[1.5951780451452748,37.51794759286292],[1.6031732195256154,37.512913594179],[1.6182752155773983,37.51942818071113],[1.623309214261326,37.52949617807897],[1.6301199183630786,37.53423405919325],[1.6348577994773734,37.54667099711824],[1.6321927413505932,37.553185583650375],[1.6247898021095182,37.556442876916435],[1.6170907452988104,37.55555452420751],[1.6102800411970577,37.56147687560036],[1.5931052221577886,37.55673899448608],[1.5901440464613472,37.560588522891436],[1.5931052221577886,37.570952637828924],[1.5999159262595697,37.575690518943205],[1.6126489817541767,37.57746722436106],[1.6218286264131052,37.57332157838606],[1.6298238007934458,37.57717110679141],[1.629527683223813,37.583685693323545],[1.643445208997008,37.58664686901997],[1.6549937942130555,37.58190898790569],[1.6632850861630573,37.57272934324678],[1.6709841429737367,37.56828757970214],[1.66358120373269,37.56206911073964],[1.6621006158844693,37.54489429170039],[1.6674307321380297,37.528607825370045],[1.6585472050487624,37.51794759286292],[1.667134614568397,37.51735535772363],[1.676314259227297,37.51054465362186],[1.6851977863165928,37.50995241848257],[1.6934890782665661,37.50491841979865],[1.6955619012540808,37.49781159812723],[1.6943774309755213,37.48744748318975],[1.7035570756344214,37.4815251317969],[1.707998839179055,37.48211736693618],[1.717770718977249,37.47382607498619],[1.7026687229254946,37.463461960048704],[1.704149310773687,37.44332596531302],[1.694673548545154,37.437699731489815],[1.6819404930505186,37.437699731489815],[1.6721686132523246,37.45220949240229],[1.6603239104666159,37.45635513837729],[1.6591394401880564,37.46494254789692],[1.6455180319844942,37.46494254789692],[1.623309214261326,37.46849595873263],[1.6085033357792042,37.48122901422725],[1.6079111006399103,37.48626301291118],[1.597843103272055,37.495442657570095],[1.6005081613988352,37.5010688913933]]],[[[1.4539299644258108,37.61388968542708],[1.4568911401222522,37.60944792188244],[1.4684397253382997,37.611224627300295],[1.4616290212365186,37.60086051236281],[1.453633846856178,37.58427792846283],[1.4343862048294227,37.578651694639625],[1.4302405588544218,37.583093458184266],[1.4379396156651296,37.58901580957711],[1.4459347900454702,37.59789933666639],[1.450672671159765,37.60767121646458],[1.4515610238686918,37.62277321251635],[1.454818317134766,37.634025680162765],[1.4607406685275919,37.643501442391326],[1.4616290212365186,37.653865557328814],[1.4562989049829582,37.661860731709154],[1.4488959657418832,37.6642296722663],[1.4503765535901039,37.668967553380575],[1.4654785496418867,37.671040376368076],[1.4705125483258144,37.66097237900023],[1.4799883105543472,37.654457792468094],[1.4826533686811558,37.64971991135381],[1.4660707847811523,37.648535441075246],[1.4574833752615177,37.636690738289545],[1.454818317134766,37.626326623352064],[1.4539299644258108,37.61388968542708]]]]}},{"type":"Feature","properties":{"district":"Polynésie française","constituency_code":"FR2007-DPT-ZP","electorate_type":"Overseas department / territory"},"geometry":{"type":"MultiPolygon","coordinates":[[[[-1.919479527831328,36.780681451137276],[-1.9209202962411496,36.78143613935194],[-1.919891175948436,36.782533867664185],[-1.9184504075386144,36.78150474737146],[-1.919479527831328,36.780681451137276]]],[[[-2.0409157223731995,36.817043701480316],[-2.0413273704902792,36.81505406891438],[-2.04544385166119,36.81395634060213],[-2.0472276601685735,36.816289013265646],[-2.046061323836824,36.81731813355837],[-2.042562314841547,36.81807282177304],[-2.0409157223731995,36.817043701480316]]],[[[-2.272056140119787,36.866647299589786],[-2.2709584118075554,36.86644147553124],[-2.271507275963671,36.86472627504336],[-2.2727422203149388,36.865069315140936],[-2.272056140119787,36.866647299589786]]],[[[-2.1701732311397564,36.87899674310252],[-2.1701732311397564,36.876115206282876],[-2.1714081754910524,36.87426278975597],[-2.172505903803284,36.87597799024385],[-2.17230007974473,36.8775559746927],[-2.1732605920179537,36.8780362308293],[-2.1738780641935875,36.87975143131718],[-2.172231471725212,36.88036890349282],[-2.1701732311397564,36.87899674310252]]],[[[-2.034192136460689,37.215930726941515],[-2.031996679836226,37.213598054277995],[-2.031379207660592,37.21153981369254],[-2.0322025038947515,37.20845245281436],[-2.031310599641074,37.203306851350725],[-2.028497670840949,37.20255216313606],[-2.0265766462945294,37.20282659521412],[-2.0254103099627514,37.20214051501897],[-2.0223915571041005,37.201523042843334],[-2.019578628303975,37.1996020182969],[-2.019647236323493,37.19555414514551],[-2.0214996528503946,37.193084256442965],[-2.02355789343585,37.19301564842345],[-2.0258219580798595,37.193976160696664],[-2.027468550548207,37.194044768716175],[-2.0290465349970646,37.194936672969874],[-2.031173383602038,37.19699491355533],[-2.030830343504448,37.19781820978951],[-2.0332316241874935,37.202414947097026],[-2.0331630161679755,37.20289520323364],[-2.0338490963631273,37.20282659521412],[-2.035221256753431,37.20118000274576],[-2.037759753475484,37.200974178687204],[-2.039269129904824,37.20015088245303],[-2.042013450685431,37.199807842355455],[-2.0468160120514938,37.201523042843334],[-2.049491724812583,37.20200329897993],[-2.050452237085807,37.202483555116544],[-2.0510011012419227,37.20625699618988],[-2.0516871814370745,37.20769776459969],[-2.053059341827378,37.20975600518515],[-2.052853517768824,37.21215728586818],[-2.053333773905422,37.21387248635606],[-2.05340238192494,37.21469578259024],[-2.0506580611443326,37.215862118922004],[-2.048737036597913,37.21723427931231],[-2.0477765243247177,37.21737149535133],[-2.045306635622154,37.218126183566],[-2.0446891634465203,37.21888087178067],[-2.042082058704949,37.21840061564406],[-2.038583049709672,37.21785175148794],[-2.0366620251632526,37.21641098307812],[-2.034192136460689,37.215930726941515]]],[[[-2.1212557132254517,37.20810941271679],[-2.1220790094596396,37.206668644306966],[-2.1235197778694612,37.209001316970486],[-2.1226278736157553,37.20982461320467],[-2.1212557132254517,37.20810941271679]]],[[[-2.0672612018670122,37.21256893398527],[-2.0693880504719857,37.21366666229751],[-2.0727498434282268,37.21641098307812],[-2.0735731396624146,37.218126183566],[-2.0735045316428966,37.219429735936785],[-2.0705543868037353,37.2194983439563],[-2.068770578296352,37.219978600092915],[-2.0669181617694505,37.21977277603436],[-2.063899408910771,37.22073328830758],[-2.0630761126765833,37.21984138405388],[-2.0641052329693252,37.21730288733182],[-2.063968016930289,37.215999334961026],[-2.0649971372230027,37.21517603872685],[-2.0656146093986365,37.21332362219994],[-2.0672612018670122,37.21256893398527]]],[[[-2.1777887213059444,37.26045733160686],[-2.1786120175401322,37.258947955177526],[-2.180327218028026,37.259702643392195],[-2.1797097458523638,37.26114341180201],[-2.1811505142621854,37.26429938069971],[-2.1818365944573372,37.26745534959741],[-2.1813563383207395,37.27102296661219],[-2.1804644340670336,37.27225791096347],[-2.179229489715766,37.272326518982986],[-2.1777887213059444,37.27067992651462],[-2.175181616564373,37.26615179722662],[-2.172505903803284,37.26450520475825],[-2.172368687764248,37.26272139625086],[-2.1730547679593997,37.26203531605571],[-2.1764851689351588,37.26038872358734],[-2.1777887213059444,37.26045733160686]]],[[[-2.3497204182109783,37.26724952553886],[-2.3497890262304963,37.268141429792564],[-2.3504751064256197,37.26889611800723],[-2.3496518101914603,37.268278645831586],[-2.3495832021719423,37.26745534959741],[-2.3488971219767905,37.26608318920711],[-2.3490343380158265,37.26601458118759],[-2.3497204182109783,37.26724952553886]]],[[[-2.1469837205436306,37.26546571703147],[-2.149590825285202,37.26779838969499],[-2.149041961129086,37.26896472602674],[-2.146777896485105,37.270062454338984],[-2.145542952133809,37.26951359018287],[-2.1451999120362473,37.26779838969499],[-2.1469837205436306,37.26546571703147]]],[[[-2.1473267606412207,37.27397311145135],[-2.146366248367997,37.270748534534135],[-2.1480814488558906,37.27054271047559],[-2.1495222172657122,37.269033334046256],[-2.1512374177535776,37.269856630280444],[-2.1503455134998717,37.27273816710007],[-2.15075716161698,37.27363007135377],[-2.1473267606412207,37.27397311145135]]],[[[-2.1798469618914,37.28145138557851],[-2.1777887213059444,37.27959896905159],[-2.179366705754802,37.277334904407596],[-2.1789550576377223,37.275756919958745],[-2.179915569910918,37.275002231744075],[-2.1821796345549274,37.27541387986117],[-2.183551794945231,37.2764430001539],[-2.1854042114721324,37.27781516054419],[-2.1856786435502045,37.27939314499305],[-2.1845809152379445,37.28145138557851],[-2.183277362867159,37.28227468181268],[-2.1798469618914,37.28145138557851]]],[[[-2.1999491116093566,37.28844940356905],[-2.1992630314142048,37.289958779998386],[-2.197616438945829,37.28899826772517],[-2.197479222906793,37.28625394694457],[-2.1989885993361327,37.28645977100311],[-2.1999491116093566,37.28844940356905]]],[[[-1.9614676357746248,37.33201549596119],[-1.9611932036965527,37.33441677664422],[-1.959889651325767,37.33503424881985],[-1.9590663550915792,37.333250440312455],[-1.9572825465841959,37.332495752097785],[-1.957625586681786,37.33146663180506],[-1.9591349631110972,37.330574727551365],[-1.9614676357746248,37.33201549596119]]],[[[-1.9039741154209082,37.38175631010968],[-1.9028763871086767,37.380452757738894],[-1.9018472668159347,37.379629461504706],[-1.9006123224646672,37.3782573011144],[-1.8976621776255058,37.37661070864604],[-1.8977307856450238,37.37633627656798],[-1.9007495385037032,37.37812008507538],[-1.9020530908744888,37.379629461504706],[-1.9024647389915685,37.379629461504706],[-1.9036996833428361,37.381276053973075],[-1.9058265319478096,37.38271682238289],[-1.9064440041234434,37.382854038421925],[-1.9099430131187205,37.38559835920253],[-1.9107663093529084,37.3868333035538],[-1.9126187258798097,37.38841128800265],[-1.9140594942896314,37.3908811767052],[-1.9125501178602917,37.388685720080716],[-1.9104232692553467,37.38676469553429],[-1.9095999730211588,37.38566696722205],[-1.9069928682795876,37.38340290257804],[-1.9057579239282916,37.382991254460954],[-1.9039741154209082,37.38175631010968]]],[[[-1.690328742650678,36.527929507243385],[-1.6891624063189,36.526077090716484],[-1.6929358473922491,36.52381302607248],[-1.693896359665473,36.525185186462785],[-1.6933474955093288,36.52744925110679],[-1.690328742650678,36.527929507243385]]],[[[-1.5400771799124584,37.16920866565168],[-1.541106300205172,37.17140412227617],[-1.5415865563417697,37.172296026529864],[-1.54117490822469,37.17188437841278],[-1.5400085718929404,37.169483097729746],[-1.5387050195221548,37.167905113280895],[-1.5387736275416728,37.167767897241866],[-1.5400771799124584,37.16920866565168]]],[[[-1.454866019674597,37.17613807562272],[-1.4539741154209196,37.17490313127144],[-1.4541799394794452,37.17483452325193],[-1.454797411655079,37.17565781948611],[-1.4552776677917052,37.17661833175932],[-1.455620707889267,37.17757884403254],[-1.455963747986857,37.177990492149625],[-1.4574731244161967,37.17867657234478],[-1.4580219885723125,37.17915682848138],[-1.459325540943098,37.18039177283266],[-1.4587766767869823,37.18018594877411],[-1.4576789484747223,37.179088220461864],[-1.4568556522405345,37.17853935630575],[-1.455895139967339,37.178059100169136],[-1.4554834918502308,37.17764745205205],[-1.454866019674597,37.17613807562272]]],[[[-1.7771864953568866,37.22779991431764],[-1.7762259830836626,37.22738826620055],[-1.7765004151617347,37.2262905378883],[-1.778009791591046,37.228691818571335],[-1.7772551033763762,37.230201195000674],[-1.7771864953568866,37.22779991431764]]],[[[-1.6425775610681228,37.280010617168685],[-1.6433322492827642,37.28049087330529],[-1.6444985856145422,37.28179442567608],[-1.6459393540243639,37.282549113890745],[-1.6459393540243639,37.28275493794929],[-1.6447044096730679,37.28213746577366],[-1.6438125054193904,37.28145138557851],[-1.6433322492827642,37.280833913402866],[-1.6425775610681228,37.280216441227225],[-1.6399704563265232,37.279118712914986],[-1.63852968791673,37.27891288885644],[-1.6394902001899254,37.27884428083692],[-1.6399704563265232,37.27891288885644],[-1.6414112247363448,37.27946175301256],[-1.6423031289900507,37.280010617168685],[-1.6425775610681228,37.280010617168685]]],[[[-1.7758829429860725,37.31095283397002],[-1.7773923194154122,37.312805250496936],[-1.777941183571528,37.314040194848204],[-1.7785586557471902,37.31596121939464],[-1.7785586557471902,37.31692173166785],[-1.779038911883788,37.31822528403863],[-1.7803424642545735,37.31836250007767],[-1.783361217113253,37.31726477176542],[-1.7834984331522605,37.31747059582396],[-1.7802738562350555,37.31856832413621],[-1.779038911883788,37.31849971611669],[-1.7784900477276722,37.31740198780445],[-1.7782156156496,37.31541235523851],[-1.7773923194154122,37.31335411465305],[-1.7766376312007424,37.312119170301784],[-1.775745726947065,37.311227266048085],[-1.7754712948689928,37.30999232169681],[-1.7744421745762793,37.30669913676009],[-1.7742363505177252,37.30560140844784],[-1.7732758382445013,37.30347455984287],[-1.7738247024006455,37.30395481597948],[-1.773893310420135,37.304572288155114],[-1.774647998634805,37.30580723250639],[-1.774579390615287,37.30690496081863],[-1.7755399028885108,37.309512065560206],[-1.7758829429860725,37.31095283397002]]],[[[-1.8322101270080395,37.3121877783213],[-1.82994606236403,37.31390297880918],[-1.8280936458371286,37.31328550663354],[-1.826721485446825,37.31157030614566],[-1.826858701485861,37.30916902546263],[-1.8304949265201742,37.30896320140408],[-1.8314554387933697,37.31012953773585],[-1.8322101270080395,37.3121877783213]],[[-1.827681997720049,37.312119170301784],[-1.830014670383548,37.31335411465305],[-1.8312496147348156,37.31273664247742],[-1.8317298708714418,37.31109005000906],[-1.8303577104811382,37.309512065560206],[-1.8282308618761647,37.309649281599235],[-1.8274075656419768,37.31102144198954],[-1.827681997720049,37.312119170301784]]],[[[-1.4014889804917914,37.32433139777548],[-1.4003912521795598,37.32419418173645],[-1.399773780003926,37.323851141638876],[-1.4001168201014877,37.32343949352179],[-1.400597076238114,37.323919749658394],[-1.4014889804917914,37.32433139777548]]],[[[-1.8463433790281556,37.37064181094823],[-1.8463433790281556,37.36974990669452],[-1.8465492030867097,37.36810331422616],[-1.8466864191257457,37.3678288821481],[-1.8464119870476736,37.3714651071824],[-1.8465492030867097,37.37249422747513],[-1.8469608512037894,37.37304309163125],[-1.8477155394184592,37.37345473974835],[-1.8470294592233074,37.37338613172883],[-1.8466178111062277,37.37304309163125],[-1.8462747710086376,37.37208257935804],[-1.846206162989148,37.371122067084826],[-1.8463433790281556,37.37064181094823]]],[[[-1.7535167286241347,37.412355486813446],[-1.7537911607022068,37.41208105473538],[-1.7539969847607608,37.41118915048169],[-1.7535167286241347,37.410777502364596],[-1.7527620404094648,37.41070889434508],[-1.753242296546091,37.41016003018896],[-1.7542714168388045,37.41105193444265],[-1.7541342007997685,37.41221827077442],[-1.7533795125850986,37.41317878304763],[-1.7527620404094648,37.41537423967212],[-1.7526934323899468,37.41681500808193],[-1.751938744175277,37.41784412837466],[-1.7511840559606355,37.41798134441369],[-1.7518015281362693,37.417638304316114],[-1.7524876083314211,37.416609184023386],[-1.7525562163509392,37.41523702363308],[-1.7528306484289828,37.4139334712623],[-1.7535167286241347,37.412355486813446]]],[[[-1.8091578324509499,37.429507491692235],[-1.8098439126461017,37.42847837139951],[-1.8101869527436634,37.4288900195166],[-1.8091578324509499,37.429507491692235]]],[[[-1.4750367774120718,37.44597341637588],[-1.474419305236438,37.446316456473454],[-1.4757228576072237,37.44713975270764],[-1.4766833698804191,37.44810026498085],[-1.477506666114607,37.44864912913697],[-1.4765461538414115,37.44830608903939],[-1.4753798175096335,37.44713975270764],[-1.474419305236438,37.44659088855151],[-1.474076265138848,37.44576759231734],[-1.474556521275474,37.445561768258784],[-1.4750367774120718,37.44597341637588]]],[[[-1.3986074436721765,37.778928135083],[-1.3970980672428368,37.77831066290736],[-1.3949712186378633,37.77638963836094],[-1.3960003389305768,37.7730278454047],[-1.3958631228915692,37.77138125293633],[-1.3971666752623548,37.770077700565544],[-1.3985388356526585,37.77048934868263],[-1.4004598601990779,37.772478981248575],[-1.4021750606869432,37.775017477970636],[-1.4021064526674536,37.77604659826336],[-1.3986074436721765,37.778928135083]]],[[[-1.410408023028765,37.81275188870398],[-1.410339415009247,37.81577064156265],[-1.4082811744237915,37.81673115383586],[-1.4043705173114347,37.816388113738284],[-1.4019692366284175,37.81474152126992],[-1.4009401163356756,37.81529038542604],[-1.3988818757502202,37.81405544107477],[-1.3970294592233188,37.81398683305525],[-1.3944223544817476,37.811242512274646],[-1.3940107063646394,37.809527311786766],[-1.396206162989131,37.80815515139646],[-1.3979899714965427,37.80760628724034],[-1.3984702276331404,37.80705742308422],[-1.4018320205893815,37.80664577496713],[-1.4060171097798104,37.804724750420704],[-1.4084869984823456,37.806988815064706],[-1.4091044706579794,37.81035060802095],[-1.410408023028765,37.81275188870398]]],[[[-1.4411444157715607,37.87271529776024],[-1.4391547832056233,37.872852513799266],[-1.4380570548933918,37.87381302607248],[-1.4372337586592039,37.87250947370169],[-1.4400466874593292,37.87093148925284],[-1.4410758077520427,37.868873248667384],[-1.4428596162594545,37.8689418566869],[-1.4425165761618644,37.871137313311394],[-1.4411444157715607,37.87271529776024]]],[[[-1.0501473125546283,36.83350962616396],[-1.0487065441448067,36.83357823418348],[-1.0482262880081805,36.83529343467136],[-1.047265775734985,36.83501900259329],[-1.0458936153446814,36.836528379022624],[-1.0464424795007972,36.83522482665184],[-1.0481576799886625,36.83378405824202],[-1.0483635040472166,36.832343289832195],[-1.0498728804765562,36.83261772191026],[-1.0501473125546283,36.83350962616396]]],[[[-1.3267062392202718,36.91803470620665],[-1.3266376312007537,36.91803470620665],[-1.3267748472397898,36.91796609818714],[-1.3267062392202718,36.91803470620665]]],[[[-1.3139451475904593,36.92352334776786],[-1.310857786712262,36.923180307670286],[-1.3103775305756642,36.92125928312386],[-1.311200826809852,36.92311169965077],[-1.3139451475904593,36.92352334776786]]],[[[-1.1555978385494257,36.95425974051066],[-1.1569013909202113,36.95419113249114],[-1.1566955668616856,36.95604354901805],[-1.1547745423152378,36.95604354901805],[-1.1555978385494257,36.95425974051066]]],[[[-1.294872118165216,36.994258215887996],[-1.294872118165216,36.99466986400509],[-1.2942546459895823,36.99453264796606],[-1.294872118165216,36.994258215887996]]],[[[-1.3389184666939684,37.09099552340439],[-1.3390556827330045,37.091064131423906],[-1.3386440346158963,37.091475779541],[-1.3382323864988166,37.09257350785324],[-1.3385068185768887,37.09305376398984],[-1.3393301148110481,37.093534020126455],[-1.3387812506549324,37.09339680408742],[-1.3382323864988166,37.092916547950814],[-1.3381637784792986,37.09264211587275],[-1.3386440346158963,37.091338563501964],[-1.3389184666939684,37.09099552340439]]],[[[-1.1426995308805772,37.14896929989471],[-1.1413273704902736,37.14828321969956],[-1.1396807780219262,37.146979667328765],[-1.139063305846264,37.14636219515313],[-1.1387888737682204,37.14553889891895],[-1.1396807780219262,37.145058642782345],[-1.139131913865782,37.146019155055555],[-1.140023818119488,37.1471168833678],[-1.1416018025683456,37.14835182771907],[-1.143385611075729,37.149175123953256],[-1.1448263794855507,37.15054728434356],[-1.1463357559148903,37.151164756519194],[-1.147707916305194,37.151850836714345],[-1.1497661568906494,37.15294856502659],[-1.1489428606564616,37.152742740968044],[-1.146678796012452,37.15150779661677],[-1.1450322035441047,37.15082171642162],[-1.1446205554269966,37.15054728434356],[-1.1437972591928371,37.14965538008986],[-1.1426995308805772,37.14896929989471]]],[[[-1.280807474164618,37.23075005915679],[-1.2792294897157603,37.230887275195826],[-1.280601650106064,37.23054423509825],[-1.2838948350428154,37.23061284311776],[-1.2856786435501988,37.230201195000674],[-1.2857472515697168,37.230407019059214],[-1.2843750911794132,37.23075005915679],[-1.280807474164618,37.23075005915679]]],[[[-1.3131904593757895,37.40412252447163],[-1.3122299471025656,37.40432834853017],[-1.3121613390830476,37.40371087635454],[-1.3131904593757895,37.40412252447163]]],[[[-1.30337951258511,37.697490415918494],[-1.3023503922923965,37.69975448056249],[-1.3022131762533604,37.70229297728456],[-1.30337951258511,37.704282609850495],[-1.302419000311886,37.7047628659871],[-1.3013212719996545,37.70462564994807],[-1.2981653031019675,37.70194993718698],[-1.2979594790434135,37.699960304621044],[-1.2987827752776013,37.697696239977034],[-1.3012526639801365,37.69556939137207],[-1.30337951258511,37.697490415918494]]],[[[-1.3128474192781994,37.73666559506165],[-1.3120241230440115,37.73241189785172],[-1.3138079315514233,37.734470138437175],[-1.3128474192781994,37.73666559506165]]],[[[-1.329587776039915,37.73680281110069],[-1.3317146246448885,37.73474457051523],[-1.3323320968205223,37.73289215398832],[-1.333704257210826,37.73350962616396],[-1.333704257210826,37.73522482665184],[-1.33281235295712,37.7359795148665],[-1.33281235295712,37.73824357951051],[-1.3315088005863345,37.740644860193534],[-1.3314401925668164,37.74071346821305],[-1.329450560000879,37.74030182009596],[-1.3276667514934957,37.73906687574468],[-1.3273923194154236,37.737077243178746],[-1.329587776039915,37.73680281110069]]],[[[-1.3273923194154236,37.7468195819499],[-1.329519168020397,37.74373222107172],[-1.3313715845472984,37.743869437110746],[-1.3340472973083877,37.7454474215596],[-1.335968321854807,37.74894643055487],[-1.3348705935425755,37.75018137490615],[-1.3306855043521466,37.7513477112379],[-1.3273237113959055,37.75368038390142],[-1.326088767044638,37.75326873578433],[-1.325128254771414,37.75422924805754],[-1.322726974088397,37.75368038390142],[-1.322109501912763,37.751416319257416],[-1.3199826533077896,37.75175935935499],[-1.317512764605226,37.751484927276934],[-1.315248699961245,37.75004415886711],[-1.314219579668503,37.74922086263293],[-1.3166894683710666,37.747299838086505],[-1.318679100937004,37.74668236591087],[-1.3229327981469226,37.747094014027965],[-1.3241677424982186,37.746339325813295],[-1.3273923194154236,37.7468195819499]]],[[[-1.3652639461877811,37.805548046654884],[-1.3668419306366388,37.80740046318179],[-1.366293066480523,37.80925287970871],[-1.3649209060902194,37.810556432079494],[-1.3625196254071739,37.811379728313675],[-1.3590206164119252,37.809664527825795],[-1.3580601041387013,37.808017935357434],[-1.3581973201777373,37.80643995090858],[-1.3597753046265666,37.80705742308422],[-1.361970761251058,37.80671438298664],[-1.3652639461877811,37.805548046654884]]]]}},{"type":"Feature","properties":{"district":"Saint-Pierre-et-Miquelon","constituency_code":"FR2007-DPT-ZS","electorate_type":"Overseas department / territory"},"geometry":{"type":"MultiPolygon","coordinates":[[[[5.1168210842943935,39.52329629125422],[5.074821084294392,39.53229629125422],[5.1168210842943935,39.576296291254216],[5.142821084294397,39.58129629125422],[5.15482108429439,39.56229629125421],[5.137821084294394,39.54429629125422],[5.1168210842943935,39.52329629125422]]],[[[4.938821084294396,39.58829629125422],[4.902821084294395,39.59929629125422],[4.9278210842943935,39.622296291254216],[4.951821084294394,39.628296291254216],[4.978821084294395,39.662296291254215],[4.979821084294393,39.70029629125422],[4.949821084294392,39.77029629125422],[4.925821084294391,39.78629629125422],[4.919821084294391,39.81929629125422],[4.930821084294394,39.86829629125422],[4.977821084294391,39.85629629125422],[5.010821084294392,39.83829629125422],[5.054821084294396,39.824296291254214],[5.058821084294394,39.805296291254216],[5.038821084294391,39.76429629125422],[5.004821084294392,39.74329629125422],[4.982821084294393,39.692296291254216],[4.989821084294391,39.67229629125421],[5.019821084294392,39.656296291254215],[5.038821084294391,39.66029629125422],[5.0698210842943965,39.63629629125422],[5.065821084294392,39.60929629125422],[4.989821084294391,39.568296291254214],[4.936821084294394,39.558296291254216],[4.938821084294396,39.58829629125422]]]]}},{"type":"Feature","properties":{"district":"Wallis-et-Futuna","constituency_code":"FR2007-DPT-ZW","electorate_type":"Overseas department / territory"},"geometry":{"type":"MultiPolygon","coordinates":[[[[-5.176787800852281,36.99758010005516],[-5.152060078080041,37.00359495154031],[-5.1453769097632005,36.98956029807496],[-5.165426414713693,36.984213763421494],[-5.176787800852281,36.99758010005516]]],[[[-5.1761194840206315,37.010946436688826],[-5.227579880060233,37.01428802084724],[-5.244287800852305,37.027654357480905],[-5.253644236495859,37.05037712975813],[-5.23559968204043,37.055723664411595],[-5.220228394911686,37.04703554559971],[-5.1761194840206315,37.010946436688826]]],[[[-3.929040276099812,37.65854544658982],[-3.9604511671889497,37.679263268372],[-3.963124434515663,37.69396623866903],[-3.945748196891884,37.70265435748091],[-3.9410699790701074,37.7347335654017],[-3.9283719592681337,37.742085050550216],[-3.9036442364958646,37.71134247629279],[-3.909659087980998,37.69931277332249],[-3.917678889961195,37.68928802084724],[-3.929040276099812,37.65854544658982]]]]}}]}