{"type":"FeatureCollection","features":[{"type":"Feature","properties":{"district":"001 Flensburg – Schleswig","constituency_code":"001","state":"Schleswig-Holstein"},"geometry":{"type":"Polygon","coordinates":[[[9.676907801274748,54.83785007080773],[9.746661348496938,54.82417537593108],[9.7908805313342,54.797974964872694],[9.831433354779,54.76156185296855],[9.851866322960527,54.754473128569245],[9.877045214948938,54.75357799678654],[9.89503189881186,54.77105835468033],[9.909137361071524,54.79833665614716],[9.957707218587691,54.77817204758024],[9.976905806610032,54.75683564695768],[9.988994157251955,54.718315220598974],[10.036023455389115,54.68841701526419],[10.031169822290225,54.63657521879575],[10.021237429377178,54.64383649011046],[9.979795125183562,54.64594411224932],[9.898678576846077,54.6176622370661],[9.760866222267895,54.5572500773935],[9.718158535614359,54.52868949187661],[9.67308505624996,54.515341027906345],[9.669814413318289,54.49066791463369],[9.641331152256356,54.45456678849247],[9.589461128513046,54.434559188081906],[9.553497720132334,54.42836878379415],[9.5508210938109,54.396250693211265],[9.565733303296804,54.37284686371481],[9.556189479936714,54.35786167773637],[9.494127401637513,54.34138910978064],[9.414697135770673,54.34598206011488],[9.390841938491137,54.32400766575298],[9.397073650350737,54.323613481708804],[9.398866902782757,54.30278718945312],[9.39351075210817,54.288964932036315],[9.378281204746953,54.29201783025945],[9.302702534137758,54.27186931065716],[9.286971232958743,54.27582241845913],[9.260727349252893,54.30418636926378],[9.259963660208943,54.30936933000829],[9.274594173854563,54.308462106175625],[9.277905434289217,54.32487376239907],[9.26123583901674,54.33503751882291],[9.231943779232992,54.34661698361719],[9.220088195545538,54.3462634923657],[9.230321243998509,54.33754900183993],[9.224353283150878,54.322204806153366],[9.175954979910733,54.33493221421061],[9.172708956353079,54.34897850814575],[9.206642606965943,54.372176007297625],[9.258468598386012,54.37868687300167],[9.280635308451618,54.417621264299],[9.319213796356692,54.4389896599384],[9.327241685213492,54.45465119525942],[9.286404906845112,54.49717209170153],[9.280737985878064,54.51525293517277],[9.304108762763054,54.53096278857046],[9.31087698409798,54.559574891138446],[9.284956654271134,54.57153768202093],[9.250081174702975,54.57846059517745],[9.260498804167229,54.60342943395896],[9.221649280269315,54.62894141423676],[9.21919458246178,54.6457657089049],[9.186446040180796,54.6612112926171],[9.177581110861537,54.66995191523022],[9.168467249516368,54.69199192535221],[9.092800709251824,54.693446523407765],[9.062382086128848,54.700771363380255],[9.072209267261277,54.7016721794871],[9.082518031168949,54.71000085881226],[9.075528223256342,54.737281297777486],[9.08204474829782,54.75678647320621],[9.111275753835685,54.76794247339724],[9.120198489599378,54.7881261084991],[9.099071987600727,54.8151163230472],[9.114554309187048,54.85881217128289],[9.11335706566816,54.87354371980268],[9.143330467871726,54.873022635301986],[9.240233085707187,54.849939858361154],[9.244829836696386,54.84386487451765],[9.235755295449163,54.83110350974664],[9.25008113925918,54.80971527765517],[9.346893864606802,54.80700342961293],[9.373848407146427,54.821127924219766],[9.376216378325964,54.829135808334165],[9.38772757629078,54.83831854087619],[9.40817204561861,54.84259647110204],[9.42865329908201,54.827101914503125],[9.482926305126824,54.83707713849081],[9.59188580913795,54.886984487620545],[9.62800525784245,54.87978895113458],[9.604617842205421,54.85458258863881],[9.676907801274748,54.83785007080773]]]}},{"type":"Feature","properties":{"district":"002 Nordfriesland – Dithmarschen Nord","constituency_code":"002","state":"Schleswig-Holstein"},"geometry":{"type":"MultiPolygon","coordinates":[[[[8.63054522870742,54.48889024652264],[8.61252894919496,54.493944278295366],[8.592239742357897,54.50867887200894],[8.58851351925602,54.52993395311309],[8.68637904063759,54.55712860979881],[8.705040588146698,54.557561105992704],[8.710873834651801,54.552963720730645],[8.696137833956628,54.518268551385646],[8.683119188905273,54.50258341744091],[8.669849211934704,54.49452660910469],[8.63054522870742,54.48889024652264]]],[[[8.56025148972903,54.55695631778842],[8.544490334089522,54.558367161557065],[8.508679764905267,54.57733736529665],[8.558262910790562,54.57818548614222],[8.575737553118538,54.56380693777176],[8.57111688544914,54.55847539813321],[8.56025148972903,54.55695631778842]]],[[[8.64681802909666,54.63931011682533],[8.55961284160648,54.623979447801595],[8.548580559511583,54.63547713712492],[8.648553662695997,54.650579761926885],[8.660182740992827,54.64848394083504],[8.64681802909666,54.63931011682533]]],[[[8.707523217391138,54.672547057711135],[8.685119363274307,54.67156414892653],[8.68097314966738,54.675485086924596],[8.7092072082793,54.67984788211544],[8.707523217391138,54.672547057711135]]],[[[8.395680496025998,54.61789932675989],[8.401275965725372,54.61933033876105],[8.382830701386895,54.60998214898022],[8.359318435108763,54.61091970808238],[8.301467368951021,54.65457427882374],[8.291351372584792,54.66950790856127],[8.347052864174364,54.70798062950815],[8.361868290467442,54.71135607016088],[8.341263008280029,54.697234592788234],[8.34011663242994,54.688076595782974],[8.367775622666525,54.64729479626997],[8.383314786904245,54.639617891880064],[8.379382218043645,54.63278199392436],[8.386598562848103,54.622355297344974],[8.395680496025998,54.61789932675989]]],[[[8.569828018945747,54.75095896107852],[8.588692969022922,54.740983307337586],[8.592268630883824,54.7230447797643],[8.566293895911082,54.679682182782926],[8.470720412925598,54.68257215341033],[8.402451789468252,54.700168960574345],[8.394950958653288,54.70877465041193],[8.404360749295108,54.73013095377235],[8.42728204829049,54.74618430550873],[8.524822732649309,54.75582546065972],[8.569828018945747,54.75095896107852]]],[[[8.45119357418155,55.04906531749799],[8.46419569909468,55.04571479253545],[8.450040292464376,55.04292462076962],[8.432442066026747,55.048924150517124],[8.398878376700612,55.04419640417907],[8.399175960020992,55.03530442672626],[8.428405486451576,55.03334472791474],[8.440400672406728,55.0231206105829],[8.439497637553977,55.01647070914121],[8.379902261782311,54.996776098064615],[8.357826611271674,54.972461227687326],[8.363914812621182,54.907097963484695],[8.38063885230154,54.892019723435766],[8.42005586971097,54.878818327185414],[8.483624748049497,54.877370894782324],[8.502821482355934,54.88414922566249],[8.598503333940927,54.889587232709694],[8.624251381161846,54.89439953331221],[8.635598616160921,54.91149279516377],[8.668524378906751,54.911278566896506],[8.686649865004524,54.90889885069762],[8.727967316011023,54.892705515109974],[8.776891785880624,54.89305276622697],[8.798945659954585,54.90415420421454],[8.82397689190292,54.90683679083238],[8.856964793976404,54.896819659382366],[8.89224342861906,54.90478964953892],[8.948020972502798,54.90250090918412],[9.014724875348248,54.88639672514164],[9.048239957216067,54.87187655090447],[9.11335706566816,54.87354371980268],[9.114554309187048,54.85881217128289],[9.099071987600727,54.8151163230472],[9.120198489599378,54.7881261084991],[9.111275753835685,54.76794247339724],[9.08204474829782,54.75678647320621],[9.075528223256342,54.737281297777486],[9.082518031168949,54.71000085881226],[9.072209267261277,54.7016721794871],[9.062382086128848,54.700771363380255],[9.092800709251824,54.693446523407765],[9.168467249516368,54.69199192535221],[9.177581110861537,54.66995191523022],[9.186446040180796,54.6612112926171],[9.21919458246178,54.6457657089049],[9.221649280269315,54.62894141423676],[9.260498804167229,54.60342943395896],[9.250081174702975,54.57846059517745],[9.284956654271134,54.57153768202093],[9.31087698409798,54.559574891138446],[9.304108762763054,54.53096278857046],[9.280737985878064,54.51525293517277],[9.286404906845112,54.49717209170153],[9.327241685213492,54.45465119525942],[9.319213796356692,54.4389896599384],[9.280635308451618,54.417621264299],[9.258468598386012,54.37868687300167],[9.206642606965943,54.372176007297625],[9.171351593224388,54.34415995839592],[9.175954979910733,54.33493221421061],[9.22315088212127,54.322345264723175],[9.230321243998509,54.33754900183993],[9.2193103642981,54.34451350280192],[9.223605272588758,54.34687391787066],[9.2496000485201,54.34043600347559],[9.276471014434557,54.32615291759346],[9.274594173854563,54.308462106175625],[9.259027528586666,54.308282485787196],[9.289299406492896,54.27488397877646],[9.306004782111057,54.271748075408816],[9.378281204746953,54.29201783025945],[9.39351075210817,54.288964932036315],[9.442865675238655,54.246222252650796],[9.437910140526297,54.214622851673795],[9.425888007170366,54.20453388636938],[9.348212026345704,54.1950342091554],[9.34217641371743,54.18994023202],[9.268653385955174,54.18773080592395],[9.242180465759647,54.177067536239974],[9.22838765984781,54.15208526322934],[9.188034988235716,54.153689988855035],[9.179377095556426,54.15808989725695],[9.161974444172843,54.14977665730473],[9.143651880323986,54.132001771494245],[9.06434873786711,54.13154859314319],[9.011589610890654,54.14241188556864],[9.000245565540554,54.150998339435084],[8.980760259082224,54.14986526223762],[8.944173025694344,54.125702219257086],[8.932191141972462,54.123770569860866],[8.925278418434614,54.13247746345324],[8.908587587112839,54.1351421621936],[8.864892414595298,54.12197710447032],[8.835847332410363,54.13410915145522],[8.807375806681815,54.175608851797115],[8.81396514892878,54.19731519937852],[8.838255452897283,54.23591060938979],[8.84480472370462,54.26632864132874],[8.841787401107045,54.27845511598974],[8.83261360175506,54.28779146374611],[8.82134850443149,54.29127724044115],[8.78125992929018,54.28082076889451],[8.77031824134017,54.28240055936411],[8.768692845610277,54.28856750106785],[8.713834674174093,54.28824330766743],[8.702255108447574,54.28555153740808],[8.690275432406267,54.27496798815908],[8.657517718802167,54.28384918319154],[8.608311384565681,54.30878819934257],[8.599642320467298,54.321526618347676],[8.602134016495697,54.3405079868084],[8.652766172521881,54.342901699315576],[8.692982748799437,54.356439843517634],[8.690000360860505,54.3735685220032],[8.665120587101603,54.37011000596839],[8.649391245325605,54.379246922928985],[8.652251792969626,54.3892756179116],[8.65999425061565,54.3957228006142],[8.673269807005838,54.400532940220074],[8.826818810746282,54.414229425469436],[8.852497486281221,54.40623418559139],[8.889372355683339,54.41125028629926],[8.916448757513049,54.42578303427363],[8.94981140665721,54.45202058152847],[8.996864548796117,54.46584457362717],[9.013207803106585,54.48612291975614],[9.010464081626912,54.496823144129294],[8.99080345584368,54.52330990501821],[8.9831761708966,54.524682079214784],[8.945681121737785,54.51284171906595],[8.924559325933968,54.47795758876655],[8.924545729890447,54.46754435662062],[8.899057015541839,54.45874210254091],[8.841772228830097,54.4606157176538],[8.807015455255868,54.470158958509266],[8.806437028834925,54.498341541876215],[8.813671868702775,54.50399764015313],[8.8356938427522,54.507748371498046],[8.87145310525417,54.52829301591249],[8.877958494156756,54.543902965206215],[8.871761211738244,54.55726215131927],[8.892263296721394,54.59806874020335],[8.885821818359375,54.60893968265224],[8.846530609594142,54.62546359216183],[8.832335863170067,54.64620426330266],[8.778644425507954,54.66519365874909],[8.756247302726683,54.679129172696804],[8.742086025150888,54.71562735767194],[8.700748561818754,54.75367677534],[8.685248356421873,54.77914241500151],[8.675799604004867,54.78819844930175],[8.651671719872056,54.79662409505305],[8.60569372215503,54.84070705808626],[8.601918828071634,54.84613088111136],[8.605838017911038,54.87107009009736],[8.598318980947381,54.880062985598656],[8.511049509954507,54.87965263703414],[8.454619767948476,54.85738347534291],[8.414381016636762,54.847240707397084],[8.377918476337035,54.85859798969792],[8.364263387911672,54.87590802547408],[8.340561373544915,54.88057456984399],[8.302301555697856,54.85484731642191],[8.29646306152859,54.843139259731934],[8.293745669538621,54.75757162287946],[8.298826955457805,54.74082387091796],[8.278555583841364,54.75220817878284],[8.287828195942398,54.8744762576857],[8.29790298597968,54.91065658916587],[8.39594482595519,55.051983729891205],[8.416845555166832,55.05838359964911],[8.45119357418155,55.04906531749799]]]]}},{"type":"Feature","properties":{"district":"003 Steinburg – Dithmarschen Süd","constituency_code":"003","state":"Schleswig-Holstein"},"geometry":{"type":"MultiPolygon","coordinates":[[[[8.689466103083038,54.04850226573073],[8.696995115357222,54.0477127473355],[8.686302951734588,54.04602168434541],[8.677755084542753,54.052893237111334],[8.68071171020887,54.06394115870654],[8.691962223763968,54.070603095708805],[8.702298122457174,54.06878289427714],[8.687337335245877,54.06104906604097],[8.685651534871175,54.05172611980666],[8.689466103083038,54.04850226573073]]],[[[9.440372681006435,54.1942393335077],[9.442803163574697,54.17381912886311],[9.36362654801134,54.1500441163661],[9.305140859345434,54.12491689147337],[9.316830260676792,54.09229766051996],[9.311084383169632,54.063437026400244],[9.418897847567077,54.06422744905885],[9.439035664853105,54.069941986487414],[9.439330942661103,54.07658224679409],[9.453434901572813,54.08768604593794],[9.535890445230558,54.09924369845861],[9.582900127467717,54.08611570165014],[9.60496971002445,54.04874937413966],[9.657692790512636,54.04704108583208],[9.767264469577576,54.05333636754886],[9.804509537114406,54.05055828727322],[9.815831897609435,54.04691132489027],[9.864329511883442,54.01203029874957],[9.876559628445857,54.008885378184125],[9.940427257303202,54.01793645711504],[9.944358954053794,54.021762345547785],[9.967857430894789,54.021092257777525],[9.971905791535805,54.005570677201284],[10.016832353251402,53.9680365871061],[10.03338250314846,53.96468632255428],[10.053482355650461,53.974335040786],[10.056210416468144,53.96087131393469],[10.044889250083765,53.95108457338844],[10.03254362288882,53.94924239138695],[10.029019823772517,53.93999507210223],[10.035767129392536,53.929771210393774],[10.008156774465922,53.93509979160898],[9.994252332923432,53.93169359499406],[9.952191199198126,53.91027138014156],[9.943837203592286,53.89256476391112],[9.9088343884441,53.88764238302182],[9.88476051206934,53.90067702614127],[9.826788474639367,53.881233793593715],[9.84274095080951,53.87298253248527],[9.875604534264895,53.83078547207544],[9.863664904033792,53.82060918598761],[9.824481467917579,53.84577247808834],[9.763599414918957,53.873150164290315],[9.751445145086631,53.89303872562357],[9.655667508937169,53.88644293196884],[9.647517355348135,53.87944310539494],[9.649607765420393,53.868964558051665],[9.674120216928435,53.84127111294943],[9.661755759882872,53.80261979753845],[9.645820847081776,53.77626789321849],[9.566504875273871,53.75017115815188],[9.582887452860273,53.72156853610511],[9.557299001871817,53.7146287621875],[9.523753386057754,53.71509688307447],[9.485830735865111,53.70768501718829],[9.4267953853627,53.73605762542959],[9.36315765995615,53.81287809588007],[9.319993265371885,53.849375157712956],[9.289697688726116,53.86293788498962],[9.200090993768145,53.87990372274063],[9.02240168577741,53.87946977168186],[9.01289001636886,53.89459065371384],[8.982838118956126,53.89137083204191],[8.967869853254031,53.8944219930737],[8.907529803799653,53.93452724760274],[8.872715176534053,53.98263823574059],[8.828543280080051,54.02426103421316],[8.847711338703197,54.03982375442199],[8.880094343805476,54.045928841404134],[8.92704554781058,54.04164557642574],[8.939408769338625,54.033682378313905],[8.958582679908247,54.034000046462445],[8.976723070440503,54.040625775637665],[8.985490163921574,54.06012729538091],[8.948682125162073,54.09383946402893],[8.932191141972462,54.123770569860866],[8.949061609987863,54.12755043042719],[8.980760259082224,54.14986526223762],[9.003088933875688,54.150637136014225],[9.011589610890654,54.14241188556864],[9.06434873786711,54.13154859314319],[9.143651880323986,54.132001771494245],[9.161974444172843,54.14977665730473],[9.179377095556426,54.15808989725695],[9.188034988235716,54.153689988855035],[9.22838765984781,54.15208526322934],[9.242180465759647,54.177067536239974],[9.268653385955174,54.18773080592395],[9.34217641371743,54.18994023202],[9.348212026345704,54.1950342091554],[9.430039895224127,54.20760488146041],[9.440372681006435,54.1942393335077]]]]}},{"type":"Feature","properties":{"district":"004 Rendsburg-Eckernförde","constituency_code":"004","state":"Schleswig-Holstein"},"geometry":{"type":"Polygon","coordinates":[[[9.961348805055982,54.50129497638849],[9.863939027020045,54.47043770591575],[9.844316751226291,54.476549678658856],[9.840894159911224,54.467323031216324],[9.850245830838569,54.455684992258],[9.868028780569905,54.44814907326648],[9.91374906716786,54.45237600589323],[9.932341874894027,54.46126150698586],[9.960896360775287,54.466624183353325],[10.125917514968409,54.485175497265054],[10.159894205279954,54.474391897488225],[10.192679761879175,54.45605460261899],[10.16863736134017,54.43282013371968],[10.157364393691928,54.42919281356962],[10.146352630474295,54.41078500609535],[10.10305252449397,54.42449982996625],[10.083519581918228,54.41604261885425],[10.073758407357323,54.403827008876505],[10.084556055269383,54.39326902949439],[10.081595799018155,54.38129140555215],[10.070131117268572,54.37112534680788],[10.070435953050213,54.343733173291916],[10.042799489103645,54.322598685070204],[10.042066258336465,54.31212664798358],[10.05763625258313,54.288369966965575],[10.123428029385803,54.25551360903141],[10.113201185495463,54.24843362014366],[10.117735693980359,54.23336176921425],[10.125253563576507,54.22726027959828],[10.121430306835746,54.18795258896447],[10.122595330734459,54.156309549293155],[10.12735072137201,54.14604111541743],[10.116146555944187,54.12959067491175],[10.071767181406383,54.12536947080178],[10.056270434915406,54.13211394009801],[10.034851259875259,54.128785159441605],[9.995446121704326,54.149719260475266],[9.981090896459346,54.1476040478336],[9.951512947139738,54.124092053251395],[9.927077209081661,54.095503653668224],[9.946359415938602,54.03589963861338],[9.944358954053794,54.021762345547785],[9.898757675298729,54.01030564871459],[9.864329511883442,54.01203029874957],[9.815831897609435,54.04691132489027],[9.804509537114406,54.05055828727322],[9.767264469577576,54.05333636754886],[9.657692790512636,54.04704108583208],[9.60496971002445,54.04874937413966],[9.582900127467717,54.08611570165014],[9.534068228069582,54.09940927496881],[9.453434901572813,54.08768604593794],[9.439330942661103,54.07658224679409],[9.439035664853105,54.069941986487414],[9.418897847567077,54.06422744905885],[9.311084383169632,54.063437026400244],[9.316830260676792,54.09229766051996],[9.305140859345434,54.12491689147337],[9.36362654801134,54.1500441163661],[9.442803163574697,54.17381912886311],[9.438605884172693,54.200061949164876],[9.430039895224127,54.20760488146041],[9.437910140526297,54.214622851673795],[9.443461336445575,54.245068800101635],[9.39351075210817,54.288964932036315],[9.398866902782757,54.30278718945312],[9.397073650350737,54.323613481708804],[9.390841938491137,54.32400766575298],[9.414697135770673,54.34598206011488],[9.494127401637513,54.34138910978064],[9.556189479936714,54.35786167773637],[9.565733303296804,54.37284686371481],[9.5508210938109,54.396250693211265],[9.553497720132334,54.42836878379415],[9.589461128513046,54.434559188081906],[9.641331152256356,54.45456678849247],[9.669814413318289,54.49066791463369],[9.67308505624996,54.515341027906345],[9.718158535614359,54.52868949187661],[9.760866222267895,54.5572500773935],[9.898678576846077,54.6176622370661],[9.979795125183562,54.64594411224932],[10.021237429377178,54.64383649011046],[10.031169822290225,54.63657521879575],[10.03351509304513,54.62427305435518],[10.0260950404048,54.59772919381047],[10.026625463714314,54.55026458248246],[10.00040829555538,54.52400015536434],[9.961348805055982,54.50129497638849]]]}},{"type":"Feature","properties":{"district":"005 Kiel","constituency_code":"005","state":"Schleswig-Holstein"},"geometry":{"type":"Polygon","coordinates":[[[10.188773121754075,54.41108284848534],[10.192036957675711,54.39041567894355],[10.154140027862399,54.36887915268384],[10.152083022607851,54.3633265178827],[10.17416208517,54.34574538298946],[10.20490425462816,54.341067619801144],[10.217796463627076,54.329407076458686],[10.209281201317502,54.28012045211679],[10.183868820602044,54.253184024024655],[10.158933002757387,54.259108049601345],[10.123428029385803,54.25551360903141],[10.05763625258313,54.288369966965575],[10.042066258336465,54.31212664798358],[10.042799489103645,54.322598685070204],[10.070435953050213,54.343733173291916],[10.070131117268572,54.37112534680788],[10.081595799018155,54.38129140555215],[10.084556055269383,54.39326902949439],[10.073758407357323,54.403827008876505],[10.083519581918228,54.41604261885425],[10.10305252449397,54.42449982996625],[10.146352630474295,54.41078500609535],[10.157364393691928,54.42919281356962],[10.167595601995686,54.43294433584173],[10.188773121754075,54.41108284848534]]]}},{"type":"Feature","properties":{"district":"006 Plön – Neumünster","constituency_code":"006","state":"Schleswig-Holstein"},"geometry":{"type":"Polygon","coordinates":[[[10.642985759581613,54.34370660599842],[10.64924386053466,54.333351372903905],[10.684633959587213,54.31031893256794],[10.713750265315184,54.305072500131374],[10.716658562027101,54.272646665203965],[10.725968681752915,54.26633581967638],[10.71633506657297,54.21439722650317],[10.69899526911163,54.201952921073385],[10.673926780282686,54.19182488445671],[10.67081324690674,54.206035416700594],[10.664388894888,54.212491516604395],[10.612931215197031,54.23152246922303],[10.568745509195615,54.23326954903042],[10.547817398175349,54.228259676199315],[10.528571822923737,54.18806289953685],[10.495069987570945,54.18467160547872],[10.482441836982302,54.177073318184426],[10.516059437081486,54.13985013318371],[10.541335825594583,54.133836369868405],[10.538374430728966,54.12266543556384],[10.531124553509526,54.118401623169184],[10.481349629592861,54.118628620380306],[10.448082945542767,54.120092077536135],[10.436760631842187,54.12651702101237],[10.422102119118042,54.11549844012475],[10.421130855063431,54.103265985631666],[10.426467088803538,54.10156287106566],[10.427550154433547,54.093579472936526],[10.417470905106928,54.08324507732909],[10.419034553608867,54.07208258507147],[10.375678857637736,54.0727924268898],[10.357489222963657,54.08262530078589],[10.354823583608118,54.1077150034772],[10.277783271997544,54.0981809443389],[10.203692055811716,54.07341021487888],[10.123332515568457,54.05781789299756],[10.128423533475901,54.04806131337683],[10.154890033703742,54.03065908929795],[10.231736947946562,54.028009595386465],[10.259874866668062,54.03496472777259],[10.284186936762628,54.024473683782524],[10.29450885237743,53.996611662066144],[10.291316251095129,53.99480998054168],[10.27716781063012,53.99231548396786],[10.250236845379186,54.00503675399796],[10.228052662301183,54.007388544790864],[10.216370253722529,53.998443539316064],[10.219712941284854,53.98839128693098],[10.203229216789413,53.97395487615222],[10.155552828020516,53.96845197937291],[10.14366397189103,53.9728917220589],[10.106929593062414,53.96285595095838],[10.082837179307846,53.94804653477723],[10.035767129392536,53.929771210393774],[10.029019823772517,53.93999507210223],[10.03254362288882,53.94924239138695],[10.052524791229112,53.95492077418375],[10.055498353152819,53.972384110138016],[10.03338250314846,53.96468632255428],[10.016832353251402,53.9680365871061],[9.971905791535805,54.005570677201284],[9.967857430894789,54.021092257777525],[9.944358954053794,54.021762345547785],[9.946359415938602,54.03589963861338],[9.927077209081661,54.095503653668224],[9.951512947139738,54.124092053251395],[9.981090896459346,54.1476040478336],[9.995446121704326,54.149719260475266],[10.034851259875259,54.128785159441605],[10.056270434915406,54.13211394009801],[10.071767181406383,54.12536947080178],[10.118675467749904,54.1323914010593],[10.12735072137201,54.14604111541743],[10.122595330734459,54.156309549293155],[10.121430306835746,54.18795258896447],[10.125253563576507,54.22726027959828],[10.117735693980359,54.23336176921425],[10.113201185495463,54.24843362014366],[10.134773428441944,54.257702182392855],[10.158933002757387,54.259108049601345],[10.183868820602044,54.253184024024655],[10.207520900031714,54.27722507387476],[10.217796463627076,54.329407076458686],[10.20490425462816,54.341067619801144],[10.173778241961216,54.34838928702512],[10.178705937855257,54.361543443196936],[10.195952267404834,54.366019734003665],[10.21190495413042,54.39688521424117],[10.208853874852176,54.399955968542955],[10.227138579782894,54.41353736547528],[10.302889191833088,54.43337017452578],[10.346404226437706,54.43355652193849],[10.393168625404469,54.42465462940123],[10.476776993837271,54.39161837127977],[10.596339172357688,54.364503505476044],[10.642985759581613,54.34370660599842]]]}},{"type":"Feature","properties":{"district":"007 Pinneberg","constituency_code":"007","state":"Schleswig-Holstein"},"geometry":{"type":"MultiPolygon","coordinates":[[[[9.751445145086631,53.89303872562357],[9.763599414918957,53.873150164290315],[9.824481467917579,53.84577247808834],[9.880838367217017,53.81090354766899],[9.882996454394444,53.80108586192441],[9.873308122939095,53.77830761616364],[9.899759924318984,53.75091050214545],[9.94064396800392,53.752000012860634],[9.97163732123679,53.770059448100625],[9.984677223385804,53.75998908335447],[9.978666763283954,53.74278595212234],[9.941158270525584,53.6977084791379],[9.93487551342158,53.67897340833738],[9.945376214170667,53.65292819054385],[9.90475187086738,53.651787042704036],[9.90184595624269,53.640891842306864],[9.868023964071762,53.609346327419175],[9.83670719021016,53.587530184939844],[9.824957924630924,53.58452794909538],[9.791747426996254,53.60128897009972],[9.770633504287407,53.61622993939972],[9.770293989757329,53.627462413910415],[9.763672582690456,53.62749505901338],[9.743435992567369,53.59757617316257],[9.743627056195084,53.588357280970534],[9.729669090046022,53.55757505802211],[9.675899694381211,53.56458767731514],[9.54970765498802,53.616034863744716],[9.533481207519523,53.6356512186875],[9.528002921786362,53.66238585841295],[9.52087014234794,53.67282484302228],[9.507022029778554,53.690874289730075],[9.485830735865111,53.70768501718829],[9.523753386057754,53.71509688307447],[9.557299001871817,53.7146287621875],[9.582887452860273,53.72156853610511],[9.566504875273871,53.75017115815188],[9.645820847081776,53.77626789321849],[9.661755759882872,53.80261979753845],[9.674120216928435,53.84127111294943],[9.649607765420393,53.868964558051665],[9.647517355348135,53.87944310539494],[9.655667508937169,53.88644293196884],[9.751445145086631,53.89303872562357]]],[[[7.899491428114139,54.18919840486152],[7.908619998018106,54.180471481644375],[7.907684731799228,54.168880776678286],[7.890842286450177,54.16983404120687],[7.874928277150231,54.185460422413286],[7.891415912701005,54.19301121600258],[7.899491428114139,54.18919840486152]]]]}},{"type":"Feature","properties":{"district":"008 Segeberg – Stormarn-Mitte","constituency_code":"008","state":"Schleswig-Holstein"},"geometry":{"type":"Polygon","coordinates":[[[10.375678857637736,54.0727924268898],[10.419034553608867,54.07208258507147],[10.417470905106928,54.08324507732909],[10.451647003465473,54.06365712766182],[10.484520253330015,54.05873481060334],[10.494366177521613,54.063810052238885],[10.495892351811412,54.07019574679618],[10.5047950706342,54.072620636307235],[10.564161755094261,54.068122658709676],[10.5565395830972,54.030961417451486],[10.540462386411871,54.01771080184879],[10.498733892381704,54.02551341161507],[10.475691695294616,54.01293672926856],[10.456012750764804,53.98940792897491],[10.523149357977498,53.98449141872085],[10.548766360680787,53.94277975596297],[10.549743103539804,53.93153336707691],[10.53385739189359,53.91881043798886],[10.444572315941526,53.88938425136963],[10.43219773246167,53.87739490374167],[10.39529311201579,53.862044231569676],[10.394727987985549,53.85694132739722],[10.4148400174175,53.829162420002696],[10.434796823955196,53.816947991579006],[10.450299985822438,53.81417026398908],[10.477349440467263,53.788242315452074],[10.468684487485598,53.77022780648353],[10.473887941749554,53.7670666614924],[10.407257151017749,53.731942783221456],[10.445647207080482,53.72305312114023],[10.443812430099374,53.7009415954],[10.411777812070575,53.69927875675744],[10.403416287486104,53.673774047244926],[10.312683677978118,53.681900077883896],[10.314568505613932,53.697787785816224],[10.289630370964476,53.70467505561057],[10.265199568112006,53.694622341196954],[10.172995416617209,53.67969628218826],[10.171683834088158,53.66896490267339],[10.146453671139968,53.67594238059953],[10.160376074507342,53.696764299426754],[10.181693594305663,53.709251559142125],[10.19367097866053,53.73101511477589],[10.165962537320908,53.73847244025633],[10.126388389522674,53.71962999884094],[10.081842128386889,53.720420080370985],[10.069518985028486,53.71116782926105],[10.072805245706002,53.70963384821389],[10.069628136318089,53.706244636785655],[10.079097455422362,53.7041567841593],[10.06594283138042,53.685001713345684],[9.998695505126912,53.68146745828339],[9.990542573164849,53.67070614756513],[9.988940705179779,53.648560257427704],[9.945376214170667,53.65292819054385],[9.93487551342158,53.67897340833738],[9.941158270525584,53.6977084791379],[9.978666763283954,53.74278595212234],[9.984677223385804,53.75998908335447],[9.97163732123679,53.770059448100625],[9.94064396800392,53.752000012860634],[9.909239267298581,53.749410688604115],[9.894896876637508,53.753977508005306],[9.873308122939095,53.77830761616364],[9.882996454394444,53.80108586192441],[9.880838367217017,53.81090354766899],[9.863664904033792,53.82060918598761],[9.875604534264895,53.83078547207544],[9.84274095080951,53.87298253248527],[9.826788474639367,53.881233793593715],[9.88476051206934,53.90067702614127],[9.9088343884441,53.88764238302182],[9.927294840655746,53.887647846243354],[9.947449435804195,53.894332551804915],[9.952191199198126,53.91027138014156],[9.994252332923432,53.93169359499406],[10.008156774465922,53.93509979160898],[10.040271496273974,53.92986875655258],[10.106929593062414,53.96285595095838],[10.14366397189103,53.9728917220589],[10.155552828020516,53.96845197937291],[10.203229216789413,53.97395487615222],[10.219712941284854,53.98839128693098],[10.216370253722529,53.998443539316064],[10.228052662301183,54.007388544790864],[10.250236845379186,54.00503675399796],[10.278357831879166,53.99210203644062],[10.29450885237743,53.996611662066144],[10.284186936762628,54.024473683782524],[10.259874866668062,54.03496472777259],[10.231736947946562,54.028009595386465],[10.154890033703742,54.03065908929795],[10.128423533475901,54.04806131337683],[10.123332515568457,54.05781789299756],[10.203692055811716,54.07341021487888],[10.277783271997544,54.0981809443389],[10.354823583608118,54.1077150034772],[10.357489222963657,54.08262530078589],[10.375678857637736,54.0727924268898]]]}},{"type":"Feature","properties":{"district":"009 Ostholstein – Stormarn-Nord","constituency_code":"009","state":"Schleswig-Holstein"},"geometry":{"type":"MultiPolygon","coordinates":[[[[11.11089384371606,54.396387184875486],[11.110438085651351,54.39304659428798],[11.13060744130408,54.388018565240614],[11.12588944622486,54.3739785908041],[11.089734627594606,54.35811955623451],[11.071836593703487,54.341344448344366],[11.093413117080315,54.198667129439585],[10.94083712626971,54.13067543168037],[10.880636397591196,54.08925945449561],[10.865863013170506,54.084813048685646],[10.817863161183984,54.091032155104976],[10.800848450342627,54.08509284167595],[10.756174430519804,54.05544308625591],[10.751846594199051,54.037079253423585],[10.77749426050625,54.00467919923726],[10.801641796229914,53.99211104276166],[10.818759614758875,53.995062378153456],[10.840885988239654,53.99189390344867],[10.847361669975488,53.97854885917537],[10.811840504991736,53.93385681269283],[10.701813388686041,53.91068392248523],[10.666944584727467,53.89925559619131],[10.653313871277103,53.88991300888086],[10.602861233156185,53.89126744163866],[10.579575502885353,53.89762638074464],[10.573150852224915,53.8938934709428],[10.563510615279545,53.884646405769494],[10.591908119737166,53.853466445514655],[10.579025353033225,53.83768271396094],[10.565396903567994,53.83473510723073],[10.554769485179131,53.82565802277498],[10.581267146596106,53.80190897551272],[10.540570723636588,53.79147190754365],[10.547524694845672,53.782207155714204],[10.535578778557769,53.77258942901958],[10.53616366273099,53.7646654193761],[10.505699874246442,53.7539705806831],[10.468684487485598,53.77022780648353],[10.477349440467263,53.788242315452074],[10.475161312230949,53.794341861644384],[10.450299985822438,53.81417026398908],[10.434796823955196,53.816947991579006],[10.4148400174175,53.829162420002696],[10.394727987985549,53.85694132739722],[10.39529311201579,53.862044231569676],[10.43219773246167,53.87739490374167],[10.444572315941526,53.88938425136963],[10.53385739189359,53.91881043798886],[10.550537967599643,53.93441641953325],[10.523149357977498,53.98449141872085],[10.456012750764804,53.98940792897491],[10.475691695294616,54.01293672926856],[10.498733892381704,54.02551341161507],[10.540462386411871,54.01771080184879],[10.5565395830972,54.030961417451486],[10.564161755094261,54.068122658709676],[10.5047950706342,54.072620636307235],[10.495892351811412,54.07019574679618],[10.494366177521613,54.063810052238885],[10.484520253330015,54.05873481060334],[10.451647003465473,54.06365712766182],[10.417470905106928,54.08324507732909],[10.427550154433547,54.093579472936526],[10.426467088803538,54.10156287106566],[10.421130855063431,54.103265985631666],[10.422360788114679,54.116163174710884],[10.436760631842187,54.12651702101237],[10.448082945542767,54.120092077536135],[10.481349629592861,54.118628620380306],[10.531124553509526,54.118401623169184],[10.538374430728966,54.12266543556384],[10.541335825594583,54.133836369868405],[10.516059437081486,54.13985013318371],[10.482441836982302,54.177073318184426],[10.495069987570945,54.18467160547872],[10.525952321418865,54.18609684312363],[10.536404120101821,54.19749881855602],[10.547817398175349,54.228259676199315],[10.568745509195615,54.23326954903042],[10.612931215197031,54.23152246922303],[10.641654904314287,54.2223161422381],[10.664388894888,54.212491516604395],[10.67081324690674,54.206035416700594],[10.671865990754654,54.19345310501768],[10.67682007091749,54.19160531700342],[10.71633506657297,54.21439722650317],[10.725968681752915,54.26633581967638],[10.716658562027101,54.272646665203965],[10.713750265315184,54.305072500131374],[10.758652299304343,54.305985927091214],[10.789502879810993,54.312133407549524],[10.82922958091487,54.330023971127986],[10.871762905131906,54.35826985737178],[10.930471019565655,54.381771444308015],[10.99184689958803,54.38016979836427],[10.985736569424471,54.37430642612964],[10.990046839329834,54.371211055600455],[11.026184563568272,54.367901032918205],[11.077975340870287,54.37717649390312],[11.091000014593657,54.391892365361265],[11.11089384371606,54.396387184875486]]],[[[11.275490843610351,54.456898444339274],[11.298076904288466,54.4307647973154],[11.312662827907186,54.402258422299475],[11.225981889471218,54.41221585825807],[11.186867917103298,54.40882439683102],[11.172950804901356,54.40148217580577],[11.12502301858129,54.403006229489755],[11.09805485164918,54.40911747676944],[11.101781618546006,54.43423921999266],[11.095116469614874,54.44545270377222],[11.063190355731516,54.452814301104254],[11.02484076498455,54.44477646268926],[11.02037815180894,54.43703710149846],[11.008926289527716,54.44166760758133],[11.004256858302671,54.449002436401415],[11.010317917754833,54.4825570473332],[11.017501067528714,54.49467695298117],[11.039047458781274,54.519134021330096],[11.068239840245946,54.536106850260175],[11.157332853774307,54.522204594014205],[11.225035814959845,54.50467111195973],[11.241143009144288,54.495034175207216],[11.275490843610351,54.456898444339274]]]]}},{"type":"Feature","properties":{"district":"010 Herzogtum Lauenburg – Stormarn-Süd","constituency_code":"010","state":"Schleswig-Holstein"},"geometry":{"type":"Polygon","coordinates":[[[10.861893970574643,53.70237552846083],[10.906989390765117,53.702801655060895],[10.941766726035747,53.684542327874496],[10.95504208811359,53.65856368732858],[10.95191872188254,53.64762228252493],[10.926909979654212,53.620180270681246],[10.918242041605366,53.59563464945274],[10.923471200819623,53.583459302696674],[10.910241192688613,53.57196628829898],[10.869403400092047,53.56815041754818],[10.838115805404351,53.57654281661677],[10.823159998541371,53.57534282004144],[10.831124178570608,53.542451631486685],[10.81451848255265,53.52202490550429],[10.7776952655649,53.49678320863902],[10.756012052582557,53.48339358258059],[10.697277116029923,53.4665183786594],[10.652042560498572,53.46147700562612],[10.63311853940941,53.452916749367795],[10.617973764909872,53.42521723500213],[10.595046795164048,53.36392755298357],[10.58437248413996,53.36043030552807],[10.49989480207759,53.374263650356305],[10.425401079014652,53.39987218688579],[10.373478703766793,53.42530591634173],[10.331082152129392,53.42497813580061],[10.308312101768829,53.433221616010805],[10.314815081176938,53.43988174536197],[10.310940456199427,53.451891015379154],[10.29493569912351,53.45217994265652],[10.241028299160611,53.48244042481269],[10.235053640108548,53.490923243669755],[10.236678548007074,53.496354452941134],[10.225697200930721,53.49557566556108],[10.163705021452305,53.5203499715106],[10.14744232271384,53.56632162489771],[10.160557727776663,53.58405117521473],[10.196010207791733,53.58455681509853],[10.19518534821448,53.607584600069934],[10.221761273581137,53.633722532679],[10.171683834088158,53.66896490267339],[10.172995416617209,53.67969628218826],[10.265199568112006,53.694622341196954],[10.289630370964476,53.70467505561057],[10.314568505613932,53.697787785816224],[10.312683677978118,53.681900077883896],[10.403416287486104,53.673774047244926],[10.453709582568731,53.63424240059069],[10.497384841241425,53.63082770546652],[10.535327931712422,53.687688044157674],[10.5527859303449,53.70511190719054],[10.579621291917242,53.715196102765795],[10.597986981950799,53.71920795650497],[10.612788707302853,53.70862968135364],[10.600471848689482,53.69979951793308],[10.67944190328982,53.68077966184741],[10.691958035126373,53.69808332256089],[10.675952843559525,53.71627375264425],[10.686973723142037,53.757378541080115],[10.70115508950043,53.77188351178408],[10.694929192829237,53.783644383333865],[10.71291119130298,53.78797200797886],[10.740164446615037,53.80553941294836],[10.729103263792288,53.817652245353834],[10.76296429766516,53.81115294189997],[10.769277759988245,53.78889570407059],[10.761859443975847,53.76880557255848],[10.769015585586025,53.74891745765151],[10.824438833446475,53.71117631806859],[10.861893970574643,53.70237552846083]]]}},{"type":"Feature","properties":{"district":"011 Lübeck","constituency_code":"011","state":"Schleswig-Holstein"},"geometry":{"type":"Polygon","coordinates":[[[10.896843557841459,53.956909620627826],[10.903661739309177,53.95682190185068],[10.913005598742606,53.92404095977392],[10.956717127951073,53.914186983406786],[10.961212265424393,53.9090771476306],[10.913531045776995,53.89772855969393],[10.902096619388265,53.90629077402423],[10.862917173823144,53.91092049068254],[10.770835477093563,53.873462534998886],[10.750561791259791,53.853149183845105],[10.748784683514668,53.83466505956851],[10.7615910851311,53.82260091736286],[10.76296429766516,53.81115294189997],[10.729103263792288,53.817652245353834],[10.740164446615037,53.80553941294836],[10.71291119130298,53.78797200797886],[10.694929192829237,53.783644383333865],[10.70115508950043,53.77188351178408],[10.686973723142037,53.757378541080115],[10.675952843559525,53.71627375264425],[10.691958035126373,53.69808332256089],[10.684402108499308,53.683485761704915],[10.67944190328982,53.68077966184741],[10.6188336965238,53.692954985528054],[10.600471848689482,53.69979951793308],[10.612788707302853,53.70862968135364],[10.597986981950799,53.71920795650497],[10.579621291917242,53.715196102765795],[10.5527859303449,53.70511190719054],[10.535327931712422,53.687688044157674],[10.497384841241425,53.63082770546652],[10.453709582568731,53.63424240059069],[10.405014875172403,53.66927390345343],[10.411777812070575,53.69927875675744],[10.443812430099374,53.7009415954],[10.445647207080482,53.72305312114023],[10.407257151017749,53.731942783221456],[10.469839781406305,53.76623921839039],[10.503501743420449,53.753467553877556],[10.533887723519811,53.762743487811],[10.540590539878155,53.780179269382465],[10.547524694845672,53.782207155714204],[10.540570723636588,53.79147190754365],[10.580977716664956,53.801325225865575],[10.582456126821874,53.80468413820761],[10.57747565886301,53.803312847532915],[10.554769485179131,53.82565802277498],[10.565396903567994,53.83473510723073],[10.579025353033225,53.83768271396094],[10.591908119737166,53.853466445514655],[10.563510615279545,53.884646405769494],[10.573150852224915,53.8938934709428],[10.579575502885353,53.89762638074464],[10.602861233156185,53.89126744163866],[10.653313871277103,53.88991300888086],[10.666944584727467,53.89925559619131],[10.701813388686041,53.91068392248523],[10.803549723507665,53.93026630003154],[10.811840504991736,53.93385681269283],[10.847361669975488,53.97854885917537],[10.840885988239654,53.99189390344867],[10.860773982458063,53.99373296854987],[10.876834999661712,53.98736518513814],[10.884222728019543,53.97941813362135],[10.884016558282607,53.96048588245656],[10.896843557841459,53.956909620627826]]]}},{"type":"Feature","properties":{"district":"012 Schwerin – Ludwigslust-Parchim I – Nordwestmecklenburg I","constituency_code":"012","state":"Mecklenburg-Vorpommern"},"geometry":{"type":"Polygon","coordinates":[[[10.990361742887082,53.94544460157537],[11.004226657858716,53.942272327731445],[11.038555666572334,53.94805722422583],[11.047646856809019,53.9444694880394],[11.051593659321565,53.908799438077416],[10.994329651314603,53.8727483740575],[10.97957868719689,53.858432868290514],[10.994005213856024,53.85357030145891],[11.006708268978949,53.86013993984798],[11.081291794540075,53.85205204067918],[11.066681358854202,53.81288788990182],[11.074821169141261,53.802788557877086],[11.11686350982034,53.8072675144946],[11.128510290491896,53.8034089229983],[11.137698667051616,53.790371175269556],[11.151845865157734,53.785733779395336],[11.213399779303714,53.77031972480951],[11.281419684333908,53.761114301919484],[11.318071087891825,53.762099980042215],[11.385445016502459,53.77723476084132],[11.421783559103785,53.769108699090076],[11.427888558587458,53.76095901258826],[11.478014196849692,53.75142443729567],[11.495888206315932,53.75216657755078],[11.502386154867857,53.735425700058116],[11.498414482107076,53.7227104738523],[11.485765911749624,53.691947243620135],[11.47038345131416,53.68440412889076],[11.47987319433387,53.67627840136129],[11.504176476296477,53.621611710563016],[11.5050550851453,53.607891785157626],[11.48770842647904,53.579778837421586],[11.449948667407142,53.57309256243886],[11.465875764231386,53.55662270678726],[11.461946694243075,53.54883508825824],[11.4805387023762,53.49432753527119],[11.469313615564527,53.4549086555868],[11.510783165175056,53.44648665943052],[11.545742273377915,53.44596110245311],[11.555166568937056,53.457870046678295],[11.544938202415754,53.467834382611436],[11.55394906234835,53.47677194010748],[11.577880256922107,53.48567809900719],[11.609056258059757,53.46601570470529],[11.640324766823431,53.46199145761321],[11.619490725740725,53.43283784274777],[11.628786050957006,53.410957382548894],[11.681371001880184,53.39009664475305],[11.69849163335679,53.36454790302759],[11.687961438724612,53.349109037941055],[11.716999117172723,53.31057774148029],[11.767734514072158,53.30869795046083],[11.786058437665522,53.293243839555835],[11.78220264177845,53.28963458834868],[11.785985763335033,53.275850447957346],[11.797671283806565,53.27339914101102],[11.82195143401128,53.27743676772266],[11.819670878724962,53.28942609375713],[11.841196725423417,53.293309780557585],[11.853623347997122,53.27244379862083],[11.831693072044459,53.25735682962309],[11.796115927448161,53.2536568795585],[11.802992256883796,53.24693174631918],[11.817224963633777,53.24525139537632],[11.832623888396583,53.23062056031847],[11.728268011052977,53.21700554064456],[11.726944597479525,53.22635761108921],[11.70253214041502,53.239936458085715],[11.628669886965374,53.241900935033165],[11.553182102114459,53.208890293583885],[11.556928021864419,53.18499951224058],[11.56500869165443,53.178996975947506],[11.569364935364733,53.166094855860656],[11.549837693700686,53.13500668005356],[11.534832146284032,53.12490416539135],[11.479453099465697,53.12859679248685],[11.459336363625589,53.14034403373453],[11.431950241181598,53.139036586547626],[11.404880409443187,53.1370284783824],[11.399946709318483,53.11423115195519],[11.392959316021436,53.11003925184363],[11.336617514408452,53.11374620235804],[11.265731920541882,53.121977893373256],[11.24569726870219,53.136421921993154],[11.22338028038968,53.14377442135706],[11.184781162207145,53.13627486897676],[11.171861638595395,53.156644200028566],[11.189095211746102,53.165627358889516],[11.194111224753376,53.18118602614514],[11.136708435798688,53.19233870745849],[11.080144557175068,53.2205207301885],[11.06225828836813,53.23545317281817],[10.988000625337667,53.3334265066658],[10.916502076941986,53.34466359218471],[10.887980383360944,53.324031546938556],[10.834041184258753,53.30577427075608],[10.793262566038317,53.31556723577539],[10.759653773420327,53.32998715544772],[10.752840906533974,53.34099311218576],[10.700692789980002,53.37002280536881],[10.630703698415097,53.37077342691837],[10.595046795164048,53.36392755298357],[10.617973764909872,53.42521723500213],[10.63311853940941,53.452916749367795],[10.652042560498572,53.46147700562612],[10.697277116029923,53.4665183786594],[10.756012052582557,53.48339358258059],[10.7776952655649,53.49678320863902],[10.81451848255265,53.52202490550429],[10.831124178570608,53.542451631486685],[10.823159998541371,53.57534282004144],[10.838115805404351,53.57654281661677],[10.869403400092047,53.56815041754818],[10.910241192688613,53.57196628829898],[10.923471200819623,53.583459302696674],[10.918242041605366,53.59563464945274],[10.926909979654212,53.620180270681246],[10.95191872188254,53.64762228252493],[10.95504208811359,53.65856368732858],[10.941766726035747,53.684542327874496],[10.906989390765117,53.702801655060895],[10.861893970574643,53.70237552846083],[10.824438833446475,53.71117631806859],[10.769015585586025,53.74891745765151],[10.761859443975847,53.76880557255848],[10.769277759988245,53.78889570407059],[10.7615910851311,53.82260091736286],[10.748784683514668,53.83466505956851],[10.750561791259791,53.853149183845105],[10.770835477093563,53.873462534998886],[10.862917173823144,53.91092049068254],[10.902096619388265,53.90629077402423],[10.913531045776995,53.89772855969393],[10.961212265424393,53.9090771476306],[10.956717127951073,53.914186983406786],[10.913005598742606,53.92404095977392],[10.903661739309177,53.95682190185068],[10.933514303326614,53.96493270259257],[10.975660901055738,53.98507273938573],[10.984964594899033,53.97750592988142],[10.990361742887082,53.94544460157537]]]}},{"type":"Feature","properties":{"district":"013 Ludwigslust-Parchim II – Nordwestmecklenburg II – Landkreis Rostock I","constituency_code":"013","state":"Mecklenburg-Vorpommern"},"geometry":{"type":"MultiPolygon","coordinates":[[[[11.490959095959386,54.00076359757203],[11.455957341828285,53.95753345288204],[11.446825000415643,53.958629900274225],[11.441474096318256,53.96462177992515],[11.446521119281353,53.97572563985878],[11.446154083876662,53.99732769666799],[11.427868479932906,53.98580985578236],[11.427939144424556,53.9725378860402],[11.433488300119702,53.96513815179064],[11.388106554282233,53.9661351098952],[11.377943645469252,53.975428642979494],[11.374182131454683,53.99234735155122],[11.406778711439403,54.00937004603373],[11.467246331499098,54.024384662455574],[11.49519903189888,54.020959825069106],[11.490959095959386,54.00076359757203]]],[[[11.976002591472273,54.146870238086],[12.01967606859887,54.128796200759],[12.021990262318045,54.122857562226706],[12.000576155452547,54.11037882143467],[11.986730840828777,54.0887609982384],[11.997420368364946,54.07534771861893],[12.002517363555892,54.05103215277193],[11.970754569149761,54.0386539263171],[12.022656251196583,53.9890711608759],[11.998842199183615,53.9630186570564],[11.938591405898569,53.95903880724935],[11.924819576145365,53.97385859673369],[11.927686263078563,53.98362706682749],[11.921188001769181,53.98486914823837],[11.901517932095617,53.98088735448106],[11.875639052046818,53.96795151241153],[11.86669882723251,53.94970494595166],[11.84045589182346,53.9358673023197],[11.792296575458169,53.94142499312025],[11.791802160685487,53.93351538144614],[11.79970638282044,53.929543156172656],[11.79147326827418,53.89229104501857],[11.787299956022247,53.88593749385171],[11.770674390807297,53.88217325264866],[11.760846765874007,53.87363931243488],[11.760731538065832,53.83351565217813],[11.7649105317118,53.82418296983046],[11.792122121076211,53.82259121191952],[11.801710542606871,53.81772914051951],[11.81031517881856,53.794385401728846],[11.807868712065332,53.7887235838711],[11.796897666191555,53.78463359854818],[11.793109619751998,53.77203086572248],[11.905070773080231,53.73223804545454],[11.908109099764166,53.738098317842194],[11.93546606534128,53.74268197702346],[11.983784352565532,53.74294001306185],[12.034004230359592,53.715361273356464],[12.03924611955529,53.710218965738335],[12.0283709051692,53.68991831378615],[12.04972242292886,53.665721355808955],[12.082212119006249,53.647381302015496],[12.139318333713005,53.63585316329382],[12.198097199002536,53.64049764073861],[12.20919259664202,53.60324391023225],[12.305615901321053,53.567699695535865],[12.292833228649249,53.52030973195763],[12.30228781368454,53.50081904556635],[12.330679233008427,53.47814383928082],[12.363559952087838,53.47958367687409],[12.310804601894965,53.439478084224895],[12.303787834299373,53.42699588500082],[12.302709869137038,53.406605392862005],[12.275056222265006,53.37897775516731],[12.289807510750306,53.35467096384899],[12.324459109481015,53.34963031349473],[12.337565179062638,53.34254849440402],[12.344773711992039,53.33389967995876],[12.330949853091873,53.31822962832406],[12.310288090763752,53.32692397901447],[12.291303295883104,53.32867678640141],[12.257793663475203,53.32475587288616],[12.236430163889565,53.34197901215602],[12.229435329954855,53.35816053011739],[12.109268408520617,53.34382753671386],[12.081197375174668,53.34644840798511],[12.076698917023478,53.36931225315128],[12.045284959456474,53.37098764217585],[12.057339344660717,53.34934209671206],[12.014610854885385,53.33442359815848],[12.023639492447499,53.304143084233914],[12.018530148107688,53.299594720287104],[11.972776168934002,53.29463274401629],[11.945417853328069,53.27433593742327],[11.900654035318455,53.27582617021926],[11.879091169529307,53.26203782555375],[11.848000263921309,53.25088590934483],[11.812682182775058,53.253246886752656],[11.831693072044459,53.25735682962309],[11.853623347997122,53.27244379862083],[11.841196725423417,53.293309780557585],[11.819670878724962,53.28942609375713],[11.82195143401128,53.27743676772266],[11.797671283806565,53.27339914101102],[11.785985763335033,53.275850447957346],[11.78220264177845,53.28963458834868],[11.786058437665522,53.293243839555835],[11.767734514072158,53.30869795046083],[11.716999117172723,53.31057774148029],[11.687961438724612,53.349109037941055],[11.69849163335679,53.36454790302759],[11.681371001880184,53.39009664475305],[11.628786050957006,53.410957382548894],[11.619490725740725,53.43283784274777],[11.640324766823431,53.46199145761321],[11.609056258059757,53.46601570470529],[11.577880256922107,53.48567809900719],[11.55394906234835,53.47677194010748],[11.544938202415754,53.467834382611436],[11.555166568937056,53.457870046678295],[11.545742273377915,53.44596110245311],[11.510783165175056,53.44648665943052],[11.469313615564527,53.4549086555868],[11.4805387023762,53.49432753527119],[11.461946694243075,53.54883508825824],[11.465875764231386,53.55662270678726],[11.449948667407142,53.57309256243886],[11.48770842647904,53.579778837421586],[11.5050550851453,53.607891785157626],[11.504176476296477,53.621611710563016],[11.47987319433387,53.67627840136129],[11.47038345131416,53.68440412889076],[11.485765911749624,53.691947243620135],[11.498414482107076,53.7227104738523],[11.502386154867857,53.735425700058116],[11.495888206315932,53.75216657755078],[11.478014196849692,53.75142443729567],[11.427888558587458,53.76095901258826],[11.421783559103785,53.769108699090076],[11.385445016502459,53.77723476084132],[11.318071087891825,53.762099980042215],[11.281419684333908,53.761114301919484],[11.213399779303714,53.77031972480951],[11.137698667051616,53.790371175269556],[11.128510290491896,53.8034089229983],[11.11686350982034,53.8072675144946],[11.074821169141261,53.802788557877086],[11.066681358854202,53.81288788990182],[11.081291794540075,53.85205204067918],[11.006708268978949,53.86013993984798],[10.994005213856024,53.85357030145891],[10.97957868719689,53.858432868290514],[10.994329651314603,53.8727483740575],[11.051593659321565,53.908799438077416],[11.047646856809019,53.9444694880394],[11.038555666572334,53.94805722422583],[11.004226657858716,53.942272327731445],[10.990361742887082,53.94544460157537],[10.984964594899033,53.97750592988142],[10.975660901055738,53.98507273938573],[11.028348342190935,54.003268444924856],[11.089594726982577,54.01365680616088],[11.181602748095292,54.01479179528868],[11.220730939351583,53.983796960956326],[11.2455526115749,53.94279289354692],[11.25704598730474,53.935852625701614],[11.284768720093039,53.93083740443664],[11.314834456239032,53.942070601591425],[11.351616430961762,53.94228702582993],[11.401381069263,53.927962016038656],[11.403053349271618,53.92195536937488],[11.413635559077434,53.916407380135915],[11.446435553633087,53.906209844295226],[11.475016100443312,53.92900570273108],[11.481320323805786,53.96211109127634],[11.518527422999608,54.03028601623969],[11.525986542657876,54.03407850609895],[11.53449367427748,54.02724546683607],[11.561778706199581,54.02808831677152],[11.572863470121373,54.03311177274319],[11.62446961302436,54.07678237898206],[11.62648584316928,54.089645668914415],[11.612233601549335,54.09995422338356],[11.603795873308728,54.10002091462531],[11.582471030032362,54.090124236465925],[11.536823229741316,54.05654019174592],[11.525811786186653,54.07197790490622],[11.553862621422867,54.09342409466594],[11.612411574011881,54.11135392942589],[11.68004632969053,54.15238591954296],[11.761385157412608,54.15450191915727],[11.797592130153864,54.14680314621134],[11.849773746946145,54.14500206849767],[11.987561649140499,54.17261705213074],[11.987390303927155,54.16475374560644],[11.976002591472273,54.146870238086]]]]}},{"type":"Feature","properties":{"district":"014 Rostock – Landkreis Rostock II","constituency_code":"014","state":"Mecklenburg-Vorpommern"},"geometry":{"type":"Polygon","coordinates":[[[12.365663385292828,54.162125804232986],[12.384896003049676,54.13143813754084],[12.38766680685021,54.112593647846445],[12.42341716748302,54.11675668385805],[12.460443434369896,54.107090282367245],[12.477882071625976,54.09528016721442],[12.554533404017072,54.093002199521834],[12.567073208544107,54.08355943462022],[12.594503775191155,54.07412715097121],[12.607537811708246,54.077618789246934],[12.653646123887874,54.05085701904108],[12.659339382066012,54.046221184307726],[12.656690828538784,54.03903377546818],[12.617892656303274,54.00549050846172],[12.564620527182981,54.01173849750721],[12.539592334911577,54.002796390334915],[12.553372088538731,53.992650548591335],[12.552263068559261,53.97793261273241],[12.513003495091855,53.951184592476935],[12.480814172520938,53.95784645830791],[12.474987643616599,53.97108457525193],[12.440757829817247,53.986070205077965],[12.399680585872966,53.97968527772821],[12.375542099860155,53.9696280175811],[12.368419493088073,53.95995020955089],[12.346226989492342,53.96439600440777],[12.336105005409047,53.98084409233447],[12.344885953450643,53.98659058744931],[12.33763057932217,53.999563790318724],[12.329662965334323,54.001199277161874],[12.300221532715472,53.98852797589047],[12.281492056013617,53.97239985066386],[12.293769677748129,53.96526061569879],[12.296109786749987,53.956277975062875],[12.28929642207084,53.95397699106539],[12.190438936767968,53.968231792046915],[12.15939491458476,53.927526220802186],[12.175995294704299,53.90838168869879],[12.176424022447641,53.893083280432286],[12.133075593367273,53.89482765346362],[12.112474594031026,53.86522973136107],[12.099725934519835,53.86001219550515],[12.041055460361873,53.88273932520428],[12.034111036526024,53.89107322128561],[12.036359189014297,53.90173735890557],[11.988220191107933,53.92698451660244],[11.999996932949605,53.95015748195042],[11.998842199183615,53.9630186570564],[12.022714274134508,53.989420823616186],[11.971066048347877,54.03569475643422],[11.978560976041653,54.04334086068],[12.002517363555892,54.05103215277193],[11.997420368364946,54.07534771861893],[11.986730840828777,54.0887609982384],[12.000576155452547,54.11037882143467],[12.021990262318045,54.122857562226706],[12.01967606859887,54.128796200759],[11.976002591472273,54.146870238086],[11.987390303927155,54.16475374560644],[11.987561649140499,54.17261705213074],[12.06488152335971,54.17846372136832],[12.086768578656613,54.18508058075744],[12.096252913505932,54.16991857224212],[12.08739657509445,54.139552320788],[12.089021890486642,54.11190988343001],[12.107232192960769,54.096347228699216],[12.151963692888542,54.08528682909496],[12.153552562962501,54.09688429395836],[12.13205289880897,54.097073878182414],[12.111486360943113,54.110001450481334],[12.104952458965135,54.1254139655402],[12.107998093037816,54.15771238715132],[12.130756307534003,54.155146215217115],[12.142718906912158,54.159750296978984],[12.139046034652816,54.19364313587992],[12.184610059212723,54.23629110984096],[12.28553044837142,54.27495192982412],[12.299341406067375,54.25362163057114],[12.311638365367832,54.24838786333719],[12.31297777941049,54.23430238456984],[12.372420012805486,54.20599662556399],[12.364305673414924,54.18702903121577],[12.365663385292828,54.162125804232986]]]}},{"type":"Feature","properties":{"district":"015 Vorpommern-Rügen – Vorpommern-Greifswald I","constituency_code":"015","state":"Mecklenburg-Vorpommern"},"geometry":{"type":"MultiPolygon","coordinates":[[[[12.64891980405204,54.4446529573327],[12.78608384139953,54.440765416765906],[12.920989457976429,54.44509465076373],[12.915394374168908,54.43882918647879],[12.926951676972493,54.42796397297096],[12.912098822641871,54.42033222325796],[12.883296053590339,54.416971026904285],[12.833700055969928,54.4226293541293],[12.757602177003251,54.41414415620475],[12.740056859562957,54.415227200358004],[12.72385432232155,54.42479731767882],[12.638081608301047,54.42551240405241],[12.576890445605445,54.40367012501224],[12.577338566903704,54.39682648760715],[12.587900674965892,54.39253079293676],[12.442762936512002,54.37422339786356],[12.422646818191403,54.36422764433964],[12.410086674814096,54.336118984392826],[12.385655080795253,54.312224710712975],[12.370842683889471,54.30900020339102],[12.363647429808953,54.265831655291755],[12.418399625728997,54.24637389768974],[12.459669739611138,54.24795022238813],[12.449994470103006,54.254485723847765],[12.417734010968571,54.258693687946156],[12.40935579989566,54.28003921924183],[12.434553388026371,54.296593570106836],[12.47872804399965,54.30392873639641],[12.4795504125242,54.31225732477835],[12.471596475356643,54.32215810519892],[12.473091151566022,54.32960979119852],[12.520273058649526,54.33373731519941],[12.551858852250753,54.35712737989183],[12.667752669126948,54.38898322685524],[12.671718612748371,54.39493207895207],[12.66022226424051,54.39858031520053],[12.661149965507027,54.40438186334706],[12.693791345157381,54.404992431437094],[12.714848482497764,54.39896254825718],[12.713607263573586,54.386632569536445],[12.719540384706098,54.37311047092019],[12.767306592432398,54.370981967883395],[12.774692807650649,54.38684791179325],[12.784200196976455,54.38553508082981],[12.80309570467355,54.37161571362563],[12.813486974930896,54.34831160687103],[12.846313776051293,54.35107724873754],[12.883107689234038,54.36894906214132],[12.885650783661028,54.38512970836497],[12.904382601048892,54.4037393483169],[12.925078543871118,54.41355281857763],[12.9984018150182,54.43340727856711],[13.031257248344481,54.4238335270372],[13.024776725566563,54.422118403929254],[13.021969941532696,54.4151810596856],[13.024852586467212,54.39741601849964],[13.04846039660885,54.38012555925455],[13.068172398045217,54.38151074763452],[13.085661949152648,54.3603787288148],[13.076239539176692,54.34348810591586],[13.103221294786792,54.283875563535794],[13.14276586164782,54.253654701339364],[13.16277734370717,54.26053496963227],[13.203406679851275,54.25685417643203],[13.291229098082576,54.23403459695967],[13.305505966440517,54.20635487012502],[13.336657400040808,54.17700110926212],[13.323187969985645,54.16505320694668],[13.325662445324458,54.16293764612633],[13.392055196110416,54.17156317369098],[13.41482481341674,54.163983256542565],[13.4209327510455,54.14034616150551],[13.458847550062814,54.090660949006704],[13.493070939080557,54.083639125689494],[13.503337883055865,54.089042973317135],[13.507691858455457,54.08240361908624],[13.499290474825594,54.08029545744527],[13.501774755386716,54.065665237403714],[13.53904414266673,54.050858259994435],[13.538704302782337,54.04710910625447],[13.467385829052011,54.03039712373027],[13.434484235978697,54.039875924695146],[13.419212457341152,54.01701622151592],[13.434311147362353,54.0040057327369],[13.430139265317077,53.99309227756283],[13.409011700282514,53.9665297778808],[13.402591295033695,53.96513332533093],[13.382193524631456,53.97796657875542],[13.291425789770662,54.00768902437774],[13.2712204217682,54.03077132104614],[13.239183966446024,54.04754837103325],[13.23282233836867,54.05660338702875],[13.201558884175437,54.03542589541943],[13.157453187163224,54.021561129324716],[13.130985689935345,54.02253525673307],[13.09288828326177,54.03576168497921],[13.040723608700944,54.025420650840005],[12.986710882948275,54.003969288080775],[12.957371730277483,54.004451719271245],[12.908836239810405,53.98373119641982],[12.86399773317666,53.97403882749818],[12.827999938001705,53.996894766702894],[12.769118195303875,54.02144214336565],[12.69237601665191,54.03168227500865],[12.690647804143186,54.03704101076915],[12.659339382066012,54.046221184307726],[12.607537811708246,54.077618789246934],[12.594503775191155,54.07412715097121],[12.567073208544107,54.08355943462022],[12.554533404017072,54.093002199521834],[12.477882071625976,54.09528016721442],[12.460443434369896,54.107090282367245],[12.42341716748302,54.11675668385805],[12.395705081406675,54.111798333620094],[12.38452028157146,54.114069489496366],[12.384896003049676,54.13143813754084],[12.36521150829558,54.1630039000314],[12.364305673414924,54.18702903121577],[12.372420012805486,54.20599662556399],[12.31297777941049,54.23430238456984],[12.311638365367832,54.24838786333719],[12.299341406067375,54.25362163057114],[12.28553044837142,54.27495192982412],[12.34348823266652,54.302723349185534],[12.3914484527413,54.35698527326466],[12.466099819380291,54.419382201418586],[12.48934957047927,54.460151265318544],[12.510195681597569,54.48249041560073],[12.524002997486793,54.486728471766845],[12.526304422511643,54.47017192779608],[12.551586520114851,54.45645117797161],[12.64891980405204,54.4446529573327]]],[[[13.077894939836536,54.48277898523631],[13.07341777312337,54.48193529098053],[13.069329668149251,54.46266118420263],[13.063508295419945,54.4581445524188],[13.062079614660902,54.48245337252137],[13.101162769895165,54.56684042368669],[13.101558061213877,54.58804667190526],[13.097982708171479,54.590284631982044],[13.124003650546898,54.6042438103774],[13.144402262642913,54.60362179266493],[13.146582253341203,54.599857916310285],[13.113235774346355,54.57822279467602],[13.11658402674544,54.53799591727796],[13.077894939836536,54.48277898523631]]],[[[13.383087304543254,54.64578344869008],[13.3765763375158,54.63330259810258],[13.38461695880863,54.60934353455803],[13.407237749817469,54.58658495056895],[13.430227675757797,54.575185217605856],[13.461644922305432,54.57023143874958],[13.634652572560856,54.58541383256397],[13.679658940195766,54.563065208625204],[13.679252393123932,54.53316078906478],[13.669017563599109,54.521189564957425],[13.608526143135828,54.498559741781776],[13.578772093777568,54.48000753070478],[13.57035200749059,54.4708234892492],[13.570249734000965,54.45627928096917],[13.589018456691841,54.423590577174174],[13.609256160031812,54.40560668656501],[13.623417586505232,54.39892126530536],[13.656897514993455,54.399622905257445],[13.7084850691498,54.37121602934291],[13.740699073060469,54.34674585478866],[13.736373010383472,54.33262155822421],[13.717884506045559,54.310403243679374],[13.700975117946673,54.29572688721556],[13.663845902636945,54.288300743513254],[13.666061681216732,54.305455481938466],[13.70013312244344,54.31598825234984],[13.704244951443755,54.321859992405614],[13.70290469570326,54.325947357204555],[13.674335116138886,54.329871329791175],[13.672861795121287,54.3359330723054],[13.684809766076945,54.34650183861767],[13.675858003320547,54.35067336584158],[13.603276817982362,54.34513392160003],[13.574725501404656,54.352601721275896],[13.55135006273259,54.33951191934674],[13.538170098950639,54.3427694628824],[13.49561986970904,54.337122506481556],[13.471065538442666,54.33050730801454],[13.42504264883847,54.306039685916886],[13.394667336168595,54.2793929112437],[13.375221826602077,54.27863245540189],[13.350259886813301,54.269460741635434],[13.358352936300367,54.24824032270312],[13.381225021134384,54.253405603093064],[13.3951717537531,54.26475782358702],[13.405300660892188,54.26358027341798],[13.422390480631867,54.24760112941244],[13.424746505621025,54.23959312930908],[13.417769984640058,54.23263817230234],[13.385979527110479,54.228188345606604],[13.327292243054433,54.23897610306342],[13.3209167832213,54.24382455888092],[13.336761497440534,54.27848269072936],[13.310412279822115,54.26462602992191],[13.30700524279321,54.25852000627412],[13.2611852431928,54.255546595913515],[13.21474080812318,54.270531915167645],[13.201511706267246,54.2869725430781],[13.164330819062593,54.28865736565029],[13.115126635669855,54.33163840933178],[13.116058998458913,54.34391835361091],[13.129353246388556,54.371428783650735],[13.188497657480996,54.37529145969207],[13.235310833145624,54.36925177768374],[13.262781393471025,54.3834222161717],[13.255707970338243,54.3864072762189],[13.24727091421983,54.4027271860446],[13.20256952538215,54.425722241661326],[13.157615985964904,54.42031776732693],[13.149574689090699,54.42330787407371],[13.149769471640512,54.429448416447435],[13.172477645052531,54.45237063654469],[13.190742593769649,54.45476712846563],[13.193423499336273,54.451062691829904],[13.270386264895407,54.48020010010708],[13.249869427334897,54.48742212078198],[13.236807849037357,54.48271134211739],[13.22906267937091,54.48488227505615],[13.226148002149351,54.49265271927371],[13.232959096617007,54.50530621028208],[13.23108775426705,54.51129334941809],[13.200463889435335,54.50379545322624],[13.17004562928948,54.50831372770118],[13.162789461311766,54.514000150099186],[13.154971364654639,54.541003867151026],[13.242497424216793,54.55439641118273],[13.278282438359241,54.54313243755833],[13.290883271546349,54.53309951997259],[13.287293311016038,54.521869259492036],[13.305326717701151,54.513816516736746],[13.312594663722177,54.524551424511706],[13.298208989173887,54.55368777496],[13.35057742222005,54.57977172226416],[13.367715935640147,54.57960898146084],[13.369932157182282,54.57715135353175],[13.360568837744012,54.57010535627699],[13.35290246491934,54.55370515614433],[13.336592140715506,54.548727307458336],[13.361742886409157,54.54217775913433],[13.344956226373531,54.52117682770914],[13.349506326985164,54.518082845661894],[13.372705753120895,54.521851476060554],[13.387962025401874,54.53143030918309],[13.388819811326771,54.540007724172945],[13.358139838818657,54.55096511414516],[13.373401771350741,54.56069683603307],[13.414386954667737,54.519585217173685],[13.4064192162475,54.506419096275465],[13.413090710952016,54.49353531704856],[13.453374216905246,54.474792700936256],[13.492126907028876,54.481857927159595],[13.515799228507856,54.5160548623531],[13.503515130219409,54.548698579385416],[13.510281508988596,54.55765609736556],[13.445405826178275,54.55200622826555],[13.39999998355346,54.572466668715485],[13.38390043619507,54.58821486311715],[13.38356341899733,54.59696266012367],[13.370947930995754,54.61410049772083],[13.35488308485502,54.61131991140444],[13.327775920306353,54.59389180294512],[13.331060169960242,54.59023440146348],[13.321101515305637,54.58020783415892],[13.277137139878816,54.564733754411755],[13.250942605366191,54.56147074869256],[13.248179888020523,54.56825857329478],[13.257389242958377,54.59045976699316],[13.288095943553007,54.625571404393646],[13.288232532001121,54.64091819563521],[13.28297713320267,54.646521484899374],[13.263637013054996,54.64371137335592],[13.241206701802398,54.633259132108854],[13.230696822025646,54.622918073007064],[13.235474899564881,54.59749214589115],[13.182474998244965,54.564225935328615],[13.160273345994307,54.559170952612305],[13.168496607644963,54.57353947543764],[13.197332629021924,54.583574759738106],[13.215996240698294,54.59647450152202],[13.222259226979027,54.61078529370487],[13.219555228131378,54.639940870094],[13.247011445269884,54.657751460527145],[13.289709806759994,54.67390158596269],[13.381055773486464,54.68377784962589],[13.428208125163705,54.684835741761155],[13.436081937556333,54.678743642069],[13.427860790050776,54.660170313924255],[13.392026224815316,54.65220852078453],[13.383087304543254,54.64578344869008]],[[13.483524736229967,54.473777959017305],[13.47108257658862,54.458546381932585],[13.472183464477796,54.451746067952165],[13.50558889724349,54.45164619059483],[13.513288802004405,54.44340301667613],[13.503753372152943,54.43602930295763],[13.486809573646715,54.43463490489105],[13.484081098381356,54.43883254899829],[13.498317187949107,54.44644638324179],[13.483485078495612,54.4428898133979],[13.475685187284503,54.43268771515883],[13.476648605355992,54.424371912083444],[13.534915634398871,54.41618037285139],[13.54132608849287,54.4196738513131],[13.542663858637574,54.4276654091193],[13.52091903109122,54.42984172666319],[13.520433487454893,54.434103302928655],[13.546093567010704,54.43363860479982],[13.557490978631508,54.43870888007807],[13.54783645160195,54.47525081099635],[13.514419835381378,54.48050085888958],[13.483524736229967,54.473777959017305]]]]}},{"type":"Feature","properties":{"district":"016 Mecklenburgische Seenplatte I – Vorpommern-Greifswald II","constituency_code":"016","state":"Mecklenburg-Vorpommern"},"geometry":{"type":"MultiPolygon","coordinates":[[[[13.756759058402409,54.12445747515454],[13.775684912266694,54.10959825602911],[13.78917052028932,54.106807863260876],[13.799998640717842,54.09251369019118],[13.790120590130364,54.064370102054646],[13.773806349009895,54.05980208817441],[13.783905418597183,54.051806251116396],[13.754321066030817,54.034710962442226],[13.748739766712173,54.02636518520769],[13.795544268540024,53.995808617087704],[13.81088114161374,53.99530216295197],[13.827915910938444,53.985909294624825],[13.894008282886494,53.9427989666124],[13.91410624355529,53.92185745924259],[13.90328711419468,53.91099614226094],[13.882485152208057,53.90860725142971],[13.824876895043364,53.87723661221265],[13.814532334185532,53.86254685267288],[13.824459459950436,53.84317730134654],[13.849814718012516,53.843127101203244],[13.867769548017385,53.835432498940435],[13.875124536480344,53.8195783645952],[13.894153884427892,53.808328198813165],[13.931334850124097,53.797550028191274],[13.972215752639062,53.77242640208613],[14.102732778983498,53.7397821222298],[14.181202458233201,53.73522509291044],[14.233486146447756,53.76138763964355],[14.26591785799915,53.749064388278285],[14.271586666056338,53.737881559999586],[14.25121628981129,53.719493450889495],[14.218621919189,53.709006107888726],[14.214806662413991,53.703142805397775],[14.245380461992557,53.69368901618395],[14.267535377174415,53.69781888423047],[14.283569455887614,53.682215683954524],[14.284446294092568,53.643943609607675],[14.316902819812077,53.61806844718392],[14.312177529200726,53.572075085863695],[14.302557319401194,53.55340466516193],[14.30576665362442,53.543920939528675],[14.326882897676454,53.50381049288485],[14.3506478826727,53.49600627052611],[14.373283272384715,53.40895073403695],[14.389229212663718,53.38782927832602],[14.39479406656548,53.375719359132866],[14.393475281173952,53.36043145295806],[14.412106517388521,53.32963783629816],[14.395366691002845,53.328883349236925],[14.3489579389436,53.30998995824015],[14.317090371237812,53.31229076512439],[14.301670245861931,53.28913627121406],[14.258935610554252,53.25811807222749],[14.207654905657666,53.25796178621215],[14.160239072090294,53.26781071521686],[14.126791401618567,53.260283154684124],[14.098893557688687,53.26195163105869],[14.109653482468694,53.28263829079646],[14.183564002194872,53.32737843253964],[14.22491670564825,53.36040719204465],[14.243142634976277,53.39230278175539],[14.241636344812076,53.422151923363735],[14.237692049618566,53.426780061152535],[14.224661389472782,53.43424798630215],[14.205119452328839,53.42302346757502],[14.177268312750952,53.42268956050918],[14.136753799307781,53.4411248243155],[14.121395839893447,53.44182970204625],[14.078953913776141,53.412570149588674],[14.051325004133485,53.41337115721041],[14.045604132642064,53.42942541991168],[14.002490942306887,53.43491596318642],[13.92438344034831,53.42537411052771],[13.89339094461682,53.46576224710901],[13.879268140344314,53.504139956230134],[13.82255342719093,53.51810439125495],[13.79999649538828,53.54523645275494],[13.800570849547785,53.55825191570656],[13.791990732451016,53.55846579611789],[13.779960491205836,53.5426765474043],[13.777445760161665,53.526703706336264],[13.782335032415146,53.51332589251407],[13.824928863731568,53.49889830405649],[13.81254713855636,53.48458725551089],[13.782188856484225,53.47411967965789],[13.716448213647805,53.48249227962865],[13.640062957643357,53.44681120021161],[13.633452226990014,53.43990074688167],[13.637297917403744,53.43722124643269],[13.636071232799456,53.42427283950791],[13.625216953653227,53.40930256547052],[13.576341003478435,53.408061284893854],[13.550112204615226,53.39908127113634],[13.547142075367722,53.39293055699147],[13.556587112430293,53.3915627440156],[13.552295398244752,53.374624118103824],[13.54342450229087,53.364032243104155],[13.526033932479216,53.3663259911912],[13.516699914131722,53.35172075761525],[13.523198986961154,53.32030308493213],[13.484025924050224,53.29202770675507],[13.461282870839595,53.28869303765736],[13.456501243462686,53.29304508101469],[13.438069038819265,53.2872454672416],[13.408344794645073,53.26150878332104],[13.40517467482793,53.24641823415245],[13.386700343440218,53.24368862580661],[13.360450598664169,53.277998932516745],[13.297801779048417,53.280892500167994],[13.233252595386523,53.25568046482537],[13.207910379464618,53.264544601950774],[13.205399034893347,53.269330932419685],[13.24667078595465,53.30420977576937],[13.269720484190492,53.316885871215334],[13.308320672335169,53.31617957105592],[13.327618605620561,53.304223742215434],[13.335236839903422,53.30663831484375],[13.339044417206592,53.3258610783765],[13.324485916196133,53.35579639097146],[13.328886171328646,53.362269714333934],[13.383076216214752,53.393937270206806],[13.421687206044922,53.40277539209173],[13.405567324849727,53.42208948893185],[13.376430057179869,53.43697509818268],[13.276364931993857,53.43815783592233],[13.232280804276009,53.44998969310393],[13.22748353625247,53.43703847479091],[13.194566320065972,53.435632230235065],[13.142590501754999,53.450031998151566],[13.137389199976003,53.45898299450509],[13.164758185304434,53.48960610474016],[13.166098841383079,53.5101600427515],[13.1582885442242,53.55397494077361],[13.143684128436332,53.56117613902126],[13.128907286656522,53.55578212344816],[13.093902696655585,53.55726897122719],[13.088543933143654,53.56113083029837],[13.091939424825215,53.57511287921816],[13.137681270341306,53.594878239743664],[13.227815547720276,53.61584935545832],[13.253030157276747,53.62987452621969],[13.267299320613555,53.663138729120796],[13.348518930983742,53.68100509800356],[13.395743763614778,53.6990525144754],[13.414582080175817,53.71022769450553],[13.432350691433065,53.749748294329066],[13.375101150982484,53.76745241448807],[13.35162667797386,53.785786734974245],[13.364334632779828,53.80056224229706],[13.379807941376187,53.80098644608258],[13.393448881298957,53.815413781474355],[13.3969864157195,53.830660013274695],[13.375259724842309,53.84637616453109],[13.337461628249782,53.84911477240378],[13.302977434501923,53.8236198245121],[13.30061879768032,53.81082626286986],[13.234577059769663,53.80798300959417],[13.185800599617222,53.83641150809986],[13.181330509780212,53.8568326939214],[13.191582397838102,53.892971747973526],[13.210556910923755,53.91072633773163],[13.194584173308135,53.930299763619175],[13.155142222216146,53.944332693199705],[13.133050506974936,53.93178666788688],[13.064399404022074,53.95461909091657],[13.01003252689669,53.99442533530207],[12.986710882948275,54.003969288080775],[13.040723608700944,54.025420650840005],[13.09288828326177,54.03576168497921],[13.130985689935345,54.02253525673307],[13.157453187163224,54.021561129324716],[13.201558884175437,54.03542589541943],[13.23282233836867,54.05660338702875],[13.239183966446024,54.04754837103325],[13.2712204217682,54.03077132104614],[13.291425789770662,54.00768902437774],[13.382193524631456,53.97796657875542],[13.402591295033695,53.96513332533093],[13.409011700282514,53.9665297778808],[13.430139265317077,53.99309227756283],[13.434311147362353,54.0040057327369],[13.419212457341152,54.01701622151592],[13.434484235978697,54.039875924695146],[13.467385829052011,54.03039712373027],[13.538704302782337,54.04710910625447],[13.53904414266673,54.050858259994435],[13.501774755386716,54.065665237403714],[13.498917689239464,54.079108925180435],[13.507691858455457,54.08240361908624],[13.50737949814585,54.086042511382814],[13.486359834963308,54.10185048699009],[13.476314776440637,54.11761020292733],[13.48132524457214,54.12087420272474],[13.509843107828694,54.12804178520889],[13.623476488566574,54.13966051167548],[13.696935615093203,54.172409999247336],[13.718328695702366,54.1635856321377],[13.70120002207599,54.14875172360501],[13.762155292733336,54.128169275232935],[13.756759058402409,54.12445747515454]]],[[[13.849636040653285,54.11668802322148],[13.914589476855937,54.08216981267359],[13.965712072314728,54.07079126984673],[14.015893271476978,54.05322224134315],[14.221145463763223,53.93007991506183],[14.212255408316583,53.900296081258695],[14.21230801466238,53.8674470445075],[14.190854627056575,53.87300094073803],[14.073168034258693,53.87115872873856],[14.016536222206202,53.865759876503084],[13.992543189881808,53.8509209422878],[13.94037768064881,53.84367165055292],[13.938602599260616,53.847749598681844],[13.953295784678744,53.852784091246924],[13.954850439525442,53.86097807792594],[13.9293916549392,53.872303459073194],[13.915811344514442,53.844038534238415],[13.890363973525305,53.840269516691734],[13.867448739174854,53.84544222523759],[13.848205851587263,53.86293553346995],[13.850715850477673,53.87042010534028],[13.921472670339886,53.88796537648138],[13.93816950803556,53.90960388506935],[13.932185720117758,53.93420855534607],[13.922692556607736,53.9506291812506],[13.895136173129263,53.966485733263454],[13.905954691807475,53.98954333709816],[13.945111097578183,53.99457702614804],[13.965029899801102,53.98979981544352],[13.970064172505776,53.968590044493496],[13.949969504046981,53.9588700051626],[13.953349720191442,53.93567904404137],[13.95960203419551,53.93399228927285],[13.967180108447472,53.948285354307096],[13.963523534952364,53.95703787923796],[13.98368182342005,53.96210030254439],[14.016582606841613,53.96003400575219],[14.010138101377418,53.95399157428736],[14.01179262449525,53.949319616342],[14.040180529543184,53.94072126461356],[14.043774035606694,53.945016102880494],[14.047581112736532,53.9974424497196],[14.034878991317743,54.01576122700335],[13.972109275874045,54.05874733047651],[13.941431142942974,54.0616518170917],[13.918518071776488,54.062766332551526],[13.913567382848575,54.05476601075946],[13.913201083427147,54.047496272682736],[13.934209408631363,54.02758582694629],[13.926382379092374,54.01622666653951],[13.861864382035792,53.99975511684855],[13.853346612654953,54.00438492204418],[13.853236518514215,54.013677742172455],[13.869700316772692,54.0346319773751],[13.87410662235726,54.03228997898204],[13.879676463955175,54.04025984237087],[13.8589411029366,54.0481108069947],[13.82329664073412,54.03741568129495],[13.8012866448018,54.01874070645618],[13.769915621933082,54.01918412011924],[13.763798114633344,54.02565754916047],[13.764812471889979,54.030966444589005],[13.793019065455107,54.05120830647629],[13.813190447656593,54.0986001253412],[13.807271408213651,54.108519348048176],[13.791377851484818,54.11142943416523],[13.758279621708036,54.134275424923224],[13.750894088366255,54.1587653582641],[13.75865039675636,54.166752791554984],[13.773779449877592,54.17191346173309],[13.805864921470038,54.17254487802309],[13.832575263040733,54.13236363139881],[13.849636040653285,54.11668802322148]]]]}},{"type":"Feature","properties":{"district":"017 Mecklenburgische Seenplatte II – Landkreis Rostock III","constituency_code":"017","state":"Mecklenburg-Vorpommern"},"geometry":{"type":"Polygon","coordinates":[[[12.822210559904466,53.99957275898733],[12.853939933646664,53.977185732329104],[12.870892211389254,53.97383602383919],[12.908836239810405,53.98373119641982],[12.957371730277483,54.004451719271245],[12.986710882948275,54.003969288080775],[13.01003252689669,53.99442533530207],[13.064399404022074,53.95461909091657],[13.133050506974936,53.93178666788688],[13.155142222216146,53.944332693199705],[13.193212899842647,53.93127321975851],[13.210556910923755,53.91072633773163],[13.191582397838102,53.892971747973526],[13.181330509780212,53.8568326939214],[13.185800599617222,53.83641150809986],[13.234577059769663,53.80798300959417],[13.30061879768032,53.81082626286986],[13.302977434501923,53.8236198245121],[13.337461628249782,53.84911477240378],[13.37260601806644,53.847399472367826],[13.3969864157195,53.830660013274695],[13.387012079259147,53.80678885704963],[13.37686450761231,53.79965216424894],[13.364334632779828,53.80056224229706],[13.35162667797386,53.785786734974245],[13.375101150982484,53.76745241448807],[13.43132462739198,53.75185852513203],[13.413595427682488,53.70929780405852],[13.348518930983742,53.68100509800356],[13.267299320613555,53.663138729120796],[13.253030157276747,53.62987452621969],[13.227815547720276,53.61584935545832],[13.137681270341306,53.594878239743664],[13.091939424825215,53.57511287921816],[13.088543933143654,53.56113083029837],[13.093902696655585,53.55726897122719],[13.128907286656522,53.55578212344816],[13.143684128436332,53.56117613902126],[13.1582885442242,53.55397494077361],[13.166098841383079,53.5101600427515],[13.164758185304434,53.48960610474016],[13.137389199976003,53.45898299450509],[13.142590501754999,53.450031998151566],[13.194566320065972,53.435632230235065],[13.22748353625247,53.43703847479091],[13.232280804276009,53.44998969310393],[13.276364931993857,53.43815783592233],[13.376430057179869,53.43697509818268],[13.405567324849727,53.42208948893185],[13.421687206044922,53.40277539209173],[13.383076216214752,53.393937270206806],[13.328886171328646,53.362269714333934],[13.324485916196133,53.35579639097146],[13.339044417206592,53.3258610783765],[13.335236839903422,53.30663831484375],[13.327618605620561,53.304223742215434],[13.308320672335169,53.31617957105592],[13.269720484190492,53.316885871215334],[13.24667078595465,53.30420977576937],[13.205399034893347,53.269330932419685],[13.21077158012297,53.26277248070619],[13.233252595386523,53.25568046482537],[13.252714247928726,53.262305440857936],[13.238756822432626,53.22550725397631],[13.229391856157175,53.21658689496581],[13.205791793518193,53.22002487571459],[13.18177090295007,53.251106546907856],[13.152528399521774,53.25060975446521],[13.105708444861587,53.23178287042855],[13.106452160315657,53.21527764371531],[13.052158195650648,53.199759262462855],[13.020628122829649,53.18504220531452],[13.020037207175717,53.17570996835018],[13.013229092585194,53.17216633708679],[12.980466332146678,53.16252656622983],[12.941998414063294,53.17431546834808],[12.979433532134124,53.190551569496705],[12.964244871516016,53.20039151162756],[12.915192824538071,53.19503850280594],[12.890347878041766,53.18713485614888],[12.848575924152259,53.20058659018336],[12.763398287215434,53.18916195935282],[12.73949298155445,53.19960158975723],[12.749888979845345,53.20611947936234],[12.757585677464961,53.22423276634652],[12.6675150213733,53.230904362103445],[12.663967039992627,53.23495059603369],[12.666239815612252,53.24155558837137],[12.67565761189811,53.24771916047516],[12.658412532772157,53.25528060851761],[12.598928772723852,53.24767251307395],[12.529768323797157,53.264788318733274],[12.44531216366587,53.249928261746945],[12.407764637562654,53.280188796846495],[12.394247807251203,53.301805353394734],[12.330949853091873,53.31822962832406],[12.344773711992039,53.33389967995876],[12.337565179062638,53.34254849440402],[12.324459109481015,53.34963031349473],[12.289807510750306,53.35467096384899],[12.275056222265006,53.37897775516731],[12.302709869137038,53.406605392862005],[12.303787834299373,53.42699588500082],[12.310804601894965,53.439478084224895],[12.363559952087838,53.47958367687409],[12.330679233008427,53.47814383928082],[12.30228781368454,53.50081904556635],[12.292833228649249,53.52030973195763],[12.305615901321053,53.567699695535865],[12.20919259664202,53.60324391023225],[12.198097199002536,53.64049764073861],[12.139318333713005,53.63585316329382],[12.082212119006249,53.647381302015496],[12.04972242292886,53.665721355808955],[12.0283709051692,53.68991831378615],[12.03924611955529,53.710218965738335],[12.034004230359592,53.715361273356464],[11.983784352565532,53.74294001306185],[11.93546606534128,53.74268197702346],[11.908109099764166,53.738098317842194],[11.905070773080231,53.73223804545454],[11.793109619751998,53.77203086572248],[11.796897666191555,53.78463359854818],[11.807868712065332,53.7887235838711],[11.81031517881856,53.794385401728846],[11.801710542606871,53.81772914051951],[11.792122121076211,53.82259121191952],[11.7649105317118,53.82418296983046],[11.760731538065832,53.83351565217813],[11.760846765874007,53.87363931243488],[11.770674390807297,53.88217325264866],[11.787299956022247,53.88593749385171],[11.79147326827418,53.89229104501857],[11.79970638282044,53.929543156172656],[11.791802160685487,53.93351538144614],[11.792296575458169,53.94142499312025],[11.84045589182346,53.9358673023197],[11.86669882723251,53.94970494595166],[11.875639052046818,53.96795151241153],[11.901517932095617,53.98088735448106],[11.921188001769181,53.98486914823837],[11.927686263078563,53.98362706682749],[11.924819576145365,53.97385859673369],[11.938591405898569,53.95903880724935],[11.998842199183615,53.9630186570564],[11.999996932949605,53.95015748195042],[11.988220191107933,53.92698451660244],[12.036359189014297,53.90173735890557],[12.034111036526024,53.89107322128561],[12.041055460361873,53.88273932520428],[12.099725934519835,53.86001219550515],[12.112474594031026,53.86522973136107],[12.133075593367273,53.89482765346362],[12.176424022447641,53.893083280432286],[12.175995294704299,53.90838168869879],[12.15939491458476,53.927526220802186],[12.190438936767968,53.968231792046915],[12.28929642207084,53.95397699106539],[12.296109786749987,53.956277975062875],[12.293769677748129,53.96526061569879],[12.281492056013617,53.97239985066386],[12.321051662792634,54.000597493568854],[12.33763057932217,53.999563790318724],[12.344791899366971,53.98438171573093],[12.336105005409047,53.98084409233447],[12.346226989492342,53.96439600440777],[12.368419493088073,53.95995020955089],[12.375542099860155,53.9696280175811],[12.399680585872966,53.97968527772821],[12.440757829817247,53.986070205077965],[12.474987643616599,53.97108457525193],[12.480814172520938,53.95784645830791],[12.513003495091855,53.951184592476935],[12.552263068559261,53.97793261273241],[12.553372088538731,53.992650548591335],[12.539592334911577,54.002796390334915],[12.564620527182981,54.01173849750721],[12.617892656303274,54.00549050846172],[12.656690828538784,54.03903377546818],[12.659339382066012,54.046221184307726],[12.690647804143186,54.03704101076915],[12.69237601665191,54.03168227500865],[12.769118195303875,54.02144214336565],[12.822210559904466,53.99957275898733]]]}},{"type":"Feature","properties":{"district":"018 Hamburg-Mitte","constituency_code":"018","state":"Hamburg"},"geometry":{"type":"MultiPolygon","coordinates":[[[[10.039021736022265,53.606877006425904],[10.065326299676116,53.59265141323205],[10.049741717590418,53.57321969166924],[10.031853217588843,53.56655426248453],[10.037273949300864,53.56149699249552],[10.12734213433561,53.5673396157409],[10.146364991132144,53.56468863302379],[10.162411709445141,53.52300132716768],[10.110663594665084,53.525511959718244],[10.09318056555153,53.51453284972222],[10.071812238933008,53.51409306763313],[10.067458001020341,53.50007434158699],[10.024946515267338,53.51905335617336],[10.01047635184916,53.520499168411526],[9.944600035650248,53.52086308890839],[9.908282911554888,53.51323817999929],[9.842169382619065,53.515665717137885],[9.771917325098798,53.54373995912627],[9.777594902800907,53.55714268198635],[9.882618253429072,53.542124812993535],[9.960257095462088,53.5442503966879],[9.954966711711265,53.54851580098587],[9.959893436696344,53.56024887339636],[9.976748200670372,53.56377291936803],[9.997365108803201,53.556988671702555],[10.00822409770501,53.56523489780758],[10.003801612027692,53.57532198176542],[10.03365756949094,53.585010431796924],[10.039021736022265,53.606877006425904]]],[[[8.502917614886094,53.92793656342122],[8.51709352632562,53.92057012346405],[8.500588416290654,53.912664208817404],[8.486976414944886,53.91391154541661],[8.492679923477047,53.930059537897435],[8.502917614886094,53.92793656342122]]],[[[8.450223498064862,53.95920253364085],[8.43875914264665,53.9455527271343],[8.427048981797691,53.94293226740838],[8.420780357186944,53.94628741071962],[8.424034031740923,53.955642045433486],[8.437005900591407,53.962875305257384],[8.445869567672233,53.96362371446277],[8.450223498064862,53.95920253364085]]]]}},{"type":"Feature","properties":{"district":"019 Hamburg-Altona","constituency_code":"019","state":"Hamburg"},"geometry":{"type":"Polygon","coordinates":[[[9.869697092809213,53.612940978699825],[9.90221321648175,53.587692394686265],[9.931068323704656,53.57332349177414],[9.960042114998409,53.56357492149592],[9.970042059434938,53.567303022257626],[9.976748200670372,53.56377291936803],[9.959893436696344,53.56024887339636],[9.954966711711265,53.54851580098587],[9.960257095462088,53.5442503966879],[9.921510609349557,53.54153010170229],[9.882618253429072,53.542124812993535],[9.777594902800907,53.55714268198635],[9.729669090046022,53.55757505802211],[9.743627056195084,53.588357280970534],[9.743435992567369,53.59757617316257],[9.763672582690456,53.62749505901338],[9.770293989757329,53.627462413910415],[9.770633504287407,53.61622993939972],[9.791747426996254,53.60128897009972],[9.824957924630924,53.58452794909538],[9.83670719021016,53.587530184939844],[9.869697092809213,53.612940978699825]]]}},{"type":"Feature","properties":{"district":"020 Hamburg-Eimsbüttel","constituency_code":"020","state":"Hamburg"},"geometry":{"type":"Polygon","coordinates":[[[9.945376214170667,53.65292819054385],[9.976601330038577,53.64929307708287],[9.985411772305847,53.63907548601838],[9.978794555717245,53.62786500153239],[9.956330693137607,53.61580494317856],[9.982138675268995,53.582617961313574],[9.993468553127352,53.58502011642857],[10.003801612027692,53.57532198176542],[10.00822409770501,53.56523489780758],[9.997365108803201,53.556988671702555],[9.970042059434938,53.567303022257626],[9.960042114998409,53.56357492149592],[9.931068323704656,53.57332349177414],[9.90221321648175,53.587692394686265],[9.869697092809213,53.612940978699825],[9.90184595624269,53.640891842306864],[9.90475187086738,53.651787042704036],[9.945376214170667,53.65292819054385]]]}},{"type":"Feature","properties":{"district":"021 Hamburg-Nord","constituency_code":"021","state":"Hamburg"},"geometry":{"type":"Polygon","coordinates":[[[10.146453671139968,53.67594238059953],[10.13744593961415,53.64778609080765],[10.111804953996531,53.635935515045354],[10.074347560743727,53.631324282278776],[10.04852281105415,53.617220167179745],[10.039021736022265,53.606877006425904],[10.03365756949094,53.585010431796924],[10.003801612027692,53.57532198176542],[9.993468553127352,53.58502011642857],[9.982138675268995,53.582617961313574],[9.956723448560087,53.61451888329323],[9.979213600693027,53.628317833736816],[9.985411772305847,53.63907548601838],[9.976601330038577,53.64929307708287],[9.989837236058609,53.6494894313086],[9.990542573164849,53.67070614756513],[9.998695505126912,53.68146745828339],[10.06594283138042,53.685001713345684],[10.079097455422362,53.7041567841593],[10.069628136318089,53.706244636785655],[10.072805245706002,53.70963384821389],[10.069518985028486,53.71116782926105],[10.081842128386889,53.720420080370985],[10.126388389522674,53.71962999884094],[10.165962537320908,53.73847244025633],[10.19367097866053,53.73101511477589],[10.181693594305663,53.709251559142125],[10.160376074507342,53.696764299426754],[10.146453671139968,53.67594238059953]]]}},{"type":"Feature","properties":{"district":"022 Hamburg-Wandsbek","constituency_code":"022","state":"Hamburg"},"geometry":{"type":"Polygon","coordinates":[[[10.171683834088158,53.66896490267339],[10.221761273581137,53.633722532679],[10.19518534821448,53.607584600069934],[10.196010207791733,53.58455681509853],[10.160557727776663,53.58405117521473],[10.15208334962153,53.576830103658004],[10.148390859893947,53.56391728431656],[10.12787637064675,53.56735331810368],[10.037273949300864,53.56149699249552],[10.031853217588843,53.56655426248453],[10.049741717590418,53.57321969166924],[10.065326299676116,53.59265141323205],[10.043279970473085,53.60722371101864],[10.04852281105415,53.617220167179745],[10.074347560743727,53.631324282278776],[10.111804953996531,53.635935515045354],[10.13744593961415,53.64778609080765],[10.146453671139968,53.67594238059953],[10.171683834088158,53.66896490267339]]]}},{"type":"Feature","properties":{"district":"023 Hamburg-Bergedorf – Harburg","constituency_code":"023","state":"Hamburg"},"geometry":{"type":"Polygon","coordinates":[[[10.162411709445141,53.52300132716768],[10.225697200930721,53.49557566556108],[10.236678548007074,53.496354452941134],[10.238309379848713,53.48416178783007],[10.29493569912351,53.45217994265652],[10.310940456199427,53.451891015379154],[10.314815081176938,53.43988174536197],[10.308312101768829,53.433221616010805],[10.258646421542197,53.41778476792479],[10.23797164198519,53.39597601079962],[10.175688643342214,53.396582497653206],[10.116309685552174,53.42428937462386],[10.082481936871085,53.45173291392014],[10.051810703953745,53.463918937398525],[10.025660607645436,53.43810988833758],[10.029080177459972,53.43501355248086],[9.977557840787192,53.41924922637669],[9.921486178308845,53.43655014869262],[9.913898933889326,53.44842908550155],[9.899646940951376,53.457573843191845],[9.862486322812021,53.43407801809213],[9.853749567627476,53.43729171719603],[9.79980437689338,53.46963746653102],[9.800788185609342,53.48823668073635],[9.763784435128944,53.508672600923866],[9.765441704759121,53.54111456031003],[9.771917325098798,53.54373995912627],[9.842169382619065,53.515665717137885],[9.908282911554888,53.51323817999929],[9.944600035650248,53.52086308890839],[10.01047635184916,53.520499168411526],[10.024946515267338,53.51905335617336],[10.067458001020341,53.50007434158699],[10.071812238933008,53.51409306763313],[10.09318056555153,53.51453284972222],[10.110663594665084,53.525511959718244],[10.162411709445141,53.52300132716768]]]}},{"type":"Feature","properties":{"district":"024 Aurich – Emden","constituency_code":"024","state":"Lower Saxony"},"geometry":{"type":"MultiPolygon","coordinates":[[[[6.894435188574519,53.62578004680841],[6.875467202620101,53.62950961868709],[6.865298039055406,53.64392071732315],[6.895325253958223,53.6533206531814],[6.905670646513872,53.652241289920134],[6.900066024739644,53.64781783856402],[6.902616837971082,53.64165611537258],[6.894435188574519,53.62578004680841]]],[[[7.381121709243399,53.68179172888491],[7.47944912134521,53.68327839792447],[7.528652220859078,53.673218823627835],[7.55017303843175,53.67503770593197],[7.488331572147482,53.65003105912383],[7.513492407122725,53.62782720665789],[7.507072023713193,53.62305872686989],[7.459041940871318,53.625060957232776],[7.432566259858953,53.62294095974776],[7.421098094451482,53.61760171835639],[7.417003803158128,53.60188744981111],[7.418950229021404,53.55003466303194],[7.414010333391213,53.539991109558635],[7.429238372182926,53.53276238793013],[7.523730276312394,53.551275301874014],[7.649225820915574,53.561369073304334],[7.662839986285241,53.53589225424183],[7.653773306950183,53.53441544125012],[7.64795651240961,53.52661930237877],[7.678078850788724,53.50251029789785],[7.679198363063883,53.47481080072867],[7.6924862175828705,53.46456557611029],[7.7126260874435015,53.471345049621306],[7.736642958967315,53.47243473184061],[7.744542257185828,53.45634372153781],[7.731735579179345,53.454428756223194],[7.735349320665705,53.440597827820866],[7.755248461279025,53.435737318680104],[7.764705446794078,53.44057920220089],[7.786303890877575,53.423035572434955],[7.815484534422229,53.375455345364564],[7.729699216395613,53.358793049330124],[7.663196652090008,53.34003375872663],[7.597028772362009,53.33228108774518],[7.547346343953547,53.35678498470406],[7.487173890535326,53.37031800906978],[7.468415823071858,53.36961732506066],[7.4362649780478,53.36464805762531],[7.4072354090597745,53.35164590598496],[7.337588727162985,53.35540608673545],[7.307320011053126,53.350159591010744],[7.2992866020776335,53.32069550397775],[7.232731741150714,53.332175332909685],[7.028705462786496,53.33633698243495],[7.018154489616823,53.34011404778632],[7.003862087470187,53.35423890233013],[6.999446640204613,53.35988761899404],[7.0004265182196646,53.37357051285485],[7.009606206576502,53.38947389491456],[7.0112977013334445,53.43165498381156],[7.025406043576175,53.478548629812394],[7.046137292148917,53.51152687415749],[7.033136548792924,53.53123108759487],[7.037311172552759,53.538788922357014],[7.060397389807851,53.525195738132005],[7.0997963755637965,53.51502165817892],[7.1385177896474,53.53548083776257],[7.120622365748475,53.550113759347205],[7.105430232608654,53.554629318873445],[7.087254227998671,53.57109162738],[7.090335705676137,53.57965224394984],[7.181806489042738,53.640232208946735],[7.244753951847408,53.66883543266143],[7.290037187583395,53.679507648746835],[7.358029211528859,53.686821675386135],[7.381121709243399,53.68179172888491]]],[[[6.92169218843341,53.666270020928735],[6.8518166779762675,53.66304844022819],[6.869396468908846,53.67139155287718],[6.977640662694778,53.68140437169223],[7.074119270473862,53.687065384107186],[7.09980209724532,53.6819762144179],[7.095617475650568,53.676966552054424],[6.92169218843341,53.666270020928735]]],[[[7.345984568901479,53.724915047700726],[7.346966784819492,53.71865868805043],[7.331096082751211,53.7138281833948],[7.2624478668770465,53.7038239035307],[7.16937152490307,53.70118957236032],[7.152750873384067,53.6968762656504],[7.137296138544933,53.706975535909564],[7.187149811020587,53.72280194080795],[7.345984568901479,53.724915047700726]]],[[[7.3900433301085435,53.73591051929818],[7.42343037941676,53.733627049577535],[7.435253650885712,53.729827830396204],[7.430887553742071,53.72232053589984],[7.417555462338176,53.719681746909814],[7.366548647669402,53.72223283114356],[7.359536292747186,53.72657591898747],[7.3900433301085435,53.73591051929818]]]]}},{"type":"Feature","properties":{"district":"025 Unterems","constituency_code":"025","state":"Lower Saxony"},"geometry":{"type":"MultiPolygon","coordinates":[[[[7.8287877773191825,53.371347563177466],[7.833932294974458,53.362888810480605],[7.871523082769155,53.375875178501474],[7.88560759061775,53.35196658324669],[7.850141258391785,53.29400854269092],[7.760613743381996,53.241674220043585],[7.702118815637781,53.222839527952345],[7.699216765643916,53.20835439823945],[7.719023102319336,53.178888763823466],[7.6477769555639705,53.182681551719156],[7.6442977734604325,53.14849847694309],[7.627135702178767,53.114434011092854],[7.611869267063526,53.05767680938426],[7.713047354661572,53.01570676764373],[7.723160762612686,52.97214368960784],[7.7161777388114245,52.96824168049813],[7.7418998201807145,52.947109771735526],[7.823818590508931,52.92755509499607],[7.83203468584165,52.9208894594924],[7.825585020719219,52.90959233040734],[7.777012384046077,52.86977422172746],[7.71311687570729,52.851131260741276],[7.69201953401817,52.8072142926181],[7.679307030956621,52.79647295797172],[7.6632657714721715,52.791023939404546],[7.622944420825879,52.79253019594383],[7.461881094862182,52.73197181767972],[7.448753563205066,52.73869513736961],[7.422015648678974,52.76561909625861],[7.382787244692073,52.76075533576641],[7.367528474128189,52.75348608390544],[7.267815403823982,52.767678005754654],[7.2720666022568174,52.76142836847639],[7.258182493767322,52.75241749174256],[7.217395386606842,52.735631104736804],[7.140513241985716,52.72968747935157],[7.134479610422282,52.693713722646045],[7.161225970077695,52.692843898000795],[7.1807601959623275,52.67578478240478],[7.191748297513464,52.65478965150454],[7.183021034247986,52.650526895613616],[7.159085850902019,52.65413398320009],[7.133893740642733,52.646467699802415],[7.1286944396011,52.63613304842178],[7.127254755577927,52.60971822129608],[7.139219290405554,52.58843900034795],[7.091739328163097,52.5927872160706],[7.048880588099123,52.60646746269985],[7.033347101646758,52.61839126773186],[6.995434744028486,52.60634968496626],[7.006051045813468,52.63854355916562],[7.040038538431692,52.63284249924492],[7.055487680773024,52.64375335277044],[7.07204483473177,52.810874386361455],[7.107828968392351,52.867602335398225],[7.181810291024887,52.94195029091345],[7.2123385016483725,53.011206570759605],[7.1992289899033866,53.07904351218327],[7.20219622158627,53.11281315495111],[7.182791335629424,53.12169971121162],[7.178938346272511,53.138142582496336],[7.203468690579851,53.1755718721514],[7.221877898414036,53.18237397493626],[7.191115728462277,53.317601564892705],[7.245060267478327,53.318297602248315],[7.264300040338268,53.32552664213439],[7.2992866020776335,53.32069550397775],[7.307320011053126,53.350159591010744],[7.337588727162985,53.35540608673545],[7.4072354090597745,53.35164590598496],[7.4362649780478,53.36464805762531],[7.468415823071858,53.36961732506066],[7.487173890535326,53.37031800906978],[7.547346343953547,53.35678498470406],[7.597028772362009,53.33228108774518],[7.663196652090008,53.34003375872663],[7.729699216395613,53.358793049330124],[7.815484534422229,53.375455345364564],[7.8287877773191825,53.371347563177466]]],[[[6.865011210446267,53.5911016760293],[6.865541705660617,53.590932927280704],[6.868922264828925,53.591892736262174],[6.862380122456472,53.589825834749824],[6.865011210446267,53.5911016760293]]],[[[6.7983688054058256,53.597633050841566],[6.754629496620949,53.59624290497468],[6.726813259631801,53.58656434957209],[6.723721174592306,53.58206577892227],[6.732382580779745,53.570177284972964],[6.717734799242779,53.56412508634572],[6.665334766508252,53.577523956930285],[6.656973736354728,53.583648369168976],[6.653795671212424,53.59521466421682],[6.667021849356089,53.60319627991264],[6.755801322157359,53.619464075246015],[6.813042138455963,53.60299934577896],[6.7983688054058256,53.597633050841566]]]]}},{"type":"Feature","properties":{"district":"026 Friesland – Wilhelmshaven – Wittmund","constituency_code":"026","state":"Lower Saxony"},"geometry":{"type":"MultiPolygon","coordinates":[[[[8.032130326742985,53.70527752450957],[8.02271062903642,53.68672403649294],[8.029593311243282,53.662658223129554],[8.042324578441582,53.64138537928418],[8.071187331955239,53.64709324366545],[8.086670664944473,53.643638126522575],[8.109696084326357,53.62033858870212],[8.123503682216054,53.5981744932859],[8.148857703331807,53.60184683742064],[8.155599197096473,53.58575279710869],[8.154395889569189,53.563833547487604],[8.171247356265663,53.54021632281878],[8.164770923499004,53.523271023512365],[8.154652475223726,53.514544504120494],[8.092631909139495,53.501915373393466],[8.061197666743602,53.50537616768072],[8.062470155628425,53.47950097773242],[8.073408182186476,53.46205398321363],[8.098998753079178,53.4456768413929],[8.136941709498865,53.452689694809315],[8.15650191097526,53.44537959450894],[8.195372297515723,53.412198008493846],[8.202049524851745,53.397641049424614],[8.205082030902883,53.373056813204755],[8.201724015187622,53.36645142232261],[8.187988233962615,53.35579034871935],[8.173922984926158,53.35404120980817],[8.150904873922517,53.33788525151052],[8.129790782994071,53.33102319368284],[8.09010372839119,53.33239984342949],[8.078354319924257,53.34253684680431],[8.063633161674229,53.341921977992065],[8.032285238462995,53.321377571076184],[8.030154910311888,53.31036364279821],[7.970524862354931,53.30469752376976],[7.948489622630734,53.3271555547218],[7.88560759061775,53.35196658324669],[7.871523082769155,53.375875178501474],[7.833932294974458,53.362888810480605],[7.8287877773191825,53.371347563177466],[7.815484534422229,53.375455345364564],[7.786303890877575,53.423035572434955],[7.764705446794078,53.44057920220089],[7.755248461279025,53.435737318680104],[7.735349320665705,53.440597827820866],[7.731735579179345,53.454428756223194],[7.744542257185828,53.45634372153781],[7.736642958967315,53.47243473184061],[7.7126260874435015,53.471345049621306],[7.6924862175828705,53.46456557611029],[7.679198363063883,53.47481080072867],[7.678078850788724,53.50251029789785],[7.64795651240961,53.52661930237877],[7.653773306950183,53.53441544125012],[7.662839986285241,53.53589225424183],[7.649225820915574,53.561369073304334],[7.523730276312394,53.551275301874014],[7.429238372182926,53.53276238793013],[7.412109366563187,53.542111047536125],[7.418950229021404,53.55003466303194],[7.417003803158128,53.60188744981111],[7.421098094451482,53.61760171835639],[7.432566259858953,53.62294095974776],[7.459041940871318,53.625060957232776],[7.507072023713193,53.62305872686989],[7.513492407122725,53.62782720665789],[7.488331572147482,53.65003105912383],[7.55017303843175,53.67503770593197],[7.703838767468299,53.70351795325052],[7.743120952704511,53.69973099414512],[7.7878043385794475,53.70942046687146],[7.877282853176788,53.71572543068539],[7.966942231395344,53.71573552150038],[8.012121160019307,53.7117036039847],[8.032130326742985,53.70527752450957]]],[[[8.01184637224785,53.76058455399749],[8.022888507679065,53.75462513616674],[8.02488191081953,53.74356598178456],[8.00942117197492,53.75047239279082],[8.01184637224785,53.76058455399749]]],[[[7.572437942571691,53.75931763689634],[7.618039049766968,53.75634161467602],[7.627290852206189,53.75422499765283],[7.631366183309849,53.74806495648673],[7.514685129355383,53.7438333410035],[7.501865303527284,53.735340026647826],[7.504916724419642,53.723637401148125],[7.475435156079326,53.72070868848378],[7.460792996927908,53.72475180822119],[7.469256589633953,53.74610934012273],[7.4798020902772615,53.75436031625478],[7.572437942571691,53.75931763689634]]],[[[8.006560870499106,53.764287448175004],[7.997774934748739,53.772214108715225],[8.00888421547627,53.78090945079714],[8.015878149674474,53.776776932962],[8.017878765409723,53.76859072824458],[8.006560870499106,53.764287448175004]]],[[[7.743616585870856,53.78117451398681],[7.813396160905513,53.78151554058247],[7.81578259196979,53.77733333314293],[7.757310594875411,53.76043088223955],[7.681765473328175,53.75202506630922],[7.669600252976205,53.75393648829458],[7.665430906815019,53.760026138857626],[7.669312323499134,53.76701325258587],[7.690071793660979,53.778808002394626],[7.743616585870856,53.78117451398681]]],[[[7.9348116903223245,53.789847442573446],[7.972587103978435,53.78233917711546],[7.977987583845005,53.7774211015216],[7.8755576006981505,53.78857648873581],[7.864118631414782,53.775889637702036],[7.847541350266537,53.787093837876576],[7.881934431404418,53.79477067804547],[7.9348116903223245,53.789847442573446]]]]}},{"type":"Feature","properties":{"district":"027 Oldenburg – Ammerland","constituency_code":"027","state":"Lower Saxony"},"geometry":{"type":"Polygon","coordinates":[[[7.968907455026602,53.30541059313437],[8.030154910311888,53.31036364279821],[8.032285238462995,53.321377571076184],[8.063633161674229,53.341921977992065],[8.078354319924257,53.34253684680431],[8.09010372839119,53.33239984342949],[8.125878689316655,53.33030916835615],[8.150904873922517,53.33788525151052],[8.173922984926158,53.35404120980817],[8.16418040467258,53.341096830029784],[8.17252981157918,53.321014326036455],[8.21579029480212,53.30288077688638],[8.235806084467534,53.30597629824806],[8.250787768764855,53.30245721061809],[8.267131169904678,53.28446610261352],[8.300654433096168,53.23210851434623],[8.313867948660455,53.19682529402393],[8.292445305068089,53.180236152559765],[8.312263983145828,53.15304752447622],[8.288278087207242,53.13043943412921],[8.272113947024572,53.09544106768061],[8.223005464400098,53.08234897246649],[8.195429047876356,53.09188641891455],[8.169576339154046,53.10903807628235],[8.123555735424608,53.10740817454345],[8.071310497545946,53.0901731636306],[8.050830266810566,53.05962406260754],[8.015268281959758,53.07397082729404],[7.965779146525295,53.07569660004343],[7.947556848061116,53.086065554167],[7.949003740814499,53.09569307811358],[7.901627798962989,53.11947458503005],[7.885133989646844,53.109660193676824],[7.858451229618555,53.13094347833981],[7.847578254195213,53.16360154258294],[7.821697745120522,53.17427180623013],[7.789682569558099,53.178558716776166],[7.753519058630762,53.173119783442786],[7.721196028893133,53.17719310293905],[7.699216765643916,53.20835439823945],[7.702118815637781,53.222839527952345],[7.760613743381996,53.241674220043585],[7.850141258391785,53.29400854269092],[7.88560759061775,53.35196658324669],[7.948489622630734,53.3271555547218],[7.961830942592529,53.317737725480825],[7.968907455026602,53.30541059313437]]]}},{"type":"Feature","properties":{"district":"028 Delmenhorst – Wesermarsch – Oldenburg-Land","constituency_code":"028","state":"Lower Saxony"},"geometry":{"type":"MultiPolygon","coordinates":[[[[8.496512943872313,53.55062497890421],[8.51583337756842,53.55596191858234],[8.51659200710908,53.54921434982767],[8.544138568399747,53.5345953662813],[8.551022522713563,53.523351805842026],[8.509818445828035,53.498333767764024],[8.492654023845105,53.47512288602937],[8.492382139393767,53.43662371802641],[8.501531814413243,53.35105861764845],[8.48280764596454,53.25968195213479],[8.482630603163937,53.22357796616139],[8.504711920207898,53.200786052107816],[8.533268465982564,53.18734693157458],[8.620785826033865,53.16661451844575],[8.65159815901987,53.12205076837026],[8.654898618322518,53.108864584620044],[8.666194788430564,53.097704828089306],[8.709055852441967,53.07626568321378],[8.711423918503225,53.04463024755882],[8.664005433656902,53.01977209303858],[8.647215104353513,52.99119120999602],[8.642865974611476,52.97688937428364],[8.654774688497607,52.96315842488792],[8.68435890297305,52.95684058066608],[8.694026935650294,52.92014928310621],[8.679104260442285,52.91285819336987],[8.653317622498376,52.917631456380114],[8.644121212434795,52.91160988709297],[8.637014398428377,52.8706980674238],[8.643005270938007,52.86105875474127],[8.633864184478673,52.850486021662384],[8.543065486318186,52.830798787471856],[8.544232484138957,52.823163608625485],[8.514431068145,52.806229111224766],[8.478654072880007,52.79788497730356],[8.459277472892149,52.80105578099655],[8.469687561012556,52.80422903383966],[8.471840585344177,52.82205625648449],[8.414833432619718,52.82473286381733],[8.396595945018431,52.83202756108586],[8.406386014857505,52.84048977336973],[8.40604576366447,52.84835406695481],[8.37691019716256,52.85523261931838],[8.36385063076149,52.85333960556374],[8.3189426581459,52.878292994183184],[8.265742419091394,52.87720041770635],[8.230812331656027,52.869465040952115],[8.171166075086608,52.89743529738687],[8.121062335801403,52.93144693715478],[8.114748117333857,52.96724891207809],[8.124224612877128,52.998951426490414],[8.050830266810566,53.05962406260754],[8.071310497545946,53.0901731636306],[8.123555735424608,53.10740817454345],[8.169576339154046,53.10903807628235],[8.195429047876356,53.09188641891455],[8.223005464400098,53.08234897246649],[8.272113947024572,53.09544106768061],[8.288278087207242,53.13043943412921],[8.312263983145828,53.15304752447622],[8.292445305068089,53.180236152559765],[8.313867948660455,53.19682529402393],[8.300654433096168,53.23210851434623],[8.267131169904678,53.28446610261352],[8.250787768764855,53.30245721061809],[8.235806084467534,53.30597629824806],[8.21579029480212,53.30288077688638],[8.17252981157918,53.321014326036455],[8.164327946246658,53.339732856188846],[8.173922984926158,53.35404120980817],[8.187988233962615,53.35579034871935],[8.203119786801262,53.368509622227606],[8.202049524851745,53.397641049424614],[8.195555007220781,53.40917170512227],[8.201792724472499,53.403525977124886],[8.225179252154392,53.399231934829054],[8.259462456371125,53.4013361839958],[8.291417765786525,53.42404632884897],[8.313474499987521,53.455984688266405],[8.316077823758171,53.51419352415768],[8.309414833676586,53.52282044541563],[8.300071055153932,53.525851281890965],[8.265547614402216,53.51854113560861],[8.230826529234477,53.52077599333554],[8.240912592471018,53.577707813037684],[8.251516423072093,53.592543547733825],[8.291095858992998,53.61292071573333],[8.325864396025743,53.61476259722321],[8.349861290642414,53.60635496524186],[8.383226136899221,53.57436306130709],[8.462555007600841,53.552792882993145],[8.496512943872313,53.55062497890421]]],[[[8.127657506024946,53.70874958996488],[8.117819268081403,53.71272299233343],[8.119436688426653,53.71908055388135],[8.141824958261495,53.73068676114776],[8.17414923069073,53.73148773864856],[8.192757523473166,53.7254617190075],[8.154810648024363,53.711478414562386],[8.127657506024946,53.70874958996488]]]]}},{"type":"Feature","properties":{"district":"029 Cuxhaven – Stade II","constituency_code":"029","state":"Lower Saxony"},"geometry":{"type":"Polygon","coordinates":[[[8.8897930878852,53.829056920443755],[8.977209942075277,53.840626665544164],[9.021324593256736,53.83451022636623],[9.0299175508032,53.82556483688697],[9.0251140481272,53.833854407531504],[9.012955553588947,53.84025972828624],[8.994442894245271,53.87252683292569],[9.02240168577741,53.87946977168186],[9.200090993768145,53.87990372274063],[9.257329007590236,53.87123470361391],[9.319993265371885,53.849375157712956],[9.370553001024087,53.805200780872596],[9.422445915993666,53.739739770820655],[9.485830735865111,53.70768501718829],[9.507022029778554,53.690874289730075],[9.396726098552547,53.649325177388015],[9.43145043599797,53.61971534582539],[9.393984759472215,53.60765883221539],[9.369999672191756,53.57101950824595],[9.341719585577938,53.55911966545694],[9.329281926339355,53.53656195964555],[9.283169207036735,53.52334513097968],[9.260548639191004,53.54140893928871],[9.212839208162348,53.5409475944267],[9.203896669266191,53.532127346702104],[9.185291926628398,53.53179572648351],[9.160208955518723,53.558820446913685],[9.161331684678405,53.575413901897925],[9.148606501443274,53.592395644464965],[9.122788302368448,53.571359373444515],[9.122948290406335,53.560037234368956],[9.11563161120988,53.555129230079864],[9.049241722282872,53.564540794097084],[9.000069123968853,53.55713176856807],[8.96693151174263,53.530570270853445],[8.93659806633767,53.53259844619871],[8.93266083803513,53.536386359610134],[8.896492524326632,53.51753201391243],[8.961780959205255,53.50712835254942],[8.965795094049259,53.501425958895304],[8.967862964614987,53.472455571464955],[8.95097858491537,53.4569910397456],[8.915025689705516,53.43668659782561],[8.954220603931706,53.41155792763008],[8.916421645643577,53.3854673752846],[8.905827507898213,53.38944753803456],[8.901947801224207,53.38448907961442],[8.910710325412854,53.38000016496167],[8.868106991192942,53.39572169199478],[8.792875314780735,53.38420978350249],[8.762942669543738,53.36851711843649],[8.752925248139551,53.35167204836645],[8.763601270991192,53.3396600525659],[8.762721345685543,53.3315116777537],[8.750979965524527,53.31821947954387],[8.70939059456377,53.2994414659426],[8.66738047796036,53.28945309280918],[8.627189982608256,53.28120400068266],[8.563208643360364,53.29791356161282],[8.546092695443427,53.285225671297844],[8.503391476091982,53.29353819622012],[8.514812888631921,53.311813408254146],[8.517504853207377,53.326377160202696],[8.512363607524106,53.35309539567983],[8.499987433635908,53.366847988491386],[8.492651891657662,53.47241975817581],[8.561960038684454,53.48519493773719],[8.60590461749748,53.48423378543384],[8.631441402236524,53.49366176164976],[8.652134242982422,53.516017124661694],[8.639775421479401,53.52528946843202],[8.621780884570601,53.571686353817284],[8.65063238645469,53.60256521926351],[8.62501506492423,53.60581051145833],[8.586089652872483,53.59671086350587],[8.539484105343668,53.60629014447054],[8.519321281217675,53.60603906806168],[8.482743497379293,53.65551504292893],[8.48176860937301,53.69395940396966],[8.528966317365432,53.7685068042572],[8.543934177003518,53.81057468699809],[8.56606034342061,53.84595761046349],[8.614913869974353,53.88211822202059],[8.685394306577372,53.8921873008569],[8.726448962472457,53.85766366464043],[8.77431617834325,53.83805637456455],[8.795931292719315,53.83321635295716],[8.8897930878852,53.829056920443755]]]}},{"type":"Feature","properties":{"district":"030 Stade I – Rotenburg II","constituency_code":"030","state":"Lower Saxony"},"geometry":{"type":"Polygon","coordinates":[[[9.765441704759121,53.54111456031003],[9.763784435128944,53.508672600923866],[9.768861068261259,53.50527890923924],[9.76441144989754,53.494666181610114],[9.783426895535948,53.440461454236114],[9.67051253446459,53.40836874453246],[9.643543549164903,53.39605076202981],[9.583658801940391,53.3582117880427],[9.562704062353372,53.33758784099388],[9.601221473322141,53.29940589520025],[9.604147339781033,53.2890725953882],[9.591808241262203,53.280766365816255],[9.601278063787841,53.259128562971604],[9.525841875518148,53.24986020817928],[9.479474243861924,53.232241999498626],[9.446585494743966,53.23870552802083],[9.440552896359696,53.24657291689911],[9.387994028534338,53.21572363834757],[9.36072868104614,53.181258824969355],[9.340257856941916,53.175537868115384],[9.318999159574917,53.178777637268524],[9.311596411212706,53.191710416802614],[9.305688012699893,53.19228084973506],[9.250131124702794,53.18316396691785],[9.22239837179108,53.19615569470672],[9.219656124936735,53.21122092475117],[9.192458186948702,53.209809845752524],[9.18658121575054,53.204505876674],[9.182571365975361,53.1888562791523],[9.167284625672744,53.17711159602538],[9.144964834845824,53.16910795613091],[9.110164328139648,53.14393110698821],[9.071452822670626,53.15129774425978],[9.060702435562245,53.171427206901384],[9.035603878535749,53.184273364452295],[9.029109313465213,53.19637738725298],[9.025764447515934,53.2472302003022],[8.9919945029661,53.27094835083825],[9.012530859830386,53.30052349229645],[9.000469970468775,53.31891313814008],[8.906965378782209,53.37423452673061],[8.910710325412854,53.38000016496167],[8.901947801224207,53.38448907961442],[8.905827507898213,53.38944753803456],[8.916421645643577,53.3854673752846],[8.952100612900459,53.40725256011921],[8.954220603931706,53.41155792763008],[8.915025689705516,53.43668659782561],[8.95097858491537,53.4569910397456],[8.967862964614987,53.472455571464955],[8.961780959205255,53.50712835254942],[8.896575503824595,53.5169129079597],[8.910456358071153,53.5267098496516],[8.93266083803513,53.536386359610134],[8.965468597636345,53.530129654666624],[9.000069123968853,53.55713176856807],[9.049241722282872,53.564540794097084],[9.11563161120988,53.555129230079864],[9.122948290406335,53.560037234368956],[9.122788302368448,53.571359373444515],[9.148606501443274,53.592395644464965],[9.161331684678405,53.575413901897925],[9.160208955518723,53.558820446913685],[9.185291926628398,53.53179572648351],[9.203896669266191,53.532127346702104],[9.212839208162348,53.5409475944267],[9.251288628803467,53.541800912767485],[9.260548639191004,53.54140893928871],[9.283169207036735,53.52334513097968],[9.312226969639363,53.53066974727167],[9.329281926339355,53.53656195964555],[9.341719585577938,53.55911966545694],[9.369999672191756,53.57101950824595],[9.393984759472215,53.60765883221539],[9.43145043599797,53.61971534582539],[9.396726098552547,53.649325177388015],[9.507022029778554,53.690874289730075],[9.528002921786362,53.66238585841295],[9.533481207519523,53.6356512186875],[9.54970765498802,53.616034863744716],[9.675899694381211,53.56458767731514],[9.774393406872408,53.55433091809375],[9.771917325098798,53.54373995912627],[9.765441704759121,53.54111456031003]]]}},{"type":"Feature","properties":{"district":"031 Mittelems","constituency_code":"031","state":"Lower Saxony"},"geometry":{"type":"Polygon","coordinates":[[[7.68378632182593,52.799114433222464],[7.71494599120457,52.76675405233662],[7.664333906809255,52.742010784914676],[7.64579683038198,52.718952733897574],[7.677496139675486,52.69572474666407],[7.694972543531146,52.66343128168635],[7.657818192711952,52.64816552588117],[7.608330340473678,52.61769953619212],[7.607661027960232,52.60792844844218],[7.622276790489092,52.58362906601177],[7.611482163476791,52.47730239024472],[7.590868514750031,52.46378296499689],[7.568087376887138,52.43153133234416],[7.602719467405383,52.421030690426235],[7.601117635957901,52.41414293585934],[7.564658022629073,52.37111774059993],[7.529922923750023,52.36987642857042],[7.437776484473148,52.33335651764787],[7.4268231296134255,52.31816994215066],[7.3864803261245395,52.30930415673671],[7.370752596158932,52.300237434921584],[7.361554535675363,52.2883123937017],[7.317481059005866,52.28027224316706],[7.297889793114363,52.263975122846915],[7.155731621820495,52.26648114458522],[7.12139896761258,52.26121746513112],[7.099148751352222,52.24305874142431],[7.065685138439085,52.24137283286723],[7.042625080718297,52.25615067353699],[7.029370484471607,52.273189802920236],[7.026305099554909,52.28744412314472],[7.072173798990541,52.3522663647044],[7.072438001043259,52.373116391587416],[7.0582705518062365,52.39927949559614],[7.035958180151789,52.40232044359066],[7.010888672521409,52.42907306387596],[6.992083235265096,52.467122759251104],[6.97805915916133,52.465119430460234],[6.962510929906107,52.44375727144888],[6.941683815726285,52.43548963101789],[6.812813693960727,52.45962728316534],[6.753103464804793,52.463796971047515],[6.697720003684559,52.48634521171335],[6.705367224198113,52.52026431659568],[6.68479625042358,52.55277870028943],[6.715964976873694,52.54877287317958],[6.766490113016363,52.56230611947828],[6.719678812550708,52.588769491072746],[6.70973231074653,52.627823517240444],[6.742476613421852,52.645621101558206],[6.7845849057711325,52.65262290740735],[6.8512350120914025,52.64898241081891],[6.873920779884418,52.65307761144084],[6.896557657798786,52.651585259508366],[6.9149898325347765,52.64602083492613],[6.918966890638401,52.63998097445953],[6.936053077767128,52.638208714609384],[6.974871953842993,52.64623478229893],[7.006051045813468,52.63854355916562],[6.995434744028486,52.60634968496626],[7.033347101646758,52.61839126773186],[7.048880588099123,52.60646746269985],[7.091739328163097,52.5927872160706],[7.139219290405554,52.58843900034795],[7.127254755577927,52.60971822129608],[7.1286944396011,52.63613304842178],[7.133893740642733,52.646467699802415],[7.159085850902019,52.65413398320009],[7.183021034247986,52.650526895613616],[7.191748297513464,52.65478965150454],[7.1807601959623275,52.67578478240478],[7.161225970077695,52.692843898000795],[7.134479610422282,52.693713722646045],[7.140513241985716,52.72968747935157],[7.217395386606842,52.735631104736804],[7.258182493767322,52.75241749174256],[7.2720666022568174,52.76142836847639],[7.267815403823982,52.767678005754654],[7.367528474128189,52.75348608390544],[7.382787244692073,52.76075533576641],[7.422015648678974,52.76561909625861],[7.448753563205066,52.73869513736961],[7.461881094862182,52.73197181767972],[7.622944420825879,52.79253019594383],[7.6632657714721715,52.791023939404546],[7.68378632182593,52.799114433222464]]]}},{"type":"Feature","properties":{"district":"032 Cloppenburg – Vechta","constituency_code":"032","state":"Lower Saxony"},"geometry":{"type":"Polygon","coordinates":[[[7.745044635627956,53.173378956973984],[7.789682569558099,53.178558716776166],[7.821697745120522,53.17427180623013],[7.847578254195213,53.16360154258294],[7.858451229618555,53.13094347833981],[7.885133989646844,53.109660193676824],[7.901627798962989,53.11947458503005],[7.949003740814499,53.09569307811358],[7.947556848061116,53.086065554167],[7.965779146525295,53.07569660004343],[8.015268281959758,53.07397082729404],[8.06283150085463,53.05288472949901],[8.124224612877128,52.998951426490414],[8.114748117333857,52.96724891207809],[8.121062335801403,52.93144693715478],[8.206696758322636,52.87849290332377],[8.23420633471267,52.869078647659705],[8.265742419091394,52.87720041770635],[8.3189426581459,52.878292994183184],[8.36385063076149,52.85333960556374],[8.37691019716256,52.85523261931838],[8.40604576366447,52.84835406695481],[8.406386014857505,52.84048977336973],[8.396595945018431,52.83202756108586],[8.414833432619718,52.82473286381733],[8.471840585344177,52.82205625648449],[8.469687561012556,52.80422903383966],[8.459277472892149,52.80105578099655],[8.450053369007149,52.78637749815475],[8.469313012874252,52.75180212848128],[8.464676744688804,52.7335276882313],[8.447186621850069,52.72331995518228],[8.410173821054784,52.723424330793165],[8.358885993985368,52.70082220052129],[8.309524106687004,52.68586040798604],[8.293586824309553,52.65067561658416],[8.311235476654016,52.58627841046012],[8.322899322924338,52.57392156486801],[8.339869789831168,52.56801915973228],[8.349679780898715,52.55250487316754],[8.344079943519628,52.54189711068051],[8.327403615399923,52.53646975216155],[8.311735521086465,52.51590798167114],[8.308323942176528,52.49911206476155],[8.201469662636507,52.47675050509497],[8.159417362825305,52.433201807798426],[8.08868720277373,52.446871092997334],[8.0627626772424,52.45996732198485],[8.063580614880763,52.502984384720186],[8.023473089893399,52.52144871055364],[8.01396729389567,52.53273412219618],[8.024901025168091,52.534326794317],[8.03988866605356,52.57148749205258],[8.036335827418414,52.57755123175369],[8.042291829246752,52.59012503650875],[8.072210014164524,52.597163559151326],[8.080819419681355,52.61693202585221],[8.072631278816676,52.64497322386441],[8.01815235214291,52.68391227703872],[7.973688265061333,52.696577225700786],[7.91800791280306,52.67989033624273],[7.8895310806297605,52.69853344048863],[7.855138153292767,52.709339206324934],[7.804824915424133,52.70057202648251],[7.797276900965909,52.696804539312716],[7.8002946088496605,52.693434771591136],[7.795582898668043,52.68784985246779],[7.7643105039990905,52.67743770437592],[7.68949111606186,52.67975305932672],[7.677496139675486,52.69572474666407],[7.64579683038198,52.718952733897574],[7.664333906809255,52.742010784914676],[7.71494599120457,52.76675405233662],[7.68378632182593,52.799114433222464],[7.704092195416271,52.828241420015566],[7.71311687570729,52.851131260741276],[7.782918817185618,52.87287543917488],[7.825585020719219,52.90959233040734],[7.831920519976437,52.919816398320805],[7.823818590508931,52.92755509499607],[7.7418998201807145,52.947109771735526],[7.7161777388114245,52.96824168049813],[7.723160762612686,52.97214368960784],[7.713047354661572,53.01570676764373],[7.611869267063526,53.05767680938426],[7.627135702178767,53.114434011092854],[7.6442977734604325,53.14849847694309],[7.6477769555639705,53.182681551719156],[7.719023102319336,53.178888763823466],[7.745044635627956,53.173378956973984]]]}},{"type":"Feature","properties":{"district":"033 Diepholz – Nienburg I","constituency_code":"033","state":"Lower Saxony"},"geometry":{"type":"Polygon","coordinates":[[[8.78937089719036,53.037646417716154],[8.823420073763296,53.02092655084862],[8.926169438629147,53.00861965508571],[8.931641832007271,52.99256775659652],[8.919708064556941,52.9816051781438],[8.910278059309068,52.983658550523245],[8.903913319040099,52.96716471272129],[8.911921626330631,52.947729344938],[8.952705777851673,52.888545413720365],[8.981803719138247,52.88852746406723],[8.990351793580093,52.89768749563867],[9.001225109505208,52.92450211181687],[9.011231157453379,52.926063722905816],[9.061985130490644,52.922861607494475],[9.109498461111675,52.903631579617716],[9.11599719102478,52.896952678169036],[9.16980381374141,52.90113208878836],[9.206058487223915,52.841870067202976],[9.200400639461291,52.83880622945214],[9.193870432291115,52.81488844280447],[9.250956899825134,52.80307105038121],[9.27114080076536,52.80505766158431],[9.27410188426845,52.81176889177213],[9.306921375181574,52.80762689510744],[9.30139300831718,52.78035264027194],[9.304208561456685,52.77490405897865],[9.325602305555106,52.76771242882316],[9.30681837247532,52.73945604339114],[9.306925417049097,52.72656878705114],[9.295705642533198,52.7268264343758],[9.281293078599383,52.738768475165834],[9.295332809256177,52.76478957432635],[9.285714635943332,52.769027992071464],[9.24919196731809,52.74542861834425],[9.20846911249542,52.74341860611055],[9.157601139917256,52.730122018799214],[9.138774231543263,52.729975394324505],[9.13086837994383,52.73561484896476],[9.015866976519607,52.71644443404018],[9.007550424208983,52.71048745837067],[9.029489590448794,52.691788729134515],[9.00420073871123,52.65223023791012],[8.98567381961401,52.65868200031943],[8.926492467943884,52.63186151230141],[8.888473806737725,52.629768451530396],[8.873771499819606,52.622881881565185],[8.870335281948332,52.610936769321206],[8.873399108430068,52.60652294685498],[8.900165984551787,52.59588042115066],[8.898367658898831,52.58834624106584],[8.927068185826178,52.57807428694418],[8.93556945526722,52.572213994235845],[8.944728118095352,52.55557493919006],[8.951074035314939,52.555907751213475],[8.956350701300652,52.545811627205865],[8.939080523501772,52.51015030312366],[8.943013791402942,52.498229260162354],[8.994803695668063,52.47712929816931],[8.998506173789252,52.46809444646417],[8.998919745168322,52.45756300308467],[8.986727120835235,52.4455144212929],[8.986390703972035,52.432175232973286],[8.921511891141263,52.403096176041025],[8.855101140935256,52.389234121993205],[8.815252951254049,52.39481706665134],[8.746086795776929,52.387872222250586],[8.707486372397023,52.395351264297226],[8.698562545093314,52.48525919210214],[8.702061806810853,52.50347337673733],[8.688758153754518,52.51736999767675],[8.65255012398146,52.531443426762145],[8.556857516866819,52.49909565218561],[8.50884853055412,52.514693374948244],[8.46026373406012,52.49031961956002],[8.454290059798096,52.461007061405034],[8.41814499410128,52.444202296101956],[8.359687310173388,52.44403112289044],[8.34569070272312,52.45282315693461],[8.311374096639113,52.45895155843697],[8.297213681647852,52.45649790603199],[8.311735521086465,52.51590798167114],[8.327403615399923,52.53646975216155],[8.343409088908619,52.54142629531887],[8.349673070833056,52.55172207205935],[8.339869789831168,52.56801915973228],[8.322899322924338,52.57392156486801],[8.311235476654016,52.58627841046012],[8.293586824309553,52.65067561658416],[8.309524106687004,52.68586040798604],[8.358885993985368,52.70082220052129],[8.410173821054784,52.723424330793165],[8.447186621850069,52.72331995518228],[8.464676744688804,52.7335276882313],[8.469313012874252,52.75180212848128],[8.450053369007149,52.78637749815475],[8.459277472892149,52.80105578099655],[8.478654072880007,52.79788497730356],[8.509364917380285,52.80468000076349],[8.544232484138957,52.823163608625485],[8.543065486318186,52.830798787471856],[8.633864184478673,52.850486021662384],[8.643005270938007,52.86105875474127],[8.637014398428377,52.8706980674238],[8.644121212434795,52.91160988709297],[8.653317622498376,52.917631456380114],[8.679104260442285,52.91285819336987],[8.694026935650294,52.92014928310621],[8.68435890297305,52.95684058066608],[8.654774688497607,52.96315842488792],[8.642865974611476,52.97688937428364],[8.664005433656902,53.01977209303858],[8.711423918503225,53.04463024755882],[8.734857621548128,53.034693544861064],[8.770704765147785,53.05340697128157],[8.78937089719036,53.037646417716154]]]}},{"type":"Feature","properties":{"district":"034 Osterholz – Verden","constituency_code":"034","state":"Lower Saxony"},"geometry":{"type":"Polygon","coordinates":[[[9.002022490981592,53.28784613032455],[8.9919945029661,53.27094835083825],[9.025764447515934,53.2472302003022],[9.029109313465213,53.19637738725298],[9.035603878535749,53.184273364452295],[9.060702435562245,53.171427206901384],[9.071452822670626,53.15129774425978],[9.110164328139648,53.14393110698821],[9.144964834845824,53.16910795613091],[9.175712840936606,53.18447605229193],[9.194844378869194,53.17215843659952],[9.184934812067972,53.16477932139977],[9.173057086227086,53.12691872673048],[9.152494093610876,53.10276085558575],[9.164348556266342,53.07576603657616],[9.200504086635624,53.03824178185086],[9.2864342170566,53.02912915267505],[9.342019018611179,53.01359404197327],[9.350193512596237,53.00420402166657],[9.338887402933386,52.99882814437174],[9.336831262939953,52.98744390445734],[9.373312182615797,52.98243708546109],[9.393545291669017,52.99428376833989],[9.437594374661579,53.00294728895121],[9.457697103921346,52.98911324888109],[9.463926743650868,52.96926060633476],[9.454722840150875,52.917411134316005],[9.377529224555053,52.84870157637008],[9.387512554317084,52.84147407271707],[9.388451740471728,52.83359678306473],[9.366083481167681,52.82049539350194],[9.354927227596532,52.82488667172282],[9.325602305555106,52.76771242882316],[9.304208561456685,52.77490405897865],[9.30139300831718,52.78035264027194],[9.306921375181574,52.80762689510744],[9.27410188426845,52.81176889177213],[9.27114080076536,52.80505766158431],[9.250956899825134,52.80307105038121],[9.193870432291115,52.81488844280447],[9.200400639461291,52.83880622945214],[9.206058487223915,52.841870067202976],[9.16980381374141,52.90113208878836],[9.11599719102478,52.896952678169036],[9.109498461111675,52.903631579617716],[9.061985130490644,52.922861607494475],[9.011231157453379,52.926063722905816],[9.001225109505208,52.92450211181687],[8.990351793580093,52.89768749563867],[8.981803719138247,52.88852746406723],[8.952705777851673,52.888545413720365],[8.911921626330631,52.947729344938],[8.903913319040099,52.96716471272129],[8.910278059309068,52.983658550523245],[8.919708064556941,52.9816051781438],[8.931641832007271,52.99256775659652],[8.926169438629147,53.00861965508571],[8.915827047289008,53.01102137720464],[8.963392151069975,53.03706760601831],[8.956573265013716,53.11891918273865],[8.984185253581078,53.126070928956246],[8.95663111046121,53.147241302420575],[8.940009362962119,53.152110212608456],[8.922609892141462,53.14346255315565],[8.865074919271107,53.13185852120573],[8.827426262219067,53.16215784631227],[8.742837130681359,53.1641368847996],[8.73047532375075,53.17544055747272],[8.659029625318134,53.17728169221398],[8.63439206910774,53.19614125187457],[8.609010790070291,53.19201135049584],[8.512641176979498,53.22755727811886],[8.485330523344262,53.22712015880423],[8.481526284550187,53.23494319415972],[8.501531814413243,53.35105861764845],[8.499987433635908,53.366847988491386],[8.512363607524106,53.35309539567983],[8.517504853207377,53.326377160202696],[8.514812888631921,53.311813408254146],[8.503391476091982,53.29353819622012],[8.546092695443427,53.285225671297844],[8.563208643360364,53.29791356161282],[8.627189982608256,53.28120400068266],[8.70939059456377,53.2994414659426],[8.750979965524527,53.31821947954387],[8.762721345685543,53.3315116777537],[8.763601270991192,53.3396600525659],[8.752925248139551,53.35167204836645],[8.762942669543738,53.36851711843649],[8.792875314780735,53.38420978350249],[8.868106991192942,53.39572169199478],[8.910710325412854,53.38000016496167],[8.906965378782209,53.37423452673061],[8.997450138316701,53.322939454425274],[9.012530859830386,53.30052349229645],[9.002022490981592,53.28784613032455]]]}},{"type":"Feature","properties":{"district":"035 Rotenburg I – Heidekreis","constituency_code":"035","state":"Lower Saxony"},"geometry":{"type":"Polygon","coordinates":[[[9.60741708314063,53.24318240317718],[9.623571926472742,53.22728084959469],[9.718082149323207,53.21508439362772],[9.753220512083749,53.198728163846226],[9.794307572861298,53.18771771986906],[9.833217940041155,53.20257871339629],[9.857323925916024,53.20336377983836],[9.89006249189786,53.193778387196254],[9.913181726749345,53.17390913098318],[9.933623720089733,53.173457124191955],[9.956879730439422,53.18136488866051],[10.001243509872937,53.17356263489617],[10.00895014727808,53.15889322044157],[10.071560874819724,53.13614739844971],[10.075396258047705,53.129005462686216],[10.11758005330863,53.105557126796214],[10.101042879134935,53.08917066051986],[10.072836825697973,53.073694329024384],[10.045374144904645,53.06911836743455],[10.036090050402755,53.06206257932371],[10.042577797445118,53.05229735881057],[10.069058922763034,53.043170344125365],[10.14575620884881,53.04714784689602],[10.16943797117296,53.072115301760405],[10.198692230730591,53.0787712523259],[10.199232756152018,53.069522475123],[10.212213837140618,53.067791835261545],[10.219391170180524,53.05622109395922],[10.218636042377835,53.024764627014],[10.198342934221618,53.029246944462734],[10.156650320826113,53.02733874949936],[10.15893176413025,53.01376156788828],[10.205987162598579,53.01431563424437],[10.216092013164694,53.0075972096611],[10.223474517527912,52.95421343612859],[10.237127039256377,52.9362991415753],[10.222762210103706,52.92762754925475],[10.08335107082972,52.90806226294292],[9.978886614971245,52.8696465197621],[9.890943898973813,52.89110343876044],[9.882477879801588,52.90556290149935],[9.86441802687588,52.90086656878254],[9.83962761561935,52.87210735452792],[9.83972301446651,52.86567928202885],[9.852556925495987,52.8597333297171],[9.857862245530116,52.841059938359756],[9.831961711551394,52.83044540561106],[9.82230668469442,52.7927628598916],[9.831518104191677,52.746264222110135],[9.751679132472379,52.732282573043456],[9.731237764155994,52.711616726582136],[9.725890107840456,52.70579172058997],[9.745698113029933,52.65144157450482],[9.704881801201267,52.60274579551546],[9.695896857267757,52.59971868951194],[9.66732384114615,52.600226481377604],[9.646223126981287,52.60849641689026],[9.63519304905514,52.625836931048156],[9.639931236877308,52.635349042311454],[9.587751841583298,52.663789451055614],[9.58506488021913,52.6772114550823],[9.539578859676968,52.67131127015575],[9.534658550342819,52.66006642888661],[9.525527661701824,52.662367259547395],[9.504732674052896,52.67896922832071],[9.50748283529135,52.69132958153972],[9.504052491555079,52.7035133053864],[9.480909533007036,52.727060752165144],[9.365860673670309,52.728978541295],[9.348169257120425,52.714819001290444],[9.33160753017652,52.71505598272009],[9.322139202628602,52.72089044793686],[9.350506580199754,52.72583924034687],[9.341191744301673,52.75237180009976],[9.31777653540506,52.75867985104285],[9.354927227596532,52.82488667172282],[9.366083481167681,52.82049539350194],[9.388451740471728,52.83359678306473],[9.387512554317084,52.84147407271707],[9.377529224555053,52.84870157637008],[9.454722840150875,52.917411134316005],[9.463926743650868,52.96926060633476],[9.457697103921346,52.98911324888109],[9.437594374661579,53.00294728895121],[9.393545291669017,52.99428376833989],[9.373312182615797,52.98243708546109],[9.336831262939953,52.98744390445734],[9.338887402933386,52.99882814437174],[9.350193512596237,53.00420402166657],[9.342019018611179,53.01359404197327],[9.2864342170566,53.02912915267505],[9.200504086635624,53.03824178185086],[9.164348556266342,53.07576603657616],[9.152969216502921,53.099421567844544],[9.173057086227086,53.12691872673048],[9.184934812067972,53.16477932139977],[9.195600344845898,53.16986503556625],[9.175712840936606,53.18447605229193],[9.182571365975361,53.1888562791523],[9.188559529088398,53.20797019321529],[9.219656124936735,53.21122092475117],[9.22239837179108,53.19615569470672],[9.250131124702794,53.18316396691785],[9.305688012699893,53.19228084973506],[9.311596411212706,53.191710416802614],[9.318999159574917,53.178777637268524],[9.340257856941916,53.175537868115384],[9.36072868104614,53.181258824969355],[9.387994028534338,53.21572363834757],[9.440552896359696,53.24657291689911],[9.446585494743966,53.23870552802083],[9.479474243861924,53.232241999498626],[9.525841875518148,53.24986020817928],[9.601278063787841,53.259128562971604],[9.60741708314063,53.24318240317718]]]}},{"type":"Feature","properties":{"district":"036 Harburg","constituency_code":"036","state":"Lower Saxony"},"geometry":{"type":"Polygon","coordinates":[[[9.783207843199941,53.495361016826294],[9.800788185609342,53.48823668073635],[9.79980437689338,53.46963746653102],[9.862486322812021,53.43407801809213],[9.899646940951376,53.457573843191845],[9.913898933889326,53.44842908550155],[9.921486178308845,53.43655014869262],[9.977557840787192,53.41924922637669],[10.029080177459972,53.43501355248086],[10.025660607645436,53.43810988833758],[10.051810703953745,53.463918937398525],[10.082481936871085,53.45173291392014],[10.116309685552174,53.42428937462386],[10.173460941282697,53.39690013953594],[10.236305489083376,53.395505123395886],[10.259606378404467,53.41829889953668],[10.308312101768829,53.433221616010805],[10.331082152129392,53.42497813580061],[10.376108329025543,53.42450966312146],[10.414731205704472,53.404295831774],[10.469183840805597,53.385844205665144],[10.471014756654501,53.38019512515091],[10.435872783738827,53.3546097710602],[10.37232537549651,53.3618488947595],[10.323355664808915,53.35964030956281],[10.323466469520074,53.339517698309336],[10.267551807672014,53.329700126956375],[10.227259456005438,53.31467082881054],[10.212554616708948,53.29350702247466],[10.250000060345078,53.282354168693594],[10.257548034100218,53.25973753284956],[10.223132514107936,53.24779132119067],[10.20936287165337,53.22704149472667],[10.233941111059947,53.20486899112504],[10.232064603319074,53.193386544875885],[10.180774539868509,53.18076934382962],[10.167689154503082,53.189795087523066],[10.109620573735997,53.16965970587265],[10.108833278675165,53.15720763179725],[10.075396258047705,53.129005462686216],[10.071560874819724,53.13614739844971],[10.00895014727808,53.15889322044157],[10.001243509872937,53.17356263489617],[9.984600036821426,53.1793364249341],[9.956879730439422,53.18136488866051],[9.933623720089733,53.173457124191955],[9.913181726749345,53.17390913098318],[9.89006249189786,53.193778387196254],[9.857323925916024,53.20336377983836],[9.833217940041155,53.20257871339629],[9.794307572861298,53.18771771986906],[9.753220512083749,53.198728163846226],[9.718082149323207,53.21508439362772],[9.623571926472742,53.22728084959469],[9.60741708314063,53.24318240317718],[9.591808241262203,53.280766365816255],[9.604147339781033,53.2890725953882],[9.601221473322141,53.29940589520025],[9.562704062353372,53.33758784099388],[9.583658801940391,53.3582117880427],[9.643543549164903,53.39605076202981],[9.67051253446459,53.40836874453246],[9.783426895535948,53.440461454236114],[9.76441144989754,53.494666181610114],[9.768861068261259,53.50527890923924],[9.783207843199941,53.495361016826294]]]}},{"type":"Feature","properties":{"district":"037 Lüchow-Dannenberg – Lüneburg","constituency_code":"037","state":"Lower Saxony"},"geometry":{"type":"Polygon","coordinates":[[[10.577986475581708,53.35987731091739],[10.616397395583926,53.36974191332865],[10.700692789980002,53.37002280536881],[10.752840906533974,53.34099311218576],[10.759653773420327,53.32998715544772],[10.793262566038317,53.31556723577539],[10.834041184258753,53.30577427075608],[10.887980383360944,53.324031546938556],[10.916502076941986,53.34466359218471],[10.988000625337667,53.3334265066658],[11.06225828836813,53.23545317281817],[11.080144557175068,53.2205207301885],[11.136708435798688,53.19233870745849],[11.194111224753376,53.18118602614514],[11.189095211746102,53.165627358889516],[11.171861638595395,53.156644200028566],[11.184042028234707,53.1368093751664],[11.192592286589633,53.13489146292093],[11.216318753368554,53.14440029333089],[11.24569726870219,53.136421921993154],[11.265731920541882,53.121977893373256],[11.267754386472735,53.104192835326536],[11.273159370812364,53.097218735494266],[11.336466897025721,53.055996439166464],[11.351697747882808,53.0542459086083],[11.402588917700195,53.072372726356015],[11.448379406287252,53.07838157932306],[11.463774739016351,53.07442225535044],[11.507496841344494,53.04810536375514],[11.598078494474702,53.034548158641414],[11.557044780419622,53.01064500325644],[11.512490564573021,53.00744492545848],[11.492342519248865,52.95966288123863],[11.504697980422058,52.94112102012718],[11.453122889890615,52.93324614328782],[11.38865394168875,52.903110611905724],[11.314288813182221,52.87793479107061],[11.295647663700535,52.87517210185171],[11.235900938694718,52.8890890934591],[11.220767131222948,52.89818869793174],[11.155738354158496,52.90551568447213],[11.147353723855833,52.90022966411032],[11.113148338557352,52.89572213778971],[11.093537157130031,52.89894824934279],[11.096708175836655,52.91033299496911],[11.002075787959598,52.91147667518563],[10.989053822012389,52.89905300721425],[10.990097009613919,52.88818764457012],[10.985508335287617,52.882033133362356],[10.939633519320294,52.85333550863049],[10.884683580396125,52.84579633955766],[10.841555871405678,52.85220486096346],[10.829667466115328,52.861578520863695],[10.804334191618944,52.89791220505969],[10.851328858883086,52.93726265675454],[10.860319633299829,52.955963146169466],[10.841074005585117,52.97962669465804],[10.891656575283342,52.99815587098998],[10.88857213174137,53.01347558398371],[10.870956989147274,53.03653492170572],[10.854795671966075,53.0429958387857],[10.841340830256591,53.056920348907504],[10.828223833683523,53.07885468656778],[10.796081122060444,53.09412882473042],[10.7678163969503,53.09725940180311],[10.753131991708802,53.11484657453056],[10.750508844275757,53.121243225542834],[10.754824331506335,53.12333774570156],[10.74463104028713,53.122963052564316],[10.714479976136095,53.14533928299008],[10.63277138320864,53.1589564914202],[10.627099844246573,53.16812203801271],[10.62906057846491,53.1736570164549],[10.660579052717015,53.17709832984193],[10.658529095876542,53.18953224351505],[10.601964285076608,53.18507117494922],[10.59193042666655,53.17403211021496],[10.581706020177501,53.1704708626002],[10.54262101923808,53.173430012236715],[10.537774521147645,53.17406080936111],[10.534569534052416,53.18870418480841],[10.50902709488605,53.20387231831962],[10.396994295833858,53.15039188739299],[10.387924065282544,53.14222203158841],[10.400445715653785,53.138241797068915],[10.389162388530416,53.11339549071896],[10.329100680039495,53.11444090329528],[10.313788504761066,53.089257812566274],[10.276992428433912,53.09609991900543],[10.220100165552276,53.07625123863511],[10.212213837140618,53.067791835261545],[10.199232756152018,53.069522475123],[10.198692230730591,53.0787712523259],[10.176476314061766,53.07507369985726],[10.14575620884881,53.04714784689602],[10.069058922763034,53.043170344125365],[10.042577797445118,53.05229735881057],[10.036090050402755,53.06206257932371],[10.045374144904645,53.06911836743455],[10.072836825697973,53.073694329024384],[10.101042879134935,53.08917066051986],[10.11758005330863,53.105557126796214],[10.075396258047705,53.129005462686216],[10.108833278675165,53.15720763179725],[10.109620573735997,53.16965970587265],[10.167689154503082,53.189795087523066],[10.180774539868509,53.18076934382962],[10.232064603319074,53.193386544875885],[10.233941111059947,53.20486899112504],[10.20936287165337,53.22704149472667],[10.223132514107936,53.24779132119067],[10.257548034100218,53.25973753284956],[10.250000060345078,53.282354168693594],[10.212554616708948,53.29350702247466],[10.227932422270005,53.31505879228503],[10.267551807672014,53.329700126956375],[10.323466469520074,53.339517698309336],[10.323355664808915,53.35964030956281],[10.37232537549651,53.3618488947595],[10.440753325404717,53.35570867496241],[10.471014756654501,53.38019512515091],[10.469183840805597,53.385844205665144],[10.502254210640999,53.37354465452509],[10.577986475581708,53.35987731091739]]]}},{"type":"Feature","properties":{"district":"038 Osnabrück-Land","constituency_code":"038","state":"Lower Saxony"},"geometry":{"type":"Polygon","coordinates":[[[7.879367916088499,52.70035613088713],[7.8895310806297605,52.69853344048863],[7.91800791280306,52.67989033624273],[7.976795442735938,52.69636316245485],[8.01815235214291,52.68391227703872],[8.072631278816676,52.64497322386441],[8.080819419681355,52.61693202585221],[8.072210014164524,52.597163559151326],[8.042291829246752,52.59012503650875],[8.036335827418414,52.57755123175369],[8.03988866605356,52.57148749205258],[8.024901025168091,52.534326794317],[8.01396729389567,52.53273412219618],[8.023473089893399,52.52144871055364],[8.063580614880763,52.502984384720186],[8.0627626772424,52.45996732198485],[8.08868720277373,52.446871092997334],[8.159417362825305,52.433201807798426],[8.201469662636507,52.47675050509497],[8.308323942176528,52.49911206476155],[8.297213681647852,52.45649790603199],[8.322037248653894,52.42616199733156],[8.313596761532798,52.406044103508314],[8.393053296630182,52.38463785751275],[8.44268086170319,52.35692371617611],[8.462027416131322,52.31713592696744],[8.45981583615917,52.30470024853004],[8.466186370846772,52.26761383029067],[8.458796591610053,52.25818487515046],[8.455852476627214,52.227057370799734],[8.44239179303104,52.213306814842575],[8.460188310110425,52.195954635922305],[8.517437323835836,52.18495044839966],[8.48091940546056,52.159631805202096],[8.462092142094834,52.153103777522716],[8.453533796281505,52.155386954529654],[8.412881585866376,52.13760564351619],[8.403805014579612,52.12425545104252],[8.4105863706725,52.115115173954],[8.368873746095694,52.1147648896873],[8.285930906942012,52.13138781933775],[8.245896154361791,52.12139729834075],[8.208913878928348,52.09677428975435],[8.198205288704706,52.08180077605665],[8.131997479107081,52.07124856895068],[8.096448167728546,52.057145181231284],[8.086882499312589,52.064598722853376],[8.032748466850354,52.06844093390661],[7.993717080754529,52.04963608544586],[7.979814280924266,52.03635581100391],[7.91692127084343,52.05163721188037],[7.914869724029291,52.060210801937245],[7.885188659687802,52.0849357698638],[7.971769165195478,52.115983013544714],[8.007796128719072,52.11533314418332],[8.003504900835056,52.14965820668641],[8.01842990294856,52.17333176767323],[8.050511442322529,52.17555028150331],[8.083496061069999,52.16750132733937],[8.134253505619961,52.180287282171406],[8.149842263309214,52.21493410393324],[8.131874185772906,52.231830486275896],[8.124460080739098,52.246000548170336],[8.124893803001626,52.261432836995496],[8.146617058559713,52.262194521127],[8.208176692027957,52.294314899333],[8.201314123784636,52.31463623930639],[8.166901159099018,52.324805559381616],[8.173354618219978,52.34145139691143],[8.16885234019363,52.35576988776792],[8.133465943410132,52.36497545271477],[8.126346983509652,52.37788217407196],[8.10018998763014,52.36437797794366],[8.061670728553846,52.359912564233795],[7.994588848482267,52.36230180740045],[7.94293250181348,52.37297423294922],[7.936669993157876,52.36497725588566],[7.926761395557133,52.3644577722514],[7.891770367911166,52.38051298024109],[7.843035816404451,52.36902764570905],[7.807088758088664,52.371427028263504],[7.713777690785259,52.40098590488966],[7.702342179247891,52.43437005709513],[7.684337411230369,52.456160928657354],[7.608038612164173,52.47401575073608],[7.622276790489092,52.58362906601177],[7.607661027960232,52.60792844844218],[7.610988412090612,52.62210071668074],[7.694972543531146,52.66343128168635],[7.68949111606186,52.67975305932672],[7.7643105039990905,52.67743770437592],[7.795582898668043,52.68784985246779],[7.8002946088496605,52.693434771591136],[7.797276900965909,52.696804539312716],[7.804824915424133,52.70057202648251],[7.855138153292767,52.709339206324934],[7.879367916088499,52.70035613088713]]]}},{"type":"Feature","properties":{"district":"039 Stadt Osnabrück","constituency_code":"039","state":"Lower Saxony"},"geometry":{"type":"Polygon","coordinates":[[[8.133465943410132,52.36497545271477],[8.16885234019363,52.35576988776792],[8.173354618219978,52.34145139691143],[8.166901159099018,52.324805559381616],[8.201314123784636,52.31463623930639],[8.208176692027957,52.294314899333],[8.146617058559713,52.262194521127],[8.124893803001626,52.261432836995496],[8.124460080739098,52.246000548170336],[8.131874185772906,52.231830486275896],[8.149842263309214,52.21493410393324],[8.134253505619961,52.180287282171406],[8.083496061069999,52.16750132733937],[8.050511442322529,52.17555028150331],[8.01697801280058,52.17205069821213],[8.007512014246787,52.17595746747483],[7.9339868246045855,52.17692188574842],[7.9081091265684496,52.189863445171966],[7.8997687380874355,52.208069027658176],[7.92654914088049,52.226548334313776],[7.92512583623383,52.26202980851291],[7.956465027740188,52.272490577884106],[7.932168986590227,52.28799112465354],[7.931591756953553,52.30146864598607],[7.978010144702175,52.31270391419663],[7.948563556451947,52.33512760793713],[7.936669993157876,52.36497725588566],[7.94293250181348,52.37297423294922],[7.994588848482267,52.36230180740045],[8.061670728553846,52.359912564233795],[8.10018998763014,52.36437797794366],[8.126346983509652,52.37788217407196],[8.133465943410132,52.36497545271477]]]}},{"type":"Feature","properties":{"district":"040 Nienburg II – Schaumburg","constituency_code":"040","state":"Lower Saxony"},"geometry":{"type":"Polygon","coordinates":[[[9.295332809256177,52.76478957432635],[9.280325399851435,52.741105827031504],[9.295705642533198,52.7268264343758],[9.306925417049097,52.72656878705114],[9.30681837247532,52.73945604339114],[9.31777653540506,52.75867985104285],[9.341389715427564,52.752108612732556],[9.350506580199754,52.72583924034687],[9.322139202628602,52.72089044793686],[9.33160753017652,52.71505598272009],[9.348169257120425,52.714819001290444],[9.365860673670309,52.728978541295],[9.480909533007036,52.727060752165144],[9.504052491555079,52.7035133053864],[9.50748283529135,52.69132958153972],[9.504732674052896,52.67896922832071],[9.534658550342819,52.66006642888661],[9.537030224583283,52.639905644853506],[9.532880213590884,52.630151266375165],[9.522752008506407,52.62357691705424],[9.470236543571822,52.637538445325106],[9.423585650826519,52.61786476654122],[9.356371894225527,52.60760894234972],[9.343210830178336,52.602700645594176],[9.342784725464805,52.58174957605082],[9.357795918051236,52.574096620322905],[9.346756860125225,52.55851377345019],[9.274755886878095,52.54676864532997],[9.238198610178639,52.52969409638374],[9.263966450774772,52.50843449063188],[9.265185071307926,52.47931612034084],[9.27717868745818,52.46174607166755],[9.2729084401702,52.454741076986714],[9.284472475428062,52.43871371830226],[9.346437751037522,52.44422565705118],[9.393435667804763,52.4340450346373],[9.376008999439668,52.43477388748632],[9.346119121441115,52.41938056149113],[9.320290818075296,52.403533709551006],[9.317739503640682,52.39094340210254],[9.324981696517646,52.383283821309114],[9.349733231862256,52.38277213988188],[9.350784586680641,52.38764819254507],[9.400382923857139,52.406919347576554],[9.411029637657883,52.40452485730325],[9.420243250106477,52.39378789068384],[9.415681945721365,52.39149825312408],[9.426248940069705,52.36667529084315],[9.435148513897403,52.36409572676065],[9.398477183692677,52.33342645210397],[9.408243588341549,52.298796295253936],[9.422674212184319,52.28185475396041],[9.448309575630823,52.27431991000687],[9.440847203798238,52.25990744794717],[9.416690728286849,52.250714544146796],[9.368473651922642,52.22089979966535],[9.322211095267772,52.21454368927505],[9.286302523816769,52.22057165288064],[9.22354778903454,52.2027825248478],[9.217360949127686,52.19586174887579],[9.182580222962137,52.184501775464796],[9.16142435620761,52.18903294897383],[9.155744973654132,52.182159473466136],[9.161582709412526,52.17281535920668],[9.194756341006729,52.14224554097791],[9.160653313079996,52.09801256585992],[9.134648346816997,52.09428142916714],[9.132922851296822,52.097734205758805],[9.159335103175117,52.11984022540205],[9.143606818719876,52.13507283674768],[9.072318703701288,52.14495664160693],[9.017792062230647,52.13242667105785],[9.011939287313142,52.13480990722787],[9.015286807393808,52.17223985825806],[8.98578740729705,52.194576268370945],[9.021111202585752,52.18383604781631],[9.045349209490217,52.18377344619807],[9.045855734049258,52.210785484975645],[9.07681911371876,52.23335927843931],[9.032970015908168,52.24952628207261],[8.974870268145148,52.26255531761329],[8.963536742655027,52.279026973836146],[8.988077145558972,52.287568986712174],[8.99034771849759,52.31131911147621],[8.99864501982414,52.326148939160426],[9.027357220467064,52.34561094559759],[9.057924826210815,52.339577401115456],[9.08511054595215,52.35585840088931],[9.12159583931765,52.4016623168323],[9.125415730870406,52.41282324079106],[9.123766660553665,52.42154768620225],[9.110523179721747,52.43542718349744],[9.094530000241459,52.44282393538175],[9.10292307398738,52.45692635464628],[9.136708747143896,52.4755456278722],[9.131973742762671,52.483982663043335],[9.053080557576349,52.500393091571226],[9.022950189402671,52.4772619975138],[9.017158336236877,52.45994785568387],[8.998919745168322,52.45756300308467],[8.994803695668063,52.47712929816931],[8.943013791402942,52.498229260162354],[8.939080523501772,52.51015030312366],[8.956350701300652,52.545811627205865],[8.951074035314939,52.555907751213475],[8.944728118095352,52.55557493919006],[8.93556945526722,52.572213994235845],[8.927068185826178,52.57807428694418],[8.898367658898831,52.58834624106584],[8.900165984551787,52.59588042115066],[8.873399108430068,52.60652294685498],[8.87173362190647,52.620855438720255],[8.888473806737725,52.629768451530396],[8.926492467943884,52.63186151230141],[8.98567381961401,52.65868200031943],[9.00420073871123,52.65223023791012],[9.029489590448794,52.691788729134515],[9.007550424208983,52.71048745837067],[9.015866976519607,52.71644443404018],[9.13086837994383,52.73561484896476],[9.138774231543263,52.729975394324505],[9.157601139917256,52.730122018799214],[9.20846911249542,52.74341860611055],[9.24919196731809,52.74542861834425],[9.285714635943332,52.769027992071464],[9.295332809256177,52.76478957432635]]]}},{"type":"Feature","properties":{"district":"041 Stadt Hannover I","constituency_code":"041","state":"Lower Saxony"},"geometry":{"type":"Polygon","coordinates":[[[9.887228831905182,52.41625017154498],[9.901958628761065,52.41485206822094],[9.918559561585209,52.403974294357845],[9.88455090883414,52.39698129760817],[9.896366020243438,52.36014015401183],[9.88161432422448,52.35820338972332],[9.871145649057272,52.35048629316652],[9.875685388415118,52.34576410664942],[9.86090993181987,52.338203236960425],[9.84136425555408,52.35142265668077],[9.844705588382825,52.363629155452266],[9.837819776070805,52.37166677574902],[9.794539586577978,52.36114247950701],[9.751661969537546,52.37367695738304],[9.715411259583899,52.39596788100349],[9.666458617684492,52.39601747771688],[9.633582171417709,52.40752860256628],[9.623957709357812,52.39507664935609],[9.604840097320668,52.396797532969146],[9.618914582517382,52.407100620031166],[9.612620492631699,52.420509139742656],[9.638060200809246,52.432502967795244],[9.761459422457733,52.42854827108494],[9.767726401415329,52.430394294537464],[9.765794646253285,52.43861492726998],[9.771740426465707,52.45326216692548],[9.818449347354674,52.44841849438501],[9.846314648043089,52.423624716362305],[9.887365135180906,52.42243838576524],[9.887228831905182,52.41625017154498]]]}},{"type":"Feature","properties":{"district":"042 Stadt Hannover II","constituency_code":"042","state":"Lower Saxony"},"geometry":{"type":"Polygon","coordinates":[[[9.875685388415118,52.34576410664942],[9.884136386186912,52.343502455770626],[9.878991380905505,52.326493065687714],[9.860660492165017,52.305910847152724],[9.776358228292484,52.31921088037643],[9.7421178434123,52.33571951044757],[9.681850100534133,52.31205586453372],[9.650823555400246,52.35197235752621],[9.649868964496198,52.36058068040141],[9.660052728125015,52.39106221818708],[9.666458617684492,52.39601747771688],[9.695924963869468,52.39809107259105],[9.717328919010505,52.395448130796815],[9.751661969537546,52.37367695738304],[9.794539586577978,52.36114247950701],[9.837819776070805,52.37166677574902],[9.844705588382825,52.363629155452266],[9.84136425555408,52.35142265668077],[9.858471598474683,52.33824477903301],[9.875685388415118,52.34576410664942]]]}},{"type":"Feature","properties":{"district":"043 Hannover-Land I","constituency_code":"043","state":"Lower Saxony"},"geometry":{"type":"Polygon","coordinates":[[[9.735218321023634,52.63826470234781],[9.792794493411899,52.61947928224448],[9.802111368070602,52.6145881560545],[9.804240050517022,52.60698011146712],[9.824383789514057,52.59700778099931],[9.837890323273264,52.597424316966446],[9.844307715851516,52.603934000531865],[9.878552970062492,52.605490931640546],[9.89554813718861,52.59608106608418],[9.91634641743257,52.59225364448159],[9.966737771195909,52.590256579876446],[9.985432089797968,52.57216374002427],[9.980282330520623,52.5618720764304],[9.965342615313533,52.55375832793077],[9.98737735315745,52.53630911968894],[10.076561096185998,52.537383687806766],[10.079762839236597,52.52306942434176],[10.063003410763418,52.51210152415067],[10.055267005493963,52.50265114174258],[10.055480660515508,52.49396763334324],[10.059975201269848,52.480044316443504],[10.080097343350623,52.47122481446017],[10.09815648937565,52.454526553439045],[10.103652665508372,52.44470909380695],[10.099548072318951,52.428970822433385],[10.082248362103245,52.41292187454879],[10.05492731098598,52.407976416772335],[10.03468943779995,52.409689484819566],[9.98862909958326,52.42784893578946],[9.944947779538113,52.43149547209959],[9.887228831905182,52.41625017154498],[9.887365135180906,52.42243838576524],[9.846314648043089,52.423624716362305],[9.818449347354674,52.44841849438501],[9.771740426465707,52.45326216692548],[9.765794646253285,52.43861492726998],[9.767726401415329,52.430394294537464],[9.761459422457733,52.42854827108494],[9.638060200809246,52.432502967795244],[9.612620492631699,52.420509139742656],[9.618914582517382,52.407100620031166],[9.604840097320668,52.396797532969146],[9.596875883367712,52.40754866979769],[9.571564078681615,52.40837217822905],[9.514661570615866,52.42056486025336],[9.50277045764518,52.41607504372653],[9.470435407880494,52.3816274523665],[9.44194707616048,52.36364313215566],[9.428819100589681,52.363967487388436],[9.415681945721365,52.39149825312408],[9.420243250106477,52.39378789068384],[9.411029637657883,52.40452485730325],[9.400382923857139,52.406919347576554],[9.350784586680641,52.38764819254507],[9.349733231862256,52.38277213988188],[9.324981696517646,52.383283821309114],[9.317739503640682,52.39094340210254],[9.321954312444149,52.405151027136135],[9.376008999439668,52.43477388748632],[9.393435667804763,52.4340450346373],[9.346437751037522,52.44422565705118],[9.284472475428062,52.43871371830226],[9.2729084401702,52.454741076986714],[9.27717868745818,52.46174607166755],[9.265185071307926,52.47931612034084],[9.263966450774772,52.50843449063188],[9.238198610178639,52.52969409638374],[9.274755886878095,52.54676864532997],[9.346756860125225,52.55851377345019],[9.357795918051236,52.574096620322905],[9.342784725464805,52.58174957605082],[9.343210830178336,52.602700645594176],[9.356371894225527,52.60760894234972],[9.423585650826519,52.61786476654122],[9.470236543571822,52.637538445325106],[9.522752008506407,52.62357691705424],[9.53615000904233,52.637367633307946],[9.534114734688734,52.66452286428486],[9.539578859676968,52.67131127015575],[9.58823230652759,52.675697652225836],[9.587751841583298,52.663789451055614],[9.639931236877308,52.635349042311454],[9.63519304905514,52.625836931048156],[9.646223126981287,52.60849641689026],[9.66732384114615,52.600226481377604],[9.704881801201267,52.60274579551546],[9.735218321023634,52.63826470234781]]]}},{"type":"Feature","properties":{"district":"044 Celle – Uelzen","constituency_code":"044","state":"Lower Saxony"},"geometry":{"type":"Polygon","coordinates":[[[10.580225243894331,53.170561729310826],[10.59193042666655,53.17403211021496],[10.601964285076608,53.18507117494922],[10.658529095876542,53.18953224351505],[10.660579052717015,53.17709832984193],[10.62906057846491,53.1736570164549],[10.627099844246573,53.16812203801271],[10.63277138320864,53.1589564914202],[10.714479976136095,53.14533928299008],[10.74463104028713,53.122963052564316],[10.754824331506335,53.12333774570156],[10.750508844275757,53.121243225542834],[10.753131991708802,53.11484657453056],[10.7678163969503,53.09725940180311],[10.796081122060444,53.09412882473042],[10.828223833683523,53.07885468656778],[10.854795671966075,53.0429958387857],[10.870956989147274,53.03653492170572],[10.88857213174137,53.01347558398371],[10.891656575283342,52.99815587098998],[10.841074005585117,52.97962669465804],[10.860319633299829,52.955963146169466],[10.851328858883086,52.93726265675454],[10.804334191618944,52.89791220505969],[10.829667466115328,52.861578520863695],[10.841555871405678,52.85220486096346],[10.834774625217467,52.84747505502816],[10.766691502514902,52.84219235806651],[10.759314389304048,52.79583028112062],[10.664834076480286,52.76966528536665],[10.66990137210081,52.76506372883146],[10.636868046251237,52.77224461606129],[10.556751538184374,52.830453952120955],[10.532527492284236,52.83403224620966],[10.459626690334376,52.80916987365946],[10.444409846987407,52.81576326665514],[10.419415190874341,52.79353230736766],[10.406639245339173,52.78184361109276],[10.403514907896072,52.75921012092906],[10.366194983696495,52.72971871728191],[10.364090528243992,52.722679947097845],[10.377798415065726,52.68958332162751],[10.405978555419077,52.65753044417706],[10.39442269183319,52.64440648747442],[10.398893715698504,52.620571646185326],[10.412659242358838,52.60085323844017],[10.4105968270206,52.56412374635146],[10.379001353567698,52.551384389527755],[10.320505483294696,52.5410240477487],[10.260112291992401,52.518248535652596],[10.273742337213031,52.510640058353786],[10.267628447208068,52.50156370087987],[10.270949424571468,52.494666857246365],[10.267358244948877,52.48830773346806],[10.2466816351769,52.49105937946627],[10.201083837367673,52.50990620284448],[10.177551036946378,52.513298767880684],[10.171427958919862,52.50405560305355],[10.139395548846325,52.49784884487269],[10.102223942418393,52.51062763836375],[10.080532540135899,52.52589584025178],[10.076561096185998,52.537383687806766],[9.98737735315745,52.53630911968894],[9.965342615313533,52.55375832793077],[9.980282330520623,52.5618720764304],[9.985432089797968,52.57216374002427],[9.966737771195909,52.590256579876446],[9.91634641743257,52.59225364448159],[9.89554813718861,52.59608106608418],[9.878552970062492,52.605490931640546],[9.844307715851516,52.603934000531865],[9.837890323273264,52.597424316966446],[9.824383789514057,52.59700778099931],[9.804240050517022,52.60698011146712],[9.802111368070602,52.6145881560545],[9.792794493411899,52.61947928224448],[9.735218321023634,52.63826470234781],[9.745924434739022,52.65643377562905],[9.725890107840456,52.70579172058997],[9.751679132472379,52.732282573043456],[9.831518104191677,52.746264222110135],[9.82230668469442,52.7927628598916],[9.831961711551394,52.83044540561106],[9.857862245530116,52.841059938359756],[9.852556925495987,52.8597333297171],[9.83972301446651,52.86567928202885],[9.83962761561935,52.87210735452792],[9.86441802687588,52.90086656878254],[9.882477879801588,52.90556290149935],[9.890943898973813,52.89110343876044],[9.978886614971245,52.8696465197621],[10.08335107082972,52.90806226294292],[10.222762210103706,52.92762754925475],[10.237127039256377,52.9362991415753],[10.223474517527912,52.95421343612859],[10.216092013164694,53.0075972096611],[10.205987162598579,53.01431563424437],[10.15893176413025,53.01376156788828],[10.156650320826113,53.02733874949936],[10.198342934221618,53.029246944462734],[10.218636042377835,53.024764627014],[10.220400079506959,53.05239386494356],[10.212213837140618,53.067791835261545],[10.220100165552276,53.07625123863511],[10.276992428433912,53.09609991900543],[10.313788504761066,53.089257812566274],[10.329100680039495,53.11444090329528],[10.389162388530416,53.11339549071896],[10.400445715653785,53.138241797068915],[10.387924065282544,53.14222203158841],[10.396994295833858,53.15039188739299],[10.50902709488605,53.20387231831962],[10.534569534052416,53.18870418480841],[10.537774521147645,53.17406080936111],[10.580225243894331,53.170561729310826]]]}},{"type":"Feature","properties":{"district":"045 Gifhorn – Peine","constituency_code":"045","state":"Lower Saxony"},"geometry":{"type":"Polygon","coordinates":[[[10.584752437519278,52.80897616271227],[10.636868046251237,52.77224461606129],[10.66990137210081,52.76506372883146],[10.664834076480286,52.76966528536665],[10.759314389304048,52.79583028112062],[10.75532124676128,52.78482963191287],[10.775591057527974,52.75904384982972],[10.79669679070198,52.71432638934764],[10.833128899719258,52.70093891188811],[10.902947013909637,52.632826009486365],[10.857796475946815,52.626162885493954],[10.831951999237482,52.614312967407216],[10.706731812910034,52.600914980926895],[10.699038109627855,52.57451741058616],[10.702410264255429,52.56623876463307],[10.727603850444881,52.55634525303889],[10.726256209520706,52.537577500173256],[10.6746309161689,52.49177407446389],[10.643351337500818,52.47386963150885],[10.67386529588738,52.46241737593151],[10.646581310139274,52.44375719052773],[10.65724806294166,52.405028120834636],[10.671231790520496,52.377966054308104],[10.649001309522438,52.379119854089375],[10.647524065700017,52.38574979339882],[10.61522913616627,52.38444509050859],[10.60471035053246,52.373833533154325],[10.609260144474069,52.35950741888498],[10.61906645131602,52.357130669140716],[10.620632926258255,52.349716107591014],[10.609443257866857,52.34419580309596],[10.612522866057263,52.348419919766044],[10.589913655083286,52.35191947037854],[10.508372419091486,52.356467575061046],[10.476550776513221,52.35207998088496],[10.47806501496028,52.33683299217846],[10.47319886463437,52.32290090705803],[10.440704533452354,52.32162114675396],[10.424325110640558,52.3302278318553],[10.416960299592871,52.327785692283165],[10.412413689517999,52.3182222151667],[10.435483660063035,52.25720488050234],[10.434980353790333,52.230159639725834],[10.429589323009974,52.22127943013493],[10.410524503452288,52.220115454119664],[10.373977380479706,52.20272384132473],[10.366950532678725,52.18793872119427],[10.346781749547505,52.176033134274036],[10.283922305184344,52.174964699079005],[10.265307974619647,52.17885115034921],[10.2570762996713,52.18327791012985],[10.263576007014304,52.18830075823175],[10.248277416310362,52.21363019444061],[10.19393501372436,52.22910259341794],[10.13560912889362,52.236467417817224],[10.07389408613064,52.228303872930965],[9.998498626455785,52.23026040253378],[9.995125097053208,52.2372167749039],[9.99968725579136,52.25782362410443],[10.008496735482577,52.25640303369185],[10.028617147057178,52.263661182146336],[10.034467695098204,52.283766181879535],[10.045140806755738,52.293845993522574],[10.073624524894477,52.29872641854175],[10.079125510215071,52.306606500748074],[10.080247269279873,52.32322202242931],[10.09785028750468,52.33260882446287],[10.11716142738204,52.32156470408265],[10.132530290037552,52.32854692822953],[10.1555216893436,52.3626740032085],[10.142109476255234,52.38110746327369],[10.15983709942858,52.398147523719835],[10.281680033999432,52.44839676405994],[10.292147306563974,52.44788470713368],[10.281408117567997,52.45285682745951],[10.280929918183885,52.49054542533984],[10.288987975119943,52.506333206254524],[10.260112291992401,52.518248535652596],[10.320505483294696,52.5410240477487],[10.379001353567698,52.551384389527755],[10.4105968270206,52.56412374635146],[10.412659242358838,52.60085323844017],[10.398893715698504,52.620571646185326],[10.39442269183319,52.64440648747442],[10.405978555419077,52.65753044417706],[10.377798415065726,52.68958332162751],[10.364090528243992,52.722679947097845],[10.366194983696495,52.72971871728191],[10.403514907896072,52.75921012092906],[10.406639245339173,52.78184361109276],[10.444409846987407,52.81576326665514],[10.459626690334376,52.80916987365946],[10.532527492284236,52.83403224620966],[10.556751538184374,52.830453952120955],[10.584752437519278,52.80897616271227]]]}},{"type":"Feature","properties":{"district":"046 Hameln-Pyrmont – Holzminden","constituency_code":"046","state":"Lower Saxony"},"geometry":{"type":"MultiPolygon","coordinates":[[[[9.660964727245746,51.56252935132357],[9.647755439370446,51.552510965713815],[9.628368489614365,51.567196379408614],[9.625824919479214,51.58020520747538],[9.634003998143932,51.584485083910636],[9.67237767071681,51.56840400905641],[9.660964727245746,51.56252935132357]]],[[[9.495181444086233,52.23971433423943],[9.516411431423057,52.2121683401303],[9.505514450347405,52.18901508472617],[9.49403484170994,52.17845047831507],[9.504128899724538,52.161568433769936],[9.52736026664043,52.159996642026485],[9.556397558293396,52.16747040238779],[9.685021888875196,52.10339128807508],[9.662428102635955,52.089769106440265],[9.65245495676542,52.05952930341988],[9.651226567336806,52.01992475746878],[9.633764561506773,51.986686681538735],[9.645651289737337,51.976001435345495],[9.647810844197293,51.9647991055522],[9.671418520561415,51.963510414223286],[9.687141353810281,51.955223905731486],[9.721313719606657,51.97979458128299],[9.758726133926027,51.983154820217564],[9.81278769911613,51.94957497483444],[9.827039589394722,51.93286165647416],[9.894247865401743,51.90615515318758],[9.820844828011236,51.88522525477289],[9.798238311910813,51.87647173083448],[9.784023923420246,51.86445835641613],[9.758681566050223,51.86721755590724],[9.728071470279056,51.880489492192154],[9.711203302923334,51.88004584374348],[9.705214974777359,51.87753204265965],[9.682624961667244,51.839667264219],[9.657704626505387,51.832565984534014],[9.64696125823577,51.82471652017813],[9.64287666436798,51.81803886172252],[9.652706270693237,51.818741636681224],[9.65286996631031,51.809936403964514],[9.647344781321394,51.801895760089494],[9.636202346543662,51.799503072862734],[9.635721195082098,51.788910874153935],[9.646687882774025,51.77032284158609],[9.647315160785089,51.75926176423607],[9.634093218762265,51.747830318514865],[9.663058894004921,51.75501421737115],[9.656105361381488,51.75037324502582],[9.657424825638971,51.74720689040805],[9.674457442387544,51.75665610960408],[9.669360444203416,51.74678738916772],[9.671228022567266,51.74131263833053],[9.688633188969868,51.76978976975683],[9.752845003410364,51.765102108961074],[9.75977545976012,51.73829162368126],[9.733997030839957,51.72095233262828],[9.702737543009915,51.71363093302502],[9.698496892647354,51.70357117574029],[9.709441382305672,51.691130616079015],[9.725392136888386,51.69451449445388],[9.734776709123627,51.70216498310904],[9.76190224052492,51.65694084178977],[9.763113553946903,51.64370539940862],[9.752564202102397,51.63621691783529],[9.747356126343844,51.64071958592701],[9.735045674345125,51.633351818882],[9.726669515577436,51.60887117143391],[9.68533080179861,51.582016512083264],[9.661055938591899,51.593029603302654],[9.613150838152931,51.63068237888396],[9.570180472799702,51.624548983496446],[9.513101396490212,51.62643412585787],[9.4966535467953,51.63093804842421],[9.491494047746107,51.636112404394304],[9.498576550725437,51.65140457088511],[9.49461278579011,51.65736291080685],[9.41731750134422,51.64726925105007],[9.386311840995903,51.6460184418235],[9.374706086213024,51.64984028550371],[9.379039258099471,51.6654195854416],[9.394528172286115,51.680644566556936],[9.40166493484885,51.70165616201842],[9.388389702391654,51.71702504324078],[9.375500345837203,51.74401116446795],[9.429772312539361,51.78498145294113],[9.430901363168202,51.80488327262033],[9.427329971991602,51.81049191332936],[9.433149499750527,51.84027804396371],[9.443904492717698,51.84621294546383],[9.437366927114619,51.85622165569625],[9.366457340559116,51.86477835352632],[9.334699755271986,51.85361073961202],[9.323343736187649,51.85506096114865],[9.335757386825643,51.85605151023124],[9.337738916224927,51.861522881372025],[9.345218722961492,51.889152316025296],[9.340841883130325,51.908002322491704],[9.314943364901104,51.922807061394266],[9.288017501707781,51.92146508594863],[9.272069028115698,51.93230420713431],[9.268371250050455,51.94684927658858],[9.278771888164096,51.961242793078185],[9.274375358994515,51.97360359528627],[9.23442691915408,51.97592951370332],[9.219605275661321,51.97359597619383],[9.198615844088772,51.96234553139871],[9.189551628491149,51.9645671857645],[9.179406857250118,51.97987515267769],[9.18505169870341,51.99976586749853],[9.181039413608655,52.02999436691661],[9.172169131020794,52.04737055008163],[9.18146262870274,52.06660484042524],[9.191062774049804,52.07030003264759],[9.176087006781174,52.086116975149864],[9.155604698934603,52.0978298700008],[9.16496988484994,52.10221711201568],[9.194756341006729,52.14224554097791],[9.161582709412526,52.17281535920668],[9.155744973654132,52.182159473466136],[9.160921310535796,52.18872146447422],[9.169877617275674,52.1902517060026],[9.170845047253412,52.18622338475091],[9.182580222962137,52.184501775464796],[9.217360949127686,52.19586174887579],[9.22354778903454,52.2027825248478],[9.286302523816769,52.22057165288064],[9.322211095267772,52.21454368927505],[9.368473651922642,52.22089979966535],[9.416690728286849,52.250714544146796],[9.440847203798238,52.25990744794717],[9.448309575630823,52.27431991000687],[9.495181444086233,52.23971433423943]]]]}},{"type":"Feature","properties":{"district":"047 Hannover-Land II","constituency_code":"047","state":"Lower Saxony"},"geometry":{"type":"Polygon","coordinates":[[[10.273742337213031,52.510640058353786],[10.288987975119943,52.506333206254524],[10.280929918183885,52.49054542533984],[10.281408117567997,52.45285682745951],[10.292147306563974,52.44788470713368],[10.281680033999432,52.44839676405994],[10.15983709942858,52.398147523719835],[10.142109476255234,52.38110746327369],[10.1555216893436,52.3626740032085],[10.125770111937545,52.32239230566668],[10.11716142738204,52.32156470408265],[10.09785028750468,52.33260882446287],[10.080247269279873,52.32322202242931],[10.079125510215071,52.306606500748074],[10.073624524894477,52.29872641854175],[10.045140806755738,52.293845993522574],[10.034467695098204,52.283766181879535],[10.017039405045464,52.279858367803655],[9.969433273879202,52.28472465670381],[9.913653621973129,52.280269702959295],[9.899751112639397,52.261609933749355],[9.880584924595155,52.26326626900608],[9.872335588974234,52.27039174130828],[9.791398095821815,52.25134024488954],[9.768962588052144,52.2313636731912],[9.799671667305306,52.234758230771654],[9.818020363058322,52.228442096583166],[9.802815274532541,52.1953085735561],[9.778255133314701,52.17329684336984],[9.763820828858126,52.169386082666875],[9.738848185505212,52.18687746681343],[9.738337629269187,52.19817566104024],[9.69569969323673,52.19790403822727],[9.685576200104705,52.18951291622871],[9.726594680174586,52.16834157226064],[9.719836272416575,52.15733293737712],[9.693512916021598,52.135957129399664],[9.629650264713936,52.13126332637873],[9.605661199318758,52.139577564179106],[9.556397558293396,52.16747040238779],[9.52736026664043,52.159996642026485],[9.504128899724538,52.161568433769936],[9.49403484170994,52.17845047831507],[9.505514450347405,52.18901508472617],[9.516411431423057,52.2121683401303],[9.487771580128152,52.245417640595214],[9.465086453276065,52.25824833700769],[9.448309575630823,52.27431991000687],[9.427017314920107,52.27930320596249],[9.414812598831944,52.287981258769925],[9.398477183692677,52.33342645210397],[9.435148513897403,52.36409572676065],[9.44194707616048,52.36364313215566],[9.478573277678175,52.387669067170926],[9.50277045764518,52.41607504372653],[9.514661570615866,52.42056486025336],[9.571564078681615,52.40837217822905],[9.596875883367712,52.40754866979769],[9.610137897946755,52.39358106150995],[9.624351283158276,52.39525040197449],[9.633582171417709,52.40752860256628],[9.666458617684492,52.39601747771688],[9.660052728125015,52.39106221818708],[9.650823555400246,52.35197235752621],[9.679434056946565,52.3125700232194],[9.7421178434123,52.33571951044757],[9.776358228292484,52.31921088037643],[9.860660492165017,52.305910847152724],[9.878991380905505,52.326493065687714],[9.884136386186912,52.343502455770626],[9.871145649057272,52.35048629316652],[9.88161432422448,52.35820338972332],[9.896366020243438,52.36014015401183],[9.88455090883414,52.39698129760817],[9.918559561585209,52.403974294357845],[9.901958628761065,52.41485206822094],[9.887228831905182,52.41625017154498],[9.894975940232118,52.4209390306304],[9.944947779538113,52.43149547209959],[9.98862909958326,52.42784893578946],[10.047034348265168,52.40758720330311],[10.082248362103245,52.41292187454879],[10.099548072318951,52.428970822433385],[10.103652665508372,52.44470909380695],[10.09815648937565,52.454526553439045],[10.080097343350623,52.47122481446017],[10.059975201269848,52.480044316443504],[10.055480660515508,52.49396763334324],[10.055267005493963,52.50265114174258],[10.080532540135899,52.52589584025178],[10.102223942418393,52.51062763836375],[10.139395548846325,52.49784884487269],[10.171427958919862,52.50405560305355],[10.177551036946378,52.513298767880684],[10.201083837367673,52.50990620284448],[10.2466816351769,52.49105937946627],[10.267358244948877,52.48830773346806],[10.270949424571468,52.494666857246365],[10.267628447208068,52.50156370087987],[10.273742337213031,52.510640058353786]]]}},{"type":"Feature","properties":{"district":"048 Hildesheim","constituency_code":"048","state":"Lower Saxony"},"geometry":{"type":"Polygon","coordinates":[[[10.034467695098204,52.283766181879535],[10.028617147057178,52.263661182146336],[10.008496735482577,52.25640303369185],[9.99968725579136,52.25782362410443],[9.995125097053208,52.2372167749039],[9.998498626455785,52.23026040253378],[10.07389408613064,52.228303872930965],[10.13560912889362,52.236467417817224],[10.19393501372436,52.22910259341794],[10.248277416310362,52.21363019444061],[10.263576007014304,52.18830075823175],[10.234005059603879,52.170196017624306],[10.218053164944976,52.1807548312739],[10.198440988258733,52.17507652372372],[10.176285523535535,52.14120844139455],[10.192602556597812,52.138679092761635],[10.200094766141369,52.12426186724549],[10.200429321884023,52.120080220108036],[10.182590536684314,52.1114172935165],[10.179342785903101,52.09761977702077],[10.179242740062463,52.091125321547814],[10.197980380580576,52.074639334038345],[10.195525492571825,52.06035542509602],[10.204688615644866,52.006989868093676],[10.194075809400598,52.00078348181139],[10.195453748179672,51.982212109412856],[10.206055968700534,51.96691098561372],[10.196448258340881,51.95765777986338],[10.160718490008188,51.95535102077389],[10.087579232673376,51.960174060580535],[10.080679063152001,51.95664953521377],[10.071222823036628,51.94044221187629],[10.079724631715168,51.935489111266705],[10.065526201502797,51.927360220168815],[10.033581006727388,51.94779865079361],[9.995306084458042,51.93928080829854],[9.992182142896231,51.93360937624515],[10.000030333003819,51.93268386724777],[10.014659177181727,51.91236593516076],[9.96919636009459,51.89690614881913],[9.939691805793542,51.907691394670515],[9.894247865401743,51.90615515318758],[9.862218073878953,51.91791586827434],[9.827039589394722,51.93286165647416],[9.81278769911613,51.94957497483444],[9.758726133926027,51.983154820217564],[9.721313719606657,51.97979458128299],[9.687141353810281,51.955223905731486],[9.671418520561415,51.963510414223286],[9.647810844197293,51.9647991055522],[9.645651289737337,51.976001435345495],[9.633764561506773,51.986686681538735],[9.651226567336806,52.01992475746878],[9.65245495676542,52.05952930341988],[9.662428102635955,52.089769106440265],[9.685021888875196,52.10339128807508],[9.629650264713936,52.13126332637873],[9.693512916021598,52.135957129399664],[9.719836272416575,52.15733293737712],[9.726594680174586,52.16834157226064],[9.687083161093955,52.191978740644636],[9.69569969323673,52.19790403822727],[9.738337629269187,52.19817566104024],[9.73670393176375,52.18993100585025],[9.744167976765674,52.1811725560938],[9.76861032099964,52.169919180684246],[9.778255133314701,52.17329684336984],[9.802815274532541,52.1953085735561],[9.816160340990926,52.21972483591763],[9.818020363058322,52.228442096583166],[9.799671667305306,52.234758230771654],[9.768962588052144,52.2313636731912],[9.791398095821815,52.25134024488954],[9.872335588974234,52.27039174130828],[9.880584924595155,52.26326626900608],[9.899751112639397,52.261609933749355],[9.913653621973129,52.280269702959295],[9.969433273879202,52.28472465670381],[10.017039405045464,52.279858367803655],[10.034467695098204,52.283766181879535]]]}},{"type":"Feature","properties":{"district":"049 Salzgitter – Wolfenbüttel","constituency_code":"049","state":"Lower Saxony"},"geometry":{"type":"Polygon","coordinates":[[[10.84019571861622,52.182824954414514],[10.88516626610325,52.180071234875754],[10.888815426558311,52.16035259858556],[10.870270976645479,52.122841220218625],[10.805355975778538,52.0896096246369],[10.79935601458895,52.06111135758245],[10.801428559922357,52.048000617086664],[10.703938528288074,52.04994295138169],[10.64751606534172,52.04169271349918],[10.657066756628005,52.02890316773977],[10.655491985771299,52.02468661530682],[10.626283307982588,52.00794555300141],[10.558475026408097,52.00608219669588],[10.53554491056375,51.98289308013038],[10.532928336271251,51.970516588721026],[10.500742885343831,51.97909346641571],[10.493997369824683,51.988825974130215],[10.483506305445324,51.99166741559244],[10.466131777176047,51.980995608555254],[10.415904490568964,51.965445174582385],[10.381874741687234,51.970408567464894],[10.369838464766321,51.96767948652561],[10.348640064456326,51.95800898160538],[10.348659526768225,51.95161605609801],[10.372732991945247,51.942927879608845],[10.39192993400039,51.92056430601683],[10.38247563110319,51.895784498460884],[10.360188044071208,51.88573947969034],[10.357174604917015,51.90019939062566],[10.347166301445842,51.90454361935924],[10.306646211375462,51.89324926473358],[10.298108335452918,51.87788713297811],[10.307495278435928,51.861189073852515],[10.278743065100363,51.864161486152085],[10.270574075721642,51.90061587081722],[10.273496159049282,51.90946606361672],[10.280277915886636,51.9132722627224],[10.304249788350056,51.91858198587383],[10.31441891823979,51.93005332545127],[10.31156727683902,51.93610775361068],[10.29256484470378,51.946905624550496],[10.25801008785567,51.949735014283036],[10.230872067637138,51.94322216857845],[10.204582424707283,51.92255162273651],[10.194696843397226,51.85808277738485],[10.202872795553507,51.84370839363147],[10.20266251060368,51.82682545835228],[10.17060449755726,51.81313926346021],[10.180984285611789,51.827272919220874],[10.114248503024461,51.83544076589614],[10.117817072748915,51.87308065621796],[10.106180692323049,51.902392845894894],[10.065526201502797,51.927360220168815],[10.079724631715168,51.935489111266705],[10.071222823036628,51.94044221187629],[10.080679063152001,51.95664953521377],[10.087579232673376,51.960174060580535],[10.190638908939256,51.95552893888977],[10.206055968700534,51.96691098561372],[10.195453748179672,51.982212109412856],[10.194075809400598,52.00078348181139],[10.204688615644866,52.006989868093676],[10.195525492571825,52.06035542509602],[10.197980380580576,52.074639334038345],[10.179242740062463,52.091125321547814],[10.182590536684314,52.1114172935165],[10.200429321884023,52.120080220108036],[10.200094766141369,52.12426186724549],[10.192602556597812,52.138679092761635],[10.176263945516565,52.13825838081392],[10.188986998408993,52.16491562247295],[10.206261713858316,52.17827099765052],[10.218053164944976,52.1807548312739],[10.234005059603879,52.170196017624306],[10.2570762996713,52.18327791012985],[10.283922305184344,52.174964699079005],[10.346781749547505,52.176033134274036],[10.366950532678725,52.18793872119427],[10.373977380479706,52.20272384132473],[10.410524503452288,52.220115454119664],[10.427875546825394,52.221512257069975],[10.439319872093906,52.20329029792576],[10.467077361293827,52.20372106174662],[10.506921563206832,52.18685224848338],[10.527015225267998,52.19037514083523],[10.598724274177046,52.2239306785546],[10.600238171984287,52.239570093315415],[10.60800760475441,52.25378284763811],[10.639849276370182,52.2951307447048],[10.71562167709046,52.30325675353632],[10.732001860170303,52.29324307272882],[10.735298305732552,52.27002345756771],[10.72842651316825,52.262113087413454],[10.739278305739802,52.24923949246131],[10.782823148188635,52.2132400705419],[10.84019571861622,52.182824954414514]]]}},{"type":"Feature","properties":{"district":"050 Braunschweig","constituency_code":"050","state":"Lower Saxony"},"geometry":{"type":"Polygon","coordinates":[[[10.609443257866857,52.34419580309596],[10.614074763735863,52.31174248851228],[10.642989265547751,52.29542383686064],[10.60800760475441,52.25378284763811],[10.597227641759556,52.22262775936045],[10.538462507735533,52.194050647298],[10.506921563206832,52.18685224848338],[10.467077361293827,52.20372106174662],[10.439319872093906,52.20329029792576],[10.429589323009974,52.22127943013493],[10.434980353790333,52.230159639725834],[10.435483660063035,52.25720488050234],[10.412413689517999,52.3182222151667],[10.416960299592871,52.327785692283165],[10.424325110640558,52.3302278318553],[10.440704533452354,52.32162114675396],[10.47319886463437,52.32290090705803],[10.47806501496028,52.33683299217846],[10.476550776513221,52.35207998088496],[10.508372419091486,52.356467575061046],[10.589913655083286,52.35191947037854],[10.612522866057263,52.348419919766044],[10.609443257866857,52.34419580309596]]]}},{"type":"Feature","properties":{"district":"051 Helmstedt – Wolfsburg","constituency_code":"051","state":"Lower Saxony"},"geometry":{"type":"Polygon","coordinates":[[[10.921411938390001,52.61043707976024],[10.964248328053948,52.62585473017304],[10.976967998411851,52.62414161546795],[10.974762972052964,52.60572498698547],[10.940644738169743,52.589334808469516],[10.937058375283538,52.56836873021595],[10.958992316352585,52.535553969443484],[11.00878174375649,52.49674764337805],[10.97934019640738,52.49821909226929],[10.944852094617435,52.486757667893876],[10.934542609854029,52.47179492689848],[10.93467782269076,52.46446507072631],[11.018695123107754,52.39704204543407],[11.069852509828932,52.374524231371375],[11.068718417424048,52.35571476744096],[11.002083240943055,52.33658538145482],[11.036291771720908,52.310580026626596],[11.03922268194216,52.30167186310143],[11.012570992003578,52.28925110829757],[11.025255444453597,52.276451640407345],[11.056312565609955,52.25872796362502],[11.085502302085828,52.228808807876256],[11.077184889331413,52.21867656194974],[11.030350070877015,52.21217442261137],[11.013646588643477,52.19955618857414],[11.012626472978626,52.188344500820975],[11.017835355833267,52.17932758327874],[11.034764760000158,52.17199450092185],[11.060939324990628,52.17227035094979],[11.058511501773951,52.15574063548758],[11.03838205678106,52.134245786671315],[10.981396858211584,52.108629156967844],[10.94215978721823,52.10309028176453],[10.94200499393831,52.094362846620044],[10.970935855184496,52.08602194864846],[10.972005760039913,52.0766000924],[10.964414597394903,52.05664315783607],[10.895325523649959,52.05852922406349],[10.85144197846834,52.050337317466095],[10.801428559922357,52.048000617086664],[10.79935601458895,52.06111135758245],[10.805355975778538,52.0896096246369],[10.870270976645479,52.122841220218625],[10.888815426558311,52.16035259858556],[10.88516626610325,52.180071234875754],[10.84019571861622,52.182824954414514],[10.765964407745802,52.22468332069733],[10.72842651316825,52.262113087413454],[10.735417059093285,52.27592323273792],[10.732001860170303,52.29324307272882],[10.725867973954662,52.29856112884618],[10.712413999904037,52.3031431941337],[10.642989265547751,52.29542383686064],[10.620338436750782,52.30546774778037],[10.614074763735863,52.31174248851228],[10.608920703565916,52.33556868404816],[10.609443257866857,52.34419580309596],[10.620277310049328,52.34853831217319],[10.61906645131602,52.357130669140716],[10.609260144474069,52.35950741888498],[10.60465669830393,52.3760369632643],[10.61522913616627,52.38444509050859],[10.624285520657116,52.38540734728633],[10.647524065700017,52.38574979339882],[10.649001309522438,52.379119854089375],[10.671231790520496,52.377966054308104],[10.65724806294166,52.405028120834636],[10.646581310139274,52.44375719052773],[10.67386529588738,52.46241737593151],[10.643351337500818,52.47386963150885],[10.6746309161689,52.49177407446389],[10.726256209520706,52.537577500173256],[10.727603850444881,52.55634525303889],[10.702410264255429,52.56623876463307],[10.699038109627855,52.57451741058616],[10.706731812910034,52.600914980926895],[10.831951999237482,52.614312967407216],[10.857796475946815,52.626162885493954],[10.902947013909637,52.632826009486365],[10.921411938390001,52.61043707976024]]]}},{"type":"Feature","properties":{"district":"052 Goslar – Northeim – Osterode","constituency_code":"052","state":"Lower Saxony"},"geometry":{"type":"Polygon","coordinates":[[[10.596406074387538,51.97497966294041],[10.629566748221015,51.958271204823234],[10.62688987552303,51.9483704018565],[10.613562956620633,51.939730452826566],[10.613313787078,51.92151527467443],[10.639815066393236,51.91513637539909],[10.648894730020553,51.90717346813355],[10.650834625155762,51.89133014699644],[10.634882850380828,51.875517354340815],[10.602688116693166,51.85459004586134],[10.59378170793811,51.85379681180125],[10.57943670614148,51.84114154102089],[10.574174335633382,51.81112656359831],[10.583837430427435,51.778285738117496],[10.631713464238494,51.73953308985392],[10.666546505815278,51.69562483466168],[10.663867734202382,51.69139143591058],[10.670507134831428,51.666912679578374],[10.701371991901881,51.64218764143314],[10.677282757230678,51.63837585786807],[10.677312487711584,51.631124858750646],[10.639582618467777,51.62142353956611],[10.632792024599869,51.602224327964464],[10.638674695179656,51.58411696348995],[10.66630695939743,51.57809868198786],[10.656796166139332,51.55830164491525],[10.63687600136664,51.56209593601323],[10.627954850260286,51.57206495222653],[10.611990172354798,51.57904436985779],[10.584347124179269,51.57588022726059],[10.564832966220093,51.61044981827441],[10.534281143768279,51.621078210434035],[10.500217483998773,51.601332823161805],[10.492585607345136,51.59990848120099],[10.477114259954757,51.607289715015206],[10.471700528391622,51.62371569030903],[10.47694384185144,51.63010414375035],[10.526607861562605,51.64875181467333],[10.571092874831315,51.67780955343291],[10.537745702541685,51.66877483284832],[10.504034617506269,51.64821563970599],[10.457399152929305,51.63134918562769],[10.418684725997936,51.62441978848358],[10.401395884878712,51.62556713602319],[10.401118494249049,51.633537552734786],[10.406557402218178,51.63899367500453],[10.328223034712034,51.67820597970861],[10.286356744005445,51.63440184937497],[10.29910050940366,51.61345127829162],[10.29299965362992,51.61105987990458],[10.264262213189884,51.61342601818238],[10.216704500141285,51.632501614990545],[10.195571308420377,51.62572882790042],[10.181264496441258,51.629496528425506],[10.160511513315212,51.64639670935931],[10.155554902716192,51.63826773069759],[10.125225735828687,51.61839250514301],[10.113871704864904,51.61607985284078],[10.013245209256633,51.61366702560377],[9.942083021244473,51.60368882389233],[9.882914391252296,51.61275087117114],[9.828874765182078,51.60651836182559],[9.730087436102595,51.6126991316805],[9.735045674345125,51.633351818882],[9.747356126343844,51.64071958592701],[9.752564202102397,51.63621691783529],[9.763113553946903,51.64370539940862],[9.76190224052492,51.65694084178977],[9.734776709123627,51.70216498310904],[9.725392136888386,51.69451449445388],[9.709441382305672,51.691130616079015],[9.698496892647354,51.70357117574029],[9.702737543009915,51.71363093302502],[9.733997030839957,51.72095233262828],[9.755717581324319,51.733884962065176],[9.75977545976012,51.73829162368126],[9.754953428655073,51.7647285438786],[9.688633188969868,51.76978976975683],[9.671228022567266,51.74131263833053],[9.674457442387544,51.75665610960408],[9.657424825638971,51.74720689040805],[9.663058894004921,51.75501421737115],[9.63378904784898,51.74858379910431],[9.644474009608457,51.75306072295475],[9.647315160785089,51.75926176423607],[9.646687882774025,51.77032284158609],[9.635721195082098,51.788910874153935],[9.636202346543662,51.799503072862734],[9.647344781321394,51.801895760089494],[9.652706270693237,51.818741636681224],[9.64287666436798,51.81803886172252],[9.657704626505387,51.832565984534014],[9.682624961667244,51.839667264219],[9.705214974777359,51.87753204265965],[9.71473481288643,51.88092385280083],[9.738507100693337,51.87793902648423],[9.764037431984072,51.865802519896896],[9.784023923420246,51.86445835641613],[9.798238311910813,51.87647173083448],[9.820844828011236,51.88522525477289],[9.894247865401743,51.90615515318758],[9.939691805793542,51.907691394670515],[9.96919636009459,51.89690614881913],[10.014659177181727,51.91236593516076],[9.991999605165113,51.93822326357921],[10.033581006727388,51.94779865079361],[10.106180692323049,51.902392845894894],[10.117817072748915,51.87308065621796],[10.114248503024461,51.83544076589614],[10.180984285611789,51.827272919220874],[10.17060449755726,51.81313926346021],[10.20266251060368,51.82682545835228],[10.202872795553507,51.84370839363147],[10.194696843397226,51.85808277738485],[10.204582424707283,51.92255162273651],[10.230872067637138,51.94322216857845],[10.25801008785567,51.949735014283036],[10.29256484470378,51.946905624550496],[10.31156727683902,51.93610775361068],[10.31441891823979,51.93005332545127],[10.304249788350056,51.91858198587383],[10.280277915886636,51.9132722627224],[10.273496159049282,51.90946606361672],[10.270574075721642,51.90061587081722],[10.278743065100363,51.864161486152085],[10.30113450692903,51.86054890568166],[10.307495278435928,51.861189073852515],[10.298108335452918,51.87788713297811],[10.306646211375462,51.89324926473358],[10.347166301445842,51.90454361935924],[10.357174604917015,51.90019939062566],[10.360188044071208,51.88573947969034],[10.38247563110319,51.895784498460884],[10.39192993400039,51.92056430601683],[10.372732991945247,51.942927879608845],[10.348659526768225,51.95161605609801],[10.348640064456326,51.95800898160538],[10.365910066780422,51.96617340524275],[10.381874741687234,51.970408567464894],[10.415904490568964,51.965445174582385],[10.466131777176047,51.980995608555254],[10.483506305445324,51.99166741559244],[10.493997369824683,51.988825974130215],[10.500742885343831,51.97909346641571],[10.532928336271251,51.970516588721026],[10.53554491056375,51.98289308013038],[10.558475026408097,52.00608219669588],[10.589080056267559,51.97508431614037],[10.596406074387538,51.97497966294041]]]}},{"type":"Feature","properties":{"district":"053 Göttingen","constituency_code":"053","state":"Lower Saxony"},"geometry":{"type":"Polygon","coordinates":[[[10.472523397682785,51.62532620823399],[10.477114259954757,51.607289715015206],[10.492585607345136,51.59990848120099],[10.506284332420346,51.60308150867797],[10.534281143768279,51.621078210434035],[10.564832966220093,51.61044981827441],[10.58071663272998,51.58001451944121],[10.593468721017127,51.57393256831675],[10.587853793693814,51.567072649582286],[10.562232448897943,51.557534779283976],[10.519381024136804,51.553591184597025],[10.510160202679096,51.556651117890645],[10.495784319032024,51.5730248932867],[10.430758480650423,51.5923917632168],[10.390259986395929,51.586054636303274],[10.379213646020983,51.57460048841431],[10.376423836155865,51.559771552541164],[10.365365040217743,51.55589099103831],[10.372184974001662,51.5529927347959],[10.366789611300154,51.542433941214064],[10.34205307835194,51.519489348264834],[10.316126843262483,51.51545729373538],[10.290362553879447,51.492751922351516],[10.215624874126776,51.473585276150715],[10.214027409323323,51.48026592853735],[10.202375738128945,51.486228828957486],[10.178251590256206,51.470016352689015],[10.182432315615214,51.461210931974726],[10.174215814096089,51.445983989202354],[10.133636786182647,51.43420479896455],[10.058274811035872,51.43525049874851],[10.037699923852523,51.42005667414083],[9.932121935062924,51.37592260276095],[9.928522750724955,51.37518538415003],[9.931109065117644,51.3927332269385],[9.906021117822618,51.42113874737274],[9.85074307441576,51.41441364493791],[9.850575325247943,51.40370959311934],[9.840385083098269,51.402281870914436],[9.821486006618036,51.409956829326845],[9.801443296462965,51.41009137321482],[9.765789275363968,51.38598650746869],[9.702143786862168,51.364571792716426],[9.736840687670282,51.32895687345057],[9.772456280882414,51.33629096423544],[9.775201990735033,51.3251962291989],[9.768200360398653,51.306726138873714],[9.732304393709596,51.29523189876055],[9.601443354009971,51.328718130009264],[9.577118503316472,51.34070313309861],[9.568024929328613,51.34000145752901],[9.548441127582796,51.35895529865229],[9.567573775307844,51.361574101367054],[9.576746407961783,51.369294483318924],[9.559336972451193,51.37923362192609],[9.57851825846723,51.401411493895225],[9.628875110984795,51.407652765195664],[9.643581790421898,51.418260726256946],[9.63429705648196,51.42608340902703],[9.61018155078197,51.490468041333735],[9.586524517012455,51.51975284503943],[9.611946990184494,51.523795456516666],[9.67237767071681,51.56840400905641],[9.690113127220876,51.58760049904531],[9.732644880329719,51.61357946404173],[9.828874765182078,51.60651836182559],[9.882914391252296,51.61275087117114],[9.942083021244473,51.60368882389233],[10.013245209256633,51.61366702560377],[10.113871704864904,51.61607985284078],[10.125225735828687,51.61839250514301],[10.155554902716192,51.63826773069759],[10.160511513315212,51.64639670935931],[10.181264496441258,51.629496528425506],[10.195571308420377,51.62572882790042],[10.216704500141285,51.632501614990545],[10.264262213189884,51.61342601818238],[10.29299965362992,51.61105987990458],[10.29910050940366,51.61345127829162],[10.286356744005445,51.63440184937497],[10.328223034712034,51.67820597970861],[10.406557402218178,51.63899367500453],[10.401118494249049,51.633537552734786],[10.401395884878712,51.62556713602319],[10.418684725997936,51.62441978848358],[10.457399152929305,51.63134918562769],[10.504034617506269,51.64821563970599],[10.537745702541685,51.66877483284832],[10.571092874831315,51.67780955343291],[10.526607861562605,51.64875181467333],[10.472523397682785,51.62532620823399]]]}},{"type":"Feature","properties":{"district":"054 Bremen I","constituency_code":"054","state":"Bremen"},"geometry":{"type":"Polygon","coordinates":[[[8.984185253581078,53.126070928956246],[8.956573265013716,53.11891918273865],[8.963392151069975,53.03706760601831],[8.915827047289008,53.01102137720464],[8.822246966314257,53.02118916678317],[8.78937089719036,53.037646417716154],[8.770704765147785,53.05340697128157],[8.734857621548128,53.034693544861064],[8.711423918503225,53.04463024755882],[8.709971882699552,53.07214172683643],[8.753158934236893,53.07141381539767],[8.7642455852823,53.06703766323462],[8.779949803134704,53.0716009202177],[8.811402622333036,53.08653953602548],[8.865074919271107,53.13185852120573],[8.94508291251319,53.152012989546584],[8.984185253581078,53.126070928956246]]]}},{"type":"Feature","properties":{"district":"055 Bremen II – Bremerhaven","constituency_code":"055","state":"Bremen"},"geometry":{"type":"MultiPolygon","coordinates":[[[[8.581746055335945,53.20032689029861],[8.609010790070291,53.19201135049584],[8.63439206910774,53.19614125187457],[8.659029625318134,53.17728169221398],[8.73047532375075,53.17544055747272],[8.742280310935493,53.16421879828547],[8.827426262219067,53.16215784631227],[8.837818233479378,53.1575252529841],[8.8648268219818,53.13063267862239],[8.811402622333036,53.08653953602548],[8.779949803134704,53.0716009202177],[8.7642455852823,53.06703766323462],[8.753158934236893,53.07141381539767],[8.709971882699552,53.07214172683643],[8.700762704700217,53.08229425982132],[8.666194788430564,53.097704828089306],[8.654898618322518,53.108864584620044],[8.65159815901987,53.12205076837026],[8.619465301436254,53.16752075828646],[8.533268465982564,53.18734693157458],[8.504711920207898,53.200786052107816],[8.481735119263952,53.22644954215081],[8.512641176979498,53.22755727811886],[8.581746055335945,53.20032689029861]]],[[[8.539484105343668,53.60629014447054],[8.586089652872483,53.59671086350587],[8.62501506492423,53.60581051145833],[8.65063238645469,53.60256521926351],[8.621780884570601,53.571686353817284],[8.639775421479401,53.52528946843202],[8.652134242982422,53.516017124661694],[8.650555156815463,53.51078166438565],[8.631441402236524,53.49366176164976],[8.60590461749748,53.48423378543384],[8.561960038684454,53.48519493773719],[8.492651891657662,53.47241975817581],[8.503252901932914,53.49253722320975],[8.558961961270315,53.531469422625015],[8.50356717435966,53.57237960692665],[8.483202469197611,53.60049898419603],[8.539484105343668,53.60629014447054]]]]}},{"type":"Feature","properties":{"district":"056 Prignitz – Ostprignitz-Ruppin – Havelland I","constituency_code":"056","state":"Brandenburg"},"geometry":{"type":"Polygon","coordinates":[[[12.081197375174668,53.34644840798511],[12.109268408520617,53.34382753671386],[12.229435329954855,53.35816053011739],[12.236430163889565,53.34197901215602],[12.26020748245751,53.323912181330414],[12.310288090763752,53.32692397901447],[12.3623396734755,53.307019434149105],[12.394247807251203,53.301805353394734],[12.407764637562654,53.280188796846495],[12.44531216366587,53.249928261746945],[12.529768323797157,53.264788318733274],[12.598928772723852,53.24767251307395],[12.646190463246489,53.25524344061522],[12.66590349506972,53.25393455640075],[12.67565761189811,53.24771916047516],[12.666239815612252,53.24155558837137],[12.663967039992627,53.23495059603369],[12.6675150213733,53.230904362103445],[12.757585677464961,53.22423276634652],[12.749888979845345,53.20611947936234],[12.73949298155445,53.19960158975723],[12.763398287215434,53.18916195935282],[12.848575924152259,53.20058659018336],[12.890347878041766,53.18713485614888],[12.953371829233273,53.200133263633],[12.975847086173674,53.19629015335878],[12.979433532134124,53.190551569496705],[12.941998414063294,53.17431546834808],[12.976173107536903,53.16307045362583],[12.98468322734754,53.164985340375644],[12.98891811284593,53.15772053417404],[13.004233723978832,53.151264942199184],[13.027621628475984,53.147141045008404],[12.991112687928227,53.12976739192283],[12.963224412685896,53.13299492221252],[12.937771555491743,53.104247856325856],[12.942867840194273,53.090447943270945],[12.97248841372809,53.072960253850376],[13.025463767929645,53.0714257664698],[13.024410591846811,53.029648717290314],[13.006430703803147,52.99903202040009],[13.047824346971167,52.97911232579919],[13.056772844969032,52.9559502993154],[13.046662306044116,52.91758897158968],[13.017828005766784,52.905919319031625],[13.02450122461943,52.87828966662252],[13.040363760359709,52.87588993608],[13.039302431146519,52.85469941741974],[13.024967234707157,52.85690552279567],[13.0157332406305,52.86549942970092],[12.97516656423046,52.86214233754838],[12.975372795732252,52.85623682592453],[12.98693325927258,52.84650848861054],[12.986079688454007,52.82856993935771],[12.979955133817464,52.81781001195153],[12.917491590878585,52.78836760987765],[12.909547933077326,52.7723598575175],[12.922613306154998,52.76985035840793],[12.921292109710182,52.74470532595763],[12.910083938553457,52.74413719859061],[12.824965470490039,52.7077208144978],[12.828762263386206,52.69475628078692],[12.928980590371342,52.72499560376627],[12.96338055813688,52.720312656440925],[12.995598584165947,52.69764651720095],[12.991581139397367,52.69252912747193],[12.95954322898356,52.68912720481018],[12.907942412831154,52.66656722789781],[12.904827857320669,52.654982971411854],[12.932073018094192,52.639003641382104],[12.977030097819437,52.63708264344669],[13.012853611893076,52.63005374005757],[13.007575421161905,52.61292449746768],[12.91176317222222,52.61013469917317],[12.878294850854084,52.540756322435456],[12.848357367360068,52.54842393933297],[12.836941474176873,52.55903730397799],[12.807179126314802,52.56015013089474],[12.797716783518151,52.52216572381539],[12.769724628630488,52.499789847084095],[12.716307511926132,52.52503094254875],[12.724541739223016,52.54056050790204],[12.71681733364889,52.546379663330775],[12.690404369916115,52.55005613549506],[12.575518955794234,52.52693495118598],[12.505723905936417,52.535547271787074],[12.483743686684637,52.55157267959279],[12.487961058630356,52.55648689125487],[12.454376502334936,52.55090971975112],[12.428371962281751,52.553946056830036],[12.428064028787873,52.558622369983645],[12.39741173409041,52.5522601970107],[12.37783743053567,52.58944741263327],[12.406323521196695,52.59106980464583],[12.409205146219005,52.613269536322576],[12.403828409766325,52.637290415012],[12.41291625041407,52.64753617187893],[12.406005354797005,52.65575881990309],[12.382894068342829,52.663325877318016],[12.239962675253691,52.66537719484306],[12.232725447503919,52.68934301130329],[12.22170160975396,52.689427998594816],[12.207047317364795,52.71421693931926],[12.206206081799909,52.761959324142836],[12.223558486410472,52.78704908101736],[12.249203293057814,52.79186222839171],[12.257536445783805,52.804908482886965],[12.243669638146548,52.8206854125939],[12.231875311902261,52.850667333072565],[12.232119339300644,52.86075427850335],[12.186188508913672,52.87167962476701],[12.124818621895425,52.8528663228176],[12.132240518245958,52.86525800587435],[12.119916781414206,52.87573775780777],[12.089225294194351,52.8766106623603],[12.07467338530793,52.885415074912274],[12.01165748264156,52.88768093716141],[11.980497801168228,52.87611354960953],[11.836521449480419,52.90971296208872],[11.826034258407697,52.914656394466576],[11.822784544221154,52.92192120266308],[11.84792745759064,52.941031503791386],[11.846029989057394,52.95159975843911],[11.830767564895766,52.95747723228481],[11.786303885937146,52.96095827253398],[11.766458567108135,52.97988632353362],[11.751339848322461,52.98681297942902],[11.725115476866797,52.98640636569261],[11.627777016473814,53.01122490611608],[11.625949055184087,53.02012985722674],[11.641656728064792,53.03327594727735],[11.63758075728951,53.03949961342662],[11.622004003514636,53.04170273244969],[11.588713305384168,53.0352075098002],[11.509870538515667,53.04751934628235],[11.463774739016351,53.07442225535044],[11.448379406287252,53.07838157932306],[11.402588917700195,53.072372726356015],[11.353390665009748,53.05460267445147],[11.340203558750229,53.05475711202235],[11.284216058510163,53.08905750176498],[11.267754386472735,53.104192835326536],[11.265731920541882,53.121977893373256],[11.392959316021436,53.11003925184363],[11.399946709318483,53.11423115195519],[11.404880409443187,53.1370284783824],[11.459336363625589,53.14034403373453],[11.479453099465697,53.12859679248685],[11.534832146284032,53.12490416539135],[11.549837693700686,53.13500668005356],[11.569364935364733,53.166094855860656],[11.56500869165443,53.178996975947506],[11.556928021864419,53.18499951224058],[11.553182102114459,53.208890293583885],[11.628669886965374,53.241900935033165],[11.70253214041502,53.239936458085715],[11.726944597479525,53.22635761108921],[11.728268011052977,53.21700554064456],[11.829295738977466,53.229056542396656],[11.832242767587458,53.23486784617998],[11.796115927448161,53.2536568795585],[11.848000263921309,53.25088590934483],[11.879091169529307,53.26203782555375],[11.900654035318455,53.27582617021926],[11.945417853328069,53.27433593742327],[11.972776168934002,53.29463274401629],[12.018530148107688,53.299594720287104],[12.023639492447499,53.304143084233914],[12.014610854885385,53.33442359815848],[12.057339344660717,53.34934209671206],[12.045284959456474,53.37098764217585],[12.076698917023478,53.36931225315128],[12.081197375174668,53.34644840798511]]]}},{"type":"Feature","properties":{"district":"057 Uckermark – Barnim I","constituency_code":"057","state":"Brandenburg"},"geometry":{"type":"Polygon","coordinates":[[[13.882872861941516,53.486535331892405],[13.92438344034831,53.42537411052771],[14.002490942306887,53.43491596318642],[14.045604132642064,53.42942541991168],[14.051325004133485,53.41337115721041],[14.078953913776141,53.412570149588674],[14.121395839893447,53.44182970204625],[14.136753799307781,53.4411248243155],[14.177268312750952,53.42268956050918],[14.205119452328839,53.42302346757502],[14.224661389472782,53.43424798630215],[14.237692049618566,53.426780061152535],[14.241636344812076,53.422151923363735],[14.243142634976277,53.39230278175539],[14.22491670564825,53.36040719204465],[14.183564002194872,53.32737843253964],[14.109653482468694,53.28263829079646],[14.098893557688687,53.26195163105869],[14.126791401618567,53.260283154684124],[14.160239072090294,53.26781071521686],[14.207654905657666,53.25796178621215],[14.258935610554252,53.25811807222749],[14.301670245861931,53.28913627121406],[14.317090371237812,53.31229076512439],[14.3489579389436,53.30998995824015],[14.395366691002845,53.328883349236925],[14.412106517388521,53.32963783629816],[14.415395007151188,53.32435778344495],[14.40923281230088,53.31270085777265],[14.421152938121601,53.27613806731395],[14.445297668101851,53.274445077843346],[14.450223568932394,53.26055992600491],[14.376924574256408,53.198978041229],[14.36621014959151,53.171990060954094],[14.371077863349479,53.15729011153125],[14.386315789142833,53.14308839744052],[14.36609755760149,53.07936894144757],[14.345394643892313,53.05169490170535],[14.284311676928379,53.016600886864396],[14.235558527063825,52.993198669088656],[14.199119972960446,52.98487778333103],[14.143657775671553,52.96136543891844],[14.138802026444903,52.95178052369841],[14.15669077852135,52.89558807130419],[14.129958613160488,52.8894045892374],[14.12481120795227,52.90329449487956],[14.075059509883722,52.90042863006662],[14.059000915006237,52.88458240206962],[14.061195438578716,52.86907205602756],[14.078384390909937,52.872869306841835],[14.098837927714076,52.869906444552036],[14.095292731769154,52.856419258344665],[14.022796054979558,52.85377432142319],[14.00491062870084,52.859656681457],[13.986155983123979,52.85147487638673],[13.923193424726195,52.79453738692681],[13.863525027989361,52.787567190413164],[13.861459245778816,52.75881339986854],[13.816847884992313,52.74904552666257],[13.792691713186885,52.74934387109973],[13.731492929430429,52.733784171445315],[13.75942253203001,52.716474673885315],[13.707392168429829,52.69615647074987],[13.649592101672917,52.69138439067656],[13.620077003578864,52.7062970895582],[13.597112275105262,52.73087095832182],[13.584942763198217,52.734538479229855],[13.536768605207028,52.728143143806925],[13.51455215600002,52.743114903213694],[13.488141266971493,52.74131282402876],[13.467357965156173,52.7306834074199],[13.48446763137613,52.70768435900374],[13.501542383075527,52.702492428571404],[13.507798874746252,52.68321363406813],[13.459511427019564,52.66893558731941],[13.432682991404231,52.63750761878058],[13.424365185138992,52.635630458996474],[13.406997440507846,52.64242099812365],[13.398539842846086,52.64819457168355],[13.412744478032765,52.66682284299297],[13.401942219272296,52.69171237404451],[13.424117533072536,52.734975063965464],[13.411636094149147,52.75088824013885],[13.404021266114611,52.77560050343337],[13.453306434078153,52.80571489105168],[13.490566126077157,52.81086673026751],[13.505404278442418,52.83730636593967],[13.497256968996053,52.849817542441876],[13.476812893871038,52.85882383950135],[13.46144860244835,52.88528461069234],[13.480589323061482,52.90453093739662],[13.47280847831545,52.91857804161744],[13.447910344309502,52.917555691157744],[13.449149573620966,52.913575684798246],[13.428834505359386,52.90367461305093],[13.4100927169852,52.911070832065576],[13.397830924892006,52.93392002405683],[13.452836516960843,52.96456491356064],[13.483501916390317,52.96342120524421],[13.51342980937206,52.97491162612199],[13.517898188361174,52.9886661386517],[13.491302082081067,52.98717194470434],[13.50064725534153,52.997262027535676],[13.485912557067598,53.00898762079177],[13.40545626875103,53.03546534750843],[13.37172721424986,53.073672588937626],[13.28755784201107,53.13632647796026],[13.294031730438888,53.15875691991982],[13.313559811430792,53.1770463003392],[13.287431607944972,53.19717769413018],[13.262459371156734,53.20646380567939],[13.241403528611299,53.232400792214385],[13.252714247928726,53.262305440857936],[13.297801779048417,53.280892500167994],[13.360450598664169,53.277998932516745],[13.386700343440218,53.24368862580661],[13.40517467482793,53.24641823415245],[13.408344794645073,53.26150878332104],[13.438069038819265,53.2872454672416],[13.456501243462686,53.29304508101469],[13.461282870839595,53.28869303765736],[13.484025924050224,53.29202770675507],[13.523198986961154,53.32030308493213],[13.516699914131722,53.35172075761525],[13.526033932479216,53.3663259911912],[13.54342450229087,53.364032243104155],[13.552295398244752,53.374624118103824],[13.556587112430293,53.3915627440156],[13.547142075367722,53.39293055699147],[13.550112204615226,53.39908127113634],[13.576341003478435,53.408061284893854],[13.625216953653227,53.40930256547052],[13.636071232799456,53.42427283950791],[13.637297917403744,53.43722124643269],[13.633452226990014,53.43990074688167],[13.640062957643357,53.44681120021161],[13.716448213647805,53.48249227962865],[13.782188856484225,53.47411967965789],[13.81254713855636,53.48458725551089],[13.824928863731568,53.49889830405649],[13.782335032415146,53.51332589251407],[13.777445760161665,53.526703706336264],[13.779960491205836,53.5426765474043],[13.791990732451016,53.55846579611789],[13.800570849547785,53.55825191570656],[13.79999649538828,53.54523645275494],[13.82255342719093,53.51810439125495],[13.879268140344314,53.504139956230134],[13.882872861941516,53.486535331892405]]]}},{"type":"Feature","properties":{"district":"058 Oberhavel – Havelland II","constituency_code":"058","state":"Brandenburg"},"geometry":{"type":"Polygon","coordinates":[[[13.205791793518193,53.22002487571459],[13.229391856157175,53.21658689496581],[13.241403528611299,53.232400792214385],[13.262459371156734,53.20646380567939],[13.287431607944972,53.19717769413018],[13.313559811430792,53.1770463003392],[13.294031730438888,53.15875691991982],[13.28755784201107,53.13632647796026],[13.37172721424986,53.073672588937626],[13.40545626875103,53.03546534750843],[13.485912557067598,53.00898762079177],[13.50064725534153,52.997262027535676],[13.491302082081067,52.98717194470434],[13.517898188361174,52.9886661386517],[13.51342980937206,52.97491162612199],[13.483501916390317,52.96342120524421],[13.452836516960843,52.96456491356064],[13.397830924892006,52.93392002405683],[13.4100927169852,52.911070832065576],[13.428834505359386,52.90367461305093],[13.449149573620966,52.913575684798246],[13.447910344309502,52.917555691157744],[13.47280847831545,52.91857804161744],[13.480589323061482,52.90453093739662],[13.46144860244835,52.88528461069234],[13.476812893871038,52.85882383950135],[13.497256968996053,52.849817542441876],[13.505404278442418,52.83730636593967],[13.490566126077157,52.81086673026751],[13.453306434078153,52.80571489105168],[13.406507671577275,52.78050793197592],[13.404801888115982,52.77004785520738],[13.411636094149147,52.75088824013885],[13.424117533072536,52.734975063965464],[13.401942219272296,52.69171237404451],[13.412744478032765,52.66682284299297],[13.398539842846086,52.64819457168355],[13.357789626295375,52.62338354833237],[13.336480521316973,52.62267108758592],[13.308309029291422,52.62969153270796],[13.30311183689802,52.63666918708803],[13.310033892499927,52.657376006810736],[13.285838400683277,52.660212716143235],[13.282440708780431,52.64129535699535],[13.257332668809795,52.62777953144496],[13.220683272299619,52.62817871956691],[13.20160648988253,52.60638132750395],[13.217336441211213,52.58745559156319],[13.162081372872919,52.59838720615048],[13.128987290579737,52.58744210212446],[13.132092465348011,52.57969904129547],[13.149603265717323,52.58331095394138],[13.152953085829068,52.57278142496514],[13.14566477934682,52.5529113565513],[13.13061743899468,52.55635396848784],[13.11739292064967,52.51699532488811],[13.14301019270918,52.519675524422716],[13.166457605649082,52.510124288750845],[13.153695595425152,52.50182144619914],[13.098047123075188,52.49419829475386],[13.095820907416064,52.47024739462164],[13.069108855445146,52.46127322401152],[13.046799569715185,52.467407432172095],[13.029438729807007,52.48118092411451],[13.003531333215374,52.514763106872785],[12.937250570861728,52.50118602369048],[12.917329907799218,52.47434246825729],[12.887382017191324,52.463414149780476],[12.893530939322886,52.46076364589341],[12.863488105102977,52.4592160303285],[12.812881928774134,52.4738843859473],[12.809573779890684,52.47258930565543],[12.813266716649489,52.46562639815458],[12.745204822326977,52.458485018461786],[12.739578812047121,52.465283727190155],[12.734469452619226,52.498181818060644],[12.747107493483417,52.50739349385118],[12.769724628630488,52.499789847084095],[12.782659315006967,52.508011661093214],[12.797716783518151,52.52216572381539],[12.805259883180677,52.55928714194383],[12.836941474176873,52.55903730397799],[12.848357367360068,52.54842393933297],[12.878294850854084,52.540756322435456],[12.91176317222222,52.61013469917317],[13.007575421161905,52.61292449746768],[13.01317285737048,52.629156362667295],[12.977030097819437,52.63708264344669],[12.932073018094192,52.639003641382104],[12.904827857320669,52.654982971411854],[12.907942412831154,52.66656722789781],[12.95954322898356,52.68912720481018],[12.991581139397367,52.69252912747193],[12.995598584165947,52.69764651720095],[12.96338055813688,52.720312656440925],[12.928980590371342,52.72499560376627],[12.828762263386206,52.69475628078692],[12.824965470490039,52.7077208144978],[12.910083938553457,52.74413719859061],[12.921292109710182,52.74470532595763],[12.922613306154998,52.76985035840793],[12.909547933077326,52.7723598575175],[12.917491590878585,52.78836760987765],[12.979955133817464,52.81781001195153],[12.986079688454007,52.82856993935771],[12.98693325927258,52.84650848861054],[12.975372795732252,52.85623682592453],[12.97516656423046,52.86214233754838],[13.0157332406305,52.86549942970092],[13.024967234707157,52.85690552279567],[13.039302431146519,52.85469941741974],[13.040363760359709,52.87588993608],[13.02450122461943,52.87828966662252],[13.017828005766784,52.905919319031625],[13.046662306044116,52.91758897158968],[13.056772844969032,52.9559502993154],[13.047824346971167,52.97911232579919],[13.006430703803147,52.99903202040009],[13.024410591846811,53.029648717290314],[13.025463767929645,53.0714257664698],[12.97248841372809,53.072960253850376],[12.942867840194273,53.090447943270945],[12.937771555491743,53.104247856325856],[12.963224412685896,53.13299492221252],[12.991112687928227,53.12976739192283],[13.027621628475984,53.147141045008404],[13.004233723978832,53.151264942199184],[12.98891811284593,53.15772053417404],[12.98468322734754,53.164985340375644],[13.013229092585194,53.17216633708679],[13.020037207175717,53.17570996835018],[13.020628122829649,53.18504220531452],[13.052158195650648,53.199759262462855],[13.106452160315657,53.21527764371531],[13.105708444861587,53.23178287042855],[13.123020068281617,53.240587192312105],[13.152528399521774,53.25060975446521],[13.18177090295007,53.251106546907856],[13.205791793518193,53.22002487571459]]]}},{"type":"Feature","properties":{"district":"059 Märkisch-Oderland – Barnim II","constituency_code":"059","state":"Brandenburg"},"geometry":{"type":"Polygon","coordinates":[[[14.126687116779351,52.900196041531885],[14.129958613160488,52.8894045892374],[14.15669077852135,52.89558807130419],[14.161580719930416,52.888095408683114],[14.157669951366394,52.87475564942733],[14.122955317187301,52.844029514533595],[14.123566087881937,52.835648622901665],[14.131568401730002,52.827334658506444],[14.17861765167069,52.82081259417749],[14.228721824779019,52.8065617377577],[14.278765093217965,52.7744468643219],[14.351012019686273,52.751499168826356],[14.470027263281235,52.65839035278055],[14.597940396028921,52.60963780088328],[14.629708592915287,52.57828391747797],[14.624649433698572,52.56012871890445],[14.615681740813153,52.55421174034986],[14.603892051804594,52.53134083931761],[14.612705220425083,52.510387757923546],[14.633433001357075,52.500004368019944],[14.633009547497059,52.490129202926845],[14.608764963128538,52.46386659841191],[14.579193223388764,52.44175266913563],[14.549498065797474,52.433623900656364],[14.534357223457665,52.39500778194351],[14.528046264823109,52.39227442650699],[14.45444620963468,52.39823335016446],[14.430595216478894,52.393864847857486],[14.423764341372202,52.37396847094423],[14.370450795732811,52.38745208211279],[14.361747545220393,52.385688021915854],[14.349538518818832,52.374084501990644],[14.314840123278604,52.3822075802766],[14.288929819190766,52.40689201332744],[14.27304612038883,52.45918849259437],[14.22939147240035,52.4903368871704],[14.205030739832955,52.4970410657449],[14.188500004230386,52.49874627683571],[14.181750439366477,52.484105140250854],[14.165237237289503,52.467384420729864],[14.082413960478744,52.465917726839955],[14.073413555224114,52.48062709232646],[14.02798925149812,52.47080334174738],[14.020772544977305,52.45774392553816],[14.007092841949085,52.44677247872366],[13.99272006903244,52.45559076970797],[13.990194308464657,52.46366786044327],[13.950311126569652,52.47693619758809],[13.899509811363233,52.47409687511235],[13.825162508724826,52.44005753285587],[13.764354912065206,52.446746810535544],[13.74879958367591,52.46672889492134],[13.741680423858831,52.48590537031659],[13.710987603189013,52.502678490156455],[13.691847829813293,52.50276428815095],[13.678286540233096,52.494148808948005],[13.666980239236581,52.47416705671677],[13.640613123778817,52.47948463209225],[13.611572148712348,52.470614294184756],[13.633318830351076,52.51182618711024],[13.658572464460777,52.52581115156643],[13.656895567549093,52.52986951131086],[13.610827433902417,52.544235576586715],[13.587114258139376,52.55660881020382],[13.581539702000132,52.57088194154864],[13.567277363178762,52.57404416096127],[13.54711210058383,52.587884764963945],[13.505146275039147,52.59645053886429],[13.496752285029753,52.60509353769859],[13.505817350999408,52.62582838106066],[13.512277921494594,52.62798931261065],[13.51278152882926,52.64556194904294],[13.4908314098462,52.65472873307626],[13.475512550322978,52.66878186442447],[13.507798874746252,52.68321363406813],[13.507129868044272,52.687792911137045],[13.501542383075527,52.702492428571404],[13.48446763137613,52.70768435900374],[13.46741951640645,52.73160877854207],[13.488141266971493,52.74131282402876],[13.51455215600002,52.743114903213694],[13.536768605207028,52.728143143806925],[13.584942763198217,52.734538479229855],[13.597112275105262,52.73087095832182],[13.620077003578864,52.7062970895582],[13.649592101672917,52.69138439067656],[13.722974976741645,52.69941437503856],[13.75942253203001,52.716474673885315],[13.731492929430429,52.733784171445315],[13.792691713186885,52.74934387109973],[13.816847884992313,52.74904552666257],[13.861459245778816,52.75881339986854],[13.863525027989361,52.787567190413164],[13.923193424726195,52.79453738692681],[13.986155983123979,52.85147487638673],[14.00491062870084,52.859656681457],[14.022796054979558,52.85377432142319],[14.095292731769154,52.856419258344665],[14.098837927714076,52.869906444552036],[14.078384390909937,52.872869306841835],[14.061195438578716,52.86907205602756],[14.059000915006237,52.88458240206962],[14.075059509883722,52.90042863006662],[14.12481120795227,52.90329449487956],[14.126687116779351,52.900196041531885]]]}},{"type":"Feature","properties":{"district":"060 Brandenburg an der Havel – Potsdam-Mittelmark I – Havelland III – Teltow-Fläming I","constituency_code":"060","state":"Brandenburg"},"geometry":{"type":"Polygon","coordinates":[[[12.390265562290333,52.6613219360583],[12.405634056218993,52.65607050184834],[12.41291625041407,52.64753617187893],[12.403828409766325,52.637290415012],[12.409205146219005,52.613269536322576],[12.406323521196695,52.59106980464583],[12.37783743053567,52.58944741263327],[12.39741173409041,52.5522601970107],[12.428064028787873,52.558622369983645],[12.428371962281751,52.553946056830036],[12.454376502334936,52.55090971975112],[12.487961058630356,52.55648689125487],[12.483743686684637,52.55157267959279],[12.505723905936417,52.535547271787074],[12.575518955794234,52.52693495118598],[12.690404369916115,52.55005613549506],[12.71681733364889,52.546379663330775],[12.724541739223016,52.54056050790204],[12.716307511926132,52.52503094254875],[12.74973875160059,52.50958462033041],[12.734469452619226,52.498181818060644],[12.739578812047121,52.465283727190155],[12.745204822326977,52.458485018461786],[12.813266716649489,52.46562639815458],[12.809573779890684,52.47258930565543],[12.812881928774134,52.4738843859473],[12.863488105102977,52.4592160303285],[12.858389110766291,52.44991355428569],[12.855418076383446,52.40449711677297],[12.809185121733604,52.412804355079935],[12.807684973328929,52.378816823109915],[12.820700847480685,52.35865368450895],[12.823911767244898,52.33222232107645],[12.819002466492547,52.303447318273435],[12.897323038166803,52.29645385500841],[12.909954103912865,52.27960712541996],[12.908235058174842,52.27379254238507],[12.953138966722156,52.28889955399275],[12.977906369473757,52.30591988558754],[13.065413805852405,52.2684693633894],[13.044287800236475,52.25619486992051],[13.04308973987974,52.24014745406321],[13.10271525666082,52.22536064059305],[13.083514125516897,52.19701952904602],[12.997987071470241,52.15468479237807],[12.951567147874279,52.14290296799719],[12.995039222992684,52.094376454524394],[13.054758248013645,52.08142175788725],[13.124252297846853,52.08524150076083],[13.15423579198977,52.06935824475722],[13.1498650497375,52.061552918438714],[13.1542197370733,52.05338248785739],[13.203339835406423,52.013349613200994],[13.220227010962489,52.0047561085116],[13.227590342119353,51.99235505260178],[13.184085095464402,51.95715944786057],[13.17257283155014,51.95513235902298],[13.144328131214102,51.96819390433533],[13.128368711228704,51.963362991631705],[13.09564961662452,51.93977015914904],[13.080635118268683,51.86772975439691],[13.04222461631722,51.87038559447527],[13.029163735477631,51.88104241138395],[13.037293432157686,51.880256950528484],[13.048524222316516,51.891996565318784],[13.045407862216877,51.900515105909754],[12.984991545644858,51.90413416685602],[12.976535928356487,51.91986343376397],[12.960567963479171,51.9349105407021],[12.934876803205196,51.93614139798774],[12.89490070982869,51.92853819982208],[12.85115488089442,51.935576211642804],[12.849364540274944,51.958957052045655],[12.843188789345266,51.968006547970546],[12.820586075115772,51.96278870012845],[12.777612700073282,51.96459096306386],[12.769780327470208,51.979274641108255],[12.730680588498352,51.98876999878182],[12.66627164525899,52.01294248967953],[12.651638235248745,52.01066102839962],[12.644772854809332,51.994379988289964],[12.614276261996256,51.981850159934176],[12.53935689564381,51.984461921583765],[12.481168092246323,52.02493773936046],[12.434795898975448,52.017016559631045],[12.376122475235382,52.045119280638204],[12.359777395544654,52.046500083743176],[12.329030218389612,52.069631588638075],[12.315823507983017,52.092371913934976],[12.276724288136954,52.104017977392296],[12.21678313602026,52.17006859884263],[12.248402782308373,52.21092359068761],[12.2604241153308,52.21649625379877],[12.278827849205168,52.217042849831145],[12.297276877915964,52.227545378884216],[12.260904691843466,52.24609710925245],[12.244460238129207,52.248002113218085],[12.26272771755626,52.29576675105593],[12.307848641820113,52.34445800827612],[12.288926728939762,52.36032983306226],[12.289018469416773,52.37036113590863],[12.304342699657965,52.450501516247556],[12.317179905257678,52.45409554272239],[12.326558333315942,52.474337868854974],[12.31919344334472,52.494716473403415],[12.286271581738333,52.49257355061194],[12.221364242206766,52.5005170022544],[12.182807825047922,52.49821931768647],[12.171555110289127,52.50633663939426],[12.149274838252463,52.540248675015356],[12.174215378389409,52.57958994408134],[12.169133257480507,52.61675392779536],[12.171973707053292,52.62593395065156],[12.202665732426906,52.61874139999984],[12.22512857585674,52.6275431855362],[12.23599750848571,52.66574899024832],[12.390265562290333,52.6613219360583]]]}},{"type":"Feature","properties":{"district":"061 Potsdam – Potsdam-Mittelmark II – Teltow-Fläming II","constituency_code":"061","state":"Brandenburg"},"geometry":{"type":"Polygon","coordinates":[[[13.046799569715185,52.467407432172095],[13.069108855445146,52.46127322401152],[13.095820907416064,52.47024739462164],[13.098047123075188,52.49419829475386],[13.153695595425152,52.50182144619914],[13.117798300646697,52.47896793571966],[13.109223275780403,52.45061950792878],[13.12312698130178,52.43939474350868],[13.088333218284498,52.41961143446511],[13.090635996836307,52.41181388304983],[13.132249469048864,52.389402026305454],[13.16589784383367,52.39427552402294],[13.157827476336164,52.39636215582533],[13.159345750206485,52.402879947455546],[13.222287981570853,52.42035668018485],[13.24579729180121,52.42080114536857],[13.247925643862272,52.41546609691061],[13.282679209491183,52.409113734326645],[13.296871181581226,52.41393212480128],[13.312119899719477,52.39959959038373],[13.306197750782223,52.38156731570076],[13.275004172178313,52.355832606405535],[13.25137457810037,52.35015770624169],[13.251395588127037,52.33150952547721],[13.302288081261676,52.33959262086162],[13.322436874373203,52.33309020999919],[13.342812095126964,52.3260748721905],[13.347405505986163,52.30927915567754],[13.365832508754263,52.29171203299068],[13.382807067561476,52.28767766094041],[13.361948727272267,52.25667518321865],[13.314730426299654,52.25071082963718],[13.270504450944918,52.25170622634984],[13.267866991187377,52.262308116519506],[13.243065555691713,52.27314631058445],[13.186464386986204,52.26700391737943],[13.181188214641079,52.26190218707585],[13.190391308472288,52.254882859674716],[13.183396348881647,52.24971182256119],[13.152227698855462,52.24506930981939],[13.135010307123673,52.263817895579734],[13.118333661844352,52.25730877052369],[13.10533358861117,52.243434952435095],[13.113280060216644,52.23382108371736],[13.101507705256314,52.22539279860815],[13.04308973987974,52.24014745406321],[13.044287800236475,52.25619486992051],[13.065413805852405,52.2684693633894],[12.977906369473757,52.30591988558754],[12.953138966722156,52.28889955399275],[12.908235058174842,52.27379254238507],[12.909954103912865,52.27960712541996],[12.897323038166803,52.29645385500841],[12.819002466492547,52.303447318273435],[12.823911767244898,52.33222232107645],[12.820700847480685,52.35865368450895],[12.807684973328929,52.378816823109915],[12.809185121733604,52.412804355079935],[12.855418076383446,52.40449711677297],[12.858389110766291,52.44991355428569],[12.863488105102977,52.4592160303285],[12.893530939322886,52.46076364589341],[12.887382017191324,52.463414149780476],[12.917329907799218,52.47434246825729],[12.93514739235131,52.49992389835572],[12.945345524236812,52.50444108180404],[13.003531333215374,52.514763106872785],[13.024084223668336,52.486863165624946],[13.046799569715185,52.467407432172095]]]}},{"type":"Feature","properties":{"district":"062 Dahme-Spreewald – Teltow-Fläming III – Oberspreewald-Lausitz I","constituency_code":"062","state":"Brandenburg"},"geometry":{"type":"Polygon","coordinates":[[[13.478503721539628,52.40090924629273],[13.486660173972986,52.397430510892704],[13.51600982243763,52.40143965297308],[13.535663613608596,52.389010454701086],[13.564905286408838,52.38828583982868],[13.592762116600076,52.39416968646638],[13.643364633327428,52.37739092522035],[13.647136898099033,52.367770160379095],[13.668992721281924,52.36448440108956],[13.691573041830017,52.36771196698705],[13.699997283673834,52.3751213401825],[13.704149319930274,52.38736122559082],[13.717427102625345,52.389099546475585],[13.730887061295546,52.38435838131512],[13.755790689837074,52.35139470732197],[13.735189829787386,52.323522670121235],[13.752364340479104,52.31497390539233],[13.784621161401306,52.320999586735454],[13.831877435538258,52.3129616472647],[13.821699404564683,52.28808989467648],[13.85403686678578,52.2899890462339],[13.859903801940185,52.26352618973309],[13.839124090768049,52.25557234784931],[13.823738024792334,52.237705975289714],[13.856440236791903,52.18940784409941],[13.890869802948481,52.17969354362002],[13.88946891662989,52.16961293341864],[13.86589249821494,52.170387369867605],[13.845908355159352,52.13267376706007],[13.845287857412512,52.121715500881656],[13.871189432503304,52.118132545134486],[13.938374492894887,52.13775459986196],[13.96813041782856,52.13617350519536],[13.978700839603695,52.13205709145619],[13.985776170018065,52.12115324265549],[14.009626671880104,52.10954051542694],[14.033538342742398,52.11028464375488],[14.105406451622533,52.08805278046887],[14.12671084046919,52.05379754726062],[14.139380613758323,52.04894441151846],[14.1941868856828,52.057732043647775],[14.204067777014059,52.07404174918638],[14.20516717752867,52.086760255497225],[14.227957501988332,52.08585187414537],[14.23610403967821,52.083768653324206],[14.212458390720581,52.06710717496409],[14.219765974742028,52.04185982627544],[14.258841676685343,52.03207705339889],[14.270267156280596,52.03232839503045],[14.298807996436947,52.04634591637206],[14.311419215418896,52.06081353291095],[14.353919250044632,52.0725701581124],[14.400925540910356,52.05327610007454],[14.405474602489015,52.02803451434345],[14.418498447838179,52.02412972287935],[14.445997521329218,52.02635636740502],[14.453413700879421,52.014282961530384],[14.430058748425141,52.00875976162047],[14.393004056013003,52.00814880263057],[14.369987283143457,52.00029718600347],[14.376025836566601,51.97414088939434],[14.393575669695707,51.93543771100279],[14.379905965408096,51.93219157941591],[14.317591844613112,51.93470508698444],[14.237049410914787,51.90505612654369],[14.21489748424257,51.86938117965505],[14.173506020138245,51.85715949001164],[14.088485271076253,51.87830502184948],[14.075590181811632,51.84292616414594],[14.015676424818922,51.83921902220456],[13.989230089124002,51.80904716651604],[13.988860110261943,51.786768596153074],[13.948821569131937,51.76964137386456],[13.923044965022152,51.78262773272728],[13.922167784956459,51.80420317299069],[13.882231029128238,51.80531353388414],[13.890482862988444,51.82230477247673],[13.862542301807093,51.83179927612095],[13.854202590457732,51.83894223413391],[13.828973888138202,51.81895985137549],[13.83807529326866,51.789500855572825],[13.80605485776188,51.78546396485583],[13.831026463745372,51.7576323437757],[13.853741649030082,51.756135613836],[13.85497955193852,51.75166097026082],[13.84384787772957,51.73519024093281],[13.813730602589747,51.74266508346673],[13.782467606008689,51.734954551061165],[13.78288572149904,51.75467257421904],[13.775416174240336,51.75976003589961],[13.729203118270124,51.7595975945829],[13.695612621618395,51.741176499326045],[13.69484033968355,51.72704242271262],[13.664552230502284,51.73291669854943],[13.661231401072603,51.747358159241],[13.60920357300332,51.74102865178424],[13.578883549344907,51.7561641529797],[13.54949627164955,51.74583218814091],[13.527822939866063,51.762162579874],[13.507085590556448,51.79203270072822],[13.487313259920512,51.79095720818356],[13.4581375740329,51.7975320187719],[13.408201218632895,51.81637709492155],[13.350478585421893,51.83056209554479],[13.310678210662399,51.83073765819914],[13.303152980800991,51.81871780167985],[13.248010682974757,51.82226787970191],[13.235683466051455,51.829133216169396],[13.222027216484843,51.84955726707166],[13.224637731555909,51.86630379534412],[13.232976526859458,51.86870817611003],[13.230386623662858,51.87817965384587],[13.183530487653618,51.88614284535431],[13.162420353642563,51.883845526502824],[13.162958241200903,51.86073596967628],[13.150913369146858,51.85961035703189],[13.149604229950972,51.872331455536504],[13.13260578812652,51.88239486263621],[13.119075141319348,51.88282903982948],[13.118706565784578,51.87693241830108],[13.11360122523578,51.87489362199775],[13.085005234680901,51.874016412915665],[13.09564961662452,51.93977015914904],[13.128368711228704,51.963362991631705],[13.144328131214102,51.96819390433533],[13.17257283155014,51.95513235902298],[13.191684744831706,51.9595260683111],[13.227590342119353,51.99235505260178],[13.220227010962489,52.0047561085116],[13.203339835406423,52.013349613200994],[13.1542197370733,52.05338248785739],[13.1498650497375,52.061552918438714],[13.15423579198977,52.06935824475722],[13.124252297846853,52.08524150076083],[13.054758248013645,52.08142175788725],[12.995039222992684,52.094376454524394],[12.95145368766288,52.143508258381345],[12.973549903597542,52.145455832620264],[12.997987071470241,52.15468479237807],[13.083148155798803,52.19676644049874],[13.101507705256314,52.22539279860815],[13.113280060216644,52.23382108371736],[13.10533358861117,52.243434952435095],[13.118333661844352,52.25730877052369],[13.135010307123673,52.263817895579734],[13.152227698855462,52.24506930981939],[13.183396348881647,52.24971182256119],[13.190391308472288,52.254882859674716],[13.181188214641079,52.26190218707585],[13.186464386986204,52.26700391737943],[13.243065555691713,52.27314631058445],[13.267866991187377,52.262308116519506],[13.270504450944918,52.25170622634984],[13.314730426299654,52.25071082963718],[13.361948727272267,52.25667518321865],[13.382807067561476,52.28767766094041],[13.366282643600059,52.29140424860485],[13.350408931101946,52.30592262108105],[13.342812095126964,52.3260748721905],[13.302288081261676,52.33959262086162],[13.251395588127037,52.33150952547721],[13.25137457810037,52.35015770624169],[13.275004172178313,52.355832606405535],[13.306197750782223,52.38156731570076],[13.312119899719477,52.39959959038373],[13.343248652577017,52.411619937947094],[13.343028477668543,52.40767416821572],[13.388520781446474,52.37796846522722],[13.420984876556524,52.37624714149739],[13.427585365209051,52.38682399145787],[13.418772685471456,52.40991740594501],[13.46232160330705,52.42062443558006],[13.468337476278373,52.41943196673069],[13.478503721539628,52.40090924629273]]]}},{"type":"Feature","properties":{"district":"063 Frankfurt (Oder) – Oder-Spree","constituency_code":"063","state":"Brandenburg"},"geometry":{"type":"Polygon","coordinates":[[[14.27304612038883,52.45918849259437],[14.288929819190766,52.40689201332744],[14.314840123278604,52.3822075802766],[14.349538518818832,52.374084501990644],[14.361747545220393,52.385688021915854],[14.370450795732811,52.38745208211279],[14.423764341372202,52.37396847094423],[14.430595216478894,52.393864847857486],[14.440420854121871,52.39611859555515],[14.476947259222749,52.39794061009931],[14.510895528373812,52.39178577705167],[14.534357223457665,52.39500778194351],[14.550898239037137,52.376463888999446],[14.572631787853908,52.32394527500491],[14.575994868147886,52.28835923109218],[14.596434535112973,52.27293417719601],[14.690207837314299,52.25664478594693],[14.700828131349665,52.25041687913458],[14.716339486678274,52.234060903559936],[14.705199863655482,52.16794018836939],[14.679100839990305,52.14349601780789],[14.681537103183528,52.11665382679847],[14.700301968384549,52.09810226180973],[14.740903192919388,52.08537628994361],[14.758297319834632,52.06740339140668],[14.748146398452691,52.033077779134004],[14.74075836975753,52.02281757414464],[14.712425024236339,51.99987553087726],[14.669845696203991,52.00431225130777],[14.64969289571145,52.02782814250635],[14.590097039635586,52.034214260138285],[14.563164537886918,52.01957820446613],[14.562319746407402,52.0088506532176],[14.557374204806045,52.005298747432626],[14.500840752936226,52.0076088298903],[14.491759258688733,52.016039150464174],[14.480307771119275,52.048230062683665],[14.474436675508485,52.05208329650866],[14.445545307032846,52.03994616583876],[14.445997521329218,52.02635636740502],[14.414997390401416,52.02450610167937],[14.403322915613833,52.03136580128561],[14.400925540910356,52.05327610007454],[14.353919250044632,52.0725701581124],[14.311419215418896,52.06081353291095],[14.298807996436947,52.04634591637206],[14.270267156280596,52.03232839503045],[14.258841676685343,52.03207705339889],[14.219765974742028,52.04185982627544],[14.212458390720581,52.06710717496409],[14.23610403967821,52.083768653324206],[14.227957501988332,52.08585187414537],[14.20516717752867,52.086760255497225],[14.204067777014059,52.07404174918638],[14.1941868856828,52.057732043647775],[14.139380613758323,52.04894441151846],[14.12671084046919,52.05379754726062],[14.105406451622533,52.08805278046887],[14.033538342742398,52.11028464375488],[14.009626671880104,52.10954051542694],[13.985776170018065,52.12115324265549],[13.978700839603695,52.13205709145619],[13.96813041782856,52.13617350519536],[13.938374492894887,52.13775459986196],[13.871189432503304,52.118132545134486],[13.845287857412512,52.121715500881656],[13.845908355159352,52.13267376706007],[13.86589249821494,52.170387369867605],[13.88946891662989,52.16961293341864],[13.890869802948481,52.17969354362002],[13.856440236791903,52.18940784409941],[13.823738024792334,52.237705975289714],[13.839124090768049,52.25557234784931],[13.859903801940185,52.26352618973309],[13.85403686678578,52.2899890462339],[13.821699404564683,52.28808989467648],[13.831877435538258,52.3129616472647],[13.784621161401306,52.320999586735454],[13.752364340479104,52.31497390539233],[13.735189829787386,52.323522670121235],[13.755790689837074,52.35139470732197],[13.740860020876084,52.3725295927996],[13.72395706228206,52.38742526247469],[13.707708698356823,52.38940866110939],[13.69687551201928,52.37755399509272],[13.69066476057835,52.38557049380329],[13.750536118173605,52.44145895559191],[13.701324133466064,52.468145481822205],[13.666980239236581,52.47416705671677],[13.678286540233096,52.494148808948005],[13.691847829813293,52.50276428815095],[13.710987603189013,52.502678490156455],[13.741680423858831,52.48590537031659],[13.74879958367591,52.46672889492134],[13.764354912065206,52.446746810535544],[13.825162508724826,52.44005753285587],[13.899509811363233,52.47409687511235],[13.950311126569652,52.47693619758809],[13.990194308464657,52.46366786044327],[13.99272006903244,52.45559076970797],[14.007092841949085,52.44677247872366],[14.020772544977305,52.45774392553816],[14.02798925149812,52.47080334174738],[14.073413555224114,52.48062709232646],[14.082413960478744,52.465917726839955],[14.165237237289503,52.467384420729864],[14.181750439366477,52.484105140250854],[14.188500004230386,52.49874627683571],[14.22939147240035,52.4903368871704],[14.27304612038883,52.45918849259437]]]}},{"type":"Feature","properties":{"district":"064 Cottbus – Spree-Neiße","constituency_code":"064","state":"Brandenburg"},"geometry":{"type":"Polygon","coordinates":[[[14.495333288326236,52.011865552281144],[14.500840752936226,52.0076088298903],[14.557374204806045,52.005298747432626],[14.562319746407402,52.0088506532176],[14.563164537886918,52.01957820446613],[14.590097039635586,52.034214260138285],[14.64969289571145,52.02782814250635],[14.669845696203991,52.00431225130777],[14.71670682612636,52.00118346869825],[14.720407295902694,51.99765557663342],[14.713659326449633,51.937456238656516],[14.694380962488065,51.90344997605007],[14.665130964669224,51.89087474277527],[14.652103033048844,51.87387016789241],[14.590508873642856,51.83865611637058],[14.589559247203534,51.82647195564572],[14.590355216774498,51.82044412593285],[14.606641206505296,51.80404190288595],[14.633065193980848,51.80134812264839],[14.645836418113939,51.79509042979381],[14.664094132639097,51.75670619469777],[14.65617121700709,51.74130684671326],[14.668078638087866,51.725813589353216],[14.690885089297787,51.708265972900485],[14.736813893982271,51.688219489929914],[14.757504553940588,51.66150560062677],[14.760631186262358,51.6218602725332],[14.74618502710413,51.59444602428011],[14.729865563217839,51.58177700404594],[14.711163820912999,51.59576491182484],[14.696647727672223,51.596660832211484],[14.702547734566268,51.58355594841824],[14.70002632316747,51.575941359747674],[14.68857387067572,51.559363138489026],[14.67441432012185,51.55104390250915],[14.605331710585952,51.55769717042487],[14.598170645754227,51.57248917636103],[14.569635103673056,51.58119048312874],[14.545185108672564,51.561777426092675],[14.515453721732325,51.55423483845838],[14.496795199470137,51.55920286051037],[14.455931272842305,51.55650959279326],[14.447074106859874,51.55267107497779],[14.447189396479587,51.54277488806363],[14.38618732278552,51.540541663423774],[14.340520898207833,51.50780591916097],[14.323130182397378,51.519984168685056],[14.273613083252563,51.5324003909494],[14.163324524239734,51.54104320535054],[14.162208571369726,51.55563416921178],[14.151864073744262,51.56271978767861],[14.146740564751843,51.57768664204583],[14.157649335695927,51.59172468506569],[14.19077206797118,51.5986196080246],[14.208449930756476,51.61757592467908],[14.166886959270004,51.638970156735844],[14.14084940261853,51.63593881674638],[14.128655179089204,51.63932260891087],[14.092073843839785,51.674306970610445],[14.117398285206336,51.70796146322544],[14.126481202211973,51.70659375923667],[14.136168337986698,51.712120964037666],[14.143182195593313,51.73296346542081],[14.138854618032461,51.74017607867716],[14.112423814454191,51.73892328818406],[14.100395221046767,51.7541508543186],[14.124193911054833,51.79905265241995],[14.103682795452835,51.82476123160869],[14.076074680969297,51.831883490629544],[14.075697956245767,51.847628711788225],[14.088485271076253,51.87830502184948],[14.173506020138245,51.85715949001164],[14.21489748424257,51.86938117965505],[14.237049410914787,51.90505612654369],[14.319613425793408,51.93535171618334],[14.379905965408096,51.93219157941591],[14.393575669695707,51.93543771100279],[14.376025836566601,51.97414088939434],[14.369987283143457,52.00029718600347],[14.393004056013003,52.00814880263057],[14.430058748425141,52.00875976162047],[14.453413700879421,52.014282961530384],[14.445997521329218,52.02635636740502],[14.445545307032846,52.03994616583876],[14.474436675508485,52.05208329650866],[14.480307771119275,52.048230062683665],[14.495333288326236,52.011865552281144]]]}},{"type":"Feature","properties":{"district":"065 Elbe-Elster – Oberspreewald-Lausitz II","constituency_code":"065","state":"Brandenburg"},"geometry":{"type":"Polygon","coordinates":[[[13.25910382608845,51.819786838182345],[13.303152980800991,51.81871780167985],[13.310678210662399,51.83073765819914],[13.350478585421893,51.83056209554479],[13.408201218632895,51.81637709492155],[13.4581375740329,51.7975320187719],[13.487313259920512,51.79095720818356],[13.507085590556448,51.79203270072822],[13.527822939866063,51.762162579874],[13.54949627164955,51.74583218814091],[13.578883549344907,51.7561641529797],[13.60920357300332,51.74102865178424],[13.661231401072603,51.747358159241],[13.664552230502284,51.73291669854943],[13.69484033968355,51.72704242271262],[13.695612621618395,51.741176499326045],[13.729203118270124,51.7595975945829],[13.775416174240336,51.75976003589961],[13.78288572149904,51.75467257421904],[13.782467606008689,51.734954551061165],[13.813730602589747,51.74266508346673],[13.84384787772957,51.73519024093281],[13.85497955193852,51.75166097026082],[13.853741649030082,51.756135613836],[13.831026463745372,51.7576323437757],[13.80605485776188,51.78546396485583],[13.83807529326866,51.789500855572825],[13.828973888138202,51.81895985137549],[13.854202590457732,51.83894223413391],[13.862542301807093,51.83179927612095],[13.890482862988444,51.82230477247673],[13.882231029128238,51.80531353388414],[13.922167784956459,51.80420317299069],[13.923044965022152,51.78262773272728],[13.948821569131937,51.76964137386456],[13.988860110261943,51.786768596153074],[13.989230089124002,51.80904716651604],[14.015676424818922,51.83921902220456],[14.075590181811632,51.84292616414594],[14.078983274587932,51.828202241947764],[14.103682795452835,51.82476123160869],[14.124193911054833,51.79905265241995],[14.103529286886976,51.76461127803988],[14.102590951347109,51.74924747587845],[14.112423814454191,51.73892328818406],[14.138854618032461,51.74017607867716],[14.143182195593313,51.73296346542081],[14.136168337986698,51.712120964037666],[14.126481202211973,51.70659375923667],[14.117398285206336,51.70796146322544],[14.092516770313717,51.67349189825549],[14.128655179089204,51.63932260891087],[14.14084940261853,51.63593881674638],[14.166886959270004,51.638970156735844],[14.208449930756476,51.61757592467908],[14.19077206797118,51.5986196080246],[14.15463634270331,51.58894470647397],[14.146476451932237,51.57437106920398],[14.151864073744262,51.56271978767861],[14.162208571369726,51.55563416921178],[14.163324524239734,51.54104320535054],[14.136708930249004,51.54330893940336],[14.101418821076237,51.51592989546079],[14.089111947213114,51.47804272696857],[14.072593723108476,51.472087259284216],[13.998791307828345,51.38067849369171],[13.94450402245149,51.3916685839721],[13.908883695753637,51.3787928779507],[13.882632643896333,51.37506694106804],[13.834546856191885,51.38249459835568],[13.835313220488397,51.37679000022806],[13.782525022094466,51.369668136884385],[13.776470605778243,51.36183113547929],[13.765420304094564,51.36098634905784],[13.713393943029164,51.363502865916956],[13.691250599689742,51.37401280493504],[13.682764784461261,51.3676152734647],[13.594063134414407,51.36935620981015],[13.59568832025053,51.37426601002338],[13.588122786289038,51.38458657578019],[13.569961776964607,51.38566602486252],[13.537768442183278,51.3771564623036],[13.52355185548982,51.3812962364721],[13.521217776901238,51.40205738901673],[13.473786065723516,51.41788115716214],[13.401002083948887,51.45473350748671],[13.286672469892867,51.41138323057518],[13.256074257801615,51.39209091160046],[13.217308924774695,51.395055647342225],[13.202189123153712,51.41637687476569],[13.174310971203067,51.428253917316766],[13.1750787045611,51.4327827940727],[13.203121685977084,51.45101338145614],[13.20308042504678,51.458731934536935],[13.186607490651284,51.467184077990076],[13.182442587104998,51.47487749163737],[13.186953607412358,51.486779577831335],[13.201371996893805,51.49195062170746],[13.208413320227189,51.5103343011886],[13.207957036747885,51.524352846104755],[13.176589300223727,51.55734323952047],[13.146715720293907,51.563454950484605],[13.140975245784942,51.569858172470234],[13.161772268677234,51.59214829448898],[13.15495485835606,51.600196783059964],[13.1235124731083,51.61452893984835],[13.083747039388806,51.61244431494165],[13.05102524682118,51.64767715355244],[13.16227819770108,51.69230294376903],[13.147481828551406,51.76663853077529],[13.170103760557437,51.78702373483735],[13.159490722938793,51.80811907497981],[13.126682380745667,51.84580999811189],[13.123460808605882,51.85799695765143],[13.162958241200903,51.86073596967628],[13.162420353642563,51.883845526502824],[13.183530487653618,51.88614284535431],[13.230386623662858,51.87817965384587],[13.232976526859458,51.86870817611003],[13.224637731555909,51.86630379534412],[13.222027216484843,51.84955726707166],[13.235683466051455,51.829133216169396],[13.25910382608845,51.819786838182345]]]}},{"type":"Feature","properties":{"district":"066 Altmark","constituency_code":"066","state":"Saxony-Anhalt"},"geometry":{"type":"Polygon","coordinates":[[[11.652010572477396,53.005855517960356],[11.725115476866797,52.98640636569261],[11.751339848322461,52.98681297942902],[11.766458567108135,52.97988632353362],[11.786303885937146,52.96095827253398],[11.844216635055776,52.95268081063945],[11.849381713758223,52.947255636497246],[11.84792745759064,52.941031503791386],[11.822784544221154,52.92192120266308],[11.826034258407697,52.914656394466576],[11.836521449480419,52.90971296208872],[11.980497801168228,52.87611354960953],[12.01165748264156,52.88768093716141],[12.07467338530793,52.885415074912274],[12.089225294194351,52.8766106623603],[12.119916781414206,52.87573775780777],[12.132240518245958,52.86525800587435],[12.124818621895425,52.8528663228176],[12.186188508913672,52.87167962476701],[12.234056795830247,52.85937765118536],[12.231875311902261,52.850667333072565],[12.243628645771919,52.8207759373724],[12.257536445783805,52.804908482886965],[12.249203293057814,52.79186222839171],[12.223558486410472,52.78704908101736],[12.213132485957553,52.773607418253626],[12.20600694660706,52.7614045159252],[12.204033860567902,52.72800218687185],[12.220878965054354,52.69043918479605],[12.232725447503919,52.68934301130329],[12.239962675253691,52.66537719484306],[12.2347253991197,52.6642292070736],[12.22512857585674,52.6275431855362],[12.202665732426906,52.61874139999984],[12.171973707053292,52.62593395065156],[12.169265364590238,52.621087428481566],[12.174215378389409,52.57958994408134],[12.149274838252463,52.540248675015356],[12.171555110289127,52.50633663939426],[12.162699395040098,52.501269034616335],[12.10957406760232,52.50731553264665],[12.1028306653112,52.51166899133483],[12.10321040291726,52.524355621129175],[12.074836973388187,52.54029943659249],[12.051017991361073,52.52511048507177],[11.99529883126863,52.519194615748184],[11.987748405860733,52.53205121851478],[11.9962719061938,52.55498939346354],[11.996139573423179,52.569588789171284],[11.985579043984421,52.56317145653797],[11.972254243232404,52.50756061077544],[11.985012661924937,52.49398409757172],[12.002022078382586,52.461508987937144],[11.992091116976908,52.43031228367954],[11.96500877688724,52.4025877361846],[11.9310407907776,52.38562073363699],[11.902173937860828,52.35510063850865],[11.851885748744449,52.33157799835775],[11.83147531291544,52.362326217710965],[11.839703385198117,52.401326338328815],[11.817188626857432,52.41486030261071],[11.795242457692622,52.42152983928718],[11.77357425052488,52.417983568512696],[11.77906452405056,52.412924320595565],[11.78883794020995,52.413152750771296],[11.782379819750002,52.400233594083495],[11.720593340905904,52.40848623489372],[11.716775108597357,52.427719018608514],[11.700075882494579,52.45915981866204],[11.643101445169108,52.4698506760727],[11.58716238374058,52.45869468449978],[11.562537020270694,52.4104457173778],[11.446673409636777,52.386779199711945],[11.443244443125737,52.39991048521136],[11.455097405007939,52.400680315570966],[11.451427165347194,52.40790462390394],[11.382031381619186,52.430585555793215],[11.320198198183911,52.42459257216519],[11.321424111145872,52.43049306379759],[11.310064175179361,52.440229273690825],[11.148310758728766,52.43385295654951],[11.090441320699357,52.45526726445823],[11.056980373748003,52.506345832973224],[11.00878174375649,52.49674764337805],[10.959386796172765,52.53519275665274],[10.937058375283538,52.56836873021595],[10.940644738169743,52.589334808469516],[10.974762972052964,52.60572498698547],[10.976967998411851,52.62414161546795],[10.964248328053948,52.62585473017304],[10.921411938390001,52.61043707976024],[10.833128899719258,52.70093891188811],[10.79669679070198,52.71432638934764],[10.775591057527974,52.75904384982972],[10.75532124676128,52.78482963191287],[10.766691502514902,52.84219235806651],[10.834774625217467,52.84747505502816],[10.841555871405678,52.85220486096346],[10.884683580396125,52.84579633955766],[10.939633519320294,52.85333550863049],[10.985965095529894,52.882461069445],[10.990097009613919,52.88818764457012],[10.989053822012389,52.89905300721425],[11.000490669123566,52.911261099206726],[11.096708175836655,52.91033299496911],[11.093537157130031,52.89894824934279],[11.113148338557352,52.89572213778971],[11.147353723855833,52.90022966411032],[11.155738354158496,52.90551568447213],[11.213006563636782,52.89915152631029],[11.235900938694718,52.8890890934591],[11.295647663700535,52.87517210185171],[11.38865394168875,52.903110611905724],[11.465678830998312,52.93721109554587],[11.504697980422058,52.94112102012718],[11.492342519248865,52.95966288123863],[11.512490564573021,53.00744492545848],[11.557044780419622,53.01064500325644],[11.59778450732802,53.03592636816021],[11.628360700676046,53.04177896056237],[11.64188585938792,53.03406498384546],[11.62702945203399,53.02166134340265],[11.625593092580466,53.01356761406599],[11.652010572477396,53.005855517960356]]]}},{"type":"Feature","properties":{"district":"067 Börde – Jerichower Land","constituency_code":"067","state":"Saxony-Anhalt"},"geometry":{"type":"Polygon","coordinates":[[[11.991751033868795,52.52069569230187],[12.051017991361073,52.52511048507177],[12.074836973388187,52.54029943659249],[12.10321040291726,52.524355621129175],[12.1028306653112,52.51166899133483],[12.110928536887542,52.50685668030363],[12.162699395040098,52.501269034616335],[12.171555110289127,52.50633663939426],[12.182807825047922,52.49821931768647],[12.221364242206766,52.5005170022544],[12.286271581738333,52.49257355061194],[12.31919344334472,52.494716473403415],[12.32517567910119,52.46859260407667],[12.317179905257678,52.45409554272239],[12.304342699657965,52.450501516247556],[12.289018469416773,52.37036113590863],[12.288926728939762,52.36032983306226],[12.307848641820113,52.34445800827612],[12.26272771755626,52.29576675105593],[12.244460238129207,52.248002113218085],[12.260904691843466,52.24609710925245],[12.297276877915964,52.227545378884216],[12.278827849205168,52.217042849831145],[12.2604241153308,52.21649625379877],[12.248402782308373,52.21092359068761],[12.21678313602026,52.17006859884263],[12.276724288136954,52.104017977392296],[12.266906978052848,52.10030388287664],[12.212852014437285,52.10223435383353],[12.184859919075816,52.07869165440101],[12.13533039568197,52.069412156479544],[12.075557718068122,52.073050550276356],[12.060407451487578,52.05791916183473],[12.025371283279794,52.048997815997915],[11.964101561898065,52.02058071179162],[11.951541265163659,52.00812999108103],[11.923738871499326,52.002050870204876],[11.890956825923567,52.00206032190241],[11.887982297526767,52.01251305430804],[11.847403958786355,52.05756489692293],[11.801048662420476,52.06857809656709],[11.766246610147489,52.06854024863161],[11.745715793858366,52.098513551837705],[11.721745977630453,52.100137631438514],[11.699382451052887,52.17403880431824],[11.687030990165674,52.186746677141194],[11.704551914639877,52.199470970751534],[11.686648112674982,52.20783563500775],[11.674005123137837,52.22784884890959],[11.63704058587552,52.228169612211126],[11.647463619943453,52.19851185209806],[11.627486370590315,52.18697192095273],[11.568795127476658,52.17500735410446],[11.561459688284494,52.16855113121349],[11.539759089306969,52.12631090454437],[11.53148108154412,52.090148948874294],[11.525189866477668,52.07930954390796],[11.518539727397457,52.07769331539539],[11.525207496676963,52.06783101829437],[11.542430892007948,52.06274315257185],[11.5999290517638,52.069738277186545],[11.623561004731487,52.05145445856699],[11.63316430085107,52.02586015633994],[11.601475570637847,52.01926634307008],[11.603222807849665,51.969403150193415],[11.59735772875187,51.965975863824006],[11.508839329076382,51.962674847231426],[11.509577284965658,51.966392926036434],[11.48153280878496,51.98145272947768],[11.450496403590845,51.98813652919921],[11.446834819895061,52.006786913992904],[11.415963882352289,52.00471636550701],[11.384620535423394,51.9812496139736],[11.35894212948021,51.97613015808867],[11.344921477319037,51.96240407853897],[11.367147080148133,51.92981427151513],[11.340847579811777,51.9012342304793],[11.334817658348467,51.90626947755915],[11.282211483329409,51.90622246603498],[11.259310491021248,51.903069485055056],[11.25923631561185,51.89862601311558],[11.22551561156796,51.90869602318851],[11.221606391382332,51.91898396686398],[11.198208307991363,51.926221259014945],[11.19050182470233,51.92655411466913],[11.174649892197131,51.91727161134692],[11.169229597253839,51.9206306404133],[11.16059037521538,51.9398216286504],[11.165069493982777,51.94454634021983],[11.164717005248365,51.967217051838546],[11.152171063135189,52.00019168106947],[11.098086500019305,52.00338097823219],[11.084493222903609,52.011679105148964],[11.061917730801976,52.0367762924207],[11.02071108004395,52.04157785829676],[10.964414597394903,52.05664315783607],[10.972005760039913,52.0766000924],[10.970935855184496,52.08602194864846],[10.940674542410871,52.09570798861631],[10.94215978721823,52.10309028176453],[10.981396858211584,52.108629156967844],[11.03838205678106,52.134245786671315],[11.058511501773951,52.15574063548758],[11.060939324990628,52.17227035094979],[11.034764760000158,52.17199450092185],[11.017835355833267,52.17932758327874],[11.012626472978626,52.188344500820975],[11.013646588643477,52.19955618857414],[11.030350070877015,52.21217442261137],[11.077184889331413,52.21867656194974],[11.085502302085828,52.228808807876256],[11.056312565609955,52.25872796362502],[11.025255444453597,52.276451640407345],[11.012570992003578,52.28925110829757],[11.03922268194216,52.30167186310143],[11.036291771720908,52.310580026626596],[11.002083240943055,52.33658538145482],[11.068718417424048,52.35571476744096],[11.069852509828932,52.374524231371375],[11.018695123107754,52.39704204543407],[10.956394783574014,52.44475151790703],[10.93467782269076,52.46446507072631],[10.934542609854029,52.47179492689848],[10.944852094617435,52.486757667893876],[10.97934019640738,52.49821909226929],[11.00878174375649,52.49674764337805],[11.051667766411489,52.50817786141103],[11.061508350276846,52.501909250269506],[11.06363170730675,52.492627504354544],[11.090441320699357,52.45526726445823],[11.148310758728766,52.43385295654951],[11.310064175179361,52.440229273690825],[11.321424111145872,52.43049306379759],[11.320198198183911,52.42459257216519],[11.382031381619186,52.430585555793215],[11.451427165347194,52.40790462390394],[11.455097405007939,52.400680315570966],[11.443244443125737,52.39991048521136],[11.446673409636777,52.386779199711945],[11.562537020270694,52.4104457173778],[11.58716238374058,52.45869468449978],[11.643101445169108,52.4698506760727],[11.700075882494579,52.45915981866204],[11.716775108597357,52.427719018608514],[11.720593340905904,52.40848623489372],[11.782379819750002,52.400233594083495],[11.78883794020995,52.413152750771296],[11.77906452405056,52.412924320595565],[11.77357425052488,52.417983568512696],[11.795242457692622,52.42152983928718],[11.817188626857432,52.41486030261071],[11.839703385198117,52.401326338328815],[11.83147531291544,52.362326217710965],[11.851885748744449,52.33157799835775],[11.902173937860828,52.35510063850865],[11.9310407907776,52.38562073363699],[11.96500877688724,52.4025877361846],[11.992091116976908,52.43031228367954],[12.002022078382586,52.461508987937144],[11.985012661924937,52.49398409757172],[11.972254243232404,52.50756061077544],[11.985579043984421,52.56317145653797],[11.996139573423179,52.569588789171284],[11.9962719061938,52.55498939346354],[11.987748405860733,52.53205121851478],[11.991751033868795,52.52069569230187]]]}},{"type":"Feature","properties":{"district":"068 Harz","constituency_code":"068","state":"Saxony-Anhalt"},"geometry":{"type":"Polygon","coordinates":[[[10.974482647926756,52.05244785214058],[11.061917730801976,52.0367762924207],[11.084493222903609,52.011679105148964],[11.098086500019305,52.00338097823219],[11.152171063135189,52.00019168106947],[11.164717005248365,51.967217051838546],[11.161832580153003,51.9341744841378],[11.174649892197131,51.91727161134692],[11.19050182470233,51.92655411466913],[11.198208307991363,51.926221259014945],[11.221606391382332,51.91898396686398],[11.22551561156796,51.90869602318851],[11.25923631561185,51.89862601311558],[11.259310491021248,51.903069485055056],[11.282211483329409,51.90622246603498],[11.335918725215986,51.90603684176799],[11.340542492162323,51.90361131757699],[11.343561171892999,51.87582830096767],[11.34969095578655,51.87718799679544],[11.366803368209801,51.86905785216814],[11.382650992488387,51.851461619139464],[11.385886094771491,51.84078602099023],[11.40025920615558,51.8376011629004],[11.457793765033218,51.84852216449257],[11.47365411207259,51.84639595967511],[11.487728647984047,51.83432349847014],[11.488108517214043,51.80631439795201],[11.51700744833819,51.79155865767438],[11.530305039100973,51.7688172829783],[11.541327712714638,51.76128965219937],[11.584238890863867,51.74953276603282],[11.616079723011785,51.7464030126603],[11.634759719409493,51.6944206850355],[11.62706977486771,51.690211580448874],[11.610432538277541,51.691223641720576],[11.604612983452293,51.70139978814804],[11.583585320675423,51.700640538400435],[11.546610060969508,51.685030789940754],[11.518559170004776,51.688271635955786],[11.517341446871393,51.70314496351441],[11.509813454508741,51.71107267940173],[11.401613431906553,51.72993963458351],[11.39011857747629,51.71403064835133],[11.391772360195228,51.70601118978044],[11.340951307440035,51.683459874199905],[11.328506894613504,51.66842432715723],[11.29454568382077,51.65070009427057],[11.233743711557645,51.64250141297122],[11.235005588393637,51.62744218665766],[11.245837826972503,51.62954249479038],[11.247579817635705,51.622909926026054],[11.233837669948992,51.59697761046702],[11.213592081872898,51.59001229626643],[11.184335844915706,51.59233574631643],[11.162828272622418,51.5833178362221],[11.156976511564617,51.57303133452871],[11.130535875643238,51.566374082814775],[11.112347133246237,51.578273525866095],[11.121759103367262,51.58340638874266],[11.133972964215607,51.577952405150015],[11.139408288651095,51.58459861567101],[11.098316972545781,51.599658476293364],[11.040401492083786,51.60568654424033],[11.026286618437684,51.62460691616593],[11.018639101497818,51.62703379291459],[10.957112415898163,51.633486384292574],[10.931689837265283,51.62958761987817],[10.916059109626026,51.616374051665304],[10.894233127678238,51.6107901944843],[10.86809028465816,51.62647424515056],[10.805613350838609,51.640794532468576],[10.771296375844228,51.64460273726647],[10.696011080571715,51.642988320960605],[10.670507134831428,51.666912679578374],[10.663867734202382,51.69139143591058],[10.666546505815278,51.69562483466168],[10.631713464238494,51.73953308985392],[10.583837430427435,51.778285738117496],[10.574174335633382,51.81112656359831],[10.57943670614148,51.84114154102089],[10.59378170793811,51.85379681180125],[10.602688116693166,51.85459004586134],[10.634882850380828,51.875517354340815],[10.650233596820987,51.8898286741142],[10.650129893940335,51.90245834210148],[10.639815066393236,51.91513637539909],[10.613313787078,51.92151527467443],[10.613562956620633,51.939730452826566],[10.62688987552303,51.9483704018565],[10.629566748221015,51.958271204823234],[10.589080056267559,51.97508431614037],[10.561226988285668,52.00406593785141],[10.626283307982588,52.00794555300141],[10.655491985771299,52.02468661530682],[10.657066756628005,52.02890316773977],[10.64751606534172,52.04169271349918],[10.687385236742116,52.04813820440217],[10.826228130364134,52.04784540620483],[10.895325523649959,52.05852922406349],[10.934939923861517,52.05971361101035],[10.974482647926756,52.05244785214058]]]}},{"type":"Feature","properties":{"district":"069 Magdeburg","constituency_code":"069","state":"Saxony-Anhalt"},"geometry":{"type":"Polygon","coordinates":[[[11.687030990165674,52.186746677141194],[11.699382451052887,52.17403880431824],[11.721745977630453,52.100137631438514],[11.745715793858366,52.098513551837705],[11.766246610147489,52.06854024863161],[11.801048662420476,52.06857809656709],[11.847403958786355,52.05756489692293],[11.889918052939928,52.009548611278646],[11.885070958516089,51.97732518035975],[12.014597963682952,51.88727865530612],[12.018861112450654,51.87255854557157],[11.966878954057043,51.86702180574936],[11.937400918933063,51.88076191332956],[11.921539217588737,51.879719313962774],[11.927498824477695,51.87460045285659],[11.872251929728225,51.853964536692814],[11.857465688204707,51.83753490085003],[11.828595151145985,51.859517407242336],[11.829547280007985,51.869843596830606],[11.815945703575139,51.87620037929004],[11.775059270442673,51.879537485992536],[11.760878906110419,51.86301779651607],[11.713347447563942,51.87175394136227],[11.729078226461366,51.882163324852684],[11.734968758871357,51.903694217521036],[11.696900351585295,51.92224761063392],[11.642186494803928,51.929542013566625],[11.618541718962126,51.94856894176363],[11.603222807849665,51.969403150193415],[11.601475570637847,52.01926634307008],[11.63316430085107,52.02586015633994],[11.623561004731487,52.05145445856699],[11.5999290517638,52.069738277186545],[11.542430892007948,52.06274315257185],[11.525207496676963,52.06783101829437],[11.518539727397457,52.07769331539539],[11.525189866477668,52.07930954390796],[11.53148108154412,52.090148948874294],[11.539759089306969,52.12631090454437],[11.561459688284494,52.16855113121349],[11.568795127476658,52.17500735410446],[11.627486370590315,52.18697192095273],[11.647463619943453,52.19851185209806],[11.63704058587552,52.228169612211126],[11.674005123137837,52.22784884890959],[11.686648112674982,52.20783563500775],[11.704551914639877,52.199470970751534],[11.687030990165674,52.186746677141194]]]}},{"type":"Feature","properties":{"district":"070 Dessau – Wittenberg","constituency_code":"070","state":"Saxony-Anhalt"},"geometry":{"type":"Polygon","coordinates":[[[12.440192270619228,52.01668585757069],[12.481168092246323,52.02493773936046],[12.53935689564381,51.984461921583765],[12.603019491439285,51.981086682629225],[12.644772854809332,51.994379988289964],[12.64727037092968,52.00741928402306],[12.654018947134317,52.011967825781724],[12.669108622164936,52.012494916710594],[12.730680588498352,51.98876999878182],[12.769780327470208,51.979274641108255],[12.777612700073282,51.96459096306386],[12.820586075115772,51.96278870012845],[12.843188789345266,51.968006547970546],[12.849364540274944,51.958957052045655],[12.85115488089442,51.935576211642804],[12.89490070982869,51.92853819982208],[12.934876803205196,51.93614139798774],[12.960567963479171,51.9349105407021],[12.976535928356487,51.91986343376397],[12.984991545644858,51.90413416685602],[13.045407862216877,51.900515105909754],[13.048524222316516,51.891996565318784],[13.037293432157686,51.880256950528484],[13.029163735477631,51.88104241138395],[13.04222461631722,51.87038559447527],[13.080635118268683,51.86772975439691],[13.085005234680901,51.874016412915665],[13.11360122523578,51.87489362199775],[13.118706565784578,51.87693241830108],[13.119075141319348,51.88282903982948],[13.138907756993257,51.879707652485095],[13.149604229950972,51.872331455536504],[13.150913369146858,51.85961035703189],[13.123460808605882,51.85799695765143],[13.124995078284366,51.849816898447],[13.159490722938793,51.80811907497981],[13.170103760557437,51.78702373483735],[13.147481828551406,51.76663853077529],[13.16227819770108,51.69230294376903],[13.023419891309088,51.63775625699588],[13.01658887902884,51.645589224198325],[13.02046625483338,51.65338694879641],[13.017520415439563,51.659965881364556],[12.996291835216676,51.66924715415187],[12.966821293593833,51.665664762356585],[12.965043141624063,51.651441027037876],[12.910707715639104,51.64499778064622],[12.863439816784537,51.66426939553097],[12.859138196265189,51.67603748260204],[12.843124589871758,51.684142275365325],[12.77134718273697,51.64739003411026],[12.716843227620547,51.661313516192514],[12.68906166636509,51.66260532438898],[12.678685651364116,51.65623597937563],[12.66484638063043,51.63165910331965],[12.618021215407033,51.614220093888704],[12.600471363328294,51.624928491234215],[12.578462066699545,51.62583986590575],[12.571604369606465,51.65194264150147],[12.5488953371028,51.66433504452895],[12.51668369395293,51.660776204177026],[12.474532582166653,51.683914187377404],[12.471010252573695,51.69354817353426],[12.475557880881636,51.70260655917313],[12.432503439776234,51.70476650084791],[12.41196559088352,51.69508422456284],[12.349381261325961,51.68401170322755],[12.324668735141213,51.72315325692298],[12.335906364643186,51.733813961895386],[12.321507654512397,51.7354401513268],[12.309979335283321,51.74266835739609],[12.295533474981413,51.78879307826985],[12.283466215395114,51.79930536759969],[12.24240082303867,51.78467289435519],[12.229145996491674,51.764548904766826],[12.194312005984836,51.76648287514045],[12.120971214728606,51.78189665889122],[12.112072377066061,51.792392606138],[12.129630495968758,51.810679245363815],[12.143848767120701,51.8664044998999],[12.113766261225253,51.87139691018426],[12.119786624700648,51.89515860936202],[12.168739837260313,51.913421311304624],[12.20985862866518,51.94135069682664],[12.211193215516342,51.96209800469325],[12.229591381646719,51.968670220128246],[12.281266519881761,51.97029246598297],[12.280126511205406,51.9794872085443],[12.262862457111126,51.98067086207078],[12.365031868108332,52.027729669872855],[12.373980283048892,52.03283501818425],[12.376122475235382,52.045119280638204],[12.440192270619228,52.01668585757069]]]}},{"type":"Feature","properties":{"district":"071 Anhalt","constituency_code":"071","state":"Saxony-Anhalt"},"geometry":{"type":"Polygon","coordinates":[[[12.292239006705904,52.10138379825152],[12.318859421777107,52.09013032105556],[12.329030218389612,52.069631588638075],[12.359777395544654,52.046500083743176],[12.376122475235382,52.045119280638204],[12.373980283048892,52.03283501818425],[12.262862457111126,51.98067086207078],[12.280126511205406,51.9794872085443],[12.281266519881761,51.97029246598297],[12.229591381646719,51.968670220128246],[12.211193215516342,51.96209800469325],[12.20985862866518,51.94135069682664],[12.168739837260313,51.913421311304624],[12.121668172906343,51.89776023556159],[12.113766261225253,51.87139691018426],[12.143848767120701,51.8664044998999],[12.129630495968758,51.810679245363815],[12.112072377066061,51.792392606138],[12.120971214728606,51.78189665889122],[12.194312005984836,51.76648287514045],[12.229145996491674,51.764548904766826],[12.24240082303867,51.78467289435519],[12.283466215395114,51.79930536759969],[12.295533474981413,51.78879307826985],[12.309979335283321,51.74266835739609],[12.321507654512397,51.7354401513268],[12.335906364643186,51.733813961895386],[12.324668735141213,51.72315325692298],[12.349381261325961,51.68401170322755],[12.41196559088352,51.69508422456284],[12.432503439776234,51.70476650084791],[12.475557880881636,51.70260655917313],[12.471010252573695,51.69354817353426],[12.474532582166653,51.683914187377404],[12.514366411719479,51.66171566801156],[12.5488953371028,51.66433504452895],[12.571604369606465,51.65194264150147],[12.578462066699545,51.62583986590575],[12.56894735769248,51.61688113416045],[12.535646753257305,51.60567928250439],[12.449960916264926,51.60681967596529],[12.427328903907226,51.59929886264504],[12.42386692265585,51.588097106240554],[12.347448200311936,51.58678037855248],[12.319375023652867,51.57757849590641],[12.313047344527783,51.568415830484454],[12.29387830999965,51.562706520919946],[12.250082120794355,51.561816659883526],[12.198939203512968,51.531320476511084],[12.186236078971332,51.53506642616538],[12.16927119869551,51.549831875752595],[12.164302147760335,51.581127548540856],[12.046280816957474,51.5843887726804],[12.031751980956292,51.59005819581227],[12.031142152246314,51.59558204132797],[12.045261067207472,51.59825951016643],[12.050328367281994,51.6113665463779],[12.039511248501093,51.64339764554826],[11.922834469389684,51.645912862194365],[11.873767788110449,51.66729612537325],[11.865443602254176,51.67539145808978],[11.856963120304982,51.673446616938165],[11.835886716726645,51.654422744230345],[11.776829791084042,51.64837230479157],[11.75594869446017,51.65114233590844],[11.74495938808691,51.64435755800224],[11.75161252554949,51.63328335430604],[11.74536079327778,51.62882367853639],[11.719763307172961,51.629036766679135],[11.708645217365993,51.642692137463634],[11.688621744746792,51.65012909864264],[11.664029995447507,51.650544802674716],[11.60447176407402,51.664414138522204],[11.603886873006177,51.67314680112785],[11.612659818213787,51.676870357619244],[11.610432538277541,51.691223641720576],[11.62706977486771,51.690211580448874],[11.634759719409493,51.6944206850355],[11.616079723011785,51.7464030126603],[11.584238890863867,51.74953276603282],[11.541327712714638,51.76128965219937],[11.530305039100973,51.7688172829783],[11.51700744833819,51.79155865767438],[11.488108517214043,51.80631439795201],[11.49032039692728,51.82395601467877],[11.483748822411334,51.840330152507036],[11.457793765033218,51.84852216449257],[11.40025920615558,51.8376011629004],[11.385886094771491,51.84078602099023],[11.382650992488387,51.851461619139464],[11.366803368209801,51.86905785216814],[11.34969095578655,51.87718799679544],[11.343561171892999,51.87582830096767],[11.340847579811777,51.9012342304793],[11.367147080148133,51.92981427151513],[11.344921477319037,51.96240407853897],[11.35894212948021,51.97613015808867],[11.384620535423394,51.9812496139736],[11.415963882352289,52.00471636550701],[11.436170308352875,52.00705110455864],[11.446834819895061,52.006786913992904],[11.450496403590845,51.98813652919921],[11.48153280878496,51.98145272947768],[11.509577284965658,51.966392926036434],[11.508839329076382,51.962674847231426],[11.59735772875187,51.965975863824006],[11.603222807849665,51.969403150193415],[11.618541718962126,51.94856894176363],[11.642186494803928,51.929542013566625],[11.696900351585295,51.92224761063392],[11.734968758871357,51.903694217521036],[11.729078226461366,51.882163324852684],[11.713347447563942,51.87175394136227],[11.724832248305729,51.86754255532099],[11.764578029630718,51.86331134424066],[11.770781670086873,51.8783597590647],[11.783994584823892,51.88142953726559],[11.815945703575139,51.87620037929004],[11.829547280007985,51.869843596830606],[11.828595151145985,51.859517407242336],[11.857465688204707,51.83753490085003],[11.872251929728225,51.853964536692814],[11.927498824477695,51.87460045285659],[11.921539217588737,51.879719313962774],[11.937400918933063,51.88076191332956],[11.966878954057043,51.86702180574936],[12.018861112450654,51.87255854557157],[12.014597963682952,51.88727865530612],[11.885070958516089,51.97732518035975],[11.883856164479102,51.98861212056641],[11.890956825923567,52.00206032190241],[11.923738871499326,52.002050870204876],[11.951541265163659,52.00812999108103],[11.964101561898065,52.02058071179162],[12.025371283279794,52.048997815997915],[12.060407451487578,52.05791916183473],[12.075557718068122,52.073050550276356],[12.134230171446978,52.069265288852776],[12.184859919075816,52.07869165440101],[12.212852014437285,52.10223435383353],[12.292239006705904,52.10138379825152]]]}},{"type":"Feature","properties":{"district":"072 Halle","constituency_code":"072","state":"Saxony-Anhalt"},"geometry":{"type":"Polygon","coordinates":[[[12.042164242121169,51.640582621689745],[12.050328367281994,51.6113665463779],[12.045261067207472,51.59825951016643],[12.031142152246314,51.59558204132797],[12.031751980956292,51.59005819581227],[12.046280816957474,51.5843887726804],[12.164302147760335,51.581127548540856],[12.16927119869551,51.549831875752595],[12.186236078971332,51.53506642616538],[12.198939203512968,51.531320476511084],[12.192288782315535,51.531344155750496],[12.19098409244631,51.520222292925624],[12.197317198347552,51.502313397545],[12.207896625587878,51.50259243090046],[12.203081768715299,51.48514114767319],[12.176485555284534,51.47478709736892],[12.153039147759483,51.45754381750336],[12.158391001736893,51.44598233684684],[12.17103233713404,51.43423427327923],[12.18248234150789,51.432379220152],[12.190285074049761,51.42101848142934],[12.183202535980449,51.410771125623],[12.032696363378783,51.424905907107785],[12.021692914403902,51.4203605095489],[12.017977132124592,51.40808038081335],[12.00897184598449,51.402878118333504],[11.953658778395319,51.40710261360732],[11.94136092750274,51.41732333381707],[11.951342627931512,51.4335507600851],[11.916023036548124,51.44177384145951],[11.868250160283434,51.47906077740029],[11.857053039064912,51.514633809200525],[11.879821359562097,51.53466903077956],[11.896130112764421,51.534845933185025],[11.900209896259264,51.543714640063754],[11.882974604829679,51.556938174855844],[11.894941544143885,51.56264595462142],[11.892858869243206,51.57866897489309],[11.902750196093198,51.59277758536949],[11.921735067090404,51.6035639624567],[11.903277454038731,51.61611191130026],[11.92376880660477,51.62481957767509],[11.956235143067133,51.62882378912643],[11.982164823919822,51.62635976011515],[11.996891748607005,51.632841625003586],[11.998665728236046,51.6463881938901],[12.042164242121169,51.640582621689745]]]}},{"type":"Feature","properties":{"district":"073 Burgenland – Saalekreis","constituency_code":"073","state":"Saxony-Anhalt"},"geometry":{"type":"Polygon","coordinates":[[[11.951470755846739,51.42996737714468],[11.94136092750274,51.41732333381707],[11.95430370810441,51.40702264808493],[12.00897184598449,51.402878118333504],[12.017977132124592,51.40808038081335],[12.021692914403902,51.4203605095489],[12.032696363378783,51.424905907107785],[12.173532762637809,51.4102569729845],[12.193544532558771,51.33251842066011],[12.147653575375422,51.31996708878118],[12.158007346631805,51.30108763182841],[12.168947867642363,51.2937568760983],[12.172255092513087,51.28568077962165],[12.168790887125782,51.269833063334666],[12.173679004053447,51.25826217294899],[12.189389324087296,51.257622726435855],[12.195671881513238,51.22344027486371],[12.187184696645716,51.19146341921198],[12.196192449508894,51.14190746296911],[12.24073219713717,51.130827551806135],[12.22459041708485,51.11932293955796],[12.221198539716175,51.10991491104279],[12.230358898839775,51.103607494953714],[12.25308424671221,51.09726786791815],[12.278574706789199,51.09928261576259],[12.284835916679365,51.09035874831506],[12.258820975453217,51.064320708552756],[12.262206674937271,51.04961074673908],[12.29348046566116,51.03129420995891],[12.28824329021581,51.01540437045815],[12.239891998834647,50.97567999053443],[12.236371525174352,50.964506436193325],[12.241725054206716,50.95638949900971],[12.225284650206994,50.943062461702254],[12.211065102144207,50.94956334119881],[12.182508063306726,50.975866043821334],[12.163207784997363,50.96648522848846],[12.163369387533422,50.95882255696513],[12.092157638902256,50.976530485829265],[12.017225755793232,50.96800055379408],[12.014309771757608,50.983904335040066],[11.97051378471646,51.01724058607922],[11.894721641334003,51.04692389463745],[11.852712593512178,51.05198110287681],[11.770148081438954,51.04887793117294],[11.732469834994777,51.0680622096414],[11.701262251478314,51.06964744086048],[11.69238246545915,51.09985159613154],[11.665392918698805,51.1105545791178],[11.571659894846228,51.1193651228266],[11.54564277955956,51.10245036618545],[11.485529673649445,51.10237926685713],[11.46315680606327,51.113066647043304],[11.460826068249693,51.14677438801474],[11.471676336510981,51.14845730591407],[11.47920541986731,51.158787176061495],[11.468567728785274,51.19265410363367],[11.4349534467752,51.211454115461784],[11.407766351841975,51.20428989758816],[11.365790890095306,51.22138871469094],[11.384017788355475,51.24540243260382],[11.397963197910201,51.23712641832623],[11.419956919078073,51.24607947616403],[11.462232083055259,51.29066584561671],[11.473866455139518,51.29457380567793],[11.495583743016534,51.28278426805617],[11.557678228178261,51.27640986496872],[11.565949552181149,51.281724714299656],[11.56737290422196,51.29548760328996],[11.581376088526431,51.3057069437195],[11.623168343986357,51.32002592932415],[11.63490070890985,51.3142172983343],[11.62930168323801,51.30603814979411],[11.632176657640342,51.30385990768998],[11.699240861123918,51.266300804222304],[11.760089088561653,51.28377599533224],[11.787608590116708,51.26368051783462],[11.789571221798521,51.254876475727706],[11.823114602041763,51.239951874630705],[11.873290033641643,51.24288378240667],[11.859977824014386,51.269368956886275],[11.823233530617228,51.27159826324761],[11.818507268504742,51.27788745856373],[11.818709725524277,51.28697361106032],[11.836733963251387,51.30382158470738],[11.847248921716224,51.332046370768275],[11.899617142122972,51.34421142494955],[11.934299369319714,51.32936802578794],[11.945837041052327,51.3194179040048],[11.957133740922052,51.295647512644564],[11.971515278948942,51.290239634973034],[11.992578085283617,51.29849529416652],[11.995212818420729,51.325287167559814],[12.03143542915931,51.339110193729205],[12.040563940309145,51.347431665285804],[12.03679149652036,51.36657660981389],[12.0234585308208,51.381571261197394],[11.994999209369407,51.38552731582843],[11.951030411753296,51.376702034896645],[11.940652274618746,51.36576733779021],[11.942469926410562,51.359688073454684],[11.919922757955812,51.355503711696656],[11.904045289690199,51.381997174346026],[11.9075836771165,51.40223730420732],[11.930516353248462,51.438800000296126],[11.950408743238798,51.4340661926925],[11.951470755846739,51.42996737714468]]]}},{"type":"Feature","properties":{"district":"074 Mansfeld","constituency_code":"074","state":"Saxony-Anhalt"},"geometry":{"type":"Polygon","coordinates":[[[11.518559170004776,51.688271635955786],[11.546610060969508,51.685030789940754],[11.583585320675423,51.700640538400435],[11.604612983452293,51.70139978814804],[11.612893169224709,51.68169960418303],[11.612659818213787,51.676870357619244],[11.603886873006177,51.67314680112785],[11.60447176407402,51.664414138522204],[11.664029995447507,51.650544802674716],[11.688621744746792,51.65012909864264],[11.708645217365993,51.642692137463634],[11.719763307172961,51.629036766679135],[11.74536079327778,51.62882367853639],[11.75161252554949,51.63328335430604],[11.74495938808691,51.64435755800224],[11.75594869446017,51.65114233590844],[11.776829791084042,51.64837230479157],[11.835886716726645,51.654422744230345],[11.856963120304982,51.673446616938165],[11.865443602254176,51.67539145808978],[11.873767788110449,51.66729612537325],[11.921943693758646,51.64610354097889],[11.95643135020744,51.64225532027179],[11.998665728236046,51.6463881938901],[11.996891748607005,51.632841625003586],[11.982164823919822,51.62635976011515],[11.956235143067133,51.62882378912643],[11.92376880660477,51.62481957767509],[11.903277454038731,51.61611191130026],[11.921735067090404,51.6035639624567],[11.902750196093198,51.59277758536949],[11.892858869243206,51.57866897489309],[11.894941544143885,51.56264595462142],[11.882974604829679,51.556938174855844],[11.900209896259264,51.543714640063754],[11.896130112764421,51.534845933185025],[11.879821359562097,51.53466903077956],[11.857053039064912,51.514633809200525],[11.868250160283434,51.47906077740029],[11.916023036548124,51.44177384145951],[11.930516353248462,51.438800000296126],[11.9075836771165,51.40223730420732],[11.904045289690199,51.381997174346026],[11.919922757955812,51.355503711696656],[11.942469926410562,51.359688073454684],[11.940652274618746,51.36576733779021],[11.951030411753296,51.376702034896645],[11.994999209369407,51.38552731582843],[12.0234585308208,51.381571261197394],[12.03679149652036,51.36657660981389],[12.040563940309145,51.347431665285804],[12.03143542915931,51.339110193729205],[11.995212818420729,51.325287167559814],[11.992578085283617,51.29849529416652],[11.971515278948942,51.290239634973034],[11.957133740922052,51.295647512644564],[11.945837041052327,51.3194179040048],[11.934299369319714,51.32936802578794],[11.899617142122972,51.34421142494955],[11.847248921716224,51.332046370768275],[11.836733963251387,51.30382158470738],[11.818709725524277,51.28697361106032],[11.818507268504742,51.27788745856373],[11.823233530617228,51.27159826324761],[11.859977824014386,51.269368956886275],[11.873290033641643,51.24288378240667],[11.85891757228047,51.23922699895363],[11.823114602041763,51.239951874630705],[11.809494354210795,51.2449461346443],[11.789571221798521,51.254876475727706],[11.787608590116708,51.26368051783462],[11.760089088561653,51.28377599533224],[11.699240861123918,51.266300804222304],[11.632176657640342,51.30385990768998],[11.62930168323801,51.30603814979411],[11.63490070890985,51.3142172983343],[11.623168343986357,51.32002592932415],[11.581376088526431,51.3057069437195],[11.56737290422196,51.29548760328996],[11.566779086713192,51.283471768821144],[11.55894701541526,51.27668634341775],[11.495583743016534,51.28278426805617],[11.473866455139518,51.29457380567793],[11.467131130758897,51.30461704177974],[11.418230631854563,51.33223687331517],[11.428868293383522,51.33981013887319],[11.405772925563644,51.34220401754689],[11.389836466829511,51.367986818843896],[11.398044306648059,51.37692762762605],[11.39685227800388,51.38133072292048],[11.378316571089433,51.38723810569684],[11.331220870102465,51.390342865650794],[11.321404516129013,51.41079983196984],[11.274318773597905,51.40075452199981],[11.153196478246413,51.40206579175337],[11.061390454883473,51.42979197206799],[11.008130368898918,51.416115853404925],[10.994322393200857,51.417902121753585],[11.000899457781681,51.42330843738635],[10.995530161448277,51.427163869633134],[10.97811322518605,51.42688507885303],[10.969317021911353,51.48016376570182],[10.953646147151582,51.498209661006946],[10.938535782774894,51.53545008096775],[10.896674603028272,51.560707737961536],[10.88124862968573,51.580218003425934],[10.889284775591962,51.59641236128379],[10.895954881111365,51.59935899884052],[10.903331296452707,51.59382821379182],[10.930482087237271,51.593399460323354],[10.937419782822959,51.602955179548466],[10.916059109626026,51.616374051665304],[10.931689837265283,51.62958761987817],[10.96444318739837,51.63361073470946],[11.026286618437684,51.62460691616593],[11.040401492083786,51.60568654424033],[11.08486970246687,51.60208295798484],[11.12461727851811,51.59179416473741],[11.138853680825125,51.58210954036758],[11.133972964215607,51.577952405150015],[11.121759103367262,51.58340638874266],[11.112682104285394,51.57740810749113],[11.126062855939445,51.566523857356586],[11.14110369259727,51.56746870931469],[11.156976511564617,51.57303133452871],[11.162828272622418,51.5833178362221],[11.184335844915706,51.59233574631643],[11.213592081872898,51.59001229626643],[11.233837669948992,51.59697761046702],[11.247579817635705,51.622909926026054],[11.245837826972503,51.62954249479038],[11.235005588393637,51.62744218665766],[11.233743711557645,51.64250141297122],[11.29454568382077,51.65070009427057],[11.328506894613504,51.66842432715723],[11.340951307440035,51.683459874199905],[11.391772360195228,51.70601118978044],[11.39011857747629,51.71403064835133],[11.401613431906553,51.72993963458351],[11.509813454508741,51.71107267940173],[11.517341446871393,51.70314496351441],[11.518559170004776,51.688271635955786]]]}},{"type":"Feature","properties":{"district":"075 Berlin-Mitte","constituency_code":"075","state":"Berlin"},"geometry":{"type":"Polygon","coordinates":[[[13.416533488127815,52.52694199993224],[13.428564331221825,52.52148626628675],[13.427199504872112,52.50566588492207],[13.378940144615717,52.50692991860107],[13.369527619760781,52.4988695087094],[13.34142000605155,52.50486741946006],[13.32642143948598,52.52397080823991],[13.316647824894357,52.52096297994087],[13.311413141441594,52.53561428745558],[13.32859410205528,52.538623449013436],[13.31793416170088,52.54823777358654],[13.301530060612858,52.54880588323173],[13.30966950590189,52.55772186082224],[13.337100565863222,52.56445563712843],[13.377885688397674,52.563503169011895],[13.38856142498916,52.56781984990442],[13.408743777675905,52.52909980437538],[13.416533488127815,52.52694199993224]]]}},{"type":"Feature","properties":{"district":"076 Berlin-Pankow","constituency_code":"076","state":"Berlin"},"geometry":{"type":"Polygon","coordinates":[[[13.478789977750706,52.67345251973579],[13.47564769459542,52.666280655470445],[13.51278152882926,52.64556194904294],[13.512277921494594,52.62798931261065],[13.505817350999408,52.62582838106066],[13.496752285029753,52.60509353769859],[13.505146275039147,52.59645053886429],[13.480477595774623,52.58353230069026],[13.479916469099855,52.57262925760189],[13.487288902463714,52.561287412462484],[13.479644749035447,52.54754597997592],[13.467578290860782,52.538455540799454],[13.431516185741335,52.55218454375495],[13.416533488127815,52.52694199993224],[13.408743777675905,52.52909980437538],[13.38856142498916,52.56781984990442],[13.347557072312359,52.5900830929587],[13.360648522244011,52.591267960755204],[13.370563836745765,52.59947012141705],[13.37628436851279,52.6111278973353],[13.366477095112865,52.62580534479267],[13.398539842846086,52.64819457168355],[13.424365185138992,52.635630458996474],[13.432682991404231,52.63750761878058],[13.4508409167697,52.66272217319964],[13.478789977750706,52.67345251973579]]]}},{"type":"Feature","properties":{"district":"077 Berlin-Reinickendorf","constituency_code":"077","state":"Berlin"},"geometry":{"type":"Polygon","coordinates":[[[13.366477095112865,52.62580534479267],[13.37621077268345,52.607738122731156],[13.360648522244011,52.591267960755204],[13.347557072312359,52.5900830929587],[13.38856142498916,52.56781984990442],[13.377885688397674,52.563503169011895],[13.337100565863222,52.56445563712843],[13.30966950590189,52.55772186082224],[13.301530060612858,52.54880588323173],[13.25561658831822,52.54986329417343],[13.233154808661016,52.559977054139],[13.20168735541237,52.60527272938347],[13.220683272299619,52.62817871956691],[13.257332668809795,52.62777953144496],[13.282440708780431,52.64129535699535],[13.285838400683277,52.660212716143235],[13.310033892499927,52.657376006810736],[13.30311183689802,52.63666918708803],[13.308309029291422,52.62969153270796],[13.336480521316973,52.62267108758592],[13.366477095112865,52.62580534479267]]]}},{"type":"Feature","properties":{"district":"078 Berlin-Spandau – Charlottenburg Nord","constituency_code":"078","state":"Berlin"},"geometry":{"type":"Polygon","coordinates":[[[13.163798979855981,52.59819634416189],[13.217336441211213,52.58745559156319],[13.217958047795229,52.57854022367832],[13.228147080677157,52.56325028346239],[13.25177509306018,52.55086756431747],[13.31793416170088,52.54823777358654],[13.32859410205528,52.538623449013436],[13.311413141441594,52.53561428745558],[13.317342623346693,52.5206029354484],[13.292667943591884,52.531428163063175],[13.221816046044152,52.52564155263174],[13.18981060784334,52.484333925537335],[13.18530437230373,52.46257829823394],[13.177410970202297,52.455915532863294],[13.12312698130178,52.43939474350868],[13.109223275780403,52.45061950792878],[13.117798300646697,52.47896793571966],[13.166457605649082,52.510124288750845],[13.14301019270918,52.519675524422716],[13.11739292064967,52.51699532488811],[13.13061743899468,52.55635396848784],[13.14566477934682,52.5529113565513],[13.152953085829068,52.57278142496514],[13.149603265717323,52.58331095394138],[13.132092465348011,52.57969904129547],[13.128987290579737,52.58744210212446],[13.163798979855981,52.59819634416189]]]}},{"type":"Feature","properties":{"district":"079 Berlin-Steglitz-Zehlendorf","constituency_code":"079","state":"Berlin"},"geometry":{"type":"Polygon","coordinates":[[[13.319981744530722,52.466979976967394],[13.336273653441236,52.46741565314724],[13.356457757281252,52.45485693975621],[13.369752217880702,52.42815650456151],[13.363391027196787,52.42148240441122],[13.312119899719477,52.39959959038373],[13.296871181581226,52.41393212480128],[13.282679209491183,52.409113734326645],[13.247925643862272,52.41546609691061],[13.24579729180121,52.42080114536857],[13.222287981570853,52.42035668018485],[13.159345750206485,52.402879947455546],[13.157827476336164,52.39636215582533],[13.16589784383367,52.39427552402294],[13.132249469048864,52.389402026305454],[13.090635996836307,52.41181388304983],[13.088333218284498,52.41961143446511],[13.12312698130178,52.43939474350868],[13.177410970202297,52.455915532863294],[13.188169884592096,52.47183626744778],[13.319981744530722,52.466979976967394]]]}},{"type":"Feature","properties":{"district":"080 Berlin-Charlottenburg-Wilmersdorf","constituency_code":"080","state":"Berlin"},"geometry":{"type":"Polygon","coordinates":[[[13.317342623346693,52.5206029354484],[13.326968536243948,52.52368550000754],[13.34142000605155,52.50486741946006],[13.319981744530722,52.466979976967394],[13.188169884592096,52.47183626744778],[13.18981060784334,52.484333925537335],[13.221816046044152,52.52564155263174],[13.292667943591884,52.531428163063175],[13.317342623346693,52.5206029354484]]]}},{"type":"Feature","properties":{"district":"081 Berlin-Tempelhof-Schöneberg","constituency_code":"081","state":"Berlin"},"geometry":{"type":"Polygon","coordinates":[[[13.369527619760781,52.4988695087094],[13.37156800392521,52.48494999607954],[13.407457466795274,52.48614885734315],[13.41654365543001,52.45169787269461],[13.403888404197724,52.42387164524444],[13.40504783029075,52.41309149596875],[13.419588319401578,52.41007440714132],[13.427585365209051,52.38682399145787],[13.420984876556524,52.37624714149739],[13.388520781446474,52.37796846522722],[13.343028477668543,52.40767416821572],[13.343248652577017,52.411619937947094],[13.363582748203253,52.42161854314541],[13.369192838515412,52.43307370189873],[13.356457757281252,52.45485693975621],[13.336273653441236,52.46741565314724],[13.319981744530722,52.466979976967394],[13.34142000605155,52.50486741946006],[13.369527619760781,52.4988695087094]]]}},{"type":"Feature","properties":{"district":"082 Berlin-Neukölln","constituency_code":"082","state":"Berlin"},"geometry":{"type":"Polygon","coordinates":[[[13.439656348770294,52.48990846261108],[13.458134686896779,52.48581944761826],[13.478413964065913,52.465132375532704],[13.474950240311653,52.45919312581915],[13.456993134081557,52.45919569887129],[13.463760986968738,52.45031113425036],[13.519606001819652,52.42462960649551],[13.523480338927827,52.41166873987956],[13.51600982243763,52.40143965297308],[13.486660173972986,52.397430510892704],[13.478503721539628,52.40090924629273],[13.468337476278373,52.41943196673069],[13.46232160330705,52.42062443558006],[13.419588319401578,52.41007440714132],[13.40504783029075,52.41309149596875],[13.403888404197724,52.42387164524444],[13.41654365543001,52.45169787269461],[13.407457466795274,52.48614885734315],[13.439656348770294,52.48990846261108]]]}},{"type":"Feature","properties":{"district":"083 Berlin-Friedrichshain-Kreuzberg – Prenzlauer Berg Ost","constituency_code":"083","state":"Berlin"},"geometry":{"type":"Polygon","coordinates":[[[13.467578290860782,52.538455540799454],[13.473080213542593,52.4989898752617],[13.490651850491957,52.48745588127473],[13.452681508131947,52.497572380655406],[13.439656348770294,52.48990846261108],[13.400384856392362,52.48373167911839],[13.37156800392521,52.48494999607954],[13.368677870362434,52.49738491913294],[13.378940144615717,52.50692991860107],[13.427199504872112,52.50566588492207],[13.428564331221825,52.52148626628675],[13.416533488127815,52.52694199993224],[13.430220963321688,52.551706079540125],[13.467578290860782,52.538455540799454]]]}},{"type":"Feature","properties":{"district":"084 Berlin-Treptow-Köpenick","constituency_code":"084","state":"Berlin"},"geometry":{"type":"Polygon","coordinates":[[[13.490651850491957,52.48745588127473],[13.525579837750573,52.47232724158926],[13.566632818019242,52.47372183665116],[13.586346084265127,52.4811162378441],[13.611572148712348,52.470614294184756],[13.64821501048122,52.47878195943353],[13.678786951702971,52.469373096218085],[13.701324133466064,52.468145481822205],[13.750536118173605,52.44145895559191],[13.69066476057835,52.38557049380329],[13.700507628978576,52.377952340985],[13.69190935342734,52.36789206464511],[13.668992721281924,52.36448440108956],[13.647136898099033,52.367770160379095],[13.643364633327428,52.37739092522035],[13.592762116600076,52.39416968646638],[13.564905286408838,52.38828583982868],[13.535663613608596,52.389010454701086],[13.51600982243763,52.40143965297308],[13.523480338927827,52.41166873987956],[13.519606001819652,52.42462960649551],[13.463760986968738,52.45031113425036],[13.456993134081557,52.45919569887129],[13.474950240311653,52.45919312581915],[13.478413964065913,52.465132375532704],[13.458134686896779,52.48581944761826],[13.439656348770294,52.48990846261108],[13.454067060398135,52.497558231770824],[13.490651850491957,52.48745588127473]]]}},{"type":"Feature","properties":{"district":"085 Berlin-Marzahn-Hellersdorf","constituency_code":"085","state":"Berlin"},"geometry":{"type":"Polygon","coordinates":[[[13.610827433902417,52.544235576586715],[13.656895567549093,52.52986951131086],[13.658572464460777,52.52581115156643],[13.633318830351076,52.51182618711024],[13.611572148712348,52.470614294184756],[13.586346084265127,52.4811162378441],[13.552525247642699,52.47364918341218],[13.537329545260716,52.512104121416414],[13.518760006867552,52.51402799350587],[13.518707200285583,52.532590419045334],[13.525922078473574,52.55451383304357],[13.549633057943728,52.56866638447614],[13.57556293610679,52.57376157678781],[13.581539702000132,52.57088194154864],[13.587114258139376,52.55660881020382],[13.610827433902417,52.544235576586715]]]}},{"type":"Feature","properties":{"district":"086 Berlin-Lichtenberg","constituency_code":"086","state":"Berlin"},"geometry":{"type":"Polygon","coordinates":[[[13.567277363178762,52.57404416096127],[13.525922078473574,52.55451383304357],[13.518707200285583,52.532590419045334],[13.518760006867552,52.51402799350587],[13.537329545260716,52.512104121416414],[13.552525247642699,52.47364918341218],[13.512631492997375,52.47561273677732],[13.473080213542593,52.4989898752617],[13.467578290860782,52.538455540799454],[13.479644749035447,52.54754597997592],[13.487288902463714,52.561287412462484],[13.479689478745073,52.58009220470626],[13.486944860290546,52.58883847958309],[13.505146275039147,52.59645053886429],[13.54711210058383,52.587884764963945],[13.567277363178762,52.57404416096127]]]}},{"type":"Feature","properties":{"district":"087 Aachen I","constituency_code":"087","state":"North Rhine-Westphalia"},"geometry":{"type":"MultiPolygon","coordinates":[[[[6.1925603745801165,50.66347374395056],[6.195221783949194,50.65719324205195],[6.186971555006999,50.65180217180257],[6.166437826450517,50.66163330013328],[6.1925603745801165,50.66347374395056]]],[[[6.057380571030066,50.85257267563736],[6.0632696444519505,50.82667565883051],[6.076853881876203,50.809239061037715],[6.158452903725667,50.805735336066526],[6.185475786479105,50.79502740083592],[6.1979616372485395,50.73157823184357],[6.216912519019525,50.698485193345064],[6.194321529016146,50.67817810566684],[6.19323976470356,50.664077451886975],[6.165810870987533,50.66227676507212],[6.145372728021879,50.681319763844286],[6.143717005395804,50.68887370415914],[6.115293948542888,50.72211402013204],[6.073189034835056,50.720952264160665],[6.048698811493602,50.726412551350535],[6.021394330704274,50.753113843452695],[6.018323663433491,50.76317216150099],[6.0271030250127255,50.774463930163265],[5.974804741491855,50.797970737454065],[5.985055166204245,50.810486122815036],[6.003484267817262,50.801313730960395],[6.025050640364321,50.814164496619284],[6.023972173273066,50.82493092797425],[6.016527831678426,50.83380181552842],[6.019115028798845,50.846395578647005],[6.054463580231411,50.857166240008944],[6.057380571030066,50.85257267563736]]]]}},{"type":"Feature","properties":{"district":"088 Aachen II","constituency_code":"088","state":"North Rhine-Westphalia"},"geometry":{"type":"MultiPolygon","coordinates":[[[[6.206185874846198,50.52233639375426],[6.192200701029755,50.5210556148229],[6.18726226514589,50.527089871992466],[6.196163174672761,50.53100987929885],[6.206185874846198,50.52233639375426]]],[[[6.2390323419862765,50.578126288681894],[6.235350581747573,50.5661925371954],[6.209670619704845,50.55427123159189],[6.197850354531929,50.540347270242385],[6.178032319400618,50.54160669884207],[6.176083581777861,50.55611691057884],[6.225180521575911,50.59045702613662],[6.2402523021259295,50.58726517498077],[6.2390323419862765,50.578126288681894]]],[[[6.243663584800344,50.640926458389046],[6.264251940012829,50.64223307725614],[6.272980910823285,50.62862856136385],[6.1801523513131595,50.628509783661165],[6.166852524947283,50.643874744030235],[6.18285574548804,50.64709681015341],[6.18469577913622,50.64129802867046],[6.18695474792984,50.63985919365503],[6.201999795228982,50.639320463408154],[6.222336816684625,50.64041796649459],[6.231753888506116,50.64857141684998],[6.243663584800344,50.640926458389046]]],[[[6.19844268749867,50.94801714604191],[6.2201419787980585,50.94261719491919],[6.229617203194241,50.93498944387704],[6.228611302604287,50.92081639986994],[6.2002224116921205,50.902333635468466],[6.199846875978662,50.89761500126686],[6.230164979995072,50.86345790779696],[6.267630428009683,50.86895794086458],[6.299155234684834,50.884639844155906],[6.321172177932265,50.867626486376075],[6.335914533081994,50.81999211527684],[6.3221487520646935,50.79988182672677],[6.298368603862077,50.79203767383259],[6.314201750182461,50.7718646867942],[6.342690637100605,50.779577548979844],[6.35254403851717,50.78896062830272],[6.355904938681086,50.78458395264042],[6.3556670243825035,50.762180938869186],[6.286162950705922,50.68638407183124],[6.28459559677715,50.677666024438906],[6.333239395803188,50.65755736402408],[6.374716214255606,50.66114531161922],[6.409761954471191,50.644331934858435],[6.409693408869864,50.63095220534819],[6.392603483713838,50.62425127818318],[6.393055989646108,50.61245060131527],[6.396060617825394,50.60719570455876],[6.408949769846484,50.60409368757062],[6.4192211201692,50.60889994735968],[6.418782735848762,50.602891820158945],[6.365016196361264,50.56192072241983],[6.365880677412173,50.53420429862888],[6.3797667172367225,50.533710289409484],[6.369719583551792,50.51841809888108],[6.31555583486779,50.497042264078274],[6.308940176931193,50.501367906984825],[6.269788198203825,50.504589766893716],[6.222558521773033,50.501502328090226],[6.2102099881692805,50.513133522001866],[6.207131583780717,50.523812110176706],[6.196995434332874,50.53103194899681],[6.198815789234945,50.539940321415756],[6.211706062112635,50.5545993226749],[6.227084517209331,50.55846900588377],[6.2362750225836034,50.566452039454404],[6.247746416171758,50.603710347553644],[6.2599661609129225,50.60981982742342],[6.269076978243267,50.619166651706266],[6.274018800994722,50.63046904537116],[6.265598048257748,50.64270602160936],[6.24392196343924,50.64151279151229],[6.232295715311201,50.64931245616832],[6.221698297525484,50.64089002224242],[6.185442830186488,50.64195685535982],[6.183974263878287,50.647111568717925],[6.196685411647023,50.65700441349828],[6.194321529016146,50.67817810566684],[6.216912519019525,50.698485193345064],[6.1979616372485395,50.73157823184357],[6.185475786479105,50.79502740083592],[6.158452903725667,50.805735336066526],[6.076853881876203,50.809239061037715],[6.0632696444519505,50.82667565883051],[6.057597463542268,50.85134606759332],[6.073980155455227,50.846780257187554],[6.088189822727509,50.87243381233476],[6.075293100430368,50.892827890077854],[6.081927790163722,50.9102787560177],[6.0871364388665254,50.91292847070101],[6.137836034470261,50.89821363080601],[6.153589522058809,50.91370313302871],[6.150223128953482,50.91889495168153],[6.160046101183863,50.93660360061065],[6.176707849672005,50.9465439922068],[6.19844268749867,50.94801714604191]]]]}},{"type":"Feature","properties":{"district":"089 Heinsberg","constituency_code":"089","state":"North Rhine-Westphalia"},"geometry":{"type":"Polygon","coordinates":[[[6.291978293134274,51.17545310523996],[6.300618193397624,51.152495250099676],[6.319034649222934,51.150082982106944],[6.331800783465104,51.14246484650796],[6.333627120701407,51.13476194971759],[6.354049283405098,51.12633323158334],[6.348398209368246,51.119734128827375],[6.3511011004661935,51.10493406124788],[6.360387275254453,51.09554044354518],[6.4195593687293595,51.086163082989266],[6.45075375421061,51.08987248440797],[6.477169230476626,51.056112982535595],[6.459586271333578,51.042970552664706],[6.430486898817511,51.03447859692781],[6.398997484480761,51.03421237059381],[6.372104185932913,51.02599017696569],[6.3617154720721105,51.016555807906535],[6.284646549850305,51.01063702912891],[6.2301428295526,50.98710174022667],[6.195699254347562,50.967131065972445],[6.1944939878495076,50.95013322100535],[6.176707849672005,50.9465439922068],[6.160046101183863,50.93660360061065],[6.150223128953482,50.91889495168153],[6.153589522058809,50.91370313302871],[6.137836034470261,50.89821363080601],[6.089304111578961,50.90962164509888],[6.088998091017853,50.918695825127024],[6.083074852898581,50.92130110452282],[6.018160184503677,50.934436768800865],[6.011936825891665,50.96013957429149],[6.026127785066923,50.98348309053989],[5.903812807067096,50.98749548626612],[5.9055523744805205,51.00193409881309],[5.879748844293557,51.01741033954704],[5.8671144082069,51.04741584678308],[5.86757075057448,51.05171622769941],[5.892738451068201,51.05335427132153],[5.9133403722983635,51.0664363452831],[5.937551415401564,51.03651133765557],[5.9538384563937585,51.036490130202914],[5.967903396565119,51.04485380955419],[5.971168001566694,51.05898919992379],[5.985012111405464,51.073381409730075],[6.009346630293821,51.090817220165],[6.035504435093078,51.09622937677413],[6.075570005747322,51.11943381707088],[6.092905101166417,51.13469155717569],[6.160565438029919,51.14933968446903],[6.175415266768045,51.15847977148415],[6.138811262808909,51.1733331227746],[6.174811770117242,51.18451333936952],[6.209772968188648,51.16631698750369],[6.268480739187092,51.18076877109244],[6.291978293134274,51.17545310523996]]]}},{"type":"Feature","properties":{"district":"090 Düren","constituency_code":"090","state":"North Rhine-Westphalia"},"geometry":{"type":"Polygon","coordinates":[[[6.459586271333578,51.042970552664706],[6.479985187900582,51.03372816371589],[6.463996614082901,51.02074024008689],[6.458340907074807,51.0080608259948],[6.479394935798786,50.958872529270145],[6.5186629261972735,50.91826065371621],[6.51940487099178,50.89580441705943],[6.550799493738348,50.890694868857075],[6.5531011717374055,50.8654446476758],[6.560289535294897,50.85807501766498],[6.609991242056212,50.83470330879727],[6.636587863433616,50.82762730605368],[6.653420251375127,50.835673935548726],[6.706284470110126,50.83505418812049],[6.710201796736132,50.8194516365784],[6.712491291767367,50.78765082775838],[6.678411286693707,50.77410760867679],[6.699884521293342,50.74950595641241],[6.70045264798799,50.73138827323669],[6.678085206127623,50.71452444497562],[6.640957065233958,50.72675302283312],[6.587571237227498,50.70591275613033],[6.5854221909853,50.699226457231234],[6.601490121353255,50.673152858591074],[6.566652605194089,50.65631252551235],[6.574880864606266,50.64054472875799],[6.560880400146648,50.604260359081856],[6.549456819341026,50.59886907231822],[6.490922843832705,50.600436979591976],[6.466072084844839,50.61244801659265],[6.42201039847976,50.61971433141079],[6.414837025388361,50.6054286458954],[6.396060617825394,50.60719570455876],[6.392603483713838,50.62425127818318],[6.4078677365201475,50.628684427077204],[6.409761954471191,50.644331934858435],[6.374716214255606,50.66114531161922],[6.333239395803188,50.65755736402408],[6.2881878718772555,50.673380906067315],[6.286162950705922,50.68638407183124],[6.3556670243825035,50.762180938869186],[6.355904938681086,50.78458395264042],[6.35254403851717,50.78896062830272],[6.342690637100605,50.779577548979844],[6.314201750182461,50.7718646867942],[6.298368603862077,50.79203767383259],[6.3221487520646935,50.79988182672677],[6.335914533081994,50.81999211527684],[6.321172177932265,50.867626486376075],[6.299155234684834,50.884639844155906],[6.267630428009683,50.86895794086458],[6.230164979995072,50.86345790779696],[6.199846875978662,50.89761500126686],[6.2002224116921205,50.902333635468466],[6.228611302604287,50.92081639986994],[6.229617203194241,50.93498944387704],[6.2201419787980585,50.94261719491919],[6.1944939878495076,50.95013322100535],[6.195699254347562,50.967131065972445],[6.2301428295526,50.98710174022667],[6.284646549850305,51.01063702912891],[6.3617154720721105,51.016555807906535],[6.372104185932913,51.02599017696569],[6.398997484480761,51.03421237059381],[6.430486898817511,51.03447859692781],[6.459586271333578,51.042970552664706]]]}},{"type":"Feature","properties":{"district":"091 Rhein-Erft-Kreis I","constituency_code":"091","state":"North Rhine-Westphalia"},"geometry":{"type":"Polygon","coordinates":[[[6.773632464270099,51.064390011457064],[6.773969786670522,51.05806753963328],[6.795918664169537,51.03869545838271],[6.807903774359192,51.03407597710273],[6.828300721161113,51.03468447569739],[6.8419798452794724,51.024655839250606],[6.845046741065146,50.988492816653654],[6.818989568688022,50.96526946521842],[6.8088101645665775,50.94864764633787],[6.818231555100873,50.93338673477486],[6.856956248922782,50.90430333579784],[6.879426192713473,50.90957292692469],[6.918886120962657,50.89193252555415],[6.912960907422317,50.88289463652564],[6.919292420385504,50.85412868424243],[6.9158403908536545,50.85146380458192],[6.842203662597985,50.836906683395206],[6.8294837062128,50.8417829682697],[6.81184079249899,50.85936735041794],[6.7741204015383145,50.836279618433984],[6.727390082437398,50.86181558616999],[6.689924944055663,50.847536950950726],[6.686526375886245,50.83587495207342],[6.653420251375127,50.835673935548726],[6.636587863433616,50.82762730605368],[6.609991242056212,50.83470330879727],[6.566667494108633,50.85319145364389],[6.555688233322804,50.86230683491383],[6.550799493738348,50.890694868857075],[6.51940487099178,50.89580441705943],[6.5186629261972735,50.91826065371621],[6.479394935798786,50.958872529270145],[6.458785872633648,51.00398833333445],[6.463996614082901,51.02074024008689],[6.484403034701002,51.0424407788724],[6.518895448853869,51.05836560885238],[6.534745251054795,51.05927529471253],[6.552367131409501,51.04728540989978],[6.55026060131483,51.03495152711056],[6.56395459436982,51.022629395189746],[6.579025669804848,51.018083004424916],[6.634026374677422,51.02486805902858],[6.715383549559871,51.015088819501145],[6.755268665723338,51.05881064190787],[6.753189038769619,51.06596004697064],[6.773632464270099,51.064390011457064]]]}},{"type":"Feature","properties":{"district":"092 Euskirchen – Rhein-Erft-Kreis II","constituency_code":"092","state":"North Rhine-Westphalia"},"geometry":{"type":"Polygon","coordinates":[[[6.76400040500441,50.83863890168125],[6.7741204015383145,50.836279618433984],[6.81184079249899,50.85936735041794],[6.8294837062128,50.8417829682697],[6.842203662597985,50.836906683395206],[6.919292420385504,50.85412868424243],[6.9312134884797425,50.83749748398723],[6.956038056389466,50.83524969856055],[6.980936267286648,50.84091588277097],[6.979741974384025,50.83401566137269],[6.985961432113928,50.827980736288595],[7.018403121168611,50.821912153496704],[7.029316191440917,50.81170310202548],[7.030181391540803,50.8006676909716],[6.996685851277636,50.79340000053212],[6.933826409005554,50.805265654714276],[6.8642164345074175,50.784960463107254],[6.864217924244299,50.76309670439842],[6.872550172632408,50.753313412813085],[6.882148052097366,50.74601948474246],[6.898879865698696,50.74759499906075],[6.915831923843841,50.734131061672976],[6.894732193288052,50.71530594233565],[6.870645192672296,50.70866141364757],[6.8600344183688495,50.65518621406579],[6.875922218969344,50.637992748994186],[6.915503344022251,50.629476667904434],[6.911756651161265,50.606879500529566],[6.884192141342942,50.599407287372834],[6.890838777729771,50.577292367115355],[6.9217981456567985,50.56612249698143],[6.927901086171796,50.55861862328238],[6.925862030774263,50.54402518080115],[6.900754710726103,50.53078556620809],[6.882098443990073,50.526949439679605],[6.8885540821069675,50.50700901795752],[6.901057685900394,50.49741902052526],[6.905593791409319,50.485048083783205],[6.901481603326949,50.4690919759998],[6.852808168446665,50.457551512598386],[6.8120695053565665,50.4722439957672],[6.800937204691792,50.491319165273474],[6.744603261073074,50.47263045803014],[6.743243953648134,50.467748100195195],[6.760600169182765,50.431537682538945],[6.7811563665368135,50.417015420791884],[6.77930745599879,50.404972998763554],[6.769311744591731,50.39274797731276],[6.800711449548907,50.361781335286366],[6.770885566452566,50.36121315069783],[6.735975341465739,50.353263230050935],[6.702593855510878,50.33890091461822],[6.686767538092816,50.35837876715926],[6.667350810806623,50.37196775696595],[6.656014745142149,50.36743542649903],[6.654226468255384,50.35107678768629],[6.636206238137717,50.345372149698974],[6.622245135182474,50.35365915537632],[6.625475002213031,50.371707126796565],[6.603085713943119,50.388222203768876],[6.513316524960407,50.357587562015915],[6.486945585359484,50.34311649508399],[6.451615286676581,50.336424100708754],[6.46116214048866,50.3590268588341],[6.44815352951399,50.37152663511347],[6.413042933799938,50.38948595994278],[6.3940980458019165,50.385906043647424],[6.392136821528535,50.38115347904953],[6.399330109181177,50.36308851765861],[6.428802097100205,50.32704403272539],[6.425294811828182,50.3230119512851],[6.40502825556346,50.32330869165083],[6.407870067881177,50.33513396017642],[6.398321002231869,50.345660944041455],[6.342218727971751,50.380005524560595],[6.369877124194496,50.40893069277273],[6.37762339755579,50.439388971630244],[6.3744303973896255,50.45226940618214],[6.34046379718454,50.462203140639616],[6.338261411287281,50.47524497237134],[6.3481137797197755,50.486937798553974],[6.31555583486779,50.497042264078274],[6.369719583551792,50.51841809888108],[6.3797667172367225,50.533710289409484],[6.365880677412173,50.53420429862888],[6.365016196361264,50.56192072241983],[6.418782735848762,50.602891820158945],[6.4210414553720225,50.61947982482441],[6.466072084844839,50.61244801659265],[6.490922843832705,50.600436979591976],[6.549456819341026,50.59886907231822],[6.560880400146648,50.604260359081856],[6.575726336758999,50.64481736230895],[6.566652605194089,50.65631252551235],[6.601490121353255,50.673152858591074],[6.5854221909853,50.699226457231234],[6.587571237227498,50.70591275613033],[6.640957065233958,50.72675302283312],[6.678085206127623,50.71452444497562],[6.70045264798799,50.73138827323669],[6.699884521293342,50.74950595641241],[6.678411286693707,50.77410760867679],[6.712491291767367,50.78765082775838],[6.706284470110126,50.83505418812049],[6.686526375886245,50.83587495207342],[6.689924944055663,50.847536950950726],[6.727390082437398,50.86181558616999],[6.76400040500441,50.83863890168125]]]}},{"type":"Feature","properties":{"district":"093 Köln I","constituency_code":"093","state":"North Rhine-Westphalia"},"geometry":{"type":"Polygon","coordinates":[[[7.0862781788053075,50.95795037337657],[7.1251091575116225,50.944059728068886],[7.140071613867847,50.92130927029878],[7.136711844072609,50.88387848842514],[7.161282089005438,50.867294283217596],[7.083738417768153,50.831270480454826],[7.062354847045563,50.829630031725934],[7.061270096523501,50.844173981118324],[7.051048560850186,50.850155684287685],[7.027095184184956,50.847000369326],[7.022824084829868,50.83942319921122],[6.998204336884232,50.83614264351071],[6.987075659272111,50.83922019859579],[6.983087870727643,50.8433848036872],[7.0472490686748746,50.876038648726585],[7.051430884049316,50.885673957633784],[7.040179716805314,50.89330044070868],[6.994289287580921,50.897383148448846],[6.9771416596154,50.911977095188604],[6.96417557955706,50.9354165530811],[6.924678997811158,50.939323133820096],[6.9393520793756815,50.95375796869955],[6.960497579142369,50.959224958584244],[6.975949397754125,50.954288986643554],[6.977845211823711,50.94704012393062],[6.983519889851043,50.94498563825717],[7.0862781788053075,50.95795037337657]]]}},{"type":"Feature","properties":{"district":"094 Köln II","constituency_code":"094","state":"North Rhine-Westphalia"},"geometry":{"type":"Polygon","coordinates":[[[6.924678997811158,50.939323133820096],[6.96417557955706,50.9354165530811],[6.9771416596154,50.911977095188604],[6.98896153172733,50.900539002670754],[7.000880073130707,50.895450405607875],[7.040179716805314,50.89330044070868],[7.049427797988929,50.888300875681345],[7.05131023727644,50.88031680147028],[6.980936267286648,50.84091588277097],[6.956038056389466,50.83524969856055],[6.9312134884797425,50.83749748398723],[6.917722991739654,50.86101657610314],[6.912960907422317,50.88289463652564],[6.918886120962657,50.89193252555415],[6.879426192713473,50.90957292692469],[6.856956248922782,50.90430333579784],[6.844307767996086,50.910058951785174],[6.822461308276465,50.92772943517737],[6.8088101645665775,50.94864764633787],[6.832377051803911,50.97756433768177],[6.853548727358232,50.96996956002739],[6.875217565527271,50.94763415132878],[6.924678997811158,50.939323133820096]]]}},{"type":"Feature","properties":{"district":"095 Köln III","constituency_code":"095","state":"North Rhine-Westphalia"},"geometry":{"type":"Polygon","coordinates":[[[6.853487489021123,51.08425593953573],[6.966668147174365,51.03055783695213],[6.974007891104053,51.018583814451965],[6.962818741795087,50.99617085300082],[6.973111660095766,50.98655329635273],[6.996278339003116,50.97712665499313],[6.995680626491459,50.964047459858115],[6.975949397754125,50.954288986643554],[6.960497579142369,50.959224958584244],[6.9393520793756815,50.95375796869955],[6.924678997811158,50.939323133820096],[6.875217565527271,50.94763415132878],[6.853548727358232,50.96996956002739],[6.832377051803911,50.97756433768177],[6.845046741065146,50.988492816653654],[6.8395009377342895,51.0285507344213],[6.819760671498398,51.03715367771819],[6.807903774359192,51.03407597710273],[6.797829923487823,51.03766613516775],[6.772376038065983,51.06259311217517],[6.787360592446889,51.06880985509747],[6.800202802927449,51.059299430750016],[6.804759524749423,51.048417291460595],[6.8132040407709775,51.046108234613925],[6.8175732097786765,51.053885689137815],[6.831033661529167,51.05862522799973],[6.82313007196409,51.07408719027809],[6.843085261224817,51.08394830220566],[6.853487489021123,51.08425593953573]]]}},{"type":"Feature","properties":{"district":"096 Bonn","constituency_code":"096","state":"North Rhine-Westphalia"},"geometry":{"type":"Polygon","coordinates":[[[7.2108718641092615,50.64954362321462],[7.195200521232583,50.642723209423814],[7.181168377572613,50.652288166147606],[7.106215516740202,50.65900163816456],[7.074340555939071,50.638029004376534],[7.056285507006508,50.63424635167241],[7.026879245843315,50.654951589609986],[7.024341991792154,50.66200938036979],[7.040728239622073,50.67622915942881],[7.028916532627205,50.713147992485865],[7.036550904730183,50.75764891890248],[7.065658278388064,50.77176542531827],[7.101097054158123,50.761659469118456],[7.111600274585877,50.77072207629304],[7.1252652973313255,50.7744354653135],[7.203627600629122,50.74458239279144],[7.209449539000409,50.736912223433144],[7.191262592488075,50.72659467206961],[7.168237685628777,50.70348964227126],[7.176563878226886,50.687114469092165],[7.2108718641092615,50.64954362321462]]]}},{"type":"Feature","properties":{"district":"097 Rhein-Sieg-Kreis I","constituency_code":"097","state":"North Rhine-Westphalia"},"geometry":{"type":"Polygon","coordinates":[[[7.661003632451498,50.8203643024114],[7.68181058500159,50.79677309168511],[7.67695562441578,50.780459819691096],[7.655450742707314,50.76786954286522],[7.618168809141982,50.77017082723518],[7.59985087145023,50.765841908981145],[7.591505261413019,50.75578169832104],[7.592879804757459,50.74079650954733],[7.580246126879934,50.73813748945033],[7.551900377442282,50.74634314405174],[7.479595001524964,50.71816708774057],[7.45646485479595,50.71808355194135],[7.440772222159411,50.711438163436455],[7.378134396341421,50.71595242448982],[7.357136449768561,50.69790389368377],[7.349305043693143,50.69628598641766],[7.332792449301661,50.70058125853917],[7.326733923448608,50.710015625977334],[7.289958659285553,50.7336782861215],[7.256415186255471,50.735652512758],[7.231572598740011,50.75012083171536],[7.230775145825616,50.757645748757966],[7.2420516370151,50.761061634525106],[7.242500016809509,50.790606221400076],[7.231921335489781,50.791722492661215],[7.220338228020479,50.77965088565937],[7.189861457685131,50.791321743954185],[7.178922269807283,50.80025878911053],[7.149730892534841,50.79649173579163],[7.1252652973313255,50.7744354653135],[7.096009166086804,50.761906398932354],[7.038830021878585,50.783559676132406],[7.030721149825892,50.792337974336526],[7.024995452025578,50.81827754531795],[6.988511318447595,50.82673104577118],[6.97925814464491,50.83623178007883],[6.983087870727643,50.8433848036872],[6.998204336884232,50.83614264351071],[7.022824084829868,50.83942319921122],[7.032549712308728,50.84883886369018],[7.051048560850186,50.850155684287685],[7.061270096523501,50.844173981118324],[7.062354847045563,50.829630031725934],[7.083738417768153,50.831270480454826],[7.158260627692103,50.86636072583218],[7.198402725780516,50.87529075511766],[7.2282753026754625,50.90026430959601],[7.232050927399003,50.91442050046927],[7.248960616932426,50.92819844318668],[7.275086208084137,50.910984272831186],[7.285710526912592,50.90896400593072],[7.342983730754082,50.91174055885423],[7.387233170321455,50.93505155776584],[7.398479284699667,50.94975176243303],[7.444177063773008,50.94747607991393],[7.4707655021074615,50.92471319780707],[7.479165779205556,50.91144214677773],[7.469178022735011,50.88965087449567],[7.529248173209386,50.84213482768846],[7.550573942377216,50.83305259117472],[7.582382981141393,50.833946722156696],[7.620441015553638,50.82026506960934],[7.6454785482248875,50.83524568433353],[7.661003632451498,50.8203643024114]]]}},{"type":"Feature","properties":{"district":"098 Rhein-Sieg-Kreis II","constituency_code":"098","state":"North Rhine-Westphalia"},"geometry":{"type":"MultiPolygon","coordinates":[[[[7.220338228020479,50.77965088565937],[7.231921335489781,50.791722492661215],[7.242500016809509,50.790606221400076],[7.2420516370151,50.761061634525106],[7.230775145825616,50.757645748757966],[7.229644731010409,50.75331775296753],[7.24272008709052,50.74133838754642],[7.262332686160487,50.73463829890009],[7.289958659285553,50.7336782861215],[7.326733923448608,50.710015625977334],[7.332792449301661,50.70058125853917],[7.360181561721095,50.69711300730151],[7.372062797988181,50.682107063507516],[7.358976516752497,50.64949361946666],[7.270054732000531,50.626427407098056],[7.2170276155760655,50.62806684953498],[7.212399644507311,50.62340491928827],[7.2108718641092615,50.64954362321462],[7.176563878226886,50.687114469092165],[7.168237685628777,50.70348964227126],[7.191262592488075,50.72659467206961],[7.209449539000409,50.736912223433144],[7.198575927760235,50.747563801308026],[7.1252652973313255,50.7744354653135],[7.146208953527216,50.79527304940152],[7.175012295819738,50.80047997982173],[7.220338228020479,50.77965088565937]]],[[[6.952142565810676,50.80257564574276],[6.989991833554703,50.79283719220916],[7.030181391540803,50.8006676909716],[7.035915787589396,50.78549030197139],[7.065658278388064,50.77176542531827],[7.036550904730183,50.75764891890248],[7.028916532627205,50.713147992485865],[7.040728239622073,50.67622915942881],[7.024932056366498,50.66512575143755],[7.026879245843315,50.654951589609986],[7.056285507006508,50.63424635167241],[7.074340555939071,50.638029004376534],[7.106215516740202,50.65900163816456],[7.181168377572613,50.652288166147606],[7.195200521232583,50.642723209423814],[7.189248912715369,50.62942667548255],[7.173019848062103,50.61255228281592],[7.1478515864965475,50.6002932791456],[7.093399822955628,50.58603515803967],[7.069025677604571,50.59274423366937],[7.066463446912226,50.59757708518852],[7.031971119888131,50.589970087265776],[6.998096294922858,50.56504990385005],[6.972098291150475,50.55590735789663],[6.956515510407258,50.55703307191303],[6.947315423857107,50.56366826751147],[6.927901086171796,50.55861862328238],[6.9217981456567985,50.56612249698143],[6.890838777729771,50.577292367115355],[6.884730955561604,50.60067634211931],[6.911756651161265,50.606879500529566],[6.915503344022251,50.629476667904434],[6.875922218969344,50.637992748994186],[6.8600344183688495,50.65518621406579],[6.870645192672296,50.70866141364757],[6.894732193288052,50.71530594233565],[6.915831923843841,50.734131061672976],[6.898879865698696,50.74759499906075],[6.882148052097366,50.74601948474246],[6.872550172632408,50.753313412813085],[6.864217924244299,50.76309670439842],[6.8642164345074175,50.784960463107254],[6.933826409005554,50.805265654714276],[6.952142565810676,50.80257564574276]]]]}},{"type":"Feature","properties":{"district":"099 Oberbergischer Kreis","constituency_code":"099","state":"North Rhine-Westphalia"},"geometry":{"type":"Polygon","coordinates":[[[7.433343159665423,51.214409162358486],[7.419286556125874,51.19902851227232],[7.4219522524964106,51.18806752383052],[7.470290002951184,51.14824083042059],[7.497302682641048,51.106192606423726],[7.534076649163399,51.101063632247545],[7.581621417459611,51.106629173258256],[7.606206506079967,51.09796681736041],[7.601605094159029,51.08193305905802],[7.626210309422756,51.0687562777796],[7.690817490835247,51.08503343775918],[7.7161206042153045,51.07290853333599],[7.702908766499022,51.063786748148466],[7.734037315249791,51.03327721618892],[7.725785471097191,50.99794831779085],[7.747795114821529,50.977860986708706],[7.780074780313602,50.97997015263085],[7.7859679691191,50.96626921365817],[7.785898055637079,50.939914115181516],[7.776218914093682,50.92903657325784],[7.7572814211475825,50.920163998861256],[7.758767439628912,50.87977223326838],[7.765973968811172,50.85681947705024],[7.762187497101506,50.84513440617296],[7.725301403705907,50.84611709770767],[7.700016707720191,50.825418232240665],[7.675115853205114,50.81939512122293],[7.661003632451498,50.8203643024114],[7.6454785482248875,50.83524568433353],[7.620441015553638,50.82026506960934],[7.582382981141393,50.833946722156696],[7.550573942377216,50.83305259117472],[7.529248173209386,50.84213482768846],[7.469178022735011,50.88965087449567],[7.479165779205556,50.91144214677773],[7.4707655021074615,50.92471319780707],[7.444177063773008,50.94747607991393],[7.39982730212525,50.948779083230804],[7.387242017531344,50.95894343103454],[7.363434258367306,50.9546477914526],[7.34831730474806,50.95805768090681],[7.326670653379884,50.97788548724324],[7.300363655794486,50.978525215352086],[7.284732063910579,50.97373555973571],[7.252578064122122,50.98659530187132],[7.280734470074621,51.00318287790989],[7.3149068803596995,51.0328690478835],[7.340322827478497,51.07213211902102],[7.316843218437262,51.07952682933508],[7.310656528689859,51.07656605936188],[7.309557190762995,51.07011486761907],[7.299866880705045,51.06906587964372],[7.28403966591273,51.07961775776899],[7.2683484672994885,51.14586425803263],[7.286315286482831,51.144243517775806],[7.297187519352442,51.15098122020224],[7.305870718043888,51.18031629484141],[7.295806434949002,51.2053919367632],[7.306693513372824,51.2388752562702],[7.331746777554708,51.2502890023914],[7.391924863955684,51.246293047871504],[7.429275673544166,51.22533355648413],[7.433343159665423,51.214409162358486]]]}},{"type":"Feature","properties":{"district":"100 Rheinisch-Bergischer Kreis","constituency_code":"100","state":"North Rhine-Westphalia"},"geometry":{"type":"Polygon","coordinates":[[[7.2683484672994885,51.14586425803263],[7.28403966591273,51.07961775776899],[7.299866880705045,51.06906587964372],[7.309557190762995,51.07011486761907],[7.310656528689859,51.07656605936188],[7.316843218437262,51.07952682933508],[7.340322827478497,51.07213211902102],[7.3149068803596995,51.0328690478835],[7.280734470074621,51.00318287790989],[7.252578064122122,50.98659530187132],[7.284732063910579,50.97373555973571],[7.300363655794486,50.978525215352086],[7.326670653379884,50.97788548724324],[7.34831730474806,50.95805768090681],[7.363434258367306,50.9546477914526],[7.387242017531344,50.95894343103454],[7.398479284699667,50.94975176243303],[7.387233170321455,50.93505155776584],[7.342983730754082,50.91174055885423],[7.285710526912592,50.90896400593072],[7.275086208084137,50.910984272831186],[7.248960616932426,50.92819844318668],[7.232050927399003,50.91442050046927],[7.2282753026754625,50.90026430959601],[7.198402725780516,50.87529075511766],[7.161282089005438,50.867294283217596],[7.136711844072609,50.88387848842514],[7.140071613867847,50.92130927029878],[7.1251091575116225,50.944059728068886],[7.0862781788053075,50.95795037337657],[7.101279656275061,50.967901040549904],[7.095170218187185,50.982926384593796],[7.067564800371253,50.99000497111804],[7.061873790381225,51.0134279843881],[7.100947735303161,51.04057795708039],[7.105292010382568,51.054404135259865],[7.095029833149067,51.06511140160672],[7.0687027535580365,51.06796054042316],[7.057996563912568,51.0771746280242],[7.074319487327127,51.096957324958346],[7.039758373731637,51.09582948036041],[7.009381812866264,51.082098104719904],[6.9905935749011165,51.09159782860325],[6.996835336616159,51.1188148749089],[7.024270831990174,51.12985822157404],[7.098553643067034,51.13797209446679],[7.118361082705044,51.131999354608745],[7.116317437379535,51.12471672245857],[7.12090439823122,51.12207547706541],[7.148213706019685,51.11749471062618],[7.168093841599282,51.12419720232283],[7.163693216354001,51.13659059302918],[7.166350230744898,51.15394088043818],[7.25026039024282,51.15855628076273],[7.2683484672994885,51.14586425803263]]]}},{"type":"Feature","properties":{"district":"101 Leverkusen – Köln IV","constituency_code":"101","state":"North Rhine-Westphalia"},"geometry":{"type":"Polygon","coordinates":[[[7.071984334160751,51.089475923450514],[7.057996563912568,51.0771746280242],[7.0687027535580365,51.06796054042316],[7.095029833149067,51.06511140160672],[7.105292010382568,51.054404135259865],[7.100947735303161,51.04057795708039],[7.061873790381225,51.0134279843881],[7.067564800371253,50.99000497111804],[7.095170218187185,50.982926384593796],[7.101194278913653,50.97042952791683],[7.086207687226859,50.957696277540116],[7.071775729512888,50.9537407667749],[6.977845211823711,50.94704012393062],[6.975949397754125,50.954288986643554],[6.995680626491459,50.964047459858115],[6.998584468910243,50.973494725674605],[6.962818741795087,50.99617085300082],[6.963288407894457,51.003491720484924],[6.973278836884699,51.01577835214294],[6.972241617504229,51.025264191773275],[6.898045049388961,51.06488562133216],[6.907317782061859,51.07029729616746],[6.974100852250041,51.06841724912009],[6.989510918574249,51.0750343466901],[6.9905935749011165,51.09159782860325],[7.009381812866264,51.082098104719904],[7.039956846397415,51.09585337962372],[7.074319487327127,51.096957324958346],[7.071984334160751,51.089475923450514]]]}},{"type":"Feature","properties":{"district":"102 Wuppertal I","constituency_code":"102","state":"North Rhine-Westphalia"},"geometry":{"type":"Polygon","coordinates":[[[7.2623610480507965,51.304309032029686],[7.254785462339651,51.28540363212683],[7.265939386996763,51.2848564615962],[7.287198431638647,51.249562878719985],[7.306693513372824,51.2388752562702],[7.295806434949002,51.2053919367632],[7.244026665470162,51.22433948464266],[7.249993899786573,51.229856327921375],[7.24686244109441,51.242127637448874],[7.234533898518168,51.25004297063863],[7.20476963471409,51.24654804309978],[7.15256818297669,51.230030778245066],[7.111036674225943,51.22775812928788],[7.104779590740834,51.21499002823299],[7.083153811273238,51.220413007970905],[7.04694693481704,51.207460741627315],[7.034862040870971,51.217164306678335],[7.026937957349682,51.246796987663224],[7.064602705541812,51.25998652452614],[7.091752762061478,51.28205365107189],[7.096672852401589,51.29399536364156],[7.107682079260175,51.302699656465826],[7.168520375803823,51.312351956415725],[7.180068280300231,51.30406065405454],[7.204618753904052,51.300898811068855],[7.2636100370728425,51.31863551337801],[7.2623610480507965,51.304309032029686]]]}},{"type":"Feature","properties":{"district":"103 Solingen – Remscheid – Wuppertal II","constituency_code":"103","state":"North Rhine-Westphalia"},"geometry":{"type":"Polygon","coordinates":[[[7.244026665470162,51.22433948464266],[7.295806434949002,51.2053919367632],[7.305870718043888,51.18031629484141],[7.292850117021412,51.14662952306447],[7.2683484672994885,51.14586425803263],[7.25026039024282,51.15855628076273],[7.166350230744898,51.15394088043818],[7.163693216354001,51.13659059302918],[7.168093841599282,51.12419720232283],[7.135919975763115,51.11672679588302],[7.116317437379535,51.12471672245857],[7.118361082705044,51.131999354608745],[7.11159671418021,51.13679304600993],[7.098553643067034,51.13797209446679],[7.024270831990174,51.12985822157404],[6.996835336616159,51.1188148749089],[6.996055961884682,51.14421054951355],[6.971165676369384,51.14930715011605],[6.985773584405987,51.169645044850434],[7.025831532873305,51.188182322372164],[7.04694693481704,51.207460741627315],[7.066823421628665,51.2172509080412],[7.091178939808292,51.2205029800134],[7.104779590740834,51.21499002823299],[7.111036674225943,51.22775812928788],[7.15256818297669,51.230030778245066],[7.20476963471409,51.24654804309978],[7.234533898518168,51.25004297063863],[7.24686244109441,51.242127637448874],[7.249993899786573,51.229856327921375],[7.244026665470162,51.22433948464266]]]}},{"type":"Feature","properties":{"district":"104 Mettmann I","constituency_code":"104","state":"North Rhine-Westphalia"},"geometry":{"type":"Polygon","coordinates":[[[7.042440274457902,51.25479472984342],[7.026937957349682,51.246796987663224],[7.034862040870971,51.217164306678335],[7.04694693481704,51.207460741627315],[7.025831532873305,51.188182322372164],[6.985773584405987,51.169645044850434],[6.971165676369384,51.14930715011605],[6.996055961884682,51.14421054951355],[6.998123837200101,51.13959770333892],[6.989510918574249,51.0750343466901],[6.971584542340309,51.06804388497734],[6.907317782061859,51.07029729616746],[6.898045049388961,51.06488562133216],[6.853487489021123,51.08425593953573],[6.878603422660247,51.097607422504176],[6.883558361658934,51.105111561107975],[6.87763216467334,51.11465213036964],[6.856049418776822,51.12618872000229],[6.888527430204136,51.12874673488642],[6.917980524429172,51.14073426268184],[6.89185767764181,51.15839666052783],[6.912439130443985,51.17744259741758],[6.915530248891378,51.18691462077871],[6.910551758778455,51.21099091627547],[6.8725641128575115,51.21948680207361],[6.871618163192765,51.24209470421667],[6.9296027233930575,51.24126551433811],[6.928178187290926,51.26299360794152],[6.93599178128362,51.28021999559015],[6.980649183760025,51.29481979215331],[7.006104817196651,51.28840278732652],[7.042440274457902,51.25479472984342]]]}},{"type":"Feature","properties":{"district":"105 Mettmann II","constituency_code":"105","state":"North Rhine-Westphalia"},"geometry":{"type":"Polygon","coordinates":[[[7.168520375803823,51.312351956415725],[7.105912237407851,51.301954917549466],[7.091752762061478,51.28205365107189],[7.0580268751796655,51.25596549317965],[7.042440274457902,51.25479472984342],[7.006104817196651,51.28840278732652],[6.983781481778993,51.294814737389096],[6.940660378470662,51.2833704557809],[6.935556994282752,51.27600022412942],[6.903904682892232,51.26514222073352],[6.799827072351251,51.27899784133579],[6.805202859887222,51.34880221250268],[6.90403280294497,51.36748268357496],[6.933001045256736,51.34983828029554],[6.964558675974829,51.347604852498094],[6.987834412497387,51.358671139405956],[7.015944900688175,51.363994514096596],[7.037144123991487,51.3618117522395],[7.099753552853217,51.372729812070816],[7.117675226425403,51.380272469910935],[7.148530569914038,51.3777168759158],[7.1590595258329115,51.365309311224884],[7.157379830099279,51.32982217403802],[7.168520375803823,51.312351956415725]]]}},{"type":"Feature","properties":{"district":"106 Düsseldorf I","constituency_code":"106","state":"North Rhine-Westphalia"},"geometry":{"type":"Polygon","coordinates":[[[6.805202859887222,51.34880221250268],[6.799827072351251,51.27899784133579],[6.894264857255066,51.26484581030141],[6.935556994282752,51.27600022412942],[6.928178187290926,51.26299360794152],[6.9296027233930575,51.24126551433811],[6.871618163192765,51.24209470421667],[6.874491406848526,51.21801494041753],[6.814967502185608,51.211635160784994],[6.736789961117439,51.22881723073842],[6.723596011376067,51.225986050141024],[6.694864082562791,51.23471569771214],[6.714248357100663,51.243497556497346],[6.727296209468439,51.2568196147829],[6.709269242206727,51.263732819991944],[6.702350273652077,51.271985860770876],[6.734208913244155,51.30998692899539],[6.731868286329978,51.32190237246835],[6.714855683704064,51.33319858943865],[6.717068267483266,51.335966034807946],[6.750841168387639,51.351446230412044],[6.772736154764075,51.345955051700535],[6.805202859887222,51.34880221250268]]]}},{"type":"Feature","properties":{"district":"107 Düsseldorf II","constituency_code":"107","state":"North Rhine-Westphalia"},"geometry":{"type":"Polygon","coordinates":[[[6.874491406848526,51.21801494041753],[6.910551758778455,51.21099091627547],[6.915530248891378,51.18691462077871],[6.912439130443985,51.17744259741758],[6.89185767764181,51.15839666052783],[6.917980524429172,51.14073426268184],[6.888527430204136,51.12874673488642],[6.856049418776822,51.12618872000229],[6.848297261741274,51.139332909721304],[6.857316251114955,51.15444218055007],[6.85507348271928,51.15999338719493],[6.838166879964813,51.16164475928239],[6.817033305256517,51.14495437735981],[6.798878461826519,51.14453363369808],[6.793381822564674,51.15181849224166],[6.798033644689286,51.16959335171374],[6.79410503267184,51.17994835948127],[6.782044808320305,51.18521871229648],[6.749329364673816,51.18119886415142],[6.73318387517396,51.18582069282335],[6.731670153548924,51.205771824341745],[6.723596011376067,51.225986050141024],[6.736789961117439,51.22881723073842],[6.814967502185608,51.211635160784994],[6.874491406848526,51.21801494041753]]]}},{"type":"Feature","properties":{"district":"108 Neuss I","constituency_code":"108","state":"North Rhine-Westphalia"},"geometry":{"type":"Polygon","coordinates":[[[6.723596011376067,51.225986050141024],[6.731670153548924,51.205771824341745],[6.73318387517396,51.18582069282335],[6.749329364673816,51.18119886415142],[6.782044808320305,51.18521871229648],[6.79410503267184,51.17994835948127],[6.798033644689286,51.16959335171374],[6.793381822564674,51.15181849224166],[6.798878461826519,51.14453363369808],[6.817033305256517,51.14495437735981],[6.838166879964813,51.16164475928239],[6.85507348271928,51.15999338719493],[6.857316251114955,51.15444218055007],[6.849141081357977,51.142971630790036],[6.849093514413558,51.13430379945084],[6.881023371518779,51.111382403590724],[6.882146400396883,51.10109225407748],[6.853487489021123,51.08425593953573],[6.843085261224817,51.08394830220566],[6.82313007196409,51.07408719027809],[6.831033661529167,51.05862522799973],[6.8175732097786765,51.053885689137815],[6.8132040407709775,51.046108234613925],[6.804759524749423,51.048417291460595],[6.800202802927449,51.059299430750016],[6.787360592446889,51.06880985509747],[6.773632464270099,51.064390011457064],[6.753189038769619,51.06596004697064],[6.755268665723338,51.05881064190787],[6.715383549559871,51.015088819501145],[6.634026374677422,51.02486805902858],[6.579025669804848,51.018083004424916],[6.56395459436982,51.022629395189746],[6.55026060131483,51.03495152711056],[6.552367131409501,51.04728540989978],[6.534745251054795,51.05927529471253],[6.526556749919597,51.05839275063606],[6.525883920221203,51.0805536072493],[6.57431921593962,51.11460348262103],[6.580119485666016,51.12993532755462],[6.598382409556248,51.14699918246028],[6.607768408533967,51.14236595687908],[6.626705122358994,51.16506934338588],[6.62141297652351,51.18048058342815],[6.644853128328278,51.20979825744365],[6.64152072389101,51.229752536932395],[6.694864082562791,51.23471569771214],[6.723596011376067,51.225986050141024]]]}},{"type":"Feature","properties":{"district":"109 Mönchengladbach","constituency_code":"109","state":"North Rhine-Westphalia"},"geometry":{"type":"Polygon","coordinates":[[[6.522143473512272,51.225727596026466],[6.489091668010494,51.22759054917912],[6.479924936408288,51.17634801712651],[6.491295198807581,51.17070153050101],[6.515850705446714,51.18345312590702],[6.527095845872981,51.170230316396506],[6.534100263173711,51.145077226293665],[6.514615870120641,51.13996274473744],[6.512786824434117,51.14721680200449],[6.492689939477535,51.15016921769541],[6.4726407816647145,51.14169430731655],[6.436434584590959,51.10090862732534],[6.444560681863094,51.088702152504005],[6.4195593687293595,51.086163082989266],[6.360387275254453,51.09554044354518],[6.3511011004661935,51.10493406124788],[6.348398209368246,51.119734128827375],[6.354049283405098,51.12633323158334],[6.333627120701407,51.13476194971759],[6.331800783465104,51.14246484650796],[6.319034649222934,51.150082982106944],[6.300618193397624,51.152495250099676],[6.291978293134274,51.17545310523996],[6.323624637954104,51.20328110378056],[6.330487454375348,51.22448702422369],[6.359721222989129,51.2289587243362],[6.3714874555520735,51.21760579121482],[6.414351047618452,51.219336217169975],[6.438366166555599,51.23095857475359],[6.458012029414886,51.24784916218041],[6.522143473512272,51.225727596026466]]]}},{"type":"Feature","properties":{"district":"110 Krefeld I – Neuss II","constituency_code":"110","state":"North Rhine-Westphalia"},"geometry":{"type":"Polygon","coordinates":[[[6.72347993627036,51.32881434738895],[6.732706972444918,51.32061404591327],[6.733597932685015,51.30796735209728],[6.702194294946537,51.2733251779298],[6.7071452053111935,51.2651144907052],[6.727296209468439,51.2568196147829],[6.720786044280548,51.249366458933395],[6.694864082562791,51.23471569771214],[6.64152072389101,51.229752536932395],[6.644853128328278,51.20979825744365],[6.62141297652351,51.18048058342815],[6.626705122358994,51.16506934338588],[6.607768408533967,51.14236595687908],[6.598382409556248,51.14699918246028],[6.580119485666016,51.12993532755462],[6.57431921593962,51.11460348262103],[6.525883920221203,51.0805536072493],[6.526556749919597,51.05839275063606],[6.491936137976367,51.04722353465771],[6.479985187900582,51.03372816371589],[6.459586271333578,51.042970552664706],[6.477169230476626,51.056112982535595],[6.45075375421061,51.08987248440797],[6.4442520247486295,51.089448343869435],[6.43779462279601,51.09650454247391],[6.440210504547437,51.107131526803535],[6.471145650785981,51.140606494533806],[6.481949520564058,51.146493291177784],[6.492689939477535,51.15016921769541],[6.512786824434117,51.14721680200449],[6.514615870120641,51.13996274473744],[6.534100263173711,51.145077226293665],[6.527095845872981,51.170230316396506],[6.515850705446714,51.18345312590702],[6.491295198807581,51.17070153050101],[6.479924936408288,51.17634801712651],[6.489091668010494,51.22759054917912],[6.530327833997966,51.22250061878484],[6.625435465862249,51.25075387037934],[6.604741757738148,51.261869764276824],[6.596424166927981,51.26173690772585],[6.58532624060464,51.287575819898],[6.515021009972181,51.29039518452072],[6.502501796900824,51.305331199962374],[6.514480070813367,51.315578293654525],[6.510122346983504,51.33931600533966],[6.523217147165885,51.34584605826773],[6.5455610946481055,51.345316610097605],[6.552328544194878,51.340583540522296],[6.558635476973607,51.32335100272894],[6.608629953120993,51.3384343700519],[6.6259346943309785,51.35398567223302],[6.625911197461324,51.38977983810466],[6.636144742012807,51.39067096980564],[6.659180156073441,51.349400086615695],[6.72347993627036,51.32881434738895]]]}},{"type":"Feature","properties":{"district":"111 Viersen","constituency_code":"111","state":"North Rhine-Westphalia"},"geometry":{"type":"Polygon","coordinates":[[[6.537034838289132,51.40630714883862],[6.52206152276624,51.39805242152151],[6.498146505508634,51.40009605926681],[6.481006333814313,51.384274391986224],[6.486051189273268,51.34827080389436],[6.510122346983504,51.33931600533966],[6.514139093457613,51.33329868412017],[6.514480070813367,51.315578293654525],[6.502501796900824,51.305331199962374],[6.515021009972181,51.29039518452072],[6.58532624060464,51.287575819898],[6.596424166927981,51.26173690772585],[6.604741757738148,51.261869764276824],[6.625435465862249,51.25075387037934],[6.530327833997966,51.22250061878484],[6.458012029414886,51.24784916218041],[6.438366166555599,51.23095857475359],[6.414351047618452,51.219336217169975],[6.3714874555520735,51.21760579121482],[6.359721222989129,51.2289587243362],[6.330487454375348,51.22448702422369],[6.323624637954104,51.20328110378056],[6.291978293134274,51.17545310523996],[6.268480739187092,51.18076877109244],[6.209772968188648,51.16631698750369],[6.174811770117242,51.18451333936952],[6.180698934158552,51.18642546995356],[6.165818081488131,51.19400408441064],[6.1007509909812825,51.170554134724995],[6.082151058781601,51.171799115181734],[6.073337851790545,51.182966724109086],[6.069492585408633,51.21301620965459],[6.085001516744914,51.24739380136322],[6.123983182084397,51.27713178383815],[6.159695514889964,51.31537682019213],[6.226129918504421,51.36051764428628],[6.224405154731935,51.364978859780706],[6.256627331730846,51.361995865281465],[6.265876121507218,51.355019769183514],[6.307435121500601,51.36014408632445],[6.357713366649429,51.37690650265437],[6.385654987501216,51.39337906278686],[6.3928236585733185,51.40228945500236],[6.43197143827597,51.40758066580897],[6.461678561065827,51.40594778857865],[6.5166433592011135,51.42499774847059],[6.537034838289132,51.40630714883862]]]}},{"type":"Feature","properties":{"district":"112 Kleve","constituency_code":"112","state":"North Rhine-Westphalia"},"geometry":{"type":"Polygon","coordinates":[[[6.407779667937368,51.8280919376172],[6.4233468598103585,51.805591025439945],[6.43358867475952,51.803032899209484],[6.490211817863814,51.811377108626864],[6.504969400602,51.785641314281705],[6.534572296354716,51.76478958667986],[6.489649415095309,51.740184946910986],[6.486786319994587,51.72656553514614],[6.460632733476269,51.701874876175864],[6.4113979750611305,51.7156223991715],[6.408230974618152,51.724073586964785],[6.419463379675059,51.734960101042915],[6.422160774976311,51.74457033369568],[6.415042321639082,51.75191397472369],[6.402525944213848,51.75513901595466],[6.403152955864445,51.746385140294215],[6.372344793867787,51.692758299134226],[6.380021704101278,51.68239414200486],[6.354186378881965,51.64542173212002],[6.327135959487439,51.63839553544412],[6.299504243025762,51.641875879109385],[6.31532970360488,51.61946039274061],[6.368667306403078,51.59193868632286],[6.374735598954026,51.58095107030305],[6.369465254443591,51.57204431272085],[6.377390788017805,51.56608648914236],[6.402349369142853,51.56086586366692],[6.418489019870491,51.56727361106531],[6.476212465433237,51.56733021641583],[6.4803595365406075,51.54216300372883],[6.461109875866695,51.52712454564185],[6.447907646340179,51.5295722687365],[6.456143567912131,51.50761838541875],[6.477459794422987,51.482715211674275],[6.49760918866435,51.475716945516496],[6.50599838480167,51.46801932196259],[6.501885254720246,51.44767924626222],[6.5166433592011135,51.42499774847059],[6.461678561065827,51.40594778857865],[6.43197143827597,51.40758066580897],[6.3928236585733185,51.40228945500236],[6.385654987501216,51.39337906278686],[6.357713366649429,51.37690650265437],[6.307435121500601,51.36014408632445],[6.265876121507218,51.355019769183514],[6.256627331730846,51.361995865281465],[6.224405154731935,51.364978859780706],[6.2061315476270025,51.399711301983174],[6.2140939988027615,51.44671152766861],[6.2200199403239855,51.44688240307578],[6.223171520927217,51.468932036729186],[6.212300032593404,51.51361357391417],[6.157022337927593,51.566678331152666],[6.111810639801624,51.59616823764207],[6.0974861611094635,51.621112398759344],[6.1131722998380615,51.64850805070304],[6.101614433164539,51.66021751865884],[6.070806328461681,51.66425713813109],[6.0297723360446165,51.67823091406792],[6.02630998380179,51.7092747809075],[6.044861800003462,51.717176407070326],[5.994540562296023,51.73819813220463],[5.955103813927988,51.73828468112503],[5.953096660397372,51.74822110143462],[5.95762779913835,51.75185617060307],[5.990266443753988,51.76614616725239],[5.990396949875157,51.783320382865],[5.977845372086392,51.79777582252852],[5.948134177297317,51.81129272772523],[5.945153222007452,51.82451729463647],[5.962553940850986,51.83700953627267],[5.99578860709453,51.831364388538866],[6.055180029033015,51.85206294835485],[6.1660793926404684,51.84090245253871],[6.165644459171279,51.86027862489549],[6.137219098517944,51.88563066577984],[6.108574857132813,51.89196363247397],[6.155117126956551,51.90541781959639],[6.185792989599557,51.89273169003737],[6.186401733660737,51.88708595579742],[6.181897888850934,51.88590394781115],[6.185242671250699,51.881502103959406],[6.209962070733715,51.86904428096309],[6.260946483330221,51.868462016356965],[6.280224322794081,51.87403279827442],[6.407779667937368,51.8280919376172]]]}},{"type":"Feature","properties":{"district":"113 Wesel I","constituency_code":"113","state":"North Rhine-Westphalia"},"geometry":{"type":"Polygon","coordinates":[[[6.910861303273118,51.74609853548028],[6.92546449986472,51.73360708637864],[6.937309705846166,51.7145462956284],[6.93692818650772,51.704204287237104],[6.91508810706514,51.687710363462536],[6.8942531299818,51.65574157081503],[6.902276103072258,51.635684556843806],[6.868410812058992,51.630882752018586],[6.871473152304692,51.622203920268866],[6.851402142151985,51.60715543009819],[6.7933826824853005,51.599248763152545],[6.743917480170717,51.58512687949095],[6.686522552063259,51.56022001579962],[6.676593554601263,51.538181675546994],[6.694176186345676,51.52638298980963],[6.671549183808929,51.51176652257793],[6.628996157688944,51.50361829967164],[6.606139621293313,51.52305389190015],[6.589554265290583,51.522279069167354],[6.57332246742438,51.480133585430785],[6.563327777826864,51.47335776621921],[6.513063236990283,51.481341320602546],[6.49760918866435,51.475716945516496],[6.478807369044583,51.48149987180705],[6.456143567912131,51.50761838541875],[6.447907646340179,51.5295722687365],[6.461109875866695,51.52712454564185],[6.4803595365406075,51.54216300372883],[6.476212465433237,51.56733021641583],[6.418489019870491,51.56727361106531],[6.402349369142853,51.56086586366692],[6.377390788017805,51.56608648914236],[6.369465254443591,51.57204431272085],[6.374735598954026,51.58095107030305],[6.368667306403078,51.59193868632286],[6.31532970360488,51.61946039274061],[6.299504243025762,51.641875879109385],[6.327135959487439,51.63839553544412],[6.354186378881965,51.64542173212002],[6.380021704101278,51.68239414200486],[6.372344793867787,51.692758299134226],[6.403152955864445,51.746385140294215],[6.402525944213848,51.75513901595466],[6.415042321639082,51.75191397472369],[6.422160774976311,51.74457033369568],[6.419463379675059,51.734960101042915],[6.408230974618152,51.724073586964785],[6.4113979750611305,51.7156223991715],[6.460632733476269,51.701874876175864],[6.486786319994587,51.72656553514614],[6.489649415095309,51.740184946910986],[6.534572296354716,51.76478958667986],[6.504969400602,51.785641314281705],[6.490211817863814,51.811377108626864],[6.512480471321087,51.81417350167761],[6.568681742517486,51.79032256266933],[6.592756604329101,51.80226083128986],[6.6388239121273775,51.79810650796695],[6.6608352406586055,51.78706634124444],[6.668708247113419,51.77721429229864],[6.722513281393582,51.76841271238658],[6.7441357504466986,51.7699382400581],[6.769051588674054,51.75926847999744],[6.776743293832189,51.74648594261007],[6.833382594808935,51.73306820590677],[6.859488460018361,51.7293077806326],[6.910861303273118,51.74609853548028]]]}},{"type":"Feature","properties":{"district":"114 Krefeld II – Wesel II","constituency_code":"114","state":"North Rhine-Westphalia"},"geometry":{"type":"Polygon","coordinates":[[[6.6643634508730685,51.48186664403191],[6.675347765196175,51.4473781524183],[6.673227554368497,51.43330601678798],[6.635414048135218,51.401792215690634],[6.636144742012807,51.39067096980564],[6.625911197461324,51.38977983810466],[6.6259346943309785,51.35398567223302],[6.608629953120993,51.3384343700519],[6.558635476973607,51.32335100272894],[6.552328544194878,51.340583540522296],[6.5455610946481055,51.345316610097605],[6.523217147165885,51.34584605826773],[6.510122346983504,51.33931600533966],[6.486051189273268,51.34827080389436],[6.481006333814313,51.384274391986224],[6.498146505508634,51.40009605926681],[6.52206152276624,51.39805242152151],[6.537034838289132,51.40630714883862],[6.5166433592011135,51.42499774847059],[6.502456404038073,51.446419252870434],[6.506454612586682,51.466755407953535],[6.49760918866435,51.475716945516496],[6.513063236990283,51.481341320602546],[6.536494269991711,51.479700430982426],[6.551083762834375,51.47239158260296],[6.565157798664813,51.47388749198278],[6.57332246742438,51.480133585430785],[6.589554265290583,51.522279069167354],[6.606139621293313,51.52305389190015],[6.6643634508730685,51.48186664403191]]]}},{"type":"Feature","properties":{"district":"115 Duisburg I","constituency_code":"115","state":"North Rhine-Westphalia"},"geometry":{"type":"Polygon","coordinates":[[[6.818068871526706,51.43245977345829],[6.814701784772876,51.3758637691902],[6.8304599988614445,51.35226987344528],[6.791531738241655,51.34565890328755],[6.7415486722687,51.350022830999244],[6.714855683704064,51.33319858943865],[6.659180156073441,51.349400086615695],[6.6368584238377855,51.38683939749049],[6.635414048135218,51.401792215690634],[6.673227554368497,51.43330601678798],[6.684713135391008,51.43669509844042],[6.725960778435605,51.446345918026104],[6.79167734702957,51.43264114026514],[6.818068871526706,51.43245977345829]]]}},{"type":"Feature","properties":{"district":"116 Duisburg II","constituency_code":"116","state":"North Rhine-Westphalia"},"geometry":{"type":"Polygon","coordinates":[[[6.784020005905302,51.53323273012659],[6.779708975033888,51.52389047798394],[6.784053565024987,51.520352380078464],[6.820058612257019,51.50693541132551],[6.819966067565219,51.46978414929809],[6.810042249361656,51.45525568135384],[6.818068871526706,51.43245977345829],[6.79167734702957,51.43264114026514],[6.725960778435605,51.446345918026104],[6.673227554368497,51.43330601678798],[6.675347765196175,51.4473781524183],[6.6643634508730685,51.48186664403191],[6.628996157688944,51.50361829967164],[6.668793924346331,51.51087511658931],[6.688232839283543,51.51947870647955],[6.694176186345676,51.52638298980963],[6.6763479846394995,51.539912369356536],[6.686522552063259,51.56022001579962],[6.733096736267235,51.54618160634654],[6.746481315423753,51.53663941764052],[6.784020005905302,51.53323273012659]]]}},{"type":"Feature","properties":{"district":"117 Oberhausen – Wesel III","constituency_code":"117","state":"North Rhine-Westphalia"},"geometry":{"type":"Polygon","coordinates":[[[6.870539807394476,51.458195296377696],[6.810042249361656,51.45525568135384],[6.819966067565219,51.46978414929809],[6.820058612257019,51.50693541132551],[6.784053565024987,51.520352380078464],[6.779708975033888,51.52389047798394],[6.784020005905302,51.53323273012659],[6.746481315423753,51.53663941764052],[6.733096736267235,51.54618160634654],[6.686522552063259,51.56022001579962],[6.743917480170717,51.58512687949095],[6.7933826824853005,51.599248763152545],[6.851402142151985,51.60715543009819],[6.863277842083377,51.60061346429621],[6.8588275074657465,51.589289070945014],[6.833152187619842,51.579648228390525],[6.855233282777607,51.56905550694218],[6.885230443645367,51.536210729071065],[6.885949828495189,51.527090347254386],[6.893927312205996,51.51636393903716],[6.90977491810715,51.50498562063857],[6.926387255607239,51.503689618604774],[6.930495601168382,51.498932381387434],[6.900143758519362,51.48720825868054],[6.894508077482677,51.477226658278504],[6.899921867683747,51.47128542174114],[6.870539807394476,51.458195296377696]]]}},{"type":"Feature","properties":{"district":"118 Mülheim – Essen I","constituency_code":"118","state":"North Rhine-Westphalia"},"geometry":{"type":"Polygon","coordinates":[[[6.9831237164496756,51.46903415949863],[6.948990286112114,51.449060973244535],[6.959254577734445,51.43746309483234],[6.944377013130657,51.39378818309275],[6.913963618352941,51.3717047954174],[6.8304599988614445,51.35226987344528],[6.822943567136164,51.368375264678846],[6.816156351859541,51.368847051986],[6.818068871526706,51.43245977345829],[6.810042249361656,51.45525568135384],[6.870539807394476,51.458195296377696],[6.899921867683747,51.47128542174114],[6.894508077482677,51.477226658278504],[6.900143758519362,51.48720825868054],[6.928003240615579,51.497766909784154],[6.977053630637284,51.50479670703785],[6.9878064148451475,51.47383297435093],[6.9831237164496756,51.46903415949863]]]}},{"type":"Feature","properties":{"district":"119 Essen II","constituency_code":"119","state":"North Rhine-Westphalia"},"geometry":{"type":"Polygon","coordinates":[[[7.0102068643193505,51.532728587299644],[7.020706999521893,51.518061255176576],[7.050658160577596,51.510242101563975],[7.08683565251464,51.483575071207646],[7.107746414447312,51.479154247077254],[7.132984838473244,51.43947784960547],[7.123786795632349,51.430910395187034],[7.103711418823878,51.428289595814796],[7.069918916020139,51.44126624439123],[7.016822636376688,51.440711014231134],[6.983912847379729,51.45523482351412],[6.9831237164496756,51.46903415949863],[6.9878064148451475,51.47383297435093],[6.977053630637284,51.50479670703785],[6.998652078385087,51.53370070105668],[7.0102068643193505,51.532728587299644]]]}},{"type":"Feature","properties":{"district":"120 Essen III","constituency_code":"120","state":"North Rhine-Westphalia"},"geometry":{"type":"Polygon","coordinates":[[[6.9831237164496756,51.46903415949863],[6.983912847379729,51.45523482351412],[7.002133057172472,51.444172614941394],[7.031026916883005,51.43895696919898],[7.069918916020139,51.44126624439123],[7.089525288799737,51.430553820207],[7.123786795632349,51.430910395187034],[7.136030064404997,51.426037827630864],[7.119061805240245,51.39273211310864],[7.117675226425403,51.380272469910935],[7.099753552853217,51.372729812070816],[7.037144123991487,51.3618117522395],[7.021445391111928,51.36469807966396],[6.987834412497387,51.358671139405956],[6.964558675974829,51.347604852498094],[6.933001045256736,51.34983828029554],[6.906224067786278,51.36540599047087],[6.90403280294497,51.36748268357496],[6.944377013130657,51.39378818309275],[6.959254577734445,51.43746309483234],[6.948990286112114,51.449060973244535],[6.9831237164496756,51.46903415949863]]]}},{"type":"Feature","properties":{"district":"121 Recklinghausen I","constituency_code":"121","state":"North Rhine-Westphalia"},"geometry":{"type":"Polygon","coordinates":[[[7.417934144085011,51.59952017780836],[7.35185468222727,51.56657476731681],[7.363109669426766,51.52734445313371],[7.335776491686656,51.520733322890344],[7.314281921684215,51.52242318712224],[7.293586829723152,51.532262483080146],[7.29631114942119,51.54182786140649],[7.285866687512019,51.54949489673691],[7.2416867164404035,51.57340638992079],[7.226202955416076,51.56439549302783],[7.179801187166429,51.552318173475236],[7.157220779784903,51.62539095216934],[7.13435102195536,51.63337757128047],[7.155530692075801,51.646127791929075],[7.207245161819259,51.64981410855047],[7.226646765958515,51.636620585927425],[7.229651235971628,51.626987319843295],[7.296776015167861,51.627102768381846],[7.307383161642567,51.62313571408635],[7.304713174552296,51.61683220128525],[7.3101682947158,51.61369302040552],[7.355691835689153,51.62369385927448],[7.361853290703296,51.6313090382033],[7.399075365735385,51.648612823643234],[7.410202335209555,51.64611695053743],[7.422134116248517,51.656277077931406],[7.417576590857826,51.662143466663466],[7.443412091762959,51.66052759421934],[7.465229171772459,51.630224808130706],[7.4602757928286065,51.61637542633892],[7.417934144085011,51.59952017780836]]]}},{"type":"Feature","properties":{"district":"122 Recklinghausen II","constituency_code":"122","state":"North Rhine-Westphalia"},"geometry":{"type":"Polygon","coordinates":[[[7.40955012162351,51.66458100831167],[7.422134116248517,51.656277077931406],[7.410202335209555,51.64611695053743],[7.399075365735385,51.648612823643234],[7.361853290703296,51.6313090382033],[7.355691835689153,51.62369385927448],[7.3101682947158,51.61369302040552],[7.304713174552296,51.61683220128525],[7.307383161642567,51.62313571408635],[7.296776015167861,51.627102768381846],[7.229651235971628,51.626987319843295],[7.226646765958515,51.636620585927425],[7.207245161819259,51.64981410855047],[7.186349996018011,51.65069764051682],[7.145938555266091,51.64310008777774],[7.13435102195536,51.63337757128047],[7.157220779784903,51.62539095216934],[7.179801187166429,51.552318173475236],[7.145535659622185,51.551338926514404],[7.1377136570916155,51.56934379414107],[7.12235814244483,51.585520698808544],[7.105804265941054,51.59411443891703],[7.0973071197611475,51.59346438746486],[7.032434805484919,51.63077059240724],[7.036438786660041,51.64267721146449],[7.031178279811655,51.67232416345427],[7.078415034629202,51.71386704234624],[7.088223791823435,51.76514898456221],[7.075414962421449,51.77744581071685],[7.112941041664823,51.78760639501259],[7.133824627719931,51.80387952880988],[7.17254075954222,51.82149671273006],[7.2140634007344415,51.81674763179703],[7.260940136380297,51.79969555821057],[7.2634151965737,51.78161920427096],[7.258941299862945,51.77328477252232],[7.280115999118466,51.749478210578644],[7.310179914258581,51.746285135094986],[7.3214324331331975,51.73655702137749],[7.3007787736799035,51.715695487663716],[7.299282780630295,51.706227303506104],[7.346922891739311,51.696125507389404],[7.40955012162351,51.66458100831167]]]}},{"type":"Feature","properties":{"district":"123 Gelsenkirchen","constituency_code":"123","state":"North Rhine-Westphalia"},"geometry":{"type":"Polygon","coordinates":[[[7.032434805484919,51.63077059240724],[7.0973071197611475,51.59346438746486],[7.105804265941054,51.59411443891703],[7.12235814244483,51.585520698808544],[7.1377136570916155,51.56934379414107],[7.145535659622185,51.551338926514404],[7.1232023521618615,51.55095333442684],[7.139299743550306,51.52213540015219],[7.137471922313452,51.49057144233151],[7.104200574729415,51.48126749635207],[7.08683565251464,51.483575071207646],[7.050658160577596,51.510242101563975],[7.020706999521893,51.518061255176576],[7.016806052608517,51.523232813877655],[7.0102068643193505,51.532728587299644],[7.019853398275314,51.55269320633492],[7.013269749632394,51.57237598783181],[6.995394821100147,51.6000815893061],[6.993786832722005,51.62200966562972],[7.032434805484919,51.63077059240724]]]}},{"type":"Feature","properties":{"district":"124 Steinfurt I – Borken I","constituency_code":"124","state":"North Rhine-Westphalia"},"geometry":{"type":"Polygon","coordinates":[[[7.496562901866084,52.31686747591889],[7.51009315185779,52.31350613356318],[7.5155712089136095,52.31816114891112],[7.536557090504965,52.302482280678085],[7.579445325681865,52.25343304391099],[7.586570958534733,52.2296277603956],[7.469210774749723,52.191633163880084],[7.437186336126568,52.19278860511004],[7.432488053682908,52.17936309075567],[7.44364164847212,52.173590389405625],[7.4495333563401935,52.16439675137689],[7.455495125375092,52.142610657604514],[7.44250558219808,52.10924046087502],[7.417866493593097,52.08180616175598],[7.35687207807628,52.08856909826344],[7.310889384746435,52.058331378045246],[7.267710389444608,52.05839286630621],[7.241256600147674,52.04238442930897],[7.169156173582407,52.04634250075188],[7.119785418939167,52.011663013155434],[7.088583969864516,52.00588365196483],[7.057644966710186,52.01077421098242],[7.053997602294359,52.00385202716305],[7.039115996292043,52.02124108511886],[6.9686316917737825,52.02927583925219],[6.952619901117656,52.02568419763504],[6.910914954001266,52.04463427524703],[6.8810965084320115,52.081321987150815],[6.899969306545334,52.10463193787211],[6.86697552942016,52.127955784862074],[6.88153287154007,52.15558505530959],[6.908260523902409,52.17611283517414],[6.951465959697358,52.181005440329045],[6.978350898718576,52.21156058640293],[7.060995489825972,52.23478240365227],[7.065685138439085,52.24137283286723],[7.099148751352222,52.24305874142431],[7.12139896761258,52.26121746513112],[7.133166231562332,52.26318750267395],[7.155731621820495,52.26648114458522],[7.297889793114363,52.263975122846915],[7.317481059005866,52.28027224316706],[7.361554535675363,52.2883123937017],[7.370752596158932,52.300237434921584],[7.3864803261245395,52.30930415673671],[7.4268231296134255,52.31816994215066],[7.437776484473148,52.33335651764787],[7.4639041345671995,52.34245344758756],[7.458430532187014,52.334737101574156],[7.496562901866084,52.31686747591889]]]}},{"type":"Feature","properties":{"district":"125 Bottrop – Recklinghausen III","constituency_code":"125","state":"North Rhine-Westphalia"},"geometry":{"type":"Polygon","coordinates":[[[7.046712642355053,51.77915635576653],[7.075414962421449,51.77744581071685],[7.088223791823435,51.76514898456221],[7.078415034629202,51.71386704234624],[7.031178279811655,51.67232416345427],[7.034935597461422,51.63367196211718],[6.993786832722005,51.62200966562972],[6.995394821100147,51.6000815893061],[7.013269749632394,51.57237598783181],[7.019853398275314,51.55269320633492],[7.0102068643193505,51.532728587299644],[6.998652078385087,51.53370070105668],[6.977053630637284,51.50479670703785],[6.928003240615579,51.497766909784154],[6.926387255607239,51.503689618604774],[6.90977491810715,51.50498562063857],[6.893927312205996,51.51636393903716],[6.885949828495189,51.527090347254386],[6.885230443645367,51.536210729071065],[6.855233282777607,51.56905550694218],[6.833152187619842,51.579648228390525],[6.8588275074657465,51.589289070945014],[6.864775795610923,51.596687412454195],[6.851402142151985,51.60715543009819],[6.871473152304692,51.622203920268866],[6.868410812058992,51.630882752018586],[6.902276103072258,51.635684556843806],[6.8942531299818,51.65574157081503],[6.91508810706514,51.687710363462536],[6.93692818650772,51.704204287237104],[6.937309705846166,51.7145462956284],[6.9092665217785045,51.74903135001411],[6.916986911408027,51.7776448042312],[6.9557005118517266,51.77184284574392],[6.972576416915817,51.79645196102575],[6.989520734311829,51.80105286720888],[7.014630905897579,51.799377747926336],[7.034834650059173,51.78185342321734],[7.046712642355053,51.77915635576653]]]}},{"type":"Feature","properties":{"district":"126 Borken II","constituency_code":"126","state":"North Rhine-Westphalia"},"geometry":{"type":"Polygon","coordinates":[[[7.053997602294359,52.00385202716305],[7.056364161114141,51.98905136685321],[7.086820016607328,51.979407530997754],[7.090124830926343,51.9741528388876],[7.080867308950556,51.92845464566651],[7.068400291747812,51.90510528400082],[7.060102657319469,51.90105608468169],[7.055738247730834,51.88834025084525],[7.086487436715989,51.85191975795478],[7.125091496859352,51.83176319097782],[7.17254075954222,51.82149671273006],[7.133824627719931,51.80387952880988],[7.112941041664823,51.78760639501259],[7.075414962421449,51.77744581071685],[7.034834650059173,51.78185342321734],[7.014630905897579,51.799377747926336],[6.977534064021502,51.798832936836604],[6.9557005118517266,51.77184284574392],[6.916986911408027,51.7776448042312],[6.910861303273118,51.74609853548028],[6.859488460018361,51.7293077806326],[6.776743293832189,51.74648594261007],[6.769051588674054,51.75926847999744],[6.7441357504466986,51.7699382400581],[6.722513281393582,51.76841271238658],[6.668708247113419,51.77721429229864],[6.656521710736641,51.789989191174186],[6.632182810652339,51.79932219294067],[6.592756604329101,51.80226083128986],[6.568681742517486,51.79032256266933],[6.512480471321087,51.81417350167761],[6.460942731628256,51.804292872859854],[6.4233468598103585,51.805591025439945],[6.386854185433672,51.86446944428431],[6.3912601470510735,51.87272168176496],[6.446073436187403,51.86374181444432],[6.4730585731015555,51.853804923298],[6.49957852957014,51.86175617770384],[6.503550153057197,51.867889881601904],[6.543902897330384,51.884952869422285],[6.674400679288481,51.915594973763646],[6.6922057336607965,51.914482636811734],[6.721664070781148,51.89617477152865],[6.7699977668705875,51.91623906325657],[6.79396504089403,51.93506560190257],[6.7986442243257,51.95881772845177],[6.828513096440608,51.9640667068374],[6.832471436480769,51.97245663824645],[6.826188079190585,51.993148369841094],[6.817506067973788,51.993909233511275],[6.752642021271756,52.028647129712404],[6.714658767641653,52.039893352832],[6.6877259471090476,52.039899165520275],[6.695078348405459,52.070262124014],[6.734793970251371,52.074576337503736],[6.7503310669946,52.08516217526622],[6.760465094337992,52.118569340748245],[6.846030877620125,52.11933751737053],[6.86697552942016,52.127955784862074],[6.89790858738766,52.10920751549463],[6.898831593393347,52.09926640719037],[6.888195025709286,52.09292918542162],[6.8810965084320115,52.081321987150815],[6.910914954001266,52.04463427524703],[6.952619901117656,52.02568419763504],[6.9686316917737825,52.02927583925219],[7.039115996292043,52.02124108511886],[7.053997602294359,52.00385202716305]]]}},{"type":"Feature","properties":{"district":"127 Coesfeld – Steinfurt II","constituency_code":"127","state":"North Rhine-Westphalia"},"geometry":{"type":"Polygon","coordinates":[[[7.549427149881946,52.08790554685594],[7.53473149115586,52.075109408667586],[7.554836798488004,52.042039150969735],[7.520384052293344,52.01339234895854],[7.519236500403657,52.00045455826189],[7.512389308308103,51.999670774714964],[7.521213436654473,51.978123999431986],[7.4778847098835275,51.95517289390126],[7.482764888398716,51.9415945755299],[7.505436641519969,51.91542960979591],[7.510640430281826,51.89319769996566],[7.535564555675684,51.892102848267314],[7.5586126229254145,51.85543185914017],[7.613227732069455,51.84061341763605],[7.674053865760141,51.813369597360165],[7.7197509937059845,51.74903994408315],[7.728343097872424,51.75108684441469],[7.736050305736819,51.74141856006627],[7.701505973443825,51.71262738673993],[7.692403108653543,51.71737210502884],[7.61289737945838,51.71565680678198],[7.542141849027973,51.68473831200097],[7.5003706654871225,51.72242788648593],[7.465792050310353,51.735789900061214],[7.424290477545447,51.71641393787763],[7.424700835583972,51.706880527047815],[7.437664506741345,51.70438967726148],[7.449603746892278,51.69400173675582],[7.449342742257721,51.676653685807],[7.426496321663647,51.66966002416326],[7.411254862508722,51.67106347163477],[7.40955012162351,51.66458100831167],[7.346922891739311,51.696125507389404],[7.299282780630295,51.706227303506104],[7.3007787736799035,51.715695487663716],[7.3214324331331975,51.73655702137749],[7.310179914258581,51.746285135094986],[7.280115999118466,51.749478210578644],[7.258941299862945,51.77328477252232],[7.2634151965737,51.78161920427096],[7.260940136380297,51.79969555821057],[7.2140634007344415,51.81674763179703],[7.125091496859352,51.83176319097782],[7.085277757531945,51.8527314416932],[7.055738247730834,51.88834025084525],[7.060102657319469,51.90105608468169],[7.068400291747812,51.90510528400082],[7.080867308950556,51.92845464566651],[7.090124830926343,51.9741528388876],[7.086820016607328,51.979407530997754],[7.055766347791262,51.98960588111209],[7.053327115546649,52.00192358270644],[7.057644966710186,52.01077421098242],[7.088583969864516,52.00588365196483],[7.119785418939167,52.011663013155434],[7.169156173582407,52.04634250075188],[7.241256600147674,52.04238442930897],[7.267710389444608,52.05839286630621],[7.310889384746435,52.058331378045246],[7.35687207807628,52.08856909826344],[7.417866493593097,52.08180616175598],[7.43613626222486,52.09901243123713],[7.45806927500549,52.1434954379282],[7.5269423550714185,52.12944035644553],[7.540676752576092,52.11491053509079],[7.549427149881946,52.08790554685594]]]}},{"type":"Feature","properties":{"district":"128 Steinfurt III","constituency_code":"128","state":"North Rhine-Westphalia"},"geometry":{"type":"Polygon","coordinates":[[[7.608038612164173,52.47401575073608],[7.688382442417762,52.45367265355428],[7.702342179247891,52.43437005709513],[7.713777690785259,52.40098590488966],[7.807088758088664,52.371427028263504],[7.843035816404451,52.36902764570905],[7.891770367911166,52.38051298024109],[7.921682203329208,52.365617660712104],[7.936669993157876,52.36497725588566],[7.948563556451947,52.33512760793713],[7.978010144702175,52.31270391419663],[7.931591756953553,52.30146864598607],[7.932168986590227,52.28799112465354],[7.956465027740188,52.272490577884106],[7.925623714505456,52.26281446084422],[7.92654914088049,52.226548334313776],[7.899840166840902,52.206828609323104],[7.912948643149975,52.185135334653914],[7.9339868246045855,52.17692188574842],[8.007512014246787,52.17595746747483],[8.01697801280058,52.17205069821213],[8.003504900835056,52.14965820668641],[8.007796128719072,52.11533314418332],[7.971769165195478,52.115983013544714],[7.885159165632709,52.08330245701468],[7.81646351409358,52.09381442740335],[7.796690670723305,52.10411494381695],[7.762179848453471,52.09688367287431],[7.749084677143365,52.090641893839255],[7.732110385684324,52.07382239165964],[7.703492523305176,52.034116153207705],[7.681872980913279,52.03622571724773],[7.598783918709932,52.06017550905977],[7.554836798488004,52.042039150969735],[7.53473149115586,52.075109408667586],[7.550019761650556,52.0918180228264],[7.540676752576092,52.11491053509079],[7.5239122129878355,52.1312552640853],[7.455495125375092,52.142610657604514],[7.4495333563401935,52.16439675137689],[7.44364164847212,52.173590389405625],[7.432488053682908,52.17936309075567],[7.437186336126568,52.19278860511004],[7.469210774749723,52.191633163880084],[7.586570958534733,52.2296277603956],[7.579445325681865,52.25343304391099],[7.53056215572014,52.307552036565085],[7.5155712089136095,52.31816114891112],[7.51009315185779,52.31350613356318],[7.496562901866084,52.31686747591889],[7.458430532187014,52.334737101574156],[7.4639041345671995,52.34245344758756],[7.529922923750023,52.36987642857042],[7.564658022629073,52.37111774059993],[7.602719467405383,52.421030690426235],[7.568087376887138,52.43153133234416],[7.590868514750031,52.46378296499689],[7.603452520033797,52.474967448441014],[7.608038612164173,52.47401575073608]]]}},{"type":"Feature","properties":{"district":"129 Münster","constituency_code":"129","state":"North Rhine-Westphalia"},"geometry":{"type":"Polygon","coordinates":[[[7.703492523305176,52.034116153207705],[7.71943832595452,52.032310988023696],[7.747366726421541,51.99753050518926],[7.729264827430781,51.98245570230234],[7.7330928627325255,51.96825489706749],[7.745955927845903,51.94606376881442],[7.765987046454001,51.93609327664334],[7.775044297546884,51.92080970678713],[7.757274031933295,51.897815983293846],[7.723218233782251,51.90113429114352],[7.65032415483296,51.877402253389384],[7.6176836558862355,51.85126364138542],[7.610304278849822,51.840191150709494],[7.560402057420879,51.854287837683465],[7.535564555675684,51.892102848267314],[7.510640430281826,51.89319769996566],[7.505436641519969,51.91542960979591],[7.482764888398716,51.9415945755299],[7.4778847098835275,51.95517289390126],[7.521213436654473,51.978123999431986],[7.512389308308103,51.999670774714964],[7.519236500403657,52.00045455826189],[7.520384052293344,52.01339234895854],[7.552549907568657,52.04083935090808],[7.584163461431049,52.055668985244424],[7.598783918709932,52.06017550905977],[7.681872980913279,52.03622571724773],[7.703492523305176,52.034116153207705]]]}},{"type":"Feature","properties":{"district":"130 Warendorf","constituency_code":"130","state":"North Rhine-Westphalia"},"geometry":{"type":"Polygon","coordinates":[[[7.885159165632709,52.08330245701468],[7.914869724029291,52.060210801937245],[7.91692127084343,52.05163721188037],[7.979814280924266,52.03635581100391],[7.993717080754529,52.04963608544586],[8.032748466850354,52.06844093390661],[8.09239866868976,52.06342670387067],[8.096448167728546,52.057145181231284],[8.07526501952308,52.00993258145466],[8.108433350085162,51.98883273772496],[8.110985886628471,51.967482383373394],[8.119175505345222,51.95523570608096],[8.168751171216668,51.9272923371437],[8.173202726367395,51.915976800336225],[8.168590300072836,51.9074445644168],[8.150751139800207,51.89786830640148],[8.189541962975952,51.863376450083905],[8.198534941022562,51.86261512943111],[8.214528191298015,51.851836258392],[8.234630858478003,51.821676140603316],[8.257571171373838,51.80261837908315],[8.320283590417677,51.725507886794475],[8.29587510013891,51.69497780167954],[8.295584679828142,51.67728720637779],[8.258862657743572,51.662412408324485],[8.21775597260287,51.658169643124495],[8.194751891755054,51.66151240049732],[8.203431530041154,51.68405655710488],[8.199893993087294,51.69565237292356],[8.120087601285077,51.71795235771034],[8.109557737289903,51.714814886768934],[8.098611156246765,51.70227116863326],[7.989926531010613,51.717505459153784],[7.944527602943014,51.70058199178318],[7.889385818987772,51.714374581243156],[7.873661775228588,51.72976154331052],[7.832775392413652,51.73434733966404],[7.769545512077598,51.723993551131755],[7.735788029761417,51.73737042539926],[7.728343097872424,51.75108684441469],[7.7197509937059845,51.74903994408315],[7.674053865760141,51.813369597360165],[7.61405254559406,51.837689664984175],[7.6176836558862355,51.85126364138542],[7.65032415483296,51.877402253389384],[7.723218233782251,51.90113429114352],[7.757274031933295,51.897815983293846],[7.775044297546884,51.92080970678713],[7.765987046454001,51.93609327664334],[7.745955927845903,51.94606376881442],[7.7330928627325255,51.96825489706749],[7.729264827430781,51.98245570230234],[7.747366726421541,51.99753050518926],[7.71943832595452,52.032310988023696],[7.703492523305176,52.034116153207705],[7.749084677143365,52.090641893839255],[7.79406012758678,52.104352356093834],[7.81646351409358,52.09381442740335],[7.885159165632709,52.08330245701468]]]}},{"type":"Feature","properties":{"district":"131 Gütersloh I","constituency_code":"131","state":"North Rhine-Westphalia"},"geometry":{"type":"Polygon","coordinates":[[[8.368873746095694,52.1147648896873],[8.356717459830351,52.09090844555622],[8.457239802862082,52.0147464348059],[8.455638955682533,51.99817081666197],[8.437132150663015,51.97972853440111],[8.408329523098807,51.97293581192716],[8.380522443460666,51.974954561962406],[8.378565193758394,51.97069023509277],[8.397036046698569,51.95661093401791],[8.486704200639164,51.944628170577786],[8.512006136801258,51.91977683232426],[8.532516623544549,51.92603005711391],[8.558098505210463,51.91933285916392],[8.57667219187756,51.883101137726506],[8.601268342627506,51.85399083892064],[8.534338750068542,51.831736323524346],[8.529746190779893,51.8180358922718],[8.518710327115706,51.80870016070322],[8.497369672166494,51.79813680061744],[8.468022323642861,51.791626018377826],[8.447645728439097,51.779413969339295],[8.410121524530163,51.75136386423696],[8.403107786021755,51.719355154635444],[8.38313346404939,51.716766937657844],[8.316130079550508,51.72751030208817],[8.257571171373838,51.80261837908315],[8.234630858478003,51.821676140603316],[8.214528191298015,51.851836258392],[8.198534941022562,51.86261512943111],[8.189541962975952,51.863376450083905],[8.150751139800207,51.89786830640148],[8.168590300072836,51.9074445644168],[8.173202726367395,51.915976800336225],[8.168751171216668,51.9272923371437],[8.119175505345222,51.95523570608096],[8.110985886628471,51.967482383373394],[8.108433350085162,51.98883273772496],[8.075138049386673,52.01039798920114],[8.096448167728546,52.057145181231284],[8.131997479107081,52.07124856895068],[8.198205288704706,52.08180077605665],[8.208913878928348,52.09677428975435],[8.245896154361791,52.12139729834075],[8.285930906942012,52.13138781933775],[8.368873746095694,52.1147648896873]]]}},{"type":"Feature","properties":{"district":"132 Bielefeld – Gütersloh II","constituency_code":"132","state":"North Rhine-Westphalia"},"geometry":{"type":"Polygon","coordinates":[[[8.424515020357443,52.105244169895144],[8.471203927232207,52.10097187114149],[8.488696343961044,52.10945603050369],[8.5164952668872,52.11470794874973],[8.557821539880392,52.107685244021965],[8.570148371775302,52.076644982414734],[8.662061690549372,52.05708702404781],[8.660029847487992,52.039186391714075],[8.655037630441868,52.034583393034985],[8.653852947028623,51.98127103787839],[8.648007150938943,51.95918921300525],[8.606338722501398,51.92737263428321],[8.558098505210463,51.91933285916392],[8.532516623544549,51.92603005711391],[8.512006136801258,51.91977683232426],[8.486704200639164,51.944628170577786],[8.391441987345207,51.96008447304412],[8.37767736900535,51.97285212923631],[8.416916828988452,51.97377031503426],[8.437132150663015,51.97972853440111],[8.455638955682533,51.99817081666197],[8.457239802862082,52.0147464348059],[8.356717459830351,52.09090844555622],[8.368873746095694,52.1147648896873],[8.4105863706725,52.115115173954],[8.424515020357443,52.105244169895144]]]}},{"type":"Feature","properties":{"district":"133 Herford – Minden-Lübbecke II","constituency_code":"133","state":"North Rhine-Westphalia"},"geometry":{"type":"Polygon","coordinates":[[[8.871759212551693,52.24870278033401],[8.859910215785636,52.236774034642],[8.85193036742803,52.21052108296349],[8.863203928462026,52.19362760453017],[8.89570784493928,52.195543317705486],[8.927116077017132,52.184427129453944],[8.904507654531251,52.16648570361916],[8.898701014240569,52.156116087081145],[8.892248737298807,52.13559825579229],[8.900954908764632,52.127951026231266],[8.892516035725954,52.11326314507458],[8.86938965038737,52.10376386307518],[8.837913225180223,52.10393258677576],[8.812484881703126,52.120957932024204],[8.746822460454297,52.120767833024736],[8.695506363474355,52.09360543695508],[8.666374521647684,52.08685422796186],[8.653119319366049,52.060188011651945],[8.646674947530554,52.05857643933112],[8.570148371775302,52.076644982414734],[8.557821539880392,52.107685244021965],[8.5164952668872,52.11470794874973],[8.488696343961044,52.10945603050369],[8.471203927232207,52.10097187114149],[8.427148196874736,52.10454307341321],[8.414696168512537,52.11061594621931],[8.403805014579612,52.12425545104252],[8.405229408868868,52.13106504671131],[8.415515110841266,52.13916329839761],[8.453533796281505,52.155386954529654],[8.462092142094834,52.153103777522716],[8.48091940546056,52.159631805202096],[8.517437323835836,52.18495044839966],[8.460188310110425,52.195954635922305],[8.44239179303104,52.213306814842575],[8.455852476627214,52.227057370799734],[8.458796591610053,52.25818487515046],[8.466186370846772,52.26761383029067],[8.536510473715284,52.26209301186983],[8.570105149706094,52.254505563566326],[8.634342842885918,52.26060648060781],[8.680297539470354,52.23941526263828],[8.696571075932754,52.245482323164616],[8.722544808919979,52.246545365435324],[8.739516989158858,52.261586341308714],[8.766480725468982,52.27054749002275],[8.871759212551693,52.24870278033401]]]}},{"type":"Feature","properties":{"district":"134 Minden-Lübbecke I","constituency_code":"134","state":"North Rhine-Westphalia"},"geometry":{"type":"Polygon","coordinates":[[[8.703008886316846,52.50043805164038],[8.698562545093314,52.48525919210214],[8.707486372397023,52.395351264297226],[8.746086795776929,52.387872222250586],[8.815252951254049,52.39481706665134],[8.855101140935256,52.389234121993205],[8.921511891141263,52.403096176041025],[8.986390703972035,52.432175232973286],[8.991021011430325,52.45265096566296],[9.017158336236877,52.45994785568387],[9.022950189402671,52.4772619975138],[9.052656209231072,52.50029804893485],[9.132609286423232,52.48343222814491],[9.136708747143896,52.4755456278722],[9.10292307398738,52.45692635464628],[9.094530000241459,52.44282393538175],[9.110523179721747,52.43542718349744],[9.123766660553665,52.42154768620225],[9.125415730870406,52.41282324079106],[9.12159583931765,52.4016623168323],[9.08511054595215,52.35585840088931],[9.057924826210815,52.339577401115456],[9.027357220467064,52.34561094559759],[8.99864501982414,52.326148939160426],[8.99034771849759,52.31131911147621],[8.988077145558972,52.287568986712174],[8.963536742655027,52.279026973836146],[8.974870268145148,52.26255531761329],[9.032970015908168,52.24952628207261],[9.076650072817852,52.233609149057024],[9.045855734049258,52.210785484975645],[9.045349209490217,52.18377344619807],[9.021111202585752,52.18383604781631],[8.98578740729705,52.194576268370945],[8.990911035365823,52.184934184473384],[8.984492079607593,52.180822737362234],[8.927116077017132,52.184427129453944],[8.89570784493928,52.195543317705486],[8.863203928462026,52.19362760453017],[8.85193036742803,52.21052108296349],[8.859910215785636,52.236774034642],[8.871759212551693,52.24870278033401],[8.766480725468982,52.27054749002275],[8.739516989158858,52.261586341308714],[8.722544808919979,52.246545365435324],[8.696571075932754,52.245482323164616],[8.680297539470354,52.23941526263828],[8.634342842885918,52.26060648060781],[8.570105149706094,52.254505563566326],[8.536510473715284,52.26209301186983],[8.466186370846772,52.26761383029067],[8.45981583615917,52.30470024853004],[8.462027416131322,52.31713592696744],[8.44268086170319,52.35692371617611],[8.393053296630182,52.38463785751275],[8.314038742516525,52.405728242262924],[8.322037248653894,52.42616199733156],[8.29743000738817,52.45446441858328],[8.311374096639113,52.45895155843697],[8.34569070272312,52.45282315693461],[8.359687310173388,52.44403112289044],[8.41814499410128,52.444202296101956],[8.454290059798096,52.461007061405034],[8.46026373406012,52.49031961956002],[8.50884853055412,52.514693374948244],[8.556857516866819,52.49909565218561],[8.65255012398146,52.531443426762145],[8.688758153754518,52.51736999767675],[8.703008886316846,52.50043805164038]]]}},{"type":"Feature","properties":{"district":"135 Lippe I","constituency_code":"135","state":"North Rhine-Westphalia"},"geometry":{"type":"Polygon","coordinates":[[[9.155604698934603,52.0978298700008],[9.176087006781174,52.086116975149864],[9.191062774049804,52.07030003264759],[9.18146262870274,52.06660484042524],[9.172169131020794,52.04737055008163],[9.181039413608655,52.02999436691661],[9.18505169870341,51.99976586749853],[9.179406857250118,51.97987515267769],[9.189551628491149,51.9645671857645],[9.195484617060506,51.96336384765941],[9.177668421434088,51.9515256156198],[9.123598770273606,51.94123189098643],[9.119392899571606,51.91915887802559],[9.111892625717442,51.91605758617356],[9.069293431277472,51.90681646196036],[9.01310792879905,51.90440843140281],[8.985002256518955,51.92591675250039],[8.970263306251965,51.975563165563436],[8.96172004780972,51.98090528976749],[8.919565112802255,51.98518463154398],[8.872530912910957,51.998091880313375],[8.857747981876022,51.98809993038135],[8.877336069240217,51.98355494431607],[8.874996832678818,51.975632431557905],[8.842570154398762,51.96595403854572],[8.82388291457427,51.97066792348393],[8.810060620207357,51.96669353137819],[8.786143841252805,51.95508654385193],[8.760732686717116,51.921219196483115],[8.731029081652173,51.928402165080215],[8.683810281948954,51.91575895411555],[8.622980549471086,51.93004801529077],[8.606338722501398,51.92737263428321],[8.648007150938943,51.95918921300525],[8.653852947028623,51.98127103787839],[8.655037630441868,52.034583393034985],[8.663542153570697,52.05369074522417],[8.652959368447167,52.06303777424976],[8.666374521647684,52.08685422796186],[8.695506363474355,52.09360543695508],[8.746822460454297,52.120767833024736],[8.812484881703126,52.120957932024204],[8.840642101784612,52.10322380571535],[8.866263337900445,52.10294739543301],[8.889566174918855,52.111154153136795],[8.900954908764632,52.127951026231266],[8.892248737298807,52.13559825579229],[8.898701014240569,52.156116087081145],[8.904507654531251,52.16648570361916],[8.927116077017132,52.184427129453944],[8.985865028561456,52.18090310041034],[8.990911035365823,52.184934184473384],[8.98578740729705,52.194576268370945],[8.993759960790701,52.191672212050285],[9.015286807393808,52.17223985825806],[9.011015900803029,52.135770003406606],[9.017792062230647,52.13242667105785],[9.072318703701288,52.14495664160693],[9.14585346414166,52.13425269840621],[9.159335103175117,52.11984022540205],[9.132922851296822,52.097734205758805],[9.134648346816997,52.09428142916714],[9.155604698934603,52.0978298700008]]]}},{"type":"Feature","properties":{"district":"136 Höxter – Lippe II","constituency_code":"136","state":"North Rhine-Westphalia"},"geometry":{"type":"Polygon","coordinates":[[[8.919565112802255,51.98518463154398],[8.956801758360937,51.982002262070544],[8.970263306251965,51.975563165563436],[8.985002256518955,51.92591675250039],[9.01310792879905,51.90440843140281],[9.069293431277472,51.90681646196036],[9.111892625717442,51.91605758617356],[9.119392899571606,51.91915887802559],[9.123598770273606,51.94123189098643],[9.177668421434088,51.9515256156198],[9.219605275661321,51.97359597619383],[9.257758111794452,51.97720983204558],[9.274375358994515,51.97360359528627],[9.278771888164096,51.961242793078185],[9.268371250050455,51.94684927658858],[9.272069028115698,51.93230420713431],[9.288017501707781,51.92146508594863],[9.314943364901104,51.922807061394266],[9.340841883130325,51.908002322491704],[9.345218722961492,51.889152316025296],[9.337738916224927,51.861522881372025],[9.335757386825643,51.85605151023124],[9.323343736187649,51.85506096114865],[9.334699755271986,51.85361073961202],[9.366457340559116,51.86477835352632],[9.437366927114619,51.85622165569625],[9.443904492717698,51.84621294546383],[9.433149499750527,51.84027804396371],[9.427329971991602,51.81049191332936],[9.430901363168202,51.80488327262033],[9.429772312539361,51.78498145294113],[9.375500345837203,51.74401116446795],[9.388389702391654,51.71702504324078],[9.40166493484885,51.70165616201842],[9.394528172286115,51.680644566556936],[9.379039258099471,51.6654195854416],[9.374706086213024,51.64984028550371],[9.386311840995903,51.6460184418235],[9.440456997762439,51.65039402187671],[9.443828398823374,51.64469305223279],[9.426669031621614,51.630813808127385],[9.33709831163274,51.61470156691279],[9.36934644818269,51.591081771336384],[9.319420488308532,51.5479903347022],[9.309968656306095,51.53091061086189],[9.225024384895846,51.48897970130878],[9.21664064756263,51.481165232424836],[9.216465953307283,51.45959399614766],[9.181368973787293,51.46533802380895],[9.155410662676015,51.44267494504261],[9.140937866213298,51.44663882184041],[9.102594183931963,51.4432022270571],[9.089445124620708,51.44657265166973],[9.0771854321117,51.464871609996315],[9.092084096984776,51.487330425756014],[9.092328869281204,51.49438795072905],[9.076521837189672,51.503475144795416],[9.039285948161389,51.50192152121802],[9.023958187403586,51.51133420732319],[9.020976430257896,51.51861066906932],[8.97065374197609,51.50677349984349],[8.969676762695704,51.51099009388246],[8.946514668473096,51.50764546971582],[8.90536961279147,51.526037822246714],[8.906709022912386,51.53191401570713],[8.926670240692541,51.5379951802428],[8.958200129659831,51.560691785075164],[9.016563643322648,51.57505452656797],[9.013159036674576,51.59586042502529],[8.997487074692742,51.59663378658129],[8.980331780633522,51.617703901364116],[8.985873608933748,51.62408277880364],[8.98812860980385,51.64815456780418],[8.971728228095484,51.675801616948974],[8.976339127048764,51.69812211639368],[8.985612747082751,51.70273114391097],[8.989357468077582,51.72086473526698],[8.984579306386712,51.76225649916983],[8.970363840409005,51.7719263592716],[8.959261575784682,51.7897420144317],[8.921514169941737,51.79838717672574],[8.790251909565262,51.79797075775363],[8.768404183038424,51.816477877673826],[8.761005943786914,51.84941070314082],[8.719494813869428,51.89180624789752],[8.683810281948954,51.91575895411555],[8.731029081652173,51.928402165080215],[8.760732686717116,51.921219196483115],[8.786143841252805,51.95508654385193],[8.810060620207357,51.96669353137819],[8.82388291457427,51.97066792348393],[8.842570154398762,51.96595403854572],[8.874996832678818,51.975632431557905],[8.877336069240217,51.98355494431607],[8.857747981876022,51.98809993038135],[8.872530912910957,51.998091880313375],[8.919565112802255,51.98518463154398]]]}},{"type":"Feature","properties":{"district":"137 Paderborn – Gütersloh III","constituency_code":"137","state":"North Rhine-Westphalia"},"geometry":{"type":"Polygon","coordinates":[[[8.775605845694908,51.809942169250355],[8.790251909565262,51.79797075775363],[8.921514169941737,51.79838717672574],[8.959261575784682,51.7897420144317],[8.970363840409005,51.7719263592716],[8.984579306386712,51.76225649916983],[8.987690456658795,51.74888961401564],[8.985612747082751,51.70273114391097],[8.976339127048764,51.69812211639368],[8.971728228095484,51.675801616948974],[8.98812860980385,51.64815456780418],[8.985873608933748,51.62408277880364],[8.980331780633522,51.617703901364116],[8.997487074692742,51.59663378658129],[9.013159036674576,51.59586042502529],[9.016563643322648,51.57505452656797],[8.966304670705668,51.563973862184504],[8.926670240692541,51.5379951802428],[8.906709022912386,51.53191401570713],[8.893436737838236,51.53723201486279],[8.892139913868473,51.547877662720516],[8.852149823321412,51.54858539545264],[8.814832727899653,51.539356147433885],[8.807408765372692,51.53054791345709],[8.807359676933578,51.51937061738406],[8.819977246862699,51.51749944469046],[8.833919598134193,51.50533301755062],[8.834638004270326,51.49507548865994],[8.788560979215688,51.456852954297965],[8.767671118023948,51.44738614647588],[8.652089910669453,51.48115736499584],[8.601136397294896,51.482632482885414],[8.586743699752,51.47970858757685],[8.571215049414016,51.46750359867869],[8.547931197040267,51.467812710172524],[8.520305845615583,51.49026491365818],[8.510416549331243,51.518852682069024],[8.486135345026618,51.533046946532316],[8.47214755296887,51.56284860639819],[8.474363704417852,51.57347043905028],[8.490770679908033,51.58466765595095],[8.516623226355142,51.598154419577135],[8.577888311983568,51.618903498210614],[8.573228703730667,51.660557180394385],[8.49252097113837,51.6821625836617],[8.48436515129722,51.68753150425503],[8.476003283252156,51.71450393572068],[8.462661351187728,51.723247400511895],[8.403107786021755,51.719355154635444],[8.410121524530163,51.75136386423696],[8.466220825621308,51.7906952081529],[8.49778433914944,51.79827878886098],[8.518710327115706,51.80870016070322],[8.529746190779893,51.8180358922718],[8.534338750068542,51.831736323524346],[8.601268342627506,51.85399083892064],[8.57667219187756,51.883101137726506],[8.558098505210463,51.91933285916392],[8.615039624154559,51.9302463415427],[8.680676648189532,51.917708607073436],[8.719494813869428,51.89180624789752],[8.761005943786914,51.84941070314082],[8.768404183038424,51.816477877673826],[8.775605845694908,51.809942169250355]]]}},{"type":"Feature","properties":{"district":"138 Hagen – Ennepe-Ruhr-Kreis I","constituency_code":"138","state":"North Rhine-Westphalia"},"geometry":{"type":"Polygon","coordinates":[[[7.503680680487838,51.415399964058935],[7.549016073520988,51.398719110186384],[7.567707590124649,51.39836776096555],[7.588701296164441,51.3909754955819],[7.577194370643439,51.32975092264122],[7.5831929275251335,51.295865011662116],[7.548881676626266,51.26964123373933],[7.512482195869572,51.26384722517161],[7.502858264413905,51.25356630406508],[7.501312247394318,51.24250019008662],[7.433343159665423,51.214409162358486],[7.429275673544166,51.22533355648413],[7.391924863955684,51.246293047871504],[7.331746777554708,51.2502890023914],[7.306693513372824,51.2388752562702],[7.287198431638647,51.249562878719985],[7.265939386996763,51.2848564615962],[7.254785462339651,51.28540363212683],[7.2623610480507965,51.304309032029686],[7.281563286132924,51.309745829196416],[7.3161147364421435,51.33184280685816],[7.303729009381822,51.33817897297699],[7.3023079656433225,51.34456109940288],[7.315669621393308,51.36300713769384],[7.330625499299953,51.3664106407753],[7.34434620387108,51.36037762557135],[7.343511622970385,51.355141202098224],[7.3526956977188425,51.34766146145589],[7.37632808839072,51.34671705213641],[7.395409679767837,51.36035258085203],[7.402917128772643,51.39412080995399],[7.412241624741408,51.40080465637013],[7.453713150737226,51.407794237714675],[7.4653325771569765,51.416072805208714],[7.507150654017314,51.418279679654134],[7.503680680487838,51.415399964058935]]]}},{"type":"Feature","properties":{"district":"139 Ennepe-Ruhr-Kreis II","constituency_code":"139","state":"North Rhine-Westphalia"},"geometry":{"type":"Polygon","coordinates":[[[7.467980654381466,51.43449111364368],[7.4653325771569765,51.416072805208714],[7.453713150737226,51.407794237714675],[7.412815722486769,51.401044861599516],[7.403793239621209,51.395431586384305],[7.395409679767837,51.36035258085203],[7.37632808839072,51.34671705213641],[7.3526956977188425,51.34766146145589],[7.343511622970385,51.355141202098224],[7.34434620387108,51.36037762557135],[7.330625499299953,51.3664106407753],[7.313410323213403,51.36154089118871],[7.3023079656433225,51.34456109940288],[7.303729009381822,51.33817897297699],[7.3161147364421435,51.33184280685816],[7.268637872188009,51.303716738617815],[7.2623610480507965,51.304309032029686],[7.2636100370728425,51.31863551337801],[7.204618753904052,51.300898811068855],[7.180068280300231,51.30406065405454],[7.168520375803823,51.312351956415725],[7.157379830099279,51.32982217403802],[7.1590595258329115,51.365309311224884],[7.152905339909048,51.37455442746654],[7.117675226425403,51.380272469910935],[7.119061805240245,51.39273211310864],[7.136030064404997,51.426037827630864],[7.14823694170573,51.420442556476495],[7.1996488907007645,51.41918682197931],[7.228355385248749,51.41088476488678],[7.248917436106526,51.41172564951358],[7.287690891608405,51.44149191051926],[7.28891496147885,51.454770810997886],[7.3420401590030195,51.45578718132178],[7.348953854571807,51.46614813698719],[7.348194175297547,51.482669741432154],[7.371347866715439,51.48257614275775],[7.389027454610655,51.47387805619888],[7.423623346561075,51.43293454643232],[7.4554100627801665,51.437165670447456],[7.467980654381466,51.43449111364368]]]}},{"type":"Feature","properties":{"district":"140 Bochum I","constituency_code":"140","state":"North Rhine-Westphalia"},"geometry":{"type":"Polygon","coordinates":[[[7.2300005648922046,51.518169783223954],[7.2448075219341295,51.50709821422235],[7.258368795326872,51.47147348375698],[7.28891496147885,51.454770810997886],[7.28984432712946,51.443874077138865],[7.271263346175027,51.42674142853951],[7.249790734853034,51.41200196412868],[7.229496540453169,51.41083548222921],[7.200127766108781,51.41913722926815],[7.14823694170573,51.420442556476495],[7.123786795632349,51.430910395187034],[7.133345596739552,51.44182977087751],[7.104200574729415,51.48126749635207],[7.137471922313452,51.49057144233151],[7.139561612761529,51.50615737931771],[7.169268610379192,51.50426371673073],[7.192524849723265,51.50934107471155],[7.207257323295727,51.518417282550395],[7.2300005648922046,51.518169783223954]]]}},{"type":"Feature","properties":{"district":"141 Herne – Bochum II","constituency_code":"141","state":"North Rhine-Westphalia"},"geometry":{"type":"Polygon","coordinates":[[[7.274590335461854,51.55661603352292],[7.29631114942119,51.54182786140649],[7.293586829723152,51.532262483080146],[7.314281921684215,51.52242318712224],[7.304041931283226,51.5160854348847],[7.303593755056229,51.50391939225652],[7.32191099635563,51.48962617194883],[7.348194175297547,51.482669741432154],[7.348953854571807,51.46614813698719],[7.3420401590030195,51.45578718132178],[7.28891496147885,51.454770810997886],[7.277677487544804,51.45927230938086],[7.258368795326872,51.47147348375698],[7.2448075219341295,51.50709821422235],[7.2300005648922046,51.518169783223954],[7.207257323295727,51.518417282550395],[7.192524849723265,51.50934107471155],[7.169268610379192,51.50426371673073],[7.139561612761529,51.50615737931771],[7.139299743550306,51.52213540015219],[7.1232023521618615,51.55095333442684],[7.179801187166429,51.552318173475236],[7.226202955416076,51.56439549302783],[7.2416867164404035,51.57340638992079],[7.274590335461854,51.55661603352292]]]}},{"type":"Feature","properties":{"district":"142 Dortmund I","constituency_code":"142","state":"North Rhine-Westphalia"},"geometry":{"type":"Polygon","coordinates":[[[7.437808425696333,51.583423457977695],[7.4230188124600325,51.531807690409565],[7.4338803125318105,51.51982577967138],[7.446950517986263,51.516525838110894],[7.506026700596554,51.52634368860817],[7.522268641951638,51.511251101239],[7.52022646479572,51.49761528239236],[7.493813931779166,51.49709612318224],[7.466980653475408,51.489597147204954],[7.4846458134167335,51.46148644675162],[7.488614918378903,51.448678733188075],[7.484755616163866,51.43953782016265],[7.467980654381466,51.43449111364368],[7.4554100627801665,51.437165670447456],[7.423623346561075,51.43293454643232],[7.3807798317691145,51.478756376624375],[7.32191099635563,51.48962617194883],[7.303593755056229,51.50391939225652],[7.304041931283226,51.5160854348847],[7.314281921684215,51.52242318712224],[7.335776491686656,51.520733322890344],[7.364035420092832,51.52816150961306],[7.35185468222727,51.56657476731681],[7.417934144085011,51.59952017780836],[7.437808425696333,51.583423457977695]]]}},{"type":"Feature","properties":{"district":"143 Dortmund II","constituency_code":"143","state":"North Rhine-Westphalia"},"geometry":{"type":"Polygon","coordinates":[[[7.590542866616816,51.583158289146525],[7.591043143398314,51.56573103906051],[7.607975152326656,51.548554948153956],[7.625053074596638,51.55186276994502],[7.632242612036378,51.548670667365585],[7.637932719730256,51.52762427236097],[7.631983731534905,51.5202769456848],[7.596561681263059,51.50919841688365],[7.597928711369281,51.497186167798496],[7.608486160805565,51.47919039269905],[7.585291269331463,51.46519912457213],[7.572065921053579,51.47502697851089],[7.546301084533198,51.466288635268725],[7.505788496144737,51.42680796410747],[7.507150654017314,51.418279679654134],[7.4653325771569765,51.416072805208714],[7.467980654381466,51.43449111364368],[7.484755616163866,51.43953782016265],[7.488614918378903,51.448678733188075],[7.4816072271231135,51.46923067675691],[7.466980653475408,51.489597147204954],[7.493813931779166,51.49709612318224],[7.52022646479572,51.49761528239236],[7.523993093483577,51.5056003775734],[7.52085492316119,51.51549333422553],[7.506026700596554,51.52634368860817],[7.446950517986263,51.516525838110894],[7.4338803125318105,51.51982577967138],[7.4230188124600325,51.531807690409565],[7.437808425696333,51.583423457977695],[7.528542817153855,51.57671477615463],[7.563420434132401,51.58552769789188],[7.590542866616816,51.583158289146525]]]}},{"type":"Feature","properties":{"district":"144 Unna I","constituency_code":"144","state":"North Rhine-Westphalia"},"geometry":{"type":"Polygon","coordinates":[[[7.67555243562517,51.659191829202506],[7.681531877365465,51.65001675096273],[7.68804701012539,51.61373773018683],[7.811125604063996,51.620989303665056],[7.816343245125014,51.60970216871358],[7.814717075332266,51.591831651977266],[7.836179464075696,51.560783216380536],[7.830338157197662,51.50537641064387],[7.848727250084599,51.48771499759217],[7.850036649667091,51.481271736284924],[7.8023003460740545,51.46993187695131],[7.732680669605698,51.46870382631579],[7.699073574055592,51.47409182692426],[7.639612714544636,51.45998675311894],[7.613891524274852,51.44705966202321],[7.625825955938194,51.42903867357073],[7.631942234969139,51.407201305898994],[7.614570053017304,51.388561519155964],[7.549016073520988,51.398719110186384],[7.503680680487838,51.415399964058935],[7.505788496144737,51.42680796410747],[7.546301084533198,51.466288635268725],[7.572065921053579,51.47502697851089],[7.585291269331463,51.46519912457213],[7.608486160805565,51.47919039269905],[7.597928711369281,51.497186167798496],[7.596561681263059,51.50919841688365],[7.637115869365911,51.52313878787468],[7.632242612036378,51.548670667365585],[7.625053074596638,51.55186276994502],[7.607975152326656,51.548554948153956],[7.591043143398314,51.56573103906051],[7.592484417345012,51.59468543866901],[7.580377290057667,51.60274162683794],[7.561174012664136,51.60346244300534],[7.568452312350418,51.6297803286684],[7.590943615824418,51.641446539094844],[7.606111858393139,51.64001850765074],[7.642138056578496,51.64862922331785],[7.650965724501609,51.6586195914792],[7.67555243562517,51.659191829202506]]]}},{"type":"Feature","properties":{"district":"145 Hamm – Unna II","constituency_code":"145","state":"North Rhine-Westphalia"},"geometry":{"type":"Polygon","coordinates":[[[7.538284168348026,51.68727071511522],[7.545952911896722,51.68560788217421],[7.5876055141294865,51.701352283931584],[7.61289737945838,51.71565680678198],[7.692403108653543,51.71737210502884],[7.701505973443825,51.71262738673993],[7.735788029761417,51.73737042539926],[7.769545512077598,51.723993551131755],[7.832775392413652,51.73434733966404],[7.873661775228588,51.72976154331052],[7.889385818987772,51.714374581243156],[7.970208630800076,51.69221806633295],[7.997528913098828,51.67420731020105],[7.95353270555461,51.6723586346486],[7.9412052611623585,51.63861553628707],[7.911323054153733,51.613713594773756],[7.914357827778329,51.59583042859647],[7.861145243459876,51.58946728577964],[7.824367534103375,51.57805231825468],[7.814717075332266,51.591831651977266],[7.816343245125014,51.60970216871358],[7.811125604063996,51.620989303665056],[7.68804701012539,51.61373773018683],[7.681531877365465,51.65001675096273],[7.672498762203621,51.661054397036686],[7.650965724501609,51.6586195914792],[7.642138056578496,51.64862922331785],[7.606111858393139,51.64001850765074],[7.590943615824418,51.641446539094844],[7.570752925987457,51.6324844049783],[7.561174012664136,51.60346244300534],[7.580377290057667,51.60274162683794],[7.592484417345012,51.59468543866901],[7.590542866616816,51.583158289146525],[7.563420434132401,51.58552769789188],[7.528542817153855,51.57671477615463],[7.437808425696333,51.583423457977695],[7.417934144085011,51.59952017780836],[7.45612376927423,51.61186357483897],[7.465275097459101,51.62953268938721],[7.443412091762959,51.66052759421934],[7.40955012162351,51.66458100831167],[7.411254862508722,51.67106347163477],[7.4373124023020205,51.67269600775056],[7.449342742257721,51.676653685807],[7.451408468522468,51.68324374376068],[7.449603746892278,51.69400173675582],[7.437664506741345,51.70438967726148],[7.424217242401906,51.707390176846886],[7.424290477545447,51.71641393787763],[7.465792050310353,51.735789900061214],[7.472817409026774,51.73524950889484],[7.5003706654871225,51.72242788648593],[7.538284168348026,51.68727071511522]]]}},{"type":"Feature","properties":{"district":"146 Soest","constituency_code":"146","state":"North Rhine-Westphalia"},"geometry":{"type":"Polygon","coordinates":[[[8.403107786021755,51.719355154635444],[8.468104240081324,51.72109111816346],[8.47879807892256,51.70929606878401],[8.48436515129722,51.68753150425503],[8.519067636347122,51.67257598728789],[8.573228703730667,51.660557180394385],[8.577532355218464,51.640109018302255],[8.577888311983568,51.618903498210614],[8.516623226355142,51.598154419577135],[8.490770679908033,51.58466765595095],[8.474363704417852,51.57347043905028],[8.47214755296887,51.56284860639819],[8.486135345026618,51.533046946532316],[8.510416549331243,51.518852682069024],[8.520305845615583,51.49026491365818],[8.547931197040267,51.467812710172524],[8.466638096584257,51.43580898902153],[8.419384790832853,51.40862958976711],[8.298437421021324,51.388775775905984],[8.260585676936714,51.40300194564051],[8.208240874416207,51.411200970370125],[8.156501569536202,51.44129821056962],[8.13874977837769,51.43807174470775],[8.048789754534658,51.450516778478814],[8.00324104720383,51.4750519942786],[7.952412085612022,51.4659959736747],[7.920925662967119,51.47514943300403],[7.91595982230453,51.48577107062551],[7.908240677494149,51.49020148584381],[7.881567999318809,51.47849347351388],[7.877606667897765,51.474147183476695],[7.879435910825995,51.466598965262364],[7.863767207214432,51.45884899264698],[7.838875258722429,51.47857125572232],[7.848845595301138,51.48042569437705],[7.8501623579420485,51.485586728400605],[7.830338157197662,51.50537641064387],[7.836179464075696,51.560783216380536],[7.827151339357599,51.57862856010821],[7.861145243459876,51.58946728577964],[7.914357827778329,51.59583042859647],[7.911323054153733,51.613713594773756],[7.9412052611623585,51.63861553628707],[7.95353270555461,51.6723586346486],[7.997528913098828,51.67420731020105],[7.970208630800076,51.69221806633295],[7.944527602943014,51.70058199178318],[7.9600553631894275,51.70842357412952],[7.989926531010613,51.717505459153784],[8.098611156246765,51.70227116863326],[8.115252881760311,51.71757600519916],[8.146319853913596,51.713652701451906],[8.199893993087294,51.69565237292356],[8.203431530041154,51.68405655710488],[8.194751891755054,51.66151240049732],[8.219291575267894,51.65813628366548],[8.258862657743572,51.662412408324485],[8.295584679828142,51.67728720637779],[8.29587510013891,51.69497780167954],[8.324013834540017,51.72781748849744],[8.38313346404939,51.716766937657844],[8.403107786021755,51.719355154635444]]]}},{"type":"Feature","properties":{"district":"147 Hochsauerlandkreis","constituency_code":"147","state":"North Rhine-Westphalia"},"geometry":{"type":"Polygon","coordinates":[[[8.906709022912386,51.53191401570713],[8.90536961279147,51.526037822246714],[8.946514668473096,51.50764546971582],[8.969676762695704,51.51099009388246],[8.97065374197609,51.50677349984349],[8.890376607210866,51.481928275481025],[8.894091021092947,51.47123627526206],[8.948108681852986,51.42821888547675],[8.951529911495662,51.41349278214594],[8.93950200348135,51.389499021158706],[8.889580795713577,51.39272198505722],[8.854019775760133,51.37713784780062],[8.8379944385133,51.38329257794929],[8.836583683412037,51.38850108952734],[8.803993170718318,51.39079794038643],[8.732850996192944,51.3724167001187],[8.705263187865372,51.375247214233966],[8.621098213593513,51.336527894492626],[8.556347796302445,51.27749474968377],[8.597289964930605,51.2471793771306],[8.61153349625417,51.24708588633217],[8.628458031463245,51.25760849277307],[8.695833960527517,51.274306935730145],[8.72199774531785,51.27374380343684],[8.736585314751357,51.26221970116786],[8.727391511761043,51.25025542329661],[8.75053635482429,51.19921539781713],[8.752646456607616,51.17524473183404],[8.736326547385508,51.16057311798731],[8.713761246343271,51.151905662540806],[8.69216180382957,51.132834139164984],[8.70174113098725,51.11657664894221],[8.720429472910036,51.114360907164134],[8.719504714984518,51.110152858513054],[8.656632492158936,51.09490319802579],[8.60146065695754,51.10203456157048],[8.549084808455012,51.101867883529955],[8.54558972415765,51.11382924934494],[8.48935142821979,51.140853251721346],[8.462028654274224,51.142036057648625],[8.404324944543653,51.13252660135241],[8.368839771580813,51.10419226874456],[8.340270425603176,51.09254811557355],[8.238795596281028,51.10433826799718],[8.24157575733329,51.11211724732005],[8.182500297034123,51.14663821387323],[8.167609620276552,51.1473037178425],[8.170090676096084,51.14135128717032],[8.161015186026912,51.13681230326844],[8.131031579164077,51.142852405631615],[8.151360260041354,51.173316467526234],[8.115792159513147,51.19414063247813],[8.099648046983564,51.213677732463566],[8.105962492171543,51.222088804106306],[8.122369915650506,51.22972369289449],[8.118598038525967,51.24002610487601],[8.015795001710744,51.243354539403065],[7.940472412605387,51.23965279381329],[7.936853422227477,51.23302877668171],[7.92010159171946,51.24411214594199],[7.908733400824492,51.27975459936726],[7.916480643388184,51.303134187819666],[7.932610222361759,51.32423906892391],[7.9327086252966685,51.33407184053154],[7.9065092315271706,51.347350483122426],[7.9076677597436955,51.37297902925704],[7.889148806261237,51.40326716937948],[7.895554959358944,51.413915124943095],[7.890179998517481,51.429216996463126],[7.879941662443315,51.44612085989458],[7.863767207214432,51.45884899264698],[7.879435910825995,51.466598965262364],[7.877606667897765,51.474147183476695],[7.881567999318809,51.47849347351388],[7.908240677494149,51.49020148584381],[7.91595982230453,51.48577107062551],[7.920925662967119,51.47514943300403],[7.952412085612022,51.4659959736747],[8.00324104720383,51.4750519942786],[8.048789754534658,51.450516778478814],[8.13874977837769,51.43807174470775],[8.156501569536202,51.44129821056962],[8.208240874416207,51.411200970370125],[8.260585676936714,51.40300194564051],[8.298437421021324,51.388775775905984],[8.419384790832853,51.40862958976711],[8.466638096584257,51.43580898902153],[8.547931197040267,51.467812710172524],[8.573902534478773,51.46835758302008],[8.586743699752,51.47970858757685],[8.601136397294896,51.482632482885414],[8.656564220047363,51.48028256717022],[8.767671118023948,51.44738614647588],[8.788560979215688,51.456852954297965],[8.834638004270326,51.49507548865994],[8.833919598134193,51.50533301755062],[8.819977246862699,51.51749944469046],[8.807359676933578,51.51937061738406],[8.807408765372692,51.53054791345709],[8.814832727899653,51.539356147433885],[8.852149823321412,51.54858539545264],[8.892139913868473,51.547877662720516],[8.893436737838236,51.53723201486279],[8.906709022912386,51.53191401570713]]]}},{"type":"Feature","properties":{"district":"148 Siegen-Wittgenstein","constituency_code":"148","state":"North Rhine-Westphalia"},"geometry":{"type":"Polygon","coordinates":[[[8.549084808455012,51.101867883529955],[8.52812272412318,51.09695248294991],[8.501562683387801,51.078121579543996],[8.538782177829908,51.01944842895795],[8.501414715187822,50.998454024049515],[8.4769891619818,50.978311629177796],[8.473368209064308,50.97503536597726],[8.477891850703633,50.96904745519996],[8.459665449055882,50.96665024611007],[8.449323892114165,50.94108322419142],[8.450462714539732,50.932951077822416],[8.43574846345299,50.91693012753626],[8.3887958498383,50.88634722020541],[8.367073729664545,50.86292525230781],[8.26051124499929,50.87212654572019],[8.129390009135387,50.78746346023161],[8.135641284530438,50.76721617949864],[8.164331548554904,50.74450942256829],[8.16682899044441,50.735710676978314],[8.150911019701779,50.70938687949309],[8.125776742314258,50.68581404863502],[8.099173321031447,50.70355792369339],[8.079578597312377,50.70608462327574],[8.059656032033827,50.695043310179145],[8.039689942277981,50.69737534498266],[8.043045796743312,50.71171577652093],[8.040325987472524,50.72565709010113],[7.968861798142124,50.7739210859241],[7.964248180564761,50.78382248712437],[7.967312567034054,50.79824908537436],[7.973937842156312,50.80417341642794],[7.976505203293511,50.830472585610394],[7.966981799472928,50.84403951452855],[7.957688480035324,50.84886899102113],[7.928007368539206,50.84606353143394],[7.86043843705886,50.87701412788154],[7.829263584510509,50.88238661972115],[7.827766808673649,50.886637841527],[7.833709738208202,50.90834653323048],[7.8514958625992035,50.9258324078091],[7.912261281730207,50.9256608986945],[7.925315270924086,50.933783234754614],[7.923114491986549,50.959068877261615],[7.943155708802593,50.9751398974008],[7.940803222896912,50.98521643620222],[7.9331328460917225,50.99108854706756],[7.934664441513153,51.002600965943174],[7.954134130137814,51.028713028087964],[7.978545079956419,51.03398806949443],[8.022573241135895,51.03299656703428],[8.021905494577378,51.022521491121985],[8.041250597581607,51.00522347889259],[8.069317433501489,51.00765793031592],[8.079821739876811,51.023198452532746],[8.103202431266052,51.024572841539324],[8.128368342366352,51.02427746463197],[8.133068118586372,51.017216383584504],[8.168000738712214,51.00651525113074],[8.213782681708595,51.021357304818736],[8.245044430107422,51.055578287975756],[8.245874484028628,51.066405206459265],[8.230684544329666,51.07522933797246],[8.220931624162297,51.090486039069795],[8.227788276965988,51.09978900437035],[8.238795596281028,51.10433826799718],[8.340270425603176,51.09254811557355],[8.368839771580813,51.10419226874456],[8.401753590227184,51.1311372877063],[8.42379336746972,51.13796101515756],[8.48935142821979,51.140853251721346],[8.54558972415765,51.11382924934494],[8.549084808455012,51.101867883529955]]]}},{"type":"Feature","properties":{"district":"149 Olpe – Märkischer Kreis I","constituency_code":"149","state":"North Rhine-Westphalia"},"geometry":{"type":"Polygon","coordinates":[[[7.591190105654647,51.28475467416073],[7.6134522344305084,51.284413730549566],[7.633100715408836,51.275532040757234],[7.638964151148907,51.25715445666879],[7.653345289811346,51.24222541643749],[7.737915707463702,51.2219134036473],[7.758861771017037,51.2248277560337],[7.777059707561191,51.21943640892817],[7.813081052283823,51.19023447345468],[7.808322142913605,51.17699839141056],[7.798556497907142,51.178420767037],[7.7974504968146965,51.172597112790136],[7.8075727059036835,51.15250136513101],[7.936044075810659,51.17404399822346],[7.950857090666232,51.21964171904395],[7.95059070530799,51.228098275580244],[7.939838851588036,51.2340123592579],[7.940472412605387,51.23965279381329],[8.015795001710744,51.243354539403065],[8.118598038525967,51.24002610487601],[8.122369915650506,51.22972369289449],[8.105962492171543,51.222088804106306],[8.099648046983564,51.213677732463566],[8.115792159513147,51.19414063247813],[8.151360260041354,51.173316467526234],[8.130200032836083,51.14341085537714],[8.161015186026912,51.13681230326844],[8.170090676096084,51.14135128717032],[8.167609620276552,51.1473037178425],[8.18402130886662,51.14627229339549],[8.24157575733329,51.11211724732005],[8.238795596281028,51.10433826799718],[8.227788276965988,51.09978900437035],[8.220931624162297,51.090486039069795],[8.230684544329666,51.07522933797246],[8.245874484028628,51.066405206459265],[8.245912790584638,51.05769243757275],[8.214917314226136,51.022081691154305],[8.168000738712214,51.00651525113074],[8.133068118586372,51.017216383584504],[8.128368342366352,51.02427746463197],[8.103202431266052,51.024572841539324],[8.079821739876811,51.023198452532746],[8.069317433501489,51.00765793031592],[8.041250597581607,51.00522347889259],[8.021905494577378,51.022521491121985],[8.022573241135895,51.03299656703428],[7.978545079956419,51.03398806949443],[7.954134130137814,51.028713028087964],[7.934664441513153,51.002600965943174],[7.9331328460917225,50.99108854706756],[7.940803222896912,50.98521643620222],[7.943155708802593,50.9751398974008],[7.923114491986549,50.959068877261615],[7.925315270924086,50.933783234754614],[7.912261281730207,50.9256608986945],[7.8514958625992035,50.9258324078091],[7.828498720087881,50.928889730539765],[7.813265981149156,50.94002724410854],[7.785898055637079,50.939914115181516],[7.7859679691191,50.96626921365817],[7.780074780313602,50.97997015263085],[7.747795114821529,50.977860986708706],[7.725785471097191,50.99794831779085],[7.734037315249791,51.03327721618892],[7.702908766499022,51.063786748148466],[7.7161206042153045,51.07290853333599],[7.690817490835247,51.08503343775918],[7.626210309422756,51.0687562777796],[7.601605094159029,51.08193305905802],[7.606206506079967,51.09796681736041],[7.581621417459611,51.106629173258256],[7.534076649163399,51.101063632247545],[7.503149646059616,51.10337129274749],[7.496174500679549,51.10704604973179],[7.470290002951184,51.14824083042059],[7.4219522524964106,51.18806752383052],[7.419286556125874,51.19902851227232],[7.430852990512071,51.21283103584022],[7.501312247394318,51.24250019008662],[7.502858264413905,51.25356630406508],[7.512482195869572,51.26384722517161],[7.548881676626266,51.26964123373933],[7.5831929275251335,51.295865011662116],[7.591190105654647,51.28475467416073]]]}},{"type":"Feature","properties":{"district":"150 Märkischer Kreis II","constituency_code":"150","state":"North Rhine-Westphalia"},"geometry":{"type":"Polygon","coordinates":[[[7.863767207214432,51.45884899264698],[7.879941662443315,51.44612085989458],[7.890179998517481,51.429216996463126],[7.895554959358944,51.413915124943095],[7.889148806261237,51.40326716937948],[7.9076677597436955,51.37297902925704],[7.9065092315271706,51.347350483122426],[7.9327086252966685,51.33407184053154],[7.932610222361759,51.32423906892391],[7.916480643388184,51.303134187819666],[7.908733400824492,51.27975459936726],[7.92010159171946,51.24411214594199],[7.95059070530799,51.228098275580244],[7.936044075810659,51.17404399822346],[7.8075727059036835,51.15250136513101],[7.7974504968146965,51.172597112790136],[7.798556497907142,51.178420767037],[7.808322142913605,51.17699839141056],[7.813081052283823,51.19023447345468],[7.777059707561191,51.21943640892817],[7.758861771017037,51.2248277560337],[7.737915707463702,51.2219134036473],[7.653345289811346,51.24222541643749],[7.638964151148907,51.25715445666879],[7.633100715408836,51.275532040757234],[7.6134522344305084,51.284413730549566],[7.591190105654647,51.28475467416073],[7.5831929275251335,51.295865011662116],[7.577194370643439,51.32975092264122],[7.588701296164441,51.3909754955819],[7.614570053017304,51.388561519155964],[7.631906265443414,51.40662419825715],[7.625825955938194,51.42903867357073],[7.613891524274852,51.44705966202321],[7.617998201365189,51.45004151058356],[7.655632233084837,51.46568713637556],[7.699073574055592,51.47409182692426],[7.732680669605698,51.46870382631579],[7.8023003460740545,51.46993187695131],[7.838875258722429,51.47857125572232],[7.863767207214432,51.45884899264698]]]}},{"type":"Feature","properties":{"district":"151 Nordsachsen","constituency_code":"151","state":"Saxony"},"geometry":{"type":"Polygon","coordinates":[[[13.05102524682118,51.64767715355244],[13.083747039388806,51.61244431494165],[13.1235124731083,51.61452893984835],[13.15495485835606,51.600196783059964],[13.161772268677234,51.59214829448898],[13.140975245784942,51.569858172470234],[13.146715720293907,51.563454950484605],[13.176589300223727,51.55734323952047],[13.207957036747885,51.524352846104755],[13.208413320227189,51.5103343011886],[13.201371996893805,51.49195062170746],[13.186953607412358,51.486779577831335],[13.182442587104998,51.47487749163737],[13.186607490651284,51.467184077990076],[13.20308042504678,51.458731934536935],[13.203121685977084,51.45101338145614],[13.174276755978434,51.42939803358687],[13.202189123153712,51.41637687476569],[13.210150053940218,51.404736110015826],[13.19062715169403,51.39455339274046],[13.182218513332296,51.37770339406306],[13.202960906586435,51.362742136027684],[13.210628325608177,51.34349704140363],[13.202235840674613,51.32958293111978],[13.214421151415907,51.29348737376881],[13.21663554229478,51.26918160531059],[13.206965863666868,51.24039728052298],[13.198707912177316,51.23040535194727],[13.181609619677277,51.23327412624843],[13.017877730791723,51.20597768358802],[12.99194760878995,51.22207074376948],[12.961717367411556,51.22509600303705],[12.926016105899825,51.218207655119365],[12.913257226301575,51.22091995672978],[12.907139239257788,51.22949873854476],[12.91167208169902,51.23585082705838],[12.914049896188766,51.26759654862135],[12.871788054390153,51.300451614734406],[12.870106860571855,51.306012615087155],[12.91005564737721,51.35397884174347],[12.907706493224039,51.38024888766585],[12.920402513308835,51.393265415526464],[12.937816222405173,51.394957778224324],[12.942434779682857,51.41282930315751],[12.88467746367556,51.44101958889508],[12.816756493199007,51.45224230473202],[12.813596989097714,51.459874406182855],[12.795468403941813,51.46847438548145],[12.754371182772871,51.453877306950396],[12.714909804175027,51.44905535341773],[12.682390330301825,51.45161625295261],[12.662422686372825,51.44576557423614],[12.645462870493327,51.43389842296028],[12.646545983885721,51.428109314366516],[12.653683722286747,51.42588166855349],[12.643960482780619,51.40849027258081],[12.601116230514394,51.38486373843884],[12.579229363879088,51.37639674491981],[12.54531488504462,51.37081798618264],[12.534493868574009,51.37389502403214],[12.49873818689379,51.36050468039092],[12.479606898728841,51.36124278226111],[12.466754914556862,51.367974793600304],[12.468309552819447,51.40129383806788],[12.493553994603223,51.42236045093516],[12.492889636226048,51.431605728245486],[12.471096505451763,51.44247591892379],[12.448202151236838,51.44460328607518],[12.441597777139702,51.43725162831554],[12.44239601876757,51.43058757105099],[12.371412316973212,51.41633117607764],[12.280132218996625,51.41848663762431],[12.256362115239307,51.38062394513986],[12.243296482906226,51.37207119218108],[12.243348676320423,51.3484020503178],[12.193544532558771,51.33251842066011],[12.173532762637809,51.4102569729845],[12.183202535980449,51.410771125623],[12.190285074049761,51.42101848142934],[12.18248234150789,51.432379220152],[12.17103233713404,51.43423427327923],[12.158391001736893,51.44598233684684],[12.153039147759483,51.45754381750336],[12.176485555284534,51.47478709736892],[12.203081768715299,51.48514114767319],[12.207896625587878,51.50259243090046],[12.196026598643906,51.50445573349706],[12.192288782315535,51.531344155750496],[12.201940623035206,51.5313311698424],[12.230049516843502,51.55282534129883],[12.250082120794355,51.561816659883526],[12.29387830999965,51.562706520919946],[12.313047344527783,51.568415830484454],[12.319375023652867,51.57757849590641],[12.347448200311936,51.58678037855248],[12.42386692265585,51.588097106240554],[12.427328903907226,51.59929886264504],[12.449960916264926,51.60681967596529],[12.535646753257305,51.60567928250439],[12.56894735769248,51.61688113416045],[12.578462066699545,51.62583986590575],[12.600471363328294,51.624928491234215],[12.618021215407033,51.614220093888704],[12.66484638063043,51.63165910331965],[12.678685651364116,51.65623597937563],[12.688623587981732,51.66252343610535],[12.716843227620547,51.661313516192514],[12.77134718273697,51.64739003411026],[12.843124589871758,51.684142275365325],[12.859138196265189,51.67603748260204],[12.863439816784537,51.66426939553097],[12.901510677823179,51.64618419122304],[12.965043141624063,51.651441027037876],[12.966821293593833,51.665664762356585],[12.996291835216676,51.66924715415187],[13.017520415439563,51.659965881364556],[13.02046625483338,51.65338694879641],[13.01658887902884,51.645589224198325],[13.023419891309088,51.63775625699588],[13.05102524682118,51.64767715355244]]]}},{"type":"Feature","properties":{"district":"152 Leipzig I","constituency_code":"152","state":"Saxony"},"geometry":{"type":"Polygon","coordinates":[[[12.49873818689379,51.36050468039092],[12.509137264062772,51.34712387681304],[12.526457833048136,51.345548098159654],[12.53883190840333,51.33679248676664],[12.54260699888675,51.32407230527927],[12.539165176383182,51.306356390274104],[12.505058905850237,51.303641331870196],[12.493116994608329,51.316930877754345],[12.4393102031877,51.317967888185024],[12.39771775084131,51.339181153436705],[12.3968399719001,51.347197286677],[12.384757186510024,51.35517441215901],[12.37281577537384,51.35721750726044],[12.348301627111598,51.357050429678175],[12.338734408452353,51.3523326926913],[12.348638776006611,51.33531553857802],[12.341657024296238,51.33230706992924],[12.322219728636556,51.328870286655224],[12.26820582439287,51.331856059235974],[12.241992512312082,51.349781091148124],[12.240945572791771,51.36047888862248],[12.245346269144084,51.375316517319966],[12.256362115239307,51.38062394513986],[12.280132218996625,51.41848663762431],[12.371412316973212,51.41633117607764],[12.44239601876757,51.43058757105099],[12.441597777139702,51.43725162831554],[12.448202151236838,51.44460328607518],[12.471096505451763,51.44247591892379],[12.492889636226048,51.431605728245486],[12.492146403721135,51.420440302843105],[12.468309552819447,51.40129383806788],[12.466754914556862,51.367974793600304],[12.479606898728841,51.36124278226111],[12.49873818689379,51.36050468039092]]]}},{"type":"Feature","properties":{"district":"153 Leipzig II","constituency_code":"153","state":"Saxony"},"geometry":{"type":"Polygon","coordinates":[[[12.505058905850237,51.303641331870196],[12.485246620613504,51.261362079351905],[12.47790759232784,51.25814709303699],[12.44843746534729,51.26848712428326],[12.447154396684793,51.28261171074294],[12.401273088139366,51.28295085951172],[12.350145843752774,51.28988884005456],[12.313446211381638,51.242853487320595],[12.26433024687179,51.24003079566282],[12.254127293762691,51.24846371207214],[12.247522959050166,51.27891798430185],[12.249942101194625,51.28632451819272],[12.261399961044265,51.28571194971194],[12.237627504865776,51.317519879997704],[12.236881306665785,51.32629638024037],[12.258493653731446,51.335558922101164],[12.311173594909894,51.329044033796016],[12.341657024296238,51.33230706992924],[12.348638776006611,51.33531553857802],[12.338734408452353,51.3523326926913],[12.348301627111598,51.357050429678175],[12.37281577537384,51.35721750726044],[12.384757186510024,51.35517441215901],[12.3968399719001,51.347197286677],[12.39771775084131,51.339181153436705],[12.4393102031877,51.317967888185024],[12.493116994608329,51.316930877754345],[12.505058905850237,51.303641331870196]]]}},{"type":"Feature","properties":{"district":"154 Leipzig-Land","constituency_code":"154","state":"Saxony"},"geometry":{"type":"Polygon","coordinates":[[[12.926016105899825,51.218207655119365],[12.928456847608812,51.21528539366993],[12.922952759689117,51.21036735458795],[12.901264724571075,51.212488758119534],[12.894009077987365,51.20855055246378],[12.866577099463425,51.17047276392671],[12.8630655204069,51.14744504732129],[12.891980609012732,51.137584724717186],[12.89452830969261,51.131519197221664],[12.889494329934188,51.12352947674564],[12.88932913046688,51.09734598117068],[12.813592909259429,51.09144511833264],[12.792329966558006,51.102837664095645],[12.745719406195375,51.106353942040535],[12.716255070081834,51.06226102670608],[12.71975552912014,51.020544739121156],[12.744317639233625,51.00256625697902],[12.686262404335949,50.98513685171699],[12.625365054991724,50.979476753223324],[12.617354750679638,50.98079283304847],[12.607227358266236,50.996728471677564],[12.580673929889985,50.98922188854815],[12.544096584986349,50.99770033999225],[12.507739319990142,51.01716217942604],[12.502375620984656,51.03438280573964],[12.507020204381421,51.0542845014231],[12.496027029810294,51.066290997348645],[12.44962971002104,51.077120094815925],[12.386532805189201,51.08090225358032],[12.32157423773448,51.09461526999352],[12.284835916679365,51.09035874831506],[12.278574706789199,51.09928261576259],[12.25308424671221,51.09726786791815],[12.221198539716175,51.10991491104279],[12.225491976085099,51.12036687176693],[12.241461893057068,51.12983896083712],[12.232919578215352,51.13547381242308],[12.196192449508894,51.14190746296911],[12.187184696645716,51.19146341921198],[12.195671881513238,51.22344027486371],[12.189389324087296,51.257622726435855],[12.173679004053447,51.25826217294899],[12.168790887125782,51.269833063334666],[12.172255092513087,51.28568077962165],[12.168947867642363,51.2937568760983],[12.158007346631805,51.30108763182841],[12.147653575375422,51.31996708878118],[12.243348676320423,51.3484020503178],[12.258493653731446,51.335558922101164],[12.236881306665785,51.32629638024037],[12.236936075730553,51.31898802903697],[12.261399961044265,51.28571194971194],[12.249942101194625,51.28632451819272],[12.247522959050166,51.27891798430185],[12.254127293762691,51.24846371207214],[12.26433024687179,51.24003079566282],[12.313446211381638,51.242853487320595],[12.350145843752774,51.28988884005456],[12.401273088139366,51.28295085951172],[12.447154396684793,51.28261171074294],[12.44843746534729,51.26848712428326],[12.47790759232784,51.25814709303699],[12.485246620613504,51.261362079351905],[12.505058905850237,51.303641331870196],[12.539568070413806,51.30734843047506],[12.54260699888675,51.32407230527927],[12.53883190840333,51.33679248676664],[12.526457833048136,51.345548098159654],[12.509137264062772,51.34712387681304],[12.49873818689379,51.36050468039092],[12.534493868574009,51.37389502403214],[12.54531488504462,51.37081798618264],[12.579229363879088,51.37639674491981],[12.601116230514394,51.38486373843884],[12.643960482780619,51.40849027258081],[12.653683722286747,51.42588166855349],[12.646545983885721,51.428109314366516],[12.645462870493327,51.43389842296028],[12.662422686372825,51.44576557423614],[12.682390330301825,51.45161625295261],[12.714909804175027,51.44905535341773],[12.754371182772871,51.453877306950396],[12.795468403941813,51.46847438548145],[12.813596989097714,51.459874406182855],[12.816756493199007,51.45224230473202],[12.88467746367556,51.44101958889508],[12.942434779682857,51.41282930315751],[12.937816222405173,51.394957778224324],[12.920402513308835,51.393265415526464],[12.907706493224039,51.38024888766585],[12.91005564737721,51.35397884174347],[12.870106860571855,51.306012615087155],[12.871788054390153,51.300451614734406],[12.914049896188766,51.26759654862135],[12.907339184653999,51.22701009889058],[12.926016105899825,51.218207655119365]]]}},{"type":"Feature","properties":{"district":"155 Meißen","constituency_code":"155","state":"Saxony"},"geometry":{"type":"Polygon","coordinates":[[[13.691250599689742,51.37401280493504],[13.713393943029164,51.363502865916956],[13.765420304094564,51.36098634905784],[13.776470605778243,51.36183113547929],[13.782525022094466,51.369668136884385],[13.835313220488397,51.37679000022806],[13.847503197524723,51.3621773150414],[13.856495647446442,51.3408999123365],[13.855458390336656,51.336534525101385],[13.826250282575105,51.332665172211534],[13.80080717301043,51.30404235137381],[13.803490673549405,51.27234642592897],[13.811247894726408,51.26860600519472],[13.814202440218365,51.247799206574406],[13.81235278539122,51.229839129425926],[13.782445394745107,51.220775079451464],[13.780275742042205,51.2102267689913],[13.79456590665666,51.19770288872584],[13.76615528800866,51.17521013804806],[13.743724291353312,51.176915428705726],[13.747304072587548,51.1630279118322],[13.768587761019981,51.144593473231346],[13.757305269401838,51.13707333962194],[13.72082923651691,51.140138209371386],[13.692311800948588,51.112228022056875],[13.690251237825548,51.09990220771452],[13.699944139330201,51.09383710183721],[13.696951330391405,51.09026277711243],[13.68779316527293,51.08830692628181],[13.617186315282424,51.102362811567474],[13.592586487975511,51.09447122240352],[13.598972955570867,51.08541357920676],[13.588047503117341,51.067170445026896],[13.580317213982081,51.06461926798034],[13.522305956857608,51.057996560370384],[13.484996131586069,51.066611614231334],[13.432080115363656,51.05515848921204],[13.421885580315674,51.0341998844092],[13.387180373164616,51.05179470463606],[13.365863142653073,51.050825905096495],[13.325892245267143,51.03676480739951],[13.267478401025196,51.02518288740404],[13.236566432768868,51.00723936759042],[13.22890207362016,51.0125602085536],[13.26061500767399,51.03914835939875],[13.266604962000216,51.049297608269704],[13.255537982969413,51.09762108554665],[13.251961679771732,51.159631859070586],[13.214209538259066,51.18262678022534],[13.206506052680425,51.20224333894836],[13.207555032523745,51.21744352015075],[13.198707912177316,51.23040535194727],[13.206965863666868,51.24039728052298],[13.21663554229478,51.26918160531059],[13.214421151415907,51.29348737376881],[13.202235840674613,51.32958293111978],[13.210628325608177,51.34349704140363],[13.202960906586435,51.362742136027684],[13.182218513332296,51.37770339406306],[13.19062715169403,51.39455339274046],[13.210150053940218,51.404736110015826],[13.217308924774695,51.395055647342225],[13.256074257801615,51.39209091160046],[13.286672469892867,51.41138323057518],[13.401002083948887,51.45473350748671],[13.473786065723516,51.41788115716214],[13.521217776901238,51.40205738901673],[13.52355185548982,51.3812962364721],[13.537768442183278,51.3771564623036],[13.569961776964607,51.38566602486252],[13.589854833766978,51.38423485725994],[13.597104396597373,51.36901487888944],[13.682764784461261,51.3676152734647],[13.691250599689742,51.37401280493504]]]}},{"type":"Feature","properties":{"district":"156 Bautzen I","constituency_code":"156","state":"Saxony"},"geometry":{"type":"Polygon","coordinates":[[[14.447189396479587,51.54277488806363],[14.449765026773198,51.52924646314348],[14.475230173190655,51.49427901772996],[14.470869482988457,51.47575811697152],[14.486519617558116,51.45678558719109],[14.505992802668164,51.44806878193131],[14.52239168400271,51.432317681910696],[14.512935571250797,51.414503571309886],[14.502339971278277,51.41097269261166],[14.481580102170179,51.39004526641527],[14.458585369593438,51.34862050182826],[14.472599567800811,51.32380159075375],[14.478945869577467,51.321027503756135],[14.510174014843965,51.32939721579954],[14.540935789038341,51.34935353812056],[14.563897384517512,51.31886112973584],[14.577650364144938,51.32412338789172],[14.594168568308003,51.31936662520884],[14.605740611251239,51.30755396717463],[14.61857717164453,51.28021437908904],[14.62052630109369,51.22891718969692],[14.658025494515691,51.21311786881967],[14.698344811649877,51.180343178124744],[14.683222354485755,51.151272819658416],[14.663931959827744,51.15456656130714],[14.584002267798821,51.104952890721165],[14.558579430781437,51.081275975762544],[14.522504660663829,51.081814030375554],[14.4738117880789,51.072679819115834],[14.49422860812697,51.0363091132082],[14.492738664798061,51.02350199087478],[14.474500171389117,51.026072052865956],[14.465723534402096,51.03537264952322],[14.453538931283619,51.03576874286846],[14.421785810184947,51.01956939418283],[14.408557952971751,51.01872561480174],[14.390278379229468,51.02405886197319],[14.383167179025484,51.028530815544606],[14.382565515489818,51.03856990043426],[14.361987043852375,51.04542548301665],[14.334998387833714,51.039676668578636],[14.318303692350815,51.05367609355409],[14.320316909904486,51.06785412634035],[14.194794110409662,51.08670937910514],[14.186454104442687,51.087594838168904],[14.178595555157038,51.071330194831],[14.167938717739425,51.066765245232745],[14.14345933703617,51.07436107014153],[14.126070639953465,51.085667892560046],[14.103455157008453,51.07295559795349],[14.063810600851788,51.07339013490836],[14.01270250543529,51.10043211408959],[14.016963770956508,51.11828287457486],[14.031216045540843,51.12350041567525],[14.070579990407332,51.126482816870826],[14.11290091841041,51.14798940482396],[14.10810357130093,51.16762208712025],[14.081908760342271,51.17034659464005],[14.045814807166893,51.16062904932243],[13.994423793620795,51.1681040752351],[13.980321264472542,51.154158282373935],[13.929766290249821,51.1619131553892],[13.92821825569865,51.17328935586849],[13.932881286028886,51.18397889025569],[13.92273677242995,51.20179475571543],[13.820990508531471,51.193803289606045],[13.79456590665666,51.19770288872584],[13.780275742042205,51.2102267689913],[13.782445394745107,51.220775079451464],[13.81235278539122,51.229839129425926],[13.811247894726408,51.26860600519472],[13.803490673549405,51.27234642592897],[13.80080717301043,51.30404235137381],[13.826250282575105,51.332665172211534],[13.855999896884265,51.33705941074568],[13.847503197524723,51.3621773150414],[13.834546856191885,51.38249459835568],[13.882632643896333,51.37506694106804],[13.908883695753637,51.3787928779507],[13.94450402245149,51.3916685839721],[13.998791307828345,51.38067849369171],[14.072593723108476,51.472087259284216],[14.089111947213114,51.47804272696857],[14.101418821076237,51.51592989546079],[14.136708930249004,51.54330893940336],[14.273613083252563,51.5324003909494],[14.323130182397378,51.519984168685056],[14.340520898207833,51.50780591916097],[14.38618732278552,51.540541663423774],[14.447189396479587,51.54277488806363]]]}},{"type":"Feature","properties":{"district":"157 Görlitz","constituency_code":"157","state":"Saxony"},"geometry":{"type":"Polygon","coordinates":[[[14.729865563217839,51.58177700404594],[14.711240955605815,51.56265530713126],[14.73576342019579,51.52595616113827],[14.83241347755461,51.50380228015731],[14.85163890808799,51.48955640800857],[14.915772167026308,51.483768711750834],[14.95167574931748,51.46907593300585],[14.97405812278723,51.44228782138713],[14.963517574581903,51.394123063920425],[14.97775776272817,51.341698788673845],[15.033338687559139,51.29409606053285],[15.038281948676474,51.2752543376777],[15.033427599854946,51.24097222299957],[15.0191617752591,51.22846271391955],[14.97814223112118,51.07883195934247],[14.919154715132315,50.976824540793466],[14.9030546277236,50.97171785634403],[14.892934819936983,50.949584718732005],[14.896553479686071,50.94064168581018],[14.8195228799004,50.88506206350892],[14.801809513577496,50.824864341645736],[14.792939153481239,50.82033512862974],[14.766383061380058,50.81933253161463],[14.618800158631714,50.85780456637518],[14.618729180167456,50.86455681073127],[14.653077497908344,50.905535401132916],[14.650142077622544,50.93154028839982],[14.58320977696037,50.91425700130963],[14.564037973074987,50.91849759069437],[14.560662010318948,50.9253740159329],[14.580676265403195,50.94187564550611],[14.596073845490793,50.96280840296393],[14.599177546006121,50.987111007269306],[14.562134448632358,51.00884716362505],[14.535287461681069,51.00924004542331],[14.498557612676201,51.02205889294827],[14.508211955894627,51.04315460074215],[14.499770688441393,51.046535325045205],[14.491220964394847,51.0435305814078],[14.47319266809587,51.07013293429596],[14.487827337266598,51.07731930523625],[14.518387483418039,51.081352249194545],[14.558579430781437,51.081275975762544],[14.584002267798821,51.104952890721165],[14.663931959827744,51.15456656130714],[14.683222354485755,51.151272819658416],[14.698344811649877,51.180343178124744],[14.658025494515691,51.21311786881967],[14.62052630109369,51.22891718969692],[14.61857717164453,51.28021437908904],[14.605740611251239,51.30755396717463],[14.594168568308003,51.31936662520884],[14.577650364144938,51.32412338789172],[14.563897384517512,51.31886112973584],[14.540935789038341,51.34935353812056],[14.510174014843965,51.32939721579954],[14.478945869577467,51.321027503756135],[14.472599567800811,51.32380159075375],[14.458585369593438,51.34862050182826],[14.481580102170179,51.39004526641527],[14.502339971278277,51.41097269261166],[14.512935571250797,51.414503571309886],[14.52239168400271,51.432317681910696],[14.505992802668164,51.44806878193131],[14.486519617558116,51.45678558719109],[14.470869482988457,51.47575811697152],[14.475230173190655,51.49427901772996],[14.449765026773198,51.52924646314348],[14.447074106859874,51.55267107497779],[14.496795199470137,51.55920286051037],[14.515453721732325,51.55423483845838],[14.540988820970098,51.56009235804986],[14.569635103673056,51.58119048312874],[14.598170645754227,51.57248917636103],[14.605331710585952,51.55769717042487],[14.67441432012185,51.55104390250915],[14.68857387067572,51.559363138489026],[14.70002632316747,51.575941359747674],[14.702547734566268,51.58355594841824],[14.696647727672223,51.596660832211484],[14.711163820912999,51.59576491182484],[14.729865563217839,51.58177700404594]]]}},{"type":"Feature","properties":{"district":"158 Sächsische Schweiz-Osterzgebirge","constituency_code":"158","state":"Saxony"},"geometry":{"type":"Polygon","coordinates":[[[14.317873448417885,51.05469924850931],[14.301640707841488,51.05495051132253],[14.292188859435347,51.04653737019863],[14.265155016045659,51.00812485814799],[14.2585430359874,50.98751827368885],[14.287726792121559,50.97800431240316],[14.316340446554666,50.951986800833666],[14.39672806336259,50.936490676144864],[14.400989008606638,50.92576987679386],[14.387635007634529,50.899087979029886],[14.354623976205204,50.89841307891455],[14.304845070807037,50.88398108825287],[14.2676961604117,50.895336722569525],[14.235261836726453,50.88473538028222],[14.235235907553912,50.87431265709028],[14.223292324507476,50.85923671143901],[14.161464804377392,50.8475372168482],[14.100567785441516,50.82739015277971],[14.078380053168141,50.812411436647096],[14.037139500839793,50.80744313466225],[13.986314654142546,50.81653075767911],[13.954361713572185,50.805938527741795],[13.955840747100183,50.80058975252137],[13.939180496108039,50.78997900776473],[13.900383564639569,50.793240264439916],[13.88730266448162,50.77087124541533],[13.889657758024766,50.7626329034068],[13.902737423028412,50.752908988443124],[13.89819031668555,50.74448565431637],[13.845504463534358,50.725222715514526],[13.778134595591851,50.7363457233309],[13.732950843080719,50.730474088365696],[13.712000336696892,50.72029482737626],[13.683773814168557,50.72224540261914],[13.666459173133694,50.73197840527393],[13.652173818881614,50.73035988866384],[13.594994387278378,50.776173711753394],[13.573281821006884,50.771924584606346],[13.551470727400888,50.782154637459165],[13.550862383883878,50.78869949814818],[13.563327032270088,50.803688932817046],[13.560450965768096,50.81398593529852],[13.543791651879992,50.82768001845845],[13.527382896773501,50.828541553937136],[13.504952883472757,50.83943538393463],[13.50729450325052,50.848821036600455],[13.491606001810965,50.88843400860972],[13.469158245598676,50.90051801722882],[13.443747820531815,50.93278891084636],[13.428138776797942,50.943547252200666],[13.445777296402161,50.96815289324083],[13.462793064981355,50.9679731016456],[13.477159542047492,50.981401844542724],[13.475125177940965,50.98504676096563],[13.438389841728123,50.98053188383711],[13.430864394690158,50.987628086347144],[13.426524413054539,50.99639961440051],[13.428793516181024,51.00160122199097],[13.446986706198702,51.020430199612754],[13.435152597339933,51.0323987958774],[13.421885580315674,51.0341998844092],[13.430057144273842,51.05366957252781],[13.484996131586069,51.066611614231334],[13.522305956857608,51.057996560370384],[13.580317213982081,51.06461926798034],[13.58340359036819,51.0442218534837],[13.604290015361128,51.03187947138294],[13.66391987440257,51.030050653178996],[13.665859712644194,51.01726388254097],[13.674522794059529,51.01763152853988],[13.687172619954291,51.006623224233174],[13.741673323462278,51.00744264356243],[13.789636907121631,50.98710327104366],[13.791905053162932,50.977042008896156],[13.817365948080536,50.975184279006335],[13.895097379185161,50.99051534126793],[13.962968912244326,51.03174259945833],[13.961488192641083,51.06106040616763],[13.986673174220014,51.06997498419199],[14.035906863016551,51.06748368204227],[14.047454272128906,51.084968388489315],[14.063810600851788,51.07339013490836],[14.098875788675237,51.0725385046103],[14.126070639953465,51.085667892560046],[14.164847537717172,51.06654714649849],[14.178595555157038,51.071330194831],[14.186454104442687,51.087594838168904],[14.194794110409662,51.08670937910514],[14.320316909904486,51.06785412634035],[14.317873448417885,51.05469924850931]]]}},{"type":"Feature","properties":{"district":"159 Dresden I","constituency_code":"159","state":"Saxony"},"geometry":{"type":"Polygon","coordinates":[[[13.882849847376681,50.98685869042956],[13.82127776903012,50.97522582749693],[13.791905053162932,50.977042008896156],[13.789636907121631,50.98710327104366],[13.741673323462278,51.00744264356243],[13.687172619954291,51.006623224233174],[13.674522794059529,51.01763152853988],[13.700788741999704,51.02519732676421],[13.707821994920764,51.03523948238884],[13.711813499888649,51.045662948204644],[13.691184797153891,51.05406310684327],[13.686887172310767,51.06394636876443],[13.71500082451204,51.07653142972449],[13.803741392339987,51.060033813777146],[13.845618993465038,51.01972574551015],[13.866443858493248,51.00857996337602],[13.882849847376681,50.98685869042956]]]}},{"type":"Feature","properties":{"district":"160 Dresden II – Bautzen II","constituency_code":"160","state":"Saxony"},"geometry":{"type":"Polygon","coordinates":[[[13.930462899489473,51.19116537364221],[13.930529344952525,51.16138636497972],[13.980321264472542,51.154158282373935],[13.994423793620795,51.1681040752351],[14.05825696072317,51.1609173836941],[14.090540554705447,51.17042401817407],[14.10810357130093,51.16762208712025],[14.11290091841041,51.14798940482396],[14.070579990407332,51.126482816870826],[14.031216045540843,51.12350041567525],[14.016963770956508,51.11828287457486],[14.01270250543529,51.10043211408959],[14.024961909246906,51.09140609840975],[14.047454272128906,51.084968388489315],[14.035906863016551,51.06748368204227],[13.986673174220014,51.06997498419199],[13.961488192641083,51.06106040616763],[13.962968912244326,51.03174259945833],[13.882849847376681,50.98685869042956],[13.866443858493248,51.00857996337602],[13.849077701739821,51.01692014648399],[13.798061547806752,51.06200023246485],[13.706684201498039,51.07544862631704],[13.686887172310767,51.06394636876443],[13.691184797153891,51.05406310684327],[13.711813499888649,51.045662948204644],[13.711006859050705,51.040222562503374],[13.700788741999704,51.02519732676421],[13.6698649724376,51.014660378679736],[13.66391987440257,51.030050653178996],[13.604290015361128,51.03187947138294],[13.58340359036819,51.0442218534837],[13.579721093505505,51.050929048367244],[13.580317213982081,51.06461926798034],[13.588047503117341,51.067170445026896],[13.598972955570867,51.08541357920676],[13.592586487975511,51.09447122240352],[13.598521057711851,51.09831214540996],[13.623652815952704,51.10259517288576],[13.658810631086018,51.09274242050034],[13.696951330391405,51.09026277711243],[13.699944139330201,51.09383710183721],[13.690251237825548,51.09990220771452],[13.692311800948588,51.112228022056875],[13.72082923651691,51.140138209371386],[13.757305269401838,51.13707333962194],[13.768587761019981,51.144593473231346],[13.747304072587548,51.1630279118322],[13.743724291353312,51.176915428705726],[13.76615528800866,51.17521013804806],[13.79456590665666,51.19770288872584],[13.820990508531471,51.193803289606045],[13.918713874438875,51.202452828740505],[13.930462899489473,51.19116537364221]]]}},{"type":"Feature","properties":{"district":"161 Mittelsachsen","constituency_code":"161","state":"Saxony"},"geometry":{"type":"Polygon","coordinates":[[[13.198707912177316,51.23040535194727],[13.207555032523745,51.21744352015075],[13.206506052680425,51.20224333894836],[13.214209538259066,51.18262678022534],[13.251961679771732,51.159631859070586],[13.25303721223099,51.154852676235336],[13.255537982969413,51.09762108554665],[13.266604962000216,51.049297608269704],[13.26061500767399,51.03914835939875],[13.22890207362016,51.0125602085536],[13.236566432768868,51.00723936759042],[13.267478401025196,51.02518288740404],[13.325892245267143,51.03676480739951],[13.365863142653073,51.050825905096495],[13.387180373164616,51.05179470463606],[13.440618857125921,51.02919945295818],[13.446986706198702,51.020430199612754],[13.428793516181024,51.00160122199097],[13.426524413054539,50.99639961440051],[13.430864394690158,50.987628086347144],[13.438389841728123,50.98053188383711],[13.475125177940965,50.98504676096563],[13.477159542047492,50.981401844542724],[13.462793064981355,50.9679731016456],[13.445777296402161,50.96815289324083],[13.428138776797942,50.943547252200666],[13.443747820531815,50.93278891084636],[13.469158245598676,50.90051801722882],[13.491606001810965,50.88843400860972],[13.50729450325052,50.848821036600455],[13.504952883472757,50.83943538393463],[13.527382896773501,50.828541553937136],[13.543791651879992,50.82768001845845],[13.560450965768096,50.81398593529852],[13.563327032270088,50.803688932817046],[13.550862383883878,50.78869949814818],[13.551470727400888,50.782154637459165],[13.573281821006884,50.771924584606346],[13.594994387278378,50.776173711753394],[13.652173818881614,50.73035988866384],[13.624953412458312,50.72147867243783],[13.626912365464955,50.71590625366811],[13.602239023184067,50.71005912235756],[13.557556762549703,50.7147242523138],[13.526066064468443,50.70462849306183],[13.540412246625067,50.689753953539345],[13.544358790925465,50.677447973994674],[13.52367121301801,50.63921425815251],[13.502360981288179,50.63351132650685],[13.48449009857311,50.645005429238616],[13.494182019955572,50.653921902858315],[13.444666545891844,50.663217078730106],[13.40630536139289,50.684231957068135],[13.372375504468687,50.71351549633514],[13.368444167948468,50.73538569789277],[13.378165697470452,50.73473028718886],[13.364216745976833,50.75295887413681],[13.31817184216621,50.742400658700774],[13.288888353908199,50.7424971727473],[13.272807236734907,50.752463482424325],[13.277949419141622,50.76325313533471],[13.249066854555634,50.77661935217506],[13.196306457700826,50.784368218769536],[13.170053128420177,50.78399443383723],[13.151143750034704,50.77714462286674],[13.092183284932114,50.78270954454661],[13.068354772542278,50.791747751200056],[13.048768806101487,50.80656663000522],[13.048808352537117,50.84129912665435],[13.007508130505125,50.852479736275],[12.989166108710716,50.8514969803832],[12.988863366678334,50.890503015473946],[13.025042339319228,50.91062700849735],[13.031688418632461,50.927281710489055],[13.0114919623338,50.944725722955525],[12.966031649622021,50.951657830917114],[12.932434609352526,50.94312854599694],[12.911451100496496,50.95668169596519],[12.915248621165626,50.96638843647206],[12.871660845859452,51.003923201197296],[12.867246774053543,51.013321102844415],[12.895371048279518,51.010225725915014],[12.899120506970645,51.001884576657105],[12.951079797287456,50.9932048494907],[12.957432255112051,51.015910129187816],[12.952255020053675,51.01678440085229],[12.94976766655211,51.035885725399844],[12.966084078443307,51.05004459101542],[12.944093216125374,51.102639798655105],[12.920421734999588,51.10550052963907],[12.88932913046688,51.09734598117068],[12.889494329934188,51.12352947674564],[12.89452830969261,51.131519197221664],[12.891980609012732,51.137584724717186],[12.8630655204069,51.14744504732129],[12.866577099463425,51.17047276392671],[12.894009077987365,51.20855055246378],[12.901264724571075,51.212488758119534],[12.922952759689117,51.21036735458795],[12.928456847608812,51.21528539366993],[12.926016105899825,51.218207655119365],[12.946730163950107,51.22282662769164],[12.99194760878995,51.22207074376948],[13.017877730791723,51.20597768358802],[13.181609619677277,51.23327412624843],[13.198707912177316,51.23040535194727]]]}},{"type":"Feature","properties":{"district":"162 Chemnitz","constituency_code":"162","state":"Saxony"},"geometry":{"type":"Polygon","coordinates":[[[12.989725025456172,50.89170891933331],[12.989166108710716,50.8514969803832],[13.007508130505125,50.852479736275],[13.048808352537117,50.84129912665435],[13.048768806101487,50.80656663000522],[13.021668806893802,50.77446057877156],[12.989425971987595,50.77129533303295],[12.968483211189039,50.754368134948464],[12.938719847905729,50.75023605394383],[12.936705198813243,50.743454535699364],[12.918535176288032,50.74163871121651],[12.880885492808341,50.76172855920832],[12.88047337340017,50.766166148722014],[12.897285262194274,50.77316554714915],[12.893671259208363,50.78296274745838],[12.84061217110109,50.80202322850653],[12.816632182986645,50.7882904508378],[12.778404745329906,50.78687839841185],[12.76899296603767,50.81143991856859],[12.773272637026905,50.823436614473465],[12.805459085278692,50.84862824876099],[12.804274423658644,50.86691669605011],[12.82357267595001,50.8767765332902],[12.83053131857925,50.88957305714143],[12.848707997127903,50.898065165002976],[12.889813025616538,50.90293469351868],[12.9179824792254,50.88860554314447],[12.967003298049898,50.895110315694794],[12.989725025456172,50.89170891933331]]]}},{"type":"Feature","properties":{"district":"163 Chemnitzer Umland – Erzgebirgskreis II","constituency_code":"163","state":"Saxony"},"geometry":{"type":"Polygon","coordinates":[[[12.944093216125374,51.102639798655105],[12.966084078443307,51.05004459101542],[12.94976766655211,51.035885725399844],[12.952255020053675,51.01678440085229],[12.957432255112051,51.015910129187816],[12.951079797287456,50.9932048494907],[12.899120506970645,51.001884576657105],[12.895371048279518,51.010225725915014],[12.885162579940143,51.01233460019001],[12.867246774053543,51.013321102844415],[12.86833409461623,51.00974319626907],[12.884865890002528,50.98880910041955],[12.915248621165626,50.96638843647206],[12.911451100496496,50.95668169596519],[12.932434609352526,50.94312854599694],[12.966031649622021,50.951657830917114],[13.0114919623338,50.944725722955525],[13.031688418632461,50.927281710489055],[13.02569449979271,50.91136007413084],[12.989725025456172,50.89170891933331],[12.967003298049898,50.895110315694794],[12.9179824792254,50.88860554314447],[12.889813025616538,50.90293469351868],[12.848707997127903,50.898065165002976],[12.828280953908052,50.88840289371268],[12.82357267595001,50.8767765332902],[12.804274423658644,50.86691669605011],[12.805459085278692,50.84862824876099],[12.773272637026905,50.823436614473465],[12.76899296603767,50.81143991856859],[12.778404745329906,50.78687839841185],[12.782968785221888,50.78583442998159],[12.816632182986645,50.7882904508378],[12.84061217110109,50.80202322850653],[12.889581201161821,50.784892590213815],[12.897285262194274,50.77316554714915],[12.88047337340017,50.766166148722014],[12.880885492808341,50.76172855920832],[12.918535176288032,50.74163871121651],[12.936705198813243,50.743454535699364],[12.938719847905729,50.75023605394383],[12.968483211189039,50.754368134948464],[12.973658817087847,50.75053965752325],[12.978973801089955,50.72826143263271],[12.96620394535082,50.72361864471631],[12.933409295383079,50.727058233762435],[12.894937635452859,50.71007160204637],[12.889646314043391,50.704752540574304],[12.893528985747242,50.70223267872387],[12.921673509035086,50.70180026715317],[12.938389831793527,50.68883674148805],[12.861745323372697,50.63298324183412],[12.816435971808984,50.6086674804691],[12.816838108534192,50.595651434854794],[12.782178278378153,50.598340018180316],[12.762365385398548,50.63230676024967],[12.769554925069379,50.64162677712585],[12.793856679066607,50.653353765907006],[12.791419486283342,50.66111677389998],[12.771609100475454,50.66204772114524],[12.746825172671537,50.64998338382151],[12.711643267608133,50.64195711245531],[12.701564875656963,50.65399563623688],[12.718768786099831,50.68858434362812],[12.70555946321183,50.69692934329674],[12.640276391600713,50.71477158264762],[12.644024430623348,50.72136327910191],[12.625016075367373,50.728050604842274],[12.607273367767178,50.74591827370603],[12.583300850498443,50.78188845837236],[12.610943702871754,50.85428061215909],[12.632208032851892,50.867115040332024],[12.65279952024537,50.89742987698591],[12.640121044150142,50.903073781043645],[12.65329370397366,50.92315555185472],[12.631443609561545,50.940147337757786],[12.617354750679638,50.98079283304847],[12.686262404335949,50.98513685171699],[12.744317639233625,51.00256625697902],[12.71975552912014,51.020544739121156],[12.716255070081834,51.06226102670608],[12.745719406195375,51.106353942040535],[12.792329966558006,51.102837664095645],[12.813592909259429,51.09144511833264],[12.877969248341955,51.09356305486453],[12.920421734999588,51.10550052963907],[12.944093216125374,51.102639798655105]]]}},{"type":"Feature","properties":{"district":"164 Erzgebirgskreis I","constituency_code":"164","state":"Saxony"},"geometry":{"type":"Polygon","coordinates":[[[13.502360981288179,50.63351132650685],[13.461309759884164,50.60304453094906],[13.41524475641722,50.61629190309192],[13.403881819216867,50.63501057142581],[13.370982952427209,50.650545895026546],[13.373534511133832,50.6261704282959],[13.365722261098469,50.61811640544309],[13.324782509729,50.60836470243829],[13.323224865010127,50.581155987711206],[13.290912693710894,50.575017644074066],[13.27885860205012,50.59275830135812],[13.248372583960755,50.59245256933121],[13.222847500134174,50.562903737427405],[13.226884242034366,50.54799718880315],[13.19525624490509,50.50326319959363],[13.178025930853309,50.50289058964585],[13.138155293281104,50.51284960707328],[13.076582876991397,50.50007148495631],[13.05598249470326,50.501259489641356],[13.042811032336354,50.5113821071378],[13.032131050363379,50.50996067949301],[13.018897872506649,50.467847186125404],[13.022861555679036,50.45473328014122],[12.986313406332672,50.42125510086958],[12.941897637690746,50.41149341408804],[12.819395015273923,50.45979503191673],[12.734613355717299,50.43219795325777],[12.707578800634,50.40783029779067],[12.630257317032079,50.414824067541765],[12.583778355272159,50.407079220240554],[12.584032800082563,50.42360973157765],[12.500197421975496,50.46355832881883],[12.457726047644924,50.50245135406659],[12.478866996855793,50.524187395941915],[12.512011375280263,50.53255179839058],[12.542169257303792,50.55734172568059],[12.560820509239944,50.55926942374017],[12.582597995475743,50.552019545193275],[12.604709582738405,50.558324265001204],[12.615549504782404,50.57181704610426],[12.584941783826261,50.57547037198375],[12.578020963517966,50.581643959218056],[12.589630623075212,50.610526386995964],[12.64702610516228,50.64021381797595],[12.716332811477159,50.64203832867351],[12.771609100475454,50.66204772114524],[12.788155543412506,50.6635849225595],[12.793856679066607,50.653353765907006],[12.769554925069379,50.64162677712585],[12.762365385398548,50.63230676024967],[12.782178278378153,50.598340018180316],[12.816838108534192,50.595651434854794],[12.816435971808984,50.6086674804691],[12.861745323372697,50.63298324183412],[12.938389831793527,50.68883674148805],[12.921673509035086,50.70180026715317],[12.899217128730553,50.70092659512028],[12.89005203233156,50.70603149836527],[12.913560244397436,50.72117192806194],[12.933409295383079,50.727058233762435],[12.96620394535082,50.72361864471631],[12.978973801089955,50.72826143263271],[12.973658817087847,50.75053965752325],[12.968483211189039,50.754368134948464],[12.989425971987595,50.77129533303295],[13.021668806893802,50.77446057877156],[13.048768806101487,50.80656663000522],[13.068354772542278,50.791747751200056],[13.116826776351651,50.77823049616946],[13.151143750034704,50.77714462286674],[13.170053128420177,50.78399443383723],[13.196306457700826,50.784368218769536],[13.253505281926262,50.77555058843881],[13.277949419141622,50.76325313533471],[13.272807236734907,50.752463482424325],[13.288888353908199,50.7424971727473],[13.31817184216621,50.742400658700774],[13.364216745976833,50.75295887413681],[13.378165697470452,50.73473028718886],[13.368444167948468,50.73538569789277],[13.372375504468687,50.71351549633514],[13.40630536139289,50.684231957068135],[13.444666545891844,50.663217078730106],[13.494182019955572,50.653921902858315],[13.48449009857311,50.645005429238616],[13.502360981288179,50.63351132650685]]]}},{"type":"Feature","properties":{"district":"165 Zwickau","constituency_code":"165","state":"Saxony"},"geometry":{"type":"Polygon","coordinates":[[[12.640121044150142,50.903073781043645],[12.65279952024537,50.89742987698591],[12.632208032851892,50.867115040332024],[12.610943702871754,50.85428061215909],[12.583300850498443,50.78188845837236],[12.607273367767178,50.74591827370603],[12.625016075367373,50.728050604842274],[12.644024430623348,50.72136327910191],[12.640276391600713,50.71477158264762],[12.70555946321183,50.69692934329674],[12.718768786099831,50.68858434362812],[12.701564875656963,50.65399563623688],[12.710910154947504,50.64261925641758],[12.64702610516228,50.64021381797595],[12.589630623075212,50.610526386995964],[12.578020963517966,50.581643959218056],[12.584941783826261,50.57547037198375],[12.615549504782404,50.57181704610426],[12.604709582738405,50.558324265001204],[12.582597995475743,50.552019545193275],[12.570458743947942,50.55770171972828],[12.547116850138528,50.558685232845924],[12.527747053531929,50.546668829301346],[12.494475324501318,50.5608311737699],[12.470716798947535,50.55566782144444],[12.439223528970217,50.56145779130826],[12.42870528684999,50.575738129612375],[12.444740061526801,50.60514456756298],[12.423148267515131,50.63383117072657],[12.377794964829954,50.674098173554455],[12.337495198494972,50.6742791370243],[12.273937048384967,50.68655553472508],[12.262762318450083,50.695276461471416],[12.255080827199167,50.71522052115444],[12.227128280864601,50.73865397972786],[12.228073069123283,50.75535299759226],[12.240689734834051,50.76724012468845],[12.263920928464678,50.76045602494005],[12.284049705718795,50.77346766866387],[12.29016081197781,50.783427089851195],[12.287644353542538,50.789643324517996],[12.25315365640157,50.78883476213788],[12.247745440573132,50.813099636629886],[12.25082538162727,50.81831826042986],[12.259758065943508,50.81145106061794],[12.27867979674603,50.809596517005296],[12.34757671240098,50.82363150627481],[12.349045320557686,50.8380717281152],[12.377002960976924,50.84932367994386],[12.402700045935166,50.84947250547735],[12.42020649587854,50.83958970629631],[12.44197618906585,50.843844945903065],[12.448249614034072,50.85616979162974],[12.44415211286647,50.86258392137158],[12.459254288918421,50.88044858247322],[12.485245807112097,50.893568100775084],[12.537856508132245,50.90078894076447],[12.625587461629896,50.90588777897238],[12.640121044150142,50.903073781043645]]]}},{"type":"Feature","properties":{"district":"166 Vogtlandkreis","constituency_code":"166","state":"Saxony"},"geometry":{"type":"Polygon","coordinates":[[[12.527747053531929,50.546668829301346],[12.525632244856954,50.54055829526696],[12.512011375280263,50.53255179839058],[12.478866996855793,50.524187395941915],[12.457726047644924,50.50245135406659],[12.500197421975496,50.46355832881883],[12.584032800082563,50.42360973157765],[12.583778355272159,50.407079220240554],[12.508753172062308,50.391006143581095],[12.488732567118927,50.37437860984923],[12.487634218782738,50.36271456924572],[12.398015032478687,50.321153269082366],[12.332461774226285,50.23373684533686],[12.33251714826188,50.19977830454849],[12.338192635150165,50.19249621914911],[12.337504502034855,50.17338194153149],[12.333201302077345,50.17155191275067],[12.29117342744344,50.17813030542348],[12.277417525382555,50.19170966850726],[12.274768996132414,50.196583734523394],[12.288466623396108,50.20397566114178],[12.293877805558324,50.221270143344306],[12.238856347053305,50.24662509129933],[12.24558079307655,50.258798836907275],[12.251049410988387,50.255979470855465],[12.2485000946428,50.26975232679849],[12.201743895104997,50.27606244484457],[12.197798643564512,50.30765638090537],[12.184453108115182,50.32232471571729],[12.10647085974697,50.32253318601841],[12.10019899938615,50.318327943803126],[12.091343377398243,50.33260968533667],[12.033299172320028,50.32970712286321],[12.02439277060677,50.3398038694151],[11.982554632803652,50.356666570332266],[11.984691655768824,50.37541442504672],[11.9782272713699,50.391363563211854],[11.934729681759645,50.423663792923186],[11.919884514024023,50.42440340906993],[11.921743980198054,50.432405125988076],[11.899640956609367,50.43524753755546],[11.888509460831239,50.443605911766646],[11.931895131195517,50.464222766044294],[11.950015978238403,50.47940289565702],[11.956552461785945,50.49194870065722],[11.918460469918553,50.51698059735823],[11.888217853028861,50.516678640097524],[11.87146257544075,50.539822739002986],[11.884381234615532,50.55164565323053],[11.922372606807286,50.55892299917563],[11.93367623276494,50.56852496823581],[11.923565975834057,50.58570803158001],[11.964695322429513,50.599934774689864],[11.983505192008293,50.61478402927857],[11.979268786049602,50.62141017734436],[12.003938001262542,50.634825459382604],[12.010397048375882,50.63546120632218],[12.02211752787426,50.625539821496865],[12.017535478177935,50.56784078950687],[12.0336518509166,50.5532141177463],[12.060321769055049,50.552167046468725],[12.076643573102379,50.5580075328764],[12.079140784359842,50.569259030334415],[12.105567454299432,50.573385302545425],[12.120986441369885,50.56721814010374],[12.156024277347749,50.57349152439892],[12.160693156263402,50.58040836984518],[12.156092177380605,50.58557908370948],[12.13519111572466,50.58213368822726],[12.110150853884067,50.58872004090662],[12.14988965061455,50.62880249969357],[12.170441876285704,50.62923469999108],[12.175968864846148,50.62451231173624],[12.174721624059618,50.6145138793343],[12.18276647544248,50.61211060061155],[12.210271926975675,50.63478279753855],[12.231286037744054,50.627881907694636],[12.2655183913653,50.630793340876586],[12.313330912070697,50.663403132991654],[12.31891630835845,50.67653247450393],[12.377794964829954,50.674098173554455],[12.423148267515131,50.63383117072657],[12.444740061526801,50.60514456756298],[12.42870528684999,50.575738129612375],[12.439223528970217,50.56145779130826],[12.470716798947535,50.55566782144444],[12.494475324501318,50.5608311737699],[12.527747053531929,50.546668829301346]]]}},{"type":"Feature","properties":{"district":"167 Waldeck","constituency_code":"167","state":"Hesse"},"geometry":{"type":"Polygon","coordinates":[[[9.517285022886886,51.62615410719162],[9.570180472799702,51.624548983496446],[9.613150838152931,51.63068237888396],[9.661055938591899,51.593029603302654],[9.68533080179861,51.582016512083264],[9.67237767071681,51.56840400905641],[9.634003998143932,51.584485083910636],[9.626830883970271,51.581976061123825],[9.628368489614365,51.567196379408614],[9.647755439370446,51.552510965713815],[9.611946990184494,51.523795456516666],[9.59154668570075,51.523219588871676],[9.585844141531794,51.51843397921507],[9.61018155078197,51.490468041333735],[9.63429705648196,51.42608340902703],[9.642956013316432,51.41632173796226],[9.628875110984795,51.407652765195664],[9.604233358040608,51.40311283855216],[9.559489026011564,51.41540482722955],[9.54790736331904,51.41047096632725],[9.459809620625022,51.409958467240685],[9.45567411697853,51.402633698779],[9.423998139691589,51.38232802580065],[9.377181156865783,51.38051328331321],[9.351951962622708,51.36762738954662],[9.351785892429692,51.3575750648294],[9.370011143954983,51.34869993852747],[9.38080639314561,51.32782915268816],[9.379860201944693,51.31830927369461],[9.357435144831882,51.31583453725876],[9.35760720320245,51.303103993298976],[9.368698609170403,51.28750092043049],[9.425225553794002,51.270693614033064],[9.48283506916003,51.26194101672019],[9.461244399181652,51.24454642336732],[9.478485245268258,51.231830978135065],[9.476832203605074,51.22752451977629],[9.459652909791812,51.2222982816192],[9.364079419939685,51.23386351686877],[9.358294010962485,51.23597581688416],[9.35274768678987,51.252091312689345],[9.331362578282057,51.25743183205864],[9.277827071297295,51.24238039833692],[9.265473032438264,51.19777188534541],[9.24543280160963,51.1963259609187],[9.189525363681422,51.17041814911133],[9.190583424452706,51.14923823772757],[9.205319877447318,51.13390675940283],[9.221377215140866,51.12733460992406],[9.194934945604572,51.098975359505616],[9.16120625495101,51.076249517208346],[9.147422682370708,51.05859683345447],[9.098767097102357,51.03799984625273],[9.095880167083283,51.028228199028334],[9.051173347509586,51.041404824938795],[9.032054216244493,51.06772216134556],[9.009206520846458,51.083999944428456],[8.994067931333051,51.08511949509798],[8.978184913325343,51.094083709935],[8.959583088774108,51.11454703064821],[8.960702424798082,51.171157721065],[8.972750519218401,51.186038229591716],[8.991726804215936,51.19822615864615],[8.998088913548214,51.2148841555009],[8.898012537425187,51.24686344282013],[8.87272906465339,51.24576799339054],[8.882216858172866,51.22952977321554],[8.874635994450601,51.19773820322619],[8.820235563681692,51.1280063968572],[8.79680930989956,51.10778695829516],[8.784885081092474,51.106280481104974],[8.75233080907919,51.12566937202481],[8.727138343491637,51.12137483767734],[8.720429472910036,51.114360907164134],[8.703175460513707,51.11609472608998],[8.692562676370047,51.1307979961542],[8.694727273264506,51.13618736137876],[8.713761246343271,51.151905662540806],[8.748402324362194,51.168611438140495],[8.752646456607616,51.17524473183404],[8.75053635482429,51.19921539781713],[8.727391511761043,51.25025542329661],[8.736585314751357,51.26221970116786],[8.72199774531785,51.27374380343684],[8.695833960527517,51.274306935730145],[8.628458031463245,51.25760849277307],[8.61153349625417,51.24708588633217],[8.597289964930605,51.2471793771306],[8.556347796302445,51.27749474968377],[8.621098213593513,51.336527894492626],[8.705263187865372,51.375247214233966],[8.732850996192944,51.3724167001187],[8.803993170718318,51.39079794038643],[8.836583683412037,51.38850108952734],[8.8379944385133,51.38329257794929],[8.854019775760133,51.37713784780062],[8.889580795713577,51.39272198505722],[8.93950200348135,51.389499021158706],[8.951529911495662,51.41349278214594],[8.948108681852986,51.42821888547675],[8.894091021092947,51.47123627526206],[8.890376607210866,51.481928275481025],[8.896963256837275,51.48593236116895],[9.020976430257896,51.51861066906932],[9.023958187403586,51.51133420732319],[9.039285948161389,51.50192152121802],[9.076521837189672,51.503475144795416],[9.092328869281204,51.49438795072905],[9.092084096984776,51.487330425756014],[9.0771854321117,51.464871609996315],[9.089445124620708,51.44657265166973],[9.102594183931963,51.4432022270571],[9.140937866213298,51.44663882184041],[9.155410662676015,51.44267494504261],[9.181368973787293,51.46533802380895],[9.216465953307283,51.45959399614766],[9.21664064756263,51.481165232424836],[9.225024384895846,51.48897970130878],[9.309968656306095,51.53091061086189],[9.319420488308532,51.5479903347022],[9.36934644818269,51.591081771336384],[9.33709831163274,51.61470156691279],[9.426669031621614,51.630813808127385],[9.443828398823374,51.64469305223279],[9.440456997762439,51.65039402187671],[9.493104326076727,51.657548005020274],[9.498644605428018,51.6522598605951],[9.492332901764312,51.63413121594071],[9.517285022886886,51.62615410719162]]]}},{"type":"Feature","properties":{"district":"168 Kassel","constituency_code":"168","state":"Hesse"},"geometry":{"type":"Polygon","coordinates":[[[9.559398182471893,51.379755969518456],[9.56186525852292,51.374404158063435],[9.577248959681391,51.3707560330962],[9.56808726270272,51.36176712576584],[9.548441127582796,51.35895529865229],[9.568024929328613,51.34000145752901],[9.577118503316472,51.34070313309861],[9.601443354009971,51.328718130009264],[9.708663796186197,51.30384731315333],[9.732304393709596,51.29523189876055],[9.674648265203796,51.30929033311783],[9.654492901676509,51.30616860916462],[9.644134389246124,51.29118450115781],[9.645223957498692,51.278856737055804],[9.693028267072226,51.26228012810255],[9.755019146613876,51.26255563367352],[9.75398455556127,51.25026745528924],[9.726032018436952,51.238875169936776],[9.7172256000565,51.24343240736903],[9.687347513347285,51.24447061526366],[9.66710068118651,51.220934489595486],[9.640365596336324,51.21163555292071],[9.628800639708125,51.20275924562962],[9.624978702857545,51.19281518259136],[9.63595729806237,51.18309818606917],[9.59793656934855,51.17410127736474],[9.557476602815745,51.1977166479984],[9.567883656183287,51.21000109487601],[9.545144805963044,51.21579240494795],[9.482511632965434,51.213015297633625],[9.471364147305875,51.21888354251309],[9.478485245268258,51.231830978135065],[9.461244399181652,51.24454642336732],[9.48283506916003,51.26194101672019],[9.378046896341957,51.28250685117811],[9.368698609170403,51.28750092043049],[9.35760720320245,51.303103993298976],[9.357435144831882,51.31583453725876],[9.382174174263115,51.31999596722408],[9.370011143954983,51.34869993852747],[9.351785892429692,51.3575750648294],[9.351951962622708,51.36762738954662],[9.377181156865783,51.38051328331321],[9.423998139691589,51.38232802580065],[9.45567411697853,51.402633698779],[9.459809620625022,51.409958467240685],[9.54790736331904,51.41047096632725],[9.559489026011564,51.41540482722955],[9.604233358040608,51.40311283855216],[9.57851825846723,51.401411493895225],[9.559398182471893,51.379755969518456]]]}},{"type":"Feature","properties":{"district":"169 Werra-Meißner – Hersfeld-Rotenburg","constituency_code":"169","state":"Hesse"},"geometry":{"type":"Polygon","coordinates":[[[9.906021117822618,51.42113874737274],[9.931109065117644,51.3927332269385],[9.931797534062651,51.3812383094381],[9.923293274787632,51.36804312030454],[9.925469057162607,51.35379334253115],[9.943447817686414,51.33450908754136],[9.95956598301484,51.30487574271326],[9.976475751694318,51.29087181449095],[10.059916187034753,51.27586548637371],[10.067094994438154,51.22779314415534],[10.072381843009696,51.22478049624465],[10.168444936421897,51.21218991064108],[10.20721327990834,51.19090693154283],[10.235858056880431,51.186854376631885],[10.228989850019444,51.17399962449948],[10.207908946406736,51.16466371419048],[10.201484032432711,51.149118190608725],[10.209927090472759,51.14406497467446],[10.210717393858996,51.1229052699965],[10.199959022233745,51.11297207445482],[10.189056549413646,51.11666846212938],[10.179214908816403,51.1276472573209],[10.184789839391978,51.13235737056457],[10.182991346299213,51.138137780754874],[10.168738649620428,51.153267718947355],[10.126637638218408,51.14585301540899],[10.12343105624528,51.140885195839886],[10.14924546642747,51.120361597854476],[10.160203445127356,51.11939527582814],[10.171593926391859,51.10396593598002],[10.145085763501834,51.084881354061544],[10.139378348560385,51.0583394530947],[10.198846623790654,51.040090386669554],[10.215185735552346,51.02641934941964],[10.213109700251591,51.02298623446063],[10.182348529762393,50.99848734451378],[10.14851957371203,50.99382847938886],[10.109151948270274,51.00946672907978],[10.036400427129946,51.012376194213616],[10.021102369553265,50.99389095367124],[10.02381541137247,50.985360411989326],[10.043276667169364,50.94864344465196],[10.06145372100717,50.9482304471027],[10.060930871893513,50.94327079256527],[10.014007699286136,50.9346790216792],[9.999674033726059,50.93691416004216],[9.991072680607544,50.94345415723294],[9.950784886276988,50.94202033058931],[9.950244620556365,50.926298778063845],[9.956549682227955,50.922801297528586],[9.965913585330147,50.92926902514892],[9.976225352472245,50.92965346345351],[10.005645374415844,50.92525747614696],[10.058444784031119,50.89017533246077],[10.05801950308399,50.88253470239064],[10.021893142050255,50.864486297267774],[10.018689019080826,50.85567082788816],[10.021928583625218,50.84785663168646],[10.038797495508714,50.85320987542278],[10.0377517033044,50.845295401018724],[10.023054524440493,50.831631423306156],[9.994645978031889,50.82576168650916],[9.976637973192673,50.83288910581154],[9.955157294074281,50.82178600354365],[9.926538843234182,50.76722029778756],[9.886823710121323,50.77818342310923],[9.887964231093838,50.79075947125457],[9.88091005746869,50.7960307818656],[9.84245849112162,50.79041147144312],[9.814296637931037,50.794144527504336],[9.771904894442988,50.80963269399946],[9.73073515385927,50.78984133113366],[9.710327235333445,50.77026834524067],[9.712949053151616,50.7637355694844],[9.727006676854627,50.75530898563199],[9.721797137800834,50.746177073275994],[9.662982362349165,50.71778291703843],[9.619748391886084,50.74055182857701],[9.611464265241617,50.73547658493643],[9.604562856854402,50.757442144472584],[9.583151910361233,50.76560716247158],[9.561007086643158,50.76403518121564],[9.544428096325078,50.756782034664816],[9.523497750531801,50.73946570945715],[9.506300001090107,50.73464932755304],[9.495444046829972,50.740989573529454],[9.490984298103694,50.75442145756465],[9.478391726098094,50.76330958498545],[9.454493859992093,50.76354644494368],[9.461065893127897,50.7736028212441],[9.457656216598675,50.77694664504744],[9.452091425064557,50.77385500603856],[9.44203893589473,50.78658657159636],[9.441367882946707,50.7955069477828],[9.489397864456068,50.814543990008936],[9.50315023240387,50.81504985908076],[9.519047909418067,50.839822765966595],[9.494779765889824,50.869228819473946],[9.482092966752704,50.89663535989354],[9.5052482671327,50.93229808598412],[9.5379698373202,50.94539571161455],[9.564738454106282,50.94583885632384],[9.566169954953956,50.953984698827846],[9.545994828578447,50.97076469718075],[9.579122731158265,51.01129793876604],[9.593215116948045,51.02369978624842],[9.625586469124986,51.032081274085165],[9.639963011657093,51.04094322583103],[9.638511512652379,51.05069530587306],[9.692303695698806,51.075959274179745],[9.72198555234838,51.07587297406614],[9.748060717060797,51.06918756110378],[9.777532954732347,51.083158286980876],[9.774953124387066,51.099212237729475],[9.780937388917755,51.1150671999474],[9.775438224635051,51.14491450853195],[9.759217949808242,51.150220441598385],[9.751195567727457,51.14471673613933],[9.730006708808421,51.14668454414087],[9.669070684723986,51.18312212041112],[9.63595729806237,51.18309818606917],[9.624978702857545,51.19281518259136],[9.628800639708125,51.20275924562962],[9.640365596336324,51.21163555292071],[9.66710068118651,51.220934489595486],[9.687347513347285,51.24447061526366],[9.7172256000565,51.24343240736903],[9.726032018436952,51.238875169936776],[9.75398455556127,51.25026745528924],[9.755019146613876,51.26255563367352],[9.693028267072226,51.26228012810255],[9.645223957498692,51.278856737055804],[9.644134389246124,51.29118450115781],[9.64955834540182,51.30209303304543],[9.674648265203796,51.30929033311783],[9.732304393709596,51.29523189876055],[9.768200360398653,51.306726138873714],[9.775201990735033,51.3251962291989],[9.771827462031045,51.33699785540136],[9.736840687670282,51.32895687345057],[9.702143786862168,51.364571792716426],[9.765789275363968,51.38598650746869],[9.801443296462965,51.41009137321482],[9.821486006618036,51.409956829326845],[9.840385083098269,51.402281870914436],[9.850575325247943,51.40370959311934],[9.85074307441576,51.41441364493791],[9.906021117822618,51.42113874737274]]]}},{"type":"Feature","properties":{"district":"170 Schwalm-Eder","constituency_code":"170","state":"Hesse"},"geometry":{"type":"Polygon","coordinates":[[[9.418929664632497,51.22719322750265],[9.459652909791812,51.2222982816192],[9.473834369569664,51.22506883489822],[9.471364147305875,51.21888354251309],[9.482511632965434,51.213015297633625],[9.545144805963044,51.21579240494795],[9.567883656183287,51.21000109487601],[9.557476602815745,51.1977166479984],[9.59793656934855,51.17410127736474],[9.63595729806237,51.18309818606917],[9.669070684723986,51.18312212041112],[9.730006708808421,51.14668454414087],[9.751195567727457,51.14471673613933],[9.759217949808242,51.150220441598385],[9.773271014270648,51.14628669396317],[9.780937388917755,51.1150671999474],[9.774953124387066,51.099212237729475],[9.777532954732347,51.083158286980876],[9.761177076388211,51.07236657147649],[9.748060717060797,51.06918756110378],[9.72198555234838,51.07587297406614],[9.692303695698806,51.075959274179745],[9.638511512652379,51.05069530587306],[9.639963011657093,51.04094322583103],[9.625586469124986,51.032081274085165],[9.593215116948045,51.02369978624842],[9.545994828578447,50.97076469718075],[9.566169954953956,50.953984698827846],[9.564738454106282,50.94583885632384],[9.5379698373202,50.94539571161455],[9.5052482671327,50.93229808598412],[9.482092966752704,50.89663535989354],[9.494779765889824,50.869228819473946],[9.519047909418067,50.839822765966595],[9.508170821250939,50.81873720979527],[9.481600870339793,50.81191128584506],[9.390950885558166,50.77284540145865],[9.378775786458466,50.77693965648884],[9.363669534933807,50.79987409543335],[9.29858347328658,50.806309356452694],[9.226103971146578,50.82427193503376],[9.201588237232723,50.82252446413075],[9.151388043950664,50.83503665828604],[9.151586694413018,50.847313657858514],[9.122519838946403,50.88038614935815],[9.133521364600346,50.899072068949195],[9.109958207004436,50.91897768429477],[9.051512313041226,50.9204783025253],[9.03590050901048,50.914847283367855],[9.038542905792355,50.90687118002095],[9.02714259369436,50.90281264428275],[9.00267450427847,50.925889401506154],[8.973997175435336,50.93107836446086],[8.974600155778564,50.93830378813884],[8.967818849158293,50.94526122513017],[8.939564101552884,50.96537757629646],[8.9174563997743,50.97133382655767],[8.909201618308137,50.96931343935924],[8.918158699583264,50.9586720523125],[8.90584537923206,50.951250431939556],[8.834643599318168,50.95740818535935],[8.785057661031415,50.95617519155116],[8.728062058791474,50.969181546541854],[8.70678134446481,50.98320188204012],[8.704683901886545,50.98987463773986],[8.673727675848047,50.9966925342057],[8.654972816663397,50.97911654055108],[8.656277135494411,50.97140598187016],[8.596851161645954,50.949100704845954],[8.516790997612453,50.95474840791632],[8.473615125201595,50.9726454395271],[8.501414715187822,50.998454024049515],[8.538782177829908,51.01944842895795],[8.502792405622836,51.075118420730846],[8.508022759755816,51.08538751195844],[8.52812272412318,51.09695248294991],[8.551019821510472,51.102764241848874],[8.657815174739273,51.09499386711271],[8.718732686367693,51.10978108927842],[8.726955646909744,51.121291065816386],[8.752116404182159,51.12566616432927],[8.79205288119475,51.10535057006745],[8.820235563681692,51.1280063968572],[8.86862191557922,51.18714325228162],[8.882216858172866,51.22952977321554],[8.87272906465339,51.24576799339054],[8.898012537425187,51.24686344282013],[9.000165049519339,51.21360592248606],[8.991726804215936,51.19822615864615],[8.972750519218401,51.186038229591716],[8.960702424798082,51.171157721065],[8.959583088774108,51.11454703064821],[8.978184913325343,51.094083709935],[8.994067931333051,51.08511949509798],[9.009206520846458,51.083999944428456],[9.032054216244493,51.06772216134556],[9.051173347509586,51.041404824938795],[9.095880167083283,51.028228199028334],[9.098767097102357,51.03799984625273],[9.147422682370708,51.05859683345447],[9.16120625495101,51.076249517208346],[9.194934945604572,51.098975359505616],[9.221377215140866,51.12733460992406],[9.205319877447318,51.13390675940283],[9.190583424452706,51.14923823772757],[9.189525363681422,51.17041814911133],[9.24543280160963,51.1963259609187],[9.265473032438264,51.19777188534541],[9.277827071297295,51.24238039833692],[9.331362578282057,51.25743183205864],[9.35274768678987,51.252091312689345],[9.358294010962485,51.23597581688416],[9.364079419939685,51.23386351686877],[9.418929664632497,51.22719322750265]]]}},{"type":"Feature","properties":{"district":"171 Marburg","constituency_code":"171","state":"Hesse"},"geometry":{"type":"Polygon","coordinates":[[[8.974600155778564,50.93830378813884],[8.973997175435336,50.93107836446086],[9.00267450427847,50.925889401506154],[9.02714259369436,50.90281264428275],[9.038542905792355,50.90687118002095],[9.03590050901048,50.914847283367855],[9.051512313041226,50.9204783025253],[9.109958207004436,50.91897768429477],[9.133521364600346,50.899072068949195],[9.122519838946403,50.88038614935815],[9.151586694413018,50.847313657858514],[9.149626670064968,50.837949874606316],[9.134424264513527,50.82278859210085],[9.134230747290166,50.8279337940895],[9.127305905720084,50.8310017990038],[9.103522248050519,50.82804538421718],[9.079902656976142,50.80955341542834],[9.057309019379373,50.79796260707165],[9.038863761844642,50.794779968665004],[9.015308405093183,50.77113644210316],[8.963588759251438,50.756621304157484],[8.907767291177342,50.72316301508621],[8.904528694718248,50.719608563479724],[8.907645257133256,50.71302768517777],[8.919276832071434,50.70315243214882],[8.915194373071262,50.69608586905116],[8.899668254595708,50.68895146426894],[8.839850505562897,50.707359577977776],[8.727086170538982,50.68087408576797],[8.696974759086519,50.68478292798779],[8.670225855867296,50.69928566697962],[8.650322325836486,50.70338853590058],[8.635026519620725,50.685376170903204],[8.617495511933937,50.674975691551786],[8.591384554339628,50.676158975742354],[8.589356553436113,50.68037379785883],[8.593130041909607,50.682326178576915],[8.58765613591899,50.688689292070265],[8.550220068087112,50.71385174056934],[8.538277314395186,50.73288468421997],[8.498430870794548,50.73802657104755],[8.47209466166667,50.72488612016117],[8.452533973413843,50.72308377193749],[8.44576186223331,50.7297146585009],[8.433562556875215,50.76147864882751],[8.458131590644594,50.78764804651156],[8.444443958479031,50.79728940761511],[8.438195730188955,50.79277697489522],[8.405853269862165,50.79007320444902],[8.400342330375517,50.79325000381469],[8.393774433513553,50.809108117663634],[8.395410408228933,50.831694879576986],[8.403746450577326,50.842269100229906],[8.38427102567312,50.85381547719592],[8.354630482075876,50.85702523556567],[8.355496176206684,50.8620009650533],[8.367073729664545,50.86292525230781],[8.3887958498383,50.88634722020541],[8.43574846345299,50.91693012753626],[8.450462714539732,50.932951077822416],[8.449323892114165,50.94108322419142],[8.459665449055882,50.96665024611007],[8.47527432760517,50.96957801568755],[8.516790997612453,50.95474840791632],[8.596851161645954,50.949100704845954],[8.656277135494411,50.97140598187016],[8.654972816663397,50.97911654055108],[8.673727675848047,50.9966925342057],[8.704683901886545,50.98987463773986],[8.70678134446481,50.98320188204012],[8.728062058791474,50.969181546541854],[8.785057661031415,50.95617519155116],[8.834643599318168,50.95740818535935],[8.90584537923206,50.951250431939556],[8.918158699583264,50.9586720523125],[8.909201618308137,50.96931343935924],[8.9174563997743,50.97133382655767],[8.939564101552884,50.96537757629646],[8.974600155778564,50.93830378813884]]]}},{"type":"Feature","properties":{"district":"172 Lahn-Dill","constituency_code":"172","state":"Hesse"},"geometry":{"type":"Polygon","coordinates":[[[8.35572240585667,50.854624039373675],[8.38427102567312,50.85381547719592],[8.403746450577326,50.842269100229906],[8.395410408228933,50.831694879576986],[8.393774433513553,50.809108117663634],[8.400342330375517,50.79325000381469],[8.405853269862165,50.79007320444902],[8.438195730188955,50.79277697489522],[8.444443958479031,50.79728940761511],[8.458131590644594,50.78764804651156],[8.433562556875215,50.76147864882751],[8.44576186223331,50.7297146585009],[8.452533973413843,50.72308377193749],[8.47209466166667,50.72488612016117],[8.498430870794548,50.73802657104755],[8.538277314395186,50.73288468421997],[8.550220068087112,50.71385174056934],[8.58765613591899,50.688689292070265],[8.593130041909607,50.682326178576915],[8.589356553436113,50.68037379785883],[8.591384554339628,50.676158975742354],[8.617495511933937,50.674975691551786],[8.6486751084496,50.69953701842882],[8.65266430810071,50.69828669026709],[8.66877462812583,50.68497911702367],[8.694874099898314,50.643465784004306],[8.685419632661555,50.620474930510284],[8.677786066466448,50.61305551827479],[8.63483764516451,50.5943241827505],[8.634313098045427,50.59896896449954],[8.623247936220631,50.60265992625899],[8.59041175158258,50.60813417330017],[8.585105884926469,50.605067132878766],[8.596800208822984,50.5964307973194],[8.618906653640323,50.56501206339773],[8.600738959463586,50.54990855994512],[8.57668108667359,50.53993332644735],[8.5736009240004,50.53377947214473],[8.647478690414026,50.52039097071954],[8.65028785960275,50.51288470806371],[8.631936453223531,50.49981713385755],[8.603171754766612,50.50169648260198],[8.573541838197853,50.49262742808766],[8.529493053627661,50.4667343963851],[8.546562202344818,50.41705717757479],[8.539014452738101,50.41673570257094],[8.50788266897612,50.39679506034589],[8.482943636210427,50.40010473229748],[8.423268433347669,50.45222134783217],[8.392437597749465,50.45751192740685],[8.364695449644364,50.48401389754626],[8.358702943345856,50.50835045729101],[8.314016779692235,50.51674728576758],[8.27187127226703,50.54827463456039],[8.258028433011596,50.57419261305009],[8.227516862269336,50.58567649420383],[8.20639269181427,50.563744072370106],[8.201317268309705,50.56377811809044],[8.16498748473405,50.57639890443831],[8.151592166629063,50.59937080033439],[8.141081953430065,50.60416183942541],[8.14027223774313,50.631710128595444],[8.110092341052278,50.65725077813781],[8.112583578599411,50.675567982484075],[8.150911019701779,50.70938687949309],[8.16682899044441,50.735710676978314],[8.164331548554904,50.74450942256829],[8.135641284530438,50.76721617949864],[8.129390009135387,50.78746346023161],[8.26051124499929,50.87212654572019],[8.352677727602721,50.86544141621213],[8.35572240585667,50.854624039373675]]]}},{"type":"Feature","properties":{"district":"173 Gießen","constituency_code":"173","state":"Hesse"},"geometry":{"type":"Polygon","coordinates":[[[9.154644271900423,50.83398555364064],[9.201588237232723,50.82252446413075],[9.226103971146578,50.82427193503376],[9.29858347328658,50.806309356452694],[9.363669534933807,50.79987409543335],[9.378775786458466,50.77693965648884],[9.390950885558166,50.77284540145865],[9.441367882946707,50.7955069477828],[9.44203893589473,50.78658657159636],[9.452091425064557,50.77385500603856],[9.457656216598675,50.77694664504744],[9.460865295743757,50.77050555246068],[9.454493859992093,50.76354644494368],[9.443049169912369,50.768328847438355],[9.42094645468458,50.76751334148032],[9.403859811710305,50.742876943457254],[9.36065130978201,50.736323063715204],[9.306847562890647,50.71541725765409],[9.277964574796503,50.71311833026596],[9.263975862981583,50.699723545923426],[9.241383637536709,50.655277487566416],[9.236661774689138,50.630433975540775],[9.216170428313267,50.59555318619193],[9.207391810762577,50.59039785070229],[9.192620286456163,50.591374458357805],[9.176062005170099,50.60151674931424],[9.165409248671734,50.61905935925874],[9.140755900158553,50.61753913746937],[9.114876029982653,50.58870439663901],[9.104546070984089,50.56961869837421],[9.130184048122306,50.54914672153447],[9.12720707974858,50.543252892288685],[9.08744948362544,50.51711614041664],[9.074787312399543,50.51715831809723],[9.049155697034976,50.506642426002195],[9.040577162424926,50.50161150283738],[9.042425284720588,50.497990151856015],[9.005927169369368,50.489504336032034],[9.008616387909742,50.495433792206846],[8.9786580598453,50.49039850341537],[8.990148634679894,50.459492466128474],[8.948130620591012,50.43112530357092],[8.907374015815487,50.4384792605345],[8.900406503854121,50.42707905760551],[8.81752950035899,50.433601200518936],[8.799187017397136,50.44244857673739],[8.795247300382634,50.4523622762143],[8.805776520652651,50.45824164712761],[8.793624058515721,50.47917619295945],[8.755311410480413,50.474372329547535],[8.669139752998515,50.48521248563463],[8.648857990590104,50.48368237247737],[8.574363427699087,50.44616179585613],[8.602290362599298,50.431774617130664],[8.597405139474128,50.418103119492756],[8.546562202344818,50.41705717757479],[8.529493053627661,50.4667343963851],[8.573541838197853,50.49262742808766],[8.603171754766612,50.50169648260198],[8.631936453223531,50.49981713385755],[8.65028785960275,50.51288470806371],[8.647478690414026,50.52039097071954],[8.5736009240004,50.53377947214473],[8.57668108667359,50.53993332644735],[8.600738959463586,50.54990855994512],[8.618906653640323,50.56501206339773],[8.596800208822984,50.5964307973194],[8.585105884926469,50.605067132878766],[8.59041175158258,50.60813417330017],[8.623247936220631,50.60265992625899],[8.634313098045427,50.59896896449954],[8.63483764516451,50.5943241827505],[8.67738556632584,50.61280619155703],[8.685419632661555,50.620474930510284],[8.694874099898314,50.643465784004306],[8.68867979649555,50.65866945418608],[8.661388780666357,50.6933763779937],[8.645621272982268,50.701495234825444],[8.670225855867296,50.69928566697962],[8.696974759086519,50.68478292798779],[8.727086170538982,50.68087408576797],[8.839850505562897,50.707359577977776],[8.899668254595708,50.68895146426894],[8.915194373071262,50.69608586905116],[8.919276832071434,50.70315243214882],[8.907645257133256,50.71302768517777],[8.904528694718248,50.719608563479724],[8.907767291177342,50.72316301508621],[8.963588759251438,50.756621304157484],[9.015308405093183,50.77113644210316],[9.038863761844642,50.794779968665004],[9.057309019379373,50.79796260707165],[9.079902656976142,50.80955341542834],[9.103522248050519,50.82804538421718],[9.127305905720084,50.8310017990038],[9.134230747290166,50.8279337940895],[9.134424264513527,50.82278859210085],[9.148868678630947,50.83664519351783],[9.154644271900423,50.83398555364064]]]}},{"type":"Feature","properties":{"district":"174 Fulda","constituency_code":"174","state":"Hesse"},"geometry":{"type":"Polygon","coordinates":[[[9.814296637931037,50.794144527504336],[9.84245849112162,50.79041147144312],[9.88091005746869,50.7960307818656],[9.887964231093838,50.79075947125457],[9.886823710121323,50.77818342310923],[9.926538843234182,50.76722029778756],[9.939614276842224,50.755919975602225],[9.941503199634047,50.73913913788902],[9.934299084325753,50.72634524876053],[9.913970849919359,50.70039331804316],[9.879990697102519,50.669857387807795],[9.87913703676494,50.63500388963195],[9.94627984544926,50.62698595680896],[9.960722012774673,50.629483651307794],[9.968844385160583,50.64173131112767],[9.949204206800355,50.656134954623475],[9.948433736378373,50.66385143407947],[10.00391029604141,50.67620466894489],[10.051053800988392,50.67289704681542],[10.070540947645851,50.65553338430718],[10.082964841675683,50.63370534413228],[10.081473915313055,50.62008637566902],[10.058308196614373,50.62595668198245],[10.037191068473927,50.612926266707255],[10.045440077277558,50.573508196264676],[10.052467144739424,50.56110859447858],[10.038330365259956,50.52899964019799],[10.041188106556678,50.495188482591615],[10.033336890691345,50.484692576959326],[9.985544339778059,50.443423256523154],[9.901014857336442,50.403783958163],[9.883100782084023,50.39889344092897],[9.847519135582692,50.4005416865327],[9.810770771438248,50.41244759423881],[9.810901437417364,50.418899896449595],[9.802589728237031,50.42399692238279],[9.762063989211041,50.425867478839635],[9.752258375673005,50.41450269671098],[9.759292302862267,50.402445889033395],[9.746203925709326,50.3661799383522],[9.732938455282607,50.35581647391811],[9.687667504747118,50.364620432149245],[9.631475593715601,50.38253880365991],[9.612899651555601,50.393725705976216],[9.555656408105666,50.38159920673371],[9.48855415603099,50.412522871961905],[9.479112785745205,50.44068550846927],[9.473850846272,50.442258446579665],[9.444585435060823,50.428397196486884],[9.434305643355216,50.40712903952921],[9.397340336010028,50.389890424749],[9.34925779053708,50.38548640684573],[9.339966831574682,50.400790295753666],[9.358575338994054,50.42123234450759],[9.353776543267562,50.4360683984272],[9.339917075677006,50.44957155417195],[9.302438636299192,50.45910450132045],[9.28501011364379,50.453315716380736],[9.286734940617148,50.43729807543547],[9.251998419319845,50.462384492853815],[9.259123965601878,50.497871955974524],[9.271000792685577,50.521648141338204],[9.266152957281513,50.527247654737565],[9.130184048122306,50.54914672153447],[9.104546070984089,50.56961869837421],[9.134638175218207,50.61245449295803],[9.147934103443603,50.6192611857174],[9.165409248671734,50.61905935925874],[9.176062005170099,50.60151674931424],[9.192620286456163,50.591374458357805],[9.207391810762577,50.59039785070229],[9.216170428313267,50.59555318619193],[9.236661774689138,50.630433975540775],[9.241383637536709,50.655277487566416],[9.263975862981583,50.699723545923426],[9.277964574796503,50.71311833026596],[9.306847562890647,50.71541725765409],[9.36065130978201,50.736323063715204],[9.403859811710305,50.742876943457254],[9.423917140309879,50.76852179186771],[9.478391726098094,50.76330958498545],[9.490984298103694,50.75442145756465],[9.495444046829972,50.740989573529454],[9.506300001090107,50.73464932755304],[9.523497750531801,50.73946570945715],[9.544428096325078,50.756782034664816],[9.561007086643158,50.76403518121564],[9.583151910361233,50.76560716247158],[9.604562856854402,50.757442144472584],[9.611464265241617,50.73547658493643],[9.619748391886084,50.74055182857701],[9.662982362349165,50.71778291703843],[9.721797137800834,50.746177073275994],[9.727006676854627,50.75530898563199],[9.712949053151616,50.7637355694844],[9.710327235333445,50.77026834524067],[9.73073515385927,50.78984133113366],[9.76377757121759,50.80809674755173],[9.771904894442988,50.80963269399946],[9.814296637931037,50.794144527504336]]]}},{"type":"Feature","properties":{"district":"175 Main-Kinzig – Wetterau II – Schotten","constituency_code":"175","state":"Hesse"},"geometry":{"type":"Polygon","coordinates":[[[9.168805579577048,50.54147258039903],[9.241798663716091,50.534165676045255],[9.266152957281513,50.527247654737565],[9.271000792685577,50.521648141338204],[9.259123965601878,50.497871955974524],[9.251998419319845,50.462384492853815],[9.286734940617148,50.43729807543547],[9.28501011364379,50.453315716380736],[9.302438636299192,50.45910450132045],[9.339917075677006,50.44957155417195],[9.353776543267562,50.4360683984272],[9.358575338994054,50.42123234450759],[9.339966831574682,50.400790295753666],[9.34925779053708,50.38548640684573],[9.397340336010028,50.389890424749],[9.43794582117811,50.409916233697444],[9.444585435060823,50.428397196486884],[9.475930250697044,50.44189002870047],[9.48855415603099,50.412522871961905],[9.555656408105666,50.38159920673371],[9.612899651555601,50.393725705976216],[9.631475593715601,50.38253880365991],[9.687667504747118,50.364620432149245],[9.732938455282607,50.35581647391811],[9.747435795342186,50.341200296124086],[9.74615462097185,50.31045523451709],[9.703422444795258,50.280752310381345],[9.65395829646684,50.27101330784959],[9.63581588608459,50.23522785125967],[9.623150780259648,50.22904000403257],[9.621591901807893,50.22311636141607],[9.542029989371562,50.22434153320356],[9.50117464466081,50.24347390814982],[9.494769673079471,50.22667220668432],[9.507571329820363,50.14555734936236],[9.51925943526144,50.11403889588537],[9.51246415495682,50.0943556547161],[9.413110844697059,50.08405987920191],[9.39446345653572,50.09748632337306],[9.375639432326075,50.1296606060172],[9.327428418614904,50.14105953905036],[9.302792565303989,50.135760119179665],[9.252559877158586,50.139479670646466],[9.22186609024302,50.14941731266387],[9.183110951949432,50.13837500382768],[9.19159371749869,50.12748724019177],[9.164949171331818,50.1059062859769],[9.148355503644954,50.10246273460895],[9.144957729837273,50.11411191469316],[9.120204397462022,50.12649524191156],[9.098229911992266,50.126416983196386],[9.089306135750883,50.11680439360737],[9.07726870708239,50.115926330314075],[9.067899091649894,50.12354846972371],[9.073565885699825,50.14263412587151],[9.14560800234606,50.15735889889791],[9.155550448432901,50.16482817294852],[9.11268471662527,50.188109805289585],[9.099606275818605,50.18201128805314],[9.085005795063124,50.18472945982907],[9.071460986948212,50.20715789988406],[9.064456767997527,50.236549002200114],[9.069261314372838,50.243630762843615],[9.05849697923901,50.24963333417467],[9.038994387448085,50.24809060198752],[9.024857127329053,50.2334388460947],[9.0157061981592,50.23443661297585],[8.957126488605269,50.24737811447965],[8.961521493965746,50.25505065341876],[8.947697985739788,50.264772725062215],[8.915739989968058,50.275738131000864],[8.900848510232974,50.27590949488171],[8.922054058332272,50.29937689915969],[8.96833886596887,50.3199825950489],[9.000978947118202,50.3521360709455],[9.039987170346986,50.36331147410847],[9.06278898373953,50.385062035570236],[9.09489088693976,50.381877120075025],[9.117597638755742,50.4022743878022],[9.120639294456788,50.41569259148056],[9.112466440442926,50.42441348841889],[9.093566689084259,50.427549765549806],[9.10380506840046,50.43714155160903],[9.095879748429114,50.44583736757542],[9.06914724836779,50.4582422088227],[9.05897901843167,50.471236393918836],[9.061419809272854,50.48499081915478],[9.077226970251566,50.495374233221675],[9.05670496945939,50.50023968342153],[9.042425284720588,50.497990151856015],[9.040577162424926,50.50161150283738],[9.074787312399543,50.51715831809723],[9.08744948362544,50.51711614041664],[9.130184048122306,50.54914672153447],[9.168805579577048,50.54147258039903]]]}},{"type":"Feature","properties":{"district":"176 Hochtaunus","constituency_code":"176","state":"Hesse"},"geometry":{"type":"Polygon","coordinates":[[[8.201317268309705,50.56377811809044],[8.20639269181427,50.563744072370106],[8.227516862269336,50.58567649420383],[8.258028433011596,50.57419261305009],[8.27187127226703,50.54827463456039],[8.297841758993947,50.528069553500316],[8.314016779692235,50.51674728576758],[8.358702943345856,50.50835045729101],[8.364695449644364,50.48401389754626],[8.392437597749465,50.45751192740685],[8.423268433347669,50.45222134783217],[8.482943636210427,50.40010473229748],[8.494060892501771,50.395996749801],[8.514139287416851,50.39935149054331],[8.536120265096638,50.391619265987465],[8.545656270262675,50.377974656851755],[8.56998599383984,50.36853002306191],[8.61223032048656,50.365388418912666],[8.64995180802315,50.32433922601316],[8.617563105278764,50.29931369635224],[8.592266249459206,50.29039953032072],[8.651067590500631,50.281623740303054],[8.690225871223442,50.25315062007751],[8.68416374216864,50.238159521324484],[8.711375837050047,50.226257299567635],[8.710364726873676,50.222956493628004],[8.64661952044073,50.204041693309385],[8.58867452985195,50.16842891771927],[8.481040366473021,50.22416755618979],[8.451878766298723,50.224667111675906],[8.412395673591668,50.19651051295321],[8.422738894893422,50.188021693027736],[8.404619062199487,50.18122879420563],[8.3677402527733,50.190512068942986],[8.368797918527004,50.19813772019646],[8.35278099955668,50.20251914059908],[8.35576985089986,50.20957806791834],[8.360297254638386,50.2149014193522],[8.407286857777128,50.222862251638496],[8.410798684776738,50.258867480495475],[8.40854661684907,50.268484570058064],[8.371775740272826,50.295648866690335],[8.354556844513718,50.29423007114038],[8.336443851811035,50.30403451103165],[8.363500469680883,50.31141832478426],[8.340813274105532,50.32888851988903],[8.33259784773879,50.330182975779366],[8.331414314242222,50.34518397455242],[8.362320548887627,50.37980622624844],[8.331249521911834,50.375911714952856],[8.26968829628066,50.3831772592041],[8.253828924728023,50.38096912298029],[8.242691252006745,50.37573698084569],[8.257433959599425,50.35911136847581],[8.224331168135361,50.35780339491289],[8.155554171136647,50.388504042406545],[8.13742178243182,50.38983427392821],[8.12999409691954,50.3857834516261],[8.109917346822382,50.39157038184493],[8.08537094072862,50.41489582143253],[8.106965197074565,50.458387147495536],[8.122656448305538,50.47850818720208],[8.151562908757864,50.49091197182614],[8.159529614911666,50.49951807461081],[8.157080101850765,50.51718452853255],[8.133102194505442,50.5396144609295],[8.110809232236532,50.541864536238236],[8.134193850763102,50.55631802177305],[8.151592166629063,50.59937080033439],[8.16498748473405,50.57639890443831],[8.201317268309705,50.56377811809044]]]}},{"type":"Feature","properties":{"district":"177 Wetterau I","constituency_code":"177","state":"Hesse"},"geometry":{"type":"Polygon","coordinates":[[[9.10380506840046,50.43714155160903],[9.093566689084259,50.427549765549806],[9.112466440442926,50.42441348841889],[9.120639294456788,50.41569259148056],[9.117597638755742,50.4022743878022],[9.095236427532425,50.38208832342973],[9.06278898373953,50.385062035570236],[9.039987170346986,50.36331147410847],[9.000978947118202,50.3521360709455],[8.96833886596887,50.3199825950489],[8.922054058332272,50.29937689915969],[8.896941456463713,50.273110094349235],[8.882497410029552,50.27335731500959],[8.867667918357904,50.28107595024595],[8.846460262680761,50.27467044932374],[8.85501793158515,50.24957638886014],[8.837562780076562,50.23868696945621],[8.822965623943661,50.23760136236583],[8.81134962434377,50.22734208307956],[8.822101212924716,50.20550468577348],[8.791156362493405,50.196902406434894],[8.789865128536833,50.17604864375041],[8.763027820959339,50.179109515235815],[8.757995003985368,50.17193215578484],[8.732641961074846,50.161922588163414],[8.712267792709252,50.172379101320935],[8.705585866900478,50.19185858959843],[8.730730347329791,50.20359879928367],[8.731070145303256,50.21772501110166],[8.68416374216864,50.238159521324484],[8.690225871223442,50.25315062007751],[8.651067590500631,50.281623740303054],[8.592266249459206,50.29039953032072],[8.617563105278764,50.29931369635224],[8.64995180802315,50.32433922601316],[8.61223032048656,50.365388418912666],[8.56998599383984,50.36853002306191],[8.545656270262675,50.377974656851755],[8.536120265096638,50.391619265987465],[8.514139287416851,50.39935149054331],[8.539014452738101,50.41673570257094],[8.597405139474128,50.418103119492756],[8.602290362599298,50.431774617130664],[8.574363427699087,50.44616179585613],[8.648857990590104,50.48368237247737],[8.669139752998515,50.48521248563463],[8.755311410480413,50.474372329547535],[8.793624058515721,50.47917619295945],[8.805776520652651,50.45824164712761],[8.795247300382634,50.4523622762143],[8.799187017397136,50.44244857673739],[8.811412583192249,50.43599560304774],[8.900406503854121,50.42707905760551],[8.907374015815487,50.4384792605345],[8.948130620591012,50.43112530357092],[8.986201512079264,50.45336601186393],[8.990148634679894,50.459492466128474],[8.9786580598453,50.49039850341537],[9.008616387909742,50.495433792206846],[9.005927169369368,50.489504336032034],[9.05670496945939,50.50023968342153],[9.077226970251566,50.495374233221675],[9.061419809272854,50.48499081915478],[9.06194164268429,50.464748933739045],[9.10380506840046,50.43714155160903]]]}},{"type":"Feature","properties":{"district":"178 Rheingau-Taunus – Limburg","constituency_code":"178","state":"Hesse"},"geometry":{"type":"Polygon","coordinates":[[[8.09071465562577,50.5353879305609],[8.117738250027084,50.53450892558767],[8.120880706069908,50.539660092853296],[8.131065651140014,50.541058024164606],[8.157080101850765,50.51718452853255],[8.160829995726138,50.50626906888125],[8.151562908757864,50.49091197182614],[8.12064426733864,50.476180062027346],[8.08537094072862,50.41489582143253],[8.109917346822382,50.39157038184493],[8.12999409691954,50.3857834516261],[8.13742178243182,50.38983427392821],[8.155554171136647,50.388504042406545],[8.224331168135361,50.35780339491289],[8.257433959599425,50.35911136847581],[8.242691252006745,50.37573698084569],[8.253828924728023,50.38096912298029],[8.26968829628066,50.3831772592041],[8.331249521911834,50.375911714952856],[8.362320548887627,50.37980622624844],[8.331414314242222,50.34518397455242],[8.33259784773879,50.330182975779366],[8.340813274105532,50.32888851988903],[8.363500469680883,50.31141832478426],[8.336443851811035,50.30403451103165],[8.354556844513718,50.29423007114038],[8.371775740272826,50.295648866690335],[8.40854661684907,50.268484570058064],[8.407286857777128,50.222862251638496],[8.360297254638386,50.2149014193522],[8.352426980103237,50.203826678244276],[8.360902562246352,50.16938485500802],[8.327648974937249,50.14588633957092],[8.315203613833004,50.15178818303363],[8.245707205107154,50.14847751873589],[8.185265950429308,50.120904342946375],[8.181749083390933,50.1258110449181],[8.159975627412182,50.12439530174733],[8.112334800116363,50.09374873953111],[8.111555950698978,50.073153979455526],[8.13243146968122,50.07078005752195],[8.158511697550635,50.05418742614695],[8.175135731166828,50.03425544515584],[7.967401579009416,49.97777290655994],[7.8774896306545905,49.97287487512089],[7.864645039379392,49.98221331323323],[7.855723103250882,50.00974460887942],[7.77965919410495,50.0511066120444],[7.772620672710334,50.05845669584822],[7.7739971849347596,50.06654010317724],[7.787575824142385,50.06927636585435],[7.831724802750123,50.09550731369487],[7.844918083437101,50.12349925577216],[7.854016101015357,50.128328785055615],[7.878714814918106,50.11556429357466],[7.924412430215336,50.11379425681498],[7.9271921601799775,50.1406581440362],[7.88401422015927,50.16956859036024],[7.882830210407362,50.18131748585889],[7.910459030842856,50.19848738810246],[7.986556798096367,50.228088099038025],[8.035050723519914,50.215592940494936],[8.056122384617193,50.23375207842987],[8.031521171385577,50.25595603493843],[8.024943860605863,50.254193774318566],[8.02165050095212,50.25834481214588],[8.03589184435709,50.27119223088869],[8.06713182554913,50.27198523302728],[8.080558147210267,50.26217768170476],[8.103120829251923,50.2597888411581],[8.121913616563884,50.27722502968097],[8.11944619525941,50.294652224260204],[8.10715900816392,50.3215743823284],[8.059756762325932,50.37531153003667],[8.020023215113344,50.38611947404729],[8.02375727401538,50.400766223817335],[7.964397959062307,50.41023113501221],[8.010766001311504,50.45269242540415],[8.010474863422871,50.46057251193826],[7.987667910003856,50.47272609538334],[7.97919822559947,50.48464086988473],[7.984658891066938,50.50963508352622],[7.99285764835534,50.52211155376148],[8.037519008395833,50.551504402014125],[8.047743044906296,50.55378377260675],[8.066421973038317,50.548930810387375],[8.072570702173612,50.53879751286556],[8.09071465562577,50.5353879305609]]]}},{"type":"Feature","properties":{"district":"179 Wiesbaden","constituency_code":"179","state":"Hesse"},"geometry":{"type":"Polygon","coordinates":[[[8.327648974937249,50.14588633957092],[8.31546200001417,50.13741809431901],[8.362459439026729,50.098161369334626],[8.372809774774021,50.10074876971733],[8.38585696538392,50.082169902190074],[8.379857303758126,50.04625303250744],[8.360225931743027,50.03465353463719],[8.332237860935495,50.02666346965239],[8.330640221839824,50.000539141321674],[8.288245050550227,49.995134201181386],[8.24455772100373,50.02762837902851],[8.175135731166828,50.03425544515584],[8.158511697550635,50.05418742614695],[8.13243146968122,50.07078005752195],[8.111555950698978,50.073153979455526],[8.112334800116363,50.09374873953111],[8.159975627412182,50.12439530174733],[8.181749083390933,50.1258110449181],[8.185265950429308,50.120904342946375],[8.250078493059135,50.14934670885731],[8.315203613833004,50.15178818303363],[8.327648974937249,50.14588633957092]]]}},{"type":"Feature","properties":{"district":"180 Hanau","constituency_code":"180","state":"Hesse"},"geometry":{"type":"Polygon","coordinates":[[[8.900848510232974,50.27590949488171],[8.915739989968058,50.275738131000864],[8.947697985739788,50.264772725062215],[8.961521493965746,50.25505065341876],[8.957126488605269,50.24737811447965],[9.0157061981592,50.23443661297585],[9.024857127329053,50.2334388460947],[9.038994387448085,50.24809060198752],[9.05849697923901,50.24963333417467],[9.069261314372838,50.243630762843615],[9.064456767997527,50.236549002200114],[9.071460986948212,50.20715789988406],[9.085005795063124,50.18472945982907],[9.099606275818605,50.18201128805314],[9.11268471662527,50.188109805289585],[9.14909647297912,50.170556431830185],[9.154680659047601,50.16192033141951],[9.073565885699825,50.14263412587151],[9.067899091649894,50.12354846972371],[9.071326686359418,50.11943787246218],[9.018261040765873,50.11160420714616],[9.000086847928554,50.09471885369139],[8.999070045420748,50.07209979855903],[8.99331280198651,50.06628259267345],[8.985429763973237,50.07626632625913],[8.93481991661972,50.0860772538914],[8.913666392690514,50.08624449577941],[8.90887378010341,50.07528868641874],[8.884897247944734,50.08004585907762],[8.877403574671934,50.09954939387744],[8.886577132718967,50.12485800721845],[8.780646250498192,50.13673455664185],[8.784127432060592,50.158476226024725],[8.790346874877597,50.15887530596011],[8.800134667324294,50.16950579638567],[8.789865128536833,50.17604864375041],[8.789525729746353,50.194700114600074],[8.822101212924716,50.20550468577348],[8.81134962434377,50.22734208307956],[8.822965623943661,50.23760136236583],[8.837562780076562,50.23868696945621],[8.85501793158515,50.24957638886014],[8.846460262680761,50.27467044932374],[8.867667918357904,50.28107595024595],[8.886247987289716,50.27250117905177],[8.900848510232974,50.27590949488171]]]}},{"type":"Feature","properties":{"district":"181 Main-Taunus","constituency_code":"181","state":"Hesse"},"geometry":{"type":"Polygon","coordinates":[[[8.547586323171629,50.18781550049782],[8.58867452985195,50.16842891771927],[8.590238946972462,50.15954468267656],[8.600767042024613,50.15728981892778],[8.591951232143865,50.14213060201872],[8.57706378755674,50.133879980166995],[8.530541812613649,50.11587035769483],[8.475976507860015,50.1087518683992],[8.47346289072252,50.09850058517488],[8.52071607691737,50.06170678819826],[8.462669363540678,50.023279395871555],[8.412157315559094,49.99812731304375],[8.330640221839824,50.000539141321674],[8.332237860935495,50.02666346965239],[8.360225931743027,50.03465353463719],[8.379857303758126,50.04625303250744],[8.385581592571285,50.078942473168055],[8.377430871254791,50.09693726441028],[8.372809774774021,50.10074876971733],[8.362459439026729,50.098161369334626],[8.31546200001417,50.13741809431901],[8.360902562246352,50.16938485500802],[8.353887434610684,50.20100967564155],[8.368797918527004,50.19813772019646],[8.3677402527733,50.190512068942986],[8.404619062199487,50.18122879420563],[8.422738894893422,50.188021693027736],[8.412395673591668,50.19651051295321],[8.451878766298723,50.224667111675906],[8.462019034133856,50.226045026822106],[8.481040366473021,50.22416755618979],[8.547586323171629,50.18781550049782]]]}},{"type":"Feature","properties":{"district":"182 Frankfurt am Main I","constituency_code":"182","state":"Hesse"},"geometry":{"type":"Polygon","coordinates":[[[8.52559200993936,50.0837589058064],[8.52071607691737,50.06170678819826],[8.47346289072252,50.09850058517488],[8.475976507860015,50.1087518683992],[8.530541812613649,50.11587035769483],[8.590117673535106,50.14037193994413],[8.600767042024613,50.15728981892778],[8.590238946972462,50.15954468267656],[8.58867452985195,50.16842891771927],[8.615369568373447,50.18419909787948],[8.61742936501655,50.174639767469685],[8.647877387960612,50.17506032993429],[8.665247204674705,50.170380787247616],[8.67535072435309,50.155048765157744],[8.682155217010818,50.1080873352355],[8.628614364312453,50.08870962658426],[8.584999029445342,50.08868653686308],[8.551701859784533,50.09902364502892],[8.52559200993936,50.0837589058064]]]}},{"type":"Feature","properties":{"district":"183 Frankfurt am Main II","constituency_code":"183","state":"Hesse"},"geometry":{"type":"Polygon","coordinates":[[[8.789865128536833,50.17604864375041],[8.800134667324294,50.16950579638567],[8.790346874877597,50.15887530596011],[8.784127432060592,50.158476226024725],[8.780646250498192,50.13673455664185],[8.733952869839925,50.105513603435],[8.731220851414701,50.08128881710458],[8.717834172581812,50.0624061123483],[8.623922296009859,50.05447016142592],[8.597240692876323,50.04244208535384],[8.591320753218533,50.0176918030525],[8.572515256442452,50.021920749110336],[8.518845075497904,50.02056944451235],[8.515892099381697,50.03270467636423],[8.548200927130411,50.04651027146292],[8.55489583191017,50.055012831395885],[8.551162768076685,50.069286720243554],[8.52559200993936,50.0837589058064],[8.548227496682792,50.09728727829517],[8.563022399404717,50.09782374404346],[8.584999029445342,50.08868653686308],[8.628614364312453,50.08870962658426],[8.682155217010818,50.1080873352355],[8.67535072435309,50.155048765157744],[8.665247204674705,50.170380787247616],[8.614234317064803,50.17658513757662],[8.616602316565968,50.185623429917435],[8.64023934856516,50.20083319267379],[8.715808083601244,50.225912391662845],[8.733472123762496,50.21538607692706],[8.730730347329791,50.20359879928367],[8.705585866900478,50.19185858959843],[8.706781946529048,50.17919629752155],[8.72278526352015,50.163614929288705],[8.738683666685915,50.162582727581224],[8.757995003985368,50.17193215578484],[8.763027820959339,50.179109515235815],[8.789865128536833,50.17604864375041]]]}},{"type":"Feature","properties":{"district":"184 Groß-Gerau","constituency_code":"184","state":"Hesse"},"geometry":{"type":"Polygon","coordinates":[[[8.52559200993936,50.0837589058064],[8.551162768076685,50.069286720243554],[8.55489583191017,50.055012831395885],[8.548200927130411,50.04651027146292],[8.515892099381697,50.03270467636423],[8.518845075497904,50.02056944451235],[8.572515256442452,50.021920749110336],[8.600585805997698,50.01758542350732],[8.630228570246343,49.96797217593533],[8.602550658558336,49.96504873688002],[8.582670778778034,49.95567093791313],[8.56244048336555,49.922280346512046],[8.552950319148666,49.88007016990688],[8.52322427552764,49.87347344092001],[8.520251627664084,49.868948685308006],[8.549545860653344,49.82221401870704],[8.548199244856347,49.80214812431217],[8.53658925164385,49.795729080781406],[8.537377981193611,49.785032851563145],[8.559270159617023,49.72879181763954],[8.503845251468027,49.723851825827346],[8.453141619862947,49.730426904572056],[8.448364902305523,49.73366160652777],[8.478632657333891,49.75822837021261],[8.478558789587305,49.76524474363752],[8.46820413551343,49.76922686476028],[8.432657629720085,49.765965622128554],[8.416297385554094,49.773867684685875],[8.406076882264932,49.796569027706774],[8.378448621276531,49.824820082843935],[8.383583802434254,49.85567785908302],[8.357524456290161,49.86490149418266],[8.344010056602844,49.88010931775784],[8.3435559779884,49.89287277373259],[8.354723211226556,49.91321317042416],[8.342163535870323,49.949040864774055],[8.322339373545871,49.97359170219348],[8.288245050550227,49.995134201181386],[8.330640221839824,50.000539141321674],[8.412157315559094,49.99812731304375],[8.462669363540678,50.023279395871555],[8.52071607691737,50.06170678819826],[8.52559200993936,50.0837589058064]]]}},{"type":"Feature","properties":{"district":"185 Offenbach","constituency_code":"185","state":"Hesse"},"geometry":{"type":"Polygon","coordinates":[[[8.902532600288966,50.06430201623475],[8.818673855833984,50.027802184922564],[8.818988246170726,50.007531024697926],[8.798388712511157,49.9885516581045],[8.747053671708528,49.96049624012767],[8.725707504583783,49.95420812816133],[8.674682264942447,49.951683178483044],[8.620113467392516,49.96548379210664],[8.630228570246343,49.96797217593533],[8.628351923383727,49.975924329995074],[8.600585805997698,50.01758542350732],[8.591320753218533,50.0176918030525],[8.597240692876323,50.04244208535384],[8.623922296009859,50.05447016142592],[8.717834172581812,50.0624061123483],[8.731220851414701,50.08128881710458],[8.733952869839925,50.105513603435],[8.780646250498192,50.13673455664185],[8.886577132718967,50.12485800721845],[8.877403574671934,50.09954939387744],[8.884897247944734,50.08004585907762],[8.90887378010341,50.07528868641874],[8.902532600288966,50.06430201623475]]]}},{"type":"Feature","properties":{"district":"186 Darmstadt","constituency_code":"186","state":"Hesse"},"geometry":{"type":"Polygon","coordinates":[[[8.624987250216806,49.963962090204255],[8.674682264942447,49.951683178483044],[8.725707504583783,49.95420812816133],[8.747053671708528,49.96049624012767],[8.741652367421153,49.95792914089193],[8.755309617797792,49.94919352209612],[8.831271738650859,49.950178436408514],[8.865030381454403,49.96332979180615],[8.900759353490534,49.92895616544779],[8.911066566474954,49.912146236241455],[8.909928497401971,49.907846808722496],[8.87294093691438,49.90842204528065],[8.849675151817648,49.9170953265379],[8.84206629179505,49.925849028371886],[8.797180647448313,49.922324892211606],[8.770620585961643,49.91484205543374],[8.75927462218285,49.89511336941172],[8.743798701942987,49.89883536253857],[8.74015912640799,49.892155530042004],[8.796382632796599,49.87892722810485],[8.79513185571506,49.85945208296118],[8.783990637592408,49.850330238816596],[8.783468736285133,49.84204305023348],[8.795305516653844,49.80609849932554],[8.772166903291213,49.78735458166876],[8.775612200445385,49.753642298453656],[8.790351506142288,49.731133852135265],[8.775984242456262,49.725327983424926],[8.738835798812547,49.72311030294456],[8.701795588398788,49.750111665880056],[8.686210624804668,49.73045209411607],[8.673598171410402,49.72518306985736],[8.591796122451377,49.730945696621234],[8.561198598929202,49.725071944169244],[8.537377981193611,49.785032851563145],[8.53658925164385,49.795729080781406],[8.548199244856347,49.80214812431217],[8.549545860653344,49.82221401870704],[8.520251627664084,49.868948685308006],[8.52322427552764,49.87347344092001],[8.552950319148666,49.88007016990688],[8.56244048336555,49.922280346512046],[8.582670778778034,49.95567093791313],[8.602550658558336,49.96504873688002],[8.624987250216806,49.963962090204255]]]}},{"type":"Feature","properties":{"district":"187 Odenwald","constituency_code":"187","state":"Hesse"},"geometry":{"type":"Polygon","coordinates":[[[8.982708747623327,50.05690014487404],[9.002283659309581,50.04478489083535],[9.020165936005128,50.04448714517473],[9.032088494432744,50.0380898356044],[9.03540896396388,50.00210988652753],[9.029418474339147,49.99262279375959],[9.016088362882291,49.991340444428374],[9.03722987966335,49.87925933189954],[9.050080126761943,49.86631479011643],[9.03608074391789,49.84650411940018],[9.03765196177179,49.84256429333878],[9.063956866576557,49.83175947527275],[9.0769928181004,49.81822327920503],[9.090879620671611,49.79065500884589],[9.108140121300112,49.79798043389667],[9.131665505162497,49.794927933867385],[9.134409139793506,49.782633384127614],[9.117876046565042,49.773876011289936],[9.124339963609954,49.755976126786],[9.14735000167923,49.7399742918706],[9.126109155488049,49.6999795814902],[9.089638350848533,49.69334572039149],[9.088859948722707,49.66902322213162],[9.103418917090009,49.660430598431084],[9.102012047411993,49.64221034316093],[9.084324110244125,49.634990118491665],[9.065283440293987,49.616259516540914],[9.066381372312954,49.60236512685104],[9.082989877868428,49.60198700938402],[9.10300616614835,49.57745601134535],[9.098930719222178,49.560553904701976],[9.083251369732709,49.561292998350865],[9.078159725118693,49.57466931042406],[9.074420183672391,49.574837709900464],[9.070816003013626,49.56472485677689],[9.081448552014152,49.55615890499512],[9.086511538132484,49.543779320732924],[9.114951675834682,49.53385623577412],[9.126459732015554,49.52160708551347],[9.123867281857141,49.51611400837261],[9.10612738202233,49.509796064225945],[9.099554223860654,49.52618935149413],[9.064950779110644,49.529606008765555],[9.050509462845502,49.518966227841474],[9.042823599003485,49.49904533581249],[9.013978091267873,49.49815640728108],[8.981829014221788,49.50987315656212],[8.941694529178084,49.485133425220546],[8.931879784188085,49.47063680644874],[8.899354817757978,49.48454979940358],[8.903399948917608,49.513184894092326],[8.881533725277082,49.57011129972301],[8.884886019348565,49.57982343452684],[8.883337927449125,49.65096986488803],[8.837560236988343,49.66210425095108],[8.803925570963502,49.682484505207775],[8.797651634941147,49.695059034340645],[8.797328769031326,49.73829400134917],[8.786987087703501,49.736671460693856],[8.775612200445385,49.753642298453656],[8.772166903291213,49.78735458166876],[8.795305516653844,49.80609849932554],[8.783468736285133,49.84204305023348],[8.783990637592408,49.850330238816596],[8.79513185571506,49.85945208296118],[8.796382632796599,49.87892722810485],[8.74015912640799,49.892155530042004],[8.743798701942987,49.89883536253857],[8.75927462218285,49.89511336941172],[8.770620585961643,49.91484205543374],[8.797180647448313,49.922324892211606],[8.84206629179505,49.925849028371886],[8.849675151817648,49.9170953265379],[8.87294093691438,49.90842204528065],[8.909928497401971,49.907846808722496],[8.91039812151143,49.9162944587592],[8.865030381454403,49.96332979180615],[8.831271738650859,49.950178436408514],[8.755309617797792,49.94919352209612],[8.7416565754167,49.95856817630896],[8.798388712511157,49.9885516581045],[8.818988246170726,50.007531024697926],[8.818673855833984,50.027802184922564],[8.905311384569712,50.0660597165358],[8.913666392690514,50.08624449577941],[8.985429763973237,50.07626632625913],[8.991371862331643,50.06883970946565],[8.982708747623327,50.05690014487404]]]}},{"type":"Feature","properties":{"district":"188 Bergstraße","constituency_code":"188","state":"Hesse"},"geometry":{"type":"MultiPolygon","coordinates":[[[[8.937924024481012,49.465135989660126],[8.950348719633418,49.454992881742946],[8.854184152558393,49.396349510121],[8.826551843066442,49.394940580504965],[8.811745137040576,49.406738180726244],[8.811711526898822,49.415526508695656],[8.836452905853491,49.430218300639794],[8.834607505197303,49.4503826794087],[8.823524967894668,49.462678396158374],[8.826602841923703,49.46934921889085],[8.851932272377041,49.48358821273531],[8.866340213945175,49.47459268304588],[8.862923784692239,49.466678849461616],[8.86824475169717,49.4648933521312],[8.899354817757978,49.48454979940358],[8.937924024481012,49.465135989660126]]],[[[8.73409835672621,49.72546638920203],[8.74588010540636,49.722175595244785],[8.775984242456262,49.725327983424926],[8.797328769031326,49.73829400134917],[8.797651634941147,49.695059034340645],[8.803925570963502,49.682484505207775],[8.837560236988343,49.66210425095108],[8.883337927449125,49.65096986488803],[8.884886019348565,49.57982343452684],[8.881533725277082,49.57011129972301],[8.903399948917608,49.513184894092326],[8.899572708242678,49.50365572925525],[8.882661470741846,49.50609614758609],[8.852215790037494,49.5012563477912],[8.820321064252909,49.517613787208134],[8.766459233588618,49.51473776827918],[8.737227041650499,49.51928837325233],[8.69169787653364,49.55549033679361],[8.684306834956814,49.57022246999563],[8.683018960184873,49.5884130094033],[8.696334373848853,49.59209975039614],[8.693720396982673,49.62223076536556],[8.677933667396479,49.62594697361886],[8.593888978444102,49.61094664576402],[8.589315310028638,49.60451524665094],[8.590976798794516,49.59594293021423],[8.60323173471608,49.5932942357083],[8.621299695973267,49.54500988881474],[8.58137487463104,49.51978041630542],[8.557744232850629,49.51791856584819],[8.495032434510831,49.572996669729044],[8.464284652695222,49.58952836618412],[8.446002312731878,49.590376709795926],[8.422439263083017,49.583385412046944],[8.409047725828108,49.6050441355894],[8.383393964032274,49.62519494484993],[8.356105211122255,49.67971727692727],[8.357266999627685,49.692141609640544],[8.363357923909472,49.6986378064986],[8.38829281364475,49.70928438370006],[8.430733342736575,49.71856312602541],[8.448364902305523,49.73366160652777],[8.503845251468027,49.723851825827346],[8.559270159617023,49.72879181763954],[8.563038911038127,49.7249979949178],[8.591796122451377,49.730945696621234],[8.673598171410402,49.72518306985736],[8.686210624804668,49.73045209411607],[8.701795588398788,49.750111665880056],[8.73409835672621,49.72546638920203]]]]}},{"type":"Feature","properties":{"district":"189 Eichsfeld – Nordhausen – Kyffhäuserkreis","constituency_code":"189","state":"Thuringia"},"geometry":{"type":"Polygon","coordinates":[[[10.771296375844228,51.64460273726647],[10.86809028465816,51.62647424515056],[10.88716317439452,51.61200110674891],[10.916059109626026,51.616374051665304],[10.936505672125621,51.60405612865048],[10.934833217536761,51.59681116463843],[10.92632844397685,51.59251488755965],[10.893144326588356,51.59841837876849],[10.88124862968573,51.580218003425934],[10.896674603028272,51.560707737961536],[10.938535782774894,51.53545008096775],[10.953646147151582,51.498209661006946],[10.969317021911353,51.48016376570182],[10.97811322518605,51.42688507885303],[10.995530161448277,51.427163869633134],[11.000899457781681,51.42330843738635],[10.994322393200857,51.417902121753585],[11.008130368898918,51.416115853404925],[11.061390454883473,51.42979197206799],[11.153196478246413,51.40206579175337],[11.274318773597905,51.40075452199981],[11.321404516129013,51.41079983196984],[11.331220870102465,51.390342865650794],[11.378316571089433,51.38723810569684],[11.39685227800388,51.38133072292048],[11.398044306648059,51.37692762762605],[11.389836466829511,51.367986818843896],[11.405772925563644,51.34220401754689],[11.428868293383522,51.33981013887319],[11.418230631854563,51.33223687331517],[11.467131130758897,51.30461704177974],[11.473866455139518,51.29457380567793],[11.462232083055259,51.29066584561671],[11.419956919078073,51.24607947616403],[11.403105003243473,51.237662741113326],[11.386901823642692,51.24628040509827],[11.391450941509504,51.25245430182276],[11.359341586351176,51.26749534397901],[11.337371308640448,51.288177873867575],[11.32165579652602,51.29201403464821],[11.306982445792611,51.2842070999235],[11.310450637985195,51.27418689924689],[11.327566026023124,51.27111610797888],[11.327095160754725,51.263255533914695],[11.302480872597613,51.24401887495486],[11.251465991420254,51.2548213577091],[11.213870979563172,51.240939385309126],[11.150404004703942,51.25647860886989],[11.16253627122801,51.27456737910311],[11.106521633430132,51.301844469222274],[11.1044972327488,51.31164393624651],[11.069001564832094,51.322618104181714],[11.058391969442056,51.31329399434292],[11.061836357860562,51.30024958137134],[11.005568652492078,51.26689204213483],[11.004842541994751,51.247722022662415],[11.010178941786153,51.232475493472684],[10.97005815374147,51.19930841257103],[10.904943637321638,51.20604785604181],[10.894617199836633,51.21781553635481],[10.833262826851232,51.2225498380814],[10.798118472790529,51.22060223041772],[10.773347033035312,51.21338396873128],[10.72038901491211,51.21363059894574],[10.709071826798295,51.216692393533805],[10.70063312879001,51.22641506885778],[10.676720510913782,51.279437376411096],[10.657571154814237,51.284143127311474],[10.609404292528716,51.31851242161778],[10.571682029807656,51.32449749719542],[10.524400589780209,51.30494851002843],[10.49615278791409,51.31131182910704],[10.501206262794241,51.327353411368755],[10.49797479696955,51.33655723544806],[10.483566161895371,51.343303770094764],[10.391915418748884,51.34349808395327],[10.374253970359701,51.33008409774579],[10.377755024556961,51.309592763972205],[10.352283298028201,51.28471377108107],[10.328200064904784,51.28325942893885],[10.314224342604861,51.26242795457664],[10.319898448770015,51.259926631097855],[10.318011526583966,51.25125632680283],[10.304442360055546,51.242609461285504],[10.282136063206599,51.23102679871811],[10.235197707883191,51.22739821321871],[10.21874690177807,51.231816158888755],[10.185303318638981,51.218741415224166],[10.20721327990834,51.19090693154283],[10.168444936421897,51.21218991064108],[10.067094994438154,51.22779314415534],[10.059916187034753,51.27586548637371],[9.976475751694318,51.29087181449095],[9.95956598301484,51.30487574271326],[9.943447817686414,51.33450908754136],[9.925469057162607,51.35379334253115],[9.923293274787632,51.36804312030454],[9.928522750724955,51.37518538415003],[10.037699923852523,51.42005667414083],[10.058274811035872,51.43525049874851],[10.133636786182647,51.43420479896455],[10.174215814096089,51.445983989202354],[10.182432315615214,51.461210931974726],[10.178251590256206,51.470016352689015],[10.202375738128945,51.486228828957486],[10.214027409323323,51.48026592853735],[10.215624874126776,51.473585276150715],[10.290362553879447,51.492751922351516],[10.316126843262483,51.51545729373538],[10.34205307835194,51.519489348264834],[10.366789611300154,51.542433941214064],[10.372184974001662,51.5529927347959],[10.365365040217743,51.55589099103831],[10.376423836155865,51.559771552541164],[10.379213646020983,51.57460048841431],[10.390259986395929,51.586054636303274],[10.430758480650423,51.5923917632168],[10.495784319032024,51.5730248932867],[10.510160202679096,51.556651117890645],[10.519381024136804,51.553591184597025],[10.562232448897943,51.557534779283976],[10.587853793693814,51.567072649582286],[10.604756982593788,51.57941086666327],[10.621886662698152,51.575741895585615],[10.63687600136664,51.56209593601323],[10.656796166139332,51.55830164491525],[10.66630695939743,51.57809868198786],[10.638674695179656,51.58411696348995],[10.632792024599869,51.602224327964464],[10.639582618467777,51.62142353956611],[10.677312487711584,51.631124858750646],[10.677282757230678,51.63837585786807],[10.771296375844228,51.64460273726647]]]}},{"type":"Feature","properties":{"district":"190 Eisenach – Wartburgkreis – Unstrut-Hainich-Kreis","constituency_code":"190","state":"Thuringia"},"geometry":{"type":"Polygon","coordinates":[[[10.488105957383322,51.341837825960006],[10.49728529172489,51.33783478043673],[10.501206262794241,51.327353411368755],[10.49615278791409,51.31131182910704],[10.524400589780209,51.30494851002843],[10.571682029807656,51.32449749719542],[10.609404292528716,51.31851242161778],[10.657571154814237,51.284143127311474],[10.676720510913782,51.279437376411096],[10.70063312879001,51.22641506885778],[10.709071826798295,51.216692393533805],[10.733273458313356,51.21204012893106],[10.773347033035312,51.21338396873128],[10.798118472790529,51.22060223041772],[10.833262826851232,51.2225498380814],[10.894617199836633,51.21781553635481],[10.904943637321638,51.20604785604181],[10.922568401242145,51.20532875354462],[10.915505139494567,51.18597388215177],[10.904283311559388,51.17969709218804],[10.908243873929246,51.151629667789976],[10.91788932643476,51.14724086708624],[10.911131443490738,51.13367880610653],[10.886464519962592,51.12778190277072],[10.880308952207022,51.09825251964027],[10.770922075398081,51.093042155591455],[10.763409932039902,51.10615947011607],[10.733497125989947,51.11178344187183],[10.707256216663177,51.1022131198099],[10.696526449476979,51.08243576923692],[10.711185543745307,51.05237148281745],[10.678642085238378,51.0385429064145],[10.624348494894072,51.03580625330136],[10.614710294052495,51.039163153555336],[10.593059034037925,51.023877910407954],[10.480838478671503,50.9939341755683],[10.486139082896328,50.969782207811974],[10.516214950432076,50.96642951549454],[10.50088288427673,50.93846658551731],[10.484726432853158,50.920155747388186],[10.434301719136966,50.90445558716656],[10.400862330148271,50.86427601223384],[10.412085822846628,50.846056060761256],[10.405584320534258,50.82133471652073],[10.376531166365181,50.79659115677965],[10.384705087930353,50.78648630469583],[10.357010511031673,50.77813271292261],[10.32708628414137,50.788304213526416],[10.26265553424605,50.76382475112389],[10.202960889385816,50.776634775008894],[10.212630579268739,50.75497484129682],[10.221660630206598,50.7511009010548],[10.222210909108206,50.737290847537615],[10.21148329141629,50.72490186548478],[10.196565573063538,50.71922221923357],[10.186226643530606,50.70122633452564],[10.185706607002457,50.66903125805829],[10.202633436744692,50.660228219153645],[10.218602361961075,50.639729587781],[10.204769239835422,50.616562092477],[10.147463220752606,50.61679739179618],[10.118082834427625,50.62315607080478],[10.104159715113795,50.62865138735872],[10.106503803887737,50.633994804924626],[10.102368617460996,50.6378046901234],[10.0878778337711,50.64129905579099],[10.077995051152302,50.63728640734704],[10.070540947645851,50.65553338430718],[10.054029664414962,50.671162990263085],[10.033725747465487,50.675428872788366],[9.997851449893622,50.67603457001727],[9.95069085273203,50.665733725293464],[9.949204206800355,50.656134954623475],[9.968844385160583,50.64173131112767],[9.960722012774673,50.629483651307794],[9.94627984544926,50.62698595680896],[9.87913703676494,50.63500388963195],[9.879990697102519,50.669857387807795],[9.913970849919359,50.70039331804316],[9.941503199634047,50.73913913788902],[9.939614276842224,50.755919975602225],[9.926538843234182,50.76722029778756],[9.955157294074281,50.82178600354365],[9.976637973192673,50.83288910581154],[9.994645978031889,50.82576168650916],[10.023054524440493,50.831631423306156],[10.0377517033044,50.845295401018724],[10.038797495508714,50.85320987542278],[10.021928583625218,50.84785663168646],[10.018689019080826,50.85567082788816],[10.021893142050255,50.864486297267774],[10.05801950308399,50.88253470239064],[10.058444784031119,50.89017533246077],[10.005645374415844,50.92525747614696],[9.976225352472245,50.92965346345351],[9.965913585330147,50.92926902514892],[9.956549682227955,50.922801297528586],[9.950244620556365,50.926298778063845],[9.950784886276988,50.94202033058931],[9.991072680607544,50.94345415723294],[9.999674033726059,50.93691416004216],[10.014007699286136,50.9346790216792],[10.060930871893513,50.94327079256527],[10.06145372100717,50.9482304471027],[10.043276667169364,50.94864344465196],[10.02381541137247,50.985360411989326],[10.021102369553265,50.99389095367124],[10.036400427129946,51.012376194213616],[10.109151948270274,51.00946672907978],[10.14851957371203,50.99382847938886],[10.182348529762393,50.99848734451378],[10.215185735552346,51.02641934941964],[10.198846623790654,51.040090386669554],[10.139378348560385,51.0583394530947],[10.145085763501834,51.084881354061544],[10.171593926391859,51.10396593598002],[10.160203445127356,51.11939527582814],[10.14924546642747,51.120361597854476],[10.12343105624528,51.140885195839886],[10.126637638218408,51.14585301540899],[10.168738649620428,51.153267718947355],[10.182991346299213,51.138137780754874],[10.184789839391978,51.13235737056457],[10.179214908816403,51.1276472573209],[10.189056549413646,51.11666846212938],[10.199959022233745,51.11297207445482],[10.209346042302151,51.118169273599186],[10.210734758132654,51.14071098526178],[10.201598668750766,51.15130482311948],[10.207908946406736,51.16466371419048],[10.228989850019444,51.17399962449948],[10.235858056880431,51.186854376631885],[10.20721327990834,51.19090693154283],[10.185303318638981,51.218741415224166],[10.21874690177807,51.231816158888755],[10.235197707883191,51.22739821321871],[10.282136063206599,51.23102679871811],[10.304442360055546,51.242609461285504],[10.318011526583966,51.25125632680283],[10.319898448770015,51.259926631097855],[10.314224342604861,51.26242795457664],[10.328200064904784,51.28325942893885],[10.352283298028201,51.28471377108107],[10.377755024556961,51.309592763972205],[10.374253970359701,51.33008409774579],[10.391915418748884,51.34349808395327],[10.488105957383322,51.341837825960006]]]}},{"type":"Feature","properties":{"district":"191 Jena – Sömmerda – Weimarer Land I","constituency_code":"191","state":"Thuringia"},"geometry":{"type":"Polygon","coordinates":[[[11.187024133894836,51.24642192783608],[11.213870979563172,51.240939385309126],[11.251465991420254,51.2548213577091],[11.302480872597613,51.24401887495486],[11.327095160754725,51.263255533914695],[11.327566026023124,51.27111610797888],[11.310450637985195,51.27418689924689],[11.306982445792611,51.2842070999235],[11.32165579652602,51.29201403464821],[11.332663234044212,51.28967800435524],[11.359341586351176,51.26749534397901],[11.391450941509504,51.25245430182276],[11.376174721861815,51.23928892870029],[11.365790890095306,51.22138871469094],[11.407766351841975,51.20428989758816],[11.4349534467752,51.211454115461784],[11.468567728785274,51.19265410363367],[11.47920541986731,51.158787176061495],[11.471676336510981,51.14845730591407],[11.460826068249693,51.14677438801474],[11.46315680606327,51.113066647043304],[11.485529673649445,51.10237926685713],[11.54564277955956,51.10245036618545],[11.571659894846228,51.1193651228266],[11.662299000637427,51.11114679609615],[11.69238246545915,51.09985159613154],[11.696938745068554,51.087490901212256],[11.685173357946429,51.08444347941917],[11.689252703510647,51.07695124679658],[11.688280130267403,51.06187067679149],[11.674852808671657,51.03636095175149],[11.546873743671133,50.990042097512784],[11.56643651484301,50.965920002365365],[11.617258160769968,50.976826483467306],[11.661144263801097,50.96028078712917],[11.672849812013148,50.9515518029336],[11.664074276379992,50.881072861139344],[11.604774610060694,50.861351013474646],[11.562926848736153,50.85618939441582],[11.52904378665339,50.8629378207844],[11.531296816132533,50.869720165654066],[11.56348303683907,50.87430718929856],[11.558529943993383,50.89038762132416],[11.5048109033967,50.90624251820741],[11.490522325626452,50.90156001459251],[11.492180208331346,50.89522906702636],[11.480104112095864,50.87987242803833],[11.4389028518467,50.864555643699426],[11.460697866750737,50.83828242628463],[11.454815860243155,50.827946915585294],[11.431485150205011,50.83068296837853],[11.42387183375831,50.8085991092482],[11.363751325862195,50.807514499765674],[11.359558771280355,50.798377757822976],[11.32185612023222,50.794501581396325],[11.274470302044339,50.821191878869485],[11.213231759398212,50.80442519295736],[11.156240876850832,50.82910082381742],[11.155907724196865,50.84478602563129],[11.177691139036718,50.85277705476992],[11.175837778424851,50.85878721321608],[11.161174959959709,50.868423946732776],[11.132492715436946,50.87453682615508],[11.114021803463656,50.89732837050237],[11.105966851201654,50.92665841660826],[11.111818948558184,50.929956965602855],[11.174341130683308,50.92036160777647],[11.260479016409324,50.92040623132227],[11.261529804396737,50.937621427042586],[11.26833808290029,50.93942125253629],[11.29282078256314,50.917850817507805],[11.319170525555805,50.920358643072525],[11.398040025892799,50.9552381056885],[11.402000739486457,50.96405262984434],[11.392752380257468,50.99587813796622],[11.37402234940599,50.98937959340663],[11.356534233036976,50.99736475387056],[11.347548338316045,51.008147073583146],[11.359521580236011,51.01391708338277],[11.360126038001768,51.01959035959293],[11.286252237414152,51.03190825006464],[11.246542067956595,51.02759835127246],[11.236589721917492,51.02174108252535],[11.217298902245561,51.032631735615055],[11.170664448146443,51.01872883153866],[11.121435919659925,51.01240634162502],[11.093334164886716,51.060105368593966],[11.066442209334275,51.079412877454104],[11.041641830659323,51.077875042854664],[11.03581150672456,51.062822045389304],[10.992176830494909,51.05886639168493],[10.98461623293489,51.052653752956765],[10.986144842013797,51.04323596402937],[10.929568417631456,51.027820377906394],[10.900247900215287,51.02282312882907],[10.862985290102392,51.026544092993596],[10.870129336596678,51.02963476203236],[10.870866918059159,51.05702282701807],[10.883434602748668,51.08399939007155],[10.880308952207022,51.09825251964027],[10.886464519962592,51.12778190277072],[10.911131443490738,51.13367880610653],[10.91788932643476,51.14724086708624],[10.908243873929246,51.151629667789976],[10.904283311559388,51.17969709218804],[10.915505139494567,51.18597388215177],[10.922568401242145,51.20532875354462],[10.972699785121467,51.199954577228674],[11.010178941786153,51.232475493472684],[11.004842541994751,51.247722022662415],[11.005568652492078,51.26689204213483],[11.061836357860562,51.30024958137134],[11.058391969442056,51.31329399434292],[11.069001564832094,51.322618104181714],[11.1044972327488,51.31164393624651],[11.106521633430132,51.301844469222274],[11.16253627122801,51.27456737910311],[11.150404004703942,51.25647860886989],[11.187024133894836,51.24642192783608]]]}},{"type":"Feature","properties":{"district":"192 Gotha – Ilm-Kreis","constituency_code":"192","state":"Thuringia"},"geometry":{"type":"Polygon","coordinates":[[[10.769835727489705,51.095410974183665],[10.880308952207022,51.09825251964027],[10.883434602748668,51.08399939007155],[10.870866918059159,51.05702282701807],[10.870129336596678,51.02963476203236],[10.85534689025955,51.025838827145904],[10.86338601872343,51.00121490147402],[10.883072822876946,51.000540016418014],[10.891579713820548,50.98995845694032],[10.863113085048596,50.97727335558717],[10.865766199604826,50.96489343866646],[10.90048702287398,50.94148446822733],[10.917413138935121,50.94074117363063],[10.938504966386878,50.94687196386245],[10.959487543043332,50.93419433896491],[10.964522346425177,50.920794850098716],[10.934943886048472,50.91032798768152],[10.93616513516714,50.89487445914252],[10.947708302586815,50.89097058505666],[10.96781482190818,50.89346391702706],[10.980558227204321,50.90223049879252],[11.110259354953943,50.91311231380406],[11.114021803463656,50.89732837050237],[11.132492715436946,50.87453682615508],[11.161174959959709,50.868423946732776],[11.175837778424851,50.85878721321608],[11.177691139036718,50.85277705476992],[11.155907724196865,50.84478602563129],[11.156240876850832,50.82910082381742],[11.20064884363717,50.80712925768179],[11.224101167800507,50.80393496682225],[11.222716393132055,50.799795529698876],[11.189472818929346,50.799439972352964],[11.178923078985596,50.77212145366245],[11.187999133641652,50.755403734844975],[11.189806142369857,50.73659623898252],[11.176292435347982,50.729675493641714],[11.139586047690532,50.72536700639707],[11.115960613720421,50.73220747146092],[11.101520463674008,50.73053775668197],[11.091910119008134,50.712789466349484],[11.017660800086643,50.68557587871485],[11.034277907503148,50.674738962554294],[11.042828992974867,50.67947701442268],[11.063013027737036,50.67509759781967],[11.06635370141397,50.65748148436718],[11.05785277114287,50.649694663885356],[11.061572918896873,50.62950346518189],[11.064973291480344,50.62173973816456],[11.078086524701323,50.61386474218559],[11.076498115947526,50.58136336997173],[11.070027299427338,50.56524432892042],[11.048136086825602,50.552447444995465],[10.98153911257001,50.54904643937543],[10.96865456810775,50.552752578234546],[10.942399256732191,50.548213368094196],[10.930343881418242,50.55947014166847],[10.929981015377987,50.578411747842594],[10.896711885350454,50.60947401110905],[10.878385146640191,50.5972281263783],[10.881403781446233,50.58761941781476],[10.865236053848106,50.56601090189796],[10.837680241365431,50.56487110731904],[10.824581197335013,50.57249372347048],[10.82912351095605,50.59760239657791],[10.78632959054818,50.60869353794936],[10.772888930162901,50.619469264094754],[10.789087398044225,50.62480148798772],[10.771865935013224,50.64542991200297],[10.73373466901912,50.66349055083849],[10.745735555675996,50.668171448292824],[10.750619856139789,50.67870620907939],[10.752704193984258,50.718471240871075],[10.737764562106353,50.72935401075729],[10.7197170007311,50.73815332382476],[10.706749651619925,50.7183319916969],[10.686618811364307,50.71577132384803],[10.613005493973,50.737901641707495],[10.584063250185052,50.73613573443943],[10.564680419129223,50.75582587512671],[10.558205263328185,50.78422562649635],[10.537865365901348,50.82703759278458],[10.457264309697107,50.84695423229971],[10.4247529167387,50.84334770410117],[10.408293719366796,50.85202748831675],[10.400862330148271,50.86427601223384],[10.434301719136966,50.90445558716656],[10.480229739997192,50.91687998946142],[10.50088288427673,50.93846658551731],[10.516214950432076,50.96642951549454],[10.486139082896328,50.969782207811974],[10.480838478671503,50.9939341755683],[10.593059034037925,51.023877910407954],[10.614710294052495,51.039163153555336],[10.624348494894072,51.03580625330136],[10.678642085238378,51.0385429064145],[10.711185543745307,51.05237148281745],[10.696526449476979,51.08243576923692],[10.707256216663177,51.1022131198099],[10.730777672646246,51.11104206966603],[10.763409932039902,51.10615947011607],[10.769835727489705,51.095410974183665]]]}},{"type":"Feature","properties":{"district":"193 Erfurt – Weimar – Weimarer Land II","constituency_code":"193","state":"Thuringia"},"geometry":{"type":"Polygon","coordinates":[[[11.111863340061069,51.030641310102006],[11.121435919659925,51.01240634162502],[11.170664448146443,51.01872883153866],[11.217298902245561,51.032631735615055],[11.236589721917492,51.02174108252535],[11.246542067956595,51.02759835127246],[11.286252237414152,51.03190825006464],[11.360126038001768,51.01959035959293],[11.359521580236011,51.01391708338277],[11.348636731506085,51.0060516194488],[11.37402234940599,50.98937959340663],[11.392752380257468,50.99587813796622],[11.402000739486457,50.96405262984434],[11.398040025892799,50.9552381056885],[11.383924217961866,50.947121886761536],[11.319170525555805,50.920358643072525],[11.29282078256314,50.917850817507805],[11.26833808290029,50.93942125253629],[11.261529804396737,50.937621427042586],[11.260479016409324,50.92040623132227],[11.232286947081572,50.91820267517787],[11.174341130683308,50.92036160777647],[11.111818948558184,50.929956965602855],[11.105966851201654,50.92665841660826],[11.110259354953943,50.91311231380406],[10.980558227204321,50.90223049879252],[10.96781482190818,50.89346391702706],[10.947708302586815,50.89097058505666],[10.93616513516714,50.89487445914252],[10.934943886048472,50.91032798768152],[10.964522346425177,50.920794850098716],[10.959487543043332,50.93419433896491],[10.938504966386878,50.94687196386245],[10.917413138935121,50.94074117363063],[10.90048702287398,50.94148446822733],[10.865766199604826,50.96489343866646],[10.863113085048596,50.97727335558717],[10.891579713820548,50.98995845694032],[10.883072822876946,51.000540016418014],[10.86338601872343,51.00121490147402],[10.85534689025955,51.025838827145904],[10.876651597372499,51.02808430335076],[10.900247900215287,51.02282312882907],[10.929568417631456,51.027820377906394],[10.986144842013797,51.04323596402937],[10.98461623293489,51.052653752956765],[10.992176830494909,51.05886639168493],[11.03581150672456,51.062822045389304],[11.041641830659323,51.077875042854664],[11.066442209334275,51.079412877454104],[11.093334164886716,51.060105368593966],[11.111863340061069,51.030641310102006]]]}},{"type":"Feature","properties":{"district":"194 Gera – Greiz – Altenburger Land","constituency_code":"194","state":"Thuringia"},"geometry":{"type":"Polygon","coordinates":[[[12.544096584986349,50.99770033999225],[12.580673929889985,50.98922188854815],[12.607227358266236,50.996728471677564],[12.617575143352513,50.983435162410245],[12.631443609561545,50.940147337757786],[12.65329370397366,50.92315555185472],[12.640121044150142,50.903073781043645],[12.625587461629896,50.90588777897238],[12.537856508132245,50.90078894076447],[12.485245807112097,50.893568100775084],[12.459254288918421,50.88044858247322],[12.44415211286647,50.86258392137158],[12.448249614034072,50.85616979162974],[12.44197618906585,50.843844945903065],[12.42020649587854,50.83958970629631],[12.402700045935166,50.84947250547735],[12.377002960976924,50.84932367994386],[12.349045320557686,50.8380717281152],[12.34757671240098,50.82363150627481],[12.27867979674603,50.809596517005296],[12.259758065943508,50.81145106061794],[12.25082538162727,50.81831826042986],[12.247745440573132,50.813099636629886],[12.25315365640157,50.78883476213788],[12.287644353542538,50.789643324517996],[12.29016081197781,50.783427089851195],[12.284049705718795,50.77346766866387],[12.263920928464678,50.76045602494005],[12.240689734834051,50.76724012468845],[12.228073069123283,50.75535299759226],[12.227128280864601,50.73865397972786],[12.255080827199167,50.71522052115444],[12.262762318450083,50.695276461471416],[12.273937048384967,50.68655553472508],[12.308537017718892,50.68260884316984],[12.31891630835845,50.67653247450393],[12.313330912070697,50.663403132991654],[12.2655183913653,50.630793340876586],[12.231286037744054,50.627881907694636],[12.210271926975675,50.63478279753855],[12.18276647544248,50.61211060061155],[12.174721624059618,50.6145138793343],[12.175968864846148,50.62451231173624],[12.170441876285704,50.62923469999108],[12.15363999009442,50.63050499379472],[12.110150853884067,50.58872004090662],[12.13519111572466,50.58213368822726],[12.156092177380605,50.58557908370948],[12.160693156263402,50.58040836984518],[12.156024277347749,50.57349152439892],[12.120986441369885,50.56721814010374],[12.105567454299432,50.573385302545425],[12.079140784359842,50.569259030334415],[12.073973326839157,50.555902064709834],[12.05414075426181,50.55212103304182],[12.0336518509166,50.5532141177463],[12.017535478177935,50.56784078950687],[12.02211752787426,50.625539821496865],[12.010397048375882,50.63546120632218],[11.979268786049602,50.62141017734436],[11.983505192008293,50.61478402927857],[11.964695322429513,50.599934774689864],[11.944137427092514,50.59127527809319],[11.93549243570399,50.60394608768872],[11.925816450489636,50.60661271247372],[11.917103955894701,50.601437338444114],[11.902904588890939,50.60747815276677],[11.880994447090439,50.63128398343173],[11.891000097312041,50.6537160186676],[11.887562335801409,50.663800416965195],[11.87121693473867,50.676621148859034],[11.867022258214826,50.71186642770973],[11.896127468640087,50.74148649928505],[11.939079557016514,50.75849008003631],[11.943614175025118,50.76634560579502],[11.931614288588404,50.77344185226358],[11.866545879478975,50.78806763976107],[11.861927061536361,50.793242455050446],[11.85798831345613,50.80181076813095],[11.869330830633844,50.80506111390086],[11.889583791512365,50.801292650565564],[11.89858171125375,50.80584610145276],[11.909426747088743,50.82632302569399],[11.897897334056093,50.8630259973922],[11.872699471397183,50.881792577187234],[11.890798786884298,50.895274026240855],[11.937368394840243,50.91495575158899],[11.96237661238288,50.93745706842517],[11.957726246015934,50.944568520689955],[11.987186663151217,50.95389928312993],[12.02117227112877,50.947952470649284],[12.017225755793232,50.96800055379408],[12.092157638902256,50.976530485829265],[12.163369387533422,50.95882255696513],[12.163207784997363,50.96648522848846],[12.182508063306726,50.975866043821334],[12.211065102144207,50.94956334119881],[12.225284650206994,50.943062461702254],[12.241725054206716,50.95638949900971],[12.236371525174352,50.964506436193325],[12.239891998834647,50.97567999053443],[12.266615955033995,50.99450745912152],[12.292990618997523,51.021581694720474],[12.29348046566116,51.03129420995891],[12.287045388946849,51.03763903942613],[12.273056530270463,51.040633587156776],[12.262206674937271,51.04961074673908],[12.258492623356833,51.06614387778955],[12.284835916679365,51.09035874831506],[12.32157423773448,51.09461526999352],[12.386532805189201,51.08090225358032],[12.44962971002104,51.077120094815925],[12.496027029810294,51.066290997348645],[12.507020204381421,51.0542845014231],[12.502375620984656,51.03438280573964],[12.507739319990142,51.01716217942604],[12.544096584986349,50.99770033999225]]]}},{"type":"Feature","properties":{"district":"195 Saalfeld-Rudolstadt – Saale-Holzland-Kreis – Saale-Orla-Kreis","constituency_code":"195","state":"Thuringia"},"geometry":{"type":"Polygon","coordinates":[[[11.705499438902239,51.068370946811704],[11.732469834994777,51.0680622096414],[11.770148081438954,51.04887793117294],[11.852712593512178,51.05198110287681],[11.894721641334003,51.04692389463745],[11.97051378471646,51.01724058607922],[12.017188181742632,50.979061231847965],[12.02117227112877,50.947952470649284],[11.987186663151217,50.95389928312993],[11.957726246015934,50.944568520689955],[11.96237661238288,50.93745706842517],[11.937368394840243,50.91495575158899],[11.890798786884298,50.895274026240855],[11.872699471397183,50.881792577187234],[11.897897334056093,50.8630259973922],[11.908597610379028,50.8205196142811],[11.901462799539072,50.80814212516655],[11.889583791512365,50.801292650565564],[11.869330830633844,50.80506111390086],[11.85798831345613,50.80181076813095],[11.866545879478975,50.78806763976107],[11.931614288588404,50.77344185226358],[11.943614175025118,50.76634560579502],[11.939079557016514,50.75849008003631],[11.896127468640087,50.74148649928505],[11.867022258214826,50.71186642770973],[11.87121693473867,50.676621148859034],[11.887562335801409,50.663800416965195],[11.891000097312041,50.6537160186676],[11.880994447090439,50.63128398343173],[11.902904588890939,50.60747815276677],[11.917103955894701,50.601437338444114],[11.925816450489636,50.60661271247372],[11.93549243570399,50.60394608768872],[11.943843847499537,50.59413173571848],[11.923565975834057,50.58570803158001],[11.93367623276494,50.56852496823581],[11.922372606807286,50.55892299917563],[11.884381234615532,50.55164565323053],[11.87146257544075,50.539822739002986],[11.888217853028861,50.516678640097524],[11.918460469918553,50.51698059735823],[11.956552461785945,50.49194870065722],[11.950015978238403,50.47940289565702],[11.931895131195517,50.464222766044294],[11.888509460831239,50.443605911766646],[11.899640956609367,50.43524753755546],[11.921743980198054,50.432405125988076],[11.919884514024023,50.42440340906993],[11.833238516599812,50.39495357906381],[11.818763760138374,50.39485049003699],[11.797782636505058,50.417082546715655],[11.78025113661426,50.41875475734724],[11.757516779654182,50.415531883787246],[11.755748998489818,50.41104276623574],[11.72546569264639,50.399994838768514],[11.624601484768197,50.38687039999661],[11.594313323750551,50.40260407539704],[11.573151888372223,50.4001218807621],[11.5495891411159,50.383935127937846],[11.530342345438296,50.37906108771692],[11.478737316705296,50.40121589150093],[11.481567953561687,50.431621690224695],[11.451254292819417,50.43103282541839],[11.420630678017512,50.44336648257766],[11.416907720644588,50.46991406074052],[11.422129960455823,50.493520675568085],[11.436031952935343,50.49218012050182],[11.440689636710395,50.500001628516785],[11.42460910906939,50.51587873488816],[11.369787978175077,50.52323971227726],[11.349754575500107,50.520703538306215],[11.311121256872644,50.4893271519861],[11.265937774657575,50.47942087288889],[11.28019555913051,50.485425913590284],[11.283192085185856,50.4951145206252],[11.246880889534804,50.507403895714205],[11.160199475469721,50.49502977102563],[11.147010949481576,50.50734173125287],[11.164728480659328,50.52993377334078],[11.156454844333604,50.54394596390546],[11.093495181051134,50.530916119268646],[11.090097178443878,50.521152863987886],[11.000441093827344,50.53116838023974],[10.992607808958832,50.528619731701916],[10.96865456810775,50.552752578234546],[10.98153911257001,50.54904643937543],[11.039992924726954,50.55050631038448],[11.070027299427338,50.56524432892042],[11.076498115947526,50.58136336997173],[11.078086524701323,50.61386474218559],[11.064973291480344,50.62173973816456],[11.061572918896873,50.62950346518189],[11.05785277114287,50.649694663885356],[11.06635370141397,50.65748148436718],[11.063013027737036,50.67509759781967],[11.042828992974867,50.67947701442268],[11.034277907503148,50.674738962554294],[11.017660800086643,50.68557587871485],[11.091910119008134,50.712789466349484],[11.101520463674008,50.73053775668197],[11.115960613720421,50.73220747146092],[11.139586047690532,50.72536700639707],[11.176292435347982,50.729675493641714],[11.189806142369857,50.73659623898252],[11.187999133641652,50.755403734844975],[11.178923078985596,50.77212145366245],[11.19318663377403,50.801892278999475],[11.223926911519841,50.80003092805708],[11.221885262542202,50.80388578805446],[11.274470302044339,50.821191878869485],[11.32185612023222,50.794501581396325],[11.359558771280355,50.798377757822976],[11.363751325862195,50.807514499765674],[11.42387183375831,50.8085991092482],[11.431485150205011,50.83068296837853],[11.454815860243155,50.827946915585294],[11.460697866750737,50.83828242628463],[11.4389028518467,50.864555643699426],[11.480104112095864,50.87987242803833],[11.492180208331346,50.89522906702636],[11.490522325626452,50.90156001459251],[11.5048109033967,50.90624251820741],[11.558529943993383,50.89038762132416],[11.56348303683907,50.87430718929856],[11.531296816132533,50.869720165654066],[11.52904378665339,50.8629378207844],[11.562926848736153,50.85618939441582],[11.604774610060694,50.861351013474646],[11.664074276379992,50.881072861139344],[11.672849812013148,50.9515518029336],[11.661144263801097,50.96028078712917],[11.617258160769968,50.976826483467306],[11.56643651484301,50.965920002365365],[11.546873743671133,50.990042097512784],[11.674852808671657,51.03636095175149],[11.688280130267403,51.06187067679149],[11.689252703510647,51.07695124679658],[11.685173357946429,51.08444347941917],[11.696938745068554,51.087490901212256],[11.701262251478314,51.06964744086048],[11.705499438902239,51.068370946811704]]]}},{"type":"Feature","properties":{"district":"196 Suhl – Schmalkalden-Meiningen – Hildburghausen – Sonneberg","constituency_code":"196","state":"Thuringia"},"geometry":{"type":"Polygon","coordinates":[[[10.426160343945249,50.843006701335874],[10.457264309697107,50.84695423229971],[10.537865365901348,50.82703759278458],[10.558205263328185,50.78422562649635],[10.564680419129223,50.75582587512671],[10.584063250185052,50.73613573443943],[10.613005493973,50.737901641707495],[10.686618811364307,50.71577132384803],[10.706749651619925,50.7183319916969],[10.7197170007311,50.73815332382476],[10.737764562106353,50.72935401075729],[10.752704193984258,50.718471240871075],[10.750619856139789,50.67870620907939],[10.745735555675996,50.668171448292824],[10.73373466901912,50.66349055083849],[10.771865935013224,50.64542991200297],[10.789087398044225,50.62480148798772],[10.772888930162901,50.619469264094754],[10.78632959054818,50.60869353794936],[10.82912351095605,50.59760239657791],[10.824581197335013,50.57249372347048],[10.837680241365431,50.56487110731904],[10.865236053848106,50.56601090189796],[10.881403781446233,50.58761941781476],[10.878385146640191,50.5972281263783],[10.896711885350454,50.60947401110905],[10.929981015377987,50.578411747842594],[10.933716958208791,50.554589735717386],[10.943048236586728,50.54814789357391],[10.96865456810775,50.552752578234546],[10.992607808958832,50.528619731701916],[11.000441093827344,50.53116838023974],[11.090097178443878,50.521152863987886],[11.093495181051134,50.530916119268646],[11.156454844333604,50.54394596390546],[11.164728480659328,50.52993377334078],[11.147010949481576,50.50734173125287],[11.160199475469721,50.49502977102563],[11.234988877168458,50.50757029702196],[11.283192085185856,50.4951145206252],[11.28019555913051,50.485425913590284],[11.265937774657575,50.47942087288889],[11.251532063215087,50.48067647610638],[11.245056036213839,50.47166054118021],[11.267719043496173,50.43315904226837],[11.260864492343512,50.40223335878414],[11.284252879000487,50.360307431755594],[11.26622580017714,50.35199790319899],[11.261328835081725,50.33791262388072],[11.257409996482469,50.32328984598257],[11.266675814794699,50.309713426714794],[11.259777956490057,50.27494627842109],[11.24754712172376,50.26775631930982],[11.197848292393704,50.29185636902893],[11.190070287036948,50.28144743315513],[11.18994292077311,50.27118550000342],[11.179001910919938,50.26989210756591],[11.145922827649839,50.284956467190476],[11.13175461271386,50.3080876747722],[11.159197357840325,50.330391990663955],[11.115304909543886,50.3670069007748],[11.089737220256403,50.36588673231634],[11.081951467393651,50.35389926947722],[11.04298839275196,50.34472164860185],[11.036863469782887,50.345209314380604],[11.031702753167885,50.35513081804177],[10.959681308406983,50.3753077962908],[10.937634647315814,50.391905112048974],[10.786950623242111,50.3836918648067],[10.754509496251345,50.35817190840026],[10.715266572741129,50.36359110642087],[10.712715584183783,50.3505193612592],[10.71959958885842,50.333166107820254],[10.72731487095316,50.31862522628229],[10.80170833968627,50.28332749668541],[10.845237308390097,50.27246593521832],[10.851494415082106,50.26276264583818],[10.847652555021815,50.24502099609166],[10.824047415863612,50.237532999416864],[10.784366730659151,50.248506484174946],[10.732167774792934,50.251837944106924],[10.726495207675768,50.24756469749227],[10.731220988509113,50.21265420575142],[10.716645149313761,50.204818956116824],[10.695752780847053,50.211799433025405],[10.685677807195914,50.22230863351624],[10.658961146735253,50.230709064611865],[10.637661360957223,50.223268777139644],[10.612047269604533,50.22413844005033],[10.604907451925065,50.23885095143947],[10.5980375880544,50.28138788685161],[10.600550295981007,50.33368802628301],[10.4908862083297,50.35851077271087],[10.462988831386674,50.37767343204968],[10.450531776747031,50.40185954139249],[10.423743404396395,50.39253245594643],[10.387740816512913,50.39823438405425],[10.384519195282595,50.40892927509851],[10.403834692594797,50.42477512839412],[10.370156884670875,50.43480893333765],[10.32535524931778,50.49264916365193],[10.244312265007082,50.5127875383486],[10.231112184650492,50.53113070060454],[10.203873884234637,50.554700849042554],[10.150619875571524,50.552023577648214],[10.146859506262285,50.54314940660847],[10.140366562782607,50.54285042398274],[10.122038817486796,50.55510070935087],[10.126947518958383,50.55944457602718],[10.119408294217122,50.564224741665164],[10.107094136160436,50.563733600521935],[10.098505660247234,50.55215996909335],[10.06848738005598,50.52994418548967],[10.041401268046311,50.5166669669442],[10.038330365259956,50.52899964019799],[10.052467144739424,50.56110859447858],[10.045440077277558,50.573508196264676],[10.037191068473927,50.612926266707255],[10.046653394637046,50.62149365732961],[10.060499859426429,50.62604601560524],[10.081473915313055,50.62008637566902],[10.082964841675683,50.63370534413228],[10.077995051152302,50.63728640734704],[10.0878778337711,50.64129905579099],[10.102368617460996,50.6378046901234],[10.107271606610649,50.627119339014655],[10.147463220752606,50.61679739179618],[10.204769239835422,50.616562092477],[10.21136618348849,50.62235525726354],[10.218602361961075,50.639729587781],[10.202633436744692,50.660228219153645],[10.185706607002457,50.66903125805829],[10.186226643530606,50.70122633452564],[10.196565573063538,50.71922221923357],[10.21148329141629,50.72490186548478],[10.222210909108206,50.737290847537615],[10.221660630206598,50.7511009010548],[10.212630579268739,50.75497484129682],[10.202960889385816,50.776634775008894],[10.26265553424605,50.76382475112389],[10.32708628414137,50.788304213526416],[10.357010511031673,50.77813271292261],[10.379404266022673,50.78354770717432],[10.384705087930353,50.78648630469583],[10.376531166365181,50.79659115677965],[10.405584320534258,50.82133471652073],[10.411409906166366,50.85023939878339],[10.426160343945249,50.843006701335874]]]}},{"type":"Feature","properties":{"district":"197 Neuwied","constituency_code":"197","state":"Rhineland-Palatinate"},"geometry":{"type":"Polygon","coordinates":[[[7.894025757415862,50.86094421769102],[7.928007368539206,50.84606353143394],[7.957688480035324,50.84886899102113],[7.966981799472928,50.84403951452855],[7.976505203293511,50.830472585610394],[7.973937842156312,50.80417341642794],[7.967312567034054,50.79824908537436],[7.964248180564761,50.78382248712437],[7.968861798142124,50.7739210859241],[8.040325987472524,50.72565709010113],[8.043045796743312,50.71171577652093],[8.039689942277981,50.69737534498266],[8.005207630075093,50.68827354820969],[7.992885740915837,50.67598844040645],[7.974325653298545,50.67624188526974],[7.963922604581463,50.67812996136543],[7.968224844173917,50.69390729817137],[7.946515370552387,50.709104519271484],[7.902630847783977,50.71880589717972],[7.8909303345587585,50.71576980857033],[7.885743486608773,50.70862123989396],[7.878699652002994,50.69190485688978],[7.892900686625866,50.68177293055955],[7.8836139406881856,50.67907835848324],[7.8547664825076575,50.68528288042278],[7.853092941350628,50.69355476070445],[7.859955205774407,50.696781687606574],[7.836416803792441,50.71180931534207],[7.820147604046888,50.70768832756017],[7.80148131734713,50.71957162393782],[7.746978961595294,50.73995175073229],[7.749981829785687,50.733063094539666],[7.7454911884651425,50.730066118017994],[7.717629723699874,50.72410564435622],[7.695889199469453,50.7046724773836],[7.700270907163256,50.693793543227244],[7.725613162270178,50.68884850051422],[7.726276075650366,50.67769043787426],[7.704027895905642,50.65473456606947],[7.700820995386311,50.62291744843418],[7.680903293063496,50.61450943669224],[7.680031779011289,50.59352634929552],[7.7042291328421,50.56166403484764],[7.703010269769349,50.542577260245146],[7.695519378614987,50.527957272966404],[7.678025761557963,50.52524335550014],[7.668289208679387,50.51877367057159],[7.678542768898882,50.49625345737378],[7.6481143523551225,50.48570757002821],[7.62014022350603,50.48619116965823],[7.603503278913456,50.48134378649779],[7.594950047863217,50.4752123524533],[7.598346273227125,50.46456451973621],[7.574710101336269,50.45403424587889],[7.539305605724698,50.421215866195084],[7.477253589784758,50.412334784181866],[7.459022868472851,50.42034090703346],[7.434926151650209,50.44353471502308],[7.3986960740542544,50.443238820241085],[7.381737800571192,50.44912818775748],[7.350836747102308,50.46850241728014],[7.301773688104209,50.51318449370278],[7.268319943412765,50.57206194663911],[7.223687440813333,50.58295305487443],[7.210332546278249,50.592624531115064],[7.211446671904374,50.62340416986273],[7.215715898602505,50.627900812846974],[7.270054732000531,50.626427407098056],[7.358976516752497,50.64949361946666],[7.372062797988181,50.682107063507516],[7.357136449768561,50.69790389368377],[7.378134396341421,50.71595242448982],[7.440772222159411,50.711438163436455],[7.45646485479595,50.71808355194135],[7.479595001524964,50.71816708774057],[7.551900377442282,50.74634314405174],[7.583311314939468,50.7379085676932],[7.593785003389691,50.74175570671309],[7.591505261413019,50.75578169832104],[7.59985087145023,50.765841908981145],[7.618168809141982,50.77017082723518],[7.655450742707314,50.76786954286522],[7.6759448697320565,50.77932768358047],[7.68181058500159,50.79677309168511],[7.661003632451498,50.8203643024114],[7.700016707720191,50.825418232240665],[7.725301403705907,50.84611709770767],[7.762187497101506,50.84513440617296],[7.765973968811172,50.85681947705024],[7.758767439628912,50.87977223326838],[7.7572814211475825,50.920163998861256],[7.776218914093682,50.92903657325784],[7.785898055637079,50.939914115181516],[7.813265981149156,50.94002724410854],[7.828498720087881,50.928889730539765],[7.8514958625992035,50.9258324078091],[7.833709738208202,50.90834653323048],[7.826699861231514,50.89083591479152],[7.829263584510509,50.88238661972115],[7.86043843705886,50.87701412788154],[7.894025757415862,50.86094421769102]]]}},{"type":"Feature","properties":{"district":"198 Ahrweiler","constituency_code":"198","state":"Rhineland-Palatinate"},"geometry":{"type":"Polygon","coordinates":[[[7.2108718641092615,50.64954362321462],[7.21191291550472,50.590471948472974],[7.223687440813333,50.58295305487443],[7.268319943412765,50.57206194663911],[7.277616454208179,50.56151445602256],[7.299466872636808,50.515939364632764],[7.350836747102308,50.46850241728014],[7.394978158175918,50.44393916021812],[7.434926151650209,50.44353471502308],[7.45085556229619,50.42880377720714],[7.433597484534263,50.419626062658125],[7.4384668543581585,50.394450769962184],[7.436406284620228,50.353682777896545],[7.416697091471222,50.34322241737591],[7.412606360513,50.33115330065419],[7.415088357980142,50.320980876758405],[7.3942264967873195,50.28798948490726],[7.3957533589583955,50.27975479274494],[7.418397144174822,50.25006254666075],[7.40443613361143,50.23126129166183],[7.394813035956217,50.22794802231483],[7.377561805696485,50.21075587627743],[7.366065275829918,50.21291834110684],[7.345361662286794,50.20080461929983],[7.3127892402807735,50.19883975231235],[7.294194565730509,50.20241823634259],[7.292779125536624,50.20610704815065],[7.305913813640563,50.220604429796474],[7.291150240490516,50.24303988714017],[7.269266924084627,50.251899386946164],[7.15193806034733,50.27517360960235],[7.120335057757956,50.26824777544726],[7.029779125524986,50.29151071313484],[7.017148772650035,50.29365897569465],[7.013411311110001,50.28716805751773],[6.999132740884414,50.28974160876513],[6.973801719087588,50.306377643085774],[7.026548069975411,50.33167650437763],[7.025804411611539,50.337743095956604],[7.007567689200356,50.350016648704546],[6.984338619832456,50.34889344855558],[6.951065841519756,50.32849976274069],[6.9447150205399675,50.31382131811766],[6.927714488596938,50.30687050703726],[6.85576042100615,50.325660241578305],[6.836182683694366,50.318118238892666],[6.792725363108076,50.326443002527895],[6.803824521413549,50.341359337995904],[6.805106328080491,50.35626310550242],[6.7961953864629185,50.36994202238585],[6.769311744591731,50.39274797731276],[6.77930745599879,50.404972998763554],[6.7811563665368135,50.417015420791884],[6.760600169182765,50.431537682538945],[6.743243953648134,50.467748100195195],[6.744603261073074,50.47263045803014],[6.800937204691792,50.491319165273474],[6.8120695053565665,50.4722439957672],[6.852808168446665,50.457551512598386],[6.901481603326949,50.4690919759998],[6.905593791409319,50.485048083783205],[6.901057685900394,50.49741902052526],[6.8885540821069675,50.50700901795752],[6.882098443990073,50.526949439679605],[6.900754710726103,50.53078556620809],[6.925862030774263,50.54402518080115],[6.930971323063048,50.56045225278648],[6.9513821332348344,50.56337907475213],[6.956515510407258,50.55703307191303],[6.972098291150475,50.55590735789663],[6.998096294922858,50.56504990385005],[7.031971119888131,50.589970087265776],[7.066463446912226,50.59757708518852],[7.069025677604571,50.59274423366937],[7.093399822955628,50.58603515803967],[7.1478515864965475,50.6002932791456],[7.173019848062103,50.61255228281592],[7.189248912715369,50.62942667548255],[7.195200521232583,50.642723209423814],[7.2108718641092615,50.64954362321462]]]}},{"type":"Feature","properties":{"district":"199 Koblenz","constituency_code":"199","state":"Rhineland-Palatinate"},"geometry":{"type":"Polygon","coordinates":[[[7.638679573129118,50.44835753927092],[7.680986555225493,50.4056142401225],[7.674302437876559,50.40056092152612],[7.650083733588467,50.399900164444],[7.644520095257378,50.38899296729518],[7.648527628016126,50.383761903502844],[7.664054295582562,50.381534814573854],[7.6961337051434695,50.35437326087366],[7.736848762691399,50.374475033577255],[7.73544395360715,50.381842438074855],[7.744621811274395,50.39630690104627],[7.755972719399278,50.40068409449474],[7.784654514963628,50.39554859538068],[7.79204469330314,50.3880517951991],[7.775000959389447,50.37305404437801],[7.784532464258417,50.36110672598051],[7.792369126904196,50.36067042884266],[7.77315678308156,50.34563006263074],[7.751352966451362,50.3065381728501],[7.7418989744279045,50.255304955101664],[7.717342142358509,50.222723524338775],[7.723742491145776,50.20331085618181],[7.746968468444211,50.20146763490218],[7.798366754313569,50.170324550564565],[7.801741697520131,50.145318996614684],[7.852035046918872,50.1321902719734],[7.854016101015357,50.128328785055615],[7.844918083437101,50.12349925577216],[7.831724802750123,50.09550731369487],[7.782175804680553,50.06660902371477],[7.7739971849347596,50.06654010317724],[7.764844638019939,50.08259041591678],[7.722904378408563,50.112703992883915],[7.723393907956369,50.11795935528076],[7.737973806966933,50.12844734098076],[7.737619799116037,50.13354384615397],[7.702061936780225,50.164165594326384],[7.646427210061216,50.17845143983638],[7.646528804887899,50.192233460688],[7.6404645905083335,50.20477303022992],[7.607582824855519,50.23112875908952],[7.579169261110456,50.237857137439136],[7.582392607391108,50.24611533628382],[7.594736171282229,50.2499766612309],[7.635726326353106,50.24560579090737],[7.633343999689848,50.25060661559846],[7.608070804229115,50.26014667635565],[7.56988184203319,50.25400831385394],[7.53645357393736,50.265493406810904],[7.525310573768065,50.26087371488337],[7.4687834895722895,50.20123016370207],[7.458893396590801,50.19882468611304],[7.443877636205247,50.21037465494314],[7.427901201782276,50.20811909483254],[7.417670429988769,50.19332765542911],[7.4280375685598,50.17608221825837],[7.409142611768091,50.16269585070254],[7.381948655049711,50.16075113325351],[7.37038856270372,50.190279629175585],[7.383558572707219,50.20919919412826],[7.377561805696485,50.21075587627743],[7.382508963209628,50.21679825412681],[7.40443613361143,50.23126129166183],[7.417920089988227,50.24683481793963],[7.3942264967873195,50.28798948490726],[7.415088357980142,50.320980876758405],[7.412606360513,50.33115330065419],[7.416697091471222,50.34322241737591],[7.436406284620228,50.353682777896545],[7.4384668543581585,50.394450769962184],[7.433597484534263,50.419626062658125],[7.440950395216995,50.42683701029963],[7.45085556229619,50.42880377720714],[7.469595799238321,50.414615726204545],[7.483473086580572,50.411822703777226],[7.539305605724698,50.421215866195084],[7.574710101336269,50.45403424587889],[7.598346273227125,50.46456451973621],[7.638679573129118,50.44835753927092]]]}},{"type":"Feature","properties":{"district":"200 Mosel/Rhein-Hunsrück","constituency_code":"200","state":"Rhineland-Palatinate"},"geometry":{"type":"Polygon","coordinates":[[[7.103434830444128,50.27344073528509],[7.120335057757956,50.26824777544726],[7.15193806034733,50.27517360960235],[7.269266924084627,50.251899386946164],[7.291150240490516,50.24303988714017],[7.305913813640563,50.220604429796474],[7.292779125536624,50.20610704815065],[7.294194565730509,50.20241823634259],[7.325652371869619,50.1984586784983],[7.345361662286794,50.20080461929983],[7.366065275829918,50.21291834110684],[7.383558572707219,50.20919919412826],[7.37038856270372,50.190279629175585],[7.381948655049711,50.16075113325351],[7.409142611768091,50.16269585070254],[7.4280375685598,50.17608221825837],[7.417670429988769,50.19332765542911],[7.427901201782276,50.20811909483254],[7.443877636205247,50.21037465494314],[7.458893396590801,50.19882468611304],[7.4687834895722895,50.20123016370207],[7.515521253447306,50.25368634795448],[7.53645357393736,50.265493406810904],[7.56988184203319,50.25400831385394],[7.608070804229115,50.26014667635565],[7.633343999689848,50.25060661559846],[7.635726326353106,50.24560579090737],[7.590620885482429,50.24930499168277],[7.578127716832327,50.23993763837544],[7.5844969649275535,50.23471763458329],[7.607582824855519,50.23112875908952],[7.6404645905083335,50.20477303022992],[7.646528804887899,50.192233460688],[7.646427210061216,50.17845143983638],[7.702061936780225,50.164165594326384],[7.737619799116037,50.13354384615397],[7.737973806966933,50.12844734098076],[7.723393907956369,50.11795935528076],[7.722904378408563,50.112703992883915],[7.764844638019939,50.08259041591678],[7.705774372485135,50.06331524171194],[7.664822719379401,50.032700926410186],[7.734630264860947,49.998688415433456],[7.692919817838181,49.993077265812886],[7.658154965560601,49.95190609941279],[7.624954860729563,49.930310004698384],[7.548994325937933,49.895276012945885],[7.514336787294407,49.87409403298267],[7.4735957451639585,49.866029530952545],[7.444344551852947,49.85147006993237],[7.420047630076393,49.84559150974699],[7.412136544164222,49.85804650339679],[7.3987413310564785,49.85606095823054],[7.396785497130965,49.88813694847626],[7.386816637948501,49.89626615315325],[7.323505701617132,49.89929769822958],[7.310889843287003,49.88392380152528],[7.293908944371924,49.87863745274809],[7.280499237865337,49.88197784899242],[7.284068529046239,49.887923404052465],[7.277306534034852,49.89815137210121],[7.238869761726907,49.89252611829058],[7.222511102856275,49.88495032200954],[7.259236053203771,49.86169665436026],[7.262258236210455,49.85353369234824],[7.127882485329825,49.77740516584905],[7.1261019465741935,49.76721134741387],[7.1306896248977765,49.75917018324135],[7.126232496291126,49.753012627059356],[7.031391555933989,49.68034536026689],[7.0042990615045735,49.67299232181633],[6.989111614672508,49.67758389635743],[6.964834925681877,49.69412647995705],[6.97275303282985,49.71789052949987],[6.908096521872784,49.74927620422987],[6.883195277943726,49.777496143267406],[6.8868896574391645,49.786479042650875],[6.91266091211498,49.80744048456412],[6.923685524395588,49.80304712651775],[6.9436046715458,49.80522216479902],[6.9502221282740155,49.815571407286036],[6.938209298544364,49.826157114643465],[6.923591057858785,49.82447271346158],[6.901134581909751,49.83180703387576],[6.886094171555322,49.847200981931145],[6.871509994775768,49.87983981843379],[6.913333366245937,49.90228967878898],[6.947414224915131,49.90251245541547],[6.980673496503885,49.91418383113201],[6.971304292412384,49.923126144644854],[6.952587898285734,49.926021129219414],[6.945846529835605,49.93666481929437],[6.962744070591343,49.96102476381462],[6.955550053546766,49.97451050855592],[6.976846745722454,50.00873269899675],[7.048241298700413,49.979356039278564],[7.047287011530612,49.966384115631996],[7.056200980047786,49.95997083842119],[7.083875094378681,49.96709291829473],[7.11450289560762,49.99243118751006],[7.119409440211714,50.02077652582895],[7.125931053400684,50.024203029365935],[7.098543456872712,50.06195656252013],[7.020992675102262,50.073490247980224],[6.978376284953529,50.086640677313],[6.977345363764047,50.0944634700501],[6.98481124193497,50.108357916320145],[6.952624461081444,50.20873670231756],[6.955616542231362,50.22401659495538],[6.982318546389238,50.2345952116037],[6.994780645906938,50.236598601651366],[7.0106141377068125,50.22134582502285],[7.053966803999701,50.24170894886704],[7.071459775923917,50.280991803415084],[7.103434830444128,50.27344073528509]]]}},{"type":"Feature","properties":{"district":"201 Kreuznach","constituency_code":"201","state":"Rhineland-Palatinate"},"geometry":{"type":"Polygon","coordinates":[[[7.80488883831775,49.948062841537016],[7.825144250818189,49.93772779311948],[7.857629899611387,49.93975561046838],[7.898230724654172,49.93044544760893],[7.898743279665895,49.91982510504854],[7.910844313367008,49.911422557183904],[7.919411730016579,49.881792040064866],[7.947704017976904,49.880557913141296],[7.953667066310994,49.875353220937114],[7.961222028322994,49.862555580377645],[7.963556789752188,49.833101972906924],[7.927558412666891,49.81138048117431],[7.924364031875121,49.80537561077665],[7.932810895248021,49.80040861212588],[7.934571238339669,49.768022673476196],[7.9206161499001695,49.76393442021271],[7.905436786680128,49.75226356117207],[7.86194850012072,49.76579042873794],[7.824230341405161,49.75189852958742],[7.776718083497143,49.75661961922077],[7.762900533024636,49.75138053700876],[7.766536100039407,49.7444460178636],[7.748810228412881,49.73292602809568],[7.728091380134532,49.709643902822364],[7.732855996670216,49.696445120511434],[7.72107393538998,49.67165998071847],[7.70333049049238,49.65251517996908],[7.677387349839919,49.63983428474284],[7.66372708146459,49.63595456272416],[7.656855767824872,49.63774478715386],[7.65266306879167,49.64551705683107],[7.666252482033036,49.665565777051036],[7.663716683182003,49.700749515139634],[7.652846849545225,49.69867626355902],[7.6425816961331385,49.68699272826182],[7.5996804007100245,49.67980706774496],[7.562313165056457,49.68657808397975],[7.540194094605551,49.70197491376401],[7.5227523423139475,49.707622571957536],[7.5191845768183745,49.69651704580155],[7.526303845786414,49.68252313940888],[7.521901223708626,49.678805940451085],[7.4725422655866796,49.67754222331025],[7.4447561555331445,49.66898937566564],[7.4308755130926345,49.64344723160445],[7.443226790169273,49.598257070878],[7.439787877215806,49.59398618702041],[7.419298423859338,49.59080949761629],[7.3886752169892445,49.59759737661366],[7.363036851146058,49.595853386993035],[7.312141618742603,49.55682642015984],[7.2766226191188155,49.54862364010085],[7.2746201594518904,49.561074064323556],[7.257540214049523,49.577154086482146],[7.228280980779674,49.5655947350794],[7.213352544904057,49.565845811995054],[7.142805416456592,49.5988209474376],[7.118403594582897,49.59598284272209],[7.084724278432304,49.604997353098284],[7.059079921215583,49.630479618985476],[7.027980123926057,49.6394382851656],[7.048867457526715,49.65264107039983],[7.065124742991671,49.67692105860594],[7.04431129094813,49.68930194588695],[7.126232496291126,49.753012627059356],[7.1306896248977765,49.75917018324135],[7.1261019465741935,49.76721134741387],[7.127882485329825,49.77740516584905],[7.262258236210455,49.85353369234824],[7.259236053203771,49.86169665436026],[7.222511102856275,49.88495032200954],[7.238869761726907,49.89252611829058],[7.277306534034852,49.89815137210121],[7.284068529046239,49.887923404052465],[7.280499237865337,49.88197784899242],[7.293908944371924,49.87863745274809],[7.310889843287003,49.88392380152528],[7.323505701617132,49.89929769822958],[7.386816637948501,49.89626615315325],[7.396785497130965,49.88813694847626],[7.3987413310564785,49.85606095823054],[7.412136544164222,49.85804650339679],[7.420047630076393,49.84559150974699],[7.444344551852947,49.85147006993237],[7.4735957451639585,49.866029530952545],[7.514336787294407,49.87409403298267],[7.548994325937933,49.895276012945885],[7.624954860729563,49.930310004698384],[7.658154965560601,49.95190609941279],[7.692919817838181,49.993077265812886],[7.739230177845652,49.99980827333468],[7.750599238848958,49.99621153448696],[7.767524330372848,49.98850646498535],[7.802978187233297,49.95933446096483],[7.80488883831775,49.948062841537016]]]}},{"type":"Feature","properties":{"district":"202 Bitburg","constituency_code":"202","state":"Rhineland-Palatinate"},"geometry":{"type":"Polygon","coordinates":[[[6.451615286676581,50.336424100708754],[6.486945585359484,50.34311649508399],[6.513316524960407,50.357587562015915],[6.603085713943119,50.388222203768876],[6.625475002213031,50.371707126796565],[6.622245135182474,50.35365915537632],[6.636206238137717,50.345372149698974],[6.654226468255384,50.35107678768629],[6.656014745142149,50.36743542649903],[6.667350810806623,50.37196775696595],[6.686767538092816,50.35837876715926],[6.702593855510878,50.33890091461822],[6.735975341465739,50.353263230050935],[6.770885566452566,50.36121315069783],[6.800711449548907,50.361781335286366],[6.805106328080491,50.35626310550242],[6.803824521413549,50.341359337995904],[6.792725363108076,50.326443002527895],[6.836182683694366,50.318118238892666],[6.85576042100615,50.325660241578305],[6.892567986039409,50.31819314408304],[6.917065961604326,50.30688074073924],[6.9447150205399675,50.31382131811766],[6.951065841519756,50.32849976274069],[6.987217567297539,50.35030570041744],[7.009133417103252,50.34959585993972],[7.025804411611539,50.337743095956604],[7.026548069975411,50.33167650437763],[6.973801719087588,50.306377643085774],[6.976178339083877,50.303189842336316],[6.999132740884414,50.28974160876513],[7.013411311110001,50.28716805751773],[7.017148772650035,50.29365897569465],[7.042373503234626,50.28926092984433],[7.070435275133303,50.276916916536145],[7.053966803999701,50.24170894886704],[7.023160368792919,50.22560062310902],[7.0106141377068125,50.22134582502285],[6.994780645906938,50.236598601651366],[6.955284279239842,50.2233937765614],[6.952696128137787,50.207784090844626],[6.98481124193497,50.108357916320145],[6.978192419827201,50.08722950523358],[7.020992675102262,50.073490247980224],[7.098543456872712,50.06195656252013],[7.125931053400684,50.024203029365935],[7.119409440211714,50.02077652582895],[7.11450289560762,49.99243118751006],[7.083875094378681,49.96709291829473],[7.056200980047786,49.95997083842119],[7.047287011530612,49.966384115631996],[7.048241298700413,49.979356039278564],[6.986803757947594,50.00752672369398],[6.974739626810908,50.00774880412258],[6.955550053546766,49.97451050855592],[6.962744070591343,49.96102476381462],[6.945846529835605,49.93666481929437],[6.952587898285734,49.926021129219414],[6.971304292412384,49.923126144644854],[6.980673496503885,49.91418383113201],[6.947414224915131,49.90251245541547],[6.913333366245937,49.90228967878898],[6.872647077132442,49.88374946798336],[6.865906827441166,49.87414584348486],[6.848418979336641,49.86397617931478],[6.792830132258802,49.86236573697214],[6.788201792615137,49.87469119162821],[6.7629721309136706,49.89151225065107],[6.744906322295044,49.888439751703864],[6.722012953249197,49.892618223498474],[6.708656599724581,49.90916445218994],[6.696187918905195,49.91529211959791],[6.678512468421202,49.90674775334595],[6.673656424210567,49.89687530258863],[6.636639547911956,49.878692267092376],[6.600637022485374,49.88032207502612],[6.54249611039536,49.86275278758274],[6.4544341964879015,49.81202265397984],[6.43092170095217,49.811146185888774],[6.398556004145848,49.821542094798616],[6.364795884083133,49.85082875776066],[6.342024946375482,49.8492225995048],[6.26180504873115,49.88125058909519],[6.246694384279848,49.89533057929638],[6.233510836063385,49.90045114721031],[6.223734835396496,49.94977712346583],[6.190472918991928,49.96889085544477],[6.181614858675118,49.96397688050576],[6.18815093759417,49.956176424759015],[6.178337418643433,49.95365028969347],[6.165289560264373,49.97091815562343],[6.172412480378087,49.983960001582346],[6.139092544172332,49.9975875095924],[6.146299463261213,49.9985841601123],[6.150814187328673,50.008950118905084],[6.1402361368523986,50.015990620414044],[6.117941706760371,50.06491526390759],[6.120289114350027,50.089755609599266],[6.132676480745649,50.105940079218534],[6.1408220770229045,50.149180745116084],[6.132077998130155,50.15530037105407],[6.146894980263881,50.177776449993964],[6.192752034847687,50.181874007755155],[6.181835560498,50.21172769325395],[6.171911626891516,50.21900485907219],[6.1756874035520894,50.2354159763756],[6.2239812015166835,50.258661606065374],[6.2779427246491775,50.266430725653606],[6.292089776162605,50.278829167820746],[6.285157289485626,50.284315250354645],[6.286540412749713,50.29241652818492],[6.30646640746213,50.32014487527976],[6.327274986474488,50.32453545581698],[6.361558024009649,50.31471073652006],[6.425710354706701,50.32313063425877],[6.428802097100205,50.32704403272539],[6.399330109181177,50.36308851765861],[6.3940980458019165,50.385906043647424],[6.413042933799938,50.38948595994278],[6.44815352951399,50.37152663511347],[6.46116214048866,50.3590268588341],[6.451615286676581,50.336424100708754]]]}},{"type":"Feature","properties":{"district":"203 Trier","constituency_code":"203","state":"Rhineland-Palatinate"},"geometry":{"type":"Polygon","coordinates":[[[6.722012953249197,49.892618223498474],[6.744906322295044,49.888439751703864],[6.7629721309136706,49.89151225065107],[6.788201792615137,49.87469119162821],[6.792830132258802,49.86236573697214],[6.848418979336641,49.86397617931478],[6.871509994775768,49.87983981843379],[6.886094171555322,49.847200981931145],[6.901134581909751,49.83180703387576],[6.923591057858785,49.82447271346158],[6.938209298544364,49.826157114643465],[6.9502221282740155,49.815571407286036],[6.9436046715458,49.80522216479902],[6.923685524395588,49.80304712651775],[6.91266091211498,49.80744048456412],[6.8868896574391645,49.786479042650875],[6.883195277943726,49.777496143267406],[6.908096521872784,49.74927620422987],[6.97275303282985,49.71789052949987],[6.964834925681877,49.69412647995705],[6.989111614672508,49.67758389635743],[7.0042990615045735,49.67299232181633],[7.031391555933989,49.68034536026689],[7.04431129094813,49.68930194588695],[7.061474414629604,49.68077301847952],[7.065124742991671,49.67692105860594],[7.050778220634251,49.65460864987135],[7.012397686057097,49.62835844050019],[6.9750787129055425,49.63540664124753],[6.921429474149958,49.6166630483348],[6.893094840536157,49.61665449403887],[6.866435190881292,49.60865974866837],[6.747395680625206,49.55781210822844],[6.630881137691993,49.54135113194634],[6.6178846904644955,49.53591624622854],[6.620849873954948,49.5294282678915],[6.604679365299334,49.517259178079605],[6.579728724681838,49.522187676827265],[6.5782887393195795,49.53012845802277],[6.563963086289204,49.54055758707964],[6.527888781280082,49.532185714650076],[6.494120576229969,49.53062280253395],[6.467921554930542,49.5443664054972],[6.389155386801556,49.54822358214291],[6.380052620436625,49.55110476926351],[6.380330520160446,49.55928718467545],[6.358071489084936,49.57142984120421],[6.3788478428960405,49.59542744388843],[6.400869481585142,49.60322935076021],[6.421446528441179,49.6200658164124],[6.440301926028202,49.65338779673031],[6.435861111377842,49.66104013732544],[6.441205598424398,49.67456692822426],[6.455902661545808,49.68707634537301],[6.480808243653715,49.69689201662081],[6.504490232298867,49.71296557667969],[6.497761564372106,49.727396106178126],[6.500916130040481,49.75288833093958],[6.518197467453708,49.7637407264049],[6.50895186586376,49.80432081329471],[6.475286369470382,49.821629961745344],[6.54249611039536,49.86275278758274],[6.600637022485374,49.88032207502612],[6.636639547911956,49.878692267092376],[6.673656424210567,49.89687530258863],[6.678512468421202,49.90674775334595],[6.693290892086561,49.91477175373255],[6.708656599724581,49.90916445218994],[6.722012953249197,49.892618223498474]]]}},{"type":"Feature","properties":{"district":"204 Montabaur","constituency_code":"204","state":"Rhineland-Palatinate"},"geometry":{"type":"Polygon","coordinates":[[[7.769264557509165,50.73302418218445],[7.820147604046888,50.70768832756017],[7.836416803792441,50.71180931534207],[7.859955205774407,50.696781687606574],[7.853092941350628,50.69355476070445],[7.8547664825076575,50.68528288042278],[7.8836139406881856,50.67907835848324],[7.892900686625866,50.68177293055955],[7.878699652002994,50.69190485688978],[7.885743486608773,50.70862123989396],[7.8909303345587585,50.71576980857033],[7.902630847783977,50.71880589717972],[7.946515370552387,50.709104519271484],[7.968224844173917,50.69390729817137],[7.963922604581463,50.67812996136543],[7.977570234650654,50.67597957750246],[7.993790652062251,50.67628713737826],[8.005207630075093,50.68827354820969],[8.028441040241766,50.697000610523055],[8.059656032033827,50.695043310179145],[8.079578597312377,50.70608462327574],[8.099173321031447,50.70355792369339],[8.125776742314258,50.68581404863502],[8.112583578599411,50.675567982484075],[8.110092341052278,50.65725077813781],[8.14027223774313,50.631710128595444],[8.141081953430065,50.60416183942541],[8.151592166629063,50.59937080033439],[8.134193850763102,50.55631802177305],[8.11116955041031,50.54366346392149],[8.114311276758933,50.53911929364209],[8.120880706069908,50.539660092853296],[8.117738250027084,50.53450892558767],[8.072570702173612,50.53879751286556],[8.066421973038317,50.548930810387375],[8.047743044906296,50.55378377260675],[7.999234466174624,50.52725559723868],[7.9854747761941764,50.511795561785426],[7.97919822559947,50.48464086988473],[7.987667910003856,50.47272609538334],[8.010474863422871,50.46057251193826],[8.010766001311504,50.45269242540415],[7.964397959062307,50.41023113501221],[8.02375727401538,50.400766223817335],[8.020023215113344,50.38611947404729],[8.059756762325932,50.37531153003667],[8.10715900816392,50.3215743823284],[8.11944619525941,50.294652224260204],[8.121913616563884,50.27722502968097],[8.103120829251923,50.2597888411581],[8.080558147210267,50.26217768170476],[8.06713182554913,50.27198523302728],[8.03589184435709,50.27119223088869],[8.02165050095212,50.25834481214588],[8.024943860605863,50.254193774318566],[8.031521171385577,50.25595603493843],[8.056122384617193,50.23375207842987],[8.035050723519914,50.215592940494936],[7.986556798096367,50.228088099038025],[7.928194667524056,50.20792288000353],[7.882830210407362,50.18131748585889],[7.884993753176958,50.167574302511376],[7.9271921601799775,50.1406581440362],[7.924412430215336,50.11379425681498],[7.878714814918106,50.11556429357466],[7.852035046918872,50.1321902719734],[7.801741697520131,50.145318996614684],[7.798366754313569,50.170324550564565],[7.746968468444211,50.20146763490218],[7.723742491145776,50.20331085618181],[7.717342142358509,50.222723524338775],[7.7418989744279045,50.255304955101664],[7.751352966451362,50.3065381728501],[7.77315678308156,50.34563006263074],[7.792369126904196,50.36067042884266],[7.784532464258417,50.36110672598051],[7.775000959389447,50.37305404437801],[7.791614511526878,50.38647502849509],[7.786471923379664,50.39432198632311],[7.755972719399278,50.40068409449474],[7.744621811274395,50.39630690104627],[7.73544395360715,50.381842438074855],[7.736848762691399,50.374475033577255],[7.6961337051434695,50.35437326087366],[7.664054295582562,50.381534814573854],[7.648527628016126,50.383761903502844],[7.644520095257378,50.38899296729518],[7.650083733588467,50.399900164444],[7.674302437876559,50.40056092152612],[7.680986555225493,50.4056142401225],[7.638679573129118,50.44835753927092],[7.594935157432004,50.469530079011484],[7.595367301713159,50.47553803811755],[7.616370506049962,50.48575469111905],[7.6481143523551225,50.48570757002821],[7.678542768898882,50.49625345737378],[7.668289208679387,50.51877367057159],[7.678025761557963,50.52524335550014],[7.695519378614987,50.527957272966404],[7.703010269769349,50.542577260245146],[7.7042291328421,50.56166403484764],[7.680031779011289,50.59352634929552],[7.680903293063496,50.61450943669224],[7.700820995386311,50.62291744843418],[7.704027895905642,50.65473456606947],[7.726276075650366,50.67769043787426],[7.725613162270178,50.68884850051422],[7.700270907163256,50.693793543227244],[7.695889199469453,50.7046724773836],[7.717629723699874,50.72410564435622],[7.749981829785687,50.733063094539666],[7.746978961595294,50.73995175073229],[7.769264557509165,50.73302418218445]]]}},{"type":"Feature","properties":{"district":"205 Mainz","constituency_code":"205","state":"Rhineland-Palatinate"},"geometry":{"type":"Polygon","coordinates":[[[7.85873044498229,50.004916717124104],[7.864645039379392,49.98221331323323],[7.8774896306545905,49.97287487512089],[7.938768583798348,49.97391916825578],[7.967401579009416,49.97777290655994],[8.175135731166828,50.03425544515584],[8.232686900707826,50.031002681149275],[8.269515094330973,50.01228611969849],[8.322339373545871,49.97359170219348],[8.340963697169592,49.951075735846004],[8.343030535223287,49.94050612130782],[8.29738266753179,49.94874851681306],[8.280040522328918,49.9413640271974],[8.253027628723066,49.90508175270485],[8.248748157929526,49.895401985208395],[8.251215613057482,49.88772783343712],[8.204301150321282,49.867969231946475],[8.1600056507971,49.89362060984284],[8.120718571408643,49.896820572400884],[8.050358595743763,49.8849484057803],[7.991443931363349,49.8930356723992],[7.993732649015169,49.90168314500485],[8.007388065272643,49.90705124897901],[8.007638113974842,49.912376963233925],[7.9952593068990225,49.9210893836307],[7.973457210710368,49.914188997947974],[7.944681482086261,49.91265538986491],[7.941714391283021,49.920888937234636],[7.898743279665895,49.91982510504854],[7.898230724654172,49.93044544760893],[7.857629899611387,49.93975561046838],[7.825144250818189,49.93772779311948],[7.80488883831775,49.948062841537016],[7.802978187233297,49.95933446096483],[7.767524330372848,49.98850646498535],[7.702604142113222,50.01143056046822],[7.664822719379401,50.032700926410186],[7.705774372485135,50.06331524171194],[7.764844638019939,50.08259041591678],[7.7765015167543465,50.053518264739246],[7.850557168326728,50.013937127218625],[7.85873044498229,50.004916717124104]]]}},{"type":"Feature","properties":{"district":"206 Worms","constituency_code":"206","state":"Rhineland-Palatinate"},"geometry":{"type":"Polygon","coordinates":[[[8.350674147242971,49.87073968432458],[8.383583802434254,49.85567785908302],[8.378448621276531,49.824820082843935],[8.406076882264932,49.796569027706774],[8.41925011695291,49.77092138960435],[8.435532859338721,49.765789356070094],[8.471984260156681,49.76888946968408],[8.47985001709937,49.761764784901814],[8.435958648054932,49.7209893896081],[8.381522438632249,49.70704300221739],[8.357266999627685,49.692141609640544],[8.356488092773608,49.67798747615212],[8.381985161926485,49.62728358757663],[8.407800232774834,49.606335048953724],[8.414773932864625,49.59505203520485],[8.386480983591992,49.603652723357044],[8.360876852978611,49.60548439159652],[8.281006984082824,49.58676410688001],[8.24105392371684,49.58997811297623],[8.191429045409782,49.6276066646756],[8.152376575472738,49.62687519483321],[8.158289835948812,49.64445941094146],[8.154501726529494,49.658080390169154],[8.132411971295538,49.67349849287359],[8.120873577497072,49.670691394436595],[8.10235878156676,49.69827671883735],[8.018479141320249,49.710891444526354],[7.986467263509424,49.69696252065727],[7.9690228533501495,49.698797661266475],[7.960226981854177,49.70212958059856],[7.965414943151186,49.71758486766778],[7.93922720562073,49.74063555652459],[7.921578300749265,49.742576231600616],[7.905436786680128,49.75226356117207],[7.9206161499001695,49.76393442021271],[7.934571238339669,49.768022673476196],[7.932810895248021,49.80040861212588],[7.924364031875121,49.80537561077665],[7.927558412666891,49.81138048117431],[7.963556789752188,49.833101972906924],[7.961222028322994,49.862555580377645],[7.953667066310994,49.875353220937114],[7.947704017976904,49.880557913141296],[7.919411730016579,49.881792040064866],[7.910640255383563,49.911841032750885],[7.898743279665895,49.91982510504854],[7.941714391283021,49.920888937234636],[7.944681482086261,49.91265538986491],[7.973457210710368,49.914188997947974],[7.9952593068990225,49.9210893836307],[8.007638113974842,49.912376963233925],[8.007388065272643,49.90705124897901],[7.993732649015169,49.90168314500485],[7.991443931363349,49.8930356723992],[8.050358595743763,49.8849484057803],[8.120718571408643,49.896820572400884],[8.1600056507971,49.89362060984284],[8.204301150321282,49.867969231946475],[8.251215613057482,49.88772783343712],[8.248748157929526,49.895401985208395],[8.25898487595232,49.91410130061664],[8.280040522328918,49.9413640271974],[8.29738266753179,49.94874851681306],[8.343030535223287,49.94050612130782],[8.354604484190943,49.91584006016879],[8.34258030154495,49.88858791859076],[8.350674147242971,49.87073968432458]]]}},{"type":"Feature","properties":{"district":"207 Ludwigshafen/Frankenthal","constituency_code":"207","state":"Rhineland-Palatinate"},"geometry":{"type":"Polygon","coordinates":[[[8.437399039881388,49.50808967244211],[8.463795388682826,49.470402657218884],[8.46087591359299,49.46502233937124],[8.44432235439697,49.45918725798815],[8.442690859932403,49.450239188593976],[8.455527662166219,49.44376036889134],[8.50445875622057,49.44014090319173],[8.50798728018874,49.43114599042324],[8.496450262128358,49.40808380892234],[8.478542821572255,49.4154401013279],[8.443429003412266,49.41052104109103],[8.429168228196886,49.40764104253335],[8.405738923583128,49.393061071632886],[8.375207286452552,49.41406968644049],[8.356942474844494,49.411959849485406],[8.32687394206598,49.39551764488812],[8.365997502450087,49.33961340883931],[8.317414459350028,49.31612170137811],[8.29502853952647,49.373488585248445],[8.257876863311965,49.420876615519624],[8.237789429834045,49.41825213174814],[8.232727444215826,49.433405345089305],[8.235800067796792,49.43964111343585],[8.283674340323559,49.44686545459269],[8.271189902864794,49.47875814880835],[8.260135720861275,49.478845214371034],[8.253397393846786,49.49293136009663],[8.273981594843956,49.5036893357824],[8.281006984082824,49.58676410688001],[8.360876852978611,49.60548439159652],[8.386480983591992,49.603652723357044],[8.414773932864625,49.59505203520485],[8.422439263083017,49.583385412046944],[8.423067801124192,49.54182078517761],[8.437399039881388,49.50808967244211]]]}},{"type":"Feature","properties":{"district":"208 Neustadt – Speyer","constituency_code":"208","state":"Rhineland-Palatinate"},"geometry":{"type":"Polygon","coordinates":[[[8.226571761867632,49.59958840550909],[8.24105392371684,49.58997811297623],[8.281006984082824,49.58676410688001],[8.273981594843956,49.5036893357824],[8.253397393846786,49.49293136009663],[8.260135720861275,49.478845214371034],[8.271189902864794,49.47875814880835],[8.283674340323559,49.44686545459269],[8.235800067796792,49.43964111343585],[8.232727444215826,49.433405345089305],[8.237789429834045,49.41825213174814],[8.257876863311965,49.420876615519624],[8.29502853952647,49.373488585248445],[8.317414459350028,49.31612170137811],[8.365997502450087,49.33961340883931],[8.32687394206598,49.39551764488812],[8.36597414096794,49.41528841024229],[8.375207286452552,49.41406968644049],[8.405738923583128,49.393061071632886],[8.429168228196886,49.40764104253335],[8.478542821572255,49.4154401013279],[8.496450262128358,49.40808380892234],[8.49618884548993,49.40213635736301],[8.488201687123349,49.39694004072127],[8.493779263945868,49.3872036877648],[8.500397518447798,49.389013646719974],[8.499755646133492,49.371480976132666],[8.489274488684753,49.354012869790026],[8.45552379811163,49.332090344864866],[8.450501729520147,49.32171322300462],[8.455803728241692,49.314209757923244],[8.485075786724483,49.30393524679553],[8.487268219067602,49.2900266299912],[8.466985436486485,49.28297553468394],[8.436021476420828,49.25993455307719],[8.413072413493211,49.24981651752391],[8.327196275363244,49.297743155291485],[8.320325889956491,49.29670533296667],[8.317406155792009,49.30812117527918],[8.254014549730401,49.29656815780475],[8.203244241109173,49.29615408912756],[8.198773052351044,49.310219153649015],[8.170433566696191,49.31415340041203],[8.13612896558416,49.31134937260866],[8.073587825361916,49.322617252221775],[8.012894373625898,49.32127317972161],[8.016238618973718,49.32929454484035],[7.999564370265797,49.34379404937742],[7.9408030314576035,49.320942546682176],[7.936718516390459,49.30897745020085],[7.913331400763373,49.3163715058209],[7.871260074379574,49.311255164539574],[7.825906081913265,49.3291601543816],[7.827487098573725,49.34530115961333],[7.834228426156003,49.35589370198287],[7.850434079020862,49.36412564552672],[7.85708671644806,49.37346343535876],[7.918322543563366,49.3928598302848],[7.931095702155617,49.39150475990406],[7.981543205667157,49.42989620606555],[7.961730167740756,49.44530561726061],[7.95126144197958,49.46122654275909],[7.94960149715635,49.48566343890118],[8.008123694757323,49.49795250123404],[8.058626903784235,49.54037070371254],[8.098610398130642,49.55697036739967],[8.102650247596904,49.57905437017108],[8.120539944197553,49.60063846437885],[8.152376575472738,49.62687519483321],[8.191429045409782,49.6276066646756],[8.218913577598727,49.61003685199691],[8.226571761867632,49.59958840550909]]]}},{"type":"Feature","properties":{"district":"209 Kaiserslautern","constituency_code":"209","state":"Rhineland-Palatinate"},"geometry":{"type":"Polygon","coordinates":[[[7.898763907050224,49.755891680543684],[7.921578300749265,49.742576231600616],[7.93922720562073,49.74063555652459],[7.965414943151186,49.71758486766778],[7.960317849803584,49.701726533501585],[7.986467263509424,49.69696252065727],[8.018479141320249,49.710891444526354],[8.10235878156676,49.69827671883735],[8.120873577497072,49.670691394436595],[8.132411971295538,49.67349849287359],[8.154501726529494,49.658080390169154],[8.158191970339855,49.64730167015045],[8.152376575472738,49.62687519483321],[8.120539944197553,49.60063846437885],[8.102650247596904,49.57905437017108],[8.098610398130642,49.55697036739967],[8.058626903784235,49.54037070371254],[8.008123694757323,49.49795250123404],[7.94960149715635,49.48566343890118],[7.95126144197958,49.46122654275909],[7.961730167740756,49.44530561726061],[7.981543205667157,49.42989620606555],[7.931095702155617,49.39150475990406],[7.918322543563366,49.3928598302848],[7.85708671644806,49.37346343535876],[7.850434079020862,49.36412564552672],[7.83050814920061,49.35861393630598],[7.767651447201828,49.395443570474455],[7.71213251591367,49.394361737473666],[7.700300002194356,49.38701949731635],[7.661687623843349,49.42641914219295],[7.649598374284009,49.42988598406314],[7.629880059332674,49.425181248520346],[7.626715948680459,49.43376108511785],[7.631916235974275,49.435207937704014],[7.596932518571398,49.46717231346888],[7.537795736933843,49.491509394503105],[7.522750826755933,49.49251786938234],[7.485124106308833,49.49016809635936],[7.461203356996015,49.47399513107639],[7.453959842513567,49.45862873213068],[7.462085443428421,49.43831110666317],[7.420930568640701,49.420222325010656],[7.404806341637193,49.405320596358145],[7.393460964975597,49.38216598026511],[7.395898693288583,49.372046055637504],[7.369925164928689,49.36369564582524],[7.299264543587608,49.389440816218276],[7.292601445839104,49.408222481669576],[7.250246333020331,49.43517793230997],[7.2464376592202315,49.4455183813488],[7.297561353983578,49.46464550876006],[7.304825739217781,49.4724459407749],[7.2968412371558955,49.483549653108334],[7.278135696923971,49.48427479364026],[7.285688643568993,49.5169066053713],[7.2766226191188155,49.54862364010085],[7.312141618742603,49.55682642015984],[7.363036851146058,49.595853386993035],[7.3886752169892445,49.59759737661366],[7.419298423859338,49.59080949761629],[7.439787877215806,49.59398618702041],[7.443226790169273,49.598257070878],[7.4308755130926345,49.64344723160445],[7.450094730021391,49.672284752981184],[7.4725422655866796,49.67754222331025],[7.521901223708626,49.678805940451085],[7.526303845786414,49.68252313940888],[7.5191845768183745,49.69651704580155],[7.5227523423139475,49.707622571957536],[7.540194094605551,49.70197491376401],[7.562313165056457,49.68657808397975],[7.5996804007100245,49.67980706774496],[7.6425816961331385,49.68699272826182],[7.652846849545225,49.69867626355902],[7.662683484399313,49.701083775673496],[7.666252482033036,49.665565777051036],[7.65266306879167,49.64551705683107],[7.656855767824872,49.63774478715386],[7.66372708146459,49.63595456272416],[7.70333049049238,49.65251517996908],[7.72107393538998,49.67165998071847],[7.732855996670216,49.696445120511434],[7.728091380134532,49.709643902822364],[7.748810228412881,49.73292602809568],[7.766536100039407,49.7444460178636],[7.762900533024636,49.75138053700876],[7.776718083497143,49.75661961922077],[7.824230341405161,49.75189852958742],[7.859907564767535,49.76575196285938],[7.898763907050224,49.755891680543684]]]}},{"type":"Feature","properties":{"district":"210 Pirmasens","constituency_code":"210","state":"Rhineland-Palatinate"},"geometry":{"type":"Polygon","coordinates":[[[7.626715948680459,49.43376108511785],[7.629880059332674,49.425181248520346],[7.649598374284009,49.42988598406314],[7.661687623843349,49.42641914219295],[7.700300002194356,49.38701949731635],[7.71213251591367,49.394361737473666],[7.767651447201828,49.395443570474455],[7.821129201897224,49.36122649412992],[7.840510657980671,49.35890480179709],[7.827487098573725,49.34530115961333],[7.825906081913265,49.3291601543816],[7.867650048855947,49.31332194836521],[7.872069606664898,49.283109907877],[7.856138304173982,49.272321952404745],[7.832215071948099,49.27011809789134],[7.828336074326374,49.26615542032272],[7.8295130415682435,49.25263680122651],[7.849160422951358,49.25741384738807],[7.878019998036658,49.249432619409234],[7.901471011997977,49.23272351182388],[7.914820641541358,49.201430887280836],[7.9155824988767725,49.172899089147585],[7.89699156468073,49.14756481864997],[7.887482460092634,49.142267274909514],[7.872049302734224,49.153084881447725],[7.85867364543384,49.14952119026827],[7.852932644751767,49.13737899550741],[7.853161078313213,49.12996798753595],[7.863685194883173,49.11608557063667],[7.911088778216974,49.11549961213991],[7.909681893891098,49.091139735955934],[7.902368789208965,49.090286220536036],[7.886580838072448,49.06524930914138],[7.891987683774504,49.052883477745475],[7.902780613412927,49.056653652728386],[7.910654475442117,49.04516335597873],[7.8928804024741925,49.04725230613331],[7.866798155828608,49.03292502549596],[7.794402496751829,49.06568566910477],[7.761083277290161,49.045514461928484],[7.674716702896994,49.04496743426978],[7.631201346142625,49.05488570472467],[7.629311381430233,49.07355078102482],[7.6009717019492085,49.08323457072557],[7.563619454369693,49.08022611159755],[7.528349055326541,49.097109418055375],[7.49665933972032,49.135368565520345],[7.506489762929773,49.15469833379283],[7.493926009732469,49.16953081653334],[7.4351160740738855,49.16855912532016],[7.445646678891824,49.18415102783122],[7.365101442306319,49.17183516695132],[7.368755429967107,49.16145787873885],[7.354054634894947,49.161089922675394],[7.335878083176825,49.17586662318176],[7.338485201339964,49.18443212257485],[7.320340967355135,49.189499139972725],[7.295756776156208,49.20534678707531],[7.289732186359266,49.238669288112185],[7.312131761411025,49.255135865525006],[7.371695484354599,49.28091264850584],[7.385427185003424,49.29412396358063],[7.394494087737024,49.31635206014415],[7.3900602836093565,49.32073553922338],[7.393834939073832,49.36211708150722],[7.402075305281961,49.367718652437766],[7.395898693288583,49.372046055637504],[7.393460964975597,49.38216598026511],[7.4058778749833944,49.40688965896949],[7.420930568640701,49.420222325010656],[7.462085443428421,49.43831110666317],[7.453959842513567,49.45862873213068],[7.459890612096711,49.47247416508782],[7.476891781937545,49.485491054469094],[7.506230670495239,49.492791958599476],[7.537795736933843,49.491509394503105],[7.596932518571398,49.46717231346888],[7.631916235974275,49.435207937704014],[7.626715948680459,49.43376108511785]]]}},{"type":"Feature","properties":{"district":"211 Südpfalz","constituency_code":"211","state":"Rhineland-Palatinate"},"geometry":{"type":"Polygon","coordinates":[[[8.012894373625898,49.32127317972161],[8.073587825361916,49.322617252221775],[8.13612896558416,49.31134937260866],[8.170433566696191,49.31415340041203],[8.198773052351044,49.310219153649015],[8.203244241109173,49.29615408912756],[8.254014549730401,49.29656815780475],[8.317406155792009,49.30812117527918],[8.320325889956491,49.29670533296667],[8.327196275363244,49.297743155291485],[8.413072413493211,49.24981651752391],[8.395299774579504,49.240321832086046],[8.386379408504308,49.22832580110024],[8.384803777209195,49.21962764195851],[8.398535108820456,49.22575275310738],[8.405021255087696,49.22035783447076],[8.368431127762731,49.16805240299474],[8.37270839383955,49.15198128938915],[8.358091294359317,49.09778419318832],[8.311686690218973,49.054307172128006],[8.297374094408736,49.01350524848969],[8.28181032265925,48.992998828143534],[8.232632820043243,48.966571444570015],[8.222368231952172,48.97588271290446],[8.157822119540437,48.97838984798424],[8.091382037185559,48.989385923855856],[8.071687845281152,48.996266650126955],[8.063993883664823,49.00538615148986],[8.046840085324916,49.013757999895546],[7.931394285146685,49.05498354252468],[7.923042347218457,49.04366758844087],[7.913507643736908,49.03994647707561],[7.911589377138371,49.048667959059784],[7.902780613412927,49.056653652728386],[7.891987683774504,49.052883477745475],[7.886580838072448,49.06524930914138],[7.902368789208965,49.090286220536036],[7.909681893891098,49.091139735955934],[7.911389664617516,49.11500255990331],[7.863685194883173,49.11608557063667],[7.853161078313213,49.12996798753595],[7.852932644751767,49.13737899550741],[7.85867364543384,49.14952119026827],[7.872049302734224,49.153084881447725],[7.887482460092634,49.142267274909514],[7.89699156468073,49.14756481864997],[7.9155824988767725,49.172899089147585],[7.914820641541358,49.201430887280836],[7.901471011997977,49.23272351182388],[7.870881747906113,49.251740922794234],[7.849160422951358,49.25741384738807],[7.8295130415682435,49.25263680122651],[7.828336074326374,49.26615542032272],[7.837072531480204,49.27232161846019],[7.856138304173982,49.272321952404745],[7.86953626041427,49.27911719732786],[7.867650048855947,49.31332194836521],[7.893111466870289,49.31170101378256],[7.913331400763373,49.3163715058209],[7.936718516390459,49.30897745020085],[7.9408030314576035,49.320942546682176],[7.999564370265797,49.34379404937742],[8.016238618973718,49.32929454484035],[8.012894373625898,49.32127317972161]]]}},{"type":"Feature","properties":{"district":"212 Altötting","constituency_code":"212","state":"Bavaria"},"geometry":{"type":"Polygon","coordinates":[[[12.604537350404222,48.36019653402212],[12.60729173017186,48.35363191741967],[12.619798819351104,48.35606361729823],[12.6406100794609,48.34805223652906],[12.641231816214352,48.3430052314396],[12.669394840449144,48.33379088937798],[12.753823926739498,48.32458639719111],[12.780166215605963,48.32749866390272],[12.821457325208115,48.315006122362135],[12.88655491897093,48.263521540826254],[12.894456367821487,48.245440977833475],[12.891852749665283,48.23650272349345],[12.9205075927118,48.214702090387334],[12.944657119039162,48.206684179157634],[12.869801358158151,48.20141503192194],[12.84331128939131,48.16590654962816],[12.786562340298715,48.12341899402855],[12.758853896706446,48.118515487429704],[12.751554925481408,48.11281064516938],[12.712623218074159,48.11028917668196],[12.699958008221191,48.104357115400724],[12.699726493138149,48.09469688223094],[12.711017592266035,48.06811101681288],[12.674447599652403,48.04664780471332],[12.616402313936023,48.04504102610541],[12.613134759280952,48.058287215770896],[12.578748800128354,48.075248144945036],[12.572790748026343,48.08966812063393],[12.575084364330973,48.1128028836508],[12.565881634327209,48.12398907135229],[12.54817742567615,48.12501832505475],[12.542200571964356,48.13950417737342],[12.566204901847453,48.15888494656892],[12.55436692274803,48.16251532502748],[12.538000716456276,48.15683072658186],[12.48943438173543,48.15568849328391],[12.479494141816062,48.14741598452439],[12.48470344094023,48.14522816204053],[12.482338170103237,48.13534920263283],[12.4639423709375,48.11979409236167],[12.440836841063069,48.11110032532445],[12.409606253106437,48.12257377649143],[12.387555534591291,48.11737984585497],[12.371326079479699,48.12814267225329],[12.349791508153874,48.1237686413801],[12.328085069109207,48.10525779318032],[12.286808793097592,48.11033292465558],[12.209098903543467,48.14317762100429],[12.175744546074945,48.09232045825497],[12.162569349103114,48.08308209982034],[12.145567562866344,48.08508273885388],[12.134255628043618,48.09775157389787],[12.150003160897722,48.11514242647036],[12.134165474361215,48.13077528451008],[12.123785195398431,48.129771088031674],[12.121274505924335,48.124907774633755],[12.065775752491072,48.122593143946325],[12.049807747499683,48.129392381097155],[12.032141516006902,48.158757544089795],[12.10200105857616,48.168602340623714],[12.181523832460057,48.21027090071786],[12.201416718150055,48.21284933025156],[12.207559047547427,48.20316586612261],[12.232425204786898,48.201675725019584],[12.218057103176623,48.22854545642999],[12.222621233929349,48.264292603496635],[12.227504615713368,48.277492839906415],[12.24130330484935,48.28764961058235],[12.254054763207547,48.2883038834523],[12.250550845503058,48.32194586429012],[12.25562666933047,48.32662253737606],[12.302207510342193,48.33030458794559],[12.303223532189651,48.31686093660304],[12.356120814034087,48.330084587919785],[12.390064538452698,48.360419296541984],[12.413501169210312,48.360968591831096],[12.43992490635167,48.386832657455976],[12.441725313060248,48.399203959493605],[12.483791114198203,48.42967570911662],[12.535452366419593,48.41616127924972],[12.594776283561385,48.3784343918623],[12.604537350404222,48.36019653402212]]]}},{"type":"Feature","properties":{"district":"213 Erding – Ebersberg","constituency_code":"213","state":"Bavaria"},"geometry":{"type":"Polygon","coordinates":[[[11.999067916535816,48.4302209785724],[12.017122351256477,48.43067597646524],[12.023764710343993,48.41702289325595],[12.08425033949617,48.42626227259711],[12.148201670768412,48.42533554264934],[12.16527432874298,48.42035787658813],[12.20890273412327,48.361171067736464],[12.231710196542542,48.341335950930706],[12.233615575712921,48.33037028555353],[12.250550845503058,48.32194586429012],[12.254054763207547,48.2883038834523],[12.24130330484935,48.28764961058235],[12.227504615713368,48.277492839906415],[12.222621233929349,48.264292603496635],[12.218057103176623,48.22854545642999],[12.232425204786898,48.201675725019584],[12.207559047547427,48.20316586612261],[12.201416718150055,48.21284933025156],[12.181523832460057,48.21027090071786],[12.10200105857616,48.168602340623714],[12.032141516006902,48.158757544089795],[12.049807747499683,48.129392381097155],[12.065775752491072,48.122593143946325],[12.085656336162497,48.12234381613848],[12.0741232030543,48.11276309589983],[12.070182182927345,48.09864924768094],[12.079634566580097,48.0335125004004],[12.096485843036483,48.0090698668201],[12.09883874656791,47.99276038439658],[12.06239835793403,47.97059133148232],[12.027145090254558,47.9712181606801],[12.000718178687558,47.95409934563913],[11.981147428277021,47.97089875084533],[11.935848407126116,47.994088778437465],[11.926646669292648,47.98385800481681],[11.941051589569865,47.94582864039211],[11.928112171447552,47.931301699033824],[11.883590640190738,47.95206469707906],[11.847952552683164,47.94825275568328],[11.852084667345581,47.95444526010225],[11.846967353771648,47.9601449323134],[11.77342968380245,47.99199115432155],[11.767212005548322,47.99978894589401],[11.766766908861998,48.02248589019781],[11.785168845803028,48.022485718607186],[11.787904024969173,48.05716541872431],[11.785519816051615,48.07256021498695],[11.76628455759783,48.09623057632692],[11.747778076557786,48.137590702504895],[11.749815993285154,48.14378915026948],[11.771456782572253,48.15466252539257],[11.775770862988706,48.1619285947434],[11.763220537933755,48.20963003005216],[11.756169321379963,48.22111170807271],[11.74975879933064,48.26372314014711],[11.736075346680446,48.285061787657284],[11.753337512395126,48.29418216642482],[11.78175066770626,48.358435866691806],[11.842004386093462,48.403749242843794],[11.891368717540779,48.420730569517765],[11.96001577923456,48.45471343025497],[11.979845532513572,48.452792123583166],[11.979060742933838,48.44839752154363],[11.999067916535816,48.4302209785724]]]}},{"type":"Feature","properties":{"district":"214 Freising","constituency_code":"214","state":"Bavaria"},"geometry":{"type":"Polygon","coordinates":[[[11.645045697012327,48.796843925496425],[11.67782700435263,48.782687102081574],[11.69100189921714,48.78935554165701],[11.696853386453782,48.786496730910365],[11.678341354137597,48.756193703723184],[11.65540616436658,48.74413948224932],[11.655588134227425,48.70086777085408],[11.691662927135614,48.67480022088803],[11.712819731196305,48.64803958110154],[11.70263943585481,48.634264253702234],[11.693560204393298,48.63364283268363],[11.69300402646246,48.618683608290794],[11.751417640986997,48.600889097608714],[11.774042769028691,48.599615099045494],[11.789847833201037,48.61428076896123],[11.799000669666954,48.61418291153707],[11.86587544062837,48.58291749523511],[11.898446572795761,48.58663035540974],[11.9441300521088,48.57467624612731],[11.958814953549705,48.578531083866984],[11.964222057085205,48.56765816887024],[11.969369975581927,48.51810677985771],[11.959552349748087,48.50260603612094],[11.99801617012402,48.49429452657082],[12.005773118973782,48.48167929269668],[12.019268857801825,48.43104217748359],[11.99605699362537,48.431188085873785],[11.979060742933838,48.44839752154363],[11.979845532513572,48.452792123583166],[11.96001577923456,48.45471343025497],[11.891368717540779,48.420730569517765],[11.842004386093462,48.403749242843794],[11.808880868607055,48.381779436500175],[11.78175066770626,48.358435866691806],[11.753337512395126,48.29418216642482],[11.736075346680446,48.285061787657284],[11.738185856164757,48.27633418169929],[11.702153010405345,48.276310755299285],[11.698598130359304,48.26974073782538],[11.62624032877752,48.27058539924136],[11.591266535431162,48.286465542676346],[11.580470927571817,48.29685218879777],[11.57303270225048,48.33613421209284],[11.509083650992618,48.35385762378735],[11.503836135517798,48.37626788046172],[11.512749233859564,48.39201686676665],[11.493183007390567,48.44051111846954],[11.44518883364042,48.431693890664825],[11.436945180717075,48.42662650437101],[11.434910353307746,48.41534970635841],[11.41311346298834,48.406165927315364],[11.384993007553367,48.42200168483967],[11.371898042802057,48.43933056249387],[11.3473074182109,48.45432000214391],[11.33568110769714,48.455328068862244],[11.334227989919928,48.45077942404205],[11.32432470300085,48.448114832263805],[11.313618711004619,48.45048710125237],[11.29541113631988,48.47457422110987],[11.268517341349751,48.463677306103236],[11.257128665671994,48.46775729515842],[11.210540057552326,48.49985314559688],[11.208667609619052,48.52748001979108],[11.156621870549168,48.54619004249923],[11.155315167187634,48.56184438870617],[11.165633799161032,48.57938998950216],[11.154955606182204,48.5956221008702],[11.144812215721103,48.59499455802298],[11.212908343879922,48.64735040525053],[11.23843553382726,48.65626630666633],[11.267141686077258,48.650844962631204],[11.30559487413182,48.65150588810816],[11.322713244212249,48.65605890289755],[11.319553930128839,48.66112872378821],[11.34480650613304,48.669869562629216],[11.38388381117779,48.63396156071759],[11.438730081133043,48.64686583267812],[11.457420273243702,48.69185254579649],[11.455823725297988,48.69840453362755],[11.432029267835448,48.70217778305672],[11.446498805394945,48.72385364684226],[11.486728446676088,48.72672562953121],[11.489323338425415,48.74500400502213],[11.496686805923972,48.73652474076928],[11.515484715208013,48.73305742635416],[11.553326029223692,48.7413304195897],[11.563091674156697,48.74861432584592],[11.574914458973346,48.77235336902722],[11.573678720087882,48.785949533251376],[11.602982299873808,48.813755761352624],[11.644316549682703,48.81207035614657],[11.648610233726144,48.80244716922092],[11.645045697012327,48.796843925496425]]]}},{"type":"Feature","properties":{"district":"215 Fürstenfeldbruck","constituency_code":"215","state":"Bavaria"},"geometry":{"type":"Polygon","coordinates":[[[11.358066453643577,48.44985939629235],[11.381216320596634,48.42492627172854],[11.41311346298834,48.406165927315364],[11.434910353307746,48.41534970635841],[11.436945180717075,48.42662650437101],[11.44518883364042,48.431693890664825],[11.493183007390567,48.44051111846954],[11.512749233859564,48.39201686676665],[11.503836135517798,48.37626788046172],[11.509083650992618,48.35385762378735],[11.57303270225048,48.33613421209284],[11.578698340637816,48.29954580051232],[11.518528378517933,48.278975705080676],[11.499810709979638,48.26237404561854],[11.499817843349954,48.248145774870956],[11.491111401022884,48.24248742273683],[11.488386872172661,48.22512320365723],[11.460949428983433,48.21497239934708],[11.456682733932846,48.20866944360715],[11.402939600055163,48.20312065937551],[11.34804717535451,48.140820019286046],[11.312769395483926,48.12040038812739],[11.272488538246606,48.13513241679944],[11.251695065482226,48.13546195542215],[11.198707239495373,48.11231457510739],[11.14310402637832,48.1090208558135],[11.13183609412848,48.09509814624024],[11.090660191449812,48.08786621612515],[11.055626373860042,48.10316042806958],[11.0616039496287,48.11302747856663],[11.059530257535013,48.132545542152634],[11.045863165059624,48.14378852102908],[11.009358655584343,48.15546291422143],[10.992872262299981,48.17603003489228],[11.024980040928376,48.17815955686785],[11.034510063458765,48.19299209165645],[11.05511122627103,48.196773743921696],[11.047745680631754,48.219996299428516],[11.037299108244223,48.22919988779871],[11.04509718550473,48.25532351807065],[11.07158950362021,48.28111278612182],[11.087686450086194,48.271611067993284],[11.09620875353111,48.260318065961556],[11.116550729310326,48.26814643004895],[11.113671108491804,48.29042169891749],[11.11740367137961,48.30974904320656],[11.128195900939005,48.3231564425383],[11.166574208527402,48.337766292614546],[11.165926731875842,48.36852899379008],[11.189373556785467,48.39784074436795],[11.198809932747261,48.42043110256244],[11.21434354366412,48.430537262934585],[11.239423107314897,48.43071394725426],[11.24735932395806,48.440776265192206],[11.310809563661435,48.45226116864995],[11.32432470300085,48.448114832263805],[11.338474509733881,48.455535312300285],[11.358066453643577,48.44985939629235]]]}},{"type":"Feature","properties":{"district":"216 Ingolstadt","constituency_code":"216","state":"Bavaria"},"geometry":{"type":"Polygon","coordinates":[[[11.43638381679727,49.06503400133538],[11.461258594256403,49.06098214457708],[11.487521610315433,49.063442982687405],[11.504282602524274,49.07689460776512],[11.538009145449925,49.069948346196114],[11.544592999758851,49.064184060482376],[11.52512822892264,49.04424178953552],[11.52950593507447,49.03006120240668],[11.594889649642086,48.95374653036516],[11.634672833241371,48.93263393877912],[11.66716396671279,48.92464414928414],[11.686154810650885,48.9303625583341],[11.70763733048501,48.918096832004224],[11.73903050136057,48.889877179871256],[11.743524508502206,48.874167069712165],[11.71069842816132,48.83577037159184],[11.703494498762078,48.833177060810435],[11.707138072788565,48.81259413101875],[11.726211330189384,48.81578716059225],[11.734486128315803,48.8115836506682],[11.736075097057933,48.79054591904408],[11.71999310421209,48.782196734053805],[11.69100189921714,48.78935554165701],[11.67782700435263,48.782687102081574],[11.645045697012327,48.796843925496425],[11.648610233726144,48.80244716922092],[11.644316549682703,48.81207035614657],[11.602982299873808,48.813755761352624],[11.573678720087882,48.785949533251376],[11.574914458973346,48.77235336902722],[11.563091674156697,48.74861432584592],[11.553326029223692,48.7413304195897],[11.515484715208013,48.73305742635416],[11.496686805923972,48.73652474076928],[11.489323338425415,48.74500400502213],[11.486728446676088,48.72672562953121],[11.453681687906347,48.72710931060268],[11.441214024778667,48.71994280576596],[11.432029267835448,48.70217778305672],[11.455823725297988,48.69840453362755],[11.449494672631586,48.66856483240316],[11.438730081133043,48.64686583267812],[11.40282719949511,48.63573062795391],[11.38388381117779,48.63396156071759],[11.34480650613304,48.669869562629216],[11.319553930128839,48.66112872378821],[11.322713244212249,48.65605890289755],[11.30559487413182,48.65150588810816],[11.267141686077258,48.650844962631204],[11.23843553382726,48.65626630666633],[11.218652467511522,48.64966343629727],[11.16113453739209,48.61113805626326],[11.142626797933389,48.5890218297111],[11.089813370975559,48.60332572014454],[11.050699194778215,48.60120685714196],[11.02298614880599,48.62017130240817],[11.041061915473055,48.62710777860064],[11.036855519623161,48.64425016597845],[11.002392803417358,48.66585013561019],[10.986478154137448,48.69677536417297],[10.995093747089475,48.76514900156605],[10.978371547878153,48.80909922324279],[11.005941422439196,48.821882996579234],[10.995756946309838,48.838198140894086],[10.97454660318435,48.85799554257711],[10.936839309329066,48.86327612297888],[10.964739165299724,48.8700164666351],[10.974122138354522,48.87871886444177],[11.027546839436619,48.88997296155247],[11.07111734406206,48.91145170303094],[11.072576633349728,48.917164411952776],[11.051370531744402,48.93283091539314],[11.084570422510687,48.961146471282504],[11.109256764738259,48.96691474436463],[11.14237488454224,48.96518213398047],[11.162194387058726,49.013996076234875],[11.201926904650918,49.047591520268924],[11.225073011727321,49.05169840010869],[11.248573281443011,49.04748696253084],[11.26539408066185,49.026964024964514],[11.26640455657326,49.01132434461802],[11.327118981810168,48.99793018803932],[11.346668089630574,49.01830078630332],[11.37070541393842,49.015003941977675],[11.410844439664984,49.03477870185174],[11.4265178919505,49.05167749151113],[11.41721463389863,49.06191856709068],[11.385713791319613,49.07885820257946],[11.399027822995627,49.08056906490221],[11.43638381679727,49.06503400133538]]]}},{"type":"Feature","properties":{"district":"217 München-Nord","constituency_code":"217","state":"Bavaria"},"geometry":{"type":"Polygon","coordinates":[[[11.626588581468205,48.18094055792109],[11.59816850567461,48.14934622221429],[11.588191841609783,48.15285093567406],[11.565662658323179,48.139644649381516],[11.55684224589906,48.141997065862704],[11.553732838322968,48.16706467798606],[11.547641275407988,48.17035458110555],[11.491763325273853,48.16554846965338],[11.48962478277682,48.19479619735762],[11.484519364573867,48.21285743624118],[11.476646639265063,48.21992190992753],[11.488386872172661,48.22512320365723],[11.491111401022884,48.24248742273683],[11.499817843349954,48.248145774870956],[11.526167061844278,48.24105029489481],[11.534003914047874,48.230598628293066],[11.585285530835597,48.213720900786534],[11.601836225799646,48.2135947063126],[11.60818624438237,48.23031715241338],[11.63824672209261,48.22613515443491],[11.650368951525206,48.21732897992019],[11.649741985266813,48.21272745745883],[11.626588581468205,48.18094055792109]]]}},{"type":"Feature","properties":{"district":"218 München-Ost","constituency_code":"218","state":"Bavaria"},"geometry":{"type":"Polygon","coordinates":[[[11.616327588992604,48.088305058697514],[11.604246431868217,48.09672425997545],[11.596015015030684,48.112031112936585],[11.569326033421222,48.12221609150786],[11.565662658323179,48.139644649381516],[11.588191841609783,48.15285093567406],[11.59816850567461,48.14934622221429],[11.626588581468205,48.18094055792109],[11.64111367564351,48.173454520327766],[11.665936896774742,48.17670943487101],[11.661734879413025,48.18204149821688],[11.695495366123037,48.17995234866858],[11.69317014650601,48.170555163644785],[11.674086253492,48.155576728387715],[11.6780601113236,48.144853419395524],[11.708672995795451,48.14867071645417],[11.723082533544806,48.13675361445328],[11.713126558776265,48.10502840922712],[11.681360926744468,48.08202527534696],[11.616327588992604,48.088305058697514]]]}},{"type":"Feature","properties":{"district":"219 München-Süd","constituency_code":"219","state":"Bavaria"},"geometry":{"type":"Polygon","coordinates":[[[11.526098672795053,48.136447419740655],[11.596015015030684,48.112031112936585],[11.604246431868217,48.09672425997545],[11.616327588992604,48.088305058697514],[11.591349030799107,48.08431049726302],[11.58598523718706,48.09366699287649],[11.533166203807651,48.07752612424053],[11.523800235598072,48.068381291154864],[11.504293720775422,48.06223277875507],[11.473862874008523,48.081835289988064],[11.463023817770948,48.1052328772111],[11.46471259440724,48.128196443963795],[11.477896412104323,48.13083851621356],[11.506899649131306,48.12545843797779],[11.526098672795053,48.136447419740655]]]}},{"type":"Feature","properties":{"district":"220 München-West/Mitte","constituency_code":"220","state":"Bavaria"},"geometry":{"type":"Polygon","coordinates":[[[11.565662658323179,48.139644649381516],[11.569326033421222,48.12221609150786],[11.526098672795053,48.136447419740655],[11.506899649131306,48.12545843797779],[11.477896412104323,48.13083851621356],[11.46471259440724,48.128196443963795],[11.430039198911594,48.13762981534172],[11.410760182662703,48.12646381349321],[11.394346427077336,48.125474950454915],[11.3878942607503,48.12912390693849],[11.392362341474078,48.13676464657017],[11.389030241470973,48.14784954281715],[11.371389463667553,48.15835655923486],[11.360877207802789,48.158088795225225],[11.402939600055163,48.20312065937551],[11.456682733932846,48.20866944360715],[11.460949428983433,48.21497239934708],[11.476646639265063,48.21992190992753],[11.484519364573867,48.21285743624118],[11.48962478277682,48.19479619735762],[11.491763325273853,48.16554846965338],[11.547641275407988,48.17035458110555],[11.553732838322968,48.16706467798606],[11.55684224589906,48.141997065862704],[11.565662658323179,48.139644649381516]]]}},{"type":"Feature","properties":{"district":"221 München-Land","constituency_code":"221","state":"Bavaria"},"geometry":{"type":"Polygon","coordinates":[[[11.6149213897206,48.27329906691086],[11.698598130359304,48.26974073782538],[11.702153010405345,48.276310755299285],[11.735111109184688,48.2788975687463],[11.74975879933064,48.26372314014711],[11.756169321379963,48.22111170807271],[11.763220537933755,48.20963003005216],[11.775770862988706,48.1619285947434],[11.771456782572253,48.15466252539257],[11.749815993285154,48.14378915026948],[11.747778076557786,48.137590702504895],[11.76628455759783,48.09623057632692],[11.785519816051615,48.07256021498695],[11.787904024969173,48.05716541872431],[11.785168845803028,48.022485718607186],[11.766766908861998,48.02248589019781],[11.767212005548322,47.99978894589401],[11.77342968380245,47.99199115432155],[11.852084667345581,47.95444526010225],[11.850158949144054,47.94911116097806],[11.839912588246865,47.94875165119761],[11.830175395807597,47.93888489355252],[11.824632482898242,47.92334441499315],[11.758748703500675,47.93625736689027],[11.757796678682523,47.92249714877748],[11.716901630001427,47.91704876131601],[11.708378175109026,47.93568980522821],[11.700036411752599,47.939299526543344],[11.613073386523471,47.920191231204306],[11.603488227996367,47.92395179890495],[11.60278812538789,47.93004100979992],[11.582032699352837,47.95023875824151],[11.564914764921994,47.95811936156372],[11.515431048778195,47.965322889327226],[11.495455264696815,47.973227587268845],[11.428581935112517,47.97854339786153],[11.414291208867159,47.98599510303141],[11.411862774213994,47.99824428336086],[11.421914369941673,48.00074905522015],[11.429742419347564,48.01751851161116],[11.430396078627313,48.02772697298818],[11.42008202956359,48.041836965385],[11.413269305652673,48.06845820781374],[11.424147941908576,48.0964152876047],[11.421989976486442,48.10118079980031],[11.385188521419394,48.11202820885249],[11.427470385679342,48.136734537625735],[11.464540304006155,48.1292051425238],[11.463023817770948,48.1052328772111],[11.473862874008523,48.081835289988064],[11.508732246628975,48.061553773029765],[11.533166203807651,48.07752612424053],[11.58598523718706,48.09366699287649],[11.591349030799107,48.08431049726302],[11.616327588992604,48.088305058697514],[11.681360926744468,48.08202527534696],[11.713126558776265,48.10502840922712],[11.723082533544806,48.13675361445328],[11.708672995795451,48.14867071645417],[11.6780601113236,48.144853419395524],[11.674086253492,48.155576728387715],[11.69317014650601,48.170555163644785],[11.695495366123037,48.17995234866858],[11.661734879413025,48.18204149821688],[11.665936896774742,48.17670943487101],[11.64111367564351,48.173454520327766],[11.626588581468205,48.18094055792109],[11.649741985266813,48.21272745745883],[11.650368951525206,48.21732897992019],[11.63824672209261,48.22613515443491],[11.60818624438237,48.23031715241338],[11.601836225799646,48.2135947063126],[11.585285530835597,48.213720900786534],[11.534003914047874,48.230598628293066],[11.526167061844278,48.24105029489481],[11.499817843349954,48.248145774870956],[11.499810709979638,48.26237404561854],[11.518528378517933,48.278975705080676],[11.578698340637816,48.29954580051232],[11.591266535431162,48.286465542676346],[11.6149213897206,48.27329906691086]]]}},{"type":"Feature","properties":{"district":"222 Rosenheim","constituency_code":"222","state":"Bavaria"},"geometry":{"type":"Polygon","coordinates":[[[12.286808793097592,48.11033292465558],[12.328085069109207,48.10525779318032],[12.349791508153874,48.1237686413801],[12.371326079479699,48.12814267225329],[12.387555534591291,48.11737984585497],[12.38841428259971,48.11036010168406],[12.381417585147329,48.10400586037328],[12.360761378074221,48.103644027312015],[12.335368239699905,48.09006305878233],[12.324634942050597,48.06613756265999],[12.327464548967889,48.0574314124589],[12.35739332624067,48.04042441051623],[12.337048980706877,48.00870780846763],[12.33029234265396,47.97972510683552],[12.347640660403414,47.963798069162095],[12.385476382265402,47.947580617368935],[12.402802920927789,47.946255196110926],[12.414607300928385,47.95552000427451],[12.441639088820057,47.94692162242849],[12.444032116893728,47.92210051225893],[12.430582565165682,47.89380014554415],[12.407841632398275,47.87479524598578],[12.384611886797966,47.884998952511665],[12.363869792244197,47.86992822555023],[12.375065366666528,47.83468641788812],[12.382679654246381,47.83146309082965],[12.427730359237952,47.83498066877087],[12.435498470753991,47.82906058211621],[12.434648068876774,47.815436122204815],[12.392142818192982,47.8085006154827],[12.3785327675054,47.78140198574614],[12.381150598982149,47.76147133166655],[12.375550144872964,47.75405240754448],[12.347901439719891,47.74472595512558],[12.338528572836324,47.7331352255492],[12.332268788496252,47.70363891230894],[12.33756200208575,47.696978643759465],[12.255156206074373,47.679299669870446],[12.241167476662122,47.694104123489524],[12.246645308075458,47.7109155602748],[12.264886376034827,47.732483060591065],[12.257072108491608,47.74283907029942],[12.249599237560284,47.74143111699707],[12.226644589991468,47.71829077226582],[12.203641149247565,47.707452795256344],[12.162571532249213,47.70112119811941],[12.169624472582738,47.67843392754702],[12.198374091753095,47.641891542067455],[12.207810439685254,47.61423082388579],[12.203375981563532,47.606624567059036],[12.180996910914306,47.60274858188163],[12.082867196702567,47.60974026704099],[12.060661981202847,47.618743442679566],[12.061005751477936,47.631806787483875],[12.043539252786502,47.63496812931133],[12.028447930991069,47.64667670389948],[12.035275255947763,47.66144667462489],[12.04802777265839,47.673193232220136],[12.008690307804072,47.70719820911573],[12.014700666437742,47.72403556352522],[12.01217751648198,47.73787370153284],[11.997401954534272,47.741457396223105],[11.990912236500009,47.7489888852293],[11.990888700503268,47.773914804302755],[11.95424092712329,47.795204990258654],[11.927580043081257,47.80110282580902],[11.915883033236284,47.81053058644515],[11.95259975231428,47.82238703781485],[11.948146204521484,47.84490098901961],[11.933529423684556,47.852991771356194],[11.859396880770412,47.86338161572039],[11.808757272028092,47.90566465486731],[11.801841909790893,47.920816351323076],[11.80646709142672,47.9257473236332],[11.824632482898242,47.92334441499315],[11.830175395807597,47.93888489355252],[11.839354155347971,47.94838991122647],[11.859277970833407,47.952261548462495],[11.883590640190738,47.95206469707906],[11.899319588239436,47.941851890022626],[11.92964188388544,47.9319289824562],[11.941051589569865,47.94582864039211],[11.926646669292648,47.98385800481681],[11.935848407126116,47.994088778437465],[11.981147428277021,47.97089875084533],[12.000718178687558,47.95409934563913],[12.027145090254558,47.9712181606801],[12.06239835793403,47.97059133148232],[12.09883874656791,47.99276038439658],[12.096485843036483,48.0090698668201],[12.079634566580097,48.0335125004004],[12.070182182927345,48.09864924768094],[12.0741232030543,48.11276309589983],[12.085656336162497,48.12234381613848],[12.121274505924335,48.124907774633755],[12.123785195398431,48.129771088031674],[12.134165474361215,48.13077528451008],[12.150003160897722,48.11514242647036],[12.134255628043618,48.09775157389787],[12.145567562866344,48.08508273885388],[12.162569349103114,48.08308209982034],[12.175744546074945,48.09232045825497],[12.209098903543467,48.14317762100429],[12.286808793097592,48.11033292465558]]]}},{"type":"Feature","properties":{"district":"223 Bad Tölz-Wolfratshausen – Miesbach","constituency_code":"223","state":"Bavaria"},"geometry":{"type":"Polygon","coordinates":[[[11.613073386523471,47.920191231204306],[11.700036411752599,47.939299526543344],[11.708378175109026,47.93568980522821],[11.716901630001427,47.91704876131601],[11.757796678682523,47.92249714877748],[11.758748703500675,47.93625736689027],[11.78744022652248,47.93302178412847],[11.80646709142672,47.9257473236332],[11.801841909790893,47.920816351323076],[11.808757272028092,47.90566465486731],[11.859396880770412,47.86338161572039],[11.938213873077542,47.8518819995709],[11.948146204521484,47.84490098901961],[11.953262590206773,47.82314228442333],[11.915883033236284,47.81053058644515],[11.927580043081257,47.80110282580902],[11.95424092712329,47.795204990258654],[11.990888700503268,47.773914804302755],[11.990912236500009,47.7489888852293],[11.997401954534272,47.741457396223105],[12.01217751648198,47.73787370153284],[12.014700666437742,47.72403556352522],[12.008690307804072,47.70719820911573],[12.04802777265839,47.673193232220136],[12.035275255947763,47.66144667462489],[12.028447930991069,47.64667670389948],[12.043539252786502,47.63496812931133],[12.061005751477936,47.631806787483875],[12.060661981202847,47.618743442679566],[12.051304926084308,47.61494970660897],[11.968202470478689,47.61713718636759],[11.911379330715485,47.61295553653631],[11.864823638738194,47.60190249927317],[11.843327482324149,47.58137429431653],[11.769924223282139,47.58946436847929],[11.632435259871817,47.59240381458289],[11.63099209722769,47.585022899682215],[11.607046782026549,47.58158501374218],[11.588433425491806,47.55764474016875],[11.587980725395484,47.525398135607574],[11.572426242569916,47.514644032140865],[11.455336421443661,47.508459525094835],[11.442579880630323,47.51413317849505],[11.430679652837535,47.51112686100674],[11.41024532915353,47.495323956855344],[11.387841741015832,47.49919363770348],[11.374569911397366,47.515088923569536],[11.326285047880868,47.53148850532449],[11.271186281728541,47.578622020984334],[11.270586140992714,47.603398354861675],[11.27817483550304,47.61541272114062],[11.27045478737121,47.64180906191886],[11.283516541515962,47.66511416406727],[11.30253738229032,47.663295081288304],[11.347962812743779,47.674768194689996],[11.344079889825885,47.69369768591752],[11.371353556414704,47.706271458883954],[11.36536989450871,47.71868391058071],[11.375304385402627,47.72854402010205],[11.429953944640832,47.74285817538147],[11.404147351263203,47.76409621726858],[11.39162739645416,47.79006748793783],[11.362878719005392,47.79269834545279],[11.327592286531546,47.81295135827408],[11.329171258142829,47.821091432013965],[11.337291171786212,47.82728372085589],[11.33095280647868,47.9176635350192],[11.337898105563466,47.92918920285598],[11.393947900603067,47.920170363671666],[11.405993977860563,47.93099252294569],[11.430160397882984,47.98022471257702],[11.495455264696815,47.973227587268845],[11.515431048778195,47.965322889327226],[11.564914764921994,47.95811936156372],[11.582032699352837,47.95023875824151],[11.60278812538789,47.93004100979992],[11.603488227996367,47.92395179890495],[11.613073386523471,47.920191231204306]]]}},{"type":"Feature","properties":{"district":"224 Starnberg – Landsberg am Lech","constituency_code":"224","state":"Bavaria"},"geometry":{"type":"Polygon","coordinates":[[[10.947006653312364,48.219687519381964],[10.974903313314625,48.208072267625745],[10.988345842595177,48.21005416824654],[11.034359765915715,48.19400869790242],[11.024980040928376,48.17815955686785],[10.992970363144224,48.17517330482121],[11.009358655584343,48.15546291422143],[11.052479297792194,48.1397226514385],[11.059530257535013,48.132545542152634],[11.061575396226113,48.11876297505992],[11.055626373860042,48.10316042806958],[11.089317710143725,48.08780151829756],[11.13183609412848,48.09509814624024],[11.14310402637832,48.1090208558135],[11.198707239495373,48.11231457510739],[11.251695065482226,48.13546195542215],[11.272488538246606,48.13513241679944],[11.312769395483926,48.12040038812739],[11.345847301331847,48.138957864486144],[11.364107560144195,48.158530669116594],[11.382586233050905,48.15333157169107],[11.390519172998742,48.146067916020364],[11.389449548397984,48.12794203125017],[11.412450776482553,48.1271150465667],[11.385188521419394,48.11202820885249],[11.421989976486442,48.10118079980031],[11.424147941908576,48.0964152876047],[11.413269305652673,48.06845820781374],[11.42008202956359,48.041836965385],[11.430396078627313,48.02772697298818],[11.429742419347564,48.01751851161116],[11.421914369941673,48.00074905522015],[11.411862774213994,47.99824428336086],[11.414291208867159,47.98599510303141],[11.428581935112517,47.97854339786153],[11.405993977860563,47.93099252294569],[11.393947900603067,47.920170363671666],[11.337898105563466,47.92918920285598],[11.33095280647868,47.9176635350192],[11.338300741883135,47.841025952563164],[11.334252688574644,47.82300271425382],[11.314856398238598,47.82106129101652],[11.290325830232014,47.83270375761838],[11.296533660826462,47.854156393728395],[11.281179702879497,47.886490726387265],[11.185839053615828,47.88340121579788],[11.190001526835802,47.90018290682746],[11.21018657095588,47.911753174595276],[11.21447416330392,47.93184473718155],[11.18162550233515,47.94996827164598],[11.157435910326939,47.95406222830684],[11.149587799476876,47.95341256546291],[11.146188856909685,47.93714991354467],[11.094644494848408,47.923321476667276],[11.084568273921052,47.90691833712506],[11.070248309694144,47.899713560592495],[11.035204132517183,47.89860541544767],[11.026780671401301,47.90709512707374],[11.001079442165013,47.90365662861213],[10.974580916296784,47.883614802487955],[10.973978805267162,47.873766706904824],[10.982032765799156,47.86950720022327],[10.971861917172522,47.86331407003541],[10.959846645006653,47.86243057186775],[10.944931978882803,47.873241700342994],[10.873501684235734,47.871253239088624],[10.85450316833372,47.86705634022399],[10.839632296392388,47.85149037617572],[10.793904826010955,47.853880515300936],[10.767090368675731,47.84379345349488],[10.759705734552037,47.853634628438954],[10.776815150937473,47.923571781363165],[10.799681841340869,47.93685889669228],[10.826458063668547,47.995260757230184],[10.815651252984471,48.03088771821662],[10.7943979223208,48.04004357303116],[10.760268246093666,48.03424220711972],[10.756632546417197,48.04125309157253],[10.756272425145188,48.046755135354424],[10.783144057700795,48.07597526895215],[10.808012465467307,48.086668304994866],[10.81626852898475,48.10207038605828],[10.816167307433442,48.10511805670736],[10.80153212378008,48.10417040504179],[10.785813021081792,48.14992383833429],[10.813029849141712,48.15207010967191],[10.848869025977125,48.147790975726345],[10.890856036969458,48.19113324709201],[10.903410908882712,48.236676607870486],[10.927911568033407,48.234507336638885],[10.947006653312364,48.219687519381964]]]}},{"type":"Feature","properties":{"district":"225 Traunstein","constituency_code":"225","state":"Bavaria"},"geometry":{"type":"Polygon","coordinates":[[[12.54817742567615,48.12501832505475],[12.565881634327209,48.12398907135229],[12.575084364330973,48.1128028836508],[12.572790748026343,48.08966812063393],[12.578748800128354,48.075248144945036],[12.613134759280952,48.058287215770896],[12.618816676071377,48.04442785545877],[12.680555690027854,48.04829806235869],[12.711017592266035,48.06811101681288],[12.699726493138149,48.09469688223094],[12.699958008221191,48.104357115400724],[12.712623218074159,48.11028917668196],[12.748796842289288,48.114171244477376],[12.752881415765506,48.08721510257645],[12.759068424957146,48.075783260328905],[12.85105186741129,48.01483521851401],[12.872401238788251,47.96490366450301],[12.939652562244438,47.93519572168464],[13.002536636634522,47.853287661589604],[13.003921064752758,47.844739854003166],[12.965059155465239,47.8009861764244],[12.93620067104236,47.749094959732396],[12.918112626985737,47.74234049507328],[12.904363907425184,47.72519235403719],[12.925341337852874,47.71026018601295],[12.973785828623788,47.70690464511918],[12.991431863037223,47.70866931602848],[13.008305247655898,47.72226407901925],[13.017518221594553,47.722887774323915],[13.049720152487968,47.710575179629316],[13.069416123614168,47.691894734422114],[13.09866058986786,47.63540706294143],[13.095626719858426,47.62800763725522],[13.043574402922172,47.58344655693226],[13.041601310820095,47.576821561871384],[13.046302806588749,47.568736642715905],[13.031031506790193,47.53308655901044],[13.045958592164556,47.52048350766996],[13.04750486127705,47.49208302487306],[13.003285497739467,47.463374447623934],[12.90894236463487,47.496840539064905],[12.828707973276979,47.5445560494769],[12.803848238404434,47.54988690002428],[12.784005165755744,47.56886069080166],[12.780206245272463,47.57958432523623],[12.794075379746792,47.60086805472738],[12.80790234520589,47.61039244865984],[12.824613710898968,47.61210408091518],[12.789431539925827,47.633375224755866],[12.780832288241402,47.632638925800514],[12.75901263170714,47.65090388708052],[12.778412064019395,47.66107194714532],[12.781061850666449,47.6741424719416],[12.757675224117026,47.663338227687056],[12.74477970343624,47.67570600031058],[12.731700460547,47.67939130225921],[12.715494732599893,47.67630606301146],[12.69590828450457,47.6822050062774],[12.60469411741357,47.673209984946006],[12.565130567336693,47.63338004285343],[12.498881182011825,47.62494554067545],[12.440512553892622,47.67371701603533],[12.440126464327951,47.695172545998005],[12.363670824715467,47.68379726120084],[12.334985391683322,47.69247359737792],[12.333133503524147,47.72127925289565],[12.338528572836324,47.7331352255492],[12.347901439719891,47.74472595512558],[12.375550144872964,47.75405240754448],[12.381150598982149,47.76147133166655],[12.3785327675054,47.78140198574614],[12.392142818192982,47.8085006154827],[12.434648068876774,47.815436122204815],[12.435498470753991,47.82906058211621],[12.427730359237952,47.83498066877087],[12.382679654246381,47.83146309082965],[12.375065366666528,47.83468641788812],[12.363869792244197,47.86992822555023],[12.384611886797966,47.884998952511665],[12.398395296662688,47.87648219683556],[12.412319486129135,47.87721470445151],[12.430891560919177,47.89418129626424],[12.444032116893728,47.92210051225893],[12.441639088820057,47.94692162242849],[12.414607300928385,47.95552000427451],[12.402802920927789,47.946255196110926],[12.385476382265402,47.947580617368935],[12.347640660403414,47.963798069162095],[12.33029234265396,47.97972510683552],[12.337048980706877,48.00870780846763],[12.35739332624067,48.04042441051623],[12.323605232501267,48.06296262111323],[12.335368239699905,48.09006305878233],[12.360761378074221,48.103644027312015],[12.381417585147329,48.10400586037328],[12.38841428259971,48.11036010168406],[12.387555534591291,48.11737984585497],[12.409606253106437,48.12257377649143],[12.440836841063069,48.11110032532445],[12.4639423709375,48.11979409236167],[12.482338170103237,48.13534920263283],[12.48470344094023,48.14522816204053],[12.479494141816062,48.14741598452439],[12.48943438173543,48.15568849328391],[12.538000716456276,48.15683072658186],[12.55436692274803,48.16251532502748],[12.564755590664738,48.15990143816687],[12.542200571964356,48.13950417737342],[12.54817742567615,48.12501832505475]]]}},{"type":"Feature","properties":{"district":"226 Weilheim","constituency_code":"226","state":"Bavaria"},"geometry":{"type":"Polygon","coordinates":[[[11.18978141567077,47.89973488392619],[11.185839053615828,47.88340121579788],[11.281179702879497,47.886490726387265],[11.296533660826462,47.854156393728395],[11.290325830232014,47.83270375761838],[11.313907074444781,47.82130617548421],[11.329171258142829,47.821091432013965],[11.329477615425459,47.810797958262356],[11.362878719005392,47.79269834545279],[11.39162739645416,47.79006748793783],[11.404147351263203,47.76409621726858],[11.429753598260758,47.74345436579407],[11.375304385402627,47.72854402010205],[11.36536989450871,47.71868391058071],[11.371353556414704,47.706271458883954],[11.344079889825885,47.69369768591752],[11.347962812743779,47.674768194689996],[11.30253738229032,47.663295081288304],[11.283516541515962,47.66511416406727],[11.27045478737121,47.64180906191886],[11.27817483550304,47.61541272114062],[11.270586140992714,47.603398354861675],[11.271186281728541,47.578622020984334],[11.326285047880868,47.53148850532449],[11.374569911397366,47.515088923569536],[11.387841741015832,47.49919363770348],[11.41024532915353,47.495323956855344],[11.403821744712374,47.467181745050816],[11.409205916479024,47.4666964560746],[11.415429346141577,47.44697564061775],[11.338268100277503,47.44966640149219],[11.293226259006493,47.41930439903712],[11.29003249133956,47.407378228598844],[11.272873892856902,47.39785147977266],[11.22467470438731,47.39512230784876],[11.223772580829696,47.40134553409912],[11.251896426329044,47.42709231780927],[11.23887916709396,47.43240426296988],[11.206910413956708,47.43380120712225],[11.132341783734406,47.41238476775707],[11.124273530188818,47.400123023243076],[11.11488862914667,47.395567792071475],[11.005797262830768,47.39411985987914],[10.97032878596185,47.400020581534896],[10.968640360003596,47.41186008569179],[10.972254471098772,47.41754940122896],[10.984836160101517,47.420970754087286],[10.983600033047512,47.43001455498877],[10.928322686665695,47.47163892934558],[10.93886319077643,47.47983580070337],[10.911434005884127,47.485262312768775],[10.878543542640493,47.47928142548407],[10.869360262069293,47.4865817615168],[10.870541124316958,47.49921941043017],[10.900338330516718,47.52137840038393],[10.880042871694874,47.54209028042828],[10.871372716731438,47.562768557414444],[10.872825937902581,47.57245887800218],[10.926218294796133,47.58663947589232],[10.943194409998377,47.59730947379396],[10.954276516047175,47.61652032737423],[10.93518217664488,47.61685900684978],[10.88018828328718,47.654977072822334],[10.856312072350514,47.66199517477203],[10.845740480928393,47.66438364959894],[10.823636589766265,47.65693919536926],[10.797736376690727,47.65621337062545],[10.778099050747832,47.662223118479595],[10.82877463710791,47.71885769948853],[10.82910412905672,47.72779629810702],[10.793422060881522,47.71841055019193],[10.773784974232688,47.700057316578516],[10.734338913948145,47.685348799597726],[10.715888479371142,47.70548046176774],[10.718530119406925,47.71279917090686],[10.736087154057676,47.71716593639181],[10.733311204633845,47.74418576221904],[10.740807106533241,47.76777787804844],[10.762316046326749,47.76667679573081],[10.766320649312645,47.78509941565024],[10.748593070525196,47.79725586116064],[10.748397189460945,47.8113931674979],[10.758544130548247,47.83832267371843],[10.793904826010955,47.853880515300936],[10.839632296392388,47.85149037617572],[10.85450316833372,47.86705634022399],[10.873501684235734,47.871253239088624],[10.944931978882803,47.873241700342994],[10.959846645006653,47.86243057186775],[10.971861917172522,47.86331407003541],[10.982032765799156,47.86950720022327],[10.973978805267162,47.873766706904824],[10.974580916296784,47.883614802487955],[11.001079442165013,47.90365662861213],[11.026780671401301,47.90709512707374],[11.035204132517183,47.89860541544767],[11.070248309694144,47.899713560592495],[11.084568273921052,47.90691833712506],[11.094644494848408,47.923321476667276],[11.147497439586864,47.93799608130579],[11.149587799476876,47.95341256546291],[11.18162550233515,47.94996827164598],[11.21447416330392,47.93184473718155],[11.21018657095588,47.911753174595276],[11.18978141567077,47.89973488392619]]]}},{"type":"Feature","properties":{"district":"227 Deggendorf","constituency_code":"227","state":"Bavaria"},"geometry":{"type":"Polygon","coordinates":[[[13.492246100165213,48.94310056953188],[13.508245172356725,48.941959196551544],[13.507403506665087,48.96910325063102],[13.529236960679293,48.97410286210066],[13.580571256635427,48.97090664075251],[13.624124000445224,48.942356928513306],[13.65519741652317,48.89346551466774],[13.671602277411756,48.87982995406644],[13.716380720199963,48.87834817580464],[13.727755476144731,48.883555589315264],[13.752837442831984,48.85599917904823],[13.764451561342069,48.83539515652411],[13.794889318937056,48.82134584882594],[13.815318340206373,48.7969007268798],[13.808776311557997,48.77848787126581],[13.813180674297655,48.7737655737487],[13.832282876560107,48.770493936605305],[13.831462820906426,48.76030640546128],[13.812725000781068,48.72914672972983],[13.796722832589161,48.71309541761612],[13.780980378917974,48.71948485312958],[13.730730544274735,48.72036396822042],[13.721348011461421,48.705235100961985],[13.734282296434204,48.689907719571245],[13.719693394592111,48.685993275208915],[13.594485519296292,48.682678442925436],[13.554358828718795,48.69954081134997],[13.549579306570335,48.710490778025495],[13.50972408829695,48.729047852494965],[13.463333011637316,48.71611984930955],[13.447397776973366,48.71979291312398],[13.420138316735073,48.757592964541615],[13.35454137067654,48.75595798814729],[13.35002597499973,48.7395413928422],[13.33564377228443,48.73697548988725],[13.335120887233266,48.72591037746571],[13.350451645965677,48.71988429946329],[13.361306599415366,48.70395491615504],[13.362426168887412,48.67699961219541],[13.355936545757265,48.67177619047845],[13.298164394515192,48.6569237624832],[13.272334737459563,48.678728793777026],[13.23786306303488,48.68821444581971],[13.22890039505105,48.68398971668715],[13.215474893679218,48.666483512478266],[13.2016845994226,48.66034115655553],[13.157023717068613,48.65638063199864],[13.114434854149316,48.662782395892634],[13.109393738230386,48.680240660079726],[13.100496692389328,48.669876573447695],[13.097275784822903,48.642354835362106],[13.083997102268487,48.620863055293825],[13.039972523648617,48.62271722715004],[13.018387689152304,48.607904800083105],[12.994284775875158,48.60061311307639],[12.953199133875023,48.620100564313454],[12.944817779009764,48.652937121696745],[12.830022190488311,48.67745027826041],[12.796515559387501,48.71480269964741],[12.778683135026785,48.745688393605064],[12.762214200480871,48.79406148207542],[12.769653965384167,48.80551671738303],[12.749635787920983,48.81856464814365],[12.75900434586595,48.82869511513563],[12.772564420500755,48.83423163060889],[12.803570260814737,48.823004118904414],[12.820451276863833,48.82352629773251],[12.848788504766674,48.83972216050565],[12.850356136847033,48.846194641406356],[12.838595927025697,48.86553600511418],[12.836812545060615,48.89022825755006],[12.844046258526197,48.89703199473375],[12.874732090167301,48.90662271278173],[12.87600076420539,48.91161679915267],[12.86576555530554,48.923154400986874],[12.864051177978665,48.944544128307356],[12.891426626963288,48.954471234156124],[12.907827920403777,48.93890179763232],[12.919106339679434,48.935256323966605],[12.97864153818331,48.951452516632905],[13.009274515299266,48.94931909218949],[13.02524131927085,48.941876571682414],[13.02757077400188,48.9359923701059],[13.0282861317848,48.92300842353158],[13.013865609995031,48.92064366327621],[13.060668722065298,48.88252947121818],[13.107583737990506,48.88208954557682],[13.189442660461296,48.87226938665999],[13.203672612889907,48.86665120956436],[13.195463256779227,48.862773342773146],[13.225676734926681,48.8581682898275],[13.246571308146805,48.8610479218],[13.285471131343773,48.87787491452934],[13.284584149409456,48.89996526517454],[13.29109431706563,48.93193326133373],[13.279253125793351,48.951012518592414],[13.283235609328205,48.958005544731684],[13.301599587510466,48.95507994008325],[13.310412813498196,48.948927025867704],[13.327954684822972,48.94838481723382],[13.3582374280279,48.96574966383554],[13.365065972142663,48.98087600542186],[13.371340259880313,48.983370092856475],[13.421386238894002,48.97873248169808],[13.492246100165213,48.94310056953188]]]}},{"type":"Feature","properties":{"district":"228 Landshut","constituency_code":"228","state":"Bavaria"},"geometry":{"type":"Polygon","coordinates":[[[11.913739102629442,48.987540833667396],[11.931833446306316,48.964344321480695],[11.929914797841638,48.955355276979844],[12.01407214296908,48.95358891677571],[12.065426340011552,48.94369573957243],[12.081087021320895,48.93711990709889],[12.08052219965911,48.91079198700789],[12.088123051917213,48.90368528442607],[12.109808909294582,48.90646908410659],[12.1208238738046,48.898141135032475],[12.133730155552614,48.876650649652284],[12.12998747009466,48.86187147050514],[12.119496641113024,48.864543234845065],[12.105943764480452,48.85795667104714],[12.098468118444242,48.84332943013392],[12.108692752291871,48.80313440640485],[12.097077494284521,48.79114002984061],[12.09749606383063,48.771992154248494],[12.148212503408951,48.76185206054197],[12.206929491070023,48.74071762311008],[12.22515216576678,48.726862296578915],[12.257396906997336,48.721409544242604],[12.270480838871478,48.72715680625818],[12.269766374623062,48.73592078422454],[12.301030373766416,48.7469059439862],[12.309397672594672,48.73233207415764],[12.306807952610539,48.725582551793536],[12.329385636735331,48.72143497337856],[12.342321109870854,48.69283331162851],[12.376143475961463,48.684834559115394],[12.390182221716586,48.675861725643486],[12.385534253599813,48.64493340249142],[12.370126349489023,48.642081830140015],[12.354738565747205,48.62651756087237],[12.348959420596023,48.571834326309364],[12.338707911378682,48.57494628143058],[12.323573963672315,48.56787466122827],[12.318605776034143,48.54839282958694],[12.349033391942257,48.53435167580612],[12.358269108580563,48.52533898195044],[12.354550122951187,48.51858040750996],[12.331816761174181,48.5101908596384],[12.32655237844687,48.502104620464536],[12.356288862014624,48.48305134159169],[12.413699862544844,48.46210479696163],[12.42122322246914,48.455669150003665],[12.479978911403423,48.456035280470736],[12.483791114198203,48.42967570911662],[12.441725313060248,48.399203959493605],[12.43992490635167,48.386832657455976],[12.413501169210312,48.360968591831096],[12.390064538452698,48.360419296541984],[12.356120814034087,48.330084587919785],[12.31117868058223,48.31722513152076],[12.303223532189651,48.31686093660304],[12.303270462364464,48.32913605615357],[12.294611333004019,48.331696562925394],[12.26633559950153,48.32927535085549],[12.250550845503058,48.32194586429012],[12.24165402719872,48.32468581345647],[12.16527432874298,48.42035787658813],[12.148201670768412,48.42533554264934],[12.08425033949617,48.42626227259711],[12.023764710343993,48.41702289325595],[12.005773118973782,48.48167929269668],[11.99801617012402,48.49429452657082],[11.959552349748087,48.50260603612094],[11.969369975581927,48.51810677985771],[11.964222057085205,48.56765816887024],[11.958814953549705,48.578531083866984],[11.9441300521088,48.57467624612731],[11.898446572795761,48.58663035540974],[11.86587544062837,48.58291749523511],[11.799000669666954,48.61418291153707],[11.789847833201037,48.61428076896123],[11.774042769028691,48.599615099045494],[11.751417640986997,48.600889097608714],[11.69300402646246,48.618683608290794],[11.693560204393298,48.63364283268363],[11.70263943585481,48.634264253702234],[11.712819731196305,48.64803958110154],[11.691662927135614,48.67480022088803],[11.655588134227425,48.70086777085408],[11.65540616436658,48.74413948224932],[11.678341354137597,48.756193703723184],[11.696756500877498,48.78650811634991],[11.71999310421209,48.782196734053805],[11.736075097057933,48.79054591904408],[11.734486128315803,48.8115836506682],[11.726211330189384,48.81578716059225],[11.707138072788565,48.81259413101875],[11.703494498762078,48.833177060810435],[11.71069842816132,48.83577037159184],[11.743764582078565,48.87874276905316],[11.73903050136057,48.889877179871256],[11.70763733048501,48.918096832004224],[11.686154810650885,48.9303625583341],[11.66716396671279,48.92464414928414],[11.634672833241371,48.93263393877912],[11.599516773564073,48.95120946463088],[11.598018177468099,48.96040803136671],[11.613725627315421,49.00843908520683],[11.698587886542962,49.017393129876645],[11.723961222553516,49.00780793235344],[11.731737481057923,48.995496102765834],[11.771525485848546,48.98569683266035],[11.807160938633992,49.01872196021375],[11.864627115385142,49.0224071236878],[11.890568031139008,49.0131276391906],[11.913739102629442,48.987540833667396]]]}},{"type":"Feature","properties":{"district":"229 Passau","constituency_code":"229","state":"Bavaria"},"geometry":{"type":"Polygon","coordinates":[[[13.437471790846105,48.73313291496584],[13.447397776973366,48.71979291312398],[13.463333011637316,48.71611984930955],[13.51033829471979,48.728860201324956],[13.549579306570335,48.710490778025495],[13.554358828718795,48.69954081134997],[13.594485519296292,48.682678442925436],[13.719693394592111,48.685993275208915],[13.734282296434204,48.689907719571245],[13.721348011461421,48.705235100961985],[13.729474364033523,48.71968038537765],[13.780980378917974,48.71948485312958],[13.813621064988519,48.70097097717782],[13.825696248525748,48.618415266800596],[13.800608592900202,48.57315092814054],[13.772832642515642,48.55782773776516],[13.760150622784739,48.56547464378581],[13.754084224355806,48.56378094631503],[13.743515234788411,48.54412754416745],[13.747485637582908,48.539627784150476],[13.74327184637189,48.528230614832665],[13.72735945119419,48.51300820702639],[13.678911166919118,48.530170652161424],[13.65096183368389,48.54978044810166],[13.615518218694428,48.55877581195879],[13.566349339174135,48.56211057879372],[13.515269120392636,48.59076440202644],[13.50324248809274,48.57127398853778],[13.474582519469347,48.55605568762473],[13.463284945837872,48.5548557977627],[13.450062914606615,48.56396517661667],[13.439057088178396,48.55862438575035],[13.438022207329164,48.549544736689796],[13.458044486639274,48.51180020997193],[13.42751738571763,48.458503231871624],[13.439506714313957,48.43222416372215],[13.415319581544397,48.38010896030139],[13.328817393088269,48.323013659759745],[13.26140679100425,48.295042707544205],[13.177344844323574,48.29432923319407],[13.152301077088971,48.33955747135669],[13.120809177604047,48.34719291799952],[13.109743650474268,48.34164369874436],[13.09263757244102,48.352959881371355],[13.08107028147715,48.3701264594517],[13.090665180752966,48.385852385894815],[13.170523101593403,48.41021075098165],[13.174674179495153,48.41445585411335],[13.171963333193348,48.422726872565676],[13.126860777111865,48.44496100464458],[13.112688287907185,48.4869718266003],[13.085387420447365,48.48899014034634],[13.09753266389975,48.536931187271],[13.10375059154928,48.5397092650579],[13.09735111348575,48.54777742861218],[13.074189934511654,48.554679627288216],[13.04437047580855,48.5502134564113],[12.983559379502505,48.58553161646915],[12.992223560248645,48.59930088581601],[13.018387689152304,48.607904800083105],[13.039972523648617,48.62271722715004],[13.083997102268487,48.620863055293825],[13.097275784822903,48.642354835362106],[13.100496692389328,48.669876573447695],[13.109393738230386,48.680240660079726],[13.114434854149316,48.662782395892634],[13.157023717068613,48.65638063199864],[13.2016845994226,48.66034115655553],[13.215474893679218,48.666483512478266],[13.22890039505105,48.68398971668715],[13.23786306303488,48.68821444581971],[13.272334737459563,48.678728793777026],[13.298164394515192,48.6569237624832],[13.355936545757265,48.67177619047845],[13.362426168887412,48.67699961219541],[13.361306599415366,48.70395491615504],[13.350451645965677,48.71988429946329],[13.335120887233266,48.72591037746571],[13.33564377228443,48.73697548988725],[13.35002597499973,48.7395413928422],[13.35454137067654,48.75595798814729],[13.420138316735073,48.757592964541615],[13.437471790846105,48.73313291496584]]]}},{"type":"Feature","properties":{"district":"230 Rottal-Inn","constituency_code":"230","state":"Bavaria"},"geometry":{"type":"Polygon","coordinates":[[[12.778683135026785,48.745688393605064],[12.796515559387501,48.71480269964741],[12.830022190488311,48.67745027826041],[12.944817779009764,48.652937121696745],[12.953199133875023,48.620100564313454],[12.994284775875158,48.60061311307639],[12.983559379502505,48.58553161646915],[13.04437047580855,48.5502134564113],[13.074189934511654,48.554679627288216],[13.097722089882858,48.547363834797125],[13.10375059154928,48.5397092650579],[13.09753266389975,48.536931187271],[13.085387420447365,48.48899014034634],[13.112688287907185,48.4869718266003],[13.126860777111865,48.44496100464458],[13.168655968781069,48.42553298718383],[13.174674179495153,48.41445585411335],[13.138709066872533,48.39763336353903],[13.090665180752966,48.385852385894815],[13.08107028147715,48.3701264594517],[13.09263757244102,48.352959881371355],[13.109029733205885,48.3419214917043],[13.120809177604047,48.34719291799952],[13.152301077088971,48.33955747135669],[13.177344844323574,48.29432923319407],[13.144120773597264,48.28349070016152],[13.081262913827057,48.277209554715654],[13.022365445506578,48.257974622042504],[12.962832503072136,48.212233262439796],[12.93539279836608,48.20791516435513],[12.891852749665283,48.23650272349345],[12.894456367821487,48.245440977833475],[12.88655491897093,48.263521540826254],[12.821457325208115,48.315006122362135],[12.780166215605963,48.32749866390272],[12.753823926739498,48.32458639719111],[12.669394840449144,48.33379088937798],[12.641231816214352,48.3430052314396],[12.6406100794609,48.34805223652906],[12.619798819351104,48.35606361729823],[12.60729173017186,48.35363191741967],[12.594776283561385,48.3784343918623],[12.535452366419593,48.41616127924972],[12.483791114198203,48.42967570911662],[12.479978911403423,48.456035280470736],[12.42122322246914,48.455669150003665],[12.413699862544844,48.46210479696163],[12.356288862014624,48.48305134159169],[12.32655237844687,48.502104620464536],[12.331816761174181,48.5101908596384],[12.354550122951187,48.51858040750996],[12.358269108580563,48.52533898195044],[12.349033391942257,48.53435167580612],[12.318605776034143,48.54839282958694],[12.322590255998069,48.56693740467445],[12.338707911378682,48.57494628143058],[12.348959420596023,48.571834326309364],[12.354738565747205,48.62651756087237],[12.370126349489023,48.642081830140015],[12.385534253599813,48.64493340249142],[12.390182221716586,48.675861725643486],[12.376143475961463,48.684834559115394],[12.342321109870854,48.69283331162851],[12.329385636735331,48.72143497337856],[12.334678605870334,48.725152848505004],[12.397982870664318,48.75784220682733],[12.428281078730317,48.76531841277757],[12.521727702520279,48.756731461226714],[12.535870024441,48.74906034044056],[12.535606965591146,48.72490997494443],[12.5903992635977,48.72602476838994],[12.628369676823386,48.74320723828503],[12.654149881089745,48.74478883235253],[12.69825049269516,48.75825757196237],[12.725501544130625,48.77804901286422],[12.732568290320934,48.78992774196722],[12.751059288070179,48.79813862804465],[12.76400064726107,48.79791204102382],[12.778683135026785,48.745688393605064]]]}},{"type":"Feature","properties":{"district":"231 Straubing","constituency_code":"231","state":"Bavaria"},"geometry":{"type":"Polygon","coordinates":[[[13.209503862779084,49.121436153623115],[13.23636479411065,49.1135950603495],[13.282030678962876,49.120606548437756],[13.344314302494604,49.08889643311144],[13.397713011462681,49.050593626230054],[13.409321843943,49.0027744580961],[13.402174141905341,48.994238312728214],[13.402895553372737,48.987342734017936],[13.416651400755713,48.980035419406455],[13.371340259880313,48.983370092856475],[13.365065972142663,48.98087600542186],[13.3582374280279,48.96574966383554],[13.327954684822972,48.94838481723382],[13.310412813498196,48.948927025867704],[13.301599587510466,48.95507994008325],[13.283235609328205,48.958005544731684],[13.279253125793351,48.951012518592414],[13.29109431706563,48.93193326133373],[13.284584149409456,48.89996526517454],[13.285471131343773,48.87787491452934],[13.246571308146805,48.8610479218],[13.213644253229276,48.859092060127566],[13.195463256779227,48.862773342773146],[13.203672612889907,48.86665120956436],[13.189442660461296,48.87226938665999],[13.107583737990506,48.88208954557682],[13.06179164674256,48.88208970760286],[13.013865609995031,48.92064366327621],[13.0282861317848,48.92300842353158],[13.02757077400188,48.9359923701059],[13.02524131927085,48.941876571682414],[13.009274515299266,48.94931909218949],[12.97864153818331,48.951452516632905],[12.919106339679434,48.935256323966605],[12.907827920403777,48.93890179763232],[12.891426626963288,48.954471234156124],[12.864051177978665,48.944544128307356],[12.86576555530554,48.923154400986874],[12.87600076420539,48.91161679915267],[12.874732090167301,48.90662271278173],[12.844046258526197,48.89703199473375],[12.836812545060615,48.89022825755006],[12.838595927025697,48.86553600511418],[12.850356136847033,48.846194641406356],[12.838674594561526,48.8306851663311],[12.806700367084614,48.82263337899326],[12.772564420500755,48.83423163060889],[12.76245586982632,48.83023559962466],[12.749635787920983,48.81856464814365],[12.769653965384167,48.80551671738303],[12.76400064726107,48.79791204102382],[12.751059288070179,48.79813862804465],[12.732568290320934,48.78992774196722],[12.725501544130625,48.77804901286422],[12.69825049269516,48.75825757196237],[12.654149881089745,48.74478883235253],[12.628369676823386,48.74320723828503],[12.5903992635977,48.72602476838994],[12.535606965591146,48.72490997494443],[12.535870024441,48.74906034044056],[12.521727702520279,48.756731461226714],[12.428281078730317,48.76531841277757],[12.397982870664318,48.75784220682733],[12.329385636735331,48.72143497337856],[12.306807952610539,48.725582551793536],[12.309397672594672,48.73233207415764],[12.301030373766416,48.7469059439862],[12.269766374623062,48.73592078422454],[12.270480838871478,48.72715680625818],[12.257396906997336,48.721409544242604],[12.22515216576678,48.726862296578915],[12.206929491070023,48.74071762311008],[12.13351039943006,48.76608088293864],[12.127661712881206,48.7722474322555],[12.129704163268713,48.77958467313508],[12.185708955844584,48.79356566754835],[12.226398485198109,48.81483732817952],[12.241853192746628,48.831769625563446],[12.25971128013869,48.84250889503322],[12.313934346902824,48.86307690698085],[12.342818785940853,48.85997600294918],[12.357607287763436,48.85059013940443],[12.38804445344238,48.856816724981535],[12.42004934515245,48.87578535957973],[12.444335794033773,48.916603577227],[12.444031364146571,48.968957651885525],[12.455848522175568,48.98131617168119],[12.477094318973917,48.974383077442944],[12.489241255793024,48.98061842355161],[12.491274032675587,49.018056405285925],[12.473358707947806,49.039968096493084],[12.496574113208013,49.05596765229535],[12.530769569931335,49.06141653639832],[12.532897413863203,49.075864407824206],[12.554872927213015,49.08953582727153],[12.601406264347398,49.101962147491435],[12.685404485259788,49.10145173145865],[12.761407934620072,49.111928618379714],[12.768203076031986,49.1147607987683],[12.763761835226894,49.11856720077639],[12.767274806697534,49.12651414773132],[12.785675038933501,49.13487818812636],[12.79477596270654,49.127555891883986],[12.806784573084318,49.12576137487473],[12.840121624090767,49.13514890247542],[12.879492888360113,49.13755928640402],[12.891291152854,49.127930670196974],[12.919465615303052,49.131087387418056],[12.945214705442085,49.13907788874456],[12.97118177889178,49.16640752267766],[13.04832820672151,49.1552299168434],[13.065675465801103,49.14625688580776],[13.06819784095057,49.129476785164165],[13.12785807750928,49.11085716761208],[13.133486755913514,49.11175094779436],[13.134509237325545,49.12722231368047],[13.170573711595262,49.17344481238519],[13.176772215949633,49.161217955041],[13.169956653054715,49.143973243347766],[13.209503862779084,49.121436153623115]]]}},{"type":"Feature","properties":{"district":"232 Amberg","constituency_code":"232","state":"Bavaria"},"geometry":{"type":"Polygon","coordinates":[[[11.664570837174725,49.62439169891599],[11.736981607721896,49.62500005857598],[11.76971047133589,49.638026093949904],[11.788377161463437,49.652067567399925],[11.809396852864483,49.652942190550164],[11.83031477737911,49.64267482684258],[11.884586402873285,49.63733620209496],[11.912278586322948,49.64519127117026],[11.974396586410247,49.64015226858811],[11.993148529714787,49.6039859797953],[11.988356848313424,49.58750172431722],[12.104419509765567,49.56754007306873],[12.119641855462172,49.55621009828109],[12.115490065775072,49.54795514207916],[12.085715091270222,49.53877590397607],[12.072355450556156,49.52858784823729],[12.074087466612909,49.517784050647826],[12.090644976803876,49.501157564582286],[12.070024927680338,49.49168344603893],[12.038870590419645,49.485913007429325],[12.03375582116585,49.42970167550974],[11.976839177002653,49.43692199301269],[11.999596484070489,49.3921197743564],[12.020106529471619,49.39644256534324],[12.06077625578672,49.3871856823453],[12.062224829542272,49.352929924789755],[12.022388731180355,49.35496941928505],[11.999165082001399,49.350071709370035],[12.005964859551513,49.342927014906195],[12.000232483241449,49.32472114128255],[11.973921554542361,49.31464129620679],[11.966617997216142,49.30439911452018],[11.954811640150972,49.21479046897602],[11.9442391978758,49.21440521389733],[11.934220342879836,49.221074296966194],[11.935903545904415,49.195070415726306],[11.906539727723368,49.17341898150756],[11.867313203983693,49.169639878620146],[11.860008418506103,49.15533461842679],[11.84337563684446,49.151073052896734],[11.824470157422724,49.15932266552571],[11.814229889591738,49.17264064579066],[11.808329531518488,49.1736362574119],[11.794594574085872,49.16494341223933],[11.793645029470566,49.15409601410307],[11.786542491305285,49.145433548584165],[11.749144853723708,49.12309683342199],[11.746165127068785,49.11917182233141],[11.749910319764556,49.10502456112962],[11.701371706089718,49.09531867914985],[11.676988476426423,49.079583435753335],[11.659785192934823,49.01612932808723],[11.649243386974387,49.009320848760105],[11.613725627315421,49.00843908520683],[11.598018177468099,48.96040803136671],[11.599516773564073,48.95120946463088],[11.52950593507447,49.03006120240668],[11.52512822892264,49.04424178953552],[11.543297757832446,49.066328028654596],[11.504282602524274,49.07689460776512],[11.487521610315433,49.063442982687405],[11.461258594256403,49.06098214457708],[11.42823879277099,49.066460127580484],[11.399027822995627,49.08056906490221],[11.385713791319613,49.07885820257946],[11.355246672951862,49.11673076595055],[11.325081349406224,49.11731683042893],[11.31872875348034,49.128976217033376],[11.327750986250104,49.14193502958069],[11.326196643804215,49.15284878226343],[11.31364877396311,49.17806453835019],[11.28684624630485,49.18277145235702],[11.270188107889172,49.19226024371736],[11.261688159624885,49.208492006928495],[11.291815306473502,49.21043339784679],[11.303515468109785,49.2204342059881],[11.30295728703362,49.243790705596936],[11.29217084165869,49.26712104799699],[11.274438840919329,49.27400042042595],[11.214800979933653,49.27505228033054],[11.185988267207108,49.30040162717494],[11.24717621044439,49.32535278502424],[11.292598709444526,49.31729646095751],[11.334498877810276,49.30306148748625],[11.383113742073713,49.32759728569604],[11.393714439316932,49.35659792230034],[11.446090686736474,49.416049347749215],[11.4683754824016,49.42312487073625],[11.536858309268162,49.41055458806538],[11.558995110080454,49.41649339194941],[11.557222047257406,49.4329928027049],[11.580856711331835,49.45342421366224],[11.59624777382363,49.47409429497314],[11.589172642472578,49.48596668754355],[11.533857847793067,49.50741354081594],[11.532209158784344,49.51104535442664],[11.54436932277385,49.522503530712285],[11.543278263797317,49.53902296755361],[11.510854190643009,49.55320895329109],[11.531440417488865,49.563225519683876],[11.544411663197417,49.559912475553475],[11.55408435977829,49.56514892615452],[11.566425643561232,49.583873072884685],[11.551700068525678,49.605801999290364],[11.580373497064485,49.616895297145994],[11.590544467570453,49.611732290764756],[11.600059008269845,49.622050020930615],[11.564951582132963,49.686041700496766],[11.552725434175542,49.691302427133714],[11.564029304421389,49.72240894170886],[11.595636942053238,49.735379350709344],[11.59880352522074,49.74507509502947],[11.592920900908863,49.75193408146729],[11.596841094792813,49.75512639492618],[11.630662508650154,49.76057096998292],[11.642049131618501,49.75060449882061],[11.657319570725845,49.70238435459908],[11.658601512883363,49.67235541853768],[11.640467481872335,49.63175406784126],[11.664570837174725,49.62439169891599]]]}},{"type":"Feature","properties":{"district":"233 Regensburg","constituency_code":"233","state":"Bavaria"},"geometry":{"type":"Polygon","coordinates":[[[12.199552878644809,49.1810838319057],[12.2281523873823,49.17832544364045],[12.248688733492934,49.15804197794867],[12.288452406891551,49.16601612065028],[12.311049459360529,49.15247202799061],[12.324299550615606,49.1339652824826],[12.309889196259945,49.12557952304167],[12.325182444120943,49.088082445720175],[12.36962905247749,49.08756477850453],[12.385258439663039,49.09420365572011],[12.373037452527798,49.10338825332712],[12.397171960028208,49.102064152584724],[12.423559953043393,49.09404691047388],[12.439508451922762,49.05927506385499],[12.42302911598984,49.05217269007296],[12.46292587036759,49.03009256127787],[12.479026273154416,49.03198609995654],[12.48943880610075,49.02199399784519],[12.489241255793024,48.98061842355161],[12.477094318973917,48.974383077442944],[12.455848522175568,48.98131617168119],[12.444031364146571,48.968957651885525],[12.444335794033773,48.916603577227],[12.42004934515245,48.87578535957973],[12.38804445344238,48.856816724981535],[12.357607287763436,48.85059013940443],[12.342818785940853,48.85997600294918],[12.313934346902824,48.86307690698085],[12.25971128013869,48.84250889503322],[12.241853192746628,48.831769625563446],[12.226398485198109,48.81483732817952],[12.185708955844584,48.79356566754835],[12.129704163268713,48.77958467313508],[12.127661712881206,48.7722474322555],[12.13351039943006,48.76608088293864],[12.09749606383063,48.771992154248494],[12.096865159710736,48.78882229564621],[12.108692752291871,48.80313440640485],[12.099005334618116,48.844743014957785],[12.105943764480452,48.85795667104714],[12.119496641113024,48.864543234845065],[12.12998747009466,48.86187147050514],[12.132941600441097,48.87955885031133],[12.109808909294582,48.90646908410659],[12.088123051917213,48.90368528442607],[12.08052219965911,48.91079198700789],[12.081087021320895,48.93711990709889],[12.076359933778155,48.94016837739561],[12.01407214296908,48.95358891677571],[11.929914797841638,48.955355276979844],[11.931833446306316,48.964344321480695],[11.890568031139008,49.0131276391906],[11.864627115385142,49.0224071236878],[11.807160938633992,49.01872196021375],[11.771525485848546,48.98569683266035],[11.731737481057923,48.995496102765834],[11.723961222553516,49.00780793235344],[11.698587886542962,49.017393129876645],[11.661625681264875,49.0130428204138],[11.659785192934823,49.01612932808723],[11.676190162464504,49.07885418956649],[11.701371706089718,49.09531867914985],[11.749910319764556,49.10502456112962],[11.746165127068785,49.11917182233141],[11.749144853723708,49.12309683342199],[11.786542491305285,49.145433548584165],[11.793645029470566,49.15409601410307],[11.794594574085872,49.16494341223933],[11.808329531518488,49.1736362574119],[11.814229889591738,49.17264064579066],[11.824470157422724,49.15932266552571],[11.84337563684446,49.151073052896734],[11.860008418506103,49.15533461842679],[11.867313203983693,49.169639878620146],[11.906539727723368,49.17341898150756],[11.935903545904415,49.195070415726306],[11.949901525482034,49.18945640256004],[11.999906189042083,49.18593791936653],[12.011907647871883,49.175178616348354],[12.009488333160508,49.169786194546624],[12.02940186230083,49.15955695457691],[12.098483418773581,49.143352475275485],[12.118370431486445,49.16876225593335],[12.151423255722117,49.18115511234402],[12.151524246213402,49.20532899562552],[12.175755917337751,49.224151959979416],[12.180512034835566,49.22266826628208],[12.186996517386483,49.19720754062729],[12.199552878644809,49.1810838319057]]]}},{"type":"Feature","properties":{"district":"234 Schwandorf","constituency_code":"234","state":"Bavaria"},"geometry":{"type":"Polygon","coordinates":[[[12.243305841292935,49.5673190695342],[12.23624750595952,49.56345031780621],[12.259955113991092,49.54050183778523],[12.298518092119537,49.5206221779556],[12.349105958702578,49.503905474850164],[12.373951325979698,49.52157451238836],[12.413419019058322,49.53200847303289],[12.43127796110478,49.52743892998486],[12.45293188522805,49.53193511265506],[12.48336727591413,49.55102326711066],[12.52859435674532,49.53493919077868],[12.565961766862035,49.551852024414465],[12.59377843744098,49.54219134660496],[12.58850169061286,49.53853616255464],[12.614543332951314,49.52824193842713],[12.628568954429271,49.52681747842443],[12.636963072585024,49.53150084480386],[12.644175878805235,49.523057292050765],[12.643923617054838,49.48533506976494],[12.633763692304525,49.47619501604459],[12.64890858032449,49.467744824266425],[12.657977984285875,49.45050827656208],[12.657152718120564,49.436160664367456],[12.678895413604993,49.4263108075206],[12.713346591061862,49.41942059369608],[12.757644913815625,49.394530027845086],[12.760984919697485,49.38260124101234],[12.757846948616153,49.37538338148183],[12.778810244723063,49.34807853770602],[12.871190623146783,49.33443332608178],[12.884050395109329,49.34074958486343],[12.880237337566093,49.35052349504038],[12.886080707537355,49.35111974083615],[12.94997097221594,49.342870314968565],[12.972595292538807,49.33388783056384],[13.029210643979633,49.304519821640405],[13.03061810250881,49.287594024512394],[13.025844073455263,49.27922294268283],[13.036017515438216,49.26474590677844],[13.073045414652917,49.246316453894536],[13.129336381792658,49.196858175280425],[13.16189416671557,49.17462333187006],[13.170573711595262,49.17344481238519],[13.134509237325545,49.12722231368047],[13.133486755913514,49.11175094779436],[13.110807519683894,49.11321813394192],[13.06819784095057,49.129476785164165],[13.065675465801103,49.14625688580776],[13.04832820672151,49.1552299168434],[12.97118177889178,49.16640752267766],[12.945214705442085,49.13907788874456],[12.919465615303052,49.131087387418056],[12.891291152854,49.127930670196974],[12.879492888360113,49.13755928640402],[12.840121624090767,49.13514890247542],[12.806784573084318,49.12576137487473],[12.79477596270654,49.127555891883986],[12.785675038933501,49.13487818812636],[12.767274806697534,49.12651414773132],[12.763761835226894,49.11856720077639],[12.768203076031986,49.1147607987683],[12.761407934620072,49.111928618379714],[12.685404485259788,49.10145173145865],[12.626618447407923,49.1040595768939],[12.58795268405885,49.09919948306963],[12.542003828521004,49.08327483725342],[12.531915326093307,49.07465853590255],[12.530769569931335,49.06141653639832],[12.496574113208013,49.05596765229535],[12.473358707947806,49.039968096493084],[12.479026273154416,49.03198609995654],[12.46292587036759,49.03009256127787],[12.42302911598984,49.05217269007296],[12.439508451922762,49.05927506385499],[12.423559953043393,49.09404691047388],[12.397171960028208,49.102064152584724],[12.373037452527798,49.10338825332712],[12.385258439663039,49.09420365572011],[12.36962905247749,49.08756477850453],[12.325182444120943,49.088082445720175],[12.309889196259945,49.12557952304167],[12.324299550615606,49.1339652824826],[12.311049459360529,49.15247202799061],[12.288452406891551,49.16601612065028],[12.248688733492934,49.15804197794867],[12.2281523873823,49.17832544364045],[12.199552878644809,49.1810838319057],[12.186996517386483,49.19720754062729],[12.180512034835566,49.22266826628208],[12.172117497391923,49.222622690942366],[12.151524246213402,49.20532899562552],[12.151423255722117,49.18115511234402],[12.118370431486445,49.16876225593335],[12.098483418773581,49.143352475275485],[12.02940186230083,49.15955695457691],[12.009488333160508,49.169786194546624],[12.011907647871883,49.175178616348354],[11.999906189042083,49.18593791936653],[11.949901525482034,49.18945640256004],[11.935903545904415,49.195070415726306],[11.934220342879836,49.221074296966194],[11.9442391978758,49.21440521389733],[11.954811640150972,49.21479046897602],[11.968194494544488,49.30871513898585],[12.000232483241449,49.32472114128255],[12.005964859551513,49.342927014906195],[11.999165082001399,49.350071709370035],[12.022388731180355,49.35496941928505],[12.062224829542272,49.352929924789755],[12.06077625578672,49.3871856823453],[12.020106529471619,49.39644256534324],[11.999596484070489,49.3921197743564],[11.976839177002653,49.43692199301269],[12.03375582116585,49.42970167550974],[12.038870590419645,49.485913007429325],[12.070024927680338,49.49168344603893],[12.090644976803876,49.501157564582286],[12.074087466612909,49.517784050647826],[12.073145057034209,49.52989956929952],[12.085715091270222,49.53877590397607],[12.183891863404261,49.56995649281113],[12.184504572186867,49.581456452363625],[12.179735658484166,49.58201331950737],[12.193845972210477,49.59355494233362],[12.22413430557061,49.58855292462541],[12.245883367007822,49.575009143328046],[12.243305841292935,49.5673190695342]]]}},{"type":"Feature","properties":{"district":"235 Weiden","constituency_code":"235","state":"Bavaria"},"geometry":{"type":"Polygon","coordinates":[[[12.31120110347003,50.05539737389771],[12.318179831519906,50.052937482714626],[12.325252664895539,50.03662476432707],[12.379620795276649,50.01404321022368],[12.489875313450959,49.98175205467634],[12.499331494080755,49.97198321113384],[12.490338374533362,49.95854112024503],[12.494055584353593,49.935795369967366],[12.54782478853254,49.9202695366522],[12.551555467835541,49.9085378099218],[12.548156643728225,49.898563568208175],[12.521871473045874,49.88172603869222],[12.47553919573115,49.82699164327294],[12.466735943084432,49.80587745218021],[12.465732701033712,49.79505891817709],[12.470033029234404,49.79214042523077],[12.467043025010456,49.78538833764585],[12.404250887559833,49.76231273986866],[12.400743134376475,49.755531837527485],[12.40636557209043,49.739481213001895],[12.442886118756334,49.70369987258348],[12.52174452936593,49.68665193069484],[12.527120334318827,49.67050917394067],[12.518767964127187,49.642876112580964],[12.52816852439722,49.61818385354281],[12.560450651158952,49.61963451901366],[12.570906212508792,49.568450974914825],[12.59377843744098,49.54219134660496],[12.565961766862035,49.551852024414465],[12.52859435674532,49.53493919077868],[12.48336727591413,49.55102326711066],[12.45293188522805,49.53193511265506],[12.43127796110478,49.52743892998486],[12.413419019058322,49.53200847303289],[12.373951325979698,49.52157451238836],[12.349105958702578,49.503905474850164],[12.298518092119537,49.5206221779556],[12.259955113991092,49.54050183778523],[12.23624750595952,49.56345031780621],[12.245883367007822,49.575009143328046],[12.22413430557061,49.58855292462541],[12.193845972210477,49.59355494233362],[12.179735658484166,49.58201331950737],[12.184504572186867,49.581456452363625],[12.183891863404261,49.56995649281113],[12.115490065775072,49.54795514207916],[12.119231537392285,49.55879848279793],[12.104419509765567,49.56754007306873],[11.988356848313424,49.58750172431722],[11.993148529714787,49.6039859797953],[11.974396586410247,49.64015226858811],[11.912278586322948,49.64519127117026],[11.884586402873285,49.63733620209496],[11.83031477737911,49.64267482684258],[11.809396852864483,49.652942190550164],[11.788377161463437,49.652067567399925],[11.76971047133589,49.638026093949904],[11.736981607721896,49.62500005857598],[11.664570837174725,49.62439169891599],[11.640467481872335,49.63175406784126],[11.658601512883363,49.67235541853768],[11.653871093914407,49.71867817584783],[11.642049131618501,49.75060449882061],[11.628742610183407,49.76395521046927],[11.635584232335072,49.803881911000126],[11.642782493396002,49.80780474916168],[11.696634553105827,49.803534150773],[11.700042213008638,49.81186626424772],[11.738184672958546,49.840241693925435],[11.796456015027983,49.839313146150815],[11.835174598522695,49.8486641094277],[11.8548353430161,49.84710878229465],[11.850082259724715,49.88554330804235],[11.855066484352339,49.89232285401628],[11.822052986208702,49.93177313207831],[11.812449950071194,49.93284702037489],[11.811675349067743,49.95828548203044],[11.81584929241976,49.96343847312172],[11.863891105326854,49.96098399389022],[11.899319144383838,49.96987710962422],[11.903691611091714,49.979020000049175],[11.913770568946443,49.97072463863219],[12.035052845613757,49.98651494415805],[12.077126341133988,49.985445812432545],[12.09335612780427,49.977903847366946],[12.10439328583519,49.97869396721115],[12.19030539212182,50.000698086753346],[12.199562647315139,50.00888505035105],[12.200443054103726,50.0197973390304],[12.220037705235283,50.0335879917284],[12.2412450850852,50.03543533314753],[12.25757078536181,50.04914367237044],[12.260799193094039,50.05815667340285],[12.31120110347003,50.05539737389771]]]}},{"type":"Feature","properties":{"district":"236 Bamberg","constituency_code":"236","state":"Bavaria"},"geometry":{"type":"Polygon","coordinates":[[[10.851981341518469,49.9490318017641],[10.855844273622667,49.943540572807976],[10.870247851493446,49.94020174058164],[10.8943113238738,49.95048567862273],[10.894572573741355,49.9601027132998],[10.918607181114838,49.96537028931707],[10.944062144749998,49.95340669015905],[10.946641165703324,49.942959904929495],[10.930088114288631,49.94247476690372],[10.922122483996803,49.94817275388743],[10.907587659457285,49.944212951591204],[10.91347488037824,49.92544175705221],[10.931427837523174,49.92115552618855],[10.949344731940293,49.923704402221325],[11.003630263938351,49.89658484905425],[11.039779764301082,49.89345010724692],[11.072071809554346,49.90276005922219],[11.08513816798597,49.88080986961962],[11.095780449132546,49.838990009685915],[11.104419361199003,49.83570545898635],[11.13775040839432,49.839985928859804],[11.14358591625792,49.818881818636825],[11.134521452194994,49.79608927822608],[11.118380112715446,49.78395138219196],[11.11573197490089,49.77473488114784],[11.120724523503625,49.766601438668516],[11.15730499526741,49.75406067251753],[11.191382853041363,49.71579208694924],[11.204752813273704,49.710689503894606],[11.22443377853727,49.67648525086546],[11.223649688628067,49.67140704726386],[11.17797379948857,49.66468110339986],[11.23600125196838,49.637247583000395],[11.258389749398502,49.619951986163635],[11.287600993106013,49.618645861233524],[11.280304474291263,49.60430160911442],[11.25917133642104,49.60465231578373],[11.187430447860185,49.58891708982925],[11.110714767142174,49.589357349264574],[11.082005145532491,49.60572939213295],[11.07613584906852,49.61608743223441],[11.080071274689626,49.62660228608847],[11.048568104856145,49.64505834438839],[11.053003709168918,49.65839672285544],[11.0444303399916,49.67707028819758],[11.027849994776318,49.67089607906098],[11.003457684631096,49.67401196799658],[10.922055345220231,49.70708304328528],[10.923073504855342,49.713952684003836],[10.936952454056119,49.72805182775385],[10.934019442989735,49.754981289001186],[10.930235422870927,49.76652055414702],[10.910472583827561,49.77997857656704],[10.87053873983417,49.77035679474606],[10.85650559085648,49.75878695527839],[10.825544736806359,49.74579880549295],[10.80041244587841,49.74757749027994],[10.775674228597707,49.76738797156266],[10.715067517174736,49.787905466947315],[10.671863084539492,49.756598704425286],[10.707763111460633,49.74763200282111],[10.704876899578565,49.73511397992064],[10.65441732844412,49.72112327073788],[10.632320456113485,49.73913531906176],[10.618576917790932,49.73888061791565],[10.551435786607323,49.75577252838291],[10.55368034660665,49.77014458305991],[10.531922836292699,49.79371854504557],[10.513566043185556,49.8006136887551],[10.489369948327235,49.78642622733627],[10.469624456810033,49.78642266291857],[10.449859633713354,49.817967107502355],[10.454796868188502,49.83148230446817],[10.445130428115373,49.84347075973502],[10.452948478804586,49.87218312846217],[10.459388033235086,49.87881629355023],[10.497995462849758,49.871608044818984],[10.503494010169353,49.87146405950259],[10.505248550372796,49.87668216703286],[10.5569366839005,49.873483154017144],[10.56143833461603,49.866724178701354],[10.605146373606985,49.85524819866134],[10.629300228278526,49.86413017350089],[10.631835391473253,49.869885250942204],[10.689621958919028,49.89903455190702],[10.702283091583011,49.91868909941414],[10.714202904030241,49.92311181153005],[10.767916387703377,49.88956535665298],[10.833301920567077,49.87822741790887],[10.836244297987045,49.94775675292045],[10.832126320367747,49.94706705802191],[10.815428346160408,49.96464983397055],[10.833547797456411,49.974738013517495],[10.851981341518469,49.9490318017641]]]}},{"type":"Feature","properties":{"district":"237 Bayreuth","constituency_code":"237","state":"Bavaria"},"geometry":{"type":"Polygon","coordinates":[[[11.778446331121287,50.124575810092274],[11.789113903537446,50.103248023382555],[11.80596931820927,50.09907028915558],[11.818551629005018,50.088235407993565],[11.808480038228243,50.08413981323876],[11.867215461431948,50.041949924778386],[11.873424182586001,50.034406465481126],[11.870878441040304,50.03140450758627],[11.87764565146159,50.01287569378427],[11.903691611091714,49.979020000049175],[11.899319144383838,49.96987710962422],[11.863891105326854,49.96098399389022],[11.81584929241976,49.96343847312172],[11.811675349067743,49.95828548203044],[11.812449950071194,49.93284702037489],[11.822052986208702,49.93177313207831],[11.855066484352339,49.89232285401628],[11.850082259724715,49.88554330804235],[11.8548353430161,49.84710878229465],[11.835174598522695,49.8486641094277],[11.796456015027983,49.839313146150815],[11.738184672958546,49.840241693925435],[11.700042213008638,49.81186626424772],[11.696634553105827,49.803534150773],[11.642782493396002,49.80780474916168],[11.635584232335072,49.803881911000126],[11.630662508650154,49.76057096998292],[11.594014089483027,49.753579103367024],[11.59880352522074,49.74507509502947],[11.595636942053238,49.735379350709344],[11.564029304421389,49.72240894170886],[11.54137918770215,49.694421362928665],[11.555942462552396,49.6745646789109],[11.55462305270744,49.64938729690771],[11.541665982847478,49.64145969775645],[11.513496804914936,49.64986778464],[11.498206355126303,49.648249154648866],[11.437012566588317,49.627593017489204],[11.42698892842602,49.61424305861674],[11.396901086966686,49.62607359048176],[11.374373883677196,49.66955229134823],[11.345870569902623,49.66082570309698],[11.332358204136627,49.637038992574965],[11.296696428233014,49.61767352058895],[11.272686502433661,49.61688634733358],[11.258389749398502,49.619951986163635],[11.23600125196838,49.637247583000395],[11.17797379948857,49.66468110339986],[11.223649688628067,49.67140704726386],[11.22443377853727,49.67648525086546],[11.204752813273704,49.710689503894606],[11.191382853041363,49.71579208694924],[11.15730499526741,49.75406067251753],[11.120724523503625,49.766601438668516],[11.11573197490089,49.77473488114784],[11.118380112715446,49.78395138219196],[11.134521452194994,49.79608927822608],[11.140597526545678,49.808651038651206],[11.14358591625792,49.818881818636825],[11.136181776209698,49.83815930475837],[11.141238414618734,49.84486074869094],[11.169966677771036,49.8446951021969],[11.169424494555601,49.8387961582464],[11.18502965518941,49.835662155950814],[11.230823270236524,49.84019949391551],[11.225828743520802,49.85750619417742],[11.238110012775042,49.87047321901716],[11.233325172997485,49.87523674363401],[11.198496622338135,49.88123214563043],[11.192750161203328,49.90061144242125],[11.211161077946453,49.925465558078706],[11.213023110255248,49.93623278476556],[11.207787112425217,49.94407517669917],[11.194018133349083,49.948298679132385],[11.19577405989171,49.953938339301494],[11.21500723745167,49.96799925910106],[11.248632430567717,49.98259328831311],[11.246397934103955,49.98956302239563],[11.256807430217295,49.99995857172824],[11.272960364855681,49.99069972826819],[11.28051691449327,49.96989089874742],[11.316776391569931,49.963599492560895],[11.343985735670238,49.95319798266559],[11.364451341246237,49.93832448039914],[11.385307759656465,49.934628242646774],[11.41198656831992,49.96062803206943],[11.415082514532013,49.97651119834989],[11.444469395450037,49.98648404105379],[11.46654775511772,49.98311381081475],[11.577653804112312,50.00830217570106],[11.595810594742046,50.018225093182274],[11.602585816608322,50.03091918370646],[11.63749690375256,50.04500074781433],[11.643879914947448,50.07265163034582],[11.683311627493563,50.08736725257383],[11.674636837052661,50.104679647456024],[11.678085240116854,50.12460263507088],[11.745826291238496,50.12022232638955],[11.778446331121287,50.124575810092274]]]}},{"type":"Feature","properties":{"district":"238 Coburg","constituency_code":"238","state":"Bavaria"},"geometry":{"type":"Polygon","coordinates":[[[11.439018219336647,50.496145982803576],[11.436031952935343,50.49218012050182],[11.422129960455823,50.493520675568085],[11.416907720644588,50.46991406074052],[11.420630678017512,50.44336648257766],[11.451254292819417,50.43103282541839],[11.481567953561687,50.431621690224695],[11.478737316705296,50.40121589150093],[11.530342345438296,50.37906108771692],[11.5495891411159,50.383935127937846],[11.572118633208426,50.39987955858981],[11.593822543481295,50.40268972966962],[11.603290254395981,50.398765936483876],[11.60266171278862,50.370777526167885],[11.608941771104288,50.353088996787385],[11.620462293697448,50.341351130398635],[11.617580250616259,50.33308255883369],[11.59223512081573,50.32167332865724],[11.578760159247471,50.3285855280816],[11.569140825138858,50.34696030299246],[11.556573040477161,50.35528312389243],[11.541077778720256,50.355478529668275],[11.528595685146266,50.32881176820029],[11.558311753833038,50.30565885942034],[11.56302792690429,50.287402531898366],[11.536349553115574,50.27557079149767],[11.541264117261248,50.26541216365202],[11.485854780248289,50.24522384680184],[11.415694339156435,50.20037431807638],[11.430777222524874,50.188951170844064],[11.432453880133014,50.181595107834106],[11.396667167754444,50.175807289745855],[11.382300473798537,50.186770478261494],[11.393889407024611,50.18820126773861],[11.392871399079853,50.19291517029029],[11.376655178040892,50.1929414639783],[11.36234440562627,50.18371921734275],[11.361375437876156,50.17131833487995],[11.342196033901077,50.160312627237644],[11.281515638517392,50.16086002362893],[11.217855742942909,50.202270829059934],[11.198185077092083,50.20209547893824],[11.179730416970601,50.185110766592025],[11.159921809009367,50.18857377980281],[11.160309680433219,50.19325935232183],[11.153005158053526,50.198159995492546],[11.102573768583769,50.210439280635576],[11.066907788915126,50.21068428464849],[11.034062949601843,50.21864301931675],[10.998492349489801,50.21524022582461],[10.984339061664402,50.20929054636223],[11.009157098100607,50.19388706285302],[11.00787420221279,50.17756218889819],[10.952817293364026,50.17087408660591],[10.924663779432215,50.14798446677148],[10.922083453225062,50.141272924365445],[10.947731109567915,50.1279221882887],[10.948576197191615,50.12258339767366],[10.937457130935957,50.11271131391415],[10.916921012136685,50.11946410972151],[10.890641600267923,50.11106336835939],[10.880408140121066,50.0946686946938],[10.884773417228198,50.09314252854548],[10.860116322069116,50.09178525004356],[10.86013191374824,50.115374300711636],[10.871747066401767,50.12802343547663],[10.877636244344869,50.14514419561022],[10.85179821933152,50.157517011116205],[10.808384042409148,50.14904072390352],[10.802572857400621,50.14681589030241],[10.804369595047653,50.14099882431367],[10.777788471994851,50.14893014222258],[10.773120001390838,50.164893720615076],[10.780158404574111,50.19439718822196],[10.760488093656734,50.22119295808878],[10.727018281007464,50.230891397452545],[10.726495207675768,50.24756469749227],[10.732167774792934,50.251837944106924],[10.784366730659151,50.248506484174946],[10.825232853151347,50.237610088677116],[10.847652555021815,50.24502099609166],[10.851494415082106,50.26276264583818],[10.845237308390097,50.27246593521832],[10.80170833968627,50.28332749668541],[10.72731487095316,50.31862522628229],[10.71293209527005,50.34903346292093],[10.715266572741129,50.36359110642087],[10.754509496251345,50.35817190840026],[10.786950623242111,50.3836918648067],[10.887490206142019,50.39134305906356],[10.937634647315814,50.391905112048974],[10.959681308406983,50.3753077962908],[11.031702753167885,50.35513081804177],[11.036863469782887,50.345209314380604],[11.081951467393651,50.35389926947722],[11.089737220256403,50.36588673231634],[11.115304909543886,50.3670069007748],[11.159197357840325,50.330391990663955],[11.13175461271386,50.3080876747722],[11.145922827649839,50.284956467190476],[11.17547053380725,50.270335851481974],[11.187139425829333,50.26955572403152],[11.197848292393704,50.29185636902893],[11.251590856865807,50.26868367405274],[11.259777956490057,50.27494627842109],[11.266675814794699,50.309713426714794],[11.257409996482469,50.32328984598257],[11.26622580017714,50.35199790319899],[11.284252879000487,50.360307431755594],[11.260864492343512,50.40223335878414],[11.268013487070146,50.43221228479792],[11.245605238814933,50.46960003516957],[11.247715246288722,50.47841412230682],[11.311121256872644,50.4893271519861],[11.349754575500107,50.520703538306215],[11.369787978175077,50.52323971227726],[11.42460910906939,50.51587873488816],[11.44057694057191,50.50071341545469],[11.439018219336647,50.496145982803576]]]}},{"type":"Feature","properties":{"district":"239 Hof","constituency_code":"239","state":"Bavaria"},"geometry":{"type":"Polygon","coordinates":[[[11.9782272713699,50.391363563211854],[11.984691655768824,50.37541442504672],[11.982554632803652,50.356666570332266],[12.02439277060677,50.3398038694151],[12.033299172320028,50.32970712286321],[12.091343377398243,50.33260968533667],[12.10019899938615,50.318327943803126],[12.12511679505228,50.30561243212123],[12.13989275501928,50.2775752523516],[12.102472124361128,50.26329975945958],[12.091313555698505,50.25132376434921],[12.126988390380284,50.23249089318805],[12.151332130944391,50.23572460231278],[12.16067920987562,50.21984910781246],[12.17526842077812,50.21277894945146],[12.201260709736353,50.188789518790166],[12.215647812908857,50.16810034749412],[12.19521615029742,50.143043629821506],[12.19685340245687,50.12273408741076],[12.203723937237818,50.108295447276824],[12.210125696456641,50.101900081937494],[12.244173920657653,50.094464753104546],[12.266601565538846,50.078406574290284],[12.267875259542967,50.0705750437177],[12.25757078536181,50.04914367237044],[12.2412450850852,50.03543533314753],[12.220037705235283,50.0335879917284],[12.200443054103726,50.0197973390304],[12.199562647315139,50.00888505035105],[12.19030539212182,50.000698086753346],[12.10439328583519,49.97869396721115],[12.09335612780427,49.977903847366946],[12.077126341133988,49.985445812432545],[12.035052845613757,49.98651494415805],[11.913770568946443,49.97072463863219],[11.87764565146159,50.01287569378427],[11.870878441040304,50.03140450758627],[11.873424182586001,50.034406465481126],[11.867215461431948,50.041949924778386],[11.808480038228243,50.08413981323876],[11.818551629005018,50.088235407993565],[11.80596931820927,50.09907028915558],[11.789113903537446,50.103248023382555],[11.775295903844265,50.12676997350791],[11.745826291238496,50.12022232638955],[11.678085240116854,50.12460263507088],[11.65310569650719,50.11560690581926],[11.642311728681289,50.12873586486578],[11.648188797983831,50.14017694373567],[11.674662526850364,50.14007014481334],[11.689782924255043,50.15893667122678],[11.683682534705145,50.16255432911253],[11.667286490353781,50.15774658128865],[11.651200532013004,50.162075790150965],[11.659661974278619,50.176369883188904],[11.677743228886865,50.18165638849606],[11.67489303369656,50.199457704666635],[11.655741210738116,50.221698834012535],[11.634359326605587,50.231315872],[11.60867304812102,50.23128825143543],[11.62138308168091,50.257269121710856],[11.629345598118592,50.25802784597089],[11.626739564938836,50.26292165649332],[11.605314090092515,50.26813326612384],[11.583038649353828,50.25489313467307],[11.570321753380192,50.25546244859934],[11.543166037133034,50.263181292980036],[11.536254431616259,50.274437860533716],[11.56302792690429,50.287402531898366],[11.558311753833038,50.30565885942034],[11.528595685146266,50.32881176820029],[11.541077778720256,50.355478529668275],[11.556573040477161,50.35528312389243],[11.569140825138858,50.34696030299246],[11.578760159247471,50.3285855280816],[11.59223512081573,50.32167332865724],[11.617580250616259,50.33308255883369],[11.620462293697448,50.341351130398635],[11.608941771104288,50.353088996787385],[11.60266171278862,50.370777526167885],[11.603290254395981,50.398765936483876],[11.624601484768197,50.38687039999661],[11.72546569264639,50.399994838768514],[11.755748998489818,50.41104276623574],[11.757516779654182,50.415531883787246],[11.78025113661426,50.41875475734724],[11.797782636505058,50.417082546715655],[11.818763760138374,50.39485049003699],[11.833238516599812,50.39495357906381],[11.91932286021142,50.42472776277454],[11.934729681759645,50.423663792923186],[11.9782272713699,50.391363563211854]]]}},{"type":"Feature","properties":{"district":"240 Kulmbach","constituency_code":"240","state":"Bavaria"},"geometry":{"type":"Polygon","coordinates":[[[11.627094366437447,50.257213134153496],[11.62138308168091,50.257269121710856],[11.60867304812102,50.23128825143543],[11.634359326605587,50.231315872],[11.655741210738116,50.221698834012535],[11.67489303369656,50.199457704666635],[11.677743228886865,50.18165638849606],[11.659661974278619,50.176369883188904],[11.651200532013004,50.162075790150965],[11.667286490353781,50.15774658128865],[11.689759996254436,50.16025068967251],[11.674662526850364,50.14007014481334],[11.648188797983831,50.14017694373567],[11.642311728681289,50.12873586486578],[11.65310569650719,50.11560690581926],[11.678085240116854,50.12460263507088],[11.674636837052661,50.104679647456024],[11.683311627493563,50.08736725257383],[11.643879914947448,50.07265163034582],[11.63749690375256,50.04500074781433],[11.602585816608322,50.03091918370646],[11.595810594742046,50.018225093182274],[11.577653804112312,50.00830217570106],[11.46654775511772,49.98311381081475],[11.444469395450037,49.98648404105379],[11.415082514532013,49.97651119834989],[11.41198656831992,49.96062803206943],[11.385307759656465,49.934628242646774],[11.364451341246237,49.93832448039914],[11.343985735670238,49.95319798266559],[11.316776391569931,49.963599492560895],[11.28051691449327,49.96989089874742],[11.272960364855681,49.99069972826819],[11.256807430217295,49.99995857172824],[11.246397934103955,49.98956302239563],[11.248632430567717,49.98259328831311],[11.21500723745167,49.96799925910106],[11.193837947741775,49.951232928086824],[11.213023110255248,49.93623278476556],[11.211161077946453,49.925465558078706],[11.192750161203328,49.90061144242125],[11.198496622338135,49.88123214563043],[11.233325172997485,49.87523674363401],[11.238110012775042,49.87047321901716],[11.225828743520802,49.85750619417742],[11.230823270236524,49.84019949391551],[11.18502965518941,49.835662155950814],[11.169424494555601,49.8387961582464],[11.169966677771036,49.8446951021969],[11.147417929232208,49.845014671260294],[11.104419361199003,49.83570545898635],[11.095780449132546,49.838990009685915],[11.08513816798597,49.88080986961962],[11.072071809554346,49.90276005922219],[11.039779764301082,49.89345010724692],[11.003630263938351,49.89658484905425],[10.949344731940293,49.923704402221325],[10.931427837523174,49.92115552618855],[10.91347488037824,49.92544175705221],[10.907587659457285,49.944212951591204],[10.922122483996803,49.94817275388743],[10.930088114288631,49.94247476690372],[10.946641165703324,49.942959904929495],[10.944062144749998,49.95340669015905],[10.918607181114838,49.96537028931707],[10.894572573741355,49.9601027132998],[10.8943113238738,49.95048567862273],[10.870247851493446,49.94020174058164],[10.855844273622667,49.943540572807976],[10.833547797456411,49.974738013517495],[10.816020498265035,49.9656018873958],[10.822642697475336,49.954885782159444],[10.836244297987045,49.94775675292045],[10.833301920567077,49.87822741790887],[10.767916387703377,49.88956535665298],[10.714202904030241,49.92311181153005],[10.76056081082051,49.97030367048108],[10.75668948086305,49.99472160994065],[10.759504593133824,50.02455880376329],[10.775785455674052,50.04326179355468],[10.791778418591573,50.04718082332341],[10.805870574018464,50.03764287050457],[10.815550484665213,50.037517555673425],[10.834217669548933,50.04602980779083],[10.83708738976212,50.05072693641895],[10.832204148284909,50.055761717209755],[10.837076340419689,50.070763896604554],[10.84372616155936,50.075953516860814],[10.859338971959431,50.07363815869684],[10.860116322069116,50.09178525004356],[10.884773417228198,50.09314252854548],[10.880408140121066,50.0946686946938],[10.890641600267923,50.11106336835939],[10.916921012136685,50.11946410972151],[10.937457130935957,50.11271131391415],[10.948576197191615,50.12258339767366],[10.947731109567915,50.1279221882887],[10.922083453225062,50.141272924365445],[10.924663779432215,50.14798446677148],[10.952817293364026,50.17087408660591],[11.00787420221279,50.17756218889819],[11.009157098100607,50.19388706285302],[10.985542112698852,50.20766589260964],[10.985359263197115,50.211697577753],[11.034062949601843,50.21864301931675],[11.066907788915126,50.21068428464849],[11.102573768583769,50.210439280635576],[11.153005158053526,50.198159995492546],[11.160309680433219,50.19325935232183],[11.159921809009367,50.18857377980281],[11.179730416970601,50.185110766592025],[11.198185077092083,50.20209547893824],[11.217855742942909,50.202270829059934],[11.281515638517392,50.16086002362893],[11.342196033901077,50.160312627237644],[11.361375437876156,50.17131833487995],[11.36234440562627,50.18371921734275],[11.376655178040892,50.1929414639783],[11.392871399079853,50.19291517029029],[11.393889407024611,50.18820126773861],[11.382300473798537,50.186770478261494],[11.396667167754444,50.175807289745855],[11.433685439976685,50.182223935077],[11.415694339156435,50.20037431807638],[11.502361154392508,50.253368117071275],[11.541264117261248,50.26541216365202],[11.581542581057814,50.254529321635346],[11.610489274460278,50.26850621035083],[11.626739564938836,50.26292165649332],[11.627094366437447,50.257213134153496]]]}},{"type":"Feature","properties":{"district":"241 Ansbach","constituency_code":"241","state":"Bavaria"},"geometry":{"type":"Polygon","coordinates":[[[10.240033983889901,49.48461816637513],[10.268787479124288,49.46703807776463],[10.24826878166933,49.452699742871474],[10.280236713364292,49.42045374578633],[10.295380197140968,49.412622447457984],[10.326038773806513,49.426120081993666],[10.34924373736991,49.41033007920843],[10.38907340782302,49.41620551784215],[10.400495354811893,49.42696603514755],[10.47309444945387,49.42450593654775],[10.521771950379932,49.44722126517986],[10.547065182671442,49.43622073819816],[10.576671453256475,49.43891221097004],[10.595885003863433,49.430711390533745],[10.596780743374824,49.42349606508031],[10.6017431110094,49.422475180908236],[10.642354689475889,49.42240421968877],[10.697351429169004,49.43627374238233],[10.726943400948786,49.43413104300644],[10.744029510811513,49.41436769057911],[10.739540568826452,49.41002340103662],[10.747749990424529,49.40058716994552],[10.867839062825162,49.35612640143079],[10.861584827937765,49.34304013665204],[10.865297837468193,49.32981373154145],[10.902389868520796,49.29517160938634],[10.913401953439816,49.246628897819626],[10.858961032179216,49.22036135789824],[10.837234493934908,49.198507803587994],[10.849351541718686,49.18861221710901],[10.85984358287531,49.17122779741607],[10.858314398237948,49.161131426682694],[10.937785185184996,49.13124716612545],[10.941477993153127,49.140848153709186],[10.938572577820091,49.14850519593994],[10.997135889207044,49.15508791080594],[10.997137133519058,49.1472263314466],[11.057347107977979,49.124833571420794],[11.114458589891703,49.08938294339847],[11.146835143653991,49.08124014898081],[11.201364464399886,49.046551661409175],[11.162194387058726,49.013996076234875],[11.14237488454224,48.96518213398047],[11.109256764738259,48.96691474436463],[11.084570422510687,48.961146471282504],[11.051370531744402,48.93283091539314],[11.072576633349728,48.917164411952776],[11.07111734406206,48.91145170303094],[11.027546839436619,48.88997296155247],[10.974122138354522,48.87871886444177],[10.964739165299724,48.8700164666351],[10.936839309329066,48.86327612297888],[10.906098442825071,48.88255792349183],[10.867658175066143,48.875586301968994],[10.860208634251638,48.889604820353824],[10.84988552316597,48.895465633864504],[10.828783159432337,48.89534997150137],[10.815371191000825,48.90109074234148],[10.808061497501937,48.907901468425976],[10.830002805511855,48.91622095111741],[10.818007329165805,48.94941630872991],[10.807287498229842,48.94937437811761],[10.770290118141174,48.92650864977367],[10.736912826118123,48.919803163684726],[10.722890456011928,48.90052245730441],[10.681865531382186,48.910238171770395],[10.669260798538788,48.922723374802025],[10.690667354475506,48.93482152609067],[10.69846147759284,48.94462925817407],[10.690698833616082,48.96015732873089],[10.672525991483981,48.981160918142315],[10.638606522086256,48.99866567368806],[10.642254372512916,49.01663142485629],[10.605627808497188,49.01752460631729],[10.595537031137328,49.03451666741126],[10.553300765510587,49.03313991810758],[10.539235937879193,49.02183274667157],[10.546130146252981,49.00916630896315],[10.540863666549466,49.0060114133295],[10.501394471920849,49.005803015081085],[10.489198380282218,49.01162171700596],[10.469003364717466,49.01176184721787],[10.424263849062866,49.0040055184131],[10.421892142859699,48.99119627686812],[10.427277609013462,48.98170218627945],[10.40984966601621,48.97743530446781],[10.372808985927666,49.00323927347931],[10.350256584331671,49.02842207033576],[10.294007324316745,49.04277743655943],[10.251844277447802,49.039273990559394],[10.25170939151532,49.0495542341513],[10.261127264934558,49.06269756598027],[10.24953048573552,49.09241698210887],[10.20499764817379,49.09811900055889],[10.215249857166537,49.11328348275899],[10.252748773103628,49.12991372466682],[10.255526651591165,49.137617343278876],[10.251882958185377,49.14366370706359],[10.224112366747073,49.161679372602535],[10.200049891830082,49.160331317829844],[10.133150301458551,49.1977492531773],[10.128190178068303,49.21019768758243],[10.113284776247015,49.25812091847786],[10.147428862265794,49.268541827097714],[10.150681256876869,49.280650652014934],[10.107615523243146,49.35169864366988],[10.111966360921327,49.384910331070905],[10.161210777755858,49.39035597619683],[10.161698240432274,49.39549397998944],[10.133705132565082,49.43714685761655],[10.094741443319416,49.44789856731822],[10.104833421466166,49.46277635219329],[10.114476293962959,49.46249553481091],[10.118327265953749,49.4731694564022],[10.129858477487042,49.470841935721474],[10.18195217117274,49.49002724553768],[10.209684739402219,49.49183820353406],[10.240033983889901,49.48461816637513]]]}},{"type":"Feature","properties":{"district":"242 Erlangen","constituency_code":"242","state":"Bavaria"},"geometry":{"type":"Polygon","coordinates":[[[10.80041244587841,49.74757749027994],[10.825544736806359,49.74579880549295],[10.85650559085648,49.75878695527839],[10.87053873983417,49.77035679474606],[10.910472583827561,49.77997857656704],[10.930235422870927,49.76652055414702],[10.934019442989735,49.754981289001186],[10.936952454056119,49.72805182775385],[10.923073504855342,49.713952684003836],[10.922055345220231,49.70708304328528],[11.003457684631096,49.67401196799658],[11.027849994776318,49.67089607906098],[11.0444303399916,49.67707028819758],[11.053003709168918,49.65839672285544],[11.048568104856145,49.64505834438839],[11.080071274689626,49.62660228608847],[11.07613584906852,49.61608743223441],[11.082005145532491,49.60572939213295],[11.110714767142174,49.589357349264574],[11.187430447860185,49.58891708982925],[11.25917133642104,49.60465231578373],[11.280304474291263,49.60430160911442],[11.286589095513175,49.593354061342914],[11.26750914520285,49.577327134502276],[11.189993218732605,49.56033747855759],[11.170682312025768,49.488077897371966],[11.170246438151624,49.4806135968065],[11.17817616016162,49.47408892705767],[11.151222116818593,49.47772924332196],[11.125997486799953,49.492508828224985],[11.120100624639312,49.51280094225552],[11.113377758637151,49.515410595173385],[11.095955266153432,49.50773111587124],[11.097323043976457,49.50109366190035],[11.06095502277741,49.50479773429232],[11.030211723687707,49.53537150720761],[10.934023837042684,49.53446853081535],[10.932827843748505,49.53825151863911],[10.909996750749885,49.54374338266649],[10.815765905911123,49.53560762820505],[10.814698326513039,49.554034700478134],[10.79537082439422,49.57934817016016],[10.776870816738997,49.58616014245763],[10.756491585857654,49.581602130456595],[10.753918737439436,49.61298688169994],[10.761824893505711,49.62572564605351],[10.784158733618668,49.63430828515508],[10.788190551983096,49.65055457409854],[10.784371584986056,49.65609702635321],[10.729388554111267,49.685784032354455],[10.69409604377642,49.691877608589905],[10.66615964114505,49.6821158642336],[10.613544866847107,49.67772756431899],[10.603926745291506,49.67928417905084],[10.594370906428079,49.691617662908875],[10.591827070040585,49.70290132465209],[10.595039282570308,49.70690211494151],[10.623206173467947,49.719982925687894],[10.65441732844412,49.72112327073788],[10.702827433854067,49.7329944682606],[10.707763111460633,49.74763200282111],[10.671863084539492,49.756598704425286],[10.715067517174736,49.787905466947315],[10.775674228597707,49.76738797156266],[10.80041244587841,49.74757749027994]]]}},{"type":"Feature","properties":{"district":"243 Fürth","constituency_code":"243","state":"Bavaria"},"geometry":{"type":"Polygon","coordinates":[[[10.591699720081289,49.744879251624994],[10.632320456113485,49.73913531906176],[10.65441732844412,49.72112327073788],[10.624442320572541,49.720431402885374],[10.595039282570308,49.70690211494151],[10.591827070040585,49.70290132465209],[10.594370906428079,49.691617662908875],[10.603926745291506,49.67928417905084],[10.64427172247523,49.67923099745688],[10.698171562104857,49.69147471081243],[10.7307732495357,49.68538537675367],[10.784371584986056,49.65609702635321],[10.788190551983096,49.65055457409854],[10.784158733618668,49.63430828515508],[10.761824893505711,49.62572564605351],[10.753918737439436,49.61298688169994],[10.756491585857654,49.581602130456595],[10.776870816738997,49.58616014245763],[10.79537082439422,49.57934817016016],[10.814698326513039,49.554034700478134],[10.815765905911123,49.53560762820505],[10.909996750749885,49.54374338266649],[10.932827843748505,49.53825151863911],[10.934023837042684,49.53446853081535],[10.987927983581493,49.536785521346204],[11.010516109244499,49.508356648438834],[11.023163110273378,49.48110343277725],[10.990453112313766,49.43654020000766],[11.025533549859825,49.40266547820122],[11.024385573917352,49.394745490761416],[10.994338914519204,49.38127073283509],[10.978695201076139,49.383524279505025],[10.937782498224527,49.37721382650324],[10.937651621942278,49.3689023199897],[10.929167098875253,49.35666491725922],[10.871436378803555,49.35473826385273],[10.747749990424529,49.40058716994552],[10.739540568826452,49.41002340103662],[10.744029510811513,49.41436769057911],[10.726943400948786,49.43413104300644],[10.697351429169004,49.43627374238233],[10.642354689475889,49.42240421968877],[10.6017431110094,49.422475180908236],[10.596780743374824,49.42349606508031],[10.595885003863433,49.430711390533745],[10.576671453256475,49.43891221097004],[10.547065182671442,49.43622073819816],[10.521771950379932,49.44722126517986],[10.47309444945387,49.42450593654775],[10.400495354811893,49.42696603514755],[10.38907340782302,49.41620551784215],[10.34924373736991,49.41033007920843],[10.326038773806513,49.426120081993666],[10.295380197140968,49.412622447457984],[10.280236713364292,49.42045374578633],[10.24826878166933,49.452699742871474],[10.268787479124288,49.46703807776463],[10.233985714220994,49.48815280169135],[10.18195217117274,49.49002724553768],[10.129858477487042,49.470841935721474],[10.115227337814336,49.47412149644486],[10.10124350964059,49.48564179923431],[10.099991354512131,49.491727678045194],[10.109812081180664,49.50169368488787],[10.105717539633261,49.515105815629454],[10.083622849903056,49.54295537547853],[10.08142266843336,49.55898750785884],[10.071875274614632,49.56726429487408],[10.069613723657552,49.59262530185413],[10.099727059083497,49.61920316508516],[10.110315913941035,49.62140825072841],[10.148323032679649,49.608883855882475],[10.15783069184091,49.59386217738181],[10.170452246142808,49.58987831645037],[10.200013140768009,49.60280726480049],[10.199657103699552,49.62421756636152],[10.211703958477983,49.631311030494054],[10.281594786397852,49.61887260260657],[10.348657655401757,49.622355759376354],[10.388012860890708,49.63425866097911],[10.362766477379195,49.68092207369925],[10.342865067461481,49.69520059573339],[10.411968397971808,49.743307754393506],[10.437712264038788,49.750162210597],[10.464003067245443,49.74135694847053],[10.505247783454926,49.752046221158196],[10.547492491036518,49.756260063255915],[10.591699720081289,49.744879251624994]]]}},{"type":"Feature","properties":{"district":"244 Nürnberg-Nord","constituency_code":"244","state":"Bavaria"},"geometry":{"type":"Polygon","coordinates":[[[11.030211723687707,49.53537150720761],[11.058560520012673,49.505583279351626],[11.097323043976457,49.50109366190035],[11.095955266153432,49.50773111587124],[11.113377758637151,49.515410595173385],[11.123451331177042,49.5069798927915],[11.125997486799953,49.492508828224985],[11.151222116818593,49.47772924332196],[11.17817616016162,49.47408892705767],[11.185678164119135,49.46772823408579],[11.128308922625447,49.442360404875245],[11.133967989477558,49.433570503078705],[11.159505842823894,49.42288750385368],[11.110118201066351,49.41689257429294],[11.103775586539957,49.433290944804554],[11.00932845750529,49.46340286694686],[11.018544494727172,49.470089958688476],[11.023163110273378,49.48110343277725],[11.010516109244499,49.508356648438834],[10.987927983581493,49.536785521346204],[11.030211723687707,49.53537150720761]]]}},{"type":"Feature","properties":{"district":"245 Nürnberg-Süd","constituency_code":"245","state":"Bavaria"},"geometry":{"type":"MultiPolygon","coordinates":[[[[11.280133374359004,49.416609641158324],[11.262465552273474,49.41636171414883],[11.248561164948272,49.44078058040933],[11.266729471650931,49.43984884053405],[11.280133374359004,49.416609641158324]]],[[[11.110118201066351,49.41689257429294],[11.159505842823894,49.42288750385368],[11.179025073343983,49.41709324725662],[11.179826318831589,49.42887327431771],[11.213570213441214,49.42102702205305],[11.190938298941514,49.39024867022484],[11.111153079541527,49.386607689471475],[11.101391380774302,49.37298654089939],[11.11527142201426,49.361729744044325],[11.109118399270564,49.35223667000389],[11.079810120624805,49.33927570955137],[11.086868909498113,49.314195202513815],[11.078261434974833,49.31356303638358],[11.078022920477702,49.31888275207241],[11.055542562126544,49.31690905386285],[11.04794198027996,49.314058756717905],[11.036931203211665,49.29651659130977],[11.010189599978185,49.29620934140951],[10.970355995638041,49.356518334064674],[10.9866433073376,49.3737658189655],[10.997796594903729,49.37588503813499],[10.992715337194173,49.381493745799574],[11.024385573917352,49.394745490761416],[11.025533549859825,49.40266547820122],[10.990453112313766,49.43654020000766],[11.00932845750529,49.46340286694686],[11.103775586539957,49.433290944804554],[11.110118201066351,49.41689257429294]]]]}},{"type":"Feature","properties":{"district":"246 Roth","constituency_code":"246","state":"Bavaria"},"geometry":{"type":"Polygon","coordinates":[[[11.564951582132963,49.686041700496766],[11.600059008269845,49.622050020930615],[11.590544467570453,49.611732290764756],[11.580373497064485,49.616895297145994],[11.551700068525678,49.605801999290364],[11.566425643561232,49.583873072884685],[11.55408435977829,49.56514892615452],[11.544411663197417,49.559912475553475],[11.531440417488865,49.563225519683876],[11.510854190643009,49.55320895329109],[11.543278263797317,49.53902296755361],[11.54436932277385,49.522503530712285],[11.532209158784344,49.51104535442664],[11.533857847793067,49.50741354081594],[11.589172642472578,49.48596668754355],[11.59624777382363,49.47409429497314],[11.580856711331835,49.45342421366224],[11.557222047257406,49.4329928027049],[11.558995110080454,49.41649339194941],[11.536858309268162,49.41055458806538],[11.4683754824016,49.42312487073625],[11.446090686736474,49.416049347749215],[11.393714439316932,49.35659792230034],[11.383113742073713,49.32759728569604],[11.334498877810276,49.30306148748625],[11.292598709444526,49.31729646095751],[11.24717621044439,49.32535278502424],[11.185988267207108,49.30040162717494],[11.214800979933653,49.27505228033054],[11.274438840919329,49.27400042042595],[11.29217084165869,49.26712104799699],[11.30295728703362,49.243790705596936],[11.303515468109785,49.2204342059881],[11.291815306473502,49.21043339784679],[11.263118150491884,49.21122590094857],[11.265440333047952,49.19578294621741],[11.28684624630485,49.18277145235702],[11.31364877396311,49.17806453835019],[11.327810942236242,49.14303200966583],[11.31872875348034,49.128976217033376],[11.322821786349815,49.11901554698113],[11.355246672951862,49.11673076595055],[11.385713791319613,49.07885820257946],[11.42574989165084,49.05516493448051],[11.410844439664984,49.03477870185174],[11.37070541393842,49.015003941977675],[11.346668089630574,49.01830078630332],[11.327118981810168,48.99793018803932],[11.285463697713432,49.00447302610592],[11.263568867507471,49.014455901935605],[11.26539408066185,49.026964024964514],[11.248573281443011,49.04748696253084],[11.225073011727321,49.05169840010869],[11.201364464399886,49.046551661409175],[11.146835143653991,49.08124014898081],[11.114458589891703,49.08938294339847],[11.057347107977979,49.124833571420794],[10.997137133519058,49.1472263314466],[10.997135889207044,49.15508791080594],[10.938572577820091,49.14850519593994],[10.941477993153127,49.140848153709186],[10.937785185184996,49.13124716612545],[10.858314398237948,49.161131426682694],[10.85984358287531,49.17122779741607],[10.849351541718686,49.18861221710901],[10.837234493934908,49.198507803587994],[10.858961032179216,49.22036135789824],[10.913401953439816,49.246628897819626],[10.902389868520796,49.29517160938634],[10.865297837468193,49.32981373154145],[10.861584827937765,49.34304013665204],[10.867839062825162,49.35612640143079],[10.929167098875253,49.35666491725922],[10.937651621942278,49.3689023199897],[10.937782498224527,49.37721382650324],[10.985447429312647,49.383567344058406],[10.997796594903729,49.37588503813499],[10.9866433073376,49.3737658189655],[10.970355995638041,49.356518334064674],[11.010189599978185,49.29620934140951],[11.036931203211665,49.29651659130977],[11.04794198027996,49.314058756717905],[11.055542562126544,49.31690905386285],[11.078022920477702,49.31888275207241],[11.078261434974833,49.31356303638358],[11.086868909498113,49.314195202513815],[11.079810120624805,49.33927570955137],[11.109118399270564,49.35223667000389],[11.11527142201426,49.361729744044325],[11.101391380774302,49.37298654089939],[11.111153079541527,49.386607689471475],[11.190938298941514,49.39024867022484],[11.213570213441214,49.42102702205305],[11.179826318831589,49.42887327431771],[11.179025073343983,49.41709324725662],[11.133967989477558,49.433570503078705],[11.128308922625447,49.442360404875245],[11.185678164119135,49.46772823408579],[11.170246438151624,49.4806135968065],[11.189993218732605,49.56033747855759],[11.26750914520285,49.577327134502276],[11.286589095513175,49.593354061342914],[11.280304474291263,49.60430160911442],[11.287600993106013,49.618645861233524],[11.296696428233014,49.61767352058895],[11.332358204136627,49.637038992574965],[11.341360300170424,49.657350483391845],[11.352914124821389,49.664857512855626],[11.377589147759057,49.668753685035306],[11.396901086966686,49.62607359048176],[11.42698892842602,49.61424305861674],[11.437012566588317,49.627593017489204],[11.498206355126303,49.648249154648866],[11.513496804914936,49.64986778464],[11.546606119994177,49.64307519648653],[11.55462305270744,49.64938729690771],[11.555942462552396,49.6745646789109],[11.54137918770215,49.694421362928665],[11.557053216162581,49.71448444855849],[11.560448519781296,49.714290792626855],[11.552725434175542,49.691302427133714],[11.564951582132963,49.686041700496766]],[[11.25315515735715,49.42847917382425],[11.262465552273474,49.41636171414883],[11.280133374359004,49.416609641158324],[11.265610835068566,49.440639114090104],[11.248561164948272,49.44078058040933],[11.25315515735715,49.42847917382425]]]}},{"type":"Feature","properties":{"district":"247 Aschaffenburg","constituency_code":"247","state":"Bavaria"},"geometry":{"type":"Polygon","coordinates":[[[9.260355292126064,50.13853857394668],[9.302792565303989,50.135760119179665],[9.327428418614904,50.14105953905036],[9.375639432326075,50.1296606060172],[9.39446345653572,50.09748632337306],[9.40498473284576,50.087734550831705],[9.394600142723572,50.08441709470473],[9.385576200146948,50.05493734667905],[9.43041581389791,49.99100291039449],[9.466355316930947,49.94937699992131],[9.45384702812362,49.927874866797566],[9.428716847024324,49.91734766491555],[9.426985263992309,49.901477094750206],[9.435302525345927,49.89088375335375],[9.433802395669849,49.88387839727364],[9.410123855389742,49.878642261196816],[9.3671218801473,49.85372091412915],[9.368925055764688,49.83993614069697],[9.362484956002541,49.835219992484404],[9.318481583367127,49.83527501973416],[9.298551956856151,49.859828622729715],[9.25989875696969,49.87051739424079],[9.28176099384087,49.903461771359794],[9.270714269715,49.91902684763512],[9.234088233478746,49.935803294106236],[9.144209511788775,49.920614346957485],[9.138477364657149,49.92852761783352],[9.114937776558067,49.93841215307646],[9.107240159841679,49.93085847207891],[9.111982733885668,49.925040306946904],[9.109366204076444,49.902071108110334],[9.089396359575876,49.879275034680845],[9.050080126761943,49.86631479011643],[9.03722987966335,49.87925933189954],[9.016088362882291,49.991340444428374],[9.029418474339147,49.99262279375959],[9.03540896396388,50.00210988652753],[9.032088494432744,50.0380898356044],[9.020165936005128,50.04448714517473],[9.002283659309581,50.04478489083535],[8.982708747623327,50.05690014487404],[8.999070045420748,50.07209979855903],[9.000086847928554,50.09471885369139],[9.018261040765873,50.11160420714616],[9.071326686359418,50.11943787246218],[9.089306135750883,50.11680439360737],[9.098229911992266,50.126416983196386],[9.12151886548722,50.12606115047245],[9.144957729837273,50.11411191469316],[9.148355503644954,50.10246273460895],[9.164949171331818,50.1059062859769],[9.19159371749869,50.12748724019177],[9.183110951949432,50.13837500382768],[9.22186609024302,50.14941731266387],[9.260355292126064,50.13853857394668]]]}},{"type":"Feature","properties":{"district":"248 Bad Kissingen","constituency_code":"248","state":"Bavaria"},"geometry":{"type":"Polygon","coordinates":[[[10.140366562782607,50.54285042398274],[10.146859506262285,50.54314940660847],[10.150619875571524,50.552023577648214],[10.203873884234637,50.554700849042554],[10.231112184650492,50.53113070060454],[10.244312265007082,50.5127875383486],[10.32535524931778,50.49264916365193],[10.370156884670875,50.43480893333765],[10.403834692594797,50.42477512839412],[10.384519195282595,50.40892927509851],[10.387740816512913,50.39823438405425],[10.423743404396395,50.39253245594643],[10.450531776747031,50.40185954139249],[10.462988831386674,50.37767343204968],[10.4908862083297,50.35851077271087],[10.600550295981007,50.33368802628301],[10.5980375880544,50.28138788685161],[10.604907451925065,50.23885095143947],[10.612047269604533,50.22413844005033],[10.637661360957223,50.223268777139644],[10.658961146735253,50.230709064611865],[10.685677807195914,50.22230863351624],[10.695752780847053,50.211799433025405],[10.716645149313761,50.204818956116824],[10.731220988509113,50.21265420575142],[10.729202110021758,50.230005302619205],[10.756631075365936,50.22367595553549],[10.780158404574111,50.19439718822196],[10.773473829974225,50.17036328628406],[10.776337736302986,50.14986938125554],[10.804369595047653,50.14099882431367],[10.802572857400621,50.14681589030241],[10.808384042409148,50.14904072390352],[10.854612109008338,50.15737336579544],[10.878689632802914,50.143809096865475],[10.86013191374824,50.115374300711636],[10.859338971959431,50.07363815869684],[10.84372616155936,50.075953516860814],[10.837076340419689,50.070763896604554],[10.832098084196103,50.05259498967499],[10.836687190737992,50.04946850115847],[10.821091616574545,50.03888767843382],[10.805870574018464,50.03764287050457],[10.791778418591573,50.04718082332341],[10.775785455674052,50.04326179355468],[10.759504593133824,50.02455880376329],[10.75668948086305,49.99472160994065],[10.76056081082051,49.97030367048108],[10.742801089131438,49.94810213924166],[10.714202904030241,49.92311181153005],[10.702283091583011,49.91868909941414],[10.689621958919028,49.89903455190702],[10.631835391473253,49.869885250942204],[10.629300228278526,49.86413017350089],[10.596825250830948,49.85545351718218],[10.56143833461603,49.866724178701354],[10.5569366839005,49.873483154017144],[10.505248550372796,49.87668216703286],[10.48913896344838,49.88528277577713],[10.48243892389516,49.89177768838463],[10.531295783908044,49.8968849770295],[10.50989448452556,49.92444643182626],[10.444383188427844,49.958981704408885],[10.407609163483826,49.986749698287205],[10.386186712855558,50.014612388647166],[10.334722116844091,50.01994767208767],[10.320344673462634,50.029543898072774],[10.387899694859392,50.03703296511076],[10.4331309736288,50.07610908833373],[10.42963912647819,50.08329576251374],[10.396593556810492,50.09173702726656],[10.386608472781386,50.103262021916635],[10.393696917609837,50.10494232157422],[10.40650830950109,50.120419806608176],[10.400180632322762,50.14150409516754],[10.424202903413901,50.15994901567264],[10.438687509211846,50.179184982003754],[10.438104409827911,50.18577972114004],[10.450536540266414,50.19670855231665],[10.414177483199074,50.22027820087473],[10.3701338914485,50.22916217608499],[10.345958088724986,50.21047162451879],[10.340561912147038,50.172630293326016],[10.324832775475745,50.1528941313289],[10.301374274268925,50.160251635531246],[10.170298634609704,50.14787461014179],[10.143419820628269,50.134234931454706],[10.146625187384,50.128639508641555],[10.143719017006116,50.12054185454289],[10.126016911520942,50.1081409418102],[10.057556765104476,50.1012924132038],[10.045604187891936,50.106347059895064],[10.011782652047374,50.10714336630027],[9.969590379680099,50.08453372733432],[9.957643361159933,50.069128004666474],[9.964013189518088,50.054717210699984],[9.956429154521995,50.038531025076736],[9.93193434439203,50.02968428535871],[9.853946516709353,50.03540579135451],[9.808531795289802,50.046962511919325],[9.806445338510152,50.05490370372601],[9.816604916701706,50.07524548357657],[9.804076748365699,50.097196029203836],[9.789380882401208,50.11548783798637],[9.69986377922112,50.18188533347838],[9.694624989578411,50.208878283093384],[9.67926287393728,50.22715205750183],[9.623150780259648,50.22904000403257],[9.63581588608459,50.23522785125967],[9.65395829646684,50.27101330784959],[9.703422444795258,50.280752310381345],[9.74615462097185,50.31045523451709],[9.747435795342186,50.341200296124086],[9.732938455282607,50.35581647391811],[9.746203925709326,50.3661799383522],[9.759292302862267,50.402445889033395],[9.752258375673005,50.41450269671098],[9.762063989211041,50.425867478839635],[9.802589728237031,50.42399692238279],[9.810901437417364,50.418899896449595],[9.810770771438248,50.41244759423881],[9.847519135582692,50.4005416865327],[9.883100782084023,50.39889344092897],[9.901014857336442,50.403783958163],[9.985544339778059,50.443423256523154],[10.041188106556678,50.495188482591615],[10.039617744800069,50.51577808066246],[10.06848738005598,50.52994418548967],[10.098505660247234,50.55215996909335],[10.107094136160436,50.563733600521935],[10.121672102380051,50.56378229696945],[10.126947518958383,50.55944457602718],[10.122038817486796,50.55510070935087],[10.140366562782607,50.54285042398274]]]}},{"type":"Feature","properties":{"district":"249 Main-Spessart","constituency_code":"249","state":"Bavaria"},"geometry":{"type":"Polygon","coordinates":[[[9.542029989371562,50.22434153320356],[9.604406072046315,50.221903581690306],[9.621591901807893,50.22311636141607],[9.623150780259648,50.22904000403257],[9.67926287393728,50.22715205750183],[9.694624989578411,50.208878283093384],[9.69986377922112,50.18188533347838],[9.789380882401208,50.11548783798637],[9.804076748365699,50.097196029203836],[9.816604916701706,50.07524548357657],[9.806445338510152,50.05490370372601],[9.808531795289802,50.046962511919325],[9.853946516709353,50.03540579135451],[9.93193434439203,50.02968428535871],[9.948368008404856,50.0325810711233],[9.956429154521995,50.038531025076736],[9.964013189518088,50.054717210699984],[9.980718485652341,50.05802445670639],[9.985998599430529,50.0466846436812],[10.010889081056543,50.03663596863231],[10.02715165223026,50.04059133364007],[10.039553733896067,50.03377707062223],[10.046162034004377,50.01177816434742],[10.042704342167866,50.00259614155778],[10.006800083481236,49.99735410146748],[10.000712092885335,49.98831234183676],[10.044214679313493,49.98634416063978],[10.040520281200227,49.961506019102394],[10.021310462530217,49.9398606981011],[10.008887828137237,49.93730660974528],[9.953489430510041,49.938583849386035],[9.949539024342547,49.94624846995101],[9.939371909039066,49.94885308850031],[9.912186103565203,49.93052361974843],[9.924957956776659,49.896786310326526],[9.92238061252371,49.89225668022491],[9.829807249061513,49.89429543704724],[9.755960584004292,49.866862663651276],[9.744109359843085,49.84358051467898],[9.727154579981754,49.83213895824509],[9.699351029127854,49.8386405192188],[9.672540897971984,49.83398585935759],[9.648736203069168,49.79147764897558],[9.549091537309602,49.76483752624956],[9.499803325325878,49.788887067103786],[9.479097061581918,49.78689430975805],[9.469391890074784,49.77429106662699],[9.458256574889328,49.76951971351423],[9.44500252637664,49.77395907484569],[9.434851986937359,49.787378691573515],[9.425106761986292,49.78955372054744],[9.391546883134875,49.77012060450405],[9.315683247835194,49.768328735861346],[9.315897258734422,49.74016796670485],[9.357409236277622,49.70428829180718],[9.38252856590249,49.70746287706333],[9.38137308825921,49.72515901931182],[9.38564519195121,49.730914544266284],[9.399960653135054,49.7288405116629],[9.41868082707016,49.71189829949827],[9.420088259409056,49.690191889649384],[9.408637922239837,49.67566095385116],[9.397891489964728,49.67066072579779],[9.419495463337544,49.658853551127045],[9.406000421947352,49.64531278522465],[9.304319955575552,49.6537860700136],[9.270722601711526,49.63401856399749],[9.26457762234267,49.60681972463605],[9.248940156407496,49.584518404265644],[9.194410460191854,49.57404063814382],[9.11771369047849,49.57367777522626],[9.10300616614835,49.57745601134535],[9.082989877868428,49.60198700938402],[9.066381372312954,49.60236512685104],[9.065859960321337,49.61965905998766],[9.085871981324049,49.63605323100371],[9.102012047411993,49.64221034316093],[9.103418917090009,49.660430598431084],[9.088859948722707,49.66902322213162],[9.089638350848533,49.69334572039149],[9.126109155488049,49.6999795814902],[9.14735000167923,49.7399742918706],[9.124339963609954,49.755976126786],[9.117876046565042,49.773876011289936],[9.134409139793506,49.782633384127614],[9.131665505162497,49.794927933867385],[9.108140121300112,49.79798043389667],[9.090879620671611,49.79065500884589],[9.0769928181004,49.81822327920503],[9.063956866576557,49.83175947527275],[9.03765196177179,49.84256429333878],[9.03608074391789,49.84650411940018],[9.050080126761943,49.86631479011643],[9.089396359575876,49.879275034680845],[9.109366204076444,49.902071108110334],[9.111982733885668,49.925040306946904],[9.107240159841679,49.93085847207891],[9.114937776558067,49.93841215307646],[9.138477364657149,49.92852761783352],[9.144209511788775,49.920614346957485],[9.234088233478746,49.935803294106236],[9.270714269715,49.91902684763512],[9.28176099384087,49.903461771359794],[9.25989875696969,49.87051739424079],[9.298551956856151,49.859828622729715],[9.318481583367127,49.83527501973416],[9.362484956002541,49.835219992484404],[9.368925055764688,49.83993614069697],[9.3671218801473,49.85372091412915],[9.410123855389742,49.878642261196816],[9.433802395669849,49.88387839727364],[9.435302525345927,49.89088375335375],[9.426985263992309,49.901477094750206],[9.428716847024324,49.91734766491555],[9.45384702812362,49.927874866797566],[9.466355316930947,49.94937699992131],[9.43041581389791,49.99100291039449],[9.385576200146948,50.05493734667905],[9.394600142723572,50.08441709470473],[9.51246415495682,50.0943556547161],[9.51925943526144,50.11403889588537],[9.507571329820363,50.14555734936236],[9.494769673079471,50.22667220668432],[9.50117464466081,50.24347390814982],[9.542029989371562,50.22434153320356]]]}},{"type":"Feature","properties":{"district":"250 Schweinfurt","constituency_code":"250","state":"Bavaria"},"geometry":{"type":"Polygon","coordinates":[[[10.424202903413901,50.15994901567264],[10.400180632322762,50.14150409516754],[10.40650830950109,50.120419806608176],[10.393696917609837,50.10494232157422],[10.386608472781386,50.103262021916635],[10.396593556810492,50.09173702726656],[10.42963912647819,50.08329576251374],[10.4331309736288,50.07610908833373],[10.387899694859392,50.03703296511076],[10.320344673462634,50.029543898072774],[10.334722116844091,50.01994767208767],[10.386186712855558,50.014612388647166],[10.407609163483826,49.986749698287205],[10.444383188427844,49.958981704408885],[10.50989448452556,49.92444643182626],[10.530974476667367,49.895400577185896],[10.48243892389516,49.89177768838463],[10.505248550372796,49.87668216703286],[10.503494010169353,49.87146405950259],[10.459388033235086,49.87881629355023],[10.452948478804586,49.87218312846217],[10.445130428115373,49.84347075973502],[10.454796868188502,49.83148230446817],[10.449859633713354,49.817967107502355],[10.469624456810033,49.78642266291857],[10.489369948327235,49.78642622733627],[10.513566043185556,49.8006136887551],[10.531922836292699,49.79371854504557],[10.55368034660665,49.77014458305991],[10.551435786607323,49.75577252838291],[10.523509659555002,49.75522395936618],[10.464003067245443,49.74135694847053],[10.437712264038788,49.750162210597],[10.411968397971808,49.743307754393506],[10.342865067461481,49.69520059573339],[10.362766477379195,49.68092207369925],[10.388012860890708,49.63425866097911],[10.348657655401757,49.622355759376354],[10.281594786397852,49.61887260260657],[10.211703958477983,49.631311030494054],[10.199657103699552,49.62421756636152],[10.200013140768009,49.60280726480049],[10.170452246142808,49.58987831645037],[10.15783069184091,49.59386217738181],[10.148323032679649,49.608883855882475],[10.084291735852121,49.63304699643739],[10.082171468960295,49.64741553834786],[10.09167830841936,49.66012627446367],[10.109119605448699,49.66945420818374],[10.133414625223377,49.66822193726584],[10.127669673196209,49.68680802253032],[10.100798275254224,49.70477271282439],[10.05140321378218,49.728060353380386],[10.046647132849177,49.746574706081084],[10.056211946850288,49.75566325200129],[10.05818404484072,49.80505448458102],[10.065662113265262,49.82036902641705],[10.089446040562798,49.835869127131076],[10.164076561040067,49.84729727509078],[10.162735233486472,49.87359130722853],[10.189162017274139,49.89205634694888],[10.189015815907942,49.90375202319464],[10.174113532247098,49.9134990860795],[10.15187457930123,49.904292292201454],[10.102076223067142,49.91237042203623],[10.044096779584669,49.95362085286358],[10.030919106310792,49.95219980133828],[10.040520281200227,49.961506019102394],[10.044214679313493,49.98634416063978],[10.001800893224967,49.985626920070125],[10.000699868463323,49.989472936854426],[10.006800083481236,49.99735410146748],[10.042704342167866,50.00259614155778],[10.046162034004377,50.01177816434742],[10.039553733896067,50.03377707062223],[10.02715165223026,50.04059133364007],[10.010889081056543,50.03663596863231],[9.985998599430529,50.0466846436812],[9.980718485652341,50.05802445670639],[9.964013189518088,50.054717210699984],[9.958227529445105,50.07060635658018],[9.969590379680099,50.08453372733432],[10.011782652047374,50.10714336630027],[10.045604187891936,50.106347059895064],[10.057556765104476,50.1012924132038],[10.126016911520942,50.1081409418102],[10.143719017006116,50.12054185454289],[10.146625187384,50.128639508641555],[10.143419820628269,50.134234931454706],[10.170298634609704,50.14787461014179],[10.301374274268925,50.160251635531246],[10.324832775475745,50.1528941313289],[10.340561912147038,50.172630293326016],[10.345958088724986,50.21047162451879],[10.3701338914485,50.22916217608499],[10.414177483199074,50.22027820087473],[10.450536540266414,50.19670855231665],[10.438104409827911,50.18577972114004],[10.438687509211846,50.179184982003754],[10.424202903413901,50.15994901567264]]]}},{"type":"Feature","properties":{"district":"251 Würzburg","constituency_code":"251","state":"Bavaria"},"geometry":{"type":"Polygon","coordinates":[[[10.061564563425689,49.943594585617475],[10.102076223067142,49.91237042203623],[10.118163623241978,49.907756040283694],[10.15187457930123,49.904292292201454],[10.174113532247098,49.9134990860795],[10.189015815907942,49.90375202319464],[10.189162017274139,49.89205634694888],[10.162735233486472,49.87359130722853],[10.164076561040067,49.84729727509078],[10.089446040562798,49.835869127131076],[10.065662113265262,49.82036902641705],[10.05818404484072,49.80505448458102],[10.056211946850288,49.75566325200129],[10.046647132849177,49.746574706081084],[10.05140321378218,49.728060353380386],[10.100798275254224,49.70477271282439],[10.127669673196209,49.68680802253032],[10.133414625223377,49.66822193726584],[10.109119605448699,49.66945420818374],[10.085119079934685,49.652608352578646],[10.084291735852121,49.63304699643739],[10.110315913941035,49.62140825072841],[10.099727059083497,49.61920316508516],[10.069613723657552,49.59262530185413],[10.071875274614632,49.56726429487408],[10.08142266843336,49.55898750785884],[10.083622849903056,49.54295537547853],[10.072455824790023,49.54410117346486],[10.039915320811984,49.52926456282936],[10.05954242299136,49.517820004257736],[10.020790169474074,49.48614751492686],[9.951881741005568,49.480364253169036],[9.926561179895058,49.484835460588165],[9.913740586249665,49.49325298795971],[9.925129289140484,49.50865009134376],[9.926961113742454,49.549520529410785],[9.912438199523924,49.585908401163685],[9.89665626715036,49.585366486983986],[9.864550355711662,49.56788141453399],[9.866639552173988,49.55746313093429],[9.859309914727424,49.546044483272354],[9.811544997310456,49.55568262956702],[9.847867756216196,49.57705279669157],[9.86920700564831,49.61249164941442],[9.855410906054203,49.641484580812474],[9.837884879864783,49.64587591450861],[9.82235844427563,49.6647100820565],[9.830190233215212,49.68047402522771],[9.83865648947747,49.682862918366894],[9.83180462975435,49.70380331667464],[9.797747248091216,49.728401969209266],[9.78991687902194,49.72856914660246],[9.752953959197587,49.7101218395355],[9.751002617875393,49.70539456241834],[9.728354246289763,49.698189050105064],[9.711136136785038,49.726986944391015],[9.677193872396689,49.716201211876935],[9.676147908498367,49.693347263505586],[9.662613548412951,49.68922032532709],[9.632460374796873,49.6931860979567],[9.625449125507432,49.70373673751853],[9.64938997062084,49.76500362923306],[9.64877006837946,49.79269253625529],[9.672540897971984,49.83398585935759],[9.699351029127854,49.8386405192188],[9.727154579981754,49.83213895824509],[9.744109359843085,49.84358051467898],[9.755960584004292,49.866862663651276],[9.829807249061513,49.89429543704724],[9.92238061252371,49.89225668022491],[9.924957956776659,49.896786310326526],[9.912186103565203,49.93052361974843],[9.939371909039066,49.94885308850031],[9.949539024342547,49.94624846995101],[9.953489430510041,49.938583849386035],[10.008887828137237,49.93730660974528],[10.021310462530217,49.9398606981011],[10.030919106310792,49.95219980133828],[10.044096779584669,49.95362085286358],[10.061564563425689,49.943594585617475]]]}},{"type":"Feature","properties":{"district":"252 Augsburg-Stadt","constituency_code":"252","state":"Bavaria"},"geometry":{"type":"Polygon","coordinates":[[[10.937571104219037,48.40947468223492],[10.959205528042666,48.371974474524016],[10.948569860252421,48.33198147021698],[10.954859779473717,48.30361682774717],[10.940544759826322,48.26720030797306],[10.910751165944598,48.25830708466896],[10.89985653978473,48.2331744052078],[10.855066263434592,48.24523105988864],[10.873737534515572,48.29332187618316],[10.80432408343436,48.29102709693213],[10.765184680825252,48.29805992767909],[10.775205385906128,48.33335957572503],[10.803642894388531,48.35076307629271],[10.817568513994866,48.349492117007024],[10.824529832024355,48.34154193373493],[10.856955267548702,48.34587424638517],[10.859811259314025,48.369304333075],[10.840785358525453,48.3854745332506],[10.845089405564346,48.39420266612841],[10.864308579771748,48.40611718378655],[10.870341840039263,48.40393023249913],[10.888681298319115,48.41266064787781],[10.890177224121896,48.43258916201041],[10.8840838723934,48.45844298174313],[10.90141714684148,48.45381370188429],[10.937571104219037,48.40947468223492]]]}},{"type":"Feature","properties":{"district":"253 Augsburg-Land","constituency_code":"253","state":"Bavaria"},"geometry":{"type":"Polygon","coordinates":[[[10.903410908882712,48.236676607870486],[10.910751165944598,48.25830708466896],[10.941410217987327,48.26910281732997],[10.954859779473717,48.30361682774717],[10.948569860252421,48.33198147021698],[10.959205528042666,48.371974474524016],[10.927169433866599,48.42462982591063],[10.90141714684148,48.45381370188429],[10.88555904800563,48.45865364350335],[10.888681298319115,48.41266064787781],[10.870341840039263,48.40393023249913],[10.864308579771748,48.40611718378655],[10.845089405564346,48.39420266612841],[10.840785358525453,48.3854745332506],[10.859811259314025,48.369304333075],[10.856955267548702,48.34587424638517],[10.824529832024355,48.34154193373493],[10.817568513994866,48.349492117007024],[10.803642894388531,48.35076307629271],[10.775449810072281,48.33366465123269],[10.764202450956182,48.30332175385447],[10.766578602841683,48.29669899492696],[10.80432408343436,48.29102709693213],[10.873737534515572,48.29332187618316],[10.855066263434592,48.24523105988864],[10.893376727264357,48.23227176729694],[10.903410908882712,48.236676607870486],[10.890856036969458,48.19113324709201],[10.848869025977125,48.147790975726345],[10.813029849141712,48.15207010967191],[10.785813021081792,48.14992383833429],[10.80153212378008,48.10417040504179],[10.693148623159045,48.09536243240404],[10.684795558848379,48.129365433229886],[10.686699501088599,48.135699778055866],[10.695543731005026,48.1375811711574],[10.701161052665787,48.14500535704723],[10.695891165551124,48.16413575630701],[10.684729247443336,48.172524478903924],[10.600059258989393,48.166143614027995],[10.541946720429078,48.17408307246065],[10.568760313819583,48.18403918016113],[10.591560697106097,48.206371286762064],[10.590506869761079,48.21106489649938],[10.573641806105911,48.21212031200857],[10.561008954586667,48.231555431618055],[10.582228860003172,48.27173675256939],[10.591851261829454,48.27549609480869],[10.592180676537026,48.285960610354884],[10.582048019203068,48.31662620476829],[10.552235278504687,48.319728136261475],[10.540729104679354,48.310490677556224],[10.494823933709649,48.317070183397604],[10.49898878143632,48.33007074141637],[10.512527147596876,48.336021864194024],[10.518505283596552,48.34788879178902],[10.512995730636638,48.374151843316604],[10.515548271083313,48.380382237809634],[10.539982944649596,48.40368983476544],[10.505537131527964,48.410979741094],[10.538453084755465,48.4329836567372],[10.528355394889036,48.47138888534909],[10.609879366117324,48.48965371128516],[10.61203448949489,48.49744728490216],[10.616961592453912,48.49849420919848],[10.67517947763472,48.49872306194715],[10.701579091531706,48.48974940452326],[10.700553514745122,48.480462948913576],[10.765158647974495,48.49768979086306],[10.750759563465637,48.504826812461005],[10.75386743056956,48.5144139276383],[10.773638472635273,48.53339354624217],[10.764851331897761,48.598256708671535],[10.776344365330578,48.604828976136524],[10.779367450939258,48.61893035014062],[10.824165074574259,48.62494126789523],[10.83531462884022,48.63471887601706],[10.875951543104328,48.63858127507896],[10.883903051616596,48.63690841589745],[10.88367170494044,48.62303383058879],[10.878963333766967,48.61759162005034],[10.897607159599332,48.59372358375586],[10.911834279418153,48.58490416834318],[10.924919542266727,48.58715679022458],[10.972731714665153,48.56963507922935],[10.985612806763086,48.54877149019122],[10.983529336724159,48.54489601849816],[10.924812030174726,48.53745764759588],[10.907204429068143,48.54009551538592],[10.871550801543103,48.53121094980836],[10.864239210243273,48.50751470730644],[10.87073288486103,48.49480575708956],[10.925151385613688,48.50645220782198],[10.959864510866428,48.49824771040583],[10.97528057785671,48.47659333162119],[11.005762540387273,48.47002905282771],[11.020141816346944,48.47563612136833],[11.052655652835888,48.52140899644846],[11.073307969663205,48.51416428889231],[11.073536642282276,48.50366947449306],[11.085095329706538,48.49940072798605],[11.118106454497266,48.493871017019195],[11.122890264712177,48.50194593837907],[11.128251205852793,48.50215841128216],[11.20669896710699,48.47563533216442],[11.194339019652901,48.43664425348667],[11.21434354366412,48.430537262934585],[11.198809932747261,48.42043110256244],[11.189373556785467,48.39784074436795],[11.165926731875842,48.36852899379008],[11.166574208527402,48.337766292614546],[11.128195900939005,48.3231564425383],[11.11740367137961,48.30974904320656],[11.113671108491804,48.29042169891749],[11.116550729310326,48.26814643004895],[11.09620875353111,48.260318065961556],[11.087686450086194,48.271611067993284],[11.07158950362021,48.28111278612182],[11.044605074111715,48.254651669417214],[11.037299108244223,48.22919988779871],[11.047745680631754,48.219996299428516],[11.05511122627103,48.196773743921696],[11.034510063458765,48.19299209165645],[10.988345842595177,48.21005416824654],[10.974903313314625,48.208072267625745],[10.947006653312364,48.219687519381964],[10.927911568033407,48.234507336638885],[10.903410908882712,48.236676607870486]]]}},{"type":"Feature","properties":{"district":"254 Donau-Ries","constituency_code":"254","state":"Bavaria"},"geometry":{"type":"Polygon","coordinates":[[[10.605627808497188,49.01752460631729],[10.642254372512916,49.01663142485629],[10.638606522086256,48.99866567368806],[10.672525991483981,48.981160918142315],[10.690698833616082,48.96015732873089],[10.69846147759284,48.94462925817407],[10.690667354475506,48.93482152609067],[10.669260798538788,48.922723374802025],[10.681865531382186,48.910238171770395],[10.722890456011928,48.90052245730441],[10.736912826118123,48.919803163684726],[10.770290118141174,48.92650864977367],[10.807287498229842,48.94937437811761],[10.818007329165805,48.94941630872991],[10.830002805511855,48.91622095111741],[10.808061497501937,48.907901468425976],[10.820684422690036,48.89795475861385],[10.84988552316597,48.895465633864504],[10.860208634251638,48.889604820353824],[10.867658175066143,48.875586301968994],[10.906098442825071,48.88255792349183],[10.936839309329066,48.86327612297888],[10.97454660318435,48.85799554257711],[10.995756946309838,48.838198140894086],[11.005941422439196,48.821882996579234],[10.978371547878153,48.80909922324279],[10.995093747089475,48.76514900156605],[10.986478154137448,48.69677536417297],[11.002392803417358,48.66585013561019],[11.036855519623161,48.64425016597845],[11.041061915473055,48.62710777860064],[11.02298614880599,48.62017130240817],[11.050699194778215,48.60120685714196],[11.089813370975559,48.60332572014454],[11.142626797933389,48.5890218297111],[11.154955606182204,48.5956221008702],[11.165633799161032,48.57938998950216],[11.155315167187634,48.56184438870617],[11.156621870549168,48.54619004249923],[11.208667609619052,48.52748001979108],[11.210540057552326,48.49985314559688],[11.257128665671994,48.46775729515842],[11.268517341349751,48.463677306103236],[11.29541113631988,48.47457422110987],[11.310809563661435,48.45226116864995],[11.24735932395806,48.440776265192206],[11.239423107314897,48.43071394725426],[11.201361544975072,48.43352474560511],[11.194339019652901,48.43664425348667],[11.20669896710699,48.47563533216442],[11.128251205852793,48.50215841128216],[11.122890264712177,48.50194593837907],[11.118106454497266,48.493871017019195],[11.085095329706538,48.49940072798605],[11.073536642282276,48.50366947449306],[11.073307969663205,48.51416428889231],[11.052655652835888,48.52140899644846],[11.020141816346944,48.47563612136833],[11.005762540387273,48.47002905282771],[10.97528057785671,48.47659333162119],[10.959864510866428,48.49824771040583],[10.925151385613688,48.50645220782198],[10.87073288486103,48.49480575708956],[10.864239210243273,48.50751470730644],[10.871550801543103,48.53121094980836],[10.907204429068143,48.54009551538592],[10.924812030174726,48.53745764759588],[10.983529336724159,48.54489601849816],[10.985612806763086,48.54877149019122],[10.972731714665153,48.56963507922935],[10.924919542266727,48.58715679022458],[10.911834279418153,48.58490416834318],[10.897607159599332,48.59372358375586],[10.878963333766967,48.61759162005034],[10.88367170494044,48.62303383058879],[10.883903051616596,48.63690841589745],[10.875951543104328,48.63858127507896],[10.83531462884022,48.63471887601706],[10.824165074574259,48.62494126789523],[10.779367450939258,48.61893035014062],[10.776344365330578,48.604828976136524],[10.764851331897761,48.598256708671535],[10.773638472635273,48.53339354624217],[10.75386743056956,48.5144139276383],[10.750759563465637,48.504826812461005],[10.765158647974495,48.49768979086306],[10.715810804336346,48.48391397355823],[10.700553514745122,48.480462948913576],[10.701579091531706,48.48974940452326],[10.67517947763472,48.49872306194715],[10.616961592453912,48.49849420919848],[10.61203448949489,48.49744728490216],[10.609879366117324,48.48965371128516],[10.528355394889036,48.47138888534909],[10.488738279516525,48.48130242741148],[10.429010844406118,48.4801814191542],[10.4221643315465,48.51617035529142],[10.392188488502986,48.508852923916294],[10.386733984934027,48.49177231395764],[10.352321360979165,48.49129113734391],[10.324226309817723,48.479614943649466],[10.305915069180015,48.48521179279243],[10.27480928127035,48.5118144318924],[10.278267962811604,48.51607452066048],[10.312023161988511,48.52294378102338],[10.314183925144585,48.556289375009335],[10.309124485746041,48.57885980553007],[10.295175600328786,48.5927637431931],[10.297108768981522,48.60380974088833],[10.308534080687952,48.6049900601224],[10.308498095119287,48.617606170981986],[10.254379812327043,48.664143387501035],[10.256347050677004,48.680667165749206],[10.26870681289953,48.70354711710775],[10.335490078686584,48.68867632784785],[10.347162587342346,48.679413696781786],[10.3510788866195,48.65489107513078],[10.361128680270026,48.652826840168466],[10.391861800312853,48.68091780412927],[10.392510309868785,48.68858016528396],[10.408871359397736,48.6987925019219],[10.431747642419019,48.699492359897626],[10.437393747647606,48.693101878864724],[10.434847408882819,48.68760589572207],[10.418720956496246,48.68227162090678],[10.407384043174916,48.66653470836816],[10.410638818202257,48.66103394625185],[10.464998023138055,48.67053354061509],[10.489012627900811,48.6857450018736],[10.487257766229815,48.69666191090834],[10.476958230726575,48.70195695672417],[10.461489235950628,48.72947061265107],[10.417563888937329,48.74805304606106],[10.417848569649093,48.772730096743736],[10.430270506910945,48.77280152832458],[10.449985780869282,48.82517055646616],[10.45665641517249,48.920495962730904],[10.451372668937559,48.938660724592665],[10.418751747177675,48.96857920357948],[10.403681378890546,48.966790254795164],[10.40147999656297,48.97452316875242],[10.427277609013462,48.98170218627945],[10.421892142859699,48.99119627686812],[10.424263849062866,49.0040055184131],[10.469003364717466,49.01176184721787],[10.489198380282218,49.01162171700596],[10.501394471920849,49.005803015081085],[10.544419242062803,49.00712533010276],[10.539235937879193,49.02183274667157],[10.555715747200786,49.03408488942789],[10.595537031137328,49.03451666741126],[10.605627808497188,49.01752460631729]]]}},{"type":"Feature","properties":{"district":"255 Neu-Ulm","constituency_code":"255","state":"Bavaria"},"geometry":{"type":"Polygon","coordinates":[[[10.425575505044245,48.48917072643347],[10.429010844406118,48.4801814191542],[10.488738279516525,48.48130242741148],[10.528355394889036,48.47138888534909],[10.538453084755465,48.4329836567372],[10.505537131527964,48.410979741094],[10.539982944649596,48.40368983476544],[10.515548271083313,48.380382237809634],[10.512995730636638,48.374151843316604],[10.518505283596552,48.34788879178902],[10.512527147596876,48.336021864194024],[10.49898878143632,48.33007074141637],[10.494823933709649,48.317070183397604],[10.540729104679354,48.310490677556224],[10.552235278504687,48.319728136261475],[10.559163350707427,48.31915822829729],[10.582048019203068,48.31662620476829],[10.586643470703889,48.30845026789195],[10.591851261829454,48.27549609480869],[10.582228860003172,48.27173675256939],[10.561008954586667,48.231555431618055],[10.573641806105911,48.21212031200857],[10.562962537930064,48.201995317787286],[10.534738568825036,48.2061521897974],[10.526609899946285,48.22079907534855],[10.518835741389932,48.22507093269629],[10.442813334755446,48.207734023725706],[10.444203386397923,48.1916878394553],[10.411758430632121,48.19293415451426],[10.409164044455991,48.18535364423615],[10.390218880423358,48.18095834777284],[10.422392394638566,48.16819342101367],[10.476420519300923,48.15742175471729],[10.49634635100607,48.14618728739838],[10.510487896863827,48.13252285500599],[10.524089552963646,48.10156148648527],[10.515551714806213,48.093688493096536],[10.49189459583909,48.09855244463778],[10.474052638443656,48.09453057226908],[10.437589665883412,48.074237400845256],[10.434724100183912,48.07061315406119],[10.44214518398528,48.05554281942479],[10.431253372528992,48.02041729354226],[10.402265039663959,48.01759979905809],[10.382245741716773,48.02462725253584],[10.34457106642461,48.01891741930631],[10.321928299559815,48.00786287743581],[10.316622743920913,47.9937600479315],[10.29554299191946,47.987817281978174],[10.288557794501862,47.993107241176155],[10.295303139481392,48.00368161276544],[10.291224665578866,48.01161087296694],[10.274150142763293,48.03386008609855],[10.256704763799734,48.04390824878049],[10.23040012137495,48.04228266171563],[10.232819559788027,48.04600099825423],[10.229285959692717,48.0474575252236],[10.203949668499146,48.04066834520167],[10.169013988061044,48.023453686086754],[10.13572794396634,48.02376160003188],[10.133974144036934,48.03800309956529],[10.143951500812651,48.05953758150673],[10.136457059268354,48.108459267050435],[10.107074310457966,48.13214418268626],[10.068272413991336,48.2292601293051],[10.059193098288084,48.28436383943419],[10.04254942694323,48.29422970774717],[9.994822284879053,48.35528090198534],[9.97049840383577,48.36840479017494],[9.969934361667981,48.3793802848811],[9.996824892902524,48.395987046722226],[10.029680004339506,48.42485016999699],[10.03269444705619,48.4571964454086],[10.070846069280277,48.45836711978173],[10.087154247253528,48.463488395561654],[10.103261012220152,48.47532945653635],[10.133895408782676,48.45487141461088],[10.160457290357758,48.458759599007394],[10.180706731402491,48.475526234637876],[10.241406301620406,48.49195965028325],[10.230779588387906,48.51051118053841],[10.278267962811604,48.51607452066048],[10.27480928127035,48.5118144318924],[10.305915069180015,48.48521179279243],[10.324226309817723,48.479614943649466],[10.352321360979165,48.49129113734391],[10.386733984934027,48.49177231395764],[10.392188488502986,48.508852923916294],[10.4221643315465,48.51617035529142],[10.425575505044245,48.48917072643347]]]}},{"type":"Feature","properties":{"district":"256 Oberallgäu","constituency_code":"256","state":"Bavaria"},"geometry":{"type":"Polygon","coordinates":[[[10.262847474313745,47.85928517349894],[10.28655715624404,47.855020031410625],[10.326900924240833,47.85807527066969],[10.328019809543507,47.851219546402014],[10.36184441700194,47.81199279066689],[10.415169891155145,47.79770375625804],[10.435189025799568,47.79870606295677],[10.444530919946647,47.758449640040304],[10.455664311326858,47.75294583491267],[10.467415510429408,47.736252686916345],[10.459138212289417,47.69334845259444],[10.501796504521387,47.68371382809929],[10.506503616145626,47.65528153214401],[10.503297315077338,47.63958320472542],[10.496487958511127,47.63289842324918],[10.476032122662708,47.63099911266788],[10.4540467832671,47.61463794557126],[10.462134713727014,47.60381333924696],[10.472856018488956,47.60482293441279],[10.472626702450386,47.58695060355888],[10.432816181175788,47.58131736855352],[10.432750116537024,47.571244688783295],[10.449352897007563,47.5528848735298],[10.433855106592341,47.49909520686727],[10.442741466394004,47.48459891490965],[10.451713773404503,47.48547479232191],[10.468022327817216,47.47691846827118],[10.47582270383255,47.43298667442871],[10.438468363382013,47.41367392536079],[10.430352946930702,47.39619511623417],[10.394355110471645,47.37589840442588],[10.34856741641348,47.323928051323094],[10.281478671062606,47.28754811400302],[10.2322731426402,47.270477527782326],[10.17419188334917,47.270201192685896],[10.17869997949858,47.295726556456664],[10.199089891424643,47.29752798044246],[10.214156440206182,47.311420998524696],[10.211114671367527,47.31894092923236],[10.199483048827759,47.326599002518414],[10.232828180683391,47.369232766515985],[10.222687936434825,47.38547698698497],[10.18438436295187,47.39096909906426],[10.169191420730842,47.385793908430195],[10.169485452220947,47.37134873821197],[10.155243253300574,47.367450258637305],[10.137560258436205,47.36791354626036],[10.119226010287798,47.375702475318505],[10.099780482137433,47.35473600143824],[10.083840802030025,47.39080003737989],[10.071344704032354,47.40706642403121],[10.105676346327655,47.42848052317526],[10.080666644164628,47.45527710177326],[10.060435460357965,47.46468471892736],[10.045556401296723,47.48505471063433],[10.00312078013783,47.481804786827325],[9.995348118622557,47.486315245469044],[9.964976612906783,47.521274310955334],[9.967813723345431,47.546240427648605],[9.949863811102796,47.53610533408316],[9.921557813081192,47.529641534105764],[9.903064401519215,47.54399890260608],[9.880423243661701,47.54839177922446],[9.875437492753768,47.5438075799178],[9.874248534811903,47.528597427800875],[9.827867697473865,47.54637197543288],[9.824384595126261,47.58593237038617],[9.800486207935945,47.59568366222702],[9.77665196675807,47.5939820800201],[9.765199632950324,47.5877858208678],[9.727625536601808,47.538040544786675],[9.649200478586067,47.558427142527414],[9.606785638362103,47.57552843742905],[9.602158544217666,47.58394622094332],[9.6263405863323,47.592491433494956],[9.657709588493981,47.611725246895645],[9.692543113381037,47.61076901382476],[9.69458215245804,47.604664542878695],[9.704846127921122,47.60177467080169],[9.753379717863087,47.61158119704777],[9.828553282279499,47.65790120441511],[9.830854947483413,47.67168264669532],[9.844051672242118,47.67684035267694],[9.874328010927545,47.67539200102931],[9.893277499146398,47.6632327717241],[9.959522463602154,47.6523040966078],[9.970746357417017,47.653626323210126],[9.980659236379251,47.66704324629544],[10.001902409042692,47.68199943299944],[10.028966243437733,47.68654120004802],[10.059312462873022,47.68062877636233],[10.077292399782529,47.63927426123788],[10.083298689362397,47.65553532274375],[10.093847714580331,47.66504665437056],[10.111133755823255,47.66599043304834],[10.129336189421641,47.676136520219785],[10.139665287731937,47.69942794501495],[10.116428889232171,47.71931672510723],[10.115541105449738,47.75827129035712],[10.082513094522994,47.771180985812606],[10.072189778871518,47.78908473006544],[10.133134098092494,47.81584054570396],[10.131928341128846,47.82008750674943],[10.189361505940536,47.83930137093627],[10.235815669431789,47.83961235663059],[10.249230849495259,47.84508140616506],[10.249951529024786,47.85570632390137],[10.262847474313745,47.85928517349894]]]}},{"type":"Feature","properties":{"district":"257 Ostallgäu","constituency_code":"257","state":"Bavaria"},"geometry":{"type":"Polygon","coordinates":[[[10.546341749222988,48.20271377604888],[10.562962537930064,48.201995317787286],[10.57751769063386,48.21346614088189],[10.59198355470459,48.20954437393356],[10.568760313819583,48.18403918016113],[10.55121320011642,48.18004831693949],[10.543921507898974,48.17305747692309],[10.600059258989393,48.166143614027995],[10.678658132733554,48.173532372109],[10.69283818994091,48.16688300398965],[10.701161052665787,48.14500535704723],[10.695543731005026,48.1375811711574],[10.686699501088599,48.135699778055866],[10.684760166283017,48.127091168844885],[10.693148623159045,48.09536243240404],[10.816167307433442,48.10511805670736],[10.808012465467307,48.086668304994866],[10.783144057700795,48.07597526895215],[10.755919406934368,48.04589302495708],[10.760268246093666,48.03424220711972],[10.7943979223208,48.04004357303116],[10.815651252984471,48.03088771821662],[10.826458063668547,47.995260757230184],[10.799681841340869,47.93685889669228],[10.776815150937473,47.923571781363165],[10.759705734552037,47.853634628438954],[10.767090368675731,47.84379345349488],[10.758544130548247,47.83832267371843],[10.748397189460945,47.8113931674979],[10.751767304456232,47.79196415261748],[10.766320649312645,47.78509941565024],[10.762316046326749,47.76667679573081],[10.740807106533241,47.76777787804844],[10.733311204633845,47.74418576221904],[10.736087154057676,47.71716593639181],[10.718530119406925,47.71279917090686],[10.715888479371142,47.70548046176774],[10.734338913948145,47.685348799597726],[10.773784974232688,47.700057316578516],[10.793422060881522,47.71841055019193],[10.82910412905672,47.72779629810702],[10.82877463710791,47.71885769948853],[10.778099050747832,47.662223118479595],[10.797736376690727,47.65621337062545],[10.823636589766265,47.65693919536926],[10.845740480928393,47.66438364959894],[10.856312072350514,47.66199517477203],[10.88018828328718,47.654977072822334],[10.93518217664488,47.61685900684978],[10.954276516047175,47.61652032737423],[10.943194409998377,47.59730947379396],[10.926218294796133,47.58663947589232],[10.872825937902581,47.57245887800218],[10.871372716731438,47.562768557414444],[10.886159319376741,47.53683929801446],[10.811422350224191,47.524688897162484],[10.777643562519188,47.51410635418686],[10.76380109569079,47.51973852747151],[10.764018432522517,47.52821089288227],[10.7586119687909,47.53448651919431],[10.69482111097075,47.544638152868764],[10.686855970650743,47.55799521975806],[10.598129845446145,47.56961280715341],[10.580230620881899,47.551962432670706],[10.573514750538024,47.533907054560345],[10.48955912593244,47.53995304423416],[10.464394154972894,47.558471407446326],[10.471271045501373,47.570294038949],[10.474505522826215,47.60092357801693],[10.471261191132479,47.60563123152918],[10.462134713727014,47.60381333924696],[10.4540467832671,47.61463794557126],[10.476032122662708,47.63099911266788],[10.495643825440666,47.63258456097576],[10.502938298993557,47.63899913193883],[10.506503616145626,47.65528153214401],[10.501796504521387,47.68371382809929],[10.459138212289417,47.69334845259444],[10.467415510429408,47.736252686916345],[10.455664311326858,47.75294583491267],[10.444530919946647,47.758449640040304],[10.435189025799568,47.79870606295677],[10.415169891155145,47.79770375625804],[10.36184441700194,47.81199279066689],[10.328019809543507,47.851219546402014],[10.326900924240833,47.85807527066969],[10.28655715624404,47.855020031410625],[10.260763507136863,47.859415443678756],[10.249951529024786,47.85570632390137],[10.249230849495259,47.84508140616506],[10.235815669431789,47.83961235663059],[10.189361505940536,47.83930137093627],[10.131928341128846,47.82008750674943],[10.080036151058158,47.86055992142658],[10.076755533427825,47.86780934862881],[10.091598749698916,47.86739846917166],[10.105704628359574,47.87902653356499],[10.101384738223905,47.90280184988859],[10.11013636062859,47.93714999244129],[10.088542308908405,47.949034327560206],[10.086011856051453,47.96521286362962],[10.09320708128466,47.972331728933995],[10.114954568284752,47.97625743450468],[10.119550393244419,48.00349993011178],[10.13572794396634,48.02376160003188],[10.169013988061044,48.023453686086754],[10.203949668499146,48.04066834520167],[10.229285959692717,48.0474575252236],[10.232819559788027,48.04600099825423],[10.23040012137495,48.04228266171563],[10.256704763799734,48.04390824878049],[10.274150142763293,48.03386008609855],[10.291224665578866,48.01161087296694],[10.295303139481392,48.00368161276544],[10.288557794501862,47.993107241176155],[10.29554299191946,47.987817281978174],[10.316622743920913,47.9937600479315],[10.321928299559815,48.00786287743581],[10.34457106642461,48.01891741930631],[10.382245741716773,48.02462725253584],[10.402265039663959,48.01759979905809],[10.431253372528992,48.02041729354226],[10.44214518398528,48.05554281942479],[10.434724100183912,48.07061315406119],[10.437589665883412,48.074237400845256],[10.474052638443656,48.09453057226908],[10.49189459583909,48.09855244463778],[10.515551714806213,48.093688493096536],[10.524089552963646,48.10156148648527],[10.510487896863827,48.13252285500599],[10.49634635100607,48.14618728739838],[10.476420519300923,48.15742175471729],[10.422392394638566,48.16819342101367],[10.390218880423358,48.18095834777284],[10.409164044455991,48.18535364423615],[10.411758430632121,48.19293415451426],[10.444203386397923,48.1916878394553],[10.442813334755446,48.207734023725706],[10.518835741389932,48.22507093269629],[10.526609899946285,48.22079907534855],[10.534738568825036,48.2061521897974],[10.546341749222988,48.20271377604888]]]}},{"type":"Feature","properties":{"district":"258 Stuttgart I","constituency_code":"258","state":"Baden-Württemberg"},"geometry":{"type":"Polygon","coordinates":[[[9.269891039251254,48.75565580272501],[9.255310688644851,48.741035064548456],[9.214278458331925,48.73142987292116],[9.212806451025449,48.726942698693634],[9.245221137461549,48.69462894945379],[9.21711712359215,48.69030551513087],[9.197377450105709,48.69084920980469],[9.172072994217968,48.70263765348262],[9.149418971730157,48.70712246823011],[9.093423279862847,48.71155435607293],[9.075890725805735,48.719911719863624],[9.054751192368744,48.738266568406935],[9.06484729869257,48.75557718298901],[9.077562482172178,48.754787136236466],[9.085024360944947,48.77182834432914],[9.086493038060325,48.78309046468248],[9.075728143848899,48.78721671639384],[9.078503560187999,48.7951766658214],[9.088293261680839,48.799600733269436],[9.113076143513414,48.797414411451015],[9.104748011374543,48.78840871855467],[9.117490780051156,48.77059154667747],[9.125596462516649,48.76930028522036],[9.13470790893452,48.77377354727901],[9.139983615885997,48.78860698773941],[9.171579771021717,48.809397508357506],[9.188997933350445,48.807656037557386],[9.203937796872841,48.79886303268808],[9.188248230850975,48.7892229670219],[9.194746941076918,48.75740994762744],[9.205538985163015,48.75494477851555],[9.23082610901114,48.766989322794466],[9.258244605896097,48.7715521401643],[9.269891039251254,48.75565580272501]]]}},{"type":"Feature","properties":{"district":"259 Stuttgart II","constituency_code":"259","state":"Baden-Württemberg"},"geometry":{"type":"Polygon","coordinates":[[[9.244169858027307,48.84700871440315],[9.241765100751996,48.82622182278962],[9.259348417430765,48.79651227597399],[9.295229804850827,48.78906340857231],[9.315226227820572,48.779006636266665],[9.31364910856276,48.774483703529505],[9.279945288654229,48.768389772466634],[9.269891039251254,48.75565580272501],[9.258244605896097,48.7715521401643],[9.23082610901114,48.766989322794466],[9.202426957231738,48.755022389795144],[9.194746941076918,48.75740994762744],[9.188248230850975,48.7892229670219],[9.203937796872841,48.79886303268808],[9.188997933350445,48.807656037557386],[9.167527825216595,48.807764129711565],[9.139983615885997,48.78860698773941],[9.13470790893452,48.77377354727901],[9.125596462516649,48.76930028522036],[9.117490780051156,48.77059154667747],[9.104748011374543,48.78840871855467],[9.113076143513414,48.797414411451015],[9.084413414442643,48.79875887226486],[9.086426056226372,48.8293683528579],[9.097470525179354,48.83235941671817],[9.113305364815515,48.82177279265755],[9.13808447314998,48.82805123979745],[9.13825740511463,48.84374049025572],[9.155566519852599,48.85794689002104],[9.171383735529561,48.84933058719652],[9.244169858027307,48.84700871440315]]]}},{"type":"Feature","properties":{"district":"260 Böblingen","constituency_code":"260","state":"Baden-Württemberg"},"geometry":{"type":"Polygon","coordinates":[[[8.99417347002126,48.832962501203035],[9.030789607454643,48.82785661483298],[9.043103182356761,48.82112816642306],[9.042380855912805,48.80934419874692],[9.032003473127764,48.79853073973754],[9.051387811581163,48.76352490629492],[9.06484729869257,48.75557718298901],[9.054751192368744,48.738266568406935],[9.083808322923014,48.71502998130723],[9.104720496584658,48.709079452089824],[9.104434513791553,48.68777730271945],[9.085066676143486,48.68064256733273],[9.0875957951883,48.673524338298556],[9.104852320398681,48.66324636131313],[9.101269600724265,48.62772870105481],[9.095599903920261,48.61590196243472],[9.07204054931094,48.591749218597045],[8.977985902594213,48.59097412683389],[8.889811188526961,48.56447228576647],[8.858572984974959,48.53878511417609],[8.864593146686909,48.51230589399772],[8.846692018080095,48.50007790426986],[8.79998120563065,48.50845392590254],[8.789855809025193,48.52007123439945],[8.75945030261861,48.525677325488004],[8.751257953667675,48.59336684605298],[8.773858637692138,48.599963453635425],[8.790033470183225,48.59658933679176],[8.801049865053006,48.61122209388905],[8.79819069913772,48.62357292869624],[8.789938027574236,48.62908568806911],[8.798730962980638,48.658625020918876],[8.85148879083936,48.68481369587086],[8.878631015191267,48.7247730410028],[8.833499889941526,48.74322911993841],[8.799952235250561,48.77495165221766],[8.833175670690249,48.79791612346715],[8.867768551448826,48.79241996871286],[8.891553648049713,48.803506777706815],[8.901036597359735,48.81891996403075],[8.915455539541728,48.81707336263424],[8.929468872746066,48.82766561857269],[8.99417347002126,48.832962501203035]]]}},{"type":"Feature","properties":{"district":"261 Esslingen","constituency_code":"261","state":"Baden-Württemberg"},"geometry":{"type":"Polygon","coordinates":[[[9.403221185520403,48.78088931322398],[9.468709982640988,48.773187220899125],[9.50309550409976,48.753939062126236],[9.503864691398286,48.74162448335006],[9.491435413601245,48.720664985956425],[9.493608873737623,48.698389553962905],[9.488223004277472,48.68690085947459],[9.405289964572928,48.661885555419474],[9.399579140424908,48.657467227706526],[9.403463845356018,48.649528468776985],[9.397487676220175,48.64551213118292],[9.366663916070044,48.660778366986314],[9.366542235065223,48.66834074149673],[9.355339508651555,48.67299241895242],[9.321318041125572,48.67318502327471],[9.312953008794292,48.670397769850396],[9.31340570718424,48.662964809881124],[9.270616795088158,48.664360814788566],[9.254816720979004,48.67376312566071],[9.245221137461549,48.69462894945379],[9.212806451025449,48.726942698693634],[9.21651268083729,48.7322921615405],[9.255310688644851,48.741035064548456],[9.279945288654229,48.768389772466634],[9.30321594204253,48.77486662952176],[9.326044771326329,48.768337252059794],[9.384962174808319,48.769995813912075],[9.385392340368657,48.78564991216485],[9.392678376332913,48.787854279485316],[9.403221185520403,48.78088931322398]]]}},{"type":"Feature","properties":{"district":"262 Nürtingen","constituency_code":"262","state":"Baden-Württemberg"},"geometry":{"type":"Polygon","coordinates":[[[9.104720496584658,48.709079452089824],[9.160714016083197,48.70507362072553],[9.202245908814206,48.69015070899505],[9.245221137461549,48.69462894945379],[9.254816720979004,48.67376312566071],[9.270616795088158,48.664360814788566],[9.31340570718424,48.662964809881124],[9.312953008794292,48.670397769850396],[9.321318041125572,48.67318502327471],[9.355339508651555,48.67299241895242],[9.366542235065223,48.66834074149673],[9.366663916070044,48.660778366986314],[9.397487676220175,48.64551213118292],[9.403463845356018,48.649528468776985],[9.399579140424908,48.657467227706526],[9.405289964572928,48.661885555419474],[9.488223004277472,48.68690085947459],[9.497942937871946,48.666052298501704],[9.510650108827013,48.65942128428717],[9.55514319648366,48.65136434726874],[9.592773684807515,48.61676733027113],[9.596039813890142,48.61105650429175],[9.593666849361375,48.57456218683356],[9.57862282284192,48.5696359773284],[9.560695193997304,48.55207553293183],[9.582475263284039,48.539146906360656],[9.565834337475922,48.538342303409685],[9.533647018322803,48.51982009561861],[9.497262544356309,48.521717602217805],[9.463549845839072,48.544293518358025],[9.45135671446542,48.54637296293586],[9.426108014660029,48.544026653593555],[9.41856039083961,48.53625532380044],[9.392951748754797,48.53096621749336],[9.324124260394811,48.54123695304542],[9.31733230713968,48.55214514915407],[9.295315135635976,48.56551451156263],[9.216239327334888,48.56803480687196],[9.20717019526837,48.57277679287508],[9.202987847889815,48.58634404045017],[9.205070655588546,48.6033752186744],[9.157441151436995,48.6055067275101],[9.120373366256402,48.60039283892378],[9.110926973664972,48.60497862807186],[9.114200418416353,48.61147716924076],[9.107773367305278,48.62280990323418],[9.097393229710297,48.621932605308515],[9.104852320398681,48.66324636131313],[9.0875957951883,48.673524338298556],[9.085066676143486,48.68064256733273],[9.104434513791553,48.68777730271945],[9.104720496584658,48.709079452089824]]]}},{"type":"Feature","properties":{"district":"263 Göppingen","constituency_code":"263","state":"Baden-Württemberg"},"geometry":{"type":"Polygon","coordinates":[[[9.651521420916776,48.771530074587155],[9.705120025780685,48.77879711398929],[9.737561601456374,48.776218175191964],[9.807626530907001,48.718876052970174],[9.837890820598448,48.7301131448705],[9.886033166497844,48.714651515833204],[9.902895311047011,48.71600244291945],[9.90658712509464,48.729763706436025],[9.89613714307724,48.72506695630341],[9.882845344648372,48.73776426190188],[9.882552990240324,48.7511535881169],[9.887644431294772,48.751838253731144],[9.932107934779669,48.74101257632652],[9.937646997686716,48.73117524220258],[9.970080940442745,48.725165349946984],[9.98777033113421,48.72725374202658],[9.994522943976365,48.71448757842867],[9.968503210616104,48.67175775116293],[9.946921113997986,48.66279442221474],[9.931825365244418,48.66743939646374],[9.920916697592252,48.64857913404932],[9.92129693594003,48.63713341560077],[9.93803734096374,48.63738134335665],[9.944407359138655,48.635623891675436],[9.944071590108432,48.63175538087674],[9.925015160825959,48.62789033033622],[9.892586550320308,48.61255128363908],[9.863411121478832,48.58545069699621],[9.81398705064384,48.55792669875081],[9.765056876742458,48.56424026555635],[9.730114036430217,48.563490356853826],[9.718971342237294,48.55709963066007],[9.723100128493783,48.549619977076894],[9.719852411189763,48.54519985514842],[9.682060020538842,48.524604336953395],[9.656504460516137,48.521283200504435],[9.632550173400737,48.536978692799146],[9.611222776063277,48.54145867347278],[9.585174509992639,48.53674125207709],[9.561634437335643,48.549016998966586],[9.57862282284192,48.5696359773284],[9.593666849361375,48.57456218683356],[9.59566791846827,48.61209665118125],[9.55514319648366,48.65136434726874],[9.510650108827013,48.65942128428717],[9.497942937871946,48.666052298501704],[9.488223004277472,48.68690085947459],[9.493608873737623,48.698389553962905],[9.491435413601245,48.720664985956425],[9.503864691398286,48.74162448335006],[9.50309550409976,48.753939062126236],[9.50966594147088,48.75924116518832],[9.517725622943194,48.76228060677798],[9.534207582763663,48.75710963208769],[9.552476873194259,48.745188242316544],[9.581437274751764,48.75053069234226],[9.584918021124848,48.76359125300491],[9.57107690527987,48.77171479735728],[9.573990263047337,48.78020225527097],[9.651521420916776,48.771530074587155]]]}},{"type":"Feature","properties":{"district":"264 Waiblingen","constituency_code":"264","state":"Baden-Württemberg"},"geometry":{"type":"Polygon","coordinates":[[[9.677224213273165,48.93947975260478],[9.706309131905797,48.909289615770206],[9.719668047176874,48.911794323320585],[9.744320820026127,48.8989674757643],[9.768683350488079,48.833078251920554],[9.752339127398647,48.82310353004576],[9.7197927860115,48.81420122827659],[9.703452683088527,48.82323223481742],[9.658958999767956,48.82528844644411],[9.640447227001976,48.81992162159034],[9.649976634656399,48.80695366796127],[9.638988243077367,48.795438062787355],[9.619979220911993,48.78821124423176],[9.619061777400217,48.779507007764785],[9.626597887165923,48.774377045177616],[9.58552244216797,48.781358913268775],[9.572399728184475,48.778687037428476],[9.57107690527987,48.77171479735728],[9.584918021124848,48.76359125300491],[9.580847271918758,48.75008512733898],[9.552476873194259,48.745188242316544],[9.517725622943194,48.76228060677798],[9.50309550409976,48.753939062126236],[9.468709982640988,48.773187220899125],[9.407469675173674,48.77897040179234],[9.390764779444044,48.78820398032255],[9.382613665081996,48.782779885345015],[9.386476691489374,48.77040672669829],[9.326044771326329,48.768337252059794],[9.295229804850827,48.78906340857231],[9.259348417430765,48.79651227597399],[9.241765100751996,48.82622182278962],[9.244169858027307,48.84700871440315],[9.252098157733899,48.85509413585852],[9.294136459561456,48.86327449067511],[9.301992229678767,48.87473754757539],[9.297178470823601,48.885191611353385],[9.31800344517985,48.904852135365125],[9.359213444099298,48.905281264880166],[9.374808087866132,48.90944235060325],[9.376608145064509,48.91655737532508],[9.385216122233889,48.92146493517842],[9.451681074311635,48.8990110298433],[9.487924068191681,48.89795168697471],[9.555720832112508,48.91358507170695],[9.568550717798697,48.911336391258],[9.57013924834438,48.901797570882145],[9.584151613235358,48.89813588478232],[9.594735471401195,48.92090617010382],[9.592799313737622,48.93028067138813],[9.604220140916473,48.937937302884265],[9.631566258407464,48.94408979447838],[9.677224213273165,48.93947975260478]]]}},{"type":"Feature","properties":{"district":"265 Ludwigsburg","constituency_code":"265","state":"Baden-Württemberg"},"geometry":{"type":"Polygon","coordinates":[[[9.04569633959683,48.942833131006374],[9.090556846914957,48.91608045302068],[9.116679560289267,48.90892334754663],[9.224289145932415,48.92412146718253],[9.293766060245831,48.918192969716706],[9.31301004818357,48.90037363452787],[9.297178470823601,48.885191611353385],[9.301992229678767,48.87473754757539],[9.294136459561456,48.86327449067511],[9.252098157733899,48.85509413585852],[9.244169858027307,48.84700871440315],[9.171383735529561,48.84933058719652],[9.155566519852599,48.85794689002104],[9.13825740511463,48.84374049025572],[9.13808447314998,48.82805123979745],[9.113305364815515,48.82177279265755],[9.097470525179354,48.83235941671817],[9.086426056226372,48.8293683528579],[9.084413414442643,48.79875887226486],[9.075215711584367,48.789836648029485],[9.086493038060325,48.78309046468248],[9.085798146756945,48.77376305862538],[9.073842892680934,48.75359716567561],[9.051387811581163,48.76352490629492],[9.032003473127764,48.79853073973754],[9.045384712827259,48.81590488751933],[9.036385948287712,48.82569952633324],[8.99417347002126,48.832962501203035],[8.968182917284633,48.82885698420991],[8.953843788618586,48.8316182701976],[8.929468872746066,48.82766561857269],[8.910048930870127,48.81576084858826],[8.894517481473663,48.82049923952031],[8.872812119108113,48.83653568910363],[8.905269604269085,48.86230069102748],[8.928800380621043,48.86655704193997],[8.917519106396098,48.88342615564573],[8.906741825470561,48.94200647892425],[8.931821848770308,48.9388443008849],[8.94818029316889,48.9418526894957],[8.945315066512466,48.96176574954866],[8.922019871009145,48.98905689809317],[8.904730291620956,49.0213147905081],[8.93249122480685,49.01182966009245],[8.984452600964014,49.00464780541776],[9.030754494000972,48.97890825073175],[9.038958781175696,48.96789709738813],[9.037457254073109,48.95790117516795],[9.04569633959683,48.942833131006374]]]}},{"type":"Feature","properties":{"district":"266 Neckar-Zaber","constituency_code":"266","state":"Baden-Württemberg"},"geometry":{"type":"Polygon","coordinates":[[[9.13118787498388,49.12530594341064],[9.161482888904539,49.09313328337995],[9.174818165356243,49.094380440538345],[9.21587341719813,49.11134837681436],[9.259830241434264,49.109333915696645],[9.309884519503907,49.11603911678268],[9.348158153574651,49.104079195463555],[9.371191749631038,49.08404674735038],[9.426213957264666,49.070069525162694],[9.426036184061259,49.06451768611606],[9.401401005877466,49.06847936663006],[9.395005297889016,49.06438645063204],[9.396981620270099,49.059368535252425],[9.414326106907385,49.05928538491063],[9.412311130384502,49.05236024858153],[9.416235788516078,49.0473770494351],[9.399535762638166,49.04398467378183],[9.399053238997976,49.03332950867961],[9.346033622350609,49.00755836054013],[9.338886655037928,48.99512060823052],[9.348001707904132,48.99409055907246],[9.367285440118286,48.979085961826954],[9.371413311865773,48.971427970233194],[9.368022987990777,48.966833169737484],[9.330407039827103,48.9511898830312],[9.304829522175728,48.950505200831095],[9.320565605370593,48.933573039243015],[9.362897492940972,48.91167819933914],[9.376608145064509,48.91655737532508],[9.374808087866132,48.90944235060325],[9.359213444099298,48.905281264880166],[9.333397343795388,48.90756875002279],[9.31301004818357,48.90037363452787],[9.293766060245831,48.918192969716706],[9.224289145932415,48.92412146718253],[9.116679560289267,48.90892334754663],[9.090556846914957,48.91608045302068],[9.04569633959683,48.942833131006374],[9.037457254073109,48.95790117516795],[9.038958781175696,48.96789709738813],[9.030754494000972,48.97890825073175],[8.984452600964014,49.00464780541776],[8.919096707947023,49.015347448680274],[8.876031581130333,49.035169874259424],[8.877794372645765,49.058478403695055],[8.891458178393231,49.082687531788615],[8.976278599783125,49.07964610083966],[9.04315596288925,49.116719690540414],[9.073772447800835,49.11768950134364],[9.083548402894435,49.13436675053874],[9.075539361247932,49.137692826347305],[9.072331307264669,49.154358322902375],[9.091236570709796,49.170161337067285],[9.114896201790074,49.16900768301043],[9.160804299836496,49.149701671542516],[9.160810518756907,49.145032714155136],[9.13118787498388,49.12530594341064]]]}},{"type":"Feature","properties":{"district":"267 Heilbronn","constituency_code":"267","state":"Baden-Württemberg"},"geometry":{"type":"Polygon","coordinates":[[[9.421078023802057,49.35766491758526],[9.443491266517118,49.36433695003336],[9.46505480687549,49.35510905381243],[9.46545509782606,49.33716505858658],[9.47340131622214,49.32157535705318],[9.507396368645955,49.313487075854965],[9.484363289709929,49.29844675529893],[9.444604657239802,49.287357100009835],[9.425123712196406,49.26859541482646],[9.414277380805826,49.246036840825184],[9.424405053325843,49.23494323472747],[9.452209129644986,49.22047980168232],[9.426161336177673,49.2036271594163],[9.405518401577508,49.19674374066112],[9.37581551482193,49.19487574875272],[9.348255294978747,49.17121570180994],[9.386557465003921,49.148798227773],[9.413612054515342,49.148272105333376],[9.4269134201302,49.14027716247562],[9.438282573258965,49.128934050903744],[9.442401026995322,49.117395730000915],[9.432739613349513,49.10313615261772],[9.437904984709402,49.09564706555638],[9.487828112390645,49.111635567138805],[9.489818555586295,49.12063098803139],[9.482721185045001,49.13419493783545],[9.489573456708984,49.13953731087691],[9.508177137430884,49.13360456596072],[9.527490531620156,49.108550758698655],[9.501812614075188,49.10263975528147],[9.49740844938372,49.09701428933865],[9.500877051309885,49.07900070418282],[9.45157141993138,49.072504832362874],[9.435437707575577,49.060307767371846],[9.44049394152973,49.052574843777776],[9.435083704994375,49.04780095474477],[9.416235788516078,49.0473770494351],[9.412311130384502,49.05236024858153],[9.414326106907385,49.05928538491063],[9.396981620270099,49.059368535252425],[9.394635760626112,49.06318641256973],[9.401401005877466,49.06847936663006],[9.426036184061259,49.06451768611606],[9.426213957264666,49.070069525162694],[9.371191749631038,49.08404674735038],[9.348158153574651,49.104079195463555],[9.309884519503907,49.11603911678268],[9.259830241434264,49.109333915696645],[9.21587341719813,49.11134837681436],[9.174818165356243,49.094380440538345],[9.161482888904539,49.09313328337995],[9.13118787498388,49.12530594341064],[9.160810518756907,49.145032714155136],[9.160804299836496,49.149701671542516],[9.114896201790074,49.16900768301043],[9.091236570709796,49.170161337067285],[9.072331307264669,49.154358322902375],[9.075539361247932,49.137692826347305],[9.083548402894435,49.13436675053874],[9.073772447800835,49.11768950134364],[9.04315596288925,49.116719690540414],[8.976278599783125,49.07964610083966],[8.891458178393231,49.082687531788615],[8.891526463050448,49.11147785078658],[8.874466778285624,49.128901250807104],[8.869701472267884,49.131980904132476],[8.82595426090645,49.12754802633381],[8.827527269415702,49.13516497277586],[8.842161092416587,49.15021848838839],[8.817688662726539,49.15778924873599],[8.816164109417636,49.16530595187993],[8.825901907782267,49.18792669358913],[8.818232824024996,49.194496908728034],[8.86350344877214,49.1744461882312],[8.896088792931023,49.18203362798036],[8.896772839615382,49.20272757220162],[8.952625940118034,49.212616679732726],[9.004204601654763,49.24143127818128],[9.042199069692002,49.27816152100591],[9.041750677013708,49.282519237695816],[9.02447755894855,49.293270172575866],[9.028106950693477,49.297384430176706],[9.04912639296519,49.292862271137736],[9.050198925963164,49.28648824578485],[9.068701364128302,49.27897004960275],[9.120889827202214,49.27171448102979],[9.150320002204587,49.27441100111865],[9.156765204140006,49.303097870485686],[9.154436408318077,49.30961969976078],[9.162100465206988,49.32891039711187],[9.206307775048721,49.32406541557097],[9.240186754637985,49.30230922523139],[9.287462812129831,49.32992666083105],[9.310704277563278,49.36195981004861],[9.310580293289421,49.377531777899414],[9.33029321408588,49.38790454563982],[9.355670619264174,49.370351899425614],[9.421078023802057,49.35766491758526]]]}},{"type":"Feature","properties":{"district":"268 Schwäbisch Hall – Hohenlohe","constituency_code":"268","state":"Baden-Württemberg"},"geometry":{"type":"Polygon","coordinates":[[[9.65341073213264,49.41614801473102],[9.712203243888249,49.39877093021419],[9.808074100722857,49.390881323225784],[9.828846043352959,49.39361583434008],[9.855564439613618,49.36836743086692],[9.876396779936357,49.37438601792324],[9.911509040790934,49.36801704928327],[9.935250078777614,49.352198167046296],[9.992254744643121,49.37213437183015],[10.039960570912656,49.36927185248891],[10.03406466909292,49.38206650566646],[10.067879093895007,49.39261837932551],[10.113368536378228,49.39310753930141],[10.107615523243146,49.35169864366988],[10.150681256876869,49.280650652014934],[10.147428862265794,49.268541827097714],[10.113284776247015,49.25812091847786],[10.133150301458551,49.1977492531773],[10.200049891830082,49.160331317829844],[10.224112366747073,49.161679372602535],[10.251882958185377,49.14366370706359],[10.255526651591165,49.137617343278876],[10.252748773103628,49.12991372466682],[10.215249857166537,49.11328348275899],[10.20499764817379,49.09811900055889],[10.24953048573552,49.09241698210887],[10.261127264934558,49.06269756598027],[10.202186242988697,49.04093366595633],[10.188465547460623,49.04491677504311],[10.188015353415558,49.05319036922351],[10.148561891131342,49.05131947110339],[10.117125417765537,49.039676446244165],[10.03666630320197,49.04687345414454],[10.020135640428867,49.05252426969509],[9.98136833039307,49.04470590110789],[9.975019493240886,49.039675329701666],[9.975508805501818,49.02231829307986],[9.995745582701682,49.0069770305207],[10.014082196308562,48.98222503138514],[9.917880695331366,48.96858852058865],[9.895036512443527,48.94912050538124],[9.900794820674562,48.94307566035016],[9.878273452794183,48.918853048098974],[9.834887905930314,48.91791928650312],[9.8280983304113,48.92629712427593],[9.845603587122628,48.93085326538144],[9.84447026388179,48.93491198210938],[9.789352739042066,48.95385838118636],[9.74743922454541,48.95732539023637],[9.738465366423489,48.96342572460007],[9.693308876801352,48.96401708223687],[9.679876683212592,48.96829057838132],[9.66951419406237,48.97905245828707],[9.676276765362156,48.98957225813321],[9.635041072946542,49.00412889786956],[9.600274602421113,49.004079279915636],[9.597829472693647,49.00763050910982],[9.613546287024139,49.048296217886275],[9.535342839932982,49.057750625792714],[9.500877051309885,49.07900070418282],[9.49740844938372,49.09701428933865],[9.501812614075188,49.10263975528147],[9.527490531620156,49.108550758698655],[9.508177137430884,49.13360456596072],[9.491775353730597,49.13980002263232],[9.484835099111862,49.137974240485285],[9.482724664684627,49.1301289965172],[9.490399748601595,49.115778685181546],[9.487828112390645,49.111635567138805],[9.437904984709402,49.09564706555638],[9.432739613349513,49.10313615261772],[9.442401026995322,49.117395730000915],[9.438282573258965,49.128934050903744],[9.4269134201302,49.14027716247562],[9.413612054515342,49.148272105333376],[9.386557465003921,49.148798227773],[9.348255294978747,49.17121570180994],[9.37581551482193,49.19487574875272],[9.405518401577508,49.19674374066112],[9.426161336177673,49.2036271594163],[9.452209129644986,49.22047980168232],[9.424405053325843,49.23494323472747],[9.414277380805826,49.246036840825184],[9.425123712196406,49.26859541482646],[9.444604657239802,49.287357100009835],[9.484363289709929,49.29844675529893],[9.507396368645955,49.313487075854965],[9.481788985021288,49.31737839911266],[9.471020648901728,49.32413552377811],[9.46545509782606,49.33716505858658],[9.46505480687549,49.35510905381243],[9.443491266517118,49.36433695003336],[9.446274696595232,49.39065970984774],[9.464676255016025,49.39694796609612],[9.471447271797532,49.39230483287593],[9.470518152923445,49.38742925799689],[9.507591223984564,49.375365012214644],[9.571410692836357,49.37530663921968],[9.593832241857456,49.39180849795792],[9.590379345178139,49.400920901431036],[9.579711448797072,49.401553970451396],[9.570976392208575,49.416974019072036],[9.619026432329184,49.43008968728186],[9.640075678704427,49.430045303914035],[9.65341073213264,49.41614801473102]]]}},{"type":"Feature","properties":{"district":"269 Backnang – Schwäbisch Gmünd","constituency_code":"269","state":"Baden-Württemberg"},"geometry":{"type":"Polygon","coordinates":[[[9.613546287024139,49.048296217886275],[9.597829472693647,49.00763050910982],[9.600274602421113,49.004079279915636],[9.635041072946542,49.00412889786956],[9.676276765362156,48.98957225813321],[9.66951419406237,48.97905245828707],[9.679876683212592,48.96829057838132],[9.693308876801352,48.96401708223687],[9.738465366423489,48.96342572460007],[9.74743922454541,48.95732539023637],[9.789352739042066,48.95385838118636],[9.84447026388179,48.93491198210938],[9.845603587122628,48.93085326538144],[9.8280983304113,48.92629712427593],[9.834887905930314,48.91791928650312],[9.875325428388406,48.91781125576125],[9.892787464998994,48.930274532030666],[9.900794820674562,48.94307566035016],[9.955862034846632,48.95371476549416],[9.976207983551548,48.953982961222756],[10.017231913787716,48.94181901477509],[10.042596129319788,48.89164082252697],[10.036854306003582,48.88303704513016],[10.021468818300155,48.879194683090816],[10.01923314115269,48.88463529497722],[10.002562103695846,48.88655878739409],[9.976717595164548,48.86132985459868],[9.99662952633006,48.80379977390943],[9.973440167812969,48.78276484515817],[9.962009197643011,48.77903187862754],[9.96491609483611,48.762201446772735],[9.975177732237807,48.756710509646865],[9.986899625801723,48.76083014805595],[10.002947899816517,48.75845687594076],[10.002864422640824,48.737068888513264],[9.98777033113421,48.72725374202658],[9.964829257653124,48.72560782514186],[9.937646997686716,48.73117524220258],[9.932107934779669,48.74101257632652],[9.884450391913276,48.751676725011926],[9.882845344648372,48.73776426190188],[9.89613714307724,48.72506695630341],[9.90658712509464,48.729763706436025],[9.902895311047011,48.71600244291945],[9.886033166497844,48.714651515833204],[9.837890820598448,48.7301131448705],[9.807626530907001,48.718876052970174],[9.737561601456374,48.776218175191964],[9.705120025780685,48.77879711398929],[9.659393691849143,48.77107720570411],[9.62137207772542,48.77591878768045],[9.619979220911993,48.78821124423176],[9.638988243077367,48.795438062787355],[9.649976634656399,48.80695366796127],[9.640447227001976,48.81992162159034],[9.658958999767956,48.82528844644411],[9.703452683088527,48.82323223481742],[9.7197927860115,48.81420122827659],[9.752339127398647,48.82310353004576],[9.768683350488079,48.833078251920554],[9.744320820026127,48.8989674757643],[9.719668047176874,48.911794323320585],[9.706309131905797,48.909289615770206],[9.677224213273165,48.93947975260478],[9.631566258407464,48.94408979447838],[9.604220140916473,48.937937302884265],[9.592799313737622,48.93028067138813],[9.594735471401195,48.92090617010382],[9.584151613235358,48.89813588478232],[9.57013924834438,48.901797570882145],[9.568550717798697,48.911336391258],[9.555720832112508,48.91358507170695],[9.487924068191681,48.89795168697471],[9.451681074311635,48.8990110298433],[9.385216122233889,48.92146493517842],[9.364125009034446,48.9111240341845],[9.320565605370593,48.933573039243015],[9.304430454732884,48.948414068643196],[9.308104918475124,48.95226727568492],[9.330407039827103,48.9511898830312],[9.368022987990777,48.966833169737484],[9.371413311865773,48.971427970233194],[9.367285440118286,48.979085961826954],[9.348001707904132,48.99409055907246],[9.338886655037928,48.99512060823052],[9.346033622350609,49.00755836054013],[9.399053238997976,49.03332950867961],[9.399535762638166,49.04398467378183],[9.435083704994375,49.04780095474477],[9.44049394152973,49.052574843777776],[9.435437707575577,49.060307767371846],[9.45326907064729,49.07314140166139],[9.500877051309885,49.07900070418282],[9.535342839932982,49.057750625792714],[9.613546287024139,49.048296217886275]]]}},{"type":"Feature","properties":{"district":"270 Aalen – Heidenheim","constituency_code":"270","state":"Baden-Württemberg"},"geometry":{"type":"Polygon","coordinates":[[[10.250016794066063,49.040807952018646],[10.294007324316745,49.04277743655943],[10.350256584331671,49.02842207033576],[10.372808985927666,49.00323927347931],[10.411773415928096,48.97895683068711],[10.40147999656297,48.97452316875242],[10.403681378890546,48.966790254795164],[10.418751747177675,48.96857920357948],[10.451372668937559,48.938660724592665],[10.45665641517249,48.920495962730904],[10.449985780869282,48.82517055646616],[10.430270506910945,48.77280152832458],[10.417848569649093,48.772730096743736],[10.417563888937329,48.74805304606106],[10.461489235950628,48.72947061265107],[10.476958230726575,48.70195695672417],[10.487257766229815,48.69666191090834],[10.489012627900811,48.6857450018736],[10.464998023138055,48.67053354061509],[10.410638818202257,48.66103394625185],[10.407384043174916,48.66653470836816],[10.418720956496246,48.68227162090678],[10.434847408882819,48.68760589572207],[10.437393747647606,48.693101878864724],[10.431747642419019,48.699492359897626],[10.408871359397736,48.6987925019219],[10.392510309868785,48.68858016528396],[10.391861800312853,48.68091780412927],[10.361128680270026,48.652826840168466],[10.3510788866195,48.65489107513078],[10.347162587342346,48.679413696781786],[10.335490078686584,48.68867632784785],[10.26870681289953,48.70354711710775],[10.256347050677004,48.680667165749206],[10.254379812327043,48.664143387501035],[10.308498095119287,48.617606170981986],[10.308534080687952,48.6049900601224],[10.297108768981522,48.60380974088833],[10.295175600328786,48.5927637431931],[10.309124485746041,48.57885980553007],[10.313004604881428,48.56712276957372],[10.314838711738641,48.5265092847743],[10.296265003029793,48.51693635698934],[10.230779588387906,48.51051118053841],[10.216859330950419,48.52365843169371],[10.214906418129543,48.533562463299724],[10.181904857451185,48.554635519871454],[10.120952746768966,48.55861118103728],[10.051804841264874,48.59191196028325],[10.040774854866655,48.60442014176349],[10.004743295853547,48.60359060982194],[9.982835512672398,48.59560423483553],[9.964392066655119,48.59495013062318],[9.96125942627395,48.60363962215733],[9.96874455639094,48.607317687080226],[9.969364013096593,48.615189077981896],[9.944071590108432,48.63175538087674],[9.944407359138655,48.635623891675436],[9.92129693594003,48.63713341560077],[9.920916697592252,48.64857913404932],[9.931825365244418,48.66743939646374],[9.946921113997986,48.66279442221474],[9.968503210616104,48.67175775116293],[9.992470318171838,48.7054222954713],[9.994522943976365,48.71448757842867],[9.98777033113421,48.72725374202658],[10.002864422640824,48.737068888513264],[10.002947899816517,48.75845687594076],[9.986899625801723,48.76083014805595],[9.975177732237807,48.756710509646865],[9.963052543232042,48.76588869880981],[9.962009197643011,48.77903187862754],[9.973440167812969,48.78276484515817],[9.99662952633006,48.80379977390943],[9.976717595164548,48.86132985459868],[10.002562103695846,48.88655878739409],[10.01923314115269,48.88463529497722],[10.021468818300155,48.879194683090816],[10.036854306003582,48.88303704513016],[10.042596129319788,48.89164082252697],[10.017231913787716,48.94181901477509],[9.976207983551548,48.953982961222756],[9.900794820674562,48.94307566035016],[9.895036512443527,48.94912050538124],[9.917880695331366,48.96858852058865],[10.014082196308562,48.98222503138514],[9.995745582701682,49.0069770305207],[9.975508805501818,49.02231829307986],[9.975019493240886,49.039675329701666],[9.98136833039307,49.04470590110789],[10.020135640428867,49.05252426969509],[10.03666630320197,49.04687345414454],[10.117125417765537,49.039676446244165],[10.148561891131342,49.05131947110339],[10.188015353415558,49.05319036922351],[10.188465547460623,49.04491677504311],[10.202186242988697,49.04093366595633],[10.256763397447802,49.05949514613218],[10.250016794066063,49.040807952018646]]]}},{"type":"Feature","properties":{"district":"271 Karlsruhe-Stadt","constituency_code":"271","state":"Baden-Württemberg"},"geometry":{"type":"Polygon","coordinates":[[[8.27734896139503,48.989938938291715],[8.295935522665294,49.010762794972],[8.311686690218973,49.054307172128006],[8.339969985232585,49.08015013277203],[8.347921823075287,49.064628357420005],[8.404718815111313,49.064410849150306],[8.41150349652512,49.081364068277935],[8.42376437283028,49.09153507357872],[8.435602286523663,49.09152908181385],[8.427353887042438,49.07239080724604],[8.448301298860171,49.05127195927883],[8.471615163580966,49.039514294031555],[8.480566139181473,49.05326284194879],[8.490954961993797,49.051659394650734],[8.519946215530076,49.031014170340946],[8.52122108674203,49.01491328027597],[8.49963565104685,48.992764159842814],[8.509011153873958,48.96728027845577],[8.542898298057011,48.95991693725017],[8.537383013920795,48.95238848530821],[8.523842338354015,48.9517806921181],[8.511124737641511,48.94278256068872],[8.462033351898148,48.9405652437757],[8.438983719745565,48.94621515221523],[8.44683111787103,48.959909906506645],[8.416339643379601,48.961675303622705],[8.387714693870919,48.9566205357952],[8.37483815417055,48.973561771317534],[8.327519536187005,48.99030515881322],[8.320789706390489,48.988545422968585],[8.32211505957084,48.984009287641506],[8.282377550427446,48.983308295841155],[8.27734896139503,48.989938938291715]]]}},{"type":"Feature","properties":{"district":"272 Karlsruhe-Land","constituency_code":"272","state":"Baden-Württemberg"},"geometry":{"type":"Polygon","coordinates":[[[8.419034397690739,49.20826351391073],[8.470767294089471,49.18389879050448],[8.508239857792029,49.189924507595826],[8.522518786334269,49.17551026185878],[8.511673912121775,49.14396925600359],[8.5143851403207,49.10443555029092],[8.535599598548512,49.07546827514323],[8.595383333148407,49.059100813656386],[8.68404452963596,49.08969907367948],[8.689553595821005,49.10279832284275],[8.67747403308957,49.118959498543816],[8.647068293430218,49.124371923106004],[8.641015342226773,49.14163687013865],[8.657187752168621,49.15913432670451],[8.674046938702444,49.16786792823428],[8.713002394512102,49.173408238560214],[8.72416396551082,49.16247375880461],[8.747542711207737,49.15302560896789],[8.83279569730135,49.15609858746512],[8.842161092416587,49.15021848838839],[8.827527269415702,49.13516497277586],[8.826426108053077,49.12659240081162],[8.870875660466869,49.13131422383545],[8.889812996844471,49.11518687376862],[8.893285437315837,49.08457607595435],[8.877794372645765,49.058478403695055],[8.835585405256113,49.062167759057076],[8.838833904408146,49.03816807641668],[8.81258828201772,49.03345671379428],[8.803112948258853,49.036381171143525],[8.807650324543715,49.04005759622753],[8.796719387012738,49.045406613211874],[8.755041259427927,49.04512394688289],[8.732646652585307,49.02726438061174],[8.739074193833554,49.001797033634425],[8.73458832749383,48.99469982689981],[8.712595765153347,48.988619210681414],[8.671897118528932,48.99335867949463],[8.666192902123004,49.00101151948969],[8.647839870403432,48.99999803106461],[8.57316153117239,48.982585185758516],[8.540509551394475,48.95310920116894],[8.53724912746699,48.94355998435789],[8.54094673741647,48.93116406494466],[8.547263803613617,48.92756805101089],[8.519869127742426,48.8685602005786],[8.49164788530848,48.852544568342694],[8.467364848397082,48.845113543531276],[8.47989575377847,48.82701510477348],[8.493572636448247,48.820182042514766],[8.43451031094347,48.8195696694698],[8.420364732835464,48.82919391519237],[8.41199968610586,48.853221363173624],[8.404030092389718,48.85875787502917],[8.364970940117116,48.85365249256104],[8.356658118595245,48.84461255846207],[8.30566731474615,48.862568214419476],[8.29029550361901,48.886575952803874],[8.295346570404025,48.912913307869346],[8.3165896276086,48.92286880693498],[8.34865370529299,48.92368076409635],[8.35457465278288,48.93488888015769],[8.310835555889138,48.94928160390552],[8.26060155623246,48.95785889428548],[8.2612841573135,48.98091684993461],[8.27734896139503,48.989938938291715],[8.282377550427446,48.983308295841155],[8.32211505957084,48.984009287641506],[8.320789706390489,48.988545422968585],[8.327519536187005,48.99030515881322],[8.37483815417055,48.973561771317534],[8.387714693870919,48.9566205357952],[8.416339643379601,48.961675303622705],[8.44683111787103,48.959909906506645],[8.438983719745565,48.94621515221523],[8.462033351898148,48.9405652437757],[8.511124737641511,48.94278256068872],[8.523842338354015,48.9517806921181],[8.539822241888658,48.95388887926738],[8.542898298057011,48.95991693725017],[8.509011153873958,48.96728027845577],[8.49963565104685,48.992764159842814],[8.52122108674203,49.01491328027597],[8.519946215530076,49.031014170340946],[8.490954961993797,49.051659394650734],[8.480566139181473,49.05326284194879],[8.471615163580966,49.039514294031555],[8.448301298860171,49.05127195927883],[8.427353887042438,49.07239080724604],[8.435602286523663,49.09152908181385],[8.42376437283028,49.09153507357872],[8.41150349652512,49.081364068277935],[8.404718815111313,49.064410849150306],[8.344580442801162,49.06647165603997],[8.339969985232585,49.08015013277203],[8.358091294359317,49.09778419318832],[8.371697036449914,49.1475438267872],[8.368945758837787,49.16928441598902],[8.3812105583214,49.18568633485081],[8.416615261910849,49.19052751561861],[8.419034397690739,49.20826351391073]]]}},{"type":"Feature","properties":{"district":"273 Rastatt","constituency_code":"273","state":"Baden-Württemberg"},"geometry":{"type":"Polygon","coordinates":[[[8.348114004769599,48.92353538940326],[8.3165896276086,48.92286880693498],[8.295346570404025,48.912913307869346],[8.29029550361901,48.886575952803874],[8.30501880038448,48.8633382225951],[8.356658118595245,48.84461255846207],[8.364970940117116,48.85365249256104],[8.404030092389718,48.85875787502917],[8.41199968610586,48.853221363173624],[8.416624814815679,48.83536789310084],[8.379367005896796,48.8309217808622],[8.404174674646898,48.8222775537203],[8.433000615235928,48.77503474785508],[8.486712332049338,48.755975984004955],[8.47586227241602,48.724426797602725],[8.45909453092169,48.7118401559094],[8.452904979353072,48.69772813984608],[8.447519732847017,48.66204910975118],[8.429968098503524,48.64462161961883],[8.389341231760374,48.63668614170829],[8.387687579978815,48.625049734277155],[8.381942128700501,48.619551508093345],[8.346338243235936,48.59804866012727],[8.319626848164237,48.58878213160991],[8.286701839640724,48.58699918816664],[8.260550239583063,48.58981694547758],[8.231857667456781,48.60229616446187],[8.24746604510595,48.60268646080692],[8.241122189163681,48.6292320318697],[8.199713303484671,48.62837177462276],[8.139605601838321,48.65687079099493],[8.11329349758217,48.650081811104634],[8.066819984413504,48.674139049596754],[7.973204059923061,48.69001594205158],[7.977218905125824,48.698034467129524],[7.990381064821864,48.70111310721195],[7.959617161244611,48.71858077043232],[7.96695382215574,48.726279779990186],[7.971169129816022,48.75715879421884],[7.982995775967095,48.76109849913915],[8.012034379538724,48.76015046577233],[8.02079332627017,48.765601052006545],[8.030611502319047,48.787478126062204],[8.064183061821817,48.789559049515596],[8.094287542358687,48.80834516617734],[8.104042233157621,48.820478030184134],[8.130724069578818,48.880742651552474],[8.19864775670754,48.95814646775503],[8.232632820043243,48.966571444570015],[8.2612841573135,48.98091684993461],[8.26060155623246,48.95785889428548],[8.310835555889138,48.94928160390552],[8.35457465278288,48.93488888015769],[8.348114004769599,48.92353538940326]]]}},{"type":"Feature","properties":{"district":"274 Heidelberg","constituency_code":"274","state":"Baden-Württemberg"},"geometry":{"type":"Polygon","coordinates":[[[8.697005974914873,49.59484612492191],[8.683018960184873,49.5884130094033],[8.684306834956814,49.57022246999563],[8.693651445677455,49.553208889786525],[8.737227041650499,49.51928837325233],[8.766459233588618,49.51473776827918],[8.764642059439762,49.469177908139635],[8.752892024048487,49.45933229973411],[8.767942353662628,49.4542734431505],[8.789295062832101,49.43031327456565],[8.793744746881954,49.40529402885953],[8.768901814439774,49.37918050969615],[8.707850055971893,49.35701659914281],[8.658035944170427,49.36173728730045],[8.646427754759324,49.37050908892564],[8.640250086766732,49.36991228963314],[8.634014330223167,49.35237922639637],[8.625675616787545,49.35215966052521],[8.601321325547719,49.36597386530255],[8.607314646021667,49.37696709849378],[8.617598213754045,49.37936213026878],[8.612025135104853,49.40576957194454],[8.573519057212641,49.41584415723232],[8.5876247580859,49.433595990714885],[8.58596468495851,49.45478699617509],[8.546030713393952,49.477436512371504],[8.5544994703436,49.49028949791812],[8.587665029617384,49.50177212777294],[8.58137487463104,49.51978041630542],[8.621299695973267,49.54500988881474],[8.60323173471608,49.5932942357083],[8.590976798794516,49.59594293021423],[8.589315310028638,49.60451524665094],[8.593888978444102,49.61094664576402],[8.677933667396479,49.62594697361886],[8.692313576039904,49.62373885695217],[8.697005974914873,49.59484612492191]]]}},{"type":"Feature","properties":{"district":"275 Mannheim","constituency_code":"275","state":"Baden-Württemberg"},"geometry":{"type":"Polygon","coordinates":[[[8.58137487463104,49.51978041630542],[8.587665029617384,49.50177212777294],[8.5544994703436,49.49028949791812],[8.546030713393952,49.477436512371504],[8.582430266487401,49.45963132669402],[8.5876247580859,49.433595990714885],[8.584571350254327,49.42817188097855],[8.573519057212641,49.41584415723232],[8.522452680276164,49.41829806887449],[8.49731594434072,49.41134693474222],[8.50798728018874,49.43114599042324],[8.50445875622057,49.44014090319173],[8.455527662166219,49.44376036889134],[8.44227030491211,49.45103245214857],[8.44432235439697,49.45918725798815],[8.46087591359299,49.46502233937124],[8.463795388682826,49.470402657218884],[8.437399039881388,49.50808967244211],[8.423067801124192,49.54182078517761],[8.422439263083017,49.583385412046944],[8.446002312731878,49.590376709795926],[8.464284652695222,49.58952836618412],[8.495032434510831,49.572996669729044],[8.55264880577801,49.52051254552953],[8.58137487463104,49.51978041630542]]]}},{"type":"Feature","properties":{"district":"276 Odenwald – Tauber","constituency_code":"276","state":"Baden-Württemberg"},"geometry":{"type":"Polygon","coordinates":[[[9.64938997062084,49.76500362923306],[9.625449125507432,49.70373673751853],[9.632460374796873,49.6931860979567],[9.655426032985496,49.688591122356385],[9.676147908498367,49.693347263505586],[9.677193872396689,49.716201211876935],[9.709719303332486,49.7270580553774],[9.728354246289763,49.698189050105064],[9.751002617875393,49.70539456241834],[9.752953959197587,49.7101218395355],[9.78991687902194,49.72856914660246],[9.797747248091216,49.728401969209266],[9.83180462975435,49.70380331667464],[9.83865648947747,49.682862918366894],[9.830190233215212,49.68047402522771],[9.82235844427563,49.6647100820565],[9.837884879864783,49.64587591450861],[9.855410906054203,49.641484580812474],[9.86920700564831,49.61249164941442],[9.847867756216196,49.57705279669157],[9.810230151044996,49.557316020204134],[9.859309914727424,49.546044483272354],[9.866639552173988,49.55746313093429],[9.864550355711662,49.56788141453399],[9.89665626715036,49.585366486983986],[9.912438199523924,49.585908401163685],[9.926961113742454,49.549520529410785],[9.925129289140484,49.50865009134376],[9.913740586249665,49.49325298795971],[9.926561179895058,49.484835460588165],[9.951881741005568,49.480364253169036],[10.020790169474074,49.48614751492686],[10.05954242299136,49.517820004257736],[10.039915320811984,49.52926456282936],[10.072455824790023,49.54410117346486],[10.083622849903056,49.54295537547853],[10.105717539633261,49.515105815629454],[10.109812081180664,49.50169368488787],[10.099991354512131,49.491727678045194],[10.10124350964059,49.48564179923431],[10.118327265953749,49.4731694564022],[10.114476293962959,49.46249553481091],[10.104833421466166,49.46277635219329],[10.094741443319416,49.44789856731822],[10.133705132565082,49.43714685761655],[10.161698240432274,49.39549397998944],[10.161210777755858,49.39035597619683],[10.111966360921327,49.384910331070905],[10.113368536378228,49.39310753930141],[10.10830992342656,49.39488021255145],[10.067879093895007,49.39261837932551],[10.03406466909292,49.38206650566646],[10.039960570912656,49.36927185248891],[9.992254744643121,49.37213437183015],[9.935250078777614,49.352198167046296],[9.911509040790934,49.36801704928327],[9.876396779936357,49.37438601792324],[9.855564439613618,49.36836743086692],[9.828846043352959,49.39361583434008],[9.808074100722857,49.390881323225784],[9.712203243888249,49.39877093021419],[9.65341073213264,49.41614801473102],[9.64226162201129,49.429675115240165],[9.619026432329184,49.43008968728186],[9.569964486702945,49.41582313157603],[9.579711448797072,49.401553970451396],[9.590379345178139,49.400920901431036],[9.593832241857456,49.39180849795792],[9.571410692836357,49.37530663921968],[9.507591223984564,49.375365012214644],[9.470518152923445,49.38742925799689],[9.471447271797532,49.39230483287593],[9.464676255016025,49.39694796609612],[9.446274696595232,49.39065970984774],[9.443491266517118,49.36433695003336],[9.42693116926949,49.35706413033638],[9.367402531137753,49.36709681101932],[9.355670619264174,49.370351899425614],[9.332812256286037,49.387462850095794],[9.320416714173858,49.385453392334874],[9.310580293289421,49.377531777899414],[9.310704277563278,49.36195981004861],[9.287462812129831,49.32992666083105],[9.261057957602945,49.31295020242189],[9.240186754637985,49.30230922523139],[9.206307775048721,49.32406541557097],[9.162100465206988,49.32891039711187],[9.154436408318077,49.30961969976078],[9.156765204140006,49.303097870485686],[9.150320002204587,49.27441100111865],[9.120889827202214,49.27171448102979],[9.068701364128302,49.27897004960275],[9.051025797594962,49.285977084862864],[9.048547550404159,49.290164694420575],[9.053225603670468,49.30017569361221],[9.043312397680607,49.314505973865195],[9.012069246498346,49.3341876791804],[8.970065284554824,49.35101620262824],[8.942777407359491,49.37196600467684],[8.937966286568415,49.38813099284168],[8.943286435646746,49.39281142838593],[8.989364921355596,49.40035793611966],[9.048496328603123,49.44543876455773],[9.028777823062798,49.4678931360923],[9.03073592738486,49.47247145932919],[9.060357420617493,49.48240877053724],[9.085818329876712,49.49940321406941],[9.070151622821733,49.5086803686638],[9.077059298644407,49.523127901709444],[9.099554223860654,49.52618935149413],[9.10612738202233,49.509796064225945],[9.123867281857141,49.51611400837261],[9.126459732015554,49.52160708551347],[9.114951675834682,49.53385623577412],[9.086511538132484,49.543779320732924],[9.098930719222178,49.560553904701976],[9.10300616614835,49.57745601134535],[9.120512012053267,49.573558992952485],[9.194410460191854,49.57404063814382],[9.238701536711403,49.581291537308665],[9.248940156407496,49.584518404265644],[9.26457762234267,49.60681972463605],[9.270722601711526,49.63401856399749],[9.304319955575552,49.6537860700136],[9.388147462088668,49.6449949245146],[9.406000421947352,49.64531278522465],[9.41643995285458,49.65388233889294],[9.419495463337544,49.658853551127045],[9.397891489964728,49.67066072579779],[9.408637922239837,49.67566095385116],[9.420088259409056,49.690191889649384],[9.41868082707016,49.71189829949827],[9.399960653135054,49.7288405116629],[9.38564519195121,49.730914544266284],[9.38137308825921,49.72515901931182],[9.38252856590249,49.70746287706333],[9.357409236277622,49.70428829180718],[9.315897258734422,49.74016796670485],[9.31464183454767,49.76775100449279],[9.391546883134875,49.77012060450405],[9.425106761986292,49.78955372054744],[9.434851986937359,49.787378691573515],[9.44500252637664,49.77395907484569],[9.458256574889328,49.76951971351423],[9.469391890074784,49.77429106662699],[9.479097061581918,49.78689430975805],[9.499803325325878,49.788887067103786],[9.549091537309602,49.76483752624956],[9.648736203069168,49.79147764897558],[9.64938997062084,49.76500362923306]]]}},{"type":"Feature","properties":{"district":"277 Rhein-Neckar","constituency_code":"277","state":"Baden-Württemberg"},"geometry":{"type":"MultiPolygon","coordinates":[[[[9.07627971103579,49.521921384481054],[9.070151622821733,49.5086803686638],[9.085818329876712,49.49940321406941],[9.060357420617493,49.48240877053724],[9.03073592738486,49.47247145932919],[9.028777823062798,49.4678931360923],[9.048496328603123,49.44543876455773],[8.989364921355596,49.40035793611966],[8.947905084982157,49.394917623986075],[8.937966286568415,49.38813099284168],[8.942777407359491,49.37196600467684],[8.970065284554824,49.35101620262824],[9.012069246498346,49.3341876791804],[9.043312397680607,49.314505973865195],[9.053225603670468,49.30017569361221],[9.04912639296519,49.292862271137736],[9.028106950693477,49.297384430176706],[9.02447755894855,49.293270172575866],[9.041750677013708,49.282519237695816],[9.042199069692002,49.27816152100591],[9.004204601654763,49.24143127818128],[8.952625940118034,49.212616679732726],[8.896772839615382,49.20272757220162],[8.896088792931023,49.18203362798036],[8.86350344877214,49.1744461882312],[8.824050993455154,49.19417911062161],[8.753002026251085,49.20641131101899],[8.749981464526282,49.220004470553114],[8.72553689853803,49.23737299242249],[8.697875348183771,49.22823075038862],[8.67513561014711,49.229726727071494],[8.570923590984137,49.254735687781746],[8.574971755960322,49.26212969708188],[8.561465283291692,49.26600961944093],[8.573087991891729,49.284791046612646],[8.594257789951623,49.29588698660055],[8.60005268790614,49.33620766392483],[8.634014330223167,49.35237922639637],[8.640250086766732,49.36991228963314],[8.646427754759324,49.37050908892564],[8.658035944170427,49.36173728730045],[8.707850055971893,49.35701659914281],[8.768901814439774,49.37918050969615],[8.793744746881954,49.40529402885953],[8.789295062832101,49.43031327456565],[8.767942353662628,49.4542734431505],[8.752892024048487,49.45933229973411],[8.764642059439762,49.469177908139635],[8.766459233588618,49.51473776827918],[8.820321064252909,49.517613787208134],[8.852215790037494,49.5012563477912],[8.882661470741846,49.50609614758609],[8.899572708242678,49.50365572925525],[8.899354817757978,49.48454979940358],[8.876495013211429,49.46668603179102],[8.862923784692239,49.466678849461616],[8.866340213945175,49.47459268304588],[8.851932272377041,49.48358821273531],[8.825400546117667,49.46700985156062],[8.823524967894668,49.462678396158374],[8.834607505197303,49.4503826794087],[8.836452905853491,49.430218300639794],[8.811711526898822,49.415526508695656],[8.811745137040576,49.406738180726244],[8.826551843066442,49.394940580504965],[8.850466538943264,49.39541333859184],[8.950348719633418,49.454992881742946],[8.931879784188085,49.47063680644874],[8.93978695441333,49.483487443892564],[8.9634961772572,49.50148315599457],[8.9858338198526,49.51033032558293],[9.013978091267873,49.49815640728108],[9.042823599003485,49.49904533581249],[9.050509462845502,49.518966227841474],[9.06405631388931,49.52900978948812],[9.083426413506844,49.526087197935055],[9.07627971103579,49.521921384481054]]],[[[9.088190382430216,49.54874005963159],[9.086511538132484,49.543779320732924],[9.081448552014152,49.55615890499512],[9.070816003013626,49.56472485677689],[9.074420183672391,49.574837709900464],[9.078159725118693,49.57466931042406],[9.083251369732709,49.561292998350865],[9.098930719222178,49.560553904701976],[9.088190382430216,49.54874005963159]]]]}},{"type":"Feature","properties":{"district":"278 Bruchsal – Schwetzingen","constituency_code":"278","state":"Baden-Württemberg"},"geometry":{"type":"Polygon","coordinates":[[[8.573519057212641,49.41584415723232],[8.612025135104853,49.40576957194454],[8.617598213754045,49.37936213026878],[8.607314646021667,49.37696709849378],[8.601321325547719,49.36597386530255],[8.620378292227063,49.35412293818977],[8.634014330223167,49.35237922639637],[8.60005268790614,49.33620766392483],[8.594257789951623,49.29588698660055],[8.573087991891729,49.284791046612646],[8.561465283291692,49.26600961944093],[8.574971755960322,49.26212969708188],[8.570923590984137,49.254735687781746],[8.683812411461563,49.22843680360695],[8.697875348183771,49.22823075038862],[8.72553689853803,49.23737299242249],[8.749981464526282,49.220004470553114],[8.753002026251085,49.20641131101899],[8.818232824024996,49.194496908728034],[8.825901907782267,49.18792669358913],[8.816164109417636,49.16530595187993],[8.817688662726539,49.15778924873599],[8.799720850178216,49.15382030935553],[8.747542711207737,49.15302560896789],[8.72416396551082,49.16247375880461],[8.713002394512102,49.173408238560214],[8.674046938702444,49.16786792823428],[8.657187752168621,49.15913432670451],[8.641015342226773,49.14163687013865],[8.645259195430311,49.12614147954718],[8.67747403308957,49.118959498543816],[8.689553595821005,49.10279832284275],[8.68404452963596,49.08969907367948],[8.595383333148407,49.059100813656386],[8.535599598548512,49.07546827514323],[8.5143851403207,49.10443555029092],[8.511673912121775,49.14396925600359],[8.522518786334269,49.17551026185878],[8.508239857792029,49.189924507595826],[8.470767294089471,49.18389879050448],[8.419034397690739,49.20826351391073],[8.416615261910849,49.19052751561861],[8.3812105583214,49.18568633485081],[8.405021255087696,49.22035783447076],[8.398535108820456,49.22575275310738],[8.384803777209195,49.21962764195851],[8.39294315905739,49.23833479280089],[8.489068840551461,49.293124369473524],[8.483849839003463,49.30494811463738],[8.455803728241692,49.314209757923244],[8.450484520975388,49.323141480264056],[8.45552379811163,49.332090344864866],[8.483291437910509,49.34859152995608],[8.496811190906646,49.364180494629075],[8.500397518447798,49.389013646719974],[8.493779263945868,49.3872036877648],[8.488201687123349,49.39694004072127],[8.49618884548993,49.40213635736301],[8.49731594434072,49.41134693474222],[8.522452680276164,49.41829806887449],[8.573519057212641,49.41584415723232]]]}},{"type":"Feature","properties":{"district":"279 Pforzheim","constituency_code":"279","state":"Baden-Württemberg"},"geometry":{"type":"Polygon","coordinates":[[[8.876031581130333,49.035169874259424],[8.904730291620956,49.0213147905081],[8.922019871009145,48.98905689809317],[8.945315066512466,48.96176574954866],[8.94818029316889,48.9418526894957],[8.931821848770308,48.9388443008849],[8.906741825470561,48.94200647892425],[8.917519106396098,48.88342615564573],[8.928800380621043,48.86655704193997],[8.905269604269085,48.86230069102748],[8.87250624511743,48.83752972919272],[8.901036597359735,48.81891996403075],[8.891553648049713,48.803506777706815],[8.867768551448826,48.79241996871286],[8.847475784872978,48.792624181562175],[8.842410285658895,48.79943037030924],[8.83112775951249,48.797282731183586],[8.804181575956866,48.7777778272797],[8.762392243053478,48.78017339360665],[8.725008263527005,48.80120900384734],[8.703501595375918,48.834484463879306],[8.697362917769885,48.83719841760055],[8.691029700335166,48.83526951529789],[8.69805941212973,48.8287174072335],[8.695785780672246,48.81657194600473],[8.663864355217974,48.810571386176946],[8.612131988968315,48.827410584725996],[8.5600101707242,48.81045599227814],[8.548223388909067,48.78786695862462],[8.53141572244463,48.78477294935403],[8.516948413808883,48.79724594042154],[8.532994502510565,48.803855240551705],[8.519797104060315,48.81287859479897],[8.482952754319747,48.82460543055039],[8.467364848397082,48.845113543531276],[8.49164788530848,48.852544568342694],[8.519869127742426,48.8685602005786],[8.547263803613617,48.92756805101089],[8.54094673741647,48.93116406494466],[8.53724912746699,48.94355998435789],[8.540509551394475,48.95310920116894],[8.57316153117239,48.982585185758516],[8.647839870403432,48.99999803106461],[8.666192902123004,49.00101151948969],[8.671897118528932,48.99335867949463],[8.712595765153347,48.988619210681414],[8.73458832749383,48.99469982689981],[8.739074193833554,49.001797033634425],[8.732646652585307,49.02726438061174],[8.755041259427927,49.04512394688289],[8.796719387012738,49.045406613211874],[8.807650324543715,49.04005759622753],[8.803112948258853,49.036381171143525],[8.81258828201772,49.03345671379428],[8.838833904408146,49.03816807641668],[8.835585405256113,49.062167759057076],[8.877122583831484,49.05932333205918],[8.876031581130333,49.035169874259424]]]}},{"type":"Feature","properties":{"district":"280 Calw","constituency_code":"280","state":"Baden-Württemberg"},"geometry":{"type":"Polygon","coordinates":[[[8.715174169716375,48.81719935329387],[8.725415100988435,48.80088264644846],[8.762392243053478,48.78017339360665],[8.804181575956866,48.7777778272797],[8.799384795277577,48.77366561930755],[8.833499889941526,48.74322911993841],[8.878631015191267,48.7247730410028],[8.85148879083936,48.68481369587086],[8.798730962980638,48.658625020918876],[8.789938027574236,48.62908568806911],[8.79819069913772,48.62357292869624],[8.801049865053006,48.61122209388905],[8.790033470183225,48.59658933679176],[8.773858637692138,48.599963453635425],[8.751257953667675,48.59336684605298],[8.758315929528784,48.530147648218474],[8.768902290851123,48.521841106443865],[8.755710559017263,48.50414015502391],[8.765341352038805,48.5035450693129],[8.795296059903977,48.48484442104124],[8.815983709443195,48.46988078297057],[8.817824819917746,48.46236300526228],[8.810180119492177,48.45583383020439],[8.783004824006367,48.44768030812777],[8.764833261361684,48.42944483869001],[8.76725153819775,48.41687361853432],[8.774054824745571,48.41627864691099],[8.767088973971534,48.412689016015165],[8.751984016493644,48.38738573429105],[8.758634505879275,48.38262537105041],[8.739314043119856,48.377750110992515],[8.71512371727546,48.38103987949112],[8.66867188523008,48.398230436147976],[8.60604295602411,48.39617536602208],[8.58476685645162,48.40423577242348],[8.522344409594899,48.40059884267223],[8.483937132115079,48.38205022469223],[8.484575548016291,48.34915191547653],[8.49224321151457,48.331942198971426],[8.490641934386645,48.31506729926137],[8.434816641103755,48.3128660859292],[8.392493465717784,48.323802354769605],[8.359798803723148,48.33838203603309],[8.355880586982032,48.36750245342461],[8.359906439415509,48.37608063618938],[8.353552606674503,48.38181282045703],[8.328560128858369,48.386954662690876],[8.315271715726382,48.369098342203515],[8.320173608203266,48.359660797994835],[8.303991927136497,48.34909472043966],[8.233006868032781,48.40140461003619],[8.254627557457136,48.41392720949903],[8.259703520640914,48.42317859497896],[8.273405369799182,48.48054113837943],[8.266746661336182,48.49064396416085],[8.228345895582098,48.49776019585371],[8.218828040716769,48.50795466560249],[8.212524377922,48.52316282312435],[8.212468088094475,48.557608198906465],[8.228388744300073,48.580093881710624],[8.207048178420791,48.60286524625674],[8.216364875278675,48.605522660711614],[8.260550239583063,48.58981694547758],[8.290848028525188,48.586710616671446],[8.319626848164237,48.58878213160991],[8.346338243235936,48.59804866012727],[8.381942128700501,48.619551508093345],[8.387687579978815,48.625049734277155],[8.389341231760374,48.63668614170829],[8.429968098503524,48.64462161961883],[8.445130545978358,48.6584874491747],[8.448429970459179,48.68524883496305],[8.45909453092169,48.7118401559094],[8.47586227241602,48.724426797602725],[8.484899600075208,48.747846429624616],[8.486712332049338,48.755975984004955],[8.477147226522465,48.76153307269464],[8.433000615235928,48.77503474785508],[8.404174674646898,48.8222775537203],[8.379367005896796,48.8309217808622],[8.381721313713571,48.83349477831163],[8.416624814815679,48.83536789310084],[8.43451031094347,48.8195696694698],[8.501065767981894,48.81919226584698],[8.532994502510565,48.803855240551705],[8.516948413808883,48.79724594042154],[8.53141572244463,48.78477294935403],[8.548223388909067,48.78786695862462],[8.5600101707242,48.81045599227814],[8.615081899549327,48.827937367174336],[8.665542719691317,48.810491107990565],[8.695785780672246,48.81657194600473],[8.69805941212973,48.8287174072335],[8.691029700335166,48.83526951529789],[8.697362917769885,48.83719841760055],[8.715174169716375,48.81719935329387]]]}},{"type":"Feature","properties":{"district":"281 Freiburg","constituency_code":"281","state":"Baden-Württemberg"},"geometry":{"type":"Polygon","coordinates":[[[7.59140430978095,48.10804118426208],[7.749700043314551,48.11311210892294],[7.786386773070351,48.084574620605025],[7.821580316980197,48.072099985575655],[7.850602317266135,48.05203598226259],[7.87751576363129,48.01368305378114],[7.888158703811825,48.01015073938907],[7.926643051408016,48.0139667388661],[7.930314166015952,47.99084828095855],[7.924728693263394,47.93999194649149],[7.909164125980495,47.91444228159501],[7.892948141684429,47.90661912095693],[7.794609868607782,47.87454976812148],[7.76212973012614,47.8776169164749],[7.721280241870008,47.91176190112703],[7.699157247484937,47.94613220896409],[7.678324510227745,47.95271170388692],[7.677701849196343,47.95938781790813],[7.6550553230240945,47.968470968298305],[7.630373250815318,47.95464092788876],[7.612941386700622,47.958201904472325],[7.62212123974714,47.97279107317335],[7.614445878609748,47.993404205195716],[7.5685290475027855,48.03518422679956],[7.569174473987249,48.08004691804855],[7.579012268592032,48.09978624398626],[7.577291150581366,48.1156549814014],[7.59140430978095,48.10804118426208]]]}},{"type":"Feature","properties":{"district":"282 Lörrach – Müllheim","constituency_code":"282","state":"Baden-Württemberg"},"geometry":{"type":"Polygon","coordinates":[[[7.67649261135619,47.957584628432144],[7.678324510227745,47.95271170388692],[7.699157247484937,47.94613220896409],[7.721280241870008,47.91176190112703],[7.76212973012614,47.8776169164749],[7.794609868607782,47.87454976812148],[7.884969989836225,47.90420714422791],[7.889873986908894,47.87897183579792],[7.942327577772929,47.87929506293556],[7.975697070154805,47.86693243579432],[8.01264585043108,47.86621531374738],[8.018854578365268,47.86046630436569],[8.018114482205243,47.84139415170501],[8.000008123010318,47.82751918157541],[7.997802596587994,47.806165543606085],[7.998585396480633,47.79701131783336],[8.004597067639079,47.79450528197337],[8.002829993002779,47.771588751873836],[7.992588496279008,47.76626417033513],[7.9808253079944835,47.76730583570408],[7.970967913441766,47.75843614948949],[7.966028777320709,47.72723600291454],[7.979988371380659,47.7140001860231],[7.977744782552394,47.694975786890524],[7.898595929940381,47.64461173103128],[7.871055948537287,47.64507347481109],[7.878194443148289,47.616967373164485],[7.889384115969273,47.60495450934928],[7.901332519098678,47.601716311696165],[7.901760227254485,47.590226832196926],[7.894107256176951,47.586375158184595],[7.819288046278484,47.587297048781224],[7.8119822247873945,47.57075212299577],[7.79558151283221,47.55741533822434],[7.696364959483486,47.53277004397759],[7.677213783531831,47.533109797180316],[7.649034924239696,47.54826178272685],[7.640702149951508,47.557601116930854],[7.685845188936451,47.57300580272782],[7.677451400704958,47.59494447309752],[7.641907704077897,47.593035096303325],[7.619951735393155,47.57712328670323],[7.604484107154845,47.57779110195854],[7.589180744011021,47.58971975080492],[7.591445949722158,47.604168582085144],[7.567361072819224,47.63174089246141],[7.521079275837723,47.663847888322074],[7.512153854171962,47.700441106192486],[7.540358065096112,47.71853344952592],[7.548529402551734,47.73507898727364],[7.530164430764662,47.77280481153552],[7.530020994117677,47.7825417140123],[7.5615351641659885,47.83888185753386],[7.563371279784898,47.85116394715361],[7.55620331505275,47.86629797141304],[7.556574388268723,47.8793774894812],[7.581627488725533,47.89801234519219],[7.582633802383503,47.9299085577424],[7.612941386700622,47.958201904472325],[7.630373250815318,47.95464092788876],[7.6550553230240945,47.968470968298305],[7.67649261135619,47.957584628432144]]]}},{"type":"Feature","properties":{"district":"283 Emmendingen – Lahr","constituency_code":"283","state":"Baden-Württemberg"},"geometry":{"type":"Polygon","coordinates":[[[7.830254422103304,48.40859209185813],[7.820328090253078,48.401324863602184],[7.832089114782886,48.39353047610222],[7.854439257228897,48.399169751608795],[7.854893423421815,48.408015611020694],[7.920873869558408,48.40499752914269],[7.9271991335760825,48.40136656085129],[7.978960722986407,48.35673403004021],[7.991493299849812,48.33157017268372],[7.980042109404499,48.3160339315174],[7.977748164531809,48.3042598778299],[7.99397199245509,48.28942740415577],[8.00463435572358,48.29525577091337],[8.010898414933852,48.314207430595125],[8.03316350022276,48.3257457976214],[8.053947248242627,48.31148325321909],[8.105697005781481,48.31575024704244],[8.112925744711253,48.32793385564493],[8.109047243488531,48.341351956056435],[8.15405142072089,48.338711588847595],[8.141457418699845,48.292576356762076],[8.120094540830278,48.27030379569534],[8.144169506580853,48.264174328370174],[8.174229043810467,48.24816426507516],[8.176520018469114,48.23248109703225],[8.16613933610334,48.22144992165475],[8.180335157482022,48.183919963975654],[8.136297213807204,48.163859791918966],[8.125374131447213,48.13169480212674],[8.13255494051048,48.11760331218055],[8.153478539813255,48.09963317421806],[8.160503808454877,48.07865699627291],[8.143440623157202,48.07062913605455],[8.128957207433457,48.073509728508064],[8.109056276028083,48.06354431243054],[8.118980383012545,48.0258793893447],[8.13664805335827,48.00914762025749],[8.12248482393843,48.01047790684977],[8.098533433036762,48.0399487715386],[8.048284278774828,48.05852382663669],[7.921435137857905,48.06537282606186],[7.912219448111713,48.048965633842904],[7.857063789957114,48.05562793731175],[7.850602317266135,48.05203598226259],[7.821580316980197,48.072099985575655],[7.786386773070351,48.084574620605025],[7.749700043314551,48.11311210892294],[7.61562769449618,48.106818371017155],[7.59140430978095,48.10804118426208],[7.577291150581366,48.1156549814014],[7.604729053083088,48.16194022255281],[7.641845087086504,48.20400843999095],[7.665698788976227,48.220478024298615],[7.69355540260454,48.30172271780516],[7.743408888714505,48.32546477788254],[7.745146868105844,48.33510801120889],[7.731925192252883,48.37567798934875],[7.731613341487371,48.39170345444555],[7.752296553578834,48.43260985761171],[7.818319342827551,48.41677810166315],[7.830254422103304,48.40859209185813]]]}},{"type":"Feature","properties":{"district":"284 Offenburg","constituency_code":"284","state":"Baden-Württemberg"},"geometry":{"type":"Polygon","coordinates":[[[8.019823290727325,48.6795410969226],[8.066819984413504,48.674139049596754],[8.11329349758217,48.650081811104634],[8.139605601838321,48.65687079099493],[8.199713303484671,48.62837177462276],[8.241122189163681,48.6292320318697],[8.24746604510595,48.60268646080692],[8.216364875278675,48.605522660711614],[8.20672711952614,48.60219285666949],[8.228388744300073,48.580093881710624],[8.212468088094475,48.557608198906465],[8.212524377922,48.52316282312435],[8.228345895582098,48.49776019585371],[8.266746661336182,48.49064396416085],[8.273405369799182,48.48054113837943],[8.268872148696767,48.44913610375622],[8.254627557457136,48.41392720949903],[8.233006868032781,48.40140461003619],[8.220788945555086,48.40065827374248],[8.15405142072089,48.338711588847595],[8.109047243488531,48.341351956056435],[8.112925744711253,48.32793385564493],[8.105697005781481,48.31575024704244],[8.053947248242627,48.31148325321909],[8.03316350022276,48.3257457976214],[8.010898414933852,48.314207430595125],[8.00463435572358,48.29525577091337],[7.99397199245509,48.28942740415577],[7.977748164531809,48.3042598778299],[7.980042109404499,48.3160339315174],[7.991493299849812,48.33157017268372],[7.978960722986407,48.35673403004021],[7.9271991335760825,48.40136656085129],[7.920873869558408,48.40499752914269],[7.854893423421815,48.408015611020694],[7.854439257228897,48.399169751608795],[7.832089114782886,48.39353047610222],[7.820328090253078,48.401324863602184],[7.830254422103304,48.40859209185813],[7.818319342827551,48.41677810166315],[7.752296553578834,48.43260985761171],[7.7649633016085495,48.4573076598289],[7.768187440323703,48.48966219563033],[7.794312185466722,48.50188463829948],[7.805394258562269,48.514032212469104],[7.80535805055776,48.56107233085101],[7.800291522660761,48.584038061654965],[7.841996108229375,48.6437324894608],[7.889976099063321,48.662598303641566],[7.959617161244611,48.71858077043232],[7.990381064821864,48.70111310721195],[7.977218905125824,48.698034467129524],[7.973204059923061,48.69001594205158],[8.019823290727325,48.6795410969226]]]}},{"type":"Feature","properties":{"district":"285 Rottweil – Tuttlingen","constituency_code":"285","state":"Baden-Württemberg"},"geometry":{"type":"Polygon","coordinates":[[[8.602108355708213,48.39803251696876],[8.66867188523008,48.398230436147976],[8.690094842271845,48.38719763945647],[8.737186392603054,48.37797695632023],[8.73478282329711,48.3600145165566],[8.717352482864536,48.34132467279588],[8.711127596640345,48.32411853483695],[8.719246082224346,48.321138315977116],[8.718659545109913,48.315013443143755],[8.662874288833223,48.30043681254658],[8.648845647617447,48.29321420780518],[8.650522697934958,48.288053259536035],[8.681867460487169,48.27785526387086],[8.702837611276765,48.251553339136194],[8.699410387234213,48.23999548584654],[8.723275480166278,48.184647460340294],[8.7512372240102,48.15953991643943],[8.764294247577217,48.16315495922483],[8.76309300558118,48.172811544903034],[8.769251280836338,48.182710200013055],[8.809039838942972,48.1846242991875],[8.859609509394012,48.14359629397254],[8.883754449412985,48.10795202643677],[8.939178615026206,48.10356611142853],[8.953761200680404,48.107279087573744],[8.962549205843276,48.09111052197571],[8.979927903215293,48.085481468647096],[8.996809091849451,48.07095989137048],[8.987440057154606,48.06021286925828],[8.974680173738916,48.05604420007253],[8.948657588099252,48.0553644710759],[8.940713087452036,48.060619390936566],[8.934949321904188,48.05839743781803],[8.935183312359145,48.049760483613525],[8.959819961581756,48.03590384487639],[9.007586608699315,48.02560503016232],[9.021236420679202,47.98383191171266],[9.012044833138265,47.93692290768776],[8.944750615061144,47.92885785877962],[8.881205652776215,47.91271559067675],[8.86612016057012,47.901028849277395],[8.852307726152109,47.88183460210717],[8.842934414638435,47.879193666332235],[8.81764701768481,47.88715907335247],[8.823894001605586,47.91894549120265],[8.8205288081446,47.92745267584578],[8.816576717773298,47.92684351057496],[8.801366190581337,47.91715945572472],[8.783748122166603,47.89495697297024],[8.71730768942545,47.88942539234203],[8.694258118963674,47.875660279775886],[8.697698783651218,47.8655849831894],[8.691815997866833,47.852541797458],[8.655092025708395,47.84624577295175],[8.65053433674702,47.85348680359069],[8.640145944830111,47.85481179649982],[8.608484109220703,47.877274936552745],[8.590294760806144,47.906025848293595],[8.586451420945062,47.92551406187784],[8.588483238053357,47.94491647525672],[8.60377885693234,47.95154837181307],[8.62902830435968,47.94959134939732],[8.659052987285929,47.97564430011001],[8.63598190352277,48.02030988489819],[8.643968815328936,48.03386989882328],[8.63612144755924,48.050308457647624],[8.604284290550265,48.074715260231926],[8.582415385089588,48.07225796599981],[8.567341142952296,48.079960447563685],[8.542866997555931,48.1133378684193],[8.557949809649738,48.12994509193998],[8.516634656178827,48.16649975160571],[8.475021143292183,48.1787537842809],[8.438994932699515,48.18138467349713],[8.436802144901963,48.17435577477147],[8.447503092681396,48.16247832736552],[8.442749422494394,48.15625612053255],[8.385854979296617,48.17408001478243],[8.331632279479953,48.15965013069746],[8.285920193282129,48.167606216346314],[8.282725388950091,48.17166992860851],[8.30910909547697,48.19060026981777],[8.312952067826453,48.20640699381676],[8.311851436362891,48.21359820933264],[8.296375386742783,48.22141080769196],[8.27683258265443,48.28713472900723],[8.322387319266943,48.29194835023571],[8.329007151227453,48.29951736505023],[8.321523005978207,48.32992400204866],[8.303991927136497,48.34909472043966],[8.320173608203266,48.359660797994835],[8.315271715726382,48.369098342203515],[8.328560128858369,48.386954662690876],[8.359587678399212,48.37750461870454],[8.356502449216997,48.35977011485698],[8.358755248276925,48.3400347565775],[8.363680866529842,48.335363214973604],[8.434816641103755,48.3128660859292],[8.45856652433159,48.31273297646274],[8.490641934386645,48.31506729926137],[8.49224321151457,48.331942198971426],[8.484575548016291,48.34915191547653],[8.483937132115079,48.38205022469223],[8.522344409594899,48.40059884267223],[8.54164277517472,48.403722101457724],[8.58476685645162,48.40423577242348],[8.602108355708213,48.39803251696876]]]}},{"type":"Feature","properties":{"district":"286 Schwarzwald-Baar","constituency_code":"286","state":"Baden-Württemberg"},"geometry":{"type":"Polygon","coordinates":[[[8.329007151227453,48.29951736505023],[8.322387319266943,48.29194835023571],[8.27683258265443,48.28713472900723],[8.296375386742783,48.22141080769196],[8.311851436362891,48.21359820933264],[8.312952067826453,48.20640699381676],[8.30910909547697,48.19060026981777],[8.282725388950091,48.17166992860851],[8.285920193282129,48.167606216346314],[8.331632279479953,48.15965013069746],[8.385854979296617,48.17408001478243],[8.442749422494394,48.15625612053255],[8.447503092681396,48.16247832736552],[8.436802144901963,48.17435577477147],[8.438994932699515,48.18138467349713],[8.475021143292183,48.1787537842809],[8.514740608459512,48.167463764209785],[8.557949809649738,48.12994509193998],[8.542866997555931,48.1133378684193],[8.567341142952296,48.079960447563685],[8.582415385089588,48.07225796599981],[8.604284290550265,48.074715260231926],[8.63612144755924,48.050308457647624],[8.643968815328936,48.03386989882328],[8.63598190352277,48.02030988489819],[8.659052987285929,47.97564430011001],[8.62902830435968,47.94959134939732],[8.60377885693234,47.95154837181307],[8.587110705661384,47.94165566105022],[8.592079882999224,47.90238872929601],[8.608484109220703,47.877274936552745],[8.640145944830111,47.85481179649982],[8.62877597114615,47.8400442081621],[8.626659081000692,47.82188355017156],[8.617716384064357,47.803245955537356],[8.567845359313615,47.808487626299026],[8.55264879435041,47.78462710843886],[8.515990464928255,47.77334900389406],[8.510129087242765,47.776173017435674],[8.521626063584021,47.78317879448487],[8.524478568845495,47.791258803495005],[8.505922638383115,47.83032653670865],[8.462586162184133,47.850349172829894],[8.443720826624736,47.85656802921954],[8.439033563074258,47.85363851332983],[8.434958934314682,47.878610866003086],[8.410980066358809,47.90364569134221],[8.36329525557521,47.921579717833175],[8.314064481456976,47.951872150339184],[8.30186043259405,47.96472040688336],[8.316216705352097,47.972822088842065],[8.32095212876027,47.983554387111056],[8.314085067525216,47.99223008277495],[8.214537963905263,47.98923546249552],[8.196533966062654,47.9837682439974],[8.13664805335827,48.00914762025749],[8.118980383012545,48.0258793893447],[8.109056276028083,48.06354431243054],[8.128957207433457,48.073509728508064],[8.143440623157202,48.07062913605455],[8.160503808454877,48.07865699627291],[8.153478539813255,48.09963317421806],[8.13255494051048,48.11760331218055],[8.125374131447213,48.13169480212674],[8.136297213807204,48.163859791918966],[8.180335157482022,48.183919963975654],[8.16613933610334,48.22144992165475],[8.176520018469114,48.23248109703225],[8.174229043810467,48.24816426507516],[8.144169506580853,48.264174328370174],[8.120094540830278,48.27030379569534],[8.141457418699845,48.292576356762076],[8.15405142072089,48.338711588847595],[8.220788945555086,48.40065827374248],[8.233006868032781,48.40140461003619],[8.316965061645657,48.3380729333373],[8.329007151227453,48.29951736505023]]]}},{"type":"Feature","properties":{"district":"287 Konstanz","constituency_code":"287","state":"Baden-Württemberg"},"geometry":{"type":"MultiPolygon","coordinates":[[[[8.704602054945825,47.7133050225326],[8.71769301437161,47.69074182650532],[8.677718876387292,47.68732049601679],[8.664590803416631,47.69205295516654],[8.664284692033386,47.713289241370916],[8.704602054945825,47.7133050225326]]],[[[9.148672780844375,47.882745471808136],[9.145934504136857,47.872940316185115],[9.117787526662793,47.85893334149101],[9.128581811201201,47.846817288587154],[9.120382178359351,47.84108689600701],[9.103436698662104,47.84161759648349],[9.08141026669403,47.85868275847996],[9.069507320215038,47.858284833136786],[9.065629734020671,47.854278724776016],[9.070406918096852,47.83685746093802],[9.079982401421187,47.83164291241563],[9.083188741927287,47.814299932713624],[9.07052609464414,47.8073032729063],[9.061646036365396,47.8148900971037],[9.03953653014732,47.81748197264329],[9.030612681223484,47.80563157278315],[9.079543241378964,47.772508833535795],[9.173324994809333,47.73441135677894],[9.179606442966449,47.7051509277885],[9.21139381934996,47.68244223299002],[9.215704919063906,47.66601901664993],[9.208601982518651,47.66339151340568],[9.17854996406029,47.65781801354951],[9.142025862734325,47.6644415966357],[9.115532374213073,47.68176872771639],[9.080495341088707,47.683870098233825],[9.043913198230538,47.69315698469458],[9.040724439105931,47.70834020821299],[9.071926662265271,47.69811186241687],[9.08717327446394,47.688208245069625],[9.101430950180887,47.687682268967585],[9.107223167028163,47.69188196016705],[9.093125750300958,47.70644105744904],[9.028045280675697,47.727251765845914],[8.997079393913678,47.74195670710257],[8.940365359343346,47.732171250883646],[8.943240942167344,47.723754104847465],[8.99400044105276,47.706436863592565],[9.006162674244614,47.696115082966784],[8.990677936704959,47.682140672253375],[8.941350743752082,47.663082799235276],[8.895599389305078,47.65223431342345],[8.878807058489318,47.65646152258274],[8.850065256639265,47.681484613187244],[8.851298494230246,47.69765571121471],[8.874506334249519,47.69438222024998],[8.87272444874304,47.7040632502528],[8.818572899351208,47.71764972693492],[8.808458414171112,47.731066425329985],[8.791811425633297,47.72891005341505],[8.770862852382672,47.714898350740015],[8.769496364679274,47.70672368609662],[8.787043752209662,47.70454711735436],[8.799747493034346,47.691730465070414],[8.795668860212105,47.67558599910207],[8.79017558032168,47.67510435001292],[8.727954872286377,47.692680138792525],[8.711256620760402,47.73007146952988],[8.714316989426846,47.73869743490099],[8.727920365276297,47.746227777357234],[8.714138311402865,47.76549193566777],[8.656975076826631,47.80034710230081],[8.646513201282948,47.79466803434028],[8.651182957791825,47.774286391357194],[8.647655615862032,47.76697180842336],[8.627639899979965,47.75924036854683],[8.61924039030142,47.76733043095986],[8.618038206187787,47.78740209428638],[8.622044999647363,47.7946631329182],[8.612287701331258,47.801435065690605],[8.618961869240778,47.805586876112656],[8.62877597114615,47.8400442081621],[8.640145944830111,47.85481179649982],[8.65053433674702,47.85348680359069],[8.655092025708395,47.84624577295175],[8.691815997866833,47.852541797458],[8.697698783651218,47.8655849831894],[8.694258118963674,47.875660279775886],[8.703122989303559,47.88397867034773],[8.727436887441042,47.893231237962375],[8.783748122166603,47.89495697297024],[8.801366190581337,47.91715945572472],[8.817796915085529,47.92714997577433],[8.823894001605586,47.91894549120265],[8.81764701768481,47.88715907335247],[8.842934414638435,47.879193666332235],[8.852307726152109,47.88183460210717],[8.878387520303553,47.91138825043342],[8.90405356856163,47.91909275293856],[8.944750615061144,47.92885785877962],[9.012044833138265,47.93692290768776],[9.081737073352167,47.940015055655245],[9.074453847116711,47.933699473007295],[9.076286616980621,47.916984512665174],[9.097237187631384,47.91431564075089],[9.147067978571412,47.89402513926544],[9.148672780844375,47.882745471808136]]]]}},{"type":"Feature","properties":{"district":"288 Waldshut","constituency_code":"288","state":"Baden-Württemberg"},"geometry":{"type":"Polygon","coordinates":[[[8.048284278774828,48.05852382663669],[8.098533433036762,48.0399487715386],[8.12248482393843,48.01047790684977],[8.13664805335827,48.00914762025749],[8.196533966062654,47.9837682439974],[8.214537963905263,47.98923546249552],[8.30804681980062,47.99305359583058],[8.319667870662535,47.988672470094684],[8.314570202470493,47.9703882824005],[8.30186043259405,47.96472040688336],[8.314064481456976,47.951872150339184],[8.36329525557521,47.921579717833175],[8.410980066358809,47.90364569134221],[8.434958934314682,47.878610866003086],[8.439033563074258,47.85363851332983],[8.443720826624736,47.85656802921954],[8.462586162184133,47.850349172829894],[8.505922638383115,47.83032653670865],[8.524478568845495,47.791258803495005],[8.521626063584021,47.78317879448487],[8.509270158017943,47.774314345801535],[8.489001536552157,47.773250205096645],[8.473115256754092,47.76418155338264],[8.456652140644287,47.74919315586388],[8.445209758619152,47.72294258146067],[8.408531978534015,47.70237649494479],[8.406018207765484,47.673263788782464],[8.41232862208282,47.66626512966491],[8.475088165112131,47.64096791822463],[8.519685758413877,47.645510796877446],[8.52943775084584,47.654524283038874],[8.526956484716871,47.660385266593714],[8.55237870019784,47.66900550114654],[8.605822804681349,47.669031900772744],[8.628945500032971,47.650483139804045],[8.616714779785362,47.63799329216363],[8.60276074603226,47.63945867324237],[8.613835290259996,47.64412773710731],[8.607478854291674,47.65246694252686],[8.595310947545917,47.64262741016691],[8.603757097564607,47.6116108352033],[8.583327847436536,47.597436973845326],[8.566477567325,47.59709355842445],[8.561446670880072,47.601381437408264],[8.571010794325694,47.612463926490385],[8.569269238835595,47.61725999790136],[8.538131218798908,47.631138873239756],[8.515506391049714,47.63391950194273],[8.514917348469778,47.62336455068241],[8.50822552273474,47.617489186801414],[8.45659980718394,47.60234628302382],[8.466898223448041,47.584192916564135],[8.488592596581308,47.58784166890896],[8.494507646253647,47.581191417044856],[8.431827970636213,47.56650594275741],[8.329093806259845,47.57109018744495],[8.298252535211656,47.5887449688319],[8.295002978372727,47.59460319627718],[8.29760441770624,47.605479455337075],[8.291023217965433,47.60940025780614],[8.204799155177252,47.620928072382405],[8.10976070418353,47.582541132606416],[8.079615410592096,47.55870587736001],[8.018906146939324,47.5504490692913],[8.001673143066908,47.556194319537944],[7.959771857943408,47.55826092295351],[7.944691200605331,47.543890678694474],[7.910837048056462,47.551701590269126],[7.907329694674446,47.56039293610169],[7.911240662234552,47.56998062233659],[7.894107256176951,47.586375158184595],[7.901760227254485,47.590226832196926],[7.901332519098678,47.601716311696165],[7.889384115969273,47.60495450934928],[7.878194443148289,47.616967373164485],[7.871055948537287,47.64507347481109],[7.898595929940381,47.64461173103128],[7.977744782552394,47.694975786890524],[7.979988371380659,47.7140001860231],[7.966028777320709,47.72723600291454],[7.970967913441766,47.75843614948949],[7.9808253079944835,47.76730583570408],[7.992588496279008,47.76626417033513],[8.002829993002779,47.771588751873836],[8.004597067639079,47.79450528197337],[7.998585396480633,47.79701131783336],[7.997802596587994,47.806165543606085],[8.000008123010318,47.82751918157541],[8.018114482205243,47.84139415170501],[8.019927809120443,47.85371921729676],[8.01264585043108,47.86621531374738],[7.975697070154805,47.86693243579432],[7.942327577772929,47.87929506293556],[7.889873986908894,47.87897183579792],[7.884969989836225,47.90420714422791],[7.909164125980495,47.91444228159501],[7.924728693263394,47.93999194649149],[7.930314166015952,47.99084828095855],[7.926643051408016,48.0139667388661],[7.888158703811825,48.01015073938907],[7.87751576363129,48.01368305378114],[7.850602317266135,48.05203598226259],[7.857063789957114,48.05562793731175],[7.912219448111713,48.048965633842904],[7.921435137857905,48.06537282606186],[8.048284278774828,48.05852382663669]]]}},{"type":"Feature","properties":{"district":"289 Reutlingen","constituency_code":"289","state":"Baden-Württemberg"},"geometry":{"type":"Polygon","coordinates":[[[9.225095453500286,48.56567290034872],[9.295315135635976,48.56551451156263],[9.31733230713968,48.55214514915407],[9.324124260394811,48.54123695304542],[9.392951748754797,48.53096621749336],[9.41856039083961,48.53625532380044],[9.426108014660029,48.544026653593555],[9.45135671446542,48.54637296293586],[9.463549845839072,48.544293518358025],[9.497262544356309,48.521717602217805],[9.533647018322803,48.51982009561861],[9.565834337475922,48.538342303409685],[9.585174509992639,48.53674125207709],[9.591239648716387,48.512070903042186],[9.589439635501195,48.49609466845314],[9.62679309446194,48.45305370523406],[9.63855161615389,48.4234401717065],[9.62133453108763,48.39572331012949],[9.592811469113954,48.398280065570674],[9.58093039840452,48.39461207860266],[9.582724712291373,48.37738992312597],[9.592463035410468,48.376283535695855],[9.59652289362682,48.36837726894836],[9.590899273298907,48.34854973966733],[9.579475545346085,48.329797796909894],[9.558448874284467,48.32936849126489],[9.534366512988893,48.31842448412217],[9.533608069633887,48.313814263863414],[9.545004809759908,48.308635695628126],[9.549256973151707,48.29300073139492],[9.50592349633284,48.27843914734215],[9.506531696329956,48.26902192009124],[9.524917086099835,48.26889852266872],[9.528464031241876,48.26047828496986],[9.526580191646175,48.25430280829687],[9.503692769929357,48.24632984805699],[9.490054009730962,48.23271013959703],[9.49910298276898,48.22319056394842],[9.498322743039699,48.213284584054456],[9.48668191233398,48.20372867909217],[9.468117022707863,48.19881794784302],[9.46440546597381,48.20902355284355],[9.391890223583268,48.196502907129535],[9.346185586209835,48.243856481137115],[9.293039378252024,48.28009757253743],[9.270973220283606,48.27958382517038],[9.249834223280576,48.26807043970828],[9.223578485160743,48.26678016313151],[9.214855070508216,48.283619068469555],[9.201090109584113,48.28806141872388],[9.18702849217734,48.280836150667454],[9.167471024620268,48.30403420822173],[9.210606706484622,48.307379802050754],[9.216574351972179,48.31678307663975],[9.215730186864976,48.33040918250982],[9.174117021038041,48.3443719527034],[9.167076047904038,48.3532883253041],[9.170592236222616,48.356460071427044],[9.155060886380781,48.37028191154257],[9.129479702169844,48.37289869180971],[9.117311820272938,48.38271062721217],[9.12460738212317,48.39692914215737],[9.137386260361618,48.405019099101764],[9.11459614003785,48.435284012372236],[9.119582219474665,48.44488788139137],[9.136769157121718,48.455793812571414],[9.137676069348315,48.52176059121143],[9.156601264517755,48.52672239364446],[9.167219564862311,48.52362217616735],[9.173716557508612,48.527666244450586],[9.175755855818721,48.538842339872375],[9.169843648906365,48.550552775217675],[9.150700497966271,48.55358580046456],[9.125610891208709,48.56659671548164],[9.129176383066202,48.60126652197511],[9.157441151436995,48.6055067275101],[9.205070655588546,48.6033752186744],[9.202987847889815,48.58634404045017],[9.20717019526837,48.57277679287508],[9.225095453500286,48.56567290034872]]]}},{"type":"Feature","properties":{"district":"290 Tübingen","constituency_code":"290","state":"Baden-Württemberg"},"geometry":{"type":"Polygon","coordinates":[[[9.123297143039675,48.60009642044142],[9.129176383066202,48.60126652197511],[9.125610891208709,48.56659671548164],[9.150700497966271,48.55358580046456],[9.169843648906365,48.550552775217675],[9.175755855818721,48.538842339872375],[9.173716557508612,48.527666244450586],[9.167219564862311,48.52362217616735],[9.156601264517755,48.52672239364446],[9.137676069348315,48.52176059121143],[9.136769157121718,48.455793812571414],[9.119582219474665,48.44488788139137],[9.11459614003785,48.435284012372236],[9.137386260361618,48.405019099101764],[9.12460738212317,48.39692914215737],[9.117311820272938,48.38271062721217],[9.129479702169844,48.37289869180971],[9.155060886380781,48.37028191154257],[9.170592236222616,48.356460071427044],[9.167076047904038,48.3532883253041],[9.174117021038041,48.3443719527034],[9.215730186864976,48.33040918250982],[9.216574351972179,48.31678307663975],[9.210606706484622,48.307379802050754],[9.167471024620268,48.30403420822173],[9.188999636756089,48.277649561839624],[9.185538511352297,48.271080293917485],[9.10745872048342,48.252091998754985],[9.085497475489445,48.253079859316365],[9.071169526739574,48.25823601967872],[9.065037210920629,48.27132051896101],[9.032035789842404,48.29028163536886],[9.02524049152625,48.29983058090299],[9.039426630639312,48.30091875977522],[9.025479451668986,48.30981525187867],[8.981292428619248,48.31022235601157],[8.949850208197766,48.28183604689266],[8.913621840367897,48.27934188917683],[8.902175467347886,48.29698164163489],[8.849447462944998,48.333596565462706],[8.849310601374814,48.341265521694915],[8.856357685496882,48.34351111399535],[8.857522413447128,48.34981457752801],[8.850263418206751,48.39431238853765],[8.832350890811625,48.39885469174985],[8.831573849952656,48.40580384686803],[8.814229173434846,48.40741103950834],[8.795024754955381,48.41700009875311],[8.76725153819775,48.41687361853432],[8.764603853915004,48.42905450360149],[8.783004824006367,48.44768030812777],[8.810180119492177,48.45583383020439],[8.817824819917746,48.46236300526228],[8.815983709443195,48.46988078297057],[8.795296059903977,48.48484442104124],[8.765341352038805,48.5035450693129],[8.755710559017263,48.50414015502391],[8.769527448491617,48.52368571316436],[8.789855809025193,48.52007123439945],[8.79998120563065,48.50845392590254],[8.846692018080095,48.50007790426986],[8.864593146686909,48.51230589399772],[8.858572984974959,48.53878511417609],[8.889811188526961,48.56447228576647],[8.977985902594213,48.59097412683389],[9.07204054931094,48.591749218597045],[9.097393229710297,48.621932605308515],[9.107773367305278,48.62280990323418],[9.114200418416353,48.61147716924076],[9.110926973664972,48.60497862807186],[9.123297143039675,48.60009642044142]]]}},{"type":"Feature","properties":{"district":"291 Ulm","constituency_code":"291","state":"Baden-Württemberg"},"geometry":{"type":"Polygon","coordinates":[[[9.96218382036415,48.60096436111493],[9.964392066655119,48.59495013062318],[9.982835512672398,48.59560423483553],[10.004743295853547,48.60359060982194],[10.040774854866655,48.60442014176349],[10.051804841264874,48.59191196028325],[10.120952746768966,48.55861118103728],[10.181904857451185,48.554635519871454],[10.214906418129543,48.533562463299724],[10.216859330950419,48.52365843169371],[10.241406301620406,48.49195965028325],[10.180706731402491,48.475526234637876],[10.160457290357758,48.458759599007394],[10.133895408782676,48.45487141461088],[10.103261012220152,48.47532945653635],[10.087154247253528,48.463488395561654],[10.070846069280277,48.45836711978173],[10.03269444705619,48.4571964454086],[10.029680004339506,48.42485016999699],[9.967275614864313,48.37440435521864],[9.97513085290474,48.36424605602314],[9.994822284879053,48.35528090198534],[10.04254942694323,48.29422970774717],[10.059193098288084,48.28436383943419],[10.068272413991336,48.2292601293051],[10.095357457475288,48.16401494051622],[10.049948908347742,48.142290008853344],[10.008584342732389,48.151486122380845],[10.03518091135858,48.15293525297675],[10.04730616619185,48.165292866014205],[10.044232942101143,48.19385905846814],[10.026398945017672,48.23204567925847],[9.99041053657569,48.25210419514445],[9.984964310469147,48.26310113238376],[9.896037627871017,48.293010732969805],[9.881999535102373,48.294002791576254],[9.87467823934326,48.276438582867385],[9.84759034352997,48.26040400344225],[9.796487542338594,48.24575834901224],[9.792596032453135,48.230908049931074],[9.754586687931104,48.20664370064879],[9.745898772931188,48.1925775511121],[9.744255985348651,48.176114147156675],[9.730589106114953,48.17162314184836],[9.6658639026527,48.16271819851663],[9.623783437171783,48.20003346348246],[9.597454963294997,48.20527613937423],[9.578790227073338,48.193327468800554],[9.550372363020704,48.19360718724598],[9.527403484542024,48.208361387623455],[9.523814246159809,48.22317956412586],[9.490054009730962,48.23271013959703],[9.503692769929357,48.24632984805699],[9.526580191646175,48.25430280829687],[9.526467955057727,48.26811203772079],[9.506531696329956,48.26902192009124],[9.507523083822228,48.280602461592615],[9.549256973151707,48.29300073139492],[9.545004809759908,48.308635695628126],[9.533608069633887,48.313814263863414],[9.534366512988893,48.31842448412217],[9.558448874284467,48.32936849126489],[9.576023508038432,48.32837526206031],[9.586089556816951,48.33955451936899],[9.59652289362682,48.36837726894836],[9.592463035410468,48.376283535695855],[9.582724712291373,48.37738992312597],[9.58093039840452,48.39461207860266],[9.592811469113954,48.398280065570674],[9.62133453108763,48.39572331012949],[9.63855161615389,48.4234401717065],[9.62679309446194,48.45305370523406],[9.589439635501195,48.49609466845314],[9.587121947060055,48.53832203000206],[9.611222776063277,48.54145867347278],[9.632550173400737,48.536978692799146],[9.656504460516137,48.521283200504435],[9.682060020538842,48.524604336953395],[9.719852411189763,48.54519985514842],[9.723100128493783,48.549619977076894],[9.718971342237294,48.55709963066007],[9.730114036430217,48.563490356853826],[9.765056876742458,48.56424026555635],[9.81398705064384,48.55792669875081],[9.863411121478832,48.58545069699621],[9.892586550320308,48.61255128363908],[9.925015160825959,48.62789033033622],[9.944071590108432,48.63175538087674],[9.969364013096593,48.615189077981896],[9.96218382036415,48.60096436111493]]]}},{"type":"Feature","properties":{"district":"292 Biberach","constituency_code":"292","state":"Baden-Württemberg"},"geometry":{"type":"Polygon","coordinates":[[[10.04730616619185,48.165292866014205],[10.03518091135858,48.15293525297675],[10.008584342732389,48.151486122380845],[10.049948908347742,48.142290008853344],[10.095357457475288,48.16401494051622],[10.108000192884738,48.130547352229996],[10.136457059268354,48.108459267050435],[10.143951500812651,48.05953758150673],[10.133974144036934,48.03800309956529],[10.13572794396634,48.02376160003188],[10.119550393244419,48.00349993011178],[10.114954568284752,47.97625743450468],[10.09320708128466,47.972331728933995],[10.084893700231637,47.96130765277462],[10.089487632862616,47.94797725575403],[10.11013636062859,47.93714999244129],[10.101384738223905,47.90280184988859],[10.105704628359574,47.87902653356499],[10.091598749698916,47.86739846917166],[10.063354657605975,47.86670505414749],[10.054514841359701,47.8768166006256],[10.018576798966153,47.87824607237409],[9.989415599872377,47.87657680426474],[9.986009578290776,47.86751006616281],[9.972937448382329,47.86206409426804],[9.931291304108274,47.86463250548925],[9.919234939317494,47.87220879860676],[9.903741269134422,47.86426094390711],[9.906834052047289,47.83801548411341],[9.946395288898572,47.795595512597046],[9.93587689557279,47.75648326846273],[9.929408317111026,47.749951982964156],[9.877145614327267,47.72656940524392],[9.813107016793634,47.760137768914696],[9.803124851758737,47.78093395388669],[9.8256592474473,47.79271425562119],[9.834828775468196,47.82499089474759],[9.835010117952347,47.83335055654019],[9.806522669777008,47.83160949290727],[9.816403585827288,47.86518751285999],[9.798878026569824,47.89544727379964],[9.823893433522908,47.92016978452813],[9.84552237424221,47.931761517625766],[9.826737275352414,47.96073445216092],[9.754701534999525,47.974694697597606],[9.68559755091551,47.976449767455314],[9.663137308286768,47.97624446499312],[9.653390364480813,47.96771993715037],[9.623583035223641,47.965408939548695],[9.610589770813007,47.98456762594575],[9.615641742330583,47.99031661602026],[9.596641032128671,48.01731805313949],[9.578842320352825,48.0233545836165],[9.520737578313966,48.063250214316085],[9.398818141957914,48.09362328663375],[9.384434828157241,48.09067193636918],[9.353279824492525,48.094540271917786],[9.325812482994348,48.11240141835445],[9.286290868488177,48.1475793905889],[9.289241397777129,48.15885453529103],[9.29924918643539,48.163396814400556],[9.320466280870688,48.18930449434145],[9.31141767155607,48.201515736067016],[9.307810793078382,48.22435010997908],[9.347566574675454,48.23950121274175],[9.391890223583268,48.196502907129535],[9.46440546597381,48.20902355284355],[9.468117022707863,48.19881794784302],[9.48236473621855,48.201773792760854],[9.498069328651685,48.21251806032759],[9.49910298276898,48.22319056394842],[9.490054009730962,48.23271013959703],[9.497139625891489,48.23302668162109],[9.523814246159809,48.22317956412586],[9.527403484542024,48.208361387623455],[9.550372363020704,48.19360718724598],[9.578790227073338,48.193327468800554],[9.597454963294997,48.20527613937423],[9.623783437171783,48.20003346348246],[9.6658639026527,48.16271819851663],[9.735530261997985,48.17279936817033],[9.744255985348651,48.176114147156675],[9.745898772931188,48.1925775511121],[9.754586687931104,48.20664370064879],[9.792596032453135,48.230908049931074],[9.796487542338594,48.24575834901224],[9.84759034352997,48.26040400344225],[9.87467823934326,48.276438582867385],[9.881999535102373,48.294002791576254],[9.896037627871017,48.293010732969805],[9.984964310469147,48.26310113238376],[9.99041053657569,48.25210419514445],[10.026398945017672,48.23204567925847],[10.044232942101143,48.19385905846814],[10.04730616619185,48.165292866014205]]]}},{"type":"Feature","properties":{"district":"293 Bodensee","constituency_code":"293","state":"Baden-Württemberg"},"geometry":{"type":"Polygon","coordinates":[[[9.298127284350588,47.9805234442162],[9.295569113772249,47.93171863983624],[9.28807864797433,47.92626033903568],[9.342042415111743,47.88583707326451],[9.350446825386134,47.88531454427797],[9.346548632610274,47.9006175191344],[9.366260636654,47.89383932817338],[9.378019148022045,47.88161003083982],[9.38313166254213,47.864089521379334],[9.401286439238353,47.861594998386146],[9.411096921419206,47.82912812876208],[9.409414450024522,47.821604815801834],[9.422923078505336,47.81809100893402],[9.429745958507189,47.82409932899474],[9.448868954233042,47.82548054964724],[9.46306469085975,47.8078917040065],[9.45703230631876,47.7916491009963],[9.436791171126453,47.782082293138316],[9.433164356019644,47.773707470219236],[9.452206410094568,47.75670080657514],[9.460900183783771,47.75716148817737],[9.465180401232088,47.764739500252965],[9.478184558744914,47.76404182987404],[9.496277580729947,47.75236995251908],[9.492771027357731,47.73735537256],[9.500521458405544,47.732906027853204],[9.560745421760473,47.732408144042566],[9.569169196601631,47.73713586381603],[9.598201384937964,47.72588152118349],[9.651417400798573,47.69369671731167],[9.725635867963202,47.68475263159589],[9.742723848761383,47.65596287903643],[9.739915997521269,47.64736122178673],[9.714187260310512,47.63535231335347],[9.688590310106138,47.63556878420496],[9.682392285252792,47.62763232330468],[9.692543113381037,47.61076901382476],[9.657709588493981,47.611725246895645],[9.6263405863323,47.592491433494956],[9.602158544217666,47.58394622094332],[9.562125188520396,47.584758327295965],[9.529998599908495,47.60300611555995],[9.513343110490352,47.63549537193486],[9.494701375192868,47.65000905878812],[9.460557306943342,47.65145865725073],[9.406281831755829,47.66825367297336],[9.35075361593935,47.66108494641107],[9.306646874162443,47.67632904022811],[9.239266617999744,47.71008205345278],[9.227826876092255,47.72414085109574],[9.22371885047357,47.74091828009925],[9.07052609464414,47.8073032729063],[9.083188741927287,47.814299932713624],[9.080322001595114,47.830973151390985],[9.070406918096852,47.83685746093802],[9.065708218051531,47.85571803164448],[9.08141026669403,47.85868275847996],[9.103436698662104,47.84161759648349],[9.120382178359351,47.84108689600701],[9.128581811201201,47.846817288587154],[9.117787526662793,47.85893334149101],[9.145934504136857,47.872940316185115],[9.149001894565929,47.87852460810484],[9.147067978571412,47.89402513926544],[9.102680106327862,47.909566923686405],[9.148727143714956,47.93749175891043],[9.137309632833448,47.95808044385997],[9.143379491315123,47.97779865761424],[9.167000741546186,47.9652872619083],[9.25172627454159,47.98397778972303],[9.298127284350588,47.9805234442162]]]}},{"type":"Feature","properties":{"district":"294 Ravensburg","constituency_code":"294","state":"Baden-Württemberg"},"geometry":{"type":"Polygon","coordinates":[[[9.604912700308901,48.00228395120756],[9.615641742330583,47.99031661602026],[9.610589770813007,47.98456762594575],[9.623583035223641,47.965408939548695],[9.653390364480813,47.96771993715037],[9.663137308286768,47.97624446499312],[9.68559755091551,47.976449767455314],[9.754701534999525,47.974694697597606],[9.826737275352414,47.96073445216092],[9.84552237424221,47.931761517625766],[9.823893433522908,47.92016978452813],[9.798878026569824,47.89544727379964],[9.816403585827288,47.86518751285999],[9.806522669777008,47.83160949290727],[9.835010117952347,47.83335055654019],[9.834828775468196,47.82499089474759],[9.8256592474473,47.79271425562119],[9.803124851758737,47.78093395388669],[9.813107016793634,47.760137768914696],[9.873713128625154,47.72731361938802],[9.911799969264743,47.73915490178751],[9.929408317111026,47.749951982964156],[9.93587689557279,47.75648326846273],[9.946395288898572,47.795595512597046],[9.906834052047289,47.83801548411341],[9.903741269134422,47.86426094390711],[9.919234939317494,47.87220879860676],[9.931291304108274,47.86463250548925],[9.972937448382329,47.86206409426804],[9.986009578290776,47.86751006616281],[9.989415599872377,47.87657680426474],[10.018576798966153,47.87824607237409],[10.054514841359701,47.8768166006256],[10.063354657605975,47.86670505414749],[10.076755533427825,47.86780934862881],[10.082961688948533,47.85571777867946],[10.133134098092494,47.81584054570396],[10.072189778871518,47.78908473006544],[10.082513094522994,47.771180985812606],[10.115541105449738,47.75827129035712],[10.116428889232171,47.71931672510723],[10.139437677882885,47.70327340701426],[10.130059542522242,47.67727125444695],[10.111133755823255,47.66599043304834],[10.093847714580331,47.66504665437056],[10.083298689362397,47.65553532274375],[10.077292399782529,47.63927426123788],[10.059312462873022,47.68062877636233],[10.028966243437733,47.68654120004802],[10.001902409042692,47.68199943299944],[9.980659236379251,47.66704324629544],[9.970746357417017,47.653626323210126],[9.959522463602154,47.6523040966078],[9.893277499146398,47.6632327717241],[9.874328010927545,47.67539200102931],[9.844051672242118,47.67684035267694],[9.830854947483413,47.67168264669532],[9.828553282279499,47.65790120441511],[9.753379717863087,47.61158119704777],[9.706293734070874,47.60181220823325],[9.69458215245804,47.604664542878695],[9.682392285252792,47.62763232330468],[9.688590310106138,47.63556878420496],[9.724836759226786,47.63790896137988],[9.74253392131561,47.65271743382412],[9.725635867963202,47.68475263159589],[9.651417400798573,47.69369671731167],[9.598201384937964,47.72588152118349],[9.569169196601631,47.73713586381603],[9.560745421760473,47.732408144042566],[9.500521458405544,47.732906027853204],[9.492771027357731,47.73735537256],[9.496277580729947,47.75236995251908],[9.478184558744914,47.76404182987404],[9.465180401232088,47.764739500252965],[9.460900183783771,47.75716148817737],[9.452206410094568,47.75670080657514],[9.433307014980993,47.7747687211766],[9.436791171126453,47.782082293138316],[9.45703230631876,47.7916491009963],[9.46282982805349,47.808275958940015],[9.444687888680678,47.826896309568404],[9.429745958507189,47.82409932899474],[9.422923078505336,47.81809100893402],[9.409414450024522,47.821604815801834],[9.411096921419206,47.82912812876208],[9.401286439238353,47.861594998386146],[9.38313166254213,47.864089521379334],[9.376589968230787,47.87923130995203],[9.401051969905899,47.90161936860116],[9.41245286912353,47.92114040289073],[9.404328971471974,47.93289787691048],[9.40641159367046,47.94093698528935],[9.428535773902336,47.960212857594854],[9.486323168128408,47.96029580072691],[9.518347777538052,47.989991237929075],[9.535525719412293,47.96684393916894],[9.547184446815479,47.963350405816925],[9.562667130991242,47.96700776527374],[9.56210705456716,47.97887754606724],[9.552090146096107,47.98807710783773],[9.554768452462048,48.00554840530623],[9.604912700308901,48.00228395120756]]]}},{"type":"Feature","properties":{"district":"295 Zollernalb – Sigmaringen","constituency_code":"295","state":"Baden-Württemberg"},"geometry":{"type":"Polygon","coordinates":[[[8.85521348626773,48.381624823426534],[8.857522413447128,48.34981457752801],[8.856357685496882,48.34351111399535],[8.849310601374814,48.341265521694915],[8.849447462944998,48.333596565462706],[8.902175467347886,48.29698164163489],[8.913621840367897,48.27934188917683],[8.949850208197766,48.28183604689266],[8.981292428619248,48.31022235601157],[9.028198645703778,48.30949190482214],[9.039426630639312,48.30091875977522],[9.02524049152625,48.29983058090299],[9.032035789842404,48.29028163536886],[9.065037210920629,48.27132051896101],[9.071169526739574,48.25823601967872],[9.085497475489445,48.253079859316365],[9.10745872048342,48.252091998754985],[9.182743040612552,48.26985099040123],[9.187158828994521,48.27243939078084],[9.18702849217734,48.280836150667454],[9.201090109584113,48.28806141872388],[9.21975243908806,48.27973771633026],[9.223578485160743,48.26678016313151],[9.249834223280576,48.26807043970828],[9.270973220283606,48.27958382517038],[9.293039378252024,48.28009757253743],[9.347566574675454,48.23950121274175],[9.307810793078382,48.22435010997908],[9.31141767155607,48.201515736067016],[9.320466280870688,48.18930449434145],[9.29924918643539,48.163396814400556],[9.289241397777129,48.15885453529103],[9.286290868488177,48.1475793905889],[9.325812482994348,48.11240141835445],[9.353279824492525,48.094540271917786],[9.384434828157241,48.09067193636918],[9.398818141957914,48.09362328663375],[9.520737578313966,48.063250214316085],[9.578842320352825,48.0233545836165],[9.596641032128671,48.01731805313949],[9.604254162253609,48.00978458899698],[9.604912700308901,48.00228395120756],[9.554768452462048,48.00554840530623],[9.552090146096107,47.98807710783773],[9.56210705456716,47.97887754606724],[9.562667130991242,47.96700776527374],[9.547184446815479,47.963350405816925],[9.535525719412293,47.96684393916894],[9.518347777538052,47.989991237929075],[9.486323168128408,47.96029580072691],[9.428535773902336,47.960212857594854],[9.40641159367046,47.94093698528935],[9.404328971471974,47.93289787691048],[9.41245286912353,47.92114040289073],[9.401051969905899,47.90161936860116],[9.378019148022045,47.88161003083982],[9.353248683404837,47.900490239431065],[9.344638491146734,47.898269215147515],[9.35073399926766,47.89250865007793],[9.350446825386134,47.88531454427797],[9.342042415111743,47.88583707326451],[9.28807864797433,47.92626033903568],[9.295569113772249,47.93171863983624],[9.298127284350588,47.9805234442162],[9.25172627454159,47.98397778972303],[9.167000741546186,47.9652872619083],[9.143379491315123,47.97779865761424],[9.137309632833448,47.95808044385997],[9.148727143714956,47.93749175891043],[9.102680106327862,47.909566923686405],[9.097237187631384,47.91431564075089],[9.076286616980621,47.916984512665174],[9.074453847116711,47.933699473007295],[9.081737073352167,47.940015055655245],[9.012044833138265,47.93692290768776],[9.021236420679202,47.98383191171266],[9.007586608699315,48.02560503016232],[8.959819961581756,48.03590384487639],[8.935183312359145,48.049760483613525],[8.934949321904188,48.05839743781803],[8.940713087452036,48.060619390936566],[8.948657588099252,48.0553644710759],[8.974680173738916,48.05604420007253],[8.987440057154606,48.06021286925828],[8.996809091849451,48.07095989137048],[8.979927903215293,48.085481468647096],[8.962549205843276,48.09111052197571],[8.953761200680404,48.107279087573744],[8.939178615026206,48.10356611142853],[8.883754449412985,48.10795202643677],[8.859609509394012,48.14359629397254],[8.809039838942972,48.1846242991875],[8.769251280836338,48.182710200013055],[8.76309300558118,48.172811544903034],[8.764294247577217,48.16315495922483],[8.7512372240102,48.15953991643943],[8.723275480166278,48.184647460340294],[8.699410387234213,48.23999548584654],[8.702837611276765,48.251553339136194],[8.681867460487169,48.27785526387086],[8.656646974596082,48.28429782340373],[8.648922195418848,48.29154274343775],[8.662874288833223,48.30043681254658],[8.718659545109913,48.315013443143755],[8.719246082224346,48.321138315977116],[8.711127596640345,48.32411853483695],[8.717352482864536,48.34132467279588],[8.73478282329711,48.3600145165566],[8.737186392603054,48.37797695632023],[8.758634505879275,48.38262537105041],[8.751984016493644,48.38738573429105],[8.770086397541112,48.415029392960065],[8.795024754955381,48.41700009875311],[8.814229173434846,48.40741103950834],[8.831573849952656,48.40580384686803],[8.832350890811625,48.39885469174985],[8.850263418206751,48.39431238853765],[8.85521348626773,48.381624823426534]]]}},{"type":"Feature","properties":{"district":"296 Saarbrücken","constituency_code":"296","state":"Saarland"},"geometry":{"type":"Polygon","coordinates":[[[6.993554851234143,49.32056957813826],[7.054169762920947,49.28697274835479],[7.062578385728133,49.2714175305345],[7.06269391029023,49.26152457350555],[7.086368611862428,49.24549796904519],[7.109520765497144,49.25656415978734],[7.130581891421612,49.24440281033539],[7.130643567407788,49.217994508206296],[7.121188756184827,49.20307785564101],[7.108240817202576,49.16391388145457],[7.0911228846500975,49.15201278629656],[7.080683890590647,49.12755254800976],[7.066564143381646,49.114245333331965],[7.055031189304421,49.11209007445703],[7.044812099147912,49.118987697552825],[7.028634796443866,49.17601852136896],[7.008901223951113,49.19397384814675],[6.975231046429933,49.209453943938506],[6.939880058167383,49.21668534389769],[6.911530296797856,49.21506140721916],[6.857297798480141,49.22231903036483],[6.836291469914204,49.211259762863946],[6.850434838139604,49.202219578565284],[6.86176751093854,49.17883931984964],[6.8475176805064155,49.15715788590779],[6.834056611613526,49.151080443337534],[6.780703783109589,49.168144520582594],[6.738397613251396,49.163597795973864],[6.720324124860105,49.17531962915992],[6.711208356248629,49.18834183494036],[6.731444702434963,49.2059567294356],[6.723465469342465,49.21882923315199],[6.741667082021379,49.226087655301136],[6.776529339054697,49.22553005773276],[6.833545196897037,49.25633628020502],[6.8197802446709,49.26971065825829],[6.825113172277856,49.274667754506204],[6.855223113032622,49.279665946062615],[6.879402543263214,49.29858651664605],[6.874921933556251,49.32712698420996],[6.9504890645063035,49.32671965714357],[6.993554851234143,49.32056957813826]]]}},{"type":"Feature","properties":{"district":"297 Saarlouis","constituency_code":"297","state":"Saarland"},"geometry":{"type":"Polygon","coordinates":[[[6.895049842820571,49.597558835302166],[6.905507482630554,49.590623259487685],[6.933235514407486,49.59947273595518],[6.9552402788632195,49.5927614258736],[6.962411654533392,49.56085067128912],[6.9554547276294985,49.511835377856585],[6.910181842582432,49.50170365881028],[6.874977962592273,49.479718064868806],[6.807120814997069,49.471075907297326],[6.79687525365322,49.45754422006663],[6.794932324335843,49.4203257774985],[6.83323321790908,49.39757608299614],[6.849924861829153,49.38206865387081],[6.870350671626876,49.37447935113704],[6.915729872868258,49.37391665940672],[6.921702943812093,49.3681716999879],[6.8758514053094935,49.33745118935147],[6.879402543263214,49.29858651664605],[6.855223113032622,49.279665946062615],[6.825113172277856,49.274667754506204],[6.8197802446709,49.26971065825829],[6.833545196897037,49.25633628020502],[6.810606390740467,49.240931158861244],[6.766999634011212,49.222871593476235],[6.741667082021379,49.226087655301136],[6.696024271137644,49.21512765227097],[6.689809556347671,49.220338926570534],[6.666299052354293,49.26776290589236],[6.670060305707723,49.28033051555121],[6.609406095196101,49.30658399949774],[6.565663991902767,49.34765170135817],[6.563621365153877,49.35591294372868],[6.574056385954185,49.35866492338547],[6.585608726449327,49.35280688036419],[6.602166462031275,49.36711043215558],[6.586653316115971,49.38514689249721],[6.57679327078406,49.38979420164768],[6.5635461934598425,49.38809743677949],[6.540794600489716,49.40124464550842],[6.538646594124783,49.41220473807051],[6.557387785392247,49.419528963531945],[6.543739405776892,49.42995983023313],[6.499367435701576,49.45038352557613],[6.440549722951591,49.46670974633917],[6.414613491752297,49.47099329402006],[6.393416183632211,49.464051871980146],[6.374985785305845,49.46412523805029],[6.367030724862439,49.469483080960984],[6.356994235464071,49.53129416277032],[6.380052620436625,49.55110476926351],[6.467921554930542,49.5443664054972],[6.494120576229969,49.53062280253395],[6.527888781280082,49.532185714650076],[6.563963086289204,49.54055758707964],[6.5782887393195795,49.53012845802277],[6.579728724681838,49.522187676827265],[6.604679365299334,49.517259178079605],[6.620849873954948,49.5294282678915],[6.6178846904644955,49.53591624622854],[6.630881137691993,49.54135113194634],[6.747395680625206,49.55781210822844],[6.866435190881292,49.60865974866837],[6.891453809503873,49.613422632525115],[6.895049842820571,49.597558835302166]]]}},{"type":"Feature","properties":{"district":"298 St. Wendel","constituency_code":"298","state":"Saarland"},"geometry":{"type":"Polygon","coordinates":[[[7.059079921215583,49.630479618985476],[7.084724278432304,49.604997353098284],[7.118403594582897,49.59598284272209],[7.142805416456592,49.5988209474376],[7.213352544904057,49.565845811995054],[7.228280980779674,49.5655947350794],[7.257540214049523,49.577154086482146],[7.262209953245575,49.57465855813042],[7.274861975720023,49.56056769692228],[7.277036421357478,49.53735255924796],[7.285688643568993,49.5169066053713],[7.278135696923971,49.48427479364026],[7.2968412371558955,49.483549653108334],[7.304825739217781,49.4724459407749],[7.297561353983578,49.46464550876006],[7.2464376592202315,49.4455183813488],[7.252589155523738,49.43146537707631],[7.292601445839104,49.408222481669576],[7.261671128132729,49.397081166232326],[7.259513150956599,49.40308801346676],[7.2473846957023875,49.406547194688144],[7.239602476972953,49.40491743930178],[7.23596497932923,49.39652792778914],[7.213421429935006,49.39124998480569],[7.184625040858001,49.38899455664275],[7.1701727433488065,49.39370070623043],[7.153775408253148,49.39005376839187],[7.139177063415649,49.353085865008204],[7.1224098622462755,49.337878559339266],[7.114241075218628,49.336273139610704],[7.086949455216565,49.34490338880976],[7.024325131355701,49.350351768641644],[6.993554851234143,49.32056957813826],[6.9504890645063035,49.32671965714357],[6.874921933556251,49.32712698420996],[6.8758514053094935,49.33745118935147],[6.921702943812093,49.3681716999879],[6.919835421834355,49.371021285583616],[6.870350671626876,49.37447935113704],[6.849924861829153,49.38206865387081],[6.83323321790908,49.39757608299614],[6.795547794503625,49.41736467343243],[6.7930212148330495,49.43932202770218],[6.797987474276706,49.45995866419236],[6.8104822019175995,49.47265413633843],[6.827122740376132,49.47086465042852],[6.874977962592273,49.479718064868806],[6.910181842582432,49.50170365881028],[6.9554547276294985,49.511835377856585],[6.962411654533392,49.56085067128912],[6.9552402788632195,49.5927614258736],[6.933235514407486,49.59947273595518],[6.905507482630554,49.590623259487685],[6.895049842820571,49.597558835302166],[6.890421117035022,49.615164069217414],[6.921429474149958,49.6166630483348],[6.97839909204337,49.6358883318836],[7.012397686057097,49.62835844050019],[7.027980123926057,49.6394382851656],[7.059079921215583,49.630479618985476]]]}},{"type":"Feature","properties":{"district":"299 Homburg","constituency_code":"299","state":"Saarland"},"geometry":{"type":"Polygon","coordinates":[[[7.292601445839104,49.408222481669576],[7.299264543587608,49.389440816218276],[7.366870347679733,49.36318744935354],[7.395898693288583,49.372046055637504],[7.402075305281961,49.367718652437766],[7.393834939073832,49.36211708150722],[7.3900602836093565,49.32073553922338],[7.394494087737024,49.31635206014415],[7.385427185003424,49.29412396358063],[7.371695484354599,49.28091264850584],[7.312131761411025,49.255135865525006],[7.28913235173347,49.23782113418994],[7.295756776156208,49.20534678707531],[7.320340967355135,49.189499139972725],[7.338485201339964,49.18443212257485],[7.335878083176825,49.17586662318176],[7.350148373227471,49.16283818547552],[7.368755429967107,49.16145787873885],[7.361284703761584,49.1528581080586],[7.315472852862496,49.13845664731347],[7.2931769051203705,49.11490732744007],[7.245327279298895,49.129084243719845],[7.196307755108279,49.12165216696984],[7.154615442673695,49.122683045567555],[7.104175757116575,49.1385966347038],[7.101027064774919,49.15600553510043],[7.108240817202576,49.16391388145457],[7.121188756184827,49.20307785564101],[7.130643567407788,49.217994508206296],[7.130581891421612,49.24440281033539],[7.109520765497144,49.25656415978734],[7.086368611862428,49.24549796904519],[7.06269391029023,49.26152457350555],[7.062578385728133,49.2714175305345],[7.054169762920947,49.28697274835479],[6.993554851234143,49.32056957813826],[7.024325131355701,49.350351768641644],[7.1224098622462755,49.337878559339266],[7.139177063415649,49.353085865008204],[7.153775408253148,49.39005376839187],[7.1701727433488065,49.39370070623043],[7.184625040858001,49.38899455664275],[7.213421429935006,49.39124998480569],[7.23596497932923,49.39652792778914],[7.239602476972953,49.40491743930178],[7.2473846957023875,49.406547194688144],[7.259513150956599,49.40308801346676],[7.261671128132729,49.397081166232326],[7.292601445839104,49.408222481669576]]]}}]}