{"type":"FeatureCollection","features":[{"type":"Feature","properties":{"district":"Aceh","constituency_code":"1","electorate_type":"Indonesia"},"geometry":{"type":"MultiPolygon","coordinates":[[[[96.1925,2.3493],[96.1916,2.3563],[96.2042,2.3594],[96.1967,2.3486],[96.1925,2.3493]]],[[[95.9244,2.5277],[95.938,2.5471],[95.9628,2.5275],[95.961,2.5231],[95.9244,2.5277]]],[[[95.8351,2.8953],[95.9047,2.8949],[95.9129,2.849],[95.8697,2.8592],[95.8839,2.8266],[95.9165,2.8448],[96.0151,2.763],[96.1449,2.7116],[96.1515,2.6888],[96.0963,2.6758],[96.107,2.6364],[96.1536,2.6458],[96.184,2.6163],[96.1824,2.6651],[96.2523,2.5862],[96.349,2.5467],[96.3892,2.4617],[96.4044,2.5127],[96.4535,2.476],[96.498,2.3627],[96.4438,2.3285],[96.345,2.3412],[96.3121,2.4213],[96.2285,2.4418],[96.0802,2.5667],[96.0158,2.5899],[95.9422,2.572],[95.8631,2.638],[95.7973,2.6302],[95.7346,2.756],[95.6921,2.7737],[95.7195,2.8252],[95.7981,2.8423],[95.7627,2.8607],[95.7869,2.9262],[95.8351,2.8953]]],[[[96.1571,2.663],[96.1521,2.6683],[96.1623,2.6687],[96.1571,2.663]]],[[[95.7344,2.7125],[95.7464,2.7146],[95.7321,2.7025],[95.7159,2.7151],[95.7344,2.7125]]],[[[96.1066,2.7462],[96.1124,2.7514],[96.1236,2.7402],[96.1066,2.7462]]],[[[95.3931,2.9853],[95.402,2.9736],[95.3972,2.9631],[95.3859,2.9815],[95.3931,2.9853]]],[[[95.4002,3.0103],[95.3999,3.014],[95.4056,3.0175],[95.4085,3.0137],[95.4002,3.0103]]],[[[96.1741,4.1208],[96.0545,4.2068],[96.0245,4.1941],[95.7382,4.5087],[95.5672,4.6267],[95.5832,4.6566],[95.5404,4.6565],[95.4968,4.7455],[95.4127,4.8206],[95.3655,5.0359],[95.3163,5.0802],[95.3071,5.168],[95.2464,5.2233],[95.2433,5.2788],[95.2143,5.2769],[95.2531,5.3823],[95.2407,5.468],[95.1938,5.5279],[95.2277,5.5756],[95.2435,5.5459],[95.3072,5.5618],[95.4297,5.6557],[95.5149,5.5954],[95.6153,5.6263],[95.8843,5.506],[95.9156,5.4273],[96.0826,5.292],[96.388,5.2107],[96.4631,5.2367],[96.5135,5.1992],[96.6215,5.2107],[96.8489,5.2764],[96.8799,5.2488],[96.9763,5.2627],[97.1034,5.2249],[97.1495,5.191],[97.1429,5.156],[97.1874,5.1411],[97.4971,5.2495],[97.5905,5.1443],[97.6513,5.1237],[97.6752,5.0479],[97.8482,4.9038],[97.9047,4.8918],[97.9634,4.6647],[97.9964,4.6374],[97.9819,4.5357],[98.0355,4.5266],[98.0695,4.5471],[98.0764,4.5104],[98.1517,4.5108],[98.2344,4.4633],[98.2593,4.4109],[98.2652,4.4099],[98.2793,4.4203],[98.2873,4.4174],[98.253,4.2899],[98.1547,4.2891],[98.1438,4.2598],[98.0695,4.2452],[98.0947,4.2086],[98.0625,4.1859],[98.0402,4.0412],[98.0957,3.9841],[98.0827,3.9539],[98.0098,3.9495],[98.0065,3.9017],[97.9005,3.9106],[97.9087,3.8184],[97.8005,3.7226],[97.8718,3.6126],[97.8681,3.5711],[97.959,3.4814],[97.9339,3.4447],[97.9487,3.39],[98.0293,3.3308],[97.9048,3.2583],[97.9822,3.1161],[97.981,3.0793],[97.9301,3.0547],[97.9443,2.899],[98.0501,2.8218],[98.0984,2.8228],[98.1167,2.7851],[98.0694,2.7642],[98.1103,2.6111],[98.0848,2.6034],[98.0813,2.5183],[98.1971,2.3115],[98.1273,2.1695],[97.9515,2.27],[97.8822,2.2433],[97.8002,2.2707],[97.786,2.2314],[97.6623,2.4037],[97.6489,2.6829],[97.592,2.8807],[97.4305,2.9317],[97.375,2.9835],[97.316,3.0551],[97.2558,3.2236],[97.1694,3.2576],[97.0,3.5485],[96.9032,3.6022],[96.8706,3.6889],[96.7723,3.7392],[96.5026,3.7462],[96.3837,3.8493],[96.1741,4.1208]]],[[[95.3711,4.877],[95.3879,4.8764],[95.3819,4.8608],[95.3687,4.8671],[95.3711,4.877]]],[[[95.2837,5.1159],[95.29,5.1207],[95.2966,5.1159],[95.2876,5.1088],[95.2837,5.1159]]],[[[95.1774,5.559],[95.1668,5.5504],[95.1569,5.5532],[95.1677,5.562],[95.1774,5.559]]],[[[95.2018,5.5793],[95.1894,5.5754],[95.1926,5.5802],[95.2018,5.5793]]],[[[95.1753,5.6213],[95.157,5.595],[95.1186,5.6032],[95.1403,5.6604],[95.1753,5.6213]]],[[[95.0529,5.6306],[95.0759,5.6439],[95.085,5.6424],[95.0562,5.6212],[95.0529,5.6306]]],[[[95.0906,5.7214],[95.1429,5.6665],[95.0552,5.6482],[95.0588,5.7206],[95.0116,5.724],[95.037,5.7506],[95.0906,5.7214]]],[[[95.2644,5.8727],[95.2996,5.8388],[95.3115,5.895],[95.3368,5.8957],[95.3748,5.805],[95.3443,5.8259],[95.3351,5.7768],[95.2863,5.7801],[95.2162,5.9062],[95.2644,5.8727]]],[[[95.1168,6.0768],[95.1186,6.0716],[95.115,6.0711],[95.1123,6.0752],[95.1168,6.0768]]],[[[97.161,2.069],[97.1146,2.0042],[97.0764,2.0766],[97.113,2.1147],[97.161,2.069]]],[[[96.6544,2.0636],[96.6175,2.0759],[96.6237,2.1206],[96.6774,2.1132],[96.6871,2.0852],[96.6544,2.0636]]],[[[97.22,2.2045],[97.2358,2.2354],[97.2975,2.2304],[97.2927,2.2009],[97.356,2.1031],[97.3392,2.034],[97.2356,2.166],[97.1127,2.2155],[97.1688,2.2364],[97.22,2.2045]]],[[[96.6368,2.1506],[96.6103,2.1766],[96.6136,2.1866],[96.6618,2.1688],[96.6368,2.1506]]],[[[97.3057,2.1917],[97.3146,2.1938],[97.3113,2.1812],[97.3067,2.1841],[97.3057,2.1917]]],[[[97.2187,2.2286],[97.2131,2.2385],[97.2177,2.2418],[97.226,2.2295],[97.2187,2.2286]]],[[[97.2648,2.2816],[97.2711,2.2841],[97.2825,2.2748],[97.2779,2.273],[97.2648,2.2816]]],[[[97.2573,2.2859],[97.2563,2.2782],[97.2488,2.2932],[97.2573,2.2859]]],[[[97.3071,2.2979],[97.3081,2.3076],[97.3148,2.3085],[97.3141,2.2919],[97.3071,2.2979]]],[[[97.2477,2.3057],[97.2462,2.2995],[97.2423,2.3005],[97.2429,2.3054],[97.2477,2.3057]]],[[[97.2189,2.32],[97.2273,2.324],[97.2284,2.3194],[97.2236,2.3175],[97.2189,2.32]]],[[[96.229,2.3592],[96.2567,2.3737],[96.2608,2.3616],[96.2482,2.3453],[96.229,2.3592]]],[[[96.4895,2.4363],[96.5146,2.429],[96.5159,2.4216],[96.49,2.4215],[96.4895,2.4363]]],[[[96.4757,2.4363],[96.4772,2.4402],[96.4825,2.4383],[96.4791,2.4339],[96.4757,2.4363]]],[[[96.3817,2.5242],[96.3741,2.514],[96.3629,2.5213],[96.378,2.5273],[96.3817,2.5242]]],[[[96.3646,2.6635],[96.3866,2.6549],[96.394,2.6451],[96.3543,2.6543],[96.3646,2.6635]]],[[[97.3867,1.9862],[97.3882,1.9825],[97.3847,1.9777],[97.3819,1.9833],[97.3867,1.9862]]],[[[97.3878,2.0434],[97.3927,2.0406],[97.3922,2.0366],[97.3864,2.0383],[97.3878,2.0434]]],[[[97.3511,2.0726],[97.357,2.0729],[97.3586,2.0659],[97.3526,2.0664],[97.3511,2.0726]]],[[[97.4397,2.1748],[97.4386,2.1604],[97.4287,2.1803],[97.4417,2.1907],[97.4397,2.1748]]],[[[97.4229,2.2459],[97.4272,2.2498],[97.4313,2.2475],[97.4243,2.2396],[97.4229,2.2459]]],[[[97.426,2.2857],[97.4194,2.2995],[97.4219,2.3011],[97.426,2.2928],[97.426,2.2857]]],[[[97.4064,2.3111],[97.4129,2.2965],[97.4107,2.2946],[97.4024,2.3096],[97.4064,2.3111]]],[[[97.3965,2.3394],[97.3805,2.3628],[97.4076,2.3452],[97.4176,2.3052],[97.3965,2.3394]]],[[[98.2526,4.4441],[98.2757,4.4241],[98.2651,4.4107],[98.2557,4.4367],[98.2542,4.4386],[98.2521,4.4394],[98.2494,4.4394],[98.2526,4.4441]]],[[[98.2551,4.4339],[98.2509,4.4291],[98.249,4.439],[98.2543,4.4382],[98.2551,4.4339]]],[[[98.0415,4.5368],[98.0424,4.5442],[98.0473,4.5451],[98.0497,4.5383],[98.0415,4.5368]]],[[[97.9961,4.598],[98.0051,4.6074],[98.0004,4.6253],[98.0181,4.608],[97.9961,4.598]]],[[[97.9712,4.6784],[97.9617,4.6999],[97.9637,4.7037],[97.9737,4.6792],[97.9712,4.6784]]]]}},{"type":"Feature","properties":{"district":"Bali","constituency_code":"17","electorate_type":"Indonesia"},"geometry":{"type":"MultiPolygon","coordinates":[[[[115.2109,-8.7384],[115.2139,-8.7283],[115.219,-8.7311],[115.2062,-8.7461],[115.2109,-8.7384]]],[[[115.2354,-8.7433],[115.2178,-8.7465],[115.2395,-8.7214],[115.2464,-8.7362],[115.2354,-8.7433]]],[[[115.2699,-8.6541],[115.2637,-8.7067],[115.2064,-8.7291],[115.1844,-8.7451],[115.2081,-8.7856],[115.2211,-8.753],[115.2184,-8.8321],[115.0889,-8.8382],[115.1666,-8.775],[115.1379,-8.6655],[114.8842,-8.4501],[114.7322,-8.3961],[114.5814,-8.3976],[114.4482,-8.219],[114.4332,-8.1653],[114.4673,-8.1677],[114.4357,-8.0973],[114.4943,-8.0964],[114.5222,-8.1546],[114.5847,-8.12],[114.8605,-8.1965],[114.9985,-8.1766],[115.1836,-8.0616],[115.4536,-8.1625],[115.6978,-8.3583],[115.7109,-8.4005],[115.61,-8.5027],[115.521,-8.5039],[115.5092,-8.5404],[115.3584,-8.5789],[115.2699,-8.6541]]],[[[114.5088,-8.0926],[114.5155,-8.092],[114.5267,-8.0925],[114.5169,-8.1003],[114.5088,-8.0926]]],[[[115.595,-8.7162],[115.6276,-8.773],[115.5883,-8.8195],[115.4468,-8.7335],[115.4936,-8.6723],[115.5632,-8.6722],[115.595,-8.7162]]],[[[115.4489,-8.6976],[115.4595,-8.688],[115.4657,-8.6882],[115.4423,-8.7126],[115.4489,-8.6976]]],[[[115.4364,-8.6943],[115.4535,-8.6631],[115.4713,-8.6682],[115.4508,-8.6938],[115.4364,-8.6943]]]]}},{"type":"Feature","properties":{"district":"Banten","constituency_code":"16","electorate_type":"Indonesia"},"geometry":{"type":"MultiPolygon","coordinates":[[[[105.5355,-7.0149],[105.5219,-7.0013],[105.5701,-7.0071],[105.5629,-7.0162],[105.5355,-7.0149]]],[[[105.7724,-6.9633],[105.801,-6.9529],[105.8203,-6.9508],[105.7706,-6.974],[105.7724,-6.9633]]],[[[105.4231,-6.7483],[105.4259,-6.7529],[105.4184,-6.7529],[105.4188,-6.7488],[105.4231,-6.7483]]],[[[105.2531,-6.7523],[105.2477,-6.7482],[105.2489,-6.7261],[105.2677,-6.7367],[105.2531,-6.7523]]],[[[105.2538,-6.5699],[105.2431,-6.6358],[105.1826,-6.6795],[105.1759,-6.5778],[105.1286,-6.6225],[105.1079,-6.6099],[105.1865,-6.5395],[105.2635,-6.5224],[105.2538,-6.5699]]],[[[105.8749,-6.8366],[105.6723,-6.8374],[105.5386,-6.8741],[105.3154,-6.8019],[105.2627,-6.8456],[105.2109,-6.7524],[105.2649,-6.7596],[105.3689,-6.6467],[105.3884,-6.7392],[105.4683,-6.828],[105.5067,-6.7304],[105.6181,-6.6164],[105.65,-6.4812],[105.6789,-6.4777],[105.6756,-6.5111],[105.7147,-6.5327],[105.7839,-6.505],[105.8253,-6.4257],[105.8251,-6.2392],[105.8818,-6.0752],[105.9908,-5.9844],[106.0026,-5.9479],[105.9922,-5.9229],[106.0411,-5.8761],[106.101,-5.9118],[106.1012,-5.9882],[106.1586,-6.0253],[106.2254,-6.0115],[106.2632,-5.96],[106.3331,-5.9861],[106.3679,-5.9657],[106.4118,-6.0242],[106.4859,-6.0478],[106.5352,-6.0105],[106.5867,-6.0325],[106.6486,-6.0052],[106.7087,-6.0361],[106.725,-6.0896],[106.688,-6.0971],[106.6868,-6.1723],[106.7433,-6.2276],[106.7693,-6.3615],[106.604,-6.3619],[106.5268,-6.3246],[106.5262,-6.3495],[106.4763,-6.3507],[106.4679,-6.3035],[106.4267,-6.3479],[106.4515,-6.4244],[106.4045,-6.4579],[106.4289,-6.6781],[106.466,-6.7501],[106.5262,-6.7678],[106.4361,-6.8198],[106.3871,-6.9903],[106.307,-6.9944],[106.03,-6.8219],[105.8749,-6.8366]]],[[[105.8542,-5.9771],[105.8299,-5.9511],[105.855,-5.9378],[105.8662,-5.9676],[105.8542,-5.9771]]],[[[105.9876,-5.9372],[105.9854,-5.9317],[105.9937,-5.9332],[105.9876,-5.9372]]],[[[106.643,-6.0013],[106.6435,-6.0064],[106.6324,-6.0099],[106.643,-6.0013]]],[[[106.1415,-5.9393],[106.1485,-5.9194],[106.1692,-5.935],[106.1565,-5.9444],[106.1415,-5.9393]]],[[[106.2934,-5.8097],[106.2815,-5.8164],[106.2559,-5.8112],[106.266,-5.8078],[106.2934,-5.8097]]]]}},{"type":"Feature","properties":{"district":"Bengkulu","constituency_code":"7","electorate_type":"Indonesia"},"geometry":{"type":"MultiPolygon","coordinates":[[[[102.2287,-5.4685],[102.2219,-5.4786],[102.2125,-5.4673],[102.2196,-5.4621],[102.2287,-5.4685]]],[[[102.25,-5.3254],[102.3862,-5.3941],[102.3689,-5.4525],[102.3393,-5.456],[102.3754,-5.4855],[102.3592,-5.5057],[102.281,-5.4768],[102.2652,-5.511],[102.2032,-5.4168],[102.0867,-5.3491],[102.1511,-5.2814],[102.25,-5.3254]]],[[[101.0527,-3.9931],[101.0509,-4.0055],[101.0321,-4.0122],[101.0478,-3.9925],[101.0527,-3.9931]]],[[[102.2887,-3.9698],[102.2662,-3.9127],[102.2907,-3.9246],[102.3077,-3.8947],[102.2497,-3.7963],[102.2283,-3.6726],[101.6123,-3.2354],[101.4015,-2.9252],[101.3191,-2.7345],[101.1416,-2.6279],[101.028,-2.4924],[101.2776,-2.2914],[101.5558,-2.4485],[101.542,-2.5714],[101.59,-2.5326],[101.6675,-2.5275],[101.8602,-2.7306],[101.9969,-2.7241],[102.0634,-2.7645],[102.1313,-2.8748],[102.2241,-2.9307],[102.2538,-3.0355],[102.3176,-3.0699],[102.4423,-3.0586],[102.4865,-3.1099],[102.4943,-3.2684],[102.5658,-3.2766],[102.6381,-3.3378],[102.7761,-3.2818],[102.798,-3.3317],[102.8953,-3.3298],[102.8971,-3.3764],[102.9884,-3.3686],[102.9947,-3.5248],[102.9071,-3.6165],[102.8102,-3.5299],[102.7706,-3.7082],[102.6203,-3.8022],[102.8162,-3.9779],[102.9119,-3.9696],[102.9979,-4.0192],[102.9172,-4.0569],[102.9196,-4.0966],[103.0595,-4.1948],[103.0733,-4.2616],[103.2241,-4.2407],[103.4422,-4.3301],[103.4675,-4.3549],[103.4064,-4.5007],[103.4851,-4.5775],[103.6195,-4.5313],[103.5987,-4.5934],[103.6611,-4.6104],[103.702,-4.6636],[103.672,-4.7271],[103.7617,-4.7421],[103.7905,-4.779],[103.6024,-4.8913],[103.596,-4.9224],[103.4239,-4.8709],[103.3821,-4.8025],[103.3219,-4.8018],[103.2841,-4.7099],[103.1995,-4.637],[102.8993,-4.4878],[102.7965,-4.3539],[102.2887,-3.9698]]]]}},{"type":"Feature","properties":{"district":"DI Yogyakarta","constituency_code":"14","electorate_type":"Indonesia"},"geometry":{"type":"Polygon","coordinates":[[[110.5541,-7.7903],[110.7856,-7.8167],[110.7556,-8.0241],[110.7856,-8.1507],[110.8311,-8.1382],[110.8349,-8.2031],[110.7095,-8.2007],[110.4365,-8.1],[110.3445,-8.0305],[110.0035,-7.8883],[110.0339,-7.8929],[110.063,-7.8125],[110.1292,-7.7496],[110.1156,-7.6737],[110.1414,-7.6448],[110.2636,-7.6461],[110.2699,-7.706],[110.4452,-7.5412],[110.4918,-7.7668],[110.5541,-7.7903]]]}},{"type":"Feature","properties":{"district":"DKI Jakarta","constituency_code":"11","electorate_type":"Indonesia"},"geometry":{"type":"MultiPolygon","coordinates":[[[[106.7294,-6.0858],[106.7345,-6.0817],[106.7379,-6.094],[106.7355,-6.095],[106.7294,-6.0858]]],[[[106.6953,-5.9771],[106.6892,-5.9751],[106.6905,-5.9706],[106.6955,-5.9732],[106.6953,-5.9771]]],[[[106.6086,-5.8587],[106.6013,-5.8609],[106.6053,-5.8544],[106.6086,-5.8587]]],[[[106.6151,-5.8609],[106.6149,-5.8567],[106.6313,-5.8545],[106.6238,-5.8563],[106.6151,-5.8609]]],[[[106.4894,-5.7955],[106.4954,-5.7954],[106.4976,-5.7991],[106.4894,-5.7955]]],[[[106.5538,-5.6461],[106.567,-5.6424],[106.5673,-5.6437],[106.5541,-5.6474],[106.5538,-5.6461]]],[[[106.5536,-5.6144],[106.5562,-5.6171],[106.5496,-5.6207],[106.5536,-5.6144]]],[[[106.8387,-6.3521],[106.7946,-6.3646],[106.8092,-6.3148],[106.7737,-6.31],[106.7215,-6.1848],[106.6868,-6.1723],[106.688,-6.0971],[106.8439,-6.1211],[106.97,-6.0907],[106.9705,-6.1979],[106.944,-6.2524],[106.9054,-6.2602],[106.9143,-6.3655],[106.8387,-6.3521]]],[[[106.7579,-6.0778],[106.7512,-6.0976],[106.7379,-6.0959],[106.7514,-6.0743],[106.7579,-6.0778]]],[[[106.9186,-6.0902],[106.8991,-6.0899],[106.899,-6.0823],[106.9234,-6.0822],[106.9186,-6.0902]]]]}},{"type":"Feature","properties":{"district":"Gorontalo","constituency_code":"28","electorate_type":"Indonesia"},"geometry":{"type":"MultiPolygon","coordinates":[[[[121.5205,0.481],[121.515,0.4856],[121.5186,0.4905],[121.5243,0.4878],[121.5205,0.481]]],[[[122.5241,0.4964],[122.5309,0.5004],[122.5359,0.496],[122.5279,0.4887],[122.5241,0.4964]]],[[[122.4437,0.4946],[122.4414,0.5011],[122.451,0.5009],[122.4512,0.4954],[122.4437,0.4946]]],[[[121.6842,0.5101],[121.702,0.5069],[121.7069,0.4845],[121.6809,0.4967],[121.6842,0.5101]]],[[[121.6737,0.5076],[121.6769,0.5156],[121.6821,0.5103],[121.678,0.5065],[121.6737,0.5076]]],[[[122.6503,0.5025],[122.6422,0.4768],[122.6008,0.5099],[122.5438,0.4905],[122.5434,0.5028],[122.5147,0.5113],[122.3941,0.5192],[122.1523,0.4673],[122.1139,0.4968],[121.8054,0.4109],[121.718,0.524],[121.6214,0.5223],[121.6184,0.5481],[121.6023,0.5273],[121.5317,0.5547],[121.4939,0.4788],[121.4425,0.4661],[121.44,0.5008],[121.3367,0.4738],[121.3248,0.5768],[121.2429,0.6001],[121.2286,0.6456],[121.1612,0.6786],[121.1872,0.7591],[121.2371,0.8015],[121.317,0.7851],[121.3648,0.8029],[121.3488,0.8523],[121.4941,0.8393],[121.542,0.8794],[121.6035,0.8727],[121.8138,0.9509],[121.8499,0.9929],[121.9792,0.9043],[122.0347,0.9305],[122.0173,0.9545],[122.0425,0.9884],[122.176,1.0369],[122.2331,0.9926],[122.316,1.0068],[122.3339,1.0405],[122.3621,0.9965],[122.4349,0.9939],[122.4521,1.0316],[122.4939,0.9874],[122.65,0.9485],[122.7132,0.8673],[122.7718,0.8792],[122.8493,0.8006],[122.9766,0.9379],[122.9457,0.938],[122.9455,0.9645],[123.0863,0.907],[123.0949,0.9303],[123.1215,0.9248],[123.138,0.8787],[123.2711,0.8026],[123.2478,0.7185],[123.3224,0.6985],[123.3831,0.6401],[123.4862,0.6265],[123.5332,0.577],[123.5523,0.5107],[123.5248,0.461],[123.5502,0.4338],[123.4808,0.3207],[123.3456,0.3064],[123.2285,0.3484],[123.0586,0.5069],[122.6936,0.4735],[122.6767,0.5109],[122.6503,0.5025]]],[[[122.892,0.8828],[122.8927,0.8535],[122.853,0.8979],[122.8833,0.8967],[122.892,0.8828]]],[[[122.8094,0.8943],[122.7903,0.8741],[122.7559,0.9069],[122.7725,0.9127],[122.8094,0.8943]]],[[[123.0757,0.9224],[123.084,0.9303],[123.0854,0.9231],[123.0757,0.9224]]],[[[122.9352,0.9852],[122.9332,0.9823],[122.9289,0.9856],[122.9311,0.9885],[122.9352,0.9852]]],[[[122.6651,0.9945],[122.6651,0.9877],[122.6534,0.999],[122.662,1.0032],[122.6651,0.9945]]]]}},{"type":"Feature","properties":{"district":"Jambi","constituency_code":"5","electorate_type":"Indonesia"},"geometry":{"type":"MultiPolygon","coordinates":[[[[103.2258,-2.1654],[103.1674,-2.2294],[103.2113,-2.3203],[103.1186,-2.3541],[103.0552,-2.3173],[103.0293,-2.3416],[102.8675,-2.3145],[102.8449,-2.3878],[102.8792,-2.4243],[102.7867,-2.5467],[102.6245,-2.6153],[102.5806,-2.6783],[102.4691,-2.7043],[102.2713,-2.6245],[102.2368,-2.6896],[102.1356,-2.7225],[102.0922,-2.7693],[101.9969,-2.7241],[101.8793,-2.7353],[101.6675,-2.5275],[101.59,-2.5326],[101.542,-2.5714],[101.5558,-2.4485],[101.2929,-2.2887],[101.2611,-2.1019],[101.1383,-1.8989],[101.1317,-1.6847],[101.1692,-1.7106],[101.191,-1.676],[101.2159,-1.7251],[101.3732,-1.6753],[101.4399,-1.6952],[101.6865,-1.4945],[101.7218,-1.4311],[101.6946,-1.3956],[101.7281,-1.3549],[101.6751,-1.348],[101.692,-1.2802],[101.7267,-1.2348],[101.816,-1.2178],[101.8929,-1.1055],[101.8313,-1.1106],[101.8236,-0.9776],[101.8928,-0.9622],[101.9861,-0.8811],[102.1172,-0.9211],[102.1618,-0.9011],[102.2029,-0.9471],[102.3038,-0.9186],[102.3831,-0.9936],[102.3746,-1.0342],[102.4413,-1.0313],[102.4728,-1.0858],[102.6137,-1.096],[102.6439,-1.1269],[102.6811,-1.0819],[102.729,-1.0802],[102.7532,-1.0238],[102.7822,-1.03],[102.7839,-0.9818],[102.9278,-0.8661],[103.0036,-0.7547],[103.3122,-0.7647],[103.3528,-0.7992],[103.4372,-0.7781],[103.4411,-0.7317],[103.4827,-0.753],[103.4886,-0.8032],[103.5456,-0.8092],[103.574,-0.8753],[103.8083,-1.0137],[103.9152,-0.9831],[104.2071,-1.0707],[104.3663,-1.0236],[104.4051,-1.1274],[104.3929,-1.2174],[104.4554,-1.3325],[104.4377,-1.5046],[104.491,-1.6678],[104.4055,-1.6293],[103.85,-1.8167],[103.5862,-1.8617],[103.5003,-1.9599],[103.5639,-2.0168],[103.5169,-2.0922],[103.5575,-2.1374],[103.4551,-2.186],[103.4538,-2.3596],[103.3384,-2.2713],[103.2776,-2.1479],[103.2305,-2.1358],[103.2258,-2.1654]]],[[[104.4925,-1.6807],[104.4927,-1.6714],[104.5007,-1.6809],[104.4925,-1.6807]]],[[[104.1952,-1.0529],[104.1889,-1.0463],[104.1889,-1.0413],[104.1955,-1.0461],[104.1952,-1.0529]]],[[[104.2063,-1.0553],[104.2131,-1.0464],[104.2067,-1.0386],[104.213,-1.0337],[104.2544,-1.0338],[104.2063,-1.0553]]],[[[104.2001,-1.054],[104.1965,-1.046],[104.1906,-1.0387],[104.2054,-1.0315],[104.2001,-1.054]]]]}},{"type":"Feature","properties":{"district":"Jawa Barat","constituency_code":"12","electorate_type":"Indonesia"},"geometry":{"type":"MultiPolygon","coordinates":[[[[106.7592,-7.4335],[106.4009,-7.3732],[106.373,-7.3081],[106.4013,-7.1865],[106.4608,-7.1826],[106.4574,-7.1291],[106.5439,-7.0543],[106.5441,-6.9879],[106.5099,-6.9645],[106.3936,-6.9737],[106.3929,-6.9006],[106.4361,-6.8198],[106.5262,-6.7678],[106.466,-6.7501],[106.4328,-6.69],[106.4045,-6.4579],[106.4486,-6.4354],[106.4267,-6.3479],[106.4679,-6.3035],[106.4763,-6.3507],[106.5262,-6.3495],[106.5268,-6.3246],[106.604,-6.3619],[106.7693,-6.3615],[106.7799,-6.3165],[106.8092,-6.3148],[106.7946,-6.3646],[106.84,-6.3359],[106.9143,-6.3655],[106.9054,-6.2602],[106.944,-6.2524],[106.9705,-6.1979],[106.9717,-6.0876],[107.0161,-6.0769],[106.9736,-6.0492],[107.0161,-6.0347],[106.9949,-6.0281],[107.0079,-5.9206],[107.0468,-5.9625],[107.0761,-5.9683],[107.0602,-5.9293],[107.1699,-5.989],[107.3456,-5.9718],[107.4738,-6.1491],[107.6201,-6.1874],[107.6697,-6.2381],[107.8946,-6.1836],[107.9033,-6.2436],[108.1298,-6.3352],[108.2103,-6.2752],[108.174,-6.2248],[108.3353,-6.2729],[108.3486,-6.2472],[108.4232,-6.4053],[108.5361,-6.4805],[108.5621,-6.6913],[108.6027,-6.7635],[108.6536,-6.7503],[108.6861,-6.8001],[108.7503,-6.8154],[108.845,-6.7376],[108.8244,-6.8325],[108.7537,-6.9181],[108.7583,-6.9847],[108.7941,-7.0085],[108.7782,-7.0938],[108.6955,-7.1519],[108.5677,-7.1656],[108.5851,-7.2408],[108.5566,-7.287],[108.5595,-7.335],[108.6763,-7.3576],[108.7548,-7.5593],[108.7355,-7.6159],[108.8011,-7.6728],[108.7861,-7.695],[108.6716,-7.6827],[108.6671,-7.7284],[108.6406,-7.6877],[108.5166,-7.6987],[108.5019,-7.7827],[108.446,-7.8201],[107.8473,-7.7371],[107.805,-7.6871],[107.6901,-7.6678],[107.6059,-7.5742],[107.393,-7.4945],[106.7592,-7.4335]]],[[[108.3866,-5.9286],[108.3851,-5.9346],[108.3732,-5.9296],[108.3768,-5.925],[108.3866,-5.9286]]]]}},{"type":"Feature","properties":{"district":"Jawa Tengah","constituency_code":"13","electorate_type":"Indonesia"},"geometry":{"type":"MultiPolygon","coordinates":[[[[108.8592,-7.6956],[108.8607,-7.6995],[108.8731,-7.7083],[108.898,-7.7103],[108.9079,-7.7081],[108.9206,-7.7098],[108.9245,-7.7071],[108.9305,-7.7193],[108.9389,-7.7212],[108.9632,-7.7184],[109.0252,-7.7648],[109.043,-7.7598],[109.0501,-7.7748],[108.7898,-7.7379],[108.7964,-7.6805],[108.8592,-7.6956]]],[[[108.8771,-7.7049],[108.8841,-7.6973],[108.8913,-7.7083],[108.8807,-7.7079],[108.8771,-7.7049]]],[[[108.8701,-7.6971],[108.8751,-7.699],[108.8741,-7.7083],[108.8613,-7.6994],[108.8701,-7.6971]]],[[[108.8417,-7.6836],[108.8678,-7.6869],[108.8713,-7.6965],[108.8468,-7.6898],[108.8417,-7.6836]]],[[[108.8154,-7.6823],[108.8124,-7.6773],[108.82,-7.6763],[108.8154,-7.6823]]],[[[108.8647,-7.6749],[108.8635,-7.6852],[108.83890898716119,-7.677727960057071],[108.829,-7.6828],[108.8528,-7.6654],[108.8647,-7.6749]],[[108.83893343195267,-7.677692011834316],[108.8502,-7.675],[108.85691010719755,-7.675669372128637],[108.8509,-7.6747],[108.83893343195267,-7.677692011834316]]],[[[109.7397,-7.81],[109.4163,-7.7713],[109.3684,-7.7157],[109.1072,-7.6826],[109.0452,-7.7044],[109.0202,-7.7519],[108.9673,-7.7124],[108.9381,-7.7198],[108.9257,-7.7066],[108.9228,-7.7067],[108.9209,-7.7087],[108.9073,-7.7072],[108.8969,-7.7093],[108.8572,-7.6581],[108.79,-7.6704],[108.7491,-7.6332],[108.723,-7.4329],[108.6763,-7.3576],[108.5595,-7.335],[108.5851,-7.2408],[108.5623,-7.1718],[108.7693,-7.1106],[108.7953,-7.0178],[108.7583,-6.9847],[108.7537,-6.9181],[108.8308,-6.7849],[108.8495,-6.8188],[108.9388,-6.825],[109.0439,-6.8025],[109.0663,-6.7585],[109.1021,-6.8402],[109.2877,-6.8735],[109.4397,-6.8407],[109.5236,-6.7745],[109.5754,-6.8367],[109.9805,-6.924],[110.1298,-6.8808],[110.1728,-6.84],[110.3262,-6.9685],[110.4236,-6.9359],[110.4557,-6.954],[110.5267,-6.9338],[110.4888,-6.91],[110.5279,-6.9338],[110.4983,-6.9045],[110.5754,-6.7701],[110.538,-6.7516],[110.6391,-6.6691],[110.6444,-6.5567],[110.6831,-6.5202],[110.6643,-6.5026],[110.7349,-6.4433],[110.9013,-6.4044],[111.0441,-6.4261],[111.094,-6.5865],[111.1543,-6.6573],[111.3793,-6.7025],[111.4926,-6.6207],[111.5623,-6.6393],[111.6914,-6.7542],[111.6555,-6.8271],[111.6192,-6.8217],[111.6077,-6.9037],[111.5682,-6.9456],[111.6233,-6.9816],[111.612,-7.1405],[111.5392,-7.2278],[111.4515,-7.2485],[111.4235,-7.3088],[111.4576,-7.3216],[111.4625,-7.3781],[111.204,-7.2445],[111.1503,-7.2602],[111.1184,-7.4149],[111.1523,-7.5614],[111.1964,-7.6093],[111.1815,-7.7108],[111.2365,-7.7503],[111.288,-7.7431],[111.3144,-7.8522],[111.2506,-7.9458],[111.1822,-7.9158],[111.1413,-7.9342],[111.1115,-8.0631],[111.0796,-8.0427],[111.0342,-8.0793],[110.9534,-8.0617],[110.9079,-8.1165],[110.9001,-8.2113],[110.8349,-8.2031],[110.8273,-8.1359],[110.7856,-8.1507],[110.7556,-8.0241],[110.7856,-7.8167],[110.673,-7.7867],[110.5319,-7.7982],[110.4918,-7.7668],[110.4452,-7.5412],[110.2699,-7.706],[110.2636,-7.6461],[110.1414,-7.6448],[110.1156,-7.6737],[110.1292,-7.7496],[110.063,-7.8125],[110.0339,-7.8929],[109.7397,-7.81]]],[[[110.4674,-5.8556],[110.446,-5.886],[110.4159,-5.838],[110.4639,-5.8255],[110.4674,-5.8556]]],[[[110.1812,-5.8163],[110.1876,-5.81],[110.1957,-5.8152],[110.1888,-5.8198],[110.1812,-5.8163]]],[[[110.4903,-5.8224],[110.4502,-5.8146],[110.4835,-5.77],[110.4752,-5.7952],[110.4903,-5.8224]]],[[[110.2318,-5.7377],[110.2499,-5.7258],[110.2551,-5.7561],[110.2457,-5.7626],[110.2318,-5.7377]]],[[[110.4034,-5.7338],[110.4109,-5.7335],[110.4106,-5.7452],[110.407,-5.7437],[110.4034,-5.7338]]],[[[110.6052,-5.8565],[110.5985,-5.8646],[110.6043,-5.8407],[110.6083,-5.8476],[110.6052,-5.8565]]]]}},{"type":"Feature","properties":{"district":"Jawa Timur","constituency_code":"15","electorate_type":"Indonesia"},"geometry":{"type":"MultiPolygon","coordinates":[[[[112.6998,-8.4605],[112.6785,-8.4482],[112.6963,-8.4294],[112.7125,-8.4373],[112.6998,-8.4605]]],[[[112.9489,-8.3575],[112.8963,-8.402],[112.8478,-8.4046],[112.8333,-8.3686],[112.8145,-8.3995],[112.7701,-8.387],[112.6514,-8.4477],[112.5575,-8.4024],[112.3749,-8.3757],[112.3346,-8.3333],[112.0343,-8.3193],[111.9509,-8.2774],[111.9075,-8.3025],[111.8385,-8.2607],[111.8392,-8.2815],[111.7759,-8.2589],[111.7538,-8.3399],[111.7126,-8.2917],[111.6897,-8.3375],[111.7228,-8.3671],[111.697,-8.3792],[111.6271,-8.3538],[111.6173,-8.3199],[111.462,-8.3229],[111.4308,-8.2594],[111.2849,-8.2716],[111.2609,-8.2475],[111.1539,-8.2789],[111.093,-8.2208],[111.0283,-8.2563],[110.9001,-8.2113],[110.9079,-8.1165],[110.9534,-8.0617],[111.0342,-8.0793],[111.0796,-8.0427],[111.1115,-8.0631],[111.1413,-7.9342],[111.1822,-7.9158],[111.2506,-7.9458],[111.3144,-7.8522],[111.288,-7.7431],[111.2365,-7.7503],[111.1815,-7.7108],[111.1964,-7.6093],[111.1523,-7.5614],[111.1184,-7.4149],[111.1503,-7.2602],[111.204,-7.2445],[111.4625,-7.3781],[111.4576,-7.3216],[111.4235,-7.3088],[111.4515,-7.2485],[111.5392,-7.2278],[111.612,-7.1405],[111.6233,-6.9816],[111.5682,-6.9456],[111.6077,-6.9037],[111.6192,-6.8217],[111.6555,-6.8271],[111.6914,-6.7542],[111.8375,-6.801],[111.961,-6.7607],[112.044,-6.8791],[112.123,-6.9021],[112.3311,-6.8616],[112.4303,-6.8658],[112.5125,-6.9073],[112.5411,-6.8789],[112.5241,-6.8644],[112.5731,-6.8481],[112.5803,-6.8873],[112.6163,-6.894],[112.6075,-6.9757],[112.6504,-7.0201],[112.6226,-7.1108],[112.6464,-7.1127],[112.6226,-7.1111],[112.6744,-7.1749],[112.6628,-7.21],[112.7649,-7.1962],[112.8468,-7.287],[112.8407,-7.4823],[112.8131,-7.4784],[112.8729,-7.5375],[112.9026,-7.6252],[113.0287,-7.6447],[113.1148,-7.7248],[113.2235,-7.7287],[113.2802,-7.7836],[113.4878,-7.6983],[113.6673,-7.7368],[113.7129,-7.7089],[113.7613,-7.7381],[113.8396,-7.6849],[113.9316,-7.6996],[114.0462,-7.6086],[114.1075,-7.7069],[114.2385,-7.6977],[114.2944,-7.7479],[114.4389,-7.7896],[114.4645,-7.8861],[114.4224,-7.9188],[114.4313,-8.0555],[114.3413,-8.4147],[114.3701,-8.4809],[114.3522,-8.5231],[114.3784,-8.527],[114.3893,-8.4477],[114.4421,-8.6345],[114.4809,-8.6179],[114.5701,-8.6606],[114.6053,-8.7175],[114.5866,-8.764],[114.5327,-8.7802],[114.3541,-8.7458],[114.3732,-8.6777],[114.3072,-8.6188],[114.2451,-8.5998],[114.2207,-8.6448],[114.0961,-8.6147],[114.0478,-8.6443],[114.015,-8.5898],[113.961,-8.6167],[113.9433,-8.5577],[113.9093,-8.5791],[113.8333,-8.5273],[113.8061,-8.5531],[113.7961,-8.4894],[113.7123,-8.5281],[113.7184,-8.4851],[113.6465,-8.4944],[113.639,-8.4546],[113.4858,-8.4156],[113.475,-8.3847],[113.3878,-8.3998],[113.3356,-8.3275],[113.2468,-8.2867],[113.0799,-8.2871],[112.9489,-8.3575]]],[[[112.6385,-7.0924],[112.6391,-7.0812],[112.6485,-7.0808],[112.6482,-7.0876],[112.6385,-7.0924]]],[[[112.6895,-5.8669],[112.6838,-5.865],[112.6861,-5.8586],[112.6891,-5.8614],[112.6895,-5.8669]]],[[[112.736,-5.7664],[112.7098,-5.848],[112.632,-5.8447],[112.6207,-5.8714],[112.5776,-5.839],[112.5804,-5.79],[112.6454,-5.7308],[112.6861,-5.7158],[112.736,-5.7664]]],[[[113.341,-8.4564],[113.4203,-8.4702],[113.3071,-8.5091],[113.2633,-8.4866],[113.2963,-8.4444],[113.341,-8.4564]]],[[[113.2474,-7.6782],[113.2616,-7.6763],[113.2591,-7.6804],[113.2474,-7.6782]]],[[[113.2243,-7.3109],[113.2201,-7.314],[113.2027,-7.3103],[113.2044,-7.3065],[113.2243,-7.3109]]],[[[113.7806,-7.2289],[113.7492,-7.2175],[113.755,-7.206],[113.8122,-7.2207],[113.7806,-7.2289]]],[[[113.941,-7.2182],[113.9271,-7.2029],[113.8808,-7.2002],[113.9232,-7.174],[113.941,-7.2182]]],[[[114.6061,-7.1663],[114.6168,-7.1647],[114.6178,-7.169],[114.6098,-7.1722],[114.6061,-7.1663]]],[[[114.5729,-7.1574],[114.551,-7.1417],[114.475,-7.1476],[114.5472,-7.1294],[114.6146,-7.1422],[114.5729,-7.1574]]],[[[114.3528,-7.1734],[114.2765,-7.1107],[114.2968,-7.0628],[114.3705,-7.087],[114.406,-7.1697],[114.3528,-7.1734]]],[[[114.0467,-7.113],[113.961,-7.0966],[113.9386,-7.0641],[114.049,-7.0744],[114.0467,-7.113]]],[[[114.6486,-7.0749],[114.6509,-7.0808],[114.6496,-7.0851],[114.644,-7.0771],[114.6486,-7.0749]]],[[[113.6206,-6.8891],[113.9359,-6.8671],[114.0916,-6.9293],[114.1238,-6.9785],[113.9888,-7.0086],[113.9617,-7.0407],[113.9241,-7.0217],[113.9478,-7.0525],[113.9069,-7.0478],[113.8688,-7.0955],[113.8919,-7.1328],[113.6073,-7.1258],[113.5128,-7.2535],[113.4664,-7.2216],[113.1589,-7.2069],[113.1006,-7.2289],[112.865,-7.1621],[112.6918,-7.1552],[112.681,-7.0346],[112.7718,-7.0005],[112.8636,-6.892],[113.6206,-6.8891]]],[[[114.4952,-6.9893],[114.4941,-6.9958],[114.4851,-6.9998],[114.4906,-6.9907],[114.4952,-6.9893]]],[[[114.1871,-6.98],[114.1826,-7.0023],[114.1619,-6.9998],[114.171,-6.9665],[114.1871,-6.98]]],[[[114.4334,-6.9786],[114.4284,-6.974],[114.4325,-6.9626],[114.4348,-6.9679],[114.4334,-6.9786]]],[[[114.4536,-5.5657],[114.4213,-5.5887],[114.3943,-5.5421],[114.4518,-5.547],[114.4536,-5.5657]]],[[[114.4117,-5.4316],[114.4306,-5.4361],[114.4361,-5.4589],[114.4173,-5.4538],[114.4117,-5.4316]]],[[[114.607,-5.0434],[114.6111,-5.0731],[114.5957,-5.0958],[114.5888,-5.0599],[114.607,-5.0434]]],[[[114.6841,-7.1621],[114.6685,-7.1682],[114.6567,-7.17],[114.6676,-7.1588],[114.6841,-7.1621]]],[[[115.819,-7.198],[115.7413,-7.1531],[115.7697,-7.1411],[115.7837,-7.1098],[115.8098,-7.1542],[115.8852,-7.1645],[115.8705,-7.1317],[115.9064,-7.1043],[115.8934,-7.1925],[115.819,-7.198]]],[[[115.8596,-7.1451],[115.8643,-7.1478],[115.8584,-7.1518],[115.8548,-7.1476],[115.8596,-7.1451]]],[[[115.77,-7.1296],[115.7621,-7.1291],[115.7627,-7.1215],[115.7689,-7.1239],[115.77,-7.1296]]],[[[114.7814,-7.1173],[114.7798,-7.1301],[114.7746,-7.1318],[114.7738,-7.1231],[114.7814,-7.1173]]],[[[115.7642,-7.1079],[115.7704,-7.1097],[115.7703,-7.1155],[115.7574,-7.111],[115.7642,-7.1079]]],[[[114.6871,-7.0973],[114.6831,-7.0993],[114.6767,-7.0974],[114.6828,-7.0927],[114.6871,-7.0973]]],[[[115.7664,-7.0903],[115.7564,-7.1064],[115.7495,-7.1037],[115.755,-7.0865],[115.7664,-7.0903]]],[[[115.1962,-7.0925],[115.1929,-7.0911],[115.1965,-7.0828],[115.2001,-7.0889],[115.1962,-7.0925]]],[[[115.7039,-7.0581],[115.7064,-7.0738],[115.6852,-7.0658],[115.6861,-7.0565],[115.7039,-7.0581]]],[[[115.6558,-7.0654],[115.6485,-7.0465],[115.6611,-7.041],[115.6752,-7.0621],[115.6558,-7.0654]]],[[[115.5956,-7.0404],[115.6366,-7.0364],[115.635,-7.0619],[115.6163,-7.063],[115.5956,-7.0404]]],[[[115.6978,-7.0271],[115.6904,-7.0242],[115.6946,-7.0198],[115.699,-7.0243],[115.6978,-7.0271]]],[[[115.5394,-7.0228],[115.5451,-7.0106],[115.5545,-7.0125],[115.5482,-7.0264],[115.5394,-7.0228]]],[[[115.5115,-7.0075],[115.5192,-6.9978],[115.5429,-6.9815],[115.5332,-7.0331],[115.5115,-7.0075]]],[[[115.7042,-7.0076],[115.7051,-7.0026],[115.7088,-7.0007],[115.7119,-7.0049],[115.7042,-7.0076]]],[[[115.4446,-6.9803],[115.4667,-6.9776],[115.4719,-7.0068],[115.4277,-6.9929],[115.4446,-6.9803]]],[[[115.5855,-6.9933],[115.5804,-6.9914],[115.5788,-6.9861],[115.5848,-6.986],[115.5855,-6.9933]]],[[[115.2451,-6.9711],[115.2599,-6.9719],[115.2618,-6.9851],[115.2473,-6.9768],[115.2451,-6.9711]]],[[[115.6681,-7.0048],[115.5898,-6.9923],[115.5719,-6.947],[115.6852,-7.0128],[115.6681,-7.0048]]],[[[115.4114,-6.965],[115.4181,-6.966],[115.4159,-6.985],[115.4094,-6.9776],[115.4114,-6.965]]],[[[115.7546,-6.9754],[115.7532,-6.9698],[115.7579,-6.9661],[115.7613,-6.9688],[115.7546,-6.9754]]],[[[115.2595,-6.9698],[115.2518,-6.9647],[115.2549,-6.9612],[115.261,-6.9684],[115.2595,-6.9698]]],[[[115.9135,-6.9623],[115.901,-6.9519],[115.9354,-6.9613],[115.9231,-6.9592],[115.9135,-6.9623]]],[[[115.7919,-6.9613],[115.7786,-6.9626],[115.7886,-6.9372],[115.7965,-6.947],[115.7919,-6.9613]]],[[[115.8687,-6.9615],[115.8678,-6.9509],[115.8756,-6.9388],[115.884,-6.9496],[115.8687,-6.9615]]],[[[115.49,-6.9443],[115.4929,-6.9435],[115.4945,-6.9504],[115.4903,-6.9499],[115.49,-6.9443]]],[[[116.2695,-6.9379],[116.254,-6.9497],[116.2349,-6.9423],[116.2527,-6.9311],[116.2695,-6.9379]]],[[[115.4302,-6.9379],[115.4339,-6.9229],[115.4391,-6.9227],[115.4358,-6.9407],[115.4302,-6.9379]]],[[[115.4012,-6.8359],[115.5547,-6.903],[115.5712,-6.9422],[115.5482,-6.9661],[115.4492,-6.9111],[115.4281,-6.9167],[115.416,-6.9426],[115.3738,-6.9007],[115.3304,-6.931],[115.404,-6.988],[115.3363,-6.996],[115.3016,-6.9497],[115.2911,-7.0094],[115.2644,-6.9912],[115.2695,-6.9354],[115.2027,-6.9369],[115.2066,-6.8897],[115.2531,-6.8622],[115.2325,-6.8337],[115.4012,-6.8359]]]]}},{"type":"Feature","properties":{"district":"Kalimantan Barat","constituency_code":"20","electorate_type":"Indonesia"},"geometry":{"type":"MultiPolygon","coordinates":[[[[108.7452,-1.7195],[108.6807,-1.7222],[108.6815,-1.7057],[108.787,-1.7073],[108.7452,-1.7195]]],[[[108.9609,-1.5816],[108.9826,-1.6008],[108.9575,-1.6394],[108.8574,-1.677],[108.8265,-1.6494],[108.8378,-1.5837],[108.7898,-1.5813],[108.8347,-1.553],[108.8733,-1.5686],[108.897,-1.5343],[108.9609,-1.5816]]],[[[108.7633,-1.5811],[108.7653,-1.5762],[108.7766,-1.5754],[108.7734,-1.5893],[108.7633,-1.5811]]],[[[108.7399,-1.5759],[108.7307,-1.5754],[108.7325,-1.5686],[108.7367,-1.5693],[108.7399,-1.5759]]],[[[109.0451,-1.4776],[109.0569,-1.4841],[109.0536,-1.4951],[109.0431,-1.4943],[109.0451,-1.4776]]],[[[109.1393,-1.3283],[109.141,-1.2886],[109.1607,-1.2909],[109.163,-1.2948],[109.1393,-1.3283]]],[[[109.1328,-1.2974],[109.1231,-1.3119],[109.1181,-1.314],[109.1359,-1.2877],[109.1328,-1.2974]]],[[[109.1263,-1.282],[109.1314,-1.2769],[109.1351,-1.2783],[109.1332,-1.2847],[109.1263,-1.282]]],[[[109.164,-0.2295],[109.1324,-0.2364],[109.0833,-0.27],[109.0936,-0.3314],[109.0587,-0.2135],[109.1931,-0.2187],[109.164,-0.2295]]],[[[109.068,-0.1907],[109.0724,-0.1957],[109.0655,-0.1959],[109.068,-0.1907]]],[[[109.0858,-0.1867],[109.1099,-0.1684],[109.1727,-0.2017],[109.1578,-0.2075],[109.0858,-0.1867]]],[[[109.0854,-0.1701],[109.0948,-0.1707],[109.0942,-0.1736],[109.082,-0.1722],[109.0854,-0.1701]]],[[[109.1595,-0.1786],[109.126,-0.1669],[109.127,-0.1474],[109.1375,-0.1523],[109.1497,-0.1705],[109.1595,-0.1786]]],[[[109.1045,-0.1202],[109.1242,-0.1435],[109.1241,-0.1673],[109.0905,-0.1511],[109.1045,-0.1202]]],[[[109.1253,-0.1113],[109.1196,-0.1157],[109.1232,-0.1033],[109.1258,-0.1085],[109.1253,-0.1113]]],[[[108.6092,0.1231],[108.5985,0.1257],[108.607,0.1408],[108.6116,0.1296],[108.6092,0.1231]]],[[[109.1779,0.0467],[109.1944,0.0609],[109.1006,0.2368],[108.9148,0.3357],[108.9464,0.4098],[108.9085,0.4842],[108.9286,0.624],[108.8406,0.8147],[108.9487,0.899],[108.9785,0.9974],[108.9034,1.1682],[108.979,1.1847],[108.965,1.2186],[109.0393,1.342],[109.0538,1.5169],[109.2585,1.6698],[109.2878,1.777],[109.3373,1.8333],[109.3232,1.9278],[109.5849,1.9901],[109.6445,2.0803],[109.6204,1.9831],[109.5602,1.9712],[109.5383,1.9172],[109.5863,1.7919],[109.6855,1.7821],[109.662,1.6174],[109.7986,1.5047],[109.8013,1.4695],[109.8374,1.4838],[109.8376,1.4218],[109.9635,1.4028],[109.9797,1.2992],[110.0589,1.2701],[110.0651,1.209],[110.193,1.1829],[110.2105,1.1186],[110.2413,1.1179],[110.2863,1.0445],[110.2763,0.9967],[110.3964,0.9977],[110.4445,0.9095],[110.5754,0.8538],[110.6481,0.9022],[110.6961,0.8646],[110.7715,0.9322],[110.81,0.8999],[110.8093,0.95],[110.8585,0.9501],[110.9069,1.0292],[111.2315,1.0862],[111.4134,1.0076],[111.4887,1.0353],[111.5209,0.9583],[111.5515,0.9475],[111.5488,0.9884],[111.581,0.979],[111.6676,1.0432],[111.8286,0.9862],[111.9353,1.1221],[112.1429,1.135],[112.1707,1.2817],[112.2323,1.3792],[112.1997,1.4111],[112.2122,1.4495],[112.434,1.5272],[112.4994,1.5831],[112.8385,1.5391],[112.8851,1.5867],[112.9993,1.5782],[113.0697,1.5293],[112.9743,1.4112],[113.1055,1.4458],[113.1441,1.3876],[113.328,1.3753],[113.4206,1.2857],[113.5482,1.3205],[113.6325,1.2193],[113.8037,1.3004],[113.8147,1.3663],[113.9747,1.4498],[114.1425,1.4661],[114.2055,1.4102],[114.155,1.3744],[114.1709,1.2644],[114.1216,1.1477],[113.9964,1.1426],[113.9475,1.0603],[113.8896,1.0475],[113.9135,0.9725],[113.8718,0.889],[113.9265,0.8414],[113.8739,0.7759],[113.8948,0.726],[113.8393,0.6954],[113.8265,0.5791],[113.7981,0.5952],[113.6621,0.4924],[113.6517,0.4353],[113.5812,0.3978],[113.5863,0.3612],[113.4504,0.2635],[113.318,0.268],[113.2618,0.2301],[113.4137,0.1162],[113.3958,0.0341],[113.4325,0.0095],[113.4161,-0.0485],[113.4438,-0.0613],[113.4175,-0.1136],[113.3307,-0.1513],[113.2908,-0.2087],[113.3054,-0.2542],[113.2205,-0.3335],[113.2711,-0.4245],[113.2182,-0.5062],[113.1308,-0.4522],[113.0546,-0.5138],[112.9919,-0.4929],[112.8324,-0.5776],[112.746,-0.5719],[112.7345,-0.6304],[112.7033,-0.6209],[112.6881,-0.6591],[112.5133,-0.7008],[112.4426,-0.6716],[112.3154,-0.7233],[112.2594,-0.6313],[112.2098,-0.6148],[112.1761,-0.6436],[112.1754,-0.7256],[112.0834,-0.7013],[112.0561,-0.7686],[111.9768,-0.8133],[111.9217,-0.7941],[111.914,-0.8444],[111.8392,-0.905],[111.7511,-0.9109],[111.6414,-0.9679],[111.6161,-1.0563],[111.5708,-1.059],[111.5462,-1.0982],[111.5775,-1.1694],[111.5547,-1.2024],[111.4235,-1.2674],[111.3908,-1.2529],[111.2542,-1.4381],[111.1807,-1.4768],[111.156,-1.4318],[111.0808,-1.5242],[111.0063,-1.5036],[110.8636,-1.6244],[110.9196,-1.6933],[110.94,-1.6573],[110.9943,-1.6501],[110.9845,-1.6891],[111.0258,-1.7199],[110.9485,-1.8695],[110.9885,-1.9548],[111.1014,-1.9886],[111.0251,-2.226],[111.1156,-2.3275],[111.0994,-2.4667],[111.147,-2.5418],[111.1316,-2.5988],[111.1759,-2.6884],[111.1463,-2.7425],[111.0118,-2.7952],[110.9645,-2.8585],[110.794,-2.9121],[110.7332,-2.9964],[110.6581,-3.0373],[110.6229,-3.0235],[110.6292,-2.9079],[110.5759,-2.8427],[110.4238,-2.894],[110.3034,-2.9944],[110.2241,-2.8872],[110.2638,-2.7791],[110.2215,-2.7394],[110.2121,-2.6458],[110.1487,-2.6213],[110.1974,-2.5245],[110.1485,-2.4291],[110.1401,-2.3086],[110.1043,-2.2518],[110.0633,-2.2479],[110.1089,-2.1558],[110.1169,-2.0281],[110.0625,-1.9277],[109.9018,-1.8308],[109.9281,-1.8302],[109.9124,-1.7758],[109.9457,-1.7748],[110.0259,-1.6843],[110.0688,-1.3629],[109.9071,-1.204],[109.9397,-1.1237],[109.8186,-1.0914],[109.7619,-0.9928],[109.7322,-0.9876],[109.7501,-0.868],[109.7372,-0.8599],[109.7179,-0.8688],[109.7209,-0.8491],[109.7132,-0.8293],[109.6354,-0.7956],[109.6378,-0.7869],[109.6317,-0.752],[109.6706,-0.7553],[109.6981,-0.717],[109.6578,-0.6725],[109.6556,-0.6712],[109.6516,-0.6745],[109.6464,-0.6836],[109.64,-0.6841],[109.6323,-0.6889],[109.6142,-0.683],[109.6073,-0.6851],[109.596,-0.6936],[109.5844,-0.6508],[109.4732,-0.617],[109.4132,-0.6305],[109.3333,-0.5723],[109.324,-0.5739],[109.3151,-0.5942],[109.2943,-0.5919],[109.2539,-0.6049],[109.2018,-0.5514],[109.1685,-0.5725],[109.1317,-0.5471],[109.0868,-0.2841],[109.196,-0.2202],[109.1877,-0.0921],[109.1589,-0.0375],[109.1779,0.0467]]],[[[108.8453,0.4953],[108.8403,0.5062],[108.8607,0.5129],[108.8589,0.4766],[108.8453,0.4953]]],[[[108.865,0.7031],[108.8585,0.7078],[108.8619,0.7142],[108.8646,0.71],[108.865,0.7031]]],[[[108.7659,0.7534],[108.769,0.7404],[108.7694,0.7295],[108.7639,0.7639],[108.7659,0.7534]]],[[[108.7937,0.7512],[108.7891,0.7445],[108.7848,0.7487],[108.7881,0.7532],[108.7937,0.7512]]],[[[108.7282,0.7343],[108.705,0.7487],[108.6956,0.8004],[108.7104,0.7974],[108.7282,0.7343]]],[[[108.7925,0.8335],[108.7855,0.8227],[108.7754,0.8226],[108.7765,0.838],[108.7925,0.8335]]],[[[109.1511,-1.5995],[109.1569,-1.5993],[109.1554,-1.6041],[109.1494,-1.6041],[109.1511,-1.5995]]],[[[109.3822,-1.4893],[109.3893,-1.4909],[109.382,-1.5057],[109.3762,-1.5016],[109.3822,-1.4893]]],[[[109.1524,-1.2723],[109.1718,-1.273],[109.1785,-1.293],[109.1621,-1.2883],[109.1524,-1.2723]]],[[[109.2056,-1.2443],[109.1998,-1.2377],[109.208,-1.2356],[109.2081,-1.242],[109.2056,-1.2443]]],[[[109.249,-1.2379],[109.217,-1.2368],[109.259,-1.1831],[109.2709,-1.209],[109.249,-1.2379]]],[[[109.2717,-1.2016],[109.2769,-1.2075],[109.275,-1.2105],[109.2718,-1.2092],[109.2717,-1.2016]]],[[[109.4157,-0.9207],[109.3972,-0.9326],[109.3037,-0.9021],[109.3079,-0.8942],[109.3075,-0.8881],[109.3112,-0.8852],[109.3165,-0.8915],[109.3195,-0.8937],[109.3261,-0.8938],[109.36,-0.8691],[109.3652,-0.8767],[109.3706,-0.881],[109.3822,-0.8815],[109.3913,-0.8896],[109.3976,-0.8908],[109.402,-0.9041],[109.4182,-0.9166],[109.4157,-0.9207]]],[[[109.3997,-0.8909],[109.3831,-0.8745],[109.4215,-0.8757],[109.4206,-0.913],[109.3997,-0.8909]]],[[[109.3684,-0.7147],[109.4664,-0.7549],[109.5518,-0.7439],[109.5603,-0.7634],[109.6761,-0.8321],[109.7125,-0.8339],[109.7178,-0.8723],[109.7474,-0.8741],[109.7215,-0.9736],[109.6935,-0.9917],[109.6842,-1.0131],[109.6506,-0.9998],[109.583,-0.898],[109.4386,-0.8528],[109.3362,-0.8709],[109.3267,-0.893],[109.3105,-0.8848],[109.3073,-0.8871],[109.3072,-0.8944],[109.3002,-0.9005],[109.2411,-0.8202],[109.245,-0.667],[109.3684,-0.7147]]],[[[109.464,-0.7313],[109.4477,-0.7089],[109.4572,-0.72],[109.4647,-0.72],[109.4831,-0.7174],[109.4853,-0.7138],[109.4835,-0.7066],[109.489,-0.7075],[109.4921,-0.7063],[109.4934,-0.7002],[109.5258,-0.6995],[109.5592,-0.7152],[109.464,-0.7313]]],[[[109.482,-0.7081],[109.4581,-0.7188],[109.4128,-0.6734],[109.4358,-0.6764],[109.4416,-0.6686],[109.4536,-0.6721],[109.482,-0.7081]]],[[[109.4982,-0.6894],[109.4938,-0.6956],[109.4837,-0.6835],[109.4864,-0.6837],[109.4982,-0.6894]]],[[[109.551,-0.6521],[109.5836,-0.653],[109.5827,-0.6863],[109.5467,-0.7031],[109.4994,-0.6943],[109.4985,-0.6936],[109.4989,-0.691],[109.4978,-0.6884],[109.4727,-0.6708],[109.491,-0.6743],[109.4963,-0.667],[109.4966,-0.6615],[109.4893,-0.6631],[109.4722,-0.6411],[109.4583,-0.636],[109.551,-0.6521]]],[[[109.37,-0.6503],[109.386,-0.6576],[109.4055,-0.6747],[109.3611,-0.6739],[109.37,-0.6503]]],[[[109.4835,-0.6688],[109.4734,-0.6693],[109.4284,-0.6372],[109.4664,-0.6397],[109.4835,-0.6688]]],[[[109.4768,-0.6857],[109.4715,-0.6878],[109.4679,-0.68],[109.4542,-0.6708],[109.4418,-0.6666],[109.4048,-0.6723],[109.3913,-0.6585],[109.3749,-0.6491],[109.3685,-0.6487],[109.3611,-0.6531],[109.3576,-0.6191],[109.4502,-0.6606],[109.4768,-0.6857]]],[[[109.3074,-0.6011],[109.2885,-0.6119],[109.282,-0.6132],[109.2946,-0.5942],[109.3074,-0.6011]]],[[[109.3251,-0.5743],[109.3328,-0.5729],[109.3345,-0.5736],[109.3248,-0.582],[109.3251,-0.5743]]],[[[109.1432,-0.1597],[109.1311,-0.1399],[109.124,-0.1162],[109.126,-0.1106],[109.1258,-0.1068],[109.1242,-0.1045],[109.1592,-0.0603],[109.1777,-0.193],[109.1432,-0.1597]]],[[[109.1699,-0.0934],[109.1755,-0.089],[109.1759,-0.1033],[109.1732,-0.1024],[109.1699,-0.0934]]],[[[110.1929,-2.9119],[110.1613,-2.9141],[110.1313,-2.8902],[110.1698,-2.8529],[110.1929,-2.9119]]],[[[110.1224,-2.7127],[110.1023,-2.7582],[110.0434,-2.7447],[110.0985,-2.6744],[110.1224,-2.7127]]],[[[110.0905,-2.6708],[110.0851,-2.6762],[110.0818,-2.6737],[110.0839,-2.6688],[110.0905,-2.6708]]],[[[110.1238,-2.6372],[110.1161,-2.6335],[110.1264,-2.6272],[110.1238,-2.6372]]],[[[110.0738,-2.3739],[110.0635,-2.384],[110.0543,-2.3797],[110.0679,-2.3641],[110.0738,-2.3739]]],[[[109.9291,-1.7663],[109.9307,-1.7628],[109.9388,-1.7742],[109.9344,-1.7727],[109.9291,-1.7663]]],[[[110.0533,-1.4358],[110.0493,-1.4379],[110.0479,-1.4303],[110.0533,-1.4358]]],[[[110.0192,-1.4366],[110.0131,-1.4308],[110.0149,-1.4292],[110.0207,-1.4345],[110.0192,-1.4366]]],[[[109.8964,-1.3508],[109.9002,-1.3431],[109.9031,-1.3459],[109.8964,-1.3508]]],[[[109.6048,-0.9842],[109.6798,-1.0208],[109.7177,-0.9893],[109.7603,-1.0045],[109.78,-1.1447],[109.5015,-1.309],[109.4053,-1.2799],[109.3799,-1.2562],[109.4249,-1.2056],[109.4613,-1.0011],[109.4876,-0.9738],[109.5523,-1.0033],[109.6048,-0.9842]]],[[[109.6351,-0.7916],[109.5662,-0.7571],[109.5754,-0.7338],[109.5981,-0.748],[109.6262,-0.7515],[109.6351,-0.7916]]],[[[109.6078,-0.7449],[109.6059,-0.7342],[109.6413,-0.7327],[109.6488,-0.7191],[109.6594,-0.7253],[109.6644,-0.7255],[109.6952,-0.7175],[109.6681,-0.7527],[109.6078,-0.7449]]],[[[109.5708,-0.7123],[109.5827,-0.7199],[109.5895,-0.719],[109.5942,-0.716],[109.6067,-0.7266],[109.604,-0.7448],[109.5708,-0.7123]]],[[[109.5715,-0.7319],[109.552,-0.7317],[109.5687,-0.7123],[109.5773,-0.7256],[109.5715,-0.7319]]],[[[109.6418,-0.7305],[109.6086,-0.7302],[109.6069,-0.7249],[109.595,-0.7148],[109.5801,-0.7179],[109.5779,-0.7099],[109.6877,-0.7071],[109.6475,-0.7173],[109.6418,-0.7305]]],[[[109.5948,-0.7079],[109.5522,-0.7077],[109.6344,-0.6895],[109.6485,-0.6838],[109.6548,-0.6731],[109.6742,-0.6971],[109.5948,-0.7079]]]]}},{"type":"Feature","properties":{"district":"Kalimantan Selatan","constituency_code":"22","electorate_type":"Indonesia"},"geometry":{"type":"MultiPolygon","coordinates":[[[[115.6366,-4.9313],[115.6667,-4.9038],[115.676,-4.8916],[115.6612,-4.9266],[115.6366,-4.9313]]],[[[115.8374,-4.7991],[115.8029,-4.8244],[115.7667,-4.8379],[115.8088,-4.7842],[115.857,-4.7547],[115.8374,-4.7991]]],[[[115.7421,-4.6917],[115.7407,-4.7086],[115.7122,-4.7219],[115.7188,-4.7062],[115.7421,-4.6917]]],[[[115.8095,-4.3761],[115.7958,-4.3693],[115.8003,-4.3625],[115.8121,-4.3645],[115.8095,-4.3761]]],[[[115.814,-4.3328],[115.8188,-4.3289],[115.822,-4.3336],[115.8165,-4.3356],[115.814,-4.3328]]],[[[116.079,-3.2962],[116.0311,-3.3644],[115.966,-3.61],[115.8382,-3.6301],[115.7173,-3.7306],[115.0611,-3.9889],[114.6827,-4.177],[114.6199,-4.1592],[114.6377,-4.027],[114.6084,-3.6314],[114.4852,-3.4994],[114.4107,-3.4923],[114.3467,-3.4326],[114.3599,-3.3164],[114.4495,-3.2096],[114.4237,-3.1799],[114.5458,-3.0678],[114.5053,-2.9997],[114.5442,-2.949],[114.5183,-2.9192],[114.5538,-2.8919],[114.59,-2.9097],[114.5672,-2.864],[114.6153,-2.8845],[114.5977,-2.8156],[114.6644,-2.8006],[114.6825,-2.7369],[114.7622,-2.7202],[114.7973,-2.5915],[114.8826,-2.4886],[115.0891,-2.3487],[115.2439,-2.1931],[115.2903,-2.2239],[115.2985,-2.1424],[115.3549,-2.0947],[115.3636,-2.0442],[115.4083,-2.0563],[115.3969,-2.0131],[115.4433,-1.9463],[115.4193,-1.8933],[115.321,-1.8923],[115.3021,-1.8275],[115.3741,-1.6527],[115.3581,-1.5924],[115.4354,-1.4964],[115.4312,-1.4569],[115.4714,-1.4296],[115.5125,-1.452],[115.6262,-1.3504],[115.7588,-1.3126],[115.6204,-1.5114],[115.6512,-1.5146],[115.6292,-1.5619],[115.6769,-1.6565],[115.6652,-1.7067],[115.7071,-1.7332],[115.6795,-1.7933],[115.728,-1.797],[115.6949,-2.0405],[115.8138,-2.0716],[115.7857,-2.217],[115.8328,-2.2975],[115.8355,-2.3899],[115.926,-2.3253],[116.0333,-2.3075],[116.1134,-2.3376],[116.1625,-2.3066],[116.5553,-2.4088],[116.5109,-2.5617],[116.4808,-2.5713],[116.4557,-2.5035],[116.289,-2.5334],[116.323,-2.5807],[116.3585,-2.5529],[116.4148,-2.5787],[116.3663,-2.6733],[116.3639,-2.8779],[116.2704,-3.0015],[116.2206,-3.0062],[116.206,-2.9374],[116.1496,-2.9355],[116.1395,-2.7965],[116.1225,-2.8182],[116.1307,-2.8889],[116.1014,-2.9334],[116.1224,-2.9601],[116.0925,-2.9996],[116.1034,-3.0084],[116.1243,-3.014],[116.1565,-3.0142],[116.1543,-3.0331],[116.1718,-3.0607],[116.2742,-3.1247],[116.1711,-3.1566],[116.1739,-3.2523],[116.079,-3.2962]]],[[[116.0407,-3.4217],[116.0348,-3.4481],[116.0273,-3.4573],[116.0171,-3.4336],[116.0407,-3.4217]]],[[[116.2115,-4.0873],[116.2128,-4.0967],[116.2004,-4.0906],[116.2039,-4.0856],[116.2115,-4.0873]]],[[[116.1857,-4.09],[116.1922,-4.0821],[116.1963,-4.098],[116.1833,-4.1],[116.1857,-4.09]]],[[[116.0413,-4.0871],[116.045,-4.0765],[116.0491,-4.0889],[116.0413,-4.0871]]],[[[116.1715,-4.0533],[116.1626,-4.053],[116.1807,-4.0452],[116.1786,-4.0503],[116.1715,-4.0533]]],[[[116.2135,-4.0305],[116.2032,-4.0365],[116.1978,-4.025],[116.2086,-4.0264],[116.2135,-4.0305]]],[[[116.3204,-3.8176],[116.3139,-3.8414],[116.2973,-3.8464],[116.3142,-3.8194],[116.3204,-3.8176]]],[[[116.2758,-3.2643],[116.2494,-3.3751],[116.3141,-3.4742],[116.2729,-3.553],[116.3062,-3.5902],[116.2994,-3.7086],[116.3391,-3.7287],[116.2731,-3.8072],[116.2959,-3.8638],[116.3155,-3.862],[116.3101,-3.9166],[116.2729,-3.9071],[116.2068,-3.9535],[116.2064,-3.9845],[116.1077,-4.0364],[116.0949,-4.0813],[116.0392,-4.0238],[116.0818,-3.8318],[116.0061,-3.6826],[116.01,-3.6121],[116.1139,-3.3081],[116.259,-3.2102],[116.2758,-3.2643]]],[[[116.3506,-3.6033],[116.3427,-3.6174],[116.3348,-3.6149],[116.3353,-3.5938],[116.3506,-3.6033]]],[[[116.4325,-3.4293],[116.3991,-3.6256],[116.3621,-3.6513],[116.3431,-3.5682],[116.3134,-3.5513],[116.4102,-3.3614],[116.4325,-3.4293]]],[[[116.0386,-3.3587],[116.0455,-3.3643],[116.0266,-3.4054],[116.033,-3.3641],[116.0386,-3.3587]]],[[[116.0721,-3.35],[116.0682,-3.3798],[116.0571,-3.384],[116.0595,-3.3507],[116.0721,-3.35]]],[[[116.2662,-3.0966],[116.2598,-3.0949],[116.2635,-3.0902],[116.2662,-3.0966]]],[[[116.2809,-3.0812],[116.2813,-3.088],[116.2718,-3.0894],[116.2756,-3.079],[116.2809,-3.0812]]],[[[116.1792,-3.0565],[116.1679,-3.0424],[116.1741,-3.0366],[116.1863,-3.0438],[116.1792,-3.0565]]],[[[116.1607,-3.0171],[116.1595,-3.0128],[116.139,-3.0061],[116.1359,-2.9786],[116.1768,-2.9982],[116.1695,-3.0381],[116.1607,-3.0171]]],[[[116.1097,-3.0035],[116.1215,-2.9922],[116.1323,-2.995],[116.1362,-3.0058],[116.1432,-3.0085],[116.1097,-3.0035]]],[[[116.0948,-2.9979],[116.11,-2.9958],[116.1093,-3.0083],[116.1036,-3.0079],[116.0948,-2.9979]]],[[[116.1248,-2.9909],[116.1281,-2.9797],[116.1358,-2.9752],[116.1347,-2.9873],[116.1373,-2.9916],[116.1248,-2.9909]]]]}},{"type":"Feature","properties":{"district":"Kalimantan Tengah","constituency_code":"21","electorate_type":"Indonesia"},"geometry":{"type":"MultiPolygon","coordinates":[[[[113.3663,-3.3017],[113.3594,-3.2773],[113.397,-3.2496],[113.4053,-3.2702],[113.3663,-3.3017]]],[[[111.3021,-2.9261],[110.9775,-3.0662],[110.816,-2.9806],[110.7332,-2.9964],[110.7762,-2.924],[110.9645,-2.8585],[111.0118,-2.7952],[111.1463,-2.7425],[111.1759,-2.6884],[111.1316,-2.5988],[111.147,-2.5418],[111.0994,-2.4667],[111.1156,-2.3275],[111.0251,-2.226],[111.1014,-1.9886],[110.9885,-1.9548],[110.9499,-1.8524],[111.0141,-1.7818],[111.0258,-1.7199],[110.9845,-1.6891],[110.9943,-1.6501],[110.9062,-1.6899],[110.8645,-1.6307],[110.8865,-1.6003],[111.0063,-1.5036],[111.0808,-1.5242],[111.156,-1.4318],[111.1807,-1.4768],[111.2542,-1.4381],[111.3908,-1.2529],[111.4235,-1.2674],[111.5547,-1.2024],[111.5775,-1.1694],[111.5462,-1.0982],[111.5708,-1.059],[111.6161,-1.0563],[111.6414,-0.9679],[111.7511,-0.9109],[111.8392,-0.905],[111.914,-0.8444],[111.9217,-0.7941],[111.9768,-0.8133],[112.0561,-0.7686],[112.0834,-0.7013],[112.1754,-0.7256],[112.1761,-0.6436],[112.2098,-0.6148],[112.2594,-0.6313],[112.3154,-0.7233],[112.4426,-0.6716],[112.5133,-0.7008],[112.6881,-0.6591],[112.7033,-0.6209],[112.7345,-0.6304],[112.746,-0.5719],[112.8324,-0.5776],[112.9919,-0.4929],[113.0546,-0.5138],[113.1308,-0.4522],[113.2182,-0.5062],[113.2711,-0.4245],[113.2205,-0.3335],[113.3054,-0.2542],[113.2908,-0.2087],[113.3307,-0.1513],[113.4175,-0.1136],[113.4438,-0.0613],[113.4161,-0.0485],[113.4325,0.0095],[113.3958,0.0341],[113.4137,0.1162],[113.2618,0.2301],[113.318,0.268],[113.442,0.2598],[113.5439,0.3247],[113.5863,0.3612],[113.5812,0.3978],[113.6517,0.4353],[113.6621,0.4924],[113.7981,0.5952],[113.8265,0.5791],[113.8461,0.6605],[114.0039,0.6411],[114.1231,0.6954],[114.178,0.6367],[114.1472,0.5864],[114.1947,0.5824],[114.2031,0.5401],[114.3641,0.5302],[114.3768,0.5596],[114.5245,0.5628],[114.5459,0.6306],[114.5979,0.6318],[114.6604,0.7018],[114.8299,0.7552],[114.8701,0.7406],[114.9136,0.7902],[114.9683,0.7507],[115.0776,0.471],[115.1374,0.4255],[115.1293,0.3744],[115.0464,0.2984],[115.0229,0.3304],[114.9026,0.3177],[114.8196,0.2367],[114.8298,0.1916],[114.7089,0.074],[114.8374,-0.0465],[114.874,-0.0159],[114.8977,-0.0317],[114.9204,-0.2334],[114.9811,-0.2755],[115.0392,-0.24],[115.0198,-0.2138],[115.0512,-0.1598],[115.1499,-0.1391],[115.166,-0.0872],[115.2943,-0.0508],[115.3096,-0.1178],[115.2412,-0.1646],[115.2981,-0.2077],[115.2465,-0.2523],[115.2336,-0.3633],[115.3071,-0.486],[115.2904,-0.5554],[115.3367,-0.5435],[115.3809,-0.5722],[115.3565,-0.6134],[115.3727,-0.6537],[115.3266,-0.6707],[115.3466,-0.7204],[115.3008,-0.745],[115.2895,-0.7994],[115.3411,-0.8402],[115.3499,-0.8912],[115.3816,-0.8518],[115.4412,-0.8781],[115.5473,-0.8544],[115.6309,-0.9763],[115.6246,-1.0166],[115.6792,-1.0089],[115.7664,-1.1377],[115.8359,-1.0926],[115.8494,-1.1718],[115.7772,-1.2312],[115.7588,-1.3126],[115.6262,-1.3504],[115.5125,-1.452],[115.4714,-1.4296],[115.4312,-1.4569],[115.4354,-1.4964],[115.3581,-1.5924],[115.3741,-1.6527],[115.3021,-1.8275],[115.321,-1.8923],[115.4193,-1.8933],[115.4433,-1.9463],[115.3969,-2.0131],[115.4083,-2.0563],[115.3636,-2.0442],[115.3549,-2.0947],[115.2985,-2.1424],[115.2903,-2.2239],[115.2439,-2.1931],[115.0891,-2.3487],[114.8826,-2.4886],[114.7973,-2.5915],[114.7622,-2.7202],[114.6825,-2.7369],[114.6644,-2.8006],[114.5977,-2.8156],[114.6153,-2.8845],[114.5611,-2.8775],[114.59,-2.9097],[114.5538,-2.8919],[114.5183,-2.9192],[114.5442,-2.949],[114.5053,-2.9997],[114.5458,-3.0678],[114.4237,-3.1799],[114.4495,-3.2096],[114.3599,-3.3164],[114.352,-3.4635],[114.2546,-3.4034],[114.2455,-3.3632],[114.1348,-3.3825],[114.0588,-3.3102],[114.0392,-3.3496],[113.8206,-3.4498],[113.6278,-3.465],[113.5819,-3.4407],[113.6324,-3.309],[113.6011,-3.1672],[113.4495,-3.1911],[113.4263,-3.2373],[113.3528,-3.2681],[113.3438,-3.2805],[113.1846,-3.0839],[113.086,-3.0316],[113.047,-2.974],[112.9422,-3.1177],[112.9965,-3.1565],[113.0419,-3.13],[112.9196,-3.2405],[112.5632,-3.4468],[112.406,-3.3446],[112.2564,-3.3136],[111.9113,-3.5352],[111.853,-3.5413],[111.7719,-3.5094],[111.8174,-3.3956],[111.7981,-3.1921],[111.825,-3.0506],[111.7318,-2.8557],[111.6744,-2.8837],[111.6891,-2.9427],[111.5477,-3.0196],[111.4121,-2.9035],[111.3021,-2.9261]]]]}},{"type":"Feature","properties":{"district":"Kalimantan Timur","constituency_code":"23","electorate_type":"Indonesia"},"geometry":{"type":"MultiPolygon","coordinates":[[[[115.7837,-1.2252],[115.8494,-1.1718],[115.8419,-1.0969],[115.7565,-1.1335],[115.6792,-1.0089],[115.6246,-1.0166],[115.6309,-0.9763],[115.5473,-0.8544],[115.4412,-0.8781],[115.3816,-0.8518],[115.3499,-0.8912],[115.3411,-0.8402],[115.2895,-0.7994],[115.3008,-0.745],[115.3466,-0.7204],[115.3266,-0.6707],[115.3727,-0.6537],[115.3565,-0.6134],[115.3809,-0.5722],[115.3367,-0.5435],[115.2904,-0.5554],[115.3071,-0.486],[115.2336,-0.3633],[115.2465,-0.2523],[115.2981,-0.2077],[115.2412,-0.1646],[115.3096,-0.1178],[115.2943,-0.0508],[115.166,-0.0872],[115.1499,-0.1391],[115.0512,-0.1598],[115.0198,-0.2138],[115.0392,-0.24],[114.9811,-0.2755],[114.9204,-0.2334],[114.8977,-0.0317],[114.874,-0.0159],[114.8374,-0.0465],[114.7089,0.074],[114.8298,0.1916],[114.8196,0.2367],[114.9026,0.3177],[115.0229,0.3304],[115.0464,0.2984],[115.1293,0.3744],[115.1374,0.4255],[115.0776,0.471],[115.0135,0.5993],[114.9856,0.7317],[114.907,0.7887],[114.8701,0.7406],[114.8299,0.7552],[114.6604,0.7018],[114.5979,0.6318],[114.5459,0.6306],[114.5245,0.5628],[114.2325,0.525],[114.1947,0.5824],[114.1472,0.5864],[114.178,0.6367],[114.1231,0.6954],[114.0039,0.6411],[113.8375,0.6625],[113.8393,0.6954],[113.8948,0.726],[113.8739,0.7759],[113.9265,0.8414],[113.8718,0.889],[113.9135,0.9725],[113.8896,1.0475],[113.9475,1.0603],[113.9964,1.1426],[114.1216,1.1477],[114.1709,1.2644],[114.155,1.3744],[114.2383,1.4483],[114.4054,1.5229],[114.526,1.4428],[114.5855,1.4454],[114.6105,1.5752],[114.7074,1.6408],[114.6944,1.8095],[114.7175,1.8559],[114.7906,1.8475],[114.8823,1.915],[114.8505,1.9603],[114.8868,2.0261],[114.8086,2.0258],[114.8204,2.1299],[114.7403,2.1323],[114.7411,2.1912],[114.788,2.201],[114.8125,2.2621],[114.917,2.2549],[114.9666,2.2888],[114.961,2.3647],[114.9995,2.3499],[115.0507,2.4042],[115.0966,2.4026],[115.1482,2.4773],[115.2044,2.4712],[115.2492,2.5094],[115.1782,2.6102],[115.1136,2.5833],[115.092,2.6059],[115.1192,2.655],[115.1015,2.7207],[115.1539,2.7928],[115.0953,2.8241],[115.152,2.8704],[115.1635,2.9272],[115.2485,2.9647],[115.2845,3.0475],[115.3305,2.976],[115.4855,3.0182],[115.5154,3.0559],[115.5138,3.1088],[115.5643,3.1616],[115.5155,3.2219],[115.546,3.3681],[115.5865,3.45],[115.624,3.4081],[115.657,3.4391],[115.5706,3.6524],[115.6179,3.8682],[115.5585,3.917],[115.6406,3.9649],[115.7028,4.1953],[115.7657,4.2446],[115.8165,4.2247],[115.8745,4.2909],[115.8772,4.3915],[116.0029,4.3476],[116.0725,4.2767],[116.1109,4.3319],[116.155,4.3385],[116.1666,4.3909],[116.2799,4.3604],[116.3588,4.3871],[116.4403,4.2884],[116.4877,4.3338],[116.5369,4.3208],[116.5659,4.4083],[116.6306,4.3357],[116.7011,4.334],[116.7511,4.3897],[116.8349,4.3262],[116.9111,4.3688],[117.0209,4.319],[117.0429,4.3473],[117.1997,4.3352],[117.2475,4.374],[117.4678,4.1736],[117.5933,4.1723],[117.5482,4.1424],[117.517,4.0992],[117.3948,4.1454],[117.4184,4.0943],[117.4738,4.0707],[117.4382,4.0134],[117.3857,4.0364],[117.3695,4.0328],[117.3655,4.0143],[117.4397,4.0044],[117.4559,3.9338],[117.4874,3.9146],[117.4995,3.9127],[117.5333,3.9248],[117.5981,3.8763],[117.6949,3.8671],[117.7304,3.8124],[117.792,3.7591],[117.6737,3.7755],[117.8265,3.7053],[117.6685,3.6157],[117.5766,3.6339],[117.4823,3.719],[117.4286,3.696],[117.4254,3.6735],[117.4899,3.6699],[117.4885,3.6655],[117.4884,3.6536],[117.4959,3.6397],[117.4892,3.6359],[117.4846,3.6362],[117.4799,3.6456],[117.4742,3.6477],[117.4372,3.6417],[117.4325,3.6389],[117.4284,3.6247],[117.3948,3.6395],[117.379,3.6402],[117.2611,3.6172],[117.1598,3.6445],[117.0765,3.6356],[117.0,3.5978],[117.2209,3.6091],[117.1935,3.534],[117.2176,3.4928],[117.355,3.4491],[117.3684,3.4142],[117.4143,3.3878],[117.4152,3.3368],[117.3885,3.3302],[117.378,3.3113],[117.4468,3.3409],[117.5142,3.3114],[117.5167,3.2759],[117.4004,3.2613],[117.3076,3.2071],[117.3186,3.168],[117.4443,3.1617],[117.4787,3.1007],[117.444,3.0775],[117.4355,3.0518],[117.4411,3.0491],[117.5212,3.0683],[117.5678,3.0464],[117.6215,3.0601],[117.5765,2.9813],[117.6019,2.9728],[117.6669,2.9878],[117.6961,2.9518],[117.6751,2.9318],[117.7159,2.909],[117.6924,2.8967],[117.7195,2.8906],[117.6693,2.856],[117.7369,2.8138],[117.6745,2.7868],[117.7852,2.7483],[117.7997,2.6269],[118.0948,2.3105],[118.0193,2.1969],[117.9333,2.181],[117.9071,2.2111],[117.6899,2.1809],[117.7238,2.1358],[117.7018,2.0361],[117.8221,2.011],[117.8069,1.9861],[117.8163,1.9499],[117.8586,1.8724],[117.8897,1.8727],[117.9108,1.8213],[118.0481,1.7832],[118.0525,1.7339],[118.1346,1.6339],[118.4072,1.4866],[118.4174,1.4418],[118.3848,1.4344],[118.4289,1.4264],[118.4107,1.3993],[118.442,1.3756],[118.4685,1.3958],[118.4618,1.3654],[118.5803,1.3543],[118.7651,1.1998],[118.7688,1.1673],[118.7341,1.1553],[118.8303,1.0983],[118.8368,1.0505],[118.9462,1.0579],[118.9875,0.9882],[118.7951,0.8017],[118.7105,0.8146],[118.6775,0.8571],[118.589,0.8103],[118.4415,0.8435],[118.3698,0.806],[118.3199,0.8496],[118.0648,0.9035],[118.0107,0.9578],[118.0065,0.9903],[117.9915,1.0011],[117.9805,1.0662],[117.8945,1.1231],[117.8844,1.0889],[117.8971,1.0673],[117.9224,1.0661],[117.9313,1.0373],[117.945,1.0326],[117.9467,1.0193],[117.9736,0.9768],[117.9774,0.9319],[118.0191,0.8669],[118.0292,0.7804],[117.9711,0.7736],[117.9139,0.8367],[117.759,0.7629],[117.7113,0.6972],[117.7108,0.6282],[117.6683,0.6084],[117.6048,0.4874],[117.6033,0.4173],[117.5541,0.4221],[117.5285,0.2218],[117.4799,0.1606],[117.5216,0.1248],[117.464,0.0873],[117.4719,0.0473],[117.5121,0.0588],[117.4893,0.0425],[117.5188,0.0266],[117.5177,-0.0315],[117.4168,-0.2234],[117.4645,-0.3733],[117.4367,-0.3797],[117.4284,-0.3986],[117.4303,-0.4132],[117.4378,-0.4223],[117.4275,-0.4267],[117.4244,-0.4325],[117.4552,-0.453],[117.4122,-0.5393],[117.3913,-0.5469],[117.3475,-0.5753],[117.3504,-0.5793],[117.313,-0.5677],[117.276,-0.5769],[117.3027,-0.6791],[117.2895,-0.7155],[117.2817,-0.7911],[117.2526,-0.8094],[117.2488,-0.9072],[117.1668,-0.9571],[117.0002,-1.2007],[116.8843,-1.2766],[116.8056,-1.272],[116.813,-1.2028],[116.7837,-1.2115],[116.7804,-1.1466],[116.729,-1.1014],[116.7562,-1.0297],[116.7476,-1.0052],[116.7214,-1.0366],[116.7016,-1.1194],[116.7669,-1.1871],[116.7418,-1.2181],[116.7782,-1.2475],[116.7621,-1.3621],[116.5558,-1.4479],[116.53,-1.5088],[116.5576,-1.6019],[116.3178,-1.6951],[116.2462,-1.7793],[116.2649,-1.8104],[116.3731,-1.7628],[116.4494,-1.7709],[116.4169,-1.8674],[116.4557,-1.9151],[116.4595,-2.0561],[116.3604,-2.1106],[116.3889,-2.1166],[116.3828,-2.183],[116.4005,-2.2144],[116.515,-2.1656],[116.5525,-2.1738],[116.5524,-2.209],[116.5873,-2.1722],[116.5553,-2.4088],[116.1625,-2.3066],[116.1134,-2.3376],[116.0333,-2.3075],[115.926,-2.3253],[115.8355,-2.3899],[115.8328,-2.2975],[115.7857,-2.217],[115.8138,-2.0716],[115.6949,-2.0405],[115.728,-1.797],[115.6795,-1.7933],[115.7071,-1.7332],[115.6652,-1.7067],[115.6769,-1.6565],[115.6292,-1.5619],[115.6512,-1.5146],[115.6189,-1.4879],[115.688,-1.4468],[115.7837,-1.2252]]],[[[118.8368,1.1155],[118.8456,1.1186],[118.8466,1.1134],[118.8368,1.1155]]],[[[118.7793,1.1366],[118.7756,1.14],[118.7779,1.1525],[118.7876,1.1367],[118.7793,1.1366]]],[[[118.5912,2.2772],[118.569,2.3046],[118.5719,2.2483],[118.6446,2.1719],[118.5643,2.2421],[118.5664,2.3105],[118.6373,2.249],[118.5912,2.2772]]],[[[118.5162,2.1609],[118.5385,2.1605],[118.5633,2.1175],[118.5053,2.1376],[118.5162,2.1609]]],[[[118.555,1.3761],[118.5618,1.3729],[118.5571,1.3702],[118.555,1.3761]]],[[[118.5395,1.3897],[118.5326,1.3881],[118.5289,1.3949],[118.5332,1.3949],[118.5395,1.3897]]],[[[118.4951,1.423],[118.529,1.3879],[118.4788,1.3945],[118.4579,1.4634],[118.4951,1.423]]],[[[118.5252,1.3683],[118.5271,1.3659],[118.5183,1.3613],[118.5203,1.3672],[118.5252,1.3683]]],[[[118.4393,1.387],[118.4382,1.3949],[118.4519,1.3926],[118.444,1.3804],[118.4393,1.387]]],[[[118.3311,2.1308],[118.3235,2.1376],[118.3269,2.1412],[118.3324,2.1394],[118.3311,2.1308]]],[[[118.2102,2.3783],[118.2219,2.3582],[118.2167,2.3483],[118.194,2.3788],[118.2102,2.3783]]],[[[118.0392,0.7792],[118.0432,0.781],[118.0459,0.7728],[118.0424,0.7715],[118.0392,0.7792]]],[[[118.0146,0.892],[118.0188,0.8969],[118.0263,0.883],[118.0213,0.8851],[118.0146,0.892]]],[[[118.0088,0.745],[118.0218,0.7336],[118.0133,0.7128],[117.9975,0.7332],[118.0088,0.745]]],[[[118.0064,0.9173],[118.0022,0.9005],[117.9989,0.9384],[118.0085,0.9289],[118.0064,0.9173]]],[[[117.9976,0.9731],[117.9978,0.9921],[118.0046,0.9912],[118.0079,0.9647],[117.9976,0.9731]]],[[[117.985,0.9884],[117.9674,0.9867],[117.9393,1.0595],[117.9793,1.0213],[117.985,0.9884]]],[[[117.905,2.1156],[117.9014,2.1282],[117.8676,2.1485],[117.812,2.1226],[117.8019,2.1841],[117.827,2.192],[117.8287,2.185],[117.8454,2.168],[117.8626,2.1579],[117.958,2.1246],[117.905,2.1156]]],[[[117.9371,1.0446],[117.9402,1.0386],[117.9314,1.0453],[117.9371,1.0446]]],[[[117.9183,2.1571],[117.8929,2.1904],[117.9057,2.2065],[117.9275,2.1743],[117.9183,2.1571]]],[[[117.9105,1.0839],[117.9191,1.0777],[117.9244,1.071],[117.9047,1.0722],[117.9105,1.0839]]],[[[117.9083,1.1095],[117.9194,1.1004],[117.9183,1.0944],[117.9117,1.1013],[117.9083,1.1095]]],[[[117.9145,4.0507],[117.8612,4.029],[117.6833,4.1667],[117.9009,4.1667],[117.9145,4.0507]]],[[[117.864,2.1465],[117.9007,2.1248],[117.8983,2.1044],[117.9137,2.0876],[117.9084,2.0829],[117.8297,2.1155],[117.8516,2.1302],[117.864,2.1465]]],[[[117.8847,2.0441],[117.8857,2.0457],[117.8832,2.056],[117.8819,2.0569],[117.8782,2.057],[117.8042,2.0262],[117.8013,2.0288],[117.807,2.0487],[117.8058,2.056],[117.8135,2.0588],[117.8194,2.0636],[117.8242,2.0721],[117.8247,2.0768],[117.8234,2.0795],[117.8199,2.0815],[117.8131,2.082],[117.8105,2.0878],[117.911,2.0504],[117.8847,2.0441]]],[[[117.8991,1.0876],[117.9042,1.0908],[117.9107,1.0853],[117.9027,1.0826],[117.8991,1.0876]]],[[[117.8937,1.0925],[117.8968,1.0966],[117.9022,1.0911],[117.898,1.0875],[117.8937,1.0925]]],[[[117.8989,1.0717],[117.8883,1.0876],[117.8906,1.0918],[117.9,1.084],[117.8989,1.0717]]],[[[117.8771,2.1904],[117.8916,2.1876],[117.8975,2.1675],[117.8729,2.1864],[117.8771,2.1904]]],[[[117.8442,2.0281],[117.8452,2.0384],[117.8828,2.0559],[117.8817,2.0371],[117.8442,2.0281]]],[[[117.8716,2.1578],[117.8433,2.171],[117.8286,2.192],[117.8822,2.1758],[117.8716,2.1578]]],[[[117.8808,2.1549],[117.8717,2.1564],[117.8807,2.16],[117.8808,2.1549]]],[[[117.8733,3.4762],[117.8637,3.4484],[117.7629,3.5114],[117.7562,3.564],[117.8009,3.5894],[117.8253,3.5713],[117.8733,3.4762]]],[[[117.8283,1.9409],[117.8194,1.9602],[117.8312,1.9535],[117.8452,1.9507],[117.8728,1.9719],[117.8604,1.8937],[117.8283,1.9409]]],[[[117.8077,1.9856],[117.8354,2.0092],[117.8632,1.9672],[117.833,1.954],[117.8077,1.9856]]],[[[117.818,3.8177],[117.8323,3.7846],[117.7439,3.806],[117.7101,3.8606],[117.748,3.8716],[117.818,3.8177]]],[[[117.805,2.0562],[117.7905,2.0364],[117.7873,2.0475],[117.7825,2.0527],[117.7524,2.064],[117.8013,2.1115],[117.83,2.097],[117.8099,2.0885],[117.805,2.0562]]],[[[117.749,3.7544],[117.8095,3.7531],[117.8155,3.74],[117.8006,3.7321],[117.772,3.7477],[117.749,3.7544]]],[[[117.8045,3.7818],[117.8148,3.7575],[117.7799,3.7714],[117.7815,3.785],[117.8045,3.7818]]],[[[117.7349,2.0867],[117.7292,2.1368],[117.7138,2.1632],[117.7678,2.1655],[117.7975,2.1807],[117.803,2.1217],[117.7925,2.1147],[117.7738,2.1229],[117.7661,2.1202],[117.7349,2.0867]]],[[[117.7606,2.0736],[117.7577,2.0731],[117.7564,2.072],[117.7515,2.0638],[117.7521,2.0582],[117.7649,2.0492],[117.7711,2.0538],[117.7726,2.0484],[117.7752,2.0474],[117.7812,2.0517],[117.7861,2.0477],[117.7872,2.0365],[117.7903,2.0351],[117.7995,2.0409],[117.799,2.0292],[117.7132,2.0361],[117.715,2.08],[117.7755,2.0977],[117.7606,2.0736]]],[[[117.7749,2.121],[117.7897,2.1101],[117.7859,2.0996],[117.7709,2.1069],[117.7749,2.121]]],[[[117.7496,2.1852],[117.7742,2.1724],[117.7074,2.1707],[117.7324,2.1831],[117.7496,2.1852]]],[[[117.7671,3.7444],[117.7516,3.7496],[117.7736,3.7433],[117.7671,3.7444]]],[[[117.7535,4.0617],[117.7237,3.9843],[117.6691,3.9665],[117.603,4.0108],[117.5893,4.08],[117.6591,4.1475],[117.7535,4.0617]]],[[[117.5776,3.9697],[117.6297,3.916],[117.6827,3.9138],[117.6817,3.8883],[117.6016,3.8827],[117.5504,3.9252],[117.4597,3.9315],[117.4433,4.0058],[117.4997,4.0528],[117.5776,3.9697]]],[[[117.6658,3.3901],[117.6557,3.2523],[117.6381,3.2396],[117.5412,3.3269],[117.5154,3.392],[117.5487,3.4424],[117.5988,3.4434],[117.6658,3.3901]]],[[[117.5593,3.5609],[117.5064,3.5842],[117.6626,3.5531],[117.6216,3.5367],[117.5593,3.5609]]],[[[117.6222,2.9864],[117.6284,2.9931],[117.639,2.9876],[117.6307,2.9828],[117.6222,2.9864]]],[[[117.6226,3.082],[117.631,3.083],[117.6385,3.0698],[117.6307,3.0701],[117.6226,3.082]]],[[[117.5231,-0.5013],[117.4473,-0.5349],[117.4359,-0.544],[117.4393,-0.5623],[117.4179,-0.5598],[117.5441,-0.4415],[117.6019,-0.4072],[117.6275,-0.4238],[117.6042,-0.4775],[117.5231,-0.5013]]],[[[117.5958,3.1256],[117.6113,3.1253],[117.6208,3.1143],[117.5968,3.1078],[117.5958,3.1256]]],[[[117.5805,-0.7341],[117.6088,-0.7301],[117.6145,-0.7684],[117.5537,-0.785],[117.4982,-0.7487],[117.4833,-0.75],[117.4756,-0.7444],[117.4632,-0.7422],[117.4608,-0.745],[117.4461,-0.741],[117.4406,-0.73],[117.4484,-0.7276],[117.4526,-0.7251],[117.4528,-0.7227],[117.4427,-0.706],[117.5805,-0.7341]]],[[[117.6079,3.0648],[117.5695,3.0511],[117.5514,3.0718],[117.6027,3.0837],[117.6079,3.0648]]],[[[117.6061,3.4744],[117.5472,3.4712],[117.5035,3.5067],[117.4413,3.5108],[117.4155,3.5569],[117.5683,3.5204],[117.6061,3.4744]]],[[[117.6049,3.0955],[117.6043,3.0866],[117.5725,3.0897],[117.5955,3.0971],[117.6049,3.0955]]],[[[117.5681,3.0972],[117.562,3.1087],[117.5844,3.1148],[117.5888,3.1082],[117.5681,3.0972]]],[[[117.5838,4.1303],[117.5552,4.0992],[117.5362,4.1087],[117.5537,4.1392],[117.5838,4.1303]]],[[[117.5237,-0.5999],[117.508,-0.5665],[117.4891,-0.5627],[117.5107,-0.5445],[117.505,-0.5265],[117.5268,-0.5337],[117.5485,-0.5054],[117.5834,-0.5131],[117.578,-0.5778],[117.5237,-0.5999]]],[[[117.5515,-0.5028],[117.5669,-0.4953],[117.5735,-0.4998],[117.557,-0.5067],[117.5515,-0.5028]]],[[[117.5594,3.5506],[117.5638,3.553],[117.5714,3.551],[117.5681,3.5457],[117.5594,3.5506]]],[[[117.4984,3.084],[117.518,3.0979],[117.5695,3.0895],[117.5551,3.0767],[117.4984,3.084]]],[[[117.5425,-0.6546],[117.4788,-0.6229],[117.4776,-0.6195],[117.4868,-0.6083],[117.4881,-0.6021],[117.491,-0.6022],[117.4926,-0.609],[117.4946,-0.6128],[117.4969,-0.6137],[117.5662,-0.6214],[117.5425,-0.6546]]],[[[117.5588,0.0865],[117.5568,0.0891],[117.5615,0.0925],[117.5645,0.0873],[117.5588,0.0865]]],[[[117.5423,3.1027],[117.5506,3.102],[117.5561,3.0983],[117.5388,3.0974],[117.5423,3.1027]]],[[[117.5377,-0.8127],[117.5009,-0.7994],[117.464,-0.7427],[117.4813,-0.7502],[117.4981,-0.7497],[117.5126,-0.7776],[117.5526,-0.7921],[117.5377,-0.8127]]],[[[117.5526,0.0862],[117.5489,0.081],[117.5468,0.0864],[117.5526,0.0862]]],[[[117.5494,3.5987],[117.5454,3.5805],[117.507,3.595],[117.5227,3.6153],[117.5494,3.5987]]],[[[117.5289,-0.4291],[117.5205,-0.4368],[117.5378,-0.4101],[117.5402,-0.4128],[117.5289,-0.4291]]],[[[117.4831,-0.4519],[117.4432,-0.5004],[117.5251,-0.3507],[117.5396,-0.3771],[117.5002,-0.4003],[117.4831,-0.4519]]],[[[117.5386,3.0778],[117.5392,3.0726],[117.5324,3.0727],[117.5347,3.0773],[117.5386,3.0778]]],[[[117.5319,-0.5263],[117.5262,-0.5306],[117.5235,-0.5274],[117.5205,-0.5263],[117.505,-0.5259],[117.5014,-0.5218],[117.538,-0.5045],[117.5319,-0.5263]]],[[[117.466,-0.4821],[117.5006,-0.4398],[117.5067,-0.4162],[117.5009,-0.4039],[117.515,-0.4025],[117.5344,-0.3877],[117.4813,-0.4808],[117.45,-0.4983],[117.466,-0.4821]]],[[[117.524,3.1182],[117.5315,3.1149],[117.5316,3.1119],[117.5154,3.1143],[117.524,3.1182]]],[[[117.4869,-0.649],[117.5033,-0.6652],[117.5229,-0.6603],[117.5282,-0.6898],[117.4743,-0.6863],[117.472,-0.6815],[117.4871,-0.6596],[117.4869,-0.649]]],[[[117.5264,3.343],[117.5212,3.3437],[117.5211,3.3471],[117.5254,3.3491],[117.5264,3.343]]],[[[117.5178,0.0671],[117.5192,0.0616],[117.5122,0.0645],[117.5178,0.0671]]],[[[117.4562,3.6131],[117.4335,3.6386],[117.477,3.6466],[117.4822,3.6374],[117.4886,3.6341],[117.5102,3.6344],[117.5175,3.6383],[117.4956,3.5984],[117.4562,3.6131]]],[[[117.4808,-0.6511],[117.4642,-0.6264],[117.5171,-0.6531],[117.5103,-0.663],[117.4887,-0.647],[117.4808,-0.6511]]],[[[117.5145,-0.707],[117.5026,-0.7048],[117.5014,-0.7014],[117.5155,-0.6974],[117.5145,-0.707]]],[[[117.5065,3.0768],[117.5133,3.0719],[117.498,3.0722],[117.5018,3.079],[117.5065,3.0768]]],[[[117.5125,3.659],[117.5066,3.6358],[117.4892,3.665],[117.5033,3.6678],[117.5125,3.659]]],[[[117.4569,-0.5524],[117.438,-0.5437],[117.4445,-0.5432],[117.4483,-0.5356],[117.4559,-0.5361],[117.4857,-0.5263],[117.5105,-0.5444],[117.5034,-0.5418],[117.4981,-0.5455],[117.4834,-0.5635],[117.4757,-0.5495],[117.4569,-0.5524]]],[[[117.5028,-0.3665],[117.4976,-0.3789],[117.4871,-0.3868],[117.5069,-0.3485],[117.5028,-0.3665]]],[[[117.5056,-0.6106],[117.4942,-0.6112],[117.4992,-0.594],[117.5054,-0.607],[117.5056,-0.6106]]],[[[117.4636,-0.5949],[117.4558,-0.6286],[117.4479,-0.6282],[117.4507,-0.6156],[117.4467,-0.6069],[117.4337,-0.6043],[117.4337,-0.5879],[117.4264,-0.5833],[117.3741,-0.5921],[117.3859,-0.5758],[117.4444,-0.566],[117.4712,-0.5506],[117.4754,-0.5621],[117.4806,-0.5658],[117.5056,-0.5707],[117.4636,-0.5949]]],[[[117.3801,3.5573],[117.441,3.5039],[117.485,3.4919],[117.5053,3.4973],[117.4858,3.4328],[117.4446,3.4567],[117.323,3.4913],[117.2308,3.4968],[117.2014,3.5391],[117.238,3.5872],[117.3801,3.5573]]],[[[117.5052,3.1039],[117.4954,3.0918],[117.4901,3.0974],[117.4967,3.1025],[117.5052,3.1039]]],[[[117.4511,3.3536],[117.451,3.4045],[117.4994,3.4027],[117.5016,3.3453],[117.4511,3.3536]]],[[[117.497,4.0632],[117.4829,4.0495],[117.4779,4.0523],[117.4831,4.0627],[117.497,4.0632]]],[[[117.4935,3.0826],[117.4963,3.075],[117.4505,3.0583],[117.4632,3.0786],[117.4935,3.0826]]],[[[117.4771,-0.8168],[117.4935,-0.8352],[117.4863,-0.84],[117.4683,-0.8299],[117.4771,-0.8168]]],[[[117.4888,3.578],[117.4929,3.5691],[117.46,3.586],[117.4636,3.5908],[117.4888,3.578]]],[[[117.4342,-0.4337],[117.4265,-0.4333],[117.4394,-0.4238],[117.4362,-0.3823],[117.4614,-0.3879],[117.4925,-0.3299],[117.4524,-0.4398],[117.4342,-0.4337]]],[[[117.4644,-0.7508],[117.4671,-0.7619],[117.4824,-0.7724],[117.4924,-0.8024],[117.4374,-0.7461],[117.4644,-0.7508]]],[[[117.4459,3.6956],[117.4818,3.7087],[117.492,3.6797],[117.4295,3.6749],[117.4459,3.6956]]],[[[117.4886,-0.8177],[117.4737,-0.812],[117.4706,-0.8027],[117.4802,-0.8089],[117.4886,-0.8177]]],[[[117.4856,-0.6094],[117.4765,-0.6191],[117.4702,-0.6179],[117.4811,-0.5955],[117.4856,-0.6094]]],[[[117.3773,-0.6099],[117.3797,-0.6127],[117.3824,-0.6125],[117.3864,-0.6089],[117.3854,-0.6154],[117.3949,-0.6239],[117.4596,-0.6355],[117.4703,-0.6796],[117.3963,-0.6293],[117.38,-0.6336],[117.375,-0.6303],[117.3722,-0.6313],[117.3662,-0.6526],[117.3677,-0.6436],[117.3498,-0.6292],[117.3206,-0.6256],[117.2854,-0.5832],[117.3773,-0.6099]]],[[[117.4277,-0.7799],[117.4065,-0.7531],[117.4678,-0.8177],[117.4439,-0.8054],[117.4365,-0.7863],[117.4277,-0.7799]]],[[[117.4485,-0.7272],[117.388,-0.6924],[117.3846,-0.6811],[117.3947,-0.6881],[117.4032,-0.6881],[117.4088,-0.6961],[117.4133,-0.697],[117.4158,-0.6934],[117.414,-0.6847],[117.4085,-0.6781],[117.4277,-0.6818],[117.4373,-0.6634],[117.4648,-0.6962],[117.4416,-0.7054],[117.4398,-0.7092],[117.4422,-0.7123],[117.4459,-0.7117],[117.4464,-0.7189],[117.4526,-0.7245],[117.4485,-0.7272]]],[[[117.4476,3.0712],[117.4474,3.0781],[117.4616,3.0816],[117.4535,3.0735],[117.4476,3.0712]]],[[[117.4094,3.5883],[117.3266,3.5865],[117.3029,3.5785],[117.2919,3.5966],[117.3956,3.6133],[117.4604,3.5687],[117.4094,3.5883]]],[[[117.4305,-0.722],[117.4358,-0.7514],[117.4586,-0.7839],[117.3792,-0.7121],[117.4305,-0.722]]],[[[117.4581,3.4383],[117.446,3.4429],[117.4286,3.4526],[117.4539,3.4493],[117.4581,3.4383]]],[[[117.4385,-0.6312],[117.4214,-0.6283],[117.4146,-0.62],[117.4179,-0.6149],[117.412,-0.6065],[117.402,-0.6045],[117.4047,-0.6041],[117.4053,-0.603],[117.4038,-0.5988],[117.4086,-0.6024],[117.413,-0.5927],[117.4167,-0.5978],[117.4238,-0.5846],[117.4329,-0.5874],[117.4298,-0.5881],[117.4247,-0.5928],[117.4317,-0.6037],[117.4485,-0.6124],[117.4385,-0.6312]]],[[[117.4468,3.0701],[117.4408,3.0656],[117.4447,3.0732],[117.4468,3.0701]]],[[[117.445,3.0616],[117.4406,3.0569],[117.4402,3.063],[117.445,3.0616]]],[[[117.4163,3.346],[117.4217,3.3708],[117.4159,3.3905],[117.3666,3.4407],[117.4425,3.4105],[117.4163,3.346]]],[[[117.3538,-0.6828],[117.3896,-0.7366],[117.3803,-0.739],[117.3717,-0.754],[117.3736,-0.7808],[117.4342,-0.8441],[117.4392,-0.8929],[117.4362,-0.8713],[117.431,-0.868],[117.42,-0.8647],[117.41,-0.8844],[117.3334,-0.7559],[117.3331,-0.7413],[117.3198,-0.6853],[117.3057,-0.655],[117.302,-0.6145],[117.3316,-0.6703],[117.3538,-0.6828]]],[[[117.4233,-0.8756],[117.4354,-0.8708],[117.4334,-0.8761],[117.4368,-0.8909],[117.4233,-0.8756]]],[[[117.4269,-0.8313],[117.3927,-0.7766],[117.3748,-0.7755],[117.3829,-0.7634],[117.3808,-0.7406],[117.4105,-0.7868],[117.4335,-0.788],[117.4269,-0.8313]]],[[[117.4217,-0.6545],[117.4288,-0.6742],[117.4087,-0.6758],[117.4072,-0.6791],[117.4148,-0.6914],[117.4109,-0.6961],[117.4028,-0.6865],[117.3775,-0.6711],[117.3452,-0.6307],[117.3494,-0.6296],[117.3567,-0.6408],[117.3652,-0.6431],[117.3602,-0.6474],[117.362,-0.6511],[117.365,-0.6529],[117.3697,-0.6519],[117.3748,-0.6309],[117.3788,-0.6337],[117.3818,-0.6343],[117.3949,-0.6303],[117.4217,-0.6545]]],[[[117.4151,3.3776],[117.4193,3.3769],[117.417,3.3616],[117.4151,3.3776]]],[[[117.3973,-0.6222],[117.3863,-0.6083],[117.3699,-0.6028],[117.3738,-0.5928],[117.3884,-0.6083],[117.4163,-0.6135],[117.3973,-0.6222]]],[[[117.4151,3.5794],[117.4144,3.5651],[117.3945,3.5848],[117.4089,3.5839],[117.4151,3.5794]]],[[[117.4052,-0.5595],[117.3639,-0.583],[117.349,-0.5757],[117.4127,-0.5411],[117.4052,-0.5595]]],[[[117.4065,3.5528],[117.4039,3.561],[117.4119,3.5579],[117.4065,3.5528]]],[[[117.3982,3.452],[117.4107,3.449],[117.4093,3.4448],[117.3968,3.4494],[117.3982,3.452]]],[[[117.3953,-0.5973],[117.4076,-0.594],[117.4035,-0.5987],[117.4046,-0.6039],[117.4002,-0.6043],[117.3986,-0.6102],[117.3953,-0.5973]]],[[[117.3842,3.5857],[117.392,3.5853],[117.4033,3.5689],[117.3672,3.5798],[117.3842,3.5857]]],[[[117.3877,3.6376],[117.397,3.6362],[117.4028,3.6308],[117.3897,3.6323],[117.3877,3.6376]]],[[[117.3625,-0.8902],[117.3656,-0.8569],[117.3756,-0.8472],[117.3928,-0.8778],[117.3625,-0.8902]]],[[[117.3689,3.6305],[117.3781,3.6366],[117.3844,3.6305],[117.3756,3.6291],[117.3689,3.6305]]],[[[117.3488,-0.679],[117.3322,-0.6696],[117.3241,-0.633],[117.3834,-0.6938],[117.3488,-0.679]]],[[[117.3574,-0.8874],[117.3367,-0.9111],[117.311,-0.8565],[117.3476,-0.8327],[117.3391,-0.7823],[117.3719,-0.8279],[117.3574,-0.8874]]],[[[117.3237,3.6181],[117.363,3.6236],[117.3717,3.6207],[117.3411,3.6116],[117.3237,3.6181]]],[[[117.3182,-0.7448],[117.3157,-0.7994],[117.3432,-0.8307],[117.3091,-0.8398],[117.2912,-0.7842],[117.2984,-0.7697],[117.2925,-0.7237],[117.3036,-0.6991],[117.3037,-0.7037],[117.3101,-0.7089],[117.3062,-0.7087],[117.3057,-0.7111],[117.3087,-0.7127],[117.3118,-0.7132],[117.3082,-0.7171],[117.3182,-0.7448]]],[[[117.3322,-0.7632],[117.3376,-0.7689],[117.34,-0.7751],[117.3302,-0.7661],[117.3322,-0.7632]]],[[[117.3273,-0.8008],[117.3177,-0.7206],[117.3013,-0.6951],[117.3069,-0.6779],[117.317,-0.6886],[117.3291,-0.7653],[117.3383,-0.7758],[117.3273,-0.8008]]],[[[117.3262,3.5826],[117.3336,3.581],[117.3089,3.5756],[117.3119,3.5809],[117.3262,3.5826]]],[[[117.3285,-0.7273],[117.3321,-0.7386],[117.3313,-0.7468],[117.326,-0.7299],[117.3285,-0.7273]]],[[[117.3315,3.4822],[117.32,3.4828],[117.3202,3.4868],[117.3241,3.4883],[117.3315,3.4822]]],[[[117.326,3.5716],[117.322,3.5738],[117.3312,3.5775],[117.3293,3.5728],[117.326,3.5716]]],[[[117.2802,-0.8406],[117.2879,-0.8254],[117.2859,-0.7959],[117.3025,-0.8481],[117.2868,-0.8764],[117.2802,-0.8406]]],[[[117.2886,-0.7919],[117.2867,-0.7769],[117.2909,-0.7683],[117.2959,-0.7706],[117.2888,-0.7821],[117.2886,-0.7919]]],[[[117.2641,-0.8184],[117.2846,-0.8244],[117.2748,-0.8444],[117.2765,-0.8323],[117.2641,-0.8184]]],[[[117.2635,-0.8298],[117.2761,-0.832],[117.2646,-0.8449],[117.2768,-0.8872],[117.2687,-0.8848],[117.2629,-0.8399],[117.2635,-0.8298]]],[[[117.2757,-0.8034],[117.2765,-0.8073],[117.2686,-0.8093],[117.2757,-0.8034]]],[[[117.2554,-0.8743],[117.2558,-0.8562],[117.2602,-0.8504],[117.2626,-0.8858],[117.2554,-0.8743]]],[[[117.0939,3.6224],[117.1002,3.6244],[117.1072,3.6207],[117.1019,3.615],[117.0939,3.6224]]],[[[117.0544,3.6177],[117.0571,3.6127],[117.043,3.6042],[117.0404,3.6074],[117.0544,3.6177]]],[[[116.7371,-1.0224],[116.7474,-1.0161],[116.7467,-1.0242],[116.7371,-1.0224]]],[[[116.7452,-1.151],[116.7385,-1.1468],[116.7373,-1.143],[116.7462,-1.1453],[116.7452,-1.151]]],[[[116.7267,-1.0358],[116.733,-1.0433],[116.7255,-1.066],[116.7222,-1.0469],[116.7267,-1.0358]]],[[[116.7216,-1.1125],[116.7322,-1.1185],[116.7275,-1.1337],[116.7169,-1.1239],[116.7216,-1.1125]]],[[[116.4157,-2.2026],[116.3865,-2.1855],[116.3942,-2.1569],[116.3919,-2.1279],[116.5022,-2.1093],[116.5221,-2.1567],[116.4157,-2.2026]]]]}},{"type":"Feature","properties":{"district":"Kepulauan Bangka Belitung","constituency_code":"9","electorate_type":"Indonesia"},"geometry":{"type":"MultiPolygon","coordinates":[[[[107.1513,-3.0329],[107.1527,-3.037],[107.1489,-3.0399],[107.145,-3.0365],[107.1513,-3.0329]]],[[[107.1696,-3.0239],[107.1738,-3.0279],[107.1647,-3.0318],[107.1653,-3.0272],[107.1696,-3.0239]]],[[[107.2245,-2.9943],[107.228,-2.991],[107.2402,-2.9902],[107.2296,-3.0011],[107.2245,-2.9943]]],[[[106.7091,-2.9791],[106.7097,-2.9926],[106.6974,-2.9938],[106.6958,-2.9795],[106.7091,-2.9791]]],[[[106.6787,-2.9659],[106.6728,-2.9682],[106.6659,-2.9605],[106.6751,-2.9584],[106.6787,-2.9659]]],[[[106.9106,-2.9472],[106.8912,-3.0285],[106.8559,-3.039],[106.7093,-2.9672],[106.8077,-2.8867],[106.9106,-2.9472]]],[[[106.6916,-2.9592],[106.6964,-2.9602],[106.6962,-2.964],[106.6897,-2.9644],[106.6916,-2.9592]]],[[[106.7754,-2.8889],[106.7689,-2.8961],[106.7611,-2.896],[106.7599,-2.8861],[106.7754,-2.8889]]],[[[106.7211,-2.9018],[106.7195,-2.8891],[106.7365,-2.8671],[106.7477,-2.887],[106.7211,-2.9018]]],[[[107.0925,-2.8689],[107.0841,-2.912],[107.0205,-2.8814],[107.0553,-2.8191],[107.0925,-2.8689]]],[[[106.8311,-2.853],[106.8367,-2.8427],[106.8548,-2.8462],[106.8544,-2.8582],[106.8311,-2.853]]],[[[106.7888,-2.8419],[106.7873,-2.833],[106.8033,-2.8404],[106.7989,-2.8427],[106.7888,-2.8419]]],[[[106.618,-2.8334],[106.5942,-2.9465],[106.6943,-3.0029],[106.7399,-3.005],[106.7361,-3.0866],[106.5843,-3.0769],[106.5124,-3.1125],[106.4218,-2.97],[106.3362,-2.9669],[106.2882,-2.9075],[106.0936,-2.8372],[105.9499,-2.8191],[105.8874,-2.6443],[105.9345,-2.4805],[105.8016,-2.366],[105.827,-2.3178],[105.7595,-2.145],[105.5926,-2.1231],[105.5662,-2.0707],[105.4391,-2.1328],[105.3571,-2.12],[105.3008,-2.1543],[105.2429,-2.0723],[105.1318,-2.0852],[105.1254,-1.9594],[105.3165,-1.8654],[105.3902,-1.795],[105.3997,-1.75],[105.3273,-1.6988],[105.3625,-1.6804],[105.3438,-1.6516],[105.4599,-1.5649],[105.5999,-1.5275],[105.6413,-1.6431],[105.7191,-1.6485],[105.6551,-1.7454],[105.7026,-1.7828],[105.7758,-1.7678],[105.8088,-1.8136],[105.8289,-1.806],[105.7546,-1.7271],[105.7642,-1.6527],[105.7044,-1.5282],[105.9169,-1.5034],[105.9242,-1.5478],[106.0477,-1.601],[106.0307,-1.6849],[106.1258,-1.8011],[106.1124,-1.8469],[106.1843,-1.8932],[106.1507,-1.9805],[106.1578,-2.0904],[106.2372,-2.3279],[106.3007,-2.4221],[106.3784,-2.4744],[106.844,-2.5742],[106.7088,-2.6429],[106.618,-2.8334]]],[[[107.0861,-2.4173],[107.0744,-2.4209],[107.0668,-2.4153],[107.0783,-2.4071],[107.0861,-2.4173]]],[[[105.7867,-2.4046],[105.8022,-2.4052],[105.8019,-2.4159],[105.7879,-2.418],[105.7867,-2.4046]]],[[[106.2675,-2.1572],[106.2708,-2.15],[106.279,-2.1523],[106.2749,-2.1582],[106.2675,-2.1572]]],[[[105.8056,-1.8046],[105.809,-1.7945],[105.818,-1.8038],[105.8109,-1.8061],[105.8056,-1.8046]]],[[[107.5619,-3.2444],[107.5638,-3.2388],[107.5664,-3.238],[107.5686,-3.2446],[107.5619,-3.2444]]],[[[107.5227,-3.2542],[107.5168,-3.1962],[107.5242,-3.1909],[107.5518,-3.2024],[107.5227,-3.2542]]],[[[107.8479,-3.0981],[107.8627,-3.1067],[107.8555,-3.1268],[107.8465,-3.1132],[107.8396,-3.1087],[107.8479,-3.0981]]],[[[107.3828,-3.0472],[107.3859,-3.0466],[107.3864,-3.0571],[107.3841,-3.0576],[107.3828,-3.0472]]],[[[107.5602,-3.0548],[107.5553,-3.0469],[107.5576,-3.0391],[107.5612,-3.0478],[107.5602,-3.0548]]],[[[107.5041,-3.0377],[107.4932,-3.0522],[107.4874,-3.0461],[107.4912,-3.0271],[107.5041,-3.0377]]],[[[107.5469,-3.0399],[107.5408,-3.0323],[107.5412,-3.026],[107.5509,-3.0355],[107.5469,-3.0399]]],[[[107.5066,-3.0032],[107.5095,-3.0175],[107.5078,-3.0221],[107.4984,-2.9986],[107.5066,-3.0032]]],[[[107.5332,-2.9693],[107.5334,-2.9871],[107.5257,-3.0053],[107.5161,-2.972],[107.5332,-2.9693]]],[[[107.5086,-2.9966],[107.5029,-2.9964],[107.4998,-2.9713],[107.5046,-2.9742],[107.5086,-2.9966]]],[[[107.5137,-2.9667],[107.5178,-2.9615],[107.5294,-2.9668],[107.5189,-2.9705],[107.5137,-2.9667]]],[[[107.5296,-2.9623],[107.5304,-2.9594],[107.5369,-2.9619],[107.5361,-2.9648],[107.5296,-2.9623]]],[[[107.4368,-2.985],[107.4264,-2.9506],[107.4688,-2.9245],[107.4626,-2.9708],[107.4368,-2.985]]],[[[107.5268,-2.9518],[107.5156,-2.9441],[107.5172,-2.9324],[107.5302,-2.9457],[107.5268,-2.9518]]],[[[107.4885,-2.9233],[107.4851,-2.9409],[107.4807,-2.9403],[107.4794,-2.933],[107.4885,-2.9233]]],[[[107.4783,-2.8658],[107.4121,-2.946],[107.3389,-2.8822],[107.459,-2.821],[107.4783,-2.8658]]],[[[107.8366,-3.0708],[107.8275,-3.1675],[107.6062,-3.2377],[107.5866,-3.1996],[107.6293,-3.1429],[107.5612,-2.9982],[107.6151,-2.9132],[107.529,-2.9209],[107.5987,-2.8567],[107.5822,-2.7979],[107.6358,-2.7486],[107.6111,-2.7063],[107.6464,-2.6267],[107.6286,-2.5954],[107.6581,-2.5597],[107.8165,-2.5265],[107.8388,-2.5562],[107.9979,-2.5768],[108.0306,-2.653],[108.0433,-2.5987],[108.0901,-2.5992],[108.2701,-2.7509],[108.2984,-2.8484],[108.209,-3.01],[108.1796,-3.1194],[108.2063,-3.1462],[108.0791,-3.171],[108.0815,-3.2447],[107.9846,-3.2725],[107.9584,-3.16],[107.8867,-3.1181],[107.8609,-3.0586],[107.8366,-3.0708]]],[[[107.5032,-2.8434],[107.502,-2.8575],[107.4929,-2.8766],[107.484,-2.8641],[107.5032,-2.8434]]],[[[107.4812,-2.8379],[107.4804,-2.8232],[107.5034,-2.8221],[107.4863,-2.8437],[107.4812,-2.8379]]],[[[107.3808,-2.8236],[107.4178,-2.7919],[107.4353,-2.8165],[107.404,-2.8333],[107.3808,-2.8236]]],[[[107.8555,-2.5431],[107.8609,-2.5388],[107.8712,-2.5404],[107.864,-2.549],[107.8555,-2.5431]]],[[[108.4459,-3.3394],[108.4422,-3.3396],[108.442,-3.3297],[108.4459,-3.3308],[108.4459,-3.3394]]],[[[108.4114,-3.3028],[108.413,-3.3116],[108.4056,-3.3165],[108.4071,-3.3091],[108.4114,-3.3028]]],[[[108.3803,-3.2998],[108.3914,-3.2852],[108.3959,-3.2845],[108.3923,-3.2993],[108.3803,-3.2998]]],[[[108.3912,-3.2493],[108.3845,-3.2608],[108.3733,-3.2495],[108.3841,-3.2397],[108.3912,-3.2493]]],[[[108.1927,-3.2294],[108.187,-3.2256],[108.1999,-3.2186],[108.2006,-3.223],[108.1927,-3.2294]]],[[[108.2845,-3.2217],[108.2737,-3.2173],[108.2863,-3.2079],[108.2886,-3.2104],[108.2845,-3.2217]]],[[[108.1954,-3.2091],[108.1866,-3.2099],[108.2063,-3.1989],[108.2055,-3.2032],[108.1954,-3.2091]]],[[[108.2086,-3.172],[108.2045,-3.1771],[108.1967,-3.1735],[108.2059,-3.1699],[108.2086,-3.172]]],[[[108.1902,-3.1664],[108.1937,-3.1708],[108.1805,-3.1738],[108.1846,-3.1671],[108.1902,-3.1664]]],[[[107.9179,-3.1527],[107.9212,-3.1511],[107.921,-3.1594],[107.9179,-3.1527]]],[[[108.2116,-3.1501],[108.2124,-3.1434],[108.215,-3.1428],[108.2179,-3.1473],[108.2116,-3.1501]]],[[[108.3009,-3.0666],[108.2977,-3.0675],[108.2978,-3.0598],[108.3008,-3.0593],[108.3009,-3.0666]]],[[[108.2353,-3.0642],[108.2534,-3.0445],[108.2727,-3.056],[108.2457,-3.0774],[108.2353,-3.0642]]],[[[108.414,-2.6817],[108.4208,-2.6872],[108.4193,-2.6929],[108.4128,-2.6873],[108.414,-2.6817]]],[[[108.496,-2.6385],[108.4921,-2.6311],[108.4927,-2.6278],[108.499,-2.6341],[108.496,-2.6385]]],[[[108.7393,-2.5985],[108.7264,-2.5925],[108.7294,-2.5822],[108.7419,-2.5935],[108.7393,-2.5985]]],[[[108.566,-2.5652],[108.5715,-2.5757],[108.5694,-2.5808],[108.5611,-2.567],[108.566,-2.5652]]],[[[108.5346,-2.5014],[108.5455,-2.4934],[108.5484,-2.5077],[108.5407,-2.5135],[108.5346,-2.5014]]]]}},{"type":"Feature","properties":{"district":"Kepulauan Riau","constituency_code":"10","electorate_type":"Indonesia"},"geometry":{"type":"MultiPolygon","coordinates":[[[[109.164,2.593],[109.1622,2.5856],[109.1595,2.5828],[109.1556,2.5947],[109.164,2.593]]],[[[109.1408,2.5436],[109.145,2.5438],[109.1385,2.5353],[109.1362,2.5369],[109.1408,2.5436]]],[[[109.1166,2.5222],[109.0178,2.4814],[109.0297,2.5169],[108.9749,2.5436],[109.1166,2.5222]]],[[[109.0935,2.069],[109.0898,2.0805],[109.1085,2.0692],[109.1004,2.0596],[109.0935,2.069]]],[[[108.9931,2.4953],[108.9955,2.4906],[108.9898,2.489],[108.9879,2.4995],[108.9931,2.4953]]],[[[108.9518,2.5005],[108.9583,2.4968],[108.9519,2.4795],[108.9391,2.4944],[108.9518,2.5005]]],[[[108.9072,2.7505],[108.9289,2.7612],[108.8861,2.7272],[108.9035,2.7419],[108.9072,2.7505]]],[[[108.8776,2.9152],[108.8847,2.8799],[108.8422,2.8487],[108.7761,2.8774],[108.8643,3.0122],[108.8904,2.9978],[108.8776,2.9152]]],[[[108.8816,2.6984],[108.8759,2.7005],[108.8755,2.7043],[108.8807,2.7062],[108.8816,2.6984]]],[[[108.8375,3.0405],[108.8436,3.0523],[108.8688,3.0427],[108.8677,3.0171],[108.8375,3.0405]]],[[[108.7245,2.8994],[108.7199,2.9038],[108.7278,2.9135],[108.7278,2.9056],[108.7245,2.8994]]],[[[108.5707,2.6861],[108.582,2.7006],[108.5674,2.6546],[108.5643,2.6579],[108.5707,2.6861]]],[[[108.2463,4.1182],[108.4031,3.9668],[108.3899,3.8933],[108.3567,3.8992],[108.3565,3.8725],[108.4089,3.8827],[108.3868,3.7935],[108.3094,3.7312],[108.2971,3.6589],[108.1568,3.6301],[108.0899,3.6812],[108.1189,3.7451],[108.1886,3.7835],[108.2773,3.7118],[108.2663,3.7385],[108.2081,3.8018],[108.0624,3.8358],[107.9625,4.0044],[108.0741,4.0678],[108.208,4.2266],[108.2417,4.2193],[108.2463,4.1182]]],[[[108.2104,4.2684],[108.1993,4.2474],[108.1918,4.2437],[108.1991,4.2634],[108.2104,4.2684]]],[[[108.085,3.5983],[108.0663,3.589],[108.095,3.6353],[108.1252,3.6229],[108.1058,3.5875],[108.085,3.5983]]],[[[108.1134,3.7727],[108.1174,3.7669],[108.1115,3.7662],[108.1134,3.7727]]],[[[108.0843,3.6855],[108.0792,3.6843],[108.0774,3.691],[108.0875,3.6932],[108.0843,3.6855]]],[[[108.0871,3.5829],[108.0846,3.5741],[108.0797,3.5771],[108.0829,3.5831],[108.0871,3.5829]]],[[[108.0522,3.6499],[108.0733,3.6654],[108.0847,3.6389],[108.0493,3.6335],[108.0522,3.6499]]],[[[108.0449,3.5574],[108.0332,3.5756],[108.0447,3.5889],[108.0503,3.5855],[108.0449,3.5574]]],[[[108.0357,0.244],[108.0357,0.2466],[108.0446,0.249],[108.0413,0.2403],[108.0357,0.244]]],[[[108.0378,3.6018],[108.0384,3.6062],[108.0417,3.6088],[108.0429,3.5996],[108.0378,3.6018]]],[[[108.02,3.7782],[108.0115,3.7811],[108.0044,3.8166],[108.0409,3.7678],[108.02,3.7782]]],[[[108.0104,4.7817],[108.011,4.7941],[108.0219,4.7956],[108.0188,4.7888],[108.0104,4.7817]]],[[[107.9275,4.6826],[107.9922,4.7694],[108.0074,4.7752],[107.9768,4.6801],[107.9275,4.6826]]],[[[107.9132,3.908],[107.9201,3.8933],[107.9036,3.8832],[107.8949,3.9117],[107.9132,3.908]]],[[[107.8525,4.1406],[107.8688,4.1559],[107.8403,4.1137],[107.8463,4.1393],[107.8525,4.1406]]],[[[107.7536,2.979],[107.7491,3.0071],[107.7853,3.0197],[107.8133,2.9805],[107.7536,2.979]]],[[[107.7756,3.1524],[107.7783,3.1599],[107.7914,3.1571],[107.7874,3.1483],[107.7756,3.1524]]],[[[107.7668,3.0818],[107.782,3.0857],[107.7858,3.0802],[107.7794,3.0688],[107.7668,3.0818]]],[[[107.7545,3.0663],[107.7437,3.0589],[107.7297,3.0597],[107.7292,3.0671],[107.7545,3.0663]]],[[[107.7449,3.078],[107.7505,3.0781],[107.7545,3.0748],[107.7467,3.0709],[107.7449,3.078]]],[[[107.754,3.1312],[107.75,3.1297],[107.7458,3.1336],[107.7536,3.135],[107.754,3.1312]]],[[[107.7301,3.1197],[107.7387,3.1227],[107.7272,3.1129],[107.7301,3.1197]]],[[[107.732,4.5201],[107.7317,4.5118],[107.7236,4.5135],[107.7232,4.5201],[107.732,4.5201]]],[[[107.715,3.1504],[107.7057,3.1411],[107.6978,3.1466],[107.7023,3.1582],[107.715,3.1504]]],[[[107.6995,3.1081],[107.7068,3.1008],[107.6993,3.0938],[107.6954,3.0947],[107.6995,3.1081]]],[[[107.6884,3.1259],[107.6952,3.1338],[107.6988,3.118],[107.6905,3.1207],[107.6884,3.1259]]],[[[107.5696,0.9619],[107.5533,0.9476],[107.5751,0.9919],[107.5455,0.9724],[107.5328,1.0262],[107.6022,0.9972],[107.5696,0.9619]]],[[[107.5435,0.8957],[107.5484,0.8845],[107.5431,0.8678],[107.5387,0.8815],[107.5435,0.8957]]],[[[107.5018,1.0498],[107.5131,1.0462],[107.52,1.0471],[107.5038,1.0361],[107.5018,1.0498]]],[[[107.5015,0.9301],[107.4961,0.9433],[107.5067,0.9498],[107.5092,0.9408],[107.5015,0.9301]]],[[[107.4867,1.0561],[107.4935,1.0538],[107.4945,1.0462],[107.4841,1.0528],[107.4867,1.0561]]],[[[107.4873,0.9583],[107.4912,0.9643],[107.4938,0.9628],[107.489,0.9537],[107.4873,0.9583]]],[[[107.4798,0.9465],[107.4762,0.955],[107.4818,0.9603],[107.4866,0.9537],[107.4798,0.9465]]],[[[107.448,0.9281],[107.4296,0.952],[107.4317,0.9749],[107.4711,0.9685],[107.448,0.9281]]],[[[107.4383,1.0871],[107.4354,1.0849],[107.4304,1.0861],[107.4345,1.0931],[107.4383,1.0871]]],[[[107.4217,0.9637],[107.4225,0.9554],[107.4122,0.9548],[107.4144,0.9669],[107.4217,0.9637]]],[[[107.4176,0.9884],[107.4095,0.9776],[107.4005,0.9868],[107.4136,0.9911],[107.4176,0.9884]]],[[[107.4131,1.0933],[107.3917,1.088],[107.3887,1.089],[107.4025,1.1079],[107.4131,1.0933]]],[[[107.3938,0.9956],[107.3878,0.9908],[107.3924,1.0111],[107.3938,0.9956]]],[[[107.3809,1.0113],[107.3837,1.0062],[107.3781,1.0053],[107.3809,1.0113]]],[[[107.3665,1.006],[107.3601,1.0132],[107.3622,1.0223],[107.3721,1.0218],[107.3665,1.006]]],[[[107.2208,0.1279],[107.2471,0.1397],[107.2319,0.1001],[107.2092,0.1157],[107.2208,0.1279]]],[[[107.1265,0.5819],[107.1271,0.5856],[107.1358,0.5856],[107.1346,0.5795],[107.1265,0.5819]]],[[[107.0891,0.6007],[107.0931,0.6065],[107.097,0.6028],[107.0925,0.5978],[107.0891,0.6007]]],[[[107.0148,0.6226],[107.0107,0.6266],[107.0153,0.6489],[107.0233,0.6341],[107.0148,0.6226]]],[[[106.974,0.6083],[106.9806,0.6094],[106.9851,0.6056],[106.9787,0.6001],[106.974,0.6083]]],[[[106.8883,1.1875],[106.8904,1.1939],[106.8947,1.1904],[106.8915,1.1868],[106.8883,1.1875]]],[[[106.4927,3.2038],[106.4956,3.1884],[106.4788,3.1911],[106.4794,3.2057],[106.4927,3.2038]]],[[[106.4569,3.3807],[106.4508,3.3701],[106.4462,3.3788],[106.4569,3.3807]]],[[[106.4535,3.2411],[106.4517,3.2334],[106.456,3.2257],[106.4386,3.2394],[106.4535,3.2411]]],[[[106.4326,3.1743],[106.4325,3.1886],[106.4439,3.193],[106.4451,3.1786],[106.4326,3.1743]]],[[[106.4372,3.3929],[106.4428,3.3788],[106.4277,3.3757],[106.4351,3.3804],[106.4372,3.3929]]],[[[106.4202,3.1458],[106.437,3.136],[106.4029,3.1352],[106.4108,3.1497],[106.4202,3.1458]]],[[[106.4062,3.2784],[106.4113,3.2856],[106.4151,3.2968],[106.4182,3.2789],[106.4062,3.2784]]],[[[106.407,3.2966],[106.3964,3.2917],[106.3934,3.3066],[106.4125,3.3048],[106.407,3.2966]]],[[[106.4064,3.0139],[106.3931,3.0294],[106.399,3.0378],[106.4109,3.037],[106.4064,3.0139]]],[[[106.4073,3.1595],[106.4088,3.1529],[106.4013,3.1463],[106.3969,3.1507],[106.4073,3.1595]]],[[[106.3993,3.1064],[106.3964,3.1126],[106.402,3.1166],[106.3993,3.1064]]],[[[106.3871,3.151],[106.3952,3.1543],[106.391,3.1351],[106.3797,3.1406],[106.3871,3.151]]],[[[106.3897,3.0391],[106.3895,3.0439],[106.3926,3.0463],[106.3947,3.0378],[106.3897,3.0391]]],[[[106.3794,3.0396],[106.387,3.0341],[106.3838,3.0243],[106.38,3.0296],[106.3794,3.0396]]],[[[106.3682,3.1879],[106.3694,3.1767],[106.3655,3.1719],[106.3624,3.1835],[106.3682,3.1879]]],[[[106.3557,3.0917],[106.355,3.0594],[106.3441,3.0509],[106.3423,3.0729],[106.3557,3.0917]]],[[[106.3201,3.3305],[106.3314,3.4066],[106.3445,3.4168],[106.3374,3.3498],[106.3201,3.3305]]],[[[106.3263,3.1136],[106.3064,3.0873],[106.2847,3.1214],[106.3156,3.1685],[106.3118,3.1346],[106.3418,3.146],[106.3263,3.1136]]],[[[106.335,3.0906],[106.3347,3.0832],[106.3296,3.0822],[106.3316,3.094],[106.335,3.0906]]],[[[106.3146,3.3554],[106.3133,3.3615],[106.3152,3.3654],[106.3193,3.3577],[106.3146,3.3554]]],[[[106.3024,3.1803],[106.3099,3.1726],[106.3011,3.1653],[106.2998,3.1746],[106.3024,3.1803]]],[[[106.3075,3.3155],[106.3096,3.3145],[106.3062,3.3044],[106.3036,3.3187],[106.3075,3.3155]]],[[[106.3082,3.2289],[106.3054,3.225],[106.2958,3.218],[106.2927,3.2282],[106.3082,3.2289]]],[[[106.2955,3.2754],[106.2848,3.2503],[106.2623,3.293],[106.2834,3.2265],[106.227,3.2598],[106.2804,3.3842],[106.308,3.3665],[106.2919,3.3451],[106.2955,3.2754]]],[[[106.3072,3.248],[106.3075,3.2406],[106.3029,3.2418],[106.3072,3.248]]],[[[106.3036,3.2728],[106.301,3.2787],[106.3057,3.2804],[106.3071,3.271],[106.3036,3.2728]]],[[[106.305,3.3546],[106.3062,3.3472],[106.3037,3.3409],[106.3012,3.3542],[106.305,3.3546]]],[[[106.2953,3.1992],[106.3052,3.1993],[106.2954,3.1835],[106.291,3.1897],[106.2953,3.1992]]],[[[106.2969,3.2526],[106.2984,3.2595],[106.298,3.2684],[106.3051,3.2603],[106.2979,3.2371],[106.2969,3.2526]]],[[[106.281,3.4015],[106.2892,3.3911],[106.2867,3.3863],[106.2687,3.3953],[106.281,3.4015]]],[[[106.2734,2.614],[106.2813,2.6165],[106.2738,2.6085],[106.2734,2.614]]],[[[106.2798,3.174],[106.2759,3.0769],[106.2498,3.1196],[106.2378,3.0964],[106.2103,3.1217],[106.1966,3.2319],[106.2483,3.2231],[106.2798,3.174]]],[[[106.2629,2.7154],[106.2528,2.7132],[106.2525,2.7208],[106.2663,2.7253],[106.2629,2.7154]]],[[[106.2451,2.9981],[106.2388,2.9945],[106.2508,3.0031],[106.2491,2.9984],[106.2451,2.9981]]],[[[106.244,2.7515],[106.2432,2.7247],[106.2018,2.757],[106.2225,2.7667],[106.1952,2.8097],[106.244,2.7515]]],[[[106.2355,3.3368],[106.2158,3.2991],[106.2023,3.3239],[106.1899,3.2999],[106.1748,3.3174],[106.2239,3.3945],[106.2355,3.3368]]],[[[106.1921,3.2952],[106.1935,3.3002],[106.2004,3.3071],[106.1996,3.2882],[106.1921,3.2952]]],[[[106.1817,2.9573],[106.1924,2.95],[106.188,2.9421],[106.1747,2.9515],[106.1817,2.9573]]],[[[106.1916,2.7516],[106.1848,2.7398],[106.169,2.7611],[106.185,2.7574],[106.1916,2.7516]]],[[[106.163,2.954],[106.1547,2.9598],[106.1647,2.9717],[106.169,2.9599],[106.163,2.954]]],[[[106.1519,3.4027],[106.1517,3.3957],[106.1454,3.3943],[106.1462,3.4033],[106.1519,3.4027]]],[[[106.1369,2.979],[106.1366,2.9956],[106.1452,3.0051],[106.1491,2.9947],[106.1369,2.979]]],[[[106.1334,2.9373],[106.1451,2.93],[106.149,2.9192],[106.114,2.9251],[106.1334,2.9373]]],[[[106.1142,3.1408],[106.1225,3.1309],[106.1256,3.1186],[106.1133,3.1177],[106.1142,3.1408]]],[[[106.1087,3.1097],[106.1118,3.115],[106.1146,3.1151],[106.1163,3.1114],[106.1087,3.1097]]],[[[106.107,3.1347],[106.1025,3.1383],[106.1101,3.1441],[106.112,3.1409],[106.107,3.1347]]],[[[106.0876,3.1576],[106.0986,3.135],[106.0883,3.1229],[106.0767,3.1507],[106.0876,3.1576]]],[[[106.0425,3.3335],[106.0491,3.3369],[106.0515,3.3282],[106.046,3.3298],[106.0425,3.3335]]],[[[106.0397,2.5155],[106.0489,2.5251],[106.0506,2.5151],[106.0397,2.5155]]],[[[106.0134,2.7875],[106.0171,2.7904],[106.0209,2.7836],[106.0183,2.7817],[106.0134,2.7875]]],[[[105.9652,3.0409],[105.9667,3.0694],[105.9838,3.0867],[105.9793,3.018],[105.9652,3.0409]]],[[[105.9674,3.0814],[105.9631,3.0839],[105.9702,3.0921],[105.9733,3.0868],[105.9674,3.0814]]],[[[105.9607,3.1011],[105.9634,3.0945],[105.9476,3.0974],[105.9507,3.1008],[105.9607,3.1011]]],[[[105.9501,3.0361],[105.9558,3.0319],[105.9513,3.0258],[105.946,3.0283],[105.9501,3.0361]]],[[[105.9493,3.0812],[105.9542,3.091],[105.9552,3.0709],[105.9477,3.0735],[105.9493,3.0812]]],[[[105.8861,2.359],[105.8792,2.3559],[105.8777,2.3613],[105.8829,2.364],[105.8861,2.359]]],[[[105.7364,3.0088],[105.7511,2.9681],[105.8504,2.9863],[105.8446,2.9581],[105.8187,2.9666],[105.8273,2.9103],[105.7948,2.9084],[105.8162,2.888],[105.7869,2.9024],[105.7691,2.8735],[105.7315,2.8798],[105.7695,2.8411],[105.7327,2.8149],[105.6928,2.8544],[105.7153,2.9584],[105.6753,3.0084],[105.6958,3.0631],[105.7364,3.0088]]],[[[105.8021,3.0071],[105.8059,3.008],[105.8142,3.0017],[105.8052,2.9988],[105.8021,3.0071]]],[[[105.7899,2.8855],[105.7917,2.8841],[105.7898,2.8764],[105.7848,2.8797],[105.7899,2.8855]]],[[[105.7017,3.085],[105.6976,3.1003],[105.7354,3.0848],[105.712,3.074],[105.7017,3.085]]],[[[105.6913,2.9691],[105.6921,2.9773],[105.7079,2.9633],[105.7049,2.9586],[105.6913,2.9691]]],[[[105.6873,2.9096],[105.6782,2.919],[105.6814,2.9241],[105.6948,2.9182],[105.6873,2.9096]]],[[[105.6792,3.1042],[105.6735,3.1173],[105.6913,3.1133],[105.6893,3.1038],[105.6792,3.1042]]],[[[105.6716,3.0992],[105.6435,3.0931],[105.6413,3.1142],[105.6542,3.118],[105.6716,3.0992]]],[[[105.6439,-0.966],[105.644,-0.9752],[105.6402,-0.9733],[105.6439,-0.966]]],[[[105.593,3.0813],[105.5841,3.091],[105.609,3.0809],[105.6055,3.0786],[105.593,3.0813]]],[[[105.3123,-1.1706],[105.3004,-1.1694],[105.2772,-1.1475],[105.292,-1.1503],[105.3123,-1.1706]]],[[[105.2666,-1.2042],[105.2715,-1.2119],[105.2715,-1.2163],[105.2644,-1.2134],[105.2666,-1.2042]]],[[[104.6604,-0.0829],[104.6244,-0.0801],[104.6601,-0.1117],[104.6834,-0.0853],[104.7862,-0.2049],[104.8239,-0.1948],[104.8259,-0.1333],[104.8918,-0.2256],[105.0003,-0.3013],[104.9276,-0.2765],[104.9016,-0.2881],[104.9163,-0.3367],[104.8495,-0.3224],[104.703,-0.2046],[104.5176,-0.2752],[104.4984,-0.2419],[104.4289,-0.2367],[104.4265,-0.1842],[104.5052,-0.1302],[104.4997,-0.0013],[104.5305,-0.0125],[104.5556,0.0001],[104.5519,0.0288],[104.6604,-0.0829]]],[[[104.9334,-0.7826],[104.9252,-0.7779],[104.9302,-0.7733],[104.934,-0.7733],[104.9334,-0.7826]]],[[[104.9252,0.9317],[104.928,0.9275],[104.92,0.9366],[104.9268,0.9367],[104.9252,0.9317]]],[[[104.9162,-0.1355],[104.9161,-0.1244],[104.9249,-0.1322],[104.9162,-0.1355]]],[[[104.8337,-0.0422],[104.8428,-0.0361],[104.8758,-0.0751],[104.8472,-0.0627],[104.8432,-0.054],[104.8375,-0.0532],[104.8337,-0.0422]]],[[[104.8459,0.9716],[104.8154,0.9618],[104.7829,1.0232],[104.8467,1.0144],[104.8459,0.9716]]],[[[104.8435,-0.071],[104.8361,-0.0661],[104.8299,-0.0526],[104.8435,-0.0565],[104.8435,-0.071]]],[[[104.7611,0.0422],[104.7688,0.0629],[104.7844,0.0315],[104.7348,0.0424],[104.7611,0.0422]]],[[[104.7297,-0.1031],[104.7458,-0.1155],[104.7649,-0.1483],[104.7458,-0.1401],[104.7297,-0.1031]]],[[[104.7166,0.7452],[104.7575,0.7479],[104.7608,0.7322],[104.7345,0.7174],[104.7166,0.7452]]],[[[104.7345,0.9311],[104.7402,0.9428],[104.7558,0.9201],[104.7493,0.9224],[104.7345,0.9311]]],[[[104.6868,0.7745],[104.737,0.7912],[104.753,0.7542],[104.7368,0.753],[104.6868,0.7745]]],[[[104.7447,0.086],[104.7481,0.089],[104.75,0.0759],[104.7402,0.0759],[104.7447,0.086]]],[[[104.7468,0.8026],[104.7485,0.798],[104.7387,0.7952],[104.7429,0.8006],[104.7468,0.8026]]],[[[104.7105,-0.0599],[104.7136,-0.0676],[104.7282,-0.0863],[104.6946,-0.0513],[104.7105,-0.0599]]],[[[104.7129,0.7528],[104.697,0.7373],[104.6893,0.7601],[104.7082,0.7619],[104.7129,0.7528]]],[[[104.6499,0.0944],[104.7096,0.0383],[104.6978,0.0165],[104.5537,0.1265],[104.5506,0.1582],[104.4771,0.2404],[104.5211,0.2165],[104.5167,0.247],[104.6499,0.0944]]],[[[104.6717,0.8523],[104.6607,0.8639],[104.6908,0.8926],[104.6954,0.849],[104.6717,0.8523]]],[[[104.6641,-0.0158],[104.6702,-0.0209],[104.6687,-0.0273],[104.6596,-0.0181],[104.6641,-0.0158]]],[[[104.6325,0.8219],[104.6326,0.8462],[104.6472,0.8682],[104.6648,0.8258],[104.6325,0.8219]]],[[[104.6207,0.8875],[104.6552,0.8949],[104.6616,0.8804],[104.6289,0.8549],[104.6207,0.8875]]],[[[104.4756,0.8502],[104.4909,0.8759],[104.4384,0.9246],[104.4817,0.9281],[104.4117,0.9652],[104.4663,0.9817],[104.4434,1.0056],[104.4812,1.0142],[104.4888,1.0333],[104.4152,1.0556],[104.3812,1.0124],[104.3221,1.0419],[104.3308,0.9948],[104.2623,1.0],[104.2261,1.022],[104.2161,1.0853],[104.2406,1.1197],[104.3303,1.14],[104.3152,1.1796],[104.4047,1.2011],[104.4995,1.1688],[104.5856,1.2264],[104.5772,1.156],[104.6573,1.0456],[104.6345,0.9849],[104.6597,0.9199],[104.62,0.9008],[104.593,0.8099],[104.4756,0.8502]]],[[[104.6288,0.7459],[104.6594,0.753],[104.6247,0.7135],[104.6123,0.7298],[104.6288,0.7459]]],[[[104.6445,0.8093],[104.6458,0.8024],[104.6352,0.8011],[104.6381,0.8052],[104.6445,0.8093]]],[[[104.5779,0.7672],[104.59,0.7763],[104.5868,0.792],[104.6365,0.7845],[104.5779,0.7672]]],[[[104.6191,0.8372],[104.6272,0.8278],[104.609,0.8154],[104.6169,0.835],[104.6191,0.8372]]],[[[104.6157,0.7925],[104.6221,0.7982],[104.6262,0.7936],[104.6223,0.7898],[104.6157,0.7925]]],[[[104.6212,0.8457],[104.6252,0.8412],[104.6156,0.8379],[104.6125,0.8418],[104.6212,0.8457]]],[[[104.6152,0.8516],[104.6227,0.8603],[104.6237,0.8494],[104.6152,0.8516]]],[[[104.619,0.7174],[104.6181,0.6971],[104.6034,0.7005],[104.602,0.7079],[104.619,0.7174]]],[[[104.6065,0.7961],[104.6115,0.801],[104.616,0.7983],[104.6144,0.7947],[104.6065,0.7961]]],[[[104.5624,-0.4199],[104.5957,-0.4786],[104.5313,-0.5466],[104.5044,-0.6437],[104.4342,-0.5816],[104.3576,-0.6816],[104.3253,-0.5315],[104.2505,-0.4896],[104.2782,-0.3965],[104.3264,-0.3491],[104.3137,-0.4171],[104.3427,-0.4441],[104.3405,-0.3944],[104.3984,-0.4086],[104.432,-0.3809],[104.4398,-0.3402],[104.4782,-0.3356],[104.5624,-0.4199]]],[[[104.511,0.7484],[104.5082,0.7716],[104.5442,0.7966],[104.5854,0.7863],[104.511,0.7484]]],[[[104.5767,0.7933],[104.5784,0.7976],[104.5838,0.7954],[104.5835,0.7908],[104.5767,0.7933]]],[[[104.5662,0.3425],[104.5553,0.3349],[104.5511,0.3458],[104.5576,0.3489],[104.5662,0.3425]]],[[[104.5582,0.8033],[104.5661,0.8008],[104.5552,0.7955],[104.5525,0.7977],[104.5582,0.8033]]],[[[104.5373,0.3651],[104.5264,0.3736],[104.5141,0.4335],[104.5614,0.4131],[104.5285,0.4046],[104.5373,0.3651]]],[[[104.5339,0.0963],[104.5409,0.1028],[104.5593,0.0729],[104.5432,0.0904],[104.5339,0.0963]]],[[[104.5135,0.0127],[104.5348,0.0196],[104.5456,0.007],[104.5233,-0.0009],[104.5135,0.0127]]],[[[104.5357,0.0372],[104.5215,0.05],[104.527,0.0547],[104.5447,0.0333],[104.5357,0.0372]]],[[[104.5175,0.0326],[104.5223,0.0329],[104.5264,0.0285],[104.5178,0.0285],[104.5175,0.0326]]],[[[104.5252,0.0564],[104.514,0.0562],[104.508,0.0696],[104.5211,0.0629],[104.5252,0.0564]]],[[[104.5232,0.0365],[104.515,0.0316],[104.5125,0.0392],[104.5187,0.0423],[104.5232,0.0365]]],[[[104.4923,0.1487],[104.5096,0.1357],[104.5091,0.1307],[104.5201,0.1211],[104.5159,0.1082],[104.4923,0.1487]]],[[[104.5172,0.2307],[104.5127,0.2305],[104.5142,0.2382],[104.5172,0.2307]]],[[[104.5107,0.1351],[104.5168,0.1307],[104.5098,0.1309],[104.5107,0.1351]]],[[[104.491,0.0364],[104.497,0.0441],[104.5132,0.0513],[104.4979,0.0261],[104.491,0.0364]]],[[[104.5119,-0.0019],[104.502,-0.0004],[104.5049,0.007],[104.5121,0.0012],[104.5119,-0.0019]]],[[[104.4973,0.2586],[104.4911,0.2672],[104.5118,0.2512],[104.5083,0.248],[104.4973,0.2586]]],[[[104.5076,0.0505],[104.4983,0.0491],[104.4942,0.0623],[104.5033,0.0606],[104.5076,0.0505]]],[[[104.5041,0.2021],[104.4886,0.2054],[104.4757,0.2234],[104.4843,0.2235],[104.5041,0.2021]]],[[[104.4951,0.1265],[104.5026,0.1202],[104.5007,0.1169],[104.4946,0.1237],[104.4951,0.1265]]],[[[104.4815,0.0898],[104.488,0.0921],[104.5023,0.0744],[104.4877,0.0793],[104.4815,0.0898]]],[[[104.5001,0.1658],[104.5003,0.1588],[104.4943,0.1592],[104.4916,0.1676],[104.5001,0.1658]]],[[[104.4905,0.126],[104.4931,0.1241],[104.4969,0.1166],[104.4898,0.1181],[104.4905,0.126]]],[[[104.4859,0.1786],[104.4968,0.1691],[104.4954,0.1672],[104.4887,0.1692],[104.4859,0.1786]]],[[[104.4771,0.0763],[104.4951,0.0152],[104.378,0.1238],[104.3932,0.1128],[104.428,0.1013],[104.4031,0.1628],[104.4771,0.0763]]],[[[104.4902,0.3484],[104.4627,0.348],[104.4576,0.3541],[104.4682,0.3642],[104.4902,0.3484]]],[[[104.4471,0.8694],[104.4202,0.8773],[104.4852,0.8705],[104.4606,0.8588],[104.4471,0.8694]]],[[[104.4656,0.1728],[104.4711,0.1794],[104.4851,0.1729],[104.4765,0.1647],[104.4656,0.1728]]],[[[104.4841,0.3657],[104.4797,0.3654],[104.4629,0.3803],[104.4718,0.3824],[104.4841,0.3657]]],[[[104.4778,0.1851],[104.4834,0.1828],[104.4836,0.1796],[104.477,0.1788],[104.4778,0.1851]]],[[[104.4826,-0.6985],[104.4834,-0.709],[104.479,-0.7103],[104.4777,-0.6965],[104.4826,-0.6985]]],[[[104.4796,0.1424],[104.483,0.1371],[104.4809,0.1315],[104.476,0.1343],[104.4796,0.1424]]],[[[104.4243,-0.3223],[104.3912,-0.2902],[104.483,-0.2828],[104.4822,-0.3189],[104.4243,-0.3223]]],[[[104.4798,0.1619],[104.4654,0.1603],[104.4657,0.1668],[104.4729,0.1672],[104.4798,0.1619]]],[[[104.4787,0.1066],[104.4656,0.1053],[104.448,0.1386],[104.4557,0.1366],[104.4787,0.1066]]],[[[104.4663,-0.6831],[104.4715,-0.6911],[104.4645,-0.6953],[104.4617,-0.6834],[104.4663,-0.6831]]],[[[104.4578,0.2442],[104.4594,0.2395],[104.4712,0.2277],[104.4383,0.2486],[104.4578,0.2442]]],[[[104.4681,-0.3285],[104.4639,-0.3272],[104.465,-0.3214],[104.4688,-0.323],[104.4681,-0.3285]]],[[[104.4529,0.1621],[104.457,0.1597],[104.4585,0.1531],[104.4519,0.1573],[104.4529,0.1621]]],[[[104.4562,0.3939],[104.443,0.3904],[104.4359,0.4004],[104.4471,0.4025],[104.4562,0.3939]]],[[[104.4557,-0.1531],[104.4558,-0.156],[104.4488,-0.1591],[104.4499,-0.1524],[104.4557,-0.1531]]],[[[104.4437,0.4759],[104.4536,0.4776],[104.4553,0.4677],[104.4437,0.4759]]],[[[104.4509,0.1709],[104.4531,0.1681],[104.4484,0.1647],[104.4463,0.1698],[104.4509,0.1709]]],[[[104.4503,0.1837],[104.4466,0.1796],[104.4418,0.1869],[104.4471,0.1878],[104.4503,0.1837]]],[[[104.4437,1.0136],[104.4476,1.0168],[104.4493,1.0075],[104.4426,1.0085],[104.4437,1.0136]]],[[[104.4402,0.308],[104.4438,0.3061],[104.449,0.2993],[104.4353,0.3061],[104.4402,0.308]]],[[[104.4238,0.1576],[104.4287,0.1602],[104.4431,0.1464],[104.4371,0.1452],[104.4238,0.1576]]],[[[104.442,1.008],[104.437,1.0094],[104.4382,1.0149],[104.4406,1.0147],[104.442,1.008]]],[[[104.4168,0.3828],[104.4312,0.3836],[104.4352,0.376],[104.4093,0.3782],[104.4168,0.3828]]],[[[104.4237,0.3693],[104.4332,0.3683],[104.4346,0.3654],[104.4268,0.363],[104.4237,0.3693]]],[[[104.428,-0.3503],[104.4332,-0.3536],[104.4268,-0.3594],[104.4257,-0.3533],[104.428,-0.3503]]],[[[104.4237,0.2783],[104.4187,0.2853],[104.4283,0.2934],[104.4308,0.2817],[104.4237,0.2783]]],[[[104.4174,0.4607],[104.4013,0.4626],[104.3981,0.4713],[104.4251,0.4651],[104.4174,0.4607]]],[[[104.4249,0.3091],[104.3934,0.2884],[104.3512,0.3167],[104.3284,0.3757],[104.4249,0.3091]]],[[[104.4105,0.93],[104.4192,0.9318],[104.4245,0.925],[104.4198,0.9246],[104.4105,0.93]]],[[[104.4188,0.2892],[104.4156,0.2865],[104.4111,0.2899],[104.4216,0.2959],[104.4188,0.2892]]],[[[104.391,0.4394],[104.3951,0.4482],[104.4197,0.4504],[104.4147,0.4432],[104.391,0.4394]]],[[[104.4196,0.1667],[104.4191,0.1642],[104.4108,0.1738],[104.4131,0.1749],[104.4196,0.1667]]],[[[104.4109,0.51],[104.4169,0.5055],[104.4159,0.4996],[104.409,0.5054],[104.4109,0.51]]],[[[104.4101,0.2182],[104.4157,0.2137],[104.4103,0.2106],[104.4064,0.2139],[104.4101,0.2182]]],[[[104.4097,-0.8569],[104.408,-0.8626],[104.4047,-0.8622],[104.403,-0.856],[104.4097,-0.8569]]],[[[104.4039,0.9602],[104.4097,0.9596],[104.4043,0.9547],[104.4039,0.9602]]],[[[104.4091,0.4541],[104.4026,0.4495],[104.3962,0.4518],[104.4019,0.4573],[104.4091,0.4541]]],[[[104.4014,0.2892],[104.4045,0.2926],[104.408,0.2858],[104.4014,0.2892]]],[[[104.3738,0.9902],[104.3648,0.9925],[104.393,1.0155],[104.3972,0.9972],[104.3738,0.9902]]],[[[104.3937,0.114],[104.3779,0.143],[104.3812,0.1461],[104.3946,0.1298],[104.3937,0.114]]],[[[104.3854,0.484],[104.3819,0.4781],[104.3733,0.4811],[104.391,0.4901],[104.3854,0.484]]],[[[104.3768,0.4458],[104.3838,0.4548],[104.3907,0.4521],[104.3834,0.4359],[104.3768,0.4458]]],[[[104.3559,0.2787],[104.3307,0.3032],[104.3271,0.3282],[104.3869,0.2821],[104.3559,0.2787]]],[[[104.3831,0.1643],[104.3807,0.1689],[104.3867,0.1692],[104.3831,0.1643]]],[[[104.362,0.1554],[104.3453,0.1835],[104.346,0.1866],[104.38,0.1322],[104.362,0.1554]]],[[[104.3783,0.2684],[104.3772,0.26],[104.3725,0.2554],[104.3723,0.2674],[104.3783,0.2684]]],[[[104.3648,0.1795],[104.3634,0.1877],[104.3697,0.1846],[104.3648,0.1795]]],[[[104.3657,0.8291],[104.353,0.8171],[104.3533,0.8454],[104.3619,0.8486],[104.3657,0.8291]]],[[[104.3649,0.269],[104.3614,0.2613],[104.3512,0.2725],[104.3542,0.2745],[104.3649,0.269]]],[[[104.3468,0.2762],[104.359,0.2628],[104.3586,0.2561],[104.327,0.2824],[104.3428,0.2753],[104.3468,0.2762]]],[[[104.3069,0.763],[104.357,0.7482],[104.3566,0.7404],[104.2988,0.7564],[104.3069,0.763]]],[[[104.3315,0.297],[104.3458,0.2884],[104.3429,0.2768],[104.3296,0.2868],[104.3315,0.297]]],[[[104.3372,0.1833],[104.337,0.1894],[104.3311,0.2031],[104.3368,0.1991],[104.3426,0.1763],[104.3372,0.1833]]],[[[104.3408,0.6753],[104.3408,0.6704],[104.3306,0.6753],[104.3345,0.6778],[104.3408,0.6753]]],[[[104.3016,0.1274],[104.2938,0.1432],[104.3001,0.1568],[104.2925,0.1763],[104.3357,0.1062],[104.3016,0.1274]]],[[[104.3355,0.6872],[104.3284,0.681],[104.3092,0.6973],[104.3211,0.6989],[104.3355,0.6872]]],[[[104.3279,0.3026],[104.3233,0.2987],[104.3211,0.3034],[104.3236,0.3062],[104.3279,0.3026]]],[[[104.3153,0.3864],[104.3254,0.3843],[104.3259,0.3695],[104.3083,0.3804],[104.3153,0.3864]]],[[[104.3184,0.6849],[104.3258,0.6677],[104.3121,0.6623],[104.3088,0.6751],[104.3184,0.6849]]],[[[104.3118,0.3456],[104.3241,0.3247],[104.3059,0.3082],[104.3017,0.346],[104.3118,0.3456]]],[[[104.2795,0.7314],[104.305,0.7085],[104.2447,0.6963],[104.1701,0.7794],[104.2763,0.7971],[104.2795,0.7314]]],[[[104.2958,0.6784],[104.2871,0.6713],[104.2707,0.6834],[104.2948,0.6911],[104.2958,0.6784]]],[[[104.2884,0.5224],[104.2895,0.5078],[104.2957,0.4779],[104.2818,0.5179],[104.2884,0.5224]]],[[[104.2788,0.17],[104.293,0.1592],[104.2942,0.1509],[104.2761,0.162],[104.2788,0.17]]],[[[104.2853,0.6485],[104.2847,0.6141],[104.2101,0.715],[104.252,0.6821],[104.2603,0.6884],[104.2853,0.6485]]],[[[104.2732,0.4917],[104.2703,0.4891],[104.2578,0.4981],[104.2626,0.5039],[104.2732,0.4917]]],[[[104.2699,-0.3441],[104.271,-0.3582],[104.2587,-0.3621],[104.2598,-0.3507],[104.2699,-0.3441]]],[[[104.1568,0.9094],[104.1674,0.867],[104.2643,0.8557],[104.181,0.7828],[104.1476,0.8527],[104.0926,0.8754],[104.0848,0.9569],[104.0895,0.9529],[104.1198,0.9605],[104.1568,0.9094]]],[[[104.2573,0.1729],[104.2507,0.1743],[104.2548,0.183],[104.2579,0.182],[104.2573,0.1729]]],[[[104.2576,0.9736],[104.2312,0.9827],[104.2373,0.9941],[104.2562,0.9932],[104.2576,0.9736]]],[[[104.2325,0.5567],[104.2361,0.5621],[104.2407,0.5564],[104.2325,0.5567]]],[[[104.2405,0.5326],[104.2243,0.5328],[104.221,0.5568],[104.2344,0.5534],[104.2405,0.5326]]],[[[104.2123,0.1787],[104.2137,0.1915],[104.2366,0.1993],[104.2307,0.156],[104.2123,0.1787]]],[[[104.2238,-0.3445],[104.2241,-0.3348],[104.2324,-0.3275],[104.2351,-0.3541],[104.2238,-0.3445]]],[[[104.2288,0.1325],[104.227,0.1371],[104.2349,0.1351],[104.2288,0.1325]]],[[[104.2106,-0.4255],[104.1952,-0.4223],[104.1914,-0.3928],[104.2321,-0.4012],[104.2106,-0.4255]]],[[[104.2115,-0.3892],[104.184,-0.3874],[104.1734,-0.3667],[104.2285,-0.3644],[104.2115,-0.3892]]],[[[104.19,0.5622],[104.1845,0.5884],[104.1946,0.6093],[104.2276,0.5737],[104.19,0.5622]]],[[[104.2205,0.5609],[104.2113,0.5564],[104.2085,0.5606],[104.2161,0.568],[104.2205,0.5609]]],[[[104.2042,0.9228],[104.2138,0.9158],[104.1935,0.9017],[104.1953,0.9099],[104.2042,0.9228]]],[[[104.1686,0.961],[104.1815,0.9528],[104.1977,0.9488],[104.1526,0.9339],[104.1686,0.961]]],[[[104.1786,0.1791],[104.1883,0.1726],[104.1894,0.1672],[104.1817,0.1697],[104.1786,0.1791]]],[[[104.1807,0.8797],[104.184,0.8848],[104.187,0.8813],[104.185,0.8774],[104.1807,0.8797]]],[[[104.1608,0.9957],[104.153,1.0122],[104.1805,1.0246],[104.1767,1.002],[104.1608,0.9957]]],[[[104.1792,0.9171],[104.1612,0.9106],[104.1582,0.9261],[104.1794,0.938],[104.1792,0.9171]]],[[[104.1674,-0.3699],[104.1776,-0.3789],[104.1758,-0.3888],[104.1663,-0.3843],[104.1674,-0.3699]]],[[[104.1767,-0.3528],[104.1572,-0.365],[104.1444,-0.3584],[104.1573,-0.3394],[104.1767,-0.3528]]],[[[104.1744,0.9689],[104.1534,0.9577],[104.1439,0.975],[104.1729,0.973],[104.1744,0.9689]]],[[[104.1691,-0.3671],[104.1663,-0.3631],[104.1699,-0.3604],[104.1731,-0.3645],[104.1691,-0.3671]]],[[[104.1645,1.0484],[104.1719,1.0659],[104.1676,1.0223],[104.1578,1.0386],[104.1645,1.0484]]],[[[104.1353,1.0929],[104.1328,1.0343],[104.1057,1.0433],[104.1005,1.0289],[104.0873,1.029],[104.0823,1.0272],[104.0795,1.023],[104.0974,0.9829],[104.0341,0.9802],[103.9945,1.0153],[103.9422,1.0079],[103.8903,1.0901],[103.9283,1.0742],[103.9184,1.1398],[103.9931,1.1279],[104.0145,1.1921],[104.078,1.1257],[104.0722,1.1871],[104.1009,1.1975],[104.1554,1.1249],[104.1353,1.0929]]],[[[104.1462,0.9852],[104.139,0.9991],[104.1485,0.9908],[104.1462,0.9852]]],[[[104.1483,0.7998],[104.1439,0.8035],[104.1423,0.8171],[104.1478,0.8132],[104.1483,0.7998]]],[[[104.1384,1.0312],[104.132,1.0257],[104.1291,1.0298],[104.1332,1.0317],[104.1384,1.0312]]],[[[104.1175,0.9959],[104.1276,0.9952],[104.1257,0.9881],[104.1176,0.9868],[104.1175,0.9959]]],[[[104.1102,0.9835],[104.1212,0.9676],[104.1196,0.9653],[104.1069,0.9695],[104.1102,0.9835]]],[[[104.1085,1.005],[104.1015,1.0142],[104.1149,1.018],[104.1089,1.0085],[104.1085,1.005]]],[[[104.1044,1.0217],[104.0983,1.0157],[104.0965,1.0067],[104.0932,1.0172],[104.1044,1.0217]]],[[[104.0997,0.6261],[104.0827,0.6043],[104.0776,0.6435],[104.0851,0.6433],[104.0997,0.6261]]],[[[104.0825,0.9723],[104.0932,0.9699],[104.0951,0.9585],[104.0916,0.9571],[104.0825,0.9723]]],[[[104.0883,1.0184],[104.0813,1.0207],[104.082,1.0257],[104.0906,1.0207],[104.0883,1.0184]]],[[[104.0702,0.9803],[104.0775,0.982],[104.0786,0.9755],[104.0702,0.9803]]],[[[104.0473,0.9461],[104.0781,0.9546],[104.0706,0.9158],[104.0475,0.9309],[104.0473,0.9461]]],[[[104.0554,0.9778],[104.0566,0.9682],[104.0499,0.9684],[104.0512,0.977],[104.0554,0.9778]]],[[[104.0493,0.9035],[104.0364,0.8926],[104.0499,0.9206],[104.0542,0.9169],[104.0493,0.9035]]],[[[104.0224,0.9628],[104.03,0.9577],[104.0268,0.9535],[104.0224,0.9628]]],[[[104.0066,0.9426],[104.0086,0.9443],[104.0133,0.9385],[104.0099,0.9358],[104.0066,0.9426]]],[[[103.9978,0.9578],[103.9919,0.9579],[103.9957,0.9656],[103.9978,0.9578]]],[[[103.9831,1.0078],[103.993,1.0111],[103.9915,1.0006],[103.9828,1.0031],[103.9831,1.0078]]],[[[103.991,0.9596],[103.9911,0.9457],[103.9827,0.9759],[103.9926,0.9633],[103.991,0.9596]]],[[[103.9703,0.7544],[103.9763,0.751],[103.9658,0.7482],[103.9654,0.7536],[103.9703,0.7544]]],[[[103.9709,0.9864],[103.9743,0.9737],[103.9468,0.9991],[103.9588,0.996],[103.9709,0.9864]]],[[[103.9673,0.9544],[103.9679,0.9583],[103.9661,0.9606],[103.9692,0.9657],[103.9673,0.9544]]],[[[103.9576,0.7683],[103.9611,0.7739],[103.9648,0.7763],[103.9659,0.7684],[103.9509,0.7636],[103.9576,0.7683]]],[[[103.9648,0.9084],[103.9523,0.9061],[103.9476,0.9242],[103.9641,0.9195],[103.9648,0.9084]]],[[[103.9602,0.9767],[103.9439,0.9098],[103.8418,0.9689],[103.8313,1.0106],[103.8774,1.0351],[103.8773,1.0131],[103.9602,0.9767]]],[[[103.9544,0.9046],[103.9591,0.9019],[103.9602,0.8936],[103.9505,0.901],[103.9544,0.9046]]],[[[103.9176,0.7646],[103.8864,0.7946],[103.8936,0.8008],[103.9057,0.8182],[103.9091,0.8299],[103.9408,0.7874],[103.9176,0.7646]]],[[[103.9152,1.1095],[103.9197,1.1112],[103.9204,1.1058],[103.9147,1.1053],[103.9152,1.1095]]],[[[103.8953,1.0389],[103.9191,1.0149],[103.9049,1.0037],[103.885,1.0294],[103.8953,1.0389]]],[[[103.91,1.1105],[103.9142,1.1197],[103.9181,1.1172],[103.9156,1.1115],[103.91,1.1105]]],[[[103.9066,1.1083],[103.9111,1.1031],[103.8956,1.1027],[103.9022,1.1097],[103.9066,1.1083]]],[[[103.8338,0.841],[103.8115,0.8996],[103.8917,0.8601],[103.904,0.8173],[103.8839,0.7982],[103.8338,0.841]]],[[[103.9036,1.158],[103.8981,1.1574],[103.897,1.1658],[103.9036,1.158]]],[[[103.8983,1.0612],[103.9005,1.0563],[103.9,1.0388],[103.8929,1.0494],[103.8983,1.0612]]],[[[103.8867,1.1584],[103.8957,1.1508],[103.8788,1.1408],[103.8766,1.1495],[103.8867,1.1584]]],[[[103.8911,1.0108],[103.8852,1.0162],[103.8828,1.0218],[103.8863,1.0227],[103.8911,1.0108]]],[[[103.8876,1.0429],[103.8824,1.0327],[103.876,1.0445],[103.8787,1.0455],[103.8876,1.0429]]],[[[103.8555,1.0392],[103.8361,1.0287],[103.8448,1.0745],[103.882,1.0529],[103.8555,1.0392]]],[[[103.8749,1.1572],[103.8793,1.1639],[103.8819,1.1579],[103.8749,1.1572]]],[[[103.8693,1.1472],[103.8688,1.1527],[103.874,1.1552],[103.8742,1.1442],[103.8693,1.1472]]],[[[103.869,1.0968],[103.871,1.0922],[103.8657,1.0902],[103.8625,1.0948],[103.869,1.0968]]],[[[103.8646,0.7852],[103.8692,0.7814],[103.8706,0.7742],[103.8582,0.7884],[103.8646,0.7852]]],[[[103.8557,1.0792],[103.8643,1.079],[103.8706,1.0654],[103.8622,1.0669],[103.8557,1.0792]]],[[[103.8439,0.784],[103.8337,0.7831],[103.8356,0.802],[103.8381,0.7917],[103.8439,0.784]]],[[[103.8345,1.1213],[103.8409,1.125],[103.8356,1.1181],[103.8345,1.1213]]],[[[103.8315,1.0448],[103.8239,1.0438],[103.8188,1.0494],[103.8289,1.0542],[103.8315,1.0448]]],[[[103.8308,0.7925],[103.8202,0.7516],[103.7176,0.8736],[103.7831,0.8714],[103.8308,0.7925]]],[[[103.8226,0.9984],[103.8278,1.0017],[103.8291,0.9985],[103.8262,0.9951],[103.8226,0.9984]]],[[[103.8266,1.0724],[103.826,1.0666],[103.8178,1.0708],[103.8203,1.0767],[103.8266,1.0724]]],[[[103.8196,1.0665],[103.8227,1.0623],[103.8198,1.0563],[103.8121,1.0636],[103.8196,1.0665]]],[[[103.8157,1.0503],[103.8106,1.0519],[103.8166,1.0567],[103.8199,1.0548],[103.8157,1.0503]]],[[[103.8055,1.086],[103.7907,1.0987],[103.795,1.1089],[103.815,1.089],[103.8055,1.086]]],[[[103.8022,0.9608],[103.799,0.9678],[103.8055,0.9713],[103.8064,0.9639],[103.8022,0.9608]]],[[[103.8045,1.032],[103.8042,1.0256],[103.8016,1.0257],[103.801,1.0334],[103.8045,1.032]]],[[[103.7979,0.9039],[103.7969,0.897],[103.7906,0.902],[103.7947,0.9087],[103.7979,0.9039]]],[[[103.7977,0.9688],[103.7826,0.978],[103.7487,1.0301],[103.7691,1.0489],[103.797,1.0335],[103.7977,0.9688]]],[[[103.7894,0.9582],[103.7834,0.9607],[103.7803,0.9644],[103.7924,0.9649],[103.7894,0.9582]]],[[[103.7732,0.5521],[103.7733,0.5477],[103.7779,0.5394],[103.771,0.5408],[103.7732,0.5521]]],[[[103.7682,0.9442],[103.7736,0.9478],[103.7766,0.9357],[103.7682,0.9442]]],[[[103.7712,0.9697],[103.7672,0.9789],[103.7763,0.9725],[103.7712,0.9697]]],[[[103.7671,0.881],[103.7703,0.8827],[103.7756,0.8797],[103.7722,0.8751],[103.7671,0.881]]],[[[103.7597,0.8961],[103.7654,0.8831],[103.744,0.8964],[103.7529,0.9012],[103.7597,0.8961]]],[[[103.7571,1.0143],[103.7609,1.0074],[103.7584,1.0034],[103.7547,1.007],[103.7571,1.0143]]],[[[103.6962,0.7062],[103.6934,0.725],[103.7495,0.7358],[103.741,0.6855],[103.6962,0.7062]]],[[[103.7287,0.7493],[103.7233,0.7545],[103.7373,0.7563],[103.7383,0.7512],[103.7287,0.7493]]],[[[103.6862,0.7869],[103.6605,0.827],[103.664,0.8314],[103.7272,0.7588],[103.6862,0.7869]]],[[[103.7101,0.7916],[103.7102,0.7984],[103.7181,0.7925],[103.7162,0.7881],[103.7101,0.7916]]],[[[103.7155,0.6048],[103.7054,0.6064],[103.7086,0.6124],[103.7156,0.6083],[103.7155,0.6048]]],[[[103.6935,0.8539],[103.7023,0.8567],[103.6992,0.8369],[103.6954,0.8384],[103.6935,0.8539]]],[[[103.6938,0.6276],[103.6992,0.609],[103.6707,0.6176],[103.6716,0.6332],[103.6938,0.6276]]],[[[103.6777,0.8544],[103.6943,0.8256],[103.6917,0.8234],[103.6563,0.8743],[103.6777,0.8544]]],[[[103.6863,0.7563],[103.6833,0.7608],[103.6865,0.7641],[103.6894,0.7608],[103.6863,0.7563]]],[[[103.6822,0.7326],[103.6738,0.7124],[103.6564,0.7408],[103.6757,0.7361],[103.6822,0.7326]]],[[[103.6793,0.7684],[103.6782,0.758],[103.6698,0.7605],[103.6691,0.7629],[103.6793,0.7684]]],[[[103.6641,0.5674],[103.6671,0.5567],[103.6609,0.5522],[103.6523,0.568],[103.6641,0.5674]]],[[[103.6347,0.6173],[103.6361,0.6257],[103.6636,0.6166],[103.6476,0.6117],[103.6347,0.6173]]],[[[103.6578,1.142],[103.6535,1.1494],[103.6569,1.1506],[103.6608,1.1429],[103.6578,1.142]]],[[[103.6556,0.8331],[103.651,0.8412],[103.655,0.8437],[103.6596,0.837],[103.6556,0.8331]]],[[[103.6444,0.575],[103.647,0.5775],[103.6508,0.5737],[103.6484,0.57],[103.6444,0.575]]],[[[103.6425,0.632],[103.6416,0.6278],[103.6333,0.6354],[103.6391,0.6356],[103.6425,0.632]]],[[[103.6363,0.5068],[103.6382,0.4993],[103.6337,0.4984],[103.6288,0.5066],[103.6363,0.5068]]],[[[103.6347,0.5355],[103.6367,0.5182],[103.6349,0.515],[103.6209,0.5306],[103.6347,0.5355]]],[[[103.6256,0.484],[103.6238,0.4883],[103.6293,0.498],[103.6348,0.4892],[103.6256,0.484]]],[[[103.6316,0.5143],[103.6293,0.5103],[103.6229,0.5155],[103.6269,0.5171],[103.6316,0.5143]]],[[[103.6229,0.5455],[103.6289,0.5431],[103.6267,0.5362],[103.6234,0.5376],[103.6229,0.5455]]],[[[103.5973,0.4921],[103.5694,0.5517],[103.5762,0.5585],[103.6242,0.5046],[103.5973,0.4921]]],[[[103.5864,0.6774],[103.5774,0.6875],[103.5863,0.6977],[103.5913,0.6925],[103.5864,0.6774]]],[[[103.57,0.6806],[103.5742,0.6803],[103.586,0.672],[103.5722,0.6694],[103.57,0.6806]]],[[[103.5726,0.6582],[103.5745,0.6628],[103.5783,0.6615],[103.5775,0.6547],[103.5726,0.6582]]],[[[103.5587,0.7487],[103.5717,0.7359],[103.5657,0.7261],[103.5565,0.7449],[103.5587,0.7487]]],[[[103.565,0.5371],[103.5573,0.543],[103.5674,0.5479],[103.5682,0.5418],[103.565,0.5371]]],[[[103.5604,0.6835],[103.555,0.6816],[103.5542,0.6844],[103.5593,0.688],[103.5604,0.6835]]],[[[103.5337,0.7859],[103.5537,0.7855],[103.5434,0.7551],[103.5311,0.7616],[103.5337,0.7859]]],[[[103.5471,0.7532],[103.5492,0.7566],[103.5529,0.7553],[103.5508,0.7496],[103.5471,0.7532]]],[[[103.5329,0.7963],[103.5258,0.7662],[103.412,0.885],[103.4535,0.8562],[103.4915,0.8471],[103.5329,0.7963]]],[[[103.5257,0.8148],[103.5295,0.8145],[103.5324,0.8099],[103.5246,0.8107],[103.5257,0.8148]]],[[[103.5106,0.9108],[103.5286,0.8685],[103.5026,0.861],[103.4899,0.9268],[103.5106,0.9108]]],[[[103.4897,0.6826],[103.5219,0.6889],[103.4616,0.6212],[103.4635,0.6364],[103.4897,0.6826]]],[[[103.5054,0.6935],[103.4962,0.6944],[103.5035,0.7062],[103.5159,0.6989],[103.5054,0.6935]]],[[[103.4724,0.81],[103.513,0.7475],[103.4366,0.636],[103.3997,0.6494],[103.3512,0.7423],[103.371,0.8948],[103.422,0.8353],[103.4454,0.8206],[103.4724,0.81]]],[[[103.501,0.8444],[103.4978,0.8454],[103.4957,0.8505],[103.5004,0.8514],[103.501,0.8444]]],[[[103.4942,0.9498],[103.4946,0.9446],[103.4894,0.9427],[103.4891,0.9506],[103.4942,0.9498]]],[[[103.4472,0.8642],[103.406,0.9019],[103.4066,0.9093],[103.4221,0.9117],[103.4349,0.9251],[103.4751,0.9142],[103.4875,0.8552],[103.4472,0.8642]]],[[[103.4296,0.9544],[103.4635,0.9588],[103.4783,0.9244],[103.4635,0.925],[103.4608,0.9312],[103.4559,0.9358],[103.4379,0.9413],[103.4296,0.9544]]],[[[103.4518,0.8225],[103.4684,0.8204],[103.4739,0.8126],[103.4533,0.8188],[103.4518,0.8225]]],[[[103.4675,0.826],[103.4322,0.8332],[103.4216,0.8535],[103.4453,0.8462],[103.4675,0.826]]],[[[103.4478,0.9356],[103.4572,0.9341],[103.458,0.924],[103.4435,0.9252],[103.4478,0.9356]]],[[[103.4028,1.0522],[103.4454,0.9922],[103.3307,1.015],[103.3115,1.0875],[103.3756,1.1366],[103.4028,1.0522]]],[[[103.4224,0.9144],[103.4114,0.9211],[103.419,0.949],[103.4389,0.9323],[103.4224,0.9144]]],[[[103.4188,0.8449],[103.4124,0.8523],[103.4161,0.861],[103.42,0.855],[103.4188,0.8449]]],[[[103.3952,1.1585],[103.4078,1.1457],[103.4084,1.129],[103.3797,1.1501],[103.3952,1.1585]]],[[[103.3716,0.9921],[103.381,0.994],[103.389,0.9832],[103.3745,0.9877],[103.3716,0.9921]]],[[[103.3684,0.897],[103.3632,0.8995],[103.3661,0.9067],[103.3688,0.902],[103.3684,0.897]]],[[[103.3556,0.9594],[103.3653,0.9571],[103.3624,0.9505],[103.3556,0.9594]]],[[[103.34,0.9147],[103.3434,0.9127],[103.3389,0.8946],[103.3328,0.9001],[103.34,0.9147]]],[[[103.2991,1.121],[103.2951,1.1272],[103.3026,1.1395],[103.3104,1.1284],[103.2991,1.121]]],[[[103.2894,1.1016],[103.2923,1.0951],[103.2897,1.0875],[103.2852,1.0891],[103.2894,1.1016]]]]}},{"type":"Feature","properties":{"district":"Lampung","constituency_code":"8","electorate_type":"Indonesia"},"geometry":{"type":"MultiPolygon","coordinates":[[[[104.4459,-5.8911],[104.4454,-5.8969],[104.439,-5.8874],[104.4459,-5.8911]]],[[[105.2896,-5.8339],[105.2749,-5.8396],[105.2298,-5.8282],[105.2904,-5.7887],[105.2896,-5.8339]]],[[[104.8398,-5.7925],[104.8546,-5.8465],[104.7818,-5.7606],[104.8154,-5.7823],[104.8398,-5.7925]]],[[[105.211,-5.7356],[105.2076,-5.7302],[105.2204,-5.7277],[105.2158,-5.73],[105.211,-5.7356]]],[[[105.2076,-5.686],[105.2102,-5.6651],[105.2357,-5.6686],[105.2266,-5.6875],[105.2076,-5.686]]],[[[105.2204,-5.6378],[105.225,-5.6193],[105.2423,-5.6346],[105.241,-5.6418],[105.2204,-5.6378]]],[[[105.2786,-5.5647],[105.2804,-5.5699],[105.2715,-5.5722],[105.2714,-5.5616],[105.2786,-5.5647]]],[[[105.1871,-5.8037],[105.115,-5.7748],[105.0914,-5.7968],[105.0884,-5.7566],[105.0297,-5.752],[105.0236,-5.7249],[104.7775,-5.6055],[104.7087,-5.5219],[104.6038,-5.4961],[104.532,-5.5442],[104.6465,-5.6976],[104.7328,-5.9294],[104.5838,-5.943],[104.5534,-5.9187],[104.5695,-5.8734],[104.4159,-5.7071],[104.301,-5.6419],[104.2996,-5.5767],[104.0702,-5.4082],[103.9944,-5.3171],[103.9866,-5.258],[103.9074,-5.2328],[103.9362,-5.1725],[103.91,-5.126],[103.7816,-5.0312],[103.7466,-5.0412],[103.711,-4.9631],[103.655,-4.9893],[103.6414,-4.9342],[103.5936,-4.9126],[103.7905,-4.779],[103.8664,-4.8483],[103.846,-4.9193],[103.9356,-4.8846],[103.9754,-4.9131],[104.0624,-4.8861],[104.1465,-4.9233],[104.1913,-4.863],[104.3352,-4.8718],[104.368,-4.8245],[104.3283,-4.8116],[104.2878,-4.6829],[104.3408,-4.6023],[104.3218,-4.4583],[104.384,-4.3477],[104.6211,-4.2139],[104.6263,-4.244],[104.7925,-4.2666],[105.0141,-4.1734],[105.1197,-4.0473],[105.1389,-3.9359],[105.2776,-3.8764],[105.2837,-3.8003],[105.333,-3.7237],[105.3551,-3.7942],[105.4329,-3.7835],[105.4331,-3.8263],[105.5257,-3.8426],[105.5253,-3.8947],[105.5494,-3.8818],[105.5625,-3.9284],[105.5986,-3.9236],[105.6292,-4.0005],[105.6042,-4.052],[105.6617,-4.0463],[105.6495,-4.0823],[105.7081,-4.1013],[105.7023,-4.1368],[105.7434,-4.1443],[105.7772,-4.1116],[105.816,-4.1335],[105.8199,-4.3385],[105.8522,-4.4108],[105.9128,-4.4387],[105.882,-4.5965],[105.9144,-4.6457],[105.8758,-4.6875],[105.8614,-4.79],[105.9006,-4.9382],[105.8629,-5.0073],[105.8643,-5.2554],[105.8184,-5.3361],[105.8263,-5.5877],[105.7563,-5.869],[105.7173,-5.908],[105.7051,-5.8482],[105.6047,-5.8306],[105.5613,-5.6696],[105.524,-5.6946],[105.4087,-5.6219],[105.2908,-5.4468],[105.2505,-5.4715],[105.2467,-5.5811],[105.167,-5.6008],[105.2098,-5.6473],[105.1782,-5.6681],[105.219,-5.7185],[105.1556,-5.7508],[105.2198,-5.7827],[105.1871,-5.8037]]],[[[103.85,-5.1264],[103.8385,-5.1225],[103.8388,-5.1189],[103.8485,-5.1151],[103.85,-5.1264]]],[[[105.4335,-6.1661],[105.4234,-6.1463],[105.4603,-6.1389],[105.4597,-6.1603],[105.4335,-6.1661]]],[[[105.4171,-6.0924],[105.4277,-6.0923],[105.4354,-6.1038],[105.4249,-6.1096],[105.4171,-6.0924]]],[[[105.4543,-6.1085],[105.4505,-6.1027],[105.4557,-6.0837],[105.4652,-6.088],[105.4543,-6.1085]]],[[[105.3997,-6.0785],[105.396,-6.091],[105.3607,-6.1121],[105.3839,-6.0788],[105.3997,-6.0785]]],[[[105.4856,-5.9716],[105.4683,-5.9355],[105.5077,-5.9238],[105.5132,-5.9543],[105.4856,-5.9716]]],[[[105.7668,-5.888],[105.7605,-5.8893],[105.7542,-5.9003],[105.7552,-5.8869],[105.7668,-5.888]]],[[[105.7877,-5.8831],[105.7879,-5.8905],[105.7788,-5.8833],[105.7877,-5.8831]]],[[[105.5353,-5.8703],[105.5041,-5.9021],[105.4916,-5.8831],[105.5245,-5.8462],[105.5353,-5.8703]]],[[[105.787,-5.8675],[105.7742,-5.862],[105.7855,-5.8454],[105.7925,-5.8497],[105.787,-5.8675]]],[[[105.3217,-5.829],[105.3137,-5.8313],[105.3137,-5.8252],[105.3204,-5.8246],[105.3217,-5.829]]],[[[105.3455,-5.8189],[105.342,-5.8246],[105.3398,-5.8122],[105.3421,-5.8126],[105.3455,-5.8189]]],[[[105.3279,-5.8236],[105.3064,-5.7945],[105.3115,-5.7894],[105.3327,-5.8147],[105.3279,-5.8236]]]]}},{"type":"Feature","properties":{"district":"Maluku","constituency_code":"30","electorate_type":"Indonesia"},"geometry":{"type":"MultiPolygon","coordinates":[[[[134.8858,-6.3735],[134.8448,-6.4771],[134.8079,-6.4599],[134.7971,-6.3886],[134.852,-6.2837],[134.9078,-6.3142],[134.8858,-6.3735]]],[[[134.887,-6.1506],[134.8873,-6.1551],[134.8759,-6.1617],[134.8768,-6.1451],[134.887,-6.1506]]],[[[134.867,-6.1888],[134.8752,-6.1961],[134.8621,-6.22],[134.8515,-6.2096],[134.867,-6.1888]]],[[[134.8558,-5.951],[134.8646,-5.9554],[134.8608,-5.9641],[134.8528,-5.9578],[134.8558,-5.951]]],[[[134.8026,-6.548],[134.7779,-6.5106],[134.8485,-6.4901],[134.8117,-6.5623],[134.8026,-6.548]]],[[[134.8271,-6.2956],[134.8302,-6.3196],[134.7901,-6.3601],[134.7871,-6.334],[134.8271,-6.2956]]],[[[134.814,-5.8187],[134.8004,-5.8147],[134.8045,-5.8075],[134.8087,-5.8071],[134.814,-5.8187]]],[[[134.8017,-5.753],[134.7818,-5.7542],[134.7881,-5.7315],[134.8139,-5.7403],[134.8017,-5.753]]],[[[134.7911,-5.8743],[134.8037,-5.876],[134.7909,-5.8942],[134.7824,-5.8883],[134.7911,-5.8743]]],[[[134.7988,-5.8201],[134.7668,-5.8238],[134.7656,-5.8175],[134.7817,-5.8057],[134.7988,-5.8201]]],[[[134.757,-6.6065],[134.7717,-6.6009],[134.7959,-6.6363],[134.7631,-6.634],[134.7636,-6.6251],[134.7558,-6.614],[134.757,-6.6065]]],[[[134.7918,-6.093],[134.7956,-6.0963],[134.7937,-6.1005],[134.7871,-6.0941],[134.7918,-6.093]]],[[[134.7934,-5.79],[134.7781,-5.7858],[134.7828,-5.7763],[134.7939,-5.7796],[134.7934,-5.79]]],[[[134.7851,-5.7708],[134.7829,-5.7654],[134.7865,-5.7631],[134.7905,-5.7653],[134.7851,-5.7708]]],[[[134.7742,-6.3767],[134.7871,-6.3981],[134.7765,-6.4169],[134.7661,-6.3871],[134.7779,-6.3669],[134.7742,-6.3767]]],[[[134.7856,-5.9028],[134.7789,-5.9084],[134.7743,-5.9051],[134.7863,-5.8941],[134.7856,-5.9028]]],[[[134.7862,-6.6043],[134.7795,-6.6017],[134.7846,-6.5978],[134.7862,-6.6043]]],[[[134.6572,-5.9442],[134.7825,-6.0939],[134.7142,-6.1667],[134.7689,-6.1676],[134.7285,-6.3024],[134.7055,-6.2994],[134.6943,-6.3059],[134.7027,-6.3274],[134.6229,-6.3738],[134.5524,-6.3517],[134.5452,-6.3054],[134.5314,-6.3076],[134.5203,-6.3184],[134.5089,-6.2867],[134.4755,-6.2928],[134.4467,-6.2635],[134.4513,-6.2326],[134.443,-6.225],[134.3443,-6.2186],[134.2712,-6.0894],[134.2913,-6.0717],[134.2828,-6.0448],[134.3255,-6.0235],[134.3516,-6.0412],[134.4289,-6.021],[134.5366,-5.9187],[134.5976,-5.9493],[134.6572,-5.9442]]],[[[134.7777,-5.7944],[134.7736,-5.797],[134.7691,-5.795],[134.7779,-5.7885],[134.7777,-5.7944]]],[[[134.7745,-6.4226],[134.7718,-6.4303],[134.7632,-6.4306],[134.7652,-6.4196],[134.7745,-6.4226]]],[[[134.7616,-5.8966],[134.7113,-5.8915],[134.7337,-5.9792],[134.6287,-5.9186],[134.6342,-5.9127],[134.63,-5.8709],[134.6464,-5.8718],[134.6721,-5.8472],[134.6984,-5.8424],[134.7066,-5.8327],[134.7552,-5.8471],[134.7505,-5.8579],[134.772,-5.8889],[134.7616,-5.8966]]],[[[134.755,-6.4963],[134.767,-6.4869],[134.7717,-6.4912],[134.7664,-6.4975],[134.755,-6.4963]]],[[[134.7716,-5.6762],[134.7661,-5.6859],[134.7601,-5.6827],[134.7594,-5.6768],[134.7716,-5.6762]]],[[[134.7693,-5.8526],[134.7654,-5.8654],[134.7524,-5.8577],[134.7578,-5.8498],[134.7693,-5.8526]]],[[[134.7631,-6.4167],[134.7595,-6.4119],[134.764,-6.4069],[134.7686,-6.4127],[134.7631,-6.4167]]],[[[134.6444,-5.5768],[134.763,-5.6476],[134.7637,-5.6699],[134.7327,-5.6731],[134.729,-5.7003],[134.7131,-5.7037],[134.7043,-5.7109],[134.7005,-5.727],[134.6377,-5.7111],[134.616,-5.7231],[134.5384,-5.6326],[134.5525,-5.5606],[134.574,-5.5717],[134.5861,-5.574],[134.5924,-5.5692],[134.5953,-5.5762],[134.6094,-5.5714],[134.6241,-5.5861],[134.6444,-5.5768]]],[[[134.7375,-6.5548],[134.7225,-6.5413],[134.6716,-6.5566],[134.6401,-6.4772],[134.6928,-6.4428],[134.7453,-6.4826],[134.7627,-6.5326],[134.7375,-6.5548]]],[[[134.7382,-6.6609],[134.6851,-6.7763],[134.6227,-6.7557],[134.699,-6.5811],[134.7615,-6.6231],[134.7382,-6.6609]]],[[[134.6943,-6.8631],[134.7518,-6.8726],[134.7602,-6.8533],[134.7556,-6.87],[134.7523,-6.8725],[134.7481,-6.8748],[134.7441,-6.8761],[134.6943,-6.8631]]],[[[134.7571,-5.8025],[134.7479,-5.8081],[134.7415,-5.7965],[134.7489,-5.7883],[134.7571,-5.8025]]],[[[134.7317,-6.3848],[134.7535,-6.3584],[134.7432,-6.4341],[134.7285,-6.424],[134.7317,-6.3848]]],[[[134.744,-6.866],[134.7493,-6.8621],[134.7517,-6.8669],[134.7491,-6.8712],[134.7484,-6.8699],[134.744,-6.866]]],[[[134.7387,-5.9521],[134.7488,-5.9512],[134.7479,-5.9596],[134.7419,-5.9566],[134.7387,-5.9521]]],[[[134.7334,-5.9314],[134.7459,-5.9377],[134.7401,-5.9448],[134.7268,-5.9309],[134.7334,-5.9314]]],[[[134.7353,-5.8037],[134.704,-5.8087],[134.6912,-5.7759],[134.6564,-5.746],[134.6596,-5.7332],[134.7199,-5.7479],[134.7413,-5.7409],[134.7353,-5.8037]]],[[[134.7182,-5.7047],[134.736,-5.7048],[134.7156,-5.7424],[134.7002,-5.7346],[134.7182,-5.7047]]],[[[134.7121,-6.5654],[134.7174,-6.5471],[134.7297,-6.5484],[134.7297,-6.5696],[134.7121,-6.5654]]],[[[134.6962,-6.3054],[134.7065,-6.3003],[134.7171,-6.3083],[134.7004,-6.3112],[134.6962,-6.3054]]],[[[134.6906,-5.8162],[134.6929,-5.8044],[134.6927,-5.8023],[134.6897,-5.8004],[134.6918,-5.7982],[134.7129,-5.817],[134.6906,-5.8162]]],[[[134.7023,-5.574],[134.7011,-5.5609],[134.7124,-5.5479],[134.7098,-5.571],[134.7023,-5.574]]],[[[134.6987,-5.5749],[134.7052,-5.5735],[134.71,-5.5769],[134.7034,-5.5798],[134.6987,-5.5749]]],[[[134.6997,-5.3787],[134.7,-5.3745],[134.7069,-5.3741],[134.7052,-5.3787],[134.6997,-5.3787]]],[[[134.6511,-5.4919],[134.7035,-5.5193],[134.6749,-5.5385],[134.6814,-5.5714],[134.6595,-5.5651],[134.6231,-5.5816],[134.6109,-5.5666],[134.5521,-5.5575],[134.5306,-5.5684],[134.4916,-5.4305],[134.6129,-5.4209],[134.6468,-5.4393],[134.6511,-5.4919]]],[[[134.6955,-5.5485],[134.6898,-5.5433],[134.6905,-5.5361],[134.7024,-5.5419],[134.6955,-5.5485]]],[[[134.6895,-5.8417],[134.6897,-5.834],[134.6998,-5.8273],[134.6973,-5.8415],[134.6895,-5.8417]]],[[[134.5217,-5.5571],[134.536,-5.6319],[134.546,-5.6518],[134.6154,-5.7255],[134.6374,-5.7138],[134.6481,-5.7273],[134.6588,-5.7242],[134.6539,-5.7472],[134.6755,-5.7727],[134.6854,-5.7737],[134.6896,-5.8009],[134.6925,-5.8031],[134.6911,-5.8051],[134.6901,-5.8097],[134.6901,-5.8152],[134.6914,-5.8223],[134.699,-5.8263],[134.6304,-5.8672],[134.6111,-5.8887],[134.5849,-5.9335],[134.5345,-5.916],[134.4668,-5.9588],[134.4302,-6.0183],[134.3787,-6.0156],[134.355,-6.0332],[134.3218,-6.0171],[134.312,-6.0218],[134.3334,-5.9449],[134.2981,-5.9011],[134.3715,-5.8487],[134.3611,-5.82],[134.3955,-5.7891],[134.3679,-5.7686],[134.3342,-5.7981],[134.3376,-5.7708],[134.2524,-5.7535],[134.2158,-5.7059],[134.2491,-5.6632],[134.3432,-5.7283],[134.4539,-5.5313],[134.4691,-5.5638],[134.4978,-5.5326],[134.5045,-5.5318],[134.5024,-5.5462],[134.5111,-5.5645],[134.5217,-5.5571]]],[[[134.6982,-5.5701],[134.6878,-5.5704],[134.6891,-5.5634],[134.6971,-5.5628],[134.6982,-5.5701]]],[[[134.6978,-5.5892],[134.6932,-5.5956],[134.6893,-5.5896],[134.6913,-5.5865],[134.6978,-5.5892]]],[[[134.6901,-5.9656],[134.683,-5.9631],[134.6821,-5.9583],[134.6892,-5.9607],[134.6901,-5.9656]]],[[[134.684,-5.4763],[134.6826,-5.4702],[134.6845,-5.465],[134.6897,-5.4701],[134.684,-5.4763]]],[[[134.6885,-5.5863],[134.685,-5.5926],[134.6807,-5.5852],[134.6858,-5.5824],[134.6885,-5.5863]]],[[[134.683,-7.0123],[134.6837,-7.0247],[134.6732,-7.0227],[134.6768,-7.0042],[134.683,-7.0123]]],[[[134.6826,-5.4635],[134.6789,-5.4776],[134.6739,-5.4773],[134.675,-5.4649],[134.6826,-5.4635]]],[[[134.6825,-5.3917],[134.6779,-5.3954],[134.6701,-5.3896],[134.6726,-5.387],[134.6825,-5.3917]]],[[[134.6035,-6.8838],[134.662,-6.8543],[134.6629,-6.8439],[134.6814,-6.8485],[134.6035,-6.8838]]],[[[134.653,-5.3986],[134.6588,-5.3877],[134.6764,-5.4064],[134.6609,-5.3994],[134.653,-5.3986]]],[[[134.6738,-5.464],[134.664,-5.474],[134.6532,-5.4468],[134.6633,-5.448],[134.6738,-5.464]]],[[[134.6481,-5.4248],[134.6444,-5.4229],[134.6425,-5.4135],[134.6513,-5.4222],[134.6481,-5.4248]]],[[[134.6412,-6.8566],[134.6472,-6.8563],[134.6439,-6.8623],[134.6412,-6.8566]]],[[[134.6154,-6.4672],[134.643,-6.4565],[134.5884,-6.5165],[134.5884,-6.4764],[134.6154,-6.4672]]],[[[134.6202,-5.937],[134.6124,-5.9351],[134.6282,-5.9088],[134.6316,-5.9126],[134.6284,-5.9167],[134.6275,-5.9235],[134.6297,-5.9317],[134.6202,-5.937]]],[[[134.6238,-5.4138],[134.6177,-5.4065],[134.6282,-5.3971],[134.6305,-5.4119],[134.6238,-5.4138]]],[[[134.6196,-5.8856],[134.6281,-5.9027],[134.5995,-5.9408],[134.5876,-5.9319],[134.6196,-5.8856]]],[[[134.6171,-5.3929],[134.6221,-5.3874],[134.6252,-5.3912],[134.6233,-5.3963],[134.6171,-5.3929]]],[[[134.5965,-5.3984],[134.6091,-5.3813],[134.6106,-5.3893],[134.6201,-5.397],[134.5965,-5.3984]]],[[[134.6101,-5.3752],[134.6045,-5.374],[134.6082,-5.369],[134.6101,-5.3752]]],[[[134.6085,-6.4455],[134.5687,-6.4771],[134.5458,-6.5372],[134.4892,-6.489],[134.4908,-6.4862],[134.4917,-6.4823],[134.4909,-6.4754],[134.4962,-6.4656],[134.4954,-6.4603],[134.4849,-6.4478],[134.5331,-6.345],[134.599,-6.3882],[134.6085,-6.4455]]],[[[134.6016,-6.621],[134.5832,-6.6094],[134.6007,-6.5987],[134.6061,-6.603],[134.6016,-6.621]]],[[[134.5823,-5.361],[134.6049,-5.3684],[134.5627,-5.3928],[134.5626,-5.3872],[134.5823,-5.361]]],[[[134.5944,-5.3896],[134.5892,-5.3878],[134.6037,-5.3823],[134.6046,-5.3856],[134.5944,-5.3896]]],[[[134.5526,-5.3968],[134.5278,-5.4065],[134.5087,-5.3678],[134.5896,-5.33],[134.6025,-5.3518],[134.5809,-5.3519],[134.5526,-5.3968]]],[[[134.5979,-5.4156],[134.5987,-5.4215],[134.5914,-5.4204],[134.5921,-5.416],[134.5979,-5.4156]]],[[[134.5854,-5.3951],[134.594,-5.3969],[134.5937,-5.4045],[134.5783,-5.4001],[134.5854,-5.3951]]],[[[134.584,-6.5374],[134.5631,-6.5454],[134.5788,-6.5085],[134.5927,-6.527],[134.584,-6.5374]]],[[[134.5521,-6.5334],[134.5646,-6.5141],[134.5717,-6.489],[134.5812,-6.478],[134.5643,-6.5301],[134.5521,-6.5334]]],[[[134.5584,-6.5375],[134.5584,-6.5419],[134.5516,-6.5409],[134.551,-6.5361],[134.5584,-6.5375]]],[[[134.531,-6.7595],[134.5542,-6.7526],[134.512,-6.7833],[134.5135,-6.7692],[134.5226,-6.762],[134.529,-6.7621],[134.531,-6.7595]]],[[[134.541,-6.9064],[134.5487,-6.9111],[134.5208,-6.917],[134.5242,-6.9124],[134.541,-6.9064]]],[[[134.541,-6.3341],[134.5356,-6.3284],[134.5398,-6.3263],[134.5441,-6.3304],[134.541,-6.3341]]],[[[134.532,-6.3227],[134.5299,-6.3153],[134.5386,-6.3068],[134.5348,-6.3282],[134.532,-6.3227]]],[[[134.5352,-6.3381],[134.5266,-6.3365],[134.5246,-6.3294],[134.5339,-6.3324],[134.5352,-6.3381]]],[[[134.4915,-7.0899],[134.4916,-7.0635],[134.5342,-7.0797],[134.5209,-7.0973],[134.4915,-7.0899]]],[[[134.5315,-6.3229],[134.5294,-6.3274],[134.5229,-6.3251],[134.5291,-6.3163],[134.5315,-6.3229]]],[[[134.1989,-6.2173],[134.2252,-6.2232],[134.2873,-6.2907],[134.3032,-6.2912],[134.2948,-6.3495],[134.3406,-6.3989],[134.3589,-6.4125],[134.3598,-6.4124],[134.3603,-6.4106],[134.363,-6.4081],[134.3645,-6.4057],[134.3662,-6.4001],[134.3841,-6.4049],[134.4047,-6.398],[134.4193,-6.4495],[134.4608,-6.4341],[134.4795,-6.4911],[134.4951,-6.5032],[134.4956,-6.5103],[134.4821,-6.5259],[134.4745,-6.5492],[134.4965,-6.5489],[134.4844,-6.5802],[134.5303,-6.5909],[134.4808,-6.667],[134.4246,-6.6506],[134.4473,-6.6932],[134.3868,-6.7337],[134.4019,-6.7547],[134.3546,-6.8028],[134.3742,-6.8207],[134.1996,-6.9412],[134.1336,-6.8518],[134.074,-6.8316],[134.0527,-6.7722],[134.1074,-6.4623],[134.2006,-6.4865],[134.2111,-6.5465],[134.2179,-6.546],[134.2331,-6.5158],[134.1957,-6.4657],[134.2169,-6.4437],[134.1846,-6.4602],[134.2114,-6.4256],[134.1411,-6.4633],[134.1193,-6.4233],[134.1368,-6.3112],[134.0963,-6.1677],[134.1989,-6.2173]]],[[[134.5203,-6.7526],[134.5284,-6.7508],[134.5299,-6.7602],[134.5168,-6.7604],[134.5203,-6.7526]]],[[[134.5177,-6.734],[134.5253,-6.734],[134.5297,-6.7485],[134.5135,-6.7467],[134.5177,-6.734]]],[[[134.5212,-5.3394],[134.5105,-5.3415],[134.5289,-5.3307],[134.5212,-5.3394]]],[[[134.5103,-6.6682],[134.5284,-6.6892],[134.5166,-6.7107],[134.5011,-6.7078],[134.51,-6.6773],[134.5017,-6.6797],[134.5103,-6.6682]]],[[[134.5258,-6.3186],[134.5221,-6.3241],[134.5173,-6.3203],[134.5258,-6.3186]]],[[[134.5201,-6.3334],[134.4819,-6.4479],[134.4057,-6.3964],[134.3793,-6.399],[134.3841,-6.3721],[134.3642,-6.3777],[134.3792,-6.3199],[134.4473,-6.2763],[134.5201,-6.3334]]],[[[134.4881,-6.737],[134.5151,-6.7261],[134.5133,-6.7468],[134.5174,-6.7532],[134.4802,-6.7617],[134.4881,-6.737]]],[[[134.5164,-6.9536],[134.4929,-6.9545],[134.4898,-6.9418],[134.5107,-6.9299],[134.5164,-6.9536]]],[[[134.5158,-6.7122],[134.5152,-6.718],[134.5047,-6.7159],[134.5158,-6.7122]]],[[[134.5076,-5.5121],[134.5142,-5.5178],[134.4987,-5.5241],[134.4969,-5.5099],[134.5076,-5.5121]]],[[[134.5124,-6.3088],[134.5069,-6.3021],[134.5094,-6.2984],[134.5114,-6.3061],[134.5124,-6.3088]]],[[[134.4967,-6.7069],[134.5044,-6.6956],[134.4987,-6.7123],[134.4967,-6.7069]]],[[[134.4932,-6.5282],[134.4852,-6.5251],[134.4983,-6.5072],[134.5042,-6.5221],[134.4932,-6.5282]]],[[[134.5027,-5.4939],[134.491,-5.5053],[134.4856,-5.4916],[134.4899,-5.4872],[134.5027,-5.4939]]],[[[134.4995,-6.6969],[134.4953,-6.7071],[134.4918,-6.7064],[134.4995,-6.6969]]],[[[134.4928,-6.4581],[134.496,-6.4659],[134.4901,-6.4654],[134.4928,-6.4581]]],[[[134.4808,-6.7064],[134.4734,-6.6947],[134.4929,-6.6821],[134.4913,-6.7004],[134.4808,-6.7064]]],[[[134.4889,-5.4412],[134.4773,-5.4551],[134.4612,-5.4589],[134.4921,-5.4224],[134.4889,-5.4412]]],[[[134.4854,-6.4673],[134.4839,-6.4543],[134.4895,-6.4543],[134.4912,-6.459],[134.4854,-6.4673]]],[[[134.4906,-6.4756],[134.4908,-6.4856],[134.4867,-6.4905],[134.4898,-6.4659],[134.4906,-6.4756]]],[[[134.4859,-5.5292],[134.4737,-5.5256],[134.4791,-5.5184],[134.4862,-5.5191],[134.4859,-5.5292]]],[[[134.4691,-5.3775],[134.467,-5.3717],[134.4718,-5.367],[134.4761,-5.3759],[134.4691,-5.3775]]],[[[134.4496,-6.6904],[134.4535,-6.6853],[134.4578,-6.6898],[134.4532,-6.6961],[134.4496,-6.6904]]],[[[134.4485,-6.2343],[134.4371,-6.2377],[134.4341,-6.2297],[134.4417,-6.2254],[134.4485,-6.2343]]],[[[134.4349,-6.2745],[134.4353,-6.2714],[134.4479,-6.2721],[134.4351,-6.2813],[134.4349,-6.2745]]],[[[134.4467,-6.7199],[134.4467,-6.7251],[134.4423,-6.7271],[134.4413,-6.7197],[134.4467,-6.7199]]],[[[134.4396,-6.2424],[134.4424,-6.2426],[134.4462,-6.263],[134.4279,-6.2392],[134.4396,-6.2424]]],[[[134.4296,-6.2336],[134.426,-6.2435],[134.4373,-6.2628],[134.3996,-6.237],[134.4296,-6.2336]]],[[[134.4314,-6.4323],[134.4335,-6.4387],[134.4219,-6.4466],[134.4266,-6.4322],[134.4314,-6.4323]]],[[[134.433,-6.2766],[134.4267,-6.2837],[134.4091,-6.2683],[134.4256,-6.2644],[134.433,-6.2766]]],[[[134.3788,-6.2741],[134.3905,-6.2522],[134.4219,-6.2817],[134.3864,-6.3116],[134.3749,-6.3088],[134.3874,-6.2844],[134.3788,-6.2741]]],[[[134.4056,-6.2486],[134.4106,-6.25],[134.421,-6.2575],[134.3997,-6.2592],[134.4056,-6.2486]]],[[[134.3942,-6.2407],[134.4027,-6.2487],[134.3987,-6.2516],[134.3949,-6.247],[134.3942,-6.2407]]],[[[134.3251,-6.2782],[134.3208,-6.2682],[134.3382,-6.2563],[134.3407,-6.2475],[134.3452,-6.2497],[134.3459,-6.258],[134.3532,-6.2639],[134.3566,-6.2631],[134.3627,-6.2547],[134.3851,-6.2417],[134.3918,-6.2468],[134.3618,-6.3039],[134.3508,-6.3014],[134.3427,-6.3114],[134.3367,-6.2859],[134.3335,-6.2818],[134.3271,-6.2822],[134.3251,-6.2782]]],[[[134.3727,-6.3122],[134.3612,-6.3241],[134.3803,-6.279],[134.3824,-6.2829],[134.376,-6.2943],[134.3727,-6.3122]]],[[[134.3781,-6.3898],[134.3762,-6.383],[134.3811,-6.382],[134.3781,-6.3898]]],[[[134.3737,-6.3884],[134.3749,-6.3954],[134.3707,-6.3972],[134.3747,-6.3842],[134.3737,-6.3884]]],[[[134.3742,-6.2359],[134.3719,-6.2464],[134.367,-6.2264],[134.3742,-6.2359]]],[[[134.3649,-6.248],[134.3617,-6.2439],[134.36,-6.2357],[134.3652,-6.2366],[134.3649,-6.248]]],[[[134.3617,-6.362],[134.358,-6.3627],[134.357,-6.3539],[134.3633,-6.3584],[134.3617,-6.362]]],[[[134.3562,-6.4063],[134.3579,-6.3953],[134.3624,-6.3913],[134.3596,-6.4124],[134.3562,-6.4063]]],[[[134.3463,-6.2578],[134.3458,-6.2392],[134.3576,-6.2238],[134.3608,-6.2561],[134.3463,-6.2578]]],[[[134.3568,-6.3135],[134.3493,-6.3141],[134.3572,-6.3035],[134.3605,-6.3074],[134.3568,-6.3135]]],[[[134.3604,-6.3832],[134.3579,-6.3932],[134.3537,-6.395],[134.3493,-6.3816],[134.3604,-6.3832]]],[[[134.3472,-6.361],[134.353,-6.3531],[134.3561,-6.354],[134.3567,-6.3641],[134.3472,-6.361]]],[[[134.2275,-6.0233],[134.2462,-6.074],[134.2795,-6.061],[134.2325,-6.1268],[134.351,-6.2305],[134.2943,-6.2863],[134.2209,-6.1951],[134.164,-6.1875],[134.2,-6.1284],[134.1508,-6.1474],[134.1147,-6.1007],[134.1518,-6.005],[134.1696,-6.0398],[134.2275,-6.0233]]],[[[134.3487,-6.3434],[134.338,-6.3296],[134.3464,-6.3215],[134.3475,-6.3161],[134.3487,-6.3434]]],[[[134.3426,-6.3147],[134.3465,-6.3159],[134.3424,-6.3247],[134.3394,-6.3211],[134.3426,-6.3147]]],[[[134.3324,-5.6936],[134.3404,-5.6957],[134.3441,-5.7005],[134.3371,-5.7037],[134.3324,-5.6936]]],[[[134.2462,-5.6293],[134.3064,-5.5635],[134.344,-5.5685],[134.2777,-5.6461],[134.2462,-5.6293]]],[[[134.3413,-6.3153],[134.336,-6.3087],[134.3376,-6.3013],[134.3425,-6.3122],[134.3413,-6.3153]]],[[[134.3346,-6.3677],[134.3319,-6.3556],[134.3376,-6.3536],[134.342,-6.3577],[134.3346,-6.3677]]],[[[134.3364,-6.3],[134.33,-6.2929],[134.3334,-6.289],[134.3369,-6.2899],[134.3364,-6.3]]],[[[134.3178,-6.3092],[134.3258,-6.2967],[134.3352,-6.3206],[134.3216,-6.3152],[134.3178,-6.3092]]],[[[134.3351,-6.287],[134.3304,-6.291],[134.3282,-6.2873],[134.3323,-6.2827],[134.3351,-6.287]]],[[[134.3162,-6.3617],[134.2995,-6.3223],[134.3156,-6.3084],[134.3287,-6.3549],[134.3162,-6.3617]]],[[[134.3178,-6.2833],[134.3152,-6.2763],[134.3194,-6.2748],[134.3244,-6.2862],[134.3178,-6.2833]]],[[[134.3235,-5.7719],[134.322,-5.7796],[134.3128,-5.7756],[134.3198,-5.7706],[134.3235,-5.7719]]],[[[134.3149,-6.2837],[134.321,-6.2869],[134.3189,-6.2924],[134.3149,-6.2837]]],[[[134.3178,-6.2946],[134.3125,-6.2982],[134.3101,-6.2818],[134.3178,-6.2946]]],[[[134.3133,-5.8414],[134.3031,-5.8444],[134.303,-5.8333],[134.3072,-5.8306],[134.3133,-5.8414]]],[[[134.2771,-6.14],[134.2646,-6.1272],[134.2713,-6.1205],[134.2868,-6.1274],[134.2771,-6.14]]],[[[134.2728,-5.4848],[134.2857,-5.5218],[134.254,-5.5533],[134.254,-5.4875],[134.2728,-5.4848]]],[[[134.2566,-6.2398],[134.256,-6.2461],[134.2505,-6.2438],[134.2542,-6.2381],[134.2566,-6.2398]]],[[[134.251,-5.8206],[134.1923,-5.8262],[134.1957,-5.7512],[134.2381,-5.757],[134.251,-5.8206]]],[[[134.2194,-6.5261],[134.221,-6.5305],[134.219,-6.5421],[134.213,-6.5403],[134.2194,-6.5261]]],[[[134.2145,-6.2113],[134.2078,-6.2073],[134.2135,-6.1955],[134.2197,-6.2057],[134.2145,-6.2113]]],[[[134.182,-6.4616],[134.1836,-6.4638],[134.1732,-6.4694],[134.1735,-6.4632],[134.182,-6.4616]]],[[[134.1689,-5.9148],[134.1739,-5.9231],[134.1655,-5.9224],[134.1689,-5.9148]]],[[[133.181,-5.3413],[133.1191,-5.5667],[132.9621,-5.7436],[132.9532,-5.873],[132.8454,-6.007],[132.8816,-5.8446],[132.9371,-5.778],[132.9427,-5.6852],[132.9718,-5.6442],[133.0053,-5.6488],[133.1146,-5.2917],[133.1538,-5.2724],[133.181,-5.3413]]],[[[132.9774,-5.6327],[132.9802,-5.6257],[132.9826,-5.6394],[132.9774,-5.6327]]],[[[132.8011,-5.6167],[132.816,-5.6756],[132.8007,-5.6984],[132.799,-5.6526],[132.7719,-5.6907],[132.7682,-5.6459],[132.7411,-5.6364],[132.8015,-5.5232],[132.8011,-5.6167]]],[[[132.6988,-5.6299],[132.6944,-5.6605],[132.7429,-5.6474],[132.7384,-5.6904],[132.7613,-5.7436],[132.779,-5.7279],[132.7689,-5.7762],[132.7724,-5.8142],[132.788,-5.7764],[132.8105,-5.8061],[132.78,-5.9421],[132.7333,-5.9523],[132.7306,-5.898],[132.6935,-5.9498],[132.6917,-5.9081],[132.6646,-5.907],[132.6801,-5.7312],[132.6115,-5.5969],[132.6684,-5.6303],[132.7104,-5.5937],[132.7114,-5.6525],[132.6988,-5.6299]]],[[[132.8016,-5.7301],[132.8006,-5.7486],[132.8032,-5.769],[132.7892,-5.7357],[132.8016,-5.7301]]],[[[132.7905,-5.7577],[132.7847,-5.7768],[132.7825,-5.7309],[132.791,-5.7458],[132.7905,-5.7577]]],[[[132.7457,-5.4972],[132.7578,-5.4788],[132.7642,-5.4754],[132.7586,-5.4986],[132.7457,-5.4972]]],[[[132.7536,-5.7042],[132.764,-5.7023],[132.7633,-5.7148],[132.7587,-5.7114],[132.7536,-5.7042]]],[[[132.7539,-5.6657],[132.7595,-5.6658],[132.7595,-5.6785],[132.753,-5.6759],[132.7539,-5.6657]]],[[[132.6991,-5.5385],[132.7372,-5.5282],[132.75,-5.5409],[132.7054,-5.554],[132.6991,-5.5385]]],[[[132.7372,-5.4907],[132.7438,-5.4966],[132.7345,-5.506],[132.7309,-5.4995],[132.7372,-5.4907]]],[[[132.7198,-5.6349],[132.7155,-5.6231],[132.7375,-5.6424],[132.734,-5.6458],[132.7198,-5.6349]]],[[[132.7287,-5.5896],[132.7139,-5.5848],[132.7276,-5.5735],[132.7336,-5.5949],[132.7287,-5.5896]]],[[[132.7259,-5.4471],[132.7193,-5.4485],[132.7149,-5.437],[132.7202,-5.4338],[132.7259,-5.4471]]],[[[132.6976,-5.4522],[132.7021,-5.4404],[132.7127,-5.4479],[132.7056,-5.4525],[132.6976,-5.4522]]],[[[132.6577,-5.7481],[132.6567,-5.7531],[132.651,-5.7436],[132.6623,-5.7419],[132.6577,-5.7481]]],[[[132.6321,-5.7882],[132.6273,-5.7845],[132.6298,-5.7799],[132.6331,-5.7807],[132.6321,-5.7882]]],[[[132.6213,-5.7948],[132.624,-5.8105],[132.6225,-5.8141],[132.6156,-5.8025],[132.6213,-5.7948]]],[[[132.6128,-5.7012],[132.6146,-5.6967],[132.6224,-5.6982],[132.6186,-5.7074],[132.6128,-5.7012]]],[[[132.6106,-5.8564],[132.5895,-5.8517],[132.5996,-5.8345],[132.6107,-5.8492],[132.6106,-5.8564]]],[[[132.5966,-5.816],[132.5938,-5.8228],[132.5882,-5.8132],[132.5907,-5.8102],[132.5966,-5.816]]],[[[132.5911,-5.5634],[132.5934,-5.5685],[132.5892,-5.5717],[132.5857,-5.5645],[132.5911,-5.5634]]],[[[132.5894,-5.6278],[132.5842,-5.6229],[132.5823,-5.6153],[132.5923,-5.6222],[132.5894,-5.6278]]],[[[132.5915,-5.83],[132.5826,-5.8371],[132.5684,-5.8172],[132.5814,-5.8186],[132.5915,-5.83]]],[[[132.5716,-5.7109],[132.5736,-5.7145],[132.5692,-5.7175],[132.5649,-5.7106],[132.5716,-5.7109]]],[[[132.5685,-5.7811],[132.5648,-5.7862],[132.5613,-5.785],[132.5627,-5.7794],[132.5685,-5.7811]]],[[[132.5583,-5.7356],[132.5561,-5.7302],[132.5622,-5.7268],[132.5648,-5.7307],[132.5583,-5.7356]]],[[[132.5445,-5.844],[132.5584,-5.8602],[132.5512,-5.8711],[132.5235,-5.8474],[132.5445,-5.844]]],[[[132.5319,-5.887],[132.539,-5.9103],[132.5245,-5.9205],[132.5164,-5.8956],[132.5319,-5.887]]],[[[132.4472,-6.0118],[132.4612,-6.0154],[132.4671,-5.9895],[132.4708,-6.0152],[132.4397,-6.0358],[132.4472,-6.0118]]],[[[132.4651,-5.9094],[132.461,-5.9047],[132.4696,-5.9026],[132.4651,-5.9094]]],[[[132.3592,-5.5673],[132.3232,-5.5791],[132.3024,-5.5302],[132.3789,-5.5406],[132.3592,-5.5673]]],[[[132.3327,-5.6183],[132.3279,-5.6192],[132.3145,-5.6061],[132.3268,-5.5992],[132.3327,-5.6183]]],[[[132.3173,-5.6346],[132.2934,-5.6554],[132.2553,-5.584],[132.3068,-5.5906],[132.3173,-5.6346]]],[[[132.2723,-5.701],[132.2694,-5.7098],[132.27,-5.7131],[132.2662,-5.7006],[132.2722,-5.6928],[132.2723,-5.701]]],[[[132.2518,-5.6259],[132.2477,-5.6288],[132.2421,-5.6192],[132.2475,-5.6174],[132.2518,-5.6259]]],[[[132.1948,-5.7165],[132.1967,-5.7578],[132.1852,-5.7677],[132.1701,-5.7391],[132.1948,-5.7165]]],[[[132.0172,-5.1838],[132.011,-5.174],[132.0186,-5.1559],[132.0247,-5.1741],[132.0172,-5.1838]]],[[[132.0148,-5.1175],[132.0056,-5.1201],[132.0033,-5.1147],[132.0148,-5.1175]]],[[[131.9703,-5.3847],[131.9695,-5.3378],[132.0128,-5.3047],[132.0103,-5.3661],[131.9703,-5.3847]]],[[[132.0008,-5.5733],[132.0079,-5.5861],[132.0044,-5.5977],[131.9948,-5.5908],[132.0008,-5.5733]]],[[[131.9376,-7.0747],[131.9089,-7.0572],[132.0038,-6.9873],[131.9633,-7.0516],[131.9376,-7.0747]]],[[[131.9733,-7.2056],[131.9505,-7.2524],[131.8719,-7.1676],[131.7638,-7.1822],[131.7137,-7.1541],[131.7548,-7.1158],[131.919,-7.1031],[131.9733,-7.2056]]],[[[131.9407,-5.6677],[131.9349,-5.674],[131.9338,-5.6619],[131.9384,-5.663],[131.9407,-5.6677]]],[[[131.7513,-4.7175],[131.7576,-4.7529],[131.7398,-4.7838],[131.7224,-4.7124],[131.7513,-4.7175]]],[[[131.6815,-7.172],[131.6822,-7.1507],[131.7098,-7.1437],[131.6922,-7.1642],[131.7469,-7.2132],[131.6328,-7.2532],[131.682,-7.3787],[131.6485,-7.394],[131.6571,-7.4303],[131.7058,-7.4235],[131.6677,-7.452],[131.6196,-7.6486],[131.5537,-7.7234],[131.487,-7.7288],[131.4605,-7.8109],[131.3636,-7.8701],[131.3804,-7.8962],[131.3266,-7.9337],[131.3552,-7.9326],[131.3414,-7.992],[131.2928,-8.0296],[131.2869,-7.924],[131.2312,-8.0072],[131.1029,-7.9962],[131.1207,-7.9115],[131.0821,-7.8475],[131.1475,-7.81],[131.1149,-7.7944],[131.1481,-7.7495],[131.1184,-7.7583],[131.106,-7.7065],[131.1282,-7.6815],[131.1696,-7.723],[131.2451,-7.7302],[131.1559,-7.672],[131.2365,-7.4768],[131.313,-7.4223],[131.3424,-7.4452],[131.4035,-7.3354],[131.4532,-7.3448],[131.4341,-7.3136],[131.4743,-7.2407],[131.5356,-7.2274],[131.5303,-7.147],[131.6539,-7.1181],[131.6404,-7.1772],[131.6815,-7.172]]],[[[131.7245,-7.1859],[131.7211,-7.1847],[131.7227,-7.179],[131.7275,-7.1801],[131.7245,-7.1859]]],[[[131.6983,-4.5909],[131.7018,-4.5984],[131.689,-4.5928],[131.6902,-4.5875],[131.6983,-4.5909]]],[[[131.6806,-4.5201],[131.6574,-4.5378],[131.6085,-4.4277],[131.6508,-4.462],[131.6806,-4.5201]]],[[[131.5871,-6.7174],[131.5571,-6.7402],[131.5837,-6.7762],[131.5256,-6.8026],[131.5137,-6.7636],[131.5634,-6.68],[131.6213,-6.677],[131.5871,-6.7174]]],[[[131.5846,-4.38],[131.6061,-4.4057],[131.6068,-4.4155],[131.5924,-4.409],[131.5846,-4.38]]],[[[131.5892,-6.6534],[131.5956,-6.6559],[131.5938,-6.6599],[131.5889,-6.6585],[131.5892,-6.6534]]],[[[131.5766,-6.9766],[131.5839,-6.9809],[131.5845,-6.9842],[131.5797,-6.987],[131.5766,-6.9766]]],[[[131.5369,-6.8108],[131.5236,-6.8319],[131.5084,-6.8296],[131.5144,-6.8194],[131.5369,-6.8108]]],[[[131.4687,-6.8875],[131.4839,-6.8683],[131.5147,-6.879],[131.4798,-6.9241],[131.4687,-6.8875]]],[[[131.4713,-7.1837],[131.4872,-7.1634],[131.4892,-7.2088],[131.4531,-7.2016],[131.4713,-7.1837]]],[[[131.4752,-7.1254],[131.4789,-7.1189],[131.482,-7.1202],[131.4819,-7.1265],[131.4752,-7.1254]]],[[[131.4711,-7.2332],[131.4712,-7.2461],[131.4548,-7.2413],[131.457,-7.2353],[131.4711,-7.2332]]],[[[131.4503,-7.8461],[131.4565,-7.8435],[131.4541,-7.8495],[131.4503,-7.8461]]],[[[131.4492,-7.1012],[131.454,-7.1241],[131.4343,-7.1413],[131.4363,-7.1033],[131.4492,-7.1012]]],[[[131.4305,-7.076],[131.4395,-7.0739],[131.4469,-7.0926],[131.4347,-7.092],[131.4305,-7.076]]],[[[131.4285,-7.8411],[131.4382,-7.8413],[131.4426,-7.8492],[131.4354,-7.8493],[131.4285,-7.8411]]],[[[131.4398,-4.0507],[131.4253,-4.078],[131.368,-3.9701],[131.4204,-3.9499],[131.4398,-4.0507]]],[[[131.4011,-7.2498],[131.4002,-7.2465],[131.4091,-7.2529],[131.3962,-7.2525],[131.4011,-7.2498]]],[[[131.3751,-7.2284],[131.3868,-7.2166],[131.3906,-7.2009],[131.4053,-7.2366],[131.3751,-7.2284]]],[[[131.381,-7.2857],[131.3872,-7.2813],[131.3904,-7.2866],[131.3825,-7.2901],[131.381,-7.2857]]],[[[131.3881,-4.1486],[131.3897,-4.1757],[131.3009,-4.127],[131.2734,-4.076],[131.3881,-4.1486]]],[[[131.3264,-7.3895],[131.3291,-7.3938],[131.3281,-7.4159],[131.3163,-7.408],[131.3264,-7.3895]]],[[[131.2682,-7.3565],[131.2703,-7.3798],[131.2081,-7.3587],[131.2574,-7.3035],[131.3022,-7.338],[131.2682,-7.3565]]],[[[131.2776,-8.0438],[131.2879,-8.0342],[131.2785,-8.0617],[131.2732,-8.0582],[131.2776,-8.0438]]],[[[131.2582,-7.9967],[131.2533,-8.0005],[131.2512,-7.9892],[131.2552,-7.9885],[131.2582,-7.9967]]],[[[131.2109,-4.0095],[131.2079,-3.9794],[131.2413,-4.0005],[131.2422,-4.0555],[131.2109,-4.0095]]],[[[131.2091,-8.073],[131.191,-8.0798],[131.2085,-8.0492],[131.2162,-8.054],[131.2091,-8.073]]],[[[131.1947,-7.4335],[131.1994,-7.4257],[131.2083,-7.4239],[131.199,-7.4335],[131.1947,-7.4335]]],[[[131.1869,-7.4053],[131.1819,-7.4123],[131.1746,-7.4115],[131.1773,-7.4003],[131.1869,-7.4053]]],[[[131.099,-8.1425],[131.1654,-8.1184],[131.053,-8.2067],[130.8875,-8.2463],[130.8982,-8.2872],[130.8168,-8.3415],[130.7582,-8.3419],[130.8203,-8.2524],[130.9232,-8.2119],[130.924,-8.1339],[130.9984,-8.1443],[130.9853,-8.1158],[131.0164,-8.0798],[131.0808,-8.1109],[131.066,-8.1619],[131.099,-8.1425]]],[[[131.1536,-7.5269],[131.1566,-7.5215],[131.1649,-7.5283],[131.1587,-7.5321],[131.1536,-7.5269]]],[[[131.0781,-7.498],[131.0595,-7.524],[131.0373,-7.5155],[131.0594,-7.484],[130.9771,-7.4974],[130.9806,-7.4363],[131.1619,-7.4054],[131.1328,-7.4678],[131.0781,-7.498]]],[[[131.154,-7.5355],[131.1351,-7.5429],[131.1289,-7.5221],[131.1432,-7.517],[131.154,-7.5355]]],[[[131.078,-7.7072],[131.0504,-7.6827],[131.0414,-7.7227],[130.9632,-7.7283],[130.9699,-7.6809],[131.0466,-7.6637],[131.0973,-7.6354],[131.1225,-7.6402],[131.078,-7.7072]]],[[[131.0848,-8.0444],[131.0808,-8.0349],[131.0828,-8.0109],[131.1061,-8.0372],[131.0848,-8.0444]]],[[[131.0807,-7.7409],[131.0925,-7.7274],[131.07,-7.7659],[131.0641,-7.756],[131.0807,-7.7409]]],[[[131.0872,-8.0804],[131.0901,-8.0909],[131.0813,-8.0919],[131.0831,-8.0854],[131.0872,-8.0804]]],[[[131.049,-7.6516],[131.055,-7.6503],[131.0482,-7.6601],[131.0459,-7.6546],[131.049,-7.6516]]],[[[131.0047,-7.7608],[130.997,-7.7514],[131.0038,-7.7364],[131.0143,-7.7469],[131.0047,-7.7608]]],[[[130.9974,-7.5156],[131.0003,-7.5077],[131.0027,-7.5084],[131.0037,-7.5206],[130.9974,-7.5156]]],[[[130.9927,-7.5334],[130.982,-7.5484],[130.9681,-7.5373],[130.981,-7.5214],[130.9927,-7.5334]]],[[[130.945,-7.5263],[130.9815,-7.5096],[130.9546,-7.5419],[130.982,-7.562],[130.8937,-7.578],[130.8333,-7.5549],[130.8553,-7.4954],[130.945,-7.5263]]],[[[130.9098,-3.8973],[130.9201,-3.8759],[130.9554,-3.8818],[130.9351,-3.8971],[130.9098,-3.8973]]],[[[130.9515,-7.7655],[130.9438,-7.7555],[130.9515,-7.7443],[130.9551,-7.7502],[130.9515,-7.7655]]],[[[130.9499,-7.6456],[130.9448,-7.6463],[130.9445,-7.6408],[130.9474,-7.6398],[130.9499,-7.6456]]],[[[128.7494,-3.2928],[128.6714,-3.3714],[128.6978,-3.4097],[128.6732,-3.4332],[128.4356,-3.4493],[128.2693,-3.2037],[128.1994,-3.204],[128.1818,-3.2309],[128.1586,-3.1599],[128.2017,-3.127],[128.1994,-3.0757],[128.1608,-3.0671],[128.0832,-3.1454],[128.0551,-3.3402],[127.9833,-3.3849],[127.9461,-3.4654],[127.9595,-3.5283],[127.9235,-3.5654],[127.8954,-3.4916],[127.9426,-3.351],[127.8375,-3.1576],[127.9127,-3.1507],[127.9999,-3.0707],[128.1131,-3.0643],[128.0882,-3.0182],[128.1192,-2.9741],[128.0708,-2.9736],[128.1331,-2.9376],[128.1625,-2.8638],[128.3977,-2.8707],[128.5109,-2.8339],[128.8389,-2.8663],[129.047,-2.7945],[129.0777,-2.8561],[129.064,-2.9041],[129.1315,-2.9693],[129.1918,-2.9592],[129.186,-2.9223],[129.2125,-2.9544],[129.2195,-2.9514],[129.2235,-2.9221],[129.3375,-2.8654],[129.3771,-2.7895],[129.5209,-2.7982],[129.5274,-2.7729],[129.7824,-2.8636],[129.8137,-2.9141],[129.8803,-2.8972],[129.9105,-2.9438],[130.0359,-3.0042],[130.1536,-2.9865],[130.195,-3.0104],[130.3527,-2.9746],[130.4949,-3.1024],[130.5767,-3.1247],[130.6641,-3.4006],[130.8052,-3.407],[130.8404,-3.4537],[130.8051,-3.483],[130.8822,-3.5945],[130.8218,-3.7021],[130.8212,-3.8345],[130.8508,-3.8637],[130.8323,-3.8753],[130.8188,-3.851],[130.7672,-3.8282],[130.6195,-3.7921],[130.5703,-3.723],[130.4857,-3.7075],[130.4169,-3.6323],[130.0205,-3.4839],[129.9299,-3.3387],[129.5199,-3.2993],[129.4969,-3.3273],[129.5661,-3.4137],[129.5333,-3.47],[129.0853,-3.3417],[128.9349,-3.3562],[128.9176,-3.3401],[128.9709,-3.2638],[128.9336,-3.2099],[128.8583,-3.2119],[128.7494,-3.2928]]],[[[130.8341,-7.495],[130.8235,-7.4947],[130.8199,-7.4794],[130.8282,-7.4838],[130.8341,-7.495]]],[[[130.7974,-3.8618],[130.8186,-3.8514],[130.8215,-3.8687],[130.8189,-3.8715],[130.7974,-3.8618]]],[[[130.765,-3.311],[130.78,-3.2978],[130.8042,-3.3274],[130.78,-3.3316],[130.765,-3.311]]],[[[130.7042,-8.2641],[130.6971,-8.2618],[130.7093,-8.2508],[130.7141,-8.2543],[130.7042,-8.2641]]],[[[130.306,-5.5384],[130.3104,-5.5449],[130.3016,-5.5488],[130.2997,-5.5413],[130.306,-5.5384]]],[[[130.0351,-7.7638],[130.0687,-7.753],[130.0929,-7.77],[130.0806,-7.7893],[130.0351,-7.7638]]],[[[130.0474,-4.5946],[130.0334,-4.6023],[130.0303,-4.5868],[130.0392,-4.5785],[130.0474,-4.5946]]],[[[129.9909,-7.7248],[130.0025,-7.6964],[130.026,-7.7426],[130.0001,-7.742],[129.9909,-7.7248]]],[[[130.0256,-6.3231],[130.0109,-6.3198],[129.9993,-6.3017],[130.0238,-6.3057],[130.0256,-6.3231]]],[[[129.9821,-6.3012],[129.9844,-6.2965],[129.9885,-6.3035],[129.9859,-6.305],[129.9821,-6.3012]]],[[[129.951,-4.5586],[129.9341,-4.5726],[129.8607,-4.5563],[129.9213,-4.5453],[129.9468,-4.5079],[129.951,-4.5586]]],[[[129.8581,-8.1831],[129.8155,-8.2114],[129.8482,-8.1418],[129.9241,-8.0921],[129.8581,-8.1831]]],[[[129.9091,-4.5175],[129.895,-4.5285],[129.8946,-4.5022],[129.9064,-4.5062],[129.9091,-4.5175]]],[[[129.8915,-4.5149],[129.8879,-4.5359],[129.866,-4.5231],[129.8785,-4.505],[129.8915,-4.5149]]],[[[129.8088,-7.8147],[129.8557,-7.8427],[129.8653,-7.9151],[129.7928,-8.0429],[129.7336,-8.0509],[129.5829,-7.8998],[129.5908,-7.8325],[129.667,-7.7871],[129.8088,-7.8147]]],[[[129.7753,-4.5379],[129.7639,-4.5228],[129.7656,-4.5174],[129.7843,-4.5241],[129.7753,-4.5379]]],[[[129.6959,-7.5699],[129.6618,-7.5548],[129.6658,-7.5284],[129.7253,-7.5514],[129.6959,-7.5699]]],[[[129.6825,-4.5643],[129.6668,-4.5617],[129.694,-4.5429],[129.6947,-4.5523],[129.6825,-4.5643]]],[[[129.5441,-7.9508],[129.5171,-7.9319],[129.5156,-7.8431],[129.5703,-7.909],[129.5441,-7.9508]]],[[[129.5009,-6.7144],[129.5368,-6.7237],[129.5117,-6.7586],[129.4875,-6.7491],[129.5009,-6.7144]]],[[[129.1331,-6.9567],[129.1585,-6.9547],[129.1561,-6.9854],[129.1279,-6.9835],[129.1331,-6.9567]]],[[[129.0692,-2.8955],[129.0745,-2.8897],[129.082,-2.8956],[129.0753,-2.9042],[129.0692,-2.8955]]],[[[129.0321,-8.2226],[129.0092,-8.2608],[128.8257,-8.2013],[128.965,-8.1855],[129.0321,-8.2226]]],[[[129.0236,-2.7436],[129.0267,-2.7476],[129.0232,-2.7537],[129.0189,-2.7462],[129.0236,-2.7436]]],[[[128.9811,-2.7434],[128.9804,-2.7314],[128.996,-2.7286],[128.9872,-2.7326],[128.9811,-2.7434]]],[[[128.8067,-3.6845],[128.7666,-3.6929],[128.7611,-3.6479],[128.805,-3.6452],[128.8067,-3.6845]]],[[[128.7799,-8.1769],[128.7574,-8.1613],[128.7892,-8.1635],[128.7988,-8.1993],[128.7799,-8.1769]]],[[[128.6736,-3.5393],[128.6939,-3.4947],[128.7302,-3.5127],[128.7285,-3.6223],[128.6546,-3.5728],[128.6456,-3.6299],[128.5547,-3.5297],[128.5811,-3.4938],[128.6736,-3.5393]]],[[[128.7149,-8.1792],[128.693,-8.1857],[128.6824,-8.166],[128.7006,-8.1663],[128.7149,-8.1792]]],[[[128.6996,-7.1068],[128.6573,-7.1378],[128.6891,-7.1655],[128.6475,-7.2175],[128.5252,-7.1445],[128.5945,-7.066],[128.6996,-7.1068]]],[[[128.6103,-3.6406],[128.6135,-3.6496],[128.6119,-3.6575],[128.6039,-3.6285],[128.6103,-3.6406]]],[[[128.5696,-7.2963],[128.5665,-7.3106],[128.5604,-7.3161],[128.5625,-7.2821],[128.5696,-7.2963]]],[[[128.5682,-7.3604],[128.5641,-7.3801],[128.5542,-7.3807],[128.5551,-7.3542],[128.5682,-7.3604]]],[[[128.5454,-3.5382],[128.5644,-3.5993],[128.401,-3.6331],[128.4215,-3.5244],[128.5454,-3.5382]]],[[[128.5005,-8.3305],[128.5026,-8.3414],[128.4972,-8.3193],[128.5005,-8.3305]]],[[[128.405,-8.1926],[128.4075,-8.1877],[128.4148,-8.1912],[128.405,-8.1926]]],[[[128.2669,-3.6409],[128.3009,-3.6793],[128.2644,-3.7292],[128.0961,-3.7936],[128.2399,-3.6308],[127.9984,-3.7812],[127.9436,-3.7747],[127.9175,-3.7194],[127.9225,-3.6809],[128.0255,-3.5929],[128.168,-3.5876],[128.2583,-3.4949],[128.3371,-3.502],[128.3525,-3.5288],[128.3217,-3.5684],[128.3557,-3.6287],[128.2614,-3.6181],[128.2669,-3.6409]]],[[[128.1491,-8.2777],[128.0811,-8.2596],[128.0922,-8.207],[128.2198,-8.2097],[128.2324,-8.2728],[128.1491,-8.2777]]],[[[128.1727,-3.2279],[128.1672,-3.2301],[128.1611,-3.2254],[128.1712,-3.2172],[128.1727,-3.2279]]],[[[127.9039,-8.1299],[128.0897,-8.137],[128.1267,-8.1631],[128.0432,-8.26],[128.0058,-8.2579],[127.8021,-8.1915],[127.7622,-8.1127],[127.9039,-8.1299]]],[[[128.0579,-3.0089],[128.0483,-3.016],[128.0553,-2.9945],[128.0596,-2.9961],[128.0579,-3.0089]]],[[[127.9702,-2.9754],[127.9148,-3.0384],[127.8307,-3.0311],[127.8813,-2.9591],[127.9051,-2.9559],[127.9145,-2.9502],[127.9242,-2.9352],[127.9416,-2.9385],[127.92,-2.9123],[128.0022,-2.9348],[127.9702,-2.9754]]],[[[127.913,-2.9284],[127.9211,-2.9387],[127.8786,-2.9568],[127.8982,-2.9326],[127.913,-2.9284]]],[[[127.7911,-3.1647],[127.7763,-3.154],[127.835,-3.1559],[127.8063,-3.1713],[127.7911,-3.1647]]],[[[127.7987,-3.2162],[127.7891,-3.2567],[127.7042,-3.2595],[127.638,-3.2246],[127.7607,-3.1514],[127.7987,-3.2162]]],[[[127.7283,-8.2182],[127.6434,-8.2387],[127.6008,-8.2126],[127.6917,-8.1542],[127.7518,-8.1839],[127.7283,-8.2182]]],[[[127.6075,-3.2978],[127.6549,-3.3672],[127.5063,-3.3294],[127.4871,-3.2986],[127.5677,-3.2563],[127.6075,-3.2978]]],[[[127.596,-7.5946],[127.5827,-7.5604],[127.5889,-7.5485],[127.6178,-7.5988],[127.5984,-7.621],[127.596,-7.5946]]],[[[127.5603,-3.2504],[127.5573,-3.2578],[127.5432,-3.2495],[127.5468,-3.2466],[127.5603,-3.2504]]],[[[127.544,-7.5265],[127.5448,-7.5405],[127.5407,-7.5431],[127.5364,-7.5319],[127.544,-7.5265]]],[[[127.5317,-3.2565],[127.5386,-3.2589],[127.5317,-3.2619],[127.5317,-3.2565]]],[[[127.427,-7.5116],[127.4873,-7.5238],[127.4817,-7.5756],[127.4082,-7.601],[127.3864,-7.6492],[127.3397,-7.6491],[127.3243,-7.613],[127.371,-7.5852],[127.3654,-7.501],[127.427,-7.5116]]],[[[127.4283,-7.6369],[127.4258,-7.6298],[127.4283,-7.6279],[127.4326,-7.6331],[127.4283,-7.6369]]],[[[127.2856,-7.529],[127.2754,-7.5165],[127.299,-7.5132],[127.2943,-7.53],[127.2856,-7.529]]],[[[127.2063,-3.668],[127.0512,-3.6891],[126.9559,-3.7694],[126.8109,-3.8046],[126.7357,-3.8578],[126.5152,-3.7947],[126.1814,-3.6126],[126.1523,-3.5273],[126.0719,-3.475],[126.0072,-3.3584],[126.0174,-3.1739],[126.094,-3.1114],[126.2011,-3.1859],[126.2996,-3.0935],[126.7083,-3.0565],[126.791,-3.0592],[126.8885,-3.1261],[126.9872,-3.1399],[127.111,-3.235],[127.1173,-3.2799],[127.0312,-3.2728],[127.0748,-3.3737],[127.1339,-3.3795],[127.1601,-3.3367],[127.2673,-3.386],[127.251,-3.5932],[127.2063,-3.668]]],[[[127.244,-3.8748],[127.2158,-3.9039],[127.1422,-3.8485],[127.1986,-3.816],[127.244,-3.8748]]],[[[127.2283,-8.1047],[127.1477,-8.1019],[127.1375,-8.0351],[127.2014,-8.0141],[127.2283,-8.1047]]],[[[126.6801,-7.62],[126.7269,-7.6674],[126.8083,-7.655],[126.8427,-7.7339],[126.6959,-7.7506],[126.5618,-7.8148],[126.4661,-7.975],[126.4234,-7.932],[126.1774,-7.9254],[126.0716,-7.8876],[125.9443,-7.9175],[125.7888,-8.0067],[125.8269,-7.9159],[125.8061,-7.8628],[125.8708,-7.8148],[125.8627,-7.7673],[125.9146,-7.745],[125.9474,-7.662],[126.1847,-7.7276],[126.2383,-7.6876],[126.3234,-7.6951],[126.3795,-7.6379],[126.5363,-7.5718],[126.6324,-7.5585],[126.6393,-7.6052],[126.6801,-7.62]]],[[[126.6555,-6.6375],[126.6605,-6.6317],[126.6646,-6.6405],[126.6604,-6.6418],[126.6555,-6.6375]]],[[[126.0089,-3.2028],[126.0109,-3.2051],[126.0062,-3.2096],[126.0042,-3.2066],[126.0089,-3.2028]]],[[[126.006,-3.2923],[126.007,-3.3004],[125.9954,-3.2997],[125.9965,-3.2866],[126.006,-3.2923]]],[[[126.0047,-3.2331],[126.0065,-3.2386],[125.9958,-3.2509],[126.0043,-3.2191],[126.0047,-3.2331]]],[[[125.908,-7.6704],[125.9239,-7.6599],[125.9318,-7.67],[125.9187,-7.6784],[125.908,-7.6704]]],[[[125.746,-8.0462],[125.7353,-8.0592],[125.7335,-7.9667],[125.7466,-7.9867],[125.7622,-7.9976],[125.746,-8.0462]]],[[[125.7473,-7.9666],[125.753,-7.978],[125.7465,-7.9819],[125.7449,-7.9776],[125.7473,-7.9666]]]]}},{"type":"Feature","properties":{"district":"Maluku Utara","constituency_code":"31","electorate_type":"Indonesia"},"geometry":{"type":"MultiPolygon","coordinates":[[[[129.8975,0.2732],[129.8817,0.2772],[129.852,0.323],[129.9136,0.3105],[129.8975,0.2732]]],[[[129.8724,0.3474],[129.8721,0.341],[129.8585,0.3461],[129.8641,0.3475],[129.8724,0.3474]]],[[[129.6332,-0.0497],[129.6159,-0.0351],[129.632,-0.0564],[129.6074,-0.0641],[129.5837,-0.0104],[129.606,-0.0071],[129.6525,-0.0486],[129.6552,-0.0675],[129.6332,-0.0497]]],[[[129.6243,0.0208],[129.6292,0.0232],[129.6371,0.0101],[129.6267,0.0072],[129.6243,0.0208]]],[[[129.4346,-0.0546],[129.5466,-0.1304],[129.5747,-0.1985],[129.537,-0.2133],[129.457,-0.0893],[129.3824,-0.0721],[129.3654,-0.0066],[129.2808,0.0493],[129.3947,-0.0099],[129.4346,-0.0546]]],[[[129.4252,-0.11],[129.4109,-0.0917],[129.4214,-0.0814],[129.435,-0.1007],[129.4252,-0.11]]],[[[128.9495,0.18],[128.942,0.1927],[128.9789,0.1678],[128.9776,0.1654],[128.9495,0.18]]],[[[128.9118,-1.3842],[128.9244,-1.3789],[128.9301,-1.3847],[128.9162,-1.3983],[128.9118,-1.3842]]],[[[128.6807,0.4763],[128.6725,0.342],[128.8354,0.2927],[128.8997,0.211],[128.8452,0.261],[128.5586,0.3182],[128.4571,0.4019],[128.2807,0.3963],[128.0801,0.4765],[127.9294,0.4652],[127.8794,0.3536],[127.8715,0.2976],[127.9182,0.2745],[127.9237,0.2156],[127.8898,-0.0043],[128.0492,-0.4173],[128.2131,-0.6977],[128.4567,-0.9077],[128.3127,-0.8631],[128.2909,-0.8808],[128.2257,-0.8374],[128.2835,-0.8356],[128.227,-0.7744],[128.2473,-0.7688],[128.2475,-0.7644],[128.0121,-0.6786],[127.8639,-0.3654],[127.7508,-0.32],[127.6632,-0.2209],[127.7221,0.0723],[127.6847,0.0986],[127.696,0.1852],[127.7344,0.3102],[127.7073,0.3525],[127.6233,0.3594],[127.5274,0.5526],[127.5476,0.7278],[127.6022,0.7577],[127.639,0.8522],[127.5581,0.8774],[127.5286,0.8584],[127.5415,0.8803],[127.4908,0.9037],[127.5118,0.973],[127.4739,1.0052],[127.4993,1.0493],[127.4242,1.0323],[127.3967,1.062],[127.4318,1.1425],[127.4073,1.2339],[127.5208,1.4342],[127.513,1.5555],[127.5513,1.5963],[127.5487,1.6651],[127.5546,1.6394],[127.5828,1.6628],[127.5522,1.7135],[127.7053,1.9438],[127.9562,2.221],[127.9834,2.1802],[128.0529,2.201],[128.0669,2.1802],[127.9536,2.0384],[127.9521,1.9923],[127.8514,1.9251],[127.8419,1.8495],[127.8627,1.8051],[127.9328,1.8088],[128.0155,1.7238],[127.9877,1.617],[128.0372,1.5814],[128.0238,1.4061],[127.9875,1.3641],[128.0098,1.3122],[127.9206,1.2293],[127.9031,1.1502],[127.825,1.1472],[127.7584,1.069],[127.6561,1.0276],[127.6311,0.9221],[127.7539,0.8078],[127.8438,0.8052],[127.9308,0.8768],[127.9333,1.0047],[127.9825,1.0874],[128.1657,1.1245],[128.1949,1.1648],[128.1799,1.2427],[128.0864,1.2555],[128.1758,1.3752],[128.4651,1.5495],[128.5064,1.5316],[128.6266,1.5824],[128.7218,1.5729],[128.729,1.5332],[128.697,1.5364],[128.6794,1.4935],[128.7128,1.4173],[128.7582,1.3946],[128.6908,1.1984],[128.7,1.0684],[128.4411,0.9297],[128.3343,0.912],[128.2796,0.8653],[128.3125,0.8166],[128.2482,0.8402],[128.1983,0.7895],[128.3192,0.6557],[128.5721,0.562],[128.6783,0.5503],[128.6807,0.4763]]],[[[128.8703,0.4762],[128.8738,0.4642],[128.8744,0.4548],[128.8613,0.4748],[128.8703,0.4762]]],[[[128.8469,0.5272],[128.8594,0.4905],[128.8057,0.5617],[128.8173,0.5626],[128.8469,0.5272]]],[[[128.7363,-1.5186],[128.7254,-1.5206],[128.7265,-1.5053],[128.7341,-1.5059],[128.7363,-1.5186]]],[[[128.7089,-1.5176],[128.7044,-1.512],[128.71,-1.5071],[128.7156,-1.5139],[128.7089,-1.5176]]],[[[128.6314,2.5371],[128.6876,2.5019],[128.6935,2.4224],[128.6504,2.3692],[128.5777,2.1117],[128.51,2.0607],[128.3005,2.036],[128.2895,2.0064],[128.2622,1.9836],[128.2931,2.0545],[128.2459,2.1243],[128.246,2.25],[128.1974,2.2808],[128.2845,2.3719],[128.2978,2.4418],[128.4615,2.5958],[128.5301,2.5798],[128.5667,2.6452],[128.6314,2.5371]]],[[[128.6474,0.5751],[128.6644,0.5738],[128.6647,0.5642],[128.6384,0.564],[128.6474,0.5751]]],[[[128.6417,0.6318],[128.6473,0.6236],[128.6462,0.6223],[128.6329,0.6308],[128.6417,0.6318]]],[[[128.6449,-1.5086],[128.6316,-1.5121],[128.6297,-1.506],[128.6397,-1.4984],[128.6449,-1.5086]]],[[[128.62,0.5666],[128.6284,0.567],[128.6299,0.5603],[128.6207,0.5615],[128.62,0.5666]]],[[[128.5927,-0.6301],[128.6047,-0.6379],[128.6011,-0.6524],[128.5864,-0.6393],[128.5927,-0.6301]]],[[[128.5349,0.6394],[128.538,0.6325],[128.5214,0.6247],[128.5216,0.6319],[128.5349,0.6394]]],[[[128.5081,-0.6036],[128.5009,-0.6057],[128.4951,-0.5993],[128.5087,-0.5991],[128.5081,-0.6036]]],[[[128.475,-0.5904],[128.4787,-0.5833],[128.4875,-0.5923],[128.4791,-0.5919],[128.475,-0.5904]]],[[[128.4194,-1.104],[128.3691,-1.1225],[128.3438,-1.0892],[128.3696,-1.0732],[128.4119,-1.0892],[128.4483,-1.1246],[128.4194,-1.104]]],[[[128.4311,-0.5708],[128.4408,-0.5764],[128.4264,-0.5913],[128.4273,-0.5778],[128.4311,-0.5708]]],[[[128.4255,-1.1555],[128.4165,-1.1602],[128.4096,-1.1568],[128.4346,-1.1516],[128.4255,-1.1555]]],[[[128.4098,-0.6039],[128.4131,-0.5947],[128.4188,-0.5987],[128.4098,-0.6039]]],[[[128.405,-0.9925],[128.3954,-0.99],[128.4043,-0.9903],[128.4167,-1.0026],[128.4142,-1.0281],[128.3572,-1.0376],[128.3077,-0.945],[128.3804,-0.999],[128.405,-0.9925]]],[[[128.3992,-0.556],[128.4063,-0.5516],[128.4096,-0.5513],[128.4035,-0.5605],[128.3992,-0.556]]],[[[128.3782,-1.1335],[128.4052,-1.1497],[128.4056,-1.1541],[128.3642,-1.1356],[128.3782,-1.1335]]],[[[128.3459,-0.5395],[128.3706,-0.5276],[128.4035,-0.5495],[128.3416,-0.5514],[128.3459,-0.5395]]],[[[128.3918,-1.1218],[128.4014,-1.1219],[128.4002,-1.1379],[128.3862,-1.1256],[128.3918,-1.1218]]],[[[128.3439,-0.5707],[128.3491,-0.5775],[128.3612,-0.5751],[128.3487,-0.5831],[128.3296,-0.5761],[128.3439,-0.5707]]],[[[128.3552,-1.6041],[128.3542,-1.6531],[128.2948,-1.6451],[128.3137,-1.6136],[128.3552,-1.6041]]],[[[128.3536,-1.0477],[128.3398,-1.0544],[128.3349,-1.043],[128.3475,-1.0354],[128.3536,-1.0477]]],[[[128.3248,0.795],[128.3423,0.8034],[128.3521,0.7993],[128.3368,0.774],[128.3248,0.795]]],[[[128.3474,-1.1156],[128.3454,-1.1218],[128.3292,-1.1158],[128.3377,-1.108],[128.3474,-1.1156]]],[[[128.3405,-1.1017],[128.342,-1.1075],[128.3354,-1.1054],[128.3405,-1.1017]]],[[[128.3366,-1.0957],[128.3414,-1.0981],[128.3389,-1.1014],[128.3338,-1.0997],[128.3366,-1.0957]]],[[[128.3408,-0.5523],[128.3244,-0.5557],[128.316,-0.5496],[128.3306,-0.5477],[128.3408,-0.5523]]],[[[128.3297,0.8272],[128.322,0.8282],[128.3194,0.8412],[128.3298,0.8362],[128.3297,0.8272]]],[[[128.2966,0.787],[128.301,0.7767],[128.2976,0.772],[128.2954,0.7786],[128.2966,0.787]]],[[[128.2702,2.0457],[128.2681,2.0519],[128.2714,2.0528],[128.273,2.0444],[128.2702,2.0457]]],[[[128.2549,0.8098],[128.2516,0.8053],[128.2595,0.7902],[128.2416,0.8124],[128.2549,0.8098]]],[[[128.2528,2.0538],[128.2448,2.0573],[128.2485,2.0619],[128.2551,2.0591],[128.2528,2.0538]]],[[[128.2402,-1.0404],[128.2424,-1.0423],[128.2503,-1.0454],[128.2353,-1.0442],[128.2402,-1.0404]]],[[[128.2292,-1.061],[128.2265,-1.0405],[128.2307,-1.0387],[128.235,-1.0644],[128.2292,-1.061]]],[[[128.2319,2.1322],[128.2268,2.1274],[128.2213,2.1354],[128.2255,2.1408],[128.2319,2.1322]]],[[[128.206,2.1962],[128.2063,2.2049],[128.2105,2.2094],[128.2113,2.1921],[128.206,2.1962]]],[[[128.1905,2.0928],[128.1933,2.0905],[128.1924,2.0844],[128.1849,2.0924],[128.1905,2.0928]]],[[[128.1809,2.3094],[128.16,2.2884],[128.1257,2.3271],[128.1664,2.4125],[128.1809,2.3094]]],[[[128.1778,-1.0327],[128.1785,-1.0403],[128.1742,-1.033],[128.1778,-1.0327]]],[[[127.7042,-1.3483],[127.7921,-1.3721],[127.8374,-1.4348],[127.9362,-1.4491],[127.9913,-1.512],[128.0764,-1.5654],[128.0777,-1.5814],[128.0995,-1.579],[128.111,-1.5605],[128.1202,-1.5654],[128.1658,-1.6177],[128.1551,-1.6842],[128.0207,-1.7257],[127.9056,-1.6843],[127.7196,-1.6861],[127.5975,-1.7378],[127.4994,-1.7247],[127.41,-1.6632],[127.4028,-1.538],[127.444,-1.4343],[127.4147,-1.4202],[127.5037,-1.4534],[127.5142,-1.4166],[127.6418,-1.3308],[127.7042,-1.3483]]],[[[128.1517,-0.8071],[128.1401,-0.8087],[128.14,-0.8047],[128.1517,-0.8048],[128.1517,-0.8071]]],[[[128.1227,-0.845],[128.1212,-0.8527],[128.1153,-0.8557],[128.1143,-0.8462],[128.1227,-0.845]]],[[[128.098,-0.8441],[128.1053,-0.8605],[128.0798,-0.8512],[128.0848,-0.8389],[128.098,-0.8441]]],[[[128.0884,-1.5628],[128.1009,-1.5609],[128.0947,-1.5777],[128.0844,-1.5722],[128.0884,-1.5628]]],[[[128.0852,-1.5399],[128.0862,-1.5356],[128.0925,-1.5399],[128.0852,-1.5399]]],[[[128.0623,1.7345],[128.0718,1.744],[128.0748,1.7177],[128.0677,1.716],[128.0623,1.7345]]],[[[128.0596,-1.5452],[128.0586,-1.5367],[128.0657,-1.5359],[128.0689,-1.5396],[128.0596,-1.5452]]],[[[128.0469,1.5754],[128.0517,1.5809],[128.0674,1.5652],[128.0511,1.5565],[128.0469,1.5754]]],[[[128.0545,1.6765],[128.0558,1.6718],[128.0541,1.6659],[128.0487,1.6742],[128.0545,1.6765]]],[[[128.0383,1.7486],[128.0496,1.7528],[128.0526,1.7406],[128.0421,1.7489],[128.0383,1.7486]]],[[[128.042,1.5625],[128.0469,1.5575],[128.0403,1.5585],[128.042,1.5625]]],[[[128.0429,-1.5271],[128.042,-1.5385],[128.0314,-1.5288],[128.0377,-1.5262],[128.0429,-1.5271]]],[[[128.0209,1.7274],[128.0238,1.7327],[128.0293,1.7301],[128.0255,1.7257],[128.0209,1.7274]]],[[[128.0232,1.2912],[128.0175,1.282],[128.0076,1.2817],[128.0229,1.3001],[128.0232,1.2912]]],[[[128.0128,1.7682],[127.9958,1.7908],[127.9988,1.7958],[128.0195,1.7713],[128.0128,1.7682]]],[[[127.9936,-1.5047],[127.9891,-1.5013],[127.9878,-1.4866],[127.9985,-1.5004],[127.9936,-1.5047]]],[[[127.9294,0.9959],[127.9302,0.9898],[127.9243,0.9921],[127.9294,0.9959]]],[[[127.5869,-0.3501],[127.6175,-0.413],[127.6925,-0.4559],[127.5972,-0.6195],[127.6433,-0.6267],[127.6715,-0.7098],[127.797,-0.6786],[127.8739,-0.7181],[127.8976,-0.7987],[127.8261,-0.8544],[127.7325,-0.8713],[127.7496,-0.8589],[127.6583,-0.8119],[127.6296,-0.7409],[127.4746,-0.8234],[127.4422,-0.7391],[127.4808,-0.63],[127.4091,-0.6209],[127.3901,-0.5877],[127.36,-0.5787],[127.3465,-0.5404],[127.3066,-0.5127],[127.2912,-0.4568],[127.3387,-0.384],[127.3236,-0.3292],[127.3725,-0.3171],[127.4507,-0.4188],[127.521,-0.3009],[127.5869,-0.3501]]],[[[127.8953,0.3439],[127.8939,0.3555],[127.8972,0.337],[127.8953,0.3439]]],[[[127.8781,-1.4242],[127.8654,-1.4281],[127.8694,-1.4198],[127.8781,-1.4242]]],[[[127.8189,2.254],[127.7875,2.2168],[127.7568,2.2631],[127.7779,2.2944],[127.8189,2.254]]],[[[127.7869,2.1131],[127.768,2.1145],[127.7683,2.1238],[127.7736,2.1287],[127.7869,2.1131]]],[[[127.7577,2.2045],[127.7649,2.211],[127.7739,2.2033],[127.7658,2.1978],[127.7577,2.2045]]],[[[127.7702,2.1521],[127.7325,2.1758],[127.722,2.1929],[127.7588,2.1854],[127.7702,2.1521]]],[[[127.7413,-0.3812],[127.7256,-0.3954],[127.7443,-0.3269],[127.758,-0.3749],[127.7413,-0.3812]]],[[[127.7255,-0.4129],[127.7317,-0.4132],[127.7426,-0.4274],[127.7341,-0.4296],[127.7255,-0.4129]]],[[[127.6471,-1.2206],[127.6963,-1.2288],[127.6761,-1.2931],[127.4653,-1.2496],[127.5134,-1.1771],[127.6471,-1.2206]]],[[[127.5721,-1.8657],[127.5807,-1.8302],[127.6447,-1.8267],[127.636,-1.8459],[127.5721,-1.8657]]],[[[127.5681,-0.3091],[127.5458,-0.3094],[127.5424,-0.3008],[127.5633,-0.3002],[127.5681,-0.3091]]],[[[127.5302,1.6742],[127.5415,1.6847],[127.5453,1.6703],[127.5302,1.6742]]],[[[127.4985,1.6729],[127.5246,1.72],[127.5326,1.7164],[127.5328,1.6864],[127.4985,1.6729]]],[[[127.5177,0.881],[127.5221,0.8835],[127.5243,0.8797],[127.5216,0.8774],[127.5177,0.881]]],[[[127.5003,0.8807],[127.5039,0.8761],[127.5018,0.866],[127.4974,0.8691],[127.5003,0.8807]]],[[[127.4873,1.6604],[127.4844,1.6547],[127.4846,1.6744],[127.488,1.6723],[127.4873,1.6604]]],[[[127.47,-0.0499],[127.4683,-0.0586],[127.4632,-0.0567],[127.4691,-0.0407],[127.47,-0.0499]]],[[[127.4641,0.0576],[127.4572,0.0074],[127.467,-0.0407],[127.4317,0.0212],[127.404,0.0175],[127.4297,0.1349],[127.4573,0.1332],[127.4641,0.0576]]],[[[127.4551,0.7218],[127.4318,0.6324],[127.3785,0.6308],[127.3853,0.7477],[127.4551,0.7218]]],[[[127.4063,0.2792],[127.3458,0.3359],[127.4172,0.3748],[127.4431,0.3252],[127.4063,0.2792]]],[[[127.4095,-1.1779],[127.4117,-1.1364],[127.4361,-1.217],[127.4155,-1.2118],[127.4095,-1.1779]]],[[[127.3764,-1.3205],[127.3902,-1.3123],[127.4344,-1.3167],[127.4136,-1.3323],[127.3764,-1.3205]]],[[[127.4307,-0.0741],[127.4201,-0.068],[127.4219,-0.0594],[127.4338,-0.0628],[127.4307,-0.0741]]],[[[127.4304,0.1532],[127.4338,0.1507],[127.4327,0.1452],[127.4278,0.149],[127.4304,0.1532]]],[[[127.4333,0.443],[127.4001,0.4328],[127.3857,0.4707],[127.4186,0.4792],[127.4333,0.443]]],[[[127.4264,-0.3508],[127.4327,-0.3518],[127.4307,-0.3589],[127.4225,-0.3552],[127.4264,-0.3508]]],[[[127.4271,0.0097],[127.4294,-0.0054],[127.4214,-0.0107],[127.4185,0.0015],[127.4271,0.0097]]],[[[127.4073,-0.0951],[127.4026,-0.0713],[127.4173,-0.0159],[127.4277,-0.0468],[127.4156,-0.0542],[127.4073,-0.0951]]],[[[127.4146,-0.6557],[127.349,-0.6585],[127.334,-0.6078],[127.3858,-0.6115],[127.4146,-0.6557]]],[[[127.3783,-1.5058],[127.3907,-1.4841],[127.4106,-1.5007],[127.395,-1.5241],[127.3783,-1.5058]]],[[[127.3999,-0.3225],[127.4096,-0.3205],[127.4071,-0.3401],[127.4,-0.3358],[127.3999,-0.3225]]],[[[127.3801,0.5608],[127.3946,0.5857],[127.4094,0.5836],[127.4061,0.5681],[127.3801,0.5608]]],[[[127.3887,-1.3875],[127.3943,-1.4122],[127.3259,-1.4542],[127.2816,-1.4151],[127.3222,-1.3658],[127.3887,-1.3875]]],[[[127.392,-0.5981],[127.3884,-0.6054],[127.381,-0.5987],[127.3881,-0.5914],[127.392,-0.5981]]],[[[127.3885,0.8121],[127.3708,0.759],[127.3147,0.7571],[127.294,0.791],[127.3273,0.8677],[127.3885,0.8121]]],[[[127.373,0.7411],[127.379,0.7308],[127.369,0.7239],[127.362,0.7339],[127.373,0.7411]]],[[[127.3277,-0.6103],[127.3318,-0.5997],[127.3365,-0.6029],[127.3277,-0.6103]]],[[[127.2697,-0.6645],[127.3042,-0.6854],[127.2943,-0.731],[127.3346,-0.7859],[127.312,-0.7963],[127.1647,-0.7477],[127.212,-0.6723],[127.1968,-0.6139],[127.2578,-0.6051],[127.2697,-0.6645]]],[[[127.3285,-0.6391],[127.3338,-0.6542],[127.311,-0.6209],[127.3273,-0.6202],[127.3285,-0.6391]]],[[[127.3052,0.8962],[127.3147,0.9141],[127.3311,0.8923],[127.3177,0.8815],[127.3052,0.8962]]],[[[127.3024,-0.6454],[127.3062,-0.6303],[127.3237,-0.66],[127.321,-0.6617],[127.3024,-0.6454]]],[[[127.2993,-0.229],[127.3095,-0.2264],[127.3155,-0.2319],[127.3049,-0.2416],[127.2993,-0.229]]],[[[127.3027,-0.281],[127.255,-0.2944],[127.2881,-0.3743],[127.2631,-0.4061],[127.2787,-0.4513],[127.2567,-0.4734],[127.2649,-0.4903],[127.1711,-0.5306],[127.1281,-0.5159],[127.1183,-0.4753],[127.1565,-0.4733],[127.1043,-0.4225],[127.1398,-0.3218],[127.1092,-0.2871],[127.2401,-0.2453],[127.3027,-0.281]]],[[[127.2977,-0.3436],[127.288,-0.3498],[127.2808,-0.3469],[127.2902,-0.3338],[127.2977,-0.3436]]],[[[127.2744,-0.4961],[127.296,-0.4933],[127.2914,-0.526],[127.2732,-0.5105],[127.2744,-0.4961]]],[[[127.2771,-0.5384],[127.2791,-0.5312],[127.2833,-0.5311],[127.2839,-0.5368],[127.2771,-0.5384]]],[[[127.2697,-0.4851],[127.2639,-0.4808],[127.2761,-0.483],[127.2697,-0.4851]]],[[[127.2062,-0.1232],[127.2401,-0.0782],[127.2715,-0.0735],[127.2613,-0.1254],[127.2062,-0.1232]]],[[[127.2611,-0.5015],[127.2678,-0.5011],[127.2697,-0.5298],[127.2525,-0.5112],[127.2611,-0.5015]]],[[[127.251,-0.0251],[127.2479,-0.0328],[127.2433,-0.0315],[127.2438,-0.0272],[127.251,-0.0251]]],[[[127.2406,-0.5521],[127.2305,-0.5429],[127.2296,-0.536],[127.2476,-0.5449],[127.2406,-0.5521]]],[[[127.2233,0.0381],[127.2301,0.0253],[127.2262,0.0217],[127.2168,0.0316],[127.2233,0.0381]]],[[[127.2201,0.1332],[127.213,0.1339],[127.2081,0.141],[127.2196,0.1441],[127.2201,0.1332]]],[[[127.1844,-0.0132],[127.1964,-0.0183],[127.1666,-0.0138],[127.1732,-0.012],[127.1844,-0.0132]]],[[[127.1626,-0.7581],[127.1637,-0.7512],[127.1702,-0.7586],[127.1626,-0.7581]]],[[[127.1535,0.1575],[127.1463,0.1509],[127.1456,0.1591],[127.1535,0.1575]]],[[[127.1091,-0.2517],[127.0907,-0.2158],[127.1468,-0.1809],[127.1262,-0.2353],[127.1091,-0.2517]]],[[[127.1107,0.1423],[127.1187,0.1488],[127.1352,0.13],[127.1195,0.1299],[127.1107,0.1423]]],[[[127.0637,-0.2729],[127.0378,-0.286],[127.0209,-0.2618],[127.0431,-0.2743],[127.0613,-0.2287],[127.0916,-0.2578],[127.0637,-0.2729]]],[[[127.0622,-0.2888],[127.0565,-0.2945],[127.0612,-0.2753],[127.063,-0.278],[127.0622,-0.2888]]],[[[126.4492,-1.8383],[126.4128,-1.8276],[126.3509,-1.828],[126.4727,-1.8054],[126.4804,-1.8321],[126.4492,-1.8383]]],[[[126.3995,1.3014],[126.3581,1.3192],[126.3697,1.3468],[126.4152,1.3354],[126.3995,1.3014]]],[[[125.4578,-1.7784],[125.487,-1.7833],[125.486,-1.8181],[125.5393,-1.7867],[125.5411,-1.8123],[125.64,-1.8298],[125.9136,-1.7931],[126.3486,-1.8157],[126.2453,-1.8793],[126.0891,-1.8787],[125.9177,-1.939],[125.8421,-1.895],[125.7943,-1.9125],[125.784,-1.9278],[125.4191,-1.949],[125.4359,-1.8878],[125.371,-1.8456],[125.3456,-1.8881],[125.3277,-1.8337],[125.3754,-1.8069],[125.3659,-1.7813],[125.4094,-1.7769],[125.4262,-1.8096],[125.4578,-1.7784]]],[[[126.1533,0.9566],[126.1273,0.9768],[126.1282,0.9811],[126.1543,0.9772],[126.1533,0.9566]]],[[[125.9774,-2.0088],[125.9582,-2.1609],[126.0729,-2.4231],[126.0478,-2.4772],[125.9767,-2.4181],[125.8566,-2.091],[125.9069,-1.9763],[125.9774,-2.0088]]],[[[125.802,-1.9203],[125.7963,-1.9196],[125.8072,-1.9152],[125.802,-1.9203]]],[[[125.696,-1.7615],[125.6875,-1.7549],[125.7008,-1.7569],[125.696,-1.7615]]],[[[125.5151,-1.7708],[125.5381,-1.7564],[125.5515,-1.7785],[125.5087,-1.7798],[125.5151,-1.7708]]],[[[125.4193,-1.7751],[125.4168,-1.7701],[125.4227,-1.7678],[125.4244,-1.7701],[125.4193,-1.7751]]],[[[125.4176,-1.8841],[125.4199,-1.8905],[125.4152,-1.8961],[125.412,-1.8906],[125.4176,-1.8841]]],[[[125.3769,-1.8901],[125.3763,-1.8816],[125.387,-1.8806],[125.3857,-1.8904],[125.3769,-1.8901]]],[[[124.5622,-1.6398],[124.898,-1.709],[124.957,-1.6962],[125.0263,-1.7255],[125.0166,-1.7558],[125.0471,-1.7717],[125.0573,-1.7492],[125.1025,-1.761],[125.1275,-1.6835],[125.2028,-1.7238],[125.1969,-1.7922],[125.2418,-1.7249],[125.2934,-1.7323],[125.2713,-1.7938],[125.3211,-1.784],[125.3269,-1.8845],[125.0438,-1.8867],[125.0087,-1.9429],[124.8885,-1.924],[124.8623,-1.8916],[124.6824,-1.9749],[124.3973,-2.0291],[124.3374,-1.8906],[124.3627,-1.7029],[124.4012,-1.66],[124.5271,-1.6352],[124.5285,-1.6645],[124.5622,-1.6398]]],[[[125.0065,-1.6677],[125.0001,-1.6702],[124.9924,-1.6575],[125.0219,-1.6656],[125.0065,-1.6677]]],[[[124.9684,-1.6675],[124.9541,-1.6717],[124.9508,-1.6685],[124.9529,-1.6645],[124.9684,-1.6675]]],[[[124.4915,-1.6287],[124.4888,-1.6365],[124.4859,-1.6326],[124.4915,-1.6287]]],[[[124.472,-1.5832],[124.4804,-1.5803],[124.4823,-1.5903],[124.4783,-1.5924],[124.472,-1.5832]]],[[[124.3748,-2.0596],[124.3783,-2.0379],[124.4052,-2.0427],[124.3914,-2.0691],[124.3748,-2.0596]]],[[[124.3751,-1.9909],[124.3634,-2.0438],[124.3051,-2.0079],[124.3335,-1.9658],[124.3751,-1.9909]]],[[[124.3455,-1.7068],[124.3414,-1.7049],[124.3475,-1.6934],[124.3509,-1.6971],[124.3455,-1.7068]]],[[[124.3499,-1.7704],[124.3446,-1.7781],[124.345,-1.757],[124.3501,-1.7636],[124.3499,-1.7704]]],[[[124.334,-1.7222],[124.3322,-1.7094],[124.3375,-1.7053],[124.3392,-1.7078],[124.334,-1.7222]]],[[[124.3187,-1.7241],[124.3184,-1.732],[124.3124,-1.7302],[124.3133,-1.7188],[124.3187,-1.7241]]],[[[124.3103,-1.7953],[124.3108,-1.7874],[124.3162,-1.7893],[124.3147,-1.7928],[124.3103,-1.7953]]],[[[124.2899,-1.7727],[124.2835,-1.7591],[124.285,-1.7512],[124.293,-1.7444],[124.3141,-1.7837],[124.2899,-1.7727]]]]}},{"type":"Feature","properties":{"district":"Nusa Tenggara Barat","constituency_code":"18","electorate_type":"Indonesia"},"geometry":{"type":"MultiPolygon","coordinates":[[[[115.9188,-8.7484],[115.9176,-8.7336],[115.9231,-8.7267],[115.9352,-8.7612],[115.9188,-8.7484]]],[[[115.8895,-8.732],[115.8912,-8.7438],[115.8841,-8.7431],[115.8814,-8.7366],[115.8895,-8.732]]],[[[115.9015,-8.7256],[115.908,-8.7246],[115.9098,-8.7306],[115.9039,-8.7305],[115.9015,-8.7256]]],[[[116.5064,-8.2556],[116.6508,-8.2884],[116.7245,-8.3665],[116.7107,-8.4435],[116.6619,-8.487],[116.6667,-8.5593],[116.4801,-8.8103],[116.5044,-8.8593],[116.5333,-8.8283],[116.5339,-8.8597],[116.588,-8.8566],[116.5698,-8.8913],[116.5171,-8.9095],[116.5121,-8.8766],[116.493,-8.9129],[116.4358,-8.9198],[116.4722,-8.8274],[116.4209,-8.8284],[116.3858,-8.8663],[116.4048,-8.8997],[116.3757,-8.9556],[116.3762,-8.9037],[116.3382,-8.9031],[116.3466,-8.9305],[116.2797,-8.8934],[116.1737,-8.9136],[116.1554,-8.8644],[116.0779,-8.8953],[116.0498,-8.8853],[116.0543,-8.8513],[116.0129,-8.8631],[116.0084,-8.904],[115.9307,-8.8328],[115.834,-8.8135],[115.821,-8.7522],[115.8527,-8.7202],[115.914,-8.7753],[116.0322,-8.7224],[116.0621,-8.7667],[116.0719,-8.5619],[116.0327,-8.4461],[116.1042,-8.3898],[116.0987,-8.3627],[116.1751,-8.3421],[116.2369,-8.2664],[116.3502,-8.2112],[116.5064,-8.2556]]],[[[116.7691,-8.5483],[116.7783,-8.5317],[116.7879,-8.5276],[116.7799,-8.5538],[116.7691,-8.5483]]],[[[116.0877,-8.3645],[116.0788,-8.3647],[116.0751,-8.3561],[116.0851,-8.3501],[116.0877,-8.3645]]],[[[116.0514,-8.3447],[116.0614,-8.3456],[116.059,-8.3592],[116.0536,-8.3568],[116.0514,-8.3447]]],[[[116.0404,-8.3603],[116.0284,-8.3519],[116.0344,-8.3392],[116.0446,-8.3508],[116.0404,-8.3603]]],[[[116.7176,-8.3317],[116.7119,-8.311],[116.7437,-8.3452],[116.7245,-8.3323],[116.7176,-8.3317]]],[[[116.6901,-8.2806],[116.7118,-8.2996],[116.7053,-8.3095],[116.6859,-8.2914],[116.6901,-8.2806]]],[[[117.0211,-9.1048],[116.9391,-9.0528],[116.7888,-9.0359],[116.7156,-8.9658],[116.7513,-8.9213],[116.725,-8.9102],[116.7523,-8.8934],[116.7347,-8.8665],[116.8142,-8.8145],[116.7529,-8.6633],[116.8336,-8.5568],[116.8191,-8.5179],[116.9162,-8.5265],[116.987,-8.4792],[117.0035,-8.5057],[117.1055,-8.3728],[117.1551,-8.3643],[117.3931,-8.4723],[117.4306,-8.3953],[117.5596,-8.4049],[117.5704,-8.5008],[117.5918,-8.504],[117.5768,-8.4336],[117.6243,-8.4429],[117.6323,-8.553],[117.7372,-8.5637],[117.7281,-8.5893],[117.7767,-8.6351],[117.7491,-8.6446],[117.7728,-8.7117],[117.8031,-8.7249],[117.871,-8.6964],[117.905,-8.7406],[117.9241,-8.7195],[117.9595,-8.7431],[118.0884,-8.6522],[118.2692,-8.6587],[118.2793,-8.5944],[118.2313,-8.5517],[118.1937,-8.5707],[118.0819,-8.4506],[117.9793,-8.4639],[117.6942,-8.2414],[117.7243,-8.1504],[117.9238,-8.0801],[118.145,-8.1364],[118.1625,-8.2417],[118.2799,-8.3647],[118.356,-8.3523],[118.4636,-8.2459],[118.646,-8.2897],[118.6956,-8.3783],[118.6706,-8.5399],[118.723,-8.4644],[118.7013,-8.3907],[118.7652,-8.3098],[118.8157,-8.2809],[118.9835,-8.3032],[118.9953,-8.3831],[119.0522,-8.4539],[119.0527,-8.5113],[119.014,-8.5339],[119.0358,-8.6418],[119.1307,-8.6268],[119.1078,-8.6008],[119.1623,-8.5597],[119.1845,-8.5883],[119.183,-8.6307],[119.1503,-8.6379],[119.1705,-8.7194],[119.1332,-8.7527],[119.1057,-8.7263],[119.0933,-8.7513],[118.9721,-8.7487],[118.9075,-8.68],[118.85,-8.7284],[118.757,-8.6945],[118.6923,-8.7481],[118.7286,-8.7775],[118.9095,-8.7654],[118.9571,-8.8175],[118.9188,-8.8404],[118.8347,-8.8439],[118.7226,-8.7931],[118.5194,-8.8784],[118.4363,-8.8801],[118.3794,-8.8273],[118.3758,-8.7728],[118.4331,-8.6737],[118.3902,-8.6073],[118.4009,-8.6782],[118.3538,-8.6845],[118.1276,-8.8777],[118.0795,-8.8402],[118.0126,-8.8528],[117.8857,-8.9434],[117.8171,-8.899],[117.7675,-8.9339],[117.6905,-8.9188],[117.3909,-9.0524],[117.1858,-9.0208],[117.1355,-9.0837],[117.0211,-9.1048]]],[[[117.7487,-8.5393],[117.8003,-8.5517],[117.7332,-8.5589],[117.702,-8.4945],[117.7222,-8.4742],[117.7487,-8.5393]]],[[[116.7928,-8.5126],[116.7942,-8.5164],[116.7887,-8.5185],[116.7878,-8.5133],[116.7928,-8.5126]]],[[[116.856,-8.5121],[116.8508,-8.5185],[116.8415,-8.5098],[116.8575,-8.5027],[116.856,-8.5121]]],[[[117.6778,-8.5033],[117.6402,-8.5213],[117.6528,-8.4479],[117.6741,-8.4662],[117.6778,-8.5033]]],[[[116.92,-8.4443],[116.8608,-8.4525],[116.8397,-8.4454],[116.9599,-8.4242],[116.92,-8.4443]]],[[[117.6419,-8.4389],[117.6583,-8.4186],[117.6641,-8.4225],[117.6612,-8.4344],[117.6419,-8.4389]]],[[[117.0241,-8.4184],[116.995,-8.4205],[116.9762,-8.4302],[117.0473,-8.3786],[117.0241,-8.4184]]],[[[117.0548,-8.375],[117.0591,-8.379],[117.0533,-8.3814],[117.0505,-8.3778],[117.0548,-8.375]]],[[[117.0781,-8.3781],[117.0713,-8.3746],[117.073,-8.3714],[117.0809,-8.3714],[117.0781,-8.3781]]],[[[117.672,-8.1554],[117.6861,-8.1859],[117.6151,-8.2325],[117.5472,-8.3706],[117.5282,-8.3895],[117.4707,-8.3569],[117.5079,-8.277],[117.479,-8.2556],[117.4825,-8.1858],[117.5564,-8.1442],[117.672,-8.1554]]],[[[117.3572,-8.1564],[117.3846,-8.1317],[117.418,-8.1356],[117.3779,-8.1604],[117.3572,-8.1564]]],[[[117.7351,-8.1074],[117.7477,-8.0984],[117.76,-8.1086],[117.7518,-8.1213],[117.7351,-8.1074]]],[[[119.2213,-8.6833],[119.2093,-8.6748],[119.2275,-8.6538],[119.2392,-8.6638],[119.2213,-8.6833]]],[[[117.9978,-8.6283],[118.0092,-8.6767],[117.9781,-8.6913],[117.9937,-8.654],[117.9548,-8.6662],[117.9781,-8.6367],[117.9564,-8.6112],[117.9978,-8.6283]]],[[[118.2199,-8.6468],[118.2257,-8.6489],[118.2247,-8.653],[118.2197,-8.6523],[118.2199,-8.6468]]],[[[118.2029,-8.6375],[118.2108,-8.6385],[118.2093,-8.6541],[118.1964,-8.6496],[118.2029,-8.6375]]],[[[117.8329,-8.5746],[117.8418,-8.5775],[117.8366,-8.5939],[117.8281,-8.5762],[117.8329,-8.5746]]],[[[119.198,-8.5714],[119.1993,-8.5838],[119.1882,-8.5827],[119.188,-8.5684],[119.198,-8.5714]]],[[[119.0556,-8.5725],[119.0427,-8.5798],[119.0385,-8.5667],[119.047,-8.5571],[119.0556,-8.5725]]],[[[117.8225,-8.5674],[117.8135,-8.5614],[117.8142,-8.5589],[117.8227,-8.5558],[117.8225,-8.5674]]],[[[119.3177,-8.4075],[119.3198,-8.4458],[119.3024,-8.4294],[119.2776,-8.4631],[119.2675,-8.4009],[119.3177,-8.4075]]],[[[119.1178,-8.1747],[119.0835,-8.2541],[119.0003,-8.2297],[119.0009,-8.1774],[119.0476,-8.1293],[119.1178,-8.1747]]]]}},{"type":"Feature","properties":{"district":"Nusa Tenggara Timur","constituency_code":"19","electorate_type":"Indonesia"},"geometry":{"type":"MultiPolygon","coordinates":[[[[119.4288,-9.3746],[119.6314,-9.3456],[119.7966,-9.399],[119.9359,-9.2759],[120.0845,-9.4697],[120.2104,-9.4905],[120.2509,-9.6467],[120.3225,-9.6704],[120.4639,-9.6147],[120.5033,-9.6848],[120.5966,-9.731],[120.6763,-9.8971],[120.8159,-9.9772],[120.8385,-10.097],[120.6853,-10.2244],[120.6051,-10.2537],[120.5323,-10.2399],[120.4538,-10.3137],[120.3468,-10.2483],[120.1657,-10.2403],[120.0096,-10.1223],[120.0187,-10.0796],[119.9518,-9.9761],[119.9095,-9.9755],[119.8629,-9.9223],[119.7837,-9.9223],[119.6846,-9.8456],[119.6713,-9.7811],[119.6208,-9.8003],[119.6177,-9.7629],[119.4639,-9.741],[119.3895,-9.7971],[119.3013,-9.7444],[119.1852,-9.7582],[119.0262,-9.6751],[118.9279,-9.5576],[118.9898,-9.4563],[119.1605,-9.3807],[119.2197,-9.391],[119.2985,-9.3571],[119.4288,-9.3746]]],[[[119.6305,-8.8048],[119.6556,-8.785],[119.6672,-8.7989],[119.6603,-8.8162],[119.6305,-8.8048]]],[[[119.4273,-8.7639],[119.4193,-8.7549],[119.4232,-8.7441],[119.431,-8.762],[119.4273,-8.7639]]],[[[119.374,-8.7399],[119.3727,-8.7442],[119.3638,-8.7467],[119.3671,-8.7414],[119.374,-8.7399]]],[[[119.6672,-8.6701],[119.7082,-8.6698],[119.6873,-8.6394],[119.7144,-8.6557],[119.7182,-8.6217],[119.805,-8.6253],[119.7438,-8.6973],[119.7106,-8.6815],[119.6909,-8.725],[119.7252,-8.7745],[119.69,-8.8108],[119.6606,-8.7737],[119.6152,-8.7895],[119.6175,-8.7077],[119.6597,-8.7047],[119.6282,-8.6852],[119.6419,-8.659],[119.6144,-8.6097],[119.6622,-8.6127],[119.6672,-8.6701]]],[[[119.5412,-8.6884],[119.534,-8.694],[119.5325,-8.6895],[119.5412,-8.6884]]],[[[119.7762,-8.6683],[119.7865,-8.6754],[119.7755,-8.6754],[119.7762,-8.6683]]],[[[119.5558,-8.67],[119.5351,-8.6686],[119.6014,-8.6313],[119.6021,-8.6598],[119.5558,-8.67]]],[[[119.614,-8.6254],[119.6189,-8.6273],[119.6184,-8.6355],[119.6128,-8.6326],[119.614,-8.6254]]],[[[119.5298,-8.6059],[119.5314,-8.6139],[119.5249,-8.6162],[119.5224,-8.6092],[119.5298,-8.6059]]],[[[119.4959,-8.4843],[119.5713,-8.4898],[119.5492,-8.5299],[119.5723,-8.595],[119.5196,-8.5991],[119.4993,-8.5704],[119.453,-8.6063],[119.4921,-8.6117],[119.486,-8.6373],[119.4327,-8.6789],[119.4682,-8.7402],[119.3771,-8.7379],[119.4098,-8.6469],[119.3748,-8.6321],[119.3737,-8.5852],[119.4238,-8.5505],[119.4137,-8.5023],[119.4491,-8.4904],[119.4252,-8.4423],[119.4571,-8.4286],[119.4959,-8.4843]]],[[[119.6884,-8.5778],[119.6934,-8.5783],[119.6941,-8.5822],[119.6886,-8.5834],[119.6884,-8.5778]]],[[[119.7489,-8.5741],[119.7519,-8.5768],[119.7509,-8.5814],[119.7459,-8.5802],[119.7489,-8.5741]]],[[[119.7263,-8.578],[119.7125,-8.5808],[119.7105,-8.5747],[119.7238,-8.5706],[119.7263,-8.578]]],[[[119.6881,-8.5543],[119.6799,-8.5518],[119.682,-8.5466],[119.6897,-8.5477],[119.6881,-8.5543]]],[[[119.657,-8.5386],[119.6644,-8.5336],[119.656,-8.5672],[119.6498,-8.5383],[119.657,-8.5386]]],[[[119.5741,-8.534],[119.5785,-8.5382],[119.5683,-8.5397],[119.5705,-8.5346],[119.5741,-8.534]]],[[[119.6412,-8.5181],[119.6353,-8.5212],[119.6336,-8.5146],[119.6405,-8.5103],[119.6412,-8.5181]]],[[[119.7064,-8.5113],[119.7013,-8.5186],[119.696,-8.5122],[119.7045,-8.5099],[119.7064,-8.5113]]],[[[119.7291,-8.4941],[119.7329,-8.5028],[119.7162,-8.5184],[119.7173,-8.4964],[119.7291,-8.4941]]],[[[119.5631,-8.4621],[119.5638,-8.4714],[119.5527,-8.4746],[119.5528,-8.4688],[119.5631,-8.4621]]],[[[119.5621,-8.4582],[119.5631,-8.4477],[119.5831,-8.4411],[119.5845,-8.4511],[119.5621,-8.4582]]],[[[121.2698,-10.8239],[121.2755,-10.8196],[121.2832,-10.8276],[121.2739,-10.8279],[121.2698,-10.8239]]],[[[121.5566,-10.6408],[121.5212,-10.6309],[121.5667,-10.5981],[121.6345,-10.6023],[121.5566,-10.6408]]],[[[120.1082,-10.3334],[120.1148,-10.3271],[120.1256,-10.3279],[120.1174,-10.3342],[120.1082,-10.3334]]],[[[120.2014,-10.3061],[120.2136,-10.316],[120.1716,-10.3168],[120.1974,-10.3092],[120.2014,-10.3061]]],[[[120.2654,-8.8899],[120.2869,-8.8685],[120.306,-8.9001],[120.2744,-8.9157],[120.2654,-8.8899]]],[[[121.5277,-8.9016],[121.5071,-8.893],[121.5256,-8.8504],[121.5349,-8.884],[121.5277,-8.9016]]],[[[119.8007,-8.7983],[119.7983,-8.8219],[119.7711,-8.8193],[119.7827,-8.7913],[119.8007,-8.7983]]],[[[121.3712,-8.8166],[121.3403,-8.906],[121.1794,-8.8853],[121.0302,-8.9564],[120.9321,-8.9334],[120.8371,-8.8292],[120.7433,-8.8922],[120.6446,-8.8661],[120.5941,-8.8147],[120.3666,-8.8165],[120.2764,-8.8537],[120.1488,-8.7859],[119.945,-8.8205],[119.9112,-8.8674],[119.8832,-8.8092],[119.8332,-8.8065],[119.8002,-8.7602],[119.8114,-8.605],[119.7982,-8.5986],[119.878,-8.505],[119.8608,-8.4322],[119.908,-8.4757],[119.9716,-8.4295],[120.0003,-8.4602],[120.022,-8.3822],[120.0743,-8.377],[120.05,-8.4052],[120.0846,-8.3869],[120.0841,-8.4346],[120.11,-8.4412],[120.1202,-8.359],[120.1667,-8.3751],[120.2009,-8.3054],[120.3662,-8.2946],[120.4283,-8.241],[120.4655,-8.2953],[120.5312,-8.2731],[120.592,-8.2966],[120.602,-8.2555],[120.736,-8.3495],[120.8094,-8.3389],[120.8839,-8.3693],[120.9399,-8.3485],[120.9536,-8.3725],[120.9434,-8.3464],[120.9773,-8.347],[120.963,-8.3708],[121.0222,-8.415],[121.3076,-8.4799],[121.3433,-8.5476],[121.4202,-8.5921],[121.4767,-8.5649],[121.5137,-8.6155],[121.5815,-8.5697],[121.571,-8.5305],[121.6106,-8.5594],[121.619,-8.4719],[121.6772,-8.5117],[121.7998,-8.5105],[121.8436,-8.482],[121.913,-8.4957],[121.9474,-8.4539],[121.9592,-8.4726],[122.0145,-8.4405],[122.018,-8.5306],[122.105,-8.5309],[122.2961,-8.6423],[122.4718,-8.6095],[122.5173,-8.5449],[122.4912,-8.4734],[122.5481,-8.4641],[122.5972,-8.3929],[122.7657,-8.3633],[122.8117,-8.2978],[122.8934,-8.277],[122.9397,-8.1996],[122.8909,-8.1753],[122.8091,-8.1983],[122.7878,-8.2355],[122.7307,-8.2245],[122.7827,-8.1079],[122.8673,-8.0637],[122.9729,-8.1348],[122.9625,-8.195],[123.0206,-8.3154],[122.9634,-8.3518],[122.9135,-8.3289],[122.8724,-8.4549],[122.7881,-8.4226],[122.7902,-8.4841],[122.8434,-8.5476],[122.8194,-8.5965],[122.6648,-8.6258],[122.5558,-8.6676],[122.5289,-8.7087],[122.377,-8.7521],[122.1158,-8.7292],[122.0314,-8.7941],[121.7757,-8.8824],[121.6703,-8.8484],[121.6462,-8.9049],[121.6389,-8.8372],[121.5776,-8.7993],[121.3896,-8.7888],[121.3712,-8.8166]]],[[[119.7959,-8.5987],[119.7899,-8.5994],[119.7896,-8.5941],[119.7935,-8.5941],[119.7959,-8.5987]]],[[[119.7967,-8.5803],[119.8027,-8.5799],[119.8037,-8.5842],[119.799,-8.5855],[119.7967,-8.5803]]],[[[119.7884,-8.521],[119.7948,-8.5223],[119.7979,-8.5306],[119.7832,-8.5282],[119.7884,-8.521]]],[[[119.8635,-8.4854],[119.8664,-8.4844],[119.8709,-8.4913],[119.8621,-8.4902],[119.8635,-8.4854]]],[[[119.853,-8.4861],[119.8562,-8.4811],[119.861,-8.4849],[119.8567,-8.4881],[119.853,-8.4861]]],[[[119.8123,-8.4006],[119.8052,-8.399],[119.8038,-8.3942],[119.81,-8.3951],[119.8123,-8.4006]]],[[[119.8558,-8.3764],[119.8762,-8.3838],[119.866,-8.4014],[119.8394,-8.3902],[119.8558,-8.3764]]],[[[121.007,-8.3876],[120.9984,-8.3851],[120.9892,-8.3773],[121.0116,-8.3706],[121.007,-8.3876]]],[[[120.0177,-8.3651],[120.0223,-8.3517],[120.0332,-8.3652],[120.0175,-8.3725],[120.0177,-8.3651]]],[[[120.143,-8.3412],[120.1543,-8.3492],[120.1125,-8.3462],[120.1174,-8.3398],[120.143,-8.3412]]],[[[122.8464,-10.9823],[122.863,-10.9641],[122.8865,-11.0004],[122.8724,-11.0072],[122.8464,-10.9823]]],[[[122.9334,-10.9178],[122.9382,-10.9154],[122.9704,-10.919],[122.9399,-10.9405],[122.9334,-10.9178]]],[[[122.9922,-10.9081],[122.9993,-10.9199],[122.9859,-10.9241],[122.9782,-10.9116],[122.9922,-10.9081]]],[[[122.7305,-10.8303],[122.7376,-10.8242],[122.749,-10.8284],[122.7378,-10.8356],[122.7305,-10.8303]]],[[[122.6399,-10.8059],[122.6684,-10.8006],[122.6862,-10.834],[122.6778,-10.8339],[122.6399,-10.8059]]],[[[122.7653,-10.7725],[122.781,-10.7725],[122.7871,-10.7746],[122.7503,-10.7857],[122.7653,-10.7725]]],[[[122.9488,-10.7326],[122.9465,-10.7279],[122.9569,-10.7303],[122.9488,-10.7326]]],[[[123.3876,-10.4868],[123.3582,-10.5481],[123.3835,-10.5685],[123.3442,-10.5894],[123.4164,-10.6088],[123.4253,-10.6564],[123.2523,-10.7348],[123.2231,-10.8261],[123.1326,-10.8155],[123.0897,-10.8567],[122.9687,-10.8702],[122.969,-10.9148],[122.8744,-10.9144],[122.8466,-10.9419],[122.8221,-10.9194],[122.81,-10.782],[123.0423,-10.7296],[123.1293,-10.6435],[123.1778,-10.6371],[123.1948,-10.5939],[123.2293,-10.6052],[123.2608,-10.6052],[123.3103,-10.5931],[123.2145,-10.579],[123.2634,-10.5213],[123.3692,-10.4763],[123.3741,-10.4314],[123.4119,-10.4728],[123.3876,-10.4868]]],[[[121.9966,-10.482],[121.9862,-10.5509],[121.8639,-10.6224],[121.7493,-10.6151],[121.6842,-10.5779],[121.8333,-10.4989],[121.8447,-10.45],[121.8983,-10.4198],[121.9979,-10.4422],[121.9966,-10.482]]],[[[123.2716,-10.3141],[123.2755,-10.3096],[123.286,-10.3091],[123.2731,-10.32],[123.2716,-10.3141]]],[[[123.4817,-10.1634],[123.5025,-10.1827],[123.4318,-10.2286],[123.3938,-10.2092],[123.4106,-10.3326],[123.3668,-10.3045],[123.3176,-10.3351],[123.3006,-10.2721],[123.3965,-10.1339],[123.4524,-10.1145],[123.4817,-10.1634]]],[[[123.1429,-8.462],[123.0219,-8.4765],[122.9218,-8.6065],[122.8703,-8.5844],[122.8847,-8.5245],[122.9765,-8.4359],[123.1515,-8.4237],[123.1429,-8.462]]],[[[122.4271,-8.4672],[122.4521,-8.4607],[122.4571,-8.4736],[122.4247,-8.4745],[122.4271,-8.4672]]],[[[122.4222,-8.4515],[122.3786,-8.4971],[122.3338,-8.4365],[122.3774,-8.4295],[122.4222,-8.4515]]],[[[122.7941,-8.4559],[122.793,-8.4508],[122.8007,-8.446],[122.8008,-8.4574],[122.7941,-8.4559]]],[[[122.5184,-8.4286],[122.5011,-8.432],[122.4999,-8.4194],[122.5139,-8.4135],[122.5184,-8.4286]]],[[[122.2763,-8.3684],[122.2854,-8.3544],[122.3209,-8.3459],[122.3074,-8.3684],[122.2763,-8.3684]]],[[[122.338,-8.3523],[122.3361,-8.3484],[122.3432,-8.3484],[122.338,-8.3523]]],[[[121.7256,-8.3546],[121.6764,-8.3391],[121.6956,-8.2961],[121.7382,-8.3095],[121.7256,-8.3546]]],[[[123.2503,-8.2301],[123.3343,-8.267],[123.2946,-8.3882],[122.9979,-8.4056],[123.0454,-8.2985],[123.1419,-8.2339],[123.2503,-8.2301]]],[[[123.3363,-8.2464],[123.3391,-8.2512],[123.3375,-8.2561],[123.3316,-8.2507],[123.3363,-8.2464]]],[[[122.1141,-8.111],[122.132,-8.1066],[122.136,-8.1092],[122.1043,-8.1211],[122.1141,-8.111]]],[[[123.4064,-10.5357],[123.3676,-10.5459],[123.4394,-10.4922],[123.4396,-10.5061],[123.4064,-10.5357]]],[[[123.4309,-10.2324],[123.4403,-10.2417],[123.4343,-10.2468],[123.4264,-10.2385],[123.4309,-10.2324]]],[[[123.5351,-10.1738],[123.6504,-10.1453],[123.7577,-10.0731],[123.7629,-10.0341],[123.6972,-10.0112],[123.5914,-10.0406],[123.5836,-9.9164],[123.6688,-9.8504],[123.6425,-9.7745],[123.682,-9.7404],[123.6741,-9.6285],[123.7882,-9.5411],[123.795,-9.4909],[123.8865,-9.4636],[123.9806,-9.352],[124.0782,-9.3274],[124.0767,-9.382],[124.1336,-9.426],[124.2168,-9.3656],[124.2716,-9.4124],[124.2799,-9.501],[124.3162,-9.4959],[124.3548,-9.4852],[124.3787,-9.3612],[124.4627,-9.2991],[124.4811,-9.172],[124.6159,-9.1534],[124.6974,-9.0536],[124.9451,-8.957],[124.9317,-9.0281],[124.9594,-9.059],[125.0661,-9.0283],[125.112,-8.9675],[125.1868,-9.029],[125.1738,-9.1739],[125.097,-9.2018],[125.0525,-9.1688],[124.9827,-9.1914],[124.9969,-9.2935],[125.049,-9.3251],[125.0887,-9.4565],[124.9895,-9.5617],[124.9807,-9.6394],[124.8461,-9.7393],[124.7501,-9.8822],[124.5484,-10.0106],[124.4777,-10.1216],[124.3844,-10.1713],[124.1393,-10.1614],[124.0166,-10.274],[123.7036,-10.3663],[123.6114,-10.3701],[123.5464,-10.3279],[123.4574,-10.3565],[123.5003,-10.2739],[123.4888,-10.2241],[123.5267,-10.2166],[123.5351,-10.1738]]],[[[123.5525,-10.0889],[123.557,-10.0849],[123.559,-10.0943],[123.5525,-10.0889]]],[[[124.2792,-8.4705],[124.2934,-8.4774],[124.2788,-8.4906],[124.2696,-8.4804],[124.2792,-8.4705]]],[[[123.8849,-8.4355],[123.8799,-8.443],[123.8736,-8.4308],[123.8915,-8.4267],[123.8849,-8.4355]]],[[[123.8074,-8.3732],[123.8355,-8.374],[123.8368,-8.4096],[123.8127,-8.407],[123.8074,-8.3732]]],[[[123.8421,-8.2119],[123.9008,-8.2161],[123.9241,-8.2498],[123.7664,-8.2883],[123.6759,-8.4275],[123.6186,-8.4073],[123.5534,-8.4711],[123.5873,-8.531],[123.5464,-8.5717],[123.4902,-8.5153],[123.3983,-8.5841],[123.3136,-8.5275],[123.209,-8.5363],[123.3323,-8.4036],[123.4712,-8.3382],[123.4148,-8.2925],[123.3445,-8.3041],[123.381,-8.2636],[123.5562,-8.241],[123.4983,-8.3382],[123.5515,-8.3691],[123.5965,-8.3335],[123.5747,-8.288],[123.6039,-8.2896],[123.5992,-8.3179],[123.6353,-8.2908],[123.6068,-8.2215],[123.6495,-8.2178],[123.6527,-8.2544],[123.686,-8.2589],[123.7125,-8.2388],[123.6974,-8.2184],[123.7823,-8.1705],[123.8421,-8.2119]]],[[[123.915,-8.3801],[123.9006,-8.3625],[123.9549,-8.3495],[123.9407,-8.3763],[123.915,-8.3801]]],[[[124.105,-8.3885],[124.25,-8.1931],[124.3228,-8.1844],[124.3013,-8.3306],[124.2492,-8.3588],[124.2116,-8.4612],[124.1415,-8.5383],[124.0556,-8.544],[124.0347,-8.4221],[123.9859,-8.4194],[123.9369,-8.4609],[123.9151,-8.441],[123.9648,-8.3479],[124.0585,-8.293],[124.105,-8.3885]]],[[[124.3496,-8.3244],[124.3149,-8.2984],[124.339,-8.2757],[124.3759,-8.2953],[124.3496,-8.3244]]],[[[124.5926,-8.1579],[124.6086,-8.1974],[124.7511,-8.1462],[124.8739,-8.168],[125.0951,-8.1476],[125.1414,-8.2378],[125.136,-8.3247],[124.7872,-8.4015],[124.6561,-8.3912],[124.5474,-8.442],[124.5054,-8.4177],[124.4276,-8.4581],[124.3528,-8.4371],[124.3421,-8.3923],[124.4096,-8.2945],[124.5618,-8.2218],[124.4052,-8.2754],[124.3998,-8.22],[124.4517,-8.1488],[124.5981,-8.1232],[124.5926,-8.1579]]],[[[124.4038,-8.2696],[124.4018,-8.277],[124.3973,-8.2757],[124.3984,-8.2711],[124.4038,-8.2696]]],[[[124.0944,-8.2263],[124.083,-8.2393],[124.0702,-8.2348],[124.0782,-8.2231],[124.0944,-8.2263]]],[[[124.031,-8.2325],[124.0275,-8.2191],[124.0455,-8.2113],[124.0391,-8.226],[124.031,-8.2325]]],[[[124.3752,-8.2063],[124.3764,-8.2218],[124.3626,-8.2224],[124.3685,-8.2019],[124.3752,-8.2063]]],[[[124.3705,-8.1829],[124.3681,-8.1736],[124.373,-8.1684],[124.3842,-8.1785],[124.3705,-8.1829]]],[[[124.6081,-8.1181],[124.6157,-8.1164],[124.6171,-8.1213],[124.6087,-8.1219],[124.6081,-8.1181]]],[[[123.5783,-7.7887],[123.5969,-7.7807],[123.5955,-7.8029],[123.5779,-7.7993],[123.5783,-7.7887]]]]}},{"type":"Feature","properties":{"district":"Papua","constituency_code":"32","electorate_type":"Indonesia"},"geometry":{"type":"MultiPolygon","coordinates":[[[[135.0359,-3.9914],[135.0929,-3.9665],[135.0975,-3.929],[135.06,-3.8704],[135.0223,-3.8651],[135.0444,-3.7958],[135.0167,-3.7217],[135.051,-3.6888],[135.1287,-3.6889],[135.1998,-3.5834],[135.141,-3.6093],[135.1189,-3.5792],[135.0143,-3.5988],[134.9188,-3.4403],[134.847,-3.384],[134.7605,-3.3878],[134.7271,-3.3605],[134.6677,-3.1729],[134.6088,-3.1277],[134.6308,-3.0447],[134.5867,-2.7953],[134.6614,-2.7563],[134.6866,-2.9669],[134.7398,-2.9905],[134.7765,-2.9864],[134.7756,-2.9449],[134.8476,-2.8916],[134.8528,-2.9995],[134.813,-3.0219],[134.8003,-3.1309],[134.8661,-3.1674],[134.8611,-3.25],[134.9349,-3.272],[134.9172,-3.2443],[134.9612,-3.2261],[134.9649,-3.308],[135.07,-3.3343],[135.1126,-3.3818],[135.3416,-3.3974],[135.4712,-3.373],[135.5586,-3.2997],[135.6112,-3.1808],[135.7651,-3.1124],[135.7304,-3.0675],[135.761,-3.0497],[135.7776,-3.0613],[135.8,-3.0499],[135.8265,-3.0141],[135.8739,-2.9975],[135.8749,-2.9963],[135.8746,-2.987],[135.8929,-2.9899],[135.8909,-2.9767],[135.9237,-2.9609],[135.935,-2.9065],[135.9055,-2.8711],[136.0202,-2.6925],[136.2245,-2.6114],[136.2958,-2.4108],[136.3419,-2.3742],[136.3431,-2.2601],[136.4176,-2.2069],[136.518,-2.1918],[136.5449,-2.2237],[136.5781,-2.2052],[136.5892,-2.1865],[136.6003,-2.2529],[136.6713,-2.261],[136.7047,-2.2286],[136.7495,-2.2524],[136.8136,-2.2218],[136.806,-2.1728],[136.8357,-2.1957],[136.9082,-2.1796],[136.9429,-2.1231],[137.162,-2.1036],[137.2333,-2.0487],[137.1903,-2.0],[137.2175,-1.9832],[137.1906,-1.9439],[137.0885,-1.8514],[137.0996,-1.7951],[137.2365,-1.7508],[137.4782,-1.5991],[137.7483,-1.4785],[137.9339,-1.4579],[137.9492,-1.5345],[137.9892,-1.5326],[138.0841,-1.6095],[138.6575,-1.7892],[138.8627,-1.9658],[139.0005,-1.9761],[139.8106,-2.3785],[140.0568,-2.3596],[140.1111,-2.3194],[140.1408,-2.3473],[140.1498,-2.3235],[140.1536,-2.3709],[140.3344,-2.4639],[140.3718,-2.4558],[140.3486,-2.3961],[140.4997,-2.444],[140.6084,-2.4405],[140.711,-2.487],[140.7473,-2.5347],[140.7065,-2.539],[140.7,-2.6261],[140.7377,-2.6276],[140.7135,-2.5982],[140.7624,-2.6288],[140.7914,-2.5961],[140.9113,-2.6239],[141.0013,-2.6044],[141.0,-6.3223],[140.9598,-6.3256],[140.9747,-6.3678],[140.9418,-6.3805],[140.9823,-6.3895],[140.9424,-6.4123],[140.95,-6.4366],[140.9181,-6.4209],[140.9606,-6.488],[140.9223,-6.5],[140.9369,-6.5617],[140.8945,-6.5604],[140.9035,-6.5927],[140.8446,-6.6097],[140.8768,-6.6232],[140.8477,-6.7221],[140.9006,-6.754],[140.8707,-6.7919],[140.9182,-6.8179],[140.897,-6.8442],[140.9164,-6.8721],[140.9529,-6.8566],[140.9526,-6.9087],[141.02,-6.8923],[141.0196,-9.1255],[140.8955,-9.0869],[140.8261,-9.0225],[140.6199,-8.8184],[140.4946,-8.6084],[140.2271,-8.3558],[140.0165,-8.2207],[139.9504,-8.1016],[139.7127,-8.0974],[139.4518,-8.1944],[139.3397,-8.2059],[139.2074,-8.0971],[139.0819,-8.1369],[138.9742,-8.2027],[138.9937,-8.2282],[138.9683,-8.2405],[138.9666,-8.2425],[138.9646,-8.2506],[138.9597,-8.2593],[138.9122,-8.2687],[138.8367,-8.1116],[138.9249,-8.0752],[138.9125,-7.9219],[139.0184,-7.8534],[139.019,-7.7496],[139.1083,-7.559],[139.0513,-7.5161],[138.9619,-7.5168],[138.8671,-7.3174],[138.6691,-7.2158],[138.706,-7.0747],[138.5645,-6.933],[138.6282,-6.876],[138.7142,-6.9024],[138.7968,-6.8514],[138.9406,-6.8452],[138.9519,-6.827],[138.9489,-6.7977],[138.9224,-6.7812],[138.8306,-6.7811],[138.8294,-6.7058],[138.8031,-6.6733],[138.6747,-6.6003],[138.4281,-6.3587],[138.3955,-6.1698],[138.2513,-5.9134],[138.2767,-5.841],[138.1659,-5.8137],[138.1673,-5.7251],[138.0933,-5.7457],[138.0643,-5.7193],[138.0454,-5.5922],[138.128,-5.5312],[138.0082,-5.5056],[137.8631,-5.3501],[137.8159,-5.3798],[137.7688,-5.3482],[137.7351,-5.3717],[137.7531,-5.3115],[137.7402,-5.2867],[137.6812,-5.237],[137.6843,-5.2211],[137.4494,-5.099],[137.4185,-5.1221],[137.307,-5.012],[137.2844,-5.0254],[137.2118,-4.9775],[137.1746,-5.0046],[137.0287,-4.9171],[136.978,-4.9388],[136.9255,-4.8856],[136.8316,-4.914],[136.7889,-4.8784],[136.8075,-4.8344],[136.8446,-4.8287],[136.7681,-4.8137],[136.7362,-4.8705],[136.5345,-4.7847],[136.455,-4.7228],[136.4489,-4.7297],[136.4466,-4.7422],[136.3229,-4.6555],[136.299,-4.6747],[136.1077,-4.6195],[135.9279,-4.4933],[135.7207,-4.4972],[135.4019,-4.4266],[135.3773,-4.4264],[135.3467,-4.4318],[135.3374,-4.4453],[135.2018,-4.4647],[135.04,-4.3756],[135.0217,-4.3457],[135.0124,-4.3369],[134.8855,-4.2525],[134.9359,-4.2266],[134.9574,-4.1564],[135.0538,-4.0495],[135.0359,-3.9914]]],[[[139.5079,-2.1331],[139.5087,-2.1247],[139.515,-2.1388],[139.5079,-2.1331]]],[[[139.4723,-2.1235],[139.4715,-2.1205],[139.4751,-2.1128],[139.4786,-2.1201],[139.4723,-2.1235]]],[[[139.4536,-2.1151],[139.46,-2.1123],[139.4568,-2.1201],[139.4536,-2.1151]]],[[[139.2475,-2.0155],[139.2459,-2.0086],[139.2476,-2.0043],[139.2535,-2.0108],[139.2475,-2.0155]]],[[[139.1334,-1.9991],[139.1387,-2.0037],[139.132,-2.011],[139.1334,-1.9991]]],[[[138.8571,-7.4284],[138.9412,-7.5463],[139.0881,-7.5737],[138.9948,-7.7456],[138.9938,-7.8502],[138.9167,-7.8844],[138.891,-7.9156],[138.9139,-8.0743],[138.829,-8.0778],[138.793,-8.1394],[138.6765,-8.1514],[138.615,-8.249],[138.4909,-8.3189],[138.4678,-8.3506],[138.3021,-8.3914],[137.8716,-8.3725],[137.7228,-8.4101],[137.6761,-8.4569],[137.645,-8.4371],[137.695,-8.1897],[137.8138,-8.0402],[137.7964,-8.0074],[137.8672,-7.8527],[138.1175,-7.5373],[138.2965,-7.4366],[138.6255,-7.3709],[138.7745,-7.3756],[138.8571,-7.4284]]],[[[139.024,-1.9394],[139.0122,-1.9434],[139.0037,-1.9351],[139.0223,-1.9333],[139.024,-1.9394]]],[[[138.937,-8.3036],[138.9242,-8.2796],[138.9595,-8.2602],[138.9714,-8.2393],[138.9973,-8.2305],[138.9944,-8.2626],[138.9858,-8.2677],[138.979,-8.2745],[138.9795,-8.2866],[138.9757,-8.2909],[138.9506,-8.2958],[138.937,-8.3036]]],[[[138.9525,-8.2963],[138.976,-8.2916],[138.9793,-8.2879],[138.993,-8.2945],[138.9589,-8.3295],[138.9525,-8.2963]]],[[[138.9923,-8.2641],[138.9925,-8.2865],[138.9801,-8.2871],[138.9795,-8.2743],[138.9923,-8.2641]]],[[[138.9332,-8.3163],[138.9479,-8.3298],[138.971,-8.337],[138.9535,-8.342],[138.9332,-8.3163]]],[[[138.9478,-8.3682],[138.9478,-8.3517],[138.946,-8.3445],[138.9669,-8.3643],[138.9478,-8.3682]]],[[[138.9471,-8.3675],[138.924,-8.3576],[138.9259,-8.327],[138.9443,-8.343],[138.9471,-8.3675]]],[[[138.8271,-6.7346],[138.82,-6.7724],[138.8327,-6.791],[138.9204,-6.7862],[138.9441,-6.8263],[138.8283,-6.8232],[138.7574,-6.7536],[138.674,-6.7247],[138.6773,-6.64],[138.781,-6.6734],[138.8271,-6.7346]]],[[[138.9432,-7.8822],[138.9342,-7.8884],[138.9168,-7.8969],[138.9225,-7.8876],[138.9432,-7.8822]]],[[[138.8556,-8.2725],[138.8818,-8.2897],[138.8913,-8.2921],[138.9043,-8.2897],[138.9156,-8.3027],[138.8919,-8.388],[138.7345,-8.3862],[138.5501,-8.3344],[138.5659,-8.3232],[138.5868,-8.2899],[138.6624,-8.2369],[138.6786,-8.1704],[138.7453,-8.1651],[138.8151,-8.138],[138.8423,-8.1828],[138.8439,-8.2587],[138.8556,-8.2725]]],[[[138.8775,-8.2726],[138.8902,-8.2678],[138.9003,-8.2803],[138.857,-8.27],[138.8775,-8.2726]]],[[[138.8486,-8.2098],[138.8862,-8.2393],[138.8909,-8.2661],[138.8477,-8.2551],[138.8486,-8.2098]]],[[[138.848,-8.2624],[138.8474,-8.256],[138.8591,-8.2663],[138.8554,-8.269],[138.848,-8.2624]]],[[[138.788,-6.8075],[138.7958,-6.8113],[138.8115,-6.8303],[138.7969,-6.8279],[138.788,-6.8075]]],[[[138.7928,-1.6668],[138.805,-1.6787],[138.7967,-1.7072],[138.7895,-1.6754],[138.7928,-1.6668]]],[[[138.7516,-6.775],[138.7962,-6.8325],[138.7145,-6.8823],[138.6764,-6.8677],[138.6143,-6.748],[138.6388,-6.7324],[138.7516,-6.775]]],[[[138.7539,-8.1443],[138.7569,-8.1459],[138.7442,-8.1541],[138.7499,-8.1501],[138.7539,-8.1443]]],[[[138.7306,-1.591],[138.7458,-1.608],[138.7459,-1.6252],[138.709,-1.6049],[138.7306,-1.591]]],[[[138.6935,-8.1537],[138.7073,-8.1541],[138.7137,-8.1598],[138.7065,-8.1644],[138.6935,-8.1537]]],[[[138.6573,-8.2249],[138.6515,-8.2331],[138.6459,-8.2342],[138.6452,-8.2277],[138.6573,-8.2249]]],[[[138.5832,-8.2919],[138.5706,-8.3063],[138.5642,-8.3235],[138.553,-8.3281],[138.5599,-8.3041],[138.5832,-8.2919]]],[[[138.3889,-8.4055],[138.2623,-8.4026],[138.4684,-8.3537],[138.499,-8.3218],[138.4846,-8.3518],[138.3889,-8.4055]]],[[[137.727,-5.2929],[137.7199,-5.2859],[137.7299,-5.2812],[137.7367,-5.2889],[137.727,-5.2929]]],[[[137.5096,-5.1943],[137.4966,-5.1846],[137.5094,-5.1723],[137.5147,-5.1786],[137.5096,-5.1943]]],[[[137.1988,-1.9711],[137.2113,-1.9811],[137.2086,-1.9851],[137.1959,-1.9743],[137.1988,-1.9711]]],[[[137.1769,-2.004],[137.1962,-2.0132],[137.1975,-2.0193],[137.1732,-2.0104],[137.1769,-2.004]]],[[[137.1912,-5.0327],[137.194,-5.0424],[137.1825,-5.0327],[137.1912,-5.0327]]],[[[137.0908,-1.8579],[137.1115,-1.8758],[137.0934,-1.8956],[137.0878,-1.8889],[137.0908,-1.8579]]],[[[137.013,-1.8576],[136.9539,-1.8426],[136.951,-1.8369],[137.0236,-1.8314],[137.0566,-1.8646],[137.013,-1.8576]]],[[[135.5627,-1.611],[135.7877,-1.6271],[135.8505,-1.6628],[135.9143,-1.6352],[136.2019,-1.6484],[136.3655,-1.7159],[136.4489,-1.6988],[136.7882,-1.7397],[136.9034,-1.7922],[136.8471,-1.8273],[136.7189,-1.816],[136.6354,-1.8714],[136.5027,-1.8493],[136.5464,-1.8958],[136.3431,-1.8603],[136.2235,-1.9056],[136.2,-1.8556],[136.1764,-1.8729],[135.9776,-1.8166],[135.9125,-1.7556],[135.8993,-1.7878],[135.8696,-1.741],[135.8581,-1.7674],[135.8453,-1.7462],[135.7852,-1.7161],[135.7514,-1.7217],[135.7325,-1.6877],[135.6741,-1.7062],[135.5552,-1.6628],[135.475,-1.68],[135.4664,-1.6372],[135.4119,-1.605],[135.5627,-1.611]]],[[[136.8208,-4.9089],[136.8263,-4.9165],[136.8041,-4.8993],[136.8208,-4.9089]]],[[[136.7947,-4.8914],[136.8003,-4.9003],[136.7915,-4.8949],[136.7947,-4.8914]]],[[[136.7683,-4.8545],[136.7794,-4.8283],[136.7934,-4.8334],[136.7784,-4.8683],[136.7683,-4.8545]]],[[[136.705,-1.2133],[136.7071,-1.2203],[136.6965,-1.2234],[136.6938,-1.2174],[136.705,-1.2133]]],[[[136.6784,-1.2927],[136.6789,-1.2953],[136.6729,-1.2984],[136.6726,-1.2931],[136.6784,-1.2927]]],[[[136.6754,-1.2657],[136.6713,-1.2721],[136.6655,-1.2724],[136.6696,-1.2623],[136.6754,-1.2657]]],[[[136.6025,-1.1396],[136.6204,-1.1533],[136.6061,-1.1742],[136.5935,-1.1648],[136.6025,-1.1396]]],[[[136.6174,-1.2433],[136.6047,-1.2552],[136.5948,-1.2381],[136.611,-1.2297],[136.6174,-1.2433]]],[[[136.6084,-1.1976],[136.6123,-1.2234],[136.5907,-1.2274],[136.5772,-1.1963],[136.6084,-1.1976]]],[[[136.5907,-1.283],[136.6109,-1.2773],[136.6057,-1.3231],[136.6006,-1.2954],[136.5907,-1.283]]],[[[136.5772,-2.198],[136.5793,-2.1913],[136.5815,-2.1951],[136.5768,-2.2055],[136.5772,-2.198]]],[[[136.5349,-1.2331],[136.5333,-1.2416],[136.5009,-1.2395],[136.501,-1.2297],[136.5349,-1.2331]]],[[[136.4583,-4.735],[136.4524,-4.7355],[136.4546,-4.724],[136.4587,-4.733],[136.4583,-4.735]]],[[[136.4492,-1.2284],[136.4302,-1.2144],[136.4432,-1.1993],[136.449,-1.2149],[136.4492,-1.2284]]],[[[136.3994,-1.9193],[136.3841,-1.9164],[136.3938,-1.904],[136.4081,-1.9103],[136.3994,-1.9193]]],[[[135.7359,-0.8058],[135.7087,-0.8005],[135.7235,-0.7921],[135.733,-0.7527],[135.7374,-0.7505],[135.7404,-0.7483],[135.7424,-0.7437],[135.7458,-0.743],[135.7486,-0.7401],[135.7582,-0.7373],[135.7688,-0.7248],[135.7805,-0.7227],[135.8044,-0.6863],[135.8552,-0.7008],[135.9244,-0.7902],[136.0513,-0.8586],[136.0396,-0.8959],[136.0915,-0.9175],[136.1726,-1.0445],[136.2757,-1.0215],[136.3235,-1.074],[136.3854,-1.0825],[136.3147,-1.1404],[136.1457,-1.1994],[135.9998,-1.1423],[135.8578,-1.1666],[135.8021,-1.0984],[135.8264,-1.0336],[135.7359,-0.8058]]],[[[136.3699,-1.2481],[136.3791,-1.2501],[136.3756,-1.2588],[136.3699,-1.2481]]],[[[136.3637,-1.8865],[136.3689,-1.8933],[136.3706,-1.9003],[136.3624,-1.8957],[136.3637,-1.8865]]],[[[136.3675,-1.9431],[136.3425,-1.9518],[136.3297,-1.9039],[136.3574,-1.9076],[136.3675,-1.9431]]],[[[136.3451,-1.8735],[136.3498,-1.8731],[136.3494,-1.8788],[136.3443,-1.8773],[136.3451,-1.8735]]],[[[136.3174,-1.218],[136.3413,-1.2233],[136.3387,-1.2338],[136.2981,-1.2432],[136.3174,-1.218]]],[[[136.3249,-1.9013],[136.3245,-1.8939],[136.3304,-1.8922],[136.3333,-1.9016],[136.3249,-1.9013]]],[[[136.3159,-1.2854],[136.319,-1.2771],[136.3232,-1.2813],[136.3159,-1.2854]]],[[[136.2867,-1.9177],[136.2792,-1.8973],[136.2823,-1.8894],[136.2925,-1.9389],[136.2867,-1.9177]]],[[[136.2564,-2.2173],[136.2677,-2.2275],[136.2529,-2.2332],[136.2504,-2.2239],[136.2564,-2.2173]]],[[[136.2299,-1.231],[136.2006,-1.2586],[136.1881,-1.2479],[136.1982,-1.2348],[136.2299,-1.231]]],[[[136.2043,-1.3086],[136.2072,-1.306],[136.2112,-1.3106],[136.2086,-1.3125],[136.2043,-1.3086]]],[[[135.9297,-1.7975],[135.9368,-1.7957],[135.9366,-1.8018],[135.9325,-1.8034],[135.9297,-1.7975]]],[[[135.9093,-2.8806],[135.9082,-2.8881],[135.905,-2.8902],[135.9009,-2.878],[135.9093,-2.8806]]],[[[135.8689,-2.9896],[135.8737,-2.9927],[135.8737,-2.9974],[135.8661,-2.9917],[135.8689,-2.9896]]],[[[135.8382,-1.7531],[135.832,-1.7551],[135.8267,-1.7499],[135.8315,-1.7465],[135.8382,-1.7531]]],[[[135.8317,-1.5204],[135.8361,-1.5255],[135.8279,-1.5254],[135.8317,-1.5204]]],[[[135.8006,-1.7977],[135.8126,-1.7851],[135.8249,-1.804],[135.8019,-1.8154],[135.8006,-1.7977]]],[[[135.8172,-1.8908],[135.8143,-1.8943],[135.8104,-1.8932],[135.8139,-1.8879],[135.8172,-1.8908]]],[[[135.8074,-1.7503],[135.8011,-1.7476],[135.8089,-1.7411],[135.8074,-1.7503]]],[[[135.7737,-2.9588],[135.731,-2.9827],[135.7075,-2.9673],[135.7409,-2.9371],[135.8063,-2.9433],[135.7737,-2.9588]]],[[[135.7678,-1.7353],[135.7793,-1.7249],[135.8035,-1.7316],[135.7783,-1.7447],[135.7678,-1.7353]]],[[[135.7896,-3.0492],[135.7737,-3.0579],[135.7701,-3.0453],[135.7989,-3.0326],[135.7896,-3.0492]]],[[[135.7881,-1.7689],[135.7724,-1.7769],[135.7666,-1.7732],[135.7739,-1.7611],[135.7881,-1.7689]]],[[[135.4466,-0.6525],[135.5895,-0.6632],[135.5949,-0.7022],[135.645,-0.6633],[135.6887,-0.7222],[135.7164,-0.7084],[135.7462,-0.738],[135.7321,-0.7527],[135.7206,-0.7839],[135.7011,-0.7993],[135.6848,-0.8377],[135.6425,-0.8869],[135.4719,-0.7424],[135.4993,-0.8114],[135.484,-0.8154],[135.3958,-0.7249],[135.3606,-0.6356],[135.3927,-0.6212],[135.4466,-0.6525]]],[[[135.7169,-2.9144],[135.7354,-2.9152],[135.6728,-2.9404],[135.6859,-2.9276],[135.7169,-2.9144]]],[[[135.6248,-3.0881],[135.6127,-3.0957],[135.6133,-3.0704],[135.6259,-3.0778],[135.6248,-3.0881]]],[[[135.6024,-3.0979],[135.5977,-3.1009],[135.5949,-3.0972],[135.5993,-3.0944],[135.6024,-3.0979]]],[[[135.572,-3.0902],[135.5761,-3.0831],[135.5922,-3.0728],[135.5839,-3.0908],[135.572,-3.0902]]],[[[135.5893,-3.1029],[135.5858,-3.1052],[135.5806,-3.1009],[135.5871,-3.0947],[135.5893,-3.1029]]],[[[135.5081,-0.8458],[135.5235,-0.8226],[135.542,-0.8699],[135.5368,-0.8712],[135.5081,-0.8458]]],[[[135.5239,-0.6507],[135.5251,-0.6428],[135.534,-0.6506],[135.5294,-0.6544],[135.5239,-0.6507]]],[[[135.4983,-0.8013],[135.5157,-0.7919],[135.519,-0.823],[135.5035,-0.825],[135.4983,-0.8013]]],[[[135.4952,-0.9367],[135.5129,-0.9617],[135.5092,-0.9676],[135.4953,-0.9627],[135.4952,-0.9367]]],[[[135.5008,-0.8325],[135.5055,-0.8282],[135.508,-0.8311],[135.5064,-0.8345],[135.5008,-0.8325]]],[[[135.4887,-0.6401],[135.4835,-0.6347],[135.4813,-0.6292],[135.4889,-0.6316],[135.4887,-0.6401]]],[[[135.4042,-4.4313],[135.402,-4.4356],[135.3531,-4.439],[135.377,-4.4285],[135.3896,-4.4312],[135.4024,-4.4282],[135.4042,-4.4313]]],[[[135.3627,-1.5002],[135.3705,-1.498],[135.3705,-1.5061],[135.3654,-1.507],[135.3627,-1.5002]]],[[[135.3536,-1.4819],[135.3555,-1.4872],[135.3503,-1.4884],[135.3485,-1.4817],[135.3536,-1.4819]]],[[[135.3406,-1.5149],[135.3408,-1.5101],[135.348,-1.51],[135.3489,-1.5141],[135.3406,-1.5149]]],[[[135.1789,-1.4782],[135.2153,-1.4746],[135.2217,-1.5079],[135.2443,-1.4837],[135.2532,-1.5216],[135.2615,-1.4788],[135.3361,-1.4915],[135.256,-1.5283],[135.0927,-1.5031],[135.1138,-1.4661],[135.1789,-1.4782]]],[[[135.2761,-0.407],[135.2621,-0.4078],[135.2661,-0.3944],[135.2718,-0.3941],[135.2761,-0.407]]],[[[135.0124,-4.3497],[134.9544,-4.3226],[134.9361,-4.3061],[135.0092,-4.3424],[135.0129,-4.3375],[135.0124,-4.3497]]],[[[134.9459,-0.9946],[134.9295,-1.031],[134.9353,-1.0409],[134.9202,-1.0704],[134.9728,-1.0106],[134.9852,-1.0358],[134.9506,-1.1279],[134.8534,-1.1323],[134.7944,-1.0322],[134.8049,-0.9613],[134.8825,-0.9345],[134.9459,-0.9946]]],[[[134.9453,-1.0194],[134.9505,-1.0136],[134.9539,-1.0231],[134.9493,-1.0278],[134.9453,-1.0194]]],[[[134.9486,-1.0313],[134.9455,-1.0372],[134.9397,-1.0278],[134.9452,-1.0253],[134.9486,-1.0313]]],[[[134.9417,-1.0241],[134.9381,-1.0216],[134.9447,-1.015],[134.9417,-1.0241]]],[[[134.936,-1.033],[134.9324,-1.0253],[134.9363,-1.0268],[134.9399,-1.0439],[134.936,-1.033]]],[[[134.8019,-2.7065],[134.818,-2.6816],[134.8638,-2.704],[134.8359,-2.7245],[134.8019,-2.7065]]],[[[134.8366,-3.0282],[134.8451,-3.0448],[134.8399,-3.0488],[134.8318,-3.0414],[134.8366,-3.0282]]],[[[134.8435,-3.0556],[134.843,-3.0596],[134.8381,-3.0637],[134.8364,-3.0607],[134.8435,-3.0556]]],[[[134.3394,0.9247],[134.3369,0.915],[134.3259,0.9055],[134.3297,0.9193],[134.3394,0.9247]]],[[[134.302,0.8169],[134.3065,0.8371],[134.3008,0.8045],[134.302,0.8169]]]]}},{"type":"Feature","properties":{"district":"Papua Barat","constituency_code":"33","electorate_type":"Indonesia"},"geometry":{"type":"MultiPolygon","coordinates":[[[[130.1594,-2.0695],[130.1652,-2.0726],[130.1523,-2.0736],[130.1528,-2.0675],[130.1594,-2.0695]]],[[[130.3098,-1.9997],[130.2666,-2.0534],[130.1322,-2.0607],[130.1032,-2.0177],[129.8604,-1.9754],[129.7207,-1.8805],[130.0624,-1.7241],[130.2567,-1.7296],[130.3483,-1.6698],[130.3809,-1.6911],[130.3491,-1.7311],[130.4442,-1.8307],[130.4079,-1.8975],[130.3406,-1.9204],[130.3688,-1.9517],[130.444,-1.9556],[130.4431,-1.973],[130.3613,-1.9771],[130.4008,-2.0101],[130.3268,-1.9853],[130.3386,-1.9696],[130.3098,-1.9997]],[[130.3591,-1.9778],[130.3579,-1.9791],[130.35705,-1.9805166666666683],[130.3613,-1.9771],[130.3591,-1.9778]],[[130.3536,-1.981],[130.35178571428574,-1.9793523809524398],[130.35677272727273,-1.9806090909090905],[130.3545,-1.9807],[130.3536,-1.981]]],[[[129.6585,-1.8178],[129.6606,-1.8358],[129.6556,-1.8385],[129.6421,-1.8152],[129.6585,-1.8178]]],[[[129.6406,-1.7962],[129.6436,-1.7997],[129.6374,-1.812],[129.6299,-1.7975],[129.6406,-1.7962]]],[[[129.6377,-1.7932],[129.6434,-1.7776],[129.6536,-1.8007],[129.6441,-1.8045],[129.6442,-1.7989],[129.6377,-1.7932]]],[[[129.6254,-1.7738],[129.634,-1.7899],[129.6298,-1.7937],[129.6138,-1.7779],[129.6254,-1.7738]]],[[[129.6635,-1.7795],[129.6615,-1.7867],[129.653,-1.777],[129.659,-1.7739],[129.6635,-1.7795]]],[[[129.6929,-1.7556],[129.7024,-1.774],[129.7002,-1.787],[129.6923,-1.7726],[129.6929,-1.7556]]],[[[129.7154,-1.7691],[129.7095,-1.7727],[129.7077,-1.7652],[129.7105,-1.7628],[129.7154,-1.7691]]],[[[129.9465,-1.7137],[129.9445,-1.7204],[129.9376,-1.7203],[129.9389,-1.7146],[129.9465,-1.7137]]],[[[129.7794,-1.7047],[129.7843,-1.715],[129.7802,-1.7241],[129.7783,-1.7205],[129.7794,-1.7047]]],[[[130.1365,-1.7125],[130.143,-1.7114],[130.1384,-1.7166],[130.1365,-1.7125]]],[[[129.7727,-1.7174],[129.7681,-1.7032],[129.7727,-1.7023],[129.7781,-1.7144],[129.7727,-1.7174]]],[[[129.7909,-1.699],[129.7889,-1.7021],[129.7832,-1.6949],[129.7868,-1.6937],[129.7909,-1.699]]],[[[129.8696,-1.6665],[129.8672,-1.6728],[129.8558,-1.6687],[129.8624,-1.6652],[129.8696,-1.6665]]],[[[129.9101,-1.6376],[129.9235,-1.6381],[129.9184,-1.6501],[129.9123,-1.6507],[129.9101,-1.6376]]],[[[130.0978,-1.455],[130.1038,-1.45],[130.105,-1.4533],[130.0978,-1.455]]],[[[130.1223,-1.4437],[130.1177,-1.4452],[130.1152,-1.4387],[130.123,-1.4374],[130.1223,-1.4437]]],[[[130.1533,-1.4436],[130.1472,-1.4451],[130.1447,-1.4409],[130.1515,-1.4356],[130.1533,-1.4436]]],[[[129.7157,-1.2806],[129.7269,-1.2762],[129.7303,-1.2791],[129.7168,-1.2815],[129.7139,-1.2798],[129.7119,-1.2759],[129.7127,-1.2708],[129.7157,-1.2806]]],[[[129.7665,-1.2668],[129.763,-1.275],[129.7485,-1.2722],[129.756,-1.2656],[129.7665,-1.2668]]],[[[129.6857,-1.2602],[129.6875,-1.2644],[129.6848,-1.2679],[129.6807,-1.2636],[129.6857,-1.2602]]],[[[129.6853,-1.257],[129.6826,-1.2521],[129.6847,-1.2482],[129.6895,-1.2523],[129.6853,-1.257]]],[[[129.706,-1.2361],[129.701,-1.2323],[129.7075,-1.2302],[129.706,-1.2361]]],[[[129.6508,-1.2365],[129.6469,-1.2326],[129.6474,-1.2278],[129.6537,-1.2327],[129.6508,-1.2365]]],[[[129.8267,-1.2198],[129.8216,-1.2267],[129.7904,-1.2306],[129.7934,-1.2249],[129.8267,-1.2198]]],[[[129.7367,-1.2295],[129.7279,-1.2282],[129.7276,-1.2229],[129.7307,-1.2201],[129.7367,-1.2295]]],[[[129.7824,-1.2286],[129.7764,-1.2317],[129.7668,-1.2303],[129.784,-1.216],[129.7824,-1.2286]]],[[[129.6485,-1.2016],[129.6535,-1.203],[129.6547,-1.2154],[129.6479,-1.2152],[129.6485,-1.2016]]],[[[129.7127,-1.2123],[129.7051,-1.2105],[129.715,-1.2025],[129.715,-1.2116],[129.7127,-1.2123]]],[[[129.949,-1.1936],[129.8334,-1.2506],[129.8866,-1.1962],[129.7452,-1.2203],[129.7308,-1.198],[129.7574,-1.1723],[129.851,-1.1571],[129.8665,-1.1443],[129.9777,-1.1705],[129.949,-1.1936]]],[[[129.385,-1.1967],[129.3824,-1.1883],[129.3968,-1.194],[129.3956,-1.1975],[129.385,-1.1967]]],[[[129.4432,-1.1721],[129.4529,-1.1686],[129.465,-1.1688],[129.4759,-1.1841],[129.4432,-1.1721]]],[[[129.6879,-1.1874],[129.7039,-1.1638],[129.7464,-1.1583],[129.7177,-1.1975],[129.6879,-1.1874]]],[[[129.3525,-1.1624],[129.3731,-1.1693],[129.3734,-1.1864],[129.3525,-1.1866],[129.3525,-1.1624]]],[[[129.3355,-1.1547],[129.3528,-1.1606],[129.3019,-1.179],[129.3111,-1.1598],[129.3355,-1.1547]]],[[[129.4284,-1.155],[129.4254,-1.1652],[129.4245,-1.154],[129.4284,-1.155]]],[[[129.4444,-1.1526],[129.4437,-1.1611],[129.4406,-1.1606],[129.4399,-1.1527],[129.4444,-1.1526]]],[[[129.7755,-1.1486],[129.7797,-1.1517],[129.7634,-1.1598],[129.7614,-1.1546],[129.7755,-1.1486]]],[[[129.8462,-1.1545],[129.8407,-1.1504],[129.8518,-1.1447],[129.8492,-1.152],[129.8462,-1.1545]]],[[[129.8955,-0.8306],[129.9025,-0.8321],[129.9027,-0.8429],[129.8955,-0.8398],[129.8955,-0.8306]]],[[[129.7918,-0.771],[129.7983,-0.7734],[129.7806,-0.7674],[129.7886,-0.767],[129.7918,-0.771]]],[[[130.157,-0.7372],[130.1307,-0.748],[130.1255,-0.7482],[130.1461,-0.7276],[130.157,-0.7372]]],[[[129.9042,-0.4719],[129.8673,-0.4953],[129.8458,-0.449],[129.89,-0.3978],[129.9242,-0.4127],[129.9042,-0.4719]]],[[[130.1489,-0.3099],[130.1523,-0.3152],[130.1503,-0.3303],[130.135,-0.3162],[130.1489,-0.3099]]],[[[130.1872,-0.0911],[130.1902,-0.099],[130.1851,-0.1029],[130.181,-0.0897],[130.1872,-0.0911]]],[[[130.0629,-0.0762],[130.0577,-0.0729],[130.0328,-0.072],[130.0622,-0.0636],[130.0629,-0.0762]]],[[[130.1394,-0.0227],[130.1169,-0.0323],[130.1658,-0.0656],[130.131,-0.0967],[130.089,0.0029],[130.1377,0.0161],[130.1104,0.0032],[130.1394,-0.0227]]],[[[130.0632,0.1378],[130.0635,0.1422],[130.0802,0.1422],[130.0719,0.1334],[130.0632,0.1378]]],[[[130.1435,0.1397],[130.149,0.1363],[130.1173,0.1412],[130.1189,0.1468],[130.1435,0.1397]]],[[[130.0695,0.1663],[130.0721,0.1603],[130.0673,0.1587],[130.0657,0.164],[130.0695,0.1663]]],[[[130.063,0.162],[130.0658,0.1537],[130.0427,0.1513],[130.0557,0.1736],[130.063,0.162]]],[[[130.0496,0.1768],[130.0286,0.1699],[129.9987,0.1812],[130.0379,0.1857],[130.0496,0.1768]]],[[[130.2655,-2.2257],[130.2783,-2.2263],[130.2824,-2.2309],[130.2551,-2.226],[130.2655,-2.2257]]],[[[130.4545,-2.2158],[130.4616,-2.2174],[130.4594,-2.222],[130.4545,-2.2158]]],[[[130.4275,-2.215],[130.4098,-2.2144],[130.4547,-2.2129],[130.4494,-2.2193],[130.4275,-2.215]]],[[[130.197,-2.1984],[130.1957,-2.1954],[130.2041,-2.194],[130.197,-2.1984]]],[[[130.2628,-2.209],[130.2481,-2.1896],[130.2268,-2.1858],[130.3032,-2.1952],[130.2628,-2.209]]],[[[130.221,-2.1462],[130.2143,-2.1443],[130.2273,-2.1421],[130.2256,-2.146],[130.221,-2.1462]]],[[[130.2843,-2.1253],[130.2785,-2.1309],[130.2721,-2.1283],[130.2806,-2.1227],[130.2843,-2.1253]]],[[[130.4397,-2.1184],[130.4381,-2.126],[130.4335,-2.1241],[130.4343,-2.1188],[130.4397,-2.1184]]],[[[130.4156,-2.1056],[130.4181,-2.1108],[130.409,-2.1134],[130.4138,-2.1053],[130.4156,-2.1056]]],[[[130.408,-2.0961],[130.4127,-2.0894],[130.419,-2.0878],[130.4169,-2.098],[130.408,-2.0961]]],[[[130.4307,-2.0712],[130.4469,-2.0624],[130.4719,-2.064],[130.406,-2.0886],[130.4307,-2.0712]]],[[[130.4314,-2.0596],[130.4386,-2.0556],[130.4425,-2.0641],[130.4332,-2.0652],[130.4314,-2.0596]]],[[[130.3685,-2.0497],[130.3746,-2.0519],[130.3655,-2.056],[130.3685,-2.0497]]],[[[130.4054,-2.0387],[130.4067,-2.0455],[130.4003,-2.044],[130.4054,-2.0387]]],[[[130.4413,-2.0145],[130.3987,-2.0347],[130.3728,-2.0341],[130.405,-2.0111],[130.4061,-1.9949],[130.4714,-2.0053],[130.4413,-2.0145]]],[[[130.3786,-1.9412],[130.3712,-1.9438],[130.3732,-1.9367],[130.3786,-1.9412]]],[[[130.4439,-1.8336],[130.445,-1.8286],[130.4548,-1.8326],[130.4467,-1.8352],[130.4439,-1.8336]]],[[[130.27,-1.7055],[130.2587,-1.7128],[130.2527,-1.7046],[130.2689,-1.7012],[130.27,-1.7055]]],[[[130.2429,-1.7052],[130.2377,-1.7099],[130.2296,-1.7075],[130.2393,-1.7019],[130.2429,-1.7052]]],[[[130.2004,-1.6483],[130.2051,-1.6439],[130.2117,-1.6487],[130.2004,-1.6483]]],[[[130.3083,-1.6232],[130.3038,-1.6173],[130.3086,-1.6153],[130.3146,-1.6196],[130.3083,-1.6232]]],[[[130.2363,-1.4673],[130.2648,-1.4601],[130.2094,-1.4858],[130.2104,-1.4785],[130.2363,-1.4673]]],[[[130.2693,-1.4651],[130.261,-1.474],[130.2554,-1.473],[130.2634,-1.465],[130.2693,-1.4651]]],[[[130.3179,-1.43],[130.3253,-1.4317],[130.3268,-1.4381],[130.3131,-1.4333],[130.3179,-1.43]]],[[[130.288,-1.4387],[130.2827,-1.4357],[130.2859,-1.4291],[130.2895,-1.4306],[130.288,-1.4387]]],[[[130.2196,-1.3688],[130.2266,-1.3612],[130.2365,-1.3587],[130.227,-1.37],[130.2196,-1.3688]]],[[[130.2216,-0.724],[130.2345,-0.7225],[130.2364,-0.7322],[130.2168,-0.7391],[130.2216,-0.724]]],[[[130.2558,-0.6976],[130.263,-0.6907],[130.2698,-0.6943],[130.2603,-0.701],[130.2558,-0.6976]]],[[[130.2441,-0.6963],[130.231,-0.6992],[130.2282,-0.6958],[130.241,-0.6853],[130.2441,-0.6963]]],[[[130.2804,-0.6815],[130.2844,-0.687],[130.2811,-0.6911],[130.2768,-0.6875],[130.2804,-0.6815]]],[[[130.258,-0.6739],[130.2549,-0.6802],[130.2468,-0.6746],[130.25,-0.6686],[130.258,-0.6739]]],[[[130.2933,-0.6712],[130.2984,-0.6701],[130.2942,-0.6777],[130.2904,-0.6747],[130.2933,-0.6712]]],[[[130.3069,-0.6432],[130.3164,-0.6515],[130.2704,-0.6668],[130.2697,-0.6592],[130.3069,-0.6432]]],[[[130.2751,-0.5834],[130.2674,-0.5815],[130.2698,-0.5725],[130.2527,-0.5536],[130.252,-0.5454],[130.2899,-0.5947],[130.2832,-0.6051],[130.2751,-0.5834]]],[[[130.459,-0.5168],[130.4496,-0.5152],[130.4484,-0.5113],[130.4558,-0.5112],[130.459,-0.5168]]],[[[130.4487,-0.4467],[130.4373,-0.4452],[130.4537,-0.4305],[130.4513,-0.4356],[130.4487,-0.4467]]],[[[130.2821,-0.3714],[130.2782,-0.3748],[130.2727,-0.3714],[130.2786,-0.3681],[130.2821,-0.3714]]],[[[130.2899,-0.3653],[130.2965,-0.3651],[130.2961,-0.3687],[130.2912,-0.3705],[130.2899,-0.3653]]],[[[130.3926,-0.34],[130.3937,-0.3445],[130.3877,-0.3523],[130.3882,-0.3436],[130.3926,-0.34]]],[[[130.1976,-0.322],[130.2252,-0.329],[130.229,-0.3466],[130.1807,-0.3213],[130.1976,-0.322]]],[[[130.3663,-0.3136],[130.3583,-0.3187],[130.3513,-0.3123],[130.3607,-0.3111],[130.3663,-0.3136]]],[[[130.2038,-0.2924],[130.2286,-0.278],[130.2429,-0.3026],[130.2183,-0.3192],[130.2038,-0.2924]]],[[[130.376,-0.3026],[130.3692,-0.3006],[130.3756,-0.2948],[130.376,-0.3026]]],[[[130.1871,-0.2867],[130.1899,-0.2835],[130.1992,-0.2936],[130.1919,-0.2942],[130.1871,-0.2867]]],[[[130.3261,-0.2166],[130.3382,-0.1968],[130.351,-0.1991],[130.3365,-0.2136],[130.3261,-0.2166]]],[[[130.2476,-0.1892],[130.2559,-0.1914],[130.2563,-0.196],[130.2492,-0.1925],[130.2476,-0.1892]]],[[[130.2931,-0.1857],[130.2721,-0.1946],[130.2533,-0.181],[130.2797,-0.178],[130.2931,-0.1857]]],[[[130.3698,-0.1863],[130.3586,-0.1896],[130.3557,-0.1853],[130.3692,-0.1815],[130.3698,-0.1863]]],[[[130.2239,-0.1814],[130.2096,-0.1746],[130.2466,-0.179],[130.2374,-0.1844],[130.2239,-0.1814]]],[[[130.2586,-0.1747],[130.2481,-0.1606],[130.2616,-0.1502],[130.2731,-0.1584],[130.2586,-0.1747]]],[[[130.2617,-0.1165],[130.2566,-0.1112],[130.2668,-0.1044],[130.2725,-0.1149],[130.2617,-0.1165]]],[[[130.2748,0.1026],[130.2542,0.0999],[130.2446,0.1107],[130.2643,0.1074],[130.2748,0.1026]]],[[[130.2254,0.0998],[130.214,0.1049],[130.214,0.1117],[130.2277,0.1034],[130.2254,0.0998]]],[[[130.5806,-2.2538],[130.5725,-2.2453],[130.6186,-2.2528],[130.5938,-2.2518],[130.5806,-2.2538]]],[[[130.551,-2.2487],[130.5462,-2.2438],[130.5556,-2.2436],[130.551,-2.2487]]],[[[130.5053,-2.2302],[130.5258,-2.22],[130.5451,-2.218],[130.5329,-2.228],[130.5053,-2.2302]]],[[[130.4827,-2.2269],[130.4726,-2.2252],[130.4653,-2.2197],[130.4826,-2.2193],[130.4827,-2.2269]]],[[[130.5889,-2.1888],[130.5995,-2.19],[130.5973,-2.1947],[130.5889,-2.1888]]],[[[130.4525,-2.1711],[130.4652,-2.1685],[130.4724,-2.1615],[130.4718,-2.1658],[130.4599,-2.1731],[130.4525,-2.1711]]],[[[130.9138,-2.1557],[130.8982,-2.1458],[130.9315,-2.1647],[130.9194,-2.1601],[130.9138,-2.1557]]],[[[130.4569,-2.1444],[130.4681,-2.144],[130.4688,-2.1473],[130.4575,-2.147],[130.4569,-2.1444]]],[[[130.4842,-2.1325],[130.4982,-2.1419],[130.4515,-2.1278],[130.4548,-2.1236],[130.4842,-2.1325]]],[[[130.6518,-2.0378],[130.6574,-2.0415],[130.6519,-2.0441],[130.6518,-2.0378]]],[[[130.6838,-2.0316],[130.6767,-2.0303],[130.6839,-2.0238],[130.6838,-2.0316]]],[[[130.6152,-2.0046],[130.6038,-2.006],[130.6152,-1.998],[130.6372,-2.0054],[130.6152,-2.0046]]],[[[130.5545,-1.9907],[130.5627,-1.9888],[130.6,-2.0032],[130.5482,-1.997],[130.5545,-1.9907]]],[[[130.4761,-1.9785],[130.4795,-1.9793],[130.4747,-1.9872],[130.4707,-1.9848],[130.4761,-1.9785]]],[[[130.4566,-1.9871],[130.4584,-1.9758],[130.4668,-1.9811],[130.4647,-1.985],[130.4566,-1.9871]]],[[[130.4872,-1.9871],[130.4783,-1.987],[130.4869,-1.9741],[130.4872,-1.9871]]],[[[130.4652,-1.907],[130.4553,-1.9071],[130.4532,-1.8998],[130.4696,-1.902],[130.4652,-1.907]]],[[[130.9986,-1.3742],[130.9911,-1.3858],[130.9768,-1.3878],[130.9971,-1.372],[130.9986,-1.3742]]],[[[130.9328,-1.377],[130.928,-1.3846],[130.9157,-1.386],[130.9176,-1.3755],[130.9328,-1.377]]],[[[130.9499,-1.3539],[130.9479,-1.3629],[130.939,-1.353],[130.9445,-1.3534],[130.9499,-1.3539]]],[[[130.7218,-1.3529],[130.7178,-1.3555],[130.7161,-1.3482],[130.7218,-1.3529]]],[[[130.8836,-1.3343],[130.8911,-1.3325],[130.8851,-1.338],[130.8836,-1.3343]]],[[[131.0116,-1.3043],[131.0101,-1.2933],[131.0186,-1.288],[131.0241,-1.3014],[131.0116,-1.3043]]],[[[131.0586,-1.2031],[131.0469,-1.2135],[131.0375,-1.1987],[131.0528,-1.1926],[131.0586,-1.2031]]],[[[130.9954,-1.3257],[130.963,-1.3585],[130.9006,-1.3208],[130.8604,-1.346],[130.8115,-1.268],[130.7616,-1.2551],[130.7381,-1.1676],[130.6805,-1.1086],[130.7177,-1.0774],[130.6343,-0.9616],[130.8968,-0.8894],[130.9265,-0.8922],[130.94,-0.9411],[131.0274,-0.9126],[131.0495,-0.9306],[131.0878,-1.0124],[131.0345,-1.1953],[131.0442,-1.2408],[130.9999,-1.2825],[130.9954,-1.3257]]],[[[130.6862,-1.1508],[130.696,-1.1565],[130.6918,-1.161],[130.6879,-1.1574],[130.6862,-1.1508]]],[[[130.5697,-1.1467],[130.5651,-1.1424],[130.5758,-1.1379],[130.574,-1.1442],[130.5697,-1.1467]]],[[[130.5863,-1.1481],[130.58,-1.1464],[130.5887,-1.1359],[130.5951,-1.1398],[130.5863,-1.1481]]],[[[130.6472,-0.9379],[130.6587,-0.9423],[130.6614,-0.95],[130.6368,-0.9446],[130.6472,-0.9379]]],[[[131.031,-0.895],[131.0272,-0.8936],[131.0324,-0.8849],[131.0343,-0.8892],[131.031,-0.895]]],[[[130.8441,-0.781],[130.9267,-0.7845],[130.8585,-0.8112],[130.893,-0.8395],[130.8221,-0.8677],[130.3941,-0.9192],[130.4489,-0.8956],[130.4529,-0.8098],[130.4805,-0.8171],[130.484,-0.7894],[130.4864,-0.8268],[130.5439,-0.8407],[130.5665,-0.7938],[130.5846,-0.833],[130.6343,-0.7913],[130.652,-0.8216],[130.7023,-0.8059],[130.718,-0.8301],[130.7931,-0.7969],[130.8211,-0.8216],[130.8057,-0.7529],[130.8441,-0.781]]],[[[130.9067,-0.8187],[130.9013,-0.8215],[130.8922,-0.8185],[130.909,-0.8134],[130.9067,-0.8187]]],[[[130.5206,-0.7993],[130.5238,-0.7958],[130.5524,-0.7963],[130.5366,-0.8259],[130.5206,-0.7993]]],[[[130.7077,-0.7855],[130.7126,-0.7891],[130.7034,-0.7945],[130.7018,-0.7915],[130.7077,-0.7855]]],[[[130.7498,-0.7832],[130.7333,-0.7991],[130.7207,-0.7808],[130.745,-0.7725],[130.7498,-0.7832]]],[[[130.769,-0.7685],[130.788,-0.7541],[130.7765,-0.8013],[130.7608,-0.7795],[130.769,-0.7685]]],[[[130.5654,-0.5958],[130.6203,-0.5741],[130.6591,-0.5735],[130.5634,-0.6126],[130.5654,-0.5958]]],[[[130.6667,-0.5636],[130.6775,-0.5565],[130.6865,-0.5569],[130.6754,-0.5657],[130.6667,-0.5636]]],[[[130.6864,-0.4622],[130.6538,-0.5148],[130.5926,-0.5343],[130.5692,-0.5217],[130.5959,-0.5193],[130.597,-0.4663],[130.5654,-0.4662],[130.5457,-0.5118],[130.4684,-0.5198],[130.461,-0.5071],[130.5135,-0.4861],[130.4689,-0.4841],[130.4765,-0.4398],[130.5231,-0.468],[130.6145,-0.3966],[130.6956,-0.4413],[130.6864,-0.4622]]],[[[130.6841,-0.4178],[130.6829,-0.4129],[130.6914,-0.4094],[130.6926,-0.4155],[130.6841,-0.4178]]],[[[131.0337,-0.348],[131.0378,-0.3443],[131.0398,-0.3497],[131.0337,-0.348]]],[[[130.6664,-0.3101],[130.6764,-0.3212],[130.6697,-0.3297],[130.6597,-0.3163],[130.6664,-0.3101]]],[[[130.4923,-0.3114],[130.5203,-0.3036],[130.5251,-0.3178],[130.4969,-0.3319],[130.4923,-0.3114]]],[[[130.8885,-0.2995],[130.8956,-0.3138],[130.8496,-0.2951],[130.8705,-0.2941],[130.8885,-0.2995]]],[[[130.8088,-0.2978],[130.8075,-0.3024],[130.7957,-0.3019],[130.7956,-0.2985],[130.8088,-0.2978]]],[[[130.9438,-0.0376],[130.9775,-0.0589],[131.0458,-0.0203],[131.0365,-0.058],[131.1328,-0.0706],[131.1948,-0.13],[131.2977,-0.1595],[131.2968,-0.2436],[131.3406,-0.2921],[131.2452,-0.3402],[131.2471,-0.3799],[131.1034,-0.3082],[130.9597,-0.3508],[130.8686,-0.235],[130.8005,-0.242],[130.7907,-0.1695],[130.6802,-0.0986],[130.6987,-0.0778],[130.622,-0.0798],[130.6198,-0.1041],[130.6661,-0.1162],[130.6208,-0.1459],[130.6751,-0.1724],[130.7303,-0.2945],[130.8123,-0.312],[130.8308,-0.2885],[130.853,-0.31],[130.8982,-0.3154],[130.9166,-0.3057],[130.9441,-0.355],[130.8771,-0.4201],[130.7504,-0.4431],[130.676,-0.3413],[130.6945,-0.3001],[130.6147,-0.3029],[130.5816,-0.3175],[130.5613,-0.3688],[130.59,-0.377],[130.5525,-0.4301],[130.5268,-0.2461],[130.4482,-0.2895],[130.4295,-0.2609],[130.3186,-0.273],[130.2865,-0.226],[130.2187,-0.2083],[130.3292,-0.2189],[130.3675,-0.2034],[130.3766,-0.2382],[130.4511,-0.1984],[130.3779,-0.1843],[130.4249,-0.1656],[130.4207,-0.1291],[130.4025,-0.1688],[130.336,-0.1409],[130.3541,-0.1915],[130.3014,-0.1729],[130.2816,-0.1123],[130.3456,-0.1099],[130.3472,-0.079],[130.3638,-0.134],[130.3713,-0.0758],[130.4127,-0.1146],[130.4368,-0.0751],[130.4456,-0.0996],[130.5247,-0.0687],[130.5086,-0.0508],[130.5791,-0.0749],[130.5698,-0.039],[130.634,-0.0632],[130.7225,-0.0284],[130.7075,-0.062],[130.7711,-0.0538],[130.7401,-0.0253],[130.7949,-0.0061],[130.9438,-0.0376]]],[[[130.6919,-0.1332],[130.6772,-0.148],[130.6692,-0.147],[130.6724,-0.1365],[130.6919,-0.1332]]],[[[130.4999,-0.0573],[130.5051,-0.0591],[130.5031,-0.0628],[130.4975,-0.0615],[130.4999,-0.0573]]],[[[130.5217,-0.044],[130.5118,-0.0414],[130.5282,-0.0372],[130.5217,-0.044]]],[[[130.9471,-0.0169],[130.9535,-0.0212],[130.9455,-0.0281],[130.9404,-0.0218],[130.9471,-0.0169]]],[[[130.8829,0.0141],[130.873,0.0369],[130.8938,0.0396],[130.9033,0.0201],[130.8829,0.0141]]],[[[131.048,0.3844],[131.0654,0.3666],[131.0625,0.3633],[131.0399,0.3682],[131.048,0.3844]]],[[[132.2502,-2.9683],[132.3157,-2.9888],[132.1852,-2.9797],[132.1701,-2.9695],[132.2502,-2.9683]]],[[[132.1168,-2.9718],[132.1323,-2.9659],[132.1416,-2.9708],[132.1262,-2.9698],[132.1168,-2.9718]]],[[[131.9862,-2.9421],[131.9756,-2.9391],[132.0021,-2.9426],[131.9982,-2.9474],[131.9862,-2.9421]]],[[[132.4805,-2.6595],[132.4524,-2.6513],[132.4674,-2.6248],[132.5079,-2.6374],[132.4805,-2.6595]]],[[[132.4455,-2.6379],[132.4484,-2.6412],[132.4448,-2.6471],[132.4425,-2.6411],[132.4455,-2.6379]]],[[[131.5924,-2.6589],[131.5922,-2.6486],[131.6668,-2.6208],[131.6382,-2.6405],[131.5924,-2.6589]]],[[[132.582,-2.1896],[132.3165,-2.2837],[132.198,-2.1511],[132.1426,-2.1486],[132.043,-2.0763],[132.0851,-2.0212],[132.0414,-2.0264],[131.9743,-1.9726],[131.9889,-1.9328],[131.9285,-1.8815],[131.9479,-1.8437],[131.9216,-1.8137],[132.0138,-1.7471],[132.0256,-1.6998],[131.9995,-1.6735],[131.9084,-1.7145],[131.8571,-1.5662],[131.81,-1.6135],[131.7727,-1.5697],[131.7055,-1.5728],[131.6943,-1.5472],[131.7331,-1.5181],[131.7453,-1.4944],[131.745,-1.4538],[131.7178,-1.425],[131.7038,-1.4262],[131.6658,-1.4439],[131.6652,-1.4652],[131.6568,-1.4631],[131.661,-1.447],[131.6519,-1.4401],[131.5888,-1.453],[131.5476,-1.4883],[131.5,-1.4693],[131.4491,-1.514],[131.3816,-1.4548],[131.4032,-1.4286],[131.3568,-1.3629],[131.3365,-1.3668],[131.3354,-1.346],[131.3456,-1.3432],[131.3516,-1.3336],[131.3547,-1.3191],[131.3499,-1.3183],[131.3283,-1.3249],[131.3022,-1.3528],[131.3152,-1.3716],[131.2704,-1.3788],[131.2871,-1.4024],[131.3368,-1.438],[131.2819,-1.5041],[131.2077,-1.5226],[131.1648,-1.4629],[130.9371,-1.4363],[130.9996,-1.3813],[131.0506,-1.2546],[131.0835,-1.2401],[131.095,-1.2479],[131.1315,-1.2377],[131.1762,-1.221],[131.249,-1.0828],[131.2409,-1.0269],[131.2837,-0.9917],[131.2667,-0.9301],[131.2967,-0.9155],[131.2247,-0.8221],[131.5082,-0.7298],[131.5435,-0.7396],[131.5091,-0.7752],[131.8442,-0.7075],[131.9752,-0.58],[132.0695,-0.5423],[132.0945,-0.4803],[132.1718,-0.4259],[132.4202,-0.3445],[132.7145,-0.3619],[132.9013,-0.4635],[132.9545,-0.4539],[132.9727,-0.4944],[133.1534,-0.5475],[133.386,-0.7381],[133.5448,-0.7474],[133.5709,-0.7215],[133.7181,-0.7523],[133.7534,-0.7192],[133.8173,-0.7485],[133.9504,-0.7141],[134.0828,-0.8145],[134.1346,-0.8702],[134.0508,-0.8691],[134.0117,-0.9635],[134.1056,-1.133],[134.1966,-1.2102],[134.2783,-1.3438],[134.2134,-1.4075],[134.2016,-1.5498],[134.0694,-1.6542],[134.1428,-1.9937],[134.1032,-2.0525],[134.1124,-2.1328],[134.1441,-2.1694],[134.1744,-2.3528],[134.3398,-2.5529],[134.3192,-2.587],[134.3753,-2.6465],[134.4591,-2.8631],[134.4782,-2.8641],[134.4959,-2.8587],[134.5241,-2.7918],[134.4622,-2.5933],[134.4726,-2.5307],[134.5158,-2.4826],[134.569,-2.485],[134.5188,-2.4746],[134.5516,-2.4717],[134.5327,-2.4493],[134.6319,-2.4764],[134.6614,-2.7563],[134.5867,-2.7953],[134.6308,-3.0447],[134.6088,-3.1277],[134.6677,-3.1729],[134.7271,-3.3605],[134.7605,-3.3878],[134.847,-3.384],[134.9188,-3.4403],[135.0143,-3.5988],[135.1189,-3.5792],[135.141,-3.6093],[135.1998,-3.5834],[135.1287,-3.6889],[135.051,-3.6888],[135.0167,-3.7217],[135.0444,-3.7958],[135.0223,-3.8651],[135.06,-3.8704],[135.0989,-3.9523],[135.0359,-3.9914],[135.0538,-4.0495],[134.9574,-4.1564],[134.9359,-4.2266],[134.8147,-4.2515],[134.7214,-4.1947],[134.7268,-4.1787],[134.714,-4.131],[134.7028,-4.1215],[134.6293,-4.1175],[134.653,-4.0544],[134.6464,-4.0978],[134.7226,-4.0576],[134.6686,-4.0331],[134.6618,-3.9833],[134.6866,-3.9698],[134.7322,-3.9612],[134.7695,-3.9342],[134.8332,-3.9507],[134.8297,-3.9628],[134.8462,-3.9856],[134.8681,-3.9964],[134.9465,-3.9829],[134.9623,-3.948],[134.9167,-3.9647],[134.9277,-3.9349],[134.6773,-3.9196],[134.6032,-3.9998],[134.5062,-4.0437],[134.4485,-3.9834],[134.4753,-3.9727],[134.4389,-3.919],[134.3339,-3.8796],[134.3479,-3.9647],[134.2694,-3.937],[134.3336,-4.0205],[134.3026,-4.049],[134.1645,-3.927],[134.1692,-3.8957],[134.1097,-3.9038],[134.1913,-3.8331],[134.1695,-3.7787],[134.1387,-3.7454],[134.069,-3.8209],[134.0411,-3.7824],[133.9839,-3.8246],[133.9608,-3.8611],[133.944,-3.8457],[133.9136,-3.7846],[133.9196,-3.7534],[133.9409,-3.7684],[133.8395,-3.6315],[133.8321,-3.555],[133.7844,-3.6166],[133.8166,-3.7267],[133.7508,-3.6452],[133.6908,-3.671],[133.7073,-3.6032],[133.6212,-3.477],[133.6995,-3.4147],[133.6687,-3.2263],[133.7015,-3.2088],[133.6985,-3.1709],[133.7726,-3.1748],[133.7715,-3.1149],[133.8271,-3.089],[133.8329,-3.0205],[133.9109,-3.1132],[133.8583,-3.0257],[133.8531,-2.9407],[133.8342,-2.9327],[133.8168,-2.9071],[133.8145,-2.9064],[133.8088,-2.9067],[133.8035,-2.9109],[133.8251,-2.9448],[133.7898,-3.025],[133.7314,-3.0293],[133.649,-3.1209],[133.6721,-3.2098],[133.6479,-3.2346],[133.6493,-3.3956],[133.5407,-3.429],[133.495,-3.375],[133.5177,-3.4311],[133.4779,-3.4505],[133.55,-3.4544],[133.5975,-3.5292],[133.5836,-3.5685],[133.4019,-3.6981],[133.3954,-3.75],[133.4568,-3.8592],[133.3999,-3.8864],[133.252,-4.0718],[133.0772,-4.0537],[133.0152,-4.1177],[132.9128,-4.0818],[132.9149,-4.0445],[132.8067,-3.9406],[132.8433,-3.9505],[132.7283,-3.6449],[132.8905,-3.6444],[132.9042,-3.5741],[132.9396,-3.5539],[132.9076,-3.5469],[132.8861,-3.4649],[132.852,-3.4771],[132.817,-3.4442],[132.8007,-3.3573],[132.8437,-3.2979],[132.7698,-3.2608],[132.7276,-3.281],[132.7284,-3.3364],[132.6644,-3.316],[132.5973,-3.2313],[132.6459,-3.193],[132.3495,-2.9394],[132.2048,-2.9097],[132.1448,-2.9421],[132.1081,-2.9283],[132.0875,-2.9595],[132.0584,-2.8903],[132.0448,-2.9235],[132.008,-2.8885],[131.9781,-2.9149],[131.976,-2.8795],[132.0332,-2.8707],[132.0299,-2.8357],[131.9822,-2.827],[132.0615,-2.788],[132.0411,-2.77],[131.9716,-2.7787],[131.9522,-2.7654],[132.0743,-2.725],[132.1036,-2.7419],[132.0957,-2.7085],[132.2024,-2.704],[132.1135,-2.6929],[132.2324,-2.6543],[132.4339,-2.6783],[132.4174,-2.6947],[132.4548,-2.7111],[132.4311,-2.7355],[132.4968,-2.7112],[132.4669,-2.6936],[132.4866,-2.6808],[132.591,-2.6949],[132.7418,-2.8008],[132.8776,-2.6987],[133.0508,-2.4896],[133.2167,-2.4115],[133.3023,-2.4434],[133.3001,-2.5166],[133.3263,-2.4687],[133.3743,-2.5072],[133.3738,-2.6229],[133.4001,-2.6916],[133.4118,-2.6952],[133.4204,-2.6863],[133.4202,-2.6734],[133.4296,-2.6773],[133.4388,-2.6755],[133.4631,-2.6321],[133.493,-2.6463],[133.5038,-2.6385],[133.5111,-2.6459],[133.5212,-2.646],[133.5286,-2.6421],[133.5642,-2.608],[133.5704,-2.5902],[133.562,-2.5753],[133.6342,-2.5324],[133.6733,-2.5686],[133.6624,-2.6582],[133.69,-2.616],[133.7323,-2.6248],[133.7456,-2.6209],[133.7402,-2.6626],[133.7483,-2.6727],[133.758,-2.6748],[133.8049,-2.6466],[133.808,-2.5436],[133.7836,-2.4896],[133.818,-2.4608],[133.8206,-2.4458],[133.8527,-2.4722],[133.8668,-2.4696],[133.8716,-2.4558],[133.8993,-2.4811],[133.9762,-2.4789],[133.9858,-2.452],[133.9844,-2.4449],[133.9464,-2.4138],[133.9881,-2.3893],[133.989,-2.3876],[133.9891,-2.3861],[133.9864,-2.3818],[133.9866,-2.3662],[133.949,-2.3249],[133.9915,-2.2999],[133.9849,-2.2807],[133.9991,-2.2554],[133.9998,-2.241],[133.9866,-2.2254],[133.9419,-2.2319],[133.9407,-2.1377],[133.9609,-2.1244],[133.9693,-2.1086],[133.9672,-2.0943],[133.95,-2.092],[133.9563,-2.0866],[133.9479,-2.0591],[133.9372,-2.0623],[133.9369,-2.072],[133.946,-2.0751],[133.9432,-2.0818],[133.9205,-2.0878],[133.9061,-2.1037],[133.8407,-2.0961],[133.8211,-2.1344],[133.7194,-2.1623],[133.6199,-2.2311],[133.6078,-2.215],[133.5656,-2.2117],[133.4233,-2.2294],[133.2727,-2.1946],[133.2243,-2.2149],[133.1793,-2.1942],[132.9605,-2.2914],[132.9453,-2.2628],[132.9009,-2.2811],[132.8223,-2.2426],[132.7108,-2.2985],[132.6414,-2.2862],[132.582,-2.1896]]],[[[131.6728,-1.5331],[131.6308,-1.5424],[131.5879,-1.4726],[131.6547,-1.443],[131.6536,-1.4642],[131.6706,-1.4675],[131.7153,-1.4278],[131.7383,-1.5011],[131.6728,-1.5331]]],[[[131.3107,-1.4076],[131.2754,-1.3821],[131.3136,-1.3756],[131.3182,-1.3684],[131.3117,-1.357],[131.318,-1.3528],[131.3347,-1.3691],[131.3576,-1.3699],[131.3621,-1.3997],[131.3107,-1.4076]]],[[[131.334,-1.3273],[131.3524,-1.3258],[131.3453,-1.3412],[131.3172,-1.3511],[131.334,-1.3273]]],[[[131.0894,-1.2386],[131.1005,-1.2438],[131.0955,-1.2461],[131.0894,-1.2386]]],[[[131.1026,-1.2313],[131.1135,-1.2314],[131.0987,-1.2364],[131.1026,-1.2313]]],[[[131.1472,-1.2297],[131.1337,-1.2359],[131.1296,-1.2369],[131.142,-1.2253],[131.1472,-1.2297]]],[[[131.0556,-1.2318],[131.0526,-1.2216],[131.066,-1.2097],[131.0662,-1.2253],[131.0556,-1.2318]]],[[[131.138,-1.2146],[131.1195,-1.2218],[131.1073,-1.2235],[131.1496,-1.2034],[131.138,-1.2146]]],[[[131.1511,-1.2242],[131.1458,-1.2178],[131.1809,-1.1997],[131.1673,-1.2215],[131.1511,-1.2242]]],[[[131.0828,-1.2004],[131.0869,-1.2075],[131.0815,-1.2102],[131.0828,-1.2004]]],[[[131.155,-1.1888],[131.1608,-1.1928],[131.1471,-1.2021],[131.1491,-1.1937],[131.155,-1.1888]]],[[[131.1012,-1.1946],[131.0909,-1.1968],[131.1004,-1.1752],[131.1001,-1.1887],[131.1012,-1.1946]]],[[[131.0594,-1.1555],[131.0624,-1.1807],[131.0587,-1.1931],[131.0507,-1.1675],[131.0594,-1.1555]]],[[[131.0712,-1.1479],[131.0694,-1.1377],[131.0739,-1.1291],[131.0774,-1.1322],[131.0712,-1.1479]]],[[[131.1759,-1.127],[131.1801,-1.1276],[131.1748,-1.1352],[131.1759,-1.127]]],[[[131.2141,-1.1104],[131.2176,-1.1257],[131.2075,-1.1311],[131.2078,-1.1259],[131.2141,-1.1104]]],[[[131.1781,-1.0934],[131.1747,-1.0956],[131.1712,-1.093],[131.1796,-1.0881],[131.1781,-1.0934]]],[[[131.0978,-1.0843],[131.103,-1.0842],[131.1062,-1.0871],[131.0983,-1.0892],[131.0978,-1.0843]]],[[[131.0961,-1.0859],[131.0869,-1.086],[131.0867,-1.0802],[131.0976,-1.0801],[131.0961,-1.0859]]],[[[131.1751,-1.0757],[131.1654,-1.0835],[131.1612,-1.082],[131.1698,-1.0684],[131.1751,-1.0757]]],[[[131.2435,-1.0708],[131.2478,-1.0797],[131.2434,-1.0862],[131.2393,-1.0621],[131.2435,-1.0708]]],[[[131.1335,-1.0626],[131.1222,-1.0763],[131.1112,-1.0549],[131.1311,-1.0521],[131.1335,-1.0626]]],[[[131.1565,-1.0713],[131.1573,-1.0444],[131.1661,-1.0381],[131.1703,-1.0614],[131.1565,-1.0713]]],[[[131.1388,-1.0501],[131.1405,-1.0545],[131.1387,-1.0597],[131.1323,-1.0534],[131.1388,-1.0501]]],[[[131.1154,-1.0648],[131.0781,-1.0791],[131.0943,-1.0075],[131.1424,-0.9959],[131.1505,-1.0192],[131.1091,-1.0543],[131.1154,-1.0648]]],[[[131.2071,-1.0209],[131.2082,-1.0117],[131.2148,-1.0107],[131.2145,-1.0298],[131.2071,-1.0209]]],[[[131.2726,-0.9908],[131.2667,-0.9904],[131.2731,-0.9847],[131.2726,-0.9908]]],[[[131.2642,-0.984],[131.2595,-0.9913],[131.2574,-0.9878],[131.2642,-0.984]]],[[[131.248,-0.9771],[131.2543,-0.9743],[131.2579,-0.9781],[131.255,-0.9829],[131.248,-0.9771]]],[[[131.2557,-0.9247],[131.2632,-0.9319],[131.2554,-0.9417],[131.2497,-0.9373],[131.2557,-0.9247]]],[[[131.1331,-0.9193],[131.1282,-0.922],[131.1155,-0.9313],[131.1174,-0.9224],[131.1331,-0.9193]]],[[[131.2335,-0.9101],[131.2292,-0.9104],[131.2298,-0.9038],[131.2335,-0.9101]]],[[[131.2099,-0.8876],[131.204,-0.8945],[131.1849,-0.8968],[131.1966,-0.8854],[131.2099,-0.8876]]],[[[131.2392,-0.8843],[131.2408,-0.8875],[131.235,-0.8903],[131.2354,-0.8847],[131.2392,-0.8843]]],[[[132.199,-0.3636],[132.1997,-0.3709],[132.1952,-0.376],[132.1922,-0.3673],[132.199,-0.3636]]],[[[132.1732,-0.344],[132.1755,-0.3504],[132.1621,-0.3464],[132.1675,-0.3441],[132.1732,-0.344]]],[[[131.078,-0.3217],[131.0775,-0.3282],[131.0689,-0.3299],[131.0694,-0.3258],[131.078,-0.3217]]],[[[131.0749,-0.0326],[131.0814,-0.0384],[131.0803,-0.0487],[131.0645,-0.0412],[131.0749,-0.0326]]],[[[131.1257,0.5021],[131.1305,0.4981],[131.1265,0.4951],[131.1192,0.5046],[131.1257,0.5021]]],[[[131.1889,0.591],[131.1954,0.5854],[131.1899,0.5738],[131.1889,0.591]]],[[[131.1347,0.6018],[131.137,0.5948],[131.1318,0.5944],[131.132,0.6015],[131.1347,0.6018]]],[[[131.2266,1.0084],[131.2251,1.0017],[131.221,1.0053],[131.2266,1.0084]]],[[[131.2324,1.0206],[131.2406,1.035],[131.2464,1.0376],[131.2325,1.0133],[131.2324,1.0206]]],[[[131.2756,1.0667],[131.2655,1.0494],[131.2545,1.0431],[131.2614,1.0784],[131.2756,1.0667]]],[[[133.4051,-4.1484],[133.5542,-4.2179],[133.6391,-4.3083],[133.5479,-4.2339],[133.459,-4.2511],[133.3454,-4.1753],[133.3189,-4.0978],[133.4051,-4.1484]]],[[[132.9763,-4.1182],[132.9779,-4.1245],[132.9713,-4.1161],[132.9763,-4.1182]]],[[[133.4761,-4.0194],[133.4686,-4.0255],[133.462,-4.0244],[133.4706,-4.0153],[133.4761,-4.0194]]],[[[133.513,-3.9875],[133.5129,-3.985],[133.5219,-3.9846],[133.5201,-3.9902],[133.513,-3.9875]]],[[[133.6248,-3.4602],[133.6296,-3.4628],[133.6303,-3.4659],[133.6231,-3.4653],[133.6248,-3.4602]]],[[[132.7149,-3.4678],[132.6981,-3.5111],[132.6309,-3.4051],[132.6648,-3.4045],[132.7149,-3.4678]]],[[[132.7552,-3.4543],[132.7526,-3.4722],[132.7438,-3.4734],[132.7488,-3.4352],[132.7552,-3.4543]]],[[[133.5,-3.4514],[133.4905,-3.4486],[133.5195,-3.4481],[133.5153,-3.4508],[133.5,-3.4514]]],[[[133.6083,-3.4174],[133.6276,-3.4317],[133.6164,-3.4523],[133.5974,-3.4327],[133.6083,-3.4174]]],[[[133.6612,-3.4361],[133.6708,-3.4279],[133.677,-3.4315],[133.6742,-3.4345],[133.6612,-3.4361]]],[[[132.7437,-3.4252],[132.7368,-3.4102],[132.7431,-3.393],[132.7551,-3.4148],[132.7437,-3.4252]]],[[[133.6718,-3.3135],[133.6675,-3.3158],[133.6675,-3.3088],[133.6718,-3.3135]]],[[[132.8076,-3.3099],[132.8014,-3.3084],[132.8072,-3.2975],[132.8105,-3.3056],[132.8076,-3.3099]]],[[[132.5556,-3.1451],[132.5689,-3.1358],[132.5745,-3.1614],[132.5565,-3.1517],[132.5556,-3.1451]]],[[[132.5371,-3.1359],[132.4783,-3.1325],[132.442,-3.0984],[132.5042,-3.1142],[132.5371,-3.1359]]],[[[133.7593,-3.0615],[133.7778,-3.0545],[133.792,-3.1036],[133.773,-3.0992],[133.7593,-3.0615]]],[[[133.8205,-2.9216],[133.8061,-2.9093],[133.8171,-2.9084],[133.8205,-2.9216]]],[[[132.5494,-2.653],[132.5438,-2.6424],[132.5647,-2.6429],[132.5629,-2.6535],[132.5494,-2.653]]],[[[133.3871,-2.6024],[133.3898,-2.5802],[133.3953,-2.6639],[133.3893,-2.6533],[133.3871,-2.6024]]],[[[133.5047,-2.6156],[133.5278,-2.6059],[133.5216,-2.6439],[133.5038,-2.6375],[133.5143,-2.6291],[133.5149,-2.6202],[133.5127,-2.6179],[133.5047,-2.6156]]],[[[133.434,-2.6436],[133.401,-2.6893],[133.4344,-2.6227],[133.4355,-2.6002],[133.4178,-2.5586],[133.4051,-2.5466],[133.4122,-2.5426],[133.453,-2.561],[133.434,-2.6436]]],[[[133.787,-2.6567],[133.7505,-2.6715],[133.7525,-2.6201],[133.6963,-2.6131],[133.6937,-2.5382],[133.707,-2.5515],[133.7197,-2.5564],[133.7422,-2.562],[133.7532,-2.5574],[133.7732,-2.5804],[133.787,-2.6567]]],[[[133.4064,-2.6183],[133.3923,-2.5706],[133.3991,-2.5489],[133.4331,-2.6022],[133.4202,-2.6402],[133.4064,-2.6183]]],[[[133.5328,-2.6043],[133.5324,-2.5477],[133.5688,-2.5542],[133.5578,-2.5753],[133.5668,-2.5896],[133.5328,-2.6043]]],[[[133.5039,-2.6165],[133.4948,-2.643],[133.4638,-2.6212],[133.4742,-2.5025],[133.5039,-2.6165]]],[[[133.7976,-2.6328],[133.7608,-2.5491],[133.7641,-2.5122],[133.8024,-2.5467],[133.7976,-2.6328]]],[[[133.6097,-2.538],[133.5912,-2.5432],[133.5737,-2.5627],[133.5933,-2.5359],[133.6097,-2.538]]],[[[133.592,-2.547],[133.5968,-2.5422],[133.6,-2.546],[133.5931,-2.551],[133.592,-2.547]]],[[[133.692,-2.5129],[133.7349,-2.5054],[133.7513,-2.5547],[133.709,-2.5506],[133.692,-2.5129]]],[[[133.4015,-2.5368],[133.4229,-2.5042],[133.4448,-2.5024],[133.4505,-2.5556],[133.4015,-2.5368]]],[[[133.6748,-2.5206],[133.6382,-2.5076],[133.6483,-2.4922],[133.6667,-2.4935],[133.6748,-2.5206]]],[[[133.4223,-2.499],[133.423,-2.481],[133.4389,-2.4867],[133.4424,-2.4962],[133.4223,-2.499]]],[[[133.605,-2.466],[133.6154,-2.5019],[133.5803,-2.521],[133.4855,-2.4224],[133.5078,-2.4186],[133.5493,-2.4479],[133.605,-2.466]]],[[[133.3714,-2.4675],[133.3671,-2.4549],[133.3715,-2.4515],[133.3786,-2.47],[133.3714,-2.4675]]],[[[133.3148,-2.4403],[133.3588,-2.4446],[133.3697,-2.4956],[133.3366,-2.4719],[133.3148,-2.4403]]],[[[133.8165,-2.4483],[133.7754,-2.4816],[133.7292,-2.4407],[133.8284,-2.4088],[133.8666,-2.4678],[133.8285,-2.4442],[133.823,-2.4431],[133.8165,-2.4483]]],[[[133.5522,-2.4477],[133.5496,-2.4393],[133.5522,-2.4368],[133.5583,-2.4428],[133.5522,-2.4477]]],[[[133.8082,-2.3386],[133.8329,-2.3378],[133.8456,-2.3488],[133.8056,-2.3531],[133.8082,-2.3386]]],[[[133.7213,-2.2673],[133.7204,-2.2513],[133.7478,-2.2534],[133.7311,-2.2668],[133.7213,-2.2673]]],[[[133.7875,-2.2811],[133.7704,-2.2329],[133.8417,-2.2321],[133.8349,-2.2401],[133.8247,-2.2404],[133.8178,-2.2431],[133.8092,-2.2364],[133.8057,-2.2392],[133.7875,-2.2811]]],[[[133.8422,-2.2868],[133.7991,-2.2827],[133.8071,-2.2417],[133.8094,-2.2381],[133.817,-2.2439],[133.8352,-2.241],[133.8424,-2.2313],[133.8308,-2.2151],[133.844,-2.2019],[133.865,-2.2288],[133.8481,-2.2374],[133.8445,-2.2442],[133.8422,-2.2868]]],[[[133.676,-2.2556],[133.7406,-2.2169],[133.7577,-2.2173],[133.7433,-2.25],[133.7197,-2.2455],[133.6768,-2.264],[133.676,-2.2556]]],[[[133.6191,-2.2323],[133.596,-2.2339],[133.596,-2.2262],[133.6053,-2.2181],[133.6191,-2.2323]]],[[[133.8131,-2.2286],[133.8017,-2.2203],[133.834,-2.2068],[133.8274,-2.2237],[133.8131,-2.2286]]],[[[133.6859,-2.2393],[133.718,-2.1768],[133.7656,-2.1769],[133.7475,-2.2043],[133.6859,-2.2393]]],[[[133.7547,-2.1997],[133.7566,-2.1948],[133.7614,-2.1937],[133.759,-2.2012],[133.7547,-2.1997]]],[[[133.7818,-2.1765],[133.8219,-2.1486],[133.8581,-2.1536],[133.835,-2.1607],[133.8378,-2.1911],[133.7818,-2.1765]]],[[[133.8593,-2.166],[133.8491,-2.1781],[133.8383,-2.1615],[133.8601,-2.1596],[133.8593,-2.166]]],[[[134.6601,-4.1285],[134.6609,-4.1254],[134.6698,-4.1274],[134.6649,-4.1318],[134.6601,-4.1285]]],[[[134.6169,-4.0716],[134.615,-4.0766],[134.5995,-4.0797],[134.5995,-4.0754],[134.6169,-4.0716]]],[[[134.3439,-4.0341],[134.3536,-4.0238],[134.3607,-4.0331],[134.3516,-4.0348],[134.3439,-4.0341]]],[[[134.2276,-4.0108],[134.2451,-4.0045],[134.2627,-4.0407],[134.242,-4.0409],[134.2276,-4.0108]]],[[[134.4163,-4.0263],[134.3627,-4.033],[134.3765,-3.9815],[134.4446,-4.0197],[134.4163,-4.0263]]],[[[134.8458,-3.9812],[134.8545,-3.9818],[134.8476,-3.9849],[134.8458,-3.9812]]],[[[134.1673,-3.9868],[134.2042,-4.0307],[134.084,-3.9834],[134.054,-3.9171],[134.0989,-3.9161],[134.1673,-3.9868]]],[[[134.8434,-3.9704],[134.8367,-3.9529],[134.8431,-3.9525],[134.8403,-3.9558],[134.8434,-3.9648],[134.8449,-3.9661],[134.8661,-3.9756],[134.8434,-3.9704]]],[[[134.8523,-3.9526],[134.8527,-3.9565],[134.8559,-3.9616],[134.8602,-3.9628],[134.8585,-3.9674],[134.8441,-3.9651],[134.8523,-3.9526]]],[[[134.8534,-3.9562],[134.8605,-3.9522],[134.8612,-3.9592],[134.8575,-3.9618],[134.8534,-3.9562]]],[[[134.6913,-3.9537],[134.6824,-3.937],[134.738,-3.9532],[134.6924,-3.9638],[134.6913,-3.9537]]],[[[134.9085,-3.9479],[134.9003,-3.9504],[134.8964,-3.9468],[134.9115,-3.9416],[134.9085,-3.9479]]],[[[133.9332,-3.874],[133.9319,-3.8823],[133.9252,-3.8796],[133.9311,-3.8716],[133.9332,-3.874]]],[[[134.0122,-3.8637],[134.0055,-3.8568],[134.0356,-3.8482],[134.0304,-3.8603],[134.0122,-3.8637]]],[[[133.9952,-3.8443],[134.0204,-3.8094],[134.0459,-3.8274],[134.0332,-3.8443],[133.9952,-3.8443]]],[[[133.9042,-3.8008],[133.923,-3.8743],[133.8737,-3.7165],[133.8981,-3.7445],[133.9042,-3.8008]]],[[[134.1596,-3.7916],[134.1647,-3.7899],[134.1628,-3.8005],[134.1595,-3.7978],[134.1596,-3.7916]]],[[[134.1647,-3.7865],[134.1584,-3.7868],[134.1651,-3.7776],[134.1647,-3.7865]]],[[[134.4845,-2.8612],[134.4806,-2.8576],[134.4889,-2.8552],[134.4903,-2.8599],[134.4845,-2.8612]]],[[[134.3773,-2.5637],[134.3695,-2.5493],[134.3767,-2.5212],[134.3914,-2.5734],[134.3773,-2.5637]]],[[[134.3173,-2.5055],[134.3198,-2.5087],[134.3162,-2.513],[134.3128,-2.5079],[134.3173,-2.5055]]],[[[134.3072,-2.4989],[134.3016,-2.4941],[134.304,-2.4814],[134.3068,-2.4911],[134.3072,-2.4989]]],[[[134.5282,-2.4332],[134.5235,-2.439],[134.5204,-2.4333],[134.5282,-2.4332]]],[[[133.9839,-2.4478],[133.9733,-2.4758],[133.9034,-2.479],[133.8386,-2.3953],[133.9389,-2.3947],[133.9465,-2.4311],[133.9839,-2.4478]]],[[[134.572,-2.3617],[134.5905,-2.395],[134.5629,-2.4015],[134.5649,-2.4411],[134.5031,-2.3597],[134.5626,-2.3683],[134.565,-2.2829],[134.572,-2.3617]]],[[[133.968,-2.386],[133.9486,-2.3946],[133.8241,-2.3692],[133.9463,-2.3285],[133.9865,-2.3675],[133.968,-2.386]]],[[[134.5026,-2.3428],[134.517,-2.3412],[134.5286,-2.3496],[134.5045,-2.3509],[134.5026,-2.3428]]],[[[134.516,-2.2972],[134.5329,-2.3055],[134.5253,-2.3111],[134.516,-2.2972]]],[[[133.8629,-2.3066],[133.9264,-2.3056],[133.9505,-2.2379],[133.998,-2.242],[133.983,-2.2779],[133.9899,-2.2992],[133.9458,-2.3234],[133.8543,-2.3425],[133.8113,-2.3256],[133.8629,-2.3066]]],[[[133.9022,-2.2685],[133.9216,-2.3005],[133.8667,-2.2907],[133.8734,-2.2784],[133.9022,-2.2685]]],[[[133.8964,-2.2279],[133.9207,-2.252],[133.9304,-2.2562],[133.9284,-2.2676],[133.8942,-2.2628],[133.8964,-2.2279]]],[[[133.8717,-2.2741],[133.8494,-2.2838],[133.8472,-2.2425],[133.8677,-2.2285],[133.8611,-2.2044],[133.8883,-2.194],[133.8949,-2.1863],[133.8717,-2.2741]]],[[[133.9057,-2.1934],[133.9338,-2.1924],[133.9324,-2.2569],[133.897,-2.2261],[133.9057,-2.1934]]],[[[133.8793,-2.1803],[133.8866,-2.1909],[133.8513,-2.1974],[133.866,-2.1713],[133.8793,-2.1803]]],[[[133.9196,-2.185],[133.9058,-2.191],[133.8952,-2.1834],[133.9353,-2.1704],[133.9196,-2.185]]],[[[133.8754,-2.1475],[133.9235,-2.134],[133.9389,-2.1376],[133.8859,-2.1745],[133.8754,-2.1475]]],[[[134.7349,-2.1479],[134.7413,-2.1488],[134.7453,-2.159],[134.7388,-2.1558],[134.7349,-2.1479]]],[[[133.8439,-2.1008],[133.8732,-2.1123],[133.8697,-2.1399],[133.8361,-2.1308],[133.8439,-2.1008]]],[[[133.9218,-2.0928],[133.9209,-2.1135],[133.8783,-2.1342],[133.8757,-2.1149],[133.9093,-2.1066],[133.9218,-2.0928]]],[[[133.9673,-2.0955],[133.9617,-2.1199],[133.9397,-2.1277],[133.9421,-2.1066],[133.9673,-2.0955]]],[[[133.9275,-2.1102],[133.9468,-2.0827],[133.9362,-2.126],[133.9038,-2.1357],[133.9275,-2.1102]]],[[[134.3931,-2.08],[134.3729,-2.1436],[134.3487,-2.1666],[134.3157,-2.0785],[134.3805,-1.9945],[134.4077,-2.0038],[134.3931,-2.08]]],[[[134.728,-2.0749],[134.7282,-2.0838],[134.7238,-2.0839],[134.7213,-2.074],[134.728,-2.0749]]],[[[133.9485,-2.0651],[133.9479,-2.0704],[133.9381,-2.0695],[133.9453,-2.065],[133.9485,-2.0651]]],[[[134.7423,-2.0501],[134.7237,-2.0248],[134.7377,-2.0167],[134.7453,-2.0369],[134.7423,-2.0501]]],[[[134.1489,-2.0134],[134.1515,-2.0005],[134.1573,-2.0515],[134.1496,-2.0389],[134.1489,-2.0134]]],[[[134.1552,-1.967],[134.1445,-1.9721],[134.138,-1.9662],[134.1475,-1.9607],[134.1552,-1.967]]],[[[134.2051,-1.7828],[134.1956,-1.8304],[134.2157,-1.8297],[134.1665,-1.9509],[134.1355,-1.9094],[134.1475,-1.8298],[134.2231,-1.7348],[134.2382,-1.7585],[134.2051,-1.7828]]],[[[134.2064,-1.8094],[134.2073,-1.8026],[134.2117,-1.8058],[134.2064,-1.8094]]],[[[134.0897,-0.8924],[134.1046,-0.8934],[134.1106,-0.9213],[134.1039,-0.918],[134.0897,-0.8924]]]]}},{"type":"Feature","properties":{"district":"Riau","constituency_code":"4","electorate_type":"Indonesia"},"geometry":{"type":"MultiPolygon","coordinates":[[[[101.0369,-0.3581],[100.9776,-0.314],[100.8423,-0.3409],[100.8429,-0.29],[100.7743,-0.2131],[100.7364,-0.0492],[100.7638,-0.0222],[100.8152,-0.0436],[100.8629,0.0422],[100.8345,0.0679],[100.7996,0.0522],[100.7746,0.1008],[100.8492,0.1623],[100.8358,0.2346],[100.8146,0.2605],[100.7646,0.2337],[100.7008,0.2488],[100.6751,0.1848],[100.559,0.3047],[100.4671,0.3146],[100.4297,0.3642],[100.4576,0.4139],[100.4189,0.4233],[100.3459,0.3806],[100.2897,0.3986],[100.2351,0.4762],[100.1981,0.6263],[100.2214,0.6653],[100.2844,0.6823],[100.2737,0.7273],[100.2133,0.7361],[100.1219,0.8206],[100.1438,0.8966],[100.1218,0.8955],[100.0876,0.9256],[100.1511,0.9359],[100.1401,0.9844],[100.1654,1.0025],[100.1166,1.09],[100.1826,1.1262],[100.1143,1.2115],[100.1258,1.2559],[100.0525,1.3778],[100.3035,1.4166],[100.3409,1.4376],[100.2772,1.4636],[100.276,1.4744],[100.3766,1.4498],[100.4345,1.5204],[100.4047,1.573],[100.4176,1.6651],[100.3671,1.6847],[100.3527,1.734],[100.3871,1.7778],[100.2804,1.8125],[100.3729,2.1931],[100.3067,2.3752],[100.3219,2.5477],[100.3615,2.3926],[100.4404,2.2591],[100.5686,2.1557],[100.7229,2.0946],[100.7632,2.0863],[100.7889,2.1188],[100.7783,2.285],[101.0458,2.2918],[101.0762,2.2151],[101.3032,2.0422],[101.3573,1.7783],[101.4093,1.6982],[101.5616,1.637],[101.7534,1.6638],[102.1487,1.3782],[102.1532,1.2615],[102.2089,1.1887],[102.1911,1.0947],[102.2233,1.0087],[102.4084,0.8108],[102.569,0.7392],[102.6766,0.7557],[102.8949,0.728],[103.0959,0.4945],[103.1073,0.4558],[103.0757,0.4414],[103.1105,0.385],[103.1958,0.4747],[103.3256,0.5447],[103.4125,0.522],[103.5804,0.3977],[103.6029,0.3458],[103.7184,0.2889],[103.8132,-0.0062],[103.685,-0.0277],[103.6141,-0.0061],[103.5693,-0.0362],[103.5927,-0.0338],[103.5811,-0.0621],[103.4943,-0.0842],[103.4707,-0.1076],[103.5011,-0.1471],[103.4556,-0.1838],[103.4713,-0.2096],[103.6417,-0.2262],[103.7857,-0.342],[103.5909,-0.3913],[103.6077,-0.4325],[103.5441,-0.5032],[103.4214,-0.5219],[103.4045,-0.692],[103.4371,-0.7139],[103.4372,-0.7781],[103.3528,-0.7992],[103.3122,-0.7647],[103.0036,-0.7547],[102.9278,-0.8661],[102.7839,-0.9818],[102.7822,-1.03],[102.7532,-1.0238],[102.729,-1.0802],[102.6811,-1.0819],[102.6439,-1.1269],[102.6137,-1.096],[102.4728,-1.0858],[102.4413,-1.0313],[102.3746,-1.0342],[102.3831,-0.9936],[102.3038,-0.9186],[102.2029,-0.9471],[102.1618,-0.9011],[102.1172,-0.9211],[102.0119,-0.8778],[101.8453,-0.9836],[101.7538,-0.9752],[101.6986,-0.9383],[101.7317,-0.8706],[101.6477,-0.8237],[101.5876,-0.8473],[101.5058,-0.8085],[101.3948,-0.7436],[101.4056,-0.7175],[101.3478,-0.6835],[101.3574,-0.6575],[101.2549,-0.6252],[101.1087,-0.5009],[101.0668,-0.5035],[101.0369,-0.3581]]],[[[101.4153,1.7642],[101.4182,1.7645],[101.4179,1.7455],[101.4164,1.746],[101.4153,1.7642]]],[[[101.3727,1.7876],[101.3807,1.7911],[101.3803,1.7632],[101.3726,1.7794],[101.3727,1.7876]]],[[[101.3935,1.7933],[101.3937,1.8222],[101.4008,1.8283],[101.4089,1.7615],[101.3935,1.7933]]],[[[101.3721,1.7878],[101.3734,1.8025],[101.3812,1.8034],[101.3807,1.7915],[101.3721,1.7878]]],[[[101.363,1.8883],[101.3681,1.8789],[101.3694,1.8719],[101.3535,1.8841],[101.363,1.8883]]],[[[100.684,2.1636],[100.643,2.1856],[100.6338,2.218],[100.6686,2.1987],[100.684,2.1636]]],[[[100.7653,2.2022],[100.7837,2.1215],[100.7249,2.166],[100.7127,2.2669],[100.7494,2.2564],[100.7653,2.2022]]],[[[100.7508,2.2821],[100.7562,2.2797],[100.7517,2.2591],[100.7388,2.2798],[100.7508,2.2821]]],[[[101.0237,2.3076],[101.0338,2.3052],[100.9887,2.2996],[100.9945,2.3053],[101.0237,2.3076]]],[[[102.787,0.9895],[103.0463,0.8245],[103.0246,0.688],[102.9261,0.7705],[102.8646,0.7921],[102.5683,0.7676],[102.4108,0.8588],[102.44,0.9353],[102.4876,0.931],[102.5598,0.9714],[102.5914,1.0021],[102.6439,0.9911],[102.7349,1.0221],[102.787,0.9895]]],[[[102.8932,1.1252],[102.9814,1.0904],[103.0701,0.999],[103.1574,0.8865],[103.1447,0.8401],[103.0713,0.8322],[102.746,1.0381],[102.6228,1.0182],[102.7365,1.1549],[102.8932,1.1252]]],[[[102.5981,1.0633],[102.6073,1.005],[102.5897,1.0028],[102.5009,0.9453],[102.4602,1.0638],[102.4797,1.1233],[102.5367,1.1298],[102.5981,1.0633]]],[[[102.3826,1.3199],[102.4861,1.2308],[102.4392,1.0757],[102.4827,0.9452],[102.4368,0.9481],[102.3928,0.9134],[102.2761,1.0055],[102.239,1.094],[102.2138,1.4144],[102.2878,1.4144],[102.3826,1.3199]]],[[[102.227,1.5662],[102.4641,1.5154],[102.4959,1.4695],[102.5046,1.2516],[102.2931,1.4297],[102.1104,1.4641],[101.9988,1.5859],[102.0406,1.6071],[102.227,1.5662]]],[[[101.7272,2.0423],[101.7851,1.9384],[101.7315,1.7631],[101.616,1.6887],[101.4537,1.7267],[101.3829,1.9109],[101.4102,2.027],[101.4741,2.0657],[101.5215,2.0305],[101.5636,2.0432],[101.6558,2.1248],[101.7272,2.0423]]],[[[101.5541,2.0904],[101.5431,2.0941],[101.553,2.0998],[101.5541,2.0904]]],[[[101.6294,2.1217],[101.6367,2.125],[101.6329,2.1141],[101.6253,2.1165],[101.6294,2.1217]]],[[[103.4916,-0.2019],[103.516,-0.1815],[103.5664,-0.1807],[103.533,-0.2051],[103.4916,-0.2019]]],[[[103.4751,-0.1093],[103.498,-0.0867],[103.5182,-0.1029],[103.5035,-0.1064],[103.5033,-0.1192],[103.4751,-0.1093]]],[[[103.5353,-0.1225],[103.504,-0.1071],[103.518,-0.1052],[103.5236,-0.0898],[103.5764,-0.0743],[103.5924,-0.0921],[103.5353,-0.1225]]],[[[103.6404,-0.0158],[103.6668,-0.0246],[103.6814,-0.0408],[103.6556,-0.0502],[103.6404,-0.0158]]],[[[103.6165,-0.0331],[103.6147,-0.0088],[103.6478,-0.0467],[103.6262,-0.0459],[103.6165,-0.0331]]],[[[103.5433,0.449],[103.5817,0.4287],[103.5891,0.4088],[103.5609,0.4224],[103.5433,0.449]]],[[[103.2826,0.6496],[103.2871,0.5311],[103.1648,0.5004],[103.1378,0.5691],[103.1589,0.682],[103.2168,0.7017],[103.2826,0.6496]]],[[[103.0754,0.5753],[103.0309,0.632],[103.0383,0.6601],[103.0761,0.6096],[103.0754,0.5753]]],[[[103.1138,0.6468],[103.1043,0.6307],[103.1084,0.6667],[103.114,0.6513],[103.1138,0.6468]]],[[[103.1124,0.7512],[103.0879,0.7183],[103.0953,0.7989],[103.1087,0.7937],[103.1124,0.7512]]],[[[102.9078,0.7645],[102.8991,0.7668],[102.9005,0.7693],[102.9078,0.7645]]],[[[103.0821,0.8222],[103.1052,0.8174],[103.1075,0.8064],[103.0839,0.7966],[103.0821,0.8222]]]]}},{"type":"Feature","properties":{"district":"Sulawesi Barat","constituency_code":"29","electorate_type":"Indonesia"},"geometry":{"type":"MultiPolygon","coordinates":[[[[119.4617,-3.372],[119.4919,-3.4786],[119.474,-3.5018],[119.423,-3.4577],[119.2989,-3.4267],[119.2357,-3.485],[119.0654,-3.5026],[119.0201,-3.5155],[119.0,-3.5618],[118.9682,-3.545],[118.9359,-3.5696],[118.8465,-3.3807],[118.8293,-3.1704],[118.7758,-3.1041],[118.7962,-3.071],[118.84,-3.0789],[118.8863,-2.8906],[118.8465,-2.8501],[118.7705,-2.8668],[118.7572,-2.785],[118.8152,-2.6226],[118.868,-2.6796],[118.9123,-2.6665],[119.0296,-2.5828],[119.0425,-2.5082],[119.1471,-2.4671],[119.1232,-2.3119],[119.2124,-1.9974],[119.2874,-1.9532],[119.3318,-1.9615],[119.3625,-1.8605],[119.2817,-1.6886],[119.3257,-1.5916],[119.2885,-1.4501],[119.2906,-1.3938],[119.3328,-1.3481],[119.3033,-1.2735],[119.342,-1.1675],[119.3779,-1.1654],[119.4613,-1.0741],[119.5612,-0.8495],[119.5895,-1.1769],[119.5282,-1.1861],[119.5304,-1.2337],[119.4677,-1.2962],[119.5087,-1.2981],[119.5106,-1.3122],[119.4265,-1.3474],[119.462,-1.3964],[119.5199,-1.411],[119.5103,-1.4514],[119.5934,-1.3964],[119.6967,-1.4502],[119.6723,-1.5464],[119.7338,-1.6049],[119.7958,-1.7413],[119.8715,-1.7797],[119.8461,-2.012],[119.8703,-2.0185],[119.8037,-2.1122],[119.711,-2.1425],[119.7469,-2.2221],[119.6767,-2.268],[119.6877,-2.3698],[119.7229,-2.393],[119.7101,-2.5128],[119.7621,-2.5829],[119.7478,-2.7144],[119.6817,-2.7562],[119.5863,-2.743],[119.5709,-2.7837],[119.5647,-2.9943],[119.6308,-3.1276],[119.5356,-3.1396],[119.4861,-3.1888],[119.432,-3.1674],[119.37,-3.1992],[119.4326,-3.2637],[119.4314,-3.3391],[119.4617,-3.372]]],[[[117.5655,-2.9417],[117.5543,-2.9542],[117.5483,-2.9526],[117.5607,-2.9269],[117.5655,-2.9417]]],[[[118.8803,-2.6208],[118.8976,-2.6312],[118.8871,-2.6529],[118.8791,-2.6422],[118.8803,-2.6208]]],[[[117.0659,-2.2652],[117.0597,-2.2703],[117.0622,-2.2613],[117.0659,-2.2652]]],[[[119.3631,-3.4789],[119.3642,-3.4694],[119.3723,-3.4687],[119.3719,-3.4842],[119.3631,-3.4789]]],[[[119.4186,-3.4704],[119.4149,-3.4775],[119.4093,-3.4746],[119.4103,-3.4707],[119.4186,-3.4704]]],[[[119.3952,-3.4735],[119.3898,-3.4718],[119.392,-3.4654],[119.3946,-3.4667],[119.3952,-3.4735]]],[[[119.3276,-1.9352],[119.3352,-1.938],[119.3356,-1.9419],[119.3234,-1.9416],[119.3276,-1.9352]]]]}},{"type":"Feature","properties":{"district":"Sulawesi Selatan","constituency_code":"26","electorate_type":"Indonesia"},"geometry":{"type":"MultiPolygon","coordinates":[[[[117.3482,-7.6055],[117.3378,-7.6129],[117.3541,-7.5919],[117.3548,-7.5927],[117.3482,-7.6055]]],[[[117.4489,-7.5778],[117.4536,-7.585],[117.4501,-7.5896],[117.4407,-7.5824],[117.4489,-7.5778]]],[[[117.284,-7.5259],[117.3062,-7.529],[117.335,-7.528],[117.29,-7.5397],[117.284,-7.5259]]],[[[117.4235,-7.5202],[117.4245,-7.5176],[117.4438,-7.5128],[117.43,-7.5378],[117.4235,-7.5202]]],[[[117.1836,-7.4925],[117.1962,-7.5017],[117.1774,-7.5089],[117.1761,-7.4988],[117.1836,-7.4925]]],[[[117.4841,-7.4869],[117.4826,-7.4983],[117.4746,-7.4858],[117.4841,-7.4869]]],[[[117.8657,-7.44],[117.8731,-7.4456],[117.8697,-7.4476],[117.8657,-7.44]]],[[[117.8118,-7.3961],[117.8068,-7.4031],[117.8015,-7.392],[117.8079,-7.3925],[117.8118,-7.3961]]],[[[117.7509,-7.369],[117.7486,-7.374],[117.7437,-7.3749],[117.7429,-7.3652],[117.7509,-7.369]]],[[[118.112,-7.2978],[118.1135,-7.3052],[118.1076,-7.3089],[118.105,-7.3006],[118.112,-7.2978]]],[[[118.4032,-7.182],[118.3968,-7.1926],[118.3681,-7.2003],[118.3681,-7.1934],[118.4032,-7.182]]],[[[118.6483,-7.065],[118.6534,-7.0647],[118.6515,-7.0717],[118.6483,-7.065]]],[[[118.8605,-6.9268],[118.8587,-6.9318],[118.8524,-6.9285],[118.8569,-6.9256],[118.8605,-6.9268]]],[[[119.1386,-6.8631],[119.1344,-6.8745],[119.129,-6.8653],[119.1386,-6.8631]]],[[[118.9646,-6.8646],[118.9612,-6.8579],[118.9654,-6.8534],[118.9685,-6.8572],[118.9646,-6.8646]]],[[[119.0974,-6.8495],[119.1138,-6.8366],[119.1248,-6.8441],[119.1008,-6.8693],[119.0974,-6.8495]]],[[[118.9264,-6.6475],[118.9321,-6.6476],[118.9321,-6.6533],[118.9273,-6.6549],[118.9264,-6.6475]]],[[[118.3265,-6.6426],[118.3244,-6.6354],[118.3274,-6.6351],[118.3265,-6.6426]]],[[[118.8563,-6.5882],[118.8689,-6.5946],[118.8691,-6.5997],[118.8571,-6.5948],[118.8563,-6.5882]]],[[[118.8271,-6.5767],[118.8313,-6.5691],[118.8413,-6.5819],[118.8373,-6.5834],[118.8271,-6.5767]]],[[[118.4496,-5.5058],[118.4572,-5.5031],[118.4566,-5.5117],[118.4519,-5.511],[118.4496,-5.5058]]],[[[118.4335,-5.3991],[118.4357,-5.4097],[118.427,-5.4176],[118.4249,-5.3975],[118.4335,-5.3991]]],[[[117.9238,-5.374],[117.93,-5.3529],[117.9475,-5.4082],[117.935,-5.4034],[117.9238,-5.374]]],[[[117.8861,-5.2398],[117.8996,-5.2623],[117.8904,-5.2913],[117.8904,-5.2626],[117.8861,-5.2398]]],[[[117.6542,-5.1838],[117.6814,-5.1978],[117.6566,-5.2211],[117.6604,-5.2015],[117.6542,-5.1838]]],[[[117.8786,-5.1716],[117.8832,-5.1682],[117.8906,-5.1729],[117.8827,-5.1794],[117.8786,-5.1716]]],[[[118.1549,-5.1341],[118.1395,-5.1276],[118.147,-5.1147],[118.154,-5.1269],[118.1549,-5.1341]]],[[[117.0486,-5.0885],[117.0533,-5.0908],[117.0618,-5.0982],[117.0463,-5.097],[117.0486,-5.0885]]],[[[117.9139,-5.0542],[117.9157,-5.0494],[117.9209,-5.0509],[117.9165,-5.0566],[117.9139,-5.0542]]],[[[117.0678,-5.0231],[117.0726,-5.018],[117.0748,-5.0232],[117.0678,-5.0231]]],[[[119.1683,-6.8432],[119.1739,-6.8259],[119.1899,-6.8234],[119.1722,-6.8435],[119.1683,-6.8432]]],[[[119.8944,-5.5939],[119.7949,-5.6992],[119.6709,-5.6935],[119.6402,-5.6713],[119.6505,-5.6287],[119.6104,-5.6126],[119.5571,-5.6487],[119.5692,-5.6048],[119.5092,-5.5375],[119.4608,-5.5754],[119.488,-5.6046],[119.4402,-5.5963],[119.4335,-5.5158],[119.3608,-5.4103],[119.3862,-5.158],[119.4168,-5.0939],[119.4471,-5.1009],[119.479,-5.0599],[119.4661,-5.0253],[119.5247,-4.9238],[119.4819,-4.7514],[119.594,-4.5701],[119.5963,-4.4166],[119.6367,-4.2999],[119.5952,-4.2383],[119.6263,-4.2335],[119.6085,-4.2161],[119.6379,-4.174],[119.6054,-4.1024],[119.6339,-3.9739],[119.5864,-3.9738],[119.6137,-4.0049],[119.5855,-4.038],[119.5713,-3.9497],[119.4526,-3.7134],[119.5134,-3.5598],[119.474,-3.5018],[119.4919,-3.4786],[119.4314,-3.3391],[119.4326,-3.2637],[119.3694,-3.2017],[119.6308,-3.1276],[119.55,-2.8976],[119.5863,-2.743],[119.6817,-2.7562],[119.7478,-2.7144],[119.7622,-2.5719],[119.7101,-2.5128],[119.7229,-2.393],[119.6877,-2.3698],[119.6767,-2.268],[119.7469,-2.2221],[119.711,-2.1425],[119.8037,-2.1122],[119.8703,-2.0185],[119.9093,-2.0533],[119.9966,-1.9576],[120.0446,-1.9721],[120.0731,-1.948],[120.1158,-2.0],[120.1757,-1.9648],[120.3128,-2.0524],[120.3439,-1.9771],[120.3896,-1.9955],[120.3994,-1.957],[120.5081,-2.1129],[120.5449,-2.0184],[120.7432,-2.2419],[120.7814,-2.2139],[120.8563,-2.2231],[120.88,-2.2668],[120.9935,-2.2751],[121.0431,-2.2489],[121.1076,-2.2808],[121.103,-2.3984],[121.2024,-2.3667],[121.254,-2.4023],[121.2923,-2.3765],[121.4421,-2.405],[121.5853,-2.5281],[121.673,-2.5199],[121.6971,-2.5806],[121.7841,-2.6417],[121.7354,-2.6986],[121.7068,-2.8073],[121.6509,-2.8464],[121.6891,-2.8876],[121.5162,-2.9252],[121.4616,-3.0114],[121.3902,-3.0148],[121.0942,-2.7764],[121.0279,-2.7963],[120.9972,-2.87],[120.9752,-2.8087],[121.0195,-2.8067],[121.0332,-2.7676],[121.0945,-2.7148],[121.0426,-2.6967],[121.029,-2.6538],[120.9994,-2.6791],[120.8914,-2.6421],[120.8572,-2.6573],[120.8156,-2.619],[120.5712,-2.6866],[120.5376,-2.756],[120.4479,-2.8266],[120.1927,-2.9625],[120.2584,-3.0642],[120.2566,-3.1616],[120.3822,-3.2023],[120.4207,-3.2647],[120.3796,-3.4982],[120.4413,-3.7343],[120.3441,-3.8925],[120.36,-4.0252],[120.3308,-4.1055],[120.3736,-4.1446],[120.3646,-4.2904],[120.3933,-4.3335],[120.3478,-4.4247],[120.3969,-4.4692],[120.3838,-4.5612],[120.4505,-4.6559],[120.4016,-4.7064],[120.3835,-4.8373],[120.3025,-4.8772],[120.2707,-5.1423],[120.3427,-5.301],[120.4048,-5.3419],[120.4735,-5.6194],[120.3127,-5.507],[120.13,-5.5883],[119.9373,-5.5444],[119.8944,-5.5939]]],[[[119.3024,-5.4934],[119.2951,-5.5312],[119.2447,-5.5064],[119.2902,-5.4684],[119.306,-5.478],[119.3163,-5.4717],[119.3024,-5.4934]]],[[[119.2989,-5.4696],[119.2896,-5.4604],[119.2996,-5.4558],[119.3048,-5.4655],[119.2989,-5.4696]]],[[[119.2901,-5.4617],[119.2776,-5.4675],[119.2647,-5.4571],[119.274,-5.4513],[119.2901,-5.4617]]],[[[119.2388,-5.4548],[119.2335,-5.4624],[119.2248,-5.4699],[119.2259,-5.4486],[119.2388,-5.4548]]],[[[119.2185,-5.4379],[119.2227,-5.4351],[119.2303,-5.4345],[119.2202,-5.4438],[119.2185,-5.4379]]],[[[119.4688,-4.7071],[119.4739,-4.6999],[119.4762,-4.7072],[119.4688,-4.7071]]],[[[119.3513,-4.6694],[119.3497,-4.6743],[119.3464,-4.6741],[119.348,-4.6661],[119.3513,-4.6694]]],[[[121.7277,-7.494],[121.792,-7.4723],[121.8035,-7.4797],[121.7972,-7.4882],[121.7277,-7.494]]],[[[121.7802,-7.4233],[121.7461,-7.4147],[121.7537,-7.3533],[121.828,-7.333],[121.8399,-7.3715],[121.7802,-7.4233]]],[[[121.163,-7.3469],[121.0997,-7.3976],[121.0606,-7.373],[121.0825,-7.3039],[121.163,-7.3469]]],[[[120.8932,-7.2755],[121.0022,-7.2819],[121.0635,-7.2996],[121.0007,-7.3323],[120.7952,-7.2706],[120.8932,-7.2755]]],[[[121.7308,-7.2819],[121.7556,-7.2616],[121.779,-7.2726],[121.7303,-7.2951],[121.7308,-7.2819]]],[[[121.756,-7.2314],[121.747,-7.2348],[121.739,-7.2284],[121.7495,-7.2223],[121.756,-7.2314]]],[[[120.595,-7.0999],[120.559,-7.0887],[120.5548,-7.0793],[120.6127,-7.0815],[120.595,-7.0999]]],[[[120.7366,-7.0748],[120.787,-7.0632],[120.7678,-7.1346],[120.6348,-7.1293],[120.6346,-7.0989],[120.6041,-7.0746],[120.6218,-7.0013],[120.7366,-7.0748]]],[[[120.5369,-7.0642],[120.5391,-7.0595],[120.5491,-7.0559],[120.551,-7.0667],[120.5369,-7.0642]]],[[[120.5216,-6.9883],[120.5288,-7.0],[120.5267,-7.0015],[120.5194,-6.9922],[120.5216,-6.9883]]],[[[122.221,-6.8977],[122.2221,-6.904],[122.2171,-6.903],[122.221,-6.8977]]],[[[121.2721,-6.8884],[121.2764,-6.9022],[121.2631,-6.8819],[121.2721,-6.8884]]],[[[120.7989,-6.8652],[120.7792,-6.7994],[120.7877,-6.7794],[120.8133,-6.8305],[120.7989,-6.8652]]],[[[120.9678,-6.7662],[120.9671,-6.7532],[120.9715,-6.7532],[120.9678,-6.7662]]],[[[120.4387,-6.6754],[120.436,-6.6874],[120.4309,-6.6988],[120.4302,-6.6596],[120.4387,-6.6754]]],[[[120.4264,-6.602],[120.4369,-6.5828],[120.4391,-6.642],[120.4257,-6.6403],[120.4264,-6.602]]],[[[120.9997,-6.4946],[120.9953,-6.5029],[120.9832,-6.5048],[120.9862,-6.501],[120.9997,-6.4946]]],[[[120.4225,-6.481],[120.4246,-6.4695],[120.43,-6.4693],[120.4286,-6.4891],[120.4225,-6.481]]],[[[120.4065,-6.1278],[120.4145,-6.115],[120.4146,-6.2089],[120.3923,-6.1803],[120.4065,-6.1278]]],[[[120.53,-5.8448],[120.5683,-6.0561],[120.5242,-6.2226],[120.5385,-6.3277],[120.4928,-6.3998],[120.5098,-6.4423],[120.4856,-6.4965],[120.4576,-6.3823],[120.48,-6.2804],[120.4479,-6.2683],[120.4288,-6.187],[120.4658,-6.0917],[120.4451,-5.9603],[120.4749,-5.7738],[120.497,-5.769],[120.53,-5.8448]]],[[[120.4239,-6.1222],[120.4218,-6.1164],[120.4298,-6.106],[120.4325,-6.1103],[120.4239,-6.1222]]],[[[120.4752,-5.7513],[120.4791,-5.7389],[120.4899,-5.7397],[120.4927,-5.7521],[120.4752,-5.7513]]],[[[120.4208,-5.6485],[120.4282,-5.6396],[120.4455,-5.6467],[120.4296,-5.661],[120.4208,-5.6485]]],[[[120.3891,-5.1246],[120.3874,-5.1208],[120.3916,-5.1154],[120.3953,-5.1244],[120.3891,-5.1246]]]]}},{"type":"Feature","properties":{"district":"Sulawesi Tengah","constituency_code":"25","electorate_type":"Indonesia"},"geometry":{"type":"MultiPolygon","coordinates":[[[[121.6428,-2.1854],[121.7187,-2.1956],[121.8254,-2.2947],[122.0344,-2.6565],[122.0107,-2.7196],[122.0875,-2.7899],[122.1843,-2.8235],[122.2078,-2.8997],[122.2517,-2.878],[122.3146,-2.9108],[122.2503,-3.0238],[122.3726,-3.1399],[122.4647,-3.1498],[122.4865,-3.1805],[122.4285,-3.1928],[122.434,-3.272],[122.3998,-3.2398],[122.3589,-3.2553],[122.3633,-3.2277],[122.3249,-3.2335],[122.3107,-3.2729],[122.3181,-3.1707],[122.2565,-3.1403],[122.2648,-3.101],[122.2053,-3.0964],[122.1506,-3.0394],[122.1265,-3.0827],[122.0665,-3.0894],[122.0303,-3.0482],[121.9527,-3.0509],[121.8656,-2.9679],[121.6702,-2.9005],[121.685,-2.8688],[121.6509,-2.8464],[121.7068,-2.8073],[121.7354,-2.6986],[121.7841,-2.6417],[121.6971,-2.5806],[121.673,-2.5199],[121.5853,-2.5281],[121.4688,-2.4154],[121.2923,-2.3765],[121.254,-2.4023],[121.2024,-2.3667],[121.1069,-2.4003],[121.0852,-2.3733],[121.0994,-2.2755],[121.0431,-2.2489],[120.9935,-2.2751],[120.88,-2.2668],[120.8377,-2.2186],[120.7432,-2.2419],[120.5449,-2.0184],[120.5081,-2.1129],[120.3994,-1.957],[120.3896,-1.9955],[120.3439,-1.9771],[120.3128,-2.0524],[120.232,-1.9826],[120.1623,-1.9655],[120.1158,-2.0],[120.0731,-1.948],[120.0446,-1.9721],[119.9966,-1.9576],[119.9093,-2.0533],[119.8473,-2.0227],[119.8715,-1.7797],[119.7958,-1.7413],[119.7338,-1.6049],[119.6723,-1.5464],[119.6967,-1.4502],[119.5934,-1.3964],[119.5103,-1.4514],[119.5199,-1.411],[119.462,-1.3964],[119.4265,-1.3474],[119.5106,-1.3122],[119.4677,-1.2962],[119.5304,-1.2337],[119.5282,-1.1861],[119.5895,-1.1769],[119.5612,-0.8495],[119.6813,-0.7645],[119.6614,-0.7188],[119.7267,-0.6468],[119.8391,-0.881],[119.878,-0.8641],[119.8595,-0.712],[119.8235,-0.6892],[119.7588,-0.4927],[119.751,-0.3696],[119.8182,-0.1922],[119.81,-0.1364],[119.7009,-0.1379],[119.6059,-0.0056],[119.6668,-0.0179],[119.6627,0.0185],[119.7223,-0.0112],[119.7748,-0.1114],[119.8344,-0.1064],[119.8818,-0.0249],[119.8786,0.0757],[119.7706,0.2119],[119.8091,0.2361],[119.903,0.222],[119.8486,0.3511],[119.8884,0.3918],[119.9008,0.4784],[120.045,0.5125],[120.016,0.6511],[120.0405,0.7099],[120.2377,0.8],[120.2473,0.9574],[120.285,0.986],[120.354,0.9839],[120.3268,0.8549],[120.3655,0.8302],[120.3728,0.867],[120.3982,0.7914],[120.5359,0.7908],[120.5463,0.7579],[120.5916,0.7494],[120.5756,0.7761],[120.6098,0.8083],[120.6358,0.9393],[120.8086,1.0281],[120.7771,1.107],[120.8277,1.1891],[120.8094,1.3251],[120.8811,1.3218],[120.9047,1.3555],[120.9029,1.3053],[120.9419,1.3502],[120.973,1.3442],[121.0648,1.3018],[121.1004,1.3156],[121.255,1.23],[121.4047,1.2621],[121.4645,1.3059],[121.4612,1.2518],[121.4132,1.2344],[121.4203,1.1853],[121.5592,1.0617],[121.6515,1.0397],[121.6848,1.0707],[121.7064,1.0383],[121.7102,1.0805],[121.9267,1.1027],[121.982,1.0229],[122.0643,1.0734],[122.1957,1.0386],[122.0425,0.9884],[122.0155,0.9091],[121.9547,0.9073],[121.8499,0.9929],[121.8138,0.9509],[121.6035,0.8727],[121.542,0.8794],[121.4941,0.8393],[121.3488,0.8523],[121.3528,0.796],[121.2181,0.7908],[121.1612,0.6786],[121.2286,0.6456],[121.2429,0.6001],[121.3248,0.5768],[121.3367,0.4738],[121.2595,0.4907],[121.1116,0.4009],[121.0271,0.4396],[120.8976,0.3957],[120.812,0.4723],[120.7666,0.4573],[120.6874,0.5132],[120.5065,0.5132],[120.3029,0.4177],[120.1352,0.1923],[120.0999,-0.0168],[120.0347,-0.0652],[120.0397,-0.1413],[120.0075,-0.1892],[120.0082,-0.2851],[120.0721,-0.4388],[120.0585,-0.6292],[120.1332,-0.7745],[120.3105,-0.9661],[120.4063,-0.9233],[120.462,-0.9926],[120.5071,-0.9972],[120.5861,-1.1118],[120.5711,-1.2556],[120.6395,-1.3113],[120.6762,-1.4152],[120.823,-1.3539],[120.8614,-1.4125],[120.9851,-1.4012],[121.0994,-1.4379],[121.3073,-1.0989],[121.4501,-0.9721],[121.4801,-0.8998],[121.5888,-0.866],[121.6339,-0.807],[121.6637,-0.8129],[121.6578,-0.9133],[121.7143,-0.9516],[121.9469,-0.9967],[122.0022,-0.9398],[122.1098,-0.9563],[122.1487,-0.9103],[122.1615,-0.8172],[122.2021,-0.7884],[122.6172,-0.762],[122.7258,-0.8132],[122.7925,-0.7753],[122.9602,-0.7545],[122.7258,-0.6609],[122.7759,-0.6714],[122.8617,-0.6219],[122.9542,-0.644],[123.0584,-0.5639],[123.263,-0.5795],[123.394,-0.6416],[123.4119,-0.6558],[123.3841,-0.6692],[123.4448,-0.713],[123.428,-0.7475],[123.4565,-0.7671],[123.4442,-0.8392],[123.3915,-0.892],[123.3747,-1.0082],[123.322,-1.05],[123.2653,-1.0429],[123.1413,-0.9513],[123.1509,-0.8865],[123.0991,-0.8349],[123.0603,-0.8964],[123.0269,-0.8888],[123.0407,-0.9098],[122.8017,-0.9425],[122.796,-1.0085],[122.7155,-1.1327],[122.6666,-1.1398],[122.631,-1.2361],[122.5594,-1.2677],[122.5622,-1.3087],[122.3928,-1.4926],[122.2199,-1.6014],[122.0301,-1.6116],[121.9045,-1.7009],[121.8615,-1.6721],[121.8864,-1.7038],[121.8498,-1.6933],[121.8092,-1.7286],[121.7419,-1.8888],[121.6765,-1.9461],[121.559,-1.9549],[121.523,-1.8981],[121.4486,-1.8652],[121.4557,-1.8116],[121.4191,-1.8223],[121.4118,-1.8093],[121.3769,-1.8078],[121.3409,-1.7727],[121.3186,-1.7689],[121.2886,-1.8384],[121.3618,-1.8743],[121.3145,-1.9248],[121.3489,-1.953],[121.3417,-2.0004],[121.4069,-1.9069],[121.444,-1.9888],[121.5308,-2.0537],[121.5512,-2.168],[121.6428,-2.1854]]],[[[121.4409,-1.9445],[121.4321,-1.9331],[121.4392,-1.9256],[121.4442,-1.9269],[121.4409,-1.9445]]],[[[121.48,-1.93],[121.4889,-1.9376],[121.4862,-1.9416],[121.48,-1.93]]],[[[121.3601,-1.9367],[121.3619,-1.9304],[121.3668,-1.9294],[121.364,-1.9387],[121.3601,-1.9367]]],[[[121.4541,-1.9362],[121.4503,-1.9361],[121.4507,-1.9288],[121.4541,-1.9362]]],[[[121.3789,-1.9028],[121.3723,-1.9122],[121.3651,-1.9201],[121.369,-1.9023],[121.3789,-1.9028]]],[[[121.3975,-1.8363],[121.3975,-1.8596],[121.3717,-1.8583],[121.385,-1.8363],[121.3975,-1.8363]]],[[[121.3267,-1.7823],[121.326,-1.7747],[121.3306,-1.775],[121.3332,-1.7806],[121.3267,-1.7823]]],[[[121.3173,-1.7755],[121.3192,-1.7703],[121.3249,-1.7742],[121.3241,-1.7783],[121.3173,-1.7755]]],[[[121.7573,-0.7447],[121.7605,-0.7388],[121.7717,-0.7388],[121.7687,-0.7551],[121.7573,-0.7447]]],[[[121.6282,-0.5939],[121.6233,-0.5929],[121.6269,-0.5828],[121.6308,-0.5897],[121.6282,-0.5939]]],[[[121.6736,-0.5767],[121.6712,-0.5813],[121.6615,-0.581],[121.6631,-0.5759],[121.6736,-0.5767]]],[[[121.9124,-0.4397],[121.9172,-0.5163],[121.8861,-0.5398],[121.863,-0.4964],[121.8281,-0.5317],[121.7353,-0.4962],[121.6999,-0.5632],[121.6589,-0.5768],[121.6504,-0.541],[121.6984,-0.4706],[121.7687,-0.4604],[121.7584,-0.4227],[121.7914,-0.4447],[121.8662,-0.4093],[121.8828,-0.424],[121.9039,-0.4282],[121.9045,-0.434],[121.9124,-0.4397]]],[[[121.6311,-0.2099],[121.593,-0.2109],[121.563,-0.1666],[121.6287,-0.1212],[121.6579,-0.1506],[121.6311,-0.2099]]],[[[119.6227,0.0898],[119.6154,0.0917],[119.617,0.0961],[119.6214,0.094],[119.6227,0.0898]]],[[[120.7078,0.372],[120.7028,0.3731],[120.7037,0.3787],[120.7082,0.377],[120.7078,0.372]]],[[[119.8914,0.4908],[119.8998,0.4943],[119.9091,0.4855],[119.8991,0.482],[119.8914,0.4908]]],[[[119.8554,0.531],[119.8776,0.5222],[119.8517,0.506],[119.8507,0.5211],[119.8554,0.531]]],[[[119.7914,0.5816],[119.7951,0.5806],[119.7988,0.575],[119.7941,0.5732],[119.7914,0.5816]]],[[[120.2395,0.9796],[120.2431,0.9855],[120.2503,0.9849],[120.2371,0.9732],[120.2395,0.9796]]],[[[120.723,0.9853],[120.7064,0.9858],[120.6996,0.9927],[120.728,1.0023],[120.723,0.9853]]],[[[120.3663,1.0288],[120.3787,1.0743],[120.3988,1.0715],[120.392,1.011],[120.3663,1.0288]]],[[[120.6652,1.0405],[120.6666,1.0206],[120.6053,1.0651],[120.6286,1.0629],[120.6652,1.0405]]],[[[120.7771,1.0445],[120.7733,1.0405],[120.7706,1.0422],[120.7742,1.0494],[120.7771,1.0445]]],[[[120.6689,1.0765],[120.6748,1.0764],[120.6701,1.0688],[120.6678,1.0715],[120.6689,1.0765]]],[[[120.8918,1.3699],[120.887,1.3585],[120.8813,1.3597],[120.8822,1.37],[120.8918,1.3699]]],[[[122.3923,-3.3454],[122.397,-3.3458],[122.3973,-3.3547],[122.3916,-3.354],[122.3923,-3.3454]]],[[[122.5707,-3.3418],[122.5821,-3.3392],[122.5818,-3.3516],[122.5739,-3.3501],[122.5707,-3.3418]]],[[[122.4066,-3.3197],[122.4064,-3.3296],[122.3953,-3.3275],[122.398,-3.3126],[122.4066,-3.3197]]],[[[122.5485,-3.2843],[122.5547,-3.2905],[122.5477,-3.2924],[122.5485,-3.2843]]],[[[122.3921,-3.2774],[122.3921,-3.2884],[122.3867,-3.2946],[122.3834,-3.2829],[122.3921,-3.2774]]],[[[122.4389,-3.2757],[122.4412,-3.2803],[122.4286,-3.2905],[122.4324,-3.2765],[122.4389,-3.2757]]],[[[122.6135,-3.1294],[122.6073,-3.129],[122.6132,-3.1236],[122.6135,-3.1294]]],[[[122.5796,-3.1143],[122.5729,-3.1176],[122.5715,-3.1145],[122.5796,-3.1143]]],[[[122.5226,-3.0987],[122.5202,-3.0932],[122.5293,-3.0947],[122.5271,-3.0991],[122.5226,-3.0987]]],[[[122.5342,-3.0891],[122.5276,-3.0874],[122.5309,-3.081],[122.5371,-3.0874],[122.5342,-3.0891]]],[[[122.4898,-3.0699],[122.5101,-3.0611],[122.5198,-3.0879],[122.4856,-3.0811],[122.4898,-3.0699]]],[[[122.4795,-3.079],[122.4661,-3.0694],[122.4613,-3.0606],[122.4789,-3.0638],[122.4795,-3.079]]],[[[122.3869,-3.0602],[122.3803,-3.0568],[122.3889,-3.0514],[122.3869,-3.0602]]],[[[122.4049,-3.0588],[122.3892,-3.0384],[122.3919,-3.0303],[122.3987,-3.023],[122.4087,-3.0165],[122.4268,-3.0531],[122.4049,-3.0588]]],[[[122.3822,-3.0437],[122.3608,-3.043],[122.358,-3.0358],[122.3863,-3.0299],[122.3822,-3.0437]]],[[[122.3218,-3.0044],[122.317,-2.9989],[122.3608,-3.0156],[122.3403,-3.021],[122.3218,-3.0044]]],[[[121.8737,-0.526],[121.8653,-0.5295],[121.861,-0.5243],[121.8692,-0.516],[121.8737,-0.526]]],[[[122.5818,-0.504],[122.5635,-0.5201],[122.5253,-0.5026],[122.5969,-0.4774],[122.6175,-0.4992],[122.5818,-0.504]]],[[[121.9279,-0.441],[121.9262,-0.4484],[121.92,-0.439],[121.9255,-0.4396],[121.9279,-0.441]]],[[[121.7935,-0.4273],[121.8033,-0.4162],[121.8074,-0.4187],[121.7972,-0.4307],[121.7935,-0.4273]]],[[[122.0712,-0.4192],[122.0784,-0.417],[122.0766,-0.426],[122.0712,-0.4192]]],[[[121.7927,-0.4095],[121.7967,-0.4117],[121.7923,-0.4174],[121.7891,-0.4117],[121.7927,-0.4095]]],[[[121.8272,-0.3965],[121.8171,-0.4084],[121.8145,-0.4078],[121.8141,-0.3907],[121.8272,-0.3965]]],[[[121.9865,-0.3545],[122.059,-0.3479],[122.0551,-0.42],[122.0095,-0.4012],[121.9185,-0.4395],[121.8596,-0.3839],[121.8883,-0.3409],[121.9668,-0.3574],[121.942,-0.3236],[121.9865,-0.3545]]],[[[122.1158,-0.3436],[122.1427,-0.3455],[122.1529,-0.3964],[122.1266,-0.4221],[122.094,-0.4],[122.0972,-0.4473],[122.0601,-0.355],[122.0875,-0.2751],[122.1158,-0.3436]]],[[[121.8531,-0.3609],[121.8413,-0.3599],[121.8765,-0.3516],[121.8672,-0.3625],[121.8531,-0.3609]]],[[[121.944,-0.3193],[121.9405,-0.3166],[121.9473,-0.3122],[121.949,-0.3199],[121.944,-0.3193]]],[[[122.2328,-0.302],[122.2384,-0.3028],[122.2352,-0.3095],[122.2328,-0.302]]],[[[122.2857,-0.236],[122.3795,-0.2731],[122.3838,-0.3634],[122.3407,-0.285],[122.265,-0.2637],[122.2283,-0.2135],[122.2857,-0.236]]],[[[122.0106,-0.2812],[122.0148,-0.2771],[122.0188,-0.2815],[122.0096,-0.2874],[122.0106,-0.2812]]],[[[122.1155,-0.2688],[122.1138,-0.2617],[122.1169,-0.254],[122.1284,-0.2656],[122.1155,-0.2688]]],[[[122.0436,-0.2555],[122.0868,-0.241],[122.0947,-0.2466],[122.0359,-0.277],[122.0436,-0.2555]]],[[[122.2205,-0.2627],[122.2452,-0.2928],[122.1461,-0.2504],[122.2092,-0.2096],[122.1849,-0.2519],[122.2205,-0.2627]]],[[[121.9684,1.0584],[121.9728,1.0718],[121.9755,1.0646],[121.9684,1.0584]]],[[[121.8412,1.119],[121.8345,1.1206],[121.8418,1.125],[121.8412,1.119]]],[[[123.1508,-3.6203],[123.1068,-3.6395],[123.0432,-3.5942],[123.1555,-3.5565],[123.182,-3.6123],[123.1508,-3.6203]]],[[[122.9699,-3.5392],[122.9606,-3.5443],[122.9475,-3.5316],[122.9494,-3.5278],[122.9699,-3.5392]]],[[[123.084,-3.5192],[123.065,-3.5279],[123.0587,-3.5253],[123.1006,-3.5053],[123.084,-3.5192]]],[[[122.9603,-3.5147],[122.9473,-3.5136],[122.9586,-3.4992],[122.9623,-3.5],[122.9603,-3.5147]]],[[[123.0081,-3.4951],[123.0183,-3.4995],[123.016,-3.5087],[123.0049,-3.503],[123.0081,-3.4951]]],[[[122.9843,-3.4598],[122.9594,-3.457],[122.9944,-3.4535],[122.9994,-3.4852],[122.9853,-3.4967],[122.9843,-3.4598]]],[[[122.8817,-3.426],[122.8838,-3.4028],[122.8988,-3.3987],[122.8825,-3.4448],[122.8817,-3.426]]],[[[122.9324,-3.41],[122.9434,-3.4047],[122.9524,-3.415],[122.9389,-3.4213],[122.9324,-3.41]]],[[[122.6193,-3.3987],[122.6131,-3.3922],[122.6121,-3.3874],[122.6228,-3.3931],[122.6193,-3.3987]]],[[[122.8181,-3.379],[122.8242,-3.3878],[122.8202,-3.4036],[122.8112,-3.3975],[122.8181,-3.379]]],[[[122.9513,-3.3803],[122.9629,-3.3895],[122.9386,-3.3921],[122.9422,-3.3834],[122.9513,-3.3803]]],[[[122.751,-3.3739],[122.7847,-3.3664],[122.7871,-3.3793],[122.7643,-3.3928],[122.751,-3.3739]]],[[[122.7263,-3.3544],[122.7174,-3.3963],[122.7075,-3.3988],[122.6995,-3.3886],[122.7263,-3.3544]]],[[[122.8412,-3.3625],[122.8584,-3.3797],[122.8606,-3.3856],[122.8383,-3.3641],[122.8417,-3.3534],[122.847,-3.3538],[122.8412,-3.3625]]],[[[123.1527,-2.214],[123.1427,-2.2216],[123.1544,-2.1964],[123.1603,-2.2061],[123.1527,-2.214]]],[[[123.4392,-2.1248],[123.4436,-2.1195],[123.448,-2.1232],[123.4432,-2.1276],[123.4392,-2.1248]]],[[[123.2716,-2.0657],[123.272,-2.0604],[123.2776,-2.0634],[123.2761,-2.0676],[123.2716,-2.0657]]],[[[123.1516,-1.926],[123.1439,-1.929],[123.143,-1.9255],[123.1516,-1.926]]],[[[123.3758,-1.8799],[123.3692,-1.8885],[123.3604,-1.872],[123.3707,-1.8685],[123.3758,-1.8799]]],[[[123.1461,-1.823],[123.1332,-1.8696],[123.0516,-1.9208],[123.0882,-1.7663],[123.1257,-1.7749],[123.1461,-1.823]]],[[[123.2597,-1.8034],[123.2613,-1.811],[123.2535,-1.8145],[123.2491,-1.8104],[123.2597,-1.8034]]],[[[123.3296,-1.7551],[123.2722,-1.7933],[123.312,-1.7182],[123.3811,-1.6747],[123.3855,-1.7193],[123.3296,-1.7551]]],[[[122.8463,-1.597],[122.842,-1.604],[122.8376,-1.5951],[122.8418,-1.5919],[122.8463,-1.597]]],[[[122.7775,-1.5083],[122.7864,-1.5036],[122.7886,-1.5118],[122.7801,-1.5166],[122.7775,-1.5083]]],[[[122.7997,-1.5056],[122.8015,-1.4984],[122.8068,-1.5017],[122.8033,-1.5065],[122.7997,-1.5056]]],[[[123.1617,-1.4217],[123.1592,-1.4113],[123.1607,-1.4099],[123.166,-1.4208],[123.1617,-1.4217]]],[[[123.2364,-1.234],[123.1901,-1.2637],[123.184,-1.3195],[123.2445,-1.398],[123.3753,-1.2215],[123.4106,-1.2242],[123.4279,-1.2693],[123.4443,-1.2368],[123.5594,-1.2819],[123.5251,-1.43],[123.4728,-1.4621],[123.4567,-1.5174],[123.4145,-1.5302],[123.3712,-1.4973],[123.3537,-1.5219],[123.3555,-1.4727],[123.2996,-1.4101],[123.2565,-1.4425],[123.2546,-1.6392],[123.2296,-1.5981],[123.1629,-1.6399],[123.1009,-1.6021],[123.1076,-1.5656],[123.1848,-1.5141],[123.1638,-1.3041],[123.1418,-1.297],[123.1166,-1.3023],[123.0575,-1.3889],[123.0168,-1.4926],[122.9132,-1.5958],[122.8489,-1.5777],[122.8215,-1.4853],[122.7891,-1.4768],[122.7937,-1.3808],[122.9053,-1.1819],[122.9728,-1.2151],[123.1048,-1.1604],[123.1354,-1.1941],[123.1349,-1.1963],[123.1389,-1.2075],[123.1434,-1.2102],[123.189,-1.1501],[123.2364,-1.234]]],[[[123.21,-1.3264],[123.2143,-1.3315],[123.2114,-1.3335],[123.2074,-1.328],[123.21,-1.3264]]],[[[123.1197,-1.3243],[123.1194,-1.3304],[123.1166,-1.3332],[123.1145,-1.3299],[123.1197,-1.3243]]],[[[123.2786,-1.2066],[123.3254,-1.1885],[123.3005,-1.2834],[123.2749,-1.2153],[123.2786,-1.2066]]],[[[123.1392,-1.205],[123.1375,-1.2022],[123.1382,-1.196],[123.144,-1.2053],[123.1392,-1.205]]],[[[123.2792,-1.178],[123.283,-1.153],[123.2992,-1.1459],[123.3019,-1.1594],[123.2792,-1.178]]],[[[123.0754,-0.898],[123.0655,-0.9],[123.0851,-0.8946],[123.0754,-0.898]]],[[[122.7545,-0.6412],[122.7473,-0.6465],[122.7456,-0.6416],[122.7545,-0.6412]]],[[[123.6806,-2.1621],[123.6754,-2.1754],[123.6619,-2.1541],[123.6684,-2.158],[123.6806,-2.1621]]],[[[123.6413,-2.1365],[123.6353,-2.1333],[123.6316,-2.1262],[123.647,-2.1277],[123.6413,-2.1365]]],[[[123.592,-2.1158],[123.6061,-2.1232],[123.6049,-2.1411],[123.5957,-2.1341],[123.592,-2.1158]]],[[[123.9254,-2.1093],[123.9226,-2.1037],[123.923,-2.0996],[123.9334,-2.1034],[123.9254,-2.1093]]],[[[123.7599,-2.102],[123.7628,-2.1061],[123.7528,-2.1053],[123.7599,-2.102]]],[[[123.5422,-2.1003],[123.5551,-2.0938],[123.5628,-2.1006],[123.559,-2.1072],[123.5422,-2.1003]]],[[[123.8606,-2.1032],[123.8596,-2.0975],[123.8641,-2.0945],[123.8669,-2.0965],[123.8606,-2.1032]]],[[[123.5895,-2.0614],[123.5942,-2.0578],[123.5966,-2.0608],[123.5946,-2.065],[123.5895,-2.0614]]],[[[123.8844,-2.0857],[123.8446,-2.0634],[123.8627,-2.0079],[123.8953,-2.0736],[123.8844,-2.0857]]],[[[123.756,-2.0372],[123.7684,-2.0104],[123.7761,-2.0128],[123.78,-2.0428],[123.756,-2.0372]]],[[[123.7487,-2.0222],[123.75,-2.0147],[123.7548,-2.0123],[123.7528,-2.0216],[123.7487,-2.0222]]],[[[123.487,-1.9803],[123.4882,-1.9856],[123.4788,-1.9989],[123.4817,-1.9824],[123.487,-1.9803]]],[[[123.7183,-1.959],[123.7048,-1.9616],[123.6995,-1.9581],[123.6991,-1.9528],[123.7183,-1.959]]],[[[123.6556,-1.9497],[123.6586,-1.9465],[123.6631,-1.9631],[123.657,-1.9623],[123.6556,-1.9497]]],[[[123.8475,-1.9468],[123.8597,-2.0053],[123.8156,-2.0208],[123.7704,-1.9417],[123.7779,-1.9221],[123.778,-1.8865],[123.8475,-1.9468]]],[[[123.4702,-1.9524],[123.4663,-1.9441],[123.4766,-1.9379],[123.4769,-1.9521],[123.4702,-1.9524]]],[[[123.4871,-1.9425],[123.4847,-1.9474],[123.4799,-1.9455],[123.4838,-1.9405],[123.4871,-1.9425]]],[[[123.6443,-1.9211],[123.6484,-1.8965],[123.6497,-1.9582],[123.6455,-1.9572],[123.6443,-1.9211]]],[[[123.7058,-1.9445],[123.7047,-1.9295],[123.7294,-1.8987],[123.7387,-1.9505],[123.7058,-1.9445]]],[[[123.5419,-1.9148],[123.5336,-1.9253],[123.5282,-1.9241],[123.5319,-1.9148],[123.5419,-1.9148]]],[[[123.7719,-1.9274],[123.7692,-1.933],[123.7688,-1.903],[123.7768,-1.9214],[123.7719,-1.9274]]],[[[123.6415,-1.909],[123.6353,-1.9116],[123.6394,-1.9045],[123.6415,-1.909]]],[[[123.6709,-1.8835],[123.6886,-1.9156],[123.6794,-1.9293],[123.6659,-1.9075],[123.6709,-1.8835]]],[[[123.6845,-1.8694],[123.6955,-1.8615],[123.7016,-1.8724],[123.7041,-1.8914],[123.6938,-1.9081],[123.6845,-1.8694]]],[[[123.7552,-1.8756],[123.7648,-1.8644],[123.7707,-1.8837],[123.7585,-1.8843],[123.7552,-1.8756]]],[[[124.0332,-1.8878],[124.0098,-1.8753],[123.9885,-1.824],[123.9984,-1.8104],[124.0332,-1.8878]]],[[[124.1504,-1.7738],[124.1595,-1.7768],[124.1602,-1.7832],[124.1504,-1.7738]]],[[[124.15,-1.7563],[124.1652,-1.7373],[124.1798,-1.7746],[124.1628,-1.7835],[124.15,-1.7563]]],[[[123.5349,-1.7533],[123.5228,-1.7659],[123.5364,-1.7336],[123.5405,-1.7494],[123.5349,-1.7533]]],[[[123.4525,-1.6948],[123.4478,-1.694],[123.4495,-1.6876],[123.4536,-1.6886],[123.4525,-1.6948]]],[[[123.5589,-1.5528],[123.5601,-1.5995],[123.6232,-1.6282],[123.6123,-1.6986],[123.5119,-1.7225],[123.4727,-1.6532],[123.499,-1.5871],[123.4786,-1.5476],[123.5309,-1.4781],[123.5589,-1.5528]]],[[[123.4765,-1.5314],[123.4789,-1.5404],[123.4672,-1.5533],[123.4658,-1.5482],[123.4765,-1.5314]]],[[[123.5599,-1.4878],[123.5653,-1.4975],[123.5629,-1.5041],[123.5516,-1.4839],[123.5653,-1.474],[123.5599,-1.4878]]],[[[123.5572,-1.4724],[123.5561,-1.4644],[123.5613,-1.4686],[123.5572,-1.4724]]]]}},{"type":"Feature","properties":{"district":"Sulawesi Tenggara","constituency_code":"27","electorate_type":"Indonesia"},"geometry":{"type":"MultiPolygon","coordinates":[[[[124.6023,-6.1322],[124.6025,-6.1136],[124.6168,-6.1113],[124.616,-6.118],[124.6023,-6.1322]]],[[[124.3526,-5.344],[124.3338,-5.3431],[124.3258,-5.3227],[124.3407,-5.3289],[124.3526,-5.344]]],[[[124.2936,-5.2952],[124.2987,-5.2916],[124.2983,-5.2986],[124.2936,-5.2952]]],[[[124.082,-6.0136],[124.0461,-6.0351],[124.0455,-5.9819],[123.9812,-5.9616],[123.9865,-5.8783],[124.0414,-5.9084],[124.082,-6.0136]]],[[[124.0015,-5.7567],[123.938,-5.7795],[123.8949,-5.7291],[123.9394,-5.7232],[124.0015,-5.7567]]],[[[123.9073,-5.8034],[123.9404,-5.8049],[123.945,-5.8192],[123.9225,-5.823],[123.9073,-5.8034]]],[[[123.9233,-5.7838],[123.8949,-5.777],[123.8955,-5.7609],[123.9019,-5.7599],[123.9233,-5.7838]]],[[[123.864,-5.594],[123.8326,-5.5862],[123.8298,-5.558],[123.8789,-5.5709],[123.864,-5.594]]],[[[123.8598,-5.5392],[123.8636,-5.5571],[123.846,-5.554],[123.8446,-5.5501],[123.8598,-5.5392]]],[[[123.7558,-5.4966],[123.8254,-5.5584],[123.8077,-5.5774],[123.818,-5.6016],[123.69,-5.4708],[123.7558,-5.4966]]],[[[123.8194,-5.5879],[123.8195,-5.5809],[123.8194,-5.5981],[123.8162,-5.5952],[123.8194,-5.5879]]],[[[123.7808,-5.4671],[123.7864,-5.477],[123.7614,-5.4764],[123.7619,-5.4599],[123.7808,-5.4671]]],[[[123.7644,-5.49],[123.7479,-5.4927],[123.7471,-5.4857],[123.7705,-5.4876],[123.7644,-5.49]]],[[[123.7495,-5.5383],[123.7464,-5.5509],[123.7362,-5.5365],[123.74,-5.5333],[123.7495,-5.5383]]],[[[123.5969,-5.42],[123.613,-5.4023],[123.6434,-5.4268],[123.6312,-5.4355],[123.5969,-5.42]]],[[[123.6311,-5.3929],[123.6291,-5.3893],[123.6426,-5.3854],[123.6374,-5.3937],[123.6311,-5.3929]]],[[[123.6394,-5.3668],[123.5933,-5.3862],[123.5403,-5.3505],[123.5261,-5.2521],[123.6245,-5.2681],[123.6394,-5.3668]]],[[[123.5908,-5.3896],[123.6007,-5.3882],[123.6025,-5.3948],[123.5909,-5.395],[123.5908,-5.3896]]],[[[123.5295,-5.3763],[123.4821,-5.3612],[123.4631,-5.3297],[123.495,-5.3355],[123.5295,-5.3763]]],[[[123.0869,-4.022],[123.1867,-4.0091],[123.2582,-4.0818],[123.1199,-4.261],[122.9901,-4.1996],[122.9392,-4.0947],[123.0129,-3.9781],[123.0869,-4.022]]],[[[122.5592,-5.5083],[122.5933,-5.4557],[122.6502,-5.4375],[122.6188,-5.4061],[122.6548,-5.3242],[122.6871,-5.3205],[122.7322,-5.2423],[122.7714,-5.2539],[122.8113,-5.2211],[122.7832,-5.1849],[122.7553,-5.2285],[122.7372,-5.1755],[122.7911,-5.1059],[122.7574,-5.1088],[122.8029,-5.0263],[122.7374,-5.0521],[122.8112,-4.9833],[122.832,-4.9209],[122.8058,-4.8681],[122.8562,-4.7846],[122.8284,-4.6778],[122.8667,-4.5263],[122.9481,-4.4267],[123.0799,-4.3672],[123.0455,-4.425],[123.139,-4.4823],[123.2083,-4.6117],[123.1842,-4.6338],[123.1776,-4.6718],[123.179,-4.6741],[123.1834,-4.6755],[123.1886,-4.6743],[123.1892,-4.684],[123.2006,-4.6848],[123.2019,-4.6582],[123.2115,-4.6982],[123.2132,-4.8583],[123.1736,-4.8366],[123.1756,-4.7705],[123.171,-4.7693],[123.1709,-4.7673],[123.154,-4.7587],[123.1325,-4.7547],[123.1506,-4.7335],[123.1134,-4.6958],[123.1059,-4.7889],[123.0341,-4.7453],[123.0236,-4.7651],[123.0399,-4.8017],[122.9941,-4.826],[123.0065,-4.9202],[122.9521,-5.0186],[122.9738,-5.1153],[122.9204,-5.1819],[122.9563,-5.2163],[123.0336,-5.1358],[123.0681,-5.1615],[123.0592,-5.1921],[123.0868,-5.1748],[123.1029,-5.2135],[123.2239,-5.2762],[123.2174,-5.3022],[123.1286,-5.4003],[123.0151,-5.444],[122.9778,-5.394],[122.872,-5.4546],[122.8445,-5.5201],[122.8972,-5.5182],[122.8956,-5.5646],[122.787,-5.7012],[122.7539,-5.6942],[122.7491,-5.6389],[122.7132,-5.6816],[122.713,-5.6192],[122.6367,-5.6951],[122.5592,-5.5083]]],[[[123.1965,-4.6368],[123.2012,-4.6431],[123.1959,-4.6459],[123.1965,-4.6368]]],[[[123.1791,-4.6739],[123.1785,-4.6693],[123.188,-4.6684],[123.1834,-4.675],[123.1791,-4.6739]]],[[[123.166,-4.765],[123.1716,-4.7705],[123.1626,-4.7722],[123.1612,-4.767],[123.166,-4.765]]],[[[123.1386,-4.7693],[123.1472,-4.773],[123.1482,-4.7765],[123.1355,-4.7725],[123.1386,-4.7693]]],[[[123.1325,-4.7343],[123.134,-4.7432],[123.122,-4.7413],[123.1275,-4.7262],[123.1325,-4.7343]]],[[[123.1211,-4.7495],[123.1264,-4.7614],[123.1194,-4.7648],[123.11,-4.7425],[123.1211,-4.7495]]],[[[123.1114,-4.7774],[123.1137,-4.7689],[123.1236,-4.7759],[123.117,-4.7828],[123.1114,-4.7774]]],[[[123.104,-4.7914],[123.1109,-4.7869],[123.1186,-4.7904],[123.1105,-4.7964],[123.104,-4.7914]]],[[[123.1135,-4.8473],[123.0583,-4.848],[123.0341,-4.8258],[123.1164,-4.7967],[123.1135,-4.8473]]],[[[123.049,-4.81],[123.0508,-4.8022],[123.0565,-4.8039],[123.052,-4.8118],[123.049,-4.81]]],[[[123.0473,-4.7731],[123.0378,-4.7682],[123.0379,-4.7595],[123.0436,-4.7652],[123.0473,-4.7731]]],[[[123.0368,-4.7714],[123.0455,-4.7739],[123.0457,-4.7777],[123.0401,-4.778],[123.0368,-4.7714]]],[[[123.0376,-4.7669],[123.0307,-4.7683],[123.0315,-4.7567],[123.037,-4.7591],[123.0376,-4.7669]]],[[[122.108,-4.5369],[122.0304,-4.6564],[122.0465,-4.7687],[122.1126,-4.8156],[122.0064,-4.8988],[121.8163,-4.8344],[121.6841,-4.851],[121.6283,-4.7772],[121.5528,-4.773],[121.4673,-4.685],[121.5283,-4.2428],[121.55,-4.2666],[121.5804,-4.2437],[121.6172,-4.1512],[121.609,-4.0663],[121.3493,-3.9908],[121.2849,-3.8816],[121.2525,-3.9205],[121.2445,-3.8277],[121.1686,-3.8237],[120.8805,-3.5291],[120.8661,-3.4289],[120.957,-3.3303],[120.9717,-3.2653],[121.0686,-3.2057],[121.0436,-3.0373],[121.0878,-3.0122],[121.0641,-2.9656],[121.0889,-2.9459],[121.0783,-2.8652],[121.0462,-2.8649],[121.0375,-2.8079],[121.0273,-2.8495],[120.9916,-2.8419],[121.0102,-2.8664],[120.9899,-2.8402],[121.0341,-2.7909],[121.1305,-2.7953],[121.3902,-3.0148],[121.4616,-3.0114],[121.5162,-2.9252],[121.6615,-2.8969],[121.8656,-2.9679],[121.9527,-3.0509],[122.0303,-3.0482],[122.0665,-3.0894],[122.1265,-3.0827],[122.1506,-3.0394],[122.2053,-3.0964],[122.2648,-3.101],[122.2565,-3.1403],[122.3181,-3.1707],[122.2932,-3.3599],[122.3759,-3.3842],[122.3838,-3.4554],[122.3561,-3.4589],[122.3439,-3.4077],[122.3165,-3.4263],[122.3243,-3.3731],[122.2376,-3.3931],[122.2998,-3.4677],[122.2788,-3.5532],[122.2006,-3.5647],[122.1955,-3.6077],[122.3417,-3.7451],[122.3876,-3.7261],[122.4439,-3.7506],[122.526,-3.8949],[122.6664,-3.8978],[122.5989,-3.9791],[122.5317,-3.9708],[122.6585,-4.0071],[122.6767,-4.1577],[122.7134,-4.1636],[122.7151,-4.1311],[122.8376,-4.1516],[122.7625,-4.0658],[122.8544,-4.0705],[122.9062,-4.2306],[122.8798,-4.2935],[122.9002,-4.38],[122.8314,-4.4487],[122.6965,-4.3318],[122.6636,-4.3338],[122.7017,-4.4043],[122.762,-4.4378],[122.7436,-4.5101],[122.6981,-4.4715],[122.6717,-4.5077],[122.6633,-4.4549],[122.5772,-4.3967],[122.5037,-4.4554],[122.4204,-4.4323],[122.108,-4.5369]]],[[[122.9008,-4.1572],[122.8976,-4.1565],[122.8952,-4.1475],[122.8999,-4.1494],[122.9008,-4.1572]]],[[[122.7902,-4.9778],[122.7855,-4.9719],[122.787,-4.9665],[122.7943,-4.9672],[122.7902,-4.9778]]],[[[122.577,-5.2478],[122.6458,-5.2848],[122.6399,-5.3561],[122.5945,-5.3646],[122.5953,-5.4341],[122.5659,-5.4113],[122.5189,-5.4337],[122.5395,-5.2616],[122.4789,-5.3019],[122.4974,-5.3478],[122.4628,-5.4032],[122.3967,-5.3824],[122.3855,-5.327],[122.4324,-5.3193],[122.4299,-5.3127],[122.3773,-5.3248],[122.3614,-5.3906],[122.2683,-5.3827],[122.3228,-5.1108],[122.3905,-5.0743],[122.3779,-4.9578],[122.3183,-4.8315],[122.3736,-4.7397],[122.4675,-4.7415],[122.596,-4.64],[122.6824,-4.6115],[122.7402,-4.6493],[122.7265,-4.85],[122.7664,-4.9008],[122.7622,-4.9686],[122.7297,-4.959],[122.6275,-5.0709],[122.5852,-5.1876],[122.6244,-5.209],[122.577,-5.2478]]],[[[122.7386,-4.5635],[122.7007,-4.5629],[122.6931,-4.5273],[122.7409,-4.5307],[122.7386,-4.5635]]],[[[122.7387,-5.1937],[122.7274,-5.2096],[122.7174,-5.2124],[122.7374,-5.1886],[122.7387,-5.1937]]],[[[122.7081,-4.5945],[122.7177,-4.5937],[122.7269,-4.6034],[122.7185,-4.6017],[122.7081,-4.5945]]],[[[122.697,-3.8968],[122.7199,-3.8919],[122.7264,-3.9001],[122.7055,-3.9101],[122.697,-3.8968]]],[[[122.6931,-6.2085],[122.6794,-6.2],[122.6667,-6.1849],[122.7219,-6.2049],[122.6931,-6.2085]]],[[[122.6801,-5.2895],[122.7006,-5.2529],[122.7109,-5.2407],[122.6988,-5.2837],[122.6801,-5.2895]]],[[[122.6904,-4.5661],[122.6995,-4.5747],[122.6894,-4.5804],[122.6825,-4.5775],[122.6904,-4.5661]]],[[[122.6275,-5.4355],[122.6242,-5.4228],[122.631,-5.4184],[122.6307,-5.4295],[122.6275,-5.4355]]],[[[122.5997,-3.9837],[122.6129,-3.9777],[122.6215,-3.9914],[122.612,-3.9926],[122.5997,-3.9837]]],[[[122.5427,-5.6877],[122.4951,-5.6996],[122.4562,-5.6861],[122.5089,-5.6242],[122.5547,-5.6465],[122.5427,-5.6877]]],[[[122.4884,-5.5623],[122.4711,-5.5315],[122.5244,-5.5006],[122.5079,-5.5586],[122.4884,-5.5623]]],[[[122.5136,-5.5896],[122.5119,-5.5972],[122.5009,-5.5963],[122.5059,-5.5927],[122.5136,-5.5896]]],[[[122.454,-3.4536],[122.4675,-3.4808],[122.432,-3.5057],[122.4062,-3.4015],[122.454,-3.4536]]],[[[122.3473,-4.7137],[122.3234,-4.7235],[122.3787,-4.665],[122.3804,-4.6728],[122.3473,-4.7137]]],[[[122.3395,-3.5653],[122.3687,-3.5725],[122.2852,-3.5922],[122.2783,-3.5703],[122.3069,-3.5317],[122.3395,-3.5653]]],[[[122.3639,-4.6409],[122.3573,-4.6596],[122.3413,-4.6634],[122.3463,-4.6379],[122.3639,-4.6409]]],[[[122.3567,-4.7406],[122.3476,-4.7361],[122.3489,-4.7303],[122.3585,-4.7304],[122.3567,-4.7406]]],[[[122.3308,-4.6355],[122.3506,-4.6206],[122.3133,-4.6623],[122.3136,-4.6496],[122.3308,-4.6355]]],[[[122.3383,-4.9135],[122.3398,-4.9291],[122.3269,-4.9322],[122.3307,-4.9144],[122.3383,-4.9135]]],[[[122.3349,-4.6888],[122.3284,-4.6946],[122.3336,-4.683],[122.3349,-4.6888]]],[[[122.3274,-4.585],[122.3219,-4.5825],[122.329,-4.5722],[122.3333,-4.5738],[122.3274,-4.585]]],[[[122.3143,-4.6097],[122.331,-4.6101],[122.3239,-4.6248],[122.3107,-4.6218],[122.3143,-4.6097]]],[[[122.3027,-4.7163],[122.2916,-4.7042],[122.3079,-4.6849],[122.3182,-4.6925],[122.3027,-4.7163]]],[[[122.3026,-4.66],[122.2985,-4.6677],[122.2963,-4.6673],[122.3036,-4.6511],[122.3026,-4.66]]],[[[122.262,-4.8723],[122.2699,-4.8666],[122.2718,-4.8713],[122.2659,-4.8747],[122.262,-4.8723]]],[[[122.1526,-4.8146],[122.1474,-4.8162],[122.1474,-4.8104],[122.1507,-4.8082],[122.1526,-4.8146]]],[[[122.137,-4.8207],[122.1362,-4.8272],[122.1197,-4.8254],[122.141,-4.8168],[122.137,-4.8207]]],[[[122.0744,-5.4731],[122.0919,-5.4833],[122.0868,-5.4933],[122.0716,-5.4864],[122.0744,-5.4731]]],[[[122.07,-5.3003],[122.0567,-5.3015],[122.0764,-5.286],[122.0695,-5.2954],[122.07,-5.3003]]],[[[122.0113,-5.5143],[122.0496,-5.4897],[122.0634,-5.4911],[121.9937,-5.5234],[122.0113,-5.5143]]],[[[122.0449,-5.4491],[121.9454,-5.4827],[121.9226,-5.4024],[121.8747,-5.3862],[121.7954,-5.2776],[121.8078,-5.2081],[121.8387,-5.1919],[121.823,-5.169],[121.8802,-5.1504],[121.8403,-5.1162],[121.869,-5.1174],[121.8502,-5.0957],[121.8847,-5.0587],[121.9374,-5.1103],[121.9454,-5.0654],[121.9704,-5.0651],[121.992,-5.1588],[122.0329,-5.1483],[122.0574,-5.1813],[122.0449,-5.4491]]],[[[122.0562,-4.8843],[122.0477,-4.8881],[122.0484,-4.8811],[122.0562,-4.8843]]],[[[121.8394,-5.1265],[121.8355,-5.1525],[121.8245,-5.1526],[121.8354,-5.1204],[121.8394,-5.1265]]],[[[121.816,-5.1437],[121.8196,-5.1414],[121.8223,-5.1472],[121.8177,-5.1473],[121.816,-5.1437]]],[[[121.7704,-5.2664],[121.7709,-5.2736],[121.7675,-5.2775],[121.7676,-5.2567],[121.7704,-5.2664]]],[[[121.4697,-4.2194],[121.4764,-4.1984],[121.4919,-4.1939],[121.4959,-4.2063],[121.4697,-4.2194]]],[[[121.4457,-4.1128],[121.4703,-4.1099],[121.4292,-4.13],[121.4416,-4.1676],[121.3951,-4.1611],[121.3873,-4.1048],[121.4235,-4.0844],[121.4154,-4.1119],[121.4457,-4.1128]]],[[[121.376,-4.0943],[121.3705,-4.101],[121.3592,-4.0915],[121.3681,-4.0819],[121.376,-4.0943]]],[[[121.3384,-4.0802],[121.3369,-4.0845],[121.332,-4.086],[121.3348,-4.0765],[121.3384,-4.0802]]],[[[120.9676,-2.8104],[120.9577,-2.815],[120.9551,-2.8111],[120.9676,-2.8104]]]]}},{"type":"Feature","properties":{"district":"Sulawesi Utara","constituency_code":"24","electorate_type":"Indonesia"},"geometry":{"type":"MultiPolygon","coordinates":[[[[124.3659,0.423],[124.3626,0.4209],[124.3588,0.4292],[124.361,0.4305],[124.3659,0.423]]],[[[124.6874,0.833],[124.6268,0.7707],[124.6295,0.713],[124.555,0.6504],[124.5693,0.5813],[124.4931,0.5468],[124.5011,0.4673],[124.4885,0.4869],[124.4503,0.4489],[124.3236,0.4462],[124.3179,0.4178],[124.2777,0.4291],[124.2884,0.4071],[124.2192,0.3836],[123.9991,0.3755],[123.6293,0.2921],[123.4736,0.3203],[123.5502,0.4338],[123.5248,0.461],[123.5523,0.5107],[123.5332,0.577],[123.4862,0.6265],[123.3831,0.6401],[123.3224,0.6985],[123.2478,0.7185],[123.2711,0.8026],[123.1137,0.9146],[123.1787,0.9017],[123.1978,0.9207],[123.1675,0.9512],[123.2484,0.9588],[123.2622,0.9146],[123.6052,0.9023],[123.736,0.8655],[123.7527,0.831],[123.8043,0.8371],[123.7926,0.8556],[123.9596,0.8382],[123.9299,0.8577],[124.2978,1.0108],[124.3556,1.1656],[124.4158,1.1956],[124.5184,1.1891],[124.5276,1.2152],[124.5766,1.1882],[124.6129,1.2468],[124.5152,1.3007],[124.5322,1.3529],[124.615,1.4183],[124.6741,1.3941],[124.755,1.4546],[124.8258,1.4641],[124.8445,1.5188],[124.8077,1.5774],[124.9623,1.6828],[124.9805,1.7483],[125.0253,1.7301],[125.0124,1.695],[125.0303,1.6812],[125.1708,1.6872],[125.1432,1.6068],[125.2453,1.5146],[125.2353,1.4694],[125.1276,1.4293],[125.0777,1.3663],[125.0236,1.1428],[124.8944,0.9832],[124.7931,0.9477],[124.6874,0.833]],[[124.4563,0.7442],[124.4648,0.7308],[124.4622,0.7735],[124.4526,0.7708],[124.4563,0.7442]]],[[[124.658,0.7816],[124.662,0.7759],[124.6506,0.7781],[124.6511,0.7809],[124.658,0.7816]]],[[[124.682,0.812],[124.6872,0.8079],[124.6692,0.8065],[124.682,0.812]]],[[[124.7292,0.854],[124.7224,0.8529],[124.7367,0.8579],[124.7355,0.8554],[124.7292,0.854]]],[[[124.9065,0.9766],[124.9102,0.9758],[124.9171,0.9773],[124.9144,0.9703],[124.9001,0.974],[124.9065,0.9766]]],[[[124.5078,1.296],[124.5037,1.2989],[124.5101,1.3054],[124.5111,1.2979],[124.5078,1.296]]],[[[124.7761,1.5979],[124.7383,1.6161],[124.7389,1.6308],[124.7757,1.6275],[124.7761,1.5979]]],[[[124.8005,1.6279],[124.7995,1.6321],[124.8032,1.6348],[124.8051,1.628],[124.8005,1.6279]]],[[[124.6857,1.6426],[124.7025,1.6493],[124.7163,1.6281],[124.6873,1.6196],[124.6857,1.6426]]],[[[124.9564,1.6893],[124.9486,1.6943],[124.9517,1.6997],[124.9564,1.6893]]],[[[124.7642,1.693],[124.731,1.7273],[124.7453,1.7225],[124.7653,1.7448],[124.7642,1.693]]],[[[124.744,1.7492],[124.7492,1.7372],[124.7458,1.7284],[124.734,1.7447],[124.744,1.7492]]],[[[124.7597,1.7416],[124.7545,1.7456],[124.7561,1.7514],[124.7638,1.7438],[124.7597,1.7416]]],[[[124.7887,1.7895],[124.7947,1.7939],[124.798,1.7756],[124.7892,1.7779],[124.7887,1.7895]]],[[[125.2748,1.5045],[125.2555,1.4094],[125.176,1.391],[125.1865,1.4321],[125.2429,1.4472],[125.2931,1.5508],[125.2748,1.5045]]],[[[125.0173,1.696],[125.0187,1.6996],[125.0257,1.7065],[125.0281,1.6908],[125.0173,1.696]]],[[[125.0594,1.7709],[125.0578,1.765],[125.0515,1.7594],[125.0539,1.7836],[125.0594,1.7709]]],[[[125.1864,1.7879],[125.1356,1.7481],[125.1136,1.8127],[125.1353,1.8465],[125.1864,1.7879]]],[[[125.0982,1.8409],[125.099,1.8321],[125.0925,1.8329],[125.0903,1.8361],[125.0982,1.8409]]],[[[125.0589,1.8058],[125.066,1.8581],[125.0993,1.8873],[125.0875,1.8395],[125.0589,1.8058]]],[[[125.3623,2.089],[125.3367,2.0817],[125.3627,2.1036],[125.3543,2.1253],[125.4092,2.1344],[125.3623,2.089]]],[[[125.3505,2.1214],[125.3524,2.1132],[125.3466,2.114],[125.3505,2.1214]]],[[[125.3571,2.3219],[125.3806,2.325],[125.3709,2.2878],[125.3442,2.3023],[125.3571,2.3219]]],[[[125.4599,2.3596],[125.4332,2.316],[125.3692,2.3627],[125.4308,2.3832],[125.4599,2.3596]]],[[[125.3086,2.3502],[125.2999,2.3482],[125.2957,2.3616],[125.301,2.3654],[125.3086,2.3502]]],[[[125.4555,2.6603],[125.4693,2.6526],[125.4482,2.6409],[125.4578,2.6485],[125.4555,2.6603]]],[[[125.4567,2.6767],[125.4481,2.6845],[125.4629,2.6884],[125.4613,2.6813],[125.4567,2.6767]]],[[[125.4529,2.7618],[125.4009,2.7136],[125.3919,2.6808],[125.4316,2.6494],[125.404,2.6338],[125.3642,2.6977],[125.3698,2.7856],[125.4323,2.8056],[125.4529,2.7618]]],[[[125.1788,2.7359],[125.1727,2.7256],[125.1593,2.7363],[125.1661,2.7453],[125.1788,2.7359]]],[[[125.4554,3.1449],[125.4524,3.1404],[125.4474,3.1429],[125.4526,3.1497],[125.4554,3.1449]]],[[[125.4712,3.2482],[125.4596,3.2327],[125.4485,3.2416],[125.4482,3.2516],[125.4712,3.2482]]],[[[125.3881,3.916],[125.3911,3.9098],[125.3872,3.9074],[125.3847,3.9101],[125.3881,3.916]]],[[[125.3185,4.2315],[125.32,4.237],[125.331,4.2345],[125.3295,4.2274],[125.3185,4.2315]]],[[[125.4344,4.6526],[125.4326,4.6589],[125.4379,4.658],[125.4344,4.6526]]],[[[125.4304,4.6722],[125.4376,4.6747],[125.4375,4.6692],[125.4335,4.6655],[125.4304,4.6722]]],[[[125.4773,4.7356],[125.487,4.7411],[125.4902,4.7451],[125.4825,4.7289],[125.4773,4.7356]]],[[[125.5031,3.0932],[125.5117,3.0781],[125.5009,3.0618],[125.495,3.0805],[125.5031,3.0932]]],[[[125.5074,3.1744],[125.5271,3.1922],[125.5393,3.1718],[125.5122,3.1567],[125.5074,3.1744]]],[[[125.5792,3.3424],[125.5729,3.338],[125.5689,3.3324],[125.5698,3.3404],[125.5792,3.3424]]],[[[125.6213,3.3636],[125.6196,3.3526],[125.6128,3.3417],[125.6116,3.3707],[125.6213,3.3636]]],[[[125.6442,3.3738],[125.6398,3.3708],[125.6357,3.3734],[125.6438,3.3799],[125.6442,3.3738]]],[[[125.5671,3.4145],[125.5786,3.3998],[125.5799,3.3932],[125.5564,3.3941],[125.5671,3.4145]]],[[[125.7095,3.4635],[125.701,3.4547],[125.6925,3.4644],[125.7092,3.4762],[125.7095,3.4635]]],[[[125.6558,3.5281],[125.6545,3.5338],[125.6603,3.5345],[125.6624,3.5301],[125.6558,3.5281]]],[[[125.6374,3.5376],[125.6322,3.5477],[125.6416,3.5533],[125.6452,3.5432],[125.6374,3.5376]]],[[[125.5422,3.6804],[125.5865,3.6231],[125.5594,3.5779],[125.671,3.4941],[125.6762,3.4265],[125.6218,3.3733],[125.5688,3.4373],[125.5444,3.4106],[125.5012,3.4397],[125.4872,3.5251],[125.5119,3.5673],[125.4825,3.5946],[125.5043,3.6038],[125.4181,3.6398],[125.3982,3.7043],[125.4463,3.7372],[125.5422,3.6804]]],[[[125.5668,3.7695],[125.5825,3.758],[125.5565,3.7476],[125.555,3.7541],[125.5668,3.7695]]],[[[125.5954,3.7754],[125.5918,3.7911],[125.6229,3.7928],[125.6328,3.787],[125.5954,3.7754]]],[[[126.8258,3.8051],[126.8511,3.7536],[126.8206,3.7285],[126.7535,3.7843],[126.7431,3.8424],[126.8258,3.8051]]],[[[126.6549,3.9703],[126.7193,3.9196],[126.6848,3.8695],[126.7039,3.8141],[126.6079,4.0408],[126.6549,3.9703]]],[[[126.7102,3.9465],[126.7162,3.9459],[126.7149,3.9396],[126.7091,3.9439],[126.7102,3.9465]]],[[[126.8171,4.517],[126.8551,4.4896],[126.8509,4.3729],[126.9112,4.2705],[126.8615,4.2511],[126.8699,4.2169],[126.7964,4.1488],[126.8075,4.0317],[126.762,3.9947],[126.6802,3.9937],[126.6685,4.0447],[126.7926,4.2357],[126.7159,4.2657],[126.6806,4.3351],[126.7338,4.4627],[126.7199,4.5128],[126.7427,4.5458],[126.8171,4.517]]],[[[125.6882,4.4376],[125.6932,4.4373],[125.6954,4.434],[125.6903,4.4318],[125.6882,4.4376]]],[[[127.1488,4.6167],[127.1426,4.6081],[127.1297,4.61],[127.1453,4.6178],[127.1488,4.6167]]],[[[127.1584,4.6333],[127.1623,4.6239],[127.1587,4.6224],[127.1562,4.6263],[127.1584,4.6333]]],[[[127.132,4.6933],[127.1325,4.7024],[127.1431,4.7023],[127.1422,4.6882],[127.132,4.6933]]],[[[127.0546,4.7337],[127.063,4.7415],[127.0927,4.7293],[127.0789,4.7175],[127.0546,4.7337]]],[[[127.1402,4.7374],[127.1123,4.7365],[127.1291,4.7772],[127.1416,4.7689],[127.1402,4.7374]]],[[[127.0641,4.7941],[127.0574,4.7919],[127.0605,4.8067],[127.0647,4.8047],[127.0641,4.7941]]],[[[126.5807,5.5489],[126.5762,5.5545],[126.5828,5.5663],[126.5909,5.5621],[126.5807,5.5489]]]]}},{"type":"Feature","properties":{"district":"Sumatera Barat","constituency_code":"3","electorate_type":"Indonesia"},"geometry":{"type":"MultiPolygon","coordinates":[[[[99.1911,0.2825],[99.2235,0.3293],[99.3167,0.3339],[99.412,0.4863],[99.4385,0.4776],[99.5191,0.5519],[99.5745,0.509],[99.6425,0.5453],[99.7178,0.4514],[99.744,0.4789],[99.9029,0.4709],[99.9608,0.5141],[99.9113,0.6798],[99.8309,0.6961],[99.8308,0.8781],[99.8654,0.905],[99.9521,0.8795],[100.0771,0.7866],[100.27,0.7304],[100.2844,0.6823],[100.2214,0.6653],[100.1981,0.6263],[100.2351,0.4762],[100.2897,0.3986],[100.3459,0.3806],[100.4189,0.4233],[100.4576,0.4139],[100.4297,0.3642],[100.4671,0.3146],[100.559,0.3047],[100.6751,0.1848],[100.7008,0.2488],[100.7646,0.2337],[100.8146,0.2605],[100.8428,0.2239],[100.8418,0.1462],[100.7746,0.1008],[100.7996,0.0522],[100.8345,0.0679],[100.8629,0.0422],[100.8152,-0.0436],[100.7638,-0.0222],[100.7364,-0.0492],[100.7743,-0.2131],[100.8429,-0.29],[100.8423,-0.3409],[100.9922,-0.3158],[101.0384,-0.3533],[101.0668,-0.5035],[101.1087,-0.5009],[101.2549,-0.6252],[101.3574,-0.6575],[101.3478,-0.6835],[101.4056,-0.7175],[101.3948,-0.7436],[101.5058,-0.8085],[101.5876,-0.8473],[101.6477,-0.8237],[101.7317,-0.8706],[101.6986,-0.9383],[101.8236,-0.9776],[101.8313,-1.1106],[101.8929,-1.1055],[101.816,-1.2178],[101.7267,-1.2348],[101.692,-1.2802],[101.6751,-1.348],[101.7281,-1.3549],[101.6946,-1.3956],[101.7218,-1.4311],[101.6911,-1.4899],[101.4399,-1.6952],[101.3732,-1.6753],[101.2159,-1.7251],[101.191,-1.676],[101.1692,-1.7106],[101.1317,-1.6847],[101.1383,-1.8989],[101.2611,-2.1019],[101.2929,-2.2887],[101.2352,-2.3422],[101.0224,-2.4784],[100.8898,-2.3253],[100.8203,-2.1565],[100.8795,-2.0519],[100.8654,-1.9316],[100.6438,-1.6214],[100.6224,-1.5006],[100.5628,-1.4422],[100.5842,-1.4221],[100.564,-1.3985],[100.5922,-1.3922],[100.5622,-1.3744],[100.5685,-1.337],[100.4512,-1.2581],[100.4005,-1.2708],[100.4067,-1.237],[100.4316,-1.2559],[100.4322,-1.2015],[100.3602,-1.1314],[100.3879,-1.1266],[100.3659,-1.0786],[100.4112,-1.0732],[100.4128,-1.0455],[100.3797,-1.0433],[100.3916,-1.0094],[100.3469,-0.9648],[100.33,-0.8584],[100.1278,-0.6462],[100.051,-0.5163],[99.8212,-0.3017],[99.7487,-0.1457],[99.7628,-0.0693],[99.7382,-0.0275],[99.6163,0.0665],[99.3983,0.1512],[99.353,0.2323],[99.2858,0.2291],[99.2641,0.2023],[99.1894,0.2542],[99.1688,0.226],[99.1911,0.2825]]],[[[100.7794,-3.5678],[100.7819,-3.5651],[100.7856,-3.57],[100.7808,-3.5726],[100.7794,-3.5678]]],[[[100.6673,-3.4813],[100.6453,-3.4879],[100.6376,-3.4671],[100.6597,-3.4741],[100.6673,-3.4813]]],[[[100.5719,-3.2727],[100.5653,-3.2716],[100.5693,-3.2583],[100.5718,-3.2627],[100.5719,-3.2727]]],[[[100.5081,-3.2018],[100.4847,-3.1717],[100.489,-3.1428],[100.5307,-3.1967],[100.5081,-3.2018]]],[[[100.5235,-3.2358],[100.5252,-3.2426],[100.5224,-3.2478],[100.5181,-3.2415],[100.5235,-3.2358]]],[[[100.4875,-1.3969],[100.4879,-1.3916],[100.4916,-1.3908],[100.4919,-1.3976],[100.4875,-1.3969]]],[[[100.4877,-3.2284],[100.4757,-3.2149],[100.4773,-3.2093],[100.4873,-3.2191],[100.4877,-3.2284]]],[[[100.4717,-1.3226],[100.4773,-1.3215],[100.4739,-1.3303],[100.4717,-1.3226]]],[[[100.2712,-2.8352],[100.4691,-3.0445],[100.4719,-3.1435],[100.3662,-3.1713],[100.4053,-3.1856],[100.3903,-3.1959],[100.394,-3.215],[100.3983,-3.2196],[100.3974,-3.2252],[100.4651,-3.3471],[100.3347,-3.2439],[100.3296,-3.2084],[100.3686,-3.2295],[100.3255,-3.1729],[100.333,-3.1336],[100.2931,-3.0813],[100.2472,-3.079],[100.2541,-3.0465],[100.2322,-3.0569],[100.1883,-2.9892],[100.1783,-2.7985],[100.2365,-2.7839],[100.2712,-2.8352]]],[[[100.4683,-3.0249],[100.4604,-3.0284],[100.4576,-3.0184],[100.466,-3.0212],[100.4683,-3.0249]]],[[[100.4514,-3.2078],[100.4576,-3.2074],[100.4635,-3.2197],[100.4552,-3.2167],[100.4514,-3.2078]]],[[[100.4405,-3.2695],[100.4354,-3.2686],[100.4323,-3.2575],[100.4376,-3.2593],[100.4405,-3.2695]]],[[[100.4183,-3.2358],[100.405,-3.2249],[100.4094,-3.2208],[100.4175,-3.2248],[100.4183,-3.2358]]],[[[100.3947,-3.2144],[100.3932,-3.2],[100.4048,-3.2019],[100.4038,-3.2187],[100.3947,-3.2144]]],[[[100.4012,-1.2208],[100.3758,-1.2181],[100.3843,-1.1878],[100.3843,-1.2071],[100.4012,-1.2208]]],[[[100.3497,-3.2912],[100.3386,-3.2964],[100.3307,-3.2859],[100.3429,-3.2848],[100.3497,-3.2912]]],[[[100.3391,-1.2112],[100.3283,-1.1997],[100.3371,-1.1883],[100.3411,-1.1981],[100.3391,-1.2112]]],[[[100.3029,-3.1381],[100.2959,-3.1241],[100.297,-3.1224],[100.3124,-3.1288],[100.3029,-3.1381]]],[[[100.2992,-3.2089],[100.3022,-3.2153],[100.2959,-3.2144],[100.2992,-3.2089]]],[[[100.271,-2.8297],[100.2658,-2.8256],[100.2704,-2.8179],[100.2747,-2.8206],[100.271,-2.8297]]],[[[100.0575,-2.5663],[100.1726,-2.6479],[100.2217,-2.7447],[100.2177,-2.776],[100.1418,-2.809],[100.1483,-2.839],[100.0757,-2.8422],[100.0507,-2.8155],[100.0239,-2.8501],[100.0181,-2.8113],[99.9786,-2.7707],[100.0123,-2.7433],[100.0133,-2.6884],[99.9623,-2.5746],[99.9739,-2.5098],[100.0575,-2.5663]]],[[[100.1797,-3.0556],[100.1985,-3.0663],[100.1867,-3.078],[100.1718,-3.0625],[100.1797,-3.0556]]],[[[100.1781,-2.8862],[100.182,-2.8865],[100.1796,-2.8953],[100.1741,-2.8909],[100.1781,-2.8862]]],[[[100.1733,-2.8212],[100.1777,-2.827],[100.1726,-2.8301],[100.1692,-2.827],[100.1733,-2.8212]]],[[[100.1702,-2.8175],[100.1667,-2.8206],[100.1638,-2.816],[100.1711,-2.8113],[100.1702,-2.8175]]],[[[100.1695,-2.8846],[100.1607,-2.8774],[100.1618,-2.8729],[100.1698,-2.8758],[100.1695,-2.8846]]],[[[100.1528,-3.0267],[100.1455,-3.0137],[100.1481,-3.0073],[100.157,-3.0118],[100.1528,-3.0267]]],[[[100.1325,-2.8568],[100.1402,-2.8489],[100.1511,-2.8514],[100.1513,-2.8614],[100.1325,-2.8568]]],[[[100.015,-2.8323],[100.0118,-2.8392],[100.0007,-2.8348],[100.0053,-2.8309],[100.015,-2.8323]]],[[[99.986,-2.7487],[99.9883,-2.7538],[99.9826,-2.7572],[99.9814,-2.7509],[99.986,-2.7487]]],[[[99.9793,-2.7877],[99.978,-2.7797],[99.9838,-2.7804],[99.9841,-2.7833],[99.9793,-2.7877]]],[[[99.663,-2.0591],[99.7038,-2.0916],[99.7816,-2.2911],[99.8443,-2.3343],[99.8593,-2.4028],[99.8405,-2.3664],[99.7375,-2.3453],[99.6733,-2.2889],[99.6084,-2.2912],[99.6083,-2.2441],[99.551,-2.2078],[99.5284,-2.1531],[99.5716,-2.1517],[99.5585,-2.0454],[99.5876,-2.0253],[99.663,-2.0591]]],[[[99.7292,-2.379],[99.7108,-2.3756],[99.7121,-2.3591],[99.7472,-2.3844],[99.7292,-2.379]]],[[[99.6263,-2.029],[99.6209,-2.0361],[99.6152,-2.0316],[99.6214,-2.0285],[99.6263,-2.029]]],[[[99.5879,-1.9714],[99.6012,-1.9834],[99.6047,-1.9974],[99.5888,-1.9943],[99.5879,-1.9714]]],[[[99.5649,-1.9928],[99.5784,-1.9919],[99.5787,-2.0029],[99.566,-2.0012],[99.5649,-1.9928]]],[[[99.5729,-2.0116],[99.5773,-2.0248],[99.5485,-2.0081],[99.5593,-2.0018],[99.5729,-2.0116]]],[[[99.5446,-2.2198],[99.5362,-2.2173],[99.5407,-2.2113],[99.5439,-2.213],[99.5446,-2.2198]]],[[[99.5278,-2.1283],[99.5356,-2.1282],[99.5387,-2.1317],[99.5282,-2.1336],[99.5278,-2.1283]]],[[[99.3199,-1.8509],[99.3056,-1.8551],[99.3035,-1.8506],[99.3116,-1.8443],[99.3199,-1.8509]]],[[[99.3129,-1.9165],[99.2964,-1.9268],[99.2959,-1.8999],[99.3038,-1.8995],[99.3129,-1.9165]]],[[[99.3025,0.1865],[99.3055,0.1921],[99.3122,0.1946],[99.3107,0.1829],[99.3025,0.1865]]],[[[99.2916,-1.6756],[99.2944,-1.6804],[99.3034,-1.686],[99.2894,-1.6815],[99.2853,-1.6643],[99.2916,-1.6756]]],[[[98.922,-0.9367],[98.9404,-1.0695],[99.0025,-1.1183],[99.0255,-1.2203],[99.0681,-1.2526],[99.0564,-1.2958],[99.0773,-1.2907],[99.1141,-1.3883],[99.1657,-1.4307],[99.1696,-1.4708],[99.1144,-1.441],[99.2,-1.515],[99.2218,-1.6058],[99.2578,-1.5947],[99.2873,-1.6331],[99.2744,-1.663],[99.2839,-1.6995],[99.3015,-1.7187],[99.2858,-1.7514],[99.2209,-1.6271],[99.1997,-1.6412],[99.241,-1.6771],[99.2206,-1.663],[99.263,-1.7732],[99.2396,-1.7971],[99.1673,-1.7793],[99.1061,-1.8112],[98.8738,-1.6746],[98.8252,-1.6157],[98.8037,-1.5184],[98.6028,-1.2256],[98.685,-0.9594],[98.8019,-0.9554],[98.8976,-0.9063],[98.8985,-0.9421],[98.922,-0.9367]]],[[[99.2858,-1.7005],[99.2854,-1.6951],[99.2813,-1.6861],[99.2843,-1.6813],[99.2993,-1.6999],[99.2858,-1.7005]]],[[[99.2812,0.2228],[99.2916,0.2266],[99.2964,0.2123],[99.2873,0.2099],[99.2812,0.2228]]],[[[99.2805,-1.8714],[99.2875,-1.8728],[99.2893,-1.8794],[99.2781,-1.878],[99.2805,-1.8714]]],[[[99.2811,-1.8407],[99.2403,-1.8459],[99.2576,-1.7909],[99.2885,-1.8056],[99.2811,-1.8407]]],[[[99.2528,-1.7144],[99.2583,-1.7161],[99.2592,-1.724],[99.2511,-1.7155],[99.2528,-1.7144]]],[[[99.1755,-1.4811],[99.1692,-1.4809],[99.1712,-1.4766],[99.1755,-1.4811]]],[[[99.1492,-1.8411],[99.1411,-1.8365],[99.1456,-1.8327],[99.1492,-1.8411]]],[[[99.1191,-1.3663],[99.1107,-1.3648],[99.115,-1.3553],[99.1221,-1.3613],[99.1191,-1.3663]]],[[[99.0925,-1.8606],[99.0893,-1.8664],[99.0763,-1.8636],[99.0804,-1.8608],[99.0925,-1.8606]]],[[[99.0486,-1.808],[99.0464,-1.8152],[99.0419,-1.8098],[99.0486,-1.808]]],[[[98.9544,-1.0592],[98.9574,-1.0609],[98.9597,-1.0687],[98.9549,-1.0667],[98.9544,-1.0592]]]]}},{"type":"Feature","properties":{"district":"Sumatera Selatan","constituency_code":"6","electorate_type":"Indonesia"},"geometry":{"type":"MultiPolygon","coordinates":[[[[104.2955,-4.6464],[104.3063,-4.768],[104.368,-4.8245],[104.3352,-4.8718],[104.1913,-4.863],[104.1465,-4.9233],[104.0624,-4.8861],[103.9754,-4.9131],[103.9356,-4.8846],[103.846,-4.9193],[103.8693,-4.8578],[103.8478,-4.8248],[103.7617,-4.7421],[103.672,-4.7271],[103.702,-4.6636],[103.6611,-4.6104],[103.5987,-4.5934],[103.625,-4.5365],[103.574,-4.5264],[103.4851,-4.5775],[103.4064,-4.5007],[103.4675,-4.3549],[103.4422,-4.3301],[103.2241,-4.2407],[103.0733,-4.2616],[103.0595,-4.1948],[102.9196,-4.0966],[102.9172,-4.0569],[102.9979,-4.0192],[102.9119,-3.9696],[102.8162,-3.9779],[102.6203,-3.8022],[102.7706,-3.7082],[102.8102,-3.5299],[102.9071,-3.6165],[102.9947,-3.5248],[102.9884,-3.3686],[102.8971,-3.3764],[102.8953,-3.3298],[102.798,-3.3317],[102.7761,-3.2818],[102.6381,-3.3378],[102.5658,-3.2766],[102.4943,-3.2684],[102.4709,-3.087],[102.3951,-3.0449],[102.3176,-3.0699],[102.2538,-3.0355],[102.2241,-2.9307],[102.1313,-2.8748],[102.0639,-2.7685],[102.2342,-2.6915],[102.2713,-2.6245],[102.4691,-2.7043],[102.5806,-2.6783],[102.6245,-2.6153],[102.7867,-2.5467],[102.8792,-2.4243],[102.8449,-2.3878],[102.8675,-2.3145],[103.0293,-2.3416],[103.0552,-2.3173],[103.1186,-2.3541],[103.2113,-2.3203],[103.1674,-2.2294],[103.2305,-2.1358],[103.2776,-2.1479],[103.3384,-2.2713],[103.4538,-2.3596],[103.4551,-2.186],[103.5575,-2.1374],[103.5173,-2.1143],[103.5639,-2.0168],[103.5,-1.9822],[103.5214,-1.9067],[103.6303,-1.8412],[103.85,-1.8167],[104.4188,-1.6271],[104.5253,-1.7111],[104.5059,-1.722],[104.4838,-1.7875],[104.5032,-1.8106],[104.4717,-1.8649],[104.5048,-1.9692],[104.523,-1.9811],[104.5353,-1.981],[104.5422,-1.9893],[104.5626,-1.9995],[104.589,-2.008],[104.6113,-2.0058],[104.6559,-1.9645],[104.7002,-1.9994],[104.8276,-2.0038],[104.8927,-2.0842],[104.9022,-2.1914],[104.7887,-2.2803],[104.7656,-2.3123],[104.7438,-2.3589],[104.7014,-2.3424],[104.73,-2.39],[104.7929,-2.3802],[104.8448,-2.2878],[104.8997,-2.2791],[104.9101,-2.3363],[105.0068,-2.3331],[105.0456,-2.3764],[105.1089,-2.3829],[105.2131,-2.3272],[105.2971,-2.3735],[105.5694,-2.4185],[105.6229,-2.392],[105.6036,-2.5526],[105.626,-2.6295],[105.6909,-2.683],[105.7796,-2.6829],[105.7816,-2.8526],[105.847,-2.9508],[105.9588,-2.9434],[106.0442,-2.9901],[106.0473,-3.118],[106.0965,-3.2401],[105.9298,-3.3604],[105.8259,-3.5955],[105.8308,-3.7107],[105.9608,-3.8245],[105.8626,-4.0323],[105.844,-4.1622],[105.7772,-4.1116],[105.7434,-4.1443],[105.7023,-4.1368],[105.7081,-4.1013],[105.6495,-4.0823],[105.6617,-4.0463],[105.6095,-4.0575],[105.6294,-4.0084],[105.59,-3.9541],[105.6092,-3.9363],[105.5625,-3.9284],[105.5494,-3.8818],[105.5253,-3.8947],[105.5257,-3.8426],[105.4331,-3.8263],[105.4329,-3.7835],[105.3551,-3.7942],[105.333,-3.7237],[105.2837,-3.8003],[105.2776,-3.8764],[105.1389,-3.9359],[105.1197,-4.0473],[105.0141,-4.1734],[104.7925,-4.2666],[104.6263,-4.244],[104.6211,-4.2139],[104.384,-4.3477],[104.3115,-4.514],[104.3408,-4.6023],[104.2955,-4.6464]]],[[[104.7701,-2.3309],[104.762,-2.3509],[104.756,-2.3525],[104.7659,-2.3185],[104.7701,-2.3309]]],[[[104.6435,-1.9237],[104.5979,-2.0017],[104.5018,-1.9503],[104.5541,-1.854],[104.6435,-1.9237]]],[[[104.4873,-1.7886],[104.507,-1.7219],[104.5223,-1.7157],[104.5417,-1.7836],[104.5115,-1.8065],[104.4873,-1.7886]]]]}},{"type":"Feature","properties":{"district":"Sumatera Utara","constituency_code":"2","electorate_type":"Indonesia"},"geometry":{"type":"MultiPolygon","coordinates":[[[[98.197,-0.1355],[98.1817,-0.1213],[98.1982,-0.1079],[98.2078,-0.1195],[98.197,-0.1355]]],[[[98.2285,-0.1043],[98.2241,-0.1111],[98.2197,-0.106],[98.2204,-0.1022],[98.2285,-0.1043]]],[[[98.2635,-0.1006],[98.2598,-0.0938],[98.2637,-0.0923],[98.2635,-0.1006]]],[[[97.8535,-0.0807],[97.8379,-0.0649],[97.8901,-0.062],[97.8988,-0.1004],[97.8535,-0.0807]]],[[[98.2237,-0.0072],[98.2172,0.0012],[98.234,0.0066],[98.2329,0.0021],[98.2237,-0.0072]]],[[[98.2477,0.0037],[98.2546,0.0119],[98.2645,0.0131],[98.2497,-0.0005],[98.2477,0.0037]]],[[[98.2406,0.0555],[98.2301,0.0538],[98.2285,0.0634],[98.2374,0.0609],[98.2406,0.0555]]],[[[97.8944,0.8579],[97.9004,0.6262],[97.8215,0.5433],[97.7798,0.5802],[97.702,0.565],[97.6288,0.8046],[97.4842,0.9393],[97.4061,0.939],[97.3773,1.0615],[97.2612,1.2443],[97.0604,1.4187],[97.2689,1.4167],[97.3452,1.4807],[97.3501,1.5415],[97.3982,1.4989],[97.4226,1.5178],[97.4419,1.4727],[97.4818,1.4796],[97.6883,1.18],[97.7998,1.1509],[97.9197,1.0248],[97.9469,0.9567],[97.8944,0.8579]]],[[[97.3321,0.8299],[97.3499,0.8421],[97.36,0.8135],[97.3501,0.8129],[97.3321,0.8299]]],[[[97.3798,0.8432],[97.3833,0.8404],[97.3826,0.8351],[97.3766,0.8382],[97.3798,0.8432]]],[[[97.3225,0.8454],[97.3108,0.8496],[97.3115,0.8579],[97.3326,0.8505],[97.3225,0.8454]]],[[[97.377,0.8582],[97.3809,0.8471],[97.3634,0.8531],[97.3727,0.8623],[97.377,0.8582]]],[[[97.3567,0.8736],[97.3543,0.8671],[97.3317,0.8576],[97.3343,0.8687],[97.3567,0.8736]]],[[[97.289,0.8698],[97.2908,0.8631],[97.2808,0.8692],[97.2841,0.871],[97.289,0.8698]]],[[[97.2656,0.9122],[97.2775,0.9117],[97.2843,0.8967],[97.2668,0.9071],[97.2656,0.9122]]],[[[97.4312,0.9332],[97.4291,0.93],[97.4249,0.9329],[97.4281,0.9375],[97.4312,0.9332]]],[[[97.0939,1.2127],[97.0953,1.2177],[97.1051,1.1965],[97.1005,1.1888],[97.079,1.2162],[97.0869,1.2355],[97.0939,1.2127]]],[[[97.1064,1.3593],[97.1116,1.357],[97.1023,1.3513],[97.0997,1.3595],[97.1064,1.3593]]],[[[97.2221,1.421],[97.215,1.42],[97.2129,1.4246],[97.2203,1.4261],[97.2221,1.421]]],[[[97.1732,1.4304],[97.1713,1.4237],[97.1663,1.425],[97.1732,1.4304]]],[[[97.2453,1.4639],[97.2595,1.4629],[97.2333,1.4497],[97.2317,1.4584],[97.2453,1.4639]]],[[[97.4392,1.701],[97.4502,1.7056],[97.4527,1.7002],[97.4441,1.6935],[97.4392,1.701]]],[[[97.9487,3.39],[97.9339,3.4447],[97.959,3.4814],[97.8681,3.5711],[97.8718,3.6126],[97.8005,3.7226],[97.9087,3.8184],[97.9005,3.9106],[98.0065,3.9017],[98.0098,3.9495],[98.0827,3.9539],[98.0957,3.9841],[98.0402,4.0412],[98.0625,4.1859],[98.0947,4.2086],[98.072,4.2504],[98.2439,4.294],[98.2542,4.202],[98.1611,4.1542],[98.1729,4.1125],[98.1988,4.107],[98.2501,4.1298],[98.3148,4.0701],[98.3908,4.0755],[98.5414,4.0122],[98.5603,3.9387],[98.6937,3.8868],[98.707,3.7718],[98.8741,3.6871],[98.9548,3.6804],[99.4887,3.3441],[99.5468,3.2451],[99.7572,3.168],[99.8579,3.0352],[99.99,2.9606],[99.9849,2.758],[100.1384,2.6876],[100.2203,2.7045],[100.2356,2.6407],[100.3219,2.5477],[100.3067,2.3752],[100.3727,2.2241],[100.2804,1.8125],[100.3871,1.7778],[100.3527,1.734],[100.3671,1.6847],[100.4176,1.6651],[100.4047,1.573],[100.4345,1.5204],[100.3766,1.4498],[100.276,1.4744],[100.3409,1.4376],[100.3035,1.4166],[100.0525,1.3778],[100.1258,1.2559],[100.1143,1.2115],[100.1826,1.1262],[100.1166,1.09],[100.1654,1.0025],[100.1401,0.9844],[100.1511,0.9359],[100.0876,0.9256],[100.1438,0.8966],[100.1219,0.8206],[100.1864,0.7581],[100.0703,0.79],[99.9436,0.8832],[99.8386,0.892],[99.8309,0.6961],[99.9113,0.6798],[99.91,0.6248],[99.9645,0.5555],[99.9097,0.4734],[99.744,0.4789],[99.7178,0.4514],[99.6425,0.5453],[99.5745,0.509],[99.5191,0.5519],[99.4385,0.4776],[99.412,0.4863],[99.3167,0.3339],[99.2235,0.3293],[99.1672,0.2282],[99.1383,0.2527],[99.1589,0.3028],[99.1109,0.3495],[99.1365,0.4513],[99.093,0.5081],[99.0976,0.6034],[99.0457,0.6377],[99.0582,0.743],[98.9762,0.8418],[98.845,1.3336],[98.7127,1.5603],[98.7711,1.5318],[98.8404,1.6277],[98.8276,1.6736],[98.7876,1.6903],[98.7966,1.7254],[98.7419,1.7833],[98.6989,1.7723],[98.7324,1.7608],[98.7332,1.7177],[98.6828,1.7364],[98.4622,1.989],[98.3611,2.0036],[98.3398,2.0467],[98.2655,2.0275],[98.2599,2.0649],[98.1273,2.1695],[98.1971,2.3115],[98.0813,2.5183],[98.0848,2.6034],[98.1103,2.6111],[98.0694,2.7642],[98.1167,2.7851],[98.0984,2.8228],[98.0501,2.8218],[97.942,2.9046],[97.9301,3.0547],[97.981,3.0793],[97.9822,3.1161],[97.9048,3.2583],[98.0293,3.3308],[97.9487,3.39]]],[[[98.1967,4.1304],[98.204,4.1195],[98.1846,4.1145],[98.1849,4.1179],[98.1967,4.1304]]],[[[98.1789,4.1295],[98.176,4.1347],[98.1837,4.143],[98.1846,4.137],[98.1789,4.1295]]],[[[98.2356,4.1435],[98.2432,4.1754],[98.2697,4.1746],[98.2716,4.1417],[98.2356,4.1435]]],[[[98.5108,-0.6007],[98.5205,-0.6205],[98.5169,-0.6387],[98.4884,-0.6152],[98.5108,-0.6007]]],[[[98.5191,-0.4946],[98.5245,-0.4949],[98.519,-0.5024],[98.5164,-0.4997],[98.5191,-0.4946]]],[[[98.4797,-0.295],[98.5215,-0.3603],[98.4812,-0.517],[98.5077,-0.5499],[98.468,-0.5724],[98.4752,-0.5343],[98.4315,-0.5401],[98.4196,-0.598],[98.2875,-0.5234],[98.3461,-0.5186],[98.3762,-0.4586],[98.3845,-0.343],[98.4405,-0.3027],[98.4139,-0.2434],[98.4797,-0.295]]],[[[98.5784,-0.3348],[98.5705,-0.3349],[98.5701,-0.3308],[98.5782,-0.328],[98.5784,-0.3348]]],[[[98.5173,-0.3219],[98.5208,-0.3264],[98.5197,-0.3299],[98.5111,-0.3244],[98.5173,-0.3219]]],[[[98.3894,-0.2642],[98.3897,-0.275],[98.3867,-0.2762],[98.3807,-0.2639],[98.3894,-0.2642]]],[[[98.4045,-0.2362],[98.3983,-0.2316],[98.4071,-0.2328],[98.4045,-0.2362]]],[[[98.4171,-0.0331],[98.4709,-0.0944],[98.4683,-0.1078],[98.4871,-0.1356],[98.4928,-0.2103],[98.573,-0.2801],[98.5413,-0.3486],[98.5573,-0.3909],[98.506,-0.2986],[98.4344,-0.2098],[98.4328,-0.186],[98.3666,-0.1081],[98.3486,-0.041],[98.2932,-0.0203],[98.3841,0.0066],[98.4144,0.002],[98.4171,-0.0331]]],[[[98.5194,-0.1402],[98.5278,-0.1431],[98.5232,-0.147],[98.5194,-0.1402]]],[[[98.3197,-0.1251],[98.3223,-0.1144],[98.3182,-0.105],[98.3331,-0.093],[98.3407,-0.1385],[98.3197,-0.1251]]],[[[98.4695,-0.1077],[98.4753,-0.0993],[98.4846,-0.1224],[98.4791,-0.1211],[98.4695,-0.1077]]],[[[98.4855,-0.1037],[98.4898,-0.1006],[98.4927,-0.1127],[98.4882,-0.1099],[98.4855,-0.1037]]],[[[98.3145,-0.0958],[98.3214,-0.1145],[98.3093,-0.1173],[98.3013,-0.102],[98.3145,-0.0958]]],[[[98.2888,-0.0984],[98.2869,-0.1086],[98.2809,-0.1059],[98.2817,-0.0993],[98.2888,-0.0984]]],[[[98.3121,-0.0938],[98.3041,-0.0952],[98.3039,-0.0906],[98.3069,-0.0888],[98.3121,-0.0938]]],[[[98.3542,-0.092],[98.3241,-0.0906],[98.296,-0.0641],[98.3146,-0.0666],[98.3296,-0.0614],[98.3542,-0.092]]],[[[98.2645,-0.0391],[98.2846,-0.0503],[98.2854,-0.0934],[98.2674,-0.0692],[98.2645,-0.0391]]],[[[98.3244,-0.0614],[98.3171,-0.0619],[98.3126,-0.0469],[98.3275,-0.0536],[98.3244,-0.0614]]],[[[98.534,-0.0512],[98.5456,-0.062],[98.5427,-0.0706],[98.5277,-0.0565],[98.5271,-0.032],[98.534,-0.0512]]],[[[98.5058,-0.0479],[98.5058,-0.0519],[98.4997,-0.0713],[98.491,-0.0291],[98.5058,-0.0479]]],[[[98.5766,1.5674],[98.5799,1.5788],[98.5941,1.5784],[98.5906,1.571],[98.5766,1.5674]]],[[[98.5298,1.5758],[98.5381,1.5731],[98.5385,1.5673],[98.5204,1.5793],[98.5298,1.5758]]],[[[98.5653,1.6132],[98.5726,1.6119],[98.5859,1.5956],[98.5692,1.5965],[98.5653,1.6132]]],[[[98.4942,1.6684],[98.5347,1.6399],[98.5616,1.6776],[98.6089,1.6128],[98.4627,1.6358],[98.4407,1.6756],[98.4742,1.7017],[98.4942,1.6684]]],[[[98.3501,1.9702],[98.3503,1.9759],[98.3566,1.9759],[98.3549,1.972],[98.3501,1.9702]]],[[[98.5713,3.9398],[98.5613,3.9395],[98.5727,3.9458],[98.5713,3.9398]]],[[[98.6353,0.0667],[98.629,0.0682],[98.6362,0.0738],[98.6396,0.0721],[98.6353,0.0667]]],[[[98.6836,0.1721],[98.7996,0.1702],[98.854,0.1162],[98.8503,0.0798],[98.6542,0.0724],[98.5319,0.1092],[98.5251,0.1416],[98.5656,0.173],[98.6836,0.1721]]],[[[99.1022,0.3622],[99.0932,0.3616],[99.1047,0.3728],[99.1063,0.3643],[99.1022,0.3622]]],[[[98.819,1.2655],[98.8175,1.275],[98.8238,1.2756],[98.8246,1.2672],[98.819,1.2655]]],[[[100.0247,2.7618],[100.0287,2.7677],[100.0372,2.7606],[100.034,2.7541],[100.0247,2.7618]]],[[[99.5019,3.7753],[99.5021,3.7714],[99.4958,3.7725],[99.4982,3.7768],[99.5019,3.7753]]]]}}]}