district,district_url,distribution_url,elected_member,elected_party,enrolment,formal_votes,informal_votes,total_votes,turnout_pct,majority,round_number,row_type,excluded_candidate,excluded_party,candidate,candidate_party,votes,electorate_type,constituency_code,contest_status,result_note,district_seats
Torino,https://github.com/ondata/elezionipolitiche2018,,Five Star Movement,Five Star Movement,0,1219650,0,1219650,0,609826,0,first,,,Five Star Movement,Five Star Movement,342977,Italy,IT-PROV-001,official,Ministry-format municipality party-list rows preserved by the OnData mirror and aggregated to province. Compatible local turnout metadata is unavailable. Aosta Valley's separate direct seat and overseas constituencies are excluded.,0
Torino,https://github.com/ondata/elezionipolitiche2018,,Five Star Movement,Five Star Movement,0,1219650,0,1219650,0,609826,0,first,,,Democratic Party,Democratic Party,274411,Italy,IT-PROV-001,official,Ministry-format municipality party-list rows preserved by the OnData mirror and aggregated to province. Compatible local turnout metadata is unavailable. Aosta Valley's separate direct seat and overseas constituencies are excluded.,0
Torino,https://github.com/ondata/elezionipolitiche2018,,Five Star Movement,Five Star Movement,0,1219650,0,1219650,0,609826,0,first,,,Lega,Lega,238043,Italy,IT-PROV-001,official,Ministry-format municipality party-list rows preserved by the OnData mirror and aggregated to province. Compatible local turnout metadata is unavailable. Aosta Valley's separate direct seat and overseas constituencies are excluded.,0
Torino,https://github.com/ondata/elezionipolitiche2018,,Five Star Movement,Five Star Movement,0,1219650,0,1219650,0,609826,0,first,,,Forza Italia,Forza Italia,150173,Italy,IT-PROV-001,official,Ministry-format municipality party-list rows preserved by the OnData mirror and aggregated to province. Compatible local turnout metadata is unavailable. Aosta Valley's separate direct seat and overseas constituencies are excluded.,0
Torino,https://github.com/ondata/elezionipolitiche2018,,Five Star Movement,Five Star Movement,0,1219650,0,1219650,0,609826,0,first,,,More Europe,More Europe,58011,Italy,IT-PROV-001,official,Ministry-format municipality party-list rows preserved by the OnData mirror and aggregated to province. Compatible local turnout metadata is unavailable. Aosta Valley's separate direct seat and overseas constituencies are excluded.,0
Torino,https://github.com/ondata/elezionipolitiche2018,,Five Star Movement,Five Star Movement,0,1219650,0,1219650,0,609826,0,first,,,Free and Equal,Free and Equal,53097,Italy,IT-PROV-001,official,Ministry-format municipality party-list rows preserved by the OnData mirror and aggregated to province. Compatible local turnout metadata is unavailable. Aosta Valley's separate direct seat and overseas constituencies are excluded.,0
Torino,https://github.com/ondata/elezionipolitiche2018,,Five Star Movement,Five Star Movement,0,1219650,0,1219650,0,609826,0,first,,,Brothers of Italy,Brothers of Italy,44498,Italy,IT-PROV-001,official,Ministry-format municipality party-list rows preserved by the OnData mirror and aggregated to province. Compatible local turnout metadata is unavailable. Aosta Valley's separate direct seat and overseas constituencies are excluded.,0
Torino,https://github.com/ondata/elezionipolitiche2018,,Five Star Movement,Five Star Movement,0,1219650,0,1219650,0,609826,0,first,,,Power to the People,Power to the People,16124,Italy,IT-PROV-001,official,Ministry-format municipality party-list rows preserved by the OnData mirror and aggregated to province. Compatible local turnout metadata is unavailable. Aosta Valley's separate direct seat and overseas constituencies are excluded.,0
Torino,https://github.com/ondata/elezionipolitiche2018,,Five Star Movement,Five Star Movement,0,1219650,0,1219650,0,609826,0,first,,,Casapound Italia,Casapound Italia,12375,Italy,IT-PROV-001,official,Ministry-format municipality party-list rows preserved by the OnData mirror and aggregated to province. Compatible local turnout metadata is unavailable. Aosta Valley's separate direct seat and overseas constituencies are excluded.,0
Torino,https://github.com/ondata/elezionipolitiche2018,,Five Star Movement,Five Star Movement,0,1219650,0,1219650,0,609826,0,first,,,Il Popolo Della Famiglia,Il Popolo Della Famiglia,7944,Italy,IT-PROV-001,official,Ministry-format municipality party-list rows preserved by the OnData mirror and aggregated to province. Compatible local turnout metadata is unavailable. Aosta Valley's separate direct seat and overseas constituencies are excluded.,0
Torino,https://github.com/ondata/elezionipolitiche2018,,Five Star Movement,Five Star Movement,0,1219650,0,1219650,0,609826,0,first,,,Us with Italy–UDC,Us with Italy–UDC,7260,Italy,IT-PROV-001,official,Ministry-format municipality party-list rows preserved by the OnData mirror and aggregated to province. Compatible local turnout metadata is unavailable. Aosta Valley's separate direct seat and overseas constituencies are excluded.,0
Torino,https://github.com/ondata/elezionipolitiche2018,,Five Star Movement,Five Star Movement,0,1219650,0,1219650,0,609826,0,first,,,Italia Europa Insieme,Italia Europa Insieme,5556,Italy,IT-PROV-001,official,Ministry-format municipality party-list rows preserved by the OnData mirror and aggregated to province. Compatible local turnout metadata is unavailable. Aosta Valley's separate direct seat and overseas constituencies are excluded.,0
Torino,https://github.com/ondata/elezionipolitiche2018,,Five Star Movement,Five Star Movement,0,1219650,0,1219650,0,609826,0,first,,,Civica Popolare Lorenzin,Civica Popolare Lorenzin,5083,Italy,IT-PROV-001,official,Ministry-format municipality party-list rows preserved by the OnData mirror and aggregated to province. Compatible local turnout metadata is unavailable. Aosta Valley's separate direct seat and overseas constituencies are excluded.,0
Torino,https://github.com/ondata/elezionipolitiche2018,,Five Star Movement,Five Star Movement,0,1219650,0,1219650,0,609826,0,first,,,Partito Valore Umano,Partito Valore Umano,4098,Italy,IT-PROV-001,official,Ministry-format municipality party-list rows preserved by the OnData mirror and aggregated to province. Compatible local turnout metadata is unavailable. Aosta Valley's separate direct seat and overseas constituencies are excluded.,0
Vercelli,https://github.com/ondata/elezionipolitiche2018,,Lega,Lega,0,93564,0,93564,0,46783,0,first,,,Lega,Lega,25147,Italy,IT-PROV-002,official,Ministry-format municipality party-list rows preserved by the OnData mirror and aggregated to province. Compatible local turnout metadata is unavailable. Aosta Valley's separate direct seat and overseas constituencies are excluded.,0
Vercelli,https://github.com/ondata/elezionipolitiche2018,,Lega,Lega,0,93564,0,93564,0,46783,0,first,,,Five Star Movement,Five Star Movement,21790,Italy,IT-PROV-002,official,Ministry-format municipality party-list rows preserved by the OnData mirror and aggregated to province. Compatible local turnout metadata is unavailable. Aosta Valley's separate direct seat and overseas constituencies are excluded.,0
Vercelli,https://github.com/ondata/elezionipolitiche2018,,Lega,Lega,0,93564,0,93564,0,46783,0,first,,,Democratic Party,Democratic Party,16749,Italy,IT-PROV-002,official,Ministry-format municipality party-list rows preserved by the OnData mirror and aggregated to province. Compatible local turnout metadata is unavailable. Aosta Valley's separate direct seat and overseas constituencies are excluded.,0
Vercelli,https://github.com/ondata/elezionipolitiche2018,,Lega,Lega,0,93564,0,93564,0,46783,0,first,,,Forza Italia,Forza Italia,15410,Italy,IT-PROV-002,official,Ministry-format municipality party-list rows preserved by the OnData mirror and aggregated to province. Compatible local turnout metadata is unavailable. Aosta Valley's separate direct seat and overseas constituencies are excluded.,0
Vercelli,https://github.com/ondata/elezionipolitiche2018,,Lega,Lega,0,93564,0,93564,0,46783,0,first,,,Brothers of Italy,Brothers of Italy,4106,Italy,IT-PROV-002,official,Ministry-format municipality party-list rows preserved by the OnData mirror and aggregated to province. Compatible local turnout metadata is unavailable. Aosta Valley's separate direct seat and overseas constituencies are excluded.,0
Vercelli,https://github.com/ondata/elezionipolitiche2018,,Lega,Lega,0,93564,0,93564,0,46783,0,first,,,More Europe,More Europe,2536,Italy,IT-PROV-002,official,Ministry-format municipality party-list rows preserved by the OnData mirror and aggregated to province. Compatible local turnout metadata is unavailable. Aosta Valley's separate direct seat and overseas constituencies are excluded.,0
Vercelli,https://github.com/ondata/elezionipolitiche2018,,Lega,Lega,0,93564,0,93564,0,46783,0,first,,,Free and Equal,Free and Equal,2307,Italy,IT-PROV-002,official,Ministry-format municipality party-list rows preserved by the OnData mirror and aggregated to province. Compatible local turnout metadata is unavailable. Aosta Valley's separate direct seat and overseas constituencies are excluded.,0
Vercelli,https://github.com/ondata/elezionipolitiche2018,,Lega,Lega,0,93564,0,93564,0,46783,0,first,,,Casapound Italia,Casapound Italia,1335,Italy,IT-PROV-002,official,Ministry-format municipality party-list rows preserved by the OnData mirror and aggregated to province. Compatible local turnout metadata is unavailable. Aosta Valley's separate direct seat and overseas constituencies are excluded.,0
Vercelli,https://github.com/ondata/elezionipolitiche2018,,Lega,Lega,0,93564,0,93564,0,46783,0,first,,,Us with Italy–UDC,Us with Italy–UDC,1112,Italy,IT-PROV-002,official,Ministry-format municipality party-list rows preserved by the OnData mirror and aggregated to province. Compatible local turnout metadata is unavailable. Aosta Valley's separate direct seat and overseas constituencies are excluded.,0
Vercelli,https://github.com/ondata/elezionipolitiche2018,,Lega,Lega,0,93564,0,93564,0,46783,0,first,,,Power to the People,Power to the People,924,Italy,IT-PROV-002,official,Ministry-format municipality party-list rows preserved by the OnData mirror and aggregated to province. Compatible local turnout metadata is unavailable. Aosta Valley's separate direct seat and overseas constituencies are excluded.,0
Vercelli,https://github.com/ondata/elezionipolitiche2018,,Lega,Lega,0,93564,0,93564,0,46783,0,first,,,Italia Agli Italiani,Italia Agli Italiani,568,Italy,IT-PROV-002,official,Ministry-format municipality party-list rows preserved by the OnData mirror and aggregated to province. Compatible local turnout metadata is unavailable. Aosta Valley's separate direct seat and overseas constituencies are excluded.,0
Vercelli,https://github.com/ondata/elezionipolitiche2018,,Lega,Lega,0,93564,0,93564,0,46783,0,first,,,Partito Valore Umano,Partito Valore Umano,453,Italy,IT-PROV-002,official,Ministry-format municipality party-list rows preserved by the OnData mirror and aggregated to province. Compatible local turnout metadata is unavailable. Aosta Valley's separate direct seat and overseas constituencies are excluded.,0
Vercelli,https://github.com/ondata/elezionipolitiche2018,,Lega,Lega,0,93564,0,93564,0,46783,0,first,,,Il Popolo Della Famiglia,Il Popolo Della Famiglia,413,Italy,IT-PROV-002,official,Ministry-format municipality party-list rows preserved by the OnData mirror and aggregated to province. Compatible local turnout metadata is unavailable. Aosta Valley's separate direct seat and overseas constituencies are excluded.,0
Vercelli,https://github.com/ondata/elezionipolitiche2018,,Lega,Lega,0,93564,0,93564,0,46783,0,first,,,Italia Europa Insieme,Italia Europa Insieme,381,Italy,IT-PROV-002,official,Ministry-format municipality party-list rows preserved by the OnData mirror and aggregated to province. Compatible local turnout metadata is unavailable. Aosta Valley's separate direct seat and overseas constituencies are excluded.,0
Vercelli,https://github.com/ondata/elezionipolitiche2018,,Lega,Lega,0,93564,0,93564,0,46783,0,first,,,Civica Popolare Lorenzin,Civica Popolare Lorenzin,333,Italy,IT-PROV-002,official,Ministry-format municipality party-list rows preserved by the OnData mirror and aggregated to province. Compatible local turnout metadata is unavailable. Aosta Valley's separate direct seat and overseas constituencies are excluded.,0
Novara,https://github.com/ondata/elezionipolitiche2018,,Lega,Lega,0,198996,0,198996,0,99499,0,first,,,Lega,Lega,52432,Italy,IT-PROV-003,official,Ministry-format municipality party-list rows preserved by the OnData mirror and aggregated to province. Compatible local turnout metadata is unavailable. Aosta Valley's separate direct seat and overseas constituencies are excluded.,0
Novara,https://github.com/ondata/elezionipolitiche2018,,Lega,Lega,0,198996,0,198996,0,99499,0,first,,,Five Star Movement,Five Star Movement,47055,Italy,IT-PROV-003,official,Ministry-format municipality party-list rows preserved by the OnData mirror and aggregated to province. Compatible local turnout metadata is unavailable. Aosta Valley's separate direct seat and overseas constituencies are excluded.,0
Novara,https://github.com/ondata/elezionipolitiche2018,,Lega,Lega,0,198996,0,198996,0,99499,0,first,,,Democratic Party,Democratic Party,38564,Italy,IT-PROV-003,official,Ministry-format municipality party-list rows preserved by the OnData mirror and aggregated to province. Compatible local turnout metadata is unavailable. Aosta Valley's separate direct seat and overseas constituencies are excluded.,0
Novara,https://github.com/ondata/elezionipolitiche2018,,Lega,Lega,0,198996,0,198996,0,99499,0,first,,,Forza Italia,Forza Italia,31194,Italy,IT-PROV-003,official,Ministry-format municipality party-list rows preserved by the OnData mirror and aggregated to province. Compatible local turnout metadata is unavailable. Aosta Valley's separate direct seat and overseas constituencies are excluded.,0
Novara,https://github.com/ondata/elezionipolitiche2018,,Lega,Lega,0,198996,0,198996,0,99499,0,first,,,Brothers of Italy,Brothers of Italy,8926,Italy,IT-PROV-003,official,Ministry-format municipality party-list rows preserved by the OnData mirror and aggregated to province. Compatible local turnout metadata is unavailable. Aosta Valley's separate direct seat and overseas constituencies are excluded.,0
Novara,https://github.com/ondata/elezionipolitiche2018,,Lega,Lega,0,198996,0,198996,0,99499,0,first,,,More Europe,More Europe,6287,Italy,IT-PROV-003,official,Ministry-format municipality party-list rows preserved by the OnData mirror and aggregated to province. Compatible local turnout metadata is unavailable. Aosta Valley's separate direct seat and overseas constituencies are excluded.,0
Novara,https://github.com/ondata/elezionipolitiche2018,,Lega,Lega,0,198996,0,198996,0,99499,0,first,,,Free and Equal,Free and Equal,4977,Italy,IT-PROV-003,official,Ministry-format municipality party-list rows preserved by the OnData mirror and aggregated to province. Compatible local turnout metadata is unavailable. Aosta Valley's separate direct seat and overseas constituencies are excluded.,0
Novara,https://github.com/ondata/elezionipolitiche2018,,Lega,Lega,0,198996,0,198996,0,99499,0,first,,,Casapound Italia,Casapound Italia,2042,Italy,IT-PROV-003,official,Ministry-format municipality party-list rows preserved by the OnData mirror and aggregated to province. Compatible local turnout metadata is unavailable. Aosta Valley's separate direct seat and overseas constituencies are excluded.,0
Novara,https://github.com/ondata/elezionipolitiche2018,,Lega,Lega,0,198996,0,198996,0,99499,0,first,,,Il Popolo Della Famiglia,Il Popolo Della Famiglia,1401,Italy,IT-PROV-003,official,Ministry-format municipality party-list rows preserved by the OnData mirror and aggregated to province. Compatible local turnout metadata is unavailable. Aosta Valley's separate direct seat and overseas constituencies are excluded.,0
Novara,https://github.com/ondata/elezionipolitiche2018,,Lega,Lega,0,198996,0,198996,0,99499,0,first,,,Power to the People,Power to the People,1364,Italy,IT-PROV-003,official,Ministry-format municipality party-list rows preserved by the OnData mirror and aggregated to province. Compatible local turnout metadata is unavailable. Aosta Valley's separate direct seat and overseas constituencies are excluded.,0
Novara,https://github.com/ondata/elezionipolitiche2018,,Lega,Lega,0,198996,0,198996,0,99499,0,first,,,Italia Agli Italiani,Italia Agli Italiani,1256,Italy,IT-PROV-003,official,Ministry-format municipality party-list rows preserved by the OnData mirror and aggregated to province. Compatible local turnout metadata is unavailable. Aosta Valley's separate direct seat and overseas constituencies are excluded.,0
Novara,https://github.com/ondata/elezionipolitiche2018,,Lega,Lega,0,198996,0,198996,0,99499,0,first,,,Us with Italy–UDC,Us with Italy–UDC,1245,Italy,IT-PROV-003,official,Ministry-format municipality party-list rows preserved by the OnData mirror and aggregated to province. Compatible local turnout metadata is unavailable. Aosta Valley's separate direct seat and overseas constituencies are excluded.,0
Novara,https://github.com/ondata/elezionipolitiche2018,,Lega,Lega,0,198996,0,198996,0,99499,0,first,,,Italia Europa Insieme,Italia Europa Insieme,865,Italy,IT-PROV-003,official,Ministry-format municipality party-list rows preserved by the OnData mirror and aggregated to province. Compatible local turnout metadata is unavailable. Aosta Valley's separate direct seat and overseas constituencies are excluded.,0
Novara,https://github.com/ondata/elezionipolitiche2018,,Lega,Lega,0,198996,0,198996,0,99499,0,first,,,Civica Popolare Lorenzin,Civica Popolare Lorenzin,750,Italy,IT-PROV-003,official,Ministry-format municipality party-list rows preserved by the OnData mirror and aggregated to province. Compatible local turnout metadata is unavailable. Aosta Valley's separate direct seat and overseas constituencies are excluded.,0
Novara,https://github.com/ondata/elezionipolitiche2018,,Lega,Lega,0,198996,0,198996,0,99499,0,first,,,Partito Valore Umano,Partito Valore Umano,638,Italy,IT-PROV-003,official,Ministry-format municipality party-list rows preserved by the OnData mirror and aggregated to province. Compatible local turnout metadata is unavailable. Aosta Valley's separate direct seat and overseas constituencies are excluded.,0
Cuneo,https://github.com/ondata/elezionipolitiche2018,,Lega,Lega,0,307134,0,307134,0,153568,0,first,,,Lega,Lega,86732,Italy,IT-PROV-004,official,Ministry-format municipality party-list rows preserved by the OnData mirror and aggregated to province. Compatible local turnout metadata is unavailable. Aosta Valley's separate direct seat and overseas constituencies are excluded.,0
Cuneo,https://github.com/ondata/elezionipolitiche2018,,Lega,Lega,0,307134,0,307134,0,153568,0,first,,,Five Star Movement,Five Star Movement,68016,Italy,IT-PROV-004,official,Ministry-format municipality party-list rows preserved by the OnData mirror and aggregated to province. Compatible local turnout metadata is unavailable. Aosta Valley's separate direct seat and overseas constituencies are excluded.,0
Cuneo,https://github.com/ondata/elezionipolitiche2018,,Lega,Lega,0,307134,0,307134,0,153568,0,first,,,Democratic Party,Democratic Party,53951,Italy,IT-PROV-004,official,Ministry-format municipality party-list rows preserved by the OnData mirror and aggregated to province. Compatible local turnout metadata is unavailable. Aosta Valley's separate direct seat and overseas constituencies are excluded.,0
Cuneo,https://github.com/ondata/elezionipolitiche2018,,Lega,Lega,0,307134,0,307134,0,153568,0,first,,,Forza Italia,Forza Italia,43399,Italy,IT-PROV-004,official,Ministry-format municipality party-list rows preserved by the OnData mirror and aggregated to province. Compatible local turnout metadata is unavailable. Aosta Valley's separate direct seat and overseas constituencies are excluded.,0
Cuneo,https://github.com/ondata/elezionipolitiche2018,,Lega,Lega,0,307134,0,307134,0,153568,0,first,,,Brothers of Italy,Brothers of Italy,15132,Italy,IT-PROV-004,official,Ministry-format municipality party-list rows preserved by the OnData mirror and aggregated to province. Compatible local turnout metadata is unavailable. Aosta Valley's separate direct seat and overseas constituencies are excluded.,0
Cuneo,https://github.com/ondata/elezionipolitiche2018,,Lega,Lega,0,307134,0,307134,0,153568,0,first,,,More Europe,More Europe,12250,Italy,IT-PROV-004,official,Ministry-format municipality party-list rows preserved by the OnData mirror and aggregated to province. Compatible local turnout metadata is unavailable. Aosta Valley's separate direct seat and overseas constituencies are excluded.,0
Cuneo,https://github.com/ondata/elezionipolitiche2018,,Lega,Lega,0,307134,0,307134,0,153568,0,first,,,Free and Equal,Free and Equal,8140,Italy,IT-PROV-004,official,Ministry-format municipality party-list rows preserved by the OnData mirror and aggregated to province. Compatible local turnout metadata is unavailable. Aosta Valley's separate direct seat and overseas constituencies are excluded.,0
Cuneo,https://github.com/ondata/elezionipolitiche2018,,Lega,Lega,0,307134,0,307134,0,153568,0,first,,,Us with Italy–UDC,Us with Italy–UDC,3823,Italy,IT-PROV-004,official,Ministry-format municipality party-list rows preserved by the OnData mirror and aggregated to province. Compatible local turnout metadata is unavailable. Aosta Valley's separate direct seat and overseas constituencies are excluded.,0
Cuneo,https://github.com/ondata/elezionipolitiche2018,,Lega,Lega,0,307134,0,307134,0,153568,0,first,,,Power to the People,Power to the People,3010,Italy,IT-PROV-004,official,Ministry-format municipality party-list rows preserved by the OnData mirror and aggregated to province. Compatible local turnout metadata is unavailable. Aosta Valley's separate direct seat and overseas constituencies are excluded.,0
Cuneo,https://github.com/ondata/elezionipolitiche2018,,Lega,Lega,0,307134,0,307134,0,153568,0,first,,,Civica Popolare Lorenzin,Civica Popolare Lorenzin,3005,Italy,IT-PROV-004,official,Ministry-format municipality party-list rows preserved by the OnData mirror and aggregated to province. Compatible local turnout metadata is unavailable. Aosta Valley's separate direct seat and overseas constituencies are excluded.,0
Cuneo,https://github.com/ondata/elezionipolitiche2018,,Lega,Lega,0,307134,0,307134,0,153568,0,first,,,Il Popolo Della Famiglia,Il Popolo Della Famiglia,2602,Italy,IT-PROV-004,official,Ministry-format municipality party-list rows preserved by the OnData mirror and aggregated to province. Compatible local turnout metadata is unavailable. Aosta Valley's separate direct seat and overseas constituencies are excluded.,0
Cuneo,https://github.com/ondata/elezionipolitiche2018,,Lega,Lega,0,307134,0,307134,0,153568,0,first,,,Casapound Italia,Casapound Italia,2547,Italy,IT-PROV-004,official,Ministry-format municipality party-list rows preserved by the OnData mirror and aggregated to province. Compatible local turnout metadata is unavailable. Aosta Valley's separate direct seat and overseas constituencies are excluded.,0
Cuneo,https://github.com/ondata/elezionipolitiche2018,,Lega,Lega,0,307134,0,307134,0,153568,0,first,,,Italia Agli Italiani,Italia Agli Italiani,1728,Italy,IT-PROV-004,official,Ministry-format municipality party-list rows preserved by the OnData mirror and aggregated to province. Compatible local turnout metadata is unavailable. Aosta Valley's separate direct seat and overseas constituencies are excluded.,0
Cuneo,https://github.com/ondata/elezionipolitiche2018,,Lega,Lega,0,307134,0,307134,0,153568,0,first,,,Partito Valore Umano,Partito Valore Umano,1435,Italy,IT-PROV-004,official,Ministry-format municipality party-list rows preserved by the OnData mirror and aggregated to province. Compatible local turnout metadata is unavailable. Aosta Valley's separate direct seat and overseas constituencies are excluded.,0
Cuneo,https://github.com/ondata/elezionipolitiche2018,,Lega,Lega,0,307134,0,307134,0,153568,0,first,,,Italia Europa Insieme,Italia Europa Insieme,1364,Italy,IT-PROV-004,official,Ministry-format municipality party-list rows preserved by the OnData mirror and aggregated to province. Compatible local turnout metadata is unavailable. Aosta Valley's separate direct seat and overseas constituencies are excluded.,0
Asti,https://github.com/ondata/elezionipolitiche2018,,Lega,Lega,0,110090,0,110090,0,55046,0,first,,,Lega,Lega,29708,Italy,IT-PROV-005,official,Ministry-format municipality party-list rows preserved by the OnData mirror and aggregated to province. Compatible local turnout metadata is unavailable. Aosta Valley's separate direct seat and overseas constituencies are excluded.,0
Asti,https://github.com/ondata/elezionipolitiche2018,,Lega,Lega,0,110090,0,110090,0,55046,0,first,,,Five Star Movement,Five Star Movement,27561,Italy,IT-PROV-005,official,Ministry-format municipality party-list rows preserved by the OnData mirror and aggregated to province. Compatible local turnout metadata is unavailable. Aosta Valley's separate direct seat and overseas constituencies are excluded.,0
Asti,https://github.com/ondata/elezionipolitiche2018,,Lega,Lega,0,110090,0,110090,0,55046,0,first,,,Democratic Party,Democratic Party,19271,Italy,IT-PROV-005,official,Ministry-format municipality party-list rows preserved by the OnData mirror and aggregated to province. Compatible local turnout metadata is unavailable. Aosta Valley's separate direct seat and overseas constituencies are excluded.,0
Asti,https://github.com/ondata/elezionipolitiche2018,,Lega,Lega,0,110090,0,110090,0,55046,0,first,,,Forza Italia,Forza Italia,16305,Italy,IT-PROV-005,official,Ministry-format municipality party-list rows preserved by the OnData mirror and aggregated to province. Compatible local turnout metadata is unavailable. Aosta Valley's separate direct seat and overseas constituencies are excluded.,0
Asti,https://github.com/ondata/elezionipolitiche2018,,Lega,Lega,0,110090,0,110090,0,55046,0,first,,,Brothers of Italy,Brothers of Italy,4594,Italy,IT-PROV-005,official,Ministry-format municipality party-list rows preserved by the OnData mirror and aggregated to province. Compatible local turnout metadata is unavailable. Aosta Valley's separate direct seat and overseas constituencies are excluded.,0
Asti,https://github.com/ondata/elezionipolitiche2018,,Lega,Lega,0,110090,0,110090,0,55046,0,first,,,More Europe,More Europe,3426,Italy,IT-PROV-005,official,Ministry-format municipality party-list rows preserved by the OnData mirror and aggregated to province. Compatible local turnout metadata is unavailable. Aosta Valley's separate direct seat and overseas constituencies are excluded.,0
Asti,https://github.com/ondata/elezionipolitiche2018,,Lega,Lega,0,110090,0,110090,0,55046,0,first,,,Free and Equal,Free and Equal,3394,Italy,IT-PROV-005,official,Ministry-format municipality party-list rows preserved by the OnData mirror and aggregated to province. Compatible local turnout metadata is unavailable. Aosta Valley's separate direct seat and overseas constituencies are excluded.,0
Asti,https://github.com/ondata/elezionipolitiche2018,,Lega,Lega,0,110090,0,110090,0,55046,0,first,,,Power to the People,Power to the People,1005,Italy,IT-PROV-005,official,Ministry-format municipality party-list rows preserved by the OnData mirror and aggregated to province. Compatible local turnout metadata is unavailable. Aosta Valley's separate direct seat and overseas constituencies are excluded.,0
Asti,https://github.com/ondata/elezionipolitiche2018,,Lega,Lega,0,110090,0,110090,0,55046,0,first,,,Civica Popolare Lorenzin,Civica Popolare Lorenzin,897,Italy,IT-PROV-005,official,Ministry-format municipality party-list rows preserved by the OnData mirror and aggregated to province. Compatible local turnout metadata is unavailable. Aosta Valley's separate direct seat and overseas constituencies are excluded.,0
Asti,https://github.com/ondata/elezionipolitiche2018,,Lega,Lega,0,110090,0,110090,0,55046,0,first,,,Casapound Italia,Casapound Italia,881,Italy,IT-PROV-005,official,Ministry-format municipality party-list rows preserved by the OnData mirror and aggregated to province. Compatible local turnout metadata is unavailable. Aosta Valley's separate direct seat and overseas constituencies are excluded.,0
Asti,https://github.com/ondata/elezionipolitiche2018,,Lega,Lega,0,110090,0,110090,0,55046,0,first,,,Il Popolo Della Famiglia,Il Popolo Della Famiglia,775,Italy,IT-PROV-005,official,Ministry-format municipality party-list rows preserved by the OnData mirror and aggregated to province. Compatible local turnout metadata is unavailable. Aosta Valley's separate direct seat and overseas constituencies are excluded.,0
Asti,https://github.com/ondata/elezionipolitiche2018,,Lega,Lega,0,110090,0,110090,0,55046,0,first,,,Us with Italy–UDC,Us with Italy–UDC,716,Italy,IT-PROV-005,official,Ministry-format municipality party-list rows preserved by the OnData mirror and aggregated to province. Compatible local turnout metadata is unavailable. Aosta Valley's separate direct seat and overseas constituencies are excluded.,0
Asti,https://github.com/ondata/elezionipolitiche2018,,Lega,Lega,0,110090,0,110090,0,55046,0,first,,,Italia Agli Italiani,Italia Agli Italiani,619,Italy,IT-PROV-005,official,Ministry-format municipality party-list rows preserved by the OnData mirror and aggregated to province. Compatible local turnout metadata is unavailable. Aosta Valley's separate direct seat and overseas constituencies are excluded.,0
Asti,https://github.com/ondata/elezionipolitiche2018,,Lega,Lega,0,110090,0,110090,0,55046,0,first,,,Partito Valore Umano,Partito Valore Umano,562,Italy,IT-PROV-005,official,Ministry-format municipality party-list rows preserved by the OnData mirror and aggregated to province. Compatible local turnout metadata is unavailable. Aosta Valley's separate direct seat and overseas constituencies are excluded.,0
Asti,https://github.com/ondata/elezionipolitiche2018,,Lega,Lega,0,110090,0,110090,0,55046,0,first,,,Italia Europa Insieme,Italia Europa Insieme,376,Italy,IT-PROV-005,official,Ministry-format municipality party-list rows preserved by the OnData mirror and aggregated to province. Compatible local turnout metadata is unavailable. Aosta Valley's separate direct seat and overseas constituencies are excluded.,0
Alessandria,https://github.com/ondata/elezionipolitiche2018,,Lega,Lega,0,225176,0,225176,0,112589,0,first,,,Lega,Lega,57870,Italy,IT-PROV-006,official,Ministry-format municipality party-list rows preserved by the OnData mirror and aggregated to province. Compatible local turnout metadata is unavailable. Aosta Valley's separate direct seat and overseas constituencies are excluded.,0
Alessandria,https://github.com/ondata/elezionipolitiche2018,,Lega,Lega,0,225176,0,225176,0,112589,0,first,,,Five Star Movement,Five Star Movement,57703,Italy,IT-PROV-006,official,Ministry-format municipality party-list rows preserved by the OnData mirror and aggregated to province. Compatible local turnout metadata is unavailable. Aosta Valley's separate direct seat and overseas constituencies are excluded.,0
Alessandria,https://github.com/ondata/elezionipolitiche2018,,Lega,Lega,0,225176,0,225176,0,112589,0,first,,,Democratic Party,Democratic Party,40554,Italy,IT-PROV-006,official,Ministry-format municipality party-list rows preserved by the OnData mirror and aggregated to province. Compatible local turnout metadata is unavailable. Aosta Valley's separate direct seat and overseas constituencies are excluded.,0
Alessandria,https://github.com/ondata/elezionipolitiche2018,,Lega,Lega,0,225176,0,225176,0,112589,0,first,,,Forza Italia,Forza Italia,34821,Italy,IT-PROV-006,official,Ministry-format municipality party-list rows preserved by the OnData mirror and aggregated to province. Compatible local turnout metadata is unavailable. Aosta Valley's separate direct seat and overseas constituencies are excluded.,0
Alessandria,https://github.com/ondata/elezionipolitiche2018,,Lega,Lega,0,225176,0,225176,0,112589,0,first,,,Brothers of Italy,Brothers of Italy,9071,Italy,IT-PROV-006,official,Ministry-format municipality party-list rows preserved by the OnData mirror and aggregated to province. Compatible local turnout metadata is unavailable. Aosta Valley's separate direct seat and overseas constituencies are excluded.,0
Alessandria,https://github.com/ondata/elezionipolitiche2018,,Lega,Lega,0,225176,0,225176,0,112589,0,first,,,Free and Equal,Free and Equal,8112,Italy,IT-PROV-006,official,Ministry-format municipality party-list rows preserved by the OnData mirror and aggregated to province. Compatible local turnout metadata is unavailable. Aosta Valley's separate direct seat and overseas constituencies are excluded.,0
Alessandria,https://github.com/ondata/elezionipolitiche2018,,Lega,Lega,0,225176,0,225176,0,112589,0,first,,,More Europe,More Europe,5992,Italy,IT-PROV-006,official,Ministry-format municipality party-list rows preserved by the OnData mirror and aggregated to province. Compatible local turnout metadata is unavailable. Aosta Valley's separate direct seat and overseas constituencies are excluded.,0
Alessandria,https://github.com/ondata/elezionipolitiche2018,,Lega,Lega,0,225176,0,225176,0,112589,0,first,,,Casapound Italia,Casapound Italia,2468,Italy,IT-PROV-006,official,Ministry-format municipality party-list rows preserved by the OnData mirror and aggregated to province. Compatible local turnout metadata is unavailable. Aosta Valley's separate direct seat and overseas constituencies are excluded.,0
Alessandria,https://github.com/ondata/elezionipolitiche2018,,Lega,Lega,0,225176,0,225176,0,112589,0,first,,,Us with Italy–UDC,Us with Italy–UDC,2298,Italy,IT-PROV-006,official,Ministry-format municipality party-list rows preserved by the OnData mirror and aggregated to province. Compatible local turnout metadata is unavailable. Aosta Valley's separate direct seat and overseas constituencies are excluded.,0
Alessandria,https://github.com/ondata/elezionipolitiche2018,,Lega,Lega,0,225176,0,225176,0,112589,0,first,,,Power to the People,Power to the People,2030,Italy,IT-PROV-006,official,Ministry-format municipality party-list rows preserved by the OnData mirror and aggregated to province. Compatible local turnout metadata is unavailable. Aosta Valley's separate direct seat and overseas constituencies are excluded.,0
Alessandria,https://github.com/ondata/elezionipolitiche2018,,Lega,Lega,0,225176,0,225176,0,112589,0,first,,,Italia Agli Italiani,Italia Agli Italiani,1235,Italy,IT-PROV-006,official,Ministry-format municipality party-list rows preserved by the OnData mirror and aggregated to province. Compatible local turnout metadata is unavailable. Aosta Valley's separate direct seat and overseas constituencies are excluded.,0
Alessandria,https://github.com/ondata/elezionipolitiche2018,,Lega,Lega,0,225176,0,225176,0,112589,0,first,,,Italia Europa Insieme,Italia Europa Insieme,1007,Italy,IT-PROV-006,official,Ministry-format municipality party-list rows preserved by the OnData mirror and aggregated to province. Compatible local turnout metadata is unavailable. Aosta Valley's separate direct seat and overseas constituencies are excluded.,0
Alessandria,https://github.com/ondata/elezionipolitiche2018,,Lega,Lega,0,225176,0,225176,0,112589,0,first,,,Il Popolo Della Famiglia,Il Popolo Della Famiglia,766,Italy,IT-PROV-006,official,Ministry-format municipality party-list rows preserved by the OnData mirror and aggregated to province. Compatible local turnout metadata is unavailable. Aosta Valley's separate direct seat and overseas constituencies are excluded.,0
Alessandria,https://github.com/ondata/elezionipolitiche2018,,Lega,Lega,0,225176,0,225176,0,112589,0,first,,,Civica Popolare Lorenzin,Civica Popolare Lorenzin,665,Italy,IT-PROV-006,official,Ministry-format municipality party-list rows preserved by the OnData mirror and aggregated to province. Compatible local turnout metadata is unavailable. Aosta Valley's separate direct seat and overseas constituencies are excluded.,0
Alessandria,https://github.com/ondata/elezionipolitiche2018,,Lega,Lega,0,225176,0,225176,0,112589,0,first,,,Partito Valore Umano,Partito Valore Umano,584,Italy,IT-PROV-006,official,Ministry-format municipality party-list rows preserved by the OnData mirror and aggregated to province. Compatible local turnout metadata is unavailable. Aosta Valley's separate direct seat and overseas constituencies are excluded.,0
Imperia,https://github.com/ondata/elezionipolitiche2018,,Five Star Movement,Five Star Movement,0,108129,0,108129,0,54065,0,first,,,Five Star Movement,Five Star Movement,31676,Italy,IT-PROV-008,official,Ministry-format municipality party-list rows preserved by the OnData mirror and aggregated to province. Compatible local turnout metadata is unavailable. Aosta Valley's separate direct seat and overseas constituencies are excluded.,0
Imperia,https://github.com/ondata/elezionipolitiche2018,,Five Star Movement,Five Star Movement,0,108129,0,108129,0,54065,0,first,,,Lega,Lega,25216,Italy,IT-PROV-008,official,Ministry-format municipality party-list rows preserved by the OnData mirror and aggregated to province. Compatible local turnout metadata is unavailable. Aosta Valley's separate direct seat and overseas constituencies are excluded.,0
Imperia,https://github.com/ondata/elezionipolitiche2018,,Five Star Movement,Five Star Movement,0,108129,0,108129,0,54065,0,first,,,Forza Italia,Forza Italia,18116,Italy,IT-PROV-008,official,Ministry-format municipality party-list rows preserved by the OnData mirror and aggregated to province. Compatible local turnout metadata is unavailable. Aosta Valley's separate direct seat and overseas constituencies are excluded.,0
Imperia,https://github.com/ondata/elezionipolitiche2018,,Five Star Movement,Five Star Movement,0,108129,0,108129,0,54065,0,first,,,Democratic Party,Democratic Party,15514,Italy,IT-PROV-008,official,Ministry-format municipality party-list rows preserved by the OnData mirror and aggregated to province. Compatible local turnout metadata is unavailable. Aosta Valley's separate direct seat and overseas constituencies are excluded.,0
Imperia,https://github.com/ondata/elezionipolitiche2018,,Five Star Movement,Five Star Movement,0,108129,0,108129,0,54065,0,first,,,Brothers of Italy,Brothers of Italy,5414,Italy,IT-PROV-008,official,Ministry-format municipality party-list rows preserved by the OnData mirror and aggregated to province. Compatible local turnout metadata is unavailable. Aosta Valley's separate direct seat and overseas constituencies are excluded.,0
Imperia,https://github.com/ondata/elezionipolitiche2018,,Five Star Movement,Five Star Movement,0,108129,0,108129,0,54065,0,first,,,More Europe,More Europe,2856,Italy,IT-PROV-008,official,Ministry-format municipality party-list rows preserved by the OnData mirror and aggregated to province. Compatible local turnout metadata is unavailable. Aosta Valley's separate direct seat and overseas constituencies are excluded.,0
Imperia,https://github.com/ondata/elezionipolitiche2018,,Five Star Movement,Five Star Movement,0,108129,0,108129,0,54065,0,first,,,Free and Equal,Free and Equal,2794,Italy,IT-PROV-008,official,Ministry-format municipality party-list rows preserved by the OnData mirror and aggregated to province. Compatible local turnout metadata is unavailable. Aosta Valley's separate direct seat and overseas constituencies are excluded.,0
Imperia,https://github.com/ondata/elezionipolitiche2018,,Five Star Movement,Five Star Movement,0,108129,0,108129,0,54065,0,first,,,Power to the People,Power to the People,1611,Italy,IT-PROV-008,official,Ministry-format municipality party-list rows preserved by the OnData mirror and aggregated to province. Compatible local turnout metadata is unavailable. Aosta Valley's separate direct seat and overseas constituencies are excluded.,0
Imperia,https://github.com/ondata/elezionipolitiche2018,,Five Star Movement,Five Star Movement,0,108129,0,108129,0,54065,0,first,,,Casapound Italia,Casapound Italia,1356,Italy,IT-PROV-008,official,Ministry-format municipality party-list rows preserved by the OnData mirror and aggregated to province. Compatible local turnout metadata is unavailable. Aosta Valley's separate direct seat and overseas constituencies are excluded.,0
Imperia,https://github.com/ondata/elezionipolitiche2018,,Five Star Movement,Five Star Movement,0,108129,0,108129,0,54065,0,first,,,Il Popolo Della Famiglia,Il Popolo Della Famiglia,888,Italy,IT-PROV-008,official,Ministry-format municipality party-list rows preserved by the OnData mirror and aggregated to province. Compatible local turnout metadata is unavailable. Aosta Valley's separate direct seat and overseas constituencies are excluded.,0
Imperia,https://github.com/ondata/elezionipolitiche2018,,Five Star Movement,Five Star Movement,0,108129,0,108129,0,54065,0,first,,,Us with Italy–UDC,Us with Italy–UDC,615,Italy,IT-PROV-008,official,Ministry-format municipality party-list rows preserved by the OnData mirror and aggregated to province. Compatible local turnout metadata is unavailable. Aosta Valley's separate direct seat and overseas constituencies are excluded.,0
Imperia,https://github.com/ondata/elezionipolitiche2018,,Five Star Movement,Five Star Movement,0,108129,0,108129,0,54065,0,first,,,Italia Europa Insieme,Italia Europa Insieme,570,Italy,IT-PROV-008,official,Ministry-format municipality party-list rows preserved by the OnData mirror and aggregated to province. Compatible local turnout metadata is unavailable. Aosta Valley's separate direct seat and overseas constituencies are excluded.,0
Imperia,https://github.com/ondata/elezionipolitiche2018,,Five Star Movement,Five Star Movement,0,108129,0,108129,0,54065,0,first,,,Partito Comunista,Partito Comunista,414,Italy,IT-PROV-008,official,Ministry-format municipality party-list rows preserved by the OnData mirror and aggregated to province. Compatible local turnout metadata is unavailable. Aosta Valley's separate direct seat and overseas constituencies are excluded.,0
Imperia,https://github.com/ondata/elezionipolitiche2018,,Five Star Movement,Five Star Movement,0,108129,0,108129,0,54065,0,first,,,Partito Valore Umano,Partito Valore Umano,355,Italy,IT-PROV-008,official,Ministry-format municipality party-list rows preserved by the OnData mirror and aggregated to province. Compatible local turnout metadata is unavailable. Aosta Valley's separate direct seat and overseas constituencies are excluded.,0
Imperia,https://github.com/ondata/elezionipolitiche2018,,Five Star Movement,Five Star Movement,0,108129,0,108129,0,54065,0,first,,,Civica Popolare Lorenzin,Civica Popolare Lorenzin,283,Italy,IT-PROV-008,official,Ministry-format municipality party-list rows preserved by the OnData mirror and aggregated to province. Compatible local turnout metadata is unavailable. Aosta Valley's separate direct seat and overseas constituencies are excluded.,0
Imperia,https://github.com/ondata/elezionipolitiche2018,,Five Star Movement,Five Star Movement,0,108129,0,108129,0,54065,0,first,,,10 Volte Meglio,10 Volte Meglio,238,Italy,IT-PROV-008,official,Ministry-format municipality party-list rows preserved by the OnData mirror and aggregated to province. Compatible local turnout metadata is unavailable. Aosta Valley's separate direct seat and overseas constituencies are excluded.,0
Imperia,https://github.com/ondata/elezionipolitiche2018,,Five Star Movement,Five Star Movement,0,108129,0,108129,0,54065,0,first,,,Per Una Sinistra Rivoluzionaria,Per Una Sinistra Rivoluzionaria,122,Italy,IT-PROV-008,official,Ministry-format municipality party-list rows preserved by the OnData mirror and aggregated to province. Compatible local turnout metadata is unavailable. Aosta Valley's separate direct seat and overseas constituencies are excluded.,0
Imperia,https://github.com/ondata/elezionipolitiche2018,,Five Star Movement,Five Star Movement,0,108129,0,108129,0,54065,0,first,,,Partito Repubblicano Italiano - Ala,Partito Repubblicano Italiano - Ala,91,Italy,IT-PROV-008,official,Ministry-format municipality party-list rows preserved by the OnData mirror and aggregated to province. Compatible local turnout metadata is unavailable. Aosta Valley's separate direct seat and overseas constituencies are excluded.,0
Savona,https://github.com/ondata/elezionipolitiche2018,,Five Star Movement,Five Star Movement,0,151923,0,151923,0,75962,0,first,,,Five Star Movement,Five Star Movement,43292,Italy,IT-PROV-009,official,Ministry-format municipality party-list rows preserved by the OnData mirror and aggregated to province. Compatible local turnout metadata is unavailable. Aosta Valley's separate direct seat and overseas constituencies are excluded.,0
Savona,https://github.com/ondata/elezionipolitiche2018,,Five Star Movement,Five Star Movement,0,151923,0,151923,0,75962,0,first,,,Lega,Lega,35496,Italy,IT-PROV-009,official,Ministry-format municipality party-list rows preserved by the OnData mirror and aggregated to province. Compatible local turnout metadata is unavailable. Aosta Valley's separate direct seat and overseas constituencies are excluded.,0
Savona,https://github.com/ondata/elezionipolitiche2018,,Five Star Movement,Five Star Movement,0,151923,0,151923,0,75962,0,first,,,Democratic Party,Democratic Party,28561,Italy,IT-PROV-009,official,Ministry-format municipality party-list rows preserved by the OnData mirror and aggregated to province. Compatible local turnout metadata is unavailable. Aosta Valley's separate direct seat and overseas constituencies are excluded.,0
Savona,https://github.com/ondata/elezionipolitiche2018,,Five Star Movement,Five Star Movement,0,151923,0,151923,0,75962,0,first,,,Forza Italia,Forza Italia,21425,Italy,IT-PROV-009,official,Ministry-format municipality party-list rows preserved by the OnData mirror and aggregated to province. Compatible local turnout metadata is unavailable. Aosta Valley's separate direct seat and overseas constituencies are excluded.,0
Savona,https://github.com/ondata/elezionipolitiche2018,,Five Star Movement,Five Star Movement,0,151923,0,151923,0,75962,0,first,,,Brothers of Italy,Brothers of Italy,5435,Italy,IT-PROV-009,official,Ministry-format municipality party-list rows preserved by the OnData mirror and aggregated to province. Compatible local turnout metadata is unavailable. Aosta Valley's separate direct seat and overseas constituencies are excluded.,0
Savona,https://github.com/ondata/elezionipolitiche2018,,Five Star Movement,Five Star Movement,0,151923,0,151923,0,75962,0,first,,,Free and Equal,Free and Equal,5030,Italy,IT-PROV-009,official,Ministry-format municipality party-list rows preserved by the OnData mirror and aggregated to province. Compatible local turnout metadata is unavailable. Aosta Valley's separate direct seat and overseas constituencies are excluded.,0
Savona,https://github.com/ondata/elezionipolitiche2018,,Five Star Movement,Five Star Movement,0,151923,0,151923,0,75962,0,first,,,More Europe,More Europe,4431,Italy,IT-PROV-009,official,Ministry-format municipality party-list rows preserved by the OnData mirror and aggregated to province. Compatible local turnout metadata is unavailable. Aosta Valley's separate direct seat and overseas constituencies are excluded.,0
Savona,https://github.com/ondata/elezionipolitiche2018,,Five Star Movement,Five Star Movement,0,151923,0,151923,0,75962,0,first,,,Power to the People,Power to the People,1736,Italy,IT-PROV-009,official,Ministry-format municipality party-list rows preserved by the OnData mirror and aggregated to province. Compatible local turnout metadata is unavailable. Aosta Valley's separate direct seat and overseas constituencies are excluded.,0
Savona,https://github.com/ondata/elezionipolitiche2018,,Five Star Movement,Five Star Movement,0,151923,0,151923,0,75962,0,first,,,Casapound Italia,Casapound Italia,1542,Italy,IT-PROV-009,official,Ministry-format municipality party-list rows preserved by the OnData mirror and aggregated to province. Compatible local turnout metadata is unavailable. Aosta Valley's separate direct seat and overseas constituencies are excluded.,0
Savona,https://github.com/ondata/elezionipolitiche2018,,Five Star Movement,Five Star Movement,0,151923,0,151923,0,75962,0,first,,,Us with Italy–UDC,Us with Italy–UDC,1050,Italy,IT-PROV-009,official,Ministry-format municipality party-list rows preserved by the OnData mirror and aggregated to province. Compatible local turnout metadata is unavailable. Aosta Valley's separate direct seat and overseas constituencies are excluded.,0
Savona,https://github.com/ondata/elezionipolitiche2018,,Five Star Movement,Five Star Movement,0,151923,0,151923,0,75962,0,first,,,Partito Comunista,Partito Comunista,880,Italy,IT-PROV-009,official,Ministry-format municipality party-list rows preserved by the OnData mirror and aggregated to province. Compatible local turnout metadata is unavailable. Aosta Valley's separate direct seat and overseas constituencies are excluded.,0
Savona,https://github.com/ondata/elezionipolitiche2018,,Five Star Movement,Five Star Movement,0,151923,0,151923,0,75962,0,first,,,Italia Europa Insieme,Italia Europa Insieme,755,Italy,IT-PROV-009,official,Ministry-format municipality party-list rows preserved by the OnData mirror and aggregated to province. Compatible local turnout metadata is unavailable. Aosta Valley's separate direct seat and overseas constituencies are excluded.,0
Savona,https://github.com/ondata/elezionipolitiche2018,,Five Star Movement,Five Star Movement,0,151923,0,151923,0,75962,0,first,,,Il Popolo Della Famiglia,Il Popolo Della Famiglia,674,Italy,IT-PROV-009,official,Ministry-format municipality party-list rows preserved by the OnData mirror and aggregated to province. Compatible local turnout metadata is unavailable. Aosta Valley's separate direct seat and overseas constituencies are excluded.,0
Savona,https://github.com/ondata/elezionipolitiche2018,,Five Star Movement,Five Star Movement,0,151923,0,151923,0,75962,0,first,,,Civica Popolare Lorenzin,Civica Popolare Lorenzin,433,Italy,IT-PROV-009,official,Ministry-format municipality party-list rows preserved by the OnData mirror and aggregated to province. Compatible local turnout metadata is unavailable. Aosta Valley's separate direct seat and overseas constituencies are excluded.,0
Savona,https://github.com/ondata/elezionipolitiche2018,,Five Star Movement,Five Star Movement,0,151923,0,151923,0,75962,0,first,,,Partito Valore Umano,Partito Valore Umano,362,Italy,IT-PROV-009,official,Ministry-format municipality party-list rows preserved by the OnData mirror and aggregated to province. Compatible local turnout metadata is unavailable. Aosta Valley's separate direct seat and overseas constituencies are excluded.,0
Savona,https://github.com/ondata/elezionipolitiche2018,,Five Star Movement,Five Star Movement,0,151923,0,151923,0,75962,0,first,,,Per Una Sinistra Rivoluzionaria,Per Una Sinistra Rivoluzionaria,362,Italy,IT-PROV-009,official,Ministry-format municipality party-list rows preserved by the OnData mirror and aggregated to province. Compatible local turnout metadata is unavailable. Aosta Valley's separate direct seat and overseas constituencies are excluded.,0
Savona,https://github.com/ondata/elezionipolitiche2018,,Five Star Movement,Five Star Movement,0,151923,0,151923,0,75962,0,first,,,10 Volte Meglio,10 Volte Meglio,334,Italy,IT-PROV-009,official,Ministry-format municipality party-list rows preserved by the OnData mirror and aggregated to province. Compatible local turnout metadata is unavailable. Aosta Valley's separate direct seat and overseas constituencies are excluded.,0
Savona,https://github.com/ondata/elezionipolitiche2018,,Five Star Movement,Five Star Movement,0,151923,0,151923,0,75962,0,first,,,Partito Repubblicano Italiano - Ala,Partito Repubblicano Italiano - Ala,125,Italy,IT-PROV-009,official,Ministry-format municipality party-list rows preserved by the OnData mirror and aggregated to province. Compatible local turnout metadata is unavailable. Aosta Valley's separate direct seat and overseas constituencies are excluded.,0
Genova,https://github.com/ondata/elezionipolitiche2018,,Five Star Movement,Five Star Movement,0,448486,0,448486,0,224244,0,first,,,Five Star Movement,Five Star Movement,136950,Italy,IT-PROV-010,official,Ministry-format municipality party-list rows preserved by the OnData mirror and aggregated to province. Compatible local turnout metadata is unavailable. Aosta Valley's separate direct seat and overseas constituencies are excluded.,0
Genova,https://github.com/ondata/elezionipolitiche2018,,Five Star Movement,Five Star Movement,0,448486,0,448486,0,224244,0,first,,,Democratic Party,Democratic Party,94586,Italy,IT-PROV-010,official,Ministry-format municipality party-list rows preserved by the OnData mirror and aggregated to province. Compatible local turnout metadata is unavailable. Aosta Valley's separate direct seat and overseas constituencies are excluded.,0
Genova,https://github.com/ondata/elezionipolitiche2018,,Five Star Movement,Five Star Movement,0,448486,0,448486,0,224244,0,first,,,Lega,Lega,82266,Italy,IT-PROV-010,official,Ministry-format municipality party-list rows preserved by the OnData mirror and aggregated to province. Compatible local turnout metadata is unavailable. Aosta Valley's separate direct seat and overseas constituencies are excluded.,0
Genova,https://github.com/ondata/elezionipolitiche2018,,Five Star Movement,Five Star Movement,0,448486,0,448486,0,224244,0,first,,,Forza Italia,Forza Italia,53027,Italy,IT-PROV-010,official,Ministry-format municipality party-list rows preserved by the OnData mirror and aggregated to province. Compatible local turnout metadata is unavailable. Aosta Valley's separate direct seat and overseas constituencies are excluded.,0
Genova,https://github.com/ondata/elezionipolitiche2018,,Five Star Movement,Five Star Movement,0,448486,0,448486,0,224244,0,first,,,Free and Equal,Free and Equal,22580,Italy,IT-PROV-010,official,Ministry-format municipality party-list rows preserved by the OnData mirror and aggregated to province. Compatible local turnout metadata is unavailable. Aosta Valley's separate direct seat and overseas constituencies are excluded.,0
Genova,https://github.com/ondata/elezionipolitiche2018,,Five Star Movement,Five Star Movement,0,448486,0,448486,0,224244,0,first,,,More Europe,More Europe,17281,Italy,IT-PROV-010,official,Ministry-format municipality party-list rows preserved by the OnData mirror and aggregated to province. Compatible local turnout metadata is unavailable. Aosta Valley's separate direct seat and overseas constituencies are excluded.,0
Genova,https://github.com/ondata/elezionipolitiche2018,,Five Star Movement,Five Star Movement,0,448486,0,448486,0,224244,0,first,,,Brothers of Italy,Brothers of Italy,16406,Italy,IT-PROV-010,official,Ministry-format municipality party-list rows preserved by the OnData mirror and aggregated to province. Compatible local turnout metadata is unavailable. Aosta Valley's separate direct seat and overseas constituencies are excluded.,0
Genova,https://github.com/ondata/elezionipolitiche2018,,Five Star Movement,Five Star Movement,0,448486,0,448486,0,224244,0,first,,,Power to the People,Power to the People,6046,Italy,IT-PROV-010,official,Ministry-format municipality party-list rows preserved by the OnData mirror and aggregated to province. Compatible local turnout metadata is unavailable. Aosta Valley's separate direct seat and overseas constituencies are excluded.,0
Genova,https://github.com/ondata/elezionipolitiche2018,,Five Star Movement,Five Star Movement,0,448486,0,448486,0,224244,0,first,,,Casapound Italia,Casapound Italia,3686,Italy,IT-PROV-010,official,Ministry-format municipality party-list rows preserved by the OnData mirror and aggregated to province. Compatible local turnout metadata is unavailable. Aosta Valley's separate direct seat and overseas constituencies are excluded.,0
Genova,https://github.com/ondata/elezionipolitiche2018,,Five Star Movement,Five Star Movement,0,448486,0,448486,0,224244,0,first,,,Us with Italy–UDC,Us with Italy–UDC,3256,Italy,IT-PROV-010,official,Ministry-format municipality party-list rows preserved by the OnData mirror and aggregated to province. Compatible local turnout metadata is unavailable. Aosta Valley's separate direct seat and overseas constituencies are excluded.,0
Genova,https://github.com/ondata/elezionipolitiche2018,,Five Star Movement,Five Star Movement,0,448486,0,448486,0,224244,0,first,,,Partito Comunista,Partito Comunista,2900,Italy,IT-PROV-010,official,Ministry-format municipality party-list rows preserved by the OnData mirror and aggregated to province. Compatible local turnout metadata is unavailable. Aosta Valley's separate direct seat and overseas constituencies are excluded.,0
Genova,https://github.com/ondata/elezionipolitiche2018,,Five Star Movement,Five Star Movement,0,448486,0,448486,0,224244,0,first,,,Italia Europa Insieme,Italia Europa Insieme,2883,Italy,IT-PROV-010,official,Ministry-format municipality party-list rows preserved by the OnData mirror and aggregated to province. Compatible local turnout metadata is unavailable. Aosta Valley's separate direct seat and overseas constituencies are excluded.,0
Genova,https://github.com/ondata/elezionipolitiche2018,,Five Star Movement,Five Star Movement,0,448486,0,448486,0,224244,0,first,,,Il Popolo Della Famiglia,Il Popolo Della Famiglia,1935,Italy,IT-PROV-010,official,Ministry-format municipality party-list rows preserved by the OnData mirror and aggregated to province. Compatible local turnout metadata is unavailable. Aosta Valley's separate direct seat and overseas constituencies are excluded.,0
Genova,https://github.com/ondata/elezionipolitiche2018,,Five Star Movement,Five Star Movement,0,448486,0,448486,0,224244,0,first,,,Civica Popolare Lorenzin,Civica Popolare Lorenzin,1755,Italy,IT-PROV-010,official,Ministry-format municipality party-list rows preserved by the OnData mirror and aggregated to province. Compatible local turnout metadata is unavailable. Aosta Valley's separate direct seat and overseas constituencies are excluded.,0
Genova,https://github.com/ondata/elezionipolitiche2018,,Five Star Movement,Five Star Movement,0,448486,0,448486,0,224244,0,first,,,Partito Valore Umano,Partito Valore Umano,1017,Italy,IT-PROV-010,official,Ministry-format municipality party-list rows preserved by the OnData mirror and aggregated to province. Compatible local turnout metadata is unavailable. Aosta Valley's separate direct seat and overseas constituencies are excluded.,0
Genova,https://github.com/ondata/elezionipolitiche2018,,Five Star Movement,Five Star Movement,0,448486,0,448486,0,224244,0,first,,,10 Volte Meglio,10 Volte Meglio,911,Italy,IT-PROV-010,official,Ministry-format municipality party-list rows preserved by the OnData mirror and aggregated to province. Compatible local turnout metadata is unavailable. Aosta Valley's separate direct seat and overseas constituencies are excluded.,0
Genova,https://github.com/ondata/elezionipolitiche2018,,Five Star Movement,Five Star Movement,0,448486,0,448486,0,224244,0,first,,,Per Una Sinistra Rivoluzionaria,Per Una Sinistra Rivoluzionaria,696,Italy,IT-PROV-010,official,Ministry-format municipality party-list rows preserved by the OnData mirror and aggregated to province. Compatible local turnout metadata is unavailable. Aosta Valley's separate direct seat and overseas constituencies are excluded.,0
Genova,https://github.com/ondata/elezionipolitiche2018,,Five Star Movement,Five Star Movement,0,448486,0,448486,0,224244,0,first,,,Partito Repubblicano Italiano - Ala,Partito Repubblicano Italiano - Ala,305,Italy,IT-PROV-010,official,Ministry-format municipality party-list rows preserved by the OnData mirror and aggregated to province. Compatible local turnout metadata is unavailable. Aosta Valley's separate direct seat and overseas constituencies are excluded.,0
La Spezia,https://github.com/ondata/elezionipolitiche2018,,Five Star Movement,Five Star Movement,0,120550,0,120550,0,60276,0,first,,,Five Star Movement,Five Star Movement,35833,Italy,IT-PROV-011,official,Ministry-format municipality party-list rows preserved by the OnData mirror and aggregated to province. Compatible local turnout metadata is unavailable. Aosta Valley's separate direct seat and overseas constituencies are excluded.,0
La Spezia,https://github.com/ondata/elezionipolitiche2018,,Five Star Movement,Five Star Movement,0,120550,0,120550,0,60276,0,first,,,Democratic Party,Democratic Party,24903,Italy,IT-PROV-011,official,Ministry-format municipality party-list rows preserved by the OnData mirror and aggregated to province. Compatible local turnout metadata is unavailable. Aosta Valley's separate direct seat and overseas constituencies are excluded.,0
La Spezia,https://github.com/ondata/elezionipolitiche2018,,Five Star Movement,Five Star Movement,0,120550,0,120550,0,60276,0,first,,,Lega,Lega,24269,Italy,IT-PROV-011,official,Ministry-format municipality party-list rows preserved by the OnData mirror and aggregated to province. Compatible local turnout metadata is unavailable. Aosta Valley's separate direct seat and overseas constituencies are excluded.,0
La Spezia,https://github.com/ondata/elezionipolitiche2018,,Five Star Movement,Five Star Movement,0,120550,0,120550,0,60276,0,first,,,Forza Italia,Forza Italia,13702,Italy,IT-PROV-011,official,Ministry-format municipality party-list rows preserved by the OnData mirror and aggregated to province. Compatible local turnout metadata is unavailable. Aosta Valley's separate direct seat and overseas constituencies are excluded.,0
La Spezia,https://github.com/ondata/elezionipolitiche2018,,Five Star Movement,Five Star Movement,0,120550,0,120550,0,60276,0,first,,,Free and Equal,Free and Equal,5033,Italy,IT-PROV-011,official,Ministry-format municipality party-list rows preserved by the OnData mirror and aggregated to province. Compatible local turnout metadata is unavailable. Aosta Valley's separate direct seat and overseas constituencies are excluded.,0
La Spezia,https://github.com/ondata/elezionipolitiche2018,,Five Star Movement,Five Star Movement,0,120550,0,120550,0,60276,0,first,,,Brothers of Italy,Brothers of Italy,4467,Italy,IT-PROV-011,official,Ministry-format municipality party-list rows preserved by the OnData mirror and aggregated to province. Compatible local turnout metadata is unavailable. Aosta Valley's separate direct seat and overseas constituencies are excluded.,0
La Spezia,https://github.com/ondata/elezionipolitiche2018,,Five Star Movement,Five Star Movement,0,120550,0,120550,0,60276,0,first,,,More Europe,More Europe,3495,Italy,IT-PROV-011,official,Ministry-format municipality party-list rows preserved by the OnData mirror and aggregated to province. Compatible local turnout metadata is unavailable. Aosta Valley's separate direct seat and overseas constituencies are excluded.,0
La Spezia,https://github.com/ondata/elezionipolitiche2018,,Five Star Movement,Five Star Movement,0,120550,0,120550,0,60276,0,first,,,Us with Italy–UDC,Us with Italy–UDC,2744,Italy,IT-PROV-011,official,Ministry-format municipality party-list rows preserved by the OnData mirror and aggregated to province. Compatible local turnout metadata is unavailable. Aosta Valley's separate direct seat and overseas constituencies are excluded.,0
La Spezia,https://github.com/ondata/elezionipolitiche2018,,Five Star Movement,Five Star Movement,0,120550,0,120550,0,60276,0,first,,,Power to the People,Power to the People,1844,Italy,IT-PROV-011,official,Ministry-format municipality party-list rows preserved by the OnData mirror and aggregated to province. Compatible local turnout metadata is unavailable. Aosta Valley's separate direct seat and overseas constituencies are excluded.,0
La Spezia,https://github.com/ondata/elezionipolitiche2018,,Five Star Movement,Five Star Movement,0,120550,0,120550,0,60276,0,first,,,Casapound Italia,Casapound Italia,1229,Italy,IT-PROV-011,official,Ministry-format municipality party-list rows preserved by the OnData mirror and aggregated to province. Compatible local turnout metadata is unavailable. Aosta Valley's separate direct seat and overseas constituencies are excluded.,0
La Spezia,https://github.com/ondata/elezionipolitiche2018,,Five Star Movement,Five Star Movement,0,120550,0,120550,0,60276,0,first,,,Italia Europa Insieme,Italia Europa Insieme,854,Italy,IT-PROV-011,official,Ministry-format municipality party-list rows preserved by the OnData mirror and aggregated to province. Compatible local turnout metadata is unavailable. Aosta Valley's separate direct seat and overseas constituencies are excluded.,0
La Spezia,https://github.com/ondata/elezionipolitiche2018,,Five Star Movement,Five Star Movement,0,120550,0,120550,0,60276,0,first,,,Partito Comunista,Partito Comunista,675,Italy,IT-PROV-011,official,Ministry-format municipality party-list rows preserved by the OnData mirror and aggregated to province. Compatible local turnout metadata is unavailable. Aosta Valley's separate direct seat and overseas constituencies are excluded.,0
La Spezia,https://github.com/ondata/elezionipolitiche2018,,Five Star Movement,Five Star Movement,0,120550,0,120550,0,60276,0,first,,,Il Popolo Della Famiglia,Il Popolo Della Famiglia,575,Italy,IT-PROV-011,official,Ministry-format municipality party-list rows preserved by the OnData mirror and aggregated to province. Compatible local turnout metadata is unavailable. Aosta Valley's separate direct seat and overseas constituencies are excluded.,0
La Spezia,https://github.com/ondata/elezionipolitiche2018,,Five Star Movement,Five Star Movement,0,120550,0,120550,0,60276,0,first,,,Civica Popolare Lorenzin,Civica Popolare Lorenzin,346,Italy,IT-PROV-011,official,Ministry-format municipality party-list rows preserved by the OnData mirror and aggregated to province. Compatible local turnout metadata is unavailable. Aosta Valley's separate direct seat and overseas constituencies are excluded.,0
La Spezia,https://github.com/ondata/elezionipolitiche2018,,Five Star Movement,Five Star Movement,0,120550,0,120550,0,60276,0,first,,,10 Volte Meglio,10 Volte Meglio,175,Italy,IT-PROV-011,official,Ministry-format municipality party-list rows preserved by the OnData mirror and aggregated to province. Compatible local turnout metadata is unavailable. Aosta Valley's separate direct seat and overseas constituencies are excluded.,0
La Spezia,https://github.com/ondata/elezionipolitiche2018,,Five Star Movement,Five Star Movement,0,120550,0,120550,0,60276,0,first,,,Per Una Sinistra Rivoluzionaria,Per Una Sinistra Rivoluzionaria,153,Italy,IT-PROV-011,official,Ministry-format municipality party-list rows preserved by the OnData mirror and aggregated to province. Compatible local turnout metadata is unavailable. Aosta Valley's separate direct seat and overseas constituencies are excluded.,0
La Spezia,https://github.com/ondata/elezionipolitiche2018,,Five Star Movement,Five Star Movement,0,120550,0,120550,0,60276,0,first,,,Partito Valore Umano,Partito Valore Umano,148,Italy,IT-PROV-011,official,Ministry-format municipality party-list rows preserved by the OnData mirror and aggregated to province. Compatible local turnout metadata is unavailable. Aosta Valley's separate direct seat and overseas constituencies are excluded.,0
La Spezia,https://github.com/ondata/elezionipolitiche2018,,Five Star Movement,Five Star Movement,0,120550,0,120550,0,60276,0,first,,,Partito Repubblicano Italiano - Ala,Partito Repubblicano Italiano - Ala,105,Italy,IT-PROV-011,official,Ministry-format municipality party-list rows preserved by the OnData mirror and aggregated to province. Compatible local turnout metadata is unavailable. Aosta Valley's separate direct seat and overseas constituencies are excluded.,0
Varese,https://github.com/ondata/elezionipolitiche2018,,Lega,Lega,0,489289,0,489289,0,244645,0,first,,,Lega,Lega,145919,Italy,IT-PROV-012,official,Ministry-format municipality party-list rows preserved by the OnData mirror and aggregated to province. Compatible local turnout metadata is unavailable. Aosta Valley's separate direct seat and overseas constituencies are excluded.,0
Varese,https://github.com/ondata/elezionipolitiche2018,,Lega,Lega,0,489289,0,489289,0,244645,0,first,,,Five Star Movement,Five Star Movement,110266,Italy,IT-PROV-012,official,Ministry-format municipality party-list rows preserved by the OnData mirror and aggregated to province. Compatible local turnout metadata is unavailable. Aosta Valley's separate direct seat and overseas constituencies are excluded.,0
Varese,https://github.com/ondata/elezionipolitiche2018,,Lega,Lega,0,489289,0,489289,0,244645,0,first,,,Democratic Party,Democratic Party,92426,Italy,IT-PROV-012,official,Ministry-format municipality party-list rows preserved by the OnData mirror and aggregated to province. Compatible local turnout metadata is unavailable. Aosta Valley's separate direct seat and overseas constituencies are excluded.,0
Varese,https://github.com/ondata/elezionipolitiche2018,,Lega,Lega,0,489289,0,489289,0,244645,0,first,,,Forza Italia,Forza Italia,69823,Italy,IT-PROV-012,official,Ministry-format municipality party-list rows preserved by the OnData mirror and aggregated to province. Compatible local turnout metadata is unavailable. Aosta Valley's separate direct seat and overseas constituencies are excluded.,0
Varese,https://github.com/ondata/elezionipolitiche2018,,Lega,Lega,0,489289,0,489289,0,244645,0,first,,,Brothers of Italy,Brothers of Italy,18903,Italy,IT-PROV-012,official,Ministry-format municipality party-list rows preserved by the OnData mirror and aggregated to province. Compatible local turnout metadata is unavailable. Aosta Valley's separate direct seat and overseas constituencies are excluded.,0
Varese,https://github.com/ondata/elezionipolitiche2018,,Lega,Lega,0,489289,0,489289,0,244645,0,first,,,More Europe,More Europe,13804,Italy,IT-PROV-012,official,Ministry-format municipality party-list rows preserved by the OnData mirror and aggregated to province. Compatible local turnout metadata is unavailable. Aosta Valley's separate direct seat and overseas constituencies are excluded.,0
Varese,https://github.com/ondata/elezionipolitiche2018,,Lega,Lega,0,489289,0,489289,0,244645,0,first,,,Free and Equal,Free and Equal,10967,Italy,IT-PROV-012,official,Ministry-format municipality party-list rows preserved by the OnData mirror and aggregated to province. Compatible local turnout metadata is unavailable. Aosta Valley's separate direct seat and overseas constituencies are excluded.,0
Varese,https://github.com/ondata/elezionipolitiche2018,,Lega,Lega,0,489289,0,489289,0,244645,0,first,,,Us with Italy–UDC,Us with Italy–UDC,6077,Italy,IT-PROV-012,official,Ministry-format municipality party-list rows preserved by the OnData mirror and aggregated to province. Compatible local turnout metadata is unavailable. Aosta Valley's separate direct seat and overseas constituencies are excluded.,0
Varese,https://github.com/ondata/elezionipolitiche2018,,Lega,Lega,0,489289,0,489289,0,244645,0,first,,,Casapound Italia,Casapound Italia,5764,Italy,IT-PROV-012,official,Ministry-format municipality party-list rows preserved by the OnData mirror and aggregated to province. Compatible local turnout metadata is unavailable. Aosta Valley's separate direct seat and overseas constituencies are excluded.,0
Varese,https://github.com/ondata/elezionipolitiche2018,,Lega,Lega,0,489289,0,489289,0,244645,0,first,,,Il Popolo Della Famiglia,Il Popolo Della Famiglia,3691,Italy,IT-PROV-012,official,Ministry-format municipality party-list rows preserved by the OnData mirror and aggregated to province. Compatible local turnout metadata is unavailable. Aosta Valley's separate direct seat and overseas constituencies are excluded.,0
Varese,https://github.com/ondata/elezionipolitiche2018,,Lega,Lega,0,489289,0,489289,0,244645,0,first,,,Power to the People,Power to the People,2552,Italy,IT-PROV-012,official,Ministry-format municipality party-list rows preserved by the OnData mirror and aggregated to province. Compatible local turnout metadata is unavailable. Aosta Valley's separate direct seat and overseas constituencies are excluded.,0
Varese,https://github.com/ondata/elezionipolitiche2018,,Lega,Lega,0,489289,0,489289,0,244645,0,first,,,Italia Europa Insieme,Italia Europa Insieme,1942,Italy,IT-PROV-012,official,Ministry-format municipality party-list rows preserved by the OnData mirror and aggregated to province. Compatible local turnout metadata is unavailable. Aosta Valley's separate direct seat and overseas constituencies are excluded.,0
Varese,https://github.com/ondata/elezionipolitiche2018,,Lega,Lega,0,489289,0,489289,0,244645,0,first,,,Grande Nord,Grande Nord,1894,Italy,IT-PROV-012,official,Ministry-format municipality party-list rows preserved by the OnData mirror and aggregated to province. Compatible local turnout metadata is unavailable. Aosta Valley's separate direct seat and overseas constituencies are excluded.,0
Varese,https://github.com/ondata/elezionipolitiche2018,,Lega,Lega,0,489289,0,489289,0,244645,0,first,,,Civica Popolare Lorenzin,Civica Popolare Lorenzin,1654,Italy,IT-PROV-012,official,Ministry-format municipality party-list rows preserved by the OnData mirror and aggregated to province. Compatible local turnout metadata is unavailable. Aosta Valley's separate direct seat and overseas constituencies are excluded.,0
Varese,https://github.com/ondata/elezionipolitiche2018,,Lega,Lega,0,489289,0,489289,0,244645,0,first,,,Per Una Sinistra Rivoluzionaria,Per Una Sinistra Rivoluzionaria,1074,Italy,IT-PROV-012,official,Ministry-format municipality party-list rows preserved by the OnData mirror and aggregated to province. Compatible local turnout metadata is unavailable. Aosta Valley's separate direct seat and overseas constituencies are excluded.,0
Varese,https://github.com/ondata/elezionipolitiche2018,,Lega,Lega,0,489289,0,489289,0,244645,0,first,,,10 Volte Meglio,10 Volte Meglio,1044,Italy,IT-PROV-012,official,Ministry-format municipality party-list rows preserved by the OnData mirror and aggregated to province. Compatible local turnout metadata is unavailable. Aosta Valley's separate direct seat and overseas constituencies are excluded.,0
Varese,https://github.com/ondata/elezionipolitiche2018,,Lega,Lega,0,489289,0,489289,0,244645,0,first,,,Partito Valore Umano,Partito Valore Umano,832,Italy,IT-PROV-012,official,Ministry-format municipality party-list rows preserved by the OnData mirror and aggregated to province. Compatible local turnout metadata is unavailable. Aosta Valley's separate direct seat and overseas constituencies are excluded.,0
Varese,https://github.com/ondata/elezionipolitiche2018,,Lega,Lega,0,489289,0,489289,0,244645,0,first,,,Blocco Nazionale Per Le Liberta',Blocco Nazionale Per Le Liberta',331,Italy,IT-PROV-012,official,Ministry-format municipality party-list rows preserved by the OnData mirror and aggregated to province. Compatible local turnout metadata is unavailable. Aosta Valley's separate direct seat and overseas constituencies are excluded.,0
Varese,https://github.com/ondata/elezionipolitiche2018,,Lega,Lega,0,489289,0,489289,0,244645,0,first,,,Partito Repubblicano Italiano - Ala,Partito Repubblicano Italiano - Ala,326,Italy,IT-PROV-012,official,Ministry-format municipality party-list rows preserved by the OnData mirror and aggregated to province. Compatible local turnout metadata is unavailable. Aosta Valley's separate direct seat and overseas constituencies are excluded.,0
Como,https://github.com/ondata/elezionipolitiche2018,,Lega,Lega,0,334121,0,334121,0,167061,0,first,,,Lega,Lega,107382,Italy,IT-PROV-013,official,Ministry-format municipality party-list rows preserved by the OnData mirror and aggregated to province. Compatible local turnout metadata is unavailable. Aosta Valley's separate direct seat and overseas constituencies are excluded.,0
Como,https://github.com/ondata/elezionipolitiche2018,,Lega,Lega,0,334121,0,334121,0,167061,0,first,,,Five Star Movement,Five Star Movement,66319,Italy,IT-PROV-013,official,Ministry-format municipality party-list rows preserved by the OnData mirror and aggregated to province. Compatible local turnout metadata is unavailable. Aosta Valley's separate direct seat and overseas constituencies are excluded.,0
Como,https://github.com/ondata/elezionipolitiche2018,,Lega,Lega,0,334121,0,334121,0,167061,0,first,,,Democratic Party,Democratic Party,60725,Italy,IT-PROV-013,official,Ministry-format municipality party-list rows preserved by the OnData mirror and aggregated to province. Compatible local turnout metadata is unavailable. Aosta Valley's separate direct seat and overseas constituencies are excluded.,0
Como,https://github.com/ondata/elezionipolitiche2018,,Lega,Lega,0,334121,0,334121,0,167061,0,first,,,Forza Italia,Forza Italia,49617,Italy,IT-PROV-013,official,Ministry-format municipality party-list rows preserved by the OnData mirror and aggregated to province. Compatible local turnout metadata is unavailable. Aosta Valley's separate direct seat and overseas constituencies are excluded.,0
Como,https://github.com/ondata/elezionipolitiche2018,,Lega,Lega,0,334121,0,334121,0,167061,0,first,,,Brothers of Italy,Brothers of Italy,14676,Italy,IT-PROV-013,official,Ministry-format municipality party-list rows preserved by the OnData mirror and aggregated to province. Compatible local turnout metadata is unavailable. Aosta Valley's separate direct seat and overseas constituencies are excluded.,0
Como,https://github.com/ondata/elezionipolitiche2018,,Lega,Lega,0,334121,0,334121,0,167061,0,first,,,More Europe,More Europe,9401,Italy,IT-PROV-013,official,Ministry-format municipality party-list rows preserved by the OnData mirror and aggregated to province. Compatible local turnout metadata is unavailable. Aosta Valley's separate direct seat and overseas constituencies are excluded.,0
Como,https://github.com/ondata/elezionipolitiche2018,,Lega,Lega,0,334121,0,334121,0,167061,0,first,,,Free and Equal,Free and Equal,6988,Italy,IT-PROV-013,official,Ministry-format municipality party-list rows preserved by the OnData mirror and aggregated to province. Compatible local turnout metadata is unavailable. Aosta Valley's separate direct seat and overseas constituencies are excluded.,0
Como,https://github.com/ondata/elezionipolitiche2018,,Lega,Lega,0,334121,0,334121,0,167061,0,first,,,Casapound Italia,Casapound Italia,3099,Italy,IT-PROV-013,official,Ministry-format municipality party-list rows preserved by the OnData mirror and aggregated to province. Compatible local turnout metadata is unavailable. Aosta Valley's separate direct seat and overseas constituencies are excluded.,0
Como,https://github.com/ondata/elezionipolitiche2018,,Lega,Lega,0,334121,0,334121,0,167061,0,first,,,Us with Italy–UDC,Us with Italy–UDC,2999,Italy,IT-PROV-013,official,Ministry-format municipality party-list rows preserved by the OnData mirror and aggregated to province. Compatible local turnout metadata is unavailable. Aosta Valley's separate direct seat and overseas constituencies are excluded.,0
Como,https://github.com/ondata/elezionipolitiche2018,,Lega,Lega,0,334121,0,334121,0,167061,0,first,,,Italia Europa Insieme,Italia Europa Insieme,2196,Italy,IT-PROV-013,official,Ministry-format municipality party-list rows preserved by the OnData mirror and aggregated to province. Compatible local turnout metadata is unavailable. Aosta Valley's separate direct seat and overseas constituencies are excluded.,0
Como,https://github.com/ondata/elezionipolitiche2018,,Lega,Lega,0,334121,0,334121,0,167061,0,first,,,Italia Agli Italiani,Italia Agli Italiani,2147,Italy,IT-PROV-013,official,Ministry-format municipality party-list rows preserved by the OnData mirror and aggregated to province. Compatible local turnout metadata is unavailable. Aosta Valley's separate direct seat and overseas constituencies are excluded.,0
Como,https://github.com/ondata/elezionipolitiche2018,,Lega,Lega,0,334121,0,334121,0,167061,0,first,,,Il Popolo Della Famiglia,Il Popolo Della Famiglia,1914,Italy,IT-PROV-013,official,Ministry-format municipality party-list rows preserved by the OnData mirror and aggregated to province. Compatible local turnout metadata is unavailable. Aosta Valley's separate direct seat and overseas constituencies are excluded.,0
Como,https://github.com/ondata/elezionipolitiche2018,,Lega,Lega,0,334121,0,334121,0,167061,0,first,,,Power to the People,Power to the People,1796,Italy,IT-PROV-013,official,Ministry-format municipality party-list rows preserved by the OnData mirror and aggregated to province. Compatible local turnout metadata is unavailable. Aosta Valley's separate direct seat and overseas constituencies are excluded.,0
Como,https://github.com/ondata/elezionipolitiche2018,,Lega,Lega,0,334121,0,334121,0,167061,0,first,,,Grande Nord,Grande Nord,1421,Italy,IT-PROV-013,official,Ministry-format municipality party-list rows preserved by the OnData mirror and aggregated to province. Compatible local turnout metadata is unavailable. Aosta Valley's separate direct seat and overseas constituencies are excluded.,0
Como,https://github.com/ondata/elezionipolitiche2018,,Lega,Lega,0,334121,0,334121,0,167061,0,first,,,Civica Popolare Lorenzin,Civica Popolare Lorenzin,991,Italy,IT-PROV-013,official,Ministry-format municipality party-list rows preserved by the OnData mirror and aggregated to province. Compatible local turnout metadata is unavailable. Aosta Valley's separate direct seat and overseas constituencies are excluded.,0
Como,https://github.com/ondata/elezionipolitiche2018,,Lega,Lega,0,334121,0,334121,0,167061,0,first,,,10 Volte Meglio,10 Volte Meglio,919,Italy,IT-PROV-013,official,Ministry-format municipality party-list rows preserved by the OnData mirror and aggregated to province. Compatible local turnout metadata is unavailable. Aosta Valley's separate direct seat and overseas constituencies are excluded.,0
Como,https://github.com/ondata/elezionipolitiche2018,,Lega,Lega,0,334121,0,334121,0,167061,0,first,,,Partito Valore Umano,Partito Valore Umano,593,Italy,IT-PROV-013,official,Ministry-format municipality party-list rows preserved by the OnData mirror and aggregated to province. Compatible local turnout metadata is unavailable. Aosta Valley's separate direct seat and overseas constituencies are excluded.,0
Como,https://github.com/ondata/elezionipolitiche2018,,Lega,Lega,0,334121,0,334121,0,167061,0,first,,,Per Una Sinistra Rivoluzionaria,Per Una Sinistra Rivoluzionaria,581,Italy,IT-PROV-013,official,Ministry-format municipality party-list rows preserved by the OnData mirror and aggregated to province. Compatible local turnout metadata is unavailable. Aosta Valley's separate direct seat and overseas constituencies are excluded.,0
Como,https://github.com/ondata/elezionipolitiche2018,,Lega,Lega,0,334121,0,334121,0,167061,0,first,,,Partito Repubblicano Italiano - Ala,Partito Repubblicano Italiano - Ala,186,Italy,IT-PROV-013,official,Ministry-format municipality party-list rows preserved by the OnData mirror and aggregated to province. Compatible local turnout metadata is unavailable. Aosta Valley's separate direct seat and overseas constituencies are excluded.,0
Como,https://github.com/ondata/elezionipolitiche2018,,Lega,Lega,0,334121,0,334121,0,167061,0,first,,,Blocco Nazionale Per Le Liberta',Blocco Nazionale Per Le Liberta',171,Italy,IT-PROV-013,official,Ministry-format municipality party-list rows preserved by the OnData mirror and aggregated to province. Compatible local turnout metadata is unavailable. Aosta Valley's separate direct seat and overseas constituencies are excluded.,0
Sondrio,https://github.com/ondata/elezionipolitiche2018,,Lega,Lega,0,101594,0,101594,0,50798,0,first,,,Lega,Lega,41117,Italy,IT-PROV-014,official,Ministry-format municipality party-list rows preserved by the OnData mirror and aggregated to province. Compatible local turnout metadata is unavailable. Aosta Valley's separate direct seat and overseas constituencies are excluded.,0
Sondrio,https://github.com/ondata/elezionipolitiche2018,,Lega,Lega,0,101594,0,101594,0,50798,0,first,,,Democratic Party,Democratic Party,16533,Italy,IT-PROV-014,official,Ministry-format municipality party-list rows preserved by the OnData mirror and aggregated to province. Compatible local turnout metadata is unavailable. Aosta Valley's separate direct seat and overseas constituencies are excluded.,0
Sondrio,https://github.com/ondata/elezionipolitiche2018,,Lega,Lega,0,101594,0,101594,0,50798,0,first,,,Five Star Movement,Five Star Movement,16283,Italy,IT-PROV-014,official,Ministry-format municipality party-list rows preserved by the OnData mirror and aggregated to province. Compatible local turnout metadata is unavailable. Aosta Valley's separate direct seat and overseas constituencies are excluded.,0
Sondrio,https://github.com/ondata/elezionipolitiche2018,,Lega,Lega,0,101594,0,101594,0,50798,0,first,,,Forza Italia,Forza Italia,13496,Italy,IT-PROV-014,official,Ministry-format municipality party-list rows preserved by the OnData mirror and aggregated to province. Compatible local turnout metadata is unavailable. Aosta Valley's separate direct seat and overseas constituencies are excluded.,0
Sondrio,https://github.com/ondata/elezionipolitiche2018,,Lega,Lega,0,101594,0,101594,0,50798,0,first,,,Brothers of Italy,Brothers of Italy,3606,Italy,IT-PROV-014,official,Ministry-format municipality party-list rows preserved by the OnData mirror and aggregated to province. Compatible local turnout metadata is unavailable. Aosta Valley's separate direct seat and overseas constituencies are excluded.,0
Sondrio,https://github.com/ondata/elezionipolitiche2018,,Lega,Lega,0,101594,0,101594,0,50798,0,first,,,More Europe,More Europe,2692,Italy,IT-PROV-014,official,Ministry-format municipality party-list rows preserved by the OnData mirror and aggregated to province. Compatible local turnout metadata is unavailable. Aosta Valley's separate direct seat and overseas constituencies are excluded.,0
Sondrio,https://github.com/ondata/elezionipolitiche2018,,Lega,Lega,0,101594,0,101594,0,50798,0,first,,,Free and Equal,Free and Equal,2360,Italy,IT-PROV-014,official,Ministry-format municipality party-list rows preserved by the OnData mirror and aggregated to province. Compatible local turnout metadata is unavailable. Aosta Valley's separate direct seat and overseas constituencies are excluded.,0
Sondrio,https://github.com/ondata/elezionipolitiche2018,,Lega,Lega,0,101594,0,101594,0,50798,0,first,,,Il Popolo Della Famiglia,Il Popolo Della Famiglia,1175,Italy,IT-PROV-014,official,Ministry-format municipality party-list rows preserved by the OnData mirror and aggregated to province. Compatible local turnout metadata is unavailable. Aosta Valley's separate direct seat and overseas constituencies are excluded.,0
Sondrio,https://github.com/ondata/elezionipolitiche2018,,Lega,Lega,0,101594,0,101594,0,50798,0,first,,,Italia Agli Italiani,Italia Agli Italiani,859,Italy,IT-PROV-014,official,Ministry-format municipality party-list rows preserved by the OnData mirror and aggregated to province. Compatible local turnout metadata is unavailable. Aosta Valley's separate direct seat and overseas constituencies are excluded.,0
Sondrio,https://github.com/ondata/elezionipolitiche2018,,Lega,Lega,0,101594,0,101594,0,50798,0,first,,,Us with Italy–UDC,Us with Italy–UDC,805,Italy,IT-PROV-014,official,Ministry-format municipality party-list rows preserved by the OnData mirror and aggregated to province. Compatible local turnout metadata is unavailable. Aosta Valley's separate direct seat and overseas constituencies are excluded.,0
Sondrio,https://github.com/ondata/elezionipolitiche2018,,Lega,Lega,0,101594,0,101594,0,50798,0,first,,,Casapound Italia,Casapound Italia,707,Italy,IT-PROV-014,official,Ministry-format municipality party-list rows preserved by the OnData mirror and aggregated to province. Compatible local turnout metadata is unavailable. Aosta Valley's separate direct seat and overseas constituencies are excluded.,0
Sondrio,https://github.com/ondata/elezionipolitiche2018,,Lega,Lega,0,101594,0,101594,0,50798,0,first,,,Power to the People,Power to the People,505,Italy,IT-PROV-014,official,Ministry-format municipality party-list rows preserved by the OnData mirror and aggregated to province. Compatible local turnout metadata is unavailable. Aosta Valley's separate direct seat and overseas constituencies are excluded.,0
Sondrio,https://github.com/ondata/elezionipolitiche2018,,Lega,Lega,0,101594,0,101594,0,50798,0,first,,,Italia Europa Insieme,Italia Europa Insieme,287,Italy,IT-PROV-014,official,Ministry-format municipality party-list rows preserved by the OnData mirror and aggregated to province. Compatible local turnout metadata is unavailable. Aosta Valley's separate direct seat and overseas constituencies are excluded.,0
Sondrio,https://github.com/ondata/elezionipolitiche2018,,Lega,Lega,0,101594,0,101594,0,50798,0,first,,,Grande Nord,Grande Nord,273,Italy,IT-PROV-014,official,Ministry-format municipality party-list rows preserved by the OnData mirror and aggregated to province. Compatible local turnout metadata is unavailable. Aosta Valley's separate direct seat and overseas constituencies are excluded.,0
Sondrio,https://github.com/ondata/elezionipolitiche2018,,Lega,Lega,0,101594,0,101594,0,50798,0,first,,,Civica Popolare Lorenzin,Civica Popolare Lorenzin,272,Italy,IT-PROV-014,official,Ministry-format municipality party-list rows preserved by the OnData mirror and aggregated to province. Compatible local turnout metadata is unavailable. Aosta Valley's separate direct seat and overseas constituencies are excluded.,0
Sondrio,https://github.com/ondata/elezionipolitiche2018,,Lega,Lega,0,101594,0,101594,0,50798,0,first,,,Partito Valore Umano,Partito Valore Umano,195,Italy,IT-PROV-014,official,Ministry-format municipality party-list rows preserved by the OnData mirror and aggregated to province. Compatible local turnout metadata is unavailable. Aosta Valley's separate direct seat and overseas constituencies are excluded.,0
Sondrio,https://github.com/ondata/elezionipolitiche2018,,Lega,Lega,0,101594,0,101594,0,50798,0,first,,,Per Una Sinistra Rivoluzionaria,Per Una Sinistra Rivoluzionaria,180,Italy,IT-PROV-014,official,Ministry-format municipality party-list rows preserved by the OnData mirror and aggregated to province. Compatible local turnout metadata is unavailable. Aosta Valley's separate direct seat and overseas constituencies are excluded.,0
Sondrio,https://github.com/ondata/elezionipolitiche2018,,Lega,Lega,0,101594,0,101594,0,50798,0,first,,,10 Volte Meglio,10 Volte Meglio,157,Italy,IT-PROV-014,official,Ministry-format municipality party-list rows preserved by the OnData mirror and aggregated to province. Compatible local turnout metadata is unavailable. Aosta Valley's separate direct seat and overseas constituencies are excluded.,0
Sondrio,https://github.com/ondata/elezionipolitiche2018,,Lega,Lega,0,101594,0,101594,0,50798,0,first,,,Partito Repubblicano Italiano - Ala,Partito Repubblicano Italiano - Ala,48,Italy,IT-PROV-014,official,Ministry-format municipality party-list rows preserved by the OnData mirror and aggregated to province. Compatible local turnout metadata is unavailable. Aosta Valley's separate direct seat and overseas constituencies are excluded.,0
Sondrio,https://github.com/ondata/elezionipolitiche2018,,Lega,Lega,0,101594,0,101594,0,50798,0,first,,,Blocco Nazionale Per Le Liberta',Blocco Nazionale Per Le Liberta',44,Italy,IT-PROV-014,official,Ministry-format municipality party-list rows preserved by the OnData mirror and aggregated to province. Compatible local turnout metadata is unavailable. Aosta Valley's separate direct seat and overseas constituencies are excluded.,0
Milano,https://github.com/ondata/elezionipolitiche2018,,Democratic Party,Democratic Party,0,1667756,0,1667756,0,833879,0,first,,,Democratic Party,Democratic Party,394915,Italy,IT-PROV-015,official,Ministry-format municipality party-list rows preserved by the OnData mirror and aggregated to province. Compatible local turnout metadata is unavailable. Aosta Valley's separate direct seat and overseas constituencies are excluded.,0
Milano,https://github.com/ondata/elezionipolitiche2018,,Democratic Party,Democratic Party,0,1667756,0,1667756,0,833879,0,first,,,Five Star Movement,Five Star Movement,384535,Italy,IT-PROV-015,official,Ministry-format municipality party-list rows preserved by the OnData mirror and aggregated to province. Compatible local turnout metadata is unavailable. Aosta Valley's separate direct seat and overseas constituencies are excluded.,0
Milano,https://github.com/ondata/elezionipolitiche2018,,Democratic Party,Democratic Party,0,1667756,0,1667756,0,833879,0,first,,,Lega,Lega,351714,Italy,IT-PROV-015,official,Ministry-format municipality party-list rows preserved by the OnData mirror and aggregated to province. Compatible local turnout metadata is unavailable. Aosta Valley's separate direct seat and overseas constituencies are excluded.,0
Milano,https://github.com/ondata/elezionipolitiche2018,,Democratic Party,Democratic Party,0,1667756,0,1667756,0,833879,0,first,,,Forza Italia,Forza Italia,239667,Italy,IT-PROV-015,official,Ministry-format municipality party-list rows preserved by the OnData mirror and aggregated to province. Compatible local turnout metadata is unavailable. Aosta Valley's separate direct seat and overseas constituencies are excluded.,0
Milano,https://github.com/ondata/elezionipolitiche2018,,Democratic Party,Democratic Party,0,1667756,0,1667756,0,833879,0,first,,,More Europe,More Europe,83520,Italy,IT-PROV-015,official,Ministry-format municipality party-list rows preserved by the OnData mirror and aggregated to province. Compatible local turnout metadata is unavailable. Aosta Valley's separate direct seat and overseas constituencies are excluded.,0
Milano,https://github.com/ondata/elezionipolitiche2018,,Democratic Party,Democratic Party,0,1667756,0,1667756,0,833879,0,first,,,Brothers of Italy,Brothers of Italy,68256,Italy,IT-PROV-015,official,Ministry-format municipality party-list rows preserved by the OnData mirror and aggregated to province. Compatible local turnout metadata is unavailable. Aosta Valley's separate direct seat and overseas constituencies are excluded.,0
Milano,https://github.com/ondata/elezionipolitiche2018,,Democratic Party,Democratic Party,0,1667756,0,1667756,0,833879,0,first,,,Free and Equal,Free and Equal,59470,Italy,IT-PROV-015,official,Ministry-format municipality party-list rows preserved by the OnData mirror and aggregated to province. Compatible local turnout metadata is unavailable. Aosta Valley's separate direct seat and overseas constituencies are excluded.,0
Milano,https://github.com/ondata/elezionipolitiche2018,,Democratic Party,Democratic Party,0,1667756,0,1667756,0,833879,0,first,,,Power to the People,Power to the People,18573,Italy,IT-PROV-015,official,Ministry-format municipality party-list rows preserved by the OnData mirror and aggregated to province. Compatible local turnout metadata is unavailable. Aosta Valley's separate direct seat and overseas constituencies are excluded.,0
Milano,https://github.com/ondata/elezionipolitiche2018,,Democratic Party,Democratic Party,0,1667756,0,1667756,0,833879,0,first,,,Us with Italy–UDC,Us with Italy–UDC,17243,Italy,IT-PROV-015,official,Ministry-format municipality party-list rows preserved by the OnData mirror and aggregated to province. Compatible local turnout metadata is unavailable. Aosta Valley's separate direct seat and overseas constituencies are excluded.,0
Milano,https://github.com/ondata/elezionipolitiche2018,,Democratic Party,Democratic Party,0,1667756,0,1667756,0,833879,0,first,,,Casapound Italia,Casapound Italia,14145,Italy,IT-PROV-015,official,Ministry-format municipality party-list rows preserved by the OnData mirror and aggregated to province. Compatible local turnout metadata is unavailable. Aosta Valley's separate direct seat and overseas constituencies are excluded.,0
Milano,https://github.com/ondata/elezionipolitiche2018,,Democratic Party,Democratic Party,0,1667756,0,1667756,0,833879,0,first,,,Italia Europa Insieme,Italia Europa Insieme,11026,Italy,IT-PROV-015,official,Ministry-format municipality party-list rows preserved by the OnData mirror and aggregated to province. Compatible local turnout metadata is unavailable. Aosta Valley's separate direct seat and overseas constituencies are excluded.,0
Milano,https://github.com/ondata/elezionipolitiche2018,,Democratic Party,Democratic Party,0,1667756,0,1667756,0,833879,0,first,,,Civica Popolare Lorenzin,Civica Popolare Lorenzin,6446,Italy,IT-PROV-015,official,Ministry-format municipality party-list rows preserved by the OnData mirror and aggregated to province. Compatible local turnout metadata is unavailable. Aosta Valley's separate direct seat and overseas constituencies are excluded.,0
Milano,https://github.com/ondata/elezionipolitiche2018,,Democratic Party,Democratic Party,0,1667756,0,1667756,0,833879,0,first,,,Il Popolo Della Famiglia,Il Popolo Della Famiglia,6246,Italy,IT-PROV-015,official,Ministry-format municipality party-list rows preserved by the OnData mirror and aggregated to province. Compatible local turnout metadata is unavailable. Aosta Valley's separate direct seat and overseas constituencies are excluded.,0
Milano,https://github.com/ondata/elezionipolitiche2018,,Democratic Party,Democratic Party,0,1667756,0,1667756,0,833879,0,first,,,10 Volte Meglio,10 Volte Meglio,4610,Italy,IT-PROV-015,official,Ministry-format municipality party-list rows preserved by the OnData mirror and aggregated to province. Compatible local turnout metadata is unavailable. Aosta Valley's separate direct seat and overseas constituencies are excluded.,0
Milano,https://github.com/ondata/elezionipolitiche2018,,Democratic Party,Democratic Party,0,1667756,0,1667756,0,833879,0,first,,,Italia Agli Italiani,Italia Agli Italiani,3168,Italy,IT-PROV-015,official,Ministry-format municipality party-list rows preserved by the OnData mirror and aggregated to province. Compatible local turnout metadata is unavailable. Aosta Valley's separate direct seat and overseas constituencies are excluded.,0
Milano,https://github.com/ondata/elezionipolitiche2018,,Democratic Party,Democratic Party,0,1667756,0,1667756,0,833879,0,first,,,Per Una Sinistra Rivoluzionaria,Per Una Sinistra Rivoluzionaria,2764,Italy,IT-PROV-015,official,Ministry-format municipality party-list rows preserved by the OnData mirror and aggregated to province. Compatible local turnout metadata is unavailable. Aosta Valley's separate direct seat and overseas constituencies are excluded.,0
Milano,https://github.com/ondata/elezionipolitiche2018,,Democratic Party,Democratic Party,0,1667756,0,1667756,0,833879,0,first,,,Partito Repubblicano Italiano - Ala,Partito Repubblicano Italiano - Ala,1458,Italy,IT-PROV-015,official,Ministry-format municipality party-list rows preserved by the OnData mirror and aggregated to province. Compatible local turnout metadata is unavailable. Aosta Valley's separate direct seat and overseas constituencies are excluded.,0
Bergamo,https://github.com/ondata/elezionipolitiche2018,,Lega,Lega,0,621766,0,621766,0,310884,0,first,,,Lega,Lega,223175,Italy,IT-PROV-016,official,Ministry-format municipality party-list rows preserved by the OnData mirror and aggregated to province. Compatible local turnout metadata is unavailable. Aosta Valley's separate direct seat and overseas constituencies are excluded.,0
Bergamo,https://github.com/ondata/elezionipolitiche2018,,Lega,Lega,0,621766,0,621766,0,310884,0,first,,,Democratic Party,Democratic Party,125963,Italy,IT-PROV-016,official,Ministry-format municipality party-list rows preserved by the OnData mirror and aggregated to province. Compatible local turnout metadata is unavailable. Aosta Valley's separate direct seat and overseas constituencies are excluded.,0
Bergamo,https://github.com/ondata/elezionipolitiche2018,,Lega,Lega,0,621766,0,621766,0,310884,0,first,,,Five Star Movement,Five Star Movement,105789,Italy,IT-PROV-016,official,Ministry-format municipality party-list rows preserved by the OnData mirror and aggregated to province. Compatible local turnout metadata is unavailable. Aosta Valley's separate direct seat and overseas constituencies are excluded.,0
Bergamo,https://github.com/ondata/elezionipolitiche2018,,Lega,Lega,0,621766,0,621766,0,310884,0,first,,,Forza Italia,Forza Italia,80243,Italy,IT-PROV-016,official,Ministry-format municipality party-list rows preserved by the OnData mirror and aggregated to province. Compatible local turnout metadata is unavailable. Aosta Valley's separate direct seat and overseas constituencies are excluded.,0
Bergamo,https://github.com/ondata/elezionipolitiche2018,,Lega,Lega,0,621766,0,621766,0,310884,0,first,,,Brothers of Italy,Brothers of Italy,25616,Italy,IT-PROV-016,official,Ministry-format municipality party-list rows preserved by the OnData mirror and aggregated to province. Compatible local turnout metadata is unavailable. Aosta Valley's separate direct seat and overseas constituencies are excluded.,0
Bergamo,https://github.com/ondata/elezionipolitiche2018,,Lega,Lega,0,621766,0,621766,0,310884,0,first,,,More Europe,More Europe,15337,Italy,IT-PROV-016,official,Ministry-format municipality party-list rows preserved by the OnData mirror and aggregated to province. Compatible local turnout metadata is unavailable. Aosta Valley's separate direct seat and overseas constituencies are excluded.,0
Bergamo,https://github.com/ondata/elezionipolitiche2018,,Lega,Lega,0,621766,0,621766,0,310884,0,first,,,Free and Equal,Free and Equal,13378,Italy,IT-PROV-016,official,Ministry-format municipality party-list rows preserved by the OnData mirror and aggregated to province. Compatible local turnout metadata is unavailable. Aosta Valley's separate direct seat and overseas constituencies are excluded.,0
Bergamo,https://github.com/ondata/elezionipolitiche2018,,Lega,Lega,0,621766,0,621766,0,310884,0,first,,,Casapound Italia,Casapound Italia,6116,Italy,IT-PROV-016,official,Ministry-format municipality party-list rows preserved by the OnData mirror and aggregated to province. Compatible local turnout metadata is unavailable. Aosta Valley's separate direct seat and overseas constituencies are excluded.,0
Bergamo,https://github.com/ondata/elezionipolitiche2018,,Lega,Lega,0,621766,0,621766,0,310884,0,first,,,Power to the People,Power to the People,5535,Italy,IT-PROV-016,official,Ministry-format municipality party-list rows preserved by the OnData mirror and aggregated to province. Compatible local turnout metadata is unavailable. Aosta Valley's separate direct seat and overseas constituencies are excluded.,0
Bergamo,https://github.com/ondata/elezionipolitiche2018,,Lega,Lega,0,621766,0,621766,0,310884,0,first,,,Us with Italy–UDC,Us with Italy–UDC,5244,Italy,IT-PROV-016,official,Ministry-format municipality party-list rows preserved by the OnData mirror and aggregated to province. Compatible local turnout metadata is unavailable. Aosta Valley's separate direct seat and overseas constituencies are excluded.,0
Bergamo,https://github.com/ondata/elezionipolitiche2018,,Lega,Lega,0,621766,0,621766,0,310884,0,first,,,Il Popolo Della Famiglia,Il Popolo Della Famiglia,4440,Italy,IT-PROV-016,official,Ministry-format municipality party-list rows preserved by the OnData mirror and aggregated to province. Compatible local turnout metadata is unavailable. Aosta Valley's separate direct seat and overseas constituencies are excluded.,0
Bergamo,https://github.com/ondata/elezionipolitiche2018,,Lega,Lega,0,621766,0,621766,0,310884,0,first,,,Italia Agli Italiani,Italia Agli Italiani,3014,Italy,IT-PROV-016,official,Ministry-format municipality party-list rows preserved by the OnData mirror and aggregated to province. Compatible local turnout metadata is unavailable. Aosta Valley's separate direct seat and overseas constituencies are excluded.,0
Bergamo,https://github.com/ondata/elezionipolitiche2018,,Lega,Lega,0,621766,0,621766,0,310884,0,first,,,Italia Europa Insieme,Italia Europa Insieme,2564,Italy,IT-PROV-016,official,Ministry-format municipality party-list rows preserved by the OnData mirror and aggregated to province. Compatible local turnout metadata is unavailable. Aosta Valley's separate direct seat and overseas constituencies are excluded.,0
Bergamo,https://github.com/ondata/elezionipolitiche2018,,Lega,Lega,0,621766,0,621766,0,310884,0,first,,,Civica Popolare Lorenzin,Civica Popolare Lorenzin,2474,Italy,IT-PROV-016,official,Ministry-format municipality party-list rows preserved by the OnData mirror and aggregated to province. Compatible local turnout metadata is unavailable. Aosta Valley's separate direct seat and overseas constituencies are excluded.,0
Bergamo,https://github.com/ondata/elezionipolitiche2018,,Lega,Lega,0,621766,0,621766,0,310884,0,first,,,Grande Nord,Grande Nord,2024,Italy,IT-PROV-016,official,Ministry-format municipality party-list rows preserved by the OnData mirror and aggregated to province. Compatible local turnout metadata is unavailable. Aosta Valley's separate direct seat and overseas constituencies are excluded.,0
Bergamo,https://github.com/ondata/elezionipolitiche2018,,Lega,Lega,0,621766,0,621766,0,310884,0,first,,,Partito Repubblicano Italiano - Ala,Partito Repubblicano Italiano - Ala,505,Italy,IT-PROV-016,official,Ministry-format municipality party-list rows preserved by the OnData mirror and aggregated to province. Compatible local turnout metadata is unavailable. Aosta Valley's separate direct seat and overseas constituencies are excluded.,0
Bergamo,https://github.com/ondata/elezionipolitiche2018,,Lega,Lega,0,621766,0,621766,0,310884,0,first,,,10 Volte Meglio,10 Volte Meglio,122,Italy,IT-PROV-016,official,Ministry-format municipality party-list rows preserved by the OnData mirror and aggregated to province. Compatible local turnout metadata is unavailable. Aosta Valley's separate direct seat and overseas constituencies are excluded.,0
Bergamo,https://github.com/ondata/elezionipolitiche2018,,Lega,Lega,0,621766,0,621766,0,310884,0,first,,,Per Una Sinistra Rivoluzionaria,Per Una Sinistra Rivoluzionaria,102,Italy,IT-PROV-016,official,Ministry-format municipality party-list rows preserved by the OnData mirror and aggregated to province. Compatible local turnout metadata is unavailable. Aosta Valley's separate direct seat and overseas constituencies are excluded.,0
Bergamo,https://github.com/ondata/elezionipolitiche2018,,Lega,Lega,0,621766,0,621766,0,310884,0,first,,,Partito Valore Umano,Partito Valore Umano,86,Italy,IT-PROV-016,official,Ministry-format municipality party-list rows preserved by the OnData mirror and aggregated to province. Compatible local turnout metadata is unavailable. Aosta Valley's separate direct seat and overseas constituencies are excluded.,0
Bergamo,https://github.com/ondata/elezionipolitiche2018,,Lega,Lega,0,621766,0,621766,0,310884,0,first,,,Blocco Nazionale Per Le Liberta',Blocco Nazionale Per Le Liberta',39,Italy,IT-PROV-016,official,Ministry-format municipality party-list rows preserved by the OnData mirror and aggregated to province. Compatible local turnout metadata is unavailable. Aosta Valley's separate direct seat and overseas constituencies are excluded.,0
Brescia,https://github.com/ondata/elezionipolitiche2018,,Lega,Lega,0,696675,0,696675,0,348338,0,first,,,Lega,Lega,237918,Italy,IT-PROV-017,official,Ministry-format municipality party-list rows preserved by the OnData mirror and aggregated to province. Compatible local turnout metadata is unavailable. Aosta Valley's separate direct seat and overseas constituencies are excluded.,0
Brescia,https://github.com/ondata/elezionipolitiche2018,,Lega,Lega,0,696675,0,696675,0,348338,0,first,,,Democratic Party,Democratic Party,135862,Italy,IT-PROV-017,official,Ministry-format municipality party-list rows preserved by the OnData mirror and aggregated to province. Compatible local turnout metadata is unavailable. Aosta Valley's separate direct seat and overseas constituencies are excluded.,0
Brescia,https://github.com/ondata/elezionipolitiche2018,,Lega,Lega,0,696675,0,696675,0,348338,0,first,,,Five Star Movement,Five Star Movement,127452,Italy,IT-PROV-017,official,Ministry-format municipality party-list rows preserved by the OnData mirror and aggregated to province. Compatible local turnout metadata is unavailable. Aosta Valley's separate direct seat and overseas constituencies are excluded.,0
Brescia,https://github.com/ondata/elezionipolitiche2018,,Lega,Lega,0,696675,0,696675,0,348338,0,first,,,Forza Italia,Forza Italia,89315,Italy,IT-PROV-017,official,Ministry-format municipality party-list rows preserved by the OnData mirror and aggregated to province. Compatible local turnout metadata is unavailable. Aosta Valley's separate direct seat and overseas constituencies are excluded.,0
Brescia,https://github.com/ondata/elezionipolitiche2018,,Lega,Lega,0,696675,0,696675,0,348338,0,first,,,Brothers of Italy,Brothers of Italy,32353,Italy,IT-PROV-017,official,Ministry-format municipality party-list rows preserved by the OnData mirror and aggregated to province. Compatible local turnout metadata is unavailable. Aosta Valley's separate direct seat and overseas constituencies are excluded.,0
Brescia,https://github.com/ondata/elezionipolitiche2018,,Lega,Lega,0,696675,0,696675,0,348338,0,first,,,Free and Equal,Free and Equal,17742,Italy,IT-PROV-017,official,Ministry-format municipality party-list rows preserved by the OnData mirror and aggregated to province. Compatible local turnout metadata is unavailable. Aosta Valley's separate direct seat and overseas constituencies are excluded.,0
Brescia,https://github.com/ondata/elezionipolitiche2018,,Lega,Lega,0,696675,0,696675,0,348338,0,first,,,More Europe,More Europe,16079,Italy,IT-PROV-017,official,Ministry-format municipality party-list rows preserved by the OnData mirror and aggregated to province. Compatible local turnout metadata is unavailable. Aosta Valley's separate direct seat and overseas constituencies are excluded.,0
Brescia,https://github.com/ondata/elezionipolitiche2018,,Lega,Lega,0,696675,0,696675,0,348338,0,first,,,Casapound Italia,Casapound Italia,8431,Italy,IT-PROV-017,official,Ministry-format municipality party-list rows preserved by the OnData mirror and aggregated to province. Compatible local turnout metadata is unavailable. Aosta Valley's separate direct seat and overseas constituencies are excluded.,0
Brescia,https://github.com/ondata/elezionipolitiche2018,,Lega,Lega,0,696675,0,696675,0,348338,0,first,,,Us with Italy–UDC,Us with Italy–UDC,6265,Italy,IT-PROV-017,official,Ministry-format municipality party-list rows preserved by the OnData mirror and aggregated to province. Compatible local turnout metadata is unavailable. Aosta Valley's separate direct seat and overseas constituencies are excluded.,0
Brescia,https://github.com/ondata/elezionipolitiche2018,,Lega,Lega,0,696675,0,696675,0,348338,0,first,,,Power to the People,Power to the People,5843,Italy,IT-PROV-017,official,Ministry-format municipality party-list rows preserved by the OnData mirror and aggregated to province. Compatible local turnout metadata is unavailable. Aosta Valley's separate direct seat and overseas constituencies are excluded.,0
Brescia,https://github.com/ondata/elezionipolitiche2018,,Lega,Lega,0,696675,0,696675,0,348338,0,first,,,Il Popolo Della Famiglia,Il Popolo Della Famiglia,5576,Italy,IT-PROV-017,official,Ministry-format municipality party-list rows preserved by the OnData mirror and aggregated to province. Compatible local turnout metadata is unavailable. Aosta Valley's separate direct seat and overseas constituencies are excluded.,0
Brescia,https://github.com/ondata/elezionipolitiche2018,,Lega,Lega,0,696675,0,696675,0,348338,0,first,,,Italia Agli Italiani,Italia Agli Italiani,4115,Italy,IT-PROV-017,official,Ministry-format municipality party-list rows preserved by the OnData mirror and aggregated to province. Compatible local turnout metadata is unavailable. Aosta Valley's separate direct seat and overseas constituencies are excluded.,0
Brescia,https://github.com/ondata/elezionipolitiche2018,,Lega,Lega,0,696675,0,696675,0,348338,0,first,,,Civica Popolare Lorenzin,Civica Popolare Lorenzin,2659,Italy,IT-PROV-017,official,Ministry-format municipality party-list rows preserved by the OnData mirror and aggregated to province. Compatible local turnout metadata is unavailable. Aosta Valley's separate direct seat and overseas constituencies are excluded.,0
Brescia,https://github.com/ondata/elezionipolitiche2018,,Lega,Lega,0,696675,0,696675,0,348338,0,first,,,Italia Europa Insieme,Italia Europa Insieme,2497,Italy,IT-PROV-017,official,Ministry-format municipality party-list rows preserved by the OnData mirror and aggregated to province. Compatible local turnout metadata is unavailable. Aosta Valley's separate direct seat and overseas constituencies are excluded.,0
Brescia,https://github.com/ondata/elezionipolitiche2018,,Lega,Lega,0,696675,0,696675,0,348338,0,first,,,Grande Nord,Grande Nord,2349,Italy,IT-PROV-017,official,Ministry-format municipality party-list rows preserved by the OnData mirror and aggregated to province. Compatible local turnout metadata is unavailable. Aosta Valley's separate direct seat and overseas constituencies are excluded.,0
Brescia,https://github.com/ondata/elezionipolitiche2018,,Lega,Lega,0,696675,0,696675,0,348338,0,first,,,10 Volte Meglio,10 Volte Meglio,1137,Italy,IT-PROV-017,official,Ministry-format municipality party-list rows preserved by the OnData mirror and aggregated to province. Compatible local turnout metadata is unavailable. Aosta Valley's separate direct seat and overseas constituencies are excluded.,0
Brescia,https://github.com/ondata/elezionipolitiche2018,,Lega,Lega,0,696675,0,696675,0,348338,0,first,,,Partito Repubblicano Italiano - Ala,Partito Repubblicano Italiano - Ala,539,Italy,IT-PROV-017,official,Ministry-format municipality party-list rows preserved by the OnData mirror and aggregated to province. Compatible local turnout metadata is unavailable. Aosta Valley's separate direct seat and overseas constituencies are excluded.,0
Brescia,https://github.com/ondata/elezionipolitiche2018,,Lega,Lega,0,696675,0,696675,0,348338,0,first,,,Italia Nel Cuore,Italia Nel Cuore,500,Italy,IT-PROV-017,official,Ministry-format municipality party-list rows preserved by the OnData mirror and aggregated to province. Compatible local turnout metadata is unavailable. Aosta Valley's separate direct seat and overseas constituencies are excluded.,0
Brescia,https://github.com/ondata/elezionipolitiche2018,,Lega,Lega,0,696675,0,696675,0,348338,0,first,,,Per Una Sinistra Rivoluzionaria,Per Una Sinistra Rivoluzionaria,43,Italy,IT-PROV-017,official,Ministry-format municipality party-list rows preserved by the OnData mirror and aggregated to province. Compatible local turnout metadata is unavailable. Aosta Valley's separate direct seat and overseas constituencies are excluded.,0
Pavia,https://github.com/ondata/elezionipolitiche2018,,Lega,Lega,0,287973,0,287973,0,143987,0,first,,,Lega,Lega,79911,Italy,IT-PROV-018,official,Ministry-format municipality party-list rows preserved by the OnData mirror and aggregated to province. Compatible local turnout metadata is unavailable. Aosta Valley's separate direct seat and overseas constituencies are excluded.,0
Pavia,https://github.com/ondata/elezionipolitiche2018,,Lega,Lega,0,287973,0,287973,0,143987,0,first,,,Five Star Movement,Five Star Movement,62811,Italy,IT-PROV-018,official,Ministry-format municipality party-list rows preserved by the OnData mirror and aggregated to province. Compatible local turnout metadata is unavailable. Aosta Valley's separate direct seat and overseas constituencies are excluded.,0
Pavia,https://github.com/ondata/elezionipolitiche2018,,Lega,Lega,0,287973,0,287973,0,143987,0,first,,,Democratic Party,Democratic Party,53751,Italy,IT-PROV-018,official,Ministry-format municipality party-list rows preserved by the OnData mirror and aggregated to province. Compatible local turnout metadata is unavailable. Aosta Valley's separate direct seat and overseas constituencies are excluded.,0
Pavia,https://github.com/ondata/elezionipolitiche2018,,Lega,Lega,0,287973,0,287973,0,143987,0,first,,,Forza Italia,Forza Italia,50197,Italy,IT-PROV-018,official,Ministry-format municipality party-list rows preserved by the OnData mirror and aggregated to province. Compatible local turnout metadata is unavailable. Aosta Valley's separate direct seat and overseas constituencies are excluded.,0
Pavia,https://github.com/ondata/elezionipolitiche2018,,Lega,Lega,0,287973,0,287973,0,143987,0,first,,,Brothers of Italy,Brothers of Italy,11800,Italy,IT-PROV-018,official,Ministry-format municipality party-list rows preserved by the OnData mirror and aggregated to province. Compatible local turnout metadata is unavailable. Aosta Valley's separate direct seat and overseas constituencies are excluded.,0
Pavia,https://github.com/ondata/elezionipolitiche2018,,Lega,Lega,0,287973,0,287973,0,143987,0,first,,,More Europe,More Europe,7629,Italy,IT-PROV-018,official,Ministry-format municipality party-list rows preserved by the OnData mirror and aggregated to province. Compatible local turnout metadata is unavailable. Aosta Valley's separate direct seat and overseas constituencies are excluded.,0
Pavia,https://github.com/ondata/elezionipolitiche2018,,Lega,Lega,0,287973,0,287973,0,143987,0,first,,,Free and Equal,Free and Equal,7229,Italy,IT-PROV-018,official,Ministry-format municipality party-list rows preserved by the OnData mirror and aggregated to province. Compatible local turnout metadata is unavailable. Aosta Valley's separate direct seat and overseas constituencies are excluded.,0
Pavia,https://github.com/ondata/elezionipolitiche2018,,Lega,Lega,0,287973,0,287973,0,143987,0,first,,,Casapound Italia,Casapound Italia,3763,Italy,IT-PROV-018,official,Ministry-format municipality party-list rows preserved by the OnData mirror and aggregated to province. Compatible local turnout metadata is unavailable. Aosta Valley's separate direct seat and overseas constituencies are excluded.,0
Pavia,https://github.com/ondata/elezionipolitiche2018,,Lega,Lega,0,287973,0,287973,0,143987,0,first,,,Power to the People,Power to the People,2190,Italy,IT-PROV-018,official,Ministry-format municipality party-list rows preserved by the OnData mirror and aggregated to province. Compatible local turnout metadata is unavailable. Aosta Valley's separate direct seat and overseas constituencies are excluded.,0
Pavia,https://github.com/ondata/elezionipolitiche2018,,Lega,Lega,0,287973,0,287973,0,143987,0,first,,,Italia Agli Italiani,Italia Agli Italiani,2164,Italy,IT-PROV-018,official,Ministry-format municipality party-list rows preserved by the OnData mirror and aggregated to province. Compatible local turnout metadata is unavailable. Aosta Valley's separate direct seat and overseas constituencies are excluded.,0
Pavia,https://github.com/ondata/elezionipolitiche2018,,Lega,Lega,0,287973,0,287973,0,143987,0,first,,,Us with Italy–UDC,Us with Italy–UDC,1958,Italy,IT-PROV-018,official,Ministry-format municipality party-list rows preserved by the OnData mirror and aggregated to province. Compatible local turnout metadata is unavailable. Aosta Valley's separate direct seat and overseas constituencies are excluded.,0
Pavia,https://github.com/ondata/elezionipolitiche2018,,Lega,Lega,0,287973,0,287973,0,143987,0,first,,,Italia Europa Insieme,Italia Europa Insieme,1186,Italy,IT-PROV-018,official,Ministry-format municipality party-list rows preserved by the OnData mirror and aggregated to province. Compatible local turnout metadata is unavailable. Aosta Valley's separate direct seat and overseas constituencies are excluded.,0
Pavia,https://github.com/ondata/elezionipolitiche2018,,Lega,Lega,0,287973,0,287973,0,143987,0,first,,,Il Popolo Della Famiglia,Il Popolo Della Famiglia,984,Italy,IT-PROV-018,official,Ministry-format municipality party-list rows preserved by the OnData mirror and aggregated to province. Compatible local turnout metadata is unavailable. Aosta Valley's separate direct seat and overseas constituencies are excluded.,0
Pavia,https://github.com/ondata/elezionipolitiche2018,,Lega,Lega,0,287973,0,287973,0,143987,0,first,,,Civica Popolare Lorenzin,Civica Popolare Lorenzin,792,Italy,IT-PROV-018,official,Ministry-format municipality party-list rows preserved by the OnData mirror and aggregated to province. Compatible local turnout metadata is unavailable. Aosta Valley's separate direct seat and overseas constituencies are excluded.,0
Pavia,https://github.com/ondata/elezionipolitiche2018,,Lega,Lega,0,287973,0,287973,0,143987,0,first,,,Per Una Sinistra Rivoluzionaria,Per Una Sinistra Rivoluzionaria,736,Italy,IT-PROV-018,official,Ministry-format municipality party-list rows preserved by the OnData mirror and aggregated to province. Compatible local turnout metadata is unavailable. Aosta Valley's separate direct seat and overseas constituencies are excluded.,0
Pavia,https://github.com/ondata/elezionipolitiche2018,,Lega,Lega,0,287973,0,287973,0,143987,0,first,,,10 Volte Meglio,10 Volte Meglio,600,Italy,IT-PROV-018,official,Ministry-format municipality party-list rows preserved by the OnData mirror and aggregated to province. Compatible local turnout metadata is unavailable. Aosta Valley's separate direct seat and overseas constituencies are excluded.,0
Pavia,https://github.com/ondata/elezionipolitiche2018,,Lega,Lega,0,287973,0,287973,0,143987,0,first,,,Partito Repubblicano Italiano - Ala,Partito Repubblicano Italiano - Ala,272,Italy,IT-PROV-018,official,Ministry-format municipality party-list rows preserved by the OnData mirror and aggregated to province. Compatible local turnout metadata is unavailable. Aosta Valley's separate direct seat and overseas constituencies are excluded.,0
Cremona,https://github.com/ondata/elezionipolitiche2018,,Lega,Lega,0,199149,0,199149,0,99575,0,first,,,Lega,Lega,62732,Italy,IT-PROV-019,official,Ministry-format municipality party-list rows preserved by the OnData mirror and aggregated to province. Compatible local turnout metadata is unavailable. Aosta Valley's separate direct seat and overseas constituencies are excluded.,0
Cremona,https://github.com/ondata/elezionipolitiche2018,,Lega,Lega,0,199149,0,199149,0,99575,0,first,,,Five Star Movement,Five Star Movement,40419,Italy,IT-PROV-019,official,Ministry-format municipality party-list rows preserved by the OnData mirror and aggregated to province. Compatible local turnout metadata is unavailable. Aosta Valley's separate direct seat and overseas constituencies are excluded.,0
Cremona,https://github.com/ondata/elezionipolitiche2018,,Lega,Lega,0,199149,0,199149,0,99575,0,first,,,Democratic Party,Democratic Party,40322,Italy,IT-PROV-019,official,Ministry-format municipality party-list rows preserved by the OnData mirror and aggregated to province. Compatible local turnout metadata is unavailable. Aosta Valley's separate direct seat and overseas constituencies are excluded.,0
Cremona,https://github.com/ondata/elezionipolitiche2018,,Lega,Lega,0,199149,0,199149,0,99575,0,first,,,Forza Italia,Forza Italia,27976,Italy,IT-PROV-019,official,Ministry-format municipality party-list rows preserved by the OnData mirror and aggregated to province. Compatible local turnout metadata is unavailable. Aosta Valley's separate direct seat and overseas constituencies are excluded.,0
Cremona,https://github.com/ondata/elezionipolitiche2018,,Lega,Lega,0,199149,0,199149,0,99575,0,first,,,Brothers of Italy,Brothers of Italy,8312,Italy,IT-PROV-019,official,Ministry-format municipality party-list rows preserved by the OnData mirror and aggregated to province. Compatible local turnout metadata is unavailable. Aosta Valley's separate direct seat and overseas constituencies are excluded.,0
Cremona,https://github.com/ondata/elezionipolitiche2018,,Lega,Lega,0,199149,0,199149,0,99575,0,first,,,Free and Equal,Free and Equal,5004,Italy,IT-PROV-019,official,Ministry-format municipality party-list rows preserved by the OnData mirror and aggregated to province. Compatible local turnout metadata is unavailable. Aosta Valley's separate direct seat and overseas constituencies are excluded.,0
Cremona,https://github.com/ondata/elezionipolitiche2018,,Lega,Lega,0,199149,0,199149,0,99575,0,first,,,More Europe,More Europe,4281,Italy,IT-PROV-019,official,Ministry-format municipality party-list rows preserved by the OnData mirror and aggregated to province. Compatible local turnout metadata is unavailable. Aosta Valley's separate direct seat and overseas constituencies are excluded.,0
Cremona,https://github.com/ondata/elezionipolitiche2018,,Lega,Lega,0,199149,0,199149,0,99575,0,first,,,Casapound Italia,Casapound Italia,2967,Italy,IT-PROV-019,official,Ministry-format municipality party-list rows preserved by the OnData mirror and aggregated to province. Compatible local turnout metadata is unavailable. Aosta Valley's separate direct seat and overseas constituencies are excluded.,0
Cremona,https://github.com/ondata/elezionipolitiche2018,,Lega,Lega,0,199149,0,199149,0,99575,0,first,,,Us with Italy–UDC,Us with Italy–UDC,1653,Italy,IT-PROV-019,official,Ministry-format municipality party-list rows preserved by the OnData mirror and aggregated to province. Compatible local turnout metadata is unavailable. Aosta Valley's separate direct seat and overseas constituencies are excluded.,0
Cremona,https://github.com/ondata/elezionipolitiche2018,,Lega,Lega,0,199149,0,199149,0,99575,0,first,,,Power to the People,Power to the People,1572,Italy,IT-PROV-019,official,Ministry-format municipality party-list rows preserved by the OnData mirror and aggregated to province. Compatible local turnout metadata is unavailable. Aosta Valley's separate direct seat and overseas constituencies are excluded.,0
Cremona,https://github.com/ondata/elezionipolitiche2018,,Lega,Lega,0,199149,0,199149,0,99575,0,first,,,Il Popolo Della Famiglia,Il Popolo Della Famiglia,1522,Italy,IT-PROV-019,official,Ministry-format municipality party-list rows preserved by the OnData mirror and aggregated to province. Compatible local turnout metadata is unavailable. Aosta Valley's separate direct seat and overseas constituencies are excluded.,0
Cremona,https://github.com/ondata/elezionipolitiche2018,,Lega,Lega,0,199149,0,199149,0,99575,0,first,,,Italia Europa Insieme,Italia Europa Insieme,799,Italy,IT-PROV-019,official,Ministry-format municipality party-list rows preserved by the OnData mirror and aggregated to province. Compatible local turnout metadata is unavailable. Aosta Valley's separate direct seat and overseas constituencies are excluded.,0
Cremona,https://github.com/ondata/elezionipolitiche2018,,Lega,Lega,0,199149,0,199149,0,99575,0,first,,,Per Una Sinistra Rivoluzionaria,Per Una Sinistra Rivoluzionaria,694,Italy,IT-PROV-019,official,Ministry-format municipality party-list rows preserved by the OnData mirror and aggregated to province. Compatible local turnout metadata is unavailable. Aosta Valley's separate direct seat and overseas constituencies are excluded.,0
Cremona,https://github.com/ondata/elezionipolitiche2018,,Lega,Lega,0,199149,0,199149,0,99575,0,first,,,Civica Popolare Lorenzin,Civica Popolare Lorenzin,657,Italy,IT-PROV-019,official,Ministry-format municipality party-list rows preserved by the OnData mirror and aggregated to province. Compatible local turnout metadata is unavailable. Aosta Valley's separate direct seat and overseas constituencies are excluded.,0
Cremona,https://github.com/ondata/elezionipolitiche2018,,Lega,Lega,0,199149,0,199149,0,99575,0,first,,,Partito Repubblicano Italiano - Ala,Partito Repubblicano Italiano - Ala,239,Italy,IT-PROV-019,official,Ministry-format municipality party-list rows preserved by the OnData mirror and aggregated to province. Compatible local turnout metadata is unavailable. Aosta Valley's separate direct seat and overseas constituencies are excluded.,0
Mantova,https://github.com/ondata/elezionipolitiche2018,,Lega,Lega,0,216507,0,216507,0,108254,0,first,,,Lega,Lega,56963,Italy,IT-PROV-020,official,Ministry-format municipality party-list rows preserved by the OnData mirror and aggregated to province. Compatible local turnout metadata is unavailable. Aosta Valley's separate direct seat and overseas constituencies are excluded.,0
Mantova,https://github.com/ondata/elezionipolitiche2018,,Lega,Lega,0,216507,0,216507,0,108254,0,first,,,Five Star Movement,Five Star Movement,53796,Italy,IT-PROV-020,official,Ministry-format municipality party-list rows preserved by the OnData mirror and aggregated to province. Compatible local turnout metadata is unavailable. Aosta Valley's separate direct seat and overseas constituencies are excluded.,0
Mantova,https://github.com/ondata/elezionipolitiche2018,,Lega,Lega,0,216507,0,216507,0,108254,0,first,,,Democratic Party,Democratic Party,49807,Italy,IT-PROV-020,official,Ministry-format municipality party-list rows preserved by the OnData mirror and aggregated to province. Compatible local turnout metadata is unavailable. Aosta Valley's separate direct seat and overseas constituencies are excluded.,0
Mantova,https://github.com/ondata/elezionipolitiche2018,,Lega,Lega,0,216507,0,216507,0,108254,0,first,,,Forza Italia,Forza Italia,26966,Italy,IT-PROV-020,official,Ministry-format municipality party-list rows preserved by the OnData mirror and aggregated to province. Compatible local turnout metadata is unavailable. Aosta Valley's separate direct seat and overseas constituencies are excluded.,0
Mantova,https://github.com/ondata/elezionipolitiche2018,,Lega,Lega,0,216507,0,216507,0,108254,0,first,,,Brothers of Italy,Brothers of Italy,8136,Italy,IT-PROV-020,official,Ministry-format municipality party-list rows preserved by the OnData mirror and aggregated to province. Compatible local turnout metadata is unavailable. Aosta Valley's separate direct seat and overseas constituencies are excluded.,0
Mantova,https://github.com/ondata/elezionipolitiche2018,,Lega,Lega,0,216507,0,216507,0,108254,0,first,,,Free and Equal,Free and Equal,5748,Italy,IT-PROV-020,official,Ministry-format municipality party-list rows preserved by the OnData mirror and aggregated to province. Compatible local turnout metadata is unavailable. Aosta Valley's separate direct seat and overseas constituencies are excluded.,0
Mantova,https://github.com/ondata/elezionipolitiche2018,,Lega,Lega,0,216507,0,216507,0,108254,0,first,,,More Europe,More Europe,4521,Italy,IT-PROV-020,official,Ministry-format municipality party-list rows preserved by the OnData mirror and aggregated to province. Compatible local turnout metadata is unavailable. Aosta Valley's separate direct seat and overseas constituencies are excluded.,0
Mantova,https://github.com/ondata/elezionipolitiche2018,,Lega,Lega,0,216507,0,216507,0,108254,0,first,,,Casapound Italia,Casapound Italia,3259,Italy,IT-PROV-020,official,Ministry-format municipality party-list rows preserved by the OnData mirror and aggregated to province. Compatible local turnout metadata is unavailable. Aosta Valley's separate direct seat and overseas constituencies are excluded.,0
Mantova,https://github.com/ondata/elezionipolitiche2018,,Lega,Lega,0,216507,0,216507,0,108254,0,first,,,Power to the People,Power to the People,1683,Italy,IT-PROV-020,official,Ministry-format municipality party-list rows preserved by the OnData mirror and aggregated to province. Compatible local turnout metadata is unavailable. Aosta Valley's separate direct seat and overseas constituencies are excluded.,0
Mantova,https://github.com/ondata/elezionipolitiche2018,,Lega,Lega,0,216507,0,216507,0,108254,0,first,,,Il Popolo Della Famiglia,Il Popolo Della Famiglia,1629,Italy,IT-PROV-020,official,Ministry-format municipality party-list rows preserved by the OnData mirror and aggregated to province. Compatible local turnout metadata is unavailable. Aosta Valley's separate direct seat and overseas constituencies are excluded.,0
Mantova,https://github.com/ondata/elezionipolitiche2018,,Lega,Lega,0,216507,0,216507,0,108254,0,first,,,Italia Europa Insieme,Italia Europa Insieme,1272,Italy,IT-PROV-020,official,Ministry-format municipality party-list rows preserved by the OnData mirror and aggregated to province. Compatible local turnout metadata is unavailable. Aosta Valley's separate direct seat and overseas constituencies are excluded.,0
Mantova,https://github.com/ondata/elezionipolitiche2018,,Lega,Lega,0,216507,0,216507,0,108254,0,first,,,Us with Italy–UDC,Us with Italy–UDC,1248,Italy,IT-PROV-020,official,Ministry-format municipality party-list rows preserved by the OnData mirror and aggregated to province. Compatible local turnout metadata is unavailable. Aosta Valley's separate direct seat and overseas constituencies are excluded.,0
Mantova,https://github.com/ondata/elezionipolitiche2018,,Lega,Lega,0,216507,0,216507,0,108254,0,first,,,Civica Popolare Lorenzin,Civica Popolare Lorenzin,821,Italy,IT-PROV-020,official,Ministry-format municipality party-list rows preserved by the OnData mirror and aggregated to province. Compatible local turnout metadata is unavailable. Aosta Valley's separate direct seat and overseas constituencies are excluded.,0
Mantova,https://github.com/ondata/elezionipolitiche2018,,Lega,Lega,0,216507,0,216507,0,108254,0,first,,,Per Una Sinistra Rivoluzionaria,Per Una Sinistra Rivoluzionaria,444,Italy,IT-PROV-020,official,Ministry-format municipality party-list rows preserved by the OnData mirror and aggregated to province. Compatible local turnout metadata is unavailable. Aosta Valley's separate direct seat and overseas constituencies are excluded.,0
Mantova,https://github.com/ondata/elezionipolitiche2018,,Lega,Lega,0,216507,0,216507,0,108254,0,first,,,Partito Repubblicano Italiano - Ala,Partito Repubblicano Italiano - Ala,214,Italy,IT-PROV-020,official,Ministry-format municipality party-list rows preserved by the OnData mirror and aggregated to province. Compatible local turnout metadata is unavailable. Aosta Valley's separate direct seat and overseas constituencies are excluded.,0
Bolzano,https://github.com/ondata/elezionipolitiche2018,,SVP–PATT,SVP–PATT,0,231447,0,231447,0,115724,0,first,,,SVP–PATT,SVP–PATT,112246,Italy,IT-PROV-021,official,Ministry-format municipality party-list rows preserved by the OnData mirror and aggregated to province. Compatible local turnout metadata is unavailable. Aosta Valley's separate direct seat and overseas constituencies are excluded.,0
Bolzano,https://github.com/ondata/elezionipolitiche2018,,SVP–PATT,SVP–PATT,0,231447,0,231447,0,115724,0,first,,,Five Star Movement,Five Star Movement,32301,Italy,IT-PROV-021,official,Ministry-format municipality party-list rows preserved by the OnData mirror and aggregated to province. Compatible local turnout metadata is unavailable. Aosta Valley's separate direct seat and overseas constituencies are excluded.,0
Bolzano,https://github.com/ondata/elezionipolitiche2018,,SVP–PATT,SVP–PATT,0,231447,0,231447,0,115724,0,first,,,Lega,Lega,23017,Italy,IT-PROV-021,official,Ministry-format municipality party-list rows preserved by the OnData mirror and aggregated to province. Compatible local turnout metadata is unavailable. Aosta Valley's separate direct seat and overseas constituencies are excluded.,0
Bolzano,https://github.com/ondata/elezionipolitiche2018,,SVP–PATT,SVP–PATT,0,231447,0,231447,0,115724,0,first,,,Democratic Party,Democratic Party,19938,Italy,IT-PROV-021,official,Ministry-format municipality party-list rows preserved by the OnData mirror and aggregated to province. Compatible local turnout metadata is unavailable. Aosta Valley's separate direct seat and overseas constituencies are excluded.,0
Bolzano,https://github.com/ondata/elezionipolitiche2018,,SVP–PATT,SVP–PATT,0,231447,0,231447,0,115724,0,first,,,Forza Italia,Forza Italia,12181,Italy,IT-PROV-021,official,Ministry-format municipality party-list rows preserved by the OnData mirror and aggregated to province. Compatible local turnout metadata is unavailable. Aosta Valley's separate direct seat and overseas constituencies are excluded.,0
Bolzano,https://github.com/ondata/elezionipolitiche2018,,SVP–PATT,SVP–PATT,0,231447,0,231447,0,115724,0,first,,,Free and Equal,Free and Equal,11188,Italy,IT-PROV-021,official,Ministry-format municipality party-list rows preserved by the OnData mirror and aggregated to province. Compatible local turnout metadata is unavailable. Aosta Valley's separate direct seat and overseas constituencies are excluded.,0
Bolzano,https://github.com/ondata/elezionipolitiche2018,,SVP–PATT,SVP–PATT,0,231447,0,231447,0,115724,0,first,,,Casapound Italia,Casapound Italia,4618,Italy,IT-PROV-021,official,Ministry-format municipality party-list rows preserved by the OnData mirror and aggregated to province. Compatible local turnout metadata is unavailable. Aosta Valley's separate direct seat and overseas constituencies are excluded.,0
Bolzano,https://github.com/ondata/elezionipolitiche2018,,SVP–PATT,SVP–PATT,0,231447,0,231447,0,115724,0,first,,,Brothers of Italy,Brothers of Italy,4112,Italy,IT-PROV-021,official,Ministry-format municipality party-list rows preserved by the OnData mirror and aggregated to province. Compatible local turnout metadata is unavailable. Aosta Valley's separate direct seat and overseas constituencies are excluded.,0
Bolzano,https://github.com/ondata/elezionipolitiche2018,,SVP–PATT,SVP–PATT,0,231447,0,231447,0,115724,0,first,,,More Europe,More Europe,3262,Italy,IT-PROV-021,official,Ministry-format municipality party-list rows preserved by the OnData mirror and aggregated to province. Compatible local turnout metadata is unavailable. Aosta Valley's separate direct seat and overseas constituencies are excluded.,0
Bolzano,https://github.com/ondata/elezionipolitiche2018,,SVP–PATT,SVP–PATT,0,231447,0,231447,0,115724,0,first,,,Il Popolo Della Famiglia,Il Popolo Della Famiglia,2034,Italy,IT-PROV-021,official,Ministry-format municipality party-list rows preserved by the OnData mirror and aggregated to province. Compatible local turnout metadata is unavailable. Aosta Valley's separate direct seat and overseas constituencies are excluded.,0
Bolzano,https://github.com/ondata/elezionipolitiche2018,,SVP–PATT,SVP–PATT,0,231447,0,231447,0,115724,0,first,,,Partito Valore Umano,Partito Valore Umano,2029,Italy,IT-PROV-021,official,Ministry-format municipality party-list rows preserved by the OnData mirror and aggregated to province. Compatible local turnout metadata is unavailable. Aosta Valley's separate direct seat and overseas constituencies are excluded.,0
Bolzano,https://github.com/ondata/elezionipolitiche2018,,SVP–PATT,SVP–PATT,0,231447,0,231447,0,115724,0,first,,,Power to the People,Power to the People,1858,Italy,IT-PROV-021,official,Ministry-format municipality party-list rows preserved by the OnData mirror and aggregated to province. Compatible local turnout metadata is unavailable. Aosta Valley's separate direct seat and overseas constituencies are excluded.,0
Bolzano,https://github.com/ondata/elezionipolitiche2018,,SVP–PATT,SVP–PATT,0,231447,0,231447,0,115724,0,first,,,Italia Europa Insieme,Italia Europa Insieme,1362,Italy,IT-PROV-021,official,Ministry-format municipality party-list rows preserved by the OnData mirror and aggregated to province. Compatible local turnout metadata is unavailable. Aosta Valley's separate direct seat and overseas constituencies are excluded.,0
Bolzano,https://github.com/ondata/elezionipolitiche2018,,SVP–PATT,SVP–PATT,0,231447,0,231447,0,115724,0,first,,,Us with Italy–UDC,Us with Italy–UDC,747,Italy,IT-PROV-021,official,Ministry-format municipality party-list rows preserved by the OnData mirror and aggregated to province. Compatible local turnout metadata is unavailable. Aosta Valley's separate direct seat and overseas constituencies are excluded.,0
Bolzano,https://github.com/ondata/elezionipolitiche2018,,SVP–PATT,SVP–PATT,0,231447,0,231447,0,115724,0,first,,,Civica Popolare Lorenzin,Civica Popolare Lorenzin,554,Italy,IT-PROV-021,official,Ministry-format municipality party-list rows preserved by the OnData mirror and aggregated to province. Compatible local turnout metadata is unavailable. Aosta Valley's separate direct seat and overseas constituencies are excluded.,0
Trento,https://github.com/ondata/elezionipolitiche2018,,Lega,Lega,0,294853,0,294853,0,147427,0,first,,,Lega,Lega,80682,Italy,IT-PROV-022,official,Ministry-format municipality party-list rows preserved by the OnData mirror and aggregated to province. Compatible local turnout metadata is unavailable. Aosta Valley's separate direct seat and overseas constituencies are excluded.,0
Trento,https://github.com/ondata/elezionipolitiche2018,,Lega,Lega,0,294853,0,294853,0,147427,0,first,,,Five Star Movement,Five Star Movement,68867,Italy,IT-PROV-022,official,Ministry-format municipality party-list rows preserved by the OnData mirror and aggregated to province. Compatible local turnout metadata is unavailable. Aosta Valley's separate direct seat and overseas constituencies are excluded.,0
Trento,https://github.com/ondata/elezionipolitiche2018,,Lega,Lega,0,294853,0,294853,0,147427,0,first,,,Democratic Party,Democratic Party,56936,Italy,IT-PROV-022,official,Ministry-format municipality party-list rows preserved by the OnData mirror and aggregated to province. Compatible local turnout metadata is unavailable. Aosta Valley's separate direct seat and overseas constituencies are excluded.,0
Trento,https://github.com/ondata/elezionipolitiche2018,,Lega,Lega,0,294853,0,294853,0,147427,0,first,,,Forza Italia,Forza Italia,25628,Italy,IT-PROV-022,official,Ministry-format municipality party-list rows preserved by the OnData mirror and aggregated to province. Compatible local turnout metadata is unavailable. Aosta Valley's separate direct seat and overseas constituencies are excluded.,0
Trento,https://github.com/ondata/elezionipolitiche2018,,Lega,Lega,0,294853,0,294853,0,147427,0,first,,,SVP–PATT,SVP–PATT,14523,Italy,IT-PROV-022,official,Ministry-format municipality party-list rows preserved by the OnData mirror and aggregated to province. Compatible local turnout metadata is unavailable. Aosta Valley's separate direct seat and overseas constituencies are excluded.,0
Trento,https://github.com/ondata/elezionipolitiche2018,,Lega,Lega,0,294853,0,294853,0,147427,0,first,,,Brothers of Italy,Brothers of Italy,10118,Italy,IT-PROV-022,official,Ministry-format municipality party-list rows preserved by the OnData mirror and aggregated to province. Compatible local turnout metadata is unavailable. Aosta Valley's separate direct seat and overseas constituencies are excluded.,0
Trento,https://github.com/ondata/elezionipolitiche2018,,Lega,Lega,0,294853,0,294853,0,147427,0,first,,,More Europe,More Europe,10059,Italy,IT-PROV-022,official,Ministry-format municipality party-list rows preserved by the OnData mirror and aggregated to province. Compatible local turnout metadata is unavailable. Aosta Valley's separate direct seat and overseas constituencies are excluded.,0
Trento,https://github.com/ondata/elezionipolitiche2018,,Lega,Lega,0,294853,0,294853,0,147427,0,first,,,Free and Equal,Free and Equal,8276,Italy,IT-PROV-022,official,Ministry-format municipality party-list rows preserved by the OnData mirror and aggregated to province. Compatible local turnout metadata is unavailable. Aosta Valley's separate direct seat and overseas constituencies are excluded.,0
Trento,https://github.com/ondata/elezionipolitiche2018,,Lega,Lega,0,294853,0,294853,0,147427,0,first,,,Civica Popolare Lorenzin,Civica Popolare Lorenzin,6399,Italy,IT-PROV-022,official,Ministry-format municipality party-list rows preserved by the OnData mirror and aggregated to province. Compatible local turnout metadata is unavailable. Aosta Valley's separate direct seat and overseas constituencies are excluded.,0
Trento,https://github.com/ondata/elezionipolitiche2018,,Lega,Lega,0,294853,0,294853,0,147427,0,first,,,Power to the People,Power to the People,3396,Italy,IT-PROV-022,official,Ministry-format municipality party-list rows preserved by the OnData mirror and aggregated to province. Compatible local turnout metadata is unavailable. Aosta Valley's separate direct seat and overseas constituencies are excluded.,0
Trento,https://github.com/ondata/elezionipolitiche2018,,Lega,Lega,0,294853,0,294853,0,147427,0,first,,,Casapound Italia,Casapound Italia,2875,Italy,IT-PROV-022,official,Ministry-format municipality party-list rows preserved by the OnData mirror and aggregated to province. Compatible local turnout metadata is unavailable. Aosta Valley's separate direct seat and overseas constituencies are excluded.,0
Trento,https://github.com/ondata/elezionipolitiche2018,,Lega,Lega,0,294853,0,294853,0,147427,0,first,,,Il Popolo Della Famiglia,Il Popolo Della Famiglia,2530,Italy,IT-PROV-022,official,Ministry-format municipality party-list rows preserved by the OnData mirror and aggregated to province. Compatible local turnout metadata is unavailable. Aosta Valley's separate direct seat and overseas constituencies are excluded.,0
Trento,https://github.com/ondata/elezionipolitiche2018,,Lega,Lega,0,294853,0,294853,0,147427,0,first,,,Italia Europa Insieme,Italia Europa Insieme,2017,Italy,IT-PROV-022,official,Ministry-format municipality party-list rows preserved by the OnData mirror and aggregated to province. Compatible local turnout metadata is unavailable. Aosta Valley's separate direct seat and overseas constituencies are excluded.,0
Trento,https://github.com/ondata/elezionipolitiche2018,,Lega,Lega,0,294853,0,294853,0,147427,0,first,,,Us with Italy–UDC,Us with Italy–UDC,1879,Italy,IT-PROV-022,official,Ministry-format municipality party-list rows preserved by the OnData mirror and aggregated to province. Compatible local turnout metadata is unavailable. Aosta Valley's separate direct seat and overseas constituencies are excluded.,0
Trento,https://github.com/ondata/elezionipolitiche2018,,Lega,Lega,0,294853,0,294853,0,147427,0,first,,,Partito Valore Umano,Partito Valore Umano,668,Italy,IT-PROV-022,official,Ministry-format municipality party-list rows preserved by the OnData mirror and aggregated to province. Compatible local turnout metadata is unavailable. Aosta Valley's separate direct seat and overseas constituencies are excluded.,0
Verona,https://github.com/ondata/elezionipolitiche2018,,Lega,Lega,0,504764,0,504764,0,252383,0,first,,,Lega,Lega,161353,Italy,IT-PROV-023,official,Ministry-format municipality party-list rows preserved by the OnData mirror and aggregated to province. Compatible local turnout metadata is unavailable. Aosta Valley's separate direct seat and overseas constituencies are excluded.,0
Verona,https://github.com/ondata/elezionipolitiche2018,,Lega,Lega,0,504764,0,504764,0,252383,0,first,,,Five Star Movement,Five Star Movement,115506,Italy,IT-PROV-023,official,Ministry-format municipality party-list rows preserved by the OnData mirror and aggregated to province. Compatible local turnout metadata is unavailable. Aosta Valley's separate direct seat and overseas constituencies are excluded.,0
Verona,https://github.com/ondata/elezionipolitiche2018,,Lega,Lega,0,504764,0,504764,0,252383,0,first,,,Democratic Party,Democratic Party,76229,Italy,IT-PROV-023,official,Ministry-format municipality party-list rows preserved by the OnData mirror and aggregated to province. Compatible local turnout metadata is unavailable. Aosta Valley's separate direct seat and overseas constituencies are excluded.,0
Verona,https://github.com/ondata/elezionipolitiche2018,,Lega,Lega,0,504764,0,504764,0,252383,0,first,,,Forza Italia,Forza Italia,57108,Italy,IT-PROV-023,official,Ministry-format municipality party-list rows preserved by the OnData mirror and aggregated to province. Compatible local turnout metadata is unavailable. Aosta Valley's separate direct seat and overseas constituencies are excluded.,0
Verona,https://github.com/ondata/elezionipolitiche2018,,Lega,Lega,0,504764,0,504764,0,252383,0,first,,,Brothers of Italy,Brothers of Italy,24499,Italy,IT-PROV-023,official,Ministry-format municipality party-list rows preserved by the OnData mirror and aggregated to province. Compatible local turnout metadata is unavailable. Aosta Valley's separate direct seat and overseas constituencies are excluded.,0
Verona,https://github.com/ondata/elezionipolitiche2018,,Lega,Lega,0,504764,0,504764,0,252383,0,first,,,More Europe,More Europe,13102,Italy,IT-PROV-023,official,Ministry-format municipality party-list rows preserved by the OnData mirror and aggregated to province. Compatible local turnout metadata is unavailable. Aosta Valley's separate direct seat and overseas constituencies are excluded.,0
Verona,https://github.com/ondata/elezionipolitiche2018,,Lega,Lega,0,504764,0,504764,0,252383,0,first,,,Free and Equal,Free and Equal,11663,Italy,IT-PROV-023,official,Ministry-format municipality party-list rows preserved by the OnData mirror and aggregated to province. Compatible local turnout metadata is unavailable. Aosta Valley's separate direct seat and overseas constituencies are excluded.,0
Verona,https://github.com/ondata/elezionipolitiche2018,,Lega,Lega,0,504764,0,504764,0,252383,0,first,,,Us with Italy–UDC,Us with Italy–UDC,11080,Italy,IT-PROV-023,official,Ministry-format municipality party-list rows preserved by the OnData mirror and aggregated to province. Compatible local turnout metadata is unavailable. Aosta Valley's separate direct seat and overseas constituencies are excluded.,0
Verona,https://github.com/ondata/elezionipolitiche2018,,Lega,Lega,0,504764,0,504764,0,252383,0,first,,,Il Popolo Della Famiglia,Il Popolo Della Famiglia,9178,Italy,IT-PROV-023,official,Ministry-format municipality party-list rows preserved by the OnData mirror and aggregated to province. Compatible local turnout metadata is unavailable. Aosta Valley's separate direct seat and overseas constituencies are excluded.,0
Verona,https://github.com/ondata/elezionipolitiche2018,,Lega,Lega,0,504764,0,504764,0,252383,0,first,,,Casapound Italia,Casapound Italia,8382,Italy,IT-PROV-023,official,Ministry-format municipality party-list rows preserved by the OnData mirror and aggregated to province. Compatible local turnout metadata is unavailable. Aosta Valley's separate direct seat and overseas constituencies are excluded.,0
Verona,https://github.com/ondata/elezionipolitiche2018,,Lega,Lega,0,504764,0,504764,0,252383,0,first,,,Italia Agli Italiani,Italia Agli Italiani,4187,Italy,IT-PROV-023,official,Ministry-format municipality party-list rows preserved by the OnData mirror and aggregated to province. Compatible local turnout metadata is unavailable. Aosta Valley's separate direct seat and overseas constituencies are excluded.,0
Verona,https://github.com/ondata/elezionipolitiche2018,,Lega,Lega,0,504764,0,504764,0,252383,0,first,,,Power to the People,Power to the People,2927,Italy,IT-PROV-023,official,Ministry-format municipality party-list rows preserved by the OnData mirror and aggregated to province. Compatible local turnout metadata is unavailable. Aosta Valley's separate direct seat and overseas constituencies are excluded.,0
Verona,https://github.com/ondata/elezionipolitiche2018,,Lega,Lega,0,504764,0,504764,0,252383,0,first,,,Civica Popolare Lorenzin,Civica Popolare Lorenzin,2575,Italy,IT-PROV-023,official,Ministry-format municipality party-list rows preserved by the OnData mirror and aggregated to province. Compatible local turnout metadata is unavailable. Aosta Valley's separate direct seat and overseas constituencies are excluded.,0
Verona,https://github.com/ondata/elezionipolitiche2018,,Lega,Lega,0,504764,0,504764,0,252383,0,first,,,10 Volte Meglio,10 Volte Meglio,2350,Italy,IT-PROV-023,official,Ministry-format municipality party-list rows preserved by the OnData mirror and aggregated to province. Compatible local turnout metadata is unavailable. Aosta Valley's separate direct seat and overseas constituencies are excluded.,0
Verona,https://github.com/ondata/elezionipolitiche2018,,Lega,Lega,0,504764,0,504764,0,252383,0,first,,,Grande Nord,Grande Nord,2170,Italy,IT-PROV-023,official,Ministry-format municipality party-list rows preserved by the OnData mirror and aggregated to province. Compatible local turnout metadata is unavailable. Aosta Valley's separate direct seat and overseas constituencies are excluded.,0
Verona,https://github.com/ondata/elezionipolitiche2018,,Lega,Lega,0,504764,0,504764,0,252383,0,first,,,Italia Europa Insieme,Italia Europa Insieme,2070,Italy,IT-PROV-023,official,Ministry-format municipality party-list rows preserved by the OnData mirror and aggregated to province. Compatible local turnout metadata is unavailable. Aosta Valley's separate direct seat and overseas constituencies are excluded.,0
Verona,https://github.com/ondata/elezionipolitiche2018,,Lega,Lega,0,504764,0,504764,0,252383,0,first,,,Partito Repubblicano Italiano - Ala,Partito Repubblicano Italiano - Ala,385,Italy,IT-PROV-023,official,Ministry-format municipality party-list rows preserved by the OnData mirror and aggregated to province. Compatible local turnout metadata is unavailable. Aosta Valley's separate direct seat and overseas constituencies are excluded.,0
Vicenza,https://github.com/ondata/elezionipolitiche2018,,Lega,Lega,0,491666,0,491666,0,245834,0,first,,,Lega,Lega,176578,Italy,IT-PROV-024,official,Ministry-format municipality party-list rows preserved by the OnData mirror and aggregated to province. Compatible local turnout metadata is unavailable. Aosta Valley's separate direct seat and overseas constituencies are excluded.,0
Vicenza,https://github.com/ondata/elezionipolitiche2018,,Lega,Lega,0,491666,0,491666,0,245834,0,first,,,Five Star Movement,Five Star Movement,111885,Italy,IT-PROV-024,official,Ministry-format municipality party-list rows preserved by the OnData mirror and aggregated to province. Compatible local turnout metadata is unavailable. Aosta Valley's separate direct seat and overseas constituencies are excluded.,0
Vicenza,https://github.com/ondata/elezionipolitiche2018,,Lega,Lega,0,491666,0,491666,0,245834,0,first,,,Democratic Party,Democratic Party,77203,Italy,IT-PROV-024,official,Ministry-format municipality party-list rows preserved by the OnData mirror and aggregated to province. Compatible local turnout metadata is unavailable. Aosta Valley's separate direct seat and overseas constituencies are excluded.,0
Vicenza,https://github.com/ondata/elezionipolitiche2018,,Lega,Lega,0,491666,0,491666,0,245834,0,first,,,Forza Italia,Forza Italia,47771,Italy,IT-PROV-024,official,Ministry-format municipality party-list rows preserved by the OnData mirror and aggregated to province. Compatible local turnout metadata is unavailable. Aosta Valley's separate direct seat and overseas constituencies are excluded.,0
Vicenza,https://github.com/ondata/elezionipolitiche2018,,Lega,Lega,0,491666,0,491666,0,245834,0,first,,,Brothers of Italy,Brothers of Italy,24172,Italy,IT-PROV-024,official,Ministry-format municipality party-list rows preserved by the OnData mirror and aggregated to province. Compatible local turnout metadata is unavailable. Aosta Valley's separate direct seat and overseas constituencies are excluded.,0
Vicenza,https://github.com/ondata/elezionipolitiche2018,,Lega,Lega,0,491666,0,491666,0,245834,0,first,,,More Europe,More Europe,13262,Italy,IT-PROV-024,official,Ministry-format municipality party-list rows preserved by the OnData mirror and aggregated to province. Compatible local turnout metadata is unavailable. Aosta Valley's separate direct seat and overseas constituencies are excluded.,0
Vicenza,https://github.com/ondata/elezionipolitiche2018,,Lega,Lega,0,491666,0,491666,0,245834,0,first,,,Free and Equal,Free and Equal,10835,Italy,IT-PROV-024,official,Ministry-format municipality party-list rows preserved by the OnData mirror and aggregated to province. Compatible local turnout metadata is unavailable. Aosta Valley's separate direct seat and overseas constituencies are excluded.,0
Vicenza,https://github.com/ondata/elezionipolitiche2018,,Lega,Lega,0,491666,0,491666,0,245834,0,first,,,Us with Italy–UDC,Us with Italy–UDC,5409,Italy,IT-PROV-024,official,Ministry-format municipality party-list rows preserved by the OnData mirror and aggregated to province. Compatible local turnout metadata is unavailable. Aosta Valley's separate direct seat and overseas constituencies are excluded.,0
Vicenza,https://github.com/ondata/elezionipolitiche2018,,Lega,Lega,0,491666,0,491666,0,245834,0,first,,,Casapound Italia,Casapound Italia,4659,Italy,IT-PROV-024,official,Ministry-format municipality party-list rows preserved by the OnData mirror and aggregated to province. Compatible local turnout metadata is unavailable. Aosta Valley's separate direct seat and overseas constituencies are excluded.,0
Vicenza,https://github.com/ondata/elezionipolitiche2018,,Lega,Lega,0,491666,0,491666,0,245834,0,first,,,Il Popolo Della Famiglia,Il Popolo Della Famiglia,4058,Italy,IT-PROV-024,official,Ministry-format municipality party-list rows preserved by the OnData mirror and aggregated to province. Compatible local turnout metadata is unavailable. Aosta Valley's separate direct seat and overseas constituencies are excluded.,0
Vicenza,https://github.com/ondata/elezionipolitiche2018,,Lega,Lega,0,491666,0,491666,0,245834,0,first,,,Power to the People,Power to the People,3134,Italy,IT-PROV-024,official,Ministry-format municipality party-list rows preserved by the OnData mirror and aggregated to province. Compatible local turnout metadata is unavailable. Aosta Valley's separate direct seat and overseas constituencies are excluded.,0
Vicenza,https://github.com/ondata/elezionipolitiche2018,,Lega,Lega,0,491666,0,491666,0,245834,0,first,,,Italia Agli Italiani,Italia Agli Italiani,2999,Italy,IT-PROV-024,official,Ministry-format municipality party-list rows preserved by the OnData mirror and aggregated to province. Compatible local turnout metadata is unavailable. Aosta Valley's separate direct seat and overseas constituencies are excluded.,0
Vicenza,https://github.com/ondata/elezionipolitiche2018,,Lega,Lega,0,491666,0,491666,0,245834,0,first,,,Partito Valore Umano,Partito Valore Umano,2142,Italy,IT-PROV-024,official,Ministry-format municipality party-list rows preserved by the OnData mirror and aggregated to province. Compatible local turnout metadata is unavailable. Aosta Valley's separate direct seat and overseas constituencies are excluded.,0
Vicenza,https://github.com/ondata/elezionipolitiche2018,,Lega,Lega,0,491666,0,491666,0,245834,0,first,,,Italia Europa Insieme,Italia Europa Insieme,2009,Italy,IT-PROV-024,official,Ministry-format municipality party-list rows preserved by the OnData mirror and aggregated to province. Compatible local turnout metadata is unavailable. Aosta Valley's separate direct seat and overseas constituencies are excluded.,0
Vicenza,https://github.com/ondata/elezionipolitiche2018,,Lega,Lega,0,491666,0,491666,0,245834,0,first,,,Grande Nord,Grande Nord,2003,Italy,IT-PROV-024,official,Ministry-format municipality party-list rows preserved by the OnData mirror and aggregated to province. Compatible local turnout metadata is unavailable. Aosta Valley's separate direct seat and overseas constituencies are excluded.,0
Vicenza,https://github.com/ondata/elezionipolitiche2018,,Lega,Lega,0,491666,0,491666,0,245834,0,first,,,Civica Popolare Lorenzin,Civica Popolare Lorenzin,1585,Italy,IT-PROV-024,official,Ministry-format municipality party-list rows preserved by the OnData mirror and aggregated to province. Compatible local turnout metadata is unavailable. Aosta Valley's separate direct seat and overseas constituencies are excluded.,0
Vicenza,https://github.com/ondata/elezionipolitiche2018,,Lega,Lega,0,491666,0,491666,0,245834,0,first,,,10 Volte Meglio,10 Volte Meglio,1524,Italy,IT-PROV-024,official,Ministry-format municipality party-list rows preserved by the OnData mirror and aggregated to province. Compatible local turnout metadata is unavailable. Aosta Valley's separate direct seat and overseas constituencies are excluded.,0
Vicenza,https://github.com/ondata/elezionipolitiche2018,,Lega,Lega,0,491666,0,491666,0,245834,0,first,,,Partito Repubblicano Italiano - Ala,Partito Repubblicano Italiano - Ala,438,Italy,IT-PROV-024,official,Ministry-format municipality party-list rows preserved by the OnData mirror and aggregated to province. Compatible local turnout metadata is unavailable. Aosta Valley's separate direct seat and overseas constituencies are excluded.,0
Belluno,https://github.com/ondata/elezionipolitiche2018,,Lega,Lega,0,111394,0,111394,0,55698,0,first,,,Lega,Lega,33697,Italy,IT-PROV-025,official,Ministry-format municipality party-list rows preserved by the OnData mirror and aggregated to province. Compatible local turnout metadata is unavailable. Aosta Valley's separate direct seat and overseas constituencies are excluded.,0
Belluno,https://github.com/ondata/elezionipolitiche2018,,Lega,Lega,0,111394,0,111394,0,55698,0,first,,,Five Star Movement,Five Star Movement,24485,Italy,IT-PROV-025,official,Ministry-format municipality party-list rows preserved by the OnData mirror and aggregated to province. Compatible local turnout metadata is unavailable. Aosta Valley's separate direct seat and overseas constituencies are excluded.,0
Belluno,https://github.com/ondata/elezionipolitiche2018,,Lega,Lega,0,111394,0,111394,0,55698,0,first,,,Democratic Party,Democratic Party,20572,Italy,IT-PROV-025,official,Ministry-format municipality party-list rows preserved by the OnData mirror and aggregated to province. Compatible local turnout metadata is unavailable. Aosta Valley's separate direct seat and overseas constituencies are excluded.,0
Belluno,https://github.com/ondata/elezionipolitiche2018,,Lega,Lega,0,111394,0,111394,0,55698,0,first,,,Forza Italia,Forza Italia,12413,Italy,IT-PROV-025,official,Ministry-format municipality party-list rows preserved by the OnData mirror and aggregated to province. Compatible local turnout metadata is unavailable. Aosta Valley's separate direct seat and overseas constituencies are excluded.,0
Belluno,https://github.com/ondata/elezionipolitiche2018,,Lega,Lega,0,111394,0,111394,0,55698,0,first,,,Brothers of Italy,Brothers of Italy,6701,Italy,IT-PROV-025,official,Ministry-format municipality party-list rows preserved by the OnData mirror and aggregated to province. Compatible local turnout metadata is unavailable. Aosta Valley's separate direct seat and overseas constituencies are excluded.,0
Belluno,https://github.com/ondata/elezionipolitiche2018,,Lega,Lega,0,111394,0,111394,0,55698,0,first,,,More Europe,More Europe,3328,Italy,IT-PROV-025,official,Ministry-format municipality party-list rows preserved by the OnData mirror and aggregated to province. Compatible local turnout metadata is unavailable. Aosta Valley's separate direct seat and overseas constituencies are excluded.,0
Belluno,https://github.com/ondata/elezionipolitiche2018,,Lega,Lega,0,111394,0,111394,0,55698,0,first,,,Free and Equal,Free and Equal,3313,Italy,IT-PROV-025,official,Ministry-format municipality party-list rows preserved by the OnData mirror and aggregated to province. Compatible local turnout metadata is unavailable. Aosta Valley's separate direct seat and overseas constituencies are excluded.,0
Belluno,https://github.com/ondata/elezionipolitiche2018,,Lega,Lega,0,111394,0,111394,0,55698,0,first,,,Power to the People,Power to the People,1069,Italy,IT-PROV-025,official,Ministry-format municipality party-list rows preserved by the OnData mirror and aggregated to province. Compatible local turnout metadata is unavailable. Aosta Valley's separate direct seat and overseas constituencies are excluded.,0
Belluno,https://github.com/ondata/elezionipolitiche2018,,Lega,Lega,0,111394,0,111394,0,55698,0,first,,,Casapound Italia,Casapound Italia,913,Italy,IT-PROV-025,official,Ministry-format municipality party-list rows preserved by the OnData mirror and aggregated to province. Compatible local turnout metadata is unavailable. Aosta Valley's separate direct seat and overseas constituencies are excluded.,0
Belluno,https://github.com/ondata/elezionipolitiche2018,,Lega,Lega,0,111394,0,111394,0,55698,0,first,,,Italia Agli Italiani,Italia Agli Italiani,794,Italy,IT-PROV-025,official,Ministry-format municipality party-list rows preserved by the OnData mirror and aggregated to province. Compatible local turnout metadata is unavailable. Aosta Valley's separate direct seat and overseas constituencies are excluded.,0
Belluno,https://github.com/ondata/elezionipolitiche2018,,Lega,Lega,0,111394,0,111394,0,55698,0,first,,,Il Popolo Della Famiglia,Il Popolo Della Famiglia,775,Italy,IT-PROV-025,official,Ministry-format municipality party-list rows preserved by the OnData mirror and aggregated to province. Compatible local turnout metadata is unavailable. Aosta Valley's separate direct seat and overseas constituencies are excluded.,0
Belluno,https://github.com/ondata/elezionipolitiche2018,,Lega,Lega,0,111394,0,111394,0,55698,0,first,,,Us with Italy–UDC,Us with Italy–UDC,720,Italy,IT-PROV-025,official,Ministry-format municipality party-list rows preserved by the OnData mirror and aggregated to province. Compatible local turnout metadata is unavailable. Aosta Valley's separate direct seat and overseas constituencies are excluded.,0
Belluno,https://github.com/ondata/elezionipolitiche2018,,Lega,Lega,0,111394,0,111394,0,55698,0,first,,,Italia Europa Insieme,Italia Europa Insieme,699,Italy,IT-PROV-025,official,Ministry-format municipality party-list rows preserved by the OnData mirror and aggregated to province. Compatible local turnout metadata is unavailable. Aosta Valley's separate direct seat and overseas constituencies are excluded.,0
Belluno,https://github.com/ondata/elezionipolitiche2018,,Lega,Lega,0,111394,0,111394,0,55698,0,first,,,Partito Valore Umano,Partito Valore Umano,523,Italy,IT-PROV-025,official,Ministry-format municipality party-list rows preserved by the OnData mirror and aggregated to province. Compatible local turnout metadata is unavailable. Aosta Valley's separate direct seat and overseas constituencies are excluded.,0
Belluno,https://github.com/ondata/elezionipolitiche2018,,Lega,Lega,0,111394,0,111394,0,55698,0,first,,,Grande Nord,Grande Nord,503,Italy,IT-PROV-025,official,Ministry-format municipality party-list rows preserved by the OnData mirror and aggregated to province. Compatible local turnout metadata is unavailable. Aosta Valley's separate direct seat and overseas constituencies are excluded.,0
Belluno,https://github.com/ondata/elezionipolitiche2018,,Lega,Lega,0,111394,0,111394,0,55698,0,first,,,Civica Popolare Lorenzin,Civica Popolare Lorenzin,460,Italy,IT-PROV-025,official,Ministry-format municipality party-list rows preserved by the OnData mirror and aggregated to province. Compatible local turnout metadata is unavailable. Aosta Valley's separate direct seat and overseas constituencies are excluded.,0
Belluno,https://github.com/ondata/elezionipolitiche2018,,Lega,Lega,0,111394,0,111394,0,55698,0,first,,,10 Volte Meglio,10 Volte Meglio,311,Italy,IT-PROV-025,official,Ministry-format municipality party-list rows preserved by the OnData mirror and aggregated to province. Compatible local turnout metadata is unavailable. Aosta Valley's separate direct seat and overseas constituencies are excluded.,0
Belluno,https://github.com/ondata/elezionipolitiche2018,,Lega,Lega,0,111394,0,111394,0,55698,0,first,,,Partito Repubblicano Italiano - Ala,Partito Repubblicano Italiano - Ala,118,Italy,IT-PROV-025,official,Ministry-format municipality party-list rows preserved by the OnData mirror and aggregated to province. Compatible local turnout metadata is unavailable. Aosta Valley's separate direct seat and overseas constituencies are excluded.,0
Treviso,https://github.com/ondata/elezionipolitiche2018,,Lega,Lega,0,492055,0,492055,0,246028,0,first,,,Lega,Lega,183910,Italy,IT-PROV-026,official,Ministry-format municipality party-list rows preserved by the OnData mirror and aggregated to province. Compatible local turnout metadata is unavailable. Aosta Valley's separate direct seat and overseas constituencies are excluded.,0
Treviso,https://github.com/ondata/elezionipolitiche2018,,Lega,Lega,0,492055,0,492055,0,246028,0,first,,,Five Star Movement,Five Star Movement,107599,Italy,IT-PROV-026,official,Ministry-format municipality party-list rows preserved by the OnData mirror and aggregated to province. Compatible local turnout metadata is unavailable. Aosta Valley's separate direct seat and overseas constituencies are excluded.,0
Treviso,https://github.com/ondata/elezionipolitiche2018,,Lega,Lega,0,492055,0,492055,0,246028,0,first,,,Democratic Party,Democratic Party,80507,Italy,IT-PROV-026,official,Ministry-format municipality party-list rows preserved by the OnData mirror and aggregated to province. Compatible local turnout metadata is unavailable. Aosta Valley's separate direct seat and overseas constituencies are excluded.,0
Treviso,https://github.com/ondata/elezionipolitiche2018,,Lega,Lega,0,492055,0,492055,0,246028,0,first,,,Forza Italia,Forza Italia,51313,Italy,IT-PROV-026,official,Ministry-format municipality party-list rows preserved by the OnData mirror and aggregated to province. Compatible local turnout metadata is unavailable. Aosta Valley's separate direct seat and overseas constituencies are excluded.,0
Treviso,https://github.com/ondata/elezionipolitiche2018,,Lega,Lega,0,492055,0,492055,0,246028,0,first,,,Brothers of Italy,Brothers of Italy,17615,Italy,IT-PROV-026,official,Ministry-format municipality party-list rows preserved by the OnData mirror and aggregated to province. Compatible local turnout metadata is unavailable. Aosta Valley's separate direct seat and overseas constituencies are excluded.,0
Treviso,https://github.com/ondata/elezionipolitiche2018,,Lega,Lega,0,492055,0,492055,0,246028,0,first,,,More Europe,More Europe,13574,Italy,IT-PROV-026,official,Ministry-format municipality party-list rows preserved by the OnData mirror and aggregated to province. Compatible local turnout metadata is unavailable. Aosta Valley's separate direct seat and overseas constituencies are excluded.,0
Treviso,https://github.com/ondata/elezionipolitiche2018,,Lega,Lega,0,492055,0,492055,0,246028,0,first,,,Free and Equal,Free and Equal,10381,Italy,IT-PROV-026,official,Ministry-format municipality party-list rows preserved by the OnData mirror and aggregated to province. Compatible local turnout metadata is unavailable. Aosta Valley's separate direct seat and overseas constituencies are excluded.,0
Treviso,https://github.com/ondata/elezionipolitiche2018,,Lega,Lega,0,492055,0,492055,0,246028,0,first,,,Il Popolo Della Famiglia,Il Popolo Della Famiglia,5008,Italy,IT-PROV-026,official,Ministry-format municipality party-list rows preserved by the OnData mirror and aggregated to province. Compatible local turnout metadata is unavailable. Aosta Valley's separate direct seat and overseas constituencies are excluded.,0
Treviso,https://github.com/ondata/elezionipolitiche2018,,Lega,Lega,0,492055,0,492055,0,246028,0,first,,,Casapound Italia,Casapound Italia,3649,Italy,IT-PROV-026,official,Ministry-format municipality party-list rows preserved by the OnData mirror and aggregated to province. Compatible local turnout metadata is unavailable. Aosta Valley's separate direct seat and overseas constituencies are excluded.,0
Treviso,https://github.com/ondata/elezionipolitiche2018,,Lega,Lega,0,492055,0,492055,0,246028,0,first,,,Us with Italy–UDC,Us with Italy–UDC,3624,Italy,IT-PROV-026,official,Ministry-format municipality party-list rows preserved by the OnData mirror and aggregated to province. Compatible local turnout metadata is unavailable. Aosta Valley's separate direct seat and overseas constituencies are excluded.,0
Treviso,https://github.com/ondata/elezionipolitiche2018,,Lega,Lega,0,492055,0,492055,0,246028,0,first,,,Power to the People,Power to the People,2541,Italy,IT-PROV-026,official,Ministry-format municipality party-list rows preserved by the OnData mirror and aggregated to province. Compatible local turnout metadata is unavailable. Aosta Valley's separate direct seat and overseas constituencies are excluded.,0
Treviso,https://github.com/ondata/elezionipolitiche2018,,Lega,Lega,0,492055,0,492055,0,246028,0,first,,,Italia Agli Italiani,Italia Agli Italiani,2477,Italy,IT-PROV-026,official,Ministry-format municipality party-list rows preserved by the OnData mirror and aggregated to province. Compatible local turnout metadata is unavailable. Aosta Valley's separate direct seat and overseas constituencies are excluded.,0
Treviso,https://github.com/ondata/elezionipolitiche2018,,Lega,Lega,0,492055,0,492055,0,246028,0,first,,,Italia Europa Insieme,Italia Europa Insieme,2120,Italy,IT-PROV-026,official,Ministry-format municipality party-list rows preserved by the OnData mirror and aggregated to province. Compatible local turnout metadata is unavailable. Aosta Valley's separate direct seat and overseas constituencies are excluded.,0
Treviso,https://github.com/ondata/elezionipolitiche2018,,Lega,Lega,0,492055,0,492055,0,246028,0,first,,,Partito Valore Umano,Partito Valore Umano,1975,Italy,IT-PROV-026,official,Ministry-format municipality party-list rows preserved by the OnData mirror and aggregated to province. Compatible local turnout metadata is unavailable. Aosta Valley's separate direct seat and overseas constituencies are excluded.,0
Treviso,https://github.com/ondata/elezionipolitiche2018,,Lega,Lega,0,492055,0,492055,0,246028,0,first,,,10 Volte Meglio,10 Volte Meglio,1932,Italy,IT-PROV-026,official,Ministry-format municipality party-list rows preserved by the OnData mirror and aggregated to province. Compatible local turnout metadata is unavailable. Aosta Valley's separate direct seat and overseas constituencies are excluded.,0
Treviso,https://github.com/ondata/elezionipolitiche2018,,Lega,Lega,0,492055,0,492055,0,246028,0,first,,,Grande Nord,Grande Nord,1843,Italy,IT-PROV-026,official,Ministry-format municipality party-list rows preserved by the OnData mirror and aggregated to province. Compatible local turnout metadata is unavailable. Aosta Valley's separate direct seat and overseas constituencies are excluded.,0
Treviso,https://github.com/ondata/elezionipolitiche2018,,Lega,Lega,0,492055,0,492055,0,246028,0,first,,,Civica Popolare Lorenzin,Civica Popolare Lorenzin,1524,Italy,IT-PROV-026,official,Ministry-format municipality party-list rows preserved by the OnData mirror and aggregated to province. Compatible local turnout metadata is unavailable. Aosta Valley's separate direct seat and overseas constituencies are excluded.,0
Treviso,https://github.com/ondata/elezionipolitiche2018,,Lega,Lega,0,492055,0,492055,0,246028,0,first,,,Partito Repubblicano Italiano - Ala,Partito Repubblicano Italiano - Ala,463,Italy,IT-PROV-026,official,Ministry-format municipality party-list rows preserved by the OnData mirror and aggregated to province. Compatible local turnout metadata is unavailable. Aosta Valley's separate direct seat and overseas constituencies are excluded.,0
Venezia,https://github.com/ondata/elezionipolitiche2018,,Lega,Lega,0,473200,0,473200,0,236601,0,first,,,Lega,Lega,133891,Italy,IT-PROV-027,official,Ministry-format municipality party-list rows preserved by the OnData mirror and aggregated to province. Compatible local turnout metadata is unavailable. Aosta Valley's separate direct seat and overseas constituencies are excluded.,0
Venezia,https://github.com/ondata/elezionipolitiche2018,,Lega,Lega,0,473200,0,473200,0,236601,0,first,,,Five Star Movement,Five Star Movement,130347,Italy,IT-PROV-027,official,Ministry-format municipality party-list rows preserved by the OnData mirror and aggregated to province. Compatible local turnout metadata is unavailable. Aosta Valley's separate direct seat and overseas constituencies are excluded.,0
Venezia,https://github.com/ondata/elezionipolitiche2018,,Lega,Lega,0,473200,0,473200,0,236601,0,first,,,Democratic Party,Democratic Party,87603,Italy,IT-PROV-027,official,Ministry-format municipality party-list rows preserved by the OnData mirror and aggregated to province. Compatible local turnout metadata is unavailable. Aosta Valley's separate direct seat and overseas constituencies are excluded.,0
Venezia,https://github.com/ondata/elezionipolitiche2018,,Lega,Lega,0,473200,0,473200,0,236601,0,first,,,Forza Italia,Forza Italia,49981,Italy,IT-PROV-027,official,Ministry-format municipality party-list rows preserved by the OnData mirror and aggregated to province. Compatible local turnout metadata is unavailable. Aosta Valley's separate direct seat and overseas constituencies are excluded.,0
Venezia,https://github.com/ondata/elezionipolitiche2018,,Lega,Lega,0,473200,0,473200,0,236601,0,first,,,Brothers of Italy,Brothers of Italy,16709,Italy,IT-PROV-027,official,Ministry-format municipality party-list rows preserved by the OnData mirror and aggregated to province. Compatible local turnout metadata is unavailable. Aosta Valley's separate direct seat and overseas constituencies are excluded.,0
Venezia,https://github.com/ondata/elezionipolitiche2018,,Lega,Lega,0,473200,0,473200,0,236601,0,first,,,Free and Equal,Free and Equal,16108,Italy,IT-PROV-027,official,Ministry-format municipality party-list rows preserved by the OnData mirror and aggregated to province. Compatible local turnout metadata is unavailable. Aosta Valley's separate direct seat and overseas constituencies are excluded.,0
Venezia,https://github.com/ondata/elezionipolitiche2018,,Lega,Lega,0,473200,0,473200,0,236601,0,first,,,More Europe,More Europe,12822,Italy,IT-PROV-027,official,Ministry-format municipality party-list rows preserved by the OnData mirror and aggregated to province. Compatible local turnout metadata is unavailable. Aosta Valley's separate direct seat and overseas constituencies are excluded.,0
Venezia,https://github.com/ondata/elezionipolitiche2018,,Lega,Lega,0,473200,0,473200,0,236601,0,first,,,Il Popolo Della Famiglia,Il Popolo Della Famiglia,3951,Italy,IT-PROV-027,official,Ministry-format municipality party-list rows preserved by the OnData mirror and aggregated to province. Compatible local turnout metadata is unavailable. Aosta Valley's separate direct seat and overseas constituencies are excluded.,0
Venezia,https://github.com/ondata/elezionipolitiche2018,,Lega,Lega,0,473200,0,473200,0,236601,0,first,,,Power to the People,Power to the People,3921,Italy,IT-PROV-027,official,Ministry-format municipality party-list rows preserved by the OnData mirror and aggregated to province. Compatible local turnout metadata is unavailable. Aosta Valley's separate direct seat and overseas constituencies are excluded.,0
Venezia,https://github.com/ondata/elezionipolitiche2018,,Lega,Lega,0,473200,0,473200,0,236601,0,first,,,Casapound Italia,Casapound Italia,3305,Italy,IT-PROV-027,official,Ministry-format municipality party-list rows preserved by the OnData mirror and aggregated to province. Compatible local turnout metadata is unavailable. Aosta Valley's separate direct seat and overseas constituencies are excluded.,0
Venezia,https://github.com/ondata/elezionipolitiche2018,,Lega,Lega,0,473200,0,473200,0,236601,0,first,,,Us with Italy–UDC,Us with Italy–UDC,3198,Italy,IT-PROV-027,official,Ministry-format municipality party-list rows preserved by the OnData mirror and aggregated to province. Compatible local turnout metadata is unavailable. Aosta Valley's separate direct seat and overseas constituencies are excluded.,0
Venezia,https://github.com/ondata/elezionipolitiche2018,,Lega,Lega,0,473200,0,473200,0,236601,0,first,,,Italia Europa Insieme,Italia Europa Insieme,2543,Italy,IT-PROV-027,official,Ministry-format municipality party-list rows preserved by the OnData mirror and aggregated to province. Compatible local turnout metadata is unavailable. Aosta Valley's separate direct seat and overseas constituencies are excluded.,0
Venezia,https://github.com/ondata/elezionipolitiche2018,,Lega,Lega,0,473200,0,473200,0,236601,0,first,,,Italia Agli Italiani,Italia Agli Italiani,2480,Italy,IT-PROV-027,official,Ministry-format municipality party-list rows preserved by the OnData mirror and aggregated to province. Compatible local turnout metadata is unavailable. Aosta Valley's separate direct seat and overseas constituencies are excluded.,0
Venezia,https://github.com/ondata/elezionipolitiche2018,,Lega,Lega,0,473200,0,473200,0,236601,0,first,,,Civica Popolare Lorenzin,Civica Popolare Lorenzin,1993,Italy,IT-PROV-027,official,Ministry-format municipality party-list rows preserved by the OnData mirror and aggregated to province. Compatible local turnout metadata is unavailable. Aosta Valley's separate direct seat and overseas constituencies are excluded.,0
Venezia,https://github.com/ondata/elezionipolitiche2018,,Lega,Lega,0,473200,0,473200,0,236601,0,first,,,Grande Nord,Grande Nord,1498,Italy,IT-PROV-027,official,Ministry-format municipality party-list rows preserved by the OnData mirror and aggregated to province. Compatible local turnout metadata is unavailable. Aosta Valley's separate direct seat and overseas constituencies are excluded.,0
Venezia,https://github.com/ondata/elezionipolitiche2018,,Lega,Lega,0,473200,0,473200,0,236601,0,first,,,Partito Valore Umano,Partito Valore Umano,1272,Italy,IT-PROV-027,official,Ministry-format municipality party-list rows preserved by the OnData mirror and aggregated to province. Compatible local turnout metadata is unavailable. Aosta Valley's separate direct seat and overseas constituencies are excluded.,0
Venezia,https://github.com/ondata/elezionipolitiche2018,,Lega,Lega,0,473200,0,473200,0,236601,0,first,,,10 Volte Meglio,10 Volte Meglio,1213,Italy,IT-PROV-027,official,Ministry-format municipality party-list rows preserved by the OnData mirror and aggregated to province. Compatible local turnout metadata is unavailable. Aosta Valley's separate direct seat and overseas constituencies are excluded.,0
Venezia,https://github.com/ondata/elezionipolitiche2018,,Lega,Lega,0,473200,0,473200,0,236601,0,first,,,Partito Repubblicano Italiano - Ala,Partito Repubblicano Italiano - Ala,365,Italy,IT-PROV-027,official,Ministry-format municipality party-list rows preserved by the OnData mirror and aggregated to province. Compatible local turnout metadata is unavailable. Aosta Valley's separate direct seat and overseas constituencies are excluded.,0
Padova,https://github.com/ondata/elezionipolitiche2018,,Lega,Lega,0,536681,0,536681,0,268341,0,first,,,Lega,Lega,169999,Italy,IT-PROV-028,official,Ministry-format municipality party-list rows preserved by the OnData mirror and aggregated to province. Compatible local turnout metadata is unavailable. Aosta Valley's separate direct seat and overseas constituencies are excluded.,0
Padova,https://github.com/ondata/elezionipolitiche2018,,Lega,Lega,0,536681,0,536681,0,268341,0,first,,,Five Star Movement,Five Star Movement,128636,Italy,IT-PROV-028,official,Ministry-format municipality party-list rows preserved by the OnData mirror and aggregated to province. Compatible local turnout metadata is unavailable. Aosta Valley's separate direct seat and overseas constituencies are excluded.,0
Padova,https://github.com/ondata/elezionipolitiche2018,,Lega,Lega,0,536681,0,536681,0,268341,0,first,,,Democratic Party,Democratic Party,89841,Italy,IT-PROV-028,official,Ministry-format municipality party-list rows preserved by the OnData mirror and aggregated to province. Compatible local turnout metadata is unavailable. Aosta Valley's separate direct seat and overseas constituencies are excluded.,0
Padova,https://github.com/ondata/elezionipolitiche2018,,Lega,Lega,0,536681,0,536681,0,268341,0,first,,,Forza Italia,Forza Italia,62339,Italy,IT-PROV-028,official,Ministry-format municipality party-list rows preserved by the OnData mirror and aggregated to province. Compatible local turnout metadata is unavailable. Aosta Valley's separate direct seat and overseas constituencies are excluded.,0
Padova,https://github.com/ondata/elezionipolitiche2018,,Lega,Lega,0,536681,0,536681,0,268341,0,first,,,Brothers of Italy,Brothers of Italy,22154,Italy,IT-PROV-028,official,Ministry-format municipality party-list rows preserved by the OnData mirror and aggregated to province. Compatible local turnout metadata is unavailable. Aosta Valley's separate direct seat and overseas constituencies are excluded.,0
Padova,https://github.com/ondata/elezionipolitiche2018,,Lega,Lega,0,536681,0,536681,0,268341,0,first,,,More Europe,More Europe,15555,Italy,IT-PROV-028,official,Ministry-format municipality party-list rows preserved by the OnData mirror and aggregated to province. Compatible local turnout metadata is unavailable. Aosta Valley's separate direct seat and overseas constituencies are excluded.,0
Padova,https://github.com/ondata/elezionipolitiche2018,,Lega,Lega,0,536681,0,536681,0,268341,0,first,,,Free and Equal,Free and Equal,15062,Italy,IT-PROV-028,official,Ministry-format municipality party-list rows preserved by the OnData mirror and aggregated to province. Compatible local turnout metadata is unavailable. Aosta Valley's separate direct seat and overseas constituencies are excluded.,0
Padova,https://github.com/ondata/elezionipolitiche2018,,Lega,Lega,0,536681,0,536681,0,268341,0,first,,,Us with Italy–UDC,Us with Italy–UDC,5848,Italy,IT-PROV-028,official,Ministry-format municipality party-list rows preserved by the OnData mirror and aggregated to province. Compatible local turnout metadata is unavailable. Aosta Valley's separate direct seat and overseas constituencies are excluded.,0
Padova,https://github.com/ondata/elezionipolitiche2018,,Lega,Lega,0,536681,0,536681,0,268341,0,first,,,Il Popolo Della Famiglia,Il Popolo Della Famiglia,4371,Italy,IT-PROV-028,official,Ministry-format municipality party-list rows preserved by the OnData mirror and aggregated to province. Compatible local turnout metadata is unavailable. Aosta Valley's separate direct seat and overseas constituencies are excluded.,0
Padova,https://github.com/ondata/elezionipolitiche2018,,Lega,Lega,0,536681,0,536681,0,268341,0,first,,,Casapound Italia,Casapound Italia,4274,Italy,IT-PROV-028,official,Ministry-format municipality party-list rows preserved by the OnData mirror and aggregated to province. Compatible local turnout metadata is unavailable. Aosta Valley's separate direct seat and overseas constituencies are excluded.,0
Padova,https://github.com/ondata/elezionipolitiche2018,,Lega,Lega,0,536681,0,536681,0,268341,0,first,,,Italia Agli Italiani,Italia Agli Italiani,3604,Italy,IT-PROV-028,official,Ministry-format municipality party-list rows preserved by the OnData mirror and aggregated to province. Compatible local turnout metadata is unavailable. Aosta Valley's separate direct seat and overseas constituencies are excluded.,0
Padova,https://github.com/ondata/elezionipolitiche2018,,Lega,Lega,0,536681,0,536681,0,268341,0,first,,,Italia Europa Insieme,Italia Europa Insieme,3561,Italy,IT-PROV-028,official,Ministry-format municipality party-list rows preserved by the OnData mirror and aggregated to province. Compatible local turnout metadata is unavailable. Aosta Valley's separate direct seat and overseas constituencies are excluded.,0
Padova,https://github.com/ondata/elezionipolitiche2018,,Lega,Lega,0,536681,0,536681,0,268341,0,first,,,Power to the People,Power to the People,3290,Italy,IT-PROV-028,official,Ministry-format municipality party-list rows preserved by the OnData mirror and aggregated to province. Compatible local turnout metadata is unavailable. Aosta Valley's separate direct seat and overseas constituencies are excluded.,0
Padova,https://github.com/ondata/elezionipolitiche2018,,Lega,Lega,0,536681,0,536681,0,268341,0,first,,,Civica Popolare Lorenzin,Civica Popolare Lorenzin,2201,Italy,IT-PROV-028,official,Ministry-format municipality party-list rows preserved by the OnData mirror and aggregated to province. Compatible local turnout metadata is unavailable. Aosta Valley's separate direct seat and overseas constituencies are excluded.,0
Padova,https://github.com/ondata/elezionipolitiche2018,,Lega,Lega,0,536681,0,536681,0,268341,0,first,,,Partito Valore Umano,Partito Valore Umano,1858,Italy,IT-PROV-028,official,Ministry-format municipality party-list rows preserved by the OnData mirror and aggregated to province. Compatible local turnout metadata is unavailable. Aosta Valley's separate direct seat and overseas constituencies are excluded.,0
Padova,https://github.com/ondata/elezionipolitiche2018,,Lega,Lega,0,536681,0,536681,0,268341,0,first,,,10 Volte Meglio,10 Volte Meglio,1757,Italy,IT-PROV-028,official,Ministry-format municipality party-list rows preserved by the OnData mirror and aggregated to province. Compatible local turnout metadata is unavailable. Aosta Valley's separate direct seat and overseas constituencies are excluded.,0
Padova,https://github.com/ondata/elezionipolitiche2018,,Lega,Lega,0,536681,0,536681,0,268341,0,first,,,Grande Nord,Grande Nord,1734,Italy,IT-PROV-028,official,Ministry-format municipality party-list rows preserved by the OnData mirror and aggregated to province. Compatible local turnout metadata is unavailable. Aosta Valley's separate direct seat and overseas constituencies are excluded.,0
Padova,https://github.com/ondata/elezionipolitiche2018,,Lega,Lega,0,536681,0,536681,0,268341,0,first,,,Partito Repubblicano Italiano - Ala,Partito Repubblicano Italiano - Ala,597,Italy,IT-PROV-028,official,Ministry-format municipality party-list rows preserved by the OnData mirror and aggregated to province. Compatible local turnout metadata is unavailable. Aosta Valley's separate direct seat and overseas constituencies are excluded.,0
Rovigo,https://github.com/ondata/elezionipolitiche2018,,Lega,Lega,0,136041,0,136041,0,68021,0,first,,,Lega,Lega,42132,Italy,IT-PROV-029,official,Ministry-format municipality party-list rows preserved by the OnData mirror and aggregated to province. Compatible local turnout metadata is unavailable. Aosta Valley's separate direct seat and overseas constituencies are excluded.,0
Rovigo,https://github.com/ondata/elezionipolitiche2018,,Lega,Lega,0,136041,0,136041,0,68021,0,first,,,Five Star Movement,Five Star Movement,34043,Italy,IT-PROV-029,official,Ministry-format municipality party-list rows preserved by the OnData mirror and aggregated to province. Compatible local turnout metadata is unavailable. Aosta Valley's separate direct seat and overseas constituencies are excluded.,0
Rovigo,https://github.com/ondata/elezionipolitiche2018,,Lega,Lega,0,136041,0,136041,0,68021,0,first,,,Democratic Party,Democratic Party,24620,Italy,IT-PROV-029,official,Ministry-format municipality party-list rows preserved by the OnData mirror and aggregated to province. Compatible local turnout metadata is unavailable. Aosta Valley's separate direct seat and overseas constituencies are excluded.,0
Rovigo,https://github.com/ondata/elezionipolitiche2018,,Lega,Lega,0,136041,0,136041,0,68021,0,first,,,Forza Italia,Forza Italia,16147,Italy,IT-PROV-029,official,Ministry-format municipality party-list rows preserved by the OnData mirror and aggregated to province. Compatible local turnout metadata is unavailable. Aosta Valley's separate direct seat and overseas constituencies are excluded.,0
Rovigo,https://github.com/ondata/elezionipolitiche2018,,Lega,Lega,0,136041,0,136041,0,68021,0,first,,,Brothers of Italy,Brothers of Italy,5595,Italy,IT-PROV-029,official,Ministry-format municipality party-list rows preserved by the OnData mirror and aggregated to province. Compatible local turnout metadata is unavailable. Aosta Valley's separate direct seat and overseas constituencies are excluded.,0
Rovigo,https://github.com/ondata/elezionipolitiche2018,,Lega,Lega,0,136041,0,136041,0,68021,0,first,,,Free and Equal,Free and Equal,3489,Italy,IT-PROV-029,official,Ministry-format municipality party-list rows preserved by the OnData mirror and aggregated to province. Compatible local turnout metadata is unavailable. Aosta Valley's separate direct seat and overseas constituencies are excluded.,0
Rovigo,https://github.com/ondata/elezionipolitiche2018,,Lega,Lega,0,136041,0,136041,0,68021,0,first,,,More Europe,More Europe,2347,Italy,IT-PROV-029,official,Ministry-format municipality party-list rows preserved by the OnData mirror and aggregated to province. Compatible local turnout metadata is unavailable. Aosta Valley's separate direct seat and overseas constituencies are excluded.,0
Rovigo,https://github.com/ondata/elezionipolitiche2018,,Lega,Lega,0,136041,0,136041,0,68021,0,first,,,Italia Agli Italiani,Italia Agli Italiani,1536,Italy,IT-PROV-029,official,Ministry-format municipality party-list rows preserved by the OnData mirror and aggregated to province. Compatible local turnout metadata is unavailable. Aosta Valley's separate direct seat and overseas constituencies are excluded.,0
Rovigo,https://github.com/ondata/elezionipolitiche2018,,Lega,Lega,0,136041,0,136041,0,68021,0,first,,,Us with Italy–UDC,Us with Italy–UDC,1224,Italy,IT-PROV-029,official,Ministry-format municipality party-list rows preserved by the OnData mirror and aggregated to province. Compatible local turnout metadata is unavailable. Aosta Valley's separate direct seat and overseas constituencies are excluded.,0
Rovigo,https://github.com/ondata/elezionipolitiche2018,,Lega,Lega,0,136041,0,136041,0,68021,0,first,,,Casapound Italia,Casapound Italia,1010,Italy,IT-PROV-029,official,Ministry-format municipality party-list rows preserved by the OnData mirror and aggregated to province. Compatible local turnout metadata is unavailable. Aosta Valley's separate direct seat and overseas constituencies are excluded.,0
Rovigo,https://github.com/ondata/elezionipolitiche2018,,Lega,Lega,0,136041,0,136041,0,68021,0,first,,,Power to the People,Power to the People,988,Italy,IT-PROV-029,official,Ministry-format municipality party-list rows preserved by the OnData mirror and aggregated to province. Compatible local turnout metadata is unavailable. Aosta Valley's separate direct seat and overseas constituencies are excluded.,0
Rovigo,https://github.com/ondata/elezionipolitiche2018,,Lega,Lega,0,136041,0,136041,0,68021,0,first,,,Il Popolo Della Famiglia,Il Popolo Della Famiglia,918,Italy,IT-PROV-029,official,Ministry-format municipality party-list rows preserved by the OnData mirror and aggregated to province. Compatible local turnout metadata is unavailable. Aosta Valley's separate direct seat and overseas constituencies are excluded.,0
Rovigo,https://github.com/ondata/elezionipolitiche2018,,Lega,Lega,0,136041,0,136041,0,68021,0,first,,,Italia Europa Insieme,Italia Europa Insieme,621,Italy,IT-PROV-029,official,Ministry-format municipality party-list rows preserved by the OnData mirror and aggregated to province. Compatible local turnout metadata is unavailable. Aosta Valley's separate direct seat and overseas constituencies are excluded.,0
Rovigo,https://github.com/ondata/elezionipolitiche2018,,Lega,Lega,0,136041,0,136041,0,68021,0,first,,,Civica Popolare Lorenzin,Civica Popolare Lorenzin,471,Italy,IT-PROV-029,official,Ministry-format municipality party-list rows preserved by the OnData mirror and aggregated to province. Compatible local turnout metadata is unavailable. Aosta Valley's separate direct seat and overseas constituencies are excluded.,0
Rovigo,https://github.com/ondata/elezionipolitiche2018,,Lega,Lega,0,136041,0,136041,0,68021,0,first,,,Grande Nord,Grande Nord,466,Italy,IT-PROV-029,official,Ministry-format municipality party-list rows preserved by the OnData mirror and aggregated to province. Compatible local turnout metadata is unavailable. Aosta Valley's separate direct seat and overseas constituencies are excluded.,0
Rovigo,https://github.com/ondata/elezionipolitiche2018,,Lega,Lega,0,136041,0,136041,0,68021,0,first,,,10 Volte Meglio,10 Volte Meglio,252,Italy,IT-PROV-029,official,Ministry-format municipality party-list rows preserved by the OnData mirror and aggregated to province. Compatible local turnout metadata is unavailable. Aosta Valley's separate direct seat and overseas constituencies are excluded.,0
Rovigo,https://github.com/ondata/elezionipolitiche2018,,Lega,Lega,0,136041,0,136041,0,68021,0,first,,,Partito Repubblicano Italiano - Ala,Partito Repubblicano Italiano - Ala,182,Italy,IT-PROV-029,official,Ministry-format municipality party-list rows preserved by the OnData mirror and aggregated to province. Compatible local turnout metadata is unavailable. Aosta Valley's separate direct seat and overseas constituencies are excluded.,0
Udine,https://github.com/ondata/elezionipolitiche2018,,Lega,Lega,0,288530,0,288530,0,144266,0,first,,,Lega,Lega,81398,Italy,IT-PROV-030,official,Ministry-format municipality party-list rows preserved by the OnData mirror and aggregated to province. Compatible local turnout metadata is unavailable. Aosta Valley's separate direct seat and overseas constituencies are excluded.,0
Udine,https://github.com/ondata/elezionipolitiche2018,,Lega,Lega,0,288530,0,288530,0,144266,0,first,,,Five Star Movement,Five Star Movement,66978,Italy,IT-PROV-030,official,Ministry-format municipality party-list rows preserved by the OnData mirror and aggregated to province. Compatible local turnout metadata is unavailable. Aosta Valley's separate direct seat and overseas constituencies are excluded.,0
Udine,https://github.com/ondata/elezionipolitiche2018,,Lega,Lega,0,288530,0,288530,0,144266,0,first,,,Democratic Party,Democratic Party,51475,Italy,IT-PROV-030,official,Ministry-format municipality party-list rows preserved by the OnData mirror and aggregated to province. Compatible local turnout metadata is unavailable. Aosta Valley's separate direct seat and overseas constituencies are excluded.,0
Udine,https://github.com/ondata/elezionipolitiche2018,,Lega,Lega,0,288530,0,288530,0,144266,0,first,,,Forza Italia,Forza Italia,31520,Italy,IT-PROV-030,official,Ministry-format municipality party-list rows preserved by the OnData mirror and aggregated to province. Compatible local turnout metadata is unavailable. Aosta Valley's separate direct seat and overseas constituencies are excluded.,0
Udine,https://github.com/ondata/elezionipolitiche2018,,Lega,Lega,0,288530,0,288530,0,144266,0,first,,,Brothers of Italy,Brothers of Italy,15061,Italy,IT-PROV-030,official,Ministry-format municipality party-list rows preserved by the OnData mirror and aggregated to province. Compatible local turnout metadata is unavailable. Aosta Valley's separate direct seat and overseas constituencies are excluded.,0
Udine,https://github.com/ondata/elezionipolitiche2018,,Lega,Lega,0,288530,0,288530,0,144266,0,first,,,More Europe,More Europe,9121,Italy,IT-PROV-030,official,Ministry-format municipality party-list rows preserved by the OnData mirror and aggregated to province. Compatible local turnout metadata is unavailable. Aosta Valley's separate direct seat and overseas constituencies are excluded.,0
Udine,https://github.com/ondata/elezionipolitiche2018,,Lega,Lega,0,288530,0,288530,0,144266,0,first,,,Free and Equal,Free and Equal,8356,Italy,IT-PROV-030,official,Ministry-format municipality party-list rows preserved by the OnData mirror and aggregated to province. Compatible local turnout metadata is unavailable. Aosta Valley's separate direct seat and overseas constituencies are excluded.,0
Udine,https://github.com/ondata/elezionipolitiche2018,,Lega,Lega,0,288530,0,288530,0,144266,0,first,,,Us with Italy–UDC,Us with Italy–UDC,4634,Italy,IT-PROV-030,official,Ministry-format municipality party-list rows preserved by the OnData mirror and aggregated to province. Compatible local turnout metadata is unavailable. Aosta Valley's separate direct seat and overseas constituencies are excluded.,0
Udine,https://github.com/ondata/elezionipolitiche2018,,Lega,Lega,0,288530,0,288530,0,144266,0,first,,,Casapound Italia,Casapound Italia,4022,Italy,IT-PROV-030,official,Ministry-format municipality party-list rows preserved by the OnData mirror and aggregated to province. Compatible local turnout metadata is unavailable. Aosta Valley's separate direct seat and overseas constituencies are excluded.,0
Udine,https://github.com/ondata/elezionipolitiche2018,,Lega,Lega,0,288530,0,288530,0,144266,0,first,,,Patto Per L'Autonomia,Patto Per L'Autonomia,2837,Italy,IT-PROV-030,official,Ministry-format municipality party-list rows preserved by the OnData mirror and aggregated to province. Compatible local turnout metadata is unavailable. Aosta Valley's separate direct seat and overseas constituencies are excluded.,0
Udine,https://github.com/ondata/elezionipolitiche2018,,Lega,Lega,0,288530,0,288530,0,144266,0,first,,,Italia Agli Italiani,Italia Agli Italiani,2278,Italy,IT-PROV-030,official,Ministry-format municipality party-list rows preserved by the OnData mirror and aggregated to province. Compatible local turnout metadata is unavailable. Aosta Valley's separate direct seat and overseas constituencies are excluded.,0
Udine,https://github.com/ondata/elezionipolitiche2018,,Lega,Lega,0,288530,0,288530,0,144266,0,first,,,Power to the People,Power to the People,1826,Italy,IT-PROV-030,official,Ministry-format municipality party-list rows preserved by the OnData mirror and aggregated to province. Compatible local turnout metadata is unavailable. Aosta Valley's separate direct seat and overseas constituencies are excluded.,0
Udine,https://github.com/ondata/elezionipolitiche2018,,Lega,Lega,0,288530,0,288530,0,144266,0,first,,,Il Popolo Della Famiglia,Il Popolo Della Famiglia,1823,Italy,IT-PROV-030,official,Ministry-format municipality party-list rows preserved by the OnData mirror and aggregated to province. Compatible local turnout metadata is unavailable. Aosta Valley's separate direct seat and overseas constituencies are excluded.,0
Udine,https://github.com/ondata/elezionipolitiche2018,,Lega,Lega,0,288530,0,288530,0,144266,0,first,,,Italia Europa Insieme,Italia Europa Insieme,1468,Italy,IT-PROV-030,official,Ministry-format municipality party-list rows preserved by the OnData mirror and aggregated to province. Compatible local turnout metadata is unavailable. Aosta Valley's separate direct seat and overseas constituencies are excluded.,0
Udine,https://github.com/ondata/elezionipolitiche2018,,Lega,Lega,0,288530,0,288530,0,144266,0,first,,,Partito Valore Umano,Partito Valore Umano,1370,Italy,IT-PROV-030,official,Ministry-format municipality party-list rows preserved by the OnData mirror and aggregated to province. Compatible local turnout metadata is unavailable. Aosta Valley's separate direct seat and overseas constituencies are excluded.,0
Udine,https://github.com/ondata/elezionipolitiche2018,,Lega,Lega,0,288530,0,288530,0,144266,0,first,,,Civica Popolare Lorenzin,Civica Popolare Lorenzin,1311,Italy,IT-PROV-030,official,Ministry-format municipality party-list rows preserved by the OnData mirror and aggregated to province. Compatible local turnout metadata is unavailable. Aosta Valley's separate direct seat and overseas constituencies are excluded.,0
Udine,https://github.com/ondata/elezionipolitiche2018,,Lega,Lega,0,288530,0,288530,0,144266,0,first,,,10 Volte Meglio,10 Volte Meglio,797,Italy,IT-PROV-030,official,Ministry-format municipality party-list rows preserved by the OnData mirror and aggregated to province. Compatible local turnout metadata is unavailable. Aosta Valley's separate direct seat and overseas constituencies are excluded.,0
Udine,https://github.com/ondata/elezionipolitiche2018,,Lega,Lega,0,288530,0,288530,0,144266,0,first,,,Siamo,Siamo,689,Italy,IT-PROV-030,official,Ministry-format municipality party-list rows preserved by the OnData mirror and aggregated to province. Compatible local turnout metadata is unavailable. Aosta Valley's separate direct seat and overseas constituencies are excluded.,0
Udine,https://github.com/ondata/elezionipolitiche2018,,Lega,Lega,0,288530,0,288530,0,144266,0,first,,,Per Una Sinistra Rivoluzionaria,Per Una Sinistra Rivoluzionaria,665,Italy,IT-PROV-030,official,Ministry-format municipality party-list rows preserved by the OnData mirror and aggregated to province. Compatible local turnout metadata is unavailable. Aosta Valley's separate direct seat and overseas constituencies are excluded.,0
Udine,https://github.com/ondata/elezionipolitiche2018,,Lega,Lega,0,288530,0,288530,0,144266,0,first,,,Rinascimento Mir,Rinascimento Mir,356,Italy,IT-PROV-030,official,Ministry-format municipality party-list rows preserved by the OnData mirror and aggregated to province. Compatible local turnout metadata is unavailable. Aosta Valley's separate direct seat and overseas constituencies are excluded.,0
Udine,https://github.com/ondata/elezionipolitiche2018,,Lega,Lega,0,288530,0,288530,0,144266,0,first,,,Lista Del Popolo Per La Costituzione,Lista Del Popolo Per La Costituzione,303,Italy,IT-PROV-030,official,Ministry-format municipality party-list rows preserved by the OnData mirror and aggregated to province. Compatible local turnout metadata is unavailable. Aosta Valley's separate direct seat and overseas constituencies are excluded.,0
Udine,https://github.com/ondata/elezionipolitiche2018,,Lega,Lega,0,288530,0,288530,0,144266,0,first,,,Blocco Nazionale Per Le Liberta',Blocco Nazionale Per Le Liberta',242,Italy,IT-PROV-030,official,Ministry-format municipality party-list rows preserved by the OnData mirror and aggregated to province. Compatible local turnout metadata is unavailable. Aosta Valley's separate direct seat and overseas constituencies are excluded.,0
Gorizia,https://github.com/ondata/elezionipolitiche2018,,Five Star Movement,Five Star Movement,0,73247,0,73247,0,36624,0,first,,,Five Star Movement,Five Star Movement,20673,Italy,IT-PROV-031,official,Ministry-format municipality party-list rows preserved by the OnData mirror and aggregated to province. Compatible local turnout metadata is unavailable. Aosta Valley's separate direct seat and overseas constituencies are excluded.,0
Gorizia,https://github.com/ondata/elezionipolitiche2018,,Five Star Movement,Five Star Movement,0,73247,0,73247,0,36624,0,first,,,Lega,Lega,16500,Italy,IT-PROV-031,official,Ministry-format municipality party-list rows preserved by the OnData mirror and aggregated to province. Compatible local turnout metadata is unavailable. Aosta Valley's separate direct seat and overseas constituencies are excluded.,0
Gorizia,https://github.com/ondata/elezionipolitiche2018,,Five Star Movement,Five Star Movement,0,73247,0,73247,0,36624,0,first,,,Democratic Party,Democratic Party,14763,Italy,IT-PROV-031,official,Ministry-format municipality party-list rows preserved by the OnData mirror and aggregated to province. Compatible local turnout metadata is unavailable. Aosta Valley's separate direct seat and overseas constituencies are excluded.,0
Gorizia,https://github.com/ondata/elezionipolitiche2018,,Five Star Movement,Five Star Movement,0,73247,0,73247,0,36624,0,first,,,Forza Italia,Forza Italia,7243,Italy,IT-PROV-031,official,Ministry-format municipality party-list rows preserved by the OnData mirror and aggregated to province. Compatible local turnout metadata is unavailable. Aosta Valley's separate direct seat and overseas constituencies are excluded.,0
Gorizia,https://github.com/ondata/elezionipolitiche2018,,Five Star Movement,Five Star Movement,0,73247,0,73247,0,36624,0,first,,,Brothers of Italy,Brothers of Italy,3236,Italy,IT-PROV-031,official,Ministry-format municipality party-list rows preserved by the OnData mirror and aggregated to province. Compatible local turnout metadata is unavailable. Aosta Valley's separate direct seat and overseas constituencies are excluded.,0
Gorizia,https://github.com/ondata/elezionipolitiche2018,,Five Star Movement,Five Star Movement,0,73247,0,73247,0,36624,0,first,,,Free and Equal,Free and Equal,3036,Italy,IT-PROV-031,official,Ministry-format municipality party-list rows preserved by the OnData mirror and aggregated to province. Compatible local turnout metadata is unavailable. Aosta Valley's separate direct seat and overseas constituencies are excluded.,0
Gorizia,https://github.com/ondata/elezionipolitiche2018,,Five Star Movement,Five Star Movement,0,73247,0,73247,0,36624,0,first,,,More Europe,More Europe,2520,Italy,IT-PROV-031,official,Ministry-format municipality party-list rows preserved by the OnData mirror and aggregated to province. Compatible local turnout metadata is unavailable. Aosta Valley's separate direct seat and overseas constituencies are excluded.,0
Gorizia,https://github.com/ondata/elezionipolitiche2018,,Five Star Movement,Five Star Movement,0,73247,0,73247,0,36624,0,first,,,Power to the People,Power to the People,816,Italy,IT-PROV-031,official,Ministry-format municipality party-list rows preserved by the OnData mirror and aggregated to province. Compatible local turnout metadata is unavailable. Aosta Valley's separate direct seat and overseas constituencies are excluded.,0
Gorizia,https://github.com/ondata/elezionipolitiche2018,,Five Star Movement,Five Star Movement,0,73247,0,73247,0,36624,0,first,,,Casapound Italia,Casapound Italia,805,Italy,IT-PROV-031,official,Ministry-format municipality party-list rows preserved by the OnData mirror and aggregated to province. Compatible local turnout metadata is unavailable. Aosta Valley's separate direct seat and overseas constituencies are excluded.,0
Gorizia,https://github.com/ondata/elezionipolitiche2018,,Five Star Movement,Five Star Movement,0,73247,0,73247,0,36624,0,first,,,Us with Italy–UDC,Us with Italy–UDC,671,Italy,IT-PROV-031,official,Ministry-format municipality party-list rows preserved by the OnData mirror and aggregated to province. Compatible local turnout metadata is unavailable. Aosta Valley's separate direct seat and overseas constituencies are excluded.,0
Gorizia,https://github.com/ondata/elezionipolitiche2018,,Five Star Movement,Five Star Movement,0,73247,0,73247,0,36624,0,first,,,Italia Agli Italiani,Italia Agli Italiani,508,Italy,IT-PROV-031,official,Ministry-format municipality party-list rows preserved by the OnData mirror and aggregated to province. Compatible local turnout metadata is unavailable. Aosta Valley's separate direct seat and overseas constituencies are excluded.,0
Gorizia,https://github.com/ondata/elezionipolitiche2018,,Five Star Movement,Five Star Movement,0,73247,0,73247,0,36624,0,first,,,Il Popolo Della Famiglia,Il Popolo Della Famiglia,459,Italy,IT-PROV-031,official,Ministry-format municipality party-list rows preserved by the OnData mirror and aggregated to province. Compatible local turnout metadata is unavailable. Aosta Valley's separate direct seat and overseas constituencies are excluded.,0
Gorizia,https://github.com/ondata/elezionipolitiche2018,,Five Star Movement,Five Star Movement,0,73247,0,73247,0,36624,0,first,,,Italia Europa Insieme,Italia Europa Insieme,396,Italy,IT-PROV-031,official,Ministry-format municipality party-list rows preserved by the OnData mirror and aggregated to province. Compatible local turnout metadata is unavailable. Aosta Valley's separate direct seat and overseas constituencies are excluded.,0
Gorizia,https://github.com/ondata/elezionipolitiche2018,,Five Star Movement,Five Star Movement,0,73247,0,73247,0,36624,0,first,,,Partito Valore Umano,Partito Valore Umano,342,Italy,IT-PROV-031,official,Ministry-format municipality party-list rows preserved by the OnData mirror and aggregated to province. Compatible local turnout metadata is unavailable. Aosta Valley's separate direct seat and overseas constituencies are excluded.,0
Gorizia,https://github.com/ondata/elezionipolitiche2018,,Five Star Movement,Five Star Movement,0,73247,0,73247,0,36624,0,first,,,Civica Popolare Lorenzin,Civica Popolare Lorenzin,282,Italy,IT-PROV-031,official,Ministry-format municipality party-list rows preserved by the OnData mirror and aggregated to province. Compatible local turnout metadata is unavailable. Aosta Valley's separate direct seat and overseas constituencies are excluded.,0
Gorizia,https://github.com/ondata/elezionipolitiche2018,,Five Star Movement,Five Star Movement,0,73247,0,73247,0,36624,0,first,,,Per Una Sinistra Rivoluzionaria,Per Una Sinistra Rivoluzionaria,262,Italy,IT-PROV-031,official,Ministry-format municipality party-list rows preserved by the OnData mirror and aggregated to province. Compatible local turnout metadata is unavailable. Aosta Valley's separate direct seat and overseas constituencies are excluded.,0
Gorizia,https://github.com/ondata/elezionipolitiche2018,,Five Star Movement,Five Star Movement,0,73247,0,73247,0,36624,0,first,,,Siamo,Siamo,175,Italy,IT-PROV-031,official,Ministry-format municipality party-list rows preserved by the OnData mirror and aggregated to province. Compatible local turnout metadata is unavailable. Aosta Valley's separate direct seat and overseas constituencies are excluded.,0
Gorizia,https://github.com/ondata/elezionipolitiche2018,,Five Star Movement,Five Star Movement,0,73247,0,73247,0,36624,0,first,,,10 Volte Meglio,10 Volte Meglio,140,Italy,IT-PROV-031,official,Ministry-format municipality party-list rows preserved by the OnData mirror and aggregated to province. Compatible local turnout metadata is unavailable. Aosta Valley's separate direct seat and overseas constituencies are excluded.,0
Gorizia,https://github.com/ondata/elezionipolitiche2018,,Five Star Movement,Five Star Movement,0,73247,0,73247,0,36624,0,first,,,Patto Per L'Autonomia,Patto Per L'Autonomia,130,Italy,IT-PROV-031,official,Ministry-format municipality party-list rows preserved by the OnData mirror and aggregated to province. Compatible local turnout metadata is unavailable. Aosta Valley's separate direct seat and overseas constituencies are excluded.,0
Gorizia,https://github.com/ondata/elezionipolitiche2018,,Five Star Movement,Five Star Movement,0,73247,0,73247,0,36624,0,first,,,Lista Del Popolo Per La Costituzione,Lista Del Popolo Per La Costituzione,107,Italy,IT-PROV-031,official,Ministry-format municipality party-list rows preserved by the OnData mirror and aggregated to province. Compatible local turnout metadata is unavailable. Aosta Valley's separate direct seat and overseas constituencies are excluded.,0
Gorizia,https://github.com/ondata/elezionipolitiche2018,,Five Star Movement,Five Star Movement,0,73247,0,73247,0,36624,0,first,,,Blocco Nazionale Per Le Liberta',Blocco Nazionale Per Le Liberta',96,Italy,IT-PROV-031,official,Ministry-format municipality party-list rows preserved by the OnData mirror and aggregated to province. Compatible local turnout metadata is unavailable. Aosta Valley's separate direct seat and overseas constituencies are excluded.,0
Gorizia,https://github.com/ondata/elezionipolitiche2018,,Five Star Movement,Five Star Movement,0,73247,0,73247,0,36624,0,first,,,Rinascimento Mir,Rinascimento Mir,87,Italy,IT-PROV-031,official,Ministry-format municipality party-list rows preserved by the OnData mirror and aggregated to province. Compatible local turnout metadata is unavailable. Aosta Valley's separate direct seat and overseas constituencies are excluded.,0
Trieste,https://github.com/ondata/elezionipolitiche2018,,Five Star Movement,Five Star Movement,0,116242,0,116242,0,58122,0,first,,,Five Star Movement,Five Star Movement,30068,Italy,IT-PROV-032,official,Ministry-format municipality party-list rows preserved by the OnData mirror and aggregated to province. Compatible local turnout metadata is unavailable. Aosta Valley's separate direct seat and overseas constituencies are excluded.,0
Trieste,https://github.com/ondata/elezionipolitiche2018,,Five Star Movement,Five Star Movement,0,116242,0,116242,0,58122,0,first,,,Lega,Lega,25023,Italy,IT-PROV-032,official,Ministry-format municipality party-list rows preserved by the OnData mirror and aggregated to province. Compatible local turnout metadata is unavailable. Aosta Valley's separate direct seat and overseas constituencies are excluded.,0
Trieste,https://github.com/ondata/elezionipolitiche2018,,Five Star Movement,Five Star Movement,0,116242,0,116242,0,58122,0,first,,,Democratic Party,Democratic Party,23016,Italy,IT-PROV-032,official,Ministry-format municipality party-list rows preserved by the OnData mirror and aggregated to province. Compatible local turnout metadata is unavailable. Aosta Valley's separate direct seat and overseas constituencies are excluded.,0
Trieste,https://github.com/ondata/elezionipolitiche2018,,Five Star Movement,Five Star Movement,0,116242,0,116242,0,58122,0,first,,,Forza Italia,Forza Italia,12728,Italy,IT-PROV-032,official,Ministry-format municipality party-list rows preserved by the OnData mirror and aggregated to province. Compatible local turnout metadata is unavailable. Aosta Valley's separate direct seat and overseas constituencies are excluded.,0
Trieste,https://github.com/ondata/elezionipolitiche2018,,Five Star Movement,Five Star Movement,0,116242,0,116242,0,58122,0,first,,,Brothers of Italy,Brothers of Italy,6926,Italy,IT-PROV-032,official,Ministry-format municipality party-list rows preserved by the OnData mirror and aggregated to province. Compatible local turnout metadata is unavailable. Aosta Valley's separate direct seat and overseas constituencies are excluded.,0
Trieste,https://github.com/ondata/elezionipolitiche2018,,Five Star Movement,Five Star Movement,0,116242,0,116242,0,58122,0,first,,,More Europe,More Europe,5022,Italy,IT-PROV-032,official,Ministry-format municipality party-list rows preserved by the OnData mirror and aggregated to province. Compatible local turnout metadata is unavailable. Aosta Valley's separate direct seat and overseas constituencies are excluded.,0
Trieste,https://github.com/ondata/elezionipolitiche2018,,Five Star Movement,Five Star Movement,0,116242,0,116242,0,58122,0,first,,,Free and Equal,Free and Equal,4497,Italy,IT-PROV-032,official,Ministry-format municipality party-list rows preserved by the OnData mirror and aggregated to province. Compatible local turnout metadata is unavailable. Aosta Valley's separate direct seat and overseas constituencies are excluded.,0
Trieste,https://github.com/ondata/elezionipolitiche2018,,Five Star Movement,Five Star Movement,0,116242,0,116242,0,58122,0,first,,,Power to the People,Power to the People,1778,Italy,IT-PROV-032,official,Ministry-format municipality party-list rows preserved by the OnData mirror and aggregated to province. Compatible local turnout metadata is unavailable. Aosta Valley's separate direct seat and overseas constituencies are excluded.,0
Trieste,https://github.com/ondata/elezionipolitiche2018,,Five Star Movement,Five Star Movement,0,116242,0,116242,0,58122,0,first,,,Italia Agli Italiani,Italia Agli Italiani,1164,Italy,IT-PROV-032,official,Ministry-format municipality party-list rows preserved by the OnData mirror and aggregated to province. Compatible local turnout metadata is unavailable. Aosta Valley's separate direct seat and overseas constituencies are excluded.,0
Trieste,https://github.com/ondata/elezionipolitiche2018,,Five Star Movement,Five Star Movement,0,116242,0,116242,0,58122,0,first,,,Casapound Italia,Casapound Italia,1062,Italy,IT-PROV-032,official,Ministry-format municipality party-list rows preserved by the OnData mirror and aggregated to province. Compatible local turnout metadata is unavailable. Aosta Valley's separate direct seat and overseas constituencies are excluded.,0
Trieste,https://github.com/ondata/elezionipolitiche2018,,Five Star Movement,Five Star Movement,0,116242,0,116242,0,58122,0,first,,,Us with Italy–UDC,Us with Italy–UDC,1040,Italy,IT-PROV-032,official,Ministry-format municipality party-list rows preserved by the OnData mirror and aggregated to province. Compatible local turnout metadata is unavailable. Aosta Valley's separate direct seat and overseas constituencies are excluded.,0
Trieste,https://github.com/ondata/elezionipolitiche2018,,Five Star Movement,Five Star Movement,0,116242,0,116242,0,58122,0,first,,,Il Popolo Della Famiglia,Il Popolo Della Famiglia,906,Italy,IT-PROV-032,official,Ministry-format municipality party-list rows preserved by the OnData mirror and aggregated to province. Compatible local turnout metadata is unavailable. Aosta Valley's separate direct seat and overseas constituencies are excluded.,0
Trieste,https://github.com/ondata/elezionipolitiche2018,,Five Star Movement,Five Star Movement,0,116242,0,116242,0,58122,0,first,,,Italia Europa Insieme,Italia Europa Insieme,711,Italy,IT-PROV-032,official,Ministry-format municipality party-list rows preserved by the OnData mirror and aggregated to province. Compatible local turnout metadata is unavailable. Aosta Valley's separate direct seat and overseas constituencies are excluded.,0
Trieste,https://github.com/ondata/elezionipolitiche2018,,Five Star Movement,Five Star Movement,0,116242,0,116242,0,58122,0,first,,,Civica Popolare Lorenzin,Civica Popolare Lorenzin,558,Italy,IT-PROV-032,official,Ministry-format municipality party-list rows preserved by the OnData mirror and aggregated to province. Compatible local turnout metadata is unavailable. Aosta Valley's separate direct seat and overseas constituencies are excluded.,0
Trieste,https://github.com/ondata/elezionipolitiche2018,,Five Star Movement,Five Star Movement,0,116242,0,116242,0,58122,0,first,,,Per Una Sinistra Rivoluzionaria,Per Una Sinistra Rivoluzionaria,422,Italy,IT-PROV-032,official,Ministry-format municipality party-list rows preserved by the OnData mirror and aggregated to province. Compatible local turnout metadata is unavailable. Aosta Valley's separate direct seat and overseas constituencies are excluded.,0
Trieste,https://github.com/ondata/elezionipolitiche2018,,Five Star Movement,Five Star Movement,0,116242,0,116242,0,58122,0,first,,,Partito Valore Umano,Partito Valore Umano,390,Italy,IT-PROV-032,official,Ministry-format municipality party-list rows preserved by the OnData mirror and aggregated to province. Compatible local turnout metadata is unavailable. Aosta Valley's separate direct seat and overseas constituencies are excluded.,0
Trieste,https://github.com/ondata/elezionipolitiche2018,,Five Star Movement,Five Star Movement,0,116242,0,116242,0,58122,0,first,,,10 Volte Meglio,10 Volte Meglio,258,Italy,IT-PROV-032,official,Ministry-format municipality party-list rows preserved by the OnData mirror and aggregated to province. Compatible local turnout metadata is unavailable. Aosta Valley's separate direct seat and overseas constituencies are excluded.,0
Trieste,https://github.com/ondata/elezionipolitiche2018,,Five Star Movement,Five Star Movement,0,116242,0,116242,0,58122,0,first,,,Siamo,Siamo,221,Italy,IT-PROV-032,official,Ministry-format municipality party-list rows preserved by the OnData mirror and aggregated to province. Compatible local turnout metadata is unavailable. Aosta Valley's separate direct seat and overseas constituencies are excluded.,0
Trieste,https://github.com/ondata/elezionipolitiche2018,,Five Star Movement,Five Star Movement,0,116242,0,116242,0,58122,0,first,,,Lista Del Popolo Per La Costituzione,Lista Del Popolo Per La Costituzione,175,Italy,IT-PROV-032,official,Ministry-format municipality party-list rows preserved by the OnData mirror and aggregated to province. Compatible local turnout metadata is unavailable. Aosta Valley's separate direct seat and overseas constituencies are excluded.,0
Trieste,https://github.com/ondata/elezionipolitiche2018,,Five Star Movement,Five Star Movement,0,116242,0,116242,0,58122,0,first,,,Patto Per L'Autonomia,Patto Per L'Autonomia,96,Italy,IT-PROV-032,official,Ministry-format municipality party-list rows preserved by the OnData mirror and aggregated to province. Compatible local turnout metadata is unavailable. Aosta Valley's separate direct seat and overseas constituencies are excluded.,0
Trieste,https://github.com/ondata/elezionipolitiche2018,,Five Star Movement,Five Star Movement,0,116242,0,116242,0,58122,0,first,,,Blocco Nazionale Per Le Liberta',Blocco Nazionale Per Le Liberta',92,Italy,IT-PROV-032,official,Ministry-format municipality party-list rows preserved by the OnData mirror and aggregated to province. Compatible local turnout metadata is unavailable. Aosta Valley's separate direct seat and overseas constituencies are excluded.,0
Trieste,https://github.com/ondata/elezionipolitiche2018,,Five Star Movement,Five Star Movement,0,116242,0,116242,0,58122,0,first,,,Rinascimento Mir,Rinascimento Mir,89,Italy,IT-PROV-032,official,Ministry-format municipality party-list rows preserved by the OnData mirror and aggregated to province. Compatible local turnout metadata is unavailable. Aosta Valley's separate direct seat and overseas constituencies are excluded.,0
Piacenza,https://github.com/ondata/elezionipolitiche2018,,Lega,Lega,0,146863,0,146863,0,73432,0,first,,,Lega,Lega,41502,Italy,IT-PROV-033,official,Ministry-format municipality party-list rows preserved by the OnData mirror and aggregated to province. Compatible local turnout metadata is unavailable. Aosta Valley's separate direct seat and overseas constituencies are excluded.,0
Piacenza,https://github.com/ondata/elezionipolitiche2018,,Lega,Lega,0,146863,0,146863,0,73432,0,first,,,Five Star Movement,Five Star Movement,33521,Italy,IT-PROV-033,official,Ministry-format municipality party-list rows preserved by the OnData mirror and aggregated to province. Compatible local turnout metadata is unavailable. Aosta Valley's separate direct seat and overseas constituencies are excluded.,0
Piacenza,https://github.com/ondata/elezionipolitiche2018,,Lega,Lega,0,146863,0,146863,0,73432,0,first,,,Democratic Party,Democratic Party,25333,Italy,IT-PROV-033,official,Ministry-format municipality party-list rows preserved by the OnData mirror and aggregated to province. Compatible local turnout metadata is unavailable. Aosta Valley's separate direct seat and overseas constituencies are excluded.,0
Piacenza,https://github.com/ondata/elezionipolitiche2018,,Lega,Lega,0,146863,0,146863,0,73432,0,first,,,Forza Italia,Forza Italia,20405,Italy,IT-PROV-033,official,Ministry-format municipality party-list rows preserved by the OnData mirror and aggregated to province. Compatible local turnout metadata is unavailable. Aosta Valley's separate direct seat and overseas constituencies are excluded.,0
Piacenza,https://github.com/ondata/elezionipolitiche2018,,Lega,Lega,0,146863,0,146863,0,73432,0,first,,,Brothers of Italy,Brothers of Italy,8663,Italy,IT-PROV-033,official,Ministry-format municipality party-list rows preserved by the OnData mirror and aggregated to province. Compatible local turnout metadata is unavailable. Aosta Valley's separate direct seat and overseas constituencies are excluded.,0
Piacenza,https://github.com/ondata/elezionipolitiche2018,,Lega,Lega,0,146863,0,146863,0,73432,0,first,,,Free and Equal,Free and Equal,5055,Italy,IT-PROV-033,official,Ministry-format municipality party-list rows preserved by the OnData mirror and aggregated to province. Compatible local turnout metadata is unavailable. Aosta Valley's separate direct seat and overseas constituencies are excluded.,0
Piacenza,https://github.com/ondata/elezionipolitiche2018,,Lega,Lega,0,146863,0,146863,0,73432,0,first,,,More Europe,More Europe,3682,Italy,IT-PROV-033,official,Ministry-format municipality party-list rows preserved by the OnData mirror and aggregated to province. Compatible local turnout metadata is unavailable. Aosta Valley's separate direct seat and overseas constituencies are excluded.,0
Piacenza,https://github.com/ondata/elezionipolitiche2018,,Lega,Lega,0,146863,0,146863,0,73432,0,first,,,Casapound Italia,Casapound Italia,1816,Italy,IT-PROV-033,official,Ministry-format municipality party-list rows preserved by the OnData mirror and aggregated to province. Compatible local turnout metadata is unavailable. Aosta Valley's separate direct seat and overseas constituencies are excluded.,0
Piacenza,https://github.com/ondata/elezionipolitiche2018,,Lega,Lega,0,146863,0,146863,0,73432,0,first,,,Power to the People,Power to the People,1420,Italy,IT-PROV-033,official,Ministry-format municipality party-list rows preserved by the OnData mirror and aggregated to province. Compatible local turnout metadata is unavailable. Aosta Valley's separate direct seat and overseas constituencies are excluded.,0
Piacenza,https://github.com/ondata/elezionipolitiche2018,,Lega,Lega,0,146863,0,146863,0,73432,0,first,,,Italia Agli Italiani,Italia Agli Italiani,1103,Italy,IT-PROV-033,official,Ministry-format municipality party-list rows preserved by the OnData mirror and aggregated to province. Compatible local turnout metadata is unavailable. Aosta Valley's separate direct seat and overseas constituencies are excluded.,0
Piacenza,https://github.com/ondata/elezionipolitiche2018,,Lega,Lega,0,146863,0,146863,0,73432,0,first,,,Partito Comunista,Partito Comunista,1047,Italy,IT-PROV-033,official,Ministry-format municipality party-list rows preserved by the OnData mirror and aggregated to province. Compatible local turnout metadata is unavailable. Aosta Valley's separate direct seat and overseas constituencies are excluded.,0
Piacenza,https://github.com/ondata/elezionipolitiche2018,,Lega,Lega,0,146863,0,146863,0,73432,0,first,,,Us with Italy–UDC,Us with Italy–UDC,987,Italy,IT-PROV-033,official,Ministry-format municipality party-list rows preserved by the OnData mirror and aggregated to province. Compatible local turnout metadata is unavailable. Aosta Valley's separate direct seat and overseas constituencies are excluded.,0
Piacenza,https://github.com/ondata/elezionipolitiche2018,,Lega,Lega,0,146863,0,146863,0,73432,0,first,,,Civica Popolare Lorenzin,Civica Popolare Lorenzin,817,Italy,IT-PROV-033,official,Ministry-format municipality party-list rows preserved by the OnData mirror and aggregated to province. Compatible local turnout metadata is unavailable. Aosta Valley's separate direct seat and overseas constituencies are excluded.,0
Piacenza,https://github.com/ondata/elezionipolitiche2018,,Lega,Lega,0,146863,0,146863,0,73432,0,first,,,Italia Europa Insieme,Italia Europa Insieme,630,Italy,IT-PROV-033,official,Ministry-format municipality party-list rows preserved by the OnData mirror and aggregated to province. Compatible local turnout metadata is unavailable. Aosta Valley's separate direct seat and overseas constituencies are excluded.,0
Piacenza,https://github.com/ondata/elezionipolitiche2018,,Lega,Lega,0,146863,0,146863,0,73432,0,first,,,Il Popolo Della Famiglia,Il Popolo Della Famiglia,542,Italy,IT-PROV-033,official,Ministry-format municipality party-list rows preserved by the OnData mirror and aggregated to province. Compatible local turnout metadata is unavailable. Aosta Valley's separate direct seat and overseas constituencies are excluded.,0
Piacenza,https://github.com/ondata/elezionipolitiche2018,,Lega,Lega,0,146863,0,146863,0,73432,0,first,,,Per Una Sinistra Rivoluzionaria,Per Una Sinistra Rivoluzionaria,179,Italy,IT-PROV-033,official,Ministry-format municipality party-list rows preserved by the OnData mirror and aggregated to province. Compatible local turnout metadata is unavailable. Aosta Valley's separate direct seat and overseas constituencies are excluded.,0
Piacenza,https://github.com/ondata/elezionipolitiche2018,,Lega,Lega,0,146863,0,146863,0,73432,0,first,,,Partito Repubblicano Italiano - Ala,Partito Repubblicano Italiano - Ala,161,Italy,IT-PROV-033,official,Ministry-format municipality party-list rows preserved by the OnData mirror and aggregated to province. Compatible local turnout metadata is unavailable. Aosta Valley's separate direct seat and overseas constituencies are excluded.,0
Parma,https://github.com/ondata/elezionipolitiche2018,,Five Star Movement,Five Star Movement,0,231868,0,231868,0,115935,0,first,,,Five Star Movement,Five Star Movement,59054,Italy,IT-PROV-034,official,Ministry-format municipality party-list rows preserved by the OnData mirror and aggregated to province. Compatible local turnout metadata is unavailable. Aosta Valley's separate direct seat and overseas constituencies are excluded.,0
Parma,https://github.com/ondata/elezionipolitiche2018,,Five Star Movement,Five Star Movement,0,231868,0,231868,0,115935,0,first,,,Lega,Lega,57244,Italy,IT-PROV-034,official,Ministry-format municipality party-list rows preserved by the OnData mirror and aggregated to province. Compatible local turnout metadata is unavailable. Aosta Valley's separate direct seat and overseas constituencies are excluded.,0
Parma,https://github.com/ondata/elezionipolitiche2018,,Five Star Movement,Five Star Movement,0,231868,0,231868,0,115935,0,first,,,Democratic Party,Democratic Party,51046,Italy,IT-PROV-034,official,Ministry-format municipality party-list rows preserved by the OnData mirror and aggregated to province. Compatible local turnout metadata is unavailable. Aosta Valley's separate direct seat and overseas constituencies are excluded.,0
Parma,https://github.com/ondata/elezionipolitiche2018,,Five Star Movement,Five Star Movement,0,231868,0,231868,0,115935,0,first,,,Forza Italia,Forza Italia,24262,Italy,IT-PROV-034,official,Ministry-format municipality party-list rows preserved by the OnData mirror and aggregated to province. Compatible local turnout metadata is unavailable. Aosta Valley's separate direct seat and overseas constituencies are excluded.,0
Parma,https://github.com/ondata/elezionipolitiche2018,,Five Star Movement,Five Star Movement,0,231868,0,231868,0,115935,0,first,,,Brothers of Italy,Brothers of Italy,9866,Italy,IT-PROV-034,official,Ministry-format municipality party-list rows preserved by the OnData mirror and aggregated to province. Compatible local turnout metadata is unavailable. Aosta Valley's separate direct seat and overseas constituencies are excluded.,0
Parma,https://github.com/ondata/elezionipolitiche2018,,Five Star Movement,Five Star Movement,0,231868,0,231868,0,115935,0,first,,,More Europe,More Europe,8357,Italy,IT-PROV-034,official,Ministry-format municipality party-list rows preserved by the OnData mirror and aggregated to province. Compatible local turnout metadata is unavailable. Aosta Valley's separate direct seat and overseas constituencies are excluded.,0
Parma,https://github.com/ondata/elezionipolitiche2018,,Five Star Movement,Five Star Movement,0,231868,0,231868,0,115935,0,first,,,Free and Equal,Free and Equal,7886,Italy,IT-PROV-034,official,Ministry-format municipality party-list rows preserved by the OnData mirror and aggregated to province. Compatible local turnout metadata is unavailable. Aosta Valley's separate direct seat and overseas constituencies are excluded.,0
Parma,https://github.com/ondata/elezionipolitiche2018,,Five Star Movement,Five Star Movement,0,231868,0,231868,0,115935,0,first,,,Power to the People,Power to the People,2960,Italy,IT-PROV-034,official,Ministry-format municipality party-list rows preserved by the OnData mirror and aggregated to province. Compatible local turnout metadata is unavailable. Aosta Valley's separate direct seat and overseas constituencies are excluded.,0
Parma,https://github.com/ondata/elezionipolitiche2018,,Five Star Movement,Five Star Movement,0,231868,0,231868,0,115935,0,first,,,Casapound Italia,Casapound Italia,2444,Italy,IT-PROV-034,official,Ministry-format municipality party-list rows preserved by the OnData mirror and aggregated to province. Compatible local turnout metadata is unavailable. Aosta Valley's separate direct seat and overseas constituencies are excluded.,0
Parma,https://github.com/ondata/elezionipolitiche2018,,Five Star Movement,Five Star Movement,0,231868,0,231868,0,115935,0,first,,,Partito Comunista,Partito Comunista,2153,Italy,IT-PROV-034,official,Ministry-format municipality party-list rows preserved by the OnData mirror and aggregated to province. Compatible local turnout metadata is unavailable. Aosta Valley's separate direct seat and overseas constituencies are excluded.,0
Parma,https://github.com/ondata/elezionipolitiche2018,,Five Star Movement,Five Star Movement,0,231868,0,231868,0,115935,0,first,,,Italia Europa Insieme,Italia Europa Insieme,1709,Italy,IT-PROV-034,official,Ministry-format municipality party-list rows preserved by the OnData mirror and aggregated to province. Compatible local turnout metadata is unavailable. Aosta Valley's separate direct seat and overseas constituencies are excluded.,0
Parma,https://github.com/ondata/elezionipolitiche2018,,Five Star Movement,Five Star Movement,0,231868,0,231868,0,115935,0,first,,,Us with Italy–UDC,Us with Italy–UDC,1209,Italy,IT-PROV-034,official,Ministry-format municipality party-list rows preserved by the OnData mirror and aggregated to province. Compatible local turnout metadata is unavailable. Aosta Valley's separate direct seat and overseas constituencies are excluded.,0
Parma,https://github.com/ondata/elezionipolitiche2018,,Five Star Movement,Five Star Movement,0,231868,0,231868,0,115935,0,first,,,Civica Popolare Lorenzin,Civica Popolare Lorenzin,1125,Italy,IT-PROV-034,official,Ministry-format municipality party-list rows preserved by the OnData mirror and aggregated to province. Compatible local turnout metadata is unavailable. Aosta Valley's separate direct seat and overseas constituencies are excluded.,0
Parma,https://github.com/ondata/elezionipolitiche2018,,Five Star Movement,Five Star Movement,0,231868,0,231868,0,115935,0,first,,,Il Popolo Della Famiglia,Il Popolo Della Famiglia,1017,Italy,IT-PROV-034,official,Ministry-format municipality party-list rows preserved by the OnData mirror and aggregated to province. Compatible local turnout metadata is unavailable. Aosta Valley's separate direct seat and overseas constituencies are excluded.,0
Parma,https://github.com/ondata/elezionipolitiche2018,,Five Star Movement,Five Star Movement,0,231868,0,231868,0,115935,0,first,,,Italia Agli Italiani,Italia Agli Italiani,875,Italy,IT-PROV-034,official,Ministry-format municipality party-list rows preserved by the OnData mirror and aggregated to province. Compatible local turnout metadata is unavailable. Aosta Valley's separate direct seat and overseas constituencies are excluded.,0
Parma,https://github.com/ondata/elezionipolitiche2018,,Five Star Movement,Five Star Movement,0,231868,0,231868,0,115935,0,first,,,Per Una Sinistra Rivoluzionaria,Per Una Sinistra Rivoluzionaria,404,Italy,IT-PROV-034,official,Ministry-format municipality party-list rows preserved by the OnData mirror and aggregated to province. Compatible local turnout metadata is unavailable. Aosta Valley's separate direct seat and overseas constituencies are excluded.,0
Parma,https://github.com/ondata/elezionipolitiche2018,,Five Star Movement,Five Star Movement,0,231868,0,231868,0,115935,0,first,,,Partito Repubblicano Italiano - Ala,Partito Repubblicano Italiano - Ala,257,Italy,IT-PROV-034,official,Ministry-format municipality party-list rows preserved by the OnData mirror and aggregated to province. Compatible local turnout metadata is unavailable. Aosta Valley's separate direct seat and overseas constituencies are excluded.,0
Reggio nell'Emilia,https://github.com/ondata/elezionipolitiche2018,,Five Star Movement,Five Star Movement,0,286546,0,286546,0,143274,0,first,,,Five Star Movement,Five Star Movement,84109,Italy,IT-PROV-035,official,Ministry-format municipality party-list rows preserved by the OnData mirror and aggregated to province. Compatible local turnout metadata is unavailable. Aosta Valley's separate direct seat and overseas constituencies are excluded.,0
Reggio nell'Emilia,https://github.com/ondata/elezionipolitiche2018,,Five Star Movement,Five Star Movement,0,286546,0,286546,0,143274,0,first,,,Democratic Party,Democratic Party,83606,Italy,IT-PROV-035,official,Ministry-format municipality party-list rows preserved by the OnData mirror and aggregated to province. Compatible local turnout metadata is unavailable. Aosta Valley's separate direct seat and overseas constituencies are excluded.,0
Reggio nell'Emilia,https://github.com/ondata/elezionipolitiche2018,,Five Star Movement,Five Star Movement,0,286546,0,286546,0,143274,0,first,,,Lega,Lega,46548,Italy,IT-PROV-035,official,Ministry-format municipality party-list rows preserved by the OnData mirror and aggregated to province. Compatible local turnout metadata is unavailable. Aosta Valley's separate direct seat and overseas constituencies are excluded.,0
Reggio nell'Emilia,https://github.com/ondata/elezionipolitiche2018,,Five Star Movement,Five Star Movement,0,286546,0,286546,0,143274,0,first,,,Forza Italia,Forza Italia,25898,Italy,IT-PROV-035,official,Ministry-format municipality party-list rows preserved by the OnData mirror and aggregated to province. Compatible local turnout metadata is unavailable. Aosta Valley's separate direct seat and overseas constituencies are excluded.,0
Reggio nell'Emilia,https://github.com/ondata/elezionipolitiche2018,,Five Star Movement,Five Star Movement,0,286546,0,286546,0,143274,0,first,,,Free and Equal,Free and Equal,13137,Italy,IT-PROV-035,official,Ministry-format municipality party-list rows preserved by the OnData mirror and aggregated to province. Compatible local turnout metadata is unavailable. Aosta Valley's separate direct seat and overseas constituencies are excluded.,0
Reggio nell'Emilia,https://github.com/ondata/elezionipolitiche2018,,Five Star Movement,Five Star Movement,0,286546,0,286546,0,143274,0,first,,,More Europe,More Europe,8065,Italy,IT-PROV-035,official,Ministry-format municipality party-list rows preserved by the OnData mirror and aggregated to province. Compatible local turnout metadata is unavailable. Aosta Valley's separate direct seat and overseas constituencies are excluded.,0
Reggio nell'Emilia,https://github.com/ondata/elezionipolitiche2018,,Five Star Movement,Five Star Movement,0,286546,0,286546,0,143274,0,first,,,Brothers of Italy,Brothers of Italy,7962,Italy,IT-PROV-035,official,Ministry-format municipality party-list rows preserved by the OnData mirror and aggregated to province. Compatible local turnout metadata is unavailable. Aosta Valley's separate direct seat and overseas constituencies are excluded.,0
Reggio nell'Emilia,https://github.com/ondata/elezionipolitiche2018,,Five Star Movement,Five Star Movement,0,286546,0,286546,0,143274,0,first,,,Power to the People,Power to the People,3335,Italy,IT-PROV-035,official,Ministry-format municipality party-list rows preserved by the OnData mirror and aggregated to province. Compatible local turnout metadata is unavailable. Aosta Valley's separate direct seat and overseas constituencies are excluded.,0
Reggio nell'Emilia,https://github.com/ondata/elezionipolitiche2018,,Five Star Movement,Five Star Movement,0,286546,0,286546,0,143274,0,first,,,Partito Comunista,Partito Comunista,2986,Italy,IT-PROV-035,official,Ministry-format municipality party-list rows preserved by the OnData mirror and aggregated to province. Compatible local turnout metadata is unavailable. Aosta Valley's separate direct seat and overseas constituencies are excluded.,0
Reggio nell'Emilia,https://github.com/ondata/elezionipolitiche2018,,Five Star Movement,Five Star Movement,0,286546,0,286546,0,143274,0,first,,,Italia Europa Insieme,Italia Europa Insieme,2326,Italy,IT-PROV-035,official,Ministry-format municipality party-list rows preserved by the OnData mirror and aggregated to province. Compatible local turnout metadata is unavailable. Aosta Valley's separate direct seat and overseas constituencies are excluded.,0
Reggio nell'Emilia,https://github.com/ondata/elezionipolitiche2018,,Five Star Movement,Five Star Movement,0,286546,0,286546,0,143274,0,first,,,Il Popolo Della Famiglia,Il Popolo Della Famiglia,2106,Italy,IT-PROV-035,official,Ministry-format municipality party-list rows preserved by the OnData mirror and aggregated to province. Compatible local turnout metadata is unavailable. Aosta Valley's separate direct seat and overseas constituencies are excluded.,0
Reggio nell'Emilia,https://github.com/ondata/elezionipolitiche2018,,Five Star Movement,Five Star Movement,0,286546,0,286546,0,143274,0,first,,,Casapound Italia,Casapound Italia,1518,Italy,IT-PROV-035,official,Ministry-format municipality party-list rows preserved by the OnData mirror and aggregated to province. Compatible local turnout metadata is unavailable. Aosta Valley's separate direct seat and overseas constituencies are excluded.,0
Reggio nell'Emilia,https://github.com/ondata/elezionipolitiche2018,,Five Star Movement,Five Star Movement,0,286546,0,286546,0,143274,0,first,,,Us with Italy–UDC,Us with Italy–UDC,1512,Italy,IT-PROV-035,official,Ministry-format municipality party-list rows preserved by the OnData mirror and aggregated to province. Compatible local turnout metadata is unavailable. Aosta Valley's separate direct seat and overseas constituencies are excluded.,0
Reggio nell'Emilia,https://github.com/ondata/elezionipolitiche2018,,Five Star Movement,Five Star Movement,0,286546,0,286546,0,143274,0,first,,,Civica Popolare Lorenzin,Civica Popolare Lorenzin,1432,Italy,IT-PROV-035,official,Ministry-format municipality party-list rows preserved by the OnData mirror and aggregated to province. Compatible local turnout metadata is unavailable. Aosta Valley's separate direct seat and overseas constituencies are excluded.,0
Reggio nell'Emilia,https://github.com/ondata/elezionipolitiche2018,,Five Star Movement,Five Star Movement,0,286546,0,286546,0,143274,0,first,,,Italia Agli Italiani,Italia Agli Italiani,1056,Italy,IT-PROV-035,official,Ministry-format municipality party-list rows preserved by the OnData mirror and aggregated to province. Compatible local turnout metadata is unavailable. Aosta Valley's separate direct seat and overseas constituencies are excluded.,0
Reggio nell'Emilia,https://github.com/ondata/elezionipolitiche2018,,Five Star Movement,Five Star Movement,0,286546,0,286546,0,143274,0,first,,,Per Una Sinistra Rivoluzionaria,Per Una Sinistra Rivoluzionaria,576,Italy,IT-PROV-035,official,Ministry-format municipality party-list rows preserved by the OnData mirror and aggregated to province. Compatible local turnout metadata is unavailable. Aosta Valley's separate direct seat and overseas constituencies are excluded.,0
Reggio nell'Emilia,https://github.com/ondata/elezionipolitiche2018,,Five Star Movement,Five Star Movement,0,286546,0,286546,0,143274,0,first,,,Partito Repubblicano Italiano - Ala,Partito Repubblicano Italiano - Ala,374,Italy,IT-PROV-035,official,Ministry-format municipality party-list rows preserved by the OnData mirror and aggregated to province. Compatible local turnout metadata is unavailable. Aosta Valley's separate direct seat and overseas constituencies are excluded.,0
Modena,https://github.com/ondata/elezionipolitiche2018,,Democratic Party,Democratic Party,0,384681,0,384681,0,192341,0,first,,,Democratic Party,Democratic Party,110418,Italy,IT-PROV-036,official,Ministry-format municipality party-list rows preserved by the OnData mirror and aggregated to province. Compatible local turnout metadata is unavailable. Aosta Valley's separate direct seat and overseas constituencies are excluded.,0
Modena,https://github.com/ondata/elezionipolitiche2018,,Democratic Party,Democratic Party,0,384681,0,384681,0,192341,0,first,,,Five Star Movement,Five Star Movement,107652,Italy,IT-PROV-036,official,Ministry-format municipality party-list rows preserved by the OnData mirror and aggregated to province. Compatible local turnout metadata is unavailable. Aosta Valley's separate direct seat and overseas constituencies are excluded.,0
Modena,https://github.com/ondata/elezionipolitiche2018,,Democratic Party,Democratic Party,0,384681,0,384681,0,192341,0,first,,,Lega,Lega,71503,Italy,IT-PROV-036,official,Ministry-format municipality party-list rows preserved by the OnData mirror and aggregated to province. Compatible local turnout metadata is unavailable. Aosta Valley's separate direct seat and overseas constituencies are excluded.,0
Modena,https://github.com/ondata/elezionipolitiche2018,,Democratic Party,Democratic Party,0,384681,0,384681,0,192341,0,first,,,Forza Italia,Forza Italia,37734,Italy,IT-PROV-036,official,Ministry-format municipality party-list rows preserved by the OnData mirror and aggregated to province. Compatible local turnout metadata is unavailable. Aosta Valley's separate direct seat and overseas constituencies are excluded.,0
Modena,https://github.com/ondata/elezionipolitiche2018,,Democratic Party,Democratic Party,0,384681,0,384681,0,192341,0,first,,,Free and Equal,Free and Equal,16243,Italy,IT-PROV-036,official,Ministry-format municipality party-list rows preserved by the OnData mirror and aggregated to province. Compatible local turnout metadata is unavailable. Aosta Valley's separate direct seat and overseas constituencies are excluded.,0
Modena,https://github.com/ondata/elezionipolitiche2018,,Democratic Party,Democratic Party,0,384681,0,384681,0,192341,0,first,,,Brothers of Italy,Brothers of Italy,11769,Italy,IT-PROV-036,official,Ministry-format municipality party-list rows preserved by the OnData mirror and aggregated to province. Compatible local turnout metadata is unavailable. Aosta Valley's separate direct seat and overseas constituencies are excluded.,0
Modena,https://github.com/ondata/elezionipolitiche2018,,Democratic Party,Democratic Party,0,384681,0,384681,0,192341,0,first,,,More Europe,More Europe,10464,Italy,IT-PROV-036,official,Ministry-format municipality party-list rows preserved by the OnData mirror and aggregated to province. Compatible local turnout metadata is unavailable. Aosta Valley's separate direct seat and overseas constituencies are excluded.,0
Modena,https://github.com/ondata/elezionipolitiche2018,,Democratic Party,Democratic Party,0,384681,0,384681,0,192341,0,first,,,Power to the People,Power to the People,3517,Italy,IT-PROV-036,official,Ministry-format municipality party-list rows preserved by the OnData mirror and aggregated to province. Compatible local turnout metadata is unavailable. Aosta Valley's separate direct seat and overseas constituencies are excluded.,0
Modena,https://github.com/ondata/elezionipolitiche2018,,Democratic Party,Democratic Party,0,384681,0,384681,0,192341,0,first,,,Italia Europa Insieme,Italia Europa Insieme,2815,Italy,IT-PROV-036,official,Ministry-format municipality party-list rows preserved by the OnData mirror and aggregated to province. Compatible local turnout metadata is unavailable. Aosta Valley's separate direct seat and overseas constituencies are excluded.,0
Modena,https://github.com/ondata/elezionipolitiche2018,,Democratic Party,Democratic Party,0,384681,0,384681,0,192341,0,first,,,Il Popolo Della Famiglia,Il Popolo Della Famiglia,2439,Italy,IT-PROV-036,official,Ministry-format municipality party-list rows preserved by the OnData mirror and aggregated to province. Compatible local turnout metadata is unavailable. Aosta Valley's separate direct seat and overseas constituencies are excluded.,0
Modena,https://github.com/ondata/elezionipolitiche2018,,Democratic Party,Democratic Party,0,384681,0,384681,0,192341,0,first,,,Us with Italy–UDC,Us with Italy–UDC,2336,Italy,IT-PROV-036,official,Ministry-format municipality party-list rows preserved by the OnData mirror and aggregated to province. Compatible local turnout metadata is unavailable. Aosta Valley's separate direct seat and overseas constituencies are excluded.,0
Modena,https://github.com/ondata/elezionipolitiche2018,,Democratic Party,Democratic Party,0,384681,0,384681,0,192341,0,first,,,Civica Popolare Lorenzin,Civica Popolare Lorenzin,2272,Italy,IT-PROV-036,official,Ministry-format municipality party-list rows preserved by the OnData mirror and aggregated to province. Compatible local turnout metadata is unavailable. Aosta Valley's separate direct seat and overseas constituencies are excluded.,0
Modena,https://github.com/ondata/elezionipolitiche2018,,Democratic Party,Democratic Party,0,384681,0,384681,0,192341,0,first,,,Casapound Italia,Casapound Italia,2146,Italy,IT-PROV-036,official,Ministry-format municipality party-list rows preserved by the OnData mirror and aggregated to province. Compatible local turnout metadata is unavailable. Aosta Valley's separate direct seat and overseas constituencies are excluded.,0
Modena,https://github.com/ondata/elezionipolitiche2018,,Democratic Party,Democratic Party,0,384681,0,384681,0,192341,0,first,,,Italia Agli Italiani,Italia Agli Italiani,1699,Italy,IT-PROV-036,official,Ministry-format municipality party-list rows preserved by the OnData mirror and aggregated to province. Compatible local turnout metadata is unavailable. Aosta Valley's separate direct seat and overseas constituencies are excluded.,0
Modena,https://github.com/ondata/elezionipolitiche2018,,Democratic Party,Democratic Party,0,384681,0,384681,0,192341,0,first,,,Per Una Sinistra Rivoluzionaria,Per Una Sinistra Rivoluzionaria,1250,Italy,IT-PROV-036,official,Ministry-format municipality party-list rows preserved by the OnData mirror and aggregated to province. Compatible local turnout metadata is unavailable. Aosta Valley's separate direct seat and overseas constituencies are excluded.,0
Modena,https://github.com/ondata/elezionipolitiche2018,,Democratic Party,Democratic Party,0,384681,0,384681,0,192341,0,first,,,Partito Repubblicano Italiano - Ala,Partito Repubblicano Italiano - Ala,424,Italy,IT-PROV-036,official,Ministry-format municipality party-list rows preserved by the OnData mirror and aggregated to province. Compatible local turnout metadata is unavailable. Aosta Valley's separate direct seat and overseas constituencies are excluded.,0
Bologna,https://github.com/ondata/elezionipolitiche2018,,Democratic Party,Democratic Party,0,561149,0,561149,0,280575,0,first,,,Democratic Party,Democratic Party,163812,Italy,IT-PROV-037,official,Ministry-format municipality party-list rows preserved by the OnData mirror and aggregated to province. Compatible local turnout metadata is unavailable. Aosta Valley's separate direct seat and overseas constituencies are excluded.,0
Bologna,https://github.com/ondata/elezionipolitiche2018,,Democratic Party,Democratic Party,0,561149,0,561149,0,280575,0,first,,,Five Star Movement,Five Star Movement,144575,Italy,IT-PROV-037,official,Ministry-format municipality party-list rows preserved by the OnData mirror and aggregated to province. Compatible local turnout metadata is unavailable. Aosta Valley's separate direct seat and overseas constituencies are excluded.,0
Bologna,https://github.com/ondata/elezionipolitiche2018,,Democratic Party,Democratic Party,0,561149,0,561149,0,280575,0,first,,,Lega,Lega,89481,Italy,IT-PROV-037,official,Ministry-format municipality party-list rows preserved by the OnData mirror and aggregated to province. Compatible local turnout metadata is unavailable. Aosta Valley's separate direct seat and overseas constituencies are excluded.,0
Bologna,https://github.com/ondata/elezionipolitiche2018,,Democratic Party,Democratic Party,0,561149,0,561149,0,280575,0,first,,,Forza Italia,Forza Italia,52047,Italy,IT-PROV-037,official,Ministry-format municipality party-list rows preserved by the OnData mirror and aggregated to province. Compatible local turnout metadata is unavailable. Aosta Valley's separate direct seat and overseas constituencies are excluded.,0
Bologna,https://github.com/ondata/elezionipolitiche2018,,Democratic Party,Democratic Party,0,561149,0,561149,0,280575,0,first,,,Free and Equal,Free and Equal,34212,Italy,IT-PROV-037,official,Ministry-format municipality party-list rows preserved by the OnData mirror and aggregated to province. Compatible local turnout metadata is unavailable. Aosta Valley's separate direct seat and overseas constituencies are excluded.,0
Bologna,https://github.com/ondata/elezionipolitiche2018,,Democratic Party,Democratic Party,0,561149,0,561149,0,280575,0,first,,,More Europe,More Europe,23284,Italy,IT-PROV-037,official,Ministry-format municipality party-list rows preserved by the OnData mirror and aggregated to province. Compatible local turnout metadata is unavailable. Aosta Valley's separate direct seat and overseas constituencies are excluded.,0
Bologna,https://github.com/ondata/elezionipolitiche2018,,Democratic Party,Democratic Party,0,561149,0,561149,0,280575,0,first,,,Brothers of Italy,Brothers of Italy,18049,Italy,IT-PROV-037,official,Ministry-format municipality party-list rows preserved by the OnData mirror and aggregated to province. Compatible local turnout metadata is unavailable. Aosta Valley's separate direct seat and overseas constituencies are excluded.,0
Bologna,https://github.com/ondata/elezionipolitiche2018,,Democratic Party,Democratic Party,0,561149,0,561149,0,280575,0,first,,,Power to the People,Power to the People,9215,Italy,IT-PROV-037,official,Ministry-format municipality party-list rows preserved by the OnData mirror and aggregated to province. Compatible local turnout metadata is unavailable. Aosta Valley's separate direct seat and overseas constituencies are excluded.,0
Bologna,https://github.com/ondata/elezionipolitiche2018,,Democratic Party,Democratic Party,0,561149,0,561149,0,280575,0,first,,,Italia Europa Insieme,Italia Europa Insieme,5967,Italy,IT-PROV-037,official,Ministry-format municipality party-list rows preserved by the OnData mirror and aggregated to province. Compatible local turnout metadata is unavailable. Aosta Valley's separate direct seat and overseas constituencies are excluded.,0
Bologna,https://github.com/ondata/elezionipolitiche2018,,Democratic Party,Democratic Party,0,561149,0,561149,0,280575,0,first,,,Partito Comunista,Partito Comunista,4478,Italy,IT-PROV-037,official,Ministry-format municipality party-list rows preserved by the OnData mirror and aggregated to province. Compatible local turnout metadata is unavailable. Aosta Valley's separate direct seat and overseas constituencies are excluded.,0
Bologna,https://github.com/ondata/elezionipolitiche2018,,Democratic Party,Democratic Party,0,561149,0,561149,0,280575,0,first,,,Civica Popolare Lorenzin,Civica Popolare Lorenzin,3254,Italy,IT-PROV-037,official,Ministry-format municipality party-list rows preserved by the OnData mirror and aggregated to province. Compatible local turnout metadata is unavailable. Aosta Valley's separate direct seat and overseas constituencies are excluded.,0
Bologna,https://github.com/ondata/elezionipolitiche2018,,Democratic Party,Democratic Party,0,561149,0,561149,0,280575,0,first,,,Il Popolo Della Famiglia,Il Popolo Della Famiglia,3195,Italy,IT-PROV-037,official,Ministry-format municipality party-list rows preserved by the OnData mirror and aggregated to province. Compatible local turnout metadata is unavailable. Aosta Valley's separate direct seat and overseas constituencies are excluded.,0
Bologna,https://github.com/ondata/elezionipolitiche2018,,Democratic Party,Democratic Party,0,561149,0,561149,0,280575,0,first,,,Casapound Italia,Casapound Italia,3069,Italy,IT-PROV-037,official,Ministry-format municipality party-list rows preserved by the OnData mirror and aggregated to province. Compatible local turnout metadata is unavailable. Aosta Valley's separate direct seat and overseas constituencies are excluded.,0
Bologna,https://github.com/ondata/elezionipolitiche2018,,Democratic Party,Democratic Party,0,561149,0,561149,0,280575,0,first,,,Us with Italy–UDC,Us with Italy–UDC,2585,Italy,IT-PROV-037,official,Ministry-format municipality party-list rows preserved by the OnData mirror and aggregated to province. Compatible local turnout metadata is unavailable. Aosta Valley's separate direct seat and overseas constituencies are excluded.,0
Bologna,https://github.com/ondata/elezionipolitiche2018,,Democratic Party,Democratic Party,0,561149,0,561149,0,280575,0,first,,,Italia Agli Italiani,Italia Agli Italiani,2180,Italy,IT-PROV-037,official,Ministry-format municipality party-list rows preserved by the OnData mirror and aggregated to province. Compatible local turnout metadata is unavailable. Aosta Valley's separate direct seat and overseas constituencies are excluded.,0
Bologna,https://github.com/ondata/elezionipolitiche2018,,Democratic Party,Democratic Party,0,561149,0,561149,0,280575,0,first,,,Per Una Sinistra Rivoluzionaria,Per Una Sinistra Rivoluzionaria,1051,Italy,IT-PROV-037,official,Ministry-format municipality party-list rows preserved by the OnData mirror and aggregated to province. Compatible local turnout metadata is unavailable. Aosta Valley's separate direct seat and overseas constituencies are excluded.,0
Bologna,https://github.com/ondata/elezionipolitiche2018,,Democratic Party,Democratic Party,0,561149,0,561149,0,280575,0,first,,,Partito Repubblicano Italiano - Ala,Partito Repubblicano Italiano - Ala,695,Italy,IT-PROV-037,official,Ministry-format municipality party-list rows preserved by the OnData mirror and aggregated to province. Compatible local turnout metadata is unavailable. Aosta Valley's separate direct seat and overseas constituencies are excluded.,0
Ferrara,https://github.com/ondata/elezionipolitiche2018,,Lega,Lega,0,200409,0,200409,0,100205,0,first,,,Lega,Lega,52825,Italy,IT-PROV-038,official,Ministry-format municipality party-list rows preserved by the OnData mirror and aggregated to province. Compatible local turnout metadata is unavailable. Aosta Valley's separate direct seat and overseas constituencies are excluded.,0
Ferrara,https://github.com/ondata/elezionipolitiche2018,,Lega,Lega,0,200409,0,200409,0,100205,0,first,,,Five Star Movement,Five Star Movement,49775,Italy,IT-PROV-038,official,Ministry-format municipality party-list rows preserved by the OnData mirror and aggregated to province. Compatible local turnout metadata is unavailable. Aosta Valley's separate direct seat and overseas constituencies are excluded.,0
Ferrara,https://github.com/ondata/elezionipolitiche2018,,Lega,Lega,0,200409,0,200409,0,100205,0,first,,,Democratic Party,Democratic Party,46762,Italy,IT-PROV-038,official,Ministry-format municipality party-list rows preserved by the OnData mirror and aggregated to province. Compatible local turnout metadata is unavailable. Aosta Valley's separate direct seat and overseas constituencies are excluded.,0
Ferrara,https://github.com/ondata/elezionipolitiche2018,,Lega,Lega,0,200409,0,200409,0,100205,0,first,,,Forza Italia,Forza Italia,22842,Italy,IT-PROV-038,official,Ministry-format municipality party-list rows preserved by the OnData mirror and aggregated to province. Compatible local turnout metadata is unavailable. Aosta Valley's separate direct seat and overseas constituencies are excluded.,0
Ferrara,https://github.com/ondata/elezionipolitiche2018,,Lega,Lega,0,200409,0,200409,0,100205,0,first,,,Brothers of Italy,Brothers of Italy,7108,Italy,IT-PROV-038,official,Ministry-format municipality party-list rows preserved by the OnData mirror and aggregated to province. Compatible local turnout metadata is unavailable. Aosta Valley's separate direct seat and overseas constituencies are excluded.,0
Ferrara,https://github.com/ondata/elezionipolitiche2018,,Lega,Lega,0,200409,0,200409,0,100205,0,first,,,Free and Equal,Free and Equal,6203,Italy,IT-PROV-038,official,Ministry-format municipality party-list rows preserved by the OnData mirror and aggregated to province. Compatible local turnout metadata is unavailable. Aosta Valley's separate direct seat and overseas constituencies are excluded.,0
Ferrara,https://github.com/ondata/elezionipolitiche2018,,Lega,Lega,0,200409,0,200409,0,100205,0,first,,,More Europe,More Europe,5221,Italy,IT-PROV-038,official,Ministry-format municipality party-list rows preserved by the OnData mirror and aggregated to province. Compatible local turnout metadata is unavailable. Aosta Valley's separate direct seat and overseas constituencies are excluded.,0
Ferrara,https://github.com/ondata/elezionipolitiche2018,,Lega,Lega,0,200409,0,200409,0,100205,0,first,,,Power to the People,Power to the People,1666,Italy,IT-PROV-038,official,Ministry-format municipality party-list rows preserved by the OnData mirror and aggregated to province. Compatible local turnout metadata is unavailable. Aosta Valley's separate direct seat and overseas constituencies are excluded.,0
Ferrara,https://github.com/ondata/elezionipolitiche2018,,Lega,Lega,0,200409,0,200409,0,100205,0,first,,,Civica Popolare Lorenzin,Civica Popolare Lorenzin,1481,Italy,IT-PROV-038,official,Ministry-format municipality party-list rows preserved by the OnData mirror and aggregated to province. Compatible local turnout metadata is unavailable. Aosta Valley's separate direct seat and overseas constituencies are excluded.,0
Ferrara,https://github.com/ondata/elezionipolitiche2018,,Lega,Lega,0,200409,0,200409,0,100205,0,first,,,Casapound Italia,Casapound Italia,1392,Italy,IT-PROV-038,official,Ministry-format municipality party-list rows preserved by the OnData mirror and aggregated to province. Compatible local turnout metadata is unavailable. Aosta Valley's separate direct seat and overseas constituencies are excluded.,0
Ferrara,https://github.com/ondata/elezionipolitiche2018,,Lega,Lega,0,200409,0,200409,0,100205,0,first,,,Italia Europa Insieme,Italia Europa Insieme,1295,Italy,IT-PROV-038,official,Ministry-format municipality party-list rows preserved by the OnData mirror and aggregated to province. Compatible local turnout metadata is unavailable. Aosta Valley's separate direct seat and overseas constituencies are excluded.,0
Ferrara,https://github.com/ondata/elezionipolitiche2018,,Lega,Lega,0,200409,0,200409,0,100205,0,first,,,Italia Agli Italiani,Italia Agli Italiani,1103,Italy,IT-PROV-038,official,Ministry-format municipality party-list rows preserved by the OnData mirror and aggregated to province. Compatible local turnout metadata is unavailable. Aosta Valley's separate direct seat and overseas constituencies are excluded.,0
Ferrara,https://github.com/ondata/elezionipolitiche2018,,Lega,Lega,0,200409,0,200409,0,100205,0,first,,,Il Popolo Della Famiglia,Il Popolo Della Famiglia,1001,Italy,IT-PROV-038,official,Ministry-format municipality party-list rows preserved by the OnData mirror and aggregated to province. Compatible local turnout metadata is unavailable. Aosta Valley's separate direct seat and overseas constituencies are excluded.,0
Ferrara,https://github.com/ondata/elezionipolitiche2018,,Lega,Lega,0,200409,0,200409,0,100205,0,first,,,Us with Italy–UDC,Us with Italy–UDC,868,Italy,IT-PROV-038,official,Ministry-format municipality party-list rows preserved by the OnData mirror and aggregated to province. Compatible local turnout metadata is unavailable. Aosta Valley's separate direct seat and overseas constituencies are excluded.,0
Ferrara,https://github.com/ondata/elezionipolitiche2018,,Lega,Lega,0,200409,0,200409,0,100205,0,first,,,Per Una Sinistra Rivoluzionaria,Per Una Sinistra Rivoluzionaria,557,Italy,IT-PROV-038,official,Ministry-format municipality party-list rows preserved by the OnData mirror and aggregated to province. Compatible local turnout metadata is unavailable. Aosta Valley's separate direct seat and overseas constituencies are excluded.,0
Ferrara,https://github.com/ondata/elezionipolitiche2018,,Lega,Lega,0,200409,0,200409,0,100205,0,first,,,Partito Repubblicano Italiano - Ala,Partito Repubblicano Italiano - Ala,310,Italy,IT-PROV-038,official,Ministry-format municipality party-list rows preserved by the OnData mirror and aggregated to province. Compatible local turnout metadata is unavailable. Aosta Valley's separate direct seat and overseas constituencies are excluded.,0
Ravenna,https://github.com/ondata/elezionipolitiche2018,,Democratic Party,Democratic Party,0,220108,0,220108,0,110055,0,first,,,Democratic Party,Democratic Party,63315,Italy,IT-PROV-039,official,Ministry-format municipality party-list rows preserved by the OnData mirror and aggregated to province. Compatible local turnout metadata is unavailable. Aosta Valley's separate direct seat and overseas constituencies are excluded.,0
Ravenna,https://github.com/ondata/elezionipolitiche2018,,Democratic Party,Democratic Party,0,220108,0,220108,0,110055,0,first,,,Five Star Movement,Five Star Movement,59347,Italy,IT-PROV-039,official,Ministry-format municipality party-list rows preserved by the OnData mirror and aggregated to province. Compatible local turnout metadata is unavailable. Aosta Valley's separate direct seat and overseas constituencies are excluded.,0
Ravenna,https://github.com/ondata/elezionipolitiche2018,,Democratic Party,Democratic Party,0,220108,0,220108,0,110055,0,first,,,Lega,Lega,40402,Italy,IT-PROV-039,official,Ministry-format municipality party-list rows preserved by the OnData mirror and aggregated to province. Compatible local turnout metadata is unavailable. Aosta Valley's separate direct seat and overseas constituencies are excluded.,0
Ravenna,https://github.com/ondata/elezionipolitiche2018,,Democratic Party,Democratic Party,0,220108,0,220108,0,110055,0,first,,,Forza Italia,Forza Italia,20503,Italy,IT-PROV-039,official,Ministry-format municipality party-list rows preserved by the OnData mirror and aggregated to province. Compatible local turnout metadata is unavailable. Aosta Valley's separate direct seat and overseas constituencies are excluded.,0
Ravenna,https://github.com/ondata/elezionipolitiche2018,,Democratic Party,Democratic Party,0,220108,0,220108,0,110055,0,first,,,Free and Equal,Free and Equal,9386,Italy,IT-PROV-039,official,Ministry-format municipality party-list rows preserved by the OnData mirror and aggregated to province. Compatible local turnout metadata is unavailable. Aosta Valley's separate direct seat and overseas constituencies are excluded.,0
Ravenna,https://github.com/ondata/elezionipolitiche2018,,Democratic Party,Democratic Party,0,220108,0,220108,0,110055,0,first,,,Brothers of Italy,Brothers of Italy,6557,Italy,IT-PROV-039,official,Ministry-format municipality party-list rows preserved by the OnData mirror and aggregated to province. Compatible local turnout metadata is unavailable. Aosta Valley's separate direct seat and overseas constituencies are excluded.,0
Ravenna,https://github.com/ondata/elezionipolitiche2018,,Democratic Party,Democratic Party,0,220108,0,220108,0,110055,0,first,,,More Europe,More Europe,5966,Italy,IT-PROV-039,official,Ministry-format municipality party-list rows preserved by the OnData mirror and aggregated to province. Compatible local turnout metadata is unavailable. Aosta Valley's separate direct seat and overseas constituencies are excluded.,0
Ravenna,https://github.com/ondata/elezionipolitiche2018,,Democratic Party,Democratic Party,0,220108,0,220108,0,110055,0,first,,,Partito Comunista,Partito Comunista,2319,Italy,IT-PROV-039,official,Ministry-format municipality party-list rows preserved by the OnData mirror and aggregated to province. Compatible local turnout metadata is unavailable. Aosta Valley's separate direct seat and overseas constituencies are excluded.,0
Ravenna,https://github.com/ondata/elezionipolitiche2018,,Democratic Party,Democratic Party,0,220108,0,220108,0,110055,0,first,,,Italia Europa Insieme,Italia Europa Insieme,2052,Italy,IT-PROV-039,official,Ministry-format municipality party-list rows preserved by the OnData mirror and aggregated to province. Compatible local turnout metadata is unavailable. Aosta Valley's separate direct seat and overseas constituencies are excluded.,0
Ravenna,https://github.com/ondata/elezionipolitiche2018,,Democratic Party,Democratic Party,0,220108,0,220108,0,110055,0,first,,,Power to the People,Power to the People,1974,Italy,IT-PROV-039,official,Ministry-format municipality party-list rows preserved by the OnData mirror and aggregated to province. Compatible local turnout metadata is unavailable. Aosta Valley's separate direct seat and overseas constituencies are excluded.,0
Ravenna,https://github.com/ondata/elezionipolitiche2018,,Democratic Party,Democratic Party,0,220108,0,220108,0,110055,0,first,,,Il Popolo Della Famiglia,Il Popolo Della Famiglia,1698,Italy,IT-PROV-039,official,Ministry-format municipality party-list rows preserved by the OnData mirror and aggregated to province. Compatible local turnout metadata is unavailable. Aosta Valley's separate direct seat and overseas constituencies are excluded.,0
Ravenna,https://github.com/ondata/elezionipolitiche2018,,Democratic Party,Democratic Party,0,220108,0,220108,0,110055,0,first,,,Partito Repubblicano Italiano - Ala,Partito Repubblicano Italiano - Ala,1596,Italy,IT-PROV-039,official,Ministry-format municipality party-list rows preserved by the OnData mirror and aggregated to province. Compatible local turnout metadata is unavailable. Aosta Valley's separate direct seat and overseas constituencies are excluded.,0
Ravenna,https://github.com/ondata/elezionipolitiche2018,,Democratic Party,Democratic Party,0,220108,0,220108,0,110055,0,first,,,Us with Italy–UDC,Us with Italy–UDC,1394,Italy,IT-PROV-039,official,Ministry-format municipality party-list rows preserved by the OnData mirror and aggregated to province. Compatible local turnout metadata is unavailable. Aosta Valley's separate direct seat and overseas constituencies are excluded.,0
Ravenna,https://github.com/ondata/elezionipolitiche2018,,Democratic Party,Democratic Party,0,220108,0,220108,0,110055,0,first,,,Civica Popolare Lorenzin,Civica Popolare Lorenzin,1106,Italy,IT-PROV-039,official,Ministry-format municipality party-list rows preserved by the OnData mirror and aggregated to province. Compatible local turnout metadata is unavailable. Aosta Valley's separate direct seat and overseas constituencies are excluded.,0
Ravenna,https://github.com/ondata/elezionipolitiche2018,,Democratic Party,Democratic Party,0,220108,0,220108,0,110055,0,first,,,Italia Agli Italiani,Italia Agli Italiani,1103,Italy,IT-PROV-039,official,Ministry-format municipality party-list rows preserved by the OnData mirror and aggregated to province. Compatible local turnout metadata is unavailable. Aosta Valley's separate direct seat and overseas constituencies are excluded.,0
Ravenna,https://github.com/ondata/elezionipolitiche2018,,Democratic Party,Democratic Party,0,220108,0,220108,0,110055,0,first,,,Casapound Italia,Casapound Italia,1062,Italy,IT-PROV-039,official,Ministry-format municipality party-list rows preserved by the OnData mirror and aggregated to province. Compatible local turnout metadata is unavailable. Aosta Valley's separate direct seat and overseas constituencies are excluded.,0
Ravenna,https://github.com/ondata/elezionipolitiche2018,,Democratic Party,Democratic Party,0,220108,0,220108,0,110055,0,first,,,Per Una Sinistra Rivoluzionaria,Per Una Sinistra Rivoluzionaria,328,Italy,IT-PROV-039,official,Ministry-format municipality party-list rows preserved by the OnData mirror and aggregated to province. Compatible local turnout metadata is unavailable. Aosta Valley's separate direct seat and overseas constituencies are excluded.,0
Forli'-Cesena,https://github.com/ondata/elezionipolitiche2018,,Five Star Movement,Five Star Movement,0,222926,0,222926,0,111464,0,first,,,Five Star Movement,Five Star Movement,65222,Italy,IT-PROV-040,official,Ministry-format municipality party-list rows preserved by the OnData mirror and aggregated to province. Compatible local turnout metadata is unavailable. Aosta Valley's separate direct seat and overseas constituencies are excluded.,0
Forli'-Cesena,https://github.com/ondata/elezionipolitiche2018,,Five Star Movement,Five Star Movement,0,222926,0,222926,0,111464,0,first,,,Democratic Party,Democratic Party,59286,Italy,IT-PROV-040,official,Ministry-format municipality party-list rows preserved by the OnData mirror and aggregated to province. Compatible local turnout metadata is unavailable. Aosta Valley's separate direct seat and overseas constituencies are excluded.,0
Forli'-Cesena,https://github.com/ondata/elezionipolitiche2018,,Five Star Movement,Five Star Movement,0,222926,0,222926,0,111464,0,first,,,Lega,Lega,41548,Italy,IT-PROV-040,official,Ministry-format municipality party-list rows preserved by the OnData mirror and aggregated to province. Compatible local turnout metadata is unavailable. Aosta Valley's separate direct seat and overseas constituencies are excluded.,0
Forli'-Cesena,https://github.com/ondata/elezionipolitiche2018,,Five Star Movement,Five Star Movement,0,222926,0,222926,0,111464,0,first,,,Forza Italia,Forza Italia,21725,Italy,IT-PROV-040,official,Ministry-format municipality party-list rows preserved by the OnData mirror and aggregated to province. Compatible local turnout metadata is unavailable. Aosta Valley's separate direct seat and overseas constituencies are excluded.,0
Forli'-Cesena,https://github.com/ondata/elezionipolitiche2018,,Five Star Movement,Five Star Movement,0,222926,0,222926,0,111464,0,first,,,Free and Equal,Free and Equal,7674,Italy,IT-PROV-040,official,Ministry-format municipality party-list rows preserved by the OnData mirror and aggregated to province. Compatible local turnout metadata is unavailable. Aosta Valley's separate direct seat and overseas constituencies are excluded.,0
Forli'-Cesena,https://github.com/ondata/elezionipolitiche2018,,Five Star Movement,Five Star Movement,0,222926,0,222926,0,111464,0,first,,,Brothers of Italy,Brothers of Italy,6825,Italy,IT-PROV-040,official,Ministry-format municipality party-list rows preserved by the OnData mirror and aggregated to province. Compatible local turnout metadata is unavailable. Aosta Valley's separate direct seat and overseas constituencies are excluded.,0
Forli'-Cesena,https://github.com/ondata/elezionipolitiche2018,,Five Star Movement,Five Star Movement,0,222926,0,222926,0,111464,0,first,,,More Europe,More Europe,5683,Italy,IT-PROV-040,official,Ministry-format municipality party-list rows preserved by the OnData mirror and aggregated to province. Compatible local turnout metadata is unavailable. Aosta Valley's separate direct seat and overseas constituencies are excluded.,0
Forli'-Cesena,https://github.com/ondata/elezionipolitiche2018,,Five Star Movement,Five Star Movement,0,222926,0,222926,0,111464,0,first,,,Il Popolo Della Famiglia,Il Popolo Della Famiglia,2678,Italy,IT-PROV-040,official,Ministry-format municipality party-list rows preserved by the OnData mirror and aggregated to province. Compatible local turnout metadata is unavailable. Aosta Valley's separate direct seat and overseas constituencies are excluded.,0
Forli'-Cesena,https://github.com/ondata/elezionipolitiche2018,,Five Star Movement,Five Star Movement,0,222926,0,222926,0,111464,0,first,,,Partito Comunista,Partito Comunista,1974,Italy,IT-PROV-040,official,Ministry-format municipality party-list rows preserved by the OnData mirror and aggregated to province. Compatible local turnout metadata is unavailable. Aosta Valley's separate direct seat and overseas constituencies are excluded.,0
Forli'-Cesena,https://github.com/ondata/elezionipolitiche2018,,Five Star Movement,Five Star Movement,0,222926,0,222926,0,111464,0,first,,,Casapound Italia,Casapound Italia,1812,Italy,IT-PROV-040,official,Ministry-format municipality party-list rows preserved by the OnData mirror and aggregated to province. Compatible local turnout metadata is unavailable. Aosta Valley's separate direct seat and overseas constituencies are excluded.,0
Forli'-Cesena,https://github.com/ondata/elezionipolitiche2018,,Five Star Movement,Five Star Movement,0,222926,0,222926,0,111464,0,first,,,Power to the People,Power to the People,1711,Italy,IT-PROV-040,official,Ministry-format municipality party-list rows preserved by the OnData mirror and aggregated to province. Compatible local turnout metadata is unavailable. Aosta Valley's separate direct seat and overseas constituencies are excluded.,0
Forli'-Cesena,https://github.com/ondata/elezionipolitiche2018,,Five Star Movement,Five Star Movement,0,222926,0,222926,0,111464,0,first,,,Partito Repubblicano Italiano - Ala,Partito Repubblicano Italiano - Ala,1634,Italy,IT-PROV-040,official,Ministry-format municipality party-list rows preserved by the OnData mirror and aggregated to province. Compatible local turnout metadata is unavailable. Aosta Valley's separate direct seat and overseas constituencies are excluded.,0
Forli'-Cesena,https://github.com/ondata/elezionipolitiche2018,,Five Star Movement,Five Star Movement,0,222926,0,222926,0,111464,0,first,,,Us with Italy–UDC,Us with Italy–UDC,1553,Italy,IT-PROV-040,official,Ministry-format municipality party-list rows preserved by the OnData mirror and aggregated to province. Compatible local turnout metadata is unavailable. Aosta Valley's separate direct seat and overseas constituencies are excluded.,0
Forli'-Cesena,https://github.com/ondata/elezionipolitiche2018,,Five Star Movement,Five Star Movement,0,222926,0,222926,0,111464,0,first,,,Italia Europa Insieme,Italia Europa Insieme,1225,Italy,IT-PROV-040,official,Ministry-format municipality party-list rows preserved by the OnData mirror and aggregated to province. Compatible local turnout metadata is unavailable. Aosta Valley's separate direct seat and overseas constituencies are excluded.,0
Forli'-Cesena,https://github.com/ondata/elezionipolitiche2018,,Five Star Movement,Five Star Movement,0,222926,0,222926,0,111464,0,first,,,Italia Agli Italiani,Italia Agli Italiani,1013,Italy,IT-PROV-040,official,Ministry-format municipality party-list rows preserved by the OnData mirror and aggregated to province. Compatible local turnout metadata is unavailable. Aosta Valley's separate direct seat and overseas constituencies are excluded.,0
Forli'-Cesena,https://github.com/ondata/elezionipolitiche2018,,Five Star Movement,Five Star Movement,0,222926,0,222926,0,111464,0,first,,,Civica Popolare Lorenzin,Civica Popolare Lorenzin,951,Italy,IT-PROV-040,official,Ministry-format municipality party-list rows preserved by the OnData mirror and aggregated to province. Compatible local turnout metadata is unavailable. Aosta Valley's separate direct seat and overseas constituencies are excluded.,0
Forli'-Cesena,https://github.com/ondata/elezionipolitiche2018,,Five Star Movement,Five Star Movement,0,222926,0,222926,0,111464,0,first,,,Per Una Sinistra Rivoluzionaria,Per Una Sinistra Rivoluzionaria,412,Italy,IT-PROV-040,official,Ministry-format municipality party-list rows preserved by the OnData mirror and aggregated to province. Compatible local turnout metadata is unavailable. Aosta Valley's separate direct seat and overseas constituencies are excluded.,0
Pesaro e Urbino,https://github.com/ondata/elezionipolitiche2018,,Five Star Movement,Five Star Movement,0,204732,0,204732,0,102367,0,first,,,Five Star Movement,Five Star Movement,72201,Italy,IT-PROV-041,official,Ministry-format municipality party-list rows preserved by the OnData mirror and aggregated to province. Compatible local turnout metadata is unavailable. Aosta Valley's separate direct seat and overseas constituencies are excluded.,0
Pesaro e Urbino,https://github.com/ondata/elezionipolitiche2018,,Five Star Movement,Five Star Movement,0,204732,0,204732,0,102367,0,first,,,Democratic Party,Democratic Party,47315,Italy,IT-PROV-041,official,Ministry-format municipality party-list rows preserved by the OnData mirror and aggregated to province. Compatible local turnout metadata is unavailable. Aosta Valley's separate direct seat and overseas constituencies are excluded.,0
Pesaro e Urbino,https://github.com/ondata/elezionipolitiche2018,,Five Star Movement,Five Star Movement,0,204732,0,204732,0,102367,0,first,,,Lega,Lega,35073,Italy,IT-PROV-041,official,Ministry-format municipality party-list rows preserved by the OnData mirror and aggregated to province. Compatible local turnout metadata is unavailable. Aosta Valley's separate direct seat and overseas constituencies are excluded.,0
Pesaro e Urbino,https://github.com/ondata/elezionipolitiche2018,,Five Star Movement,Five Star Movement,0,204732,0,204732,0,102367,0,first,,,Forza Italia,Forza Italia,20366,Italy,IT-PROV-041,official,Ministry-format municipality party-list rows preserved by the OnData mirror and aggregated to province. Compatible local turnout metadata is unavailable. Aosta Valley's separate direct seat and overseas constituencies are excluded.,0
Pesaro e Urbino,https://github.com/ondata/elezionipolitiche2018,,Five Star Movement,Five Star Movement,0,204732,0,204732,0,102367,0,first,,,Brothers of Italy,Brothers of Italy,10041,Italy,IT-PROV-041,official,Ministry-format municipality party-list rows preserved by the OnData mirror and aggregated to province. Compatible local turnout metadata is unavailable. Aosta Valley's separate direct seat and overseas constituencies are excluded.,0
Pesaro e Urbino,https://github.com/ondata/elezionipolitiche2018,,Five Star Movement,Five Star Movement,0,204732,0,204732,0,102367,0,first,,,Free and Equal,Free and Equal,5230,Italy,IT-PROV-041,official,Ministry-format municipality party-list rows preserved by the OnData mirror and aggregated to province. Compatible local turnout metadata is unavailable. Aosta Valley's separate direct seat and overseas constituencies are excluded.,0
Pesaro e Urbino,https://github.com/ondata/elezionipolitiche2018,,Five Star Movement,Five Star Movement,0,204732,0,204732,0,102367,0,first,,,More Europe,More Europe,4457,Italy,IT-PROV-041,official,Ministry-format municipality party-list rows preserved by the OnData mirror and aggregated to province. Compatible local turnout metadata is unavailable. Aosta Valley's separate direct seat and overseas constituencies are excluded.,0
Pesaro e Urbino,https://github.com/ondata/elezionipolitiche2018,,Five Star Movement,Five Star Movement,0,204732,0,204732,0,102367,0,first,,,Us with Italy–UDC,Us with Italy–UDC,1845,Italy,IT-PROV-041,official,Ministry-format municipality party-list rows preserved by the OnData mirror and aggregated to province. Compatible local turnout metadata is unavailable. Aosta Valley's separate direct seat and overseas constituencies are excluded.,0
Pesaro e Urbino,https://github.com/ondata/elezionipolitiche2018,,Five Star Movement,Five Star Movement,0,204732,0,204732,0,102367,0,first,,,Partito Comunista,Partito Comunista,1672,Italy,IT-PROV-041,official,Ministry-format municipality party-list rows preserved by the OnData mirror and aggregated to province. Compatible local turnout metadata is unavailable. Aosta Valley's separate direct seat and overseas constituencies are excluded.,0
Pesaro e Urbino,https://github.com/ondata/elezionipolitiche2018,,Five Star Movement,Five Star Movement,0,204732,0,204732,0,102367,0,first,,,Italia Europa Insieme,Italia Europa Insieme,1668,Italy,IT-PROV-041,official,Ministry-format municipality party-list rows preserved by the OnData mirror and aggregated to province. Compatible local turnout metadata is unavailable. Aosta Valley's separate direct seat and overseas constituencies are excluded.,0
Pesaro e Urbino,https://github.com/ondata/elezionipolitiche2018,,Five Star Movement,Five Star Movement,0,204732,0,204732,0,102367,0,first,,,Power to the People,Power to the People,1506,Italy,IT-PROV-041,official,Ministry-format municipality party-list rows preserved by the OnData mirror and aggregated to province. Compatible local turnout metadata is unavailable. Aosta Valley's separate direct seat and overseas constituencies are excluded.,0
Pesaro e Urbino,https://github.com/ondata/elezionipolitiche2018,,Five Star Movement,Five Star Movement,0,204732,0,204732,0,102367,0,first,,,Casapound Italia,Casapound Italia,1378,Italy,IT-PROV-041,official,Ministry-format municipality party-list rows preserved by the OnData mirror and aggregated to province. Compatible local turnout metadata is unavailable. Aosta Valley's separate direct seat and overseas constituencies are excluded.,0
Pesaro e Urbino,https://github.com/ondata/elezionipolitiche2018,,Five Star Movement,Five Star Movement,0,204732,0,204732,0,102367,0,first,,,Il Popolo Della Famiglia,Il Popolo Della Famiglia,870,Italy,IT-PROV-041,official,Ministry-format municipality party-list rows preserved by the OnData mirror and aggregated to province. Compatible local turnout metadata is unavailable. Aosta Valley's separate direct seat and overseas constituencies are excluded.,0
Pesaro e Urbino,https://github.com/ondata/elezionipolitiche2018,,Five Star Movement,Five Star Movement,0,204732,0,204732,0,102367,0,first,,,Civica Popolare Lorenzin,Civica Popolare Lorenzin,531,Italy,IT-PROV-041,official,Ministry-format municipality party-list rows preserved by the OnData mirror and aggregated to province. Compatible local turnout metadata is unavailable. Aosta Valley's separate direct seat and overseas constituencies are excluded.,0
Pesaro e Urbino,https://github.com/ondata/elezionipolitiche2018,,Five Star Movement,Five Star Movement,0,204732,0,204732,0,102367,0,first,,,Partito Valore Umano,Partito Valore Umano,337,Italy,IT-PROV-041,official,Ministry-format municipality party-list rows preserved by the OnData mirror and aggregated to province. Compatible local turnout metadata is unavailable. Aosta Valley's separate direct seat and overseas constituencies are excluded.,0
Pesaro e Urbino,https://github.com/ondata/elezionipolitiche2018,,Five Star Movement,Five Star Movement,0,204732,0,204732,0,102367,0,first,,,Lista Del Popolo Per La Costituzione,Lista Del Popolo Per La Costituzione,242,Italy,IT-PROV-041,official,Ministry-format municipality party-list rows preserved by the OnData mirror and aggregated to province. Compatible local turnout metadata is unavailable. Aosta Valley's separate direct seat and overseas constituencies are excluded.,0
Ancona,https://github.com/ondata/elezionipolitiche2018,,Five Star Movement,Five Star Movement,0,240765,0,240765,0,120383,0,first,,,Five Star Movement,Five Star Movement,84112,Italy,IT-PROV-042,official,Ministry-format municipality party-list rows preserved by the OnData mirror and aggregated to province. Compatible local turnout metadata is unavailable. Aosta Valley's separate direct seat and overseas constituencies are excluded.,0
Ancona,https://github.com/ondata/elezionipolitiche2018,,Five Star Movement,Five Star Movement,0,240765,0,240765,0,120383,0,first,,,Democratic Party,Democratic Party,56489,Italy,IT-PROV-042,official,Ministry-format municipality party-list rows preserved by the OnData mirror and aggregated to province. Compatible local turnout metadata is unavailable. Aosta Valley's separate direct seat and overseas constituencies are excluded.,0
Ancona,https://github.com/ondata/elezionipolitiche2018,,Five Star Movement,Five Star Movement,0,240765,0,240765,0,120383,0,first,,,Lega,Lega,39263,Italy,IT-PROV-042,official,Ministry-format municipality party-list rows preserved by the OnData mirror and aggregated to province. Compatible local turnout metadata is unavailable. Aosta Valley's separate direct seat and overseas constituencies are excluded.,0
Ancona,https://github.com/ondata/elezionipolitiche2018,,Five Star Movement,Five Star Movement,0,240765,0,240765,0,120383,0,first,,,Forza Italia,Forza Italia,21064,Italy,IT-PROV-042,official,Ministry-format municipality party-list rows preserved by the OnData mirror and aggregated to province. Compatible local turnout metadata is unavailable. Aosta Valley's separate direct seat and overseas constituencies are excluded.,0
Ancona,https://github.com/ondata/elezionipolitiche2018,,Five Star Movement,Five Star Movement,0,240765,0,240765,0,120383,0,first,,,Brothers of Italy,Brothers of Italy,10157,Italy,IT-PROV-042,official,Ministry-format municipality party-list rows preserved by the OnData mirror and aggregated to province. Compatible local turnout metadata is unavailable. Aosta Valley's separate direct seat and overseas constituencies are excluded.,0
Ancona,https://github.com/ondata/elezionipolitiche2018,,Five Star Movement,Five Star Movement,0,240765,0,240765,0,120383,0,first,,,Free and Equal,Free and Equal,9138,Italy,IT-PROV-042,official,Ministry-format municipality party-list rows preserved by the OnData mirror and aggregated to province. Compatible local turnout metadata is unavailable. Aosta Valley's separate direct seat and overseas constituencies are excluded.,0
Ancona,https://github.com/ondata/elezionipolitiche2018,,Five Star Movement,Five Star Movement,0,240765,0,240765,0,120383,0,first,,,More Europe,More Europe,5748,Italy,IT-PROV-042,official,Ministry-format municipality party-list rows preserved by the OnData mirror and aggregated to province. Compatible local turnout metadata is unavailable. Aosta Valley's separate direct seat and overseas constituencies are excluded.,0
Ancona,https://github.com/ondata/elezionipolitiche2018,,Five Star Movement,Five Star Movement,0,240765,0,240765,0,120383,0,first,,,Power to the People,Power to the People,3238,Italy,IT-PROV-042,official,Ministry-format municipality party-list rows preserved by the OnData mirror and aggregated to province. Compatible local turnout metadata is unavailable. Aosta Valley's separate direct seat and overseas constituencies are excluded.,0
Ancona,https://github.com/ondata/elezionipolitiche2018,,Five Star Movement,Five Star Movement,0,240765,0,240765,0,120383,0,first,,,Partito Comunista,Partito Comunista,2263,Italy,IT-PROV-042,official,Ministry-format municipality party-list rows preserved by the OnData mirror and aggregated to province. Compatible local turnout metadata is unavailable. Aosta Valley's separate direct seat and overseas constituencies are excluded.,0
Ancona,https://github.com/ondata/elezionipolitiche2018,,Five Star Movement,Five Star Movement,0,240765,0,240765,0,120383,0,first,,,Casapound Italia,Casapound Italia,2167,Italy,IT-PROV-042,official,Ministry-format municipality party-list rows preserved by the OnData mirror and aggregated to province. Compatible local turnout metadata is unavailable. Aosta Valley's separate direct seat and overseas constituencies are excluded.,0
Ancona,https://github.com/ondata/elezionipolitiche2018,,Five Star Movement,Five Star Movement,0,240765,0,240765,0,120383,0,first,,,Il Popolo Della Famiglia,Il Popolo Della Famiglia,2083,Italy,IT-PROV-042,official,Ministry-format municipality party-list rows preserved by the OnData mirror and aggregated to province. Compatible local turnout metadata is unavailable. Aosta Valley's separate direct seat and overseas constituencies are excluded.,0
Ancona,https://github.com/ondata/elezionipolitiche2018,,Five Star Movement,Five Star Movement,0,240765,0,240765,0,120383,0,first,,,Us with Italy–UDC,Us with Italy–UDC,1962,Italy,IT-PROV-042,official,Ministry-format municipality party-list rows preserved by the OnData mirror and aggregated to province. Compatible local turnout metadata is unavailable. Aosta Valley's separate direct seat and overseas constituencies are excluded.,0
Ancona,https://github.com/ondata/elezionipolitiche2018,,Five Star Movement,Five Star Movement,0,240765,0,240765,0,120383,0,first,,,Italia Europa Insieme,Italia Europa Insieme,1787,Italy,IT-PROV-042,official,Ministry-format municipality party-list rows preserved by the OnData mirror and aggregated to province. Compatible local turnout metadata is unavailable. Aosta Valley's separate direct seat and overseas constituencies are excluded.,0
Ancona,https://github.com/ondata/elezionipolitiche2018,,Five Star Movement,Five Star Movement,0,240765,0,240765,0,120383,0,first,,,Civica Popolare Lorenzin,Civica Popolare Lorenzin,996,Italy,IT-PROV-042,official,Ministry-format municipality party-list rows preserved by the OnData mirror and aggregated to province. Compatible local turnout metadata is unavailable. Aosta Valley's separate direct seat and overseas constituencies are excluded.,0
Ancona,https://github.com/ondata/elezionipolitiche2018,,Five Star Movement,Five Star Movement,0,240765,0,240765,0,120383,0,first,,,Lista Del Popolo Per La Costituzione,Lista Del Popolo Per La Costituzione,263,Italy,IT-PROV-042,official,Ministry-format municipality party-list rows preserved by the OnData mirror and aggregated to province. Compatible local turnout metadata is unavailable. Aosta Valley's separate direct seat and overseas constituencies are excluded.,0
Ancona,https://github.com/ondata/elezionipolitiche2018,,Five Star Movement,Five Star Movement,0,240765,0,240765,0,120383,0,first,,,Partito Valore Umano,Partito Valore Umano,35,Italy,IT-PROV-042,official,Ministry-format municipality party-list rows preserved by the OnData mirror and aggregated to province. Compatible local turnout metadata is unavailable. Aosta Valley's separate direct seat and overseas constituencies are excluded.,0
Macerata,https://github.com/ondata/elezionipolitiche2018,,Five Star Movement,Five Star Movement,0,172617,0,172617,0,86309,0,first,,,Five Star Movement,Five Star Movement,55461,Italy,IT-PROV-043,official,Ministry-format municipality party-list rows preserved by the OnData mirror and aggregated to province. Compatible local turnout metadata is unavailable. Aosta Valley's separate direct seat and overseas constituencies are excluded.,0
Macerata,https://github.com/ondata/elezionipolitiche2018,,Five Star Movement,Five Star Movement,0,172617,0,172617,0,86309,0,first,,,Lega,Lega,36009,Italy,IT-PROV-043,official,Ministry-format municipality party-list rows preserved by the OnData mirror and aggregated to province. Compatible local turnout metadata is unavailable. Aosta Valley's separate direct seat and overseas constituencies are excluded.,0
Macerata,https://github.com/ondata/elezionipolitiche2018,,Five Star Movement,Five Star Movement,0,172617,0,172617,0,86309,0,first,,,Democratic Party,Democratic Party,33596,Italy,IT-PROV-043,official,Ministry-format municipality party-list rows preserved by the OnData mirror and aggregated to province. Compatible local turnout metadata is unavailable. Aosta Valley's separate direct seat and overseas constituencies are excluded.,0
Macerata,https://github.com/ondata/elezionipolitiche2018,,Five Star Movement,Five Star Movement,0,172617,0,172617,0,86309,0,first,,,Forza Italia,Forza Italia,18322,Italy,IT-PROV-043,official,Ministry-format municipality party-list rows preserved by the OnData mirror and aggregated to province. Compatible local turnout metadata is unavailable. Aosta Valley's separate direct seat and overseas constituencies are excluded.,0
Macerata,https://github.com/ondata/elezionipolitiche2018,,Five Star Movement,Five Star Movement,0,172617,0,172617,0,86309,0,first,,,Brothers of Italy,Brothers of Italy,10911,Italy,IT-PROV-043,official,Ministry-format municipality party-list rows preserved by the OnData mirror and aggregated to province. Compatible local turnout metadata is unavailable. Aosta Valley's separate direct seat and overseas constituencies are excluded.,0
Macerata,https://github.com/ondata/elezionipolitiche2018,,Five Star Movement,Five Star Movement,0,172617,0,172617,0,86309,0,first,,,Free and Equal,Free and Equal,4191,Italy,IT-PROV-043,official,Ministry-format municipality party-list rows preserved by the OnData mirror and aggregated to province. Compatible local turnout metadata is unavailable. Aosta Valley's separate direct seat and overseas constituencies are excluded.,0
Macerata,https://github.com/ondata/elezionipolitiche2018,,Five Star Movement,Five Star Movement,0,172617,0,172617,0,86309,0,first,,,More Europe,More Europe,2783,Italy,IT-PROV-043,official,Ministry-format municipality party-list rows preserved by the OnData mirror and aggregated to province. Compatible local turnout metadata is unavailable. Aosta Valley's separate direct seat and overseas constituencies are excluded.,0
Macerata,https://github.com/ondata/elezionipolitiche2018,,Five Star Movement,Five Star Movement,0,172617,0,172617,0,86309,0,first,,,Us with Italy–UDC,Us with Italy–UDC,2628,Italy,IT-PROV-043,official,Ministry-format municipality party-list rows preserved by the OnData mirror and aggregated to province. Compatible local turnout metadata is unavailable. Aosta Valley's separate direct seat and overseas constituencies are excluded.,0
Macerata,https://github.com/ondata/elezionipolitiche2018,,Five Star Movement,Five Star Movement,0,172617,0,172617,0,86309,0,first,,,Il Popolo Della Famiglia,Il Popolo Della Famiglia,1891,Italy,IT-PROV-043,official,Ministry-format municipality party-list rows preserved by the OnData mirror and aggregated to province. Compatible local turnout metadata is unavailable. Aosta Valley's separate direct seat and overseas constituencies are excluded.,0
Macerata,https://github.com/ondata/elezionipolitiche2018,,Five Star Movement,Five Star Movement,0,172617,0,172617,0,86309,0,first,,,Casapound Italia,Casapound Italia,1839,Italy,IT-PROV-043,official,Ministry-format municipality party-list rows preserved by the OnData mirror and aggregated to province. Compatible local turnout metadata is unavailable. Aosta Valley's separate direct seat and overseas constituencies are excluded.,0
Macerata,https://github.com/ondata/elezionipolitiche2018,,Five Star Movement,Five Star Movement,0,172617,0,172617,0,86309,0,first,,,Power to the People,Power to the People,1581,Italy,IT-PROV-043,official,Ministry-format municipality party-list rows preserved by the OnData mirror and aggregated to province. Compatible local turnout metadata is unavailable. Aosta Valley's separate direct seat and overseas constituencies are excluded.,0
Macerata,https://github.com/ondata/elezionipolitiche2018,,Five Star Movement,Five Star Movement,0,172617,0,172617,0,86309,0,first,,,Partito Comunista,Partito Comunista,1492,Italy,IT-PROV-043,official,Ministry-format municipality party-list rows preserved by the OnData mirror and aggregated to province. Compatible local turnout metadata is unavailable. Aosta Valley's separate direct seat and overseas constituencies are excluded.,0
Macerata,https://github.com/ondata/elezionipolitiche2018,,Five Star Movement,Five Star Movement,0,172617,0,172617,0,86309,0,first,,,Civica Popolare Lorenzin,Civica Popolare Lorenzin,776,Italy,IT-PROV-043,official,Ministry-format municipality party-list rows preserved by the OnData mirror and aggregated to province. Compatible local turnout metadata is unavailable. Aosta Valley's separate direct seat and overseas constituencies are excluded.,0
Macerata,https://github.com/ondata/elezionipolitiche2018,,Five Star Movement,Five Star Movement,0,172617,0,172617,0,86309,0,first,,,Italia Europa Insieme,Italia Europa Insieme,690,Italy,IT-PROV-043,official,Ministry-format municipality party-list rows preserved by the OnData mirror and aggregated to province. Compatible local turnout metadata is unavailable. Aosta Valley's separate direct seat and overseas constituencies are excluded.,0
Macerata,https://github.com/ondata/elezionipolitiche2018,,Five Star Movement,Five Star Movement,0,172617,0,172617,0,86309,0,first,,,Partito Valore Umano,Partito Valore Umano,289,Italy,IT-PROV-043,official,Ministry-format municipality party-list rows preserved by the OnData mirror and aggregated to province. Compatible local turnout metadata is unavailable. Aosta Valley's separate direct seat and overseas constituencies are excluded.,0
Macerata,https://github.com/ondata/elezionipolitiche2018,,Five Star Movement,Five Star Movement,0,172617,0,172617,0,86309,0,first,,,Lista Del Popolo Per La Costituzione,Lista Del Popolo Per La Costituzione,158,Italy,IT-PROV-043,official,Ministry-format municipality party-list rows preserved by the OnData mirror and aggregated to province. Compatible local turnout metadata is unavailable. Aosta Valley's separate direct seat and overseas constituencies are excluded.,0
Ascoli Piceno,https://github.com/ondata/elezionipolitiche2018,,Five Star Movement,Five Star Movement,0,119048,0,119048,0,59525,0,first,,,Five Star Movement,Five Star Movement,44468,Italy,IT-PROV-044,official,Ministry-format municipality party-list rows preserved by the OnData mirror and aggregated to province. Compatible local turnout metadata is unavailable. Aosta Valley's separate direct seat and overseas constituencies are excluded.,0
Ascoli Piceno,https://github.com/ondata/elezionipolitiche2018,,Five Star Movement,Five Star Movement,0,119048,0,119048,0,59525,0,first,,,Democratic Party,Democratic Party,22718,Italy,IT-PROV-044,official,Ministry-format municipality party-list rows preserved by the OnData mirror and aggregated to province. Compatible local turnout metadata is unavailable. Aosta Valley's separate direct seat and overseas constituencies are excluded.,0
Ascoli Piceno,https://github.com/ondata/elezionipolitiche2018,,Five Star Movement,Five Star Movement,0,119048,0,119048,0,59525,0,first,,,Lega,Lega,18611,Italy,IT-PROV-044,official,Ministry-format municipality party-list rows preserved by the OnData mirror and aggregated to province. Compatible local turnout metadata is unavailable. Aosta Valley's separate direct seat and overseas constituencies are excluded.,0
Ascoli Piceno,https://github.com/ondata/elezionipolitiche2018,,Five Star Movement,Five Star Movement,0,119048,0,119048,0,59525,0,first,,,Forza Italia,Forza Italia,14112,Italy,IT-PROV-044,official,Ministry-format municipality party-list rows preserved by the OnData mirror and aggregated to province. Compatible local turnout metadata is unavailable. Aosta Valley's separate direct seat and overseas constituencies are excluded.,0
Ascoli Piceno,https://github.com/ondata/elezionipolitiche2018,,Five Star Movement,Five Star Movement,0,119048,0,119048,0,59525,0,first,,,Brothers of Italy,Brothers of Italy,5856,Italy,IT-PROV-044,official,Ministry-format municipality party-list rows preserved by the OnData mirror and aggregated to province. Compatible local turnout metadata is unavailable. Aosta Valley's separate direct seat and overseas constituencies are excluded.,0
Ascoli Piceno,https://github.com/ondata/elezionipolitiche2018,,Five Star Movement,Five Star Movement,0,119048,0,119048,0,59525,0,first,,,Free and Equal,Free and Equal,2835,Italy,IT-PROV-044,official,Ministry-format municipality party-list rows preserved by the OnData mirror and aggregated to province. Compatible local turnout metadata is unavailable. Aosta Valley's separate direct seat and overseas constituencies are excluded.,0
Ascoli Piceno,https://github.com/ondata/elezionipolitiche2018,,Five Star Movement,Five Star Movement,0,119048,0,119048,0,59525,0,first,,,Casapound Italia,Casapound Italia,2556,Italy,IT-PROV-044,official,Ministry-format municipality party-list rows preserved by the OnData mirror and aggregated to province. Compatible local turnout metadata is unavailable. Aosta Valley's separate direct seat and overseas constituencies are excluded.,0
Ascoli Piceno,https://github.com/ondata/elezionipolitiche2018,,Five Star Movement,Five Star Movement,0,119048,0,119048,0,59525,0,first,,,More Europe,More Europe,1782,Italy,IT-PROV-044,official,Ministry-format municipality party-list rows preserved by the OnData mirror and aggregated to province. Compatible local turnout metadata is unavailable. Aosta Valley's separate direct seat and overseas constituencies are excluded.,0
Ascoli Piceno,https://github.com/ondata/elezionipolitiche2018,,Five Star Movement,Five Star Movement,0,119048,0,119048,0,59525,0,first,,,Power to the People,Power to the People,1606,Italy,IT-PROV-044,official,Ministry-format municipality party-list rows preserved by the OnData mirror and aggregated to province. Compatible local turnout metadata is unavailable. Aosta Valley's separate direct seat and overseas constituencies are excluded.,0
Ascoli Piceno,https://github.com/ondata/elezionipolitiche2018,,Five Star Movement,Five Star Movement,0,119048,0,119048,0,59525,0,first,,,Il Popolo Della Famiglia,Il Popolo Della Famiglia,1213,Italy,IT-PROV-044,official,Ministry-format municipality party-list rows preserved by the OnData mirror and aggregated to province. Compatible local turnout metadata is unavailable. Aosta Valley's separate direct seat and overseas constituencies are excluded.,0
Ascoli Piceno,https://github.com/ondata/elezionipolitiche2018,,Five Star Movement,Five Star Movement,0,119048,0,119048,0,59525,0,first,,,Us with Italy–UDC,Us with Italy–UDC,975,Italy,IT-PROV-044,official,Ministry-format municipality party-list rows preserved by the OnData mirror and aggregated to province. Compatible local turnout metadata is unavailable. Aosta Valley's separate direct seat and overseas constituencies are excluded.,0
Ascoli Piceno,https://github.com/ondata/elezionipolitiche2018,,Five Star Movement,Five Star Movement,0,119048,0,119048,0,59525,0,first,,,Partito Comunista,Partito Comunista,894,Italy,IT-PROV-044,official,Ministry-format municipality party-list rows preserved by the OnData mirror and aggregated to province. Compatible local turnout metadata is unavailable. Aosta Valley's separate direct seat and overseas constituencies are excluded.,0
Ascoli Piceno,https://github.com/ondata/elezionipolitiche2018,,Five Star Movement,Five Star Movement,0,119048,0,119048,0,59525,0,first,,,Italia Europa Insieme,Italia Europa Insieme,565,Italy,IT-PROV-044,official,Ministry-format municipality party-list rows preserved by the OnData mirror and aggregated to province. Compatible local turnout metadata is unavailable. Aosta Valley's separate direct seat and overseas constituencies are excluded.,0
Ascoli Piceno,https://github.com/ondata/elezionipolitiche2018,,Five Star Movement,Five Star Movement,0,119048,0,119048,0,59525,0,first,,,Civica Popolare Lorenzin,Civica Popolare Lorenzin,442,Italy,IT-PROV-044,official,Ministry-format municipality party-list rows preserved by the OnData mirror and aggregated to province. Compatible local turnout metadata is unavailable. Aosta Valley's separate direct seat and overseas constituencies are excluded.,0
Ascoli Piceno,https://github.com/ondata/elezionipolitiche2018,,Five Star Movement,Five Star Movement,0,119048,0,119048,0,59525,0,first,,,Partito Valore Umano,Partito Valore Umano,340,Italy,IT-PROV-044,official,Ministry-format municipality party-list rows preserved by the OnData mirror and aggregated to province. Compatible local turnout metadata is unavailable. Aosta Valley's separate direct seat and overseas constituencies are excluded.,0
Ascoli Piceno,https://github.com/ondata/elezionipolitiche2018,,Five Star Movement,Five Star Movement,0,119048,0,119048,0,59525,0,first,,,Lista Del Popolo Per La Costituzione,Lista Del Popolo Per La Costituzione,75,Italy,IT-PROV-044,official,Ministry-format municipality party-list rows preserved by the OnData mirror and aggregated to province. Compatible local turnout metadata is unavailable. Aosta Valley's separate direct seat and overseas constituencies are excluded.,0
Massa Carrara,https://github.com/ondata/elezionipolitiche2018,,Five Star Movement,Five Star Movement,0,103806,0,103806,0,51904,0,first,,,Five Star Movement,Five Star Movement,31438,Italy,IT-PROV-045,official,Ministry-format municipality party-list rows preserved by the OnData mirror and aggregated to province. Compatible local turnout metadata is unavailable. Aosta Valley's separate direct seat and overseas constituencies are excluded.,0
Massa Carrara,https://github.com/ondata/elezionipolitiche2018,,Five Star Movement,Five Star Movement,0,103806,0,103806,0,51904,0,first,,,Lega,Lega,21776,Italy,IT-PROV-045,official,Ministry-format municipality party-list rows preserved by the OnData mirror and aggregated to province. Compatible local turnout metadata is unavailable. Aosta Valley's separate direct seat and overseas constituencies are excluded.,0
Massa Carrara,https://github.com/ondata/elezionipolitiche2018,,Five Star Movement,Five Star Movement,0,103806,0,103806,0,51904,0,first,,,Democratic Party,Democratic Party,20885,Italy,IT-PROV-045,official,Ministry-format municipality party-list rows preserved by the OnData mirror and aggregated to province. Compatible local turnout metadata is unavailable. Aosta Valley's separate direct seat and overseas constituencies are excluded.,0
Massa Carrara,https://github.com/ondata/elezionipolitiche2018,,Five Star Movement,Five Star Movement,0,103806,0,103806,0,51904,0,first,,,Forza Italia,Forza Italia,12411,Italy,IT-PROV-045,official,Ministry-format municipality party-list rows preserved by the OnData mirror and aggregated to province. Compatible local turnout metadata is unavailable. Aosta Valley's separate direct seat and overseas constituencies are excluded.,0
Massa Carrara,https://github.com/ondata/elezionipolitiche2018,,Five Star Movement,Five Star Movement,0,103806,0,103806,0,51904,0,first,,,Free and Equal,Free and Equal,4084,Italy,IT-PROV-045,official,Ministry-format municipality party-list rows preserved by the OnData mirror and aggregated to province. Compatible local turnout metadata is unavailable. Aosta Valley's separate direct seat and overseas constituencies are excluded.,0
Massa Carrara,https://github.com/ondata/elezionipolitiche2018,,Five Star Movement,Five Star Movement,0,103806,0,103806,0,51904,0,first,,,Brothers of Italy,Brothers of Italy,3556,Italy,IT-PROV-045,official,Ministry-format municipality party-list rows preserved by the OnData mirror and aggregated to province. Compatible local turnout metadata is unavailable. Aosta Valley's separate direct seat and overseas constituencies are excluded.,0
Massa Carrara,https://github.com/ondata/elezionipolitiche2018,,Five Star Movement,Five Star Movement,0,103806,0,103806,0,51904,0,first,,,Power to the People,Power to the People,2183,Italy,IT-PROV-045,official,Ministry-format municipality party-list rows preserved by the OnData mirror and aggregated to province. Compatible local turnout metadata is unavailable. Aosta Valley's separate direct seat and overseas constituencies are excluded.,0
Massa Carrara,https://github.com/ondata/elezionipolitiche2018,,Five Star Movement,Five Star Movement,0,103806,0,103806,0,51904,0,first,,,Italia Europa Insieme,Italia Europa Insieme,2128,Italy,IT-PROV-045,official,Ministry-format municipality party-list rows preserved by the OnData mirror and aggregated to province. Compatible local turnout metadata is unavailable. Aosta Valley's separate direct seat and overseas constituencies are excluded.,0
Massa Carrara,https://github.com/ondata/elezionipolitiche2018,,Five Star Movement,Five Star Movement,0,103806,0,103806,0,51904,0,first,,,More Europe,More Europe,1923,Italy,IT-PROV-045,official,Ministry-format municipality party-list rows preserved by the OnData mirror and aggregated to province. Compatible local turnout metadata is unavailable. Aosta Valley's separate direct seat and overseas constituencies are excluded.,0
Massa Carrara,https://github.com/ondata/elezionipolitiche2018,,Five Star Movement,Five Star Movement,0,103806,0,103806,0,51904,0,first,,,Partito Comunista,Partito Comunista,1051,Italy,IT-PROV-045,official,Ministry-format municipality party-list rows preserved by the OnData mirror and aggregated to province. Compatible local turnout metadata is unavailable. Aosta Valley's separate direct seat and overseas constituencies are excluded.,0
Massa Carrara,https://github.com/ondata/elezionipolitiche2018,,Five Star Movement,Five Star Movement,0,103806,0,103806,0,51904,0,first,,,Casapound Italia,Casapound Italia,720,Italy,IT-PROV-045,official,Ministry-format municipality party-list rows preserved by the OnData mirror and aggregated to province. Compatible local turnout metadata is unavailable. Aosta Valley's separate direct seat and overseas constituencies are excluded.,0
Massa Carrara,https://github.com/ondata/elezionipolitiche2018,,Five Star Movement,Five Star Movement,0,103806,0,103806,0,51904,0,first,,,Civica Popolare Lorenzin,Civica Popolare Lorenzin,499,Italy,IT-PROV-045,official,Ministry-format municipality party-list rows preserved by the OnData mirror and aggregated to province. Compatible local turnout metadata is unavailable. Aosta Valley's separate direct seat and overseas constituencies are excluded.,0
Massa Carrara,https://github.com/ondata/elezionipolitiche2018,,Five Star Movement,Five Star Movement,0,103806,0,103806,0,51904,0,first,,,Us with Italy–UDC,Us with Italy–UDC,406,Italy,IT-PROV-045,official,Ministry-format municipality party-list rows preserved by the OnData mirror and aggregated to province. Compatible local turnout metadata is unavailable. Aosta Valley's separate direct seat and overseas constituencies are excluded.,0
Massa Carrara,https://github.com/ondata/elezionipolitiche2018,,Five Star Movement,Five Star Movement,0,103806,0,103806,0,51904,0,first,,,Italia Agli Italiani,Italia Agli Italiani,379,Italy,IT-PROV-045,official,Ministry-format municipality party-list rows preserved by the OnData mirror and aggregated to province. Compatible local turnout metadata is unavailable. Aosta Valley's separate direct seat and overseas constituencies are excluded.,0
Massa Carrara,https://github.com/ondata/elezionipolitiche2018,,Five Star Movement,Five Star Movement,0,103806,0,103806,0,51904,0,first,,,Il Popolo Della Famiglia,Il Popolo Della Famiglia,367,Italy,IT-PROV-045,official,Ministry-format municipality party-list rows preserved by the OnData mirror and aggregated to province. Compatible local turnout metadata is unavailable. Aosta Valley's separate direct seat and overseas constituencies are excluded.,0
Lucca,https://github.com/ondata/elezionipolitiche2018,,Five Star Movement,Five Star Movement,0,211987,0,211987,0,105994,0,first,,,Five Star Movement,Five Star Movement,55290,Italy,IT-PROV-046,official,Ministry-format municipality party-list rows preserved by the OnData mirror and aggregated to province. Compatible local turnout metadata is unavailable. Aosta Valley's separate direct seat and overseas constituencies are excluded.,0
Lucca,https://github.com/ondata/elezionipolitiche2018,,Five Star Movement,Five Star Movement,0,211987,0,211987,0,105994,0,first,,,Lega,Lega,46962,Italy,IT-PROV-046,official,Ministry-format municipality party-list rows preserved by the OnData mirror and aggregated to province. Compatible local turnout metadata is unavailable. Aosta Valley's separate direct seat and overseas constituencies are excluded.,0
Lucca,https://github.com/ondata/elezionipolitiche2018,,Five Star Movement,Five Star Movement,0,211987,0,211987,0,105994,0,first,,,Democratic Party,Democratic Party,46237,Italy,IT-PROV-046,official,Ministry-format municipality party-list rows preserved by the OnData mirror and aggregated to province. Compatible local turnout metadata is unavailable. Aosta Valley's separate direct seat and overseas constituencies are excluded.,0
Lucca,https://github.com/ondata/elezionipolitiche2018,,Five Star Movement,Five Star Movement,0,211987,0,211987,0,105994,0,first,,,Forza Italia,Forza Italia,27538,Italy,IT-PROV-046,official,Ministry-format municipality party-list rows preserved by the OnData mirror and aggregated to province. Compatible local turnout metadata is unavailable. Aosta Valley's separate direct seat and overseas constituencies are excluded.,0
Lucca,https://github.com/ondata/elezionipolitiche2018,,Five Star Movement,Five Star Movement,0,211987,0,211987,0,105994,0,first,,,Brothers of Italy,Brothers of Italy,8708,Italy,IT-PROV-046,official,Ministry-format municipality party-list rows preserved by the OnData mirror and aggregated to province. Compatible local turnout metadata is unavailable. Aosta Valley's separate direct seat and overseas constituencies are excluded.,0
Lucca,https://github.com/ondata/elezionipolitiche2018,,Five Star Movement,Five Star Movement,0,211987,0,211987,0,105994,0,first,,,Free and Equal,Free and Equal,6775,Italy,IT-PROV-046,official,Ministry-format municipality party-list rows preserved by the OnData mirror and aggregated to province. Compatible local turnout metadata is unavailable. Aosta Valley's separate direct seat and overseas constituencies are excluded.,0
Lucca,https://github.com/ondata/elezionipolitiche2018,,Five Star Movement,Five Star Movement,0,211987,0,211987,0,105994,0,first,,,More Europe,More Europe,5445,Italy,IT-PROV-046,official,Ministry-format municipality party-list rows preserved by the OnData mirror and aggregated to province. Compatible local turnout metadata is unavailable. Aosta Valley's separate direct seat and overseas constituencies are excluded.,0
Lucca,https://github.com/ondata/elezionipolitiche2018,,Five Star Movement,Five Star Movement,0,211987,0,211987,0,105994,0,first,,,Casapound Italia,Casapound Italia,3979,Italy,IT-PROV-046,official,Ministry-format municipality party-list rows preserved by the OnData mirror and aggregated to province. Compatible local turnout metadata is unavailable. Aosta Valley's separate direct seat and overseas constituencies are excluded.,0
Lucca,https://github.com/ondata/elezionipolitiche2018,,Five Star Movement,Five Star Movement,0,211987,0,211987,0,105994,0,first,,,Power to the People,Power to the People,3641,Italy,IT-PROV-046,official,Ministry-format municipality party-list rows preserved by the OnData mirror and aggregated to province. Compatible local turnout metadata is unavailable. Aosta Valley's separate direct seat and overseas constituencies are excluded.,0
Lucca,https://github.com/ondata/elezionipolitiche2018,,Five Star Movement,Five Star Movement,0,211987,0,211987,0,105994,0,first,,,Us with Italy–UDC,Us with Italy–UDC,1849,Italy,IT-PROV-046,official,Ministry-format municipality party-list rows preserved by the OnData mirror and aggregated to province. Compatible local turnout metadata is unavailable. Aosta Valley's separate direct seat and overseas constituencies are excluded.,0
Lucca,https://github.com/ondata/elezionipolitiche2018,,Five Star Movement,Five Star Movement,0,211987,0,211987,0,105994,0,first,,,Partito Comunista,Partito Comunista,1614,Italy,IT-PROV-046,official,Ministry-format municipality party-list rows preserved by the OnData mirror and aggregated to province. Compatible local turnout metadata is unavailable. Aosta Valley's separate direct seat and overseas constituencies are excluded.,0
Lucca,https://github.com/ondata/elezionipolitiche2018,,Five Star Movement,Five Star Movement,0,211987,0,211987,0,105994,0,first,,,Italia Europa Insieme,Italia Europa Insieme,1160,Italy,IT-PROV-046,official,Ministry-format municipality party-list rows preserved by the OnData mirror and aggregated to province. Compatible local turnout metadata is unavailable. Aosta Valley's separate direct seat and overseas constituencies are excluded.,0
Lucca,https://github.com/ondata/elezionipolitiche2018,,Five Star Movement,Five Star Movement,0,211987,0,211987,0,105994,0,first,,,Il Popolo Della Famiglia,Il Popolo Della Famiglia,1063,Italy,IT-PROV-046,official,Ministry-format municipality party-list rows preserved by the OnData mirror and aggregated to province. Compatible local turnout metadata is unavailable. Aosta Valley's separate direct seat and overseas constituencies are excluded.,0
Lucca,https://github.com/ondata/elezionipolitiche2018,,Five Star Movement,Five Star Movement,0,211987,0,211987,0,105994,0,first,,,Civica Popolare Lorenzin,Civica Popolare Lorenzin,976,Italy,IT-PROV-046,official,Ministry-format municipality party-list rows preserved by the OnData mirror and aggregated to province. Compatible local turnout metadata is unavailable. Aosta Valley's separate direct seat and overseas constituencies are excluded.,0
Lucca,https://github.com/ondata/elezionipolitiche2018,,Five Star Movement,Five Star Movement,0,211987,0,211987,0,105994,0,first,,,Italia Agli Italiani,Italia Agli Italiani,750,Italy,IT-PROV-046,official,Ministry-format municipality party-list rows preserved by the OnData mirror and aggregated to province. Compatible local turnout metadata is unavailable. Aosta Valley's separate direct seat and overseas constituencies are excluded.,0
Pistoia,https://github.com/ondata/elezionipolitiche2018,,Democratic Party,Democratic Party,0,161808,0,161808,0,80905,0,first,,,Democratic Party,Democratic Party,46474,Italy,IT-PROV-047,official,Ministry-format municipality party-list rows preserved by the OnData mirror and aggregated to province. Compatible local turnout metadata is unavailable. Aosta Valley's separate direct seat and overseas constituencies are excluded.,0
Pistoia,https://github.com/ondata/elezionipolitiche2018,,Democratic Party,Democratic Party,0,161808,0,161808,0,80905,0,first,,,Five Star Movement,Five Star Movement,38149,Italy,IT-PROV-047,official,Ministry-format municipality party-list rows preserved by the OnData mirror and aggregated to province. Compatible local turnout metadata is unavailable. Aosta Valley's separate direct seat and overseas constituencies are excluded.,0
Pistoia,https://github.com/ondata/elezionipolitiche2018,,Democratic Party,Democratic Party,0,161808,0,161808,0,80905,0,first,,,Lega,Lega,31188,Italy,IT-PROV-047,official,Ministry-format municipality party-list rows preserved by the OnData mirror and aggregated to province. Compatible local turnout metadata is unavailable. Aosta Valley's separate direct seat and overseas constituencies are excluded.,0
Pistoia,https://github.com/ondata/elezionipolitiche2018,,Democratic Party,Democratic Party,0,161808,0,161808,0,80905,0,first,,,Forza Italia,Forza Italia,19863,Italy,IT-PROV-047,official,Ministry-format municipality party-list rows preserved by the OnData mirror and aggregated to province. Compatible local turnout metadata is unavailable. Aosta Valley's separate direct seat and overseas constituencies are excluded.,0
Pistoia,https://github.com/ondata/elezionipolitiche2018,,Democratic Party,Democratic Party,0,161808,0,161808,0,80905,0,first,,,Brothers of Italy,Brothers of Italy,7910,Italy,IT-PROV-047,official,Ministry-format municipality party-list rows preserved by the OnData mirror and aggregated to province. Compatible local turnout metadata is unavailable. Aosta Valley's separate direct seat and overseas constituencies are excluded.,0
Pistoia,https://github.com/ondata/elezionipolitiche2018,,Democratic Party,Democratic Party,0,161808,0,161808,0,80905,0,first,,,Free and Equal,Free and Equal,5398,Italy,IT-PROV-047,official,Ministry-format municipality party-list rows preserved by the OnData mirror and aggregated to province. Compatible local turnout metadata is unavailable. Aosta Valley's separate direct seat and overseas constituencies are excluded.,0
Pistoia,https://github.com/ondata/elezionipolitiche2018,,Democratic Party,Democratic Party,0,161808,0,161808,0,80905,0,first,,,More Europe,More Europe,3741,Italy,IT-PROV-047,official,Ministry-format municipality party-list rows preserved by the OnData mirror and aggregated to province. Compatible local turnout metadata is unavailable. Aosta Valley's separate direct seat and overseas constituencies are excluded.,0
Pistoia,https://github.com/ondata/elezionipolitiche2018,,Democratic Party,Democratic Party,0,161808,0,161808,0,80905,0,first,,,Casapound Italia,Casapound Italia,1876,Italy,IT-PROV-047,official,Ministry-format municipality party-list rows preserved by the OnData mirror and aggregated to province. Compatible local turnout metadata is unavailable. Aosta Valley's separate direct seat and overseas constituencies are excluded.,0
Pistoia,https://github.com/ondata/elezionipolitiche2018,,Democratic Party,Democratic Party,0,161808,0,161808,0,80905,0,first,,,Power to the People,Power to the People,1866,Italy,IT-PROV-047,official,Ministry-format municipality party-list rows preserved by the OnData mirror and aggregated to province. Compatible local turnout metadata is unavailable. Aosta Valley's separate direct seat and overseas constituencies are excluded.,0
Pistoia,https://github.com/ondata/elezionipolitiche2018,,Democratic Party,Democratic Party,0,161808,0,161808,0,80905,0,first,,,Partito Comunista,Partito Comunista,1737,Italy,IT-PROV-047,official,Ministry-format municipality party-list rows preserved by the OnData mirror and aggregated to province. Compatible local turnout metadata is unavailable. Aosta Valley's separate direct seat and overseas constituencies are excluded.,0
Pistoia,https://github.com/ondata/elezionipolitiche2018,,Democratic Party,Democratic Party,0,161808,0,161808,0,80905,0,first,,,Us with Italy–UDC,Us with Italy–UDC,888,Italy,IT-PROV-047,official,Ministry-format municipality party-list rows preserved by the OnData mirror and aggregated to province. Compatible local turnout metadata is unavailable. Aosta Valley's separate direct seat and overseas constituencies are excluded.,0
Pistoia,https://github.com/ondata/elezionipolitiche2018,,Democratic Party,Democratic Party,0,161808,0,161808,0,80905,0,first,,,Italia Europa Insieme,Italia Europa Insieme,882,Italy,IT-PROV-047,official,Ministry-format municipality party-list rows preserved by the OnData mirror and aggregated to province. Compatible local turnout metadata is unavailable. Aosta Valley's separate direct seat and overseas constituencies are excluded.,0
Pistoia,https://github.com/ondata/elezionipolitiche2018,,Democratic Party,Democratic Party,0,161808,0,161808,0,80905,0,first,,,Il Popolo Della Famiglia,Il Popolo Della Famiglia,718,Italy,IT-PROV-047,official,Ministry-format municipality party-list rows preserved by the OnData mirror and aggregated to province. Compatible local turnout metadata is unavailable. Aosta Valley's separate direct seat and overseas constituencies are excluded.,0
Pistoia,https://github.com/ondata/elezionipolitiche2018,,Democratic Party,Democratic Party,0,161808,0,161808,0,80905,0,first,,,Italia Agli Italiani,Italia Agli Italiani,607,Italy,IT-PROV-047,official,Ministry-format municipality party-list rows preserved by the OnData mirror and aggregated to province. Compatible local turnout metadata is unavailable. Aosta Valley's separate direct seat and overseas constituencies are excluded.,0
Pistoia,https://github.com/ondata/elezionipolitiche2018,,Democratic Party,Democratic Party,0,161808,0,161808,0,80905,0,first,,,Civica Popolare Lorenzin,Civica Popolare Lorenzin,492,Italy,IT-PROV-047,official,Ministry-format municipality party-list rows preserved by the OnData mirror and aggregated to province. Compatible local turnout metadata is unavailable. Aosta Valley's separate direct seat and overseas constituencies are excluded.,0
Pistoia,https://github.com/ondata/elezionipolitiche2018,,Democratic Party,Democratic Party,0,161808,0,161808,0,80905,0,first,,,Per Una Sinistra Rivoluzionaria,Per Una Sinistra Rivoluzionaria,19,Italy,IT-PROV-047,official,Ministry-format municipality party-list rows preserved by the OnData mirror and aggregated to province. Compatible local turnout metadata is unavailable. Aosta Valley's separate direct seat and overseas constituencies are excluded.,0
Firenze,https://github.com/ondata/elezionipolitiche2018,,Democratic Party,Democratic Party,0,559986,0,559986,0,279994,0,first,,,Democratic Party,Democratic Party,206636,Italy,IT-PROV-048,official,Ministry-format municipality party-list rows preserved by the OnData mirror and aggregated to province. Compatible local turnout metadata is unavailable. Aosta Valley's separate direct seat and overseas constituencies are excluded.,0
Firenze,https://github.com/ondata/elezionipolitiche2018,,Democratic Party,Democratic Party,0,559986,0,559986,0,279994,0,first,,,Five Star Movement,Five Star Movement,122410,Italy,IT-PROV-048,official,Ministry-format municipality party-list rows preserved by the OnData mirror and aggregated to province. Compatible local turnout metadata is unavailable. Aosta Valley's separate direct seat and overseas constituencies are excluded.,0
Firenze,https://github.com/ondata/elezionipolitiche2018,,Democratic Party,Democratic Party,0,559986,0,559986,0,279994,0,first,,,Lega,Lega,72861,Italy,IT-PROV-048,official,Ministry-format municipality party-list rows preserved by the OnData mirror and aggregated to province. Compatible local turnout metadata is unavailable. Aosta Valley's separate direct seat and overseas constituencies are excluded.,0
Firenze,https://github.com/ondata/elezionipolitiche2018,,Democratic Party,Democratic Party,0,559986,0,559986,0,279994,0,first,,,Forza Italia,Forza Italia,44344,Italy,IT-PROV-048,official,Ministry-format municipality party-list rows preserved by the OnData mirror and aggregated to province. Compatible local turnout metadata is unavailable. Aosta Valley's separate direct seat and overseas constituencies are excluded.,0
Firenze,https://github.com/ondata/elezionipolitiche2018,,Democratic Party,Democratic Party,0,559986,0,559986,0,279994,0,first,,,Free and Equal,Free and Equal,32943,Italy,IT-PROV-048,official,Ministry-format municipality party-list rows preserved by the OnData mirror and aggregated to province. Compatible local turnout metadata is unavailable. Aosta Valley's separate direct seat and overseas constituencies are excluded.,0
Firenze,https://github.com/ondata/elezionipolitiche2018,,Democratic Party,Democratic Party,0,559986,0,559986,0,279994,0,first,,,Brothers of Italy,Brothers of Italy,22491,Italy,IT-PROV-048,official,Ministry-format municipality party-list rows preserved by the OnData mirror and aggregated to province. Compatible local turnout metadata is unavailable. Aosta Valley's separate direct seat and overseas constituencies are excluded.,0
Firenze,https://github.com/ondata/elezionipolitiche2018,,Democratic Party,Democratic Party,0,559986,0,559986,0,279994,0,first,,,More Europe,More Europe,21877,Italy,IT-PROV-048,official,Ministry-format municipality party-list rows preserved by the OnData mirror and aggregated to province. Compatible local turnout metadata is unavailable. Aosta Valley's separate direct seat and overseas constituencies are excluded.,0
Firenze,https://github.com/ondata/elezionipolitiche2018,,Democratic Party,Democratic Party,0,559986,0,559986,0,279994,0,first,,,Power to the People,Power to the People,13714,Italy,IT-PROV-048,official,Ministry-format municipality party-list rows preserved by the OnData mirror and aggregated to province. Compatible local turnout metadata is unavailable. Aosta Valley's separate direct seat and overseas constituencies are excluded.,0
Firenze,https://github.com/ondata/elezionipolitiche2018,,Democratic Party,Democratic Party,0,559986,0,559986,0,279994,0,first,,,Partito Comunista,Partito Comunista,5520,Italy,IT-PROV-048,official,Ministry-format municipality party-list rows preserved by the OnData mirror and aggregated to province. Compatible local turnout metadata is unavailable. Aosta Valley's separate direct seat and overseas constituencies are excluded.,0
Firenze,https://github.com/ondata/elezionipolitiche2018,,Democratic Party,Democratic Party,0,559986,0,559986,0,279994,0,first,,,Italia Europa Insieme,Italia Europa Insieme,4270,Italy,IT-PROV-048,official,Ministry-format municipality party-list rows preserved by the OnData mirror and aggregated to province. Compatible local turnout metadata is unavailable. Aosta Valley's separate direct seat and overseas constituencies are excluded.,0
Firenze,https://github.com/ondata/elezionipolitiche2018,,Democratic Party,Democratic Party,0,559986,0,559986,0,279994,0,first,,,Casapound Italia,Casapound Italia,3962,Italy,IT-PROV-048,official,Ministry-format municipality party-list rows preserved by the OnData mirror and aggregated to province. Compatible local turnout metadata is unavailable. Aosta Valley's separate direct seat and overseas constituencies are excluded.,0
Firenze,https://github.com/ondata/elezionipolitiche2018,,Democratic Party,Democratic Party,0,559986,0,559986,0,279994,0,first,,,Us with Italy–UDC,Us with Italy–UDC,2851,Italy,IT-PROV-048,official,Ministry-format municipality party-list rows preserved by the OnData mirror and aggregated to province. Compatible local turnout metadata is unavailable. Aosta Valley's separate direct seat and overseas constituencies are excluded.,0
Firenze,https://github.com/ondata/elezionipolitiche2018,,Democratic Party,Democratic Party,0,559986,0,559986,0,279994,0,first,,,Civica Popolare Lorenzin,Civica Popolare Lorenzin,2497,Italy,IT-PROV-048,official,Ministry-format municipality party-list rows preserved by the OnData mirror and aggregated to province. Compatible local turnout metadata is unavailable. Aosta Valley's separate direct seat and overseas constituencies are excluded.,0
Firenze,https://github.com/ondata/elezionipolitiche2018,,Democratic Party,Democratic Party,0,559986,0,559986,0,279994,0,first,,,Il Popolo Della Famiglia,Il Popolo Della Famiglia,2478,Italy,IT-PROV-048,official,Ministry-format municipality party-list rows preserved by the OnData mirror and aggregated to province. Compatible local turnout metadata is unavailable. Aosta Valley's separate direct seat and overseas constituencies are excluded.,0
Firenze,https://github.com/ondata/elezionipolitiche2018,,Democratic Party,Democratic Party,0,559986,0,559986,0,279994,0,first,,,Per Una Sinistra Rivoluzionaria,Per Una Sinistra Rivoluzionaria,1046,Italy,IT-PROV-048,official,Ministry-format municipality party-list rows preserved by the OnData mirror and aggregated to province. Compatible local turnout metadata is unavailable. Aosta Valley's separate direct seat and overseas constituencies are excluded.,0
Firenze,https://github.com/ondata/elezionipolitiche2018,,Democratic Party,Democratic Party,0,559986,0,559986,0,279994,0,first,,,Italia Agli Italiani,Italia Agli Italiani,86,Italy,IT-PROV-048,official,Ministry-format municipality party-list rows preserved by the OnData mirror and aggregated to province. Compatible local turnout metadata is unavailable. Aosta Valley's separate direct seat and overseas constituencies are excluded.,0
Livorno,https://github.com/ondata/elezionipolitiche2018,,Democratic Party,Democratic Party,0,189051,0,189051,0,94526,0,first,,,Democratic Party,Democratic Party,53372,Italy,IT-PROV-049,official,Ministry-format municipality party-list rows preserved by the OnData mirror and aggregated to province. Compatible local turnout metadata is unavailable. Aosta Valley's separate direct seat and overseas constituencies are excluded.,0
Livorno,https://github.com/ondata/elezionipolitiche2018,,Democratic Party,Democratic Party,0,189051,0,189051,0,94526,0,first,,,Five Star Movement,Five Star Movement,52126,Italy,IT-PROV-049,official,Ministry-format municipality party-list rows preserved by the OnData mirror and aggregated to province. Compatible local turnout metadata is unavailable. Aosta Valley's separate direct seat and overseas constituencies are excluded.,0
Livorno,https://github.com/ondata/elezionipolitiche2018,,Democratic Party,Democratic Party,0,189051,0,189051,0,94526,0,first,,,Lega,Lega,33381,Italy,IT-PROV-049,official,Ministry-format municipality party-list rows preserved by the OnData mirror and aggregated to province. Compatible local turnout metadata is unavailable. Aosta Valley's separate direct seat and overseas constituencies are excluded.,0
Livorno,https://github.com/ondata/elezionipolitiche2018,,Democratic Party,Democratic Party,0,189051,0,189051,0,94526,0,first,,,Forza Italia,Forza Italia,16811,Italy,IT-PROV-049,official,Ministry-format municipality party-list rows preserved by the OnData mirror and aggregated to province. Compatible local turnout metadata is unavailable. Aosta Valley's separate direct seat and overseas constituencies are excluded.,0
Livorno,https://github.com/ondata/elezionipolitiche2018,,Democratic Party,Democratic Party,0,189051,0,189051,0,94526,0,first,,,Free and Equal,Free and Equal,9093,Italy,IT-PROV-049,official,Ministry-format municipality party-list rows preserved by the OnData mirror and aggregated to province. Compatible local turnout metadata is unavailable. Aosta Valley's separate direct seat and overseas constituencies are excluded.,0
Livorno,https://github.com/ondata/elezionipolitiche2018,,Democratic Party,Democratic Party,0,189051,0,189051,0,94526,0,first,,,Brothers of Italy,Brothers of Italy,6651,Italy,IT-PROV-049,official,Ministry-format municipality party-list rows preserved by the OnData mirror and aggregated to province. Compatible local turnout metadata is unavailable. Aosta Valley's separate direct seat and overseas constituencies are excluded.,0
Livorno,https://github.com/ondata/elezionipolitiche2018,,Democratic Party,Democratic Party,0,189051,0,189051,0,94526,0,first,,,Power to the People,Power to the People,5977,Italy,IT-PROV-049,official,Ministry-format municipality party-list rows preserved by the OnData mirror and aggregated to province. Compatible local turnout metadata is unavailable. Aosta Valley's separate direct seat and overseas constituencies are excluded.,0
Livorno,https://github.com/ondata/elezionipolitiche2018,,Democratic Party,Democratic Party,0,189051,0,189051,0,94526,0,first,,,More Europe,More Europe,4307,Italy,IT-PROV-049,official,Ministry-format municipality party-list rows preserved by the OnData mirror and aggregated to province. Compatible local turnout metadata is unavailable. Aosta Valley's separate direct seat and overseas constituencies are excluded.,0
Livorno,https://github.com/ondata/elezionipolitiche2018,,Democratic Party,Democratic Party,0,189051,0,189051,0,94526,0,first,,,Partito Comunista,Partito Comunista,2321,Italy,IT-PROV-049,official,Ministry-format municipality party-list rows preserved by the OnData mirror and aggregated to province. Compatible local turnout metadata is unavailable. Aosta Valley's separate direct seat and overseas constituencies are excluded.,0
Livorno,https://github.com/ondata/elezionipolitiche2018,,Democratic Party,Democratic Party,0,189051,0,189051,0,94526,0,first,,,Casapound Italia,Casapound Italia,1374,Italy,IT-PROV-049,official,Ministry-format municipality party-list rows preserved by the OnData mirror and aggregated to province. Compatible local turnout metadata is unavailable. Aosta Valley's separate direct seat and overseas constituencies are excluded.,0
Livorno,https://github.com/ondata/elezionipolitiche2018,,Democratic Party,Democratic Party,0,189051,0,189051,0,94526,0,first,,,Italia Europa Insieme,Italia Europa Insieme,1040,Italy,IT-PROV-049,official,Ministry-format municipality party-list rows preserved by the OnData mirror and aggregated to province. Compatible local turnout metadata is unavailable. Aosta Valley's separate direct seat and overseas constituencies are excluded.,0
Livorno,https://github.com/ondata/elezionipolitiche2018,,Democratic Party,Democratic Party,0,189051,0,189051,0,94526,0,first,,,Us with Italy–UDC,Us with Italy–UDC,663,Italy,IT-PROV-049,official,Ministry-format municipality party-list rows preserved by the OnData mirror and aggregated to province. Compatible local turnout metadata is unavailable. Aosta Valley's separate direct seat and overseas constituencies are excluded.,0
Livorno,https://github.com/ondata/elezionipolitiche2018,,Democratic Party,Democratic Party,0,189051,0,189051,0,94526,0,first,,,Il Popolo Della Famiglia,Il Popolo Della Famiglia,549,Italy,IT-PROV-049,official,Ministry-format municipality party-list rows preserved by the OnData mirror and aggregated to province. Compatible local turnout metadata is unavailable. Aosta Valley's separate direct seat and overseas constituencies are excluded.,0
Livorno,https://github.com/ondata/elezionipolitiche2018,,Democratic Party,Democratic Party,0,189051,0,189051,0,94526,0,first,,,Italia Agli Italiani,Italia Agli Italiani,537,Italy,IT-PROV-049,official,Ministry-format municipality party-list rows preserved by the OnData mirror and aggregated to province. Compatible local turnout metadata is unavailable. Aosta Valley's separate direct seat and overseas constituencies are excluded.,0
Livorno,https://github.com/ondata/elezionipolitiche2018,,Democratic Party,Democratic Party,0,189051,0,189051,0,94526,0,first,,,Civica Popolare Lorenzin,Civica Popolare Lorenzin,468,Italy,IT-PROV-049,official,Ministry-format municipality party-list rows preserved by the OnData mirror and aggregated to province. Compatible local turnout metadata is unavailable. Aosta Valley's separate direct seat and overseas constituencies are excluded.,0
Livorno,https://github.com/ondata/elezionipolitiche2018,,Democratic Party,Democratic Party,0,189051,0,189051,0,94526,0,first,,,Per Una Sinistra Rivoluzionaria,Per Una Sinistra Rivoluzionaria,381,Italy,IT-PROV-049,official,Ministry-format municipality party-list rows preserved by the OnData mirror and aggregated to province. Compatible local turnout metadata is unavailable. Aosta Valley's separate direct seat and overseas constituencies are excluded.,0
Pisa,https://github.com/ondata/elezionipolitiche2018,,Democratic Party,Democratic Party,0,238779,0,238779,0,119390,0,first,,,Democratic Party,Democratic Party,63371,Italy,IT-PROV-050,official,Ministry-format municipality party-list rows preserved by the OnData mirror and aggregated to province. Compatible local turnout metadata is unavailable. Aosta Valley's separate direct seat and overseas constituencies are excluded.,0
Pisa,https://github.com/ondata/elezionipolitiche2018,,Democratic Party,Democratic Party,0,238779,0,238779,0,119390,0,first,,,Five Star Movement,Five Star Movement,60978,Italy,IT-PROV-050,official,Ministry-format municipality party-list rows preserved by the OnData mirror and aggregated to province. Compatible local turnout metadata is unavailable. Aosta Valley's separate direct seat and overseas constituencies are excluded.,0
Pisa,https://github.com/ondata/elezionipolitiche2018,,Democratic Party,Democratic Party,0,238779,0,238779,0,119390,0,first,,,Lega,Lega,48163,Italy,IT-PROV-050,official,Ministry-format municipality party-list rows preserved by the OnData mirror and aggregated to province. Compatible local turnout metadata is unavailable. Aosta Valley's separate direct seat and overseas constituencies are excluded.,0
Pisa,https://github.com/ondata/elezionipolitiche2018,,Democratic Party,Democratic Party,0,238779,0,238779,0,119390,0,first,,,Forza Italia,Forza Italia,22101,Italy,IT-PROV-050,official,Ministry-format municipality party-list rows preserved by the OnData mirror and aggregated to province. Compatible local turnout metadata is unavailable. Aosta Valley's separate direct seat and overseas constituencies are excluded.,0
Pisa,https://github.com/ondata/elezionipolitiche2018,,Democratic Party,Democratic Party,0,238779,0,238779,0,119390,0,first,,,Free and Equal,Free and Equal,12316,Italy,IT-PROV-050,official,Ministry-format municipality party-list rows preserved by the OnData mirror and aggregated to province. Compatible local turnout metadata is unavailable. Aosta Valley's separate direct seat and overseas constituencies are excluded.,0
Pisa,https://github.com/ondata/elezionipolitiche2018,,Democratic Party,Democratic Party,0,238779,0,238779,0,119390,0,first,,,Brothers of Italy,Brothers of Italy,9676,Italy,IT-PROV-050,official,Ministry-format municipality party-list rows preserved by the OnData mirror and aggregated to province. Compatible local turnout metadata is unavailable. Aosta Valley's separate direct seat and overseas constituencies are excluded.,0
Pisa,https://github.com/ondata/elezionipolitiche2018,,Democratic Party,Democratic Party,0,238779,0,238779,0,119390,0,first,,,More Europe,More Europe,6153,Italy,IT-PROV-050,official,Ministry-format municipality party-list rows preserved by the OnData mirror and aggregated to province. Compatible local turnout metadata is unavailable. Aosta Valley's separate direct seat and overseas constituencies are excluded.,0
Pisa,https://github.com/ondata/elezionipolitiche2018,,Democratic Party,Democratic Party,0,238779,0,238779,0,119390,0,first,,,Power to the People,Power to the People,4874,Italy,IT-PROV-050,official,Ministry-format municipality party-list rows preserved by the OnData mirror and aggregated to province. Compatible local turnout metadata is unavailable. Aosta Valley's separate direct seat and overseas constituencies are excluded.,0
Pisa,https://github.com/ondata/elezionipolitiche2018,,Democratic Party,Democratic Party,0,238779,0,238779,0,119390,0,first,,,Partito Comunista,Partito Comunista,2592,Italy,IT-PROV-050,official,Ministry-format municipality party-list rows preserved by the OnData mirror and aggregated to province. Compatible local turnout metadata is unavailable. Aosta Valley's separate direct seat and overseas constituencies are excluded.,0
Pisa,https://github.com/ondata/elezionipolitiche2018,,Democratic Party,Democratic Party,0,238779,0,238779,0,119390,0,first,,,Casapound Italia,Casapound Italia,1906,Italy,IT-PROV-050,official,Ministry-format municipality party-list rows preserved by the OnData mirror and aggregated to province. Compatible local turnout metadata is unavailable. Aosta Valley's separate direct seat and overseas constituencies are excluded.,0
Pisa,https://github.com/ondata/elezionipolitiche2018,,Democratic Party,Democratic Party,0,238779,0,238779,0,119390,0,first,,,Italia Europa Insieme,Italia Europa Insieme,1635,Italy,IT-PROV-050,official,Ministry-format municipality party-list rows preserved by the OnData mirror and aggregated to province. Compatible local turnout metadata is unavailable. Aosta Valley's separate direct seat and overseas constituencies are excluded.,0
Pisa,https://github.com/ondata/elezionipolitiche2018,,Democratic Party,Democratic Party,0,238779,0,238779,0,119390,0,first,,,Us with Italy–UDC,Us with Italy–UDC,1402,Italy,IT-PROV-050,official,Ministry-format municipality party-list rows preserved by the OnData mirror and aggregated to province. Compatible local turnout metadata is unavailable. Aosta Valley's separate direct seat and overseas constituencies are excluded.,0
Pisa,https://github.com/ondata/elezionipolitiche2018,,Democratic Party,Democratic Party,0,238779,0,238779,0,119390,0,first,,,Il Popolo Della Famiglia,Il Popolo Della Famiglia,1257,Italy,IT-PROV-050,official,Ministry-format municipality party-list rows preserved by the OnData mirror and aggregated to province. Compatible local turnout metadata is unavailable. Aosta Valley's separate direct seat and overseas constituencies are excluded.,0
Pisa,https://github.com/ondata/elezionipolitiche2018,,Democratic Party,Democratic Party,0,238779,0,238779,0,119390,0,first,,,Civica Popolare Lorenzin,Civica Popolare Lorenzin,1039,Italy,IT-PROV-050,official,Ministry-format municipality party-list rows preserved by the OnData mirror and aggregated to province. Compatible local turnout metadata is unavailable. Aosta Valley's separate direct seat and overseas constituencies are excluded.,0
Pisa,https://github.com/ondata/elezionipolitiche2018,,Democratic Party,Democratic Party,0,238779,0,238779,0,119390,0,first,,,Italia Agli Italiani,Italia Agli Italiani,900,Italy,IT-PROV-050,official,Ministry-format municipality party-list rows preserved by the OnData mirror and aggregated to province. Compatible local turnout metadata is unavailable. Aosta Valley's separate direct seat and overseas constituencies are excluded.,0
Pisa,https://github.com/ondata/elezionipolitiche2018,,Democratic Party,Democratic Party,0,238779,0,238779,0,119390,0,first,,,Per Una Sinistra Rivoluzionaria,Per Una Sinistra Rivoluzionaria,416,Italy,IT-PROV-050,official,Ministry-format municipality party-list rows preserved by the OnData mirror and aggregated to province. Compatible local turnout metadata is unavailable. Aosta Valley's separate direct seat and overseas constituencies are excluded.,0
Arezzo,https://github.com/ondata/elezionipolitiche2018,,Democratic Party,Democratic Party,0,193062,0,193062,0,96532,0,first,,,Democratic Party,Democratic Party,54130,Italy,IT-PROV-051,official,Ministry-format municipality party-list rows preserved by the OnData mirror and aggregated to province. Compatible local turnout metadata is unavailable. Aosta Valley's separate direct seat and overseas constituencies are excluded.,0
Arezzo,https://github.com/ondata/elezionipolitiche2018,,Democratic Party,Democratic Party,0,193062,0,193062,0,96532,0,first,,,Five Star Movement,Five Star Movement,46976,Italy,IT-PROV-051,official,Ministry-format municipality party-list rows preserved by the OnData mirror and aggregated to province. Compatible local turnout metadata is unavailable. Aosta Valley's separate direct seat and overseas constituencies are excluded.,0
Arezzo,https://github.com/ondata/elezionipolitiche2018,,Democratic Party,Democratic Party,0,193062,0,193062,0,96532,0,first,,,Lega,Lega,37587,Italy,IT-PROV-051,official,Ministry-format municipality party-list rows preserved by the OnData mirror and aggregated to province. Compatible local turnout metadata is unavailable. Aosta Valley's separate direct seat and overseas constituencies are excluded.,0
Arezzo,https://github.com/ondata/elezionipolitiche2018,,Democratic Party,Democratic Party,0,193062,0,193062,0,96532,0,first,,,Forza Italia,Forza Italia,22513,Italy,IT-PROV-051,official,Ministry-format municipality party-list rows preserved by the OnData mirror and aggregated to province. Compatible local turnout metadata is unavailable. Aosta Valley's separate direct seat and overseas constituencies are excluded.,0
Arezzo,https://github.com/ondata/elezionipolitiche2018,,Democratic Party,Democratic Party,0,193062,0,193062,0,96532,0,first,,,Brothers of Italy,Brothers of Italy,8799,Italy,IT-PROV-051,official,Ministry-format municipality party-list rows preserved by the OnData mirror and aggregated to province. Compatible local turnout metadata is unavailable. Aosta Valley's separate direct seat and overseas constituencies are excluded.,0
Arezzo,https://github.com/ondata/elezionipolitiche2018,,Democratic Party,Democratic Party,0,193062,0,193062,0,96532,0,first,,,Free and Equal,Free and Equal,5808,Italy,IT-PROV-051,official,Ministry-format municipality party-list rows preserved by the OnData mirror and aggregated to province. Compatible local turnout metadata is unavailable. Aosta Valley's separate direct seat and overseas constituencies are excluded.,0
Arezzo,https://github.com/ondata/elezionipolitiche2018,,Democratic Party,Democratic Party,0,193062,0,193062,0,96532,0,first,,,More Europe,More Europe,4796,Italy,IT-PROV-051,official,Ministry-format municipality party-list rows preserved by the OnData mirror and aggregated to province. Compatible local turnout metadata is unavailable. Aosta Valley's separate direct seat and overseas constituencies are excluded.,0
Arezzo,https://github.com/ondata/elezionipolitiche2018,,Democratic Party,Democratic Party,0,193062,0,193062,0,96532,0,first,,,Casapound Italia,Casapound Italia,2404,Italy,IT-PROV-051,official,Ministry-format municipality party-list rows preserved by the OnData mirror and aggregated to province. Compatible local turnout metadata is unavailable. Aosta Valley's separate direct seat and overseas constituencies are excluded.,0
Arezzo,https://github.com/ondata/elezionipolitiche2018,,Democratic Party,Democratic Party,0,193062,0,193062,0,96532,0,first,,,Partito Comunista,Partito Comunista,2138,Italy,IT-PROV-051,official,Ministry-format municipality party-list rows preserved by the OnData mirror and aggregated to province. Compatible local turnout metadata is unavailable. Aosta Valley's separate direct seat and overseas constituencies are excluded.,0
Arezzo,https://github.com/ondata/elezionipolitiche2018,,Democratic Party,Democratic Party,0,193062,0,193062,0,96532,0,first,,,Power to the People,Power to the People,2030,Italy,IT-PROV-051,official,Ministry-format municipality party-list rows preserved by the OnData mirror and aggregated to province. Compatible local turnout metadata is unavailable. Aosta Valley's separate direct seat and overseas constituencies are excluded.,0
Arezzo,https://github.com/ondata/elezionipolitiche2018,,Democratic Party,Democratic Party,0,193062,0,193062,0,96532,0,first,,,Us with Italy–UDC,Us with Italy–UDC,1560,Italy,IT-PROV-051,official,Ministry-format municipality party-list rows preserved by the OnData mirror and aggregated to province. Compatible local turnout metadata is unavailable. Aosta Valley's separate direct seat and overseas constituencies are excluded.,0
Arezzo,https://github.com/ondata/elezionipolitiche2018,,Democratic Party,Democratic Party,0,193062,0,193062,0,96532,0,first,,,Il Popolo Della Famiglia,Il Popolo Della Famiglia,1382,Italy,IT-PROV-051,official,Ministry-format municipality party-list rows preserved by the OnData mirror and aggregated to province. Compatible local turnout metadata is unavailable. Aosta Valley's separate direct seat and overseas constituencies are excluded.,0
Arezzo,https://github.com/ondata/elezionipolitiche2018,,Democratic Party,Democratic Party,0,193062,0,193062,0,96532,0,first,,,Italia Europa Insieme,Italia Europa Insieme,1033,Italy,IT-PROV-051,official,Ministry-format municipality party-list rows preserved by the OnData mirror and aggregated to province. Compatible local turnout metadata is unavailable. Aosta Valley's separate direct seat and overseas constituencies are excluded.,0
Arezzo,https://github.com/ondata/elezionipolitiche2018,,Democratic Party,Democratic Party,0,193062,0,193062,0,96532,0,first,,,Italia Agli Italiani,Italia Agli Italiani,798,Italy,IT-PROV-051,official,Ministry-format municipality party-list rows preserved by the OnData mirror and aggregated to province. Compatible local turnout metadata is unavailable. Aosta Valley's separate direct seat and overseas constituencies are excluded.,0
Arezzo,https://github.com/ondata/elezionipolitiche2018,,Democratic Party,Democratic Party,0,193062,0,193062,0,96532,0,first,,,Civica Popolare Lorenzin,Civica Popolare Lorenzin,626,Italy,IT-PROV-051,official,Ministry-format municipality party-list rows preserved by the OnData mirror and aggregated to province. Compatible local turnout metadata is unavailable. Aosta Valley's separate direct seat and overseas constituencies are excluded.,0
Arezzo,https://github.com/ondata/elezionipolitiche2018,,Democratic Party,Democratic Party,0,193062,0,193062,0,96532,0,first,,,Per Una Sinistra Rivoluzionaria,Per Una Sinistra Rivoluzionaria,482,Italy,IT-PROV-051,official,Ministry-format municipality party-list rows preserved by the OnData mirror and aggregated to province. Compatible local turnout metadata is unavailable. Aosta Valley's separate direct seat and overseas constituencies are excluded.,0
Siena,https://github.com/ondata/elezionipolitiche2018,,Democratic Party,Democratic Party,0,150310,0,150310,0,75156,0,first,,,Democratic Party,Democratic Party,51680,Italy,IT-PROV-052,official,Ministry-format municipality party-list rows preserved by the OnData mirror and aggregated to province. Compatible local turnout metadata is unavailable. Aosta Valley's separate direct seat and overseas constituencies are excluded.,0
Siena,https://github.com/ondata/elezionipolitiche2018,,Democratic Party,Democratic Party,0,150310,0,150310,0,75156,0,first,,,Five Star Movement,Five Star Movement,34333,Italy,IT-PROV-052,official,Ministry-format municipality party-list rows preserved by the OnData mirror and aggregated to province. Compatible local turnout metadata is unavailable. Aosta Valley's separate direct seat and overseas constituencies are excluded.,0
Siena,https://github.com/ondata/elezionipolitiche2018,,Democratic Party,Democratic Party,0,150310,0,150310,0,75156,0,first,,,Lega,Lega,22468,Italy,IT-PROV-052,official,Ministry-format municipality party-list rows preserved by the OnData mirror and aggregated to province. Compatible local turnout metadata is unavailable. Aosta Valley's separate direct seat and overseas constituencies are excluded.,0
Siena,https://github.com/ondata/elezionipolitiche2018,,Democratic Party,Democratic Party,0,150310,0,150310,0,75156,0,first,,,Forza Italia,Forza Italia,14176,Italy,IT-PROV-052,official,Ministry-format municipality party-list rows preserved by the OnData mirror and aggregated to province. Compatible local turnout metadata is unavailable. Aosta Valley's separate direct seat and overseas constituencies are excluded.,0
Siena,https://github.com/ondata/elezionipolitiche2018,,Democratic Party,Democratic Party,0,150310,0,150310,0,75156,0,first,,,Brothers of Italy,Brothers of Italy,6668,Italy,IT-PROV-052,official,Ministry-format municipality party-list rows preserved by the OnData mirror and aggregated to province. Compatible local turnout metadata is unavailable. Aosta Valley's separate direct seat and overseas constituencies are excluded.,0
Siena,https://github.com/ondata/elezionipolitiche2018,,Democratic Party,Democratic Party,0,150310,0,150310,0,75156,0,first,,,Free and Equal,Free and Equal,5981,Italy,IT-PROV-052,official,Ministry-format municipality party-list rows preserved by the OnData mirror and aggregated to province. Compatible local turnout metadata is unavailable. Aosta Valley's separate direct seat and overseas constituencies are excluded.,0
Siena,https://github.com/ondata/elezionipolitiche2018,,Democratic Party,Democratic Party,0,150310,0,150310,0,75156,0,first,,,More Europe,More Europe,4708,Italy,IT-PROV-052,official,Ministry-format municipality party-list rows preserved by the OnData mirror and aggregated to province. Compatible local turnout metadata is unavailable. Aosta Valley's separate direct seat and overseas constituencies are excluded.,0
Siena,https://github.com/ondata/elezionipolitiche2018,,Democratic Party,Democratic Party,0,150310,0,150310,0,75156,0,first,,,Power to the People,Power to the People,2424,Italy,IT-PROV-052,official,Ministry-format municipality party-list rows preserved by the OnData mirror and aggregated to province. Compatible local turnout metadata is unavailable. Aosta Valley's separate direct seat and overseas constituencies are excluded.,0
Siena,https://github.com/ondata/elezionipolitiche2018,,Democratic Party,Democratic Party,0,150310,0,150310,0,75156,0,first,,,Partito Comunista,Partito Comunista,2072,Italy,IT-PROV-052,official,Ministry-format municipality party-list rows preserved by the OnData mirror and aggregated to province. Compatible local turnout metadata is unavailable. Aosta Valley's separate direct seat and overseas constituencies are excluded.,0
Siena,https://github.com/ondata/elezionipolitiche2018,,Democratic Party,Democratic Party,0,150310,0,150310,0,75156,0,first,,,Casapound Italia,Casapound Italia,1652,Italy,IT-PROV-052,official,Ministry-format municipality party-list rows preserved by the OnData mirror and aggregated to province. Compatible local turnout metadata is unavailable. Aosta Valley's separate direct seat and overseas constituencies are excluded.,0
Siena,https://github.com/ondata/elezionipolitiche2018,,Democratic Party,Democratic Party,0,150310,0,150310,0,75156,0,first,,,Italia Europa Insieme,Italia Europa Insieme,1096,Italy,IT-PROV-052,official,Ministry-format municipality party-list rows preserved by the OnData mirror and aggregated to province. Compatible local turnout metadata is unavailable. Aosta Valley's separate direct seat and overseas constituencies are excluded.,0
Siena,https://github.com/ondata/elezionipolitiche2018,,Democratic Party,Democratic Party,0,150310,0,150310,0,75156,0,first,,,Us with Italy–UDC,Us with Italy–UDC,850,Italy,IT-PROV-052,official,Ministry-format municipality party-list rows preserved by the OnData mirror and aggregated to province. Compatible local turnout metadata is unavailable. Aosta Valley's separate direct seat and overseas constituencies are excluded.,0
Siena,https://github.com/ondata/elezionipolitiche2018,,Democratic Party,Democratic Party,0,150310,0,150310,0,75156,0,first,,,Il Popolo Della Famiglia,Il Popolo Della Famiglia,825,Italy,IT-PROV-052,official,Ministry-format municipality party-list rows preserved by the OnData mirror and aggregated to province. Compatible local turnout metadata is unavailable. Aosta Valley's separate direct seat and overseas constituencies are excluded.,0
Siena,https://github.com/ondata/elezionipolitiche2018,,Democratic Party,Democratic Party,0,150310,0,150310,0,75156,0,first,,,Italia Agli Italiani,Italia Agli Italiani,557,Italy,IT-PROV-052,official,Ministry-format municipality party-list rows preserved by the OnData mirror and aggregated to province. Compatible local turnout metadata is unavailable. Aosta Valley's separate direct seat and overseas constituencies are excluded.,0
Siena,https://github.com/ondata/elezionipolitiche2018,,Democratic Party,Democratic Party,0,150310,0,150310,0,75156,0,first,,,Civica Popolare Lorenzin,Civica Popolare Lorenzin,512,Italy,IT-PROV-052,official,Ministry-format municipality party-list rows preserved by the OnData mirror and aggregated to province. Compatible local turnout metadata is unavailable. Aosta Valley's separate direct seat and overseas constituencies are excluded.,0
Siena,https://github.com/ondata/elezionipolitiche2018,,Democratic Party,Democratic Party,0,150310,0,150310,0,75156,0,first,,,Per Una Sinistra Rivoluzionaria,Per Una Sinistra Rivoluzionaria,308,Italy,IT-PROV-052,official,Ministry-format municipality party-list rows preserved by the OnData mirror and aggregated to province. Compatible local turnout metadata is unavailable. Aosta Valley's separate direct seat and overseas constituencies are excluded.,0
Grosseto,https://github.com/ondata/elezionipolitiche2018,,Five Star Movement,Five Star Movement,0,119059,0,119059,0,59530,0,first,,,Five Star Movement,Five Star Movement,31498,Italy,IT-PROV-053,official,Ministry-format municipality party-list rows preserved by the OnData mirror and aggregated to province. Compatible local turnout metadata is unavailable. Aosta Valley's separate direct seat and overseas constituencies are excluded.,0
Grosseto,https://github.com/ondata/elezionipolitiche2018,,Five Star Movement,Five Star Movement,0,119059,0,119059,0,59530,0,first,,,Democratic Party,Democratic Party,27520,Italy,IT-PROV-053,official,Ministry-format municipality party-list rows preserved by the OnData mirror and aggregated to province. Compatible local turnout metadata is unavailable. Aosta Valley's separate direct seat and overseas constituencies are excluded.,0
Grosseto,https://github.com/ondata/elezionipolitiche2018,,Five Star Movement,Five Star Movement,0,119059,0,119059,0,59530,0,first,,,Lega,Lega,25537,Italy,IT-PROV-053,official,Ministry-format municipality party-list rows preserved by the OnData mirror and aggregated to province. Compatible local turnout metadata is unavailable. Aosta Valley's separate direct seat and overseas constituencies are excluded.,0
Grosseto,https://github.com/ondata/elezionipolitiche2018,,Five Star Movement,Five Star Movement,0,119059,0,119059,0,59530,0,first,,,Forza Italia,Forza Italia,12999,Italy,IT-PROV-053,official,Ministry-format municipality party-list rows preserved by the OnData mirror and aggregated to province. Compatible local turnout metadata is unavailable. Aosta Valley's separate direct seat and overseas constituencies are excluded.,0
Grosseto,https://github.com/ondata/elezionipolitiche2018,,Five Star Movement,Five Star Movement,0,119059,0,119059,0,59530,0,first,,,Brothers of Italy,Brothers of Italy,6475,Italy,IT-PROV-053,official,Ministry-format municipality party-list rows preserved by the OnData mirror and aggregated to province. Compatible local turnout metadata is unavailable. Aosta Valley's separate direct seat and overseas constituencies are excluded.,0
Grosseto,https://github.com/ondata/elezionipolitiche2018,,Five Star Movement,Five Star Movement,0,119059,0,119059,0,59530,0,first,,,Free and Equal,Free and Equal,3553,Italy,IT-PROV-053,official,Ministry-format municipality party-list rows preserved by the OnData mirror and aggregated to province. Compatible local turnout metadata is unavailable. Aosta Valley's separate direct seat and overseas constituencies are excluded.,0
Grosseto,https://github.com/ondata/elezionipolitiche2018,,Five Star Movement,Five Star Movement,0,119059,0,119059,0,59530,0,first,,,More Europe,More Europe,3134,Italy,IT-PROV-053,official,Ministry-format municipality party-list rows preserved by the OnData mirror and aggregated to province. Compatible local turnout metadata is unavailable. Aosta Valley's separate direct seat and overseas constituencies are excluded.,0
Grosseto,https://github.com/ondata/elezionipolitiche2018,,Five Star Movement,Five Star Movement,0,119059,0,119059,0,59530,0,first,,,Casapound Italia,Casapound Italia,1747,Italy,IT-PROV-053,official,Ministry-format municipality party-list rows preserved by the OnData mirror and aggregated to province. Compatible local turnout metadata is unavailable. Aosta Valley's separate direct seat and overseas constituencies are excluded.,0
Grosseto,https://github.com/ondata/elezionipolitiche2018,,Five Star Movement,Five Star Movement,0,119059,0,119059,0,59530,0,first,,,Power to the People,Power to the People,1651,Italy,IT-PROV-053,official,Ministry-format municipality party-list rows preserved by the OnData mirror and aggregated to province. Compatible local turnout metadata is unavailable. Aosta Valley's separate direct seat and overseas constituencies are excluded.,0
Grosseto,https://github.com/ondata/elezionipolitiche2018,,Five Star Movement,Five Star Movement,0,119059,0,119059,0,59530,0,first,,,Italia Europa Insieme,Italia Europa Insieme,1243,Italy,IT-PROV-053,official,Ministry-format municipality party-list rows preserved by the OnData mirror and aggregated to province. Compatible local turnout metadata is unavailable. Aosta Valley's separate direct seat and overseas constituencies are excluded.,0
Grosseto,https://github.com/ondata/elezionipolitiche2018,,Five Star Movement,Five Star Movement,0,119059,0,119059,0,59530,0,first,,,Partito Comunista,Partito Comunista,1098,Italy,IT-PROV-053,official,Ministry-format municipality party-list rows preserved by the OnData mirror and aggregated to province. Compatible local turnout metadata is unavailable. Aosta Valley's separate direct seat and overseas constituencies are excluded.,0
Grosseto,https://github.com/ondata/elezionipolitiche2018,,Five Star Movement,Five Star Movement,0,119059,0,119059,0,59530,0,first,,,Us with Italy–UDC,Us with Italy–UDC,817,Italy,IT-PROV-053,official,Ministry-format municipality party-list rows preserved by the OnData mirror and aggregated to province. Compatible local turnout metadata is unavailable. Aosta Valley's separate direct seat and overseas constituencies are excluded.,0
Grosseto,https://github.com/ondata/elezionipolitiche2018,,Five Star Movement,Five Star Movement,0,119059,0,119059,0,59530,0,first,,,Italia Agli Italiani,Italia Agli Italiani,572,Italy,IT-PROV-053,official,Ministry-format municipality party-list rows preserved by the OnData mirror and aggregated to province. Compatible local turnout metadata is unavailable. Aosta Valley's separate direct seat and overseas constituencies are excluded.,0
Grosseto,https://github.com/ondata/elezionipolitiche2018,,Five Star Movement,Five Star Movement,0,119059,0,119059,0,59530,0,first,,,Civica Popolare Lorenzin,Civica Popolare Lorenzin,556,Italy,IT-PROV-053,official,Ministry-format municipality party-list rows preserved by the OnData mirror and aggregated to province. Compatible local turnout metadata is unavailable. Aosta Valley's separate direct seat and overseas constituencies are excluded.,0
Grosseto,https://github.com/ondata/elezionipolitiche2018,,Five Star Movement,Five Star Movement,0,119059,0,119059,0,59530,0,first,,,Il Popolo Della Famiglia,Il Popolo Della Famiglia,403,Italy,IT-PROV-053,official,Ministry-format municipality party-list rows preserved by the OnData mirror and aggregated to province. Compatible local turnout metadata is unavailable. Aosta Valley's separate direct seat and overseas constituencies are excluded.,0
Grosseto,https://github.com/ondata/elezionipolitiche2018,,Five Star Movement,Five Star Movement,0,119059,0,119059,0,59530,0,first,,,Per Una Sinistra Rivoluzionaria,Per Una Sinistra Rivoluzionaria,256,Italy,IT-PROV-053,official,Ministry-format municipality party-list rows preserved by the OnData mirror and aggregated to province. Compatible local turnout metadata is unavailable. Aosta Valley's separate direct seat and overseas constituencies are excluded.,0
Perugia,https://github.com/ondata/elezionipolitiche2018,,Five Star Movement,Five Star Movement,0,365875,0,365875,0,182938,0,first,,,Five Star Movement,Five Star Movement,96964,Italy,IT-PROV-054,official,Ministry-format municipality party-list rows preserved by the OnData mirror and aggregated to province. Compatible local turnout metadata is unavailable. Aosta Valley's separate direct seat and overseas constituencies are excluded.,0
Perugia,https://github.com/ondata/elezionipolitiche2018,,Five Star Movement,Five Star Movement,0,365875,0,365875,0,182938,0,first,,,Democratic Party,Democratic Party,93009,Italy,IT-PROV-054,official,Ministry-format municipality party-list rows preserved by the OnData mirror and aggregated to province. Compatible local turnout metadata is unavailable. Aosta Valley's separate direct seat and overseas constituencies are excluded.,0
Perugia,https://github.com/ondata/elezionipolitiche2018,,Five Star Movement,Five Star Movement,0,365875,0,365875,0,182938,0,first,,,Lega,Lega,76158,Italy,IT-PROV-054,official,Ministry-format municipality party-list rows preserved by the OnData mirror and aggregated to province. Compatible local turnout metadata is unavailable. Aosta Valley's separate direct seat and overseas constituencies are excluded.,0
Perugia,https://github.com/ondata/elezionipolitiche2018,,Five Star Movement,Five Star Movement,0,365875,0,365875,0,182938,0,first,,,Forza Italia,Forza Italia,40796,Italy,IT-PROV-054,official,Ministry-format municipality party-list rows preserved by the OnData mirror and aggregated to province. Compatible local turnout metadata is unavailable. Aosta Valley's separate direct seat and overseas constituencies are excluded.,0
Perugia,https://github.com/ondata/elezionipolitiche2018,,Five Star Movement,Five Star Movement,0,365875,0,365875,0,182938,0,first,,,Brothers of Italy,Brothers of Italy,17944,Italy,IT-PROV-054,official,Ministry-format municipality party-list rows preserved by the OnData mirror and aggregated to province. Compatible local turnout metadata is unavailable. Aosta Valley's separate direct seat and overseas constituencies are excluded.,0
Perugia,https://github.com/ondata/elezionipolitiche2018,,Five Star Movement,Five Star Movement,0,365875,0,365875,0,182938,0,first,,,Free and Equal,Free and Equal,10308,Italy,IT-PROV-054,official,Ministry-format municipality party-list rows preserved by the OnData mirror and aggregated to province. Compatible local turnout metadata is unavailable. Aosta Valley's separate direct seat and overseas constituencies are excluded.,0
Perugia,https://github.com/ondata/elezionipolitiche2018,,Five Star Movement,Five Star Movement,0,365875,0,365875,0,182938,0,first,,,More Europe,More Europe,7052,Italy,IT-PROV-054,official,Ministry-format municipality party-list rows preserved by the OnData mirror and aggregated to province. Compatible local turnout metadata is unavailable. Aosta Valley's separate direct seat and overseas constituencies are excluded.,0
Perugia,https://github.com/ondata/elezionipolitiche2018,,Five Star Movement,Five Star Movement,0,365875,0,365875,0,182938,0,first,,,Power to the People,Power to the People,4722,Italy,IT-PROV-054,official,Ministry-format municipality party-list rows preserved by the OnData mirror and aggregated to province. Compatible local turnout metadata is unavailable. Aosta Valley's separate direct seat and overseas constituencies are excluded.,0
Perugia,https://github.com/ondata/elezionipolitiche2018,,Five Star Movement,Five Star Movement,0,365875,0,365875,0,182938,0,first,,,Casapound Italia,Casapound Italia,4274,Italy,IT-PROV-054,official,Ministry-format municipality party-list rows preserved by the OnData mirror and aggregated to province. Compatible local turnout metadata is unavailable. Aosta Valley's separate direct seat and overseas constituencies are excluded.,0
Perugia,https://github.com/ondata/elezionipolitiche2018,,Five Star Movement,Five Star Movement,0,365875,0,365875,0,182938,0,first,,,Partito Comunista,Partito Comunista,3288,Italy,IT-PROV-054,official,Ministry-format municipality party-list rows preserved by the OnData mirror and aggregated to province. Compatible local turnout metadata is unavailable. Aosta Valley's separate direct seat and overseas constituencies are excluded.,0
Perugia,https://github.com/ondata/elezionipolitiche2018,,Five Star Movement,Five Star Movement,0,365875,0,365875,0,182938,0,first,,,Il Popolo Della Famiglia,Il Popolo Della Famiglia,2789,Italy,IT-PROV-054,official,Ministry-format municipality party-list rows preserved by the OnData mirror and aggregated to province. Compatible local turnout metadata is unavailable. Aosta Valley's separate direct seat and overseas constituencies are excluded.,0
Perugia,https://github.com/ondata/elezionipolitiche2018,,Five Star Movement,Five Star Movement,0,365875,0,365875,0,182938,0,first,,,Us with Italy–UDC,Us with Italy–UDC,2020,Italy,IT-PROV-054,official,Ministry-format municipality party-list rows preserved by the OnData mirror and aggregated to province. Compatible local turnout metadata is unavailable. Aosta Valley's separate direct seat and overseas constituencies are excluded.,0
Perugia,https://github.com/ondata/elezionipolitiche2018,,Five Star Movement,Five Star Movement,0,365875,0,365875,0,182938,0,first,,,Italia Agli Italiani,Italia Agli Italiani,1782,Italy,IT-PROV-054,official,Ministry-format municipality party-list rows preserved by the OnData mirror and aggregated to province. Compatible local turnout metadata is unavailable. Aosta Valley's separate direct seat and overseas constituencies are excluded.,0
Perugia,https://github.com/ondata/elezionipolitiche2018,,Five Star Movement,Five Star Movement,0,365875,0,365875,0,182938,0,first,,,Civica Popolare Lorenzin,Civica Popolare Lorenzin,1591,Italy,IT-PROV-054,official,Ministry-format municipality party-list rows preserved by the OnData mirror and aggregated to province. Compatible local turnout metadata is unavailable. Aosta Valley's separate direct seat and overseas constituencies are excluded.,0
Perugia,https://github.com/ondata/elezionipolitiche2018,,Five Star Movement,Five Star Movement,0,365875,0,365875,0,182938,0,first,,,Italia Europa Insieme,Italia Europa Insieme,1444,Italy,IT-PROV-054,official,Ministry-format municipality party-list rows preserved by the OnData mirror and aggregated to province. Compatible local turnout metadata is unavailable. Aosta Valley's separate direct seat and overseas constituencies are excluded.,0
Perugia,https://github.com/ondata/elezionipolitiche2018,,Five Star Movement,Five Star Movement,0,365875,0,365875,0,182938,0,first,,,10 Volte Meglio,10 Volte Meglio,723,Italy,IT-PROV-054,official,Ministry-format municipality party-list rows preserved by the OnData mirror and aggregated to province. Compatible local turnout metadata is unavailable. Aosta Valley's separate direct seat and overseas constituencies are excluded.,0
Perugia,https://github.com/ondata/elezionipolitiche2018,,Five Star Movement,Five Star Movement,0,365875,0,365875,0,182938,0,first,,,Partito Valore Umano,Partito Valore Umano,677,Italy,IT-PROV-054,official,Ministry-format municipality party-list rows preserved by the OnData mirror and aggregated to province. Compatible local turnout metadata is unavailable. Aosta Valley's separate direct seat and overseas constituencies are excluded.,0
Perugia,https://github.com/ondata/elezionipolitiche2018,,Five Star Movement,Five Star Movement,0,365875,0,365875,0,182938,0,first,,,Partito Repubblicano Italiano - Ala,Partito Repubblicano Italiano - Ala,334,Italy,IT-PROV-054,official,Ministry-format municipality party-list rows preserved by the OnData mirror and aggregated to province. Compatible local turnout metadata is unavailable. Aosta Valley's separate direct seat and overseas constituencies are excluded.,0
Terni,https://github.com/ondata/elezionipolitiche2018,,Five Star Movement,Five Star Movement,0,126010,0,126010,0,63006,0,first,,,Five Star Movement,Five Star Movement,36327,Italy,IT-PROV-055,official,Ministry-format municipality party-list rows preserved by the OnData mirror and aggregated to province. Compatible local turnout metadata is unavailable. Aosta Valley's separate direct seat and overseas constituencies are excluded.,0
Terni,https://github.com/ondata/elezionipolitiche2018,,Five Star Movement,Five Star Movement,0,126010,0,126010,0,63006,0,first,,,Democratic Party,Democratic Party,29257,Italy,IT-PROV-055,official,Ministry-format municipality party-list rows preserved by the OnData mirror and aggregated to province. Compatible local turnout metadata is unavailable. Aosta Valley's separate direct seat and overseas constituencies are excluded.,0
Terni,https://github.com/ondata/elezionipolitiche2018,,Five Star Movement,Five Star Movement,0,126010,0,126010,0,63006,0,first,,,Lega,Lega,24434,Italy,IT-PROV-055,official,Ministry-format municipality party-list rows preserved by the OnData mirror and aggregated to province. Compatible local turnout metadata is unavailable. Aosta Valley's separate direct seat and overseas constituencies are excluded.,0
Terni,https://github.com/ondata/elezionipolitiche2018,,Five Star Movement,Five Star Movement,0,126010,0,126010,0,63006,0,first,,,Forza Italia,Forza Italia,15186,Italy,IT-PROV-055,official,Ministry-format municipality party-list rows preserved by the OnData mirror and aggregated to province. Compatible local turnout metadata is unavailable. Aosta Valley's separate direct seat and overseas constituencies are excluded.,0
Terni,https://github.com/ondata/elezionipolitiche2018,,Five Star Movement,Five Star Movement,0,126010,0,126010,0,63006,0,first,,,Brothers of Italy,Brothers of Italy,6585,Italy,IT-PROV-055,official,Ministry-format municipality party-list rows preserved by the OnData mirror and aggregated to province. Compatible local turnout metadata is unavailable. Aosta Valley's separate direct seat and overseas constituencies are excluded.,0
Terni,https://github.com/ondata/elezionipolitiche2018,,Five Star Movement,Five Star Movement,0,126010,0,126010,0,63006,0,first,,,Free and Equal,Free and Equal,3931,Italy,IT-PROV-055,official,Ministry-format municipality party-list rows preserved by the OnData mirror and aggregated to province. Compatible local turnout metadata is unavailable. Aosta Valley's separate direct seat and overseas constituencies are excluded.,0
Terni,https://github.com/ondata/elezionipolitiche2018,,Five Star Movement,Five Star Movement,0,126010,0,126010,0,63006,0,first,,,More Europe,More Europe,2377,Italy,IT-PROV-055,official,Ministry-format municipality party-list rows preserved by the OnData mirror and aggregated to province. Compatible local turnout metadata is unavailable. Aosta Valley's separate direct seat and overseas constituencies are excluded.,0
Terni,https://github.com/ondata/elezionipolitiche2018,,Five Star Movement,Five Star Movement,0,126010,0,126010,0,63006,0,first,,,Casapound Italia,Casapound Italia,1839,Italy,IT-PROV-055,official,Ministry-format municipality party-list rows preserved by the OnData mirror and aggregated to province. Compatible local turnout metadata is unavailable. Aosta Valley's separate direct seat and overseas constituencies are excluded.,0
Terni,https://github.com/ondata/elezionipolitiche2018,,Five Star Movement,Five Star Movement,0,126010,0,126010,0,63006,0,first,,,Power to the People,Power to the People,1651,Italy,IT-PROV-055,official,Ministry-format municipality party-list rows preserved by the OnData mirror and aggregated to province. Compatible local turnout metadata is unavailable. Aosta Valley's separate direct seat and overseas constituencies are excluded.,0
Terni,https://github.com/ondata/elezionipolitiche2018,,Five Star Movement,Five Star Movement,0,126010,0,126010,0,63006,0,first,,,Partito Comunista,Partito Comunista,1104,Italy,IT-PROV-055,official,Ministry-format municipality party-list rows preserved by the OnData mirror and aggregated to province. Compatible local turnout metadata is unavailable. Aosta Valley's separate direct seat and overseas constituencies are excluded.,0
Terni,https://github.com/ondata/elezionipolitiche2018,,Five Star Movement,Five Star Movement,0,126010,0,126010,0,63006,0,first,,,Il Popolo Della Famiglia,Il Popolo Della Famiglia,780,Italy,IT-PROV-055,official,Ministry-format municipality party-list rows preserved by the OnData mirror and aggregated to province. Compatible local turnout metadata is unavailable. Aosta Valley's separate direct seat and overseas constituencies are excluded.,0
Terni,https://github.com/ondata/elezionipolitiche2018,,Five Star Movement,Five Star Movement,0,126010,0,126010,0,63006,0,first,,,Italia Agli Italiani,Italia Agli Italiani,522,Italy,IT-PROV-055,official,Ministry-format municipality party-list rows preserved by the OnData mirror and aggregated to province. Compatible local turnout metadata is unavailable. Aosta Valley's separate direct seat and overseas constituencies are excluded.,0
Terni,https://github.com/ondata/elezionipolitiche2018,,Five Star Movement,Five Star Movement,0,126010,0,126010,0,63006,0,first,,,Civica Popolare Lorenzin,Civica Popolare Lorenzin,472,Italy,IT-PROV-055,official,Ministry-format municipality party-list rows preserved by the OnData mirror and aggregated to province. Compatible local turnout metadata is unavailable. Aosta Valley's separate direct seat and overseas constituencies are excluded.,0
Terni,https://github.com/ondata/elezionipolitiche2018,,Five Star Movement,Five Star Movement,0,126010,0,126010,0,63006,0,first,,,Us with Italy–UDC,Us with Italy–UDC,423,Italy,IT-PROV-055,official,Ministry-format municipality party-list rows preserved by the OnData mirror and aggregated to province. Compatible local turnout metadata is unavailable. Aosta Valley's separate direct seat and overseas constituencies are excluded.,0
Terni,https://github.com/ondata/elezionipolitiche2018,,Five Star Movement,Five Star Movement,0,126010,0,126010,0,63006,0,first,,,Italia Europa Insieme,Italia Europa Insieme,384,Italy,IT-PROV-055,official,Ministry-format municipality party-list rows preserved by the OnData mirror and aggregated to province. Compatible local turnout metadata is unavailable. Aosta Valley's separate direct seat and overseas constituencies are excluded.,0
Terni,https://github.com/ondata/elezionipolitiche2018,,Five Star Movement,Five Star Movement,0,126010,0,126010,0,63006,0,first,,,Partito Repubblicano Italiano - Ala,Partito Repubblicano Italiano - Ala,363,Italy,IT-PROV-055,official,Ministry-format municipality party-list rows preserved by the OnData mirror and aggregated to province. Compatible local turnout metadata is unavailable. Aosta Valley's separate direct seat and overseas constituencies are excluded.,0
Terni,https://github.com/ondata/elezionipolitiche2018,,Five Star Movement,Five Star Movement,0,126010,0,126010,0,63006,0,first,,,Partito Valore Umano,Partito Valore Umano,193,Italy,IT-PROV-055,official,Ministry-format municipality party-list rows preserved by the OnData mirror and aggregated to province. Compatible local turnout metadata is unavailable. Aosta Valley's separate direct seat and overseas constituencies are excluded.,0
Terni,https://github.com/ondata/elezionipolitiche2018,,Five Star Movement,Five Star Movement,0,126010,0,126010,0,63006,0,first,,,10 Volte Meglio,10 Volte Meglio,182,Italy,IT-PROV-055,official,Ministry-format municipality party-list rows preserved by the OnData mirror and aggregated to province. Compatible local turnout metadata is unavailable. Aosta Valley's separate direct seat and overseas constituencies are excluded.,0
Viterbo,https://github.com/ondata/elezionipolitiche2018,,Five Star Movement,Five Star Movement,0,174307,0,174307,0,87154,0,first,,,Five Star Movement,Five Star Movement,56830,Italy,IT-PROV-056,official,Ministry-format municipality party-list rows preserved by the OnData mirror and aggregated to province. Compatible local turnout metadata is unavailable. Aosta Valley's separate direct seat and overseas constituencies are excluded.,0
Viterbo,https://github.com/ondata/elezionipolitiche2018,,Five Star Movement,Five Star Movement,0,174307,0,174307,0,87154,0,first,,,Lega,Lega,32362,Italy,IT-PROV-056,official,Ministry-format municipality party-list rows preserved by the OnData mirror and aggregated to province. Compatible local turnout metadata is unavailable. Aosta Valley's separate direct seat and overseas constituencies are excluded.,0
Viterbo,https://github.com/ondata/elezionipolitiche2018,,Five Star Movement,Five Star Movement,0,174307,0,174307,0,87154,0,first,,,Democratic Party,Democratic Party,28786,Italy,IT-PROV-056,official,Ministry-format municipality party-list rows preserved by the OnData mirror and aggregated to province. Compatible local turnout metadata is unavailable. Aosta Valley's separate direct seat and overseas constituencies are excluded.,0
Viterbo,https://github.com/ondata/elezionipolitiche2018,,Five Star Movement,Five Star Movement,0,174307,0,174307,0,87154,0,first,,,Forza Italia,Forza Italia,23155,Italy,IT-PROV-056,official,Ministry-format municipality party-list rows preserved by the OnData mirror and aggregated to province. Compatible local turnout metadata is unavailable. Aosta Valley's separate direct seat and overseas constituencies are excluded.,0
Viterbo,https://github.com/ondata/elezionipolitiche2018,,Five Star Movement,Five Star Movement,0,174307,0,174307,0,87154,0,first,,,Brothers of Italy,Brothers of Italy,13761,Italy,IT-PROV-056,official,Ministry-format municipality party-list rows preserved by the OnData mirror and aggregated to province. Compatible local turnout metadata is unavailable. Aosta Valley's separate direct seat and overseas constituencies are excluded.,0
Viterbo,https://github.com/ondata/elezionipolitiche2018,,Five Star Movement,Five Star Movement,0,174307,0,174307,0,87154,0,first,,,Casapound Italia,Casapound Italia,4420,Italy,IT-PROV-056,official,Ministry-format municipality party-list rows preserved by the OnData mirror and aggregated to province. Compatible local turnout metadata is unavailable. Aosta Valley's separate direct seat and overseas constituencies are excluded.,0
Viterbo,https://github.com/ondata/elezionipolitiche2018,,Five Star Movement,Five Star Movement,0,174307,0,174307,0,87154,0,first,,,Free and Equal,Free and Equal,4016,Italy,IT-PROV-056,official,Ministry-format municipality party-list rows preserved by the OnData mirror and aggregated to province. Compatible local turnout metadata is unavailable. Aosta Valley's separate direct seat and overseas constituencies are excluded.,0
Viterbo,https://github.com/ondata/elezionipolitiche2018,,Five Star Movement,Five Star Movement,0,174307,0,174307,0,87154,0,first,,,More Europe,More Europe,2966,Italy,IT-PROV-056,official,Ministry-format municipality party-list rows preserved by the OnData mirror and aggregated to province. Compatible local turnout metadata is unavailable. Aosta Valley's separate direct seat and overseas constituencies are excluded.,0
Viterbo,https://github.com/ondata/elezionipolitiche2018,,Five Star Movement,Five Star Movement,0,174307,0,174307,0,87154,0,first,,,Power to the People,Power to the People,1998,Italy,IT-PROV-056,official,Ministry-format municipality party-list rows preserved by the OnData mirror and aggregated to province. Compatible local turnout metadata is unavailable. Aosta Valley's separate direct seat and overseas constituencies are excluded.,0
Viterbo,https://github.com/ondata/elezionipolitiche2018,,Five Star Movement,Five Star Movement,0,174307,0,174307,0,87154,0,first,,,Us with Italy–UDC,Us with Italy–UDC,1676,Italy,IT-PROV-056,official,Ministry-format municipality party-list rows preserved by the OnData mirror and aggregated to province. Compatible local turnout metadata is unavailable. Aosta Valley's separate direct seat and overseas constituencies are excluded.,0
Viterbo,https://github.com/ondata/elezionipolitiche2018,,Five Star Movement,Five Star Movement,0,174307,0,174307,0,87154,0,first,,,Partito Comunista,Partito Comunista,1155,Italy,IT-PROV-056,official,Ministry-format municipality party-list rows preserved by the OnData mirror and aggregated to province. Compatible local turnout metadata is unavailable. Aosta Valley's separate direct seat and overseas constituencies are excluded.,0
Viterbo,https://github.com/ondata/elezionipolitiche2018,,Five Star Movement,Five Star Movement,0,174307,0,174307,0,87154,0,first,,,Il Popolo Della Famiglia,Il Popolo Della Famiglia,861,Italy,IT-PROV-056,official,Ministry-format municipality party-list rows preserved by the OnData mirror and aggregated to province. Compatible local turnout metadata is unavailable. Aosta Valley's separate direct seat and overseas constituencies are excluded.,0
Viterbo,https://github.com/ondata/elezionipolitiche2018,,Five Star Movement,Five Star Movement,0,174307,0,174307,0,87154,0,first,,,Civica Popolare Lorenzin,Civica Popolare Lorenzin,738,Italy,IT-PROV-056,official,Ministry-format municipality party-list rows preserved by the OnData mirror and aggregated to province. Compatible local turnout metadata is unavailable. Aosta Valley's separate direct seat and overseas constituencies are excluded.,0
Viterbo,https://github.com/ondata/elezionipolitiche2018,,Five Star Movement,Five Star Movement,0,174307,0,174307,0,87154,0,first,,,Italia Agli Italiani,Italia Agli Italiani,634,Italy,IT-PROV-056,official,Ministry-format municipality party-list rows preserved by the OnData mirror and aggregated to province. Compatible local turnout metadata is unavailable. Aosta Valley's separate direct seat and overseas constituencies are excluded.,0
Viterbo,https://github.com/ondata/elezionipolitiche2018,,Five Star Movement,Five Star Movement,0,174307,0,174307,0,87154,0,first,,,Italia Europa Insieme,Italia Europa Insieme,617,Italy,IT-PROV-056,official,Ministry-format municipality party-list rows preserved by the OnData mirror and aggregated to province. Compatible local turnout metadata is unavailable. Aosta Valley's separate direct seat and overseas constituencies are excluded.,0
Viterbo,https://github.com/ondata/elezionipolitiche2018,,Five Star Movement,Five Star Movement,0,174307,0,174307,0,87154,0,first,,,Per Una Sinistra Rivoluzionaria,Per Una Sinistra Rivoluzionaria,189,Italy,IT-PROV-056,official,Ministry-format municipality party-list rows preserved by the OnData mirror and aggregated to province. Compatible local turnout metadata is unavailable. Aosta Valley's separate direct seat and overseas constituencies are excluded.,0
Viterbo,https://github.com/ondata/elezionipolitiche2018,,Five Star Movement,Five Star Movement,0,174307,0,174307,0,87154,0,first,,,Lista Del Popolo Per La Costituzione,Lista Del Popolo Per La Costituzione,143,Italy,IT-PROV-056,official,Ministry-format municipality party-list rows preserved by the OnData mirror and aggregated to province. Compatible local turnout metadata is unavailable. Aosta Valley's separate direct seat and overseas constituencies are excluded.,0
Rieti,https://github.com/ondata/elezionipolitiche2018,,Five Star Movement,Five Star Movement,0,80349,0,80349,0,40175,0,first,,,Five Star Movement,Five Star Movement,25461,Italy,IT-PROV-057,official,Ministry-format municipality party-list rows preserved by the OnData mirror and aggregated to province. Compatible local turnout metadata is unavailable. Aosta Valley's separate direct seat and overseas constituencies are excluded.,0
Rieti,https://github.com/ondata/elezionipolitiche2018,,Five Star Movement,Five Star Movement,0,80349,0,80349,0,40175,0,first,,,Lega,Lega,15083,Italy,IT-PROV-057,official,Ministry-format municipality party-list rows preserved by the OnData mirror and aggregated to province. Compatible local turnout metadata is unavailable. Aosta Valley's separate direct seat and overseas constituencies are excluded.,0
Rieti,https://github.com/ondata/elezionipolitiche2018,,Five Star Movement,Five Star Movement,0,80349,0,80349,0,40175,0,first,,,Democratic Party,Democratic Party,13288,Italy,IT-PROV-057,official,Ministry-format municipality party-list rows preserved by the OnData mirror and aggregated to province. Compatible local turnout metadata is unavailable. Aosta Valley's separate direct seat and overseas constituencies are excluded.,0
Rieti,https://github.com/ondata/elezionipolitiche2018,,Five Star Movement,Five Star Movement,0,80349,0,80349,0,40175,0,first,,,Forza Italia,Forza Italia,10074,Italy,IT-PROV-057,official,Ministry-format municipality party-list rows preserved by the OnData mirror and aggregated to province. Compatible local turnout metadata is unavailable. Aosta Valley's separate direct seat and overseas constituencies are excluded.,0
Rieti,https://github.com/ondata/elezionipolitiche2018,,Five Star Movement,Five Star Movement,0,80349,0,80349,0,40175,0,first,,,Brothers of Italy,Brothers of Italy,5958,Italy,IT-PROV-057,official,Ministry-format municipality party-list rows preserved by the OnData mirror and aggregated to province. Compatible local turnout metadata is unavailable. Aosta Valley's separate direct seat and overseas constituencies are excluded.,0
Rieti,https://github.com/ondata/elezionipolitiche2018,,Five Star Movement,Five Star Movement,0,80349,0,80349,0,40175,0,first,,,Free and Equal,Free and Equal,2346,Italy,IT-PROV-057,official,Ministry-format municipality party-list rows preserved by the OnData mirror and aggregated to province. Compatible local turnout metadata is unavailable. Aosta Valley's separate direct seat and overseas constituencies are excluded.,0
Rieti,https://github.com/ondata/elezionipolitiche2018,,Five Star Movement,Five Star Movement,0,80349,0,80349,0,40175,0,first,,,More Europe,More Europe,1590,Italy,IT-PROV-057,official,Ministry-format municipality party-list rows preserved by the OnData mirror and aggregated to province. Compatible local turnout metadata is unavailable. Aosta Valley's separate direct seat and overseas constituencies are excluded.,0
Rieti,https://github.com/ondata/elezionipolitiche2018,,Five Star Movement,Five Star Movement,0,80349,0,80349,0,40175,0,first,,,Casapound Italia,Casapound Italia,1564,Italy,IT-PROV-057,official,Ministry-format municipality party-list rows preserved by the OnData mirror and aggregated to province. Compatible local turnout metadata is unavailable. Aosta Valley's separate direct seat and overseas constituencies are excluded.,0
Rieti,https://github.com/ondata/elezionipolitiche2018,,Five Star Movement,Five Star Movement,0,80349,0,80349,0,40175,0,first,,,Us with Italy–UDC,Us with Italy–UDC,1154,Italy,IT-PROV-057,official,Ministry-format municipality party-list rows preserved by the OnData mirror and aggregated to province. Compatible local turnout metadata is unavailable. Aosta Valley's separate direct seat and overseas constituencies are excluded.,0
Rieti,https://github.com/ondata/elezionipolitiche2018,,Five Star Movement,Five Star Movement,0,80349,0,80349,0,40175,0,first,,,Power to the People,Power to the People,992,Italy,IT-PROV-057,official,Ministry-format municipality party-list rows preserved by the OnData mirror and aggregated to province. Compatible local turnout metadata is unavailable. Aosta Valley's separate direct seat and overseas constituencies are excluded.,0
Rieti,https://github.com/ondata/elezionipolitiche2018,,Five Star Movement,Five Star Movement,0,80349,0,80349,0,40175,0,first,,,Civica Popolare Lorenzin,Civica Popolare Lorenzin,823,Italy,IT-PROV-057,official,Ministry-format municipality party-list rows preserved by the OnData mirror and aggregated to province. Compatible local turnout metadata is unavailable. Aosta Valley's separate direct seat and overseas constituencies are excluded.,0
Rieti,https://github.com/ondata/elezionipolitiche2018,,Five Star Movement,Five Star Movement,0,80349,0,80349,0,40175,0,first,,,Italia Europa Insieme,Italia Europa Insieme,738,Italy,IT-PROV-057,official,Ministry-format municipality party-list rows preserved by the OnData mirror and aggregated to province. Compatible local turnout metadata is unavailable. Aosta Valley's separate direct seat and overseas constituencies are excluded.,0
Rieti,https://github.com/ondata/elezionipolitiche2018,,Five Star Movement,Five Star Movement,0,80349,0,80349,0,40175,0,first,,,Partito Comunista,Partito Comunista,585,Italy,IT-PROV-057,official,Ministry-format municipality party-list rows preserved by the OnData mirror and aggregated to province. Compatible local turnout metadata is unavailable. Aosta Valley's separate direct seat and overseas constituencies are excluded.,0
Rieti,https://github.com/ondata/elezionipolitiche2018,,Five Star Movement,Five Star Movement,0,80349,0,80349,0,40175,0,first,,,Il Popolo Della Famiglia,Il Popolo Della Famiglia,280,Italy,IT-PROV-057,official,Ministry-format municipality party-list rows preserved by the OnData mirror and aggregated to province. Compatible local turnout metadata is unavailable. Aosta Valley's separate direct seat and overseas constituencies are excluded.,0
Rieti,https://github.com/ondata/elezionipolitiche2018,,Five Star Movement,Five Star Movement,0,80349,0,80349,0,40175,0,first,,,Italia Agli Italiani,Italia Agli Italiani,260,Italy,IT-PROV-057,official,Ministry-format municipality party-list rows preserved by the OnData mirror and aggregated to province. Compatible local turnout metadata is unavailable. Aosta Valley's separate direct seat and overseas constituencies are excluded.,0
Rieti,https://github.com/ondata/elezionipolitiche2018,,Five Star Movement,Five Star Movement,0,80349,0,80349,0,40175,0,first,,,Per Una Sinistra Rivoluzionaria,Per Una Sinistra Rivoluzionaria,106,Italy,IT-PROV-057,official,Ministry-format municipality party-list rows preserved by the OnData mirror and aggregated to province. Compatible local turnout metadata is unavailable. Aosta Valley's separate direct seat and overseas constituencies are excluded.,0
Rieti,https://github.com/ondata/elezionipolitiche2018,,Five Star Movement,Five Star Movement,0,80349,0,80349,0,40175,0,first,,,Lista Del Popolo Per La Costituzione,Lista Del Popolo Per La Costituzione,47,Italy,IT-PROV-057,official,Ministry-format municipality party-list rows preserved by the OnData mirror and aggregated to province. Compatible local turnout metadata is unavailable. Aosta Valley's separate direct seat and overseas constituencies are excluded.,0
Roma,https://github.com/ondata/elezionipolitiche2018,,Five Star Movement,Five Star Movement,0,2130937,0,2130937,0,1065469,0,first,,,Five Star Movement,Five Star Movement,683960,Italy,IT-PROV-058,official,Ministry-format municipality party-list rows preserved by the OnData mirror and aggregated to province. Compatible local turnout metadata is unavailable. Aosta Valley's separate direct seat and overseas constituencies are excluded.,0
Roma,https://github.com/ondata/elezionipolitiche2018,,Five Star Movement,Five Star Movement,0,2130937,0,2130937,0,1065469,0,first,,,Democratic Party,Democratic Party,430915,Italy,IT-PROV-058,official,Ministry-format municipality party-list rows preserved by the OnData mirror and aggregated to province. Compatible local turnout metadata is unavailable. Aosta Valley's separate direct seat and overseas constituencies are excluded.,0
Roma,https://github.com/ondata/elezionipolitiche2018,,Five Star Movement,Five Star Movement,0,2130937,0,2130937,0,1065469,0,first,,,Lega,Lega,260644,Italy,IT-PROV-058,official,Ministry-format municipality party-list rows preserved by the OnData mirror and aggregated to province. Compatible local turnout metadata is unavailable. Aosta Valley's separate direct seat and overseas constituencies are excluded.,0
Roma,https://github.com/ondata/elezionipolitiche2018,,Five Star Movement,Five Star Movement,0,2130937,0,2130937,0,1065469,0,first,,,Forza Italia,Forza Italia,256098,Italy,IT-PROV-058,official,Ministry-format municipality party-list rows preserved by the OnData mirror and aggregated to province. Compatible local turnout metadata is unavailable. Aosta Valley's separate direct seat and overseas constituencies are excluded.,0
Roma,https://github.com/ondata/elezionipolitiche2018,,Five Star Movement,Five Star Movement,0,2130937,0,2130937,0,1065469,0,first,,,Brothers of Italy,Brothers of Italy,190953,Italy,IT-PROV-058,official,Ministry-format municipality party-list rows preserved by the OnData mirror and aggregated to province. Compatible local turnout metadata is unavailable. Aosta Valley's separate direct seat and overseas constituencies are excluded.,0
Roma,https://github.com/ondata/elezionipolitiche2018,,Five Star Movement,Five Star Movement,0,2130937,0,2130937,0,1065469,0,first,,,Free and Equal,Free and Equal,85116,Italy,IT-PROV-058,official,Ministry-format municipality party-list rows preserved by the OnData mirror and aggregated to province. Compatible local turnout metadata is unavailable. Aosta Valley's separate direct seat and overseas constituencies are excluded.,0
Roma,https://github.com/ondata/elezionipolitiche2018,,Five Star Movement,Five Star Movement,0,2130937,0,2130937,0,1065469,0,first,,,More Europe,More Europe,81480,Italy,IT-PROV-058,official,Ministry-format municipality party-list rows preserved by the OnData mirror and aggregated to province. Compatible local turnout metadata is unavailable. Aosta Valley's separate direct seat and overseas constituencies are excluded.,0
Roma,https://github.com/ondata/elezionipolitiche2018,,Five Star Movement,Five Star Movement,0,2130937,0,2130937,0,1065469,0,first,,,Power to the People,Power to the People,36647,Italy,IT-PROV-058,official,Ministry-format municipality party-list rows preserved by the OnData mirror and aggregated to province. Compatible local turnout metadata is unavailable. Aosta Valley's separate direct seat and overseas constituencies are excluded.,0
Roma,https://github.com/ondata/elezionipolitiche2018,,Five Star Movement,Five Star Movement,0,2130937,0,2130937,0,1065469,0,first,,,Casapound Italia,Casapound Italia,34189,Italy,IT-PROV-058,official,Ministry-format municipality party-list rows preserved by the OnData mirror and aggregated to province. Compatible local turnout metadata is unavailable. Aosta Valley's separate direct seat and overseas constituencies are excluded.,0
Roma,https://github.com/ondata/elezionipolitiche2018,,Five Star Movement,Five Star Movement,0,2130937,0,2130937,0,1065469,0,first,,,Us with Italy–UDC,Us with Italy–UDC,14669,Italy,IT-PROV-058,official,Ministry-format municipality party-list rows preserved by the OnData mirror and aggregated to province. Compatible local turnout metadata is unavailable. Aosta Valley's separate direct seat and overseas constituencies are excluded.,0
Roma,https://github.com/ondata/elezionipolitiche2018,,Five Star Movement,Five Star Movement,0,2130937,0,2130937,0,1065469,0,first,,,Partito Comunista,Partito Comunista,11570,Italy,IT-PROV-058,official,Ministry-format municipality party-list rows preserved by the OnData mirror and aggregated to province. Compatible local turnout metadata is unavailable. Aosta Valley's separate direct seat and overseas constituencies are excluded.,0
Roma,https://github.com/ondata/elezionipolitiche2018,,Five Star Movement,Five Star Movement,0,2130937,0,2130937,0,1065469,0,first,,,Il Popolo Della Famiglia,Il Popolo Della Famiglia,11393,Italy,IT-PROV-058,official,Ministry-format municipality party-list rows preserved by the OnData mirror and aggregated to province. Compatible local turnout metadata is unavailable. Aosta Valley's separate direct seat and overseas constituencies are excluded.,0
Roma,https://github.com/ondata/elezionipolitiche2018,,Five Star Movement,Five Star Movement,0,2130937,0,2130937,0,1065469,0,first,,,Italia Europa Insieme,Italia Europa Insieme,10555,Italy,IT-PROV-058,official,Ministry-format municipality party-list rows preserved by the OnData mirror and aggregated to province. Compatible local turnout metadata is unavailable. Aosta Valley's separate direct seat and overseas constituencies are excluded.,0
Roma,https://github.com/ondata/elezionipolitiche2018,,Five Star Movement,Five Star Movement,0,2130937,0,2130937,0,1065469,0,first,,,Civica Popolare Lorenzin,Civica Popolare Lorenzin,7996,Italy,IT-PROV-058,official,Ministry-format municipality party-list rows preserved by the OnData mirror and aggregated to province. Compatible local turnout metadata is unavailable. Aosta Valley's separate direct seat and overseas constituencies are excluded.,0
Roma,https://github.com/ondata/elezionipolitiche2018,,Five Star Movement,Five Star Movement,0,2130937,0,2130937,0,1065469,0,first,,,Italia Agli Italiani,Italia Agli Italiani,6975,Italy,IT-PROV-058,official,Ministry-format municipality party-list rows preserved by the OnData mirror and aggregated to province. Compatible local turnout metadata is unavailable. Aosta Valley's separate direct seat and overseas constituencies are excluded.,0
Roma,https://github.com/ondata/elezionipolitiche2018,,Five Star Movement,Five Star Movement,0,2130937,0,2130937,0,1065469,0,first,,,10 Volte Meglio,10 Volte Meglio,3198,Italy,IT-PROV-058,official,Ministry-format municipality party-list rows preserved by the OnData mirror and aggregated to province. Compatible local turnout metadata is unavailable. Aosta Valley's separate direct seat and overseas constituencies are excluded.,0
Roma,https://github.com/ondata/elezionipolitiche2018,,Five Star Movement,Five Star Movement,0,2130937,0,2130937,0,1065469,0,first,,,Per Una Sinistra Rivoluzionaria,Per Una Sinistra Rivoluzionaria,1916,Italy,IT-PROV-058,official,Ministry-format municipality party-list rows preserved by the OnData mirror and aggregated to province. Compatible local turnout metadata is unavailable. Aosta Valley's separate direct seat and overseas constituencies are excluded.,0
Roma,https://github.com/ondata/elezionipolitiche2018,,Five Star Movement,Five Star Movement,0,2130937,0,2130937,0,1065469,0,first,,,Lista Del Popolo Per La Costituzione,Lista Del Popolo Per La Costituzione,1568,Italy,IT-PROV-058,official,Ministry-format municipality party-list rows preserved by the OnData mirror and aggregated to province. Compatible local turnout metadata is unavailable. Aosta Valley's separate direct seat and overseas constituencies are excluded.,0
Roma,https://github.com/ondata/elezionipolitiche2018,,Five Star Movement,Five Star Movement,0,2130937,0,2130937,0,1065469,0,first,,,Blocco Nazionale Per Le Liberta',Blocco Nazionale Per Le Liberta',1095,Italy,IT-PROV-058,official,Ministry-format municipality party-list rows preserved by the OnData mirror and aggregated to province. Compatible local turnout metadata is unavailable. Aosta Valley's separate direct seat and overseas constituencies are excluded.,0
Latina,https://github.com/ondata/elezionipolitiche2018,,Five Star Movement,Five Star Movement,0,304106,0,304106,0,152054,0,first,,,Five Star Movement,Five Star Movement,106358,Italy,IT-PROV-059,official,Ministry-format municipality party-list rows preserved by the OnData mirror and aggregated to province. Compatible local turnout metadata is unavailable. Aosta Valley's separate direct seat and overseas constituencies are excluded.,0
Latina,https://github.com/ondata/elezionipolitiche2018,,Five Star Movement,Five Star Movement,0,304106,0,304106,0,152054,0,first,,,Forza Italia,Forza Italia,58447,Italy,IT-PROV-059,official,Ministry-format municipality party-list rows preserved by the OnData mirror and aggregated to province. Compatible local turnout metadata is unavailable. Aosta Valley's separate direct seat and overseas constituencies are excluded.,0
Latina,https://github.com/ondata/elezionipolitiche2018,,Five Star Movement,Five Star Movement,0,304106,0,304106,0,152054,0,first,,,Lega,Lega,50417,Italy,IT-PROV-059,official,Ministry-format municipality party-list rows preserved by the OnData mirror and aggregated to province. Compatible local turnout metadata is unavailable. Aosta Valley's separate direct seat and overseas constituencies are excluded.,0
Latina,https://github.com/ondata/elezionipolitiche2018,,Five Star Movement,Five Star Movement,0,304106,0,304106,0,152054,0,first,,,Democratic Party,Democratic Party,39059,Italy,IT-PROV-059,official,Ministry-format municipality party-list rows preserved by the OnData mirror and aggregated to province. Compatible local turnout metadata is unavailable. Aosta Valley's separate direct seat and overseas constituencies are excluded.,0
Latina,https://github.com/ondata/elezionipolitiche2018,,Five Star Movement,Five Star Movement,0,304106,0,304106,0,152054,0,first,,,Brothers of Italy,Brothers of Italy,20913,Italy,IT-PROV-059,official,Ministry-format municipality party-list rows preserved by the OnData mirror and aggregated to province. Compatible local turnout metadata is unavailable. Aosta Valley's separate direct seat and overseas constituencies are excluded.,0
Latina,https://github.com/ondata/elezionipolitiche2018,,Five Star Movement,Five Star Movement,0,304106,0,304106,0,152054,0,first,,,Free and Equal,Free and Equal,8146,Italy,IT-PROV-059,official,Ministry-format municipality party-list rows preserved by the OnData mirror and aggregated to province. Compatible local turnout metadata is unavailable. Aosta Valley's separate direct seat and overseas constituencies are excluded.,0
Latina,https://github.com/ondata/elezionipolitiche2018,,Five Star Movement,Five Star Movement,0,304106,0,304106,0,152054,0,first,,,Casapound Italia,Casapound Italia,4944,Italy,IT-PROV-059,official,Ministry-format municipality party-list rows preserved by the OnData mirror and aggregated to province. Compatible local turnout metadata is unavailable. Aosta Valley's separate direct seat and overseas constituencies are excluded.,0
Latina,https://github.com/ondata/elezionipolitiche2018,,Five Star Movement,Five Star Movement,0,304106,0,304106,0,152054,0,first,,,More Europe,More Europe,4424,Italy,IT-PROV-059,official,Ministry-format municipality party-list rows preserved by the OnData mirror and aggregated to province. Compatible local turnout metadata is unavailable. Aosta Valley's separate direct seat and overseas constituencies are excluded.,0
Latina,https://github.com/ondata/elezionipolitiche2018,,Five Star Movement,Five Star Movement,0,304106,0,304106,0,152054,0,first,,,Us with Italy–UDC,Us with Italy–UDC,3408,Italy,IT-PROV-059,official,Ministry-format municipality party-list rows preserved by the OnData mirror and aggregated to province. Compatible local turnout metadata is unavailable. Aosta Valley's separate direct seat and overseas constituencies are excluded.,0
Latina,https://github.com/ondata/elezionipolitiche2018,,Five Star Movement,Five Star Movement,0,304106,0,304106,0,152054,0,first,,,Power to the People,Power to the People,2484,Italy,IT-PROV-059,official,Ministry-format municipality party-list rows preserved by the OnData mirror and aggregated to province. Compatible local turnout metadata is unavailable. Aosta Valley's separate direct seat and overseas constituencies are excluded.,0
Latina,https://github.com/ondata/elezionipolitiche2018,,Five Star Movement,Five Star Movement,0,304106,0,304106,0,152054,0,first,,,Partito Comunista,Partito Comunista,1533,Italy,IT-PROV-059,official,Ministry-format municipality party-list rows preserved by the OnData mirror and aggregated to province. Compatible local turnout metadata is unavailable. Aosta Valley's separate direct seat and overseas constituencies are excluded.,0
Latina,https://github.com/ondata/elezionipolitiche2018,,Five Star Movement,Five Star Movement,0,304106,0,304106,0,152054,0,first,,,Il Popolo Della Famiglia,Il Popolo Della Famiglia,1084,Italy,IT-PROV-059,official,Ministry-format municipality party-list rows preserved by the OnData mirror and aggregated to province. Compatible local turnout metadata is unavailable. Aosta Valley's separate direct seat and overseas constituencies are excluded.,0
Latina,https://github.com/ondata/elezionipolitiche2018,,Five Star Movement,Five Star Movement,0,304106,0,304106,0,152054,0,first,,,Italia Agli Italiani,Italia Agli Italiani,1066,Italy,IT-PROV-059,official,Ministry-format municipality party-list rows preserved by the OnData mirror and aggregated to province. Compatible local turnout metadata is unavailable. Aosta Valley's separate direct seat and overseas constituencies are excluded.,0
Latina,https://github.com/ondata/elezionipolitiche2018,,Five Star Movement,Five Star Movement,0,304106,0,304106,0,152054,0,first,,,Italia Europa Insieme,Italia Europa Insieme,702,Italy,IT-PROV-059,official,Ministry-format municipality party-list rows preserved by the OnData mirror and aggregated to province. Compatible local turnout metadata is unavailable. Aosta Valley's separate direct seat and overseas constituencies are excluded.,0
Latina,https://github.com/ondata/elezionipolitiche2018,,Five Star Movement,Five Star Movement,0,304106,0,304106,0,152054,0,first,,,Civica Popolare Lorenzin,Civica Popolare Lorenzin,683,Italy,IT-PROV-059,official,Ministry-format municipality party-list rows preserved by the OnData mirror and aggregated to province. Compatible local turnout metadata is unavailable. Aosta Valley's separate direct seat and overseas constituencies are excluded.,0
Latina,https://github.com/ondata/elezionipolitiche2018,,Five Star Movement,Five Star Movement,0,304106,0,304106,0,152054,0,first,,,Per Una Sinistra Rivoluzionaria,Per Una Sinistra Rivoluzionaria,222,Italy,IT-PROV-059,official,Ministry-format municipality party-list rows preserved by the OnData mirror and aggregated to province. Compatible local turnout metadata is unavailable. Aosta Valley's separate direct seat and overseas constituencies are excluded.,0
Latina,https://github.com/ondata/elezionipolitiche2018,,Five Star Movement,Five Star Movement,0,304106,0,304106,0,152054,0,first,,,Lista Del Popolo Per La Costituzione,Lista Del Popolo Per La Costituzione,216,Italy,IT-PROV-059,official,Ministry-format municipality party-list rows preserved by the OnData mirror and aggregated to province. Compatible local turnout metadata is unavailable. Aosta Valley's separate direct seat and overseas constituencies are excluded.,0
Frosinone,https://github.com/ondata/elezionipolitiche2018,,Five Star Movement,Five Star Movement,0,274866,0,274866,0,137434,0,first,,,Five Star Movement,Five Star Movement,101378,Italy,IT-PROV-060,official,Ministry-format municipality party-list rows preserved by the OnData mirror and aggregated to province. Compatible local turnout metadata is unavailable. Aosta Valley's separate direct seat and overseas constituencies are excluded.,0
Frosinone,https://github.com/ondata/elezionipolitiche2018,,Five Star Movement,Five Star Movement,0,274866,0,274866,0,137434,0,first,,,Forza Italia,Forza Italia,49822,Italy,IT-PROV-060,official,Ministry-format municipality party-list rows preserved by the OnData mirror and aggregated to province. Compatible local turnout metadata is unavailable. Aosta Valley's separate direct seat and overseas constituencies are excluded.,0
Frosinone,https://github.com/ondata/elezionipolitiche2018,,Five Star Movement,Five Star Movement,0,274866,0,274866,0,137434,0,first,,,Lega,Lega,42863,Italy,IT-PROV-060,official,Ministry-format municipality party-list rows preserved by the OnData mirror and aggregated to province. Compatible local turnout metadata is unavailable. Aosta Valley's separate direct seat and overseas constituencies are excluded.,0
Frosinone,https://github.com/ondata/elezionipolitiche2018,,Five Star Movement,Five Star Movement,0,274866,0,274866,0,137434,0,first,,,Democratic Party,Democratic Party,37899,Italy,IT-PROV-060,official,Ministry-format municipality party-list rows preserved by the OnData mirror and aggregated to province. Compatible local turnout metadata is unavailable. Aosta Valley's separate direct seat and overseas constituencies are excluded.,0
Frosinone,https://github.com/ondata/elezionipolitiche2018,,Five Star Movement,Five Star Movement,0,274866,0,274866,0,137434,0,first,,,Brothers of Italy,Brothers of Italy,13409,Italy,IT-PROV-060,official,Ministry-format municipality party-list rows preserved by the OnData mirror and aggregated to province. Compatible local turnout metadata is unavailable. Aosta Valley's separate direct seat and overseas constituencies are excluded.,0
Frosinone,https://github.com/ondata/elezionipolitiche2018,,Five Star Movement,Five Star Movement,0,274866,0,274866,0,137434,0,first,,,Free and Equal,Free and Equal,6605,Italy,IT-PROV-060,official,Ministry-format municipality party-list rows preserved by the OnData mirror and aggregated to province. Compatible local turnout metadata is unavailable. Aosta Valley's separate direct seat and overseas constituencies are excluded.,0
Frosinone,https://github.com/ondata/elezionipolitiche2018,,Five Star Movement,Five Star Movement,0,274866,0,274866,0,137434,0,first,,,Us with Italy–UDC,Us with Italy–UDC,4261,Italy,IT-PROV-060,official,Ministry-format municipality party-list rows preserved by the OnData mirror and aggregated to province. Compatible local turnout metadata is unavailable. Aosta Valley's separate direct seat and overseas constituencies are excluded.,0
Frosinone,https://github.com/ondata/elezionipolitiche2018,,Five Star Movement,Five Star Movement,0,274866,0,274866,0,137434,0,first,,,Casapound Italia,Casapound Italia,3773,Italy,IT-PROV-060,official,Ministry-format municipality party-list rows preserved by the OnData mirror and aggregated to province. Compatible local turnout metadata is unavailable. Aosta Valley's separate direct seat and overseas constituencies are excluded.,0
Frosinone,https://github.com/ondata/elezionipolitiche2018,,Five Star Movement,Five Star Movement,0,274866,0,274866,0,137434,0,first,,,Civica Popolare Lorenzin,Civica Popolare Lorenzin,3540,Italy,IT-PROV-060,official,Ministry-format municipality party-list rows preserved by the OnData mirror and aggregated to province. Compatible local turnout metadata is unavailable. Aosta Valley's separate direct seat and overseas constituencies are excluded.,0
Frosinone,https://github.com/ondata/elezionipolitiche2018,,Five Star Movement,Five Star Movement,0,274866,0,274866,0,137434,0,first,,,More Europe,More Europe,3304,Italy,IT-PROV-060,official,Ministry-format municipality party-list rows preserved by the OnData mirror and aggregated to province. Compatible local turnout metadata is unavailable. Aosta Valley's separate direct seat and overseas constituencies are excluded.,0
Frosinone,https://github.com/ondata/elezionipolitiche2018,,Five Star Movement,Five Star Movement,0,274866,0,274866,0,137434,0,first,,,Italia Europa Insieme,Italia Europa Insieme,2139,Italy,IT-PROV-060,official,Ministry-format municipality party-list rows preserved by the OnData mirror and aggregated to province. Compatible local turnout metadata is unavailable. Aosta Valley's separate direct seat and overseas constituencies are excluded.,0
Frosinone,https://github.com/ondata/elezionipolitiche2018,,Five Star Movement,Five Star Movement,0,274866,0,274866,0,137434,0,first,,,Power to the People,Power to the People,2061,Italy,IT-PROV-060,official,Ministry-format municipality party-list rows preserved by the OnData mirror and aggregated to province. Compatible local turnout metadata is unavailable. Aosta Valley's separate direct seat and overseas constituencies are excluded.,0
Frosinone,https://github.com/ondata/elezionipolitiche2018,,Five Star Movement,Five Star Movement,0,274866,0,274866,0,137434,0,first,,,Partito Comunista,Partito Comunista,1333,Italy,IT-PROV-060,official,Ministry-format municipality party-list rows preserved by the OnData mirror and aggregated to province. Compatible local turnout metadata is unavailable. Aosta Valley's separate direct seat and overseas constituencies are excluded.,0
Frosinone,https://github.com/ondata/elezionipolitiche2018,,Five Star Movement,Five Star Movement,0,274866,0,274866,0,137434,0,first,,,Italia Agli Italiani,Italia Agli Italiani,1151,Italy,IT-PROV-060,official,Ministry-format municipality party-list rows preserved by the OnData mirror and aggregated to province. Compatible local turnout metadata is unavailable. Aosta Valley's separate direct seat and overseas constituencies are excluded.,0
Frosinone,https://github.com/ondata/elezionipolitiche2018,,Five Star Movement,Five Star Movement,0,274866,0,274866,0,137434,0,first,,,Il Popolo Della Famiglia,Il Popolo Della Famiglia,878,Italy,IT-PROV-060,official,Ministry-format municipality party-list rows preserved by the OnData mirror and aggregated to province. Compatible local turnout metadata is unavailable. Aosta Valley's separate direct seat and overseas constituencies are excluded.,0
Frosinone,https://github.com/ondata/elezionipolitiche2018,,Five Star Movement,Five Star Movement,0,274866,0,274866,0,137434,0,first,,,Per Una Sinistra Rivoluzionaria,Per Una Sinistra Rivoluzionaria,276,Italy,IT-PROV-060,official,Ministry-format municipality party-list rows preserved by the OnData mirror and aggregated to province. Compatible local turnout metadata is unavailable. Aosta Valley's separate direct seat and overseas constituencies are excluded.,0
Frosinone,https://github.com/ondata/elezionipolitiche2018,,Five Star Movement,Five Star Movement,0,274866,0,274866,0,137434,0,first,,,Lista Del Popolo Per La Costituzione,Lista Del Popolo Per La Costituzione,174,Italy,IT-PROV-060,official,Ministry-format municipality party-list rows preserved by the OnData mirror and aggregated to province. Compatible local turnout metadata is unavailable. Aosta Valley's separate direct seat and overseas constituencies are excluded.,0
Caserta,https://github.com/ondata/elezionipolitiche2018,,Five Star Movement,Five Star Movement,0,458574,0,458574,0,229288,0,first,,,Five Star Movement,Five Star Movement,232730,Italy,IT-PROV-061,official,Ministry-format municipality party-list rows preserved by the OnData mirror and aggregated to province. Compatible local turnout metadata is unavailable. Aosta Valley's separate direct seat and overseas constituencies are excluded.,0
Caserta,https://github.com/ondata/elezionipolitiche2018,,Five Star Movement,Five Star Movement,0,458574,0,458574,0,229288,0,first,,,Forza Italia,Forza Italia,86976,Italy,IT-PROV-061,official,Ministry-format municipality party-list rows preserved by the OnData mirror and aggregated to province. Compatible local turnout metadata is unavailable. Aosta Valley's separate direct seat and overseas constituencies are excluded.,0
Caserta,https://github.com/ondata/elezionipolitiche2018,,Five Star Movement,Five Star Movement,0,458574,0,458574,0,229288,0,first,,,Democratic Party,Democratic Party,48882,Italy,IT-PROV-061,official,Ministry-format municipality party-list rows preserved by the OnData mirror and aggregated to province. Compatible local turnout metadata is unavailable. Aosta Valley's separate direct seat and overseas constituencies are excluded.,0
Caserta,https://github.com/ondata/elezionipolitiche2018,,Five Star Movement,Five Star Movement,0,458574,0,458574,0,229288,0,first,,,Lega,Lega,26357,Italy,IT-PROV-061,official,Ministry-format municipality party-list rows preserved by the OnData mirror and aggregated to province. Compatible local turnout metadata is unavailable. Aosta Valley's separate direct seat and overseas constituencies are excluded.,0
Caserta,https://github.com/ondata/elezionipolitiche2018,,Five Star Movement,Five Star Movement,0,458574,0,458574,0,229288,0,first,,,Brothers of Italy,Brothers of Italy,19966,Italy,IT-PROV-061,official,Ministry-format municipality party-list rows preserved by the OnData mirror and aggregated to province. Compatible local turnout metadata is unavailable. Aosta Valley's separate direct seat and overseas constituencies are excluded.,0
Caserta,https://github.com/ondata/elezionipolitiche2018,,Five Star Movement,Five Star Movement,0,458574,0,458574,0,229288,0,first,,,Free and Equal,Free and Equal,8498,Italy,IT-PROV-061,official,Ministry-format municipality party-list rows preserved by the OnData mirror and aggregated to province. Compatible local turnout metadata is unavailable. Aosta Valley's separate direct seat and overseas constituencies are excluded.,0
Caserta,https://github.com/ondata/elezionipolitiche2018,,Five Star Movement,Five Star Movement,0,458574,0,458574,0,229288,0,first,,,Italia Europa Insieme,Italia Europa Insieme,6158,Italy,IT-PROV-061,official,Ministry-format municipality party-list rows preserved by the OnData mirror and aggregated to province. Compatible local turnout metadata is unavailable. Aosta Valley's separate direct seat and overseas constituencies are excluded.,0
Caserta,https://github.com/ondata/elezionipolitiche2018,,Five Star Movement,Five Star Movement,0,458574,0,458574,0,229288,0,first,,,More Europe,More Europe,6034,Italy,IT-PROV-061,official,Ministry-format municipality party-list rows preserved by the OnData mirror and aggregated to province. Compatible local turnout metadata is unavailable. Aosta Valley's separate direct seat and overseas constituencies are excluded.,0
Caserta,https://github.com/ondata/elezionipolitiche2018,,Five Star Movement,Five Star Movement,0,458574,0,458574,0,229288,0,first,,,Power to the People,Power to the People,4606,Italy,IT-PROV-061,official,Ministry-format municipality party-list rows preserved by the OnData mirror and aggregated to province. Compatible local turnout metadata is unavailable. Aosta Valley's separate direct seat and overseas constituencies are excluded.,0
Caserta,https://github.com/ondata/elezionipolitiche2018,,Five Star Movement,Five Star Movement,0,458574,0,458574,0,229288,0,first,,,Italia Agli Italiani,Italia Agli Italiani,4076,Italy,IT-PROV-061,official,Ministry-format municipality party-list rows preserved by the OnData mirror and aggregated to province. Compatible local turnout metadata is unavailable. Aosta Valley's separate direct seat and overseas constituencies are excluded.,0
Caserta,https://github.com/ondata/elezionipolitiche2018,,Five Star Movement,Five Star Movement,0,458574,0,458574,0,229288,0,first,,,Us with Italy–UDC,Us with Italy–UDC,3613,Italy,IT-PROV-061,official,Ministry-format municipality party-list rows preserved by the OnData mirror and aggregated to province. Compatible local turnout metadata is unavailable. Aosta Valley's separate direct seat and overseas constituencies are excluded.,0
Caserta,https://github.com/ondata/elezionipolitiche2018,,Five Star Movement,Five Star Movement,0,458574,0,458574,0,229288,0,first,,,Civica Popolare Lorenzin,Civica Popolare Lorenzin,3589,Italy,IT-PROV-061,official,Ministry-format municipality party-list rows preserved by the OnData mirror and aggregated to province. Compatible local turnout metadata is unavailable. Aosta Valley's separate direct seat and overseas constituencies are excluded.,0
Caserta,https://github.com/ondata/elezionipolitiche2018,,Five Star Movement,Five Star Movement,0,458574,0,458574,0,229288,0,first,,,Casapound Italia,Casapound Italia,2182,Italy,IT-PROV-061,official,Ministry-format municipality party-list rows preserved by the OnData mirror and aggregated to province. Compatible local turnout metadata is unavailable. Aosta Valley's separate direct seat and overseas constituencies are excluded.,0
Caserta,https://github.com/ondata/elezionipolitiche2018,,Five Star Movement,Five Star Movement,0,458574,0,458574,0,229288,0,first,,,Il Popolo Della Famiglia,Il Popolo Della Famiglia,2091,Italy,IT-PROV-061,official,Ministry-format municipality party-list rows preserved by the OnData mirror and aggregated to province. Compatible local turnout metadata is unavailable. Aosta Valley's separate direct seat and overseas constituencies are excluded.,0
Caserta,https://github.com/ondata/elezionipolitiche2018,,Five Star Movement,Five Star Movement,0,458574,0,458574,0,229288,0,first,,,Partito Comunista,Partito Comunista,1136,Italy,IT-PROV-061,official,Ministry-format municipality party-list rows preserved by the OnData mirror and aggregated to province. Compatible local turnout metadata is unavailable. Aosta Valley's separate direct seat and overseas constituencies are excluded.,0
Caserta,https://github.com/ondata/elezionipolitiche2018,,Five Star Movement,Five Star Movement,0,458574,0,458574,0,229288,0,first,,,Partito Valore Umano,Partito Valore Umano,652,Italy,IT-PROV-061,official,Ministry-format municipality party-list rows preserved by the OnData mirror and aggregated to province. Compatible local turnout metadata is unavailable. Aosta Valley's separate direct seat and overseas constituencies are excluded.,0
Caserta,https://github.com/ondata/elezionipolitiche2018,,Five Star Movement,Five Star Movement,0,458574,0,458574,0,229288,0,first,,,Per Una Sinistra Rivoluzionaria,Per Una Sinistra Rivoluzionaria,600,Italy,IT-PROV-061,official,Ministry-format municipality party-list rows preserved by the OnData mirror and aggregated to province. Compatible local turnout metadata is unavailable. Aosta Valley's separate direct seat and overseas constituencies are excluded.,0
Caserta,https://github.com/ondata/elezionipolitiche2018,,Five Star Movement,Five Star Movement,0,458574,0,458574,0,229288,0,first,,,Lista Del Popolo Per La Costituzione,Lista Del Popolo Per La Costituzione,428,Italy,IT-PROV-061,official,Ministry-format municipality party-list rows preserved by the OnData mirror and aggregated to province. Compatible local turnout metadata is unavailable. Aosta Valley's separate direct seat and overseas constituencies are excluded.,0
Benevento,https://github.com/ondata/elezionipolitiche2018,,Five Star Movement,Five Star Movement,0,153847,0,153847,0,76924,0,first,,,Five Star Movement,Five Star Movement,68041,Italy,IT-PROV-062,official,Ministry-format municipality party-list rows preserved by the OnData mirror and aggregated to province. Compatible local turnout metadata is unavailable. Aosta Valley's separate direct seat and overseas constituencies are excluded.,0
Benevento,https://github.com/ondata/elezionipolitiche2018,,Five Star Movement,Five Star Movement,0,153847,0,153847,0,76924,0,first,,,Forza Italia,Forza Italia,31618,Italy,IT-PROV-062,official,Ministry-format municipality party-list rows preserved by the OnData mirror and aggregated to province. Compatible local turnout metadata is unavailable. Aosta Valley's separate direct seat and overseas constituencies are excluded.,0
Benevento,https://github.com/ondata/elezionipolitiche2018,,Five Star Movement,Five Star Movement,0,153847,0,153847,0,76924,0,first,,,Democratic Party,Democratic Party,23627,Italy,IT-PROV-062,official,Ministry-format municipality party-list rows preserved by the OnData mirror and aggregated to province. Compatible local turnout metadata is unavailable. Aosta Valley's separate direct seat and overseas constituencies are excluded.,0
Benevento,https://github.com/ondata/elezionipolitiche2018,,Five Star Movement,Five Star Movement,0,153847,0,153847,0,76924,0,first,,,Lega,Lega,9634,Italy,IT-PROV-062,official,Ministry-format municipality party-list rows preserved by the OnData mirror and aggregated to province. Compatible local turnout metadata is unavailable. Aosta Valley's separate direct seat and overseas constituencies are excluded.,0
Benevento,https://github.com/ondata/elezionipolitiche2018,,Five Star Movement,Five Star Movement,0,153847,0,153847,0,76924,0,first,,,Brothers of Italy,Brothers of Italy,4798,Italy,IT-PROV-062,official,Ministry-format municipality party-list rows preserved by the OnData mirror and aggregated to province. Compatible local turnout metadata is unavailable. Aosta Valley's separate direct seat and overseas constituencies are excluded.,0
Benevento,https://github.com/ondata/elezionipolitiche2018,,Five Star Movement,Five Star Movement,0,153847,0,153847,0,76924,0,first,,,Free and Equal,Free and Equal,3556,Italy,IT-PROV-062,official,Ministry-format municipality party-list rows preserved by the OnData mirror and aggregated to province. Compatible local turnout metadata is unavailable. Aosta Valley's separate direct seat and overseas constituencies are excluded.,0
Benevento,https://github.com/ondata/elezionipolitiche2018,,Five Star Movement,Five Star Movement,0,153847,0,153847,0,76924,0,first,,,Civica Popolare Lorenzin,Civica Popolare Lorenzin,2637,Italy,IT-PROV-062,official,Ministry-format municipality party-list rows preserved by the OnData mirror and aggregated to province. Compatible local turnout metadata is unavailable. Aosta Valley's separate direct seat and overseas constituencies are excluded.,0
Benevento,https://github.com/ondata/elezionipolitiche2018,,Five Star Movement,Five Star Movement,0,153847,0,153847,0,76924,0,first,,,More Europe,More Europe,2030,Italy,IT-PROV-062,official,Ministry-format municipality party-list rows preserved by the OnData mirror and aggregated to province. Compatible local turnout metadata is unavailable. Aosta Valley's separate direct seat and overseas constituencies are excluded.,0
Benevento,https://github.com/ondata/elezionipolitiche2018,,Five Star Movement,Five Star Movement,0,153847,0,153847,0,76924,0,first,,,Power to the People,Power to the People,1947,Italy,IT-PROV-062,official,Ministry-format municipality party-list rows preserved by the OnData mirror and aggregated to province. Compatible local turnout metadata is unavailable. Aosta Valley's separate direct seat and overseas constituencies are excluded.,0
Benevento,https://github.com/ondata/elezionipolitiche2018,,Five Star Movement,Five Star Movement,0,153847,0,153847,0,76924,0,first,,,Us with Italy–UDC,Us with Italy–UDC,1295,Italy,IT-PROV-062,official,Ministry-format municipality party-list rows preserved by the OnData mirror and aggregated to province. Compatible local turnout metadata is unavailable. Aosta Valley's separate direct seat and overseas constituencies are excluded.,0
Benevento,https://github.com/ondata/elezionipolitiche2018,,Five Star Movement,Five Star Movement,0,153847,0,153847,0,76924,0,first,,,Italia Agli Italiani,Italia Agli Italiani,909,Italy,IT-PROV-062,official,Ministry-format municipality party-list rows preserved by the OnData mirror and aggregated to province. Compatible local turnout metadata is unavailable. Aosta Valley's separate direct seat and overseas constituencies are excluded.,0
Benevento,https://github.com/ondata/elezionipolitiche2018,,Five Star Movement,Five Star Movement,0,153847,0,153847,0,76924,0,first,,,Italia Europa Insieme,Italia Europa Insieme,894,Italy,IT-PROV-062,official,Ministry-format municipality party-list rows preserved by the OnData mirror and aggregated to province. Compatible local turnout metadata is unavailable. Aosta Valley's separate direct seat and overseas constituencies are excluded.,0
Benevento,https://github.com/ondata/elezionipolitiche2018,,Five Star Movement,Five Star Movement,0,153847,0,153847,0,76924,0,first,,,Casapound Italia,Casapound Italia,820,Italy,IT-PROV-062,official,Ministry-format municipality party-list rows preserved by the OnData mirror and aggregated to province. Compatible local turnout metadata is unavailable. Aosta Valley's separate direct seat and overseas constituencies are excluded.,0
Benevento,https://github.com/ondata/elezionipolitiche2018,,Five Star Movement,Five Star Movement,0,153847,0,153847,0,76924,0,first,,,10 Volte Meglio,10 Volte Meglio,579,Italy,IT-PROV-062,official,Ministry-format municipality party-list rows preserved by the OnData mirror and aggregated to province. Compatible local turnout metadata is unavailable. Aosta Valley's separate direct seat and overseas constituencies are excluded.,0
Benevento,https://github.com/ondata/elezionipolitiche2018,,Five Star Movement,Five Star Movement,0,153847,0,153847,0,76924,0,first,,,Il Popolo Della Famiglia,Il Popolo Della Famiglia,556,Italy,IT-PROV-062,official,Ministry-format municipality party-list rows preserved by the OnData mirror and aggregated to province. Compatible local turnout metadata is unavailable. Aosta Valley's separate direct seat and overseas constituencies are excluded.,0
Benevento,https://github.com/ondata/elezionipolitiche2018,,Five Star Movement,Five Star Movement,0,153847,0,153847,0,76924,0,first,,,Partito Comunista,Partito Comunista,501,Italy,IT-PROV-062,official,Ministry-format municipality party-list rows preserved by the OnData mirror and aggregated to province. Compatible local turnout metadata is unavailable. Aosta Valley's separate direct seat and overseas constituencies are excluded.,0
Benevento,https://github.com/ondata/elezionipolitiche2018,,Five Star Movement,Five Star Movement,0,153847,0,153847,0,76924,0,first,,,Partito Valore Umano,Partito Valore Umano,271,Italy,IT-PROV-062,official,Ministry-format municipality party-list rows preserved by the OnData mirror and aggregated to province. Compatible local turnout metadata is unavailable. Aosta Valley's separate direct seat and overseas constituencies are excluded.,0
Benevento,https://github.com/ondata/elezionipolitiche2018,,Five Star Movement,Five Star Movement,0,153847,0,153847,0,76924,0,first,,,Lista Del Popolo Per La Costituzione,Lista Del Popolo Per La Costituzione,134,Italy,IT-PROV-062,official,Ministry-format municipality party-list rows preserved by the OnData mirror and aggregated to province. Compatible local turnout metadata is unavailable. Aosta Valley's separate direct seat and overseas constituencies are excluded.,0
Napoli,https://github.com/ondata/elezionipolitiche2018,,Five Star Movement,Five Star Movement,0,1482207,0,1482207,0,741104,0,first,,,Five Star Movement,Five Star Movement,801987,Italy,IT-PROV-063,official,Ministry-format municipality party-list rows preserved by the OnData mirror and aggregated to province. Compatible local turnout metadata is unavailable. Aosta Valley's separate direct seat and overseas constituencies are excluded.,0
Napoli,https://github.com/ondata/elezionipolitiche2018,,Five Star Movement,Five Star Movement,0,1482207,0,1482207,0,741104,0,first,,,Forza Italia,Forza Italia,271380,Italy,IT-PROV-063,official,Ministry-format municipality party-list rows preserved by the OnData mirror and aggregated to province. Compatible local turnout metadata is unavailable. Aosta Valley's separate direct seat and overseas constituencies are excluded.,0
Napoli,https://github.com/ondata/elezionipolitiche2018,,Five Star Movement,Five Star Movement,0,1482207,0,1482207,0,741104,0,first,,,Democratic Party,Democratic Party,178241,Italy,IT-PROV-063,official,Ministry-format municipality party-list rows preserved by the OnData mirror and aggregated to province. Compatible local turnout metadata is unavailable. Aosta Valley's separate direct seat and overseas constituencies are excluded.,0
Napoli,https://github.com/ondata/elezionipolitiche2018,,Five Star Movement,Five Star Movement,0,1482207,0,1482207,0,741104,0,first,,,Free and Equal,Free and Equal,43865,Italy,IT-PROV-063,official,Ministry-format municipality party-list rows preserved by the OnData mirror and aggregated to province. Compatible local turnout metadata is unavailable. Aosta Valley's separate direct seat and overseas constituencies are excluded.,0
Napoli,https://github.com/ondata/elezionipolitiche2018,,Five Star Movement,Five Star Movement,0,1482207,0,1482207,0,741104,0,first,,,Lega,Lega,43675,Italy,IT-PROV-063,official,Ministry-format municipality party-list rows preserved by the OnData mirror and aggregated to province. Compatible local turnout metadata is unavailable. Aosta Valley's separate direct seat and overseas constituencies are excluded.,0
Napoli,https://github.com/ondata/elezionipolitiche2018,,Five Star Movement,Five Star Movement,0,1482207,0,1482207,0,741104,0,first,,,Brothers of Italy,Brothers of Italy,38944,Italy,IT-PROV-063,official,Ministry-format municipality party-list rows preserved by the OnData mirror and aggregated to province. Compatible local turnout metadata is unavailable. Aosta Valley's separate direct seat and overseas constituencies are excluded.,0
Napoli,https://github.com/ondata/elezionipolitiche2018,,Five Star Movement,Five Star Movement,0,1482207,0,1482207,0,741104,0,first,,,Power to the People,Power to the People,25921,Italy,IT-PROV-063,official,Ministry-format municipality party-list rows preserved by the OnData mirror and aggregated to province. Compatible local turnout metadata is unavailable. Aosta Valley's separate direct seat and overseas constituencies are excluded.,0
Napoli,https://github.com/ondata/elezionipolitiche2018,,Five Star Movement,Five Star Movement,0,1482207,0,1482207,0,741104,0,first,,,Us with Italy–UDC,Us with Italy–UDC,23859,Italy,IT-PROV-063,official,Ministry-format municipality party-list rows preserved by the OnData mirror and aggregated to province. Compatible local turnout metadata is unavailable. Aosta Valley's separate direct seat and overseas constituencies are excluded.,0
Napoli,https://github.com/ondata/elezionipolitiche2018,,Five Star Movement,Five Star Movement,0,1482207,0,1482207,0,741104,0,first,,,More Europe,More Europe,17785,Italy,IT-PROV-063,official,Ministry-format municipality party-list rows preserved by the OnData mirror and aggregated to province. Compatible local turnout metadata is unavailable. Aosta Valley's separate direct seat and overseas constituencies are excluded.,0
Napoli,https://github.com/ondata/elezionipolitiche2018,,Five Star Movement,Five Star Movement,0,1482207,0,1482207,0,741104,0,first,,,Il Popolo Della Famiglia,Il Popolo Della Famiglia,7601,Italy,IT-PROV-063,official,Ministry-format municipality party-list rows preserved by the OnData mirror and aggregated to province. Compatible local turnout metadata is unavailable. Aosta Valley's separate direct seat and overseas constituencies are excluded.,0
Napoli,https://github.com/ondata/elezionipolitiche2018,,Five Star Movement,Five Star Movement,0,1482207,0,1482207,0,741104,0,first,,,Civica Popolare Lorenzin,Civica Popolare Lorenzin,6885,Italy,IT-PROV-063,official,Ministry-format municipality party-list rows preserved by the OnData mirror and aggregated to province. Compatible local turnout metadata is unavailable. Aosta Valley's separate direct seat and overseas constituencies are excluded.,0
Napoli,https://github.com/ondata/elezionipolitiche2018,,Five Star Movement,Five Star Movement,0,1482207,0,1482207,0,741104,0,first,,,Casapound Italia,Casapound Italia,6585,Italy,IT-PROV-063,official,Ministry-format municipality party-list rows preserved by the OnData mirror and aggregated to province. Compatible local turnout metadata is unavailable. Aosta Valley's separate direct seat and overseas constituencies are excluded.,0
Napoli,https://github.com/ondata/elezionipolitiche2018,,Five Star Movement,Five Star Movement,0,1482207,0,1482207,0,741104,0,first,,,Italia Europa Insieme,Italia Europa Insieme,6130,Italy,IT-PROV-063,official,Ministry-format municipality party-list rows preserved by the OnData mirror and aggregated to province. Compatible local turnout metadata is unavailable. Aosta Valley's separate direct seat and overseas constituencies are excluded.,0
Napoli,https://github.com/ondata/elezionipolitiche2018,,Five Star Movement,Five Star Movement,0,1482207,0,1482207,0,741104,0,first,,,Italia Agli Italiani,Italia Agli Italiani,5096,Italy,IT-PROV-063,official,Ministry-format municipality party-list rows preserved by the OnData mirror and aggregated to province. Compatible local turnout metadata is unavailable. Aosta Valley's separate direct seat and overseas constituencies are excluded.,0
Napoli,https://github.com/ondata/elezionipolitiche2018,,Five Star Movement,Five Star Movement,0,1482207,0,1482207,0,741104,0,first,,,Partito Repubblicano Italiano - Ala,Partito Repubblicano Italiano - Ala,2328,Italy,IT-PROV-063,official,Ministry-format municipality party-list rows preserved by the OnData mirror and aggregated to province. Compatible local turnout metadata is unavailable. Aosta Valley's separate direct seat and overseas constituencies are excluded.,0
Napoli,https://github.com/ondata/elezionipolitiche2018,,Five Star Movement,Five Star Movement,0,1482207,0,1482207,0,741104,0,first,,,Per Una Sinistra Rivoluzionaria,Per Una Sinistra Rivoluzionaria,1925,Italy,IT-PROV-063,official,Ministry-format municipality party-list rows preserved by the OnData mirror and aggregated to province. Compatible local turnout metadata is unavailable. Aosta Valley's separate direct seat and overseas constituencies are excluded.,0
Avellino,https://github.com/ondata/elezionipolitiche2018,,Five Star Movement,Five Star Movement,0,230580,0,230580,0,115291,0,first,,,Five Star Movement,Five Star Movement,100767,Italy,IT-PROV-064,official,Ministry-format municipality party-list rows preserved by the OnData mirror and aggregated to province. Compatible local turnout metadata is unavailable. Aosta Valley's separate direct seat and overseas constituencies are excluded.,0
Avellino,https://github.com/ondata/elezionipolitiche2018,,Five Star Movement,Five Star Movement,0,230580,0,230580,0,115291,0,first,,,Forza Italia,Forza Italia,37106,Italy,IT-PROV-064,official,Ministry-format municipality party-list rows preserved by the OnData mirror and aggregated to province. Compatible local turnout metadata is unavailable. Aosta Valley's separate direct seat and overseas constituencies are excluded.,0
Avellino,https://github.com/ondata/elezionipolitiche2018,,Five Star Movement,Five Star Movement,0,230580,0,230580,0,115291,0,first,,,Democratic Party,Democratic Party,35207,Italy,IT-PROV-064,official,Ministry-format municipality party-list rows preserved by the OnData mirror and aggregated to province. Compatible local turnout metadata is unavailable. Aosta Valley's separate direct seat and overseas constituencies are excluded.,0
Avellino,https://github.com/ondata/elezionipolitiche2018,,Five Star Movement,Five Star Movement,0,230580,0,230580,0,115291,0,first,,,Lega,Lega,13648,Italy,IT-PROV-064,official,Ministry-format municipality party-list rows preserved by the OnData mirror and aggregated to province. Compatible local turnout metadata is unavailable. Aosta Valley's separate direct seat and overseas constituencies are excluded.,0
Avellino,https://github.com/ondata/elezionipolitiche2018,,Five Star Movement,Five Star Movement,0,230580,0,230580,0,115291,0,first,,,Brothers of Italy,Brothers of Italy,9127,Italy,IT-PROV-064,official,Ministry-format municipality party-list rows preserved by the OnData mirror and aggregated to province. Compatible local turnout metadata is unavailable. Aosta Valley's separate direct seat and overseas constituencies are excluded.,0
Avellino,https://github.com/ondata/elezionipolitiche2018,,Five Star Movement,Five Star Movement,0,230580,0,230580,0,115291,0,first,,,Civica Popolare Lorenzin,Civica Popolare Lorenzin,7436,Italy,IT-PROV-064,official,Ministry-format municipality party-list rows preserved by the OnData mirror and aggregated to province. Compatible local turnout metadata is unavailable. Aosta Valley's separate direct seat and overseas constituencies are excluded.,0
Avellino,https://github.com/ondata/elezionipolitiche2018,,Five Star Movement,Five Star Movement,0,230580,0,230580,0,115291,0,first,,,Free and Equal,Free and Equal,6692,Italy,IT-PROV-064,official,Ministry-format municipality party-list rows preserved by the OnData mirror and aggregated to province. Compatible local turnout metadata is unavailable. Aosta Valley's separate direct seat and overseas constituencies are excluded.,0
Avellino,https://github.com/ondata/elezionipolitiche2018,,Five Star Movement,Five Star Movement,0,230580,0,230580,0,115291,0,first,,,Us with Italy–UDC,Us with Italy–UDC,4712,Italy,IT-PROV-064,official,Ministry-format municipality party-list rows preserved by the OnData mirror and aggregated to province. Compatible local turnout metadata is unavailable. Aosta Valley's separate direct seat and overseas constituencies are excluded.,0
Avellino,https://github.com/ondata/elezionipolitiche2018,,Five Star Movement,Five Star Movement,0,230580,0,230580,0,115291,0,first,,,Italia Europa Insieme,Italia Europa Insieme,4097,Italy,IT-PROV-064,official,Ministry-format municipality party-list rows preserved by the OnData mirror and aggregated to province. Compatible local turnout metadata is unavailable. Aosta Valley's separate direct seat and overseas constituencies are excluded.,0
Avellino,https://github.com/ondata/elezionipolitiche2018,,Five Star Movement,Five Star Movement,0,230580,0,230580,0,115291,0,first,,,Power to the People,Power to the People,3732,Italy,IT-PROV-064,official,Ministry-format municipality party-list rows preserved by the OnData mirror and aggregated to province. Compatible local turnout metadata is unavailable. Aosta Valley's separate direct seat and overseas constituencies are excluded.,0
Avellino,https://github.com/ondata/elezionipolitiche2018,,Five Star Movement,Five Star Movement,0,230580,0,230580,0,115291,0,first,,,More Europe,More Europe,2870,Italy,IT-PROV-064,official,Ministry-format municipality party-list rows preserved by the OnData mirror and aggregated to province. Compatible local turnout metadata is unavailable. Aosta Valley's separate direct seat and overseas constituencies are excluded.,0
Avellino,https://github.com/ondata/elezionipolitiche2018,,Five Star Movement,Five Star Movement,0,230580,0,230580,0,115291,0,first,,,Casapound Italia,Casapound Italia,1313,Italy,IT-PROV-064,official,Ministry-format municipality party-list rows preserved by the OnData mirror and aggregated to province. Compatible local turnout metadata is unavailable. Aosta Valley's separate direct seat and overseas constituencies are excluded.,0
Avellino,https://github.com/ondata/elezionipolitiche2018,,Five Star Movement,Five Star Movement,0,230580,0,230580,0,115291,0,first,,,Italia Agli Italiani,Italia Agli Italiani,1119,Italy,IT-PROV-064,official,Ministry-format municipality party-list rows preserved by the OnData mirror and aggregated to province. Compatible local turnout metadata is unavailable. Aosta Valley's separate direct seat and overseas constituencies are excluded.,0
Avellino,https://github.com/ondata/elezionipolitiche2018,,Five Star Movement,Five Star Movement,0,230580,0,230580,0,115291,0,first,,,Partito Comunista,Partito Comunista,857,Italy,IT-PROV-064,official,Ministry-format municipality party-list rows preserved by the OnData mirror and aggregated to province. Compatible local turnout metadata is unavailable. Aosta Valley's separate direct seat and overseas constituencies are excluded.,0
Avellino,https://github.com/ondata/elezionipolitiche2018,,Five Star Movement,Five Star Movement,0,230580,0,230580,0,115291,0,first,,,Il Popolo Della Famiglia,Il Popolo Della Famiglia,771,Italy,IT-PROV-064,official,Ministry-format municipality party-list rows preserved by the OnData mirror and aggregated to province. Compatible local turnout metadata is unavailable. Aosta Valley's separate direct seat and overseas constituencies are excluded.,0
Avellino,https://github.com/ondata/elezionipolitiche2018,,Five Star Movement,Five Star Movement,0,230580,0,230580,0,115291,0,first,,,Partito Valore Umano,Partito Valore Umano,654,Italy,IT-PROV-064,official,Ministry-format municipality party-list rows preserved by the OnData mirror and aggregated to province. Compatible local turnout metadata is unavailable. Aosta Valley's separate direct seat and overseas constituencies are excluded.,0
Avellino,https://github.com/ondata/elezionipolitiche2018,,Five Star Movement,Five Star Movement,0,230580,0,230580,0,115291,0,first,,,10 Volte Meglio,10 Volte Meglio,253,Italy,IT-PROV-064,official,Ministry-format municipality party-list rows preserved by the OnData mirror and aggregated to province. Compatible local turnout metadata is unavailable. Aosta Valley's separate direct seat and overseas constituencies are excluded.,0
Avellino,https://github.com/ondata/elezionipolitiche2018,,Five Star Movement,Five Star Movement,0,230580,0,230580,0,115291,0,first,,,Lista Del Popolo Per La Costituzione,Lista Del Popolo Per La Costituzione,219,Italy,IT-PROV-064,official,Ministry-format municipality party-list rows preserved by the OnData mirror and aggregated to province. Compatible local turnout metadata is unavailable. Aosta Valley's separate direct seat and overseas constituencies are excluded.,0
Salerno,https://github.com/ondata/elezionipolitiche2018,,Five Star Movement,Five Star Movement,0,567379,0,567379,0,283690,0,first,,,Five Star Movement,Five Star Movement,227924,Italy,IT-PROV-065,official,Ministry-format municipality party-list rows preserved by the OnData mirror and aggregated to province. Compatible local turnout metadata is unavailable. Aosta Valley's separate direct seat and overseas constituencies are excluded.,0
Salerno,https://github.com/ondata/elezionipolitiche2018,,Five Star Movement,Five Star Movement,0,567379,0,567379,0,283690,0,first,,,Forza Italia,Forza Italia,111042,Italy,IT-PROV-065,official,Ministry-format municipality party-list rows preserved by the OnData mirror and aggregated to province. Compatible local turnout metadata is unavailable. Aosta Valley's separate direct seat and overseas constituencies are excluded.,0
Salerno,https://github.com/ondata/elezionipolitiche2018,,Five Star Movement,Five Star Movement,0,567379,0,567379,0,283690,0,first,,,Democratic Party,Democratic Party,84222,Italy,IT-PROV-065,official,Ministry-format municipality party-list rows preserved by the OnData mirror and aggregated to province. Compatible local turnout metadata is unavailable. Aosta Valley's separate direct seat and overseas constituencies are excluded.,0
Salerno,https://github.com/ondata/elezionipolitiche2018,,Five Star Movement,Five Star Movement,0,567379,0,567379,0,283690,0,first,,,Lega,Lega,33581,Italy,IT-PROV-065,official,Ministry-format municipality party-list rows preserved by the OnData mirror and aggregated to province. Compatible local turnout metadata is unavailable. Aosta Valley's separate direct seat and overseas constituencies are excluded.,0
Salerno,https://github.com/ondata/elezionipolitiche2018,,Five Star Movement,Five Star Movement,0,567379,0,567379,0,283690,0,first,,,Brothers of Italy,Brothers of Italy,30520,Italy,IT-PROV-065,official,Ministry-format municipality party-list rows preserved by the OnData mirror and aggregated to province. Compatible local turnout metadata is unavailable. Aosta Valley's separate direct seat and overseas constituencies are excluded.,0
Salerno,https://github.com/ondata/elezionipolitiche2018,,Five Star Movement,Five Star Movement,0,567379,0,567379,0,283690,0,first,,,Free and Equal,Free and Equal,18922,Italy,IT-PROV-065,official,Ministry-format municipality party-list rows preserved by the OnData mirror and aggregated to province. Compatible local turnout metadata is unavailable. Aosta Valley's separate direct seat and overseas constituencies are excluded.,0
Salerno,https://github.com/ondata/elezionipolitiche2018,,Five Star Movement,Five Star Movement,0,567379,0,567379,0,283690,0,first,,,Us with Italy–UDC,Us with Italy–UDC,16666,Italy,IT-PROV-065,official,Ministry-format municipality party-list rows preserved by the OnData mirror and aggregated to province. Compatible local turnout metadata is unavailable. Aosta Valley's separate direct seat and overseas constituencies are excluded.,0
Salerno,https://github.com/ondata/elezionipolitiche2018,,Five Star Movement,Five Star Movement,0,567379,0,567379,0,283690,0,first,,,More Europe,More Europe,9360,Italy,IT-PROV-065,official,Ministry-format municipality party-list rows preserved by the OnData mirror and aggregated to province. Compatible local turnout metadata is unavailable. Aosta Valley's separate direct seat and overseas constituencies are excluded.,0
Salerno,https://github.com/ondata/elezionipolitiche2018,,Five Star Movement,Five Star Movement,0,567379,0,567379,0,283690,0,first,,,Italia Europa Insieme,Italia Europa Insieme,7173,Italy,IT-PROV-065,official,Ministry-format municipality party-list rows preserved by the OnData mirror and aggregated to province. Compatible local turnout metadata is unavailable. Aosta Valley's separate direct seat and overseas constituencies are excluded.,0
Salerno,https://github.com/ondata/elezionipolitiche2018,,Five Star Movement,Five Star Movement,0,567379,0,567379,0,283690,0,first,,,Civica Popolare Lorenzin,Civica Popolare Lorenzin,7008,Italy,IT-PROV-065,official,Ministry-format municipality party-list rows preserved by the OnData mirror and aggregated to province. Compatible local turnout metadata is unavailable. Aosta Valley's separate direct seat and overseas constituencies are excluded.,0
Salerno,https://github.com/ondata/elezionipolitiche2018,,Five Star Movement,Five Star Movement,0,567379,0,567379,0,283690,0,first,,,Power to the People,Power to the People,6777,Italy,IT-PROV-065,official,Ministry-format municipality party-list rows preserved by the OnData mirror and aggregated to province. Compatible local turnout metadata is unavailable. Aosta Valley's separate direct seat and overseas constituencies are excluded.,0
Salerno,https://github.com/ondata/elezionipolitiche2018,,Five Star Movement,Five Star Movement,0,567379,0,567379,0,283690,0,first,,,Il Popolo Della Famiglia,Il Popolo Della Famiglia,4044,Italy,IT-PROV-065,official,Ministry-format municipality party-list rows preserved by the OnData mirror and aggregated to province. Compatible local turnout metadata is unavailable. Aosta Valley's separate direct seat and overseas constituencies are excluded.,0
Salerno,https://github.com/ondata/elezionipolitiche2018,,Five Star Movement,Five Star Movement,0,567379,0,567379,0,283690,0,first,,,Italia Agli Italiani,Italia Agli Italiani,3414,Italy,IT-PROV-065,official,Ministry-format municipality party-list rows preserved by the OnData mirror and aggregated to province. Compatible local turnout metadata is unavailable. Aosta Valley's separate direct seat and overseas constituencies are excluded.,0
Salerno,https://github.com/ondata/elezionipolitiche2018,,Five Star Movement,Five Star Movement,0,567379,0,567379,0,283690,0,first,,,Casapound Italia,Casapound Italia,2843,Italy,IT-PROV-065,official,Ministry-format municipality party-list rows preserved by the OnData mirror and aggregated to province. Compatible local turnout metadata is unavailable. Aosta Valley's separate direct seat and overseas constituencies are excluded.,0
Salerno,https://github.com/ondata/elezionipolitiche2018,,Five Star Movement,Five Star Movement,0,567379,0,567379,0,283690,0,first,,,Partito Comunista,Partito Comunista,1794,Italy,IT-PROV-065,official,Ministry-format municipality party-list rows preserved by the OnData mirror and aggregated to province. Compatible local turnout metadata is unavailable. Aosta Valley's separate direct seat and overseas constituencies are excluded.,0
Salerno,https://github.com/ondata/elezionipolitiche2018,,Five Star Movement,Five Star Movement,0,567379,0,567379,0,283690,0,first,,,Partito Valore Umano,Partito Valore Umano,883,Italy,IT-PROV-065,official,Ministry-format municipality party-list rows preserved by the OnData mirror and aggregated to province. Compatible local turnout metadata is unavailable. Aosta Valley's separate direct seat and overseas constituencies are excluded.,0
Salerno,https://github.com/ondata/elezionipolitiche2018,,Five Star Movement,Five Star Movement,0,567379,0,567379,0,283690,0,first,,,Per Una Sinistra Rivoluzionaria,Per Una Sinistra Rivoluzionaria,662,Italy,IT-PROV-065,official,Ministry-format municipality party-list rows preserved by the OnData mirror and aggregated to province. Compatible local turnout metadata is unavailable. Aosta Valley's separate direct seat and overseas constituencies are excluded.,0
Salerno,https://github.com/ondata/elezionipolitiche2018,,Five Star Movement,Five Star Movement,0,567379,0,567379,0,283690,0,first,,,10 Volte Meglio,10 Volte Meglio,539,Italy,IT-PROV-065,official,Ministry-format municipality party-list rows preserved by the OnData mirror and aggregated to province. Compatible local turnout metadata is unavailable. Aosta Valley's separate direct seat and overseas constituencies are excluded.,0
Salerno,https://github.com/ondata/elezionipolitiche2018,,Five Star Movement,Five Star Movement,0,567379,0,567379,0,283690,0,first,,,Lista Del Popolo Per La Costituzione,Lista Del Popolo Per La Costituzione,5,Italy,IT-PROV-065,official,Ministry-format municipality party-list rows preserved by the OnData mirror and aggregated to province. Compatible local turnout metadata is unavailable. Aosta Valley's separate direct seat and overseas constituencies are excluded.,0
L'Aquila,https://github.com/ondata/elezionipolitiche2018,,Five Star Movement,Five Star Movement,0,164043,0,164043,0,82022,0,first,,,Five Star Movement,Five Star Movement,55174,Italy,IT-PROV-066,official,Ministry-format municipality party-list rows preserved by the OnData mirror and aggregated to province. Compatible local turnout metadata is unavailable. Aosta Valley's separate direct seat and overseas constituencies are excluded.,0
L'Aquila,https://github.com/ondata/elezionipolitiche2018,,Five Star Movement,Five Star Movement,0,164043,0,164043,0,82022,0,first,,,Lega,Lega,28586,Italy,IT-PROV-066,official,Ministry-format municipality party-list rows preserved by the OnData mirror and aggregated to province. Compatible local turnout metadata is unavailable. Aosta Valley's separate direct seat and overseas constituencies are excluded.,0
L'Aquila,https://github.com/ondata/elezionipolitiche2018,,Five Star Movement,Five Star Movement,0,164043,0,164043,0,82022,0,first,,,Forza Italia,Forza Italia,28236,Italy,IT-PROV-066,official,Ministry-format municipality party-list rows preserved by the OnData mirror and aggregated to province. Compatible local turnout metadata is unavailable. Aosta Valley's separate direct seat and overseas constituencies are excluded.,0
L'Aquila,https://github.com/ondata/elezionipolitiche2018,,Five Star Movement,Five Star Movement,0,164043,0,164043,0,82022,0,first,,,Democratic Party,Democratic Party,21686,Italy,IT-PROV-066,official,Ministry-format municipality party-list rows preserved by the OnData mirror and aggregated to province. Compatible local turnout metadata is unavailable. Aosta Valley's separate direct seat and overseas constituencies are excluded.,0
L'Aquila,https://github.com/ondata/elezionipolitiche2018,,Five Star Movement,Five Star Movement,0,164043,0,164043,0,82022,0,first,,,Brothers of Italy,Brothers of Italy,9479,Italy,IT-PROV-066,official,Ministry-format municipality party-list rows preserved by the OnData mirror and aggregated to province. Compatible local turnout metadata is unavailable. Aosta Valley's separate direct seat and overseas constituencies are excluded.,0
L'Aquila,https://github.com/ondata/elezionipolitiche2018,,Five Star Movement,Five Star Movement,0,164043,0,164043,0,82022,0,first,,,More Europe,More Europe,5110,Italy,IT-PROV-066,official,Ministry-format municipality party-list rows preserved by the OnData mirror and aggregated to province. Compatible local turnout metadata is unavailable. Aosta Valley's separate direct seat and overseas constituencies are excluded.,0
L'Aquila,https://github.com/ondata/elezionipolitiche2018,,Five Star Movement,Five Star Movement,0,164043,0,164043,0,82022,0,first,,,Free and Equal,Free and Equal,4353,Italy,IT-PROV-066,official,Ministry-format municipality party-list rows preserved by the OnData mirror and aggregated to province. Compatible local turnout metadata is unavailable. Aosta Valley's separate direct seat and overseas constituencies are excluded.,0
L'Aquila,https://github.com/ondata/elezionipolitiche2018,,Five Star Movement,Five Star Movement,0,164043,0,164043,0,82022,0,first,,,Us with Italy–UDC,Us with Italy–UDC,2838,Italy,IT-PROV-066,official,Ministry-format municipality party-list rows preserved by the OnData mirror and aggregated to province. Compatible local turnout metadata is unavailable. Aosta Valley's separate direct seat and overseas constituencies are excluded.,0
L'Aquila,https://github.com/ondata/elezionipolitiche2018,,Five Star Movement,Five Star Movement,0,164043,0,164043,0,82022,0,first,,,Power to the People,Power to the People,2044,Italy,IT-PROV-066,official,Ministry-format municipality party-list rows preserved by the OnData mirror and aggregated to province. Compatible local turnout metadata is unavailable. Aosta Valley's separate direct seat and overseas constituencies are excluded.,0
L'Aquila,https://github.com/ondata/elezionipolitiche2018,,Five Star Movement,Five Star Movement,0,164043,0,164043,0,82022,0,first,,,Casapound Italia,Casapound Italia,2042,Italy,IT-PROV-066,official,Ministry-format municipality party-list rows preserved by the OnData mirror and aggregated to province. Compatible local turnout metadata is unavailable. Aosta Valley's separate direct seat and overseas constituencies are excluded.,0
L'Aquila,https://github.com/ondata/elezionipolitiche2018,,Five Star Movement,Five Star Movement,0,164043,0,164043,0,82022,0,first,,,Italia Europa Insieme,Italia Europa Insieme,1288,Italy,IT-PROV-066,official,Ministry-format municipality party-list rows preserved by the OnData mirror and aggregated to province. Compatible local turnout metadata is unavailable. Aosta Valley's separate direct seat and overseas constituencies are excluded.,0
L'Aquila,https://github.com/ondata/elezionipolitiche2018,,Five Star Movement,Five Star Movement,0,164043,0,164043,0,82022,0,first,,,Civica Popolare Lorenzin,Civica Popolare Lorenzin,898,Italy,IT-PROV-066,official,Ministry-format municipality party-list rows preserved by the OnData mirror and aggregated to province. Compatible local turnout metadata is unavailable. Aosta Valley's separate direct seat and overseas constituencies are excluded.,0
L'Aquila,https://github.com/ondata/elezionipolitiche2018,,Five Star Movement,Five Star Movement,0,164043,0,164043,0,82022,0,first,,,Partito Comunista,Partito Comunista,799,Italy,IT-PROV-066,official,Ministry-format municipality party-list rows preserved by the OnData mirror and aggregated to province. Compatible local turnout metadata is unavailable. Aosta Valley's separate direct seat and overseas constituencies are excluded.,0
L'Aquila,https://github.com/ondata/elezionipolitiche2018,,Five Star Movement,Five Star Movement,0,164043,0,164043,0,82022,0,first,,,Italia Agli Italiani,Italia Agli Italiani,714,Italy,IT-PROV-066,official,Ministry-format municipality party-list rows preserved by the OnData mirror and aggregated to province. Compatible local turnout metadata is unavailable. Aosta Valley's separate direct seat and overseas constituencies are excluded.,0
L'Aquila,https://github.com/ondata/elezionipolitiche2018,,Five Star Movement,Five Star Movement,0,164043,0,164043,0,82022,0,first,,,Il Popolo Della Famiglia,Il Popolo Della Famiglia,390,Italy,IT-PROV-066,official,Ministry-format municipality party-list rows preserved by the OnData mirror and aggregated to province. Compatible local turnout metadata is unavailable. Aosta Valley's separate direct seat and overseas constituencies are excluded.,0
L'Aquila,https://github.com/ondata/elezionipolitiche2018,,Five Star Movement,Five Star Movement,0,164043,0,164043,0,82022,0,first,,,10 Volte Meglio,10 Volte Meglio,277,Italy,IT-PROV-066,official,Ministry-format municipality party-list rows preserved by the OnData mirror and aggregated to province. Compatible local turnout metadata is unavailable. Aosta Valley's separate direct seat and overseas constituencies are excluded.,0
L'Aquila,https://github.com/ondata/elezionipolitiche2018,,Five Star Movement,Five Star Movement,0,164043,0,164043,0,82022,0,first,,,Partito Valore Umano,Partito Valore Umano,129,Italy,IT-PROV-066,official,Ministry-format municipality party-list rows preserved by the OnData mirror and aggregated to province. Compatible local turnout metadata is unavailable. Aosta Valley's separate direct seat and overseas constituencies are excluded.,0
Teramo,https://github.com/ondata/elezionipolitiche2018,,Five Star Movement,Five Star Movement,0,170048,0,170048,0,85025,0,first,,,Five Star Movement,Five Star Movement,68990,Italy,IT-PROV-067,official,Ministry-format municipality party-list rows preserved by the OnData mirror and aggregated to province. Compatible local turnout metadata is unavailable. Aosta Valley's separate direct seat and overseas constituencies are excluded.,0
Teramo,https://github.com/ondata/elezionipolitiche2018,,Five Star Movement,Five Star Movement,0,170048,0,170048,0,85025,0,first,,,Democratic Party,Democratic Party,25133,Italy,IT-PROV-067,official,Ministry-format municipality party-list rows preserved by the OnData mirror and aggregated to province. Compatible local turnout metadata is unavailable. Aosta Valley's separate direct seat and overseas constituencies are excluded.,0
Teramo,https://github.com/ondata/elezionipolitiche2018,,Five Star Movement,Five Star Movement,0,170048,0,170048,0,85025,0,first,,,Lega,Lega,24215,Italy,IT-PROV-067,official,Ministry-format municipality party-list rows preserved by the OnData mirror and aggregated to province. Compatible local turnout metadata is unavailable. Aosta Valley's separate direct seat and overseas constituencies are excluded.,0
Teramo,https://github.com/ondata/elezionipolitiche2018,,Five Star Movement,Five Star Movement,0,170048,0,170048,0,85025,0,first,,,Forza Italia,Forza Italia,21306,Italy,IT-PROV-067,official,Ministry-format municipality party-list rows preserved by the OnData mirror and aggregated to province. Compatible local turnout metadata is unavailable. Aosta Valley's separate direct seat and overseas constituencies are excluded.,0
Teramo,https://github.com/ondata/elezionipolitiche2018,,Five Star Movement,Five Star Movement,0,170048,0,170048,0,85025,0,first,,,Brothers of Italy,Brothers of Italy,8273,Italy,IT-PROV-067,official,Ministry-format municipality party-list rows preserved by the OnData mirror and aggregated to province. Compatible local turnout metadata is unavailable. Aosta Valley's separate direct seat and overseas constituencies are excluded.,0
Teramo,https://github.com/ondata/elezionipolitiche2018,,Five Star Movement,Five Star Movement,0,170048,0,170048,0,85025,0,first,,,Us with Italy–UDC,Us with Italy–UDC,5779,Italy,IT-PROV-067,official,Ministry-format municipality party-list rows preserved by the OnData mirror and aggregated to province. Compatible local turnout metadata is unavailable. Aosta Valley's separate direct seat and overseas constituencies are excluded.,0
Teramo,https://github.com/ondata/elezionipolitiche2018,,Five Star Movement,Five Star Movement,0,170048,0,170048,0,85025,0,first,,,Free and Equal,Free and Equal,4127,Italy,IT-PROV-067,official,Ministry-format municipality party-list rows preserved by the OnData mirror and aggregated to province. Compatible local turnout metadata is unavailable. Aosta Valley's separate direct seat and overseas constituencies are excluded.,0
Teramo,https://github.com/ondata/elezionipolitiche2018,,Five Star Movement,Five Star Movement,0,170048,0,170048,0,85025,0,first,,,More Europe,More Europe,2120,Italy,IT-PROV-067,official,Ministry-format municipality party-list rows preserved by the OnData mirror and aggregated to province. Compatible local turnout metadata is unavailable. Aosta Valley's separate direct seat and overseas constituencies are excluded.,0
Teramo,https://github.com/ondata/elezionipolitiche2018,,Five Star Movement,Five Star Movement,0,170048,0,170048,0,85025,0,first,,,Civica Popolare Lorenzin,Civica Popolare Lorenzin,2116,Italy,IT-PROV-067,official,Ministry-format municipality party-list rows preserved by the OnData mirror and aggregated to province. Compatible local turnout metadata is unavailable. Aosta Valley's separate direct seat and overseas constituencies are excluded.,0
Teramo,https://github.com/ondata/elezionipolitiche2018,,Five Star Movement,Five Star Movement,0,170048,0,170048,0,85025,0,first,,,Power to the People,Power to the People,1776,Italy,IT-PROV-067,official,Ministry-format municipality party-list rows preserved by the OnData mirror and aggregated to province. Compatible local turnout metadata is unavailable. Aosta Valley's separate direct seat and overseas constituencies are excluded.,0
Teramo,https://github.com/ondata/elezionipolitiche2018,,Five Star Movement,Five Star Movement,0,170048,0,170048,0,85025,0,first,,,Il Popolo Della Famiglia,Il Popolo Della Famiglia,1601,Italy,IT-PROV-067,official,Ministry-format municipality party-list rows preserved by the OnData mirror and aggregated to province. Compatible local turnout metadata is unavailable. Aosta Valley's separate direct seat and overseas constituencies are excluded.,0
Teramo,https://github.com/ondata/elezionipolitiche2018,,Five Star Movement,Five Star Movement,0,170048,0,170048,0,85025,0,first,,,Casapound Italia,Casapound Italia,1444,Italy,IT-PROV-067,official,Ministry-format municipality party-list rows preserved by the OnData mirror and aggregated to province. Compatible local turnout metadata is unavailable. Aosta Valley's separate direct seat and overseas constituencies are excluded.,0
Teramo,https://github.com/ondata/elezionipolitiche2018,,Five Star Movement,Five Star Movement,0,170048,0,170048,0,85025,0,first,,,Partito Comunista,Partito Comunista,1189,Italy,IT-PROV-067,official,Ministry-format municipality party-list rows preserved by the OnData mirror and aggregated to province. Compatible local turnout metadata is unavailable. Aosta Valley's separate direct seat and overseas constituencies are excluded.,0
Teramo,https://github.com/ondata/elezionipolitiche2018,,Five Star Movement,Five Star Movement,0,170048,0,170048,0,85025,0,first,,,Italia Agli Italiani,Italia Agli Italiani,740,Italy,IT-PROV-067,official,Ministry-format municipality party-list rows preserved by the OnData mirror and aggregated to province. Compatible local turnout metadata is unavailable. Aosta Valley's separate direct seat and overseas constituencies are excluded.,0
Teramo,https://github.com/ondata/elezionipolitiche2018,,Five Star Movement,Five Star Movement,0,170048,0,170048,0,85025,0,first,,,Italia Europa Insieme,Italia Europa Insieme,661,Italy,IT-PROV-067,official,Ministry-format municipality party-list rows preserved by the OnData mirror and aggregated to province. Compatible local turnout metadata is unavailable. Aosta Valley's separate direct seat and overseas constituencies are excluded.,0
Teramo,https://github.com/ondata/elezionipolitiche2018,,Five Star Movement,Five Star Movement,0,170048,0,170048,0,85025,0,first,,,Partito Valore Umano,Partito Valore Umano,358,Italy,IT-PROV-067,official,Ministry-format municipality party-list rows preserved by the OnData mirror and aggregated to province. Compatible local turnout metadata is unavailable. Aosta Valley's separate direct seat and overseas constituencies are excluded.,0
Teramo,https://github.com/ondata/elezionipolitiche2018,,Five Star Movement,Five Star Movement,0,170048,0,170048,0,85025,0,first,,,10 Volte Meglio,10 Volte Meglio,220,Italy,IT-PROV-067,official,Ministry-format municipality party-list rows preserved by the OnData mirror and aggregated to province. Compatible local turnout metadata is unavailable. Aosta Valley's separate direct seat and overseas constituencies are excluded.,0
Pescara,https://github.com/ondata/elezionipolitiche2018,,Five Star Movement,Five Star Movement,0,179154,0,179154,0,89578,0,first,,,Five Star Movement,Five Star Movement,74186,Italy,IT-PROV-068,official,Ministry-format municipality party-list rows preserved by the OnData mirror and aggregated to province. Compatible local turnout metadata is unavailable. Aosta Valley's separate direct seat and overseas constituencies are excluded.,0
Pescara,https://github.com/ondata/elezionipolitiche2018,,Five Star Movement,Five Star Movement,0,179154,0,179154,0,89578,0,first,,,Democratic Party,Democratic Party,25647,Italy,IT-PROV-068,official,Ministry-format municipality party-list rows preserved by the OnData mirror and aggregated to province. Compatible local turnout metadata is unavailable. Aosta Valley's separate direct seat and overseas constituencies are excluded.,0
Pescara,https://github.com/ondata/elezionipolitiche2018,,Five Star Movement,Five Star Movement,0,179154,0,179154,0,89578,0,first,,,Forza Italia,Forza Italia,25605,Italy,IT-PROV-068,official,Ministry-format municipality party-list rows preserved by the OnData mirror and aggregated to province. Compatible local turnout metadata is unavailable. Aosta Valley's separate direct seat and overseas constituencies are excluded.,0
Pescara,https://github.com/ondata/elezionipolitiche2018,,Five Star Movement,Five Star Movement,0,179154,0,179154,0,89578,0,first,,,Lega,Lega,24282,Italy,IT-PROV-068,official,Ministry-format municipality party-list rows preserved by the OnData mirror and aggregated to province. Compatible local turnout metadata is unavailable. Aosta Valley's separate direct seat and overseas constituencies are excluded.,0
Pescara,https://github.com/ondata/elezionipolitiche2018,,Five Star Movement,Five Star Movement,0,179154,0,179154,0,89578,0,first,,,Brothers of Italy,Brothers of Italy,9010,Italy,IT-PROV-068,official,Ministry-format municipality party-list rows preserved by the OnData mirror and aggregated to province. Compatible local turnout metadata is unavailable. Aosta Valley's separate direct seat and overseas constituencies are excluded.,0
Pescara,https://github.com/ondata/elezionipolitiche2018,,Five Star Movement,Five Star Movement,0,179154,0,179154,0,89578,0,first,,,Free and Equal,Free and Equal,4671,Italy,IT-PROV-068,official,Ministry-format municipality party-list rows preserved by the OnData mirror and aggregated to province. Compatible local turnout metadata is unavailable. Aosta Valley's separate direct seat and overseas constituencies are excluded.,0
Pescara,https://github.com/ondata/elezionipolitiche2018,,Five Star Movement,Five Star Movement,0,179154,0,179154,0,89578,0,first,,,More Europe,More Europe,3420,Italy,IT-PROV-068,official,Ministry-format municipality party-list rows preserved by the OnData mirror and aggregated to province. Compatible local turnout metadata is unavailable. Aosta Valley's separate direct seat and overseas constituencies are excluded.,0
Pescara,https://github.com/ondata/elezionipolitiche2018,,Five Star Movement,Five Star Movement,0,179154,0,179154,0,89578,0,first,,,Power to the People,Power to the People,2894,Italy,IT-PROV-068,official,Ministry-format municipality party-list rows preserved by the OnData mirror and aggregated to province. Compatible local turnout metadata is unavailable. Aosta Valley's separate direct seat and overseas constituencies are excluded.,0
Pescara,https://github.com/ondata/elezionipolitiche2018,,Five Star Movement,Five Star Movement,0,179154,0,179154,0,89578,0,first,,,Casapound Italia,Casapound Italia,1694,Italy,IT-PROV-068,official,Ministry-format municipality party-list rows preserved by the OnData mirror and aggregated to province. Compatible local turnout metadata is unavailable. Aosta Valley's separate direct seat and overseas constituencies are excluded.,0
Pescara,https://github.com/ondata/elezionipolitiche2018,,Five Star Movement,Five Star Movement,0,179154,0,179154,0,89578,0,first,,,Civica Popolare Lorenzin,Civica Popolare Lorenzin,1681,Italy,IT-PROV-068,official,Ministry-format municipality party-list rows preserved by the OnData mirror and aggregated to province. Compatible local turnout metadata is unavailable. Aosta Valley's separate direct seat and overseas constituencies are excluded.,0
Pescara,https://github.com/ondata/elezionipolitiche2018,,Five Star Movement,Five Star Movement,0,179154,0,179154,0,89578,0,first,,,Il Popolo Della Famiglia,Il Popolo Della Famiglia,1486,Italy,IT-PROV-068,official,Ministry-format municipality party-list rows preserved by the OnData mirror and aggregated to province. Compatible local turnout metadata is unavailable. Aosta Valley's separate direct seat and overseas constituencies are excluded.,0
Pescara,https://github.com/ondata/elezionipolitiche2018,,Five Star Movement,Five Star Movement,0,179154,0,179154,0,89578,0,first,,,Us with Italy–UDC,Us with Italy–UDC,1402,Italy,IT-PROV-068,official,Ministry-format municipality party-list rows preserved by the OnData mirror and aggregated to province. Compatible local turnout metadata is unavailable. Aosta Valley's separate direct seat and overseas constituencies are excluded.,0
Pescara,https://github.com/ondata/elezionipolitiche2018,,Five Star Movement,Five Star Movement,0,179154,0,179154,0,89578,0,first,,,Partito Comunista,Partito Comunista,1058,Italy,IT-PROV-068,official,Ministry-format municipality party-list rows preserved by the OnData mirror and aggregated to province. Compatible local turnout metadata is unavailable. Aosta Valley's separate direct seat and overseas constituencies are excluded.,0
Pescara,https://github.com/ondata/elezionipolitiche2018,,Five Star Movement,Five Star Movement,0,179154,0,179154,0,89578,0,first,,,Italia Agli Italiani,Italia Agli Italiani,748,Italy,IT-PROV-068,official,Ministry-format municipality party-list rows preserved by the OnData mirror and aggregated to province. Compatible local turnout metadata is unavailable. Aosta Valley's separate direct seat and overseas constituencies are excluded.,0
Pescara,https://github.com/ondata/elezionipolitiche2018,,Five Star Movement,Five Star Movement,0,179154,0,179154,0,89578,0,first,,,Italia Europa Insieme,Italia Europa Insieme,652,Italy,IT-PROV-068,official,Ministry-format municipality party-list rows preserved by the OnData mirror and aggregated to province. Compatible local turnout metadata is unavailable. Aosta Valley's separate direct seat and overseas constituencies are excluded.,0
Pescara,https://github.com/ondata/elezionipolitiche2018,,Five Star Movement,Five Star Movement,0,179154,0,179154,0,89578,0,first,,,10 Volte Meglio,10 Volte Meglio,385,Italy,IT-PROV-068,official,Ministry-format municipality party-list rows preserved by the OnData mirror and aggregated to province. Compatible local turnout metadata is unavailable. Aosta Valley's separate direct seat and overseas constituencies are excluded.,0
Pescara,https://github.com/ondata/elezionipolitiche2018,,Five Star Movement,Five Star Movement,0,179154,0,179154,0,89578,0,first,,,Partito Valore Umano,Partito Valore Umano,333,Italy,IT-PROV-068,official,Ministry-format municipality party-list rows preserved by the OnData mirror and aggregated to province. Compatible local turnout metadata is unavailable. Aosta Valley's separate direct seat and overseas constituencies are excluded.,0
Chieti,https://github.com/ondata/elezionipolitiche2018,,Five Star Movement,Five Star Movement,0,215994,0,215994,0,107998,0,first,,,Five Star Movement,Five Star Movement,90484,Italy,IT-PROV-069,official,Ministry-format municipality party-list rows preserved by the OnData mirror and aggregated to province. Compatible local turnout metadata is unavailable. Aosta Valley's separate direct seat and overseas constituencies are excluded.,0
Chieti,https://github.com/ondata/elezionipolitiche2018,,Five Star Movement,Five Star Movement,0,215994,0,215994,0,107998,0,first,,,Forza Italia,Forza Italia,31819,Italy,IT-PROV-069,official,Ministry-format municipality party-list rows preserved by the OnData mirror and aggregated to province. Compatible local turnout metadata is unavailable. Aosta Valley's separate direct seat and overseas constituencies are excluded.,0
Chieti,https://github.com/ondata/elezionipolitiche2018,,Five Star Movement,Five Star Movement,0,215994,0,215994,0,107998,0,first,,,Democratic Party,Democratic Party,27247,Italy,IT-PROV-069,official,Ministry-format municipality party-list rows preserved by the OnData mirror and aggregated to province. Compatible local turnout metadata is unavailable. Aosta Valley's separate direct seat and overseas constituencies are excluded.,0
Chieti,https://github.com/ondata/elezionipolitiche2018,,Five Star Movement,Five Star Movement,0,215994,0,215994,0,107998,0,first,,,Lega,Lega,25200,Italy,IT-PROV-069,official,Ministry-format municipality party-list rows preserved by the OnData mirror and aggregated to province. Compatible local turnout metadata is unavailable. Aosta Valley's separate direct seat and overseas constituencies are excluded.,0
Chieti,https://github.com/ondata/elezionipolitiche2018,,Five Star Movement,Five Star Movement,0,215994,0,215994,0,107998,0,first,,,Brothers of Italy,Brothers of Italy,10525,Italy,IT-PROV-069,official,Ministry-format municipality party-list rows preserved by the OnData mirror and aggregated to province. Compatible local turnout metadata is unavailable. Aosta Valley's separate direct seat and overseas constituencies are excluded.,0
Chieti,https://github.com/ondata/elezionipolitiche2018,,Five Star Movement,Five Star Movement,0,215994,0,215994,0,107998,0,first,,,Us with Italy–UDC,Us with Italy–UDC,6730,Italy,IT-PROV-069,official,Ministry-format municipality party-list rows preserved by the OnData mirror and aggregated to province. Compatible local turnout metadata is unavailable. Aosta Valley's separate direct seat and overseas constituencies are excluded.,0
Chieti,https://github.com/ondata/elezionipolitiche2018,,Five Star Movement,Five Star Movement,0,215994,0,215994,0,107998,0,first,,,Free and Equal,Free and Equal,5309,Italy,IT-PROV-069,official,Ministry-format municipality party-list rows preserved by the OnData mirror and aggregated to province. Compatible local turnout metadata is unavailable. Aosta Valley's separate direct seat and overseas constituencies are excluded.,0
Chieti,https://github.com/ondata/elezionipolitiche2018,,Five Star Movement,Five Star Movement,0,215994,0,215994,0,107998,0,first,,,Italia Europa Insieme,Italia Europa Insieme,4039,Italy,IT-PROV-069,official,Ministry-format municipality party-list rows preserved by the OnData mirror and aggregated to province. Compatible local turnout metadata is unavailable. Aosta Valley's separate direct seat and overseas constituencies are excluded.,0
Chieti,https://github.com/ondata/elezionipolitiche2018,,Five Star Movement,Five Star Movement,0,215994,0,215994,0,107998,0,first,,,More Europe,More Europe,3104,Italy,IT-PROV-069,official,Ministry-format municipality party-list rows preserved by the OnData mirror and aggregated to province. Compatible local turnout metadata is unavailable. Aosta Valley's separate direct seat and overseas constituencies are excluded.,0
Chieti,https://github.com/ondata/elezionipolitiche2018,,Five Star Movement,Five Star Movement,0,215994,0,215994,0,107998,0,first,,,Power to the People,Power to the People,2428,Italy,IT-PROV-069,official,Ministry-format municipality party-list rows preserved by the OnData mirror and aggregated to province. Compatible local turnout metadata is unavailable. Aosta Valley's separate direct seat and overseas constituencies are excluded.,0
Chieti,https://github.com/ondata/elezionipolitiche2018,,Five Star Movement,Five Star Movement,0,215994,0,215994,0,107998,0,first,,,Civica Popolare Lorenzin,Civica Popolare Lorenzin,2243,Italy,IT-PROV-069,official,Ministry-format municipality party-list rows preserved by the OnData mirror and aggregated to province. Compatible local turnout metadata is unavailable. Aosta Valley's separate direct seat and overseas constituencies are excluded.,0
Chieti,https://github.com/ondata/elezionipolitiche2018,,Five Star Movement,Five Star Movement,0,215994,0,215994,0,107998,0,first,,,Casapound Italia,Casapound Italia,2213,Italy,IT-PROV-069,official,Ministry-format municipality party-list rows preserved by the OnData mirror and aggregated to province. Compatible local turnout metadata is unavailable. Aosta Valley's separate direct seat and overseas constituencies are excluded.,0
Chieti,https://github.com/ondata/elezionipolitiche2018,,Five Star Movement,Five Star Movement,0,215994,0,215994,0,107998,0,first,,,Italia Agli Italiani,Italia Agli Italiani,1471,Italy,IT-PROV-069,official,Ministry-format municipality party-list rows preserved by the OnData mirror and aggregated to province. Compatible local turnout metadata is unavailable. Aosta Valley's separate direct seat and overseas constituencies are excluded.,0
Chieti,https://github.com/ondata/elezionipolitiche2018,,Five Star Movement,Five Star Movement,0,215994,0,215994,0,107998,0,first,,,Partito Comunista,Partito Comunista,1283,Italy,IT-PROV-069,official,Ministry-format municipality party-list rows preserved by the OnData mirror and aggregated to province. Compatible local turnout metadata is unavailable. Aosta Valley's separate direct seat and overseas constituencies are excluded.,0
Chieti,https://github.com/ondata/elezionipolitiche2018,,Five Star Movement,Five Star Movement,0,215994,0,215994,0,107998,0,first,,,Il Popolo Della Famiglia,Il Popolo Della Famiglia,1278,Italy,IT-PROV-069,official,Ministry-format municipality party-list rows preserved by the OnData mirror and aggregated to province. Compatible local turnout metadata is unavailable. Aosta Valley's separate direct seat and overseas constituencies are excluded.,0
Chieti,https://github.com/ondata/elezionipolitiche2018,,Five Star Movement,Five Star Movement,0,215994,0,215994,0,107998,0,first,,,Partito Valore Umano,Partito Valore Umano,317,Italy,IT-PROV-069,official,Ministry-format municipality party-list rows preserved by the OnData mirror and aggregated to province. Compatible local turnout metadata is unavailable. Aosta Valley's separate direct seat and overseas constituencies are excluded.,0
Chieti,https://github.com/ondata/elezionipolitiche2018,,Five Star Movement,Five Star Movement,0,215994,0,215994,0,107998,0,first,,,10 Volte Meglio,10 Volte Meglio,304,Italy,IT-PROV-069,official,Ministry-format municipality party-list rows preserved by the OnData mirror and aggregated to province. Compatible local turnout metadata is unavailable. Aosta Valley's separate direct seat and overseas constituencies are excluded.,0
Campobasso,https://github.com/ondata/elezionipolitiche2018,,Five Star Movement,Five Star Movement,0,118684,0,118684,0,59343,0,first,,,Five Star Movement,Five Star Movement,56510,Italy,IT-PROV-070,official,Ministry-format municipality party-list rows preserved by the OnData mirror and aggregated to province. Compatible local turnout metadata is unavailable. Aosta Valley's separate direct seat and overseas constituencies are excluded.,0
Campobasso,https://github.com/ondata/elezionipolitiche2018,,Five Star Movement,Five Star Movement,0,118684,0,118684,0,59343,0,first,,,Democratic Party,Democratic Party,17580,Italy,IT-PROV-070,official,Ministry-format municipality party-list rows preserved by the OnData mirror and aggregated to province. Compatible local turnout metadata is unavailable. Aosta Valley's separate direct seat and overseas constituencies are excluded.,0
Campobasso,https://github.com/ondata/elezionipolitiche2018,,Five Star Movement,Five Star Movement,0,118684,0,118684,0,59343,0,first,,,Forza Italia,Forza Italia,16931,Italy,IT-PROV-070,official,Ministry-format municipality party-list rows preserved by the OnData mirror and aggregated to province. Compatible local turnout metadata is unavailable. Aosta Valley's separate direct seat and overseas constituencies are excluded.,0
Campobasso,https://github.com/ondata/elezionipolitiche2018,,Five Star Movement,Five Star Movement,0,118684,0,118684,0,59343,0,first,,,Lega,Lega,10146,Italy,IT-PROV-070,official,Ministry-format municipality party-list rows preserved by the OnData mirror and aggregated to province. Compatible local turnout metadata is unavailable. Aosta Valley's separate direct seat and overseas constituencies are excluded.,0
Campobasso,https://github.com/ondata/elezionipolitiche2018,,Five Star Movement,Five Star Movement,0,118684,0,118684,0,59343,0,first,,,Free and Equal,Free and Equal,4293,Italy,IT-PROV-070,official,Ministry-format municipality party-list rows preserved by the OnData mirror and aggregated to province. Compatible local turnout metadata is unavailable. Aosta Valley's separate direct seat and overseas constituencies are excluded.,0
Campobasso,https://github.com/ondata/elezionipolitiche2018,,Five Star Movement,Five Star Movement,0,118684,0,118684,0,59343,0,first,,,Brothers of Italy,Brothers of Italy,3598,Italy,IT-PROV-070,official,Ministry-format municipality party-list rows preserved by the OnData mirror and aggregated to province. Compatible local turnout metadata is unavailable. Aosta Valley's separate direct seat and overseas constituencies are excluded.,0
Campobasso,https://github.com/ondata/elezionipolitiche2018,,Five Star Movement,Five Star Movement,0,118684,0,118684,0,59343,0,first,,,Us with Italy–UDC,Us with Italy–UDC,2122,Italy,IT-PROV-070,official,Ministry-format municipality party-list rows preserved by the OnData mirror and aggregated to province. Compatible local turnout metadata is unavailable. Aosta Valley's separate direct seat and overseas constituencies are excluded.,0
Campobasso,https://github.com/ondata/elezionipolitiche2018,,Five Star Movement,Five Star Movement,0,118684,0,118684,0,59343,0,first,,,Civica Popolare Lorenzin,Civica Popolare Lorenzin,1403,Italy,IT-PROV-070,official,Ministry-format municipality party-list rows preserved by the OnData mirror and aggregated to province. Compatible local turnout metadata is unavailable. Aosta Valley's separate direct seat and overseas constituencies are excluded.,0
Campobasso,https://github.com/ondata/elezionipolitiche2018,,Five Star Movement,Five Star Movement,0,118684,0,118684,0,59343,0,first,,,Power to the People,Power to the People,1389,Italy,IT-PROV-070,official,Ministry-format municipality party-list rows preserved by the OnData mirror and aggregated to province. Compatible local turnout metadata is unavailable. Aosta Valley's separate direct seat and overseas constituencies are excluded.,0
Campobasso,https://github.com/ondata/elezionipolitiche2018,,Five Star Movement,Five Star Movement,0,118684,0,118684,0,59343,0,first,,,More Europe,More Europe,1348,Italy,IT-PROV-070,official,Ministry-format municipality party-list rows preserved by the OnData mirror and aggregated to province. Compatible local turnout metadata is unavailable. Aosta Valley's separate direct seat and overseas constituencies are excluded.,0
Campobasso,https://github.com/ondata/elezionipolitiche2018,,Five Star Movement,Five Star Movement,0,118684,0,118684,0,59343,0,first,,,Casapound Italia,Casapound Italia,896,Italy,IT-PROV-070,official,Ministry-format municipality party-list rows preserved by the OnData mirror and aggregated to province. Compatible local turnout metadata is unavailable. Aosta Valley's separate direct seat and overseas constituencies are excluded.,0
Campobasso,https://github.com/ondata/elezionipolitiche2018,,Five Star Movement,Five Star Movement,0,118684,0,118684,0,59343,0,first,,,Partito Comunista,Partito Comunista,790,Italy,IT-PROV-070,official,Ministry-format municipality party-list rows preserved by the OnData mirror and aggregated to province. Compatible local turnout metadata is unavailable. Aosta Valley's separate direct seat and overseas constituencies are excluded.,0
Campobasso,https://github.com/ondata/elezionipolitiche2018,,Five Star Movement,Five Star Movement,0,118684,0,118684,0,59343,0,first,,,Partito Valore Umano,Partito Valore Umano,571,Italy,IT-PROV-070,official,Ministry-format municipality party-list rows preserved by the OnData mirror and aggregated to province. Compatible local turnout metadata is unavailable. Aosta Valley's separate direct seat and overseas constituencies are excluded.,0
Campobasso,https://github.com/ondata/elezionipolitiche2018,,Five Star Movement,Five Star Movement,0,118684,0,118684,0,59343,0,first,,,Italia Agli Italiani,Italia Agli Italiani,458,Italy,IT-PROV-070,official,Ministry-format municipality party-list rows preserved by the OnData mirror and aggregated to province. Compatible local turnout metadata is unavailable. Aosta Valley's separate direct seat and overseas constituencies are excluded.,0
Campobasso,https://github.com/ondata/elezionipolitiche2018,,Five Star Movement,Five Star Movement,0,118684,0,118684,0,59343,0,first,,,Italia Europa Insieme,Italia Europa Insieme,413,Italy,IT-PROV-070,official,Ministry-format municipality party-list rows preserved by the OnData mirror and aggregated to province. Compatible local turnout metadata is unavailable. Aosta Valley's separate direct seat and overseas constituencies are excluded.,0
Campobasso,https://github.com/ondata/elezionipolitiche2018,,Five Star Movement,Five Star Movement,0,118684,0,118684,0,59343,0,first,,,Blocco Nazionale Per Le Liberta',Blocco Nazionale Per Le Liberta',173,Italy,IT-PROV-070,official,Ministry-format municipality party-list rows preserved by the OnData mirror and aggregated to province. Compatible local turnout metadata is unavailable. Aosta Valley's separate direct seat and overseas constituencies are excluded.,0
Campobasso,https://github.com/ondata/elezionipolitiche2018,,Five Star Movement,Five Star Movement,0,118684,0,118684,0,59343,0,first,,,Partito Repubblicano Italiano - Ala,Partito Repubblicano Italiano - Ala,63,Italy,IT-PROV-070,official,Ministry-format municipality party-list rows preserved by the OnData mirror and aggregated to province. Compatible local turnout metadata is unavailable. Aosta Valley's separate direct seat and overseas constituencies are excluded.,0
Foggia,https://github.com/ondata/elezionipolitiche2018,,Five Star Movement,Five Star Movement,0,302815,0,302815,0,151408,0,first,,,Five Star Movement,Five Star Movement,134106,Italy,IT-PROV-071,official,Ministry-format municipality party-list rows preserved by the OnData mirror and aggregated to province. Compatible local turnout metadata is unavailable. Aosta Valley's separate direct seat and overseas constituencies are excluded.,0
Foggia,https://github.com/ondata/elezionipolitiche2018,,Five Star Movement,Five Star Movement,0,302815,0,302815,0,151408,0,first,,,Forza Italia,Forza Italia,59353,Italy,IT-PROV-071,official,Ministry-format municipality party-list rows preserved by the OnData mirror and aggregated to province. Compatible local turnout metadata is unavailable. Aosta Valley's separate direct seat and overseas constituencies are excluded.,0
Foggia,https://github.com/ondata/elezionipolitiche2018,,Five Star Movement,Five Star Movement,0,302815,0,302815,0,151408,0,first,,,Democratic Party,Democratic Party,41576,Italy,IT-PROV-071,official,Ministry-format municipality party-list rows preserved by the OnData mirror and aggregated to province. Compatible local turnout metadata is unavailable. Aosta Valley's separate direct seat and overseas constituencies are excluded.,0
Foggia,https://github.com/ondata/elezionipolitiche2018,,Five Star Movement,Five Star Movement,0,302815,0,302815,0,151408,0,first,,,Lega,Lega,22811,Italy,IT-PROV-071,official,Ministry-format municipality party-list rows preserved by the OnData mirror and aggregated to province. Compatible local turnout metadata is unavailable. Aosta Valley's separate direct seat and overseas constituencies are excluded.,0
Foggia,https://github.com/ondata/elezionipolitiche2018,,Five Star Movement,Five Star Movement,0,302815,0,302815,0,151408,0,first,,,Us with Italy–UDC,Us with Italy–UDC,10525,Italy,IT-PROV-071,official,Ministry-format municipality party-list rows preserved by the OnData mirror and aggregated to province. Compatible local turnout metadata is unavailable. Aosta Valley's separate direct seat and overseas constituencies are excluded.,0
Foggia,https://github.com/ondata/elezionipolitiche2018,,Five Star Movement,Five Star Movement,0,302815,0,302815,0,151408,0,first,,,Brothers of Italy,Brothers of Italy,9038,Italy,IT-PROV-071,official,Ministry-format municipality party-list rows preserved by the OnData mirror and aggregated to province. Compatible local turnout metadata is unavailable. Aosta Valley's separate direct seat and overseas constituencies are excluded.,0
Foggia,https://github.com/ondata/elezionipolitiche2018,,Five Star Movement,Five Star Movement,0,302815,0,302815,0,151408,0,first,,,Free and Equal,Free and Equal,6989,Italy,IT-PROV-071,official,Ministry-format municipality party-list rows preserved by the OnData mirror and aggregated to province. Compatible local turnout metadata is unavailable. Aosta Valley's separate direct seat and overseas constituencies are excluded.,0
Foggia,https://github.com/ondata/elezionipolitiche2018,,Five Star Movement,Five Star Movement,0,302815,0,302815,0,151408,0,first,,,Civica Popolare Lorenzin,Civica Popolare Lorenzin,4482,Italy,IT-PROV-071,official,Ministry-format municipality party-list rows preserved by the OnData mirror and aggregated to province. Compatible local turnout metadata is unavailable. Aosta Valley's separate direct seat and overseas constituencies are excluded.,0
Foggia,https://github.com/ondata/elezionipolitiche2018,,Five Star Movement,Five Star Movement,0,302815,0,302815,0,151408,0,first,,,Power to the People,Power to the People,2855,Italy,IT-PROV-071,official,Ministry-format municipality party-list rows preserved by the OnData mirror and aggregated to province. Compatible local turnout metadata is unavailable. Aosta Valley's separate direct seat and overseas constituencies are excluded.,0
Foggia,https://github.com/ondata/elezionipolitiche2018,,Five Star Movement,Five Star Movement,0,302815,0,302815,0,151408,0,first,,,More Europe,More Europe,2852,Italy,IT-PROV-071,official,Ministry-format municipality party-list rows preserved by the OnData mirror and aggregated to province. Compatible local turnout metadata is unavailable. Aosta Valley's separate direct seat and overseas constituencies are excluded.,0
Foggia,https://github.com/ondata/elezionipolitiche2018,,Five Star Movement,Five Star Movement,0,302815,0,302815,0,151408,0,first,,,Il Popolo Della Famiglia,Il Popolo Della Famiglia,2576,Italy,IT-PROV-071,official,Ministry-format municipality party-list rows preserved by the OnData mirror and aggregated to province. Compatible local turnout metadata is unavailable. Aosta Valley's separate direct seat and overseas constituencies are excluded.,0
Foggia,https://github.com/ondata/elezionipolitiche2018,,Five Star Movement,Five Star Movement,0,302815,0,302815,0,151408,0,first,,,Casapound Italia,Casapound Italia,1694,Italy,IT-PROV-071,official,Ministry-format municipality party-list rows preserved by the OnData mirror and aggregated to province. Compatible local turnout metadata is unavailable. Aosta Valley's separate direct seat and overseas constituencies are excluded.,0
Foggia,https://github.com/ondata/elezionipolitiche2018,,Five Star Movement,Five Star Movement,0,302815,0,302815,0,151408,0,first,,,Italia Agli Italiani,Italia Agli Italiani,1565,Italy,IT-PROV-071,official,Ministry-format municipality party-list rows preserved by the OnData mirror and aggregated to province. Compatible local turnout metadata is unavailable. Aosta Valley's separate direct seat and overseas constituencies are excluded.,0
Foggia,https://github.com/ondata/elezionipolitiche2018,,Five Star Movement,Five Star Movement,0,302815,0,302815,0,151408,0,first,,,Italia Europa Insieme,Italia Europa Insieme,1222,Italy,IT-PROV-071,official,Ministry-format municipality party-list rows preserved by the OnData mirror and aggregated to province. Compatible local turnout metadata is unavailable. Aosta Valley's separate direct seat and overseas constituencies are excluded.,0
Foggia,https://github.com/ondata/elezionipolitiche2018,,Five Star Movement,Five Star Movement,0,302815,0,302815,0,151408,0,first,,,Partito Valore Umano,Partito Valore Umano,704,Italy,IT-PROV-071,official,Ministry-format municipality party-list rows preserved by the OnData mirror and aggregated to province. Compatible local turnout metadata is unavailable. Aosta Valley's separate direct seat and overseas constituencies are excluded.,0
Foggia,https://github.com/ondata/elezionipolitiche2018,,Five Star Movement,Five Star Movement,0,302815,0,302815,0,151408,0,first,,,10 Volte Meglio,10 Volte Meglio,249,Italy,IT-PROV-071,official,Ministry-format municipality party-list rows preserved by the OnData mirror and aggregated to province. Compatible local turnout metadata is unavailable. Aosta Valley's separate direct seat and overseas constituencies are excluded.,0
Foggia,https://github.com/ondata/elezionipolitiche2018,,Five Star Movement,Five Star Movement,0,302815,0,302815,0,151408,0,first,,,Partito Repubblicano Italiano - Ala,Partito Repubblicano Italiano - Ala,218,Italy,IT-PROV-071,official,Ministry-format municipality party-list rows preserved by the OnData mirror and aggregated to province. Compatible local turnout metadata is unavailable. Aosta Valley's separate direct seat and overseas constituencies are excluded.,0
Bari,https://github.com/ondata/elezionipolitiche2018,,Five Star Movement,Five Star Movement,0,663301,0,663301,0,331651,0,first,,,Five Star Movement,Five Star Movement,306691,Italy,IT-PROV-072,official,Ministry-format municipality party-list rows preserved by the OnData mirror and aggregated to province. Compatible local turnout metadata is unavailable. Aosta Valley's separate direct seat and overseas constituencies are excluded.,0
Bari,https://github.com/ondata/elezionipolitiche2018,,Five Star Movement,Five Star Movement,0,663301,0,663301,0,331651,0,first,,,Forza Italia,Forza Italia,126333,Italy,IT-PROV-072,official,Ministry-format municipality party-list rows preserved by the OnData mirror and aggregated to province. Compatible local turnout metadata is unavailable. Aosta Valley's separate direct seat and overseas constituencies are excluded.,0
Bari,https://github.com/ondata/elezionipolitiche2018,,Five Star Movement,Five Star Movement,0,663301,0,663301,0,331651,0,first,,,Democratic Party,Democratic Party,88806,Italy,IT-PROV-072,official,Ministry-format municipality party-list rows preserved by the OnData mirror and aggregated to province. Compatible local turnout metadata is unavailable. Aosta Valley's separate direct seat and overseas constituencies are excluded.,0
Bari,https://github.com/ondata/elezionipolitiche2018,,Five Star Movement,Five Star Movement,0,663301,0,663301,0,331651,0,first,,,Lega,Lega,37111,Italy,IT-PROV-072,official,Ministry-format municipality party-list rows preserved by the OnData mirror and aggregated to province. Compatible local turnout metadata is unavailable. Aosta Valley's separate direct seat and overseas constituencies are excluded.,0
Bari,https://github.com/ondata/elezionipolitiche2018,,Five Star Movement,Five Star Movement,0,663301,0,663301,0,331651,0,first,,,Free and Equal,Free and Equal,27748,Italy,IT-PROV-072,official,Ministry-format municipality party-list rows preserved by the OnData mirror and aggregated to province. Compatible local turnout metadata is unavailable. Aosta Valley's separate direct seat and overseas constituencies are excluded.,0
Bari,https://github.com/ondata/elezionipolitiche2018,,Five Star Movement,Five Star Movement,0,663301,0,663301,0,331651,0,first,,,Brothers of Italy,Brothers of Italy,25698,Italy,IT-PROV-072,official,Ministry-format municipality party-list rows preserved by the OnData mirror and aggregated to province. Compatible local turnout metadata is unavailable. Aosta Valley's separate direct seat and overseas constituencies are excluded.,0
Bari,https://github.com/ondata/elezionipolitiche2018,,Five Star Movement,Five Star Movement,0,663301,0,663301,0,331651,0,first,,,Us with Italy–UDC,Us with Italy–UDC,15905,Italy,IT-PROV-072,official,Ministry-format municipality party-list rows preserved by the OnData mirror and aggregated to province. Compatible local turnout metadata is unavailable. Aosta Valley's separate direct seat and overseas constituencies are excluded.,0
Bari,https://github.com/ondata/elezionipolitiche2018,,Five Star Movement,Five Star Movement,0,663301,0,663301,0,331651,0,first,,,More Europe,More Europe,9915,Italy,IT-PROV-072,official,Ministry-format municipality party-list rows preserved by the OnData mirror and aggregated to province. Compatible local turnout metadata is unavailable. Aosta Valley's separate direct seat and overseas constituencies are excluded.,0
Bari,https://github.com/ondata/elezionipolitiche2018,,Five Star Movement,Five Star Movement,0,663301,0,663301,0,331651,0,first,,,Power to the People,Power to the People,6290,Italy,IT-PROV-072,official,Ministry-format municipality party-list rows preserved by the OnData mirror and aggregated to province. Compatible local turnout metadata is unavailable. Aosta Valley's separate direct seat and overseas constituencies are excluded.,0
Bari,https://github.com/ondata/elezionipolitiche2018,,Five Star Movement,Five Star Movement,0,663301,0,663301,0,331651,0,first,,,Casapound Italia,Casapound Italia,4366,Italy,IT-PROV-072,official,Ministry-format municipality party-list rows preserved by the OnData mirror and aggregated to province. Compatible local turnout metadata is unavailable. Aosta Valley's separate direct seat and overseas constituencies are excluded.,0
Bari,https://github.com/ondata/elezionipolitiche2018,,Five Star Movement,Five Star Movement,0,663301,0,663301,0,331651,0,first,,,Italia Europa Insieme,Italia Europa Insieme,4099,Italy,IT-PROV-072,official,Ministry-format municipality party-list rows preserved by the OnData mirror and aggregated to province. Compatible local turnout metadata is unavailable. Aosta Valley's separate direct seat and overseas constituencies are excluded.,0
Bari,https://github.com/ondata/elezionipolitiche2018,,Five Star Movement,Five Star Movement,0,663301,0,663301,0,331651,0,first,,,Il Popolo Della Famiglia,Il Popolo Della Famiglia,3863,Italy,IT-PROV-072,official,Ministry-format municipality party-list rows preserved by the OnData mirror and aggregated to province. Compatible local turnout metadata is unavailable. Aosta Valley's separate direct seat and overseas constituencies are excluded.,0
Bari,https://github.com/ondata/elezionipolitiche2018,,Five Star Movement,Five Star Movement,0,663301,0,663301,0,331651,0,first,,,Partito Comunista,Partito Comunista,2062,Italy,IT-PROV-072,official,Ministry-format municipality party-list rows preserved by the OnData mirror and aggregated to province. Compatible local turnout metadata is unavailable. Aosta Valley's separate direct seat and overseas constituencies are excluded.,0
Bari,https://github.com/ondata/elezionipolitiche2018,,Five Star Movement,Five Star Movement,0,663301,0,663301,0,331651,0,first,,,Civica Popolare Lorenzin,Civica Popolare Lorenzin,1935,Italy,IT-PROV-072,official,Ministry-format municipality party-list rows preserved by the OnData mirror and aggregated to province. Compatible local turnout metadata is unavailable. Aosta Valley's separate direct seat and overseas constituencies are excluded.,0
Bari,https://github.com/ondata/elezionipolitiche2018,,Five Star Movement,Five Star Movement,0,663301,0,663301,0,331651,0,first,,,10 Volte Meglio,10 Volte Meglio,1098,Italy,IT-PROV-072,official,Ministry-format municipality party-list rows preserved by the OnData mirror and aggregated to province. Compatible local turnout metadata is unavailable. Aosta Valley's separate direct seat and overseas constituencies are excluded.,0
Bari,https://github.com/ondata/elezionipolitiche2018,,Five Star Movement,Five Star Movement,0,663301,0,663301,0,331651,0,first,,,Partito Repubblicano Italiano - Ala,Partito Repubblicano Italiano - Ala,659,Italy,IT-PROV-072,official,Ministry-format municipality party-list rows preserved by the OnData mirror and aggregated to province. Compatible local turnout metadata is unavailable. Aosta Valley's separate direct seat and overseas constituencies are excluded.,0
Bari,https://github.com/ondata/elezionipolitiche2018,,Five Star Movement,Five Star Movement,0,663301,0,663301,0,331651,0,first,,,Italia Agli Italiani,Italia Agli Italiani,462,Italy,IT-PROV-072,official,Ministry-format municipality party-list rows preserved by the OnData mirror and aggregated to province. Compatible local turnout metadata is unavailable. Aosta Valley's separate direct seat and overseas constituencies are excluded.,0
Bari,https://github.com/ondata/elezionipolitiche2018,,Five Star Movement,Five Star Movement,0,663301,0,663301,0,331651,0,first,,,Partito Valore Umano,Partito Valore Umano,260,Italy,IT-PROV-072,official,Ministry-format municipality party-list rows preserved by the OnData mirror and aggregated to province. Compatible local turnout metadata is unavailable. Aosta Valley's separate direct seat and overseas constituencies are excluded.,0
Taranto,https://github.com/ondata/elezionipolitiche2018,,Five Star Movement,Five Star Movement,0,291774,0,291774,0,145888,0,first,,,Five Star Movement,Five Star Movement,133742,Italy,IT-PROV-073,official,Ministry-format municipality party-list rows preserved by the OnData mirror and aggregated to province. Compatible local turnout metadata is unavailable. Aosta Valley's separate direct seat and overseas constituencies are excluded.,0
Taranto,https://github.com/ondata/elezionipolitiche2018,,Five Star Movement,Five Star Movement,0,291774,0,291774,0,145888,0,first,,,Forza Italia,Forza Italia,61377,Italy,IT-PROV-073,official,Ministry-format municipality party-list rows preserved by the OnData mirror and aggregated to province. Compatible local turnout metadata is unavailable. Aosta Valley's separate direct seat and overseas constituencies are excluded.,0
Taranto,https://github.com/ondata/elezionipolitiche2018,,Five Star Movement,Five Star Movement,0,291774,0,291774,0,145888,0,first,,,Democratic Party,Democratic Party,38093,Italy,IT-PROV-073,official,Ministry-format municipality party-list rows preserved by the OnData mirror and aggregated to province. Compatible local turnout metadata is unavailable. Aosta Valley's separate direct seat and overseas constituencies are excluded.,0
Taranto,https://github.com/ondata/elezionipolitiche2018,,Five Star Movement,Five Star Movement,0,291774,0,291774,0,145888,0,first,,,Lega,Lega,17641,Italy,IT-PROV-073,official,Ministry-format municipality party-list rows preserved by the OnData mirror and aggregated to province. Compatible local turnout metadata is unavailable. Aosta Valley's separate direct seat and overseas constituencies are excluded.,0
Taranto,https://github.com/ondata/elezionipolitiche2018,,Five Star Movement,Five Star Movement,0,291774,0,291774,0,145888,0,first,,,Brothers of Italy,Brothers of Italy,10676,Italy,IT-PROV-073,official,Ministry-format municipality party-list rows preserved by the OnData mirror and aggregated to province. Compatible local turnout metadata is unavailable. Aosta Valley's separate direct seat and overseas constituencies are excluded.,0
Taranto,https://github.com/ondata/elezionipolitiche2018,,Five Star Movement,Five Star Movement,0,291774,0,291774,0,145888,0,first,,,Us with Italy–UDC,Us with Italy–UDC,7883,Italy,IT-PROV-073,official,Ministry-format municipality party-list rows preserved by the OnData mirror and aggregated to province. Compatible local turnout metadata is unavailable. Aosta Valley's separate direct seat and overseas constituencies are excluded.,0
Taranto,https://github.com/ondata/elezionipolitiche2018,,Five Star Movement,Five Star Movement,0,291774,0,291774,0,145888,0,first,,,Free and Equal,Free and Equal,7208,Italy,IT-PROV-073,official,Ministry-format municipality party-list rows preserved by the OnData mirror and aggregated to province. Compatible local turnout metadata is unavailable. Aosta Valley's separate direct seat and overseas constituencies are excluded.,0
Taranto,https://github.com/ondata/elezionipolitiche2018,,Five Star Movement,Five Star Movement,0,291774,0,291774,0,145888,0,first,,,More Europe,More Europe,3682,Italy,IT-PROV-073,official,Ministry-format municipality party-list rows preserved by the OnData mirror and aggregated to province. Compatible local turnout metadata is unavailable. Aosta Valley's separate direct seat and overseas constituencies are excluded.,0
Taranto,https://github.com/ondata/elezionipolitiche2018,,Five Star Movement,Five Star Movement,0,291774,0,291774,0,145888,0,first,,,Power to the People,Power to the People,2591,Italy,IT-PROV-073,official,Ministry-format municipality party-list rows preserved by the OnData mirror and aggregated to province. Compatible local turnout metadata is unavailable. Aosta Valley's separate direct seat and overseas constituencies are excluded.,0
Taranto,https://github.com/ondata/elezionipolitiche2018,,Five Star Movement,Five Star Movement,0,291774,0,291774,0,145888,0,first,,,Italia Agli Italiani,Italia Agli Italiani,1824,Italy,IT-PROV-073,official,Ministry-format municipality party-list rows preserved by the OnData mirror and aggregated to province. Compatible local turnout metadata is unavailable. Aosta Valley's separate direct seat and overseas constituencies are excluded.,0
Taranto,https://github.com/ondata/elezionipolitiche2018,,Five Star Movement,Five Star Movement,0,291774,0,291774,0,145888,0,first,,,Casapound Italia,Casapound Italia,1775,Italy,IT-PROV-073,official,Ministry-format municipality party-list rows preserved by the OnData mirror and aggregated to province. Compatible local turnout metadata is unavailable. Aosta Valley's separate direct seat and overseas constituencies are excluded.,0
Taranto,https://github.com/ondata/elezionipolitiche2018,,Five Star Movement,Five Star Movement,0,291774,0,291774,0,145888,0,first,,,Italia Europa Insieme,Italia Europa Insieme,1299,Italy,IT-PROV-073,official,Ministry-format municipality party-list rows preserved by the OnData mirror and aggregated to province. Compatible local turnout metadata is unavailable. Aosta Valley's separate direct seat and overseas constituencies are excluded.,0
Taranto,https://github.com/ondata/elezionipolitiche2018,,Five Star Movement,Five Star Movement,0,291774,0,291774,0,145888,0,first,,,Il Popolo Della Famiglia,Il Popolo Della Famiglia,1095,Italy,IT-PROV-073,official,Ministry-format municipality party-list rows preserved by the OnData mirror and aggregated to province. Compatible local turnout metadata is unavailable. Aosta Valley's separate direct seat and overseas constituencies are excluded.,0
Taranto,https://github.com/ondata/elezionipolitiche2018,,Five Star Movement,Five Star Movement,0,291774,0,291774,0,145888,0,first,,,Partito Comunista,Partito Comunista,1020,Italy,IT-PROV-073,official,Ministry-format municipality party-list rows preserved by the OnData mirror and aggregated to province. Compatible local turnout metadata is unavailable. Aosta Valley's separate direct seat and overseas constituencies are excluded.,0
Taranto,https://github.com/ondata/elezionipolitiche2018,,Five Star Movement,Five Star Movement,0,291774,0,291774,0,145888,0,first,,,Civica Popolare Lorenzin,Civica Popolare Lorenzin,898,Italy,IT-PROV-073,official,Ministry-format municipality party-list rows preserved by the OnData mirror and aggregated to province. Compatible local turnout metadata is unavailable. Aosta Valley's separate direct seat and overseas constituencies are excluded.,0
Taranto,https://github.com/ondata/elezionipolitiche2018,,Five Star Movement,Five Star Movement,0,291774,0,291774,0,145888,0,first,,,Partito Valore Umano,Partito Valore Umano,400,Italy,IT-PROV-073,official,Ministry-format municipality party-list rows preserved by the OnData mirror and aggregated to province. Compatible local turnout metadata is unavailable. Aosta Valley's separate direct seat and overseas constituencies are excluded.,0
Taranto,https://github.com/ondata/elezionipolitiche2018,,Five Star Movement,Five Star Movement,0,291774,0,291774,0,145888,0,first,,,10 Volte Meglio,10 Volte Meglio,395,Italy,IT-PROV-073,official,Ministry-format municipality party-list rows preserved by the OnData mirror and aggregated to province. Compatible local turnout metadata is unavailable. Aosta Valley's separate direct seat and overseas constituencies are excluded.,0
Taranto,https://github.com/ondata/elezionipolitiche2018,,Five Star Movement,Five Star Movement,0,291774,0,291774,0,145888,0,first,,,Partito Repubblicano Italiano - Ala,Partito Repubblicano Italiano - Ala,175,Italy,IT-PROV-073,official,Ministry-format municipality party-list rows preserved by the OnData mirror and aggregated to province. Compatible local turnout metadata is unavailable. Aosta Valley's separate direct seat and overseas constituencies are excluded.,0
Brindisi,https://github.com/ondata/elezionipolitiche2018,,Five Star Movement,Five Star Movement,0,205623,0,205623,0,102812,0,first,,,Five Star Movement,Five Star Movement,94932,Italy,IT-PROV-074,official,Ministry-format municipality party-list rows preserved by the OnData mirror and aggregated to province. Compatible local turnout metadata is unavailable. Aosta Valley's separate direct seat and overseas constituencies are excluded.,0
Brindisi,https://github.com/ondata/elezionipolitiche2018,,Five Star Movement,Five Star Movement,0,205623,0,205623,0,102812,0,first,,,Forza Italia,Forza Italia,43334,Italy,IT-PROV-074,official,Ministry-format municipality party-list rows preserved by the OnData mirror and aggregated to province. Compatible local turnout metadata is unavailable. Aosta Valley's separate direct seat and overseas constituencies are excluded.,0
Brindisi,https://github.com/ondata/elezionipolitiche2018,,Five Star Movement,Five Star Movement,0,205623,0,205623,0,102812,0,first,,,Democratic Party,Democratic Party,23899,Italy,IT-PROV-074,official,Ministry-format municipality party-list rows preserved by the OnData mirror and aggregated to province. Compatible local turnout metadata is unavailable. Aosta Valley's separate direct seat and overseas constituencies are excluded.,0
Brindisi,https://github.com/ondata/elezionipolitiche2018,,Five Star Movement,Five Star Movement,0,205623,0,205623,0,102812,0,first,,,Lega,Lega,12003,Italy,IT-PROV-074,official,Ministry-format municipality party-list rows preserved by the OnData mirror and aggregated to province. Compatible local turnout metadata is unavailable. Aosta Valley's separate direct seat and overseas constituencies are excluded.,0
Brindisi,https://github.com/ondata/elezionipolitiche2018,,Five Star Movement,Five Star Movement,0,205623,0,205623,0,102812,0,first,,,Us with Italy–UDC,Us with Italy–UDC,7852,Italy,IT-PROV-074,official,Ministry-format municipality party-list rows preserved by the OnData mirror and aggregated to province. Compatible local turnout metadata is unavailable. Aosta Valley's separate direct seat and overseas constituencies are excluded.,0
Brindisi,https://github.com/ondata/elezionipolitiche2018,,Five Star Movement,Five Star Movement,0,205623,0,205623,0,102812,0,first,,,Brothers of Italy,Brothers of Italy,7287,Italy,IT-PROV-074,official,Ministry-format municipality party-list rows preserved by the OnData mirror and aggregated to province. Compatible local turnout metadata is unavailable. Aosta Valley's separate direct seat and overseas constituencies are excluded.,0
Brindisi,https://github.com/ondata/elezionipolitiche2018,,Five Star Movement,Five Star Movement,0,205623,0,205623,0,102812,0,first,,,Free and Equal,Free and Equal,5373,Italy,IT-PROV-074,official,Ministry-format municipality party-list rows preserved by the OnData mirror and aggregated to province. Compatible local turnout metadata is unavailable. Aosta Valley's separate direct seat and overseas constituencies are excluded.,0
Brindisi,https://github.com/ondata/elezionipolitiche2018,,Five Star Movement,Five Star Movement,0,205623,0,205623,0,102812,0,first,,,Power to the People,Power to the People,2053,Italy,IT-PROV-074,official,Ministry-format municipality party-list rows preserved by the OnData mirror and aggregated to province. Compatible local turnout metadata is unavailable. Aosta Valley's separate direct seat and overseas constituencies are excluded.,0
Brindisi,https://github.com/ondata/elezionipolitiche2018,,Five Star Movement,Five Star Movement,0,205623,0,205623,0,102812,0,first,,,More Europe,More Europe,2050,Italy,IT-PROV-074,official,Ministry-format municipality party-list rows preserved by the OnData mirror and aggregated to province. Compatible local turnout metadata is unavailable. Aosta Valley's separate direct seat and overseas constituencies are excluded.,0
Brindisi,https://github.com/ondata/elezionipolitiche2018,,Five Star Movement,Five Star Movement,0,205623,0,205623,0,102812,0,first,,,Casapound Italia,Casapound Italia,1348,Italy,IT-PROV-074,official,Ministry-format municipality party-list rows preserved by the OnData mirror and aggregated to province. Compatible local turnout metadata is unavailable. Aosta Valley's separate direct seat and overseas constituencies are excluded.,0
Brindisi,https://github.com/ondata/elezionipolitiche2018,,Five Star Movement,Five Star Movement,0,205623,0,205623,0,102812,0,first,,,Partito Repubblicano Italiano - Ala,Partito Repubblicano Italiano - Ala,1089,Italy,IT-PROV-074,official,Ministry-format municipality party-list rows preserved by the OnData mirror and aggregated to province. Compatible local turnout metadata is unavailable. Aosta Valley's separate direct seat and overseas constituencies are excluded.,0
Brindisi,https://github.com/ondata/elezionipolitiche2018,,Five Star Movement,Five Star Movement,0,205623,0,205623,0,102812,0,first,,,Partito Comunista,Partito Comunista,845,Italy,IT-PROV-074,official,Ministry-format municipality party-list rows preserved by the OnData mirror and aggregated to province. Compatible local turnout metadata is unavailable. Aosta Valley's separate direct seat and overseas constituencies are excluded.,0
Brindisi,https://github.com/ondata/elezionipolitiche2018,,Five Star Movement,Five Star Movement,0,205623,0,205623,0,102812,0,first,,,Italia Europa Insieme,Italia Europa Insieme,727,Italy,IT-PROV-074,official,Ministry-format municipality party-list rows preserved by the OnData mirror and aggregated to province. Compatible local turnout metadata is unavailable. Aosta Valley's separate direct seat and overseas constituencies are excluded.,0
Brindisi,https://github.com/ondata/elezionipolitiche2018,,Five Star Movement,Five Star Movement,0,205623,0,205623,0,102812,0,first,,,Italia Agli Italiani,Italia Agli Italiani,707,Italy,IT-PROV-074,official,Ministry-format municipality party-list rows preserved by the OnData mirror and aggregated to province. Compatible local turnout metadata is unavailable. Aosta Valley's separate direct seat and overseas constituencies are excluded.,0
Brindisi,https://github.com/ondata/elezionipolitiche2018,,Five Star Movement,Five Star Movement,0,205623,0,205623,0,102812,0,first,,,Civica Popolare Lorenzin,Civica Popolare Lorenzin,700,Italy,IT-PROV-074,official,Ministry-format municipality party-list rows preserved by the OnData mirror and aggregated to province. Compatible local turnout metadata is unavailable. Aosta Valley's separate direct seat and overseas constituencies are excluded.,0
Brindisi,https://github.com/ondata/elezionipolitiche2018,,Five Star Movement,Five Star Movement,0,205623,0,205623,0,102812,0,first,,,Il Popolo Della Famiglia,Il Popolo Della Famiglia,665,Italy,IT-PROV-074,official,Ministry-format municipality party-list rows preserved by the OnData mirror and aggregated to province. Compatible local turnout metadata is unavailable. Aosta Valley's separate direct seat and overseas constituencies are excluded.,0
Brindisi,https://github.com/ondata/elezionipolitiche2018,,Five Star Movement,Five Star Movement,0,205623,0,205623,0,102812,0,first,,,Partito Valore Umano,Partito Valore Umano,558,Italy,IT-PROV-074,official,Ministry-format municipality party-list rows preserved by the OnData mirror and aggregated to province. Compatible local turnout metadata is unavailable. Aosta Valley's separate direct seat and overseas constituencies are excluded.,0
Brindisi,https://github.com/ondata/elezionipolitiche2018,,Five Star Movement,Five Star Movement,0,205623,0,205623,0,102812,0,first,,,10 Volte Meglio,10 Volte Meglio,201,Italy,IT-PROV-074,official,Ministry-format municipality party-list rows preserved by the OnData mirror and aggregated to province. Compatible local turnout metadata is unavailable. Aosta Valley's separate direct seat and overseas constituencies are excluded.,0
Lecce,https://github.com/ondata/elezionipolitiche2018,,Five Star Movement,Five Star Movement,0,421996,0,421996,0,210999,0,first,,,Five Star Movement,Five Star Movement,170252,Italy,IT-PROV-075,official,Ministry-format municipality party-list rows preserved by the OnData mirror and aggregated to province. Compatible local turnout metadata is unavailable. Aosta Valley's separate direct seat and overseas constituencies are excluded.,0
Lecce,https://github.com/ondata/elezionipolitiche2018,,Five Star Movement,Five Star Movement,0,421996,0,421996,0,210999,0,first,,,Forza Italia,Forza Italia,68532,Italy,IT-PROV-075,official,Ministry-format municipality party-list rows preserved by the OnData mirror and aggregated to province. Compatible local turnout metadata is unavailable. Aosta Valley's separate direct seat and overseas constituencies are excluded.,0
Lecce,https://github.com/ondata/elezionipolitiche2018,,Five Star Movement,Five Star Movement,0,421996,0,421996,0,210999,0,first,,,Democratic Party,Democratic Party,60953,Italy,IT-PROV-075,official,Ministry-format municipality party-list rows preserved by the OnData mirror and aggregated to province. Compatible local turnout metadata is unavailable. Aosta Valley's separate direct seat and overseas constituencies are excluded.,0
Lecce,https://github.com/ondata/elezionipolitiche2018,,Five Star Movement,Five Star Movement,0,421996,0,421996,0,210999,0,first,,,Lega,Lega,31234,Italy,IT-PROV-075,official,Ministry-format municipality party-list rows preserved by the OnData mirror and aggregated to province. Compatible local turnout metadata is unavailable. Aosta Valley's separate direct seat and overseas constituencies are excluded.,0
Lecce,https://github.com/ondata/elezionipolitiche2018,,Five Star Movement,Five Star Movement,0,421996,0,421996,0,210999,0,first,,,Us with Italy–UDC,Us with Italy–UDC,26468,Italy,IT-PROV-075,official,Ministry-format municipality party-list rows preserved by the OnData mirror and aggregated to province. Compatible local turnout metadata is unavailable. Aosta Valley's separate direct seat and overseas constituencies are excluded.,0
Lecce,https://github.com/ondata/elezionipolitiche2018,,Five Star Movement,Five Star Movement,0,421996,0,421996,0,210999,0,first,,,Brothers of Italy,Brothers of Italy,19380,Italy,IT-PROV-075,official,Ministry-format municipality party-list rows preserved by the OnData mirror and aggregated to province. Compatible local turnout metadata is unavailable. Aosta Valley's separate direct seat and overseas constituencies are excluded.,0
Lecce,https://github.com/ondata/elezionipolitiche2018,,Five Star Movement,Five Star Movement,0,421996,0,421996,0,210999,0,first,,,Free and Equal,Free and Equal,17836,Italy,IT-PROV-075,official,Ministry-format municipality party-list rows preserved by the OnData mirror and aggregated to province. Compatible local turnout metadata is unavailable. Aosta Valley's separate direct seat and overseas constituencies are excluded.,0
Lecce,https://github.com/ondata/elezionipolitiche2018,,Five Star Movement,Five Star Movement,0,421996,0,421996,0,210999,0,first,,,More Europe,More Europe,7406,Italy,IT-PROV-075,official,Ministry-format municipality party-list rows preserved by the OnData mirror and aggregated to province. Compatible local turnout metadata is unavailable. Aosta Valley's separate direct seat and overseas constituencies are excluded.,0
Lecce,https://github.com/ondata/elezionipolitiche2018,,Five Star Movement,Five Star Movement,0,421996,0,421996,0,210999,0,first,,,Casapound Italia,Casapound Italia,5250,Italy,IT-PROV-075,official,Ministry-format municipality party-list rows preserved by the OnData mirror and aggregated to province. Compatible local turnout metadata is unavailable. Aosta Valley's separate direct seat and overseas constituencies are excluded.,0
Lecce,https://github.com/ondata/elezionipolitiche2018,,Five Star Movement,Five Star Movement,0,421996,0,421996,0,210999,0,first,,,Power to the People,Power to the People,4726,Italy,IT-PROV-075,official,Ministry-format municipality party-list rows preserved by the OnData mirror and aggregated to province. Compatible local turnout metadata is unavailable. Aosta Valley's separate direct seat and overseas constituencies are excluded.,0
Lecce,https://github.com/ondata/elezionipolitiche2018,,Five Star Movement,Five Star Movement,0,421996,0,421996,0,210999,0,first,,,Italia Europa Insieme,Italia Europa Insieme,2818,Italy,IT-PROV-075,official,Ministry-format municipality party-list rows preserved by the OnData mirror and aggregated to province. Compatible local turnout metadata is unavailable. Aosta Valley's separate direct seat and overseas constituencies are excluded.,0
Lecce,https://github.com/ondata/elezionipolitiche2018,,Five Star Movement,Five Star Movement,0,421996,0,421996,0,210999,0,first,,,Il Popolo Della Famiglia,Il Popolo Della Famiglia,1732,Italy,IT-PROV-075,official,Ministry-format municipality party-list rows preserved by the OnData mirror and aggregated to province. Compatible local turnout metadata is unavailable. Aosta Valley's separate direct seat and overseas constituencies are excluded.,0
Lecce,https://github.com/ondata/elezionipolitiche2018,,Five Star Movement,Five Star Movement,0,421996,0,421996,0,210999,0,first,,,Partito Comunista,Partito Comunista,1644,Italy,IT-PROV-075,official,Ministry-format municipality party-list rows preserved by the OnData mirror and aggregated to province. Compatible local turnout metadata is unavailable. Aosta Valley's separate direct seat and overseas constituencies are excluded.,0
Lecce,https://github.com/ondata/elezionipolitiche2018,,Five Star Movement,Five Star Movement,0,421996,0,421996,0,210999,0,first,,,Italia Agli Italiani,Italia Agli Italiani,1347,Italy,IT-PROV-075,official,Ministry-format municipality party-list rows preserved by the OnData mirror and aggregated to province. Compatible local turnout metadata is unavailable. Aosta Valley's separate direct seat and overseas constituencies are excluded.,0
Lecce,https://github.com/ondata/elezionipolitiche2018,,Five Star Movement,Five Star Movement,0,421996,0,421996,0,210999,0,first,,,Civica Popolare Lorenzin,Civica Popolare Lorenzin,1242,Italy,IT-PROV-075,official,Ministry-format municipality party-list rows preserved by the OnData mirror and aggregated to province. Compatible local turnout metadata is unavailable. Aosta Valley's separate direct seat and overseas constituencies are excluded.,0
Lecce,https://github.com/ondata/elezionipolitiche2018,,Five Star Movement,Five Star Movement,0,421996,0,421996,0,210999,0,first,,,10 Volte Meglio,10 Volte Meglio,508,Italy,IT-PROV-075,official,Ministry-format municipality party-list rows preserved by the OnData mirror and aggregated to province. Compatible local turnout metadata is unavailable. Aosta Valley's separate direct seat and overseas constituencies are excluded.,0
Lecce,https://github.com/ondata/elezionipolitiche2018,,Five Star Movement,Five Star Movement,0,421996,0,421996,0,210999,0,first,,,Partito Valore Umano,Partito Valore Umano,390,Italy,IT-PROV-075,official,Ministry-format municipality party-list rows preserved by the OnData mirror and aggregated to province. Compatible local turnout metadata is unavailable. Aosta Valley's separate direct seat and overseas constituencies are excluded.,0
Lecce,https://github.com/ondata/elezionipolitiche2018,,Five Star Movement,Five Star Movement,0,421996,0,421996,0,210999,0,first,,,Partito Repubblicano Italiano - Ala,Partito Repubblicano Italiano - Ala,278,Italy,IT-PROV-075,official,Ministry-format municipality party-list rows preserved by the OnData mirror and aggregated to province. Compatible local turnout metadata is unavailable. Aosta Valley's separate direct seat and overseas constituencies are excluded.,0
Potenza,https://github.com/ondata/elezionipolitiche2018,,Five Star Movement,Five Star Movement,0,201146,0,201146,0,100574,0,first,,,Five Star Movement,Five Star Movement,88320,Italy,IT-PROV-076,official,Ministry-format municipality party-list rows preserved by the OnData mirror and aggregated to province. Compatible local turnout metadata is unavailable. Aosta Valley's separate direct seat and overseas constituencies are excluded.,0
Potenza,https://github.com/ondata/elezionipolitiche2018,,Five Star Movement,Five Star Movement,0,201146,0,201146,0,100574,0,first,,,Democratic Party,Democratic Party,34896,Italy,IT-PROV-076,official,Ministry-format municipality party-list rows preserved by the OnData mirror and aggregated to province. Compatible local turnout metadata is unavailable. Aosta Valley's separate direct seat and overseas constituencies are excluded.,0
Potenza,https://github.com/ondata/elezionipolitiche2018,,Five Star Movement,Five Star Movement,0,201146,0,201146,0,100574,0,first,,,Forza Italia,Forza Italia,23750,Italy,IT-PROV-076,official,Ministry-format municipality party-list rows preserved by the OnData mirror and aggregated to province. Compatible local turnout metadata is unavailable. Aosta Valley's separate direct seat and overseas constituencies are excluded.,0
Potenza,https://github.com/ondata/elezionipolitiche2018,,Five Star Movement,Five Star Movement,0,201146,0,201146,0,100574,0,first,,,Lega,Lega,13352,Italy,IT-PROV-076,official,Ministry-format municipality party-list rows preserved by the OnData mirror and aggregated to province. Compatible local turnout metadata is unavailable. Aosta Valley's separate direct seat and overseas constituencies are excluded.,0
Potenza,https://github.com/ondata/elezionipolitiche2018,,Five Star Movement,Five Star Movement,0,201146,0,201146,0,100574,0,first,,,Free and Equal,Free and Equal,11646,Italy,IT-PROV-076,official,Ministry-format municipality party-list rows preserved by the OnData mirror and aggregated to province. Compatible local turnout metadata is unavailable. Aosta Valley's separate direct seat and overseas constituencies are excluded.,0
Potenza,https://github.com/ondata/elezionipolitiche2018,,Five Star Movement,Five Star Movement,0,201146,0,201146,0,100574,0,first,,,Brothers of Italy,Brothers of Italy,7613,Italy,IT-PROV-076,official,Ministry-format municipality party-list rows preserved by the OnData mirror and aggregated to province. Compatible local turnout metadata is unavailable. Aosta Valley's separate direct seat and overseas constituencies are excluded.,0
Potenza,https://github.com/ondata/elezionipolitiche2018,,Five Star Movement,Five Star Movement,0,201146,0,201146,0,100574,0,first,,,Us with Italy–UDC,Us with Italy–UDC,4157,Italy,IT-PROV-076,official,Ministry-format municipality party-list rows preserved by the OnData mirror and aggregated to province. Compatible local turnout metadata is unavailable. Aosta Valley's separate direct seat and overseas constituencies are excluded.,0
Potenza,https://github.com/ondata/elezionipolitiche2018,,Five Star Movement,Five Star Movement,0,201146,0,201146,0,100574,0,first,,,Civica Popolare Lorenzin,Civica Popolare Lorenzin,3261,Italy,IT-PROV-076,official,Ministry-format municipality party-list rows preserved by the OnData mirror and aggregated to province. Compatible local turnout metadata is unavailable. Aosta Valley's separate direct seat and overseas constituencies are excluded.,0
Potenza,https://github.com/ondata/elezionipolitiche2018,,Five Star Movement,Five Star Movement,0,201146,0,201146,0,100574,0,first,,,Power to the People,Power to the People,2846,Italy,IT-PROV-076,official,Ministry-format municipality party-list rows preserved by the OnData mirror and aggregated to province. Compatible local turnout metadata is unavailable. Aosta Valley's separate direct seat and overseas constituencies are excluded.,0
Potenza,https://github.com/ondata/elezionipolitiche2018,,Five Star Movement,Five Star Movement,0,201146,0,201146,0,100574,0,first,,,Italia Europa Insieme,Italia Europa Insieme,2713,Italy,IT-PROV-076,official,Ministry-format municipality party-list rows preserved by the OnData mirror and aggregated to province. Compatible local turnout metadata is unavailable. Aosta Valley's separate direct seat and overseas constituencies are excluded.,0
Potenza,https://github.com/ondata/elezionipolitiche2018,,Five Star Movement,Five Star Movement,0,201146,0,201146,0,100574,0,first,,,More Europe,More Europe,2611,Italy,IT-PROV-076,official,Ministry-format municipality party-list rows preserved by the OnData mirror and aggregated to province. Compatible local turnout metadata is unavailable. Aosta Valley's separate direct seat and overseas constituencies are excluded.,0
Potenza,https://github.com/ondata/elezionipolitiche2018,,Five Star Movement,Five Star Movement,0,201146,0,201146,0,100574,0,first,,,Casapound Italia,Casapound Italia,1304,Italy,IT-PROV-076,official,Ministry-format municipality party-list rows preserved by the OnData mirror and aggregated to province. Compatible local turnout metadata is unavailable. Aosta Valley's separate direct seat and overseas constituencies are excluded.,0
Potenza,https://github.com/ondata/elezionipolitiche2018,,Five Star Movement,Five Star Movement,0,201146,0,201146,0,100574,0,first,,,Il Popolo Della Famiglia,Il Popolo Della Famiglia,1194,Italy,IT-PROV-076,official,Ministry-format municipality party-list rows preserved by the OnData mirror and aggregated to province. Compatible local turnout metadata is unavailable. Aosta Valley's separate direct seat and overseas constituencies are excluded.,0
Potenza,https://github.com/ondata/elezionipolitiche2018,,Five Star Movement,Five Star Movement,0,201146,0,201146,0,100574,0,first,,,Partito Comunista,Partito Comunista,1070,Italy,IT-PROV-076,official,Ministry-format municipality party-list rows preserved by the OnData mirror and aggregated to province. Compatible local turnout metadata is unavailable. Aosta Valley's separate direct seat and overseas constituencies are excluded.,0
Potenza,https://github.com/ondata/elezionipolitiche2018,,Five Star Movement,Five Star Movement,0,201146,0,201146,0,100574,0,first,,,Partito Valore Umano,Partito Valore Umano,621,Italy,IT-PROV-076,official,Ministry-format municipality party-list rows preserved by the OnData mirror and aggregated to province. Compatible local turnout metadata is unavailable. Aosta Valley's separate direct seat and overseas constituencies are excluded.,0
Potenza,https://github.com/ondata/elezionipolitiche2018,,Five Star Movement,Five Star Movement,0,201146,0,201146,0,100574,0,first,,,Blocco Nazionale Per Le Liberta',Blocco Nazionale Per Le Liberta',538,Italy,IT-PROV-076,official,Ministry-format municipality party-list rows preserved by the OnData mirror and aggregated to province. Compatible local turnout metadata is unavailable. Aosta Valley's separate direct seat and overseas constituencies are excluded.,0
Potenza,https://github.com/ondata/elezionipolitiche2018,,Five Star Movement,Five Star Movement,0,201146,0,201146,0,100574,0,first,,,Per Una Sinistra Rivoluzionaria,Per Una Sinistra Rivoluzionaria,480,Italy,IT-PROV-076,official,Ministry-format municipality party-list rows preserved by the OnData mirror and aggregated to province. Compatible local turnout metadata is unavailable. Aosta Valley's separate direct seat and overseas constituencies are excluded.,0
Potenza,https://github.com/ondata/elezionipolitiche2018,,Five Star Movement,Five Star Movement,0,201146,0,201146,0,100574,0,first,,,Lista Del Popolo Per La Costituzione,Lista Del Popolo Per La Costituzione,460,Italy,IT-PROV-076,official,Ministry-format municipality party-list rows preserved by the OnData mirror and aggregated to province. Compatible local turnout metadata is unavailable. Aosta Valley's separate direct seat and overseas constituencies are excluded.,0
Potenza,https://github.com/ondata/elezionipolitiche2018,,Five Star Movement,Five Star Movement,0,201146,0,201146,0,100574,0,first,,,10 Volte Meglio,10 Volte Meglio,314,Italy,IT-PROV-076,official,Ministry-format municipality party-list rows preserved by the OnData mirror and aggregated to province. Compatible local turnout metadata is unavailable. Aosta Valley's separate direct seat and overseas constituencies are excluded.,0
Matera,https://github.com/ondata/elezionipolitiche2018,,Five Star Movement,Five Star Movement,0,101742,0,101742,0,50872,0,first,,,Five Star Movement,Five Star Movement,44719,Italy,IT-PROV-077,official,Ministry-format municipality party-list rows preserved by the OnData mirror and aggregated to province. Compatible local turnout metadata is unavailable. Aosta Valley's separate direct seat and overseas constituencies are excluded.,0
Matera,https://github.com/ondata/elezionipolitiche2018,,Five Star Movement,Five Star Movement,0,101742,0,101742,0,50872,0,first,,,Democratic Party,Democratic Party,14707,Italy,IT-PROV-077,official,Ministry-format municipality party-list rows preserved by the OnData mirror and aggregated to province. Compatible local turnout metadata is unavailable. Aosta Valley's separate direct seat and overseas constituencies are excluded.,0
Matera,https://github.com/ondata/elezionipolitiche2018,,Five Star Movement,Five Star Movement,0,101742,0,101742,0,50872,0,first,,,Forza Italia,Forza Italia,14433,Italy,IT-PROV-077,official,Ministry-format municipality party-list rows preserved by the OnData mirror and aggregated to province. Compatible local turnout metadata is unavailable. Aosta Valley's separate direct seat and overseas constituencies are excluded.,0
Matera,https://github.com/ondata/elezionipolitiche2018,,Five Star Movement,Five Star Movement,0,101742,0,101742,0,50872,0,first,,,Free and Equal,Free and Equal,7245,Italy,IT-PROV-077,official,Ministry-format municipality party-list rows preserved by the OnData mirror and aggregated to province. Compatible local turnout metadata is unavailable. Aosta Valley's separate direct seat and overseas constituencies are excluded.,0
Matera,https://github.com/ondata/elezionipolitiche2018,,Five Star Movement,Five Star Movement,0,101742,0,101742,0,50872,0,first,,,Lega,Lega,5987,Italy,IT-PROV-077,official,Ministry-format municipality party-list rows preserved by the OnData mirror and aggregated to province. Compatible local turnout metadata is unavailable. Aosta Valley's separate direct seat and overseas constituencies are excluded.,0
Matera,https://github.com/ondata/elezionipolitiche2018,,Five Star Movement,Five Star Movement,0,101742,0,101742,0,50872,0,first,,,Us with Italy–UDC,Us with Italy–UDC,5134,Italy,IT-PROV-077,official,Ministry-format municipality party-list rows preserved by the OnData mirror and aggregated to province. Compatible local turnout metadata is unavailable. Aosta Valley's separate direct seat and overseas constituencies are excluded.,0
Matera,https://github.com/ondata/elezionipolitiche2018,,Five Star Movement,Five Star Movement,0,101742,0,101742,0,50872,0,first,,,Brothers of Italy,Brothers of Italy,3759,Italy,IT-PROV-077,official,Ministry-format municipality party-list rows preserved by the OnData mirror and aggregated to province. Compatible local turnout metadata is unavailable. Aosta Valley's separate direct seat and overseas constituencies are excluded.,0
Matera,https://github.com/ondata/elezionipolitiche2018,,Five Star Movement,Five Star Movement,0,101742,0,101742,0,50872,0,first,,,More Europe,More Europe,1096,Italy,IT-PROV-077,official,Ministry-format municipality party-list rows preserved by the OnData mirror and aggregated to province. Compatible local turnout metadata is unavailable. Aosta Valley's separate direct seat and overseas constituencies are excluded.,0
Matera,https://github.com/ondata/elezionipolitiche2018,,Five Star Movement,Five Star Movement,0,101742,0,101742,0,50872,0,first,,,Power to the People,Power to the People,969,Italy,IT-PROV-077,official,Ministry-format municipality party-list rows preserved by the OnData mirror and aggregated to province. Compatible local turnout metadata is unavailable. Aosta Valley's separate direct seat and overseas constituencies are excluded.,0
Matera,https://github.com/ondata/elezionipolitiche2018,,Five Star Movement,Five Star Movement,0,101742,0,101742,0,50872,0,first,,,Casapound Italia,Casapound Italia,664,Italy,IT-PROV-077,official,Ministry-format municipality party-list rows preserved by the OnData mirror and aggregated to province. Compatible local turnout metadata is unavailable. Aosta Valley's separate direct seat and overseas constituencies are excluded.,0
Matera,https://github.com/ondata/elezionipolitiche2018,,Five Star Movement,Five Star Movement,0,101742,0,101742,0,50872,0,first,,,Il Popolo Della Famiglia,Il Popolo Della Famiglia,601,Italy,IT-PROV-077,official,Ministry-format municipality party-list rows preserved by the OnData mirror and aggregated to province. Compatible local turnout metadata is unavailable. Aosta Valley's separate direct seat and overseas constituencies are excluded.,0
Matera,https://github.com/ondata/elezionipolitiche2018,,Five Star Movement,Five Star Movement,0,101742,0,101742,0,50872,0,first,,,Civica Popolare Lorenzin,Civica Popolare Lorenzin,513,Italy,IT-PROV-077,official,Ministry-format municipality party-list rows preserved by the OnData mirror and aggregated to province. Compatible local turnout metadata is unavailable. Aosta Valley's separate direct seat and overseas constituencies are excluded.,0
Matera,https://github.com/ondata/elezionipolitiche2018,,Five Star Movement,Five Star Movement,0,101742,0,101742,0,50872,0,first,,,Italia Europa Insieme,Italia Europa Insieme,485,Italy,IT-PROV-077,official,Ministry-format municipality party-list rows preserved by the OnData mirror and aggregated to province. Compatible local turnout metadata is unavailable. Aosta Valley's separate direct seat and overseas constituencies are excluded.,0
Matera,https://github.com/ondata/elezionipolitiche2018,,Five Star Movement,Five Star Movement,0,101742,0,101742,0,50872,0,first,,,Partito Comunista,Partito Comunista,395,Italy,IT-PROV-077,official,Ministry-format municipality party-list rows preserved by the OnData mirror and aggregated to province. Compatible local turnout metadata is unavailable. Aosta Valley's separate direct seat and overseas constituencies are excluded.,0
Matera,https://github.com/ondata/elezionipolitiche2018,,Five Star Movement,Five Star Movement,0,101742,0,101742,0,50872,0,first,,,10 Volte Meglio,10 Volte Meglio,369,Italy,IT-PROV-077,official,Ministry-format municipality party-list rows preserved by the OnData mirror and aggregated to province. Compatible local turnout metadata is unavailable. Aosta Valley's separate direct seat and overseas constituencies are excluded.,0
Matera,https://github.com/ondata/elezionipolitiche2018,,Five Star Movement,Five Star Movement,0,101742,0,101742,0,50872,0,first,,,Blocco Nazionale Per Le Liberta',Blocco Nazionale Per Le Liberta',229,Italy,IT-PROV-077,official,Ministry-format municipality party-list rows preserved by the OnData mirror and aggregated to province. Compatible local turnout metadata is unavailable. Aosta Valley's separate direct seat and overseas constituencies are excluded.,0
Matera,https://github.com/ondata/elezionipolitiche2018,,Five Star Movement,Five Star Movement,0,101742,0,101742,0,50872,0,first,,,Lista Del Popolo Per La Costituzione,Lista Del Popolo Per La Costituzione,171,Italy,IT-PROV-077,official,Ministry-format municipality party-list rows preserved by the OnData mirror and aggregated to province. Compatible local turnout metadata is unavailable. Aosta Valley's separate direct seat and overseas constituencies are excluded.,0
Matera,https://github.com/ondata/elezionipolitiche2018,,Five Star Movement,Five Star Movement,0,101742,0,101742,0,50872,0,first,,,Per Una Sinistra Rivoluzionaria,Per Una Sinistra Rivoluzionaria,135,Italy,IT-PROV-077,official,Ministry-format municipality party-list rows preserved by the OnData mirror and aggregated to province. Compatible local turnout metadata is unavailable. Aosta Valley's separate direct seat and overseas constituencies are excluded.,0
Matera,https://github.com/ondata/elezionipolitiche2018,,Five Star Movement,Five Star Movement,0,101742,0,101742,0,50872,0,first,,,Partito Valore Umano,Partito Valore Umano,131,Italy,IT-PROV-077,official,Ministry-format municipality party-list rows preserved by the OnData mirror and aggregated to province. Compatible local turnout metadata is unavailable. Aosta Valley's separate direct seat and overseas constituencies are excluded.,0
Cosenza,https://github.com/ondata/elezionipolitiche2018,,Five Star Movement,Five Star Movement,0,344290,0,344290,0,172146,0,first,,,Five Star Movement,Five Star Movement,169309,Italy,IT-PROV-078,official,Ministry-format municipality party-list rows preserved by the OnData mirror and aggregated to province. Compatible local turnout metadata is unavailable. Aosta Valley's separate direct seat and overseas constituencies are excluded.,0
Cosenza,https://github.com/ondata/elezionipolitiche2018,,Five Star Movement,Five Star Movement,0,344290,0,344290,0,172146,0,first,,,Forza Italia,Forza Italia,59872,Italy,IT-PROV-078,official,Ministry-format municipality party-list rows preserved by the OnData mirror and aggregated to province. Compatible local turnout metadata is unavailable. Aosta Valley's separate direct seat and overseas constituencies are excluded.,0
Cosenza,https://github.com/ondata/elezionipolitiche2018,,Five Star Movement,Five Star Movement,0,344290,0,344290,0,172146,0,first,,,Democratic Party,Democratic Party,45219,Italy,IT-PROV-078,official,Ministry-format municipality party-list rows preserved by the OnData mirror and aggregated to province. Compatible local turnout metadata is unavailable. Aosta Valley's separate direct seat and overseas constituencies are excluded.,0
Cosenza,https://github.com/ondata/elezionipolitiche2018,,Five Star Movement,Five Star Movement,0,344290,0,344290,0,172146,0,first,,,Lega,Lega,18268,Italy,IT-PROV-078,official,Ministry-format municipality party-list rows preserved by the OnData mirror and aggregated to province. Compatible local turnout metadata is unavailable. Aosta Valley's separate direct seat and overseas constituencies are excluded.,0
Cosenza,https://github.com/ondata/elezionipolitiche2018,,Five Star Movement,Five Star Movement,0,344290,0,344290,0,172146,0,first,,,Brothers of Italy,Brothers of Italy,15720,Italy,IT-PROV-078,official,Ministry-format municipality party-list rows preserved by the OnData mirror and aggregated to province. Compatible local turnout metadata is unavailable. Aosta Valley's separate direct seat and overseas constituencies are excluded.,0
Cosenza,https://github.com/ondata/elezionipolitiche2018,,Five Star Movement,Five Star Movement,0,344290,0,344290,0,172146,0,first,,,Free and Equal,Free and Equal,8497,Italy,IT-PROV-078,official,Ministry-format municipality party-list rows preserved by the OnData mirror and aggregated to province. Compatible local turnout metadata is unavailable. Aosta Valley's separate direct seat and overseas constituencies are excluded.,0
Cosenza,https://github.com/ondata/elezionipolitiche2018,,Five Star Movement,Five Star Movement,0,344290,0,344290,0,172146,0,first,,,Us with Italy–UDC,Us with Italy–UDC,4607,Italy,IT-PROV-078,official,Ministry-format municipality party-list rows preserved by the OnData mirror and aggregated to province. Compatible local turnout metadata is unavailable. Aosta Valley's separate direct seat and overseas constituencies are excluded.,0
Cosenza,https://github.com/ondata/elezionipolitiche2018,,Five Star Movement,Five Star Movement,0,344290,0,344290,0,172146,0,first,,,Power to the People,Power to the People,4247,Italy,IT-PROV-078,official,Ministry-format municipality party-list rows preserved by the OnData mirror and aggregated to province. Compatible local turnout metadata is unavailable. Aosta Valley's separate direct seat and overseas constituencies are excluded.,0
Cosenza,https://github.com/ondata/elezionipolitiche2018,,Five Star Movement,Five Star Movement,0,344290,0,344290,0,172146,0,first,,,More Europe,More Europe,3388,Italy,IT-PROV-078,official,Ministry-format municipality party-list rows preserved by the OnData mirror and aggregated to province. Compatible local turnout metadata is unavailable. Aosta Valley's separate direct seat and overseas constituencies are excluded.,0
Cosenza,https://github.com/ondata/elezionipolitiche2018,,Five Star Movement,Five Star Movement,0,344290,0,344290,0,172146,0,first,,,Italia Europa Insieme,Italia Europa Insieme,3378,Italy,IT-PROV-078,official,Ministry-format municipality party-list rows preserved by the OnData mirror and aggregated to province. Compatible local turnout metadata is unavailable. Aosta Valley's separate direct seat and overseas constituencies are excluded.,0
Cosenza,https://github.com/ondata/elezionipolitiche2018,,Five Star Movement,Five Star Movement,0,344290,0,344290,0,172146,0,first,,,Civica Popolare Lorenzin,Civica Popolare Lorenzin,2816,Italy,IT-PROV-078,official,Ministry-format municipality party-list rows preserved by the OnData mirror and aggregated to province. Compatible local turnout metadata is unavailable. Aosta Valley's separate direct seat and overseas constituencies are excluded.,0
Cosenza,https://github.com/ondata/elezionipolitiche2018,,Five Star Movement,Five Star Movement,0,344290,0,344290,0,172146,0,first,,,Italia Agli Italiani,Italia Agli Italiani,2259,Italy,IT-PROV-078,official,Ministry-format municipality party-list rows preserved by the OnData mirror and aggregated to province. Compatible local turnout metadata is unavailable. Aosta Valley's separate direct seat and overseas constituencies are excluded.,0
Cosenza,https://github.com/ondata/elezionipolitiche2018,,Five Star Movement,Five Star Movement,0,344290,0,344290,0,172146,0,first,,,Casapound Italia,Casapound Italia,1723,Italy,IT-PROV-078,official,Ministry-format municipality party-list rows preserved by the OnData mirror and aggregated to province. Compatible local turnout metadata is unavailable. Aosta Valley's separate direct seat and overseas constituencies are excluded.,0
Cosenza,https://github.com/ondata/elezionipolitiche2018,,Five Star Movement,Five Star Movement,0,344290,0,344290,0,172146,0,first,,,Il Popolo Della Famiglia,Il Popolo Della Famiglia,1719,Italy,IT-PROV-078,official,Ministry-format municipality party-list rows preserved by the OnData mirror and aggregated to province. Compatible local turnout metadata is unavailable. Aosta Valley's separate direct seat and overseas constituencies are excluded.,0
Cosenza,https://github.com/ondata/elezionipolitiche2018,,Five Star Movement,Five Star Movement,0,344290,0,344290,0,172146,0,first,,,Partito Comunista,Partito Comunista,1671,Italy,IT-PROV-078,official,Ministry-format municipality party-list rows preserved by the OnData mirror and aggregated to province. Compatible local turnout metadata is unavailable. Aosta Valley's separate direct seat and overseas constituencies are excluded.,0
Cosenza,https://github.com/ondata/elezionipolitiche2018,,Five Star Movement,Five Star Movement,0,344290,0,344290,0,172146,0,first,,,Partito Valore Umano,Partito Valore Umano,656,Italy,IT-PROV-078,official,Ministry-format municipality party-list rows preserved by the OnData mirror and aggregated to province. Compatible local turnout metadata is unavailable. Aosta Valley's separate direct seat and overseas constituencies are excluded.,0
Cosenza,https://github.com/ondata/elezionipolitiche2018,,Five Star Movement,Five Star Movement,0,344290,0,344290,0,172146,0,first,,,Per Una Sinistra Rivoluzionaria,Per Una Sinistra Rivoluzionaria,601,Italy,IT-PROV-078,official,Ministry-format municipality party-list rows preserved by the OnData mirror and aggregated to province. Compatible local turnout metadata is unavailable. Aosta Valley's separate direct seat and overseas constituencies are excluded.,0
Cosenza,https://github.com/ondata/elezionipolitiche2018,,Five Star Movement,Five Star Movement,0,344290,0,344290,0,172146,0,first,,,Lista Del Popolo Per La Costituzione,Lista Del Popolo Per La Costituzione,340,Italy,IT-PROV-078,official,Ministry-format municipality party-list rows preserved by the OnData mirror and aggregated to province. Compatible local turnout metadata is unavailable. Aosta Valley's separate direct seat and overseas constituencies are excluded.,0
Catanzaro,https://github.com/ondata/elezionipolitiche2018,,Five Star Movement,Five Star Movement,0,172826,0,172826,0,86414,0,first,,,Five Star Movement,Five Star Movement,76855,Italy,IT-PROV-079,official,Ministry-format municipality party-list rows preserved by the OnData mirror and aggregated to province. Compatible local turnout metadata is unavailable. Aosta Valley's separate direct seat and overseas constituencies are excluded.,0
Catanzaro,https://github.com/ondata/elezionipolitiche2018,,Five Star Movement,Five Star Movement,0,172826,0,172826,0,86414,0,first,,,Forza Italia,Forza Italia,32876,Italy,IT-PROV-079,official,Ministry-format municipality party-list rows preserved by the OnData mirror and aggregated to province. Compatible local turnout metadata is unavailable. Aosta Valley's separate direct seat and overseas constituencies are excluded.,0
Catanzaro,https://github.com/ondata/elezionipolitiche2018,,Five Star Movement,Five Star Movement,0,172826,0,172826,0,86414,0,first,,,Democratic Party,Democratic Party,27701,Italy,IT-PROV-079,official,Ministry-format municipality party-list rows preserved by the OnData mirror and aggregated to province. Compatible local turnout metadata is unavailable. Aosta Valley's separate direct seat and overseas constituencies are excluded.,0
Catanzaro,https://github.com/ondata/elezionipolitiche2018,,Five Star Movement,Five Star Movement,0,172826,0,172826,0,86414,0,first,,,Lega,Lega,10541,Italy,IT-PROV-079,official,Ministry-format municipality party-list rows preserved by the OnData mirror and aggregated to province. Compatible local turnout metadata is unavailable. Aosta Valley's separate direct seat and overseas constituencies are excluded.,0
Catanzaro,https://github.com/ondata/elezionipolitiche2018,,Five Star Movement,Five Star Movement,0,172826,0,172826,0,86414,0,first,,,Brothers of Italy,Brothers of Italy,8173,Italy,IT-PROV-079,official,Ministry-format municipality party-list rows preserved by the OnData mirror and aggregated to province. Compatible local turnout metadata is unavailable. Aosta Valley's separate direct seat and overseas constituencies are excluded.,0
Catanzaro,https://github.com/ondata/elezionipolitiche2018,,Five Star Movement,Five Star Movement,0,172826,0,172826,0,86414,0,first,,,Free and Equal,Free and Equal,3853,Italy,IT-PROV-079,official,Ministry-format municipality party-list rows preserved by the OnData mirror and aggregated to province. Compatible local turnout metadata is unavailable. Aosta Valley's separate direct seat and overseas constituencies are excluded.,0
Catanzaro,https://github.com/ondata/elezionipolitiche2018,,Five Star Movement,Five Star Movement,0,172826,0,172826,0,86414,0,first,,,Us with Italy–UDC,Us with Italy–UDC,2363,Italy,IT-PROV-079,official,Ministry-format municipality party-list rows preserved by the OnData mirror and aggregated to province. Compatible local turnout metadata is unavailable. Aosta Valley's separate direct seat and overseas constituencies are excluded.,0
Catanzaro,https://github.com/ondata/elezionipolitiche2018,,Five Star Movement,Five Star Movement,0,172826,0,172826,0,86414,0,first,,,Power to the People,Power to the People,2120,Italy,IT-PROV-079,official,Ministry-format municipality party-list rows preserved by the OnData mirror and aggregated to province. Compatible local turnout metadata is unavailable. Aosta Valley's separate direct seat and overseas constituencies are excluded.,0
Catanzaro,https://github.com/ondata/elezionipolitiche2018,,Five Star Movement,Five Star Movement,0,172826,0,172826,0,86414,0,first,,,Casapound Italia,Casapound Italia,1779,Italy,IT-PROV-079,official,Ministry-format municipality party-list rows preserved by the OnData mirror and aggregated to province. Compatible local turnout metadata is unavailable. Aosta Valley's separate direct seat and overseas constituencies are excluded.,0
Catanzaro,https://github.com/ondata/elezionipolitiche2018,,Five Star Movement,Five Star Movement,0,172826,0,172826,0,86414,0,first,,,More Europe,More Europe,1595,Italy,IT-PROV-079,official,Ministry-format municipality party-list rows preserved by the OnData mirror and aggregated to province. Compatible local turnout metadata is unavailable. Aosta Valley's separate direct seat and overseas constituencies are excluded.,0
Catanzaro,https://github.com/ondata/elezionipolitiche2018,,Five Star Movement,Five Star Movement,0,172826,0,172826,0,86414,0,first,,,Italia Agli Italiani,Italia Agli Italiani,1280,Italy,IT-PROV-079,official,Ministry-format municipality party-list rows preserved by the OnData mirror and aggregated to province. Compatible local turnout metadata is unavailable. Aosta Valley's separate direct seat and overseas constituencies are excluded.,0
Catanzaro,https://github.com/ondata/elezionipolitiche2018,,Five Star Movement,Five Star Movement,0,172826,0,172826,0,86414,0,first,,,Il Popolo Della Famiglia,Il Popolo Della Famiglia,882,Italy,IT-PROV-079,official,Ministry-format municipality party-list rows preserved by the OnData mirror and aggregated to province. Compatible local turnout metadata is unavailable. Aosta Valley's separate direct seat and overseas constituencies are excluded.,0
Catanzaro,https://github.com/ondata/elezionipolitiche2018,,Five Star Movement,Five Star Movement,0,172826,0,172826,0,86414,0,first,,,Italia Europa Insieme,Italia Europa Insieme,715,Italy,IT-PROV-079,official,Ministry-format municipality party-list rows preserved by the OnData mirror and aggregated to province. Compatible local turnout metadata is unavailable. Aosta Valley's separate direct seat and overseas constituencies are excluded.,0
Catanzaro,https://github.com/ondata/elezionipolitiche2018,,Five Star Movement,Five Star Movement,0,172826,0,172826,0,86414,0,first,,,Partito Comunista,Partito Comunista,692,Italy,IT-PROV-079,official,Ministry-format municipality party-list rows preserved by the OnData mirror and aggregated to province. Compatible local turnout metadata is unavailable. Aosta Valley's separate direct seat and overseas constituencies are excluded.,0
Catanzaro,https://github.com/ondata/elezionipolitiche2018,,Five Star Movement,Five Star Movement,0,172826,0,172826,0,86414,0,first,,,Partito Valore Umano,Partito Valore Umano,585,Italy,IT-PROV-079,official,Ministry-format municipality party-list rows preserved by the OnData mirror and aggregated to province. Compatible local turnout metadata is unavailable. Aosta Valley's separate direct seat and overseas constituencies are excluded.,0
Catanzaro,https://github.com/ondata/elezionipolitiche2018,,Five Star Movement,Five Star Movement,0,172826,0,172826,0,86414,0,first,,,Civica Popolare Lorenzin,Civica Popolare Lorenzin,472,Italy,IT-PROV-079,official,Ministry-format municipality party-list rows preserved by the OnData mirror and aggregated to province. Compatible local turnout metadata is unavailable. Aosta Valley's separate direct seat and overseas constituencies are excluded.,0
Catanzaro,https://github.com/ondata/elezionipolitiche2018,,Five Star Movement,Five Star Movement,0,172826,0,172826,0,86414,0,first,,,Per Una Sinistra Rivoluzionaria,Per Una Sinistra Rivoluzionaria,215,Italy,IT-PROV-079,official,Ministry-format municipality party-list rows preserved by the OnData mirror and aggregated to province. Compatible local turnout metadata is unavailable. Aosta Valley's separate direct seat and overseas constituencies are excluded.,0
Catanzaro,https://github.com/ondata/elezionipolitiche2018,,Five Star Movement,Five Star Movement,0,172826,0,172826,0,86414,0,first,,,Lista Del Popolo Per La Costituzione,Lista Del Popolo Per La Costituzione,129,Italy,IT-PROV-079,official,Ministry-format municipality party-list rows preserved by the OnData mirror and aggregated to province. Compatible local turnout metadata is unavailable. Aosta Valley's separate direct seat and overseas constituencies are excluded.,0
Reggio di Calabria,https://github.com/ondata/elezionipolitiche2018,,Five Star Movement,Five Star Movement,0,238080,0,238080,0,119041,0,first,,,Five Star Movement,Five Star Movement,84597,Italy,IT-PROV-080,official,Ministry-format municipality party-list rows preserved by the OnData mirror and aggregated to province. Compatible local turnout metadata is unavailable. Aosta Valley's separate direct seat and overseas constituencies are excluded.,0
Reggio di Calabria,https://github.com/ondata/elezionipolitiche2018,,Five Star Movement,Five Star Movement,0,238080,0,238080,0,119041,0,first,,,Forza Italia,Forza Italia,59492,Italy,IT-PROV-080,official,Ministry-format municipality party-list rows preserved by the OnData mirror and aggregated to province. Compatible local turnout metadata is unavailable. Aosta Valley's separate direct seat and overseas constituencies are excluded.,0
Reggio di Calabria,https://github.com/ondata/elezionipolitiche2018,,Five Star Movement,Five Star Movement,0,238080,0,238080,0,119041,0,first,,,Democratic Party,Democratic Party,31793,Italy,IT-PROV-080,official,Ministry-format municipality party-list rows preserved by the OnData mirror and aggregated to province. Compatible local turnout metadata is unavailable. Aosta Valley's separate direct seat and overseas constituencies are excluded.,0
Reggio di Calabria,https://github.com/ondata/elezionipolitiche2018,,Five Star Movement,Five Star Movement,0,238080,0,238080,0,119041,0,first,,,Lega,Lega,14844,Italy,IT-PROV-080,official,Ministry-format municipality party-list rows preserved by the OnData mirror and aggregated to province. Compatible local turnout metadata is unavailable. Aosta Valley's separate direct seat and overseas constituencies are excluded.,0
Reggio di Calabria,https://github.com/ondata/elezionipolitiche2018,,Five Star Movement,Five Star Movement,0,238080,0,238080,0,119041,0,first,,,Brothers of Italy,Brothers of Italy,12438,Italy,IT-PROV-080,official,Ministry-format municipality party-list rows preserved by the OnData mirror and aggregated to province. Compatible local turnout metadata is unavailable. Aosta Valley's separate direct seat and overseas constituencies are excluded.,0
Reggio di Calabria,https://github.com/ondata/elezionipolitiche2018,,Five Star Movement,Five Star Movement,0,238080,0,238080,0,119041,0,first,,,Free and Equal,Free and Equal,8481,Italy,IT-PROV-080,official,Ministry-format municipality party-list rows preserved by the OnData mirror and aggregated to province. Compatible local turnout metadata is unavailable. Aosta Valley's separate direct seat and overseas constituencies are excluded.,0
Reggio di Calabria,https://github.com/ondata/elezionipolitiche2018,,Five Star Movement,Five Star Movement,0,238080,0,238080,0,119041,0,first,,,Us with Italy–UDC,Us with Italy–UDC,6889,Italy,IT-PROV-080,official,Ministry-format municipality party-list rows preserved by the OnData mirror and aggregated to province. Compatible local turnout metadata is unavailable. Aosta Valley's separate direct seat and overseas constituencies are excluded.,0
Reggio di Calabria,https://github.com/ondata/elezionipolitiche2018,,Five Star Movement,Five Star Movement,0,238080,0,238080,0,119041,0,first,,,Italia Europa Insieme,Italia Europa Insieme,2834,Italy,IT-PROV-080,official,Ministry-format municipality party-list rows preserved by the OnData mirror and aggregated to province. Compatible local turnout metadata is unavailable. Aosta Valley's separate direct seat and overseas constituencies are excluded.,0
Reggio di Calabria,https://github.com/ondata/elezionipolitiche2018,,Five Star Movement,Five Star Movement,0,238080,0,238080,0,119041,0,first,,,More Europe,More Europe,2639,Italy,IT-PROV-080,official,Ministry-format municipality party-list rows preserved by the OnData mirror and aggregated to province. Compatible local turnout metadata is unavailable. Aosta Valley's separate direct seat and overseas constituencies are excluded.,0
Reggio di Calabria,https://github.com/ondata/elezionipolitiche2018,,Five Star Movement,Five Star Movement,0,238080,0,238080,0,119041,0,first,,,Casapound Italia,Casapound Italia,2595,Italy,IT-PROV-080,official,Ministry-format municipality party-list rows preserved by the OnData mirror and aggregated to province. Compatible local turnout metadata is unavailable. Aosta Valley's separate direct seat and overseas constituencies are excluded.,0
Reggio di Calabria,https://github.com/ondata/elezionipolitiche2018,,Five Star Movement,Five Star Movement,0,238080,0,238080,0,119041,0,first,,,Il Popolo Della Famiglia,Il Popolo Della Famiglia,2251,Italy,IT-PROV-080,official,Ministry-format municipality party-list rows preserved by the OnData mirror and aggregated to province. Compatible local turnout metadata is unavailable. Aosta Valley's separate direct seat and overseas constituencies are excluded.,0
Reggio di Calabria,https://github.com/ondata/elezionipolitiche2018,,Five Star Movement,Five Star Movement,0,238080,0,238080,0,119041,0,first,,,Power to the People,Power to the People,2185,Italy,IT-PROV-080,official,Ministry-format municipality party-list rows preserved by the OnData mirror and aggregated to province. Compatible local turnout metadata is unavailable. Aosta Valley's separate direct seat and overseas constituencies are excluded.,0
Reggio di Calabria,https://github.com/ondata/elezionipolitiche2018,,Five Star Movement,Five Star Movement,0,238080,0,238080,0,119041,0,first,,,Partito Valore Umano,Partito Valore Umano,2098,Italy,IT-PROV-080,official,Ministry-format municipality party-list rows preserved by the OnData mirror and aggregated to province. Compatible local turnout metadata is unavailable. Aosta Valley's separate direct seat and overseas constituencies are excluded.,0
Reggio di Calabria,https://github.com/ondata/elezionipolitiche2018,,Five Star Movement,Five Star Movement,0,238080,0,238080,0,119041,0,first,,,Italia Agli Italiani,Italia Agli Italiani,1575,Italy,IT-PROV-080,official,Ministry-format municipality party-list rows preserved by the OnData mirror and aggregated to province. Compatible local turnout metadata is unavailable. Aosta Valley's separate direct seat and overseas constituencies are excluded.,0
Reggio di Calabria,https://github.com/ondata/elezionipolitiche2018,,Five Star Movement,Five Star Movement,0,238080,0,238080,0,119041,0,first,,,Partito Comunista,Partito Comunista,1393,Italy,IT-PROV-080,official,Ministry-format municipality party-list rows preserved by the OnData mirror and aggregated to province. Compatible local turnout metadata is unavailable. Aosta Valley's separate direct seat and overseas constituencies are excluded.,0
Reggio di Calabria,https://github.com/ondata/elezionipolitiche2018,,Five Star Movement,Five Star Movement,0,238080,0,238080,0,119041,0,first,,,Civica Popolare Lorenzin,Civica Popolare Lorenzin,1260,Italy,IT-PROV-080,official,Ministry-format municipality party-list rows preserved by the OnData mirror and aggregated to province. Compatible local turnout metadata is unavailable. Aosta Valley's separate direct seat and overseas constituencies are excluded.,0
Reggio di Calabria,https://github.com/ondata/elezionipolitiche2018,,Five Star Movement,Five Star Movement,0,238080,0,238080,0,119041,0,first,,,Per Una Sinistra Rivoluzionaria,Per Una Sinistra Rivoluzionaria,372,Italy,IT-PROV-080,official,Ministry-format municipality party-list rows preserved by the OnData mirror and aggregated to province. Compatible local turnout metadata is unavailable. Aosta Valley's separate direct seat and overseas constituencies are excluded.,0
Reggio di Calabria,https://github.com/ondata/elezionipolitiche2018,,Five Star Movement,Five Star Movement,0,238080,0,238080,0,119041,0,first,,,Lista Del Popolo Per La Costituzione,Lista Del Popolo Per La Costituzione,344,Italy,IT-PROV-080,official,Ministry-format municipality party-list rows preserved by the OnData mirror and aggregated to province. Compatible local turnout metadata is unavailable. Aosta Valley's separate direct seat and overseas constituencies are excluded.,0
Trapani,https://github.com/ondata/elezionipolitiche2018,,Five Star Movement,Five Star Movement,0,202269,0,202269,0,101135,0,first,,,Five Star Movement,Five Star Movement,105873,Italy,IT-PROV-081,official,Ministry-format municipality party-list rows preserved by the OnData mirror and aggregated to province. Compatible local turnout metadata is unavailable. Aosta Valley's separate direct seat and overseas constituencies are excluded.,0
Trapani,https://github.com/ondata/elezionipolitiche2018,,Five Star Movement,Five Star Movement,0,202269,0,202269,0,101135,0,first,,,Forza Italia,Forza Italia,40320,Italy,IT-PROV-081,official,Ministry-format municipality party-list rows preserved by the OnData mirror and aggregated to province. Compatible local turnout metadata is unavailable. Aosta Valley's separate direct seat and overseas constituencies are excluded.,0
Trapani,https://github.com/ondata/elezionipolitiche2018,,Five Star Movement,Five Star Movement,0,202269,0,202269,0,101135,0,first,,,Democratic Party,Democratic Party,23217,Italy,IT-PROV-081,official,Ministry-format municipality party-list rows preserved by the OnData mirror and aggregated to province. Compatible local turnout metadata is unavailable. Aosta Valley's separate direct seat and overseas constituencies are excluded.,0
Trapani,https://github.com/ondata/elezionipolitiche2018,,Five Star Movement,Five Star Movement,0,202269,0,202269,0,101135,0,first,,,Lega,Lega,9142,Italy,IT-PROV-081,official,Ministry-format municipality party-list rows preserved by the OnData mirror and aggregated to province. Compatible local turnout metadata is unavailable. Aosta Valley's separate direct seat and overseas constituencies are excluded.,0
Trapani,https://github.com/ondata/elezionipolitiche2018,,Five Star Movement,Five Star Movement,0,202269,0,202269,0,101135,0,first,,,Brothers of Italy,Brothers of Italy,5804,Italy,IT-PROV-081,official,Ministry-format municipality party-list rows preserved by the OnData mirror and aggregated to province. Compatible local turnout metadata is unavailable. Aosta Valley's separate direct seat and overseas constituencies are excluded.,0
Trapani,https://github.com/ondata/elezionipolitiche2018,,Five Star Movement,Five Star Movement,0,202269,0,202269,0,101135,0,first,,,Us with Italy–UDC,Us with Italy–UDC,5350,Italy,IT-PROV-081,official,Ministry-format municipality party-list rows preserved by the OnData mirror and aggregated to province. Compatible local turnout metadata is unavailable. Aosta Valley's separate direct seat and overseas constituencies are excluded.,0
Trapani,https://github.com/ondata/elezionipolitiche2018,,Five Star Movement,Five Star Movement,0,202269,0,202269,0,101135,0,first,,,Free and Equal,Free and Equal,4065,Italy,IT-PROV-081,official,Ministry-format municipality party-list rows preserved by the OnData mirror and aggregated to province. Compatible local turnout metadata is unavailable. Aosta Valley's separate direct seat and overseas constituencies are excluded.,0
Trapani,https://github.com/ondata/elezionipolitiche2018,,Five Star Movement,Five Star Movement,0,202269,0,202269,0,101135,0,first,,,Il Popolo Della Famiglia,Il Popolo Della Famiglia,2099,Italy,IT-PROV-081,official,Ministry-format municipality party-list rows preserved by the OnData mirror and aggregated to province. Compatible local turnout metadata is unavailable. Aosta Valley's separate direct seat and overseas constituencies are excluded.,0
Trapani,https://github.com/ondata/elezionipolitiche2018,,Five Star Movement,Five Star Movement,0,202269,0,202269,0,101135,0,first,,,More Europe,More Europe,1652,Italy,IT-PROV-081,official,Ministry-format municipality party-list rows preserved by the OnData mirror and aggregated to province. Compatible local turnout metadata is unavailable. Aosta Valley's separate direct seat and overseas constituencies are excluded.,0
Trapani,https://github.com/ondata/elezionipolitiche2018,,Five Star Movement,Five Star Movement,0,202269,0,202269,0,101135,0,first,,,Italia Europa Insieme,Italia Europa Insieme,1365,Italy,IT-PROV-081,official,Ministry-format municipality party-list rows preserved by the OnData mirror and aggregated to province. Compatible local turnout metadata is unavailable. Aosta Valley's separate direct seat and overseas constituencies are excluded.,0
Trapani,https://github.com/ondata/elezionipolitiche2018,,Five Star Movement,Five Star Movement,0,202269,0,202269,0,101135,0,first,,,Italia Agli Italiani,Italia Agli Italiani,880,Italy,IT-PROV-081,official,Ministry-format municipality party-list rows preserved by the OnData mirror and aggregated to province. Compatible local turnout metadata is unavailable. Aosta Valley's separate direct seat and overseas constituencies are excluded.,0
Trapani,https://github.com/ondata/elezionipolitiche2018,,Five Star Movement,Five Star Movement,0,202269,0,202269,0,101135,0,first,,,Casapound Italia,Casapound Italia,790,Italy,IT-PROV-081,official,Ministry-format municipality party-list rows preserved by the OnData mirror and aggregated to province. Compatible local turnout metadata is unavailable. Aosta Valley's separate direct seat and overseas constituencies are excluded.,0
Trapani,https://github.com/ondata/elezionipolitiche2018,,Five Star Movement,Five Star Movement,0,202269,0,202269,0,101135,0,first,,,Power to the People,Power to the People,739,Italy,IT-PROV-081,official,Ministry-format municipality party-list rows preserved by the OnData mirror and aggregated to province. Compatible local turnout metadata is unavailable. Aosta Valley's separate direct seat and overseas constituencies are excluded.,0
Trapani,https://github.com/ondata/elezionipolitiche2018,,Five Star Movement,Five Star Movement,0,202269,0,202269,0,101135,0,first,,,Civica Popolare Lorenzin,Civica Popolare Lorenzin,462,Italy,IT-PROV-081,official,Ministry-format municipality party-list rows preserved by the OnData mirror and aggregated to province. Compatible local turnout metadata is unavailable. Aosta Valley's separate direct seat and overseas constituencies are excluded.,0
Trapani,https://github.com/ondata/elezionipolitiche2018,,Five Star Movement,Five Star Movement,0,202269,0,202269,0,101135,0,first,,,Partito Comunista,Partito Comunista,308,Italy,IT-PROV-081,official,Ministry-format municipality party-list rows preserved by the OnData mirror and aggregated to province. Compatible local turnout metadata is unavailable. Aosta Valley's separate direct seat and overseas constituencies are excluded.,0
Trapani,https://github.com/ondata/elezionipolitiche2018,,Five Star Movement,Five Star Movement,0,202269,0,202269,0,101135,0,first,,,Lista Del Popolo Per La Costituzione,Lista Del Popolo Per La Costituzione,203,Italy,IT-PROV-081,official,Ministry-format municipality party-list rows preserved by the OnData mirror and aggregated to province. Compatible local turnout metadata is unavailable. Aosta Valley's separate direct seat and overseas constituencies are excluded.,0
Palermo,https://github.com/ondata/elezionipolitiche2018,,Five Star Movement,Five Star Movement,0,577958,0,577958,0,288980,0,first,,,Five Star Movement,Five Star Movement,263351,Italy,IT-PROV-082,official,Ministry-format municipality party-list rows preserved by the OnData mirror and aggregated to province. Compatible local turnout metadata is unavailable. Aosta Valley's separate direct seat and overseas constituencies are excluded.,0
Palermo,https://github.com/ondata/elezionipolitiche2018,,Five Star Movement,Five Star Movement,0,577958,0,577958,0,288980,0,first,,,Forza Italia,Forza Italia,134438,Italy,IT-PROV-082,official,Ministry-format municipality party-list rows preserved by the OnData mirror and aggregated to province. Compatible local turnout metadata is unavailable. Aosta Valley's separate direct seat and overseas constituencies are excluded.,0
Palermo,https://github.com/ondata/elezionipolitiche2018,,Five Star Movement,Five Star Movement,0,577958,0,577958,0,288980,0,first,,,Democratic Party,Democratic Party,60905,Italy,IT-PROV-082,official,Ministry-format municipality party-list rows preserved by the OnData mirror and aggregated to province. Compatible local turnout metadata is unavailable. Aosta Valley's separate direct seat and overseas constituencies are excluded.,0
Palermo,https://github.com/ondata/elezionipolitiche2018,,Five Star Movement,Five Star Movement,0,577958,0,577958,0,288980,0,first,,,Lega,Lega,29808,Italy,IT-PROV-082,official,Ministry-format municipality party-list rows preserved by the OnData mirror and aggregated to province. Compatible local turnout metadata is unavailable. Aosta Valley's separate direct seat and overseas constituencies are excluded.,0
Palermo,https://github.com/ondata/elezionipolitiche2018,,Five Star Movement,Five Star Movement,0,577958,0,577958,0,288980,0,first,,,Brothers of Italy,Brothers of Italy,20488,Italy,IT-PROV-082,official,Ministry-format municipality party-list rows preserved by the OnData mirror and aggregated to province. Compatible local turnout metadata is unavailable. Aosta Valley's separate direct seat and overseas constituencies are excluded.,0
Palermo,https://github.com/ondata/elezionipolitiche2018,,Five Star Movement,Five Star Movement,0,577958,0,577958,0,288980,0,first,,,Free and Equal,Free and Equal,20421,Italy,IT-PROV-082,official,Ministry-format municipality party-list rows preserved by the OnData mirror and aggregated to province. Compatible local turnout metadata is unavailable. Aosta Valley's separate direct seat and overseas constituencies are excluded.,0
Palermo,https://github.com/ondata/elezionipolitiche2018,,Five Star Movement,Five Star Movement,0,577958,0,577958,0,288980,0,first,,,Us with Italy–UDC,Us with Italy–UDC,17716,Italy,IT-PROV-082,official,Ministry-format municipality party-list rows preserved by the OnData mirror and aggregated to province. Compatible local turnout metadata is unavailable. Aosta Valley's separate direct seat and overseas constituencies are excluded.,0
Palermo,https://github.com/ondata/elezionipolitiche2018,,Five Star Movement,Five Star Movement,0,577958,0,577958,0,288980,0,first,,,More Europe,More Europe,9073,Italy,IT-PROV-082,official,Ministry-format municipality party-list rows preserved by the OnData mirror and aggregated to province. Compatible local turnout metadata is unavailable. Aosta Valley's separate direct seat and overseas constituencies are excluded.,0
Palermo,https://github.com/ondata/elezionipolitiche2018,,Five Star Movement,Five Star Movement,0,577958,0,577958,0,288980,0,first,,,Il Popolo Della Famiglia,Il Popolo Della Famiglia,7538,Italy,IT-PROV-082,official,Ministry-format municipality party-list rows preserved by the OnData mirror and aggregated to province. Compatible local turnout metadata is unavailable. Aosta Valley's separate direct seat and overseas constituencies are excluded.,0
Palermo,https://github.com/ondata/elezionipolitiche2018,,Five Star Movement,Five Star Movement,0,577958,0,577958,0,288980,0,first,,,Power to the People,Power to the People,4825,Italy,IT-PROV-082,official,Ministry-format municipality party-list rows preserved by the OnData mirror and aggregated to province. Compatible local turnout metadata is unavailable. Aosta Valley's separate direct seat and overseas constituencies are excluded.,0
Palermo,https://github.com/ondata/elezionipolitiche2018,,Five Star Movement,Five Star Movement,0,577958,0,577958,0,288980,0,first,,,Italia Agli Italiani,Italia Agli Italiani,2394,Italy,IT-PROV-082,official,Ministry-format municipality party-list rows preserved by the OnData mirror and aggregated to province. Compatible local turnout metadata is unavailable. Aosta Valley's separate direct seat and overseas constituencies are excluded.,0
Palermo,https://github.com/ondata/elezionipolitiche2018,,Five Star Movement,Five Star Movement,0,577958,0,577958,0,288980,0,first,,,Italia Europa Insieme,Italia Europa Insieme,1961,Italy,IT-PROV-082,official,Ministry-format municipality party-list rows preserved by the OnData mirror and aggregated to province. Compatible local turnout metadata is unavailable. Aosta Valley's separate direct seat and overseas constituencies are excluded.,0
Palermo,https://github.com/ondata/elezionipolitiche2018,,Five Star Movement,Five Star Movement,0,577958,0,577958,0,288980,0,first,,,Casapound Italia,Casapound Italia,1868,Italy,IT-PROV-082,official,Ministry-format municipality party-list rows preserved by the OnData mirror and aggregated to province. Compatible local turnout metadata is unavailable. Aosta Valley's separate direct seat and overseas constituencies are excluded.,0
Palermo,https://github.com/ondata/elezionipolitiche2018,,Five Star Movement,Five Star Movement,0,577958,0,577958,0,288980,0,first,,,Partito Comunista,Partito Comunista,1465,Italy,IT-PROV-082,official,Ministry-format municipality party-list rows preserved by the OnData mirror and aggregated to province. Compatible local turnout metadata is unavailable. Aosta Valley's separate direct seat and overseas constituencies are excluded.,0
Palermo,https://github.com/ondata/elezionipolitiche2018,,Five Star Movement,Five Star Movement,0,577958,0,577958,0,288980,0,first,,,Civica Popolare Lorenzin,Civica Popolare Lorenzin,1261,Italy,IT-PROV-082,official,Ministry-format municipality party-list rows preserved by the OnData mirror and aggregated to province. Compatible local turnout metadata is unavailable. Aosta Valley's separate direct seat and overseas constituencies are excluded.,0
Palermo,https://github.com/ondata/elezionipolitiche2018,,Five Star Movement,Five Star Movement,0,577958,0,577958,0,288980,0,first,,,Lista Del Popolo Per La Costituzione,Lista Del Popolo Per La Costituzione,446,Italy,IT-PROV-082,official,Ministry-format municipality party-list rows preserved by the OnData mirror and aggregated to province. Compatible local turnout metadata is unavailable. Aosta Valley's separate direct seat and overseas constituencies are excluded.,0
Messina,https://github.com/ondata/elezionipolitiche2018,,Five Star Movement,Five Star Movement,0,308935,0,308935,0,154468,0,first,,,Five Star Movement,Five Star Movement,134301,Italy,IT-PROV-083,official,Ministry-format municipality party-list rows preserved by the OnData mirror and aggregated to province. Compatible local turnout metadata is unavailable. Aosta Valley's separate direct seat and overseas constituencies are excluded.,0
Messina,https://github.com/ondata/elezionipolitiche2018,,Five Star Movement,Five Star Movement,0,308935,0,308935,0,154468,0,first,,,Forza Italia,Forza Italia,68578,Italy,IT-PROV-083,official,Ministry-format municipality party-list rows preserved by the OnData mirror and aggregated to province. Compatible local turnout metadata is unavailable. Aosta Valley's separate direct seat and overseas constituencies are excluded.,0
Messina,https://github.com/ondata/elezionipolitiche2018,,Five Star Movement,Five Star Movement,0,308935,0,308935,0,154468,0,first,,,Democratic Party,Democratic Party,44724,Italy,IT-PROV-083,official,Ministry-format municipality party-list rows preserved by the OnData mirror and aggregated to province. Compatible local turnout metadata is unavailable. Aosta Valley's separate direct seat and overseas constituencies are excluded.,0
Messina,https://github.com/ondata/elezionipolitiche2018,,Five Star Movement,Five Star Movement,0,308935,0,308935,0,154468,0,first,,,Lega,Lega,18837,Italy,IT-PROV-083,official,Ministry-format municipality party-list rows preserved by the OnData mirror and aggregated to province. Compatible local turnout metadata is unavailable. Aosta Valley's separate direct seat and overseas constituencies are excluded.,0
Messina,https://github.com/ondata/elezionipolitiche2018,,Five Star Movement,Five Star Movement,0,308935,0,308935,0,154468,0,first,,,Brothers of Italy,Brothers of Italy,12378,Italy,IT-PROV-083,official,Ministry-format municipality party-list rows preserved by the OnData mirror and aggregated to province. Compatible local turnout metadata is unavailable. Aosta Valley's separate direct seat and overseas constituencies are excluded.,0
Messina,https://github.com/ondata/elezionipolitiche2018,,Five Star Movement,Five Star Movement,0,308935,0,308935,0,154468,0,first,,,Free and Equal,Free and Equal,8877,Italy,IT-PROV-083,official,Ministry-format municipality party-list rows preserved by the OnData mirror and aggregated to province. Compatible local turnout metadata is unavailable. Aosta Valley's separate direct seat and overseas constituencies are excluded.,0
Messina,https://github.com/ondata/elezionipolitiche2018,,Five Star Movement,Five Star Movement,0,308935,0,308935,0,154468,0,first,,,Civica Popolare Lorenzin,Civica Popolare Lorenzin,3962,Italy,IT-PROV-083,official,Ministry-format municipality party-list rows preserved by the OnData mirror and aggregated to province. Compatible local turnout metadata is unavailable. Aosta Valley's separate direct seat and overseas constituencies are excluded.,0
Messina,https://github.com/ondata/elezionipolitiche2018,,Five Star Movement,Five Star Movement,0,308935,0,308935,0,154468,0,first,,,Us with Italy–UDC,Us with Italy–UDC,3364,Italy,IT-PROV-083,official,Ministry-format municipality party-list rows preserved by the OnData mirror and aggregated to province. Compatible local turnout metadata is unavailable. Aosta Valley's separate direct seat and overseas constituencies are excluded.,0
Messina,https://github.com/ondata/elezionipolitiche2018,,Five Star Movement,Five Star Movement,0,308935,0,308935,0,154468,0,first,,,More Europe,More Europe,3329,Italy,IT-PROV-083,official,Ministry-format municipality party-list rows preserved by the OnData mirror and aggregated to province. Compatible local turnout metadata is unavailable. Aosta Valley's separate direct seat and overseas constituencies are excluded.,0
Messina,https://github.com/ondata/elezionipolitiche2018,,Five Star Movement,Five Star Movement,0,308935,0,308935,0,154468,0,first,,,Il Popolo Della Famiglia,Il Popolo Della Famiglia,2497,Italy,IT-PROV-083,official,Ministry-format municipality party-list rows preserved by the OnData mirror and aggregated to province. Compatible local turnout metadata is unavailable. Aosta Valley's separate direct seat and overseas constituencies are excluded.,0
Messina,https://github.com/ondata/elezionipolitiche2018,,Five Star Movement,Five Star Movement,0,308935,0,308935,0,154468,0,first,,,Power to the People,Power to the People,2065,Italy,IT-PROV-083,official,Ministry-format municipality party-list rows preserved by the OnData mirror and aggregated to province. Compatible local turnout metadata is unavailable. Aosta Valley's separate direct seat and overseas constituencies are excluded.,0
Messina,https://github.com/ondata/elezionipolitiche2018,,Five Star Movement,Five Star Movement,0,308935,0,308935,0,154468,0,first,,,Casapound Italia,Casapound Italia,2049,Italy,IT-PROV-083,official,Ministry-format municipality party-list rows preserved by the OnData mirror and aggregated to province. Compatible local turnout metadata is unavailable. Aosta Valley's separate direct seat and overseas constituencies are excluded.,0
Messina,https://github.com/ondata/elezionipolitiche2018,,Five Star Movement,Five Star Movement,0,308935,0,308935,0,154468,0,first,,,Italia Europa Insieme,Italia Europa Insieme,1730,Italy,IT-PROV-083,official,Ministry-format municipality party-list rows preserved by the OnData mirror and aggregated to province. Compatible local turnout metadata is unavailable. Aosta Valley's separate direct seat and overseas constituencies are excluded.,0
Messina,https://github.com/ondata/elezionipolitiche2018,,Five Star Movement,Five Star Movement,0,308935,0,308935,0,154468,0,first,,,Italia Agli Italiani,Italia Agli Italiani,1036,Italy,IT-PROV-083,official,Ministry-format municipality party-list rows preserved by the OnData mirror and aggregated to province. Compatible local turnout metadata is unavailable. Aosta Valley's separate direct seat and overseas constituencies are excluded.,0
Messina,https://github.com/ondata/elezionipolitiche2018,,Five Star Movement,Five Star Movement,0,308935,0,308935,0,154468,0,first,,,Partito Comunista,Partito Comunista,942,Italy,IT-PROV-083,official,Ministry-format municipality party-list rows preserved by the OnData mirror and aggregated to province. Compatible local turnout metadata is unavailable. Aosta Valley's separate direct seat and overseas constituencies are excluded.,0
Messina,https://github.com/ondata/elezionipolitiche2018,,Five Star Movement,Five Star Movement,0,308935,0,308935,0,154468,0,first,,,Lista Del Popolo Per La Costituzione,Lista Del Popolo Per La Costituzione,246,Italy,IT-PROV-083,official,Ministry-format municipality party-list rows preserved by the OnData mirror and aggregated to province. Compatible local turnout metadata is unavailable. Aosta Valley's separate direct seat and overseas constituencies are excluded.,0
Messina,https://github.com/ondata/elezionipolitiche2018,,Five Star Movement,Five Star Movement,0,308935,0,308935,0,154468,0,first,,,Partito Valore Umano,Partito Valore Umano,20,Italy,IT-PROV-083,official,Ministry-format municipality party-list rows preserved by the OnData mirror and aggregated to province. Compatible local turnout metadata is unavailable. Aosta Valley's separate direct seat and overseas constituencies are excluded.,0
Agrigento,https://github.com/ondata/elezionipolitiche2018,,Five Star Movement,Five Star Movement,0,192815,0,192815,0,96408,0,first,,,Five Star Movement,Five Star Movement,99436,Italy,IT-PROV-084,official,Ministry-format municipality party-list rows preserved by the OnData mirror and aggregated to province. Compatible local turnout metadata is unavailable. Aosta Valley's separate direct seat and overseas constituencies are excluded.,0
Agrigento,https://github.com/ondata/elezionipolitiche2018,,Five Star Movement,Five Star Movement,0,192815,0,192815,0,96408,0,first,,,Forza Italia,Forza Italia,33921,Italy,IT-PROV-084,official,Ministry-format municipality party-list rows preserved by the OnData mirror and aggregated to province. Compatible local turnout metadata is unavailable. Aosta Valley's separate direct seat and overseas constituencies are excluded.,0
Agrigento,https://github.com/ondata/elezionipolitiche2018,,Five Star Movement,Five Star Movement,0,192815,0,192815,0,96408,0,first,,,Democratic Party,Democratic Party,17725,Italy,IT-PROV-084,official,Ministry-format municipality party-list rows preserved by the OnData mirror and aggregated to province. Compatible local turnout metadata is unavailable. Aosta Valley's separate direct seat and overseas constituencies are excluded.,0
Agrigento,https://github.com/ondata/elezionipolitiche2018,,Five Star Movement,Five Star Movement,0,192815,0,192815,0,96408,0,first,,,Lega,Lega,10132,Italy,IT-PROV-084,official,Ministry-format municipality party-list rows preserved by the OnData mirror and aggregated to province. Compatible local turnout metadata is unavailable. Aosta Valley's separate direct seat and overseas constituencies are excluded.,0
Agrigento,https://github.com/ondata/elezionipolitiche2018,,Five Star Movement,Five Star Movement,0,192815,0,192815,0,96408,0,first,,,Brothers of Italy,Brothers of Italy,8059,Italy,IT-PROV-084,official,Ministry-format municipality party-list rows preserved by the OnData mirror and aggregated to province. Compatible local turnout metadata is unavailable. Aosta Valley's separate direct seat and overseas constituencies are excluded.,0
Agrigento,https://github.com/ondata/elezionipolitiche2018,,Five Star Movement,Five Star Movement,0,192815,0,192815,0,96408,0,first,,,Us with Italy–UDC,Us with Italy–UDC,7153,Italy,IT-PROV-084,official,Ministry-format municipality party-list rows preserved by the OnData mirror and aggregated to province. Compatible local turnout metadata is unavailable. Aosta Valley's separate direct seat and overseas constituencies are excluded.,0
Agrigento,https://github.com/ondata/elezionipolitiche2018,,Five Star Movement,Five Star Movement,0,192815,0,192815,0,96408,0,first,,,Free and Equal,Free and Equal,5208,Italy,IT-PROV-084,official,Ministry-format municipality party-list rows preserved by the OnData mirror and aggregated to province. Compatible local turnout metadata is unavailable. Aosta Valley's separate direct seat and overseas constituencies are excluded.,0
Agrigento,https://github.com/ondata/elezionipolitiche2018,,Five Star Movement,Five Star Movement,0,192815,0,192815,0,96408,0,first,,,Civica Popolare Lorenzin,Civica Popolare Lorenzin,2477,Italy,IT-PROV-084,official,Ministry-format municipality party-list rows preserved by the OnData mirror and aggregated to province. Compatible local turnout metadata is unavailable. Aosta Valley's separate direct seat and overseas constituencies are excluded.,0
Agrigento,https://github.com/ondata/elezionipolitiche2018,,Five Star Movement,Five Star Movement,0,192815,0,192815,0,96408,0,first,,,Il Popolo Della Famiglia,Il Popolo Della Famiglia,2343,Italy,IT-PROV-084,official,Ministry-format municipality party-list rows preserved by the OnData mirror and aggregated to province. Compatible local turnout metadata is unavailable. Aosta Valley's separate direct seat and overseas constituencies are excluded.,0
Agrigento,https://github.com/ondata/elezionipolitiche2018,,Five Star Movement,Five Star Movement,0,192815,0,192815,0,96408,0,first,,,Power to the People,Power to the People,1759,Italy,IT-PROV-084,official,Ministry-format municipality party-list rows preserved by the OnData mirror and aggregated to province. Compatible local turnout metadata is unavailable. Aosta Valley's separate direct seat and overseas constituencies are excluded.,0
Agrigento,https://github.com/ondata/elezionipolitiche2018,,Five Star Movement,Five Star Movement,0,192815,0,192815,0,96408,0,first,,,More Europe,More Europe,1313,Italy,IT-PROV-084,official,Ministry-format municipality party-list rows preserved by the OnData mirror and aggregated to province. Compatible local turnout metadata is unavailable. Aosta Valley's separate direct seat and overseas constituencies are excluded.,0
Agrigento,https://github.com/ondata/elezionipolitiche2018,,Five Star Movement,Five Star Movement,0,192815,0,192815,0,96408,0,first,,,Italia Agli Italiani,Italia Agli Italiani,1161,Italy,IT-PROV-084,official,Ministry-format municipality party-list rows preserved by the OnData mirror and aggregated to province. Compatible local turnout metadata is unavailable. Aosta Valley's separate direct seat and overseas constituencies are excluded.,0
Agrigento,https://github.com/ondata/elezionipolitiche2018,,Five Star Movement,Five Star Movement,0,192815,0,192815,0,96408,0,first,,,Casapound Italia,Casapound Italia,834,Italy,IT-PROV-084,official,Ministry-format municipality party-list rows preserved by the OnData mirror and aggregated to province. Compatible local turnout metadata is unavailable. Aosta Valley's separate direct seat and overseas constituencies are excluded.,0
Agrigento,https://github.com/ondata/elezionipolitiche2018,,Five Star Movement,Five Star Movement,0,192815,0,192815,0,96408,0,first,,,Italia Europa Insieme,Italia Europa Insieme,708,Italy,IT-PROV-084,official,Ministry-format municipality party-list rows preserved by the OnData mirror and aggregated to province. Compatible local turnout metadata is unavailable. Aosta Valley's separate direct seat and overseas constituencies are excluded.,0
Agrigento,https://github.com/ondata/elezionipolitiche2018,,Five Star Movement,Five Star Movement,0,192815,0,192815,0,96408,0,first,,,Lista Del Popolo Per La Costituzione,Lista Del Popolo Per La Costituzione,586,Italy,IT-PROV-084,official,Ministry-format municipality party-list rows preserved by the OnData mirror and aggregated to province. Compatible local turnout metadata is unavailable. Aosta Valley's separate direct seat and overseas constituencies are excluded.,0
Caltanissetta,https://github.com/ondata/elezionipolitiche2018,,Five Star Movement,Five Star Movement,0,121462,0,121462,0,60732,0,first,,,Five Star Movement,Five Star Movement,58262,Italy,IT-PROV-085,official,Ministry-format municipality party-list rows preserved by the OnData mirror and aggregated to province. Compatible local turnout metadata is unavailable. Aosta Valley's separate direct seat and overseas constituencies are excluded.,0
Caltanissetta,https://github.com/ondata/elezionipolitiche2018,,Five Star Movement,Five Star Movement,0,121462,0,121462,0,60732,0,first,,,Forza Italia,Forza Italia,26288,Italy,IT-PROV-085,official,Ministry-format municipality party-list rows preserved by the OnData mirror and aggregated to province. Compatible local turnout metadata is unavailable. Aosta Valley's separate direct seat and overseas constituencies are excluded.,0
Caltanissetta,https://github.com/ondata/elezionipolitiche2018,,Five Star Movement,Five Star Movement,0,121462,0,121462,0,60732,0,first,,,Democratic Party,Democratic Party,11193,Italy,IT-PROV-085,official,Ministry-format municipality party-list rows preserved by the OnData mirror and aggregated to province. Compatible local turnout metadata is unavailable. Aosta Valley's separate direct seat and overseas constituencies are excluded.,0
Caltanissetta,https://github.com/ondata/elezionipolitiche2018,,Five Star Movement,Five Star Movement,0,121462,0,121462,0,60732,0,first,,,Lega,Lega,8642,Italy,IT-PROV-085,official,Ministry-format municipality party-list rows preserved by the OnData mirror and aggregated to province. Compatible local turnout metadata is unavailable. Aosta Valley's separate direct seat and overseas constituencies are excluded.,0
Caltanissetta,https://github.com/ondata/elezionipolitiche2018,,Five Star Movement,Five Star Movement,0,121462,0,121462,0,60732,0,first,,,Brothers of Italy,Brothers of Italy,5222,Italy,IT-PROV-085,official,Ministry-format municipality party-list rows preserved by the OnData mirror and aggregated to province. Compatible local turnout metadata is unavailable. Aosta Valley's separate direct seat and overseas constituencies are excluded.,0
Caltanissetta,https://github.com/ondata/elezionipolitiche2018,,Five Star Movement,Five Star Movement,0,121462,0,121462,0,60732,0,first,,,Free and Equal,Free and Equal,3304,Italy,IT-PROV-085,official,Ministry-format municipality party-list rows preserved by the OnData mirror and aggregated to province. Compatible local turnout metadata is unavailable. Aosta Valley's separate direct seat and overseas constituencies are excluded.,0
Caltanissetta,https://github.com/ondata/elezionipolitiche2018,,Five Star Movement,Five Star Movement,0,121462,0,121462,0,60732,0,first,,,Us with Italy–UDC,Us with Italy–UDC,3027,Italy,IT-PROV-085,official,Ministry-format municipality party-list rows preserved by the OnData mirror and aggregated to province. Compatible local turnout metadata is unavailable. Aosta Valley's separate direct seat and overseas constituencies are excluded.,0
Caltanissetta,https://github.com/ondata/elezionipolitiche2018,,Five Star Movement,Five Star Movement,0,121462,0,121462,0,60732,0,first,,,Il Popolo Della Famiglia,Il Popolo Della Famiglia,1651,Italy,IT-PROV-085,official,Ministry-format municipality party-list rows preserved by the OnData mirror and aggregated to province. Compatible local turnout metadata is unavailable. Aosta Valley's separate direct seat and overseas constituencies are excluded.,0
Caltanissetta,https://github.com/ondata/elezionipolitiche2018,,Five Star Movement,Five Star Movement,0,121462,0,121462,0,60732,0,first,,,Italia Europa Insieme,Italia Europa Insieme,1081,Italy,IT-PROV-085,official,Ministry-format municipality party-list rows preserved by the OnData mirror and aggregated to province. Compatible local turnout metadata is unavailable. Aosta Valley's separate direct seat and overseas constituencies are excluded.,0
Caltanissetta,https://github.com/ondata/elezionipolitiche2018,,Five Star Movement,Five Star Movement,0,121462,0,121462,0,60732,0,first,,,More Europe,More Europe,1018,Italy,IT-PROV-085,official,Ministry-format municipality party-list rows preserved by the OnData mirror and aggregated to province. Compatible local turnout metadata is unavailable. Aosta Valley's separate direct seat and overseas constituencies are excluded.,0
Caltanissetta,https://github.com/ondata/elezionipolitiche2018,,Five Star Movement,Five Star Movement,0,121462,0,121462,0,60732,0,first,,,Power to the People,Power to the People,664,Italy,IT-PROV-085,official,Ministry-format municipality party-list rows preserved by the OnData mirror and aggregated to province. Compatible local turnout metadata is unavailable. Aosta Valley's separate direct seat and overseas constituencies are excluded.,0
Caltanissetta,https://github.com/ondata/elezionipolitiche2018,,Five Star Movement,Five Star Movement,0,121462,0,121462,0,60732,0,first,,,Casapound Italia,Casapound Italia,450,Italy,IT-PROV-085,official,Ministry-format municipality party-list rows preserved by the OnData mirror and aggregated to province. Compatible local turnout metadata is unavailable. Aosta Valley's separate direct seat and overseas constituencies are excluded.,0
Caltanissetta,https://github.com/ondata/elezionipolitiche2018,,Five Star Movement,Five Star Movement,0,121462,0,121462,0,60732,0,first,,,Italia Agli Italiani,Italia Agli Italiani,352,Italy,IT-PROV-085,official,Ministry-format municipality party-list rows preserved by the OnData mirror and aggregated to province. Compatible local turnout metadata is unavailable. Aosta Valley's separate direct seat and overseas constituencies are excluded.,0
Caltanissetta,https://github.com/ondata/elezionipolitiche2018,,Five Star Movement,Five Star Movement,0,121462,0,121462,0,60732,0,first,,,Civica Popolare Lorenzin,Civica Popolare Lorenzin,268,Italy,IT-PROV-085,official,Ministry-format municipality party-list rows preserved by the OnData mirror and aggregated to province. Compatible local turnout metadata is unavailable. Aosta Valley's separate direct seat and overseas constituencies are excluded.,0
Caltanissetta,https://github.com/ondata/elezionipolitiche2018,,Five Star Movement,Five Star Movement,0,121462,0,121462,0,60732,0,first,,,Partito Comunista,Partito Comunista,30,Italy,IT-PROV-085,official,Ministry-format municipality party-list rows preserved by the OnData mirror and aggregated to province. Compatible local turnout metadata is unavailable. Aosta Valley's separate direct seat and overseas constituencies are excluded.,0
Caltanissetta,https://github.com/ondata/elezionipolitiche2018,,Five Star Movement,Five Star Movement,0,121462,0,121462,0,60732,0,first,,,Lista Del Popolo Per La Costituzione,Lista Del Popolo Per La Costituzione,5,Italy,IT-PROV-085,official,Ministry-format municipality party-list rows preserved by the OnData mirror and aggregated to province. Compatible local turnout metadata is unavailable. Aosta Valley's separate direct seat and overseas constituencies are excluded.,0
Caltanissetta,https://github.com/ondata/elezionipolitiche2018,,Five Star Movement,Five Star Movement,0,121462,0,121462,0,60732,0,first,,,Partito Valore Umano,Partito Valore Umano,5,Italy,IT-PROV-085,official,Ministry-format municipality party-list rows preserved by the OnData mirror and aggregated to province. Compatible local turnout metadata is unavailable. Aosta Valley's separate direct seat and overseas constituencies are excluded.,0
Enna,https://github.com/ondata/elezionipolitiche2018,,Five Star Movement,Five Star Movement,0,78361,0,78361,0,39181,0,first,,,Five Star Movement,Five Star Movement,39649,Italy,IT-PROV-086,official,Ministry-format municipality party-list rows preserved by the OnData mirror and aggregated to province. Compatible local turnout metadata is unavailable. Aosta Valley's separate direct seat and overseas constituencies are excluded.,0
Enna,https://github.com/ondata/elezionipolitiche2018,,Five Star Movement,Five Star Movement,0,78361,0,78361,0,39181,0,first,,,Forza Italia,Forza Italia,13862,Italy,IT-PROV-086,official,Ministry-format municipality party-list rows preserved by the OnData mirror and aggregated to province. Compatible local turnout metadata is unavailable. Aosta Valley's separate direct seat and overseas constituencies are excluded.,0
Enna,https://github.com/ondata/elezionipolitiche2018,,Five Star Movement,Five Star Movement,0,78361,0,78361,0,39181,0,first,,,Democratic Party,Democratic Party,10503,Italy,IT-PROV-086,official,Ministry-format municipality party-list rows preserved by the OnData mirror and aggregated to province. Compatible local turnout metadata is unavailable. Aosta Valley's separate direct seat and overseas constituencies are excluded.,0
Enna,https://github.com/ondata/elezionipolitiche2018,,Five Star Movement,Five Star Movement,0,78361,0,78361,0,39181,0,first,,,Lega,Lega,3692,Italy,IT-PROV-086,official,Ministry-format municipality party-list rows preserved by the OnData mirror and aggregated to province. Compatible local turnout metadata is unavailable. Aosta Valley's separate direct seat and overseas constituencies are excluded.,0
Enna,https://github.com/ondata/elezionipolitiche2018,,Five Star Movement,Five Star Movement,0,78361,0,78361,0,39181,0,first,,,Free and Equal,Free and Equal,2727,Italy,IT-PROV-086,official,Ministry-format municipality party-list rows preserved by the OnData mirror and aggregated to province. Compatible local turnout metadata is unavailable. Aosta Valley's separate direct seat and overseas constituencies are excluded.,0
Enna,https://github.com/ondata/elezionipolitiche2018,,Five Star Movement,Five Star Movement,0,78361,0,78361,0,39181,0,first,,,Brothers of Italy,Brothers of Italy,2346,Italy,IT-PROV-086,official,Ministry-format municipality party-list rows preserved by the OnData mirror and aggregated to province. Compatible local turnout metadata is unavailable. Aosta Valley's separate direct seat and overseas constituencies are excluded.,0
Enna,https://github.com/ondata/elezionipolitiche2018,,Five Star Movement,Five Star Movement,0,78361,0,78361,0,39181,0,first,,,Us with Italy–UDC,Us with Italy–UDC,1506,Italy,IT-PROV-086,official,Ministry-format municipality party-list rows preserved by the OnData mirror and aggregated to province. Compatible local turnout metadata is unavailable. Aosta Valley's separate direct seat and overseas constituencies are excluded.,0
Enna,https://github.com/ondata/elezionipolitiche2018,,Five Star Movement,Five Star Movement,0,78361,0,78361,0,39181,0,first,,,More Europe,More Europe,926,Italy,IT-PROV-086,official,Ministry-format municipality party-list rows preserved by the OnData mirror and aggregated to province. Compatible local turnout metadata is unavailable. Aosta Valley's separate direct seat and overseas constituencies are excluded.,0
Enna,https://github.com/ondata/elezionipolitiche2018,,Five Star Movement,Five Star Movement,0,78361,0,78361,0,39181,0,first,,,Italia Europa Insieme,Italia Europa Insieme,711,Italy,IT-PROV-086,official,Ministry-format municipality party-list rows preserved by the OnData mirror and aggregated to province. Compatible local turnout metadata is unavailable. Aosta Valley's separate direct seat and overseas constituencies are excluded.,0
Enna,https://github.com/ondata/elezionipolitiche2018,,Five Star Movement,Five Star Movement,0,78361,0,78361,0,39181,0,first,,,Civica Popolare Lorenzin,Civica Popolare Lorenzin,546,Italy,IT-PROV-086,official,Ministry-format municipality party-list rows preserved by the OnData mirror and aggregated to province. Compatible local turnout metadata is unavailable. Aosta Valley's separate direct seat and overseas constituencies are excluded.,0
Enna,https://github.com/ondata/elezionipolitiche2018,,Five Star Movement,Five Star Movement,0,78361,0,78361,0,39181,0,first,,,Italia Agli Italiani,Italia Agli Italiani,502,Italy,IT-PROV-086,official,Ministry-format municipality party-list rows preserved by the OnData mirror and aggregated to province. Compatible local turnout metadata is unavailable. Aosta Valley's separate direct seat and overseas constituencies are excluded.,0
Enna,https://github.com/ondata/elezionipolitiche2018,,Five Star Movement,Five Star Movement,0,78361,0,78361,0,39181,0,first,,,Il Popolo Della Famiglia,Il Popolo Della Famiglia,373,Italy,IT-PROV-086,official,Ministry-format municipality party-list rows preserved by the OnData mirror and aggregated to province. Compatible local turnout metadata is unavailable. Aosta Valley's separate direct seat and overseas constituencies are excluded.,0
Enna,https://github.com/ondata/elezionipolitiche2018,,Five Star Movement,Five Star Movement,0,78361,0,78361,0,39181,0,first,,,Power to the People,Power to the People,342,Italy,IT-PROV-086,official,Ministry-format municipality party-list rows preserved by the OnData mirror and aggregated to province. Compatible local turnout metadata is unavailable. Aosta Valley's separate direct seat and overseas constituencies are excluded.,0
Enna,https://github.com/ondata/elezionipolitiche2018,,Five Star Movement,Five Star Movement,0,78361,0,78361,0,39181,0,first,,,Casapound Italia,Casapound Italia,262,Italy,IT-PROV-086,official,Ministry-format municipality party-list rows preserved by the OnData mirror and aggregated to province. Compatible local turnout metadata is unavailable. Aosta Valley's separate direct seat and overseas constituencies are excluded.,0
Enna,https://github.com/ondata/elezionipolitiche2018,,Five Star Movement,Five Star Movement,0,78361,0,78361,0,39181,0,first,,,Partito Comunista,Partito Comunista,245,Italy,IT-PROV-086,official,Ministry-format municipality party-list rows preserved by the OnData mirror and aggregated to province. Compatible local turnout metadata is unavailable. Aosta Valley's separate direct seat and overseas constituencies are excluded.,0
Enna,https://github.com/ondata/elezionipolitiche2018,,Five Star Movement,Five Star Movement,0,78361,0,78361,0,39181,0,first,,,Partito Valore Umano,Partito Valore Umano,169,Italy,IT-PROV-086,official,Ministry-format municipality party-list rows preserved by the OnData mirror and aggregated to province. Compatible local turnout metadata is unavailable. Aosta Valley's separate direct seat and overseas constituencies are excluded.,0
Catania,https://github.com/ondata/elezionipolitiche2018,,Five Star Movement,Five Star Movement,0,521561,0,521561,0,260781,0,first,,,Five Star Movement,Five Star Movement,256115,Italy,IT-PROV-087,official,Ministry-format municipality party-list rows preserved by the OnData mirror and aggregated to province. Compatible local turnout metadata is unavailable. Aosta Valley's separate direct seat and overseas constituencies are excluded.,0
Catania,https://github.com/ondata/elezionipolitiche2018,,Five Star Movement,Five Star Movement,0,521561,0,521561,0,260781,0,first,,,Forza Italia,Forza Italia,112706,Italy,IT-PROV-087,official,Ministry-format municipality party-list rows preserved by the OnData mirror and aggregated to province. Compatible local turnout metadata is unavailable. Aosta Valley's separate direct seat and overseas constituencies are excluded.,0
Catania,https://github.com/ondata/elezionipolitiche2018,,Five Star Movement,Five Star Movement,0,521561,0,521561,0,260781,0,first,,,Democratic Party,Democratic Party,54061,Italy,IT-PROV-087,official,Ministry-format municipality party-list rows preserved by the OnData mirror and aggregated to province. Compatible local turnout metadata is unavailable. Aosta Valley's separate direct seat and overseas constituencies are excluded.,0
Catania,https://github.com/ondata/elezionipolitiche2018,,Five Star Movement,Five Star Movement,0,521561,0,521561,0,260781,0,first,,,Lega,Lega,25168,Italy,IT-PROV-087,official,Ministry-format municipality party-list rows preserved by the OnData mirror and aggregated to province. Compatible local turnout metadata is unavailable. Aosta Valley's separate direct seat and overseas constituencies are excluded.,0
Catania,https://github.com/ondata/elezionipolitiche2018,,Five Star Movement,Five Star Movement,0,521561,0,521561,0,260781,0,first,,,Brothers of Italy,Brothers of Italy,21864,Italy,IT-PROV-087,official,Ministry-format municipality party-list rows preserved by the OnData mirror and aggregated to province. Compatible local turnout metadata is unavailable. Aosta Valley's separate direct seat and overseas constituencies are excluded.,0
Catania,https://github.com/ondata/elezionipolitiche2018,,Five Star Movement,Five Star Movement,0,521561,0,521561,0,260781,0,first,,,Us with Italy–UDC,Us with Italy–UDC,14622,Italy,IT-PROV-087,official,Ministry-format municipality party-list rows preserved by the OnData mirror and aggregated to province. Compatible local turnout metadata is unavailable. Aosta Valley's separate direct seat and overseas constituencies are excluded.,0
Catania,https://github.com/ondata/elezionipolitiche2018,,Five Star Movement,Five Star Movement,0,521561,0,521561,0,260781,0,first,,,Free and Equal,Free and Equal,11692,Italy,IT-PROV-087,official,Ministry-format municipality party-list rows preserved by the OnData mirror and aggregated to province. Compatible local turnout metadata is unavailable. Aosta Valley's separate direct seat and overseas constituencies are excluded.,0
Catania,https://github.com/ondata/elezionipolitiche2018,,Five Star Movement,Five Star Movement,0,521561,0,521561,0,260781,0,first,,,More Europe,More Europe,5346,Italy,IT-PROV-087,official,Ministry-format municipality party-list rows preserved by the OnData mirror and aggregated to province. Compatible local turnout metadata is unavailable. Aosta Valley's separate direct seat and overseas constituencies are excluded.,0
Catania,https://github.com/ondata/elezionipolitiche2018,,Five Star Movement,Five Star Movement,0,521561,0,521561,0,260781,0,first,,,Power to the People,Power to the People,4128,Italy,IT-PROV-087,official,Ministry-format municipality party-list rows preserved by the OnData mirror and aggregated to province. Compatible local turnout metadata is unavailable. Aosta Valley's separate direct seat and overseas constituencies are excluded.,0
Catania,https://github.com/ondata/elezionipolitiche2018,,Five Star Movement,Five Star Movement,0,521561,0,521561,0,260781,0,first,,,Il Popolo Della Famiglia,Il Popolo Della Famiglia,4112,Italy,IT-PROV-087,official,Ministry-format municipality party-list rows preserved by the OnData mirror and aggregated to province. Compatible local turnout metadata is unavailable. Aosta Valley's separate direct seat and overseas constituencies are excluded.,0
Catania,https://github.com/ondata/elezionipolitiche2018,,Five Star Movement,Five Star Movement,0,521561,0,521561,0,260781,0,first,,,Casapound Italia,Casapound Italia,3209,Italy,IT-PROV-087,official,Ministry-format municipality party-list rows preserved by the OnData mirror and aggregated to province. Compatible local turnout metadata is unavailable. Aosta Valley's separate direct seat and overseas constituencies are excluded.,0
Catania,https://github.com/ondata/elezionipolitiche2018,,Five Star Movement,Five Star Movement,0,521561,0,521561,0,260781,0,first,,,Italia Agli Italiani,Italia Agli Italiani,2086,Italy,IT-PROV-087,official,Ministry-format municipality party-list rows preserved by the OnData mirror and aggregated to province. Compatible local turnout metadata is unavailable. Aosta Valley's separate direct seat and overseas constituencies are excluded.,0
Catania,https://github.com/ondata/elezionipolitiche2018,,Five Star Movement,Five Star Movement,0,521561,0,521561,0,260781,0,first,,,Civica Popolare Lorenzin,Civica Popolare Lorenzin,1886,Italy,IT-PROV-087,official,Ministry-format municipality party-list rows preserved by the OnData mirror and aggregated to province. Compatible local turnout metadata is unavailable. Aosta Valley's separate direct seat and overseas constituencies are excluded.,0
Catania,https://github.com/ondata/elezionipolitiche2018,,Five Star Movement,Five Star Movement,0,521561,0,521561,0,260781,0,first,,,Partito Comunista,Partito Comunista,1686,Italy,IT-PROV-087,official,Ministry-format municipality party-list rows preserved by the OnData mirror and aggregated to province. Compatible local turnout metadata is unavailable. Aosta Valley's separate direct seat and overseas constituencies are excluded.,0
Catania,https://github.com/ondata/elezionipolitiche2018,,Five Star Movement,Five Star Movement,0,521561,0,521561,0,260781,0,first,,,Italia Europa Insieme,Italia Europa Insieme,1503,Italy,IT-PROV-087,official,Ministry-format municipality party-list rows preserved by the OnData mirror and aggregated to province. Compatible local turnout metadata is unavailable. Aosta Valley's separate direct seat and overseas constituencies are excluded.,0
Catania,https://github.com/ondata/elezionipolitiche2018,,Five Star Movement,Five Star Movement,0,521561,0,521561,0,260781,0,first,,,Partito Valore Umano,Partito Valore Umano,731,Italy,IT-PROV-087,official,Ministry-format municipality party-list rows preserved by the OnData mirror and aggregated to province. Compatible local turnout metadata is unavailable. Aosta Valley's separate direct seat and overseas constituencies are excluded.,0
Catania,https://github.com/ondata/elezionipolitiche2018,,Five Star Movement,Five Star Movement,0,521561,0,521561,0,260781,0,first,,,Lista Del Popolo Per La Costituzione,Lista Del Popolo Per La Costituzione,646,Italy,IT-PROV-087,official,Ministry-format municipality party-list rows preserved by the OnData mirror and aggregated to province. Compatible local turnout metadata is unavailable. Aosta Valley's separate direct seat and overseas constituencies are excluded.,0
Ragusa,https://github.com/ondata/elezionipolitiche2018,,Five Star Movement,Five Star Movement,0,145984,0,145984,0,72993,0,first,,,Five Star Movement,Five Star Movement,76731,Italy,IT-PROV-088,official,Ministry-format municipality party-list rows preserved by the OnData mirror and aggregated to province. Compatible local turnout metadata is unavailable. Aosta Valley's separate direct seat and overseas constituencies are excluded.,0
Ragusa,https://github.com/ondata/elezionipolitiche2018,,Five Star Movement,Five Star Movement,0,145984,0,145984,0,72993,0,first,,,Forza Italia,Forza Italia,26567,Italy,IT-PROV-088,official,Ministry-format municipality party-list rows preserved by the OnData mirror and aggregated to province. Compatible local turnout metadata is unavailable. Aosta Valley's separate direct seat and overseas constituencies are excluded.,0
Ragusa,https://github.com/ondata/elezionipolitiche2018,,Five Star Movement,Five Star Movement,0,145984,0,145984,0,72993,0,first,,,Democratic Party,Democratic Party,17302,Italy,IT-PROV-088,official,Ministry-format municipality party-list rows preserved by the OnData mirror and aggregated to province. Compatible local turnout metadata is unavailable. Aosta Valley's separate direct seat and overseas constituencies are excluded.,0
Ragusa,https://github.com/ondata/elezionipolitiche2018,,Five Star Movement,Five Star Movement,0,145984,0,145984,0,72993,0,first,,,Lega,Lega,8491,Italy,IT-PROV-088,official,Ministry-format municipality party-list rows preserved by the OnData mirror and aggregated to province. Compatible local turnout metadata is unavailable. Aosta Valley's separate direct seat and overseas constituencies are excluded.,0
Ragusa,https://github.com/ondata/elezionipolitiche2018,,Five Star Movement,Five Star Movement,0,145984,0,145984,0,72993,0,first,,,Brothers of Italy,Brothers of Italy,5648,Italy,IT-PROV-088,official,Ministry-format municipality party-list rows preserved by the OnData mirror and aggregated to province. Compatible local turnout metadata is unavailable. Aosta Valley's separate direct seat and overseas constituencies are excluded.,0
Ragusa,https://github.com/ondata/elezionipolitiche2018,,Five Star Movement,Five Star Movement,0,145984,0,145984,0,72993,0,first,,,Free and Equal,Free and Equal,3821,Italy,IT-PROV-088,official,Ministry-format municipality party-list rows preserved by the OnData mirror and aggregated to province. Compatible local turnout metadata is unavailable. Aosta Valley's separate direct seat and overseas constituencies are excluded.,0
Ragusa,https://github.com/ondata/elezionipolitiche2018,,Five Star Movement,Five Star Movement,0,145984,0,145984,0,72993,0,first,,,More Europe,More Europe,1680,Italy,IT-PROV-088,official,Ministry-format municipality party-list rows preserved by the OnData mirror and aggregated to province. Compatible local turnout metadata is unavailable. Aosta Valley's separate direct seat and overseas constituencies are excluded.,0
Ragusa,https://github.com/ondata/elezionipolitiche2018,,Five Star Movement,Five Star Movement,0,145984,0,145984,0,72993,0,first,,,Il Popolo Della Famiglia,Il Popolo Della Famiglia,1390,Italy,IT-PROV-088,official,Ministry-format municipality party-list rows preserved by the OnData mirror and aggregated to province. Compatible local turnout metadata is unavailable. Aosta Valley's separate direct seat and overseas constituencies are excluded.,0
Ragusa,https://github.com/ondata/elezionipolitiche2018,,Five Star Movement,Five Star Movement,0,145984,0,145984,0,72993,0,first,,,Casapound Italia,Casapound Italia,809,Italy,IT-PROV-088,official,Ministry-format municipality party-list rows preserved by the OnData mirror and aggregated to province. Compatible local turnout metadata is unavailable. Aosta Valley's separate direct seat and overseas constituencies are excluded.,0
Ragusa,https://github.com/ondata/elezionipolitiche2018,,Five Star Movement,Five Star Movement,0,145984,0,145984,0,72993,0,first,,,Power to the People,Power to the People,781,Italy,IT-PROV-088,official,Ministry-format municipality party-list rows preserved by the OnData mirror and aggregated to province. Compatible local turnout metadata is unavailable. Aosta Valley's separate direct seat and overseas constituencies are excluded.,0
Ragusa,https://github.com/ondata/elezionipolitiche2018,,Five Star Movement,Five Star Movement,0,145984,0,145984,0,72993,0,first,,,Civica Popolare Lorenzin,Civica Popolare Lorenzin,683,Italy,IT-PROV-088,official,Ministry-format municipality party-list rows preserved by the OnData mirror and aggregated to province. Compatible local turnout metadata is unavailable. Aosta Valley's separate direct seat and overseas constituencies are excluded.,0
Ragusa,https://github.com/ondata/elezionipolitiche2018,,Five Star Movement,Five Star Movement,0,145984,0,145984,0,72993,0,first,,,Italia Agli Italiani,Italia Agli Italiani,589,Italy,IT-PROV-088,official,Ministry-format municipality party-list rows preserved by the OnData mirror and aggregated to province. Compatible local turnout metadata is unavailable. Aosta Valley's separate direct seat and overseas constituencies are excluded.,0
Ragusa,https://github.com/ondata/elezionipolitiche2018,,Five Star Movement,Five Star Movement,0,145984,0,145984,0,72993,0,first,,,Italia Europa Insieme,Italia Europa Insieme,551,Italy,IT-PROV-088,official,Ministry-format municipality party-list rows preserved by the OnData mirror and aggregated to province. Compatible local turnout metadata is unavailable. Aosta Valley's separate direct seat and overseas constituencies are excluded.,0
Ragusa,https://github.com/ondata/elezionipolitiche2018,,Five Star Movement,Five Star Movement,0,145984,0,145984,0,72993,0,first,,,Partito Comunista,Partito Comunista,374,Italy,IT-PROV-088,official,Ministry-format municipality party-list rows preserved by the OnData mirror and aggregated to province. Compatible local turnout metadata is unavailable. Aosta Valley's separate direct seat and overseas constituencies are excluded.,0
Ragusa,https://github.com/ondata/elezionipolitiche2018,,Five Star Movement,Five Star Movement,0,145984,0,145984,0,72993,0,first,,,Lista Del Popolo Per La Costituzione,Lista Del Popolo Per La Costituzione,245,Italy,IT-PROV-088,official,Ministry-format municipality party-list rows preserved by the OnData mirror and aggregated to province. Compatible local turnout metadata is unavailable. Aosta Valley's separate direct seat and overseas constituencies are excluded.,0
Ragusa,https://github.com/ondata/elezionipolitiche2018,,Five Star Movement,Five Star Movement,0,145984,0,145984,0,72993,0,first,,,Partito Valore Umano,Partito Valore Umano,173,Italy,IT-PROV-088,official,Ministry-format municipality party-list rows preserved by the OnData mirror and aggregated to province. Compatible local turnout metadata is unavailable. Aosta Valley's separate direct seat and overseas constituencies are excluded.,0
Ragusa,https://github.com/ondata/elezionipolitiche2018,,Five Star Movement,Five Star Movement,0,145984,0,145984,0,72993,0,first,,,Us with Italy–UDC,Us with Italy–UDC,149,Italy,IT-PROV-088,official,Ministry-format municipality party-list rows preserved by the OnData mirror and aggregated to province. Compatible local turnout metadata is unavailable. Aosta Valley's separate direct seat and overseas constituencies are excluded.,0
Siracusa,https://github.com/ondata/elezionipolitiche2018,,Five Star Movement,Five Star Movement,0,186922,0,186922,0,93462,0,first,,,Five Star Movement,Five Star Movement,104057,Italy,IT-PROV-089,official,Ministry-format municipality party-list rows preserved by the OnData mirror and aggregated to province. Compatible local turnout metadata is unavailable. Aosta Valley's separate direct seat and overseas constituencies are excluded.,0
Siracusa,https://github.com/ondata/elezionipolitiche2018,,Five Star Movement,Five Star Movement,0,186922,0,186922,0,93462,0,first,,,Forza Italia,Forza Italia,34159,Italy,IT-PROV-089,official,Ministry-format municipality party-list rows preserved by the OnData mirror and aggregated to province. Compatible local turnout metadata is unavailable. Aosta Valley's separate direct seat and overseas constituencies are excluded.,0
Siracusa,https://github.com/ondata/elezionipolitiche2018,,Five Star Movement,Five Star Movement,0,186922,0,186922,0,93462,0,first,,,Democratic Party,Democratic Party,21108,Italy,IT-PROV-089,official,Ministry-format municipality party-list rows preserved by the OnData mirror and aggregated to province. Compatible local turnout metadata is unavailable. Aosta Valley's separate direct seat and overseas constituencies are excluded.,0
Siracusa,https://github.com/ondata/elezionipolitiche2018,,Five Star Movement,Five Star Movement,0,186922,0,186922,0,93462,0,first,,,Lega,Lega,8564,Italy,IT-PROV-089,official,Ministry-format municipality party-list rows preserved by the OnData mirror and aggregated to province. Compatible local turnout metadata is unavailable. Aosta Valley's separate direct seat and overseas constituencies are excluded.,0
Siracusa,https://github.com/ondata/elezionipolitiche2018,,Five Star Movement,Five Star Movement,0,186922,0,186922,0,93462,0,first,,,Brothers of Italy,Brothers of Italy,4989,Italy,IT-PROV-089,official,Ministry-format municipality party-list rows preserved by the OnData mirror and aggregated to province. Compatible local turnout metadata is unavailable. Aosta Valley's separate direct seat and overseas constituencies are excluded.,0
Siracusa,https://github.com/ondata/elezionipolitiche2018,,Five Star Movement,Five Star Movement,0,186922,0,186922,0,93462,0,first,,,Free and Equal,Free and Equal,4585,Italy,IT-PROV-089,official,Ministry-format municipality party-list rows preserved by the OnData mirror and aggregated to province. Compatible local turnout metadata is unavailable. Aosta Valley's separate direct seat and overseas constituencies are excluded.,0
Siracusa,https://github.com/ondata/elezionipolitiche2018,,Five Star Movement,Five Star Movement,0,186922,0,186922,0,93462,0,first,,,Us with Italy–UDC,Us with Italy–UDC,2166,Italy,IT-PROV-089,official,Ministry-format municipality party-list rows preserved by the OnData mirror and aggregated to province. Compatible local turnout metadata is unavailable. Aosta Valley's separate direct seat and overseas constituencies are excluded.,0
Siracusa,https://github.com/ondata/elezionipolitiche2018,,Five Star Movement,Five Star Movement,0,186922,0,186922,0,93462,0,first,,,More Europe,More Europe,1755,Italy,IT-PROV-089,official,Ministry-format municipality party-list rows preserved by the OnData mirror and aggregated to province. Compatible local turnout metadata is unavailable. Aosta Valley's separate direct seat and overseas constituencies are excluded.,0
Siracusa,https://github.com/ondata/elezionipolitiche2018,,Five Star Movement,Five Star Movement,0,186922,0,186922,0,93462,0,first,,,Il Popolo Della Famiglia,Il Popolo Della Famiglia,1145,Italy,IT-PROV-089,official,Ministry-format municipality party-list rows preserved by the OnData mirror and aggregated to province. Compatible local turnout metadata is unavailable. Aosta Valley's separate direct seat and overseas constituencies are excluded.,0
Siracusa,https://github.com/ondata/elezionipolitiche2018,,Five Star Movement,Five Star Movement,0,186922,0,186922,0,93462,0,first,,,Casapound Italia,Casapound Italia,1071,Italy,IT-PROV-089,official,Ministry-format municipality party-list rows preserved by the OnData mirror and aggregated to province. Compatible local turnout metadata is unavailable. Aosta Valley's separate direct seat and overseas constituencies are excluded.,0
Siracusa,https://github.com/ondata/elezionipolitiche2018,,Five Star Movement,Five Star Movement,0,186922,0,186922,0,93462,0,first,,,Power to the People,Power to the People,846,Italy,IT-PROV-089,official,Ministry-format municipality party-list rows preserved by the OnData mirror and aggregated to province. Compatible local turnout metadata is unavailable. Aosta Valley's separate direct seat and overseas constituencies are excluded.,0
Siracusa,https://github.com/ondata/elezionipolitiche2018,,Five Star Movement,Five Star Movement,0,186922,0,186922,0,93462,0,first,,,Italia Europa Insieme,Italia Europa Insieme,642,Italy,IT-PROV-089,official,Ministry-format municipality party-list rows preserved by the OnData mirror and aggregated to province. Compatible local turnout metadata is unavailable. Aosta Valley's separate direct seat and overseas constituencies are excluded.,0
Siracusa,https://github.com/ondata/elezionipolitiche2018,,Five Star Movement,Five Star Movement,0,186922,0,186922,0,93462,0,first,,,Partito Comunista,Partito Comunista,458,Italy,IT-PROV-089,official,Ministry-format municipality party-list rows preserved by the OnData mirror and aggregated to province. Compatible local turnout metadata is unavailable. Aosta Valley's separate direct seat and overseas constituencies are excluded.,0
Siracusa,https://github.com/ondata/elezionipolitiche2018,,Five Star Movement,Five Star Movement,0,186922,0,186922,0,93462,0,first,,,Partito Valore Umano,Partito Valore Umano,441,Italy,IT-PROV-089,official,Ministry-format municipality party-list rows preserved by the OnData mirror and aggregated to province. Compatible local turnout metadata is unavailable. Aosta Valley's separate direct seat and overseas constituencies are excluded.,0
Siracusa,https://github.com/ondata/elezionipolitiche2018,,Five Star Movement,Five Star Movement,0,186922,0,186922,0,93462,0,first,,,Italia Agli Italiani,Italia Agli Italiani,440,Italy,IT-PROV-089,official,Ministry-format municipality party-list rows preserved by the OnData mirror and aggregated to province. Compatible local turnout metadata is unavailable. Aosta Valley's separate direct seat and overseas constituencies are excluded.,0
Siracusa,https://github.com/ondata/elezionipolitiche2018,,Five Star Movement,Five Star Movement,0,186922,0,186922,0,93462,0,first,,,Civica Popolare Lorenzin,Civica Popolare Lorenzin,378,Italy,IT-PROV-089,official,Ministry-format municipality party-list rows preserved by the OnData mirror and aggregated to province. Compatible local turnout metadata is unavailable. Aosta Valley's separate direct seat and overseas constituencies are excluded.,0
Siracusa,https://github.com/ondata/elezionipolitiche2018,,Five Star Movement,Five Star Movement,0,186922,0,186922,0,93462,0,first,,,Lista Del Popolo Per La Costituzione,Lista Del Popolo Per La Costituzione,118,Italy,IT-PROV-089,official,Ministry-format municipality party-list rows preserved by the OnData mirror and aggregated to province. Compatible local turnout metadata is unavailable. Aosta Valley's separate direct seat and overseas constituencies are excluded.,0
Sassari,https://github.com/ondata/elezionipolitiche2018,,Five Star Movement,Five Star Movement,0,241616,0,241616,0,120809,0,first,,,Five Star Movement,Five Star Movement,101146,Italy,IT-PROV-090,official,Ministry-format municipality party-list rows preserved by the OnData mirror and aggregated to province. Compatible local turnout metadata is unavailable. Aosta Valley's separate direct seat and overseas constituencies are excluded.,0
Sassari,https://github.com/ondata/elezionipolitiche2018,,Five Star Movement,Five Star Movement,0,241616,0,241616,0,120809,0,first,,,Forza Italia,Forza Italia,39037,Italy,IT-PROV-090,official,Ministry-format municipality party-list rows preserved by the OnData mirror and aggregated to province. Compatible local turnout metadata is unavailable. Aosta Valley's separate direct seat and overseas constituencies are excluded.,0
Sassari,https://github.com/ondata/elezionipolitiche2018,,Five Star Movement,Five Star Movement,0,241616,0,241616,0,120809,0,first,,,Democratic Party,Democratic Party,37936,Italy,IT-PROV-090,official,Ministry-format municipality party-list rows preserved by the OnData mirror and aggregated to province. Compatible local turnout metadata is unavailable. Aosta Valley's separate direct seat and overseas constituencies are excluded.,0
Sassari,https://github.com/ondata/elezionipolitiche2018,,Five Star Movement,Five Star Movement,0,241616,0,241616,0,120809,0,first,,,Lega,Lega,27262,Italy,IT-PROV-090,official,Ministry-format municipality party-list rows preserved by the OnData mirror and aggregated to province. Compatible local turnout metadata is unavailable. Aosta Valley's separate direct seat and overseas constituencies are excluded.,0
Sassari,https://github.com/ondata/elezionipolitiche2018,,Five Star Movement,Five Star Movement,0,241616,0,241616,0,120809,0,first,,,Brothers of Italy,Brothers of Italy,8950,Italy,IT-PROV-090,official,Ministry-format municipality party-list rows preserved by the OnData mirror and aggregated to province. Compatible local turnout metadata is unavailable. Aosta Valley's separate direct seat and overseas constituencies are excluded.,0
Sassari,https://github.com/ondata/elezionipolitiche2018,,Five Star Movement,Five Star Movement,0,241616,0,241616,0,120809,0,first,,,Free and Equal,Free and Equal,6765,Italy,IT-PROV-090,official,Ministry-format municipality party-list rows preserved by the OnData mirror and aggregated to province. Compatible local turnout metadata is unavailable. Aosta Valley's separate direct seat and overseas constituencies are excluded.,0
Sassari,https://github.com/ondata/elezionipolitiche2018,,Five Star Movement,Five Star Movement,0,241616,0,241616,0,120809,0,first,,,Autodeterminatzione,Autodeterminatzione,4326,Italy,IT-PROV-090,official,Ministry-format municipality party-list rows preserved by the OnData mirror and aggregated to province. Compatible local turnout metadata is unavailable. Aosta Valley's separate direct seat and overseas constituencies are excluded.,0
Sassari,https://github.com/ondata/elezionipolitiche2018,,Five Star Movement,Five Star Movement,0,241616,0,241616,0,120809,0,first,,,More Europe,More Europe,4190,Italy,IT-PROV-090,official,Ministry-format municipality party-list rows preserved by the OnData mirror and aggregated to province. Compatible local turnout metadata is unavailable. Aosta Valley's separate direct seat and overseas constituencies are excluded.,0
Sassari,https://github.com/ondata/elezionipolitiche2018,,Five Star Movement,Five Star Movement,0,241616,0,241616,0,120809,0,first,,,Us with Italy–UDC,Us with Italy–UDC,3353,Italy,IT-PROV-090,official,Ministry-format municipality party-list rows preserved by the OnData mirror and aggregated to province. Compatible local turnout metadata is unavailable. Aosta Valley's separate direct seat and overseas constituencies are excluded.,0
Sassari,https://github.com/ondata/elezionipolitiche2018,,Five Star Movement,Five Star Movement,0,241616,0,241616,0,120809,0,first,,,Casapound Italia,Casapound Italia,2148,Italy,IT-PROV-090,official,Ministry-format municipality party-list rows preserved by the OnData mirror and aggregated to province. Compatible local turnout metadata is unavailable. Aosta Valley's separate direct seat and overseas constituencies are excluded.,0
Sassari,https://github.com/ondata/elezionipolitiche2018,,Five Star Movement,Five Star Movement,0,241616,0,241616,0,120809,0,first,,,Power to the People,Power to the People,1693,Italy,IT-PROV-090,official,Ministry-format municipality party-list rows preserved by the OnData mirror and aggregated to province. Compatible local turnout metadata is unavailable. Aosta Valley's separate direct seat and overseas constituencies are excluded.,0
Sassari,https://github.com/ondata/elezionipolitiche2018,,Five Star Movement,Five Star Movement,0,241616,0,241616,0,120809,0,first,,,Il Popolo Della Famiglia,Il Popolo Della Famiglia,1335,Italy,IT-PROV-090,official,Ministry-format municipality party-list rows preserved by the OnData mirror and aggregated to province. Compatible local turnout metadata is unavailable. Aosta Valley's separate direct seat and overseas constituencies are excluded.,0
Sassari,https://github.com/ondata/elezionipolitiche2018,,Five Star Movement,Five Star Movement,0,241616,0,241616,0,120809,0,first,,,Partito Comunista,Partito Comunista,1259,Italy,IT-PROV-090,official,Ministry-format municipality party-list rows preserved by the OnData mirror and aggregated to province. Compatible local turnout metadata is unavailable. Aosta Valley's separate direct seat and overseas constituencies are excluded.,0
Sassari,https://github.com/ondata/elezionipolitiche2018,,Five Star Movement,Five Star Movement,0,241616,0,241616,0,120809,0,first,,,Civica Popolare Lorenzin,Civica Popolare Lorenzin,828,Italy,IT-PROV-090,official,Ministry-format municipality party-list rows preserved by the OnData mirror and aggregated to province. Compatible local turnout metadata is unavailable. Aosta Valley's separate direct seat and overseas constituencies are excluded.,0
Sassari,https://github.com/ondata/elezionipolitiche2018,,Five Star Movement,Five Star Movement,0,241616,0,241616,0,120809,0,first,,,Italia Europa Insieme,Italia Europa Insieme,720,Italy,IT-PROV-090,official,Ministry-format municipality party-list rows preserved by the OnData mirror and aggregated to province. Compatible local turnout metadata is unavailable. Aosta Valley's separate direct seat and overseas constituencies are excluded.,0
Sassari,https://github.com/ondata/elezionipolitiche2018,,Five Star Movement,Five Star Movement,0,241616,0,241616,0,120809,0,first,,,Partito Valore Umano,Partito Valore Umano,668,Italy,IT-PROV-090,official,Ministry-format municipality party-list rows preserved by the OnData mirror and aggregated to province. Compatible local turnout metadata is unavailable. Aosta Valley's separate direct seat and overseas constituencies are excluded.,0
Nuoro,https://github.com/ondata/elezionipolitiche2018,,Five Star Movement,Five Star Movement,0,103728,0,103728,0,51865,0,first,,,Five Star Movement,Five Star Movement,46961,Italy,IT-PROV-091,official,Ministry-format municipality party-list rows preserved by the OnData mirror and aggregated to province. Compatible local turnout metadata is unavailable. Aosta Valley's separate direct seat and overseas constituencies are excluded.,0
Nuoro,https://github.com/ondata/elezionipolitiche2018,,Five Star Movement,Five Star Movement,0,103728,0,103728,0,51865,0,first,,,Democratic Party,Democratic Party,16054,Italy,IT-PROV-091,official,Ministry-format municipality party-list rows preserved by the OnData mirror and aggregated to province. Compatible local turnout metadata is unavailable. Aosta Valley's separate direct seat and overseas constituencies are excluded.,0
Nuoro,https://github.com/ondata/elezionipolitiche2018,,Five Star Movement,Five Star Movement,0,103728,0,103728,0,51865,0,first,,,Forza Italia,Forza Italia,14789,Italy,IT-PROV-091,official,Ministry-format municipality party-list rows preserved by the OnData mirror and aggregated to province. Compatible local turnout metadata is unavailable. Aosta Valley's separate direct seat and overseas constituencies are excluded.,0
Nuoro,https://github.com/ondata/elezionipolitiche2018,,Five Star Movement,Five Star Movement,0,103728,0,103728,0,51865,0,first,,,Lega,Lega,8007,Italy,IT-PROV-091,official,Ministry-format municipality party-list rows preserved by the OnData mirror and aggregated to province. Compatible local turnout metadata is unavailable. Aosta Valley's separate direct seat and overseas constituencies are excluded.,0
Nuoro,https://github.com/ondata/elezionipolitiche2018,,Five Star Movement,Five Star Movement,0,103728,0,103728,0,51865,0,first,,,Autodeterminatzione,Autodeterminatzione,3778,Italy,IT-PROV-091,official,Ministry-format municipality party-list rows preserved by the OnData mirror and aggregated to province. Compatible local turnout metadata is unavailable. Aosta Valley's separate direct seat and overseas constituencies are excluded.,0
Nuoro,https://github.com/ondata/elezionipolitiche2018,,Five Star Movement,Five Star Movement,0,103728,0,103728,0,51865,0,first,,,Brothers of Italy,Brothers of Italy,3563,Italy,IT-PROV-091,official,Ministry-format municipality party-list rows preserved by the OnData mirror and aggregated to province. Compatible local turnout metadata is unavailable. Aosta Valley's separate direct seat and overseas constituencies are excluded.,0
Nuoro,https://github.com/ondata/elezionipolitiche2018,,Five Star Movement,Five Star Movement,0,103728,0,103728,0,51865,0,first,,,Free and Equal,Free and Equal,2946,Italy,IT-PROV-091,official,Ministry-format municipality party-list rows preserved by the OnData mirror and aggregated to province. Compatible local turnout metadata is unavailable. Aosta Valley's separate direct seat and overseas constituencies are excluded.,0
Nuoro,https://github.com/ondata/elezionipolitiche2018,,Five Star Movement,Five Star Movement,0,103728,0,103728,0,51865,0,first,,,More Europe,More Europe,1945,Italy,IT-PROV-091,official,Ministry-format municipality party-list rows preserved by the OnData mirror and aggregated to province. Compatible local turnout metadata is unavailable. Aosta Valley's separate direct seat and overseas constituencies are excluded.,0
Nuoro,https://github.com/ondata/elezionipolitiche2018,,Five Star Movement,Five Star Movement,0,103728,0,103728,0,51865,0,first,,,Italia Europa Insieme,Italia Europa Insieme,1038,Italy,IT-PROV-091,official,Ministry-format municipality party-list rows preserved by the OnData mirror and aggregated to province. Compatible local turnout metadata is unavailable. Aosta Valley's separate direct seat and overseas constituencies are excluded.,0
Nuoro,https://github.com/ondata/elezionipolitiche2018,,Five Star Movement,Five Star Movement,0,103728,0,103728,0,51865,0,first,,,Power to the People,Power to the People,1028,Italy,IT-PROV-091,official,Ministry-format municipality party-list rows preserved by the OnData mirror and aggregated to province. Compatible local turnout metadata is unavailable. Aosta Valley's separate direct seat and overseas constituencies are excluded.,0
Nuoro,https://github.com/ondata/elezionipolitiche2018,,Five Star Movement,Five Star Movement,0,103728,0,103728,0,51865,0,first,,,Casapound Italia,Casapound Italia,832,Italy,IT-PROV-091,official,Ministry-format municipality party-list rows preserved by the OnData mirror and aggregated to province. Compatible local turnout metadata is unavailable. Aosta Valley's separate direct seat and overseas constituencies are excluded.,0
Nuoro,https://github.com/ondata/elezionipolitiche2018,,Five Star Movement,Five Star Movement,0,103728,0,103728,0,51865,0,first,,,Partito Comunista,Partito Comunista,740,Italy,IT-PROV-091,official,Ministry-format municipality party-list rows preserved by the OnData mirror and aggregated to province. Compatible local turnout metadata is unavailable. Aosta Valley's separate direct seat and overseas constituencies are excluded.,0
Nuoro,https://github.com/ondata/elezionipolitiche2018,,Five Star Movement,Five Star Movement,0,103728,0,103728,0,51865,0,first,,,Il Popolo Della Famiglia,Il Popolo Della Famiglia,708,Italy,IT-PROV-091,official,Ministry-format municipality party-list rows preserved by the OnData mirror and aggregated to province. Compatible local turnout metadata is unavailable. Aosta Valley's separate direct seat and overseas constituencies are excluded.,0
Nuoro,https://github.com/ondata/elezionipolitiche2018,,Five Star Movement,Five Star Movement,0,103728,0,103728,0,51865,0,first,,,Us with Italy–UDC,Us with Italy–UDC,641,Italy,IT-PROV-091,official,Ministry-format municipality party-list rows preserved by the OnData mirror and aggregated to province. Compatible local turnout metadata is unavailable. Aosta Valley's separate direct seat and overseas constituencies are excluded.,0
Nuoro,https://github.com/ondata/elezionipolitiche2018,,Five Star Movement,Five Star Movement,0,103728,0,103728,0,51865,0,first,,,Partito Valore Umano,Partito Valore Umano,381,Italy,IT-PROV-091,official,Ministry-format municipality party-list rows preserved by the OnData mirror and aggregated to province. Compatible local turnout metadata is unavailable. Aosta Valley's separate direct seat and overseas constituencies are excluded.,0
Nuoro,https://github.com/ondata/elezionipolitiche2018,,Five Star Movement,Five Star Movement,0,103728,0,103728,0,51865,0,first,,,Civica Popolare Lorenzin,Civica Popolare Lorenzin,317,Italy,IT-PROV-091,official,Ministry-format municipality party-list rows preserved by the OnData mirror and aggregated to province. Compatible local turnout metadata is unavailable. Aosta Valley's separate direct seat and overseas constituencies are excluded.,0
Cagliari,https://github.com/ondata/elezionipolitiche2018,,Five Star Movement,Five Star Movement,0,224193,0,224193,0,112097,0,first,,,Five Star Movement,Five Star Movement,92039,Italy,IT-PROV-092,official,Ministry-format municipality party-list rows preserved by the OnData mirror and aggregated to province. Compatible local turnout metadata is unavailable. Aosta Valley's separate direct seat and overseas constituencies are excluded.,0
Cagliari,https://github.com/ondata/elezionipolitiche2018,,Five Star Movement,Five Star Movement,0,224193,0,224193,0,112097,0,first,,,Forza Italia,Forza Italia,33661,Italy,IT-PROV-092,official,Ministry-format municipality party-list rows preserved by the OnData mirror and aggregated to province. Compatible local turnout metadata is unavailable. Aosta Valley's separate direct seat and overseas constituencies are excluded.,0
Cagliari,https://github.com/ondata/elezionipolitiche2018,,Five Star Movement,Five Star Movement,0,224193,0,224193,0,112097,0,first,,,Democratic Party,Democratic Party,31144,Italy,IT-PROV-092,official,Ministry-format municipality party-list rows preserved by the OnData mirror and aggregated to province. Compatible local turnout metadata is unavailable. Aosta Valley's separate direct seat and overseas constituencies are excluded.,0
Cagliari,https://github.com/ondata/elezionipolitiche2018,,Five Star Movement,Five Star Movement,0,224193,0,224193,0,112097,0,first,,,Lega,Lega,26052,Italy,IT-PROV-092,official,Ministry-format municipality party-list rows preserved by the OnData mirror and aggregated to province. Compatible local turnout metadata is unavailable. Aosta Valley's separate direct seat and overseas constituencies are excluded.,0
Cagliari,https://github.com/ondata/elezionipolitiche2018,,Five Star Movement,Five Star Movement,0,224193,0,224193,0,112097,0,first,,,Brothers of Italy,Brothers of Italy,9971,Italy,IT-PROV-092,official,Ministry-format municipality party-list rows preserved by the OnData mirror and aggregated to province. Compatible local turnout metadata is unavailable. Aosta Valley's separate direct seat and overseas constituencies are excluded.,0
Cagliari,https://github.com/ondata/elezionipolitiche2018,,Five Star Movement,Five Star Movement,0,224193,0,224193,0,112097,0,first,,,Free and Equal,Free and Equal,7519,Italy,IT-PROV-092,official,Ministry-format municipality party-list rows preserved by the OnData mirror and aggregated to province. Compatible local turnout metadata is unavailable. Aosta Valley's separate direct seat and overseas constituencies are excluded.,0
Cagliari,https://github.com/ondata/elezionipolitiche2018,,Five Star Movement,Five Star Movement,0,224193,0,224193,0,112097,0,first,,,More Europe,More Europe,6403,Italy,IT-PROV-092,official,Ministry-format municipality party-list rows preserved by the OnData mirror and aggregated to province. Compatible local turnout metadata is unavailable. Aosta Valley's separate direct seat and overseas constituencies are excluded.,0
Cagliari,https://github.com/ondata/elezionipolitiche2018,,Five Star Movement,Five Star Movement,0,224193,0,224193,0,112097,0,first,,,Autodeterminatzione,Autodeterminatzione,3791,Italy,IT-PROV-092,official,Ministry-format municipality party-list rows preserved by the OnData mirror and aggregated to province. Compatible local turnout metadata is unavailable. Aosta Valley's separate direct seat and overseas constituencies are excluded.,0
Cagliari,https://github.com/ondata/elezionipolitiche2018,,Five Star Movement,Five Star Movement,0,224193,0,224193,0,112097,0,first,,,Us with Italy–UDC,Us with Italy–UDC,2859,Italy,IT-PROV-092,official,Ministry-format municipality party-list rows preserved by the OnData mirror and aggregated to province. Compatible local turnout metadata is unavailable. Aosta Valley's separate direct seat and overseas constituencies are excluded.,0
Cagliari,https://github.com/ondata/elezionipolitiche2018,,Five Star Movement,Five Star Movement,0,224193,0,224193,0,112097,0,first,,,Power to the People,Power to the People,2391,Italy,IT-PROV-092,official,Ministry-format municipality party-list rows preserved by the OnData mirror and aggregated to province. Compatible local turnout metadata is unavailable. Aosta Valley's separate direct seat and overseas constituencies are excluded.,0
Cagliari,https://github.com/ondata/elezionipolitiche2018,,Five Star Movement,Five Star Movement,0,224193,0,224193,0,112097,0,first,,,Casapound Italia,Casapound Italia,2208,Italy,IT-PROV-092,official,Ministry-format municipality party-list rows preserved by the OnData mirror and aggregated to province. Compatible local turnout metadata is unavailable. Aosta Valley's separate direct seat and overseas constituencies are excluded.,0
Cagliari,https://github.com/ondata/elezionipolitiche2018,,Five Star Movement,Five Star Movement,0,224193,0,224193,0,112097,0,first,,,Il Popolo Della Famiglia,Il Popolo Della Famiglia,1941,Italy,IT-PROV-092,official,Ministry-format municipality party-list rows preserved by the OnData mirror and aggregated to province. Compatible local turnout metadata is unavailable. Aosta Valley's separate direct seat and overseas constituencies are excluded.,0
Cagliari,https://github.com/ondata/elezionipolitiche2018,,Five Star Movement,Five Star Movement,0,224193,0,224193,0,112097,0,first,,,Italia Europa Insieme,Italia Europa Insieme,1589,Italy,IT-PROV-092,official,Ministry-format municipality party-list rows preserved by the OnData mirror and aggregated to province. Compatible local turnout metadata is unavailable. Aosta Valley's separate direct seat and overseas constituencies are excluded.,0
Cagliari,https://github.com/ondata/elezionipolitiche2018,,Five Star Movement,Five Star Movement,0,224193,0,224193,0,112097,0,first,,,Partito Comunista,Partito Comunista,1206,Italy,IT-PROV-092,official,Ministry-format municipality party-list rows preserved by the OnData mirror and aggregated to province. Compatible local turnout metadata is unavailable. Aosta Valley's separate direct seat and overseas constituencies are excluded.,0
Cagliari,https://github.com/ondata/elezionipolitiche2018,,Five Star Movement,Five Star Movement,0,224193,0,224193,0,112097,0,first,,,Civica Popolare Lorenzin,Civica Popolare Lorenzin,892,Italy,IT-PROV-092,official,Ministry-format municipality party-list rows preserved by the OnData mirror and aggregated to province. Compatible local turnout metadata is unavailable. Aosta Valley's separate direct seat and overseas constituencies are excluded.,0
Cagliari,https://github.com/ondata/elezionipolitiche2018,,Five Star Movement,Five Star Movement,0,224193,0,224193,0,112097,0,first,,,Partito Valore Umano,Partito Valore Umano,527,Italy,IT-PROV-092,official,Ministry-format municipality party-list rows preserved by the OnData mirror and aggregated to province. Compatible local turnout metadata is unavailable. Aosta Valley's separate direct seat and overseas constituencies are excluded.,0
Pordenone,https://github.com/ondata/elezionipolitiche2018,,Lega,Lega,0,167255,0,167255,0,83628,0,first,,,Lega,Lega,48516,Italy,IT-PROV-093,official,Ministry-format municipality party-list rows preserved by the OnData mirror and aggregated to province. Compatible local turnout metadata is unavailable. Aosta Valley's separate direct seat and overseas constituencies are excluded.,0
Pordenone,https://github.com/ondata/elezionipolitiche2018,,Lega,Lega,0,167255,0,167255,0,83628,0,first,,,Five Star Movement,Five Star Movement,37812,Italy,IT-PROV-093,official,Ministry-format municipality party-list rows preserved by the OnData mirror and aggregated to province. Compatible local turnout metadata is unavailable. Aosta Valley's separate direct seat and overseas constituencies are excluded.,0
Pordenone,https://github.com/ondata/elezionipolitiche2018,,Lega,Lega,0,167255,0,167255,0,83628,0,first,,,Democratic Party,Democratic Party,29653,Italy,IT-PROV-093,official,Ministry-format municipality party-list rows preserved by the OnData mirror and aggregated to province. Compatible local turnout metadata is unavailable. Aosta Valley's separate direct seat and overseas constituencies are excluded.,0
Pordenone,https://github.com/ondata/elezionipolitiche2018,,Lega,Lega,0,167255,0,167255,0,83628,0,first,,,Forza Italia,Forza Italia,19453,Italy,IT-PROV-093,official,Ministry-format municipality party-list rows preserved by the OnData mirror and aggregated to province. Compatible local turnout metadata is unavailable. Aosta Valley's separate direct seat and overseas constituencies are excluded.,0
Pordenone,https://github.com/ondata/elezionipolitiche2018,,Lega,Lega,0,167255,0,167255,0,83628,0,first,,,Brothers of Italy,Brothers of Italy,10056,Italy,IT-PROV-093,official,Ministry-format municipality party-list rows preserved by the OnData mirror and aggregated to province. Compatible local turnout metadata is unavailable. Aosta Valley's separate direct seat and overseas constituencies are excluded.,0
Pordenone,https://github.com/ondata/elezionipolitiche2018,,Lega,Lega,0,167255,0,167255,0,83628,0,first,,,More Europe,More Europe,4941,Italy,IT-PROV-093,official,Ministry-format municipality party-list rows preserved by the OnData mirror and aggregated to province. Compatible local turnout metadata is unavailable. Aosta Valley's separate direct seat and overseas constituencies are excluded.,0
Pordenone,https://github.com/ondata/elezionipolitiche2018,,Lega,Lega,0,167255,0,167255,0,83628,0,first,,,Free and Equal,Free and Equal,3917,Italy,IT-PROV-093,official,Ministry-format municipality party-list rows preserved by the OnData mirror and aggregated to province. Compatible local turnout metadata is unavailable. Aosta Valley's separate direct seat and overseas constituencies are excluded.,0
Pordenone,https://github.com/ondata/elezionipolitiche2018,,Lega,Lega,0,167255,0,167255,0,83628,0,first,,,Patto Per L'Autonomia,Patto Per L'Autonomia,2806,Italy,IT-PROV-093,official,Ministry-format municipality party-list rows preserved by the OnData mirror and aggregated to province. Compatible local turnout metadata is unavailable. Aosta Valley's separate direct seat and overseas constituencies are excluded.,0
Pordenone,https://github.com/ondata/elezionipolitiche2018,,Lega,Lega,0,167255,0,167255,0,83628,0,first,,,Casapound Italia,Casapound Italia,2100,Italy,IT-PROV-093,official,Ministry-format municipality party-list rows preserved by the OnData mirror and aggregated to province. Compatible local turnout metadata is unavailable. Aosta Valley's separate direct seat and overseas constituencies are excluded.,0
Pordenone,https://github.com/ondata/elezionipolitiche2018,,Lega,Lega,0,167255,0,167255,0,83628,0,first,,,Us with Italy–UDC,Us with Italy–UDC,1502,Italy,IT-PROV-093,official,Ministry-format municipality party-list rows preserved by the OnData mirror and aggregated to province. Compatible local turnout metadata is unavailable. Aosta Valley's separate direct seat and overseas constituencies are excluded.,0
Pordenone,https://github.com/ondata/elezionipolitiche2018,,Lega,Lega,0,167255,0,167255,0,83628,0,first,,,Italia Agli Italiani,Italia Agli Italiani,1291,Italy,IT-PROV-093,official,Ministry-format municipality party-list rows preserved by the OnData mirror and aggregated to province. Compatible local turnout metadata is unavailable. Aosta Valley's separate direct seat and overseas constituencies are excluded.,0
Pordenone,https://github.com/ondata/elezionipolitiche2018,,Lega,Lega,0,167255,0,167255,0,83628,0,first,,,Il Popolo Della Famiglia,Il Popolo Della Famiglia,1171,Italy,IT-PROV-093,official,Ministry-format municipality party-list rows preserved by the OnData mirror and aggregated to province. Compatible local turnout metadata is unavailable. Aosta Valley's separate direct seat and overseas constituencies are excluded.,0
Pordenone,https://github.com/ondata/elezionipolitiche2018,,Lega,Lega,0,167255,0,167255,0,83628,0,first,,,Power to the People,Power to the People,967,Italy,IT-PROV-093,official,Ministry-format municipality party-list rows preserved by the OnData mirror and aggregated to province. Compatible local turnout metadata is unavailable. Aosta Valley's separate direct seat and overseas constituencies are excluded.,0
Pordenone,https://github.com/ondata/elezionipolitiche2018,,Lega,Lega,0,167255,0,167255,0,83628,0,first,,,Italia Europa Insieme,Italia Europa Insieme,587,Italy,IT-PROV-093,official,Ministry-format municipality party-list rows preserved by the OnData mirror and aggregated to province. Compatible local turnout metadata is unavailable. Aosta Valley's separate direct seat and overseas constituencies are excluded.,0
Pordenone,https://github.com/ondata/elezionipolitiche2018,,Lega,Lega,0,167255,0,167255,0,83628,0,first,,,Civica Popolare Lorenzin,Civica Popolare Lorenzin,544,Italy,IT-PROV-093,official,Ministry-format municipality party-list rows preserved by the OnData mirror and aggregated to province. Compatible local turnout metadata is unavailable. Aosta Valley's separate direct seat and overseas constituencies are excluded.,0
Pordenone,https://github.com/ondata/elezionipolitiche2018,,Lega,Lega,0,167255,0,167255,0,83628,0,first,,,Partito Valore Umano,Partito Valore Umano,507,Italy,IT-PROV-093,official,Ministry-format municipality party-list rows preserved by the OnData mirror and aggregated to province. Compatible local turnout metadata is unavailable. Aosta Valley's separate direct seat and overseas constituencies are excluded.,0
Pordenone,https://github.com/ondata/elezionipolitiche2018,,Lega,Lega,0,167255,0,167255,0,83628,0,first,,,10 Volte Meglio,10 Volte Meglio,439,Italy,IT-PROV-093,official,Ministry-format municipality party-list rows preserved by the OnData mirror and aggregated to province. Compatible local turnout metadata is unavailable. Aosta Valley's separate direct seat and overseas constituencies are excluded.,0
Pordenone,https://github.com/ondata/elezionipolitiche2018,,Lega,Lega,0,167255,0,167255,0,83628,0,first,,,Per Una Sinistra Rivoluzionaria,Per Una Sinistra Rivoluzionaria,324,Italy,IT-PROV-093,official,Ministry-format municipality party-list rows preserved by the OnData mirror and aggregated to province. Compatible local turnout metadata is unavailable. Aosta Valley's separate direct seat and overseas constituencies are excluded.,0
Pordenone,https://github.com/ondata/elezionipolitiche2018,,Lega,Lega,0,167255,0,167255,0,83628,0,first,,,Siamo,Siamo,213,Italy,IT-PROV-093,official,Ministry-format municipality party-list rows preserved by the OnData mirror and aggregated to province. Compatible local turnout metadata is unavailable. Aosta Valley's separate direct seat and overseas constituencies are excluded.,0
Pordenone,https://github.com/ondata/elezionipolitiche2018,,Lega,Lega,0,167255,0,167255,0,83628,0,first,,,Lista Del Popolo Per La Costituzione,Lista Del Popolo Per La Costituzione,169,Italy,IT-PROV-093,official,Ministry-format municipality party-list rows preserved by the OnData mirror and aggregated to province. Compatible local turnout metadata is unavailable. Aosta Valley's separate direct seat and overseas constituencies are excluded.,0
Pordenone,https://github.com/ondata/elezionipolitiche2018,,Lega,Lega,0,167255,0,167255,0,83628,0,first,,,Rinascimento Mir,Rinascimento Mir,144,Italy,IT-PROV-093,official,Ministry-format municipality party-list rows preserved by the OnData mirror and aggregated to province. Compatible local turnout metadata is unavailable. Aosta Valley's separate direct seat and overseas constituencies are excluded.,0
Pordenone,https://github.com/ondata/elezionipolitiche2018,,Lega,Lega,0,167255,0,167255,0,83628,0,first,,,Blocco Nazionale Per Le Liberta',Blocco Nazionale Per Le Liberta',143,Italy,IT-PROV-093,official,Ministry-format municipality party-list rows preserved by the OnData mirror and aggregated to province. Compatible local turnout metadata is unavailable. Aosta Valley's separate direct seat and overseas constituencies are excluded.,0
Isernia,https://github.com/ondata/elezionipolitiche2018,,Five Star Movement,Five Star Movement,0,43892,0,43892,0,21947,0,first,,,Five Star Movement,Five Star Movement,17609,Italy,IT-PROV-094,official,Ministry-format municipality party-list rows preserved by the OnData mirror and aggregated to province. Compatible local turnout metadata is unavailable. Aosta Valley's separate direct seat and overseas constituencies are excluded.,0
Isernia,https://github.com/ondata/elezionipolitiche2018,,Five Star Movement,Five Star Movement,0,43892,0,43892,0,21947,0,first,,,Forza Italia,Forza Italia,9727,Italy,IT-PROV-094,official,Ministry-format municipality party-list rows preserved by the OnData mirror and aggregated to province. Compatible local turnout metadata is unavailable. Aosta Valley's separate direct seat and overseas constituencies are excluded.,0
Isernia,https://github.com/ondata/elezionipolitiche2018,,Five Star Movement,Five Star Movement,0,43892,0,43892,0,21947,0,first,,,Democratic Party,Democratic Party,5383,Italy,IT-PROV-094,official,Ministry-format municipality party-list rows preserved by the OnData mirror and aggregated to province. Compatible local turnout metadata is unavailable. Aosta Valley's separate direct seat and overseas constituencies are excluded.,0
Isernia,https://github.com/ondata/elezionipolitiche2018,,Five Star Movement,Five Star Movement,0,43892,0,43892,0,21947,0,first,,,Lega,Lega,4259,Italy,IT-PROV-094,official,Ministry-format municipality party-list rows preserved by the OnData mirror and aggregated to province. Compatible local turnout metadata is unavailable. Aosta Valley's separate direct seat and overseas constituencies are excluded.,0
Isernia,https://github.com/ondata/elezionipolitiche2018,,Five Star Movement,Five Star Movement,0,43892,0,43892,0,21947,0,first,,,Free and Equal,Free and Equal,1556,Italy,IT-PROV-094,official,Ministry-format municipality party-list rows preserved by the OnData mirror and aggregated to province. Compatible local turnout metadata is unavailable. Aosta Valley's separate direct seat and overseas constituencies are excluded.,0
Isernia,https://github.com/ondata/elezionipolitiche2018,,Five Star Movement,Five Star Movement,0,43892,0,43892,0,21947,0,first,,,Brothers of Italy,Brothers of Italy,1544,Italy,IT-PROV-094,official,Ministry-format municipality party-list rows preserved by the OnData mirror and aggregated to province. Compatible local turnout metadata is unavailable. Aosta Valley's separate direct seat and overseas constituencies are excluded.,0
Isernia,https://github.com/ondata/elezionipolitiche2018,,Five Star Movement,Five Star Movement,0,43892,0,43892,0,21947,0,first,,,Us with Italy–UDC,Us with Italy–UDC,1103,Italy,IT-PROV-094,official,Ministry-format municipality party-list rows preserved by the OnData mirror and aggregated to province. Compatible local turnout metadata is unavailable. Aosta Valley's separate direct seat and overseas constituencies are excluded.,0
Isernia,https://github.com/ondata/elezionipolitiche2018,,Five Star Movement,Five Star Movement,0,43892,0,43892,0,21947,0,first,,,Civica Popolare Lorenzin,Civica Popolare Lorenzin,467,Italy,IT-PROV-094,official,Ministry-format municipality party-list rows preserved by the OnData mirror and aggregated to province. Compatible local turnout metadata is unavailable. Aosta Valley's separate direct seat and overseas constituencies are excluded.,0
Isernia,https://github.com/ondata/elezionipolitiche2018,,Five Star Movement,Five Star Movement,0,43892,0,43892,0,21947,0,first,,,More Europe,More Europe,464,Italy,IT-PROV-094,official,Ministry-format municipality party-list rows preserved by the OnData mirror and aggregated to province. Compatible local turnout metadata is unavailable. Aosta Valley's separate direct seat and overseas constituencies are excluded.,0
Isernia,https://github.com/ondata/elezionipolitiche2018,,Five Star Movement,Five Star Movement,0,43892,0,43892,0,21947,0,first,,,Casapound Italia,Casapound Italia,455,Italy,IT-PROV-094,official,Ministry-format municipality party-list rows preserved by the OnData mirror and aggregated to province. Compatible local turnout metadata is unavailable. Aosta Valley's separate direct seat and overseas constituencies are excluded.,0
Isernia,https://github.com/ondata/elezionipolitiche2018,,Five Star Movement,Five Star Movement,0,43892,0,43892,0,21947,0,first,,,Power to the People,Power to the People,445,Italy,IT-PROV-094,official,Ministry-format municipality party-list rows preserved by the OnData mirror and aggregated to province. Compatible local turnout metadata is unavailable. Aosta Valley's separate direct seat and overseas constituencies are excluded.,0
Isernia,https://github.com/ondata/elezionipolitiche2018,,Five Star Movement,Five Star Movement,0,43892,0,43892,0,21947,0,first,,,Italia Europa Insieme,Italia Europa Insieme,345,Italy,IT-PROV-094,official,Ministry-format municipality party-list rows preserved by the OnData mirror and aggregated to province. Compatible local turnout metadata is unavailable. Aosta Valley's separate direct seat and overseas constituencies are excluded.,0
Isernia,https://github.com/ondata/elezionipolitiche2018,,Five Star Movement,Five Star Movement,0,43892,0,43892,0,21947,0,first,,,Partito Comunista,Partito Comunista,188,Italy,IT-PROV-094,official,Ministry-format municipality party-list rows preserved by the OnData mirror and aggregated to province. Compatible local turnout metadata is unavailable. Aosta Valley's separate direct seat and overseas constituencies are excluded.,0
Isernia,https://github.com/ondata/elezionipolitiche2018,,Five Star Movement,Five Star Movement,0,43892,0,43892,0,21947,0,first,,,Italia Agli Italiani,Italia Agli Italiani,142,Italy,IT-PROV-094,official,Ministry-format municipality party-list rows preserved by the OnData mirror and aggregated to province. Compatible local turnout metadata is unavailable. Aosta Valley's separate direct seat and overseas constituencies are excluded.,0
Isernia,https://github.com/ondata/elezionipolitiche2018,,Five Star Movement,Five Star Movement,0,43892,0,43892,0,21947,0,first,,,Partito Valore Umano,Partito Valore Umano,117,Italy,IT-PROV-094,official,Ministry-format municipality party-list rows preserved by the OnData mirror and aggregated to province. Compatible local turnout metadata is unavailable. Aosta Valley's separate direct seat and overseas constituencies are excluded.,0
Isernia,https://github.com/ondata/elezionipolitiche2018,,Five Star Movement,Five Star Movement,0,43892,0,43892,0,21947,0,first,,,Blocco Nazionale Per Le Liberta',Blocco Nazionale Per Le Liberta',58,Italy,IT-PROV-094,official,Ministry-format municipality party-list rows preserved by the OnData mirror and aggregated to province. Compatible local turnout metadata is unavailable. Aosta Valley's separate direct seat and overseas constituencies are excluded.,0
Isernia,https://github.com/ondata/elezionipolitiche2018,,Five Star Movement,Five Star Movement,0,43892,0,43892,0,21947,0,first,,,Partito Repubblicano Italiano - Ala,Partito Repubblicano Italiano - Ala,30,Italy,IT-PROV-094,official,Ministry-format municipality party-list rows preserved by the OnData mirror and aggregated to province. Compatible local turnout metadata is unavailable. Aosta Valley's separate direct seat and overseas constituencies are excluded.,0
Oristano,https://github.com/ondata/elezionipolitiche2018,,Five Star Movement,Five Star Movement,0,80807,0,80807,0,40404,0,first,,,Five Star Movement,Five Star Movement,33375,Italy,IT-PROV-095,official,Ministry-format municipality party-list rows preserved by the OnData mirror and aggregated to province. Compatible local turnout metadata is unavailable. Aosta Valley's separate direct seat and overseas constituencies are excluded.,0
Oristano,https://github.com/ondata/elezionipolitiche2018,,Five Star Movement,Five Star Movement,0,80807,0,80807,0,40404,0,first,,,Forza Italia,Forza Italia,11930,Italy,IT-PROV-095,official,Ministry-format municipality party-list rows preserved by the OnData mirror and aggregated to province. Compatible local turnout metadata is unavailable. Aosta Valley's separate direct seat and overseas constituencies are excluded.,0
Oristano,https://github.com/ondata/elezionipolitiche2018,,Five Star Movement,Five Star Movement,0,80807,0,80807,0,40404,0,first,,,Democratic Party,Democratic Party,11651,Italy,IT-PROV-095,official,Ministry-format municipality party-list rows preserved by the OnData mirror and aggregated to province. Compatible local turnout metadata is unavailable. Aosta Valley's separate direct seat and overseas constituencies are excluded.,0
Oristano,https://github.com/ondata/elezionipolitiche2018,,Five Star Movement,Five Star Movement,0,80807,0,80807,0,40404,0,first,,,Lega,Lega,10148,Italy,IT-PROV-095,official,Ministry-format municipality party-list rows preserved by the OnData mirror and aggregated to province. Compatible local turnout metadata is unavailable. Aosta Valley's separate direct seat and overseas constituencies are excluded.,0
Oristano,https://github.com/ondata/elezionipolitiche2018,,Five Star Movement,Five Star Movement,0,80807,0,80807,0,40404,0,first,,,Brothers of Italy,Brothers of Italy,3660,Italy,IT-PROV-095,official,Ministry-format municipality party-list rows preserved by the OnData mirror and aggregated to province. Compatible local turnout metadata is unavailable. Aosta Valley's separate direct seat and overseas constituencies are excluded.,0
Oristano,https://github.com/ondata/elezionipolitiche2018,,Five Star Movement,Five Star Movement,0,80807,0,80807,0,40404,0,first,,,Autodeterminatzione,Autodeterminatzione,2990,Italy,IT-PROV-095,official,Ministry-format municipality party-list rows preserved by the OnData mirror and aggregated to province. Compatible local turnout metadata is unavailable. Aosta Valley's separate direct seat and overseas constituencies are excluded.,0
Oristano,https://github.com/ondata/elezionipolitiche2018,,Five Star Movement,Five Star Movement,0,80807,0,80807,0,40404,0,first,,,Free and Equal,Free and Equal,2025,Italy,IT-PROV-095,official,Ministry-format municipality party-list rows preserved by the OnData mirror and aggregated to province. Compatible local turnout metadata is unavailable. Aosta Valley's separate direct seat and overseas constituencies are excluded.,0
Oristano,https://github.com/ondata/elezionipolitiche2018,,Five Star Movement,Five Star Movement,0,80807,0,80807,0,40404,0,first,,,More Europe,More Europe,1119,Italy,IT-PROV-095,official,Ministry-format municipality party-list rows preserved by the OnData mirror and aggregated to province. Compatible local turnout metadata is unavailable. Aosta Valley's separate direct seat and overseas constituencies are excluded.,0
Oristano,https://github.com/ondata/elezionipolitiche2018,,Five Star Movement,Five Star Movement,0,80807,0,80807,0,40404,0,first,,,Us with Italy–UDC,Us with Italy–UDC,661,Italy,IT-PROV-095,official,Ministry-format municipality party-list rows preserved by the OnData mirror and aggregated to province. Compatible local turnout metadata is unavailable. Aosta Valley's separate direct seat and overseas constituencies are excluded.,0
Oristano,https://github.com/ondata/elezionipolitiche2018,,Five Star Movement,Five Star Movement,0,80807,0,80807,0,40404,0,first,,,Casapound Italia,Casapound Italia,628,Italy,IT-PROV-095,official,Ministry-format municipality party-list rows preserved by the OnData mirror and aggregated to province. Compatible local turnout metadata is unavailable. Aosta Valley's separate direct seat and overseas constituencies are excluded.,0
Oristano,https://github.com/ondata/elezionipolitiche2018,,Five Star Movement,Five Star Movement,0,80807,0,80807,0,40404,0,first,,,Power to the People,Power to the People,623,Italy,IT-PROV-095,official,Ministry-format municipality party-list rows preserved by the OnData mirror and aggregated to province. Compatible local turnout metadata is unavailable. Aosta Valley's separate direct seat and overseas constituencies are excluded.,0
Oristano,https://github.com/ondata/elezionipolitiche2018,,Five Star Movement,Five Star Movement,0,80807,0,80807,0,40404,0,first,,,Il Popolo Della Famiglia,Il Popolo Della Famiglia,544,Italy,IT-PROV-095,official,Ministry-format municipality party-list rows preserved by the OnData mirror and aggregated to province. Compatible local turnout metadata is unavailable. Aosta Valley's separate direct seat and overseas constituencies are excluded.,0
Oristano,https://github.com/ondata/elezionipolitiche2018,,Five Star Movement,Five Star Movement,0,80807,0,80807,0,40404,0,first,,,Partito Comunista,Partito Comunista,486,Italy,IT-PROV-095,official,Ministry-format municipality party-list rows preserved by the OnData mirror and aggregated to province. Compatible local turnout metadata is unavailable. Aosta Valley's separate direct seat and overseas constituencies are excluded.,0
Oristano,https://github.com/ondata/elezionipolitiche2018,,Five Star Movement,Five Star Movement,0,80807,0,80807,0,40404,0,first,,,Partito Valore Umano,Partito Valore Umano,366,Italy,IT-PROV-095,official,Ministry-format municipality party-list rows preserved by the OnData mirror and aggregated to province. Compatible local turnout metadata is unavailable. Aosta Valley's separate direct seat and overseas constituencies are excluded.,0
Oristano,https://github.com/ondata/elezionipolitiche2018,,Five Star Movement,Five Star Movement,0,80807,0,80807,0,40404,0,first,,,Italia Europa Insieme,Italia Europa Insieme,312,Italy,IT-PROV-095,official,Ministry-format municipality party-list rows preserved by the OnData mirror and aggregated to province. Compatible local turnout metadata is unavailable. Aosta Valley's separate direct seat and overseas constituencies are excluded.,0
Oristano,https://github.com/ondata/elezionipolitiche2018,,Five Star Movement,Five Star Movement,0,80807,0,80807,0,40404,0,first,,,Civica Popolare Lorenzin,Civica Popolare Lorenzin,289,Italy,IT-PROV-095,official,Ministry-format municipality party-list rows preserved by the OnData mirror and aggregated to province. Compatible local turnout metadata is unavailable. Aosta Valley's separate direct seat and overseas constituencies are excluded.,0
Biella,https://github.com/ondata/elezionipolitiche2018,,Lega,Lega,0,98796,0,98796,0,49399,0,first,,,Lega,Lega,25024,Italy,IT-PROV-096,official,Ministry-format municipality party-list rows preserved by the OnData mirror and aggregated to province. Compatible local turnout metadata is unavailable. Aosta Valley's separate direct seat and overseas constituencies are excluded.,0
Biella,https://github.com/ondata/elezionipolitiche2018,,Lega,Lega,0,98796,0,98796,0,49399,0,first,,,Five Star Movement,Five Star Movement,23969,Italy,IT-PROV-096,official,Ministry-format municipality party-list rows preserved by the OnData mirror and aggregated to province. Compatible local turnout metadata is unavailable. Aosta Valley's separate direct seat and overseas constituencies are excluded.,0
Biella,https://github.com/ondata/elezionipolitiche2018,,Lega,Lega,0,98796,0,98796,0,49399,0,first,,,Democratic Party,Democratic Party,18285,Italy,IT-PROV-096,official,Ministry-format municipality party-list rows preserved by the OnData mirror and aggregated to province. Compatible local turnout metadata is unavailable. Aosta Valley's separate direct seat and overseas constituencies are excluded.,0
Biella,https://github.com/ondata/elezionipolitiche2018,,Lega,Lega,0,98796,0,98796,0,49399,0,first,,,Forza Italia,Forza Italia,14665,Italy,IT-PROV-096,official,Ministry-format municipality party-list rows preserved by the OnData mirror and aggregated to province. Compatible local turnout metadata is unavailable. Aosta Valley's separate direct seat and overseas constituencies are excluded.,0
Biella,https://github.com/ondata/elezionipolitiche2018,,Lega,Lega,0,98796,0,98796,0,49399,0,first,,,Brothers of Italy,Brothers of Italy,5591,Italy,IT-PROV-096,official,Ministry-format municipality party-list rows preserved by the OnData mirror and aggregated to province. Compatible local turnout metadata is unavailable. Aosta Valley's separate direct seat and overseas constituencies are excluded.,0
Biella,https://github.com/ondata/elezionipolitiche2018,,Lega,Lega,0,98796,0,98796,0,49399,0,first,,,More Europe,More Europe,3536,Italy,IT-PROV-096,official,Ministry-format municipality party-list rows preserved by the OnData mirror and aggregated to province. Compatible local turnout metadata is unavailable. Aosta Valley's separate direct seat and overseas constituencies are excluded.,0
Biella,https://github.com/ondata/elezionipolitiche2018,,Lega,Lega,0,98796,0,98796,0,49399,0,first,,,Free and Equal,Free and Equal,2442,Italy,IT-PROV-096,official,Ministry-format municipality party-list rows preserved by the OnData mirror and aggregated to province. Compatible local turnout metadata is unavailable. Aosta Valley's separate direct seat and overseas constituencies are excluded.,0
Biella,https://github.com/ondata/elezionipolitiche2018,,Lega,Lega,0,98796,0,98796,0,49399,0,first,,,Us with Italy–UDC,Us with Italy–UDC,973,Italy,IT-PROV-096,official,Ministry-format municipality party-list rows preserved by the OnData mirror and aggregated to province. Compatible local turnout metadata is unavailable. Aosta Valley's separate direct seat and overseas constituencies are excluded.,0
Biella,https://github.com/ondata/elezionipolitiche2018,,Lega,Lega,0,98796,0,98796,0,49399,0,first,,,Power to the People,Power to the People,885,Italy,IT-PROV-096,official,Ministry-format municipality party-list rows preserved by the OnData mirror and aggregated to province. Compatible local turnout metadata is unavailable. Aosta Valley's separate direct seat and overseas constituencies are excluded.,0
Biella,https://github.com/ondata/elezionipolitiche2018,,Lega,Lega,0,98796,0,98796,0,49399,0,first,,,Casapound Italia,Casapound Italia,882,Italy,IT-PROV-096,official,Ministry-format municipality party-list rows preserved by the OnData mirror and aggregated to province. Compatible local turnout metadata is unavailable. Aosta Valley's separate direct seat and overseas constituencies are excluded.,0
Biella,https://github.com/ondata/elezionipolitiche2018,,Lega,Lega,0,98796,0,98796,0,49399,0,first,,,Italia Agli Italiani,Italia Agli Italiani,653,Italy,IT-PROV-096,official,Ministry-format municipality party-list rows preserved by the OnData mirror and aggregated to province. Compatible local turnout metadata is unavailable. Aosta Valley's separate direct seat and overseas constituencies are excluded.,0
Biella,https://github.com/ondata/elezionipolitiche2018,,Lega,Lega,0,98796,0,98796,0,49399,0,first,,,Il Popolo Della Famiglia,Il Popolo Della Famiglia,580,Italy,IT-PROV-096,official,Ministry-format municipality party-list rows preserved by the OnData mirror and aggregated to province. Compatible local turnout metadata is unavailable. Aosta Valley's separate direct seat and overseas constituencies are excluded.,0
Biella,https://github.com/ondata/elezionipolitiche2018,,Lega,Lega,0,98796,0,98796,0,49399,0,first,,,Italia Europa Insieme,Italia Europa Insieme,490,Italy,IT-PROV-096,official,Ministry-format municipality party-list rows preserved by the OnData mirror and aggregated to province. Compatible local turnout metadata is unavailable. Aosta Valley's separate direct seat and overseas constituencies are excluded.,0
Biella,https://github.com/ondata/elezionipolitiche2018,,Lega,Lega,0,98796,0,98796,0,49399,0,first,,,Partito Valore Umano,Partito Valore Umano,454,Italy,IT-PROV-096,official,Ministry-format municipality party-list rows preserved by the OnData mirror and aggregated to province. Compatible local turnout metadata is unavailable. Aosta Valley's separate direct seat and overseas constituencies are excluded.,0
Biella,https://github.com/ondata/elezionipolitiche2018,,Lega,Lega,0,98796,0,98796,0,49399,0,first,,,Civica Popolare Lorenzin,Civica Popolare Lorenzin,367,Italy,IT-PROV-096,official,Ministry-format municipality party-list rows preserved by the OnData mirror and aggregated to province. Compatible local turnout metadata is unavailable. Aosta Valley's separate direct seat and overseas constituencies are excluded.,0
Lecco,https://github.com/ondata/elezionipolitiche2018,,Lega,Lega,0,192545,0,192545,0,96273,0,first,,,Lega,Lega,61490,Italy,IT-PROV-097,official,Ministry-format municipality party-list rows preserved by the OnData mirror and aggregated to province. Compatible local turnout metadata is unavailable. Aosta Valley's separate direct seat and overseas constituencies are excluded.,0
Lecco,https://github.com/ondata/elezionipolitiche2018,,Lega,Lega,0,192545,0,192545,0,96273,0,first,,,Democratic Party,Democratic Party,42316,Italy,IT-PROV-097,official,Ministry-format municipality party-list rows preserved by the OnData mirror and aggregated to province. Compatible local turnout metadata is unavailable. Aosta Valley's separate direct seat and overseas constituencies are excluded.,0
Lecco,https://github.com/ondata/elezionipolitiche2018,,Lega,Lega,0,192545,0,192545,0,96273,0,first,,,Five Star Movement,Five Star Movement,36090,Italy,IT-PROV-097,official,Ministry-format municipality party-list rows preserved by the OnData mirror and aggregated to province. Compatible local turnout metadata is unavailable. Aosta Valley's separate direct seat and overseas constituencies are excluded.,0
Lecco,https://github.com/ondata/elezionipolitiche2018,,Lega,Lega,0,192545,0,192545,0,96273,0,first,,,Forza Italia,Forza Italia,24325,Italy,IT-PROV-097,official,Ministry-format municipality party-list rows preserved by the OnData mirror and aggregated to province. Compatible local turnout metadata is unavailable. Aosta Valley's separate direct seat and overseas constituencies are excluded.,0
Lecco,https://github.com/ondata/elezionipolitiche2018,,Lega,Lega,0,192545,0,192545,0,96273,0,first,,,Brothers of Italy,Brothers of Italy,6889,Italy,IT-PROV-097,official,Ministry-format municipality party-list rows preserved by the OnData mirror and aggregated to province. Compatible local turnout metadata is unavailable. Aosta Valley's separate direct seat and overseas constituencies are excluded.,0
Lecco,https://github.com/ondata/elezionipolitiche2018,,Lega,Lega,0,192545,0,192545,0,96273,0,first,,,More Europe,More Europe,5395,Italy,IT-PROV-097,official,Ministry-format municipality party-list rows preserved by the OnData mirror and aggregated to province. Compatible local turnout metadata is unavailable. Aosta Valley's separate direct seat and overseas constituencies are excluded.,0
Lecco,https://github.com/ondata/elezionipolitiche2018,,Lega,Lega,0,192545,0,192545,0,96273,0,first,,,Free and Equal,Free and Equal,5225,Italy,IT-PROV-097,official,Ministry-format municipality party-list rows preserved by the OnData mirror and aggregated to province. Compatible local turnout metadata is unavailable. Aosta Valley's separate direct seat and overseas constituencies are excluded.,0
Lecco,https://github.com/ondata/elezionipolitiche2018,,Lega,Lega,0,192545,0,192545,0,96273,0,first,,,Us with Italy–UDC,Us with Italy–UDC,2225,Italy,IT-PROV-097,official,Ministry-format municipality party-list rows preserved by the OnData mirror and aggregated to province. Compatible local turnout metadata is unavailable. Aosta Valley's separate direct seat and overseas constituencies are excluded.,0
Lecco,https://github.com/ondata/elezionipolitiche2018,,Lega,Lega,0,192545,0,192545,0,96273,0,first,,,Casapound Italia,Casapound Italia,1664,Italy,IT-PROV-097,official,Ministry-format municipality party-list rows preserved by the OnData mirror and aggregated to province. Compatible local turnout metadata is unavailable. Aosta Valley's separate direct seat and overseas constituencies are excluded.,0
Lecco,https://github.com/ondata/elezionipolitiche2018,,Lega,Lega,0,192545,0,192545,0,96273,0,first,,,Power to the People,Power to the People,1302,Italy,IT-PROV-097,official,Ministry-format municipality party-list rows preserved by the OnData mirror and aggregated to province. Compatible local turnout metadata is unavailable. Aosta Valley's separate direct seat and overseas constituencies are excluded.,0
Lecco,https://github.com/ondata/elezionipolitiche2018,,Lega,Lega,0,192545,0,192545,0,96273,0,first,,,Italia Agli Italiani,Italia Agli Italiani,1121,Italy,IT-PROV-097,official,Ministry-format municipality party-list rows preserved by the OnData mirror and aggregated to province. Compatible local turnout metadata is unavailable. Aosta Valley's separate direct seat and overseas constituencies are excluded.,0
Lecco,https://github.com/ondata/elezionipolitiche2018,,Lega,Lega,0,192545,0,192545,0,96273,0,first,,,Il Popolo Della Famiglia,Il Popolo Della Famiglia,1044,Italy,IT-PROV-097,official,Ministry-format municipality party-list rows preserved by the OnData mirror and aggregated to province. Compatible local turnout metadata is unavailable. Aosta Valley's separate direct seat and overseas constituencies are excluded.,0
Lecco,https://github.com/ondata/elezionipolitiche2018,,Lega,Lega,0,192545,0,192545,0,96273,0,first,,,Civica Popolare Lorenzin,Civica Popolare Lorenzin,945,Italy,IT-PROV-097,official,Ministry-format municipality party-list rows preserved by the OnData mirror and aggregated to province. Compatible local turnout metadata is unavailable. Aosta Valley's separate direct seat and overseas constituencies are excluded.,0
Lecco,https://github.com/ondata/elezionipolitiche2018,,Lega,Lega,0,192545,0,192545,0,96273,0,first,,,Italia Europa Insieme,Italia Europa Insieme,696,Italy,IT-PROV-097,official,Ministry-format municipality party-list rows preserved by the OnData mirror and aggregated to province. Compatible local turnout metadata is unavailable. Aosta Valley's separate direct seat and overseas constituencies are excluded.,0
Lecco,https://github.com/ondata/elezionipolitiche2018,,Lega,Lega,0,192545,0,192545,0,96273,0,first,,,10 Volte Meglio,10 Volte Meglio,435,Italy,IT-PROV-097,official,Ministry-format municipality party-list rows preserved by the OnData mirror and aggregated to province. Compatible local turnout metadata is unavailable. Aosta Valley's separate direct seat and overseas constituencies are excluded.,0
Lecco,https://github.com/ondata/elezionipolitiche2018,,Lega,Lega,0,192545,0,192545,0,96273,0,first,,,Per Una Sinistra Rivoluzionaria,Per Una Sinistra Rivoluzionaria,426,Italy,IT-PROV-097,official,Ministry-format municipality party-list rows preserved by the OnData mirror and aggregated to province. Compatible local turnout metadata is unavailable. Aosta Valley's separate direct seat and overseas constituencies are excluded.,0
Lecco,https://github.com/ondata/elezionipolitiche2018,,Lega,Lega,0,192545,0,192545,0,96273,0,first,,,Grande Nord,Grande Nord,374,Italy,IT-PROV-097,official,Ministry-format municipality party-list rows preserved by the OnData mirror and aggregated to province. Compatible local turnout metadata is unavailable. Aosta Valley's separate direct seat and overseas constituencies are excluded.,0
Lecco,https://github.com/ondata/elezionipolitiche2018,,Lega,Lega,0,192545,0,192545,0,96273,0,first,,,Partito Valore Umano,Partito Valore Umano,327,Italy,IT-PROV-097,official,Ministry-format municipality party-list rows preserved by the OnData mirror and aggregated to province. Compatible local turnout metadata is unavailable. Aosta Valley's separate direct seat and overseas constituencies are excluded.,0
Lecco,https://github.com/ondata/elezionipolitiche2018,,Lega,Lega,0,192545,0,192545,0,96273,0,first,,,Partito Repubblicano Italiano - Ala,Partito Repubblicano Italiano - Ala,139,Italy,IT-PROV-097,official,Ministry-format municipality party-list rows preserved by the OnData mirror and aggregated to province. Compatible local turnout metadata is unavailable. Aosta Valley's separate direct seat and overseas constituencies are excluded.,0
Lecco,https://github.com/ondata/elezionipolitiche2018,,Lega,Lega,0,192545,0,192545,0,96273,0,first,,,Blocco Nazionale Per Le Liberta',Blocco Nazionale Per Le Liberta',117,Italy,IT-PROV-097,official,Ministry-format municipality party-list rows preserved by the OnData mirror and aggregated to province. Compatible local turnout metadata is unavailable. Aosta Valley's separate direct seat and overseas constituencies are excluded.,0
Lodi,https://github.com/ondata/elezionipolitiche2018,,Lega,Lega,0,123283,0,123283,0,61642,0,first,,,Lega,Lega,37559,Italy,IT-PROV-098,official,Ministry-format municipality party-list rows preserved by the OnData mirror and aggregated to province. Compatible local turnout metadata is unavailable. Aosta Valley's separate direct seat and overseas constituencies are excluded.,0
Lodi,https://github.com/ondata/elezionipolitiche2018,,Lega,Lega,0,123283,0,123283,0,61642,0,first,,,Five Star Movement,Five Star Movement,27879,Italy,IT-PROV-098,official,Ministry-format municipality party-list rows preserved by the OnData mirror and aggregated to province. Compatible local turnout metadata is unavailable. Aosta Valley's separate direct seat and overseas constituencies are excluded.,0
Lodi,https://github.com/ondata/elezionipolitiche2018,,Lega,Lega,0,123283,0,123283,0,61642,0,first,,,Democratic Party,Democratic Party,24699,Italy,IT-PROV-098,official,Ministry-format municipality party-list rows preserved by the OnData mirror and aggregated to province. Compatible local turnout metadata is unavailable. Aosta Valley's separate direct seat and overseas constituencies are excluded.,0
Lodi,https://github.com/ondata/elezionipolitiche2018,,Lega,Lega,0,123283,0,123283,0,61642,0,first,,,Forza Italia,Forza Italia,17339,Italy,IT-PROV-098,official,Ministry-format municipality party-list rows preserved by the OnData mirror and aggregated to province. Compatible local turnout metadata is unavailable. Aosta Valley's separate direct seat and overseas constituencies are excluded.,0
Lodi,https://github.com/ondata/elezionipolitiche2018,,Lega,Lega,0,123283,0,123283,0,61642,0,first,,,Brothers of Italy,Brothers of Italy,4603,Italy,IT-PROV-098,official,Ministry-format municipality party-list rows preserved by the OnData mirror and aggregated to province. Compatible local turnout metadata is unavailable. Aosta Valley's separate direct seat and overseas constituencies are excluded.,0
Lodi,https://github.com/ondata/elezionipolitiche2018,,Lega,Lega,0,123283,0,123283,0,61642,0,first,,,Free and Equal,Free and Equal,3030,Italy,IT-PROV-098,official,Ministry-format municipality party-list rows preserved by the OnData mirror and aggregated to province. Compatible local turnout metadata is unavailable. Aosta Valley's separate direct seat and overseas constituencies are excluded.,0
Lodi,https://github.com/ondata/elezionipolitiche2018,,Lega,Lega,0,123283,0,123283,0,61642,0,first,,,More Europe,More Europe,2570,Italy,IT-PROV-098,official,Ministry-format municipality party-list rows preserved by the OnData mirror and aggregated to province. Compatible local turnout metadata is unavailable. Aosta Valley's separate direct seat and overseas constituencies are excluded.,0
Lodi,https://github.com/ondata/elezionipolitiche2018,,Lega,Lega,0,123283,0,123283,0,61642,0,first,,,Casapound Italia,Casapound Italia,1132,Italy,IT-PROV-098,official,Ministry-format municipality party-list rows preserved by the OnData mirror and aggregated to province. Compatible local turnout metadata is unavailable. Aosta Valley's separate direct seat and overseas constituencies are excluded.,0
Lodi,https://github.com/ondata/elezionipolitiche2018,,Lega,Lega,0,123283,0,123283,0,61642,0,first,,,Power to the People,Power to the People,921,Italy,IT-PROV-098,official,Ministry-format municipality party-list rows preserved by the OnData mirror and aggregated to province. Compatible local turnout metadata is unavailable. Aosta Valley's separate direct seat and overseas constituencies are excluded.,0
Lodi,https://github.com/ondata/elezionipolitiche2018,,Lega,Lega,0,123283,0,123283,0,61642,0,first,,,Italia Agli Italiani,Italia Agli Italiani,889,Italy,IT-PROV-098,official,Ministry-format municipality party-list rows preserved by the OnData mirror and aggregated to province. Compatible local turnout metadata is unavailable. Aosta Valley's separate direct seat and overseas constituencies are excluded.,0
Lodi,https://github.com/ondata/elezionipolitiche2018,,Lega,Lega,0,123283,0,123283,0,61642,0,first,,,Us with Italy–UDC,Us with Italy–UDC,793,Italy,IT-PROV-098,official,Ministry-format municipality party-list rows preserved by the OnData mirror and aggregated to province. Compatible local turnout metadata is unavailable. Aosta Valley's separate direct seat and overseas constituencies are excluded.,0
Lodi,https://github.com/ondata/elezionipolitiche2018,,Lega,Lega,0,123283,0,123283,0,61642,0,first,,,Il Popolo Della Famiglia,Il Popolo Della Famiglia,496,Italy,IT-PROV-098,official,Ministry-format municipality party-list rows preserved by the OnData mirror and aggregated to province. Compatible local turnout metadata is unavailable. Aosta Valley's separate direct seat and overseas constituencies are excluded.,0
Lodi,https://github.com/ondata/elezionipolitiche2018,,Lega,Lega,0,123283,0,123283,0,61642,0,first,,,Civica Popolare Lorenzin,Civica Popolare Lorenzin,418,Italy,IT-PROV-098,official,Ministry-format municipality party-list rows preserved by the OnData mirror and aggregated to province. Compatible local turnout metadata is unavailable. Aosta Valley's separate direct seat and overseas constituencies are excluded.,0
Lodi,https://github.com/ondata/elezionipolitiche2018,,Lega,Lega,0,123283,0,123283,0,61642,0,first,,,Italia Europa Insieme,Italia Europa Insieme,391,Italy,IT-PROV-098,official,Ministry-format municipality party-list rows preserved by the OnData mirror and aggregated to province. Compatible local turnout metadata is unavailable. Aosta Valley's separate direct seat and overseas constituencies are excluded.,0
Lodi,https://github.com/ondata/elezionipolitiche2018,,Lega,Lega,0,123283,0,123283,0,61642,0,first,,,Per Una Sinistra Rivoluzionaria,Per Una Sinistra Rivoluzionaria,262,Italy,IT-PROV-098,official,Ministry-format municipality party-list rows preserved by the OnData mirror and aggregated to province. Compatible local turnout metadata is unavailable. Aosta Valley's separate direct seat and overseas constituencies are excluded.,0
Lodi,https://github.com/ondata/elezionipolitiche2018,,Lega,Lega,0,123283,0,123283,0,61642,0,first,,,10 Volte Meglio,10 Volte Meglio,211,Italy,IT-PROV-098,official,Ministry-format municipality party-list rows preserved by the OnData mirror and aggregated to province. Compatible local turnout metadata is unavailable. Aosta Valley's separate direct seat and overseas constituencies are excluded.,0
Lodi,https://github.com/ondata/elezionipolitiche2018,,Lega,Lega,0,123283,0,123283,0,61642,0,first,,,Partito Repubblicano Italiano - Ala,Partito Repubblicano Italiano - Ala,91,Italy,IT-PROV-098,official,Ministry-format municipality party-list rows preserved by the OnData mirror and aggregated to province. Compatible local turnout metadata is unavailable. Aosta Valley's separate direct seat and overseas constituencies are excluded.,0
Rimini,https://github.com/ondata/elezionipolitiche2018,,Five Star Movement,Five Star Movement,0,185119,0,185119,0,92560,0,first,,,Five Star Movement,Five Star Movement,58450,Italy,IT-PROV-099,official,Ministry-format municipality party-list rows preserved by the OnData mirror and aggregated to province. Compatible local turnout metadata is unavailable. Aosta Valley's separate direct seat and overseas constituencies are excluded.,0
Rimini,https://github.com/ondata/elezionipolitiche2018,,Five Star Movement,Five Star Movement,0,185119,0,185119,0,92560,0,first,,,Democratic Party,Democratic Party,41336,Italy,IT-PROV-099,official,Ministry-format municipality party-list rows preserved by the OnData mirror and aggregated to province. Compatible local turnout metadata is unavailable. Aosta Valley's separate direct seat and overseas constituencies are excluded.,0
Rimini,https://github.com/ondata/elezionipolitiche2018,,Five Star Movement,Five Star Movement,0,185119,0,185119,0,92560,0,first,,,Lega,Lega,36754,Italy,IT-PROV-099,official,Ministry-format municipality party-list rows preserved by the OnData mirror and aggregated to province. Compatible local turnout metadata is unavailable. Aosta Valley's separate direct seat and overseas constituencies are excluded.,0
Rimini,https://github.com/ondata/elezionipolitiche2018,,Five Star Movement,Five Star Movement,0,185119,0,185119,0,92560,0,first,,,Forza Italia,Forza Italia,21721,Italy,IT-PROV-099,official,Ministry-format municipality party-list rows preserved by the OnData mirror and aggregated to province. Compatible local turnout metadata is unavailable. Aosta Valley's separate direct seat and overseas constituencies are excluded.,0
Rimini,https://github.com/ondata/elezionipolitiche2018,,Five Star Movement,Five Star Movement,0,185119,0,185119,0,92560,0,first,,,Brothers of Italy,Brothers of Italy,6374,Italy,IT-PROV-099,official,Ministry-format municipality party-list rows preserved by the OnData mirror and aggregated to province. Compatible local turnout metadata is unavailable. Aosta Valley's separate direct seat and overseas constituencies are excluded.,0
Rimini,https://github.com/ondata/elezionipolitiche2018,,Five Star Movement,Five Star Movement,0,185119,0,185119,0,92560,0,first,,,Free and Equal,Free and Equal,5394,Italy,IT-PROV-099,official,Ministry-format municipality party-list rows preserved by the OnData mirror and aggregated to province. Compatible local turnout metadata is unavailable. Aosta Valley's separate direct seat and overseas constituencies are excluded.,0
Rimini,https://github.com/ondata/elezionipolitiche2018,,Five Star Movement,Five Star Movement,0,185119,0,185119,0,92560,0,first,,,More Europe,More Europe,4504,Italy,IT-PROV-099,official,Ministry-format municipality party-list rows preserved by the OnData mirror and aggregated to province. Compatible local turnout metadata is unavailable. Aosta Valley's separate direct seat and overseas constituencies are excluded.,0
Rimini,https://github.com/ondata/elezionipolitiche2018,,Five Star Movement,Five Star Movement,0,185119,0,185119,0,92560,0,first,,,Us with Italy–UDC,Us with Italy–UDC,1824,Italy,IT-PROV-099,official,Ministry-format municipality party-list rows preserved by the OnData mirror and aggregated to province. Compatible local turnout metadata is unavailable. Aosta Valley's separate direct seat and overseas constituencies are excluded.,0
Rimini,https://github.com/ondata/elezionipolitiche2018,,Five Star Movement,Five Star Movement,0,185119,0,185119,0,92560,0,first,,,Power to the People,Power to the People,1565,Italy,IT-PROV-099,official,Ministry-format municipality party-list rows preserved by the OnData mirror and aggregated to province. Compatible local turnout metadata is unavailable. Aosta Valley's separate direct seat and overseas constituencies are excluded.,0
Rimini,https://github.com/ondata/elezionipolitiche2018,,Five Star Movement,Five Star Movement,0,185119,0,185119,0,92560,0,first,,,Il Popolo Della Famiglia,Il Popolo Della Famiglia,1427,Italy,IT-PROV-099,official,Ministry-format municipality party-list rows preserved by the OnData mirror and aggregated to province. Compatible local turnout metadata is unavailable. Aosta Valley's separate direct seat and overseas constituencies are excluded.,0
Rimini,https://github.com/ondata/elezionipolitiche2018,,Five Star Movement,Five Star Movement,0,185119,0,185119,0,92560,0,first,,,Partito Comunista,Partito Comunista,1219,Italy,IT-PROV-099,official,Ministry-format municipality party-list rows preserved by the OnData mirror and aggregated to province. Compatible local turnout metadata is unavailable. Aosta Valley's separate direct seat and overseas constituencies are excluded.,0
Rimini,https://github.com/ondata/elezionipolitiche2018,,Five Star Movement,Five Star Movement,0,185119,0,185119,0,92560,0,first,,,Civica Popolare Lorenzin,Civica Popolare Lorenzin,1207,Italy,IT-PROV-099,official,Ministry-format municipality party-list rows preserved by the OnData mirror and aggregated to province. Compatible local turnout metadata is unavailable. Aosta Valley's separate direct seat and overseas constituencies are excluded.,0
Rimini,https://github.com/ondata/elezionipolitiche2018,,Five Star Movement,Five Star Movement,0,185119,0,185119,0,92560,0,first,,,Italia Agli Italiani,Italia Agli Italiani,1017,Italy,IT-PROV-099,official,Ministry-format municipality party-list rows preserved by the OnData mirror and aggregated to province. Compatible local turnout metadata is unavailable. Aosta Valley's separate direct seat and overseas constituencies are excluded.,0
Rimini,https://github.com/ondata/elezionipolitiche2018,,Five Star Movement,Five Star Movement,0,185119,0,185119,0,92560,0,first,,,Casapound Italia,Casapound Italia,1003,Italy,IT-PROV-099,official,Ministry-format municipality party-list rows preserved by the OnData mirror and aggregated to province. Compatible local turnout metadata is unavailable. Aosta Valley's separate direct seat and overseas constituencies are excluded.,0
Rimini,https://github.com/ondata/elezionipolitiche2018,,Five Star Movement,Five Star Movement,0,185119,0,185119,0,92560,0,first,,,Italia Europa Insieme,Italia Europa Insieme,837,Italy,IT-PROV-099,official,Ministry-format municipality party-list rows preserved by the OnData mirror and aggregated to province. Compatible local turnout metadata is unavailable. Aosta Valley's separate direct seat and overseas constituencies are excluded.,0
Rimini,https://github.com/ondata/elezionipolitiche2018,,Five Star Movement,Five Star Movement,0,185119,0,185119,0,92560,0,first,,,Partito Repubblicano Italiano - Ala,Partito Repubblicano Italiano - Ala,289,Italy,IT-PROV-099,official,Ministry-format municipality party-list rows preserved by the OnData mirror and aggregated to province. Compatible local turnout metadata is unavailable. Aosta Valley's separate direct seat and overseas constituencies are excluded.,0
Rimini,https://github.com/ondata/elezionipolitiche2018,,Five Star Movement,Five Star Movement,0,185119,0,185119,0,92560,0,first,,,Per Una Sinistra Rivoluzionaria,Per Una Sinistra Rivoluzionaria,198,Italy,IT-PROV-099,official,Ministry-format municipality party-list rows preserved by the OnData mirror and aggregated to province. Compatible local turnout metadata is unavailable. Aosta Valley's separate direct seat and overseas constituencies are excluded.,0
Prato,https://github.com/ondata/elezionipolitiche2018,,Democratic Party,Democratic Party,0,129554,0,129554,0,64778,0,first,,,Democratic Party,Democratic Party,39465,Italy,IT-PROV-100,official,Ministry-format municipality party-list rows preserved by the OnData mirror and aggregated to province. Compatible local turnout metadata is unavailable. Aosta Valley's separate direct seat and overseas constituencies are excluded.,0
Prato,https://github.com/ondata/elezionipolitiche2018,,Democratic Party,Democratic Party,0,129554,0,129554,0,64778,0,first,,,Five Star Movement,Five Star Movement,31429,Italy,IT-PROV-100,official,Ministry-format municipality party-list rows preserved by the OnData mirror and aggregated to province. Compatible local turnout metadata is unavailable. Aosta Valley's separate direct seat and overseas constituencies are excluded.,0
Prato,https://github.com/ondata/elezionipolitiche2018,,Democratic Party,Democratic Party,0,129554,0,129554,0,64778,0,first,,,Lega,Lega,23016,Italy,IT-PROV-100,official,Ministry-format municipality party-list rows preserved by the OnData mirror and aggregated to province. Compatible local turnout metadata is unavailable. Aosta Valley's separate direct seat and overseas constituencies are excluded.,0
Prato,https://github.com/ondata/elezionipolitiche2018,,Democratic Party,Democratic Party,0,129554,0,129554,0,64778,0,first,,,Forza Italia,Forza Italia,14641,Italy,IT-PROV-100,official,Ministry-format municipality party-list rows preserved by the OnData mirror and aggregated to province. Compatible local turnout metadata is unavailable. Aosta Valley's separate direct seat and overseas constituencies are excluded.,0
Prato,https://github.com/ondata/elezionipolitiche2018,,Democratic Party,Democratic Party,0,129554,0,129554,0,64778,0,first,,,Brothers of Italy,Brothers of Italy,6107,Italy,IT-PROV-100,official,Ministry-format municipality party-list rows preserved by the OnData mirror and aggregated to province. Compatible local turnout metadata is unavailable. Aosta Valley's separate direct seat and overseas constituencies are excluded.,0
Prato,https://github.com/ondata/elezionipolitiche2018,,Democratic Party,Democratic Party,0,129554,0,129554,0,64778,0,first,,,Free and Equal,Free and Equal,4738,Italy,IT-PROV-100,official,Ministry-format municipality party-list rows preserved by the OnData mirror and aggregated to province. Compatible local turnout metadata is unavailable. Aosta Valley's separate direct seat and overseas constituencies are excluded.,0
Prato,https://github.com/ondata/elezionipolitiche2018,,Democratic Party,Democratic Party,0,129554,0,129554,0,64778,0,first,,,More Europe,More Europe,3188,Italy,IT-PROV-100,official,Ministry-format municipality party-list rows preserved by the OnData mirror and aggregated to province. Compatible local turnout metadata is unavailable. Aosta Valley's separate direct seat and overseas constituencies are excluded.,0
Prato,https://github.com/ondata/elezionipolitiche2018,,Democratic Party,Democratic Party,0,129554,0,129554,0,64778,0,first,,,Power to the People,Power to the People,1459,Italy,IT-PROV-100,official,Ministry-format municipality party-list rows preserved by the OnData mirror and aggregated to province. Compatible local turnout metadata is unavailable. Aosta Valley's separate direct seat and overseas constituencies are excluded.,0
Prato,https://github.com/ondata/elezionipolitiche2018,,Democratic Party,Democratic Party,0,129554,0,129554,0,64778,0,first,,,Partito Comunista,Partito Comunista,1210,Italy,IT-PROV-100,official,Ministry-format municipality party-list rows preserved by the OnData mirror and aggregated to province. Compatible local turnout metadata is unavailable. Aosta Valley's separate direct seat and overseas constituencies are excluded.,0
Prato,https://github.com/ondata/elezionipolitiche2018,,Democratic Party,Democratic Party,0,129554,0,129554,0,64778,0,first,,,Casapound Italia,Casapound Italia,1165,Italy,IT-PROV-100,official,Ministry-format municipality party-list rows preserved by the OnData mirror and aggregated to province. Compatible local turnout metadata is unavailable. Aosta Valley's separate direct seat and overseas constituencies are excluded.,0
Prato,https://github.com/ondata/elezionipolitiche2018,,Democratic Party,Democratic Party,0,129554,0,129554,0,64778,0,first,,,Il Popolo Della Famiglia,Il Popolo Della Famiglia,837,Italy,IT-PROV-100,official,Ministry-format municipality party-list rows preserved by the OnData mirror and aggregated to province. Compatible local turnout metadata is unavailable. Aosta Valley's separate direct seat and overseas constituencies are excluded.,0
Prato,https://github.com/ondata/elezionipolitiche2018,,Democratic Party,Democratic Party,0,129554,0,129554,0,64778,0,first,,,Us with Italy–UDC,Us with Italy–UDC,635,Italy,IT-PROV-100,official,Ministry-format municipality party-list rows preserved by the OnData mirror and aggregated to province. Compatible local turnout metadata is unavailable. Aosta Valley's separate direct seat and overseas constituencies are excluded.,0
Prato,https://github.com/ondata/elezionipolitiche2018,,Democratic Party,Democratic Party,0,129554,0,129554,0,64778,0,first,,,Civica Popolare Lorenzin,Civica Popolare Lorenzin,592,Italy,IT-PROV-100,official,Ministry-format municipality party-list rows preserved by the OnData mirror and aggregated to province. Compatible local turnout metadata is unavailable. Aosta Valley's separate direct seat and overseas constituencies are excluded.,0
Prato,https://github.com/ondata/elezionipolitiche2018,,Democratic Party,Democratic Party,0,129554,0,129554,0,64778,0,first,,,Italia Europa Insieme,Italia Europa Insieme,569,Italy,IT-PROV-100,official,Ministry-format municipality party-list rows preserved by the OnData mirror and aggregated to province. Compatible local turnout metadata is unavailable. Aosta Valley's separate direct seat and overseas constituencies are excluded.,0
Prato,https://github.com/ondata/elezionipolitiche2018,,Democratic Party,Democratic Party,0,129554,0,129554,0,64778,0,first,,,Italia Agli Italiani,Italia Agli Italiani,503,Italy,IT-PROV-100,official,Ministry-format municipality party-list rows preserved by the OnData mirror and aggregated to province. Compatible local turnout metadata is unavailable. Aosta Valley's separate direct seat and overseas constituencies are excluded.,0
Crotone,https://github.com/ondata/elezionipolitiche2018,,Five Star Movement,Five Star Movement,0,73732,0,73732,0,36867,0,first,,,Five Star Movement,Five Star Movement,37791,Italy,IT-PROV-101,official,Ministry-format municipality party-list rows preserved by the OnData mirror and aggregated to province. Compatible local turnout metadata is unavailable. Aosta Valley's separate direct seat and overseas constituencies are excluded.,0
Crotone,https://github.com/ondata/elezionipolitiche2018,,Five Star Movement,Five Star Movement,0,73732,0,73732,0,36867,0,first,,,Forza Italia,Forza Italia,13656,Italy,IT-PROV-101,official,Ministry-format municipality party-list rows preserved by the OnData mirror and aggregated to province. Compatible local turnout metadata is unavailable. Aosta Valley's separate direct seat and overseas constituencies are excluded.,0
Crotone,https://github.com/ondata/elezionipolitiche2018,,Five Star Movement,Five Star Movement,0,73732,0,73732,0,36867,0,first,,,Democratic Party,Democratic Party,9025,Italy,IT-PROV-101,official,Ministry-format municipality party-list rows preserved by the OnData mirror and aggregated to province. Compatible local turnout metadata is unavailable. Aosta Valley's separate direct seat and overseas constituencies are excluded.,0
Crotone,https://github.com/ondata/elezionipolitiche2018,,Five Star Movement,Five Star Movement,0,73732,0,73732,0,36867,0,first,,,Lega,Lega,3384,Italy,IT-PROV-101,official,Ministry-format municipality party-list rows preserved by the OnData mirror and aggregated to province. Compatible local turnout metadata is unavailable. Aosta Valley's separate direct seat and overseas constituencies are excluded.,0
Crotone,https://github.com/ondata/elezionipolitiche2018,,Five Star Movement,Five Star Movement,0,73732,0,73732,0,36867,0,first,,,Free and Equal,Free and Equal,2508,Italy,IT-PROV-101,official,Ministry-format municipality party-list rows preserved by the OnData mirror and aggregated to province. Compatible local turnout metadata is unavailable. Aosta Valley's separate direct seat and overseas constituencies are excluded.,0
Crotone,https://github.com/ondata/elezionipolitiche2018,,Five Star Movement,Five Star Movement,0,73732,0,73732,0,36867,0,first,,,Brothers of Italy,Brothers of Italy,1763,Italy,IT-PROV-101,official,Ministry-format municipality party-list rows preserved by the OnData mirror and aggregated to province. Compatible local turnout metadata is unavailable. Aosta Valley's separate direct seat and overseas constituencies are excluded.,0
Crotone,https://github.com/ondata/elezionipolitiche2018,,Five Star Movement,Five Star Movement,0,73732,0,73732,0,36867,0,first,,,Us with Italy–UDC,Us with Italy–UDC,1653,Italy,IT-PROV-101,official,Ministry-format municipality party-list rows preserved by the OnData mirror and aggregated to province. Compatible local turnout metadata is unavailable. Aosta Valley's separate direct seat and overseas constituencies are excluded.,0
Crotone,https://github.com/ondata/elezionipolitiche2018,,Five Star Movement,Five Star Movement,0,73732,0,73732,0,36867,0,first,,,Partito Valore Umano,Partito Valore Umano,1122,Italy,IT-PROV-101,official,Ministry-format municipality party-list rows preserved by the OnData mirror and aggregated to province. Compatible local turnout metadata is unavailable. Aosta Valley's separate direct seat and overseas constituencies are excluded.,0
Crotone,https://github.com/ondata/elezionipolitiche2018,,Five Star Movement,Five Star Movement,0,73732,0,73732,0,36867,0,first,,,Power to the People,Power to the People,531,Italy,IT-PROV-101,official,Ministry-format municipality party-list rows preserved by the OnData mirror and aggregated to province. Compatible local turnout metadata is unavailable. Aosta Valley's separate direct seat and overseas constituencies are excluded.,0
Crotone,https://github.com/ondata/elezionipolitiche2018,,Five Star Movement,Five Star Movement,0,73732,0,73732,0,36867,0,first,,,Italia Agli Italiani,Italia Agli Italiani,491,Italy,IT-PROV-101,official,Ministry-format municipality party-list rows preserved by the OnData mirror and aggregated to province. Compatible local turnout metadata is unavailable. Aosta Valley's separate direct seat and overseas constituencies are excluded.,0
Crotone,https://github.com/ondata/elezionipolitiche2018,,Five Star Movement,Five Star Movement,0,73732,0,73732,0,36867,0,first,,,More Europe,More Europe,427,Italy,IT-PROV-101,official,Ministry-format municipality party-list rows preserved by the OnData mirror and aggregated to province. Compatible local turnout metadata is unavailable. Aosta Valley's separate direct seat and overseas constituencies are excluded.,0
Crotone,https://github.com/ondata/elezionipolitiche2018,,Five Star Movement,Five Star Movement,0,73732,0,73732,0,36867,0,first,,,Casapound Italia,Casapound Italia,286,Italy,IT-PROV-101,official,Ministry-format municipality party-list rows preserved by the OnData mirror and aggregated to province. Compatible local turnout metadata is unavailable. Aosta Valley's separate direct seat and overseas constituencies are excluded.,0
Crotone,https://github.com/ondata/elezionipolitiche2018,,Five Star Movement,Five Star Movement,0,73732,0,73732,0,36867,0,first,,,Partito Comunista,Partito Comunista,268,Italy,IT-PROV-101,official,Ministry-format municipality party-list rows preserved by the OnData mirror and aggregated to province. Compatible local turnout metadata is unavailable. Aosta Valley's separate direct seat and overseas constituencies are excluded.,0
Crotone,https://github.com/ondata/elezionipolitiche2018,,Five Star Movement,Five Star Movement,0,73732,0,73732,0,36867,0,first,,,Lista Del Popolo Per La Costituzione,Lista Del Popolo Per La Costituzione,224,Italy,IT-PROV-101,official,Ministry-format municipality party-list rows preserved by the OnData mirror and aggregated to province. Compatible local turnout metadata is unavailable. Aosta Valley's separate direct seat and overseas constituencies are excluded.,0
Crotone,https://github.com/ondata/elezionipolitiche2018,,Five Star Movement,Five Star Movement,0,73732,0,73732,0,36867,0,first,,,Il Popolo Della Famiglia,Il Popolo Della Famiglia,214,Italy,IT-PROV-101,official,Ministry-format municipality party-list rows preserved by the OnData mirror and aggregated to province. Compatible local turnout metadata is unavailable. Aosta Valley's separate direct seat and overseas constituencies are excluded.,0
Crotone,https://github.com/ondata/elezionipolitiche2018,,Five Star Movement,Five Star Movement,0,73732,0,73732,0,36867,0,first,,,Civica Popolare Lorenzin,Civica Popolare Lorenzin,141,Italy,IT-PROV-101,official,Ministry-format municipality party-list rows preserved by the OnData mirror and aggregated to province. Compatible local turnout metadata is unavailable. Aosta Valley's separate direct seat and overseas constituencies are excluded.,0
Crotone,https://github.com/ondata/elezionipolitiche2018,,Five Star Movement,Five Star Movement,0,73732,0,73732,0,36867,0,first,,,Italia Europa Insieme,Italia Europa Insieme,138,Italy,IT-PROV-101,official,Ministry-format municipality party-list rows preserved by the OnData mirror and aggregated to province. Compatible local turnout metadata is unavailable. Aosta Valley's separate direct seat and overseas constituencies are excluded.,0
Crotone,https://github.com/ondata/elezionipolitiche2018,,Five Star Movement,Five Star Movement,0,73732,0,73732,0,36867,0,first,,,Per Una Sinistra Rivoluzionaria,Per Una Sinistra Rivoluzionaria,110,Italy,IT-PROV-101,official,Ministry-format municipality party-list rows preserved by the OnData mirror and aggregated to province. Compatible local turnout metadata is unavailable. Aosta Valley's separate direct seat and overseas constituencies are excluded.,0
Vibo Valentia,https://github.com/ondata/elezionipolitiche2018,,Five Star Movement,Five Star Movement,0,75592,0,75592,0,37797,0,first,,,Five Star Movement,Five Star Movement,23692,Italy,IT-PROV-102,official,Ministry-format municipality party-list rows preserved by the OnData mirror and aggregated to province. Compatible local turnout metadata is unavailable. Aosta Valley's separate direct seat and overseas constituencies are excluded.,0
Vibo Valentia,https://github.com/ondata/elezionipolitiche2018,,Five Star Movement,Five Star Movement,0,75592,0,75592,0,37797,0,first,,,Forza Italia,Forza Italia,18565,Italy,IT-PROV-102,official,Ministry-format municipality party-list rows preserved by the OnData mirror and aggregated to province. Compatible local turnout metadata is unavailable. Aosta Valley's separate direct seat and overseas constituencies are excluded.,0
Vibo Valentia,https://github.com/ondata/elezionipolitiche2018,,Five Star Movement,Five Star Movement,0,75592,0,75592,0,37797,0,first,,,Democratic Party,Democratic Party,13879,Italy,IT-PROV-102,official,Ministry-format municipality party-list rows preserved by the OnData mirror and aggregated to province. Compatible local turnout metadata is unavailable. Aosta Valley's separate direct seat and overseas constituencies are excluded.,0
Vibo Valentia,https://github.com/ondata/elezionipolitiche2018,,Five Star Movement,Five Star Movement,0,75592,0,75592,0,37797,0,first,,,Lega,Lega,4435,Italy,IT-PROV-102,official,Ministry-format municipality party-list rows preserved by the OnData mirror and aggregated to province. Compatible local turnout metadata is unavailable. Aosta Valley's separate direct seat and overseas constituencies are excluded.,0
Vibo Valentia,https://github.com/ondata/elezionipolitiche2018,,Five Star Movement,Five Star Movement,0,75592,0,75592,0,37797,0,first,,,Brothers of Italy,Brothers of Italy,3661,Italy,IT-PROV-102,official,Ministry-format municipality party-list rows preserved by the OnData mirror and aggregated to province. Compatible local turnout metadata is unavailable. Aosta Valley's separate direct seat and overseas constituencies are excluded.,0
Vibo Valentia,https://github.com/ondata/elezionipolitiche2018,,Five Star Movement,Five Star Movement,0,75592,0,75592,0,37797,0,first,,,Civica Popolare Lorenzin,Civica Popolare Lorenzin,2587,Italy,IT-PROV-102,official,Ministry-format municipality party-list rows preserved by the OnData mirror and aggregated to province. Compatible local turnout metadata is unavailable. Aosta Valley's separate direct seat and overseas constituencies are excluded.,0
Vibo Valentia,https://github.com/ondata/elezionipolitiche2018,,Five Star Movement,Five Star Movement,0,75592,0,75592,0,37797,0,first,,,Free and Equal,Free and Equal,1786,Italy,IT-PROV-102,official,Ministry-format municipality party-list rows preserved by the OnData mirror and aggregated to province. Compatible local turnout metadata is unavailable. Aosta Valley's separate direct seat and overseas constituencies are excluded.,0
Vibo Valentia,https://github.com/ondata/elezionipolitiche2018,,Five Star Movement,Five Star Movement,0,75592,0,75592,0,37797,0,first,,,Us with Italy–UDC,Us with Italy–UDC,1770,Italy,IT-PROV-102,official,Ministry-format municipality party-list rows preserved by the OnData mirror and aggregated to province. Compatible local turnout metadata is unavailable. Aosta Valley's separate direct seat and overseas constituencies are excluded.,0
Vibo Valentia,https://github.com/ondata/elezionipolitiche2018,,Five Star Movement,Five Star Movement,0,75592,0,75592,0,37797,0,first,,,Italia Europa Insieme,Italia Europa Insieme,1465,Italy,IT-PROV-102,official,Ministry-format municipality party-list rows preserved by the OnData mirror and aggregated to province. Compatible local turnout metadata is unavailable. Aosta Valley's separate direct seat and overseas constituencies are excluded.,0
Vibo Valentia,https://github.com/ondata/elezionipolitiche2018,,Five Star Movement,Five Star Movement,0,75592,0,75592,0,37797,0,first,,,More Europe,More Europe,865,Italy,IT-PROV-102,official,Ministry-format municipality party-list rows preserved by the OnData mirror and aggregated to province. Compatible local turnout metadata is unavailable. Aosta Valley's separate direct seat and overseas constituencies are excluded.,0
Vibo Valentia,https://github.com/ondata/elezionipolitiche2018,,Five Star Movement,Five Star Movement,0,75592,0,75592,0,37797,0,first,,,Italia Agli Italiani,Italia Agli Italiani,716,Italy,IT-PROV-102,official,Ministry-format municipality party-list rows preserved by the OnData mirror and aggregated to province. Compatible local turnout metadata is unavailable. Aosta Valley's separate direct seat and overseas constituencies are excluded.,0
Vibo Valentia,https://github.com/ondata/elezionipolitiche2018,,Five Star Movement,Five Star Movement,0,75592,0,75592,0,37797,0,first,,,Il Popolo Della Famiglia,Il Popolo Della Famiglia,601,Italy,IT-PROV-102,official,Ministry-format municipality party-list rows preserved by the OnData mirror and aggregated to province. Compatible local turnout metadata is unavailable. Aosta Valley's separate direct seat and overseas constituencies are excluded.,0
Vibo Valentia,https://github.com/ondata/elezionipolitiche2018,,Five Star Movement,Five Star Movement,0,75592,0,75592,0,37797,0,first,,,Power to the People,Power to the People,563,Italy,IT-PROV-102,official,Ministry-format municipality party-list rows preserved by the OnData mirror and aggregated to province. Compatible local turnout metadata is unavailable. Aosta Valley's separate direct seat and overseas constituencies are excluded.,0
Vibo Valentia,https://github.com/ondata/elezionipolitiche2018,,Five Star Movement,Five Star Movement,0,75592,0,75592,0,37797,0,first,,,Casapound Italia,Casapound Italia,320,Italy,IT-PROV-102,official,Ministry-format municipality party-list rows preserved by the OnData mirror and aggregated to province. Compatible local turnout metadata is unavailable. Aosta Valley's separate direct seat and overseas constituencies are excluded.,0
Vibo Valentia,https://github.com/ondata/elezionipolitiche2018,,Five Star Movement,Five Star Movement,0,75592,0,75592,0,37797,0,first,,,Partito Comunista,Partito Comunista,296,Italy,IT-PROV-102,official,Ministry-format municipality party-list rows preserved by the OnData mirror and aggregated to province. Compatible local turnout metadata is unavailable. Aosta Valley's separate direct seat and overseas constituencies are excluded.,0
Vibo Valentia,https://github.com/ondata/elezionipolitiche2018,,Five Star Movement,Five Star Movement,0,75592,0,75592,0,37797,0,first,,,Partito Valore Umano,Partito Valore Umano,152,Italy,IT-PROV-102,official,Ministry-format municipality party-list rows preserved by the OnData mirror and aggregated to province. Compatible local turnout metadata is unavailable. Aosta Valley's separate direct seat and overseas constituencies are excluded.,0
Vibo Valentia,https://github.com/ondata/elezionipolitiche2018,,Five Star Movement,Five Star Movement,0,75592,0,75592,0,37797,0,first,,,Per Una Sinistra Rivoluzionaria,Per Una Sinistra Rivoluzionaria,131,Italy,IT-PROV-102,official,Ministry-format municipality party-list rows preserved by the OnData mirror and aggregated to province. Compatible local turnout metadata is unavailable. Aosta Valley's separate direct seat and overseas constituencies are excluded.,0
Vibo Valentia,https://github.com/ondata/elezionipolitiche2018,,Five Star Movement,Five Star Movement,0,75592,0,75592,0,37797,0,first,,,Lista Del Popolo Per La Costituzione,Lista Del Popolo Per La Costituzione,108,Italy,IT-PROV-102,official,Ministry-format municipality party-list rows preserved by the OnData mirror and aggregated to province. Compatible local turnout metadata is unavailable. Aosta Valley's separate direct seat and overseas constituencies are excluded.,0
Verbano-Cusio-Ossola,https://github.com/ondata/elezionipolitiche2018,,Lega,Lega,0,86438,0,86438,0,43220,0,first,,,Lega,Lega,23302,Italy,IT-PROV-103,official,Ministry-format municipality party-list rows preserved by the OnData mirror and aggregated to province. Compatible local turnout metadata is unavailable. Aosta Valley's separate direct seat and overseas constituencies are excluded.,0
Verbano-Cusio-Ossola,https://github.com/ondata/elezionipolitiche2018,,Lega,Lega,0,86438,0,86438,0,43220,0,first,,,Five Star Movement,Five Star Movement,20342,Italy,IT-PROV-103,official,Ministry-format municipality party-list rows preserved by the OnData mirror and aggregated to province. Compatible local turnout metadata is unavailable. Aosta Valley's separate direct seat and overseas constituencies are excluded.,0
Verbano-Cusio-Ossola,https://github.com/ondata/elezionipolitiche2018,,Lega,Lega,0,86438,0,86438,0,43220,0,first,,,Democratic Party,Democratic Party,16582,Italy,IT-PROV-103,official,Ministry-format municipality party-list rows preserved by the OnData mirror and aggregated to province. Compatible local turnout metadata is unavailable. Aosta Valley's separate direct seat and overseas constituencies are excluded.,0
Verbano-Cusio-Ossola,https://github.com/ondata/elezionipolitiche2018,,Lega,Lega,0,86438,0,86438,0,43220,0,first,,,Forza Italia,Forza Italia,13185,Italy,IT-PROV-103,official,Ministry-format municipality party-list rows preserved by the OnData mirror and aggregated to province. Compatible local turnout metadata is unavailable. Aosta Valley's separate direct seat and overseas constituencies are excluded.,0
Verbano-Cusio-Ossola,https://github.com/ondata/elezionipolitiche2018,,Lega,Lega,0,86438,0,86438,0,43220,0,first,,,Brothers of Italy,Brothers of Italy,4088,Italy,IT-PROV-103,official,Ministry-format municipality party-list rows preserved by the OnData mirror and aggregated to province. Compatible local turnout metadata is unavailable. Aosta Valley's separate direct seat and overseas constituencies are excluded.,0
Verbano-Cusio-Ossola,https://github.com/ondata/elezionipolitiche2018,,Lega,Lega,0,86438,0,86438,0,43220,0,first,,,Free and Equal,Free and Equal,2525,Italy,IT-PROV-103,official,Ministry-format municipality party-list rows preserved by the OnData mirror and aggregated to province. Compatible local turnout metadata is unavailable. Aosta Valley's separate direct seat and overseas constituencies are excluded.,0
Verbano-Cusio-Ossola,https://github.com/ondata/elezionipolitiche2018,,Lega,Lega,0,86438,0,86438,0,43220,0,first,,,More Europe,More Europe,2205,Italy,IT-PROV-103,official,Ministry-format municipality party-list rows preserved by the OnData mirror and aggregated to province. Compatible local turnout metadata is unavailable. Aosta Valley's separate direct seat and overseas constituencies are excluded.,0
Verbano-Cusio-Ossola,https://github.com/ondata/elezionipolitiche2018,,Lega,Lega,0,86438,0,86438,0,43220,0,first,,,Power to the People,Power to the People,873,Italy,IT-PROV-103,official,Ministry-format municipality party-list rows preserved by the OnData mirror and aggregated to province. Compatible local turnout metadata is unavailable. Aosta Valley's separate direct seat and overseas constituencies are excluded.,0
Verbano-Cusio-Ossola,https://github.com/ondata/elezionipolitiche2018,,Lega,Lega,0,86438,0,86438,0,43220,0,first,,,Casapound Italia,Casapound Italia,713,Italy,IT-PROV-103,official,Ministry-format municipality party-list rows preserved by the OnData mirror and aggregated to province. Compatible local turnout metadata is unavailable. Aosta Valley's separate direct seat and overseas constituencies are excluded.,0
Verbano-Cusio-Ossola,https://github.com/ondata/elezionipolitiche2018,,Lega,Lega,0,86438,0,86438,0,43220,0,first,,,Us with Italy–UDC,Us with Italy–UDC,685,Italy,IT-PROV-103,official,Ministry-format municipality party-list rows preserved by the OnData mirror and aggregated to province. Compatible local turnout metadata is unavailable. Aosta Valley's separate direct seat and overseas constituencies are excluded.,0
Verbano-Cusio-Ossola,https://github.com/ondata/elezionipolitiche2018,,Lega,Lega,0,86438,0,86438,0,43220,0,first,,,Italia Agli Italiani,Italia Agli Italiani,517,Italy,IT-PROV-103,official,Ministry-format municipality party-list rows preserved by the OnData mirror and aggregated to province. Compatible local turnout metadata is unavailable. Aosta Valley's separate direct seat and overseas constituencies are excluded.,0
Verbano-Cusio-Ossola,https://github.com/ondata/elezionipolitiche2018,,Lega,Lega,0,86438,0,86438,0,43220,0,first,,,Il Popolo Della Famiglia,Il Popolo Della Famiglia,505,Italy,IT-PROV-103,official,Ministry-format municipality party-list rows preserved by the OnData mirror and aggregated to province. Compatible local turnout metadata is unavailable. Aosta Valley's separate direct seat and overseas constituencies are excluded.,0
Verbano-Cusio-Ossola,https://github.com/ondata/elezionipolitiche2018,,Lega,Lega,0,86438,0,86438,0,43220,0,first,,,Italia Europa Insieme,Italia Europa Insieme,378,Italy,IT-PROV-103,official,Ministry-format municipality party-list rows preserved by the OnData mirror and aggregated to province. Compatible local turnout metadata is unavailable. Aosta Valley's separate direct seat and overseas constituencies are excluded.,0
Verbano-Cusio-Ossola,https://github.com/ondata/elezionipolitiche2018,,Lega,Lega,0,86438,0,86438,0,43220,0,first,,,Partito Valore Umano,Partito Valore Umano,304,Italy,IT-PROV-103,official,Ministry-format municipality party-list rows preserved by the OnData mirror and aggregated to province. Compatible local turnout metadata is unavailable. Aosta Valley's separate direct seat and overseas constituencies are excluded.,0
Verbano-Cusio-Ossola,https://github.com/ondata/elezionipolitiche2018,,Lega,Lega,0,86438,0,86438,0,43220,0,first,,,Civica Popolare Lorenzin,Civica Popolare Lorenzin,234,Italy,IT-PROV-103,official,Ministry-format municipality party-list rows preserved by the OnData mirror and aggregated to province. Compatible local turnout metadata is unavailable. Aosta Valley's separate direct seat and overseas constituencies are excluded.,0
Monza e della Brianza,https://github.com/ondata/elezionipolitiche2018,,Lega,Lega,0,491239,0,491239,0,245620,0,first,,,Lega,Lega,131290,Italy,IT-PROV-108,official,Ministry-format municipality party-list rows preserved by the OnData mirror and aggregated to province. Compatible local turnout metadata is unavailable. Aosta Valley's separate direct seat and overseas constituencies are excluded.,0
Monza e della Brianza,https://github.com/ondata/elezionipolitiche2018,,Lega,Lega,0,491239,0,491239,0,245620,0,first,,,Five Star Movement,Five Star Movement,114348,Italy,IT-PROV-108,official,Ministry-format municipality party-list rows preserved by the OnData mirror and aggregated to province. Compatible local turnout metadata is unavailable. Aosta Valley's separate direct seat and overseas constituencies are excluded.,0
Monza e della Brianza,https://github.com/ondata/elezionipolitiche2018,,Lega,Lega,0,491239,0,491239,0,245620,0,first,,,Democratic Party,Democratic Party,103298,Italy,IT-PROV-108,official,Ministry-format municipality party-list rows preserved by the OnData mirror and aggregated to province. Compatible local turnout metadata is unavailable. Aosta Valley's separate direct seat and overseas constituencies are excluded.,0
Monza e della Brianza,https://github.com/ondata/elezionipolitiche2018,,Lega,Lega,0,491239,0,491239,0,245620,0,first,,,Forza Italia,Forza Italia,71505,Italy,IT-PROV-108,official,Ministry-format municipality party-list rows preserved by the OnData mirror and aggregated to province. Compatible local turnout metadata is unavailable. Aosta Valley's separate direct seat and overseas constituencies are excluded.,0
Monza e della Brianza,https://github.com/ondata/elezionipolitiche2018,,Lega,Lega,0,491239,0,491239,0,245620,0,first,,,Brothers of Italy,Brothers of Italy,18525,Italy,IT-PROV-108,official,Ministry-format municipality party-list rows preserved by the OnData mirror and aggregated to province. Compatible local turnout metadata is unavailable. Aosta Valley's separate direct seat and overseas constituencies are excluded.,0
Monza e della Brianza,https://github.com/ondata/elezionipolitiche2018,,Lega,Lega,0,491239,0,491239,0,245620,0,first,,,More Europe,More Europe,15796,Italy,IT-PROV-108,official,Ministry-format municipality party-list rows preserved by the OnData mirror and aggregated to province. Compatible local turnout metadata is unavailable. Aosta Valley's separate direct seat and overseas constituencies are excluded.,0
Monza e della Brianza,https://github.com/ondata/elezionipolitiche2018,,Lega,Lega,0,491239,0,491239,0,245620,0,first,,,Free and Equal,Free and Equal,13377,Italy,IT-PROV-108,official,Ministry-format municipality party-list rows preserved by the OnData mirror and aggregated to province. Compatible local turnout metadata is unavailable. Aosta Valley's separate direct seat and overseas constituencies are excluded.,0
Monza e della Brianza,https://github.com/ondata/elezionipolitiche2018,,Lega,Lega,0,491239,0,491239,0,245620,0,first,,,Us with Italy–UDC,Us with Italy–UDC,5258,Italy,IT-PROV-108,official,Ministry-format municipality party-list rows preserved by the OnData mirror and aggregated to province. Compatible local turnout metadata is unavailable. Aosta Valley's separate direct seat and overseas constituencies are excluded.,0
Monza e della Brianza,https://github.com/ondata/elezionipolitiche2018,,Lega,Lega,0,491239,0,491239,0,245620,0,first,,,Casapound Italia,Casapound Italia,3831,Italy,IT-PROV-108,official,Ministry-format municipality party-list rows preserved by the OnData mirror and aggregated to province. Compatible local turnout metadata is unavailable. Aosta Valley's separate direct seat and overseas constituencies are excluded.,0
Monza e della Brianza,https://github.com/ondata/elezionipolitiche2018,,Lega,Lega,0,491239,0,491239,0,245620,0,first,,,Power to the People,Power to the People,3043,Italy,IT-PROV-108,official,Ministry-format municipality party-list rows preserved by the OnData mirror and aggregated to province. Compatible local turnout metadata is unavailable. Aosta Valley's separate direct seat and overseas constituencies are excluded.,0
Monza e della Brianza,https://github.com/ondata/elezionipolitiche2018,,Lega,Lega,0,491239,0,491239,0,245620,0,first,,,Il Popolo Della Famiglia,Il Popolo Della Famiglia,2521,Italy,IT-PROV-108,official,Ministry-format municipality party-list rows preserved by the OnData mirror and aggregated to province. Compatible local turnout metadata is unavailable. Aosta Valley's separate direct seat and overseas constituencies are excluded.,0
Monza e della Brianza,https://github.com/ondata/elezionipolitiche2018,,Lega,Lega,0,491239,0,491239,0,245620,0,first,,,Italia Europa Insieme,Italia Europa Insieme,2151,Italy,IT-PROV-108,official,Ministry-format municipality party-list rows preserved by the OnData mirror and aggregated to province. Compatible local turnout metadata is unavailable. Aosta Valley's separate direct seat and overseas constituencies are excluded.,0
Monza e della Brianza,https://github.com/ondata/elezionipolitiche2018,,Lega,Lega,0,491239,0,491239,0,245620,0,first,,,Italia Agli Italiani,Italia Agli Italiani,2079,Italy,IT-PROV-108,official,Ministry-format municipality party-list rows preserved by the OnData mirror and aggregated to province. Compatible local turnout metadata is unavailable. Aosta Valley's separate direct seat and overseas constituencies are excluded.,0
Monza e della Brianza,https://github.com/ondata/elezionipolitiche2018,,Lega,Lega,0,491239,0,491239,0,245620,0,first,,,Civica Popolare Lorenzin,Civica Popolare Lorenzin,1674,Italy,IT-PROV-108,official,Ministry-format municipality party-list rows preserved by the OnData mirror and aggregated to province. Compatible local turnout metadata is unavailable. Aosta Valley's separate direct seat and overseas constituencies are excluded.,0
Monza e della Brianza,https://github.com/ondata/elezionipolitiche2018,,Lega,Lega,0,491239,0,491239,0,245620,0,first,,,10 Volte Meglio,10 Volte Meglio,1258,Italy,IT-PROV-108,official,Ministry-format municipality party-list rows preserved by the OnData mirror and aggregated to province. Compatible local turnout metadata is unavailable. Aosta Valley's separate direct seat and overseas constituencies are excluded.,0
Monza e della Brianza,https://github.com/ondata/elezionipolitiche2018,,Lega,Lega,0,491239,0,491239,0,245620,0,first,,,Per Una Sinistra Rivoluzionaria,Per Una Sinistra Rivoluzionaria,1004,Italy,IT-PROV-108,official,Ministry-format municipality party-list rows preserved by the OnData mirror and aggregated to province. Compatible local turnout metadata is unavailable. Aosta Valley's separate direct seat and overseas constituencies are excluded.,0
Monza e della Brianza,https://github.com/ondata/elezionipolitiche2018,,Lega,Lega,0,491239,0,491239,0,245620,0,first,,,Partito Repubblicano Italiano - Ala,Partito Repubblicano Italiano - Ala,281,Italy,IT-PROV-108,official,Ministry-format municipality party-list rows preserved by the OnData mirror and aggregated to province. Compatible local turnout metadata is unavailable. Aosta Valley's separate direct seat and overseas constituencies are excluded.,0
Fermo,https://github.com/ondata/elezionipolitiche2018,,Five Star Movement,Five Star Movement,0,95112,0,95112,0,47557,0,first,,,Five Star Movement,Five Star Movement,35243,Italy,IT-PROV-109,official,Ministry-format municipality party-list rows preserved by the OnData mirror and aggregated to province. Compatible local turnout metadata is unavailable. Aosta Valley's separate direct seat and overseas constituencies are excluded.,0
Fermo,https://github.com/ondata/elezionipolitiche2018,,Five Star Movement,Five Star Movement,0,95112,0,95112,0,47557,0,first,,,Democratic Party,Democratic Party,17853,Italy,IT-PROV-109,official,Ministry-format municipality party-list rows preserved by the OnData mirror and aggregated to province. Compatible local turnout metadata is unavailable. Aosta Valley's separate direct seat and overseas constituencies are excluded.,0
Fermo,https://github.com/ondata/elezionipolitiche2018,,Five Star Movement,Five Star Movement,0,95112,0,95112,0,47557,0,first,,,Lega,Lega,17502,Italy,IT-PROV-109,official,Ministry-format municipality party-list rows preserved by the OnData mirror and aggregated to province. Compatible local turnout metadata is unavailable. Aosta Valley's separate direct seat and overseas constituencies are excluded.,0
Fermo,https://github.com/ondata/elezionipolitiche2018,,Five Star Movement,Five Star Movement,0,95112,0,95112,0,47557,0,first,,,Forza Italia,Forza Italia,10423,Italy,IT-PROV-109,official,Ministry-format municipality party-list rows preserved by the OnData mirror and aggregated to province. Compatible local turnout metadata is unavailable. Aosta Valley's separate direct seat and overseas constituencies are excluded.,0
Fermo,https://github.com/ondata/elezionipolitiche2018,,Five Star Movement,Five Star Movement,0,95112,0,95112,0,47557,0,first,,,Brothers of Italy,Brothers of Italy,4549,Italy,IT-PROV-109,official,Ministry-format municipality party-list rows preserved by the OnData mirror and aggregated to province. Compatible local turnout metadata is unavailable. Aosta Valley's separate direct seat and overseas constituencies are excluded.,0
Fermo,https://github.com/ondata/elezionipolitiche2018,,Five Star Movement,Five Star Movement,0,95112,0,95112,0,47557,0,first,,,Free and Equal,Free and Equal,2405,Italy,IT-PROV-109,official,Ministry-format municipality party-list rows preserved by the OnData mirror and aggregated to province. Compatible local turnout metadata is unavailable. Aosta Valley's separate direct seat and overseas constituencies are excluded.,0
Fermo,https://github.com/ondata/elezionipolitiche2018,,Five Star Movement,Five Star Movement,0,95112,0,95112,0,47557,0,first,,,More Europe,More Europe,1423,Italy,IT-PROV-109,official,Ministry-format municipality party-list rows preserved by the OnData mirror and aggregated to province. Compatible local turnout metadata is unavailable. Aosta Valley's separate direct seat and overseas constituencies are excluded.,0
Fermo,https://github.com/ondata/elezionipolitiche2018,,Five Star Movement,Five Star Movement,0,95112,0,95112,0,47557,0,first,,,Casapound Italia,Casapound Italia,1235,Italy,IT-PROV-109,official,Ministry-format municipality party-list rows preserved by the OnData mirror and aggregated to province. Compatible local turnout metadata is unavailable. Aosta Valley's separate direct seat and overseas constituencies are excluded.,0
Fermo,https://github.com/ondata/elezionipolitiche2018,,Five Star Movement,Five Star Movement,0,95112,0,95112,0,47557,0,first,,,Power to the People,Power to the People,969,Italy,IT-PROV-109,official,Ministry-format municipality party-list rows preserved by the OnData mirror and aggregated to province. Compatible local turnout metadata is unavailable. Aosta Valley's separate direct seat and overseas constituencies are excluded.,0
Fermo,https://github.com/ondata/elezionipolitiche2018,,Five Star Movement,Five Star Movement,0,95112,0,95112,0,47557,0,first,,,Partito Comunista,Partito Comunista,844,Italy,IT-PROV-109,official,Ministry-format municipality party-list rows preserved by the OnData mirror and aggregated to province. Compatible local turnout metadata is unavailable. Aosta Valley's separate direct seat and overseas constituencies are excluded.,0
Fermo,https://github.com/ondata/elezionipolitiche2018,,Five Star Movement,Five Star Movement,0,95112,0,95112,0,47557,0,first,,,Us with Italy–UDC,Us with Italy–UDC,775,Italy,IT-PROV-109,official,Ministry-format municipality party-list rows preserved by the OnData mirror and aggregated to province. Compatible local turnout metadata is unavailable. Aosta Valley's separate direct seat and overseas constituencies are excluded.,0
Fermo,https://github.com/ondata/elezionipolitiche2018,,Five Star Movement,Five Star Movement,0,95112,0,95112,0,47557,0,first,,,Il Popolo Della Famiglia,Il Popolo Della Famiglia,764,Italy,IT-PROV-109,official,Ministry-format municipality party-list rows preserved by the OnData mirror and aggregated to province. Compatible local turnout metadata is unavailable. Aosta Valley's separate direct seat and overseas constituencies are excluded.,0
Fermo,https://github.com/ondata/elezionipolitiche2018,,Five Star Movement,Five Star Movement,0,95112,0,95112,0,47557,0,first,,,Civica Popolare Lorenzin,Civica Popolare Lorenzin,588,Italy,IT-PROV-109,official,Ministry-format municipality party-list rows preserved by the OnData mirror and aggregated to province. Compatible local turnout metadata is unavailable. Aosta Valley's separate direct seat and overseas constituencies are excluded.,0
Fermo,https://github.com/ondata/elezionipolitiche2018,,Five Star Movement,Five Star Movement,0,95112,0,95112,0,47557,0,first,,,Italia Europa Insieme,Italia Europa Insieme,307,Italy,IT-PROV-109,official,Ministry-format municipality party-list rows preserved by the OnData mirror and aggregated to province. Compatible local turnout metadata is unavailable. Aosta Valley's separate direct seat and overseas constituencies are excluded.,0
Fermo,https://github.com/ondata/elezionipolitiche2018,,Five Star Movement,Five Star Movement,0,95112,0,95112,0,47557,0,first,,,Lista Del Popolo Per La Costituzione,Lista Del Popolo Per La Costituzione,143,Italy,IT-PROV-109,official,Ministry-format municipality party-list rows preserved by the OnData mirror and aggregated to province. Compatible local turnout metadata is unavailable. Aosta Valley's separate direct seat and overseas constituencies are excluded.,0
Fermo,https://github.com/ondata/elezionipolitiche2018,,Five Star Movement,Five Star Movement,0,95112,0,95112,0,47557,0,first,,,Partito Valore Umano,Partito Valore Umano,89,Italy,IT-PROV-109,official,Ministry-format municipality party-list rows preserved by the OnData mirror and aggregated to province. Compatible local turnout metadata is unavailable. Aosta Valley's separate direct seat and overseas constituencies are excluded.,0
Barletta-Andria-Trani,https://github.com/ondata/elezionipolitiche2018,,Five Star Movement,Five Star Movement,0,196250,0,196250,0,98126,0,first,,,Five Star Movement,Five Star Movement,94119,Italy,IT-PROV-110,official,Ministry-format municipality party-list rows preserved by the OnData mirror and aggregated to province. Compatible local turnout metadata is unavailable. Aosta Valley's separate direct seat and overseas constituencies are excluded.,0
Barletta-Andria-Trani,https://github.com/ondata/elezionipolitiche2018,,Five Star Movement,Five Star Movement,0,196250,0,196250,0,98126,0,first,,,Forza Italia,Forza Italia,38399,Italy,IT-PROV-110,official,Ministry-format municipality party-list rows preserved by the OnData mirror and aggregated to province. Compatible local turnout metadata is unavailable. Aosta Valley's separate direct seat and overseas constituencies are excluded.,0
Barletta-Andria-Trani,https://github.com/ondata/elezionipolitiche2018,,Five Star Movement,Five Star Movement,0,196250,0,196250,0,98126,0,first,,,Democratic Party,Democratic Party,25864,Italy,IT-PROV-110,official,Ministry-format municipality party-list rows preserved by the OnData mirror and aggregated to province. Compatible local turnout metadata is unavailable. Aosta Valley's separate direct seat and overseas constituencies are excluded.,0
Barletta-Andria-Trani,https://github.com/ondata/elezionipolitiche2018,,Five Star Movement,Five Star Movement,0,196250,0,196250,0,98126,0,first,,,Lega,Lega,10350,Italy,IT-PROV-110,official,Ministry-format municipality party-list rows preserved by the OnData mirror and aggregated to province. Compatible local turnout metadata is unavailable. Aosta Valley's separate direct seat and overseas constituencies are excluded.,0
Barletta-Andria-Trani,https://github.com/ondata/elezionipolitiche2018,,Five Star Movement,Five Star Movement,0,196250,0,196250,0,98126,0,first,,,Brothers of Italy,Brothers of Italy,7532,Italy,IT-PROV-110,official,Ministry-format municipality party-list rows preserved by the OnData mirror and aggregated to province. Compatible local turnout metadata is unavailable. Aosta Valley's separate direct seat and overseas constituencies are excluded.,0
Barletta-Andria-Trani,https://github.com/ondata/elezionipolitiche2018,,Five Star Movement,Five Star Movement,0,196250,0,196250,0,98126,0,first,,,Us with Italy–UDC,Us with Italy–UDC,5190,Italy,IT-PROV-110,official,Ministry-format municipality party-list rows preserved by the OnData mirror and aggregated to province. Compatible local turnout metadata is unavailable. Aosta Valley's separate direct seat and overseas constituencies are excluded.,0
Barletta-Andria-Trani,https://github.com/ondata/elezionipolitiche2018,,Five Star Movement,Five Star Movement,0,196250,0,196250,0,98126,0,first,,,Free and Equal,Free and Equal,4875,Italy,IT-PROV-110,official,Ministry-format municipality party-list rows preserved by the OnData mirror and aggregated to province. Compatible local turnout metadata is unavailable. Aosta Valley's separate direct seat and overseas constituencies are excluded.,0
Barletta-Andria-Trani,https://github.com/ondata/elezionipolitiche2018,,Five Star Movement,Five Star Movement,0,196250,0,196250,0,98126,0,first,,,More Europe,More Europe,1850,Italy,IT-PROV-110,official,Ministry-format municipality party-list rows preserved by the OnData mirror and aggregated to province. Compatible local turnout metadata is unavailable. Aosta Valley's separate direct seat and overseas constituencies are excluded.,0
Barletta-Andria-Trani,https://github.com/ondata/elezionipolitiche2018,,Five Star Movement,Five Star Movement,0,196250,0,196250,0,98126,0,first,,,Il Popolo Della Famiglia,Il Popolo Della Famiglia,1449,Italy,IT-PROV-110,official,Ministry-format municipality party-list rows preserved by the OnData mirror and aggregated to province. Compatible local turnout metadata is unavailable. Aosta Valley's separate direct seat and overseas constituencies are excluded.,0
Barletta-Andria-Trani,https://github.com/ondata/elezionipolitiche2018,,Five Star Movement,Five Star Movement,0,196250,0,196250,0,98126,0,first,,,Power to the People,Power to the People,1383,Italy,IT-PROV-110,official,Ministry-format municipality party-list rows preserved by the OnData mirror and aggregated to province. Compatible local turnout metadata is unavailable. Aosta Valley's separate direct seat and overseas constituencies are excluded.,0
Barletta-Andria-Trani,https://github.com/ondata/elezionipolitiche2018,,Five Star Movement,Five Star Movement,0,196250,0,196250,0,98126,0,first,,,Civica Popolare Lorenzin,Civica Popolare Lorenzin,1320,Italy,IT-PROV-110,official,Ministry-format municipality party-list rows preserved by the OnData mirror and aggregated to province. Compatible local turnout metadata is unavailable. Aosta Valley's separate direct seat and overseas constituencies are excluded.,0
Barletta-Andria-Trani,https://github.com/ondata/elezionipolitiche2018,,Five Star Movement,Five Star Movement,0,196250,0,196250,0,98126,0,first,,,Italia Europa Insieme,Italia Europa Insieme,1096,Italy,IT-PROV-110,official,Ministry-format municipality party-list rows preserved by the OnData mirror and aggregated to province. Compatible local turnout metadata is unavailable. Aosta Valley's separate direct seat and overseas constituencies are excluded.,0
Barletta-Andria-Trani,https://github.com/ondata/elezionipolitiche2018,,Five Star Movement,Five Star Movement,0,196250,0,196250,0,98126,0,first,,,Casapound Italia,Casapound Italia,1039,Italy,IT-PROV-110,official,Ministry-format municipality party-list rows preserved by the OnData mirror and aggregated to province. Compatible local turnout metadata is unavailable. Aosta Valley's separate direct seat and overseas constituencies are excluded.,0
Barletta-Andria-Trani,https://github.com/ondata/elezionipolitiche2018,,Five Star Movement,Five Star Movement,0,196250,0,196250,0,98126,0,first,,,Italia Agli Italiani,Italia Agli Italiani,660,Italy,IT-PROV-110,official,Ministry-format municipality party-list rows preserved by the OnData mirror and aggregated to province. Compatible local turnout metadata is unavailable. Aosta Valley's separate direct seat and overseas constituencies are excluded.,0
Barletta-Andria-Trani,https://github.com/ondata/elezionipolitiche2018,,Five Star Movement,Five Star Movement,0,196250,0,196250,0,98126,0,first,,,Partito Valore Umano,Partito Valore Umano,571,Italy,IT-PROV-110,official,Ministry-format municipality party-list rows preserved by the OnData mirror and aggregated to province. Compatible local turnout metadata is unavailable. Aosta Valley's separate direct seat and overseas constituencies are excluded.,0
Barletta-Andria-Trani,https://github.com/ondata/elezionipolitiche2018,,Five Star Movement,Five Star Movement,0,196250,0,196250,0,98126,0,first,,,10 Volte Meglio,10 Volte Meglio,278,Italy,IT-PROV-110,official,Ministry-format municipality party-list rows preserved by the OnData mirror and aggregated to province. Compatible local turnout metadata is unavailable. Aosta Valley's separate direct seat and overseas constituencies are excluded.,0
Barletta-Andria-Trani,https://github.com/ondata/elezionipolitiche2018,,Five Star Movement,Five Star Movement,0,196250,0,196250,0,98126,0,first,,,Partito Comunista,Partito Comunista,159,Italy,IT-PROV-110,official,Ministry-format municipality party-list rows preserved by the OnData mirror and aggregated to province. Compatible local turnout metadata is unavailable. Aosta Valley's separate direct seat and overseas constituencies are excluded.,0
Barletta-Andria-Trani,https://github.com/ondata/elezionipolitiche2018,,Five Star Movement,Five Star Movement,0,196250,0,196250,0,98126,0,first,,,Partito Repubblicano Italiano - Ala,Partito Repubblicano Italiano - Ala,116,Italy,IT-PROV-110,official,Ministry-format municipality party-list rows preserved by the OnData mirror and aggregated to province. Compatible local turnout metadata is unavailable. Aosta Valley's separate direct seat and overseas constituencies are excluded.,0
Sud Sardegna,https://github.com/ondata/elezionipolitiche2018,,Five Star Movement,Five Star Movement,0,183647,0,183647,0,91824,0,first,,,Five Star Movement,Five Star Movement,79178,Italy,IT-PROV-111,official,Ministry-format municipality party-list rows preserved by the OnData mirror and aggregated to province. Compatible local turnout metadata is unavailable. Aosta Valley's separate direct seat and overseas constituencies are excluded.,0
Sud Sardegna,https://github.com/ondata/elezionipolitiche2018,,Five Star Movement,Five Star Movement,0,183647,0,183647,0,91824,0,first,,,Forza Italia,Forza Italia,25953,Italy,IT-PROV-111,official,Ministry-format municipality party-list rows preserved by the OnData mirror and aggregated to province. Compatible local turnout metadata is unavailable. Aosta Valley's separate direct seat and overseas constituencies are excluded.,0
Sud Sardegna,https://github.com/ondata/elezionipolitiche2018,,Five Star Movement,Five Star Movement,0,183647,0,183647,0,91824,0,first,,,Democratic Party,Democratic Party,25703,Italy,IT-PROV-111,official,Ministry-format municipality party-list rows preserved by the OnData mirror and aggregated to province. Compatible local turnout metadata is unavailable. Aosta Valley's separate direct seat and overseas constituencies are excluded.,0
Sud Sardegna,https://github.com/ondata/elezionipolitiche2018,,Five Star Movement,Five Star Movement,0,183647,0,183647,0,91824,0,first,,,Lega,Lega,20095,Italy,IT-PROV-111,official,Ministry-format municipality party-list rows preserved by the OnData mirror and aggregated to province. Compatible local turnout metadata is unavailable. Aosta Valley's separate direct seat and overseas constituencies are excluded.,0
Sud Sardegna,https://github.com/ondata/elezionipolitiche2018,,Five Star Movement,Five Star Movement,0,183647,0,183647,0,91824,0,first,,,Brothers of Italy,Brothers of Italy,8006,Italy,IT-PROV-111,official,Ministry-format municipality party-list rows preserved by the OnData mirror and aggregated to province. Compatible local turnout metadata is unavailable. Aosta Valley's separate direct seat and overseas constituencies are excluded.,0
Sud Sardegna,https://github.com/ondata/elezionipolitiche2018,,Five Star Movement,Five Star Movement,0,183647,0,183647,0,91824,0,first,,,Free and Equal,Free and Equal,6043,Italy,IT-PROV-111,official,Ministry-format municipality party-list rows preserved by the OnData mirror and aggregated to province. Compatible local turnout metadata is unavailable. Aosta Valley's separate direct seat and overseas constituencies are excluded.,0
Sud Sardegna,https://github.com/ondata/elezionipolitiche2018,,Five Star Movement,Five Star Movement,0,183647,0,183647,0,91824,0,first,,,Us with Italy–UDC,Us with Italy–UDC,4792,Italy,IT-PROV-111,official,Ministry-format municipality party-list rows preserved by the OnData mirror and aggregated to province. Compatible local turnout metadata is unavailable. Aosta Valley's separate direct seat and overseas constituencies are excluded.,0
Sud Sardegna,https://github.com/ondata/elezionipolitiche2018,,Five Star Movement,Five Star Movement,0,183647,0,183647,0,91824,0,first,,,Autodeterminatzione,Autodeterminatzione,3352,Italy,IT-PROV-111,official,Ministry-format municipality party-list rows preserved by the OnData mirror and aggregated to province. Compatible local turnout metadata is unavailable. Aosta Valley's separate direct seat and overseas constituencies are excluded.,0
Sud Sardegna,https://github.com/ondata/elezionipolitiche2018,,Five Star Movement,Five Star Movement,0,183647,0,183647,0,91824,0,first,,,More Europe,More Europe,2592,Italy,IT-PROV-111,official,Ministry-format municipality party-list rows preserved by the OnData mirror and aggregated to province. Compatible local turnout metadata is unavailable. Aosta Valley's separate direct seat and overseas constituencies are excluded.,0
Sud Sardegna,https://github.com/ondata/elezionipolitiche2018,,Five Star Movement,Five Star Movement,0,183647,0,183647,0,91824,0,first,,,Power to the People,Power to the People,1704,Italy,IT-PROV-111,official,Ministry-format municipality party-list rows preserved by the OnData mirror and aggregated to province. Compatible local turnout metadata is unavailable. Aosta Valley's separate direct seat and overseas constituencies are excluded.,0
Sud Sardegna,https://github.com/ondata/elezionipolitiche2018,,Five Star Movement,Five Star Movement,0,183647,0,183647,0,91824,0,first,,,Casapound Italia,Casapound Italia,1465,Italy,IT-PROV-111,official,Ministry-format municipality party-list rows preserved by the OnData mirror and aggregated to province. Compatible local turnout metadata is unavailable. Aosta Valley's separate direct seat and overseas constituencies are excluded.,0
Sud Sardegna,https://github.com/ondata/elezionipolitiche2018,,Five Star Movement,Five Star Movement,0,183647,0,183647,0,91824,0,first,,,Partito Comunista,Partito Comunista,1393,Italy,IT-PROV-111,official,Ministry-format municipality party-list rows preserved by the OnData mirror and aggregated to province. Compatible local turnout metadata is unavailable. Aosta Valley's separate direct seat and overseas constituencies are excluded.,0
Sud Sardegna,https://github.com/ondata/elezionipolitiche2018,,Five Star Movement,Five Star Movement,0,183647,0,183647,0,91824,0,first,,,Il Popolo Della Famiglia,Il Popolo Della Famiglia,1077,Italy,IT-PROV-111,official,Ministry-format municipality party-list rows preserved by the OnData mirror and aggregated to province. Compatible local turnout metadata is unavailable. Aosta Valley's separate direct seat and overseas constituencies are excluded.,0
Sud Sardegna,https://github.com/ondata/elezionipolitiche2018,,Five Star Movement,Five Star Movement,0,183647,0,183647,0,91824,0,first,,,Partito Valore Umano,Partito Valore Umano,1046,Italy,IT-PROV-111,official,Ministry-format municipality party-list rows preserved by the OnData mirror and aggregated to province. Compatible local turnout metadata is unavailable. Aosta Valley's separate direct seat and overseas constituencies are excluded.,0
Sud Sardegna,https://github.com/ondata/elezionipolitiche2018,,Five Star Movement,Five Star Movement,0,183647,0,183647,0,91824,0,first,,,Civica Popolare Lorenzin,Civica Popolare Lorenzin,660,Italy,IT-PROV-111,official,Ministry-format municipality party-list rows preserved by the OnData mirror and aggregated to province. Compatible local turnout metadata is unavailable. Aosta Valley's separate direct seat and overseas constituencies are excluded.,0
Sud Sardegna,https://github.com/ondata/elezionipolitiche2018,,Five Star Movement,Five Star Movement,0,183647,0,183647,0,91824,0,first,,,Italia Europa Insieme,Italia Europa Insieme,588,Italy,IT-PROV-111,official,Ministry-format municipality party-list rows preserved by the OnData mirror and aggregated to province. Compatible local turnout metadata is unavailable. Aosta Valley's separate direct seat and overseas constituencies are excluded.,0
