{"type":"FeatureCollection","features":[{"type":"Feature","properties":{"district":"Torino","constituency_code":"IT-PROV-001","province_code":"001","region":"Piemonte"},"geometry":{"type":"Polygon","coordinates":[[[7.859044263473152,45.597584443320386],[7.8957918597763435,45.590033730636485],[7.88506533006453,45.530446421156086],[8.038400880514805,45.44142861848541],[8.008874370765731,45.397893880230235],[8.021310098140386,45.330063817003584],[7.958604459837999,45.34654427235309],[7.94684142491186,45.30865771836685],[7.990016822254255,45.307454462651684],[7.990857675437168,45.22917632176183],[8.055244299124194,45.18229801110725],[8.151850966167965,45.16854131016122],[8.136167522285243,45.12886339440798],[8.096371144983964,45.131744711180076],[8.07537680855075,45.0974341873609],[8.026503245774903,45.13300683218637],[7.9367865661332235,45.109711591614655],[7.918944905650628,45.07461742669423],[7.895945475514625,45.09497532589747],[7.8930143659995995,45.0598671745803],[7.958021424798381,45.042034194832226],[7.920994466255835,45.02315561136507],[7.93096697601189,44.98816020900398],[7.883432059536968,44.936218846878276],[7.926310263037389,44.90289964809697],[7.885909491037459,44.884625264381576],[7.919005243221398,44.88260320784441],[7.94335469874024,44.84633868411327],[7.864235741639569,44.8239496611851],[7.80994225091891,44.85477354285389],[7.766190441062028,44.81545159638095],[7.684768435136029,44.8102307495735],[7.619655537277663,44.84754560859848],[7.596713979435446,44.80989369734998],[7.575518273266648,44.81962811361477],[7.471035609975424,44.75610332549899],[7.459746592216296,44.77850210445365],[7.345046862430781,44.751826057510826],[7.344682739453087,44.78312589454268],[7.2960630775069015,44.782109052415755],[7.159004178656981,44.76045548782316],[7.086962432913661,44.71508813148324],[7.042474994698776,44.71882609947113],[6.999895792936771,44.78960146873138],[7.023850176209831,44.82333099833671],[7.006086472175184,44.8399685528711],[6.93150542637824,44.863438203320676],[6.911291712115884,44.84456588757494],[6.862942555197673,44.85071958501742],[6.750178878805701,44.90678678971737],[6.7459501042003644,45.013862018779996],[6.673602940794338,45.020043959419624],[6.633393868890633,45.114807059856496],[6.7691568318479485,45.15983993389957],[6.8483242818627375,45.12730635956702],[6.893925635977145,45.13727547236408],[6.893519534259934,45.16900777296801],[6.947471910067658,45.17047215017255],[6.965756385197264,45.20771945795964],[7.047548744333135,45.225881460581256],[7.066990721861683,45.210293049298016],[7.124758167764151,45.24433264199219],[7.109400581236494,45.32770281299086],[7.185854256386813,45.403231184345294],[7.100335110991154,45.4561809273005],[7.134301294339379,45.51545557470939],[7.143583504903212,45.47783296943475],[7.2226603600165475,45.4704761091589],[7.269497269481701,45.51467703693425],[7.377239190766202,45.51689796845648],[7.48931739527018,45.58310806329157],[7.566472474961752,45.591622341593514],[7.609065926027136,45.56287677683288],[7.732703526158383,45.550335196537546],[7.859044263473152,45.597584443320386]],[[7.46847799093774,44.76426105635901],[7.475254810785112,44.76757904688704],[7.466669410362688,44.77288788627914],[7.466301029592893,44.768647413509164],[7.46847799093774,44.76426105635901]]]}},{"type":"Feature","properties":{"district":"Vercelli","constituency_code":"IT-PROV-002","province_code":"002","region":"Piemonte"},"geometry":{"type":"Polygon","coordinates":[[[8.204465116105386,45.935674757214045],[8.302234192741045,45.88827374458675],[8.293677590186565,45.87046320623806],[8.335655912282817,45.845711545986816],[8.317211156506444,45.76777011561979],[8.357043817291917,45.76768619493468],[8.391997164357665,45.70347748541822],[8.310572323850987,45.69722313238466],[8.390794743417953,45.61664458655397],[8.400549556083405,45.39619707740434],[8.433272511666283,45.41208926624927],[8.455280174493694,45.378248164341514],[8.496143208418626,45.37417813903592],[8.499532708922924,45.34775534694531],[8.46289660175213,45.32723333161965],[8.512693630902268,45.31688456981429],[8.498337441044317,45.292226420541155],[8.543538277173617,45.25460298336287],[8.522081766346977,45.24992220714588],[8.556180405610217,45.241395901006285],[8.529097367107754,45.23951414167617],[8.548048573399775,45.20412476085413],[8.527959372740836,45.19459187784226],[8.581186444134742,45.20223033363768],[8.547781718940833,45.16815148977041],[8.471528520656621,45.204610964114735],[8.373382127773587,45.2006670402604],[8.328537195571574,45.169176733526655],[8.198952602221775,45.17828357433478],[8.173256752038505,45.1595211410994],[8.055244299124194,45.18229801110725],[7.990857675437168,45.22917632176183],[7.990016822254255,45.307454462651684],[7.9472917877146285,45.30722164880568],[7.958604459837999,45.34654427235309],[8.021310098140386,45.330063817003584],[8.014440281340725,45.40665974007445],[8.12282966196651,45.37608874462439],[8.166539691447985,45.43504559581347],[8.291921283378906,45.51773169417814],[8.255155960464048,45.60868049726632],[8.312672713715797,45.63160628328915],[8.2621234877902,45.61953578652373],[8.261328101851333,45.63327950400446],[8.327908448868376,45.64694438776131],[8.184033587406319,45.72901713734209],[8.181213515833432,45.75209279095509],[8.122978776642247,45.75698449150942],[8.076927952228846,45.71874666696472],[8.059249332664729,45.74056874135583],[7.936624507138848,45.72434258603801],[7.863100271805099,45.79098911698352],[7.8618972121712885,45.91442885243912],[7.905494257806539,45.92601083858958],[7.962274116457092,45.900767799949044],[8.044340763029302,45.93631297770418],[8.086011930938026,45.92240861272026],[8.192170988321784,45.95041127068127],[8.204465116105386,45.935674757214045]]]}},{"type":"Feature","properties":{"district":"Novara","constituency_code":"IT-PROV-003","province_code":"003","region":"Piemonte"},"geometry":{"type":"Polygon","coordinates":[[[8.49687836126888,45.839339254762166],[8.560259691209728,45.85183793257085],[8.593800828257352,45.828245575149005],[8.55566506796638,45.77499032157028],[8.593750058572146,45.7304114847184],[8.653434187483203,45.71397094880506],[8.640799333889317,45.67680827190798],[8.681201068271248,45.67640161894904],[8.688184849596947,45.636992784076284],[8.658938958999766,45.63774629207956],[8.703148012277893,45.600057003098556],[8.713069317254874,45.52013118816052],[8.787486732167253,45.48623235094279],[8.842192140891843,45.39894677038445],[8.719076291401276,45.3780794571588],[8.762537621836783,45.34861936297133],[8.690645650381365,45.29252635662367],[8.666586869859602,45.29220662523753],[8.628834604343647,45.349856366977235],[8.553757026828812,45.36152342846414],[8.52664971821653,45.34315966357816],[8.537899123527776,45.31724736784068],[8.491713868270343,45.31245896146672],[8.463120409979794,45.331991599864985],[8.499532708922924,45.34775534694531],[8.496143208418626,45.37417813903592],[8.455280174493694,45.378248164341514],[8.433272511666283,45.41208926624927],[8.400549556083405,45.39619707740434],[8.390794743417953,45.61664458655397],[8.310737122835311,45.69805218224512],[8.391997164357665,45.70347748541822],[8.349862889450659,45.77237540727167],[8.377419111737606,45.83845603452883],[8.399266202393893,45.854267660997955],[8.409862305618281,45.83050295252312],[8.420786863984702,45.82980729829359],[8.457448827065305,45.87664221035219],[8.49687836126888,45.839339254762166]]]}},{"type":"Feature","properties":{"district":"Cuneo","constituency_code":"IT-PROV-004","province_code":"004","region":"Piemonte"},"geometry":{"type":"MultiPolygon","coordinates":[[[[7.990897193624637,44.82381138852477],[8.045352656516165,44.79931936168728],[8.12291074018866,44.81409457840482],[8.137454965092067,44.78260325244557],[8.095084997686039,44.75850503767946],[8.152229921247828,44.71315353636555],[8.187823733994302,44.751829414154365],[8.214944993760671,44.72710982557932],[8.256829746613107,44.732247401643654],[8.266045305081686,44.70872940069175],[8.19447101004832,44.62857148689686],[8.234344859896206,44.59862902985073],[8.252777436374608,44.52874738356321],[8.197327502562265,44.47755580874488],[8.221835821911387,44.42955646001794],[8.149519211946696,44.384792014810564],[8.10195676772205,44.30093101706705],[8.059739800695409,44.30070382063953],[8.090698499279043,44.274796395552464],[8.065363251638672,44.21693657540236],[8.0971712702987,44.17870868924325],[8.068204842535758,44.14497536834356],[8.011840723201823,44.155898843026655],[7.979633361205458,44.13845631724328],[8.010853386107776,44.10409318284623],[7.883943947402201,44.10465855978116],[7.762738813988387,44.14088228906239],[7.719295829904468,44.104480808834694],[7.759363729111791,44.08429662618269],[7.714329718480684,44.06155888102362],[7.6664306183133935,44.13066031951675],[7.673415958358256,44.17729228981748],[7.636032826686366,44.17708156905956],[7.617380258714206,44.14983899898016],[7.358074807664216,44.11627228869599],[7.341907681117069,44.14605509328883],[7.278804848017133,44.141277228990035],[7.184755124439006,44.20060058850508],[7.005252074416734,44.23742615591217],[6.995754180890681,44.280142673120345],[6.88723405206644,44.362027012390115],[6.892794328996472,44.42023308445073],[6.948395112971661,44.429834270778954],[6.85341330364883,44.52788132421191],[6.967336115936481,44.61928424724414],[6.9635549825400584,44.67834871865973],[7.071930160809435,44.680095450235044],[7.069543719259053,44.717927702129835],[7.119985598388518,44.72558420467982],[7.159004178656981,44.76045548782316],[7.278593541525495,44.78014108707514],[7.344682739453087,44.78312589454268],[7.350855625172686,44.75169404987547],[7.460607143370885,44.77849119881188],[7.471035609975424,44.75610332549899],[7.575518273266648,44.81962811361477],[7.596713979435446,44.80989369734998],[7.619655537277663,44.84754560859848],[7.684610700214508,44.81023343103381],[7.766190441062028,44.81545159638095],[7.80994225091891,44.85477354285389],[7.902628106657858,44.82153439458115],[7.964683532587431,44.856605628296684],[7.990897193624637,44.82381138852477]]],[[[7.466669410362688,44.77288788627914],[7.475119777975565,44.768103864334456],[7.4714112924129985,44.7624279166472],[7.46688008660209,44.76716533711179],[7.466669410362688,44.77288788627914]]]]}},{"type":"Feature","properties":{"district":"Asti","constituency_code":"IT-PROV-005","province_code":"005","region":"Piemonte"},"geometry":{"type":"Polygon","coordinates":[[[8.046805120104338,45.128150052522244],[8.0751754370733,45.097391144089734],[8.096371144983964,45.131744711180076],[8.128972896007612,45.123003135217516],[8.118432332552436,45.071740783036134],[8.158959558585822,45.02748763962924],[8.187937619006233,45.04367557541626],[8.216258788635288,45.010575747150966],[8.240061947242316,45.06275352866536],[8.311513490726908,45.070700604249524],[8.387355593343882,44.96899792531641],[8.3587602902999,44.91289831746189],[8.39080431032676,44.87522722377521],[8.376229803349311,44.84674001820938],[8.423530612929888,44.8495002511344],[8.420589323633747,44.81969728111421],[8.513382685152392,44.78717089527657],[8.48791713878683,44.7465267816045],[8.422190705667566,44.73306364192899],[8.420550029738541,44.69230638517777],[8.347018522343673,44.692886386188206],[8.354855525686874,44.63918222703266],[8.313976749582244,44.601916906772004],[8.369192814412934,44.5749081427922],[8.285211579936597,44.5580197942593],[8.261574679304589,44.51944279210957],[8.234344859896206,44.59862902985073],[8.19447101004832,44.62857148689686],[8.259475325931867,44.69662815400273],[8.256829746613107,44.732247401643654],[8.229197815071133,44.72311537574073],[8.181571374075867,44.75119972757091],[8.152229921247828,44.71315353636555],[8.095084997686039,44.75850503767946],[8.137137274441617,44.78213275014478],[8.130573673130145,44.81013146034535],[8.09619286752459,44.82191165387412],[8.045352656516165,44.79931936168728],[7.885909491037459,44.884625264381576],[7.926225190309745,44.90219670894939],[7.883432059536968,44.936218846878276],[7.93096697601189,44.98816020900398],[7.920994466255835,45.02315561136507],[7.958021424798381,45.042034194832226],[7.8930143659995995,45.0598671745803],[7.895945475514625,45.09497532589747],[7.918944905650628,45.07461742669423],[7.953539296662487,45.116766137840564],[8.046805120104338,45.128150052522244]]]}},{"type":"Feature","properties":{"district":"Alessandria","constituency_code":"IT-PROV-006","province_code":"006","region":"Piemonte"},"geometry":{"type":"Polygon","coordinates":[[[8.405488582410166,45.20147779752572],[8.49641584475464,45.19835482212492],[8.507206409531557,45.17406614595081],[8.58064778925186,45.1522789327703],[8.659238174754416,45.01792373927875],[8.710058846748407,45.038291147655556],[8.771748242536693,45.00678069004389],[8.796212540122895,45.03581284794737],[8.8873989984405,45.05979536204904],[8.910570819696545,44.99547840137242],[8.96062386468955,44.98728492765194],[8.999687728008167,44.90931989572572],[9.055900385773583,44.88884463221298],[9.07263970599425,44.817088554658376],[9.160976792002602,44.814738657294896],[9.171725560896917,44.771683545322084],[9.213550427752448,44.75234821243676],[9.198954885653672,44.592775954904646],[9.112968873387564,44.58110908981436],[9.075853431229502,44.623699032118175],[9.043908873482506,44.61442523356841],[9.014690728619366,44.66607066055832],[8.93114074633317,44.67613317261778],[8.88262066963503,44.63874749126126],[8.917502841865534,44.56105500980192],[8.826840436968022,44.56179937355043],[8.782453617241442,44.488361018068595],[8.720998027866449,44.57986540843744],[8.623861366492923,44.586380709267424],[8.56005931132254,44.502845940477016],[8.470656745680554,44.52247940346608],[8.44949866337397,44.49738808775575],[8.418587247558452,44.51327760037523],[8.358490854365554,44.46493569213869],[8.27131251363978,44.506797266858236],[8.282951066415107,44.556767768116046],[8.369192814412934,44.5749081427922],[8.313976749582244,44.601916906772004],[8.354855525686874,44.63918222703266],[8.347018522343673,44.692886386188206],[8.420550029738541,44.69230638517777],[8.422190705667566,44.73306364192899],[8.48791713878683,44.7465267816045],[8.513382685152392,44.78717089527657],[8.420589323633747,44.81969728111421],[8.423530612929888,44.8495002511344],[8.376229803349311,44.84674001820938],[8.39080431032676,44.87522722377521],[8.3587602902999,44.91289831746189],[8.387355593343882,44.96899792531641],[8.311513490726908,45.070700604249524],[8.240061947242316,45.06275352866536],[8.229186950777414,45.023338319740766],[8.216258788635288,45.010575747150966],[8.187937619006233,45.04367557541626],[8.158959558585822,45.02748763962924],[8.109330051638231,45.10087625638958],[8.151850966167965,45.16854131016122],[8.328537195571574,45.169176733526655],[8.405488582410166,45.20147779752572]],[[8.81427005336788,45.01739442705492],[8.816415712944309,45.022305042965776],[8.816376242733371,45.02228022250882],[8.81427005336788,45.01739442705492]],[[8.704042680626198,45.01752653230016],[8.706385937843889,45.01356277772402],[8.705427661051559,45.0244832801412],[8.704042680626198,45.01752653230016]]]}},{"type":"Feature","properties":{"district":"Imperia","constituency_code":"IT-PROV-008","province_code":"008","region":"Liguria"},"geometry":{"type":"Polygon","coordinates":[[[7.764861072107778,44.14032005517862],[7.883943947402201,44.10465855978116],[8.018108217717163,44.11249087078162],[8.036233541443742,44.057527256233676],[7.979497956987264,44.01390857620729],[8.01689973204738,43.97933175885087],[8.105490354856757,43.97356233738592],[8.133262725229352,43.932070051176915],[7.9656129239876865,43.85209231981342],[7.699996766923325,43.79865047058374],[7.673216598554096,43.77603382290353],[7.5296010759507785,43.78425436090681],[7.499000446586391,43.86863421324203],[7.562643515193848,43.90065874591522],[7.568820603538303,43.94639728627671],[7.655572658689222,43.97691025389958],[7.663025146105989,44.028766947227176],[7.759088398016898,44.08388399603901],[7.719295829904468,44.104480808834694],[7.764861072107778,44.14032005517862]]]}},{"type":"Feature","properties":{"district":"Savona","constituency_code":"IT-PROV-009","province_code":"009","region":"Liguria"},"geometry":{"type":"MultiPolygon","coordinates":[[[[8.486071894641901,44.30831977839088],[8.500337699182198,44.31662301028122],[8.441367092377519,44.276122353111916],[8.422249916766964,44.19257005828966],[8.269068017250378,44.13932014535456],[8.22605335771601,44.044009594059155],[8.163118969844794,43.99259556382106],[8.173492173522282,43.95459662844973],[8.12375771452023,43.93901353181708],[8.083675301602318,43.98343278931602],[8.01689973204738,43.97933175885087],[7.977437027928933,44.01994941045254],[8.038155633079167,44.07587415405912],[7.979048560286021,44.13755126546867],[8.011840723201823,44.155898843026655],[8.068204842535758,44.14497536834356],[8.0971712702987,44.17870868924325],[8.065363251638672,44.21693657540236],[8.090698499279043,44.274796395552464],[8.059739800695409,44.30070382063953],[8.10195676772205,44.30093101706705],[8.149519211946696,44.384792014810564],[8.208046815623021,44.410344317335685],[8.197327502562265,44.47755580874488],[8.225770616981393,44.515392200323696],[8.252777436374608,44.52874738356321],[8.358490854365554,44.46493569213869],[8.403879271625394,44.50897167415407],[8.44949866337397,44.49738808775575],[8.470656745680554,44.52247940346608],[8.594938381576316,44.494485463834735],[8.653893495583524,44.50372699427503],[8.666674413986039,44.45017204063074],[8.585075722561,44.42862228129706],[8.633176144816119,44.379750909197],[8.509346059601105,44.328446884515756],[8.486071894641901,44.30831977839088]]],[[[8.444884530208448,44.233582203815146],[8.443767581889622,44.233846861713175],[8.444186860920976,44.23519936161266],[8.44604057538619,44.23448812127968],[8.444884530208448,44.233582203815146]]],[[[8.229243511119396,44.02515675097012],[8.22549877940428,44.02346242698151],[8.224083656467291,44.02612907658347],[8.225602377904236,44.02700595511886],[8.229243511119396,44.02515675097012]]]]}},{"type":"Feature","properties":{"district":"Genova","constituency_code":"IT-PROV-010","province_code":"010","region":"Liguria"},"geometry":{"type":"MultiPolygon","coordinates":[[[[8.831179186485993,44.42145415542134],[8.830154245611201,44.42416778172243],[8.782575934779777,44.425945540094126],[8.796284800510069,44.4172617988357],[8.74145039316888,44.426608634443795],[8.633176144816119,44.379750909197],[8.603586791173834,44.39395528501028],[8.585075722561,44.42862228129706],[8.65143117364064,44.44165496847347],[8.666674413986039,44.45017204063074],[8.668376008077358,44.459609647408584],[8.653893495583524,44.50372699427503],[8.594938381576316,44.494485463834735],[8.571709089961907,44.51613309145059],[8.621154033418609,44.58492535338482],[8.720998027866449,44.57986540843744],[8.782453617241442,44.488361018068595],[8.826840436968022,44.56179937355043],[8.917502841865534,44.56105500980192],[8.88262066963503,44.63874749126126],[8.93114074633317,44.67613317261778],[9.014690728619366,44.66607066055832],[9.043908873482506,44.61442523356841],[9.075853431229502,44.623699032118175],[9.13943408227882,44.57364376207979],[9.23148557778827,44.618740826873356],[9.343003443163003,44.57769707308369],[9.40562891644754,44.600806804417466],[9.423076555092834,44.57461222938436],[9.493338442500045,44.55587663431659],[9.49680342352408,44.48273039556093],[9.468873091813933,44.48188067434655],[9.43839369662424,44.41854154672053],[9.472564794625205,44.42428409034919],[9.472182576721016,44.38634789881938],[9.51816481444788,44.35518777066456],[9.499281329388456,44.32685424566233],[9.573486533068548,44.256021557891],[9.533870341331511,44.25303551169645],[9.511287004185546,44.216660686435844],[9.234231643178282,44.34838606429551],[9.217547134703448,44.2985045853094],[9.152255664001686,44.31712709288705],[9.140098101621877,44.361127456888504],[8.831179186485993,44.42145415542134]]],[[[8.875724596022343,44.40387818104338],[8.884044583006686,44.40247222980403],[8.916752498160635,44.39665693895034],[8.9102203744944,44.39743361534647],[8.875724596022343,44.40387818104338]]],[[[8.81691918449065,44.413495069066016],[8.869815869582954,44.40328515700322],[8.870070604967246,44.403089185356265],[8.819412939665275,44.41299569293155],[8.81691918449065,44.413495069066016]]],[[[8.831250087152613,44.4209781034576],[8.831348731253742,44.4209882873201],[8.83136277564543,44.42093145600405],[8.831272071234777,44.42091239357498],[8.831250087152613,44.4209781034576]]],[[[8.829200599216863,44.42175825313598],[8.82929002514672,44.42141866728807],[8.829247233215176,44.42140325347979],[8.829148297364032,44.42183821017604],[8.829200599216863,44.42175825313598]]],[[[8.800456989631412,44.41645470930825],[8.79511940110051,44.41197627791835],[8.769735894356659,44.41578958033341],[8.795039017287824,44.41215623404856],[8.805652946695991,44.42077941943528],[8.81037562716162,44.422320619638555],[8.800456989631412,44.41645470930825]]]]}},{"type":"Feature","properties":{"district":"La Spezia","constituency_code":"IT-PROV-011","province_code":"011","region":"Liguria"},"geometry":{"type":"MultiPolygon","coordinates":[[[[9.831092119659571,44.1060662469815],[9.83121997577924,44.10616210146951],[9.83112310191588,44.10604801496539],[9.831092119659571,44.1060662469815]]],[[[9.83121997577924,44.10616210146951],[9.810943516860142,44.10180846306104],[9.832624463542006,44.05008392644663],[9.67557810740228,44.13940881354131],[9.635464670377013,44.133521311457855],[9.511287004185546,44.216660686435844],[9.573330603111673,44.270751265339214],[9.499281329388456,44.32685424566233],[9.51816481444788,44.35518777066456],[9.472182576721016,44.38634789881938],[9.483733727161757,44.41852057334937],[9.600031789572977,44.43691061295629],[9.65502819258566,44.41187787203696],[9.674979435882909,44.36471301481765],[9.70630125267534,44.36618914840205],[9.765416138781344,44.30432756213614],[9.852656940491675,44.270205117910066],[9.864956777015854,44.18070781793441],[9.908508538178252,44.20977385841864],[9.934010403606068,44.196622125031304],[9.89295305729716,44.16650153373906],[9.974028983922862,44.16692836877231],[9.983451599368678,44.098878076548516],[10.021952310583691,44.11962118131105],[10.071019405938955,44.093665563137236],[9.977587484764891,44.035486740959534],[9.83121997577924,44.10616210146951]]],[[[9.847149000972756,44.033465026246795],[9.833139695782982,44.04698865228612],[9.85530588919297,44.05091124082267],[9.852081896943096,44.04828835350003],[9.847149000972756,44.033465026246795]]],[[[9.853698328940176,44.025682391501256],[9.848659765835157,44.02608231550017],[9.847463298995466,44.029138833674736],[9.853340715719069,44.027609532247325],[9.853698328940176,44.025682391501256]]],[[[9.851315034456746,44.02339531433493],[9.85039574629991,44.023569847681415],[9.851209608930894,44.0246385641312],[9.851481302812896,44.02433267635555],[9.851315034456746,44.02339531433493]]],[[[9.825704290226117,44.10240948381775],[9.825852774430029,44.102529954408844],[9.82590430842802,44.10252958186175],[9.82573839554492,44.102391231578785],[9.825704290226117,44.10240948381775]]],[[[9.773877528764801,44.07732907892262],[9.773486661427334,44.07740375186553],[9.77369876509297,44.0776273978398],[9.77403031690882,44.07755312605647],[9.773877528764801,44.07732907892262]]]]}},{"type":"Feature","properties":{"district":"Varese","constituency_code":"IT-PROV-012","province_code":"012","region":"Lombardia"},"geometry":{"type":"Polygon","coordinates":[[[8.781003241549412,46.09482044752688],[8.815292692545658,46.09725704934764],[8.854517041416775,46.06162807481059],[8.785902254632857,45.989017698235564],[8.894274620436976,45.95846574504773],[8.945457947856701,45.867727945973826],[8.896956032275238,45.81292175932177],[8.951474384958049,45.71469780808177],[8.896309931772453,45.68019715840344],[8.92884337178349,45.65353466475463],[8.98039059609532,45.6796844902081],[8.981202570110415,45.645463526412435],[9.055738855727318,45.64650005938949],[9.062986981458366,45.58033942102496],[8.97439519298595,45.58654690624194],[8.97820766557685,45.614644039123526],[8.939870122197899,45.6426497748099],[8.863002130915797,45.57455493431648],[8.837002171414666,45.56846314002814],[8.786150890789266,45.60242075556548],[8.75134597833247,45.56549147215209],[8.706878617659711,45.55831425952367],[8.703148012277893,45.600057003098556],[8.658938958999766,45.63774629207956],[8.688184849596947,45.636992784076284],[8.681201068271248,45.67640161894904],[8.640901801777664,45.67653408040255],[8.64877500692822,45.71955517568404],[8.593750058572146,45.7304114847184],[8.55566506796638,45.77499032157028],[8.595200838823105,45.83361401726959],[8.570638294129303,45.90003352318198],[8.726429846484706,46.01796720871556],[8.705339564180377,46.08319325642082],[8.724644032480947,46.11016978970608],[8.742687489138218,46.12214596400057],[8.781003241549412,46.09482044752688]]]}},{"type":"Feature","properties":{"district":"Como","constituency_code":"IT-PROV-013","province_code":"013","region":"Lombardia"},"geometry":{"type":"MultiPolygon","coordinates":[[[[9.279472691425651,46.23892290861375],[9.440807484034536,46.21448386673712],[9.414100797416241,46.13686862387595],[9.361854331775634,46.157413085673866],[9.300481881217745,46.125883670474515],[9.262180661885296,46.02636414182957],[9.284579085650682,45.967052665992895],[9.257526404200847,45.95005217484617],[9.289383137026004,45.893174381148484],[9.324058516997024,45.89578143567484],[9.320406868753349,45.843561897895654],[9.249909727894574,45.78267792057964],[9.256685313373172,45.750998622497605],[9.195313881399706,45.69834333240596],[9.194432438093088,45.667686204137404],[9.103203258485092,45.696894035070564],[9.067046244516305,45.68512107556908],[9.055738855727318,45.64650005938949],[8.981202570110415,45.645463526412435],[8.98039059609532,45.6796844902081],[8.92884337178349,45.65353466475463],[8.89467093397918,45.68459703116918],[8.947907229316689,45.706630821737015],[8.951153687026348,45.73023290077683],[8.896956032275238,45.81292175932177],[8.949537460925336,45.84347795173753],[9.030634387003362,45.82078562104327],[9.088757567692541,45.900715677593055],[9.019395186335615,45.92857778810334],[8.988770878737242,45.97058354467975],[9.028287080903057,45.9936618969618],[9.008971484154426,46.036983259335635],[9.077872431387084,46.06531672308739],[9.07163492547375,46.11951509328171],[9.182627283765713,46.17052094796658],[9.221300731985092,46.22987039844264],[9.279472691425651,46.23892290861375]]],[[[8.97518523353511,45.96159008823139],[8.957879033220154,45.96473512964321],[8.967274600941161,45.98417438912689],[8.97753789564593,45.98301583282427],[8.97518523353511,45.96159008823139]]]]}},{"type":"Feature","properties":{"district":"Sondrio","constituency_code":"IT-PROV-014","province_code":"014","region":"Lombardia"},"geometry":{"type":"Polygon","coordinates":[[[10.249298489936766,46.61838179307246],[10.244002735089568,46.57840094159471],[10.295748746471686,46.55040044225542],[10.419340033671,46.55105287203813],[10.47612155341824,46.49552620483549],[10.600492361907964,46.468664272347326],[10.630461784955331,46.40255081932825],[10.511843594826033,46.334728809012034],[10.46618918145223,46.35479017874935],[10.422646117213956,46.33575661271323],[10.320750429401473,46.281710798547685],[10.282137567269066,46.21342653132482],[10.180300187838869,46.17825325173155],[10.169558370030376,46.05704934033153],[10.102608762839033,46.0507768352907],[10.100775043478412,46.089891487487336],[10.024795820694122,46.08729495923563],[9.9080733846605,46.046385966844866],[9.643458495791384,46.05997206225454],[9.526899306387579,46.01150889402675],[9.50983978480876,46.06252758962827],[9.415001813856284,46.094798876131776],[9.440807484034536,46.21448386673712],[9.247615383141198,46.23362724089413],[9.300050097599218,46.32658767152914],[9.246549506148385,46.446433683035245],[9.282373216159078,46.496662767454424],[9.364683789756857,46.50772883166027],[9.410281956354337,46.46654552837444],[9.45985968173022,46.50662082476366],[9.461597065303014,46.37625017679421],[9.54937729953438,46.302343084250325],[9.703056967847903,46.29071057496508],[9.737279070852924,46.3506587130395],[9.777477404872807,46.33496233947436],[9.952661966116011,46.37946825019179],[9.99635229556415,46.35093563263005],[9.995486467761031,46.28545586942556],[10.055456290304257,46.26292215545682],[10.047448020320799,46.22874199473128],[10.142328064229666,46.22902122724447],[10.176125617042608,46.258882400299406],[10.104315894960147,46.333541677363925],[10.166679394361267,46.4077779965186],[10.040523250255273,46.44413030386165],[10.043648950380089,46.53784592713999],[10.102154317042737,46.610773242255206],[10.239062671141571,46.63518700891798],[10.249298489936766,46.61838179307246]]]}},{"type":"Feature","properties":{"district":"Milano","constituency_code":"IT-PROV-015","province_code":"015","region":"Lombardia"},"geometry":{"type":"MultiPolygon","coordinates":[[[[8.939870122197899,45.6426497748099],[9.00209275950188,45.57416895844922],[9.062986981458366,45.58033942102496],[9.05292441065141,45.623190258295416],[9.107782802495558,45.62271857012658],[9.093354994725123,45.588851870581834],[9.176918543795262,45.59177238020519],[9.305073546248941,45.53664833955959],[9.326373245384199,45.561632457479575],[9.379382560309718,45.55774230744109],[9.481654455092462,45.596808046055536],[9.495852105661706,45.63965902314851],[9.51773391934886,45.62462502357779],[9.549621272880557,45.510010713667604],[9.518015336145387,45.508167204990045],[9.483908289373208,45.44868798497898],[9.45010373717245,45.46938324015726],[9.417532096031739,45.45153167263352],[9.407209144149649,45.39395230380026],[9.352992301151014,45.36771713856119],[9.385882454235,45.306812679644445],[9.201727763066861,45.33483954000596],[9.182058531886199,45.31074177592078],[9.200844404687693,45.29105845792015],[9.081507053546002,45.3157708434456],[9.03008710832126,45.296514253696586],[9.019852058937738,45.32601377863406],[8.988307304412759,45.321596111850866],[9.018697420753945,45.28057765198908],[8.982938957908438,45.264993620207015],[8.941988069951655,45.31601911877657],[8.86607598682435,45.34312137772174],[8.787486732167253,45.48623235094279],[8.723513267403545,45.50531421798722],[8.706878617659711,45.55831425952367],[8.75134597833247,45.56549147215209],[8.786150890789266,45.60242075556548],[8.837002171414666,45.56846314002814],[8.863002130915797,45.57455493431648],[8.939870122197899,45.6426497748099]]],[[[9.4854916967884,45.19180785776814],[9.525980726408575,45.181399124204574],[9.53157871067152,45.16535418923856],[9.478273382471086,45.16149846891043],[9.438549396349886,45.18763546942271],[9.4854916967884,45.19180785776814]]]]}},{"type":"Feature","properties":{"district":"Bergamo","constituency_code":"IT-PROV-016","province_code":"016","region":"Lombardia"},"geometry":{"type":"Polygon","coordinates":[[[10.103219949683375,46.0885988968136],[10.102608762839033,46.0507768352907],[10.222460678252785,46.049557619054234],[10.26127582536645,46.0171037355072],[10.199626077774104,46.00503209317775],[10.094928286020663,45.92560178173384],[10.149800157007142,45.86309590321215],[10.057373207891567,45.776168194993225],[10.063163954107937,45.682830746415675],[9.942283004597599,45.665279533900254],[9.891605497063846,45.60443392853317],[9.850551375810719,45.603153826501924],[9.83641196349903,45.555976192423834],[9.889613944830842,45.42733124278992],[9.823070814858934,45.45648521719907],[9.807881465340326,45.42278525201582],[9.769290161338969,45.430171636876935],[9.715170219384953,45.482665148767275],[9.661815765589374,45.43721778036402],[9.60864048299729,45.47545336454],[9.547981679800467,45.461079623933834],[9.517805513343328,45.50688298942902],[9.549621272880557,45.510010713667604],[9.531174641613989,45.59985585006996],[9.451008026986036,45.684421422204245],[9.445847027164174,45.76051579541678],[9.518680080540456,45.78403308986086],[9.469475859633064,45.85691928029144],[9.524018488759262,45.870346625200234],[9.505257549338308,45.8987241025746],[9.540904793241541,45.94423802548707],[9.489184720601,46.01042551166221],[9.576980600551288,46.020208806749764],[9.643458495791384,46.05997206225454],[9.9080733846605,46.046385966844866],[10.018537753728987,46.08601888509733],[10.103219949683375,46.0885988968136]]]}},{"type":"Feature","properties":{"district":"Brescia","constituency_code":"IT-PROV-017","province_code":"017","region":"Lombardia"},"geometry":{"type":"Polygon","coordinates":[[[10.498060578977846,46.33482926331394],[10.5656206507239,46.32634335664731],[10.585730946676065,46.245339098382026],[10.541399632858875,46.18861946630669],[10.56539489973711,46.16683863699168],[10.549498788311615,46.11739421293399],[10.48094724328979,46.05629472032208],[10.452979612815913,45.989940421609305],[10.508568112017342,45.92356616479444],[10.50248712924062,45.83016176080914],[10.543266702505473,45.81836402708469],[10.53275320097091,45.78806020686475],[10.561071667218641,45.78391354011106],[10.69950550142793,45.84166438169505],[10.840150457733692,45.83275599155423],[10.631043050327225,45.609508655716475],[10.642853232586681,45.38975682475061],[10.579991414858949,45.3811475644086],[10.451185252919469,45.41859542934543],[10.471318062925361,45.33230005405541],[10.4283811230714,45.32070175505528],[10.361358112276063,45.215375882223185],[10.317696429833378,45.204717317959336],[10.266347212996937,45.25079180295889],[10.219821802810388,45.224653822930456],[10.103860339269591,45.24649207503057],[9.897989459623947,45.33848151532126],[9.890422110049347,45.46787952924271],[9.836454673537482,45.55626391102579],[9.850551375810719,45.603153826501924],[9.891605497063846,45.60443392853317],[9.942283004597599,45.665279533900254],[10.063163954107937,45.682830746415675],[10.057373207891567,45.776168194993225],[10.149800157007142,45.86309590321215],[10.094928286020663,45.92560178173384],[10.199626077774104,46.00503209317775],[10.26127582536645,46.0171037355072],[10.22808761650221,46.04821912889573],[10.17029507514787,46.054639855484105],[10.159385783419943,46.15954959157162],[10.282137567269066,46.21342653132482],[10.327512951573148,46.28706843005063],[10.465067177753367,46.35463355307159],[10.498060578977846,46.33482926331394]]]}},{"type":"Feature","properties":{"district":"Pavia","constituency_code":"IT-PROV-018","province_code":"018","region":"Lombardia"},"geometry":{"type":"MultiPolygon","coordinates":[[[[8.847644684924287,45.39033780586102],[8.86607598682435,45.34312137772174],[8.941988069951655,45.31601911877657],[8.982938957908438,45.264993620207015],[9.018697420753945,45.28057765198908],[8.991665360918978,45.32275608222951],[9.020527010091994,45.32589498562344],[9.03008710832126,45.296514253696586],[9.081507053546002,45.3157708434456],[9.200844404687693,45.29105845792015],[9.182058531886199,45.31074177592078],[9.201727763066861,45.33483954000596],[9.3090960708694,45.327893381597285],[9.357603707523575,45.29258352403832],[9.320967566241475,45.29464565873721],[9.341450139998514,45.271307276737545],[9.310391399696053,45.24895661543273],[9.370822011512582,45.24510379226594],[9.429612597481956,45.18446156957681],[9.544235158981097,45.153200932173874],[9.547402994317544,45.08664994224706],[9.497799517135032,45.1038991651794],[9.410777727058003,45.08275457704634],[9.32182210981925,44.944100185306866],[9.285027555055283,44.93176624979747],[9.277409517757771,44.89560889043513],[9.34167517503858,44.869811982829184],[9.363098230357854,44.822403832101],[9.286974935082336,44.772496361822206],[9.332580785900287,44.73504034629492],[9.298505872023483,44.68102154722627],[9.259475763897978,44.67994657725869],[9.235083640574839,44.716359822233024],[9.237087747886246,44.68511759036368],[9.20031985891257,44.68640479891108],[9.213550427752448,44.75234821243676],[9.171725560896917,44.771683545322084],[9.160976792002602,44.814738657294896],[9.07263970599425,44.817088554658376],[9.055900385773583,44.88884463221298],[8.999687728008167,44.90931989572572],[8.96062386468955,44.98728492765194],[8.910570819696545,44.99547840137242],[8.8873989984405,45.05979536204904],[8.796212540122895,45.03581284794737],[8.771748242536693,45.00678069004389],[8.710058846748407,45.038291147655556],[8.659067916544712,45.01797499926079],[8.610978605083801,45.123630103320096],[8.542934595666901,45.17284197815215],[8.577793756969546,45.20791570703245],[8.54647839880109,45.19486270108967],[8.524514522604784,45.198334249256554],[8.548048573399775,45.20412476085413],[8.529097367107754,45.23951414167617],[8.556180405610217,45.241395901006285],[8.522494879698614,45.24923983106761],[8.535105940338974,45.27780169068952],[8.498337441044317,45.292226420541155],[8.5517540253858,45.36131756083825],[8.628834604343647,45.349856366977235],[8.666586869859602,45.29220662523753],[8.690645650381365,45.29252635662367],[8.762537621836783,45.34861936297133],[8.719076291401276,45.3780794571588],[8.847644684924287,45.39033780586102]],[[9.298857984556943,44.69265165924294],[9.304121761026144,44.69369829462946],[9.304203014742617,44.69655518960871],[9.298939782791113,44.69372282573007],[9.298857984556943,44.69265165924294]],[[9.289675108066456,44.701218539387106],[9.290968197735287,44.70091596844462],[9.302600804937116,44.70326456000107],[9.295342585455167,44.70494899166423],[9.289675108066456,44.701218539387106]]],[[[8.816415712944309,45.022305042965776],[8.81427005336788,45.01739442705492],[8.816376242733371,45.02228022250882],[8.816415712944309,45.022305042965776]]],[[[8.705427661051559,45.0244832801412],[8.706385937843889,45.01356277772402],[8.704042680626198,45.01752653230016],[8.705427661051559,45.0244832801412]]]]}},{"type":"Feature","properties":{"district":"Cremona","constituency_code":"IT-PROV-019","province_code":"019","region":"Lombardia"},"geometry":{"type":"Polygon","coordinates":[[[9.539904007124717,45.48851748072647],[9.547981679800467,45.461079623933834],[9.60864048299729,45.47545336454],[9.661815765589374,45.43721778036402],[9.709274815151538,45.482577716739854],[9.769290161338969,45.430171636876935],[9.807881465340326,45.42278525201582],[9.810851223868097,45.45265568697311],[9.846512973734038,45.452110350234996],[9.889613944830842,45.42733124278992],[9.89476558663071,45.34124323195211],[9.99399712125044,45.29049206819226],[10.219821802810388,45.224653822930456],[10.266347212996937,45.25079180295889],[10.379189224116473,45.13846835174834],[10.479898422131741,45.14403975063832],[10.46667188543411,45.095493333219295],[10.417310780475288,45.09191291176526],[10.413176066358758,45.04224747110833],[10.49382607201372,45.056307793178846],[10.49203298699439,45.08301055726354],[10.539555577289446,45.05514401590088],[10.511196859417243,45.01830242281056],[10.464412957225555,45.01470957110348],[10.455698880279579,44.98235263948746],[10.596854690274766,45.00396029910691],[10.46400282366987,44.93717896473518],[10.407996480423476,44.983835268068475],[10.355284571501493,44.9661590116664],[10.211067550304055,45.03403182115535],[10.161003388849082,45.04437878160562],[10.092877607327747,45.02376202643931],[10.082307524626755,45.04660557186244],[10.050223560763337,45.0412790327166],[9.985465587149035,45.133430761714315],[9.915812991442559,45.10007427093677],[9.919720110047319,45.13758885158598],[9.750645758006224,45.18234363193988],[9.776941316777032,45.21314208829773],[9.716841467518117,45.230142931684135],[9.718963368083527,45.26303899698649],[9.675239907858622,45.256941846521656],[9.616477502207596,45.293837946486555],[9.588525012136609,45.35599571347998],[9.568052417429302,45.36694592926738],[9.548264986865165,45.33974167113338],[9.45544271995609,45.38509295963148],[9.50057814869229,45.491333904353986],[9.519186921222417,45.50447791630166],[9.539904007124717,45.48851748072647]]]}},{"type":"Feature","properties":{"district":"Mantova","constituency_code":"IT-PROV-020","province_code":"020","region":"Lombardia"},"geometry":{"type":"Polygon","coordinates":[[[10.668689415995335,45.42635922335403],[10.71613496258714,45.41610137180612],[10.71462619079001,45.36793114291321],[10.685544243655226,45.353684462084],[10.728347985666273,45.29130049750287],[10.782815226085955,45.31542151394352],[10.846608055655985,45.25656879957654],[10.936790156921292,45.23293836481745],[10.934982170761145,45.214202307968144],[10.997118799832874,45.18693767763528],[10.9945173111004,45.150355579934896],[11.049459107924804,45.150687695578476],[11.02869680957644,45.123045372531465],[11.072942474667629,45.098748580256384],[11.127404570372212,45.10322715553387],[11.146437299022292,45.126068239461546],[11.203434131047159,45.1116672825001],[11.175279708901694,45.0600662272551],[11.240440847657673,45.04295374047115],[11.265902501690025,45.056223881343804],[11.274036951638799,45.01825904663249],[11.416139584369432,44.96676993152017],[11.426231808646698,44.95983142710872],[11.426742025447505,44.950083518478074],[11.301583507833637,44.962358966997],[11.272257155426859,44.938322646056385],[11.246205673440867,44.951438570140034],[11.152435618150681,44.933244537031115],[11.073474680028994,44.962950415913404],[10.890308494298276,44.912437499052096],[10.743719806783362,44.94907684693541],[10.727396608906869,44.99202560089763],[10.572306942774844,44.90873942399157],[10.46400282366987,44.93717896473518],[10.596854690274766,45.00396029910691],[10.455698880279579,44.98235263948746],[10.464412957225555,45.01470957110348],[10.511196859417243,45.01830242281056],[10.534274108431266,45.04530237127822],[10.533117134932894,45.07452706447534],[10.49203298699439,45.08301055726354],[10.49382607201372,45.056307793178846],[10.413176066358758,45.04224747110833],[10.417310780475288,45.09191291176526],[10.46667188543411,45.095493333219295],[10.459095395156396,45.119858987668],[10.492467486518752,45.13241705299144],[10.379189224116473,45.13846835174834],[10.312460192575372,45.20183394798162],[10.361358112276063,45.215375882223185],[10.4283811230714,45.32070175505528],[10.471318062925361,45.33230005405541],[10.451185252919469,45.41859542934543],[10.579991414858949,45.3811475644086],[10.638429528822305,45.385652789621055],[10.668689415995335,45.42635922335403]]]}},{"type":"Feature","properties":{"district":"Bolzano","constituency_code":"IT-PROV-021","province_code":"021","region":"Trentino-Alto Adige/Südtirol"},"geometry":{"type":"Polygon","coordinates":[[[12.205112727665451,47.08653060574167],[12.24029433214955,47.06861128673941],[12.204790452939546,47.02788880958401],[12.12098825648908,47.00665357237454],[12.168205328016203,46.9378891306451],[12.144133313990455,46.91401100142655],[12.1901639321344,46.906233942760615],[12.216230315869849,46.873869371751525],[12.27401966496875,46.88439727693022],[12.30692124847733,46.840943833590224],[12.28384311848437,46.782902116748566],[12.35740655619117,46.77466334239624],[12.383691240811714,46.71655769179791],[12.477594348363189,46.6798212576914],[12.379773553393605,46.6429073895644],[12.385163306295393,46.62278170253525],[12.261219929218658,46.629124877826165],[12.192239778997092,46.594563856807454],[12.194264051231864,46.61933260750627],[12.06826965252939,46.675071280539264],[12.046693492964273,46.58472441211773],[11.998418889318803,46.5328557118734],[11.966147463915656,46.54467791544458],[11.828312394011085,46.50891394061796],[11.811184710025563,46.532764283990495],[11.774640242574284,46.50919472494762],[11.632807723073752,46.49928842141375],[11.650260062599031,46.48306648315171],[11.599818451004023,46.387773336830136],[11.564207889072444,46.38128335090374],[11.545566479688807,46.34557686974006],[11.476896807816537,46.363931395147596],[11.360746364502646,46.3008446815588],[11.388419863321115,46.261469868786214],[11.338070021677412,46.29871064099575],[11.246349307367858,46.23014585714279],[11.174638165022849,46.23266729066711],[11.202378385285709,46.255604626962175],[11.138810627388004,46.283330052885326],[11.203612224683276,46.34209795835821],[11.220421326065683,46.46204820089616],[11.187084968842738,46.50872858167875],[11.129678612405073,46.48162935434773],[11.080636640511182,46.53117562719663],[11.034600949033727,46.51377873302476],[11.074952381367234,46.44240553153862],[10.975748213207742,46.48402512934],[10.861324047844814,46.436131327810514],[10.800380528513614,46.44296614216389],[10.764977286690723,46.48595719087127],[10.621836974324724,46.44796063731189],[10.551960785197487,46.491456653678895],[10.457940418088064,46.510589606338016],[10.492294051106892,46.61511638629175],[10.445953804897291,46.64110366021396],[10.401607708320988,46.637047888193806],[10.386105182806112,46.680182120623684],[10.478354274184728,46.85871172655859],[10.550717998310198,46.83917072570816],[10.667933545308221,46.87588598571301],[10.763362474989849,46.82327205981122],[10.730494123005297,46.78790709041027],[11.022135362224034,46.76517480509156],[11.039798515988124,46.80508422908069],[11.083452723811812,46.82221991940483],[11.09590134669235,46.912233524202634],[11.165194822997105,46.940713068388476],[11.164525204411898,46.965568188956595],[11.319305886920601,46.99242719067442],[11.40090851238242,46.965244758916285],[11.479315863047374,47.010909403013244],[11.538076931642463,46.984108080396865],[11.627210446903424,47.01257734569625],[11.747168158030416,46.96890271755718],[11.978281077602624,47.04975420356679],[12.205112727665451,47.08653060574167]]]}},{"type":"Feature","properties":{"district":"Trento","constituency_code":"IT-PROV-022","province_code":"022","region":"Trentino-Alto Adige/Südtirol"},"geometry":{"type":"Polygon","coordinates":[[[11.824080622570644,46.504076896046115],[11.813157533253172,46.47814038622115],[11.877158092117725,46.471783296058085],[11.889108256630957,46.44274164482474],[11.850297722934021,46.43418897886884],[11.83539427171183,46.366222236073234],[11.774378546655992,46.3582416520123],[11.831850604779781,46.32514651981075],[11.838022084490376,46.27034806469069],[11.885194681535358,46.278824682532104],[11.891986518086432,46.252628537453255],[11.92909944762677,46.24883288257892],[11.909569447724069,46.22442755904186],[11.96233172524083,46.18801105077238],[11.88756927792235,46.11869537240202],[11.685289236246687,46.09356891048445],[11.70644100552598,46.04599325975568],[11.666249478271377,46.03631781160743],[11.685804470956414,45.96928584740638],[11.58759202461227,45.968997073000274],[11.577230061767603,46.006520280160494],[11.538910637512362,46.01330386504526],[11.446781734153264,45.98089344589522],[11.373739910701493,45.98350283066245],[11.380749161629565,45.9426735967193],[11.358295866322626,45.94366346682997],[11.349315332334543,45.90953120423035],[11.313023724119338,45.9298234534731],[11.258322541720146,45.92067793353384],[11.23932385643389,45.855981901733266],[11.188821243542357,45.813572539301674],[11.202787775420324,45.78337296273946],[11.173549240636154,45.78667054149706],[11.178430355871647,45.73806641052],[11.12255971714987,45.68909343684931],[11.016575312531181,45.71942387818729],[10.93745963792438,45.673415691892494],[10.889578625176677,45.715074642963266],[10.843832369914594,45.71859281201247],[10.8875862564169,45.81164842842453],[10.825785804628557,45.83769715899768],[10.69950550142793,45.84166438169505],[10.654640138337697,45.83262760824942],[10.6414093812669,45.801885198102696],[10.53275320097091,45.78806020686475],[10.54362777111896,45.817647768599095],[10.502827591739585,45.82973396164131],[10.490043193012864,45.884610823611574],[10.508568112017342,45.92356616479444],[10.452934525269223,45.989622123159265],[10.48094724328979,46.05629472032208],[10.549498788311615,46.11739421293399],[10.56539489973711,46.16683863699168],[10.541399632858875,46.18861946630669],[10.585730946676065,46.245339098382026],[10.5656206507239,46.32634335664731],[10.515934147549324,46.346362629623826],[10.607468942107817,46.37937802374804],[10.621787359903438,46.447939907983745],[10.764977286690723,46.48595719087127],[10.800380528513614,46.44296614216389],[10.861324047844814,46.436131327810514],[10.975748213207742,46.48402512934],[11.072672039163498,46.44152145140164],[11.034779162583325,46.51408061701801],[11.08242575953532,46.5313745787724],[11.129678612405073,46.48162935434773],[11.187084968842738,46.50872858167875],[11.220421326065683,46.46204820089616],[11.203612224683276,46.34209795835821],[11.138810627388004,46.283330052885326],[11.202378385285709,46.255604626962175],[11.174638165022849,46.23266729066711],[11.206429176358762,46.219772396921044],[11.305616482608775,46.258767082985],[11.333783666454222,46.29772425142488],[11.358780811550556,46.26566761901047],[11.397623886199133,46.26483220151097],[11.359533718996685,46.29960448950077],[11.476896807816537,46.363931395147596],[11.557246485345225,46.35094541792137],[11.650260062599031,46.48306648315171],[11.632807723073752,46.49928842141375],[11.774640242574284,46.50919472494762],[11.811184710025563,46.532764283990495],[11.824080622570644,46.504076896046115]]]}},{"type":"Feature","properties":{"district":"Verona","constituency_code":"IT-PROV-023","province_code":"023","region":"Veneto"},"geometry":{"type":"Polygon","coordinates":[[[10.883789240057315,45.772812163950945],[10.843832369914594,45.71859281201247],[10.889578625176677,45.715074642963266],[10.93745963792438,45.673415691892494],[11.017022177547691,45.71945973936682],[11.154788427051512,45.68433810923874],[11.15895639938119,45.63979467772501],[11.182208359582537,45.618344346119784],[11.21431376102812,45.625188093576405],[11.251505005255794,45.54222701531328],[11.323799051561307,45.49399039774615],[11.354323623175182,45.353538907082566],[11.450290899936862,45.32522615042982],[11.432662855496746,45.30772633697001],[11.491111065920597,45.28265682875479],[11.480291661193343,45.258516380802995],[11.392359277176894,45.25876396674712],[11.428759457084478,45.15048933283756],[11.410742263896356,45.12218971749814],[11.445809107051323,45.08066814436785],[11.402415588036845,45.05300015985568],[11.305673509618572,45.09222661498215],[11.223890393779131,45.08356929180998],[11.146437299022292,45.126068239461546],[11.127404570372212,45.10322715553387],[11.072942474667629,45.098748580256384],[11.02869680957644,45.123045372531465],[11.049459107924804,45.150687695578476],[10.9945173111004,45.150355579934896],[10.997118799832874,45.18693767763528],[10.934982170761145,45.214202307968144],[10.936790156921292,45.23293836481745],[10.846608055655985,45.25656879957654],[10.782815226085955,45.31542151394352],[10.73741579608848,45.28724480320271],[10.686762994971243,45.34217474261126],[10.719367451261718,45.40596233333563],[10.643865081518465,45.417817231134556],[10.64945495192638,45.44078877445919],[10.627251646665593,45.438271941295774],[10.623645955881067,45.443615986328666],[10.647615833282714,45.45140074565476],[10.631043050327225,45.609508655716475],[10.840150457733692,45.83275599155423],[10.887260308400855,45.812238836855954],[10.883789240057315,45.772812163950945]]]}},{"type":"Feature","properties":{"district":"Vicenza","constituency_code":"IT-PROV-024","province_code":"024","region":"Veneto"},"geometry":{"type":"Polygon","coordinates":[[[11.538910637512362,46.01330386504526],[11.577230061767603,46.006520280160494],[11.58759202461227,45.968997073000274],[11.673230079081343,45.964351391699054],[11.684283867120087,45.98407844559672],[11.728931565382242,45.934200195241026],[11.787282477819065,45.924285111922266],[11.7742435146568,45.88963473424256],[11.79919807297927,45.87196019777635],[11.742970690208466,45.8552782110582],[11.750464513431691,45.82048075182204],[11.817048391643036,45.78852882090194],[11.833966822539477,45.74703435550835],[11.821677032134694,45.6871694226795],[11.706465967443854,45.680309912785184],[11.646551682120311,45.63419589590848],[11.644661214736841,45.59613362234119],[11.674266083621744,45.59187497814188],[11.657738217206166,45.540171346940426],[11.730166692510883,45.559938800055996],[11.758958213862394,45.520415386907146],[11.727913809186711,45.52054945997952],[11.745448299679689,45.47170236468207],[11.706888757251624,45.47597180750309],[11.683235188866327,45.42941755469883],[11.615699855253293,45.38802181525992],[11.619778993215906,45.33025629805326],[11.580215374819696,45.297879164563405],[11.612888336015619,45.25561193968222],[11.487024280519519,45.26595365597393],[11.48825508402756,45.285284547142886],[11.432662855496746,45.30772633697001],[11.450290899936862,45.32522615042982],[11.354323623175182,45.353538907082566],[11.323799051561307,45.49399039774615],[11.251505005255794,45.54222701531328],[11.21431376102812,45.625188093576405],[11.182208359582537,45.618344346119784],[11.15895639938119,45.63979467772501],[11.135850106819918,45.69958119020457],[11.178430355871647,45.73806641052],[11.173549240636154,45.78667054149706],[11.202787775420324,45.78337296273946],[11.188821243542357,45.813572539301674],[11.23932385643389,45.855981901733266],[11.258322541720146,45.92067793353384],[11.313023724119338,45.9298234534731],[11.349315332334543,45.90953120423035],[11.358295866322626,45.94366346682997],[11.380749161629565,45.9426735967193],[11.373739910701493,45.98350283066245],[11.446781734153264,45.98089344589522],[11.538910637512362,46.01330386504526]]]}},{"type":"Feature","properties":{"district":"Belluno","constituency_code":"IT-PROV-025","province_code":"025","region":"Veneto"},"geometry":{"type":"Polygon","coordinates":[[[12.505905319836726,46.6783913670397],[12.564575109296788,46.65110572300094],[12.689397513541907,46.65609887177695],[12.73198134128209,46.63381291090517],[12.620204872496334,46.543769416860485],[12.662362595595065,46.46796758581841],[12.53084212515798,46.46493322700705],[12.455047615120646,46.39166830626828],[12.462942614042287,46.36926268503161],[12.354654614399637,46.319682123409414],[12.322749844599224,46.2731231937338],[12.338327120373572,46.23895116809492],[12.446453981673887,46.20776627283773],[12.447258701559846,46.17957971988858],[12.495813402093576,46.15255270645499],[12.484425209367458,46.10447245382209],[12.404445241493459,46.0424967293912],[12.391494357571476,46.07134451615715],[12.320746664521618,46.081938914804645],[12.22616711553658,46.01311285799211],[12.111042421617285,46.0032478265026],[12.062245151862562,45.96274958174471],[11.961571104513457,45.95467642172287],[11.943700118979367,45.893555280122314],[11.86920474421599,45.880744359088034],[11.825306738690411,45.90809432447871],[11.799565604636426,45.880555944602555],[11.774536239312225,45.88904257185829],[11.787868344545654,45.923622756681546],[11.728931565382242,45.934200195241026],[11.666650281046634,46.01709888503335],[11.666902000827417,46.03806195675017],[11.70644100552598,46.04599325975568],[11.683199667861116,46.09147536272837],[11.88756927792235,46.11869537240202],[11.962644585858884,46.189802815317776],[11.909569447724069,46.22442755904186],[11.92909944762677,46.24883288257892],[11.891986518086432,46.252628537453255],[11.885247941189068,46.27880875137215],[11.838022084490376,46.27034806469069],[11.831850604779781,46.32514651981075],[11.774378546655992,46.3582416520123],[11.83539427171183,46.366222236073234],[11.850297722934021,46.43418897886884],[11.889108256630957,46.44274164482474],[11.877158092117725,46.471783296058085],[11.813409133480388,46.47793527714634],[11.81545350559804,46.50031750140847],[11.966147463915656,46.54467791544458],[11.998418889318803,46.5328557118734],[12.046693492964273,46.58472441211773],[12.06826965252939,46.675071280539264],[12.194264051231864,46.61933260750627],[12.192239778997092,46.594563856807454],[12.261219929218658,46.629124877826165],[12.385163306295393,46.62278170253525],[12.379773553393605,46.6429073895644],[12.43424176276385,46.668280542145524],[12.505905319836726,46.6783913670397]]]}},{"type":"Feature","properties":{"district":"Treviso","constituency_code":"IT-PROV-026","province_code":"026","region":"Veneto"},"geometry":{"type":"Polygon","coordinates":[[[12.340747391108868,46.07772813965352],[12.399507308422097,46.06242946724563],[12.425841796145967,45.94735254019545],[12.506000687359581,45.92271075253467],[12.554076216091499,45.82941575910922],[12.59328537497259,45.815077606578434],[12.605682987897245,45.83824702513078],[12.65400312860244,45.809508226897115],[12.646582064899137,45.74741769616904],[12.68503100101597,45.71298380748843],[12.602457761597199,45.680061707056424],[12.575169178496186,45.697158182023564],[12.503950290609145,45.68756694140173],[12.485652571832086,45.63963797837592],[12.424254108567554,45.623152626519236],[12.44045424780773,45.559620558167005],[12.352364662011071,45.58786927717155],[12.335321886805396,45.561833036781074],[12.279351573077172,45.567577880947475],[12.271335207376486,45.53249601438586],[12.206775825598891,45.54053044422879],[12.209964039118821,45.57130607983359],[12.161391267196882,45.57428225112217],[12.113036078691295,45.61302047119066],[12.087333171152633,45.59970385697222],[12.07415597557131,45.64166365565901],[12.015932404125374,45.64605159303329],[11.965157478104599,45.60793903890637],[11.901094801020834,45.62798360719704],[11.898107326593134,45.61309064151577],[11.880903055758985,45.66577750466265],[11.815947667356795,45.692700258101254],[11.818423079125978,45.787214513026335],[11.764620218947643,45.80322623985783],[11.742970690208466,45.8552782110582],[11.79919807297927,45.87196019777635],[11.825306738690411,45.90809432447871],[11.86920474421599,45.880744359088034],[11.950534438099899,45.8957910809257],[11.961571104513457,45.95467642172287],[12.062245151862562,45.96274958174471],[12.111042421617285,46.0032478265026],[12.22616711553658,46.01311285799211],[12.302783240240911,46.07634848803872],[12.340747391108868,46.07772813965352]]]}},{"type":"Feature","properties":{"district":"Venezia","constituency_code":"IT-PROV-027","province_code":"027","region":"Veneto"},"geometry":{"type":"Polygon","coordinates":[[[12.799943264305483,45.8257335947096],[12.874983445991228,45.850344629437444],[12.890058559510027,45.820474408544],[12.929495344586943,45.81735103390577],[12.96142948056935,45.84687166859675],[13.00830725681547,45.72489211942762],[13.02920606161547,45.736167981898],[13.097679741437394,45.63593822003556],[12.908362874227626,45.61443561204025],[12.426900467719566,45.41796912681778],[12.395817687159429,45.42768394929431],[12.303861443558162,45.28019877656416],[12.300026530302699,45.21157816188651],[12.332422922303035,45.162772411378555],[12.26004399182461,45.113106177117544],[12.167806776819946,45.09395639527016],[12.148142530047004,45.057593465640345],[12.025529585874338,45.11960213372473],[12.029124358654604,45.13778020866545],[11.968753694299252,45.133990653006656],[11.977809458837473,45.18714579129041],[12.123034567915367,45.210369443022564],[12.183851638410708,45.195143335244765],[12.153901906100215,45.216962449036],[12.193483817013492,45.23403114901027],[12.206185975254856,45.273124291539986],[12.186328261727068,45.30233246492742],[12.127524723174902,45.30090794494881],[12.087804814836007,45.331631655836],[12.028650519933075,45.317455475803314],[12.012302731523558,45.34239470013581],[12.034697822894724,45.35731531536499],[11.975173734519242,45.39743579820911],[12.025919208997868,45.44398878623016],[11.976092407724831,45.46108740428389],[12.035383116220368,45.5713214469533],[12.113036078691295,45.61302047119066],[12.161391267196882,45.57428225112217],[12.191749137936604,45.58345556631095],[12.205657564895597,45.54123694574641],[12.24622904551389,45.530485637663844],[12.279743752650507,45.535751653006216],[12.279351573077172,45.567577880947475],[12.335321886805396,45.561833036781074],[12.352364662011071,45.58786927717155],[12.43954813555712,45.5592608226961],[12.437734421355392,45.63967855535608],[12.485652571832086,45.63963797837592],[12.507649535297626,45.688600932313726],[12.575169178496186,45.697158182023564],[12.602457761597199,45.680061707056424],[12.677188690699952,45.705234780004474],[12.670018361148722,45.74548485968663],[12.646582064899137,45.74741769616904],[12.656202122247628,45.79106008263448],[12.779824323092816,45.8544430429545],[12.799943264305483,45.8257335947096]]]}},{"type":"Feature","properties":{"district":"Padova","constituency_code":"IT-PROV-028","province_code":"028","region":"Veneto"},"geometry":{"type":"Polygon","coordinates":[[[11.839833155801234,45.67765740020561],[11.880903055758985,45.66577750466265],[11.898107326593134,45.61309064151577],[11.901094801020834,45.62798360719704],[11.965157478104599,45.60793903890637],[12.015932404125374,45.64605159303329],[12.07415597557131,45.64166365565901],[12.092169966493412,45.59438823194632],[12.035383116220368,45.5713214469533],[12.02602069763671,45.51943497294647],[11.997299281354085,45.518145122092726],[11.976092407724831,45.46108740428389],[12.026969163755076,45.44712041059188],[11.975173734519242,45.39743579820911],[12.034697822894724,45.35731531536499],[12.012302731523558,45.34239470013581],[12.028650519933075,45.317455475803314],[12.084616508024746,45.33214095885648],[12.127524723174902,45.30090794494881],[12.186328261727068,45.30233246492742],[12.195308600648607,45.236752548040236],[12.153703623026237,45.215680700163695],[12.185024364048036,45.19636633090301],[12.123034567915367,45.210369443022564],[11.977809458837473,45.18714579129041],[11.968753694299252,45.133990653006656],[11.863806293205249,45.13311938044991],[11.761249865388537,45.095634426453785],[11.577037772740692,45.12396836796473],[11.468015192964074,45.10882237625342],[11.416905620403895,45.129332737121224],[11.392601457644338,45.259370993618],[11.617699630763992,45.25852620471419],[11.580215374819696,45.297879164563405],[11.619778993215906,45.33025629805326],[11.615699855253293,45.38802181525992],[11.683235188866327,45.42941755469883],[11.706888757251624,45.47597180750309],[11.745448299679689,45.47170236468207],[11.727913809186711,45.52054945997952],[11.758958213862394,45.520415386907146],[11.730166692510883,45.559938800055996],[11.657738217206166,45.540171346940426],[11.674266083621744,45.59187497814188],[11.644661214736841,45.59613362234119],[11.646551682120311,45.63419589590848],[11.706465967443854,45.680309912785184],[11.839833155801234,45.67765740020561]]]}},{"type":"Feature","properties":{"district":"Rovigo","constituency_code":"IT-PROV-029","province_code":"029","region":"Veneto"},"geometry":{"type":"Polygon","coordinates":[[[12.328392685900022,45.14555507368632],[12.357293257287058,45.06487628231668],[12.55182762584855,44.965133835831125],[12.465007783379065,44.84373283040992],[12.394310610841492,44.794440182152364],[12.340533745616673,44.850070066473826],[12.294108689179936,44.860359085606426],[12.276164307454282,44.94328869708906],[12.224971799490568,44.92298071228654],[12.170675923525884,44.94204737649787],[12.142424352724577,44.92790385268739],[12.113134074129734,44.960366557529994],[12.047486837844115,44.97696350229493],[11.806467999433401,44.977161304557846],[11.745630993768959,44.957333807425066],[11.732932454549866,44.92660901639506],[11.600853457853567,44.888988276189785],[11.53413049596765,44.93624590482124],[11.426351588667826,44.930100035432],[11.421912196915693,44.96382999232617],[11.274036951638799,45.01825904663249],[11.265902501690025,45.056223881343804],[11.240440847657673,45.04295374047115],[11.174294900285886,45.06156127792388],[11.205477517918903,45.109491416426735],[11.223890393779131,45.08356929180998],[11.305673509618572,45.09222661498215],[11.402415588036845,45.05300015985568],[11.445809107051323,45.08066814436785],[11.410953784960252,45.132336898405995],[11.492981902618107,45.10307003382836],[11.57255101412509,45.124148354464026],[11.758225744812293,45.09538349698997],[11.926540800851521,45.143301902151144],[12.029124358654604,45.13778020866545],[12.025529585874338,45.11960213372473],[12.1415572762548,45.05562355827866],[12.167806776819946,45.09395639527016],[12.26004399182461,45.113106177117544],[12.334687772334325,45.16377967930408],[12.328392685900022,45.14555507368632]]]}},{"type":"Feature","properties":{"district":"Udine","constituency_code":"IT-PROV-030","province_code":"030","region":"Friuli-Venezia Giulia"},"geometry":{"type":"Polygon","coordinates":[[[12.763349718428437,46.64756738317911],[12.851989488978617,46.60507872644926],[13.084573216683749,46.601713905635286],[13.23737731003115,46.55318602923308],[13.320184829604708,46.55288664899259],[13.372750471519224,46.579359600651166],[13.427267601033702,46.557632267697215],[13.504100249237425,46.566075956770455],[13.518169172553087,46.54729764265842],[13.716972533466372,46.51447518169981],[13.688771633874213,46.43986611046761],[13.597543325332493,46.43925296498067],[13.565438469982773,46.398209932032096],[13.438988458846875,46.3602097571776],[13.439015317169053,46.322278456588236],[13.375547460608264,46.298217703199796],[13.42345238911919,46.20633666153989],[13.48438569618695,46.22455236390667],[13.553270569418151,46.20863275726093],[13.566947540217257,46.18566865354476],[13.663203305373724,46.18011807645518],[13.643894532883717,46.137078843695434],[13.496495426212379,46.058616400078684],[13.464940024476109,45.98481800916344],[13.386654147045968,45.91296550788012],[13.425885224399915,45.8680501107336],[13.41997537854087,45.756883300037515],[13.461113760558138,45.74968685599323],[13.389810068340559,45.723695813977095],[13.23758223658131,45.755228610084785],[13.245795530727987,45.71950290811538],[13.14882088752163,45.69883744166397],[13.10079185165402,45.643391978998736],[13.063373862912064,45.65677057321023],[13.02920606161547,45.736167981898],[13.00830725681547,45.72489211942762],[12.9746078503656,45.87342607703616],[12.921477785118194,45.90427069622602],[12.907355606572292,45.944514283725525],[12.916880944407971,46.07407003566104],[12.96518333524601,46.19490888159319],[12.937667012627415,46.21191000092149],[12.990579028343804,46.27324471051961],[12.953588396286426,46.30043162764989],[12.973555651379904,46.3282491194769],[12.915132010358326,46.346765128587116],[12.882064695147811,46.33041490667111],[12.809145210178173,46.35982795270782],[12.708010242166633,46.32528233130138],[12.67823815236325,46.34762168751159],[12.610016644709894,46.34349834234889],[12.585858730554126,46.36766986817052],[12.535576199485616,46.3631854053071],[12.494512772085328,46.41803277530118],[12.53084212515798,46.46493322700705],[12.662362595595065,46.46796758581841],[12.630021093797,46.500706645639404],[12.628733455860512,46.56059504447584],[12.763349718428437,46.64756738317911]]]}},{"type":"Feature","properties":{"district":"Gorizia","constituency_code":"IT-PROV-031","province_code":"031","region":"Friuli-Venezia Giulia"},"geometry":{"type":"Polygon","coordinates":[[[13.536229668503582,45.78426858195685],[13.54703127579708,45.78625608921058],[13.520736449411173,45.75709149036365],[13.552838726381273,45.724120087842586],[13.461080208768717,45.71120908727974],[13.424270301072777,45.67723647576726],[13.243210235990592,45.72244805341921],[13.243761677661727,45.75697462590654],[13.389810068340559,45.723695813977095],[13.461113760558138,45.74968685599323],[13.41997537854087,45.756883300037515],[13.425885224399915,45.8680501107336],[13.386654147045968,45.91296550788012],[13.496965098072884,46.05135639279839],[13.476190265265922,46.006253853615924],[13.527810233360322,45.96705968959032],[13.59054147949393,45.989773433707896],[13.642886193329327,45.98300061785233],[13.572733345071889,45.847552270849924],[13.59628899634223,45.80793968179405],[13.578821683148071,45.7803015912509],[13.556470614098853,45.78356888555775],[13.541761390897983,45.80038527036923],[13.5334515203455,45.80472608497555],[13.548147750864045,45.79024267252593],[13.536229668503582,45.78426858195685]]]}},{"type":"Feature","properties":{"district":"Trieste","constituency_code":"IT-PROV-032","province_code":"032","region":"Friuli-Venezia Giulia"},"geometry":{"type":"MultiPolygon","coordinates":[[[[13.69629936939768,45.72087856615657],[13.696336067671753,45.720884985547315],[13.696327647340075,45.72085611791136],[13.69629936939768,45.72087856615657]]],[[[13.696336067671753,45.720884985547315],[13.581288173726842,45.780522059509245],[13.583443850440002,45.80105313769943],[13.669400439353945,45.79963994511763],[13.793021312046841,45.74438905801177],[13.918066021164107,45.6311428066828],[13.84224458244542,45.58312558860407],[13.722935886040744,45.59470786856904],[13.80890628629907,45.60673876771276],[13.744239172906854,45.6391295984969],[13.75504781813272,45.64935019670838],[13.769104467859098,45.65299229024137],[13.753823185906915,45.67970051911244],[13.696336067671753,45.720884985547315]]],[[[13.783213513081414,45.61344520117664],[13.783081934921016,45.61341504242884],[13.783601988171984,45.61356524313565],[13.783464663280725,45.613515020141634],[13.783213513081414,45.61344520117664]]],[[[13.780444270347083,45.61214651064463],[13.780641137796094,45.61184495032409],[13.780611970770003,45.611809925949885],[13.780586582207953,45.61184489191133],[13.780444270347083,45.61214651064463]]],[[[13.78021287279123,45.61249532365809],[13.780262706627184,45.61251067332706],[13.78026440458456,45.612464609168995],[13.78021963255046,45.612456767003685],[13.78021287279123,45.61249532365809]]],[[[13.779655829333098,45.611859249061006],[13.779659969157287,45.61190037044404],[13.779700219433415,45.61183169954139],[13.779662713284575,45.61183198428037],[13.779655829333098,45.611859249061006]]],[[[13.778216200015825,45.61139470835617],[13.778249321189191,45.61141992682229],[13.778285504110174,45.61138857758015],[13.778222744262441,45.611359873129246],[13.778216200015825,45.61139470835617]]],[[[13.777919040524097,45.611322120305445],[13.777954374436522,45.61133239430355],[13.777990102717986,45.61130088598237],[13.77792973120857,45.61126943746742],[13.777919040524097,45.611322120305445]]],[[[13.777337807243814,45.611191710554415],[13.777397351562197,45.61113549114937],[13.777355570841387,45.6111092320539],[13.777291615438179,45.61124037328434],[13.777337807243814,45.611191710554415]]],[[[13.777185060993016,45.61137954983223],[13.77724949933445,45.6113977498097],[13.777276127259686,45.61127367319744],[13.777224794523661,45.61132866439144],[13.777185060993016,45.61137954983223]]],[[[13.776974664906211,45.6112415075304],[13.776996250839906,45.61116751135086],[13.77688927032844,45.611288709414396],[13.776953528506095,45.611307688550525],[13.776974664906211,45.6112415075304]]],[[[13.776996250839906,45.61116751135086],[13.777074882390714,45.61108326397722],[13.777105228482174,45.61104258201609],[13.777038630033937,45.611024283459784],[13.776996250839906,45.61116751135086]]],[[[13.776780199207954,45.61350769477499],[13.776989600784997,45.613193359821935],[13.77698751628483,45.61315407765294],[13.776945101040107,45.613168204716544],[13.776780199207954,45.61350769477499]]],[[[13.77668433623024,45.613682406757896],[13.776741019576496,45.61356319627702],[13.776535728902832,45.61389849970838],[13.776574134016457,45.61388006254851],[13.77668433623024,45.613682406757896]]],[[[13.776458044365237,45.61102178316895],[13.776508717991074,45.61101074611034],[13.776496421605994,45.61098125719081],[13.776456470977077,45.61099195378493],[13.776458044365237,45.61102178316895]]],[[[13.775379059466783,45.610680975552555],[13.775815773653765,45.61083012270288],[13.775864165213632,45.61082331870608],[13.77584243144065,45.610797004872616],[13.775379059466783,45.610680975552555]]],[[[13.775340340103801,45.61071223930454],[13.775380251559701,45.610651262526716],[13.775261883678423,45.610604897297534],[13.77522583835921,45.610702823983026],[13.775340340103801,45.61071223930454]]],[[[13.774541320024543,45.612738786807355],[13.774589930387348,45.61275103244551],[13.774599150391065,45.61272411929897],[13.77455058108334,45.612710636921165],[13.774541320024543,45.612738786807355]]],[[[13.774466111274096,45.6127026164315],[13.774396733663766,45.612694333638125],[13.774368460805263,45.61271826870059],[13.77447079541722,45.612736804640996],[13.774466111274096,45.6127026164315]]],[[[13.774342255772051,45.612918928971254],[13.774302992222493,45.61290821084687],[13.774247921493142,45.61293056612053],[13.774352849096386,45.612955064251175],[13.774342255772051,45.612918928971254]]],[[[13.77409423286866,45.612642095065844],[13.774162832362526,45.61264791088459],[13.774173063847067,45.61261987340822],[13.774103532781758,45.612603359471215],[13.77409423286866,45.612642095065844]]],[[[13.774020613615091,45.61284092100377],[13.77404767848127,45.612773911614234],[13.773963057218355,45.61287745520483],[13.774020613615091,45.61284092100377]]],[[[13.77344302839303,45.6126658560365],[13.773433842972139,45.612724346260464],[13.77347658263925,45.612568496950246],[13.77344302839303,45.6126658560365]]],[[[13.77347658263925,45.612568496950246],[13.773575564904018,45.612456555034434],[13.773517813135578,45.612429700507455],[13.773494290490856,45.6124800434237],[13.77347658263925,45.612568496950246]]],[[[13.773288620533261,45.61235587941686],[13.77320353325297,45.61234802517375],[13.773183063446066,45.61248045116818],[13.773296662175392,45.61238826176017],[13.773288620533261,45.61235587941686]]],[[[13.77310713615046,45.61232279607145],[13.773153632014202,45.61230591158217],[13.77311710652644,45.612295543765754],[13.77310713615046,45.61232279607145]]],[[[13.773141102683924,45.6125739215534],[13.773166550432727,45.612504324616566],[13.77306352152653,45.61260006077271],[13.773141102683924,45.6125739215534]]],[[[13.771477996119934,45.612008205958006],[13.771532476640449,45.612015422788566],[13.771517567118448,45.6119814338986],[13.771477996119934,45.612008205958006]]],[[[13.771532476640449,45.612015422788566],[13.772675540171525,45.61237237281708],[13.77270832004786,45.612330054450105],[13.772014799739415,45.61212272861633],[13.771532476640449,45.612015422788566]]],[[[13.758195096864547,45.663135587076724],[13.76200673985908,45.6566001149752],[13.761992872166706,45.6561781967874],[13.75697380173142,45.664143395891415],[13.758195096864547,45.663135587076724]]],[[[13.756199302079118,45.67286014923513],[13.756244209422704,45.6726517535622],[13.756255990334337,45.672580191674164],[13.756179619584946,45.67294121255079],[13.756199302079118,45.67286014923513]]],[[[13.736626957026868,45.626794057245895],[13.737253189853995,45.62409775158928],[13.738847094624274,45.617225672307306],[13.735427216564744,45.6314301033521],[13.735580205509217,45.631450151651904],[13.736626957026868,45.626794057245895]]],[[[13.738114298852436,45.64301040089312],[13.738218416319972,45.64302294990944],[13.73929264498728,45.63861491020059],[13.739192988281243,45.638604015738885],[13.738114298852436,45.64301040089312]]],[[[13.736769899297649,45.63722984037159],[13.736870137340764,45.63724026901782],[13.737810251618752,45.632784529460125],[13.736769899297649,45.63722984037159]]],[[[13.722469997526346,45.70047127966044],[13.722917080209951,45.70024243590444],[13.722945527434081,45.700189019340456],[13.72231977155371,45.70050375901594],[13.722469997526346,45.70047127966044]]],[[[13.720057300300345,45.700962507264336],[13.720109827729194,45.700907158153704],[13.72001359744072,45.70087133787076],[13.720009491341004,45.70090356608142],[13.720057300300345,45.700962507264336]]]]}},{"type":"Feature","properties":{"district":"Piacenza","constituency_code":"IT-PROV-033","province_code":"033","region":"Emilia-Romagna"},"geometry":{"type":"MultiPolygon","coordinates":[[[[9.917407309995538,45.09962939192892],[9.986856967832356,45.132995672780254],[10.050223560763337,45.0412790327166],[10.08347462028786,45.04396379855577],[9.994162526851849,44.95520547700867],[10.012340515003773,44.88790002415046],[9.986681651831894,44.84556288071905],[9.882167045225819,44.80366699124501],[9.880661331275645,44.76868711607423],[9.819752762716409,44.761677747993396],[9.765156410983058,44.68134207274614],[9.702011405526754,44.67138146963288],[9.675212223867602,44.68761676806967],[9.493338442500045,44.55587663431659],[9.423076555092834,44.57461222938436],[9.40562891644754,44.600806804417466],[9.343003443163003,44.57769707308369],[9.300410236231883,44.607777371540536],[9.272230468242673,44.59591521977976],[9.245502619879245,44.619647809742226],[9.200421715607032,44.61533362070382],[9.199464236182887,44.6850184593716],[9.237087747886246,44.68511759036368],[9.235083640574839,44.716359822233024],[9.259475763897978,44.67994657725869],[9.325736533792039,44.69209203606948],[9.308480638551615,44.70563445489585],[9.332580785900287,44.73504034629492],[9.286974935082336,44.772496361822206],[9.363098230357854,44.822403832101],[9.34167517503858,44.869811982829184],[9.277409517757771,44.89560889043513],[9.285027555055283,44.93176624979747],[9.32182210981925,44.944100185306866],[9.410777727058003,45.08275457704634],[9.499286054793085,45.10391966418932],[9.533417558781384,45.07890262312164],[9.5486612995542,45.13265151544107],[9.587446994773499,45.09962498536477],[9.629351604110386,45.1320328238696],[9.634935511215316,45.08397790156438],[9.714994984139024,45.05823681784932],[9.750371874117606,45.079046934079315],[9.747359341714914,45.11303914677003],[9.823758644601325,45.05259059587345],[9.838357325237196,45.09564620862593],[9.89677273770061,45.08053862337133],[9.875421000578758,45.12170704507261],[9.913690845407931,45.139131529275765],[9.917407309995538,45.09962939192892]]],[[[9.300224283872353,44.69246735233444],[9.298939782791113,44.69372282573007],[9.304203014742617,44.69655518960871],[9.304121761026144,44.69369829462946],[9.300224283872353,44.69246735233444]]],[[[9.295342585455167,44.70494899166423],[9.302600804937116,44.70326456000107],[9.2898624586868,44.70082196748769],[9.291065957725491,44.70421278405212],[9.295342585455167,44.70494899166423]]]]}},{"type":"Feature","properties":{"district":"Parma","constituency_code":"IT-PROV-034","province_code":"034","region":"Emilia-Romagna"},"geometry":{"type":"Polygon","coordinates":[[[10.187295907123195,45.02821575093445],[10.355284571501493,44.9661590116664],[10.407996480423476,44.983835268068475],[10.435668369655696,44.94313646749744],[10.504315225777583,44.92242759553664],[10.463730203733189,44.897773743012856],[10.423515125479165,44.798201573186404],[10.44733704549746,44.71933078488911],[10.40160063018973,44.56292672981507],[10.342456581207568,44.525718676959094],[10.33160660165781,44.484802888704934],[10.255427835492723,44.45229294218373],[10.142034720176667,44.353867630874],[10.098985736386226,44.346167527475785],[9.996669916733305,44.39712775519943],[10.001018017274026,44.44324680296033],[9.930920313347059,44.47176603344231],[9.819936680436202,44.4664228980177],[9.76047515792352,44.390049897784124],[9.68670044097761,44.36593956001331],[9.601487815122956,44.436758906011285],[9.479034340851797,44.40925851409877],[9.43839369662424,44.41854154672053],[9.468873091813933,44.48188067434655],[9.49680342352408,44.48273039556093],[9.493338442500045,44.55587663431659],[9.675212223867602,44.68761676806967],[9.702011405526754,44.67138146963288],[9.765156410983058,44.68134207274614],[9.819752762716409,44.761677747993396],[9.880661331275645,44.76868711607423],[9.882167045225819,44.80366699124501],[9.986681651831894,44.84556288071905],[10.012340515003773,44.88790002415046],[9.987408776987488,44.93593178218157],[10.045459462114536,45.029247200890055],[10.08347462028786,45.04396379855577],[10.106190803722411,45.02213035147072],[10.163073926847172,45.04442072527565],[10.187295907123195,45.02821575093445]]]}},{"type":"Feature","properties":{"district":"Reggio nell'Emilia","constituency_code":"IT-PROV-035","province_code":"035","region":"Emilia-Romagna"},"geometry":{"type":"Polygon","coordinates":[[[10.729222005113831,44.98726495297821],[10.743719806783362,44.94907684693541],[10.897990941718502,44.92180546321724],[10.814991914174461,44.80722610908523],[10.842042328739229,44.79553861298452],[10.76672862075432,44.54268275819566],[10.657557422658968,44.45836320439032],[10.614243531404941,44.374754466613],[10.528029690627903,44.35088586503526],[10.480732354525301,44.23163533905014],[10.430263419765906,44.227434887576976],[10.307116001453693,44.28432390504035],[10.253856655416136,44.268580682322614],[10.145680920159057,44.36606595677588],[10.32557976238781,44.4800836186625],[10.342456581207568,44.525718676959094],[10.400825487643779,44.56158586960842],[10.44733704549746,44.71933078488911],[10.423515125479165,44.798201573186404],[10.463730203733189,44.897773743012856],[10.504315225777583,44.92242759553664],[10.56855839904701,44.90831389533843],[10.627881408168973,44.9242017880988],[10.686679987241872,44.986592631738915],[10.693636973174035,44.9619114796112],[10.729222005113831,44.98726495297821]]]}},{"type":"Feature","properties":{"district":"Modena","constituency_code":"IT-PROV-036","province_code":"036","region":"Emilia-Romagna"},"geometry":{"type":"MultiPolygon","coordinates":[[[[11.094452541907701,44.9581602181171],[11.152435618150681,44.933244537031115],[11.246205673440867,44.951438570140034],[11.234743526358988,44.905975723999084],[11.341128637054043,44.87259426787647],[11.367032348956485,44.83827395129134],[11.293347279548696,44.80280763639061],[11.129890208461752,44.782919197563395],[11.078091079902562,44.647029845230506],[11.127792782197663,44.63135592910031],[11.152454867873956,44.58661985078686],[11.108151673432335,44.52467020660854],[11.05614262350121,44.534069230860304],[11.050560754869382,44.47070068474742],[10.990396879923468,44.440969177094765],[11.048166589017011,44.41610731918017],[11.02235401207733,44.37331967014602],[11.040149797860316,44.331080389439954],[11.007866310037837,44.29693476253521],[10.949906783210347,44.29315874033504],[10.973720819220619,44.27698109625638],[10.957159480820437,44.22610607839796],[10.907243223040956,44.20543402636508],[10.850282845460004,44.22782142167339],[10.814365211104436,44.115990394829716],[10.754259880275896,44.15414820609149],[10.64398072174618,44.160092321033815],[10.62405584293479,44.12036609292178],[10.593103756892818,44.11541513357501],[10.470129661195639,44.226055399224435],[10.516001548859533,44.28218331221366],[10.527693305372273,44.35049424787181],[10.614243531404941,44.374754466613],[10.657557422658968,44.45836320439032],[10.76672862075432,44.54268275819566],[10.842042328739229,44.79553861298452],[10.814991914174461,44.80722610908523],[10.850068379907967,44.86651889132645],[10.878310385763715,44.86774815607044],[10.887885672578818,44.91427123152312],[10.997472240126344,44.95508684100706],[11.094452541907701,44.9581602181171]]],[[[10.48080270399104,44.18949128367593],[10.480644487700483,44.19016856249563],[10.481801595896687,44.19040564282349],[10.481686644727503,44.18981292915044],[10.48080270399104,44.18949128367593]]]]}},{"type":"Feature","properties":{"district":"Bologna","constituency_code":"IT-PROV-037","province_code":"037","region":"Emilia-Romagna"},"geometry":{"type":"Polygon","coordinates":[[[11.290336788165686,44.80026550053594],[11.246083080217618,44.758382531406944],[11.27310365286868,44.75044068957658],[11.253154049793679,44.71632207997812],[11.275433847197284,44.70557785848614],[11.383305839639176,44.78022285253699],[11.592726665571305,44.71169760505091],[11.673999744557849,44.63226127672093],[11.72387495274263,44.63671103324034],[11.728036402782655,44.65421896769656],[11.801288939440651,44.62901478805423],[11.785623608200307,44.58504550402801],[11.745584684291725,44.579959447343875],[11.789677237672457,44.565759640528924],[11.778688434078967,44.50351639446131],[11.749772767948697,44.49756928542469],[11.796705815708956,44.485693393049694],[11.781334448444804,44.43626721439625],[11.836211437657795,44.412608360413856],[11.732971992768151,44.30607388465432],[11.696115899396455,44.28868388506742],[11.672782385932528,44.3154755392541],[11.627023298742364,44.247779373856964],[11.55544122536076,44.22317000969989],[11.56167682280353,44.18549324834234],[11.535634869875903,44.190389466178424],[11.522369227266708,44.155360959499916],[11.421064885762284,44.23924426316435],[11.280713647040614,44.155339213885696],[11.195730592915615,44.15141455015063],[11.260226115737332,44.11584190677513],[11.248036187479881,44.09757228409385],[11.159202378333184,44.11242201278916],[11.049427120759864,44.090246064537375],[11.00200901218024,44.11089248680431],[11.006952842284123,44.13854570725584],[10.9026987954293,44.06377074187023],[10.90280223855685,44.08608783197786],[10.81503691726906,44.11562143330363],[10.808859356791272,44.15484950340903],[10.850882855858377,44.22818982602101],[10.907243223040956,44.20543402636508],[10.957055041492438,44.22602403057621],[10.973720819220619,44.27698109625638],[10.949906783210347,44.29315874033504],[11.007866310037837,44.29693476253521],[11.040130841116898,44.33101967086239],[11.02235401207733,44.37331967014602],[11.048166589017011,44.41610731918017],[10.990232250090967,44.44058493632056],[11.050560754869382,44.47070068474742],[11.05614262350121,44.534069230860304],[11.108151673432335,44.52467020660854],[11.152454867873956,44.58661985078686],[11.127792782197663,44.63135592910031],[11.078091079902562,44.647029845230506],[11.129890208461752,44.782919197563395],[11.290336788165686,44.80026550053594]]]}},{"type":"Feature","properties":{"district":"Ferrara","constituency_code":"IT-PROV-038","province_code":"038","region":"Emilia-Romagna"},"geometry":{"type":"Polygon","coordinates":[[[12.015454362679707,44.97655581856804],[12.091563577654206,44.970207030855185],[12.142424352724577,44.92790385268739],[12.280868801703987,44.941767194358476],[12.294108689179936,44.860359085606426],[12.340533745616673,44.850070066473826],[12.398107692611488,44.792777476324275],[12.308545434745549,44.801081550828016],[12.33974792770114,44.81745709595686],[12.308601314217766,44.84230957979262],[12.266131236056358,44.82335054920352],[12.286070542244314,44.81721631513028],[12.240177818808007,44.69176335636359],[12.269579887106708,44.62980481940855],[12.153781130578484,44.54845202314361],[12.059542750708445,44.54850624563845],[12.002196519302286,44.600202572401265],[11.789194764571706,44.55434326549092],[11.745584684291725,44.579959447343875],[11.785623608200307,44.58504550402801],[11.790755894354618,44.63615453936054],[11.728036402782655,44.65421896769656],[11.72387495274263,44.63671103324034],[11.673999744557849,44.63226127672093],[11.592726665571305,44.71169760505091],[11.383305839639176,44.78022285253699],[11.275433847197284,44.70557785848614],[11.253154049793679,44.71632207997812],[11.27310365286868,44.75044068957658],[11.246083080217618,44.758382531406944],[11.311609341024853,44.827494397532405],[11.3685920507607,44.842679616585116],[11.341128637054043,44.87259426787647],[11.234743526358988,44.905975723999084],[11.246205673440867,44.951438570140034],[11.272257155426859,44.938322646056385],[11.304329984500477,44.96224937087662],[11.426313451402402,44.952104699449876],[11.429373417782754,44.9290455413346],[11.53413049596765,44.93624590482124],[11.619590283095068,44.88806465327304],[11.802577777301044,44.97648275474666],[12.015454362679707,44.97655581856804]]]}},{"type":"Feature","properties":{"district":"Ravenna","constituency_code":"IT-PROV-039","province_code":"039","region":"Emilia-Romagna"},"geometry":{"type":"Polygon","coordinates":[[[12.273219103636913,44.62348718622016],[12.289264764261414,44.46305700313111],[12.383523723742078,44.2244940590343],[12.349336073139009,44.190732310280566],[12.2802412240428,44.23318921861086],[12.207540052743532,44.220342081781645],[12.208819507972411,44.255605599040614],[12.171240833189836,44.24424261518288],[12.103246702541004,44.271975317680145],[12.035587233645506,44.33080881534962],[11.975862453078276,44.25569715923984],[11.926247743234,44.24098218043952],[11.888610151323938,44.170656895770364],[11.829380093211164,44.19896882551943],[11.778086288595196,44.18094468228536],[11.77138613957527,44.19887013056132],[11.728612690735902,44.17183871776581],[11.715885193360016,44.122557294649276],[11.652556279914002,44.10115505427081],[11.584574201726115,44.112205149713915],[11.615364483675684,44.15825437587132],[11.524947064424829,44.15766302733815],[11.535634869875903,44.190389466178424],[11.56167682280353,44.18549324834234],[11.551362049417406,44.2192730023047],[11.627023298742364,44.247779373856964],[11.672782385932528,44.3154755392541],[11.696115899396455,44.28868388506742],[11.732971992768151,44.30607388465432],[11.836211437657795,44.412608360413856],[11.781334448444804,44.43626721439625],[11.796705815708956,44.485693393049694],[11.749772767948697,44.49756928542469],[11.778688434078967,44.50351639446131],[11.789194764571706,44.55434326549092],[12.002196519302286,44.600202572401265],[12.059542750708445,44.54850624563845],[12.15228127941143,44.54823666655279],[12.237084035996876,44.620585949661084],[12.273219103636913,44.62348718622016]]]}},{"type":"Feature","properties":{"district":"Forli'-Cesena","constituency_code":"IT-PROV-040","province_code":"040","region":"Emilia-Romagna"},"geometry":{"type":"Polygon","coordinates":[[[12.073638267074566,44.299091359229415],[12.171240833189836,44.24424261518288],[12.208819507972411,44.255605599040614],[12.226246859942583,44.21412035505037],[12.2802412240428,44.23318921861086],[12.349336073139009,44.190732310280566],[12.383523723742078,44.2244940590343],[12.450616458880399,44.16222389509503],[12.428720412136625,44.147344625936555],[12.45508779783502,44.10311994904484],[12.364997081028681,44.061383498991326],[12.385725966818836,44.00978730967439],[12.294761950430733,43.92818959582701],[12.219088171735372,43.908056343765175],[12.15949760599005,43.921747357290734],[12.149468122926699,43.833294538571735],[12.077060623579952,43.740654251081395],[11.953380466385578,43.776088692441554],[11.90974763217847,43.81271909990676],[11.841674547671188,43.80802426023469],[11.732021554276123,43.86338505387152],[11.717031646118883,43.92181760189713],[11.645549044363664,43.98984931091538],[11.748876924115264,44.104141409329095],[11.748483275119709,44.124740585828974],[11.715885193360016,44.122557294649276],[11.752838661612541,44.193485103084306],[11.780813435561035,44.18041012434496],[11.829380093211164,44.19896882551943],[11.888610151323938,44.170656895770364],[11.925744389403848,44.24042790676144],[11.975862453078276,44.25569715923984],[12.029184851210573,44.32811411959876],[12.073638267074566,44.299091359229415]]]}},{"type":"Feature","properties":{"district":"Pesaro e Urbino","constituency_code":"IT-PROV-041","province_code":"041","region":"Marche"},"geometry":{"type":"MultiPolygon","coordinates":[[[[12.76833717175971,43.9659395642774],[12.907332209037735,43.923002444232786],[13.172434124047305,43.75021293080051],[13.062640130806894,43.723342645553764],[13.069762703493524,43.6930395290222],[12.986210075488296,43.65538548204954],[12.960505737167773,43.597108264533276],[12.805869098126239,43.504059262649356],[12.799148936558534,43.478880593075154],[12.73197796534988,43.46184241729095],[12.708857816840636,43.424682903937914],[12.663176584253273,43.43683081685893],[12.619402618158453,43.41657354062907],[12.499814721812225,43.521458044933425],[12.459217037561759,43.51646473777758],[12.437366507460089,43.53855359607754],[12.394824441907907,43.50883959880709],[12.36673650826682,43.53408592528067],[12.33179590082507,43.5245006744029],[12.314534594100962,43.548172618803925],[12.370292604493876,43.57940145350428],[12.371298447705195,43.61116522796489],[12.29953990438428,43.58587331801617],[12.225280414040368,43.593915558548076],[12.18550849208211,43.64182830139047],[12.245070685987862,43.6814763287796],[12.297210780219308,43.68595025815958],[12.308318843619748,43.730176823529234],[12.315718919704844,43.67791909987375],[12.33604751880842,43.67764207128321],[12.330488886867018,43.70796511789143],[12.37010198320304,43.70727537335638],[12.283410998128124,43.763275772393364],[12.282772216515244,43.78969586869343],[12.39248592753318,43.896563879217524],[12.40060855213557,43.87277484919182],[12.430168795513211,43.871683270105684],[12.418688573658649,43.900657176033015],[12.487404303904652,43.89646930815672],[12.493945291936122,43.91556480109182],[12.535864653019285,43.89722224170278],[12.541692218207226,43.86402776231619],[12.589492255946153,43.88564495717427],[12.623274686801508,43.821151720098435],[12.67256744123402,43.82356450188958],[12.682295027202187,43.85279664766122],[12.733992513281947,43.87025897436868],[12.72790757446748,43.9241824455169],[12.76833717175971,43.9659395642774]],[[12.428819744399481,43.59136672291911],[12.430628736292487,43.60640433739029],[12.417205707670682,43.608575228070244],[12.407804692046382,43.60213604757532],[12.428819744399481,43.59136672291911]]],[[[13.091944354210149,43.723819273195105],[13.101230284630889,43.722189482717866],[13.100936532652062,43.720115883291896],[13.091205513936423,43.71726018681673],[13.091944354210149,43.723819273195105]]],[[[13.08355214611391,43.710219518370565],[13.078214201528038,43.7127601650002],[13.085564303771875,43.718677693078845],[13.090290153823874,43.71534838812438],[13.08355214611391,43.710219518370565]]]]}},{"type":"Feature","properties":{"district":"Ancona","constituency_code":"IT-PROV-042","province_code":"042","region":"Marche"},"geometry":{"type":"Polygon","coordinates":[[[13.211554791564641,43.72501273258493],[13.43729029661911,43.61509236187184],[13.531507832820338,43.619606103746406],[13.62701834580039,43.54840979095081],[13.642060166207875,43.474138877708356],[13.60159173197101,43.45802030690537],[13.657409771080573,43.43191189319038],[13.616269108032586,43.417176249244484],[13.582287156433164,43.42677442604907],[13.595703573474575,43.44654956326472],[13.447434795023772,43.44488466472374],[13.336182118824286,43.391448151298725],[13.285568759512323,43.42522111352028],[13.280771269605543,43.46118332892126],[13.244370017644215,43.45938724344851],[13.206194666722048,43.41606906471603],[13.091823041838301,43.435882224508546],[13.015606076808869,43.31046012987692],[12.955250271040546,43.27838793097572],[12.903049226760375,43.28089959808965],[12.881360172659406,43.26589192778034],[12.896363938424216,43.22838184541721],[12.850578712640749,43.20993557980255],[12.74904507307542,43.37881330736103],[12.779661713208172,43.41420436599311],[12.769762585891481,43.46630026557793],[12.960505737167773,43.597108264533276],[12.986210075488296,43.65538548204954],[13.071233887207212,43.69479212660678],[13.062640130806894,43.723342645553764],[13.172434124047305,43.75021293080051],[13.211554791564641,43.72501273258493]],[[13.087380740200574,43.72019714258273],[13.097652843659816,43.71806416750271],[13.101230284630889,43.722189482717866],[13.091944354210149,43.723819273195105],[13.087380740200574,43.72019714258273]],[[13.08571266811772,43.71857785030083],[13.078214201528038,43.7127601650002],[13.083077950714166,43.7099078828068],[13.090290153823874,43.71534838812438],[13.08571266811772,43.71857785030083]]]}},{"type":"Feature","properties":{"district":"Macerata","constituency_code":"IT-PROV-043","province_code":"043","region":"Marche"},"geometry":{"type":"Polygon","coordinates":[[[13.63863181374952,43.47420629103962],[13.667736127172779,43.430175527993654],[13.709626099219737,43.33724786937003],[13.742854577608577,43.294083364072875],[13.607673339028658,43.2713994732552],[13.592947950822614,43.20920705507206],[13.52110626325797,43.209207366410126],[13.519326001414774,43.174445487201154],[13.442878044008587,43.1490368190663],[13.433753756009356,43.085154702025065],[13.483822432142864,43.0802783927051],[13.459718878335732,43.02041996920812],[13.39628873324025,43.009822139270916],[13.370903449349148,43.042107047428715],[13.222878065303954,42.95772107237863],[13.241799731063653,42.892200667222916],[13.211834022481456,42.8415169129807],[13.155612521106102,42.83403475108777],[13.05441038269671,42.92018354029786],[13.000835884773627,42.908388548936294],[12.97615279123122,42.86980418422042],[12.976700462676853,42.92609587038948],[12.895822070507808,42.96459201507461],[12.89732769445123,43.09348461860772],[12.829691804195043,43.14525035838419],[12.896363938424216,43.22838184541721],[12.88291633023389,43.26788729230966],[13.015606076808869,43.31046012987692],[13.091823041838301,43.435882224508546],[13.206194666722048,43.41606906471603],[13.244370017644215,43.45938724344851],[13.280771269605543,43.46118332892126],[13.285568759512323,43.42522111352028],[13.336182118824286,43.391448151298725],[13.447434795023772,43.44488466472374],[13.595703573474575,43.44654956326472],[13.588049405395566,43.41963327460516],[13.626125156927515,43.418276051289105],[13.655611474125136,43.4472943714936],[13.601506910833988,43.459099553540554],[13.63863181374952,43.47420629103962]]]}},{"type":"Feature","properties":{"district":"Ascoli Piceno","constituency_code":"IT-PROV-044","province_code":"044","region":"Marche"},"geometry":{"type":"Polygon","coordinates":[[[13.786630151366314,43.07104275266241],[13.849498524091622,43.06667681796761],[13.91672471812786,42.89458473057999],[13.72247755721945,42.8553497679934],[13.663599828889641,42.80712737371001],[13.534478511962407,42.816644498519274],[13.493443721883319,42.73661538541584],[13.44798737333518,42.732217150816695],[13.437565870855503,42.699197469137694],[13.392599793831966,42.687382980077],[13.28627659739963,42.740406406218284],[13.254152827424756,42.721450242494235],[13.187699844434702,42.73356700340921],[13.217192528910864,42.771856240099034],[13.24135665118756,42.76280059623937],[13.264029084760985,42.80824368457583],[13.231325825598955,42.87509991336834],[13.260076130595088,42.90806443197684],[13.328509481847965,42.92154093697382],[13.376829756581811,42.89037661502337],[13.41020179053322,42.92703290653334],[13.398136462967658,42.97177568195305],[13.555768837140521,42.9882876126967],[13.643239287588996,43.037823882939044],[13.786630151366314,43.07104275266241]]]}},{"type":"Feature","properties":{"district":"Massa Carrara","constituency_code":"IT-PROV-045","province_code":"045","region":"Toscana"},"geometry":{"type":"Polygon","coordinates":[[[9.905625982950452,44.46925960197862],[9.97071271514622,44.464439662828916],[10.006937082410124,44.43173429955236],[9.996669916733305,44.39712775519943],[10.098272846801628,44.346293307102776],[10.146281028859615,44.35213255434489],[10.253856655416136,44.268580682322614],[10.1867743130525,44.20620882765402],[10.186468534786638,44.1237389335635],[10.232590521727923,44.10865189628095],[10.239108278483544,44.071627638560145],[10.143143815938007,43.975633186756745],[10.01877294100578,44.044476882594516],[10.07091048566134,44.09308137362235],[10.058151982921459,44.10805109314284],[10.018226982954888,44.11933708521107],[9.983451599368678,44.098878076548516],[9.974028983922862,44.16692836877231],[9.89295305729716,44.16650153373906],[9.934010403606068,44.196622125031304],[9.90785105860322,44.21004017416902],[9.864956777015854,44.18070781793441],[9.852656940491675,44.270205117910066],[9.68670044097761,44.36593956001331],[9.76047515792352,44.390049897784124],[9.819936680436202,44.4664228980177],[9.905625982950452,44.46925960197862]]]}},{"type":"Feature","properties":{"district":"Lucca","constituency_code":"IT-PROV-046","province_code":"046","region":"Toscana"},"geometry":{"type":"Polygon","coordinates":[[[10.30810103348901,44.28409656369116],[10.488393268313402,44.22086719462058],[10.52512166064199,44.156235937135676],[10.58552811190562,44.11859061910197],[10.722322292404789,44.08297396978746],[10.737797516623024,44.02493894871344],[10.67133215579536,43.981103410338996],[10.647719332910444,43.90935366563519],[10.650829491554685,43.869953891113944],[10.678372155052283,43.87552533897518],[10.721116930305906,43.83109633879708],[10.711089050367685,43.78635067409872],[10.661628565115757,43.806158695290804],[10.622712100385105,43.75669219645776],[10.553971973886416,43.74974859602539],[10.45327672518014,43.765363131846016],[10.425150862923964,43.834964314628834],[10.380005343042004,43.81251427570877],[10.30705099567383,43.82943902484978],[10.25788473777092,43.81569534024864],[10.236002238303637,43.876168176644484],[10.143143815938007,43.975633186756745],[10.243191816818722,44.08460196201984],[10.186468534786638,44.1237389335635],[10.1867743130525,44.20620882765402],[10.253856655416136,44.268580682322614],[10.30810103348901,44.28409656369116]],[[10.48041493855441,44.1894963103697],[10.481686644727503,44.18981292915044],[10.481801595896687,44.19040564282349],[10.480644487700483,44.19016856249563],[10.48041493855441,44.1894963103697]]]}},{"type":"Feature","properties":{"district":"Pistoia","constituency_code":"IT-PROV-047","province_code":"047","region":"Toscana"},"geometry":{"type":"Polygon","coordinates":[[[10.647918361779903,44.15553404200544],[10.754259880275896,44.15414820609149],[10.892075310204154,44.092433197847114],[10.912006022352564,44.06238187025398],[11.01430906249372,44.137487319451154],[11.00200901218024,44.11089248680431],[11.054471342271633,44.07153998222481],[11.014333095478094,43.99573846481602],[11.071477926804057,43.982886515141765],[11.020576046427884,43.920422102672866],[11.030296175774666,43.83885000797707],[10.81272862868067,43.78883041151876],[10.81567034450004,43.80870857916688],[10.72775508174845,43.81416852067086],[10.678372155052283,43.87552533897518],[10.650829491554685,43.869953891113944],[10.67133215579536,43.981103410338996],[10.737797516623024,44.02493894871344],[10.722322292404789,44.08297396978746],[10.62405584293479,44.12036609292178],[10.647918361779903,44.15553404200544]]]}},{"type":"Feature","properties":{"district":"Firenze","constituency_code":"IT-PROV-048","province_code":"048","region":"Toscana"},"geometry":{"type":"Polygon","coordinates":[[[11.44762699688473,44.19948528761208],[11.522369227266708,44.155360959499916],[11.615364483675684,44.15825437587132],[11.584574201726115,44.112205149713915],[11.652556279914002,44.10115505427081],[11.678806492397085,44.12291267139822],[11.752882570009971,44.120988401370006],[11.645549044363664,43.98984931091538],[11.717607913694446,43.9199762458264],[11.710534356656504,43.8777663180769],[11.630213529362496,43.84674213997483],[11.582945561776922,43.76810623365028],[11.572051455416295,43.73340888614126],[11.609740742085554,43.68634819103998],[11.483917650130735,43.626128461798366],[11.51983777345848,43.57986450076457],[11.46452700510179,43.58686934627117],[11.364023117007717,43.52611990018152],[11.29428429355896,43.51866358919042],[11.269589406807672,43.54583318368539],[11.229634102991636,43.489690290460665],[11.175651457339313,43.488263630607555],[11.183470202652366,43.5226533633558],[11.12359800782764,43.47512453637693],[11.03397647450116,43.54667664496654],[10.96537782094982,43.514006510151276],[10.951509455918089,43.451440068881006],[10.869836526164157,43.46051407156408],[10.825518804163377,43.535495279853954],[10.848477852282178,43.56266021924816],[10.822400229984364,43.61391479054563],[10.87405128436736,43.614204925564245],[10.934047205579798,43.65773201949284],[10.877219410828882,43.719199480739896],[10.79791702886746,43.705456675624745],[10.718898538985677,43.77372294029925],[10.72775508174845,43.81416852067086],[10.81567034450004,43.80870857916688],[10.81272862868067,43.78883041151876],[10.915778582101698,43.80057320044482],[10.941989733749919,43.82341374663645],[10.977817034026184,43.78538048107634],[11.056727579572762,43.75876818556773],[11.062540204640413,43.817627442023756],[11.148765089871738,43.866610318744804],[11.198855304346775,44.09801221068257],[11.263687919183297,44.104271950942966],[11.195730592915615,44.15141455015063],[11.280713647040614,44.155339213885696],[11.421064885762284,44.23924426316435],[11.44762699688473,44.19948528761208]]]}},{"type":"Feature","properties":{"district":"Livorno","constituency_code":"IT-PROV-049","province_code":"049","region":"Toscana"},"geometry":{"type":"MultiPolygon","coordinates":[[[[10.541311696158646,42.93557342376767],[10.534952040063786,42.91994536032755],[10.499061031234225,42.935954537496904],[10.482795318940225,42.98382915890253],[10.515623456072616,42.9983312951683],[10.534432406318535,43.06713571359797],[10.523205616168077,43.247653797956914],[10.295578797105144,43.54136584984003],[10.303934077494983,43.58564745890455],[10.438012249276966,43.634200101492446],[10.508926422304349,43.62921385886821],[10.464333915989599,43.53983773277408],[10.506311089969566,43.36931236044939],[10.540028528017967,43.367767125755485],[10.523140810018418,43.32558828555261],[10.61481634690286,43.282821934099644],[10.697009851177638,43.294733022429774],[10.662085242935568,43.229487085992226],[10.690497217521566,43.20821640477173],[10.643819308562875,43.19176132000258],[10.649244920407337,43.171594202966745],[10.719607205485966,43.12174451719224],[10.713136475763596,43.07219499954175],[10.780085135965281,43.063604299731225],[10.7961274279282,43.01870854058696],[10.741363359898005,43.0145575343296],[10.750515258927548,42.98553075005597],[10.706263848247904,42.94192939774774],[10.59386153202876,42.95427709490523],[10.541311696158646,42.93557342376767]]],[[[10.548209857225947,42.85633594767835],[10.545824259536856,42.85785401207307],[10.549613103579574,42.86056731451278],[10.549751460230732,42.859736982242204],[10.548209857225947,42.85633594767835]]],[[[10.541357532100772,42.93532292174935],[10.541512088752226,42.934886353857884],[10.542596403623618,42.9349978124826],[10.541496100920398,42.93485955523882],[10.541357532100772,42.93532292174935]]],[[[10.474003289210543,42.86367308185999],[10.47249680974776,42.866213872155875],[10.47660855392307,42.866665185279594],[10.476221680107022,42.86532843072594],[10.474003289210543,42.86367308185999]]],[[[10.475512031689538,42.86791300970437],[10.474972687147487,42.86788394118653],[10.47496257504054,42.868487405879],[10.475585876396423,42.8684433525363],[10.475512031689538,42.86791300970437]]],[[[10.431358128047043,42.82460107532035],[10.43418970275272,42.77561385510229],[10.385710714107864,42.75934865471828],[10.432765258886828,42.73489451696539],[10.422040119970289,42.707643304416294],[10.38272329599277,42.71498228262523],[10.344611124067674,42.76394953641848],[10.318177000526099,42.7599749297511],[10.319510996942642,42.7360191805242],[10.30983595840249,42.75923541466924],[10.283022840047504,42.734907427496836],[10.241036081769215,42.74973353314673],[10.236789352281358,42.726037109304514],[10.139061457778357,42.73261614098247],[10.103689188313291,42.76761481463995],[10.139917424662695,42.80930522063825],[10.244617283253362,42.788241475056424],[10.263145060979246,42.83009035944315],[10.357425326725277,42.799330455739266],[10.412329833969626,42.87324852540522],[10.444024005164923,42.84684659039169],[10.431358128047043,42.82460107532035]]],[[[10.424147452272603,42.870715779506035],[10.42291774468447,42.87047893224442],[10.42249992135233,42.870943380863025],[10.423814624276906,42.87141555703218],[10.424147452272603,42.870715779506035]]],[[[10.374880571312143,42.71873509528398],[10.374906745410101,42.71770818215257],[10.373015495343598,42.7188925509726],[10.37415575032307,42.71909500004054],[10.374880571312143,42.71873509528398]]],[[[10.373488075303518,42.71650949777705],[10.372217164576373,42.716610283315056],[10.372033789637168,42.71757153969468],[10.373408773978637,42.71789725742846],[10.373488075303518,42.71650949777705]]],[[[10.373332432839367,42.71609712201766],[10.373173517367839,42.716090023240724],[10.373302159215147,42.7163856537558],[10.373433480030291,42.71624899986042],[10.373332432839367,42.71609712201766]]],[[[10.361140771957684,42.713126862085566],[10.36093263724483,42.71310231971373],[10.3613057796199,42.713413068785584],[10.36138887705675,42.71330401783434],[10.361140771957684,42.713126862085566]]],[[[10.361062198611068,42.71344298001759],[10.36067388647679,42.713555657586745],[10.361183096066174,42.71394583826502],[10.36137646516489,42.7138534863481],[10.361062198611068,42.71344298001759]]],[[[10.310052813058718,42.35004265038283],[10.33285863743512,42.3246985272125],[10.316408976764452,42.31412207695932],[10.289101797767966,42.32634712585179],[10.310052813058718,42.35004265038283]]],[[[10.330466143922811,42.82808283345869],[10.330517000202898,42.82860003630288],[10.331136488167715,42.82896204360606],[10.331319242413038,42.828356577390025],[10.330466143922811,42.82808283345869]]],[[[10.320004643402369,42.734095375238546],[10.318976860752214,42.73416124888447],[10.31929830909402,42.73491848894624],[10.319979748014708,42.734505400523496],[10.320004643402369,42.734095375238546]]],[[[10.219363348960481,43.547872281227036],[10.218929086613723,43.54782288956665],[10.218953078506171,43.54839889277703],[10.219616140743005,43.54813070395154],[10.219363348960481,43.547872281227036]]],[[[10.106950911487653,42.58308541500781],[10.105614242272157,42.583474303356624],[10.105385868123667,42.58434328910663],[10.106751625340186,42.58456424659446],[10.106950911487653,42.58308541500781]]],[[[10.086524638331904,42.603315984584],[10.100293273291694,42.57489372225341],[10.04853235046646,42.57597349689017],[10.079652055016659,42.61935445396792],[10.086524638331904,42.603315984584]]],[[[10.08008893761286,42.62170301682289],[10.079407359959145,42.62177698268631],[10.079799651085155,42.62225057537121],[10.080156928445987,42.622285480716926],[10.08008893761286,42.62170301682289]]],[[[10.06418302547975,42.35799216051143],[10.063758865010316,42.35858147967167],[10.064111334959584,42.35878084088791],[10.064707823276857,42.35832951160684],[10.06418302547975,42.35799216051143]]],[[[9.901430517296365,43.43956127596869],[9.908949440680253,43.43335184063602],[9.900517772585998,43.42009221946871],[9.888505036151198,43.425499219441036],[9.901430517296365,43.43956127596869]]],[[[9.833945503084424,43.058608884229606],[9.841816500379222,43.02983469270288],[9.810080824509825,43.002285787202744],[9.800136657045064,43.05376927903288],[9.825565677478048,43.0728973075229],[9.833945503084424,43.058608884229606]]],[[[9.797354395830878,43.03141380155703],[9.795993882637934,43.03156735128965],[9.796172364773636,43.03231801917479],[9.797884285356472,43.031810827323035],[9.797354395830878,43.03141380155703]]]]}},{"type":"Feature","properties":{"district":"Pisa","constituency_code":"IT-PROV-050","province_code":"050","region":"Toscana"},"geometry":{"type":"Polygon","coordinates":[[[10.427727527432697,43.82461403406528],[10.45327672518014,43.765363131846016],[10.500855959594947,43.753295426256],[10.622441517230826,43.75656740148213],[10.656128937843762,43.80339243424363],[10.687529963829503,43.80426568420476],[10.79791702886746,43.705456675624745],[10.877219410828882,43.719199480739896],[10.934047205579798,43.65773201949284],[10.87405128436736,43.614204925564245],[10.822400229984364,43.61391479054563],[10.851491963593668,43.477488118617295],[10.951509455918089,43.451440068881006],[11.012652584664664,43.37658402794597],[10.952061293381362,43.30204804286155],[10.98596565039441,43.28736227719037],[10.99651780805498,43.23947186337129],[10.939465364214444,43.24515398569009],[10.908668196278686,43.15977042286151],[10.755403384380974,43.153986250184886],[10.717503132140294,43.10876072228331],[10.663073897217044,43.145785122042035],[10.643140258453927,43.19076257666544],[10.689709718153257,43.20644516284131],[10.662085242935568,43.229487085992226],[10.697009851177638,43.294733022429774],[10.616352577388508,43.28265616137162],[10.566344960821406,43.297305868895144],[10.523140810018418,43.32558828555261],[10.540028528017967,43.367767125755485],[10.50978852158211,43.362384448206335],[10.494185737278894,43.40026592861922],[10.506991855209543,43.4321527483854],[10.464346989448607,43.54037780574059],[10.508926422304349,43.62921385886821],[10.434264413178031,43.63350887740502],[10.298227812756345,43.58122392446508],[10.258441442147236,43.8154123493668],[10.427727527432697,43.82461403406528]]]}},{"type":"Feature","properties":{"district":"Arezzo","constituency_code":"IT-PROV-051","province_code":"051","region":"Toscana"},"geometry":{"type":"MultiPolygon","coordinates":[[[[11.710166733684883,43.87744594240905],[11.841674547671188,43.80802426023469],[11.90974763217847,43.81271909990676],[11.953380466385578,43.776088692441554],[12.07054291210176,43.740730603454054],[12.16366950855388,43.76236200367719],[12.194632643079524,43.73192431056698],[12.209310643903635,43.75707280400933],[12.283780910321699,43.76491721278783],[12.371033674130073,43.71165942685175],[12.330488886867018,43.70796511789143],[12.33604751880842,43.67764207128321],[12.315718919704844,43.67791909987375],[12.308318843619748,43.730176823529234],[12.297210780219308,43.68595025815958],[12.245070685987862,43.6814763287796],[12.18627794704136,43.64250759335255],[12.213834568460365,43.61088375891492],[12.153237642762509,43.52871278536885],[12.102727684709004,43.529932855864566],[12.090892289079704,43.51122993781391],[12.143244276771235,43.470292551363784],[12.025210449791935,43.41557388429967],[12.077306099561703,43.40214445912347],[12.076994472500735,43.36583302479664],[12.124873712407743,43.357922867668314],[12.132523229597492,43.29306969773975],[12.177042433301958,43.28178185821607],[12.193818419212336,43.313071512585545],[12.223473882036037,43.295013443263294],[12.092365093357408,43.23590807636624],[12.033962219028329,43.24670229280399],[12.027230593857825,43.19124135426005],[11.964717426192209,43.167369355986125],[11.903418082401771,43.1744986936533],[11.887821419239813,43.15632641404291],[11.83372939549751,43.22446949183905],[11.721291061731284,43.25426097317117],[11.658024259425298,43.321701280418],[11.531520451053185,43.39233673766421],[11.550632566911023,43.459580183967],[11.501762247144656,43.46069879496831],[11.397508979744746,43.548244509976094],[11.46452700510179,43.58686934627117],[11.521541969180936,43.58108066103942],[11.483917650130735,43.626128461798366],[11.609740742085554,43.68634819103998],[11.571977948845394,43.73430188236689],[11.604819506370642,43.810226004720185],[11.660383097373108,43.87195469186122],[11.710166733684883,43.87744594240905]]],[[[12.23593531242034,43.80320977268319],[12.199347755398724,43.770375527989756],[12.169755042235977,43.804625216759],[12.22506337844183,43.8098826256127],[12.23593531242034,43.80320977268319]]],[[[12.217995142346291,43.60393924768135],[12.21815932072993,43.603497953241494],[12.21778637423349,43.604323114792216],[12.217995142346291,43.60393924768135]]]]}},{"type":"Feature","properties":{"district":"Siena","constituency_code":"IT-PROV-052","province_code":"052","region":"Toscana"},"geometry":{"type":"Polygon","coordinates":[[[11.428559977929467,43.5256488942644],[11.501762247144656,43.46069879496831],[11.550632566911023,43.459580183967],[11.531520451053185,43.39233673766421],[11.658024259425298,43.321701280418],[11.721291061731284,43.25426097317117],[11.83372939549751,43.22446949183905],[11.887821419239813,43.15632641404291],[11.903418082401771,43.1744986936533],[11.961246983410277,43.16690768448822],[11.912351762908955,43.12840240040094],[11.936065397304034,43.055925917365386],[11.956587914494914,43.06867684126394],[11.982401600045907,43.05094817960584],[11.932721557411364,42.908497901898436],[11.958657041834769,42.87105759904438],[11.894592607411004,42.83428840159822],[11.814572587080704,42.82335162422652],[11.806850194294956,42.794856247321846],[11.775874032785177,42.820673628309514],[11.746017668298117,42.78575944027562],[11.62557502528638,42.79794359752057],[11.623753899883496,42.92852383359017],[11.57160105893885,42.97025506777067],[11.515005181736543,42.98119317312973],[11.456241238293444,42.95730260079799],[11.350390782491717,42.97201557508055],[11.38051620241379,42.99608296116643],[11.361458387208794,43.08323555721509],[11.083592855535871,43.0835564296967],[11.05909564074224,43.183877047012864],[10.908452352204488,43.1642942498269],[10.939465364214444,43.24515398569009],[10.996601363595461,43.23976754594727],[10.98596565039441,43.28736227719037],[10.952061293381362,43.30204804286155],[11.01400567576081,43.36523365623433],[10.95084517783795,43.45005680142729],[10.96537782094982,43.514006510151276],[11.03397647450116,43.54667664496654],[11.12359800782764,43.47512453637693],[11.183470202652366,43.5226533633558],[11.175651457339313,43.488263630607555],[11.229634102991636,43.489690290460665],[11.269589406807672,43.54583318368539],[11.29428429355896,43.51866358919042],[11.3962359572965,43.54837250499445],[11.428559977929467,43.5256488942644]]]}},{"type":"Feature","properties":{"district":"Grosseto","constituency_code":"IT-PROV-053","province_code":"053","region":"Toscana"},"geometry":{"type":"MultiPolygon","coordinates":[[[[11.137796621403334,42.434689854665386],[11.137898207671473,42.43463843036266],[11.138343878249465,42.43442749292986],[11.139623370869002,42.433980356208636],[11.140282739381151,42.43388699263124],[11.147190450623022,42.43414272641152],[11.149106753516357,42.43694572831828],[11.160095906338638,42.434348161276205],[11.167426703844406,42.438761906654676],[11.190310041817279,42.48460932345238],[11.158172560189112,42.5620516945763],[11.12221159451223,42.561224309611454],[11.085326039800186,42.62681992064162],[11.009977666792139,42.65918295850794],[10.951543169728492,42.73689144167547],[10.7332747064541,42.803491786870936],[10.765458737696028,42.816917166878746],[10.786572200913968,42.88869644184045],[10.706263848247904,42.94192939774774],[10.750515258927548,42.98553075005597],[10.741363359898005,43.0145575343296],[10.79621964778256,43.01766255103345],[10.780422592256818,43.0633829378413],[10.712867044171338,43.07291235446762],[10.755403384380974,43.153986250184886],[10.9424257312144,43.160354656788456],[11.021703317450815,43.18906437710189],[11.05909564074224,43.183877047012864],[11.083592855535871,43.0835564296967],[11.361458387208794,43.08323555721509],[11.38051620241379,42.99608296116643],[11.350390782491717,42.97201557508055],[11.456241238293444,42.95730260079799],[11.515005181736543,42.98119317312973],[11.57160105893885,42.97025506777067],[11.623753899883496,42.92852383359017],[11.62513864514005,42.79832279769666],[11.712247693515462,42.79747087122051],[11.81865835341012,42.74577193849808],[11.781143062822963,42.70532571919479],[11.804776027716438,42.64399917139934],[11.749756577269777,42.63964886935513],[11.735974094736665,42.60666401892272],[11.64336870031824,42.56634651847496],[11.578557196912367,42.56621097284577],[11.561235574575228,42.517292999461766],[11.61631681788363,42.48839072853005],[11.617709303103997,42.43604425023765],[11.488888400831362,42.439370355634914],[11.449851985181763,42.37754018128643],[11.242479833126012,42.41832983940393],[11.210051166888409,42.40874339616787],[11.189956719886528,42.36364307308351],[11.153671456610983,42.36102573862584],[11.098008786120236,42.39319906236534],[11.089741069344907,42.40828560254873],[11.104905774802011,42.44757310383348],[11.137796621403334,42.434689854665386]]],[[[11.137898207671473,42.43463843036266],[11.13800621938409,42.43477599701511],[11.138039018013373,42.43475737417129],[11.137898207671473,42.43463843036266]]],[[[11.21278015231748,42.3789550580066],[11.209395413654807,42.38097453304564],[11.209184749547685,42.38250050198656],[11.211678912464404,42.38244338458839],[11.21278015231748,42.3789550580066]]],[[[11.113687214468252,42.260764289281326],[11.117385889439896,42.251830031097164],[11.104295928027664,42.23875174712023],[11.091892517999518,42.25499747408396],[11.113687214468252,42.260764289281326]]],[[[11.082377819778602,42.41813196854308],[11.081990017941726,42.41770675762048],[11.080364719719068,42.41789837447508],[11.08214752583768,42.4187935468408],[11.082377819778602,42.41813196854308]]],[[[10.929303464144569,42.35558012262083],[10.92851339627181,42.35585007753043],[10.928687537602348,42.35648203864956],[10.92941866627848,42.35597217690018],[10.929303464144569,42.35558012262083]]],[[[10.882474257455538,42.3892831269355],[10.9246844653187,42.35531331918043],[10.921130756416655,42.31956224364458],[10.866572944290946,42.35435849293643],[10.882474257455538,42.3892831269355]]],[[[10.900764127027811,42.55610805854203],[10.90002927555586,42.55620130902204],[10.900748072672721,42.556797161138164],[10.900958392197701,42.55633665351642],[10.900764127027811,42.55610805854203]]],[[[10.895298828122426,42.56277247869913],[10.893920950388349,42.564213600340494],[10.894137637728537,42.56528605872614],[10.895226910686945,42.564646761201715],[10.895298828122426,42.56277247869913]]],[[[10.884227474693397,42.575472462457256],[10.87880568575454,42.57716895877677],[10.87833139093943,42.57879767164778],[10.882855895296156,42.57793068367841],[10.884227474693397,42.575472462457256]]],[[[10.713926249621512,42.79755838679785],[10.712375529340303,42.796753130981756],[10.711658594814887,42.79869092640026],[10.712230664477765,42.798151075687194],[10.713926249621512,42.79755838679785]]]]}},{"type":"Feature","properties":{"district":"Perugia","constituency_code":"IT-PROV-054","province_code":"054","region":"Umbria"},"geometry":{"type":"MultiPolygon","coordinates":[[[[12.361635614476267,43.60130988167171],[12.370292604493876,43.57940145350428],[12.31275934120127,43.54420017819599],[12.332914347685936,43.52369384196634],[12.36673650826682,43.53408592528067],[12.394824441907907,43.50883959880709],[12.437366507460089,43.53855359607754],[12.459217037561759,43.51646473777758],[12.499814721812225,43.521458044933425],[12.619402618158453,43.41657354062907],[12.663176584253273,43.43683081685893],[12.708857816840636,43.424682903937914],[12.73576328578533,43.46375336620754],[12.773064156052973,43.45536032756105],[12.779661713208172,43.41420436599311],[12.74904507307542,43.37881330736103],[12.798734143301226,43.325041507474246],[12.788984044752416,43.28322604283738],[12.865389184591464,43.206059220410424],[12.862490465900601,43.16596603080284],[12.829645311770536,43.145508515989185],[12.89732769445123,43.09348461860772],[12.895822070507808,42.96459201507461],[12.976700462676853,42.92609587038948],[12.97615279123122,42.86980418422042],[13.000835884773627,42.908388548936294],[13.05441038269671,42.92018354029786],[13.160864373384122,42.83190028512114],[13.235253310630451,42.867699955796965],[13.247733036457483,42.849968976478756],[13.245617073629761,42.767765401662054],[13.194196603070166,42.75849514455744],[13.179824405704963,42.67758863927944],[13.145516786279114,42.64617664346543],[13.118188103347086,42.65765328150168],[13.058573745975036,42.62284228830086],[13.0242846696001,42.63903611833623],[13.011223248783226,42.61710817150036],[12.930122738402085,42.60288228380749],[12.828089032724248,42.67103079082042],[12.720437159902046,42.59685579961654],[12.614282139375117,42.69463915506429],[12.58388168073672,42.68817627453293],[12.579885063371417,42.70554870589747],[12.628384660399867,42.721533400560624],[12.5910328164699,42.74877428319535],[12.573312546967244,42.713776809434684],[12.493214972632044,42.7347227303075],[12.417102634501926,42.68043491219256],[12.412355434090617,42.701272743680626],[12.386628640529512,42.67331371947586],[12.36870593949385,42.68693046305303],[12.37267698042085,42.712934723069054],[12.292038248421969,42.76655809525867],[12.327284340275282,42.85037988625073],[12.319452616419957,42.9153557343989],[12.050822080573582,42.94075484036927],[11.999710113494976,42.909926874719496],[12.030093673915982,42.881320877675165],[11.934466626777713,42.865008557397324],[11.997947318892018,42.90870348812662],[11.93348345798108,42.905419024172886],[11.98243151685896,43.0505602237535],[11.923639985236807,43.07466541096139],[11.924981921186003,43.1492533803469],[12.024072282578024,43.18816003490043],[12.033962219028329,43.24670229280399],[12.092365093357408,43.23590807636624],[12.223888169102697,43.295796334413474],[12.193818419212336,43.313071512585545],[12.177042433301958,43.28178185821607],[12.132523229597492,43.29306969773975],[12.124873712407743,43.357922867668314],[12.076994472500735,43.36583302479664],[12.077306099561703,43.40214445912347],[12.025210449791935,43.41557388429967],[12.143244276771235,43.470292551363784],[12.092498814361269,43.50106721091341],[12.095394878200963,43.52260999260012],[12.153237642762509,43.52871278536885],[12.203184607969893,43.60617942086364],[12.297430668628326,43.58581381927553],[12.354731664073892,43.617285655151996],[12.361635614476267,43.60130988167171]]],[[[12.431191832390134,43.59136115662784],[12.4250736826444,43.591725109249474],[12.407804692046382,43.60213604757532],[12.425311096098582,43.609087520114144],[12.431191832390134,43.59136115662784]]]]}},{"type":"Feature","properties":{"district":"Terni","constituency_code":"IT-PROV-055","province_code":"055","region":"Umbria"},"geometry":{"type":"MultiPolygon","coordinates":[[[[12.129077711983237,42.942441272257284],[12.320525696845737,42.914734284007096],[12.304243013006571,42.89377681084764],[12.330553204494965,42.88963706484921],[12.327284340275282,42.85037988625073],[12.292038248421969,42.76655809525867],[12.37267698042085,42.712934723069054],[12.385956620928718,42.67329759461301],[12.401646988478713,42.69952968501759],[12.417102634501926,42.68043491219256],[12.493214972632044,42.7347227303075],[12.573700922658672,42.71389523399041],[12.5910328164699,42.74877428319535],[12.628384660399867,42.721533400560624],[12.579885063371417,42.70554870589747],[12.58388168073672,42.68817627453293],[12.614282139375117,42.69463915506429],[12.720437159902046,42.59685579961654],[12.792401625565825,42.662995068117205],[12.860557561065677,42.66690520597732],[12.892647592332558,42.63407449747478],[12.892729016015046,42.56349743867847],[12.711133542049318,42.50079689605417],[12.741568088565606,42.470532501158345],[12.674649114169743,42.442416938615295],[12.61480603365973,42.46510651240273],[12.606069651085125,42.40352845649803],[12.53123163003268,42.365074269434196],[12.511129422490741,42.4035667340717],[12.446086894582972,42.39802343174249],[12.467221026565138,42.42376323130612],[12.413650299887463,42.425598087007174],[12.421390021595133,42.49252660984841],[12.351225543452093,42.47365326650249],[12.290578319013921,42.49151702006713],[12.275043300869607,42.55991478702142],[12.238657037125229,42.57217864856011],[12.242916597357368,42.629065044596125],[12.204335475083955,42.66046059337587],[12.161011591881486,42.676909983914996],[12.124062227069546,42.649286047648374],[12.106734256741074,42.66467263085147],[12.029999158019102,42.64324121983951],[11.926202544397833,42.703860791915275],[11.98194424497422,42.754845905423124],[11.92742513127694,42.78091690259443],[11.891887296383446,42.84287961950933],[11.930501935514387,42.86972042006668],[12.030093673915982,42.881320877675165],[11.999710113494976,42.909926874719496],[12.050822080573582,42.94075484036927],[12.129077711983237,42.942441272257284]]],[[[11.958578815548941,42.9145999230933],[11.997947318892018,42.90870348812662],[11.958592349079714,42.87432285049623],[11.9517761862845,42.91320893834184],[11.958578815548941,42.9145999230933]]]]}},{"type":"Feature","properties":{"district":"Viterbo","constituency_code":"IT-PROV-056","province_code":"056","region":"Lazio"},"geometry":{"type":"MultiPolygon","coordinates":[[[[11.863109266783402,42.83572657787284],[11.901828358659296,42.8315705063512],[11.92742513127694,42.78091690259443],[11.979481829916718,42.764585307747396],[11.930100542459304,42.71294566824027],[11.941329818575527,42.68330088248084],[12.029999158019102,42.64324121983951],[12.176222075461071,42.67265743316709],[12.242916597357368,42.629065044596125],[12.238657037125229,42.57217864856011],[12.275043300869607,42.55991478702142],[12.291489303369627,42.49073446624609],[12.351225543452093,42.47365326650249],[12.394405043198876,42.49929537518961],[12.427825139183437,42.486940453353256],[12.412993349023377,42.42690080635365],[12.464297623211511,42.42842597488832],[12.436361641712404,42.38717579798153],[12.474766291359451,42.35687385853282],[12.481463593707641,42.30408863539254],[12.519593752064619,42.294761696886695],[12.426574661678425,42.18130809120704],[12.412244109017077,42.257442596076515],[12.370291320613333,42.1728740137822],[12.329549362264146,42.14625816737592],[12.271424276888578,42.18191623185684],[12.215740515334808,42.186736275993695],[12.135935902360261,42.1472752767561],[12.069305776837354,42.16436490829216],[12.02959395639548,42.15275314018203],[11.911380144945545,42.24112928308139],[11.82280759287945,42.146485232194664],[11.733766963580843,42.15805810341329],[11.632474375043264,42.29553203442585],[11.451130057619784,42.37724703728762],[11.488888400831362,42.439370355634914],[11.617709303103997,42.43604425023765],[11.61631681788363,42.48839072853005],[11.561235574575228,42.517292999461766],[11.580720206208584,42.56791970497187],[11.64336870031824,42.56634651847496],[11.735974094736665,42.60666401892272],[11.749756577269777,42.63964886935513],[11.804776027716438,42.64399917139934],[11.781143062822963,42.70532571919479],[11.81865835341012,42.74577193849808],[11.746017668298117,42.78575944027562],[11.768504766659367,42.819958346316874],[11.806850194294956,42.794856247321846],[11.814572587080704,42.82335162422652],[11.863109266783402,42.83572657787284]]],[[[12.474461798592401,42.38748479581789],[12.466420453610784,42.39564859422243],[12.48136192381989,42.40416391502168],[12.487368265216944,42.3961824240113],[12.474461798592401,42.38748479581789]]]]}},{"type":"Feature","properties":{"district":"Rieti","constituency_code":"IT-PROV-057","province_code":"057","region":"Lazio"},"geometry":{"type":"Polygon","coordinates":[[[13.280038879301511,42.74097023698867],[13.357755637237869,42.694098087088335],[13.369918594703305,42.648968149299215],[13.408283300417601,42.64286352261407],[13.39401345113122,42.59125860478278],[13.293281690609668,42.56953969607577],[13.191362650632737,42.58751765153025],[13.155801730662324,42.54005061614549],[13.178420257144245,42.47933924440345],[13.116168379918774,42.4439097748152],[13.194158137025715,42.3891935461673],[13.153348996121483,42.35699409880372],[13.226462975236833,42.31933056047105],[13.2813733542629,42.23777175342335],[13.37988952309349,42.180444745433505],[13.248776529250817,42.1274268660404],[13.087057407872198,42.17787103109379],[13.060770757558325,42.12354668067289],[12.97841336587958,42.13040582438994],[12.948613894897385,42.08934321251565],[12.92084130024717,42.11523818616706],[12.866787490411053,42.10364533821654],[12.849543361897505,42.143318344355606],[12.780619681895017,42.166751327490225],[12.778631703838998,42.187589993840845],[12.710904474166504,42.15300732682954],[12.647037287523966,42.15205511841918],[12.608231321188612,42.18207127496601],[12.63723285136444,42.208005604110106],[12.633759925974744,42.24779114610436],[12.605047889432011,42.27431895272801],[12.578738211943417,42.264095547097476],[12.583887843533624,42.28390902972756],[12.558140526565058,42.269104424908456],[12.550446279241896,42.29307001905215],[12.489116049541213,42.296224436790176],[12.437857756196252,42.39576467109952],[12.511129422490741,42.4035667340717],[12.53123163003268,42.365074269434196],[12.606069651085125,42.40352845649803],[12.61480603365973,42.46510651240273],[12.674649114169743,42.442416938615295],[12.741568088565606,42.470532501158345],[12.711133542049318,42.50079689605417],[12.892729016015046,42.56349743867847],[12.880524106088213,42.60934758886001],[13.004317773892074,42.61523736071952],[13.0242846696001,42.63903611833623],[13.06330329514505,42.62330912694183],[13.129074963591409,42.65957014659837],[13.145516786279114,42.64617664346543],[13.18921582690087,42.733577621067454],[13.254152827424756,42.721450242494235],[13.280038879301511,42.74097023698867]]]}},{"type":"Feature","properties":{"district":"Roma","constituency_code":"IT-PROV-058","province_code":"058","region":"Lazio"},"geometry":{"type":"MultiPolygon","coordinates":[[[[12.243420309628224,41.73790274009553],[12.243624207571605,41.73786774411477],[12.243791045720704,41.73780231213747],[12.243420309628224,41.73790274009553]]],[[[12.243624207571605,41.73786774411477],[12.140979434725033,41.916056833019304],[11.915734120184597,42.03936981175031],[11.835223724351962,42.029474408615535],[11.733766963580843,42.15805810341329],[11.82280759287945,42.146485232194664],[11.911380144945545,42.24112928308139],[11.974097591943933,42.21309347048323],[12.003274432317498,42.1579014480442],[12.135935902360261,42.1472752767561],[12.215740515334808,42.186736275993695],[12.271424276888578,42.18191623185684],[12.329549362264146,42.14625816737592],[12.370291320613333,42.1728740137822],[12.412244109017077,42.257442596076515],[12.415699243120358,42.18020554270862],[12.462061933259632,42.20569365943914],[12.488944463083666,42.27001740476206],[12.54027059538844,42.29554157651841],[12.558140526565058,42.269104424908456],[12.581023549496685,42.28484695062391],[12.578738211943417,42.264095547097476],[12.605047889432011,42.27431895272801],[12.633759925974744,42.24779114610436],[12.63723285136444,42.208005604110106],[12.608231321188612,42.18207127496601],[12.648244859924159,42.15148540038784],[12.710904474166504,42.15300732682954],[12.773141770160231,42.18840576427384],[12.795185164724236,42.180604654753964],[12.780619681895017,42.166751327490225],[12.849543361897505,42.143318344355606],[12.866787490411053,42.10364533821654],[12.92084130024717,42.11523818616706],[12.949479621241407,42.08951148297491],[12.993300794684558,42.129146204049874],[13.032905018520246,42.114158001018566],[13.018487896424148,42.07493818824294],[13.058121601451843,42.01555434120773],[13.101024799488448,42.007989661571735],[13.104972334470977,42.02599617363158],[13.29627550003634,41.948612704363704],[13.184152512146714,41.8460302758211],[13.09789913281427,41.86104013295562],[13.056205515862837,41.82710867201471],[13.009219082886453,41.824461425645495],[12.992387548009834,41.7686116014676],[13.151144031068549,41.6576628636503],[13.150332609937324,41.596611011008925],[13.175065869784769,41.58356857833477],[13.12541999352068,41.54984413205338],[13.010725113494873,41.57847321138207],[13.019363009503113,41.61059657168825],[12.943127558792204,41.67417467265527],[12.939070137057591,41.713379144368865],[12.838451296970907,41.706084148100295],[12.851259021644985,41.66642143435343],[12.75585420665451,41.57273575060084],[12.739294783848873,41.60388853462591],[12.661781394855653,41.59818346896908],[12.633906602323767,41.671934479297825],[12.530510801933675,41.59878749709445],[12.587671136384085,41.542803174737294],[12.72177929855309,41.504839990325046],[12.765493519494536,41.41013448748435],[12.685024774922558,41.452818429408815],[12.622352976415211,41.444698902737755],[12.43710846382219,41.64077394088378],[12.35215434777884,41.696842176261015],[12.243624207571605,41.73786774411477]],[[12.65524171250668,41.73434436470509],[12.660393777960705,41.73534881152941],[12.64925880960621,41.7489021165283],[12.648408385304034,41.74658788825846],[12.65524171250668,41.73434436470509]],[[12.457703539651433,41.905948846046144],[12.45043797897291,41.90653063272024],[12.446820357420886,41.902244505955025],[12.456481974215139,41.90043275376343],[12.457703539651433,41.905948846046144]]]]}},{"type":"Feature","properties":{"district":"Latina","constituency_code":"IT-PROV-059","province_code":"059","region":"Lazio"},"geometry":{"type":"MultiPolygon","coordinates":[[[[12.941573151638616,41.707112892362105],[12.943127558792204,41.67417467265527],[13.019363009503113,41.61059657168825],[13.014050131596486,41.57608332441997],[13.051142820634725,41.58103838402001],[13.103681618652532,41.54503600763693],[13.197319760710753,41.587090891968344],[13.207556877294751,41.54921743439376],[13.272441135327293,41.52185623954143],[13.298911043272348,41.47076821590225],[13.25468233582614,41.43257732335821],[13.306500586305349,41.402555848251794],[13.427289972721875,41.3972874716468],[13.445339947121761,41.46499369628849],[13.548194038627292,41.419582605472485],[13.579014673071471,41.38025745587041],[13.560546228624261,41.36804035047676],[13.625176517389743,41.31601952287849],[13.702664420651065,41.35946722789394],[13.763024406088402,41.30135098117567],[13.820150027218832,41.33805120023643],[13.873696525604883,41.33832956426198],[13.889739575743153,41.29748327686926],[13.828429541244143,41.281034477792126],[13.833525238583094,41.25220279146112],[13.771971216487664,41.24210381499055],[13.762112591430988,41.22259672209143],[13.706852688467679,41.253931350576934],[13.621035881925621,41.26072092536382],[13.573850233245318,41.2401916145497],[13.575590523278146,41.2039204898494],[13.291613718714272,41.29752018424732],[13.160478944278953,41.271235310555966],[13.094520918216618,41.22443295296723],[13.04554695013085,41.22678570335348],[12.950100462668045,41.36234099716988],[12.85448924609147,41.41150759114702],[12.773219149570462,41.41629647237761],[12.72177929855309,41.504839990325046],[12.587671136384085,41.542803174737294],[12.530203389125848,41.59772982258359],[12.633906602323767,41.671934479297825],[12.661781394855653,41.59818346896908],[12.739294783848873,41.60388853462591],[12.75585420665451,41.57273575060084],[12.851259021644985,41.66642143435343],[12.838451296970907,41.706084148100295],[12.941573151638616,41.707112892362105]]],[[[13.455262125736107,40.787186217289744],[13.450906535765473,40.7882325719432],[13.45245758299253,40.79227865384215],[13.458983646463922,40.78988307732187],[13.455262125736107,40.787186217289744]]],[[[13.427481454416238,40.789842416173116],[13.414154074845307,40.784870260464075],[13.407600299532577,40.78553548380065],[13.431040297620813,40.80386063725088],[13.427481454416238,40.789842416173116]]],[[[13.104286250581684,40.838706898253996],[13.103659115318795,40.83885981859849],[13.103535017091971,40.839382026914016],[13.10414921381143,40.83913951525055],[13.104286250581684,40.838706898253996]]],[[[13.058741376257174,40.96524830036796],[13.050788535671881,40.96542941591198],[13.048089707914436,40.97059871311006],[13.061566984512023,40.973451259704355],[13.058741376257174,40.96524830036796]]],[[[13.000290347911214,40.932723950900545],[12.997662157002942,40.93570589019976],[13.00354083431074,40.93750974588534],[13.003534453280398,40.9351461191331],[13.000290347911214,40.932723950900545]]],[[[12.967390368374017,40.92128220607929],[12.96725619054312,40.89353727651275],[12.954336527529598,40.87981644080479],[12.949086371954387,40.91745841567388],[12.994969186863688,40.93398933323424],[12.967390368374017,40.92128220607929]]],[[[12.965648062988995,40.88399759840666],[12.964524658001624,40.88444602269641],[12.96486450626923,40.88537988021462],[12.965476732643662,40.885039111546355],[12.965648062988995,40.88399759840666]]],[[[12.860281799039164,40.92974105094925],[12.851246505914789,40.92570755323006],[12.856542057768362,40.94115459306504],[12.854202119911767,40.949612414352224],[12.860281799039164,40.92974105094925]]],[[[12.852734854990244,40.942425727100556],[12.85186094693827,40.9424594876769],[12.85284362597688,40.94360629136504],[12.853437244785102,40.943194695594144],[12.852734854990244,40.942425727100556]]],[[[12.851120303397815,40.92037158479752],[12.850779934585209,40.920477526389234],[12.850616804641703,40.92134749807101],[12.851116133119275,40.921155183294466],[12.851120303397815,40.92037158479752]]],[[[12.84869779351058,40.91987624028057],[12.847699367081784,40.921670160522986],[12.848884255857362,40.92239601711357],[12.849824286964363,40.9215000748007],[12.84869779351058,40.91987624028057]]],[[[12.850483075133077,40.942519078372044],[12.849764546483476,40.94272322067426],[12.850205851799634,40.94386564924173],[12.850796421866356,40.943656783032196],[12.850483075133077,40.942519078372044]]],[[[12.848003525093697,40.92409594931563],[12.849470476361658,40.92320041639764],[12.847394906677726,40.9225988888184],[12.847768068991963,40.925215985995074],[12.848003525093697,40.92409594931563]]],[[[12.846675792242952,40.92120455443045],[12.846558493999318,40.92198293248607],[12.8476397360807,40.92209990242328],[12.847608199818383,40.921722726164575],[12.846675792242952,40.92120455443045]]]]}},{"type":"Feature","properties":{"district":"Frosinone","constituency_code":"IT-PROV-060","province_code":"060","region":"Lazio"},"geometry":{"type":"Polygon","coordinates":[[[13.337529954089174,41.925980480025025],[13.383994301274896,41.904186661236345],[13.35983524875155,41.869376925475905],[13.37951717071014,41.8174578392429],[13.416902281211748,41.83466559373144],[13.571815489922688,41.754297630484665],[13.647727991398487,41.81100622942686],[13.705550205556316,41.787466697490764],[13.72955723774284,41.79890122514188],[13.765912198134664,41.74870240963703],[13.891712209870018,41.73515340779705],[13.988294014754826,41.65383202818762],[14.027500409671777,41.52320879295472],[13.972906886423884,41.4940364092972],[13.977906070736527,41.462487464954215],[13.861231937331413,41.41763371062212],[13.8863183572835,41.3844442627384],[13.877373664572541,41.33906465724715],[13.820150027218832,41.33805120023643],[13.763024406088402,41.30135098117567],[13.702136539034457,41.359479848413216],[13.625176517389743,41.31601952287849],[13.560546228624261,41.36804035047676],[13.579014673071471,41.38025745587041],[13.548194038627292,41.419582605472485],[13.445339947121761,41.46499369628849],[13.427289972721875,41.3972874716468],[13.306500586305349,41.402555848251794],[13.25468233582614,41.43257732335821],[13.298911043272348,41.47076821590225],[13.271856144892054,41.5227289234241],[13.207556877294751,41.54921743439376],[13.197319760710753,41.587090891968344],[13.155190555206564,41.589501852174706],[13.151144031068549,41.6576628636503],[12.992675834538058,41.77275423966203],[13.009824521776675,41.825516291014594],[13.058866449760272,41.828315652864916],[13.071642798453203,41.85420483069091],[13.184152512146714,41.8460302758211],[13.29825533967514,41.95427079873707],[13.337529954089174,41.925980480025025]]]}},{"type":"Feature","properties":{"district":"Caserta","constituency_code":"IT-PROV-061","province_code":"061","region":"Campania"},"geometry":{"type":"Polygon","coordinates":[[[14.160102524692897,41.47958392232691],[14.173788336721822,41.50070496486958],[14.240745764167874,41.49719692334066],[14.482411269668889,41.413983183024044],[14.50487831778464,41.38263231808038],[14.438933067195538,41.346725156080396],[14.468514826686464,41.34551265836819],[14.489100824770722,41.300647636511414],[14.448419440077188,41.2904818366613],[14.416685231399706,41.243635970175134],[14.463632543895901,41.15686654487109],[14.422522084745724,41.1352492421357],[14.379343330710068,41.161559698433884],[14.35200454497551,41.15209802452705],[14.434170714594655,41.107794726242766],[14.439830945580097,41.07105319670263],[14.412990476835823,41.05719836697072],[14.459193877723742,41.04240265219508],[14.50883151115012,41.05515351276444],[14.534441515168865,40.997690324162406],[14.42468853125593,40.980853845257386],[14.410517194810911,41.00224029976448],[14.297616298329592,41.00474970002307],[14.293020464076514,40.96970644879244],[14.25224861143148,40.94608471737231],[14.138250220237518,40.944658704569775],[14.140274206288787,40.97914415777338],[14.11221205397618,40.97898689656445],[14.017998360450767,40.947911550599926],[14.03256957116661,40.8989852754666],[13.835732190119861,41.1627988707987],[13.762112591430988,41.22259672209143],[13.771971216487664,41.24210381499055],[13.833525238583094,41.25220279146112],[13.828429541244143,41.281034477792126],[13.889739575743153,41.29748327686926],[13.861798813744636,41.41808687546676],[13.96565125322962,41.46407177951578],[14.007040431768162,41.451875065995026],[14.042388564886636,41.39278042803386],[14.111440628616984,41.38643403284909],[14.082412515919257,41.465451267481235],[14.120757826141032,41.50699650265374],[14.160102524692897,41.47958392232691]]]}},{"type":"Feature","properties":{"district":"Benevento","constituency_code":"IT-PROV-062","province_code":"062","region":"Campania"},"geometry":{"type":"MultiPolygon","coordinates":[[[[15.030296486279566,41.45539071158822],[15.098780021737689,41.43376845009753],[15.098313051453454,41.39056853693038],[15.061192019689235,41.35755403311287],[15.14915574351646,41.2804452287272],[15.081740015064943,41.25284965883105],[15.066493849205935,41.27093362009878],[14.984589756866336,41.26961610476451],[15.004904293151586,41.208173516463205],[14.956923706810402,41.147390037774805],[14.995306273818555,41.15044124717867],[15.010854728714584,41.118096402654665],[14.97500840756715,41.093508375756265],[14.83308982903193,41.03571089161875],[14.774743758519978,41.05461033692721],[14.775986433255563,41.01446295113077],[14.753743461637058,41.00890435086151],[14.709001347299404,41.061434883211845],[14.64014797145251,41.04254296789977],[14.596644534141795,41.05882648056742],[14.571931943338619,41.00952063077514],[14.531166852380393,41.01334997695438],[14.507721801090051,41.05557132646356],[14.459193877723742,41.04240265219508],[14.412990476835823,41.05719836697072],[14.439830945580097,41.07105319670263],[14.434170714594655,41.107794726242766],[14.35200454497551,41.15209802452705],[14.379343330710068,41.161559698433884],[14.422522084745724,41.1352492421357],[14.463632543895901,41.15686654487109],[14.416685231399706,41.243635970175134],[14.448419440077188,41.2904818366613],[14.489100824770722,41.300647636511414],[14.468514826686464,41.34551265836819],[14.43949128903835,41.344252470325614],[14.456138918963692,41.37177673297591],[14.566325771080924,41.39213063524397],[14.603039216330368,41.36396232976072],[14.68554852663921,41.411335214084914],[14.764700380188915,41.417368057138184],[14.784939317808877,41.45209337013514],[14.856560414751748,41.4247510303491],[15.005165727790564,41.48626124128192],[15.030296486279566,41.45539071158822]]],[[[14.693583291251757,40.975331151739915],[14.678867861536249,41.01950304634312],[14.695703390413627,41.03385592274812],[14.715637919654187,41.00702571918668],[14.693583291251757,40.975331151739915]]]]}},{"type":"Feature","properties":{"district":"Napoli","constituency_code":"IT-PROV-063","province_code":"063","region":"Campania"},"geometry":{"type":"MultiPolygon","coordinates":[[[[14.15920905887653,40.808043213133715],[14.08869949005897,40.83063925186608],[14.089632314533,40.77792598802077],[14.041708246090694,40.791138886234044],[14.023220069845317,40.95117486142465],[14.140274206288787,40.97914415777338],[14.138250220237518,40.944658704569775],[14.25224861143148,40.94608471737231],[14.293020464076514,40.96970644879244],[14.297616298329592,41.00474970002307],[14.476294762884288,40.98141148233595],[14.52080825298545,40.98714720215079],[14.540565038824447,41.01984698011755],[14.58106858009018,40.99463333887335],[14.585302043326712,40.9339616294063],[14.669663451969871,40.904947763956464],[14.57427271577621,40.90911520504038],[14.559463368110592,40.887980282211906],[14.605544598563686,40.84761352825636],[14.564648315253214,40.83515996408337],[14.589243945980899,40.80725444699994],[14.507017237826059,40.77296967333575],[14.506555937509797,40.739179232131455],[14.560706817822863,40.731740249801064],[14.590615247806749,40.69401649941356],[14.555183504399716,40.66792252902033],[14.577589818484812,40.6274287507107],[14.517906439567168,40.62193267524482],[14.482122782464621,40.64748955944235],[14.468528830637933,40.619699061649776],[14.41890763621647,40.61029152185935],[14.324520434211113,40.56904106523839],[14.33938995807505,40.62820334184684],[14.39970415854686,40.63797893793839],[14.479245857904907,40.695960116130045],[14.466243481844542,40.736007310581925],[14.2739328346504,40.844693322058276],[14.187286152895782,40.79225582163521],[14.15920905887653,40.808043213133715]]],[[[14.463787149602062,40.73014182668115],[14.464058719564385,40.72950324994467],[14.463496271069545,40.728931284198204],[14.462578215176254,40.72944300421121],[14.463787149602062,40.73014182668115]]],[[[14.37685143725481,40.587244397652725],[14.375293509421972,40.5878707811101],[14.377824083430792,40.589089553395894],[14.377575041336845,40.587845308101436],[14.37685143725481,40.587244397652725]]],[[[14.360251910727344,40.78489046955924],[14.360836084778475,40.78502033091684],[14.360852462783935,40.784991819433905],[14.360251910727344,40.78489046955924]]],[[[14.360115346710419,40.785410465031305],[14.36074571596652,40.78548339725205],[14.360751439134843,40.78544667921382],[14.360115346710419,40.785410465031305]]],[[[14.360077821098395,40.785683909263824],[14.360727173282951,40.78573652379004],[14.360732861653906,40.785703882935536],[14.360077821098395,40.785683909263824]]],[[[14.260009030538475,40.561385979355705],[14.252893511332191,40.54161542330364],[14.197944355288707,40.53680642307462],[14.19972236881367,40.56097159259287],[14.260009030538475,40.561385979355705]]],[[[14.256589243002706,40.54291267977385],[14.256045031231153,40.54300340536962],[14.256577624461668,40.54396313137422],[14.257083937098153,40.54367099982422],[14.256589243002706,40.54291267977385]]],[[[14.252382080428882,40.540450032835885],[14.252369563212172,40.541019972471],[14.25314500419436,40.54122754221167],[14.253323954175192,40.54067754119265],[14.252382080428882,40.540450032835885]]],[[[14.253175020047452,40.539833947065894],[14.252239968285478,40.539351494939964],[14.251730641186137,40.53941614175954],[14.253294021427566,40.54059254215883],[14.253175020047452,40.539833947065894]]],[[[14.186689974918066,40.792092027219674],[14.187547547727783,40.792052085848574],[14.186814247660031,40.7912355922125],[14.186450409371197,40.791501604141],[14.186689974918066,40.792092027219674]]],[[[14.159158067119556,40.80802466685219],[14.159096769498147,40.80791346338319],[14.158931652715983,40.80788771189251],[14.159071293184313,40.80804206213479],[14.159158067119556,40.80802466685219]]],[[[14.020837200380972,40.75718143262706],[14.017412344016732,40.739283397876044],[13.990168063896464,40.74305074725665],[14.009988419331751,40.76862257102418],[14.020837200380972,40.75718143262706]]],[[[13.871807649649888,40.7611306014927],[13.953973657788403,40.7420049406326],[13.954062038425976,40.70066138599298],[13.856263672376317,40.70650423529572],[13.871807649649888,40.7611306014927]]]]}},{"type":"Feature","properties":{"district":"Avellino","constituency_code":"IT-PROV-064","province_code":"064","region":"Campania"},"geometry":{"type":"Polygon","coordinates":[[[15.198567572426311,41.28116785425461],[15.279104913860785,41.242799107964444],[15.246175050499021,41.23611112401564],[15.262415062526966,41.197626245406006],[15.209345456925526,41.16768658352639],[15.264310625704043,41.10532059483893],[15.366593658755392,41.084780671834146],[15.401275523883223,41.105981368481274],[15.54669352261572,41.05276586971502],[15.572265327408077,40.9966539442262],[15.52724478727197,40.90783382156673],[15.46763256964936,40.889603437050766],[15.460815444772646,40.86715133763607],[15.354165750175072,40.882651998226],[15.377547473625642,40.83613773219755],[15.295546675927467,40.83814873075359],[15.240371501681256,40.77204441096517],[15.24707769795041,40.71768063130451],[15.168977079251114,40.7066449546046],[15.132295829520842,40.76114533989011],[15.009172996074096,40.77315979769871],[14.917374507046611,40.809704949149975],[14.74760543173631,40.803288350524255],[14.731290684508144,40.84197809023632],[14.686206120105387,40.841376466659064],[14.67598312793821,40.82153252448133],[14.605544598563686,40.84761352825636],[14.559463368110592,40.887980282211906],[14.57427271577621,40.90911520504038],[14.669663451969871,40.904947763956464],[14.585302043326712,40.9339616294063],[14.568046171710456,41.0206379117588],[14.596644534141795,41.05882648056742],[14.64014797145251,41.04254296789977],[14.709001347299404,41.061434883211845],[14.736312012238857,41.017225135968495],[14.770812149487579,41.011383342826505],[14.774743758519978,41.05461033692721],[14.83308982903193,41.03571089161875],[15.010854728714584,41.118096402654665],[14.995306273818555,41.15044124717867],[14.956923706810402,41.147390037774805],[15.004904293151586,41.208173516463205],[14.986126768501544,41.27114716333954],[15.066493849205935,41.27093362009878],[15.081740015064943,41.25284965883105],[15.198567572426311,41.28116785425461]],[[14.701733343855597,41.026134663549996],[14.678867861536249,41.01950304634312],[14.69169317949885,40.975325772343],[14.715637919654187,41.00702571918668],[14.701733343855597,41.026134663549996]]]}},{"type":"Feature","properties":{"district":"Salerno","constituency_code":"IT-PROV-065","province_code":"065","region":"Campania"},"geometry":{"type":"MultiPolygon","coordinates":[[[[15.329294003318974,40.8327505752639],[15.388285706782439,40.795392599936974],[15.381476208831666,40.72415082109722],[15.503633032182767,40.66366814218663],[15.449472586630435,40.609102029697176],[15.539335836924067,40.56806469361046],[15.53885642422528,40.48805001636716],[15.710122273853056,40.377299483972806],[15.726879574026217,40.31544638118684],[15.806361240905405,40.273232024013026],[15.79571649905087,40.22191881273347],[15.731255167030577,40.199328792449016],[15.701060154367426,40.1606175716578],[15.705829916916189,40.11773231630802],[15.651746462540101,40.07885825785575],[15.676164242520018,40.054899067853896],[15.645339201422866,40.042961234734676],[15.62547102207299,40.0740760549029],[15.530672037194458,40.07383435899934],[15.419039488507053,39.99056045960803],[15.356856291011956,39.99911656974446],[15.314859878022947,40.03188174715898],[15.270901891669942,40.023003349610036],[15.271242682960645,40.07423437377956],[15.132054484730851,40.171468051540735],[15.039955153320362,40.17052594585514],[14.990894443874291,40.21894594345132],[14.909021027390416,40.243291443986806],[14.943455130349308,40.27570311617019],[14.94480223716045,40.335565926531295],[14.997292214022531,40.35693480381558],[14.999050352243666,40.38969989346033],[14.893377966044005,40.566621885317204],[14.795910597170254,40.661029691449926],[14.747630418571273,40.67779567914598],[14.69166555811257,40.634302734873465],[14.624899813885115,40.64787973943832],[14.572107858216167,40.611399606014295],[14.462240106266085,40.6268241264372],[14.501938031056984,40.648210728311604],[14.517906439567168,40.62193267524482],[14.577589818484812,40.6274287507107],[14.555183504399716,40.66792252902033],[14.590615247806749,40.69401649941356],[14.560706817822863,40.731740249801064],[14.505434000548258,40.74052879403858],[14.507017237826059,40.77296967333575],[14.588892369373042,40.80659636784693],[14.57340625112431,40.84776342421857],[14.67598312793821,40.82153252448133],[14.686206120105387,40.841376466659064],[14.731290684508144,40.84197809023632],[14.74760543173631,40.803288350524255],[14.917374507046611,40.809704949149975],[15.009172996074096,40.77315979769871],[15.132295829520842,40.76114533989011],[15.168977079251114,40.7066449546046],[15.24707769795041,40.71768063130451],[15.240371501681256,40.77204441096517],[15.295546675927467,40.83814873075359],[15.329294003318974,40.8327505752639]]],[[[15.294678215906593,40.0236936326982],[15.294327125205122,40.02370151926419],[15.294008619944808,40.024254099178584],[15.29457091227306,40.02408271800094],[15.294678215906593,40.0236936326982]]],[[[14.900253749408652,40.25039911805908],[14.899167906903493,40.25024572997991],[14.89930306442831,40.251946189500494],[14.90084791913689,40.252029614691274],[14.900253749408652,40.25039911805908]]],[[[14.435870314380692,40.58262710361651],[14.436346762283486,40.581105700242674],[14.43218773697606,40.582436264709976],[14.433828391847479,40.5835832136571],[14.435870314380692,40.58262710361651]]],[[[14.430965633445204,40.579297980125446],[14.429700863968224,40.57929009726994],[14.429063164671291,40.58011689150277],[14.430650538275248,40.580708246622216],[14.430965633445204,40.579297980125446]]],[[[14.429036969286301,40.58233276070823],[14.429261760710714,40.582092601232866],[14.431035857918165,40.581864920000484],[14.428909604332919,40.58086234215711],[14.429036969286301,40.58233276070823]]]]}},{"type":"Feature","properties":{"district":"L'Aquila","constituency_code":"IT-PROV-066","province_code":"066","region":"Abruzzo"},"geometry":{"type":"Polygon","coordinates":[[[13.404450880506975,42.57297225334668],[13.426055515083899,42.51901341722159],[13.525709148278674,42.47240147680809],[13.52521172848772,42.45000727620315],[13.722979008431928,42.44267342598857],[13.776409529280972,42.413899707315196],[13.844335785203112,42.28123652053318],[13.832958347289033,42.24653804048677],[13.799242726319221,42.23722084541281],[13.789224891854136,42.15393331958187],[13.845528881951855,42.14271802155077],[13.898899159816233,42.16557421730414],[14.006053344629183,42.0731331347265],[14.091095293130005,42.084027683455744],[14.08182454907847,41.939412303272064],[14.106255531247982,41.893356153899326],[14.18323948999506,41.90351460232854],[14.229730477982338,41.87708446021135],[14.14715787569037,41.827297313342314],[14.193963265331153,41.748023545900345],[14.171834045798558,41.765774247742584],[14.121930648191126,41.74648092527563],[14.107196489547675,41.70735887962759],[14.094395801772608,41.73794485722908],[14.069570899622024,41.737225373599244],[14.01819784020392,41.682102210353264],[13.940482080554753,41.68816528279195],[13.891712209870018,41.73515340779705],[13.765912198134664,41.74870240963703],[13.72955723774284,41.79890122514188],[13.705550205556316,41.787466697490764],[13.662891489753234,41.811268082438175],[13.571815489922688,41.754297630484665],[13.416902281211748,41.83466559373144],[13.37951717071014,41.8174578392429],[13.36437402756098,41.92475382774887],[13.139947927061597,42.01534655552523],[13.049241494876908,42.02353254554968],[13.019335864525402,42.07912391049463],[13.030778421417976,42.122101417931816],[13.08484214575973,42.142197995969376],[13.087057407872198,42.17787103109379],[13.248776529250817,42.1274268660404],[13.37988952309349,42.180444745433505],[13.2813733542629,42.23777175342335],[13.226462975236833,42.31933056047105],[13.153348996121483,42.35699409880372],[13.194158137025715,42.3891935461673],[13.116168379918774,42.4439097748152],[13.178420257144245,42.47933924440345],[13.155801730662324,42.54005061614549],[13.191362650632737,42.58751765153025],[13.293281690609668,42.56953969607577],[13.39401345113122,42.59125860478278],[13.404450880506975,42.57297225334668]]]}},{"type":"Feature","properties":{"district":"Teramo","constituency_code":"IT-PROV-067","province_code":"067","region":"Abruzzo"},"geometry":{"type":"Polygon","coordinates":[[[13.919744263891285,42.89238343936632],[13.995827516361196,42.70833761291786],[14.146257495245948,42.530617430399225],[13.989979052457702,42.54187079884765],[13.95570050337682,42.53433225205453],[13.957894340647583,42.50538297578536],[13.810645442136641,42.49287102272182],[13.765261422260702,42.4201442934328],[13.722979008431928,42.44267342598857],[13.52521172848772,42.45000727620315],[13.525709148278674,42.47240147680809],[13.45701483724803,42.493281320504224],[13.409671667456545,42.53820238289194],[13.389004370727815,42.60164671504635],[13.409618939733008,42.6396762196434],[13.349682737912598,42.668716735165866],[13.358862573780511,42.69582710422322],[13.436999932789993,42.69892120237248],[13.44798737333518,42.732217150816695],[13.493443721883319,42.73661538541584],[13.534478511962407,42.816644498519274],[13.663599828889641,42.80712737371001],[13.72247755721945,42.8553497679934],[13.919744263891285,42.89238343936632]]]}},{"type":"Feature","properties":{"district":"Pescara","constituency_code":"IT-PROV-068","province_code":"068","region":"Abruzzo"},"geometry":{"type":"MultiPolygon","coordinates":[[[[14.231567273172411,42.46548174052119],[14.233094730113933,42.465408441230146],[14.231560688124862,42.46543928038944],[14.231567273172411,42.46548174052119]]],[[[14.233094730113933,42.465408441230146],[14.25445822643931,42.44490523011708],[14.228717259847555,42.41549718767395],[14.17149843494813,42.436645358167894],[14.119658502443016,42.334862434060824],[14.075664754051123,42.32509286122825],[14.13309181008889,42.22430549817821],[14.09379138697591,42.20445095939789],[14.129172496102946,42.1587746884633],[14.106785715742843,42.09890805252675],[14.006053344629183,42.0731331347265],[13.898899159816233,42.16557421730414],[13.845528881951855,42.14271802155077],[13.789224891854136,42.15393331958187],[13.799242726319221,42.23722084541281],[13.832958347289033,42.24653804048677],[13.844326918938563,42.28108159316285],[13.804483531856803,42.33445988128452],[13.808588566192244,42.378744700367456],[13.765261422260702,42.4201442934328],[13.810645442136641,42.49287102272182],[13.883442533021421,42.48925373534768],[13.8925047457926,42.5121343887478],[13.957894340647583,42.50538297578536],[13.95570050337682,42.53433225205453],[14.084827175836491,42.54347929012969],[14.146257495245948,42.530617430399225],[14.205996094258923,42.47853718692237],[14.231688375442184,42.464056046416694],[14.233094730113933,42.465408441230146]]],[[[14.231584486403559,42.46590632271945],[14.233008338827526,42.46583934104116],[14.231590950386371,42.465874518600366],[14.231584486403559,42.46590632271945]]]]}},{"type":"Feature","properties":{"district":"Chieti","constituency_code":"IT-PROV-069","province_code":"069","region":"Abruzzo"},"geometry":{"type":"Polygon","coordinates":[[[14.303031340570488,42.414734074169246],[14.40991635874244,42.35809000580672],[14.512712107909707,42.24968934222665],[14.71170034203612,42.17770224018961],[14.718735432228224,42.10499769159954],[14.779549201134033,42.06982608457238],[14.760802233801947,42.04220496062302],[14.78015290718362,42.02967042971976],[14.727161079954707,42.00324614065697],[14.567979069892685,41.81811950248756],[14.485330060327692,41.759651899175054],[14.454617659292438,41.76365122066257],[14.444243677886684,41.839814234075234],[14.376675701988338,41.87992872368987],[14.343005915856287,41.86252143252353],[14.284195826949432,41.91077790721041],[14.229730477982338,41.87708446021135],[14.18323948999506,41.90351460232854],[14.139703273043597,41.88569757786783],[14.106255531247982,41.893356153899326],[14.08182454907847,41.939412303272064],[14.104043813245283,42.047982085888336],[14.08322361363748,42.090094361853744],[14.113050353457666,42.10412005614419],[14.129172496102946,42.1587746884633],[14.093577639674775,42.203375638428774],[14.13309181008889,42.22430549817821],[14.075664754051123,42.32509286122825],[14.119658502443016,42.334862434060824],[14.17149843494813,42.436645358167894],[14.228717259847555,42.41549718767395],[14.25445822643931,42.44490523011708],[14.303031340570488,42.414734074169246]]]}},{"type":"Feature","properties":{"district":"Campobasso","constituency_code":"IT-PROV-070","province_code":"070","region":"Molise"},"geometry":{"type":"Polygon","coordinates":[[[14.846753505362974,42.03936729675431],[14.993590833331423,42.00478668040785],[15.13804571932636,41.926645124441066],[15.097026003544627,41.76740131108666],[15.120903804379836,41.720391751841454],[15.16149925389911,41.7093882567001],[15.050248234858913,41.6573130128908],[15.025494327343102,41.6223222124093],[14.9595350179219,41.646036101817394],[14.934875636454501,41.62161923436299],[14.937151486439879,41.52747599378183],[15.007617814612411,41.48638878291783],[14.982266956523857,41.4690661237429],[14.856068329051228,41.424686148684636],[14.785454453828816,41.452247413197064],[14.764700380188915,41.417368057138184],[14.68554852663921,41.411335214084914],[14.603039216330368,41.36396232976072],[14.566325771080924,41.39213063524397],[14.506725612720091,41.38201251150731],[14.47734617262264,41.418978423772636],[14.377799155701263,41.451403028943545],[14.391794856929465,41.50765538692627],[14.450813394083289,41.51847219293932],[14.512199952998701,41.59664350528855],[14.479989237164796,41.63152378545003],[14.427250310859804,41.637308110025515],[14.429419609925485,41.668698089280205],[14.493532335653095,41.671439802754875],[14.521004789078654,41.69918313671179],[14.483889445536436,41.758116967454384],[14.567979069892685,41.81811950248756],[14.727161079954707,42.00324614065697],[14.78015290718362,42.02967042971976],[14.77575832142296,42.066579351938614],[14.846753505362974,42.03936729675431]]]}},{"type":"Feature","properties":{"district":"Foggia","constituency_code":"IT-PROV-071","province_code":"071","region":"Puglia"},"geometry":{"type":"MultiPolygon","coordinates":[[[[16.199783569892993,41.814524029100305],[16.199600555840345,41.81548946722603],[16.20086922096237,41.816259937546],[16.201393843094923,41.815443951162294],[16.199783569892993,41.814524029100305]]],[[[16.062179659740366,41.945168346111544],[16.15327936018172,41.90852618196716],[16.19973979036893,41.82615364744328],[16.163633903859516,41.754850359088266],[15.89752103050377,41.60488347842483],[15.925145008139898,41.49449868042981],[16.024796397578964,41.42141296054121],[15.950191216523914,41.44171107579143],[15.936473647203316,41.42500331520332],[16.03851508236398,41.38264349697863],[15.981925737515313,41.36078905916053],[16.008946911178374,41.26402218417343],[16.04024235312796,41.26990744894236],[16.013529555168237,41.2121186935965],[15.76840065027279,41.08318976036703],[15.743569395901767,41.099348839043415],[15.585740241813442,41.09825999015547],[15.541741000406054,41.05571371572998],[15.401275523883223,41.105981368481274],[15.366593658755392,41.084780671834146],[15.264310625704043,41.10532059483893],[15.208451266261028,41.155908505595406],[15.262415062526966,41.197626245406006],[15.245739093425279,41.235030750398685],[15.27539745723102,41.249887618630915],[15.200695553218992,41.28635435351163],[15.14915574351646,41.2804452287272],[15.130560165638938,41.31718557934246],[15.072190194616608,41.332460321797285],[15.058467623811858,41.37213469894363],[15.098313051453454,41.39056853693038],[15.098780021737689,41.43376845009753],[15.046790858084943,41.44334048385919],[14.93703061479806,41.52785581934799],[14.934132469906869,41.62015898425769],[14.957145404031834,41.64490516601039],[15.025494327343102,41.6223222124093],[15.050248234858913,41.6573130128908],[15.16149925389911,41.7093882567001],[15.120903804379836,41.720391751841454],[15.097026003544627,41.76740131108666],[15.13748984809485,41.92633290706893],[15.419247651972217,41.90088763701957],[16.062179659740366,41.945168346111544]]],[[[16.183471437880065,41.890630862786836],[16.18564231318618,41.88854599877519],[16.184743699742747,41.88751811610579],[16.181534573708145,41.890784142971405],[16.183471437880065,41.890630862786836]]],[[[16.111491664839402,41.92797763288565],[16.109768261767556,41.928192905066545],[16.109382291246618,41.9283789176676],[16.11099951376804,41.92888571249327],[16.111491664839402,41.92797763288565]]],[[[15.744211574909569,42.22645049054745],[15.75128517147026,42.22595592259767],[15.75172116986261,42.225673632068],[15.748141965990552,42.22323240750908],[15.744211574909569,42.22645049054745]]],[[[15.504110581160688,42.11859331181771],[15.50426017822964,42.121933033137616],[15.517498780857656,42.128187806826226],[15.517281955489793,42.125788009706056],[15.504110581160688,42.11859331181771]]],[[[15.508876991564566,42.12941514589979],[15.509977638342853,42.13779503036677],[15.515795074227878,42.14000380442118],[15.517796501541094,42.137684479931366],[15.508876991564566,42.12941514589979]]],[[[15.500079749045051,42.121606160915654],[15.49819299340035,42.121540227787605],[15.49694207341879,42.12248668377239],[15.50015944006399,42.12376628357999],[15.500079749045051,42.121606160915654]]],[[[15.482694729244276,42.10368576569512],[15.476268887106647,42.11161974093394],[15.491133042883389,42.125791593394815],[15.496262573346394,42.11548006114216],[15.482694729244276,42.10368576569512]]]]}},{"type":"Feature","properties":{"district":"Bari","constituency_code":"IT-PROV-072","province_code":"072","region":"Puglia"},"geometry":{"type":"MultiPolygon","coordinates":[[[[16.591336898482407,41.205593380082284],[16.854347518373796,41.128761763925006],[16.8691001679288,41.142872076734406],[16.877819197555933,41.123066665006334],[17.05462133528771,41.07797523749454],[17.279118132528687,40.97165103873873],[17.389214612569003,40.89225212884001],[17.2952658116559,40.817189962372645],[17.399460291649195,40.785262694196305],[17.39365182575349,40.748545375533034],[17.304631117791896,40.74346413837523],[17.2829638676361,40.76822549055172],[17.311756634277163,40.78982858297506],[17.287297806517262,40.803397154095705],[17.242764737454568,40.799876735144345],[17.247925478029714,40.76596282503059],[17.15987883645542,40.74375702738096],[17.136143101230314,40.70787070468032],[17.022570836211916,40.71307980426112],[17.00094527226706,40.731399150875475],[17.01545040926934,40.75981564173723],[16.928698433645362,40.738738042291395],[16.930241857559043,40.71265775439183],[16.855854912077188,40.723579210607106],[16.80861755052725,40.6919934387028],[16.786800024786245,40.73326859816068],[16.732770897365548,40.710818560517815],[16.57910113460139,40.76367725723027],[16.57243999938388,40.7369369638634],[16.535800892646282,40.751931533831495],[16.544014714272482,40.725538520239816],[16.50105118254339,40.76228797927772],[16.430509327930597,40.70475457467274],[16.400152097359065,40.707405401322646],[16.256145106443164,40.82305152048693],[16.20246417400921,40.91753153545399],[16.251887255374807,40.962179807088305],[16.266029762127424,41.03859703487665],[16.347266880100413,41.12525274437013],[16.339971783934907,41.166517919694996],[16.391591839212868,41.196131326558906],[16.43631782055772,41.188201457904526],[16.470748371919058,41.148034669298454],[16.503846915155343,41.15133704151781],[16.542261260293966,41.229473158906764],[16.591336898482407,41.205593380082284]],[[16.634953440566758,40.75370304748758],[16.642291592570704,40.751604015946135],[16.646433220348797,40.754710865496115],[16.638858537849366,40.755926232601524],[16.634953440566758,40.75370304748758]]],[[[17.299327764194675,40.78678976980945],[17.297065310327145,40.78783512327153],[17.298636395309174,40.78903909876076],[17.299683377188664,40.78854050363118],[17.299327764194675,40.78678976980945]]],[[[17.291188901945137,40.789294914192496],[17.28958209160533,40.78950562062553],[17.290145673944476,40.791052450848014],[17.291808231764715,40.79074325465504],[17.291188901945137,40.789294914192496]]],[[[17.28311138145609,40.78014209893659],[17.282836084707537,40.778650849962766],[17.28022433084104,40.77886659121841],[17.281444172815824,40.7809327269007],[17.28311138145609,40.78014209893659]]]]}},{"type":"Feature","properties":{"district":"Taranto","constituency_code":"IT-PROV-073","province_code":"073","region":"Puglia"},"geometry":{"type":"MultiPolygon","coordinates":[[[[17.29290796644722,40.80169145117395],[17.301247088186713,40.746614632092744],[17.353611426117286,40.74859220305102],[17.426099552950923,40.6878218793917],[17.428299979735776,40.631437016889755],[17.47339459458637,40.61057903072414],[17.448265114169107,40.554215025542234],[17.48699391185144,40.48215734610019],[17.546353469160277,40.43844465093538],[17.62525389944767,40.46251465985949],[17.728618908277188,40.39155273370889],[17.79362447980317,40.389151501402466],[17.763855449917727,40.296143104992986],[17.50762947499034,40.29497438702734],[17.203317389597075,40.408269996465734],[17.25473492018738,40.44110406005345],[17.248295195942507,40.46017044382236],[17.123558347832013,40.5183419675718],[16.995265765341774,40.49493703061576],[16.866520492891194,40.3980775065607],[16.80281733117309,40.45744479945377],[16.720604348231056,40.47915224001931],[16.72720208076,40.688378556984006],[16.696624238613502,40.70208280512784],[16.70448506413997,40.711245033764264],[16.786800024786245,40.73326859816068],[16.80861755052725,40.6919934387028],[16.855854912077188,40.723579210607106],[16.911945333701556,40.70708889164975],[16.928698433645362,40.738738042291395],[17.01545040926934,40.75981564173723],[17.00094527226706,40.731399150875475],[17.022570836211916,40.71307980426112],[17.146884896880948,40.70948270410583],[17.15987883645542,40.74375702738096],[17.247925478029714,40.76596282503059],[17.242764737454568,40.799876735144345],[17.29290796644722,40.80169145117395]],[[17.28958209160533,40.78950562062553],[17.291188901945137,40.789294914192496],[17.291808231764715,40.79074325465504],[17.290145673944476,40.791052450848014],[17.28958209160533,40.78950562062553]],[[17.28022433084104,40.77886659121841],[17.282836084707537,40.778650849962766],[17.282554629261934,40.78087045647229],[17.280123540970454,40.780047714388814],[17.28022433084104,40.77886659121841]]],[[[17.175430208932973,40.43894516078008],[17.175341827509474,40.44063346677729],[17.17932408267482,40.436945343137694],[17.174528574517083,40.43835724137439],[17.173747325365117,40.44054236293087],[17.175430208932973,40.43894516078008]]],[[[17.160656407270228,40.453231997994],[17.157211475306003,40.44473836731992],[17.143293266896595,40.45050936805448],[17.16096611040007,40.45809415784321],[17.160656407270228,40.453231997994]]]]}},{"type":"Feature","properties":{"district":"Brindisi","constituency_code":"IT-PROV-074","province_code":"074","region":"Puglia"},"geometry":{"type":"MultiPolygon","coordinates":[[[[17.96782940545249,40.65988684933404],[17.92720207329445,40.64003534519664],[18.014641199246114,40.636567571353154],[18.045144253897135,40.597279274752026],[18.037437677069857,40.56397206548877],[18.097367144399367,40.51536716916185],[18.059831557020022,40.479362128120236],[18.07528671645746,40.464512578137],[18.04144045104351,40.488949740503955],[17.803706621957406,40.380844857767094],[17.728618908277188,40.39155273370889],[17.6359124149045,40.45998154462206],[17.546353469160277,40.43844465093538],[17.48699391185144,40.48215734610019],[17.448265114169107,40.554215025542234],[17.47339459458637,40.61057903072414],[17.427807230216526,40.63218378251412],[17.426099552950923,40.6878218793917],[17.34966029442801,40.733162906710966],[17.39365182575349,40.748545375533034],[17.399460291649195,40.785262694196305],[17.29542509035552,40.81761018770105],[17.389214612569003,40.89225212884001],[17.50386725336192,40.81877807064269],[17.707228145930426,40.75819176223567],[17.83854380527726,40.69127039650979],[17.936081060466513,40.686034475842604],[17.96782940545249,40.65988684933404]]],[[[18.027248919762332,40.642876136442005],[18.027087399462687,40.64307768067526],[18.02751131800246,40.64315669921012],[18.027340832429456,40.64292280411576],[18.027248919762332,40.642876136442005]]],[[[18.002550002233004,40.653898088598865],[18.002413209067964,40.65471815739069],[18.003366920580483,40.65515575408196],[18.0033885340524,40.65433580061097],[18.002550002233004,40.653898088598865]]],[[[17.998613840923262,40.64903256324114],[17.99677884928188,40.65525602420799],[18.00068714148881,40.655783364042016],[18.00191427725237,40.653818005847974],[17.998613840923262,40.64903256324114]]],[[[17.99434746085577,40.65525305836931],[17.993179432998872,40.65628448685238],[17.99375049456018,40.65703547803841],[17.994551973805386,40.65597888933429],[17.99434746085577,40.65525305836931]]],[[[17.99263529325825,40.65697463065312],[17.992209743978744,40.65694964741372],[17.992080829775446,40.65743630445053],[17.992776995879897,40.657476060087575],[17.99263529325825,40.65697463065312]]],[[[17.991523785325256,40.6576288747306],[17.991331794146983,40.65765591712374],[17.991427823829298,40.65796491899427],[17.991514827552628,40.65796293286448],[17.991523785325256,40.6576288747306]]],[[[17.99085081064203,40.657374904275734],[17.990484728717625,40.65760691490911],[17.990617745384526,40.65796890162502],[17.990953806697966,40.65778089401727],[17.99085081064203,40.657374904275734]]],[[[17.825238177642802,40.70255522255011],[17.824413422623607,40.70290655050936],[17.824767833252466,40.703549234679244],[17.825859107464012,40.70311437919504],[17.825238177642802,40.70255522255011]]],[[[17.824029050451436,40.70321494228049],[17.823618852295493,40.703817541329265],[17.823808601689755,40.70435601477762],[17.824195890148008,40.70362474709884],[17.824029050451436,40.70321494228049]]],[[[17.810009001532386,40.71202609895178],[17.80905351010637,40.711906248698504],[17.809342625717424,40.71281479322276],[17.809964816498855,40.71262753729239],[17.810009001532386,40.71202609895178]]],[[[17.8059949552944,40.713103735603475],[17.804919733748754,40.71357311179268],[17.804714591638824,40.714587117917645],[17.805969430183083,40.71411292517907],[17.8059949552944,40.713103735603475]]]]}},{"type":"Feature","properties":{"district":"Lecce","constituency_code":"IT-PROV-075","province_code":"075","region":"Puglia"},"geometry":{"type":"MultiPolygon","coordinates":[[[[18.47556070805995,40.045565565573305],[18.407162606440977,39.97538281230564],[18.36899275924917,39.79376354317409],[18.149259393631834,39.86195439240525],[18.047563739361575,39.92878520468206],[17.994845023345082,39.99522041136116],[18.01843014872143,40.02908349317144],[17.972082377617745,40.054586530721444],[18.010877200769876,40.10684714047005],[17.919810319097042,40.19213547028153],[17.904518081847613,40.25620339086184],[17.85691302366044,40.28537186673155],[17.762879874225217,40.2916944288771],[17.805500188396536,40.38888803822196],[17.93563289602901,40.428363659631266],[17.953309692926624,40.457618199047154],[18.017585085432184,40.46258589742889],[18.04144045104351,40.488949740503955],[18.069107955898257,40.460424926725466],[18.059831557020022,40.479362128120236],[18.097367144399367,40.51536716916185],[18.203014068623467,40.467089751356376],[18.431346271416544,40.2842465491456],[18.48721373661425,40.14837015374916],[18.51706632827604,40.13495799054389],[18.47556070805995,40.045565565573305]]],[[[18.503096140448076,40.09221817151263],[18.50289096183303,40.09196549310288],[18.503238671297954,40.092774920282885],[18.503383412737943,40.09243034368092],[18.503096140448076,40.09221817151263]]],[[[18.095792807425067,39.89518633162659],[18.096645628220966,39.895082908408085],[18.09661728619543,39.894323236631784],[18.095903175861597,39.89461346960779],[18.095792807425067,39.89518633162659]]],[[[17.969303802798702,40.054189816282666],[17.970356349741024,40.05418632334922],[17.968899188604087,40.05256704799035],[17.968556936656505,40.05314221499931],[17.969303802798702,40.054189816282666]]],[[[17.953183680148577,40.051405471982456],[17.95314933151103,40.05146659075532],[17.953269927518303,40.051383017695045],[17.953183680148577,40.051405471982456]]],[[[17.953089760122776,40.051347604358654],[17.952072805202395,40.04623223107252],[17.944977282541643,40.0463194710901],[17.948646637006153,40.053276129581384],[17.953089760122776,40.051347604358654]]],[[[17.890929749806165,40.253284581514365],[17.89062805260965,40.25293254164309],[17.889396385433024,40.25367084345272],[17.890456066293385,40.253941702886024],[17.890929749806165,40.253284581514365]]],[[[17.888305053686548,40.25509512986711],[17.883876044024866,40.25621803081684],[17.881458163349002,40.26211494838656],[17.887270467087692,40.258329112077945],[17.888305053686548,40.25509512986711]]],[[[17.86885664597273,40.26852263840819],[17.866727195597516,40.26866467197737],[17.864410507451403,40.27144227189754],[17.868926942451562,40.269546779930984],[17.86885664597273,40.26852263840819]]]]}},{"type":"Feature","properties":{"district":"Potenza","constituency_code":"IT-PROV-076","province_code":"076","region":"Basilicata"},"geometry":{"type":"Polygon","coordinates":[[[15.887332292515106,41.129541798358176],[15.953384635166788,41.11080942921591],[16.040622754193933,41.03624314544704],[16.02703822631182,40.991213872176445],[15.97662850906734,40.95845290634625],[16.121069321651856,40.897718869350555],[16.16297058267542,40.92857996542241],[16.20246417400921,40.91753153545399],[16.241783126540476,40.84740333284276],[16.121772342462926,40.79660471669861],[16.147502141015295,40.69919623137301],[16.048224735238012,40.63557089616544],[16.120961555637823,40.5836458696211],[16.07568755466177,40.54464621368145],[16.11625493131047,40.50069171817962],[16.097033231419058,40.48171038716043],[16.141489394047973,40.45253048075697],[16.106050049448754,40.409118829649714],[16.18959460915697,40.320026926572645],[16.16183715244586,40.31216611586287],[16.195482307060992,40.26539354777465],[16.305497469378302,40.271972764293494],[16.33335143687864,40.304453878852726],[16.37563296863168,40.31041765925714],[16.348610483226654,40.20539713542811],[16.396492963589296,40.15376591132315],[16.350519040792268,40.123302539252926],[16.398561585098765,40.017910149835274],[16.337802476786454,39.93617521998782],[16.350595740528682,39.89873410796378],[16.30959029366681,39.93404441469029],[16.268886624181103,39.93598309087496],[16.214276379927917,39.92659563513486],[16.21469081914283,39.89597884472871],[16.15895494996775,39.91940314620444],[16.049021350230554,39.8948020350887],[16.01653105113305,39.92575153564262],[16.006862258478133,39.95814278767325],[16.03389933159394,39.98336515779492],[16.014665125164722,39.99670656883627],[15.979203213911465,39.982400528429615],[15.928019422082002,40.00107170064995],[15.897769785703083,39.98167087244089],[15.820049766925498,40.001869073884095],[15.763471799465407,39.92790007303892],[15.742599634270917,39.934377265273135],[15.644592188168392,40.04215788198478],[15.676164242520018,40.054899067853896],[15.651625706242578,40.078581754401],[15.705829916916189,40.11773231630802],[15.712527205285726,40.17844494637987],[15.79520477603794,40.22138206388818],[15.806121532269135,40.273768125060876],[15.726879574026217,40.31544638118684],[15.710122273853056,40.377299483972806],[15.53885642422528,40.48805001636716],[15.539335836924067,40.56806469361046],[15.449472586630435,40.609102029697176],[15.503633032182767,40.66366814218663],[15.381476208831666,40.72415082109722],[15.388285706782439,40.795392599936974],[15.334971169240543,40.83488003261814],[15.377683207060384,40.83644780613427],[15.354165750175072,40.882651998226],[15.460815444772646,40.86715133763607],[15.46763256964936,40.889603437050766],[15.52724478727197,40.90783382156673],[15.569458651147988,40.97997120711257],[15.53930253832706,41.07037499469217],[15.559724055388344,41.08820376761324],[15.737881824495634,41.09954781651137],[15.76840065027279,41.08318976036703],[15.833614740054514,41.13004969101158],[15.887332292515106,41.129541798358176]],[[15.980292321345658,40.64826664174131],[15.94142174547497,40.63793315645415],[15.978800429285192,40.604601272250726],[15.98457476608519,40.611309912459696],[15.980292321345658,40.64826664174131]]]}},{"type":"Feature","properties":{"district":"Matera","constituency_code":"IT-PROV-077","province_code":"077","region":"Basilicata"},"geometry":{"type":"MultiPolygon","coordinates":[[[[16.252304692113587,40.832679282988764],[16.4137791058382,40.701860928113696],[16.50105118254339,40.76228797927772],[16.538614245083707,40.72497570388183],[16.535800892646282,40.751931533831495],[16.57243999938388,40.7369369638634],[16.579679891714587,40.763661515269355],[16.724908454659953,40.71383275687003],[16.6964893724574,40.70261202144189],[16.72720208076,40.688378556984006],[16.720219568040473,40.47982583174172],[16.80281733117309,40.45744479945377],[16.866885303221622,40.397349740752155],[16.68408079297747,40.14421596104715],[16.64526076085939,40.11812820053204],[16.434012452747204,40.128010859911385],[16.421115836290305,40.14392588233418],[16.39858647645742,40.05565039322707],[16.383082512281856,40.08130581530743],[16.36248898854262,40.07268103321308],[16.37374234978114,40.107836703455334],[16.350519040792268,40.123302539252926],[16.396492963589296,40.15376591132315],[16.348610483226654,40.20539713542811],[16.37563296863168,40.31041765925714],[16.33335143687864,40.304453878852726],[16.305497469378302,40.271972764293494],[16.195482307060992,40.26539354777465],[16.16183715244586,40.31216611586287],[16.18959460915697,40.320026926572645],[16.106050049448754,40.409118829649714],[16.141489394047973,40.45253048075697],[16.097033231419058,40.48171038716043],[16.11625493131047,40.50069171817962],[16.07568755466177,40.54464621368145],[16.120961555637823,40.5836458696211],[16.048224735238012,40.63557089616544],[16.147502141015295,40.69919623137301],[16.122135087388912,40.796991638192964],[16.252304692113587,40.832679282988764]]],[[[16.645858760119214,40.752549422477415],[16.641185355884996,40.75177666736985],[16.633763558668512,40.754884346804246],[16.64255878251942,40.756125134903364],[16.645858760119214,40.752549422477415]]],[[[15.982950613463046,40.646363874588374],[15.983997102180544,40.60577486518873],[15.975956769564737,40.604787412694066],[15.94142174547497,40.63793315645415],[15.982950613463046,40.646363874588374]]]]}},{"type":"Feature","properties":{"district":"Cosenza","constituency_code":"IT-PROV-078","province_code":"078","region":"Calabria"},"geometry":{"type":"MultiPolygon","coordinates":[[[[16.62776924805416,40.12972805952305],[16.645072686457446,40.11803371485464],[16.598684277170975,40.0408905410992],[16.626968105015305,39.95691403288609],[16.489310800030427,39.79809292271948],[16.49339161016099,39.74943846027804],[16.52939975605656,39.72443546178192],[16.522867092598222,39.65933232925936],[16.62189625542608,39.621333523493064],[16.770404592156396,39.6207929475465],[16.86659497528686,39.5386185774165],[17.024898182894546,39.483639709808884],[16.957210460046547,39.43702712317522],[16.95524601549479,39.3960163483914],[16.901027032017524,39.41058363964074],[16.91463306074036,39.383158883936304],[16.839740311145878,39.34080708750679],[16.70487452323881,39.354627573836254],[16.70630549959232,39.32288678537771],[16.761047099034595,39.29188542793755],[16.746671859849343,39.24571684007794],[16.77812561266437,39.19592805159031],[16.630815394718326,39.200597465702224],[16.5359769045801,39.144554662097676],[16.50436162644655,39.15960938614752],[16.479123241799986,39.12229490155521],[16.512680205649616,39.109770911917714],[16.478271158593557,39.10823437059009],[16.470511204778333,39.05131322610132],[16.42440619729641,39.0617585414838],[16.393677955558204,39.10394834419],[16.25881363093692,39.112624347297675],[16.14379310198722,39.04911630901006],[16.093901134724284,39.04876474553311],[16.01392992891175,39.401276499219044],[15.925195473335348,39.526531689003164],[15.873953228040344,39.553901647452165],[15.815616196522742,39.68187904329241],[15.769009640392632,39.83567480995802],[15.78907919188442,39.8496238865548],[15.792005484068966,39.86041413086911],[15.755915684292908,39.923556822376156],[15.771799772744084,39.95875006598071],[15.820049766925498,40.001869073884095],[15.897769785703083,39.98167087244089],[15.928019422082002,40.00107170064995],[15.979203213911465,39.982400528429615],[16.023383280913805,39.99594646722443],[16.006877329848415,39.95693612835837],[16.049021350230554,39.8948020350887],[16.15895494996775,39.91940314620444],[16.21469081914283,39.89597884472871],[16.214276379927917,39.92659563513486],[16.268886624181103,39.93598309087496],[16.30959029366681,39.93404441469029],[16.350595740528682,39.89873410796378],[16.337802476786454,39.93617521998782],[16.39837787030409,40.01694579584724],[16.421115836290305,40.14392588233418],[16.530009949681013,40.11809409322357],[16.62776924805416,40.12972805952305]]],[[[15.801239699428024,39.69743406193581],[15.799992643580861,39.69846129680874],[15.800502490382875,39.70050097169959],[15.803028128396226,39.699267993159125],[15.801239699428024,39.69743406193581]]],[[[15.788324152869814,39.856241309919305],[15.788122482188935,39.85662210474128],[15.789379798137082,39.85679114574974],[15.789129973322483,39.85656737953222],[15.788324152869814,39.856241309919305]]],[[[15.778685172744005,39.84758395165741],[15.77816834690576,39.84759628764571],[15.778856520944105,39.848239783249184],[15.779267537894537,39.84801318567143],[15.778685172744005,39.84758395165741]]],[[[15.77939155189802,39.871824555361165],[15.769953765415957,39.87133794222197],[15.768605117609079,39.8719270769676],[15.774274672625713,39.87586876261574],[15.77939155189802,39.871824555361165]]]]}},{"type":"Feature","properties":{"district":"Catanzaro","constituency_code":"IT-PROV-079","province_code":"079","region":"Calabria"},"geometry":{"type":"Polygon","coordinates":[[[16.626239387087264,39.16952423291263],[16.669317112388114,39.15603483538541],[16.68092735773517,39.13137097629494],[16.638299982787515,39.132061763139454],[16.67931621363131,39.09224737484906],[16.73381421429056,39.05894164818824],[16.84214805833222,39.0419353109731],[16.92059718068887,38.952592193188984],[16.62378804260124,38.82509473116722],[16.571734682256523,38.772830379823446],[16.534763576090715,38.70969115905706],[16.55859516787318,38.68059842948415],[16.581979622805495,38.47005478704018],[16.541016062768747,38.46334661811039],[16.457920514563412,38.5129384647557],[16.407053143407207,38.51403993262444],[16.43911142757943,38.538356376917875],[16.431574487787458,38.58104738758223],[16.32901844643904,38.64065639009298],[16.338470381560274,38.720625269495955],[16.370416937405388,38.7425463353906],[16.355749639014302,38.77854499906336],[16.28445877100629,38.82430885832989],[16.257172365919573,38.819894438275156],[16.278835802975326,38.791740196255496],[16.213210283705973,38.81055720566116],[16.21680799749193,38.923865575593894],[16.15612028689189,38.951482177865515],[16.093901134724284,39.04876474553311],[16.14379310198722,39.04911630901006],[16.25881363093692,39.112624347297675],[16.393677955558204,39.10394834419],[16.42440619729641,39.0617585414838],[16.47004557063403,39.051172331003734],[16.478271158593557,39.10823437059009],[16.512680205649616,39.109770911917714],[16.479123241799986,39.12229490155521],[16.50436162644655,39.15960938614752],[16.5359769045801,39.144554662097676],[16.613021361672505,39.19423912208652],[16.626239387087264,39.16952423291263]]]}},{"type":"Feature","properties":{"district":"Reggio di Calabria","constituency_code":"IT-PROV-080","province_code":"080","region":"Calabria"},"geometry":{"type":"Polygon","coordinates":[[[16.406095655848546,38.563295762282976],[16.43911142757943,38.538356376917875],[16.40777363824581,38.51332395720921],[16.457920514563412,38.5129384647557],[16.541016062768747,38.46334661811039],[16.581979622805495,38.47005478704018],[16.57369018500282,38.43194156185835],[16.47331648691637,38.344058213053245],[16.334559101778297,38.30008454449502],[16.288542922164932,38.25962358080218],[16.163949256492625,38.1339888117026],[16.144193742707785,38.03124832092689],[16.06445526364793,37.92563458304765],[15.764249131315978,37.91606593029777],[15.678022702083014,37.95406281491271],[15.633557796404494,38.01840308955958],[15.657074792619746,38.03967461774584],[15.63022888472555,38.09322924630965],[15.655258143721905,38.133840787317716],[15.635248385738615,38.2297088761298],[15.749190113073894,38.257113000261434],[15.81659500359325,38.3002327978622],[15.918568067595055,38.50676813264224],[15.958756872942455,38.525522004017695],[16.004486768339355,38.51672234922029],[16.079996236978257,38.56209049166298],[16.193503513833228,38.49758592185954],[16.233270853546,38.50084954677401],[16.269350455591145,38.44421510479918],[16.350064442351716,38.42887499577397],[16.392910331899806,38.44730344817579],[16.34927255918646,38.53736039503266],[16.36859268180352,38.56406558686418],[16.406095655848546,38.563295762282976]]]}},{"type":"Feature","properties":{"district":"Trapani","constituency_code":"IT-PROV-081","province_code":"081","region":"Sicilia"},"geometry":{"type":"MultiPolygon","coordinates":[[[[12.732519588031181,38.17951878118167],[12.768148686267898,38.17955845680666],[12.81096159602356,38.081299694765356],[12.878808120761963,38.02916397252624],[12.97714845128949,38.04029069549207],[13.05356410155919,37.95865392340877],[13.0238322913373,37.90229863174214],[12.941084498955615,37.90591814427255],[12.928878780164553,37.88608642373357],[12.970678428356218,37.82383933693265],[13.096849919012415,37.81559303173319],[13.074941163996895,37.78833665425111],[13.100273864318,37.771075259958096],[12.959684893317835,37.727495819415374],[12.917833545477885,37.68926595189522],[12.88710487793481,37.64356073918266],[12.916876581839336,37.644810751475],[12.89652643769403,37.57711215511108],[12.67284230471292,37.55995325520227],[12.614766693868853,37.63579822380387],[12.517705142458944,37.66080187498623],[12.47609123147092,37.69896940996971],[12.425464522326621,37.80312265168204],[12.461684369958867,37.81729235809042],[12.485864727506161,37.873679529419505],[12.459171172314921,37.9083658266264],[12.519967291178828,38.01055627082185],[12.491579193608137,38.01695977668317],[12.569378506723869,38.06885223898222],[12.645702044266468,38.0781632714623],[12.66036453770174,38.11178871543937],[12.71118815803664,38.10974270777861],[12.732519588031181,38.17951878118167]]],[[[12.529033785359363,38.063712022962214],[12.52896278124569,38.06420513910759],[12.529810507477348,38.06501744888934],[12.529715749745115,38.064105916229416],[12.529033785359363,38.063712022962214]]],[[[12.496622949169591,38.01153952573988],[12.49216435731777,38.011028060055516],[12.488992790350375,38.01184302999023],[12.496136674227541,38.01210353231903],[12.496622949169591,38.01153952573988]]],[[[12.488939283844086,38.01240935329499],[12.488437875030346,38.012313750407124],[12.487969345745267,38.012733177757255],[12.488755498030546,38.01279598742154],[12.488939283844086,38.01240935329499]]],[[[12.47095366601021,37.87048289003217],[12.471308546267572,37.865679397900344],[12.46512623385409,37.86405570164369],[12.464568227448897,37.86931240334326],[12.47095366601021,37.87048289003217]]],[[[12.464835880100411,37.87847384176139],[12.458399149171445,37.881795538071756],[12.455322467433149,37.88738020606613],[12.46518724879467,37.87956004433981],[12.464835880100411,37.87847384176139]]],[[[12.456898577723123,37.86255205581658],[12.456300843840156,37.86266340663154],[12.45641459303923,37.86290216971108],[12.45722124835389,37.86289286895555],[12.456898577723123,37.86255205581658]]],[[[12.449981386839355,37.896207104926184],[12.451808649851165,37.852913348082154],[12.446501276463486,37.84404809267932],[12.42882075870479,37.89234410023921],[12.449981386839355,37.896207104926184]]],[[[12.425929036794194,37.987522854137296],[12.4235370879281,37.98836701845071],[12.423940003830435,37.98978600152405],[12.426815361599946,37.98920022024004],[12.425929036794194,37.987522854137296]]],[[[12.416702500429496,37.98751235217826],[12.414605129285535,37.98831322860779],[12.410970115092843,37.99212579534534],[12.414165511229685,37.9901327157499],[12.416702500429496,37.98751235217826]]],[[[12.308425089958563,37.95235989780984],[12.369179057892252,37.92238399651936],[12.365816745245102,37.90616453690169],[12.337267535550673,37.91979848494064],[12.281612862793276,37.91908199395484],[12.278052455848325,37.94497576621098],[12.308425089958563,37.95235989780984]]],[[[12.33351545531961,38.02065976722085],[12.35307695799566,37.99290825688767],[12.337015609561911,37.98556230221722],[12.319885049376026,38.00103130595066],[12.33351545531961,38.02065976722085]]],[[[12.327482963194814,37.98739132083526],[12.329109570676124,37.98695974748553],[12.329501374048684,37.986437025556164],[12.327767330634678,37.98661387128748],[12.327482963194814,37.98739132083526]]],[[[12.30224116316188,37.915924837774746],[12.30365548275564,37.914803928530894],[12.301852892535695,37.91378945050382],[12.299974301416906,37.915476348463685],[12.30224116316188,37.915924837774746]]],[[[12.298915616658793,37.91169465606945],[12.297919282889037,37.911960109938335],[12.298175246205927,37.91281296826464],[12.298992107899187,37.912246057548586],[12.298915616658793,37.91169465606945]]],[[[12.289296860653982,37.91370794368494],[12.28900371223696,37.91402556924239],[12.290004083251262,37.915355150143654],[12.290542838086788,37.914466506824176],[12.289296860653982,37.91370794368494]]],[[[12.001338327855477,36.81966193913947],[12.053482602011098,36.79056037963028],[12.02522622952617,36.734932836110964],[11.982096663458538,36.744452159507425],[11.926590382305738,36.80227084277],[11.952846624552205,36.839360641258786],[12.001338327855477,36.81966193913947]]],[[[12.063892443075526,37.9900466073056],[12.06490796113631,37.9773543832126],[12.091706464334354,37.947350371287975],[12.04442332008516,37.958532759800555],[12.027935715146313,37.991561840251705],[12.063892443075526,37.9900466073056]]]]}},{"type":"Feature","properties":{"district":"Palermo","constituency_code":"IT-PROV-082","province_code":"082","region":"Sicilia"},"geometry":{"type":"MultiPolygon","coordinates":[[[[13.333010322158856,38.197061471372606],[13.36571757346456,38.18228462821074],[13.384260533873878,38.108658550300966],[13.442719448217408,38.09480679656588],[13.537876692556202,38.11255062796343],[13.536490313002886,38.067090189209104],[13.566419997959656,38.03875841729262],[13.743653660826475,37.970192811660205],[14.035910910933257,38.04148870823322],[14.063977201460698,38.01867026924945],[14.183459887155463,38.01936634957358],[14.252927293037418,37.9169835741273],[14.292306874427705,37.9176857569562],[14.260851092790558,37.79240936225046],[14.294952195325378,37.74629180377482],[14.268553495842964,37.704544259707305],[14.161664604573598,37.66957512230688],[14.163468373294206,37.63716691613852],[14.131860367852287,37.61163856839282],[14.055536449568613,37.647854700244324],[14.025196382108769,37.63191520478686],[14.027405885247196,37.602353459589],[13.95655293048678,37.585585844167944],[13.89928811909039,37.61814402200794],[13.904465103418655,37.65746156433016],[13.87897361319051,37.680557702150566],[13.813883461996909,37.704624194269144],[13.806352619804649,37.744816395801756],[13.77558711471898,37.7011061467495],[13.743699065372462,37.70661989189432],[13.732542021229081,37.682930428875295],[13.678818540383801,37.692166593540314],[13.65681822138125,37.65867789963068],[13.569101948462206,37.635940341612624],[13.517998229263807,37.641172065723886],[13.511676374578789,37.65921534028944],[13.426344511410525,37.64320128033683],[13.394982182532349,37.65956803229763],[13.381185991217682,37.599519246806615],[13.400510297646052,37.558244267667824],[13.35641493317732,37.53926192572755],[13.320707407502582,37.58807977681091],[13.348242485192486,37.657002941925576],[13.275795188243766,37.6472075520264],[13.25225656002206,37.61178638908183],[13.18777985923824,37.6916236541472],[13.078720311630939,37.69050952931774],[13.011916562651313,37.74298680984147],[13.100273864318,37.771075259958096],[13.074941163996895,37.78833665425111],[13.09728161931311,37.81512312211558],[12.970678428356218,37.82383933693265],[12.928878780164553,37.88608642373357],[12.941084498955615,37.90591814427255],[12.992758188981675,37.897386541184346],[13.046915342665743,37.91738588927079],[13.05356410155919,37.95865392340877],[12.97714845128949,38.04029069549207],[13.077803900815033,38.087720270355355],[13.052409022379063,38.138611463853444],[13.090048538476717,38.18198445935627],[13.191387510077783,38.16933480946469],[13.316466944363961,38.224684482166474],[13.333010322158856,38.197061471372606]],[[14.039678625991169,37.68916772550231],[14.009040278917944,37.68763554311375],[14.019168841592668,37.65675039169392],[14.08569365934477,37.676704379560015],[14.091235292075911,37.7042676521963],[14.043544197782241,37.725897343223224],[14.039678625991169,37.68916772550231]]],[[[13.235338896794822,38.21264450652924],[13.237291632968919,38.21200118970868],[13.237684681009306,38.2082094623927],[13.234180750739023,38.20905215018815],[13.235338896794822,38.21264450652924]]],[[[13.156732983530828,37.625480025688226],[13.144728685857645,37.643379590946545],[13.183244485785892,37.635318609321615],[13.182317037584623,37.63385408816716],[13.156732983530828,37.625480025688226]]],[[[13.186109400750631,38.716606630083774],[13.185968920640116,38.69623111308792],[13.152851267612816,38.69345082252775],[13.159592001275744,38.71216430605632],[13.186109400750631,38.716606630083774]]]]}},{"type":"Feature","properties":{"district":"Messina","constituency_code":"IT-PROV-083","province_code":"083","region":"Sicilia"},"geometry":{"type":"MultiPolygon","coordinates":[[[[15.620346144277777,38.272714097157944],[15.652917333079545,38.266953385194434],[15.5821790129454,38.24536147365519],[15.557594060435896,38.19038399663211],[15.576043978948052,38.19411491683411],[15.493602124345779,38.07461447144965],[15.2580535610846,37.8072226882252],[15.152616089781143,37.89546852829546],[14.97989738036135,37.89308829355576],[14.92924354213661,37.960896920555484],[14.857216678648923,37.92644974919166],[14.841434342461758,37.95892220103912],[14.828524471039534,37.935096631852105],[14.80135608256541,37.95324290435375],[14.764768989655304,37.94022607540769],[14.778487315593706,37.904095006847434],[14.766911999139129,37.88849555843327],[14.738454427724568,37.90223705010696],[14.738120785920712,37.848516651511154],[14.758628727365979,37.8684143466082],[14.782338944166039,37.85925929389737],[14.799102866607065,37.802081761629104],[14.762129961395475,37.822846463838154],[14.68167616397534,37.7954272172991],[14.598829565835514,37.80996178867807],[14.552470208002877,37.839701997670296],[14.570206465893188,37.87963869386772],[14.505049079382196,37.85077086503301],[14.476832526776425,37.810997070280095],[14.453999754909301,37.81694379625425],[14.461409204200022,37.84328412132917],[14.40627214037551,37.866363092964214],[14.396073678021454,37.8483044145593],[14.279957052371556,37.84009138658241],[14.26817020711878,37.87584256366093],[14.291934440749436,37.91861190007976],[14.252927293037418,37.9169835741273],[14.183962685861994,38.01667984677529],[14.308972495951627,38.00786834560249],[14.426954488069207,38.04055885595811],[14.52521297754474,38.04220603095253],[14.64139075536956,38.07600461567951],[14.747843294044822,38.16538640819819],[14.787499609296079,38.15140619466362],[14.916270871841133,38.192276193455136],[14.969761983444211,38.15244383338168],[15.044822536518586,38.151901228933916],[15.096032871890763,38.120886742028816],[15.212148352603396,38.18642362025841],[15.23119591686101,38.2715350070986],[15.241287758126994,38.21689182346124],[15.292829290718696,38.20637785820072],[15.4261272111278,38.24133184561604],[15.52134496783063,38.297712654897],[15.620346144277777,38.272714097157944]]],[[[15.301250578645103,37.850583147867866],[15.301376151977813,37.84967990846117],[15.300419685913937,37.84952379660853],[15.30004371960011,37.85065183701361],[15.301250578645103,37.850583147867866]]],[[[15.215086808846333,38.77148960937908],[15.187348964064201,38.79087632600217],[15.220613742753434,38.81212165693922],[15.243204771309118,38.80238035988157],[15.215086808846333,38.77148960937908]]],[[[15.117659794674946,38.6609551813117],[15.110310619796163,38.66163822907682],[15.108759111597458,38.66365382672702],[15.115231417942868,38.66612136535788],[15.117659794674946,38.6609551813117]]],[[[15.114081284168165,38.63851926068714],[15.11207749951669,38.639327754481734],[15.113854378097463,38.640353389876154],[15.11550693474653,38.639067573371214],[15.114081284168165,38.63851926068714]]],[[[15.111031542069256,38.637242497342264],[15.109976001180032,38.638243811304925],[15.110005455770432,38.638725915970305],[15.111061300323161,38.637904843831805],[15.111031542069256,38.637242497342264]]],[[[15.106595560853544,38.63471880744609],[15.1065906844582,38.63530007771607],[15.106901062283008,38.63540792426903],[15.106926533282321,38.63514657198435],[15.106595560853544,38.63471880744609]]],[[[15.108843301059498,38.66421698800735],[15.107792033938969,38.66452435633737],[15.107545568174398,38.66496166245825],[15.108499449553264,38.66486614880706],[15.108843301059498,38.66421698800735]]],[[[15.09712487536832,38.638647206201526],[15.09582463643134,38.639405270690176],[15.097612655303555,38.640350044012216],[15.098242764801297,38.63898422304682],[15.09712487536832,38.638647206201526]]],[[[15.058524144993042,38.62504694465275],[15.059053937157152,38.640695786427194],[15.073712943490682,38.64633339241164],[15.075702996335524,38.63189511870975],[15.058524144993042,38.62504694465275]]],[[[15.062992197779444,38.62417496829052],[15.062127848023838,38.62429258745879],[15.063816850405487,38.62460710253103],[15.063805274384409,38.62450796150678],[15.062992197779444,38.62417496829052]]],[[[15.064824684091345,38.64669460750853],[15.064574590544483,38.646523527322515],[15.063678714530374,38.647033190822725],[15.064331035110905,38.64724010249614],[15.064824684091345,38.64669460750853]]],[[[14.963728915315436,38.41211036778631],[14.9971385519698,38.39624542690335],[15.002800426293998,38.370857906991056],[14.949444633805461,38.38463580603031],[14.959548339190366,38.43227828101499],[14.963728915315436,38.41211036778631]]],[[[14.962466841312615,38.521237769980715],[14.980676478737381,38.48315268347304],[14.955297419450513,38.474422033466894],[14.954242095669908,38.43913910440084],[14.897665124743078,38.48637645998995],[14.912497669116343,38.518430881140915],[14.962466841312615,38.521237769980715]]],[[[14.938760871480621,38.39945133120703],[14.938145274503958,38.39949607143656],[14.93803903905911,38.39984298717863],[14.938966486725628,38.40006878729117],[14.938760871480621,38.39945133120703]]],[[[14.86679541696487,38.5831209391354],[14.871272699888253,38.536696243932745],[14.79606535457172,38.561642716476996],[14.807356884959498,38.58307424167829],[14.86679541696487,38.5831209391354]]],[[[14.587088176204919,38.558636384375774],[14.555769026287384,38.557764723898714],[14.541551482219333,38.58217720334238],[14.575692918084522,38.58127409289877],[14.587088176204919,38.558636384375774]]],[[[14.351793899757274,38.53063797268199],[14.340292241668324,38.54824602875104],[14.362303868261892,38.554252737685246],[14.363553210694983,38.53783539537414],[14.351793899757274,38.53063797268199]]]]}},{"type":"Feature","properties":{"district":"Agrigento","constituency_code":"IT-PROV-084","province_code":"084","region":"Sicilia"},"geometry":{"type":"MultiPolygon","coordinates":[[[[13.027479152374362,37.74070771571178],[13.079444821150524,37.6902285388865],[13.18777985923824,37.6916236541472],[13.25225656002206,37.61178638908183],[13.275795188243766,37.6472075520264],[13.348242485192486,37.657002941925576],[13.320707407502582,37.58807977681091],[13.35641493317732,37.53926192572755],[13.400510297646052,37.558244267667824],[13.381185991217682,37.599519246806615],[13.394982182532349,37.65956803229763],[13.426344511410525,37.64320128033683],[13.511676374578789,37.65921534028944],[13.56456676968584,37.63540179913202],[13.65681822138125,37.65867789963068],[13.691396637151382,37.69471189528159],[13.822642270359385,37.675781866876264],[13.827961134225474,37.61659139759368],[13.788578699510111,37.62351308978054],[13.754037915051878,37.591662582475045],[13.670686774306365,37.57954861163892],[13.690377314439763,37.50078104416714],[13.65060786791728,37.46117102409986],[13.749752486117147,37.42785811664262],[13.8490099783097,37.437140293322486],[13.861076543522636,37.40396358016201],[13.908421746718396,37.387239598381974],[13.885086419096538,37.35656647839164],[14.031514926822227,37.29218258737908],[14.015606521326868,37.22752362987495],[13.991317087462473,37.22045935250806],[14.004281811871428,37.19356292569598],[13.982333120791903,37.19273668283867],[14.029962326593955,37.154594370366375],[14.036310026321132,37.10608827802715],[13.895636047586885,37.09747127602427],[13.824081640656713,37.14448911341169],[13.751391907618766,37.149257759418106],[13.555520979281544,37.285439757448124],[13.448484999770976,37.29596077218755],[13.271616521866218,37.391692026651334],[13.16891095789529,37.49198992398092],[13.016924238949695,37.496927634211275],[12.96062929401072,37.5641524186196],[12.89652643769403,37.57711215511108],[12.916876581839336,37.644810751475],[12.887080331940577,37.64322600750618],[12.958637364367528,37.726819444278505],[13.027479152374362,37.74070771571178]],[[13.143202204211978,37.639127793314344],[13.151651399973602,37.6251571005685],[13.183309593727236,37.6349402395474],[13.16735671132369,37.645958761114166],[13.143202204211978,37.639127793314344]]],[[[13.856699908115141,37.112199319301546],[13.85611302377058,37.11227518493403],[13.85575049947999,37.112825892114074],[13.85672496417637,37.11262378732214],[13.856699908115141,37.112199319301546]]],[[[12.877266941695558,35.87482454032908],[12.88123759874439,35.85485633990718],[12.858108667491946,35.855617953360266],[12.84925669056977,35.87106305275967],[12.877266941695558,35.87482454032908]]],[[[12.53139223124575,35.529131391698876],[12.62791893973143,35.52040587792642],[12.632694797992203,35.49369192664556],[12.599256771068728,35.49553683923762],[12.518346151031064,35.5194260825432],[12.53139223124575,35.529131391698876]]],[[[12.528717978299383,35.52878139605805],[12.528519972765618,35.528766066150304],[12.528292447789456,35.52908365196731],[12.528728760411582,35.52905878405843],[12.528717978299383,35.52878139605805]]],[[[12.321441691656721,35.5506197523058],[12.319946268890712,35.55122869967856],[12.320663895203458,35.55327716209595],[12.32270835681289,35.5520787522823],[12.321441691656721,35.5506197523058]]]]}},{"type":"Feature","properties":{"district":"Caltanissetta","constituency_code":"IT-PROV-085","province_code":"085","region":"Sicilia"},"geometry":{"type":"MultiPolygon","coordinates":[[[[13.813883461996909,37.704624194269144],[13.87897361319051,37.680557702150566],[13.904465103418655,37.65746156433016],[13.89928811909039,37.61814402200794],[13.95655293048678,37.585585844167944],[14.027405885247196,37.602353459589],[14.025196382108769,37.63191520478686],[14.05678097923073,37.648035347407],[14.164405219313558,37.61220703459171],[14.123479583137694,37.52920537278582],[14.159364903502103,37.481047700117024],[14.055994240622777,37.40687872687654],[14.083472130405767,37.339323515351815],[14.128804680184093,37.34541606525365],[14.16715588109596,37.32396057456474],[14.253781866698587,37.34560321492594],[14.31682732375231,37.32682193865865],[14.315833868233252,37.3030004966358],[14.352658965464643,37.30613256254135],[14.352787926118111,37.27805275532445],[14.382505182404028,37.285547594196096],[14.381452468974558,37.19218554390104],[14.402176069701499,37.177383577622926],[14.431935507180853,37.189787003865106],[14.476415725143847,37.134467079726534],[14.428341381389858,37.093902530476036],[14.444108529852178,37.05293551181649],[14.413786656326433,37.03052952379782],[14.337889591723034,37.00158128377105],[14.170564911732976,37.09107717740088],[14.036310026321132,37.10608827802715],[14.029962326593955,37.154594370366375],[13.982333120791903,37.19273668283867],[14.004281811871428,37.19356292569598],[13.991317087462473,37.22045935250806],[14.015606521326868,37.22752362987495],[14.031514926822227,37.29218258737908],[13.885086419096538,37.35656647839164],[13.908421746718396,37.387239598381974],[13.861076543522636,37.40396358016201],[13.8490099783097,37.437140293322486],[13.749752486117147,37.42785811664262],[13.65060786791728,37.46117102409986],[13.690377314439763,37.50078104416714],[13.671107548126837,37.58006777314156],[13.754037915051878,37.591662582475045],[13.788578699510111,37.62351308978054],[13.830898700282997,37.61859612979499],[13.822642270359385,37.675781866876264],[13.732542021229081,37.682930428875295],[13.8081382638688,37.74511486953302],[13.813883461996909,37.704624194269144]],[[14.098584423251335,37.537554413100025],[14.104329495304556,37.54823678419951],[14.089692882269615,37.557404141981365],[14.089352016298754,37.54574925415009],[14.098584423251335,37.537554413100025]]],[[[14.068617263352662,37.712265839737064],[14.091235292075911,37.7042676521963],[14.086202812806908,37.67722262648756],[14.019168841592668,37.65675039169392],[14.007741271468673,37.68466982139884],[14.041520961646917,37.68942508339103],[14.036220970204704,37.72077971953931],[14.068617263352662,37.712265839737064]]]]}},{"type":"Feature","properties":{"district":"Enna","constituency_code":"IT-PROV-086","province_code":"086","region":"Sicilia"},"geometry":{"type":"MultiPolygon","coordinates":[[[[14.572282806400436,37.87673585076305],[14.552470208002877,37.839701997670296],[14.598829565835514,37.80996178867807],[14.680506643483687,37.795339775860995],[14.742251759984988,37.818133021435486],[14.744485397897801,37.789618658884514],[14.714381966772182,37.77606752029192],[14.736817232086127,37.75359780097944],[14.706269430061297,37.73153299273135],[14.716474004520283,37.69730204751723],[14.751214215254167,37.68620918557014],[14.79786149471971,37.712731494449415],[14.792420725023403,37.65275847581155],[14.825867118915246,37.63171193008185],[14.78657121174746,37.50209733472146],[14.681251164916722,37.557879573759024],[14.63442889312648,37.535876306931954],[14.543395079353116,37.54274409545923],[14.489288239714444,37.511414836387125],[14.527791512621368,37.49689278122216],[14.541765880230473,37.44996005983094],[14.633568572106025,37.42464625984707],[14.581172494256046,37.40240755999179],[14.58140730354761,37.364153785884795],[14.489421250714683,37.34995678439997],[14.521536065683348,37.324273870878706],[14.50268320477932,37.30912689048313],[14.446300475221193,37.34855516153404],[14.422515933392843,37.33908367356002],[14.45564094861995,37.309171893123334],[14.432966512764267,37.29222928139581],[14.315833868233252,37.3030004966358],[14.31682732375231,37.32682193865865],[14.25261805510986,37.34580361090358],[14.16715588109596,37.32396057456474],[14.128804680184093,37.34541606525365],[14.084385151653487,37.33841975128664],[14.055994240622777,37.40687872687654],[14.159364903502103,37.481047700117024],[14.123479583137694,37.52920537278582],[14.160385027129845,37.58886248477569],[14.164405219313558,37.61220703459171],[14.135039910718183,37.616705779310074],[14.163468373294206,37.63716691613852],[14.157969723932455,37.666412468962726],[14.252238704060906,37.69345681862578],[14.294364577099827,37.74372075400962],[14.26501048203597,37.83223522617668],[14.396073678021454,37.8483044145593],[14.40627214037551,37.866363092964214],[14.461409204200022,37.84328412132917],[14.453999754909301,37.81694379625425],[14.476832526776425,37.810997070280095],[14.505829000878819,37.85133297785002],[14.572282806400436,37.87673585076305]]],[[[14.100696388969784,37.537444965664285],[14.089352016298754,37.54574925415009],[14.089692882269615,37.557404141981365],[14.103785027490394,37.549277871919735],[14.100696388969784,37.537444965664285]]]]}},{"type":"Feature","properties":{"district":"Catania","constituency_code":"IT-PROV-087","province_code":"087","region":"Sicilia"},"geometry":{"type":"MultiPolygon","coordinates":[[[[14.95270487619532,37.92531815334777],[14.984162102618829,37.89154762187629],[15.152616089781143,37.89546852829546],[15.2580535610846,37.8072226882252],[15.20534144451274,37.740958037234435],[15.218347293065415,37.708373050036755],[15.174308792254706,37.632106689504624],[15.177141738349096,37.5762616217791],[15.090270728333367,37.499657460301655],[15.090968261265475,37.35865091831919],[14.891785144485265,37.41000459035487],[14.77843478582926,37.329857703220085],[14.892163954895581,37.31102216809646],[14.847534706299802,37.2600183711153],[14.772961225145108,37.22477182691976],[14.825531990396218,37.196032714240445],[14.871345489307462,37.20475372551122],[14.834619864163981,37.16270383621074],[14.836753114007594,37.12449526871362],[14.775423780186676,37.13947488063763],[14.796261006959792,37.106584029303804],[14.765738285106725,37.09545909051531],[14.727421714789935,37.09603495032533],[14.708776473387836,37.127211770340224],[14.56403418977103,37.051493866204666],[14.533961211792137,37.075447778323365],[14.444108529852178,37.05293551181649],[14.428341381389858,37.093902530476036],[14.476415725143847,37.134467079726534],[14.431935507180853,37.189787003865106],[14.402176069701499,37.177383577622926],[14.381452468974558,37.19218554390104],[14.392758934277694,37.26185046909491],[14.38174484517301,37.28609320850301],[14.352787926118111,37.27805275532445],[14.352658965464643,37.30613256254135],[14.432966512764267,37.29222928139581],[14.45564094861995,37.309171893123334],[14.422091418118914,37.3386305195553],[14.446300475221193,37.34855516153404],[14.50268320477932,37.30912689048313],[14.521536065683348,37.324273870878706],[14.489421250714683,37.34995678439997],[14.58140730354761,37.364153785884795],[14.581172494256046,37.40240755999179],[14.633568572106025,37.42464625984707],[14.541765880230473,37.44996005983094],[14.527791512621368,37.49689278122216],[14.487836496106674,37.5085554731381],[14.54297712593395,37.54260622936086],[14.63442889312648,37.535876306931954],[14.681251164916722,37.557879573759024],[14.78657121174746,37.50209733472146],[14.825867118915246,37.63171193008185],[14.792420725023403,37.65275847581155],[14.79786149471971,37.712731494449415],[14.724409041367084,37.68135372249743],[14.705775822970677,37.72932671285892],[14.736817232086127,37.75359780097944],[14.714381966772182,37.77606752029192],[14.744485397897801,37.789618658884514],[14.742251759984988,37.818133021435486],[14.802805567692323,37.81089592967689],[14.777930421575002,37.86242450950207],[14.738681678062182,37.847463013315085],[14.738103018771728,37.90174563228009],[14.771354572486702,37.890090951139044],[14.764768989655304,37.94022607540769],[14.80135608256541,37.95324290435375],[14.828524471039534,37.935096631852105],[14.840544724278883,37.95902953503327],[14.857216678648923,37.92644974919166],[14.929532160718594,37.960810316540886],[14.95270487619532,37.92531815334777]]],[[[15.166837907290855,37.560373222848995],[15.165894918327131,37.56124842845567],[15.166611207424728,37.56218514144589],[15.167982746447246,37.5614337136673],[15.166837907290855,37.560373222848995]]],[[[15.166200067314405,37.55926591727657],[15.165421075004806,37.559347254268694],[15.165502815737101,37.56013048424503],[15.16626253065859,37.5595168959111],[15.166200067314405,37.55926591727657]]]]}},{"type":"Feature","properties":{"district":"Ragusa","constituency_code":"IT-PROV-088","province_code":"088","region":"Sicilia"},"geometry":{"type":"MultiPolygon","coordinates":[[[[14.80163255614943,37.11014551667905],[14.843106956730205,37.060738581233636],[14.818414279723447,37.05344560154091],[14.837933987242968,37.05507796703222],[14.93781305525097,36.90331287002097],[14.837090215326599,36.97440597222542],[14.838783296082797,36.946780311387656],[14.896819665362784,36.925301743707706],[14.884037772413372,36.898796906231404],[14.938602762586049,36.863662200836735],[14.923259976357565,36.84807567224727],[14.86923846086892,36.86917687293796],[14.854383389032321,36.82768453142197],[14.986042410609464,36.779958740214695],[15.000375639499918,36.70277732496543],[14.972662325611564,36.69257636631355],[14.88332158599042,36.7306986863235],[14.835423662224603,36.72260789509151],[14.83898930313144,36.707643136128226],[14.701644161361289,36.717258456205165],[14.628192837126932,36.76510887899665],[14.493513121027986,36.78654591397017],[14.337889591723034,37.00158128377105],[14.447180410934282,37.056613629828554],[14.533961211792137,37.075447778323365],[14.568187943136422,37.052835553850784],[14.708776473387836,37.127211770340224],[14.727858934188001,37.09593723331606],[14.796261006959792,37.106584029303804],[14.775423780186676,37.13947488063763],[14.80163255614943,37.11014551667905]]],[[[14.932083245955008,36.68573999135375],[14.93149394473482,36.68603274788584],[14.932175050766446,36.6864959893497],[14.932639912840562,36.68601145198895],[14.932083245955008,36.68573999135375]]]]}},{"type":"Feature","properties":{"district":"Siracusa","constituency_code":"IT-PROV-089","province_code":"089","region":"Sicilia"},"geometry":{"type":"MultiPolygon","coordinates":[[[[15.247279564954349,37.24789741661424],[15.224497013629062,37.21622383349635],[15.214489904970693,37.24713442966285],[15.192837154945208,37.2359065092155],[15.186478360235592,37.19149803286695],[15.206481614436356,37.15304830696709],[15.233610819262328,37.15912709770496],[15.24475327313802,37.145871541460416],[15.220117159398074,37.143368268262705],[15.23694989681073,37.115439576749985],[15.295748407340158,37.10674489940528],[15.296472791383247,37.05282167221212],[15.27956973626787,37.06560446470438],[15.270961583639433,37.051362582515814],[15.314950164130877,37.03709581016581],[15.33643462462012,37.00196003709425],[15.275115369921359,37.00672859700545],[15.264865650234391,36.99762288698363],[15.262620657878502,36.97510254506592],[15.208533302813343,36.96353414826753],[15.153430413593124,36.91445931160706],[15.094173495895781,36.799330350008326],[15.123602325151305,36.70159985535194],[15.140249264295099,36.68503849200687],[15.078506026193528,36.646514817815444],[14.99917557473006,36.70444504891692],[14.985199953748818,36.780723603431895],[14.854383389032321,36.82768453142197],[14.86923846086892,36.86917687293796],[14.923259976357565,36.84807567224727],[14.938602762586049,36.863662200836735],[14.884037772413372,36.898796906231404],[14.896819665362784,36.925301743707706],[14.838783296082797,36.946780311387656],[14.837090215326599,36.97440597222542],[14.93781305525097,36.90331287002097],[14.837933987242968,37.05507796703222],[14.818414279723447,37.05344560154091],[14.843106956730205,37.060738581233636],[14.818081923632219,37.11204616526405],[14.794581742797693,37.11577545751376],[14.793869687646696,37.13204346890422],[14.843886967134393,37.13026582229187],[14.834619864163981,37.16270383621074],[14.871345489307462,37.20475372551122],[14.825531990396218,37.196032714240445],[14.772961225145108,37.22477182691976],[14.847534706299802,37.2600183711153],[14.892221823504917,37.3107087463626],[14.778579734323712,37.33046947909974],[14.922089509547964,37.412416340559695],[14.982410368140362,37.37376469976269],[15.090968261265475,37.35865091831919],[15.105339157569977,37.310133497510435],[15.186650955482195,37.279410960357815],[15.206611408045703,37.293353420493865],[15.247279564954349,37.24789741661424]]],[[[15.26453320911639,36.978683041329475],[15.26311839231072,36.97894082537232],[15.263244712554513,36.97973381695681],[15.2642020614589,36.979585216951754],[15.26453320911639,36.978683041329475]]],[[[15.247317791155151,37.24792174833468],[15.24730262730908,37.24795229923423],[15.247340756878788,37.2479461135241],[15.247317791155151,37.24792174833468]]],[[[15.205624017762121,37.23567927447408],[15.203590728575401,37.23523434578094],[15.203329355054699,37.23551422673858],[15.20446516502166,37.2365466208607],[15.205624017762121,37.23567927447408]]],[[[15.144263268279678,36.68227533484977],[15.146288036972273,36.688457997744244],[15.154179097366718,36.68892953365971],[15.151919631438266,36.68570008860083],[15.144263268279678,36.68227533484977]]],[[[15.118806043754223,36.73783075647819],[15.118417887162623,36.73848530126413],[15.119236177600845,36.7385803128563],[15.119140255011983,36.73804300636115],[15.118806043754223,36.73783075647819]]],[[[15.106160468195514,36.79070181017798],[15.105563225904294,36.7900350678798],[15.104241971621114,36.79230819072438],[15.10614161351377,36.792379059817065],[15.106160468195514,36.79070181017798]]]]}},{"type":"Feature","properties":{"district":"Sassari","constituency_code":"IT-PROV-090","province_code":"090","region":"Sardegna"},"geometry":{"type":"MultiPolygon","coordinates":[[[[9.77758287454067,40.87359905939826],[9.776931511236487,40.87472948022266],[9.77803431287912,40.875920142163665],[9.778912732051149,40.87467107592326],[9.77758287454067,40.87359905939826]]],[[[9.76587272490774,40.68415426553609],[9.76498339877673,40.68490336674061],[9.767676325403206,40.68548005536233],[9.76702504492592,40.684412367736165],[9.76587272490774,40.68415426553609]]],[[[9.225641870781592,41.25906699389042],[9.237012694835046,41.246048194741526],[9.280526617147006,41.227842500946345],[9.272241851000498,41.19442758812481],[9.287015480152975,41.21923306401396],[9.289783050031373,41.193174356744166],[9.315528438831016,41.19202688339845],[9.32034031465595,41.20306622128415],[9.332642900266388,41.185384973195625],[9.363314223417355,41.2075776957739],[9.37023831963949,41.1832434853383],[9.423279622220187,41.17680931041984],[9.405125074065452,41.157931032280594],[9.432160912758311,41.15152499293847],[9.442482613707687,41.10180929468067],[9.466928655921775,41.14350063850841],[9.510156767671344,41.14073203594249],[9.51948914829329,41.15689551675623],[9.540415207908897,41.11444407717377],[9.566893350794183,41.11586619414502],[9.505919899266278,41.00942640798191],[9.561215132783824,41.03771364772762],[9.555479564561104,41.00377197126922],[9.59508037940629,41.022734518323226],[9.664878210889766,40.99544590142218],[9.61125595849259,41.003363572809576],[9.574833898533484,40.92798601843645],[9.501541738691012,40.917934838439855],[9.506574030808835,40.91132893514401],[9.563364816451276,40.91906254604651],[9.575944510546751,40.90405234895253],[9.588661225907286,40.89961463021891],[9.64428757269119,40.9200136833072],[9.61595294225699,40.88958665452897],[9.66517665771472,40.853285753081224],[9.677738416595856,40.861662417777794],[9.693524551475068,40.84637157597794],[9.727911517157075,40.84448078785056],[9.68630249462285,40.83523994320496],[9.67039387738251,40.788224199553945],[9.717951140637343,40.74830439219989],[9.748828501877767,40.66044292663191],[9.691801211431379,40.6790951309437],[9.683516631635504,40.658091399583824],[9.651389867890373,40.69228453532942],[9.583090090027156,40.70607247658418],[9.511957331554216,40.64890784129699],[9.42055430932801,40.6585558415399],[9.378522618853125,40.616369364208126],[9.39353609529422,40.59211265442417],[9.286421637769719,40.525902132093705],[9.188686576195511,40.536564205067926],[9.182127243719108,40.50868583408921],[9.278791553563064,40.51084438880825],[9.284477665519816,40.476569515542],[9.251182927278323,40.4664394904917],[9.18318199897596,40.37125128776469],[9.061508174273722,40.33676674101453],[9.027973647347912,40.29661652991915],[8.897970301542488,40.405766208710766],[8.864862678164018,40.38974108863976],[8.826982028774584,40.41298364187737],[8.812571645633263,40.364676813403065],[8.737260570739268,40.35333186089017],[8.642714148170176,40.29704123909646],[8.514051593576937,40.42169101006394],[8.443634055444459,40.39559876140031],[8.399753076758442,40.407568507529234],[8.373937152140341,40.49082740819698],[8.339214622155742,40.50917094102328],[8.299374533108018,40.59107820450834],[8.1981492491917,40.57119417067917],[8.219509237660963,40.601010577858325],[8.193697341865732,40.61825147664075],[8.1627200835739,40.56024159639159],[8.144635900820878,40.623308187798706],[8.186731282238341,40.63919269531965],[8.204903062108546,40.68490484310337],[8.133857090286936,40.732600254544096],[8.223798158304811,40.88638204367523],[8.176034807739292,40.93415435348718],[8.198298768701228,40.96918173818066],[8.23838253118626,40.952905608456554],[8.23270282756573,40.91083586924313],[8.313856299713603,40.84480435215365],[8.343340541753049,40.84072290194722],[8.350147014188074,40.85035193624327],[8.362513765482719,40.852915122620274],[8.370573604267317,40.85230627989284],[8.384463167272326,40.851016471719696],[8.347912032134282,40.83978494240546],[8.458806702724754,40.81957616789126],[8.559664908160068,40.83117786725077],[8.698918821636843,40.91454720218129],[8.790897276047733,40.92272074603359],[8.879882414769787,41.02866153068199],[8.929013852174409,41.04365798118941],[9.013252838310233,41.12542139528558],[9.086769492985379,41.12813578609215],[9.16774394705076,41.16810799705123],[9.167099627083221,41.22999964348303],[9.140901521706795,41.24449444361416],[9.163922269577313,41.23577145430262],[9.225641870781592,41.25906699389042]]],[[[9.729674706913253,40.8758477484749],[9.74215701204618,40.87068744539102],[9.736445052911684,40.85948736317],[9.71007607317138,40.86929945031535],[9.729674706913253,40.8758477484749]]],[[[9.734127333821714,40.922616074827275],[9.741631867171362,40.91108035634266],[9.6730901512788,40.88905114527968],[9.737394663482293,40.927679218234374],[9.734127333821714,40.922616074827275]]],[[[9.724186567794565,40.84582620181127],[9.723906395287976,40.84596984135987],[9.724910792120088,40.84642633560743],[9.724662179970759,40.846064187237914],[9.724186567794565,40.84582620181127]]],[[[9.722819264590504,40.84526725423929],[9.72187153642934,40.84675055158062],[9.724594698522464,40.84749242754984],[9.724586579102308,40.846747041079354],[9.722819264590504,40.84526725423929]]],[[[9.708532451529207,40.827308838666],[9.70665479280577,40.827221263545056],[9.707539657670074,40.82888238287402],[9.708639890434561,40.828767529023814],[9.708532451529207,40.827308838666]]],[[[9.707699620354424,40.874998274723964],[9.707212919902537,40.87512624974016],[9.707936269175368,40.87590665700095],[9.708077758017962,40.875262824040796],[9.707699620354424,40.874998274723964]]],[[[9.677324307243518,40.86396196453141],[9.676521837591055,40.86395766645873],[9.67623144673665,40.865301604061465],[9.677581263598803,40.864870293393636],[9.677324307243518,40.86396196453141]]],[[[9.674832129277773,40.896499794241166],[9.674439924932443,40.89674868923472],[9.67501372674981,40.897138317020286],[9.675193181586002,40.8966902318416],[9.674832129277773,40.896499794241166]]],[[[9.672045232969316,40.87699179546888],[9.670084563148903,40.878075188459434],[9.671302342481518,40.8787887679311],[9.673436759011416,40.87786874223537],[9.672045232969316,40.87699179546888]]],[[[9.668495782421596,40.893565102428404],[9.667725632716897,40.89356393375209],[9.667548820146148,40.89383633106274],[9.667979871278005,40.89420317352382],[9.668495782421596,40.893565102428404]]],[[[9.651419271484972,40.88994241304892],[9.654828174188896,40.88774536137268],[9.64787039386977,40.88694013185309],[9.646887468549838,40.88869775609364],[9.651419271484972,40.88994241304892]]],[[[9.647217423036214,40.91722162057562],[9.646346061478537,40.91767804455527],[9.647185545652407,40.91836696872567],[9.648014567556272,40.917982841760555],[9.647217423036214,40.91722162057562]]],[[[9.644542146360985,40.97812170415316],[9.640387020115906,40.979874420785045],[9.639892159685218,40.98278679197917],[9.644972278572421,40.982010806556424],[9.644542146360985,40.97812170415316]]],[[[9.642173661780287,40.92108619278899],[9.641387090648346,40.921108587001484],[9.641088407034097,40.9213849977941],[9.641961728990328,40.92158282377681],[9.642173661780287,40.92108619278899]]],[[[9.641548349232744,40.92013029854259],[9.640952011384483,40.92048155691664],[9.641260919069504,40.92095614882091],[9.641700735083763,40.92038393283711],[9.641548349232744,40.92013029854259]]],[[[9.640795159808189,40.88624661199663],[9.641017041738516,40.88510020324856],[9.639559210173864,40.884396643175215],[9.639459778175729,40.88593535644196],[9.640795159808189,40.88624661199663]]],[[[9.638228776240885,40.92025681752835],[9.637874259574753,40.92059433586926],[9.638114485553585,40.92072137301774],[9.638400468939471,40.92051260141435],[9.638228776240885,40.92025681752835]]],[[[9.635308055924465,40.92328056336394],[9.634901827210717,40.923336850407786],[9.635256401389011,40.923777425731544],[9.635372252088619,40.92362815175183],[9.635308055924465,40.92328056336394]]],[[[9.633748702319657,40.92088958176471],[9.633151523934496,40.920846694749926],[9.633165936772699,40.9220458342858],[9.634112626346809,40.92168931201446],[9.633748702319657,40.92088958176471]]],[[[9.632778119098813,40.91998508228522],[9.632266196566116,40.91985276687933],[9.631771212976666,40.92025184074237],[9.632607376709323,40.92076072527863],[9.632778119098813,40.91998508228522]]],[[[9.610022437671391,41.07972220287368],[9.606055167901863,41.07096598542113],[9.59734866287102,41.07496933385369],[9.60682543521439,41.0819190137545],[9.610022437671391,41.07972220287368]]],[[[9.601395858239178,41.07888026532075],[9.601365196860417,41.07943441568422],[9.602040303136107,41.079382473025106],[9.601981212422665,41.079103534123284],[9.601395858239178,41.07888026532075]]],[[[9.588319616092582,41.06861786088582],[9.585144520120005,41.069111451330606],[9.584144641338249,41.07028193366216],[9.58772871913608,41.07076365318082],[9.588319616092582,41.06861786088582]]],[[[9.587262087128398,41.07433769997428],[9.586594005733675,41.0746732731482],[9.587156988389587,41.07506788271384],[9.587740321798687,41.07473949553385],[9.587262087128398,41.07433769997428]]],[[[9.584079895027953,40.90499671006751],[9.582269081423048,40.90413319219464],[9.58160735373259,40.904663514551196],[9.583415452845191,40.90572411164741],[9.584079895027953,40.90499671006751]]],[[[9.583238775156364,41.06744675088986],[9.580571062420962,41.06726655049668],[9.580036248610382,41.0680337981833],[9.582361954453372,41.06924377731366],[9.583238775156364,41.06744675088986]]],[[[9.581120663633877,41.093520916695496],[9.580233325574524,41.093829407783794],[9.58035607363174,41.094585458488716],[9.581326936728964,41.09412678754043],[9.581120663633877,41.093520916695496]]],[[[9.579477619034018,41.09201135043282],[9.578762565706532,41.09210727672938],[9.578530117031416,41.092585866133305],[9.579319403221492,41.09246817489487],[9.579477619034018,41.09201135043282]]],[[[9.57907139176315,41.06709956678776],[9.578753201593463,41.06237083663014],[9.57096674925107,41.06186244298825],[9.574479046244951,41.069544579075576],[9.57907139176315,41.06709956678776]]],[[[9.571024904075786,41.12598870756882],[9.56906979434889,41.1265174631029],[9.570094445310414,41.128080899586166],[9.571652809531926,41.12798985344886],[9.571024904075786,41.12598870756882]]],[[[9.571039664490906,41.11772837367233],[9.56970267372656,41.11790839494311],[9.570394909123564,41.11909851968045],[9.57115494534819,41.118660122212646],[9.571039664490906,41.11772837367233]]],[[[9.569896386301547,41.11568810926605],[9.568217676902487,41.1162931762854],[9.568781745219077,41.11781948824394],[9.569734142757873,41.117759609237304],[9.569896386301547,41.11568810926605]]],[[[9.5665798300885,41.124769815011945],[9.563521606196232,41.125508826223054],[9.568579342472113,41.1286986732882],[9.569327811956034,41.12725258517603],[9.5665798300885,41.124769815011945]]],[[[9.566267547679965,40.920351144297044],[9.56570034852914,40.920162503585686],[9.566522947907858,40.92070684104729],[9.567011898119416,40.92059746523401],[9.566267547679965,40.920351144297044]]],[[[9.567206044027577,41.13004987352473],[9.566086873467585,41.13134576083456],[9.567487766922747,41.132499761767654],[9.567942022867799,41.13094928966772],[9.567206044027577,41.13004987352473]]],[[[9.56654621113499,41.12259231623319],[9.564458481301713,41.122581171137774],[9.563873087158285,41.12307947351655],[9.564822610941897,41.123543233781376],[9.56654621113499,41.12259231623319]]],[[[9.529253704254014,41.041783358756575],[9.528679965583526,41.0414526943418],[9.527277919075434,41.04224732159904],[9.52861854837246,41.04232675647996],[9.529253704254014,41.041783358756575]]],[[[9.526132671640312,40.91696272384664],[9.524861985059179,40.9169595068614],[9.526414012212124,40.91799738877046],[9.526887656860529,40.91782406861194],[9.526132671640312,40.91696272384664]]],[[[9.523047723071729,41.16187990661827],[9.519862599828253,41.163055214564146],[9.516708343100833,41.16665678900739],[9.525445103391098,41.166180382669815],[9.523047723071729,41.16187990661827]]],[[[9.518961077971113,41.16398708974131],[9.519043576311473,41.16349016025699],[9.517617554105726,41.164231844469604],[9.51820071994318,41.16430578884593],[9.518961077971113,41.16398708974131]]],[[[9.518739215140139,41.219710465693645],[9.51920986100186,41.21963628273765],[9.519217943755761,41.21914982623909],[9.518517879569085,41.219630392832606],[9.518739215140139,41.219710465693645]]],[[[9.519014570748759,41.21888951730768],[9.518273386999867,41.21888384767131],[9.518383739214867,41.2192616777962],[9.518872418917313,41.21920542982538],[9.519014570748759,41.21888951730768]]],[[[9.518389034304924,41.21691062372402],[9.518698263325982,41.216792130128795],[9.518695915072628,41.216494883461145],[9.51817225141698,41.21665037355554],[9.518389034304924,41.21691062372402]]],[[[9.517268062305215,41.216960702823094],[9.516494164252567,41.21715334043873],[9.517663425382965,41.21755343975127],[9.517867355897907,41.21731832056451],[9.517268062305215,41.216960702823094]]],[[[9.508992311983993,40.916409075820575],[9.507570362526579,40.91681170655894],[9.512022421915795,40.91819731163066],[9.510384023506372,40.91670920573269],[9.508992311983993,40.916409075820575]]],[[[9.508894764830176,40.917625620250774],[9.50827691686095,40.917583304451284],[9.508138624215194,40.91813341673005],[9.508958562510035,40.918201866453025],[9.508894764830176,40.917625620250774]]],[[[9.502217703206087,41.1526032950092],[9.500475986396008,41.15296443502885],[9.500093590355545,41.1536135369784],[9.503869527101271,41.15373445221189],[9.502217703206087,41.1526032950092]]],[[[9.487898391172617,41.183521271104475],[9.487216332770416,41.18399819592185],[9.487880419803119,41.18431291161911],[9.488146697122561,41.18364182480692],[9.487898391172617,41.183521271104475]]],[[[9.486489111091844,41.18038800020585],[9.483587196427116,41.18319715569733],[9.484728670438555,41.18478899707322],[9.48754114600221,41.182176112431726],[9.486489111091844,41.18038800020585]]],[[[9.4635412761779,41.24405293127484],[9.48167192724527,41.18277843543994],[9.43706512485169,41.180694255409556],[9.456457568579134,41.200207692080554],[9.4635412761779,41.24405293127484]]],[[[9.461537458071321,41.17271803988569],[9.458979688740087,41.17284198586259],[9.461145098633514,41.17605477087486],[9.46185601814824,41.175003633247954],[9.461537458071321,41.17271803988569]]],[[[9.45960572196751,41.173930565741834],[9.459017524126534,41.17399258888091],[9.459010287049198,41.174663702848456],[9.45953074776824,41.17450399062319],[9.45960572196751,41.173930565741834]]],[[[9.4543988980526,41.22651410038047],[9.455797611703307,41.22648267486742],[9.45572503803237,41.22505185123776],[9.454878378932326,41.225329936415164],[9.4543988980526,41.22651410038047]]],[[[9.455476798428784,41.228178532419115],[9.45457655345429,41.228693281293396],[9.454825545804521,41.229327345539836],[9.455229267343775,41.22904538382129],[9.455476798428784,41.228178532419115]]],[[[9.447428417135562,41.22284145004868],[9.44993660153588,41.222158344679265],[9.449992155712968,41.221342923106256],[9.447876420138751,41.22161915328774],[9.447428417135562,41.22284145004868]]],[[[9.447053501065351,41.20808025404029],[9.446104566606657,41.207981470187136],[9.445920515343484,41.20832335360908],[9.44680818230871,41.20862054814811],[9.447053501065351,41.20808025404029]]],[[[9.443185725386328,41.201646735133444],[9.442588110187451,41.20145649159533],[9.44201335519791,41.20266912469202],[9.442631517747724,41.202367240063765],[9.443185725386328,41.201646735133444]]],[[[9.417147011247726,41.26901402430862],[9.43806177097906,41.21417143206262],[9.416590374688802,41.2168701266469],[9.381555239759603,41.21022667797462],[9.417147011247726,41.26901402430862]]],[[[9.410037440955392,41.18642693544411],[9.398083531311263,41.19771628841779],[9.417231357379688,41.20815162794067],[9.424174548544883,41.19448053927388],[9.410037440955392,41.18642693544411]]],[[[9.417222579299889,41.21005568577539],[9.41548508433862,41.21375516927948],[9.417731813196967,41.21510271502828],[9.418858914572516,41.21133110716266],[9.417222579299889,41.21005568577539]]],[[[9.405096071141909,41.296517025337664],[9.406945422961948,41.29427997570513],[9.406182492095141,41.29355192200473],[9.403694461215718,41.294872417352174],[9.405096071141909,41.296517025337664]]],[[[9.403396610995495,41.27608791638403],[9.403181815877089,41.27610893631127],[9.403007200481845,41.27659596400774],[9.403603455294606,41.27647227115859],[9.403396610995495,41.27608791638403]]],[[[9.400885305674059,41.28033593949202],[9.39971580981581,41.28387890657379],[9.402190490760022,41.28651629807427],[9.402579506022256,41.28156183090169],[9.400885305674059,41.28033593949202]]],[[[9.4013580538124,41.29269172107047],[9.396311422874705,41.29456478852092],[9.39925074783431,41.29867902158576],[9.402356245697854,41.29454381850136],[9.4013580538124,41.29269172107047]]],[[[9.400686276677847,41.30099125778195],[9.399926671032832,41.3015422408306],[9.400831647677839,41.30205478253386],[9.401225022306651,41.301192053562026],[9.400686276677847,41.30099125778195]]],[[[9.400797469550467,41.28671594736585],[9.400443511256832,41.28668790391763],[9.399688278828773,41.28719495944864],[9.400580854662303,41.287421553114484],[9.400797469550467,41.28671594736585]]],[[[9.399743440058957,41.25415446004917],[9.400521249942656,41.25300889980757],[9.398396410201327,41.25248031037553],[9.397998716350644,41.25381933611616],[9.399743440058957,41.25415446004917]]],[[[9.399405641308471,41.2871126195143],[9.399140795964719,41.2872554093935],[9.399479737393085,41.28751320501743],[9.399684157843533,41.28725352419428],[9.399405641308471,41.2871126195143]]],[[[9.397297443521172,41.24913660297064],[9.397317439489262,41.25022084204073],[9.39786282545583,41.25035745305929],[9.398252690607892,41.24969741394],[9.397297443521172,41.24913660297064]]],[[[9.397119660466787,41.19584936497125],[9.395874825260675,41.195833382873644],[9.39575883775149,41.197118523625605],[9.397081063488093,41.1971094684143],[9.397119660466787,41.19584936497125]]],[[[9.380039332875784,41.308121034010775],[9.384676595423553,41.29833005714582],[9.365013008051594,41.287562343714384],[9.3610646077699,41.29704412859782],[9.380039332875784,41.308121034010775]]],[[[9.376705456862505,41.30796084752566],[9.37071616836819,41.30877972179082],[9.370807713011358,41.31096828869351],[9.379250960774918,41.31174020953573],[9.376705456862505,41.30796084752566]]],[[[9.3698322398303,41.3085314764403],[9.367938753199256,41.30879313691695],[9.368047948041434,41.30962261862733],[9.369952602399506,41.309219050542666],[9.3698322398303,41.3085314764403]]],[[[9.369930387780043,41.31268594463747],[9.369129361688781,41.312847275494505],[9.369251447488521,41.31331077898136],[9.369778979275834,41.313112042471204],[9.369930387780043,41.31268594463747]]],[[[9.366351721451222,41.285904053030244],[9.365256665005067,41.286283604155884],[9.36645820488371,41.28732693021747],[9.366983137894715,41.286433496526],[9.366351721451222,41.285904053030244]]],[[[9.365224697518544,41.28536942447029],[9.36439647388455,41.28541370995585],[9.364328985889872,41.285625604284746],[9.365364766622067,41.285859899711305],[9.365224697518544,41.28536942447029]]],[[[9.364705664238109,41.28330380225416],[9.36466783907755,41.28374867713244],[9.365133554261584,41.283747200971796],[9.3649522999771,41.28336494907958],[9.364705664238109,41.28330380225416]]],[[[9.363918972414782,41.28329615803512],[9.363288492455867,41.28319456087278],[9.363262224568041,41.2835718414584],[9.364167385143164,41.28367707407205],[9.363918972414782,41.28329615803512]]],[[[9.362233803430593,41.28735944150828],[9.361716878769403,41.287553606942396],[9.361816557783543,41.28803295353205],[9.362473123546915,41.28798472332914],[9.362233803430593,41.28735944150828]]],[[[9.341021981068637,41.251351662324026],[9.360629931128388,41.24249471326906],[9.34566765479761,41.22892759686707],[9.3328632112697,41.235633336791274],[9.341021981068637,41.251351662324026]]],[[[9.341595134866724,41.308648011662335],[9.353270006889328,41.303479527852744],[9.359205252267243,41.2942204069941],[9.333333231500985,41.30139065627154],[9.341595134866724,41.308648011662335]]],[[[9.357544881813281,41.2454904084152],[9.357562759703583,41.24493862774518],[9.357118321534248,41.244961399738116],[9.356877718946151,41.245432801301725],[9.357544881813281,41.2454904084152]]],[[[9.356859069446818,41.245843838670744],[9.356603134470125,41.24623984743957],[9.356756074670297,41.24665598217466],[9.35729926357871,41.24640996231243],[9.356859069446818,41.245843838670744]]],[[[9.35511331652502,41.276639937824285],[9.348979439614029,41.27588740947965],[9.335146893814509,41.28350737260867],[9.355843092506577,41.288715890832684],[9.35511331652502,41.276639937824285]]],[[[9.33748217282397,41.227985792723715],[9.337225756812419,41.2285878140961],[9.337857548113726,41.229343741974],[9.338005159135305,41.22817680000382],[9.33748217282397,41.227985792723715]]],[[[9.338130440431065,41.29471435688813],[9.337638574158909,41.294871183470676],[9.338296745516173,41.2951169626571],[9.338253424733306,41.294823213726524],[9.338130440431065,41.29471435688813]]],[[[9.33700158267304,41.285975698739286],[9.33636452706623,41.28604399416182],[9.33693607601715,41.28688003901688],[9.337389120881584,41.28644296404318],[9.33700158267304,41.285975698739286]]],[[[9.33571889440566,41.294340276972214],[9.33507782754705,41.294516106143284],[9.33563676966423,41.29521144758296],[9.336117044254511,41.29454009982873],[9.33571889440566,41.294340276972214]]],[[[9.334286724880997,41.189749023743495],[9.33150998459158,41.190081333127495],[9.331682245556422,41.19113475567371],[9.335340067960825,41.19052964523534],[9.334286724880997,41.189749023743495]]],[[[9.33470274095109,41.29444626212812],[9.334128063253472,41.29505257271782],[9.33527550592314,41.29521813016707],[9.335020664143835,41.29472344911945],[9.33470274095109,41.29444626212812]]],[[[9.333879667785697,41.29435632274737],[9.333469948175113,41.29481465130367],[9.333997482762312,41.29491671024128],[9.334097364668999,41.294595520877245],[9.333879667785697,41.29435632274737]]],[[[9.332569239799422,41.29501880368472],[9.33218022307895,41.29514603456807],[9.332642840544974,41.29540029199213],[9.332786660636545,41.2952039585295],[9.332569239799422,41.29501880368472]]],[[[9.325243713441392,41.2491003355244],[9.32115608523706,41.250363888632855],[9.32366594896407,41.252563761671425],[9.32533427554625,41.250514298756244],[9.325243713441392,41.2491003355244]]],[[[9.31814430111696,41.202766042761894],[9.318377081481371,41.20219340214287],[9.317274692422663,41.20298462963373],[9.317502216089148,41.20317316763192],[9.31814430111696,41.202766042761894]]],[[[9.278835960065367,41.23325578854395],[9.279386224039557,41.23322743118071],[9.279694492810972,41.2331140854808],[9.278910840757604,41.23262506153488],[9.278835960065367,41.23325578854395]]],[[[9.241835935346833,41.25618879245361],[9.240732066518957,41.2562620423666],[9.240310243199195,41.25719522632091],[9.242072450904,41.257205046560216],[9.241835935346833,41.25618879245361]]],[[[9.239323566592278,41.25585962915362],[9.238611390658281,41.25573387260306],[9.23951605149364,41.25667893481854],[9.239706247360962,41.2564623529781],[9.239323566592278,41.25585962915362]]],[[[9.238748662131458,41.25286574184138],[9.236494831289598,41.253028029394],[9.237862666857382,41.2549922813946],[9.23939934770013,41.25413898894759],[9.238748662131458,41.25286574184138]]],[[[9.185123505098414,41.24931180000387],[9.182554764365022,41.24997346836211],[9.183687555477611,41.25225063293146],[9.184921894046768,41.25135688838335],[9.185123505098414,41.24931180000387]]],[[[9.119260997911276,41.158113318762055],[9.119599840877537,41.15846878027549],[9.119993138224185,41.15845485926595],[9.119073739380642,41.157546013687714],[9.119260997911276,41.158113318762055]]],[[[9.119230037289114,41.15829350877825],[9.119310325495388,41.158203346663775],[9.11883638974905,41.158113757595636],[9.118801105943874,41.15837502385035],[9.119230037289114,41.15829350877825]]],[[[8.863581859527113,41.01248392218162],[8.862139451220386,41.01269389735544],[8.861169753535185,41.015741990239995],[8.864021345778664,41.01563729188058],[8.863581859527113,41.01248392218162]]],[[[8.710668659063062,40.91907128870911],[8.710363122052575,40.91901084141001],[8.709906831671091,40.91947812503539],[8.710286481122703,40.91956465875718],[8.710668659063062,40.91907128870911]]],[[[8.325404659861197,41.105530311950375],[8.350416174440747,41.08838781369968],[8.33235051158089,41.04996461238883],[8.283372588032666,41.06444241322521],[8.257323627431662,41.05125869504799],[8.234581270240458,41.02414443833779],[8.255829993419962,40.984974691983375],[8.210287118977787,40.987762581967615],[8.220321363750536,41.040898321549165],[8.285290985989851,41.07674006321419],[8.275188465594072,41.10427500039754],[8.318330743371964,41.120771712329656],[8.325404659861197,41.105530311950375]]],[[[8.336736616338776,40.49997109659745],[8.337274033241483,40.49932554152322],[8.33696872387483,40.499170640304946],[8.336516217531667,40.49958245030146],[8.336736616338776,40.49997109659745]]],[[[8.300356180937294,40.571723288143666],[8.299401500918147,40.572073347244924],[8.299998434691037,40.573176031900886],[8.300522548820977,40.57219725427657],[8.300356180937294,40.571723288143666]]],[[[8.25315504004019,41.02830976941183],[8.25230665708464,41.027596013242],[8.250652389746564,41.02885089578407],[8.252667022199935,41.0297839213089],[8.25315504004019,41.02830976941183]]],[[[8.21429577696919,40.98292674159382],[8.226988975448988,40.97535230599873],[8.216423209789781,40.96751374310608],[8.211558350974908,40.97884540728562],[8.21429577696919,40.98292674159382]]],[[[8.225263537749584,40.966634396175685],[8.224730963089343,40.96657226286521],[8.223769507879465,40.96761411137299],[8.225562316726794,40.967253459006656],[8.225263537749584,40.966634396175685]]],[[[8.212985665555593,40.98538939426419],[8.212567600859133,40.98555769307049],[8.214598496763985,40.98571567729096],[8.213841497903578,40.9853952349419],[8.212985665555593,40.98538939426419]]],[[[8.213515694634113,40.87963728242896],[8.211729568100527,40.88012955020139],[8.214441566496816,40.88163441199558],[8.214774563939095,40.880573708925034],[8.213515694634113,40.87963728242896]]],[[[8.21327830343134,40.97189277962336],[8.212168507255722,40.971395385541776],[8.21179492343795,40.97220243418189],[8.21320073688224,40.97204426210181],[8.21327830343134,40.97189277962336]]],[[[8.211902005770273,40.985548640497534],[8.211726013149685,40.98535376303591],[8.211034447391839,40.98552919385013],[8.211432473941683,40.98604537771849],[8.211902005770273,40.985548640497534]]],[[[8.207474997448605,40.97006492286287],[8.206273439277702,40.970164753518524],[8.20580770544438,40.97134160621568],[8.207088914254747,40.971539595861955],[8.207474997448605,40.97006492286287]]],[[[8.174122161832253,40.938942005763245],[8.17339389206441,40.93923405492374],[8.174038100779404,40.93996833029341],[8.174388067518668,40.939529438596495],[8.174122161832253,40.938942005763245]]],[[[8.151736167449975,40.568801931307036],[8.15060091981955,40.57076198786239],[8.152881050724595,40.57227867742457],[8.153083815502528,40.5713061005382],[8.151736167449975,40.568801931307036]]],[[[8.139545726830256,40.60525314041128],[8.143681708687211,40.60532892328944],[8.144595949840387,40.60454293860825],[8.140325008301454,40.60174332418924],[8.139545726830256,40.60525314041128]]]]}},{"type":"Feature","properties":{"district":"Nuoro","constituency_code":"IT-PROV-091","province_code":"091","region":"Sardegna"},"geometry":{"type":"MultiPolygon","coordinates":[[[[9.583090090027156,40.70607247658418],[9.651389867890373,40.69228453532942],[9.683516631635504,40.658091399583824],[9.691801211431379,40.6790951309437],[9.73692323513967,40.67184330790059],[9.751756265605346,40.60086785837314],[9.796175628905253,40.54431985677142],[9.828420157693087,40.52837827942],[9.763869761960304,40.390724949629245],[9.683971631531943,40.33865280719333],[9.623921966038578,40.25278345302596],[9.656792699827767,40.1423004081383],[9.735683548704406,40.07748970190846],[9.686638262635539,39.98417235844664],[9.686848408700692,39.94842074545687],[9.716081840508112,39.93021544813473],[9.681986677323309,39.90028340342921],[9.696731372046472,39.85343487301735],[9.64719245831229,39.651699400845004],[9.651360570884858,39.54924766751496],[9.523635091130727,39.58866474540864],[9.508328304872977,39.62805881163783],[9.486283309505621,39.61687609146511],[9.438429557522827,39.64165553503702],[9.416710740500475,39.61720053640782],[9.385562370623054,39.71654655305893],[9.413688541786728,39.750746696261814],[9.362120864118475,39.805182014207965],[9.417009857332678,39.88372650843113],[9.385508749673761,39.91605472058079],[9.213001317053891,39.914724978796414],[9.187792838995371,39.89123475345314],[9.190804776057975,39.825835673512415],[9.128814062088678,39.88853119898362],[9.105147066522242,39.86934592793318],[9.03906033929576,39.91209394045837],[8.988059360408032,39.91480286475992],[9.01767892216696,39.981943248450314],[8.95643017600716,39.99287424564371],[8.947609376207852,40.02390907204014],[8.98849178647114,40.057346212202184],[9.026554747126802,40.03767565878942],[9.041240777228552,40.05549246684176],[9.00238549545923,40.13443274440766],[9.017299116796389,40.193758875449554],[8.991626534036625,40.214256281346884],[8.855124950414398,40.21055315417],[8.74123742799041,40.18062353161803],[8.709606042158924,40.21420764704979],[8.672670327789957,40.204387968834226],[8.667666873601572,40.249654716986186],[8.61643384769447,40.27321771313012],[8.611121040215904,40.3074801559447],[8.64540671476783,40.2974008830512],[8.737260570739268,40.35333186089017],[8.812571645633263,40.364676813403065],[8.826982028774584,40.41298364187737],[8.864862678164018,40.38974108863976],[8.897970301542488,40.405766208710766],[9.027973647347912,40.29661652991915],[9.061508174273722,40.33676674101453],[9.18318199897596,40.37125128776469],[9.251182927278323,40.4664394904917],[9.284477665519816,40.476569515542],[9.278791553563064,40.51084438880825],[9.182127243719108,40.50868583408921],[9.188686576195511,40.536564205067926],[9.286421637769719,40.525902132093705],[9.39353609529422,40.59211265442417],[9.378522618853125,40.616369364208126],[9.42055430932801,40.6585558415399],[9.511957331554216,40.64890784129699],[9.583090090027156,40.70607247658418]]],[[[9.817253846341558,40.53791159917875],[9.816966336609658,40.538909098786775],[9.82117224926256,40.54090174476332],[9.821312022424063,40.54013951283277],[9.817253846341558,40.53791159917875]]],[[[9.708295458075423,39.97636581991118],[9.707895641638503,39.976206088331324],[9.707749451570095,39.97679260822235],[9.708624271757486,39.976453906456854],[9.708295458075423,39.97636581991118]]],[[[9.707492852982815,39.97575806519614],[9.706632982142377,39.975700243268264],[9.706745586431374,39.976541959167896],[9.707240341061134,39.97625513712226],[9.707492852982815,39.97575806519614]]],[[[9.70552542343459,39.97461682274806],[9.705849808562817,39.97313726503982],[9.702251744869345,39.973988007702],[9.702476460461959,39.97549125802556],[9.70552542343459,39.97461682274806]]]]}},{"type":"Feature","properties":{"district":"Cagliari","constituency_code":"IT-PROV-092","province_code":"092","region":"Sardegna"},"geometry":{"type":"MultiPolygon","coordinates":[[[[9.369132555591895,39.41741966526143],[9.331268230085026,39.35006183685586],[9.36682954005135,39.31480431990243],[9.44322226027582,39.29393993609225],[9.486387129902804,39.20714650533405],[9.466093217461276,39.15073083862371],[9.43765445455573,39.12201485666214],[9.32156433248088,39.20422631403218],[9.229861542463967,39.22807788948713],[9.175184377293691,39.21273490787183],[9.16090958538872,39.1814040070327],[9.095079247617663,39.21388354517576],[9.008920202176123,39.12127829625425],[9.04579049740108,39.0561382125983],[9.024186142351153,39.00375787083125],[8.908488531879497,38.916379800742504],[8.909844270415443,38.95706722908617],[8.831887970170552,39.047391061032414],[8.853113172309385,39.08452323601018],[8.820168104613666,39.130149880252766],[8.85523794651823,39.17976842620353],[8.864520785106814,39.27746701760192],[8.942745433124756,39.304077665830256],[8.97279215062338,39.34461905656834],[9.006224170640257,39.32696998569901],[9.078800292305571,39.35299357251013],[9.211856678875762,39.33461672015503],[9.281024874937279,39.41321463158679],[9.369132555591895,39.41741966526143]]],[[[9.031877172020032,39.00247191523896],[9.031210836346,39.003847442185005],[9.03249740945476,39.004516178290594],[9.033068610279763,39.003487605501036],[9.031877172020032,39.00247191523896]]],[[[9.023870841073945,38.98480944194118],[9.023074140659915,38.98470146653267],[9.022657157013763,38.98504848368845],[9.023120452301391,38.98509795450243],[9.023870841073945,38.98480944194118]]]]}},{"type":"Feature","properties":{"district":"Pordenone","constituency_code":"IT-PROV-093","province_code":"093","region":"Friuli-Venezia Giulia"},"geometry":{"type":"Polygon","coordinates":[[[12.52109599748626,46.38899165588671],[12.54256411066351,46.35985402473959],[12.585858730554126,46.36766986817052],[12.605802170682411,46.344491049612316],[12.67823815236325,46.34762168751159],[12.708010242166633,46.32528233130138],[12.809145210178173,46.35982795270782],[12.882064695147811,46.33041490667111],[12.915132010358326,46.346765128587116],[12.973555651379904,46.3282491194769],[12.953588396286426,46.30043162764989],[12.990579028343804,46.27324471051961],[12.937667012627415,46.21191000092149],[12.96518333524601,46.19490888159319],[12.903860812067107,45.96327369667829],[12.98379890714764,45.83377946351476],[12.95778026272496,45.84736736711298],[12.952065051877016,45.822206119065704],[12.893047914377226,45.81968835611381],[12.861182564052195,45.850790016823616],[12.806950706992023,45.82031644997612],[12.779824323092816,45.8544430429545],[12.669041929540802,45.79088680897642],[12.605682987897245,45.83824702513078],[12.59384542997097,45.81517923384846],[12.559299507687875,45.825924957618476],[12.506000687359581,45.92271075253467],[12.425841796145967,45.94735254019545],[12.398987658290443,46.04142421959761],[12.484425209367458,46.10447245382209],[12.495813402093576,46.15255270645499],[12.447258701559846,46.17957971988858],[12.446453981673887,46.20776627283773],[12.338327120373572,46.23895116809492],[12.320935742606002,46.26890453435771],[12.354654614399637,46.319682123409414],[12.462942614042287,46.36926268503161],[12.455047615120646,46.39166830626828],[12.498692147628772,46.412199510728705],[12.52109599748626,46.38899165588671]]]}},{"type":"Feature","properties":{"district":"Isernia","constituency_code":"IT-PROV-094","province_code":"094","region":"Molise"},"geometry":{"type":"Polygon","coordinates":[[[14.295417115289005,41.90023661476789],[14.343005915856287,41.86252143252353],[14.376675701988338,41.87992872368987],[14.445696540932373,41.83782314561917],[14.454617659292438,41.76365122066257],[14.485330060327692,41.759651899175054],[14.52165018325035,41.70124505821419],[14.493532335653095,41.671439802754875],[14.433657808900902,41.67158052595243],[14.424228102323006,41.64050526654825],[14.479989237164796,41.63152378545003],[14.512128224553381,41.596435401162836],[14.450813394083289,41.51847219293932],[14.391794856929465,41.50765538692627],[14.382495821875368,41.44325389948542],[14.240745764167874,41.49719692334066],[14.173788336721822,41.50070496486958],[14.16466402697292,41.47888798471956],[14.122622930668209,41.507291349019795],[14.078369426574668,41.447083955789374],[14.113671414583402,41.38865762546769],[14.042388564886636,41.39278042803386],[13.972690567192645,41.49340655575972],[14.027500409671777,41.52320879295472],[14.005257068352748,41.53875315702548],[14.026012492798666,41.55532513517151],[13.998819952576639,41.57487967000552],[14.010990417262557,41.607538594457836],[13.941015150094259,41.68797274941483],[14.018726567349418,41.682106072757115],[14.069570899622024,41.737225373599244],[14.094395801772608,41.73794485722908],[14.107196489547675,41.70735887962759],[14.121930648191126,41.74648092527563],[14.171834045798558,41.765774247742584],[14.194177401225879,41.7481443790799],[14.14715787569037,41.827297313342314],[14.279300957473188,41.909518265093325],[14.295417115289005,41.90023661476789]]]}},{"type":"Feature","properties":{"district":"Oristano","constituency_code":"IT-PROV-095","province_code":"095","region":"Sardegna"},"geometry":{"type":"MultiPolygon","coordinates":[[[[8.497515546368449,40.42614284842579],[8.620684381320759,40.322497599211246],[8.61643384769447,40.27321771313012],[8.667666873601572,40.249654716986186],[8.672964899173294,40.20421762258117],[8.709606042158924,40.21420764704979],[8.74123742799041,40.18062353161803],[8.856898998521402,40.21073554847192],[8.982494307977117,40.218291469473385],[9.01253023122474,40.19880476832166],[9.00238549545923,40.13443274440766],[9.041240777228552,40.05549246684176],[9.026554747126802,40.03767565878942],[8.988151790399854,40.05720202341584],[8.945625615253334,40.01321364200621],[8.956723106694978,39.99273920908349],[9.01767892216696,39.981943248450314],[8.986830466657683,39.91657767435748],[9.03906033929576,39.91209394045837],[9.105147066522242,39.86934592793318],[9.128814062088678,39.88853119898362],[9.170389684020467,39.84919428242826],[9.165580490944384,39.83256883737919],[9.106527671122185,39.84721623316061],[9.054253016403827,39.80095004549698],[8.9866141329364,39.825667435758554],[8.953085746130872,39.77858127006725],[8.888507526990285,39.7943949057796],[8.924286567273876,39.75839133725662],[8.912952322256706,39.72148801801874],[8.86148783149894,39.66795346942568],[8.743116295014278,39.62707964488184],[8.696533414232867,39.64544736795547],[8.671286292689837,39.63120551524559],[8.607984246988153,39.68993323772813],[8.502415643074336,39.70626342443069],[8.57016964226831,39.86555745439699],[8.49185538502313,39.90962216671429],[8.435570992402193,39.858024956362335],[8.398807794738895,39.90374080965107],[8.414083812284714,40.01699897173442],[8.37626495032494,40.03577016440177],[8.453700202385427,40.050806222338444],[8.492993789425357,40.08694200151023],[8.455761993958415,40.176678423355284],[8.482898827982352,40.2855271608055],[8.458747607886522,40.31956154557257],[8.382859378401484,40.33843409500054],[8.37899559965844,40.359850570873604],[8.399753076758442,40.407568507529234],[8.443634055444459,40.39559876140031],[8.497515546368449,40.42614284842579]]],[[[8.48775201303956,40.092810045132985],[8.48727498941374,40.0928710017904],[8.486798032996582,40.093508565460354],[8.487616358927406,40.093496421398214],[8.48775201303956,40.092810045132985]]],[[[8.487232859183942,40.09223226466776],[8.486554762619045,40.092318229787026],[8.486343711772427,40.09269456822468],[8.486954038265434,40.09245626817391],[8.487232859183942,40.09223226466776]]],[[[8.486545717143558,40.09449736830679],[8.486354101026054,40.094433452513876],[8.486213266904477,40.09483149879191],[8.486516647214987,40.094658285016756],[8.486545717143558,40.09449736830679]]],[[[8.485953610246225,40.0942604945202],[8.48554205198583,40.09438930555722],[8.485579557597893,40.09466651530504],[8.485780320489233,40.09448946817952],[8.485953610246225,40.0942604945202]]],[[[8.455168106262219,40.210352622280006],[8.456238753036432,40.21000629252708],[8.456142337262218,40.2093887005745],[8.453956538100188,40.21031988507779],[8.455168106262219,40.210352622280006]]],[[[8.403793284692316,40.053263022670734],[8.402857805322357,40.053654625283535],[8.403104962232327,40.05438567378773],[8.404234752477311,40.05389596261121],[8.403793284692316,40.053263022670734]]],[[[8.377429484557345,40.3599862956872],[8.37667309723491,40.36027501723988],[8.376644316664178,40.36084243425103],[8.378052587252537,40.36058424783868],[8.377429484557345,40.3599862956872]]],[[[8.312504872793577,39.995258138177086],[8.312350958143988,39.99031093858424],[8.302218707321178,39.9857365543861],[8.301009420674006,39.99090530072764],[8.312504872793577,39.995258138177086]]],[[[8.276150841760371,39.88134338349627],[8.275072120508437,39.88147179291443],[8.27571636191623,39.88248491388411],[8.276305653206787,39.882191269937856],[8.276150841760371,39.88134338349627]]]]}},{"type":"Feature","properties":{"district":"Biella","constituency_code":"IT-PROV-096","province_code":"096","region":"Piemonte"},"geometry":{"type":"Polygon","coordinates":[[[8.129526977412105,45.757003068342726],[8.181213515833432,45.75209279095509],[8.184033587406319,45.72901713734209],[8.327908448868376,45.64694438776131],[8.261328101851333,45.63327950400446],[8.2621234877902,45.61953578652373],[8.295797293713026,45.63612993838936],[8.300147296629525,45.63596765096154],[8.312672713715797,45.63160628328915],[8.255155960464048,45.60868049726632],[8.291921283378906,45.51773169417814],[8.166539691447985,45.43504559581347],[8.12282966196651,45.37608874462439],[8.027022930254713,45.40310020529957],[8.038400880514805,45.44142861848541],[7.882147814189423,45.53414434800426],[7.896714262492618,45.611353203500585],[7.939375968974053,45.643250563525726],[7.904794646105427,45.68472874809394],[7.936624507138848,45.72434258603801],[8.059249332664729,45.74056874135583],[8.076927952228846,45.71874666696472],[8.129526977412105,45.757003068342726]]]}},{"type":"Feature","properties":{"district":"Lecco","constituency_code":"IT-PROV-097","province_code":"097","region":"Lombardia"},"geometry":{"type":"Polygon","coordinates":[[[9.415001813856284,46.094798876131776],[9.50983978480876,46.06252758962827],[9.527134881300512,46.01183181452158],[9.486097163490346,46.00300446013237],[9.540951553548256,45.94506584056011],[9.505257549338308,45.8987241025746],[9.524018488759262,45.870346625200234],[9.469475859633064,45.85691928029144],[9.518680080540456,45.78403308986086],[9.445847027164174,45.76051579541678],[9.451008026986036,45.684421422204245],[9.476575440227375,45.66926829988082],[9.446840699674874,45.64970367514929],[9.414440889258552,45.676504234859024],[9.37228709303403,45.655092428949644],[9.343627541705436,45.67200475539681],[9.314061047646772,45.66069984121497],[9.243306411882008,45.766968067236895],[9.332778484714948,45.8665948519758],[9.257526404200847,45.95005217484617],[9.284579085650682,45.967052665992895],[9.260948829127203,46.01445063603405],[9.292324400416062,46.11577970831801],[9.361854331775634,46.157413085673866],[9.410909501236222,46.1499212371635],[9.415001813856284,46.094798876131776]]]}},{"type":"Feature","properties":{"district":"Lodi","constituency_code":"IT-PROV-098","province_code":"098","region":"Lombardia"},"geometry":{"type":"Polygon","coordinates":[[[9.442010527997283,45.46873976252022],[9.48867308624768,45.43914291410882],[9.463424650473437,45.37707672461693],[9.55011194853818,45.33935473086726],[9.568052417429302,45.36694592926738],[9.588823859187224,45.355805144465464],[9.616477502207596,45.293837946486555],[9.675239907858622,45.256941846521656],[9.718963368083527,45.26303899698649],[9.716841467518117,45.230142931684135],[9.776941316777032,45.21314208829773],[9.750645758006224,45.18234363193988],[9.832636196812729,45.14969356324358],[9.870903714414808,45.159066883501666],[9.893675578665425,45.078285466247934],[9.838357325237196,45.09564620862593],[9.818766477570987,45.05339013760678],[9.748570115784467,45.11327425150152],[9.750371874117606,45.079046934079315],[9.7137269228977,45.05839778468935],[9.63227973469204,45.08627006979245],[9.627807336760888,45.13268943822536],[9.6018819758424,45.10414068826682],[9.568583250005934,45.10733928639244],[9.515707768379833,45.18708027314202],[9.470670382382714,45.2013123410917],[9.4300566032342,45.18426186792999],[9.370822011512582,45.24510379226594],[9.310391399696053,45.24895661543273],[9.341450139998514,45.271307276737545],[9.320967566241475,45.29464565873721],[9.357603707523575,45.29258352403832],[9.336190733269357,45.31145244045915],[9.393213756959453,45.31554151552829],[9.352992301151014,45.36771713856119],[9.37820015390092,45.36894801188332],[9.385194857139041,45.399321386778524],[9.404850705452077,45.39108029040963],[9.442010527997283,45.46873976252022]]]}},{"type":"Feature","properties":{"district":"Rimini","constituency_code":"IT-PROV-099","province_code":"099","region":"Emilia-Romagna"},"geometry":{"type":"Polygon","coordinates":[[[12.494282053671737,44.123738796267034],[12.688202019997819,43.987123856057885],[12.754442073954273,43.96492454841383],[12.727959108676503,43.86374008714236],[12.682295027202187,43.85279664766122],[12.673460431431746,43.82389362470452],[12.628804255460054,43.820949050355345],[12.589492255946153,43.88564495717427],[12.541692218207226,43.86402776231619],[12.535864653019285,43.89722224170278],[12.492377738808223,43.91749439961049],[12.509471048019993,43.99120346334934],[12.404592585495225,43.95569608026438],[12.432136253275376,43.872569441332416],[12.40060855213557,43.87277484919182],[12.39248592753318,43.896563879217524],[12.355115249333144,43.87311728582927],[12.283780910321699,43.76491721278783],[12.209310643903635,43.75707280400933],[12.194632643079524,43.73192431056698],[12.16366950855388,43.76236200367719],[12.108553628256448,43.753062957439596],[12.15949760599005,43.921747357290734],[12.219088171735372,43.908056343765175],[12.294761950430733,43.92818959582701],[12.385725966818836,44.00978730967439],[12.364997081028681,44.061383498991326],[12.4520799116752,44.08719967894388],[12.441115776883322,44.15962478490021],[12.494282053671737,44.123738796267034]],[[12.224258756391633,43.809859249353174],[12.170914928803708,43.807748615127814],[12.186139619275727,43.774130075479235],[12.237261519139516,43.787003991931854],[12.224258756391633,43.809859249353174]]]}},{"type":"Feature","properties":{"district":"Prato","constituency_code":"IT-PROV-100","province_code":"100","region":"Toscana"},"geometry":{"type":"Polygon","coordinates":[[[11.172878560149233,44.10720191508583],[11.204920255979623,44.08539899871406],[11.169344527494303,43.91861182420807],[11.1416459617636,43.906872014659406],[11.14372124533781,43.85852099966824],[11.062540204640413,43.817627442023756],[11.052774831793968,43.75869522029879],[10.977817034026184,43.78538048107634],[10.964114873547858,43.81248339418888],[11.030296175774666,43.83885000797707],[11.020576046427884,43.920422102672866],[11.071477926804057,43.982886515141765],[11.011699620173987,44.00547978734951],[11.049427120759864,44.090246064537375],[11.172878560149233,44.10720191508583]]]}},{"type":"Feature","properties":{"district":"Crotone","constituency_code":"IT-PROV-101","province_code":"101","region":"Calabria"},"geometry":{"type":"Polygon","coordinates":[[[17.05156132669001,39.43988311949993],[17.156844099990394,39.400946664476066],[17.109222332527366,39.30752785310719],[17.106340711213488,39.25325987166439],[17.1484214528834,39.20609798370702],[17.108103538495232,39.10734350351756],[17.146749900022847,39.04647925945125],[17.20652648642249,39.02845706894891],[17.164023107848323,38.99465416358595],[17.170130500303475,38.956806061492614],[17.093542823992145,38.892575698393145],[17.085136056620133,38.912189399383465],[17.021599701723417,38.90583454109176],[16.981232649670687,38.93805157872537],[16.89058250662894,38.92799451844552],[16.92059718068887,38.952592193188984],[16.891374516066765,39.0027452669704],[16.84214805833222,39.0419353109731],[16.73381421429056,39.05894164818824],[16.67931621363131,39.09224737484906],[16.638299982787515,39.132061763139454],[16.68092735773517,39.13137097629494],[16.669317112388114,39.15603483538541],[16.62858214214532,39.16270467854552],[16.613021361672505,39.19423912208652],[16.77812561266437,39.19592805159031],[16.746671859849343,39.24571684007794],[16.761047099034595,39.29188542793755],[16.70630549959232,39.32288678537771],[16.70487452323881,39.354627573836254],[16.839740311145878,39.34080708750679],[16.91463306074036,39.383158883936304],[16.901027032017524,39.41058363964074],[16.95524601549479,39.3960163483914],[16.957210460046547,39.43702712317522],[17.023740747326354,39.48238611491701],[17.05156132669001,39.43988311949993]]]}},{"type":"Feature","properties":{"district":"Vibo Valentia","constituency_code":"IT-PROV-102","province_code":"102","region":"Calabria"},"geometry":{"type":"Polygon","coordinates":[[[16.296212189253907,38.82131341086003],[16.3481406569671,38.790185550949865],[16.370493116018075,38.74345005418401],[16.338470381560274,38.720625269495955],[16.32916284193712,38.640386423637054],[16.431978947325273,38.57957334431217],[16.41983517395393,38.55397663093111],[16.392872679519055,38.573801780738485],[16.34927255918646,38.53736039503266],[16.391799356634763,38.44374887579515],[16.301590595239453,38.43060428611393],[16.233270853546,38.50084954677401],[16.193503513833228,38.49758592185954],[16.079996236978257,38.56209049166298],[16.004486768339355,38.51672234922029],[15.958756872942455,38.525522004017695],[15.918568067595055,38.50676813264224],[15.92892855865594,38.549833910259224],[15.82689226694881,38.619200169444156],[15.848160844066701,38.65920605289994],[15.98602352576547,38.723020119020525],[16.134127219067757,38.71746731525413],[16.182207830138694,38.74767560858119],[16.213210283705973,38.81055720566116],[16.278835802975326,38.791740196255496],[16.257172365919573,38.819894438275156],[16.296212189253907,38.82131341086003]]]}},{"type":"Feature","properties":{"district":"Verbano-Cusio-Ossola","constituency_code":"IT-PROV-103","province_code":"103","region":"Piemonte"},"geometry":{"type":"Polygon","coordinates":[[[8.449759642918238,46.461764029090155],[8.468552426471703,46.36487273928704],[8.427661995122422,46.29840102262723],[8.443076700825332,46.25021987607097],[8.532580808695943,46.21805913732208],[8.611712582756024,46.12182108522449],[8.714815167151826,46.098042784497956],[8.728882226728363,46.02344520449324],[8.570638294129303,45.90003352318198],[8.593800828257352,45.828245575149005],[8.560259691209728,45.85183793257085],[8.49996136618263,45.83402445528583],[8.457448827065305,45.87664221035219],[8.420786863984702,45.82980729829359],[8.399266202393893,45.854267660997955],[8.377419111737606,45.83845603452883],[8.374779249793793,45.78419280863596],[8.318212237287907,45.76691652873897],[8.33539875837212,45.84618258322937],[8.198738006887444,45.94992737975428],[8.086011930938026,45.92240861272026],[8.044340763029302,45.93631297770418],[7.962274116457092,45.900767799949044],[7.868401321180698,45.93763810430492],[7.908819610233812,45.99731676071002],[8.012179378027009,46.01191493544344],[8.034203743655468,46.10019300058765],[8.108052269206073,46.11159336267585],[8.153462977191651,46.14594113068097],[8.1390027322035,46.22607736072601],[8.080427846605934,46.260765960408975],[8.137708925126466,46.30161282102759],[8.203162568415733,46.304265694918485],[8.263397635625623,46.36366320632132],[8.312347494731636,46.37683767670254],[8.300311646238033,46.419351144304734],[8.449759642918238,46.461764029090155]]]}},{"type":"Feature","properties":{"district":"Monza e della Brianza","constituency_code":"IT-PROV-108","province_code":"108","region":"Lombardia"},"geometry":{"type":"Polygon","coordinates":[[[9.253937568137065,45.74045595584385],[9.290005805531028,45.726545017217006],[9.314061047646772,45.66069984121497],[9.343627541705436,45.67200475539681],[9.37228709303403,45.655092428949644],[9.414440889258552,45.676504234859024],[9.446840699674874,45.64970367514929],[9.483712314741682,45.667645158150236],[9.481654455092462,45.596808046055536],[9.379382560309718,45.55774230744109],[9.326373245384199,45.561632457479575],[9.312844852808023,45.53678266427381],[9.176918543795262,45.59177238020519],[9.093354994725123,45.588851870581834],[9.107782802495558,45.62271857012658],[9.052270088565743,45.62396197702423],[9.067046244516305,45.68512107556908],[9.13985615455882,45.694811870749845],[9.194432438093088,45.667686204137404],[9.204160460580782,45.709238932699286],[9.253937568137065,45.74045595584385]]]}},{"type":"Feature","properties":{"district":"Fermo","constituency_code":"IT-PROV-109","province_code":"109","region":"Marche"},"geometry":{"type":"Polygon","coordinates":[[[13.742854577608577,43.294083364072875],[13.849498524091622,43.06667681796761],[13.79679029636611,43.062108705226514],[13.785168552090187,43.079778203750124],[13.556354088987696,42.98844882856745],[13.398136462967658,42.97177568195305],[13.41020179053322,42.92703290653334],[13.376829756581811,42.89037661502337],[13.356008941859445,42.9154270178755],[13.292609967376656,42.925510729906684],[13.241755324392116,42.89199973920434],[13.216122808275475,42.951116748744404],[13.33890646695187,43.02875757471251],[13.37831771610467,43.04241504339816],[13.39628873324025,43.009822139270916],[13.459718878335732,43.02041996920812],[13.483822432142864,43.0802783927051],[13.433753756009356,43.085154702025065],[13.443240317295757,43.14936933968588],[13.519326001414774,43.174445487201154],[13.52110626325797,43.209207366410126],[13.592947950822614,43.20920705507206],[13.607673339028658,43.2713994732552],[13.742854577608577,43.294083364072875]]]}},{"type":"Feature","properties":{"district":"Barletta-Andria-Trani","constituency_code":"IT-PROV-110","province_code":"110","region":"Puglia"},"geometry":{"type":"Polygon","coordinates":[[[15.955522681756959,41.44029383743813],[16.542261260293966,41.229473158906764],[16.503846915155343,41.15133704151781],[16.470748371919058,41.148034669298454],[16.43631782055772,41.188201457904526],[16.391591839212868,41.196131326558906],[16.339971783934907,41.166517919694996],[16.351703313129587,41.13472208466896],[16.265183305349034,41.03725596017272],[16.251887255374807,40.962179807088305],[16.20246417400921,40.91753153545399],[16.16297058267542,40.92857996542241],[16.121069321651856,40.897718869350555],[15.97662850906734,40.95845290634625],[16.02703822631182,40.991213872176445],[16.040622754193933,41.03624314544704],[15.953384635166788,41.11080942921591],[15.87025419306695,41.13992129084288],[16.013529555168237,41.2121186935965],[16.04024235312796,41.26990744894236],[16.008946911178374,41.26402218417343],[15.981925737515313,41.36078905916053],[16.038096311978393,41.383492657990566],[15.936473647203316,41.42500331520332],[15.955522681756959,41.44029383743813]]]}},{"type":"Feature","properties":{"district":"Sud Sardegna","constituency_code":"IT-PROV-111","province_code":"111","region":"Sardegna"},"geometry":{"type":"MultiPolygon","coordinates":[[[[9.65934312778414,39.52417193963181],[9.659025543459036,39.524268349130935],[9.658579785087726,39.524960167773855],[9.659719163587575,39.52456626141653],[9.65934312778414,39.52417193963181]]],[[[9.6585585190755,39.52424847069405],[9.657974118046617,39.52442748155536],[9.658032849072763,39.52510292585163],[9.658661118094491,39.52448666306839],[9.6585585190755,39.52424847069405]]],[[[8.364244308750164,39.032881209199196],[8.360329851721922,39.10994713790261],[8.425741771514213,39.10892366613193],[8.464582361865263,39.057997720667366],[8.488458793787954,39.084661727293174],[8.466832132783402,39.11861194908214],[8.4373717211444,39.12015178201649],[8.437400043584804,39.15584553739809],[8.41290842842162,39.17398200190434],[8.41259291193583,39.15119964302315],[8.366596138827422,39.22782264375127],[8.436772786729255,39.29021342412437],[8.37298345174365,39.37477680880407],[8.412118371451198,39.42250624464367],[8.387024742433136,39.47530544878611],[8.47057266773018,39.59893726039331],[8.451298736522409,39.769590091827304],[8.518675210022456,39.69411421977407],[8.607984246988153,39.68993323772813],[8.671286292689837,39.63120551524559],[8.696533414232867,39.64544736795547],[8.743116295014278,39.62707964488184],[8.86148783149894,39.66795346942568],[8.912952322256706,39.72148801801874],[8.924286567273876,39.75839133725662],[8.888507526990285,39.7943949057796],[8.953085746130872,39.77858127006725],[9.008442751470735,39.82843397047532],[9.054253016403827,39.80095004549698],[9.113521717339307,39.849651299860255],[9.198739325974854,39.8258944342032],[9.187792838995371,39.89123475345314],[9.213001317053891,39.914724978796414],[9.385508749673761,39.91605472058079],[9.417009857332678,39.88372650843113],[9.362120864118475,39.805182014207965],[9.413688541786728,39.750746696261814],[9.385562370623054,39.71654655305893],[9.416710740500475,39.61720053640782],[9.438429557522827,39.64165553503702],[9.486283309505621,39.61687609146511],[9.508328304872977,39.62805881163783],[9.523635091130727,39.58866474540864],[9.651360570884858,39.54924766751496],[9.645950768996302,39.46139051807302],[9.597408837136301,39.3472440534719],[9.633241164576056,39.295778228088004],[9.581545172922063,39.264109303121565],[9.578899253700236,39.175586384403154],[9.523785202906756,39.094671601748864],[9.502717196062118,39.13123877046957],[9.442289358600926,39.12693541050938],[9.486387129902804,39.20714650533405],[9.44322226027582,39.29393993609225],[9.36682954005135,39.31480431990243],[9.331268230085026,39.35006183685586],[9.368664745884423,39.4234402266215],[9.281024874937279,39.41321463158679],[9.211856678875762,39.33461672015503],[9.078800292305571,39.35299357251013],[9.006224170640257,39.32696998569901],[8.97279215062338,39.34461905656834],[8.942745433124756,39.304077665830256],[8.864520785106814,39.27746701760192],[8.85523794651823,39.17976842620353],[8.821598965548436,39.140812168124064],[8.853113172309385,39.08452323601018],[8.831887970170552,39.047391061032414],[8.911916165663502,38.95222971544645],[8.905891508739472,38.90783829259193],[8.854598788012312,38.87855143713958],[8.72215776691527,38.937699953851165],[8.664116832426231,38.91250703686253],[8.670257655782436,38.89716123552465],[8.639932095318553,38.86494591155646],[8.64638733485728,38.894223502972416],[8.606658656106404,38.89283595837271],[8.62316809956703,38.93917393529418],[8.586709911305034,38.95576089685681],[8.565025394982696,39.045385484840075],[8.466110504114996,39.05700778989615],[8.444755220939058,38.96992104300807],[8.41408986507554,38.95526413553427],[8.364244308750164,39.032881209199196]]],[[[9.62742121166977,39.30845626610861],[9.628013281675782,39.30851614816228],[9.628103329299794,39.30820929885324],[9.627509168383865,39.30791514935658],[9.62742121166977,39.30845626610861]]],[[[9.606301351785406,39.14486392206563],[9.608057679647855,39.13918237397811],[9.604943887296178,39.133463094950564],[9.603605281063086,39.13963353741375],[9.606301351785406,39.14486392206563]]],[[[9.605796111493971,39.14852724903191],[9.60487947881829,39.148414867534996],[9.605720273395116,39.150142856365115],[9.606000515218277,39.149590605351094],[9.605796111493971,39.14852724903191]]],[[[9.605442952676894,39.15103638117775],[9.60440043896335,39.15092464991887],[9.603905069234187,39.15203556425957],[9.60452064735651,39.152293689694304],[9.605442952676894,39.15103638117775]]],[[[9.603769844812907,39.146876370215125],[9.602557762368528,39.14739739339438],[9.603213675883122,39.148657786852596],[9.605129652911739,39.14789881859966],[9.603769844812907,39.146876370215125]]],[[[9.541285249761478,39.08387751725726],[9.54137350559787,39.08313369442156],[9.540022639633314,39.08375721652849],[9.540656748048193,39.084089940456415],[9.541285249761478,39.08387751725726]]],[[[9.54009621176223,39.083360389006394],[9.540451727291707,39.0829802763441],[9.540049847643319,39.08182872151294],[9.538961753201129,39.083176405973475],[9.54009621176223,39.083360389006394]]],[[[9.536743994188686,39.08497983923195],[9.53717998947197,39.08453628898622],[9.536037913037926,39.08487495452908],[9.536385308376605,39.08494544522192],[9.536743994188686,39.08497983923195]]],[[[9.537048980645281,39.080982023858574],[9.535777505602926,39.081019412011635],[9.535935025859619,39.081973861828864],[9.53681033068611,39.08152829279435],[9.537048980645281,39.080982023858574]]],[[[9.53502373269473,39.082248379406714],[9.52687131055813,39.08516003476935],[9.529313392897159,39.090132094398804],[9.534486402879907,39.08918035593586],[9.53502373269473,39.082248379406714]]],[[[8.890739132422114,38.8967962314498],[8.890039174881554,38.897349777927836],[8.890085017479237,38.89846949151486],[8.891318845158308,38.897578514907266],[8.890739132422114,38.8967962314498]]],[[[8.865144786056375,38.881517598637124],[8.864649834761954,38.8818549558815],[8.864668677647922,38.88255787108138],[8.865463861130282,38.88197304558052],[8.865144786056375,38.881517598637124]]],[[[8.827509543396092,38.88144216407272],[8.82695480751872,38.88139966503352],[8.826200153839899,38.88178491104854],[8.827412823866512,38.88210548977221],[8.827509543396092,38.88144216407272]]],[[[8.825370040494292,38.88120130691475],[8.824625540739053,38.88097039895076],[8.824435078940613,38.88106473295541],[8.825212855680578,38.88183074712634],[8.825370040494292,38.88120130691475]]],[[[8.813305115585896,38.889912483845755],[8.811763454294816,38.889707250601816],[8.813608115484879,38.89309738497792],[8.814406919121199,38.89243519099146],[8.813305115585896,38.889912483845755]]],[[[8.765916024917006,38.914130895335276],[8.764996607764052,38.91399387706752],[8.764891234772401,38.914467889223616],[8.765721592608134,38.91494378361075],[8.765916024917006,38.914130895335276]]],[[[8.7168615946705,38.91270206336478],[8.714242293209654,38.91404175891577],[8.718286377170026,38.91626951521917],[8.719120929667564,38.915241975203436],[8.7168615946705,38.91270206336478]]],[[[8.4630528117288,39.08140038108662],[8.463104194089777,39.08205730062582],[8.463733286715192,39.082382341386065],[8.46386497918307,39.082167807619314],[8.4630528117288,39.08140038108662]]],[[[8.450149503385784,38.9347384311828],[8.448098549362848,38.9353144866526],[8.449573914832065,38.9394215901976],[8.451609018006929,38.93661063516957],[8.450149503385784,38.9347384311828]]],[[[8.45022540011772,38.940785365341625],[8.449838182406195,38.941432353415045],[8.45067821826691,38.9421031450001],[8.450968936905303,38.94143767762065],[8.45022540011772,38.940785365341625]]],[[[8.437407430008488,39.10493346875662],[8.43749349426036,39.10574600350093],[8.438353690335845,39.10556204570822],[8.43784163771744,39.10505158034709],[8.437407430008488,39.10493346875662]]],[[[8.409101295874834,38.86345192338301],[8.412394072667567,38.86127426217862],[8.40851130773204,38.85919105306564],[8.407796743602038,38.860926631416355],[8.409101295874834,38.86345192338301]]],[[[8.401430562739016,39.33358581636667],[8.39850832146289,39.33321933585508],[8.39774307425684,39.334001558788884],[8.400945695819411,39.33465784380188],[8.401430562739016,39.33358581636667]]],[[[8.356685888451198,39.225957156753296],[8.35612454617354,39.22621536926526],[8.356190543046468,39.22723395657573],[8.357115686968127,39.22614875748489],[8.356685888451198,39.225957156753296]]],[[[8.355784046756645,39.227344344333794],[8.355319212562325,39.22749946134934],[8.35528631459444,39.22856255506705],[8.355600098184,39.228456161663715],[8.355784046756645,39.227344344333794]]],[[[8.324118129439142,39.189307013880864],[8.317132584471839,39.19040052211771],[8.319688368267661,39.1953894664449],[8.324932747538961,39.19175480545469],[8.324118129439142,39.189307013880864]]],[[[8.319517409428276,39.185350371081725],[8.318315602803416,39.18525661572555],[8.318135612101607,39.18665900455338],[8.319170586960697,39.186195366141746],[8.319517409428276,39.185350371081725]]],[[[8.308209586935506,39.18018475571977],[8.307816520858017,39.10480488622163],[8.254801282393032,39.103859680264925],[8.22663797455108,39.160928193007145],[8.308209586935506,39.18018475571977]]],[[[8.262786292334162,39.17534221436849],[8.263141735135513,39.174978396156725],[8.262203242084386,39.17574513881795],[8.262684379283696,39.175678350454135],[8.262786292334162,39.17534221436849]]]]}}]}