district,district_url,distribution_url,elected_member,elected_party,enrolment,formal_votes,informal_votes,total_votes,turnout_pct,majority,round_number,row_type,excluded_candidate,excluded_party,candidate,candidate_party,votes,electorate_type,constituency_code,contest_status,result_note
Hokkaido 1,https://www.soumu.go.jp/senkyo/senkyo_s/data/shugiin50/index.html,https://www.soumu.go.jp/senkyo/senkyo_s/data/shugiin50/index.html,道下 大樹,Constitutional Democratic Party,0,250075,0,250075,,125038,0,first,,,道下 大樹,Constitutional Democratic Party,108394,Hokkaido,JP-01-01,official,Candidate totals are the whole-vote figures in the official constituency table. Japan's national party summary separately allocates a very small number of fractional ambiguous ballots. District turnout and invalid-ballot metadata are unavailable.
Hokkaido 1,https://www.soumu.go.jp/senkyo/senkyo_s/data/shugiin50/index.html,https://www.soumu.go.jp/senkyo/senkyo_s/data/shugiin50/index.html,道下 大樹,Constitutional Democratic Party,0,250075,0,250075,,125038,0,first,,,加藤 貴弘,Liberal Democratic Party,80133,Hokkaido,JP-01-01,official,
Hokkaido 1,https://www.soumu.go.jp/senkyo/senkyo_s/data/shugiin50/index.html,https://www.soumu.go.jp/senkyo/senkyo_s/data/shugiin50/index.html,道下 大樹,Constitutional Democratic Party,0,250075,0,250075,,125038,0,first,,,千葉 尚子,Japanese Communist Party,21451,Hokkaido,JP-01-01,official,
Hokkaido 1,https://www.soumu.go.jp/senkyo/senkyo_s/data/shugiin50/index.html,https://www.soumu.go.jp/senkyo/senkyo_s/data/shugiin50/index.html,道下 大樹,Constitutional Democratic Party,0,250075,0,250075,,125038,0,first,,,田中 義人,Sanseitō,20097,Hokkaido,JP-01-01,official,
Hokkaido 1,https://www.soumu.go.jp/senkyo/senkyo_s/data/shugiin50/index.html,https://www.soumu.go.jp/senkyo/senkyo_s/data/shugiin50/index.html,道下 大樹,Constitutional Democratic Party,0,250075,0,250075,,125038,0,first,,,小林 悟,Japan Innovation Party,20000,Hokkaido,JP-01-01,official,
Hokkaido 2,https://www.soumu.go.jp/senkyo/senkyo_s/data/shugiin50/index.html,https://www.soumu.go.jp/senkyo/senkyo_s/data/shugiin50/index.html,松木 謙公,Constitutional Democratic Party,0,234765,0,234765,,117383,0,first,,,松木 謙公,Constitutional Democratic Party,94002,Hokkaido,JP-01-02,official,Candidate totals are the whole-vote figures in the official constituency table. Japan's national party summary separately allocates a very small number of fractional ambiguous ballots. District turnout and invalid-ballot metadata are unavailable.
Hokkaido 2,https://www.soumu.go.jp/senkyo/senkyo_s/data/shugiin50/index.html,https://www.soumu.go.jp/senkyo/senkyo_s/data/shugiin50/index.html,松木 謙公,Constitutional Democratic Party,0,234765,0,234765,,117383,0,first,,,高橋 祐介,Liberal Democratic Party,76835,Hokkaido,JP-01-02,official,
Hokkaido 2,https://www.soumu.go.jp/senkyo/senkyo_s/data/shugiin50/index.html,https://www.soumu.go.jp/senkyo/senkyo_s/data/shugiin50/index.html,松木 謙公,Constitutional Democratic Party,0,234765,0,234765,,117383,0,first,,,山崎 泉,Japan Innovation Party,32073,Hokkaido,JP-01-02,official,
Hokkaido 2,https://www.soumu.go.jp/senkyo/senkyo_s/data/shugiin50/index.html,https://www.soumu.go.jp/senkyo/senkyo_s/data/shugiin50/index.html,松木 謙公,Constitutional Democratic Party,0,234765,0,234765,,117383,0,first,,,宮内 史織,Japanese Communist Party,31855,Hokkaido,JP-01-02,official,
Hokkaido 3,https://www.soumu.go.jp/senkyo/senkyo_s/data/shugiin50/index.html,https://www.soumu.go.jp/senkyo/senkyo_s/data/shugiin50/index.html,荒井 優,Constitutional Democratic Party,0,239914,0,239914,,119958,0,first,,,荒井 優,Constitutional Democratic Party,100136,Hokkaido,JP-01-03,official,Candidate totals are the whole-vote figures in the official constituency table. Japan's national party summary separately allocates a very small number of fractional ambiguous ballots. District turnout and invalid-ballot metadata are unavailable.
Hokkaido 3,https://www.soumu.go.jp/senkyo/senkyo_s/data/shugiin50/index.html,https://www.soumu.go.jp/senkyo/senkyo_s/data/shugiin50/index.html,荒井 優,Constitutional Democratic Party,0,239914,0,239914,,119958,0,first,,,高木 宏壽,Liberal Democratic Party,83089,Hokkaido,JP-01-03,official,
Hokkaido 3,https://www.soumu.go.jp/senkyo/senkyo_s/data/shugiin50/index.html,https://www.soumu.go.jp/senkyo/senkyo_s/data/shugiin50/index.html,荒井 優,Constitutional Democratic Party,0,239914,0,239914,,119958,0,first,,,伊藤 理智子,Japanese Communist Party,22915,Hokkaido,JP-01-03,official,
Hokkaido 3,https://www.soumu.go.jp/senkyo/senkyo_s/data/shugiin50/index.html,https://www.soumu.go.jp/senkyo/senkyo_s/data/shugiin50/index.html,荒井 優,Constitutional Democratic Party,0,239914,0,239914,,119958,0,first,,,鳥越 良孝,Japan Innovation Party,21802,Hokkaido,JP-01-03,official,
Hokkaido 3,https://www.soumu.go.jp/senkyo/senkyo_s/data/shugiin50/index.html,https://www.soumu.go.jp/senkyo/senkyo_s/data/shugiin50/index.html,荒井 優,Constitutional Democratic Party,0,239914,0,239914,,119958,0,first,,,増田 健治,Independent,11972,Hokkaido,JP-01-03,official,
Hokkaido 4,https://www.soumu.go.jp/senkyo/senkyo_s/data/shugiin50/index.html,https://www.soumu.go.jp/senkyo/senkyo_s/data/shugiin50/index.html,大築 紅葉,Constitutional Democratic Party,0,224959,0,224959,,112480,0,first,,,大築 紅葉,Constitutional Democratic Party,101484,Hokkaido,JP-01-04,official,Candidate totals are the whole-vote figures in the official constituency table. Japan's national party summary separately allocates a very small number of fractional ambiguous ballots. District turnout and invalid-ballot metadata are unavailable.
Hokkaido 4,https://www.soumu.go.jp/senkyo/senkyo_s/data/shugiin50/index.html,https://www.soumu.go.jp/senkyo/senkyo_s/data/shugiin50/index.html,大築 紅葉,Constitutional Democratic Party,0,224959,0,224959,,112480,0,first,,,中村 裕之,Liberal Democratic Party,94090,Hokkaido,JP-01-04,official,
Hokkaido 4,https://www.soumu.go.jp/senkyo/senkyo_s/data/shugiin50/index.html,https://www.soumu.go.jp/senkyo/senkyo_s/data/shugiin50/index.html,大築 紅葉,Constitutional Democratic Party,0,224959,0,224959,,112480,0,first,,,佐々木 明美,Japanese Communist Party,19063,Hokkaido,JP-01-04,official,
Hokkaido 4,https://www.soumu.go.jp/senkyo/senkyo_s/data/shugiin50/index.html,https://www.soumu.go.jp/senkyo/senkyo_s/data/shugiin50/index.html,大築 紅葉,Constitutional Democratic Party,0,224959,0,224959,,112480,0,first,,,斎藤 佳代,Independent,10322,Hokkaido,JP-01-04,official,
Hokkaido 5,https://www.soumu.go.jp/senkyo/senkyo_s/data/shugiin50/index.html,https://www.soumu.go.jp/senkyo/senkyo_s/data/shugiin50/index.html,池田 真紀,Constitutional Democratic Party,0,242736,0,242736,,121369,0,first,,,池田 真紀,Constitutional Democratic Party,125444,Hokkaido,JP-01-05,official,Candidate totals are the whole-vote figures in the official constituency table. Japan's national party summary separately allocates a very small number of fractional ambiguous ballots. District turnout and invalid-ballot metadata are unavailable.
Hokkaido 5,https://www.soumu.go.jp/senkyo/senkyo_s/data/shugiin50/index.html,https://www.soumu.go.jp/senkyo/senkyo_s/data/shugiin50/index.html,池田 真紀,Constitutional Democratic Party,0,242736,0,242736,,121369,0,first,,,和田 義明,Liberal Democratic Party,100893,Hokkaido,JP-01-05,official,
Hokkaido 5,https://www.soumu.go.jp/senkyo/senkyo_s/data/shugiin50/index.html,https://www.soumu.go.jp/senkyo/senkyo_s/data/shugiin50/index.html,池田 真紀,Constitutional Democratic Party,0,242736,0,242736,,121369,0,first,,,鈴木 龍次,Japanese Communist Party,16399,Hokkaido,JP-01-05,official,
Hokkaido 6,https://www.soumu.go.jp/senkyo/senkyo_s/data/shugiin50/index.html,https://www.soumu.go.jp/senkyo/senkyo_s/data/shugiin50/index.html,東 国幹,Liberal Democratic Party,0,214796,0,214796,,107399,0,first,,,東 国幹,Liberal Democratic Party,100694,Hokkaido,JP-01-06,official,Candidate totals are the whole-vote figures in the official constituency table. Japan's national party summary separately allocates a very small number of fractional ambiguous ballots. District turnout and invalid-ballot metadata are unavailable.
Hokkaido 6,https://www.soumu.go.jp/senkyo/senkyo_s/data/shugiin50/index.html,https://www.soumu.go.jp/senkyo/senkyo_s/data/shugiin50/index.html,東 国幹,Liberal Democratic Party,0,214796,0,214796,,107399,0,first,,,西川 将人,Constitutional Democratic Party,94193,Hokkaido,JP-01-06,official,
Hokkaido 6,https://www.soumu.go.jp/senkyo/senkyo_s/data/shugiin50/index.html,https://www.soumu.go.jp/senkyo/senkyo_s/data/shugiin50/index.html,東 国幹,Liberal Democratic Party,0,214796,0,214796,,107399,0,first,,,荻生 和敏,Japanese Communist Party,19909,Hokkaido,JP-01-06,official,
Hokkaido 7,https://www.soumu.go.jp/senkyo/senkyo_s/data/shugiin50/index.html,https://www.soumu.go.jp/senkyo/senkyo_s/data/shugiin50/index.html,鈴木 貴子,Liberal Democratic Party,0,132077,0,132077,,66039,0,first,,,鈴木 貴子,Liberal Democratic Party,77189,Hokkaido,JP-01-07,official,Candidate totals are the whole-vote figures in the official constituency table. Japan's national party summary separately allocates a very small number of fractional ambiguous ballots. District turnout and invalid-ballot metadata are unavailable.
Hokkaido 7,https://www.soumu.go.jp/senkyo/senkyo_s/data/shugiin50/index.html,https://www.soumu.go.jp/senkyo/senkyo_s/data/shugiin50/index.html,鈴木 貴子,Liberal Democratic Party,0,132077,0,132077,,66039,0,first,,,篠田 奈保子,Constitutional Democratic Party,54888,Hokkaido,JP-01-07,official,
Hokkaido 8,https://www.soumu.go.jp/senkyo/senkyo_s/data/shugiin50/index.html,https://www.soumu.go.jp/senkyo/senkyo_s/data/shugiin50/index.html,逢坂 誠二,Constitutional Democratic Party,0,192472,0,192472,,96237,0,first,,,逢坂 誠二,Constitutional Democratic Party,97758,Hokkaido,JP-01-08,official,Candidate totals are the whole-vote figures in the official constituency table. Japan's national party summary separately allocates a very small number of fractional ambiguous ballots. District turnout and invalid-ballot metadata are unavailable.
Hokkaido 8,https://www.soumu.go.jp/senkyo/senkyo_s/data/shugiin50/index.html,https://www.soumu.go.jp/senkyo/senkyo_s/data/shugiin50/index.html,逢坂 誠二,Constitutional Democratic Party,0,192472,0,192472,,96237,0,first,,,向山 淳,Liberal Democratic Party,83006,Hokkaido,JP-01-08,official,
Hokkaido 8,https://www.soumu.go.jp/senkyo/senkyo_s/data/shugiin50/index.html,https://www.soumu.go.jp/senkyo/senkyo_s/data/shugiin50/index.html,逢坂 誠二,Constitutional Democratic Party,0,192472,0,192472,,96237,0,first,,,本間 勝美,Japanese Communist Party,11708,Hokkaido,JP-01-08,official,
Hokkaido 9,https://www.soumu.go.jp/senkyo/senkyo_s/data/shugiin50/index.html,https://www.soumu.go.jp/senkyo/senkyo_s/data/shugiin50/index.html,山岡 達丸,Constitutional Democratic Party,0,188892,0,188892,,94447,0,first,,,山岡 達丸,Constitutional Democratic Party,106007,Hokkaido,JP-01-09,official,Candidate totals are the whole-vote figures in the official constituency table. Japan's national party summary separately allocates a very small number of fractional ambiguous ballots. District turnout and invalid-ballot metadata are unavailable.
Hokkaido 9,https://www.soumu.go.jp/senkyo/senkyo_s/data/shugiin50/index.html,https://www.soumu.go.jp/senkyo/senkyo_s/data/shugiin50/index.html,山岡 達丸,Constitutional Democratic Party,0,188892,0,188892,,94447,0,first,,,松下 英樹,Liberal Democratic Party,62328,Hokkaido,JP-01-09,official,
Hokkaido 9,https://www.soumu.go.jp/senkyo/senkyo_s/data/shugiin50/index.html,https://www.soumu.go.jp/senkyo/senkyo_s/data/shugiin50/index.html,山岡 達丸,Constitutional Democratic Party,0,188892,0,188892,,94447,0,first,,,立野 広志,Japanese Communist Party,20557,Hokkaido,JP-01-09,official,
Hokkaido 10,https://www.soumu.go.jp/senkyo/senkyo_s/data/shugiin50/index.html,https://www.soumu.go.jp/senkyo/senkyo_s/data/shugiin50/index.html,神谷 裕,Constitutional Democratic Party,0,154352,0,154352,,77177,0,first,,,神谷 裕,Constitutional Democratic Party,78362,Hokkaido,JP-01-10,official,Candidate totals are the whole-vote figures in the official constituency table. Japan's national party summary separately allocates a very small number of fractional ambiguous ballots. District turnout and invalid-ballot metadata are unavailable.
Hokkaido 10,https://www.soumu.go.jp/senkyo/senkyo_s/data/shugiin50/index.html,https://www.soumu.go.jp/senkyo/senkyo_s/data/shugiin50/index.html,神谷 裕,Constitutional Democratic Party,0,154352,0,154352,,77177,0,first,,,稲津 久,Komeito,75990,Hokkaido,JP-01-10,official,
Hokkaido 11,https://www.soumu.go.jp/senkyo/senkyo_s/data/shugiin50/index.html,https://www.soumu.go.jp/senkyo/senkyo_s/data/shugiin50/index.html,石川 香織,Constitutional Democratic Party,0,161766,0,161766,,80884,0,first,,,石川 香織,Constitutional Democratic Party,84522,Hokkaido,JP-01-11,official,Candidate totals are the whole-vote figures in the official constituency table. Japan's national party summary separately allocates a very small number of fractional ambiguous ballots. District turnout and invalid-ballot metadata are unavailable.
Hokkaido 11,https://www.soumu.go.jp/senkyo/senkyo_s/data/shugiin50/index.html,https://www.soumu.go.jp/senkyo/senkyo_s/data/shugiin50/index.html,石川 香織,Constitutional Democratic Party,0,161766,0,161766,,80884,0,first,,,中川 郁子,Liberal Democratic Party,66877,Hokkaido,JP-01-11,official,
Hokkaido 11,https://www.soumu.go.jp/senkyo/senkyo_s/data/shugiin50/index.html,https://www.soumu.go.jp/senkyo/senkyo_s/data/shugiin50/index.html,石川 香織,Constitutional Democratic Party,0,161766,0,161766,,80884,0,first,,,佐藤 耕平,Japanese Communist Party,10367,Hokkaido,JP-01-11,official,
Hokkaido 12,https://www.soumu.go.jp/senkyo/senkyo_s/data/shugiin50/index.html,https://www.soumu.go.jp/senkyo/senkyo_s/data/shugiin50/index.html,武部 新,Liberal Democratic Party,0,150253,0,150253,,75127,0,first,,,武部 新,Liberal Democratic Party,78645,Hokkaido,JP-01-12,official,Candidate totals are the whole-vote figures in the official constituency table. Japan's national party summary separately allocates a very small number of fractional ambiguous ballots. District turnout and invalid-ballot metadata are unavailable.
Hokkaido 12,https://www.soumu.go.jp/senkyo/senkyo_s/data/shugiin50/index.html,https://www.soumu.go.jp/senkyo/senkyo_s/data/shugiin50/index.html,武部 新,Liberal Democratic Party,0,150253,0,150253,,75127,0,first,,,川原田 英世,Constitutional Democratic Party,71608,Hokkaido,JP-01-12,official,
Aomori 1,https://www.soumu.go.jp/senkyo/senkyo_s/data/shugiin50/index.html,https://www.soumu.go.jp/senkyo/senkyo_s/data/shugiin50/index.html,津島 淳,Liberal Democratic Party,0,165688,0,165688,,82845,0,first,,,津島 淳,Liberal Democratic Party,76265,Aomori,JP-02-01,official,Candidate totals are the whole-vote figures in the official constituency table. Japan's national party summary separately allocates a very small number of fractional ambiguous ballots. District turnout and invalid-ballot metadata are unavailable.
Aomori 1,https://www.soumu.go.jp/senkyo/senkyo_s/data/shugiin50/index.html,https://www.soumu.go.jp/senkyo/senkyo_s/data/shugiin50/index.html,津島 淳,Liberal Democratic Party,0,165688,0,165688,,82845,0,first,,,升田 世喜男,Constitutional Democratic Party,71211,Aomori,JP-02-01,official,
Aomori 1,https://www.soumu.go.jp/senkyo/senkyo_s/data/shugiin50/index.html,https://www.soumu.go.jp/senkyo/senkyo_s/data/shugiin50/index.html,津島 淳,Liberal Democratic Party,0,165688,0,165688,,82845,0,first,,,斎藤 美緒,Japanese Communist Party,18212,Aomori,JP-02-01,official,
Aomori 2,https://www.soumu.go.jp/senkyo/senkyo_s/data/shugiin50/index.html,https://www.soumu.go.jp/senkyo/senkyo_s/data/shugiin50/index.html,神田 潤一,Liberal Democratic Party,0,182424,0,182424,,91213,0,first,,,神田 潤一,Liberal Democratic Party,82784,Aomori,JP-02-02,official,Candidate totals are the whole-vote figures in the official constituency table. Japan's national party summary separately allocates a very small number of fractional ambiguous ballots. District turnout and invalid-ballot metadata are unavailable.
Aomori 2,https://www.soumu.go.jp/senkyo/senkyo_s/data/shugiin50/index.html,https://www.soumu.go.jp/senkyo/senkyo_s/data/shugiin50/index.html,神田 潤一,Liberal Democratic Party,0,182424,0,182424,,91213,0,first,,,松尾 和彦,Independent,56674,Aomori,JP-02-02,official,
Aomori 2,https://www.soumu.go.jp/senkyo/senkyo_s/data/shugiin50/index.html,https://www.soumu.go.jp/senkyo/senkyo_s/data/shugiin50/index.html,神田 潤一,Liberal Democratic Party,0,182424,0,182424,,91213,0,first,,,金濱 亨,Democratic Party for the People,33569,Aomori,JP-02-02,official,
Aomori 2,https://www.soumu.go.jp/senkyo/senkyo_s/data/shugiin50/index.html,https://www.soumu.go.jp/senkyo/senkyo_s/data/shugiin50/index.html,神田 潤一,Liberal Democratic Party,0,182424,0,182424,,91213,0,first,,,久保 将,Japanese Communist Party,9397,Aomori,JP-02-02,official,
Aomori 3,https://www.soumu.go.jp/senkyo/senkyo_s/data/shugiin50/index.html,https://www.soumu.go.jp/senkyo/senkyo_s/data/shugiin50/index.html,岡田 華子,Constitutional Democratic Party,0,174719,0,174719,,87360,0,first,,,岡田 華子,Constitutional Democratic Party,86593,Aomori,JP-02-03,official,Candidate totals are the whole-vote figures in the official constituency table. Japan's national party summary separately allocates a very small number of fractional ambiguous ballots. District turnout and invalid-ballot metadata are unavailable.
Aomori 3,https://www.soumu.go.jp/senkyo/senkyo_s/data/shugiin50/index.html,https://www.soumu.go.jp/senkyo/senkyo_s/data/shugiin50/index.html,岡田 華子,Constitutional Democratic Party,0,174719,0,174719,,87360,0,first,,,木村 次郎,Liberal Democratic Party,73848,Aomori,JP-02-03,official,
Aomori 3,https://www.soumu.go.jp/senkyo/senkyo_s/data/shugiin50/index.html,https://www.soumu.go.jp/senkyo/senkyo_s/data/shugiin50/index.html,岡田 華子,Constitutional Democratic Party,0,174719,0,174719,,87360,0,first,,,長坂 淳也,Japan Innovation Party,7747,Aomori,JP-02-03,official,
Aomori 3,https://www.soumu.go.jp/senkyo/senkyo_s/data/shugiin50/index.html,https://www.soumu.go.jp/senkyo/senkyo_s/data/shugiin50/index.html,岡田 華子,Constitutional Democratic Party,0,174719,0,174719,,87360,0,first,,,其田 寿一,Independent,6531,Aomori,JP-02-03,official,
Iwate 1,https://www.soumu.go.jp/senkyo/senkyo_s/data/shugiin50/index.html,https://www.soumu.go.jp/senkyo/senkyo_s/data/shugiin50/index.html,階 猛,Constitutional Democratic Party,0,153399,0,153399,,76700,0,first,,,階 猛,Constitutional Democratic Party,94409,Iwate,JP-03-01,official,Candidate totals are the whole-vote figures in the official constituency table. Japan's national party summary separately allocates a very small number of fractional ambiguous ballots. District turnout and invalid-ballot metadata are unavailable.
Iwate 1,https://www.soumu.go.jp/senkyo/senkyo_s/data/shugiin50/index.html,https://www.soumu.go.jp/senkyo/senkyo_s/data/shugiin50/index.html,階 猛,Constitutional Democratic Party,0,153399,0,153399,,76700,0,first,,,米内 紘正,Liberal Democratic Party,43623,Iwate,JP-03-01,official,
Iwate 1,https://www.soumu.go.jp/senkyo/senkyo_s/data/shugiin50/index.html,https://www.soumu.go.jp/senkyo/senkyo_s/data/shugiin50/index.html,階 猛,Constitutional Democratic Party,0,153399,0,153399,,76700,0,first,,,吉田 恭子,Japanese Communist Party,15367,Iwate,JP-03-01,official,
Iwate 2,https://www.soumu.go.jp/senkyo/senkyo_s/data/shugiin50/index.html,https://www.soumu.go.jp/senkyo/senkyo_s/data/shugiin50/index.html,鈴木 俊一,Liberal Democratic Party,0,186490,0,186490,,93246,0,first,,,鈴木 俊一,Liberal Democratic Party,115774,Iwate,JP-03-02,official,Candidate totals are the whole-vote figures in the official constituency table. Japan's national party summary separately allocates a very small number of fractional ambiguous ballots. District turnout and invalid-ballot metadata are unavailable.
Iwate 2,https://www.soumu.go.jp/senkyo/senkyo_s/data/shugiin50/index.html,https://www.soumu.go.jp/senkyo/senkyo_s/data/shugiin50/index.html,鈴木 俊一,Liberal Democratic Party,0,186490,0,186490,,93246,0,first,,,中村 起子,Constitutional Democratic Party,70716,Iwate,JP-03-02,official,
Iwate 3,https://www.soumu.go.jp/senkyo/senkyo_s/data/shugiin50/index.html,https://www.soumu.go.jp/senkyo/senkyo_s/data/shugiin50/index.html,小沢 一郎,Constitutional Democratic Party,0,199711,0,199711,,99856,0,first,,,小沢 一郎,Constitutional Democratic Party,115364,Iwate,JP-03-03,official,Candidate totals are the whole-vote figures in the official constituency table. Japan's national party summary separately allocates a very small number of fractional ambiguous ballots. District turnout and invalid-ballot metadata are unavailable.
Iwate 3,https://www.soumu.go.jp/senkyo/senkyo_s/data/shugiin50/index.html,https://www.soumu.go.jp/senkyo/senkyo_s/data/shugiin50/index.html,小沢 一郎,Constitutional Democratic Party,0,199711,0,199711,,99856,0,first,,,藤原 崇,Liberal Democratic Party,84347,Iwate,JP-03-03,official,
Miyagi 1,https://www.soumu.go.jp/senkyo/senkyo_s/data/shugiin50/index.html,https://www.soumu.go.jp/senkyo/senkyo_s/data/shugiin50/index.html,岡本 章子,Constitutional Democratic Party,0,222918,0,222918,,111460,0,first,,,岡本 章子,Constitutional Democratic Party,115142,Miyagi,JP-04-01,official,Candidate totals are the whole-vote figures in the official constituency table. Japan's national party summary separately allocates a very small number of fractional ambiguous ballots. District turnout and invalid-ballot metadata are unavailable.
Miyagi 1,https://www.soumu.go.jp/senkyo/senkyo_s/data/shugiin50/index.html,https://www.soumu.go.jp/senkyo/senkyo_s/data/shugiin50/index.html,岡本 章子,Constitutional Democratic Party,0,222918,0,222918,,111460,0,first,,,土井 亨,Liberal Democratic Party,81924,Miyagi,JP-04-01,official,
Miyagi 1,https://www.soumu.go.jp/senkyo/senkyo_s/data/shugiin50/index.html,https://www.soumu.go.jp/senkyo/senkyo_s/data/shugiin50/index.html,岡本 章子,Constitutional Democratic Party,0,222918,0,222918,,111460,0,first,,,高橋 浩司,Japan Innovation Party,25852,Miyagi,JP-04-01,official,
Miyagi 2,https://www.soumu.go.jp/senkyo/senkyo_s/data/shugiin50/index.html,https://www.soumu.go.jp/senkyo/senkyo_s/data/shugiin50/index.html,鎌田 さゆり,Constitutional Democratic Party,0,218990,0,218990,,109496,0,first,,,鎌田 さゆり,Constitutional Democratic Party,116390,Miyagi,JP-04-02,official,Candidate totals are the whole-vote figures in the official constituency table. Japan's national party summary separately allocates a very small number of fractional ambiguous ballots. District turnout and invalid-ballot metadata are unavailable.
Miyagi 2,https://www.soumu.go.jp/senkyo/senkyo_s/data/shugiin50/index.html,https://www.soumu.go.jp/senkyo/senkyo_s/data/shugiin50/index.html,鎌田 さゆり,Constitutional Democratic Party,0,218990,0,218990,,109496,0,first,,,秋葉 賢也,Liberal Democratic Party,71633,Miyagi,JP-04-02,official,
Miyagi 2,https://www.soumu.go.jp/senkyo/senkyo_s/data/shugiin50/index.html,https://www.soumu.go.jp/senkyo/senkyo_s/data/shugiin50/index.html,鎌田 さゆり,Constitutional Democratic Party,0,218990,0,218990,,109496,0,first,,,早坂 敦,Japan Innovation Party,30967,Miyagi,JP-04-02,official,
Miyagi 3,https://www.soumu.go.jp/senkyo/senkyo_s/data/shugiin50/index.html,https://www.soumu.go.jp/senkyo/senkyo_s/data/shugiin50/index.html,柳沢 剛,Constitutional Democratic Party,0,149472,0,149472,,74737,0,first,,,柳沢 剛,Constitutional Democratic Party,82566,Miyagi,JP-04-03,official,Candidate totals are the whole-vote figures in the official constituency table. Japan's national party summary separately allocates a very small number of fractional ambiguous ballots. District turnout and invalid-ballot metadata are unavailable.
Miyagi 3,https://www.soumu.go.jp/senkyo/senkyo_s/data/shugiin50/index.html,https://www.soumu.go.jp/senkyo/senkyo_s/data/shugiin50/index.html,柳沢 剛,Constitutional Democratic Party,0,149472,0,149472,,74737,0,first,,,西村 明宏,Liberal Democratic Party,66906,Miyagi,JP-04-03,official,
Miyagi 4,https://www.soumu.go.jp/senkyo/senkyo_s/data/shugiin50/index.html,https://www.soumu.go.jp/senkyo/senkyo_s/data/shugiin50/index.html,安住 淳,Constitutional Democratic Party,0,196339,0,196339,,98170,0,first,,,安住 淳,Constitutional Democratic Party,102229,Miyagi,JP-04-04,official,Candidate totals are the whole-vote figures in the official constituency table. Japan's national party summary separately allocates a very small number of fractional ambiguous ballots. District turnout and invalid-ballot metadata are unavailable.
Miyagi 4,https://www.soumu.go.jp/senkyo/senkyo_s/data/shugiin50/index.html,https://www.soumu.go.jp/senkyo/senkyo_s/data/shugiin50/index.html,安住 淳,Constitutional Democratic Party,0,196339,0,196339,,98170,0,first,,,伊藤 信太郎,Liberal Democratic Party,65616,Miyagi,JP-04-04,official,
Miyagi 4,https://www.soumu.go.jp/senkyo/senkyo_s/data/shugiin50/index.html,https://www.soumu.go.jp/senkyo/senkyo_s/data/shugiin50/index.html,安住 淳,Constitutional Democratic Party,0,196339,0,196339,,98170,0,first,,,佐藤 雄一,Japan Innovation Party,15581,Miyagi,JP-04-04,official,
Miyagi 4,https://www.soumu.go.jp/senkyo/senkyo_s/data/shugiin50/index.html,https://www.soumu.go.jp/senkyo/senkyo_s/data/shugiin50/index.html,安住 淳,Constitutional Democratic Party,0,196339,0,196339,,98170,0,first,,,大林 正英,Reiwa Shinsengumi,12913,Miyagi,JP-04-04,official,
Miyagi 5,https://www.soumu.go.jp/senkyo/senkyo_s/data/shugiin50/index.html,https://www.soumu.go.jp/senkyo/senkyo_s/data/shugiin50/index.html,小野寺 五典,Liberal Democratic Party,0,177276,0,177276,,88639,0,first,,,小野寺 五典,Liberal Democratic Party,132361,Miyagi,JP-04-05,official,Candidate totals are the whole-vote figures in the official constituency table. Japan's national party summary separately allocates a very small number of fractional ambiguous ballots. District turnout and invalid-ballot metadata are unavailable.
Miyagi 5,https://www.soumu.go.jp/senkyo/senkyo_s/data/shugiin50/index.html,https://www.soumu.go.jp/senkyo/senkyo_s/data/shugiin50/index.html,小野寺 五典,Liberal Democratic Party,0,177276,0,177276,,88639,0,first,,,境 恒春,Japan Innovation Party,26502,Miyagi,JP-04-05,official,
Miyagi 5,https://www.soumu.go.jp/senkyo/senkyo_s/data/shugiin50/index.html,https://www.soumu.go.jp/senkyo/senkyo_s/data/shugiin50/index.html,小野寺 五典,Liberal Democratic Party,0,177276,0,177276,,88639,0,first,,,中嶋 廉,Japanese Communist Party,18413,Miyagi,JP-04-05,official,
Akita 1,https://www.soumu.go.jp/senkyo/senkyo_s/data/shugiin50/index.html,https://www.soumu.go.jp/senkyo/senkyo_s/data/shugiin50/index.html,冨樫 博之,Liberal Democratic Party,0,144642,0,144642,,72322,0,first,,,冨樫 博之,Liberal Democratic Party,60387,Akita,JP-05-01,official,Candidate totals are the whole-vote figures in the official constituency table. Japan's national party summary separately allocates a very small number of fractional ambiguous ballots. District turnout and invalid-ballot metadata are unavailable.
Akita 1,https://www.soumu.go.jp/senkyo/senkyo_s/data/shugiin50/index.html,https://www.soumu.go.jp/senkyo/senkyo_s/data/shugiin50/index.html,冨樫 博之,Liberal Democratic Party,0,144642,0,144642,,72322,0,first,,,寺田 学,Constitutional Democratic Party,59515,Akita,JP-05-01,official,
Akita 1,https://www.soumu.go.jp/senkyo/senkyo_s/data/shugiin50/index.html,https://www.soumu.go.jp/senkyo/senkyo_s/data/shugiin50/index.html,冨樫 博之,Liberal Democratic Party,0,144642,0,144642,,72322,0,first,,,松浦 大悟,Japan Innovation Party,17865,Akita,JP-05-01,official,
Akita 1,https://www.soumu.go.jp/senkyo/senkyo_s/data/shugiin50/index.html,https://www.soumu.go.jp/senkyo/senkyo_s/data/shugiin50/index.html,冨樫 博之,Liberal Democratic Party,0,144642,0,144642,,72322,0,first,,,鈴木 知,Japanese Communist Party,6875,Akita,JP-05-01,official,
Akita 2,https://www.soumu.go.jp/senkyo/senkyo_s/data/shugiin50/index.html,https://www.soumu.go.jp/senkyo/senkyo_s/data/shugiin50/index.html,緑川 貴士,Constitutional Democratic Party,0,140600,0,140600,,70301,0,first,,,緑川 貴士,Constitutional Democratic Party,70895,Akita,JP-05-02,official,Candidate totals are the whole-vote figures in the official constituency table. Japan's national party summary separately allocates a very small number of fractional ambiguous ballots. District turnout and invalid-ballot metadata are unavailable.
Akita 2,https://www.soumu.go.jp/senkyo/senkyo_s/data/shugiin50/index.html,https://www.soumu.go.jp/senkyo/senkyo_s/data/shugiin50/index.html,緑川 貴士,Constitutional Democratic Party,0,140600,0,140600,,70301,0,first,,,福原 淳嗣,Liberal Democratic Party,65200,Akita,JP-05-02,official,
Akita 2,https://www.soumu.go.jp/senkyo/senkyo_s/data/shugiin50/index.html,https://www.soumu.go.jp/senkyo/senkyo_s/data/shugiin50/index.html,緑川 貴士,Constitutional Democratic Party,0,140600,0,140600,,70301,0,first,,,山内 梅良,Japanese Communist Party,4505,Akita,JP-05-02,official,
Akita 3,https://www.soumu.go.jp/senkyo/senkyo_s/data/shugiin50/index.html,https://www.soumu.go.jp/senkyo/senkyo_s/data/shugiin50/index.html,村岡 敏英,Democratic Party for the People,0,184328,0,184328,,92165,0,first,,,村岡 敏英,Democratic Party for the People,83001,Akita,JP-05-03,official,Candidate totals are the whole-vote figures in the official constituency table. Japan's national party summary separately allocates a very small number of fractional ambiguous ballots. District turnout and invalid-ballot metadata are unavailable.
Akita 3,https://www.soumu.go.jp/senkyo/senkyo_s/data/shugiin50/index.html,https://www.soumu.go.jp/senkyo/senkyo_s/data/shugiin50/index.html,村岡 敏英,Democratic Party for the People,0,184328,0,184328,,92165,0,first,,,御法川 信英,Liberal Democratic Party,74722,Akita,JP-05-03,official,
Akita 3,https://www.soumu.go.jp/senkyo/senkyo_s/data/shugiin50/index.html,https://www.soumu.go.jp/senkyo/senkyo_s/data/shugiin50/index.html,村岡 敏英,Democratic Party for the People,0,184328,0,184328,,92165,0,first,,,小川 幾代,Constitutional Democratic Party,22043,Akita,JP-05-03,official,
Akita 3,https://www.soumu.go.jp/senkyo/senkyo_s/data/shugiin50/index.html,https://www.soumu.go.jp/senkyo/senkyo_s/data/shugiin50/index.html,村岡 敏英,Democratic Party for the People,0,184328,0,184328,,92165,0,first,,,藤田 和久,Japanese Communist Party,4562,Akita,JP-05-03,official,
Yamagata 1,https://www.soumu.go.jp/senkyo/senkyo_s/data/shugiin50/index.html,https://www.soumu.go.jp/senkyo/senkyo_s/data/shugiin50/index.html,遠藤 利明,Liberal Democratic Party,0,166248,0,166248,,83125,0,first,,,遠藤 利明,Liberal Democratic Party,92238,Yamagata,JP-06-01,official,Candidate totals are the whole-vote figures in the official constituency table. Japan's national party summary separately allocates a very small number of fractional ambiguous ballots. District turnout and invalid-ballot metadata are unavailable.
Yamagata 1,https://www.soumu.go.jp/senkyo/senkyo_s/data/shugiin50/index.html,https://www.soumu.go.jp/senkyo/senkyo_s/data/shugiin50/index.html,遠藤 利明,Liberal Democratic Party,0,166248,0,166248,,83125,0,first,,,原田 和広,Constitutional Democratic Party,64717,Yamagata,JP-06-01,official,
Yamagata 1,https://www.soumu.go.jp/senkyo/senkyo_s/data/shugiin50/index.html,https://www.soumu.go.jp/senkyo/senkyo_s/data/shugiin50/index.html,遠藤 利明,Liberal Democratic Party,0,166248,0,166248,,83125,0,first,,,三井寺 修,Japanese Communist Party,9293,Yamagata,JP-06-01,official,
Yamagata 2,https://www.soumu.go.jp/senkyo/senkyo_s/data/shugiin50/index.html,https://www.soumu.go.jp/senkyo/senkyo_s/data/shugiin50/index.html,鈴木 憲和,Liberal Democratic Party,0,186082,0,186082,,93042,0,first,,,鈴木 憲和,Liberal Democratic Party,105416,Yamagata,JP-06-02,official,Candidate totals are the whole-vote figures in the official constituency table. Japan's national party summary separately allocates a very small number of fractional ambiguous ballots. District turnout and invalid-ballot metadata are unavailable.
Yamagata 2,https://www.soumu.go.jp/senkyo/senkyo_s/data/shugiin50/index.html,https://www.soumu.go.jp/senkyo/senkyo_s/data/shugiin50/index.html,鈴木 憲和,Liberal Democratic Party,0,186082,0,186082,,93042,0,first,,,菊池 大二郎,Democratic Party for the People,56359,Yamagata,JP-06-02,official,
Yamagata 2,https://www.soumu.go.jp/senkyo/senkyo_s/data/shugiin50/index.html,https://www.soumu.go.jp/senkyo/senkyo_s/data/shugiin50/index.html,鈴木 憲和,Liberal Democratic Party,0,186082,0,186082,,93042,0,first,,,二藤部 冬馬,Reiwa Shinsengumi,15811,Yamagata,JP-06-02,official,
Yamagata 2,https://www.soumu.go.jp/senkyo/senkyo_s/data/shugiin50/index.html,https://www.soumu.go.jp/senkyo/senkyo_s/data/shugiin50/index.html,鈴木 憲和,Liberal Democratic Party,0,186082,0,186082,,93042,0,first,,,岩本 康嗣,Japanese Communist Party,8496,Yamagata,JP-06-02,official,
Yamagata 3,https://www.soumu.go.jp/senkyo/senkyo_s/data/shugiin50/index.html,https://www.soumu.go.jp/senkyo/senkyo_s/data/shugiin50/index.html,加藤 鮎子,Liberal Democratic Party,0,167383,0,167383,,83692,0,first,,,加藤 鮎子,Liberal Democratic Party,93909,Yamagata,JP-06-03,official,Candidate totals are the whole-vote figures in the official constituency table. Japan's national party summary separately allocates a very small number of fractional ambiguous ballots. District turnout and invalid-ballot metadata are unavailable.
Yamagata 3,https://www.soumu.go.jp/senkyo/senkyo_s/data/shugiin50/index.html,https://www.soumu.go.jp/senkyo/senkyo_s/data/shugiin50/index.html,加藤 鮎子,Liberal Democratic Party,0,167383,0,167383,,83692,0,first,,,石黒 覚,Constitutional Democratic Party,63102,Yamagata,JP-06-03,official,
Yamagata 3,https://www.soumu.go.jp/senkyo/senkyo_s/data/shugiin50/index.html,https://www.soumu.go.jp/senkyo/senkyo_s/data/shugiin50/index.html,加藤 鮎子,Liberal Democratic Party,0,167383,0,167383,,83692,0,first,,,山田 守,Japanese Communist Party,10372,Yamagata,JP-06-03,official,
Fukushima 1,https://www.soumu.go.jp/senkyo/senkyo_s/data/shugiin50/index.html,https://www.soumu.go.jp/senkyo/senkyo_s/data/shugiin50/index.html,金子 恵美,Constitutional Democratic Party,0,208792,0,208792,,104397,0,first,,,金子 恵美,Constitutional Democratic Party,124441,Fukushima,JP-07-01,official,Candidate totals are the whole-vote figures in the official constituency table. Japan's national party summary separately allocates a very small number of fractional ambiguous ballots. District turnout and invalid-ballot metadata are unavailable.
Fukushima 1,https://www.soumu.go.jp/senkyo/senkyo_s/data/shugiin50/index.html,https://www.soumu.go.jp/senkyo/senkyo_s/data/shugiin50/index.html,金子 恵美,Constitutional Democratic Party,0,208792,0,208792,,104397,0,first,,,亀岡 偉民,Liberal Democratic Party,84351,Fukushima,JP-07-01,official,
Fukushima 2,https://www.soumu.go.jp/senkyo/senkyo_s/data/shugiin50/index.html,https://www.soumu.go.jp/senkyo/senkyo_s/data/shugiin50/index.html,玄葉 光一郎,Constitutional Democratic Party,0,228466,0,228466,,114234,0,first,,,玄葉 光一郎,Constitutional Democratic Party,123256,Fukushima,JP-07-02,official,Candidate totals are the whole-vote figures in the official constituency table. Japan's national party summary separately allocates a very small number of fractional ambiguous ballots. District turnout and invalid-ballot metadata are unavailable.
Fukushima 2,https://www.soumu.go.jp/senkyo/senkyo_s/data/shugiin50/index.html,https://www.soumu.go.jp/senkyo/senkyo_s/data/shugiin50/index.html,玄葉 光一郎,Constitutional Democratic Party,0,228466,0,228466,,114234,0,first,,,根本 拓,Liberal Democratic Party,92616,Fukushima,JP-07-02,official,
Fukushima 2,https://www.soumu.go.jp/senkyo/senkyo_s/data/shugiin50/index.html,https://www.soumu.go.jp/senkyo/senkyo_s/data/shugiin50/index.html,玄葉 光一郎,Constitutional Democratic Party,0,228466,0,228466,,114234,0,first,,,丸本 由美子,Japanese Communist Party,12594,Fukushima,JP-07-02,official,
Fukushima 3,https://www.soumu.go.jp/senkyo/senkyo_s/data/shugiin50/index.html,https://www.soumu.go.jp/senkyo/senkyo_s/data/shugiin50/index.html,小熊 慎司,Constitutional Democratic Party,0,176662,0,176662,,88332,0,first,,,小熊 慎司,Constitutional Democratic Party,96814,Fukushima,JP-07-03,official,Candidate totals are the whole-vote figures in the official constituency table. Japan's national party summary separately allocates a very small number of fractional ambiguous ballots. District turnout and invalid-ballot metadata are unavailable.
Fukushima 3,https://www.soumu.go.jp/senkyo/senkyo_s/data/shugiin50/index.html,https://www.soumu.go.jp/senkyo/senkyo_s/data/shugiin50/index.html,小熊 慎司,Constitutional Democratic Party,0,176662,0,176662,,88332,0,first,,,上杉 謙太郎,Independent,68133,Fukushima,JP-07-03,official,
Fukushima 3,https://www.soumu.go.jp/senkyo/senkyo_s/data/shugiin50/index.html,https://www.soumu.go.jp/senkyo/senkyo_s/data/shugiin50/index.html,小熊 慎司,Constitutional Democratic Party,0,176662,0,176662,,88332,0,first,,,唐橋 則男,Japanese Communist Party,11715,Fukushima,JP-07-03,official,
Fukushima 4,https://www.soumu.go.jp/senkyo/senkyo_s/data/shugiin50/index.html,https://www.soumu.go.jp/senkyo/senkyo_s/data/shugiin50/index.html,坂本 竜太郎,Liberal Democratic Party,0,184338,0,184338,,92170,0,first,,,坂本 竜太郎,Liberal Democratic Party,85751,Fukushima,JP-07-04,official,Candidate totals are the whole-vote figures in the official constituency table. Japan's national party summary separately allocates a very small number of fractional ambiguous ballots. District turnout and invalid-ballot metadata are unavailable.
Fukushima 4,https://www.soumu.go.jp/senkyo/senkyo_s/data/shugiin50/index.html,https://www.soumu.go.jp/senkyo/senkyo_s/data/shugiin50/index.html,坂本 竜太郎,Liberal Democratic Party,0,184338,0,184338,,92170,0,first,,,齋藤 裕喜,Constitutional Democratic Party,78708,Fukushima,JP-07-04,official,
Fukushima 4,https://www.soumu.go.jp/senkyo/senkyo_s/data/shugiin50/index.html,https://www.soumu.go.jp/senkyo/senkyo_s/data/shugiin50/index.html,坂本 竜太郎,Liberal Democratic Party,0,184338,0,184338,,92170,0,first,,,熊谷 智,Japanese Communist Party,19879,Fukushima,JP-07-04,official,
Ibaraki 1,https://www.soumu.go.jp/senkyo/senkyo_s/data/shugiin50/index.html,https://www.soumu.go.jp/senkyo/senkyo_s/data/shugiin50/index.html,福島 伸享,Independent,0,209387,0,209387,,104694,0,first,,,福島 伸享,Independent,94243,Ibaraki,JP-08-01,official,Candidate totals are the whole-vote figures in the official constituency table. Japan's national party summary separately allocates a very small number of fractional ambiguous ballots. District turnout and invalid-ballot metadata are unavailable.
Ibaraki 1,https://www.soumu.go.jp/senkyo/senkyo_s/data/shugiin50/index.html,https://www.soumu.go.jp/senkyo/senkyo_s/data/shugiin50/index.html,福島 伸享,Independent,0,209387,0,209387,,104694,0,first,,,田所 嘉徳,Liberal Democratic Party,76960,Ibaraki,JP-08-01,official,
Ibaraki 1,https://www.soumu.go.jp/senkyo/senkyo_s/data/shugiin50/index.html,https://www.soumu.go.jp/senkyo/senkyo_s/data/shugiin50/index.html,福島 伸享,Independent,0,209387,0,209387,,104694,0,first,,,武藤 優子,Japan Innovation Party,23619,Ibaraki,JP-08-01,official,
Ibaraki 1,https://www.soumu.go.jp/senkyo/senkyo_s/data/shugiin50/index.html,https://www.soumu.go.jp/senkyo/senkyo_s/data/shugiin50/index.html,福島 伸享,Independent,0,209387,0,209387,,104694,0,first,,,高橋 誠一郎,Japanese Communist Party,14565,Ibaraki,JP-08-01,official,
Ibaraki 2,https://www.soumu.go.jp/senkyo/senkyo_s/data/shugiin50/index.html,https://www.soumu.go.jp/senkyo/senkyo_s/data/shugiin50/index.html,額賀 福志郎,Liberal Democratic Party,0,136967,0,136967,,68484,0,first,,,額賀 福志郎,Liberal Democratic Party,80875,Ibaraki,JP-08-02,official,Candidate totals are the whole-vote figures in the official constituency table. Japan's national party summary separately allocates a very small number of fractional ambiguous ballots. District turnout and invalid-ballot metadata are unavailable.
Ibaraki 2,https://www.soumu.go.jp/senkyo/senkyo_s/data/shugiin50/index.html,https://www.soumu.go.jp/senkyo/senkyo_s/data/shugiin50/index.html,額賀 福志郎,Liberal Democratic Party,0,136967,0,136967,,68484,0,first,,,今村 敏昭,Japan Innovation Party,24577,Ibaraki,JP-08-02,official,
Ibaraki 2,https://www.soumu.go.jp/senkyo/senkyo_s/data/shugiin50/index.html,https://www.soumu.go.jp/senkyo/senkyo_s/data/shugiin50/index.html,額賀 福志郎,Liberal Democratic Party,0,136967,0,136967,,68484,0,first,,,川井 宏子,Japanese Communist Party,17613,Ibaraki,JP-08-02,official,
Ibaraki 2,https://www.soumu.go.jp/senkyo/senkyo_s/data/shugiin50/index.html,https://www.soumu.go.jp/senkyo/senkyo_s/data/shugiin50/index.html,額賀 福志郎,Liberal Democratic Party,0,136967,0,136967,,68484,0,first,,,大高 伸一,Independent,13902,Ibaraki,JP-08-02,official,
Ibaraki 3,https://www.soumu.go.jp/senkyo/senkyo_s/data/shugiin50/index.html,https://www.soumu.go.jp/senkyo/senkyo_s/data/shugiin50/index.html,葉梨 康弘,Liberal Democratic Party,0,198699,0,198699,,99350,0,first,,,葉梨 康弘,Liberal Democratic Party,83667,Ibaraki,JP-08-03,official,Candidate totals are the whole-vote figures in the official constituency table. Japan's national party summary separately allocates a very small number of fractional ambiguous ballots. District turnout and invalid-ballot metadata are unavailable.
Ibaraki 3,https://www.soumu.go.jp/senkyo/senkyo_s/data/shugiin50/index.html,https://www.soumu.go.jp/senkyo/senkyo_s/data/shugiin50/index.html,葉梨 康弘,Liberal Democratic Party,0,198699,0,198699,,99350,0,first,,,梶岡 博樹,Constitutional Democratic Party,63273,Ibaraki,JP-08-03,official,
Ibaraki 3,https://www.soumu.go.jp/senkyo/senkyo_s/data/shugiin50/index.html,https://www.soumu.go.jp/senkyo/senkyo_s/data/shugiin50/index.html,葉梨 康弘,Liberal Democratic Party,0,198699,0,198699,,99350,0,first,,,橋口 奈保,Japan Innovation Party,23741,Ibaraki,JP-08-03,official,
Ibaraki 3,https://www.soumu.go.jp/senkyo/senkyo_s/data/shugiin50/index.html,https://www.soumu.go.jp/senkyo/senkyo_s/data/shugiin50/index.html,葉梨 康弘,Liberal Democratic Party,0,198699,0,198699,,99350,0,first,,,加川 裕美,Reiwa Shinsengumi,14783,Ibaraki,JP-08-03,official,
Ibaraki 3,https://www.soumu.go.jp/senkyo/senkyo_s/data/shugiin50/index.html,https://www.soumu.go.jp/senkyo/senkyo_s/data/shugiin50/index.html,葉梨 康弘,Liberal Democratic Party,0,198699,0,198699,,99350,0,first,,,大内 久美子,Japanese Communist Party,13235,Ibaraki,JP-08-03,official,
Ibaraki 4,https://www.soumu.go.jp/senkyo/senkyo_s/data/shugiin50/index.html,https://www.soumu.go.jp/senkyo/senkyo_s/data/shugiin50/index.html,梶山 弘志,Liberal Democratic Party,0,133209,0,133209,,66605,0,first,,,梶山 弘志,Liberal Democratic Party,91019,Ibaraki,JP-08-04,official,Candidate totals are the whole-vote figures in the official constituency table. Japan's national party summary separately allocates a very small number of fractional ambiguous ballots. District turnout and invalid-ballot metadata are unavailable.
Ibaraki 4,https://www.soumu.go.jp/senkyo/senkyo_s/data/shugiin50/index.html,https://www.soumu.go.jp/senkyo/senkyo_s/data/shugiin50/index.html,梶山 弘志,Liberal Democratic Party,0,133209,0,133209,,66605,0,first,,,武藤 博光,Japan Innovation Party,25263,Ibaraki,JP-08-04,official,
Ibaraki 4,https://www.soumu.go.jp/senkyo/senkyo_s/data/shugiin50/index.html,https://www.soumu.go.jp/senkyo/senkyo_s/data/shugiin50/index.html,梶山 弘志,Liberal Democratic Party,0,133209,0,133209,,66605,0,first,,,吉田 翔,Japanese Communist Party,16927,Ibaraki,JP-08-04,official,
Ibaraki 5,https://www.soumu.go.jp/senkyo/senkyo_s/data/shugiin50/index.html,https://www.soumu.go.jp/senkyo/senkyo_s/data/shugiin50/index.html,浅野 哲,Democratic Party for the People,0,119849,0,119849,,59925,0,first,,,浅野 哲,Democratic Party for the People,64351,Ibaraki,JP-08-05,official,Candidate totals are the whole-vote figures in the official constituency table. Japan's national party summary separately allocates a very small number of fractional ambiguous ballots. District turnout and invalid-ballot metadata are unavailable.
Ibaraki 5,https://www.soumu.go.jp/senkyo/senkyo_s/data/shugiin50/index.html,https://www.soumu.go.jp/senkyo/senkyo_s/data/shugiin50/index.html,浅野 哲,Democratic Party for the People,0,119849,0,119849,,59925,0,first,,,石川 昭政,Liberal Democratic Party,46717,Ibaraki,JP-08-05,official,
Ibaraki 5,https://www.soumu.go.jp/senkyo/senkyo_s/data/shugiin50/index.html,https://www.soumu.go.jp/senkyo/senkyo_s/data/shugiin50/index.html,浅野 哲,Democratic Party for the People,0,119849,0,119849,,59925,0,first,,,千葉 達夫,Japanese Communist Party,8781,Ibaraki,JP-08-05,official,
Ibaraki 6,https://www.soumu.go.jp/senkyo/senkyo_s/data/shugiin50/index.html,https://www.soumu.go.jp/senkyo/senkyo_s/data/shugiin50/index.html,青山 大人,Constitutional Democratic Party,0,244325,0,244325,,122163,0,first,,,青山 大人,Constitutional Democratic Party,120434,Ibaraki,JP-08-06,official,Candidate totals are the whole-vote figures in the official constituency table. Japan's national party summary separately allocates a very small number of fractional ambiguous ballots. District turnout and invalid-ballot metadata are unavailable.
Ibaraki 6,https://www.soumu.go.jp/senkyo/senkyo_s/data/shugiin50/index.html,https://www.soumu.go.jp/senkyo/senkyo_s/data/shugiin50/index.html,青山 大人,Constitutional Democratic Party,0,244325,0,244325,,122163,0,first,,,国光 文乃,Liberal Democratic Party,107305,Ibaraki,JP-08-06,official,
Ibaraki 6,https://www.soumu.go.jp/senkyo/senkyo_s/data/shugiin50/index.html,https://www.soumu.go.jp/senkyo/senkyo_s/data/shugiin50/index.html,青山 大人,Constitutional Democratic Party,0,244325,0,244325,,122163,0,first,,,間宮 美知子,Japanese Communist Party,16586,Ibaraki,JP-08-06,official,
Ibaraki 7,https://www.soumu.go.jp/senkyo/senkyo_s/data/shugiin50/index.html,https://www.soumu.go.jp/senkyo/senkyo_s/data/shugiin50/index.html,中村 勇太,Independent,0,164411,0,164411,,82206,0,first,,,中村 勇太,Independent,87187,Ibaraki,JP-08-07,official,Candidate totals are the whole-vote figures in the official constituency table. Japan's national party summary separately allocates a very small number of fractional ambiguous ballots. District turnout and invalid-ballot metadata are unavailable.
Ibaraki 7,https://www.soumu.go.jp/senkyo/senkyo_s/data/shugiin50/index.html,https://www.soumu.go.jp/senkyo/senkyo_s/data/shugiin50/index.html,中村 勇太,Independent,0,164411,0,164411,,82206,0,first,,,永岡 桂子,Liberal Democratic Party,77224,Ibaraki,JP-08-07,official,
Tochigi 1,https://www.soumu.go.jp/senkyo/senkyo_s/data/shugiin50/index.html,https://www.soumu.go.jp/senkyo/senkyo_s/data/shugiin50/index.html,船田 元,Liberal Democratic Party,0,196228,0,196228,,98115,0,first,,,船田 元,Liberal Democratic Party,78333,Tochigi,JP-09-01,official,Candidate totals are the whole-vote figures in the official constituency table. Japan's national party summary separately allocates a very small number of fractional ambiguous ballots. District turnout and invalid-ballot metadata are unavailable.
Tochigi 1,https://www.soumu.go.jp/senkyo/senkyo_s/data/shugiin50/index.html,https://www.soumu.go.jp/senkyo/senkyo_s/data/shugiin50/index.html,船田 元,Liberal Democratic Party,0,196228,0,196228,,98115,0,first,,,板津 由華,Constitutional Democratic Party,62914,Tochigi,JP-09-01,official,
Tochigi 1,https://www.soumu.go.jp/senkyo/senkyo_s/data/shugiin50/index.html,https://www.soumu.go.jp/senkyo/senkyo_s/data/shugiin50/index.html,船田 元,Liberal Democratic Party,0,196228,0,196228,,98115,0,first,,,柏倉 祐司,Japan Innovation Party,45491,Tochigi,JP-09-01,official,
Tochigi 1,https://www.soumu.go.jp/senkyo/senkyo_s/data/shugiin50/index.html,https://www.soumu.go.jp/senkyo/senkyo_s/data/shugiin50/index.html,船田 元,Liberal Democratic Party,0,196228,0,196228,,98115,0,first,,,青木 弘,Japanese Communist Party,9490,Tochigi,JP-09-01,official,
Tochigi 2,https://www.soumu.go.jp/senkyo/senkyo_s/data/shugiin50/index.html,https://www.soumu.go.jp/senkyo/senkyo_s/data/shugiin50/index.html,福田 昭夫,Constitutional Democratic Party,0,120332,0,120332,,60167,0,first,,,福田 昭夫,Constitutional Democratic Party,68377,Tochigi,JP-09-02,official,Candidate totals are the whole-vote figures in the official constituency table. Japan's national party summary separately allocates a very small number of fractional ambiguous ballots. District turnout and invalid-ballot metadata are unavailable.
Tochigi 2,https://www.soumu.go.jp/senkyo/senkyo_s/data/shugiin50/index.html,https://www.soumu.go.jp/senkyo/senkyo_s/data/shugiin50/index.html,福田 昭夫,Constitutional Democratic Party,0,120332,0,120332,,60167,0,first,,,五十嵐 清,Liberal Democratic Party,51955,Tochigi,JP-09-02,official,
Tochigi 3,https://www.soumu.go.jp/senkyo/senkyo_s/data/shugiin50/index.html,https://www.soumu.go.jp/senkyo/senkyo_s/data/shugiin50/index.html,簗 和生,Liberal Democratic Party,0,121827,0,121827,,60914,0,first,,,簗 和生,Liberal Democratic Party,45546,Tochigi,JP-09-03,official,Candidate totals are the whole-vote figures in the official constituency table. Japan's national party summary separately allocates a very small number of fractional ambiguous ballots. District turnout and invalid-ballot metadata are unavailable.
Tochigi 3,https://www.soumu.go.jp/senkyo/senkyo_s/data/shugiin50/index.html,https://www.soumu.go.jp/senkyo/senkyo_s/data/shugiin50/index.html,簗 和生,Liberal Democratic Party,0,121827,0,121827,,60914,0,first,,,渡邊 真太朗,Independent,45368,Tochigi,JP-09-03,official,
Tochigi 3,https://www.soumu.go.jp/senkyo/senkyo_s/data/shugiin50/index.html,https://www.soumu.go.jp/senkyo/senkyo_s/data/shugiin50/index.html,簗 和生,Liberal Democratic Party,0,121827,0,121827,,60914,0,first,,,伊賀 央,Constitutional Democratic Party,30913,Tochigi,JP-09-03,official,
Tochigi 4,https://www.soumu.go.jp/senkyo/senkyo_s/data/shugiin50/index.html,https://www.soumu.go.jp/senkyo/senkyo_s/data/shugiin50/index.html,藤岡 隆雄,Constitutional Democratic Party,0,180818,0,180818,,90410,0,first,,,藤岡 隆雄,Constitutional Democratic Party,96573,Tochigi,JP-09-04,official,Candidate totals are the whole-vote figures in the official constituency table. Japan's national party summary separately allocates a very small number of fractional ambiguous ballots. District turnout and invalid-ballot metadata are unavailable.
Tochigi 4,https://www.soumu.go.jp/senkyo/senkyo_s/data/shugiin50/index.html,https://www.soumu.go.jp/senkyo/senkyo_s/data/shugiin50/index.html,藤岡 隆雄,Constitutional Democratic Party,0,180818,0,180818,,90410,0,first,,,佐藤 勉,Liberal Democratic Party,75260,Tochigi,JP-09-04,official,
Tochigi 4,https://www.soumu.go.jp/senkyo/senkyo_s/data/shugiin50/index.html,https://www.soumu.go.jp/senkyo/senkyo_s/data/shugiin50/index.html,藤岡 隆雄,Constitutional Democratic Party,0,180818,0,180818,,90410,0,first,,,川上 均,Japanese Communist Party,8985,Tochigi,JP-09-04,official,
Tochigi 5,https://www.soumu.go.jp/senkyo/senkyo_s/data/shugiin50/index.html,https://www.soumu.go.jp/senkyo/senkyo_s/data/shugiin50/index.html,茂木 敏充,Liberal Democratic Party,0,158645,0,158645,,79323,0,first,,,茂木 敏充,Liberal Democratic Party,99897,Tochigi,JP-09-05,official,Candidate totals are the whole-vote figures in the official constituency table. Japan's national party summary separately allocates a very small number of fractional ambiguous ballots. District turnout and invalid-ballot metadata are unavailable.
Tochigi 5,https://www.soumu.go.jp/senkyo/senkyo_s/data/shugiin50/index.html,https://www.soumu.go.jp/senkyo/senkyo_s/data/shugiin50/index.html,茂木 敏充,Liberal Democratic Party,0,158645,0,158645,,79323,0,first,,,岡村 恵子,Japanese Communist Party,25203,Tochigi,JP-09-05,official,
Tochigi 5,https://www.soumu.go.jp/senkyo/senkyo_s/data/shugiin50/index.html,https://www.soumu.go.jp/senkyo/senkyo_s/data/shugiin50/index.html,茂木 敏充,Liberal Democratic Party,0,158645,0,158645,,79323,0,first,,,谷古宇 勘司,Japan Innovation Party,20098,Tochigi,JP-09-05,official,
Tochigi 5,https://www.soumu.go.jp/senkyo/senkyo_s/data/shugiin50/index.html,https://www.soumu.go.jp/senkyo/senkyo_s/data/shugiin50/index.html,茂木 敏充,Liberal Democratic Party,0,158645,0,158645,,79323,0,first,,,亀山 陽三,Independent,13447,Tochigi,JP-09-05,official,
Gunma 1,https://www.soumu.go.jp/senkyo/senkyo_s/data/shugiin50/index.html,https://www.soumu.go.jp/senkyo/senkyo_s/data/shugiin50/index.html,中曽根 康隆,Liberal Democratic Party,0,158816,0,158816,,79409,0,first,,,中曽根 康隆,Liberal Democratic Party,82455,Gunma,JP-10-01,official,Candidate totals are the whole-vote figures in the official constituency table. Japan's national party summary separately allocates a very small number of fractional ambiguous ballots. District turnout and invalid-ballot metadata are unavailable.
Gunma 1,https://www.soumu.go.jp/senkyo/senkyo_s/data/shugiin50/index.html,https://www.soumu.go.jp/senkyo/senkyo_s/data/shugiin50/index.html,中曽根 康隆,Liberal Democratic Party,0,158816,0,158816,,79409,0,first,,,白井 桂子,Constitutional Democratic Party,56031,Gunma,JP-10-01,official,
Gunma 1,https://www.soumu.go.jp/senkyo/senkyo_s/data/shugiin50/index.html,https://www.soumu.go.jp/senkyo/senkyo_s/data/shugiin50/index.html,中曽根 康隆,Liberal Democratic Party,0,158816,0,158816,,79409,0,first,,,店橋 世津子,Japanese Communist Party,20330,Gunma,JP-10-01,official,
Gunma 2,https://www.soumu.go.jp/senkyo/senkyo_s/data/shugiin50/index.html,https://www.soumu.go.jp/senkyo/senkyo_s/data/shugiin50/index.html,井野 俊郎,Liberal Democratic Party,0,147293,0,147293,,73647,0,first,,,井野 俊郎,Liberal Democratic Party,78416,Gunma,JP-10-02,official,Candidate totals are the whole-vote figures in the official constituency table. Japan's national party summary separately allocates a very small number of fractional ambiguous ballots. District turnout and invalid-ballot metadata are unavailable.
Gunma 2,https://www.soumu.go.jp/senkyo/senkyo_s/data/shugiin50/index.html,https://www.soumu.go.jp/senkyo/senkyo_s/data/shugiin50/index.html,井野 俊郎,Liberal Democratic Party,0,147293,0,147293,,73647,0,first,,,石関 貴史,Independent,48251,Gunma,JP-10-02,official,
Gunma 2,https://www.soumu.go.jp/senkyo/senkyo_s/data/shugiin50/index.html,https://www.soumu.go.jp/senkyo/senkyo_s/data/shugiin50/index.html,井野 俊郎,Liberal Democratic Party,0,147293,0,147293,,73647,0,first,,,高橋 保,Japanese Communist Party,20626,Gunma,JP-10-02,official,
Gunma 3,https://www.soumu.go.jp/senkyo/senkyo_s/data/shugiin50/index.html,https://www.soumu.go.jp/senkyo/senkyo_s/data/shugiin50/index.html,笹川 博義,Liberal Democratic Party,0,149646,0,149646,,74824,0,first,,,笹川 博義,Liberal Democratic Party,74930,Gunma,JP-10-03,official,Candidate totals are the whole-vote figures in the official constituency table. Japan's national party summary separately allocates a very small number of fractional ambiguous ballots. District turnout and invalid-ballot metadata are unavailable.
Gunma 3,https://www.soumu.go.jp/senkyo/senkyo_s/data/shugiin50/index.html,https://www.soumu.go.jp/senkyo/senkyo_s/data/shugiin50/index.html,笹川 博義,Liberal Democratic Party,0,149646,0,149646,,74824,0,first,,,長谷川 嘉一,Constitutional Democratic Party,74716,Gunma,JP-10-03,official,
Gunma 4,https://www.soumu.go.jp/senkyo/senkyo_s/data/shugiin50/index.html,https://www.soumu.go.jp/senkyo/senkyo_s/data/shugiin50/index.html,福田 達夫,Liberal Democratic Party,0,142998,0,142998,,71500,0,first,,,福田 達夫,Liberal Democratic Party,80130,Gunma,JP-10-04,official,Candidate totals are the whole-vote figures in the official constituency table. Japan's national party summary separately allocates a very small number of fractional ambiguous ballots. District turnout and invalid-ballot metadata are unavailable.
Gunma 4,https://www.soumu.go.jp/senkyo/senkyo_s/data/shugiin50/index.html,https://www.soumu.go.jp/senkyo/senkyo_s/data/shugiin50/index.html,福田 達夫,Liberal Democratic Party,0,142998,0,142998,,71500,0,first,,,山田 博規,Constitutional Democratic Party,46740,Gunma,JP-10-04,official,
Gunma 4,https://www.soumu.go.jp/senkyo/senkyo_s/data/shugiin50/index.html,https://www.soumu.go.jp/senkyo/senkyo_s/data/shugiin50/index.html,福田 達夫,Liberal Democratic Party,0,142998,0,142998,,71500,0,first,,,萩原 貞夫,Japanese Communist Party,16128,Gunma,JP-10-04,official,
Gunma 5,https://www.soumu.go.jp/senkyo/senkyo_s/data/shugiin50/index.html,https://www.soumu.go.jp/senkyo/senkyo_s/data/shugiin50/index.html,小渕 優子,Liberal Democratic Party,0,156163,0,156163,,78082,0,first,,,小渕 優子,Liberal Democratic Party,96580,Gunma,JP-10-05,official,Candidate totals are the whole-vote figures in the official constituency table. Japan's national party summary separately allocates a very small number of fractional ambiguous ballots. District turnout and invalid-ballot metadata are unavailable.
Gunma 5,https://www.soumu.go.jp/senkyo/senkyo_s/data/shugiin50/index.html,https://www.soumu.go.jp/senkyo/senkyo_s/data/shugiin50/index.html,小渕 優子,Liberal Democratic Party,0,156163,0,156163,,78082,0,first,,,中島 由美子,Japan Innovation Party,36928,Gunma,JP-10-05,official,
Gunma 5,https://www.soumu.go.jp/senkyo/senkyo_s/data/shugiin50/index.html,https://www.soumu.go.jp/senkyo/senkyo_s/data/shugiin50/index.html,小渕 優子,Liberal Democratic Party,0,156163,0,156163,,78082,0,first,,,伊藤 達也,Japanese Communist Party,22655,Gunma,JP-10-05,official,
Saitama 1,https://www.soumu.go.jp/senkyo/senkyo_s/data/shugiin50/index.html,https://www.soumu.go.jp/senkyo/senkyo_s/data/shugiin50/index.html,村井 英樹,Liberal Democratic Party,0,205860,0,205860,,102931,0,first,,,村井 英樹,Liberal Democratic Party,85347,Saitama,JP-11-01,official,Candidate totals are the whole-vote figures in the official constituency table. Japan's national party summary separately allocates a very small number of fractional ambiguous ballots. District turnout and invalid-ballot metadata are unavailable.
Saitama 1,https://www.soumu.go.jp/senkyo/senkyo_s/data/shugiin50/index.html,https://www.soumu.go.jp/senkyo/senkyo_s/data/shugiin50/index.html,村井 英樹,Liberal Democratic Party,0,205860,0,205860,,102931,0,first,,,武正 公一,Constitutional Democratic Party,82134,Saitama,JP-11-01,official,
Saitama 1,https://www.soumu.go.jp/senkyo/senkyo_s/data/shugiin50/index.html,https://www.soumu.go.jp/senkyo/senkyo_s/data/shugiin50/index.html,村井 英樹,Liberal Democratic Party,0,205860,0,205860,,102931,0,first,,,浅野目 義英,Japan Innovation Party,19039,Saitama,JP-11-01,official,
Saitama 1,https://www.soumu.go.jp/senkyo/senkyo_s/data/shugiin50/index.html,https://www.soumu.go.jp/senkyo/senkyo_s/data/shugiin50/index.html,村井 英樹,Liberal Democratic Party,0,205860,0,205860,,102931,0,first,,,矢野 由紀子,Japanese Communist Party,15106,Saitama,JP-11-01,official,
Saitama 1,https://www.soumu.go.jp/senkyo/senkyo_s/data/shugiin50/index.html,https://www.soumu.go.jp/senkyo/senkyo_s/data/shugiin50/index.html,村井 英樹,Liberal Democratic Party,0,205860,0,205860,,102931,0,first,,,三上 恭平,Minna de Tsukuru Tō,4234,Saitama,JP-11-01,official,
Saitama 2,https://www.soumu.go.jp/senkyo/senkyo_s/data/shugiin50/index.html,https://www.soumu.go.jp/senkyo/senkyo_s/data/shugiin50/index.html,新藤 義孝,Liberal Democratic Party,0,182623,0,182623,,91312,0,first,,,新藤 義孝,Liberal Democratic Party,72467,Saitama,JP-11-02,official,Candidate totals are the whole-vote figures in the official constituency table. Japan's national party summary separately allocates a very small number of fractional ambiguous ballots. District turnout and invalid-ballot metadata are unavailable.
Saitama 2,https://www.soumu.go.jp/senkyo/senkyo_s/data/shugiin50/index.html,https://www.soumu.go.jp/senkyo/senkyo_s/data/shugiin50/index.html,新藤 義孝,Liberal Democratic Party,0,182623,0,182623,,91312,0,first,,,高橋 英明,Japan Innovation Party,43164,Saitama,JP-11-02,official,
Saitama 2,https://www.soumu.go.jp/senkyo/senkyo_s/data/shugiin50/index.html,https://www.soumu.go.jp/senkyo/senkyo_s/data/shugiin50/index.html,新藤 義孝,Liberal Democratic Party,0,182623,0,182623,,91312,0,first,,,松浦 玄嗣,Constitutional Democratic Party,34327,Saitama,JP-11-02,official,
Saitama 2,https://www.soumu.go.jp/senkyo/senkyo_s/data/shugiin50/index.html,https://www.soumu.go.jp/senkyo/senkyo_s/data/shugiin50/index.html,新藤 義孝,Liberal Democratic Party,0,182623,0,182623,,91312,0,first,,,奥田 智子,Japanese Communist Party,23317,Saitama,JP-11-02,official,
Saitama 2,https://www.soumu.go.jp/senkyo/senkyo_s/data/shugiin50/index.html,https://www.soumu.go.jp/senkyo/senkyo_s/data/shugiin50/index.html,新藤 義孝,Liberal Democratic Party,0,182623,0,182623,,91312,0,first,,,津村 大作,Other,9348,Saitama,JP-11-02,official,
Saitama 3,https://www.soumu.go.jp/senkyo/senkyo_s/data/shugiin50/index.html,https://www.soumu.go.jp/senkyo/senkyo_s/data/shugiin50/index.html,黄川田 仁志,Liberal Democratic Party,0,181515,0,181515,,90758,0,first,,,黄川田 仁志,Liberal Democratic Party,76239,Saitama,JP-11-03,official,Candidate totals are the whole-vote figures in the official constituency table. Japan's national party summary separately allocates a very small number of fractional ambiguous ballots. District turnout and invalid-ballot metadata are unavailable.
Saitama 3,https://www.soumu.go.jp/senkyo/senkyo_s/data/shugiin50/index.html,https://www.soumu.go.jp/senkyo/senkyo_s/data/shugiin50/index.html,黄川田 仁志,Liberal Democratic Party,0,181515,0,181515,,90758,0,first,,,竹内 千春,Constitutional Democratic Party,66103,Saitama,JP-11-03,official,
Saitama 3,https://www.soumu.go.jp/senkyo/senkyo_s/data/shugiin50/index.html,https://www.soumu.go.jp/senkyo/senkyo_s/data/shugiin50/index.html,黄川田 仁志,Liberal Democratic Party,0,181515,0,181515,,90758,0,first,,,石川 隆美,Japan Innovation Party,24442,Saitama,JP-11-03,official,
Saitama 3,https://www.soumu.go.jp/senkyo/senkyo_s/data/shugiin50/index.html,https://www.soumu.go.jp/senkyo/senkyo_s/data/shugiin50/index.html,黄川田 仁志,Liberal Democratic Party,0,181515,0,181515,,90758,0,first,,,馬場 浩,Japanese Communist Party,14731,Saitama,JP-11-03,official,
Saitama 4,https://www.soumu.go.jp/senkyo/senkyo_s/data/shugiin50/index.html,https://www.soumu.go.jp/senkyo/senkyo_s/data/shugiin50/index.html,穂坂 泰,Liberal Democratic Party,0,196664,0,196664,,98333,0,first,,,穂坂 泰,Liberal Democratic Party,82125,Saitama,JP-11-04,official,Candidate totals are the whole-vote figures in the official constituency table. Japan's national party summary separately allocates a very small number of fractional ambiguous ballots. District turnout and invalid-ballot metadata are unavailable.
Saitama 4,https://www.soumu.go.jp/senkyo/senkyo_s/data/shugiin50/index.html,https://www.soumu.go.jp/senkyo/senkyo_s/data/shugiin50/index.html,穂坂 泰,Liberal Democratic Party,0,196664,0,196664,,98333,0,first,,,岸田 光広,Democratic Party for the People,52728,Saitama,JP-11-04,official,
Saitama 4,https://www.soumu.go.jp/senkyo/senkyo_s/data/shugiin50/index.html,https://www.soumu.go.jp/senkyo/senkyo_s/data/shugiin50/index.html,穂坂 泰,Liberal Democratic Party,0,196664,0,196664,,98333,0,first,,,渡辺 泰之,Japan Innovation Party,34048,Saitama,JP-11-04,official,
Saitama 4,https://www.soumu.go.jp/senkyo/senkyo_s/data/shugiin50/index.html,https://www.soumu.go.jp/senkyo/senkyo_s/data/shugiin50/index.html,穂坂 泰,Liberal Democratic Party,0,196664,0,196664,,98333,0,first,,,工藤 薫,Japanese Communist Party,27763,Saitama,JP-11-04,official,
Saitama 5,https://www.soumu.go.jp/senkyo/senkyo_s/data/shugiin50/index.html,https://www.soumu.go.jp/senkyo/senkyo_s/data/shugiin50/index.html,枝野 幸男,Constitutional Democratic Party,0,211421,0,211421,,105711,0,first,,,枝野 幸男,Constitutional Democratic Party,107778,Saitama,JP-11-05,official,Candidate totals are the whole-vote figures in the official constituency table. Japan's national party summary separately allocates a very small number of fractional ambiguous ballots. District turnout and invalid-ballot metadata are unavailable.
Saitama 5,https://www.soumu.go.jp/senkyo/senkyo_s/data/shugiin50/index.html,https://www.soumu.go.jp/senkyo/senkyo_s/data/shugiin50/index.html,枝野 幸男,Constitutional Democratic Party,0,211421,0,211421,,105711,0,first,,,牧原 秀樹,Liberal Democratic Party,78250,Saitama,JP-11-05,official,
Saitama 5,https://www.soumu.go.jp/senkyo/senkyo_s/data/shugiin50/index.html,https://www.soumu.go.jp/senkyo/senkyo_s/data/shugiin50/index.html,枝野 幸男,Constitutional Democratic Party,0,211421,0,211421,,105711,0,first,,,辻村 千尋,Reiwa Shinsengumi,15295,Saitama,JP-11-05,official,
Saitama 5,https://www.soumu.go.jp/senkyo/senkyo_s/data/shugiin50/index.html,https://www.soumu.go.jp/senkyo/senkyo_s/data/shugiin50/index.html,枝野 幸男,Constitutional Democratic Party,0,211421,0,211421,,105711,0,first,,,山本 悠子,Japanese Communist Party,10098,Saitama,JP-11-05,official,
Saitama 6,https://www.soumu.go.jp/senkyo/senkyo_s/data/shugiin50/index.html,https://www.soumu.go.jp/senkyo/senkyo_s/data/shugiin50/index.html,大島 敦,Constitutional Democratic Party,0,204337,0,204337,,102169,0,first,,,大島 敦,Constitutional Democratic Party,104836,Saitama,JP-11-06,official,Candidate totals are the whole-vote figures in the official constituency table. Japan's national party summary separately allocates a very small number of fractional ambiguous ballots. District turnout and invalid-ballot metadata are unavailable.
Saitama 6,https://www.soumu.go.jp/senkyo/senkyo_s/data/shugiin50/index.html,https://www.soumu.go.jp/senkyo/senkyo_s/data/shugiin50/index.html,大島 敦,Constitutional Democratic Party,0,204337,0,204337,,102169,0,first,,,中根 一幸,Independent,50425,Saitama,JP-11-06,official,
Saitama 6,https://www.soumu.go.jp/senkyo/senkyo_s/data/shugiin50/index.html,https://www.soumu.go.jp/senkyo/senkyo_s/data/shugiin50/index.html,大島 敦,Constitutional Democratic Party,0,204337,0,204337,,102169,0,first,,,秋山 もえ,Japanese Communist Party,24735,Saitama,JP-11-06,official,
Saitama 6,https://www.soumu.go.jp/senkyo/senkyo_s/data/shugiin50/index.html,https://www.soumu.go.jp/senkyo/senkyo_s/data/shugiin50/index.html,大島 敦,Constitutional Democratic Party,0,204337,0,204337,,102169,0,first,,,細谷 美恵子,Japan Innovation Party,24341,Saitama,JP-11-06,official,
Saitama 7,https://www.soumu.go.jp/senkyo/senkyo_s/data/shugiin50/index.html,https://www.soumu.go.jp/senkyo/senkyo_s/data/shugiin50/index.html,小宮山 泰子,Constitutional Democratic Party,0,184598,0,184598,,92300,0,first,,,小宮山 泰子,Constitutional Democratic Party,73293,Saitama,JP-11-07,official,Candidate totals are the whole-vote figures in the official constituency table. Japan's national party summary separately allocates a very small number of fractional ambiguous ballots. District turnout and invalid-ballot metadata are unavailable.
Saitama 7,https://www.soumu.go.jp/senkyo/senkyo_s/data/shugiin50/index.html,https://www.soumu.go.jp/senkyo/senkyo_s/data/shugiin50/index.html,小宮山 泰子,Constitutional Democratic Party,0,184598,0,184598,,92300,0,first,,,中野 英幸,Liberal Democratic Party,66498,Saitama,JP-11-07,official,
Saitama 7,https://www.soumu.go.jp/senkyo/senkyo_s/data/shugiin50/index.html,https://www.soumu.go.jp/senkyo/senkyo_s/data/shugiin50/index.html,小宮山 泰子,Constitutional Democratic Party,0,184598,0,184598,,92300,0,first,,,伊勢田 享子,Japan Innovation Party,27266,Saitama,JP-11-07,official,
Saitama 7,https://www.soumu.go.jp/senkyo/senkyo_s/data/shugiin50/index.html,https://www.soumu.go.jp/senkyo/senkyo_s/data/shugiin50/index.html,小宮山 泰子,Constitutional Democratic Party,0,184598,0,184598,,92300,0,first,,,佐藤 一馬,Japanese Communist Party,17541,Saitama,JP-11-07,official,
Saitama 8,https://www.soumu.go.jp/senkyo/senkyo_s/data/shugiin50/index.html,https://www.soumu.go.jp/senkyo/senkyo_s/data/shugiin50/index.html,柴山 昌彦,Liberal Democratic Party,0,214918,0,214918,,107460,0,first,,,柴山 昌彦,Liberal Democratic Party,93223,Saitama,JP-11-08,official,Candidate totals are the whole-vote figures in the official constituency table. Japan's national party summary separately allocates a very small number of fractional ambiguous ballots. District turnout and invalid-ballot metadata are unavailable.
Saitama 8,https://www.soumu.go.jp/senkyo/senkyo_s/data/shugiin50/index.html,https://www.soumu.go.jp/senkyo/senkyo_s/data/shugiin50/index.html,柴山 昌彦,Liberal Democratic Party,0,214918,0,214918,,107460,0,first,,,市来 伴子,Constitutional Democratic Party,77580,Saitama,JP-11-08,official,
Saitama 8,https://www.soumu.go.jp/senkyo/senkyo_s/data/shugiin50/index.html,https://www.soumu.go.jp/senkyo/senkyo_s/data/shugiin50/index.html,柴山 昌彦,Liberal Democratic Party,0,214918,0,214918,,107460,0,first,,,市野 一馬,Japan Innovation Party,23810,Saitama,JP-11-08,official,
Saitama 8,https://www.soumu.go.jp/senkyo/senkyo_s/data/shugiin50/index.html,https://www.soumu.go.jp/senkyo/senkyo_s/data/shugiin50/index.html,柴山 昌彦,Liberal Democratic Party,0,214918,0,214918,,107460,0,first,,,平井 明美,Japanese Communist Party,20305,Saitama,JP-11-08,official,
Saitama 9,https://www.soumu.go.jp/senkyo/senkyo_s/data/shugiin50/index.html,https://www.soumu.go.jp/senkyo/senkyo_s/data/shugiin50/index.html,杉村 慎治,Constitutional Democratic Party,0,199891,0,199891,,99946,0,first,,,杉村 慎治,Constitutional Democratic Party,83107,Saitama,JP-11-09,official,Candidate totals are the whole-vote figures in the official constituency table. Japan's national party summary separately allocates a very small number of fractional ambiguous ballots. District turnout and invalid-ballot metadata are unavailable.
Saitama 9,https://www.soumu.go.jp/senkyo/senkyo_s/data/shugiin50/index.html,https://www.soumu.go.jp/senkyo/senkyo_s/data/shugiin50/index.html,杉村 慎治,Constitutional Democratic Party,0,199891,0,199891,,99946,0,first,,,大塚 拓,Liberal Democratic Party,78811,Saitama,JP-11-09,official,
Saitama 9,https://www.soumu.go.jp/senkyo/senkyo_s/data/shugiin50/index.html,https://www.soumu.go.jp/senkyo/senkyo_s/data/shugiin50/index.html,杉村 慎治,Constitutional Democratic Party,0,199891,0,199891,,99946,0,first,,,近藤 秀将,Japan Innovation Party,21680,Saitama,JP-11-09,official,
Saitama 9,https://www.soumu.go.jp/senkyo/senkyo_s/data/shugiin50/index.html,https://www.soumu.go.jp/senkyo/senkyo_s/data/shugiin50/index.html,杉村 慎治,Constitutional Democratic Party,0,199891,0,199891,,99946,0,first,,,猪股 嘉直,Japanese Communist Party,16293,Saitama,JP-11-09,official,
Saitama 10,https://www.soumu.go.jp/senkyo/senkyo_s/data/shugiin50/index.html,https://www.soumu.go.jp/senkyo/senkyo_s/data/shugiin50/index.html,坂本 祐之輔,Constitutional Democratic Party,0,165355,0,165355,,82678,0,first,,,坂本 祐之輔,Constitutional Democratic Party,97591,Saitama,JP-11-10,official,Candidate totals are the whole-vote figures in the official constituency table. Japan's national party summary separately allocates a very small number of fractional ambiguous ballots. District turnout and invalid-ballot metadata are unavailable.
Saitama 10,https://www.soumu.go.jp/senkyo/senkyo_s/data/shugiin50/index.html,https://www.soumu.go.jp/senkyo/senkyo_s/data/shugiin50/index.html,坂本 祐之輔,Constitutional Democratic Party,0,165355,0,165355,,82678,0,first,,,山口 晋,Liberal Democratic Party,67764,Saitama,JP-11-10,official,
Saitama 11,https://www.soumu.go.jp/senkyo/senkyo_s/data/shugiin50/index.html,https://www.soumu.go.jp/senkyo/senkyo_s/data/shugiin50/index.html,小泉 龍司,Liberal Democratic Party,0,157874,0,157874,,78938,0,first,,,小泉 龍司,Liberal Democratic Party,91681,Saitama,JP-11-11,official,Candidate totals are the whole-vote figures in the official constituency table. Japan's national party summary separately allocates a very small number of fractional ambiguous ballots. District turnout and invalid-ballot metadata are unavailable.
Saitama 11,https://www.soumu.go.jp/senkyo/senkyo_s/data/shugiin50/index.html,https://www.soumu.go.jp/senkyo/senkyo_s/data/shugiin50/index.html,小泉 龍司,Liberal Democratic Party,0,157874,0,157874,,78938,0,first,,,島田 誠,Constitutional Democratic Party,49557,Saitama,JP-11-11,official,
Saitama 11,https://www.soumu.go.jp/senkyo/senkyo_s/data/shugiin50/index.html,https://www.soumu.go.jp/senkyo/senkyo_s/data/shugiin50/index.html,小泉 龍司,Liberal Democratic Party,0,157874,0,157874,,78938,0,first,,,柿沼 遥輝,Japanese Communist Party,16636,Saitama,JP-11-11,official,
Saitama 12,https://www.soumu.go.jp/senkyo/senkyo_s/data/shugiin50/index.html,https://www.soumu.go.jp/senkyo/senkyo_s/data/shugiin50/index.html,森田 俊和,Constitutional Democratic Party,0,179719,0,179719,,89860,0,first,,,森田 俊和,Constitutional Democratic Party,103324,Saitama,JP-11-12,official,Candidate totals are the whole-vote figures in the official constituency table. Japan's national party summary separately allocates a very small number of fractional ambiguous ballots. District turnout and invalid-ballot metadata are unavailable.
Saitama 12,https://www.soumu.go.jp/senkyo/senkyo_s/data/shugiin50/index.html,https://www.soumu.go.jp/senkyo/senkyo_s/data/shugiin50/index.html,森田 俊和,Constitutional Democratic Party,0,179719,0,179719,,89860,0,first,,,野中 厚,Liberal Democratic Party,76395,Saitama,JP-11-12,official,
Saitama 13,https://www.soumu.go.jp/senkyo/senkyo_s/data/shugiin50/index.html,https://www.soumu.go.jp/senkyo/senkyo_s/data/shugiin50/index.html,橋本 幹彦,Democratic Party for the People,0,180139,0,180139,,90070,0,first,,,橋本 幹彦,Democratic Party for the People,61436,Saitama,JP-11-13,official,Candidate totals are the whole-vote figures in the official constituency table. Japan's national party summary separately allocates a very small number of fractional ambiguous ballots. District turnout and invalid-ballot metadata are unavailable.
Saitama 13,https://www.soumu.go.jp/senkyo/senkyo_s/data/shugiin50/index.html,https://www.soumu.go.jp/senkyo/senkyo_s/data/shugiin50/index.html,橋本 幹彦,Democratic Party for the People,0,180139,0,180139,,90070,0,first,,,三ツ林 裕己,Independent,53382,Saitama,JP-11-13,official,
Saitama 13,https://www.soumu.go.jp/senkyo/senkyo_s/data/shugiin50/index.html,https://www.soumu.go.jp/senkyo/senkyo_s/data/shugiin50/index.html,橋本 幹彦,Democratic Party for the People,0,180139,0,180139,,90070,0,first,,,高井 崇志,Reiwa Shinsengumi,22237,Saitama,JP-11-13,official,
Saitama 13,https://www.soumu.go.jp/senkyo/senkyo_s/data/shugiin50/index.html,https://www.soumu.go.jp/senkyo/senkyo_s/data/shugiin50/index.html,橋本 幹彦,Democratic Party for the People,0,180139,0,180139,,90070,0,first,,,中原 由棟,Japan Innovation Party,21561,Saitama,JP-11-13,official,
Saitama 13,https://www.soumu.go.jp/senkyo/senkyo_s/data/shugiin50/index.html,https://www.soumu.go.jp/senkyo/senkyo_s/data/shugiin50/index.html,橋本 幹彦,Democratic Party for the People,0,180139,0,180139,,90070,0,first,,,沢口 千枝子,Japanese Communist Party,17099,Saitama,JP-11-13,official,
Saitama 13,https://www.soumu.go.jp/senkyo/senkyo_s/data/shugiin50/index.html,https://www.soumu.go.jp/senkyo/senkyo_s/data/shugiin50/index.html,橋本 幹彦,Democratic Party for the People,0,180139,0,180139,,90070,0,first,,,橋本 勉,Other,4424,Saitama,JP-11-13,official,
Saitama 14,https://www.soumu.go.jp/senkyo/senkyo_s/data/shugiin50/index.html,https://www.soumu.go.jp/senkyo/senkyo_s/data/shugiin50/index.html,鈴木 義弘,Democratic Party for the People,0,190630,0,190630,,95316,0,first,,,鈴木 義弘,Democratic Party for the People,70608,Saitama,JP-11-14,official,Candidate totals are the whole-vote figures in the official constituency table. Japan's national party summary separately allocates a very small number of fractional ambiguous ballots. District turnout and invalid-ballot metadata are unavailable.
Saitama 14,https://www.soumu.go.jp/senkyo/senkyo_s/data/shugiin50/index.html,https://www.soumu.go.jp/senkyo/senkyo_s/data/shugiin50/index.html,鈴木 義弘,Democratic Party for the People,0,190630,0,190630,,95316,0,first,,,石井 啓一,Komeito,60249,Saitama,JP-11-14,official,
Saitama 14,https://www.soumu.go.jp/senkyo/senkyo_s/data/shugiin50/index.html,https://www.soumu.go.jp/senkyo/senkyo_s/data/shugiin50/index.html,鈴木 義弘,Democratic Party for the People,0,190630,0,190630,,95316,0,first,,,加来 武宜,Japan Innovation Party,28792,Saitama,JP-11-14,official,
Saitama 14,https://www.soumu.go.jp/senkyo/senkyo_s/data/shugiin50/index.html,https://www.soumu.go.jp/senkyo/senkyo_s/data/shugiin50/index.html,鈴木 義弘,Democratic Party for the People,0,190630,0,190630,,95316,0,first,,,苗村 京子,Japanese Communist Party,17981,Saitama,JP-11-14,official,
Saitama 14,https://www.soumu.go.jp/senkyo/senkyo_s/data/shugiin50/index.html,https://www.soumu.go.jp/senkyo/senkyo_s/data/shugiin50/index.html,鈴木 義弘,Democratic Party for the People,0,190630,0,190630,,95316,0,first,,,関根 和也,Independent,7486,Saitama,JP-11-14,official,
Saitama 14,https://www.soumu.go.jp/senkyo/senkyo_s/data/shugiin50/index.html,https://www.soumu.go.jp/senkyo/senkyo_s/data/shugiin50/index.html,鈴木 義弘,Democratic Party for the People,0,190630,0,190630,,95316,0,first,,,高橋 易資,Other,5514,Saitama,JP-11-14,official,
Saitama 15,https://www.soumu.go.jp/senkyo/senkyo_s/data/shugiin50/index.html,https://www.soumu.go.jp/senkyo/senkyo_s/data/shugiin50/index.html,田中 良生,Liberal Democratic Party,0,208027,0,208027,,104014,0,first,,,田中 良生,Liberal Democratic Party,73973,Saitama,JP-11-15,official,Candidate totals are the whole-vote figures in the official constituency table. Japan's national party summary separately allocates a very small number of fractional ambiguous ballots. District turnout and invalid-ballot metadata are unavailable.
Saitama 15,https://www.soumu.go.jp/senkyo/senkyo_s/data/shugiin50/index.html,https://www.soumu.go.jp/senkyo/senkyo_s/data/shugiin50/index.html,田中 良生,Liberal Democratic Party,0,208027,0,208027,,104014,0,first,,,高木 錬太郎,Constitutional Democratic Party,60356,Saitama,JP-11-15,official,
Saitama 15,https://www.soumu.go.jp/senkyo/senkyo_s/data/shugiin50/index.html,https://www.soumu.go.jp/senkyo/senkyo_s/data/shugiin50/index.html,田中 良生,Liberal Democratic Party,0,208027,0,208027,,104014,0,first,,,沢田 良,Japan Innovation Party,39858,Saitama,JP-11-15,official,
Saitama 15,https://www.soumu.go.jp/senkyo/senkyo_s/data/shugiin50/index.html,https://www.soumu.go.jp/senkyo/senkyo_s/data/shugiin50/index.html,田中 良生,Liberal Democratic Party,0,208027,0,208027,,104014,0,first,,,守谷 千津子,Japanese Communist Party,17683,Saitama,JP-11-15,official,
Saitama 15,https://www.soumu.go.jp/senkyo/senkyo_s/data/shugiin50/index.html,https://www.soumu.go.jp/senkyo/senkyo_s/data/shugiin50/index.html,田中 良生,Liberal Democratic Party,0,208027,0,208027,,104014,0,first,,,河合 悠祐,Other,16157,Saitama,JP-11-15,official,
Saitama 16,https://www.soumu.go.jp/senkyo/senkyo_s/data/shugiin50/index.html,https://www.soumu.go.jp/senkyo/senkyo_s/data/shugiin50/index.html,土屋 品子,Liberal Democratic Party,0,173871,0,173871,,86936,0,first,,,土屋 品子,Liberal Democratic Party,66909,Saitama,JP-11-16,official,Candidate totals are the whole-vote figures in the official constituency table. Japan's national party summary separately allocates a very small number of fractional ambiguous ballots. District turnout and invalid-ballot metadata are unavailable.
Saitama 16,https://www.soumu.go.jp/senkyo/senkyo_s/data/shugiin50/index.html,https://www.soumu.go.jp/senkyo/senkyo_s/data/shugiin50/index.html,土屋 品子,Liberal Democratic Party,0,173871,0,173871,,86936,0,first,,,三角 創太,Constitutional Democratic Party,64244,Saitama,JP-11-16,official,
Saitama 16,https://www.soumu.go.jp/senkyo/senkyo_s/data/shugiin50/index.html,https://www.soumu.go.jp/senkyo/senkyo_s/data/shugiin50/index.html,土屋 品子,Liberal Democratic Party,0,173871,0,173871,,86936,0,first,,,中村 梨香,Japan Innovation Party,30027,Saitama,JP-11-16,official,
Saitama 16,https://www.soumu.go.jp/senkyo/senkyo_s/data/shugiin50/index.html,https://www.soumu.go.jp/senkyo/senkyo_s/data/shugiin50/index.html,土屋 品子,Liberal Democratic Party,0,173871,0,173871,,86936,0,first,,,永堀 健,Japanese Communist Party,12691,Saitama,JP-11-16,official,
Chiba 1,https://www.soumu.go.jp/senkyo/senkyo_s/data/shugiin50/index.html,https://www.soumu.go.jp/senkyo/senkyo_s/data/shugiin50/index.html,田嶋 要,Constitutional Democratic Party,0,227006,0,227006,,113504,0,first,,,田嶋 要,Constitutional Democratic Party,107439,Chiba,JP-12-01,official,Candidate totals are the whole-vote figures in the official constituency table. Japan's national party summary separately allocates a very small number of fractional ambiguous ballots. District turnout and invalid-ballot metadata are unavailable.
Chiba 1,https://www.soumu.go.jp/senkyo/senkyo_s/data/shugiin50/index.html,https://www.soumu.go.jp/senkyo/senkyo_s/data/shugiin50/index.html,田嶋 要,Constitutional Democratic Party,0,227006,0,227006,,113504,0,first,,,門山 宏哲,Liberal Democratic Party,67432,Chiba,JP-12-01,official,
Chiba 1,https://www.soumu.go.jp/senkyo/senkyo_s/data/shugiin50/index.html,https://www.soumu.go.jp/senkyo/senkyo_s/data/shugiin50/index.html,田嶋 要,Constitutional Democratic Party,0,227006,0,227006,,113504,0,first,,,依田 和孝,Japan Innovation Party,23770,Chiba,JP-12-01,official,
Chiba 1,https://www.soumu.go.jp/senkyo/senkyo_s/data/shugiin50/index.html,https://www.soumu.go.jp/senkyo/senkyo_s/data/shugiin50/index.html,田嶋 要,Constitutional Democratic Party,0,227006,0,227006,,113504,0,first,,,上田 敦広,Sanseitō,15703,Chiba,JP-12-01,official,
Chiba 1,https://www.soumu.go.jp/senkyo/senkyo_s/data/shugiin50/index.html,https://www.soumu.go.jp/senkyo/senkyo_s/data/shugiin50/index.html,田嶋 要,Constitutional Democratic Party,0,227006,0,227006,,113504,0,first,,,渡部 雅士,Japanese Communist Party,12662,Chiba,JP-12-01,official,
Chiba 2,https://www.soumu.go.jp/senkyo/senkyo_s/data/shugiin50/index.html,https://www.soumu.go.jp/senkyo/senkyo_s/data/shugiin50/index.html,小林 鷹之,Liberal Democratic Party,0,152190,0,152190,,76096,0,first,,,小林 鷹之,Liberal Democratic Party,103690,Chiba,JP-12-02,official,Candidate totals are the whole-vote figures in the official constituency table. Japan's national party summary separately allocates a very small number of fractional ambiguous ballots. District turnout and invalid-ballot metadata are unavailable.
Chiba 2,https://www.soumu.go.jp/senkyo/senkyo_s/data/shugiin50/index.html,https://www.soumu.go.jp/senkyo/senkyo_s/data/shugiin50/index.html,小林 鷹之,Liberal Democratic Party,0,152190,0,152190,,76096,0,first,,,白石 ちよ,Japanese Communist Party,48500,Chiba,JP-12-02,official,
Chiba 3,https://www.soumu.go.jp/senkyo/senkyo_s/data/shugiin50/index.html,https://www.soumu.go.jp/senkyo/senkyo_s/data/shugiin50/index.html,松野 博一,Liberal Democratic Party,0,163491,0,163491,,81746,0,first,,,松野 博一,Liberal Democratic Party,67308,Chiba,JP-12-03,official,Candidate totals are the whole-vote figures in the official constituency table. Japan's national party summary separately allocates a very small number of fractional ambiguous ballots. District turnout and invalid-ballot metadata are unavailable.
Chiba 3,https://www.soumu.go.jp/senkyo/senkyo_s/data/shugiin50/index.html,https://www.soumu.go.jp/senkyo/senkyo_s/data/shugiin50/index.html,松野 博一,Liberal Democratic Party,0,163491,0,163491,,81746,0,first,,,岡島 一正,Constitutional Democratic Party,64169,Chiba,JP-12-03,official,
Chiba 3,https://www.soumu.go.jp/senkyo/senkyo_s/data/shugiin50/index.html,https://www.soumu.go.jp/senkyo/senkyo_s/data/shugiin50/index.html,松野 博一,Liberal Democratic Party,0,163491,0,163491,,81746,0,first,,,大薄 裕也,Independent,22717,Chiba,JP-12-03,official,
Chiba 3,https://www.soumu.go.jp/senkyo/senkyo_s/data/shugiin50/index.html,https://www.soumu.go.jp/senkyo/senkyo_s/data/shugiin50/index.html,松野 博一,Liberal Democratic Party,0,163491,0,163491,,81746,0,first,,,加藤 和夫,Japanese Communist Party,9297,Chiba,JP-12-03,official,
Chiba 4,https://www.soumu.go.jp/senkyo/senkyo_s/data/shugiin50/index.html,https://www.soumu.go.jp/senkyo/senkyo_s/data/shugiin50/index.html,水沼 秀幸,Constitutional Democratic Party,0,207729,0,207729,,103865,0,first,,,水沼 秀幸,Constitutional Democratic Party,90011,Chiba,JP-12-04,official,Candidate totals are the whole-vote figures in the official constituency table. Japan's national party summary separately allocates a very small number of fractional ambiguous ballots. District turnout and invalid-ballot metadata are unavailable.
Chiba 4,https://www.soumu.go.jp/senkyo/senkyo_s/data/shugiin50/index.html,https://www.soumu.go.jp/senkyo/senkyo_s/data/shugiin50/index.html,水沼 秀幸,Constitutional Democratic Party,0,207729,0,207729,,103865,0,first,,,木村 哲也,Liberal Democratic Party,66629,Chiba,JP-12-04,official,
Chiba 4,https://www.soumu.go.jp/senkyo/senkyo_s/data/shugiin50/index.html,https://www.soumu.go.jp/senkyo/senkyo_s/data/shugiin50/index.html,水沼 秀幸,Constitutional Democratic Party,0,207729,0,207729,,103865,0,first,,,雨宮 京子,Japan Innovation Party,26222,Chiba,JP-12-04,official,
Chiba 4,https://www.soumu.go.jp/senkyo/senkyo_s/data/shugiin50/index.html,https://www.soumu.go.jp/senkyo/senkyo_s/data/shugiin50/index.html,水沼 秀幸,Constitutional Democratic Party,0,207729,0,207729,,103865,0,first,,,工藤 聖子,Sanseitō,13736,Chiba,JP-12-04,official,
Chiba 4,https://www.soumu.go.jp/senkyo/senkyo_s/data/shugiin50/index.html,https://www.soumu.go.jp/senkyo/senkyo_s/data/shugiin50/index.html,水沼 秀幸,Constitutional Democratic Party,0,207729,0,207729,,103865,0,first,,,八鎌 健太,Japanese Communist Party,11131,Chiba,JP-12-04,official,
Chiba 5,https://www.soumu.go.jp/senkyo/senkyo_s/data/shugiin50/index.html,https://www.soumu.go.jp/senkyo/senkyo_s/data/shugiin50/index.html,矢崎 堅太郎,Constitutional Democratic Party,0,215820,0,215820,,107911,0,first,,,矢崎 堅太郎,Constitutional Democratic Party,66031,Chiba,JP-12-05,official,Candidate totals are the whole-vote figures in the official constituency table. Japan's national party summary separately allocates a very small number of fractional ambiguous ballots. District turnout and invalid-ballot metadata are unavailable.
Chiba 5,https://www.soumu.go.jp/senkyo/senkyo_s/data/shugiin50/index.html,https://www.soumu.go.jp/senkyo/senkyo_s/data/shugiin50/index.html,矢崎 堅太郎,Constitutional Democratic Party,0,215820,0,215820,,107911,0,first,,,英利 アルフィヤ,Liberal Democratic Party,59636,Chiba,JP-12-05,official,
Chiba 5,https://www.soumu.go.jp/senkyo/senkyo_s/data/shugiin50/index.html,https://www.soumu.go.jp/senkyo/senkyo_s/data/shugiin50/index.html,矢崎 堅太郎,Constitutional Democratic Party,0,215820,0,215820,,107911,0,first,,,岡野 純子,Democratic Party for the People,51033,Chiba,JP-12-05,official,
Chiba 5,https://www.soumu.go.jp/senkyo/senkyo_s/data/shugiin50/index.html,https://www.soumu.go.jp/senkyo/senkyo_s/data/shugiin50/index.html,矢崎 堅太郎,Constitutional Democratic Party,0,215820,0,215820,,107911,0,first,,,岸野 智康,Japan Innovation Party,17615,Chiba,JP-12-05,official,
Chiba 5,https://www.soumu.go.jp/senkyo/senkyo_s/data/shugiin50/index.html,https://www.soumu.go.jp/senkyo/senkyo_s/data/shugiin50/index.html,矢崎 堅太郎,Constitutional Democratic Party,0,215820,0,215820,,107911,0,first,,,桜井 雅人,Japanese Communist Party,11015,Chiba,JP-12-05,official,
Chiba 5,https://www.soumu.go.jp/senkyo/senkyo_s/data/shugiin50/index.html,https://www.soumu.go.jp/senkyo/senkyo_s/data/shugiin50/index.html,矢崎 堅太郎,Constitutional Democratic Party,0,215820,0,215820,,107911,0,first,,,宮路 純一,Sanseitō,10490,Chiba,JP-12-05,official,
Chiba 6,https://www.soumu.go.jp/senkyo/senkyo_s/data/shugiin50/index.html,https://www.soumu.go.jp/senkyo/senkyo_s/data/shugiin50/index.html,安藤 じゅん子,Constitutional Democratic Party,0,207835,0,207835,,103918,0,first,,,安藤 じゅん子,Constitutional Democratic Party,71555,Chiba,JP-12-06,official,Candidate totals are the whole-vote figures in the official constituency table. Japan's national party summary separately allocates a very small number of fractional ambiguous ballots. District turnout and invalid-ballot metadata are unavailable.
Chiba 6,https://www.soumu.go.jp/senkyo/senkyo_s/data/shugiin50/index.html,https://www.soumu.go.jp/senkyo/senkyo_s/data/shugiin50/index.html,安藤 じゅん子,Constitutional Democratic Party,0,207835,0,207835,,103918,0,first,,,渡辺 博道,Liberal Democratic Party,70215,Chiba,JP-12-06,official,
Chiba 6,https://www.soumu.go.jp/senkyo/senkyo_s/data/shugiin50/index.html,https://www.soumu.go.jp/senkyo/senkyo_s/data/shugiin50/index.html,安藤 じゅん子,Constitutional Democratic Party,0,207835,0,207835,,103918,0,first,,,藤巻 健太,Japan Innovation Party,30472,Chiba,JP-12-06,official,
Chiba 6,https://www.soumu.go.jp/senkyo/senkyo_s/data/shugiin50/index.html,https://www.soumu.go.jp/senkyo/senkyo_s/data/shugiin50/index.html,安藤 じゅん子,Constitutional Democratic Party,0,207835,0,207835,,103918,0,first,,,原田 慎太郎,Sanseitō,16752,Chiba,JP-12-06,official,
Chiba 6,https://www.soumu.go.jp/senkyo/senkyo_s/data/shugiin50/index.html,https://www.soumu.go.jp/senkyo/senkyo_s/data/shugiin50/index.html,安藤 じゅん子,Constitutional Democratic Party,0,207835,0,207835,,103918,0,first,,,浦野 真,Japanese Communist Party,14136,Chiba,JP-12-06,official,
Chiba 6,https://www.soumu.go.jp/senkyo/senkyo_s/data/shugiin50/index.html,https://www.soumu.go.jp/senkyo/senkyo_s/data/shugiin50/index.html,安藤 じゅん子,Constitutional Democratic Party,0,207835,0,207835,,103918,0,first,,,原田 義康,Social Democratic Party,4705,Chiba,JP-12-06,official,
Chiba 7,https://www.soumu.go.jp/senkyo/senkyo_s/data/shugiin50/index.html,https://www.soumu.go.jp/senkyo/senkyo_s/data/shugiin50/index.html,齋藤 健,Liberal Democratic Party,0,152482,0,152482,,76242,0,first,,,齋藤 健,Liberal Democratic Party,82606,Chiba,JP-12-07,official,Candidate totals are the whole-vote figures in the official constituency table. Japan's national party summary separately allocates a very small number of fractional ambiguous ballots. District turnout and invalid-ballot metadata are unavailable.
Chiba 7,https://www.soumu.go.jp/senkyo/senkyo_s/data/shugiin50/index.html,https://www.soumu.go.jp/senkyo/senkyo_s/data/shugiin50/index.html,齋藤 健,Liberal Democratic Party,0,152482,0,152482,,76242,0,first,,,平戸 航太,Democratic Party for the People,51749,Chiba,JP-12-07,official,
Chiba 7,https://www.soumu.go.jp/senkyo/senkyo_s/data/shugiin50/index.html,https://www.soumu.go.jp/senkyo/senkyo_s/data/shugiin50/index.html,齋藤 健,Liberal Democratic Party,0,152482,0,152482,,76242,0,first,,,徳増 記代子,Japanese Communist Party,18127,Chiba,JP-12-07,official,
Chiba 8,https://www.soumu.go.jp/senkyo/senkyo_s/data/shugiin50/index.html,https://www.soumu.go.jp/senkyo/senkyo_s/data/shugiin50/index.html,本庄 知史,Constitutional Democratic Party,0,183254,0,183254,,91628,0,first,,,本庄 知史,Constitutional Democratic Party,78678,Chiba,JP-12-08,official,Candidate totals are the whole-vote figures in the official constituency table. Japan's national party summary separately allocates a very small number of fractional ambiguous ballots. District turnout and invalid-ballot metadata are unavailable.
Chiba 8,https://www.soumu.go.jp/senkyo/senkyo_s/data/shugiin50/index.html,https://www.soumu.go.jp/senkyo/senkyo_s/data/shugiin50/index.html,本庄 知史,Constitutional Democratic Party,0,183254,0,183254,,91628,0,first,,,松本 泉,Liberal Democratic Party,59070,Chiba,JP-12-08,official,
Chiba 8,https://www.soumu.go.jp/senkyo/senkyo_s/data/shugiin50/index.html,https://www.soumu.go.jp/senkyo/senkyo_s/data/shugiin50/index.html,本庄 知史,Constitutional Democratic Party,0,183254,0,183254,,91628,0,first,,,石塚 貞通,Japan Innovation Party,20338,Chiba,JP-12-08,official,
Chiba 8,https://www.soumu.go.jp/senkyo/senkyo_s/data/shugiin50/index.html,https://www.soumu.go.jp/senkyo/senkyo_s/data/shugiin50/index.html,本庄 知史,Constitutional Democratic Party,0,183254,0,183254,,91628,0,first,,,宮本 寛之,Sanseitō,13872,Chiba,JP-12-08,official,
Chiba 8,https://www.soumu.go.jp/senkyo/senkyo_s/data/shugiin50/index.html,https://www.soumu.go.jp/senkyo/senkyo_s/data/shugiin50/index.html,本庄 知史,Constitutional Democratic Party,0,183254,0,183254,,91628,0,first,,,高橋 敏,Japanese Communist Party,11296,Chiba,JP-12-08,official,
Chiba 9,https://www.soumu.go.jp/senkyo/senkyo_s/data/shugiin50/index.html,https://www.soumu.go.jp/senkyo/senkyo_s/data/shugiin50/index.html,奥野 総一郎,Constitutional Democratic Party,0,196717,0,196717,,98359,0,first,,,奥野 総一郎,Constitutional Democratic Party,86335,Chiba,JP-12-09,official,Candidate totals are the whole-vote figures in the official constituency table. Japan's national party summary separately allocates a very small number of fractional ambiguous ballots. District turnout and invalid-ballot metadata are unavailable.
Chiba 9,https://www.soumu.go.jp/senkyo/senkyo_s/data/shugiin50/index.html,https://www.soumu.go.jp/senkyo/senkyo_s/data/shugiin50/index.html,奥野 総一郎,Constitutional Democratic Party,0,196717,0,196717,,98359,0,first,,,田宮 寿人,Liberal Democratic Party,65963,Chiba,JP-12-09,official,
Chiba 9,https://www.soumu.go.jp/senkyo/senkyo_s/data/shugiin50/index.html,https://www.soumu.go.jp/senkyo/senkyo_s/data/shugiin50/index.html,奥野 総一郎,Constitutional Democratic Party,0,196717,0,196717,,98359,0,first,,,田沼 隆志,Japan Innovation Party,33034,Chiba,JP-12-09,official,
Chiba 9,https://www.soumu.go.jp/senkyo/senkyo_s/data/shugiin50/index.html,https://www.soumu.go.jp/senkyo/senkyo_s/data/shugiin50/index.html,奥野 総一郎,Constitutional Democratic Party,0,196717,0,196717,,98359,0,first,,,山崎 温之,Japanese Communist Party,11385,Chiba,JP-12-09,official,
Chiba 10,https://www.soumu.go.jp/senkyo/senkyo_s/data/shugiin50/index.html,https://www.soumu.go.jp/senkyo/senkyo_s/data/shugiin50/index.html,小池 正昭,Liberal Democratic Party,0,158837,0,158837,,79419,0,first,,,小池 正昭,Liberal Democratic Party,69563,Chiba,JP-12-10,official,Candidate totals are the whole-vote figures in the official constituency table. Japan's national party summary separately allocates a very small number of fractional ambiguous ballots. District turnout and invalid-ballot metadata are unavailable.
Chiba 10,https://www.soumu.go.jp/senkyo/senkyo_s/data/shugiin50/index.html,https://www.soumu.go.jp/senkyo/senkyo_s/data/shugiin50/index.html,小池 正昭,Liberal Democratic Party,0,158837,0,158837,,79419,0,first,,,谷田川 元,Constitutional Democratic Party,67920,Chiba,JP-12-10,official,
Chiba 10,https://www.soumu.go.jp/senkyo/senkyo_s/data/shugiin50/index.html,https://www.soumu.go.jp/senkyo/senkyo_s/data/shugiin50/index.html,小池 正昭,Liberal Democratic Party,0,158837,0,158837,,79419,0,first,,,椎名 亮太,Sanseitō,11484,Chiba,JP-12-10,official,
Chiba 10,https://www.soumu.go.jp/senkyo/senkyo_s/data/shugiin50/index.html,https://www.soumu.go.jp/senkyo/senkyo_s/data/shugiin50/index.html,小池 正昭,Liberal Democratic Party,0,158837,0,158837,,79419,0,first,,,仲 幸子,Japanese Communist Party,8018,Chiba,JP-12-10,official,
Chiba 10,https://www.soumu.go.jp/senkyo/senkyo_s/data/shugiin50/index.html,https://www.soumu.go.jp/senkyo/senkyo_s/data/shugiin50/index.html,小池 正昭,Liberal Democratic Party,0,158837,0,158837,,79419,0,first,,,今留 尚人,Independent,1852,Chiba,JP-12-10,official,
Chiba 11,https://www.soumu.go.jp/senkyo/senkyo_s/data/shugiin50/index.html,https://www.soumu.go.jp/senkyo/senkyo_s/data/shugiin50/index.html,森 英介,Liberal Democratic Party,0,160523,0,160523,,80262,0,first,,,森 英介,Liberal Democratic Party,92187,Chiba,JP-12-11,official,Candidate totals are the whole-vote figures in the official constituency table. Japan's national party summary separately allocates a very small number of fractional ambiguous ballots. District turnout and invalid-ballot metadata are unavailable.
Chiba 11,https://www.soumu.go.jp/senkyo/senkyo_s/data/shugiin50/index.html,https://www.soumu.go.jp/senkyo/senkyo_s/data/shugiin50/index.html,森 英介,Liberal Democratic Party,0,160523,0,160523,,80262,0,first,,,多ケ谷 亮,Reiwa Shinsengumi,45616,Chiba,JP-12-11,official,
Chiba 11,https://www.soumu.go.jp/senkyo/senkyo_s/data/shugiin50/index.html,https://www.soumu.go.jp/senkyo/senkyo_s/data/shugiin50/index.html,森 英介,Liberal Democratic Party,0,160523,0,160523,,80262,0,first,,,椎名 史明,Japanese Communist Party,22720,Chiba,JP-12-11,official,
Chiba 12,https://www.soumu.go.jp/senkyo/senkyo_s/data/shugiin50/index.html,https://www.soumu.go.jp/senkyo/senkyo_s/data/shugiin50/index.html,浜田 靖一,Liberal Democratic Party,0,186733,0,186733,,93367,0,first,,,浜田 靖一,Liberal Democratic Party,105510,Chiba,JP-12-12,official,Candidate totals are the whole-vote figures in the official constituency table. Japan's national party summary separately allocates a very small number of fractional ambiguous ballots. District turnout and invalid-ballot metadata are unavailable.
Chiba 12,https://www.soumu.go.jp/senkyo/senkyo_s/data/shugiin50/index.html,https://www.soumu.go.jp/senkyo/senkyo_s/data/shugiin50/index.html,浜田 靖一,Liberal Democratic Party,0,186733,0,186733,,93367,0,first,,,樋高 剛,Constitutional Democratic Party,45098,Chiba,JP-12-12,official,
Chiba 12,https://www.soumu.go.jp/senkyo/senkyo_s/data/shugiin50/index.html,https://www.soumu.go.jp/senkyo/senkyo_s/data/shugiin50/index.html,浜田 靖一,Liberal Democratic Party,0,186733,0,186733,,93367,0,first,,,地引 直輝,Japan Innovation Party,25882,Chiba,JP-12-12,official,
Chiba 12,https://www.soumu.go.jp/senkyo/senkyo_s/data/shugiin50/index.html,https://www.soumu.go.jp/senkyo/senkyo_s/data/shugiin50/index.html,浜田 靖一,Liberal Democratic Party,0,186733,0,186733,,93367,0,first,,,葛原 茂,Japanese Communist Party,10243,Chiba,JP-12-12,official,
Chiba 13,https://www.soumu.go.jp/senkyo/senkyo_s/data/shugiin50/index.html,https://www.soumu.go.jp/senkyo/senkyo_s/data/shugiin50/index.html,松本 尚,Liberal Democratic Party,0,219394,0,219394,,109698,0,first,,,松本 尚,Liberal Democratic Party,96024,Chiba,JP-12-13,official,Candidate totals are the whole-vote figures in the official constituency table. Japan's national party summary separately allocates a very small number of fractional ambiguous ballots. District turnout and invalid-ballot metadata are unavailable.
Chiba 13,https://www.soumu.go.jp/senkyo/senkyo_s/data/shugiin50/index.html,https://www.soumu.go.jp/senkyo/senkyo_s/data/shugiin50/index.html,松本 尚,Liberal Democratic Party,0,219394,0,219394,,109698,0,first,,,宮川 伸,Constitutional Democratic Party,92501,Chiba,JP-12-13,official,
Chiba 13,https://www.soumu.go.jp/senkyo/senkyo_s/data/shugiin50/index.html,https://www.soumu.go.jp/senkyo/senkyo_s/data/shugiin50/index.html,松本 尚,Liberal Democratic Party,0,219394,0,219394,,109698,0,first,,,中谷 めぐみ,Sanseitō,19582,Chiba,JP-12-13,official,
Chiba 13,https://www.soumu.go.jp/senkyo/senkyo_s/data/shugiin50/index.html,https://www.soumu.go.jp/senkyo/senkyo_s/data/shugiin50/index.html,松本 尚,Liberal Democratic Party,0,219394,0,219394,,109698,0,first,,,柏崎 末人,Japanese Communist Party,11287,Chiba,JP-12-13,official,
Chiba 14,https://www.soumu.go.jp/senkyo/senkyo_s/data/shugiin50/index.html,https://www.soumu.go.jp/senkyo/senkyo_s/data/shugiin50/index.html,野田 佳彦,Constitutional Democratic Party,0,219596,0,219596,,109799,0,first,,,野田 佳彦,Constitutional Democratic Party,145821,Chiba,JP-12-14,official,Candidate totals are the whole-vote figures in the official constituency table. Japan's national party summary separately allocates a very small number of fractional ambiguous ballots. District turnout and invalid-ballot metadata are unavailable.
Chiba 14,https://www.soumu.go.jp/senkyo/senkyo_s/data/shugiin50/index.html,https://www.soumu.go.jp/senkyo/senkyo_s/data/shugiin50/index.html,野田 佳彦,Constitutional Democratic Party,0,219596,0,219596,,109799,0,first,,,高橋 恭介,Liberal Democratic Party,51723,Chiba,JP-12-14,official,
Chiba 14,https://www.soumu.go.jp/senkyo/senkyo_s/data/shugiin50/index.html,https://www.soumu.go.jp/senkyo/senkyo_s/data/shugiin50/index.html,野田 佳彦,Constitutional Democratic Party,0,219596,0,219596,,109799,0,first,,,坂井 洋介,Japanese Communist Party,11505,Chiba,JP-12-14,official,
Chiba 14,https://www.soumu.go.jp/senkyo/senkyo_s/data/shugiin50/index.html,https://www.soumu.go.jp/senkyo/senkyo_s/data/shugiin50/index.html,野田 佳彦,Constitutional Democratic Party,0,219596,0,219596,,109799,0,first,,,ミサオ・レッドウルフ,Reiwa Shinsengumi,10547,Chiba,JP-12-14,official,
Tokyo 1,https://www.soumu.go.jp/senkyo/senkyo_s/data/shugiin50/index.html,https://www.soumu.go.jp/senkyo/senkyo_s/data/shugiin50/index.html,海江田 万里,Constitutional Democratic Party,0,177998,0,177998,,89000,0,first,,,海江田 万里,Constitutional Democratic Party,56979,Tokyo,JP-13-01,official,Candidate totals are the whole-vote figures in the official constituency table. Japan's national party summary separately allocates a very small number of fractional ambiguous ballots. District turnout and invalid-ballot metadata are unavailable.
Tokyo 1,https://www.soumu.go.jp/senkyo/senkyo_s/data/shugiin50/index.html,https://www.soumu.go.jp/senkyo/senkyo_s/data/shugiin50/index.html,海江田 万里,Constitutional Democratic Party,0,177998,0,177998,,89000,0,first,,,山田 美樹,Liberal Democratic Party,55040,Tokyo,JP-13-01,official,
Tokyo 1,https://www.soumu.go.jp/senkyo/senkyo_s/data/shugiin50/index.html,https://www.soumu.go.jp/senkyo/senkyo_s/data/shugiin50/index.html,海江田 万里,Constitutional Democratic Party,0,177998,0,177998,,89000,0,first,,,音喜多 駿,Japan Innovation Party,29002,Tokyo,JP-13-01,official,
Tokyo 1,https://www.soumu.go.jp/senkyo/senkyo_s/data/shugiin50/index.html,https://www.soumu.go.jp/senkyo/senkyo_s/data/shugiin50/index.html,海江田 万里,Constitutional Democratic Party,0,177998,0,177998,,89000,0,first,,,佐藤 沙織里,Independent,12255,Tokyo,JP-13-01,official,
Tokyo 1,https://www.soumu.go.jp/senkyo/senkyo_s/data/shugiin50/index.html,https://www.soumu.go.jp/senkyo/senkyo_s/data/shugiin50/index.html,海江田 万里,Constitutional Democratic Party,0,177998,0,177998,,89000,0,first,,,中野 顕,Japanese Communist Party,11889,Tokyo,JP-13-01,official,
Tokyo 1,https://www.soumu.go.jp/senkyo/senkyo_s/data/shugiin50/index.html,https://www.soumu.go.jp/senkyo/senkyo_s/data/shugiin50/index.html,海江田 万里,Constitutional Democratic Party,0,177998,0,177998,,89000,0,first,,,桜井 祥子,Sanseitō,10636,Tokyo,JP-13-01,official,
Tokyo 1,https://www.soumu.go.jp/senkyo/senkyo_s/data/shugiin50/index.html,https://www.soumu.go.jp/senkyo/senkyo_s/data/shugiin50/index.html,海江田 万里,Constitutional Democratic Party,0,177998,0,177998,,89000,0,first,,,高木 寛史,Minna de Tsukuru Tō,951,Tokyo,JP-13-01,official,
Tokyo 1,https://www.soumu.go.jp/senkyo/senkyo_s/data/shugiin50/index.html,https://www.soumu.go.jp/senkyo/senkyo_s/data/shugiin50/index.html,海江田 万里,Constitutional Democratic Party,0,177998,0,177998,,89000,0,first,,,新垣 宏,Independent,716,Tokyo,JP-13-01,official,
Tokyo 1,https://www.soumu.go.jp/senkyo/senkyo_s/data/shugiin50/index.html,https://www.soumu.go.jp/senkyo/senkyo_s/data/shugiin50/index.html,海江田 万里,Constitutional Democratic Party,0,177998,0,177998,,89000,0,first,,,新藤 伸夫,Other,530,Tokyo,JP-13-01,official,
Tokyo 2,https://www.soumu.go.jp/senkyo/senkyo_s/data/shugiin50/index.html,https://www.soumu.go.jp/senkyo/senkyo_s/data/shugiin50/index.html,辻 清人,Liberal Democratic Party,0,178075,0,178075,,89038,0,first,,,辻 清人,Liberal Democratic Party,66050,Tokyo,JP-13-02,official,Candidate totals are the whole-vote figures in the official constituency table. Japan's national party summary separately allocates a very small number of fractional ambiguous ballots. District turnout and invalid-ballot metadata are unavailable.
Tokyo 2,https://www.soumu.go.jp/senkyo/senkyo_s/data/shugiin50/index.html,https://www.soumu.go.jp/senkyo/senkyo_s/data/shugiin50/index.html,辻 清人,Liberal Democratic Party,0,178075,0,178075,,89038,0,first,,,鳩山 紀一郎,Democratic Party for the People,48527,Tokyo,JP-13-02,official,
Tokyo 2,https://www.soumu.go.jp/senkyo/senkyo_s/data/shugiin50/index.html,https://www.soumu.go.jp/senkyo/senkyo_s/data/shugiin50/index.html,辻 清人,Liberal Democratic Party,0,178075,0,178075,,89038,0,first,,,今村 充,Japan Innovation Party,29860,Tokyo,JP-13-02,official,
Tokyo 2,https://www.soumu.go.jp/senkyo/senkyo_s/data/shugiin50/index.html,https://www.soumu.go.jp/senkyo/senkyo_s/data/shugiin50/index.html,辻 清人,Liberal Democratic Party,0,178075,0,178075,,89038,0,first,,,細野 真理,Japanese Communist Party,22316,Tokyo,JP-13-02,official,
Tokyo 2,https://www.soumu.go.jp/senkyo/senkyo_s/data/shugiin50/index.html,https://www.soumu.go.jp/senkyo/senkyo_s/data/shugiin50/index.html,辻 清人,Liberal Democratic Party,0,178075,0,178075,,89038,0,first,,,最上 佳則,Sanseitō,11322,Tokyo,JP-13-02,official,
Tokyo 3,https://www.soumu.go.jp/senkyo/senkyo_s/data/shugiin50/index.html,https://www.soumu.go.jp/senkyo/senkyo_s/data/shugiin50/index.html,石原 宏高,Liberal Democratic Party,0,201543,0,201543,,100772,0,first,,,石原 宏高,Liberal Democratic Party,61660,Tokyo,JP-13-03,official,Candidate totals are the whole-vote figures in the official constituency table. Japan's national party summary separately allocates a very small number of fractional ambiguous ballots. District turnout and invalid-ballot metadata are unavailable.
Tokyo 3,https://www.soumu.go.jp/senkyo/senkyo_s/data/shugiin50/index.html,https://www.soumu.go.jp/senkyo/senkyo_s/data/shugiin50/index.html,石原 宏高,Liberal Democratic Party,0,201543,0,201543,,100772,0,first,,,阿部 祐美子,Constitutional Democratic Party,54178,Tokyo,JP-13-03,official,
Tokyo 3,https://www.soumu.go.jp/senkyo/senkyo_s/data/shugiin50/index.html,https://www.soumu.go.jp/senkyo/senkyo_s/data/shugiin50/index.html,石原 宏高,Liberal Democratic Party,0,201543,0,201543,,100772,0,first,,,奥本 有里,Democratic Party for the People,30351,Tokyo,JP-13-03,official,
Tokyo 3,https://www.soumu.go.jp/senkyo/senkyo_s/data/shugiin50/index.html,https://www.soumu.go.jp/senkyo/senkyo_s/data/shugiin50/index.html,石原 宏高,Liberal Democratic Party,0,201543,0,201543,,100772,0,first,,,吉平 敏孝,Japan Innovation Party,25745,Tokyo,JP-13-03,official,
Tokyo 3,https://www.soumu.go.jp/senkyo/senkyo_s/data/shugiin50/index.html,https://www.soumu.go.jp/senkyo/senkyo_s/data/shugiin50/index.html,石原 宏高,Liberal Democratic Party,0,201543,0,201543,,100772,0,first,,,香西 克介,Japanese Communist Party,12056,Tokyo,JP-13-03,official,
Tokyo 3,https://www.soumu.go.jp/senkyo/senkyo_s/data/shugiin50/index.html,https://www.soumu.go.jp/senkyo/senkyo_s/data/shugiin50/index.html,石原 宏高,Liberal Democratic Party,0,201543,0,201543,,100772,0,first,,,川口 めぐみ,Independent,8822,Tokyo,JP-13-03,official,
Tokyo 3,https://www.soumu.go.jp/senkyo/senkyo_s/data/shugiin50/index.html,https://www.soumu.go.jp/senkyo/senkyo_s/data/shugiin50/index.html,石原 宏高,Liberal Democratic Party,0,201543,0,201543,,100772,0,first,,,植木 洋貴,Sanseitō,8731,Tokyo,JP-13-03,official,
Tokyo 4,https://www.soumu.go.jp/senkyo/senkyo_s/data/shugiin50/index.html,https://www.soumu.go.jp/senkyo/senkyo_s/data/shugiin50/index.html,平 将明,Liberal Democratic Party,0,215731,0,215731,,107866,0,first,,,平 将明,Liberal Democratic Party,86773,Tokyo,JP-13-04,official,Candidate totals are the whole-vote figures in the official constituency table. Japan's national party summary separately allocates a very small number of fractional ambiguous ballots. District turnout and invalid-ballot metadata are unavailable.
Tokyo 4,https://www.soumu.go.jp/senkyo/senkyo_s/data/shugiin50/index.html,https://www.soumu.go.jp/senkyo/senkyo_s/data/shugiin50/index.html,平 将明,Liberal Democratic Party,0,215731,0,215731,,107866,0,first,,,井戸 正枝,Democratic Party for the People,51810,Tokyo,JP-13-04,official,
Tokyo 4,https://www.soumu.go.jp/senkyo/senkyo_s/data/shugiin50/index.html,https://www.soumu.go.jp/senkyo/senkyo_s/data/shugiin50/index.html,平 将明,Liberal Democratic Party,0,215731,0,215731,,107866,0,first,,,谷川 智行,Japanese Communist Party,32909,Tokyo,JP-13-04,official,
Tokyo 4,https://www.soumu.go.jp/senkyo/senkyo_s/data/shugiin50/index.html,https://www.soumu.go.jp/senkyo/senkyo_s/data/shugiin50/index.html,平 将明,Liberal Democratic Party,0,215731,0,215731,,107866,0,first,,,石川 雅俊,Japan Innovation Party,32063,Tokyo,JP-13-04,official,
Tokyo 4,https://www.soumu.go.jp/senkyo/senkyo_s/data/shugiin50/index.html,https://www.soumu.go.jp/senkyo/senkyo_s/data/shugiin50/index.html,平 将明,Liberal Democratic Party,0,215731,0,215731,,107866,0,first,,,塩寺 勇太,Sanseitō,12176,Tokyo,JP-13-04,official,
Tokyo 5,https://www.soumu.go.jp/senkyo/senkyo_s/data/shugiin50/index.html,https://www.soumu.go.jp/senkyo/senkyo_s/data/shugiin50/index.html,手塚 仁雄,Constitutional Democratic Party,0,210832,0,210832,,105417,0,first,,,手塚 仁雄,Constitutional Democratic Party,83016,Tokyo,JP-13-05,official,Candidate totals are the whole-vote figures in the official constituency table. Japan's national party summary separately allocates a very small number of fractional ambiguous ballots. District turnout and invalid-ballot metadata are unavailable.
Tokyo 5,https://www.soumu.go.jp/senkyo/senkyo_s/data/shugiin50/index.html,https://www.soumu.go.jp/senkyo/senkyo_s/data/shugiin50/index.html,手塚 仁雄,Constitutional Democratic Party,0,210832,0,210832,,105417,0,first,,,若宮 健嗣,Liberal Democratic Party,69024,Tokyo,JP-13-05,official,
Tokyo 5,https://www.soumu.go.jp/senkyo/senkyo_s/data/shugiin50/index.html,https://www.soumu.go.jp/senkyo/senkyo_s/data/shugiin50/index.html,手塚 仁雄,Constitutional Democratic Party,0,210832,0,210832,,105417,0,first,,,稲葉 太郎,Japan Innovation Party,36493,Tokyo,JP-13-05,official,
Tokyo 5,https://www.soumu.go.jp/senkyo/senkyo_s/data/shugiin50/index.html,https://www.soumu.go.jp/senkyo/senkyo_s/data/shugiin50/index.html,手塚 仁雄,Constitutional Democratic Party,0,210832,0,210832,,105417,0,first,,,塗木 洋平,Sanseitō,13910,Tokyo,JP-13-05,official,
Tokyo 5,https://www.soumu.go.jp/senkyo/senkyo_s/data/shugiin50/index.html,https://www.soumu.go.jp/senkyo/senkyo_s/data/shugiin50/index.html,手塚 仁雄,Constitutional Democratic Party,0,210832,0,210832,,105417,0,first,,,林 理麻,Independent,5364,Tokyo,JP-13-05,official,
Tokyo 5,https://www.soumu.go.jp/senkyo/senkyo_s/data/shugiin50/index.html,https://www.soumu.go.jp/senkyo/senkyo_s/data/shugiin50/index.html,手塚 仁雄,Constitutional Democratic Party,0,210832,0,210832,,105417,0,first,,,松本 健太,Independent,1889,Tokyo,JP-13-05,official,
Tokyo 5,https://www.soumu.go.jp/senkyo/senkyo_s/data/shugiin50/index.html,https://www.soumu.go.jp/senkyo/senkyo_s/data/shugiin50/index.html,手塚 仁雄,Constitutional Democratic Party,0,210832,0,210832,,105417,0,first,,,福井 健太,Independent,1136,Tokyo,JP-13-05,official,
Tokyo 6,https://www.soumu.go.jp/senkyo/senkyo_s/data/shugiin50/index.html,https://www.soumu.go.jp/senkyo/senkyo_s/data/shugiin50/index.html,落合 貴之,Constitutional Democratic Party,0,226187,0,226187,,113094,0,first,,,落合 貴之,Constitutional Democratic Party,107222,Tokyo,JP-13-06,official,Candidate totals are the whole-vote figures in the official constituency table. Japan's national party summary separately allocates a very small number of fractional ambiguous ballots. District turnout and invalid-ballot metadata are unavailable.
Tokyo 6,https://www.soumu.go.jp/senkyo/senkyo_s/data/shugiin50/index.html,https://www.soumu.go.jp/senkyo/senkyo_s/data/shugiin50/index.html,落合 貴之,Constitutional Democratic Party,0,226187,0,226187,,113094,0,first,,,土屋 美和,Liberal Democratic Party,63899,Tokyo,JP-13-06,official,
Tokyo 6,https://www.soumu.go.jp/senkyo/senkyo_s/data/shugiin50/index.html,https://www.soumu.go.jp/senkyo/senkyo_s/data/shugiin50/index.html,落合 貴之,Constitutional Democratic Party,0,226187,0,226187,,113094,0,first,,,河村 建一,Japan Innovation Party,32887,Tokyo,JP-13-06,official,
Tokyo 6,https://www.soumu.go.jp/senkyo/senkyo_s/data/shugiin50/index.html,https://www.soumu.go.jp/senkyo/senkyo_s/data/shugiin50/index.html,落合 貴之,Constitutional Democratic Party,0,226187,0,226187,,113094,0,first,,,望月 正謹,Sanseitō,22179,Tokyo,JP-13-06,official,
Tokyo 7,https://www.soumu.go.jp/senkyo/senkyo_s/data/shugiin50/index.html,https://www.soumu.go.jp/senkyo/senkyo_s/data/shugiin50/index.html,松尾 明弘,Constitutional Democratic Party,0,205884,0,205884,,102943,0,first,,,松尾 明弘,Constitutional Democratic Party,86252,Tokyo,JP-13-07,official,Candidate totals are the whole-vote figures in the official constituency table. Japan's national party summary separately allocates a very small number of fractional ambiguous ballots. District turnout and invalid-ballot metadata are unavailable.
Tokyo 7,https://www.soumu.go.jp/senkyo/senkyo_s/data/shugiin50/index.html,https://www.soumu.go.jp/senkyo/senkyo_s/data/shugiin50/index.html,松尾 明弘,Constitutional Democratic Party,0,205884,0,205884,,102943,0,first,,,丸川 珠代,Liberal Democratic Party,55848,Tokyo,JP-13-07,official,
Tokyo 7,https://www.soumu.go.jp/senkyo/senkyo_s/data/shugiin50/index.html,https://www.soumu.go.jp/senkyo/senkyo_s/data/shugiin50/index.html,松尾 明弘,Constitutional Democratic Party,0,205884,0,205884,,102943,0,first,,,小野 泰輔,Japan Innovation Party,47196,Tokyo,JP-13-07,official,
Tokyo 7,https://www.soumu.go.jp/senkyo/senkyo_s/data/shugiin50/index.html,https://www.soumu.go.jp/senkyo/senkyo_s/data/shugiin50/index.html,松尾 明弘,Constitutional Democratic Party,0,205884,0,205884,,102943,0,first,,,石川 友梨香,Sanseitō,16588,Tokyo,JP-13-07,official,
Tokyo 8,https://www.soumu.go.jp/senkyo/senkyo_s/data/shugiin50/index.html,https://www.soumu.go.jp/senkyo/senkyo_s/data/shugiin50/index.html,吉田 晴美,Constitutional Democratic Party,0,228041,0,228041,,114021,0,first,,,吉田 晴美,Constitutional Democratic Party,116426,Tokyo,JP-13-08,official,Candidate totals are the whole-vote figures in the official constituency table. Japan's national party summary separately allocates a very small number of fractional ambiguous ballots. District turnout and invalid-ballot metadata are unavailable.
Tokyo 8,https://www.soumu.go.jp/senkyo/senkyo_s/data/shugiin50/index.html,https://www.soumu.go.jp/senkyo/senkyo_s/data/shugiin50/index.html,吉田 晴美,Constitutional Democratic Party,0,228041,0,228041,,114021,0,first,,,門 寛子,Liberal Democratic Party,74963,Tokyo,JP-13-08,official,
Tokyo 8,https://www.soumu.go.jp/senkyo/senkyo_s/data/shugiin50/index.html,https://www.soumu.go.jp/senkyo/senkyo_s/data/shugiin50/index.html,吉田 晴美,Constitutional Democratic Party,0,228041,0,228041,,114021,0,first,,,南北 ちとせ,Japan Innovation Party,20342,Tokyo,JP-13-08,official,
Tokyo 8,https://www.soumu.go.jp/senkyo/senkyo_s/data/shugiin50/index.html,https://www.soumu.go.jp/senkyo/senkyo_s/data/shugiin50/index.html,吉田 晴美,Constitutional Democratic Party,0,228041,0,228041,,114021,0,first,,,大森 紀明,Sanseitō,16310,Tokyo,JP-13-08,official,
Tokyo 9,https://www.soumu.go.jp/senkyo/senkyo_s/data/shugiin50/index.html,https://www.soumu.go.jp/senkyo/senkyo_s/data/shugiin50/index.html,山岸 一生,Constitutional Democratic Party,0,171005,0,171005,,85503,0,first,,,山岸 一生,Constitutional Democratic Party,75474,Tokyo,JP-13-09,official,Candidate totals are the whole-vote figures in the official constituency table. Japan's national party summary separately allocates a very small number of fractional ambiguous ballots. District turnout and invalid-ballot metadata are unavailable.
Tokyo 9,https://www.soumu.go.jp/senkyo/senkyo_s/data/shugiin50/index.html,https://www.soumu.go.jp/senkyo/senkyo_s/data/shugiin50/index.html,山岸 一生,Constitutional Democratic Party,0,171005,0,171005,,85503,0,first,,,菅原 一秀,Independent,64798,Tokyo,JP-13-09,official,
Tokyo 9,https://www.soumu.go.jp/senkyo/senkyo_s/data/shugiin50/index.html,https://www.soumu.go.jp/senkyo/senkyo_s/data/shugiin50/index.html,山岸 一生,Constitutional Democratic Party,0,171005,0,171005,,85503,0,first,,,大河内 茂太,Japan Innovation Party,23488,Tokyo,JP-13-09,official,
Tokyo 9,https://www.soumu.go.jp/senkyo/senkyo_s/data/shugiin50/index.html,https://www.soumu.go.jp/senkyo/senkyo_s/data/shugiin50/index.html,山岸 一生,Constitutional Democratic Party,0,171005,0,171005,,85503,0,first,,,大津 綾香,Minna de Tsukuru Tō,7245,Tokyo,JP-13-09,official,
Tokyo 10,https://www.soumu.go.jp/senkyo/senkyo_s/data/shugiin50/index.html,https://www.soumu.go.jp/senkyo/senkyo_s/data/shugiin50/index.html,鈴木 隼人,Liberal Democratic Party,0,241914,0,241914,,120958,0,first,,,鈴木 隼人,Liberal Democratic Party,93490,Tokyo,JP-13-10,official,Candidate totals are the whole-vote figures in the official constituency table. Japan's national party summary separately allocates a very small number of fractional ambiguous ballots. District turnout and invalid-ballot metadata are unavailable.
Tokyo 10,https://www.soumu.go.jp/senkyo/senkyo_s/data/shugiin50/index.html,https://www.soumu.go.jp/senkyo/senkyo_s/data/shugiin50/index.html,鈴木 隼人,Liberal Democratic Party,0,241914,0,241914,,120958,0,first,,,鈴木 庸介,Constitutional Democratic Party,92899,Tokyo,JP-13-10,official,
Tokyo 10,https://www.soumu.go.jp/senkyo/senkyo_s/data/shugiin50/index.html,https://www.soumu.go.jp/senkyo/senkyo_s/data/shugiin50/index.html,鈴木 隼人,Liberal Democratic Party,0,241914,0,241914,,120958,0,first,,,永野 裕子,Japan Innovation Party,39555,Tokyo,JP-13-10,official,
Tokyo 10,https://www.soumu.go.jp/senkyo/senkyo_s/data/shugiin50/index.html,https://www.soumu.go.jp/senkyo/senkyo_s/data/shugiin50/index.html,鈴木 隼人,Liberal Democratic Party,0,241914,0,241914,,120958,0,first,,,安田 伸,Sanseitō,15970,Tokyo,JP-13-10,official,
Tokyo 11,https://www.soumu.go.jp/senkyo/senkyo_s/data/shugiin50/index.html,https://www.soumu.go.jp/senkyo/senkyo_s/data/shugiin50/index.html,阿久津 幸彦,Constitutional Democratic Party,0,197248,0,197248,,98625,0,first,,,阿久津 幸彦,Constitutional Democratic Party,80947,Tokyo,JP-13-11,official,Candidate totals are the whole-vote figures in the official constituency table. Japan's national party summary separately allocates a very small number of fractional ambiguous ballots. District turnout and invalid-ballot metadata are unavailable.
Tokyo 11,https://www.soumu.go.jp/senkyo/senkyo_s/data/shugiin50/index.html,https://www.soumu.go.jp/senkyo/senkyo_s/data/shugiin50/index.html,阿久津 幸彦,Constitutional Democratic Party,0,197248,0,197248,,98625,0,first,,,下村 博文,Independent,57275,Tokyo,JP-13-11,official,
Tokyo 11,https://www.soumu.go.jp/senkyo/senkyo_s/data/shugiin50/index.html,https://www.soumu.go.jp/senkyo/senkyo_s/data/shugiin50/index.html,阿久津 幸彦,Constitutional Democratic Party,0,197248,0,197248,,98625,0,first,,,大豆生田 実,Japan Innovation Party,33103,Tokyo,JP-13-11,official,
Tokyo 11,https://www.soumu.go.jp/senkyo/senkyo_s/data/shugiin50/index.html,https://www.soumu.go.jp/senkyo/senkyo_s/data/shugiin50/index.html,阿久津 幸彦,Constitutional Democratic Party,0,197248,0,197248,,98625,0,first,,,伊波 政昇,Japanese Communist Party,17607,Tokyo,JP-13-11,official,
Tokyo 11,https://www.soumu.go.jp/senkyo/senkyo_s/data/shugiin50/index.html,https://www.soumu.go.jp/senkyo/senkyo_s/data/shugiin50/index.html,阿久津 幸彦,Constitutional Democratic Party,0,197248,0,197248,,98625,0,first,,,斎藤 孝幸,Independent,8316,Tokyo,JP-13-11,official,
Tokyo 12,https://www.soumu.go.jp/senkyo/senkyo_s/data/shugiin50/index.html,https://www.soumu.go.jp/senkyo/senkyo_s/data/shugiin50/index.html,高木 啓,Liberal Democratic Party,0,207139,0,207139,,103570,0,first,,,高木 啓,Liberal Democratic Party,68878,Tokyo,JP-13-12,official,Candidate totals are the whole-vote figures in the official constituency table. Japan's national party summary separately allocates a very small number of fractional ambiguous ballots. District turnout and invalid-ballot metadata are unavailable.
Tokyo 12,https://www.soumu.go.jp/senkyo/senkyo_s/data/shugiin50/index.html,https://www.soumu.go.jp/senkyo/senkyo_s/data/shugiin50/index.html,高木 啓,Liberal Democratic Party,0,207139,0,207139,,103570,0,first,,,阿部 司,Japan Innovation Party,52233,Tokyo,JP-13-12,official,
Tokyo 12,https://www.soumu.go.jp/senkyo/senkyo_s/data/shugiin50/index.html,https://www.soumu.go.jp/senkyo/senkyo_s/data/shugiin50/index.html,高木 啓,Liberal Democratic Party,0,207139,0,207139,,103570,0,first,,,大熊 利昭,Democratic Party for the People,44524,Tokyo,JP-13-12,official,
Tokyo 12,https://www.soumu.go.jp/senkyo/senkyo_s/data/shugiin50/index.html,https://www.soumu.go.jp/senkyo/senkyo_s/data/shugiin50/index.html,高木 啓,Liberal Democratic Party,0,207139,0,207139,,103570,0,first,,,田原 聖子,Japanese Communist Party,41504,Tokyo,JP-13-12,official,
Tokyo 13,https://www.soumu.go.jp/senkyo/senkyo_s/data/shugiin50/index.html,https://www.soumu.go.jp/senkyo/senkyo_s/data/shugiin50/index.html,土田 慎,Liberal Democratic Party,0,189428,0,189428,,94715,0,first,,,土田 慎,Liberal Democratic Party,75050,Tokyo,JP-13-13,official,Candidate totals are the whole-vote figures in the official constituency table. Japan's national party summary separately allocates a very small number of fractional ambiguous ballots. District turnout and invalid-ballot metadata are unavailable.
Tokyo 13,https://www.soumu.go.jp/senkyo/senkyo_s/data/shugiin50/index.html,https://www.soumu.go.jp/senkyo/senkyo_s/data/shugiin50/index.html,土田 慎,Liberal Democratic Party,0,189428,0,189428,,94715,0,first,,,森 洋介,Democratic Party for the People,58385,Tokyo,JP-13-13,official,
Tokyo 13,https://www.soumu.go.jp/senkyo/senkyo_s/data/shugiin50/index.html,https://www.soumu.go.jp/senkyo/senkyo_s/data/shugiin50/index.html,土田 慎,Liberal Democratic Party,0,189428,0,189428,,94715,0,first,,,沢田 真吾,Japanese Communist Party,29004,Tokyo,JP-13-13,official,
Tokyo 13,https://www.soumu.go.jp/senkyo/senkyo_s/data/shugiin50/index.html,https://www.soumu.go.jp/senkyo/senkyo_s/data/shugiin50/index.html,土田 慎,Liberal Democratic Party,0,189428,0,189428,,94715,0,first,,,重田 惇平,Japan Innovation Party,26989,Tokyo,JP-13-13,official,
Tokyo 14,https://www.soumu.go.jp/senkyo/senkyo_s/data/shugiin50/index.html,https://www.soumu.go.jp/senkyo/senkyo_s/data/shugiin50/index.html,松島 みどり,Liberal Democratic Party,0,208707,0,208707,,104354,0,first,,,松島 みどり,Liberal Democratic Party,75862,Tokyo,JP-13-14,official,Candidate totals are the whole-vote figures in the official constituency table. Japan's national party summary separately allocates a very small number of fractional ambiguous ballots. District turnout and invalid-ballot metadata are unavailable.
Tokyo 14,https://www.soumu.go.jp/senkyo/senkyo_s/data/shugiin50/index.html,https://www.soumu.go.jp/senkyo/senkyo_s/data/shugiin50/index.html,松島 みどり,Liberal Democratic Party,0,208707,0,208707,,104354,0,first,,,伊藤 菜々,Democratic Party for the People,53211,Tokyo,JP-13-14,official,
Tokyo 14,https://www.soumu.go.jp/senkyo/senkyo_s/data/shugiin50/index.html,https://www.soumu.go.jp/senkyo/senkyo_s/data/shugiin50/index.html,松島 みどり,Liberal Democratic Party,0,208707,0,208707,,104354,0,first,,,櫛渕 万里,Reiwa Shinsengumi,25328,Tokyo,JP-13-14,official,
Tokyo 14,https://www.soumu.go.jp/senkyo/senkyo_s/data/shugiin50/index.html,https://www.soumu.go.jp/senkyo/senkyo_s/data/shugiin50/index.html,松島 みどり,Liberal Democratic Party,0,208707,0,208707,,104354,0,first,,,斉藤 佳代,Japan Innovation Party,21628,Tokyo,JP-13-14,official,
Tokyo 14,https://www.soumu.go.jp/senkyo/senkyo_s/data/shugiin50/index.html,https://www.soumu.go.jp/senkyo/senkyo_s/data/shugiin50/index.html,松島 みどり,Liberal Democratic Party,0,208707,0,208707,,104354,0,first,,,原 努,Japanese Communist Party,20987,Tokyo,JP-13-14,official,
Tokyo 14,https://www.soumu.go.jp/senkyo/senkyo_s/data/shugiin50/index.html,https://www.soumu.go.jp/senkyo/senkyo_s/data/shugiin50/index.html,松島 みどり,Liberal Democratic Party,0,208707,0,208707,,104354,0,first,,,大賀 靖郎,Sanseitō,10210,Tokyo,JP-13-14,official,
Tokyo 14,https://www.soumu.go.jp/senkyo/senkyo_s/data/shugiin50/index.html,https://www.soumu.go.jp/senkyo/senkyo_s/data/shugiin50/index.html,松島 みどり,Liberal Democratic Party,0,208707,0,208707,,104354,0,first,,,大塚 紀久雄,Independent,1481,Tokyo,JP-13-14,official,
Tokyo 15,https://www.soumu.go.jp/senkyo/senkyo_s/data/shugiin50/index.html,https://www.soumu.go.jp/senkyo/senkyo_s/data/shugiin50/index.html,酒井 菜摘,Constitutional Democratic Party,0,242719,0,242719,,121360,0,first,,,酒井 菜摘,Constitutional Democratic Party,66791,Tokyo,JP-13-15,official,Candidate totals are the whole-vote figures in the official constituency table. Japan's national party summary separately allocates a very small number of fractional ambiguous ballots. District turnout and invalid-ballot metadata are unavailable.
Tokyo 15,https://www.soumu.go.jp/senkyo/senkyo_s/data/shugiin50/index.html,https://www.soumu.go.jp/senkyo/senkyo_s/data/shugiin50/index.html,酒井 菜摘,Constitutional Democratic Party,0,242719,0,242719,,121360,0,first,,,須藤 元気,Independent,65666,Tokyo,JP-13-15,official,
Tokyo 15,https://www.soumu.go.jp/senkyo/senkyo_s/data/shugiin50/index.html,https://www.soumu.go.jp/senkyo/senkyo_s/data/shugiin50/index.html,酒井 菜摘,Constitutional Democratic Party,0,242719,0,242719,,121360,0,first,,,大空 幸星,Liberal Democratic Party,62771,Tokyo,JP-13-15,official,
Tokyo 15,https://www.soumu.go.jp/senkyo/senkyo_s/data/shugiin50/index.html,https://www.soumu.go.jp/senkyo/senkyo_s/data/shugiin50/index.html,酒井 菜摘,Constitutional Democratic Party,0,242719,0,242719,,121360,0,first,,,金澤 結衣,Independent,32442,Tokyo,JP-13-15,official,
Tokyo 15,https://www.soumu.go.jp/senkyo/senkyo_s/data/shugiin50/index.html,https://www.soumu.go.jp/senkyo/senkyo_s/data/shugiin50/index.html,酒井 菜摘,Constitutional Democratic Party,0,242719,0,242719,,121360,0,first,,,小堤 東,Japanese Communist Party,15049,Tokyo,JP-13-15,official,
Tokyo 16,https://www.soumu.go.jp/senkyo/senkyo_s/data/shugiin50/index.html,https://www.soumu.go.jp/senkyo/senkyo_s/data/shugiin50/index.html,大西 洋平,Liberal Democratic Party,0,192080,0,192080,,96041,0,first,,,大西 洋平,Liberal Democratic Party,71728,Tokyo,JP-13-16,official,Candidate totals are the whole-vote figures in the official constituency table. Japan's national party summary separately allocates a very small number of fractional ambiguous ballots. District turnout and invalid-ballot metadata are unavailable.
Tokyo 16,https://www.soumu.go.jp/senkyo/senkyo_s/data/shugiin50/index.html,https://www.soumu.go.jp/senkyo/senkyo_s/data/shugiin50/index.html,大西 洋平,Liberal Democratic Party,0,192080,0,192080,,96041,0,first,,,柴田 勝之,Constitutional Democratic Party,60714,Tokyo,JP-13-16,official,
Tokyo 16,https://www.soumu.go.jp/senkyo/senkyo_s/data/shugiin50/index.html,https://www.soumu.go.jp/senkyo/senkyo_s/data/shugiin50/index.html,大西 洋平,Liberal Democratic Party,0,192080,0,192080,,96041,0,first,,,中津川 博郷,Japan Innovation Party,28538,Tokyo,JP-13-16,official,
Tokyo 16,https://www.soumu.go.jp/senkyo/senkyo_s/data/shugiin50/index.html,https://www.soumu.go.jp/senkyo/senkyo_s/data/shugiin50/index.html,大西 洋平,Liberal Democratic Party,0,192080,0,192080,,96041,0,first,,,有田 正寿,Sanseitō,16636,Tokyo,JP-13-16,official,
Tokyo 16,https://www.soumu.go.jp/senkyo/senkyo_s/data/shugiin50/index.html,https://www.soumu.go.jp/senkyo/senkyo_s/data/shugiin50/index.html,大西 洋平,Liberal Democratic Party,0,192080,0,192080,,96041,0,first,,,宮本 栄,Japanese Communist Party,14464,Tokyo,JP-13-16,official,
Tokyo 17,https://www.soumu.go.jp/senkyo/senkyo_s/data/shugiin50/index.html,https://www.soumu.go.jp/senkyo/senkyo_s/data/shugiin50/index.html,平沢 勝栄,Independent,0,185454,0,185454,,92728,0,first,,,平沢 勝栄,Independent,64495,Tokyo,JP-13-17,official,Candidate totals are the whole-vote figures in the official constituency table. Japan's national party summary separately allocates a very small number of fractional ambiguous ballots. District turnout and invalid-ballot metadata are unavailable.
Tokyo 17,https://www.soumu.go.jp/senkyo/senkyo_s/data/shugiin50/index.html,https://www.soumu.go.jp/senkyo/senkyo_s/data/shugiin50/index.html,平沢 勝栄,Independent,0,185454,0,185454,,92728,0,first,,,円 より子,Democratic Party for the People,51975,Tokyo,JP-13-17,official,
Tokyo 17,https://www.soumu.go.jp/senkyo/senkyo_s/data/shugiin50/index.html,https://www.soumu.go.jp/senkyo/senkyo_s/data/shugiin50/index.html,平沢 勝栄,Independent,0,185454,0,185454,,92728,0,first,,,猪口 幸子,Japan Innovation Party,42420,Tokyo,JP-13-17,official,
Tokyo 17,https://www.soumu.go.jp/senkyo/senkyo_s/data/shugiin50/index.html,https://www.soumu.go.jp/senkyo/senkyo_s/data/shugiin50/index.html,平沢 勝栄,Independent,0,185454,0,185454,,92728,0,first,,,新井 杉生,Japanese Communist Party,26564,Tokyo,JP-13-17,official,
Tokyo 18,https://www.soumu.go.jp/senkyo/senkyo_s/data/shugiin50/index.html,https://www.soumu.go.jp/senkyo/senkyo_s/data/shugiin50/index.html,福田 かおる,Liberal Democratic Party,0,233830,0,233830,,116916,0,first,,,福田 かおる,Liberal Democratic Party,99002,Tokyo,JP-13-18,official,Candidate totals are the whole-vote figures in the official constituency table. Japan's national party summary separately allocates a very small number of fractional ambiguous ballots. District turnout and invalid-ballot metadata are unavailable.
Tokyo 18,https://www.soumu.go.jp/senkyo/senkyo_s/data/shugiin50/index.html,https://www.soumu.go.jp/senkyo/senkyo_s/data/shugiin50/index.html,福田 かおる,Liberal Democratic Party,0,233830,0,233830,,116916,0,first,,,松下 玲子,Constitutional Democratic Party,96820,Tokyo,JP-13-18,official,
Tokyo 18,https://www.soumu.go.jp/senkyo/senkyo_s/data/shugiin50/index.html,https://www.soumu.go.jp/senkyo/senkyo_s/data/shugiin50/index.html,福田 かおる,Liberal Democratic Party,0,233830,0,233830,,116916,0,first,,,徳永 由紀子,Sanseitō,19496,Tokyo,JP-13-18,official,
Tokyo 18,https://www.soumu.go.jp/senkyo/senkyo_s/data/shugiin50/index.html,https://www.soumu.go.jp/senkyo/senkyo_s/data/shugiin50/index.html,福田 かおる,Liberal Democratic Party,0,233830,0,233830,,116916,0,first,,,樋口 亮,Japanese Communist Party,18512,Tokyo,JP-13-18,official,
Tokyo 19,https://www.soumu.go.jp/senkyo/senkyo_s/data/shugiin50/index.html,https://www.soumu.go.jp/senkyo/senkyo_s/data/shugiin50/index.html,末松 義規,Constitutional Democratic Party,0,195040,0,195040,,97521,0,first,,,末松 義規,Constitutional Democratic Party,76899,Tokyo,JP-13-19,official,Candidate totals are the whole-vote figures in the official constituency table. Japan's national party summary separately allocates a very small number of fractional ambiguous ballots. District turnout and invalid-ballot metadata are unavailable.
Tokyo 19,https://www.soumu.go.jp/senkyo/senkyo_s/data/shugiin50/index.html,https://www.soumu.go.jp/senkyo/senkyo_s/data/shugiin50/index.html,末松 義規,Constitutional Democratic Party,0,195040,0,195040,,97521,0,first,,,松本 洋平,Liberal Democratic Party,74435,Tokyo,JP-13-19,official,
Tokyo 19,https://www.soumu.go.jp/senkyo/senkyo_s/data/shugiin50/index.html,https://www.soumu.go.jp/senkyo/senkyo_s/data/shugiin50/index.html,末松 義規,Constitutional Democratic Party,0,195040,0,195040,,97521,0,first,,,吉田 圭一郎,Japan Innovation Party,23289,Tokyo,JP-13-19,official,
Tokyo 19,https://www.soumu.go.jp/senkyo/senkyo_s/data/shugiin50/index.html,https://www.soumu.go.jp/senkyo/senkyo_s/data/shugiin50/index.html,末松 義規,Constitutional Democratic Party,0,195040,0,195040,,97521,0,first,,,井手重 美津子,Japanese Communist Party,20417,Tokyo,JP-13-19,official,
Tokyo 20,https://www.soumu.go.jp/senkyo/senkyo_s/data/shugiin50/index.html,https://www.soumu.go.jp/senkyo/senkyo_s/data/shugiin50/index.html,木原 誠二,Liberal Democratic Party,0,217040,0,217040,,108521,0,first,,,木原 誠二,Liberal Democratic Party,93390,Tokyo,JP-13-20,official,Candidate totals are the whole-vote figures in the official constituency table. Japan's national party summary separately allocates a very small number of fractional ambiguous ballots. District turnout and invalid-ballot metadata are unavailable.
Tokyo 20,https://www.soumu.go.jp/senkyo/senkyo_s/data/shugiin50/index.html,https://www.soumu.go.jp/senkyo/senkyo_s/data/shugiin50/index.html,木原 誠二,Liberal Democratic Party,0,217040,0,217040,,108521,0,first,,,大西 健太郎,Democratic Party for the People,65435,Tokyo,JP-13-20,official,
Tokyo 20,https://www.soumu.go.jp/senkyo/senkyo_s/data/shugiin50/index.html,https://www.soumu.go.jp/senkyo/senkyo_s/data/shugiin50/index.html,木原 誠二,Liberal Democratic Party,0,217040,0,217040,,108521,0,first,,,宮本 徹,Japanese Communist Party,58215,Tokyo,JP-13-20,official,
Tokyo 21,https://www.soumu.go.jp/senkyo/senkyo_s/data/shugiin50/index.html,https://www.soumu.go.jp/senkyo/senkyo_s/data/shugiin50/index.html,大河原 雅子,Constitutional Democratic Party,0,215298,0,215298,,107650,0,first,,,大河原 雅子,Constitutional Democratic Party,90724,Tokyo,JP-13-21,official,Candidate totals are the whole-vote figures in the official constituency table. Japan's national party summary separately allocates a very small number of fractional ambiguous ballots. District turnout and invalid-ballot metadata are unavailable.
Tokyo 21,https://www.soumu.go.jp/senkyo/senkyo_s/data/shugiin50/index.html,https://www.soumu.go.jp/senkyo/senkyo_s/data/shugiin50/index.html,大河原 雅子,Constitutional Democratic Party,0,215298,0,215298,,107650,0,first,,,小田原 潔,Independent,69421,Tokyo,JP-13-21,official,
Tokyo 21,https://www.soumu.go.jp/senkyo/senkyo_s/data/shugiin50/index.html,https://www.soumu.go.jp/senkyo/senkyo_s/data/shugiin50/index.html,大河原 雅子,Constitutional Democratic Party,0,215298,0,215298,,107650,0,first,,,山下 容子,Japan Innovation Party,36642,Tokyo,JP-13-21,official,
Tokyo 21,https://www.soumu.go.jp/senkyo/senkyo_s/data/shugiin50/index.html,https://www.soumu.go.jp/senkyo/senkyo_s/data/shugiin50/index.html,大河原 雅子,Constitutional Democratic Party,0,215298,0,215298,,107650,0,first,,,森 裕一,Sanseitō,18511,Tokyo,JP-13-21,official,
Tokyo 22,https://www.soumu.go.jp/senkyo/senkyo_s/data/shugiin50/index.html,https://www.soumu.go.jp/senkyo/senkyo_s/data/shugiin50/index.html,山花 郁夫,Constitutional Democratic Party,0,247996,0,247996,,123999,0,first,,,山花 郁夫,Constitutional Democratic Party,99790,Tokyo,JP-13-22,official,Candidate totals are the whole-vote figures in the official constituency table. Japan's national party summary separately allocates a very small number of fractional ambiguous ballots. District turnout and invalid-ballot metadata are unavailable.
Tokyo 22,https://www.soumu.go.jp/senkyo/senkyo_s/data/shugiin50/index.html,https://www.soumu.go.jp/senkyo/senkyo_s/data/shugiin50/index.html,山花 郁夫,Constitutional Democratic Party,0,247996,0,247996,,123999,0,first,,,伊藤 達也,Liberal Democratic Party,96748,Tokyo,JP-13-22,official,
Tokyo 22,https://www.soumu.go.jp/senkyo/senkyo_s/data/shugiin50/index.html,https://www.soumu.go.jp/senkyo/senkyo_s/data/shugiin50/index.html,山花 郁夫,Constitutional Democratic Party,0,247996,0,247996,,123999,0,first,,,鈴木 美香,Sanseitō,26005,Tokyo,JP-13-22,official,
Tokyo 22,https://www.soumu.go.jp/senkyo/senkyo_s/data/shugiin50/index.html,https://www.soumu.go.jp/senkyo/senkyo_s/data/shugiin50/index.html,山花 郁夫,Constitutional Democratic Party,0,247996,0,247996,,123999,0,first,,,平野 義尚,Japanese Communist Party,25453,Tokyo,JP-13-22,official,
Tokyo 23,https://www.soumu.go.jp/senkyo/senkyo_s/data/shugiin50/index.html,https://www.soumu.go.jp/senkyo/senkyo_s/data/shugiin50/index.html,伊藤 俊輔,Constitutional Democratic Party,0,189480,0,189480,,94741,0,first,,,伊藤 俊輔,Constitutional Democratic Party,111851,Tokyo,JP-13-23,official,Candidate totals are the whole-vote figures in the official constituency table. Japan's national party summary separately allocates a very small number of fractional ambiguous ballots. District turnout and invalid-ballot metadata are unavailable.
Tokyo 23,https://www.soumu.go.jp/senkyo/senkyo_s/data/shugiin50/index.html,https://www.soumu.go.jp/senkyo/senkyo_s/data/shugiin50/index.html,伊藤 俊輔,Constitutional Democratic Party,0,189480,0,189480,,94741,0,first,,,吉原 修,Liberal Democratic Party,71154,Tokyo,JP-13-23,official,
Tokyo 23,https://www.soumu.go.jp/senkyo/senkyo_s/data/shugiin50/index.html,https://www.soumu.go.jp/senkyo/senkyo_s/data/shugiin50/index.html,伊藤 俊輔,Constitutional Democratic Party,0,189480,0,189480,,94741,0,first,,,ＡＩメイヤー,Minna de Tsukuru Tō,6475,Tokyo,JP-13-23,official,
Tokyo 24,https://www.soumu.go.jp/senkyo/senkyo_s/data/shugiin50/index.html,https://www.soumu.go.jp/senkyo/senkyo_s/data/shugiin50/index.html,萩生田 光一,Independent,0,204982,0,204982,,102492,0,first,,,萩生田 光一,Independent,79216,Tokyo,JP-13-24,official,Candidate totals are the whole-vote figures in the official constituency table. Japan's national party summary separately allocates a very small number of fractional ambiguous ballots. District turnout and invalid-ballot metadata are unavailable.
Tokyo 24,https://www.soumu.go.jp/senkyo/senkyo_s/data/shugiin50/index.html,https://www.soumu.go.jp/senkyo/senkyo_s/data/shugiin50/index.html,萩生田 光一,Independent,0,204982,0,204982,,102492,0,first,,,有田 芳生,Constitutional Democratic Party,71683,Tokyo,JP-13-24,official,
Tokyo 24,https://www.soumu.go.jp/senkyo/senkyo_s/data/shugiin50/index.html,https://www.soumu.go.jp/senkyo/senkyo_s/data/shugiin50/index.html,萩生田 光一,Independent,0,204982,0,204982,,102492,0,first,,,浦川 祐輔,Democratic Party for the People,24653,Tokyo,JP-13-24,official,
Tokyo 24,https://www.soumu.go.jp/senkyo/senkyo_s/data/shugiin50/index.html,https://www.soumu.go.jp/senkyo/senkyo_s/data/shugiin50/index.html,萩生田 光一,Independent,0,204982,0,204982,,102492,0,first,,,佐藤 由美,Japan Innovation Party,18501,Tokyo,JP-13-24,official,
Tokyo 24,https://www.soumu.go.jp/senkyo/senkyo_s/data/shugiin50/index.html,https://www.soumu.go.jp/senkyo/senkyo_s/data/shugiin50/index.html,萩生田 光一,Independent,0,204982,0,204982,,102492,0,first,,,與倉 さゆり,Sanseitō,8678,Tokyo,JP-13-24,official,
Tokyo 24,https://www.soumu.go.jp/senkyo/senkyo_s/data/shugiin50/index.html,https://www.soumu.go.jp/senkyo/senkyo_s/data/shugiin50/index.html,萩生田 光一,Independent,0,204982,0,204982,,102492,0,first,,,畑尻 文夫,Independent,2251,Tokyo,JP-13-24,official,
Tokyo 25,https://www.soumu.go.jp/senkyo/senkyo_s/data/shugiin50/index.html,https://www.soumu.go.jp/senkyo/senkyo_s/data/shugiin50/index.html,井上 信治,Liberal Democratic Party,0,208070,0,208070,,104036,0,first,,,井上 信治,Liberal Democratic Party,110488,Tokyo,JP-13-25,official,Candidate totals are the whole-vote figures in the official constituency table. Japan's national party summary separately allocates a very small number of fractional ambiguous ballots. District turnout and invalid-ballot metadata are unavailable.
Tokyo 25,https://www.soumu.go.jp/senkyo/senkyo_s/data/shugiin50/index.html,https://www.soumu.go.jp/senkyo/senkyo_s/data/shugiin50/index.html,井上 信治,Liberal Democratic Party,0,208070,0,208070,,104036,0,first,,,宮崎 太朗,Japan Innovation Party,41080,Tokyo,JP-13-25,official,
Tokyo 25,https://www.soumu.go.jp/senkyo/senkyo_s/data/shugiin50/index.html,https://www.soumu.go.jp/senkyo/senkyo_s/data/shugiin50/index.html,井上 信治,Liberal Democratic Party,0,208070,0,208070,,104036,0,first,,,依田 花蓮,Reiwa Shinsengumi,29179,Tokyo,JP-13-25,official,
Tokyo 25,https://www.soumu.go.jp/senkyo/senkyo_s/data/shugiin50/index.html,https://www.soumu.go.jp/senkyo/senkyo_s/data/shugiin50/index.html,井上 信治,Liberal Democratic Party,0,208070,0,208070,,104036,0,first,,,池田 公三,Japanese Communist Party,27323,Tokyo,JP-13-25,official,
Tokyo 26,https://www.soumu.go.jp/senkyo/senkyo_s/data/shugiin50/index.html,https://www.soumu.go.jp/senkyo/senkyo_s/data/shugiin50/index.html,松原 仁,Independent,0,237413,0,237413,,118707,0,first,,,松原 仁,Independent,108174,Tokyo,JP-13-26,official,Candidate totals are the whole-vote figures in the official constituency table. Japan's national party summary separately allocates a very small number of fractional ambiguous ballots. District turnout and invalid-ballot metadata are unavailable.
Tokyo 26,https://www.soumu.go.jp/senkyo/senkyo_s/data/shugiin50/index.html,https://www.soumu.go.jp/senkyo/senkyo_s/data/shugiin50/index.html,松原 仁,Independent,0,237413,0,237413,,118707,0,first,,,今岡 植,Liberal Democratic Party,68568,Tokyo,JP-13-26,official,
Tokyo 26,https://www.soumu.go.jp/senkyo/senkyo_s/data/shugiin50/index.html,https://www.soumu.go.jp/senkyo/senkyo_s/data/shugiin50/index.html,松原 仁,Independent,0,237413,0,237413,,118707,0,first,,,和田 正子,Japanese Communist Party,28819,Tokyo,JP-13-26,official,
Tokyo 26,https://www.soumu.go.jp/senkyo/senkyo_s/data/shugiin50/index.html,https://www.soumu.go.jp/senkyo/senkyo_s/data/shugiin50/index.html,松原 仁,Independent,0,237413,0,237413,,118707,0,first,,,藤田 久美,Sanseitō,17250,Tokyo,JP-13-26,official,
Tokyo 26,https://www.soumu.go.jp/senkyo/senkyo_s/data/shugiin50/index.html,https://www.soumu.go.jp/senkyo/senkyo_s/data/shugiin50/index.html,松原 仁,Independent,0,237413,0,237413,,118707,0,first,,,田淵 正文,Independent,14602,Tokyo,JP-13-26,official,
Tokyo 27,https://www.soumu.go.jp/senkyo/senkyo_s/data/shugiin50/index.html,https://www.soumu.go.jp/senkyo/senkyo_s/data/shugiin50/index.html,長妻 昭,Constitutional Democratic Party,0,205829,0,205829,,102915,0,first,,,長妻 昭,Constitutional Democratic Party,112388,Tokyo,JP-13-27,official,Candidate totals are the whole-vote figures in the official constituency table. Japan's national party summary separately allocates a very small number of fractional ambiguous ballots. District turnout and invalid-ballot metadata are unavailable.
Tokyo 27,https://www.soumu.go.jp/senkyo/senkyo_s/data/shugiin50/index.html,https://www.soumu.go.jp/senkyo/senkyo_s/data/shugiin50/index.html,長妻 昭,Constitutional Democratic Party,0,205829,0,205829,,102915,0,first,,,黒崎 祐一,Liberal Democratic Party,59952,Tokyo,JP-13-27,official,
Tokyo 27,https://www.soumu.go.jp/senkyo/senkyo_s/data/shugiin50/index.html,https://www.soumu.go.jp/senkyo/senkyo_s/data/shugiin50/index.html,長妻 昭,Constitutional Democratic Party,0,205829,0,205829,,102915,0,first,,,石川 芽生子,Sanseitō,22947,Tokyo,JP-13-27,official,
Tokyo 27,https://www.soumu.go.jp/senkyo/senkyo_s/data/shugiin50/index.html,https://www.soumu.go.jp/senkyo/senkyo_s/data/shugiin50/index.html,長妻 昭,Constitutional Democratic Party,0,205829,0,205829,,102915,0,first,,,石倉 弘次郎,Independent,10542,Tokyo,JP-13-27,official,
Tokyo 28,https://www.soumu.go.jp/senkyo/senkyo_s/data/shugiin50/index.html,https://www.soumu.go.jp/senkyo/senkyo_s/data/shugiin50/index.html,高松 智之,Constitutional Democratic Party,0,173829,0,173829,,86915,0,first,,,高松 智之,Constitutional Democratic Party,50626,Tokyo,JP-13-28,official,Candidate totals are the whole-vote figures in the official constituency table. Japan's national party summary separately allocates a very small number of fractional ambiguous ballots. District turnout and invalid-ballot metadata are unavailable.
Tokyo 28,https://www.soumu.go.jp/senkyo/senkyo_s/data/shugiin50/index.html,https://www.soumu.go.jp/senkyo/senkyo_s/data/shugiin50/index.html,高松 智之,Constitutional Democratic Party,0,173829,0,173829,,86915,0,first,,,安藤 高夫,Liberal Democratic Party,50290,Tokyo,JP-13-28,official,
Tokyo 28,https://www.soumu.go.jp/senkyo/senkyo_s/data/shugiin50/index.html,https://www.soumu.go.jp/senkyo/senkyo_s/data/shugiin50/index.html,高松 智之,Constitutional Democratic Party,0,173829,0,173829,,86915,0,first,,,奥村 祥大,Democratic Party for the People,34930,Tokyo,JP-13-28,official,
Tokyo 28,https://www.soumu.go.jp/senkyo/senkyo_s/data/shugiin50/index.html,https://www.soumu.go.jp/senkyo/senkyo_s/data/shugiin50/index.html,高松 智之,Constitutional Democratic Party,0,173829,0,173829,,86915,0,first,,,高野 直美,Japanese Communist Party,14530,Tokyo,JP-13-28,official,
Tokyo 28,https://www.soumu.go.jp/senkyo/senkyo_s/data/shugiin50/index.html,https://www.soumu.go.jp/senkyo/senkyo_s/data/shugiin50/index.html,高松 智之,Constitutional Democratic Party,0,173829,0,173829,,86915,0,first,,,藤川 隆史,Japan Innovation Party,12344,Tokyo,JP-13-28,official,
Tokyo 28,https://www.soumu.go.jp/senkyo/senkyo_s/data/shugiin50/index.html,https://www.soumu.go.jp/senkyo/senkyo_s/data/shugiin50/index.html,高松 智之,Constitutional Democratic Party,0,173829,0,173829,,86915,0,first,,,江崎 早苗,Sanseitō,11109,Tokyo,JP-13-28,official,
Tokyo 29,https://www.soumu.go.jp/senkyo/senkyo_s/data/shugiin50/index.html,https://www.soumu.go.jp/senkyo/senkyo_s/data/shugiin50/index.html,岡本 三成,Komeito,0,180895,0,180895,,90448,0,first,,,岡本 三成,Komeito,60100,Tokyo,JP-13-29,official,Candidate totals are the whole-vote figures in the official constituency table. Japan's national party summary separately allocates a very small number of fractional ambiguous ballots. District turnout and invalid-ballot metadata are unavailable.
Tokyo 29,https://www.soumu.go.jp/senkyo/senkyo_s/data/shugiin50/index.html,https://www.soumu.go.jp/senkyo/senkyo_s/data/shugiin50/index.html,岡本 三成,Komeito,0,180895,0,180895,,90448,0,first,,,木村 剛司,Constitutional Democratic Party,47996,Tokyo,JP-13-29,official,
Tokyo 29,https://www.soumu.go.jp/senkyo/senkyo_s/data/shugiin50/index.html,https://www.soumu.go.jp/senkyo/senkyo_s/data/shugiin50/index.html,岡本 三成,Komeito,0,180895,0,180895,,90448,0,first,,,樽井 良和,Democratic Party for the People,31367,Tokyo,JP-13-29,official,
Tokyo 29,https://www.soumu.go.jp/senkyo/senkyo_s/data/shugiin50/index.html,https://www.soumu.go.jp/senkyo/senkyo_s/data/shugiin50/index.html,岡本 三成,Komeito,0,180895,0,180895,,90448,0,first,,,海老澤 由紀,Japan Innovation Party,24107,Tokyo,JP-13-29,official,
Tokyo 29,https://www.soumu.go.jp/senkyo/senkyo_s/data/shugiin50/index.html,https://www.soumu.go.jp/senkyo/senkyo_s/data/shugiin50/index.html,岡本 三成,Komeito,0,180895,0,180895,,90448,0,first,,,鈴木 賢一,Japanese Communist Party,17325,Tokyo,JP-13-29,official,
Tokyo 30,https://www.soumu.go.jp/senkyo/senkyo_s/data/shugiin50/index.html,https://www.soumu.go.jp/senkyo/senkyo_s/data/shugiin50/index.html,五十嵐 衣里,Constitutional Democratic Party,0,233833,0,233833,,116917,0,first,,,五十嵐 衣里,Constitutional Democratic Party,98146,Tokyo,JP-13-30,official,Candidate totals are the whole-vote figures in the official constituency table. Japan's national party summary separately allocates a very small number of fractional ambiguous ballots. District turnout and invalid-ballot metadata are unavailable.
Tokyo 30,https://www.soumu.go.jp/senkyo/senkyo_s/data/shugiin50/index.html,https://www.soumu.go.jp/senkyo/senkyo_s/data/shugiin50/index.html,五十嵐 衣里,Constitutional Democratic Party,0,233833,0,233833,,116917,0,first,,,長島 昭久,Liberal Democratic Party,91798,Tokyo,JP-13-30,official,
Tokyo 30,https://www.soumu.go.jp/senkyo/senkyo_s/data/shugiin50/index.html,https://www.soumu.go.jp/senkyo/senkyo_s/data/shugiin50/index.html,五十嵐 衣里,Constitutional Democratic Party,0,233833,0,233833,,116917,0,first,,,早川 寛,Japanese Communist Party,19061,Tokyo,JP-13-30,official,
Tokyo 30,https://www.soumu.go.jp/senkyo/senkyo_s/data/shugiin50/index.html,https://www.soumu.go.jp/senkyo/senkyo_s/data/shugiin50/index.html,五十嵐 衣里,Constitutional Democratic Party,0,233833,0,233833,,116917,0,first,,,武田 祐一郎,Sanseitō,17013,Tokyo,JP-13-30,official,
Tokyo 30,https://www.soumu.go.jp/senkyo/senkyo_s/data/shugiin50/index.html,https://www.soumu.go.jp/senkyo/senkyo_s/data/shugiin50/index.html,五十嵐 衣里,Constitutional Democratic Party,0,233833,0,233833,,116917,0,first,,,三井 健,Minna de Tsukuru Tō,7815,Tokyo,JP-13-30,official,
Kanagawa 1,https://www.soumu.go.jp/senkyo/senkyo_s/data/shugiin50/index.html,https://www.soumu.go.jp/senkyo/senkyo_s/data/shugiin50/index.html,篠原 豪,Constitutional Democratic Party,0,223263,0,223263,,111632,0,first,,,篠原 豪,Constitutional Democratic Party,91809,Kanagawa,JP-14-01,official,Candidate totals are the whole-vote figures in the official constituency table. Japan's national party summary separately allocates a very small number of fractional ambiguous ballots. District turnout and invalid-ballot metadata are unavailable.
Kanagawa 1,https://www.soumu.go.jp/senkyo/senkyo_s/data/shugiin50/index.html,https://www.soumu.go.jp/senkyo/senkyo_s/data/shugiin50/index.html,篠原 豪,Constitutional Democratic Party,0,223263,0,223263,,111632,0,first,,,松本 純,Liberal Democratic Party,68931,Kanagawa,JP-14-01,official,
Kanagawa 1,https://www.soumu.go.jp/senkyo/senkyo_s/data/shugiin50/index.html,https://www.soumu.go.jp/senkyo/senkyo_s/data/shugiin50/index.html,篠原 豪,Constitutional Democratic Party,0,223263,0,223263,,111632,0,first,,,浅川 義治,Japan Innovation Party,28841,Kanagawa,JP-14-01,official,
Kanagawa 1,https://www.soumu.go.jp/senkyo/senkyo_s/data/shugiin50/index.html,https://www.soumu.go.jp/senkyo/senkyo_s/data/shugiin50/index.html,篠原 豪,Constitutional Democratic Party,0,223263,0,223263,,111632,0,first,,,伊東 万美子,Sanseitō,20110,Kanagawa,JP-14-01,official,
Kanagawa 1,https://www.soumu.go.jp/senkyo/senkyo_s/data/shugiin50/index.html,https://www.soumu.go.jp/senkyo/senkyo_s/data/shugiin50/index.html,篠原 豪,Constitutional Democratic Party,0,223263,0,223263,,111632,0,first,,,蓮池 幸雄,Japanese Communist Party,13572,Kanagawa,JP-14-01,official,
Kanagawa 2,https://www.soumu.go.jp/senkyo/senkyo_s/data/shugiin50/index.html,https://www.soumu.go.jp/senkyo/senkyo_s/data/shugiin50/index.html,菅 義偉,Liberal Democratic Party,0,229158,0,229158,,114580,0,first,,,菅 義偉,Liberal Democratic Party,119548,Kanagawa,JP-14-02,official,Candidate totals are the whole-vote figures in the official constituency table. Japan's national party summary separately allocates a very small number of fractional ambiguous ballots. District turnout and invalid-ballot metadata are unavailable.
Kanagawa 2,https://www.soumu.go.jp/senkyo/senkyo_s/data/shugiin50/index.html,https://www.soumu.go.jp/senkyo/senkyo_s/data/shugiin50/index.html,菅 義偉,Liberal Democratic Party,0,229158,0,229158,,114580,0,first,,,柳家 東三楼,Constitutional Democratic Party,47222,Kanagawa,JP-14-02,official,
Kanagawa 2,https://www.soumu.go.jp/senkyo/senkyo_s/data/shugiin50/index.html,https://www.soumu.go.jp/senkyo/senkyo_s/data/shugiin50/index.html,菅 義偉,Liberal Democratic Party,0,229158,0,229158,,114580,0,first,,,三好 諒,Reiwa Shinsengumi,27535,Kanagawa,JP-14-02,official,
Kanagawa 2,https://www.soumu.go.jp/senkyo/senkyo_s/data/shugiin50/index.html,https://www.soumu.go.jp/senkyo/senkyo_s/data/shugiin50/index.html,菅 義偉,Liberal Democratic Party,0,229158,0,229158,,114580,0,first,,,並木 まり子,Japanese Communist Party,19538,Kanagawa,JP-14-02,official,
Kanagawa 2,https://www.soumu.go.jp/senkyo/senkyo_s/data/shugiin50/index.html,https://www.soumu.go.jp/senkyo/senkyo_s/data/shugiin50/index.html,菅 義偉,Liberal Democratic Party,0,229158,0,229158,,114580,0,first,,,平本 幸次郎,Sanseitō,15315,Kanagawa,JP-14-02,official,
Kanagawa 3,https://www.soumu.go.jp/senkyo/senkyo_s/data/shugiin50/index.html,https://www.soumu.go.jp/senkyo/senkyo_s/data/shugiin50/index.html,中西 健治,Liberal Democratic Party,0,227222,0,227222,,113612,0,first,,,中西 健治,Liberal Democratic Party,92125,Kanagawa,JP-14-03,official,Candidate totals are the whole-vote figures in the official constituency table. Japan's national party summary separately allocates a very small number of fractional ambiguous ballots. District turnout and invalid-ballot metadata are unavailable.
Kanagawa 3,https://www.soumu.go.jp/senkyo/senkyo_s/data/shugiin50/index.html,https://www.soumu.go.jp/senkyo/senkyo_s/data/shugiin50/index.html,中西 健治,Liberal Democratic Party,0,227222,0,227222,,113612,0,first,,,中村 武人,Constitutional Democratic Party,71464,Kanagawa,JP-14-03,official,
Kanagawa 3,https://www.soumu.go.jp/senkyo/senkyo_s/data/shugiin50/index.html,https://www.soumu.go.jp/senkyo/senkyo_s/data/shugiin50/index.html,中西 健治,Liberal Democratic Party,0,227222,0,227222,,113612,0,first,,,佐藤 香,Japan Innovation Party,26622,Kanagawa,JP-14-03,official,
Kanagawa 3,https://www.soumu.go.jp/senkyo/senkyo_s/data/shugiin50/index.html,https://www.soumu.go.jp/senkyo/senkyo_s/data/shugiin50/index.html,中西 健治,Liberal Democratic Party,0,227222,0,227222,,113612,0,first,,,内田 恵美子,Sanseitō,18866,Kanagawa,JP-14-03,official,
Kanagawa 3,https://www.soumu.go.jp/senkyo/senkyo_s/data/shugiin50/index.html,https://www.soumu.go.jp/senkyo/senkyo_s/data/shugiin50/index.html,中西 健治,Liberal Democratic Party,0,227222,0,227222,,113612,0,first,,,横山 征吾,Japanese Communist Party,18145,Kanagawa,JP-14-03,official,
Kanagawa 4,https://www.soumu.go.jp/senkyo/senkyo_s/data/shugiin50/index.html,https://www.soumu.go.jp/senkyo/senkyo_s/data/shugiin50/index.html,早稲田 夕季,Constitutional Democratic Party,0,188219,0,188219,,94110,0,first,,,早稲田 夕季,Constitutional Democratic Party,96874,Kanagawa,JP-14-04,official,Candidate totals are the whole-vote figures in the official constituency table. Japan's national party summary separately allocates a very small number of fractional ambiguous ballots. District turnout and invalid-ballot metadata are unavailable.
Kanagawa 4,https://www.soumu.go.jp/senkyo/senkyo_s/data/shugiin50/index.html,https://www.soumu.go.jp/senkyo/senkyo_s/data/shugiin50/index.html,早稲田 夕季,Constitutional Democratic Party,0,188219,0,188219,,94110,0,first,,,山本 朋広,Liberal Democratic Party,44016,Kanagawa,JP-14-04,official,
Kanagawa 4,https://www.soumu.go.jp/senkyo/senkyo_s/data/shugiin50/index.html,https://www.soumu.go.jp/senkyo/senkyo_s/data/shugiin50/index.html,早稲田 夕季,Constitutional Democratic Party,0,188219,0,188219,,94110,0,first,,,加藤 千華,Japan Innovation Party,34625,Kanagawa,JP-14-04,official,
Kanagawa 4,https://www.soumu.go.jp/senkyo/senkyo_s/data/shugiin50/index.html,https://www.soumu.go.jp/senkyo/senkyo_s/data/shugiin50/index.html,早稲田 夕季,Constitutional Democratic Party,0,188219,0,188219,,94110,0,first,,,津野 照久,Sanseitō,12704,Kanagawa,JP-14-04,official,
Kanagawa 5,https://www.soumu.go.jp/senkyo/senkyo_s/data/shugiin50/index.html,https://www.soumu.go.jp/senkyo/senkyo_s/data/shugiin50/index.html,坂井 学,Liberal Democratic Party,0,197551,0,197551,,98776,0,first,,,坂井 学,Liberal Democratic Party,80495,Kanagawa,JP-14-05,official,Candidate totals are the whole-vote figures in the official constituency table. Japan's national party summary separately allocates a very small number of fractional ambiguous ballots. District turnout and invalid-ballot metadata are unavailable.
Kanagawa 5,https://www.soumu.go.jp/senkyo/senkyo_s/data/shugiin50/index.html,https://www.soumu.go.jp/senkyo/senkyo_s/data/shugiin50/index.html,坂井 学,Liberal Democratic Party,0,197551,0,197551,,98776,0,first,,,山崎 誠,Constitutional Democratic Party,67399,Kanagawa,JP-14-05,official,
Kanagawa 5,https://www.soumu.go.jp/senkyo/senkyo_s/data/shugiin50/index.html,https://www.soumu.go.jp/senkyo/senkyo_s/data/shugiin50/index.html,坂井 学,Liberal Democratic Party,0,197551,0,197551,,98776,0,first,,,久坂 くにえ,Japan Innovation Party,33863,Kanagawa,JP-14-05,official,
Kanagawa 5,https://www.soumu.go.jp/senkyo/senkyo_s/data/shugiin50/index.html,https://www.soumu.go.jp/senkyo/senkyo_s/data/shugiin50/index.html,坂井 学,Liberal Democratic Party,0,197551,0,197551,,98776,0,first,,,高宮 美智子,Japanese Communist Party,15794,Kanagawa,JP-14-05,official,
Kanagawa 6,https://www.soumu.go.jp/senkyo/senkyo_s/data/shugiin50/index.html,https://www.soumu.go.jp/senkyo/senkyo_s/data/shugiin50/index.html,青柳 陽一郎,Constitutional Democratic Party,0,199002,0,199002,,99502,0,first,,,青柳 陽一郎,Constitutional Democratic Party,80207,Kanagawa,JP-14-06,official,Candidate totals are the whole-vote figures in the official constituency table. Japan's national party summary separately allocates a very small number of fractional ambiguous ballots. District turnout and invalid-ballot metadata are unavailable.
Kanagawa 6,https://www.soumu.go.jp/senkyo/senkyo_s/data/shugiin50/index.html,https://www.soumu.go.jp/senkyo/senkyo_s/data/shugiin50/index.html,青柳 陽一郎,Constitutional Democratic Party,0,199002,0,199002,,99502,0,first,,,古川 直季,Liberal Democratic Party,79281,Kanagawa,JP-14-06,official,
Kanagawa 6,https://www.soumu.go.jp/senkyo/senkyo_s/data/shugiin50/index.html,https://www.soumu.go.jp/senkyo/senkyo_s/data/shugiin50/index.html,青柳 陽一郎,Constitutional Democratic Party,0,199002,0,199002,,99502,0,first,,,塩坂 源一郎,Japan Innovation Party,22994,Kanagawa,JP-14-06,official,
Kanagawa 6,https://www.soumu.go.jp/senkyo/senkyo_s/data/shugiin50/index.html,https://www.soumu.go.jp/senkyo/senkyo_s/data/shugiin50/index.html,青柳 陽一郎,Constitutional Democratic Party,0,199002,0,199002,,99502,0,first,,,植木 眞理子,Japanese Communist Party,16520,Kanagawa,JP-14-06,official,
Kanagawa 7,https://www.soumu.go.jp/senkyo/senkyo_s/data/shugiin50/index.html,https://www.soumu.go.jp/senkyo/senkyo_s/data/shugiin50/index.html,中谷 一馬,Constitutional Democratic Party,0,165625,0,165625,,82813,0,first,,,中谷 一馬,Constitutional Democratic Party,71913,Kanagawa,JP-14-07,official,Candidate totals are the whole-vote figures in the official constituency table. Japan's national party summary separately allocates a very small number of fractional ambiguous ballots. District turnout and invalid-ballot metadata are unavailable.
Kanagawa 7,https://www.soumu.go.jp/senkyo/senkyo_s/data/shugiin50/index.html,https://www.soumu.go.jp/senkyo/senkyo_s/data/shugiin50/index.html,中谷 一馬,Constitutional Democratic Party,0,165625,0,165625,,82813,0,first,,,鈴木 馨祐,Liberal Democratic Party,61337,Kanagawa,JP-14-07,official,
Kanagawa 7,https://www.soumu.go.jp/senkyo/senkyo_s/data/shugiin50/index.html,https://www.soumu.go.jp/senkyo/senkyo_s/data/shugiin50/index.html,中谷 一馬,Constitutional Democratic Party,0,165625,0,165625,,82813,0,first,,,宗像 富次郎,Japan Innovation Party,16697,Kanagawa,JP-14-07,official,
Kanagawa 7,https://www.soumu.go.jp/senkyo/senkyo_s/data/shugiin50/index.html,https://www.soumu.go.jp/senkyo/senkyo_s/data/shugiin50/index.html,中谷 一馬,Constitutional Democratic Party,0,165625,0,165625,,82813,0,first,,,大野 拓夫,Independent,15678,Kanagawa,JP-14-07,official,
Kanagawa 8,https://www.soumu.go.jp/senkyo/senkyo_s/data/shugiin50/index.html,https://www.soumu.go.jp/senkyo/senkyo_s/data/shugiin50/index.html,江田 憲司,Constitutional Democratic Party,0,233361,0,233361,,116681,0,first,,,江田 憲司,Constitutional Democratic Party,119971,Kanagawa,JP-14-08,official,Candidate totals are the whole-vote figures in the official constituency table. Japan's national party summary separately allocates a very small number of fractional ambiguous ballots. District turnout and invalid-ballot metadata are unavailable.
Kanagawa 8,https://www.soumu.go.jp/senkyo/senkyo_s/data/shugiin50/index.html,https://www.soumu.go.jp/senkyo/senkyo_s/data/shugiin50/index.html,江田 憲司,Constitutional Democratic Party,0,233361,0,233361,,116681,0,first,,,三谷 英弘,Liberal Democratic Party,95832,Kanagawa,JP-14-08,official,
Kanagawa 8,https://www.soumu.go.jp/senkyo/senkyo_s/data/shugiin50/index.html,https://www.soumu.go.jp/senkyo/senkyo_s/data/shugiin50/index.html,江田 憲司,Constitutional Democratic Party,0,233361,0,233361,,116681,0,first,,,飯田 能生,Japanese Communist Party,17558,Kanagawa,JP-14-08,official,
Kanagawa 9,https://www.soumu.go.jp/senkyo/senkyo_s/data/shugiin50/index.html,https://www.soumu.go.jp/senkyo/senkyo_s/data/shugiin50/index.html,笠 浩史,Constitutional Democratic Party,0,189354,0,189354,,94678,0,first,,,笠 浩史,Constitutional Democratic Party,93878,Kanagawa,JP-14-09,official,Candidate totals are the whole-vote figures in the official constituency table. Japan's national party summary separately allocates a very small number of fractional ambiguous ballots. District turnout and invalid-ballot metadata are unavailable.
Kanagawa 9,https://www.soumu.go.jp/senkyo/senkyo_s/data/shugiin50/index.html,https://www.soumu.go.jp/senkyo/senkyo_s/data/shugiin50/index.html,笠 浩史,Constitutional Democratic Party,0,189354,0,189354,,94678,0,first,,,中山 展宏,Liberal Democratic Party,52358,Kanagawa,JP-14-09,official,
Kanagawa 9,https://www.soumu.go.jp/senkyo/senkyo_s/data/shugiin50/index.html,https://www.soumu.go.jp/senkyo/senkyo_s/data/shugiin50/index.html,笠 浩史,Constitutional Democratic Party,0,189354,0,189354,,94678,0,first,,,吉田 大成,Japan Innovation Party,24283,Kanagawa,JP-14-09,official,
Kanagawa 9,https://www.soumu.go.jp/senkyo/senkyo_s/data/shugiin50/index.html,https://www.soumu.go.jp/senkyo/senkyo_s/data/shugiin50/index.html,笠 浩史,Constitutional Democratic Party,0,189354,0,189354,,94678,0,first,,,赤石 博子,Japanese Communist Party,18835,Kanagawa,JP-14-09,official,
Kanagawa 10,https://www.soumu.go.jp/senkyo/senkyo_s/data/shugiin50/index.html,https://www.soumu.go.jp/senkyo/senkyo_s/data/shugiin50/index.html,田中 和徳,Liberal Democratic Party,0,165610,0,165610,,82806,0,first,,,田中 和徳,Liberal Democratic Party,57380,Kanagawa,JP-14-10,official,Candidate totals are the whole-vote figures in the official constituency table. Japan's national party summary separately allocates a very small number of fractional ambiguous ballots. District turnout and invalid-ballot metadata are unavailable.
Kanagawa 10,https://www.soumu.go.jp/senkyo/senkyo_s/data/shugiin50/index.html,https://www.soumu.go.jp/senkyo/senkyo_s/data/shugiin50/index.html,田中 和徳,Liberal Democratic Party,0,165610,0,165610,,82806,0,first,,,金村 龍那,Japan Innovation Party,51121,Kanagawa,JP-14-10,official,
Kanagawa 10,https://www.soumu.go.jp/senkyo/senkyo_s/data/shugiin50/index.html,https://www.soumu.go.jp/senkyo/senkyo_s/data/shugiin50/index.html,田中 和徳,Liberal Democratic Party,0,165610,0,165610,,82806,0,first,,,鈴木 光貴,Constitutional Democratic Party,39409,Kanagawa,JP-14-10,official,
Kanagawa 10,https://www.soumu.go.jp/senkyo/senkyo_s/data/shugiin50/index.html,https://www.soumu.go.jp/senkyo/senkyo_s/data/shugiin50/index.html,田中 和徳,Liberal Democratic Party,0,165610,0,165610,,82806,0,first,,,片柳 進,Japanese Communist Party,17700,Kanagawa,JP-14-10,official,
Kanagawa 11,https://www.soumu.go.jp/senkyo/senkyo_s/data/shugiin50/index.html,https://www.soumu.go.jp/senkyo/senkyo_s/data/shugiin50/index.html,小泉 進次郎,Liberal Democratic Party,0,179347,0,179347,,89674,0,first,,,小泉 進次郎,Liberal Democratic Party,129779,Kanagawa,JP-14-11,official,Candidate totals are the whole-vote figures in the official constituency table. Japan's national party summary separately allocates a very small number of fractional ambiguous ballots. District turnout and invalid-ballot metadata are unavailable.
Kanagawa 11,https://www.soumu.go.jp/senkyo/senkyo_s/data/shugiin50/index.html,https://www.soumu.go.jp/senkyo/senkyo_s/data/shugiin50/index.html,小泉 進次郎,Liberal Democratic Party,0,179347,0,179347,,89674,0,first,,,為壮 稔,Japanese Communist Party,24850,Kanagawa,JP-14-11,official,
Kanagawa 11,https://www.soumu.go.jp/senkyo/senkyo_s/data/shugiin50/index.html,https://www.soumu.go.jp/senkyo/senkyo_s/data/shugiin50/index.html,小泉 進次郎,Liberal Democratic Party,0,179347,0,179347,,89674,0,first,,,初鹿野 裕樹,Sanseitō,24718,Kanagawa,JP-14-11,official,
Kanagawa 12,https://www.soumu.go.jp/senkyo/senkyo_s/data/shugiin50/index.html,https://www.soumu.go.jp/senkyo/senkyo_s/data/shugiin50/index.html,阿部 知子,Constitutional Democratic Party,0,212296,0,212296,,106149,0,first,,,阿部 知子,Constitutional Democratic Party,84310,Kanagawa,JP-14-12,official,Candidate totals are the whole-vote figures in the official constituency table. Japan's national party summary separately allocates a very small number of fractional ambiguous ballots. District turnout and invalid-ballot metadata are unavailable.
Kanagawa 12,https://www.soumu.go.jp/senkyo/senkyo_s/data/shugiin50/index.html,https://www.soumu.go.jp/senkyo/senkyo_s/data/shugiin50/index.html,阿部 知子,Constitutional Democratic Party,0,212296,0,212296,,106149,0,first,,,星野 剛士,Liberal Democratic Party,65684,Kanagawa,JP-14-12,official,
Kanagawa 12,https://www.soumu.go.jp/senkyo/senkyo_s/data/shugiin50/index.html,https://www.soumu.go.jp/senkyo/senkyo_s/data/shugiin50/index.html,阿部 知子,Constitutional Democratic Party,0,212296,0,212296,,106149,0,first,,,水戸 将史,Japan Innovation Party,29458,Kanagawa,JP-14-12,official,
Kanagawa 12,https://www.soumu.go.jp/senkyo/senkyo_s/data/shugiin50/index.html,https://www.soumu.go.jp/senkyo/senkyo_s/data/shugiin50/index.html,阿部 知子,Constitutional Democratic Party,0,212296,0,212296,,106149,0,first,,,江岡 貴宏,Sanseitō,19518,Kanagawa,JP-14-12,official,
Kanagawa 12,https://www.soumu.go.jp/senkyo/senkyo_s/data/shugiin50/index.html,https://www.soumu.go.jp/senkyo/senkyo_s/data/shugiin50/index.html,阿部 知子,Constitutional Democratic Party,0,212296,0,212296,,106149,0,first,,,加藤 なを子,Japanese Communist Party,13326,Kanagawa,JP-14-12,official,
Kanagawa 13,https://www.soumu.go.jp/senkyo/senkyo_s/data/shugiin50/index.html,https://www.soumu.go.jp/senkyo/senkyo_s/data/shugiin50/index.html,太 栄志,Constitutional Democratic Party,0,188481,0,188481,,94241,0,first,,,太 栄志,Constitutional Democratic Party,88833,Kanagawa,JP-14-13,official,Candidate totals are the whole-vote figures in the official constituency table. Japan's national party summary separately allocates a very small number of fractional ambiguous ballots. District turnout and invalid-ballot metadata are unavailable.
Kanagawa 13,https://www.soumu.go.jp/senkyo/senkyo_s/data/shugiin50/index.html,https://www.soumu.go.jp/senkyo/senkyo_s/data/shugiin50/index.html,太 栄志,Constitutional Democratic Party,0,188481,0,188481,,94241,0,first,,,丸田 康一郎,Liberal Democratic Party,60237,Kanagawa,JP-14-13,official,
Kanagawa 13,https://www.soumu.go.jp/senkyo/senkyo_s/data/shugiin50/index.html,https://www.soumu.go.jp/senkyo/senkyo_s/data/shugiin50/index.html,太 栄志,Constitutional Democratic Party,0,188481,0,188481,,94241,0,first,,,京 利英,Japan Innovation Party,16531,Kanagawa,JP-14-13,official,
Kanagawa 13,https://www.soumu.go.jp/senkyo/senkyo_s/data/shugiin50/index.html,https://www.soumu.go.jp/senkyo/senkyo_s/data/shugiin50/index.html,太 栄志,Constitutional Democratic Party,0,188481,0,188481,,94241,0,first,,,石井 匡,Sanseitō,12177,Kanagawa,JP-14-13,official,
Kanagawa 13,https://www.soumu.go.jp/senkyo/senkyo_s/data/shugiin50/index.html,https://www.soumu.go.jp/senkyo/senkyo_s/data/shugiin50/index.html,太 栄志,Constitutional Democratic Party,0,188481,0,188481,,94241,0,first,,,早川 宇多子,Japanese Communist Party,10703,Kanagawa,JP-14-13,official,
Kanagawa 14,https://www.soumu.go.jp/senkyo/senkyo_s/data/shugiin50/index.html,https://www.soumu.go.jp/senkyo/senkyo_s/data/shugiin50/index.html,赤間 二郎,Liberal Democratic Party,0,205450,0,205450,,102726,0,first,,,赤間 二郎,Liberal Democratic Party,81428,Kanagawa,JP-14-14,official,Candidate totals are the whole-vote figures in the official constituency table. Japan's national party summary separately allocates a very small number of fractional ambiguous ballots. District turnout and invalid-ballot metadata are unavailable.
Kanagawa 14,https://www.soumu.go.jp/senkyo/senkyo_s/data/shugiin50/index.html,https://www.soumu.go.jp/senkyo/senkyo_s/data/shugiin50/index.html,赤間 二郎,Liberal Democratic Party,0,205450,0,205450,,102726,0,first,,,長友 克洋,Constitutional Democratic Party,74238,Kanagawa,JP-14-14,official,
Kanagawa 14,https://www.soumu.go.jp/senkyo/senkyo_s/data/shugiin50/index.html,https://www.soumu.go.jp/senkyo/senkyo_s/data/shugiin50/index.html,赤間 二郎,Liberal Democratic Party,0,205450,0,205450,,102726,0,first,,,熊坂 崇徳,Japan Innovation Party,19764,Kanagawa,JP-14-14,official,
Kanagawa 14,https://www.soumu.go.jp/senkyo/senkyo_s/data/shugiin50/index.html,https://www.soumu.go.jp/senkyo/senkyo_s/data/shugiin50/index.html,赤間 二郎,Liberal Democratic Party,0,205450,0,205450,,102726,0,first,,,先沖 仁志,Sanseitō,15090,Kanagawa,JP-14-14,official,
Kanagawa 14,https://www.soumu.go.jp/senkyo/senkyo_s/data/shugiin50/index.html,https://www.soumu.go.jp/senkyo/senkyo_s/data/shugiin50/index.html,赤間 二郎,Liberal Democratic Party,0,205450,0,205450,,102726,0,first,,,中村 圭,Japanese Communist Party,14930,Kanagawa,JP-14-14,official,
Kanagawa 15,https://www.soumu.go.jp/senkyo/senkyo_s/data/shugiin50/index.html,https://www.soumu.go.jp/senkyo/senkyo_s/data/shugiin50/index.html,河野 太郎,Liberal Democratic Party,0,231837,0,231837,,115919,0,first,,,河野 太郎,Liberal Democratic Party,128881,Kanagawa,JP-14-15,official,Candidate totals are the whole-vote figures in the official constituency table. Japan's national party summary separately allocates a very small number of fractional ambiguous ballots. District turnout and invalid-ballot metadata are unavailable.
Kanagawa 15,https://www.soumu.go.jp/senkyo/senkyo_s/data/shugiin50/index.html,https://www.soumu.go.jp/senkyo/senkyo_s/data/shugiin50/index.html,河野 太郎,Liberal Democratic Party,0,231837,0,231837,,115919,0,first,,,佐々木 克己,Social Democratic Party,39980,Kanagawa,JP-14-15,official,
Kanagawa 15,https://www.soumu.go.jp/senkyo/senkyo_s/data/shugiin50/index.html,https://www.soumu.go.jp/senkyo/senkyo_s/data/shugiin50/index.html,河野 太郎,Liberal Democratic Party,0,231837,0,231837,,115919,0,first,,,内海 聡,Independent,39183,Kanagawa,JP-14-15,official,
Kanagawa 15,https://www.soumu.go.jp/senkyo/senkyo_s/data/shugiin50/index.html,https://www.soumu.go.jp/senkyo/senkyo_s/data/shugiin50/index.html,河野 太郎,Liberal Democratic Party,0,231837,0,231837,,115919,0,first,,,藤田 修一,Sanseitō,23793,Kanagawa,JP-14-15,official,
Kanagawa 16,https://www.soumu.go.jp/senkyo/senkyo_s/data/shugiin50/index.html,https://www.soumu.go.jp/senkyo/senkyo_s/data/shugiin50/index.html,後藤 祐一,Constitutional Democratic Party,0,199755,0,199755,,99878,0,first,,,後藤 祐一,Constitutional Democratic Party,100677,Kanagawa,JP-14-16,official,Candidate totals are the whole-vote figures in the official constituency table. Japan's national party summary separately allocates a very small number of fractional ambiguous ballots. District turnout and invalid-ballot metadata are unavailable.
Kanagawa 16,https://www.soumu.go.jp/senkyo/senkyo_s/data/shugiin50/index.html,https://www.soumu.go.jp/senkyo/senkyo_s/data/shugiin50/index.html,後藤 祐一,Constitutional Democratic Party,0,199755,0,199755,,99878,0,first,,,義家 弘介,Liberal Democratic Party,66952,Kanagawa,JP-14-16,official,
Kanagawa 16,https://www.soumu.go.jp/senkyo/senkyo_s/data/shugiin50/index.html,https://www.soumu.go.jp/senkyo/senkyo_s/data/shugiin50/index.html,後藤 祐一,Constitutional Democratic Party,0,199755,0,199755,,99878,0,first,,,伊左次 美江,Japan Innovation Party,16325,Kanagawa,JP-14-16,official,
Kanagawa 16,https://www.soumu.go.jp/senkyo/senkyo_s/data/shugiin50/index.html,https://www.soumu.go.jp/senkyo/senkyo_s/data/shugiin50/index.html,後藤 祐一,Constitutional Democratic Party,0,199755,0,199755,,99878,0,first,,,山本 瑞恵,Japanese Communist Party,11437,Kanagawa,JP-14-16,official,
Kanagawa 16,https://www.soumu.go.jp/senkyo/senkyo_s/data/shugiin50/index.html,https://www.soumu.go.jp/senkyo/senkyo_s/data/shugiin50/index.html,後藤 祐一,Constitutional Democratic Party,0,199755,0,199755,,99878,0,first,,,吉村 勝男,Independent,4364,Kanagawa,JP-14-16,official,
Kanagawa 17,https://www.soumu.go.jp/senkyo/senkyo_s/data/shugiin50/index.html,https://www.soumu.go.jp/senkyo/senkyo_s/data/shugiin50/index.html,牧島 かれん,Liberal Democratic Party,0,226296,0,226296,,113149,0,first,,,牧島 かれん,Liberal Democratic Party,115235,Kanagawa,JP-14-17,official,Candidate totals are the whole-vote figures in the official constituency table. Japan's national party summary separately allocates a very small number of fractional ambiguous ballots. District turnout and invalid-ballot metadata are unavailable.
Kanagawa 17,https://www.soumu.go.jp/senkyo/senkyo_s/data/shugiin50/index.html,https://www.soumu.go.jp/senkyo/senkyo_s/data/shugiin50/index.html,牧島 かれん,Liberal Democratic Party,0,226296,0,226296,,113149,0,first,,,佐々木 奈保美,Constitutional Democratic Party,111061,Kanagawa,JP-14-17,official,
Kanagawa 18,https://www.soumu.go.jp/senkyo/senkyo_s/data/shugiin50/index.html,https://www.soumu.go.jp/senkyo/senkyo_s/data/shugiin50/index.html,宗野 創,Constitutional Democratic Party,0,223446,0,223446,,111724,0,first,,,宗野 創,Constitutional Democratic Party,68632,Kanagawa,JP-14-18,official,Candidate totals are the whole-vote figures in the official constituency table. Japan's national party summary separately allocates a very small number of fractional ambiguous ballots. District turnout and invalid-ballot metadata are unavailable.
Kanagawa 18,https://www.soumu.go.jp/senkyo/senkyo_s/data/shugiin50/index.html,https://www.soumu.go.jp/senkyo/senkyo_s/data/shugiin50/index.html,宗野 創,Constitutional Democratic Party,0,223446,0,223446,,111724,0,first,,,西岡 義高,Democratic Party for the People,52596,Kanagawa,JP-14-18,official,
Kanagawa 18,https://www.soumu.go.jp/senkyo/senkyo_s/data/shugiin50/index.html,https://www.soumu.go.jp/senkyo/senkyo_s/data/shugiin50/index.html,宗野 創,Constitutional Democratic Party,0,223446,0,223446,,111724,0,first,,,山際 大志郎,Liberal Democratic Party,52593,Kanagawa,JP-14-18,official,
Kanagawa 18,https://www.soumu.go.jp/senkyo/senkyo_s/data/shugiin50/index.html,https://www.soumu.go.jp/senkyo/senkyo_s/data/shugiin50/index.html,宗野 創,Constitutional Democratic Party,0,223446,0,223446,,111724,0,first,,,横田 光弘,Japan Innovation Party,27727,Kanagawa,JP-14-18,official,
Kanagawa 18,https://www.soumu.go.jp/senkyo/senkyo_s/data/shugiin50/index.html,https://www.soumu.go.jp/senkyo/senkyo_s/data/shugiin50/index.html,宗野 創,Constitutional Democratic Party,0,223446,0,223446,,111724,0,first,,,君嶋 千佳子,Japanese Communist Party,21898,Kanagawa,JP-14-18,official,
Kanagawa 19,https://www.soumu.go.jp/senkyo/senkyo_s/data/shugiin50/index.html,https://www.soumu.go.jp/senkyo/senkyo_s/data/shugiin50/index.html,草間 剛,Liberal Democratic Party,0,205247,0,205247,,102624,0,first,,,草間 剛,Liberal Democratic Party,64315,Kanagawa,JP-14-19,official,Candidate totals are the whole-vote figures in the official constituency table. Japan's national party summary separately allocates a very small number of fractional ambiguous ballots. District turnout and invalid-ballot metadata are unavailable.
Kanagawa 19,https://www.soumu.go.jp/senkyo/senkyo_s/data/shugiin50/index.html,https://www.soumu.go.jp/senkyo/senkyo_s/data/shugiin50/index.html,草間 剛,Liberal Democratic Party,0,205247,0,205247,,102624,0,first,,,佐藤 喬,Constitutional Democratic Party,50857,Kanagawa,JP-14-19,official,
Kanagawa 19,https://www.soumu.go.jp/senkyo/senkyo_s/data/shugiin50/index.html,https://www.soumu.go.jp/senkyo/senkyo_s/data/shugiin50/index.html,草間 剛,Liberal Democratic Party,0,205247,0,205247,,102624,0,first,,,深作 ヘスス,Democratic Party for the People,50578,Kanagawa,JP-14-19,official,
Kanagawa 19,https://www.soumu.go.jp/senkyo/senkyo_s/data/shugiin50/index.html,https://www.soumu.go.jp/senkyo/senkyo_s/data/shugiin50/index.html,草間 剛,Liberal Democratic Party,0,205247,0,205247,,102624,0,first,,,添田 勝,Japan Innovation Party,25630,Kanagawa,JP-14-19,official,
Kanagawa 19,https://www.soumu.go.jp/senkyo/senkyo_s/data/shugiin50/index.html,https://www.soumu.go.jp/senkyo/senkyo_s/data/shugiin50/index.html,草間 剛,Liberal Democratic Party,0,205247,0,205247,,102624,0,first,,,横関 克弘,Japanese Communist Party,9008,Kanagawa,JP-14-19,official,
Kanagawa 19,https://www.soumu.go.jp/senkyo/senkyo_s/data/shugiin50/index.html,https://www.soumu.go.jp/senkyo/senkyo_s/data/shugiin50/index.html,草間 剛,Liberal Democratic Party,0,205247,0,205247,,102624,0,first,,,木吉 小百合,Independent,4859,Kanagawa,JP-14-19,official,
Kanagawa 20,https://www.soumu.go.jp/senkyo/senkyo_s/data/shugiin50/index.html,https://www.soumu.go.jp/senkyo/senkyo_s/data/shugiin50/index.html,大塚 小百合,Constitutional Democratic Party,0,178049,0,178049,,89025,0,first,,,大塚 小百合,Constitutional Democratic Party,83282,Kanagawa,JP-14-20,official,Candidate totals are the whole-vote figures in the official constituency table. Japan's national party summary separately allocates a very small number of fractional ambiguous ballots. District turnout and invalid-ballot metadata are unavailable.
Kanagawa 20,https://www.soumu.go.jp/senkyo/senkyo_s/data/shugiin50/index.html,https://www.soumu.go.jp/senkyo/senkyo_s/data/shugiin50/index.html,大塚 小百合,Constitutional Democratic Party,0,178049,0,178049,,89025,0,first,,,甘利 明,Liberal Democratic Party,63217,Kanagawa,JP-14-20,official,
Kanagawa 20,https://www.soumu.go.jp/senkyo/senkyo_s/data/shugiin50/index.html,https://www.soumu.go.jp/senkyo/senkyo_s/data/shugiin50/index.html,大塚 小百合,Constitutional Democratic Party,0,178049,0,178049,,89025,0,first,,,金子 洋一,Japan Innovation Party,31550,Kanagawa,JP-14-20,official,
Niigata 1,https://www.soumu.go.jp/senkyo/senkyo_s/data/shugiin50/index.html,https://www.soumu.go.jp/senkyo/senkyo_s/data/shugiin50/index.html,西村 智奈美,Constitutional Democratic Party,0,188656,0,188656,,94329,0,first,,,西村 智奈美,Constitutional Democratic Party,99487,Niigata,JP-15-01,official,Candidate totals are the whole-vote figures in the official constituency table. Japan's national party summary separately allocates a very small number of fractional ambiguous ballots. District turnout and invalid-ballot metadata are unavailable.
Niigata 1,https://www.soumu.go.jp/senkyo/senkyo_s/data/shugiin50/index.html,https://www.soumu.go.jp/senkyo/senkyo_s/data/shugiin50/index.html,西村 智奈美,Constitutional Democratic Party,0,188656,0,188656,,94329,0,first,,,塚田 一郎,Liberal Democratic Party,61025,Niigata,JP-15-01,official,
Niigata 1,https://www.soumu.go.jp/senkyo/senkyo_s/data/shugiin50/index.html,https://www.soumu.go.jp/senkyo/senkyo_s/data/shugiin50/index.html,西村 智奈美,Constitutional Democratic Party,0,188656,0,188656,,94329,0,first,,,石崎 徹,Japan Innovation Party,17299,Niigata,JP-15-01,official,
Niigata 1,https://www.soumu.go.jp/senkyo/senkyo_s/data/shugiin50/index.html,https://www.soumu.go.jp/senkyo/senkyo_s/data/shugiin50/index.html,西村 智奈美,Constitutional Democratic Party,0,188656,0,188656,,94329,0,first,,,中村 岳夫,Japanese Communist Party,10845,Niigata,JP-15-01,official,
Niigata 2,https://www.soumu.go.jp/senkyo/senkyo_s/data/shugiin50/index.html,https://www.soumu.go.jp/senkyo/senkyo_s/data/shugiin50/index.html,菊田 真紀子,Constitutional Democratic Party,0,219481,0,219481,,109741,0,first,,,菊田 真紀子,Constitutional Democratic Party,123334,Niigata,JP-15-02,official,Candidate totals are the whole-vote figures in the official constituency table. Japan's national party summary separately allocates a very small number of fractional ambiguous ballots. District turnout and invalid-ballot metadata are unavailable.
Niigata 2,https://www.soumu.go.jp/senkyo/senkyo_s/data/shugiin50/index.html,https://www.soumu.go.jp/senkyo/senkyo_s/data/shugiin50/index.html,菊田 真紀子,Constitutional Democratic Party,0,219481,0,219481,,109741,0,first,,,細田 健一,Independent,67124,Niigata,JP-15-02,official,
Niigata 2,https://www.soumu.go.jp/senkyo/senkyo_s/data/shugiin50/index.html,https://www.soumu.go.jp/senkyo/senkyo_s/data/shugiin50/index.html,菊田 真紀子,Constitutional Democratic Party,0,219481,0,219481,,109741,0,first,,,井上 基之,Japan Innovation Party,29023,Niigata,JP-15-02,official,
Niigata 3,https://www.soumu.go.jp/senkyo/senkyo_s/data/shugiin50/index.html,https://www.soumu.go.jp/senkyo/senkyo_s/data/shugiin50/index.html,黒岩 宇洋,Constitutional Democratic Party,0,213629,0,213629,,106815,0,first,,,黒岩 宇洋,Constitutional Democratic Party,105275,Niigata,JP-15-03,official,Candidate totals are the whole-vote figures in the official constituency table. Japan's national party summary separately allocates a very small number of fractional ambiguous ballots. District turnout and invalid-ballot metadata are unavailable.
Niigata 3,https://www.soumu.go.jp/senkyo/senkyo_s/data/shugiin50/index.html,https://www.soumu.go.jp/senkyo/senkyo_s/data/shugiin50/index.html,黒岩 宇洋,Constitutional Democratic Party,0,213629,0,213629,,106815,0,first,,,斎藤 洋明,Liberal Democratic Party,94984,Niigata,JP-15-03,official,
Niigata 3,https://www.soumu.go.jp/senkyo/senkyo_s/data/shugiin50/index.html,https://www.soumu.go.jp/senkyo/senkyo_s/data/shugiin50/index.html,黒岩 宇洋,Constitutional Democratic Party,0,213629,0,213629,,106815,0,first,,,吉村 祐一郎,Japan Innovation Party,13370,Niigata,JP-15-03,official,
Niigata 4,https://www.soumu.go.jp/senkyo/senkyo_s/data/shugiin50/index.html,https://www.soumu.go.jp/senkyo/senkyo_s/data/shugiin50/index.html,米山 隆一,Constitutional Democratic Party,0,208832,0,208832,,104417,0,first,,,米山 隆一,Constitutional Democratic Party,93764,Niigata,JP-15-04,official,Candidate totals are the whole-vote figures in the official constituency table. Japan's national party summary separately allocates a very small number of fractional ambiguous ballots. District turnout and invalid-ballot metadata are unavailable.
Niigata 4,https://www.soumu.go.jp/senkyo/senkyo_s/data/shugiin50/index.html,https://www.soumu.go.jp/senkyo/senkyo_s/data/shugiin50/index.html,米山 隆一,Constitutional Democratic Party,0,208832,0,208832,,104417,0,first,,,鷲尾 英一郎,Liberal Democratic Party,71672,Niigata,JP-15-04,official,
Niigata 4,https://www.soumu.go.jp/senkyo/senkyo_s/data/shugiin50/index.html,https://www.soumu.go.jp/senkyo/senkyo_s/data/shugiin50/index.html,米山 隆一,Constitutional Democratic Party,0,208832,0,208832,,104417,0,first,,,泉田 裕彦,Independent,43396,Niigata,JP-15-04,official,
Niigata 5,https://www.soumu.go.jp/senkyo/senkyo_s/data/shugiin50/index.html,https://www.soumu.go.jp/senkyo/senkyo_s/data/shugiin50/index.html,梅谷 守,Constitutional Democratic Party,0,207018,0,207018,,103510,0,first,,,梅谷 守,Constitutional Democratic Party,114429,Niigata,JP-15-05,official,Candidate totals are the whole-vote figures in the official constituency table. Japan's national party summary separately allocates a very small number of fractional ambiguous ballots. District turnout and invalid-ballot metadata are unavailable.
Niigata 5,https://www.soumu.go.jp/senkyo/senkyo_s/data/shugiin50/index.html,https://www.soumu.go.jp/senkyo/senkyo_s/data/shugiin50/index.html,梅谷 守,Constitutional Democratic Party,0,207018,0,207018,,103510,0,first,,,高鳥 修一,Liberal Democratic Party,92589,Niigata,JP-15-05,official,
Toyama 1,https://www.soumu.go.jp/senkyo/senkyo_s/data/shugiin50/index.html,https://www.soumu.go.jp/senkyo/senkyo_s/data/shugiin50/index.html,田畑 裕明,Liberal Democratic Party,0,130864,0,130864,,65433,0,first,,,田畑 裕明,Liberal Democratic Party,45917,Toyama,JP-16-01,official,Candidate totals are the whole-vote figures in the official constituency table. Japan's national party summary separately allocates a very small number of fractional ambiguous ballots. District turnout and invalid-ballot metadata are unavailable.
Toyama 1,https://www.soumu.go.jp/senkyo/senkyo_s/data/shugiin50/index.html,https://www.soumu.go.jp/senkyo/senkyo_s/data/shugiin50/index.html,田畑 裕明,Liberal Democratic Party,0,130864,0,130864,,65433,0,first,,,山 登志浩,Constitutional Democratic Party,45179,Toyama,JP-16-01,official,
Toyama 1,https://www.soumu.go.jp/senkyo/senkyo_s/data/shugiin50/index.html,https://www.soumu.go.jp/senkyo/senkyo_s/data/shugiin50/index.html,田畑 裕明,Liberal Democratic Party,0,130864,0,130864,,65433,0,first,,,吉田 豊史,Independent,19870,Toyama,JP-16-01,official,
Toyama 1,https://www.soumu.go.jp/senkyo/senkyo_s/data/shugiin50/index.html,https://www.soumu.go.jp/senkyo/senkyo_s/data/shugiin50/index.html,田畑 裕明,Liberal Democratic Party,0,130864,0,130864,,65433,0,first,,,淺岡 弘彦,Japan Innovation Party,12995,Toyama,JP-16-01,official,
Toyama 1,https://www.soumu.go.jp/senkyo/senkyo_s/data/shugiin50/index.html,https://www.soumu.go.jp/senkyo/senkyo_s/data/shugiin50/index.html,田畑 裕明,Liberal Democratic Party,0,130864,0,130864,,65433,0,first,,,青山 了介,Japanese Communist Party,6903,Toyama,JP-16-01,official,
Toyama 2,https://www.soumu.go.jp/senkyo/senkyo_s/data/shugiin50/index.html,https://www.soumu.go.jp/senkyo/senkyo_s/data/shugiin50/index.html,上田 英俊,Liberal Democratic Party,0,124525,0,124525,,62263,0,first,,,上田 英俊,Liberal Democratic Party,73872,Toyama,JP-16-02,official,Candidate totals are the whole-vote figures in the official constituency table. Japan's national party summary separately allocates a very small number of fractional ambiguous ballots. District turnout and invalid-ballot metadata are unavailable.
Toyama 2,https://www.soumu.go.jp/senkyo/senkyo_s/data/shugiin50/index.html,https://www.soumu.go.jp/senkyo/senkyo_s/data/shugiin50/index.html,上田 英俊,Liberal Democratic Party,0,124525,0,124525,,62263,0,first,,,越川 康晴,Constitutional Democratic Party,41456,Toyama,JP-16-02,official,
Toyama 2,https://www.soumu.go.jp/senkyo/senkyo_s/data/shugiin50/index.html,https://www.soumu.go.jp/senkyo/senkyo_s/data/shugiin50/index.html,上田 英俊,Liberal Democratic Party,0,124525,0,124525,,62263,0,first,,,泉野 和之,Japanese Communist Party,9197,Toyama,JP-16-02,official,
Toyama 3,https://www.soumu.go.jp/senkyo/senkyo_s/data/shugiin50/index.html,https://www.soumu.go.jp/senkyo/senkyo_s/data/shugiin50/index.html,橘 慶一郎,Liberal Democratic Party,0,197497,0,197497,,98749,0,first,,,橘 慶一郎,Liberal Democratic Party,131549,Toyama,JP-16-03,official,Candidate totals are the whole-vote figures in the official constituency table. Japan's national party summary separately allocates a very small number of fractional ambiguous ballots. District turnout and invalid-ballot metadata are unavailable.
Toyama 3,https://www.soumu.go.jp/senkyo/senkyo_s/data/shugiin50/index.html,https://www.soumu.go.jp/senkyo/senkyo_s/data/shugiin50/index.html,橘 慶一郎,Liberal Democratic Party,0,197497,0,197497,,98749,0,first,,,大久保 光太,Democratic Party for the People,46676,Toyama,JP-16-03,official,
Toyama 3,https://www.soumu.go.jp/senkyo/senkyo_s/data/shugiin50/index.html,https://www.soumu.go.jp/senkyo/senkyo_s/data/shugiin50/index.html,橘 慶一郎,Liberal Democratic Party,0,197497,0,197497,,98749,0,first,,,坂本 洋史,Japanese Communist Party,19272,Toyama,JP-16-03,official,
Ishikawa 1,https://www.soumu.go.jp/senkyo/senkyo_s/data/shugiin50/index.html,https://www.soumu.go.jp/senkyo/senkyo_s/data/shugiin50/index.html,小森 卓郎,Liberal Democratic Party,0,179207,0,179207,,89604,0,first,,,小森 卓郎,Liberal Democratic Party,64997,Ishikawa,JP-17-01,official,Candidate totals are the whole-vote figures in the official constituency table. Japan's national party summary separately allocates a very small number of fractional ambiguous ballots. District turnout and invalid-ballot metadata are unavailable.
Ishikawa 1,https://www.soumu.go.jp/senkyo/senkyo_s/data/shugiin50/index.html,https://www.soumu.go.jp/senkyo/senkyo_s/data/shugiin50/index.html,小森 卓郎,Liberal Democratic Party,0,179207,0,179207,,89604,0,first,,,荒井 淳志,Constitutional Democratic Party,51506,Ishikawa,JP-17-01,official,
Ishikawa 1,https://www.soumu.go.jp/senkyo/senkyo_s/data/shugiin50/index.html,https://www.soumu.go.jp/senkyo/senkyo_s/data/shugiin50/index.html,小森 卓郎,Liberal Democratic Party,0,179207,0,179207,,89604,0,first,,,小林 誠,Japan Innovation Party,27257,Ishikawa,JP-17-01,official,
Ishikawa 1,https://www.soumu.go.jp/senkyo/senkyo_s/data/shugiin50/index.html,https://www.soumu.go.jp/senkyo/senkyo_s/data/shugiin50/index.html,小森 卓郎,Liberal Democratic Party,0,179207,0,179207,,89604,0,first,,,小竹 凱,Democratic Party for the People,24324,Ishikawa,JP-17-01,official,
Ishikawa 1,https://www.soumu.go.jp/senkyo/senkyo_s/data/shugiin50/index.html,https://www.soumu.go.jp/senkyo/senkyo_s/data/shugiin50/index.html,小森 卓郎,Liberal Democratic Party,0,179207,0,179207,,89604,0,first,,,村田 茂,Japanese Communist Party,8913,Ishikawa,JP-17-01,official,
Ishikawa 1,https://www.soumu.go.jp/senkyo/senkyo_s/data/shugiin50/index.html,https://www.soumu.go.jp/senkyo/senkyo_s/data/shugiin50/index.html,小森 卓郎,Liberal Democratic Party,0,179207,0,179207,,89604,0,first,,,藤原 徳英,Independent,2210,Ishikawa,JP-17-01,official,
Ishikawa 2,https://www.soumu.go.jp/senkyo/senkyo_s/data/shugiin50/index.html,https://www.soumu.go.jp/senkyo/senkyo_s/data/shugiin50/index.html,佐々木 紀,Liberal Democratic Party,0,174078,0,174078,,87040,0,first,,,佐々木 紀,Liberal Democratic Party,100617,Ishikawa,JP-17-02,official,Candidate totals are the whole-vote figures in the official constituency table. Japan's national party summary separately allocates a very small number of fractional ambiguous ballots. District turnout and invalid-ballot metadata are unavailable.
Ishikawa 2,https://www.soumu.go.jp/senkyo/senkyo_s/data/shugiin50/index.html,https://www.soumu.go.jp/senkyo/senkyo_s/data/shugiin50/index.html,佐々木 紀,Liberal Democratic Party,0,174078,0,174078,,87040,0,first,,,小山田 経子,Constitutional Democratic Party,62588,Ishikawa,JP-17-02,official,
Ishikawa 2,https://www.soumu.go.jp/senkyo/senkyo_s/data/shugiin50/index.html,https://www.soumu.go.jp/senkyo/senkyo_s/data/shugiin50/index.html,佐々木 紀,Liberal Democratic Party,0,174078,0,174078,,87040,0,first,,,坂本 浩,Japanese Communist Party,10873,Ishikawa,JP-17-02,official,
Ishikawa 3,https://www.soumu.go.jp/senkyo/senkyo_s/data/shugiin50/index.html,https://www.soumu.go.jp/senkyo/senkyo_s/data/shugiin50/index.html,近藤 和也,Constitutional Democratic Party,0,141993,0,141993,,70997,0,first,,,近藤 和也,Constitutional Democratic Party,77247,Ishikawa,JP-17-03,official,Candidate totals are the whole-vote figures in the official constituency table. Japan's national party summary separately allocates a very small number of fractional ambiguous ballots. District turnout and invalid-ballot metadata are unavailable.
Ishikawa 3,https://www.soumu.go.jp/senkyo/senkyo_s/data/shugiin50/index.html,https://www.soumu.go.jp/senkyo/senkyo_s/data/shugiin50/index.html,近藤 和也,Constitutional Democratic Party,0,141993,0,141993,,70997,0,first,,,西田 昭二,Liberal Democratic Party,61308,Ishikawa,JP-17-03,official,
Ishikawa 3,https://www.soumu.go.jp/senkyo/senkyo_s/data/shugiin50/index.html,https://www.soumu.go.jp/senkyo/senkyo_s/data/shugiin50/index.html,近藤 和也,Constitutional Democratic Party,0,141993,0,141993,,70997,0,first,,,南 章治,Japanese Communist Party,3438,Ishikawa,JP-17-03,official,
Fukui 1,https://www.soumu.go.jp/senkyo/senkyo_s/data/shugiin50/index.html,https://www.soumu.go.jp/senkyo/senkyo_s/data/shugiin50/index.html,稲田 朋美,Liberal Democratic Party,0,198010,0,198010,,99006,0,first,,,稲田 朋美,Liberal Democratic Party,86906,Fukui,JP-18-01,official,Candidate totals are the whole-vote figures in the official constituency table. Japan's national party summary separately allocates a very small number of fractional ambiguous ballots. District turnout and invalid-ballot metadata are unavailable.
Fukui 1,https://www.soumu.go.jp/senkyo/senkyo_s/data/shugiin50/index.html,https://www.soumu.go.jp/senkyo/senkyo_s/data/shugiin50/index.html,稲田 朋美,Liberal Democratic Party,0,198010,0,198010,,99006,0,first,,,波多野 翼,Constitutional Democratic Party,70328,Fukui,JP-18-01,official,
Fukui 1,https://www.soumu.go.jp/senkyo/senkyo_s/data/shugiin50/index.html,https://www.soumu.go.jp/senkyo/senkyo_s/data/shugiin50/index.html,稲田 朋美,Liberal Democratic Party,0,198010,0,198010,,99006,0,first,,,田中 こはる,Sanseitō,19716,Fukui,JP-18-01,official,
Fukui 1,https://www.soumu.go.jp/senkyo/senkyo_s/data/shugiin50/index.html,https://www.soumu.go.jp/senkyo/senkyo_s/data/shugiin50/index.html,稲田 朋美,Liberal Democratic Party,0,198010,0,198010,,99006,0,first,,,金元 幸枝,Japanese Communist Party,11215,Fukui,JP-18-01,official,
Fukui 1,https://www.soumu.go.jp/senkyo/senkyo_s/data/shugiin50/index.html,https://www.soumu.go.jp/senkyo/senkyo_s/data/shugiin50/index.html,稲田 朋美,Liberal Democratic Party,0,198010,0,198010,,99006,0,first,,,西山 理恵,Independent,9845,Fukui,JP-18-01,official,
Fukui 2,https://www.soumu.go.jp/senkyo/senkyo_s/data/shugiin50/index.html,https://www.soumu.go.jp/senkyo/senkyo_s/data/shugiin50/index.html,辻 英之,Constitutional Democratic Party,0,148971,0,148971,,74486,0,first,,,辻 英之,Constitutional Democratic Party,54100,Fukui,JP-18-02,official,Candidate totals are the whole-vote figures in the official constituency table. Japan's national party summary separately allocates a very small number of fractional ambiguous ballots. District turnout and invalid-ballot metadata are unavailable.
Fukui 2,https://www.soumu.go.jp/senkyo/senkyo_s/data/shugiin50/index.html,https://www.soumu.go.jp/senkyo/senkyo_s/data/shugiin50/index.html,辻 英之,Constitutional Democratic Party,0,148971,0,148971,,74486,0,first,,,斉木 武志,Japan Innovation Party,38749,Fukui,JP-18-02,official,
Fukui 2,https://www.soumu.go.jp/senkyo/senkyo_s/data/shugiin50/index.html,https://www.soumu.go.jp/senkyo/senkyo_s/data/shugiin50/index.html,辻 英之,Constitutional Democratic Party,0,148971,0,148971,,74486,0,first,,,高木 毅,Independent,33532,Fukui,JP-18-02,official,
Fukui 2,https://www.soumu.go.jp/senkyo/senkyo_s/data/shugiin50/index.html,https://www.soumu.go.jp/senkyo/senkyo_s/data/shugiin50/index.html,辻 英之,Constitutional Democratic Party,0,148971,0,148971,,74486,0,first,,,山本 拓,Independent,18656,Fukui,JP-18-02,official,
Fukui 2,https://www.soumu.go.jp/senkyo/senkyo_s/data/shugiin50/index.html,https://www.soumu.go.jp/senkyo/senkyo_s/data/shugiin50/index.html,辻 英之,Constitutional Democratic Party,0,148971,0,148971,,74486,0,first,,,小柳 茂臣,Japanese Communist Party,3934,Fukui,JP-18-02,official,
Yamanashi 1,https://www.soumu.go.jp/senkyo/senkyo_s/data/shugiin50/index.html,https://www.soumu.go.jp/senkyo/senkyo_s/data/shugiin50/index.html,中島 克仁,Constitutional Democratic Party,0,233377,0,233377,,116689,0,first,,,中島 克仁,Constitutional Democratic Party,107050,Yamanashi,JP-19-01,official,Candidate totals are the whole-vote figures in the official constituency table. Japan's national party summary separately allocates a very small number of fractional ambiguous ballots. District turnout and invalid-ballot metadata are unavailable.
Yamanashi 1,https://www.soumu.go.jp/senkyo/senkyo_s/data/shugiin50/index.html,https://www.soumu.go.jp/senkyo/senkyo_s/data/shugiin50/index.html,中島 克仁,Constitutional Democratic Party,0,233377,0,233377,,116689,0,first,,,中谷 真一,Liberal Democratic Party,99129,Yamanashi,JP-19-01,official,
Yamanashi 1,https://www.soumu.go.jp/senkyo/senkyo_s/data/shugiin50/index.html,https://www.soumu.go.jp/senkyo/senkyo_s/data/shugiin50/index.html,中島 克仁,Constitutional Democratic Party,0,233377,0,233377,,116689,0,first,,,高田 晃宏,Sanseitō,14597,Yamanashi,JP-19-01,official,
Yamanashi 1,https://www.soumu.go.jp/senkyo/senkyo_s/data/shugiin50/index.html,https://www.soumu.go.jp/senkyo/senkyo_s/data/shugiin50/index.html,中島 克仁,Constitutional Democratic Party,0,233377,0,233377,,116689,0,first,,,早田 記史,Japanese Communist Party,12601,Yamanashi,JP-19-01,official,
Yamanashi 2,https://www.soumu.go.jp/senkyo/senkyo_s/data/shugiin50/index.html,https://www.soumu.go.jp/senkyo/senkyo_s/data/shugiin50/index.html,堀内 詔子,Liberal Democratic Party,0,134649,0,134649,,67325,0,first,,,堀内 詔子,Liberal Democratic Party,99080,Yamanashi,JP-19-02,official,Candidate totals are the whole-vote figures in the official constituency table. Japan's national party summary separately allocates a very small number of fractional ambiguous ballots. District turnout and invalid-ballot metadata are unavailable.
Yamanashi 2,https://www.soumu.go.jp/senkyo/senkyo_s/data/shugiin50/index.html,https://www.soumu.go.jp/senkyo/senkyo_s/data/shugiin50/index.html,堀内 詔子,Liberal Democratic Party,0,134649,0,134649,,67325,0,first,,,大久保 令子,Japanese Communist Party,35569,Yamanashi,JP-19-02,official,
Nagano 1,https://www.soumu.go.jp/senkyo/senkyo_s/data/shugiin50/index.html,https://www.soumu.go.jp/senkyo/senkyo_s/data/shugiin50/index.html,篠原 孝,Constitutional Democratic Party,0,227493,0,227493,,113747,0,first,,,篠原 孝,Constitutional Democratic Party,105231,Nagano,JP-20-01,official,Candidate totals are the whole-vote figures in the official constituency table. Japan's national party summary separately allocates a very small number of fractional ambiguous ballots. District turnout and invalid-ballot metadata are unavailable.
Nagano 1,https://www.soumu.go.jp/senkyo/senkyo_s/data/shugiin50/index.html,https://www.soumu.go.jp/senkyo/senkyo_s/data/shugiin50/index.html,篠原 孝,Constitutional Democratic Party,0,227493,0,227493,,113747,0,first,,,若林 健太,Liberal Democratic Party,88792,Nagano,JP-20-01,official,
Nagano 1,https://www.soumu.go.jp/senkyo/senkyo_s/data/shugiin50/index.html,https://www.soumu.go.jp/senkyo/senkyo_s/data/shugiin50/index.html,篠原 孝,Constitutional Democratic Party,0,227493,0,227493,,113747,0,first,,,若狭 清史,Japan Innovation Party,33470,Nagano,JP-20-01,official,
Nagano 2,https://www.soumu.go.jp/senkyo/senkyo_s/data/shugiin50/index.html,https://www.soumu.go.jp/senkyo/senkyo_s/data/shugiin50/index.html,下条 みつ,Constitutional Democratic Party,0,203890,0,203890,,101946,0,first,,,下条 みつ,Constitutional Democratic Party,98664,Nagano,JP-20-02,official,Candidate totals are the whole-vote figures in the official constituency table. Japan's national party summary separately allocates a very small number of fractional ambiguous ballots. District turnout and invalid-ballot metadata are unavailable.
Nagano 2,https://www.soumu.go.jp/senkyo/senkyo_s/data/shugiin50/index.html,https://www.soumu.go.jp/senkyo/senkyo_s/data/shugiin50/index.html,下条 みつ,Constitutional Democratic Party,0,203890,0,203890,,101946,0,first,,,務台 俊介,Liberal Democratic Party,54265,Nagano,JP-20-02,official,
Nagano 2,https://www.soumu.go.jp/senkyo/senkyo_s/data/shugiin50/index.html,https://www.soumu.go.jp/senkyo/senkyo_s/data/shugiin50/index.html,下条 みつ,Constitutional Democratic Party,0,203890,0,203890,,101946,0,first,,,手塚 大輔,Japan Innovation Party,50961,Nagano,JP-20-02,official,
Nagano 3,https://www.soumu.go.jp/senkyo/senkyo_s/data/shugiin50/index.html,https://www.soumu.go.jp/senkyo/senkyo_s/data/shugiin50/index.html,神津 健,Constitutional Democratic Party,0,221025,0,221025,,110513,0,first,,,神津 健,Constitutional Democratic Party,121594,Nagano,JP-20-03,official,Candidate totals are the whole-vote figures in the official constituency table. Japan's national party summary separately allocates a very small number of fractional ambiguous ballots. District turnout and invalid-ballot metadata are unavailable.
Nagano 3,https://www.soumu.go.jp/senkyo/senkyo_s/data/shugiin50/index.html,https://www.soumu.go.jp/senkyo/senkyo_s/data/shugiin50/index.html,神津 健,Constitutional Democratic Party,0,221025,0,221025,,110513,0,first,,,井出 庸生,Liberal Democratic Party,99431,Nagano,JP-20-03,official,
Nagano 4,https://www.soumu.go.jp/senkyo/senkyo_s/data/shugiin50/index.html,https://www.soumu.go.jp/senkyo/senkyo_s/data/shugiin50/index.html,後藤 茂之,Liberal Democratic Party,0,125718,0,125718,,62860,0,first,,,後藤 茂之,Liberal Democratic Party,75713,Nagano,JP-20-04,official,Candidate totals are the whole-vote figures in the official constituency table. Japan's national party summary separately allocates a very small number of fractional ambiguous ballots. District turnout and invalid-ballot metadata are unavailable.
Nagano 4,https://www.soumu.go.jp/senkyo/senkyo_s/data/shugiin50/index.html,https://www.soumu.go.jp/senkyo/senkyo_s/data/shugiin50/index.html,後藤 茂之,Liberal Democratic Party,0,125718,0,125718,,62860,0,first,,,武田 良介,Japanese Communist Party,50005,Nagano,JP-20-04,official,
Nagano 5,https://www.soumu.go.jp/senkyo/senkyo_s/data/shugiin50/index.html,https://www.soumu.go.jp/senkyo/senkyo_s/data/shugiin50/index.html,宮下 一郎,Liberal Democratic Party,0,161470,0,161470,,80736,0,first,,,宮下 一郎,Liberal Democratic Party,78139,Nagano,JP-20-05,official,Candidate totals are the whole-vote figures in the official constituency table. Japan's national party summary separately allocates a very small number of fractional ambiguous ballots. District turnout and invalid-ballot metadata are unavailable.
Nagano 5,https://www.soumu.go.jp/senkyo/senkyo_s/data/shugiin50/index.html,https://www.soumu.go.jp/senkyo/senkyo_s/data/shugiin50/index.html,宮下 一郎,Liberal Democratic Party,0,161470,0,161470,,80736,0,first,,,福田 淳太,Constitutional Democratic Party,68650,Nagano,JP-20-05,official,
Nagano 5,https://www.soumu.go.jp/senkyo/senkyo_s/data/shugiin50/index.html,https://www.soumu.go.jp/senkyo/senkyo_s/data/shugiin50/index.html,宮下 一郎,Liberal Democratic Party,0,161470,0,161470,,80736,0,first,,,後藤 荘一,Japanese Communist Party,14681,Nagano,JP-20-05,official,
Gifu 1,https://www.soumu.go.jp/senkyo/senkyo_s/data/shugiin50/index.html,https://www.soumu.go.jp/senkyo/senkyo_s/data/shugiin50/index.html,野田 聖子,Liberal Democratic Party,0,148551,0,148551,,74276,0,first,,,野田 聖子,Liberal Democratic Party,100226,Gifu,JP-21-01,official,Candidate totals are the whole-vote figures in the official constituency table. Japan's national party summary separately allocates a very small number of fractional ambiguous ballots. District turnout and invalid-ballot metadata are unavailable.
Gifu 1,https://www.soumu.go.jp/senkyo/senkyo_s/data/shugiin50/index.html,https://www.soumu.go.jp/senkyo/senkyo_s/data/shugiin50/index.html,野田 聖子,Liberal Democratic Party,0,148551,0,148551,,74276,0,first,,,山越 徹,Japanese Communist Party,48325,Gifu,JP-21-01,official,
Gifu 2,https://www.soumu.go.jp/senkyo/senkyo_s/data/shugiin50/index.html,https://www.soumu.go.jp/senkyo/senkyo_s/data/shugiin50/index.html,棚橋 泰文,Liberal Democratic Party,0,147273,0,147273,,73637,0,first,,,棚橋 泰文,Liberal Democratic Party,91183,Gifu,JP-21-02,official,Candidate totals are the whole-vote figures in the official constituency table. Japan's national party summary separately allocates a very small number of fractional ambiguous ballots. District turnout and invalid-ballot metadata are unavailable.
Gifu 2,https://www.soumu.go.jp/senkyo/senkyo_s/data/shugiin50/index.html,https://www.soumu.go.jp/senkyo/senkyo_s/data/shugiin50/index.html,棚橋 泰文,Liberal Democratic Party,0,147273,0,147273,,73637,0,first,,,三尾 圭司,Japanese Communist Party,33634,Gifu,JP-21-02,official,
Gifu 2,https://www.soumu.go.jp/senkyo/senkyo_s/data/shugiin50/index.html,https://www.soumu.go.jp/senkyo/senkyo_s/data/shugiin50/index.html,棚橋 泰文,Liberal Democratic Party,0,147273,0,147273,,73637,0,first,,,伊藤 あゆみ,Independent,22456,Gifu,JP-21-02,official,
Gifu 3,https://www.soumu.go.jp/senkyo/senkyo_s/data/shugiin50/index.html,https://www.soumu.go.jp/senkyo/senkyo_s/data/shugiin50/index.html,武藤 容治,Liberal Democratic Party,0,210411,0,210411,,105206,0,first,,,武藤 容治,Liberal Democratic Party,98370,Gifu,JP-21-03,official,Candidate totals are the whole-vote figures in the official constituency table. Japan's national party summary separately allocates a very small number of fractional ambiguous ballots. District turnout and invalid-ballot metadata are unavailable.
Gifu 3,https://www.soumu.go.jp/senkyo/senkyo_s/data/shugiin50/index.html,https://www.soumu.go.jp/senkyo/senkyo_s/data/shugiin50/index.html,武藤 容治,Liberal Democratic Party,0,210411,0,210411,,105206,0,first,,,仙田 晃宏,Democratic Party for the People,64039,Gifu,JP-21-03,official,
Gifu 3,https://www.soumu.go.jp/senkyo/senkyo_s/data/shugiin50/index.html,https://www.soumu.go.jp/senkyo/senkyo_s/data/shugiin50/index.html,武藤 容治,Liberal Democratic Party,0,210411,0,210411,,105206,0,first,,,阪口 直人,Reiwa Shinsengumi,48002,Gifu,JP-21-03,official,
Gifu 4,https://www.soumu.go.jp/senkyo/senkyo_s/data/shugiin50/index.html,https://www.soumu.go.jp/senkyo/senkyo_s/data/shugiin50/index.html,今井 雅人,Constitutional Democratic Party,0,199161,0,199161,,99581,0,first,,,今井 雅人,Constitutional Democratic Party,114032,Gifu,JP-21-04,official,Candidate totals are the whole-vote figures in the official constituency table. Japan's national party summary separately allocates a very small number of fractional ambiguous ballots. District turnout and invalid-ballot metadata are unavailable.
Gifu 4,https://www.soumu.go.jp/senkyo/senkyo_s/data/shugiin50/index.html,https://www.soumu.go.jp/senkyo/senkyo_s/data/shugiin50/index.html,今井 雅人,Constitutional Democratic Party,0,199161,0,199161,,99581,0,first,,,金子 俊平,Liberal Democratic Party,85129,Gifu,JP-21-04,official,
Gifu 5,https://www.soumu.go.jp/senkyo/senkyo_s/data/shugiin50/index.html,https://www.soumu.go.jp/senkyo/senkyo_s/data/shugiin50/index.html,古屋 圭司,Liberal Democratic Party,0,152625,0,152625,,76313,0,first,,,古屋 圭司,Liberal Democratic Party,73679,Gifu,JP-21-05,official,Candidate totals are the whole-vote figures in the official constituency table. Japan's national party summary separately allocates a very small number of fractional ambiguous ballots. District turnout and invalid-ballot metadata are unavailable.
Gifu 5,https://www.soumu.go.jp/senkyo/senkyo_s/data/shugiin50/index.html,https://www.soumu.go.jp/senkyo/senkyo_s/data/shugiin50/index.html,古屋 圭司,Liberal Democratic Party,0,152625,0,152625,,76313,0,first,,,眞野 哲,Constitutional Democratic Party,58973,Gifu,JP-21-05,official,
Gifu 5,https://www.soumu.go.jp/senkyo/senkyo_s/data/shugiin50/index.html,https://www.soumu.go.jp/senkyo/senkyo_s/data/shugiin50/index.html,古屋 圭司,Liberal Democratic Party,0,152625,0,152625,,76313,0,first,,,山田 良司,Japan Innovation Party,19973,Gifu,JP-21-05,official,
Shizuoka 1,https://www.soumu.go.jp/senkyo/senkyo_s/data/shugiin50/index.html,https://www.soumu.go.jp/senkyo/senkyo_s/data/shugiin50/index.html,上川 陽子,Liberal Democratic Party,0,201160,0,201160,,100581,0,first,,,上川 陽子,Liberal Democratic Party,114278,Shizuoka,JP-22-01,official,Candidate totals are the whole-vote figures in the official constituency table. Japan's national party summary separately allocates a very small number of fractional ambiguous ballots. District turnout and invalid-ballot metadata are unavailable.
Shizuoka 1,https://www.soumu.go.jp/senkyo/senkyo_s/data/shugiin50/index.html,https://www.soumu.go.jp/senkyo/senkyo_s/data/shugiin50/index.html,上川 陽子,Liberal Democratic Party,0,201160,0,201160,,100581,0,first,,,高橋 美穂,Constitutional Democratic Party,47375,Shizuoka,JP-22-01,official,
Shizuoka 1,https://www.soumu.go.jp/senkyo/senkyo_s/data/shugiin50/index.html,https://www.soumu.go.jp/senkyo/senkyo_s/data/shugiin50/index.html,上川 陽子,Liberal Democratic Party,0,201160,0,201160,,100581,0,first,,,山下 洸棋,Japan Innovation Party,22239,Shizuoka,JP-22-01,official,
Shizuoka 1,https://www.soumu.go.jp/senkyo/senkyo_s/data/shugiin50/index.html,https://www.soumu.go.jp/senkyo/senkyo_s/data/shugiin50/index.html,上川 陽子,Liberal Democratic Party,0,201160,0,201160,,100581,0,first,,,鈴木 節子,Japanese Communist Party,13593,Shizuoka,JP-22-01,official,
Shizuoka 1,https://www.soumu.go.jp/senkyo/senkyo_s/data/shugiin50/index.html,https://www.soumu.go.jp/senkyo/senkyo_s/data/shugiin50/index.html,上川 陽子,Liberal Democratic Party,0,201160,0,201160,,100581,0,first,,,鈴木 惇弘,Independent,3675,Shizuoka,JP-22-01,official,
Shizuoka 2,https://www.soumu.go.jp/senkyo/senkyo_s/data/shugiin50/index.html,https://www.soumu.go.jp/senkyo/senkyo_s/data/shugiin50/index.html,井林 辰憲,Liberal Democratic Party,0,206036,0,206036,,103019,0,first,,,井林 辰憲,Liberal Democratic Party,113419,Shizuoka,JP-22-02,official,Candidate totals are the whole-vote figures in the official constituency table. Japan's national party summary separately allocates a very small number of fractional ambiguous ballots. District turnout and invalid-ballot metadata are unavailable.
Shizuoka 2,https://www.soumu.go.jp/senkyo/senkyo_s/data/shugiin50/index.html,https://www.soumu.go.jp/senkyo/senkyo_s/data/shugiin50/index.html,井林 辰憲,Liberal Democratic Party,0,206036,0,206036,,103019,0,first,,,鈴木 岳幸,Constitutional Democratic Party,70131,Shizuoka,JP-22-02,official,
Shizuoka 2,https://www.soumu.go.jp/senkyo/senkyo_s/data/shugiin50/index.html,https://www.soumu.go.jp/senkyo/senkyo_s/data/shugiin50/index.html,井林 辰憲,Liberal Democratic Party,0,206036,0,206036,,103019,0,first,,,提坂 大介,Sanseitō,22486,Shizuoka,JP-22-02,official,
Shizuoka 3,https://www.soumu.go.jp/senkyo/senkyo_s/data/shugiin50/index.html,https://www.soumu.go.jp/senkyo/senkyo_s/data/shugiin50/index.html,小山 展弘,Constitutional Democratic Party,0,213215,0,213215,,106608,0,first,,,小山 展弘,Constitutional Democratic Party,92072,Shizuoka,JP-22-03,official,Candidate totals are the whole-vote figures in the official constituency table. Japan's national party summary separately allocates a very small number of fractional ambiguous ballots. District turnout and invalid-ballot metadata are unavailable.
Shizuoka 3,https://www.soumu.go.jp/senkyo/senkyo_s/data/shugiin50/index.html,https://www.soumu.go.jp/senkyo/senkyo_s/data/shugiin50/index.html,小山 展弘,Constitutional Democratic Party,0,213215,0,213215,,106608,0,first,,,山本 裕三,Liberal Democratic Party,61599,Shizuoka,JP-22-03,official,
Shizuoka 3,https://www.soumu.go.jp/senkyo/senkyo_s/data/shugiin50/index.html,https://www.soumu.go.jp/senkyo/senkyo_s/data/shugiin50/index.html,小山 展弘,Constitutional Democratic Party,0,213215,0,213215,,106608,0,first,,,宮沢 博行,Independent,37975,Shizuoka,JP-22-03,official,
Shizuoka 3,https://www.soumu.go.jp/senkyo/senkyo_s/data/shugiin50/index.html,https://www.soumu.go.jp/senkyo/senkyo_s/data/shugiin50/index.html,小山 展弘,Constitutional Democratic Party,0,213215,0,213215,,106608,0,first,,,釜下 由佳子,Japan Innovation Party,17573,Shizuoka,JP-22-03,official,
Shizuoka 3,https://www.soumu.go.jp/senkyo/senkyo_s/data/shugiin50/index.html,https://www.soumu.go.jp/senkyo/senkyo_s/data/shugiin50/index.html,小山 展弘,Constitutional Democratic Party,0,213215,0,213215,,106608,0,first,,,杉村 義夫,Independent,3996,Shizuoka,JP-22-03,official,
Shizuoka 4,https://www.soumu.go.jp/senkyo/senkyo_s/data/shugiin50/index.html,https://www.soumu.go.jp/senkyo/senkyo_s/data/shugiin50/index.html,田中 健,Democratic Party for the People,0,162249,0,162249,,81125,0,first,,,田中 健,Democratic Party for the People,82448,Shizuoka,JP-22-04,official,Candidate totals are the whole-vote figures in the official constituency table. Japan's national party summary separately allocates a very small number of fractional ambiguous ballots. District turnout and invalid-ballot metadata are unavailable.
Shizuoka 4,https://www.soumu.go.jp/senkyo/senkyo_s/data/shugiin50/index.html,https://www.soumu.go.jp/senkyo/senkyo_s/data/shugiin50/index.html,田中 健,Democratic Party for the People,0,162249,0,162249,,81125,0,first,,,深澤 陽一,Liberal Democratic Party,79801,Shizuoka,JP-22-04,official,
Shizuoka 5,https://www.soumu.go.jp/senkyo/senkyo_s/data/shugiin50/index.html,https://www.soumu.go.jp/senkyo/senkyo_s/data/shugiin50/index.html,細野 豪志,Liberal Democratic Party,0,223238,0,223238,,111620,0,first,,,細野 豪志,Liberal Democratic Party,141021,Shizuoka,JP-22-05,official,Candidate totals are the whole-vote figures in the official constituency table. Japan's national party summary separately allocates a very small number of fractional ambiguous ballots. District turnout and invalid-ballot metadata are unavailable.
Shizuoka 5,https://www.soumu.go.jp/senkyo/senkyo_s/data/shugiin50/index.html,https://www.soumu.go.jp/senkyo/senkyo_s/data/shugiin50/index.html,細野 豪志,Liberal Democratic Party,0,223238,0,223238,,111620,0,first,,,外山 和之,Constitutional Democratic Party,66612,Shizuoka,JP-22-05,official,
Shizuoka 5,https://www.soumu.go.jp/senkyo/senkyo_s/data/shugiin50/index.html,https://www.soumu.go.jp/senkyo/senkyo_s/data/shugiin50/index.html,細野 豪志,Liberal Democratic Party,0,223238,0,223238,,111620,0,first,,,下山 一美,Japanese Communist Party,15605,Shizuoka,JP-22-05,official,
Shizuoka 6,https://www.soumu.go.jp/senkyo/senkyo_s/data/shugiin50/index.html,https://www.soumu.go.jp/senkyo/senkyo_s/data/shugiin50/index.html,渡辺 周,Constitutional Democratic Party,0,225313,0,225313,,112657,0,first,,,渡辺 周,Constitutional Democratic Party,104222,Shizuoka,JP-22-06,official,Candidate totals are the whole-vote figures in the official constituency table. Japan's national party summary separately allocates a very small number of fractional ambiguous ballots. District turnout and invalid-ballot metadata are unavailable.
Shizuoka 6,https://www.soumu.go.jp/senkyo/senkyo_s/data/shugiin50/index.html,https://www.soumu.go.jp/senkyo/senkyo_s/data/shugiin50/index.html,渡辺 周,Constitutional Democratic Party,0,225313,0,225313,,112657,0,first,,,勝俣 孝明,Liberal Democratic Party,100088,Shizuoka,JP-22-06,official,
Shizuoka 6,https://www.soumu.go.jp/senkyo/senkyo_s/data/shugiin50/index.html,https://www.soumu.go.jp/senkyo/senkyo_s/data/shugiin50/index.html,渡辺 周,Constitutional Democratic Party,0,225313,0,225313,,112657,0,first,,,冨谷 皐介,Reiwa Shinsengumi,21003,Shizuoka,JP-22-06,official,
Shizuoka 7,https://www.soumu.go.jp/senkyo/senkyo_s/data/shugiin50/index.html,https://www.soumu.go.jp/senkyo/senkyo_s/data/shugiin50/index.html,城内 実,Liberal Democratic Party,0,181996,0,181996,,90999,0,first,,,城内 実,Liberal Democratic Party,115175,Shizuoka,JP-22-07,official,Candidate totals are the whole-vote figures in the official constituency table. Japan's national party summary separately allocates a very small number of fractional ambiguous ballots. District turnout and invalid-ballot metadata are unavailable.
Shizuoka 7,https://www.soumu.go.jp/senkyo/senkyo_s/data/shugiin50/index.html,https://www.soumu.go.jp/senkyo/senkyo_s/data/shugiin50/index.html,城内 実,Liberal Democratic Party,0,181996,0,181996,,90999,0,first,,,日吉 雄太,Constitutional Democratic Party,54789,Shizuoka,JP-22-07,official,
Shizuoka 7,https://www.soumu.go.jp/senkyo/senkyo_s/data/shugiin50/index.html,https://www.soumu.go.jp/senkyo/senkyo_s/data/shugiin50/index.html,城内 実,Liberal Democratic Party,0,181996,0,181996,,90999,0,first,,,吉川 奈緒子,Japanese Communist Party,12032,Shizuoka,JP-22-07,official,
Shizuoka 8,https://www.soumu.go.jp/senkyo/senkyo_s/data/shugiin50/index.html,https://www.soumu.go.jp/senkyo/senkyo_s/data/shugiin50/index.html,源馬 謙太郎,Constitutional Democratic Party,0,206663,0,206663,,103332,0,first,,,源馬 謙太郎,Constitutional Democratic Party,108212,Shizuoka,JP-22-08,official,Candidate totals are the whole-vote figures in the official constituency table. Japan's national party summary separately allocates a very small number of fractional ambiguous ballots. District turnout and invalid-ballot metadata are unavailable.
Shizuoka 8,https://www.soumu.go.jp/senkyo/senkyo_s/data/shugiin50/index.html,https://www.soumu.go.jp/senkyo/senkyo_s/data/shugiin50/index.html,源馬 謙太郎,Constitutional Democratic Party,0,206663,0,206663,,103332,0,first,,,稲葉 大輔,Liberal Democratic Party,62333,Shizuoka,JP-22-08,official,
Shizuoka 8,https://www.soumu.go.jp/senkyo/senkyo_s/data/shugiin50/index.html,https://www.soumu.go.jp/senkyo/senkyo_s/data/shugiin50/index.html,源馬 謙太郎,Constitutional Democratic Party,0,206663,0,206663,,103332,0,first,,,寺嶋 瑞仁,Japan Innovation Party,16251,Shizuoka,JP-22-08,official,
Shizuoka 8,https://www.soumu.go.jp/senkyo/senkyo_s/data/shugiin50/index.html,https://www.soumu.go.jp/senkyo/senkyo_s/data/shugiin50/index.html,源馬 謙太郎,Constitutional Democratic Party,0,206663,0,206663,,103332,0,first,,,平賀 高成,Japanese Communist Party,11059,Shizuoka,JP-22-08,official,
Shizuoka 8,https://www.soumu.go.jp/senkyo/senkyo_s/data/shugiin50/index.html,https://www.soumu.go.jp/senkyo/senkyo_s/data/shugiin50/index.html,源馬 謙太郎,Constitutional Democratic Party,0,206663,0,206663,,103332,0,first,,,加藤 順久,Independent,8808,Shizuoka,JP-22-08,official,
Aichi 1,https://www.soumu.go.jp/senkyo/senkyo_s/data/shugiin50/index.html,https://www.soumu.go.jp/senkyo/senkyo_s/data/shugiin50/index.html,河村 たかし,Conservative Party of Japan,0,205108,0,205108,,102555,0,first,,,河村 たかし,Conservative Party of Japan,95613,Aichi,JP-23-01,official,Candidate totals are the whole-vote figures in the official constituency table. Japan's national party summary separately allocates a very small number of fractional ambiguous ballots. District turnout and invalid-ballot metadata are unavailable.
Aichi 1,https://www.soumu.go.jp/senkyo/senkyo_s/data/shugiin50/index.html,https://www.soumu.go.jp/senkyo/senkyo_s/data/shugiin50/index.html,河村 たかし,Conservative Party of Japan,0,205108,0,205108,,102555,0,first,,,吉田 統彦,Constitutional Democratic Party,48304,Aichi,JP-23-01,official,
Aichi 1,https://www.soumu.go.jp/senkyo/senkyo_s/data/shugiin50/index.html,https://www.soumu.go.jp/senkyo/senkyo_s/data/shugiin50/index.html,河村 たかし,Conservative Party of Japan,0,205108,0,205108,,102555,0,first,,,熊田 裕通,Liberal Democratic Party,43381,Aichi,JP-23-01,official,
Aichi 1,https://www.soumu.go.jp/senkyo/senkyo_s/data/shugiin50/index.html,https://www.soumu.go.jp/senkyo/senkyo_s/data/shugiin50/index.html,河村 たかし,Conservative Party of Japan,0,205108,0,205108,,102555,0,first,,,山本 耕一,Japan Innovation Party,17810,Aichi,JP-23-01,official,
Aichi 2,https://www.soumu.go.jp/senkyo/senkyo_s/data/shugiin50/index.html,https://www.soumu.go.jp/senkyo/senkyo_s/data/shugiin50/index.html,古川 元久,Democratic Party for the People,0,208220,0,208220,,104111,0,first,,,古川 元久,Democratic Party for the People,121739,Aichi,JP-23-02,official,Candidate totals are the whole-vote figures in the official constituency table. Japan's national party summary separately allocates a very small number of fractional ambiguous ballots. District turnout and invalid-ballot metadata are unavailable.
Aichi 2,https://www.soumu.go.jp/senkyo/senkyo_s/data/shugiin50/index.html,https://www.soumu.go.jp/senkyo/senkyo_s/data/shugiin50/index.html,古川 元久,Democratic Party for the People,0,208220,0,208220,,104111,0,first,,,中川 貴元,Liberal Democratic Party,50195,Aichi,JP-23-02,official,
Aichi 2,https://www.soumu.go.jp/senkyo/senkyo_s/data/shugiin50/index.html,https://www.soumu.go.jp/senkyo/senkyo_s/data/shugiin50/index.html,古川 元久,Democratic Party for the People,0,208220,0,208220,,104111,0,first,,,室園 幸志,Japan Innovation Party,18864,Aichi,JP-23-02,official,
Aichi 2,https://www.soumu.go.jp/senkyo/senkyo_s/data/shugiin50/index.html,https://www.soumu.go.jp/senkyo/senkyo_s/data/shugiin50/index.html,古川 元久,Democratic Party for the People,0,208220,0,208220,,104111,0,first,,,酒井 健太朗,Japanese Communist Party,17422,Aichi,JP-23-02,official,
Aichi 3,https://www.soumu.go.jp/senkyo/senkyo_s/data/shugiin50/index.html,https://www.soumu.go.jp/senkyo/senkyo_s/data/shugiin50/index.html,近藤 昭一,Constitutional Democratic Party,0,220656,0,220656,,110329,0,first,,,近藤 昭一,Constitutional Democratic Party,103624,Aichi,JP-23-03,official,Candidate totals are the whole-vote figures in the official constituency table. Japan's national party summary separately allocates a very small number of fractional ambiguous ballots. District turnout and invalid-ballot metadata are unavailable.
Aichi 3,https://www.soumu.go.jp/senkyo/senkyo_s/data/shugiin50/index.html,https://www.soumu.go.jp/senkyo/senkyo_s/data/shugiin50/index.html,近藤 昭一,Constitutional Democratic Party,0,220656,0,220656,,110329,0,first,,,水野 良彦,Liberal Democratic Party,54199,Aichi,JP-23-03,official,
Aichi 3,https://www.soumu.go.jp/senkyo/senkyo_s/data/shugiin50/index.html,https://www.soumu.go.jp/senkyo/senkyo_s/data/shugiin50/index.html,近藤 昭一,Constitutional Democratic Party,0,220656,0,220656,,110329,0,first,,,皆川 雅一,Japan Innovation Party,27187,Aichi,JP-23-03,official,
Aichi 3,https://www.soumu.go.jp/senkyo/senkyo_s/data/shugiin50/index.html,https://www.soumu.go.jp/senkyo/senkyo_s/data/shugiin50/index.html,近藤 昭一,Constitutional Democratic Party,0,220656,0,220656,,110329,0,first,,,大橋 享,Conservative Party of Japan,18412,Aichi,JP-23-03,official,
Aichi 3,https://www.soumu.go.jp/senkyo/senkyo_s/data/shugiin50/index.html,https://www.soumu.go.jp/senkyo/senkyo_s/data/shugiin50/index.html,近藤 昭一,Constitutional Democratic Party,0,220656,0,220656,,110329,0,first,,,杉本 純子,Sanseitō,17234,Aichi,JP-23-03,official,
Aichi 4,https://www.soumu.go.jp/senkyo/senkyo_s/data/shugiin50/index.html,https://www.soumu.go.jp/senkyo/senkyo_s/data/shugiin50/index.html,牧 義夫,Constitutional Democratic Party,0,174972,0,174972,,87487,0,first,,,牧 義夫,Constitutional Democratic Party,63668,Aichi,JP-23-04,official,Candidate totals are the whole-vote figures in the official constituency table. Japan's national party summary separately allocates a very small number of fractional ambiguous ballots. District turnout and invalid-ballot metadata are unavailable.
Aichi 4,https://www.soumu.go.jp/senkyo/senkyo_s/data/shugiin50/index.html,https://www.soumu.go.jp/senkyo/senkyo_s/data/shugiin50/index.html,牧 義夫,Constitutional Democratic Party,0,174972,0,174972,,87487,0,first,,,工藤 彰三,Liberal Democratic Party,54385,Aichi,JP-23-04,official,
Aichi 4,https://www.soumu.go.jp/senkyo/senkyo_s/data/shugiin50/index.html,https://www.soumu.go.jp/senkyo/senkyo_s/data/shugiin50/index.html,牧 義夫,Constitutional Democratic Party,0,174972,0,174972,,87487,0,first,,,中田 千代,Japan Innovation Party,22661,Aichi,JP-23-04,official,
Aichi 4,https://www.soumu.go.jp/senkyo/senkyo_s/data/shugiin50/index.html,https://www.soumu.go.jp/senkyo/senkyo_s/data/shugiin50/index.html,牧 義夫,Constitutional Democratic Party,0,174972,0,174972,,87487,0,first,,,麻生 知沙,Conservative Party of Japan,19805,Aichi,JP-23-04,official,
Aichi 4,https://www.soumu.go.jp/senkyo/senkyo_s/data/shugiin50/index.html,https://www.soumu.go.jp/senkyo/senkyo_s/data/shugiin50/index.html,牧 義夫,Constitutional Democratic Party,0,174972,0,174972,,87487,0,first,,,高橋 祐介,Japanese Communist Party,14453,Aichi,JP-23-04,official,
Aichi 5,https://www.soumu.go.jp/senkyo/senkyo_s/data/shugiin50/index.html,https://www.soumu.go.jp/senkyo/senkyo_s/data/shugiin50/index.html,西川 厚志,Constitutional Democratic Party,0,158656,0,158656,,79329,0,first,,,西川 厚志,Constitutional Democratic Party,54818,Aichi,JP-23-05,official,Candidate totals are the whole-vote figures in the official constituency table. Japan's national party summary separately allocates a very small number of fractional ambiguous ballots. District turnout and invalid-ballot metadata are unavailable.
Aichi 5,https://www.soumu.go.jp/senkyo/senkyo_s/data/shugiin50/index.html,https://www.soumu.go.jp/senkyo/senkyo_s/data/shugiin50/index.html,西川 厚志,Constitutional Democratic Party,0,158656,0,158656,,79329,0,first,,,神田 憲次,Liberal Democratic Party,36662,Aichi,JP-23-05,official,
Aichi 5,https://www.soumu.go.jp/senkyo/senkyo_s/data/shugiin50/index.html,https://www.soumu.go.jp/senkyo/senkyo_s/data/shugiin50/index.html,西川 厚志,Constitutional Democratic Party,0,158656,0,158656,,79329,0,first,,,岬 麻紀,Japan Innovation Party,33568,Aichi,JP-23-05,official,
Aichi 5,https://www.soumu.go.jp/senkyo/senkyo_s/data/shugiin50/index.html,https://www.soumu.go.jp/senkyo/senkyo_s/data/shugiin50/index.html,西川 厚志,Constitutional Democratic Party,0,158656,0,158656,,79329,0,first,,,田中 克和,Conservative Party of Japan,22007,Aichi,JP-23-05,official,
Aichi 5,https://www.soumu.go.jp/senkyo/senkyo_s/data/shugiin50/index.html,https://www.soumu.go.jp/senkyo/senkyo_s/data/shugiin50/index.html,西川 厚志,Constitutional Democratic Party,0,158656,0,158656,,79329,0,first,,,江上 博之,Japanese Communist Party,11601,Aichi,JP-23-05,official,
Aichi 6,https://www.soumu.go.jp/senkyo/senkyo_s/data/shugiin50/index.html,https://www.soumu.go.jp/senkyo/senkyo_s/data/shugiin50/index.html,丹羽 秀樹,Liberal Democratic Party,0,177970,0,177970,,88986,0,first,,,丹羽 秀樹,Liberal Democratic Party,92083,Aichi,JP-23-06,official,Candidate totals are the whole-vote figures in the official constituency table. Japan's national party summary separately allocates a very small number of fractional ambiguous ballots. District turnout and invalid-ballot metadata are unavailable.
Aichi 6,https://www.soumu.go.jp/senkyo/senkyo_s/data/shugiin50/index.html,https://www.soumu.go.jp/senkyo/senkyo_s/data/shugiin50/index.html,丹羽 秀樹,Liberal Democratic Party,0,177970,0,177970,,88986,0,first,,,前田 雄吉,Independent,32608,Aichi,JP-23-06,official,
Aichi 6,https://www.soumu.go.jp/senkyo/senkyo_s/data/shugiin50/index.html,https://www.soumu.go.jp/senkyo/senkyo_s/data/shugiin50/index.html,丹羽 秀樹,Liberal Democratic Party,0,177970,0,177970,,88986,0,first,,,大西 雅人,Social Democratic Party,26854,Aichi,JP-23-06,official,
Aichi 6,https://www.soumu.go.jp/senkyo/senkyo_s/data/shugiin50/index.html,https://www.soumu.go.jp/senkyo/senkyo_s/data/shugiin50/index.html,丹羽 秀樹,Liberal Democratic Party,0,177970,0,177970,,88986,0,first,,,原田 学,Japanese Communist Party,26425,Aichi,JP-23-06,official,
Aichi 7,https://www.soumu.go.jp/senkyo/senkyo_s/data/shugiin50/index.html,https://www.soumu.go.jp/senkyo/senkyo_s/data/shugiin50/index.html,日野 紗里亜,Democratic Party for the People,0,199362,0,199362,,99682,0,first,,,日野 紗里亜,Democratic Party for the People,111406,Aichi,JP-23-07,official,Candidate totals are the whole-vote figures in the official constituency table. Japan's national party summary separately allocates a very small number of fractional ambiguous ballots. District turnout and invalid-ballot metadata are unavailable.
Aichi 7,https://www.soumu.go.jp/senkyo/senkyo_s/data/shugiin50/index.html,https://www.soumu.go.jp/senkyo/senkyo_s/data/shugiin50/index.html,日野 紗里亜,Democratic Party for the People,0,199362,0,199362,,99682,0,first,,,鈴木 淳司,Liberal Democratic Party,71176,Aichi,JP-23-07,official,
Aichi 7,https://www.soumu.go.jp/senkyo/senkyo_s/data/shugiin50/index.html,https://www.soumu.go.jp/senkyo/senkyo_s/data/shugiin50/index.html,日野 紗里亜,Democratic Party for the People,0,199362,0,199362,,99682,0,first,,,鈴木 弘一,Japanese Communist Party,16780,Aichi,JP-23-07,official,
Aichi 8,https://www.soumu.go.jp/senkyo/senkyo_s/data/shugiin50/index.html,https://www.soumu.go.jp/senkyo/senkyo_s/data/shugiin50/index.html,伴野 豊,Constitutional Democratic Party,0,231925,0,231925,,115963,0,first,,,伴野 豊,Constitutional Democratic Party,115282,Aichi,JP-23-08,official,Candidate totals are the whole-vote figures in the official constituency table. Japan's national party summary separately allocates a very small number of fractional ambiguous ballots. District turnout and invalid-ballot metadata are unavailable.
Aichi 8,https://www.soumu.go.jp/senkyo/senkyo_s/data/shugiin50/index.html,https://www.soumu.go.jp/senkyo/senkyo_s/data/shugiin50/index.html,伴野 豊,Constitutional Democratic Party,0,231925,0,231925,,115963,0,first,,,伊藤 忠彦,Liberal Democratic Party,95844,Aichi,JP-23-08,official,
Aichi 8,https://www.soumu.go.jp/senkyo/senkyo_s/data/shugiin50/index.html,https://www.soumu.go.jp/senkyo/senkyo_s/data/shugiin50/index.html,伴野 豊,Constitutional Democratic Party,0,231925,0,231925,,115963,0,first,,,古川 大暁,Japanese Communist Party,20799,Aichi,JP-23-08,official,
Aichi 9,https://www.soumu.go.jp/senkyo/senkyo_s/data/shugiin50/index.html,https://www.soumu.go.jp/senkyo/senkyo_s/data/shugiin50/index.html,岡本 充功,Constitutional Democratic Party,0,189777,0,189777,,94889,0,first,,,岡本 充功,Constitutional Democratic Party,91152,Aichi,JP-23-09,official,Candidate totals are the whole-vote figures in the official constituency table. Japan's national party summary separately allocates a very small number of fractional ambiguous ballots. District turnout and invalid-ballot metadata are unavailable.
Aichi 9,https://www.soumu.go.jp/senkyo/senkyo_s/data/shugiin50/index.html,https://www.soumu.go.jp/senkyo/senkyo_s/data/shugiin50/index.html,岡本 充功,Constitutional Democratic Party,0,189777,0,189777,,94889,0,first,,,長坂 康正,Liberal Democratic Party,78726,Aichi,JP-23-09,official,
Aichi 9,https://www.soumu.go.jp/senkyo/senkyo_s/data/shugiin50/index.html,https://www.soumu.go.jp/senkyo/senkyo_s/data/shugiin50/index.html,岡本 充功,Constitutional Democratic Party,0,189777,0,189777,,94889,0,first,,,伊藤 恵子,Japanese Communist Party,19899,Aichi,JP-23-09,official,
Aichi 10,https://www.soumu.go.jp/senkyo/senkyo_s/data/shugiin50/index.html,https://www.soumu.go.jp/senkyo/senkyo_s/data/shugiin50/index.html,藤原 規眞,Constitutional Democratic Party,0,172177,0,172177,,86089,0,first,,,藤原 規眞,Constitutional Democratic Party,59691,Aichi,JP-23-10,official,Candidate totals are the whole-vote figures in the official constituency table. Japan's national party summary separately allocates a very small number of fractional ambiguous ballots. District turnout and invalid-ballot metadata are unavailable.
Aichi 10,https://www.soumu.go.jp/senkyo/senkyo_s/data/shugiin50/index.html,https://www.soumu.go.jp/senkyo/senkyo_s/data/shugiin50/index.html,藤原 規眞,Constitutional Democratic Party,0,172177,0,172177,,86089,0,first,,,若山 慎司,Liberal Democratic Party,59529,Aichi,JP-23-10,official,
Aichi 10,https://www.soumu.go.jp/senkyo/senkyo_s/data/shugiin50/index.html,https://www.soumu.go.jp/senkyo/senkyo_s/data/shugiin50/index.html,藤原 規眞,Constitutional Democratic Party,0,172177,0,172177,,86089,0,first,,,杉本 和巳,Japan Innovation Party,52957,Aichi,JP-23-10,official,
Aichi 11,https://www.soumu.go.jp/senkyo/senkyo_s/data/shugiin50/index.html,https://www.soumu.go.jp/senkyo/senkyo_s/data/shugiin50/index.html,丹野 みどり,Democratic Party for the People,0,236477,0,236477,,118239,0,first,,,丹野 みどり,Democratic Party for the People,134528,Aichi,JP-23-11,official,Candidate totals are the whole-vote figures in the official constituency table. Japan's national party summary separately allocates a very small number of fractional ambiguous ballots. District turnout and invalid-ballot metadata are unavailable.
Aichi 11,https://www.soumu.go.jp/senkyo/senkyo_s/data/shugiin50/index.html,https://www.soumu.go.jp/senkyo/senkyo_s/data/shugiin50/index.html,丹野 みどり,Democratic Party for the People,0,236477,0,236477,,118239,0,first,,,八木 哲也,Liberal Democratic Party,90844,Aichi,JP-23-11,official,
Aichi 11,https://www.soumu.go.jp/senkyo/senkyo_s/data/shugiin50/index.html,https://www.soumu.go.jp/senkyo/senkyo_s/data/shugiin50/index.html,丹野 みどり,Democratic Party for the People,0,236477,0,236477,,118239,0,first,,,植田 和男,Japanese Communist Party,11105,Aichi,JP-23-11,official,
Aichi 12,https://www.soumu.go.jp/senkyo/senkyo_s/data/shugiin50/index.html,https://www.soumu.go.jp/senkyo/senkyo_s/data/shugiin50/index.html,重徳 和彦,Constitutional Democratic Party,0,251572,0,251572,,125787,0,first,,,重徳 和彦,Constitutional Democratic Party,126940,Aichi,JP-23-12,official,Candidate totals are the whole-vote figures in the official constituency table. Japan's national party summary separately allocates a very small number of fractional ambiguous ballots. District turnout and invalid-ballot metadata are unavailable.
Aichi 12,https://www.soumu.go.jp/senkyo/senkyo_s/data/shugiin50/index.html,https://www.soumu.go.jp/senkyo/senkyo_s/data/shugiin50/index.html,重徳 和彦,Constitutional Democratic Party,0,251572,0,251572,,125787,0,first,,,青山 周平,Liberal Democratic Party,86025,Aichi,JP-23-12,official,
Aichi 12,https://www.soumu.go.jp/senkyo/senkyo_s/data/shugiin50/index.html,https://www.soumu.go.jp/senkyo/senkyo_s/data/shugiin50/index.html,重徳 和彦,Constitutional Democratic Party,0,251572,0,251572,,125787,0,first,,,中川 博登,Japan Innovation Party,28489,Aichi,JP-23-12,official,
Aichi 12,https://www.soumu.go.jp/senkyo/senkyo_s/data/shugiin50/index.html,https://www.soumu.go.jp/senkyo/senkyo_s/data/shugiin50/index.html,重徳 和彦,Constitutional Democratic Party,0,251572,0,251572,,125787,0,first,,,関 久一,Japanese Communist Party,10118,Aichi,JP-23-12,official,
Aichi 13,https://www.soumu.go.jp/senkyo/senkyo_s/data/shugiin50/index.html,https://www.soumu.go.jp/senkyo/senkyo_s/data/shugiin50/index.html,大西 健介,Constitutional Democratic Party,0,244976,0,244976,,122489,0,first,,,大西 健介,Constitutional Democratic Party,137944,Aichi,JP-23-13,official,Candidate totals are the whole-vote figures in the official constituency table. Japan's national party summary separately allocates a very small number of fractional ambiguous ballots. District turnout and invalid-ballot metadata are unavailable.
Aichi 13,https://www.soumu.go.jp/senkyo/senkyo_s/data/shugiin50/index.html,https://www.soumu.go.jp/senkyo/senkyo_s/data/shugiin50/index.html,大西 健介,Constitutional Democratic Party,0,244976,0,244976,,122489,0,first,,,石井 拓,Liberal Democratic Party,90214,Aichi,JP-23-13,official,
Aichi 13,https://www.soumu.go.jp/senkyo/senkyo_s/data/shugiin50/index.html,https://www.soumu.go.jp/senkyo/senkyo_s/data/shugiin50/index.html,大西 健介,Constitutional Democratic Party,0,244976,0,244976,,122489,0,first,,,牛田 清博,Japanese Communist Party,16818,Aichi,JP-23-13,official,
Aichi 14,https://www.soumu.go.jp/senkyo/senkyo_s/data/shugiin50/index.html,https://www.soumu.go.jp/senkyo/senkyo_s/data/shugiin50/index.html,今枝 宗一郎,Liberal Democratic Party,0,165067,0,165067,,82534,0,first,,,今枝 宗一郎,Liberal Democratic Party,90334,Aichi,JP-23-14,official,Candidate totals are the whole-vote figures in the official constituency table. Japan's national party summary separately allocates a very small number of fractional ambiguous ballots. District turnout and invalid-ballot metadata are unavailable.
Aichi 14,https://www.soumu.go.jp/senkyo/senkyo_s/data/shugiin50/index.html,https://www.soumu.go.jp/senkyo/senkyo_s/data/shugiin50/index.html,今枝 宗一郎,Liberal Democratic Party,0,165067,0,165067,,82534,0,first,,,大嶽 理恵,Constitutional Democratic Party,64763,Aichi,JP-23-14,official,
Aichi 14,https://www.soumu.go.jp/senkyo/senkyo_s/data/shugiin50/index.html,https://www.soumu.go.jp/senkyo/senkyo_s/data/shugiin50/index.html,今枝 宗一郎,Liberal Democratic Party,0,165067,0,165067,,82534,0,first,,,浅尾 大輔,Japanese Communist Party,9970,Aichi,JP-23-14,official,
Aichi 15,https://www.soumu.go.jp/senkyo/senkyo_s/data/shugiin50/index.html,https://www.soumu.go.jp/senkyo/senkyo_s/data/shugiin50/index.html,根本 幸典,Liberal Democratic Party,0,183543,0,183543,,91772,0,first,,,根本 幸典,Liberal Democratic Party,71012,Aichi,JP-23-15,official,Candidate totals are the whole-vote figures in the official constituency table. Japan's national party summary separately allocates a very small number of fractional ambiguous ballots. District turnout and invalid-ballot metadata are unavailable.
Aichi 15,https://www.soumu.go.jp/senkyo/senkyo_s/data/shugiin50/index.html,https://www.soumu.go.jp/senkyo/senkyo_s/data/shugiin50/index.html,根本 幸典,Liberal Democratic Party,0,183543,0,183543,,91772,0,first,,,関 健一郎,Japan Innovation Party,44945,Aichi,JP-23-15,official,
Aichi 15,https://www.soumu.go.jp/senkyo/senkyo_s/data/shugiin50/index.html,https://www.soumu.go.jp/senkyo/senkyo_s/data/shugiin50/index.html,根本 幸典,Liberal Democratic Party,0,183543,0,183543,,91772,0,first,,,小山 千帆,Constitutional Democratic Party,42837,Aichi,JP-23-15,official,
Aichi 15,https://www.soumu.go.jp/senkyo/senkyo_s/data/shugiin50/index.html,https://www.soumu.go.jp/senkyo/senkyo_s/data/shugiin50/index.html,根本 幸典,Liberal Democratic Party,0,183543,0,183543,,91772,0,first,,,辻 恵,Reiwa Shinsengumi,17529,Aichi,JP-23-15,official,
Aichi 15,https://www.soumu.go.jp/senkyo/senkyo_s/data/shugiin50/index.html,https://www.soumu.go.jp/senkyo/senkyo_s/data/shugiin50/index.html,根本 幸典,Liberal Democratic Party,0,183543,0,183543,,91772,0,first,,,高木 繁,Japanese Communist Party,7220,Aichi,JP-23-15,official,
Aichi 16,https://www.soumu.go.jp/senkyo/senkyo_s/data/shugiin50/index.html,https://www.soumu.go.jp/senkyo/senkyo_s/data/shugiin50/index.html,福田 徹,Democratic Party for the People,0,201444,0,201444,,100723,0,first,,,福田 徹,Democratic Party for the People,65923,Aichi,JP-23-16,official,Candidate totals are the whole-vote figures in the official constituency table. Japan's national party summary separately allocates a very small number of fractional ambiguous ballots. District turnout and invalid-ballot metadata are unavailable.
Aichi 16,https://www.soumu.go.jp/senkyo/senkyo_s/data/shugiin50/index.html,https://www.soumu.go.jp/senkyo/senkyo_s/data/shugiin50/index.html,福田 徹,Democratic Party for the People,0,201444,0,201444,,100723,0,first,,,犬飼 明佳,Komeito,63095,Aichi,JP-23-16,official,
Aichi 16,https://www.soumu.go.jp/senkyo/senkyo_s/data/shugiin50/index.html,https://www.soumu.go.jp/senkyo/senkyo_s/data/shugiin50/index.html,福田 徹,Democratic Party for the People,0,201444,0,201444,,100723,0,first,,,松田 功,Constitutional Democratic Party,61792,Aichi,JP-23-16,official,
Aichi 16,https://www.soumu.go.jp/senkyo/senkyo_s/data/shugiin50/index.html,https://www.soumu.go.jp/senkyo/senkyo_s/data/shugiin50/index.html,福田 徹,Democratic Party for the People,0,201444,0,201444,,100723,0,first,,,松崎 省三,Japanese Communist Party,10634,Aichi,JP-23-16,official,
Mie 1,https://www.soumu.go.jp/senkyo/senkyo_s/data/shugiin50/index.html,https://www.soumu.go.jp/senkyo/senkyo_s/data/shugiin50/index.html,田村 憲久,Liberal Democratic Party,0,187472,0,187472,,93737,0,first,,,田村 憲久,Liberal Democratic Party,107926,Mie,JP-24-01,official,Candidate totals are the whole-vote figures in the official constituency table. Japan's national party summary separately allocates a very small number of fractional ambiguous ballots. District turnout and invalid-ballot metadata are unavailable.
Mie 1,https://www.soumu.go.jp/senkyo/senkyo_s/data/shugiin50/index.html,https://www.soumu.go.jp/senkyo/senkyo_s/data/shugiin50/index.html,田村 憲久,Liberal Democratic Party,0,187472,0,187472,,93737,0,first,,,福森 和歌子,Constitutional Democratic Party,63770,Mie,JP-24-01,official,
Mie 1,https://www.soumu.go.jp/senkyo/senkyo_s/data/shugiin50/index.html,https://www.soumu.go.jp/senkyo/senkyo_s/data/shugiin50/index.html,田村 憲久,Liberal Democratic Party,0,187472,0,187472,,93737,0,first,,,出口 洋介,Japanese Communist Party,15776,Mie,JP-24-01,official,
Mie 2,https://www.soumu.go.jp/senkyo/senkyo_s/data/shugiin50/index.html,https://www.soumu.go.jp/senkyo/senkyo_s/data/shugiin50/index.html,下野 幸助,Constitutional Democratic Party,0,216450,0,216450,,108226,0,first,,,下野 幸助,Constitutional Democratic Party,90930,Mie,JP-24-02,official,Candidate totals are the whole-vote figures in the official constituency table. Japan's national party summary separately allocates a very small number of fractional ambiguous ballots. District turnout and invalid-ballot metadata are unavailable.
Mie 2,https://www.soumu.go.jp/senkyo/senkyo_s/data/shugiin50/index.html,https://www.soumu.go.jp/senkyo/senkyo_s/data/shugiin50/index.html,下野 幸助,Constitutional Democratic Party,0,216450,0,216450,,108226,0,first,,,川崎 秀人,Liberal Democratic Party,85863,Mie,JP-24-02,official,
Mie 2,https://www.soumu.go.jp/senkyo/senkyo_s/data/shugiin50/index.html,https://www.soumu.go.jp/senkyo/senkyo_s/data/shugiin50/index.html,下野 幸助,Constitutional Democratic Party,0,216450,0,216450,,108226,0,first,,,森口 あゆみ,Japan Innovation Party,23904,Mie,JP-24-02,official,
Mie 2,https://www.soumu.go.jp/senkyo/senkyo_s/data/shugiin50/index.html,https://www.soumu.go.jp/senkyo/senkyo_s/data/shugiin50/index.html,下野 幸助,Constitutional Democratic Party,0,216450,0,216450,,108226,0,first,,,山本 里香,Japanese Communist Party,15753,Mie,JP-24-02,official,
Mie 3,https://www.soumu.go.jp/senkyo/senkyo_s/data/shugiin50/index.html,https://www.soumu.go.jp/senkyo/senkyo_s/data/shugiin50/index.html,岡田 克也,Constitutional Democratic Party,0,226581,0,226581,,113291,0,first,,,岡田 克也,Constitutional Democratic Party,137953,Mie,JP-24-03,official,Candidate totals are the whole-vote figures in the official constituency table. Japan's national party summary separately allocates a very small number of fractional ambiguous ballots. District turnout and invalid-ballot metadata are unavailable.
Mie 3,https://www.soumu.go.jp/senkyo/senkyo_s/data/shugiin50/index.html,https://www.soumu.go.jp/senkyo/senkyo_s/data/shugiin50/index.html,岡田 克也,Constitutional Democratic Party,0,226581,0,226581,,113291,0,first,,,石原 正敬,Liberal Democratic Party,56630,Mie,JP-24-03,official,
Mie 3,https://www.soumu.go.jp/senkyo/senkyo_s/data/shugiin50/index.html,https://www.soumu.go.jp/senkyo/senkyo_s/data/shugiin50/index.html,岡田 克也,Constitutional Democratic Party,0,226581,0,226581,,113291,0,first,,,伊藤 昌志,Japan Innovation Party,31998,Mie,JP-24-03,official,
Mie 4,https://www.soumu.go.jp/senkyo/senkyo_s/data/shugiin50/index.html,https://www.soumu.go.jp/senkyo/senkyo_s/data/shugiin50/index.html,鈴木 英敬,Liberal Democratic Party,0,160527,0,160527,,80264,0,first,,,鈴木 英敬,Liberal Democratic Party,96619,Mie,JP-24-04,official,Candidate totals are the whole-vote figures in the official constituency table. Japan's national party summary separately allocates a very small number of fractional ambiguous ballots. District turnout and invalid-ballot metadata are unavailable.
Mie 4,https://www.soumu.go.jp/senkyo/senkyo_s/data/shugiin50/index.html,https://www.soumu.go.jp/senkyo/senkyo_s/data/shugiin50/index.html,鈴木 英敬,Liberal Democratic Party,0,160527,0,160527,,80264,0,first,,,青沼 陽一郎,Constitutional Democratic Party,53360,Mie,JP-24-04,official,
Mie 4,https://www.soumu.go.jp/senkyo/senkyo_s/data/shugiin50/index.html,https://www.soumu.go.jp/senkyo/senkyo_s/data/shugiin50/index.html,鈴木 英敬,Liberal Democratic Party,0,160527,0,160527,,80264,0,first,,,中川 民英,Japanese Communist Party,10548,Mie,JP-24-04,official,
Shiga 1,https://www.soumu.go.jp/senkyo/senkyo_s/data/shugiin50/index.html,https://www.soumu.go.jp/senkyo/senkyo_s/data/shugiin50/index.html,斎藤 アレックス,Japan Innovation Party,0,172518,0,172518,,86260,0,first,,,斎藤 アレックス,Japan Innovation Party,74126,Shiga,JP-25-01,official,Candidate totals are the whole-vote figures in the official constituency table. Japan's national party summary separately allocates a very small number of fractional ambiguous ballots. District turnout and invalid-ballot metadata are unavailable.
Shiga 1,https://www.soumu.go.jp/senkyo/senkyo_s/data/shugiin50/index.html,https://www.soumu.go.jp/senkyo/senkyo_s/data/shugiin50/index.html,斎藤 アレックス,Japan Innovation Party,0,172518,0,172518,,86260,0,first,,,大岡 敏孝,Liberal Democratic Party,70033,Shiga,JP-25-01,official,
Shiga 1,https://www.soumu.go.jp/senkyo/senkyo_s/data/shugiin50/index.html,https://www.soumu.go.jp/senkyo/senkyo_s/data/shugiin50/index.html,斎藤 アレックス,Japan Innovation Party,0,172518,0,172518,,86260,0,first,,,黄野瀬 明子,Japanese Communist Party,28359,Shiga,JP-25-01,official,
Shiga 2,https://www.soumu.go.jp/senkyo/senkyo_s/data/shugiin50/index.html,https://www.soumu.go.jp/senkyo/senkyo_s/data/shugiin50/index.html,上野 賢一郎,Liberal Democratic Party,0,227317,0,227317,,113659,0,first,,,上野 賢一郎,Liberal Democratic Party,99347,Shiga,JP-25-02,official,Candidate totals are the whole-vote figures in the official constituency table. Japan's national party summary separately allocates a very small number of fractional ambiguous ballots. District turnout and invalid-ballot metadata are unavailable.
Shiga 2,https://www.soumu.go.jp/senkyo/senkyo_s/data/shugiin50/index.html,https://www.soumu.go.jp/senkyo/senkyo_s/data/shugiin50/index.html,上野 賢一郎,Liberal Democratic Party,0,227317,0,227317,,113659,0,first,,,平尾 道雄,Constitutional Democratic Party,65324,Shiga,JP-25-02,official,
Shiga 2,https://www.soumu.go.jp/senkyo/senkyo_s/data/shugiin50/index.html,https://www.soumu.go.jp/senkyo/senkyo_s/data/shugiin50/index.html,上野 賢一郎,Liberal Democratic Party,0,227317,0,227317,,113659,0,first,,,徳永 久志,Japan Innovation Party,62646,Shiga,JP-25-02,official,
Shiga 3,https://www.soumu.go.jp/senkyo/senkyo_s/data/shugiin50/index.html,https://www.soumu.go.jp/senkyo/senkyo_s/data/shugiin50/index.html,武村 展英,Liberal Democratic Party,0,212810,0,212810,,106406,0,first,,,武村 展英,Liberal Democratic Party,95874,Shiga,JP-25-03,official,Candidate totals are the whole-vote figures in the official constituency table. Japan's national party summary separately allocates a very small number of fractional ambiguous ballots. District turnout and invalid-ballot metadata are unavailable.
Shiga 3,https://www.soumu.go.jp/senkyo/senkyo_s/data/shugiin50/index.html,https://www.soumu.go.jp/senkyo/senkyo_s/data/shugiin50/index.html,武村 展英,Liberal Democratic Party,0,212810,0,212810,,106406,0,first,,,出路 真吾,Japan Innovation Party,64628,Shiga,JP-25-03,official,
Shiga 3,https://www.soumu.go.jp/senkyo/senkyo_s/data/shugiin50/index.html,https://www.soumu.go.jp/senkyo/senkyo_s/data/shugiin50/index.html,武村 展英,Liberal Democratic Party,0,212810,0,212810,,106406,0,first,,,北野 裕子,Sanseitō,26862,Shiga,JP-25-03,official,
Shiga 3,https://www.soumu.go.jp/senkyo/senkyo_s/data/shugiin50/index.html,https://www.soumu.go.jp/senkyo/senkyo_s/data/shugiin50/index.html,武村 展英,Liberal Democratic Party,0,212810,0,212810,,106406,0,first,,,佐藤 耕平,Japanese Communist Party,25446,Shiga,JP-25-03,official,
Kyoto 1,https://www.soumu.go.jp/senkyo/senkyo_s/data/shugiin50/index.html,https://www.soumu.go.jp/senkyo/senkyo_s/data/shugiin50/index.html,勝目 康,Liberal Democratic Party,0,197894,0,197894,,98948,0,first,,,勝目 康,Liberal Democratic Party,63057,Kyoto,JP-26-01,official,Candidate totals are the whole-vote figures in the official constituency table. Japan's national party summary separately allocates a very small number of fractional ambiguous ballots. District turnout and invalid-ballot metadata are unavailable.
Kyoto 1,https://www.soumu.go.jp/senkyo/senkyo_s/data/shugiin50/index.html,https://www.soumu.go.jp/senkyo/senkyo_s/data/shugiin50/index.html,勝目 康,Liberal Democratic Party,0,197894,0,197894,,98948,0,first,,,堀場 幸子,Japan Innovation Party,37876,Kyoto,JP-26-01,official,
Kyoto 1,https://www.soumu.go.jp/senkyo/senkyo_s/data/shugiin50/index.html,https://www.soumu.go.jp/senkyo/senkyo_s/data/shugiin50/index.html,勝目 康,Liberal Democratic Party,0,197894,0,197894,,98948,0,first,,,平竹 耕三,Constitutional Democratic Party,36232,Kyoto,JP-26-01,official,
Kyoto 1,https://www.soumu.go.jp/senkyo/senkyo_s/data/shugiin50/index.html,https://www.soumu.go.jp/senkyo/senkyo_s/data/shugiin50/index.html,勝目 康,Liberal Democratic Party,0,197894,0,197894,,98948,0,first,,,井坂 博文,Japanese Communist Party,29988,Kyoto,JP-26-01,official,
Kyoto 1,https://www.soumu.go.jp/senkyo/senkyo_s/data/shugiin50/index.html,https://www.soumu.go.jp/senkyo/senkyo_s/data/shugiin50/index.html,勝目 康,Liberal Democratic Party,0,197894,0,197894,,98948,0,first,,,安持 成美,Reiwa Shinsengumi,14531,Kyoto,JP-26-01,official,
Kyoto 1,https://www.soumu.go.jp/senkyo/senkyo_s/data/shugiin50/index.html,https://www.soumu.go.jp/senkyo/senkyo_s/data/shugiin50/index.html,勝目 康,Liberal Democratic Party,0,197894,0,197894,,98948,0,first,,,安達 悠司,Sanseitō,13825,Kyoto,JP-26-01,official,
Kyoto 1,https://www.soumu.go.jp/senkyo/senkyo_s/data/shugiin50/index.html,https://www.soumu.go.jp/senkyo/senkyo_s/data/shugiin50/index.html,勝目 康,Liberal Democratic Party,0,197894,0,197894,,98948,0,first,,,山下 博子,Independent,2385,Kyoto,JP-26-01,official,
Kyoto 2,https://www.soumu.go.jp/senkyo/senkyo_s/data/shugiin50/index.html,https://www.soumu.go.jp/senkyo/senkyo_s/data/shugiin50/index.html,前原 誠司,Japan Innovation Party,0,132828,0,132828,,66415,0,first,,,前原 誠司,Japan Innovation Party,60922,Kyoto,JP-26-02,official,Candidate totals are the whole-vote figures in the official constituency table. Japan's national party summary separately allocates a very small number of fractional ambiguous ballots. District turnout and invalid-ballot metadata are unavailable.
Kyoto 2,https://www.soumu.go.jp/senkyo/senkyo_s/data/shugiin50/index.html,https://www.soumu.go.jp/senkyo/senkyo_s/data/shugiin50/index.html,前原 誠司,Japan Innovation Party,0,132828,0,132828,,66415,0,first,,,堀川 朗子,Japanese Communist Party,30697,Kyoto,JP-26-02,official,
Kyoto 2,https://www.soumu.go.jp/senkyo/senkyo_s/data/shugiin50/index.html,https://www.soumu.go.jp/senkyo/senkyo_s/data/shugiin50/index.html,前原 誠司,Japan Innovation Party,0,132828,0,132828,,66415,0,first,,,佐野 英志,Liberal Democratic Party,29638,Kyoto,JP-26-02,official,
Kyoto 2,https://www.soumu.go.jp/senkyo/senkyo_s/data/shugiin50/index.html,https://www.soumu.go.jp/senkyo/senkyo_s/data/shugiin50/index.html,前原 誠司,Japan Innovation Party,0,132828,0,132828,,66415,0,first,,,小松 広明,Sanseitō,8270,Kyoto,JP-26-02,official,
Kyoto 2,https://www.soumu.go.jp/senkyo/senkyo_s/data/shugiin50/index.html,https://www.soumu.go.jp/senkyo/senkyo_s/data/shugiin50/index.html,前原 誠司,Japan Innovation Party,0,132828,0,132828,,66415,0,first,,,本田 裕典,Independent,2450,Kyoto,JP-26-02,official,
Kyoto 2,https://www.soumu.go.jp/senkyo/senkyo_s/data/shugiin50/index.html,https://www.soumu.go.jp/senkyo/senkyo_s/data/shugiin50/index.html,前原 誠司,Japan Innovation Party,0,132828,0,132828,,66415,0,first,,,弘田 哲雄,Independent,851,Kyoto,JP-26-02,official,
Kyoto 3,https://www.soumu.go.jp/senkyo/senkyo_s/data/shugiin50/index.html,https://www.soumu.go.jp/senkyo/senkyo_s/data/shugiin50/index.html,泉 健太,Constitutional Democratic Party,0,175321,0,175321,,87661,0,first,,,泉 健太,Constitutional Democratic Party,82823,Kyoto,JP-26-03,official,Candidate totals are the whole-vote figures in the official constituency table. Japan's national party summary separately allocates a very small number of fractional ambiguous ballots. District turnout and invalid-ballot metadata are unavailable.
Kyoto 3,https://www.soumu.go.jp/senkyo/senkyo_s/data/shugiin50/index.html,https://www.soumu.go.jp/senkyo/senkyo_s/data/shugiin50/index.html,泉 健太,Constitutional Democratic Party,0,175321,0,175321,,87661,0,first,,,森 干晟,Liberal Democratic Party,38632,Kyoto,JP-26-03,official,
Kyoto 3,https://www.soumu.go.jp/senkyo/senkyo_s/data/shugiin50/index.html,https://www.soumu.go.jp/senkyo/senkyo_s/data/shugiin50/index.html,泉 健太,Constitutional Democratic Party,0,175321,0,175321,,87661,0,first,,,木村 元紀,Japan Innovation Party,24948,Kyoto,JP-26-03,official,
Kyoto 3,https://www.soumu.go.jp/senkyo/senkyo_s/data/shugiin50/index.html,https://www.soumu.go.jp/senkyo/senkyo_s/data/shugiin50/index.html,泉 健太,Constitutional Democratic Party,0,175321,0,175321,,87661,0,first,,,西山 頌秀,Japanese Communist Party,19002,Kyoto,JP-26-03,official,
Kyoto 3,https://www.soumu.go.jp/senkyo/senkyo_s/data/shugiin50/index.html,https://www.soumu.go.jp/senkyo/senkyo_s/data/shugiin50/index.html,泉 健太,Constitutional Democratic Party,0,175321,0,175321,,87661,0,first,,,吉田 真由美,Sanseitō,9916,Kyoto,JP-26-03,official,
Kyoto 4,https://www.soumu.go.jp/senkyo/senkyo_s/data/shugiin50/index.html,https://www.soumu.go.jp/senkyo/senkyo_s/data/shugiin50/index.html,北神 圭朗,Independent,0,199134,0,199134,,99568,0,first,,,北神 圭朗,Independent,102063,Kyoto,JP-26-04,official,Candidate totals are the whole-vote figures in the official constituency table. Japan's national party summary separately allocates a very small number of fractional ambiguous ballots. District turnout and invalid-ballot metadata are unavailable.
Kyoto 4,https://www.soumu.go.jp/senkyo/senkyo_s/data/shugiin50/index.html,https://www.soumu.go.jp/senkyo/senkyo_s/data/shugiin50/index.html,北神 圭朗,Independent,0,199134,0,199134,,99568,0,first,,,田中 英之,Liberal Democratic Party,59897,Kyoto,JP-26-04,official,
Kyoto 4,https://www.soumu.go.jp/senkyo/senkyo_s/data/shugiin50/index.html,https://www.soumu.go.jp/senkyo/senkyo_s/data/shugiin50/index.html,北神 圭朗,Independent,0,199134,0,199134,,99568,0,first,,,吉田 幸一,Japanese Communist Party,37174,Kyoto,JP-26-04,official,
Kyoto 5,https://www.soumu.go.jp/senkyo/senkyo_s/data/shugiin50/index.html,https://www.soumu.go.jp/senkyo/senkyo_s/data/shugiin50/index.html,本田 太郎,Liberal Democratic Party,0,124028,0,124028,,62015,0,first,,,本田 太郎,Liberal Democratic Party,57455,Kyoto,JP-26-05,official,Candidate totals are the whole-vote figures in the official constituency table. Japan's national party summary separately allocates a very small number of fractional ambiguous ballots. District turnout and invalid-ballot metadata are unavailable.
Kyoto 5,https://www.soumu.go.jp/senkyo/senkyo_s/data/shugiin50/index.html,https://www.soumu.go.jp/senkyo/senkyo_s/data/shugiin50/index.html,本田 太郎,Liberal Democratic Party,0,124028,0,124028,,62015,0,first,,,山本 和嘉子,Constitutional Democratic Party,32355,Kyoto,JP-26-05,official,
Kyoto 5,https://www.soumu.go.jp/senkyo/senkyo_s/data/shugiin50/index.html,https://www.soumu.go.jp/senkyo/senkyo_s/data/shugiin50/index.html,本田 太郎,Liberal Democratic Party,0,124028,0,124028,,62015,0,first,,,道本 隆也,Japan Innovation Party,20387,Kyoto,JP-26-05,official,
Kyoto 5,https://www.soumu.go.jp/senkyo/senkyo_s/data/shugiin50/index.html,https://www.soumu.go.jp/senkyo/senkyo_s/data/shugiin50/index.html,本田 太郎,Liberal Democratic Party,0,124028,0,124028,,62015,0,first,,,山内 健,Japanese Communist Party,13831,Kyoto,JP-26-05,official,
Kyoto 6,https://www.soumu.go.jp/senkyo/senkyo_s/data/shugiin50/index.html,https://www.soumu.go.jp/senkyo/senkyo_s/data/shugiin50/index.html,山井 和則,Constitutional Democratic Party,0,243169,0,243169,,121585,0,first,,,山井 和則,Constitutional Democratic Party,97542,Kyoto,JP-26-06,official,Candidate totals are the whole-vote figures in the official constituency table. Japan's national party summary separately allocates a very small number of fractional ambiguous ballots. District turnout and invalid-ballot metadata are unavailable.
Kyoto 6,https://www.soumu.go.jp/senkyo/senkyo_s/data/shugiin50/index.html,https://www.soumu.go.jp/senkyo/senkyo_s/data/shugiin50/index.html,山井 和則,Constitutional Democratic Party,0,243169,0,243169,,121585,0,first,,,園崎 弘道,Liberal Democratic Party,65152,Kyoto,JP-26-06,official,
Kyoto 6,https://www.soumu.go.jp/senkyo/senkyo_s/data/shugiin50/index.html,https://www.soumu.go.jp/senkyo/senkyo_s/data/shugiin50/index.html,山井 和則,Constitutional Democratic Party,0,243169,0,243169,,121585,0,first,,,中嶋 秀樹,Japan Innovation Party,38590,Kyoto,JP-26-06,official,
Kyoto 6,https://www.soumu.go.jp/senkyo/senkyo_s/data/shugiin50/index.html,https://www.soumu.go.jp/senkyo/senkyo_s/data/shugiin50/index.html,山井 和則,Constitutional Democratic Party,0,243169,0,243169,,121585,0,first,,,上條 亮一,Japanese Communist Party,21405,Kyoto,JP-26-06,official,
Kyoto 6,https://www.soumu.go.jp/senkyo/senkyo_s/data/shugiin50/index.html,https://www.soumu.go.jp/senkyo/senkyo_s/data/shugiin50/index.html,山井 和則,Constitutional Democratic Party,0,243169,0,243169,,121585,0,first,,,安藤 裕,Sanseitō,20480,Kyoto,JP-26-06,official,
Osaka 1,https://www.soumu.go.jp/senkyo/senkyo_s/data/shugiin50/index.html,https://www.soumu.go.jp/senkyo/senkyo_s/data/shugiin50/index.html,井上 英孝,Japan Innovation Party,0,211680,0,211680,,105841,0,first,,,井上 英孝,Japan Innovation Party,102113,Osaka,JP-27-01,official,Candidate totals are the whole-vote figures in the official constituency table. Japan's national party summary separately allocates a very small number of fractional ambiguous ballots. District turnout and invalid-ballot metadata are unavailable.
Osaka 1,https://www.soumu.go.jp/senkyo/senkyo_s/data/shugiin50/index.html,https://www.soumu.go.jp/senkyo/senkyo_s/data/shugiin50/index.html,井上 英孝,Japan Innovation Party,0,211680,0,211680,,105841,0,first,,,大西 宏幸,Liberal Democratic Party,56347,Osaka,JP-27-01,official,
Osaka 1,https://www.soumu.go.jp/senkyo/senkyo_s/data/shugiin50/index.html,https://www.soumu.go.jp/senkyo/senkyo_s/data/shugiin50/index.html,井上 英孝,Japan Innovation Party,0,211680,0,211680,,105841,0,first,,,竹内 祥倫,Japanese Communist Party,27312,Osaka,JP-27-01,official,
Osaka 1,https://www.soumu.go.jp/senkyo/senkyo_s/data/shugiin50/index.html,https://www.soumu.go.jp/senkyo/senkyo_s/data/shugiin50/index.html,井上 英孝,Japan Innovation Party,0,211680,0,211680,,105841,0,first,,,宮出 千慧,Sanseitō,25908,Osaka,JP-27-01,official,
Osaka 2,https://www.soumu.go.jp/senkyo/senkyo_s/data/shugiin50/index.html,https://www.soumu.go.jp/senkyo/senkyo_s/data/shugiin50/index.html,守島 正,Japan Innovation Party,0,224652,0,224652,,112327,0,first,,,守島 正,Japan Innovation Party,99277,Osaka,JP-27-02,official,Candidate totals are the whole-vote figures in the official constituency table. Japan's national party summary separately allocates a very small number of fractional ambiguous ballots. District turnout and invalid-ballot metadata are unavailable.
Osaka 2,https://www.soumu.go.jp/senkyo/senkyo_s/data/shugiin50/index.html,https://www.soumu.go.jp/senkyo/senkyo_s/data/shugiin50/index.html,守島 正,Japan Innovation Party,0,224652,0,224652,,112327,0,first,,,左藤 章,Liberal Democratic Party,67833,Osaka,JP-27-02,official,
Osaka 2,https://www.soumu.go.jp/senkyo/senkyo_s/data/shugiin50/index.html,https://www.soumu.go.jp/senkyo/senkyo_s/data/shugiin50/index.html,守島 正,Japan Innovation Party,0,224652,0,224652,,112327,0,first,,,小川 陽太,Japanese Communist Party,27853,Osaka,JP-27-02,official,
Osaka 2,https://www.soumu.go.jp/senkyo/senkyo_s/data/shugiin50/index.html,https://www.soumu.go.jp/senkyo/senkyo_s/data/shugiin50/index.html,守島 正,Japan Innovation Party,0,224652,0,224652,,112327,0,first,,,藤田 美季,Sanseitō,19893,Osaka,JP-27-02,official,
Osaka 2,https://www.soumu.go.jp/senkyo/senkyo_s/data/shugiin50/index.html,https://www.soumu.go.jp/senkyo/senkyo_s/data/shugiin50/index.html,守島 正,Japan Innovation Party,0,224652,0,224652,,112327,0,first,,,堀内 孝雄,Independent,9796,Osaka,JP-27-02,official,
Osaka 3,https://www.soumu.go.jp/senkyo/senkyo_s/data/shugiin50/index.html,https://www.soumu.go.jp/senkyo/senkyo_s/data/shugiin50/index.html,東 徹,Japan Innovation Party,0,180475,0,180475,,90238,0,first,,,東 徹,Japan Innovation Party,74546,Osaka,JP-27-03,official,Candidate totals are the whole-vote figures in the official constituency table. Japan's national party summary separately allocates a very small number of fractional ambiguous ballots. District turnout and invalid-ballot metadata are unavailable.
Osaka 3,https://www.soumu.go.jp/senkyo/senkyo_s/data/shugiin50/index.html,https://www.soumu.go.jp/senkyo/senkyo_s/data/shugiin50/index.html,東 徹,Japan Innovation Party,0,180475,0,180475,,90238,0,first,,,佐藤 茂樹,Komeito,52107,Osaka,JP-27-03,official,
Osaka 3,https://www.soumu.go.jp/senkyo/senkyo_s/data/shugiin50/index.html,https://www.soumu.go.jp/senkyo/senkyo_s/data/shugiin50/index.html,東 徹,Japan Innovation Party,0,180475,0,180475,,90238,0,first,,,萩原 仁,Constitutional Democratic Party,22878,Osaka,JP-27-03,official,
Osaka 3,https://www.soumu.go.jp/senkyo/senkyo_s/data/shugiin50/index.html,https://www.soumu.go.jp/senkyo/senkyo_s/data/shugiin50/index.html,東 徹,Japan Innovation Party,0,180475,0,180475,,90238,0,first,,,渡部 結,Japanese Communist Party,22218,Osaka,JP-27-03,official,
Osaka 3,https://www.soumu.go.jp/senkyo/senkyo_s/data/shugiin50/index.html,https://www.soumu.go.jp/senkyo/senkyo_s/data/shugiin50/index.html,東 徹,Japan Innovation Party,0,180475,0,180475,,90238,0,first,,,中条 栄太郎,Independent,8726,Osaka,JP-27-03,official,
Osaka 4,https://www.soumu.go.jp/senkyo/senkyo_s/data/shugiin50/index.html,https://www.soumu.go.jp/senkyo/senkyo_s/data/shugiin50/index.html,美延 映夫,Japan Innovation Party,0,218184,0,218184,,109093,0,first,,,美延 映夫,Japan Innovation Party,94129,Osaka,JP-27-04,official,Candidate totals are the whole-vote figures in the official constituency table. Japan's national party summary separately allocates a very small number of fractional ambiguous ballots. District turnout and invalid-ballot metadata are unavailable.
Osaka 4,https://www.soumu.go.jp/senkyo/senkyo_s/data/shugiin50/index.html,https://www.soumu.go.jp/senkyo/senkyo_s/data/shugiin50/index.html,美延 映夫,Japan Innovation Party,0,218184,0,218184,,109093,0,first,,,中山 泰秀,Liberal Democratic Party,64424,Osaka,JP-27-04,official,
Osaka 4,https://www.soumu.go.jp/senkyo/senkyo_s/data/shugiin50/index.html,https://www.soumu.go.jp/senkyo/senkyo_s/data/shugiin50/index.html,美延 映夫,Japan Innovation Party,0,218184,0,218184,,109093,0,first,,,清水 忠史,Japanese Communist Party,33585,Osaka,JP-27-04,official,
Osaka 4,https://www.soumu.go.jp/senkyo/senkyo_s/data/shugiin50/index.html,https://www.soumu.go.jp/senkyo/senkyo_s/data/shugiin50/index.html,美延 映夫,Japan Innovation Party,0,218184,0,218184,,109093,0,first,,,黒川 洋司,Sanseitō,20038,Osaka,JP-27-04,official,
Osaka 4,https://www.soumu.go.jp/senkyo/senkyo_s/data/shugiin50/index.html,https://www.soumu.go.jp/senkyo/senkyo_s/data/shugiin50/index.html,美延 映夫,Japan Innovation Party,0,218184,0,218184,,109093,0,first,,,寺川 幸生栄,Independent,6008,Osaka,JP-27-04,official,
Osaka 5,https://www.soumu.go.jp/senkyo/senkyo_s/data/shugiin50/index.html,https://www.soumu.go.jp/senkyo/senkyo_s/data/shugiin50/index.html,梅村 聡,Japan Innovation Party,0,218295,0,218295,,109148,0,first,,,梅村 聡,Japan Innovation Party,87100,Osaka,JP-27-05,official,Candidate totals are the whole-vote figures in the official constituency table. Japan's national party summary separately allocates a very small number of fractional ambiguous ballots. District turnout and invalid-ballot metadata are unavailable.
Osaka 5,https://www.soumu.go.jp/senkyo/senkyo_s/data/shugiin50/index.html,https://www.soumu.go.jp/senkyo/senkyo_s/data/shugiin50/index.html,梅村 聡,Japan Innovation Party,0,218295,0,218295,,109148,0,first,,,国重 徹,Komeito,65872,Osaka,JP-27-05,official,
Osaka 5,https://www.soumu.go.jp/senkyo/senkyo_s/data/shugiin50/index.html,https://www.soumu.go.jp/senkyo/senkyo_s/data/shugiin50/index.html,梅村 聡,Japan Innovation Party,0,218295,0,218295,,109148,0,first,,,大石 晃子,Reiwa Shinsengumi,26789,Osaka,JP-27-05,official,
Osaka 5,https://www.soumu.go.jp/senkyo/senkyo_s/data/shugiin50/index.html,https://www.soumu.go.jp/senkyo/senkyo_s/data/shugiin50/index.html,梅村 聡,Japan Innovation Party,0,218295,0,218295,,109148,0,first,,,宮本 岳志,Japanese Communist Party,24480,Osaka,JP-27-05,official,
Osaka 5,https://www.soumu.go.jp/senkyo/senkyo_s/data/shugiin50/index.html,https://www.soumu.go.jp/senkyo/senkyo_s/data/shugiin50/index.html,梅村 聡,Japan Innovation Party,0,218295,0,218295,,109148,0,first,,,石橋 篤史,Sanseitō,14054,Osaka,JP-27-05,official,
Osaka 6,https://www.soumu.go.jp/senkyo/senkyo_s/data/shugiin50/index.html,https://www.soumu.go.jp/senkyo/senkyo_s/data/shugiin50/index.html,西田 薫,Japan Innovation Party,0,198061,0,198061,,99031,0,first,,,西田 薫,Japan Innovation Party,77905,Osaka,JP-27-06,official,Candidate totals are the whole-vote figures in the official constituency table. Japan's national party summary separately allocates a very small number of fractional ambiguous ballots. District turnout and invalid-ballot metadata are unavailable.
Osaka 6,https://www.soumu.go.jp/senkyo/senkyo_s/data/shugiin50/index.html,https://www.soumu.go.jp/senkyo/senkyo_s/data/shugiin50/index.html,西田 薫,Japan Innovation Party,0,198061,0,198061,,99031,0,first,,,伊佐 進一,Komeito,69058,Osaka,JP-27-06,official,
Osaka 6,https://www.soumu.go.jp/senkyo/senkyo_s/data/shugiin50/index.html,https://www.soumu.go.jp/senkyo/senkyo_s/data/shugiin50/index.html,西田 薫,Japan Innovation Party,0,198061,0,198061,,99031,0,first,,,福留 陽子,Constitutional Democratic Party,19877,Osaka,JP-27-06,official,
Osaka 6,https://www.soumu.go.jp/senkyo/senkyo_s/data/shugiin50/index.html,https://www.soumu.go.jp/senkyo/senkyo_s/data/shugiin50/index.html,西田 薫,Japan Innovation Party,0,198061,0,198061,,99031,0,first,,,渡司 考一,Japanese Communist Party,16205,Osaka,JP-27-06,official,
Osaka 6,https://www.soumu.go.jp/senkyo/senkyo_s/data/shugiin50/index.html,https://www.soumu.go.jp/senkyo/senkyo_s/data/shugiin50/index.html,西田 薫,Japan Innovation Party,0,198061,0,198061,,99031,0,first,,,月足 舞子,Sanseitō,15016,Osaka,JP-27-06,official,
Osaka 7,https://www.soumu.go.jp/senkyo/senkyo_s/data/shugiin50/index.html,https://www.soumu.go.jp/senkyo/senkyo_s/data/shugiin50/index.html,奥下 剛光,Japan Innovation Party,0,214111,0,214111,,107056,0,first,,,奥下 剛光,Japan Innovation Party,95367,Osaka,JP-27-07,official,Candidate totals are the whole-vote figures in the official constituency table. Japan's national party summary separately allocates a very small number of fractional ambiguous ballots. District turnout and invalid-ballot metadata are unavailable.
Osaka 7,https://www.soumu.go.jp/senkyo/senkyo_s/data/shugiin50/index.html,https://www.soumu.go.jp/senkyo/senkyo_s/data/shugiin50/index.html,奥下 剛光,Japan Innovation Party,0,214111,0,214111,,107056,0,first,,,渡嘉敷 奈緒美,Liberal Democratic Party,66435,Osaka,JP-27-07,official,
Osaka 7,https://www.soumu.go.jp/senkyo/senkyo_s/data/shugiin50/index.html,https://www.soumu.go.jp/senkyo/senkyo_s/data/shugiin50/index.html,奥下 剛光,Japan Innovation Party,0,214111,0,214111,,107056,0,first,,,川添 健真,Japanese Communist Party,32368,Osaka,JP-27-07,official,
Osaka 7,https://www.soumu.go.jp/senkyo/senkyo_s/data/shugiin50/index.html,https://www.soumu.go.jp/senkyo/senkyo_s/data/shugiin50/index.html,奥下 剛光,Japan Innovation Party,0,214111,0,214111,,107056,0,first,,,池上 和日子,Sanseitō,19941,Osaka,JP-27-07,official,
Osaka 8,https://www.soumu.go.jp/senkyo/senkyo_s/data/shugiin50/index.html,https://www.soumu.go.jp/senkyo/senkyo_s/data/shugiin50/index.html,漆間 譲司,Japan Innovation Party,0,231186,0,231186,,115594,0,first,,,漆間 譲司,Japan Innovation Party,84503,Osaka,JP-27-08,official,Candidate totals are the whole-vote figures in the official constituency table. Japan's national party summary separately allocates a very small number of fractional ambiguous ballots. District turnout and invalid-ballot metadata are unavailable.
Osaka 8,https://www.soumu.go.jp/senkyo/senkyo_s/data/shugiin50/index.html,https://www.soumu.go.jp/senkyo/senkyo_s/data/shugiin50/index.html,漆間 譲司,Japan Innovation Party,0,231186,0,231186,,115594,0,first,,,高麗 啓一郎,Liberal Democratic Party,66582,Osaka,JP-27-08,official,
Osaka 8,https://www.soumu.go.jp/senkyo/senkyo_s/data/shugiin50/index.html,https://www.soumu.go.jp/senkyo/senkyo_s/data/shugiin50/index.html,漆間 譲司,Japan Innovation Party,0,231186,0,231186,,115594,0,first,,,平岩 征樹,Democratic Party for the People,40552,Osaka,JP-27-08,official,
Osaka 8,https://www.soumu.go.jp/senkyo/senkyo_s/data/shugiin50/index.html,https://www.soumu.go.jp/senkyo/senkyo_s/data/shugiin50/index.html,漆間 譲司,Japan Innovation Party,0,231186,0,231186,,115594,0,first,,,平川 節代,Japanese Communist Party,24277,Osaka,JP-27-08,official,
Osaka 8,https://www.soumu.go.jp/senkyo/senkyo_s/data/shugiin50/index.html,https://www.soumu.go.jp/senkyo/senkyo_s/data/shugiin50/index.html,漆間 譲司,Japan Innovation Party,0,231186,0,231186,,115594,0,first,,,谷 浩一郎,Sanseitō,15272,Osaka,JP-27-08,official,
Osaka 9,https://www.soumu.go.jp/senkyo/senkyo_s/data/shugiin50/index.html,https://www.soumu.go.jp/senkyo/senkyo_s/data/shugiin50/index.html,萩原 佳,Japan Innovation Party,0,197507,0,197507,,98754,0,first,,,萩原 佳,Japan Innovation Party,84068,Osaka,JP-27-09,official,Candidate totals are the whole-vote figures in the official constituency table. Japan's national party summary separately allocates a very small number of fractional ambiguous ballots. District turnout and invalid-ballot metadata are unavailable.
Osaka 9,https://www.soumu.go.jp/senkyo/senkyo_s/data/shugiin50/index.html,https://www.soumu.go.jp/senkyo/senkyo_s/data/shugiin50/index.html,萩原 佳,Japan Innovation Party,0,197507,0,197507,,98754,0,first,,,東田 淳平,Liberal Democratic Party,62170,Osaka,JP-27-09,official,
Osaka 9,https://www.soumu.go.jp/senkyo/senkyo_s/data/shugiin50/index.html,https://www.soumu.go.jp/senkyo/senkyo_s/data/shugiin50/index.html,萩原 佳,Japan Innovation Party,0,197507,0,197507,,98754,0,first,,,長崎 由美子,Social Democratic Party,27617,Osaka,JP-27-09,official,
Osaka 9,https://www.soumu.go.jp/senkyo/senkyo_s/data/shugiin50/index.html,https://www.soumu.go.jp/senkyo/senkyo_s/data/shugiin50/index.html,萩原 佳,Japan Innovation Party,0,197507,0,197507,,98754,0,first,,,片岡 真,Sanseitō,19690,Osaka,JP-27-09,official,
Osaka 9,https://www.soumu.go.jp/senkyo/senkyo_s/data/shugiin50/index.html,https://www.soumu.go.jp/senkyo/senkyo_s/data/shugiin50/index.html,萩原 佳,Japan Innovation Party,0,197507,0,197507,,98754,0,first,,,磯部 和哉,Independent,3962,Osaka,JP-27-09,official,
Osaka 10,https://www.soumu.go.jp/senkyo/senkyo_s/data/shugiin50/index.html,https://www.soumu.go.jp/senkyo/senkyo_s/data/shugiin50/index.html,池下 卓,Japan Innovation Party,0,180430,0,180430,,90216,0,first,,,池下 卓,Japan Innovation Party,79621,Osaka,JP-27-10,official,Candidate totals are the whole-vote figures in the official constituency table. Japan's national party summary separately allocates a very small number of fractional ambiguous ballots. District turnout and invalid-ballot metadata are unavailable.
Osaka 10,https://www.soumu.go.jp/senkyo/senkyo_s/data/shugiin50/index.html,https://www.soumu.go.jp/senkyo/senkyo_s/data/shugiin50/index.html,池下 卓,Japan Innovation Party,0,180430,0,180430,,90216,0,first,,,尾辻 かな子,Constitutional Democratic Party,58971,Osaka,JP-27-10,official,
Osaka 10,https://www.soumu.go.jp/senkyo/senkyo_s/data/shugiin50/index.html,https://www.soumu.go.jp/senkyo/senkyo_s/data/shugiin50/index.html,池下 卓,Japan Innovation Party,0,180430,0,180430,,90216,0,first,,,加納 陽之助,Liberal Democratic Party,41838,Osaka,JP-27-10,official,
Osaka 11,https://www.soumu.go.jp/senkyo/senkyo_s/data/shugiin50/index.html,https://www.soumu.go.jp/senkyo/senkyo_s/data/shugiin50/index.html,中司 宏,Japan Innovation Party,0,207701,0,207701,,103851,0,first,,,中司 宏,Japan Innovation Party,115411,Osaka,JP-27-11,official,Candidate totals are the whole-vote figures in the official constituency table. Japan's national party summary separately allocates a very small number of fractional ambiguous ballots. District turnout and invalid-ballot metadata are unavailable.
Osaka 11,https://www.soumu.go.jp/senkyo/senkyo_s/data/shugiin50/index.html,https://www.soumu.go.jp/senkyo/senkyo_s/data/shugiin50/index.html,中司 宏,Japan Innovation Party,0,207701,0,207701,,103851,0,first,,,大辻 沙耶,Liberal Democratic Party,59557,Osaka,JP-27-11,official,
Osaka 11,https://www.soumu.go.jp/senkyo/senkyo_s/data/shugiin50/index.html,https://www.soumu.go.jp/senkyo/senkyo_s/data/shugiin50/index.html,中司 宏,Japan Innovation Party,0,207701,0,207701,,103851,0,first,,,北尾 学,Japanese Communist Party,32733,Osaka,JP-27-11,official,
Osaka 12,https://www.soumu.go.jp/senkyo/senkyo_s/data/shugiin50/index.html,https://www.soumu.go.jp/senkyo/senkyo_s/data/shugiin50/index.html,藤田 文武,Japan Innovation Party,0,165008,0,165008,,82505,0,first,,,藤田 文武,Japan Innovation Party,86380,Osaka,JP-27-12,official,Candidate totals are the whole-vote figures in the official constituency table. Japan's national party summary separately allocates a very small number of fractional ambiguous ballots. District turnout and invalid-ballot metadata are unavailable.
Osaka 12,https://www.soumu.go.jp/senkyo/senkyo_s/data/shugiin50/index.html,https://www.soumu.go.jp/senkyo/senkyo_s/data/shugiin50/index.html,藤田 文武,Japan Innovation Party,0,165008,0,165008,,82505,0,first,,,北川 晋平,Liberal Democratic Party,55658,Osaka,JP-27-12,official,
Osaka 12,https://www.soumu.go.jp/senkyo/senkyo_s/data/shugiin50/index.html,https://www.soumu.go.jp/senkyo/senkyo_s/data/shugiin50/index.html,藤田 文武,Japan Innovation Party,0,165008,0,165008,,82505,0,first,,,太田 徹,Japanese Communist Party,22970,Osaka,JP-27-12,official,
Osaka 13,https://www.soumu.go.jp/senkyo/senkyo_s/data/shugiin50/index.html,https://www.soumu.go.jp/senkyo/senkyo_s/data/shugiin50/index.html,岩谷 良平,Japan Innovation Party,0,190637,0,190637,,95319,0,first,,,岩谷 良平,Japan Innovation Party,79898,Osaka,JP-27-13,official,Candidate totals are the whole-vote figures in the official constituency table. Japan's national party summary separately allocates a very small number of fractional ambiguous ballots. District turnout and invalid-ballot metadata are unavailable.
Osaka 13,https://www.soumu.go.jp/senkyo/senkyo_s/data/shugiin50/index.html,https://www.soumu.go.jp/senkyo/senkyo_s/data/shugiin50/index.html,岩谷 良平,Japan Innovation Party,0,190637,0,190637,,95319,0,first,,,宗清 皇一,Liberal Democratic Party,69600,Osaka,JP-27-13,official,
Osaka 13,https://www.soumu.go.jp/senkyo/senkyo_s/data/shugiin50/index.html,https://www.soumu.go.jp/senkyo/senkyo_s/data/shugiin50/index.html,岩谷 良平,Japan Innovation Party,0,190637,0,190637,,95319,0,first,,,八幡 愛,Reiwa Shinsengumi,22482,Osaka,JP-27-13,official,
Osaka 13,https://www.soumu.go.jp/senkyo/senkyo_s/data/shugiin50/index.html,https://www.soumu.go.jp/senkyo/senkyo_s/data/shugiin50/index.html,岩谷 良平,Japan Innovation Party,0,190637,0,190637,,95319,0,first,,,寳井 晃美,Japanese Communist Party,18657,Osaka,JP-27-13,official,
Osaka 14,https://www.soumu.go.jp/senkyo/senkyo_s/data/shugiin50/index.html,https://www.soumu.go.jp/senkyo/senkyo_s/data/shugiin50/index.html,青柳 仁士,Japan Innovation Party,0,211143,0,211143,,105572,0,first,,,青柳 仁士,Japan Innovation Party,95362,Osaka,JP-27-14,official,Candidate totals are the whole-vote figures in the official constituency table. Japan's national party summary separately allocates a very small number of fractional ambiguous ballots. District turnout and invalid-ballot metadata are unavailable.
Osaka 14,https://www.soumu.go.jp/senkyo/senkyo_s/data/shugiin50/index.html,https://www.soumu.go.jp/senkyo/senkyo_s/data/shugiin50/index.html,青柳 仁士,Japan Innovation Party,0,211143,0,211143,,105572,0,first,,,塩川 憲史,Liberal Democratic Party,71539,Osaka,JP-27-14,official,
Osaka 14,https://www.soumu.go.jp/senkyo/senkyo_s/data/shugiin50/index.html,https://www.soumu.go.jp/senkyo/senkyo_s/data/shugiin50/index.html,青柳 仁士,Japan Innovation Party,0,211143,0,211143,,105572,0,first,,,内藤 耕一,Japanese Communist Party,26534,Osaka,JP-27-14,official,
Osaka 14,https://www.soumu.go.jp/senkyo/senkyo_s/data/shugiin50/index.html,https://www.soumu.go.jp/senkyo/senkyo_s/data/shugiin50/index.html,青柳 仁士,Japan Innovation Party,0,211143,0,211143,,105572,0,first,,,榮井 蘭菜,Sanseitō,17708,Osaka,JP-27-14,official,
Osaka 15,https://www.soumu.go.jp/senkyo/senkyo_s/data/shugiin50/index.html,https://www.soumu.go.jp/senkyo/senkyo_s/data/shugiin50/index.html,浦野 靖人,Japan Innovation Party,0,187936,0,187936,,93969,0,first,,,浦野 靖人,Japan Innovation Party,77584,Osaka,JP-27-15,official,Candidate totals are the whole-vote figures in the official constituency table. Japan's national party summary separately allocates a very small number of fractional ambiguous ballots. District turnout and invalid-ballot metadata are unavailable.
Osaka 15,https://www.soumu.go.jp/senkyo/senkyo_s/data/shugiin50/index.html,https://www.soumu.go.jp/senkyo/senkyo_s/data/shugiin50/index.html,浦野 靖人,Japan Innovation Party,0,187936,0,187936,,93969,0,first,,,島田 智明,Liberal Democratic Party,62351,Osaka,JP-27-15,official,
Osaka 15,https://www.soumu.go.jp/senkyo/senkyo_s/data/shugiin50/index.html,https://www.soumu.go.jp/senkyo/senkyo_s/data/shugiin50/index.html,浦野 靖人,Japan Innovation Party,0,187936,0,187936,,93969,0,first,,,松浦 武志,Constitutional Democratic Party,28868,Osaka,JP-27-15,official,
Osaka 15,https://www.soumu.go.jp/senkyo/senkyo_s/data/shugiin50/index.html,https://www.soumu.go.jp/senkyo/senkyo_s/data/shugiin50/index.html,浦野 靖人,Japan Innovation Party,0,187936,0,187936,,93969,0,first,,,仲川 学,Japanese Communist Party,19133,Osaka,JP-27-15,official,
Osaka 16,https://www.soumu.go.jp/senkyo/senkyo_s/data/shugiin50/index.html,https://www.soumu.go.jp/senkyo/senkyo_s/data/shugiin50/index.html,黒田 征樹,Japan Innovation Party,0,169705,0,169705,,84853,0,first,,,黒田 征樹,Japan Innovation Party,63288,Osaka,JP-27-16,official,Candidate totals are the whole-vote figures in the official constituency table. Japan's national party summary separately allocates a very small number of fractional ambiguous ballots. District turnout and invalid-ballot metadata are unavailable.
Osaka 16,https://www.soumu.go.jp/senkyo/senkyo_s/data/shugiin50/index.html,https://www.soumu.go.jp/senkyo/senkyo_s/data/shugiin50/index.html,黒田 征樹,Japan Innovation Party,0,169705,0,169705,,84853,0,first,,,山本 香苗,Komeito,55474,Osaka,JP-27-16,official,
Osaka 16,https://www.soumu.go.jp/senkyo/senkyo_s/data/shugiin50/index.html,https://www.soumu.go.jp/senkyo/senkyo_s/data/shugiin50/index.html,黒田 征樹,Japan Innovation Party,0,169705,0,169705,,84853,0,first,,,森山 浩行,Constitutional Democratic Party,50943,Osaka,JP-27-16,official,
Osaka 17,https://www.soumu.go.jp/senkyo/senkyo_s/data/shugiin50/index.html,https://www.soumu.go.jp/senkyo/senkyo_s/data/shugiin50/index.html,馬場 伸幸,Japan Innovation Party,0,157268,0,157268,,78635,0,first,,,馬場 伸幸,Japan Innovation Party,82234,Osaka,JP-27-17,official,Candidate totals are the whole-vote figures in the official constituency table. Japan's national party summary separately allocates a very small number of fractional ambiguous ballots. District turnout and invalid-ballot metadata are unavailable.
Osaka 17,https://www.soumu.go.jp/senkyo/senkyo_s/data/shugiin50/index.html,https://www.soumu.go.jp/senkyo/senkyo_s/data/shugiin50/index.html,馬場 伸幸,Japan Innovation Party,0,157268,0,157268,,78635,0,first,,,岡下 昌平,Liberal Democratic Party,45904,Osaka,JP-27-17,official,
Osaka 17,https://www.soumu.go.jp/senkyo/senkyo_s/data/shugiin50/index.html,https://www.soumu.go.jp/senkyo/senkyo_s/data/shugiin50/index.html,馬場 伸幸,Japan Innovation Party,0,157268,0,157268,,78635,0,first,,,沢田 久美子,Japanese Communist Party,29130,Osaka,JP-27-17,official,
Osaka 18,https://www.soumu.go.jp/senkyo/senkyo_s/data/shugiin50/index.html,https://www.soumu.go.jp/senkyo/senkyo_s/data/shugiin50/index.html,遠藤 敬,Japan Innovation Party,0,195100,0,195100,,97551,0,first,,,遠藤 敬,Japan Innovation Party,99973,Osaka,JP-27-18,official,Candidate totals are the whole-vote figures in the official constituency table. Japan's national party summary separately allocates a very small number of fractional ambiguous ballots. District turnout and invalid-ballot metadata are unavailable.
Osaka 18,https://www.soumu.go.jp/senkyo/senkyo_s/data/shugiin50/index.html,https://www.soumu.go.jp/senkyo/senkyo_s/data/shugiin50/index.html,遠藤 敬,Japan Innovation Party,0,195100,0,195100,,97551,0,first,,,内田 隆嗣,Liberal Democratic Party,46366,Osaka,JP-27-18,official,
Osaka 18,https://www.soumu.go.jp/senkyo/senkyo_s/data/shugiin50/index.html,https://www.soumu.go.jp/senkyo/senkyo_s/data/shugiin50/index.html,遠藤 敬,Japan Innovation Party,0,195100,0,195100,,97551,0,first,,,馬場 英樹,Japanese Communist Party,27675,Osaka,JP-27-18,official,
Osaka 18,https://www.soumu.go.jp/senkyo/senkyo_s/data/shugiin50/index.html,https://www.soumu.go.jp/senkyo/senkyo_s/data/shugiin50/index.html,遠藤 敬,Japan Innovation Party,0,195100,0,195100,,97551,0,first,,,松岡 能礼,Sanseitō,21086,Osaka,JP-27-18,official,
Osaka 19,https://www.soumu.go.jp/senkyo/senkyo_s/data/shugiin50/index.html,https://www.soumu.go.jp/senkyo/senkyo_s/data/shugiin50/index.html,伊東 信久,Japan Innovation Party,0,145571,0,145571,,72786,0,first,,,伊東 信久,Japan Innovation Party,65726,Osaka,JP-27-19,official,Candidate totals are the whole-vote figures in the official constituency table. Japan's national party summary separately allocates a very small number of fractional ambiguous ballots. District turnout and invalid-ballot metadata are unavailable.
Osaka 19,https://www.soumu.go.jp/senkyo/senkyo_s/data/shugiin50/index.html,https://www.soumu.go.jp/senkyo/senkyo_s/data/shugiin50/index.html,伊東 信久,Japan Innovation Party,0,145571,0,145571,,72786,0,first,,,谷川 とむ,Liberal Democratic Party,60879,Osaka,JP-27-19,official,
Osaka 19,https://www.soumu.go.jp/senkyo/senkyo_s/data/shugiin50/index.html,https://www.soumu.go.jp/senkyo/senkyo_s/data/shugiin50/index.html,伊東 信久,Japan Innovation Party,0,145571,0,145571,,72786,0,first,,,北村 みき,Japanese Communist Party,18966,Osaka,JP-27-19,official,
Hyogo 1,https://www.soumu.go.jp/senkyo/senkyo_s/data/shugiin50/index.html,https://www.soumu.go.jp/senkyo/senkyo_s/data/shugiin50/index.html,井坂 信彦,Constitutional Democratic Party,0,209117,0,209117,,104559,0,first,,,井坂 信彦,Constitutional Democratic Party,91797,Hyogo,JP-28-01,official,Candidate totals are the whole-vote figures in the official constituency table. Japan's national party summary separately allocates a very small number of fractional ambiguous ballots. District turnout and invalid-ballot metadata are unavailable.
Hyogo 1,https://www.soumu.go.jp/senkyo/senkyo_s/data/shugiin50/index.html,https://www.soumu.go.jp/senkyo/senkyo_s/data/shugiin50/index.html,井坂 信彦,Constitutional Democratic Party,0,209117,0,209117,,104559,0,first,,,盛山 正仁,Liberal Democratic Party,45987,Hyogo,JP-28-01,official,
Hyogo 1,https://www.soumu.go.jp/senkyo/senkyo_s/data/shugiin50/index.html,https://www.soumu.go.jp/senkyo/senkyo_s/data/shugiin50/index.html,井坂 信彦,Constitutional Democratic Party,0,209117,0,209117,,104559,0,first,,,一谷 勇一郎,Japan Innovation Party,33430,Hyogo,JP-28-01,official,
Hyogo 1,https://www.soumu.go.jp/senkyo/senkyo_s/data/shugiin50/index.html,https://www.soumu.go.jp/senkyo/senkyo_s/data/shugiin50/index.html,井坂 信彦,Constitutional Democratic Party,0,209117,0,209117,,104559,0,first,,,藤末 浩美,Japanese Communist Party,14247,Hyogo,JP-28-01,official,
Hyogo 1,https://www.soumu.go.jp/senkyo/senkyo_s/data/shugiin50/index.html,https://www.soumu.go.jp/senkyo/senkyo_s/data/shugiin50/index.html,井坂 信彦,Constitutional Democratic Party,0,209117,0,209117,,104559,0,first,,,山岡 智美,Sanseitō,12011,Hyogo,JP-28-01,official,
Hyogo 1,https://www.soumu.go.jp/senkyo/senkyo_s/data/shugiin50/index.html,https://www.soumu.go.jp/senkyo/senkyo_s/data/shugiin50/index.html,井坂 信彦,Constitutional Democratic Party,0,209117,0,209117,,104559,0,first,,,木原 功仁哉,Independent,9731,Hyogo,JP-28-01,official,
Hyogo 1,https://www.soumu.go.jp/senkyo/senkyo_s/data/shugiin50/index.html,https://www.soumu.go.jp/senkyo/senkyo_s/data/shugiin50/index.html,井坂 信彦,Constitutional Democratic Party,0,209117,0,209117,,104559,0,first,,,木島 洋嗣,Independent,1914,Hyogo,JP-28-01,official,
Hyogo 2,https://www.soumu.go.jp/senkyo/senkyo_s/data/shugiin50/index.html,https://www.soumu.go.jp/senkyo/senkyo_s/data/shugiin50/index.html,赤羽 一嘉,Komeito,0,188379,0,188379,,94190,0,first,,,赤羽 一嘉,Komeito,70018,Hyogo,JP-28-02,official,Candidate totals are the whole-vote figures in the official constituency table. Japan's national party summary separately allocates a very small number of fractional ambiguous ballots. District turnout and invalid-ballot metadata are unavailable.
Hyogo 2,https://www.soumu.go.jp/senkyo/senkyo_s/data/shugiin50/index.html,https://www.soumu.go.jp/senkyo/senkyo_s/data/shugiin50/index.html,赤羽 一嘉,Komeito,0,188379,0,188379,,94190,0,first,,,阿部 圭史,Japan Innovation Party,48289,Hyogo,JP-28-02,official,
Hyogo 2,https://www.soumu.go.jp/senkyo/senkyo_s/data/shugiin50/index.html,https://www.soumu.go.jp/senkyo/senkyo_s/data/shugiin50/index.html,赤羽 一嘉,Komeito,0,188379,0,188379,,94190,0,first,,,舩川 治郎,Constitutional Democratic Party,39785,Hyogo,JP-28-02,official,
Hyogo 2,https://www.soumu.go.jp/senkyo/senkyo_s/data/shugiin50/index.html,https://www.soumu.go.jp/senkyo/senkyo_s/data/shugiin50/index.html,赤羽 一嘉,Komeito,0,188379,0,188379,,94190,0,first,,,武内 由美子,Japanese Communist Party,16333,Hyogo,JP-28-02,official,
Hyogo 2,https://www.soumu.go.jp/senkyo/senkyo_s/data/shugiin50/index.html,https://www.soumu.go.jp/senkyo/senkyo_s/data/shugiin50/index.html,赤羽 一嘉,Komeito,0,188379,0,188379,,94190,0,first,,,瀬尾 英志,Sanseitō,13954,Hyogo,JP-28-02,official,
Hyogo 3,https://www.soumu.go.jp/senkyo/senkyo_s/data/shugiin50/index.html,https://www.soumu.go.jp/senkyo/senkyo_s/data/shugiin50/index.html,関 芳弘,Liberal Democratic Party,0,159861,0,159861,,79931,0,first,,,関 芳弘,Liberal Democratic Party,58876,Hyogo,JP-28-03,official,Candidate totals are the whole-vote figures in the official constituency table. Japan's national party summary separately allocates a very small number of fractional ambiguous ballots. District turnout and invalid-ballot metadata are unavailable.
Hyogo 3,https://www.soumu.go.jp/senkyo/senkyo_s/data/shugiin50/index.html,https://www.soumu.go.jp/senkyo/senkyo_s/data/shugiin50/index.html,関 芳弘,Liberal Democratic Party,0,159861,0,159861,,79931,0,first,,,向山 好一,Democratic Party for the People,43802,Hyogo,JP-28-03,official,
Hyogo 3,https://www.soumu.go.jp/senkyo/senkyo_s/data/shugiin50/index.html,https://www.soumu.go.jp/senkyo/senkyo_s/data/shugiin50/index.html,関 芳弘,Liberal Democratic Party,0,159861,0,159861,,79931,0,first,,,和田 有一朗,Japan Innovation Party,41050,Hyogo,JP-28-03,official,
Hyogo 3,https://www.soumu.go.jp/senkyo/senkyo_s/data/shugiin50/index.html,https://www.soumu.go.jp/senkyo/senkyo_s/data/shugiin50/index.html,関 芳弘,Liberal Democratic Party,0,159861,0,159861,,79931,0,first,,,加藤 健二,Japanese Communist Party,16133,Hyogo,JP-28-03,official,
Hyogo 4,https://www.soumu.go.jp/senkyo/senkyo_s/data/shugiin50/index.html,https://www.soumu.go.jp/senkyo/senkyo_s/data/shugiin50/index.html,藤井 比早之,Liberal Democratic Party,0,211768,0,211768,,105885,0,first,,,藤井 比早之,Liberal Democratic Party,95635,Hyogo,JP-28-04,official,Candidate totals are the whole-vote figures in the official constituency table. Japan's national party summary separately allocates a very small number of fractional ambiguous ballots. District turnout and invalid-ballot metadata are unavailable.
Hyogo 4,https://www.soumu.go.jp/senkyo/senkyo_s/data/shugiin50/index.html,https://www.soumu.go.jp/senkyo/senkyo_s/data/shugiin50/index.html,藤井 比早之,Liberal Democratic Party,0,211768,0,211768,,105885,0,first,,,今泉 真緒,Constitutional Democratic Party,61722,Hyogo,JP-28-04,official,
Hyogo 4,https://www.soumu.go.jp/senkyo/senkyo_s/data/shugiin50/index.html,https://www.soumu.go.jp/senkyo/senkyo_s/data/shugiin50/index.html,藤井 比早之,Liberal Democratic Party,0,211768,0,211768,,105885,0,first,,,赤木 正幸,Japan Innovation Party,40313,Hyogo,JP-28-04,official,
Hyogo 4,https://www.soumu.go.jp/senkyo/senkyo_s/data/shugiin50/index.html,https://www.soumu.go.jp/senkyo/senkyo_s/data/shugiin50/index.html,藤井 比早之,Liberal Democratic Party,0,211768,0,211768,,105885,0,first,,,日比 優子,Japanese Communist Party,14098,Hyogo,JP-28-04,official,
Hyogo 5,https://www.soumu.go.jp/senkyo/senkyo_s/data/shugiin50/index.html,https://www.soumu.go.jp/senkyo/senkyo_s/data/shugiin50/index.html,谷 公一,Liberal Democratic Party,0,210122,0,210122,,105062,0,first,,,谷 公一,Liberal Democratic Party,96659,Hyogo,JP-28-05,official,Candidate totals are the whole-vote figures in the official constituency table. Japan's national party summary separately allocates a very small number of fractional ambiguous ballots. District turnout and invalid-ballot metadata are unavailable.
Hyogo 5,https://www.soumu.go.jp/senkyo/senkyo_s/data/shugiin50/index.html,https://www.soumu.go.jp/senkyo/senkyo_s/data/shugiin50/index.html,谷 公一,Liberal Democratic Party,0,210122,0,210122,,105062,0,first,,,田村 直也,Constitutional Democratic Party,59670,Hyogo,JP-28-05,official,
Hyogo 5,https://www.soumu.go.jp/senkyo/senkyo_s/data/shugiin50/index.html,https://www.soumu.go.jp/senkyo/senkyo_s/data/shugiin50/index.html,谷 公一,Liberal Democratic Party,0,210122,0,210122,,105062,0,first,,,遠藤 良太,Japan Innovation Party,53793,Hyogo,JP-28-05,official,
Hyogo 6,https://www.soumu.go.jp/senkyo/senkyo_s/data/shugiin50/index.html,https://www.soumu.go.jp/senkyo/senkyo_s/data/shugiin50/index.html,桜井 周,Constitutional Democratic Party,0,238107,0,238107,,119054,0,first,,,桜井 周,Constitutional Democratic Party,79061,Hyogo,JP-28-06,official,Candidate totals are the whole-vote figures in the official constituency table. Japan's national party summary separately allocates a very small number of fractional ambiguous ballots. District turnout and invalid-ballot metadata are unavailable.
Hyogo 6,https://www.soumu.go.jp/senkyo/senkyo_s/data/shugiin50/index.html,https://www.soumu.go.jp/senkyo/senkyo_s/data/shugiin50/index.html,桜井 周,Constitutional Democratic Party,0,238107,0,238107,,119054,0,first,,,大串 正樹,Liberal Democratic Party,69721,Hyogo,JP-28-06,official,
Hyogo 6,https://www.soumu.go.jp/senkyo/senkyo_s/data/shugiin50/index.html,https://www.soumu.go.jp/senkyo/senkyo_s/data/shugiin50/index.html,桜井 周,Constitutional Democratic Party,0,238107,0,238107,,119054,0,first,,,市村 浩一郎,Japan Innovation Party,59666,Hyogo,JP-28-06,official,
Hyogo 6,https://www.soumu.go.jp/senkyo/senkyo_s/data/shugiin50/index.html,https://www.soumu.go.jp/senkyo/senkyo_s/data/shugiin50/index.html,桜井 周,Constitutional Democratic Party,0,238107,0,238107,,119054,0,first,,,伊藤 正哉,Sanseitō,16702,Hyogo,JP-28-06,official,
Hyogo 6,https://www.soumu.go.jp/senkyo/senkyo_s/data/shugiin50/index.html,https://www.soumu.go.jp/senkyo/senkyo_s/data/shugiin50/index.html,桜井 周,Constitutional Democratic Party,0,238107,0,238107,,119054,0,first,,,吉見 秋彦,Japanese Communist Party,12957,Hyogo,JP-28-06,official,
Hyogo 7,https://www.soumu.go.jp/senkyo/senkyo_s/data/shugiin50/index.html,https://www.soumu.go.jp/senkyo/senkyo_s/data/shugiin50/index.html,山田 賢司,Liberal Democratic Party,0,246821,0,246821,,123411,0,first,,,山田 賢司,Liberal Democratic Party,80434,Hyogo,JP-28-07,official,Candidate totals are the whole-vote figures in the official constituency table. Japan's national party summary separately allocates a very small number of fractional ambiguous ballots. District turnout and invalid-ballot metadata are unavailable.
Hyogo 7,https://www.soumu.go.jp/senkyo/senkyo_s/data/shugiin50/index.html,https://www.soumu.go.jp/senkyo/senkyo_s/data/shugiin50/index.html,山田 賢司,Liberal Democratic Party,0,246821,0,246821,,123411,0,first,,,三木 圭恵,Japan Innovation Party,72349,Hyogo,JP-28-07,official,
Hyogo 7,https://www.soumu.go.jp/senkyo/senkyo_s/data/shugiin50/index.html,https://www.soumu.go.jp/senkyo/senkyo_s/data/shugiin50/index.html,山田 賢司,Liberal Democratic Party,0,246821,0,246821,,123411,0,first,,,岡田 悟,Constitutional Democratic Party,61007,Hyogo,JP-28-07,official,
Hyogo 7,https://www.soumu.go.jp/senkyo/senkyo_s/data/shugiin50/index.html,https://www.soumu.go.jp/senkyo/senkyo_s/data/shugiin50/index.html,山田 賢司,Liberal Democratic Party,0,246821,0,246821,,123411,0,first,,,上田 幸子,Japanese Communist Party,18409,Hyogo,JP-28-07,official,
Hyogo 7,https://www.soumu.go.jp/senkyo/senkyo_s/data/shugiin50/index.html,https://www.soumu.go.jp/senkyo/senkyo_s/data/shugiin50/index.html,山田 賢司,Liberal Democratic Party,0,246821,0,246821,,123411,0,first,,,浜本 幸博,Sanseitō,14622,Hyogo,JP-28-07,official,
Hyogo 8,https://www.soumu.go.jp/senkyo/senkyo_s/data/shugiin50/index.html,https://www.soumu.go.jp/senkyo/senkyo_s/data/shugiin50/index.html,中野 洋昌,Komeito,0,187437,0,187437,,93719,0,first,,,中野 洋昌,Komeito,71784,Hyogo,JP-28-08,official,Candidate totals are the whole-vote figures in the official constituency table. Japan's national party summary separately allocates a very small number of fractional ambiguous ballots. District turnout and invalid-ballot metadata are unavailable.
Hyogo 8,https://www.soumu.go.jp/senkyo/senkyo_s/data/shugiin50/index.html,https://www.soumu.go.jp/senkyo/senkyo_s/data/shugiin50/index.html,中野 洋昌,Komeito,0,187437,0,187437,,93719,0,first,,,徳安 淳子,Japan Innovation Party,60150,Hyogo,JP-28-08,official,
Hyogo 8,https://www.soumu.go.jp/senkyo/senkyo_s/data/shugiin50/index.html,https://www.soumu.go.jp/senkyo/senkyo_s/data/shugiin50/index.html,中野 洋昌,Komeito,0,187437,0,187437,,93719,0,first,,,小村 潤,Japanese Communist Party,26873,Hyogo,JP-28-08,official,
Hyogo 8,https://www.soumu.go.jp/senkyo/senkyo_s/data/shugiin50/index.html,https://www.soumu.go.jp/senkyo/senkyo_s/data/shugiin50/index.html,中野 洋昌,Komeito,0,187437,0,187437,,93719,0,first,,,油谷 聖一郎,Sanseitō,13155,Hyogo,JP-28-08,official,
Hyogo 8,https://www.soumu.go.jp/senkyo/senkyo_s/data/shugiin50/index.html,https://www.soumu.go.jp/senkyo/senkyo_s/data/shugiin50/index.html,中野 洋昌,Komeito,0,187437,0,187437,,93719,0,first,,,やはた オカン,Reiwa Shinsengumi,12920,Hyogo,JP-28-08,official,
Hyogo 8,https://www.soumu.go.jp/senkyo/senkyo_s/data/shugiin50/index.html,https://www.soumu.go.jp/senkyo/senkyo_s/data/shugiin50/index.html,中野 洋昌,Komeito,0,187437,0,187437,,93719,0,first,,,林 マリア ゆき,Minna de Tsukuru Tō,2555,Hyogo,JP-28-08,official,
Hyogo 9,https://www.soumu.go.jp/senkyo/senkyo_s/data/shugiin50/index.html,https://www.soumu.go.jp/senkyo/senkyo_s/data/shugiin50/index.html,西村 康稔,Independent,0,194582,0,194582,,97292,0,first,,,西村 康稔,Independent,88676,Hyogo,JP-28-09,official,Candidate totals are the whole-vote figures in the official constituency table. Japan's national party summary separately allocates a very small number of fractional ambiguous ballots. District turnout and invalid-ballot metadata are unavailable.
Hyogo 9,https://www.soumu.go.jp/senkyo/senkyo_s/data/shugiin50/index.html,https://www.soumu.go.jp/senkyo/senkyo_s/data/shugiin50/index.html,西村 康稔,Independent,0,194582,0,194582,,97292,0,first,,,橋本 慧悟,Constitutional Democratic Party,70738,Hyogo,JP-28-09,official,
Hyogo 9,https://www.soumu.go.jp/senkyo/senkyo_s/data/shugiin50/index.html,https://www.soumu.go.jp/senkyo/senkyo_s/data/shugiin50/index.html,西村 康稔,Independent,0,194582,0,194582,,97292,0,first,,,加古 貴一郎,Japan Innovation Party,25515,Hyogo,JP-28-09,official,
Hyogo 9,https://www.soumu.go.jp/senkyo/senkyo_s/data/shugiin50/index.html,https://www.soumu.go.jp/senkyo/senkyo_s/data/shugiin50/index.html,西村 康稔,Independent,0,194582,0,194582,,97292,0,first,,,高田 良信,Japanese Communist Party,9653,Hyogo,JP-28-09,official,
Hyogo 10,https://www.soumu.go.jp/senkyo/senkyo_s/data/shugiin50/index.html,https://www.soumu.go.jp/senkyo/senkyo_s/data/shugiin50/index.html,渡海 紀三朗,Liberal Democratic Party,0,169482,0,169482,,84742,0,first,,,渡海 紀三朗,Liberal Democratic Party,70673,Hyogo,JP-28-10,official,Candidate totals are the whole-vote figures in the official constituency table. Japan's national party summary separately allocates a very small number of fractional ambiguous ballots. District turnout and invalid-ballot metadata are unavailable.
Hyogo 10,https://www.soumu.go.jp/senkyo/senkyo_s/data/shugiin50/index.html,https://www.soumu.go.jp/senkyo/senkyo_s/data/shugiin50/index.html,渡海 紀三朗,Liberal Democratic Party,0,169482,0,169482,,84742,0,first,,,隠樹 圭子,Constitutional Democratic Party,41435,Hyogo,JP-28-10,official,
Hyogo 10,https://www.soumu.go.jp/senkyo/senkyo_s/data/shugiin50/index.html,https://www.soumu.go.jp/senkyo/senkyo_s/data/shugiin50/index.html,渡海 紀三朗,Liberal Democratic Party,0,169482,0,169482,,84742,0,first,,,掘井 健智,Japan Innovation Party,30718,Hyogo,JP-28-10,official,
Hyogo 10,https://www.soumu.go.jp/senkyo/senkyo_s/data/shugiin50/index.html,https://www.soumu.go.jp/senkyo/senkyo_s/data/shugiin50/index.html,渡海 紀三朗,Liberal Democratic Party,0,169482,0,169482,,84742,0,first,,,藤原 誠也,Sanseitō,16128,Hyogo,JP-28-10,official,
Hyogo 10,https://www.soumu.go.jp/senkyo/senkyo_s/data/shugiin50/index.html,https://www.soumu.go.jp/senkyo/senkyo_s/data/shugiin50/index.html,渡海 紀三朗,Liberal Democratic Party,0,169482,0,169482,,84742,0,first,,,吉田 久美子,Japanese Communist Party,10528,Hyogo,JP-28-10,official,
Hyogo 11,https://www.soumu.go.jp/senkyo/senkyo_s/data/shugiin50/index.html,https://www.soumu.go.jp/senkyo/senkyo_s/data/shugiin50/index.html,松本 剛明,Liberal Democratic Party,0,185339,0,185339,,92670,0,first,,,松本 剛明,Liberal Democratic Party,89943,Hyogo,JP-28-11,official,Candidate totals are the whole-vote figures in the official constituency table. Japan's national party summary separately allocates a very small number of fractional ambiguous ballots. District turnout and invalid-ballot metadata are unavailable.
Hyogo 11,https://www.soumu.go.jp/senkyo/senkyo_s/data/shugiin50/index.html,https://www.soumu.go.jp/senkyo/senkyo_s/data/shugiin50/index.html,松本 剛明,Liberal Democratic Party,0,185339,0,185339,,92670,0,first,,,住吉 寛紀,Japan Innovation Party,59738,Hyogo,JP-28-11,official,
Hyogo 11,https://www.soumu.go.jp/senkyo/senkyo_s/data/shugiin50/index.html,https://www.soumu.go.jp/senkyo/senkyo_s/data/shugiin50/index.html,松本 剛明,Liberal Democratic Party,0,185339,0,185339,,92670,0,first,,,山下 聖,Sanseitō,18261,Hyogo,JP-28-11,official,
Hyogo 11,https://www.soumu.go.jp/senkyo/senkyo_s/data/shugiin50/index.html,https://www.soumu.go.jp/senkyo/senkyo_s/data/shugiin50/index.html,松本 剛明,Liberal Democratic Party,0,185339,0,185339,,92670,0,first,,,苦瓜 一成,Japanese Communist Party,17397,Hyogo,JP-28-11,official,
Hyogo 12,https://www.soumu.go.jp/senkyo/senkyo_s/data/shugiin50/index.html,https://www.soumu.go.jp/senkyo/senkyo_s/data/shugiin50/index.html,山口 壯,Liberal Democratic Party,0,147776,0,147776,,73889,0,first,,,山口 壯,Liberal Democratic Party,72374,Hyogo,JP-28-12,official,Candidate totals are the whole-vote figures in the official constituency table. Japan's national party summary separately allocates a very small number of fractional ambiguous ballots. District turnout and invalid-ballot metadata are unavailable.
Hyogo 12,https://www.soumu.go.jp/senkyo/senkyo_s/data/shugiin50/index.html,https://www.soumu.go.jp/senkyo/senkyo_s/data/shugiin50/index.html,山口 壯,Liberal Democratic Party,0,147776,0,147776,,73889,0,first,,,池畑 浩太朗,Japan Innovation Party,56464,Hyogo,JP-28-12,official,
Hyogo 12,https://www.soumu.go.jp/senkyo/senkyo_s/data/shugiin50/index.html,https://www.soumu.go.jp/senkyo/senkyo_s/data/shugiin50/index.html,山口 壯,Liberal Democratic Party,0,147776,0,147776,,73889,0,first,,,太田 清幸,Japanese Communist Party,14006,Hyogo,JP-28-12,official,
Hyogo 12,https://www.soumu.go.jp/senkyo/senkyo_s/data/shugiin50/index.html,https://www.soumu.go.jp/senkyo/senkyo_s/data/shugiin50/index.html,山口 壯,Liberal Democratic Party,0,147776,0,147776,,73889,0,first,,,山田 敏良,Independent,4932,Hyogo,JP-28-12,official,
Nara 1,https://www.soumu.go.jp/senkyo/senkyo_s/data/shugiin50/index.html,https://www.soumu.go.jp/senkyo/senkyo_s/data/shugiin50/index.html,馬淵 澄夫,Constitutional Democratic Party,0,231814,0,231814,,115908,0,first,,,馬淵 澄夫,Constitutional Democratic Party,90323,Nara,JP-29-01,official,Candidate totals are the whole-vote figures in the official constituency table. Japan's national party summary separately allocates a very small number of fractional ambiguous ballots. District turnout and invalid-ballot metadata are unavailable.
Nara 1,https://www.soumu.go.jp/senkyo/senkyo_s/data/shugiin50/index.html,https://www.soumu.go.jp/senkyo/senkyo_s/data/shugiin50/index.html,馬淵 澄夫,Constitutional Democratic Party,0,231814,0,231814,,115908,0,first,,,小林 茂樹,Liberal Democratic Party,73214,Nara,JP-29-01,official,
Nara 1,https://www.soumu.go.jp/senkyo/senkyo_s/data/shugiin50/index.html,https://www.soumu.go.jp/senkyo/senkyo_s/data/shugiin50/index.html,馬淵 澄夫,Constitutional Democratic Party,0,231814,0,231814,,115908,0,first,,,高野 敦,Japan Innovation Party,43400,Nara,JP-29-01,official,
Nara 1,https://www.soumu.go.jp/senkyo/senkyo_s/data/shugiin50/index.html,https://www.soumu.go.jp/senkyo/senkyo_s/data/shugiin50/index.html,馬淵 澄夫,Constitutional Democratic Party,0,231814,0,231814,,115908,0,first,,,井上 良子,Japanese Communist Party,13511,Nara,JP-29-01,official,
Nara 1,https://www.soumu.go.jp/senkyo/senkyo_s/data/shugiin50/index.html,https://www.soumu.go.jp/senkyo/senkyo_s/data/shugiin50/index.html,馬淵 澄夫,Constitutional Democratic Party,0,231814,0,231814,,115908,0,first,,,林元 政子,Sanseitō,11366,Nara,JP-29-01,official,
Nara 2,https://www.soumu.go.jp/senkyo/senkyo_s/data/shugiin50/index.html,https://www.soumu.go.jp/senkyo/senkyo_s/data/shugiin50/index.html,高市 早苗,Liberal Democratic Party,0,213592,0,213592,,106797,0,first,,,高市 早苗,Liberal Democratic Party,128554,Nara,JP-29-02,official,Candidate totals are the whole-vote figures in the official constituency table. Japan's national party summary separately allocates a very small number of fractional ambiguous ballots. District turnout and invalid-ballot metadata are unavailable.
Nara 2,https://www.soumu.go.jp/senkyo/senkyo_s/data/shugiin50/index.html,https://www.soumu.go.jp/senkyo/senkyo_s/data/shugiin50/index.html,高市 早苗,Liberal Democratic Party,0,213592,0,213592,,106797,0,first,,,尾崎 充典,Constitutional Democratic Party,36371,Nara,JP-29-02,official,
Nara 2,https://www.soumu.go.jp/senkyo/senkyo_s/data/shugiin50/index.html,https://www.soumu.go.jp/senkyo/senkyo_s/data/shugiin50/index.html,高市 早苗,Liberal Democratic Party,0,213592,0,213592,,106797,0,first,,,服部 知佳,Japan Innovation Party,34354,Nara,JP-29-02,official,
Nara 2,https://www.soumu.go.jp/senkyo/senkyo_s/data/shugiin50/index.html,https://www.soumu.go.jp/senkyo/senkyo_s/data/shugiin50/index.html,高市 早苗,Liberal Democratic Party,0,213592,0,213592,,106797,0,first,,,池田 英子,Japanese Communist Party,14313,Nara,JP-29-02,official,
Nara 3,https://www.soumu.go.jp/senkyo/senkyo_s/data/shugiin50/index.html,https://www.soumu.go.jp/senkyo/senkyo_s/data/shugiin50/index.html,田野瀬 太道,Liberal Democratic Party,0,187920,0,187920,,93961,0,first,,,田野瀬 太道,Liberal Democratic Party,92379,Nara,JP-29-03,official,Candidate totals are the whole-vote figures in the official constituency table. Japan's national party summary separately allocates a very small number of fractional ambiguous ballots. District turnout and invalid-ballot metadata are unavailable.
Nara 3,https://www.soumu.go.jp/senkyo/senkyo_s/data/shugiin50/index.html,https://www.soumu.go.jp/senkyo/senkyo_s/data/shugiin50/index.html,田野瀬 太道,Liberal Democratic Party,0,187920,0,187920,,93961,0,first,,,原山 大亮,Japan Innovation Party,41897,Nara,JP-29-03,official,
Nara 3,https://www.soumu.go.jp/senkyo/senkyo_s/data/shugiin50/index.html,https://www.soumu.go.jp/senkyo/senkyo_s/data/shugiin50/index.html,田野瀬 太道,Liberal Democratic Party,0,187920,0,187920,,93961,0,first,,,川戸 康嗣,Constitutional Democratic Party,33101,Nara,JP-29-03,official,
Nara 3,https://www.soumu.go.jp/senkyo/senkyo_s/data/shugiin50/index.html,https://www.soumu.go.jp/senkyo/senkyo_s/data/shugiin50/index.html,田野瀬 太道,Liberal Democratic Party,0,187920,0,187920,,93961,0,first,,,太田 敦,Japanese Communist Party,20543,Nara,JP-29-03,official,
Wakayama 1,https://www.soumu.go.jp/senkyo/senkyo_s/data/shugiin50/index.html,https://www.soumu.go.jp/senkyo/senkyo_s/data/shugiin50/index.html,山本 大地,Liberal Democratic Party,0,195517,0,195517,,97759,0,first,,,山本 大地,Liberal Democratic Party,70869,Wakayama,JP-30-01,official,Candidate totals are the whole-vote figures in the official constituency table. Japan's national party summary separately allocates a very small number of fractional ambiguous ballots. District turnout and invalid-ballot metadata are unavailable.
Wakayama 1,https://www.soumu.go.jp/senkyo/senkyo_s/data/shugiin50/index.html,https://www.soumu.go.jp/senkyo/senkyo_s/data/shugiin50/index.html,山本 大地,Liberal Democratic Party,0,195517,0,195517,,97759,0,first,,,林 佑美,Japan Innovation Party,70745,Wakayama,JP-30-01,official,
Wakayama 1,https://www.soumu.go.jp/senkyo/senkyo_s/data/shugiin50/index.html,https://www.soumu.go.jp/senkyo/senkyo_s/data/shugiin50/index.html,山本 大地,Liberal Democratic Party,0,195517,0,195517,,97759,0,first,,,村上 賀厚,Constitutional Democratic Party,25067,Wakayama,JP-30-01,official,
Wakayama 1,https://www.soumu.go.jp/senkyo/senkyo_s/data/shugiin50/index.html,https://www.soumu.go.jp/senkyo/senkyo_s/data/shugiin50/index.html,山本 大地,Liberal Democratic Party,0,195517,0,195517,,97759,0,first,,,井本 有一,Japanese Communist Party,13665,Wakayama,JP-30-01,official,
Wakayama 1,https://www.soumu.go.jp/senkyo/senkyo_s/data/shugiin50/index.html,https://www.soumu.go.jp/senkyo/senkyo_s/data/shugiin50/index.html,山本 大地,Liberal Democratic Party,0,195517,0,195517,,97759,0,first,,,林元 将崇,Sanseitō,13422,Wakayama,JP-30-01,official,
Wakayama 1,https://www.soumu.go.jp/senkyo/senkyo_s/data/shugiin50/index.html,https://www.soumu.go.jp/senkyo/senkyo_s/data/shugiin50/index.html,山本 大地,Liberal Democratic Party,0,195517,0,195517,,97759,0,first,,,正司 武,Other,1749,Wakayama,JP-30-01,official,
Wakayama 2,https://www.soumu.go.jp/senkyo/senkyo_s/data/shugiin50/index.html,https://www.soumu.go.jp/senkyo/senkyo_s/data/shugiin50/index.html,世耕 弘成,Independent,0,231095,0,231095,,115548,0,first,,,世耕 弘成,Independent,101739,Wakayama,JP-30-02,official,Candidate totals are the whole-vote figures in the official constituency table. Japan's national party summary separately allocates a very small number of fractional ambiguous ballots. District turnout and invalid-ballot metadata are unavailable.
Wakayama 2,https://www.soumu.go.jp/senkyo/senkyo_s/data/shugiin50/index.html,https://www.soumu.go.jp/senkyo/senkyo_s/data/shugiin50/index.html,世耕 弘成,Independent,0,231095,0,231095,,115548,0,first,,,二階 伸康,Liberal Democratic Party,71114,Wakayama,JP-30-02,official,
Wakayama 2,https://www.soumu.go.jp/senkyo/senkyo_s/data/shugiin50/index.html,https://www.soumu.go.jp/senkyo/senkyo_s/data/shugiin50/index.html,世耕 弘成,Independent,0,231095,0,231095,,115548,0,first,,,新古 祐子,Constitutional Democratic Party,33147,Wakayama,JP-30-02,official,
Wakayama 2,https://www.soumu.go.jp/senkyo/senkyo_s/data/shugiin50/index.html,https://www.soumu.go.jp/senkyo/senkyo_s/data/shugiin50/index.html,世耕 弘成,Independent,0,231095,0,231095,,115548,0,first,,,楠本 文郎,Japanese Communist Party,19062,Wakayama,JP-30-02,official,
Wakayama 2,https://www.soumu.go.jp/senkyo/senkyo_s/data/shugiin50/index.html,https://www.soumu.go.jp/senkyo/senkyo_s/data/shugiin50/index.html,世耕 弘成,Independent,0,231095,0,231095,,115548,0,first,,,高橋 秀彰,Other,6033,Wakayama,JP-30-02,official,
Tottori 1,https://www.soumu.go.jp/senkyo/senkyo_s/data/shugiin50/index.html,https://www.soumu.go.jp/senkyo/senkyo_s/data/shugiin50/index.html,石破 茂,Liberal Democratic Party,0,125279,0,125279,,62640,0,first,,,石破 茂,Liberal Democratic Party,106670,Tottori,JP-31-01,official,Candidate totals are the whole-vote figures in the official constituency table. Japan's national party summary separately allocates a very small number of fractional ambiguous ballots. District turnout and invalid-ballot metadata are unavailable.
Tottori 1,https://www.soumu.go.jp/senkyo/senkyo_s/data/shugiin50/index.html,https://www.soumu.go.jp/senkyo/senkyo_s/data/shugiin50/index.html,石破 茂,Liberal Democratic Party,0,125279,0,125279,,62640,0,first,,,朝倉 浩之,Constitutional Democratic Party,12389,Tottori,JP-31-01,official,
Tottori 1,https://www.soumu.go.jp/senkyo/senkyo_s/data/shugiin50/index.html,https://www.soumu.go.jp/senkyo/senkyo_s/data/shugiin50/index.html,石破 茂,Liberal Democratic Party,0,125279,0,125279,,62640,0,first,,,岡田 正和,Japanese Communist Party,6220,Tottori,JP-31-01,official,
Tottori 2,https://www.soumu.go.jp/senkyo/senkyo_s/data/shugiin50/index.html,https://www.soumu.go.jp/senkyo/senkyo_s/data/shugiin50/index.html,赤沢 亮正,Liberal Democratic Party,0,131877,0,131877,,65939,0,first,,,赤沢 亮正,Liberal Democratic Party,81526,Tottori,JP-31-02,official,Candidate totals are the whole-vote figures in the official constituency table. Japan's national party summary separately allocates a very small number of fractional ambiguous ballots. District turnout and invalid-ballot metadata are unavailable.
Tottori 2,https://www.soumu.go.jp/senkyo/senkyo_s/data/shugiin50/index.html,https://www.soumu.go.jp/senkyo/senkyo_s/data/shugiin50/index.html,赤沢 亮正,Liberal Democratic Party,0,131877,0,131877,,65939,0,first,,,湯原 俊二,Constitutional Democratic Party,43696,Tottori,JP-31-02,official,
Tottori 2,https://www.soumu.go.jp/senkyo/senkyo_s/data/shugiin50/index.html,https://www.soumu.go.jp/senkyo/senkyo_s/data/shugiin50/index.html,赤沢 亮正,Liberal Democratic Party,0,131877,0,131877,,65939,0,first,,,福住 英行,Japanese Communist Party,6655,Tottori,JP-31-02,official,
Shimane 1,https://www.soumu.go.jp/senkyo/senkyo_s/data/shugiin50/index.html,https://www.soumu.go.jp/senkyo/senkyo_s/data/shugiin50/index.html,亀井 亜紀子,Constitutional Democratic Party,0,143864,0,143864,,71933,0,first,,,亀井 亜紀子,Constitutional Democratic Party,73484,Shimane,JP-32-01,official,Candidate totals are the whole-vote figures in the official constituency table. Japan's national party summary separately allocates a very small number of fractional ambiguous ballots. District turnout and invalid-ballot metadata are unavailable.
Shimane 1,https://www.soumu.go.jp/senkyo/senkyo_s/data/shugiin50/index.html,https://www.soumu.go.jp/senkyo/senkyo_s/data/shugiin50/index.html,亀井 亜紀子,Constitutional Democratic Party,0,143864,0,143864,,71933,0,first,,,高階 恵美子,Liberal Democratic Party,63238,Shimane,JP-32-01,official,
Shimane 1,https://www.soumu.go.jp/senkyo/senkyo_s/data/shugiin50/index.html,https://www.soumu.go.jp/senkyo/senkyo_s/data/shugiin50/index.html,亀井 亜紀子,Constitutional Democratic Party,0,143864,0,143864,,71933,0,first,,,村穂 江利子,Japanese Communist Party,7142,Shimane,JP-32-01,official,
Shimane 2,https://www.soumu.go.jp/senkyo/senkyo_s/data/shugiin50/index.html,https://www.soumu.go.jp/senkyo/senkyo_s/data/shugiin50/index.html,高見 康裕,Liberal Democratic Party,0,164114,0,164114,,82058,0,first,,,高見 康裕,Liberal Democratic Party,99829,Shimane,JP-32-02,official,Candidate totals are the whole-vote figures in the official constituency table. Japan's national party summary separately allocates a very small number of fractional ambiguous ballots. District turnout and invalid-ballot metadata are unavailable.
Shimane 2,https://www.soumu.go.jp/senkyo/senkyo_s/data/shugiin50/index.html,https://www.soumu.go.jp/senkyo/senkyo_s/data/shugiin50/index.html,高見 康裕,Liberal Democratic Party,0,164114,0,164114,,82058,0,first,,,大塚 聡子,Constitutional Democratic Party,49302,Shimane,JP-32-02,official,
Shimane 2,https://www.soumu.go.jp/senkyo/senkyo_s/data/shugiin50/index.html,https://www.soumu.go.jp/senkyo/senkyo_s/data/shugiin50/index.html,高見 康裕,Liberal Democratic Party,0,164114,0,164114,,82058,0,first,,,亀谷 優子,Japanese Communist Party,14983,Shimane,JP-32-02,official,
Okayama 1,https://www.soumu.go.jp/senkyo/senkyo_s/data/shugiin50/index.html,https://www.soumu.go.jp/senkyo/senkyo_s/data/shugiin50/index.html,逢沢 一郎,Liberal Democratic Party,0,161299,0,161299,,80650,0,first,,,逢沢 一郎,Liberal Democratic Party,67710,Okayama,JP-33-01,official,Candidate totals are the whole-vote figures in the official constituency table. Japan's national party summary separately allocates a very small number of fractional ambiguous ballots. District turnout and invalid-ballot metadata are unavailable.
Okayama 1,https://www.soumu.go.jp/senkyo/senkyo_s/data/shugiin50/index.html,https://www.soumu.go.jp/senkyo/senkyo_s/data/shugiin50/index.html,逢沢 一郎,Liberal Democratic Party,0,161299,0,161299,,80650,0,first,,,原田 謙介,Constitutional Democratic Party,51535,Okayama,JP-33-01,official,
Okayama 1,https://www.soumu.go.jp/senkyo/senkyo_s/data/shugiin50/index.html,https://www.soumu.go.jp/senkyo/senkyo_s/data/shugiin50/index.html,逢沢 一郎,Liberal Democratic Party,0,161299,0,161299,,80650,0,first,,,佐々木 雄司,Democratic Party for the People,22152,Okayama,JP-33-01,official,
Okayama 1,https://www.soumu.go.jp/senkyo/senkyo_s/data/shugiin50/index.html,https://www.soumu.go.jp/senkyo/senkyo_s/data/shugiin50/index.html,逢沢 一郎,Liberal Democratic Party,0,161299,0,161299,,80650,0,first,,,服部 千秋,Japan Innovation Party,11094,Okayama,JP-33-01,official,
Okayama 1,https://www.soumu.go.jp/senkyo/senkyo_s/data/shugiin50/index.html,https://www.soumu.go.jp/senkyo/senkyo_s/data/shugiin50/index.html,逢沢 一郎,Liberal Democratic Party,0,161299,0,161299,,80650,0,first,,,住寄 聡美,Japanese Communist Party,8808,Okayama,JP-33-01,official,
Okayama 2,https://www.soumu.go.jp/senkyo/senkyo_s/data/shugiin50/index.html,https://www.soumu.go.jp/senkyo/senkyo_s/data/shugiin50/index.html,山下 貴司,Liberal Democratic Party,0,200120,0,200120,,100061,0,first,,,山下 貴司,Liberal Democratic Party,95452,Okayama,JP-33-02,official,Candidate totals are the whole-vote figures in the official constituency table. Japan's national party summary separately allocates a very small number of fractional ambiguous ballots. District turnout and invalid-ballot metadata are unavailable.
Okayama 2,https://www.soumu.go.jp/senkyo/senkyo_s/data/shugiin50/index.html,https://www.soumu.go.jp/senkyo/senkyo_s/data/shugiin50/index.html,山下 貴司,Liberal Democratic Party,0,200120,0,200120,,100061,0,first,,,津村 啓介,Constitutional Democratic Party,91906,Okayama,JP-33-02,official,
Okayama 2,https://www.soumu.go.jp/senkyo/senkyo_s/data/shugiin50/index.html,https://www.soumu.go.jp/senkyo/senkyo_s/data/shugiin50/index.html,山下 貴司,Liberal Democratic Party,0,200120,0,200120,,100061,0,first,,,余江 雪央,Japanese Communist Party,12762,Okayama,JP-33-02,official,
Okayama 3,https://www.soumu.go.jp/senkyo/senkyo_s/data/shugiin50/index.html,https://www.soumu.go.jp/senkyo/senkyo_s/data/shugiin50/index.html,加藤 勝信,Liberal Democratic Party,0,206583,0,206583,,103292,0,first,,,加藤 勝信,Liberal Democratic Party,133389,Okayama,JP-33-03,official,Candidate totals are the whole-vote figures in the official constituency table. Japan's national party summary separately allocates a very small number of fractional ambiguous ballots. District turnout and invalid-ballot metadata are unavailable.
Okayama 3,https://www.soumu.go.jp/senkyo/senkyo_s/data/shugiin50/index.html,https://www.soumu.go.jp/senkyo/senkyo_s/data/shugiin50/index.html,加藤 勝信,Liberal Democratic Party,0,206583,0,206583,,103292,0,first,,,はた ともこ,Constitutional Democratic Party,59781,Okayama,JP-33-03,official,
Okayama 3,https://www.soumu.go.jp/senkyo/senkyo_s/data/shugiin50/index.html,https://www.soumu.go.jp/senkyo/senkyo_s/data/shugiin50/index.html,加藤 勝信,Liberal Democratic Party,0,206583,0,206583,,103292,0,first,,,原田 亜希子,Japanese Communist Party,13413,Okayama,JP-33-03,official,
Okayama 4,https://www.soumu.go.jp/senkyo/senkyo_s/data/shugiin50/index.html,https://www.soumu.go.jp/senkyo/senkyo_s/data/shugiin50/index.html,柚木 道義,Constitutional Democratic Party,0,177197,0,177197,,88599,0,first,,,柚木 道義,Constitutional Democratic Party,89149,Okayama,JP-33-04,official,Candidate totals are the whole-vote figures in the official constituency table. Japan's national party summary separately allocates a very small number of fractional ambiguous ballots. District turnout and invalid-ballot metadata are unavailable.
Okayama 4,https://www.soumu.go.jp/senkyo/senkyo_s/data/shugiin50/index.html,https://www.soumu.go.jp/senkyo/senkyo_s/data/shugiin50/index.html,柚木 道義,Constitutional Democratic Party,0,177197,0,177197,,88599,0,first,,,橋本 岳,Liberal Democratic Party,75400,Okayama,JP-33-04,official,
Okayama 4,https://www.soumu.go.jp/senkyo/senkyo_s/data/shugiin50/index.html,https://www.soumu.go.jp/senkyo/senkyo_s/data/shugiin50/index.html,柚木 道義,Constitutional Democratic Party,0,177197,0,177197,,88599,0,first,,,垣内 雄一,Japanese Communist Party,12648,Okayama,JP-33-04,official,
Hiroshima 1,https://www.soumu.go.jp/senkyo/senkyo_s/data/shugiin50/index.html,https://www.soumu.go.jp/senkyo/senkyo_s/data/shugiin50/index.html,岸田 文雄,Liberal Democratic Party,0,192302,0,192302,,96152,0,first,,,岸田 文雄,Liberal Democratic Party,100740,Hiroshima,JP-34-01,official,Candidate totals are the whole-vote figures in the official constituency table. Japan's national party summary separately allocates a very small number of fractional ambiguous ballots. District turnout and invalid-ballot metadata are unavailable.
Hiroshima 1,https://www.soumu.go.jp/senkyo/senkyo_s/data/shugiin50/index.html,https://www.soumu.go.jp/senkyo/senkyo_s/data/shugiin50/index.html,岸田 文雄,Liberal Democratic Party,0,192302,0,192302,,96152,0,first,,,平本 浩一,Constitutional Democratic Party,46493,Hiroshima,JP-34-01,official,
Hiroshima 1,https://www.soumu.go.jp/senkyo/senkyo_s/data/shugiin50/index.html,https://www.soumu.go.jp/senkyo/senkyo_s/data/shugiin50/index.html,岸田 文雄,Liberal Democratic Party,0,192302,0,192302,,96152,0,first,,,山田 肇,Japan Innovation Party,26849,Hiroshima,JP-34-01,official,
Hiroshima 1,https://www.soumu.go.jp/senkyo/senkyo_s/data/shugiin50/index.html,https://www.soumu.go.jp/senkyo/senkyo_s/data/shugiin50/index.html,岸田 文雄,Liberal Democratic Party,0,192302,0,192302,,96152,0,first,,,中原 剛,Japanese Communist Party,12225,Hiroshima,JP-34-01,official,
Hiroshima 1,https://www.soumu.go.jp/senkyo/senkyo_s/data/shugiin50/index.html,https://www.soumu.go.jp/senkyo/senkyo_s/data/shugiin50/index.html,岸田 文雄,Liberal Democratic Party,0,192302,0,192302,,96152,0,first,,,産原 稔文,Independent,5995,Hiroshima,JP-34-01,official,
Hiroshima 2,https://www.soumu.go.jp/senkyo/senkyo_s/data/shugiin50/index.html,https://www.soumu.go.jp/senkyo/senkyo_s/data/shugiin50/index.html,平口 洋,Liberal Democratic Party,0,183322,0,183322,,91662,0,first,,,平口 洋,Liberal Democratic Party,82443,Hiroshima,JP-34-02,official,Candidate totals are the whole-vote figures in the official constituency table. Japan's national party summary separately allocates a very small number of fractional ambiguous ballots. District turnout and invalid-ballot metadata are unavailable.
Hiroshima 2,https://www.soumu.go.jp/senkyo/senkyo_s/data/shugiin50/index.html,https://www.soumu.go.jp/senkyo/senkyo_s/data/shugiin50/index.html,平口 洋,Liberal Democratic Party,0,183322,0,183322,,91662,0,first,,,福田 玄,Democratic Party for the People,61679,Hiroshima,JP-34-02,official,
Hiroshima 2,https://www.soumu.go.jp/senkyo/senkyo_s/data/shugiin50/index.html,https://www.soumu.go.jp/senkyo/senkyo_s/data/shugiin50/index.html,平口 洋,Liberal Democratic Party,0,183322,0,183322,,91662,0,first,,,金城 政孝,Japan Innovation Party,21846,Hiroshima,JP-34-02,official,
Hiroshima 2,https://www.soumu.go.jp/senkyo/senkyo_s/data/shugiin50/index.html,https://www.soumu.go.jp/senkyo/senkyo_s/data/shugiin50/index.html,平口 洋,Liberal Democratic Party,0,183322,0,183322,,91662,0,first,,,岡田 博美,Japanese Communist Party,17354,Hiroshima,JP-34-02,official,
Hiroshima 3,https://www.soumu.go.jp/senkyo/senkyo_s/data/shugiin50/index.html,https://www.soumu.go.jp/senkyo/senkyo_s/data/shugiin50/index.html,斉藤 鉄夫,Komeito,0,183485,0,183485,,91743,0,first,,,斉藤 鉄夫,Komeito,86654,Hiroshima,JP-34-03,official,Candidate totals are the whole-vote figures in the official constituency table. Japan's national party summary separately allocates a very small number of fractional ambiguous ballots. District turnout and invalid-ballot metadata are unavailable.
Hiroshima 3,https://www.soumu.go.jp/senkyo/senkyo_s/data/shugiin50/index.html,https://www.soumu.go.jp/senkyo/senkyo_s/data/shugiin50/index.html,斉藤 鉄夫,Komeito,0,183485,0,183485,,91743,0,first,,,東 克哉,Constitutional Democratic Party,71952,Hiroshima,JP-34-03,official,
Hiroshima 3,https://www.soumu.go.jp/senkyo/senkyo_s/data/shugiin50/index.html,https://www.soumu.go.jp/senkyo/senkyo_s/data/shugiin50/index.html,斉藤 鉄夫,Komeito,0,183485,0,183485,,91743,0,first,,,高見 篤己,Japanese Communist Party,14128,Hiroshima,JP-34-03,official,
Hiroshima 3,https://www.soumu.go.jp/senkyo/senkyo_s/data/shugiin50/index.html,https://www.soumu.go.jp/senkyo/senkyo_s/data/shugiin50/index.html,斉藤 鉄夫,Komeito,0,183485,0,183485,,91743,0,first,,,玉田 憲勲,Independent,10751,Hiroshima,JP-34-03,official,
Hiroshima 4,https://www.soumu.go.jp/senkyo/senkyo_s/data/shugiin50/index.html,https://www.soumu.go.jp/senkyo/senkyo_s/data/shugiin50/index.html,空本 誠喜,Japan Innovation Party,0,185360,0,185360,,92681,0,first,,,空本 誠喜,Japan Innovation Party,93707,Hiroshima,JP-34-04,official,Candidate totals are the whole-vote figures in the official constituency table. Japan's national party summary separately allocates a very small number of fractional ambiguous ballots. District turnout and invalid-ballot metadata are unavailable.
Hiroshima 4,https://www.soumu.go.jp/senkyo/senkyo_s/data/shugiin50/index.html,https://www.soumu.go.jp/senkyo/senkyo_s/data/shugiin50/index.html,空本 誠喜,Japan Innovation Party,0,185360,0,185360,,92681,0,first,,,寺田 稔,Liberal Democratic Party,91653,Hiroshima,JP-34-04,official,
Hiroshima 5,https://www.soumu.go.jp/senkyo/senkyo_s/data/shugiin50/index.html,https://www.soumu.go.jp/senkyo/senkyo_s/data/shugiin50/index.html,佐藤 公治,Constitutional Democratic Party,0,154199,0,154199,,77100,0,first,,,佐藤 公治,Constitutional Democratic Party,82297,Hiroshima,JP-34-05,official,Candidate totals are the whole-vote figures in the official constituency table. Japan's national party summary separately allocates a very small number of fractional ambiguous ballots. District turnout and invalid-ballot metadata are unavailable.
Hiroshima 5,https://www.soumu.go.jp/senkyo/senkyo_s/data/shugiin50/index.html,https://www.soumu.go.jp/senkyo/senkyo_s/data/shugiin50/index.html,佐藤 公治,Constitutional Democratic Party,0,154199,0,154199,,77100,0,first,,,小島 敏文,Liberal Democratic Party,60796,Hiroshima,JP-34-05,official,
Hiroshima 5,https://www.soumu.go.jp/senkyo/senkyo_s/data/shugiin50/index.html,https://www.soumu.go.jp/senkyo/senkyo_s/data/shugiin50/index.html,佐藤 公治,Constitutional Democratic Party,0,154199,0,154199,,77100,0,first,,,猪原 真弓,Japanese Communist Party,11106,Hiroshima,JP-34-05,official,
Hiroshima 6,https://www.soumu.go.jp/senkyo/senkyo_s/data/shugiin50/index.html,https://www.soumu.go.jp/senkyo/senkyo_s/data/shugiin50/index.html,小林 史明,Liberal Democratic Party,0,162997,0,162997,,81499,0,first,,,小林 史明,Liberal Democratic Party,97991,Hiroshima,JP-34-06,official,Candidate totals are the whole-vote figures in the official constituency table. Japan's national party summary separately allocates a very small number of fractional ambiguous ballots. District turnout and invalid-ballot metadata are unavailable.
Hiroshima 6,https://www.soumu.go.jp/senkyo/senkyo_s/data/shugiin50/index.html,https://www.soumu.go.jp/senkyo/senkyo_s/data/shugiin50/index.html,小林 史明,Liberal Democratic Party,0,162997,0,162997,,81499,0,first,,,井上 信也,Constitutional Democratic Party,52852,Hiroshima,JP-34-06,official,
Hiroshima 6,https://www.soumu.go.jp/senkyo/senkyo_s/data/shugiin50/index.html,https://www.soumu.go.jp/senkyo/senkyo_s/data/shugiin50/index.html,小林 史明,Liberal Democratic Party,0,162997,0,162997,,81499,0,first,,,重村 幸司,Japanese Communist Party,12154,Hiroshima,JP-34-06,official,
Yamaguchi 1,https://www.soumu.go.jp/senkyo/senkyo_s/data/shugiin50/index.html,https://www.soumu.go.jp/senkyo/senkyo_s/data/shugiin50/index.html,高村 正大,Liberal Democratic Party,0,183389,0,183389,,91695,0,first,,,高村 正大,Liberal Democratic Party,99644,Yamaguchi,JP-35-01,official,Candidate totals are the whole-vote figures in the official constituency table. Japan's national party summary separately allocates a very small number of fractional ambiguous ballots. District turnout and invalid-ballot metadata are unavailable.
Yamaguchi 1,https://www.soumu.go.jp/senkyo/senkyo_s/data/shugiin50/index.html,https://www.soumu.go.jp/senkyo/senkyo_s/data/shugiin50/index.html,高村 正大,Liberal Democratic Party,0,183389,0,183389,,91695,0,first,,,坂本 史子,Constitutional Democratic Party,40237,Yamaguchi,JP-35-01,official,
Yamaguchi 1,https://www.soumu.go.jp/senkyo/senkyo_s/data/shugiin50/index.html,https://www.soumu.go.jp/senkyo/senkyo_s/data/shugiin50/index.html,高村 正大,Liberal Democratic Party,0,183389,0,183389,,91695,0,first,,,野田 陽志,Democratic Party for the People,31710,Yamaguchi,JP-35-01,official,
Yamaguchi 1,https://www.soumu.go.jp/senkyo/senkyo_s/data/shugiin50/index.html,https://www.soumu.go.jp/senkyo/senkyo_s/data/shugiin50/index.html,高村 正大,Liberal Democratic Party,0,183389,0,183389,,91695,0,first,,,三藤 美智子,Japanese Communist Party,11798,Yamaguchi,JP-35-01,official,
Yamaguchi 2,https://www.soumu.go.jp/senkyo/senkyo_s/data/shugiin50/index.html,https://www.soumu.go.jp/senkyo/senkyo_s/data/shugiin50/index.html,岸 信千世,Liberal Democratic Party,0,208046,0,208046,,104024,0,first,,,岸 信千世,Liberal Democratic Party,104885,Yamaguchi,JP-35-02,official,Candidate totals are the whole-vote figures in the official constituency table. Japan's national party summary separately allocates a very small number of fractional ambiguous ballots. District turnout and invalid-ballot metadata are unavailable.
Yamaguchi 2,https://www.soumu.go.jp/senkyo/senkyo_s/data/shugiin50/index.html,https://www.soumu.go.jp/senkyo/senkyo_s/data/shugiin50/index.html,岸 信千世,Liberal Democratic Party,0,208046,0,208046,,104024,0,first,,,平岡 秀夫,Constitutional Democratic Party,103161,Yamaguchi,JP-35-02,official,
Yamaguchi 3,https://www.soumu.go.jp/senkyo/senkyo_s/data/shugiin50/index.html,https://www.soumu.go.jp/senkyo/senkyo_s/data/shugiin50/index.html,林 芳正,Liberal Democratic Party,0,166051,0,166051,,83026,0,first,,,林 芳正,Liberal Democratic Party,115687,Yamaguchi,JP-35-03,official,Candidate totals are the whole-vote figures in the official constituency table. Japan's national party summary separately allocates a very small number of fractional ambiguous ballots. District turnout and invalid-ballot metadata are unavailable.
Yamaguchi 3,https://www.soumu.go.jp/senkyo/senkyo_s/data/shugiin50/index.html,https://www.soumu.go.jp/senkyo/senkyo_s/data/shugiin50/index.html,林 芳正,Liberal Democratic Party,0,166051,0,166051,,83026,0,first,,,伊藤 博文,Japan Innovation Party,32259,Yamaguchi,JP-35-03,official,
Yamaguchi 3,https://www.soumu.go.jp/senkyo/senkyo_s/data/shugiin50/index.html,https://www.soumu.go.jp/senkyo/senkyo_s/data/shugiin50/index.html,林 芳正,Liberal Democratic Party,0,166051,0,166051,,83026,0,first,,,吹上 政子,Japanese Communist Party,18105,Yamaguchi,JP-35-03,official,
Tokushima 1,https://www.soumu.go.jp/senkyo/senkyo_s/data/shugiin50/index.html,https://www.soumu.go.jp/senkyo/senkyo_s/data/shugiin50/index.html,仁木 博文,Liberal Democratic Party,0,171267,0,171267,,85634,0,first,,,仁木 博文,Liberal Democratic Party,85386,Tokushima,JP-36-01,official,Candidate totals are the whole-vote figures in the official constituency table. Japan's national party summary separately allocates a very small number of fractional ambiguous ballots. District turnout and invalid-ballot metadata are unavailable.
Tokushima 1,https://www.soumu.go.jp/senkyo/senkyo_s/data/shugiin50/index.html,https://www.soumu.go.jp/senkyo/senkyo_s/data/shugiin50/index.html,仁木 博文,Liberal Democratic Party,0,171267,0,171267,,85634,0,first,,,高橋 永,Constitutional Democratic Party,54839,Tokushima,JP-36-01,official,
Tokushima 1,https://www.soumu.go.jp/senkyo/senkyo_s/data/shugiin50/index.html,https://www.soumu.go.jp/senkyo/senkyo_s/data/shugiin50/index.html,仁木 博文,Liberal Democratic Party,0,171267,0,171267,,85634,0,first,,,吉田 知代,Japan Innovation Party,20270,Tokushima,JP-36-01,official,
Tokushima 1,https://www.soumu.go.jp/senkyo/senkyo_s/data/shugiin50/index.html,https://www.soumu.go.jp/senkyo/senkyo_s/data/shugiin50/index.html,仁木 博文,Liberal Democratic Party,0,171267,0,171267,,85634,0,first,,,久保 孝之,Japanese Communist Party,8454,Tokushima,JP-36-01,official,
Tokushima 1,https://www.soumu.go.jp/senkyo/senkyo_s/data/shugiin50/index.html,https://www.soumu.go.jp/senkyo/senkyo_s/data/shugiin50/index.html,仁木 博文,Liberal Democratic Party,0,171267,0,171267,,85634,0,first,,,佐藤 行俊,Independent,2318,Tokushima,JP-36-01,official,
Tokushima 2,https://www.soumu.go.jp/senkyo/senkyo_s/data/shugiin50/index.html,https://www.soumu.go.jp/senkyo/senkyo_s/data/shugiin50/index.html,山口 俊一,Liberal Democratic Party,0,127301,0,127301,,63651,0,first,,,山口 俊一,Liberal Democratic Party,55830,Tokushima,JP-36-02,official,Candidate totals are the whole-vote figures in the official constituency table. Japan's national party summary separately allocates a very small number of fractional ambiguous ballots. District turnout and invalid-ballot metadata are unavailable.
Tokushima 2,https://www.soumu.go.jp/senkyo/senkyo_s/data/shugiin50/index.html,https://www.soumu.go.jp/senkyo/senkyo_s/data/shugiin50/index.html,山口 俊一,Liberal Democratic Party,0,127301,0,127301,,63651,0,first,,,飯泉 嘉門,Independent,52151,Tokushima,JP-36-02,official,
Tokushima 2,https://www.soumu.go.jp/senkyo/senkyo_s/data/shugiin50/index.html,https://www.soumu.go.jp/senkyo/senkyo_s/data/shugiin50/index.html,山口 俊一,Liberal Democratic Party,0,127301,0,127301,,63651,0,first,,,祝 聡,Japan Innovation Party,11122,Tokushima,JP-36-02,official,
Tokushima 2,https://www.soumu.go.jp/senkyo/senkyo_s/data/shugiin50/index.html,https://www.soumu.go.jp/senkyo/senkyo_s/data/shugiin50/index.html,山口 俊一,Liberal Democratic Party,0,127301,0,127301,,63651,0,first,,,濱 共生,Japanese Communist Party,8198,Tokushima,JP-36-02,official,
Kagawa 1,https://www.soumu.go.jp/senkyo/senkyo_s/data/shugiin50/index.html,https://www.soumu.go.jp/senkyo/senkyo_s/data/shugiin50/index.html,小川 淳也,Constitutional Democratic Party,0,160828,0,160828,,80415,0,first,,,小川 淳也,Constitutional Democratic Party,82549,Kagawa,JP-37-01,official,Candidate totals are the whole-vote figures in the official constituency table. Japan's national party summary separately allocates a very small number of fractional ambiguous ballots. District turnout and invalid-ballot metadata are unavailable.
Kagawa 1,https://www.soumu.go.jp/senkyo/senkyo_s/data/shugiin50/index.html,https://www.soumu.go.jp/senkyo/senkyo_s/data/shugiin50/index.html,小川 淳也,Constitutional Democratic Party,0,160828,0,160828,,80415,0,first,,,平井 卓也,Liberal Democratic Party,51727,Kagawa,JP-37-01,official,
Kagawa 1,https://www.soumu.go.jp/senkyo/senkyo_s/data/shugiin50/index.html,https://www.soumu.go.jp/senkyo/senkyo_s/data/shugiin50/index.html,小川 淳也,Constitutional Democratic Party,0,160828,0,160828,,80415,0,first,,,町川 順子,Japan Innovation Party,11730,Kagawa,JP-37-01,official,
Kagawa 1,https://www.soumu.go.jp/senkyo/senkyo_s/data/shugiin50/index.html,https://www.soumu.go.jp/senkyo/senkyo_s/data/shugiin50/index.html,小川 淳也,Constitutional Democratic Party,0,160828,0,160828,,80415,0,first,,,小林 直美,Sanseitō,9176,Kagawa,JP-37-01,official,
Kagawa 1,https://www.soumu.go.jp/senkyo/senkyo_s/data/shugiin50/index.html,https://www.soumu.go.jp/senkyo/senkyo_s/data/shugiin50/index.html,小川 淳也,Constitutional Democratic Party,0,160828,0,160828,,80415,0,first,,,田辺 健一,Japanese Communist Party,5646,Kagawa,JP-37-01,official,
Kagawa 2,https://www.soumu.go.jp/senkyo/senkyo_s/data/shugiin50/index.html,https://www.soumu.go.jp/senkyo/senkyo_s/data/shugiin50/index.html,玉木 雄一郎,Democratic Party for the People,0,135371,0,135371,,67686,0,first,,,玉木 雄一郎,Democratic Party for the People,89899,Kagawa,JP-37-02,official,Candidate totals are the whole-vote figures in the official constituency table. Japan's national party summary separately allocates a very small number of fractional ambiguous ballots. District turnout and invalid-ballot metadata are unavailable.
Kagawa 2,https://www.soumu.go.jp/senkyo/senkyo_s/data/shugiin50/index.html,https://www.soumu.go.jp/senkyo/senkyo_s/data/shugiin50/index.html,玉木 雄一郎,Democratic Party for the People,0,135371,0,135371,,67686,0,first,,,瀬戸 隆一,Liberal Democratic Party,39006,Kagawa,JP-37-02,official,
Kagawa 2,https://www.soumu.go.jp/senkyo/senkyo_s/data/shugiin50/index.html,https://www.soumu.go.jp/senkyo/senkyo_s/data/shugiin50/index.html,玉木 雄一郎,Democratic Party for the People,0,135371,0,135371,,67686,0,first,,,石田 真優,Japanese Communist Party,6466,Kagawa,JP-37-02,official,
Kagawa 3,https://www.soumu.go.jp/senkyo/senkyo_s/data/shugiin50/index.html,https://www.soumu.go.jp/senkyo/senkyo_s/data/shugiin50/index.html,大野 敬太郎,Liberal Democratic Party,0,113513,0,113513,,56757,0,first,,,大野 敬太郎,Liberal Democratic Party,62545,Kagawa,JP-37-03,official,Candidate totals are the whole-vote figures in the official constituency table. Japan's national party summary separately allocates a very small number of fractional ambiguous ballots. District turnout and invalid-ballot metadata are unavailable.
Kagawa 3,https://www.soumu.go.jp/senkyo/senkyo_s/data/shugiin50/index.html,https://www.soumu.go.jp/senkyo/senkyo_s/data/shugiin50/index.html,大野 敬太郎,Liberal Democratic Party,0,113513,0,113513,,56757,0,first,,,大岡 弘美,Constitutional Democratic Party,29900,Kagawa,JP-37-03,official,
Kagawa 3,https://www.soumu.go.jp/senkyo/senkyo_s/data/shugiin50/index.html,https://www.soumu.go.jp/senkyo/senkyo_s/data/shugiin50/index.html,大野 敬太郎,Liberal Democratic Party,0,113513,0,113513,,56757,0,first,,,細川 修平,Japan Innovation Party,15902,Kagawa,JP-37-03,official,
Kagawa 3,https://www.soumu.go.jp/senkyo/senkyo_s/data/shugiin50/index.html,https://www.soumu.go.jp/senkyo/senkyo_s/data/shugiin50/index.html,大野 敬太郎,Liberal Democratic Party,0,113513,0,113513,,56757,0,first,,,笹井 孝志,Japanese Communist Party,5166,Kagawa,JP-37-03,official,
Ehime 1,https://www.soumu.go.jp/senkyo/senkyo_s/data/shugiin50/index.html,https://www.soumu.go.jp/senkyo/senkyo_s/data/shugiin50/index.html,塩崎 彰久,Liberal Democratic Party,0,195289,0,195289,,97645,0,first,,,塩崎 彰久,Liberal Democratic Party,105498,Ehime,JP-38-01,official,Candidate totals are the whole-vote figures in the official constituency table. Japan's national party summary separately allocates a very small number of fractional ambiguous ballots. District turnout and invalid-ballot metadata are unavailable.
Ehime 1,https://www.soumu.go.jp/senkyo/senkyo_s/data/shugiin50/index.html,https://www.soumu.go.jp/senkyo/senkyo_s/data/shugiin50/index.html,塩崎 彰久,Liberal Democratic Party,0,195289,0,195289,,97645,0,first,,,石井 智恵,Democratic Party for the People,48393,Ehime,JP-38-01,official,
Ehime 1,https://www.soumu.go.jp/senkyo/senkyo_s/data/shugiin50/index.html,https://www.soumu.go.jp/senkyo/senkyo_s/data/shugiin50/index.html,塩崎 彰久,Liberal Democratic Party,0,195289,0,195289,,97645,0,first,,,香曽我部 慶教,Constitutional Democratic Party,31790,Ehime,JP-38-01,official,
Ehime 1,https://www.soumu.go.jp/senkyo/senkyo_s/data/shugiin50/index.html,https://www.soumu.go.jp/senkyo/senkyo_s/data/shugiin50/index.html,塩崎 彰久,Liberal Democratic Party,0,195289,0,195289,,97645,0,first,,,石本 憲一,Japanese Communist Party,9608,Ehime,JP-38-01,official,
Ehime 2,https://www.soumu.go.jp/senkyo/senkyo_s/data/shugiin50/index.html,https://www.soumu.go.jp/senkyo/senkyo_s/data/shugiin50/index.html,白石 洋一,Constitutional Democratic Party,0,199836,0,199836,,99919,0,first,,,白石 洋一,Constitutional Democratic Party,102363,Ehime,JP-38-02,official,Candidate totals are the whole-vote figures in the official constituency table. Japan's national party summary separately allocates a very small number of fractional ambiguous ballots. District turnout and invalid-ballot metadata are unavailable.
Ehime 2,https://www.soumu.go.jp/senkyo/senkyo_s/data/shugiin50/index.html,https://www.soumu.go.jp/senkyo/senkyo_s/data/shugiin50/index.html,白石 洋一,Constitutional Democratic Party,0,199836,0,199836,,99919,0,first,,,井原 巧,Liberal Democratic Party,80056,Ehime,JP-38-02,official,
Ehime 2,https://www.soumu.go.jp/senkyo/senkyo_s/data/shugiin50/index.html,https://www.soumu.go.jp/senkyo/senkyo_s/data/shugiin50/index.html,白石 洋一,Constitutional Democratic Party,0,199836,0,199836,,99919,0,first,,,梶野 耕佑,Japan Innovation Party,17417,Ehime,JP-38-02,official,
Ehime 3,https://www.soumu.go.jp/senkyo/senkyo_s/data/shugiin50/index.html,https://www.soumu.go.jp/senkyo/senkyo_s/data/shugiin50/index.html,長谷川 淳二,Liberal Democratic Party,0,165252,0,165252,,82627,0,first,,,長谷川 淳二,Liberal Democratic Party,102587,Ehime,JP-38-03,official,Candidate totals are the whole-vote figures in the official constituency table. Japan's national party summary separately allocates a very small number of fractional ambiguous ballots. District turnout and invalid-ballot metadata are unavailable.
Ehime 3,https://www.soumu.go.jp/senkyo/senkyo_s/data/shugiin50/index.html,https://www.soumu.go.jp/senkyo/senkyo_s/data/shugiin50/index.html,長谷川 淳二,Liberal Democratic Party,0,165252,0,165252,,82627,0,first,,,越智 清純,Constitutional Democratic Party,50702,Ehime,JP-38-03,official,
Ehime 3,https://www.soumu.go.jp/senkyo/senkyo_s/data/shugiin50/index.html,https://www.soumu.go.jp/senkyo/senkyo_s/data/shugiin50/index.html,長谷川 淳二,Liberal Democratic Party,0,165252,0,165252,,82627,0,first,,,西井 直人,Japanese Communist Party,11963,Ehime,JP-38-03,official,
Kochi 1,https://www.soumu.go.jp/senkyo/senkyo_s/data/shugiin50/index.html,https://www.soumu.go.jp/senkyo/senkyo_s/data/shugiin50/index.html,中谷 元,Liberal Democratic Party,0,144860,0,144860,,72431,0,first,,,中谷 元,Liberal Democratic Party,89110,Kochi,JP-39-01,official,Candidate totals are the whole-vote figures in the official constituency table. Japan's national party summary separately allocates a very small number of fractional ambiguous ballots. District turnout and invalid-ballot metadata are unavailable.
Kochi 1,https://www.soumu.go.jp/senkyo/senkyo_s/data/shugiin50/index.html,https://www.soumu.go.jp/senkyo/senkyo_s/data/shugiin50/index.html,中谷 元,Liberal Democratic Party,0,144860,0,144860,,72431,0,first,,,武内 則男,Constitutional Democratic Party,55750,Kochi,JP-39-01,official,
Kochi 2,https://www.soumu.go.jp/senkyo/senkyo_s/data/shugiin50/index.html,https://www.soumu.go.jp/senkyo/senkyo_s/data/shugiin50/index.html,尾崎 正直,Liberal Democratic Party,0,145895,0,145895,,72948,0,first,,,尾崎 正直,Liberal Democratic Party,102501,Kochi,JP-39-02,official,Candidate totals are the whole-vote figures in the official constituency table. Japan's national party summary separately allocates a very small number of fractional ambiguous ballots. District turnout and invalid-ballot metadata are unavailable.
Kochi 2,https://www.soumu.go.jp/senkyo/senkyo_s/data/shugiin50/index.html,https://www.soumu.go.jp/senkyo/senkyo_s/data/shugiin50/index.html,尾崎 正直,Liberal Democratic Party,0,145895,0,145895,,72948,0,first,,,浜川 百合子,Japanese Communist Party,43394,Kochi,JP-39-02,official,
Fukuoka 1,https://www.soumu.go.jp/senkyo/senkyo_s/data/shugiin50/index.html,https://www.soumu.go.jp/senkyo/senkyo_s/data/shugiin50/index.html,井上 貴博,Liberal Democratic Party,0,200143,0,200143,,100072,0,first,,,井上 貴博,Liberal Democratic Party,70408,Fukuoka,JP-40-01,official,Candidate totals are the whole-vote figures in the official constituency table. Japan's national party summary separately allocates a very small number of fractional ambiguous ballots. District turnout and invalid-ballot metadata are unavailable.
Fukuoka 1,https://www.soumu.go.jp/senkyo/senkyo_s/data/shugiin50/index.html,https://www.soumu.go.jp/senkyo/senkyo_s/data/shugiin50/index.html,井上 貴博,Liberal Democratic Party,0,200143,0,200143,,100072,0,first,,,丸尾 圭祐,Constitutional Democratic Party,55343,Fukuoka,JP-40-01,official,
Fukuoka 1,https://www.soumu.go.jp/senkyo/senkyo_s/data/shugiin50/index.html,https://www.soumu.go.jp/senkyo/senkyo_s/data/shugiin50/index.html,井上 貴博,Liberal Democratic Party,0,200143,0,200143,,100072,0,first,,,山本 剛正,Japan Innovation Party,34346,Fukuoka,JP-40-01,official,
Fukuoka 1,https://www.soumu.go.jp/senkyo/senkyo_s/data/shugiin50/index.html,https://www.soumu.go.jp/senkyo/senkyo_s/data/shugiin50/index.html,井上 貴博,Liberal Democratic Party,0,200143,0,200143,,100072,0,first,,,緒方 貴恵,Sanseitō,18872,Fukuoka,JP-40-01,official,
Fukuoka 1,https://www.soumu.go.jp/senkyo/senkyo_s/data/shugiin50/index.html,https://www.soumu.go.jp/senkyo/senkyo_s/data/shugiin50/index.html,井上 貴博,Liberal Democratic Party,0,200143,0,200143,,100072,0,first,,,綿貫 英彦,Japanese Communist Party,13107,Fukuoka,JP-40-01,official,
Fukuoka 1,https://www.soumu.go.jp/senkyo/senkyo_s/data/shugiin50/index.html,https://www.soumu.go.jp/senkyo/senkyo_s/data/shugiin50/index.html,井上 貴博,Liberal Democratic Party,0,200143,0,200143,,100072,0,first,,,村田 峻一,Social Democratic Party,8067,Fukuoka,JP-40-01,official,
Fukuoka 2,https://www.soumu.go.jp/senkyo/senkyo_s/data/shugiin50/index.html,https://www.soumu.go.jp/senkyo/senkyo_s/data/shugiin50/index.html,稲富 修二,Constitutional Democratic Party,0,235661,0,235661,,117831,0,first,,,稲富 修二,Constitutional Democratic Party,98837,Fukuoka,JP-40-02,official,Candidate totals are the whole-vote figures in the official constituency table. Japan's national party summary separately allocates a very small number of fractional ambiguous ballots. District turnout and invalid-ballot metadata are unavailable.
Fukuoka 2,https://www.soumu.go.jp/senkyo/senkyo_s/data/shugiin50/index.html,https://www.soumu.go.jp/senkyo/senkyo_s/data/shugiin50/index.html,稲富 修二,Constitutional Democratic Party,0,235661,0,235661,,117831,0,first,,,鬼木 誠,Liberal Democratic Party,86698,Fukuoka,JP-40-02,official,
Fukuoka 2,https://www.soumu.go.jp/senkyo/senkyo_s/data/shugiin50/index.html,https://www.soumu.go.jp/senkyo/senkyo_s/data/shugiin50/index.html,稲富 修二,Constitutional Democratic Party,0,235661,0,235661,,117831,0,first,,,黒石 裕子,Sanseitō,16689,Fukuoka,JP-40-02,official,
Fukuoka 2,https://www.soumu.go.jp/senkyo/senkyo_s/data/shugiin50/index.html,https://www.soumu.go.jp/senkyo/senkyo_s/data/shugiin50/index.html,稲富 修二,Constitutional Democratic Party,0,235661,0,235661,,117831,0,first,,,本司 敬宏,Japan Innovation Party,16139,Fukuoka,JP-40-02,official,
Fukuoka 2,https://www.soumu.go.jp/senkyo/senkyo_s/data/shugiin50/index.html,https://www.soumu.go.jp/senkyo/senkyo_s/data/shugiin50/index.html,稲富 修二,Constitutional Democratic Party,0,235661,0,235661,,117831,0,first,,,松尾 律子,Japanese Communist Party,10201,Fukuoka,JP-40-02,official,
Fukuoka 2,https://www.soumu.go.jp/senkyo/senkyo_s/data/shugiin50/index.html,https://www.soumu.go.jp/senkyo/senkyo_s/data/shugiin50/index.html,稲富 修二,Constitutional Democratic Party,0,235661,0,235661,,117831,0,first,,,沖園 理恵,Independent,7097,Fukuoka,JP-40-02,official,
Fukuoka 3,https://www.soumu.go.jp/senkyo/senkyo_s/data/shugiin50/index.html,https://www.soumu.go.jp/senkyo/senkyo_s/data/shugiin50/index.html,古賀 篤,Liberal Democratic Party,0,230805,0,230805,,115403,0,first,,,古賀 篤,Liberal Democratic Party,95074,Fukuoka,JP-40-03,official,Candidate totals are the whole-vote figures in the official constituency table. Japan's national party summary separately allocates a very small number of fractional ambiguous ballots. District turnout and invalid-ballot metadata are unavailable.
Fukuoka 3,https://www.soumu.go.jp/senkyo/senkyo_s/data/shugiin50/index.html,https://www.soumu.go.jp/senkyo/senkyo_s/data/shugiin50/index.html,古賀 篤,Liberal Democratic Party,0,230805,0,230805,,115403,0,first,,,仁戸田 元氣,Constitutional Democratic Party,65835,Fukuoka,JP-40-03,official,
Fukuoka 3,https://www.soumu.go.jp/senkyo/senkyo_s/data/shugiin50/index.html,https://www.soumu.go.jp/senkyo/senkyo_s/data/shugiin50/index.html,古賀 篤,Liberal Democratic Party,0,230805,0,230805,,115403,0,first,,,瀬尾 英昇司,Japan Innovation Party,23289,Fukuoka,JP-40-03,official,
Fukuoka 3,https://www.soumu.go.jp/senkyo/senkyo_s/data/shugiin50/index.html,https://www.soumu.go.jp/senkyo/senkyo_s/data/shugiin50/index.html,古賀 篤,Liberal Democratic Party,0,230805,0,230805,,115403,0,first,,,奥田 芙美代,Reiwa Shinsengumi,22661,Fukuoka,JP-40-03,official,
Fukuoka 3,https://www.soumu.go.jp/senkyo/senkyo_s/data/shugiin50/index.html,https://www.soumu.go.jp/senkyo/senkyo_s/data/shugiin50/index.html,古賀 篤,Liberal Democratic Party,0,230805,0,230805,,115403,0,first,,,重松 雄子,Sanseitō,12887,Fukuoka,JP-40-03,official,
Fukuoka 3,https://www.soumu.go.jp/senkyo/senkyo_s/data/shugiin50/index.html,https://www.soumu.go.jp/senkyo/senkyo_s/data/shugiin50/index.html,古賀 篤,Liberal Democratic Party,0,230805,0,230805,,115403,0,first,,,山口 湧人,Japanese Communist Party,11059,Fukuoka,JP-40-03,official,
Fukuoka 4,https://www.soumu.go.jp/senkyo/senkyo_s/data/shugiin50/index.html,https://www.soumu.go.jp/senkyo/senkyo_s/data/shugiin50/index.html,宮内 秀樹,Liberal Democratic Party,0,204277,0,204277,,102139,0,first,,,宮内 秀樹,Liberal Democratic Party,68585,Fukuoka,JP-40-04,official,Candidate totals are the whole-vote figures in the official constituency table. Japan's national party summary separately allocates a very small number of fractional ambiguous ballots. District turnout and invalid-ballot metadata are unavailable.
Fukuoka 4,https://www.soumu.go.jp/senkyo/senkyo_s/data/shugiin50/index.html,https://www.soumu.go.jp/senkyo/senkyo_s/data/shugiin50/index.html,宮内 秀樹,Liberal Democratic Party,0,204277,0,204277,,102139,0,first,,,許斐 亮太郎,Democratic Party for the People,40753,Fukuoka,JP-40-04,official,
Fukuoka 4,https://www.soumu.go.jp/senkyo/senkyo_s/data/shugiin50/index.html,https://www.soumu.go.jp/senkyo/senkyo_s/data/shugiin50/index.html,宮内 秀樹,Liberal Democratic Party,0,204277,0,204277,,102139,0,first,,,阿部 弘樹,Japan Innovation Party,34572,Fukuoka,JP-40-04,official,
Fukuoka 4,https://www.soumu.go.jp/senkyo/senkyo_s/data/shugiin50/index.html,https://www.soumu.go.jp/senkyo/senkyo_s/data/shugiin50/index.html,宮内 秀樹,Liberal Democratic Party,0,204277,0,204277,,102139,0,first,,,吉松 源昭,Independent,28915,Fukuoka,JP-40-04,official,
Fukuoka 4,https://www.soumu.go.jp/senkyo/senkyo_s/data/shugiin50/index.html,https://www.soumu.go.jp/senkyo/senkyo_s/data/shugiin50/index.html,宮内 秀樹,Liberal Democratic Party,0,204277,0,204277,,102139,0,first,,,宗 晶子,Social Democratic Party,20051,Fukuoka,JP-40-04,official,
Fukuoka 4,https://www.soumu.go.jp/senkyo/senkyo_s/data/shugiin50/index.html,https://www.soumu.go.jp/senkyo/senkyo_s/data/shugiin50/index.html,宮内 秀樹,Liberal Democratic Party,0,204277,0,204277,,102139,0,first,,,行平 佳弘,Sanseitō,11401,Fukuoka,JP-40-04,official,
Fukuoka 5,https://www.soumu.go.jp/senkyo/senkyo_s/data/shugiin50/index.html,https://www.soumu.go.jp/senkyo/senkyo_s/data/shugiin50/index.html,栗原 渉,Liberal Democratic Party,0,246179,0,246179,,123090,0,first,,,栗原 渉,Liberal Democratic Party,105563,Fukuoka,JP-40-05,official,Candidate totals are the whole-vote figures in the official constituency table. Japan's national party summary separately allocates a very small number of fractional ambiguous ballots. District turnout and invalid-ballot metadata are unavailable.
Fukuoka 5,https://www.soumu.go.jp/senkyo/senkyo_s/data/shugiin50/index.html,https://www.soumu.go.jp/senkyo/senkyo_s/data/shugiin50/index.html,栗原 渉,Liberal Democratic Party,0,246179,0,246179,,123090,0,first,,,堤 かなめ,Constitutional Democratic Party,83588,Fukuoka,JP-40-05,official,
Fukuoka 5,https://www.soumu.go.jp/senkyo/senkyo_s/data/shugiin50/index.html,https://www.soumu.go.jp/senkyo/senkyo_s/data/shugiin50/index.html,栗原 渉,Liberal Democratic Party,0,246179,0,246179,,123090,0,first,,,松尾 嘉三,Japan Innovation Party,23604,Fukuoka,JP-40-05,official,
Fukuoka 5,https://www.soumu.go.jp/senkyo/senkyo_s/data/shugiin50/index.html,https://www.soumu.go.jp/senkyo/senkyo_s/data/shugiin50/index.html,栗原 渉,Liberal Democratic Party,0,246179,0,246179,,123090,0,first,,,タコスキッド,Independent,17691,Fukuoka,JP-40-05,official,
Fukuoka 5,https://www.soumu.go.jp/senkyo/senkyo_s/data/shugiin50/index.html,https://www.soumu.go.jp/senkyo/senkyo_s/data/shugiin50/index.html,栗原 渉,Liberal Democratic Party,0,246179,0,246179,,123090,0,first,,,岡部 吉高,Sanseitō,15733,Fukuoka,JP-40-05,official,
Fukuoka 6,https://www.soumu.go.jp/senkyo/senkyo_s/data/shugiin50/index.html,https://www.soumu.go.jp/senkyo/senkyo_s/data/shugiin50/index.html,鳩山 二郎,Liberal Democratic Party,0,181715,0,181715,,90858,0,first,,,鳩山 二郎,Liberal Democratic Party,88197,Fukuoka,JP-40-06,official,Candidate totals are the whole-vote figures in the official constituency table. Japan's national party summary separately allocates a very small number of fractional ambiguous ballots. District turnout and invalid-ballot metadata are unavailable.
Fukuoka 6,https://www.soumu.go.jp/senkyo/senkyo_s/data/shugiin50/index.html,https://www.soumu.go.jp/senkyo/senkyo_s/data/shugiin50/index.html,鳩山 二郎,Liberal Democratic Party,0,181715,0,181715,,90858,0,first,,,近藤 雅彦,Democratic Party for the People,46997,Fukuoka,JP-40-06,official,
Fukuoka 6,https://www.soumu.go.jp/senkyo/senkyo_s/data/shugiin50/index.html,https://www.soumu.go.jp/senkyo/senkyo_s/data/shugiin50/index.html,鳩山 二郎,Liberal Democratic Party,0,181715,0,181715,,90858,0,first,,,福成 健太,Japan Innovation Party,22779,Fukuoka,JP-40-06,official,
Fukuoka 6,https://www.soumu.go.jp/senkyo/senkyo_s/data/shugiin50/index.html,https://www.soumu.go.jp/senkyo/senkyo_s/data/shugiin50/index.html,鳩山 二郎,Liberal Democratic Party,0,181715,0,181715,,90858,0,first,,,河野 一弘,Japanese Communist Party,12091,Fukuoka,JP-40-06,official,
Fukuoka 6,https://www.soumu.go.jp/senkyo/senkyo_s/data/shugiin50/index.html,https://www.soumu.go.jp/senkyo/senkyo_s/data/shugiin50/index.html,鳩山 二郎,Liberal Democratic Party,0,181715,0,181715,,90858,0,first,,,古川 恭司,Sanseitō,11651,Fukuoka,JP-40-06,official,
Fukuoka 7,https://www.soumu.go.jp/senkyo/senkyo_s/data/shugiin50/index.html,https://www.soumu.go.jp/senkyo/senkyo_s/data/shugiin50/index.html,藤丸 敏,Liberal Democratic Party,0,138780,0,138780,,69391,0,first,,,藤丸 敏,Liberal Democratic Party,79029,Fukuoka,JP-40-07,official,Candidate totals are the whole-vote figures in the official constituency table. Japan's national party summary separately allocates a very small number of fractional ambiguous ballots. District turnout and invalid-ballot metadata are unavailable.
Fukuoka 7,https://www.soumu.go.jp/senkyo/senkyo_s/data/shugiin50/index.html,https://www.soumu.go.jp/senkyo/senkyo_s/data/shugiin50/index.html,藤丸 敏,Liberal Democratic Party,0,138780,0,138780,,69391,0,first,,,亀田 晃尚,Constitutional Democratic Party,47444,Fukuoka,JP-40-07,official,
Fukuoka 7,https://www.soumu.go.jp/senkyo/senkyo_s/data/shugiin50/index.html,https://www.soumu.go.jp/senkyo/senkyo_s/data/shugiin50/index.html,藤丸 敏,Liberal Democratic Party,0,138780,0,138780,,69391,0,first,,,平島 史朗,Japanese Communist Party,12307,Fukuoka,JP-40-07,official,
Fukuoka 8,https://www.soumu.go.jp/senkyo/senkyo_s/data/shugiin50/index.html,https://www.soumu.go.jp/senkyo/senkyo_s/data/shugiin50/index.html,麻生 太郎,Liberal Democratic Party,0,162434,0,162434,,81218,0,first,,,麻生 太郎,Liberal Democratic Party,92534,Fukuoka,JP-40-08,official,Candidate totals are the whole-vote figures in the official constituency table. Japan's national party summary separately allocates a very small number of fractional ambiguous ballots. District turnout and invalid-ballot metadata are unavailable.
Fukuoka 8,https://www.soumu.go.jp/senkyo/senkyo_s/data/shugiin50/index.html,https://www.soumu.go.jp/senkyo/senkyo_s/data/shugiin50/index.html,麻生 太郎,Liberal Democratic Party,0,162434,0,162434,,81218,0,first,,,河野 祥子,Japanese Communist Party,35493,Fukuoka,JP-40-08,official,
Fukuoka 8,https://www.soumu.go.jp/senkyo/senkyo_s/data/shugiin50/index.html,https://www.soumu.go.jp/senkyo/senkyo_s/data/shugiin50/index.html,麻生 太郎,Liberal Democratic Party,0,162434,0,162434,,81218,0,first,,,森田 俊文,Independent,34407,Fukuoka,JP-40-08,official,
Fukuoka 9,https://www.soumu.go.jp/senkyo/senkyo_s/data/shugiin50/index.html,https://www.soumu.go.jp/senkyo/senkyo_s/data/shugiin50/index.html,緒方 林太郎,Independent,0,179539,0,179539,,89770,0,first,,,緒方 林太郎,Independent,102885,Fukuoka,JP-40-09,official,Candidate totals are the whole-vote figures in the official constituency table. Japan's national party summary separately allocates a very small number of fractional ambiguous ballots. District turnout and invalid-ballot metadata are unavailable.
Fukuoka 9,https://www.soumu.go.jp/senkyo/senkyo_s/data/shugiin50/index.html,https://www.soumu.go.jp/senkyo/senkyo_s/data/shugiin50/index.html,緒方 林太郎,Independent,0,179539,0,179539,,89770,0,first,,,三原 朝利,Independent,50252,Fukuoka,JP-40-09,official,
Fukuoka 9,https://www.soumu.go.jp/senkyo/senkyo_s/data/shugiin50/index.html,https://www.soumu.go.jp/senkyo/senkyo_s/data/shugiin50/index.html,緒方 林太郎,Independent,0,179539,0,179539,,89770,0,first,,,山田 博敏,Japanese Communist Party,13662,Fukuoka,JP-40-09,official,
Fukuoka 9,https://www.soumu.go.jp/senkyo/senkyo_s/data/shugiin50/index.html,https://www.soumu.go.jp/senkyo/senkyo_s/data/shugiin50/index.html,緒方 林太郎,Independent,0,179539,0,179539,,89770,0,first,,,山本 直緒美,Sanseitō,12740,Fukuoka,JP-40-09,official,
Fukuoka 10,https://www.soumu.go.jp/senkyo/senkyo_s/data/shugiin50/index.html,https://www.soumu.go.jp/senkyo/senkyo_s/data/shugiin50/index.html,城井 崇,Constitutional Democratic Party,0,185934,0,185934,,92968,0,first,,,城井 崇,Constitutional Democratic Party,71687,Fukuoka,JP-40-10,official,Candidate totals are the whole-vote figures in the official constituency table. Japan's national party summary separately allocates a very small number of fractional ambiguous ballots. District turnout and invalid-ballot metadata are unavailable.
Fukuoka 10,https://www.soumu.go.jp/senkyo/senkyo_s/data/shugiin50/index.html,https://www.soumu.go.jp/senkyo/senkyo_s/data/shugiin50/index.html,城井 崇,Constitutional Democratic Party,0,185934,0,185934,,92968,0,first,,,吉村 悠,Liberal Democratic Party,54186,Fukuoka,JP-40-10,official,
Fukuoka 10,https://www.soumu.go.jp/senkyo/senkyo_s/data/shugiin50/index.html,https://www.soumu.go.jp/senkyo/senkyo_s/data/shugiin50/index.html,城井 崇,Constitutional Democratic Party,0,185934,0,185934,,92968,0,first,,,大石 仁人,Independent,37858,Fukuoka,JP-40-10,official,
Fukuoka 10,https://www.soumu.go.jp/senkyo/senkyo_s/data/shugiin50/index.html,https://www.soumu.go.jp/senkyo/senkyo_s/data/shugiin50/index.html,城井 崇,Constitutional Democratic Party,0,185934,0,185934,,92968,0,first,,,一ノ瀬 小夜子,Japanese Communist Party,11182,Fukuoka,JP-40-10,official,
Fukuoka 10,https://www.soumu.go.jp/senkyo/senkyo_s/data/shugiin50/index.html,https://www.soumu.go.jp/senkyo/senkyo_s/data/shugiin50/index.html,城井 崇,Constitutional Democratic Party,0,185934,0,185934,,92968,0,first,,,福本 尭,Japan Innovation Party,11021,Fukuoka,JP-40-10,official,
Fukuoka 11,https://www.soumu.go.jp/senkyo/senkyo_s/data/shugiin50/index.html,https://www.soumu.go.jp/senkyo/senkyo_s/data/shugiin50/index.html,村上 智信,Japan Innovation Party,0,130746,0,130746,,65374,0,first,,,村上 智信,Japan Innovation Party,58842,Fukuoka,JP-40-11,official,Candidate totals are the whole-vote figures in the official constituency table. Japan's national party summary separately allocates a very small number of fractional ambiguous ballots. District turnout and invalid-ballot metadata are unavailable.
Fukuoka 11,https://www.soumu.go.jp/senkyo/senkyo_s/data/shugiin50/index.html,https://www.soumu.go.jp/senkyo/senkyo_s/data/shugiin50/index.html,村上 智信,Japan Innovation Party,0,130746,0,130746,,65374,0,first,,,武田 良太,Liberal Democratic Party,56607,Fukuoka,JP-40-11,official,
Fukuoka 11,https://www.soumu.go.jp/senkyo/senkyo_s/data/shugiin50/index.html,https://www.soumu.go.jp/senkyo/senkyo_s/data/shugiin50/index.html,村上 智信,Japan Innovation Party,0,130746,0,130746,,65374,0,first,,,志岐 玲子,Social Democratic Party,15297,Fukuoka,JP-40-11,official,
Saga 1,https://www.soumu.go.jp/senkyo/senkyo_s/data/shugiin50/index.html,https://www.soumu.go.jp/senkyo/senkyo_s/data/shugiin50/index.html,原口 一博,Constitutional Democratic Party,0,175806,0,175806,,87904,0,first,,,原口 一博,Constitutional Democratic Party,96083,Saga,JP-41-01,official,Candidate totals are the whole-vote figures in the official constituency table. Japan's national party summary separately allocates a very small number of fractional ambiguous ballots. District turnout and invalid-ballot metadata are unavailable.
Saga 1,https://www.soumu.go.jp/senkyo/senkyo_s/data/shugiin50/index.html,https://www.soumu.go.jp/senkyo/senkyo_s/data/shugiin50/index.html,原口 一博,Constitutional Democratic Party,0,175806,0,175806,,87904,0,first,,,岩田 和親,Liberal Democratic Party,79723,Saga,JP-41-01,official,
Saga 2,https://www.soumu.go.jp/senkyo/senkyo_s/data/shugiin50/index.html,https://www.soumu.go.jp/senkyo/senkyo_s/data/shugiin50/index.html,大串 博志,Constitutional Democratic Party,0,186839,0,186839,,93420,0,first,,,大串 博志,Constitutional Democratic Party,95581,Saga,JP-41-02,official,Candidate totals are the whole-vote figures in the official constituency table. Japan's national party summary separately allocates a very small number of fractional ambiguous ballots. District turnout and invalid-ballot metadata are unavailable.
Saga 2,https://www.soumu.go.jp/senkyo/senkyo_s/data/shugiin50/index.html,https://www.soumu.go.jp/senkyo/senkyo_s/data/shugiin50/index.html,大串 博志,Constitutional Democratic Party,0,186839,0,186839,,93420,0,first,,,古川 康,Liberal Democratic Party,76554,Saga,JP-41-02,official,
Saga 2,https://www.soumu.go.jp/senkyo/senkyo_s/data/shugiin50/index.html,https://www.soumu.go.jp/senkyo/senkyo_s/data/shugiin50/index.html,大串 博志,Constitutional Democratic Party,0,186839,0,186839,,93420,0,first,,,井上 祐輔,Japanese Communist Party,7596,Saga,JP-41-02,official,
Saga 2,https://www.soumu.go.jp/senkyo/senkyo_s/data/shugiin50/index.html,https://www.soumu.go.jp/senkyo/senkyo_s/data/shugiin50/index.html,大串 博志,Constitutional Democratic Party,0,186839,0,186839,,93420,0,first,,,下吹越 優也,Sanseitō,7108,Saga,JP-41-02,official,
Nagasaki 1,https://www.soumu.go.jp/senkyo/senkyo_s/data/shugiin50/index.html,https://www.soumu.go.jp/senkyo/senkyo_s/data/shugiin50/index.html,西岡 秀子,Democratic Party for the People,0,167082,0,167082,,83542,0,first,,,西岡 秀子,Democratic Party for the People,87784,Nagasaki,JP-42-01,official,Candidate totals are the whole-vote figures in the official constituency table. Japan's national party summary separately allocates a very small number of fractional ambiguous ballots. District turnout and invalid-ballot metadata are unavailable.
Nagasaki 1,https://www.soumu.go.jp/senkyo/senkyo_s/data/shugiin50/index.html,https://www.soumu.go.jp/senkyo/senkyo_s/data/shugiin50/index.html,西岡 秀子,Democratic Party for the People,0,167082,0,167082,,83542,0,first,,,下条 博文,Liberal Democratic Party,48382,Nagasaki,JP-42-01,official,
Nagasaki 1,https://www.soumu.go.jp/senkyo/senkyo_s/data/shugiin50/index.html,https://www.soumu.go.jp/senkyo/senkyo_s/data/shugiin50/index.html,西岡 秀子,Democratic Party for the People,0,167082,0,167082,,83542,0,first,,,山田 博司,Japan Innovation Party,12836,Nagasaki,JP-42-01,official,
Nagasaki 1,https://www.soumu.go.jp/senkyo/senkyo_s/data/shugiin50/index.html,https://www.soumu.go.jp/senkyo/senkyo_s/data/shugiin50/index.html,西岡 秀子,Democratic Party for the People,0,167082,0,167082,,83542,0,first,,,黒石 隆太,Sanseitō,9401,Nagasaki,JP-42-01,official,
Nagasaki 1,https://www.soumu.go.jp/senkyo/senkyo_s/data/shugiin50/index.html,https://www.soumu.go.jp/senkyo/senkyo_s/data/shugiin50/index.html,西岡 秀子,Democratic Party for the People,0,167082,0,167082,,83542,0,first,,,内田 隆英,Japanese Communist Party,8679,Nagasaki,JP-42-01,official,
Nagasaki 2,https://www.soumu.go.jp/senkyo/senkyo_s/data/shugiin50/index.html,https://www.soumu.go.jp/senkyo/senkyo_s/data/shugiin50/index.html,加藤 竜祥,Liberal Democratic Party,0,207366,0,207366,,103684,0,first,,,加藤 竜祥,Liberal Democratic Party,96095,Nagasaki,JP-42-02,official,Candidate totals are the whole-vote figures in the official constituency table. Japan's national party summary separately allocates a very small number of fractional ambiguous ballots. District turnout and invalid-ballot metadata are unavailable.
Nagasaki 2,https://www.soumu.go.jp/senkyo/senkyo_s/data/shugiin50/index.html,https://www.soumu.go.jp/senkyo/senkyo_s/data/shugiin50/index.html,加藤 竜祥,Liberal Democratic Party,0,207366,0,207366,,103684,0,first,,,山田 勝彦,Constitutional Democratic Party,81808,Nagasaki,JP-42-02,official,
Nagasaki 2,https://www.soumu.go.jp/senkyo/senkyo_s/data/shugiin50/index.html,https://www.soumu.go.jp/senkyo/senkyo_s/data/shugiin50/index.html,加藤 竜祥,Liberal Democratic Party,0,207366,0,207366,,103684,0,first,,,高木 聡子,Sanseitō,15365,Nagasaki,JP-42-02,official,
Nagasaki 2,https://www.soumu.go.jp/senkyo/senkyo_s/data/shugiin50/index.html,https://www.soumu.go.jp/senkyo/senkyo_s/data/shugiin50/index.html,加藤 竜祥,Liberal Democratic Party,0,207366,0,207366,,103684,0,first,,,横田 朋大,Japan Innovation Party,14098,Nagasaki,JP-42-02,official,
Nagasaki 3,https://www.soumu.go.jp/senkyo/senkyo_s/data/shugiin50/index.html,https://www.soumu.go.jp/senkyo/senkyo_s/data/shugiin50/index.html,金子 容三,Liberal Democratic Party,0,178641,0,178641,,89321,0,first,,,金子 容三,Liberal Democratic Party,90930,Nagasaki,JP-42-03,official,Candidate totals are the whole-vote figures in the official constituency table. Japan's national party summary separately allocates a very small number of fractional ambiguous ballots. District turnout and invalid-ballot metadata are unavailable.
Nagasaki 3,https://www.soumu.go.jp/senkyo/senkyo_s/data/shugiin50/index.html,https://www.soumu.go.jp/senkyo/senkyo_s/data/shugiin50/index.html,金子 容三,Liberal Democratic Party,0,178641,0,178641,,89321,0,first,,,末次 精一,Constitutional Democratic Party,68494,Nagasaki,JP-42-03,official,
Nagasaki 3,https://www.soumu.go.jp/senkyo/senkyo_s/data/shugiin50/index.html,https://www.soumu.go.jp/senkyo/senkyo_s/data/shugiin50/index.html,金子 容三,Liberal Democratic Party,0,178641,0,178641,,89321,0,first,,,井上 翔一朗,Japan Innovation Party,19217,Nagasaki,JP-42-03,official,
Kumamoto 1,https://www.soumu.go.jp/senkyo/senkyo_s/data/shugiin50/index.html,https://www.soumu.go.jp/senkyo/senkyo_s/data/shugiin50/index.html,木原 稔,Liberal Democratic Party,0,199631,0,199631,,99816,0,first,,,木原 稔,Liberal Democratic Party,110068,Kumamoto,JP-43-01,official,Candidate totals are the whole-vote figures in the official constituency table. Japan's national party summary separately allocates a very small number of fractional ambiguous ballots. District turnout and invalid-ballot metadata are unavailable.
Kumamoto 1,https://www.soumu.go.jp/senkyo/senkyo_s/data/shugiin50/index.html,https://www.soumu.go.jp/senkyo/senkyo_s/data/shugiin50/index.html,木原 稔,Liberal Democratic Party,0,199631,0,199631,,99816,0,first,,,出口 慎太郎,Constitutional Democratic Party,64238,Kumamoto,JP-43-01,official,
Kumamoto 1,https://www.soumu.go.jp/senkyo/senkyo_s/data/shugiin50/index.html,https://www.soumu.go.jp/senkyo/senkyo_s/data/shugiin50/index.html,木原 稔,Liberal Democratic Party,0,199631,0,199631,,99816,0,first,,,重松 貴美,Sanseitō,25325,Kumamoto,JP-43-01,official,
Kumamoto 2,https://www.soumu.go.jp/senkyo/senkyo_s/data/shugiin50/index.html,https://www.soumu.go.jp/senkyo/senkyo_s/data/shugiin50/index.html,西野 太亮,Liberal Democratic Party,0,148037,0,148037,,74019,0,first,,,西野 太亮,Liberal Democratic Party,102624,Kumamoto,JP-43-02,official,Candidate totals are the whole-vote figures in the official constituency table. Japan's national party summary separately allocates a very small number of fractional ambiguous ballots. District turnout and invalid-ballot metadata are unavailable.
Kumamoto 2,https://www.soumu.go.jp/senkyo/senkyo_s/data/shugiin50/index.html,https://www.soumu.go.jp/senkyo/senkyo_s/data/shugiin50/index.html,西野 太亮,Liberal Democratic Party,0,148037,0,148037,,74019,0,first,,,近田 茜,Sanseitō,25944,Kumamoto,JP-43-02,official,
Kumamoto 2,https://www.soumu.go.jp/senkyo/senkyo_s/data/shugiin50/index.html,https://www.soumu.go.jp/senkyo/senkyo_s/data/shugiin50/index.html,西野 太亮,Liberal Democratic Party,0,148037,0,148037,,74019,0,first,,,奥田 木の実,Japanese Communist Party,19469,Kumamoto,JP-43-02,official,
Kumamoto 3,https://www.soumu.go.jp/senkyo/senkyo_s/data/shugiin50/index.html,https://www.soumu.go.jp/senkyo/senkyo_s/data/shugiin50/index.html,坂本 哲志,Liberal Democratic Party,0,163730,0,163730,,81866,0,first,,,坂本 哲志,Liberal Democratic Party,104684,Kumamoto,JP-43-03,official,Candidate totals are the whole-vote figures in the official constituency table. Japan's national party summary separately allocates a very small number of fractional ambiguous ballots. District turnout and invalid-ballot metadata are unavailable.
Kumamoto 3,https://www.soumu.go.jp/senkyo/senkyo_s/data/shugiin50/index.html,https://www.soumu.go.jp/senkyo/senkyo_s/data/shugiin50/index.html,坂本 哲志,Liberal Democratic Party,0,163730,0,163730,,81866,0,first,,,橋村 りか,Social Democratic Party,36088,Kumamoto,JP-43-03,official,
Kumamoto 3,https://www.soumu.go.jp/senkyo/senkyo_s/data/shugiin50/index.html,https://www.soumu.go.jp/senkyo/senkyo_s/data/shugiin50/index.html,坂本 哲志,Liberal Democratic Party,0,163730,0,163730,,81866,0,first,,,植田 貴俊,Sanseitō,22958,Kumamoto,JP-43-03,official,
Kumamoto 4,https://www.soumu.go.jp/senkyo/senkyo_s/data/shugiin50/index.html,https://www.soumu.go.jp/senkyo/senkyo_s/data/shugiin50/index.html,金子 恭之,Liberal Democratic Party,0,205822,0,205822,,102912,0,first,,,金子 恭之,Liberal Democratic Party,119947,Kumamoto,JP-43-04,official,Candidate totals are the whole-vote figures in the official constituency table. Japan's national party summary separately allocates a very small number of fractional ambiguous ballots. District turnout and invalid-ballot metadata are unavailable.
Kumamoto 4,https://www.soumu.go.jp/senkyo/senkyo_s/data/shugiin50/index.html,https://www.soumu.go.jp/senkyo/senkyo_s/data/shugiin50/index.html,金子 恭之,Liberal Democratic Party,0,205822,0,205822,,102912,0,first,,,笹本 由紀子,Constitutional Democratic Party,49672,Kumamoto,JP-43-04,official,
Kumamoto 4,https://www.soumu.go.jp/senkyo/senkyo_s/data/shugiin50/index.html,https://www.soumu.go.jp/senkyo/senkyo_s/data/shugiin50/index.html,金子 恭之,Liberal Democratic Party,0,205822,0,205822,,102912,0,first,,,矢上 雅義,Japan Innovation Party,36203,Kumamoto,JP-43-04,official,
Oita 1,https://www.soumu.go.jp/senkyo/senkyo_s/data/shugiin50/index.html,https://www.soumu.go.jp/senkyo/senkyo_s/data/shugiin50/index.html,吉良 州司,Independent,0,197340,0,197340,,98671,0,first,,,吉良 州司,Independent,96944,Oita,JP-44-01,official,Candidate totals are the whole-vote figures in the official constituency table. Japan's national party summary separately allocates a very small number of fractional ambiguous ballots. District turnout and invalid-ballot metadata are unavailable.
Oita 1,https://www.soumu.go.jp/senkyo/senkyo_s/data/shugiin50/index.html,https://www.soumu.go.jp/senkyo/senkyo_s/data/shugiin50/index.html,吉良 州司,Independent,0,197340,0,197340,,98671,0,first,,,衛藤 博昭,Liberal Democratic Party,70584,Oita,JP-44-01,official,
Oita 1,https://www.soumu.go.jp/senkyo/senkyo_s/data/shugiin50/index.html,https://www.soumu.go.jp/senkyo/senkyo_s/data/shugiin50/index.html,吉良 州司,Independent,0,197340,0,197340,,98671,0,first,,,野中 しんすけ,Sanseitō,15626,Oita,JP-44-01,official,
Oita 1,https://www.soumu.go.jp/senkyo/senkyo_s/data/shugiin50/index.html,https://www.soumu.go.jp/senkyo/senkyo_s/data/shugiin50/index.html,吉良 州司,Independent,0,197340,0,197340,,98671,0,first,,,山下 魁,Japanese Communist Party,14186,Oita,JP-44-01,official,
Oita 2,https://www.soumu.go.jp/senkyo/senkyo_s/data/shugiin50/index.html,https://www.soumu.go.jp/senkyo/senkyo_s/data/shugiin50/index.html,広瀬 建,Independent,0,147486,0,147486,,73744,0,first,,,広瀬 建,Independent,62699,Oita,JP-44-02,official,Candidate totals are the whole-vote figures in the official constituency table. Japan's national party summary separately allocates a very small number of fractional ambiguous ballots. District turnout and invalid-ballot metadata are unavailable.
Oita 2,https://www.soumu.go.jp/senkyo/senkyo_s/data/shugiin50/index.html,https://www.soumu.go.jp/senkyo/senkyo_s/data/shugiin50/index.html,広瀬 建,Independent,0,147486,0,147486,,73744,0,first,,,吉川 元,Constitutional Democratic Party,57234,Oita,JP-44-02,official,
Oita 2,https://www.soumu.go.jp/senkyo/senkyo_s/data/shugiin50/index.html,https://www.soumu.go.jp/senkyo/senkyo_s/data/shugiin50/index.html,広瀬 建,Independent,0,147486,0,147486,,73744,0,first,,,衛藤 征士郎,Liberal Democratic Party,27553,Oita,JP-44-02,official,
Oita 3,https://www.soumu.go.jp/senkyo/senkyo_s/data/shugiin50/index.html,https://www.soumu.go.jp/senkyo/senkyo_s/data/shugiin50/index.html,岩屋 毅,Liberal Democratic Party,0,158058,0,158058,,79030,0,first,,,岩屋 毅,Liberal Democratic Party,87301,Oita,JP-44-03,official,Candidate totals are the whole-vote figures in the official constituency table. Japan's national party summary separately allocates a very small number of fractional ambiguous ballots. District turnout and invalid-ballot metadata are unavailable.
Oita 3,https://www.soumu.go.jp/senkyo/senkyo_s/data/shugiin50/index.html,https://www.soumu.go.jp/senkyo/senkyo_s/data/shugiin50/index.html,岩屋 毅,Liberal Democratic Party,0,158058,0,158058,,79030,0,first,,,小林 華弥子,Constitutional Democratic Party,60207,Oita,JP-44-03,official,
Oita 3,https://www.soumu.go.jp/senkyo/senkyo_s/data/shugiin50/index.html,https://www.soumu.go.jp/senkyo/senkyo_s/data/shugiin50/index.html,岩屋 毅,Liberal Democratic Party,0,158058,0,158058,,79030,0,first,,,大塚 光義,Japanese Communist Party,10550,Oita,JP-44-03,official,
Miyazaki 1,https://www.soumu.go.jp/senkyo/senkyo_s/data/shugiin50/index.html,https://www.soumu.go.jp/senkyo/senkyo_s/data/shugiin50/index.html,渡辺 創,Constitutional Democratic Party,0,170861,0,170861,,85431,0,first,,,渡辺 創,Constitutional Democratic Party,79605,Miyazaki,JP-45-01,official,Candidate totals are the whole-vote figures in the official constituency table. Japan's national party summary separately allocates a very small number of fractional ambiguous ballots. District turnout and invalid-ballot metadata are unavailable.
Miyazaki 1,https://www.soumu.go.jp/senkyo/senkyo_s/data/shugiin50/index.html,https://www.soumu.go.jp/senkyo/senkyo_s/data/shugiin50/index.html,渡辺 創,Constitutional Democratic Party,0,170861,0,170861,,85431,0,first,,,武井 俊輔,Liberal Democratic Party,49310,Miyazaki,JP-45-01,official,
Miyazaki 1,https://www.soumu.go.jp/senkyo/senkyo_s/data/shugiin50/index.html,https://www.soumu.go.jp/senkyo/senkyo_s/data/shugiin50/index.html,渡辺 創,Constitutional Democratic Party,0,170861,0,170861,,85431,0,first,,,外山 斎,Japan Innovation Party,24846,Miyazaki,JP-45-01,official,
Miyazaki 1,https://www.soumu.go.jp/senkyo/senkyo_s/data/shugiin50/index.html,https://www.soumu.go.jp/senkyo/senkyo_s/data/shugiin50/index.html,渡辺 創,Constitutional Democratic Party,0,170861,0,170861,,85431,0,first,,,滋井 祐香,Sanseitō,17100,Miyazaki,JP-45-01,official,
Miyazaki 2,https://www.soumu.go.jp/senkyo/senkyo_s/data/shugiin50/index.html,https://www.soumu.go.jp/senkyo/senkyo_s/data/shugiin50/index.html,江藤 拓,Liberal Democratic Party,0,142083,0,142083,,71042,0,first,,,江藤 拓,Liberal Democratic Party,74367,Miyazaki,JP-45-02,official,Candidate totals are the whole-vote figures in the official constituency table. Japan's national party summary separately allocates a very small number of fractional ambiguous ballots. District turnout and invalid-ballot metadata are unavailable.
Miyazaki 2,https://www.soumu.go.jp/senkyo/senkyo_s/data/shugiin50/index.html,https://www.soumu.go.jp/senkyo/senkyo_s/data/shugiin50/index.html,江藤 拓,Liberal Democratic Party,0,142083,0,142083,,71042,0,first,,,長友 慎治,Democratic Party for the People,61603,Miyazaki,JP-45-02,official,
Miyazaki 2,https://www.soumu.go.jp/senkyo/senkyo_s/data/shugiin50/index.html,https://www.soumu.go.jp/senkyo/senkyo_s/data/shugiin50/index.html,江藤 拓,Liberal Democratic Party,0,142083,0,142083,,71042,0,first,,,白江 好友,Japanese Communist Party,6113,Miyazaki,JP-45-02,official,
Miyazaki 3,https://www.soumu.go.jp/senkyo/senkyo_s/data/shugiin50/index.html,https://www.soumu.go.jp/senkyo/senkyo_s/data/shugiin50/index.html,古川 禎久,Liberal Democratic Party,0,118742,0,118742,,59372,0,first,,,古川 禎久,Liberal Democratic Party,94009,Miyazaki,JP-45-03,official,Candidate totals are the whole-vote figures in the official constituency table. Japan's national party summary separately allocates a very small number of fractional ambiguous ballots. District turnout and invalid-ballot metadata are unavailable.
Miyazaki 3,https://www.soumu.go.jp/senkyo/senkyo_s/data/shugiin50/index.html,https://www.soumu.go.jp/senkyo/senkyo_s/data/shugiin50/index.html,古川 禎久,Liberal Democratic Party,0,118742,0,118742,,59372,0,first,,,新村 初代,Japanese Communist Party,24733,Miyazaki,JP-45-03,official,
Kagoshima 1,https://www.soumu.go.jp/senkyo/senkyo_s/data/shugiin50/index.html,https://www.soumu.go.jp/senkyo/senkyo_s/data/shugiin50/index.html,川内 博史,Constitutional Democratic Party,0,175746,0,175746,,87874,0,first,,,川内 博史,Constitutional Democratic Party,80918,Kagoshima,JP-46-01,official,Candidate totals are the whole-vote figures in the official constituency table. Japan's national party summary separately allocates a very small number of fractional ambiguous ballots. District turnout and invalid-ballot metadata are unavailable.
Kagoshima 1,https://www.soumu.go.jp/senkyo/senkyo_s/data/shugiin50/index.html,https://www.soumu.go.jp/senkyo/senkyo_s/data/shugiin50/index.html,川内 博史,Constitutional Democratic Party,0,175746,0,175746,,87874,0,first,,,宮路 拓馬,Liberal Democratic Party,78221,Kagoshima,JP-46-01,official,
Kagoshima 1,https://www.soumu.go.jp/senkyo/senkyo_s/data/shugiin50/index.html,https://www.soumu.go.jp/senkyo/senkyo_s/data/shugiin50/index.html,川内 博史,Constitutional Democratic Party,0,175746,0,175746,,87874,0,first,,,昇 拓真,Sanseitō,16607,Kagoshima,JP-46-01,official,
Kagoshima 2,https://www.soumu.go.jp/senkyo/senkyo_s/data/shugiin50/index.html,https://www.soumu.go.jp/senkyo/senkyo_s/data/shugiin50/index.html,三反園 訓,Independent,0,175130,0,175130,,87566,0,first,,,三反園 訓,Independent,80397,Kagoshima,JP-46-02,official,Candidate totals are the whole-vote figures in the official constituency table. Japan's national party summary separately allocates a very small number of fractional ambiguous ballots. District turnout and invalid-ballot metadata are unavailable.
Kagoshima 2,https://www.soumu.go.jp/senkyo/senkyo_s/data/shugiin50/index.html,https://www.soumu.go.jp/senkyo/senkyo_s/data/shugiin50/index.html,三反園 訓,Independent,0,175130,0,175130,,87566,0,first,,,保岡 宏武,Liberal Democratic Party,54847,Kagoshima,JP-46-02,official,
Kagoshima 2,https://www.soumu.go.jp/senkyo/senkyo_s/data/shugiin50/index.html,https://www.soumu.go.jp/senkyo/senkyo_s/data/shugiin50/index.html,三反園 訓,Independent,0,175130,0,175130,,87566,0,first,,,辻 健太郎,Japan Innovation Party,19649,Kagoshima,JP-46-02,official,
Kagoshima 2,https://www.soumu.go.jp/senkyo/senkyo_s/data/shugiin50/index.html,https://www.soumu.go.jp/senkyo/senkyo_s/data/shugiin50/index.html,三反園 訓,Independent,0,175130,0,175130,,87566,0,first,,,松崎 真琴,Japanese Communist Party,12255,Kagoshima,JP-46-02,official,
Kagoshima 2,https://www.soumu.go.jp/senkyo/senkyo_s/data/shugiin50/index.html,https://www.soumu.go.jp/senkyo/senkyo_s/data/shugiin50/index.html,三反園 訓,Independent,0,175130,0,175130,,87566,0,first,,,矢竹 ゆかり,Sanseitō,7982,Kagoshima,JP-46-02,official,
Kagoshima 3,https://www.soumu.go.jp/senkyo/senkyo_s/data/shugiin50/index.html,https://www.soumu.go.jp/senkyo/senkyo_s/data/shugiin50/index.html,野間 健,Constitutional Democratic Party,0,176392,0,176392,,88197,0,first,,,野間 健,Constitutional Democratic Party,102762,Kagoshima,JP-46-03,official,Candidate totals are the whole-vote figures in the official constituency table. Japan's national party summary separately allocates a very small number of fractional ambiguous ballots. District turnout and invalid-ballot metadata are unavailable.
Kagoshima 3,https://www.soumu.go.jp/senkyo/senkyo_s/data/shugiin50/index.html,https://www.soumu.go.jp/senkyo/senkyo_s/data/shugiin50/index.html,野間 健,Constitutional Democratic Party,0,176392,0,176392,,88197,0,first,,,小里 泰弘,Liberal Democratic Party,73630,Kagoshima,JP-46-03,official,
Kagoshima 4,https://www.soumu.go.jp/senkyo/senkyo_s/data/shugiin50/index.html,https://www.soumu.go.jp/senkyo/senkyo_s/data/shugiin50/index.html,森山 裕,Liberal Democratic Party,0,154896,0,154896,,77449,0,first,,,森山 裕,Liberal Democratic Party,111484,Kagoshima,JP-46-04,official,Candidate totals are the whole-vote figures in the official constituency table. Japan's national party summary separately allocates a very small number of fractional ambiguous ballots. District turnout and invalid-ballot metadata are unavailable.
Kagoshima 4,https://www.soumu.go.jp/senkyo/senkyo_s/data/shugiin50/index.html,https://www.soumu.go.jp/senkyo/senkyo_s/data/shugiin50/index.html,森山 裕,Liberal Democratic Party,0,154896,0,154896,,77449,0,first,,,山内 光典,Social Democratic Party,43412,Kagoshima,JP-46-04,official,
Okinawa 1,https://www.soumu.go.jp/senkyo/senkyo_s/data/shugiin50/index.html,https://www.soumu.go.jp/senkyo/senkyo_s/data/shugiin50/index.html,赤嶺 政賢,Japanese Communist Party,0,130828,0,130828,,65415,0,first,,,赤嶺 政賢,Japanese Communist Party,49838,Okinawa,JP-47-01,official,Candidate totals are the whole-vote figures in the official constituency table. Japan's national party summary separately allocates a very small number of fractional ambiguous ballots. District turnout and invalid-ballot metadata are unavailable.
Okinawa 1,https://www.soumu.go.jp/senkyo/senkyo_s/data/shugiin50/index.html,https://www.soumu.go.jp/senkyo/senkyo_s/data/shugiin50/index.html,赤嶺 政賢,Japanese Communist Party,0,130828,0,130828,,65415,0,first,,,國場 幸之助,Liberal Democratic Party,42104,Okinawa,JP-47-01,official,
Okinawa 1,https://www.soumu.go.jp/senkyo/senkyo_s/data/shugiin50/index.html,https://www.soumu.go.jp/senkyo/senkyo_s/data/shugiin50/index.html,赤嶺 政賢,Japanese Communist Party,0,130828,0,130828,,65415,0,first,,,下地 幹郎,Independent,29615,Okinawa,JP-47-01,official,
Okinawa 1,https://www.soumu.go.jp/senkyo/senkyo_s/data/shugiin50/index.html,https://www.soumu.go.jp/senkyo/senkyo_s/data/shugiin50/index.html,赤嶺 政賢,Japanese Communist Party,0,130828,0,130828,,65415,0,first,,,和田 知久,Sanseitō,9271,Okinawa,JP-47-01,official,
Okinawa 2,https://www.soumu.go.jp/senkyo/senkyo_s/data/shugiin50/index.html,https://www.soumu.go.jp/senkyo/senkyo_s/data/shugiin50/index.html,新垣 邦男,Social Democratic Party,0,145634,0,145634,,72818,0,first,,,新垣 邦男,Social Democratic Party,61216,Okinawa,JP-47-02,official,Candidate totals are the whole-vote figures in the official constituency table. Japan's national party summary separately allocates a very small number of fractional ambiguous ballots. District turnout and invalid-ballot metadata are unavailable.
Okinawa 2,https://www.soumu.go.jp/senkyo/senkyo_s/data/shugiin50/index.html,https://www.soumu.go.jp/senkyo/senkyo_s/data/shugiin50/index.html,新垣 邦男,Social Democratic Party,0,145634,0,145634,,72818,0,first,,,宮崎 政久,Liberal Democratic Party,47272,Okinawa,JP-47-02,official,
Okinawa 2,https://www.soumu.go.jp/senkyo/senkyo_s/data/shugiin50/index.html,https://www.soumu.go.jp/senkyo/senkyo_s/data/shugiin50/index.html,新垣 邦男,Social Democratic Party,0,145634,0,145634,,72818,0,first,,,赤嶺 昇,Japan Innovation Party,22959,Okinawa,JP-47-02,official,
Okinawa 2,https://www.soumu.go.jp/senkyo/senkyo_s/data/shugiin50/index.html,https://www.soumu.go.jp/senkyo/senkyo_s/data/shugiin50/index.html,新垣 邦男,Social Democratic Party,0,145634,0,145634,,72818,0,first,,,今野 麻美,Sanseitō,11813,Okinawa,JP-47-02,official,
Okinawa 2,https://www.soumu.go.jp/senkyo/senkyo_s/data/shugiin50/index.html,https://www.soumu.go.jp/senkyo/senkyo_s/data/shugiin50/index.html,新垣 邦男,Social Democratic Party,0,145634,0,145634,,72818,0,first,,,比嘉 隆,Independent,2374,Okinawa,JP-47-02,official,
Okinawa 3,https://www.soumu.go.jp/senkyo/senkyo_s/data/shugiin50/index.html,https://www.soumu.go.jp/senkyo/senkyo_s/data/shugiin50/index.html,島尻 安伊子,Liberal Democratic Party,0,156925,0,156925,,78463,0,first,,,島尻 安伊子,Liberal Democratic Party,73226,Okinawa,JP-47-03,official,Candidate totals are the whole-vote figures in the official constituency table. Japan's national party summary separately allocates a very small number of fractional ambiguous ballots. District turnout and invalid-ballot metadata are unavailable.
Okinawa 3,https://www.soumu.go.jp/senkyo/senkyo_s/data/shugiin50/index.html,https://www.soumu.go.jp/senkyo/senkyo_s/data/shugiin50/index.html,島尻 安伊子,Liberal Democratic Party,0,156925,0,156925,,78463,0,first,,,屋良 朝博,Constitutional Democratic Party,71457,Okinawa,JP-47-03,official,
Okinawa 3,https://www.soumu.go.jp/senkyo/senkyo_s/data/shugiin50/index.html,https://www.soumu.go.jp/senkyo/senkyo_s/data/shugiin50/index.html,島尻 安伊子,Liberal Democratic Party,0,156925,0,156925,,78463,0,first,,,新城 司,Sanseitō,12242,Okinawa,JP-47-03,official,
Okinawa 4,https://www.soumu.go.jp/senkyo/senkyo_s/data/shugiin50/index.html,https://www.soumu.go.jp/senkyo/senkyo_s/data/shugiin50/index.html,西銘 恒三郎,Liberal Democratic Party,0,141302,0,141302,,70652,0,first,,,西銘 恒三郎,Liberal Democratic Party,61289,Okinawa,JP-47-04,official,Candidate totals are the whole-vote figures in the official constituency table. Japan's national party summary separately allocates a very small number of fractional ambiguous ballots. District turnout and invalid-ballot metadata are unavailable.
Okinawa 4,https://www.soumu.go.jp/senkyo/senkyo_s/data/shugiin50/index.html,https://www.soumu.go.jp/senkyo/senkyo_s/data/shugiin50/index.html,西銘 恒三郎,Liberal Democratic Party,0,141302,0,141302,,70652,0,first,,,金城 徹,Constitutional Democratic Party,47248,Okinawa,JP-47-04,official,
Okinawa 4,https://www.soumu.go.jp/senkyo/senkyo_s/data/shugiin50/index.html,https://www.soumu.go.jp/senkyo/senkyo_s/data/shugiin50/index.html,西銘 恒三郎,Liberal Democratic Party,0,141302,0,141302,,70652,0,first,,,山川 仁,Reiwa Shinsengumi,20284,Okinawa,JP-47-04,official,
Okinawa 4,https://www.soumu.go.jp/senkyo/senkyo_s/data/shugiin50/index.html,https://www.soumu.go.jp/senkyo/senkyo_s/data/shugiin50/index.html,西銘 恒三郎,Liberal Democratic Party,0,141302,0,141302,,70652,0,first,,,山川 泰博,Japan Innovation Party,12481,Okinawa,JP-47-04,official,
