district,council,ward,district_url,distribution_url,elected_member,elected_party,elected_members,elected_parties,members_to_elect,quota,enrolment,formal_votes,informal_votes,total_votes,turnout_pct,majority,round_number,row_type,excluded_candidate,excluded_party,candidate,candidate_party,candidate_status,candidate_elected,candidate_elected_order,votes,electorate_type,constituency_code,contest_status,result_note
Melbourne — Councillors,Melbourne,Councillors,https://www.vec.vic.gov.au/results/council-election-results/2024-council-election-results/melbourne-city-council,https://itsitecoreblobvecprd01.blob.core.windows.net/public-files/Council/Reports/Melbourne2024Distribution.xls,"LOUEY, Kevin; GUEST, Owen; BALL, Olivia; LIU, Gladys; LIU, Philip Le; SCOTT, Mark; CAMILLO, Rafael; ROWSE, Andrew; GRIFFITHS, Davydd",TEAM NICK REECE; LIBERALS FOR MELBOURNE CITY; THE GREENS; TEAM KOUTA; TEAM WOOD; TEAM NICK REECE; TEAM MORGAN MAKE MELBOURNE SAFE; INNOVATE MELBOURNE; LABOR FOR MELBOURNE,"LOUEY, Kevin; GUEST, Owen; BALL, Olivia; LIU, Gladys; LIU, Philip Le; SCOTT, Mark; CAMILLO, Rafael; ROWSE, Andrew; GRIFFITHS, Davydd",TEAM NICK REECE; LIBERALS FOR MELBOURNE CITY; THE GREENS; TEAM KOUTA; TEAM WOOD; TEAM NICK REECE; TEAM MORGAN MAKE MELBOURNE SAFE; INNOVATE MELBOURNE; LABOR FOR MELBOURNE,9,8961,136502,89606,2139,91745,67.21,3457,0,first,,,"LIU, Philip Le",TEAM WOOD,Elected,True,5,9137,Melbourne,VICL24-melbourne-councillors,official,Nine councillors are elected citywide by proportional representation. First preferences include above-the-line ticket votes allocated in the official count.
Melbourne — Councillors,Melbourne,Councillors,https://www.vec.vic.gov.au/results/council-election-results/2024-council-election-results/melbourne-city-council,https://itsitecoreblobvecprd01.blob.core.windows.net/public-files/Council/Reports/Melbourne2024Distribution.xls,"LOUEY, Kevin; GUEST, Owen; BALL, Olivia; LIU, Gladys; LIU, Philip Le; SCOTT, Mark; CAMILLO, Rafael; ROWSE, Andrew; GRIFFITHS, Davydd",TEAM NICK REECE; LIBERALS FOR MELBOURNE CITY; THE GREENS; TEAM KOUTA; TEAM WOOD; TEAM NICK REECE; TEAM MORGAN MAKE MELBOURNE SAFE; INNOVATE MELBOURNE; LABOR FOR MELBOURNE,"LOUEY, Kevin; GUEST, Owen; BALL, Olivia; LIU, Gladys; LIU, Philip Le; SCOTT, Mark; CAMILLO, Rafael; ROWSE, Andrew; GRIFFITHS, Davydd",TEAM NICK REECE; LIBERALS FOR MELBOURNE CITY; THE GREENS; TEAM KOUTA; TEAM WOOD; TEAM NICK REECE; TEAM MORGAN MAKE MELBOURNE SAFE; INNOVATE MELBOURNE; LABOR FOR MELBOURNE,9,8961,136502,89606,2139,91745,67.21,3457,0,first,,,"OKE, Cathy",TEAM WOOD,,False,,126,Melbourne,VICL24-melbourne-councillors,official,Nine councillors are elected citywide by proportional representation. First preferences include above-the-line ticket votes allocated in the official count.
Melbourne — Councillors,Melbourne,Councillors,https://www.vec.vic.gov.au/results/council-election-results/2024-council-election-results/melbourne-city-council,https://itsitecoreblobvecprd01.blob.core.windows.net/public-files/Council/Reports/Melbourne2024Distribution.xls,"LOUEY, Kevin; GUEST, Owen; BALL, Olivia; LIU, Gladys; LIU, Philip Le; SCOTT, Mark; CAMILLO, Rafael; ROWSE, Andrew; GRIFFITHS, Davydd",TEAM NICK REECE; LIBERALS FOR MELBOURNE CITY; THE GREENS; TEAM KOUTA; TEAM WOOD; TEAM NICK REECE; TEAM MORGAN MAKE MELBOURNE SAFE; INNOVATE MELBOURNE; LABOR FOR MELBOURNE,"LOUEY, Kevin; GUEST, Owen; BALL, Olivia; LIU, Gladys; LIU, Philip Le; SCOTT, Mark; CAMILLO, Rafael; ROWSE, Andrew; GRIFFITHS, Davydd",TEAM NICK REECE; LIBERALS FOR MELBOURNE CITY; THE GREENS; TEAM KOUTA; TEAM WOOD; TEAM NICK REECE; TEAM MORGAN MAKE MELBOURNE SAFE; INNOVATE MELBOURNE; LABOR FOR MELBOURNE,9,8961,136502,89606,2139,91745,67.21,3457,0,first,,,"ZERVOS, Nicolas Paul",TEAM WOOD,,False,,15,Melbourne,VICL24-melbourne-councillors,official,Nine councillors are elected citywide by proportional representation. First preferences include above-the-line ticket votes allocated in the official count.
Melbourne — Councillors,Melbourne,Councillors,https://www.vec.vic.gov.au/results/council-election-results/2024-council-election-results/melbourne-city-council,https://itsitecoreblobvecprd01.blob.core.windows.net/public-files/Council/Reports/Melbourne2024Distribution.xls,"LOUEY, Kevin; GUEST, Owen; BALL, Olivia; LIU, Gladys; LIU, Philip Le; SCOTT, Mark; CAMILLO, Rafael; ROWSE, Andrew; GRIFFITHS, Davydd",TEAM NICK REECE; LIBERALS FOR MELBOURNE CITY; THE GREENS; TEAM KOUTA; TEAM WOOD; TEAM NICK REECE; TEAM MORGAN MAKE MELBOURNE SAFE; INNOVATE MELBOURNE; LABOR FOR MELBOURNE,"LOUEY, Kevin; GUEST, Owen; BALL, Olivia; LIU, Gladys; LIU, Philip Le; SCOTT, Mark; CAMILLO, Rafael; ROWSE, Andrew; GRIFFITHS, Davydd",TEAM NICK REECE; LIBERALS FOR MELBOURNE CITY; THE GREENS; TEAM KOUTA; TEAM WOOD; TEAM NICK REECE; TEAM MORGAN MAKE MELBOURNE SAFE; INNOVATE MELBOURNE; LABOR FOR MELBOURNE,9,8961,136502,89606,2139,91745,67.21,3457,0,first,,,"NUR, Hala",TEAM WOOD,,False,,32,Melbourne,VICL24-melbourne-councillors,official,Nine councillors are elected citywide by proportional representation. First preferences include above-the-line ticket votes allocated in the official count.
Melbourne — Councillors,Melbourne,Councillors,https://www.vec.vic.gov.au/results/council-election-results/2024-council-election-results/melbourne-city-council,https://itsitecoreblobvecprd01.blob.core.windows.net/public-files/Council/Reports/Melbourne2024Distribution.xls,"LOUEY, Kevin; GUEST, Owen; BALL, Olivia; LIU, Gladys; LIU, Philip Le; SCOTT, Mark; CAMILLO, Rafael; ROWSE, Andrew; GRIFFITHS, Davydd",TEAM NICK REECE; LIBERALS FOR MELBOURNE CITY; THE GREENS; TEAM KOUTA; TEAM WOOD; TEAM NICK REECE; TEAM MORGAN MAKE MELBOURNE SAFE; INNOVATE MELBOURNE; LABOR FOR MELBOURNE,"LOUEY, Kevin; GUEST, Owen; BALL, Olivia; LIU, Gladys; LIU, Philip Le; SCOTT, Mark; CAMILLO, Rafael; ROWSE, Andrew; GRIFFITHS, Davydd",TEAM NICK REECE; LIBERALS FOR MELBOURNE CITY; THE GREENS; TEAM KOUTA; TEAM WOOD; TEAM NICK REECE; TEAM MORGAN MAKE MELBOURNE SAFE; INNOVATE MELBOURNE; LABOR FOR MELBOURNE,9,8961,136502,89606,2139,91745,67.21,3457,0,first,,,"CAIAFA, Michael-Lee",TEAM WOOD,,False,,19,Melbourne,VICL24-melbourne-councillors,official,Nine councillors are elected citywide by proportional representation. First preferences include above-the-line ticket votes allocated in the official count.
Melbourne — Councillors,Melbourne,Councillors,https://www.vec.vic.gov.au/results/council-election-results/2024-council-election-results/melbourne-city-council,https://itsitecoreblobvecprd01.blob.core.windows.net/public-files/Council/Reports/Melbourne2024Distribution.xls,"LOUEY, Kevin; GUEST, Owen; BALL, Olivia; LIU, Gladys; LIU, Philip Le; SCOTT, Mark; CAMILLO, Rafael; ROWSE, Andrew; GRIFFITHS, Davydd",TEAM NICK REECE; LIBERALS FOR MELBOURNE CITY; THE GREENS; TEAM KOUTA; TEAM WOOD; TEAM NICK REECE; TEAM MORGAN MAKE MELBOURNE SAFE; INNOVATE MELBOURNE; LABOR FOR MELBOURNE,"LOUEY, Kevin; GUEST, Owen; BALL, Olivia; LIU, Gladys; LIU, Philip Le; SCOTT, Mark; CAMILLO, Rafael; ROWSE, Andrew; GRIFFITHS, Davydd",TEAM NICK REECE; LIBERALS FOR MELBOURNE CITY; THE GREENS; TEAM KOUTA; TEAM WOOD; TEAM NICK REECE; TEAM MORGAN MAKE MELBOURNE SAFE; INNOVATE MELBOURNE; LABOR FOR MELBOURNE,9,8961,136502,89606,2139,91745,67.21,3457,0,first,,,"WEI, Hope Lai",TEAM WOOD,,False,,11,Melbourne,VICL24-melbourne-councillors,official,Nine councillors are elected citywide by proportional representation. First preferences include above-the-line ticket votes allocated in the official count.
Melbourne — Councillors,Melbourne,Councillors,https://www.vec.vic.gov.au/results/council-election-results/2024-council-election-results/melbourne-city-council,https://itsitecoreblobvecprd01.blob.core.windows.net/public-files/Council/Reports/Melbourne2024Distribution.xls,"LOUEY, Kevin; GUEST, Owen; BALL, Olivia; LIU, Gladys; LIU, Philip Le; SCOTT, Mark; CAMILLO, Rafael; ROWSE, Andrew; GRIFFITHS, Davydd",TEAM NICK REECE; LIBERALS FOR MELBOURNE CITY; THE GREENS; TEAM KOUTA; TEAM WOOD; TEAM NICK REECE; TEAM MORGAN MAKE MELBOURNE SAFE; INNOVATE MELBOURNE; LABOR FOR MELBOURNE,"LOUEY, Kevin; GUEST, Owen; BALL, Olivia; LIU, Gladys; LIU, Philip Le; SCOTT, Mark; CAMILLO, Rafael; ROWSE, Andrew; GRIFFITHS, Davydd",TEAM NICK REECE; LIBERALS FOR MELBOURNE CITY; THE GREENS; TEAM KOUTA; TEAM WOOD; TEAM NICK REECE; TEAM MORGAN MAKE MELBOURNE SAFE; INNOVATE MELBOURNE; LABOR FOR MELBOURNE,9,8961,136502,89606,2139,91745,67.21,3457,0,first,,,"MICHELSON, Steve",TEAM WOOD,,False,,26,Melbourne,VICL24-melbourne-councillors,official,Nine councillors are elected citywide by proportional representation. First preferences include above-the-line ticket votes allocated in the official count.
Melbourne — Councillors,Melbourne,Councillors,https://www.vec.vic.gov.au/results/council-election-results/2024-council-election-results/melbourne-city-council,https://itsitecoreblobvecprd01.blob.core.windows.net/public-files/Council/Reports/Melbourne2024Distribution.xls,"LOUEY, Kevin; GUEST, Owen; BALL, Olivia; LIU, Gladys; LIU, Philip Le; SCOTT, Mark; CAMILLO, Rafael; ROWSE, Andrew; GRIFFITHS, Davydd",TEAM NICK REECE; LIBERALS FOR MELBOURNE CITY; THE GREENS; TEAM KOUTA; TEAM WOOD; TEAM NICK REECE; TEAM MORGAN MAKE MELBOURNE SAFE; INNOVATE MELBOURNE; LABOR FOR MELBOURNE,"LOUEY, Kevin; GUEST, Owen; BALL, Olivia; LIU, Gladys; LIU, Philip Le; SCOTT, Mark; CAMILLO, Rafael; ROWSE, Andrew; GRIFFITHS, Davydd",TEAM NICK REECE; LIBERALS FOR MELBOURNE CITY; THE GREENS; TEAM KOUTA; TEAM WOOD; TEAM NICK REECE; TEAM MORGAN MAKE MELBOURNE SAFE; INNOVATE MELBOURNE; LABOR FOR MELBOURNE,9,8961,136502,89606,2139,91745,67.21,3457,0,first,,,"CAMILLO, Rafael",TEAM MORGAN MAKE MELBOURNE SAFE,Elected,True,7,3633,Melbourne,VICL24-melbourne-councillors,official,Nine councillors are elected citywide by proportional representation. First preferences include above-the-line ticket votes allocated in the official count.
Melbourne — Councillors,Melbourne,Councillors,https://www.vec.vic.gov.au/results/council-election-results/2024-council-election-results/melbourne-city-council,https://itsitecoreblobvecprd01.blob.core.windows.net/public-files/Council/Reports/Melbourne2024Distribution.xls,"LOUEY, Kevin; GUEST, Owen; BALL, Olivia; LIU, Gladys; LIU, Philip Le; SCOTT, Mark; CAMILLO, Rafael; ROWSE, Andrew; GRIFFITHS, Davydd",TEAM NICK REECE; LIBERALS FOR MELBOURNE CITY; THE GREENS; TEAM KOUTA; TEAM WOOD; TEAM NICK REECE; TEAM MORGAN MAKE MELBOURNE SAFE; INNOVATE MELBOURNE; LABOR FOR MELBOURNE,"LOUEY, Kevin; GUEST, Owen; BALL, Olivia; LIU, Gladys; LIU, Philip Le; SCOTT, Mark; CAMILLO, Rafael; ROWSE, Andrew; GRIFFITHS, Davydd",TEAM NICK REECE; LIBERALS FOR MELBOURNE CITY; THE GREENS; TEAM KOUTA; TEAM WOOD; TEAM NICK REECE; TEAM MORGAN MAKE MELBOURNE SAFE; INNOVATE MELBOURNE; LABOR FOR MELBOURNE,9,8961,136502,89606,2139,91745,67.21,3457,0,first,,,"CALDWELL, William",TEAM MORGAN MAKE MELBOURNE SAFE,,False,,21,Melbourne,VICL24-melbourne-councillors,official,Nine councillors are elected citywide by proportional representation. First preferences include above-the-line ticket votes allocated in the official count.
Melbourne — Councillors,Melbourne,Councillors,https://www.vec.vic.gov.au/results/council-election-results/2024-council-election-results/melbourne-city-council,https://itsitecoreblobvecprd01.blob.core.windows.net/public-files/Council/Reports/Melbourne2024Distribution.xls,"LOUEY, Kevin; GUEST, Owen; BALL, Olivia; LIU, Gladys; LIU, Philip Le; SCOTT, Mark; CAMILLO, Rafael; ROWSE, Andrew; GRIFFITHS, Davydd",TEAM NICK REECE; LIBERALS FOR MELBOURNE CITY; THE GREENS; TEAM KOUTA; TEAM WOOD; TEAM NICK REECE; TEAM MORGAN MAKE MELBOURNE SAFE; INNOVATE MELBOURNE; LABOR FOR MELBOURNE,"LOUEY, Kevin; GUEST, Owen; BALL, Olivia; LIU, Gladys; LIU, Philip Le; SCOTT, Mark; CAMILLO, Rafael; ROWSE, Andrew; GRIFFITHS, Davydd",TEAM NICK REECE; LIBERALS FOR MELBOURNE CITY; THE GREENS; TEAM KOUTA; TEAM WOOD; TEAM NICK REECE; TEAM MORGAN MAKE MELBOURNE SAFE; INNOVATE MELBOURNE; LABOR FOR MELBOURNE,9,8961,136502,89606,2139,91745,67.21,3457,0,first,,,"MASTERS, Mary",VOICES FOR MELBOURNE,,False,,2671,Melbourne,VICL24-melbourne-councillors,official,Nine councillors are elected citywide by proportional representation. First preferences include above-the-line ticket votes allocated in the official count.
Melbourne — Councillors,Melbourne,Councillors,https://www.vec.vic.gov.au/results/council-election-results/2024-council-election-results/melbourne-city-council,https://itsitecoreblobvecprd01.blob.core.windows.net/public-files/Council/Reports/Melbourne2024Distribution.xls,"LOUEY, Kevin; GUEST, Owen; BALL, Olivia; LIU, Gladys; LIU, Philip Le; SCOTT, Mark; CAMILLO, Rafael; ROWSE, Andrew; GRIFFITHS, Davydd",TEAM NICK REECE; LIBERALS FOR MELBOURNE CITY; THE GREENS; TEAM KOUTA; TEAM WOOD; TEAM NICK REECE; TEAM MORGAN MAKE MELBOURNE SAFE; INNOVATE MELBOURNE; LABOR FOR MELBOURNE,"LOUEY, Kevin; GUEST, Owen; BALL, Olivia; LIU, Gladys; LIU, Philip Le; SCOTT, Mark; CAMILLO, Rafael; ROWSE, Andrew; GRIFFITHS, Davydd",TEAM NICK REECE; LIBERALS FOR MELBOURNE CITY; THE GREENS; TEAM KOUTA; TEAM WOOD; TEAM NICK REECE; TEAM MORGAN MAKE MELBOURNE SAFE; INNOVATE MELBOURNE; LABOR FOR MELBOURNE,9,8961,136502,89606,2139,91745,67.21,3457,0,first,,,"VASILEV-ROBERTSON, James",VOICES FOR MELBOURNE,,False,,18,Melbourne,VICL24-melbourne-councillors,official,Nine councillors are elected citywide by proportional representation. First preferences include above-the-line ticket votes allocated in the official count.
Melbourne — Councillors,Melbourne,Councillors,https://www.vec.vic.gov.au/results/council-election-results/2024-council-election-results/melbourne-city-council,https://itsitecoreblobvecprd01.blob.core.windows.net/public-files/Council/Reports/Melbourne2024Distribution.xls,"LOUEY, Kevin; GUEST, Owen; BALL, Olivia; LIU, Gladys; LIU, Philip Le; SCOTT, Mark; CAMILLO, Rafael; ROWSE, Andrew; GRIFFITHS, Davydd",TEAM NICK REECE; LIBERALS FOR MELBOURNE CITY; THE GREENS; TEAM KOUTA; TEAM WOOD; TEAM NICK REECE; TEAM MORGAN MAKE MELBOURNE SAFE; INNOVATE MELBOURNE; LABOR FOR MELBOURNE,"LOUEY, Kevin; GUEST, Owen; BALL, Olivia; LIU, Gladys; LIU, Philip Le; SCOTT, Mark; CAMILLO, Rafael; ROWSE, Andrew; GRIFFITHS, Davydd",TEAM NICK REECE; LIBERALS FOR MELBOURNE CITY; THE GREENS; TEAM KOUTA; TEAM WOOD; TEAM NICK REECE; TEAM MORGAN MAKE MELBOURNE SAFE; INNOVATE MELBOURNE; LABOR FOR MELBOURNE,9,8961,136502,89606,2139,91745,67.21,3457,0,first,,,"SMITH, Michael",TEAM HAKIM - RESIDENT INDEPENDENTS,,False,,2713,Melbourne,VICL24-melbourne-councillors,official,Nine councillors are elected citywide by proportional representation. First preferences include above-the-line ticket votes allocated in the official count.
Melbourne — Councillors,Melbourne,Councillors,https://www.vec.vic.gov.au/results/council-election-results/2024-council-election-results/melbourne-city-council,https://itsitecoreblobvecprd01.blob.core.windows.net/public-files/Council/Reports/Melbourne2024Distribution.xls,"LOUEY, Kevin; GUEST, Owen; BALL, Olivia; LIU, Gladys; LIU, Philip Le; SCOTT, Mark; CAMILLO, Rafael; ROWSE, Andrew; GRIFFITHS, Davydd",TEAM NICK REECE; LIBERALS FOR MELBOURNE CITY; THE GREENS; TEAM KOUTA; TEAM WOOD; TEAM NICK REECE; TEAM MORGAN MAKE MELBOURNE SAFE; INNOVATE MELBOURNE; LABOR FOR MELBOURNE,"LOUEY, Kevin; GUEST, Owen; BALL, Olivia; LIU, Gladys; LIU, Philip Le; SCOTT, Mark; CAMILLO, Rafael; ROWSE, Andrew; GRIFFITHS, Davydd",TEAM NICK REECE; LIBERALS FOR MELBOURNE CITY; THE GREENS; TEAM KOUTA; TEAM WOOD; TEAM NICK REECE; TEAM MORGAN MAKE MELBOURNE SAFE; INNOVATE MELBOURNE; LABOR FOR MELBOURNE,9,8961,136502,89606,2139,91745,67.21,3457,0,first,,,"LAM, Lawrence",TEAM HAKIM - RESIDENT INDEPENDENTS,,False,,23,Melbourne,VICL24-melbourne-councillors,official,Nine councillors are elected citywide by proportional representation. First preferences include above-the-line ticket votes allocated in the official count.
Melbourne — Councillors,Melbourne,Councillors,https://www.vec.vic.gov.au/results/council-election-results/2024-council-election-results/melbourne-city-council,https://itsitecoreblobvecprd01.blob.core.windows.net/public-files/Council/Reports/Melbourne2024Distribution.xls,"LOUEY, Kevin; GUEST, Owen; BALL, Olivia; LIU, Gladys; LIU, Philip Le; SCOTT, Mark; CAMILLO, Rafael; ROWSE, Andrew; GRIFFITHS, Davydd",TEAM NICK REECE; LIBERALS FOR MELBOURNE CITY; THE GREENS; TEAM KOUTA; TEAM WOOD; TEAM NICK REECE; TEAM MORGAN MAKE MELBOURNE SAFE; INNOVATE MELBOURNE; LABOR FOR MELBOURNE,"LOUEY, Kevin; GUEST, Owen; BALL, Olivia; LIU, Gladys; LIU, Philip Le; SCOTT, Mark; CAMILLO, Rafael; ROWSE, Andrew; GRIFFITHS, Davydd",TEAM NICK REECE; LIBERALS FOR MELBOURNE CITY; THE GREENS; TEAM KOUTA; TEAM WOOD; TEAM NICK REECE; TEAM MORGAN MAKE MELBOURNE SAFE; INNOVATE MELBOURNE; LABOR FOR MELBOURNE,9,8961,136502,89606,2139,91745,67.21,3457,0,first,,,"GAO, Judy",TEAM HAKIM - RESIDENT INDEPENDENTS,,False,,77,Melbourne,VICL24-melbourne-councillors,official,Nine councillors are elected citywide by proportional representation. First preferences include above-the-line ticket votes allocated in the official count.
Melbourne — Councillors,Melbourne,Councillors,https://www.vec.vic.gov.au/results/council-election-results/2024-council-election-results/melbourne-city-council,https://itsitecoreblobvecprd01.blob.core.windows.net/public-files/Council/Reports/Melbourne2024Distribution.xls,"LOUEY, Kevin; GUEST, Owen; BALL, Olivia; LIU, Gladys; LIU, Philip Le; SCOTT, Mark; CAMILLO, Rafael; ROWSE, Andrew; GRIFFITHS, Davydd",TEAM NICK REECE; LIBERALS FOR MELBOURNE CITY; THE GREENS; TEAM KOUTA; TEAM WOOD; TEAM NICK REECE; TEAM MORGAN MAKE MELBOURNE SAFE; INNOVATE MELBOURNE; LABOR FOR MELBOURNE,"LOUEY, Kevin; GUEST, Owen; BALL, Olivia; LIU, Gladys; LIU, Philip Le; SCOTT, Mark; CAMILLO, Rafael; ROWSE, Andrew; GRIFFITHS, Davydd",TEAM NICK REECE; LIBERALS FOR MELBOURNE CITY; THE GREENS; TEAM KOUTA; TEAM WOOD; TEAM NICK REECE; TEAM MORGAN MAKE MELBOURNE SAFE; INNOVATE MELBOURNE; LABOR FOR MELBOURNE,9,8961,136502,89606,2139,91745,67.21,3457,0,first,,,"LIU, Gladys",TEAM KOUTA,Elected,True,4,10532,Melbourne,VICL24-melbourne-councillors,official,Nine councillors are elected citywide by proportional representation. First preferences include above-the-line ticket votes allocated in the official count.
Melbourne — Councillors,Melbourne,Councillors,https://www.vec.vic.gov.au/results/council-election-results/2024-council-election-results/melbourne-city-council,https://itsitecoreblobvecprd01.blob.core.windows.net/public-files/Council/Reports/Melbourne2024Distribution.xls,"LOUEY, Kevin; GUEST, Owen; BALL, Olivia; LIU, Gladys; LIU, Philip Le; SCOTT, Mark; CAMILLO, Rafael; ROWSE, Andrew; GRIFFITHS, Davydd",TEAM NICK REECE; LIBERALS FOR MELBOURNE CITY; THE GREENS; TEAM KOUTA; TEAM WOOD; TEAM NICK REECE; TEAM MORGAN MAKE MELBOURNE SAFE; INNOVATE MELBOURNE; LABOR FOR MELBOURNE,"LOUEY, Kevin; GUEST, Owen; BALL, Olivia; LIU, Gladys; LIU, Philip Le; SCOTT, Mark; CAMILLO, Rafael; ROWSE, Andrew; GRIFFITHS, Davydd",TEAM NICK REECE; LIBERALS FOR MELBOURNE CITY; THE GREENS; TEAM KOUTA; TEAM WOOD; TEAM NICK REECE; TEAM MORGAN MAKE MELBOURNE SAFE; INNOVATE MELBOURNE; LABOR FOR MELBOURNE,9,8961,136502,89606,2139,91745,67.21,3457,0,first,,,"RAMANI, Zaim",TEAM KOUTA,,False,,20,Melbourne,VICL24-melbourne-councillors,official,Nine councillors are elected citywide by proportional representation. First preferences include above-the-line ticket votes allocated in the official count.
Melbourne — Councillors,Melbourne,Councillors,https://www.vec.vic.gov.au/results/council-election-results/2024-council-election-results/melbourne-city-council,https://itsitecoreblobvecprd01.blob.core.windows.net/public-files/Council/Reports/Melbourne2024Distribution.xls,"LOUEY, Kevin; GUEST, Owen; BALL, Olivia; LIU, Gladys; LIU, Philip Le; SCOTT, Mark; CAMILLO, Rafael; ROWSE, Andrew; GRIFFITHS, Davydd",TEAM NICK REECE; LIBERALS FOR MELBOURNE CITY; THE GREENS; TEAM KOUTA; TEAM WOOD; TEAM NICK REECE; TEAM MORGAN MAKE MELBOURNE SAFE; INNOVATE MELBOURNE; LABOR FOR MELBOURNE,"LOUEY, Kevin; GUEST, Owen; BALL, Olivia; LIU, Gladys; LIU, Philip Le; SCOTT, Mark; CAMILLO, Rafael; ROWSE, Andrew; GRIFFITHS, Davydd",TEAM NICK REECE; LIBERALS FOR MELBOURNE CITY; THE GREENS; TEAM KOUTA; TEAM WOOD; TEAM NICK REECE; TEAM MORGAN MAKE MELBOURNE SAFE; INNOVATE MELBOURNE; LABOR FOR MELBOURNE,9,8961,136502,89606,2139,91745,67.21,3457,0,first,,,"CARNEY, Emma Elizabeth",TEAM KOUTA,,False,,28,Melbourne,VICL24-melbourne-councillors,official,Nine councillors are elected citywide by proportional representation. First preferences include above-the-line ticket votes allocated in the official count.
Melbourne — Councillors,Melbourne,Councillors,https://www.vec.vic.gov.au/results/council-election-results/2024-council-election-results/melbourne-city-council,https://itsitecoreblobvecprd01.blob.core.windows.net/public-files/Council/Reports/Melbourne2024Distribution.xls,"LOUEY, Kevin; GUEST, Owen; BALL, Olivia; LIU, Gladys; LIU, Philip Le; SCOTT, Mark; CAMILLO, Rafael; ROWSE, Andrew; GRIFFITHS, Davydd",TEAM NICK REECE; LIBERALS FOR MELBOURNE CITY; THE GREENS; TEAM KOUTA; TEAM WOOD; TEAM NICK REECE; TEAM MORGAN MAKE MELBOURNE SAFE; INNOVATE MELBOURNE; LABOR FOR MELBOURNE,"LOUEY, Kevin; GUEST, Owen; BALL, Olivia; LIU, Gladys; LIU, Philip Le; SCOTT, Mark; CAMILLO, Rafael; ROWSE, Andrew; GRIFFITHS, Davydd",TEAM NICK REECE; LIBERALS FOR MELBOURNE CITY; THE GREENS; TEAM KOUTA; TEAM WOOD; TEAM NICK REECE; TEAM MORGAN MAKE MELBOURNE SAFE; INNOVATE MELBOURNE; LABOR FOR MELBOURNE,9,8961,136502,89606,2139,91745,67.21,3457,0,first,,,"TJANDRAMULIA, Olivia",TEAM KOUTA,,False,,8,Melbourne,VICL24-melbourne-councillors,official,Nine councillors are elected citywide by proportional representation. First preferences include above-the-line ticket votes allocated in the official count.
Melbourne — Councillors,Melbourne,Councillors,https://www.vec.vic.gov.au/results/council-election-results/2024-council-election-results/melbourne-city-council,https://itsitecoreblobvecprd01.blob.core.windows.net/public-files/Council/Reports/Melbourne2024Distribution.xls,"LOUEY, Kevin; GUEST, Owen; BALL, Olivia; LIU, Gladys; LIU, Philip Le; SCOTT, Mark; CAMILLO, Rafael; ROWSE, Andrew; GRIFFITHS, Davydd",TEAM NICK REECE; LIBERALS FOR MELBOURNE CITY; THE GREENS; TEAM KOUTA; TEAM WOOD; TEAM NICK REECE; TEAM MORGAN MAKE MELBOURNE SAFE; INNOVATE MELBOURNE; LABOR FOR MELBOURNE,"LOUEY, Kevin; GUEST, Owen; BALL, Olivia; LIU, Gladys; LIU, Philip Le; SCOTT, Mark; CAMILLO, Rafael; ROWSE, Andrew; GRIFFITHS, Davydd",TEAM NICK REECE; LIBERALS FOR MELBOURNE CITY; THE GREENS; TEAM KOUTA; TEAM WOOD; TEAM NICK REECE; TEAM MORGAN MAKE MELBOURNE SAFE; INNOVATE MELBOURNE; LABOR FOR MELBOURNE,9,8961,136502,89606,2139,91745,67.21,3457,0,first,,,"GEE, Sandra",RIP UP THE BIKE LANES!,,False,,2857,Melbourne,VICL24-melbourne-councillors,official,Nine councillors are elected citywide by proportional representation. First preferences include above-the-line ticket votes allocated in the official count.
Melbourne — Councillors,Melbourne,Councillors,https://www.vec.vic.gov.au/results/council-election-results/2024-council-election-results/melbourne-city-council,https://itsitecoreblobvecprd01.blob.core.windows.net/public-files/Council/Reports/Melbourne2024Distribution.xls,"LOUEY, Kevin; GUEST, Owen; BALL, Olivia; LIU, Gladys; LIU, Philip Le; SCOTT, Mark; CAMILLO, Rafael; ROWSE, Andrew; GRIFFITHS, Davydd",TEAM NICK REECE; LIBERALS FOR MELBOURNE CITY; THE GREENS; TEAM KOUTA; TEAM WOOD; TEAM NICK REECE; TEAM MORGAN MAKE MELBOURNE SAFE; INNOVATE MELBOURNE; LABOR FOR MELBOURNE,"LOUEY, Kevin; GUEST, Owen; BALL, Olivia; LIU, Gladys; LIU, Philip Le; SCOTT, Mark; CAMILLO, Rafael; ROWSE, Andrew; GRIFFITHS, Davydd",TEAM NICK REECE; LIBERALS FOR MELBOURNE CITY; THE GREENS; TEAM KOUTA; TEAM WOOD; TEAM NICK REECE; TEAM MORGAN MAKE MELBOURNE SAFE; INNOVATE MELBOURNE; LABOR FOR MELBOURNE,9,8961,136502,89606,2139,91745,67.21,3457,0,first,,,"SINGH, Pratap",RIP UP THE BIKE LANES!,,False,,21,Melbourne,VICL24-melbourne-councillors,official,Nine councillors are elected citywide by proportional representation. First preferences include above-the-line ticket votes allocated in the official count.
Melbourne — Councillors,Melbourne,Councillors,https://www.vec.vic.gov.au/results/council-election-results/2024-council-election-results/melbourne-city-council,https://itsitecoreblobvecprd01.blob.core.windows.net/public-files/Council/Reports/Melbourne2024Distribution.xls,"LOUEY, Kevin; GUEST, Owen; BALL, Olivia; LIU, Gladys; LIU, Philip Le; SCOTT, Mark; CAMILLO, Rafael; ROWSE, Andrew; GRIFFITHS, Davydd",TEAM NICK REECE; LIBERALS FOR MELBOURNE CITY; THE GREENS; TEAM KOUTA; TEAM WOOD; TEAM NICK REECE; TEAM MORGAN MAKE MELBOURNE SAFE; INNOVATE MELBOURNE; LABOR FOR MELBOURNE,"LOUEY, Kevin; GUEST, Owen; BALL, Olivia; LIU, Gladys; LIU, Philip Le; SCOTT, Mark; CAMILLO, Rafael; ROWSE, Andrew; GRIFFITHS, Davydd",TEAM NICK REECE; LIBERALS FOR MELBOURNE CITY; THE GREENS; TEAM KOUTA; TEAM WOOD; TEAM NICK REECE; TEAM MORGAN MAKE MELBOURNE SAFE; INNOVATE MELBOURNE; LABOR FOR MELBOURNE,9,8961,136502,89606,2139,91745,67.21,3457,0,first,,,"SAITO, Asako",TEAM PARTICIPATE,,False,,453,Melbourne,VICL24-melbourne-councillors,official,Nine councillors are elected citywide by proportional representation. First preferences include above-the-line ticket votes allocated in the official count.
Melbourne — Councillors,Melbourne,Councillors,https://www.vec.vic.gov.au/results/council-election-results/2024-council-election-results/melbourne-city-council,https://itsitecoreblobvecprd01.blob.core.windows.net/public-files/Council/Reports/Melbourne2024Distribution.xls,"LOUEY, Kevin; GUEST, Owen; BALL, Olivia; LIU, Gladys; LIU, Philip Le; SCOTT, Mark; CAMILLO, Rafael; ROWSE, Andrew; GRIFFITHS, Davydd",TEAM NICK REECE; LIBERALS FOR MELBOURNE CITY; THE GREENS; TEAM KOUTA; TEAM WOOD; TEAM NICK REECE; TEAM MORGAN MAKE MELBOURNE SAFE; INNOVATE MELBOURNE; LABOR FOR MELBOURNE,"LOUEY, Kevin; GUEST, Owen; BALL, Olivia; LIU, Gladys; LIU, Philip Le; SCOTT, Mark; CAMILLO, Rafael; ROWSE, Andrew; GRIFFITHS, Davydd",TEAM NICK REECE; LIBERALS FOR MELBOURNE CITY; THE GREENS; TEAM KOUTA; TEAM WOOD; TEAM NICK REECE; TEAM MORGAN MAKE MELBOURNE SAFE; INNOVATE MELBOURNE; LABOR FOR MELBOURNE,9,8961,136502,89606,2139,91745,67.21,3457,0,first,,,"JANDA, Sam",TEAM PARTICIPATE,,False,,8,Melbourne,VICL24-melbourne-councillors,official,Nine councillors are elected citywide by proportional representation. First preferences include above-the-line ticket votes allocated in the official count.
Melbourne — Councillors,Melbourne,Councillors,https://www.vec.vic.gov.au/results/council-election-results/2024-council-election-results/melbourne-city-council,https://itsitecoreblobvecprd01.blob.core.windows.net/public-files/Council/Reports/Melbourne2024Distribution.xls,"LOUEY, Kevin; GUEST, Owen; BALL, Olivia; LIU, Gladys; LIU, Philip Le; SCOTT, Mark; CAMILLO, Rafael; ROWSE, Andrew; GRIFFITHS, Davydd",TEAM NICK REECE; LIBERALS FOR MELBOURNE CITY; THE GREENS; TEAM KOUTA; TEAM WOOD; TEAM NICK REECE; TEAM MORGAN MAKE MELBOURNE SAFE; INNOVATE MELBOURNE; LABOR FOR MELBOURNE,"LOUEY, Kevin; GUEST, Owen; BALL, Olivia; LIU, Gladys; LIU, Philip Le; SCOTT, Mark; CAMILLO, Rafael; ROWSE, Andrew; GRIFFITHS, Davydd",TEAM NICK REECE; LIBERALS FOR MELBOURNE CITY; THE GREENS; TEAM KOUTA; TEAM WOOD; TEAM NICK REECE; TEAM MORGAN MAKE MELBOURNE SAFE; INNOVATE MELBOURNE; LABOR FOR MELBOURNE,9,8961,136502,89606,2139,91745,67.21,3457,0,first,,,"KATYAL, Aashna",ANIMAL JUSTICE PARTY,,False,,1682,Melbourne,VICL24-melbourne-councillors,official,Nine councillors are elected citywide by proportional representation. First preferences include above-the-line ticket votes allocated in the official count.
Melbourne — Councillors,Melbourne,Councillors,https://www.vec.vic.gov.au/results/council-election-results/2024-council-election-results/melbourne-city-council,https://itsitecoreblobvecprd01.blob.core.windows.net/public-files/Council/Reports/Melbourne2024Distribution.xls,"LOUEY, Kevin; GUEST, Owen; BALL, Olivia; LIU, Gladys; LIU, Philip Le; SCOTT, Mark; CAMILLO, Rafael; ROWSE, Andrew; GRIFFITHS, Davydd",TEAM NICK REECE; LIBERALS FOR MELBOURNE CITY; THE GREENS; TEAM KOUTA; TEAM WOOD; TEAM NICK REECE; TEAM MORGAN MAKE MELBOURNE SAFE; INNOVATE MELBOURNE; LABOR FOR MELBOURNE,"LOUEY, Kevin; GUEST, Owen; BALL, Olivia; LIU, Gladys; LIU, Philip Le; SCOTT, Mark; CAMILLO, Rafael; ROWSE, Andrew; GRIFFITHS, Davydd",TEAM NICK REECE; LIBERALS FOR MELBOURNE CITY; THE GREENS; TEAM KOUTA; TEAM WOOD; TEAM NICK REECE; TEAM MORGAN MAKE MELBOURNE SAFE; INNOVATE MELBOURNE; LABOR FOR MELBOURNE,9,8961,136502,89606,2139,91745,67.21,3457,0,first,,,"BANGAAR, Rabin",ANIMAL JUSTICE PARTY,,False,,6,Melbourne,VICL24-melbourne-councillors,official,Nine councillors are elected citywide by proportional representation. First preferences include above-the-line ticket votes allocated in the official count.
Melbourne — Councillors,Melbourne,Councillors,https://www.vec.vic.gov.au/results/council-election-results/2024-council-election-results/melbourne-city-council,https://itsitecoreblobvecprd01.blob.core.windows.net/public-files/Council/Reports/Melbourne2024Distribution.xls,"LOUEY, Kevin; GUEST, Owen; BALL, Olivia; LIU, Gladys; LIU, Philip Le; SCOTT, Mark; CAMILLO, Rafael; ROWSE, Andrew; GRIFFITHS, Davydd",TEAM NICK REECE; LIBERALS FOR MELBOURNE CITY; THE GREENS; TEAM KOUTA; TEAM WOOD; TEAM NICK REECE; TEAM MORGAN MAKE MELBOURNE SAFE; INNOVATE MELBOURNE; LABOR FOR MELBOURNE,"LOUEY, Kevin; GUEST, Owen; BALL, Olivia; LIU, Gladys; LIU, Philip Le; SCOTT, Mark; CAMILLO, Rafael; ROWSE, Andrew; GRIFFITHS, Davydd",TEAM NICK REECE; LIBERALS FOR MELBOURNE CITY; THE GREENS; TEAM KOUTA; TEAM WOOD; TEAM NICK REECE; TEAM MORGAN MAKE MELBOURNE SAFE; INNOVATE MELBOURNE; LABOR FOR MELBOURNE,9,8961,136502,89606,2139,91745,67.21,3457,0,first,,,"ROWSE, Andrew",INNOVATE MELBOURNE,Elected,True,8,1533,Melbourne,VICL24-melbourne-councillors,official,Nine councillors are elected citywide by proportional representation. First preferences include above-the-line ticket votes allocated in the official count.
Melbourne — Councillors,Melbourne,Councillors,https://www.vec.vic.gov.au/results/council-election-results/2024-council-election-results/melbourne-city-council,https://itsitecoreblobvecprd01.blob.core.windows.net/public-files/Council/Reports/Melbourne2024Distribution.xls,"LOUEY, Kevin; GUEST, Owen; BALL, Olivia; LIU, Gladys; LIU, Philip Le; SCOTT, Mark; CAMILLO, Rafael; ROWSE, Andrew; GRIFFITHS, Davydd",TEAM NICK REECE; LIBERALS FOR MELBOURNE CITY; THE GREENS; TEAM KOUTA; TEAM WOOD; TEAM NICK REECE; TEAM MORGAN MAKE MELBOURNE SAFE; INNOVATE MELBOURNE; LABOR FOR MELBOURNE,"LOUEY, Kevin; GUEST, Owen; BALL, Olivia; LIU, Gladys; LIU, Philip Le; SCOTT, Mark; CAMILLO, Rafael; ROWSE, Andrew; GRIFFITHS, Davydd",TEAM NICK REECE; LIBERALS FOR MELBOURNE CITY; THE GREENS; TEAM KOUTA; TEAM WOOD; TEAM NICK REECE; TEAM MORGAN MAKE MELBOURNE SAFE; INNOVATE MELBOURNE; LABOR FOR MELBOURNE,9,8961,136502,89606,2139,91745,67.21,3457,0,first,,,"GREENWOOD, Jesse",INNOVATE MELBOURNE,,False,,14,Melbourne,VICL24-melbourne-councillors,official,Nine councillors are elected citywide by proportional representation. First preferences include above-the-line ticket votes allocated in the official count.
Melbourne — Councillors,Melbourne,Councillors,https://www.vec.vic.gov.au/results/council-election-results/2024-council-election-results/melbourne-city-council,https://itsitecoreblobvecprd01.blob.core.windows.net/public-files/Council/Reports/Melbourne2024Distribution.xls,"LOUEY, Kevin; GUEST, Owen; BALL, Olivia; LIU, Gladys; LIU, Philip Le; SCOTT, Mark; CAMILLO, Rafael; ROWSE, Andrew; GRIFFITHS, Davydd",TEAM NICK REECE; LIBERALS FOR MELBOURNE CITY; THE GREENS; TEAM KOUTA; TEAM WOOD; TEAM NICK REECE; TEAM MORGAN MAKE MELBOURNE SAFE; INNOVATE MELBOURNE; LABOR FOR MELBOURNE,"LOUEY, Kevin; GUEST, Owen; BALL, Olivia; LIU, Gladys; LIU, Philip Le; SCOTT, Mark; CAMILLO, Rafael; ROWSE, Andrew; GRIFFITHS, Davydd",TEAM NICK REECE; LIBERALS FOR MELBOURNE CITY; THE GREENS; TEAM KOUTA; TEAM WOOD; TEAM NICK REECE; TEAM MORGAN MAKE MELBOURNE SAFE; INNOVATE MELBOURNE; LABOR FOR MELBOURNE,9,8961,136502,89606,2139,91745,67.21,3457,0,first,,,"GUEST, Owen",LIBERALS FOR MELBOURNE CITY,Elected,True,2,12793,Melbourne,VICL24-melbourne-councillors,official,Nine councillors are elected citywide by proportional representation. First preferences include above-the-line ticket votes allocated in the official count.
Melbourne — Councillors,Melbourne,Councillors,https://www.vec.vic.gov.au/results/council-election-results/2024-council-election-results/melbourne-city-council,https://itsitecoreblobvecprd01.blob.core.windows.net/public-files/Council/Reports/Melbourne2024Distribution.xls,"LOUEY, Kevin; GUEST, Owen; BALL, Olivia; LIU, Gladys; LIU, Philip Le; SCOTT, Mark; CAMILLO, Rafael; ROWSE, Andrew; GRIFFITHS, Davydd",TEAM NICK REECE; LIBERALS FOR MELBOURNE CITY; THE GREENS; TEAM KOUTA; TEAM WOOD; TEAM NICK REECE; TEAM MORGAN MAKE MELBOURNE SAFE; INNOVATE MELBOURNE; LABOR FOR MELBOURNE,"LOUEY, Kevin; GUEST, Owen; BALL, Olivia; LIU, Gladys; LIU, Philip Le; SCOTT, Mark; CAMILLO, Rafael; ROWSE, Andrew; GRIFFITHS, Davydd",TEAM NICK REECE; LIBERALS FOR MELBOURNE CITY; THE GREENS; TEAM KOUTA; TEAM WOOD; TEAM NICK REECE; TEAM MORGAN MAKE MELBOURNE SAFE; INNOVATE MELBOURNE; LABOR FOR MELBOURNE,9,8961,136502,89606,2139,91745,67.21,3457,0,first,,,"LISTON, You Li",LIBERALS FOR MELBOURNE CITY,,False,,48,Melbourne,VICL24-melbourne-councillors,official,Nine councillors are elected citywide by proportional representation. First preferences include above-the-line ticket votes allocated in the official count.
Melbourne — Councillors,Melbourne,Councillors,https://www.vec.vic.gov.au/results/council-election-results/2024-council-election-results/melbourne-city-council,https://itsitecoreblobvecprd01.blob.core.windows.net/public-files/Council/Reports/Melbourne2024Distribution.xls,"LOUEY, Kevin; GUEST, Owen; BALL, Olivia; LIU, Gladys; LIU, Philip Le; SCOTT, Mark; CAMILLO, Rafael; ROWSE, Andrew; GRIFFITHS, Davydd",TEAM NICK REECE; LIBERALS FOR MELBOURNE CITY; THE GREENS; TEAM KOUTA; TEAM WOOD; TEAM NICK REECE; TEAM MORGAN MAKE MELBOURNE SAFE; INNOVATE MELBOURNE; LABOR FOR MELBOURNE,"LOUEY, Kevin; GUEST, Owen; BALL, Olivia; LIU, Gladys; LIU, Philip Le; SCOTT, Mark; CAMILLO, Rafael; ROWSE, Andrew; GRIFFITHS, Davydd",TEAM NICK REECE; LIBERALS FOR MELBOURNE CITY; THE GREENS; TEAM KOUTA; TEAM WOOD; TEAM NICK REECE; TEAM MORGAN MAKE MELBOURNE SAFE; INNOVATE MELBOURNE; LABOR FOR MELBOURNE,9,8961,136502,89606,2139,91745,67.21,3457,0,first,,,"GRIFFITHS, Davydd",LABOR FOR MELBOURNE,Elected,True,9,6434,Melbourne,VICL24-melbourne-councillors,official,Nine councillors are elected citywide by proportional representation. First preferences include above-the-line ticket votes allocated in the official count.
Melbourne — Councillors,Melbourne,Councillors,https://www.vec.vic.gov.au/results/council-election-results/2024-council-election-results/melbourne-city-council,https://itsitecoreblobvecprd01.blob.core.windows.net/public-files/Council/Reports/Melbourne2024Distribution.xls,"LOUEY, Kevin; GUEST, Owen; BALL, Olivia; LIU, Gladys; LIU, Philip Le; SCOTT, Mark; CAMILLO, Rafael; ROWSE, Andrew; GRIFFITHS, Davydd",TEAM NICK REECE; LIBERALS FOR MELBOURNE CITY; THE GREENS; TEAM KOUTA; TEAM WOOD; TEAM NICK REECE; TEAM MORGAN MAKE MELBOURNE SAFE; INNOVATE MELBOURNE; LABOR FOR MELBOURNE,"LOUEY, Kevin; GUEST, Owen; BALL, Olivia; LIU, Gladys; LIU, Philip Le; SCOTT, Mark; CAMILLO, Rafael; ROWSE, Andrew; GRIFFITHS, Davydd",TEAM NICK REECE; LIBERALS FOR MELBOURNE CITY; THE GREENS; TEAM KOUTA; TEAM WOOD; TEAM NICK REECE; TEAM MORGAN MAKE MELBOURNE SAFE; INNOVATE MELBOURNE; LABOR FOR MELBOURNE,9,8961,136502,89606,2139,91745,67.21,3457,0,first,,,"SHEIKH, Sainab Abdi",LABOR FOR MELBOURNE,,False,,33,Melbourne,VICL24-melbourne-councillors,official,Nine councillors are elected citywide by proportional representation. First preferences include above-the-line ticket votes allocated in the official count.
Melbourne — Councillors,Melbourne,Councillors,https://www.vec.vic.gov.au/results/council-election-results/2024-council-election-results/melbourne-city-council,https://itsitecoreblobvecprd01.blob.core.windows.net/public-files/Council/Reports/Melbourne2024Distribution.xls,"LOUEY, Kevin; GUEST, Owen; BALL, Olivia; LIU, Gladys; LIU, Philip Le; SCOTT, Mark; CAMILLO, Rafael; ROWSE, Andrew; GRIFFITHS, Davydd",TEAM NICK REECE; LIBERALS FOR MELBOURNE CITY; THE GREENS; TEAM KOUTA; TEAM WOOD; TEAM NICK REECE; TEAM MORGAN MAKE MELBOURNE SAFE; INNOVATE MELBOURNE; LABOR FOR MELBOURNE,"LOUEY, Kevin; GUEST, Owen; BALL, Olivia; LIU, Gladys; LIU, Philip Le; SCOTT, Mark; CAMILLO, Rafael; ROWSE, Andrew; GRIFFITHS, Davydd",TEAM NICK REECE; LIBERALS FOR MELBOURNE CITY; THE GREENS; TEAM KOUTA; TEAM WOOD; TEAM NICK REECE; TEAM MORGAN MAKE MELBOURNE SAFE; INNOVATE MELBOURNE; LABOR FOR MELBOURNE,9,8961,136502,89606,2139,91745,67.21,3457,0,first,,,"ALEISI, Michael",LABOR FOR MELBOURNE,,False,,27,Melbourne,VICL24-melbourne-councillors,official,Nine councillors are elected citywide by proportional representation. First preferences include above-the-line ticket votes allocated in the official count.
Melbourne — Councillors,Melbourne,Councillors,https://www.vec.vic.gov.au/results/council-election-results/2024-council-election-results/melbourne-city-council,https://itsitecoreblobvecprd01.blob.core.windows.net/public-files/Council/Reports/Melbourne2024Distribution.xls,"LOUEY, Kevin; GUEST, Owen; BALL, Olivia; LIU, Gladys; LIU, Philip Le; SCOTT, Mark; CAMILLO, Rafael; ROWSE, Andrew; GRIFFITHS, Davydd",TEAM NICK REECE; LIBERALS FOR MELBOURNE CITY; THE GREENS; TEAM KOUTA; TEAM WOOD; TEAM NICK REECE; TEAM MORGAN MAKE MELBOURNE SAFE; INNOVATE MELBOURNE; LABOR FOR MELBOURNE,"LOUEY, Kevin; GUEST, Owen; BALL, Olivia; LIU, Gladys; LIU, Philip Le; SCOTT, Mark; CAMILLO, Rafael; ROWSE, Andrew; GRIFFITHS, Davydd",TEAM NICK REECE; LIBERALS FOR MELBOURNE CITY; THE GREENS; TEAM KOUTA; TEAM WOOD; TEAM NICK REECE; TEAM MORGAN MAKE MELBOURNE SAFE; INNOVATE MELBOURNE; LABOR FOR MELBOURNE,9,8961,136502,89606,2139,91745,67.21,3457,0,first,,,"MITCHELL, Krystle",YOUR VOICE MATTERS TO ME,,False,,1127,Melbourne,VICL24-melbourne-councillors,official,Nine councillors are elected citywide by proportional representation. First preferences include above-the-line ticket votes allocated in the official count.
Melbourne — Councillors,Melbourne,Councillors,https://www.vec.vic.gov.au/results/council-election-results/2024-council-election-results/melbourne-city-council,https://itsitecoreblobvecprd01.blob.core.windows.net/public-files/Council/Reports/Melbourne2024Distribution.xls,"LOUEY, Kevin; GUEST, Owen; BALL, Olivia; LIU, Gladys; LIU, Philip Le; SCOTT, Mark; CAMILLO, Rafael; ROWSE, Andrew; GRIFFITHS, Davydd",TEAM NICK REECE; LIBERALS FOR MELBOURNE CITY; THE GREENS; TEAM KOUTA; TEAM WOOD; TEAM NICK REECE; TEAM MORGAN MAKE MELBOURNE SAFE; INNOVATE MELBOURNE; LABOR FOR MELBOURNE,"LOUEY, Kevin; GUEST, Owen; BALL, Olivia; LIU, Gladys; LIU, Philip Le; SCOTT, Mark; CAMILLO, Rafael; ROWSE, Andrew; GRIFFITHS, Davydd",TEAM NICK REECE; LIBERALS FOR MELBOURNE CITY; THE GREENS; TEAM KOUTA; TEAM WOOD; TEAM NICK REECE; TEAM MORGAN MAKE MELBOURNE SAFE; INNOVATE MELBOURNE; LABOR FOR MELBOURNE,9,8961,136502,89606,2139,91745,67.21,3457,0,first,,,"DURBIN, Jayden",YOUR VOICE MATTERS TO ME,,False,,7,Melbourne,VICL24-melbourne-councillors,official,Nine councillors are elected citywide by proportional representation. First preferences include above-the-line ticket votes allocated in the official count.
Melbourne — Councillors,Melbourne,Councillors,https://www.vec.vic.gov.au/results/council-election-results/2024-council-election-results/melbourne-city-council,https://itsitecoreblobvecprd01.blob.core.windows.net/public-files/Council/Reports/Melbourne2024Distribution.xls,"LOUEY, Kevin; GUEST, Owen; BALL, Olivia; LIU, Gladys; LIU, Philip Le; SCOTT, Mark; CAMILLO, Rafael; ROWSE, Andrew; GRIFFITHS, Davydd",TEAM NICK REECE; LIBERALS FOR MELBOURNE CITY; THE GREENS; TEAM KOUTA; TEAM WOOD; TEAM NICK REECE; TEAM MORGAN MAKE MELBOURNE SAFE; INNOVATE MELBOURNE; LABOR FOR MELBOURNE,"LOUEY, Kevin; GUEST, Owen; BALL, Olivia; LIU, Gladys; LIU, Philip Le; SCOTT, Mark; CAMILLO, Rafael; ROWSE, Andrew; GRIFFITHS, Davydd",TEAM NICK REECE; LIBERALS FOR MELBOURNE CITY; THE GREENS; TEAM KOUTA; TEAM WOOD; TEAM NICK REECE; TEAM MORGAN MAKE MELBOURNE SAFE; INNOVATE MELBOURNE; LABOR FOR MELBOURNE,9,8961,136502,89606,2139,91745,67.21,3457,0,first,,,"BALL, Olivia",THE GREENS,Elected,True,3,12612,Melbourne,VICL24-melbourne-councillors,official,Nine councillors are elected citywide by proportional representation. First preferences include above-the-line ticket votes allocated in the official count.
Melbourne — Councillors,Melbourne,Councillors,https://www.vec.vic.gov.au/results/council-election-results/2024-council-election-results/melbourne-city-council,https://itsitecoreblobvecprd01.blob.core.windows.net/public-files/Council/Reports/Melbourne2024Distribution.xls,"LOUEY, Kevin; GUEST, Owen; BALL, Olivia; LIU, Gladys; LIU, Philip Le; SCOTT, Mark; CAMILLO, Rafael; ROWSE, Andrew; GRIFFITHS, Davydd",TEAM NICK REECE; LIBERALS FOR MELBOURNE CITY; THE GREENS; TEAM KOUTA; TEAM WOOD; TEAM NICK REECE; TEAM MORGAN MAKE MELBOURNE SAFE; INNOVATE MELBOURNE; LABOR FOR MELBOURNE,"LOUEY, Kevin; GUEST, Owen; BALL, Olivia; LIU, Gladys; LIU, Philip Le; SCOTT, Mark; CAMILLO, Rafael; ROWSE, Andrew; GRIFFITHS, Davydd",TEAM NICK REECE; LIBERALS FOR MELBOURNE CITY; THE GREENS; TEAM KOUTA; TEAM WOOD; TEAM NICK REECE; TEAM MORGAN MAKE MELBOURNE SAFE; INNOVATE MELBOURNE; LABOR FOR MELBOURNE,9,8961,136502,89606,2139,91745,67.21,3457,0,first,,,"MOON, Aaron",THE GREENS,,False,,45,Melbourne,VICL24-melbourne-councillors,official,Nine councillors are elected citywide by proportional representation. First preferences include above-the-line ticket votes allocated in the official count.
Melbourne — Councillors,Melbourne,Councillors,https://www.vec.vic.gov.au/results/council-election-results/2024-council-election-results/melbourne-city-council,https://itsitecoreblobvecprd01.blob.core.windows.net/public-files/Council/Reports/Melbourne2024Distribution.xls,"LOUEY, Kevin; GUEST, Owen; BALL, Olivia; LIU, Gladys; LIU, Philip Le; SCOTT, Mark; CAMILLO, Rafael; ROWSE, Andrew; GRIFFITHS, Davydd",TEAM NICK REECE; LIBERALS FOR MELBOURNE CITY; THE GREENS; TEAM KOUTA; TEAM WOOD; TEAM NICK REECE; TEAM MORGAN MAKE MELBOURNE SAFE; INNOVATE MELBOURNE; LABOR FOR MELBOURNE,"LOUEY, Kevin; GUEST, Owen; BALL, Olivia; LIU, Gladys; LIU, Philip Le; SCOTT, Mark; CAMILLO, Rafael; ROWSE, Andrew; GRIFFITHS, Davydd",TEAM NICK REECE; LIBERALS FOR MELBOURNE CITY; THE GREENS; TEAM KOUTA; TEAM WOOD; TEAM NICK REECE; TEAM MORGAN MAKE MELBOURNE SAFE; INNOVATE MELBOURNE; LABOR FOR MELBOURNE,9,8961,136502,89606,2139,91745,67.21,3457,0,first,,,"BERIH, Barry",THE GREENS,,False,,35,Melbourne,VICL24-melbourne-councillors,official,Nine councillors are elected citywide by proportional representation. First preferences include above-the-line ticket votes allocated in the official count.
Melbourne — Councillors,Melbourne,Councillors,https://www.vec.vic.gov.au/results/council-election-results/2024-council-election-results/melbourne-city-council,https://itsitecoreblobvecprd01.blob.core.windows.net/public-files/Council/Reports/Melbourne2024Distribution.xls,"LOUEY, Kevin; GUEST, Owen; BALL, Olivia; LIU, Gladys; LIU, Philip Le; SCOTT, Mark; CAMILLO, Rafael; ROWSE, Andrew; GRIFFITHS, Davydd",TEAM NICK REECE; LIBERALS FOR MELBOURNE CITY; THE GREENS; TEAM KOUTA; TEAM WOOD; TEAM NICK REECE; TEAM MORGAN MAKE MELBOURNE SAFE; INNOVATE MELBOURNE; LABOR FOR MELBOURNE,"LOUEY, Kevin; GUEST, Owen; BALL, Olivia; LIU, Gladys; LIU, Philip Le; SCOTT, Mark; CAMILLO, Rafael; ROWSE, Andrew; GRIFFITHS, Davydd",TEAM NICK REECE; LIBERALS FOR MELBOURNE CITY; THE GREENS; TEAM KOUTA; TEAM WOOD; TEAM NICK REECE; TEAM MORGAN MAKE MELBOURNE SAFE; INNOVATE MELBOURNE; LABOR FOR MELBOURNE,9,8961,136502,89606,2139,91745,67.21,3457,0,first,,,"MARTIN, Elvis",TEAM ELVIS MARTIN,,False,,972,Melbourne,VICL24-melbourne-councillors,official,Nine councillors are elected citywide by proportional representation. First preferences include above-the-line ticket votes allocated in the official count.
Melbourne — Councillors,Melbourne,Councillors,https://www.vec.vic.gov.au/results/council-election-results/2024-council-election-results/melbourne-city-council,https://itsitecoreblobvecprd01.blob.core.windows.net/public-files/Council/Reports/Melbourne2024Distribution.xls,"LOUEY, Kevin; GUEST, Owen; BALL, Olivia; LIU, Gladys; LIU, Philip Le; SCOTT, Mark; CAMILLO, Rafael; ROWSE, Andrew; GRIFFITHS, Davydd",TEAM NICK REECE; LIBERALS FOR MELBOURNE CITY; THE GREENS; TEAM KOUTA; TEAM WOOD; TEAM NICK REECE; TEAM MORGAN MAKE MELBOURNE SAFE; INNOVATE MELBOURNE; LABOR FOR MELBOURNE,"LOUEY, Kevin; GUEST, Owen; BALL, Olivia; LIU, Gladys; LIU, Philip Le; SCOTT, Mark; CAMILLO, Rafael; ROWSE, Andrew; GRIFFITHS, Davydd",TEAM NICK REECE; LIBERALS FOR MELBOURNE CITY; THE GREENS; TEAM KOUTA; TEAM WOOD; TEAM NICK REECE; TEAM MORGAN MAKE MELBOURNE SAFE; INNOVATE MELBOURNE; LABOR FOR MELBOURNE,9,8961,136502,89606,2139,91745,67.21,3457,0,first,,,"GALBALLY, Sophy",TEAM ELVIS MARTIN,,False,,8,Melbourne,VICL24-melbourne-councillors,official,Nine councillors are elected citywide by proportional representation. First preferences include above-the-line ticket votes allocated in the official count.
Melbourne — Councillors,Melbourne,Councillors,https://www.vec.vic.gov.au/results/council-election-results/2024-council-election-results/melbourne-city-council,https://itsitecoreblobvecprd01.blob.core.windows.net/public-files/Council/Reports/Melbourne2024Distribution.xls,"LOUEY, Kevin; GUEST, Owen; BALL, Olivia; LIU, Gladys; LIU, Philip Le; SCOTT, Mark; CAMILLO, Rafael; ROWSE, Andrew; GRIFFITHS, Davydd",TEAM NICK REECE; LIBERALS FOR MELBOURNE CITY; THE GREENS; TEAM KOUTA; TEAM WOOD; TEAM NICK REECE; TEAM MORGAN MAKE MELBOURNE SAFE; INNOVATE MELBOURNE; LABOR FOR MELBOURNE,"LOUEY, Kevin; GUEST, Owen; BALL, Olivia; LIU, Gladys; LIU, Philip Le; SCOTT, Mark; CAMILLO, Rafael; ROWSE, Andrew; GRIFFITHS, Davydd",TEAM NICK REECE; LIBERALS FOR MELBOURNE CITY; THE GREENS; TEAM KOUTA; TEAM WOOD; TEAM NICK REECE; TEAM MORGAN MAKE MELBOURNE SAFE; INNOVATE MELBOURNE; LABOR FOR MELBOURNE,9,8961,136502,89606,2139,91745,67.21,3457,0,first,,,"MUJRAL, Mavi",TEAM ELVIS MARTIN,,False,,3,Melbourne,VICL24-melbourne-councillors,official,Nine councillors are elected citywide by proportional representation. First preferences include above-the-line ticket votes allocated in the official count.
Melbourne — Councillors,Melbourne,Councillors,https://www.vec.vic.gov.au/results/council-election-results/2024-council-election-results/melbourne-city-council,https://itsitecoreblobvecprd01.blob.core.windows.net/public-files/Council/Reports/Melbourne2024Distribution.xls,"LOUEY, Kevin; GUEST, Owen; BALL, Olivia; LIU, Gladys; LIU, Philip Le; SCOTT, Mark; CAMILLO, Rafael; ROWSE, Andrew; GRIFFITHS, Davydd",TEAM NICK REECE; LIBERALS FOR MELBOURNE CITY; THE GREENS; TEAM KOUTA; TEAM WOOD; TEAM NICK REECE; TEAM MORGAN MAKE MELBOURNE SAFE; INNOVATE MELBOURNE; LABOR FOR MELBOURNE,"LOUEY, Kevin; GUEST, Owen; BALL, Olivia; LIU, Gladys; LIU, Philip Le; SCOTT, Mark; CAMILLO, Rafael; ROWSE, Andrew; GRIFFITHS, Davydd",TEAM NICK REECE; LIBERALS FOR MELBOURNE CITY; THE GREENS; TEAM KOUTA; TEAM WOOD; TEAM NICK REECE; TEAM MORGAN MAKE MELBOURNE SAFE; INNOVATE MELBOURNE; LABOR FOR MELBOURNE,9,8961,136502,89606,2139,91745,67.21,3457,0,first,,,"LIN, Jing",TEAM ELVIS MARTIN,,False,,11,Melbourne,VICL24-melbourne-councillors,official,Nine councillors are elected citywide by proportional representation. First preferences include above-the-line ticket votes allocated in the official count.
Melbourne — Councillors,Melbourne,Councillors,https://www.vec.vic.gov.au/results/council-election-results/2024-council-election-results/melbourne-city-council,https://itsitecoreblobvecprd01.blob.core.windows.net/public-files/Council/Reports/Melbourne2024Distribution.xls,"LOUEY, Kevin; GUEST, Owen; BALL, Olivia; LIU, Gladys; LIU, Philip Le; SCOTT, Mark; CAMILLO, Rafael; ROWSE, Andrew; GRIFFITHS, Davydd",TEAM NICK REECE; LIBERALS FOR MELBOURNE CITY; THE GREENS; TEAM KOUTA; TEAM WOOD; TEAM NICK REECE; TEAM MORGAN MAKE MELBOURNE SAFE; INNOVATE MELBOURNE; LABOR FOR MELBOURNE,"LOUEY, Kevin; GUEST, Owen; BALL, Olivia; LIU, Gladys; LIU, Philip Le; SCOTT, Mark; CAMILLO, Rafael; ROWSE, Andrew; GRIFFITHS, Davydd",TEAM NICK REECE; LIBERALS FOR MELBOURNE CITY; THE GREENS; TEAM KOUTA; TEAM WOOD; TEAM NICK REECE; TEAM MORGAN MAKE MELBOURNE SAFE; INNOVATE MELBOURNE; LABOR FOR MELBOURNE,9,8961,136502,89606,2139,91745,67.21,3457,0,first,,,"MOORE, Paul James",TEAM ELVIS MARTIN,,False,,0,Melbourne,VICL24-melbourne-councillors,official,Nine councillors are elected citywide by proportional representation. First preferences include above-the-line ticket votes allocated in the official count.
Melbourne — Councillors,Melbourne,Councillors,https://www.vec.vic.gov.au/results/council-election-results/2024-council-election-results/melbourne-city-council,https://itsitecoreblobvecprd01.blob.core.windows.net/public-files/Council/Reports/Melbourne2024Distribution.xls,"LOUEY, Kevin; GUEST, Owen; BALL, Olivia; LIU, Gladys; LIU, Philip Le; SCOTT, Mark; CAMILLO, Rafael; ROWSE, Andrew; GRIFFITHS, Davydd",TEAM NICK REECE; LIBERALS FOR MELBOURNE CITY; THE GREENS; TEAM KOUTA; TEAM WOOD; TEAM NICK REECE; TEAM MORGAN MAKE MELBOURNE SAFE; INNOVATE MELBOURNE; LABOR FOR MELBOURNE,"LOUEY, Kevin; GUEST, Owen; BALL, Olivia; LIU, Gladys; LIU, Philip Le; SCOTT, Mark; CAMILLO, Rafael; ROWSE, Andrew; GRIFFITHS, Davydd",TEAM NICK REECE; LIBERALS FOR MELBOURNE CITY; THE GREENS; TEAM KOUTA; TEAM WOOD; TEAM NICK REECE; TEAM MORGAN MAKE MELBOURNE SAFE; INNOVATE MELBOURNE; LABOR FOR MELBOURNE,9,8961,136502,89606,2139,91745,67.21,3457,0,first,,,"RYMER, Melissa",TEAM ELVIS MARTIN,,False,,2,Melbourne,VICL24-melbourne-councillors,official,Nine councillors are elected citywide by proportional representation. First preferences include above-the-line ticket votes allocated in the official count.
Melbourne — Councillors,Melbourne,Councillors,https://www.vec.vic.gov.au/results/council-election-results/2024-council-election-results/melbourne-city-council,https://itsitecoreblobvecprd01.blob.core.windows.net/public-files/Council/Reports/Melbourne2024Distribution.xls,"LOUEY, Kevin; GUEST, Owen; BALL, Olivia; LIU, Gladys; LIU, Philip Le; SCOTT, Mark; CAMILLO, Rafael; ROWSE, Andrew; GRIFFITHS, Davydd",TEAM NICK REECE; LIBERALS FOR MELBOURNE CITY; THE GREENS; TEAM KOUTA; TEAM WOOD; TEAM NICK REECE; TEAM MORGAN MAKE MELBOURNE SAFE; INNOVATE MELBOURNE; LABOR FOR MELBOURNE,"LOUEY, Kevin; GUEST, Owen; BALL, Olivia; LIU, Gladys; LIU, Philip Le; SCOTT, Mark; CAMILLO, Rafael; ROWSE, Andrew; GRIFFITHS, Davydd",TEAM NICK REECE; LIBERALS FOR MELBOURNE CITY; THE GREENS; TEAM KOUTA; TEAM WOOD; TEAM NICK REECE; TEAM MORGAN MAKE MELBOURNE SAFE; INNOVATE MELBOURNE; LABOR FOR MELBOURNE,9,8961,136502,89606,2139,91745,67.21,3457,0,first,,,"CULLEN, James",TEAM ELVIS MARTIN,,False,,1,Melbourne,VICL24-melbourne-councillors,official,Nine councillors are elected citywide by proportional representation. First preferences include above-the-line ticket votes allocated in the official count.
Melbourne — Councillors,Melbourne,Councillors,https://www.vec.vic.gov.au/results/council-election-results/2024-council-election-results/melbourne-city-council,https://itsitecoreblobvecprd01.blob.core.windows.net/public-files/Council/Reports/Melbourne2024Distribution.xls,"LOUEY, Kevin; GUEST, Owen; BALL, Olivia; LIU, Gladys; LIU, Philip Le; SCOTT, Mark; CAMILLO, Rafael; ROWSE, Andrew; GRIFFITHS, Davydd",TEAM NICK REECE; LIBERALS FOR MELBOURNE CITY; THE GREENS; TEAM KOUTA; TEAM WOOD; TEAM NICK REECE; TEAM MORGAN MAKE MELBOURNE SAFE; INNOVATE MELBOURNE; LABOR FOR MELBOURNE,"LOUEY, Kevin; GUEST, Owen; BALL, Olivia; LIU, Gladys; LIU, Philip Le; SCOTT, Mark; CAMILLO, Rafael; ROWSE, Andrew; GRIFFITHS, Davydd",TEAM NICK REECE; LIBERALS FOR MELBOURNE CITY; THE GREENS; TEAM KOUTA; TEAM WOOD; TEAM NICK REECE; TEAM MORGAN MAKE MELBOURNE SAFE; INNOVATE MELBOURNE; LABOR FOR MELBOURNE,9,8961,136502,89606,2139,91745,67.21,3457,0,first,,,"KENNY-SARASA, Carole",TEAM ELVIS MARTIN,,False,,3,Melbourne,VICL24-melbourne-councillors,official,Nine councillors are elected citywide by proportional representation. First preferences include above-the-line ticket votes allocated in the official count.
Melbourne — Councillors,Melbourne,Councillors,https://www.vec.vic.gov.au/results/council-election-results/2024-council-election-results/melbourne-city-council,https://itsitecoreblobvecprd01.blob.core.windows.net/public-files/Council/Reports/Melbourne2024Distribution.xls,"LOUEY, Kevin; GUEST, Owen; BALL, Olivia; LIU, Gladys; LIU, Philip Le; SCOTT, Mark; CAMILLO, Rafael; ROWSE, Andrew; GRIFFITHS, Davydd",TEAM NICK REECE; LIBERALS FOR MELBOURNE CITY; THE GREENS; TEAM KOUTA; TEAM WOOD; TEAM NICK REECE; TEAM MORGAN MAKE MELBOURNE SAFE; INNOVATE MELBOURNE; LABOR FOR MELBOURNE,"LOUEY, Kevin; GUEST, Owen; BALL, Olivia; LIU, Gladys; LIU, Philip Le; SCOTT, Mark; CAMILLO, Rafael; ROWSE, Andrew; GRIFFITHS, Davydd",TEAM NICK REECE; LIBERALS FOR MELBOURNE CITY; THE GREENS; TEAM KOUTA; TEAM WOOD; TEAM NICK REECE; TEAM MORGAN MAKE MELBOURNE SAFE; INNOVATE MELBOURNE; LABOR FOR MELBOURNE,9,8961,136502,89606,2139,91745,67.21,3457,0,first,,,"LOUEY, Kevin",TEAM NICK REECE,Elected,True,1,18287,Melbourne,VICL24-melbourne-councillors,official,Nine councillors are elected citywide by proportional representation. First preferences include above-the-line ticket votes allocated in the official count.
Melbourne — Councillors,Melbourne,Councillors,https://www.vec.vic.gov.au/results/council-election-results/2024-council-election-results/melbourne-city-council,https://itsitecoreblobvecprd01.blob.core.windows.net/public-files/Council/Reports/Melbourne2024Distribution.xls,"LOUEY, Kevin; GUEST, Owen; BALL, Olivia; LIU, Gladys; LIU, Philip Le; SCOTT, Mark; CAMILLO, Rafael; ROWSE, Andrew; GRIFFITHS, Davydd",TEAM NICK REECE; LIBERALS FOR MELBOURNE CITY; THE GREENS; TEAM KOUTA; TEAM WOOD; TEAM NICK REECE; TEAM MORGAN MAKE MELBOURNE SAFE; INNOVATE MELBOURNE; LABOR FOR MELBOURNE,"LOUEY, Kevin; GUEST, Owen; BALL, Olivia; LIU, Gladys; LIU, Philip Le; SCOTT, Mark; CAMILLO, Rafael; ROWSE, Andrew; GRIFFITHS, Davydd",TEAM NICK REECE; LIBERALS FOR MELBOURNE CITY; THE GREENS; TEAM KOUTA; TEAM WOOD; TEAM NICK REECE; TEAM MORGAN MAKE MELBOURNE SAFE; INNOVATE MELBOURNE; LABOR FOR MELBOURNE,9,8961,136502,89606,2139,91745,67.21,3457,0,first,,,"SCOTT, Mark",TEAM NICK REECE,Elected,True,6,31,Melbourne,VICL24-melbourne-councillors,official,Nine councillors are elected citywide by proportional representation. First preferences include above-the-line ticket votes allocated in the official count.
Melbourne — Councillors,Melbourne,Councillors,https://www.vec.vic.gov.au/results/council-election-results/2024-council-election-results/melbourne-city-council,https://itsitecoreblobvecprd01.blob.core.windows.net/public-files/Council/Reports/Melbourne2024Distribution.xls,"LOUEY, Kevin; GUEST, Owen; BALL, Olivia; LIU, Gladys; LIU, Philip Le; SCOTT, Mark; CAMILLO, Rafael; ROWSE, Andrew; GRIFFITHS, Davydd",TEAM NICK REECE; LIBERALS FOR MELBOURNE CITY; THE GREENS; TEAM KOUTA; TEAM WOOD; TEAM NICK REECE; TEAM MORGAN MAKE MELBOURNE SAFE; INNOVATE MELBOURNE; LABOR FOR MELBOURNE,"LOUEY, Kevin; GUEST, Owen; BALL, Olivia; LIU, Gladys; LIU, Philip Le; SCOTT, Mark; CAMILLO, Rafael; ROWSE, Andrew; GRIFFITHS, Davydd",TEAM NICK REECE; LIBERALS FOR MELBOURNE CITY; THE GREENS; TEAM KOUTA; TEAM WOOD; TEAM NICK REECE; TEAM MORGAN MAKE MELBOURNE SAFE; INNOVATE MELBOURNE; LABOR FOR MELBOURNE,9,8961,136502,89606,2139,91745,67.21,3457,0,first,,,"TEH, Lisa",TEAM NICK REECE,,False,,32,Melbourne,VICL24-melbourne-councillors,official,Nine councillors are elected citywide by proportional representation. First preferences include above-the-line ticket votes allocated in the official count.
Melbourne — Councillors,Melbourne,Councillors,https://www.vec.vic.gov.au/results/council-election-results/2024-council-election-results/melbourne-city-council,https://itsitecoreblobvecprd01.blob.core.windows.net/public-files/Council/Reports/Melbourne2024Distribution.xls,"LOUEY, Kevin; GUEST, Owen; BALL, Olivia; LIU, Gladys; LIU, Philip Le; SCOTT, Mark; CAMILLO, Rafael; ROWSE, Andrew; GRIFFITHS, Davydd",TEAM NICK REECE; LIBERALS FOR MELBOURNE CITY; THE GREENS; TEAM KOUTA; TEAM WOOD; TEAM NICK REECE; TEAM MORGAN MAKE MELBOURNE SAFE; INNOVATE MELBOURNE; LABOR FOR MELBOURNE,"LOUEY, Kevin; GUEST, Owen; BALL, Olivia; LIU, Gladys; LIU, Philip Le; SCOTT, Mark; CAMILLO, Rafael; ROWSE, Andrew; GRIFFITHS, Davydd",TEAM NICK REECE; LIBERALS FOR MELBOURNE CITY; THE GREENS; TEAM KOUTA; TEAM WOOD; TEAM NICK REECE; TEAM MORGAN MAKE MELBOURNE SAFE; INNOVATE MELBOURNE; LABOR FOR MELBOURNE,9,8961,136502,89606,2139,91745,67.21,3457,0,first,,,"PATTISON, Jannine",TEAM NICK REECE,,False,,19,Melbourne,VICL24-melbourne-councillors,official,Nine councillors are elected citywide by proportional representation. First preferences include above-the-line ticket votes allocated in the official count.
Melbourne — Councillors,Melbourne,Councillors,https://www.vec.vic.gov.au/results/council-election-results/2024-council-election-results/melbourne-city-council,https://itsitecoreblobvecprd01.blob.core.windows.net/public-files/Council/Reports/Melbourne2024Distribution.xls,"LOUEY, Kevin; GUEST, Owen; BALL, Olivia; LIU, Gladys; LIU, Philip Le; SCOTT, Mark; CAMILLO, Rafael; ROWSE, Andrew; GRIFFITHS, Davydd",TEAM NICK REECE; LIBERALS FOR MELBOURNE CITY; THE GREENS; TEAM KOUTA; TEAM WOOD; TEAM NICK REECE; TEAM MORGAN MAKE MELBOURNE SAFE; INNOVATE MELBOURNE; LABOR FOR MELBOURNE,"LOUEY, Kevin; GUEST, Owen; BALL, Olivia; LIU, Gladys; LIU, Philip Le; SCOTT, Mark; CAMILLO, Rafael; ROWSE, Andrew; GRIFFITHS, Davydd",TEAM NICK REECE; LIBERALS FOR MELBOURNE CITY; THE GREENS; TEAM KOUTA; TEAM WOOD; TEAM NICK REECE; TEAM MORGAN MAKE MELBOURNE SAFE; INNOVATE MELBOURNE; LABOR FOR MELBOURNE,9,8961,136502,89606,2139,91745,67.21,3457,0,first,,,"ALI, Hamdi",TEAM NICK REECE,,False,,149,Melbourne,VICL24-melbourne-councillors,official,Nine councillors are elected citywide by proportional representation. First preferences include above-the-line ticket votes allocated in the official count.
Melbourne — Councillors,Melbourne,Councillors,https://www.vec.vic.gov.au/results/council-election-results/2024-council-election-results/melbourne-city-council,https://itsitecoreblobvecprd01.blob.core.windows.net/public-files/Council/Reports/Melbourne2024Distribution.xls,"LOUEY, Kevin; GUEST, Owen; BALL, Olivia; LIU, Gladys; LIU, Philip Le; SCOTT, Mark; CAMILLO, Rafael; ROWSE, Andrew; GRIFFITHS, Davydd",TEAM NICK REECE; LIBERALS FOR MELBOURNE CITY; THE GREENS; TEAM KOUTA; TEAM WOOD; TEAM NICK REECE; TEAM MORGAN MAKE MELBOURNE SAFE; INNOVATE MELBOURNE; LABOR FOR MELBOURNE,"LOUEY, Kevin; GUEST, Owen; BALL, Olivia; LIU, Gladys; LIU, Philip Le; SCOTT, Mark; CAMILLO, Rafael; ROWSE, Andrew; GRIFFITHS, Davydd",TEAM NICK REECE; LIBERALS FOR MELBOURNE CITY; THE GREENS; TEAM KOUTA; TEAM WOOD; TEAM NICK REECE; TEAM MORGAN MAKE MELBOURNE SAFE; INNOVATE MELBOURNE; LABOR FOR MELBOURNE,9,8961,136502,89606,2139,91745,67.21,3457,0,first,,,"STANLEY, Suzanne",TEAM NICK REECE,,False,,11,Melbourne,VICL24-melbourne-councillors,official,Nine councillors are elected citywide by proportional representation. First preferences include above-the-line ticket votes allocated in the official count.
Melbourne — Councillors,Melbourne,Councillors,https://www.vec.vic.gov.au/results/council-election-results/2024-council-election-results/melbourne-city-council,https://itsitecoreblobvecprd01.blob.core.windows.net/public-files/Council/Reports/Melbourne2024Distribution.xls,"LOUEY, Kevin; GUEST, Owen; BALL, Olivia; LIU, Gladys; LIU, Philip Le; SCOTT, Mark; CAMILLO, Rafael; ROWSE, Andrew; GRIFFITHS, Davydd",TEAM NICK REECE; LIBERALS FOR MELBOURNE CITY; THE GREENS; TEAM KOUTA; TEAM WOOD; TEAM NICK REECE; TEAM MORGAN MAKE MELBOURNE SAFE; INNOVATE MELBOURNE; LABOR FOR MELBOURNE,"LOUEY, Kevin; GUEST, Owen; BALL, Olivia; LIU, Gladys; LIU, Philip Le; SCOTT, Mark; CAMILLO, Rafael; ROWSE, Andrew; GRIFFITHS, Davydd",TEAM NICK REECE; LIBERALS FOR MELBOURNE CITY; THE GREENS; TEAM KOUTA; TEAM WOOD; TEAM NICK REECE; TEAM MORGAN MAKE MELBOURNE SAFE; INNOVATE MELBOURNE; LABOR FOR MELBOURNE,9,8961,136502,89606,2139,91745,67.21,3457,0,first,,,"HARTLEY-KEANE, Simone",TEAM NICK REECE,,False,,29,Melbourne,VICL24-melbourne-councillors,official,Nine councillors are elected citywide by proportional representation. First preferences include above-the-line ticket votes allocated in the official count.
Melbourne — Councillors,Melbourne,Councillors,https://www.vec.vic.gov.au/results/council-election-results/2024-council-election-results/melbourne-city-council,https://itsitecoreblobvecprd01.blob.core.windows.net/public-files/Council/Reports/Melbourne2024Distribution.xls,"LOUEY, Kevin; GUEST, Owen; BALL, Olivia; LIU, Gladys; LIU, Philip Le; SCOTT, Mark; CAMILLO, Rafael; ROWSE, Andrew; GRIFFITHS, Davydd",TEAM NICK REECE; LIBERALS FOR MELBOURNE CITY; THE GREENS; TEAM KOUTA; TEAM WOOD; TEAM NICK REECE; TEAM MORGAN MAKE MELBOURNE SAFE; INNOVATE MELBOURNE; LABOR FOR MELBOURNE,"LOUEY, Kevin; GUEST, Owen; BALL, Olivia; LIU, Gladys; LIU, Philip Le; SCOTT, Mark; CAMILLO, Rafael; ROWSE, Andrew; GRIFFITHS, Davydd",TEAM NICK REECE; LIBERALS FOR MELBOURNE CITY; THE GREENS; TEAM KOUTA; TEAM WOOD; TEAM NICK REECE; TEAM MORGAN MAKE MELBOURNE SAFE; INNOVATE MELBOURNE; LABOR FOR MELBOURNE,9,8961,136502,89606,2139,91745,67.21,3457,0,first,,,"DADICH, Daniel Nair",VICTORIAN SOCIALISTS,,False,,449,Melbourne,VICL24-melbourne-councillors,official,Nine councillors are elected citywide by proportional representation. First preferences include above-the-line ticket votes allocated in the official count.
Melbourne — Councillors,Melbourne,Councillors,https://www.vec.vic.gov.au/results/council-election-results/2024-council-election-results/melbourne-city-council,https://itsitecoreblobvecprd01.blob.core.windows.net/public-files/Council/Reports/Melbourne2024Distribution.xls,"LOUEY, Kevin; GUEST, Owen; BALL, Olivia; LIU, Gladys; LIU, Philip Le; SCOTT, Mark; CAMILLO, Rafael; ROWSE, Andrew; GRIFFITHS, Davydd",TEAM NICK REECE; LIBERALS FOR MELBOURNE CITY; THE GREENS; TEAM KOUTA; TEAM WOOD; TEAM NICK REECE; TEAM MORGAN MAKE MELBOURNE SAFE; INNOVATE MELBOURNE; LABOR FOR MELBOURNE,"LOUEY, Kevin; GUEST, Owen; BALL, Olivia; LIU, Gladys; LIU, Philip Le; SCOTT, Mark; CAMILLO, Rafael; ROWSE, Andrew; GRIFFITHS, Davydd",TEAM NICK REECE; LIBERALS FOR MELBOURNE CITY; THE GREENS; TEAM KOUTA; TEAM WOOD; TEAM NICK REECE; TEAM MORGAN MAKE MELBOURNE SAFE; INNOVATE MELBOURNE; LABOR FOR MELBOURNE,9,8961,136502,89606,2139,91745,67.21,3457,0,first,,,"FOK, Ben",VICTORIAN SOCIALISTS,,False,,51,Melbourne,VICL24-melbourne-councillors,official,Nine councillors are elected citywide by proportional representation. First preferences include above-the-line ticket votes allocated in the official count.
Melbourne — Councillors,Melbourne,Councillors,https://www.vec.vic.gov.au/results/council-election-results/2024-council-election-results/melbourne-city-council,https://itsitecoreblobvecprd01.blob.core.windows.net/public-files/Council/Reports/Melbourne2024Distribution.xls,"LOUEY, Kevin; GUEST, Owen; BALL, Olivia; LIU, Gladys; LIU, Philip Le; SCOTT, Mark; CAMILLO, Rafael; ROWSE, Andrew; GRIFFITHS, Davydd",TEAM NICK REECE; LIBERALS FOR MELBOURNE CITY; THE GREENS; TEAM KOUTA; TEAM WOOD; TEAM NICK REECE; TEAM MORGAN MAKE MELBOURNE SAFE; INNOVATE MELBOURNE; LABOR FOR MELBOURNE,"LOUEY, Kevin; GUEST, Owen; BALL, Olivia; LIU, Gladys; LIU, Philip Le; SCOTT, Mark; CAMILLO, Rafael; ROWSE, Andrew; GRIFFITHS, Davydd",TEAM NICK REECE; LIBERALS FOR MELBOURNE CITY; THE GREENS; TEAM KOUTA; TEAM WOOD; TEAM NICK REECE; TEAM MORGAN MAKE MELBOURNE SAFE; INNOVATE MELBOURNE; LABOR FOR MELBOURNE,9,8961,136502,89606,2139,91745,67.21,3457,0,first,,,"SEND, E.",Ungrouped,,False,,104,Melbourne,VICL24-melbourne-councillors,official,Nine councillors are elected citywide by proportional representation. First preferences include above-the-line ticket votes allocated in the official count.
Melbourne — Councillors,Melbourne,Councillors,https://www.vec.vic.gov.au/results/council-election-results/2024-council-election-results/melbourne-city-council,https://itsitecoreblobvecprd01.blob.core.windows.net/public-files/Council/Reports/Melbourne2024Distribution.xls,"LOUEY, Kevin; GUEST, Owen; BALL, Olivia; LIU, Gladys; LIU, Philip Le; SCOTT, Mark; CAMILLO, Rafael; ROWSE, Andrew; GRIFFITHS, Davydd",TEAM NICK REECE; LIBERALS FOR MELBOURNE CITY; THE GREENS; TEAM KOUTA; TEAM WOOD; TEAM NICK REECE; TEAM MORGAN MAKE MELBOURNE SAFE; INNOVATE MELBOURNE; LABOR FOR MELBOURNE,"LOUEY, Kevin; GUEST, Owen; BALL, Olivia; LIU, Gladys; LIU, Philip Le; SCOTT, Mark; CAMILLO, Rafael; ROWSE, Andrew; GRIFFITHS, Davydd",TEAM NICK REECE; LIBERALS FOR MELBOURNE CITY; THE GREENS; TEAM KOUTA; TEAM WOOD; TEAM NICK REECE; TEAM MORGAN MAKE MELBOURNE SAFE; INNOVATE MELBOURNE; LABOR FOR MELBOURNE,9,8961,136502,89606,2139,91745,67.21,3457,0,first,,,"LAND, Jake",Ungrouped,,False,,82,Melbourne,VICL24-melbourne-councillors,official,Nine councillors are elected citywide by proportional representation. First preferences include above-the-line ticket votes allocated in the official count.
Melbourne — Councillors,Melbourne,Councillors,https://www.vec.vic.gov.au/results/council-election-results/2024-council-election-results/melbourne-city-council,https://itsitecoreblobvecprd01.blob.core.windows.net/public-files/Council/Reports/Melbourne2024Distribution.xls,"LOUEY, Kevin; GUEST, Owen; BALL, Olivia; LIU, Gladys; LIU, Philip Le; SCOTT, Mark; CAMILLO, Rafael; ROWSE, Andrew; GRIFFITHS, Davydd",TEAM NICK REECE; LIBERALS FOR MELBOURNE CITY; THE GREENS; TEAM KOUTA; TEAM WOOD; TEAM NICK REECE; TEAM MORGAN MAKE MELBOURNE SAFE; INNOVATE MELBOURNE; LABOR FOR MELBOURNE,"LOUEY, Kevin; GUEST, Owen; BALL, Olivia; LIU, Gladys; LIU, Philip Le; SCOTT, Mark; CAMILLO, Rafael; ROWSE, Andrew; GRIFFITHS, Davydd",TEAM NICK REECE; LIBERALS FOR MELBOURNE CITY; THE GREENS; TEAM KOUTA; TEAM WOOD; TEAM NICK REECE; TEAM MORGAN MAKE MELBOURNE SAFE; INNOVATE MELBOURNE; LABOR FOR MELBOURNE,9,8961,136502,89606,2139,91745,67.21,3457,0,first,,,"KANSAKAR, Aishwarya",Ungrouped,,False,,274,Melbourne,VICL24-melbourne-councillors,official,Nine councillors are elected citywide by proportional representation. First preferences include above-the-line ticket votes allocated in the official count.
Melbourne — Councillors,Melbourne,Councillors,https://www.vec.vic.gov.au/results/council-election-results/2024-council-election-results/melbourne-city-council,https://itsitecoreblobvecprd01.blob.core.windows.net/public-files/Council/Reports/Melbourne2024Distribution.xls,"LOUEY, Kevin; GUEST, Owen; BALL, Olivia; LIU, Gladys; LIU, Philip Le; SCOTT, Mark; CAMILLO, Rafael; ROWSE, Andrew; GRIFFITHS, Davydd",TEAM NICK REECE; LIBERALS FOR MELBOURNE CITY; THE GREENS; TEAM KOUTA; TEAM WOOD; TEAM NICK REECE; TEAM MORGAN MAKE MELBOURNE SAFE; INNOVATE MELBOURNE; LABOR FOR MELBOURNE,"LOUEY, Kevin; GUEST, Owen; BALL, Olivia; LIU, Gladys; LIU, Philip Le; SCOTT, Mark; CAMILLO, Rafael; ROWSE, Andrew; GRIFFITHS, Davydd",TEAM NICK REECE; LIBERALS FOR MELBOURNE CITY; THE GREENS; TEAM KOUTA; TEAM WOOD; TEAM NICK REECE; TEAM MORGAN MAKE MELBOURNE SAFE; INNOVATE MELBOURNE; LABOR FOR MELBOURNE,9,8961,136502,89606,2139,91745,67.21,3457,0,first,,,"YUSUF, Mohamed",Ungrouped,,False,,224,Melbourne,VICL24-melbourne-councillors,official,Nine councillors are elected citywide by proportional representation. First preferences include above-the-line ticket votes allocated in the official count.
Melbourne — Councillors,Melbourne,Councillors,https://www.vec.vic.gov.au/results/council-election-results/2024-council-election-results/melbourne-city-council,https://itsitecoreblobvecprd01.blob.core.windows.net/public-files/Council/Reports/Melbourne2024Distribution.xls,"LOUEY, Kevin; GUEST, Owen; BALL, Olivia; LIU, Gladys; LIU, Philip Le; SCOTT, Mark; CAMILLO, Rafael; ROWSE, Andrew; GRIFFITHS, Davydd",TEAM NICK REECE; LIBERALS FOR MELBOURNE CITY; THE GREENS; TEAM KOUTA; TEAM WOOD; TEAM NICK REECE; TEAM MORGAN MAKE MELBOURNE SAFE; INNOVATE MELBOURNE; LABOR FOR MELBOURNE,"LOUEY, Kevin; GUEST, Owen; BALL, Olivia; LIU, Gladys; LIU, Philip Le; SCOTT, Mark; CAMILLO, Rafael; ROWSE, Andrew; GRIFFITHS, Davydd",TEAM NICK REECE; LIBERALS FOR MELBOURNE CITY; THE GREENS; TEAM KOUTA; TEAM WOOD; TEAM NICK REECE; TEAM MORGAN MAKE MELBOURNE SAFE; INNOVATE MELBOURNE; LABOR FOR MELBOURNE,9,8961,136502,89606,2139,91745,67.21,3457,0,first,,,"FRENCH, Callum John",Ungrouped,,False,,19,Melbourne,VICL24-melbourne-councillors,official,Nine councillors are elected citywide by proportional representation. First preferences include above-the-line ticket votes allocated in the official count.
Melbourne — Councillors,Melbourne,Councillors,https://www.vec.vic.gov.au/results/council-election-results/2024-council-election-results/melbourne-city-council,https://itsitecoreblobvecprd01.blob.core.windows.net/public-files/Council/Reports/Melbourne2024Distribution.xls,"LOUEY, Kevin; GUEST, Owen; BALL, Olivia; LIU, Gladys; LIU, Philip Le; SCOTT, Mark; CAMILLO, Rafael; ROWSE, Andrew; GRIFFITHS, Davydd",TEAM NICK REECE; LIBERALS FOR MELBOURNE CITY; THE GREENS; TEAM KOUTA; TEAM WOOD; TEAM NICK REECE; TEAM MORGAN MAKE MELBOURNE SAFE; INNOVATE MELBOURNE; LABOR FOR MELBOURNE,"LOUEY, Kevin; GUEST, Owen; BALL, Olivia; LIU, Gladys; LIU, Philip Le; SCOTT, Mark; CAMILLO, Rafael; ROWSE, Andrew; GRIFFITHS, Davydd",TEAM NICK REECE; LIBERALS FOR MELBOURNE CITY; THE GREENS; TEAM KOUTA; TEAM WOOD; TEAM NICK REECE; TEAM MORGAN MAKE MELBOURNE SAFE; INNOVATE MELBOURNE; LABOR FOR MELBOURNE,9,8961,136502,89606,2139,91745,67.21,3457,1,final,,,"LIU, Philip Le",TEAM WOOD,Elected,True,5,8961,Melbourne,VICL24-melbourne-councillors,official,Nine councillors are elected citywide by proportional representation. First preferences include above-the-line ticket votes allocated in the official count.
Melbourne — Councillors,Melbourne,Councillors,https://www.vec.vic.gov.au/results/council-election-results/2024-council-election-results/melbourne-city-council,https://itsitecoreblobvecprd01.blob.core.windows.net/public-files/Council/Reports/Melbourne2024Distribution.xls,"LOUEY, Kevin; GUEST, Owen; BALL, Olivia; LIU, Gladys; LIU, Philip Le; SCOTT, Mark; CAMILLO, Rafael; ROWSE, Andrew; GRIFFITHS, Davydd",TEAM NICK REECE; LIBERALS FOR MELBOURNE CITY; THE GREENS; TEAM KOUTA; TEAM WOOD; TEAM NICK REECE; TEAM MORGAN MAKE MELBOURNE SAFE; INNOVATE MELBOURNE; LABOR FOR MELBOURNE,"LOUEY, Kevin; GUEST, Owen; BALL, Olivia; LIU, Gladys; LIU, Philip Le; SCOTT, Mark; CAMILLO, Rafael; ROWSE, Andrew; GRIFFITHS, Davydd",TEAM NICK REECE; LIBERALS FOR MELBOURNE CITY; THE GREENS; TEAM KOUTA; TEAM WOOD; TEAM NICK REECE; TEAM MORGAN MAKE MELBOURNE SAFE; INNOVATE MELBOURNE; LABOR FOR MELBOURNE,9,8961,136502,89606,2139,91745,67.21,3457,1,final,,,"OKE, Cathy",TEAM WOOD,,False,,0,Melbourne,VICL24-melbourne-councillors,official,Nine councillors are elected citywide by proportional representation. First preferences include above-the-line ticket votes allocated in the official count.
Melbourne — Councillors,Melbourne,Councillors,https://www.vec.vic.gov.au/results/council-election-results/2024-council-election-results/melbourne-city-council,https://itsitecoreblobvecprd01.blob.core.windows.net/public-files/Council/Reports/Melbourne2024Distribution.xls,"LOUEY, Kevin; GUEST, Owen; BALL, Olivia; LIU, Gladys; LIU, Philip Le; SCOTT, Mark; CAMILLO, Rafael; ROWSE, Andrew; GRIFFITHS, Davydd",TEAM NICK REECE; LIBERALS FOR MELBOURNE CITY; THE GREENS; TEAM KOUTA; TEAM WOOD; TEAM NICK REECE; TEAM MORGAN MAKE MELBOURNE SAFE; INNOVATE MELBOURNE; LABOR FOR MELBOURNE,"LOUEY, Kevin; GUEST, Owen; BALL, Olivia; LIU, Gladys; LIU, Philip Le; SCOTT, Mark; CAMILLO, Rafael; ROWSE, Andrew; GRIFFITHS, Davydd",TEAM NICK REECE; LIBERALS FOR MELBOURNE CITY; THE GREENS; TEAM KOUTA; TEAM WOOD; TEAM NICK REECE; TEAM MORGAN MAKE MELBOURNE SAFE; INNOVATE MELBOURNE; LABOR FOR MELBOURNE,9,8961,136502,89606,2139,91745,67.21,3457,1,final,,,"ZERVOS, Nicolas Paul",TEAM WOOD,,False,,0,Melbourne,VICL24-melbourne-councillors,official,Nine councillors are elected citywide by proportional representation. First preferences include above-the-line ticket votes allocated in the official count.
Melbourne — Councillors,Melbourne,Councillors,https://www.vec.vic.gov.au/results/council-election-results/2024-council-election-results/melbourne-city-council,https://itsitecoreblobvecprd01.blob.core.windows.net/public-files/Council/Reports/Melbourne2024Distribution.xls,"LOUEY, Kevin; GUEST, Owen; BALL, Olivia; LIU, Gladys; LIU, Philip Le; SCOTT, Mark; CAMILLO, Rafael; ROWSE, Andrew; GRIFFITHS, Davydd",TEAM NICK REECE; LIBERALS FOR MELBOURNE CITY; THE GREENS; TEAM KOUTA; TEAM WOOD; TEAM NICK REECE; TEAM MORGAN MAKE MELBOURNE SAFE; INNOVATE MELBOURNE; LABOR FOR MELBOURNE,"LOUEY, Kevin; GUEST, Owen; BALL, Olivia; LIU, Gladys; LIU, Philip Le; SCOTT, Mark; CAMILLO, Rafael; ROWSE, Andrew; GRIFFITHS, Davydd",TEAM NICK REECE; LIBERALS FOR MELBOURNE CITY; THE GREENS; TEAM KOUTA; TEAM WOOD; TEAM NICK REECE; TEAM MORGAN MAKE MELBOURNE SAFE; INNOVATE MELBOURNE; LABOR FOR MELBOURNE,9,8961,136502,89606,2139,91745,67.21,3457,1,final,,,"NUR, Hala",TEAM WOOD,,False,,0,Melbourne,VICL24-melbourne-councillors,official,Nine councillors are elected citywide by proportional representation. First preferences include above-the-line ticket votes allocated in the official count.
Melbourne — Councillors,Melbourne,Councillors,https://www.vec.vic.gov.au/results/council-election-results/2024-council-election-results/melbourne-city-council,https://itsitecoreblobvecprd01.blob.core.windows.net/public-files/Council/Reports/Melbourne2024Distribution.xls,"LOUEY, Kevin; GUEST, Owen; BALL, Olivia; LIU, Gladys; LIU, Philip Le; SCOTT, Mark; CAMILLO, Rafael; ROWSE, Andrew; GRIFFITHS, Davydd",TEAM NICK REECE; LIBERALS FOR MELBOURNE CITY; THE GREENS; TEAM KOUTA; TEAM WOOD; TEAM NICK REECE; TEAM MORGAN MAKE MELBOURNE SAFE; INNOVATE MELBOURNE; LABOR FOR MELBOURNE,"LOUEY, Kevin; GUEST, Owen; BALL, Olivia; LIU, Gladys; LIU, Philip Le; SCOTT, Mark; CAMILLO, Rafael; ROWSE, Andrew; GRIFFITHS, Davydd",TEAM NICK REECE; LIBERALS FOR MELBOURNE CITY; THE GREENS; TEAM KOUTA; TEAM WOOD; TEAM NICK REECE; TEAM MORGAN MAKE MELBOURNE SAFE; INNOVATE MELBOURNE; LABOR FOR MELBOURNE,9,8961,136502,89606,2139,91745,67.21,3457,1,final,,,"CAIAFA, Michael-Lee",TEAM WOOD,,False,,0,Melbourne,VICL24-melbourne-councillors,official,Nine councillors are elected citywide by proportional representation. First preferences include above-the-line ticket votes allocated in the official count.
Melbourne — Councillors,Melbourne,Councillors,https://www.vec.vic.gov.au/results/council-election-results/2024-council-election-results/melbourne-city-council,https://itsitecoreblobvecprd01.blob.core.windows.net/public-files/Council/Reports/Melbourne2024Distribution.xls,"LOUEY, Kevin; GUEST, Owen; BALL, Olivia; LIU, Gladys; LIU, Philip Le; SCOTT, Mark; CAMILLO, Rafael; ROWSE, Andrew; GRIFFITHS, Davydd",TEAM NICK REECE; LIBERALS FOR MELBOURNE CITY; THE GREENS; TEAM KOUTA; TEAM WOOD; TEAM NICK REECE; TEAM MORGAN MAKE MELBOURNE SAFE; INNOVATE MELBOURNE; LABOR FOR MELBOURNE,"LOUEY, Kevin; GUEST, Owen; BALL, Olivia; LIU, Gladys; LIU, Philip Le; SCOTT, Mark; CAMILLO, Rafael; ROWSE, Andrew; GRIFFITHS, Davydd",TEAM NICK REECE; LIBERALS FOR MELBOURNE CITY; THE GREENS; TEAM KOUTA; TEAM WOOD; TEAM NICK REECE; TEAM MORGAN MAKE MELBOURNE SAFE; INNOVATE MELBOURNE; LABOR FOR MELBOURNE,9,8961,136502,89606,2139,91745,67.21,3457,1,final,,,"WEI, Hope Lai",TEAM WOOD,,False,,0,Melbourne,VICL24-melbourne-councillors,official,Nine councillors are elected citywide by proportional representation. First preferences include above-the-line ticket votes allocated in the official count.
Melbourne — Councillors,Melbourne,Councillors,https://www.vec.vic.gov.au/results/council-election-results/2024-council-election-results/melbourne-city-council,https://itsitecoreblobvecprd01.blob.core.windows.net/public-files/Council/Reports/Melbourne2024Distribution.xls,"LOUEY, Kevin; GUEST, Owen; BALL, Olivia; LIU, Gladys; LIU, Philip Le; SCOTT, Mark; CAMILLO, Rafael; ROWSE, Andrew; GRIFFITHS, Davydd",TEAM NICK REECE; LIBERALS FOR MELBOURNE CITY; THE GREENS; TEAM KOUTA; TEAM WOOD; TEAM NICK REECE; TEAM MORGAN MAKE MELBOURNE SAFE; INNOVATE MELBOURNE; LABOR FOR MELBOURNE,"LOUEY, Kevin; GUEST, Owen; BALL, Olivia; LIU, Gladys; LIU, Philip Le; SCOTT, Mark; CAMILLO, Rafael; ROWSE, Andrew; GRIFFITHS, Davydd",TEAM NICK REECE; LIBERALS FOR MELBOURNE CITY; THE GREENS; TEAM KOUTA; TEAM WOOD; TEAM NICK REECE; TEAM MORGAN MAKE MELBOURNE SAFE; INNOVATE MELBOURNE; LABOR FOR MELBOURNE,9,8961,136502,89606,2139,91745,67.21,3457,1,final,,,"MICHELSON, Steve",TEAM WOOD,,False,,0,Melbourne,VICL24-melbourne-councillors,official,Nine councillors are elected citywide by proportional representation. First preferences include above-the-line ticket votes allocated in the official count.
Melbourne — Councillors,Melbourne,Councillors,https://www.vec.vic.gov.au/results/council-election-results/2024-council-election-results/melbourne-city-council,https://itsitecoreblobvecprd01.blob.core.windows.net/public-files/Council/Reports/Melbourne2024Distribution.xls,"LOUEY, Kevin; GUEST, Owen; BALL, Olivia; LIU, Gladys; LIU, Philip Le; SCOTT, Mark; CAMILLO, Rafael; ROWSE, Andrew; GRIFFITHS, Davydd",TEAM NICK REECE; LIBERALS FOR MELBOURNE CITY; THE GREENS; TEAM KOUTA; TEAM WOOD; TEAM NICK REECE; TEAM MORGAN MAKE MELBOURNE SAFE; INNOVATE MELBOURNE; LABOR FOR MELBOURNE,"LOUEY, Kevin; GUEST, Owen; BALL, Olivia; LIU, Gladys; LIU, Philip Le; SCOTT, Mark; CAMILLO, Rafael; ROWSE, Andrew; GRIFFITHS, Davydd",TEAM NICK REECE; LIBERALS FOR MELBOURNE CITY; THE GREENS; TEAM KOUTA; TEAM WOOD; TEAM NICK REECE; TEAM MORGAN MAKE MELBOURNE SAFE; INNOVATE MELBOURNE; LABOR FOR MELBOURNE,9,8961,136502,89606,2139,91745,67.21,3457,1,final,,,"CAMILLO, Rafael",TEAM MORGAN MAKE MELBOURNE SAFE,Elected,True,7,8961,Melbourne,VICL24-melbourne-councillors,official,Nine councillors are elected citywide by proportional representation. First preferences include above-the-line ticket votes allocated in the official count.
Melbourne — Councillors,Melbourne,Councillors,https://www.vec.vic.gov.au/results/council-election-results/2024-council-election-results/melbourne-city-council,https://itsitecoreblobvecprd01.blob.core.windows.net/public-files/Council/Reports/Melbourne2024Distribution.xls,"LOUEY, Kevin; GUEST, Owen; BALL, Olivia; LIU, Gladys; LIU, Philip Le; SCOTT, Mark; CAMILLO, Rafael; ROWSE, Andrew; GRIFFITHS, Davydd",TEAM NICK REECE; LIBERALS FOR MELBOURNE CITY; THE GREENS; TEAM KOUTA; TEAM WOOD; TEAM NICK REECE; TEAM MORGAN MAKE MELBOURNE SAFE; INNOVATE MELBOURNE; LABOR FOR MELBOURNE,"LOUEY, Kevin; GUEST, Owen; BALL, Olivia; LIU, Gladys; LIU, Philip Le; SCOTT, Mark; CAMILLO, Rafael; ROWSE, Andrew; GRIFFITHS, Davydd",TEAM NICK REECE; LIBERALS FOR MELBOURNE CITY; THE GREENS; TEAM KOUTA; TEAM WOOD; TEAM NICK REECE; TEAM MORGAN MAKE MELBOURNE SAFE; INNOVATE MELBOURNE; LABOR FOR MELBOURNE,9,8961,136502,89606,2139,91745,67.21,3457,1,final,,,"CALDWELL, William",TEAM MORGAN MAKE MELBOURNE SAFE,,False,,0,Melbourne,VICL24-melbourne-councillors,official,Nine councillors are elected citywide by proportional representation. First preferences include above-the-line ticket votes allocated in the official count.
Melbourne — Councillors,Melbourne,Councillors,https://www.vec.vic.gov.au/results/council-election-results/2024-council-election-results/melbourne-city-council,https://itsitecoreblobvecprd01.blob.core.windows.net/public-files/Council/Reports/Melbourne2024Distribution.xls,"LOUEY, Kevin; GUEST, Owen; BALL, Olivia; LIU, Gladys; LIU, Philip Le; SCOTT, Mark; CAMILLO, Rafael; ROWSE, Andrew; GRIFFITHS, Davydd",TEAM NICK REECE; LIBERALS FOR MELBOURNE CITY; THE GREENS; TEAM KOUTA; TEAM WOOD; TEAM NICK REECE; TEAM MORGAN MAKE MELBOURNE SAFE; INNOVATE MELBOURNE; LABOR FOR MELBOURNE,"LOUEY, Kevin; GUEST, Owen; BALL, Olivia; LIU, Gladys; LIU, Philip Le; SCOTT, Mark; CAMILLO, Rafael; ROWSE, Andrew; GRIFFITHS, Davydd",TEAM NICK REECE; LIBERALS FOR MELBOURNE CITY; THE GREENS; TEAM KOUTA; TEAM WOOD; TEAM NICK REECE; TEAM MORGAN MAKE MELBOURNE SAFE; INNOVATE MELBOURNE; LABOR FOR MELBOURNE,9,8961,136502,89606,2139,91745,67.21,3457,1,final,,,"MASTERS, Mary",VOICES FOR MELBOURNE,,False,,0,Melbourne,VICL24-melbourne-councillors,official,Nine councillors are elected citywide by proportional representation. First preferences include above-the-line ticket votes allocated in the official count.
Melbourne — Councillors,Melbourne,Councillors,https://www.vec.vic.gov.au/results/council-election-results/2024-council-election-results/melbourne-city-council,https://itsitecoreblobvecprd01.blob.core.windows.net/public-files/Council/Reports/Melbourne2024Distribution.xls,"LOUEY, Kevin; GUEST, Owen; BALL, Olivia; LIU, Gladys; LIU, Philip Le; SCOTT, Mark; CAMILLO, Rafael; ROWSE, Andrew; GRIFFITHS, Davydd",TEAM NICK REECE; LIBERALS FOR MELBOURNE CITY; THE GREENS; TEAM KOUTA; TEAM WOOD; TEAM NICK REECE; TEAM MORGAN MAKE MELBOURNE SAFE; INNOVATE MELBOURNE; LABOR FOR MELBOURNE,"LOUEY, Kevin; GUEST, Owen; BALL, Olivia; LIU, Gladys; LIU, Philip Le; SCOTT, Mark; CAMILLO, Rafael; ROWSE, Andrew; GRIFFITHS, Davydd",TEAM NICK REECE; LIBERALS FOR MELBOURNE CITY; THE GREENS; TEAM KOUTA; TEAM WOOD; TEAM NICK REECE; TEAM MORGAN MAKE MELBOURNE SAFE; INNOVATE MELBOURNE; LABOR FOR MELBOURNE,9,8961,136502,89606,2139,91745,67.21,3457,1,final,,,"VASILEV-ROBERTSON, James",VOICES FOR MELBOURNE,,False,,0,Melbourne,VICL24-melbourne-councillors,official,Nine councillors are elected citywide by proportional representation. First preferences include above-the-line ticket votes allocated in the official count.
Melbourne — Councillors,Melbourne,Councillors,https://www.vec.vic.gov.au/results/council-election-results/2024-council-election-results/melbourne-city-council,https://itsitecoreblobvecprd01.blob.core.windows.net/public-files/Council/Reports/Melbourne2024Distribution.xls,"LOUEY, Kevin; GUEST, Owen; BALL, Olivia; LIU, Gladys; LIU, Philip Le; SCOTT, Mark; CAMILLO, Rafael; ROWSE, Andrew; GRIFFITHS, Davydd",TEAM NICK REECE; LIBERALS FOR MELBOURNE CITY; THE GREENS; TEAM KOUTA; TEAM WOOD; TEAM NICK REECE; TEAM MORGAN MAKE MELBOURNE SAFE; INNOVATE MELBOURNE; LABOR FOR MELBOURNE,"LOUEY, Kevin; GUEST, Owen; BALL, Olivia; LIU, Gladys; LIU, Philip Le; SCOTT, Mark; CAMILLO, Rafael; ROWSE, Andrew; GRIFFITHS, Davydd",TEAM NICK REECE; LIBERALS FOR MELBOURNE CITY; THE GREENS; TEAM KOUTA; TEAM WOOD; TEAM NICK REECE; TEAM MORGAN MAKE MELBOURNE SAFE; INNOVATE MELBOURNE; LABOR FOR MELBOURNE,9,8961,136502,89606,2139,91745,67.21,3457,1,final,,,"SMITH, Michael",TEAM HAKIM - RESIDENT INDEPENDENTS,,False,,0,Melbourne,VICL24-melbourne-councillors,official,Nine councillors are elected citywide by proportional representation. First preferences include above-the-line ticket votes allocated in the official count.
Melbourne — Councillors,Melbourne,Councillors,https://www.vec.vic.gov.au/results/council-election-results/2024-council-election-results/melbourne-city-council,https://itsitecoreblobvecprd01.blob.core.windows.net/public-files/Council/Reports/Melbourne2024Distribution.xls,"LOUEY, Kevin; GUEST, Owen; BALL, Olivia; LIU, Gladys; LIU, Philip Le; SCOTT, Mark; CAMILLO, Rafael; ROWSE, Andrew; GRIFFITHS, Davydd",TEAM NICK REECE; LIBERALS FOR MELBOURNE CITY; THE GREENS; TEAM KOUTA; TEAM WOOD; TEAM NICK REECE; TEAM MORGAN MAKE MELBOURNE SAFE; INNOVATE MELBOURNE; LABOR FOR MELBOURNE,"LOUEY, Kevin; GUEST, Owen; BALL, Olivia; LIU, Gladys; LIU, Philip Le; SCOTT, Mark; CAMILLO, Rafael; ROWSE, Andrew; GRIFFITHS, Davydd",TEAM NICK REECE; LIBERALS FOR MELBOURNE CITY; THE GREENS; TEAM KOUTA; TEAM WOOD; TEAM NICK REECE; TEAM MORGAN MAKE MELBOURNE SAFE; INNOVATE MELBOURNE; LABOR FOR MELBOURNE,9,8961,136502,89606,2139,91745,67.21,3457,1,final,,,"LAM, Lawrence",TEAM HAKIM - RESIDENT INDEPENDENTS,,False,,0,Melbourne,VICL24-melbourne-councillors,official,Nine councillors are elected citywide by proportional representation. First preferences include above-the-line ticket votes allocated in the official count.
Melbourne — Councillors,Melbourne,Councillors,https://www.vec.vic.gov.au/results/council-election-results/2024-council-election-results/melbourne-city-council,https://itsitecoreblobvecprd01.blob.core.windows.net/public-files/Council/Reports/Melbourne2024Distribution.xls,"LOUEY, Kevin; GUEST, Owen; BALL, Olivia; LIU, Gladys; LIU, Philip Le; SCOTT, Mark; CAMILLO, Rafael; ROWSE, Andrew; GRIFFITHS, Davydd",TEAM NICK REECE; LIBERALS FOR MELBOURNE CITY; THE GREENS; TEAM KOUTA; TEAM WOOD; TEAM NICK REECE; TEAM MORGAN MAKE MELBOURNE SAFE; INNOVATE MELBOURNE; LABOR FOR MELBOURNE,"LOUEY, Kevin; GUEST, Owen; BALL, Olivia; LIU, Gladys; LIU, Philip Le; SCOTT, Mark; CAMILLO, Rafael; ROWSE, Andrew; GRIFFITHS, Davydd",TEAM NICK REECE; LIBERALS FOR MELBOURNE CITY; THE GREENS; TEAM KOUTA; TEAM WOOD; TEAM NICK REECE; TEAM MORGAN MAKE MELBOURNE SAFE; INNOVATE MELBOURNE; LABOR FOR MELBOURNE,9,8961,136502,89606,2139,91745,67.21,3457,1,final,,,"GAO, Judy",TEAM HAKIM - RESIDENT INDEPENDENTS,,False,,0,Melbourne,VICL24-melbourne-councillors,official,Nine councillors are elected citywide by proportional representation. First preferences include above-the-line ticket votes allocated in the official count.
Melbourne — Councillors,Melbourne,Councillors,https://www.vec.vic.gov.au/results/council-election-results/2024-council-election-results/melbourne-city-council,https://itsitecoreblobvecprd01.blob.core.windows.net/public-files/Council/Reports/Melbourne2024Distribution.xls,"LOUEY, Kevin; GUEST, Owen; BALL, Olivia; LIU, Gladys; LIU, Philip Le; SCOTT, Mark; CAMILLO, Rafael; ROWSE, Andrew; GRIFFITHS, Davydd",TEAM NICK REECE; LIBERALS FOR MELBOURNE CITY; THE GREENS; TEAM KOUTA; TEAM WOOD; TEAM NICK REECE; TEAM MORGAN MAKE MELBOURNE SAFE; INNOVATE MELBOURNE; LABOR FOR MELBOURNE,"LOUEY, Kevin; GUEST, Owen; BALL, Olivia; LIU, Gladys; LIU, Philip Le; SCOTT, Mark; CAMILLO, Rafael; ROWSE, Andrew; GRIFFITHS, Davydd",TEAM NICK REECE; LIBERALS FOR MELBOURNE CITY; THE GREENS; TEAM KOUTA; TEAM WOOD; TEAM NICK REECE; TEAM MORGAN MAKE MELBOURNE SAFE; INNOVATE MELBOURNE; LABOR FOR MELBOURNE,9,8961,136502,89606,2139,91745,67.21,3457,1,final,,,"LIU, Gladys",TEAM KOUTA,Elected,True,4,8961,Melbourne,VICL24-melbourne-councillors,official,Nine councillors are elected citywide by proportional representation. First preferences include above-the-line ticket votes allocated in the official count.
Melbourne — Councillors,Melbourne,Councillors,https://www.vec.vic.gov.au/results/council-election-results/2024-council-election-results/melbourne-city-council,https://itsitecoreblobvecprd01.blob.core.windows.net/public-files/Council/Reports/Melbourne2024Distribution.xls,"LOUEY, Kevin; GUEST, Owen; BALL, Olivia; LIU, Gladys; LIU, Philip Le; SCOTT, Mark; CAMILLO, Rafael; ROWSE, Andrew; GRIFFITHS, Davydd",TEAM NICK REECE; LIBERALS FOR MELBOURNE CITY; THE GREENS; TEAM KOUTA; TEAM WOOD; TEAM NICK REECE; TEAM MORGAN MAKE MELBOURNE SAFE; INNOVATE MELBOURNE; LABOR FOR MELBOURNE,"LOUEY, Kevin; GUEST, Owen; BALL, Olivia; LIU, Gladys; LIU, Philip Le; SCOTT, Mark; CAMILLO, Rafael; ROWSE, Andrew; GRIFFITHS, Davydd",TEAM NICK REECE; LIBERALS FOR MELBOURNE CITY; THE GREENS; TEAM KOUTA; TEAM WOOD; TEAM NICK REECE; TEAM MORGAN MAKE MELBOURNE SAFE; INNOVATE MELBOURNE; LABOR FOR MELBOURNE,9,8961,136502,89606,2139,91745,67.21,3457,1,final,,,"RAMANI, Zaim",TEAM KOUTA,,False,,0,Melbourne,VICL24-melbourne-councillors,official,Nine councillors are elected citywide by proportional representation. First preferences include above-the-line ticket votes allocated in the official count.
Melbourne — Councillors,Melbourne,Councillors,https://www.vec.vic.gov.au/results/council-election-results/2024-council-election-results/melbourne-city-council,https://itsitecoreblobvecprd01.blob.core.windows.net/public-files/Council/Reports/Melbourne2024Distribution.xls,"LOUEY, Kevin; GUEST, Owen; BALL, Olivia; LIU, Gladys; LIU, Philip Le; SCOTT, Mark; CAMILLO, Rafael; ROWSE, Andrew; GRIFFITHS, Davydd",TEAM NICK REECE; LIBERALS FOR MELBOURNE CITY; THE GREENS; TEAM KOUTA; TEAM WOOD; TEAM NICK REECE; TEAM MORGAN MAKE MELBOURNE SAFE; INNOVATE MELBOURNE; LABOR FOR MELBOURNE,"LOUEY, Kevin; GUEST, Owen; BALL, Olivia; LIU, Gladys; LIU, Philip Le; SCOTT, Mark; CAMILLO, Rafael; ROWSE, Andrew; GRIFFITHS, Davydd",TEAM NICK REECE; LIBERALS FOR MELBOURNE CITY; THE GREENS; TEAM KOUTA; TEAM WOOD; TEAM NICK REECE; TEAM MORGAN MAKE MELBOURNE SAFE; INNOVATE MELBOURNE; LABOR FOR MELBOURNE,9,8961,136502,89606,2139,91745,67.21,3457,1,final,,,"CARNEY, Emma Elizabeth",TEAM KOUTA,,False,,0,Melbourne,VICL24-melbourne-councillors,official,Nine councillors are elected citywide by proportional representation. First preferences include above-the-line ticket votes allocated in the official count.
Melbourne — Councillors,Melbourne,Councillors,https://www.vec.vic.gov.au/results/council-election-results/2024-council-election-results/melbourne-city-council,https://itsitecoreblobvecprd01.blob.core.windows.net/public-files/Council/Reports/Melbourne2024Distribution.xls,"LOUEY, Kevin; GUEST, Owen; BALL, Olivia; LIU, Gladys; LIU, Philip Le; SCOTT, Mark; CAMILLO, Rafael; ROWSE, Andrew; GRIFFITHS, Davydd",TEAM NICK REECE; LIBERALS FOR MELBOURNE CITY; THE GREENS; TEAM KOUTA; TEAM WOOD; TEAM NICK REECE; TEAM MORGAN MAKE MELBOURNE SAFE; INNOVATE MELBOURNE; LABOR FOR MELBOURNE,"LOUEY, Kevin; GUEST, Owen; BALL, Olivia; LIU, Gladys; LIU, Philip Le; SCOTT, Mark; CAMILLO, Rafael; ROWSE, Andrew; GRIFFITHS, Davydd",TEAM NICK REECE; LIBERALS FOR MELBOURNE CITY; THE GREENS; TEAM KOUTA; TEAM WOOD; TEAM NICK REECE; TEAM MORGAN MAKE MELBOURNE SAFE; INNOVATE MELBOURNE; LABOR FOR MELBOURNE,9,8961,136502,89606,2139,91745,67.21,3457,1,final,,,"TJANDRAMULIA, Olivia",TEAM KOUTA,,False,,0,Melbourne,VICL24-melbourne-councillors,official,Nine councillors are elected citywide by proportional representation. First preferences include above-the-line ticket votes allocated in the official count.
Melbourne — Councillors,Melbourne,Councillors,https://www.vec.vic.gov.au/results/council-election-results/2024-council-election-results/melbourne-city-council,https://itsitecoreblobvecprd01.blob.core.windows.net/public-files/Council/Reports/Melbourne2024Distribution.xls,"LOUEY, Kevin; GUEST, Owen; BALL, Olivia; LIU, Gladys; LIU, Philip Le; SCOTT, Mark; CAMILLO, Rafael; ROWSE, Andrew; GRIFFITHS, Davydd",TEAM NICK REECE; LIBERALS FOR MELBOURNE CITY; THE GREENS; TEAM KOUTA; TEAM WOOD; TEAM NICK REECE; TEAM MORGAN MAKE MELBOURNE SAFE; INNOVATE MELBOURNE; LABOR FOR MELBOURNE,"LOUEY, Kevin; GUEST, Owen; BALL, Olivia; LIU, Gladys; LIU, Philip Le; SCOTT, Mark; CAMILLO, Rafael; ROWSE, Andrew; GRIFFITHS, Davydd",TEAM NICK REECE; LIBERALS FOR MELBOURNE CITY; THE GREENS; TEAM KOUTA; TEAM WOOD; TEAM NICK REECE; TEAM MORGAN MAKE MELBOURNE SAFE; INNOVATE MELBOURNE; LABOR FOR MELBOURNE,9,8961,136502,89606,2139,91745,67.21,3457,1,final,,,"GEE, Sandra",RIP UP THE BIKE LANES!,,False,,0,Melbourne,VICL24-melbourne-councillors,official,Nine councillors are elected citywide by proportional representation. First preferences include above-the-line ticket votes allocated in the official count.
Melbourne — Councillors,Melbourne,Councillors,https://www.vec.vic.gov.au/results/council-election-results/2024-council-election-results/melbourne-city-council,https://itsitecoreblobvecprd01.blob.core.windows.net/public-files/Council/Reports/Melbourne2024Distribution.xls,"LOUEY, Kevin; GUEST, Owen; BALL, Olivia; LIU, Gladys; LIU, Philip Le; SCOTT, Mark; CAMILLO, Rafael; ROWSE, Andrew; GRIFFITHS, Davydd",TEAM NICK REECE; LIBERALS FOR MELBOURNE CITY; THE GREENS; TEAM KOUTA; TEAM WOOD; TEAM NICK REECE; TEAM MORGAN MAKE MELBOURNE SAFE; INNOVATE MELBOURNE; LABOR FOR MELBOURNE,"LOUEY, Kevin; GUEST, Owen; BALL, Olivia; LIU, Gladys; LIU, Philip Le; SCOTT, Mark; CAMILLO, Rafael; ROWSE, Andrew; GRIFFITHS, Davydd",TEAM NICK REECE; LIBERALS FOR MELBOURNE CITY; THE GREENS; TEAM KOUTA; TEAM WOOD; TEAM NICK REECE; TEAM MORGAN MAKE MELBOURNE SAFE; INNOVATE MELBOURNE; LABOR FOR MELBOURNE,9,8961,136502,89606,2139,91745,67.21,3457,1,final,,,"SINGH, Pratap",RIP UP THE BIKE LANES!,,False,,0,Melbourne,VICL24-melbourne-councillors,official,Nine councillors are elected citywide by proportional representation. First preferences include above-the-line ticket votes allocated in the official count.
Melbourne — Councillors,Melbourne,Councillors,https://www.vec.vic.gov.au/results/council-election-results/2024-council-election-results/melbourne-city-council,https://itsitecoreblobvecprd01.blob.core.windows.net/public-files/Council/Reports/Melbourne2024Distribution.xls,"LOUEY, Kevin; GUEST, Owen; BALL, Olivia; LIU, Gladys; LIU, Philip Le; SCOTT, Mark; CAMILLO, Rafael; ROWSE, Andrew; GRIFFITHS, Davydd",TEAM NICK REECE; LIBERALS FOR MELBOURNE CITY; THE GREENS; TEAM KOUTA; TEAM WOOD; TEAM NICK REECE; TEAM MORGAN MAKE MELBOURNE SAFE; INNOVATE MELBOURNE; LABOR FOR MELBOURNE,"LOUEY, Kevin; GUEST, Owen; BALL, Olivia; LIU, Gladys; LIU, Philip Le; SCOTT, Mark; CAMILLO, Rafael; ROWSE, Andrew; GRIFFITHS, Davydd",TEAM NICK REECE; LIBERALS FOR MELBOURNE CITY; THE GREENS; TEAM KOUTA; TEAM WOOD; TEAM NICK REECE; TEAM MORGAN MAKE MELBOURNE SAFE; INNOVATE MELBOURNE; LABOR FOR MELBOURNE,9,8961,136502,89606,2139,91745,67.21,3457,1,final,,,"SAITO, Asako",TEAM PARTICIPATE,,False,,0,Melbourne,VICL24-melbourne-councillors,official,Nine councillors are elected citywide by proportional representation. First preferences include above-the-line ticket votes allocated in the official count.
Melbourne — Councillors,Melbourne,Councillors,https://www.vec.vic.gov.au/results/council-election-results/2024-council-election-results/melbourne-city-council,https://itsitecoreblobvecprd01.blob.core.windows.net/public-files/Council/Reports/Melbourne2024Distribution.xls,"LOUEY, Kevin; GUEST, Owen; BALL, Olivia; LIU, Gladys; LIU, Philip Le; SCOTT, Mark; CAMILLO, Rafael; ROWSE, Andrew; GRIFFITHS, Davydd",TEAM NICK REECE; LIBERALS FOR MELBOURNE CITY; THE GREENS; TEAM KOUTA; TEAM WOOD; TEAM NICK REECE; TEAM MORGAN MAKE MELBOURNE SAFE; INNOVATE MELBOURNE; LABOR FOR MELBOURNE,"LOUEY, Kevin; GUEST, Owen; BALL, Olivia; LIU, Gladys; LIU, Philip Le; SCOTT, Mark; CAMILLO, Rafael; ROWSE, Andrew; GRIFFITHS, Davydd",TEAM NICK REECE; LIBERALS FOR MELBOURNE CITY; THE GREENS; TEAM KOUTA; TEAM WOOD; TEAM NICK REECE; TEAM MORGAN MAKE MELBOURNE SAFE; INNOVATE MELBOURNE; LABOR FOR MELBOURNE,9,8961,136502,89606,2139,91745,67.21,3457,1,final,,,"JANDA, Sam",TEAM PARTICIPATE,,False,,0,Melbourne,VICL24-melbourne-councillors,official,Nine councillors are elected citywide by proportional representation. First preferences include above-the-line ticket votes allocated in the official count.
Melbourne — Councillors,Melbourne,Councillors,https://www.vec.vic.gov.au/results/council-election-results/2024-council-election-results/melbourne-city-council,https://itsitecoreblobvecprd01.blob.core.windows.net/public-files/Council/Reports/Melbourne2024Distribution.xls,"LOUEY, Kevin; GUEST, Owen; BALL, Olivia; LIU, Gladys; LIU, Philip Le; SCOTT, Mark; CAMILLO, Rafael; ROWSE, Andrew; GRIFFITHS, Davydd",TEAM NICK REECE; LIBERALS FOR MELBOURNE CITY; THE GREENS; TEAM KOUTA; TEAM WOOD; TEAM NICK REECE; TEAM MORGAN MAKE MELBOURNE SAFE; INNOVATE MELBOURNE; LABOR FOR MELBOURNE,"LOUEY, Kevin; GUEST, Owen; BALL, Olivia; LIU, Gladys; LIU, Philip Le; SCOTT, Mark; CAMILLO, Rafael; ROWSE, Andrew; GRIFFITHS, Davydd",TEAM NICK REECE; LIBERALS FOR MELBOURNE CITY; THE GREENS; TEAM KOUTA; TEAM WOOD; TEAM NICK REECE; TEAM MORGAN MAKE MELBOURNE SAFE; INNOVATE MELBOURNE; LABOR FOR MELBOURNE,9,8961,136502,89606,2139,91745,67.21,3457,1,final,,,"KATYAL, Aashna",ANIMAL JUSTICE PARTY,,False,,0,Melbourne,VICL24-melbourne-councillors,official,Nine councillors are elected citywide by proportional representation. First preferences include above-the-line ticket votes allocated in the official count.
Melbourne — Councillors,Melbourne,Councillors,https://www.vec.vic.gov.au/results/council-election-results/2024-council-election-results/melbourne-city-council,https://itsitecoreblobvecprd01.blob.core.windows.net/public-files/Council/Reports/Melbourne2024Distribution.xls,"LOUEY, Kevin; GUEST, Owen; BALL, Olivia; LIU, Gladys; LIU, Philip Le; SCOTT, Mark; CAMILLO, Rafael; ROWSE, Andrew; GRIFFITHS, Davydd",TEAM NICK REECE; LIBERALS FOR MELBOURNE CITY; THE GREENS; TEAM KOUTA; TEAM WOOD; TEAM NICK REECE; TEAM MORGAN MAKE MELBOURNE SAFE; INNOVATE MELBOURNE; LABOR FOR MELBOURNE,"LOUEY, Kevin; GUEST, Owen; BALL, Olivia; LIU, Gladys; LIU, Philip Le; SCOTT, Mark; CAMILLO, Rafael; ROWSE, Andrew; GRIFFITHS, Davydd",TEAM NICK REECE; LIBERALS FOR MELBOURNE CITY; THE GREENS; TEAM KOUTA; TEAM WOOD; TEAM NICK REECE; TEAM MORGAN MAKE MELBOURNE SAFE; INNOVATE MELBOURNE; LABOR FOR MELBOURNE,9,8961,136502,89606,2139,91745,67.21,3457,1,final,,,"BANGAAR, Rabin",ANIMAL JUSTICE PARTY,,False,,0,Melbourne,VICL24-melbourne-councillors,official,Nine councillors are elected citywide by proportional representation. First preferences include above-the-line ticket votes allocated in the official count.
Melbourne — Councillors,Melbourne,Councillors,https://www.vec.vic.gov.au/results/council-election-results/2024-council-election-results/melbourne-city-council,https://itsitecoreblobvecprd01.blob.core.windows.net/public-files/Council/Reports/Melbourne2024Distribution.xls,"LOUEY, Kevin; GUEST, Owen; BALL, Olivia; LIU, Gladys; LIU, Philip Le; SCOTT, Mark; CAMILLO, Rafael; ROWSE, Andrew; GRIFFITHS, Davydd",TEAM NICK REECE; LIBERALS FOR MELBOURNE CITY; THE GREENS; TEAM KOUTA; TEAM WOOD; TEAM NICK REECE; TEAM MORGAN MAKE MELBOURNE SAFE; INNOVATE MELBOURNE; LABOR FOR MELBOURNE,"LOUEY, Kevin; GUEST, Owen; BALL, Olivia; LIU, Gladys; LIU, Philip Le; SCOTT, Mark; CAMILLO, Rafael; ROWSE, Andrew; GRIFFITHS, Davydd",TEAM NICK REECE; LIBERALS FOR MELBOURNE CITY; THE GREENS; TEAM KOUTA; TEAM WOOD; TEAM NICK REECE; TEAM MORGAN MAKE MELBOURNE SAFE; INNOVATE MELBOURNE; LABOR FOR MELBOURNE,9,8961,136502,89606,2139,91745,67.21,3457,1,final,,,"ROWSE, Andrew",INNOVATE MELBOURNE,Elected,True,8,8961,Melbourne,VICL24-melbourne-councillors,official,Nine councillors are elected citywide by proportional representation. First preferences include above-the-line ticket votes allocated in the official count.
Melbourne — Councillors,Melbourne,Councillors,https://www.vec.vic.gov.au/results/council-election-results/2024-council-election-results/melbourne-city-council,https://itsitecoreblobvecprd01.blob.core.windows.net/public-files/Council/Reports/Melbourne2024Distribution.xls,"LOUEY, Kevin; GUEST, Owen; BALL, Olivia; LIU, Gladys; LIU, Philip Le; SCOTT, Mark; CAMILLO, Rafael; ROWSE, Andrew; GRIFFITHS, Davydd",TEAM NICK REECE; LIBERALS FOR MELBOURNE CITY; THE GREENS; TEAM KOUTA; TEAM WOOD; TEAM NICK REECE; TEAM MORGAN MAKE MELBOURNE SAFE; INNOVATE MELBOURNE; LABOR FOR MELBOURNE,"LOUEY, Kevin; GUEST, Owen; BALL, Olivia; LIU, Gladys; LIU, Philip Le; SCOTT, Mark; CAMILLO, Rafael; ROWSE, Andrew; GRIFFITHS, Davydd",TEAM NICK REECE; LIBERALS FOR MELBOURNE CITY; THE GREENS; TEAM KOUTA; TEAM WOOD; TEAM NICK REECE; TEAM MORGAN MAKE MELBOURNE SAFE; INNOVATE MELBOURNE; LABOR FOR MELBOURNE,9,8961,136502,89606,2139,91745,67.21,3457,1,final,,,"GREENWOOD, Jesse",INNOVATE MELBOURNE,,False,,0,Melbourne,VICL24-melbourne-councillors,official,Nine councillors are elected citywide by proportional representation. First preferences include above-the-line ticket votes allocated in the official count.
Melbourne — Councillors,Melbourne,Councillors,https://www.vec.vic.gov.au/results/council-election-results/2024-council-election-results/melbourne-city-council,https://itsitecoreblobvecprd01.blob.core.windows.net/public-files/Council/Reports/Melbourne2024Distribution.xls,"LOUEY, Kevin; GUEST, Owen; BALL, Olivia; LIU, Gladys; LIU, Philip Le; SCOTT, Mark; CAMILLO, Rafael; ROWSE, Andrew; GRIFFITHS, Davydd",TEAM NICK REECE; LIBERALS FOR MELBOURNE CITY; THE GREENS; TEAM KOUTA; TEAM WOOD; TEAM NICK REECE; TEAM MORGAN MAKE MELBOURNE SAFE; INNOVATE MELBOURNE; LABOR FOR MELBOURNE,"LOUEY, Kevin; GUEST, Owen; BALL, Olivia; LIU, Gladys; LIU, Philip Le; SCOTT, Mark; CAMILLO, Rafael; ROWSE, Andrew; GRIFFITHS, Davydd",TEAM NICK REECE; LIBERALS FOR MELBOURNE CITY; THE GREENS; TEAM KOUTA; TEAM WOOD; TEAM NICK REECE; TEAM MORGAN MAKE MELBOURNE SAFE; INNOVATE MELBOURNE; LABOR FOR MELBOURNE,9,8961,136502,89606,2139,91745,67.21,3457,1,final,,,"GUEST, Owen",LIBERALS FOR MELBOURNE CITY,Elected,True,2,8961,Melbourne,VICL24-melbourne-councillors,official,Nine councillors are elected citywide by proportional representation. First preferences include above-the-line ticket votes allocated in the official count.
Melbourne — Councillors,Melbourne,Councillors,https://www.vec.vic.gov.au/results/council-election-results/2024-council-election-results/melbourne-city-council,https://itsitecoreblobvecprd01.blob.core.windows.net/public-files/Council/Reports/Melbourne2024Distribution.xls,"LOUEY, Kevin; GUEST, Owen; BALL, Olivia; LIU, Gladys; LIU, Philip Le; SCOTT, Mark; CAMILLO, Rafael; ROWSE, Andrew; GRIFFITHS, Davydd",TEAM NICK REECE; LIBERALS FOR MELBOURNE CITY; THE GREENS; TEAM KOUTA; TEAM WOOD; TEAM NICK REECE; TEAM MORGAN MAKE MELBOURNE SAFE; INNOVATE MELBOURNE; LABOR FOR MELBOURNE,"LOUEY, Kevin; GUEST, Owen; BALL, Olivia; LIU, Gladys; LIU, Philip Le; SCOTT, Mark; CAMILLO, Rafael; ROWSE, Andrew; GRIFFITHS, Davydd",TEAM NICK REECE; LIBERALS FOR MELBOURNE CITY; THE GREENS; TEAM KOUTA; TEAM WOOD; TEAM NICK REECE; TEAM MORGAN MAKE MELBOURNE SAFE; INNOVATE MELBOURNE; LABOR FOR MELBOURNE,9,8961,136502,89606,2139,91745,67.21,3457,1,final,,,"LISTON, You Li",LIBERALS FOR MELBOURNE CITY,,False,,982,Melbourne,VICL24-melbourne-councillors,official,Nine councillors are elected citywide by proportional representation. First preferences include above-the-line ticket votes allocated in the official count.
Melbourne — Councillors,Melbourne,Councillors,https://www.vec.vic.gov.au/results/council-election-results/2024-council-election-results/melbourne-city-council,https://itsitecoreblobvecprd01.blob.core.windows.net/public-files/Council/Reports/Melbourne2024Distribution.xls,"LOUEY, Kevin; GUEST, Owen; BALL, Olivia; LIU, Gladys; LIU, Philip Le; SCOTT, Mark; CAMILLO, Rafael; ROWSE, Andrew; GRIFFITHS, Davydd",TEAM NICK REECE; LIBERALS FOR MELBOURNE CITY; THE GREENS; TEAM KOUTA; TEAM WOOD; TEAM NICK REECE; TEAM MORGAN MAKE MELBOURNE SAFE; INNOVATE MELBOURNE; LABOR FOR MELBOURNE,"LOUEY, Kevin; GUEST, Owen; BALL, Olivia; LIU, Gladys; LIU, Philip Le; SCOTT, Mark; CAMILLO, Rafael; ROWSE, Andrew; GRIFFITHS, Davydd",TEAM NICK REECE; LIBERALS FOR MELBOURNE CITY; THE GREENS; TEAM KOUTA; TEAM WOOD; TEAM NICK REECE; TEAM MORGAN MAKE MELBOURNE SAFE; INNOVATE MELBOURNE; LABOR FOR MELBOURNE,9,8961,136502,89606,2139,91745,67.21,3457,1,final,,,"GRIFFITHS, Davydd",LABOR FOR MELBOURNE,Elected,True,9,11318,Melbourne,VICL24-melbourne-councillors,official,Nine councillors are elected citywide by proportional representation. First preferences include above-the-line ticket votes allocated in the official count.
Melbourne — Councillors,Melbourne,Councillors,https://www.vec.vic.gov.au/results/council-election-results/2024-council-election-results/melbourne-city-council,https://itsitecoreblobvecprd01.blob.core.windows.net/public-files/Council/Reports/Melbourne2024Distribution.xls,"LOUEY, Kevin; GUEST, Owen; BALL, Olivia; LIU, Gladys; LIU, Philip Le; SCOTT, Mark; CAMILLO, Rafael; ROWSE, Andrew; GRIFFITHS, Davydd",TEAM NICK REECE; LIBERALS FOR MELBOURNE CITY; THE GREENS; TEAM KOUTA; TEAM WOOD; TEAM NICK REECE; TEAM MORGAN MAKE MELBOURNE SAFE; INNOVATE MELBOURNE; LABOR FOR MELBOURNE,"LOUEY, Kevin; GUEST, Owen; BALL, Olivia; LIU, Gladys; LIU, Philip Le; SCOTT, Mark; CAMILLO, Rafael; ROWSE, Andrew; GRIFFITHS, Davydd",TEAM NICK REECE; LIBERALS FOR MELBOURNE CITY; THE GREENS; TEAM KOUTA; TEAM WOOD; TEAM NICK REECE; TEAM MORGAN MAKE MELBOURNE SAFE; INNOVATE MELBOURNE; LABOR FOR MELBOURNE,9,8961,136502,89606,2139,91745,67.21,3457,1,final,,,"SHEIKH, Sainab Abdi",LABOR FOR MELBOURNE,,False,,0,Melbourne,VICL24-melbourne-councillors,official,Nine councillors are elected citywide by proportional representation. First preferences include above-the-line ticket votes allocated in the official count.
Melbourne — Councillors,Melbourne,Councillors,https://www.vec.vic.gov.au/results/council-election-results/2024-council-election-results/melbourne-city-council,https://itsitecoreblobvecprd01.blob.core.windows.net/public-files/Council/Reports/Melbourne2024Distribution.xls,"LOUEY, Kevin; GUEST, Owen; BALL, Olivia; LIU, Gladys; LIU, Philip Le; SCOTT, Mark; CAMILLO, Rafael; ROWSE, Andrew; GRIFFITHS, Davydd",TEAM NICK REECE; LIBERALS FOR MELBOURNE CITY; THE GREENS; TEAM KOUTA; TEAM WOOD; TEAM NICK REECE; TEAM MORGAN MAKE MELBOURNE SAFE; INNOVATE MELBOURNE; LABOR FOR MELBOURNE,"LOUEY, Kevin; GUEST, Owen; BALL, Olivia; LIU, Gladys; LIU, Philip Le; SCOTT, Mark; CAMILLO, Rafael; ROWSE, Andrew; GRIFFITHS, Davydd",TEAM NICK REECE; LIBERALS FOR MELBOURNE CITY; THE GREENS; TEAM KOUTA; TEAM WOOD; TEAM NICK REECE; TEAM MORGAN MAKE MELBOURNE SAFE; INNOVATE MELBOURNE; LABOR FOR MELBOURNE,9,8961,136502,89606,2139,91745,67.21,3457,1,final,,,"ALEISI, Michael",LABOR FOR MELBOURNE,,False,,0,Melbourne,VICL24-melbourne-councillors,official,Nine councillors are elected citywide by proportional representation. First preferences include above-the-line ticket votes allocated in the official count.
Melbourne — Councillors,Melbourne,Councillors,https://www.vec.vic.gov.au/results/council-election-results/2024-council-election-results/melbourne-city-council,https://itsitecoreblobvecprd01.blob.core.windows.net/public-files/Council/Reports/Melbourne2024Distribution.xls,"LOUEY, Kevin; GUEST, Owen; BALL, Olivia; LIU, Gladys; LIU, Philip Le; SCOTT, Mark; CAMILLO, Rafael; ROWSE, Andrew; GRIFFITHS, Davydd",TEAM NICK REECE; LIBERALS FOR MELBOURNE CITY; THE GREENS; TEAM KOUTA; TEAM WOOD; TEAM NICK REECE; TEAM MORGAN MAKE MELBOURNE SAFE; INNOVATE MELBOURNE; LABOR FOR MELBOURNE,"LOUEY, Kevin; GUEST, Owen; BALL, Olivia; LIU, Gladys; LIU, Philip Le; SCOTT, Mark; CAMILLO, Rafael; ROWSE, Andrew; GRIFFITHS, Davydd",TEAM NICK REECE; LIBERALS FOR MELBOURNE CITY; THE GREENS; TEAM KOUTA; TEAM WOOD; TEAM NICK REECE; TEAM MORGAN MAKE MELBOURNE SAFE; INNOVATE MELBOURNE; LABOR FOR MELBOURNE,9,8961,136502,89606,2139,91745,67.21,3457,1,final,,,"MITCHELL, Krystle",YOUR VOICE MATTERS TO ME,,False,,0,Melbourne,VICL24-melbourne-councillors,official,Nine councillors are elected citywide by proportional representation. First preferences include above-the-line ticket votes allocated in the official count.
Melbourne — Councillors,Melbourne,Councillors,https://www.vec.vic.gov.au/results/council-election-results/2024-council-election-results/melbourne-city-council,https://itsitecoreblobvecprd01.blob.core.windows.net/public-files/Council/Reports/Melbourne2024Distribution.xls,"LOUEY, Kevin; GUEST, Owen; BALL, Olivia; LIU, Gladys; LIU, Philip Le; SCOTT, Mark; CAMILLO, Rafael; ROWSE, Andrew; GRIFFITHS, Davydd",TEAM NICK REECE; LIBERALS FOR MELBOURNE CITY; THE GREENS; TEAM KOUTA; TEAM WOOD; TEAM NICK REECE; TEAM MORGAN MAKE MELBOURNE SAFE; INNOVATE MELBOURNE; LABOR FOR MELBOURNE,"LOUEY, Kevin; GUEST, Owen; BALL, Olivia; LIU, Gladys; LIU, Philip Le; SCOTT, Mark; CAMILLO, Rafael; ROWSE, Andrew; GRIFFITHS, Davydd",TEAM NICK REECE; LIBERALS FOR MELBOURNE CITY; THE GREENS; TEAM KOUTA; TEAM WOOD; TEAM NICK REECE; TEAM MORGAN MAKE MELBOURNE SAFE; INNOVATE MELBOURNE; LABOR FOR MELBOURNE,9,8961,136502,89606,2139,91745,67.21,3457,1,final,,,"DURBIN, Jayden",YOUR VOICE MATTERS TO ME,,False,,0,Melbourne,VICL24-melbourne-councillors,official,Nine councillors are elected citywide by proportional representation. First preferences include above-the-line ticket votes allocated in the official count.
Melbourne — Councillors,Melbourne,Councillors,https://www.vec.vic.gov.au/results/council-election-results/2024-council-election-results/melbourne-city-council,https://itsitecoreblobvecprd01.blob.core.windows.net/public-files/Council/Reports/Melbourne2024Distribution.xls,"LOUEY, Kevin; GUEST, Owen; BALL, Olivia; LIU, Gladys; LIU, Philip Le; SCOTT, Mark; CAMILLO, Rafael; ROWSE, Andrew; GRIFFITHS, Davydd",TEAM NICK REECE; LIBERALS FOR MELBOURNE CITY; THE GREENS; TEAM KOUTA; TEAM WOOD; TEAM NICK REECE; TEAM MORGAN MAKE MELBOURNE SAFE; INNOVATE MELBOURNE; LABOR FOR MELBOURNE,"LOUEY, Kevin; GUEST, Owen; BALL, Olivia; LIU, Gladys; LIU, Philip Le; SCOTT, Mark; CAMILLO, Rafael; ROWSE, Andrew; GRIFFITHS, Davydd",TEAM NICK REECE; LIBERALS FOR MELBOURNE CITY; THE GREENS; TEAM KOUTA; TEAM WOOD; TEAM NICK REECE; TEAM MORGAN MAKE MELBOURNE SAFE; INNOVATE MELBOURNE; LABOR FOR MELBOURNE,9,8961,136502,89606,2139,91745,67.21,3457,1,final,,,"BALL, Olivia",THE GREENS,Elected,True,3,8961,Melbourne,VICL24-melbourne-councillors,official,Nine councillors are elected citywide by proportional representation. First preferences include above-the-line ticket votes allocated in the official count.
Melbourne — Councillors,Melbourne,Councillors,https://www.vec.vic.gov.au/results/council-election-results/2024-council-election-results/melbourne-city-council,https://itsitecoreblobvecprd01.blob.core.windows.net/public-files/Council/Reports/Melbourne2024Distribution.xls,"LOUEY, Kevin; GUEST, Owen; BALL, Olivia; LIU, Gladys; LIU, Philip Le; SCOTT, Mark; CAMILLO, Rafael; ROWSE, Andrew; GRIFFITHS, Davydd",TEAM NICK REECE; LIBERALS FOR MELBOURNE CITY; THE GREENS; TEAM KOUTA; TEAM WOOD; TEAM NICK REECE; TEAM MORGAN MAKE MELBOURNE SAFE; INNOVATE MELBOURNE; LABOR FOR MELBOURNE,"LOUEY, Kevin; GUEST, Owen; BALL, Olivia; LIU, Gladys; LIU, Philip Le; SCOTT, Mark; CAMILLO, Rafael; ROWSE, Andrew; GRIFFITHS, Davydd",TEAM NICK REECE; LIBERALS FOR MELBOURNE CITY; THE GREENS; TEAM KOUTA; TEAM WOOD; TEAM NICK REECE; TEAM MORGAN MAKE MELBOURNE SAFE; INNOVATE MELBOURNE; LABOR FOR MELBOURNE,9,8961,136502,89606,2139,91745,67.21,3457,1,final,,,"MOON, Aaron",THE GREENS,,False,,5504,Melbourne,VICL24-melbourne-councillors,official,Nine councillors are elected citywide by proportional representation. First preferences include above-the-line ticket votes allocated in the official count.
Melbourne — Councillors,Melbourne,Councillors,https://www.vec.vic.gov.au/results/council-election-results/2024-council-election-results/melbourne-city-council,https://itsitecoreblobvecprd01.blob.core.windows.net/public-files/Council/Reports/Melbourne2024Distribution.xls,"LOUEY, Kevin; GUEST, Owen; BALL, Olivia; LIU, Gladys; LIU, Philip Le; SCOTT, Mark; CAMILLO, Rafael; ROWSE, Andrew; GRIFFITHS, Davydd",TEAM NICK REECE; LIBERALS FOR MELBOURNE CITY; THE GREENS; TEAM KOUTA; TEAM WOOD; TEAM NICK REECE; TEAM MORGAN MAKE MELBOURNE SAFE; INNOVATE MELBOURNE; LABOR FOR MELBOURNE,"LOUEY, Kevin; GUEST, Owen; BALL, Olivia; LIU, Gladys; LIU, Philip Le; SCOTT, Mark; CAMILLO, Rafael; ROWSE, Andrew; GRIFFITHS, Davydd",TEAM NICK REECE; LIBERALS FOR MELBOURNE CITY; THE GREENS; TEAM KOUTA; TEAM WOOD; TEAM NICK REECE; TEAM MORGAN MAKE MELBOURNE SAFE; INNOVATE MELBOURNE; LABOR FOR MELBOURNE,9,8961,136502,89606,2139,91745,67.21,3457,1,final,,,"BERIH, Barry",THE GREENS,,False,,0,Melbourne,VICL24-melbourne-councillors,official,Nine councillors are elected citywide by proportional representation. First preferences include above-the-line ticket votes allocated in the official count.
Melbourne — Councillors,Melbourne,Councillors,https://www.vec.vic.gov.au/results/council-election-results/2024-council-election-results/melbourne-city-council,https://itsitecoreblobvecprd01.blob.core.windows.net/public-files/Council/Reports/Melbourne2024Distribution.xls,"LOUEY, Kevin; GUEST, Owen; BALL, Olivia; LIU, Gladys; LIU, Philip Le; SCOTT, Mark; CAMILLO, Rafael; ROWSE, Andrew; GRIFFITHS, Davydd",TEAM NICK REECE; LIBERALS FOR MELBOURNE CITY; THE GREENS; TEAM KOUTA; TEAM WOOD; TEAM NICK REECE; TEAM MORGAN MAKE MELBOURNE SAFE; INNOVATE MELBOURNE; LABOR FOR MELBOURNE,"LOUEY, Kevin; GUEST, Owen; BALL, Olivia; LIU, Gladys; LIU, Philip Le; SCOTT, Mark; CAMILLO, Rafael; ROWSE, Andrew; GRIFFITHS, Davydd",TEAM NICK REECE; LIBERALS FOR MELBOURNE CITY; THE GREENS; TEAM KOUTA; TEAM WOOD; TEAM NICK REECE; TEAM MORGAN MAKE MELBOURNE SAFE; INNOVATE MELBOURNE; LABOR FOR MELBOURNE,9,8961,136502,89606,2139,91745,67.21,3457,1,final,,,"MARTIN, Elvis",TEAM ELVIS MARTIN,,False,,0,Melbourne,VICL24-melbourne-councillors,official,Nine councillors are elected citywide by proportional representation. First preferences include above-the-line ticket votes allocated in the official count.
Melbourne — Councillors,Melbourne,Councillors,https://www.vec.vic.gov.au/results/council-election-results/2024-council-election-results/melbourne-city-council,https://itsitecoreblobvecprd01.blob.core.windows.net/public-files/Council/Reports/Melbourne2024Distribution.xls,"LOUEY, Kevin; GUEST, Owen; BALL, Olivia; LIU, Gladys; LIU, Philip Le; SCOTT, Mark; CAMILLO, Rafael; ROWSE, Andrew; GRIFFITHS, Davydd",TEAM NICK REECE; LIBERALS FOR MELBOURNE CITY; THE GREENS; TEAM KOUTA; TEAM WOOD; TEAM NICK REECE; TEAM MORGAN MAKE MELBOURNE SAFE; INNOVATE MELBOURNE; LABOR FOR MELBOURNE,"LOUEY, Kevin; GUEST, Owen; BALL, Olivia; LIU, Gladys; LIU, Philip Le; SCOTT, Mark; CAMILLO, Rafael; ROWSE, Andrew; GRIFFITHS, Davydd",TEAM NICK REECE; LIBERALS FOR MELBOURNE CITY; THE GREENS; TEAM KOUTA; TEAM WOOD; TEAM NICK REECE; TEAM MORGAN MAKE MELBOURNE SAFE; INNOVATE MELBOURNE; LABOR FOR MELBOURNE,9,8961,136502,89606,2139,91745,67.21,3457,1,final,,,"GALBALLY, Sophy",TEAM ELVIS MARTIN,,False,,0,Melbourne,VICL24-melbourne-councillors,official,Nine councillors are elected citywide by proportional representation. First preferences include above-the-line ticket votes allocated in the official count.
Melbourne — Councillors,Melbourne,Councillors,https://www.vec.vic.gov.au/results/council-election-results/2024-council-election-results/melbourne-city-council,https://itsitecoreblobvecprd01.blob.core.windows.net/public-files/Council/Reports/Melbourne2024Distribution.xls,"LOUEY, Kevin; GUEST, Owen; BALL, Olivia; LIU, Gladys; LIU, Philip Le; SCOTT, Mark; CAMILLO, Rafael; ROWSE, Andrew; GRIFFITHS, Davydd",TEAM NICK REECE; LIBERALS FOR MELBOURNE CITY; THE GREENS; TEAM KOUTA; TEAM WOOD; TEAM NICK REECE; TEAM MORGAN MAKE MELBOURNE SAFE; INNOVATE MELBOURNE; LABOR FOR MELBOURNE,"LOUEY, Kevin; GUEST, Owen; BALL, Olivia; LIU, Gladys; LIU, Philip Le; SCOTT, Mark; CAMILLO, Rafael; ROWSE, Andrew; GRIFFITHS, Davydd",TEAM NICK REECE; LIBERALS FOR MELBOURNE CITY; THE GREENS; TEAM KOUTA; TEAM WOOD; TEAM NICK REECE; TEAM MORGAN MAKE MELBOURNE SAFE; INNOVATE MELBOURNE; LABOR FOR MELBOURNE,9,8961,136502,89606,2139,91745,67.21,3457,1,final,,,"MUJRAL, Mavi",TEAM ELVIS MARTIN,,False,,0,Melbourne,VICL24-melbourne-councillors,official,Nine councillors are elected citywide by proportional representation. First preferences include above-the-line ticket votes allocated in the official count.
Melbourne — Councillors,Melbourne,Councillors,https://www.vec.vic.gov.au/results/council-election-results/2024-council-election-results/melbourne-city-council,https://itsitecoreblobvecprd01.blob.core.windows.net/public-files/Council/Reports/Melbourne2024Distribution.xls,"LOUEY, Kevin; GUEST, Owen; BALL, Olivia; LIU, Gladys; LIU, Philip Le; SCOTT, Mark; CAMILLO, Rafael; ROWSE, Andrew; GRIFFITHS, Davydd",TEAM NICK REECE; LIBERALS FOR MELBOURNE CITY; THE GREENS; TEAM KOUTA; TEAM WOOD; TEAM NICK REECE; TEAM MORGAN MAKE MELBOURNE SAFE; INNOVATE MELBOURNE; LABOR FOR MELBOURNE,"LOUEY, Kevin; GUEST, Owen; BALL, Olivia; LIU, Gladys; LIU, Philip Le; SCOTT, Mark; CAMILLO, Rafael; ROWSE, Andrew; GRIFFITHS, Davydd",TEAM NICK REECE; LIBERALS FOR MELBOURNE CITY; THE GREENS; TEAM KOUTA; TEAM WOOD; TEAM NICK REECE; TEAM MORGAN MAKE MELBOURNE SAFE; INNOVATE MELBOURNE; LABOR FOR MELBOURNE,9,8961,136502,89606,2139,91745,67.21,3457,1,final,,,"LIN, Jing",TEAM ELVIS MARTIN,,False,,0,Melbourne,VICL24-melbourne-councillors,official,Nine councillors are elected citywide by proportional representation. First preferences include above-the-line ticket votes allocated in the official count.
Melbourne — Councillors,Melbourne,Councillors,https://www.vec.vic.gov.au/results/council-election-results/2024-council-election-results/melbourne-city-council,https://itsitecoreblobvecprd01.blob.core.windows.net/public-files/Council/Reports/Melbourne2024Distribution.xls,"LOUEY, Kevin; GUEST, Owen; BALL, Olivia; LIU, Gladys; LIU, Philip Le; SCOTT, Mark; CAMILLO, Rafael; ROWSE, Andrew; GRIFFITHS, Davydd",TEAM NICK REECE; LIBERALS FOR MELBOURNE CITY; THE GREENS; TEAM KOUTA; TEAM WOOD; TEAM NICK REECE; TEAM MORGAN MAKE MELBOURNE SAFE; INNOVATE MELBOURNE; LABOR FOR MELBOURNE,"LOUEY, Kevin; GUEST, Owen; BALL, Olivia; LIU, Gladys; LIU, Philip Le; SCOTT, Mark; CAMILLO, Rafael; ROWSE, Andrew; GRIFFITHS, Davydd",TEAM NICK REECE; LIBERALS FOR MELBOURNE CITY; THE GREENS; TEAM KOUTA; TEAM WOOD; TEAM NICK REECE; TEAM MORGAN MAKE MELBOURNE SAFE; INNOVATE MELBOURNE; LABOR FOR MELBOURNE,9,8961,136502,89606,2139,91745,67.21,3457,1,final,,,"MOORE, Paul James",TEAM ELVIS MARTIN,,False,,0,Melbourne,VICL24-melbourne-councillors,official,Nine councillors are elected citywide by proportional representation. First preferences include above-the-line ticket votes allocated in the official count.
Melbourne — Councillors,Melbourne,Councillors,https://www.vec.vic.gov.au/results/council-election-results/2024-council-election-results/melbourne-city-council,https://itsitecoreblobvecprd01.blob.core.windows.net/public-files/Council/Reports/Melbourne2024Distribution.xls,"LOUEY, Kevin; GUEST, Owen; BALL, Olivia; LIU, Gladys; LIU, Philip Le; SCOTT, Mark; CAMILLO, Rafael; ROWSE, Andrew; GRIFFITHS, Davydd",TEAM NICK REECE; LIBERALS FOR MELBOURNE CITY; THE GREENS; TEAM KOUTA; TEAM WOOD; TEAM NICK REECE; TEAM MORGAN MAKE MELBOURNE SAFE; INNOVATE MELBOURNE; LABOR FOR MELBOURNE,"LOUEY, Kevin; GUEST, Owen; BALL, Olivia; LIU, Gladys; LIU, Philip Le; SCOTT, Mark; CAMILLO, Rafael; ROWSE, Andrew; GRIFFITHS, Davydd",TEAM NICK REECE; LIBERALS FOR MELBOURNE CITY; THE GREENS; TEAM KOUTA; TEAM WOOD; TEAM NICK REECE; TEAM MORGAN MAKE MELBOURNE SAFE; INNOVATE MELBOURNE; LABOR FOR MELBOURNE,9,8961,136502,89606,2139,91745,67.21,3457,1,final,,,"RYMER, Melissa",TEAM ELVIS MARTIN,,False,,0,Melbourne,VICL24-melbourne-councillors,official,Nine councillors are elected citywide by proportional representation. First preferences include above-the-line ticket votes allocated in the official count.
Melbourne — Councillors,Melbourne,Councillors,https://www.vec.vic.gov.au/results/council-election-results/2024-council-election-results/melbourne-city-council,https://itsitecoreblobvecprd01.blob.core.windows.net/public-files/Council/Reports/Melbourne2024Distribution.xls,"LOUEY, Kevin; GUEST, Owen; BALL, Olivia; LIU, Gladys; LIU, Philip Le; SCOTT, Mark; CAMILLO, Rafael; ROWSE, Andrew; GRIFFITHS, Davydd",TEAM NICK REECE; LIBERALS FOR MELBOURNE CITY; THE GREENS; TEAM KOUTA; TEAM WOOD; TEAM NICK REECE; TEAM MORGAN MAKE MELBOURNE SAFE; INNOVATE MELBOURNE; LABOR FOR MELBOURNE,"LOUEY, Kevin; GUEST, Owen; BALL, Olivia; LIU, Gladys; LIU, Philip Le; SCOTT, Mark; CAMILLO, Rafael; ROWSE, Andrew; GRIFFITHS, Davydd",TEAM NICK REECE; LIBERALS FOR MELBOURNE CITY; THE GREENS; TEAM KOUTA; TEAM WOOD; TEAM NICK REECE; TEAM MORGAN MAKE MELBOURNE SAFE; INNOVATE MELBOURNE; LABOR FOR MELBOURNE,9,8961,136502,89606,2139,91745,67.21,3457,1,final,,,"CULLEN, James",TEAM ELVIS MARTIN,,False,,0,Melbourne,VICL24-melbourne-councillors,official,Nine councillors are elected citywide by proportional representation. First preferences include above-the-line ticket votes allocated in the official count.
Melbourne — Councillors,Melbourne,Councillors,https://www.vec.vic.gov.au/results/council-election-results/2024-council-election-results/melbourne-city-council,https://itsitecoreblobvecprd01.blob.core.windows.net/public-files/Council/Reports/Melbourne2024Distribution.xls,"LOUEY, Kevin; GUEST, Owen; BALL, Olivia; LIU, Gladys; LIU, Philip Le; SCOTT, Mark; CAMILLO, Rafael; ROWSE, Andrew; GRIFFITHS, Davydd",TEAM NICK REECE; LIBERALS FOR MELBOURNE CITY; THE GREENS; TEAM KOUTA; TEAM WOOD; TEAM NICK REECE; TEAM MORGAN MAKE MELBOURNE SAFE; INNOVATE MELBOURNE; LABOR FOR MELBOURNE,"LOUEY, Kevin; GUEST, Owen; BALL, Olivia; LIU, Gladys; LIU, Philip Le; SCOTT, Mark; CAMILLO, Rafael; ROWSE, Andrew; GRIFFITHS, Davydd",TEAM NICK REECE; LIBERALS FOR MELBOURNE CITY; THE GREENS; TEAM KOUTA; TEAM WOOD; TEAM NICK REECE; TEAM MORGAN MAKE MELBOURNE SAFE; INNOVATE MELBOURNE; LABOR FOR MELBOURNE,9,8961,136502,89606,2139,91745,67.21,3457,1,final,,,"KENNY-SARASA, Carole",TEAM ELVIS MARTIN,,False,,0,Melbourne,VICL24-melbourne-councillors,official,Nine councillors are elected citywide by proportional representation. First preferences include above-the-line ticket votes allocated in the official count.
Melbourne — Councillors,Melbourne,Councillors,https://www.vec.vic.gov.au/results/council-election-results/2024-council-election-results/melbourne-city-council,https://itsitecoreblobvecprd01.blob.core.windows.net/public-files/Council/Reports/Melbourne2024Distribution.xls,"LOUEY, Kevin; GUEST, Owen; BALL, Olivia; LIU, Gladys; LIU, Philip Le; SCOTT, Mark; CAMILLO, Rafael; ROWSE, Andrew; GRIFFITHS, Davydd",TEAM NICK REECE; LIBERALS FOR MELBOURNE CITY; THE GREENS; TEAM KOUTA; TEAM WOOD; TEAM NICK REECE; TEAM MORGAN MAKE MELBOURNE SAFE; INNOVATE MELBOURNE; LABOR FOR MELBOURNE,"LOUEY, Kevin; GUEST, Owen; BALL, Olivia; LIU, Gladys; LIU, Philip Le; SCOTT, Mark; CAMILLO, Rafael; ROWSE, Andrew; GRIFFITHS, Davydd",TEAM NICK REECE; LIBERALS FOR MELBOURNE CITY; THE GREENS; TEAM KOUTA; TEAM WOOD; TEAM NICK REECE; TEAM MORGAN MAKE MELBOURNE SAFE; INNOVATE MELBOURNE; LABOR FOR MELBOURNE,9,8961,136502,89606,2139,91745,67.21,3457,1,final,,,"LOUEY, Kevin",TEAM NICK REECE,Elected,True,1,8961,Melbourne,VICL24-melbourne-councillors,official,Nine councillors are elected citywide by proportional representation. First preferences include above-the-line ticket votes allocated in the official count.
Melbourne — Councillors,Melbourne,Councillors,https://www.vec.vic.gov.au/results/council-election-results/2024-council-election-results/melbourne-city-council,https://itsitecoreblobvecprd01.blob.core.windows.net/public-files/Council/Reports/Melbourne2024Distribution.xls,"LOUEY, Kevin; GUEST, Owen; BALL, Olivia; LIU, Gladys; LIU, Philip Le; SCOTT, Mark; CAMILLO, Rafael; ROWSE, Andrew; GRIFFITHS, Davydd",TEAM NICK REECE; LIBERALS FOR MELBOURNE CITY; THE GREENS; TEAM KOUTA; TEAM WOOD; TEAM NICK REECE; TEAM MORGAN MAKE MELBOURNE SAFE; INNOVATE MELBOURNE; LABOR FOR MELBOURNE,"LOUEY, Kevin; GUEST, Owen; BALL, Olivia; LIU, Gladys; LIU, Philip Le; SCOTT, Mark; CAMILLO, Rafael; ROWSE, Andrew; GRIFFITHS, Davydd",TEAM NICK REECE; LIBERALS FOR MELBOURNE CITY; THE GREENS; TEAM KOUTA; TEAM WOOD; TEAM NICK REECE; TEAM MORGAN MAKE MELBOURNE SAFE; INNOVATE MELBOURNE; LABOR FOR MELBOURNE,9,8961,136502,89606,2139,91745,67.21,3457,1,final,,,"SCOTT, Mark",TEAM NICK REECE,Elected,True,6,8961,Melbourne,VICL24-melbourne-councillors,official,Nine councillors are elected citywide by proportional representation. First preferences include above-the-line ticket votes allocated in the official count.
Melbourne — Councillors,Melbourne,Councillors,https://www.vec.vic.gov.au/results/council-election-results/2024-council-election-results/melbourne-city-council,https://itsitecoreblobvecprd01.blob.core.windows.net/public-files/Council/Reports/Melbourne2024Distribution.xls,"LOUEY, Kevin; GUEST, Owen; BALL, Olivia; LIU, Gladys; LIU, Philip Le; SCOTT, Mark; CAMILLO, Rafael; ROWSE, Andrew; GRIFFITHS, Davydd",TEAM NICK REECE; LIBERALS FOR MELBOURNE CITY; THE GREENS; TEAM KOUTA; TEAM WOOD; TEAM NICK REECE; TEAM MORGAN MAKE MELBOURNE SAFE; INNOVATE MELBOURNE; LABOR FOR MELBOURNE,"LOUEY, Kevin; GUEST, Owen; BALL, Olivia; LIU, Gladys; LIU, Philip Le; SCOTT, Mark; CAMILLO, Rafael; ROWSE, Andrew; GRIFFITHS, Davydd",TEAM NICK REECE; LIBERALS FOR MELBOURNE CITY; THE GREENS; TEAM KOUTA; TEAM WOOD; TEAM NICK REECE; TEAM MORGAN MAKE MELBOURNE SAFE; INNOVATE MELBOURNE; LABOR FOR MELBOURNE,9,8961,136502,89606,2139,91745,67.21,3457,1,final,,,"TEH, Lisa",TEAM NICK REECE,,False,,0,Melbourne,VICL24-melbourne-councillors,official,Nine councillors are elected citywide by proportional representation. First preferences include above-the-line ticket votes allocated in the official count.
Melbourne — Councillors,Melbourne,Councillors,https://www.vec.vic.gov.au/results/council-election-results/2024-council-election-results/melbourne-city-council,https://itsitecoreblobvecprd01.blob.core.windows.net/public-files/Council/Reports/Melbourne2024Distribution.xls,"LOUEY, Kevin; GUEST, Owen; BALL, Olivia; LIU, Gladys; LIU, Philip Le; SCOTT, Mark; CAMILLO, Rafael; ROWSE, Andrew; GRIFFITHS, Davydd",TEAM NICK REECE; LIBERALS FOR MELBOURNE CITY; THE GREENS; TEAM KOUTA; TEAM WOOD; TEAM NICK REECE; TEAM MORGAN MAKE MELBOURNE SAFE; INNOVATE MELBOURNE; LABOR FOR MELBOURNE,"LOUEY, Kevin; GUEST, Owen; BALL, Olivia; LIU, Gladys; LIU, Philip Le; SCOTT, Mark; CAMILLO, Rafael; ROWSE, Andrew; GRIFFITHS, Davydd",TEAM NICK REECE; LIBERALS FOR MELBOURNE CITY; THE GREENS; TEAM KOUTA; TEAM WOOD; TEAM NICK REECE; TEAM MORGAN MAKE MELBOURNE SAFE; INNOVATE MELBOURNE; LABOR FOR MELBOURNE,9,8961,136502,89606,2139,91745,67.21,3457,1,final,,,"PATTISON, Jannine",TEAM NICK REECE,,False,,0,Melbourne,VICL24-melbourne-councillors,official,Nine councillors are elected citywide by proportional representation. First preferences include above-the-line ticket votes allocated in the official count.
Melbourne — Councillors,Melbourne,Councillors,https://www.vec.vic.gov.au/results/council-election-results/2024-council-election-results/melbourne-city-council,https://itsitecoreblobvecprd01.blob.core.windows.net/public-files/Council/Reports/Melbourne2024Distribution.xls,"LOUEY, Kevin; GUEST, Owen; BALL, Olivia; LIU, Gladys; LIU, Philip Le; SCOTT, Mark; CAMILLO, Rafael; ROWSE, Andrew; GRIFFITHS, Davydd",TEAM NICK REECE; LIBERALS FOR MELBOURNE CITY; THE GREENS; TEAM KOUTA; TEAM WOOD; TEAM NICK REECE; TEAM MORGAN MAKE MELBOURNE SAFE; INNOVATE MELBOURNE; LABOR FOR MELBOURNE,"LOUEY, Kevin; GUEST, Owen; BALL, Olivia; LIU, Gladys; LIU, Philip Le; SCOTT, Mark; CAMILLO, Rafael; ROWSE, Andrew; GRIFFITHS, Davydd",TEAM NICK REECE; LIBERALS FOR MELBOURNE CITY; THE GREENS; TEAM KOUTA; TEAM WOOD; TEAM NICK REECE; TEAM MORGAN MAKE MELBOURNE SAFE; INNOVATE MELBOURNE; LABOR FOR MELBOURNE,9,8961,136502,89606,2139,91745,67.21,3457,1,final,,,"ALI, Hamdi",TEAM NICK REECE,,False,,0,Melbourne,VICL24-melbourne-councillors,official,Nine councillors are elected citywide by proportional representation. First preferences include above-the-line ticket votes allocated in the official count.
Melbourne — Councillors,Melbourne,Councillors,https://www.vec.vic.gov.au/results/council-election-results/2024-council-election-results/melbourne-city-council,https://itsitecoreblobvecprd01.blob.core.windows.net/public-files/Council/Reports/Melbourne2024Distribution.xls,"LOUEY, Kevin; GUEST, Owen; BALL, Olivia; LIU, Gladys; LIU, Philip Le; SCOTT, Mark; CAMILLO, Rafael; ROWSE, Andrew; GRIFFITHS, Davydd",TEAM NICK REECE; LIBERALS FOR MELBOURNE CITY; THE GREENS; TEAM KOUTA; TEAM WOOD; TEAM NICK REECE; TEAM MORGAN MAKE MELBOURNE SAFE; INNOVATE MELBOURNE; LABOR FOR MELBOURNE,"LOUEY, Kevin; GUEST, Owen; BALL, Olivia; LIU, Gladys; LIU, Philip Le; SCOTT, Mark; CAMILLO, Rafael; ROWSE, Andrew; GRIFFITHS, Davydd",TEAM NICK REECE; LIBERALS FOR MELBOURNE CITY; THE GREENS; TEAM KOUTA; TEAM WOOD; TEAM NICK REECE; TEAM MORGAN MAKE MELBOURNE SAFE; INNOVATE MELBOURNE; LABOR FOR MELBOURNE,9,8961,136502,89606,2139,91745,67.21,3457,1,final,,,"STANLEY, Suzanne",TEAM NICK REECE,,False,,0,Melbourne,VICL24-melbourne-councillors,official,Nine councillors are elected citywide by proportional representation. First preferences include above-the-line ticket votes allocated in the official count.
Melbourne — Councillors,Melbourne,Councillors,https://www.vec.vic.gov.au/results/council-election-results/2024-council-election-results/melbourne-city-council,https://itsitecoreblobvecprd01.blob.core.windows.net/public-files/Council/Reports/Melbourne2024Distribution.xls,"LOUEY, Kevin; GUEST, Owen; BALL, Olivia; LIU, Gladys; LIU, Philip Le; SCOTT, Mark; CAMILLO, Rafael; ROWSE, Andrew; GRIFFITHS, Davydd",TEAM NICK REECE; LIBERALS FOR MELBOURNE CITY; THE GREENS; TEAM KOUTA; TEAM WOOD; TEAM NICK REECE; TEAM MORGAN MAKE MELBOURNE SAFE; INNOVATE MELBOURNE; LABOR FOR MELBOURNE,"LOUEY, Kevin; GUEST, Owen; BALL, Olivia; LIU, Gladys; LIU, Philip Le; SCOTT, Mark; CAMILLO, Rafael; ROWSE, Andrew; GRIFFITHS, Davydd",TEAM NICK REECE; LIBERALS FOR MELBOURNE CITY; THE GREENS; TEAM KOUTA; TEAM WOOD; TEAM NICK REECE; TEAM MORGAN MAKE MELBOURNE SAFE; INNOVATE MELBOURNE; LABOR FOR MELBOURNE,9,8961,136502,89606,2139,91745,67.21,3457,1,final,,,"HARTLEY-KEANE, Simone",TEAM NICK REECE,,False,,0,Melbourne,VICL24-melbourne-councillors,official,Nine councillors are elected citywide by proportional representation. First preferences include above-the-line ticket votes allocated in the official count.
Melbourne — Councillors,Melbourne,Councillors,https://www.vec.vic.gov.au/results/council-election-results/2024-council-election-results/melbourne-city-council,https://itsitecoreblobvecprd01.blob.core.windows.net/public-files/Council/Reports/Melbourne2024Distribution.xls,"LOUEY, Kevin; GUEST, Owen; BALL, Olivia; LIU, Gladys; LIU, Philip Le; SCOTT, Mark; CAMILLO, Rafael; ROWSE, Andrew; GRIFFITHS, Davydd",TEAM NICK REECE; LIBERALS FOR MELBOURNE CITY; THE GREENS; TEAM KOUTA; TEAM WOOD; TEAM NICK REECE; TEAM MORGAN MAKE MELBOURNE SAFE; INNOVATE MELBOURNE; LABOR FOR MELBOURNE,"LOUEY, Kevin; GUEST, Owen; BALL, Olivia; LIU, Gladys; LIU, Philip Le; SCOTT, Mark; CAMILLO, Rafael; ROWSE, Andrew; GRIFFITHS, Davydd",TEAM NICK REECE; LIBERALS FOR MELBOURNE CITY; THE GREENS; TEAM KOUTA; TEAM WOOD; TEAM NICK REECE; TEAM MORGAN MAKE MELBOURNE SAFE; INNOVATE MELBOURNE; LABOR FOR MELBOURNE,9,8961,136502,89606,2139,91745,67.21,3457,1,final,,,"DADICH, Daniel Nair",VICTORIAN SOCIALISTS,,False,,0,Melbourne,VICL24-melbourne-councillors,official,Nine councillors are elected citywide by proportional representation. First preferences include above-the-line ticket votes allocated in the official count.
Melbourne — Councillors,Melbourne,Councillors,https://www.vec.vic.gov.au/results/council-election-results/2024-council-election-results/melbourne-city-council,https://itsitecoreblobvecprd01.blob.core.windows.net/public-files/Council/Reports/Melbourne2024Distribution.xls,"LOUEY, Kevin; GUEST, Owen; BALL, Olivia; LIU, Gladys; LIU, Philip Le; SCOTT, Mark; CAMILLO, Rafael; ROWSE, Andrew; GRIFFITHS, Davydd",TEAM NICK REECE; LIBERALS FOR MELBOURNE CITY; THE GREENS; TEAM KOUTA; TEAM WOOD; TEAM NICK REECE; TEAM MORGAN MAKE MELBOURNE SAFE; INNOVATE MELBOURNE; LABOR FOR MELBOURNE,"LOUEY, Kevin; GUEST, Owen; BALL, Olivia; LIU, Gladys; LIU, Philip Le; SCOTT, Mark; CAMILLO, Rafael; ROWSE, Andrew; GRIFFITHS, Davydd",TEAM NICK REECE; LIBERALS FOR MELBOURNE CITY; THE GREENS; TEAM KOUTA; TEAM WOOD; TEAM NICK REECE; TEAM MORGAN MAKE MELBOURNE SAFE; INNOVATE MELBOURNE; LABOR FOR MELBOURNE,9,8961,136502,89606,2139,91745,67.21,3457,1,final,,,"FOK, Ben",VICTORIAN SOCIALISTS,,False,,0,Melbourne,VICL24-melbourne-councillors,official,Nine councillors are elected citywide by proportional representation. First preferences include above-the-line ticket votes allocated in the official count.
Melbourne — Councillors,Melbourne,Councillors,https://www.vec.vic.gov.au/results/council-election-results/2024-council-election-results/melbourne-city-council,https://itsitecoreblobvecprd01.blob.core.windows.net/public-files/Council/Reports/Melbourne2024Distribution.xls,"LOUEY, Kevin; GUEST, Owen; BALL, Olivia; LIU, Gladys; LIU, Philip Le; SCOTT, Mark; CAMILLO, Rafael; ROWSE, Andrew; GRIFFITHS, Davydd",TEAM NICK REECE; LIBERALS FOR MELBOURNE CITY; THE GREENS; TEAM KOUTA; TEAM WOOD; TEAM NICK REECE; TEAM MORGAN MAKE MELBOURNE SAFE; INNOVATE MELBOURNE; LABOR FOR MELBOURNE,"LOUEY, Kevin; GUEST, Owen; BALL, Olivia; LIU, Gladys; LIU, Philip Le; SCOTT, Mark; CAMILLO, Rafael; ROWSE, Andrew; GRIFFITHS, Davydd",TEAM NICK REECE; LIBERALS FOR MELBOURNE CITY; THE GREENS; TEAM KOUTA; TEAM WOOD; TEAM NICK REECE; TEAM MORGAN MAKE MELBOURNE SAFE; INNOVATE MELBOURNE; LABOR FOR MELBOURNE,9,8961,136502,89606,2139,91745,67.21,3457,1,final,,,"SEND, E.",Ungrouped,,False,,0,Melbourne,VICL24-melbourne-councillors,official,Nine councillors are elected citywide by proportional representation. First preferences include above-the-line ticket votes allocated in the official count.
Melbourne — Councillors,Melbourne,Councillors,https://www.vec.vic.gov.au/results/council-election-results/2024-council-election-results/melbourne-city-council,https://itsitecoreblobvecprd01.blob.core.windows.net/public-files/Council/Reports/Melbourne2024Distribution.xls,"LOUEY, Kevin; GUEST, Owen; BALL, Olivia; LIU, Gladys; LIU, Philip Le; SCOTT, Mark; CAMILLO, Rafael; ROWSE, Andrew; GRIFFITHS, Davydd",TEAM NICK REECE; LIBERALS FOR MELBOURNE CITY; THE GREENS; TEAM KOUTA; TEAM WOOD; TEAM NICK REECE; TEAM MORGAN MAKE MELBOURNE SAFE; INNOVATE MELBOURNE; LABOR FOR MELBOURNE,"LOUEY, Kevin; GUEST, Owen; BALL, Olivia; LIU, Gladys; LIU, Philip Le; SCOTT, Mark; CAMILLO, Rafael; ROWSE, Andrew; GRIFFITHS, Davydd",TEAM NICK REECE; LIBERALS FOR MELBOURNE CITY; THE GREENS; TEAM KOUTA; TEAM WOOD; TEAM NICK REECE; TEAM MORGAN MAKE MELBOURNE SAFE; INNOVATE MELBOURNE; LABOR FOR MELBOURNE,9,8961,136502,89606,2139,91745,67.21,3457,1,final,,,"LAND, Jake",Ungrouped,,False,,0,Melbourne,VICL24-melbourne-councillors,official,Nine councillors are elected citywide by proportional representation. First preferences include above-the-line ticket votes allocated in the official count.
Melbourne — Councillors,Melbourne,Councillors,https://www.vec.vic.gov.au/results/council-election-results/2024-council-election-results/melbourne-city-council,https://itsitecoreblobvecprd01.blob.core.windows.net/public-files/Council/Reports/Melbourne2024Distribution.xls,"LOUEY, Kevin; GUEST, Owen; BALL, Olivia; LIU, Gladys; LIU, Philip Le; SCOTT, Mark; CAMILLO, Rafael; ROWSE, Andrew; GRIFFITHS, Davydd",TEAM NICK REECE; LIBERALS FOR MELBOURNE CITY; THE GREENS; TEAM KOUTA; TEAM WOOD; TEAM NICK REECE; TEAM MORGAN MAKE MELBOURNE SAFE; INNOVATE MELBOURNE; LABOR FOR MELBOURNE,"LOUEY, Kevin; GUEST, Owen; BALL, Olivia; LIU, Gladys; LIU, Philip Le; SCOTT, Mark; CAMILLO, Rafael; ROWSE, Andrew; GRIFFITHS, Davydd",TEAM NICK REECE; LIBERALS FOR MELBOURNE CITY; THE GREENS; TEAM KOUTA; TEAM WOOD; TEAM NICK REECE; TEAM MORGAN MAKE MELBOURNE SAFE; INNOVATE MELBOURNE; LABOR FOR MELBOURNE,9,8961,136502,89606,2139,91745,67.21,3457,1,final,,,"KANSAKAR, Aishwarya",Ungrouped,,False,,0,Melbourne,VICL24-melbourne-councillors,official,Nine councillors are elected citywide by proportional representation. First preferences include above-the-line ticket votes allocated in the official count.
Melbourne — Councillors,Melbourne,Councillors,https://www.vec.vic.gov.au/results/council-election-results/2024-council-election-results/melbourne-city-council,https://itsitecoreblobvecprd01.blob.core.windows.net/public-files/Council/Reports/Melbourne2024Distribution.xls,"LOUEY, Kevin; GUEST, Owen; BALL, Olivia; LIU, Gladys; LIU, Philip Le; SCOTT, Mark; CAMILLO, Rafael; ROWSE, Andrew; GRIFFITHS, Davydd",TEAM NICK REECE; LIBERALS FOR MELBOURNE CITY; THE GREENS; TEAM KOUTA; TEAM WOOD; TEAM NICK REECE; TEAM MORGAN MAKE MELBOURNE SAFE; INNOVATE MELBOURNE; LABOR FOR MELBOURNE,"LOUEY, Kevin; GUEST, Owen; BALL, Olivia; LIU, Gladys; LIU, Philip Le; SCOTT, Mark; CAMILLO, Rafael; ROWSE, Andrew; GRIFFITHS, Davydd",TEAM NICK REECE; LIBERALS FOR MELBOURNE CITY; THE GREENS; TEAM KOUTA; TEAM WOOD; TEAM NICK REECE; TEAM MORGAN MAKE MELBOURNE SAFE; INNOVATE MELBOURNE; LABOR FOR MELBOURNE,9,8961,136502,89606,2139,91745,67.21,3457,1,final,,,"YUSUF, Mohamed",Ungrouped,,False,,0,Melbourne,VICL24-melbourne-councillors,official,Nine councillors are elected citywide by proportional representation. First preferences include above-the-line ticket votes allocated in the official count.
Melbourne — Councillors,Melbourne,Councillors,https://www.vec.vic.gov.au/results/council-election-results/2024-council-election-results/melbourne-city-council,https://itsitecoreblobvecprd01.blob.core.windows.net/public-files/Council/Reports/Melbourne2024Distribution.xls,"LOUEY, Kevin; GUEST, Owen; BALL, Olivia; LIU, Gladys; LIU, Philip Le; SCOTT, Mark; CAMILLO, Rafael; ROWSE, Andrew; GRIFFITHS, Davydd",TEAM NICK REECE; LIBERALS FOR MELBOURNE CITY; THE GREENS; TEAM KOUTA; TEAM WOOD; TEAM NICK REECE; TEAM MORGAN MAKE MELBOURNE SAFE; INNOVATE MELBOURNE; LABOR FOR MELBOURNE,"LOUEY, Kevin; GUEST, Owen; BALL, Olivia; LIU, Gladys; LIU, Philip Le; SCOTT, Mark; CAMILLO, Rafael; ROWSE, Andrew; GRIFFITHS, Davydd",TEAM NICK REECE; LIBERALS FOR MELBOURNE CITY; THE GREENS; TEAM KOUTA; TEAM WOOD; TEAM NICK REECE; TEAM MORGAN MAKE MELBOURNE SAFE; INNOVATE MELBOURNE; LABOR FOR MELBOURNE,9,8961,136502,89606,2139,91745,67.21,3457,1,final,,,"FRENCH, Callum John",Ungrouped,,False,,0,Melbourne,VICL24-melbourne-councillors,official,Nine councillors are elected citywide by proportional representation. First preferences include above-the-line ticket votes allocated in the official count.
