district,district_url,distribution_url,elected_member,elected_party,enrolment,formal_votes,informal_votes,total_votes,turnout_pct,majority,round_number,row_type,excluded_candidate,excluded_party,candidate,candidate_party,votes,electorate_type,constituency_code,contest_status,result_note
Abra,https://en.wikipedia.org/w/index.php?title=Congressional_canvass_for_the_2022_Philippine_presidential_election&oldid=1353912853,https://www.congress.gov.ph/index.php/media/photojournal/3000,Bongbong Marcos,Marcos,0,155110,0,155110,0,143310,0,first,,,Bongbong Marcos,Marcos,147812,CAR,PH2022-001,official,
Abra,https://en.wikipedia.org/w/index.php?title=Congressional_canvass_for_the_2022_Philippine_presidential_election&oldid=1353912853,https://www.congress.gov.ph/index.php/media/photojournal/3000,Bongbong Marcos,Marcos,0,155110,0,155110,0,143310,0,first,,,Leni Robredo,Robredo,4502,CAR,PH2022-001,official,
Abra,https://en.wikipedia.org/w/index.php?title=Congressional_canvass_for_the_2022_Philippine_presidential_election&oldid=1353912853,https://www.congress.gov.ph/index.php/media/photojournal/3000,Bongbong Marcos,Marcos,0,155110,0,155110,0,143310,0,first,,,Manny Pacquiao,Pacquiao,588,CAR,PH2022-001,official,
Abra,https://en.wikipedia.org/w/index.php?title=Congressional_canvass_for_the_2022_Philippine_presidential_election&oldid=1353912853,https://www.congress.gov.ph/index.php/media/photojournal/3000,Bongbong Marcos,Marcos,0,155110,0,155110,0,143310,0,first,,,Isko Moreno,Moreno,708,CAR,PH2022-001,official,
Abra,https://en.wikipedia.org/w/index.php?title=Congressional_canvass_for_the_2022_Philippine_presidential_election&oldid=1353912853,https://www.congress.gov.ph/index.php/media/photojournal/3000,Bongbong Marcos,Marcos,0,155110,0,155110,0,143310,0,first,,,Panfilo Lacson,Lacson,921,CAR,PH2022-001,official,
Abra,https://en.wikipedia.org/w/index.php?title=Congressional_canvass_for_the_2022_Philippine_presidential_election&oldid=1353912853,https://www.congress.gov.ph/index.php/media/photojournal/3000,Bongbong Marcos,Marcos,0,155110,0,155110,0,143310,0,first,,,Faisal Mangondato,Mangondato,63,CAR,PH2022-001,official,
Abra,https://en.wikipedia.org/w/index.php?title=Congressional_canvass_for_the_2022_Philippine_presidential_election&oldid=1353912853,https://www.congress.gov.ph/index.php/media/photojournal/3000,Bongbong Marcos,Marcos,0,155110,0,155110,0,143310,0,first,,,Ernesto Abella,Abella,178,CAR,PH2022-001,official,
Abra,https://en.wikipedia.org/w/index.php?title=Congressional_canvass_for_the_2022_Philippine_presidential_election&oldid=1353912853,https://www.congress.gov.ph/index.php/media/photojournal/3000,Bongbong Marcos,Marcos,0,155110,0,155110,0,143310,0,first,,,Leody de Guzman,De Guzman,113,CAR,PH2022-001,official,
Abra,https://en.wikipedia.org/w/index.php?title=Congressional_canvass_for_the_2022_Philippine_presidential_election&oldid=1353912853,https://www.congress.gov.ph/index.php/media/photojournal/3000,Bongbong Marcos,Marcos,0,155110,0,155110,0,143310,0,first,,,Norberto Gonzales,Gonzales,129,CAR,PH2022-001,official,
Abra,https://en.wikipedia.org/w/index.php?title=Congressional_canvass_for_the_2022_Philippine_presidential_election&oldid=1353912853,https://www.congress.gov.ph/index.php/media/photojournal/3000,Bongbong Marcos,Marcos,0,155110,0,155110,0,143310,0,first,,,Jose Montemayor Jr.,Montemayor,96,CAR,PH2022-001,official,
Agusan del Norte,https://en.wikipedia.org/w/index.php?title=Congressional_canvass_for_the_2022_Philippine_presidential_election&oldid=1353912853,https://www.congress.gov.ph/index.php/media/photojournal/3000,Bongbong Marcos,Marcos,0,404114,0,404114,0,255061,0,first,,,Bongbong Marcos,Marcos,301264,Region XIII (Caraga),PH2022-002,official,
Agusan del Norte,https://en.wikipedia.org/w/index.php?title=Congressional_canvass_for_the_2022_Philippine_presidential_election&oldid=1353912853,https://www.congress.gov.ph/index.php/media/photojournal/3000,Bongbong Marcos,Marcos,0,404114,0,404114,0,255061,0,first,,,Leni Robredo,Robredo,46203,Region XIII (Caraga),PH2022-002,official,
Agusan del Norte,https://en.wikipedia.org/w/index.php?title=Congressional_canvass_for_the_2022_Philippine_presidential_election&oldid=1353912853,https://www.congress.gov.ph/index.php/media/photojournal/3000,Bongbong Marcos,Marcos,0,404114,0,404114,0,255061,0,first,,,Manny Pacquiao,Pacquiao,41070,Region XIII (Caraga),PH2022-002,official,
Agusan del Norte,https://en.wikipedia.org/w/index.php?title=Congressional_canvass_for_the_2022_Philippine_presidential_election&oldid=1353912853,https://www.congress.gov.ph/index.php/media/photojournal/3000,Bongbong Marcos,Marcos,0,404114,0,404114,0,255061,0,first,,,Isko Moreno,Moreno,8477,Region XIII (Caraga),PH2022-002,official,
Agusan del Norte,https://en.wikipedia.org/w/index.php?title=Congressional_canvass_for_the_2022_Philippine_presidential_election&oldid=1353912853,https://www.congress.gov.ph/index.php/media/photojournal/3000,Bongbong Marcos,Marcos,0,404114,0,404114,0,255061,0,first,,,Panfilo Lacson,Lacson,3060,Region XIII (Caraga),PH2022-002,official,
Agusan del Norte,https://en.wikipedia.org/w/index.php?title=Congressional_canvass_for_the_2022_Philippine_presidential_election&oldid=1353912853,https://www.congress.gov.ph/index.php/media/photojournal/3000,Bongbong Marcos,Marcos,0,404114,0,404114,0,255061,0,first,,,Faisal Mangondato,Mangondato,544,Region XIII (Caraga),PH2022-002,official,
Agusan del Norte,https://en.wikipedia.org/w/index.php?title=Congressional_canvass_for_the_2022_Philippine_presidential_election&oldid=1353912853,https://www.congress.gov.ph/index.php/media/photojournal/3000,Bongbong Marcos,Marcos,0,404114,0,404114,0,255061,0,first,,,Ernesto Abella,Abella,1206,Region XIII (Caraga),PH2022-002,official,
Agusan del Norte,https://en.wikipedia.org/w/index.php?title=Congressional_canvass_for_the_2022_Philippine_presidential_election&oldid=1353912853,https://www.congress.gov.ph/index.php/media/photojournal/3000,Bongbong Marcos,Marcos,0,404114,0,404114,0,255061,0,first,,,Leody de Guzman,De Guzman,643,Region XIII (Caraga),PH2022-002,official,
Agusan del Norte,https://en.wikipedia.org/w/index.php?title=Congressional_canvass_for_the_2022_Philippine_presidential_election&oldid=1353912853,https://www.congress.gov.ph/index.php/media/photojournal/3000,Bongbong Marcos,Marcos,0,404114,0,404114,0,255061,0,first,,,Norberto Gonzales,Gonzales,1113,Region XIII (Caraga),PH2022-002,official,
Agusan del Norte,https://en.wikipedia.org/w/index.php?title=Congressional_canvass_for_the_2022_Philippine_presidential_election&oldid=1353912853,https://www.congress.gov.ph/index.php/media/photojournal/3000,Bongbong Marcos,Marcos,0,404114,0,404114,0,255061,0,first,,,Jose Montemayor Jr.,Montemayor,534,Region XIII (Caraga),PH2022-002,official,
Agusan del Sur,https://en.wikipedia.org/w/index.php?title=Congressional_canvass_for_the_2022_Philippine_presidential_election&oldid=1353912853,https://www.congress.gov.ph/index.php/media/photojournal/3000,Bongbong Marcos,Marcos,0,342575,0,342575,0,8112,0,first,,,Bongbong Marcos,Marcos,153310,Region XIII (Caraga),PH2022-003,official,
Agusan del Sur,https://en.wikipedia.org/w/index.php?title=Congressional_canvass_for_the_2022_Philippine_presidential_election&oldid=1353912853,https://www.congress.gov.ph/index.php/media/photojournal/3000,Bongbong Marcos,Marcos,0,342575,0,342575,0,8112,0,first,,,Leni Robredo,Robredo,145198,Region XIII (Caraga),PH2022-003,official,
Agusan del Sur,https://en.wikipedia.org/w/index.php?title=Congressional_canvass_for_the_2022_Philippine_presidential_election&oldid=1353912853,https://www.congress.gov.ph/index.php/media/photojournal/3000,Bongbong Marcos,Marcos,0,342575,0,342575,0,8112,0,first,,,Manny Pacquiao,Pacquiao,36059,Region XIII (Caraga),PH2022-003,official,
Agusan del Sur,https://en.wikipedia.org/w/index.php?title=Congressional_canvass_for_the_2022_Philippine_presidential_election&oldid=1353912853,https://www.congress.gov.ph/index.php/media/photojournal/3000,Bongbong Marcos,Marcos,0,342575,0,342575,0,8112,0,first,,,Isko Moreno,Moreno,2797,Region XIII (Caraga),PH2022-003,official,
Agusan del Sur,https://en.wikipedia.org/w/index.php?title=Congressional_canvass_for_the_2022_Philippine_presidential_election&oldid=1353912853,https://www.congress.gov.ph/index.php/media/photojournal/3000,Bongbong Marcos,Marcos,0,342575,0,342575,0,8112,0,first,,,Panfilo Lacson,Lacson,1567,Region XIII (Caraga),PH2022-003,official,
Agusan del Sur,https://en.wikipedia.org/w/index.php?title=Congressional_canvass_for_the_2022_Philippine_presidential_election&oldid=1353912853,https://www.congress.gov.ph/index.php/media/photojournal/3000,Bongbong Marcos,Marcos,0,342575,0,342575,0,8112,0,first,,,Faisal Mangondato,Mangondato,221,Region XIII (Caraga),PH2022-003,official,
Agusan del Sur,https://en.wikipedia.org/w/index.php?title=Congressional_canvass_for_the_2022_Philippine_presidential_election&oldid=1353912853,https://www.congress.gov.ph/index.php/media/photojournal/3000,Bongbong Marcos,Marcos,0,342575,0,342575,0,8112,0,first,,,Ernesto Abella,Abella,1602,Region XIII (Caraga),PH2022-003,official,
Agusan del Sur,https://en.wikipedia.org/w/index.php?title=Congressional_canvass_for_the_2022_Philippine_presidential_election&oldid=1353912853,https://www.congress.gov.ph/index.php/media/photojournal/3000,Bongbong Marcos,Marcos,0,342575,0,342575,0,8112,0,first,,,Leody de Guzman,De Guzman,519,Region XIII (Caraga),PH2022-003,official,
Agusan del Sur,https://en.wikipedia.org/w/index.php?title=Congressional_canvass_for_the_2022_Philippine_presidential_election&oldid=1353912853,https://www.congress.gov.ph/index.php/media/photojournal/3000,Bongbong Marcos,Marcos,0,342575,0,342575,0,8112,0,first,,,Norberto Gonzales,Gonzales,868,Region XIII (Caraga),PH2022-003,official,
Agusan del Sur,https://en.wikipedia.org/w/index.php?title=Congressional_canvass_for_the_2022_Philippine_presidential_election&oldid=1353912853,https://www.congress.gov.ph/index.php/media/photojournal/3000,Bongbong Marcos,Marcos,0,342575,0,342575,0,8112,0,first,,,Jose Montemayor Jr.,Montemayor,434,Region XIII (Caraga),PH2022-003,official,
Aklan,https://en.wikipedia.org/w/index.php?title=Congressional_canvass_for_the_2022_Philippine_presidential_election&oldid=1353912853,https://www.congress.gov.ph/index.php/media/photojournal/3000,Bongbong Marcos,Marcos,0,336860,0,336860,0,39,0,first,,,Bongbong Marcos,Marcos,146323,Region VI (Western Visayas),PH2022-004,official,
Aklan,https://en.wikipedia.org/w/index.php?title=Congressional_canvass_for_the_2022_Philippine_presidential_election&oldid=1353912853,https://www.congress.gov.ph/index.php/media/photojournal/3000,Bongbong Marcos,Marcos,0,336860,0,336860,0,39,0,first,,,Leni Robredo,Robredo,146284,Region VI (Western Visayas),PH2022-004,official,
Aklan,https://en.wikipedia.org/w/index.php?title=Congressional_canvass_for_the_2022_Philippine_presidential_election&oldid=1353912853,https://www.congress.gov.ph/index.php/media/photojournal/3000,Bongbong Marcos,Marcos,0,336860,0,336860,0,39,0,first,,,Manny Pacquiao,Pacquiao,20087,Region VI (Western Visayas),PH2022-004,official,
Aklan,https://en.wikipedia.org/w/index.php?title=Congressional_canvass_for_the_2022_Philippine_presidential_election&oldid=1353912853,https://www.congress.gov.ph/index.php/media/photojournal/3000,Bongbong Marcos,Marcos,0,336860,0,336860,0,39,0,first,,,Isko Moreno,Moreno,16764,Region VI (Western Visayas),PH2022-004,official,
Aklan,https://en.wikipedia.org/w/index.php?title=Congressional_canvass_for_the_2022_Philippine_presidential_election&oldid=1353912853,https://www.congress.gov.ph/index.php/media/photojournal/3000,Bongbong Marcos,Marcos,0,336860,0,336860,0,39,0,first,,,Panfilo Lacson,Lacson,4238,Region VI (Western Visayas),PH2022-004,official,
Aklan,https://en.wikipedia.org/w/index.php?title=Congressional_canvass_for_the_2022_Philippine_presidential_election&oldid=1353912853,https://www.congress.gov.ph/index.php/media/photojournal/3000,Bongbong Marcos,Marcos,0,336860,0,336860,0,39,0,first,,,Faisal Mangondato,Mangondato,506,Region VI (Western Visayas),PH2022-004,official,
Aklan,https://en.wikipedia.org/w/index.php?title=Congressional_canvass_for_the_2022_Philippine_presidential_election&oldid=1353912853,https://www.congress.gov.ph/index.php/media/photojournal/3000,Bongbong Marcos,Marcos,0,336860,0,336860,0,39,0,first,,,Ernesto Abella,Abella,949,Region VI (Western Visayas),PH2022-004,official,
Aklan,https://en.wikipedia.org/w/index.php?title=Congressional_canvass_for_the_2022_Philippine_presidential_election&oldid=1353912853,https://www.congress.gov.ph/index.php/media/photojournal/3000,Bongbong Marcos,Marcos,0,336860,0,336860,0,39,0,first,,,Leody de Guzman,De Guzman,587,Region VI (Western Visayas),PH2022-004,official,
Aklan,https://en.wikipedia.org/w/index.php?title=Congressional_canvass_for_the_2022_Philippine_presidential_election&oldid=1353912853,https://www.congress.gov.ph/index.php/media/photojournal/3000,Bongbong Marcos,Marcos,0,336860,0,336860,0,39,0,first,,,Norberto Gonzales,Gonzales,548,Region VI (Western Visayas),PH2022-004,official,
Aklan,https://en.wikipedia.org/w/index.php?title=Congressional_canvass_for_the_2022_Philippine_presidential_election&oldid=1353912853,https://www.congress.gov.ph/index.php/media/photojournal/3000,Bongbong Marcos,Marcos,0,336860,0,336860,0,39,0,first,,,Jose Montemayor Jr.,Montemayor,574,Region VI (Western Visayas),PH2022-004,official,
Albay,https://en.wikipedia.org/w/index.php?title=Congressional_canvass_for_the_2022_Philippine_presidential_election&oldid=1353912853,https://www.congress.gov.ph/index.php/media/photojournal/3000,Leni Robredo,Robredo,0,748455,0,748455,0,496128,0,first,,,Bongbong Marcos,Marcos,112651,Region V (Bicol Region),PH2022-005,official,
Albay,https://en.wikipedia.org/w/index.php?title=Congressional_canvass_for_the_2022_Philippine_presidential_election&oldid=1353912853,https://www.congress.gov.ph/index.php/media/photojournal/3000,Leni Robredo,Robredo,0,748455,0,748455,0,496128,0,first,,,Leni Robredo,Robredo,608779,Region V (Bicol Region),PH2022-005,official,
Albay,https://en.wikipedia.org/w/index.php?title=Congressional_canvass_for_the_2022_Philippine_presidential_election&oldid=1353912853,https://www.congress.gov.ph/index.php/media/photojournal/3000,Leni Robredo,Robredo,0,748455,0,748455,0,496128,0,first,,,Manny Pacquiao,Pacquiao,8557,Region V (Bicol Region),PH2022-005,official,
Albay,https://en.wikipedia.org/w/index.php?title=Congressional_canvass_for_the_2022_Philippine_presidential_election&oldid=1353912853,https://www.congress.gov.ph/index.php/media/photojournal/3000,Leni Robredo,Robredo,0,748455,0,748455,0,496128,0,first,,,Isko Moreno,Moreno,6331,Region V (Bicol Region),PH2022-005,official,
Albay,https://en.wikipedia.org/w/index.php?title=Congressional_canvass_for_the_2022_Philippine_presidential_election&oldid=1353912853,https://www.congress.gov.ph/index.php/media/photojournal/3000,Leni Robredo,Robredo,0,748455,0,748455,0,496128,0,first,,,Panfilo Lacson,Lacson,4992,Region V (Bicol Region),PH2022-005,official,
Albay,https://en.wikipedia.org/w/index.php?title=Congressional_canvass_for_the_2022_Philippine_presidential_election&oldid=1353912853,https://www.congress.gov.ph/index.php/media/photojournal/3000,Leni Robredo,Robredo,0,748455,0,748455,0,496128,0,first,,,Faisal Mangondato,Mangondato,614,Region V (Bicol Region),PH2022-005,official,
Albay,https://en.wikipedia.org/w/index.php?title=Congressional_canvass_for_the_2022_Philippine_presidential_election&oldid=1353912853,https://www.congress.gov.ph/index.php/media/photojournal/3000,Leni Robredo,Robredo,0,748455,0,748455,0,496128,0,first,,,Ernesto Abella,Abella,2207,Region V (Bicol Region),PH2022-005,official,
Albay,https://en.wikipedia.org/w/index.php?title=Congressional_canvass_for_the_2022_Philippine_presidential_election&oldid=1353912853,https://www.congress.gov.ph/index.php/media/photojournal/3000,Leni Robredo,Robredo,0,748455,0,748455,0,496128,0,first,,,Leody de Guzman,De Guzman,1743,Region V (Bicol Region),PH2022-005,official,
Albay,https://en.wikipedia.org/w/index.php?title=Congressional_canvass_for_the_2022_Philippine_presidential_election&oldid=1353912853,https://www.congress.gov.ph/index.php/media/photojournal/3000,Leni Robredo,Robredo,0,748455,0,748455,0,496128,0,first,,,Norberto Gonzales,Gonzales,1736,Region V (Bicol Region),PH2022-005,official,
Albay,https://en.wikipedia.org/w/index.php?title=Congressional_canvass_for_the_2022_Philippine_presidential_election&oldid=1353912853,https://www.congress.gov.ph/index.php/media/photojournal/3000,Leni Robredo,Robredo,0,748455,0,748455,0,496128,0,first,,,Jose Montemayor Jr.,Montemayor,845,Region V (Bicol Region),PH2022-005,official,
Antique,https://en.wikipedia.org/w/index.php?title=Congressional_canvass_for_the_2022_Philippine_presidential_election&oldid=1353912853,https://www.congress.gov.ph/index.php/media/photojournal/3000,Leni Robredo,Robredo,0,318940,0,318940,0,27636,0,first,,,Bongbong Marcos,Marcos,115027,Region VI (Western Visayas),PH2022-006,official,
Antique,https://en.wikipedia.org/w/index.php?title=Congressional_canvass_for_the_2022_Philippine_presidential_election&oldid=1353912853,https://www.congress.gov.ph/index.php/media/photojournal/3000,Leni Robredo,Robredo,0,318940,0,318940,0,27636,0,first,,,Leni Robredo,Robredo,142663,Region VI (Western Visayas),PH2022-006,official,
Antique,https://en.wikipedia.org/w/index.php?title=Congressional_canvass_for_the_2022_Philippine_presidential_election&oldid=1353912853,https://www.congress.gov.ph/index.php/media/photojournal/3000,Leni Robredo,Robredo,0,318940,0,318940,0,27636,0,first,,,Manny Pacquiao,Pacquiao,30190,Region VI (Western Visayas),PH2022-006,official,
Antique,https://en.wikipedia.org/w/index.php?title=Congressional_canvass_for_the_2022_Philippine_presidential_election&oldid=1353912853,https://www.congress.gov.ph/index.php/media/photojournal/3000,Leni Robredo,Robredo,0,318940,0,318940,0,27636,0,first,,,Isko Moreno,Moreno,22126,Region VI (Western Visayas),PH2022-006,official,
Antique,https://en.wikipedia.org/w/index.php?title=Congressional_canvass_for_the_2022_Philippine_presidential_election&oldid=1353912853,https://www.congress.gov.ph/index.php/media/photojournal/3000,Leni Robredo,Robredo,0,318940,0,318940,0,27636,0,first,,,Panfilo Lacson,Lacson,5312,Region VI (Western Visayas),PH2022-006,official,
Antique,https://en.wikipedia.org/w/index.php?title=Congressional_canvass_for_the_2022_Philippine_presidential_election&oldid=1353912853,https://www.congress.gov.ph/index.php/media/photojournal/3000,Leni Robredo,Robredo,0,318940,0,318940,0,27636,0,first,,,Faisal Mangondato,Mangondato,303,Region VI (Western Visayas),PH2022-006,official,
Antique,https://en.wikipedia.org/w/index.php?title=Congressional_canvass_for_the_2022_Philippine_presidential_election&oldid=1353912853,https://www.congress.gov.ph/index.php/media/photojournal/3000,Leni Robredo,Robredo,0,318940,0,318940,0,27636,0,first,,,Ernesto Abella,Abella,1147,Region VI (Western Visayas),PH2022-006,official,
Antique,https://en.wikipedia.org/w/index.php?title=Congressional_canvass_for_the_2022_Philippine_presidential_election&oldid=1353912853,https://www.congress.gov.ph/index.php/media/photojournal/3000,Leni Robredo,Robredo,0,318940,0,318940,0,27636,0,first,,,Leody de Guzman,De Guzman,846,Region VI (Western Visayas),PH2022-006,official,
Antique,https://en.wikipedia.org/w/index.php?title=Congressional_canvass_for_the_2022_Philippine_presidential_election&oldid=1353912853,https://www.congress.gov.ph/index.php/media/photojournal/3000,Leni Robredo,Robredo,0,318940,0,318940,0,27636,0,first,,,Norberto Gonzales,Gonzales,685,Region VI (Western Visayas),PH2022-006,official,
Antique,https://en.wikipedia.org/w/index.php?title=Congressional_canvass_for_the_2022_Philippine_presidential_election&oldid=1353912853,https://www.congress.gov.ph/index.php/media/photojournal/3000,Leni Robredo,Robredo,0,318940,0,318940,0,27636,0,first,,,Jose Montemayor Jr.,Montemayor,641,Region VI (Western Visayas),PH2022-006,official,
Apayao,https://en.wikipedia.org/w/index.php?title=Congressional_canvass_for_the_2022_Philippine_presidential_election&oldid=1353912853,https://www.congress.gov.ph/index.php/media/photojournal/3000,Bongbong Marcos,Marcos,0,64214,0,64214,0,58302,0,first,,,Bongbong Marcos,Marcos,60181,CAR,PH2022-007,official,
Apayao,https://en.wikipedia.org/w/index.php?title=Congressional_canvass_for_the_2022_Philippine_presidential_election&oldid=1353912853,https://www.congress.gov.ph/index.php/media/photojournal/3000,Bongbong Marcos,Marcos,0,64214,0,64214,0,58302,0,first,,,Leni Robredo,Robredo,1879,CAR,PH2022-007,official,
Apayao,https://en.wikipedia.org/w/index.php?title=Congressional_canvass_for_the_2022_Philippine_presidential_election&oldid=1353912853,https://www.congress.gov.ph/index.php/media/photojournal/3000,Bongbong Marcos,Marcos,0,64214,0,64214,0,58302,0,first,,,Manny Pacquiao,Pacquiao,906,CAR,PH2022-007,official,
Apayao,https://en.wikipedia.org/w/index.php?title=Congressional_canvass_for_the_2022_Philippine_presidential_election&oldid=1353912853,https://www.congress.gov.ph/index.php/media/photojournal/3000,Bongbong Marcos,Marcos,0,64214,0,64214,0,58302,0,first,,,Isko Moreno,Moreno,368,CAR,PH2022-007,official,
Apayao,https://en.wikipedia.org/w/index.php?title=Congressional_canvass_for_the_2022_Philippine_presidential_election&oldid=1353912853,https://www.congress.gov.ph/index.php/media/photojournal/3000,Bongbong Marcos,Marcos,0,64214,0,64214,0,58302,0,first,,,Panfilo Lacson,Lacson,449,CAR,PH2022-007,official,
Apayao,https://en.wikipedia.org/w/index.php?title=Congressional_canvass_for_the_2022_Philippine_presidential_election&oldid=1353912853,https://www.congress.gov.ph/index.php/media/photojournal/3000,Bongbong Marcos,Marcos,0,64214,0,64214,0,58302,0,first,,,Faisal Mangondato,Mangondato,27,CAR,PH2022-007,official,
Apayao,https://en.wikipedia.org/w/index.php?title=Congressional_canvass_for_the_2022_Philippine_presidential_election&oldid=1353912853,https://www.congress.gov.ph/index.php/media/photojournal/3000,Bongbong Marcos,Marcos,0,64214,0,64214,0,58302,0,first,,,Ernesto Abella,Abella,121,CAR,PH2022-007,official,
Apayao,https://en.wikipedia.org/w/index.php?title=Congressional_canvass_for_the_2022_Philippine_presidential_election&oldid=1353912853,https://www.congress.gov.ph/index.php/media/photojournal/3000,Bongbong Marcos,Marcos,0,64214,0,64214,0,58302,0,first,,,Leody de Guzman,De Guzman,84,CAR,PH2022-007,official,
Apayao,https://en.wikipedia.org/w/index.php?title=Congressional_canvass_for_the_2022_Philippine_presidential_election&oldid=1353912853,https://www.congress.gov.ph/index.php/media/photojournal/3000,Bongbong Marcos,Marcos,0,64214,0,64214,0,58302,0,first,,,Norberto Gonzales,Gonzales,75,CAR,PH2022-007,official,
Apayao,https://en.wikipedia.org/w/index.php?title=Congressional_canvass_for_the_2022_Philippine_presidential_election&oldid=1353912853,https://www.congress.gov.ph/index.php/media/photojournal/3000,Bongbong Marcos,Marcos,0,64214,0,64214,0,58302,0,first,,,Jose Montemayor Jr.,Montemayor,124,CAR,PH2022-007,official,
Aurora,https://en.wikipedia.org/w/index.php?title=Congressional_canvass_for_the_2022_Philippine_presidential_election&oldid=1353912853,https://www.congress.gov.ph/index.php/media/photojournal/3000,Bongbong Marcos,Marcos,0,126346,0,126346,0,54059,0,first,,,Bongbong Marcos,Marcos,83719,Region III (Central Luzon),PH2022-008,official,
Aurora,https://en.wikipedia.org/w/index.php?title=Congressional_canvass_for_the_2022_Philippine_presidential_election&oldid=1353912853,https://www.congress.gov.ph/index.php/media/photojournal/3000,Bongbong Marcos,Marcos,0,126346,0,126346,0,54059,0,first,,,Leni Robredo,Robredo,29660,Region III (Central Luzon),PH2022-008,official,
Aurora,https://en.wikipedia.org/w/index.php?title=Congressional_canvass_for_the_2022_Philippine_presidential_election&oldid=1353912853,https://www.congress.gov.ph/index.php/media/photojournal/3000,Bongbong Marcos,Marcos,0,126346,0,126346,0,54059,0,first,,,Manny Pacquiao,Pacquiao,6071,Region III (Central Luzon),PH2022-008,official,
Aurora,https://en.wikipedia.org/w/index.php?title=Congressional_canvass_for_the_2022_Philippine_presidential_election&oldid=1353912853,https://www.congress.gov.ph/index.php/media/photojournal/3000,Bongbong Marcos,Marcos,0,126346,0,126346,0,54059,0,first,,,Isko Moreno,Moreno,3026,Region III (Central Luzon),PH2022-008,official,
Aurora,https://en.wikipedia.org/w/index.php?title=Congressional_canvass_for_the_2022_Philippine_presidential_election&oldid=1353912853,https://www.congress.gov.ph/index.php/media/photojournal/3000,Bongbong Marcos,Marcos,0,126346,0,126346,0,54059,0,first,,,Panfilo Lacson,Lacson,2960,Region III (Central Luzon),PH2022-008,official,
Aurora,https://en.wikipedia.org/w/index.php?title=Congressional_canvass_for_the_2022_Philippine_presidential_election&oldid=1353912853,https://www.congress.gov.ph/index.php/media/photojournal/3000,Bongbong Marcos,Marcos,0,126346,0,126346,0,54059,0,first,,,Faisal Mangondato,Mangondato,116,Region III (Central Luzon),PH2022-008,official,
Aurora,https://en.wikipedia.org/w/index.php?title=Congressional_canvass_for_the_2022_Philippine_presidential_election&oldid=1353912853,https://www.congress.gov.ph/index.php/media/photojournal/3000,Bongbong Marcos,Marcos,0,126346,0,126346,0,54059,0,first,,,Ernesto Abella,Abella,243,Region III (Central Luzon),PH2022-008,official,
Aurora,https://en.wikipedia.org/w/index.php?title=Congressional_canvass_for_the_2022_Philippine_presidential_election&oldid=1353912853,https://www.congress.gov.ph/index.php/media/photojournal/3000,Bongbong Marcos,Marcos,0,126346,0,126346,0,54059,0,first,,,Leody de Guzman,De Guzman,203,Region III (Central Luzon),PH2022-008,official,
Aurora,https://en.wikipedia.org/w/index.php?title=Congressional_canvass_for_the_2022_Philippine_presidential_election&oldid=1353912853,https://www.congress.gov.ph/index.php/media/photojournal/3000,Bongbong Marcos,Marcos,0,126346,0,126346,0,54059,0,first,,,Norberto Gonzales,Gonzales,187,Region III (Central Luzon),PH2022-008,official,
Aurora,https://en.wikipedia.org/w/index.php?title=Congressional_canvass_for_the_2022_Philippine_presidential_election&oldid=1353912853,https://www.congress.gov.ph/index.php/media/photojournal/3000,Bongbong Marcos,Marcos,0,126346,0,126346,0,54059,0,first,,,Jose Montemayor Jr.,Montemayor,161,Region III (Central Luzon),PH2022-008,official,
Bacolod,https://en.wikipedia.org/w/index.php?title=Congressional_canvass_for_the_2022_Philippine_presidential_election&oldid=1353912853,https://www.congress.gov.ph/index.php/media/photojournal/3000,Bongbong Marcos,Marcos,0,279319,0,279319,0,9128,0,first,,,Bongbong Marcos,Marcos,121179,Region VI (Western Visayas),PH2022-009,official,
Bacolod,https://en.wikipedia.org/w/index.php?title=Congressional_canvass_for_the_2022_Philippine_presidential_election&oldid=1353912853,https://www.congress.gov.ph/index.php/media/photojournal/3000,Bongbong Marcos,Marcos,0,279319,0,279319,0,9128,0,first,,,Leni Robredo,Robredo,112051,Region VI (Western Visayas),PH2022-009,official,
Bacolod,https://en.wikipedia.org/w/index.php?title=Congressional_canvass_for_the_2022_Philippine_presidential_election&oldid=1353912853,https://www.congress.gov.ph/index.php/media/photojournal/3000,Bongbong Marcos,Marcos,0,279319,0,279319,0,9128,0,first,,,Manny Pacquiao,Pacquiao,25611,Region VI (Western Visayas),PH2022-009,official,
Bacolod,https://en.wikipedia.org/w/index.php?title=Congressional_canvass_for_the_2022_Philippine_presidential_election&oldid=1353912853,https://www.congress.gov.ph/index.php/media/photojournal/3000,Bongbong Marcos,Marcos,0,279319,0,279319,0,9128,0,first,,,Isko Moreno,Moreno,12060,Region VI (Western Visayas),PH2022-009,official,
Bacolod,https://en.wikipedia.org/w/index.php?title=Congressional_canvass_for_the_2022_Philippine_presidential_election&oldid=1353912853,https://www.congress.gov.ph/index.php/media/photojournal/3000,Bongbong Marcos,Marcos,0,279319,0,279319,0,9128,0,first,,,Panfilo Lacson,Lacson,5474,Region VI (Western Visayas),PH2022-009,official,
Bacolod,https://en.wikipedia.org/w/index.php?title=Congressional_canvass_for_the_2022_Philippine_presidential_election&oldid=1353912853,https://www.congress.gov.ph/index.php/media/photojournal/3000,Bongbong Marcos,Marcos,0,279319,0,279319,0,9128,0,first,,,Faisal Mangondato,Mangondato,202,Region VI (Western Visayas),PH2022-009,official,
Bacolod,https://en.wikipedia.org/w/index.php?title=Congressional_canvass_for_the_2022_Philippine_presidential_election&oldid=1353912853,https://www.congress.gov.ph/index.php/media/photojournal/3000,Bongbong Marcos,Marcos,0,279319,0,279319,0,9128,0,first,,,Ernesto Abella,Abella,1345,Region VI (Western Visayas),PH2022-009,official,
Bacolod,https://en.wikipedia.org/w/index.php?title=Congressional_canvass_for_the_2022_Philippine_presidential_election&oldid=1353912853,https://www.congress.gov.ph/index.php/media/photojournal/3000,Bongbong Marcos,Marcos,0,279319,0,279319,0,9128,0,first,,,Leody de Guzman,De Guzman,602,Region VI (Western Visayas),PH2022-009,official,
Bacolod,https://en.wikipedia.org/w/index.php?title=Congressional_canvass_for_the_2022_Philippine_presidential_election&oldid=1353912853,https://www.congress.gov.ph/index.php/media/photojournal/3000,Bongbong Marcos,Marcos,0,279319,0,279319,0,9128,0,first,,,Norberto Gonzales,Gonzales,503,Region VI (Western Visayas),PH2022-009,official,
Bacolod,https://en.wikipedia.org/w/index.php?title=Congressional_canvass_for_the_2022_Philippine_presidential_election&oldid=1353912853,https://www.congress.gov.ph/index.php/media/photojournal/3000,Bongbong Marcos,Marcos,0,279319,0,279319,0,9128,0,first,,,Jose Montemayor Jr.,Montemayor,292,Region VI (Western Visayas),PH2022-009,official,
Baguio,https://en.wikipedia.org/w/index.php?title=Congressional_canvass_for_the_2022_Philippine_presidential_election&oldid=1353912853,https://www.congress.gov.ph/index.php/media/photojournal/3000,Bongbong Marcos,Marcos,0,138192,0,138192,0,70490,0,first,,,Bongbong Marcos,Marcos,98286,CAR,PH2022-010,official,
Baguio,https://en.wikipedia.org/w/index.php?title=Congressional_canvass_for_the_2022_Philippine_presidential_election&oldid=1353912853,https://www.congress.gov.ph/index.php/media/photojournal/3000,Bongbong Marcos,Marcos,0,138192,0,138192,0,70490,0,first,,,Leni Robredo,Robredo,27796,CAR,PH2022-010,official,
Baguio,https://en.wikipedia.org/w/index.php?title=Congressional_canvass_for_the_2022_Philippine_presidential_election&oldid=1353912853,https://www.congress.gov.ph/index.php/media/photojournal/3000,Bongbong Marcos,Marcos,0,138192,0,138192,0,70490,0,first,,,Manny Pacquiao,Pacquiao,1765,CAR,PH2022-010,official,
Baguio,https://en.wikipedia.org/w/index.php?title=Congressional_canvass_for_the_2022_Philippine_presidential_election&oldid=1353912853,https://www.congress.gov.ph/index.php/media/photojournal/3000,Bongbong Marcos,Marcos,0,138192,0,138192,0,70490,0,first,,,Isko Moreno,Moreno,3301,CAR,PH2022-010,official,
Baguio,https://en.wikipedia.org/w/index.php?title=Congressional_canvass_for_the_2022_Philippine_presidential_election&oldid=1353912853,https://www.congress.gov.ph/index.php/media/photojournal/3000,Bongbong Marcos,Marcos,0,138192,0,138192,0,70490,0,first,,,Panfilo Lacson,Lacson,5889,CAR,PH2022-010,official,
Baguio,https://en.wikipedia.org/w/index.php?title=Congressional_canvass_for_the_2022_Philippine_presidential_election&oldid=1353912853,https://www.congress.gov.ph/index.php/media/photojournal/3000,Bongbong Marcos,Marcos,0,138192,0,138192,0,70490,0,first,,,Faisal Mangondato,Mangondato,643,CAR,PH2022-010,official,
Baguio,https://en.wikipedia.org/w/index.php?title=Congressional_canvass_for_the_2022_Philippine_presidential_election&oldid=1353912853,https://www.congress.gov.ph/index.php/media/photojournal/3000,Bongbong Marcos,Marcos,0,138192,0,138192,0,70490,0,first,,,Ernesto Abella,Abella,124,CAR,PH2022-010,official,
Baguio,https://en.wikipedia.org/w/index.php?title=Congressional_canvass_for_the_2022_Philippine_presidential_election&oldid=1353912853,https://www.congress.gov.ph/index.php/media/photojournal/3000,Bongbong Marcos,Marcos,0,138192,0,138192,0,70490,0,first,,,Leody de Guzman,De Guzman,144,CAR,PH2022-010,official,
Baguio,https://en.wikipedia.org/w/index.php?title=Congressional_canvass_for_the_2022_Philippine_presidential_election&oldid=1353912853,https://www.congress.gov.ph/index.php/media/photojournal/3000,Bongbong Marcos,Marcos,0,138192,0,138192,0,70490,0,first,,,Norberto Gonzales,Gonzales,90,CAR,PH2022-010,official,
Baguio,https://en.wikipedia.org/w/index.php?title=Congressional_canvass_for_the_2022_Philippine_presidential_election&oldid=1353912853,https://www.congress.gov.ph/index.php/media/photojournal/3000,Bongbong Marcos,Marcos,0,138192,0,138192,0,70490,0,first,,,Jose Montemayor Jr.,Montemayor,154,CAR,PH2022-010,official,
Basilan,https://en.wikipedia.org/w/index.php?title=Congressional_canvass_for_the_2022_Philippine_presidential_election&oldid=1353912853,https://www.congress.gov.ph/index.php/media/photojournal/3000,Bongbong Marcos,Marcos,0,212391,0,212391,0,95610,0,first,,,Bongbong Marcos,Marcos,147121,BARMM,PH2022-011,official,
Basilan,https://en.wikipedia.org/w/index.php?title=Congressional_canvass_for_the_2022_Philippine_presidential_election&oldid=1353912853,https://www.congress.gov.ph/index.php/media/photojournal/3000,Bongbong Marcos,Marcos,0,212391,0,212391,0,95610,0,first,,,Leni Robredo,Robredo,51511,BARMM,PH2022-011,official,
Basilan,https://en.wikipedia.org/w/index.php?title=Congressional_canvass_for_the_2022_Philippine_presidential_election&oldid=1353912853,https://www.congress.gov.ph/index.php/media/photojournal/3000,Bongbong Marcos,Marcos,0,212391,0,212391,0,95610,0,first,,,Manny Pacquiao,Pacquiao,4074,BARMM,PH2022-011,official,
Basilan,https://en.wikipedia.org/w/index.php?title=Congressional_canvass_for_the_2022_Philippine_presidential_election&oldid=1353912853,https://www.congress.gov.ph/index.php/media/photojournal/3000,Bongbong Marcos,Marcos,0,212391,0,212391,0,95610,0,first,,,Isko Moreno,Moreno,3823,BARMM,PH2022-011,official,
Basilan,https://en.wikipedia.org/w/index.php?title=Congressional_canvass_for_the_2022_Philippine_presidential_election&oldid=1353912853,https://www.congress.gov.ph/index.php/media/photojournal/3000,Bongbong Marcos,Marcos,0,212391,0,212391,0,95610,0,first,,,Panfilo Lacson,Lacson,750,BARMM,PH2022-011,official,
Basilan,https://en.wikipedia.org/w/index.php?title=Congressional_canvass_for_the_2022_Philippine_presidential_election&oldid=1353912853,https://www.congress.gov.ph/index.php/media/photojournal/3000,Bongbong Marcos,Marcos,0,212391,0,212391,0,95610,0,first,,,Faisal Mangondato,Mangondato,3923,BARMM,PH2022-011,official,
Basilan,https://en.wikipedia.org/w/index.php?title=Congressional_canvass_for_the_2022_Philippine_presidential_election&oldid=1353912853,https://www.congress.gov.ph/index.php/media/photojournal/3000,Bongbong Marcos,Marcos,0,212391,0,212391,0,95610,0,first,,,Ernesto Abella,Abella,586,BARMM,PH2022-011,official,
Basilan,https://en.wikipedia.org/w/index.php?title=Congressional_canvass_for_the_2022_Philippine_presidential_election&oldid=1353912853,https://www.congress.gov.ph/index.php/media/photojournal/3000,Bongbong Marcos,Marcos,0,212391,0,212391,0,95610,0,first,,,Leody de Guzman,De Guzman,162,BARMM,PH2022-011,official,
Basilan,https://en.wikipedia.org/w/index.php?title=Congressional_canvass_for_the_2022_Philippine_presidential_election&oldid=1353912853,https://www.congress.gov.ph/index.php/media/photojournal/3000,Bongbong Marcos,Marcos,0,212391,0,212391,0,95610,0,first,,,Norberto Gonzales,Gonzales,315,BARMM,PH2022-011,official,
Basilan,https://en.wikipedia.org/w/index.php?title=Congressional_canvass_for_the_2022_Philippine_presidential_election&oldid=1353912853,https://www.congress.gov.ph/index.php/media/photojournal/3000,Bongbong Marcos,Marcos,0,212391,0,212391,0,95610,0,first,,,Jose Montemayor Jr.,Montemayor,126,BARMM,PH2022-011,official,
Bataan,https://en.wikipedia.org/w/index.php?title=Congressional_canvass_for_the_2022_Philippine_presidential_election&oldid=1353912853,https://www.congress.gov.ph/index.php/media/photojournal/3000,Bongbong Marcos,Marcos,0,486276,0,486276,0,224885,0,first,,,Bongbong Marcos,Marcos,334642,Region III (Central Luzon),PH2022-012,official,
Bataan,https://en.wikipedia.org/w/index.php?title=Congressional_canvass_for_the_2022_Philippine_presidential_election&oldid=1353912853,https://www.congress.gov.ph/index.php/media/photojournal/3000,Bongbong Marcos,Marcos,0,486276,0,486276,0,224885,0,first,,,Leni Robredo,Robredo,109757,Region III (Central Luzon),PH2022-012,official,
Bataan,https://en.wikipedia.org/w/index.php?title=Congressional_canvass_for_the_2022_Philippine_presidential_election&oldid=1353912853,https://www.congress.gov.ph/index.php/media/photojournal/3000,Bongbong Marcos,Marcos,0,486276,0,486276,0,224885,0,first,,,Manny Pacquiao,Pacquiao,7452,Region III (Central Luzon),PH2022-012,official,
Bataan,https://en.wikipedia.org/w/index.php?title=Congressional_canvass_for_the_2022_Philippine_presidential_election&oldid=1353912853,https://www.congress.gov.ph/index.php/media/photojournal/3000,Bongbong Marcos,Marcos,0,486276,0,486276,0,224885,0,first,,,Isko Moreno,Moreno,21158,Region III (Central Luzon),PH2022-012,official,
Bataan,https://en.wikipedia.org/w/index.php?title=Congressional_canvass_for_the_2022_Philippine_presidential_election&oldid=1353912853,https://www.congress.gov.ph/index.php/media/photojournal/3000,Bongbong Marcos,Marcos,0,486276,0,486276,0,224885,0,first,,,Panfilo Lacson,Lacson,9767,Region III (Central Luzon),PH2022-012,official,
Bataan,https://en.wikipedia.org/w/index.php?title=Congressional_canvass_for_the_2022_Philippine_presidential_election&oldid=1353912853,https://www.congress.gov.ph/index.php/media/photojournal/3000,Bongbong Marcos,Marcos,0,486276,0,486276,0,224885,0,first,,,Faisal Mangondato,Mangondato,453,Region III (Central Luzon),PH2022-012,official,
Bataan,https://en.wikipedia.org/w/index.php?title=Congressional_canvass_for_the_2022_Philippine_presidential_election&oldid=1353912853,https://www.congress.gov.ph/index.php/media/photojournal/3000,Bongbong Marcos,Marcos,0,486276,0,486276,0,224885,0,first,,,Ernesto Abella,Abella,671,Region III (Central Luzon),PH2022-012,official,
Bataan,https://en.wikipedia.org/w/index.php?title=Congressional_canvass_for_the_2022_Philippine_presidential_election&oldid=1353912853,https://www.congress.gov.ph/index.php/media/photojournal/3000,Bongbong Marcos,Marcos,0,486276,0,486276,0,224885,0,first,,,Leody de Guzman,De Guzman,544,Region III (Central Luzon),PH2022-012,official,
Bataan,https://en.wikipedia.org/w/index.php?title=Congressional_canvass_for_the_2022_Philippine_presidential_election&oldid=1353912853,https://www.congress.gov.ph/index.php/media/photojournal/3000,Bongbong Marcos,Marcos,0,486276,0,486276,0,224885,0,first,,,Norberto Gonzales,Gonzales,1508,Region III (Central Luzon),PH2022-012,official,
Bataan,https://en.wikipedia.org/w/index.php?title=Congressional_canvass_for_the_2022_Philippine_presidential_election&oldid=1353912853,https://www.congress.gov.ph/index.php/media/photojournal/3000,Bongbong Marcos,Marcos,0,486276,0,486276,0,224885,0,first,,,Jose Montemayor Jr.,Montemayor,324,Region III (Central Luzon),PH2022-012,official,
Batanes,https://en.wikipedia.org/w/index.php?title=Congressional_canvass_for_the_2022_Philippine_presidential_election&oldid=1353912853,https://www.congress.gov.ph/index.php/media/photojournal/3000,Leni Robredo,Robredo,0,11121,0,11121,0,837,0,first,,,Bongbong Marcos,Marcos,4358,Region II (Cagayan Valley),PH2022-013,official,
Batanes,https://en.wikipedia.org/w/index.php?title=Congressional_canvass_for_the_2022_Philippine_presidential_election&oldid=1353912853,https://www.congress.gov.ph/index.php/media/photojournal/3000,Leni Robredo,Robredo,0,11121,0,11121,0,837,0,first,,,Leni Robredo,Robredo,5195,Region II (Cagayan Valley),PH2022-013,official,
Batanes,https://en.wikipedia.org/w/index.php?title=Congressional_canvass_for_the_2022_Philippine_presidential_election&oldid=1353912853,https://www.congress.gov.ph/index.php/media/photojournal/3000,Leni Robredo,Robredo,0,11121,0,11121,0,837,0,first,,,Manny Pacquiao,Pacquiao,182,Region II (Cagayan Valley),PH2022-013,official,
Batanes,https://en.wikipedia.org/w/index.php?title=Congressional_canvass_for_the_2022_Philippine_presidential_election&oldid=1353912853,https://www.congress.gov.ph/index.php/media/photojournal/3000,Leni Robredo,Robredo,0,11121,0,11121,0,837,0,first,,,Isko Moreno,Moreno,725,Region II (Cagayan Valley),PH2022-013,official,
Batanes,https://en.wikipedia.org/w/index.php?title=Congressional_canvass_for_the_2022_Philippine_presidential_election&oldid=1353912853,https://www.congress.gov.ph/index.php/media/photojournal/3000,Leni Robredo,Robredo,0,11121,0,11121,0,837,0,first,,,Panfilo Lacson,Lacson,567,Region II (Cagayan Valley),PH2022-013,official,
Batanes,https://en.wikipedia.org/w/index.php?title=Congressional_canvass_for_the_2022_Philippine_presidential_election&oldid=1353912853,https://www.congress.gov.ph/index.php/media/photojournal/3000,Leni Robredo,Robredo,0,11121,0,11121,0,837,0,first,,,Faisal Mangondato,Mangondato,7,Region II (Cagayan Valley),PH2022-013,official,
Batanes,https://en.wikipedia.org/w/index.php?title=Congressional_canvass_for_the_2022_Philippine_presidential_election&oldid=1353912853,https://www.congress.gov.ph/index.php/media/photojournal/3000,Leni Robredo,Robredo,0,11121,0,11121,0,837,0,first,,,Ernesto Abella,Abella,17,Region II (Cagayan Valley),PH2022-013,official,
Batanes,https://en.wikipedia.org/w/index.php?title=Congressional_canvass_for_the_2022_Philippine_presidential_election&oldid=1353912853,https://www.congress.gov.ph/index.php/media/photojournal/3000,Leni Robredo,Robredo,0,11121,0,11121,0,837,0,first,,,Leody de Guzman,De Guzman,34,Region II (Cagayan Valley),PH2022-013,official,
Batanes,https://en.wikipedia.org/w/index.php?title=Congressional_canvass_for_the_2022_Philippine_presidential_election&oldid=1353912853,https://www.congress.gov.ph/index.php/media/photojournal/3000,Leni Robredo,Robredo,0,11121,0,11121,0,837,0,first,,,Norberto Gonzales,Gonzales,25,Region II (Cagayan Valley),PH2022-013,official,
Batanes,https://en.wikipedia.org/w/index.php?title=Congressional_canvass_for_the_2022_Philippine_presidential_election&oldid=1353912853,https://www.congress.gov.ph/index.php/media/photojournal/3000,Leni Robredo,Robredo,0,11121,0,11121,0,837,0,first,,,Jose Montemayor Jr.,Montemayor,11,Region II (Cagayan Valley),PH2022-013,official,
Batangas,https://en.wikipedia.org/w/index.php?title=Congressional_canvass_for_the_2022_Philippine_presidential_election&oldid=1353912853,https://www.congress.gov.ph/index.php/media/photojournal/3000,Bongbong Marcos,Marcos,0,1553230,0,1553230,0,63805,0,first,,,Bongbong Marcos,Marcos,719971,Region IV-A (CALABARZON),PH2022-014,official,
Batangas,https://en.wikipedia.org/w/index.php?title=Congressional_canvass_for_the_2022_Philippine_presidential_election&oldid=1353912853,https://www.congress.gov.ph/index.php/media/photojournal/3000,Bongbong Marcos,Marcos,0,1553230,0,1553230,0,63805,0,first,,,Leni Robredo,Robredo,656166,Region IV-A (CALABARZON),PH2022-014,official,
Batangas,https://en.wikipedia.org/w/index.php?title=Congressional_canvass_for_the_2022_Philippine_presidential_election&oldid=1353912853,https://www.congress.gov.ph/index.php/media/photojournal/3000,Bongbong Marcos,Marcos,0,1553230,0,1553230,0,63805,0,first,,,Manny Pacquiao,Pacquiao,36290,Region IV-A (CALABARZON),PH2022-014,official,
Batangas,https://en.wikipedia.org/w/index.php?title=Congressional_canvass_for_the_2022_Philippine_presidential_election&oldid=1353912853,https://www.congress.gov.ph/index.php/media/photojournal/3000,Bongbong Marcos,Marcos,0,1553230,0,1553230,0,63805,0,first,,,Isko Moreno,Moreno,88559,Region IV-A (CALABARZON),PH2022-014,official,
Batangas,https://en.wikipedia.org/w/index.php?title=Congressional_canvass_for_the_2022_Philippine_presidential_election&oldid=1353912853,https://www.congress.gov.ph/index.php/media/photojournal/3000,Bongbong Marcos,Marcos,0,1553230,0,1553230,0,63805,0,first,,,Panfilo Lacson,Lacson,43195,Region IV-A (CALABARZON),PH2022-014,official,
Batangas,https://en.wikipedia.org/w/index.php?title=Congressional_canvass_for_the_2022_Philippine_presidential_election&oldid=1353912853,https://www.congress.gov.ph/index.php/media/photojournal/3000,Bongbong Marcos,Marcos,0,1553230,0,1553230,0,63805,0,first,,,Faisal Mangondato,Mangondato,1352,Region IV-A (CALABARZON),PH2022-014,official,
Batangas,https://en.wikipedia.org/w/index.php?title=Congressional_canvass_for_the_2022_Philippine_presidential_election&oldid=1353912853,https://www.congress.gov.ph/index.php/media/photojournal/3000,Bongbong Marcos,Marcos,0,1553230,0,1553230,0,63805,0,first,,,Ernesto Abella,Abella,2188,Region IV-A (CALABARZON),PH2022-014,official,
Batangas,https://en.wikipedia.org/w/index.php?title=Congressional_canvass_for_the_2022_Philippine_presidential_election&oldid=1353912853,https://www.congress.gov.ph/index.php/media/photojournal/3000,Bongbong Marcos,Marcos,0,1553230,0,1553230,0,63805,0,first,,,Leody de Guzman,De Guzman,2361,Region IV-A (CALABARZON),PH2022-014,official,
Batangas,https://en.wikipedia.org/w/index.php?title=Congressional_canvass_for_the_2022_Philippine_presidential_election&oldid=1353912853,https://www.congress.gov.ph/index.php/media/photojournal/3000,Bongbong Marcos,Marcos,0,1553230,0,1553230,0,63805,0,first,,,Norberto Gonzales,Gonzales,1969,Region IV-A (CALABARZON),PH2022-014,official,
Batangas,https://en.wikipedia.org/w/index.php?title=Congressional_canvass_for_the_2022_Philippine_presidential_election&oldid=1353912853,https://www.congress.gov.ph/index.php/media/photojournal/3000,Bongbong Marcos,Marcos,0,1553230,0,1553230,0,63805,0,first,,,Jose Montemayor Jr.,Montemayor,1179,Region IV-A (CALABARZON),PH2022-014,official,
Benguet,https://en.wikipedia.org/w/index.php?title=Congressional_canvass_for_the_2022_Philippine_presidential_election&oldid=1353912853,https://www.congress.gov.ph/index.php/media/photojournal/3000,Bongbong Marcos,Marcos,0,205752,0,205752,0,144859,0,first,,,Bongbong Marcos,Marcos,166541,CAR,PH2022-015,official,
Benguet,https://en.wikipedia.org/w/index.php?title=Congressional_canvass_for_the_2022_Philippine_presidential_election&oldid=1353912853,https://www.congress.gov.ph/index.php/media/photojournal/3000,Bongbong Marcos,Marcos,0,205752,0,205752,0,144859,0,first,,,Leni Robredo,Robredo,21682,CAR,PH2022-015,official,
Benguet,https://en.wikipedia.org/w/index.php?title=Congressional_canvass_for_the_2022_Philippine_presidential_election&oldid=1353912853,https://www.congress.gov.ph/index.php/media/photojournal/3000,Bongbong Marcos,Marcos,0,205752,0,205752,0,144859,0,first,,,Manny Pacquiao,Pacquiao,5299,CAR,PH2022-015,official,
Benguet,https://en.wikipedia.org/w/index.php?title=Congressional_canvass_for_the_2022_Philippine_presidential_election&oldid=1353912853,https://www.congress.gov.ph/index.php/media/photojournal/3000,Bongbong Marcos,Marcos,0,205752,0,205752,0,144859,0,first,,,Isko Moreno,Moreno,3697,CAR,PH2022-015,official,
Benguet,https://en.wikipedia.org/w/index.php?title=Congressional_canvass_for_the_2022_Philippine_presidential_election&oldid=1353912853,https://www.congress.gov.ph/index.php/media/photojournal/3000,Bongbong Marcos,Marcos,0,205752,0,205752,0,144859,0,first,,,Panfilo Lacson,Lacson,7594,CAR,PH2022-015,official,
Benguet,https://en.wikipedia.org/w/index.php?title=Congressional_canvass_for_the_2022_Philippine_presidential_election&oldid=1353912853,https://www.congress.gov.ph/index.php/media/photojournal/3000,Bongbong Marcos,Marcos,0,205752,0,205752,0,144859,0,first,,,Faisal Mangondato,Mangondato,124,CAR,PH2022-015,official,
Benguet,https://en.wikipedia.org/w/index.php?title=Congressional_canvass_for_the_2022_Philippine_presidential_election&oldid=1353912853,https://www.congress.gov.ph/index.php/media/photojournal/3000,Bongbong Marcos,Marcos,0,205752,0,205752,0,144859,0,first,,,Ernesto Abella,Abella,168,CAR,PH2022-015,official,
Benguet,https://en.wikipedia.org/w/index.php?title=Congressional_canvass_for_the_2022_Philippine_presidential_election&oldid=1353912853,https://www.congress.gov.ph/index.php/media/photojournal/3000,Bongbong Marcos,Marcos,0,205752,0,205752,0,144859,0,first,,,Leody de Guzman,De Guzman,187,CAR,PH2022-015,official,
Benguet,https://en.wikipedia.org/w/index.php?title=Congressional_canvass_for_the_2022_Philippine_presidential_election&oldid=1353912853,https://www.congress.gov.ph/index.php/media/photojournal/3000,Bongbong Marcos,Marcos,0,205752,0,205752,0,144859,0,first,,,Norberto Gonzales,Gonzales,195,CAR,PH2022-015,official,
Benguet,https://en.wikipedia.org/w/index.php?title=Congressional_canvass_for_the_2022_Philippine_presidential_election&oldid=1353912853,https://www.congress.gov.ph/index.php/media/photojournal/3000,Bongbong Marcos,Marcos,0,205752,0,205752,0,144859,0,first,,,Jose Montemayor Jr.,Montemayor,265,CAR,PH2022-015,official,
Biliran,https://en.wikipedia.org/w/index.php?title=Congressional_canvass_for_the_2022_Philippine_presidential_election&oldid=1353912853,https://www.congress.gov.ph/index.php/media/photojournal/3000,Bongbong Marcos,Marcos,0,94172,0,94172,0,43340,0,first,,,Bongbong Marcos,Marcos,60687,Region VIII (Eastern Visayas),PH2022-016,official,
Biliran,https://en.wikipedia.org/w/index.php?title=Congressional_canvass_for_the_2022_Philippine_presidential_election&oldid=1353912853,https://www.congress.gov.ph/index.php/media/photojournal/3000,Bongbong Marcos,Marcos,0,94172,0,94172,0,43340,0,first,,,Leni Robredo,Robredo,11851,Region VIII (Eastern Visayas),PH2022-016,official,
Biliran,https://en.wikipedia.org/w/index.php?title=Congressional_canvass_for_the_2022_Philippine_presidential_election&oldid=1353912853,https://www.congress.gov.ph/index.php/media/photojournal/3000,Bongbong Marcos,Marcos,0,94172,0,94172,0,43340,0,first,,,Manny Pacquiao,Pacquiao,17347,Region VIII (Eastern Visayas),PH2022-016,official,
Biliran,https://en.wikipedia.org/w/index.php?title=Congressional_canvass_for_the_2022_Philippine_presidential_election&oldid=1353912853,https://www.congress.gov.ph/index.php/media/photojournal/3000,Bongbong Marcos,Marcos,0,94172,0,94172,0,43340,0,first,,,Isko Moreno,Moreno,2445,Region VIII (Eastern Visayas),PH2022-016,official,
Biliran,https://en.wikipedia.org/w/index.php?title=Congressional_canvass_for_the_2022_Philippine_presidential_election&oldid=1353912853,https://www.congress.gov.ph/index.php/media/photojournal/3000,Bongbong Marcos,Marcos,0,94172,0,94172,0,43340,0,first,,,Panfilo Lacson,Lacson,856,Region VIII (Eastern Visayas),PH2022-016,official,
Biliran,https://en.wikipedia.org/w/index.php?title=Congressional_canvass_for_the_2022_Philippine_presidential_election&oldid=1353912853,https://www.congress.gov.ph/index.php/media/photojournal/3000,Bongbong Marcos,Marcos,0,94172,0,94172,0,43340,0,first,,,Faisal Mangondato,Mangondato,152,Region VIII (Eastern Visayas),PH2022-016,official,
Biliran,https://en.wikipedia.org/w/index.php?title=Congressional_canvass_for_the_2022_Philippine_presidential_election&oldid=1353912853,https://www.congress.gov.ph/index.php/media/photojournal/3000,Bongbong Marcos,Marcos,0,94172,0,94172,0,43340,0,first,,,Ernesto Abella,Abella,327,Region VIII (Eastern Visayas),PH2022-016,official,
Biliran,https://en.wikipedia.org/w/index.php?title=Congressional_canvass_for_the_2022_Philippine_presidential_election&oldid=1353912853,https://www.congress.gov.ph/index.php/media/photojournal/3000,Bongbong Marcos,Marcos,0,94172,0,94172,0,43340,0,first,,,Leody de Guzman,De Guzman,199,Region VIII (Eastern Visayas),PH2022-016,official,
Biliran,https://en.wikipedia.org/w/index.php?title=Congressional_canvass_for_the_2022_Philippine_presidential_election&oldid=1353912853,https://www.congress.gov.ph/index.php/media/photojournal/3000,Bongbong Marcos,Marcos,0,94172,0,94172,0,43340,0,first,,,Norberto Gonzales,Gonzales,159,Region VIII (Eastern Visayas),PH2022-016,official,
Biliran,https://en.wikipedia.org/w/index.php?title=Congressional_canvass_for_the_2022_Philippine_presidential_election&oldid=1353912853,https://www.congress.gov.ph/index.php/media/photojournal/3000,Bongbong Marcos,Marcos,0,94172,0,94172,0,43340,0,first,,,Jose Montemayor Jr.,Montemayor,149,Region VIII (Eastern Visayas),PH2022-016,official,
Bohol,https://en.wikipedia.org/w/index.php?title=Congressional_canvass_for_the_2022_Philippine_presidential_election&oldid=1353912853,https://www.congress.gov.ph/index.php/media/photojournal/3000,Bongbong Marcos,Marcos,0,779347,0,779347,0,360619,0,first,,,Bongbong Marcos,Marcos,501637,Region VII (Central Visayas),PH2022-017,official,
Bohol,https://en.wikipedia.org/w/index.php?title=Congressional_canvass_for_the_2022_Philippine_presidential_election&oldid=1353912853,https://www.congress.gov.ph/index.php/media/photojournal/3000,Bongbong Marcos,Marcos,0,779347,0,779347,0,360619,0,first,,,Leni Robredo,Robredo,141018,Region VII (Central Visayas),PH2022-017,official,
Bohol,https://en.wikipedia.org/w/index.php?title=Congressional_canvass_for_the_2022_Philippine_presidential_election&oldid=1353912853,https://www.congress.gov.ph/index.php/media/photojournal/3000,Bongbong Marcos,Marcos,0,779347,0,779347,0,360619,0,first,,,Manny Pacquiao,Pacquiao,88938,Region VII (Central Visayas),PH2022-017,official,
Bohol,https://en.wikipedia.org/w/index.php?title=Congressional_canvass_for_the_2022_Philippine_presidential_election&oldid=1353912853,https://www.congress.gov.ph/index.php/media/photojournal/3000,Bongbong Marcos,Marcos,0,779347,0,779347,0,360619,0,first,,,Isko Moreno,Moreno,27334,Region VII (Central Visayas),PH2022-017,official,
Bohol,https://en.wikipedia.org/w/index.php?title=Congressional_canvass_for_the_2022_Philippine_presidential_election&oldid=1353912853,https://www.congress.gov.ph/index.php/media/photojournal/3000,Bongbong Marcos,Marcos,0,779347,0,779347,0,360619,0,first,,,Panfilo Lacson,Lacson,13058,Region VII (Central Visayas),PH2022-017,official,
Bohol,https://en.wikipedia.org/w/index.php?title=Congressional_canvass_for_the_2022_Philippine_presidential_election&oldid=1353912853,https://www.congress.gov.ph/index.php/media/photojournal/3000,Bongbong Marcos,Marcos,0,779347,0,779347,0,360619,0,first,,,Faisal Mangondato,Mangondato,803,Region VII (Central Visayas),PH2022-017,official,
Bohol,https://en.wikipedia.org/w/index.php?title=Congressional_canvass_for_the_2022_Philippine_presidential_election&oldid=1353912853,https://www.congress.gov.ph/index.php/media/photojournal/3000,Bongbong Marcos,Marcos,0,779347,0,779347,0,360619,0,first,,,Ernesto Abella,Abella,2255,Region VII (Central Visayas),PH2022-017,official,
Bohol,https://en.wikipedia.org/w/index.php?title=Congressional_canvass_for_the_2022_Philippine_presidential_election&oldid=1353912853,https://www.congress.gov.ph/index.php/media/photojournal/3000,Bongbong Marcos,Marcos,0,779347,0,779347,0,360619,0,first,,,Leody de Guzman,De Guzman,1354,Region VII (Central Visayas),PH2022-017,official,
Bohol,https://en.wikipedia.org/w/index.php?title=Congressional_canvass_for_the_2022_Philippine_presidential_election&oldid=1353912853,https://www.congress.gov.ph/index.php/media/photojournal/3000,Bongbong Marcos,Marcos,0,779347,0,779347,0,360619,0,first,,,Norberto Gonzales,Gonzales,1768,Region VII (Central Visayas),PH2022-017,official,
Bohol,https://en.wikipedia.org/w/index.php?title=Congressional_canvass_for_the_2022_Philippine_presidential_election&oldid=1353912853,https://www.congress.gov.ph/index.php/media/photojournal/3000,Bongbong Marcos,Marcos,0,779347,0,779347,0,360619,0,first,,,Jose Montemayor Jr.,Montemayor,1182,Region VII (Central Visayas),PH2022-017,official,
Bukidnon,https://en.wikipedia.org/w/index.php?title=Congressional_canvass_for_the_2022_Philippine_presidential_election&oldid=1353912853,https://www.congress.gov.ph/index.php/media/photojournal/3000,Bongbong Marcos,Marcos,0,760168,0,760168,0,384183,0,first,,,Bongbong Marcos,Marcos,514945,Region X (Northern Mindanao),PH2022-018,official,
Bukidnon,https://en.wikipedia.org/w/index.php?title=Congressional_canvass_for_the_2022_Philippine_presidential_election&oldid=1353912853,https://www.congress.gov.ph/index.php/media/photojournal/3000,Bongbong Marcos,Marcos,0,760168,0,760168,0,384183,0,first,,,Leni Robredo,Robredo,80450,Region X (Northern Mindanao),PH2022-018,official,
Bukidnon,https://en.wikipedia.org/w/index.php?title=Congressional_canvass_for_the_2022_Philippine_presidential_election&oldid=1353912853,https://www.congress.gov.ph/index.php/media/photojournal/3000,Bongbong Marcos,Marcos,0,760168,0,760168,0,384183,0,first,,,Manny Pacquiao,Pacquiao,130762,Region X (Northern Mindanao),PH2022-018,official,
Bukidnon,https://en.wikipedia.org/w/index.php?title=Congressional_canvass_for_the_2022_Philippine_presidential_election&oldid=1353912853,https://www.congress.gov.ph/index.php/media/photojournal/3000,Bongbong Marcos,Marcos,0,760168,0,760168,0,384183,0,first,,,Isko Moreno,Moreno,15884,Region X (Northern Mindanao),PH2022-018,official,
Bukidnon,https://en.wikipedia.org/w/index.php?title=Congressional_canvass_for_the_2022_Philippine_presidential_election&oldid=1353912853,https://www.congress.gov.ph/index.php/media/photojournal/3000,Bongbong Marcos,Marcos,0,760168,0,760168,0,384183,0,first,,,Panfilo Lacson,Lacson,7143,Region X (Northern Mindanao),PH2022-018,official,
Bukidnon,https://en.wikipedia.org/w/index.php?title=Congressional_canvass_for_the_2022_Philippine_presidential_election&oldid=1353912853,https://www.congress.gov.ph/index.php/media/photojournal/3000,Bongbong Marcos,Marcos,0,760168,0,760168,0,384183,0,first,,,Faisal Mangondato,Mangondato,1932,Region X (Northern Mindanao),PH2022-018,official,
Bukidnon,https://en.wikipedia.org/w/index.php?title=Congressional_canvass_for_the_2022_Philippine_presidential_election&oldid=1353912853,https://www.congress.gov.ph/index.php/media/photojournal/3000,Bongbong Marcos,Marcos,0,760168,0,760168,0,384183,0,first,,,Ernesto Abella,Abella,3156,Region X (Northern Mindanao),PH2022-018,official,
Bukidnon,https://en.wikipedia.org/w/index.php?title=Congressional_canvass_for_the_2022_Philippine_presidential_election&oldid=1353912853,https://www.congress.gov.ph/index.php/media/photojournal/3000,Bongbong Marcos,Marcos,0,760168,0,760168,0,384183,0,first,,,Leody de Guzman,De Guzman,2289,Region X (Northern Mindanao),PH2022-018,official,
Bukidnon,https://en.wikipedia.org/w/index.php?title=Congressional_canvass_for_the_2022_Philippine_presidential_election&oldid=1353912853,https://www.congress.gov.ph/index.php/media/photojournal/3000,Bongbong Marcos,Marcos,0,760168,0,760168,0,384183,0,first,,,Norberto Gonzales,Gonzales,2002,Region X (Northern Mindanao),PH2022-018,official,
Bukidnon,https://en.wikipedia.org/w/index.php?title=Congressional_canvass_for_the_2022_Philippine_presidential_election&oldid=1353912853,https://www.congress.gov.ph/index.php/media/photojournal/3000,Bongbong Marcos,Marcos,0,760168,0,760168,0,384183,0,first,,,Jose Montemayor Jr.,Montemayor,1605,Region X (Northern Mindanao),PH2022-018,official,
Bulacan,https://en.wikipedia.org/w/index.php?title=Congressional_canvass_for_the_2022_Philippine_presidential_election&oldid=1353912853,https://www.congress.gov.ph/index.php/media/photojournal/3000,Bongbong Marcos,Marcos,0,1725117,0,1725117,0,539872,0,first,,,Bongbong Marcos,Marcos,1040157,Region III (Central Luzon),PH2022-019,official,
Bulacan,https://en.wikipedia.org/w/index.php?title=Congressional_canvass_for_the_2022_Philippine_presidential_election&oldid=1353912853,https://www.congress.gov.ph/index.php/media/photojournal/3000,Bongbong Marcos,Marcos,0,1725117,0,1725117,0,539872,0,first,,,Leni Robredo,Robredo,500285,Region III (Central Luzon),PH2022-019,official,
Bulacan,https://en.wikipedia.org/w/index.php?title=Congressional_canvass_for_the_2022_Philippine_presidential_election&oldid=1353912853,https://www.congress.gov.ph/index.php/media/photojournal/3000,Bongbong Marcos,Marcos,0,1725117,0,1725117,0,539872,0,first,,,Manny Pacquiao,Pacquiao,36467,Region III (Central Luzon),PH2022-019,official,
Bulacan,https://en.wikipedia.org/w/index.php?title=Congressional_canvass_for_the_2022_Philippine_presidential_election&oldid=1353912853,https://www.congress.gov.ph/index.php/media/photojournal/3000,Bongbong Marcos,Marcos,0,1725117,0,1725117,0,539872,0,first,,,Isko Moreno,Moreno,92610,Region III (Central Luzon),PH2022-019,official,
Bulacan,https://en.wikipedia.org/w/index.php?title=Congressional_canvass_for_the_2022_Philippine_presidential_election&oldid=1353912853,https://www.congress.gov.ph/index.php/media/photojournal/3000,Bongbong Marcos,Marcos,0,1725117,0,1725117,0,539872,0,first,,,Panfilo Lacson,Lacson,44934,Region III (Central Luzon),PH2022-019,official,
Bulacan,https://en.wikipedia.org/w/index.php?title=Congressional_canvass_for_the_2022_Philippine_presidential_election&oldid=1353912853,https://www.congress.gov.ph/index.php/media/photojournal/3000,Bongbong Marcos,Marcos,0,1725117,0,1725117,0,539872,0,first,,,Faisal Mangondato,Mangondato,1517,Region III (Central Luzon),PH2022-019,official,
Bulacan,https://en.wikipedia.org/w/index.php?title=Congressional_canvass_for_the_2022_Philippine_presidential_election&oldid=1353912853,https://www.congress.gov.ph/index.php/media/photojournal/3000,Bongbong Marcos,Marcos,0,1725117,0,1725117,0,539872,0,first,,,Ernesto Abella,Abella,2399,Region III (Central Luzon),PH2022-019,official,
Bulacan,https://en.wikipedia.org/w/index.php?title=Congressional_canvass_for_the_2022_Philippine_presidential_election&oldid=1353912853,https://www.congress.gov.ph/index.php/media/photojournal/3000,Bongbong Marcos,Marcos,0,1725117,0,1725117,0,539872,0,first,,,Leody de Guzman,De Guzman,3056,Region III (Central Luzon),PH2022-019,official,
Bulacan,https://en.wikipedia.org/w/index.php?title=Congressional_canvass_for_the_2022_Philippine_presidential_election&oldid=1353912853,https://www.congress.gov.ph/index.php/media/photojournal/3000,Bongbong Marcos,Marcos,0,1725117,0,1725117,0,539872,0,first,,,Norberto Gonzales,Gonzales,2312,Region III (Central Luzon),PH2022-019,official,
Bulacan,https://en.wikipedia.org/w/index.php?title=Congressional_canvass_for_the_2022_Philippine_presidential_election&oldid=1353912853,https://www.congress.gov.ph/index.php/media/photojournal/3000,Bongbong Marcos,Marcos,0,1725117,0,1725117,0,539872,0,first,,,Jose Montemayor Jr.,Montemayor,1380,Region III (Central Luzon),PH2022-019,official,
Cagayan,https://en.wikipedia.org/w/index.php?title=Congressional_canvass_for_the_2022_Philippine_presidential_election&oldid=1353912853,https://www.congress.gov.ph/index.php/media/photojournal/3000,Bongbong Marcos,Marcos,0,625314,0,625314,0,509229,0,first,,,Bongbong Marcos,Marcos,556613,Region II (Cagayan Valley),PH2022-020,official,
Cagayan,https://en.wikipedia.org/w/index.php?title=Congressional_canvass_for_the_2022_Philippine_presidential_election&oldid=1353912853,https://www.congress.gov.ph/index.php/media/photojournal/3000,Bongbong Marcos,Marcos,0,625314,0,625314,0,509229,0,first,,,Leni Robredo,Robredo,47384,Region II (Cagayan Valley),PH2022-020,official,
Cagayan,https://en.wikipedia.org/w/index.php?title=Congressional_canvass_for_the_2022_Philippine_presidential_election&oldid=1353912853,https://www.congress.gov.ph/index.php/media/photojournal/3000,Bongbong Marcos,Marcos,0,625314,0,625314,0,509229,0,first,,,Manny Pacquiao,Pacquiao,5505,Region II (Cagayan Valley),PH2022-020,official,
Cagayan,https://en.wikipedia.org/w/index.php?title=Congressional_canvass_for_the_2022_Philippine_presidential_election&oldid=1353912853,https://www.congress.gov.ph/index.php/media/photojournal/3000,Bongbong Marcos,Marcos,0,625314,0,625314,0,509229,0,first,,,Isko Moreno,Moreno,5644,Region II (Cagayan Valley),PH2022-020,official,
Cagayan,https://en.wikipedia.org/w/index.php?title=Congressional_canvass_for_the_2022_Philippine_presidential_election&oldid=1353912853,https://www.congress.gov.ph/index.php/media/photojournal/3000,Bongbong Marcos,Marcos,0,625314,0,625314,0,509229,0,first,,,Panfilo Lacson,Lacson,6001,Region II (Cagayan Valley),PH2022-020,official,
Cagayan,https://en.wikipedia.org/w/index.php?title=Congressional_canvass_for_the_2022_Philippine_presidential_election&oldid=1353912853,https://www.congress.gov.ph/index.php/media/photojournal/3000,Bongbong Marcos,Marcos,0,625314,0,625314,0,509229,0,first,,,Faisal Mangondato,Mangondato,577,Region II (Cagayan Valley),PH2022-020,official,
Cagayan,https://en.wikipedia.org/w/index.php?title=Congressional_canvass_for_the_2022_Philippine_presidential_election&oldid=1353912853,https://www.congress.gov.ph/index.php/media/photojournal/3000,Bongbong Marcos,Marcos,0,625314,0,625314,0,509229,0,first,,,Ernesto Abella,Abella,1163,Region II (Cagayan Valley),PH2022-020,official,
Cagayan,https://en.wikipedia.org/w/index.php?title=Congressional_canvass_for_the_2022_Philippine_presidential_election&oldid=1353912853,https://www.congress.gov.ph/index.php/media/photojournal/3000,Bongbong Marcos,Marcos,0,625314,0,625314,0,509229,0,first,,,Leody de Guzman,De Guzman,1037,Region II (Cagayan Valley),PH2022-020,official,
Cagayan,https://en.wikipedia.org/w/index.php?title=Congressional_canvass_for_the_2022_Philippine_presidential_election&oldid=1353912853,https://www.congress.gov.ph/index.php/media/photojournal/3000,Bongbong Marcos,Marcos,0,625314,0,625314,0,509229,0,first,,,Norberto Gonzales,Gonzales,739,Region II (Cagayan Valley),PH2022-020,official,
Cagayan,https://en.wikipedia.org/w/index.php?title=Congressional_canvass_for_the_2022_Philippine_presidential_election&oldid=1353912853,https://www.congress.gov.ph/index.php/media/photojournal/3000,Bongbong Marcos,Marcos,0,625314,0,625314,0,509229,0,first,,,Jose Montemayor Jr.,Montemayor,651,Region II (Cagayan Valley),PH2022-020,official,
Cagayan de Oro,https://en.wikipedia.org/w/index.php?title=Congressional_canvass_for_the_2022_Philippine_presidential_election&oldid=1353912853,https://www.congress.gov.ph/index.php/media/photojournal/3000,Bongbong Marcos,Marcos,0,308700,0,308700,0,203281,0,first,,,Bongbong Marcos,Marcos,237653,Region X (Northern Mindanao),PH2022-021,official,
Cagayan de Oro,https://en.wikipedia.org/w/index.php?title=Congressional_canvass_for_the_2022_Philippine_presidential_election&oldid=1353912853,https://www.congress.gov.ph/index.php/media/photojournal/3000,Bongbong Marcos,Marcos,0,308700,0,308700,0,203281,0,first,,,Leni Robredo,Robredo,34372,Region X (Northern Mindanao),PH2022-021,official,
Cagayan de Oro,https://en.wikipedia.org/w/index.php?title=Congressional_canvass_for_the_2022_Philippine_presidential_election&oldid=1353912853,https://www.congress.gov.ph/index.php/media/photojournal/3000,Bongbong Marcos,Marcos,0,308700,0,308700,0,203281,0,first,,,Manny Pacquiao,Pacquiao,25220,Region X (Northern Mindanao),PH2022-021,official,
Cagayan de Oro,https://en.wikipedia.org/w/index.php?title=Congressional_canvass_for_the_2022_Philippine_presidential_election&oldid=1353912853,https://www.congress.gov.ph/index.php/media/photojournal/3000,Bongbong Marcos,Marcos,0,308700,0,308700,0,203281,0,first,,,Isko Moreno,Moreno,5556,Region X (Northern Mindanao),PH2022-021,official,
Cagayan de Oro,https://en.wikipedia.org/w/index.php?title=Congressional_canvass_for_the_2022_Philippine_presidential_election&oldid=1353912853,https://www.congress.gov.ph/index.php/media/photojournal/3000,Bongbong Marcos,Marcos,0,308700,0,308700,0,203281,0,first,,,Panfilo Lacson,Lacson,3585,Region X (Northern Mindanao),PH2022-021,official,
Cagayan de Oro,https://en.wikipedia.org/w/index.php?title=Congressional_canvass_for_the_2022_Philippine_presidential_election&oldid=1353912853,https://www.congress.gov.ph/index.php/media/photojournal/3000,Bongbong Marcos,Marcos,0,308700,0,308700,0,203281,0,first,,,Faisal Mangondato,Mangondato,550,Region X (Northern Mindanao),PH2022-021,official,
Cagayan de Oro,https://en.wikipedia.org/w/index.php?title=Congressional_canvass_for_the_2022_Philippine_presidential_election&oldid=1353912853,https://www.congress.gov.ph/index.php/media/photojournal/3000,Bongbong Marcos,Marcos,0,308700,0,308700,0,203281,0,first,,,Ernesto Abella,Abella,531,Region X (Northern Mindanao),PH2022-021,official,
Cagayan de Oro,https://en.wikipedia.org/w/index.php?title=Congressional_canvass_for_the_2022_Philippine_presidential_election&oldid=1353912853,https://www.congress.gov.ph/index.php/media/photojournal/3000,Bongbong Marcos,Marcos,0,308700,0,308700,0,203281,0,first,,,Leody de Guzman,De Guzman,409,Region X (Northern Mindanao),PH2022-021,official,
Cagayan de Oro,https://en.wikipedia.org/w/index.php?title=Congressional_canvass_for_the_2022_Philippine_presidential_election&oldid=1353912853,https://www.congress.gov.ph/index.php/media/photojournal/3000,Bongbong Marcos,Marcos,0,308700,0,308700,0,203281,0,first,,,Norberto Gonzales,Gonzales,464,Region X (Northern Mindanao),PH2022-021,official,
Cagayan de Oro,https://en.wikipedia.org/w/index.php?title=Congressional_canvass_for_the_2022_Philippine_presidential_election&oldid=1353912853,https://www.congress.gov.ph/index.php/media/photojournal/3000,Bongbong Marcos,Marcos,0,308700,0,308700,0,203281,0,first,,,Jose Montemayor Jr.,Montemayor,360,Region X (Northern Mindanao),PH2022-021,official,
Caloocan,https://en.wikipedia.org/w/index.php?title=Congressional_canvass_for_the_2022_Philippine_presidential_election&oldid=1353912853,https://www.congress.gov.ph/index.php/media/photojournal/3000,Bongbong Marcos,Marcos,0,575716,0,575716,0,208259,0,first,,,Bongbong Marcos,Marcos,361464,NCR,PH2022-022,official,
Caloocan,https://en.wikipedia.org/w/index.php?title=Congressional_canvass_for_the_2022_Philippine_presidential_election&oldid=1353912853,https://www.congress.gov.ph/index.php/media/photojournal/3000,Bongbong Marcos,Marcos,0,575716,0,575716,0,208259,0,first,,,Leni Robredo,Robredo,153205,NCR,PH2022-022,official,
Caloocan,https://en.wikipedia.org/w/index.php?title=Congressional_canvass_for_the_2022_Philippine_presidential_election&oldid=1353912853,https://www.congress.gov.ph/index.php/media/photojournal/3000,Bongbong Marcos,Marcos,0,575716,0,575716,0,208259,0,first,,,Manny Pacquiao,Pacquiao,10756,NCR,PH2022-022,official,
Caloocan,https://en.wikipedia.org/w/index.php?title=Congressional_canvass_for_the_2022_Philippine_presidential_election&oldid=1353912853,https://www.congress.gov.ph/index.php/media/photojournal/3000,Bongbong Marcos,Marcos,0,575716,0,575716,0,208259,0,first,,,Isko Moreno,Moreno,34252,NCR,PH2022-022,official,
Caloocan,https://en.wikipedia.org/w/index.php?title=Congressional_canvass_for_the_2022_Philippine_presidential_election&oldid=1353912853,https://www.congress.gov.ph/index.php/media/photojournal/3000,Bongbong Marcos,Marcos,0,575716,0,575716,0,208259,0,first,,,Panfilo Lacson,Lacson,13398,NCR,PH2022-022,official,
Caloocan,https://en.wikipedia.org/w/index.php?title=Congressional_canvass_for_the_2022_Philippine_presidential_election&oldid=1353912853,https://www.congress.gov.ph/index.php/media/photojournal/3000,Bongbong Marcos,Marcos,0,575716,0,575716,0,208259,0,first,,,Faisal Mangondato,Mangondato,460,NCR,PH2022-022,official,
Caloocan,https://en.wikipedia.org/w/index.php?title=Congressional_canvass_for_the_2022_Philippine_presidential_election&oldid=1353912853,https://www.congress.gov.ph/index.php/media/photojournal/3000,Bongbong Marcos,Marcos,0,575716,0,575716,0,208259,0,first,,,Ernesto Abella,Abella,397,NCR,PH2022-022,official,
Caloocan,https://en.wikipedia.org/w/index.php?title=Congressional_canvass_for_the_2022_Philippine_presidential_election&oldid=1353912853,https://www.congress.gov.ph/index.php/media/photojournal/3000,Bongbong Marcos,Marcos,0,575716,0,575716,0,208259,0,first,,,Leody de Guzman,De Guzman,786,NCR,PH2022-022,official,
Caloocan,https://en.wikipedia.org/w/index.php?title=Congressional_canvass_for_the_2022_Philippine_presidential_election&oldid=1353912853,https://www.congress.gov.ph/index.php/media/photojournal/3000,Bongbong Marcos,Marcos,0,575716,0,575716,0,208259,0,first,,,Norberto Gonzales,Gonzales,525,NCR,PH2022-022,official,
Caloocan,https://en.wikipedia.org/w/index.php?title=Congressional_canvass_for_the_2022_Philippine_presidential_election&oldid=1353912853,https://www.congress.gov.ph/index.php/media/photojournal/3000,Bongbong Marcos,Marcos,0,575716,0,575716,0,208259,0,first,,,Jose Montemayor Jr.,Montemayor,473,NCR,PH2022-022,official,
Camarines Norte,https://en.wikipedia.org/w/index.php?title=Congressional_canvass_for_the_2022_Philippine_presidential_election&oldid=1353912853,https://www.congress.gov.ph/index.php/media/photojournal/3000,Leni Robredo,Robredo,0,322410,0,322410,0,172358,0,first,,,Bongbong Marcos,Marcos,66995,Region V (Bicol Region),PH2022-023,official,
Camarines Norte,https://en.wikipedia.org/w/index.php?title=Congressional_canvass_for_the_2022_Philippine_presidential_election&oldid=1353912853,https://www.congress.gov.ph/index.php/media/photojournal/3000,Leni Robredo,Robredo,0,322410,0,322410,0,172358,0,first,,,Leni Robredo,Robredo,239353,Region V (Bicol Region),PH2022-023,official,
Camarines Norte,https://en.wikipedia.org/w/index.php?title=Congressional_canvass_for_the_2022_Philippine_presidential_election&oldid=1353912853,https://www.congress.gov.ph/index.php/media/photojournal/3000,Leni Robredo,Robredo,0,322410,0,322410,0,172358,0,first,,,Manny Pacquiao,Pacquiao,6133,Region V (Bicol Region),PH2022-023,official,
Camarines Norte,https://en.wikipedia.org/w/index.php?title=Congressional_canvass_for_the_2022_Philippine_presidential_election&oldid=1353912853,https://www.congress.gov.ph/index.php/media/photojournal/3000,Leni Robredo,Robredo,0,322410,0,322410,0,172358,0,first,,,Isko Moreno,Moreno,4426,Region V (Bicol Region),PH2022-023,official,
Camarines Norte,https://en.wikipedia.org/w/index.php?title=Congressional_canvass_for_the_2022_Philippine_presidential_election&oldid=1353912853,https://www.congress.gov.ph/index.php/media/photojournal/3000,Leni Robredo,Robredo,0,322410,0,322410,0,172358,0,first,,,Panfilo Lacson,Lacson,2486,Region V (Bicol Region),PH2022-023,official,
Camarines Norte,https://en.wikipedia.org/w/index.php?title=Congressional_canvass_for_the_2022_Philippine_presidential_election&oldid=1353912853,https://www.congress.gov.ph/index.php/media/photojournal/3000,Leni Robredo,Robredo,0,322410,0,322410,0,172358,0,first,,,Faisal Mangondato,Mangondato,300,Region V (Bicol Region),PH2022-023,official,
Camarines Norte,https://en.wikipedia.org/w/index.php?title=Congressional_canvass_for_the_2022_Philippine_presidential_election&oldid=1353912853,https://www.congress.gov.ph/index.php/media/photojournal/3000,Leni Robredo,Robredo,0,322410,0,322410,0,172358,0,first,,,Ernesto Abella,Abella,951,Region V (Bicol Region),PH2022-023,official,
Camarines Norte,https://en.wikipedia.org/w/index.php?title=Congressional_canvass_for_the_2022_Philippine_presidential_election&oldid=1353912853,https://www.congress.gov.ph/index.php/media/photojournal/3000,Leni Robredo,Robredo,0,322410,0,322410,0,172358,0,first,,,Leody de Guzman,De Guzman,730,Region V (Bicol Region),PH2022-023,official,
Camarines Norte,https://en.wikipedia.org/w/index.php?title=Congressional_canvass_for_the_2022_Philippine_presidential_election&oldid=1353912853,https://www.congress.gov.ph/index.php/media/photojournal/3000,Leni Robredo,Robredo,0,322410,0,322410,0,172358,0,first,,,Norberto Gonzales,Gonzales,677,Region V (Bicol Region),PH2022-023,official,
Camarines Norte,https://en.wikipedia.org/w/index.php?title=Congressional_canvass_for_the_2022_Philippine_presidential_election&oldid=1353912853,https://www.congress.gov.ph/index.php/media/photojournal/3000,Leni Robredo,Robredo,0,322410,0,322410,0,172358,0,first,,,Jose Montemayor Jr.,Montemayor,359,Region V (Bicol Region),PH2022-023,official,
Camarines Sur,https://en.wikipedia.org/w/index.php?title=Congressional_canvass_for_the_2022_Philippine_presidential_election&oldid=1353912853,https://www.congress.gov.ph/index.php/media/photojournal/3000,Leni Robredo,Robredo,0,1082726,0,1082726,0,855984,0,first,,,Bongbong Marcos,Marcos,102921,Region V (Bicol Region),PH2022-024,official,
Camarines Sur,https://en.wikipedia.org/w/index.php?title=Congressional_canvass_for_the_2022_Philippine_presidential_election&oldid=1353912853,https://www.congress.gov.ph/index.php/media/photojournal/3000,Leni Robredo,Robredo,0,1082726,0,1082726,0,855984,0,first,,,Leni Robredo,Robredo,958905,Region V (Bicol Region),PH2022-024,official,
Camarines Sur,https://en.wikipedia.org/w/index.php?title=Congressional_canvass_for_the_2022_Philippine_presidential_election&oldid=1353912853,https://www.congress.gov.ph/index.php/media/photojournal/3000,Leni Robredo,Robredo,0,1082726,0,1082726,0,855984,0,first,,,Manny Pacquiao,Pacquiao,6950,Region V (Bicol Region),PH2022-024,official,
Camarines Sur,https://en.wikipedia.org/w/index.php?title=Congressional_canvass_for_the_2022_Philippine_presidential_election&oldid=1353912853,https://www.congress.gov.ph/index.php/media/photojournal/3000,Leni Robredo,Robredo,0,1082726,0,1082726,0,855984,0,first,,,Isko Moreno,Moreno,3936,Region V (Bicol Region),PH2022-024,official,
Camarines Sur,https://en.wikipedia.org/w/index.php?title=Congressional_canvass_for_the_2022_Philippine_presidential_election&oldid=1353912853,https://www.congress.gov.ph/index.php/media/photojournal/3000,Leni Robredo,Robredo,0,1082726,0,1082726,0,855984,0,first,,,Panfilo Lacson,Lacson,3198,Region V (Bicol Region),PH2022-024,official,
Camarines Sur,https://en.wikipedia.org/w/index.php?title=Congressional_canvass_for_the_2022_Philippine_presidential_election&oldid=1353912853,https://www.congress.gov.ph/index.php/media/photojournal/3000,Leni Robredo,Robredo,0,1082726,0,1082726,0,855984,0,first,,,Faisal Mangondato,Mangondato,564,Region V (Bicol Region),PH2022-024,official,
Camarines Sur,https://en.wikipedia.org/w/index.php?title=Congressional_canvass_for_the_2022_Philippine_presidential_election&oldid=1353912853,https://www.congress.gov.ph/index.php/media/photojournal/3000,Leni Robredo,Robredo,0,1082726,0,1082726,0,855984,0,first,,,Ernesto Abella,Abella,2992,Region V (Bicol Region),PH2022-024,official,
Camarines Sur,https://en.wikipedia.org/w/index.php?title=Congressional_canvass_for_the_2022_Philippine_presidential_election&oldid=1353912853,https://www.congress.gov.ph/index.php/media/photojournal/3000,Leni Robredo,Robredo,0,1082726,0,1082726,0,855984,0,first,,,Leody de Guzman,De Guzman,1225,Region V (Bicol Region),PH2022-024,official,
Camarines Sur,https://en.wikipedia.org/w/index.php?title=Congressional_canvass_for_the_2022_Philippine_presidential_election&oldid=1353912853,https://www.congress.gov.ph/index.php/media/photojournal/3000,Leni Robredo,Robredo,0,1082726,0,1082726,0,855984,0,first,,,Norberto Gonzales,Gonzales,1271,Region V (Bicol Region),PH2022-024,official,
Camarines Sur,https://en.wikipedia.org/w/index.php?title=Congressional_canvass_for_the_2022_Philippine_presidential_election&oldid=1353912853,https://www.congress.gov.ph/index.php/media/photojournal/3000,Leni Robredo,Robredo,0,1082726,0,1082726,0,855984,0,first,,,Jose Montemayor Jr.,Montemayor,764,Region V (Bicol Region),PH2022-024,official,
Camiguin,https://en.wikipedia.org/w/index.php?title=Congressional_canvass_for_the_2022_Philippine_presidential_election&oldid=1353912853,https://www.congress.gov.ph/index.php/media/photojournal/3000,Bongbong Marcos,Marcos,0,52735,0,52735,0,40730,0,first,,,Bongbong Marcos,Marcos,45321,Region X (Northern Mindanao),PH2022-025,official,
Camiguin,https://en.wikipedia.org/w/index.php?title=Congressional_canvass_for_the_2022_Philippine_presidential_election&oldid=1353912853,https://www.congress.gov.ph/index.php/media/photojournal/3000,Bongbong Marcos,Marcos,0,52735,0,52735,0,40730,0,first,,,Leni Robredo,Robredo,4591,Region X (Northern Mindanao),PH2022-025,official,
Camiguin,https://en.wikipedia.org/w/index.php?title=Congressional_canvass_for_the_2022_Philippine_presidential_election&oldid=1353912853,https://www.congress.gov.ph/index.php/media/photojournal/3000,Bongbong Marcos,Marcos,0,52735,0,52735,0,40730,0,first,,,Manny Pacquiao,Pacquiao,1717,Region X (Northern Mindanao),PH2022-025,official,
Camiguin,https://en.wikipedia.org/w/index.php?title=Congressional_canvass_for_the_2022_Philippine_presidential_election&oldid=1353912853,https://www.congress.gov.ph/index.php/media/photojournal/3000,Bongbong Marcos,Marcos,0,52735,0,52735,0,40730,0,first,,,Isko Moreno,Moreno,505,Region X (Northern Mindanao),PH2022-025,official,
Camiguin,https://en.wikipedia.org/w/index.php?title=Congressional_canvass_for_the_2022_Philippine_presidential_election&oldid=1353912853,https://www.congress.gov.ph/index.php/media/photojournal/3000,Bongbong Marcos,Marcos,0,52735,0,52735,0,40730,0,first,,,Panfilo Lacson,Lacson,232,Region X (Northern Mindanao),PH2022-025,official,
Camiguin,https://en.wikipedia.org/w/index.php?title=Congressional_canvass_for_the_2022_Philippine_presidential_election&oldid=1353912853,https://www.congress.gov.ph/index.php/media/photojournal/3000,Bongbong Marcos,Marcos,0,52735,0,52735,0,40730,0,first,,,Faisal Mangondato,Mangondato,35,Region X (Northern Mindanao),PH2022-025,official,
Camiguin,https://en.wikipedia.org/w/index.php?title=Congressional_canvass_for_the_2022_Philippine_presidential_election&oldid=1353912853,https://www.congress.gov.ph/index.php/media/photojournal/3000,Bongbong Marcos,Marcos,0,52735,0,52735,0,40730,0,first,,,Ernesto Abella,Abella,76,Region X (Northern Mindanao),PH2022-025,official,
Camiguin,https://en.wikipedia.org/w/index.php?title=Congressional_canvass_for_the_2022_Philippine_presidential_election&oldid=1353912853,https://www.congress.gov.ph/index.php/media/photojournal/3000,Bongbong Marcos,Marcos,0,52735,0,52735,0,40730,0,first,,,Leody de Guzman,De Guzman,71,Region X (Northern Mindanao),PH2022-025,official,
Camiguin,https://en.wikipedia.org/w/index.php?title=Congressional_canvass_for_the_2022_Philippine_presidential_election&oldid=1353912853,https://www.congress.gov.ph/index.php/media/photojournal/3000,Bongbong Marcos,Marcos,0,52735,0,52735,0,40730,0,first,,,Norberto Gonzales,Gonzales,62,Region X (Northern Mindanao),PH2022-025,official,
Camiguin,https://en.wikipedia.org/w/index.php?title=Congressional_canvass_for_the_2022_Philippine_presidential_election&oldid=1353912853,https://www.congress.gov.ph/index.php/media/photojournal/3000,Bongbong Marcos,Marcos,0,52735,0,52735,0,40730,0,first,,,Jose Montemayor Jr.,Montemayor,125,Region X (Northern Mindanao),PH2022-025,official,
Capiz,https://en.wikipedia.org/w/index.php?title=Congressional_canvass_for_the_2022_Philippine_presidential_election&oldid=1353912853,https://www.congress.gov.ph/index.php/media/photojournal/3000,Leni Robredo,Robredo,0,429481,0,429481,0,50333,0,first,,,Bongbong Marcos,Marcos,165903,Region VI (Western Visayas),PH2022-026,official,
Capiz,https://en.wikipedia.org/w/index.php?title=Congressional_canvass_for_the_2022_Philippine_presidential_election&oldid=1353912853,https://www.congress.gov.ph/index.php/media/photojournal/3000,Leni Robredo,Robredo,0,429481,0,429481,0,50333,0,first,,,Leni Robredo,Robredo,216236,Region VI (Western Visayas),PH2022-026,official,
Capiz,https://en.wikipedia.org/w/index.php?title=Congressional_canvass_for_the_2022_Philippine_presidential_election&oldid=1353912853,https://www.congress.gov.ph/index.php/media/photojournal/3000,Leni Robredo,Robredo,0,429481,0,429481,0,50333,0,first,,,Manny Pacquiao,Pacquiao,21667,Region VI (Western Visayas),PH2022-026,official,
Capiz,https://en.wikipedia.org/w/index.php?title=Congressional_canvass_for_the_2022_Philippine_presidential_election&oldid=1353912853,https://www.congress.gov.ph/index.php/media/photojournal/3000,Leni Robredo,Robredo,0,429481,0,429481,0,50333,0,first,,,Isko Moreno,Moreno,16543,Region VI (Western Visayas),PH2022-026,official,
Capiz,https://en.wikipedia.org/w/index.php?title=Congressional_canvass_for_the_2022_Philippine_presidential_election&oldid=1353912853,https://www.congress.gov.ph/index.php/media/photojournal/3000,Leni Robredo,Robredo,0,429481,0,429481,0,50333,0,first,,,Panfilo Lacson,Lacson,4336,Region VI (Western Visayas),PH2022-026,official,
Capiz,https://en.wikipedia.org/w/index.php?title=Congressional_canvass_for_the_2022_Philippine_presidential_election&oldid=1353912853,https://www.congress.gov.ph/index.php/media/photojournal/3000,Leni Robredo,Robredo,0,429481,0,429481,0,50333,0,first,,,Faisal Mangondato,Mangondato,351,Region VI (Western Visayas),PH2022-026,official,
Capiz,https://en.wikipedia.org/w/index.php?title=Congressional_canvass_for_the_2022_Philippine_presidential_election&oldid=1353912853,https://www.congress.gov.ph/index.php/media/photojournal/3000,Leni Robredo,Robredo,0,429481,0,429481,0,50333,0,first,,,Ernesto Abella,Abella,1585,Region VI (Western Visayas),PH2022-026,official,
Capiz,https://en.wikipedia.org/w/index.php?title=Congressional_canvass_for_the_2022_Philippine_presidential_election&oldid=1353912853,https://www.congress.gov.ph/index.php/media/photojournal/3000,Leni Robredo,Robredo,0,429481,0,429481,0,50333,0,first,,,Leody de Guzman,De Guzman,1099,Region VI (Western Visayas),PH2022-026,official,
Capiz,https://en.wikipedia.org/w/index.php?title=Congressional_canvass_for_the_2022_Philippine_presidential_election&oldid=1353912853,https://www.congress.gov.ph/index.php/media/photojournal/3000,Leni Robredo,Robredo,0,429481,0,429481,0,50333,0,first,,,Norberto Gonzales,Gonzales,1150,Region VI (Western Visayas),PH2022-026,official,
Capiz,https://en.wikipedia.org/w/index.php?title=Congressional_canvass_for_the_2022_Philippine_presidential_election&oldid=1353912853,https://www.congress.gov.ph/index.php/media/photojournal/3000,Leni Robredo,Robredo,0,429481,0,429481,0,50333,0,first,,,Jose Montemayor Jr.,Montemayor,611,Region VI (Western Visayas),PH2022-026,official,
Catanduanes,https://en.wikipedia.org/w/index.php?title=Congressional_canvass_for_the_2022_Philippine_presidential_election&oldid=1353912853,https://www.congress.gov.ph/index.php/media/photojournal/3000,Leni Robredo,Robredo,0,165621,0,165621,0,92351,0,first,,,Bongbong Marcos,Marcos,31454,Region V (Bicol Region),PH2022-027,official,
Catanduanes,https://en.wikipedia.org/w/index.php?title=Congressional_canvass_for_the_2022_Philippine_presidential_election&oldid=1353912853,https://www.congress.gov.ph/index.php/media/photojournal/3000,Leni Robredo,Robredo,0,165621,0,165621,0,92351,0,first,,,Leni Robredo,Robredo,123805,Region V (Bicol Region),PH2022-027,official,
Catanduanes,https://en.wikipedia.org/w/index.php?title=Congressional_canvass_for_the_2022_Philippine_presidential_election&oldid=1353912853,https://www.congress.gov.ph/index.php/media/photojournal/3000,Leni Robredo,Robredo,0,165621,0,165621,0,92351,0,first,,,Manny Pacquiao,Pacquiao,3543,Region V (Bicol Region),PH2022-027,official,
Catanduanes,https://en.wikipedia.org/w/index.php?title=Congressional_canvass_for_the_2022_Philippine_presidential_election&oldid=1353912853,https://www.congress.gov.ph/index.php/media/photojournal/3000,Leni Robredo,Robredo,0,165621,0,165621,0,92351,0,first,,,Isko Moreno,Moreno,2567,Region V (Bicol Region),PH2022-027,official,
Catanduanes,https://en.wikipedia.org/w/index.php?title=Congressional_canvass_for_the_2022_Philippine_presidential_election&oldid=1353912853,https://www.congress.gov.ph/index.php/media/photojournal/3000,Leni Robredo,Robredo,0,165621,0,165621,0,92351,0,first,,,Panfilo Lacson,Lacson,2101,Region V (Bicol Region),PH2022-027,official,
Catanduanes,https://en.wikipedia.org/w/index.php?title=Congressional_canvass_for_the_2022_Philippine_presidential_election&oldid=1353912853,https://www.congress.gov.ph/index.php/media/photojournal/3000,Leni Robredo,Robredo,0,165621,0,165621,0,92351,0,first,,,Faisal Mangondato,Mangondato,143,Region V (Bicol Region),PH2022-027,official,
Catanduanes,https://en.wikipedia.org/w/index.php?title=Congressional_canvass_for_the_2022_Philippine_presidential_election&oldid=1353912853,https://www.congress.gov.ph/index.php/media/photojournal/3000,Leni Robredo,Robredo,0,165621,0,165621,0,92351,0,first,,,Ernesto Abella,Abella,713,Region V (Bicol Region),PH2022-027,official,
Catanduanes,https://en.wikipedia.org/w/index.php?title=Congressional_canvass_for_the_2022_Philippine_presidential_election&oldid=1353912853,https://www.congress.gov.ph/index.php/media/photojournal/3000,Leni Robredo,Robredo,0,165621,0,165621,0,92351,0,first,,,Leody de Guzman,De Guzman,477,Region V (Bicol Region),PH2022-027,official,
Catanduanes,https://en.wikipedia.org/w/index.php?title=Congressional_canvass_for_the_2022_Philippine_presidential_election&oldid=1353912853,https://www.congress.gov.ph/index.php/media/photojournal/3000,Leni Robredo,Robredo,0,165621,0,165621,0,92351,0,first,,,Norberto Gonzales,Gonzales,393,Region V (Bicol Region),PH2022-027,official,
Catanduanes,https://en.wikipedia.org/w/index.php?title=Congressional_canvass_for_the_2022_Philippine_presidential_election&oldid=1353912853,https://www.congress.gov.ph/index.php/media/photojournal/3000,Leni Robredo,Robredo,0,165621,0,165621,0,92351,0,first,,,Jose Montemayor Jr.,Montemayor,425,Region V (Bicol Region),PH2022-027,official,
Cavite,https://en.wikipedia.org/w/index.php?title=Congressional_canvass_for_the_2022_Philippine_presidential_election&oldid=1353912853,https://www.congress.gov.ph/index.php/media/photojournal/3000,Bongbong Marcos,Marcos,0,1841765,0,1841765,0,623770,0,first,,,Bongbong Marcos,Marcos,1121668,Region IV-A (CALABARZON),PH2022-028,official,
Cavite,https://en.wikipedia.org/w/index.php?title=Congressional_canvass_for_the_2022_Philippine_presidential_election&oldid=1353912853,https://www.congress.gov.ph/index.php/media/photojournal/3000,Bongbong Marcos,Marcos,0,1841765,0,1841765,0,623770,0,first,,,Leni Robredo,Robredo,497898,Region IV-A (CALABARZON),PH2022-028,official,
Cavite,https://en.wikipedia.org/w/index.php?title=Congressional_canvass_for_the_2022_Philippine_presidential_election&oldid=1353912853,https://www.congress.gov.ph/index.php/media/photojournal/3000,Bongbong Marcos,Marcos,0,1841765,0,1841765,0,623770,0,first,,,Manny Pacquiao,Pacquiao,40054,Region IV-A (CALABARZON),PH2022-028,official,
Cavite,https://en.wikipedia.org/w/index.php?title=Congressional_canvass_for_the_2022_Philippine_presidential_election&oldid=1353912853,https://www.congress.gov.ph/index.php/media/photojournal/3000,Bongbong Marcos,Marcos,0,1841765,0,1841765,0,623770,0,first,,,Isko Moreno,Moreno,80484,Region IV-A (CALABARZON),PH2022-028,official,
Cavite,https://en.wikipedia.org/w/index.php?title=Congressional_canvass_for_the_2022_Philippine_presidential_election&oldid=1353912853,https://www.congress.gov.ph/index.php/media/photojournal/3000,Bongbong Marcos,Marcos,0,1841765,0,1841765,0,623770,0,first,,,Panfilo Lacson,Lacson,91677,Region IV-A (CALABARZON),PH2022-028,official,
Cavite,https://en.wikipedia.org/w/index.php?title=Congressional_canvass_for_the_2022_Philippine_presidential_election&oldid=1353912853,https://www.congress.gov.ph/index.php/media/photojournal/3000,Bongbong Marcos,Marcos,0,1841765,0,1841765,0,623770,0,first,,,Faisal Mangondato,Mangondato,2378,Region IV-A (CALABARZON),PH2022-028,official,
Cavite,https://en.wikipedia.org/w/index.php?title=Congressional_canvass_for_the_2022_Philippine_presidential_election&oldid=1353912853,https://www.congress.gov.ph/index.php/media/photojournal/3000,Bongbong Marcos,Marcos,0,1841765,0,1841765,0,623770,0,first,,,Ernesto Abella,Abella,1899,Region IV-A (CALABARZON),PH2022-028,official,
Cavite,https://en.wikipedia.org/w/index.php?title=Congressional_canvass_for_the_2022_Philippine_presidential_election&oldid=1353912853,https://www.congress.gov.ph/index.php/media/photojournal/3000,Bongbong Marcos,Marcos,0,1841765,0,1841765,0,623770,0,first,,,Leody de Guzman,De Guzman,2485,Region IV-A (CALABARZON),PH2022-028,official,
Cavite,https://en.wikipedia.org/w/index.php?title=Congressional_canvass_for_the_2022_Philippine_presidential_election&oldid=1353912853,https://www.congress.gov.ph/index.php/media/photojournal/3000,Bongbong Marcos,Marcos,0,1841765,0,1841765,0,623770,0,first,,,Norberto Gonzales,Gonzales,1746,Region IV-A (CALABARZON),PH2022-028,official,
Cavite,https://en.wikipedia.org/w/index.php?title=Congressional_canvass_for_the_2022_Philippine_presidential_election&oldid=1353912853,https://www.congress.gov.ph/index.php/media/photojournal/3000,Bongbong Marcos,Marcos,0,1841765,0,1841765,0,623770,0,first,,,Jose Montemayor Jr.,Montemayor,1476,Region IV-A (CALABARZON),PH2022-028,official,
Cebu,https://en.wikipedia.org/w/index.php?title=Congressional_canvass_for_the_2022_Philippine_presidential_election&oldid=1353912853,https://www.congress.gov.ph/index.php/media/photojournal/3000,Bongbong Marcos,Marcos,0,1909868,0,1909868,0,664905,0,first,,,Bongbong Marcos,Marcos,1055985,Region VII (Central Visayas),PH2022-029,official,
Cebu,https://en.wikipedia.org/w/index.php?title=Congressional_canvass_for_the_2022_Philippine_presidential_election&oldid=1353912853,https://www.congress.gov.ph/index.php/media/photojournal/3000,Bongbong Marcos,Marcos,0,1909868,0,1909868,0,664905,0,first,,,Leni Robredo,Robredo,391080,Region VII (Central Visayas),PH2022-029,official,
Cebu,https://en.wikipedia.org/w/index.php?title=Congressional_canvass_for_the_2022_Philippine_presidential_election&oldid=1353912853,https://www.congress.gov.ph/index.php/media/photojournal/3000,Bongbong Marcos,Marcos,0,1909868,0,1909868,0,664905,0,first,,,Manny Pacquiao,Pacquiao,371183,Region VII (Central Visayas),PH2022-029,official,
Cebu,https://en.wikipedia.org/w/index.php?title=Congressional_canvass_for_the_2022_Philippine_presidential_election&oldid=1353912853,https://www.congress.gov.ph/index.php/media/photojournal/3000,Bongbong Marcos,Marcos,0,1909868,0,1909868,0,664905,0,first,,,Isko Moreno,Moreno,52504,Region VII (Central Visayas),PH2022-029,official,
Cebu,https://en.wikipedia.org/w/index.php?title=Congressional_canvass_for_the_2022_Philippine_presidential_election&oldid=1353912853,https://www.congress.gov.ph/index.php/media/photojournal/3000,Bongbong Marcos,Marcos,0,1909868,0,1909868,0,664905,0,first,,,Panfilo Lacson,Lacson,24270,Region VII (Central Visayas),PH2022-029,official,
Cebu,https://en.wikipedia.org/w/index.php?title=Congressional_canvass_for_the_2022_Philippine_presidential_election&oldid=1353912853,https://www.congress.gov.ph/index.php/media/photojournal/3000,Bongbong Marcos,Marcos,0,1909868,0,1909868,0,664905,0,first,,,Faisal Mangondato,Mangondato,1347,Region VII (Central Visayas),PH2022-029,official,
Cebu,https://en.wikipedia.org/w/index.php?title=Congressional_canvass_for_the_2022_Philippine_presidential_election&oldid=1353912853,https://www.congress.gov.ph/index.php/media/photojournal/3000,Bongbong Marcos,Marcos,0,1909868,0,1909868,0,664905,0,first,,,Ernesto Abella,Abella,3875,Region VII (Central Visayas),PH2022-029,official,
Cebu,https://en.wikipedia.org/w/index.php?title=Congressional_canvass_for_the_2022_Philippine_presidential_election&oldid=1353912853,https://www.congress.gov.ph/index.php/media/photojournal/3000,Bongbong Marcos,Marcos,0,1909868,0,1909868,0,664905,0,first,,,Leody de Guzman,De Guzman,3559,Region VII (Central Visayas),PH2022-029,official,
Cebu,https://en.wikipedia.org/w/index.php?title=Congressional_canvass_for_the_2022_Philippine_presidential_election&oldid=1353912853,https://www.congress.gov.ph/index.php/media/photojournal/3000,Bongbong Marcos,Marcos,0,1909868,0,1909868,0,664905,0,first,,,Norberto Gonzales,Gonzales,3315,Region VII (Central Visayas),PH2022-029,official,
Cebu,https://en.wikipedia.org/w/index.php?title=Congressional_canvass_for_the_2022_Philippine_presidential_election&oldid=1353912853,https://www.congress.gov.ph/index.php/media/photojournal/3000,Bongbong Marcos,Marcos,0,1909868,0,1909868,0,664905,0,first,,,Jose Montemayor Jr.,Montemayor,2750,Region VII (Central Visayas),PH2022-029,official,
Cebu City,https://en.wikipedia.org/w/index.php?title=Congressional_canvass_for_the_2022_Philippine_presidential_election&oldid=1353912853,https://www.congress.gov.ph/index.php/media/photojournal/3000,Bongbong Marcos,Marcos,0,595860,0,595860,0,183986,0,first,,,Bongbong Marcos,Marcos,344876,Region VII (Central Visayas),PH2022-030,official,
Cebu City,https://en.wikipedia.org/w/index.php?title=Congressional_canvass_for_the_2022_Philippine_presidential_election&oldid=1353912853,https://www.congress.gov.ph/index.php/media/photojournal/3000,Bongbong Marcos,Marcos,0,595860,0,595860,0,183986,0,first,,,Leni Robredo,Robredo,160890,Region VII (Central Visayas),PH2022-030,official,
Cebu City,https://en.wikipedia.org/w/index.php?title=Congressional_canvass_for_the_2022_Philippine_presidential_election&oldid=1353912853,https://www.congress.gov.ph/index.php/media/photojournal/3000,Bongbong Marcos,Marcos,0,595860,0,595860,0,183986,0,first,,,Manny Pacquiao,Pacquiao,50145,Region VII (Central Visayas),PH2022-030,official,
Cebu City,https://en.wikipedia.org/w/index.php?title=Congressional_canvass_for_the_2022_Philippine_presidential_election&oldid=1353912853,https://www.congress.gov.ph/index.php/media/photojournal/3000,Bongbong Marcos,Marcos,0,595860,0,595860,0,183986,0,first,,,Isko Moreno,Moreno,22478,Region VII (Central Visayas),PH2022-030,official,
Cebu City,https://en.wikipedia.org/w/index.php?title=Congressional_canvass_for_the_2022_Philippine_presidential_election&oldid=1353912853,https://www.congress.gov.ph/index.php/media/photojournal/3000,Bongbong Marcos,Marcos,0,595860,0,595860,0,183986,0,first,,,Panfilo Lacson,Lacson,12567,Region VII (Central Visayas),PH2022-030,official,
Cebu City,https://en.wikipedia.org/w/index.php?title=Congressional_canvass_for_the_2022_Philippine_presidential_election&oldid=1353912853,https://www.congress.gov.ph/index.php/media/photojournal/3000,Bongbong Marcos,Marcos,0,595860,0,595860,0,183986,0,first,,,Faisal Mangondato,Mangondato,569,Region VII (Central Visayas),PH2022-030,official,
Cebu City,https://en.wikipedia.org/w/index.php?title=Congressional_canvass_for_the_2022_Philippine_presidential_election&oldid=1353912853,https://www.congress.gov.ph/index.php/media/photojournal/3000,Bongbong Marcos,Marcos,0,595860,0,595860,0,183986,0,first,,,Ernesto Abella,Abella,1376,Region VII (Central Visayas),PH2022-030,official,
Cebu City,https://en.wikipedia.org/w/index.php?title=Congressional_canvass_for_the_2022_Philippine_presidential_election&oldid=1353912853,https://www.congress.gov.ph/index.php/media/photojournal/3000,Bongbong Marcos,Marcos,0,595860,0,595860,0,183986,0,first,,,Leody de Guzman,De Guzman,1187,Region VII (Central Visayas),PH2022-030,official,
Cebu City,https://en.wikipedia.org/w/index.php?title=Congressional_canvass_for_the_2022_Philippine_presidential_election&oldid=1353912853,https://www.congress.gov.ph/index.php/media/photojournal/3000,Bongbong Marcos,Marcos,0,595860,0,595860,0,183986,0,first,,,Norberto Gonzales,Gonzales,1056,Region VII (Central Visayas),PH2022-030,official,
Cebu City,https://en.wikipedia.org/w/index.php?title=Congressional_canvass_for_the_2022_Philippine_presidential_election&oldid=1353912853,https://www.congress.gov.ph/index.php/media/photojournal/3000,Bongbong Marcos,Marcos,0,595860,0,595860,0,183986,0,first,,,Jose Montemayor Jr.,Montemayor,716,Region VII (Central Visayas),PH2022-030,official,
Cotabato,https://en.wikipedia.org/w/index.php?title=Congressional_canvass_for_the_2022_Philippine_presidential_election&oldid=1353912853,https://www.congress.gov.ph/index.php/media/photojournal/3000,Bongbong Marcos,Marcos,0,688797,0,688797,0,332012,0,first,,,Bongbong Marcos,Marcos,469423,Region XII (SOCCSKSARGEN),PH2022-031,official,The Special Geographic Area COC is combined with Cotabato for this map because its 63 constituent barangays cannot be separated from the official municipal geometry.
Cotabato,https://en.wikipedia.org/w/index.php?title=Congressional_canvass_for_the_2022_Philippine_presidential_election&oldid=1353912853,https://www.congress.gov.ph/index.php/media/photojournal/3000,Bongbong Marcos,Marcos,0,688797,0,688797,0,332012,0,first,,,Leni Robredo,Robredo,137411,Region XII (SOCCSKSARGEN),PH2022-031,official,The Special Geographic Area COC is combined with Cotabato for this map because its 63 constituent barangays cannot be separated from the official municipal geometry.
Cotabato,https://en.wikipedia.org/w/index.php?title=Congressional_canvass_for_the_2022_Philippine_presidential_election&oldid=1353912853,https://www.congress.gov.ph/index.php/media/photojournal/3000,Bongbong Marcos,Marcos,0,688797,0,688797,0,332012,0,first,,,Manny Pacquiao,Pacquiao,45653,Region XII (SOCCSKSARGEN),PH2022-031,official,The Special Geographic Area COC is combined with Cotabato for this map because its 63 constituent barangays cannot be separated from the official municipal geometry.
Cotabato,https://en.wikipedia.org/w/index.php?title=Congressional_canvass_for_the_2022_Philippine_presidential_election&oldid=1353912853,https://www.congress.gov.ph/index.php/media/photojournal/3000,Bongbong Marcos,Marcos,0,688797,0,688797,0,332012,0,first,,,Isko Moreno,Moreno,17921,Region XII (SOCCSKSARGEN),PH2022-031,official,The Special Geographic Area COC is combined with Cotabato for this map because its 63 constituent barangays cannot be separated from the official municipal geometry.
Cotabato,https://en.wikipedia.org/w/index.php?title=Congressional_canvass_for_the_2022_Philippine_presidential_election&oldid=1353912853,https://www.congress.gov.ph/index.php/media/photojournal/3000,Bongbong Marcos,Marcos,0,688797,0,688797,0,332012,0,first,,,Panfilo Lacson,Lacson,7907,Region XII (SOCCSKSARGEN),PH2022-031,official,The Special Geographic Area COC is combined with Cotabato for this map because its 63 constituent barangays cannot be separated from the official municipal geometry.
Cotabato,https://en.wikipedia.org/w/index.php?title=Congressional_canvass_for_the_2022_Philippine_presidential_election&oldid=1353912853,https://www.congress.gov.ph/index.php/media/photojournal/3000,Bongbong Marcos,Marcos,0,688797,0,688797,0,332012,0,first,,,Faisal Mangondato,Mangondato,5606,Region XII (SOCCSKSARGEN),PH2022-031,official,The Special Geographic Area COC is combined with Cotabato for this map because its 63 constituent barangays cannot be separated from the official municipal geometry.
Cotabato,https://en.wikipedia.org/w/index.php?title=Congressional_canvass_for_the_2022_Philippine_presidential_election&oldid=1353912853,https://www.congress.gov.ph/index.php/media/photojournal/3000,Bongbong Marcos,Marcos,0,688797,0,688797,0,332012,0,first,,,Ernesto Abella,Abella,1379,Region XII (SOCCSKSARGEN),PH2022-031,official,The Special Geographic Area COC is combined with Cotabato for this map because its 63 constituent barangays cannot be separated from the official municipal geometry.
Cotabato,https://en.wikipedia.org/w/index.php?title=Congressional_canvass_for_the_2022_Philippine_presidential_election&oldid=1353912853,https://www.congress.gov.ph/index.php/media/photojournal/3000,Bongbong Marcos,Marcos,0,688797,0,688797,0,332012,0,first,,,Leody de Guzman,De Guzman,1103,Region XII (SOCCSKSARGEN),PH2022-031,official,The Special Geographic Area COC is combined with Cotabato for this map because its 63 constituent barangays cannot be separated from the official municipal geometry.
Cotabato,https://en.wikipedia.org/w/index.php?title=Congressional_canvass_for_the_2022_Philippine_presidential_election&oldid=1353912853,https://www.congress.gov.ph/index.php/media/photojournal/3000,Bongbong Marcos,Marcos,0,688797,0,688797,0,332012,0,first,,,Norberto Gonzales,Gonzales,1609,Region XII (SOCCSKSARGEN),PH2022-031,official,The Special Geographic Area COC is combined with Cotabato for this map because its 63 constituent barangays cannot be separated from the official municipal geometry.
Cotabato,https://en.wikipedia.org/w/index.php?title=Congressional_canvass_for_the_2022_Philippine_presidential_election&oldid=1353912853,https://www.congress.gov.ph/index.php/media/photojournal/3000,Bongbong Marcos,Marcos,0,688797,0,688797,0,332012,0,first,,,Jose Montemayor Jr.,Montemayor,785,Region XII (SOCCSKSARGEN),PH2022-031,official,The Special Geographic Area COC is combined with Cotabato for this map because its 63 constituent barangays cannot be separated from the official municipal geometry.
Davao City,https://en.wikipedia.org/w/index.php?title=Congressional_canvass_for_the_2022_Philippine_presidential_election&oldid=1353912853,https://www.congress.gov.ph/index.php/media/photojournal/3000,Bongbong Marcos,Marcos,0,717599,0,717599,0,617764,0,first,,,Bongbong Marcos,Marcos,649725,Region XI (Davao Region),PH2022-032,official,
Davao City,https://en.wikipedia.org/w/index.php?title=Congressional_canvass_for_the_2022_Philippine_presidential_election&oldid=1353912853,https://www.congress.gov.ph/index.php/media/photojournal/3000,Bongbong Marcos,Marcos,0,717599,0,717599,0,617764,0,first,,,Leni Robredo,Robredo,31961,Region XI (Davao Region),PH2022-032,official,
Davao City,https://en.wikipedia.org/w/index.php?title=Congressional_canvass_for_the_2022_Philippine_presidential_election&oldid=1353912853,https://www.congress.gov.ph/index.php/media/photojournal/3000,Bongbong Marcos,Marcos,0,717599,0,717599,0,617764,0,first,,,Manny Pacquiao,Pacquiao,14319,Region XI (Davao Region),PH2022-032,official,
Davao City,https://en.wikipedia.org/w/index.php?title=Congressional_canvass_for_the_2022_Philippine_presidential_election&oldid=1353912853,https://www.congress.gov.ph/index.php/media/photojournal/3000,Bongbong Marcos,Marcos,0,717599,0,717599,0,617764,0,first,,,Isko Moreno,Moreno,6839,Region XI (Davao Region),PH2022-032,official,
Davao City,https://en.wikipedia.org/w/index.php?title=Congressional_canvass_for_the_2022_Philippine_presidential_election&oldid=1353912853,https://www.congress.gov.ph/index.php/media/photojournal/3000,Bongbong Marcos,Marcos,0,717599,0,717599,0,617764,0,first,,,Panfilo Lacson,Lacson,7448,Region XI (Davao Region),PH2022-032,official,
Davao City,https://en.wikipedia.org/w/index.php?title=Congressional_canvass_for_the_2022_Philippine_presidential_election&oldid=1353912853,https://www.congress.gov.ph/index.php/media/photojournal/3000,Bongbong Marcos,Marcos,0,717599,0,717599,0,617764,0,first,,,Faisal Mangondato,Mangondato,2242,Region XI (Davao Region),PH2022-032,official,
Davao City,https://en.wikipedia.org/w/index.php?title=Congressional_canvass_for_the_2022_Philippine_presidential_election&oldid=1353912853,https://www.congress.gov.ph/index.php/media/photojournal/3000,Bongbong Marcos,Marcos,0,717599,0,717599,0,617764,0,first,,,Ernesto Abella,Abella,2262,Region XI (Davao Region),PH2022-032,official,
Davao City,https://en.wikipedia.org/w/index.php?title=Congressional_canvass_for_the_2022_Philippine_presidential_election&oldid=1353912853,https://www.congress.gov.ph/index.php/media/photojournal/3000,Bongbong Marcos,Marcos,0,717599,0,717599,0,617764,0,first,,,Leody de Guzman,De Guzman,894,Region XI (Davao Region),PH2022-032,official,
Davao City,https://en.wikipedia.org/w/index.php?title=Congressional_canvass_for_the_2022_Philippine_presidential_election&oldid=1353912853,https://www.congress.gov.ph/index.php/media/photojournal/3000,Bongbong Marcos,Marcos,0,717599,0,717599,0,617764,0,first,,,Norberto Gonzales,Gonzales,1227,Region XI (Davao Region),PH2022-032,official,
Davao City,https://en.wikipedia.org/w/index.php?title=Congressional_canvass_for_the_2022_Philippine_presidential_election&oldid=1353912853,https://www.congress.gov.ph/index.php/media/photojournal/3000,Bongbong Marcos,Marcos,0,717599,0,717599,0,617764,0,first,,,Jose Montemayor Jr.,Montemayor,682,Region XI (Davao Region),PH2022-032,official,
Davao Occidental,https://en.wikipedia.org/w/index.php?title=Congressional_canvass_for_the_2022_Philippine_presidential_election&oldid=1353912853,https://www.congress.gov.ph/index.php/media/photojournal/3000,Bongbong Marcos,Marcos,0,138434,0,138434,0,71902,0,first,,,Bongbong Marcos,Marcos,102265,Region XI (Davao Region),PH2022-033,official,
Davao Occidental,https://en.wikipedia.org/w/index.php?title=Congressional_canvass_for_the_2022_Philippine_presidential_election&oldid=1353912853,https://www.congress.gov.ph/index.php/media/photojournal/3000,Bongbong Marcos,Marcos,0,138434,0,138434,0,71902,0,first,,,Leni Robredo,Robredo,2981,Region XI (Davao Region),PH2022-033,official,
Davao Occidental,https://en.wikipedia.org/w/index.php?title=Congressional_canvass_for_the_2022_Philippine_presidential_election&oldid=1353912853,https://www.congress.gov.ph/index.php/media/photojournal/3000,Bongbong Marcos,Marcos,0,138434,0,138434,0,71902,0,first,,,Manny Pacquiao,Pacquiao,30363,Region XI (Davao Region),PH2022-033,official,
Davao Occidental,https://en.wikipedia.org/w/index.php?title=Congressional_canvass_for_the_2022_Philippine_presidential_election&oldid=1353912853,https://www.congress.gov.ph/index.php/media/photojournal/3000,Bongbong Marcos,Marcos,0,138434,0,138434,0,71902,0,first,,,Isko Moreno,Moreno,723,Region XI (Davao Region),PH2022-033,official,
Davao Occidental,https://en.wikipedia.org/w/index.php?title=Congressional_canvass_for_the_2022_Philippine_presidential_election&oldid=1353912853,https://www.congress.gov.ph/index.php/media/photojournal/3000,Bongbong Marcos,Marcos,0,138434,0,138434,0,71902,0,first,,,Panfilo Lacson,Lacson,438,Region XI (Davao Region),PH2022-033,official,
Davao Occidental,https://en.wikipedia.org/w/index.php?title=Congressional_canvass_for_the_2022_Philippine_presidential_election&oldid=1353912853,https://www.congress.gov.ph/index.php/media/photojournal/3000,Bongbong Marcos,Marcos,0,138434,0,138434,0,71902,0,first,,,Faisal Mangondato,Mangondato,704,Region XI (Davao Region),PH2022-033,official,
Davao Occidental,https://en.wikipedia.org/w/index.php?title=Congressional_canvass_for_the_2022_Philippine_presidential_election&oldid=1353912853,https://www.congress.gov.ph/index.php/media/photojournal/3000,Bongbong Marcos,Marcos,0,138434,0,138434,0,71902,0,first,,,Ernesto Abella,Abella,332,Region XI (Davao Region),PH2022-033,official,
Davao Occidental,https://en.wikipedia.org/w/index.php?title=Congressional_canvass_for_the_2022_Philippine_presidential_election&oldid=1353912853,https://www.congress.gov.ph/index.php/media/photojournal/3000,Bongbong Marcos,Marcos,0,138434,0,138434,0,71902,0,first,,,Leody de Guzman,De Guzman,202,Region XI (Davao Region),PH2022-033,official,
Davao Occidental,https://en.wikipedia.org/w/index.php?title=Congressional_canvass_for_the_2022_Philippine_presidential_election&oldid=1353912853,https://www.congress.gov.ph/index.php/media/photojournal/3000,Bongbong Marcos,Marcos,0,138434,0,138434,0,71902,0,first,,,Norberto Gonzales,Gonzales,265,Region XI (Davao Region),PH2022-033,official,
Davao Occidental,https://en.wikipedia.org/w/index.php?title=Congressional_canvass_for_the_2022_Philippine_presidential_election&oldid=1353912853,https://www.congress.gov.ph/index.php/media/photojournal/3000,Bongbong Marcos,Marcos,0,138434,0,138434,0,71902,0,first,,,Jose Montemayor Jr.,Montemayor,161,Region XI (Davao Region),PH2022-033,official,
Davao Oriental,https://en.wikipedia.org/w/index.php?title=Congressional_canvass_for_the_2022_Philippine_presidential_election&oldid=1353912853,https://www.congress.gov.ph/index.php/media/photojournal/3000,Bongbong Marcos,Marcos,0,313206,0,313206,0,184523,0,first,,,Bongbong Marcos,Marcos,233632,Region XI (Davao Region),PH2022-034,official,
Davao Oriental,https://en.wikipedia.org/w/index.php?title=Congressional_canvass_for_the_2022_Philippine_presidential_election&oldid=1353912853,https://www.congress.gov.ph/index.php/media/photojournal/3000,Bongbong Marcos,Marcos,0,313206,0,313206,0,184523,0,first,,,Leni Robredo,Robredo,19424,Region XI (Davao Region),PH2022-034,official,
Davao Oriental,https://en.wikipedia.org/w/index.php?title=Congressional_canvass_for_the_2022_Philippine_presidential_election&oldid=1353912853,https://www.congress.gov.ph/index.php/media/photojournal/3000,Bongbong Marcos,Marcos,0,313206,0,313206,0,184523,0,first,,,Manny Pacquiao,Pacquiao,49109,Region XI (Davao Region),PH2022-034,official,
Davao Oriental,https://en.wikipedia.org/w/index.php?title=Congressional_canvass_for_the_2022_Philippine_presidential_election&oldid=1353912853,https://www.congress.gov.ph/index.php/media/photojournal/3000,Bongbong Marcos,Marcos,0,313206,0,313206,0,184523,0,first,,,Isko Moreno,Moreno,3983,Region XI (Davao Region),PH2022-034,official,
Davao Oriental,https://en.wikipedia.org/w/index.php?title=Congressional_canvass_for_the_2022_Philippine_presidential_election&oldid=1353912853,https://www.congress.gov.ph/index.php/media/photojournal/3000,Bongbong Marcos,Marcos,0,313206,0,313206,0,184523,0,first,,,Panfilo Lacson,Lacson,2411,Region XI (Davao Region),PH2022-034,official,
Davao Oriental,https://en.wikipedia.org/w/index.php?title=Congressional_canvass_for_the_2022_Philippine_presidential_election&oldid=1353912853,https://www.congress.gov.ph/index.php/media/photojournal/3000,Bongbong Marcos,Marcos,0,313206,0,313206,0,184523,0,first,,,Faisal Mangondato,Mangondato,1140,Region XI (Davao Region),PH2022-034,official,
Davao Oriental,https://en.wikipedia.org/w/index.php?title=Congressional_canvass_for_the_2022_Philippine_presidential_election&oldid=1353912853,https://www.congress.gov.ph/index.php/media/photojournal/3000,Bongbong Marcos,Marcos,0,313206,0,313206,0,184523,0,first,,,Ernesto Abella,Abella,1180,Region XI (Davao Region),PH2022-034,official,
Davao Oriental,https://en.wikipedia.org/w/index.php?title=Congressional_canvass_for_the_2022_Philippine_presidential_election&oldid=1353912853,https://www.congress.gov.ph/index.php/media/photojournal/3000,Bongbong Marcos,Marcos,0,313206,0,313206,0,184523,0,first,,,Leody de Guzman,De Guzman,803,Region XI (Davao Region),PH2022-034,official,
Davao Oriental,https://en.wikipedia.org/w/index.php?title=Congressional_canvass_for_the_2022_Philippine_presidential_election&oldid=1353912853,https://www.congress.gov.ph/index.php/media/photojournal/3000,Bongbong Marcos,Marcos,0,313206,0,313206,0,184523,0,first,,,Norberto Gonzales,Gonzales,799,Region XI (Davao Region),PH2022-034,official,
Davao Oriental,https://en.wikipedia.org/w/index.php?title=Congressional_canvass_for_the_2022_Philippine_presidential_election&oldid=1353912853,https://www.congress.gov.ph/index.php/media/photojournal/3000,Bongbong Marcos,Marcos,0,313206,0,313206,0,184523,0,first,,,Jose Montemayor Jr.,Montemayor,725,Region XI (Davao Region),PH2022-034,official,
Davao de Oro,https://en.wikipedia.org/w/index.php?title=Congressional_canvass_for_the_2022_Philippine_presidential_election&oldid=1353912853,https://www.congress.gov.ph/index.php/media/photojournal/3000,Bongbong Marcos,Marcos,0,421285,0,421285,0,302068,0,first,,,Bongbong Marcos,Marcos,343929,Region XI (Davao Region),PH2022-035,official,
Davao de Oro,https://en.wikipedia.org/w/index.php?title=Congressional_canvass_for_the_2022_Philippine_presidential_election&oldid=1353912853,https://www.congress.gov.ph/index.php/media/photojournal/3000,Bongbong Marcos,Marcos,0,421285,0,421285,0,302068,0,first,,,Leni Robredo,Robredo,22677,Region XI (Davao Region),PH2022-035,official,
Davao de Oro,https://en.wikipedia.org/w/index.php?title=Congressional_canvass_for_the_2022_Philippine_presidential_election&oldid=1353912853,https://www.congress.gov.ph/index.php/media/photojournal/3000,Bongbong Marcos,Marcos,0,421285,0,421285,0,302068,0,first,,,Manny Pacquiao,Pacquiao,41861,Region XI (Davao Region),PH2022-035,official,
Davao de Oro,https://en.wikipedia.org/w/index.php?title=Congressional_canvass_for_the_2022_Philippine_presidential_election&oldid=1353912853,https://www.congress.gov.ph/index.php/media/photojournal/3000,Bongbong Marcos,Marcos,0,421285,0,421285,0,302068,0,first,,,Isko Moreno,Moreno,4258,Region XI (Davao Region),PH2022-035,official,
Davao de Oro,https://en.wikipedia.org/w/index.php?title=Congressional_canvass_for_the_2022_Philippine_presidential_election&oldid=1353912853,https://www.congress.gov.ph/index.php/media/photojournal/3000,Bongbong Marcos,Marcos,0,421285,0,421285,0,302068,0,first,,,Panfilo Lacson,Lacson,3925,Region XI (Davao Region),PH2022-035,official,
Davao de Oro,https://en.wikipedia.org/w/index.php?title=Congressional_canvass_for_the_2022_Philippine_presidential_election&oldid=1353912853,https://www.congress.gov.ph/index.php/media/photojournal/3000,Bongbong Marcos,Marcos,0,421285,0,421285,0,302068,0,first,,,Faisal Mangondato,Mangondato,822,Region XI (Davao Region),PH2022-035,official,
Davao de Oro,https://en.wikipedia.org/w/index.php?title=Congressional_canvass_for_the_2022_Philippine_presidential_election&oldid=1353912853,https://www.congress.gov.ph/index.php/media/photojournal/3000,Bongbong Marcos,Marcos,0,421285,0,421285,0,302068,0,first,,,Ernesto Abella,Abella,1043,Region XI (Davao Region),PH2022-035,official,
Davao de Oro,https://en.wikipedia.org/w/index.php?title=Congressional_canvass_for_the_2022_Philippine_presidential_election&oldid=1353912853,https://www.congress.gov.ph/index.php/media/photojournal/3000,Bongbong Marcos,Marcos,0,421285,0,421285,0,302068,0,first,,,Leody de Guzman,De Guzman,929,Region XI (Davao Region),PH2022-035,official,
Davao de Oro,https://en.wikipedia.org/w/index.php?title=Congressional_canvass_for_the_2022_Philippine_presidential_election&oldid=1353912853,https://www.congress.gov.ph/index.php/media/photojournal/3000,Bongbong Marcos,Marcos,0,421285,0,421285,0,302068,0,first,,,Norberto Gonzales,Gonzales,1254,Region XI (Davao Region),PH2022-035,official,
Davao de Oro,https://en.wikipedia.org/w/index.php?title=Congressional_canvass_for_the_2022_Philippine_presidential_election&oldid=1353912853,https://www.congress.gov.ph/index.php/media/photojournal/3000,Bongbong Marcos,Marcos,0,421285,0,421285,0,302068,0,first,,,Jose Montemayor Jr.,Montemayor,587,Region XI (Davao Region),PH2022-035,official,
Davao del Norte,https://en.wikipedia.org/w/index.php?title=Congressional_canvass_for_the_2022_Philippine_presidential_election&oldid=1353912853,https://www.congress.gov.ph/index.php/media/photojournal/3000,Bongbong Marcos,Marcos,0,556886,0,556886,0,431194,0,first,,,Bongbong Marcos,Marcos,470567,Region XI (Davao Region),PH2022-036,official,
Davao del Norte,https://en.wikipedia.org/w/index.php?title=Congressional_canvass_for_the_2022_Philippine_presidential_election&oldid=1353912853,https://www.congress.gov.ph/index.php/media/photojournal/3000,Bongbong Marcos,Marcos,0,556886,0,556886,0,431194,0,first,,,Leni Robredo,Robredo,39373,Region XI (Davao Region),PH2022-036,official,
Davao del Norte,https://en.wikipedia.org/w/index.php?title=Congressional_canvass_for_the_2022_Philippine_presidential_election&oldid=1353912853,https://www.congress.gov.ph/index.php/media/photojournal/3000,Bongbong Marcos,Marcos,0,556886,0,556886,0,431194,0,first,,,Manny Pacquiao,Pacquiao,30733,Region XI (Davao Region),PH2022-036,official,
Davao del Norte,https://en.wikipedia.org/w/index.php?title=Congressional_canvass_for_the_2022_Philippine_presidential_election&oldid=1353912853,https://www.congress.gov.ph/index.php/media/photojournal/3000,Bongbong Marcos,Marcos,0,556886,0,556886,0,431194,0,first,,,Isko Moreno,Moreno,4844,Region XI (Davao Region),PH2022-036,official,
Davao del Norte,https://en.wikipedia.org/w/index.php?title=Congressional_canvass_for_the_2022_Philippine_presidential_election&oldid=1353912853,https://www.congress.gov.ph/index.php/media/photojournal/3000,Bongbong Marcos,Marcos,0,556886,0,556886,0,431194,0,first,,,Panfilo Lacson,Lacson,6826,Region XI (Davao Region),PH2022-036,official,
Davao del Norte,https://en.wikipedia.org/w/index.php?title=Congressional_canvass_for_the_2022_Philippine_presidential_election&oldid=1353912853,https://www.congress.gov.ph/index.php/media/photojournal/3000,Bongbong Marcos,Marcos,0,556886,0,556886,0,431194,0,first,,,Faisal Mangondato,Mangondato,1155,Region XI (Davao Region),PH2022-036,official,
Davao del Norte,https://en.wikipedia.org/w/index.php?title=Congressional_canvass_for_the_2022_Philippine_presidential_election&oldid=1353912853,https://www.congress.gov.ph/index.php/media/photojournal/3000,Bongbong Marcos,Marcos,0,556886,0,556886,0,431194,0,first,,,Ernesto Abella,Abella,1041,Region XI (Davao Region),PH2022-036,official,
Davao del Norte,https://en.wikipedia.org/w/index.php?title=Congressional_canvass_for_the_2022_Philippine_presidential_election&oldid=1353912853,https://www.congress.gov.ph/index.php/media/photojournal/3000,Bongbong Marcos,Marcos,0,556886,0,556886,0,431194,0,first,,,Leody de Guzman,De Guzman,873,Region XI (Davao Region),PH2022-036,official,
Davao del Norte,https://en.wikipedia.org/w/index.php?title=Congressional_canvass_for_the_2022_Philippine_presidential_election&oldid=1353912853,https://www.congress.gov.ph/index.php/media/photojournal/3000,Bongbong Marcos,Marcos,0,556886,0,556886,0,431194,0,first,,,Norberto Gonzales,Gonzales,853,Region XI (Davao Region),PH2022-036,official,
Davao del Norte,https://en.wikipedia.org/w/index.php?title=Congressional_canvass_for_the_2022_Philippine_presidential_election&oldid=1353912853,https://www.congress.gov.ph/index.php/media/photojournal/3000,Bongbong Marcos,Marcos,0,556886,0,556886,0,431194,0,first,,,Jose Montemayor Jr.,Montemayor,621,Region XI (Davao Region),PH2022-036,official,
Davao del Sur,https://en.wikipedia.org/w/index.php?title=Congressional_canvass_for_the_2022_Philippine_presidential_election&oldid=1353912853,https://www.congress.gov.ph/index.php/media/photojournal/3000,Bongbong Marcos,Marcos,0,357654,0,357654,0,253867,0,first,,,Bongbong Marcos,Marcos,290669,Region XI (Davao Region),PH2022-037,official,
Davao del Sur,https://en.wikipedia.org/w/index.php?title=Congressional_canvass_for_the_2022_Philippine_presidential_election&oldid=1353912853,https://www.congress.gov.ph/index.php/media/photojournal/3000,Bongbong Marcos,Marcos,0,357654,0,357654,0,253867,0,first,,,Leni Robredo,Robredo,19690,Region XI (Davao Region),PH2022-037,official,
Davao del Sur,https://en.wikipedia.org/w/index.php?title=Congressional_canvass_for_the_2022_Philippine_presidential_election&oldid=1353912853,https://www.congress.gov.ph/index.php/media/photojournal/3000,Bongbong Marcos,Marcos,0,357654,0,357654,0,253867,0,first,,,Manny Pacquiao,Pacquiao,36802,Region XI (Davao Region),PH2022-037,official,
Davao del Sur,https://en.wikipedia.org/w/index.php?title=Congressional_canvass_for_the_2022_Philippine_presidential_election&oldid=1353912853,https://www.congress.gov.ph/index.php/media/photojournal/3000,Bongbong Marcos,Marcos,0,357654,0,357654,0,253867,0,first,,,Isko Moreno,Moreno,4125,Region XI (Davao Region),PH2022-037,official,
Davao del Sur,https://en.wikipedia.org/w/index.php?title=Congressional_canvass_for_the_2022_Philippine_presidential_election&oldid=1353912853,https://www.congress.gov.ph/index.php/media/photojournal/3000,Bongbong Marcos,Marcos,0,357654,0,357654,0,253867,0,first,,,Panfilo Lacson,Lacson,2837,Region XI (Davao Region),PH2022-037,official,
Davao del Sur,https://en.wikipedia.org/w/index.php?title=Congressional_canvass_for_the_2022_Philippine_presidential_election&oldid=1353912853,https://www.congress.gov.ph/index.php/media/photojournal/3000,Bongbong Marcos,Marcos,0,357654,0,357654,0,253867,0,first,,,Faisal Mangondato,Mangondato,897,Region XI (Davao Region),PH2022-037,official,
Davao del Sur,https://en.wikipedia.org/w/index.php?title=Congressional_canvass_for_the_2022_Philippine_presidential_election&oldid=1353912853,https://www.congress.gov.ph/index.php/media/photojournal/3000,Bongbong Marcos,Marcos,0,357654,0,357654,0,253867,0,first,,,Ernesto Abella,Abella,794,Region XI (Davao Region),PH2022-037,official,
Davao del Sur,https://en.wikipedia.org/w/index.php?title=Congressional_canvass_for_the_2022_Philippine_presidential_election&oldid=1353912853,https://www.congress.gov.ph/index.php/media/photojournal/3000,Bongbong Marcos,Marcos,0,357654,0,357654,0,253867,0,first,,,Leody de Guzman,De Guzman,621,Region XI (Davao Region),PH2022-037,official,
Davao del Sur,https://en.wikipedia.org/w/index.php?title=Congressional_canvass_for_the_2022_Philippine_presidential_election&oldid=1353912853,https://www.congress.gov.ph/index.php/media/photojournal/3000,Bongbong Marcos,Marcos,0,357654,0,357654,0,253867,0,first,,,Norberto Gonzales,Gonzales,737,Region XI (Davao Region),PH2022-037,official,
Davao del Sur,https://en.wikipedia.org/w/index.php?title=Congressional_canvass_for_the_2022_Philippine_presidential_election&oldid=1353912853,https://www.congress.gov.ph/index.php/media/photojournal/3000,Bongbong Marcos,Marcos,0,357654,0,357654,0,253867,0,first,,,Jose Montemayor Jr.,Montemayor,482,Region XI (Davao Region),PH2022-037,official,
Dinagat Islands,https://en.wikipedia.org/w/index.php?title=Congressional_canvass_for_the_2022_Philippine_presidential_election&oldid=1353912853,https://www.congress.gov.ph/index.php/media/photojournal/3000,Bongbong Marcos,Marcos,0,62244,0,62244,0,36208,0,first,,,Bongbong Marcos,Marcos,46898,Region XIII (Caraga),PH2022-038,official,
Dinagat Islands,https://en.wikipedia.org/w/index.php?title=Congressional_canvass_for_the_2022_Philippine_presidential_election&oldid=1353912853,https://www.congress.gov.ph/index.php/media/photojournal/3000,Bongbong Marcos,Marcos,0,62244,0,62244,0,36208,0,first,,,Leni Robredo,Robredo,10690,Region XIII (Caraga),PH2022-038,official,
Dinagat Islands,https://en.wikipedia.org/w/index.php?title=Congressional_canvass_for_the_2022_Philippine_presidential_election&oldid=1353912853,https://www.congress.gov.ph/index.php/media/photojournal/3000,Bongbong Marcos,Marcos,0,62244,0,62244,0,36208,0,first,,,Manny Pacquiao,Pacquiao,3242,Region XIII (Caraga),PH2022-038,official,
Dinagat Islands,https://en.wikipedia.org/w/index.php?title=Congressional_canvass_for_the_2022_Philippine_presidential_election&oldid=1353912853,https://www.congress.gov.ph/index.php/media/photojournal/3000,Bongbong Marcos,Marcos,0,62244,0,62244,0,36208,0,first,,,Isko Moreno,Moreno,619,Region XIII (Caraga),PH2022-038,official,
Dinagat Islands,https://en.wikipedia.org/w/index.php?title=Congressional_canvass_for_the_2022_Philippine_presidential_election&oldid=1353912853,https://www.congress.gov.ph/index.php/media/photojournal/3000,Bongbong Marcos,Marcos,0,62244,0,62244,0,36208,0,first,,,Panfilo Lacson,Lacson,278,Region XIII (Caraga),PH2022-038,official,
Dinagat Islands,https://en.wikipedia.org/w/index.php?title=Congressional_canvass_for_the_2022_Philippine_presidential_election&oldid=1353912853,https://www.congress.gov.ph/index.php/media/photojournal/3000,Bongbong Marcos,Marcos,0,62244,0,62244,0,36208,0,first,,,Faisal Mangondato,Mangondato,35,Region XIII (Caraga),PH2022-038,official,
Dinagat Islands,https://en.wikipedia.org/w/index.php?title=Congressional_canvass_for_the_2022_Philippine_presidential_election&oldid=1353912853,https://www.congress.gov.ph/index.php/media/photojournal/3000,Bongbong Marcos,Marcos,0,62244,0,62244,0,36208,0,first,,,Ernesto Abella,Abella,173,Region XIII (Caraga),PH2022-038,official,
Dinagat Islands,https://en.wikipedia.org/w/index.php?title=Congressional_canvass_for_the_2022_Philippine_presidential_election&oldid=1353912853,https://www.congress.gov.ph/index.php/media/photojournal/3000,Bongbong Marcos,Marcos,0,62244,0,62244,0,36208,0,first,,,Leody de Guzman,De Guzman,124,Region XIII (Caraga),PH2022-038,official,
Dinagat Islands,https://en.wikipedia.org/w/index.php?title=Congressional_canvass_for_the_2022_Philippine_presidential_election&oldid=1353912853,https://www.congress.gov.ph/index.php/media/photojournal/3000,Bongbong Marcos,Marcos,0,62244,0,62244,0,36208,0,first,,,Norberto Gonzales,Gonzales,112,Region XIII (Caraga),PH2022-038,official,
Dinagat Islands,https://en.wikipedia.org/w/index.php?title=Congressional_canvass_for_the_2022_Philippine_presidential_election&oldid=1353912853,https://www.congress.gov.ph/index.php/media/photojournal/3000,Bongbong Marcos,Marcos,0,62244,0,62244,0,36208,0,first,,,Jose Montemayor Jr.,Montemayor,73,Region XIII (Caraga),PH2022-038,official,
Eastern Samar,https://en.wikipedia.org/w/index.php?title=Congressional_canvass_for_the_2022_Philippine_presidential_election&oldid=1353912853,https://www.congress.gov.ph/index.php/media/photojournal/3000,Leni Robredo,Robredo,0,273897,0,273897,0,16974,0,first,,,Bongbong Marcos,Marcos,107419,Region VIII (Eastern Visayas),PH2022-039,official,
Eastern Samar,https://en.wikipedia.org/w/index.php?title=Congressional_canvass_for_the_2022_Philippine_presidential_election&oldid=1353912853,https://www.congress.gov.ph/index.php/media/photojournal/3000,Leni Robredo,Robredo,0,273897,0,273897,0,16974,0,first,,,Leni Robredo,Robredo,124393,Region VIII (Eastern Visayas),PH2022-039,official,
Eastern Samar,https://en.wikipedia.org/w/index.php?title=Congressional_canvass_for_the_2022_Philippine_presidential_election&oldid=1353912853,https://www.congress.gov.ph/index.php/media/photojournal/3000,Leni Robredo,Robredo,0,273897,0,273897,0,16974,0,first,,,Manny Pacquiao,Pacquiao,27366,Region VIII (Eastern Visayas),PH2022-039,official,
Eastern Samar,https://en.wikipedia.org/w/index.php?title=Congressional_canvass_for_the_2022_Philippine_presidential_election&oldid=1353912853,https://www.congress.gov.ph/index.php/media/photojournal/3000,Leni Robredo,Robredo,0,273897,0,273897,0,16974,0,first,,,Isko Moreno,Moreno,8660,Region VIII (Eastern Visayas),PH2022-039,official,
Eastern Samar,https://en.wikipedia.org/w/index.php?title=Congressional_canvass_for_the_2022_Philippine_presidential_election&oldid=1353912853,https://www.congress.gov.ph/index.php/media/photojournal/3000,Leni Robredo,Robredo,0,273897,0,273897,0,16974,0,first,,,Panfilo Lacson,Lacson,2806,Region VIII (Eastern Visayas),PH2022-039,official,
Eastern Samar,https://en.wikipedia.org/w/index.php?title=Congressional_canvass_for_the_2022_Philippine_presidential_election&oldid=1353912853,https://www.congress.gov.ph/index.php/media/photojournal/3000,Leni Robredo,Robredo,0,273897,0,273897,0,16974,0,first,,,Faisal Mangondato,Mangondato,190,Region VIII (Eastern Visayas),PH2022-039,official,
Eastern Samar,https://en.wikipedia.org/w/index.php?title=Congressional_canvass_for_the_2022_Philippine_presidential_election&oldid=1353912853,https://www.congress.gov.ph/index.php/media/photojournal/3000,Leni Robredo,Robredo,0,273897,0,273897,0,16974,0,first,,,Ernesto Abella,Abella,1113,Region VIII (Eastern Visayas),PH2022-039,official,
Eastern Samar,https://en.wikipedia.org/w/index.php?title=Congressional_canvass_for_the_2022_Philippine_presidential_election&oldid=1353912853,https://www.congress.gov.ph/index.php/media/photojournal/3000,Leni Robredo,Robredo,0,273897,0,273897,0,16974,0,first,,,Leody de Guzman,De Guzman,683,Region VIII (Eastern Visayas),PH2022-039,official,
Eastern Samar,https://en.wikipedia.org/w/index.php?title=Congressional_canvass_for_the_2022_Philippine_presidential_election&oldid=1353912853,https://www.congress.gov.ph/index.php/media/photojournal/3000,Leni Robredo,Robredo,0,273897,0,273897,0,16974,0,first,,,Norberto Gonzales,Gonzales,906,Region VIII (Eastern Visayas),PH2022-039,official,
Eastern Samar,https://en.wikipedia.org/w/index.php?title=Congressional_canvass_for_the_2022_Philippine_presidential_election&oldid=1353912853,https://www.congress.gov.ph/index.php/media/photojournal/3000,Leni Robredo,Robredo,0,273897,0,273897,0,16974,0,first,,,Jose Montemayor Jr.,Montemayor,361,Region VIII (Eastern Visayas),PH2022-039,official,
General Santos,https://en.wikipedia.org/w/index.php?title=Congressional_canvass_for_the_2022_Philippine_presidential_election&oldid=1353912853,https://www.congress.gov.ph/index.php/media/photojournal/3000,Bongbong Marcos,Marcos,0,270393,0,270393,0,71352,0,first,,,Bongbong Marcos,Marcos,152703,Region XII (SOCCSKSARGEN),PH2022-040,official,
General Santos,https://en.wikipedia.org/w/index.php?title=Congressional_canvass_for_the_2022_Philippine_presidential_election&oldid=1353912853,https://www.congress.gov.ph/index.php/media/photojournal/3000,Bongbong Marcos,Marcos,0,270393,0,270393,0,71352,0,first,,,Leni Robredo,Robredo,27344,Region XII (SOCCSKSARGEN),PH2022-040,official,
General Santos,https://en.wikipedia.org/w/index.php?title=Congressional_canvass_for_the_2022_Philippine_presidential_election&oldid=1353912853,https://www.congress.gov.ph/index.php/media/photojournal/3000,Bongbong Marcos,Marcos,0,270393,0,270393,0,71352,0,first,,,Manny Pacquiao,Pacquiao,81351,Region XII (SOCCSKSARGEN),PH2022-040,official,
General Santos,https://en.wikipedia.org/w/index.php?title=Congressional_canvass_for_the_2022_Philippine_presidential_election&oldid=1353912853,https://www.congress.gov.ph/index.php/media/photojournal/3000,Bongbong Marcos,Marcos,0,270393,0,270393,0,71352,0,first,,,Isko Moreno,Moreno,3482,Region XII (SOCCSKSARGEN),PH2022-040,official,
General Santos,https://en.wikipedia.org/w/index.php?title=Congressional_canvass_for_the_2022_Philippine_presidential_election&oldid=1353912853,https://www.congress.gov.ph/index.php/media/photojournal/3000,Bongbong Marcos,Marcos,0,270393,0,270393,0,71352,0,first,,,Panfilo Lacson,Lacson,3053,Region XII (SOCCSKSARGEN),PH2022-040,official,
General Santos,https://en.wikipedia.org/w/index.php?title=Congressional_canvass_for_the_2022_Philippine_presidential_election&oldid=1353912853,https://www.congress.gov.ph/index.php/media/photojournal/3000,Bongbong Marcos,Marcos,0,270393,0,270393,0,71352,0,first,,,Faisal Mangondato,Mangondato,1107,Region XII (SOCCSKSARGEN),PH2022-040,official,
General Santos,https://en.wikipedia.org/w/index.php?title=Congressional_canvass_for_the_2022_Philippine_presidential_election&oldid=1353912853,https://www.congress.gov.ph/index.php/media/photojournal/3000,Bongbong Marcos,Marcos,0,270393,0,270393,0,71352,0,first,,,Ernesto Abella,Abella,348,Region XII (SOCCSKSARGEN),PH2022-040,official,
General Santos,https://en.wikipedia.org/w/index.php?title=Congressional_canvass_for_the_2022_Philippine_presidential_election&oldid=1353912853,https://www.congress.gov.ph/index.php/media/photojournal/3000,Bongbong Marcos,Marcos,0,270393,0,270393,0,71352,0,first,,,Leody de Guzman,De Guzman,315,Region XII (SOCCSKSARGEN),PH2022-040,official,
General Santos,https://en.wikipedia.org/w/index.php?title=Congressional_canvass_for_the_2022_Philippine_presidential_election&oldid=1353912853,https://www.congress.gov.ph/index.php/media/photojournal/3000,Bongbong Marcos,Marcos,0,270393,0,270393,0,71352,0,first,,,Norberto Gonzales,Gonzales,292,Region XII (SOCCSKSARGEN),PH2022-040,official,
General Santos,https://en.wikipedia.org/w/index.php?title=Congressional_canvass_for_the_2022_Philippine_presidential_election&oldid=1353912853,https://www.congress.gov.ph/index.php/media/photojournal/3000,Bongbong Marcos,Marcos,0,270393,0,270393,0,71352,0,first,,,Jose Montemayor Jr.,Montemayor,398,Region XII (SOCCSKSARGEN),PH2022-040,official,
Guimaras,https://en.wikipedia.org/w/index.php?title=Congressional_canvass_for_the_2022_Philippine_presidential_election&oldid=1353912853,https://www.congress.gov.ph/index.php/media/photojournal/3000,Leni Robredo,Robredo,0,103341,0,103341,0,40279,0,first,,,Bongbong Marcos,Marcos,25792,Region VI (Western Visayas),PH2022-041,official,
Guimaras,https://en.wikipedia.org/w/index.php?title=Congressional_canvass_for_the_2022_Philippine_presidential_election&oldid=1353912853,https://www.congress.gov.ph/index.php/media/photojournal/3000,Leni Robredo,Robredo,0,103341,0,103341,0,40279,0,first,,,Leni Robredo,Robredo,66071,Region VI (Western Visayas),PH2022-041,official,
Guimaras,https://en.wikipedia.org/w/index.php?title=Congressional_canvass_for_the_2022_Philippine_presidential_election&oldid=1353912853,https://www.congress.gov.ph/index.php/media/photojournal/3000,Leni Robredo,Robredo,0,103341,0,103341,0,40279,0,first,,,Manny Pacquiao,Pacquiao,6796,Region VI (Western Visayas),PH2022-041,official,
Guimaras,https://en.wikipedia.org/w/index.php?title=Congressional_canvass_for_the_2022_Philippine_presidential_election&oldid=1353912853,https://www.congress.gov.ph/index.php/media/photojournal/3000,Leni Robredo,Robredo,0,103341,0,103341,0,40279,0,first,,,Isko Moreno,Moreno,3045,Region VI (Western Visayas),PH2022-041,official,
Guimaras,https://en.wikipedia.org/w/index.php?title=Congressional_canvass_for_the_2022_Philippine_presidential_election&oldid=1353912853,https://www.congress.gov.ph/index.php/media/photojournal/3000,Leni Robredo,Robredo,0,103341,0,103341,0,40279,0,first,,,Panfilo Lacson,Lacson,857,Region VI (Western Visayas),PH2022-041,official,
Guimaras,https://en.wikipedia.org/w/index.php?title=Congressional_canvass_for_the_2022_Philippine_presidential_election&oldid=1353912853,https://www.congress.gov.ph/index.php/media/photojournal/3000,Leni Robredo,Robredo,0,103341,0,103341,0,40279,0,first,,,Faisal Mangondato,Mangondato,35,Region VI (Western Visayas),PH2022-041,official,
Guimaras,https://en.wikipedia.org/w/index.php?title=Congressional_canvass_for_the_2022_Philippine_presidential_election&oldid=1353912853,https://www.congress.gov.ph/index.php/media/photojournal/3000,Leni Robredo,Robredo,0,103341,0,103341,0,40279,0,first,,,Ernesto Abella,Abella,269,Region VI (Western Visayas),PH2022-041,official,
Guimaras,https://en.wikipedia.org/w/index.php?title=Congressional_canvass_for_the_2022_Philippine_presidential_election&oldid=1353912853,https://www.congress.gov.ph/index.php/media/photojournal/3000,Leni Robredo,Robredo,0,103341,0,103341,0,40279,0,first,,,Leody de Guzman,De Guzman,182,Region VI (Western Visayas),PH2022-041,official,
Guimaras,https://en.wikipedia.org/w/index.php?title=Congressional_canvass_for_the_2022_Philippine_presidential_election&oldid=1353912853,https://www.congress.gov.ph/index.php/media/photojournal/3000,Leni Robredo,Robredo,0,103341,0,103341,0,40279,0,first,,,Norberto Gonzales,Gonzales,126,Region VI (Western Visayas),PH2022-041,official,
Guimaras,https://en.wikipedia.org/w/index.php?title=Congressional_canvass_for_the_2022_Philippine_presidential_election&oldid=1353912853,https://www.congress.gov.ph/index.php/media/photojournal/3000,Leni Robredo,Robredo,0,103341,0,103341,0,40279,0,first,,,Jose Montemayor Jr.,Montemayor,168,Region VI (Western Visayas),PH2022-041,official,
Ifugao,https://en.wikipedia.org/w/index.php?title=Congressional_canvass_for_the_2022_Philippine_presidential_election&oldid=1353912853,https://www.congress.gov.ph/index.php/media/photojournal/3000,Bongbong Marcos,Marcos,0,110036,0,110036,0,66894,0,first,,,Bongbong Marcos,Marcos,82479,CAR,PH2022-042,official,
Ifugao,https://en.wikipedia.org/w/index.php?title=Congressional_canvass_for_the_2022_Philippine_presidential_election&oldid=1353912853,https://www.congress.gov.ph/index.php/media/photojournal/3000,Bongbong Marcos,Marcos,0,110036,0,110036,0,66894,0,first,,,Leni Robredo,Robredo,15585,CAR,PH2022-042,official,
Ifugao,https://en.wikipedia.org/w/index.php?title=Congressional_canvass_for_the_2022_Philippine_presidential_election&oldid=1353912853,https://www.congress.gov.ph/index.php/media/photojournal/3000,Bongbong Marcos,Marcos,0,110036,0,110036,0,66894,0,first,,,Manny Pacquiao,Pacquiao,6573,CAR,PH2022-042,official,
Ifugao,https://en.wikipedia.org/w/index.php?title=Congressional_canvass_for_the_2022_Philippine_presidential_election&oldid=1353912853,https://www.congress.gov.ph/index.php/media/photojournal/3000,Bongbong Marcos,Marcos,0,110036,0,110036,0,66894,0,first,,,Isko Moreno,Moreno,2233,CAR,PH2022-042,official,
Ifugao,https://en.wikipedia.org/w/index.php?title=Congressional_canvass_for_the_2022_Philippine_presidential_election&oldid=1353912853,https://www.congress.gov.ph/index.php/media/photojournal/3000,Bongbong Marcos,Marcos,0,110036,0,110036,0,66894,0,first,,,Panfilo Lacson,Lacson,2417,CAR,PH2022-042,official,
Ifugao,https://en.wikipedia.org/w/index.php?title=Congressional_canvass_for_the_2022_Philippine_presidential_election&oldid=1353912853,https://www.congress.gov.ph/index.php/media/photojournal/3000,Bongbong Marcos,Marcos,0,110036,0,110036,0,66894,0,first,,,Faisal Mangondato,Mangondato,73,CAR,PH2022-042,official,
Ifugao,https://en.wikipedia.org/w/index.php?title=Congressional_canvass_for_the_2022_Philippine_presidential_election&oldid=1353912853,https://www.congress.gov.ph/index.php/media/photojournal/3000,Bongbong Marcos,Marcos,0,110036,0,110036,0,66894,0,first,,,Ernesto Abella,Abella,173,CAR,PH2022-042,official,
Ifugao,https://en.wikipedia.org/w/index.php?title=Congressional_canvass_for_the_2022_Philippine_presidential_election&oldid=1353912853,https://www.congress.gov.ph/index.php/media/photojournal/3000,Bongbong Marcos,Marcos,0,110036,0,110036,0,66894,0,first,,,Leody de Guzman,De Guzman,154,CAR,PH2022-042,official,
Ifugao,https://en.wikipedia.org/w/index.php?title=Congressional_canvass_for_the_2022_Philippine_presidential_election&oldid=1353912853,https://www.congress.gov.ph/index.php/media/photojournal/3000,Bongbong Marcos,Marcos,0,110036,0,110036,0,66894,0,first,,,Norberto Gonzales,Gonzales,127,CAR,PH2022-042,official,
Ifugao,https://en.wikipedia.org/w/index.php?title=Congressional_canvass_for_the_2022_Philippine_presidential_election&oldid=1353912853,https://www.congress.gov.ph/index.php/media/photojournal/3000,Bongbong Marcos,Marcos,0,110036,0,110036,0,66894,0,first,,,Jose Montemayor Jr.,Montemayor,222,CAR,PH2022-042,official,
Iligan,https://en.wikipedia.org/w/index.php?title=Congressional_canvass_for_the_2022_Philippine_presidential_election&oldid=1353912853,https://www.congress.gov.ph/index.php/media/photojournal/3000,Bongbong Marcos,Marcos,0,149761,0,149761,0,88657,0,first,,,Bongbong Marcos,Marcos,107514,Region X (Northern Mindanao),PH2022-043,official,
Iligan,https://en.wikipedia.org/w/index.php?title=Congressional_canvass_for_the_2022_Philippine_presidential_election&oldid=1353912853,https://www.congress.gov.ph/index.php/media/photojournal/3000,Bongbong Marcos,Marcos,0,149761,0,149761,0,88657,0,first,,,Leni Robredo,Robredo,18857,Region X (Northern Mindanao),PH2022-043,official,
Iligan,https://en.wikipedia.org/w/index.php?title=Congressional_canvass_for_the_2022_Philippine_presidential_election&oldid=1353912853,https://www.congress.gov.ph/index.php/media/photojournal/3000,Bongbong Marcos,Marcos,0,149761,0,149761,0,88657,0,first,,,Manny Pacquiao,Pacquiao,15092,Region X (Northern Mindanao),PH2022-043,official,
Iligan,https://en.wikipedia.org/w/index.php?title=Congressional_canvass_for_the_2022_Philippine_presidential_election&oldid=1353912853,https://www.congress.gov.ph/index.php/media/photojournal/3000,Bongbong Marcos,Marcos,0,149761,0,149761,0,88657,0,first,,,Isko Moreno,Moreno,3843,Region X (Northern Mindanao),PH2022-043,official,
Iligan,https://en.wikipedia.org/w/index.php?title=Congressional_canvass_for_the_2022_Philippine_presidential_election&oldid=1353912853,https://www.congress.gov.ph/index.php/media/photojournal/3000,Bongbong Marcos,Marcos,0,149761,0,149761,0,88657,0,first,,,Panfilo Lacson,Lacson,1822,Region X (Northern Mindanao),PH2022-043,official,
Iligan,https://en.wikipedia.org/w/index.php?title=Congressional_canvass_for_the_2022_Philippine_presidential_election&oldid=1353912853,https://www.congress.gov.ph/index.php/media/photojournal/3000,Bongbong Marcos,Marcos,0,149761,0,149761,0,88657,0,first,,,Faisal Mangondato,Mangondato,1583,Region X (Northern Mindanao),PH2022-043,official,
Iligan,https://en.wikipedia.org/w/index.php?title=Congressional_canvass_for_the_2022_Philippine_presidential_election&oldid=1353912853,https://www.congress.gov.ph/index.php/media/photojournal/3000,Bongbong Marcos,Marcos,0,149761,0,149761,0,88657,0,first,,,Ernesto Abella,Abella,371,Region X (Northern Mindanao),PH2022-043,official,
Iligan,https://en.wikipedia.org/w/index.php?title=Congressional_canvass_for_the_2022_Philippine_presidential_election&oldid=1353912853,https://www.congress.gov.ph/index.php/media/photojournal/3000,Bongbong Marcos,Marcos,0,149761,0,149761,0,88657,0,first,,,Leody de Guzman,De Guzman,226,Region X (Northern Mindanao),PH2022-043,official,
Iligan,https://en.wikipedia.org/w/index.php?title=Congressional_canvass_for_the_2022_Philippine_presidential_election&oldid=1353912853,https://www.congress.gov.ph/index.php/media/photojournal/3000,Bongbong Marcos,Marcos,0,149761,0,149761,0,88657,0,first,,,Norberto Gonzales,Gonzales,274,Region X (Northern Mindanao),PH2022-043,official,
Iligan,https://en.wikipedia.org/w/index.php?title=Congressional_canvass_for_the_2022_Philippine_presidential_election&oldid=1353912853,https://www.congress.gov.ph/index.php/media/photojournal/3000,Bongbong Marcos,Marcos,0,149761,0,149761,0,88657,0,first,,,Jose Montemayor Jr.,Montemayor,179,Region X (Northern Mindanao),PH2022-043,official,
Ilocos Norte,https://en.wikipedia.org/w/index.php?title=Congressional_canvass_for_the_2022_Philippine_presidential_election&oldid=1353912853,https://www.congress.gov.ph/index.php/media/photojournal/3000,Bongbong Marcos,Marcos,0,371693,0,371693,0,346178,0,first,,,Bongbong Marcos,Marcos,356221,Region I (Ilocos Region),PH2022-044,official,
Ilocos Norte,https://en.wikipedia.org/w/index.php?title=Congressional_canvass_for_the_2022_Philippine_presidential_election&oldid=1353912853,https://www.congress.gov.ph/index.php/media/photojournal/3000,Bongbong Marcos,Marcos,0,371693,0,371693,0,346178,0,first,,,Leni Robredo,Robredo,10043,Region I (Ilocos Region),PH2022-044,official,
Ilocos Norte,https://en.wikipedia.org/w/index.php?title=Congressional_canvass_for_the_2022_Philippine_presidential_election&oldid=1353912853,https://www.congress.gov.ph/index.php/media/photojournal/3000,Bongbong Marcos,Marcos,0,371693,0,371693,0,346178,0,first,,,Manny Pacquiao,Pacquiao,1046,Region I (Ilocos Region),PH2022-044,official,
Ilocos Norte,https://en.wikipedia.org/w/index.php?title=Congressional_canvass_for_the_2022_Philippine_presidential_election&oldid=1353912853,https://www.congress.gov.ph/index.php/media/photojournal/3000,Bongbong Marcos,Marcos,0,371693,0,371693,0,346178,0,first,,,Isko Moreno,Moreno,1426,Region I (Ilocos Region),PH2022-044,official,
Ilocos Norte,https://en.wikipedia.org/w/index.php?title=Congressional_canvass_for_the_2022_Philippine_presidential_election&oldid=1353912853,https://www.congress.gov.ph/index.php/media/photojournal/3000,Bongbong Marcos,Marcos,0,371693,0,371693,0,346178,0,first,,,Panfilo Lacson,Lacson,1928,Region I (Ilocos Region),PH2022-044,official,
Ilocos Norte,https://en.wikipedia.org/w/index.php?title=Congressional_canvass_for_the_2022_Philippine_presidential_election&oldid=1353912853,https://www.congress.gov.ph/index.php/media/photojournal/3000,Bongbong Marcos,Marcos,0,371693,0,371693,0,346178,0,first,,,Faisal Mangondato,Mangondato,164,Region I (Ilocos Region),PH2022-044,official,
Ilocos Norte,https://en.wikipedia.org/w/index.php?title=Congressional_canvass_for_the_2022_Philippine_presidential_election&oldid=1353912853,https://www.congress.gov.ph/index.php/media/photojournal/3000,Bongbong Marcos,Marcos,0,371693,0,371693,0,346178,0,first,,,Ernesto Abella,Abella,280,Region I (Ilocos Region),PH2022-044,official,
Ilocos Norte,https://en.wikipedia.org/w/index.php?title=Congressional_canvass_for_the_2022_Philippine_presidential_election&oldid=1353912853,https://www.congress.gov.ph/index.php/media/photojournal/3000,Bongbong Marcos,Marcos,0,371693,0,371693,0,346178,0,first,,,Leody de Guzman,De Guzman,200,Region I (Ilocos Region),PH2022-044,official,
Ilocos Norte,https://en.wikipedia.org/w/index.php?title=Congressional_canvass_for_the_2022_Philippine_presidential_election&oldid=1353912853,https://www.congress.gov.ph/index.php/media/photojournal/3000,Bongbong Marcos,Marcos,0,371693,0,371693,0,346178,0,first,,,Norberto Gonzales,Gonzales,192,Region I (Ilocos Region),PH2022-044,official,
Ilocos Norte,https://en.wikipedia.org/w/index.php?title=Congressional_canvass_for_the_2022_Philippine_presidential_election&oldid=1353912853,https://www.congress.gov.ph/index.php/media/photojournal/3000,Bongbong Marcos,Marcos,0,371693,0,371693,0,346178,0,first,,,Jose Montemayor Jr.,Montemayor,193,Region I (Ilocos Region),PH2022-044,official,
Ilocos Sur,https://en.wikipedia.org/w/index.php?title=Congressional_canvass_for_the_2022_Philippine_presidential_election&oldid=1353912853,https://www.congress.gov.ph/index.php/media/photojournal/3000,Bongbong Marcos,Marcos,0,413533,0,413533,0,376302,0,first,,,Bongbong Marcos,Marcos,391973,Region I (Ilocos Region),PH2022-045,official,
Ilocos Sur,https://en.wikipedia.org/w/index.php?title=Congressional_canvass_for_the_2022_Philippine_presidential_election&oldid=1353912853,https://www.congress.gov.ph/index.php/media/photojournal/3000,Bongbong Marcos,Marcos,0,413533,0,413533,0,376302,0,first,,,Leni Robredo,Robredo,15671,Region I (Ilocos Region),PH2022-045,official,
Ilocos Sur,https://en.wikipedia.org/w/index.php?title=Congressional_canvass_for_the_2022_Philippine_presidential_election&oldid=1353912853,https://www.congress.gov.ph/index.php/media/photojournal/3000,Bongbong Marcos,Marcos,0,413533,0,413533,0,376302,0,first,,,Manny Pacquiao,Pacquiao,1282,Region I (Ilocos Region),PH2022-045,official,
Ilocos Sur,https://en.wikipedia.org/w/index.php?title=Congressional_canvass_for_the_2022_Philippine_presidential_election&oldid=1353912853,https://www.congress.gov.ph/index.php/media/photojournal/3000,Bongbong Marcos,Marcos,0,413533,0,413533,0,376302,0,first,,,Isko Moreno,Moreno,1511,Region I (Ilocos Region),PH2022-045,official,
Ilocos Sur,https://en.wikipedia.org/w/index.php?title=Congressional_canvass_for_the_2022_Philippine_presidential_election&oldid=1353912853,https://www.congress.gov.ph/index.php/media/photojournal/3000,Bongbong Marcos,Marcos,0,413533,0,413533,0,376302,0,first,,,Panfilo Lacson,Lacson,1756,Region I (Ilocos Region),PH2022-045,official,
Ilocos Sur,https://en.wikipedia.org/w/index.php?title=Congressional_canvass_for_the_2022_Philippine_presidential_election&oldid=1353912853,https://www.congress.gov.ph/index.php/media/photojournal/3000,Bongbong Marcos,Marcos,0,413533,0,413533,0,376302,0,first,,,Faisal Mangondato,Mangondato,343,Region I (Ilocos Region),PH2022-045,official,
Ilocos Sur,https://en.wikipedia.org/w/index.php?title=Congressional_canvass_for_the_2022_Philippine_presidential_election&oldid=1353912853,https://www.congress.gov.ph/index.php/media/photojournal/3000,Bongbong Marcos,Marcos,0,413533,0,413533,0,376302,0,first,,,Ernesto Abella,Abella,385,Region I (Ilocos Region),PH2022-045,official,
Ilocos Sur,https://en.wikipedia.org/w/index.php?title=Congressional_canvass_for_the_2022_Philippine_presidential_election&oldid=1353912853,https://www.congress.gov.ph/index.php/media/photojournal/3000,Bongbong Marcos,Marcos,0,413533,0,413533,0,376302,0,first,,,Leody de Guzman,De Guzman,216,Region I (Ilocos Region),PH2022-045,official,
Ilocos Sur,https://en.wikipedia.org/w/index.php?title=Congressional_canvass_for_the_2022_Philippine_presidential_election&oldid=1353912853,https://www.congress.gov.ph/index.php/media/photojournal/3000,Bongbong Marcos,Marcos,0,413533,0,413533,0,376302,0,first,,,Norberto Gonzales,Gonzales,220,Region I (Ilocos Region),PH2022-045,official,
Ilocos Sur,https://en.wikipedia.org/w/index.php?title=Congressional_canvass_for_the_2022_Philippine_presidential_election&oldid=1353912853,https://www.congress.gov.ph/index.php/media/photojournal/3000,Bongbong Marcos,Marcos,0,413533,0,413533,0,376302,0,first,,,Jose Montemayor Jr.,Montemayor,176,Region I (Ilocos Region),PH2022-045,official,
Iloilo,https://en.wikipedia.org/w/index.php?title=Congressional_canvass_for_the_2022_Philippine_presidential_election&oldid=1353912853,https://www.congress.gov.ph/index.php/media/photojournal/3000,Leni Robredo,Robredo,0,1076039,0,1076039,0,205381,0,first,,,Bongbong Marcos,Marcos,374144,Region VI (Western Visayas),PH2022-046,official,
Iloilo,https://en.wikipedia.org/w/index.php?title=Congressional_canvass_for_the_2022_Philippine_presidential_election&oldid=1353912853,https://www.congress.gov.ph/index.php/media/photojournal/3000,Leni Robredo,Robredo,0,1076039,0,1076039,0,205381,0,first,,,Leni Robredo,Robredo,579525,Region VI (Western Visayas),PH2022-046,official,
Iloilo,https://en.wikipedia.org/w/index.php?title=Congressional_canvass_for_the_2022_Philippine_presidential_election&oldid=1353912853,https://www.congress.gov.ph/index.php/media/photojournal/3000,Leni Robredo,Robredo,0,1076039,0,1076039,0,205381,0,first,,,Manny Pacquiao,Pacquiao,72381,Region VI (Western Visayas),PH2022-046,official,
Iloilo,https://en.wikipedia.org/w/index.php?title=Congressional_canvass_for_the_2022_Philippine_presidential_election&oldid=1353912853,https://www.congress.gov.ph/index.php/media/photojournal/3000,Leni Robredo,Robredo,0,1076039,0,1076039,0,205381,0,first,,,Isko Moreno,Moreno,29669,Region VI (Western Visayas),PH2022-046,official,
Iloilo,https://en.wikipedia.org/w/index.php?title=Congressional_canvass_for_the_2022_Philippine_presidential_election&oldid=1353912853,https://www.congress.gov.ph/index.php/media/photojournal/3000,Leni Robredo,Robredo,0,1076039,0,1076039,0,205381,0,first,,,Panfilo Lacson,Lacson,10915,Region VI (Western Visayas),PH2022-046,official,
Iloilo,https://en.wikipedia.org/w/index.php?title=Congressional_canvass_for_the_2022_Philippine_presidential_election&oldid=1353912853,https://www.congress.gov.ph/index.php/media/photojournal/3000,Leni Robredo,Robredo,0,1076039,0,1076039,0,205381,0,first,,,Faisal Mangondato,Mangondato,696,Region VI (Western Visayas),PH2022-046,official,
Iloilo,https://en.wikipedia.org/w/index.php?title=Congressional_canvass_for_the_2022_Philippine_presidential_election&oldid=1353912853,https://www.congress.gov.ph/index.php/media/photojournal/3000,Leni Robredo,Robredo,0,1076039,0,1076039,0,205381,0,first,,,Ernesto Abella,Abella,2974,Region VI (Western Visayas),PH2022-046,official,
Iloilo,https://en.wikipedia.org/w/index.php?title=Congressional_canvass_for_the_2022_Philippine_presidential_election&oldid=1353912853,https://www.congress.gov.ph/index.php/media/photojournal/3000,Leni Robredo,Robredo,0,1076039,0,1076039,0,205381,0,first,,,Leody de Guzman,De Guzman,2479,Region VI (Western Visayas),PH2022-046,official,
Iloilo,https://en.wikipedia.org/w/index.php?title=Congressional_canvass_for_the_2022_Philippine_presidential_election&oldid=1353912853,https://www.congress.gov.ph/index.php/media/photojournal/3000,Leni Robredo,Robredo,0,1076039,0,1076039,0,205381,0,first,,,Norberto Gonzales,Gonzales,1922,Region VI (Western Visayas),PH2022-046,official,
Iloilo,https://en.wikipedia.org/w/index.php?title=Congressional_canvass_for_the_2022_Philippine_presidential_election&oldid=1353912853,https://www.congress.gov.ph/index.php/media/photojournal/3000,Leni Robredo,Robredo,0,1076039,0,1076039,0,205381,0,first,,,Jose Montemayor Jr.,Montemayor,1334,Region VI (Western Visayas),PH2022-046,official,
Iloilo City,https://en.wikipedia.org/w/index.php?title=Congressional_canvass_for_the_2022_Philippine_presidential_election&oldid=1353912853,https://www.congress.gov.ph/index.php/media/photojournal/3000,Leni Robredo,Robredo,0,253496,0,253496,0,64139,0,first,,,Bongbong Marcos,Marcos,85117,Region VI (Western Visayas),PH2022-047,official,
Iloilo City,https://en.wikipedia.org/w/index.php?title=Congressional_canvass_for_the_2022_Philippine_presidential_election&oldid=1353912853,https://www.congress.gov.ph/index.php/media/photojournal/3000,Leni Robredo,Robredo,0,253496,0,253496,0,64139,0,first,,,Leni Robredo,Robredo,149256,Region VI (Western Visayas),PH2022-047,official,
Iloilo City,https://en.wikipedia.org/w/index.php?title=Congressional_canvass_for_the_2022_Philippine_presidential_election&oldid=1353912853,https://www.congress.gov.ph/index.php/media/photojournal/3000,Leni Robredo,Robredo,0,253496,0,253496,0,64139,0,first,,,Manny Pacquiao,Pacquiao,7978,Region VI (Western Visayas),PH2022-047,official,
Iloilo City,https://en.wikipedia.org/w/index.php?title=Congressional_canvass_for_the_2022_Philippine_presidential_election&oldid=1353912853,https://www.congress.gov.ph/index.php/media/photojournal/3000,Leni Robredo,Robredo,0,253496,0,253496,0,64139,0,first,,,Isko Moreno,Moreno,6821,Region VI (Western Visayas),PH2022-047,official,
Iloilo City,https://en.wikipedia.org/w/index.php?title=Congressional_canvass_for_the_2022_Philippine_presidential_election&oldid=1353912853,https://www.congress.gov.ph/index.php/media/photojournal/3000,Leni Robredo,Robredo,0,253496,0,253496,0,64139,0,first,,,Panfilo Lacson,Lacson,3038,Region VI (Western Visayas),PH2022-047,official,
Iloilo City,https://en.wikipedia.org/w/index.php?title=Congressional_canvass_for_the_2022_Philippine_presidential_election&oldid=1353912853,https://www.congress.gov.ph/index.php/media/photojournal/3000,Leni Robredo,Robredo,0,253496,0,253496,0,64139,0,first,,,Faisal Mangondato,Mangondato,150,Region VI (Western Visayas),PH2022-047,official,
Iloilo City,https://en.wikipedia.org/w/index.php?title=Congressional_canvass_for_the_2022_Philippine_presidential_election&oldid=1353912853,https://www.congress.gov.ph/index.php/media/photojournal/3000,Leni Robredo,Robredo,0,253496,0,253496,0,64139,0,first,,,Ernesto Abella,Abella,249,Region VI (Western Visayas),PH2022-047,official,
Iloilo City,https://en.wikipedia.org/w/index.php?title=Congressional_canvass_for_the_2022_Philippine_presidential_election&oldid=1353912853,https://www.congress.gov.ph/index.php/media/photojournal/3000,Leni Robredo,Robredo,0,253496,0,253496,0,64139,0,first,,,Leody de Guzman,De Guzman,286,Region VI (Western Visayas),PH2022-047,official,
Iloilo City,https://en.wikipedia.org/w/index.php?title=Congressional_canvass_for_the_2022_Philippine_presidential_election&oldid=1353912853,https://www.congress.gov.ph/index.php/media/photojournal/3000,Leni Robredo,Robredo,0,253496,0,253496,0,64139,0,first,,,Norberto Gonzales,Gonzales,302,Region VI (Western Visayas),PH2022-047,official,
Iloilo City,https://en.wikipedia.org/w/index.php?title=Congressional_canvass_for_the_2022_Philippine_presidential_election&oldid=1353912853,https://www.congress.gov.ph/index.php/media/photojournal/3000,Leni Robredo,Robredo,0,253496,0,253496,0,64139,0,first,,,Jose Montemayor Jr.,Montemayor,299,Region VI (Western Visayas),PH2022-047,official,
Isabela,https://en.wikipedia.org/w/index.php?title=Congressional_canvass_for_the_2022_Philippine_presidential_election&oldid=1353912853,https://www.congress.gov.ph/index.php/media/photojournal/3000,Bongbong Marcos,Marcos,0,882387,0,882387,0,681142,0,first,,,Bongbong Marcos,Marcos,763274,Region II (Cagayan Valley),PH2022-048,official,
Isabela,https://en.wikipedia.org/w/index.php?title=Congressional_canvass_for_the_2022_Philippine_presidential_election&oldid=1353912853,https://www.congress.gov.ph/index.php/media/photojournal/3000,Bongbong Marcos,Marcos,0,882387,0,882387,0,681142,0,first,,,Leni Robredo,Robredo,82132,Region II (Cagayan Valley),PH2022-048,official,
Isabela,https://en.wikipedia.org/w/index.php?title=Congressional_canvass_for_the_2022_Philippine_presidential_election&oldid=1353912853,https://www.congress.gov.ph/index.php/media/photojournal/3000,Bongbong Marcos,Marcos,0,882387,0,882387,0,681142,0,first,,,Manny Pacquiao,Pacquiao,13040,Region II (Cagayan Valley),PH2022-048,official,
Isabela,https://en.wikipedia.org/w/index.php?title=Congressional_canvass_for_the_2022_Philippine_presidential_election&oldid=1353912853,https://www.congress.gov.ph/index.php/media/photojournal/3000,Bongbong Marcos,Marcos,0,882387,0,882387,0,681142,0,first,,,Isko Moreno,Moreno,9468,Region II (Cagayan Valley),PH2022-048,official,
Isabela,https://en.wikipedia.org/w/index.php?title=Congressional_canvass_for_the_2022_Philippine_presidential_election&oldid=1353912853,https://www.congress.gov.ph/index.php/media/photojournal/3000,Bongbong Marcos,Marcos,0,882387,0,882387,0,681142,0,first,,,Panfilo Lacson,Lacson,8302,Region II (Cagayan Valley),PH2022-048,official,
Isabela,https://en.wikipedia.org/w/index.php?title=Congressional_canvass_for_the_2022_Philippine_presidential_election&oldid=1353912853,https://www.congress.gov.ph/index.php/media/photojournal/3000,Bongbong Marcos,Marcos,0,882387,0,882387,0,681142,0,first,,,Faisal Mangondato,Mangondato,775,Region II (Cagayan Valley),PH2022-048,official,
Isabela,https://en.wikipedia.org/w/index.php?title=Congressional_canvass_for_the_2022_Philippine_presidential_election&oldid=1353912853,https://www.congress.gov.ph/index.php/media/photojournal/3000,Bongbong Marcos,Marcos,0,882387,0,882387,0,681142,0,first,,,Ernesto Abella,Abella,1960,Region II (Cagayan Valley),PH2022-048,official,
Isabela,https://en.wikipedia.org/w/index.php?title=Congressional_canvass_for_the_2022_Philippine_presidential_election&oldid=1353912853,https://www.congress.gov.ph/index.php/media/photojournal/3000,Bongbong Marcos,Marcos,0,882387,0,882387,0,681142,0,first,,,Leody de Guzman,De Guzman,1287,Region II (Cagayan Valley),PH2022-048,official,
Isabela,https://en.wikipedia.org/w/index.php?title=Congressional_canvass_for_the_2022_Philippine_presidential_election&oldid=1353912853,https://www.congress.gov.ph/index.php/media/photojournal/3000,Bongbong Marcos,Marcos,0,882387,0,882387,0,681142,0,first,,,Norberto Gonzales,Gonzales,1099,Region II (Cagayan Valley),PH2022-048,official,
Isabela,https://en.wikipedia.org/w/index.php?title=Congressional_canvass_for_the_2022_Philippine_presidential_election&oldid=1353912853,https://www.congress.gov.ph/index.php/media/photojournal/3000,Bongbong Marcos,Marcos,0,882387,0,882387,0,681142,0,first,,,Jose Montemayor Jr.,Montemayor,1050,Region II (Cagayan Valley),PH2022-048,official,
Kalinga,https://en.wikipedia.org/w/index.php?title=Congressional_canvass_for_the_2022_Philippine_presidential_election&oldid=1353912853,https://www.congress.gov.ph/index.php/media/photojournal/3000,Bongbong Marcos,Marcos,0,130784,0,130784,0,108951,0,first,,,Bongbong Marcos,Marcos,117391,CAR,PH2022-049,official,
Kalinga,https://en.wikipedia.org/w/index.php?title=Congressional_canvass_for_the_2022_Philippine_presidential_election&oldid=1353912853,https://www.congress.gov.ph/index.php/media/photojournal/3000,Bongbong Marcos,Marcos,0,130784,0,130784,0,108951,0,first,,,Leni Robredo,Robredo,8440,CAR,PH2022-049,official,
Kalinga,https://en.wikipedia.org/w/index.php?title=Congressional_canvass_for_the_2022_Philippine_presidential_election&oldid=1353912853,https://www.congress.gov.ph/index.php/media/photojournal/3000,Bongbong Marcos,Marcos,0,130784,0,130784,0,108951,0,first,,,Manny Pacquiao,Pacquiao,1472,CAR,PH2022-049,official,
Kalinga,https://en.wikipedia.org/w/index.php?title=Congressional_canvass_for_the_2022_Philippine_presidential_election&oldid=1353912853,https://www.congress.gov.ph/index.php/media/photojournal/3000,Bongbong Marcos,Marcos,0,130784,0,130784,0,108951,0,first,,,Isko Moreno,Moreno,1071,CAR,PH2022-049,official,
Kalinga,https://en.wikipedia.org/w/index.php?title=Congressional_canvass_for_the_2022_Philippine_presidential_election&oldid=1353912853,https://www.congress.gov.ph/index.php/media/photojournal/3000,Bongbong Marcos,Marcos,0,130784,0,130784,0,108951,0,first,,,Panfilo Lacson,Lacson,1365,CAR,PH2022-049,official,
Kalinga,https://en.wikipedia.org/w/index.php?title=Congressional_canvass_for_the_2022_Philippine_presidential_election&oldid=1353912853,https://www.congress.gov.ph/index.php/media/photojournal/3000,Bongbong Marcos,Marcos,0,130784,0,130784,0,108951,0,first,,,Faisal Mangondato,Mangondato,180,CAR,PH2022-049,official,
Kalinga,https://en.wikipedia.org/w/index.php?title=Congressional_canvass_for_the_2022_Philippine_presidential_election&oldid=1353912853,https://www.congress.gov.ph/index.php/media/photojournal/3000,Bongbong Marcos,Marcos,0,130784,0,130784,0,108951,0,first,,,Ernesto Abella,Abella,220,CAR,PH2022-049,official,
Kalinga,https://en.wikipedia.org/w/index.php?title=Congressional_canvass_for_the_2022_Philippine_presidential_election&oldid=1353912853,https://www.congress.gov.ph/index.php/media/photojournal/3000,Bongbong Marcos,Marcos,0,130784,0,130784,0,108951,0,first,,,Leody de Guzman,De Guzman,207,CAR,PH2022-049,official,
Kalinga,https://en.wikipedia.org/w/index.php?title=Congressional_canvass_for_the_2022_Philippine_presidential_election&oldid=1353912853,https://www.congress.gov.ph/index.php/media/photojournal/3000,Bongbong Marcos,Marcos,0,130784,0,130784,0,108951,0,first,,,Norberto Gonzales,Gonzales,145,CAR,PH2022-049,official,
Kalinga,https://en.wikipedia.org/w/index.php?title=Congressional_canvass_for_the_2022_Philippine_presidential_election&oldid=1353912853,https://www.congress.gov.ph/index.php/media/photojournal/3000,Bongbong Marcos,Marcos,0,130784,0,130784,0,108951,0,first,,,Jose Montemayor Jr.,Montemayor,293,CAR,PH2022-049,official,
La Union,https://en.wikipedia.org/w/index.php?title=Congressional_canvass_for_the_2022_Philippine_presidential_election&oldid=1353912853,https://www.congress.gov.ph/index.php/media/photojournal/3000,Bongbong Marcos,Marcos,0,461364,0,461364,0,401226,0,first,,,Bongbong Marcos,Marcos,425792,Region I (Ilocos Region),PH2022-050,official,
La Union,https://en.wikipedia.org/w/index.php?title=Congressional_canvass_for_the_2022_Philippine_presidential_election&oldid=1353912853,https://www.congress.gov.ph/index.php/media/photojournal/3000,Bongbong Marcos,Marcos,0,461364,0,461364,0,401226,0,first,,,Leni Robredo,Robredo,24566,Region I (Ilocos Region),PH2022-050,official,
La Union,https://en.wikipedia.org/w/index.php?title=Congressional_canvass_for_the_2022_Philippine_presidential_election&oldid=1353912853,https://www.congress.gov.ph/index.php/media/photojournal/3000,Bongbong Marcos,Marcos,0,461364,0,461364,0,401226,0,first,,,Manny Pacquiao,Pacquiao,2859,Region I (Ilocos Region),PH2022-050,official,
La Union,https://en.wikipedia.org/w/index.php?title=Congressional_canvass_for_the_2022_Philippine_presidential_election&oldid=1353912853,https://www.congress.gov.ph/index.php/media/photojournal/3000,Bongbong Marcos,Marcos,0,461364,0,461364,0,401226,0,first,,,Isko Moreno,Moreno,2868,Region I (Ilocos Region),PH2022-050,official,
La Union,https://en.wikipedia.org/w/index.php?title=Congressional_canvass_for_the_2022_Philippine_presidential_election&oldid=1353912853,https://www.congress.gov.ph/index.php/media/photojournal/3000,Bongbong Marcos,Marcos,0,461364,0,461364,0,401226,0,first,,,Panfilo Lacson,Lacson,3378,Region I (Ilocos Region),PH2022-050,official,
La Union,https://en.wikipedia.org/w/index.php?title=Congressional_canvass_for_the_2022_Philippine_presidential_election&oldid=1353912853,https://www.congress.gov.ph/index.php/media/photojournal/3000,Bongbong Marcos,Marcos,0,461364,0,461364,0,401226,0,first,,,Faisal Mangondato,Mangondato,262,Region I (Ilocos Region),PH2022-050,official,
La Union,https://en.wikipedia.org/w/index.php?title=Congressional_canvass_for_the_2022_Philippine_presidential_election&oldid=1353912853,https://www.congress.gov.ph/index.php/media/photojournal/3000,Bongbong Marcos,Marcos,0,461364,0,461364,0,401226,0,first,,,Ernesto Abella,Abella,472,Region I (Ilocos Region),PH2022-050,official,
La Union,https://en.wikipedia.org/w/index.php?title=Congressional_canvass_for_the_2022_Philippine_presidential_election&oldid=1353912853,https://www.congress.gov.ph/index.php/media/photojournal/3000,Bongbong Marcos,Marcos,0,461364,0,461364,0,401226,0,first,,,Leody de Guzman,De Guzman,564,Region I (Ilocos Region),PH2022-050,official,
La Union,https://en.wikipedia.org/w/index.php?title=Congressional_canvass_for_the_2022_Philippine_presidential_election&oldid=1353912853,https://www.congress.gov.ph/index.php/media/photojournal/3000,Bongbong Marcos,Marcos,0,461364,0,461364,0,401226,0,first,,,Norberto Gonzales,Gonzales,337,Region I (Ilocos Region),PH2022-050,official,
La Union,https://en.wikipedia.org/w/index.php?title=Congressional_canvass_for_the_2022_Philippine_presidential_election&oldid=1353912853,https://www.congress.gov.ph/index.php/media/photojournal/3000,Bongbong Marcos,Marcos,0,461364,0,461364,0,401226,0,first,,,Jose Montemayor Jr.,Montemayor,266,Region I (Ilocos Region),PH2022-050,official,
Laguna,https://en.wikipedia.org/w/index.php?title=Congressional_canvass_for_the_2022_Philippine_presidential_election&oldid=1353912853,https://www.congress.gov.ph/index.php/media/photojournal/3000,Bongbong Marcos,Marcos,0,1627472,0,1627472,0,428844,0,first,,,Bongbong Marcos,Marcos,939775,Region IV-A (CALABARZON),PH2022-051,official,
Laguna,https://en.wikipedia.org/w/index.php?title=Congressional_canvass_for_the_2022_Philippine_presidential_election&oldid=1353912853,https://www.congress.gov.ph/index.php/media/photojournal/3000,Bongbong Marcos,Marcos,0,1627472,0,1627472,0,428844,0,first,,,Leni Robredo,Robredo,510931,Region IV-A (CALABARZON),PH2022-051,official,
Laguna,https://en.wikipedia.org/w/index.php?title=Congressional_canvass_for_the_2022_Philippine_presidential_election&oldid=1353912853,https://www.congress.gov.ph/index.php/media/photojournal/3000,Bongbong Marcos,Marcos,0,1627472,0,1627472,0,428844,0,first,,,Manny Pacquiao,Pacquiao,36336,Region IV-A (CALABARZON),PH2022-051,official,
Laguna,https://en.wikipedia.org/w/index.php?title=Congressional_canvass_for_the_2022_Philippine_presidential_election&oldid=1353912853,https://www.congress.gov.ph/index.php/media/photojournal/3000,Bongbong Marcos,Marcos,0,1627472,0,1627472,0,428844,0,first,,,Isko Moreno,Moreno,86879,Region IV-A (CALABARZON),PH2022-051,official,
Laguna,https://en.wikipedia.org/w/index.php?title=Congressional_canvass_for_the_2022_Philippine_presidential_election&oldid=1353912853,https://www.congress.gov.ph/index.php/media/photojournal/3000,Bongbong Marcos,Marcos,0,1627472,0,1627472,0,428844,0,first,,,Panfilo Lacson,Lacson,43439,Region IV-A (CALABARZON),PH2022-051,official,
Laguna,https://en.wikipedia.org/w/index.php?title=Congressional_canvass_for_the_2022_Philippine_presidential_election&oldid=1353912853,https://www.congress.gov.ph/index.php/media/photojournal/3000,Bongbong Marcos,Marcos,0,1627472,0,1627472,0,428844,0,first,,,Faisal Mangondato,Mangondato,1690,Region IV-A (CALABARZON),PH2022-051,official,
Laguna,https://en.wikipedia.org/w/index.php?title=Congressional_canvass_for_the_2022_Philippine_presidential_election&oldid=1353912853,https://www.congress.gov.ph/index.php/media/photojournal/3000,Bongbong Marcos,Marcos,0,1627472,0,1627472,0,428844,0,first,,,Ernesto Abella,Abella,2298,Region IV-A (CALABARZON),PH2022-051,official,
Laguna,https://en.wikipedia.org/w/index.php?title=Congressional_canvass_for_the_2022_Philippine_presidential_election&oldid=1353912853,https://www.congress.gov.ph/index.php/media/photojournal/3000,Bongbong Marcos,Marcos,0,1627472,0,1627472,0,428844,0,first,,,Leody de Guzman,De Guzman,2655,Region IV-A (CALABARZON),PH2022-051,official,
Laguna,https://en.wikipedia.org/w/index.php?title=Congressional_canvass_for_the_2022_Philippine_presidential_election&oldid=1353912853,https://www.congress.gov.ph/index.php/media/photojournal/3000,Bongbong Marcos,Marcos,0,1627472,0,1627472,0,428844,0,first,,,Norberto Gonzales,Gonzales,2101,Region IV-A (CALABARZON),PH2022-051,official,
Laguna,https://en.wikipedia.org/w/index.php?title=Congressional_canvass_for_the_2022_Philippine_presidential_election&oldid=1353912853,https://www.congress.gov.ph/index.php/media/photojournal/3000,Bongbong Marcos,Marcos,0,1627472,0,1627472,0,428844,0,first,,,Jose Montemayor Jr.,Montemayor,1368,Region IV-A (CALABARZON),PH2022-051,official,
Lanao del Norte,https://en.wikipedia.org/w/index.php?title=Congressional_canvass_for_the_2022_Philippine_presidential_election&oldid=1353912853,https://www.congress.gov.ph/index.php/media/photojournal/3000,Bongbong Marcos,Marcos,0,302361,0,302361,0,138291,0,first,,,Bongbong Marcos,Marcos,185872,Region X (Northern Mindanao),PH2022-052,official,
Lanao del Norte,https://en.wikipedia.org/w/index.php?title=Congressional_canvass_for_the_2022_Philippine_presidential_election&oldid=1353912853,https://www.congress.gov.ph/index.php/media/photojournal/3000,Bongbong Marcos,Marcos,0,302361,0,302361,0,138291,0,first,,,Leni Robredo,Robredo,47581,Region X (Northern Mindanao),PH2022-052,official,
Lanao del Norte,https://en.wikipedia.org/w/index.php?title=Congressional_canvass_for_the_2022_Philippine_presidential_election&oldid=1353912853,https://www.congress.gov.ph/index.php/media/photojournal/3000,Bongbong Marcos,Marcos,0,302361,0,302361,0,138291,0,first,,,Manny Pacquiao,Pacquiao,34614,Region X (Northern Mindanao),PH2022-052,official,
Lanao del Norte,https://en.wikipedia.org/w/index.php?title=Congressional_canvass_for_the_2022_Philippine_presidential_election&oldid=1353912853,https://www.congress.gov.ph/index.php/media/photojournal/3000,Bongbong Marcos,Marcos,0,302361,0,302361,0,138291,0,first,,,Isko Moreno,Moreno,8047,Region X (Northern Mindanao),PH2022-052,official,
Lanao del Norte,https://en.wikipedia.org/w/index.php?title=Congressional_canvass_for_the_2022_Philippine_presidential_election&oldid=1353912853,https://www.congress.gov.ph/index.php/media/photojournal/3000,Bongbong Marcos,Marcos,0,302361,0,302361,0,138291,0,first,,,Panfilo Lacson,Lacson,1812,Region X (Northern Mindanao),PH2022-052,official,
Lanao del Norte,https://en.wikipedia.org/w/index.php?title=Congressional_canvass_for_the_2022_Philippine_presidential_election&oldid=1353912853,https://www.congress.gov.ph/index.php/media/photojournal/3000,Bongbong Marcos,Marcos,0,302361,0,302361,0,138291,0,first,,,Faisal Mangondato,Mangondato,22237,Region X (Northern Mindanao),PH2022-052,official,
Lanao del Norte,https://en.wikipedia.org/w/index.php?title=Congressional_canvass_for_the_2022_Philippine_presidential_election&oldid=1353912853,https://www.congress.gov.ph/index.php/media/photojournal/3000,Bongbong Marcos,Marcos,0,302361,0,302361,0,138291,0,first,,,Ernesto Abella,Abella,733,Region X (Northern Mindanao),PH2022-052,official,
Lanao del Norte,https://en.wikipedia.org/w/index.php?title=Congressional_canvass_for_the_2022_Philippine_presidential_election&oldid=1353912853,https://www.congress.gov.ph/index.php/media/photojournal/3000,Bongbong Marcos,Marcos,0,302361,0,302361,0,138291,0,first,,,Leody de Guzman,De Guzman,528,Region X (Northern Mindanao),PH2022-052,official,
Lanao del Norte,https://en.wikipedia.org/w/index.php?title=Congressional_canvass_for_the_2022_Philippine_presidential_election&oldid=1353912853,https://www.congress.gov.ph/index.php/media/photojournal/3000,Bongbong Marcos,Marcos,0,302361,0,302361,0,138291,0,first,,,Norberto Gonzales,Gonzales,543,Region X (Northern Mindanao),PH2022-052,official,
Lanao del Norte,https://en.wikipedia.org/w/index.php?title=Congressional_canvass_for_the_2022_Philippine_presidential_election&oldid=1353912853,https://www.congress.gov.ph/index.php/media/photojournal/3000,Bongbong Marcos,Marcos,0,302361,0,302361,0,138291,0,first,,,Jose Montemayor Jr.,Montemayor,394,Region X (Northern Mindanao),PH2022-052,official,
Lanao del Sur,https://en.wikipedia.org/w/index.php?title=Congressional_canvass_for_the_2022_Philippine_presidential_election&oldid=1353912853,https://www.congress.gov.ph/index.php/media/photojournal/3000,Faisal Mangondato,Mangondato,0,492853,0,492853,0,34976,0,first,,,Bongbong Marcos,Marcos,145155,BARMM,PH2022-053,official,
Lanao del Sur,https://en.wikipedia.org/w/index.php?title=Congressional_canvass_for_the_2022_Philippine_presidential_election&oldid=1353912853,https://www.congress.gov.ph/index.php/media/photojournal/3000,Faisal Mangondato,Mangondato,0,492853,0,492853,0,34976,0,first,,,Leni Robredo,Robredo,126326,BARMM,PH2022-053,official,
Lanao del Sur,https://en.wikipedia.org/w/index.php?title=Congressional_canvass_for_the_2022_Philippine_presidential_election&oldid=1353912853,https://www.congress.gov.ph/index.php/media/photojournal/3000,Faisal Mangondato,Mangondato,0,492853,0,492853,0,34976,0,first,,,Manny Pacquiao,Pacquiao,7057,BARMM,PH2022-053,official,
Lanao del Sur,https://en.wikipedia.org/w/index.php?title=Congressional_canvass_for_the_2022_Philippine_presidential_election&oldid=1353912853,https://www.congress.gov.ph/index.php/media/photojournal/3000,Faisal Mangondato,Mangondato,0,492853,0,492853,0,34976,0,first,,,Isko Moreno,Moreno,29880,BARMM,PH2022-053,official,
Lanao del Sur,https://en.wikipedia.org/w/index.php?title=Congressional_canvass_for_the_2022_Philippine_presidential_election&oldid=1353912853,https://www.congress.gov.ph/index.php/media/photojournal/3000,Faisal Mangondato,Mangondato,0,492853,0,492853,0,34976,0,first,,,Panfilo Lacson,Lacson,1759,BARMM,PH2022-053,official,
Lanao del Sur,https://en.wikipedia.org/w/index.php?title=Congressional_canvass_for_the_2022_Philippine_presidential_election&oldid=1353912853,https://www.congress.gov.ph/index.php/media/photojournal/3000,Faisal Mangondato,Mangondato,0,492853,0,492853,0,34976,0,first,,,Faisal Mangondato,Mangondato,180131,BARMM,PH2022-053,official,
Lanao del Sur,https://en.wikipedia.org/w/index.php?title=Congressional_canvass_for_the_2022_Philippine_presidential_election&oldid=1353912853,https://www.congress.gov.ph/index.php/media/photojournal/3000,Faisal Mangondato,Mangondato,0,492853,0,492853,0,34976,0,first,,,Ernesto Abella,Abella,810,BARMM,PH2022-053,official,
Lanao del Sur,https://en.wikipedia.org/w/index.php?title=Congressional_canvass_for_the_2022_Philippine_presidential_election&oldid=1353912853,https://www.congress.gov.ph/index.php/media/photojournal/3000,Faisal Mangondato,Mangondato,0,492853,0,492853,0,34976,0,first,,,Leody de Guzman,De Guzman,525,BARMM,PH2022-053,official,
Lanao del Sur,https://en.wikipedia.org/w/index.php?title=Congressional_canvass_for_the_2022_Philippine_presidential_election&oldid=1353912853,https://www.congress.gov.ph/index.php/media/photojournal/3000,Faisal Mangondato,Mangondato,0,492853,0,492853,0,34976,0,first,,,Norberto Gonzales,Gonzales,836,BARMM,PH2022-053,official,
Lanao del Sur,https://en.wikipedia.org/w/index.php?title=Congressional_canvass_for_the_2022_Philippine_presidential_election&oldid=1353912853,https://www.congress.gov.ph/index.php/media/photojournal/3000,Faisal Mangondato,Mangondato,0,492853,0,492853,0,34976,0,first,,,Jose Montemayor Jr.,Montemayor,374,BARMM,PH2022-053,official,
Lapu-Lapu City,https://en.wikipedia.org/w/index.php?title=Congressional_canvass_for_the_2022_Philippine_presidential_election&oldid=1353912853,https://www.congress.gov.ph/index.php/media/photojournal/3000,Bongbong Marcos,Marcos,0,209851,0,209851,0,108487,0,first,,,Bongbong Marcos,Marcos,145823,Region VII (Central Visayas),PH2022-054,official,
Lapu-Lapu City,https://en.wikipedia.org/w/index.php?title=Congressional_canvass_for_the_2022_Philippine_presidential_election&oldid=1353912853,https://www.congress.gov.ph/index.php/media/photojournal/3000,Bongbong Marcos,Marcos,0,209851,0,209851,0,108487,0,first,,,Leni Robredo,Robredo,37336,Region VII (Central Visayas),PH2022-054,official,
Lapu-Lapu City,https://en.wikipedia.org/w/index.php?title=Congressional_canvass_for_the_2022_Philippine_presidential_election&oldid=1353912853,https://www.congress.gov.ph/index.php/media/photojournal/3000,Bongbong Marcos,Marcos,0,209851,0,209851,0,108487,0,first,,,Manny Pacquiao,Pacquiao,16794,Region VII (Central Visayas),PH2022-054,official,
Lapu-Lapu City,https://en.wikipedia.org/w/index.php?title=Congressional_canvass_for_the_2022_Philippine_presidential_election&oldid=1353912853,https://www.congress.gov.ph/index.php/media/photojournal/3000,Bongbong Marcos,Marcos,0,209851,0,209851,0,108487,0,first,,,Isko Moreno,Moreno,5597,Region VII (Central Visayas),PH2022-054,official,
Lapu-Lapu City,https://en.wikipedia.org/w/index.php?title=Congressional_canvass_for_the_2022_Philippine_presidential_election&oldid=1353912853,https://www.congress.gov.ph/index.php/media/photojournal/3000,Bongbong Marcos,Marcos,0,209851,0,209851,0,108487,0,first,,,Panfilo Lacson,Lacson,2707,Region VII (Central Visayas),PH2022-054,official,
Lapu-Lapu City,https://en.wikipedia.org/w/index.php?title=Congressional_canvass_for_the_2022_Philippine_presidential_election&oldid=1353912853,https://www.congress.gov.ph/index.php/media/photojournal/3000,Bongbong Marcos,Marcos,0,209851,0,209851,0,108487,0,first,,,Faisal Mangondato,Mangondato,415,Region VII (Central Visayas),PH2022-054,official,
Lapu-Lapu City,https://en.wikipedia.org/w/index.php?title=Congressional_canvass_for_the_2022_Philippine_presidential_election&oldid=1353912853,https://www.congress.gov.ph/index.php/media/photojournal/3000,Bongbong Marcos,Marcos,0,209851,0,209851,0,108487,0,first,,,Ernesto Abella,Abella,301,Region VII (Central Visayas),PH2022-054,official,
Lapu-Lapu City,https://en.wikipedia.org/w/index.php?title=Congressional_canvass_for_the_2022_Philippine_presidential_election&oldid=1353912853,https://www.congress.gov.ph/index.php/media/photojournal/3000,Bongbong Marcos,Marcos,0,209851,0,209851,0,108487,0,first,,,Leody de Guzman,De Guzman,282,Region VII (Central Visayas),PH2022-054,official,
Lapu-Lapu City,https://en.wikipedia.org/w/index.php?title=Congressional_canvass_for_the_2022_Philippine_presidential_election&oldid=1353912853,https://www.congress.gov.ph/index.php/media/photojournal/3000,Bongbong Marcos,Marcos,0,209851,0,209851,0,108487,0,first,,,Norberto Gonzales,Gonzales,333,Region VII (Central Visayas),PH2022-054,official,
Lapu-Lapu City,https://en.wikipedia.org/w/index.php?title=Congressional_canvass_for_the_2022_Philippine_presidential_election&oldid=1353912853,https://www.congress.gov.ph/index.php/media/photojournal/3000,Bongbong Marcos,Marcos,0,209851,0,209851,0,108487,0,first,,,Jose Montemayor Jr.,Montemayor,263,Region VII (Central Visayas),PH2022-054,official,
Las Piñas,https://en.wikipedia.org/w/index.php?title=Congressional_canvass_for_the_2022_Philippine_presidential_election&oldid=1353912853,https://www.congress.gov.ph/index.php/media/photojournal/3000,Bongbong Marcos,Marcos,0,239224,0,239224,0,58186,0,first,,,Bongbong Marcos,Marcos,137114,NCR,PH2022-055,official,
Las Piñas,https://en.wikipedia.org/w/index.php?title=Congressional_canvass_for_the_2022_Philippine_presidential_election&oldid=1353912853,https://www.congress.gov.ph/index.php/media/photojournal/3000,Bongbong Marcos,Marcos,0,239224,0,239224,0,58186,0,first,,,Leni Robredo,Robredo,78928,NCR,PH2022-055,official,
Las Piñas,https://en.wikipedia.org/w/index.php?title=Congressional_canvass_for_the_2022_Philippine_presidential_election&oldid=1353912853,https://www.congress.gov.ph/index.php/media/photojournal/3000,Bongbong Marcos,Marcos,0,239224,0,239224,0,58186,0,first,,,Manny Pacquiao,Pacquiao,4128,NCR,PH2022-055,official,
Las Piñas,https://en.wikipedia.org/w/index.php?title=Congressional_canvass_for_the_2022_Philippine_presidential_election&oldid=1353912853,https://www.congress.gov.ph/index.php/media/photojournal/3000,Bongbong Marcos,Marcos,0,239224,0,239224,0,58186,0,first,,,Isko Moreno,Moreno,11488,NCR,PH2022-055,official,
Las Piñas,https://en.wikipedia.org/w/index.php?title=Congressional_canvass_for_the_2022_Philippine_presidential_election&oldid=1353912853,https://www.congress.gov.ph/index.php/media/photojournal/3000,Bongbong Marcos,Marcos,0,239224,0,239224,0,58186,0,first,,,Panfilo Lacson,Lacson,6419,NCR,PH2022-055,official,
Las Piñas,https://en.wikipedia.org/w/index.php?title=Congressional_canvass_for_the_2022_Philippine_presidential_election&oldid=1353912853,https://www.congress.gov.ph/index.php/media/photojournal/3000,Bongbong Marcos,Marcos,0,239224,0,239224,0,58186,0,first,,,Faisal Mangondato,Mangondato,183,NCR,PH2022-055,official,
Las Piñas,https://en.wikipedia.org/w/index.php?title=Congressional_canvass_for_the_2022_Philippine_presidential_election&oldid=1353912853,https://www.congress.gov.ph/index.php/media/photojournal/3000,Bongbong Marcos,Marcos,0,239224,0,239224,0,58186,0,first,,,Ernesto Abella,Abella,181,NCR,PH2022-055,official,
Las Piñas,https://en.wikipedia.org/w/index.php?title=Congressional_canvass_for_the_2022_Philippine_presidential_election&oldid=1353912853,https://www.congress.gov.ph/index.php/media/photojournal/3000,Bongbong Marcos,Marcos,0,239224,0,239224,0,58186,0,first,,,Leody de Guzman,De Guzman,388,NCR,PH2022-055,official,
Las Piñas,https://en.wikipedia.org/w/index.php?title=Congressional_canvass_for_the_2022_Philippine_presidential_election&oldid=1353912853,https://www.congress.gov.ph/index.php/media/photojournal/3000,Bongbong Marcos,Marcos,0,239224,0,239224,0,58186,0,first,,,Norberto Gonzales,Gonzales,223,NCR,PH2022-055,official,
Las Piñas,https://en.wikipedia.org/w/index.php?title=Congressional_canvass_for_the_2022_Philippine_presidential_election&oldid=1353912853,https://www.congress.gov.ph/index.php/media/photojournal/3000,Bongbong Marcos,Marcos,0,239224,0,239224,0,58186,0,first,,,Jose Montemayor Jr.,Montemayor,172,NCR,PH2022-055,official,
Leyte,https://en.wikipedia.org/w/index.php?title=Congressional_canvass_for_the_2022_Philippine_presidential_election&oldid=1353912853,https://www.congress.gov.ph/index.php/media/photojournal/3000,Bongbong Marcos,Marcos,0,1072489,0,1072489,0,698484,0,first,,,Bongbong Marcos,Marcos,825707,Region VIII (Eastern Visayas),PH2022-056,official,
Leyte,https://en.wikipedia.org/w/index.php?title=Congressional_canvass_for_the_2022_Philippine_presidential_election&oldid=1353912853,https://www.congress.gov.ph/index.php/media/photojournal/3000,Bongbong Marcos,Marcos,0,1072489,0,1072489,0,698484,0,first,,,Leni Robredo,Robredo,127223,Region VIII (Eastern Visayas),PH2022-056,official,
Leyte,https://en.wikipedia.org/w/index.php?title=Congressional_canvass_for_the_2022_Philippine_presidential_election&oldid=1353912853,https://www.congress.gov.ph/index.php/media/photojournal/3000,Bongbong Marcos,Marcos,0,1072489,0,1072489,0,698484,0,first,,,Manny Pacquiao,Pacquiao,78208,Region VIII (Eastern Visayas),PH2022-056,official,
Leyte,https://en.wikipedia.org/w/index.php?title=Congressional_canvass_for_the_2022_Philippine_presidential_election&oldid=1353912853,https://www.congress.gov.ph/index.php/media/photojournal/3000,Bongbong Marcos,Marcos,0,1072489,0,1072489,0,698484,0,first,,,Isko Moreno,Moreno,20262,Region VIII (Eastern Visayas),PH2022-056,official,
Leyte,https://en.wikipedia.org/w/index.php?title=Congressional_canvass_for_the_2022_Philippine_presidential_election&oldid=1353912853,https://www.congress.gov.ph/index.php/media/photojournal/3000,Bongbong Marcos,Marcos,0,1072489,0,1072489,0,698484,0,first,,,Panfilo Lacson,Lacson,11478,Region VIII (Eastern Visayas),PH2022-056,official,
Leyte,https://en.wikipedia.org/w/index.php?title=Congressional_canvass_for_the_2022_Philippine_presidential_election&oldid=1353912853,https://www.congress.gov.ph/index.php/media/photojournal/3000,Bongbong Marcos,Marcos,0,1072489,0,1072489,0,698484,0,first,,,Faisal Mangondato,Mangondato,883,Region VIII (Eastern Visayas),PH2022-056,official,
Leyte,https://en.wikipedia.org/w/index.php?title=Congressional_canvass_for_the_2022_Philippine_presidential_election&oldid=1353912853,https://www.congress.gov.ph/index.php/media/photojournal/3000,Bongbong Marcos,Marcos,0,1072489,0,1072489,0,698484,0,first,,,Ernesto Abella,Abella,2915,Region VIII (Eastern Visayas),PH2022-056,official,
Leyte,https://en.wikipedia.org/w/index.php?title=Congressional_canvass_for_the_2022_Philippine_presidential_election&oldid=1353912853,https://www.congress.gov.ph/index.php/media/photojournal/3000,Bongbong Marcos,Marcos,0,1072489,0,1072489,0,698484,0,first,,,Leody de Guzman,De Guzman,2319,Region VIII (Eastern Visayas),PH2022-056,official,
Leyte,https://en.wikipedia.org/w/index.php?title=Congressional_canvass_for_the_2022_Philippine_presidential_election&oldid=1353912853,https://www.congress.gov.ph/index.php/media/photojournal/3000,Bongbong Marcos,Marcos,0,1072489,0,1072489,0,698484,0,first,,,Norberto Gonzales,Gonzales,2088,Region VIII (Eastern Visayas),PH2022-056,official,
Leyte,https://en.wikipedia.org/w/index.php?title=Congressional_canvass_for_the_2022_Philippine_presidential_election&oldid=1353912853,https://www.congress.gov.ph/index.php/media/photojournal/3000,Bongbong Marcos,Marcos,0,1072489,0,1072489,0,698484,0,first,,,Jose Montemayor Jr.,Montemayor,1406,Region VIII (Eastern Visayas),PH2022-056,official,
Maguindanao,https://en.wikipedia.org/w/index.php?title=Congressional_canvass_for_the_2022_Philippine_presidential_election&oldid=1353912853,https://www.congress.gov.ph/index.php/media/photojournal/3000,Bongbong Marcos,Marcos,0,634209,0,634209,0,42651,0,first,,,Bongbong Marcos,Marcos,310545,BARMM,PH2022-057,official,
Maguindanao,https://en.wikipedia.org/w/index.php?title=Congressional_canvass_for_the_2022_Philippine_presidential_election&oldid=1353912853,https://www.congress.gov.ph/index.php/media/photojournal/3000,Bongbong Marcos,Marcos,0,634209,0,634209,0,42651,0,first,,,Leni Robredo,Robredo,267894,BARMM,PH2022-057,official,
Maguindanao,https://en.wikipedia.org/w/index.php?title=Congressional_canvass_for_the_2022_Philippine_presidential_election&oldid=1353912853,https://www.congress.gov.ph/index.php/media/photojournal/3000,Bongbong Marcos,Marcos,0,634209,0,634209,0,42651,0,first,,,Manny Pacquiao,Pacquiao,13863,BARMM,PH2022-057,official,
Maguindanao,https://en.wikipedia.org/w/index.php?title=Congressional_canvass_for_the_2022_Philippine_presidential_election&oldid=1353912853,https://www.congress.gov.ph/index.php/media/photojournal/3000,Bongbong Marcos,Marcos,0,634209,0,634209,0,42651,0,first,,,Isko Moreno,Moreno,24904,BARMM,PH2022-057,official,
Maguindanao,https://en.wikipedia.org/w/index.php?title=Congressional_canvass_for_the_2022_Philippine_presidential_election&oldid=1353912853,https://www.congress.gov.ph/index.php/media/photojournal/3000,Bongbong Marcos,Marcos,0,634209,0,634209,0,42651,0,first,,,Panfilo Lacson,Lacson,2656,BARMM,PH2022-057,official,
Maguindanao,https://en.wikipedia.org/w/index.php?title=Congressional_canvass_for_the_2022_Philippine_presidential_election&oldid=1353912853,https://www.congress.gov.ph/index.php/media/photojournal/3000,Bongbong Marcos,Marcos,0,634209,0,634209,0,42651,0,first,,,Faisal Mangondato,Mangondato,10486,BARMM,PH2022-057,official,
Maguindanao,https://en.wikipedia.org/w/index.php?title=Congressional_canvass_for_the_2022_Philippine_presidential_election&oldid=1353912853,https://www.congress.gov.ph/index.php/media/photojournal/3000,Bongbong Marcos,Marcos,0,634209,0,634209,0,42651,0,first,,,Ernesto Abella,Abella,1652,BARMM,PH2022-057,official,
Maguindanao,https://en.wikipedia.org/w/index.php?title=Congressional_canvass_for_the_2022_Philippine_presidential_election&oldid=1353912853,https://www.congress.gov.ph/index.php/media/photojournal/3000,Bongbong Marcos,Marcos,0,634209,0,634209,0,42651,0,first,,,Leody de Guzman,De Guzman,603,BARMM,PH2022-057,official,
Maguindanao,https://en.wikipedia.org/w/index.php?title=Congressional_canvass_for_the_2022_Philippine_presidential_election&oldid=1353912853,https://www.congress.gov.ph/index.php/media/photojournal/3000,Bongbong Marcos,Marcos,0,634209,0,634209,0,42651,0,first,,,Norberto Gonzales,Gonzales,1190,BARMM,PH2022-057,official,
Maguindanao,https://en.wikipedia.org/w/index.php?title=Congressional_canvass_for_the_2022_Philippine_presidential_election&oldid=1353912853,https://www.congress.gov.ph/index.php/media/photojournal/3000,Bongbong Marcos,Marcos,0,634209,0,634209,0,42651,0,first,,,Jose Montemayor Jr.,Montemayor,416,BARMM,PH2022-057,official,
Makati,https://en.wikipedia.org/w/index.php?title=Congressional_canvass_for_the_2022_Philippine_presidential_election&oldid=1353912853,https://www.congress.gov.ph/index.php/media/photojournal/3000,Bongbong Marcos,Marcos,0,371528,0,371528,0,76784,0,first,,,Bongbong Marcos,Marcos,207527,NCR,PH2022-058,official,
Makati,https://en.wikipedia.org/w/index.php?title=Congressional_canvass_for_the_2022_Philippine_presidential_election&oldid=1353912853,https://www.congress.gov.ph/index.php/media/photojournal/3000,Bongbong Marcos,Marcos,0,371528,0,371528,0,76784,0,first,,,Leni Robredo,Robredo,130743,NCR,PH2022-058,official,
Makati,https://en.wikipedia.org/w/index.php?title=Congressional_canvass_for_the_2022_Philippine_presidential_election&oldid=1353912853,https://www.congress.gov.ph/index.php/media/photojournal/3000,Bongbong Marcos,Marcos,0,371528,0,371528,0,76784,0,first,,,Manny Pacquiao,Pacquiao,5346,NCR,PH2022-058,official,
Makati,https://en.wikipedia.org/w/index.php?title=Congressional_canvass_for_the_2022_Philippine_presidential_election&oldid=1353912853,https://www.congress.gov.ph/index.php/media/photojournal/3000,Bongbong Marcos,Marcos,0,371528,0,371528,0,76784,0,first,,,Isko Moreno,Moreno,15842,NCR,PH2022-058,official,
Makati,https://en.wikipedia.org/w/index.php?title=Congressional_canvass_for_the_2022_Philippine_presidential_election&oldid=1353912853,https://www.congress.gov.ph/index.php/media/photojournal/3000,Bongbong Marcos,Marcos,0,371528,0,371528,0,76784,0,first,,,Panfilo Lacson,Lacson,10564,NCR,PH2022-058,official,
Makati,https://en.wikipedia.org/w/index.php?title=Congressional_canvass_for_the_2022_Philippine_presidential_election&oldid=1353912853,https://www.congress.gov.ph/index.php/media/photojournal/3000,Bongbong Marcos,Marcos,0,371528,0,371528,0,76784,0,first,,,Faisal Mangondato,Mangondato,162,NCR,PH2022-058,official,
Makati,https://en.wikipedia.org/w/index.php?title=Congressional_canvass_for_the_2022_Philippine_presidential_election&oldid=1353912853,https://www.congress.gov.ph/index.php/media/photojournal/3000,Bongbong Marcos,Marcos,0,371528,0,371528,0,76784,0,first,,,Ernesto Abella,Abella,226,NCR,PH2022-058,official,
Makati,https://en.wikipedia.org/w/index.php?title=Congressional_canvass_for_the_2022_Philippine_presidential_election&oldid=1353912853,https://www.congress.gov.ph/index.php/media/photojournal/3000,Bongbong Marcos,Marcos,0,371528,0,371528,0,76784,0,first,,,Leody de Guzman,De Guzman,552,NCR,PH2022-058,official,
Makati,https://en.wikipedia.org/w/index.php?title=Congressional_canvass_for_the_2022_Philippine_presidential_election&oldid=1353912853,https://www.congress.gov.ph/index.php/media/photojournal/3000,Bongbong Marcos,Marcos,0,371528,0,371528,0,76784,0,first,,,Norberto Gonzales,Gonzales,288,NCR,PH2022-058,official,
Makati,https://en.wikipedia.org/w/index.php?title=Congressional_canvass_for_the_2022_Philippine_presidential_election&oldid=1353912853,https://www.congress.gov.ph/index.php/media/photojournal/3000,Bongbong Marcos,Marcos,0,371528,0,371528,0,76784,0,first,,,Jose Montemayor Jr.,Montemayor,278,NCR,PH2022-058,official,
Malabon,https://en.wikipedia.org/w/index.php?title=Congressional_canvass_for_the_2022_Philippine_presidential_election&oldid=1353912853,https://www.congress.gov.ph/index.php/media/photojournal/3000,Bongbong Marcos,Marcos,0,192764,0,192764,0,68070,0,first,,,Bongbong Marcos,Marcos,119475,NCR,PH2022-059,official,
Malabon,https://en.wikipedia.org/w/index.php?title=Congressional_canvass_for_the_2022_Philippine_presidential_election&oldid=1353912853,https://www.congress.gov.ph/index.php/media/photojournal/3000,Bongbong Marcos,Marcos,0,192764,0,192764,0,68070,0,first,,,Leni Robredo,Robredo,51405,NCR,PH2022-059,official,
Malabon,https://en.wikipedia.org/w/index.php?title=Congressional_canvass_for_the_2022_Philippine_presidential_election&oldid=1353912853,https://www.congress.gov.ph/index.php/media/photojournal/3000,Bongbong Marcos,Marcos,0,192764,0,192764,0,68070,0,first,,,Manny Pacquiao,Pacquiao,3682,NCR,PH2022-059,official,
Malabon,https://en.wikipedia.org/w/index.php?title=Congressional_canvass_for_the_2022_Philippine_presidential_election&oldid=1353912853,https://www.congress.gov.ph/index.php/media/photojournal/3000,Bongbong Marcos,Marcos,0,192764,0,192764,0,68070,0,first,,,Isko Moreno,Moreno,12449,NCR,PH2022-059,official,
Malabon,https://en.wikipedia.org/w/index.php?title=Congressional_canvass_for_the_2022_Philippine_presidential_election&oldid=1353912853,https://www.congress.gov.ph/index.php/media/photojournal/3000,Bongbong Marcos,Marcos,0,192764,0,192764,0,68070,0,first,,,Panfilo Lacson,Lacson,4802,NCR,PH2022-059,official,
Malabon,https://en.wikipedia.org/w/index.php?title=Congressional_canvass_for_the_2022_Philippine_presidential_election&oldid=1353912853,https://www.congress.gov.ph/index.php/media/photojournal/3000,Bongbong Marcos,Marcos,0,192764,0,192764,0,68070,0,first,,,Faisal Mangondato,Mangondato,71,NCR,PH2022-059,official,
Malabon,https://en.wikipedia.org/w/index.php?title=Congressional_canvass_for_the_2022_Philippine_presidential_election&oldid=1353912853,https://www.congress.gov.ph/index.php/media/photojournal/3000,Bongbong Marcos,Marcos,0,192764,0,192764,0,68070,0,first,,,Ernesto Abella,Abella,181,NCR,PH2022-059,official,
Malabon,https://en.wikipedia.org/w/index.php?title=Congressional_canvass_for_the_2022_Philippine_presidential_election&oldid=1353912853,https://www.congress.gov.ph/index.php/media/photojournal/3000,Bongbong Marcos,Marcos,0,192764,0,192764,0,68070,0,first,,,Leody de Guzman,De Guzman,364,NCR,PH2022-059,official,
Malabon,https://en.wikipedia.org/w/index.php?title=Congressional_canvass_for_the_2022_Philippine_presidential_election&oldid=1353912853,https://www.congress.gov.ph/index.php/media/photojournal/3000,Bongbong Marcos,Marcos,0,192764,0,192764,0,68070,0,first,,,Norberto Gonzales,Gonzales,188,NCR,PH2022-059,official,
Malabon,https://en.wikipedia.org/w/index.php?title=Congressional_canvass_for_the_2022_Philippine_presidential_election&oldid=1353912853,https://www.congress.gov.ph/index.php/media/photojournal/3000,Bongbong Marcos,Marcos,0,192764,0,192764,0,68070,0,first,,,Jose Montemayor Jr.,Montemayor,147,NCR,PH2022-059,official,
Mandaluyong,https://en.wikipedia.org/w/index.php?title=Congressional_canvass_for_the_2022_Philippine_presidential_election&oldid=1353912853,https://www.congress.gov.ph/index.php/media/photojournal/3000,Bongbong Marcos,Marcos,0,181631,0,181631,0,37571,0,first,,,Bongbong Marcos,Marcos,101625,NCR,PH2022-060,official,
Mandaluyong,https://en.wikipedia.org/w/index.php?title=Congressional_canvass_for_the_2022_Philippine_presidential_election&oldid=1353912853,https://www.congress.gov.ph/index.php/media/photojournal/3000,Bongbong Marcos,Marcos,0,181631,0,181631,0,37571,0,first,,,Leni Robredo,Robredo,64054,NCR,PH2022-060,official,
Mandaluyong,https://en.wikipedia.org/w/index.php?title=Congressional_canvass_for_the_2022_Philippine_presidential_election&oldid=1353912853,https://www.congress.gov.ph/index.php/media/photojournal/3000,Bongbong Marcos,Marcos,0,181631,0,181631,0,37571,0,first,,,Manny Pacquiao,Pacquiao,2479,NCR,PH2022-060,official,
Mandaluyong,https://en.wikipedia.org/w/index.php?title=Congressional_canvass_for_the_2022_Philippine_presidential_election&oldid=1353912853,https://www.congress.gov.ph/index.php/media/photojournal/3000,Bongbong Marcos,Marcos,0,181631,0,181631,0,37571,0,first,,,Isko Moreno,Moreno,7998,NCR,PH2022-060,official,
Mandaluyong,https://en.wikipedia.org/w/index.php?title=Congressional_canvass_for_the_2022_Philippine_presidential_election&oldid=1353912853,https://www.congress.gov.ph/index.php/media/photojournal/3000,Bongbong Marcos,Marcos,0,181631,0,181631,0,37571,0,first,,,Panfilo Lacson,Lacson,4574,NCR,PH2022-060,official,
Mandaluyong,https://en.wikipedia.org/w/index.php?title=Congressional_canvass_for_the_2022_Philippine_presidential_election&oldid=1353912853,https://www.congress.gov.ph/index.php/media/photojournal/3000,Bongbong Marcos,Marcos,0,181631,0,181631,0,37571,0,first,,,Faisal Mangondato,Mangondato,95,NCR,PH2022-060,official,
Mandaluyong,https://en.wikipedia.org/w/index.php?title=Congressional_canvass_for_the_2022_Philippine_presidential_election&oldid=1353912853,https://www.congress.gov.ph/index.php/media/photojournal/3000,Bongbong Marcos,Marcos,0,181631,0,181631,0,37571,0,first,,,Ernesto Abella,Abella,153,NCR,PH2022-060,official,
Mandaluyong,https://en.wikipedia.org/w/index.php?title=Congressional_canvass_for_the_2022_Philippine_presidential_election&oldid=1353912853,https://www.congress.gov.ph/index.php/media/photojournal/3000,Bongbong Marcos,Marcos,0,181631,0,181631,0,37571,0,first,,,Leody de Guzman,De Guzman,323,NCR,PH2022-060,official,
Mandaluyong,https://en.wikipedia.org/w/index.php?title=Congressional_canvass_for_the_2022_Philippine_presidential_election&oldid=1353912853,https://www.congress.gov.ph/index.php/media/photojournal/3000,Bongbong Marcos,Marcos,0,181631,0,181631,0,37571,0,first,,,Norberto Gonzales,Gonzales,218,NCR,PH2022-060,official,
Mandaluyong,https://en.wikipedia.org/w/index.php?title=Congressional_canvass_for_the_2022_Philippine_presidential_election&oldid=1353912853,https://www.congress.gov.ph/index.php/media/photojournal/3000,Bongbong Marcos,Marcos,0,181631,0,181631,0,37571,0,first,,,Jose Montemayor Jr.,Montemayor,112,NCR,PH2022-060,official,
Manila,https://en.wikipedia.org/w/index.php?title=Congressional_canvass_for_the_2022_Philippine_presidential_election&oldid=1353912853,https://www.congress.gov.ph/index.php/media/photojournal/3000,Bongbong Marcos,Marcos,0,877221,0,877221,0,61343,0,first,,,Bongbong Marcos,Marcos,358875,NCR,PH2022-061,official,
Manila,https://en.wikipedia.org/w/index.php?title=Congressional_canvass_for_the_2022_Philippine_presidential_election&oldid=1353912853,https://www.congress.gov.ph/index.php/media/photojournal/3000,Bongbong Marcos,Marcos,0,877221,0,877221,0,61343,0,first,,,Leni Robredo,Robredo,197573,NCR,PH2022-061,official,
Manila,https://en.wikipedia.org/w/index.php?title=Congressional_canvass_for_the_2022_Philippine_presidential_election&oldid=1353912853,https://www.congress.gov.ph/index.php/media/photojournal/3000,Bongbong Marcos,Marcos,0,877221,0,877221,0,61343,0,first,,,Manny Pacquiao,Pacquiao,7119,NCR,PH2022-061,official,
Manila,https://en.wikipedia.org/w/index.php?title=Congressional_canvass_for_the_2022_Philippine_presidential_election&oldid=1353912853,https://www.congress.gov.ph/index.php/media/photojournal/3000,Bongbong Marcos,Marcos,0,877221,0,877221,0,61343,0,first,,,Isko Moreno,Moreno,297532,NCR,PH2022-061,official,
Manila,https://en.wikipedia.org/w/index.php?title=Congressional_canvass_for_the_2022_Philippine_presidential_election&oldid=1353912853,https://www.congress.gov.ph/index.php/media/photojournal/3000,Bongbong Marcos,Marcos,0,877221,0,877221,0,61343,0,first,,,Panfilo Lacson,Lacson,11691,NCR,PH2022-061,official,
Manila,https://en.wikipedia.org/w/index.php?title=Congressional_canvass_for_the_2022_Philippine_presidential_election&oldid=1353912853,https://www.congress.gov.ph/index.php/media/photojournal/3000,Bongbong Marcos,Marcos,0,877221,0,877221,0,61343,0,first,,,Faisal Mangondato,Mangondato,1807,NCR,PH2022-061,official,
Manila,https://en.wikipedia.org/w/index.php?title=Congressional_canvass_for_the_2022_Philippine_presidential_election&oldid=1353912853,https://www.congress.gov.ph/index.php/media/photojournal/3000,Bongbong Marcos,Marcos,0,877221,0,877221,0,61343,0,first,,,Ernesto Abella,Abella,413,NCR,PH2022-061,official,
Manila,https://en.wikipedia.org/w/index.php?title=Congressional_canvass_for_the_2022_Philippine_presidential_election&oldid=1353912853,https://www.congress.gov.ph/index.php/media/photojournal/3000,Bongbong Marcos,Marcos,0,877221,0,877221,0,61343,0,first,,,Leody de Guzman,De Guzman,1102,NCR,PH2022-061,official,
Manila,https://en.wikipedia.org/w/index.php?title=Congressional_canvass_for_the_2022_Philippine_presidential_election&oldid=1353912853,https://www.congress.gov.ph/index.php/media/photojournal/3000,Bongbong Marcos,Marcos,0,877221,0,877221,0,61343,0,first,,,Norberto Gonzales,Gonzales,556,NCR,PH2022-061,official,
Manila,https://en.wikipedia.org/w/index.php?title=Congressional_canvass_for_the_2022_Philippine_presidential_election&oldid=1353912853,https://www.congress.gov.ph/index.php/media/photojournal/3000,Bongbong Marcos,Marcos,0,877221,0,877221,0,61343,0,first,,,Jose Montemayor Jr.,Montemayor,553,NCR,PH2022-061,official,
Marikina,https://en.wikipedia.org/w/index.php?title=Congressional_canvass_for_the_2022_Philippine_presidential_election&oldid=1353912853,https://www.congress.gov.ph/index.php/media/photojournal/3000,Bongbong Marcos,Marcos,0,226839,0,226839,0,22692,0,first,,,Bongbong Marcos,Marcos,114956,NCR,PH2022-062,official,
Marikina,https://en.wikipedia.org/w/index.php?title=Congressional_canvass_for_the_2022_Philippine_presidential_election&oldid=1353912853,https://www.congress.gov.ph/index.php/media/photojournal/3000,Bongbong Marcos,Marcos,0,226839,0,226839,0,22692,0,first,,,Leni Robredo,Robredo,92264,NCR,PH2022-062,official,
Marikina,https://en.wikipedia.org/w/index.php?title=Congressional_canvass_for_the_2022_Philippine_presidential_election&oldid=1353912853,https://www.congress.gov.ph/index.php/media/photojournal/3000,Bongbong Marcos,Marcos,0,226839,0,226839,0,22692,0,first,,,Manny Pacquiao,Pacquiao,3670,NCR,PH2022-062,official,
Marikina,https://en.wikipedia.org/w/index.php?title=Congressional_canvass_for_the_2022_Philippine_presidential_election&oldid=1353912853,https://www.congress.gov.ph/index.php/media/photojournal/3000,Bongbong Marcos,Marcos,0,226839,0,226839,0,22692,0,first,,,Isko Moreno,Moreno,8412,NCR,PH2022-062,official,
Marikina,https://en.wikipedia.org/w/index.php?title=Congressional_canvass_for_the_2022_Philippine_presidential_election&oldid=1353912853,https://www.congress.gov.ph/index.php/media/photojournal/3000,Bongbong Marcos,Marcos,0,226839,0,226839,0,22692,0,first,,,Panfilo Lacson,Lacson,6362,NCR,PH2022-062,official,
Marikina,https://en.wikipedia.org/w/index.php?title=Congressional_canvass_for_the_2022_Philippine_presidential_election&oldid=1353912853,https://www.congress.gov.ph/index.php/media/photojournal/3000,Bongbong Marcos,Marcos,0,226839,0,226839,0,22692,0,first,,,Faisal Mangondato,Mangondato,191,NCR,PH2022-062,official,
Marikina,https://en.wikipedia.org/w/index.php?title=Congressional_canvass_for_the_2022_Philippine_presidential_election&oldid=1353912853,https://www.congress.gov.ph/index.php/media/photojournal/3000,Bongbong Marcos,Marcos,0,226839,0,226839,0,22692,0,first,,,Ernesto Abella,Abella,119,NCR,PH2022-062,official,
Marikina,https://en.wikipedia.org/w/index.php?title=Congressional_canvass_for_the_2022_Philippine_presidential_election&oldid=1353912853,https://www.congress.gov.ph/index.php/media/photojournal/3000,Bongbong Marcos,Marcos,0,226839,0,226839,0,22692,0,first,,,Leody de Guzman,De Guzman,498,NCR,PH2022-062,official,
Marikina,https://en.wikipedia.org/w/index.php?title=Congressional_canvass_for_the_2022_Philippine_presidential_election&oldid=1353912853,https://www.congress.gov.ph/index.php/media/photojournal/3000,Bongbong Marcos,Marcos,0,226839,0,226839,0,22692,0,first,,,Norberto Gonzales,Gonzales,189,NCR,PH2022-062,official,
Marikina,https://en.wikipedia.org/w/index.php?title=Congressional_canvass_for_the_2022_Philippine_presidential_election&oldid=1353912853,https://www.congress.gov.ph/index.php/media/photojournal/3000,Bongbong Marcos,Marcos,0,226839,0,226839,0,22692,0,first,,,Jose Montemayor Jr.,Montemayor,178,NCR,PH2022-062,official,
Marinduque,https://en.wikipedia.org/w/index.php?title=Congressional_canvass_for_the_2022_Philippine_presidential_election&oldid=1353912853,https://www.congress.gov.ph/index.php/media/photojournal/3000,Bongbong Marcos,Marcos,0,134527,0,134527,0,899,0,first,,,Bongbong Marcos,Marcos,55278,Region IV-B (MIMAROPA),PH2022-063,official,
Marinduque,https://en.wikipedia.org/w/index.php?title=Congressional_canvass_for_the_2022_Philippine_presidential_election&oldid=1353912853,https://www.congress.gov.ph/index.php/media/photojournal/3000,Bongbong Marcos,Marcos,0,134527,0,134527,0,899,0,first,,,Leni Robredo,Robredo,54379,Region IV-B (MIMAROPA),PH2022-063,official,
Marinduque,https://en.wikipedia.org/w/index.php?title=Congressional_canvass_for_the_2022_Philippine_presidential_election&oldid=1353912853,https://www.congress.gov.ph/index.php/media/photojournal/3000,Bongbong Marcos,Marcos,0,134527,0,134527,0,899,0,first,,,Manny Pacquiao,Pacquiao,9865,Region IV-B (MIMAROPA),PH2022-063,official,
Marinduque,https://en.wikipedia.org/w/index.php?title=Congressional_canvass_for_the_2022_Philippine_presidential_election&oldid=1353912853,https://www.congress.gov.ph/index.php/media/photojournal/3000,Bongbong Marcos,Marcos,0,134527,0,134527,0,899,0,first,,,Isko Moreno,Moreno,9807,Region IV-B (MIMAROPA),PH2022-063,official,
Marinduque,https://en.wikipedia.org/w/index.php?title=Congressional_canvass_for_the_2022_Philippine_presidential_election&oldid=1353912853,https://www.congress.gov.ph/index.php/media/photojournal/3000,Bongbong Marcos,Marcos,0,134527,0,134527,0,899,0,first,,,Panfilo Lacson,Lacson,3814,Region IV-B (MIMAROPA),PH2022-063,official,
Marinduque,https://en.wikipedia.org/w/index.php?title=Congressional_canvass_for_the_2022_Philippine_presidential_election&oldid=1353912853,https://www.congress.gov.ph/index.php/media/photojournal/3000,Bongbong Marcos,Marcos,0,134527,0,134527,0,899,0,first,,,Faisal Mangondato,Mangondato,94,Region IV-B (MIMAROPA),PH2022-063,official,
Marinduque,https://en.wikipedia.org/w/index.php?title=Congressional_canvass_for_the_2022_Philippine_presidential_election&oldid=1353912853,https://www.congress.gov.ph/index.php/media/photojournal/3000,Bongbong Marcos,Marcos,0,134527,0,134527,0,899,0,first,,,Ernesto Abella,Abella,416,Region IV-B (MIMAROPA),PH2022-063,official,
Marinduque,https://en.wikipedia.org/w/index.php?title=Congressional_canvass_for_the_2022_Philippine_presidential_election&oldid=1353912853,https://www.congress.gov.ph/index.php/media/photojournal/3000,Bongbong Marcos,Marcos,0,134527,0,134527,0,899,0,first,,,Leody de Guzman,De Guzman,427,Region IV-B (MIMAROPA),PH2022-063,official,
Marinduque,https://en.wikipedia.org/w/index.php?title=Congressional_canvass_for_the_2022_Philippine_presidential_election&oldid=1353912853,https://www.congress.gov.ph/index.php/media/photojournal/3000,Bongbong Marcos,Marcos,0,134527,0,134527,0,899,0,first,,,Norberto Gonzales,Gonzales,276,Region IV-B (MIMAROPA),PH2022-063,official,
Marinduque,https://en.wikipedia.org/w/index.php?title=Congressional_canvass_for_the_2022_Philippine_presidential_election&oldid=1353912853,https://www.congress.gov.ph/index.php/media/photojournal/3000,Bongbong Marcos,Marcos,0,134527,0,134527,0,899,0,first,,,Jose Montemayor Jr.,Montemayor,171,Region IV-B (MIMAROPA),PH2022-063,official,
Masbate,https://en.wikipedia.org/w/index.php?title=Congressional_canvass_for_the_2022_Philippine_presidential_election&oldid=1353912853,https://www.congress.gov.ph/index.php/media/photojournal/3000,Leni Robredo,Robredo,0,435168,0,435168,0,24961,0,first,,,Bongbong Marcos,Marcos,162037,Region V (Bicol Region),PH2022-064,official,
Masbate,https://en.wikipedia.org/w/index.php?title=Congressional_canvass_for_the_2022_Philippine_presidential_election&oldid=1353912853,https://www.congress.gov.ph/index.php/media/photojournal/3000,Leni Robredo,Robredo,0,435168,0,435168,0,24961,0,first,,,Leni Robredo,Robredo,186998,Region V (Bicol Region),PH2022-064,official,
Masbate,https://en.wikipedia.org/w/index.php?title=Congressional_canvass_for_the_2022_Philippine_presidential_election&oldid=1353912853,https://www.congress.gov.ph/index.php/media/photojournal/3000,Leni Robredo,Robredo,0,435168,0,435168,0,24961,0,first,,,Manny Pacquiao,Pacquiao,64480,Region V (Bicol Region),PH2022-064,official,
Masbate,https://en.wikipedia.org/w/index.php?title=Congressional_canvass_for_the_2022_Philippine_presidential_election&oldid=1353912853,https://www.congress.gov.ph/index.php/media/photojournal/3000,Leni Robredo,Robredo,0,435168,0,435168,0,24961,0,first,,,Isko Moreno,Moreno,9388,Region V (Bicol Region),PH2022-064,official,
Masbate,https://en.wikipedia.org/w/index.php?title=Congressional_canvass_for_the_2022_Philippine_presidential_election&oldid=1353912853,https://www.congress.gov.ph/index.php/media/photojournal/3000,Leni Robredo,Robredo,0,435168,0,435168,0,24961,0,first,,,Panfilo Lacson,Lacson,4008,Region V (Bicol Region),PH2022-064,official,
Masbate,https://en.wikipedia.org/w/index.php?title=Congressional_canvass_for_the_2022_Philippine_presidential_election&oldid=1353912853,https://www.congress.gov.ph/index.php/media/photojournal/3000,Leni Robredo,Robredo,0,435168,0,435168,0,24961,0,first,,,Faisal Mangondato,Mangondato,655,Region V (Bicol Region),PH2022-064,official,
Masbate,https://en.wikipedia.org/w/index.php?title=Congressional_canvass_for_the_2022_Philippine_presidential_election&oldid=1353912853,https://www.congress.gov.ph/index.php/media/photojournal/3000,Leni Robredo,Robredo,0,435168,0,435168,0,24961,0,first,,,Ernesto Abella,Abella,3581,Region V (Bicol Region),PH2022-064,official,
Masbate,https://en.wikipedia.org/w/index.php?title=Congressional_canvass_for_the_2022_Philippine_presidential_election&oldid=1353912853,https://www.congress.gov.ph/index.php/media/photojournal/3000,Leni Robredo,Robredo,0,435168,0,435168,0,24961,0,first,,,Leody de Guzman,De Guzman,1521,Region V (Bicol Region),PH2022-064,official,
Masbate,https://en.wikipedia.org/w/index.php?title=Congressional_canvass_for_the_2022_Philippine_presidential_election&oldid=1353912853,https://www.congress.gov.ph/index.php/media/photojournal/3000,Leni Robredo,Robredo,0,435168,0,435168,0,24961,0,first,,,Norberto Gonzales,Gonzales,1804,Region V (Bicol Region),PH2022-064,official,
Masbate,https://en.wikipedia.org/w/index.php?title=Congressional_canvass_for_the_2022_Philippine_presidential_election&oldid=1353912853,https://www.congress.gov.ph/index.php/media/photojournal/3000,Leni Robredo,Robredo,0,435168,0,435168,0,24961,0,first,,,Jose Montemayor Jr.,Montemayor,696,Region V (Bicol Region),PH2022-064,official,
Misamis Occidental,https://en.wikipedia.org/w/index.php?title=Congressional_canvass_for_the_2022_Philippine_presidential_election&oldid=1353912853,https://www.congress.gov.ph/index.php/media/photojournal/3000,Bongbong Marcos,Marcos,0,347292,0,347292,0,210750,0,first,,,Bongbong Marcos,Marcos,258153,Region X (Northern Mindanao),PH2022-065,official,
Misamis Occidental,https://en.wikipedia.org/w/index.php?title=Congressional_canvass_for_the_2022_Philippine_presidential_election&oldid=1353912853,https://www.congress.gov.ph/index.php/media/photojournal/3000,Bongbong Marcos,Marcos,0,347292,0,347292,0,210750,0,first,,,Leni Robredo,Robredo,33290,Region X (Northern Mindanao),PH2022-065,official,
Misamis Occidental,https://en.wikipedia.org/w/index.php?title=Congressional_canvass_for_the_2022_Philippine_presidential_election&oldid=1353912853,https://www.congress.gov.ph/index.php/media/photojournal/3000,Bongbong Marcos,Marcos,0,347292,0,347292,0,210750,0,first,,,Manny Pacquiao,Pacquiao,47403,Region X (Northern Mindanao),PH2022-065,official,
Misamis Occidental,https://en.wikipedia.org/w/index.php?title=Congressional_canvass_for_the_2022_Philippine_presidential_election&oldid=1353912853,https://www.congress.gov.ph/index.php/media/photojournal/3000,Bongbong Marcos,Marcos,0,347292,0,347292,0,210750,0,first,,,Isko Moreno,Moreno,4573,Region X (Northern Mindanao),PH2022-065,official,
Misamis Occidental,https://en.wikipedia.org/w/index.php?title=Congressional_canvass_for_the_2022_Philippine_presidential_election&oldid=1353912853,https://www.congress.gov.ph/index.php/media/photojournal/3000,Bongbong Marcos,Marcos,0,347292,0,347292,0,210750,0,first,,,Panfilo Lacson,Lacson,1811,Region X (Northern Mindanao),PH2022-065,official,
Misamis Occidental,https://en.wikipedia.org/w/index.php?title=Congressional_canvass_for_the_2022_Philippine_presidential_election&oldid=1353912853,https://www.congress.gov.ph/index.php/media/photojournal/3000,Bongbong Marcos,Marcos,0,347292,0,347292,0,210750,0,first,,,Faisal Mangondato,Mangondato,206,Region X (Northern Mindanao),PH2022-065,official,
Misamis Occidental,https://en.wikipedia.org/w/index.php?title=Congressional_canvass_for_the_2022_Philippine_presidential_election&oldid=1353912853,https://www.congress.gov.ph/index.php/media/photojournal/3000,Bongbong Marcos,Marcos,0,347292,0,347292,0,210750,0,first,,,Ernesto Abella,Abella,439,Region X (Northern Mindanao),PH2022-065,official,
Misamis Occidental,https://en.wikipedia.org/w/index.php?title=Congressional_canvass_for_the_2022_Philippine_presidential_election&oldid=1353912853,https://www.congress.gov.ph/index.php/media/photojournal/3000,Bongbong Marcos,Marcos,0,347292,0,347292,0,210750,0,first,,,Leody de Guzman,De Guzman,548,Region X (Northern Mindanao),PH2022-065,official,
Misamis Occidental,https://en.wikipedia.org/w/index.php?title=Congressional_canvass_for_the_2022_Philippine_presidential_election&oldid=1353912853,https://www.congress.gov.ph/index.php/media/photojournal/3000,Bongbong Marcos,Marcos,0,347292,0,347292,0,210750,0,first,,,Norberto Gonzales,Gonzales,537,Region X (Northern Mindanao),PH2022-065,official,
Misamis Occidental,https://en.wikipedia.org/w/index.php?title=Congressional_canvass_for_the_2022_Philippine_presidential_election&oldid=1353912853,https://www.congress.gov.ph/index.php/media/photojournal/3000,Bongbong Marcos,Marcos,0,347292,0,347292,0,210750,0,first,,,Jose Montemayor Jr.,Montemayor,332,Region X (Northern Mindanao),PH2022-065,official,
Misamis Oriental,https://en.wikipedia.org/w/index.php?title=Congressional_canvass_for_the_2022_Philippine_presidential_election&oldid=1353912853,https://www.congress.gov.ph/index.php/media/photojournal/3000,Bongbong Marcos,Marcos,0,544602,0,544602,0,309940,0,first,,,Bongbong Marcos,Marcos,386706,Region X (Northern Mindanao),PH2022-066,official,
Misamis Oriental,https://en.wikipedia.org/w/index.php?title=Congressional_canvass_for_the_2022_Philippine_presidential_election&oldid=1353912853,https://www.congress.gov.ph/index.php/media/photojournal/3000,Bongbong Marcos,Marcos,0,544602,0,544602,0,309940,0,first,,,Leni Robredo,Robredo,58306,Region X (Northern Mindanao),PH2022-066,official,
Misamis Oriental,https://en.wikipedia.org/w/index.php?title=Congressional_canvass_for_the_2022_Philippine_presidential_election&oldid=1353912853,https://www.congress.gov.ph/index.php/media/photojournal/3000,Bongbong Marcos,Marcos,0,544602,0,544602,0,309940,0,first,,,Manny Pacquiao,Pacquiao,76766,Region X (Northern Mindanao),PH2022-066,official,
Misamis Oriental,https://en.wikipedia.org/w/index.php?title=Congressional_canvass_for_the_2022_Philippine_presidential_election&oldid=1353912853,https://www.congress.gov.ph/index.php/media/photojournal/3000,Bongbong Marcos,Marcos,0,544602,0,544602,0,309940,0,first,,,Isko Moreno,Moreno,12881,Region X (Northern Mindanao),PH2022-066,official,
Misamis Oriental,https://en.wikipedia.org/w/index.php?title=Congressional_canvass_for_the_2022_Philippine_presidential_election&oldid=1353912853,https://www.congress.gov.ph/index.php/media/photojournal/3000,Bongbong Marcos,Marcos,0,544602,0,544602,0,309940,0,first,,,Panfilo Lacson,Lacson,4599,Region X (Northern Mindanao),PH2022-066,official,
Misamis Oriental,https://en.wikipedia.org/w/index.php?title=Congressional_canvass_for_the_2022_Philippine_presidential_election&oldid=1353912853,https://www.congress.gov.ph/index.php/media/photojournal/3000,Bongbong Marcos,Marcos,0,544602,0,544602,0,309940,0,first,,,Faisal Mangondato,Mangondato,794,Region X (Northern Mindanao),PH2022-066,official,
Misamis Oriental,https://en.wikipedia.org/w/index.php?title=Congressional_canvass_for_the_2022_Philippine_presidential_election&oldid=1353912853,https://www.congress.gov.ph/index.php/media/photojournal/3000,Bongbong Marcos,Marcos,0,544602,0,544602,0,309940,0,first,,,Ernesto Abella,Abella,1487,Region X (Northern Mindanao),PH2022-066,official,
Misamis Oriental,https://en.wikipedia.org/w/index.php?title=Congressional_canvass_for_the_2022_Philippine_presidential_election&oldid=1353912853,https://www.congress.gov.ph/index.php/media/photojournal/3000,Bongbong Marcos,Marcos,0,544602,0,544602,0,309940,0,first,,,Leody de Guzman,De Guzman,1095,Region X (Northern Mindanao),PH2022-066,official,
Misamis Oriental,https://en.wikipedia.org/w/index.php?title=Congressional_canvass_for_the_2022_Philippine_presidential_election&oldid=1353912853,https://www.congress.gov.ph/index.php/media/photojournal/3000,Bongbong Marcos,Marcos,0,544602,0,544602,0,309940,0,first,,,Norberto Gonzales,Gonzales,1245,Region X (Northern Mindanao),PH2022-066,official,
Misamis Oriental,https://en.wikipedia.org/w/index.php?title=Congressional_canvass_for_the_2022_Philippine_presidential_election&oldid=1353912853,https://www.congress.gov.ph/index.php/media/photojournal/3000,Bongbong Marcos,Marcos,0,544602,0,544602,0,309940,0,first,,,Jose Montemayor Jr.,Montemayor,723,Region X (Northern Mindanao),PH2022-066,official,
Mountain Province,https://en.wikipedia.org/w/index.php?title=Congressional_canvass_for_the_2022_Philippine_presidential_election&oldid=1353912853,https://www.congress.gov.ph/index.php/media/photojournal/3000,Bongbong Marcos,Marcos,0,93418,0,93418,0,66940,0,first,,,Bongbong Marcos,Marcos,75705,CAR,PH2022-067,official,
Mountain Province,https://en.wikipedia.org/w/index.php?title=Congressional_canvass_for_the_2022_Philippine_presidential_election&oldid=1353912853,https://www.congress.gov.ph/index.php/media/photojournal/3000,Bongbong Marcos,Marcos,0,93418,0,93418,0,66940,0,first,,,Leni Robredo,Robredo,8765,CAR,PH2022-067,official,
Mountain Province,https://en.wikipedia.org/w/index.php?title=Congressional_canvass_for_the_2022_Philippine_presidential_election&oldid=1353912853,https://www.congress.gov.ph/index.php/media/photojournal/3000,Bongbong Marcos,Marcos,0,93418,0,93418,0,66940,0,first,,,Manny Pacquiao,Pacquiao,3603,CAR,PH2022-067,official,
Mountain Province,https://en.wikipedia.org/w/index.php?title=Congressional_canvass_for_the_2022_Philippine_presidential_election&oldid=1353912853,https://www.congress.gov.ph/index.php/media/photojournal/3000,Bongbong Marcos,Marcos,0,93418,0,93418,0,66940,0,first,,,Isko Moreno,Moreno,1985,CAR,PH2022-067,official,
Mountain Province,https://en.wikipedia.org/w/index.php?title=Congressional_canvass_for_the_2022_Philippine_presidential_election&oldid=1353912853,https://www.congress.gov.ph/index.php/media/photojournal/3000,Bongbong Marcos,Marcos,0,93418,0,93418,0,66940,0,first,,,Panfilo Lacson,Lacson,2708,CAR,PH2022-067,official,
Mountain Province,https://en.wikipedia.org/w/index.php?title=Congressional_canvass_for_the_2022_Philippine_presidential_election&oldid=1353912853,https://www.congress.gov.ph/index.php/media/photojournal/3000,Bongbong Marcos,Marcos,0,93418,0,93418,0,66940,0,first,,,Faisal Mangondato,Mangondato,49,CAR,PH2022-067,official,
Mountain Province,https://en.wikipedia.org/w/index.php?title=Congressional_canvass_for_the_2022_Philippine_presidential_election&oldid=1353912853,https://www.congress.gov.ph/index.php/media/photojournal/3000,Bongbong Marcos,Marcos,0,93418,0,93418,0,66940,0,first,,,Ernesto Abella,Abella,156,CAR,PH2022-067,official,
Mountain Province,https://en.wikipedia.org/w/index.php?title=Congressional_canvass_for_the_2022_Philippine_presidential_election&oldid=1353912853,https://www.congress.gov.ph/index.php/media/photojournal/3000,Bongbong Marcos,Marcos,0,93418,0,93418,0,66940,0,first,,,Leody de Guzman,De Guzman,176,CAR,PH2022-067,official,
Mountain Province,https://en.wikipedia.org/w/index.php?title=Congressional_canvass_for_the_2022_Philippine_presidential_election&oldid=1353912853,https://www.congress.gov.ph/index.php/media/photojournal/3000,Bongbong Marcos,Marcos,0,93418,0,93418,0,66940,0,first,,,Norberto Gonzales,Gonzales,106,CAR,PH2022-067,official,
Mountain Province,https://en.wikipedia.org/w/index.php?title=Congressional_canvass_for_the_2022_Philippine_presidential_election&oldid=1353912853,https://www.congress.gov.ph/index.php/media/photojournal/3000,Bongbong Marcos,Marcos,0,93418,0,93418,0,66940,0,first,,,Jose Montemayor Jr.,Montemayor,165,CAR,PH2022-067,official,
Muntinlupa,https://en.wikipedia.org/w/index.php?title=Congressional_canvass_for_the_2022_Philippine_presidential_election&oldid=1353912853,https://www.congress.gov.ph/index.php/media/photojournal/3000,Bongbong Marcos,Marcos,0,249231,0,249231,0,47576,0,first,,,Bongbong Marcos,Marcos,136465,NCR,PH2022-068,official,
Muntinlupa,https://en.wikipedia.org/w/index.php?title=Congressional_canvass_for_the_2022_Philippine_presidential_election&oldid=1353912853,https://www.congress.gov.ph/index.php/media/photojournal/3000,Bongbong Marcos,Marcos,0,249231,0,249231,0,47576,0,first,,,Leni Robredo,Robredo,88889,NCR,PH2022-068,official,
Muntinlupa,https://en.wikipedia.org/w/index.php?title=Congressional_canvass_for_the_2022_Philippine_presidential_election&oldid=1353912853,https://www.congress.gov.ph/index.php/media/photojournal/3000,Bongbong Marcos,Marcos,0,249231,0,249231,0,47576,0,first,,,Manny Pacquiao,Pacquiao,5056,NCR,PH2022-068,official,
Muntinlupa,https://en.wikipedia.org/w/index.php?title=Congressional_canvass_for_the_2022_Philippine_presidential_election&oldid=1353912853,https://www.congress.gov.ph/index.php/media/photojournal/3000,Bongbong Marcos,Marcos,0,249231,0,249231,0,47576,0,first,,,Isko Moreno,Moreno,11254,NCR,PH2022-068,official,
Muntinlupa,https://en.wikipedia.org/w/index.php?title=Congressional_canvass_for_the_2022_Philippine_presidential_election&oldid=1353912853,https://www.congress.gov.ph/index.php/media/photojournal/3000,Bongbong Marcos,Marcos,0,249231,0,249231,0,47576,0,first,,,Panfilo Lacson,Lacson,6105,NCR,PH2022-068,official,
Muntinlupa,https://en.wikipedia.org/w/index.php?title=Congressional_canvass_for_the_2022_Philippine_presidential_election&oldid=1353912853,https://www.congress.gov.ph/index.php/media/photojournal/3000,Bongbong Marcos,Marcos,0,249231,0,249231,0,47576,0,first,,,Faisal Mangondato,Mangondato,415,NCR,PH2022-068,official,
Muntinlupa,https://en.wikipedia.org/w/index.php?title=Congressional_canvass_for_the_2022_Philippine_presidential_election&oldid=1353912853,https://www.congress.gov.ph/index.php/media/photojournal/3000,Bongbong Marcos,Marcos,0,249231,0,249231,0,47576,0,first,,,Ernesto Abella,Abella,233,NCR,PH2022-068,official,
Muntinlupa,https://en.wikipedia.org/w/index.php?title=Congressional_canvass_for_the_2022_Philippine_presidential_election&oldid=1353912853,https://www.congress.gov.ph/index.php/media/photojournal/3000,Bongbong Marcos,Marcos,0,249231,0,249231,0,47576,0,first,,,Leody de Guzman,De Guzman,393,NCR,PH2022-068,official,
Muntinlupa,https://en.wikipedia.org/w/index.php?title=Congressional_canvass_for_the_2022_Philippine_presidential_election&oldid=1353912853,https://www.congress.gov.ph/index.php/media/photojournal/3000,Bongbong Marcos,Marcos,0,249231,0,249231,0,47576,0,first,,,Norberto Gonzales,Gonzales,218,NCR,PH2022-068,official,
Muntinlupa,https://en.wikipedia.org/w/index.php?title=Congressional_canvass_for_the_2022_Philippine_presidential_election&oldid=1353912853,https://www.congress.gov.ph/index.php/media/photojournal/3000,Bongbong Marcos,Marcos,0,249231,0,249231,0,47576,0,first,,,Jose Montemayor Jr.,Montemayor,203,NCR,PH2022-068,official,
Navotas,https://en.wikipedia.org/w/index.php?title=Congressional_canvass_for_the_2022_Philippine_presidential_election&oldid=1353912853,https://www.congress.gov.ph/index.php/media/photojournal/3000,Bongbong Marcos,Marcos,0,127429,0,127429,0,59752,0,first,,,Bongbong Marcos,Marcos,86062,NCR,PH2022-069,official,
Navotas,https://en.wikipedia.org/w/index.php?title=Congressional_canvass_for_the_2022_Philippine_presidential_election&oldid=1353912853,https://www.congress.gov.ph/index.php/media/photojournal/3000,Bongbong Marcos,Marcos,0,127429,0,127429,0,59752,0,first,,,Leni Robredo,Robredo,26310,NCR,PH2022-069,official,
Navotas,https://en.wikipedia.org/w/index.php?title=Congressional_canvass_for_the_2022_Philippine_presidential_election&oldid=1353912853,https://www.congress.gov.ph/index.php/media/photojournal/3000,Bongbong Marcos,Marcos,0,127429,0,127429,0,59752,0,first,,,Manny Pacquiao,Pacquiao,2231,NCR,PH2022-069,official,
Navotas,https://en.wikipedia.org/w/index.php?title=Congressional_canvass_for_the_2022_Philippine_presidential_election&oldid=1353912853,https://www.congress.gov.ph/index.php/media/photojournal/3000,Bongbong Marcos,Marcos,0,127429,0,127429,0,59752,0,first,,,Isko Moreno,Moreno,9838,NCR,PH2022-069,official,
Navotas,https://en.wikipedia.org/w/index.php?title=Congressional_canvass_for_the_2022_Philippine_presidential_election&oldid=1353912853,https://www.congress.gov.ph/index.php/media/photojournal/3000,Bongbong Marcos,Marcos,0,127429,0,127429,0,59752,0,first,,,Panfilo Lacson,Lacson,2515,NCR,PH2022-069,official,
Navotas,https://en.wikipedia.org/w/index.php?title=Congressional_canvass_for_the_2022_Philippine_presidential_election&oldid=1353912853,https://www.congress.gov.ph/index.php/media/photojournal/3000,Bongbong Marcos,Marcos,0,127429,0,127429,0,59752,0,first,,,Faisal Mangondato,Mangondato,39,NCR,PH2022-069,official,
Navotas,https://en.wikipedia.org/w/index.php?title=Congressional_canvass_for_the_2022_Philippine_presidential_election&oldid=1353912853,https://www.congress.gov.ph/index.php/media/photojournal/3000,Bongbong Marcos,Marcos,0,127429,0,127429,0,59752,0,first,,,Ernesto Abella,Abella,83,NCR,PH2022-069,official,
Navotas,https://en.wikipedia.org/w/index.php?title=Congressional_canvass_for_the_2022_Philippine_presidential_election&oldid=1353912853,https://www.congress.gov.ph/index.php/media/photojournal/3000,Bongbong Marcos,Marcos,0,127429,0,127429,0,59752,0,first,,,Leody de Guzman,De Guzman,168,NCR,PH2022-069,official,
Navotas,https://en.wikipedia.org/w/index.php?title=Congressional_canvass_for_the_2022_Philippine_presidential_election&oldid=1353912853,https://www.congress.gov.ph/index.php/media/photojournal/3000,Bongbong Marcos,Marcos,0,127429,0,127429,0,59752,0,first,,,Norberto Gonzales,Gonzales,104,NCR,PH2022-069,official,
Navotas,https://en.wikipedia.org/w/index.php?title=Congressional_canvass_for_the_2022_Philippine_presidential_election&oldid=1353912853,https://www.congress.gov.ph/index.php/media/photojournal/3000,Bongbong Marcos,Marcos,0,127429,0,127429,0,59752,0,first,,,Jose Montemayor Jr.,Montemayor,79,NCR,PH2022-069,official,
Negros Occidental,https://en.wikipedia.org/w/index.php?title=Congressional_canvass_for_the_2022_Philippine_presidential_election&oldid=1353912853,https://www.congress.gov.ph/index.php/media/photojournal/3000,Leni Robredo,Robredo,0,1252964,0,1252964,0,45118,0,first,,,Bongbong Marcos,Marcos,482979,Region VI (Western Visayas),PH2022-070,official,
Negros Occidental,https://en.wikipedia.org/w/index.php?title=Congressional_canvass_for_the_2022_Philippine_presidential_election&oldid=1353912853,https://www.congress.gov.ph/index.php/media/photojournal/3000,Leni Robredo,Robredo,0,1252964,0,1252964,0,45118,0,first,,,Leni Robredo,Robredo,528097,Region VI (Western Visayas),PH2022-070,official,
Negros Occidental,https://en.wikipedia.org/w/index.php?title=Congressional_canvass_for_the_2022_Philippine_presidential_election&oldid=1353912853,https://www.congress.gov.ph/index.php/media/photojournal/3000,Leni Robredo,Robredo,0,1252964,0,1252964,0,45118,0,first,,,Manny Pacquiao,Pacquiao,178245,Region VI (Western Visayas),PH2022-070,official,
Negros Occidental,https://en.wikipedia.org/w/index.php?title=Congressional_canvass_for_the_2022_Philippine_presidential_election&oldid=1353912853,https://www.congress.gov.ph/index.php/media/photojournal/3000,Leni Robredo,Robredo,0,1252964,0,1252964,0,45118,0,first,,,Isko Moreno,Moreno,33374,Region VI (Western Visayas),PH2022-070,official,
Negros Occidental,https://en.wikipedia.org/w/index.php?title=Congressional_canvass_for_the_2022_Philippine_presidential_election&oldid=1353912853,https://www.congress.gov.ph/index.php/media/photojournal/3000,Leni Robredo,Robredo,0,1252964,0,1252964,0,45118,0,first,,,Panfilo Lacson,Lacson,16314,Region VI (Western Visayas),PH2022-070,official,
Negros Occidental,https://en.wikipedia.org/w/index.php?title=Congressional_canvass_for_the_2022_Philippine_presidential_election&oldid=1353912853,https://www.congress.gov.ph/index.php/media/photojournal/3000,Leni Robredo,Robredo,0,1252964,0,1252964,0,45118,0,first,,,Faisal Mangondato,Mangondato,1061,Region VI (Western Visayas),PH2022-070,official,
Negros Occidental,https://en.wikipedia.org/w/index.php?title=Congressional_canvass_for_the_2022_Philippine_presidential_election&oldid=1353912853,https://www.congress.gov.ph/index.php/media/photojournal/3000,Leni Robredo,Robredo,0,1252964,0,1252964,0,45118,0,first,,,Ernesto Abella,Abella,4688,Region VI (Western Visayas),PH2022-070,official,
Negros Occidental,https://en.wikipedia.org/w/index.php?title=Congressional_canvass_for_the_2022_Philippine_presidential_election&oldid=1353912853,https://www.congress.gov.ph/index.php/media/photojournal/3000,Leni Robredo,Robredo,0,1252964,0,1252964,0,45118,0,first,,,Leody de Guzman,De Guzman,3204,Region VI (Western Visayas),PH2022-070,official,
Negros Occidental,https://en.wikipedia.org/w/index.php?title=Congressional_canvass_for_the_2022_Philippine_presidential_election&oldid=1353912853,https://www.congress.gov.ph/index.php/media/photojournal/3000,Leni Robredo,Robredo,0,1252964,0,1252964,0,45118,0,first,,,Norberto Gonzales,Gonzales,2865,Region VI (Western Visayas),PH2022-070,official,
Negros Occidental,https://en.wikipedia.org/w/index.php?title=Congressional_canvass_for_the_2022_Philippine_presidential_election&oldid=1353912853,https://www.congress.gov.ph/index.php/media/photojournal/3000,Leni Robredo,Robredo,0,1252964,0,1252964,0,45118,0,first,,,Jose Montemayor Jr.,Montemayor,2137,Region VI (Western Visayas),PH2022-070,official,
Negros Oriental,https://en.wikipedia.org/w/index.php?title=Congressional_canvass_for_the_2022_Philippine_presidential_election&oldid=1353912853,https://www.congress.gov.ph/index.php/media/photojournal/3000,Bongbong Marcos,Marcos,0,708477,0,708477,0,34525,0,first,,,Bongbong Marcos,Marcos,258114,Region VII (Central Visayas),PH2022-071,official,
Negros Oriental,https://en.wikipedia.org/w/index.php?title=Congressional_canvass_for_the_2022_Philippine_presidential_election&oldid=1353912853,https://www.congress.gov.ph/index.php/media/photojournal/3000,Bongbong Marcos,Marcos,0,708477,0,708477,0,34525,0,first,,,Leni Robredo,Robredo,180368,Region VII (Central Visayas),PH2022-071,official,
Negros Oriental,https://en.wikipedia.org/w/index.php?title=Congressional_canvass_for_the_2022_Philippine_presidential_election&oldid=1353912853,https://www.congress.gov.ph/index.php/media/photojournal/3000,Bongbong Marcos,Marcos,0,708477,0,708477,0,34525,0,first,,,Manny Pacquiao,Pacquiao,223589,Region VII (Central Visayas),PH2022-071,official,
Negros Oriental,https://en.wikipedia.org/w/index.php?title=Congressional_canvass_for_the_2022_Philippine_presidential_election&oldid=1353912853,https://www.congress.gov.ph/index.php/media/photojournal/3000,Bongbong Marcos,Marcos,0,708477,0,708477,0,34525,0,first,,,Isko Moreno,Moreno,20067,Region VII (Central Visayas),PH2022-071,official,
Negros Oriental,https://en.wikipedia.org/w/index.php?title=Congressional_canvass_for_the_2022_Philippine_presidential_election&oldid=1353912853,https://www.congress.gov.ph/index.php/media/photojournal/3000,Bongbong Marcos,Marcos,0,708477,0,708477,0,34525,0,first,,,Panfilo Lacson,Lacson,14875,Region VII (Central Visayas),PH2022-071,official,
Negros Oriental,https://en.wikipedia.org/w/index.php?title=Congressional_canvass_for_the_2022_Philippine_presidential_election&oldid=1353912853,https://www.congress.gov.ph/index.php/media/photojournal/3000,Bongbong Marcos,Marcos,0,708477,0,708477,0,34525,0,first,,,Faisal Mangondato,Mangondato,997,Region VII (Central Visayas),PH2022-071,official,
Negros Oriental,https://en.wikipedia.org/w/index.php?title=Congressional_canvass_for_the_2022_Philippine_presidential_election&oldid=1353912853,https://www.congress.gov.ph/index.php/media/photojournal/3000,Bongbong Marcos,Marcos,0,708477,0,708477,0,34525,0,first,,,Ernesto Abella,Abella,3878,Region VII (Central Visayas),PH2022-071,official,
Negros Oriental,https://en.wikipedia.org/w/index.php?title=Congressional_canvass_for_the_2022_Philippine_presidential_election&oldid=1353912853,https://www.congress.gov.ph/index.php/media/photojournal/3000,Bongbong Marcos,Marcos,0,708477,0,708477,0,34525,0,first,,,Leody de Guzman,De Guzman,2497,Region VII (Central Visayas),PH2022-071,official,
Negros Oriental,https://en.wikipedia.org/w/index.php?title=Congressional_canvass_for_the_2022_Philippine_presidential_election&oldid=1353912853,https://www.congress.gov.ph/index.php/media/photojournal/3000,Bongbong Marcos,Marcos,0,708477,0,708477,0,34525,0,first,,,Norberto Gonzales,Gonzales,2409,Region VII (Central Visayas),PH2022-071,official,
Negros Oriental,https://en.wikipedia.org/w/index.php?title=Congressional_canvass_for_the_2022_Philippine_presidential_election&oldid=1353912853,https://www.congress.gov.ph/index.php/media/photojournal/3000,Bongbong Marcos,Marcos,0,708477,0,708477,0,34525,0,first,,,Jose Montemayor Jr.,Montemayor,1683,Region VII (Central Visayas),PH2022-071,official,
Northern Samar,https://en.wikipedia.org/w/index.php?title=Congressional_canvass_for_the_2022_Philippine_presidential_election&oldid=1353912853,https://www.congress.gov.ph/index.php/media/photojournal/3000,Leni Robredo,Robredo,0,338778,0,338778,0,31834,0,first,,,Bongbong Marcos,Marcos,127538,Region VIII (Eastern Visayas),PH2022-072,official,
Northern Samar,https://en.wikipedia.org/w/index.php?title=Congressional_canvass_for_the_2022_Philippine_presidential_election&oldid=1353912853,https://www.congress.gov.ph/index.php/media/photojournal/3000,Leni Robredo,Robredo,0,338778,0,338778,0,31834,0,first,,,Leni Robredo,Robredo,159372,Region VIII (Eastern Visayas),PH2022-072,official,
Northern Samar,https://en.wikipedia.org/w/index.php?title=Congressional_canvass_for_the_2022_Philippine_presidential_election&oldid=1353912853,https://www.congress.gov.ph/index.php/media/photojournal/3000,Leni Robredo,Robredo,0,338778,0,338778,0,31834,0,first,,,Manny Pacquiao,Pacquiao,34445,Region VIII (Eastern Visayas),PH2022-072,official,
Northern Samar,https://en.wikipedia.org/w/index.php?title=Congressional_canvass_for_the_2022_Philippine_presidential_election&oldid=1353912853,https://www.congress.gov.ph/index.php/media/photojournal/3000,Leni Robredo,Robredo,0,338778,0,338778,0,31834,0,first,,,Isko Moreno,Moreno,9980,Region VIII (Eastern Visayas),PH2022-072,official,
Northern Samar,https://en.wikipedia.org/w/index.php?title=Congressional_canvass_for_the_2022_Philippine_presidential_election&oldid=1353912853,https://www.congress.gov.ph/index.php/media/photojournal/3000,Leni Robredo,Robredo,0,338778,0,338778,0,31834,0,first,,,Panfilo Lacson,Lacson,3075,Region VIII (Eastern Visayas),PH2022-072,official,
Northern Samar,https://en.wikipedia.org/w/index.php?title=Congressional_canvass_for_the_2022_Philippine_presidential_election&oldid=1353912853,https://www.congress.gov.ph/index.php/media/photojournal/3000,Leni Robredo,Robredo,0,338778,0,338778,0,31834,0,first,,,Faisal Mangondato,Mangondato,324,Region VIII (Eastern Visayas),PH2022-072,official,
Northern Samar,https://en.wikipedia.org/w/index.php?title=Congressional_canvass_for_the_2022_Philippine_presidential_election&oldid=1353912853,https://www.congress.gov.ph/index.php/media/photojournal/3000,Leni Robredo,Robredo,0,338778,0,338778,0,31834,0,first,,,Ernesto Abella,Abella,1750,Region VIII (Eastern Visayas),PH2022-072,official,
Northern Samar,https://en.wikipedia.org/w/index.php?title=Congressional_canvass_for_the_2022_Philippine_presidential_election&oldid=1353912853,https://www.congress.gov.ph/index.php/media/photojournal/3000,Leni Robredo,Robredo,0,338778,0,338778,0,31834,0,first,,,Leody de Guzman,De Guzman,931,Region VIII (Eastern Visayas),PH2022-072,official,
Northern Samar,https://en.wikipedia.org/w/index.php?title=Congressional_canvass_for_the_2022_Philippine_presidential_election&oldid=1353912853,https://www.congress.gov.ph/index.php/media/photojournal/3000,Leni Robredo,Robredo,0,338778,0,338778,0,31834,0,first,,,Norberto Gonzales,Gonzales,891,Region VIII (Eastern Visayas),PH2022-072,official,
Northern Samar,https://en.wikipedia.org/w/index.php?title=Congressional_canvass_for_the_2022_Philippine_presidential_election&oldid=1353912853,https://www.congress.gov.ph/index.php/media/photojournal/3000,Leni Robredo,Robredo,0,338778,0,338778,0,31834,0,first,,,Jose Montemayor Jr.,Montemayor,472,Region VIII (Eastern Visayas),PH2022-072,official,
Nueva Ecija,https://en.wikipedia.org/w/index.php?title=Congressional_canvass_for_the_2022_Philippine_presidential_election&oldid=1353912853,https://www.congress.gov.ph/index.php/media/photojournal/3000,Bongbong Marcos,Marcos,0,1257920,0,1257920,0,708561,0,first,,,Bongbong Marcos,Marcos,945388,Region III (Central Luzon),PH2022-073,official,
Nueva Ecija,https://en.wikipedia.org/w/index.php?title=Congressional_canvass_for_the_2022_Philippine_presidential_election&oldid=1353912853,https://www.congress.gov.ph/index.php/media/photojournal/3000,Bongbong Marcos,Marcos,0,1257920,0,1257920,0,708561,0,first,,,Leni Robredo,Robredo,236827,Region III (Central Luzon),PH2022-073,official,
Nueva Ecija,https://en.wikipedia.org/w/index.php?title=Congressional_canvass_for_the_2022_Philippine_presidential_election&oldid=1353912853,https://www.congress.gov.ph/index.php/media/photojournal/3000,Bongbong Marcos,Marcos,0,1257920,0,1257920,0,708561,0,first,,,Manny Pacquiao,Pacquiao,13665,Region III (Central Luzon),PH2022-073,official,
Nueva Ecija,https://en.wikipedia.org/w/index.php?title=Congressional_canvass_for_the_2022_Philippine_presidential_election&oldid=1353912853,https://www.congress.gov.ph/index.php/media/photojournal/3000,Bongbong Marcos,Marcos,0,1257920,0,1257920,0,708561,0,first,,,Isko Moreno,Moreno,27862,Region III (Central Luzon),PH2022-073,official,
Nueva Ecija,https://en.wikipedia.org/w/index.php?title=Congressional_canvass_for_the_2022_Philippine_presidential_election&oldid=1353912853,https://www.congress.gov.ph/index.php/media/photojournal/3000,Bongbong Marcos,Marcos,0,1257920,0,1257920,0,708561,0,first,,,Panfilo Lacson,Lacson,26795,Region III (Central Luzon),PH2022-073,official,
Nueva Ecija,https://en.wikipedia.org/w/index.php?title=Congressional_canvass_for_the_2022_Philippine_presidential_election&oldid=1353912853,https://www.congress.gov.ph/index.php/media/photojournal/3000,Bongbong Marcos,Marcos,0,1257920,0,1257920,0,708561,0,first,,,Faisal Mangondato,Mangondato,1244,Region III (Central Luzon),PH2022-073,official,
Nueva Ecija,https://en.wikipedia.org/w/index.php?title=Congressional_canvass_for_the_2022_Philippine_presidential_election&oldid=1353912853,https://www.congress.gov.ph/index.php/media/photojournal/3000,Bongbong Marcos,Marcos,0,1257920,0,1257920,0,708561,0,first,,,Ernesto Abella,Abella,1956,Region III (Central Luzon),PH2022-073,official,
Nueva Ecija,https://en.wikipedia.org/w/index.php?title=Congressional_canvass_for_the_2022_Philippine_presidential_election&oldid=1353912853,https://www.congress.gov.ph/index.php/media/photojournal/3000,Bongbong Marcos,Marcos,0,1257920,0,1257920,0,708561,0,first,,,Leody de Guzman,De Guzman,1576,Region III (Central Luzon),PH2022-073,official,
Nueva Ecija,https://en.wikipedia.org/w/index.php?title=Congressional_canvass_for_the_2022_Philippine_presidential_election&oldid=1353912853,https://www.congress.gov.ph/index.php/media/photojournal/3000,Bongbong Marcos,Marcos,0,1257920,0,1257920,0,708561,0,first,,,Norberto Gonzales,Gonzales,1602,Region III (Central Luzon),PH2022-073,official,
Nueva Ecija,https://en.wikipedia.org/w/index.php?title=Congressional_canvass_for_the_2022_Philippine_presidential_election&oldid=1353912853,https://www.congress.gov.ph/index.php/media/photojournal/3000,Bongbong Marcos,Marcos,0,1257920,0,1257920,0,708561,0,first,,,Jose Montemayor Jr.,Montemayor,1005,Region III (Central Luzon),PH2022-073,official,
Nueva Vizcaya,https://en.wikipedia.org/w/index.php?title=Congressional_canvass_for_the_2022_Philippine_presidential_election&oldid=1353912853,https://www.congress.gov.ph/index.php/media/photojournal/3000,Bongbong Marcos,Marcos,0,245040,0,245040,0,174772,0,first,,,Bongbong Marcos,Marcos,200111,Region II (Cagayan Valley),PH2022-074,official,
Nueva Vizcaya,https://en.wikipedia.org/w/index.php?title=Congressional_canvass_for_the_2022_Philippine_presidential_election&oldid=1353912853,https://www.congress.gov.ph/index.php/media/photojournal/3000,Bongbong Marcos,Marcos,0,245040,0,245040,0,174772,0,first,,,Leni Robredo,Robredo,25339,Region II (Cagayan Valley),PH2022-074,official,
Nueva Vizcaya,https://en.wikipedia.org/w/index.php?title=Congressional_canvass_for_the_2022_Philippine_presidential_election&oldid=1353912853,https://www.congress.gov.ph/index.php/media/photojournal/3000,Bongbong Marcos,Marcos,0,245040,0,245040,0,174772,0,first,,,Manny Pacquiao,Pacquiao,7932,Region II (Cagayan Valley),PH2022-074,official,
Nueva Vizcaya,https://en.wikipedia.org/w/index.php?title=Congressional_canvass_for_the_2022_Philippine_presidential_election&oldid=1353912853,https://www.congress.gov.ph/index.php/media/photojournal/3000,Bongbong Marcos,Marcos,0,245040,0,245040,0,174772,0,first,,,Isko Moreno,Moreno,5499,Region II (Cagayan Valley),PH2022-074,official,
Nueva Vizcaya,https://en.wikipedia.org/w/index.php?title=Congressional_canvass_for_the_2022_Philippine_presidential_election&oldid=1353912853,https://www.congress.gov.ph/index.php/media/photojournal/3000,Bongbong Marcos,Marcos,0,245040,0,245040,0,174772,0,first,,,Panfilo Lacson,Lacson,4546,Region II (Cagayan Valley),PH2022-074,official,
Nueva Vizcaya,https://en.wikipedia.org/w/index.php?title=Congressional_canvass_for_the_2022_Philippine_presidential_election&oldid=1353912853,https://www.congress.gov.ph/index.php/media/photojournal/3000,Bongbong Marcos,Marcos,0,245040,0,245040,0,174772,0,first,,,Faisal Mangondato,Mangondato,302,Region II (Cagayan Valley),PH2022-074,official,
Nueva Vizcaya,https://en.wikipedia.org/w/index.php?title=Congressional_canvass_for_the_2022_Philippine_presidential_election&oldid=1353912853,https://www.congress.gov.ph/index.php/media/photojournal/3000,Bongbong Marcos,Marcos,0,245040,0,245040,0,174772,0,first,,,Ernesto Abella,Abella,367,Region II (Cagayan Valley),PH2022-074,official,
Nueva Vizcaya,https://en.wikipedia.org/w/index.php?title=Congressional_canvass_for_the_2022_Philippine_presidential_election&oldid=1353912853,https://www.congress.gov.ph/index.php/media/photojournal/3000,Bongbong Marcos,Marcos,0,245040,0,245040,0,174772,0,first,,,Leody de Guzman,De Guzman,377,Region II (Cagayan Valley),PH2022-074,official,
Nueva Vizcaya,https://en.wikipedia.org/w/index.php?title=Congressional_canvass_for_the_2022_Philippine_presidential_election&oldid=1353912853,https://www.congress.gov.ph/index.php/media/photojournal/3000,Bongbong Marcos,Marcos,0,245040,0,245040,0,174772,0,first,,,Norberto Gonzales,Gonzales,232,Region II (Cagayan Valley),PH2022-074,official,
Nueva Vizcaya,https://en.wikipedia.org/w/index.php?title=Congressional_canvass_for_the_2022_Philippine_presidential_election&oldid=1353912853,https://www.congress.gov.ph/index.php/media/photojournal/3000,Bongbong Marcos,Marcos,0,245040,0,245040,0,174772,0,first,,,Jose Montemayor Jr.,Montemayor,335,Region II (Cagayan Valley),PH2022-074,official,
Occidental Mindoro,https://en.wikipedia.org/w/index.php?title=Congressional_canvass_for_the_2022_Philippine_presidential_election&oldid=1353912853,https://www.congress.gov.ph/index.php/media/photojournal/3000,Bongbong Marcos,Marcos,0,252707,0,252707,0,39066,0,first,,,Bongbong Marcos,Marcos,123387,Region IV-B (MIMAROPA),PH2022-075,official,
Occidental Mindoro,https://en.wikipedia.org/w/index.php?title=Congressional_canvass_for_the_2022_Philippine_presidential_election&oldid=1353912853,https://www.congress.gov.ph/index.php/media/photojournal/3000,Bongbong Marcos,Marcos,0,252707,0,252707,0,39066,0,first,,,Leni Robredo,Robredo,84321,Region IV-B (MIMAROPA),PH2022-075,official,
Occidental Mindoro,https://en.wikipedia.org/w/index.php?title=Congressional_canvass_for_the_2022_Philippine_presidential_election&oldid=1353912853,https://www.congress.gov.ph/index.php/media/photojournal/3000,Bongbong Marcos,Marcos,0,252707,0,252707,0,39066,0,first,,,Manny Pacquiao,Pacquiao,22276,Region IV-B (MIMAROPA),PH2022-075,official,
Occidental Mindoro,https://en.wikipedia.org/w/index.php?title=Congressional_canvass_for_the_2022_Philippine_presidential_election&oldid=1353912853,https://www.congress.gov.ph/index.php/media/photojournal/3000,Bongbong Marcos,Marcos,0,252707,0,252707,0,39066,0,first,,,Isko Moreno,Moreno,11847,Region IV-B (MIMAROPA),PH2022-075,official,
Occidental Mindoro,https://en.wikipedia.org/w/index.php?title=Congressional_canvass_for_the_2022_Philippine_presidential_election&oldid=1353912853,https://www.congress.gov.ph/index.php/media/photojournal/3000,Bongbong Marcos,Marcos,0,252707,0,252707,0,39066,0,first,,,Panfilo Lacson,Lacson,8570,Region IV-B (MIMAROPA),PH2022-075,official,
Occidental Mindoro,https://en.wikipedia.org/w/index.php?title=Congressional_canvass_for_the_2022_Philippine_presidential_election&oldid=1353912853,https://www.congress.gov.ph/index.php/media/photojournal/3000,Bongbong Marcos,Marcos,0,252707,0,252707,0,39066,0,first,,,Faisal Mangondato,Mangondato,210,Region IV-B (MIMAROPA),PH2022-075,official,
Occidental Mindoro,https://en.wikipedia.org/w/index.php?title=Congressional_canvass_for_the_2022_Philippine_presidential_election&oldid=1353912853,https://www.congress.gov.ph/index.php/media/photojournal/3000,Bongbong Marcos,Marcos,0,252707,0,252707,0,39066,0,first,,,Ernesto Abella,Abella,799,Region IV-B (MIMAROPA),PH2022-075,official,
Occidental Mindoro,https://en.wikipedia.org/w/index.php?title=Congressional_canvass_for_the_2022_Philippine_presidential_election&oldid=1353912853,https://www.congress.gov.ph/index.php/media/photojournal/3000,Bongbong Marcos,Marcos,0,252707,0,252707,0,39066,0,first,,,Leody de Guzman,De Guzman,408,Region IV-B (MIMAROPA),PH2022-075,official,
Occidental Mindoro,https://en.wikipedia.org/w/index.php?title=Congressional_canvass_for_the_2022_Philippine_presidential_election&oldid=1353912853,https://www.congress.gov.ph/index.php/media/photojournal/3000,Bongbong Marcos,Marcos,0,252707,0,252707,0,39066,0,first,,,Norberto Gonzales,Gonzales,467,Region IV-B (MIMAROPA),PH2022-075,official,
Occidental Mindoro,https://en.wikipedia.org/w/index.php?title=Congressional_canvass_for_the_2022_Philippine_presidential_election&oldid=1353912853,https://www.congress.gov.ph/index.php/media/photojournal/3000,Bongbong Marcos,Marcos,0,252707,0,252707,0,39066,0,first,,,Jose Montemayor Jr.,Montemayor,422,Region IV-B (MIMAROPA),PH2022-075,official,
Oriental Mindoro,https://en.wikipedia.org/w/index.php?title=Congressional_canvass_for_the_2022_Philippine_presidential_election&oldid=1353912853,https://www.congress.gov.ph/index.php/media/photojournal/3000,Bongbong Marcos,Marcos,0,449277,0,449277,0,13883,0,first,,,Bongbong Marcos,Marcos,192890,Region IV-B (MIMAROPA),PH2022-076,official,
Oriental Mindoro,https://en.wikipedia.org/w/index.php?title=Congressional_canvass_for_the_2022_Philippine_presidential_election&oldid=1353912853,https://www.congress.gov.ph/index.php/media/photojournal/3000,Bongbong Marcos,Marcos,0,449277,0,449277,0,13883,0,first,,,Leni Robredo,Robredo,179007,Region IV-B (MIMAROPA),PH2022-076,official,
Oriental Mindoro,https://en.wikipedia.org/w/index.php?title=Congressional_canvass_for_the_2022_Philippine_presidential_election&oldid=1353912853,https://www.congress.gov.ph/index.php/media/photojournal/3000,Bongbong Marcos,Marcos,0,449277,0,449277,0,13883,0,first,,,Manny Pacquiao,Pacquiao,45611,Region IV-B (MIMAROPA),PH2022-076,official,
Oriental Mindoro,https://en.wikipedia.org/w/index.php?title=Congressional_canvass_for_the_2022_Philippine_presidential_election&oldid=1353912853,https://www.congress.gov.ph/index.php/media/photojournal/3000,Bongbong Marcos,Marcos,0,449277,0,449277,0,13883,0,first,,,Isko Moreno,Moreno,18631,Region IV-B (MIMAROPA),PH2022-076,official,
Oriental Mindoro,https://en.wikipedia.org/w/index.php?title=Congressional_canvass_for_the_2022_Philippine_presidential_election&oldid=1353912853,https://www.congress.gov.ph/index.php/media/photojournal/3000,Bongbong Marcos,Marcos,0,449277,0,449277,0,13883,0,first,,,Panfilo Lacson,Lacson,9899,Region IV-B (MIMAROPA),PH2022-076,official,
Oriental Mindoro,https://en.wikipedia.org/w/index.php?title=Congressional_canvass_for_the_2022_Philippine_presidential_election&oldid=1353912853,https://www.congress.gov.ph/index.php/media/photojournal/3000,Bongbong Marcos,Marcos,0,449277,0,449277,0,13883,0,first,,,Faisal Mangondato,Mangondato,351,Region IV-B (MIMAROPA),PH2022-076,official,
Oriental Mindoro,https://en.wikipedia.org/w/index.php?title=Congressional_canvass_for_the_2022_Philippine_presidential_election&oldid=1353912853,https://www.congress.gov.ph/index.php/media/photojournal/3000,Bongbong Marcos,Marcos,0,449277,0,449277,0,13883,0,first,,,Ernesto Abella,Abella,678,Region IV-B (MIMAROPA),PH2022-076,official,
Oriental Mindoro,https://en.wikipedia.org/w/index.php?title=Congressional_canvass_for_the_2022_Philippine_presidential_election&oldid=1353912853,https://www.congress.gov.ph/index.php/media/photojournal/3000,Bongbong Marcos,Marcos,0,449277,0,449277,0,13883,0,first,,,Leody de Guzman,De Guzman,1198,Region IV-B (MIMAROPA),PH2022-076,official,
Oriental Mindoro,https://en.wikipedia.org/w/index.php?title=Congressional_canvass_for_the_2022_Philippine_presidential_election&oldid=1353912853,https://www.congress.gov.ph/index.php/media/photojournal/3000,Bongbong Marcos,Marcos,0,449277,0,449277,0,13883,0,first,,,Norberto Gonzales,Gonzales,651,Region IV-B (MIMAROPA),PH2022-076,official,
Oriental Mindoro,https://en.wikipedia.org/w/index.php?title=Congressional_canvass_for_the_2022_Philippine_presidential_election&oldid=1353912853,https://www.congress.gov.ph/index.php/media/photojournal/3000,Bongbong Marcos,Marcos,0,449277,0,449277,0,13883,0,first,,,Jose Montemayor Jr.,Montemayor,361,Region IV-B (MIMAROPA),PH2022-076,official,
Palawan,https://en.wikipedia.org/w/index.php?title=Congressional_canvass_for_the_2022_Philippine_presidential_election&oldid=1353912853,https://www.congress.gov.ph/index.php/media/photojournal/3000,Bongbong Marcos,Marcos,0,594434,0,594434,0,121963,0,first,,,Bongbong Marcos,Marcos,269647,Region IV-B (MIMAROPA),PH2022-077,official,
Palawan,https://en.wikipedia.org/w/index.php?title=Congressional_canvass_for_the_2022_Philippine_presidential_election&oldid=1353912853,https://www.congress.gov.ph/index.php/media/photojournal/3000,Bongbong Marcos,Marcos,0,594434,0,594434,0,121963,0,first,,,Leni Robredo,Robredo,147684,Region IV-B (MIMAROPA),PH2022-077,official,
Palawan,https://en.wikipedia.org/w/index.php?title=Congressional_canvass_for_the_2022_Philippine_presidential_election&oldid=1353912853,https://www.congress.gov.ph/index.php/media/photojournal/3000,Bongbong Marcos,Marcos,0,594434,0,594434,0,121963,0,first,,,Manny Pacquiao,Pacquiao,133059,Region IV-B (MIMAROPA),PH2022-077,official,
Palawan,https://en.wikipedia.org/w/index.php?title=Congressional_canvass_for_the_2022_Philippine_presidential_election&oldid=1353912853,https://www.congress.gov.ph/index.php/media/photojournal/3000,Bongbong Marcos,Marcos,0,594434,0,594434,0,121963,0,first,,,Isko Moreno,Moreno,23951,Region IV-B (MIMAROPA),PH2022-077,official,
Palawan,https://en.wikipedia.org/w/index.php?title=Congressional_canvass_for_the_2022_Philippine_presidential_election&oldid=1353912853,https://www.congress.gov.ph/index.php/media/photojournal/3000,Bongbong Marcos,Marcos,0,594434,0,594434,0,121963,0,first,,,Panfilo Lacson,Lacson,11212,Region IV-B (MIMAROPA),PH2022-077,official,
Palawan,https://en.wikipedia.org/w/index.php?title=Congressional_canvass_for_the_2022_Philippine_presidential_election&oldid=1353912853,https://www.congress.gov.ph/index.php/media/photojournal/3000,Bongbong Marcos,Marcos,0,594434,0,594434,0,121963,0,first,,,Faisal Mangondato,Mangondato,2757,Region IV-B (MIMAROPA),PH2022-077,official,
Palawan,https://en.wikipedia.org/w/index.php?title=Congressional_canvass_for_the_2022_Philippine_presidential_election&oldid=1353912853,https://www.congress.gov.ph/index.php/media/photojournal/3000,Bongbong Marcos,Marcos,0,594434,0,594434,0,121963,0,first,,,Ernesto Abella,Abella,2024,Region IV-B (MIMAROPA),PH2022-077,official,
Palawan,https://en.wikipedia.org/w/index.php?title=Congressional_canvass_for_the_2022_Philippine_presidential_election&oldid=1353912853,https://www.congress.gov.ph/index.php/media/photojournal/3000,Bongbong Marcos,Marcos,0,594434,0,594434,0,121963,0,first,,,Leody de Guzman,De Guzman,1198,Region IV-B (MIMAROPA),PH2022-077,official,
Palawan,https://en.wikipedia.org/w/index.php?title=Congressional_canvass_for_the_2022_Philippine_presidential_election&oldid=1353912853,https://www.congress.gov.ph/index.php/media/photojournal/3000,Bongbong Marcos,Marcos,0,594434,0,594434,0,121963,0,first,,,Norberto Gonzales,Gonzales,1760,Region IV-B (MIMAROPA),PH2022-077,official,
Palawan,https://en.wikipedia.org/w/index.php?title=Congressional_canvass_for_the_2022_Philippine_presidential_election&oldid=1353912853,https://www.congress.gov.ph/index.php/media/photojournal/3000,Bongbong Marcos,Marcos,0,594434,0,594434,0,121963,0,first,,,Jose Montemayor Jr.,Montemayor,1142,Region IV-B (MIMAROPA),PH2022-077,official,
Pampanga,https://en.wikipedia.org/w/index.php?title=Congressional_canvass_for_the_2022_Philippine_presidential_election&oldid=1353912853,https://www.congress.gov.ph/index.php/media/photojournal/3000,Bongbong Marcos,Marcos,0,1344361,0,1344361,0,494498,0,first,,,Bongbong Marcos,Marcos,865122,Region III (Central Luzon),PH2022-078,official,
Pampanga,https://en.wikipedia.org/w/index.php?title=Congressional_canvass_for_the_2022_Philippine_presidential_election&oldid=1353912853,https://www.congress.gov.ph/index.php/media/photojournal/3000,Bongbong Marcos,Marcos,0,1344361,0,1344361,0,494498,0,first,,,Leni Robredo,Robredo,370624,Region III (Central Luzon),PH2022-078,official,
Pampanga,https://en.wikipedia.org/w/index.php?title=Congressional_canvass_for_the_2022_Philippine_presidential_election&oldid=1353912853,https://www.congress.gov.ph/index.php/media/photojournal/3000,Bongbong Marcos,Marcos,0,1344361,0,1344361,0,494498,0,first,,,Manny Pacquiao,Pacquiao,24158,Region III (Central Luzon),PH2022-078,official,
Pampanga,https://en.wikipedia.org/w/index.php?title=Congressional_canvass_for_the_2022_Philippine_presidential_election&oldid=1353912853,https://www.congress.gov.ph/index.php/media/photojournal/3000,Bongbong Marcos,Marcos,0,1344361,0,1344361,0,494498,0,first,,,Isko Moreno,Moreno,56796,Region III (Central Luzon),PH2022-078,official,
Pampanga,https://en.wikipedia.org/w/index.php?title=Congressional_canvass_for_the_2022_Philippine_presidential_election&oldid=1353912853,https://www.congress.gov.ph/index.php/media/photojournal/3000,Bongbong Marcos,Marcos,0,1344361,0,1344361,0,494498,0,first,,,Panfilo Lacson,Lacson,19142,Region III (Central Luzon),PH2022-078,official,
Pampanga,https://en.wikipedia.org/w/index.php?title=Congressional_canvass_for_the_2022_Philippine_presidential_election&oldid=1353912853,https://www.congress.gov.ph/index.php/media/photojournal/3000,Bongbong Marcos,Marcos,0,1344361,0,1344361,0,494498,0,first,,,Faisal Mangondato,Mangondato,1354,Region III (Central Luzon),PH2022-078,official,
Pampanga,https://en.wikipedia.org/w/index.php?title=Congressional_canvass_for_the_2022_Philippine_presidential_election&oldid=1353912853,https://www.congress.gov.ph/index.php/media/photojournal/3000,Bongbong Marcos,Marcos,0,1344361,0,1344361,0,494498,0,first,,,Ernesto Abella,Abella,1933,Region III (Central Luzon),PH2022-078,official,
Pampanga,https://en.wikipedia.org/w/index.php?title=Congressional_canvass_for_the_2022_Philippine_presidential_election&oldid=1353912853,https://www.congress.gov.ph/index.php/media/photojournal/3000,Bongbong Marcos,Marcos,0,1344361,0,1344361,0,494498,0,first,,,Leody de Guzman,De Guzman,1605,Region III (Central Luzon),PH2022-078,official,
Pampanga,https://en.wikipedia.org/w/index.php?title=Congressional_canvass_for_the_2022_Philippine_presidential_election&oldid=1353912853,https://www.congress.gov.ph/index.php/media/photojournal/3000,Bongbong Marcos,Marcos,0,1344361,0,1344361,0,494498,0,first,,,Norberto Gonzales,Gonzales,2471,Region III (Central Luzon),PH2022-078,official,
Pampanga,https://en.wikipedia.org/w/index.php?title=Congressional_canvass_for_the_2022_Philippine_presidential_election&oldid=1353912853,https://www.congress.gov.ph/index.php/media/photojournal/3000,Bongbong Marcos,Marcos,0,1344361,0,1344361,0,494498,0,first,,,Jose Montemayor Jr.,Montemayor,1156,Region III (Central Luzon),PH2022-078,official,
Pangasinan,https://en.wikipedia.org/w/index.php?title=Congressional_canvass_for_the_2022_Philippine_presidential_election&oldid=1353912853,https://www.congress.gov.ph/index.php/media/photojournal/3000,Bongbong Marcos,Marcos,0,1766979,0,1766979,0,1097972,0,first,,,Bongbong Marcos,Marcos,1378128,Region I (Ilocos Region),PH2022-079,official,
Pangasinan,https://en.wikipedia.org/w/index.php?title=Congressional_canvass_for_the_2022_Philippine_presidential_election&oldid=1353912853,https://www.congress.gov.ph/index.php/media/photojournal/3000,Bongbong Marcos,Marcos,0,1766979,0,1766979,0,1097972,0,first,,,Leni Robredo,Robredo,280156,Region I (Ilocos Region),PH2022-079,official,
Pangasinan,https://en.wikipedia.org/w/index.php?title=Congressional_canvass_for_the_2022_Philippine_presidential_election&oldid=1353912853,https://www.congress.gov.ph/index.php/media/photojournal/3000,Bongbong Marcos,Marcos,0,1766979,0,1766979,0,1097972,0,first,,,Manny Pacquiao,Pacquiao,29341,Region I (Ilocos Region),PH2022-079,official,
Pangasinan,https://en.wikipedia.org/w/index.php?title=Congressional_canvass_for_the_2022_Philippine_presidential_election&oldid=1353912853,https://www.congress.gov.ph/index.php/media/photojournal/3000,Bongbong Marcos,Marcos,0,1766979,0,1766979,0,1097972,0,first,,,Isko Moreno,Moreno,42397,Region I (Ilocos Region),PH2022-079,official,
Pangasinan,https://en.wikipedia.org/w/index.php?title=Congressional_canvass_for_the_2022_Philippine_presidential_election&oldid=1353912853,https://www.congress.gov.ph/index.php/media/photojournal/3000,Bongbong Marcos,Marcos,0,1766979,0,1766979,0,1097972,0,first,,,Panfilo Lacson,Lacson,24013,Region I (Ilocos Region),PH2022-079,official,
Pangasinan,https://en.wikipedia.org/w/index.php?title=Congressional_canvass_for_the_2022_Philippine_presidential_election&oldid=1353912853,https://www.congress.gov.ph/index.php/media/photojournal/3000,Bongbong Marcos,Marcos,0,1766979,0,1766979,0,1097972,0,first,,,Faisal Mangondato,Mangondato,1701,Region I (Ilocos Region),PH2022-079,official,
Pangasinan,https://en.wikipedia.org/w/index.php?title=Congressional_canvass_for_the_2022_Philippine_presidential_election&oldid=1353912853,https://www.congress.gov.ph/index.php/media/photojournal/3000,Bongbong Marcos,Marcos,0,1766979,0,1766979,0,1097972,0,first,,,Ernesto Abella,Abella,3531,Region I (Ilocos Region),PH2022-079,official,
Pangasinan,https://en.wikipedia.org/w/index.php?title=Congressional_canvass_for_the_2022_Philippine_presidential_election&oldid=1353912853,https://www.congress.gov.ph/index.php/media/photojournal/3000,Bongbong Marcos,Marcos,0,1766979,0,1766979,0,1097972,0,first,,,Leody de Guzman,De Guzman,3150,Region I (Ilocos Region),PH2022-079,official,
Pangasinan,https://en.wikipedia.org/w/index.php?title=Congressional_canvass_for_the_2022_Philippine_presidential_election&oldid=1353912853,https://www.congress.gov.ph/index.php/media/photojournal/3000,Bongbong Marcos,Marcos,0,1766979,0,1766979,0,1097972,0,first,,,Norberto Gonzales,Gonzales,2786,Region I (Ilocos Region),PH2022-079,official,
Pangasinan,https://en.wikipedia.org/w/index.php?title=Congressional_canvass_for_the_2022_Philippine_presidential_election&oldid=1353912853,https://www.congress.gov.ph/index.php/media/photojournal/3000,Bongbong Marcos,Marcos,0,1766979,0,1766979,0,1097972,0,first,,,Jose Montemayor Jr.,Montemayor,1776,Region I (Ilocos Region),PH2022-079,official,
Parañaque,https://en.wikipedia.org/w/index.php?title=Congressional_canvass_for_the_2022_Philippine_presidential_election&oldid=1353912853,https://www.congress.gov.ph/index.php/media/photojournal/3000,Bongbong Marcos,Marcos,0,281704,0,281704,0,46922,0,first,,,Bongbong Marcos,Marcos,151638,NCR,PH2022-080,official,
Parañaque,https://en.wikipedia.org/w/index.php?title=Congressional_canvass_for_the_2022_Philippine_presidential_election&oldid=1353912853,https://www.congress.gov.ph/index.php/media/photojournal/3000,Bongbong Marcos,Marcos,0,281704,0,281704,0,46922,0,first,,,Leni Robredo,Robredo,104716,NCR,PH2022-080,official,
Parañaque,https://en.wikipedia.org/w/index.php?title=Congressional_canvass_for_the_2022_Philippine_presidential_election&oldid=1353912853,https://www.congress.gov.ph/index.php/media/photojournal/3000,Bongbong Marcos,Marcos,0,281704,0,281704,0,46922,0,first,,,Manny Pacquiao,Pacquiao,5339,NCR,PH2022-080,official,
Parañaque,https://en.wikipedia.org/w/index.php?title=Congressional_canvass_for_the_2022_Philippine_presidential_election&oldid=1353912853,https://www.congress.gov.ph/index.php/media/photojournal/3000,Bongbong Marcos,Marcos,0,281704,0,281704,0,46922,0,first,,,Isko Moreno,Moreno,11366,NCR,PH2022-080,official,
Parañaque,https://en.wikipedia.org/w/index.php?title=Congressional_canvass_for_the_2022_Philippine_presidential_election&oldid=1353912853,https://www.congress.gov.ph/index.php/media/photojournal/3000,Bongbong Marcos,Marcos,0,281704,0,281704,0,46922,0,first,,,Panfilo Lacson,Lacson,6898,NCR,PH2022-080,official,
Parañaque,https://en.wikipedia.org/w/index.php?title=Congressional_canvass_for_the_2022_Philippine_presidential_election&oldid=1353912853,https://www.congress.gov.ph/index.php/media/photojournal/3000,Bongbong Marcos,Marcos,0,281704,0,281704,0,46922,0,first,,,Faisal Mangondato,Mangondato,551,NCR,PH2022-080,official,
Parañaque,https://en.wikipedia.org/w/index.php?title=Congressional_canvass_for_the_2022_Philippine_presidential_election&oldid=1353912853,https://www.congress.gov.ph/index.php/media/photojournal/3000,Bongbong Marcos,Marcos,0,281704,0,281704,0,46922,0,first,,,Ernesto Abella,Abella,261,NCR,PH2022-080,official,
Parañaque,https://en.wikipedia.org/w/index.php?title=Congressional_canvass_for_the_2022_Philippine_presidential_election&oldid=1353912853,https://www.congress.gov.ph/index.php/media/photojournal/3000,Bongbong Marcos,Marcos,0,281704,0,281704,0,46922,0,first,,,Leody de Guzman,De Guzman,420,NCR,PH2022-080,official,
Parañaque,https://en.wikipedia.org/w/index.php?title=Congressional_canvass_for_the_2022_Philippine_presidential_election&oldid=1353912853,https://www.congress.gov.ph/index.php/media/photojournal/3000,Bongbong Marcos,Marcos,0,281704,0,281704,0,46922,0,first,,,Norberto Gonzales,Gonzales,286,NCR,PH2022-080,official,
Parañaque,https://en.wikipedia.org/w/index.php?title=Congressional_canvass_for_the_2022_Philippine_presidential_election&oldid=1353912853,https://www.congress.gov.ph/index.php/media/photojournal/3000,Bongbong Marcos,Marcos,0,281704,0,281704,0,46922,0,first,,,Jose Montemayor Jr.,Montemayor,229,NCR,PH2022-080,official,
Pasay,https://en.wikipedia.org/w/index.php?title=Congressional_canvass_for_the_2022_Philippine_presidential_election&oldid=1353912853,https://www.congress.gov.ph/index.php/media/photojournal/3000,Bongbong Marcos,Marcos,0,218693,0,218693,0,73022,0,first,,,Bongbong Marcos,Marcos,135852,NCR,PH2022-081,official,
Pasay,https://en.wikipedia.org/w/index.php?title=Congressional_canvass_for_the_2022_Philippine_presidential_election&oldid=1353912853,https://www.congress.gov.ph/index.php/media/photojournal/3000,Bongbong Marcos,Marcos,0,218693,0,218693,0,73022,0,first,,,Leni Robredo,Robredo,62830,NCR,PH2022-081,official,
Pasay,https://en.wikipedia.org/w/index.php?title=Congressional_canvass_for_the_2022_Philippine_presidential_election&oldid=1353912853,https://www.congress.gov.ph/index.php/media/photojournal/3000,Bongbong Marcos,Marcos,0,218693,0,218693,0,73022,0,first,,,Manny Pacquiao,Pacquiao,3264,NCR,PH2022-081,official,
Pasay,https://en.wikipedia.org/w/index.php?title=Congressional_canvass_for_the_2022_Philippine_presidential_election&oldid=1353912853,https://www.congress.gov.ph/index.php/media/photojournal/3000,Bongbong Marcos,Marcos,0,218693,0,218693,0,73022,0,first,,,Isko Moreno,Moreno,10868,NCR,PH2022-081,official,
Pasay,https://en.wikipedia.org/w/index.php?title=Congressional_canvass_for_the_2022_Philippine_presidential_election&oldid=1353912853,https://www.congress.gov.ph/index.php/media/photojournal/3000,Bongbong Marcos,Marcos,0,218693,0,218693,0,73022,0,first,,,Panfilo Lacson,Lacson,4662,NCR,PH2022-081,official,
Pasay,https://en.wikipedia.org/w/index.php?title=Congressional_canvass_for_the_2022_Philippine_presidential_election&oldid=1353912853,https://www.congress.gov.ph/index.php/media/photojournal/3000,Bongbong Marcos,Marcos,0,218693,0,218693,0,73022,0,first,,,Faisal Mangondato,Mangondato,448,NCR,PH2022-081,official,
Pasay,https://en.wikipedia.org/w/index.php?title=Congressional_canvass_for_the_2022_Philippine_presidential_election&oldid=1353912853,https://www.congress.gov.ph/index.php/media/photojournal/3000,Bongbong Marcos,Marcos,0,218693,0,218693,0,73022,0,first,,,Ernesto Abella,Abella,152,NCR,PH2022-081,official,
Pasay,https://en.wikipedia.org/w/index.php?title=Congressional_canvass_for_the_2022_Philippine_presidential_election&oldid=1353912853,https://www.congress.gov.ph/index.php/media/photojournal/3000,Bongbong Marcos,Marcos,0,218693,0,218693,0,73022,0,first,,,Leody de Guzman,De Guzman,303,NCR,PH2022-081,official,
Pasay,https://en.wikipedia.org/w/index.php?title=Congressional_canvass_for_the_2022_Philippine_presidential_election&oldid=1353912853,https://www.congress.gov.ph/index.php/media/photojournal/3000,Bongbong Marcos,Marcos,0,218693,0,218693,0,73022,0,first,,,Norberto Gonzales,Gonzales,196,NCR,PH2022-081,official,
Pasay,https://en.wikipedia.org/w/index.php?title=Congressional_canvass_for_the_2022_Philippine_presidential_election&oldid=1353912853,https://www.congress.gov.ph/index.php/media/photojournal/3000,Bongbong Marcos,Marcos,0,218693,0,218693,0,73022,0,first,,,Jose Montemayor Jr.,Montemayor,118,NCR,PH2022-081,official,
Pasig,https://en.wikipedia.org/w/index.php?title=Congressional_canvass_for_the_2022_Philippine_presidential_election&oldid=1353912853,https://www.congress.gov.ph/index.php/media/photojournal/3000,Bongbong Marcos,Marcos,0,385024,0,385024,0,66358,0,first,,,Bongbong Marcos,Marcos,207399,NCR,PH2022-082,official,
Pasig,https://en.wikipedia.org/w/index.php?title=Congressional_canvass_for_the_2022_Philippine_presidential_election&oldid=1353912853,https://www.congress.gov.ph/index.php/media/photojournal/3000,Bongbong Marcos,Marcos,0,385024,0,385024,0,66358,0,first,,,Leni Robredo,Robredo,141041,NCR,PH2022-082,official,
Pasig,https://en.wikipedia.org/w/index.php?title=Congressional_canvass_for_the_2022_Philippine_presidential_election&oldid=1353912853,https://www.congress.gov.ph/index.php/media/photojournal/3000,Bongbong Marcos,Marcos,0,385024,0,385024,0,66358,0,first,,,Manny Pacquiao,Pacquiao,7261,NCR,PH2022-082,official,
Pasig,https://en.wikipedia.org/w/index.php?title=Congressional_canvass_for_the_2022_Philippine_presidential_election&oldid=1353912853,https://www.congress.gov.ph/index.php/media/photojournal/3000,Bongbong Marcos,Marcos,0,385024,0,385024,0,66358,0,first,,,Isko Moreno,Moreno,14183,NCR,PH2022-082,official,
Pasig,https://en.wikipedia.org/w/index.php?title=Congressional_canvass_for_the_2022_Philippine_presidential_election&oldid=1353912853,https://www.congress.gov.ph/index.php/media/photojournal/3000,Bongbong Marcos,Marcos,0,385024,0,385024,0,66358,0,first,,,Panfilo Lacson,Lacson,12824,NCR,PH2022-082,official,
Pasig,https://en.wikipedia.org/w/index.php?title=Congressional_canvass_for_the_2022_Philippine_presidential_election&oldid=1353912853,https://www.congress.gov.ph/index.php/media/photojournal/3000,Bongbong Marcos,Marcos,0,385024,0,385024,0,66358,0,first,,,Faisal Mangondato,Mangondato,653,NCR,PH2022-082,official,
Pasig,https://en.wikipedia.org/w/index.php?title=Congressional_canvass_for_the_2022_Philippine_presidential_election&oldid=1353912853,https://www.congress.gov.ph/index.php/media/photojournal/3000,Bongbong Marcos,Marcos,0,385024,0,385024,0,66358,0,first,,,Ernesto Abella,Abella,268,NCR,PH2022-082,official,
Pasig,https://en.wikipedia.org/w/index.php?title=Congressional_canvass_for_the_2022_Philippine_presidential_election&oldid=1353912853,https://www.congress.gov.ph/index.php/media/photojournal/3000,Bongbong Marcos,Marcos,0,385024,0,385024,0,66358,0,first,,,Leody de Guzman,De Guzman,756,NCR,PH2022-082,official,
Pasig,https://en.wikipedia.org/w/index.php?title=Congressional_canvass_for_the_2022_Philippine_presidential_election&oldid=1353912853,https://www.congress.gov.ph/index.php/media/photojournal/3000,Bongbong Marcos,Marcos,0,385024,0,385024,0,66358,0,first,,,Norberto Gonzales,Gonzales,358,NCR,PH2022-082,official,
Pasig,https://en.wikipedia.org/w/index.php?title=Congressional_canvass_for_the_2022_Philippine_presidential_election&oldid=1353912853,https://www.congress.gov.ph/index.php/media/photojournal/3000,Bongbong Marcos,Marcos,0,385024,0,385024,0,66358,0,first,,,Jose Montemayor Jr.,Montemayor,281,NCR,PH2022-082,official,
Quezon,https://en.wikipedia.org/w/index.php?title=Congressional_canvass_for_the_2022_Philippine_presidential_election&oldid=1353912853,https://www.congress.gov.ph/index.php/media/photojournal/3000,Leni Robredo,Robredo,0,1181533,0,1181533,0,167580,0,first,,,Bongbong Marcos,Marcos,442393,Region IV-A (CALABARZON),PH2022-083,official,
Quezon,https://en.wikipedia.org/w/index.php?title=Congressional_canvass_for_the_2022_Philippine_presidential_election&oldid=1353912853,https://www.congress.gov.ph/index.php/media/photojournal/3000,Leni Robredo,Robredo,0,1181533,0,1181533,0,167580,0,first,,,Leni Robredo,Robredo,609973,Region IV-A (CALABARZON),PH2022-083,official,
Quezon,https://en.wikipedia.org/w/index.php?title=Congressional_canvass_for_the_2022_Philippine_presidential_election&oldid=1353912853,https://www.congress.gov.ph/index.php/media/photojournal/3000,Leni Robredo,Robredo,0,1181533,0,1181533,0,167580,0,first,,,Manny Pacquiao,Pacquiao,53754,Region IV-A (CALABARZON),PH2022-083,official,
Quezon,https://en.wikipedia.org/w/index.php?title=Congressional_canvass_for_the_2022_Philippine_presidential_election&oldid=1353912853,https://www.congress.gov.ph/index.php/media/photojournal/3000,Leni Robredo,Robredo,0,1181533,0,1181533,0,167580,0,first,,,Isko Moreno,Moreno,40705,Region IV-A (CALABARZON),PH2022-083,official,
Quezon,https://en.wikipedia.org/w/index.php?title=Congressional_canvass_for_the_2022_Philippine_presidential_election&oldid=1353912853,https://www.congress.gov.ph/index.php/media/photojournal/3000,Leni Robredo,Robredo,0,1181533,0,1181533,0,167580,0,first,,,Panfilo Lacson,Lacson,26918,Region IV-A (CALABARZON),PH2022-083,official,
Quezon,https://en.wikipedia.org/w/index.php?title=Congressional_canvass_for_the_2022_Philippine_presidential_election&oldid=1353912853,https://www.congress.gov.ph/index.php/media/photojournal/3000,Leni Robredo,Robredo,0,1181533,0,1181533,0,167580,0,first,,,Faisal Mangondato,Mangondato,786,Region IV-A (CALABARZON),PH2022-083,official,
Quezon,https://en.wikipedia.org/w/index.php?title=Congressional_canvass_for_the_2022_Philippine_presidential_election&oldid=1353912853,https://www.congress.gov.ph/index.php/media/photojournal/3000,Leni Robredo,Robredo,0,1181533,0,1181533,0,167580,0,first,,,Ernesto Abella,Abella,2348,Region IV-A (CALABARZON),PH2022-083,official,
Quezon,https://en.wikipedia.org/w/index.php?title=Congressional_canvass_for_the_2022_Philippine_presidential_election&oldid=1353912853,https://www.congress.gov.ph/index.php/media/photojournal/3000,Leni Robredo,Robredo,0,1181533,0,1181533,0,167580,0,first,,,Leody de Guzman,De Guzman,1982,Region IV-A (CALABARZON),PH2022-083,official,
Quezon,https://en.wikipedia.org/w/index.php?title=Congressional_canvass_for_the_2022_Philippine_presidential_election&oldid=1353912853,https://www.congress.gov.ph/index.php/media/photojournal/3000,Leni Robredo,Robredo,0,1181533,0,1181533,0,167580,0,first,,,Norberto Gonzales,Gonzales,1662,Region IV-A (CALABARZON),PH2022-083,official,
Quezon,https://en.wikipedia.org/w/index.php?title=Congressional_canvass_for_the_2022_Philippine_presidential_election&oldid=1353912853,https://www.congress.gov.ph/index.php/media/photojournal/3000,Leni Robredo,Robredo,0,1181533,0,1181533,0,167580,0,first,,,Jose Montemayor Jr.,Montemayor,1012,Region IV-A (CALABARZON),PH2022-083,official,
Quezon City,https://en.wikipedia.org/w/index.php?title=Congressional_canvass_for_the_2022_Philippine_presidential_election&oldid=1353912853,https://www.congress.gov.ph/index.php/media/photojournal/3000,Bongbong Marcos,Marcos,0,1127512,0,1127512,0,259882,0,first,,,Bongbong Marcos,Marcos,646443,NCR,PH2022-084,official,
Quezon City,https://en.wikipedia.org/w/index.php?title=Congressional_canvass_for_the_2022_Philippine_presidential_election&oldid=1353912853,https://www.congress.gov.ph/index.php/media/photojournal/3000,Bongbong Marcos,Marcos,0,1127512,0,1127512,0,259882,0,first,,,Leni Robredo,Robredo,386561,NCR,PH2022-084,official,
Quezon City,https://en.wikipedia.org/w/index.php?title=Congressional_canvass_for_the_2022_Philippine_presidential_election&oldid=1353912853,https://www.congress.gov.ph/index.php/media/photojournal/3000,Bongbong Marcos,Marcos,0,1127512,0,1127512,0,259882,0,first,,,Manny Pacquiao,Pacquiao,16634,NCR,PH2022-084,official,
Quezon City,https://en.wikipedia.org/w/index.php?title=Congressional_canvass_for_the_2022_Philippine_presidential_election&oldid=1353912853,https://www.congress.gov.ph/index.php/media/photojournal/3000,Bongbong Marcos,Marcos,0,1127512,0,1127512,0,259882,0,first,,,Isko Moreno,Moreno,45776,NCR,PH2022-084,official,
Quezon City,https://en.wikipedia.org/w/index.php?title=Congressional_canvass_for_the_2022_Philippine_presidential_election&oldid=1353912853,https://www.congress.gov.ph/index.php/media/photojournal/3000,Bongbong Marcos,Marcos,0,1127512,0,1127512,0,259882,0,first,,,Panfilo Lacson,Lacson,25909,NCR,PH2022-084,official,
Quezon City,https://en.wikipedia.org/w/index.php?title=Congressional_canvass_for_the_2022_Philippine_presidential_election&oldid=1353912853,https://www.congress.gov.ph/index.php/media/photojournal/3000,Bongbong Marcos,Marcos,0,1127512,0,1127512,0,259882,0,first,,,Faisal Mangondato,Mangondato,1897,NCR,PH2022-084,official,
Quezon City,https://en.wikipedia.org/w/index.php?title=Congressional_canvass_for_the_2022_Philippine_presidential_election&oldid=1353912853,https://www.congress.gov.ph/index.php/media/photojournal/3000,Bongbong Marcos,Marcos,0,1127512,0,1127512,0,259882,0,first,,,Ernesto Abella,Abella,734,NCR,PH2022-084,official,
Quezon City,https://en.wikipedia.org/w/index.php?title=Congressional_canvass_for_the_2022_Philippine_presidential_election&oldid=1353912853,https://www.congress.gov.ph/index.php/media/photojournal/3000,Bongbong Marcos,Marcos,0,1127512,0,1127512,0,259882,0,first,,,Leody de Guzman,De Guzman,1599,NCR,PH2022-084,official,
Quezon City,https://en.wikipedia.org/w/index.php?title=Congressional_canvass_for_the_2022_Philippine_presidential_election&oldid=1353912853,https://www.congress.gov.ph/index.php/media/photojournal/3000,Bongbong Marcos,Marcos,0,1127512,0,1127512,0,259882,0,first,,,Norberto Gonzales,Gonzales,1042,NCR,PH2022-084,official,
Quezon City,https://en.wikipedia.org/w/index.php?title=Congressional_canvass_for_the_2022_Philippine_presidential_election&oldid=1353912853,https://www.congress.gov.ph/index.php/media/photojournal/3000,Bongbong Marcos,Marcos,0,1127512,0,1127512,0,259882,0,first,,,Jose Montemayor Jr.,Montemayor,917,NCR,PH2022-084,official,
Quirino,https://en.wikipedia.org/w/index.php?title=Congressional_canvass_for_the_2022_Philippine_presidential_election&oldid=1353912853,https://www.congress.gov.ph/index.php/media/photojournal/3000,Bongbong Marcos,Marcos,0,102814,0,102814,0,76381,0,first,,,Bongbong Marcos,Marcos,84515,Region II (Cagayan Valley),PH2022-085,official,
Quirino,https://en.wikipedia.org/w/index.php?title=Congressional_canvass_for_the_2022_Philippine_presidential_election&oldid=1353912853,https://www.congress.gov.ph/index.php/media/photojournal/3000,Bongbong Marcos,Marcos,0,102814,0,102814,0,76381,0,first,,,Leni Robredo,Robredo,8134,Region II (Cagayan Valley),PH2022-085,official,
Quirino,https://en.wikipedia.org/w/index.php?title=Congressional_canvass_for_the_2022_Philippine_presidential_election&oldid=1353912853,https://www.congress.gov.ph/index.php/media/photojournal/3000,Bongbong Marcos,Marcos,0,102814,0,102814,0,76381,0,first,,,Manny Pacquiao,Pacquiao,4726,Region II (Cagayan Valley),PH2022-085,official,
Quirino,https://en.wikipedia.org/w/index.php?title=Congressional_canvass_for_the_2022_Philippine_presidential_election&oldid=1353912853,https://www.congress.gov.ph/index.php/media/photojournal/3000,Bongbong Marcos,Marcos,0,102814,0,102814,0,76381,0,first,,,Isko Moreno,Moreno,2545,Region II (Cagayan Valley),PH2022-085,official,
Quirino,https://en.wikipedia.org/w/index.php?title=Congressional_canvass_for_the_2022_Philippine_presidential_election&oldid=1353912853,https://www.congress.gov.ph/index.php/media/photojournal/3000,Bongbong Marcos,Marcos,0,102814,0,102814,0,76381,0,first,,,Panfilo Lacson,Lacson,2093,Region II (Cagayan Valley),PH2022-085,official,
Quirino,https://en.wikipedia.org/w/index.php?title=Congressional_canvass_for_the_2022_Philippine_presidential_election&oldid=1353912853,https://www.congress.gov.ph/index.php/media/photojournal/3000,Bongbong Marcos,Marcos,0,102814,0,102814,0,76381,0,first,,,Faisal Mangondato,Mangondato,77,Region II (Cagayan Valley),PH2022-085,official,
Quirino,https://en.wikipedia.org/w/index.php?title=Congressional_canvass_for_the_2022_Philippine_presidential_election&oldid=1353912853,https://www.congress.gov.ph/index.php/media/photojournal/3000,Bongbong Marcos,Marcos,0,102814,0,102814,0,76381,0,first,,,Ernesto Abella,Abella,169,Region II (Cagayan Valley),PH2022-085,official,
Quirino,https://en.wikipedia.org/w/index.php?title=Congressional_canvass_for_the_2022_Philippine_presidential_election&oldid=1353912853,https://www.congress.gov.ph/index.php/media/photojournal/3000,Bongbong Marcos,Marcos,0,102814,0,102814,0,76381,0,first,,,Leody de Guzman,De Guzman,165,Region II (Cagayan Valley),PH2022-085,official,
Quirino,https://en.wikipedia.org/w/index.php?title=Congressional_canvass_for_the_2022_Philippine_presidential_election&oldid=1353912853,https://www.congress.gov.ph/index.php/media/photojournal/3000,Bongbong Marcos,Marcos,0,102814,0,102814,0,76381,0,first,,,Norberto Gonzales,Gonzales,114,Region II (Cagayan Valley),PH2022-085,official,
Quirino,https://en.wikipedia.org/w/index.php?title=Congressional_canvass_for_the_2022_Philippine_presidential_election&oldid=1353912853,https://www.congress.gov.ph/index.php/media/photojournal/3000,Bongbong Marcos,Marcos,0,102814,0,102814,0,76381,0,first,,,Jose Montemayor Jr.,Montemayor,276,Region II (Cagayan Valley),PH2022-085,official,
Rizal,https://en.wikipedia.org/w/index.php?title=Congressional_canvass_for_the_2022_Philippine_presidential_election&oldid=1353912853,https://www.congress.gov.ph/index.php/media/photojournal/3000,Bongbong Marcos,Marcos,0,1276018,0,1276018,0,394245,0,first,,,Bongbong Marcos,Marcos,765644,Region IV-A (CALABARZON),PH2022-086,official,
Rizal,https://en.wikipedia.org/w/index.php?title=Congressional_canvass_for_the_2022_Philippine_presidential_election&oldid=1353912853,https://www.congress.gov.ph/index.php/media/photojournal/3000,Bongbong Marcos,Marcos,0,1276018,0,1276018,0,394245,0,first,,,Leni Robredo,Robredo,371399,Region IV-A (CALABARZON),PH2022-086,official,
Rizal,https://en.wikipedia.org/w/index.php?title=Congressional_canvass_for_the_2022_Philippine_presidential_election&oldid=1353912853,https://www.congress.gov.ph/index.php/media/photojournal/3000,Bongbong Marcos,Marcos,0,1276018,0,1276018,0,394245,0,first,,,Manny Pacquiao,Pacquiao,32395,Region IV-A (CALABARZON),PH2022-086,official,
Rizal,https://en.wikipedia.org/w/index.php?title=Congressional_canvass_for_the_2022_Philippine_presidential_election&oldid=1353912853,https://www.congress.gov.ph/index.php/media/photojournal/3000,Bongbong Marcos,Marcos,0,1276018,0,1276018,0,394245,0,first,,,Isko Moreno,Moreno,57590,Region IV-A (CALABARZON),PH2022-086,official,
Rizal,https://en.wikipedia.org/w/index.php?title=Congressional_canvass_for_the_2022_Philippine_presidential_election&oldid=1353912853,https://www.congress.gov.ph/index.php/media/photojournal/3000,Bongbong Marcos,Marcos,0,1276018,0,1276018,0,394245,0,first,,,Panfilo Lacson,Lacson,41578,Region IV-A (CALABARZON),PH2022-086,official,
Rizal,https://en.wikipedia.org/w/index.php?title=Congressional_canvass_for_the_2022_Philippine_presidential_election&oldid=1353912853,https://www.congress.gov.ph/index.php/media/photojournal/3000,Bongbong Marcos,Marcos,0,1276018,0,1276018,0,394245,0,first,,,Faisal Mangondato,Mangondato,1454,Region IV-A (CALABARZON),PH2022-086,official,
Rizal,https://en.wikipedia.org/w/index.php?title=Congressional_canvass_for_the_2022_Philippine_presidential_election&oldid=1353912853,https://www.congress.gov.ph/index.php/media/photojournal/3000,Bongbong Marcos,Marcos,0,1276018,0,1276018,0,394245,0,first,,,Ernesto Abella,Abella,1145,Region IV-A (CALABARZON),PH2022-086,official,
Rizal,https://en.wikipedia.org/w/index.php?title=Congressional_canvass_for_the_2022_Philippine_presidential_election&oldid=1353912853,https://www.congress.gov.ph/index.php/media/photojournal/3000,Bongbong Marcos,Marcos,0,1276018,0,1276018,0,394245,0,first,,,Leody de Guzman,De Guzman,2246,Region IV-A (CALABARZON),PH2022-086,official,
Rizal,https://en.wikipedia.org/w/index.php?title=Congressional_canvass_for_the_2022_Philippine_presidential_election&oldid=1353912853,https://www.congress.gov.ph/index.php/media/photojournal/3000,Bongbong Marcos,Marcos,0,1276018,0,1276018,0,394245,0,first,,,Norberto Gonzales,Gonzales,1503,Region IV-A (CALABARZON),PH2022-086,official,
Rizal,https://en.wikipedia.org/w/index.php?title=Congressional_canvass_for_the_2022_Philippine_presidential_election&oldid=1353912853,https://www.congress.gov.ph/index.php/media/photojournal/3000,Bongbong Marcos,Marcos,0,1276018,0,1276018,0,394245,0,first,,,Jose Montemayor Jr.,Montemayor,1064,Region IV-A (CALABARZON),PH2022-086,official,
Romblon,https://en.wikipedia.org/w/index.php?title=Congressional_canvass_for_the_2022_Philippine_presidential_election&oldid=1353912853,https://www.congress.gov.ph/index.php/media/photojournal/3000,Bongbong Marcos,Marcos,0,166480,0,166480,0,5985,0,first,,,Bongbong Marcos,Marcos,71127,Region IV-B (MIMAROPA),PH2022-087,official,
Romblon,https://en.wikipedia.org/w/index.php?title=Congressional_canvass_for_the_2022_Philippine_presidential_election&oldid=1353912853,https://www.congress.gov.ph/index.php/media/photojournal/3000,Bongbong Marcos,Marcos,0,166480,0,166480,0,5985,0,first,,,Leni Robredo,Robredo,65142,Region IV-B (MIMAROPA),PH2022-087,official,
Romblon,https://en.wikipedia.org/w/index.php?title=Congressional_canvass_for_the_2022_Philippine_presidential_election&oldid=1353912853,https://www.congress.gov.ph/index.php/media/photojournal/3000,Bongbong Marcos,Marcos,0,166480,0,166480,0,5985,0,first,,,Manny Pacquiao,Pacquiao,12445,Region IV-B (MIMAROPA),PH2022-087,official,
Romblon,https://en.wikipedia.org/w/index.php?title=Congressional_canvass_for_the_2022_Philippine_presidential_election&oldid=1353912853,https://www.congress.gov.ph/index.php/media/photojournal/3000,Bongbong Marcos,Marcos,0,166480,0,166480,0,5985,0,first,,,Isko Moreno,Moreno,10895,Region IV-B (MIMAROPA),PH2022-087,official,
Romblon,https://en.wikipedia.org/w/index.php?title=Congressional_canvass_for_the_2022_Philippine_presidential_election&oldid=1353912853,https://www.congress.gov.ph/index.php/media/photojournal/3000,Bongbong Marcos,Marcos,0,166480,0,166480,0,5985,0,first,,,Panfilo Lacson,Lacson,5511,Region IV-B (MIMAROPA),PH2022-087,official,
Romblon,https://en.wikipedia.org/w/index.php?title=Congressional_canvass_for_the_2022_Philippine_presidential_election&oldid=1353912853,https://www.congress.gov.ph/index.php/media/photojournal/3000,Bongbong Marcos,Marcos,0,166480,0,166480,0,5985,0,first,,,Faisal Mangondato,Mangondato,109,Region IV-B (MIMAROPA),PH2022-087,official,
Romblon,https://en.wikipedia.org/w/index.php?title=Congressional_canvass_for_the_2022_Philippine_presidential_election&oldid=1353912853,https://www.congress.gov.ph/index.php/media/photojournal/3000,Bongbong Marcos,Marcos,0,166480,0,166480,0,5985,0,first,,,Ernesto Abella,Abella,374,Region IV-B (MIMAROPA),PH2022-087,official,
Romblon,https://en.wikipedia.org/w/index.php?title=Congressional_canvass_for_the_2022_Philippine_presidential_election&oldid=1353912853,https://www.congress.gov.ph/index.php/media/photojournal/3000,Bongbong Marcos,Marcos,0,166480,0,166480,0,5985,0,first,,,Leody de Guzman,De Guzman,274,Region IV-B (MIMAROPA),PH2022-087,official,
Romblon,https://en.wikipedia.org/w/index.php?title=Congressional_canvass_for_the_2022_Philippine_presidential_election&oldid=1353912853,https://www.congress.gov.ph/index.php/media/photojournal/3000,Bongbong Marcos,Marcos,0,166480,0,166480,0,5985,0,first,,,Norberto Gonzales,Gonzales,256,Region IV-B (MIMAROPA),PH2022-087,official,
Romblon,https://en.wikipedia.org/w/index.php?title=Congressional_canvass_for_the_2022_Philippine_presidential_election&oldid=1353912853,https://www.congress.gov.ph/index.php/media/photojournal/3000,Bongbong Marcos,Marcos,0,166480,0,166480,0,5985,0,first,,,Jose Montemayor Jr.,Montemayor,347,Region IV-B (MIMAROPA),PH2022-087,official,
Samar,https://en.wikipedia.org/w/index.php?title=Congressional_canvass_for_the_2022_Philippine_presidential_election&oldid=1353912853,https://www.congress.gov.ph/index.php/media/photojournal/3000,Bongbong Marcos,Marcos,0,481344,0,481344,0,159856,0,first,,,Bongbong Marcos,Marcos,286876,Region VIII (Eastern Visayas),PH2022-088,official,
Samar,https://en.wikipedia.org/w/index.php?title=Congressional_canvass_for_the_2022_Philippine_presidential_election&oldid=1353912853,https://www.congress.gov.ph/index.php/media/photojournal/3000,Bongbong Marcos,Marcos,0,481344,0,481344,0,159856,0,first,,,Leni Robredo,Robredo,127020,Region VIII (Eastern Visayas),PH2022-088,official,
Samar,https://en.wikipedia.org/w/index.php?title=Congressional_canvass_for_the_2022_Philippine_presidential_election&oldid=1353912853,https://www.congress.gov.ph/index.php/media/photojournal/3000,Bongbong Marcos,Marcos,0,481344,0,481344,0,159856,0,first,,,Manny Pacquiao,Pacquiao,49446,Region VIII (Eastern Visayas),PH2022-088,official,
Samar,https://en.wikipedia.org/w/index.php?title=Congressional_canvass_for_the_2022_Philippine_presidential_election&oldid=1353912853,https://www.congress.gov.ph/index.php/media/photojournal/3000,Bongbong Marcos,Marcos,0,481344,0,481344,0,159856,0,first,,,Isko Moreno,Moreno,9980,Region VIII (Eastern Visayas),PH2022-088,official,
Samar,https://en.wikipedia.org/w/index.php?title=Congressional_canvass_for_the_2022_Philippine_presidential_election&oldid=1353912853,https://www.congress.gov.ph/index.php/media/photojournal/3000,Bongbong Marcos,Marcos,0,481344,0,481344,0,159856,0,first,,,Panfilo Lacson,Lacson,3884,Region VIII (Eastern Visayas),PH2022-088,official,
Samar,https://en.wikipedia.org/w/index.php?title=Congressional_canvass_for_the_2022_Philippine_presidential_election&oldid=1353912853,https://www.congress.gov.ph/index.php/media/photojournal/3000,Bongbong Marcos,Marcos,0,481344,0,481344,0,159856,0,first,,,Faisal Mangondato,Mangondato,388,Region VIII (Eastern Visayas),PH2022-088,official,
Samar,https://en.wikipedia.org/w/index.php?title=Congressional_canvass_for_the_2022_Philippine_presidential_election&oldid=1353912853,https://www.congress.gov.ph/index.php/media/photojournal/3000,Bongbong Marcos,Marcos,0,481344,0,481344,0,159856,0,first,,,Ernesto Abella,Abella,1726,Region VIII (Eastern Visayas),PH2022-088,official,
Samar,https://en.wikipedia.org/w/index.php?title=Congressional_canvass_for_the_2022_Philippine_presidential_election&oldid=1353912853,https://www.congress.gov.ph/index.php/media/photojournal/3000,Bongbong Marcos,Marcos,0,481344,0,481344,0,159856,0,first,,,Leody de Guzman,De Guzman,604,Region VIII (Eastern Visayas),PH2022-088,official,
Samar,https://en.wikipedia.org/w/index.php?title=Congressional_canvass_for_the_2022_Philippine_presidential_election&oldid=1353912853,https://www.congress.gov.ph/index.php/media/photojournal/3000,Bongbong Marcos,Marcos,0,481344,0,481344,0,159856,0,first,,,Norberto Gonzales,Gonzales,949,Region VIII (Eastern Visayas),PH2022-088,official,
Samar,https://en.wikipedia.org/w/index.php?title=Congressional_canvass_for_the_2022_Philippine_presidential_election&oldid=1353912853,https://www.congress.gov.ph/index.php/media/photojournal/3000,Bongbong Marcos,Marcos,0,481344,0,481344,0,159856,0,first,,,Jose Montemayor Jr.,Montemayor,471,Region VIII (Eastern Visayas),PH2022-088,official,
San Juan,https://en.wikipedia.org/w/index.php?title=Congressional_canvass_for_the_2022_Philippine_presidential_election&oldid=1353912853,https://www.congress.gov.ph/index.php/media/photojournal/3000,Bongbong Marcos,Marcos,0,80363,0,80363,0,12244,0,first,,,Bongbong Marcos,Marcos,42636,NCR,PH2022-089,official,
San Juan,https://en.wikipedia.org/w/index.php?title=Congressional_canvass_for_the_2022_Philippine_presidential_election&oldid=1353912853,https://www.congress.gov.ph/index.php/media/photojournal/3000,Bongbong Marcos,Marcos,0,80363,0,80363,0,12244,0,first,,,Leni Robredo,Robredo,30392,NCR,PH2022-089,official,
San Juan,https://en.wikipedia.org/w/index.php?title=Congressional_canvass_for_the_2022_Philippine_presidential_election&oldid=1353912853,https://www.congress.gov.ph/index.php/media/photojournal/3000,Bongbong Marcos,Marcos,0,80363,0,80363,0,12244,0,first,,,Manny Pacquiao,Pacquiao,1201,NCR,PH2022-089,official,
San Juan,https://en.wikipedia.org/w/index.php?title=Congressional_canvass_for_the_2022_Philippine_presidential_election&oldid=1353912853,https://www.congress.gov.ph/index.php/media/photojournal/3000,Bongbong Marcos,Marcos,0,80363,0,80363,0,12244,0,first,,,Isko Moreno,Moreno,3069,NCR,PH2022-089,official,
San Juan,https://en.wikipedia.org/w/index.php?title=Congressional_canvass_for_the_2022_Philippine_presidential_election&oldid=1353912853,https://www.congress.gov.ph/index.php/media/photojournal/3000,Bongbong Marcos,Marcos,0,80363,0,80363,0,12244,0,first,,,Panfilo Lacson,Lacson,2511,NCR,PH2022-089,official,
San Juan,https://en.wikipedia.org/w/index.php?title=Congressional_canvass_for_the_2022_Philippine_presidential_election&oldid=1353912853,https://www.congress.gov.ph/index.php/media/photojournal/3000,Bongbong Marcos,Marcos,0,80363,0,80363,0,12244,0,first,,,Faisal Mangondato,Mangondato,262,NCR,PH2022-089,official,
San Juan,https://en.wikipedia.org/w/index.php?title=Congressional_canvass_for_the_2022_Philippine_presidential_election&oldid=1353912853,https://www.congress.gov.ph/index.php/media/photojournal/3000,Bongbong Marcos,Marcos,0,80363,0,80363,0,12244,0,first,,,Ernesto Abella,Abella,60,NCR,PH2022-089,official,
San Juan,https://en.wikipedia.org/w/index.php?title=Congressional_canvass_for_the_2022_Philippine_presidential_election&oldid=1353912853,https://www.congress.gov.ph/index.php/media/photojournal/3000,Bongbong Marcos,Marcos,0,80363,0,80363,0,12244,0,first,,,Leody de Guzman,De Guzman,122,NCR,PH2022-089,official,
San Juan,https://en.wikipedia.org/w/index.php?title=Congressional_canvass_for_the_2022_Philippine_presidential_election&oldid=1353912853,https://www.congress.gov.ph/index.php/media/photojournal/3000,Bongbong Marcos,Marcos,0,80363,0,80363,0,12244,0,first,,,Norberto Gonzales,Gonzales,61,NCR,PH2022-089,official,
San Juan,https://en.wikipedia.org/w/index.php?title=Congressional_canvass_for_the_2022_Philippine_presidential_election&oldid=1353912853,https://www.congress.gov.ph/index.php/media/photojournal/3000,Bongbong Marcos,Marcos,0,80363,0,80363,0,12244,0,first,,,Jose Montemayor Jr.,Montemayor,49,NCR,PH2022-089,official,
Sarangani,https://en.wikipedia.org/w/index.php?title=Congressional_canvass_for_the_2022_Philippine_presidential_election&oldid=1353912853,https://www.congress.gov.ph/index.php/media/photojournal/3000,Manny Pacquiao,Pacquiao,0,263636,0,263636,0,84132,0,first,,,Bongbong Marcos,Marcos,79362,Region XII (SOCCSKSARGEN),PH2022-090,official,
Sarangani,https://en.wikipedia.org/w/index.php?title=Congressional_canvass_for_the_2022_Philippine_presidential_election&oldid=1353912853,https://www.congress.gov.ph/index.php/media/photojournal/3000,Manny Pacquiao,Pacquiao,0,263636,0,263636,0,84132,0,first,,,Leni Robredo,Robredo,13782,Region XII (SOCCSKSARGEN),PH2022-090,official,
Sarangani,https://en.wikipedia.org/w/index.php?title=Congressional_canvass_for_the_2022_Philippine_presidential_election&oldid=1353912853,https://www.congress.gov.ph/index.php/media/photojournal/3000,Manny Pacquiao,Pacquiao,0,263636,0,263636,0,84132,0,first,,,Manny Pacquiao,Pacquiao,163494,Region XII (SOCCSKSARGEN),PH2022-090,official,
Sarangani,https://en.wikipedia.org/w/index.php?title=Congressional_canvass_for_the_2022_Philippine_presidential_election&oldid=1353912853,https://www.congress.gov.ph/index.php/media/photojournal/3000,Manny Pacquiao,Pacquiao,0,263636,0,263636,0,84132,0,first,,,Isko Moreno,Moreno,2154,Region XII (SOCCSKSARGEN),PH2022-090,official,
Sarangani,https://en.wikipedia.org/w/index.php?title=Congressional_canvass_for_the_2022_Philippine_presidential_election&oldid=1353912853,https://www.congress.gov.ph/index.php/media/photojournal/3000,Manny Pacquiao,Pacquiao,0,263636,0,263636,0,84132,0,first,,,Panfilo Lacson,Lacson,1154,Region XII (SOCCSKSARGEN),PH2022-090,official,
Sarangani,https://en.wikipedia.org/w/index.php?title=Congressional_canvass_for_the_2022_Philippine_presidential_election&oldid=1353912853,https://www.congress.gov.ph/index.php/media/photojournal/3000,Manny Pacquiao,Pacquiao,0,263636,0,263636,0,84132,0,first,,,Faisal Mangondato,Mangondato,1374,Region XII (SOCCSKSARGEN),PH2022-090,official,
Sarangani,https://en.wikipedia.org/w/index.php?title=Congressional_canvass_for_the_2022_Philippine_presidential_election&oldid=1353912853,https://www.congress.gov.ph/index.php/media/photojournal/3000,Manny Pacquiao,Pacquiao,0,263636,0,263636,0,84132,0,first,,,Ernesto Abella,Abella,744,Region XII (SOCCSKSARGEN),PH2022-090,official,
Sarangani,https://en.wikipedia.org/w/index.php?title=Congressional_canvass_for_the_2022_Philippine_presidential_election&oldid=1353912853,https://www.congress.gov.ph/index.php/media/photojournal/3000,Manny Pacquiao,Pacquiao,0,263636,0,263636,0,84132,0,first,,,Leody de Guzman,De Guzman,394,Region XII (SOCCSKSARGEN),PH2022-090,official,
Sarangani,https://en.wikipedia.org/w/index.php?title=Congressional_canvass_for_the_2022_Philippine_presidential_election&oldid=1353912853,https://www.congress.gov.ph/index.php/media/photojournal/3000,Manny Pacquiao,Pacquiao,0,263636,0,263636,0,84132,0,first,,,Norberto Gonzales,Gonzales,510,Region XII (SOCCSKSARGEN),PH2022-090,official,
Sarangani,https://en.wikipedia.org/w/index.php?title=Congressional_canvass_for_the_2022_Philippine_presidential_election&oldid=1353912853,https://www.congress.gov.ph/index.php/media/photojournal/3000,Manny Pacquiao,Pacquiao,0,263636,0,263636,0,84132,0,first,,,Jose Montemayor Jr.,Montemayor,668,Region XII (SOCCSKSARGEN),PH2022-090,official,
Siquijor,https://en.wikipedia.org/w/index.php?title=Congressional_canvass_for_the_2022_Philippine_presidential_election&oldid=1353912853,https://www.congress.gov.ph/index.php/media/photojournal/3000,Bongbong Marcos,Marcos,0,61850,0,61850,0,13659,0,first,,,Bongbong Marcos,Marcos,31412,Region VII (Central Visayas),PH2022-091,official,
Siquijor,https://en.wikipedia.org/w/index.php?title=Congressional_canvass_for_the_2022_Philippine_presidential_election&oldid=1353912853,https://www.congress.gov.ph/index.php/media/photojournal/3000,Bongbong Marcos,Marcos,0,61850,0,61850,0,13659,0,first,,,Leni Robredo,Robredo,17753,Region VII (Central Visayas),PH2022-091,official,
Siquijor,https://en.wikipedia.org/w/index.php?title=Congressional_canvass_for_the_2022_Philippine_presidential_election&oldid=1353912853,https://www.congress.gov.ph/index.php/media/photojournal/3000,Bongbong Marcos,Marcos,0,61850,0,61850,0,13659,0,first,,,Manny Pacquiao,Pacquiao,8224,Region VII (Central Visayas),PH2022-091,official,
Siquijor,https://en.wikipedia.org/w/index.php?title=Congressional_canvass_for_the_2022_Philippine_presidential_election&oldid=1353912853,https://www.congress.gov.ph/index.php/media/photojournal/3000,Bongbong Marcos,Marcos,0,61850,0,61850,0,13659,0,first,,,Isko Moreno,Moreno,2658,Region VII (Central Visayas),PH2022-091,official,
Siquijor,https://en.wikipedia.org/w/index.php?title=Congressional_canvass_for_the_2022_Philippine_presidential_election&oldid=1353912853,https://www.congress.gov.ph/index.php/media/photojournal/3000,Bongbong Marcos,Marcos,0,61850,0,61850,0,13659,0,first,,,Panfilo Lacson,Lacson,1040,Region VII (Central Visayas),PH2022-091,official,
Siquijor,https://en.wikipedia.org/w/index.php?title=Congressional_canvass_for_the_2022_Philippine_presidential_election&oldid=1353912853,https://www.congress.gov.ph/index.php/media/photojournal/3000,Bongbong Marcos,Marcos,0,61850,0,61850,0,13659,0,first,,,Faisal Mangondato,Mangondato,55,Region VII (Central Visayas),PH2022-091,official,
Siquijor,https://en.wikipedia.org/w/index.php?title=Congressional_canvass_for_the_2022_Philippine_presidential_election&oldid=1353912853,https://www.congress.gov.ph/index.php/media/photojournal/3000,Bongbong Marcos,Marcos,0,61850,0,61850,0,13659,0,first,,,Ernesto Abella,Abella,191,Region VII (Central Visayas),PH2022-091,official,
Siquijor,https://en.wikipedia.org/w/index.php?title=Congressional_canvass_for_the_2022_Philippine_presidential_election&oldid=1353912853,https://www.congress.gov.ph/index.php/media/photojournal/3000,Bongbong Marcos,Marcos,0,61850,0,61850,0,13659,0,first,,,Leody de Guzman,De Guzman,164,Region VII (Central Visayas),PH2022-091,official,
Siquijor,https://en.wikipedia.org/w/index.php?title=Congressional_canvass_for_the_2022_Philippine_presidential_election&oldid=1353912853,https://www.congress.gov.ph/index.php/media/photojournal/3000,Bongbong Marcos,Marcos,0,61850,0,61850,0,13659,0,first,,,Norberto Gonzales,Gonzales,120,Region VII (Central Visayas),PH2022-091,official,
Siquijor,https://en.wikipedia.org/w/index.php?title=Congressional_canvass_for_the_2022_Philippine_presidential_election&oldid=1353912853,https://www.congress.gov.ph/index.php/media/photojournal/3000,Bongbong Marcos,Marcos,0,61850,0,61850,0,13659,0,first,,,Jose Montemayor Jr.,Montemayor,233,Region VII (Central Visayas),PH2022-091,official,
Sorsogon,https://en.wikipedia.org/w/index.php?title=Congressional_canvass_for_the_2022_Philippine_presidential_election&oldid=1353912853,https://www.congress.gov.ph/index.php/media/photojournal/3000,Leni Robredo,Robredo,0,450287,0,450287,0,243091,0,first,,,Bongbong Marcos,Marcos,90523,Region V (Bicol Region),PH2022-092,official,
Sorsogon,https://en.wikipedia.org/w/index.php?title=Congressional_canvass_for_the_2022_Philippine_presidential_election&oldid=1353912853,https://www.congress.gov.ph/index.php/media/photojournal/3000,Leni Robredo,Robredo,0,450287,0,450287,0,243091,0,first,,,Leni Robredo,Robredo,333614,Region V (Bicol Region),PH2022-092,official,
Sorsogon,https://en.wikipedia.org/w/index.php?title=Congressional_canvass_for_the_2022_Philippine_presidential_election&oldid=1353912853,https://www.congress.gov.ph/index.php/media/photojournal/3000,Leni Robredo,Robredo,0,450287,0,450287,0,243091,0,first,,,Manny Pacquiao,Pacquiao,9986,Region V (Bicol Region),PH2022-092,official,
Sorsogon,https://en.wikipedia.org/w/index.php?title=Congressional_canvass_for_the_2022_Philippine_presidential_election&oldid=1353912853,https://www.congress.gov.ph/index.php/media/photojournal/3000,Leni Robredo,Robredo,0,450287,0,450287,0,243091,0,first,,,Isko Moreno,Moreno,6849,Region V (Bicol Region),PH2022-092,official,
Sorsogon,https://en.wikipedia.org/w/index.php?title=Congressional_canvass_for_the_2022_Philippine_presidential_election&oldid=1353912853,https://www.congress.gov.ph/index.php/media/photojournal/3000,Leni Robredo,Robredo,0,450287,0,450287,0,243091,0,first,,,Panfilo Lacson,Lacson,4153,Region V (Bicol Region),PH2022-092,official,
Sorsogon,https://en.wikipedia.org/w/index.php?title=Congressional_canvass_for_the_2022_Philippine_presidential_election&oldid=1353912853,https://www.congress.gov.ph/index.php/media/photojournal/3000,Leni Robredo,Robredo,0,450287,0,450287,0,243091,0,first,,,Faisal Mangondato,Mangondato,486,Region V (Bicol Region),PH2022-092,official,
Sorsogon,https://en.wikipedia.org/w/index.php?title=Congressional_canvass_for_the_2022_Philippine_presidential_election&oldid=1353912853,https://www.congress.gov.ph/index.php/media/photojournal/3000,Leni Robredo,Robredo,0,450287,0,450287,0,243091,0,first,,,Ernesto Abella,Abella,1619,Region V (Bicol Region),PH2022-092,official,
Sorsogon,https://en.wikipedia.org/w/index.php?title=Congressional_canvass_for_the_2022_Philippine_presidential_election&oldid=1353912853,https://www.congress.gov.ph/index.php/media/photojournal/3000,Leni Robredo,Robredo,0,450287,0,450287,0,243091,0,first,,,Leody de Guzman,De Guzman,1381,Region V (Bicol Region),PH2022-092,official,
Sorsogon,https://en.wikipedia.org/w/index.php?title=Congressional_canvass_for_the_2022_Philippine_presidential_election&oldid=1353912853,https://www.congress.gov.ph/index.php/media/photojournal/3000,Leni Robredo,Robredo,0,450287,0,450287,0,243091,0,first,,,Norberto Gonzales,Gonzales,1073,Region V (Bicol Region),PH2022-092,official,
Sorsogon,https://en.wikipedia.org/w/index.php?title=Congressional_canvass_for_the_2022_Philippine_presidential_election&oldid=1353912853,https://www.congress.gov.ph/index.php/media/photojournal/3000,Leni Robredo,Robredo,0,450287,0,450287,0,243091,0,first,,,Jose Montemayor Jr.,Montemayor,603,Region V (Bicol Region),PH2022-092,official,
South Cotabato,https://en.wikipedia.org/w/index.php?title=Congressional_canvass_for_the_2022_Philippine_presidential_election&oldid=1353912853,https://www.congress.gov.ph/index.php/media/photojournal/3000,Bongbong Marcos,Marcos,0,491462,0,491462,0,244210,0,first,,,Bongbong Marcos,Marcos,323846,Region XII (SOCCSKSARGEN),PH2022-093,official,
South Cotabato,https://en.wikipedia.org/w/index.php?title=Congressional_canvass_for_the_2022_Philippine_presidential_election&oldid=1353912853,https://www.congress.gov.ph/index.php/media/photojournal/3000,Bongbong Marcos,Marcos,0,491462,0,491462,0,244210,0,first,,,Leni Robredo,Robredo,67139,Region XII (SOCCSKSARGEN),PH2022-093,official,
South Cotabato,https://en.wikipedia.org/w/index.php?title=Congressional_canvass_for_the_2022_Philippine_presidential_election&oldid=1353912853,https://www.congress.gov.ph/index.php/media/photojournal/3000,Bongbong Marcos,Marcos,0,491462,0,491462,0,244210,0,first,,,Manny Pacquiao,Pacquiao,79636,Region XII (SOCCSKSARGEN),PH2022-093,official,
South Cotabato,https://en.wikipedia.org/w/index.php?title=Congressional_canvass_for_the_2022_Philippine_presidential_election&oldid=1353912853,https://www.congress.gov.ph/index.php/media/photojournal/3000,Bongbong Marcos,Marcos,0,491462,0,491462,0,244210,0,first,,,Isko Moreno,Moreno,9361,Region XII (SOCCSKSARGEN),PH2022-093,official,
South Cotabato,https://en.wikipedia.org/w/index.php?title=Congressional_canvass_for_the_2022_Philippine_presidential_election&oldid=1353912853,https://www.congress.gov.ph/index.php/media/photojournal/3000,Bongbong Marcos,Marcos,0,491462,0,491462,0,244210,0,first,,,Panfilo Lacson,Lacson,6450,Region XII (SOCCSKSARGEN),PH2022-093,official,
South Cotabato,https://en.wikipedia.org/w/index.php?title=Congressional_canvass_for_the_2022_Philippine_presidential_election&oldid=1353912853,https://www.congress.gov.ph/index.php/media/photojournal/3000,Bongbong Marcos,Marcos,0,491462,0,491462,0,244210,0,first,,,Faisal Mangondato,Mangondato,1260,Region XII (SOCCSKSARGEN),PH2022-093,official,
South Cotabato,https://en.wikipedia.org/w/index.php?title=Congressional_canvass_for_the_2022_Philippine_presidential_election&oldid=1353912853,https://www.congress.gov.ph/index.php/media/photojournal/3000,Bongbong Marcos,Marcos,0,491462,0,491462,0,244210,0,first,,,Ernesto Abella,Abella,1082,Region XII (SOCCSKSARGEN),PH2022-093,official,
South Cotabato,https://en.wikipedia.org/w/index.php?title=Congressional_canvass_for_the_2022_Philippine_presidential_election&oldid=1353912853,https://www.congress.gov.ph/index.php/media/photojournal/3000,Bongbong Marcos,Marcos,0,491462,0,491462,0,244210,0,first,,,Leody de Guzman,De Guzman,973,Region XII (SOCCSKSARGEN),PH2022-093,official,
South Cotabato,https://en.wikipedia.org/w/index.php?title=Congressional_canvass_for_the_2022_Philippine_presidential_election&oldid=1353912853,https://www.congress.gov.ph/index.php/media/photojournal/3000,Bongbong Marcos,Marcos,0,491462,0,491462,0,244210,0,first,,,Norberto Gonzales,Gonzales,1040,Region XII (SOCCSKSARGEN),PH2022-093,official,
South Cotabato,https://en.wikipedia.org/w/index.php?title=Congressional_canvass_for_the_2022_Philippine_presidential_election&oldid=1353912853,https://www.congress.gov.ph/index.php/media/photojournal/3000,Bongbong Marcos,Marcos,0,491462,0,491462,0,244210,0,first,,,Jose Montemayor Jr.,Montemayor,675,Region XII (SOCCSKSARGEN),PH2022-093,official,
Southern Leyte,https://en.wikipedia.org/w/index.php?title=Congressional_canvass_for_the_2022_Philippine_presidential_election&oldid=1353912853,https://www.congress.gov.ph/index.php/media/photojournal/3000,Bongbong Marcos,Marcos,0,236738,0,236738,0,123410,0,first,,,Bongbong Marcos,Marcos,157970,Region VIII (Eastern Visayas),PH2022-094,official,
Southern Leyte,https://en.wikipedia.org/w/index.php?title=Congressional_canvass_for_the_2022_Philippine_presidential_election&oldid=1353912853,https://www.congress.gov.ph/index.php/media/photojournal/3000,Bongbong Marcos,Marcos,0,236738,0,236738,0,123410,0,first,,,Leni Robredo,Robredo,34560,Region VIII (Eastern Visayas),PH2022-094,official,
Southern Leyte,https://en.wikipedia.org/w/index.php?title=Congressional_canvass_for_the_2022_Philippine_presidential_election&oldid=1353912853,https://www.congress.gov.ph/index.php/media/photojournal/3000,Bongbong Marcos,Marcos,0,236738,0,236738,0,123410,0,first,,,Manny Pacquiao,Pacquiao,21598,Region VIII (Eastern Visayas),PH2022-094,official,
Southern Leyte,https://en.wikipedia.org/w/index.php?title=Congressional_canvass_for_the_2022_Philippine_presidential_election&oldid=1353912853,https://www.congress.gov.ph/index.php/media/photojournal/3000,Bongbong Marcos,Marcos,0,236738,0,236738,0,123410,0,first,,,Isko Moreno,Moreno,18651,Region VIII (Eastern Visayas),PH2022-094,official,
Southern Leyte,https://en.wikipedia.org/w/index.php?title=Congressional_canvass_for_the_2022_Philippine_presidential_election&oldid=1353912853,https://www.congress.gov.ph/index.php/media/photojournal/3000,Bongbong Marcos,Marcos,0,236738,0,236738,0,123410,0,first,,,Panfilo Lacson,Lacson,2009,Region VIII (Eastern Visayas),PH2022-094,official,
Southern Leyte,https://en.wikipedia.org/w/index.php?title=Congressional_canvass_for_the_2022_Philippine_presidential_election&oldid=1353912853,https://www.congress.gov.ph/index.php/media/photojournal/3000,Bongbong Marcos,Marcos,0,236738,0,236738,0,123410,0,first,,,Faisal Mangondato,Mangondato,269,Region VIII (Eastern Visayas),PH2022-094,official,
Southern Leyte,https://en.wikipedia.org/w/index.php?title=Congressional_canvass_for_the_2022_Philippine_presidential_election&oldid=1353912853,https://www.congress.gov.ph/index.php/media/photojournal/3000,Bongbong Marcos,Marcos,0,236738,0,236738,0,123410,0,first,,,Ernesto Abella,Abella,515,Region VIII (Eastern Visayas),PH2022-094,official,
Southern Leyte,https://en.wikipedia.org/w/index.php?title=Congressional_canvass_for_the_2022_Philippine_presidential_election&oldid=1353912853,https://www.congress.gov.ph/index.php/media/photojournal/3000,Bongbong Marcos,Marcos,0,236738,0,236738,0,123410,0,first,,,Leody de Guzman,De Guzman,432,Region VIII (Eastern Visayas),PH2022-094,official,
Southern Leyte,https://en.wikipedia.org/w/index.php?title=Congressional_canvass_for_the_2022_Philippine_presidential_election&oldid=1353912853,https://www.congress.gov.ph/index.php/media/photojournal/3000,Bongbong Marcos,Marcos,0,236738,0,236738,0,123410,0,first,,,Norberto Gonzales,Gonzales,437,Region VIII (Eastern Visayas),PH2022-094,official,
Southern Leyte,https://en.wikipedia.org/w/index.php?title=Congressional_canvass_for_the_2022_Philippine_presidential_election&oldid=1353912853,https://www.congress.gov.ph/index.php/media/photojournal/3000,Bongbong Marcos,Marcos,0,236738,0,236738,0,123410,0,first,,,Jose Montemayor Jr.,Montemayor,297,Region VIII (Eastern Visayas),PH2022-094,official,
Sultan Kudarat,https://en.wikipedia.org/w/index.php?title=Congressional_canvass_for_the_2022_Philippine_presidential_election&oldid=1353912853,https://www.congress.gov.ph/index.php/media/photojournal/3000,Bongbong Marcos,Marcos,0,371891,0,371891,0,188717,0,first,,,Bongbong Marcos,Marcos,253700,Region XII (SOCCSKSARGEN),PH2022-095,official,
Sultan Kudarat,https://en.wikipedia.org/w/index.php?title=Congressional_canvass_for_the_2022_Philippine_presidential_election&oldid=1353912853,https://www.congress.gov.ph/index.php/media/photojournal/3000,Bongbong Marcos,Marcos,0,371891,0,371891,0,188717,0,first,,,Leni Robredo,Robredo,64983,Region XII (SOCCSKSARGEN),PH2022-095,official,
Sultan Kudarat,https://en.wikipedia.org/w/index.php?title=Congressional_canvass_for_the_2022_Philippine_presidential_election&oldid=1353912853,https://www.congress.gov.ph/index.php/media/photojournal/3000,Bongbong Marcos,Marcos,0,371891,0,371891,0,188717,0,first,,,Manny Pacquiao,Pacquiao,31803,Region XII (SOCCSKSARGEN),PH2022-095,official,
Sultan Kudarat,https://en.wikipedia.org/w/index.php?title=Congressional_canvass_for_the_2022_Philippine_presidential_election&oldid=1353912853,https://www.congress.gov.ph/index.php/media/photojournal/3000,Bongbong Marcos,Marcos,0,371891,0,371891,0,188717,0,first,,,Isko Moreno,Moreno,10522,Region XII (SOCCSKSARGEN),PH2022-095,official,
Sultan Kudarat,https://en.wikipedia.org/w/index.php?title=Congressional_canvass_for_the_2022_Philippine_presidential_election&oldid=1353912853,https://www.congress.gov.ph/index.php/media/photojournal/3000,Bongbong Marcos,Marcos,0,371891,0,371891,0,188717,0,first,,,Panfilo Lacson,Lacson,3209,Region XII (SOCCSKSARGEN),PH2022-095,official,
Sultan Kudarat,https://en.wikipedia.org/w/index.php?title=Congressional_canvass_for_the_2022_Philippine_presidential_election&oldid=1353912853,https://www.congress.gov.ph/index.php/media/photojournal/3000,Bongbong Marcos,Marcos,0,371891,0,371891,0,188717,0,first,,,Faisal Mangondato,Mangondato,4229,Region XII (SOCCSKSARGEN),PH2022-095,official,
Sultan Kudarat,https://en.wikipedia.org/w/index.php?title=Congressional_canvass_for_the_2022_Philippine_presidential_election&oldid=1353912853,https://www.congress.gov.ph/index.php/media/photojournal/3000,Bongbong Marcos,Marcos,0,371891,0,371891,0,188717,0,first,,,Ernesto Abella,Abella,1408,Region XII (SOCCSKSARGEN),PH2022-095,official,
Sultan Kudarat,https://en.wikipedia.org/w/index.php?title=Congressional_canvass_for_the_2022_Philippine_presidential_election&oldid=1353912853,https://www.congress.gov.ph/index.php/media/photojournal/3000,Bongbong Marcos,Marcos,0,371891,0,371891,0,188717,0,first,,,Leody de Guzman,De Guzman,794,Region XII (SOCCSKSARGEN),PH2022-095,official,
Sultan Kudarat,https://en.wikipedia.org/w/index.php?title=Congressional_canvass_for_the_2022_Philippine_presidential_election&oldid=1353912853,https://www.congress.gov.ph/index.php/media/photojournal/3000,Bongbong Marcos,Marcos,0,371891,0,371891,0,188717,0,first,,,Norberto Gonzales,Gonzales,803,Region XII (SOCCSKSARGEN),PH2022-095,official,
Sultan Kudarat,https://en.wikipedia.org/w/index.php?title=Congressional_canvass_for_the_2022_Philippine_presidential_election&oldid=1353912853,https://www.congress.gov.ph/index.php/media/photojournal/3000,Bongbong Marcos,Marcos,0,371891,0,371891,0,188717,0,first,,,Jose Montemayor Jr.,Montemayor,440,Region XII (SOCCSKSARGEN),PH2022-095,official,
Sulu,https://en.wikipedia.org/w/index.php?title=Congressional_canvass_for_the_2022_Philippine_presidential_election&oldid=1353912853,https://www.congress.gov.ph/index.php/media/photojournal/3000,Bongbong Marcos,Marcos,0,366047,0,366047,0,340398,0,first,,,Bongbong Marcos,Marcos,350588,BARMM,PH2022-096,official,
Sulu,https://en.wikipedia.org/w/index.php?title=Congressional_canvass_for_the_2022_Philippine_presidential_election&oldid=1353912853,https://www.congress.gov.ph/index.php/media/photojournal/3000,Bongbong Marcos,Marcos,0,366047,0,366047,0,340398,0,first,,,Leni Robredo,Robredo,10190,BARMM,PH2022-096,official,
Sulu,https://en.wikipedia.org/w/index.php?title=Congressional_canvass_for_the_2022_Philippine_presidential_election&oldid=1353912853,https://www.congress.gov.ph/index.php/media/photojournal/3000,Bongbong Marcos,Marcos,0,366047,0,366047,0,340398,0,first,,,Manny Pacquiao,Pacquiao,1922,BARMM,PH2022-096,official,
Sulu,https://en.wikipedia.org/w/index.php?title=Congressional_canvass_for_the_2022_Philippine_presidential_election&oldid=1353912853,https://www.congress.gov.ph/index.php/media/photojournal/3000,Bongbong Marcos,Marcos,0,366047,0,366047,0,340398,0,first,,,Isko Moreno,Moreno,1525,BARMM,PH2022-096,official,
Sulu,https://en.wikipedia.org/w/index.php?title=Congressional_canvass_for_the_2022_Philippine_presidential_election&oldid=1353912853,https://www.congress.gov.ph/index.php/media/photojournal/3000,Bongbong Marcos,Marcos,0,366047,0,366047,0,340398,0,first,,,Panfilo Lacson,Lacson,345,BARMM,PH2022-096,official,
Sulu,https://en.wikipedia.org/w/index.php?title=Congressional_canvass_for_the_2022_Philippine_presidential_election&oldid=1353912853,https://www.congress.gov.ph/index.php/media/photojournal/3000,Bongbong Marcos,Marcos,0,366047,0,366047,0,340398,0,first,,,Faisal Mangondato,Mangondato,824,BARMM,PH2022-096,official,
Sulu,https://en.wikipedia.org/w/index.php?title=Congressional_canvass_for_the_2022_Philippine_presidential_election&oldid=1353912853,https://www.congress.gov.ph/index.php/media/photojournal/3000,Bongbong Marcos,Marcos,0,366047,0,366047,0,340398,0,first,,,Ernesto Abella,Abella,175,BARMM,PH2022-096,official,
Sulu,https://en.wikipedia.org/w/index.php?title=Congressional_canvass_for_the_2022_Philippine_presidential_election&oldid=1353912853,https://www.congress.gov.ph/index.php/media/photojournal/3000,Bongbong Marcos,Marcos,0,366047,0,366047,0,340398,0,first,,,Leody de Guzman,De Guzman,65,BARMM,PH2022-096,official,
Sulu,https://en.wikipedia.org/w/index.php?title=Congressional_canvass_for_the_2022_Philippine_presidential_election&oldid=1353912853,https://www.congress.gov.ph/index.php/media/photojournal/3000,Bongbong Marcos,Marcos,0,366047,0,366047,0,340398,0,first,,,Norberto Gonzales,Gonzales,346,BARMM,PH2022-096,official,
Sulu,https://en.wikipedia.org/w/index.php?title=Congressional_canvass_for_the_2022_Philippine_presidential_election&oldid=1353912853,https://www.congress.gov.ph/index.php/media/photojournal/3000,Bongbong Marcos,Marcos,0,366047,0,366047,0,340398,0,first,,,Jose Montemayor Jr.,Montemayor,67,BARMM,PH2022-096,official,
Surigao del Norte,https://en.wikipedia.org/w/index.php?title=Congressional_canvass_for_the_2022_Philippine_presidential_election&oldid=1353912853,https://www.congress.gov.ph/index.php/media/photojournal/3000,Bongbong Marcos,Marcos,0,316151,0,316151,0,180966,0,first,,,Bongbong Marcos,Marcos,227194,Region XIII (Caraga),PH2022-097,official,
Surigao del Norte,https://en.wikipedia.org/w/index.php?title=Congressional_canvass_for_the_2022_Philippine_presidential_election&oldid=1353912853,https://www.congress.gov.ph/index.php/media/photojournal/3000,Bongbong Marcos,Marcos,0,316151,0,316151,0,180966,0,first,,,Leni Robredo,Robredo,46228,Region XIII (Caraga),PH2022-097,official,
Surigao del Norte,https://en.wikipedia.org/w/index.php?title=Congressional_canvass_for_the_2022_Philippine_presidential_election&oldid=1353912853,https://www.congress.gov.ph/index.php/media/photojournal/3000,Bongbong Marcos,Marcos,0,316151,0,316151,0,180966,0,first,,,Manny Pacquiao,Pacquiao,30892,Region XIII (Caraga),PH2022-097,official,
Surigao del Norte,https://en.wikipedia.org/w/index.php?title=Congressional_canvass_for_the_2022_Philippine_presidential_election&oldid=1353912853,https://www.congress.gov.ph/index.php/media/photojournal/3000,Bongbong Marcos,Marcos,0,316151,0,316151,0,180966,0,first,,,Isko Moreno,Moreno,5263,Region XIII (Caraga),PH2022-097,official,
Surigao del Norte,https://en.wikipedia.org/w/index.php?title=Congressional_canvass_for_the_2022_Philippine_presidential_election&oldid=1353912853,https://www.congress.gov.ph/index.php/media/photojournal/3000,Bongbong Marcos,Marcos,0,316151,0,316151,0,180966,0,first,,,Panfilo Lacson,Lacson,3294,Region XIII (Caraga),PH2022-097,official,
Surigao del Norte,https://en.wikipedia.org/w/index.php?title=Congressional_canvass_for_the_2022_Philippine_presidential_election&oldid=1353912853,https://www.congress.gov.ph/index.php/media/photojournal/3000,Bongbong Marcos,Marcos,0,316151,0,316151,0,180966,0,first,,,Faisal Mangondato,Mangondato,513,Region XIII (Caraga),PH2022-097,official,
Surigao del Norte,https://en.wikipedia.org/w/index.php?title=Congressional_canvass_for_the_2022_Philippine_presidential_election&oldid=1353912853,https://www.congress.gov.ph/index.php/media/photojournal/3000,Bongbong Marcos,Marcos,0,316151,0,316151,0,180966,0,first,,,Ernesto Abella,Abella,1062,Region XIII (Caraga),PH2022-097,official,
Surigao del Norte,https://en.wikipedia.org/w/index.php?title=Congressional_canvass_for_the_2022_Philippine_presidential_election&oldid=1353912853,https://www.congress.gov.ph/index.php/media/photojournal/3000,Bongbong Marcos,Marcos,0,316151,0,316151,0,180966,0,first,,,Leody de Guzman,De Guzman,546,Region XIII (Caraga),PH2022-097,official,
Surigao del Norte,https://en.wikipedia.org/w/index.php?title=Congressional_canvass_for_the_2022_Philippine_presidential_election&oldid=1353912853,https://www.congress.gov.ph/index.php/media/photojournal/3000,Bongbong Marcos,Marcos,0,316151,0,316151,0,180966,0,first,,,Norberto Gonzales,Gonzales,746,Region XIII (Caraga),PH2022-097,official,
Surigao del Norte,https://en.wikipedia.org/w/index.php?title=Congressional_canvass_for_the_2022_Philippine_presidential_election&oldid=1353912853,https://www.congress.gov.ph/index.php/media/photojournal/3000,Bongbong Marcos,Marcos,0,316151,0,316151,0,180966,0,first,,,Jose Montemayor Jr.,Montemayor,413,Region XIII (Caraga),PH2022-097,official,
Surigao del Sur,https://en.wikipedia.org/w/index.php?title=Congressional_canvass_for_the_2022_Philippine_presidential_election&oldid=1353912853,https://www.congress.gov.ph/index.php/media/photojournal/3000,Bongbong Marcos,Marcos,0,367250,0,367250,0,190545,0,first,,,Bongbong Marcos,Marcos,249177,Region XIII (Caraga),PH2022-098,official,
Surigao del Sur,https://en.wikipedia.org/w/index.php?title=Congressional_canvass_for_the_2022_Philippine_presidential_election&oldid=1353912853,https://www.congress.gov.ph/index.php/media/photojournal/3000,Bongbong Marcos,Marcos,0,367250,0,367250,0,190545,0,first,,,Leni Robredo,Robredo,45812,Region XIII (Caraga),PH2022-098,official,
Surigao del Sur,https://en.wikipedia.org/w/index.php?title=Congressional_canvass_for_the_2022_Philippine_presidential_election&oldid=1353912853,https://www.congress.gov.ph/index.php/media/photojournal/3000,Bongbong Marcos,Marcos,0,367250,0,367250,0,190545,0,first,,,Manny Pacquiao,Pacquiao,58632,Region XIII (Caraga),PH2022-098,official,
Surigao del Sur,https://en.wikipedia.org/w/index.php?title=Congressional_canvass_for_the_2022_Philippine_presidential_election&oldid=1353912853,https://www.congress.gov.ph/index.php/media/photojournal/3000,Bongbong Marcos,Marcos,0,367250,0,367250,0,190545,0,first,,,Isko Moreno,Moreno,6079,Region XIII (Caraga),PH2022-098,official,
Surigao del Sur,https://en.wikipedia.org/w/index.php?title=Congressional_canvass_for_the_2022_Philippine_presidential_election&oldid=1353912853,https://www.congress.gov.ph/index.php/media/photojournal/3000,Bongbong Marcos,Marcos,0,367250,0,367250,0,190545,0,first,,,Panfilo Lacson,Lacson,2861,Region XIII (Caraga),PH2022-098,official,
Surigao del Sur,https://en.wikipedia.org/w/index.php?title=Congressional_canvass_for_the_2022_Philippine_presidential_election&oldid=1353912853,https://www.congress.gov.ph/index.php/media/photojournal/3000,Bongbong Marcos,Marcos,0,367250,0,367250,0,190545,0,first,,,Faisal Mangondato,Mangondato,582,Region XIII (Caraga),PH2022-098,official,
Surigao del Sur,https://en.wikipedia.org/w/index.php?title=Congressional_canvass_for_the_2022_Philippine_presidential_election&oldid=1353912853,https://www.congress.gov.ph/index.php/media/photojournal/3000,Bongbong Marcos,Marcos,0,367250,0,367250,0,190545,0,first,,,Ernesto Abella,Abella,1024,Region XIII (Caraga),PH2022-098,official,
Surigao del Sur,https://en.wikipedia.org/w/index.php?title=Congressional_canvass_for_the_2022_Philippine_presidential_election&oldid=1353912853,https://www.congress.gov.ph/index.php/media/photojournal/3000,Bongbong Marcos,Marcos,0,367250,0,367250,0,190545,0,first,,,Leody de Guzman,De Guzman,1298,Region XIII (Caraga),PH2022-098,official,
Surigao del Sur,https://en.wikipedia.org/w/index.php?title=Congressional_canvass_for_the_2022_Philippine_presidential_election&oldid=1353912853,https://www.congress.gov.ph/index.php/media/photojournal/3000,Bongbong Marcos,Marcos,0,367250,0,367250,0,190545,0,first,,,Norberto Gonzales,Gonzales,1006,Region XIII (Caraga),PH2022-098,official,
Surigao del Sur,https://en.wikipedia.org/w/index.php?title=Congressional_canvass_for_the_2022_Philippine_presidential_election&oldid=1353912853,https://www.congress.gov.ph/index.php/media/photojournal/3000,Bongbong Marcos,Marcos,0,367250,0,367250,0,190545,0,first,,,Jose Montemayor Jr.,Montemayor,779,Region XIII (Caraga),PH2022-098,official,
Taguig – Pateros,https://en.wikipedia.org/w/index.php?title=Congressional_canvass_for_the_2022_Philippine_presidential_election&oldid=1353912853,https://www.congress.gov.ph/index.php/media/photojournal/3000,Bongbong Marcos,Marcos,0,399079,0,399079,0,148208,0,first,,,Bongbong Marcos,Marcos,255233,NCR,PH2022-099,official,
Taguig – Pateros,https://en.wikipedia.org/w/index.php?title=Congressional_canvass_for_the_2022_Philippine_presidential_election&oldid=1353912853,https://www.congress.gov.ph/index.php/media/photojournal/3000,Bongbong Marcos,Marcos,0,399079,0,399079,0,148208,0,first,,,Leni Robredo,Robredo,107025,NCR,PH2022-099,official,
Taguig – Pateros,https://en.wikipedia.org/w/index.php?title=Congressional_canvass_for_the_2022_Philippine_presidential_election&oldid=1353912853,https://www.congress.gov.ph/index.php/media/photojournal/3000,Bongbong Marcos,Marcos,0,399079,0,399079,0,148208,0,first,,,Manny Pacquiao,Pacquiao,7604,NCR,PH2022-099,official,
Taguig – Pateros,https://en.wikipedia.org/w/index.php?title=Congressional_canvass_for_the_2022_Philippine_presidential_election&oldid=1353912853,https://www.congress.gov.ph/index.php/media/photojournal/3000,Bongbong Marcos,Marcos,0,399079,0,399079,0,148208,0,first,,,Isko Moreno,Moreno,16763,NCR,PH2022-099,official,
Taguig – Pateros,https://en.wikipedia.org/w/index.php?title=Congressional_canvass_for_the_2022_Philippine_presidential_election&oldid=1353912853,https://www.congress.gov.ph/index.php/media/photojournal/3000,Bongbong Marcos,Marcos,0,399079,0,399079,0,148208,0,first,,,Panfilo Lacson,Lacson,8985,NCR,PH2022-099,official,
Taguig – Pateros,https://en.wikipedia.org/w/index.php?title=Congressional_canvass_for_the_2022_Philippine_presidential_election&oldid=1353912853,https://www.congress.gov.ph/index.php/media/photojournal/3000,Bongbong Marcos,Marcos,0,399079,0,399079,0,148208,0,first,,,Faisal Mangondato,Mangondato,1737,NCR,PH2022-099,official,
Taguig – Pateros,https://en.wikipedia.org/w/index.php?title=Congressional_canvass_for_the_2022_Philippine_presidential_election&oldid=1353912853,https://www.congress.gov.ph/index.php/media/photojournal/3000,Bongbong Marcos,Marcos,0,399079,0,399079,0,148208,0,first,,,Ernesto Abella,Abella,326,NCR,PH2022-099,official,
Taguig – Pateros,https://en.wikipedia.org/w/index.php?title=Congressional_canvass_for_the_2022_Philippine_presidential_election&oldid=1353912853,https://www.congress.gov.ph/index.php/media/photojournal/3000,Bongbong Marcos,Marcos,0,399079,0,399079,0,148208,0,first,,,Leody de Guzman,De Guzman,647,NCR,PH2022-099,official,
Taguig – Pateros,https://en.wikipedia.org/w/index.php?title=Congressional_canvass_for_the_2022_Philippine_presidential_election&oldid=1353912853,https://www.congress.gov.ph/index.php/media/photojournal/3000,Bongbong Marcos,Marcos,0,399079,0,399079,0,148208,0,first,,,Norberto Gonzales,Gonzales,367,NCR,PH2022-099,official,
Taguig – Pateros,https://en.wikipedia.org/w/index.php?title=Congressional_canvass_for_the_2022_Philippine_presidential_election&oldid=1353912853,https://www.congress.gov.ph/index.php/media/photojournal/3000,Bongbong Marcos,Marcos,0,399079,0,399079,0,148208,0,first,,,Jose Montemayor Jr.,Montemayor,392,NCR,PH2022-099,official,
Tarlac,https://en.wikipedia.org/w/index.php?title=Congressional_canvass_for_the_2022_Philippine_presidential_election&oldid=1353912853,https://www.congress.gov.ph/index.php/media/photojournal/3000,Bongbong Marcos,Marcos,0,767122,0,767122,0,135216,0,first,,,Bongbong Marcos,Marcos,426626,Region III (Central Luzon),PH2022-100,official,
Tarlac,https://en.wikipedia.org/w/index.php?title=Congressional_canvass_for_the_2022_Philippine_presidential_election&oldid=1353912853,https://www.congress.gov.ph/index.php/media/photojournal/3000,Bongbong Marcos,Marcos,0,767122,0,767122,0,135216,0,first,,,Leni Robredo,Robredo,291410,Region III (Central Luzon),PH2022-100,official,
Tarlac,https://en.wikipedia.org/w/index.php?title=Congressional_canvass_for_the_2022_Philippine_presidential_election&oldid=1353912853,https://www.congress.gov.ph/index.php/media/photojournal/3000,Bongbong Marcos,Marcos,0,767122,0,767122,0,135216,0,first,,,Manny Pacquiao,Pacquiao,12513,Region III (Central Luzon),PH2022-100,official,
Tarlac,https://en.wikipedia.org/w/index.php?title=Congressional_canvass_for_the_2022_Philippine_presidential_election&oldid=1353912853,https://www.congress.gov.ph/index.php/media/photojournal/3000,Bongbong Marcos,Marcos,0,767122,0,767122,0,135216,0,first,,,Isko Moreno,Moreno,21660,Region III (Central Luzon),PH2022-100,official,
Tarlac,https://en.wikipedia.org/w/index.php?title=Congressional_canvass_for_the_2022_Philippine_presidential_election&oldid=1353912853,https://www.congress.gov.ph/index.php/media/photojournal/3000,Bongbong Marcos,Marcos,0,767122,0,767122,0,135216,0,first,,,Panfilo Lacson,Lacson,9830,Region III (Central Luzon),PH2022-100,official,
Tarlac,https://en.wikipedia.org/w/index.php?title=Congressional_canvass_for_the_2022_Philippine_presidential_election&oldid=1353912853,https://www.congress.gov.ph/index.php/media/photojournal/3000,Bongbong Marcos,Marcos,0,767122,0,767122,0,135216,0,first,,,Faisal Mangondato,Mangondato,649,Region III (Central Luzon),PH2022-100,official,
Tarlac,https://en.wikipedia.org/w/index.php?title=Congressional_canvass_for_the_2022_Philippine_presidential_election&oldid=1353912853,https://www.congress.gov.ph/index.php/media/photojournal/3000,Bongbong Marcos,Marcos,0,767122,0,767122,0,135216,0,first,,,Ernesto Abella,Abella,1422,Region III (Central Luzon),PH2022-100,official,
Tarlac,https://en.wikipedia.org/w/index.php?title=Congressional_canvass_for_the_2022_Philippine_presidential_election&oldid=1353912853,https://www.congress.gov.ph/index.php/media/photojournal/3000,Bongbong Marcos,Marcos,0,767122,0,767122,0,135216,0,first,,,Leody de Guzman,De Guzman,1040,Region III (Central Luzon),PH2022-100,official,
Tarlac,https://en.wikipedia.org/w/index.php?title=Congressional_canvass_for_the_2022_Philippine_presidential_election&oldid=1353912853,https://www.congress.gov.ph/index.php/media/photojournal/3000,Bongbong Marcos,Marcos,0,767122,0,767122,0,135216,0,first,,,Norberto Gonzales,Gonzales,1399,Region III (Central Luzon),PH2022-100,official,
Tarlac,https://en.wikipedia.org/w/index.php?title=Congressional_canvass_for_the_2022_Philippine_presidential_election&oldid=1353912853,https://www.congress.gov.ph/index.php/media/photojournal/3000,Bongbong Marcos,Marcos,0,767122,0,767122,0,135216,0,first,,,Jose Montemayor Jr.,Montemayor,573,Region III (Central Luzon),PH2022-100,official,
Tawi-Tawi,https://en.wikipedia.org/w/index.php?title=Congressional_canvass_for_the_2022_Philippine_presidential_election&oldid=1353912853,https://www.congress.gov.ph/index.php/media/photojournal/3000,Bongbong Marcos,Marcos,0,174984,0,174984,0,130067,0,first,,,Bongbong Marcos,Marcos,143630,BARMM,PH2022-101,official,
Tawi-Tawi,https://en.wikipedia.org/w/index.php?title=Congressional_canvass_for_the_2022_Philippine_presidential_election&oldid=1353912853,https://www.congress.gov.ph/index.php/media/photojournal/3000,Bongbong Marcos,Marcos,0,174984,0,174984,0,130067,0,first,,,Leni Robredo,Robredo,13563,BARMM,PH2022-101,official,
Tawi-Tawi,https://en.wikipedia.org/w/index.php?title=Congressional_canvass_for_the_2022_Philippine_presidential_election&oldid=1353912853,https://www.congress.gov.ph/index.php/media/photojournal/3000,Bongbong Marcos,Marcos,0,174984,0,174984,0,130067,0,first,,,Manny Pacquiao,Pacquiao,11531,BARMM,PH2022-101,official,
Tawi-Tawi,https://en.wikipedia.org/w/index.php?title=Congressional_canvass_for_the_2022_Philippine_presidential_election&oldid=1353912853,https://www.congress.gov.ph/index.php/media/photojournal/3000,Bongbong Marcos,Marcos,0,174984,0,174984,0,130067,0,first,,,Isko Moreno,Moreno,2884,BARMM,PH2022-101,official,
Tawi-Tawi,https://en.wikipedia.org/w/index.php?title=Congressional_canvass_for_the_2022_Philippine_presidential_election&oldid=1353912853,https://www.congress.gov.ph/index.php/media/photojournal/3000,Bongbong Marcos,Marcos,0,174984,0,174984,0,130067,0,first,,,Panfilo Lacson,Lacson,537,BARMM,PH2022-101,official,
Tawi-Tawi,https://en.wikipedia.org/w/index.php?title=Congressional_canvass_for_the_2022_Philippine_presidential_election&oldid=1353912853,https://www.congress.gov.ph/index.php/media/photojournal/3000,Bongbong Marcos,Marcos,0,174984,0,174984,0,130067,0,first,,,Faisal Mangondato,Mangondato,1562,BARMM,PH2022-101,official,
Tawi-Tawi,https://en.wikipedia.org/w/index.php?title=Congressional_canvass_for_the_2022_Philippine_presidential_election&oldid=1353912853,https://www.congress.gov.ph/index.php/media/photojournal/3000,Bongbong Marcos,Marcos,0,174984,0,174984,0,130067,0,first,,,Ernesto Abella,Abella,421,BARMM,PH2022-101,official,
Tawi-Tawi,https://en.wikipedia.org/w/index.php?title=Congressional_canvass_for_the_2022_Philippine_presidential_election&oldid=1353912853,https://www.congress.gov.ph/index.php/media/photojournal/3000,Bongbong Marcos,Marcos,0,174984,0,174984,0,130067,0,first,,,Leody de Guzman,De Guzman,184,BARMM,PH2022-101,official,
Tawi-Tawi,https://en.wikipedia.org/w/index.php?title=Congressional_canvass_for_the_2022_Philippine_presidential_election&oldid=1353912853,https://www.congress.gov.ph/index.php/media/photojournal/3000,Bongbong Marcos,Marcos,0,174984,0,174984,0,130067,0,first,,,Norberto Gonzales,Gonzales,479,BARMM,PH2022-101,official,
Tawi-Tawi,https://en.wikipedia.org/w/index.php?title=Congressional_canvass_for_the_2022_Philippine_presidential_election&oldid=1353912853,https://www.congress.gov.ph/index.php/media/photojournal/3000,Bongbong Marcos,Marcos,0,174984,0,174984,0,130067,0,first,,,Jose Montemayor Jr.,Montemayor,193,BARMM,PH2022-101,official,
Valenzuela,https://en.wikipedia.org/w/index.php?title=Congressional_canvass_for_the_2022_Philippine_presidential_election&oldid=1353912853,https://www.congress.gov.ph/index.php/media/photojournal/3000,Bongbong Marcos,Marcos,0,359417,0,359417,0,123492,0,first,,,Bongbong Marcos,Marcos,225021,NCR,PH2022-102,official,
Valenzuela,https://en.wikipedia.org/w/index.php?title=Congressional_canvass_for_the_2022_Philippine_presidential_election&oldid=1353912853,https://www.congress.gov.ph/index.php/media/photojournal/3000,Bongbong Marcos,Marcos,0,359417,0,359417,0,123492,0,first,,,Leni Robredo,Robredo,101529,NCR,PH2022-102,official,
Valenzuela,https://en.wikipedia.org/w/index.php?title=Congressional_canvass_for_the_2022_Philippine_presidential_election&oldid=1353912853,https://www.congress.gov.ph/index.php/media/photojournal/3000,Bongbong Marcos,Marcos,0,359417,0,359417,0,123492,0,first,,,Manny Pacquiao,Pacquiao,6958,NCR,PH2022-102,official,
Valenzuela,https://en.wikipedia.org/w/index.php?title=Congressional_canvass_for_the_2022_Philippine_presidential_election&oldid=1353912853,https://www.congress.gov.ph/index.php/media/photojournal/3000,Bongbong Marcos,Marcos,0,359417,0,359417,0,123492,0,first,,,Isko Moreno,Moreno,14573,NCR,PH2022-102,official,
Valenzuela,https://en.wikipedia.org/w/index.php?title=Congressional_canvass_for_the_2022_Philippine_presidential_election&oldid=1353912853,https://www.congress.gov.ph/index.php/media/photojournal/3000,Bongbong Marcos,Marcos,0,359417,0,359417,0,123492,0,first,,,Panfilo Lacson,Lacson,9701,NCR,PH2022-102,official,
Valenzuela,https://en.wikipedia.org/w/index.php?title=Congressional_canvass_for_the_2022_Philippine_presidential_election&oldid=1353912853,https://www.congress.gov.ph/index.php/media/photojournal/3000,Bongbong Marcos,Marcos,0,359417,0,359417,0,123492,0,first,,,Faisal Mangondato,Mangondato,185,NCR,PH2022-102,official,
Valenzuela,https://en.wikipedia.org/w/index.php?title=Congressional_canvass_for_the_2022_Philippine_presidential_election&oldid=1353912853,https://www.congress.gov.ph/index.php/media/photojournal/3000,Bongbong Marcos,Marcos,0,359417,0,359417,0,123492,0,first,,,Ernesto Abella,Abella,258,NCR,PH2022-102,official,
Valenzuela,https://en.wikipedia.org/w/index.php?title=Congressional_canvass_for_the_2022_Philippine_presidential_election&oldid=1353912853,https://www.congress.gov.ph/index.php/media/photojournal/3000,Bongbong Marcos,Marcos,0,359417,0,359417,0,123492,0,first,,,Leody de Guzman,De Guzman,632,NCR,PH2022-102,official,
Valenzuela,https://en.wikipedia.org/w/index.php?title=Congressional_canvass_for_the_2022_Philippine_presidential_election&oldid=1353912853,https://www.congress.gov.ph/index.php/media/photojournal/3000,Bongbong Marcos,Marcos,0,359417,0,359417,0,123492,0,first,,,Norberto Gonzales,Gonzales,300,NCR,PH2022-102,official,
Valenzuela,https://en.wikipedia.org/w/index.php?title=Congressional_canvass_for_the_2022_Philippine_presidential_election&oldid=1353912853,https://www.congress.gov.ph/index.php/media/photojournal/3000,Bongbong Marcos,Marcos,0,359417,0,359417,0,123492,0,first,,,Jose Montemayor Jr.,Montemayor,260,NCR,PH2022-102,official,
Zambales,https://en.wikipedia.org/w/index.php?title=Congressional_canvass_for_the_2022_Philippine_presidential_election&oldid=1353912853,https://www.congress.gov.ph/index.php/media/photojournal/3000,Bongbong Marcos,Marcos,0,446525,0,446525,0,177147,0,first,,,Bongbong Marcos,Marcos,291252,Region III (Central Luzon),PH2022-103,official,
Zambales,https://en.wikipedia.org/w/index.php?title=Congressional_canvass_for_the_2022_Philippine_presidential_election&oldid=1353912853,https://www.congress.gov.ph/index.php/media/photojournal/3000,Bongbong Marcos,Marcos,0,446525,0,446525,0,177147,0,first,,,Leni Robredo,Robredo,114105,Region III (Central Luzon),PH2022-103,official,
Zambales,https://en.wikipedia.org/w/index.php?title=Congressional_canvass_for_the_2022_Philippine_presidential_election&oldid=1353912853,https://www.congress.gov.ph/index.php/media/photojournal/3000,Bongbong Marcos,Marcos,0,446525,0,446525,0,177147,0,first,,,Manny Pacquiao,Pacquiao,10487,Region III (Central Luzon),PH2022-103,official,
Zambales,https://en.wikipedia.org/w/index.php?title=Congressional_canvass_for_the_2022_Philippine_presidential_election&oldid=1353912853,https://www.congress.gov.ph/index.php/media/photojournal/3000,Bongbong Marcos,Marcos,0,446525,0,446525,0,177147,0,first,,,Isko Moreno,Moreno,17214,Region III (Central Luzon),PH2022-103,official,
Zambales,https://en.wikipedia.org/w/index.php?title=Congressional_canvass_for_the_2022_Philippine_presidential_election&oldid=1353912853,https://www.congress.gov.ph/index.php/media/photojournal/3000,Bongbong Marcos,Marcos,0,446525,0,446525,0,177147,0,first,,,Panfilo Lacson,Lacson,9969,Region III (Central Luzon),PH2022-103,official,
Zambales,https://en.wikipedia.org/w/index.php?title=Congressional_canvass_for_the_2022_Philippine_presidential_election&oldid=1353912853,https://www.congress.gov.ph/index.php/media/photojournal/3000,Bongbong Marcos,Marcos,0,446525,0,446525,0,177147,0,first,,,Faisal Mangondato,Mangondato,878,Region III (Central Luzon),PH2022-103,official,
Zambales,https://en.wikipedia.org/w/index.php?title=Congressional_canvass_for_the_2022_Philippine_presidential_election&oldid=1353912853,https://www.congress.gov.ph/index.php/media/photojournal/3000,Bongbong Marcos,Marcos,0,446525,0,446525,0,177147,0,first,,,Ernesto Abella,Abella,703,Region III (Central Luzon),PH2022-103,official,
Zambales,https://en.wikipedia.org/w/index.php?title=Congressional_canvass_for_the_2022_Philippine_presidential_election&oldid=1353912853,https://www.congress.gov.ph/index.php/media/photojournal/3000,Bongbong Marcos,Marcos,0,446525,0,446525,0,177147,0,first,,,Leody de Guzman,De Guzman,752,Region III (Central Luzon),PH2022-103,official,
Zambales,https://en.wikipedia.org/w/index.php?title=Congressional_canvass_for_the_2022_Philippine_presidential_election&oldid=1353912853,https://www.congress.gov.ph/index.php/media/photojournal/3000,Bongbong Marcos,Marcos,0,446525,0,446525,0,177147,0,first,,,Norberto Gonzales,Gonzales,633,Region III (Central Luzon),PH2022-103,official,
Zambales,https://en.wikipedia.org/w/index.php?title=Congressional_canvass_for_the_2022_Philippine_presidential_election&oldid=1353912853,https://www.congress.gov.ph/index.php/media/photojournal/3000,Bongbong Marcos,Marcos,0,446525,0,446525,0,177147,0,first,,,Jose Montemayor Jr.,Montemayor,532,Region III (Central Luzon),PH2022-103,official,
Zamboanga City,https://en.wikipedia.org/w/index.php?title=Congressional_canvass_for_the_2022_Philippine_presidential_election&oldid=1353912853,https://www.congress.gov.ph/index.php/media/photojournal/3000,Bongbong Marcos,Marcos,0,333056,0,333056,0,170683,0,first,,,Bongbong Marcos,Marcos,226081,Region IX (Zamboanga Peninsula),PH2022-104,official,
Zamboanga City,https://en.wikipedia.org/w/index.php?title=Congressional_canvass_for_the_2022_Philippine_presidential_election&oldid=1353912853,https://www.congress.gov.ph/index.php/media/photojournal/3000,Bongbong Marcos,Marcos,0,333056,0,333056,0,170683,0,first,,,Leni Robredo,Robredo,55398,Region IX (Zamboanga Peninsula),PH2022-104,official,
Zamboanga City,https://en.wikipedia.org/w/index.php?title=Congressional_canvass_for_the_2022_Philippine_presidential_election&oldid=1353912853,https://www.congress.gov.ph/index.php/media/photojournal/3000,Bongbong Marcos,Marcos,0,333056,0,333056,0,170683,0,first,,,Manny Pacquiao,Pacquiao,25955,Region IX (Zamboanga Peninsula),PH2022-104,official,
Zamboanga City,https://en.wikipedia.org/w/index.php?title=Congressional_canvass_for_the_2022_Philippine_presidential_election&oldid=1353912853,https://www.congress.gov.ph/index.php/media/photojournal/3000,Bongbong Marcos,Marcos,0,333056,0,333056,0,170683,0,first,,,Isko Moreno,Moreno,15335,Region IX (Zamboanga Peninsula),PH2022-104,official,
Zamboanga City,https://en.wikipedia.org/w/index.php?title=Congressional_canvass_for_the_2022_Philippine_presidential_election&oldid=1353912853,https://www.congress.gov.ph/index.php/media/photojournal/3000,Bongbong Marcos,Marcos,0,333056,0,333056,0,170683,0,first,,,Panfilo Lacson,Lacson,5117,Region IX (Zamboanga Peninsula),PH2022-104,official,
Zamboanga City,https://en.wikipedia.org/w/index.php?title=Congressional_canvass_for_the_2022_Philippine_presidential_election&oldid=1353912853,https://www.congress.gov.ph/index.php/media/photojournal/3000,Bongbong Marcos,Marcos,0,333056,0,333056,0,170683,0,first,,,Faisal Mangondato,Mangondato,2214,Region IX (Zamboanga Peninsula),PH2022-104,official,
Zamboanga City,https://en.wikipedia.org/w/index.php?title=Congressional_canvass_for_the_2022_Philippine_presidential_election&oldid=1353912853,https://www.congress.gov.ph/index.php/media/photojournal/3000,Bongbong Marcos,Marcos,0,333056,0,333056,0,170683,0,first,,,Ernesto Abella,Abella,693,Region IX (Zamboanga Peninsula),PH2022-104,official,
Zamboanga City,https://en.wikipedia.org/w/index.php?title=Congressional_canvass_for_the_2022_Philippine_presidential_election&oldid=1353912853,https://www.congress.gov.ph/index.php/media/photojournal/3000,Bongbong Marcos,Marcos,0,333056,0,333056,0,170683,0,first,,,Leody de Guzman,De Guzman,646,Region IX (Zamboanga Peninsula),PH2022-104,official,
Zamboanga City,https://en.wikipedia.org/w/index.php?title=Congressional_canvass_for_the_2022_Philippine_presidential_election&oldid=1353912853,https://www.congress.gov.ph/index.php/media/photojournal/3000,Bongbong Marcos,Marcos,0,333056,0,333056,0,170683,0,first,,,Norberto Gonzales,Gonzales,1005,Region IX (Zamboanga Peninsula),PH2022-104,official,
Zamboanga City,https://en.wikipedia.org/w/index.php?title=Congressional_canvass_for_the_2022_Philippine_presidential_election&oldid=1353912853,https://www.congress.gov.ph/index.php/media/photojournal/3000,Bongbong Marcos,Marcos,0,333056,0,333056,0,170683,0,first,,,Jose Montemayor Jr.,Montemayor,612,Region IX (Zamboanga Peninsula),PH2022-104,official,
Zamboanga Sibugay,https://en.wikipedia.org/w/index.php?title=Congressional_canvass_for_the_2022_Philippine_presidential_election&oldid=1353912853,https://www.congress.gov.ph/index.php/media/photojournal/3000,Bongbong Marcos,Marcos,0,315152,0,315152,0,82857,0,first,,,Bongbong Marcos,Marcos,168271,Region IX (Zamboanga Peninsula),PH2022-105,official,
Zamboanga Sibugay,https://en.wikipedia.org/w/index.php?title=Congressional_canvass_for_the_2022_Philippine_presidential_election&oldid=1353912853,https://www.congress.gov.ph/index.php/media/photojournal/3000,Bongbong Marcos,Marcos,0,315152,0,315152,0,82857,0,first,,,Leni Robredo,Robredo,46147,Region IX (Zamboanga Peninsula),PH2022-105,official,
Zamboanga Sibugay,https://en.wikipedia.org/w/index.php?title=Congressional_canvass_for_the_2022_Philippine_presidential_election&oldid=1353912853,https://www.congress.gov.ph/index.php/media/photojournal/3000,Bongbong Marcos,Marcos,0,315152,0,315152,0,82857,0,first,,,Manny Pacquiao,Pacquiao,85414,Region IX (Zamboanga Peninsula),PH2022-105,official,
Zamboanga Sibugay,https://en.wikipedia.org/w/index.php?title=Congressional_canvass_for_the_2022_Philippine_presidential_election&oldid=1353912853,https://www.congress.gov.ph/index.php/media/photojournal/3000,Bongbong Marcos,Marcos,0,315152,0,315152,0,82857,0,first,,,Isko Moreno,Moreno,8013,Region IX (Zamboanga Peninsula),PH2022-105,official,
Zamboanga Sibugay,https://en.wikipedia.org/w/index.php?title=Congressional_canvass_for_the_2022_Philippine_presidential_election&oldid=1353912853,https://www.congress.gov.ph/index.php/media/photojournal/3000,Bongbong Marcos,Marcos,0,315152,0,315152,0,82857,0,first,,,Panfilo Lacson,Lacson,2219,Region IX (Zamboanga Peninsula),PH2022-105,official,
Zamboanga Sibugay,https://en.wikipedia.org/w/index.php?title=Congressional_canvass_for_the_2022_Philippine_presidential_election&oldid=1353912853,https://www.congress.gov.ph/index.php/media/photojournal/3000,Bongbong Marcos,Marcos,0,315152,0,315152,0,82857,0,first,,,Faisal Mangondato,Mangondato,2005,Region IX (Zamboanga Peninsula),PH2022-105,official,
Zamboanga Sibugay,https://en.wikipedia.org/w/index.php?title=Congressional_canvass_for_the_2022_Philippine_presidential_election&oldid=1353912853,https://www.congress.gov.ph/index.php/media/photojournal/3000,Bongbong Marcos,Marcos,0,315152,0,315152,0,82857,0,first,,,Ernesto Abella,Abella,1147,Region IX (Zamboanga Peninsula),PH2022-105,official,
Zamboanga Sibugay,https://en.wikipedia.org/w/index.php?title=Congressional_canvass_for_the_2022_Philippine_presidential_election&oldid=1353912853,https://www.congress.gov.ph/index.php/media/photojournal/3000,Bongbong Marcos,Marcos,0,315152,0,315152,0,82857,0,first,,,Leody de Guzman,De Guzman,695,Region IX (Zamboanga Peninsula),PH2022-105,official,
Zamboanga Sibugay,https://en.wikipedia.org/w/index.php?title=Congressional_canvass_for_the_2022_Philippine_presidential_election&oldid=1353912853,https://www.congress.gov.ph/index.php/media/photojournal/3000,Bongbong Marcos,Marcos,0,315152,0,315152,0,82857,0,first,,,Norberto Gonzales,Gonzales,746,Region IX (Zamboanga Peninsula),PH2022-105,official,
Zamboanga Sibugay,https://en.wikipedia.org/w/index.php?title=Congressional_canvass_for_the_2022_Philippine_presidential_election&oldid=1353912853,https://www.congress.gov.ph/index.php/media/photojournal/3000,Bongbong Marcos,Marcos,0,315152,0,315152,0,82857,0,first,,,Jose Montemayor Jr.,Montemayor,495,Region IX (Zamboanga Peninsula),PH2022-105,official,
Zamboanga del Norte,https://en.wikipedia.org/w/index.php?title=Congressional_canvass_for_the_2022_Philippine_presidential_election&oldid=1353912853,https://www.congress.gov.ph/index.php/media/photojournal/3000,Bongbong Marcos,Marcos,0,553191,0,553191,0,144773,0,first,,,Bongbong Marcos,Marcos,284009,Region IX (Zamboanga Peninsula),PH2022-106,official,
Zamboanga del Norte,https://en.wikipedia.org/w/index.php?title=Congressional_canvass_for_the_2022_Philippine_presidential_election&oldid=1353912853,https://www.congress.gov.ph/index.php/media/photojournal/3000,Bongbong Marcos,Marcos,0,553191,0,553191,0,144773,0,first,,,Leni Robredo,Robredo,105722,Region IX (Zamboanga Peninsula),PH2022-106,official,
Zamboanga del Norte,https://en.wikipedia.org/w/index.php?title=Congressional_canvass_for_the_2022_Philippine_presidential_election&oldid=1353912853,https://www.congress.gov.ph/index.php/media/photojournal/3000,Bongbong Marcos,Marcos,0,553191,0,553191,0,144773,0,first,,,Manny Pacquiao,Pacquiao,139236,Region IX (Zamboanga Peninsula),PH2022-106,official,
Zamboanga del Norte,https://en.wikipedia.org/w/index.php?title=Congressional_canvass_for_the_2022_Philippine_presidential_election&oldid=1353912853,https://www.congress.gov.ph/index.php/media/photojournal/3000,Bongbong Marcos,Marcos,0,553191,0,553191,0,144773,0,first,,,Isko Moreno,Moreno,12373,Region IX (Zamboanga Peninsula),PH2022-106,official,
Zamboanga del Norte,https://en.wikipedia.org/w/index.php?title=Congressional_canvass_for_the_2022_Philippine_presidential_election&oldid=1353912853,https://www.congress.gov.ph/index.php/media/photojournal/3000,Bongbong Marcos,Marcos,0,553191,0,553191,0,144773,0,first,,,Panfilo Lacson,Lacson,3546,Region IX (Zamboanga Peninsula),PH2022-106,official,
Zamboanga del Norte,https://en.wikipedia.org/w/index.php?title=Congressional_canvass_for_the_2022_Philippine_presidential_election&oldid=1353912853,https://www.congress.gov.ph/index.php/media/photojournal/3000,Bongbong Marcos,Marcos,0,553191,0,553191,0,144773,0,first,,,Faisal Mangondato,Mangondato,2866,Region IX (Zamboanga Peninsula),PH2022-106,official,
Zamboanga del Norte,https://en.wikipedia.org/w/index.php?title=Congressional_canvass_for_the_2022_Philippine_presidential_election&oldid=1353912853,https://www.congress.gov.ph/index.php/media/photojournal/3000,Bongbong Marcos,Marcos,0,553191,0,553191,0,144773,0,first,,,Ernesto Abella,Abella,1437,Region IX (Zamboanga Peninsula),PH2022-106,official,
Zamboanga del Norte,https://en.wikipedia.org/w/index.php?title=Congressional_canvass_for_the_2022_Philippine_presidential_election&oldid=1353912853,https://www.congress.gov.ph/index.php/media/photojournal/3000,Bongbong Marcos,Marcos,0,553191,0,553191,0,144773,0,first,,,Leody de Guzman,De Guzman,1119,Region IX (Zamboanga Peninsula),PH2022-106,official,
Zamboanga del Norte,https://en.wikipedia.org/w/index.php?title=Congressional_canvass_for_the_2022_Philippine_presidential_election&oldid=1353912853,https://www.congress.gov.ph/index.php/media/photojournal/3000,Bongbong Marcos,Marcos,0,553191,0,553191,0,144773,0,first,,,Norberto Gonzales,Gonzales,1675,Region IX (Zamboanga Peninsula),PH2022-106,official,
Zamboanga del Norte,https://en.wikipedia.org/w/index.php?title=Congressional_canvass_for_the_2022_Philippine_presidential_election&oldid=1353912853,https://www.congress.gov.ph/index.php/media/photojournal/3000,Bongbong Marcos,Marcos,0,553191,0,553191,0,144773,0,first,,,Jose Montemayor Jr.,Montemayor,1208,Region IX (Zamboanga Peninsula),PH2022-106,official,
Zamboanga del Sur,https://en.wikipedia.org/w/index.php?title=Congressional_canvass_for_the_2022_Philippine_presidential_election&oldid=1353912853,https://www.congress.gov.ph/index.php/media/photojournal/3000,Bongbong Marcos,Marcos,0,531999,0,531999,0,254810,0,first,,,Bongbong Marcos,Marcos,354364,Region IX (Zamboanga Peninsula),PH2022-107,official,
Zamboanga del Sur,https://en.wikipedia.org/w/index.php?title=Congressional_canvass_for_the_2022_Philippine_presidential_election&oldid=1353912853,https://www.congress.gov.ph/index.php/media/photojournal/3000,Bongbong Marcos,Marcos,0,531999,0,531999,0,254810,0,first,,,Leni Robredo,Robredo,58595,Region IX (Zamboanga Peninsula),PH2022-107,official,
Zamboanga del Sur,https://en.wikipedia.org/w/index.php?title=Congressional_canvass_for_the_2022_Philippine_presidential_election&oldid=1353912853,https://www.congress.gov.ph/index.php/media/photojournal/3000,Bongbong Marcos,Marcos,0,531999,0,531999,0,254810,0,first,,,Manny Pacquiao,Pacquiao,99554,Region IX (Zamboanga Peninsula),PH2022-107,official,
Zamboanga del Sur,https://en.wikipedia.org/w/index.php?title=Congressional_canvass_for_the_2022_Philippine_presidential_election&oldid=1353912853,https://www.congress.gov.ph/index.php/media/photojournal/3000,Bongbong Marcos,Marcos,0,531999,0,531999,0,254810,0,first,,,Isko Moreno,Moreno,10210,Region IX (Zamboanga Peninsula),PH2022-107,official,
Zamboanga del Sur,https://en.wikipedia.org/w/index.php?title=Congressional_canvass_for_the_2022_Philippine_presidential_election&oldid=1353912853,https://www.congress.gov.ph/index.php/media/photojournal/3000,Bongbong Marcos,Marcos,0,531999,0,531999,0,254810,0,first,,,Panfilo Lacson,Lacson,3024,Region IX (Zamboanga Peninsula),PH2022-107,official,
Zamboanga del Sur,https://en.wikipedia.org/w/index.php?title=Congressional_canvass_for_the_2022_Philippine_presidential_election&oldid=1353912853,https://www.congress.gov.ph/index.php/media/photojournal/3000,Bongbong Marcos,Marcos,0,531999,0,531999,0,254810,0,first,,,Faisal Mangondato,Mangondato,2037,Region IX (Zamboanga Peninsula),PH2022-107,official,
Zamboanga del Sur,https://en.wikipedia.org/w/index.php?title=Congressional_canvass_for_the_2022_Philippine_presidential_election&oldid=1353912853,https://www.congress.gov.ph/index.php/media/photojournal/3000,Bongbong Marcos,Marcos,0,531999,0,531999,0,254810,0,first,,,Ernesto Abella,Abella,1297,Region IX (Zamboanga Peninsula),PH2022-107,official,
Zamboanga del Sur,https://en.wikipedia.org/w/index.php?title=Congressional_canvass_for_the_2022_Philippine_presidential_election&oldid=1353912853,https://www.congress.gov.ph/index.php/media/photojournal/3000,Bongbong Marcos,Marcos,0,531999,0,531999,0,254810,0,first,,,Leody de Guzman,De Guzman,711,Region IX (Zamboanga Peninsula),PH2022-107,official,
Zamboanga del Sur,https://en.wikipedia.org/w/index.php?title=Congressional_canvass_for_the_2022_Philippine_presidential_election&oldid=1353912853,https://www.congress.gov.ph/index.php/media/photojournal/3000,Bongbong Marcos,Marcos,0,531999,0,531999,0,254810,0,first,,,Norberto Gonzales,Gonzales,1444,Region IX (Zamboanga Peninsula),PH2022-107,official,
Zamboanga del Sur,https://en.wikipedia.org/w/index.php?title=Congressional_canvass_for_the_2022_Philippine_presidential_election&oldid=1353912853,https://www.congress.gov.ph/index.php/media/photojournal/3000,Bongbong Marcos,Marcos,0,531999,0,531999,0,254810,0,first,,,Jose Montemayor Jr.,Montemayor,763,Region IX (Zamboanga Peninsula),PH2022-107,official,
