{"type":"FeatureCollection","name":"singapore_2015_electoral_divisions","features":[{"type":"Feature","properties":{"district":"Hougang","electorate_type":"SMC"},"geometry":{"type":"Polygon","coordinates":[[[103.90078714670898,1.3694564017114197],[103.90182733235858,1.3714350563334499],[103.9023730938704,1.3721394547988004],[103.90380319575968,1.373550114152586],[103.90439894821108,1.374486042131484],[103.9046337856647,1.3750108489379724],[103.90485994902252,1.376085016233737],[103.9029321694501,1.377260474633559],[103.90249944532894,1.376667416025929],[103.89904384583552,1.3733007539709883],[103.89774703654415,1.3722004176137907],[103.89465573769536,1.369270607693326],[103.89403165971619,1.3699276220841778],[103.89400125182549,1.3704859699090488],[103.89381989254346,1.3707414144693348],[103.8933051015732,1.3702341318591253],[103.89276146351803,1.3702293258839853],[103.8927614482558,1.3696098726406667],[103.89208775685141,1.3689591859625143],[103.89200252373088,1.3690558154295258],[103.89200255230536,1.3702308165595274],[103.89159808276484,1.37023082649286],[103.89114742379292,1.3708866454490196],[103.89004989323142,1.371906766045689],[103.88956005494552,1.3713877577664253],[103.88830275399592,1.369671756813622],[103.88722418796657,1.3688241971290096],[103.88706302293907,1.3686108846938103],[103.88682144186647,1.3678163603791629],[103.88546169431608,1.3680964965309104],[103.88567872516742,1.366698578436172],[103.88553139199882,1.3658977248285369],[103.8853859657929,1.365641396732635],[103.8879588261197,1.3628150609616494],[103.89093360749206,1.3656444846663567],[103.8920711438984,1.3644279464124416],[103.89250331239273,1.3638497326304104],[103.892842542926,1.3629583361181454],[103.8930077589011,1.3615026589960753],[103.89558998686447,1.3617643638555132],[103.89590830732018,1.3629681136746687],[103.89607567322494,1.3632640767325837],[103.89972381166146,1.3667328135687449],[103.90078714670898,1.3694564017114197]]]}},{"type":"Feature","properties":{"district":"Hong Kah North","electorate_type":"SMC"},"geometry":{"type":"Polygon","coordinates":[[[103.7355960592331,1.3756079555076401],[103.73559409059463,1.3758630869136688],[103.73479223533906,1.3765750221468098],[103.73266514915166,1.3789582111852106],[103.72749200610062,1.374588286672327],[103.72594622551084,1.3744276411811007],[103.71804444714874,1.3744702757596086],[103.71741082151695,1.3743745478267833],[103.71217290906127,1.373034276449199],[103.70882040444725,1.3707426702292898],[103.70801513419042,1.370483952426309],[103.70756108894363,1.3704925532253212],[103.70706420131258,1.3706477390804221],[103.70510230979687,1.3719884620823033],[103.70417060649278,1.3723649507288669],[103.69780462205469,1.3726912084454383],[103.69541306741581,1.3738237548294316],[103.69510850581149,1.3738952386614436],[103.69417334324737,1.37075543153796],[103.69390926522274,1.3672811843446149],[103.69372113993742,1.366616961215429],[103.69288780499804,1.3649900509549149],[103.69269518370113,1.364238253805883],[103.69275376879861,1.363286310897323],[103.69430616484789,1.358803487796298],[103.69485434245586,1.3575582206455437],[103.69560107870818,1.356642490743771],[103.7020622431288,1.3520743406263196],[103.70263733470507,1.3515223575510809],[103.7031753776772,1.3507302331070425],[103.70157849413586,1.3504445193325718],[103.69845154269895,1.3505191689606608],[103.69790677053864,1.3504063403129383],[103.69762505037528,1.3502226965260502],[103.69726196343917,1.349662219474483],[103.6969246334879,1.3468457136251422],[103.6986308126747,1.3465987699819797],[103.69897059204683,1.346220723164322],[103.70003554510026,1.3445533998338035],[103.70582175771511,1.347537611437728],[103.71326313011211,1.3525993132453409],[103.71474153402565,1.353562708881854],[103.71591728645576,1.3542065593516468],[103.71834671065746,1.3550087686245362],[103.71922220472078,1.3551874217137685],[103.72146946131893,1.3554316345867585],[103.7238425387733,1.3552010960063967],[103.72502336435352,1.354915215161071],[103.72695369351905,1.3541598753665205],[103.72821855488068,1.3534941288126774],[103.73084905759285,1.351919026370478],[103.73207784526278,1.3510004425590347],[103.73659617760084,1.3464454284555158],[103.7373030051439,1.3459605624381372],[103.73805250940364,1.3474195134712739],[103.73824785523274,1.347967084989425],[103.73832704426643,1.3487843356549871],[103.73814699606262,1.3497525272778235],[103.7418012423605,1.3498482993582992],[103.74243507058415,1.3501285339720226],[103.74357511159226,1.351514054688658],[103.74417355101961,1.3518714489415011],[103.74697425565904,1.3523594394030716],[103.74840426959601,1.3523412609504684],[103.74841355949448,1.3526859086597898],[103.7482979041572,1.3532135799528655],[103.7476768429143,1.354203729128087],[103.74747840143655,1.3547660878165986],[103.74737445172956,1.3552765556415844],[103.74731893519098,1.3564404267080064],[103.74912456419993,1.3565165524124931],[103.74902623968693,1.3590702764359628],[103.74953001216558,1.3596694347085507],[103.74969736786178,1.3597348306070594],[103.75156230972074,1.3598336332529766],[103.75134050308819,1.365258075350503],[103.75122094680665,1.365924614959457],[103.75089896165068,1.3667219983077998],[103.75067174457713,1.3670874444892571],[103.75009725325907,1.3677278270207829],[103.7485188841482,1.369084599269905],[103.74464222670825,1.3656942264967569],[103.74411435636998,1.3651507407772236],[103.74070866535045,1.3609346890222924],[103.73958996938555,1.3645435137838666],[103.73924667818653,1.3647695587055038],[103.7390098272827,1.3651409536933703],[103.73793041057223,1.368569341203303],[103.7377551481115,1.3688162701456752],[103.7368963865985,1.3693982988538766],[103.73677954526903,1.3695570386853402],[103.73555259010087,1.3741311820824498],[103.7355960592331,1.3756079555076401]]]}},{"type":"Feature","properties":{"district":"Holland-Bukit Timah","electorate_type":"GRC"},"geometry":{"type":"Polygon","coordinates":[[[103.80590121216541,1.4110952498140035],[103.80529653522754,1.4133930331606903],[103.80499918305232,1.4141892224175494],[103.80450484456777,1.4151276004417597],[103.80373275343383,1.4157352807889563],[103.80322559243213,1.416004533845673],[103.80243123841217,1.4162067099522895],[103.80169407730172,1.416136600283749],[103.79945179239799,1.4156577149575782],[103.79709658932443,1.4150550402209983],[103.79467029250583,1.4143359962400943],[103.78955017131572,1.4125388356279878],[103.78886649127266,1.4125243029611319],[103.7876342741117,1.4122975521765222],[103.78514444927893,1.4116446287010247],[103.78381641318045,1.4110934689779058],[103.78277211142466,1.4108678498943392],[103.78023936671609,1.410735211829672],[103.77688537654814,1.4108569745998407],[103.77514383003559,1.4105665807943744],[103.77346371720293,1.410042961376426],[103.77285577145133,1.4099333619158267],[103.77219280205773,1.4099204139118076],[103.77041107093567,1.4101134984430834],[103.76662146359116,1.4101884968120406],[103.76361986449106,1.4104541004919005],[103.76265888015395,1.4107157360814802],[103.7607183497613,1.4116734572842793],[103.75984892482904,1.4118791197981784],[103.75914616440774,1.4118850102388698],[103.75524832091428,1.4113922859571237],[103.75538025497579,1.410657990154548],[103.75539691403993,1.410034545271697],[103.75521114222936,1.4084515850864758],[103.75269997714342,1.4004996043666431],[103.75245768334045,1.3987596148344048],[103.75249690220737,1.397905029088234],[103.75337066629837,1.3921780725385897],[103.75369523810856,1.390732021208393],[103.7539184646946,1.3901087242203742],[103.75514480396714,1.3876815042833757],[103.75543216989898,1.3872277066017693],[103.75656141901973,1.3858480238444186],[103.75737679340837,1.3845873125915307],[103.7600691404706,1.3791470150613487],[103.76123314569661,1.3796602769949884],[103.76208893365771,1.377809396443136],[103.76274663777379,1.3739487017808478],[103.76319024411343,1.3718932312102525],[103.7636045851496,1.3706399908581413],[103.76746309538508,1.3645334227191224],[103.7676434885384,1.3640630517642796],[103.76765148907783,1.3634803742275932],[103.76717133144078,1.361662801536699],[103.767107592543,1.3609063491168476],[103.76739795699301,1.3584310845028384],[103.76764098528287,1.3573157213714906],[103.76828232423226,1.3564461721872698],[103.7688355121167,1.3554639630095202],[103.76974380583299,1.3528313949519195],[103.76988932133331,1.352228134606369],[103.77026319515338,1.3491226821008069],[103.77194605601579,1.350005815099998],[103.78044721380267,1.3391192076047154],[103.78080007004885,1.3384672609329136],[103.78100770467812,1.337615891539329],[103.78106031806952,1.3368436500221876],[103.77899523397694,1.3375657188423198],[103.77874356788585,1.3375487562953388],[103.77836845216848,1.337678431784185],[103.77786146295372,1.337925177812474],[103.77742675880916,1.3383127729521467],[103.77684503192657,1.3390207066652497],[103.77602677823037,1.3402493513100133],[103.77285259078378,1.3403821027762421],[103.77234268741942,1.3406269040241248],[103.77186794858245,1.3410760716344745],[103.77143871790702,1.3408115694949325],[103.77054917147828,1.340460469962374],[103.76960651570278,1.3402079300257002],[103.7682227536958,1.3395044673670229],[103.76589930674793,1.3397009973267733],[103.7647717766841,1.3395969287969274],[103.76372017488666,1.339244974787921],[103.76297842713277,1.33919033804869],[103.76273799497532,1.3391080547121008],[103.76243874049975,1.3388469463643702],[103.76214181378432,1.3381848095264737],[103.76191821535875,1.3379819569308085],[103.76075127776684,1.337595942686517],[103.76042612962878,1.3376055418258377],[103.76031277386812,1.3370346234752133],[103.75973451563142,1.3354156891440823],[103.76446419223166,1.332817406116555],[103.76408113205886,1.3302137449255174],[103.76400709943458,1.329212054062042],[103.76423698552587,1.323878788022328],[103.76308284019157,1.3243000330724415],[103.7622015479987,1.3243008117326105],[103.76179446382909,1.3242129426888076],[103.76017455942517,1.3233259146164358],[103.76137864443525,1.3216234836085115],[103.76424875931592,1.3172282136871807],[103.7647850966104,1.3160610337542498],[103.76561079726955,1.3166395969453584],[103.76591567957283,1.317086494251317],[103.76601012876569,1.3173904562547072],[103.76602032090307,1.3185676842383138],[103.76609228965431,1.3189322933009857],[103.76631202190147,1.3193754178582728],[103.76794587948243,1.3210553639896898],[103.76845800873245,1.3214517077789123],[103.76987913316681,1.3197322167253869],[103.7712491012448,1.3185852281943384],[103.77180642308805,1.3160625256115772],[103.77226610263195,1.3125814947142203],[103.77223436646307,1.3121087691399052],[103.77508343081226,1.3124718567963096],[103.7758884013013,1.312510042923235],[103.77686451277845,1.3123308113505314],[103.77776198332629,1.3119261528951063],[103.78408736934811,1.3081045951735364],[103.78498207407458,1.3077565399809539],[103.78591163667411,1.3076853007734377],[103.78851081609164,1.3081814075735938],[103.79100269636939,1.30723857322037],[103.7915513418481,1.3090238722793666],[103.79108083964442,1.3107022031194728],[103.79073179309776,1.3106368776542354],[103.79039418680046,1.3117544509768755],[103.78972264310566,1.3128219953474876],[103.78898338106823,1.3135071088352197],[103.78765461716047,1.314428123879119],[103.78707486684324,1.314947839613369],[103.78610502422977,1.3161793468602716],[103.78472297215703,1.3182041773600426],[103.78562001514236,1.3181238265722157],[103.786553722075,1.3179366836597803],[103.78719280487196,1.3176442613672097],[103.78751042605687,1.317381047391037],[103.79261157718032,1.3249399427776423],[103.79651702122189,1.3216377871196126],[103.79954560100816,1.3228135395000764],[103.80218103331141,1.3224869782809212],[103.80183477623986,1.3223223514634068],[103.80154243916192,1.3216825099267693],[103.80194669771097,1.3209879331852716],[103.80259528805105,1.3208096517118983],[103.80358537848583,1.3209733739108829],[103.80386829375777,1.3208274163403169],[103.80413219212419,1.3204661062725374],[103.80419014537816,1.3200202138376378],[103.80402760221658,1.318839726952791],[103.80430326404543,1.3182402712741577],[103.8041552180251,1.3178451037692118],[103.80532427543872,1.3153497780818753],[103.80912049400624,1.3188374153573341],[103.81128171207416,1.3199538662738217],[103.81158942439865,1.32019888679003],[103.81296517282958,1.321693025630123],[103.81333385898081,1.3232411432735292],[103.81886024552888,1.3226176297880066],[103.82309778794615,1.3214542345659472],[103.82542473977993,1.320673864716343],[103.82596583034253,1.3224277546432692],[103.82676562895668,1.3240300540260246],[103.82664318667446,1.3253861140652472],[103.82668327797516,1.325850304732009],[103.82687547869297,1.3265635051787408],[103.82606614299903,1.3268180844041553],[103.8255602691478,1.3271412872634554],[103.82435438756009,1.3283973285807722],[103.82312098271753,1.3292153732342558],[103.82061705532298,1.3302062708782025],[103.81505746310538,1.3332458658623818],[103.81434705734395,1.3335481513622267],[103.81247600110851,1.334082170666183],[103.8114421991209,1.3346392647309824],[103.8075198186094,1.3381310263385822],[103.80481779585409,1.340662263483005],[103.80061797836507,1.3451456377629578],[103.80290623917524,1.3458769949638683],[103.8032435658252,1.347539511251381],[103.80356110736732,1.3482430825091263],[103.80478044950299,1.3497397488014902],[103.81576920174031,1.3681261131483313],[103.8158624559877,1.3681990598002152],[103.81602181352436,1.3681728896376992],[103.81630322867822,1.3684561232935264],[103.81645909057211,1.3684561244019382],[103.81663226931471,1.3685824905492705],[103.81680111751812,1.3688831532942105],[103.81690502083556,1.3695629103609923],[103.81735961287441,1.370312388179412],[103.81770597068137,1.3705738351557264],[103.81845497275847,1.3707655662620097],[103.82021275255913,1.3700509609246285],[103.82056344292303,1.3698113050895182],[103.82099639502681,1.3693407069821943],[103.82048119298162,1.367854826612233],[103.81981445334685,1.3674582984663388],[103.81910874801657,1.367161990349686],[103.81884897788782,1.3672796388833106],[103.81866713940944,1.3672273487774456],[103.81865290944582,1.3670533597196097],[103.81882300466128,1.3666565286347778],[103.81872342895923,1.3662382166252243],[103.81842469513674,1.366063918133235],[103.8180696768577,1.3660857031111808],[103.8180090646918,1.3660116267781015],[103.81803504350617,1.3656761060404756],[103.81780137212307,1.3653960243871046],[103.81672321143203,1.3652621431582168],[103.81657600975231,1.365153206867321],[103.81663364878243,1.3650402119998528],[103.81715616202511,1.36500505871279],[103.81736830766643,1.3648961248757303],[103.81761941766356,1.3649266285950707],[103.81778393860465,1.364839481347804],[103.81850263305759,1.364913561852156],[103.81875374824035,1.3640856551421405],[103.81897455263308,1.3639897933194385],[103.81920401478492,1.3640987299515654],[103.81928194127768,1.3647959164620835],[103.81953737540289,1.3657937652881866],[103.81998331023776,1.3662425812834282],[103.82046388235752,1.3664735268368158],[103.82136008364984,1.3671227858200403],[103.8221047522652,1.367915838629655],[103.82297497873174,1.3682905800814653],[103.82338195163952,1.3681772889989348],[103.8228234540387,1.3665519718807775],[103.82241215658426,1.3656543431229817],[103.82246844005762,1.3656064116646476],[103.82329103906103,1.3664953273446825],[103.8234961837023,1.3668857445903477],[103.82371532742789,1.3669354279932904],[103.82382356422397,1.367044363691669],[103.82403570785605,1.3674278166075384],[103.82526541950539,1.3676593043569905],[103.82619178662904,1.3701512067936426],[103.82581944924767,1.3703516467934556],[103.82519599926394,1.3710706177039078],[103.82487128650335,1.3712187684492654],[103.82454224292005,1.371680653081125],[103.82428203103497,1.3717544614234147],[103.82404735949879,1.3716511460810956],[103.82400255709194,1.3717384716081815],[103.82412723504726,1.3731864470267354],[103.82425648902381,1.373528194736758],[103.8245866127808,1.3737863725605406],[103.82416989716938,1.3739813651148416],[103.82414391763157,1.374634976851963],[103.82367549347903,1.3745218647638082],[103.82302440357077,1.3747717565474848],[103.8233213128904,1.3743866012357935],[103.82345552881813,1.3740641532876028],[103.82350748634337,1.373223172919627],[103.82322607054292,1.3727612859216383],[103.82286243010677,1.3726568049088017],[103.82244243099713,1.3727220658522186],[103.82216534220895,1.3728832888181761],[103.82187496894626,1.3732447075532714],[103.82179733296226,1.3732405948886046],[103.82210906255186,1.372072810000626],[103.82206473547762,1.371930857422571],[103.82180599893533,1.3717852190992879],[103.82098772344264,1.3717982873781904],[103.81998760627381,1.372316814056479],[103.81962392661188,1.3725956863384432],[103.8186238052878,1.3736937480596547],[103.81845062011536,1.3744867961144223],[103.81856318003558,1.3756720128255806],[103.8190484315285,1.3762919026343623],[103.8197104932196,1.37673958560002],[103.81952432215824,1.3771186792838643],[103.81949834221135,1.3776154242504017],[103.81944422323814,1.3776372111433879],[103.81925589213304,1.3771578945803078],[103.81896148808731,1.3767308663419824],[103.81859348229685,1.376351769320051],[103.81821248699262,1.3761251815789628],[103.81780984240352,1.3761992549058653],[103.81709592070435,1.3768297139870815],[103.81151016265328,1.3957906092007943],[103.81022568627783,1.3973787096935335],[103.80946672562717,1.3985004670607344],[103.80885800037706,1.4004295114951135],[103.80869098303994,1.4002896115013612],[103.80671304132744,1.4007086751066886],[103.80664803208532,1.4008250759241485],[103.8089706631229,1.4053000041685533],[103.80833926236785,1.4055315633034005],[103.80796470132351,1.4057792807876037],[103.80776136681654,1.4060162298069259],[103.80660834032761,1.4094860196199073],[103.80590121216541,1.4110952498140035]],[[103.76759491257936,1.3800385643858741],[103.76609165450294,1.3809139179299068],[103.76687612883437,1.3823844498437434],[103.76990032349886,1.387408229819045],[103.77227711950708,1.3859308670749149],[103.77250836788645,1.3857296872296703],[103.77280959609894,1.385248156569293],[103.77309783570854,1.383431558853189],[103.77284942622015,1.3821271488011126],[103.772659495486,1.3815284273749437],[103.77560350161149,1.381522778266174],[103.77645459633835,1.3780738873569425],[103.77858410631656,1.3705084393200901],[103.77925646742204,1.3675956615916915],[103.77961584135376,1.365381269439713],[103.77683450465875,1.3648654819062762],[103.77544140672465,1.3648047417695712],[103.77541023036791,1.368007707627339],[103.77525094013119,1.370036735038808],[103.77487243695946,1.3712835190527903],[103.77396046509133,1.3729137952169024],[103.77366196329845,1.3732038198317178],[103.7662283697839,1.377833398092745],[103.76759491257936,1.3800385643858741]]]}},{"type":"Feature","properties":{"district":"Jalan Besar","electorate_type":"GRC"},"geometry":{"type":"Polygon","coordinates":[[[103.8650026620377,1.329308211422458],[103.86276670987596,1.3303330678221896],[103.86195341412699,1.3305229585641818],[103.86144657311591,1.3305421821192374],[103.86050654429741,1.3303583879272467],[103.85808805255743,1.3295312022982693],[103.85632384346266,1.3290937329664116],[103.84993425090076,1.329587910736112],[103.84939777598521,1.3289532888985112],[103.85235036736175,1.3274934923223922],[103.85218537858084,1.3271545462776029],[103.85051339207904,1.3250935927131355],[103.85149024651552,1.324192294859933],[103.85272239412619,1.3226356832235042],[103.85302956844653,1.3202804821252612],[103.85347101081379,1.3194780313058225],[103.8494182313379,1.317616800725843],[103.85120663282545,1.3156655513487865],[103.85223151646922,1.3146823653723692],[103.85502185422614,1.3113152094593927],[103.85438015729909,1.3104665429113966],[103.85122523394134,1.3055939845812914],[103.85082572653754,1.3051538280810266],[103.85026079745721,1.3040966659393332],[103.85010874047435,1.303487617395153],[103.84999327518406,1.3013858744949365],[103.8495130426097,1.2996208432853593],[103.84939275546895,1.2993785386268102],[103.84830257771453,1.2980754468838775],[103.84827046042791,1.2978093840852116],[103.8489290268534,1.2972481620468115],[103.849615394241,1.2962751351960153],[103.85014687808146,1.2957683120607622],[103.85015619106053,1.295585510101863],[103.84977430815634,1.2949480492553287],[103.85059292939609,1.2944997293659517],[103.84980206183582,1.2930292766006979],[103.8489052272217,1.2910520973488644],[103.84831811510433,1.2900943920637262],[103.8479840383191,1.2897533147645583],[103.84689355776979,1.289927375619902],[103.84525942008283,1.289198275184426],[103.84492255419794,1.2892127246477028],[103.8444720054351,1.2897031511105153],[103.84442697633105,1.2906310966281158],[103.84401377204874,1.291059929356076],[103.8436166588374,1.2911003099084546],[103.84307293503326,1.2908612558206374],[103.84221277403114,1.2907159954566034],[103.84084744624313,1.2907548595657319],[103.84041769028799,1.2905905558530164],[103.84011348395872,1.29037398570207],[103.83987910832332,1.2899680999425682],[103.83923282371717,1.2893684825267135],[103.83845084657435,1.289280608812706],[103.83733369059262,1.2895605578504292],[103.83589658651663,1.290115172362885],[103.83562498834739,1.2903149095821516],[103.83575276774025,1.2909636684710077],[103.83597829877625,1.2915394059546181],[103.83594911444959,1.2918245457234472],[103.83572351350769,1.292423439824612],[103.8354933152752,1.2926303487902224],[103.83492103813415,1.2926505745302737],[103.83342586085475,1.2923646573384429],[103.83097161132505,1.2921117877088528],[103.82887384744623,1.2926443888240533],[103.82805543713344,1.2926347250200099],[103.82591636339625,1.2923301322714384],[103.82624272160741,1.2905727152941637],[103.82568943857468,1.289005548936079],[103.82551443600101,1.2881236154006674],[103.8266032330242,1.2880220014404973],[103.82819110719946,1.2872406482246601],[103.82894335366247,1.28723482104395],[103.82994487570667,1.2874044787488212],[103.83173646326603,1.2870991529508369],[103.83276769764349,1.2872378851180168],[103.83368229501558,1.2872419958030454],[103.83366864170142,1.286142096842914],[103.8343173454977,1.286590587696667],[103.8345493163409,1.2865631039829286],[103.8346938895255,1.2863804818336324],[103.83491603848576,1.2851457341774688],[103.83541071938964,1.2838684134029201],[103.8357213997597,1.2833789437138308],[103.83652368048459,1.2827580093052913],[103.8382091210341,1.2817040038933847],[103.83888500140463,1.281180158790142],[103.83914762449454,1.2808777705304333],[103.83962689495462,1.2797418824169573],[103.84159124304381,1.282123682918835],[103.84278190344483,1.2798188376481083],[103.84399575761769,1.280526728097233],[103.84408805055637,1.2804264354838502],[103.84385984994486,1.2794047292702353],[103.84388058945612,1.2785929243346519],[103.84362218693776,1.2778477077314079],[103.84310727610539,1.274925311477296],[103.8430793878569,1.2745566408100129],[103.8432134410693,1.2735073933489904],[103.84300251004332,1.2726230237235634],[103.84389820246328,1.2726601840994236],[103.84281937589932,1.2714222503205483],[103.84236526846193,1.270762689170719],[103.84443524365133,1.2688637904919702],[103.84573238748119,1.2674023218746284],[103.84398994000726,1.2658434437271693],[103.84391249695047,1.2655219229425079],[103.84640416932828,1.262277320686106],[103.8435918399349,1.2592335617806607],[103.85179278878499,1.25098593637643],[103.86527494873881,1.2388281375382144],[103.87313359825337,1.2309952749469848],[103.87537767844321,1.2280360946914644],[103.87631611108935,1.2261968795013993],[103.87727488669628,1.2235870642939837],[103.87798347159884,1.2204698191588217],[103.87832118080239,1.2179026710706882],[103.87829042370836,1.2151422382342605],[103.87762901606199,1.2120289018506198],[103.87337450544929,1.2030334664820406],[103.92258752830578,1.2347585218375585],[103.91174080409537,1.2458345215955315],[103.89019563709752,1.2670883891815403],[103.8769649083177,1.2804811322382659],[103.87613646294675,1.280550663241967],[103.87531867370883,1.280930654605484],[103.873825113031,1.2821692290218474],[103.87225251977748,1.2836585785157832],[103.87107020084781,1.2849808229198187],[103.86993167321866,1.286449980293264],[103.86920184953941,1.28756653763454],[103.86825308085447,1.2892266797345797],[103.86753785761738,1.2907399044926875],[103.86704158213483,1.2919446063711026],[103.86647232863284,1.2936781997837985],[103.86611316430057,1.2953474940242344],[103.86598109212932,1.2964231742811245],[103.86603483704697,1.2973694284410031],[103.86620226231696,1.298031457334442],[103.86647438233958,1.2984110608731925],[103.86684375804818,1.2985664440355154],[103.86717768785925,1.298543477740016],[103.86741977198615,1.298426757209889],[103.86753989294455,1.298322355468505],[103.86753990754342,1.2980734473655557],[103.86953276184241,1.2980737810492267],[103.87076497460156,1.298291533970487],[103.87182776898442,1.2986479641788156],[103.87170180649557,1.2989305348638855],[103.87131655536199,1.2989299078460577],[103.87117362887318,1.2992498197694289],[103.8721225435982,1.2992498030995716],[103.87249102854068,1.2984362444977025],[103.87328173811589,1.298558273961241],[103.87330529425752,1.29875925979933],[103.87297840475038,1.2989746172423884],[103.8728238725481,1.2989207816140207],[103.8728336747958,1.299104192369317],[103.87297171771105,1.299091685806976],[103.87343650260594,1.2987871598513374],[103.87397851595179,1.2996841306765015],[103.87296892347884,1.3005744240209443],[103.8725595554171,1.301162819098412],[103.87206583412106,1.3021803522825328],[103.87187987484032,1.3032341072815874],[103.87195500929,1.3040246435160185],[103.87152232283026,1.304153861400991],[103.87142527867681,1.3039204396018444],[103.87113794227359,1.3040060224519934],[103.8711635401677,1.3042185444663146],[103.87093623742469,1.3042670758168657],[103.87076154249662,1.3035078161239513],[103.8706616919447,1.3035317457005238],[103.87082812228218,1.3043357250058347],[103.86948907228184,1.3041984646473654],[103.86912408961821,1.3047203318665472],[103.87146718559863,1.306241380412934],[103.87214056803869,1.306578021840347],[103.87301527785043,1.3067825840214788],[103.87572004618086,1.3068595343215708],[103.87622744706276,1.3069822335455525],[103.8769233910603,1.3074054062519163],[103.87723421977324,1.307805045624933],[103.87801222591968,1.309203034673887],[103.87863345956052,1.3096169645134277],[103.87915693792522,1.309827537916433],[103.88218825234048,1.3104792231961062],[103.88210701195013,1.31309024161269],[103.88182151285474,1.3149358921161176],[103.88192198918075,1.317886202314915],[103.88186596034824,1.3191558812198783],[103.8814212443827,1.3226374457182302],[103.87561032305669,1.320287865085353],[103.87501535496264,1.3206761504991387],[103.87447968935597,1.3212235477576129],[103.87185051704839,1.3249965207908327],[103.87059709023862,1.3263853399797374],[103.86949737640826,1.3274101496074742],[103.86875358422259,1.327911093522561],[103.86730707898799,1.3286280351424207],[103.8650026620377,1.329308211422458]]]}},{"type":"Feature","properties":{"district":"Nee Soon","electorate_type":"GRC"},"geometry":{"type":"Polygon","coordinates":[[[103.8405278240131,1.4420271119119694],[103.84067129043355,1.4422261662825335],[103.8362959210033,1.445422032161991],[103.83604489684066,1.4451800708743094],[103.83401162265189,1.4439237484374179],[103.83070878297988,1.4419156365360914],[103.8306793756421,1.441963840001768],[103.8302325663359,1.4415391445751393],[103.82952707530218,1.438906143713114],[103.82888037447655,1.4378115249947734],[103.8279397183507,1.4366577367176614],[103.82652873264318,1.4359477105962242],[103.82576115026949,1.4357314828938368],[103.82589730233153,1.4353560581578808],[103.82475205248416,1.4350902536700205],[103.8241567149773,1.4351012022945753],[103.82352906718002,1.4352829912882485],[103.8227991312568,1.435778657130307],[103.82138260568887,1.437583315162312],[103.82031239217203,1.438795227261522],[103.81872242728627,1.4403111917535512],[103.81784681910304,1.4410104672179926],[103.81566842638973,1.442460906671088],[103.81315908040261,1.443694035098796],[103.81169313077731,1.4442716132823286],[103.81144698261052,1.4423455281305264],[103.81097917909537,1.4411153772584613],[103.81060214322657,1.4405319531571321],[103.79497041371054,1.4224450707112228],[103.79809230247481,1.4207393778949151],[103.79930214657001,1.4199264509115088],[103.80072856738457,1.418828587597478],[103.80159517274652,1.417965391655325],[103.80166623749967,1.4177801752430674],[103.80164509345671,1.41745743016422],[103.80098315525777,1.416311210512957],[103.80062986060877,1.4159002947168107],[103.80199608650673,1.4161839062468633],[103.80243123841217,1.4162067099522895],[103.80290232768031,1.4161203308419965],[103.80373275343383,1.4157352807889563],[103.80450484456777,1.4151276004417597],[103.80499918305232,1.4141892224175494],[103.80529653522754,1.4133930331606903],[103.80590121216541,1.4110952498140035],[103.80660834032761,1.4094860196199073],[103.80776136681654,1.4060162298069259],[103.80796470132351,1.4057792807876037],[103.80833926236785,1.4055315633034005],[103.8089706631229,1.4053000041685533],[103.80664803208532,1.4008250759241485],[103.80671304132744,1.4007086751066886],[103.80869098303994,1.4002896115013612],[103.80885800037706,1.4004295114951135],[103.80946672562717,1.3985004670607344],[103.81022568627783,1.3973787096935335],[103.81151016265328,1.3957906092007943],[103.81709592070435,1.3768297139870815],[103.81780984240352,1.3761992549058653],[103.81821248699262,1.3761251815789628],[103.81859348229685,1.376351769320051],[103.81896148808731,1.3767308663419824],[103.81925589213304,1.3771578945803078],[103.81944422323814,1.3776372111433879],[103.81949834221135,1.3776154242504017],[103.81952432215824,1.3771186792838643],[103.8197104932196,1.37673958560002],[103.8190484315285,1.3762919026343623],[103.81856318003558,1.3756720128255806],[103.81845062011536,1.3744867961144223],[103.81852855447768,1.3739639072525884],[103.81872338480439,1.373528167144549],[103.81962392661188,1.3725956863384432],[103.81998760627381,1.372316814056479],[103.82098772344264,1.3717982873781904],[103.82180599893533,1.3717852190992879],[103.82206473547762,1.371930857422571],[103.82210906255186,1.372072810000626],[103.82179733296226,1.3732405948886046],[103.82187496894626,1.3732447075532714],[103.82216534220895,1.3728832888181761],[103.82244243099713,1.3727220658522186],[103.82286243010677,1.3726568049088017],[103.82322607054292,1.3727612859216383],[103.82350748634337,1.373223172919627],[103.82345552881813,1.3740641532876028],[103.8233213128904,1.3743866012357935],[103.82302440357077,1.3747717565474848],[103.82367549347903,1.3745218647638082],[103.8240833044099,1.374661121117386],[103.82416989486104,1.3745870455211195],[103.82411794189538,1.374290741310307],[103.82416989716938,1.3739813651148416],[103.8245866127808,1.3737863725605406],[103.82425648902381,1.373528194736758],[103.82412723504726,1.3731864470267354],[103.82400255709194,1.3717384716081815],[103.82404735949879,1.3716511460810956],[103.82428203103497,1.3717544614234147],[103.82454224292005,1.371680653081125],[103.82487128650335,1.3712187684492654],[103.82519599926394,1.3710706177039078],[103.82581944924767,1.3703516467934556],[103.82619178662904,1.3701512067936426],[103.8253475427122,1.367741555046618],[103.82526541950539,1.3676593043569905],[103.82436614355447,1.3675347381951044],[103.82453038056924,1.3671265021349113],[103.82479435121957,1.3669789071689944],[103.82829413712071,1.367046119632427],[103.82835991378998,1.367992458540053],[103.8319336585633,1.36766629175044],[103.83357066980234,1.367265863157523],[103.8356582103409,1.3665409580721104],[103.836235824216,1.368188525571724],[103.83654995599443,1.3687264446875407],[103.8368875689737,1.3690955025874865],[103.8376311725506,1.369598695946617],[103.83809848140356,1.3697695350057157],[103.83888683703957,1.369863820301217],[103.84270142451956,1.3694196806607875],[103.84298350069008,1.371764914839822],[103.84307197181032,1.371910637522849],[103.8429377839134,1.3721646016304672],[103.84130071805285,1.372366323316198],[103.84070827782097,1.3734372898581202],[103.84065243622447,1.3744700524968996],[103.84101572559081,1.376051180837095],[103.8425463144689,1.3762147545596135],[103.84241057701676,1.3772392173924703],[103.84096554072495,1.3770898612757068],[103.83811822230388,1.3770762327344819],[103.83734050053765,1.377236370069406],[103.83670990306098,1.3776580307197746],[103.83423700272186,1.3809825609549888],[103.83564650286507,1.3819332028244677],[103.83435531474662,1.3835577315689205],[103.83597504785506,1.3855201366390875],[103.83298614026262,1.3875942399591608],[103.82726893039491,1.3929200894863374],[103.82818732366026,1.3930031449479372],[103.83017667586479,1.393368780197155],[103.83993930004658,1.3958488828316014],[103.83836664117823,1.399327193181838],[103.83808267699072,1.4006539592394804],[103.83810693423918,1.4015601608025778],[103.83830195616193,1.4024452008219646],[103.83866058430253,1.4032767555280272],[103.83916977711924,1.4040245152719564],[103.8398109323655,1.404661241685128],[103.84056067165919,1.405163656231265],[103.8413916524186,1.4055134234554447],[103.84385986487563,1.4061769907456068],[103.84553834240315,1.40683914613864],[103.8479191953092,1.4081270035875437],[103.84949834280178,1.4092526431527956],[103.85244391882472,1.41213679926536],[103.85543269850689,1.415638074317777],[103.85939252574593,1.4207360311761685],[103.86099703262661,1.4235188735496096],[103.85530599561253,1.4261661429517796],[103.85494852785789,1.426274986855927],[103.85462480433569,1.426274977294567],[103.85424400174821,1.4260156979271725],[103.85415621656205,1.425720081656527],[103.85398376476587,1.4233783597382952],[103.8535951768424,1.4221802800941723],[103.85315549909728,1.4213927546957061],[103.85112339513756,1.4182837494943674],[103.85047984635291,1.4174167498224723],[103.85006818268006,1.4170684370035835],[103.84958028353122,1.4168406582035327],[103.84660147983155,1.4159903148331552],[103.84634799714064,1.4159891143161338],[103.84537093895332,1.4155931430752364],[103.84528730938301,1.4156297421234012],[103.84517755048626,1.4158147132001793],[103.84567232130952,1.416572680613932],[103.84635445625499,1.418039624446899],[103.84672376854225,1.4184829672253896],[103.84546972211888,1.4195251381326748],[103.84483635114152,1.4197089085657963],[103.8437727043633,1.4197168647574194],[103.84382868539385,1.42032391168794],[103.8437553112797,1.4223434958081713],[103.84385206064954,1.42292000765096],[103.84406899676779,1.4233081429284624],[103.84612438588368,1.4255673537376208],[103.84624869731371,1.4257914662170936],[103.84630526581748,1.426155153993493],[103.84617188059615,1.429254720637985],[103.8460543625563,1.4295553517745998],[103.8458247672006,1.4298064548889278],[103.84447958542937,1.4310391874477872],[103.84412730931665,1.431181202484284],[103.84374530202564,1.4311915907709518],[103.84376445798868,1.432931395939291],[103.84446225868334,1.4338292205032084],[103.8403840746439,1.438340669941559],[103.83924852088317,1.4409964844855894],[103.83990498856394,1.441308004407714],[103.8405278240131,1.4420271119119694]]]}},{"type":"Feature","properties":{"district":"Punggol East","electorate_type":"SMC"},"geometry":{"type":"Polygon","coordinates":[[[103.91427435255157,1.3859365904824335],[103.90732991060439,1.3939008338156567],[103.90524564884728,1.3957186338221512],[103.90359524704589,1.3968983128945047],[103.90290471212208,1.3957856131261352],[103.90172943430849,1.394607891765209],[103.90139863239702,1.3941810127148622],[103.9012043308929,1.393517971785881],[103.9011997754385,1.3925565557357895],[103.90181318010977,1.3895986336152957],[103.90188500669511,1.3887455625053122],[103.901813153211,1.387444517401222],[103.90163664405266,1.3862469804534412],[103.90138600594966,1.3856880194414045],[103.90096778432478,1.3851663261649172],[103.89947924320613,1.3837208319232597],[103.89848544299014,1.3829742043151547],[103.89965816796166,1.381963862027913],[103.90055512794939,1.3815248404269593],[103.90120722151144,1.3814650651273004],[103.90337478348056,1.3817482764723519],[103.90473913515582,1.3820090195476844],[103.9047177923008,1.3824639675978596],[103.90513033371802,1.3837668389876803],[103.9061346214386,1.384596913453475],[103.90739903186088,1.3851546129207697],[103.90947081823234,1.385418896949058],[103.91078329302276,1.385211132746192],[103.91164573956812,1.384890125721848],[103.91295818655412,1.3849089468215323],[103.91377327415475,1.3854140194184026],[103.91427435255157,1.3859365904824335]]]}},{"type":"Feature","properties":{"district":"Pioneer","electorate_type":"SMC"},"geometry":{"type":"Polygon","coordinates":[[[103.70830404191034,1.3400328052362762],[103.70944090689692,1.3404530037811457],[103.70894610274588,1.3415018969926078],[103.70722380898079,1.3441185597394572],[103.7056571199116,1.3429935714668164],[103.70503320497788,1.3414119645377367],[103.70451435519199,1.341138473433532],[103.69794736996009,1.3399416388110132],[103.69759560343967,1.3405048666116803],[103.69642924206624,1.3416261040903104],[103.69564050800477,1.3407599919749116],[103.69498892083601,1.3398508950845736],[103.69380291436255,1.3389852285120072],[103.6930464608557,1.338946770873411],[103.69311504103287,1.3381170622294762],[103.69362555138215,1.337317225839951],[103.69122831826904,1.3345265003616864],[103.69168047590527,1.334821499473015],[103.6924147905502,1.3349682185220024],[103.69377328223452,1.334846419187653],[103.69585576402342,1.3348089844683009],[103.70420764588529,1.3347630706166027],[103.70478290130738,1.3348435522139719],[103.70537040023092,1.3351032689855462],[103.70584580829016,1.33559907136109],[103.70718215988128,1.3390496413155075],[103.70762861050818,1.339598111300555],[103.70830404191034,1.3400328052362762]]]}},{"type":"Feature","properties":{"district":"Pasir Ris-Punggol","electorate_type":"GRC"},"geometry":{"type":"Polygon","coordinates":[[[103.91247948915293,1.4267910183505006],[103.90626347172105,1.4274464199144747],[103.90326360079868,1.4281296604763878],[103.89593977685568,1.4117746389077088],[103.89351319562624,1.4085266964904455],[103.89173763843138,1.406679261201793],[103.89031722037973,1.4056959422323632],[103.88825968349025,1.404578572832789],[103.88737192576168,1.403684651029561],[103.88672087393573,1.4021053494739695],[103.8865829806151,1.4011905126811266],[103.88747078226372,1.4011384419452382],[103.89387975372263,1.4002966606124791],[103.89596228082603,1.399955992142936],[103.8907912110183,1.3850029593227307],[103.8902308834764,1.3840128553224733],[103.88866587370232,1.3820908539569683],[103.89043427365468,1.3805894620422103],[103.89125242215988,1.3801596216189498],[103.8919027971919,1.380049704661342],[103.89497911186989,1.3799799976022005],[103.89662215201417,1.3794075554114367],[103.8969127846399,1.3794041207556258],[103.89684446568097,1.3789111738937971],[103.89733443781124,1.3790399258937334],[103.90374490172952,1.3797936863065126],[103.90482811367829,1.3801123360221836],[103.90473913515582,1.3820090195476844],[103.90337478348056,1.3817482764723519],[103.90120722151144,1.3814650651273004],[103.90055512794939,1.3815248404269593],[103.89965816796166,1.381963862027913],[103.89848544299014,1.3829742043151547],[103.89947924320613,1.3837208319232597],[103.90096778432478,1.3851663261649172],[103.90138600594966,1.3856880194414045],[103.90163664405266,1.3862469804534412],[103.901813153211,1.387444517401222],[103.90188500669511,1.3887455625053122],[103.90181318010977,1.3895986336152957],[103.9011997754385,1.3925565557357895],[103.9012043308929,1.393517971785881],[103.90139863239702,1.3941810127148622],[103.90172943430849,1.394607891765209],[103.90290471212208,1.3957856131261352],[103.90359524704589,1.3968983128945047],[103.90524564884728,1.3957186338221512],[103.90732991060439,1.3939008338156567],[103.90880324710267,1.3922852972362338],[103.91506706761508,1.3849811178014366],[103.91750948451671,1.3823549518754707],[103.91675949941613,1.3815807937074691],[103.91464147031326,1.3785520381699148],[103.91542840343892,1.3791470080824366],[103.9166959526683,1.3798180110843938],[103.91725224514113,1.3800084626996059],[103.9178601480152,1.380089247150869],[103.91852645414866,1.3798683063173132],[103.91898392349812,1.379552750115818],[103.91944870292019,1.3789701959801641],[103.9197035734985,1.3781593691196394],[103.92020987690015,1.3736866386495976],[103.92050599105379,1.3729212399559436],[103.921120040643,1.372027875713034],[103.92478149968642,1.3682310024495035],[103.9253185542515,1.3678287516100587],[103.92622321526932,1.3674392401193989],[103.92704943708905,1.3673224535165578],[103.92847746982635,1.3676044804812744],[103.93069950125489,1.3689679596867128],[103.93175660718036,1.3699158650691843],[103.93234918587736,1.370296719460588],[103.9349050803154,1.371047894443446],[103.93587933077087,1.371168705505337],[103.93870512598184,1.3712779537101758],[103.9395192802395,1.3713037759057691],[103.93999730792784,1.3712150140470774],[103.94134236118245,1.370772351978432],[103.94383446238074,1.3685332979487008],[103.94455904965614,1.368023394552163],[103.9458284582485,1.3674037055119448],[103.94634161582987,1.3672121754008348],[103.95387478483264,1.3653801192486412],[103.95516940027326,1.3649330663793564],[103.95663792681766,1.3642883497894724],[103.95785403950224,1.3635070027944816],[103.95936925364794,1.3622861756247682],[103.96050373587565,1.3611122817248174],[103.96114374184084,1.3602491824574747],[103.96427091588636,1.3633919193504944],[103.96506120085628,1.3640863625644235],[103.97489324907909,1.3740052685616513],[103.97359029439554,1.3753178358099551],[103.97312838194352,1.374854695935216],[103.96908726112405,1.3789413378086632],[103.9683334347284,1.381273610284047],[103.9670524948892,1.3842647818011766],[103.96589658017433,1.387725390822261],[103.95605497450529,1.3888531520730738],[103.91854303511775,1.4273274738565354],[103.91247948915293,1.4267910183505006]]]}},{"type":"Feature","properties":{"district":"Potong Pasir","electorate_type":"SMC"},"geometry":{"type":"Polygon","coordinates":[[[103.86757855268544,1.3434698165043706],[103.86584746455452,1.3441710754281428],[103.8647415417069,1.3442928674451031],[103.86271062670376,1.3436884811555183],[103.86145298438191,1.3434740227903756],[103.85696814861275,1.343245229358763],[103.85360979532514,1.3432078839582837],[103.85345826140025,1.3413820365437794],[103.85308141126814,1.3402963649148192],[103.85390824021667,1.339825311674374],[103.85855215926733,1.3397796255058587],[103.85885470238371,1.3397017620479916],[103.85927326656252,1.3394467694356629],[103.85949974669863,1.3392130456673932],[103.85970814893388,1.3388108835674848],[103.85993635139529,1.3389060155752226],[103.86074574848317,1.3397375271380207],[103.86199294541203,1.3388427936291762],[103.8621489674836,1.3376054014988983],[103.86235097192625,1.330438381379909],[103.86276670987596,1.3303330678221896],[103.8650026620377,1.329308211422458],[103.86730707898799,1.3286280351424207],[103.86875358422259,1.327911093522561],[103.86949737640826,1.3274101496074742],[103.87059709023862,1.3263853399797374],[103.87185051704839,1.3249965207908327],[103.87447968935597,1.3212235477576129],[103.87501535496264,1.3206761504991387],[103.87561032305669,1.320287865085353],[103.8814212443827,1.3226374457182302],[103.88070681220015,1.3257055155699662],[103.87976552554098,1.3285828951569758],[103.87882909015609,1.3319770695838107],[103.87773764024213,1.3367432304406872],[103.87517696180667,1.33890149238409],[103.87428859114128,1.3394506963021255],[103.87391374223849,1.3395130901202839],[103.87073851129514,1.3394464087234752],[103.87077453062605,1.340553746494451],[103.87067143357281,1.3430293339622084],[103.8699023168955,1.3427457337984965],[103.86932885937219,1.3427019073364532],[103.8684438608407,1.3430335870478236],[103.86757855268544,1.3434698165043706]]]}},{"type":"Feature","properties":{"district":"Radin Mas","electorate_type":"SMC"},"geometry":{"type":"Polygon","coordinates":[[[103.82043552586025,1.2839222907692496],[103.82079897335042,1.2848909341031909],[103.8217017555271,1.285905215582663],[103.8208663725314,1.2866509936525115],[103.81977909039198,1.2867182259368781],[103.81983373347936,1.2886393266496323],[103.81770570619662,1.2887655551387711],[103.81617184288334,1.2897494305803268],[103.81552276379564,1.2887430907844957],[103.81491682140704,1.288330523456914],[103.81451567450591,1.2877133574235127],[103.81359230583928,1.2868127113401004],[103.81394456059792,1.2863109614538246],[103.8140234060597,1.285984395844719],[103.81435148620771,1.2859748269756668],[103.81432688687731,1.285007500605334],[103.81394700002315,1.2836964783906244],[103.81330352063783,1.2838549587931793],[103.81318271980263,1.28344294723022],[103.81460262740298,1.2827904199193123],[103.81796047284126,1.2806879179951298],[103.8176431787223,1.2803183094116477],[103.81734143441771,1.2797508718397779],[103.81602235874753,1.2768815892751384],[103.81473355053147,1.2749771675237194],[103.81428726923824,1.274470508211493],[103.81359161125854,1.273866715494851],[103.812094003192,1.2727109306645223],[103.81145199092272,1.2717156163608836],[103.81120863901533,1.2708505502761154],[103.81198352287075,1.270514034646771],[103.81449362233833,1.268945016225015],[103.81696533577731,1.2676662574646107],[103.81933076915269,1.2661247533095037],[103.8198796134631,1.2658444735643966],[103.82057532805344,1.2656420550692276],[103.82101594258252,1.2656420572126938],[103.82484814976496,1.2659982538633898],[103.82569845575323,1.2663408203127733],[103.82641993039206,1.267023052730755],[103.82568653470993,1.267966487796541],[103.82530612967871,1.268768686263559],[103.82517740220926,1.2693042924835316],[103.82528062456763,1.2705940022384912],[103.82589222436853,1.2707481341343938],[103.82632755677932,1.2709514412786902],[103.82733542361522,1.2717127354144726],[103.82866021633596,1.2728865930837066],[103.82883083231954,1.2731816959518965],[103.82855639163276,1.2742977732524454],[103.82866480665629,1.274679669917706],[103.82911462261056,1.2751830805445143],[103.82647862385619,1.2774113983879811],[103.82682129615726,1.2774130244377293],[103.82563659269962,1.2784104725681558],[103.8258749855951,1.2787106970985493],[103.82628248738156,1.2785077640806732],[103.82666596032497,1.2792703284114784],[103.82567602283292,1.2797711347278442],[103.82573126931271,1.2798680539021066],[103.82546748526649,1.28001895582396],[103.82587219634783,1.28084932701764],[103.8219195078529,1.282687221045279],[103.82020726130713,1.2833505790346116],[103.82043552586025,1.2839222907692496]]]}},{"type":"Feature","properties":{"district":"Sembawang","electorate_type":"GRC"},"geometry":{"type":"Polygon","coordinates":[[[103.86722884929728,1.455749566451638],[103.85653151451068,1.4636978922723842],[103.85222786017738,1.4662035146527628],[103.84085006823094,1.4714824151413248],[103.83238937585402,1.474670097340249],[103.82739778149747,1.476190196962338],[103.82143949038458,1.4771444175405641],[103.81728433881418,1.4774055261063637],[103.81327019598488,1.4771059573217369],[103.80897975071218,1.4766647900581655],[103.80455274817592,1.4758019895917445],[103.80123469553222,1.4746637530462208],[103.79391391288674,1.4707001569066191],[103.78684459413049,1.4657776694785614],[103.77641064922432,1.4568570770071645],[103.7692545473596,1.4526064694543097],[103.77062530023474,1.448325656539979],[103.77123965873167,1.4483959026395454],[103.77190835868673,1.4491691479232005],[103.77284663850058,1.4498455726188313],[103.7745703345029,1.4506680752392958],[103.77598895609258,1.4509869193517981],[103.77774441583068,1.4490037141492775],[103.7772824982624,1.446790344242759],[103.77834014950552,1.4464927436466897],[103.7788687710648,1.446092010414534],[103.7791105226177,1.445768882641449],[103.77958273250533,1.4447443842297845],[103.77983577060621,1.4443692567661277],[103.78038310182491,1.4438813014427068],[103.78129425878417,1.4434558133048798],[103.7827294829625,1.4429255208274028],[103.78348024437709,1.4424350977207987],[103.78505250044205,1.441140973248174],[103.78306003073419,1.4382710872792763],[103.78278332046058,1.437789528326532],[103.78265399425781,1.4373568752480534],[103.7826126101423,1.4367509798694944],[103.78285890459958,1.4358780866781586],[103.7833104564777,1.435281366762555],[103.78379321267363,1.4349211865966143],[103.7847122106538,1.4345194357089597],[103.78580992111227,1.43435437736392],[103.78684547807192,1.4344772294245058],[103.78847333066766,1.4348945417341683],[103.78900808909584,1.4370011665355735],[103.78901505003353,1.437665287113631],[103.78889494061075,1.4381583486021563],[103.79027529701705,1.43872040518713],[103.79108628630723,1.4389187219192783],[103.79568316785414,1.4392272097837207],[103.79589854149195,1.4358638135998139],[103.79585342433425,1.435579987715124],[103.79578494776598,1.4353540005951422],[103.79373606110344,1.431787478880658],[103.79236439073252,1.4324536086915987],[103.79243334338649,1.4329721673616396],[103.79233087779278,1.4332118408636014],[103.79211343027097,1.4334167200484238],[103.79027754165756,1.4339138720735674],[103.79002379580868,1.4338074980444464],[103.78985652467793,1.4335918962164447],[103.78946290790479,1.4321310584916462],[103.78842199425462,1.432216564859736],[103.78776168661352,1.4321809071064524],[103.78686079492726,1.428658251139341],[103.78632446198634,1.426168626763407],[103.78702480341504,1.4260911344789207],[103.78899499632453,1.4255375802266133],[103.79497041371054,1.4224450707112228],[103.81060214322657,1.4405319531571321],[103.81097917909537,1.4411153772584613],[103.81144698261052,1.4423455281305264],[103.81169313077731,1.4442716132823286],[103.81415575666544,1.4432357504549944],[103.81566842638973,1.442460906671088],[103.81734072150108,1.4413794276735172],[103.81872242728627,1.4403111917535512],[103.82031239217203,1.438795227261522],[103.82138260568887,1.437583315162312],[103.8227991312568,1.435778657130307],[103.82352906718002,1.4352829912882485],[103.8241567149773,1.4351012022945753],[103.82475205248416,1.4350902536700205],[103.82589730233153,1.4353560581578808],[103.82576115026949,1.4357314828938368],[103.82652873264318,1.4359477105962242],[103.8279397183507,1.4366577367176614],[103.82888037447655,1.4378115249947734],[103.82952707530218,1.438906143713114],[103.8302325663359,1.4415391445751393],[103.8306793756421,1.441963840001768],[103.83070878297988,1.4419156365360914],[103.83401162265189,1.4439237484374179],[103.83604489684066,1.4451800708743094],[103.8362959210033,1.445422032161991],[103.84067129043355,1.4422261662825335],[103.83990498856394,1.441308004407714],[103.83924852088317,1.4409964844855894],[103.84053374620645,1.4381074774337512],[103.84446225868334,1.4338292205032084],[103.84376445798868,1.432931395939291],[103.84374530202564,1.4311915907709518],[103.84412730931665,1.431181202484284],[103.84447958542937,1.4310391874477872],[103.8458247672006,1.4298064548889278],[103.8460543625563,1.4295553517745998],[103.84617188059615,1.429254720637985],[103.84630526581748,1.426155153993493],[103.84624869731371,1.4257914662170936],[103.84612438588368,1.4255673537376208],[103.84406899676779,1.4233081429284624],[103.84385206064954,1.42292000765096],[103.8437553112797,1.4223434958081713],[103.84382868539385,1.42032391168794],[103.8437727043633,1.4197168647574194],[103.84483635114152,1.4197089085657963],[103.84546972211888,1.4195251381326748],[103.84672376854225,1.4184829672253896],[103.84635445625499,1.418039624446899],[103.84567232130952,1.416572680613932],[103.84517755048626,1.4158147132001793],[103.84537093895332,1.4155931430752364],[103.84634799714064,1.4159891143161338],[103.84660147983155,1.4159903148331552],[103.84958028353122,1.4168406582035327],[103.85006818268006,1.4170684370035835],[103.85047984635291,1.4174167498224723],[103.85112339513756,1.4182837494943674],[103.85315549909728,1.4213927546957061],[103.8535951768424,1.4221802800941723],[103.85398376476587,1.4233783597382952],[103.85415621656205,1.425720081656527],[103.85424400174821,1.4260156979271725],[103.85462480433569,1.426274977294567],[103.85494852785789,1.426274986855927],[103.85530599561253,1.4261661429517796],[103.86099703262661,1.4235188735496096],[103.87681388145344,1.446050633567311],[103.87529538569441,1.4477888770766882],[103.86722884929728,1.455749566451638]]]}},{"type":"Feature","properties":{"district":"Sengkang West","electorate_type":"SMC"},"geometry":{"type":"Polygon","coordinates":[[[103.89352009977127,1.392967756293586],[103.89596228082603,1.399955992142936],[103.89387975372263,1.4002966606124791],[103.88747078226372,1.4011384419452382],[103.88351212011956,1.4013601240632232],[103.87918985683928,1.4012393774898493],[103.87570008331843,1.4012394436139484],[103.87574079275112,1.398720608860156],[103.87556834316054,1.3966502897641166],[103.87558106619973,1.3959031810202938],[103.87593226427734,1.3943416683725791],[103.87548198329334,1.3894654712930061],[103.87555349438585,1.3890906538156336],[103.87605651675995,1.3878253833994973],[103.87691192710491,1.388220037711606],[103.87723083896103,1.3882695834191197],[103.87788719867713,1.3881024640929576],[103.87815584803617,1.388449631992149],[103.87922639818828,1.3884187066252296],[103.88066306704621,1.3880473112701144],[103.88124954620609,1.3891709135151016],[103.88160330754458,1.3900403316697272],[103.88167148256602,1.3904772864730808],[103.8814906994722,1.3919766215729186],[103.88219422739282,1.3917009926952673],[103.88915434915806,1.3873012491285517],[103.89016148068094,1.3868375621170197],[103.8913308475492,1.3865630043535533],[103.89352009977127,1.392967756293586]]]}},{"type":"Feature","properties":{"district":"Tampines","electorate_type":"GRC"},"geometry":{"type":"Polygon","coordinates":[[[103.96419544890821,1.3509496685679803],[103.96433262044081,1.3522746219519495],[103.96267171879074,1.3575332233992483],[103.9619050726038,1.3590670773059181],[103.96114374184084,1.3602491824574747],[103.96050373587565,1.3611122817248174],[103.95936925364794,1.3622861756247682],[103.95785403950224,1.3635070027944816],[103.95663792681766,1.3642883497894724],[103.95472553130861,1.3651044231680263],[103.95340128879883,1.365506789150269],[103.94634161582987,1.3672121754008348],[103.9458284582485,1.3674037055119448],[103.94455904965614,1.368023394552163],[103.94383446238074,1.3685332979487008],[103.94134236118245,1.370772351978432],[103.9405403395028,1.3710753434412797],[103.9395192802395,1.3713037759057691],[103.93587933077087,1.371168705505337],[103.93421271857558,1.370881641321839],[103.93234918587736,1.370296719460588],[103.93175660718036,1.3699158650691843],[103.93069950125489,1.3689679596867128],[103.93084002165787,1.3680771615149252],[103.93090851819919,1.3667257720317838],[103.93093569684946,1.3607195866089825],[103.93082373759418,1.3594276716847982],[103.9305674013547,1.358574894869532],[103.93025635315085,1.3579176207770667],[103.92611294267846,1.3502816379801026],[103.93113635583708,1.3475440104460552],[103.93786919543659,1.344770655575881],[103.9398159821047,1.344808370599857],[103.94077583018901,1.3450351098265332],[103.94174022684619,1.3454631000718027],[103.94293089242532,1.3463383359605445],[103.94691206561482,1.341566261070186],[103.95620172188003,1.3493880847629478],[103.95812830220872,1.3502823160742496],[103.95929170691157,1.3505470286581454],[103.9601593480902,1.3506264332025542],[103.96213778756878,1.3504476112239572],[103.96305139231762,1.3501761470250384],[103.96391746520625,1.3497981058172972],[103.96419544890821,1.3509496685679803]]]}},{"type":"Feature","properties":{"district":"Tanjong Pagar","electorate_type":"GRC"},"geometry":{"type":"Polygon","coordinates":[[[103.8419563884201,1.3259607323333733],[103.84182062389726,1.3263989263951714],[103.84054490156385,1.3288729544034854],[103.8380313131475,1.327491513901095],[103.83279399409781,1.3258291179762929],[103.83184805457161,1.3258705446037937],[103.8303264985574,1.3266553826123912],[103.82960375964525,1.3268468058016991],[103.82909302009053,1.3268449969681189],[103.82737848542882,1.326559665150598],[103.82687547869297,1.3265635051787408],[103.82668327797516,1.325850304732009],[103.82664318667446,1.3253861140652472],[103.82676562895668,1.3240300540260246],[103.82596583034253,1.3224277546432692],[103.82542473977993,1.320673864716343],[103.82309778794615,1.3214542345659472],[103.81886024552888,1.3226176297880066],[103.81333385898081,1.3232411432735292],[103.81296517282958,1.321693025630123],[103.81158942439865,1.32019888679003],[103.81128171207416,1.3199538662738217],[103.80912049400624,1.3188374153573341],[103.80532427543872,1.3153497780818753],[103.8041552180251,1.3178451037692118],[103.80430326404543,1.3182402712741577],[103.80402760221658,1.318839726952791],[103.80419014537816,1.3200202138376378],[103.80413219212419,1.3204661062725374],[103.80386829375777,1.3208274163403169],[103.80358537848583,1.3209733739108829],[103.80259528805105,1.3208096517118983],[103.80194669771097,1.3209879331852716],[103.80154243916192,1.3216825099267693],[103.80183477623986,1.3223223514634068],[103.80218103331141,1.3224869782809212],[103.79954560100816,1.3228135395000764],[103.79651702122189,1.3216377871196126],[103.79261157718032,1.3249399427776423],[103.78751042605687,1.317381047391037],[103.78719280487196,1.3176442613672097],[103.786553722075,1.3179366836597803],[103.78562001514236,1.3181238265722157],[103.78472297215703,1.3182041773600426],[103.78610502422977,1.3161793468602716],[103.78707486684324,1.314947839613369],[103.78765461716047,1.314428123879119],[103.7893708511699,1.3131840534416637],[103.78998619429164,1.3124866081999926],[103.79039418680046,1.3117544509768755],[103.79073179309776,1.3106368776542354],[103.79108083964442,1.3107022031194728],[103.7915160444877,1.309285095535661],[103.7915346550243,1.3088082553335336],[103.79122128559597,1.3078407038991695],[103.79227827934143,1.3074016985640564],[103.7930558131698,1.3068277048228478],[103.79373964500937,1.306440110512721],[103.79731948658356,1.3033245754141514],[103.79670414609203,1.3026117746979093],[103.79623452870459,1.302319192453778],[103.7946338244005,1.301673434179074],[103.79526045488629,1.3005250599656593],[103.7958125062092,1.2987836546391087],[103.79634673692425,1.2975304636276261],[103.79680574111144,1.296895154252954],[103.79828363963287,1.2952660473377196],[103.79878029097198,1.2943143331753904],[103.79890579928905,1.2934634401122587],[103.79904479652694,1.2879546397798598],[103.79914481253441,1.2865803956885582],[103.79953591891146,1.285571591999243],[103.79984077767838,1.2852077485238367],[103.80045344046108,1.2847290788624712],[103.80137530723427,1.2844101791118745],[103.81161704756053,1.2837868226427416],[103.81318271980263,1.28344294723022],[103.81330352063783,1.2838549587931793],[103.81394700002315,1.2836964783906244],[103.81432688687731,1.285007500605334],[103.81435148620771,1.2859748269756668],[103.8140234060597,1.285984395844719],[103.81394456059792,1.2863109614538246],[103.81359230583928,1.2868127113401004],[103.81451567450591,1.2877133574235127],[103.81491682140704,1.288330523456914],[103.81552276379564,1.2887430907844957],[103.81617184288334,1.2897494305803268],[103.81770570619662,1.2887655551387711],[103.81983373347936,1.2886393266496323],[103.81977909039198,1.2867182259368781],[103.8208663725314,1.2866509936525115],[103.8217017555271,1.285905215582663],[103.82079897335042,1.2848909341031909],[103.82020726130713,1.2833505790346116],[103.8219195078529,1.282687221045279],[103.82587219634783,1.28084932701764],[103.82546748526649,1.28001895582396],[103.82573126931271,1.2798680539021066],[103.82567602283292,1.2797711347278442],[103.82666596032497,1.2792703284114784],[103.82628248738156,1.2785077640806732],[103.8258749855951,1.2787106970985493],[103.82563659269962,1.2784104725681558],[103.82682129615726,1.2774130244377293],[103.82647862385619,1.2774113983879811],[103.82911462261056,1.2751830805445143],[103.82866480665629,1.274679669917706],[103.82855639163276,1.2742977732524454],[103.82883083231954,1.2731816959518965],[103.82866021633596,1.2728865930837066],[103.82733542361522,1.2717127354144726],[103.82632755677932,1.2709514412786902],[103.82589222436853,1.2707481341343938],[103.82528062456763,1.2705940022384912],[103.82517740220926,1.2693042924835316],[103.82530612967871,1.268768686263559],[103.82568653470993,1.267966487796541],[103.82641993039206,1.267023052730755],[103.82569845575323,1.2663408203127733],[103.82484814976496,1.2659982538633898],[103.82674332010723,1.262517745931153],[103.82965579573047,1.2643839031051116],[103.83091925159788,1.2649651184559696],[103.83233368589384,1.265314571410395],[103.83446866659484,1.2654221065623963],[103.83577634793781,1.2651532861014372],[103.83735088457996,1.2643468454350757],[103.84004363438494,1.2623763124034846],[103.8435918399349,1.2592335617806607],[103.84640416932828,1.262277320686106],[103.84391249695047,1.2655219229425079],[103.84398994000726,1.2658434437271693],[103.84573238748119,1.2674023218746284],[103.84443524365133,1.2688637904919702],[103.84236526846193,1.270762689170719],[103.84281937589932,1.2714222503205483],[103.84389820246328,1.2726601840994236],[103.84300251004332,1.2726230237235634],[103.8432134410693,1.2735073933489904],[103.8430793878569,1.2745566408100129],[103.84310727610539,1.274925311477296],[103.84362218693776,1.2778477077314079],[103.84388058945612,1.2785929243346519],[103.84385984994486,1.2794047292702353],[103.84408805055637,1.2804264354838502],[103.84399575761769,1.280526728097233],[103.84278190344483,1.2798188376481083],[103.84159124304381,1.282123682918835],[103.83962689495462,1.2797418824169573],[103.83914762449454,1.2808777705304333],[103.83888500140463,1.281180158790142],[103.8382091210341,1.2817040038933847],[103.83652368048459,1.2827580093052913],[103.8357213997597,1.2833789437138308],[103.83541071938964,1.2838684134029201],[103.83491603848576,1.2851457341774688],[103.8346938895255,1.2863804818336324],[103.8345493163409,1.2865631039829286],[103.8343173454977,1.286590587696667],[103.83366864170142,1.286142096842914],[103.83368229501558,1.2872419958030454],[103.83276769764349,1.2872378851180168],[103.83173646326603,1.2870991529508369],[103.82994487570667,1.2874044787488212],[103.82894335366247,1.28723482104395],[103.82819110719946,1.2872406482246601],[103.8266032330242,1.2880220014404973],[103.82551443600101,1.2881236154006674],[103.82568943857468,1.289005548936079],[103.82624272160741,1.2905727152941637],[103.82591636339625,1.2923301322714384],[103.82863762972363,1.2926716957284443],[103.83097161132505,1.2921117877088528],[103.83135449264225,1.2921117880380102],[103.83342586085475,1.2923646573384429],[103.83492103813415,1.2926505745302737],[103.8354933152752,1.2926303487902224],[103.83572351350769,1.292423439824612],[103.83594911444959,1.2918245457234472],[103.83597829877625,1.2915394059546181],[103.83575276774025,1.2909636684710077],[103.83562498834739,1.2903149095821516],[103.83589658651663,1.290115172362885],[103.83733369059262,1.2895605578504292],[103.83845084657435,1.289280608812706],[103.83923282371717,1.2893684825267135],[103.83987910832332,1.2899680999425682],[103.84011348395872,1.29037398570207],[103.84041769028799,1.2905905558530164],[103.84084744624313,1.2907548595657319],[103.84221277403114,1.2907159954566034],[103.84307293503326,1.2908612558206374],[103.8436166588374,1.2911003099084546],[103.84401377204874,1.291059929356076],[103.84442697633105,1.2906310966281158],[103.8444720054351,1.2897031511105153],[103.84492255419794,1.2892127246477028],[103.84525942008283,1.289198275184426],[103.84689355776979,1.289927375619902],[103.8479840383191,1.2897533147645583],[103.84831811510433,1.2900943920637262],[103.8489052272217,1.2910520973488644],[103.84980206183582,1.2930292766006979],[103.85059292939609,1.2944997293659517],[103.84977430815634,1.2949480492553287],[103.85015619106053,1.295585510101863],[103.85014687808146,1.2957683120607622],[103.849615394241,1.2962751351960153],[103.8489290268534,1.2972481620468115],[103.84827046042791,1.2978093840852116],[103.84830257771453,1.2980754468838775],[103.84939275546895,1.2993785386268102],[103.8495130426097,1.2996208432853593],[103.84999327518406,1.3013858744949365],[103.85010874047435,1.303487617395153],[103.85026079745721,1.3040966659393332],[103.85082572653754,1.3051538280810266],[103.85122523394134,1.3055939845812914],[103.85438015729909,1.3104665429113966],[103.85502185422614,1.3113152094593927],[103.85223151646922,1.3146823653723692],[103.85120663282545,1.3156655513487865],[103.8494182313379,1.317616800725843],[103.84822025867798,1.3170267103417124],[103.84701947702283,1.3161743889759072],[103.8464573184914,1.3156533232785717],[103.84598645438349,1.315057115920167],[103.84529647798995,1.313852971367049],[103.84511045606993,1.3151224742557246],[103.84414294781736,1.318108542446321],[103.84383723200621,1.3188160328437362],[103.8422074210748,1.320873609838206],[103.8418629020364,1.3214673128904486],[103.84163726565563,1.3220796318053911],[103.84162493000558,1.3224880438550803],[103.84198732536473,1.3250624439348215],[103.8419563884201,1.3259607323333733]]]}},{"type":"Feature","properties":{"district":"West Coast","electorate_type":"GRC"},"geometry":{"type":"Polygon","coordinates":[[[103.64096113334405,1.3568860262258469],[103.63378187772821,1.3562473380227595],[103.63175409406574,1.3525960673565238],[103.6308271680304,1.3515138682990417],[103.61368191736275,1.3234574224481868],[103.59899404875154,1.2191529453174466],[103.72354799953679,1.154557436459516],[103.75212221398132,1.1503717935605537],[103.81186785069409,1.1713059564657047],[103.82329753927078,1.178632619002815],[103.87337450544929,1.2030334664820406],[103.87762901606199,1.2120289018506198],[103.87829042370836,1.2151422382342605],[103.87832118080239,1.2179026710706882],[103.87798347159884,1.2204698191588217],[103.87727488669628,1.2235870642939837],[103.87631611108935,1.2261968795013993],[103.87537767844321,1.2280360946914644],[103.874520856206,1.2292279796822454],[103.87313359825337,1.2309952749469848],[103.86527494873881,1.2388281375382144],[103.85179278878499,1.25098593637643],[103.8435918399349,1.2592335617806607],[103.84004363438494,1.2623763124034846],[103.83735088457996,1.2643468454350757],[103.83577634793781,1.2651532861014372],[103.83446866659484,1.2654221065623963],[103.83233368589384,1.265314571410395],[103.83091925159788,1.2649651184559696],[103.82965579573047,1.2643839031051116],[103.82674332010723,1.262517745931153],[103.82484814976496,1.2659982538633898],[103.82101594258252,1.2656420572126938],[103.82057532805344,1.2656420550692276],[103.8198796134631,1.2658444735643966],[103.81933076915269,1.2661247533095037],[103.81696533577731,1.2676662574646107],[103.81449362233833,1.268945016225015],[103.81198352287075,1.270514034646771],[103.81120863901533,1.2708505502761154],[103.81145199092272,1.2717156163608836],[103.812094003192,1.2727109306645223],[103.81359161125854,1.273866715494851],[103.81428726923824,1.274470508211493],[103.81473355053147,1.2749771675237194],[103.81602235874753,1.2768815892751384],[103.81734143441771,1.2797508718397779],[103.8176431787223,1.2803183094116477],[103.81796047284126,1.2806879179951298],[103.81460262740298,1.2827904199193123],[103.81306359298522,1.2834804277208978],[103.81161704756053,1.2837868226427416],[103.80137530723427,1.2844101791118745],[103.80045344046108,1.2847290788624712],[103.79984077767838,1.2852077485238367],[103.79953591891146,1.285571591999243],[103.79914481253441,1.2865803956885582],[103.79904479652694,1.2879546397798598],[103.79890579928905,1.2934634401122587],[103.79878029097198,1.2943143331753904],[103.79828363963287,1.2952660473377196],[103.79680574111144,1.296895154252954],[103.79634673692425,1.2975304636276261],[103.7958125062092,1.2987836546391087],[103.79526045488629,1.3005250599656593],[103.7946338244005,1.301673434179074],[103.79623452870459,1.302319192453778],[103.79670414609203,1.3026117746979093],[103.79731948658356,1.3033245754141514],[103.79373964500937,1.306440110512721],[103.7930558131698,1.3068277048228478],[103.79227827934143,1.3074016985640564],[103.79122128559597,1.3078407038991695],[103.79100269636939,1.30723857322037],[103.78851081609164,1.3081814075735938],[103.78591163667411,1.3076853007734377],[103.78498207407458,1.3077565399809539],[103.78408736934811,1.3081045951735364],[103.77739589676463,1.312121899788356],[103.77630471633472,1.3124644393168285],[103.77500945954672,1.3124664357040388],[103.77223436646307,1.3121087691399052],[103.77220075923717,1.3113627029739559],[103.7712319214973,1.3064353419483687],[103.77120273935448,1.304167082697427],[103.76953712674762,1.305009954421241],[103.76747248315496,1.3065663261258138],[103.7668183690702,1.3072376578877827],[103.76503675809583,1.309667134327069],[103.75927254207278,1.3155575756701896],[103.75568137039436,1.3197907723919122],[103.75476968019854,1.3207415970527814],[103.75423854070948,1.321098203144021],[103.75194982210215,1.3219133982639706],[103.74928129236255,1.3226222802015382],[103.74378990345745,1.323809558680552],[103.74275123299398,1.3242949099217272],[103.73938224172588,1.3265811979390254],[103.73812724602593,1.327161461580125],[103.73763530085002,1.3272728625706545],[103.73692740834363,1.3273049470190528],[103.73628968092068,1.327298491942065],[103.73570297552935,1.327195704313267],[103.7196082744821,1.3235429754407984],[103.71920245486838,1.3253768353211548],[103.71918296297234,1.3258241402404511],[103.71936823237671,1.3264761032852777],[103.7206577157443,1.3286411927218198],[103.72090287010485,1.3292134259288642],[103.72111919499297,1.3302683608055257],[103.72112417779077,1.3316532369997442],[103.72090043890034,1.3323433334732513],[103.7197371077993,1.3344595239398367],[103.7171930528369,1.3378602238498434],[103.71605376819355,1.3403579844761073],[103.71590365138967,1.3409868630099055],[103.71589419658713,1.341987736864348],[103.71596363603165,1.3429282546336152],[103.7162335129461,1.3443806478240452],[103.71622879048518,1.344863047156245],[103.71568652751824,1.3467673535971694],[103.7153862819797,1.3474935844676859],[103.71472543935805,1.3485189084645717],[103.71311211932633,1.3501348820413914],[103.71194246480036,1.3517017028765406],[103.70582175771511,1.347537611437728],[103.70003554510026,1.3445533998338035],[103.69711529632505,1.342254251083043],[103.69642924206624,1.3416261040903104],[103.69759560343967,1.3405048666116803],[103.69794736996009,1.3399416388110132],[103.70451435519199,1.341138473433532],[103.70503320497788,1.3414119645377367],[103.7056571199116,1.3429935714668164],[103.70722380898079,1.3441185597394572],[103.70894610274588,1.3415018969926078],[103.70944090689692,1.3404530037811457],[103.70830404191034,1.3400328052362762],[103.70789214776234,1.3398031610145877],[103.7073030950288,1.3392396349886955],[103.70705000490618,1.3387811173790618],[103.70584580829016,1.33559907136109],[103.70558582975472,1.3352754208720763],[103.70515045787955,1.3349675380016561],[103.70420764588529,1.3347630706166027],[103.69585576402342,1.3348089844683009],[103.69377328223452,1.334846419187653],[103.6924147905502,1.3349682185220024],[103.69191271755625,1.334907215699186],[103.69144719325503,1.3346912017938417],[103.69109259455256,1.3343716509948207],[103.68795720506276,1.330221152955086],[103.68739562572443,1.3298251703147592],[103.68676422452951,1.3296710817583726],[103.67617639238306,1.330464038593849],[103.67546390055651,1.3306451129945638],[103.6748332221905,1.331034547858821],[103.67458762473039,1.331098048976668],[103.67429401898062,1.331059771803853],[103.67329051131281,1.3306181947971882],[103.67251991003839,1.3312307069490918],[103.67194756453749,1.3323196120387335],[103.66895785349024,1.3336664732725785],[103.66867049194454,1.3337293265716739],[103.66873287222982,1.335062232629353],[103.66863290500012,1.3353137166906348],[103.66783324097175,1.336219029911299],[103.66693367767706,1.3363572886954356],[103.66688367870451,1.336709372476884],[103.66672123461885,1.3370740229898235],[103.66635889016585,1.3374260856675144],[103.66574667139415,1.3377529817426168],[103.6654468153635,1.3378158337314623],[103.66478464169488,1.3378409371500255],[103.66427241144447,1.337601985370333],[103.66382262233066,1.3377779978490936],[103.6636476984539,1.33792888001088],[103.66337278615939,1.3386330350964777],[103.66362264425001,1.338897117926386],[103.66374756265196,1.3391863411325897],[103.66395983756108,1.340934217119684],[103.6638764252717,1.3413112041785218],[103.66275020412363,1.3424513585840738],[103.66263906509835,1.342883253382523],[103.66230555496861,1.3434751158049834],[103.66163576699205,1.34406511436156],[103.66129839086678,1.344668668219978],[103.66112346394104,1.344857273882345],[103.66058620643028,1.3451715992278512],[103.66033626017983,1.346152395522628],[103.66049863862972,1.3467434101361666],[103.66044865280419,1.3468943011321242],[103.66012379719054,1.3471080450835897],[103.65922422085121,1.3473720458975555],[103.65904928703996,1.3476486730499733],[103.65902313223432,1.3480505754155447],[103.65893680210108,1.3482145190981611],[103.65857446775189,1.3483779594462064],[103.6581246433578,1.3489689353225838],[103.65718883209938,1.3494466606161453],[103.65462626572844,1.3503267263744179],[103.65387659937582,1.3507919284465126],[103.65373916403838,1.3508296417242784],[103.65287710730892,1.3505529378192935],[103.65223990309637,1.3507792315936458],[103.65166514844549,1.3512695953643712],[103.6510029730886,1.3512695451706778],[103.65082805261555,1.351395281457464],[103.650302225776,1.3521974106245216],[103.65012827868873,1.3529167426434567],[103.64995840937544,1.3531051653756518],[103.64970346495795,1.3532059243107015],[103.64939111024351,1.3533064968059276],[103.64915372956239,1.3532687552041363],[103.64796684976123,1.3527531085829392],[103.64775445093775,1.3527908157278987],[103.64691724508786,1.3543499956399287],[103.64662986832249,1.3545763073700186],[103.64556790281269,1.3543750409927868],[103.64535551680761,1.3541738315840117],[103.6452805751321,1.3539349061345614],[103.64505570060294,1.3537336960039932],[103.6442435896491,1.353846803087428],[103.64365626769796,1.3552551039547678],[103.64333139425877,1.3552519386400197],[103.64274799329392,1.355460101880003],[103.64233424680789,1.3554392479773532],[103.64096113334405,1.3568860262258469]]]}},{"type":"Feature","properties":{"district":"Yuhua","electorate_type":"SMC"},"geometry":{"type":"Polygon","coordinates":[[[103.73416662089356,1.3443650482493164],[103.73286632196437,1.3448564942697714],[103.73234882798548,1.3452061367176225],[103.73208728660562,1.345497888751512],[103.73179503855472,1.346051834107041],[103.73126234535778,1.3485245029210522],[103.73073582997749,1.3492967217447729],[103.73022997063264,1.3496612362754534],[103.72964419382602,1.3498720760624252],[103.72821532016194,1.3499355322951312],[103.72816567445037,1.3443458598616829],[103.72888568908915,1.3443463505586761],[103.72982760204916,1.3442236659860678],[103.731277411988,1.3436780718488912],[103.73489469179391,1.3410493857996484],[103.73449010024086,1.3404787723685911],[103.73412506295097,1.3395594868989664],[103.73405590621141,1.3384627712956496],[103.73428865375992,1.337489796963322],[103.73511877076487,1.3360598965444017],[103.73640158764766,1.3345496124844758],[103.7380819146517,1.3330303562025523],[103.74344716946874,1.3293135586395408],[103.74447627297411,1.328428347093632],[103.74683856933446,1.331587972319386],[103.74497942265664,1.3330875122067407],[103.74410123184899,1.333924426746676],[103.74239017609099,1.3363823143613338],[103.74188595375362,1.336717616271769],[103.74030912410583,1.3372581967948882],[103.74141492026106,1.3384088294277239],[103.74526194805394,1.3436026312975096],[103.74384088052594,1.3443455001672893],[103.74317370804529,1.3446116976207776],[103.74158341877224,1.3449711574939915],[103.73959192711987,1.3451044397218586],[103.73878718323255,1.345304462609144],[103.7373030051439,1.3459605624381372],[103.73649997944847,1.3443741860670484],[103.73610542907069,1.3432833175364929],[103.73416662089356,1.3443650482493164]]]}},{"type":"Feature","properties":{"district":"Jurong","electorate_type":"GRC"},"geometry":{"type":"Polygon","coordinates":[[[103.73280881663484,1.3502791377104797],[103.73207784526278,1.3510004425590347],[103.73084905759285,1.351919026370478],[103.72780080848639,1.3537401976317094],[103.72695369351905,1.3541598753665205],[103.72502336435352,1.354915215161071],[103.7238425387733,1.3552010960063967],[103.7229138632433,1.355334305125946],[103.72146946131893,1.3554316345867585],[103.71922220472078,1.3551874217137685],[103.71734160625853,1.3547197483245121],[103.7155097230788,1.3539956393977692],[103.71474153402565,1.353562708881854],[103.71194246480036,1.3517017028765406],[103.71311211932633,1.3501348820413914],[103.71472543935805,1.3485189084645717],[103.7153862819797,1.3474935844676859],[103.71568652751824,1.3467673535971694],[103.71622879048518,1.344863047156245],[103.7162335129461,1.3443806478240452],[103.71596363603165,1.3429282546336152],[103.71589419658713,1.341987736864348],[103.71590365138967,1.3409868630099055],[103.71605376819355,1.3403579844761073],[103.7171930528369,1.3378602238498434],[103.7197371077993,1.3344595239398367],[103.72090043890034,1.3323433334732513],[103.72112417779077,1.3316532369997442],[103.72111919499297,1.3302683608055257],[103.72090287010485,1.3292134259288642],[103.7206577157443,1.3286411927218198],[103.71936823237671,1.3264761032852777],[103.71918296297234,1.3258241402404511],[103.71920245486838,1.3253768353211548],[103.7196082744821,1.3235429754407984],[103.73570297552935,1.327195704313267],[103.73628968092068,1.327298491942065],[103.73763530085002,1.3272728625706545],[103.73812724602593,1.327161461580125],[103.73898251690754,1.3268125017020513],[103.74275123299398,1.3242949099217272],[103.74378990345745,1.323809558680552],[103.74928129236255,1.3226222802015382],[103.75194982210215,1.3219133982639706],[103.75384447104916,1.321259245215303],[103.75423854070948,1.321098203144021],[103.75511805370948,1.3204367741835585],[103.75927254207278,1.3155575756701896],[103.76503675809583,1.309667134327069],[103.7668183690702,1.3072376578877827],[103.76747248315496,1.3065663261258138],[103.76953712674762,1.305009954421241],[103.77120273935448,1.304167082697427],[103.7712319214973,1.3064353419483687],[103.77220075923717,1.3113627029739559],[103.77226610263195,1.3125814947142203],[103.77172217131681,1.3165821088808645],[103.7712491012448,1.3185852281943384],[103.76987913316681,1.3197322167253869],[103.76845800873245,1.3214517077789123],[103.76794587948243,1.3210553639896898],[103.76631202190147,1.3193754178582728],[103.76609228965431,1.3189322933009857],[103.76602032090307,1.3185676842383138],[103.76601012876569,1.3173904562547072],[103.76591567957283,1.317086494251317],[103.76561079726955,1.3166395969453584],[103.7647850966104,1.3160610337542498],[103.76424875931592,1.3172282136871807],[103.76137864443525,1.3216234836085115],[103.76017455942517,1.3233259146164358],[103.76179446382909,1.3242129426888076],[103.7622015479987,1.3243008117326105],[103.76308284019157,1.3243000330724415],[103.76423698552587,1.323878788022328],[103.76400709943458,1.329212054062042],[103.76408113205886,1.3302137449255174],[103.76446419223166,1.332817406116555],[103.75973451563142,1.3354156891440823],[103.76031277386812,1.3370346234752133],[103.76042612962878,1.3376055418258377],[103.76075127776684,1.337595942686517],[103.76191821535875,1.3379819569308085],[103.76214181378432,1.3381848095264737],[103.76243874049975,1.3388469463643702],[103.76273799497532,1.3391080547121008],[103.76372017488666,1.339244974787921],[103.7647717766841,1.3395969287969274],[103.76589930674793,1.3397009973267733],[103.7682227536958,1.3395044673670229],[103.76960651570278,1.3402079300257002],[103.77054917147828,1.340460469962374],[103.77143871790702,1.3408115694949325],[103.77186794858245,1.3410760716344745],[103.77234268741942,1.3406269040241248],[103.77285259078378,1.3403821027762421],[103.77602677823037,1.3402493513100133],[103.77684503192657,1.3390207066652497],[103.77742675880916,1.3383127729521467],[103.77786146295372,1.337925177812474],[103.77874356788585,1.3375487562953388],[103.77899523397694,1.3375657188423198],[103.78106031806952,1.3368436500221876],[103.78092157663002,1.3381012784226258],[103.78044721380267,1.3391192076047154],[103.77194605601579,1.350005815099998],[103.77026319515338,1.3491226821008069],[103.77031484181887,1.3488925506095113],[103.76710859582145,1.347278499153775],[103.76655543903733,1.3472181171408395],[103.7652730908291,1.3472507927627453],[103.76347096328584,1.3467505152179853],[103.76278828805451,1.3466434560929268],[103.76087315879606,1.3466368283379295],[103.76078779170335,1.3497417606080953],[103.76055786465247,1.3504696252590709],[103.76013602396934,1.3513104239684877],[103.75998413159785,1.3517945360789942],[103.75747578351782,1.3514078079013345],[103.753944261796,1.3511770814478645],[103.75358870373171,1.3509966194482996],[103.7527598670133,1.3495286033761897],[103.75348873247,1.349119462993169],[103.75490014014927,1.3485912334169379],[103.75568720547793,1.3480887013001914],[103.75626177656497,1.3475037445442382],[103.75762516013549,1.3454611630709923],[103.75683085469089,1.344670772896928],[103.7562796746716,1.3442491313492615],[103.75559545890347,1.3440502914924997],[103.75518919447326,1.3440336390592564],[103.75144028557233,1.3451059631483389],[103.74936992143259,1.3451318353564048],[103.74933127538321,1.3447467174429362],[103.74921191051737,1.3445407544411332],[103.74715495223168,1.3425370207795153],[103.74526194805394,1.3436026312975096],[103.74141492026106,1.3384088294277239],[103.74030912410583,1.3372581967948882],[103.74188595375362,1.336717616271769],[103.74239017609099,1.3363823143613338],[103.74410123184899,1.333924426746676],[103.74497942265664,1.3330875122067407],[103.74683856933446,1.331587972319386],[103.74447627297411,1.328428347093632],[103.74344716946874,1.3293135586395408],[103.7380819146517,1.3330303562025523],[103.73640158764766,1.3345496124844758],[103.73511877076487,1.3360598965444017],[103.73428865375992,1.337489796963322],[103.73405590621141,1.3384627712956496],[103.73412506295097,1.3395594868989664],[103.73449010024086,1.3404787723685911],[103.73489469179391,1.3410493857996484],[103.731277411988,1.3436780718488912],[103.72982760204916,1.3442236659860678],[103.72888568908915,1.3443463505586761],[103.72816567445037,1.3443458598616829],[103.72821532016194,1.3499355322951312],[103.72964419382602,1.3498720760624252],[103.73047883622253,1.3495103663788177],[103.73112295172896,1.3488063689128762],[103.7313617612777,1.3482270215327652],[103.73179503855472,1.346051834107041],[103.73208728660562,1.345497888751512],[103.73234882798548,1.3452061367176225],[103.73286632196437,1.3448564942697714],[103.73416662089356,1.3443650482493164],[103.73610542907069,1.3432833175364929],[103.73649997944847,1.3443741860670484],[103.7373030051439,1.3459605624381372],[103.73659617760084,1.3464454284555158],[103.73280881663484,1.3502791377104797]]]}},{"type":"Feature","properties":{"district":"Marine Parade","electorate_type":"GRC"},"geometry":{"type":"Polygon","coordinates":[[[103.8789274038991,1.3513405641765726],[103.8783764165534,1.3516763915518326],[103.87736531407677,1.352013592076554],[103.87662695302885,1.352371500672781],[103.87396900513848,1.3552797162313788],[103.87321625359034,1.3556860306883314],[103.87273178426439,1.3557412185494904],[103.87134030570988,1.3556644766721253],[103.86882867428645,1.3555069224049827],[103.86776613627025,1.355365771912634],[103.8651097218708,1.35420401871216],[103.86382163684078,1.353130490776316],[103.8606206192201,1.3494104129859563],[103.86023028215222,1.3487896199934237],[103.8600844528995,1.3483211896916079],[103.86001187660493,1.3476342264135275],[103.86055692784984,1.3444495509526175],[103.86048523435714,1.3442765920057078],[103.86014342896111,1.3441959445274778],[103.86042229209424,1.3434226803032707],[103.86145298438191,1.3434740227903756],[103.86271062670376,1.3436884811555183],[103.86425995863692,1.344192183196461],[103.86513436912688,1.3442852591297887],[103.86584746455452,1.3441710754281428],[103.86932885937219,1.3427019073364532],[103.8699023168955,1.3427457337984965],[103.87067143357281,1.3430293339622084],[103.87077453062605,1.340553746494451],[103.87073851129514,1.3394464087234752],[103.87391374223849,1.3395130901202839],[103.87428859114128,1.3394506963021255],[103.87517696180667,1.33890149238409],[103.87773764024213,1.3367432304406872],[103.87902412675771,1.3312630070273916],[103.87980355889428,1.3315292147928606],[103.88896807974812,1.3335737746296457],[103.8909519465044,1.3229372000692425],[103.89227394954982,1.3232557456198664],[103.89342047420848,1.317080394758482],[103.88182151285474,1.3149358921161176],[103.88210701195013,1.31309024161269],[103.88218825234048,1.3104792231961062],[103.888938872497,1.3118550574132712],[103.88974679166606,1.3086002638308616],[103.8946167332036,1.3095799886021264],[103.8992544661269,1.3094874911121444],[103.9020014520885,1.3040503519570492],[103.90217912915351,1.3041652113725328],[103.90355997418155,1.301545750125391],[103.90308415760964,1.301214451481075],[103.90397089682014,1.2995088165796713],[103.90550095845845,1.2961544305231238],[103.91965220898417,1.30156503047277],[103.92957047489537,1.3039712120829567],[103.93356298453847,1.3044897040469767],[103.93872955897102,1.3064326182724775],[103.93740813917475,1.3099331780291479],[103.93496802947749,1.3092422883769812],[103.93350305510577,1.314739199126786],[103.93285415878968,1.318899437551484],[103.93061496078064,1.3184504541539355],[103.92983901352548,1.3184371307670057],[103.92933821696677,1.3185706496249827],[103.92887859637295,1.318814139130422],[103.9284840897221,1.319154032186373],[103.92817494775021,1.3195735838494875],[103.92790039068531,1.3203046806891665],[103.92729044113291,1.323416844593528],[103.92649689430688,1.3296304518332536],[103.92549692607892,1.329358509469218],[103.9244422452836,1.3292879307771883],[103.9233406462893,1.329481455480428],[103.92272784696733,1.329719827518424],[103.92227285720529,1.3299610547559462],[103.92009923516308,1.3314842979994008],[103.91987072541338,1.3317497314525688],[103.91953217614878,1.3324328912970227],[103.91249729193191,1.3291053174016294],[103.90893348111086,1.3271633436892492],[103.90579599053693,1.3262151629297954],[103.90583645435841,1.327207559970338],[103.9056565498736,1.3280001372658214],[103.90539729189324,1.3286147777439834],[103.90474863888423,1.3295267199881533],[103.89552681278026,1.3384277583780553],[103.89469385195451,1.3390605789884982],[103.89296817833416,1.3398740258374469],[103.89249381626458,1.3402436948857581],[103.89214362487616,1.3406721326363213],[103.89178343513366,1.3413009292749791],[103.89157570940365,1.3419397167507778],[103.89138537930125,1.3433221573921614],[103.89064358207823,1.346621937684783],[103.89038678022135,1.3472722476319474],[103.88986113423566,1.348237482152971],[103.88969422462971,1.3489929714712214],[103.8878101129322,1.348975928800083],[103.88610438659065,1.3488564910262408],[103.88534388065024,1.3492464089036],[103.88465599126111,1.3493160521859746],[103.88441022577307,1.351272027764299],[103.88170811798274,1.3508902842313035],[103.87973011307899,1.3511621498354416],[103.87921536786482,1.3510314158581558],[103.8789274038991,1.3513405641765726]]]}},{"type":"Feature","properties":{"district":"Mountbatten","electorate_type":"SMC"},"geometry":{"type":"Polygon","coordinates":[[[103.888938872497,1.3118550574132712],[103.87915693792522,1.309827537916433],[103.87863345956052,1.3096169645134277],[103.87801222591968,1.309203034673887],[103.87723421977324,1.307805045624933],[103.8769233910603,1.3074054062519163],[103.87644281880158,1.3070778236579084],[103.87572004618086,1.3068595343215708],[103.87301527785043,1.3067825840214788],[103.87214056803869,1.306578021840347],[103.87146718559863,1.306241380412934],[103.86912408961821,1.3047203318665472],[103.86948907228184,1.3041984646473654],[103.87082812228218,1.3043357250058347],[103.8706616919447,1.3035317457005238],[103.87076154249662,1.3035078161239513],[103.87093623742469,1.3042670758168657],[103.8711635401677,1.3042185444663146],[103.87113794227359,1.3040060224519934],[103.87142527867681,1.3039204396018444],[103.87152232283026,1.304153861400991],[103.87195500929,1.3040246435160185],[103.87187987484032,1.3032341072815874],[103.87206583412106,1.3021803522825328],[103.8725595554171,1.301162819098412],[103.87296892347884,1.3005744240209443],[103.87397851595179,1.2996841306765015],[103.87343650260594,1.2987871598513374],[103.87297171771105,1.299091685806976],[103.8728336747958,1.299104192369317],[103.8728238725481,1.2989207816140207],[103.87297840475038,1.2989746172423884],[103.87330529425752,1.29875925979933],[103.87328173811589,1.298558273961241],[103.87249102854068,1.2984362444977025],[103.8721225435982,1.2992498030995716],[103.87117362887318,1.2992498197694289],[103.87131655536199,1.2989299078460577],[103.87170180649557,1.2989305348638855],[103.87182776898442,1.2986479641788156],[103.87076497460156,1.298291533970487],[103.86953276184241,1.2980737810492267],[103.86753990754342,1.2980734473655557],[103.86753989294455,1.298322355468505],[103.86747325784529,1.2983852911381941],[103.86697823434396,1.2985742469139878],[103.86658823805877,1.298483471856094],[103.86633019113654,1.298268842347961],[103.86615929239997,1.2978970966272718],[103.86599835275278,1.2971006880351],[103.86604248990253,1.2957481195551892],[103.86647232863284,1.2936781997837985],[103.86704158213483,1.2919446063711026],[103.86753785761738,1.2907399044926875],[103.86825308085447,1.2892266797345797],[103.86993167321866,1.286449980293264],[103.87107020084781,1.2849808229198187],[103.87225251977748,1.2836585785157832],[103.873825113031,1.2821692290218474],[103.87531867370883,1.280930654605484],[103.87613646294675,1.280550663241967],[103.8769649083177,1.2804811322382659],[103.89019563709752,1.2670883891815403],[103.91174080409537,1.2458345215955315],[103.92258752830578,1.2347585218375585],[103.96447908110443,1.2620648388148232],[103.93199442881298,1.290958987771204],[103.92193403769429,1.3000536911661156],[103.91965220898417,1.30156503047277],[103.90550095845845,1.2961544305231238],[103.90397089682014,1.2995088165796713],[103.90308415760964,1.301214451481075],[103.90355997418155,1.301545750125391],[103.90217912915351,1.3041652113725328],[103.9020014520885,1.3040503519570492],[103.8992544661269,1.3094874911121444],[103.8946167332036,1.3095799886021264],[103.88974679166606,1.3086002638308616],[103.888938872497,1.3118550574132712]]]}},{"type":"Feature","properties":{"district":"Macpherson","electorate_type":"SMC"},"geometry":{"type":"Polygon","coordinates":[[[103.89068227502305,1.3244430786542996],[103.88896807974812,1.3335737746296457],[103.87980355889428,1.3315292147928606],[103.87902412675771,1.3312630070273916],[103.87976552554098,1.3285828951569758],[103.88070681220015,1.3257055155699662],[103.8814212443827,1.3226374457182302],[103.88167821029457,1.3209021203531122],[103.88190915624152,1.3185379454286248],[103.88182151285474,1.3149358921161176],[103.89342047420848,1.317080394758482],[103.89227394954982,1.3232557456198664],[103.8909519465044,1.3229372000692425],[103.89068227502305,1.3244430786542996]]]}},{"type":"Feature","properties":{"district":"Marsiling-Yew Tee","electorate_type":"GRC"},"geometry":{"type":"Polygon","coordinates":[[[103.7692545473596,1.4526064694543097],[103.76784772847466,1.4517708375498453],[103.76642059192734,1.4504757478237564],[103.76199421021974,1.4476121411136085],[103.75665902395924,1.4459625636360076],[103.75381213522999,1.445407659351067],[103.75167512126355,1.44539751461974],[103.74935839254353,1.4457475176986083],[103.74704084863856,1.4462779654268436],[103.7445427549892,1.447349008229734],[103.73993107996675,1.449718690298061],[103.73984200244288,1.4206722761441801],[103.74212468559865,1.4139342489872007],[103.74212472518171,1.4129197020533046],[103.74154471019413,1.4103928855371402],[103.74157566374467,1.4092275915673202],[103.74175994913605,1.4084858338912207],[103.74205716153983,1.4078696991879098],[103.74300820737055,1.4067750304715607],[103.7439413988694,1.4062007962829561],[103.74594229721802,1.4054198158944369],[103.74454383693418,1.4038406133368295],[103.74418722670845,1.4032982240699199],[103.74369574443968,1.4022374318129633],[103.7433891876504,1.4010369352387788],[103.74283380328974,1.3967687800314461],[103.74253559994246,1.3957125004388538],[103.7420729408017,1.3947028816767408],[103.7405545101695,1.3922215464967804],[103.74029348307208,1.3915301729053673],[103.74015584888596,1.3905799004107926],[103.74033585879243,1.3893212179780958],[103.74156558996235,1.3866083186490687],[103.7431029631954,1.387902147182232],[103.74416288722232,1.388628715734451],[103.74506026984423,1.389097429425839],[103.74672590057197,1.389604287418556],[103.74776357540917,1.3897433361316418],[103.74958954962604,1.3896806263685706],[103.75296541352073,1.3890080185115705],[103.7545431775942,1.3887907417564433],[103.75369523810856,1.390732021208393],[103.75337066629837,1.3921780725385897],[103.75249690220737,1.397905029088234],[103.75245768334045,1.3987596148344048],[103.7525335409986,1.3996360374643573],[103.75282358712658,1.4009463846865189],[103.75521114222936,1.4084515850864758],[103.75539691403993,1.410034545271697],[103.75538025497579,1.410657990154548],[103.75524832091428,1.4113922859571237],[103.75914616440774,1.4118850102388698],[103.75984892482904,1.4118791197981784],[103.7607183497613,1.4116734572842793],[103.76265888015395,1.4107157360814802],[103.76361986449106,1.4104541004919005],[103.76662146359116,1.4101884968120406],[103.77041107093567,1.4101134984430834],[103.77219280205773,1.4099204139118076],[103.77285577145133,1.4099333619158267],[103.77346371720293,1.410042961376426],[103.77514383003559,1.4105665807943744],[103.77688537654814,1.4108569745998407],[103.78023936671609,1.410735211829672],[103.78277211142466,1.4108678498943392],[103.78381641318045,1.4110934689779058],[103.78514444927893,1.4116446287010247],[103.7876342741117,1.4122975521765222],[103.78886649127266,1.4125243029611319],[103.78955017131572,1.4125388356279878],[103.79467029250583,1.4143359962400943],[103.79709658932443,1.4150550402209983],[103.80062986060877,1.4159002947168107],[103.80098315525777,1.416311210512957],[103.80164509345671,1.41745743016422],[103.80166623749967,1.4177801752430674],[103.80159517274652,1.417965391655325],[103.80072856738457,1.418828587597478],[103.79930214657001,1.4199264509115088],[103.79809230247481,1.4207393778949151],[103.79057573588588,1.4247682696982666],[103.78899499632453,1.4255375802266133],[103.78702480341504,1.4260911344789207],[103.78632446198634,1.426168626763407],[103.78686079492726,1.428658251139341],[103.78776168661352,1.4321809071064524],[103.78842199425462,1.432216564859736],[103.78946290790479,1.4321310584916462],[103.78985652467793,1.4335918962164447],[103.79002379580868,1.4338074980444464],[103.79027754165756,1.4339138720735674],[103.79211343027097,1.4334167200484238],[103.79233087779278,1.4332118408636014],[103.79243334338649,1.4329721673616396],[103.79236439073252,1.4324536086915987],[103.79373606110344,1.431787478880658],[103.79578494776598,1.4353540005951422],[103.79585342433425,1.435579987715124],[103.79589854149195,1.4358638135998139],[103.79568316785414,1.4392272097837207],[103.79108628630723,1.4389187219192783],[103.79027529701705,1.43872040518713],[103.78889494061075,1.4381583486021563],[103.78901505003353,1.437665287113631],[103.78900808909584,1.4370011665355735],[103.78847333066766,1.4348945417341683],[103.78684547807192,1.4344772294245058],[103.78580992111227,1.43435437736392],[103.7847122106538,1.4345194357089597],[103.78379321267363,1.4349211865966143],[103.7833104564777,1.435281366762555],[103.78285890459958,1.4358780866781586],[103.7826126101423,1.4367509798694944],[103.78265399425781,1.4373568752480534],[103.78278332046058,1.437789528326532],[103.78306003073419,1.4382710872792763],[103.78505250044205,1.441140973248174],[103.78348024437709,1.4424350977207987],[103.7827294829625,1.4429255208274028],[103.78129425878417,1.4434558133048798],[103.78038310182491,1.4438813014427068],[103.77983577060621,1.4443692567661277],[103.77958273250533,1.4447443842297845],[103.7791105226177,1.445768882641449],[103.7788687710648,1.446092010414534],[103.77834014950552,1.4464927436466897],[103.7772824982624,1.446790344242759],[103.77774441583068,1.4490037141492775],[103.77598895609258,1.4509869193517981],[103.7745703345029,1.4506680752392958],[103.77284663850058,1.4498455726188313],[103.77190835868673,1.4491691479232005],[103.77123965873167,1.4483959026395454],[103.77062530023474,1.448325656539979],[103.7692545473596,1.4526064694543097]]]}},{"type":"Feature","properties":{"district":"Aljunied","electorate_type":"GRC"},"geometry":{"type":"Polygon","coordinates":[[[103.91506706761508,1.3849811178014366],[103.91427435255157,1.3859365904824335],[103.91377327415475,1.3854140194184026],[103.91295818655412,1.3849089468215323],[103.91164573956812,1.384890125721848],[103.91078329302276,1.385211132746192],[103.90947081823234,1.385418896949058],[103.90739903186088,1.3851546129207697],[103.9061346214386,1.384596913453475],[103.90513033371802,1.3837668389876803],[103.9047177923008,1.3824639675978596],[103.90482811367829,1.3801123360221836],[103.90374490172952,1.3797936863065126],[103.89733443781124,1.3790399258937334],[103.89684446568097,1.3789111738937971],[103.8967022287046,1.3772074054917511],[103.89619724967687,1.3763100858019652],[103.89584632090315,1.3765439580368528],[103.89505618055168,1.376794691854565],[103.89344767772417,1.376845655156533],[103.89237418445917,1.376692095130986],[103.89092631654991,1.3763540596800146],[103.88986241014744,1.3758910229313897],[103.88854236644802,1.3750000086726577],[103.88766557339966,1.3742084982351928],[103.88682408021101,1.373290411558783],[103.88593314438123,1.3720652654208143],[103.88657761320796,1.371638610994239],[103.88809089016587,1.371296649445833],[103.88896167918392,1.370582640195306],[103.89004989323142,1.371906766045689],[103.89114742379292,1.3708866454490196],[103.89159808276484,1.37023082649286],[103.89200255230536,1.3702308165595274],[103.89200252373088,1.3690558154295258],[103.89208775685141,1.3689591859625143],[103.8927614482558,1.3696098726406667],[103.89276146351803,1.3702293258839853],[103.8933051015732,1.3702341318591253],[103.89381989254346,1.3707414144693348],[103.89400125182549,1.3704859699090488],[103.89403165971619,1.3699276220841778],[103.89465573769536,1.369270607693326],[103.89774703654415,1.3722004176137907],[103.89904384583552,1.3733007539709883],[103.90249944532894,1.376667416025929],[103.9029321694501,1.377260474633559],[103.90485994902252,1.376085016233737],[103.9046337856647,1.3750108489379724],[103.90439894821108,1.374486042131484],[103.90380319575968,1.373550114152586],[103.9023730938704,1.3721394547988004],[103.90182733235858,1.3714350563334499],[103.90078714670898,1.3694564017114197],[103.89972381166146,1.3667328135687449],[103.89607567322494,1.3632640767325837],[103.89590830732018,1.3629681136746687],[103.89558998686447,1.3617643638555132],[103.8930077589011,1.3615026589960753],[103.892842542926,1.3629583361181454],[103.89250331239273,1.3638497326304104],[103.8920711438984,1.3644279464124416],[103.89093360749206,1.3656444846663567],[103.8879588261197,1.3628150609616494],[103.8853859657929,1.365641396732635],[103.88553139199882,1.3658977248285369],[103.88567872516742,1.366698578436172],[103.88546169431608,1.3680964965309104],[103.87893070058976,1.3694679780694452],[103.8785221713944,1.3696783563147943],[103.87642803467456,1.3700802460377788],[103.87433055076455,1.3705942418046302],[103.87368777597386,1.3706624689072597],[103.86911162964691,1.3718122501604624],[103.86828193392444,1.371905536388062],[103.86693584143545,1.3717919690064988],[103.86601367792083,1.3714317202245174],[103.86473824196645,1.3706554684417624],[103.86089927752725,1.3694216243324884],[103.86091281741784,1.368584344502201],[103.86066072885103,1.367288493007951],[103.85734995337218,1.358125834669081],[103.85706616764826,1.3571205796392938],[103.85685311156458,1.3554950438837505],[103.85693541375883,1.3537700531300583],[103.85716543216712,1.3526956940550088],[103.86014342896111,1.3441959445274778],[103.86048523435714,1.3442765920057078],[103.86055692784984,1.3444495509526175],[103.86001677016756,1.3473991267886403],[103.8600844528995,1.3483211896916079],[103.86023028215222,1.3487896199934237],[103.8606206192201,1.3494104129859563],[103.86382163684078,1.353130490776316],[103.8651097218708,1.35420401871216],[103.86776613627025,1.355365771912634],[103.86882867428645,1.3555069224049827],[103.87305352948468,1.355720512218946],[103.87396900513848,1.3552797162313788],[103.87662695302885,1.352371500672781],[103.87736531407677,1.352013592076554],[103.8783764165534,1.3516763915518326],[103.8789274038991,1.3513405641765726],[103.87921536786482,1.3510314158581558],[103.87973011307899,1.3511621498354416],[103.88170811798274,1.3508902842313035],[103.88441022577307,1.351272027764299],[103.88465599126111,1.3493160521859746],[103.88534388065024,1.3492464089036],[103.88610438659065,1.3488564910262408],[103.8878101129322,1.348975928800083],[103.88969422462971,1.3489929714712214],[103.88986113423566,1.348237482152971],[103.89038678022135,1.3472722476319474],[103.89064358207823,1.346621937684783],[103.89138537930125,1.3433221573921614],[103.89157570940365,1.3419397167507778],[103.89178343513366,1.3413009292749791],[103.89214362487616,1.3406721326363213],[103.89249381626458,1.3402436948857581],[103.89296817833416,1.3398740258374469],[103.89469385195451,1.3390605789884982],[103.89552681278026,1.3384277583780553],[103.90474863888423,1.3295267199881533],[103.90539729189324,1.3286147777439834],[103.9056565498736,1.3280001372658214],[103.90583645435841,1.327207559970338],[103.90579599053693,1.3262151629297954],[103.90893348111086,1.3271633436892492],[103.91249729193191,1.3291053174016294],[103.91953217614878,1.3324328912970227],[103.91987072541338,1.3317497314525688],[103.92009923516308,1.3314842979994008],[103.92227285720529,1.3299610547559462],[103.9233406462893,1.329481455480428],[103.9244422452836,1.3292879307771883],[103.92549692607892,1.329358509469218],[103.92884375991646,1.3302523229851952],[103.93429045498908,1.3315174362675917],[103.93299895627487,1.3379620286494485],[103.93370322232141,1.3381150367469397],[103.93453679031377,1.3385061744794653],[103.93507977542765,1.338953219131858],[103.93636758415428,1.3403381636552898],[103.93809732897464,1.3435686551336568],[103.9382661081775,1.343996436891197],[103.93836965073096,1.3447666421172793],[103.93786919543659,1.344770655575881],[103.93753385320935,1.3448593401527735],[103.93113635583708,1.3475440104460552],[103.92611294267846,1.3502816379801026],[103.93025635315085,1.3579176207770667],[103.9305674013547,1.358574894869532],[103.93082373759418,1.3594276716847982],[103.93093569684946,1.3607195866089825],[103.93090851819919,1.3667257720317838],[103.93084002165787,1.3680771615149252],[103.93069950125489,1.3689679596867128],[103.92847746982635,1.3676044804812744],[103.9278741592524,1.3674385746929858],[103.92704943708905,1.3673224535165578],[103.92622321526932,1.3674392401193989],[103.9253185542515,1.3678287516100587],[103.92478149968642,1.3682310024495035],[103.921120040643,1.372027875713034],[103.92050599105379,1.3729212399559436],[103.92020987690015,1.3736866386495976],[103.9197035734985,1.3781593691196394],[103.91944870292019,1.3789701959801641],[103.91898392349812,1.379552750115818],[103.91852645414866,1.3798683063173132],[103.9178601480152,1.380089247150869],[103.91725224514113,1.3800084626996059],[103.9166959526683,1.3798180110843938],[103.91542840343892,1.3791470080824366],[103.91464147031326,1.3785520381699148],[103.91675949941613,1.3815807937074691],[103.91750948451671,1.3823549518754707],[103.91506706761508,1.3849811178014366]]]}},{"type":"Feature","properties":{"district":"Ang Mo Kio","electorate_type":"GRC"},"geometry":{"type":"Polygon","coordinates":[[[103.88672087393573,1.4021053494739695],[103.88737192576168,1.403684651029561],[103.88825968349025,1.404578572832789],[103.89031722037973,1.4056959422323632],[103.89173763843138,1.406679261201793],[103.89351319562624,1.4085266964904455],[103.89593977685568,1.4117746389077088],[103.90326360079868,1.4281296604763878],[103.89905607686877,1.4290966420531683],[103.89392680043069,1.4304759027103258],[103.8917064601849,1.431588115171708],[103.8890675524121,1.4333999817274485],[103.88684469479591,1.43507349637315],[103.88531410307816,1.4367502070902183],[103.8822541692958,1.4398230261474638],[103.87681388145344,1.446050633567311],[103.86099703262661,1.4235188735496096],[103.85939252574593,1.4207360311761685],[103.85543269850689,1.415638074317777],[103.85244391882472,1.41213679926536],[103.84949834280178,1.4092526431527956],[103.8479191953092,1.4081270035875437],[103.84635207279912,1.4072300323413909],[103.84470697489604,1.4064878620221408],[103.84299896080567,1.4059072399041084],[103.8413916524186,1.4055134234554447],[103.84056067165919,1.405163656231265],[103.8398109323655,1.404661241685128],[103.83889739315234,1.4036629114121764],[103.83846149053355,1.4028696149074849],[103.83818340256451,1.4020073614178605],[103.83807325451826,1.4011076606405186],[103.83813510018138,1.400203261150482],[103.83836664117823,1.399327193181838],[103.83993930004658,1.3958488828316014],[103.83017667586479,1.393368780197155],[103.82818732366026,1.3930031449479372],[103.82726893039491,1.3929200894863374],[103.83298614026262,1.3875942399591608],[103.83597504785506,1.3855201366390875],[103.83435531474662,1.3835577315689205],[103.83564650286507,1.3819332028244677],[103.83423700272186,1.3809825609549888],[103.83670990306098,1.3776580307197746],[103.83734050053765,1.377236370069406],[103.83811822230388,1.3770762327344819],[103.84096554072495,1.3770898612757068],[103.84241057701676,1.3772392173924703],[103.8425463144689,1.3762147545596135],[103.84101572559081,1.376051180837095],[103.84065243622447,1.3744700524968996],[103.84070827782097,1.3734372898581202],[103.84130071805285,1.372366323316198],[103.8429377839134,1.3721646016304672],[103.84307197181032,1.371910637522849],[103.84298350069008,1.371764914839822],[103.84270142451956,1.3694196806607875],[103.83888683703957,1.369863820301217],[103.83809848140356,1.3697695350057157],[103.8376311725506,1.369598695946617],[103.8368875689737,1.3690955025874865],[103.83654995599443,1.3687264446875407],[103.836235824216,1.368188525571724],[103.8356582103409,1.3665409580721104],[103.8407895258784,1.3646835738675531],[103.84163595231624,1.3644716107086425],[103.8454758192067,1.3641147796939828],[103.84633425967486,1.3639555721634609],[103.84760170402306,1.3635794056474508],[103.84868700224376,1.3630896648754678],[103.8499190705323,1.362262269027474],[103.85193849655012,1.360651809437606],[103.85309953856316,1.359607653620989],[103.85368984813616,1.35884840575363],[103.85456342559482,1.357134416154324],[103.85488820427379,1.3566500837826314],[103.85531772175837,1.3562360148897488],[103.85590627841235,1.355841869452327],[103.85685311156458,1.3554950438837505],[103.85706616764826,1.3571205796392938],[103.85734995337218,1.358125834669081],[103.86066072885103,1.367288493007951],[103.86091281741784,1.368584344502201],[103.86089927752725,1.3694216243324884],[103.86473824196645,1.3706554684417624],[103.86601367792083,1.3714317202245174],[103.86674856215188,1.3717304324165558],[103.86761628191766,1.3718832086649866],[103.86828193392444,1.371905536388062],[103.86911162964691,1.3718122501604624],[103.87368777597386,1.3706624689072597],[103.87433055076455,1.3705942418046302],[103.87642803467456,1.3700802460377788],[103.8785221713944,1.3696783563147943],[103.87893070058976,1.3694679780694452],[103.88682144186647,1.3678163603791629],[103.88706302293907,1.3686108846938103],[103.88722418796657,1.3688241971290096],[103.88830275399592,1.369671756813622],[103.88896167918392,1.370582640195306],[103.88809089016587,1.371296649445833],[103.88657761320796,1.371638610994239],[103.88593314438123,1.3720652654208143],[103.88682408021101,1.373290411558783],[103.88766557339966,1.3742084982351928],[103.88854236644802,1.3750000086726577],[103.88986241014744,1.3758910229313897],[103.89092631654991,1.3763540596800146],[103.89237418445917,1.376692095130986],[103.89344767772417,1.376845655156533],[103.89505618055168,1.376794691854565],[103.89584632090315,1.3765439580368528],[103.89619724967687,1.3763100858019652],[103.8967022287046,1.3772074054917511],[103.8969127846399,1.3794041207556258],[103.89662215201417,1.3794075554114367],[103.89497911186989,1.3799799976022005],[103.89155133621718,1.380080552888865],[103.89076660088456,1.3803761155017056],[103.89043427365468,1.3805894620422103],[103.88866587370232,1.3820908539569683],[103.89004031193544,1.3837537240460518],[103.89061453998053,1.3846074503186732],[103.8913308475492,1.3865630043535533],[103.89016148068094,1.3868375621170197],[103.88915434915806,1.3873012491285517],[103.88197049738092,1.3918112872529695],[103.8814906994722,1.3919766215729186],[103.88167148256602,1.3904772864730808],[103.88160330754458,1.3900403316697272],[103.88124954620609,1.3891709135151016],[103.88066306704621,1.3880473112701144],[103.87922639818828,1.3884187066252296],[103.87815584803617,1.388449631992149],[103.87788719867713,1.3881024640929576],[103.87723083896103,1.3882695834191197],[103.87691192710491,1.388220037711606],[103.87605651675995,1.3878253833994973],[103.87555349438585,1.3890906538156336],[103.87548198329334,1.3894654712930061],[103.87593226427734,1.3943416683725791],[103.87558106619973,1.3959031810202938],[103.87556834316054,1.3966502897641166],[103.87574079275112,1.398720608860156],[103.87570008331843,1.4012394436139484],[103.87918985683928,1.4012393774898493],[103.88351212011956,1.4013601240632232],[103.8865829806151,1.4011905126811266],[103.88672087393573,1.4021053494739695]]]}},{"type":"Feature","properties":{"district":"Bukit Batok","electorate_type":"SMC"},"geometry":{"type":"Polygon","coordinates":[[[103.75762516013549,1.3454611630709923],[103.75626177656497,1.3475037445442382],[103.75530407942799,1.3483674517231796],[103.75490014014927,1.3485912334169379],[103.75348873247,1.349119462993169],[103.75256849647536,1.349633365126685],[103.75107340447508,1.3506999715230725],[103.75053349982251,1.3511705026884275],[103.75004178090191,1.3517427678155634],[103.74943906196475,1.3521575377453143],[103.7489845451219,1.3522993055178743],[103.74739629918493,1.3523778238422128],[103.74564333452108,1.3521679973066751],[103.74417355101961,1.3518714489415011],[103.74357511159226,1.351514054688658],[103.74243507058415,1.3501285339720226],[103.7418012423605,1.3498482993582992],[103.73814699606262,1.3497525272778235],[103.73832704426643,1.3487843356549871],[103.73824785523274,1.347967084989425],[103.73805250940364,1.3474195134712739],[103.7373030051439,1.3459605624381372],[103.73878718323255,1.345304462609144],[103.73959192711987,1.3451044397218586],[103.74158341877224,1.3449711574939915],[103.74317370804529,1.3446116976207776],[103.74384088052594,1.3443455001672893],[103.74715495223168,1.3425370207795153],[103.74921191051737,1.3445407544411332],[103.74933127538321,1.3447467174429362],[103.74936992143259,1.3451318353564048],[103.75144028557233,1.3451059631483389],[103.75518919447326,1.3440336390592564],[103.75559545890347,1.3440502914924997],[103.7562796746716,1.3442491313492615],[103.75683085469089,1.344670772896928],[103.75762516013549,1.3454611630709923]]]}},{"type":"Feature","properties":{"district":"Bukit Panjang","electorate_type":"SMC"},"geometry":{"type":"Polygon","coordinates":[[[103.77581389629718,1.3648209825657036],[103.77683450465875,1.3648654819062762],[103.77961584135376,1.365381269439713],[103.77925646742204,1.3675956615916915],[103.77858410631656,1.3705084393200901],[103.77645459633835,1.3780738873569425],[103.77560350161149,1.381522778266174],[103.772659495486,1.3815284273749437],[103.77284942622015,1.3821271488011126],[103.77309783570854,1.383431558853189],[103.77280959609894,1.385248156569293],[103.77250836788645,1.3857296872296703],[103.77227711950708,1.3859308670749149],[103.76990032349886,1.387408229819045],[103.76687612883437,1.3823844498437434],[103.76609165450294,1.3809139179299068],[103.76759491257936,1.3800385643858741],[103.7662283697839,1.377833398092745],[103.77366196329845,1.3732038198317178],[103.77396046509133,1.3729137952169024],[103.77487243695946,1.3712835190527903],[103.77525094013119,1.370036735038808],[103.77541023036791,1.368007707627339],[103.77544140672465,1.3648047417695712],[103.77581389629718,1.3648209825657036]]]}},{"type":"Feature","properties":{"district":"Bishan-Toa Payoh","electorate_type":"GRC"},"geometry":{"type":"Polygon","coordinates":[[[103.82061014643061,1.3682516016752027],[103.82092687135268,1.368992474936581],[103.82099639502681,1.3693407069821943],[103.82056344292303,1.3698113050895182],[103.82021275255913,1.3700509609246285],[103.81845497275847,1.3707655662620097],[103.81770597068137,1.3705738351557264],[103.81720375205487,1.3701337332088517],[103.81690502083556,1.3695629103609923],[103.81680111751812,1.3688831532942105],[103.81663226931471,1.3685824905492705],[103.81645909057211,1.3684561244019382],[103.81630322867822,1.3684561232935264],[103.81602181352436,1.3681728896376992],[103.8158624559877,1.3681990598002152],[103.81576920174031,1.3681261131483313],[103.80478044950299,1.3497397488014902],[103.80356110736732,1.3482430825091263],[103.8032435658252,1.347539511251381],[103.80290623917524,1.3458769949638683],[103.80061797836507,1.3451456377629578],[103.80481779585409,1.340662263483005],[103.8075198186094,1.3381310263385822],[103.8114421991209,1.3346392647309824],[103.81247600110851,1.334082170666183],[103.81434705734395,1.3335481513622267],[103.81505746310538,1.3332458658623818],[103.82061705532298,1.3302062708782025],[103.82312098271753,1.3292153732342558],[103.82435438756009,1.3283973285807722],[103.8255602691478,1.3271412872634554],[103.82606614299903,1.3268180844041553],[103.826931528562,1.326550092956122],[103.82737848542882,1.326559665150598],[103.82909302009053,1.3268449969681189],[103.82960375964525,1.3268468058016991],[103.8303264985574,1.3266553826123912],[103.83184805457161,1.3258705446037937],[103.83279399409781,1.3258291179762929],[103.8380313131475,1.327491513901095],[103.84054490156385,1.3288729544034854],[103.84182062389726,1.3263989263951714],[103.8419563884201,1.3259607323333733],[103.84198732536473,1.3250624439348215],[103.84162493000558,1.3224880438550803],[103.84163726565563,1.3220796318053911],[103.8418629020364,1.3214673128904486],[103.8422074210748,1.320873609838206],[103.84383723200621,1.3188160328437362],[103.84414294781736,1.318108542446321],[103.84511045606993,1.3151224742557246],[103.84529647798995,1.313852971367049],[103.84598645438349,1.315057115920167],[103.8464573184914,1.3156533232785717],[103.84770172999868,1.3167088437620134],[103.84880437200121,1.3173535504662628],[103.85048970385189,1.3180654081575158],[103.85347101081379,1.3194780313058225],[103.85302956844653,1.3202804821252612],[103.85272239412619,1.3226356832235042],[103.85149024651552,1.324192294859933],[103.85051339207904,1.3250935927131355],[103.85218537858084,1.3271545462776029],[103.85235036736175,1.3274934923223922],[103.84939777598521,1.3289532888985112],[103.84993425090076,1.329587910736112],[103.85632384346266,1.3290937329664116],[103.85808805255743,1.3295312022982693],[103.86097200450521,1.3304778575469465],[103.86144657311591,1.3305421821192374],[103.86235097192625,1.330438381379909],[103.8621489674836,1.3376054014988983],[103.86199294541203,1.3388427936291762],[103.86074574848317,1.3397375271380207],[103.85993635139529,1.3389060155752226],[103.85970814893388,1.3388108835674848],[103.85949974669863,1.3392130456673932],[103.85927326656252,1.3394467694356629],[103.85885470238371,1.3397017620479916],[103.85855215926733,1.3397796255058587],[103.85390824021667,1.339825311674374],[103.85308141126814,1.3402963649148192],[103.85345826140025,1.3413820365437794],[103.85360979532514,1.3432078839582837],[103.85696814861275,1.343245229358763],[103.86042229209424,1.3434226803032707],[103.85716543216712,1.3526956940550088],[103.85693541375883,1.3537700531300583],[103.85685311156458,1.3554950438837505],[103.85590627841235,1.355841869452327],[103.85531772175837,1.3562360148897488],[103.85488820427379,1.3566500837826314],[103.85456342559482,1.357134416154324],[103.85368984813616,1.35884840575363],[103.85309953856316,1.359607653620989],[103.85193849655012,1.360651809437606],[103.8499190705323,1.362262269027474],[103.84868700224376,1.3630896648754678],[103.84760170402306,1.3635794056474508],[103.84633425967486,1.3639555721634609],[103.8454758192067,1.3641147796939828],[103.84163595231624,1.3644716107086425],[103.8407895258784,1.3646835738675531],[103.83693965365998,1.366101279674874],[103.83306292499141,1.3674160726842748],[103.83136043388043,1.3677529474964878],[103.82835991378998,1.367992458540053],[103.82829413712071,1.367046119632427],[103.82493731261883,1.366954356301757],[103.82453038056924,1.3671265021349113],[103.82436614355447,1.3675347381951044],[103.82403570785605,1.3674278166075384],[103.82371532742789,1.3669354279932904],[103.8234961837023,1.3668857445903477],[103.82329103906103,1.3664953273446825],[103.82246844005762,1.3656064116646476],[103.82241215658426,1.3656543431229817],[103.8228234540387,1.3665519718807775],[103.82338195163952,1.3681772889989348],[103.82297497873174,1.3682905800814653],[103.8221047522652,1.367915838629655],[103.82136008364984,1.3671227858200403],[103.81977116616572,1.3660726409941863],[103.81953737540289,1.3657937652881866],[103.81928194127768,1.3647959164620835],[103.81920401478492,1.3640987299515654],[103.81910443673274,1.3640420830922306],[103.81897455263308,1.3639897933194385],[103.81875374824035,1.3640856551421405],[103.81850263305759,1.364913561852156],[103.81778393860465,1.364839481347804],[103.81761941766356,1.3649266285950707],[103.81736830766643,1.3648961248757303],[103.81715616202511,1.36500505871279],[103.81657601014447,1.3650965603192384],[103.81672321143203,1.3652621431582168],[103.81788565471251,1.365446511115122],[103.81803504350617,1.3656761060404756],[103.8180090646918,1.3660116267781015],[103.8180696768577,1.3660857031111808],[103.81842469513674,1.366063918133235],[103.81872342895923,1.3662382166252243],[103.81882300466128,1.3666565286347778],[103.81865290944582,1.3670533597196097],[103.81866713940944,1.3672273487774456],[103.81884897788782,1.3672796388833106],[103.81910874801657,1.367161990349686],[103.81981445334685,1.3674582984663388],[103.82048119298162,1.367854826612233],[103.82061014643061,1.3682516016752027]]]}},{"type":"Feature","properties":{"district":"Chua Chu Kang","electorate_type":"GRC"},"geometry":{"type":"Polygon","coordinates":[[[103.74135444415391,1.3870555809972904],[103.74033585879243,1.3893212179780958],[103.74015584888596,1.3905799004107926],[103.74029348307208,1.3915301729053673],[103.7405545101695,1.3922215464967804],[103.7420729408017,1.3947028816767408],[103.74253559994246,1.3957125004388538],[103.74283380328974,1.3967687800314461],[103.7433891876504,1.4010369352387788],[103.74369574443968,1.4022374318129633],[103.74418722670845,1.4032982240699199],[103.74454383693418,1.4038406133368295],[103.74594229721802,1.4054198158944369],[103.7439413988694,1.4062007962829561],[103.74300820737055,1.4067750304715607],[103.74205716153983,1.4078696991879098],[103.74175994913605,1.4084858338912207],[103.74157566374467,1.4092275915673202],[103.74154471019413,1.4103928855371402],[103.74212472518171,1.4129197020533046],[103.74212468559865,1.4139342489872007],[103.73984200244288,1.4206722761441801],[103.73993107996675,1.449718690298061],[103.73008100242663,1.4552215730945641],[103.72454971705125,1.4575415641685998],[103.72027240456063,1.4582431506238107],[103.71653261315443,1.458225401052134],[103.7142199782027,1.4576729475449253],[103.7113763577266,1.456396054662344],[103.7078261443056,1.4538524478142028],[103.69895805352887,1.4458691456455959],[103.69416704413118,1.4420562318101475],[103.6883242486813,1.4406075808771448],[103.68560458775303,1.4389616449145297],[103.68245739782762,1.4371867708525845],[103.68082177563484,1.4363724197668977],[103.67764587660682,1.43452575445061],[103.67549452457658,1.432813856259875],[103.67414722188568,1.431479584106271],[103.67352797353358,1.4307385651480427],[103.67243919736192,1.4292236162430763],[103.67166609760108,1.4274271695060996],[103.67140252586755,1.4265067165607224],[103.67108937227897,1.4237328171120662],[103.67076464575449,1.4220728336369741],[103.66852871478721,1.4161763518439257],[103.66767854832395,1.414745989165282],[103.66720704845193,1.4141070033392642],[103.66664069781963,1.413573814143454],[103.66586101575524,1.4130140084066067],[103.66109084806804,1.4089701795566727],[103.65849370793441,1.4064246008776538],[103.65687981216361,1.4043966637861434],[103.65579109477284,1.4028557419221228],[103.65433341289732,1.4005116439503558],[103.65170716135559,1.3957881048323093],[103.65069951079239,1.3931009129252072],[103.65049810582893,1.3922284725940213],[103.65039703477383,1.3912991302391475],[103.65044890800756,1.3902910910966364],[103.65119768168769,1.3867298446828014],[103.6512870118454,1.3858742786166842],[103.6512983550461,1.3847621287589331],[103.65109759017805,1.3842310496717969],[103.6508056862549,1.3835997769960597],[103.64541496078827,1.3753619469276717],[103.63991209847502,1.3666216153948012],[103.63794074585748,1.363641945521935],[103.63378187772821,1.3562473380227595],[103.64096113334405,1.3568860262258469],[103.64233424680789,1.3554392479773532],[103.64274799329392,1.355460101880003],[103.64333139425877,1.3552519386400197],[103.64365626769796,1.3552551039547678],[103.6442435896491,1.353846803087428],[103.64505570060294,1.3537336960039932],[103.6452805751321,1.3539349061345614],[103.64535551680761,1.3541738315840117],[103.64556790281269,1.3543750409927868],[103.64662986832249,1.3545763073700186],[103.64691724508786,1.3543499956399287],[103.64775445093775,1.3527908157278987],[103.64796684976123,1.3527531085829392],[103.64915372956239,1.3532687552041363],[103.64939111024351,1.3533064968059276],[103.64970346495795,1.3532059243107015],[103.64995840937544,1.3531051653756518],[103.65012827868873,1.3529167426434567],[103.650302225776,1.3521974106245216],[103.65082805261555,1.351395281457464],[103.6510029730886,1.3512695451706778],[103.65166514844549,1.3512695953643712],[103.65223990309637,1.3507792315936458],[103.65287710730892,1.3505529378192935],[103.65373916403838,1.3508296417242784],[103.65387659937582,1.3507919284465126],[103.65462626572844,1.3503267263744179],[103.65718883209938,1.3494466606161453],[103.6581246433578,1.3489689353225838],[103.65857446775189,1.3483779594462064],[103.65893680210108,1.3482145190981611],[103.65902313223432,1.3480505754155447],[103.65904928703996,1.3476486730499733],[103.65922422085121,1.3473720458975555],[103.66012379719054,1.3471080450835897],[103.66044865280419,1.3468943011321242],[103.66049863862972,1.3467434101361666],[103.66033626017983,1.346152395522628],[103.66058620643028,1.3451715992278512],[103.66112346394104,1.344857273882345],[103.66129839086678,1.344668668219978],[103.66163576699205,1.34406511436156],[103.66230555496861,1.3434751158049834],[103.66263906509835,1.342883253382523],[103.66275020412363,1.3424513585840738],[103.6638764252717,1.3413112041785218],[103.66395983756108,1.340934217119684],[103.66374756265196,1.3391863411325897],[103.66362264425001,1.338897117926386],[103.66337278615939,1.3386330350964777],[103.6636476984539,1.33792888001088],[103.66382262233066,1.3377779978490936],[103.66427241144447,1.337601985370333],[103.66478464169488,1.3378409371500255],[103.6654468153635,1.3378158337314623],[103.66574667139415,1.3377529817426168],[103.66635889016585,1.3374260856675144],[103.66672123461885,1.3370740229898235],[103.66688367870451,1.336709372476884],[103.66693367767706,1.3363572886954356],[103.66783324097175,1.336219029911299],[103.66863290500012,1.3353137166906348],[103.66873287222982,1.335062232629353],[103.66867049194454,1.3337293265716739],[103.66895785349024,1.3336664732725785],[103.67194756453749,1.3323196120387335],[103.67251991003839,1.3312307069490918],[103.67329051131281,1.3306181947971882],[103.67429401898062,1.331059771803853],[103.67458762473039,1.331098048976668],[103.6748332221905,1.331034547858821],[103.67546390055651,1.3306451129945638],[103.67617639238306,1.330464038593849],[103.68310230947729,1.3299152503450171],[103.68676422452951,1.3296710817583726],[103.68706899657732,1.3297148937862897],[103.68769157475631,1.3299935013544346],[103.68795720506276,1.330221152955086],[103.68945444013269,1.3321366514668302],[103.6907534741787,1.333954565135993],[103.69220208951687,1.3357342287685041],[103.69362555138215,1.337317225839951],[103.69311504103287,1.3381170622294762],[103.6930464608557,1.338946770873411],[103.69380291436255,1.3389852285120072],[103.69498892083601,1.3398508950845736],[103.69564050800477,1.3407599919749116],[103.69665247328547,1.3418524197515378],[103.70003554510026,1.3445533998338035],[103.69897059204683,1.346220723164322],[103.6986308126747,1.3465987699819797],[103.6969246334879,1.3468457136251422],[103.69721610857863,1.3494413544949022],[103.69740443472976,1.3499680853374139],[103.69762505037528,1.3502226965260502],[103.69822782510929,1.3505048487466425],[103.70157849413586,1.3504445193325718],[103.7031753776772,1.3507302331070425],[103.70263733470507,1.3515223575510809],[103.7020622431288,1.3520743406263196],[103.69560107870818,1.356642490743771],[103.69485434245586,1.3575582206455437],[103.69430616484789,1.358803487796298],[103.69275376879861,1.363286310897323],[103.69269518370113,1.364238253805883],[103.69288780499804,1.3649900509549149],[103.69372113993742,1.366616961215429],[103.69390926522274,1.3672811843446149],[103.69417334324737,1.37075543153796],[103.69510850581149,1.3738952386614436],[103.69541306741581,1.3738237548294316],[103.69780462205469,1.3726912084454383],[103.70417060649278,1.3723649507288669],[103.70510230979687,1.3719884620823033],[103.70706420131258,1.3706477390804221],[103.70756108894363,1.3704925532253212],[103.70801513419042,1.370483952426309],[103.70882040444725,1.3707426702292898],[103.71217290906127,1.373034276449199],[103.71741082151695,1.3743745478267833],[103.71804444714874,1.3744702757596086],[103.72594622551084,1.3744276411811007],[103.72749200610062,1.374588286672327],[103.73266514915166,1.3789582111852106],[103.73479223533906,1.3765750221468098],[103.73559409059463,1.3758630869136688],[103.73555259010087,1.3741311820824498],[103.73677954526903,1.3695570386853402],[103.7368963865985,1.3693982988538766],[103.7377551481115,1.3688162701456752],[103.73793041057223,1.368569341203303],[103.7390098272827,1.3651409536933703],[103.73924667818653,1.3647695587055038],[103.73958996938555,1.3645435137838666],[103.74070866535045,1.3609346890222924],[103.74411435636998,1.3651507407772236],[103.74464222670825,1.3656942264967569],[103.7485188841482,1.369084599269905],[103.75009725325907,1.3677278270207829],[103.75067174457713,1.3670874444892571],[103.75089896165068,1.3667219983077998],[103.75122094680665,1.365924614959457],[103.75134050308819,1.365258075350503],[103.75156230972074,1.3598336332529766],[103.74969736786178,1.3597348306070594],[103.74953001216558,1.3596694347085507],[103.74902623968693,1.3590702764359628],[103.74912456419993,1.3565165524124931],[103.74731893519098,1.3564404267080064],[103.74737445172956,1.3552765556415844],[103.74747840143655,1.3547660878165986],[103.7476768429143,1.354203729128087],[103.7482979041572,1.3532135799528655],[103.74841355949448,1.3526859086597898],[103.74840426959601,1.3523412609504684],[103.74911733282742,1.3522707817505517],[103.74964026904505,1.3520474519588532],[103.75004178090191,1.3517427678155634],[103.75053349982251,1.3511705026884275],[103.75107340447508,1.3506999715230725],[103.7527598670133,1.3495286033761897],[103.75347030786095,1.350864716924564],[103.75371762905415,1.3510914761555475],[103.753944261796,1.3511770814478645],[103.75747578351782,1.3514078079013345],[103.75998413159785,1.3517945360789942],[103.76013602396934,1.3513104239684877],[103.76055786465247,1.3504696252590709],[103.76078779170335,1.3497417606080953],[103.76087315879606,1.3466368283379295],[103.76278828805451,1.3466434560929268],[103.76347096328584,1.3467505152179853],[103.7652730908291,1.3472507927627453],[103.76655543903733,1.3472181171408395],[103.76710859582145,1.347278499153775],[103.77031484181887,1.3488925506095113],[103.77018302231,1.3494749901635985],[103.77016178462247,1.3502381169958904],[103.76988932133331,1.352228134606369],[103.76974380583299,1.3528313949519195],[103.7688355121167,1.3554639630095202],[103.76854809687872,1.3560232472961657],[103.76755658165457,1.3575280329666248],[103.767107592543,1.3609063491168476],[103.76717133144078,1.361662801536699],[103.76765148907783,1.3634803742275932],[103.7676434885384,1.3640630517642796],[103.76754600722023,1.3643314617527684],[103.7636045851496,1.3706399908581413],[103.76319024411343,1.3718932312102525],[103.76274663777379,1.3739487017808478],[103.76208893365771,1.377809396443136],[103.76123314569661,1.3796602769949884],[103.7600691404706,1.3791470150613487],[103.75737679340837,1.3845873125915307],[103.75656141901973,1.3858480238444186],[103.75543216989898,1.3872277066017693],[103.7545431775942,1.3887907417564433],[103.75296541352073,1.3890080185115705],[103.74958954962604,1.3896806263685706],[103.7485340526433,1.389752337048216],[103.7474725922196,1.3897173250301542],[103.74604895510187,1.3894293604344465],[103.74506026984423,1.389097429425839],[103.74416288722232,1.388628715734451],[103.7431029631954,1.387902147182232],[103.74156558996235,1.3866083186490687],[103.74135444415391,1.3870555809972904]]]}},{"type":"Feature","properties":{"district":"East Coast","electorate_type":"GRC"},"geometry":{"type":"Polygon","coordinates":[[[104.0870489718098,1.4236737148770715],[104.08534341054798,1.4255144773211892],[104.08160735912983,1.4289506237721878],[104.07953622622075,1.4305868831139816],[104.07506905185797,1.4334913673540437],[104.07267297541613,1.4347595557138741],[104.06922095389899,1.4363959888023339],[104.06564709573784,1.4377461089988668],[104.06312911521579,1.4384416952555734],[104.0600019257169,1.4392191207848473],[104.05748570421719,1.4396333964318901],[104.03950211211053,1.4441335157779929],[104.02159175792009,1.439190206670429],[104.0092283024617,1.428025349635262],[104.00336356161174,1.42387687967229],[104.00113646876098,1.4228974022532515],[103.99890727187142,1.422402498620184],[103.99444238133353,1.4228664071272015],[103.99061430326809,1.423494814589784],[103.98487508656555,1.4237912736564626],[103.97165127554283,1.4225992357447872],[103.96160865755067,1.4228756852799473],[103.95698439217881,1.4233387887992621],[103.95315629675387,1.423967100561348],[103.95012444166503,1.4247606574032738],[103.94629203551803,1.426358143960627],[103.93713369333216,1.4289935579706303],[103.93366909140234,1.4296790503473662],[103.93103710689338,1.4299474348021424],[103.92909992728733,1.4296577682890295],[103.92578127509003,1.4286600322579586],[103.92052482131236,1.4275129346453765],[103.91854303511775,1.4273274738565354],[103.95605497450529,1.3888531520730738],[103.96589658017433,1.387725390822261],[103.9670524948892,1.3842647818011766],[103.9683334347284,1.381273610284047],[103.96908726112405,1.3789413378086632],[103.97312838194352,1.374854695935216],[103.97359029439554,1.3753178358099551],[103.97489324907909,1.3740052685616513],[103.96506120085628,1.3640863625644235],[103.96427091588636,1.3633919193504944],[103.96114374184084,1.3602491824574747],[103.9619050726038,1.3590670773059181],[103.96267171879074,1.3575332233992483],[103.96433262044081,1.3522746219519495],[103.96419544890821,1.3509496685679803],[103.96391746520625,1.3497981058172972],[103.96305139231762,1.3501761470250384],[103.96213778756878,1.3504476112239572],[103.96063916624017,1.3506264079589672],[103.95929170691157,1.3505470286581454],[103.95841100193222,1.3503665556865307],[103.95724091909213,1.3499050727747302],[103.95620172188003,1.3493880847629478],[103.95579844172407,1.3490875113555314],[103.95027150526545,1.344336772221301],[103.94691206561482,1.341566261070186],[103.94293089242532,1.3463383359605445],[103.94174022684619,1.3454631000718027],[103.94077583018901,1.3450351098265332],[103.9398159821047,1.344808370599857],[103.93836965073096,1.3447666421172793],[103.9382661081775,1.343996436891197],[103.93809732897464,1.3435686551336568],[103.93636758415428,1.3403381636552898],[103.93507977542765,1.338953219131858],[103.93453679031377,1.3385061744794653],[103.93370322232141,1.3381150367469397],[103.93299895627487,1.3379620286494485],[103.93356018066092,1.3352947020628576],[103.9381518624356,1.335025813865366],[103.93879675397223,1.3350799068513814],[103.93949542726178,1.3353324623811307],[103.9399522626654,1.3355940368085084],[103.94052216442246,1.336063750668133],[103.94865777823905,1.3344311111688],[103.94907770043748,1.334166776727344],[103.95185778067238,1.330074856786521],[103.94974173688948,1.3284576772908903],[103.94373743376461,1.326194464222932],[103.94154524971187,1.3254624872256324],[103.9405328950018,1.3252610638934101],[103.94008119434163,1.3276491317595824],[103.9377538870502,1.3271936588180082],[103.93755002929291,1.3272335155264334],[103.93743694468306,1.3274087758951554],[103.93686683318056,1.3302519620609328],[103.9365790545006,1.3303705307351839],[103.93458919699654,1.329979512116747],[103.93429045498908,1.3315174362675917],[103.92884375991646,1.3302523229851952],[103.92649689430688,1.3296304518332536],[103.92729044113291,1.323416844593528],[103.92790039068531,1.3203046806891665],[103.92817494775021,1.3195735838494875],[103.9284840897221,1.319154032186373],[103.92887859637295,1.318814139130422],[103.92933821696677,1.3185706496249827],[103.92983901352548,1.3184371307670057],[103.93061496078064,1.3184504541539355],[103.93285415878968,1.318899437551484],[103.93350305510577,1.314739199126786],[103.93496802947749,1.3092422883769812],[103.93740813917475,1.3099331780291479],[103.93872955897102,1.3064326182724775],[103.93356298453847,1.3044897040469767],[103.92957047489537,1.3039712120829567],[103.91965220898417,1.30156503047277],[103.92193403769429,1.3000536911661156],[103.93199442881298,1.290958987771204],[103.96447908110443,1.2620648388148232],[103.97633380658291,1.2697791440384898],[104.08577826905852,1.338059118331251],[104.08060422085742,1.3652749129979165],[104.08090523079665,1.369314526378821],[104.08231627826017,1.3746514550374005],[104.08516242545635,1.3798334649923556],[104.08801071104278,1.38453086116974],[104.09245140645392,1.3895586604004246],[104.09371724999451,1.391664324807213],[104.09671999591787,1.397493119450821],[104.09750346587639,1.4005657513144858],[104.09732922096737,1.403957064783555],[104.09650827255008,1.4094452822893926],[104.09225365232402,1.4167011238014948],[104.0904194160512,1.419460529155296],[104.0887951155748,1.4215875695155473],[104.0870489718098,1.4236737148770715]]]}},{"type":"Feature","properties":{"district":"Fengshan","electorate_type":"SMC"},"geometry":{"type":"Polygon","coordinates":[[[103.9436061502292,1.3354255781395505],[103.94052216442246,1.336063750668133],[103.9399522626654,1.3355940368085084],[103.93949542726178,1.3353324623811307],[103.93879675397223,1.3350799068513814],[103.9381518624356,1.335025813865366],[103.93356018066092,1.3352947020628576],[103.93458919699654,1.329979512116747],[103.9365790545006,1.3303705307351839],[103.9367910208742,1.3303298607584708],[103.93691687913277,1.3301010443917842],[103.9374752692683,1.3273093650332395],[103.9377538870502,1.3271936588180082],[103.94008119434163,1.3276491317595824],[103.9405328950018,1.3252610638934101],[103.94154524971187,1.3254624872256324],[103.94373743376461,1.326194464222932],[103.94974173688948,1.3284576772908903],[103.95185778067238,1.330074856786521],[103.94907770043748,1.334166776727344],[103.94889023989734,1.3343329268987372],[103.9436061502292,1.3354255781395505]]]}}]}