{"type":"FeatureCollection","features":[{"type":"Feature","properties":{"district":"Nangan Township, Lienchiang County","constituency_code":"TW-09007010","township_code":"09007010","county":"Lienchiang County","township_name_zh":"南竿鄉"},"geometry":{"type":"MultiPolygon","coordinates":[[[[119.95776564726691,26.08113811143477],[119.95796265635158,26.081126959841356],[119.95788583536307,26.080990665786658],[119.95772847558874,26.080986948888608],[119.95776564726691,26.08113811143477]]],[[[119.96154916436251,26.084997778624654],[119.96137606015714,26.086020350958506],[119.96275199051206,26.086277326837205],[119.96274306563998,26.085167309823532],[119.96154916436251,26.084997778624654]]],[[[119.96133306267075,26.086127961136526],[119.96135983099146,26.086129744492155],[119.96137946139311,26.08608513092412],[119.9613455533547,26.08608334666917],[119.96133306267075,26.086127961136526]]],[[[119.96180972044226,26.086177392372804],[119.9619685497089,26.08623092901422],[119.96194178138819,26.08614170097877],[119.96181328895216,26.086107792041048],[119.96180972044226,26.086177392372804]]],[[[119.96173970912037,26.08631068718853],[119.96173409555217,26.08627981346268],[119.96170602861037,26.08627981346268],[119.96170602861037,26.086321912526273],[119.96173970912037,26.08631068718853]]],[[[119.96164001567422,26.086641921887235],[119.96172032243499,26.086643706142183],[119.96172746035404,26.0865883843465],[119.9616310926009,26.08660087682904],[119.96164001567422,26.086641921887235]]],[[[119.96144192560439,26.086807889972192],[119.96147404848864,26.086765058860408],[119.96138838716445,26.08675078212292],[119.96138303350028,26.086777553141587],[119.96144192560439,26.086807889972192]]],[[[119.9612777426737,26.08699884212291],[119.96145977175115,26.087022040135082],[119.96136697250779,26.086888195833637],[119.96127952602933,26.08695958221898],[119.9612777426737,26.08699884212291]]],[[[119.96111713005155,26.08718801001868],[119.96129202031057,26.087320069165912],[119.96148475671623,26.08720050070258],[119.96144192560439,26.087041672335374],[119.96111713005155,26.08718801001868]]],[[[119.9613580512331,26.087518157437046],[119.96158112536875,26.087462836540737],[119.96174173889017,26.08720942287664],[119.96128131388161,26.08740929720136],[119.9613580512331,26.087518157437046]]],[[[119.96195053808697,26.087400372329398],[119.96201478295598,26.08740215928225],[119.96207724446936,26.08736468093531],[119.96192733827615,26.087370035498793],[119.96195053808697,26.087400372329398]]],[[[119.95555491133018,26.15076626734941],[119.95590619371592,26.15091759267284],[119.95605466638983,26.150712229785654],[119.95558710616012,26.150735374737792],[119.95555491133018,26.15076626734941]]],[[[119.93048268772588,26.16206685140412],[119.93115085702652,26.15814482612285],[119.93497753888232,26.159531303726737],[119.93583195148346,26.15422689545494],[119.94186731432512,26.158903274766374],[119.93962947821785,26.16583940126742],[119.94440297711571,26.16497178122279],[119.9511627186846,26.16821109336729],[119.95361225430213,26.164207063405286],[119.95663183688987,26.167962158326986],[119.96519288814136,26.166484383347665],[119.96218669106304,26.158417522150955],[119.95530841704988,26.150733443893387],[119.94996894780877,26.15354248709616],[119.94876734473723,26.14855336944248],[119.9419941798875,26.143253247339544],[119.93803168691284,26.14288775746411],[119.93724660934356,26.14579207754241],[119.93444078751236,26.145687999002007],[119.9288194689434,26.141590885610924],[119.93041131213238,26.139785988532594],[119.92442972335311,26.137780386155953],[119.92348032435757,26.141997085097444],[119.91683813497207,26.14108869968379],[119.91262091712167,26.142565365799044],[119.91303550818225,26.145257659013794],[119.90890508120458,26.145344802420766],[119.91767041255957,26.157894084344548],[119.91250875547473,26.159589892759413],[119.91759182979922,26.162689056354907],[119.9191649913713,26.167194278493184],[119.91516274476487,26.1694421555311],[119.91703435265333,26.175173721090403],[119.91995470224776,26.17504833131551],[119.92218733847494,26.17177686660915],[119.92828710896299,26.171989129095095],[119.92393185417177,26.162052640317143],[119.92795133898312,26.16018384550813],[119.93048268772588,26.16206685140412]],[[119.9636325958677,26.163846838161078],[119.96397225541534,26.163690170864754],[119.96388434398739,26.163926235707265],[119.96365764108737,26.16389887653196],[119.9636325958677,26.163846838161078]]],[[[119.92896634172337,26.1716712691138],[119.92892656560855,26.17191730384053],[119.929129281791,26.172048821595865],[119.92930689159982,26.17193681193436],[119.92896634172337,26.1716712691138]]],[[[119.91828743381802,26.175496932037845],[119.91830689514711,26.175317964252713],[119.91813643494856,26.17530858971969],[119.9179923060002,26.175553195423674],[119.91828743381802,26.175496932037845]]],[[[119.96351374955998,26.08535104761279],[119.96391198195249,26.08580975851362],[119.964145765215,26.08575800612715],[119.9641428235326,26.0854890656679],[119.96351374955998,26.08535104761279]]],[[[119.96441345471726,26.08573658877259],[119.96440274738893,26.085645575582873],[119.96429031774403,26.085565267922846],[119.96426176426905,26.085693758560183],[119.96441345471726,26.08573658877259]]],[[[119.96226122507551,26.08634514201475],[119.96225587051208,26.086273759226685],[119.96212202621064,26.086222005041577],[119.96202387240385,26.086275545280216],[119.96226122507551,26.08634514201475]]],[[[119.96298755802945,26.086341570806894],[119.96297684980186,26.08629874149375],[119.96294472781699,26.086291603574693],[119.96292152800618,26.08630766456713],[119.96298755802945,26.086341570806894]]],[[[119.96526434107659,26.09125904037245],[119.96534643119287,26.091312577913186],[119.96542138428947,26.091228701743262],[119.96530181672551,26.091175164202525],[119.96526434107659,26.09125904037245]]],[[[119.96551953629762,26.091378607037143],[119.96551239747919,26.091300087229286],[119.96544279894613,26.09130543999413],[119.965473136676,26.091400023492326],[119.96551953629762,26.091378607037143]]],[[[119.96516797152469,26.091735527272817],[119.96531430740947,26.09178192689444],[119.96535892277609,26.09171946628038],[119.9654659969583,26.091690912805404],[119.96516797152469,26.091735527272817]]],[[[119.9658693150169,26.091664143585433],[119.96525184679535,26.091840818998662],[119.9656266113791,26.09206924679836],[119.96592999137602,26.091851526326934],[119.9658693150169,26.091664143585433]]],[[[119.96471960822339,26.144043954664824],[119.964373398014,26.144021349305888],[119.96445429832727,26.144210518100977],[119.96472674704182,26.144168876792264],[119.96471960822339,26.144043954664824]]],[[[119.96461253224265,26.14425334741412],[119.96455542439344,26.144651908958508],[119.96486237290026,26.14489699490042],[119.96528948612092,26.144393736981442],[119.96461253224265,26.14425334741412]]],[[[119.96533469593953,26.144730432363588],[119.96525379472689,26.144694739170916],[119.96524427720169,26.144748277610972],[119.9653216081058,26.144806575263317],[119.96533469593953,26.144730432363588]]],[[[119.96503131414386,26.145061177831167],[119.96517527132175,26.14506593524476],[119.96521215431756,26.14495172134491],[119.9650646277305,26.144906511526358],[119.96503131414386,26.145061177831167]]],[[[119.9704396696551,26.161687138750494],[119.97045329978005,26.16161415337052],[119.97036671395279,26.16157217121878],[119.970321176781,26.16162966937378],[119.9704396696551,26.161687138750494]]],[[[119.97034382620666,26.162666075978677],[119.9703357619859,26.1625925555021],[119.970236295169,26.162604855529707],[119.97018936494726,26.16267190898145],[119.97034382620666,26.162666075978677]]],[[[119.96788417861205,26.168733991580496],[119.96687868350455,26.167487110341938],[119.96579190047589,26.166500139469917],[119.9650341856792,26.167001657200785],[119.96788417861205,26.168733991580496]]],[[[119.97424772025613,26.11539477654776],[119.97385689468001,26.11572135815419],[119.9740246461206,26.115974770019648],[119.97432981037252,26.115821296215927],[119.97424772025613,26.11539477654776]]],[[[119.97267192456968,26.116759993279118],[119.97291105969771,26.116826022403075],[119.97314662631584,26.11659581034843],[119.97295388991017,26.11631027380014],[119.97267192456968,26.116759993279118]]],[[[119.97115366301125,26.161167942146847],[119.97109458025079,26.16111126777082],[119.971031615117,26.161143833121457],[119.97110989210785,26.161226487112742],[119.97115366301125,26.161167942146847]]],[[[119.97090756443265,26.161277762858504],[119.97095501536171,26.161205577875194],[119.97088237172409,26.16114274674044],[119.97083595591471,26.16118879382782],[119.97090756443265,26.161277762858504]]],[[[119.97112996767396,26.161379245955516],[119.9711951802135,26.16136046361453],[119.9711562188844,26.161288468388136],[119.97111423223612,26.16131427353497],[119.97112996767396,26.161379245955516]]],[[[119.97052107988395,26.161604959601277],[119.97073331628962,26.161716040263116],[119.97075856385675,26.161633467210777],[119.97059191138771,26.161553642486638],[119.97052107988395,26.161604959601277]]],[[[119.97328718135839,26.163826901989978],[119.97339795175412,26.163777765731368],[119.9735824054037,26.16375979008228],[119.97319377687131,26.163712179073855],[119.97328718135839,26.163826901989978]]],[[[119.97281620910087,26.163903328176104],[119.97278463390376,26.16378707371456],[119.97274523910153,26.163795696414297],[119.97268843702182,26.16389045977695],[119.97281620910087,26.163903328176104]]],[[[119.9732547239264,26.165010238931416],[119.97326278544926,26.16490101986625],[119.97315006892063,26.164845547883772],[119.97304849679074,26.164916161751535],[119.9732547239264,26.165010238931416]]],[[[119.97233095650847,26.1658224895163],[119.973914873073,26.166205002658785],[119.97272150689207,26.165875868776368],[119.97048987250969,26.161743914749934],[119.97072794463895,26.167222006390546],[119.97283651129601,26.168421505048457],[119.97233095650847,26.1658224895163]]],[[[119.97377197439721,26.165988135644],[119.97374578613915,26.165916938116254],[119.97367472620772,26.16592265330786],[119.97364788054529,26.16597471326247],[119.97377197439721,26.165988135644]]],[[[119.97144755246268,26.16864895078851],[119.97138688239875,26.1684235698919],[119.97141090688785,26.16827154489596],[119.9712698814999,26.168418133490093],[119.97144755246268,26.16864895078851]]],[[[119.97234463879408,26.16880433385296],[119.97217872376916,26.168722428996944],[119.97199222596055,26.168775610406158],[119.97234736014263,26.16891529760295],[119.97234463879408,26.16880433385296]]],[[[119.97373236555632,26.169028059097684],[119.97370565928884,26.1689370540019],[119.97362860717453,26.168995659222333],[119.97365194368228,26.169090945091114],[119.97373236555632,26.169028059097684]]]]}},{"type":"Feature","properties":{"district":"Beigan Township, Lienchiang County","constituency_code":"TW-09007020","township_code":"09007020","county":"Lienchiang County","township_name_zh":"北竿鄉"},"geometry":{"type":"MultiPolygon","coordinates":[[[[119.98009425154851,26.18733678736288],[119.98051126538269,26.187285293981176],[119.98074765667911,26.186705018122154],[119.9801227744465,26.18677044829758],[119.98009425154851,26.18733678736288]]],[[[119.94905885728053,26.19557491005412],[119.94912369660142,26.195203249030783],[119.94835268802615,26.194323694083266],[119.94723307254833,26.194992572948934],[119.94905885728053,26.19557491005412]]],[[[120.01049565614971,26.228458514548834],[120.01538594280703,26.227786567196347],[120.01448404510268,26.223486055037483],[120.00980511171656,26.219667551616283],[120.01268136575254,26.21784789216656],[120.01163546320618,26.214380484072137],[120.00963928392582,26.21476130648915],[120.00701141364584,26.222265684014133],[120.00334718892168,26.222922797948797],[120.00022350261258,26.21872092702921],[120.00064308131323,26.22196035158902],[119.99835032810518,26.222622827281725],[119.99691013309621,26.21815043309607],[119.99306501064177,26.218628331931995],[119.99023275413833,26.21444122877972],[119.9870693798481,26.218679853192725],[119.97585131038977,26.21519533729503],[119.97255051789216,26.211862634153306],[119.97137986858615,26.19938227896904],[119.97357757604436,26.19759776322627],[119.9728858714858,26.194813326373946],[119.97599294012218,26.193247842314122],[119.97354159237068,26.192307610108173],[119.97127830275156,26.195239638298744],[119.96646659076066,26.194018023513024],[119.96560488555713,26.204891228147687],[119.97106384502047,26.212431842955255],[119.96744034699452,26.22124599670542],[119.97156252628963,26.220913018221268],[119.97873516369691,26.226010399860115],[119.98325293497498,26.22498001061905],[119.99641999178925,26.238082767705635],[120.00006236478634,26.23798577852091],[120.00190898770973,26.233605648481955],[120.00637637536954,26.234053612484274],[120.00647748884512,26.227854535258643],[120.00364636278948,26.22364895913222],[120.01049565614971,26.228458514548834]],[[120.011962409038,26.215796434258095],[120.0118656051136,26.215692710050575],[120.01190248091484,26.21562008979538],[120.01199508140792,26.215692010378007],[120.011962409038,26.215796434258095]]],[[[119.9833278395082,26.226648441872157],[119.98307873179806,26.226359997815678],[119.98259435244745,26.226571488683305],[119.98318034349813,26.2269500088359],[119.9833278395082,26.226648441872157]]],[[[119.99293428069257,26.25606219481449],[119.99274121693372,26.25584777395568],[119.99246277064037,26.256131266344937],[119.99285388220096,26.25627684050386],[119.99293428069257,26.25606219481449]]],[[[119.99324199542184,26.257035964538204],[119.99324876102162,26.256935603795114],[119.99314195663601,26.256880661513378],[119.9930412127818,26.25697482322954],[119.99324199542184,26.257035964538204]]],[[[119.99331635496583,26.257396744664106],[119.99301954181851,26.25712327072239],[119.9927248663596,26.25734523149731],[119.99320040357577,26.257531874096742],[119.99331635496583,26.257396744664106]]],[[[119.99227972173185,26.258662934347],[119.99282614890774,26.258511845545286],[119.99245951509465,26.25769970737565],[119.99132427479549,26.258346524972183],[119.99227972173185,26.258662934347]]],[[[119.97559790122227,26.272242753900002],[119.9767710236639,26.273414354688782],[119.97705001044972,26.2723418385051],[119.97577233642426,26.272108282771057],[119.97559790122227,26.272242753900002]]],[[[119.98792077882092,26.267144626723223],[119.98124226222069,26.26654963705613],[119.97839738463165,26.27205647912325],[119.98405883544694,26.274822540128184],[119.9815870622931,26.278321207757585],[119.98320099103296,26.280468764521913],[119.98677663073693,26.280088654367944],[119.9868318688957,26.283009183826834],[119.98961538034564,26.28186990647106],[119.9887929179589,26.27815940173508],[119.99144495841813,26.27870757539432],[119.9892778405,26.276937328295105],[119.99231186979705,26.275687746392407],[119.98865908534856,26.272934192259243],[119.9903594704133,26.269692742426173],[119.98792077882092,26.267144626723223]]],[[[119.99202195175178,26.27952649085489],[119.99197577696054,26.27928677386558],[119.99181282070515,26.279307774833967],[119.99169954210026,26.27946754838871],[119.99202195175178,26.27952649085489]]],[[[119.99092049988121,26.283487762550237],[119.99115065078195,26.282950528244328],[119.99089351662258,26.28233683177939],[119.98989462163956,26.282107894963417],[119.99092049988121,26.283487762550237]]],[[[119.99229186257946,26.283055935982702],[119.99133299642074,26.282288712654008],[119.99148332709399,26.28311562758421],[119.99207200711749,26.283390669044195],[119.99229186257946,26.283055935982702]]],[[[119.9868541154251,26.28370294243689],[119.98668803582427,26.28331023008309],[119.98652300843014,26.28375317856637],[119.98662831724312,26.283866565989285],[119.9868541154251,26.28370294243689]]],[[[119.99031661771778,26.284476683152434],[119.99068383609017,26.28425472057893],[119.99035683989632,26.283445944075083],[119.98988035659329,26.284030689564702],[119.99031661771778,26.284476683152434]]],[[[119.98668755648555,26.28474087609061],[119.98636175998729,26.284446465931694],[119.98633579835848,26.28501739333808],[119.98696633193072,26.28516398642887],[119.98668755648555,26.28474087609061]]],[[[120.01459911066047,26.210600518399247],[120.01291967530278,26.209678764563364],[120.01090728574275,26.210427721762017],[120.01470489071824,26.211155129405768],[120.01459911066047,26.210600518399247]]],[[[120.01499519457263,26.213247218684273],[120.01208221222441,26.212581856167787],[120.01242536204086,26.214105055004325],[120.01355842148405,26.214127054220228],[120.01499519457263,26.213247218684273]]],[[[120.01087519703276,26.238117472543365],[120.01277192928114,26.240530677348943],[120.01410845763928,26.238990135986057],[120.0113180241076,26.235627406279832],[120.01087519703276,26.238117472543365]]],[[[120.01542208206354,26.239385364642942],[120.01709208263355,26.23926692572809],[120.01615749547204,26.237805734247274],[120.0142154895533,26.238617500097575],[120.01542208206354,26.239385364642942]]],[[[120.00449874741935,26.250656655080604],[120.00648468432075,26.25074491994218],[120.003291900401,26.24521052354686],[119.9958335771579,26.242043793886012],[119.99844166684954,26.249714230327527],[120.00087465674005,26.2484877160353],[120.00449874741935,26.250656655080604]]],[[[120.00719931349761,26.25146531107532],[120.00686253627714,26.250824532426293],[120.00657253279621,26.251130382860936],[120.00675341074134,26.25164393172213],[120.00719931349761,26.25146531107532]]],[[[120.0070491644874,26.251736192271494],[120.0070394940775,26.251599308261518],[120.00695426532718,26.251686806900693],[120.0071192000911,26.251862683715956],[120.0070491644874,26.251736192271494]]],[[[120.00730728700171,26.25193832929051],[120.00730771417977,26.251916736568205],[120.00724376608696,26.25184368823568],[120.00719613169622,26.25189803336758],[120.00730728700171,26.25193832929051]]],[[[120.01505205061176,26.254105645059497],[120.00751912051112,26.25194024214852],[120.00990194981523,26.255145701113292],[120.01108411583937,26.25395890358061],[120.01505205061176,26.254105645059497]]],[[[120.00950582363487,26.255781970561543],[120.00967435748566,26.255768566166466],[120.00961795740284,26.25557576141233],[120.00946537212928,26.25560654520592],[120.00950582363487,26.255781970561543]]],[[[119.99333872740044,26.25636345421009],[119.99322348827343,26.256175152361436],[119.99304465808461,26.25622220668953],[119.99329536209132,26.256478713122192],[119.99333872740044,26.25636345421009]]],[[[119.99345943350613,26.256794357173874],[119.99334483019982,26.25674931103191],[119.99324257188721,26.25682471109161],[119.99345632724771,26.256901934077064],[119.99345943350613,26.256794357173874]]],[[[119.99957636305874,26.281304474821695],[119.99930812946661,26.28062769810981],[119.99889675797908,26.28045377012546],[119.99872763687097,26.281154073102016],[119.99957636305874,26.281304474821695]]],[[[119.99847348846083,26.281603837547095],[119.99797078182621,26.28146753809648],[119.99783984233488,26.28170378909863],[119.99891652777558,26.281828473805092],[119.99847348846083,26.281603837547095]]],[[[119.99939803559096,26.28251931501444],[119.99863537362364,26.282232507724075],[119.99801674257867,26.282506715512568],[119.99963880208907,26.283009682051215],[119.99939803559096,26.28251931501444]]],[[[120.00800971867363,26.297892876455137],[120.0082919304283,26.298454758480375],[120.00858268484308,26.298571792654172],[120.00851118963976,26.298017797683258],[120.00800971867363,26.297892876455137]]],[[[120.0161157894122,26.21367802811858],[120.0157787612809,26.21329499336929],[120.01524471597088,26.213337644616672],[120.01605831733752,26.213866147404815],[120.0161157894122,26.21367802811858]]],[[[120.01574226589287,26.21395170800497],[120.01556473432504,26.213927138526685],[120.01550823351818,26.21412080213338],[120.01596182278001,26.214242551452628],[120.01574226589287,26.21395170800497]]],[[[120.01583903744165,26.214431948675553],[120.01577857781922,26.21434572707369],[120.01552479633233,26.214246845715422],[120.01561123916747,26.21444257956142],[120.01583903744165,26.214431948675553]]],[[[120.04855840594576,26.226031409821758],[120.0482347471359,26.225812583184222],[120.0480442725252,26.22596750129918],[120.04853204142069,26.22630873466045],[120.04855840594576,26.226031409821758]]],[[[120.0631116975469,26.23371543322071],[120.06263096224916,26.233309576375916],[120.06227027295483,26.233624505466594],[120.06300890593627,26.23404580097298],[120.0631116975469,26.23371543322071]]],[[[120.06068340931199,26.236911842307734],[120.06079072091507,26.23780851495104],[120.06233880489197,26.238065390105703],[120.06131866792225,26.23663344008122],[120.06068340931199,26.236911842307734]]],[[[120.2163815710527,26.33464547321006],[120.21619026906569,26.33451033118689],[120.21589557562038,26.334940669376465],[120.21608873560672,26.33524216349508],[120.2163815710527,26.33464547321006]]],[[[120.21369508116311,26.335196172165638],[120.21370975719958,26.334864104694702],[120.21331279015317,26.3349473567352],[120.21319828487299,26.335130395751207],[120.21369508116311,26.335196172165638]]],[[[120.21461896909022,26.335509512154317],[120.2146843632928,26.335084627453625],[120.21403010920221,26.33475253300304],[120.21423940482475,26.33549938219079],[120.21461896909022,26.335509512154317]]],[[[120.21711977235964,26.336106974057657],[120.21726732502714,26.33586095102214],[120.2167755037865,26.335718752918183],[120.21661087299344,26.336050386016552],[120.21711977235964,26.336106974057657]]],[[[120.2241983892443,26.339335999756656],[120.22415140056671,26.339224069235456],[120.22389183733844,26.339342639451274],[120.22397372600676,26.33949550531338],[120.2241983892443,26.339335999756656]]],[[[120.22893389808098,26.34501441448367],[120.22744646078559,26.344827898688607],[120.2231130891978,26.338531337651148],[120.21807201501156,26.335709277661067],[120.22034209091487,26.341826825047974],[120.2289097647739,26.347367827863025],[120.22893389808098,26.34501441448367]]],[[[120.22760597803347,26.343507022131405],[120.22740000090937,26.34324835013132],[120.22711258297943,26.343370774841446],[120.2271632094147,26.34376219486944],[120.22760597803347,26.343507022131405]]],[[[120.2277968294602,26.344145498516014],[120.22761627077432,26.34375818479242],[120.2271251806826,26.343855401505607],[120.22731664005096,26.344486323584988],[120.2277968294602,26.344145498516014]]]]}},{"type":"Feature","properties":{"district":"Juguang Township, Lienchiang County","constituency_code":"TW-09007030","township_code":"09007030","county":"Lienchiang County","township_name_zh":"莒光鄉"},"geometry":{"type":"MultiPolygon","coordinates":[[[[119.96445967807176,25.945520614884515],[119.96427530536107,25.94548580932269],[119.96414523191697,25.94551584488039],[119.96446718291418,25.945743053199408],[119.96445967807176,25.945520614884515]]],[[[119.96470102822991,25.946871842661437],[119.96463686519928,25.94675142703676],[119.96421292928335,25.946819845659377],[119.96443150770801,25.94693711455625],[119.96470102822991,25.946871842661437]]],[[[119.96432780328553,25.946379097817157],[119.96385017244756,25.945038060258298],[119.9647070348019,25.944247308866238],[119.96415459925538,25.942647573226964],[119.9614204318076,25.94100260528603],[119.96204671878115,25.94546388834783],[119.96432780328553,25.946379097817157]]],[[[119.98481172448157,25.96429252547972],[119.98477240971897,25.964337859404736],[119.98485026133051,25.964424140361814],[119.98487379748781,25.96436948856109],[119.98481172448157,25.96429252547972]]],[[[119.98536904784339,25.9646117335447],[119.98537307410811,25.964842289140392],[119.98587407922548,25.96475502792225],[119.98566025012053,25.9646459581445],[119.98536904784339,25.9646117335447]]],[[[119.9893975267745,25.970372544157613],[119.99008635530117,25.970030684868277],[119.98802211352972,25.96995349875499],[119.98897834647357,25.970822460588124],[119.9893975267745,25.970372544157613]]],[[[119.9848450353702,25.970585649308305],[119.98798188055935,25.970362520314097],[119.98735775465673,25.968858116409024],[119.98859853489455,25.968127251771307],[119.98368199432866,25.964210947976937],[119.98493838859576,25.962503343154822],[119.97856721800281,25.959653062438917],[119.97895571613344,25.956195460552124],[119.97393807558183,25.95332788227597],[119.97148143082347,25.95662259535652],[119.96494307536273,25.949206124762895],[119.96045483332398,25.950173397784113],[119.9655972278299,25.95626291330285],[119.96219540999027,25.95810803705632],[119.96954449977886,25.960453663206067],[119.97152097401386,25.967057054039856],[119.97832903705546,25.96850697521677],[119.9818411495495,25.966465372978632],[119.9848450353702,25.970585649308305]]],[[[119.97623011742598,25.972401278895973],[119.97628008735626,25.972392355822592],[119.9762890095302,25.972376293031573],[119.9762140564336,25.972351308965813],[119.97623011742598,25.972401278895973]]],[[[119.96449236123351,25.972366592044636],[119.9642032660679,25.972426459913265],[119.96476333595922,25.972587559068643],[119.96472544662208,25.972456660046873],[119.96449236123351,25.972366592044636]]],[[[119.97662273085439,25.973038379317813],[119.97662986877344,25.973013394352733],[119.9765709775686,25.97299376305176],[119.97659060707088,25.973038379317813],[119.97662273085439,25.973038379317813]]],[[[119.97416340161976,25.973065099974463],[119.97413321857323,25.97315616262688],[119.97425100098292,25.973115115770042],[119.97420801518786,25.973099007113547],[119.97416340161976,25.973065099974463]]],[[[119.97740081529548,25.973996706782657],[119.97735976843865,25.974034182431637],[119.97744007609867,25.974085937516065],[119.97743829184378,25.97401812233852],[119.97740081529548,25.973996706782657]]],[[[119.97751859950381,25.97420729113361],[119.9775685685347,25.97420372082513],[119.97757035189034,25.974184090423478],[119.97754358267025,25.974171598840258],[119.97751859950381,25.97420729113361]]],[[[119.96746869002811,25.974241395224283],[119.96730535965469,25.97417923768171],[119.9672877994924,25.97420090504778],[119.96747299778065,25.974419727188717],[119.96746869002811,25.974241395224283]]],[[[119.96499854464719,25.974244206504977],[119.96485767933848,25.97437248220433],[119.96487709120481,25.974521043011748],[119.9652461837644,25.974401309073187],[119.96499854464719,25.974244206504977]]],[[[119.96531204381586,25.974589123489295],[119.96543205654427,25.974561930688594],[119.96531186395146,25.974380427714607],[119.96522635820997,25.974698442379236],[119.96531204381586,25.974589123489295]]],[[[119.96627797864585,25.974871590651446],[119.9661760216062,25.974882232329207],[119.96617871237777,25.974926413323374],[119.9662642136226,25.97494383049343],[119.96627797864585,25.974871590651446]]],[[[119.96642820229977,25.97491365464151],[119.96638002831571,25.97489195040322],[119.96631594172743,25.97492899257901],[119.966428794953,25.97501745349274],[119.96642820229977,25.97491365464151]]],[[[119.96667421903999,25.974673545547716],[119.96720879315137,25.971685720719506],[119.96438404238972,25.971150885804775],[119.96530441216896,25.972863221960154],[119.96494526071524,25.974127317122054],[119.96667421903999,25.974673545547716]]],[[[119.9764853162444,25.975195956328378],[119.97642820839519,25.975203094247433],[119.97642999265008,25.975242355050682],[119.97648174683525,25.975247708714846],[119.9764853162444,25.975195956328378]]],[[[119.96638834254804,25.97522217426399],[119.96633056560313,25.975241851430326],[119.96642803682448,25.97529767145045],[119.96642275060947,25.975259577067902],[119.96638834254804,25.97522217426399]]],[[[119.97658168399755,25.975299461101315],[119.9766405752024,25.975286969518095],[119.97658525340682,25.975188818409265],[119.97652814645687,25.975304814765423],[119.97658168399755,25.975299461101315]]],[[[119.96615651980756,25.975032664625815],[119.96593972653716,25.97510575342784],[119.96598130579264,25.97531013875198],[119.96626263081578,25.975176952754225],[119.96615651980756,25.975032664625815]]],[[[119.97503622154443,25.975274476136235],[119.97497554518532,25.975297676846367],[119.97495948419294,25.97535656805121],[119.97500409866029,25.975376198452864],[119.97503622154443,25.975274476136235]]],[[[119.96641950135893,25.97531338530456],[119.96640922120866,25.975356031155968],[119.96650350882999,25.97539681361212],[119.96646458077589,25.97533952230117],[119.96641950135893,25.97531338530456]]],[[[119.96588516916529,25.97526068593197],[119.96578030281876,25.975282145554615],[119.96578451254527,25.975403275241035],[119.96591250315953,25.97530950652856],[119.96588516916529,25.97526068593197]]],[[[119.9769475273066,25.975372629942967],[119.97695288097077,25.975226294058302],[119.9767208837618,25.97525663088885],[119.97681903576995,25.975449368193836],[119.9769475273066,25.975372629942967]]],[[[119.96673800615417,25.97503012314172],[119.96657838728277,25.97516639021677],[119.96691827525831,25.97545096179249],[119.96698335829547,25.97536631040697],[119.96673800615417,25.97503012314172]]],[[[119.97506299076451,25.975488628097764],[119.97502551421621,25.97548149017865],[119.97499874499613,25.975583212495337],[119.9751165283052,25.975576074576225],[119.97506299076451,25.975488628097764]]],[[[119.91956011930415,25.974669078615136],[119.91939313768319,25.97515653184854],[119.9203026535447,25.97567814313186],[119.9202150011215,25.97515854273263],[119.91956011930415,25.974669078615136]]],[[[119.96591969144072,25.9755910159127],[119.96581816427693,25.975599754625023],[119.96583604549721,25.975709496196316],[119.9658957388973,25.97570197606541],[119.96591969144072,25.9755910159127]]],[[[119.97532889601177,25.975777732256574],[119.97528785005431,25.97563496488175],[119.9751540048535,25.97562247329853],[119.97519861932085,25.975772378592467],[119.97532889601177,25.975777732256574]]],[[[119.9663800948656,25.97584531810702],[119.96664844536951,25.9756462576687],[119.96629821069394,25.975245838124977],[119.96594249375119,25.97563579495602],[119.9663800948656,25.97584531810702]]],[[[119.97578575251055,25.97592050143004],[119.97728303198642,25.974100214253554],[119.97398509663492,25.970256195267268],[119.97444373648932,25.974792635571703],[119.9757250770507,25.975636750036017],[119.97578575251055,25.97592050143004]]],[[[119.97599990447202,25.976075760388085],[119.97599990447202,25.97590800804818],[119.97576076844473,25.975965115897452],[119.97581787539468,25.97606683641544],[119.97599990447202,25.976075760388085]]],[[[119.96579198681081,25.976153620992875],[119.96610050283596,25.976242308535745],[119.96614979917399,25.97610682207221],[119.96592700292888,25.976002883826084],[119.96579198681081,25.976153620992875]]],[[[119.97571079941395,25.976605785728452],[119.97570723090405,25.976523693813476],[119.97563227780745,25.976529047477584],[119.97561264650653,25.97659150899102],[119.97571079941395,25.976605785728452]]],[[[119.9761141192713,25.9766164939561],[119.97657811548765,25.976627201284373],[119.97676728248416,25.97644338795203],[119.97596956674215,25.97610966842649],[119.9761141192713,25.9766164939561]]],[[[119.9220064101678,25.97626220064012],[119.92172100671917,25.976314399989633],[119.92178605828008,25.977052550035182],[119.92216077160242,25.976742516853733],[119.9220064101678,25.97626220064012]]],[[[119.94696932117733,25.97678687231638],[119.94687518823946,25.976872852000554],[119.9468423252132,25.97716824871577],[119.9471237230814,25.977143415736123],[119.94696932117733,25.97678687231638]]],[[[119.92184816905785,25.97720496443759],[119.9217127113726,25.977273002646996],[119.92174425779137,25.977465748945235],[119.92199501036146,25.977379826817582],[119.92184816905785,25.97720496443759]]],[[[119.94692256992073,25.977263262989254],[119.94692469591803,25.97747051894936],[119.94708335251482,25.977459759460373],[119.94706102864359,25.97734837123039],[119.94692256992073,25.977263262989254]]],[[[119.94719690091631,25.97758504401463],[119.94706813958305,25.97761066480041],[119.94705445370016,25.97773856368383],[119.94718738698839,25.97768820974312],[119.94719690091631,25.97758504401463]]],[[[119.9222895680092,25.977909629126145],[119.92197356422867,25.977941657581482],[119.9218545515464,25.978091056557048],[119.92226920735811,25.978339963718383],[119.9222895680092,25.977909629126145]]],[[[119.9917856728706,25.980589482019013],[119.99175153190777,25.98074829869506],[119.9920431901412,25.98074543435439],[119.99200348777083,25.980696388027923],[119.9917856728706,25.980589482019013]]],[[[119.94814351111415,25.981180449917872],[119.94824718136238,25.981309531409806],[119.94849106221284,25.98139200643601],[119.94834018475183,25.981259431977264],[119.94814351111415,25.981180449917872]]],[[[119.9481262711106,25.98135044696562],[119.94812294541771,25.98141557227092],[119.94820956182184,25.981456508511087],[119.94819907302883,25.981391643109873],[119.9481262711106,25.98135044696562]]],[[[119.99246380216277,25.981201410416816],[119.99195542710129,25.98135563335586],[119.99192369092566,25.981389615138653],[119.99246528244691,25.981492156737716],[119.99246380216277,25.981201410416816]]],[[[119.94820153177534,25.98161975434823],[119.94817693801531,25.981633942052838],[119.94817266173902,25.981650858300497],[119.94821513132331,25.981651758521878],[119.94820153177534,25.98161975434823]]],[[[119.99262563066839,25.981760385833184],[119.99238901993738,25.981788275608494],[119.99234252139036,25.981867476203092],[119.992528508384,25.981958223193487],[119.99262563066839,25.981760385833184]]],[[[119.94618095838462,25.98194033567802],[119.94604705382858,25.9819501176039],[119.9460109676321,25.982010137457905],[119.94619277097968,25.982068972904813],[119.94618095838462,25.98194033567802]]],[[[119.94058179371484,25.982103868398838],[119.94061243271767,25.9822700433279],[119.94082192798965,25.98235032760556],[119.94077483499075,25.9822085809613],[119.94058179371484,25.982103868398838]]],[[[119.9448962003994,25.98228285237178],[119.94482068432717,25.982314121799334],[119.94484297942006,25.982380480974484],[119.94493361309583,25.982354665935134],[119.9448962003994,25.98228285237178]]],[[[119.94622997323472,25.982291547916645],[119.94621355701008,25.982372786375038],[119.94633726505276,25.98242523123946],[119.94632506305129,25.982351949083238],[119.94622997323472,25.982291547916645]]],[[[119.94667817825541,25.98232039906719],[119.94633084749069,25.982047908983873],[119.94628275624427,25.982051669049326],[119.94677857946795,25.98245925529045],[119.94667817825541,25.98232039906719]]],[[[119.94459470178413,25.982095240303124],[119.94801207879448,25.981714672394276],[119.94771857605156,25.978162767597723],[119.94641674263858,25.97805458814878],[119.9419404274089,25.97292282902538],[119.93849014600346,25.97338390424386],[119.93831708856283,25.970675253260367],[119.93393566889608,25.967481525052392],[119.93155727594763,25.967472074077023],[119.93330640156921,25.97000202077669],[119.92882618148315,25.97096445724395],[119.92401063748105,25.97923679194446],[119.92690543104084,25.981647414796385],[119.93340526853842,25.979969979531006],[119.94459470178413,25.982095240303124]]],[[[119.94492084991737,25.982701492180183],[119.94484474209128,25.982464187172525],[119.94480210523307,25.982445109853984],[119.94467440959636,25.98268294276363],[119.94492084991737,25.982701492180183]]],[[[119.99263527319931,25.9820725162337],[119.99198693844653,25.982401751739474],[119.99286121437365,25.982881098483972],[119.99310047091012,25.982749873907608],[119.99263527319931,25.9820725162337]]],[[[119.94369230585528,25.982548999536732],[119.94355756672837,25.98277381386049],[119.94356466597662,25.982897169368925],[119.94380742627175,25.9827524603578],[119.94369230585528,25.982548999536732]]],[[[119.94485218757848,25.982833202390452],[119.94456062827044,25.982903057230374],[119.94444581362347,25.983055037260215],[119.94483216687104,25.983116594954936],[119.94485218757848,25.982833202390452]]]]}},{"type":"Feature","properties":{"district":"Dongyin Township, Lienchiang County","constituency_code":"TW-09007040","township_code":"09007040","county":"Lienchiang County","township_name_zh":"東引鄉"},"geometry":{"type":"MultiPolygon","coordinates":[[[[120.40323582147607,26.159041830616047],[120.40312518148198,26.157867569632685],[120.40647844672299,26.15547086738667],[120.40289497482331,26.15648629640549],[120.40323582147607,26.159041830616047]]],[[[120.20239837768304,26.249357714786754],[120.20233770132393,26.249059687554563],[120.20217530174887,26.248866951148955],[120.20205216477564,26.24912750183279],[120.20239837768304,26.249357714786754]]],[[[120.20247080908064,26.251748346608963],[120.20256558863105,26.251727938293755],[120.20254820563525,26.25164295415908],[120.20235974730451,26.251714374718688],[120.20247080908064,26.251748346608963]]],[[[120.48204986410997,26.35252848310307],[120.48182064580624,26.352830134603096],[120.48383926227223,26.35493170183662],[120.48368459956464,26.354233860304475],[120.48204986410997,26.35252848310307]]],[[[120.48597146670988,26.35548020464779],[120.48581461864978,26.354968218808324],[120.48521668100511,26.35540825079022],[120.48554580769292,26.355991313648246],[120.48597146670988,26.35548020464779]]],[[[120.4863047041988,26.355743792342196],[120.48595759017076,26.355873743478526],[120.48584923625333,26.35628759439703],[120.4863916848285,26.355894735453717],[120.4863047041988,26.355743792342196]]],[[[120.49391830438628,26.356406752769487],[120.49373323200314,26.356794827319504],[120.49430165209958,26.35714183073094],[120.49432777380775,26.356923263997487],[120.49391830438628,26.356406752769487]]],[[[120.4949535994291,26.358218174429282],[120.49485428459764,26.358245790810656],[120.49481912110559,26.358402764775803],[120.49499858711522,26.358331848735872],[120.4949535994291,26.358218174429282]]],[[[120.49524155065706,26.359078071995498],[120.49516842048627,26.359150703042587],[120.49528173326541,26.359451153947646],[120.49542987229086,26.359184421324017],[120.49524155065706,26.359078071995498]]],[[[120.51152890243691,26.36454795912107],[120.51121047678214,26.364599081982078],[120.51115039217689,26.364740267449406],[120.51149787852432,26.364940814467047],[120.51152890243691,26.36454795912107]]],[[[120.50056611093737,26.376028373410747],[120.50046043789894,26.37613976523801],[120.50063865115294,26.376408852286772],[120.5006692020221,26.376203659371413],[120.50056611093737,26.376028373410747]]],[[[120.50101863360317,26.377464957641735],[120.50091674401256,26.37751227187391],[120.50091984487506,26.37766099186132],[120.50110776810902,26.377591300698043],[120.50101863360317,26.377464957641735]]],[[[120.50083549925898,26.377880461514167],[120.50060767850164,26.378088266959992],[120.50092851793681,26.378189420905073],[120.50102060941367,26.377987738943034],[120.50083549925898,26.377880461514167]]],[[[120.48383501567355,26.37841750786174],[120.48337296379134,26.37859927253845],[120.48420891421006,26.378953357211742],[120.48418939622377,26.378792935245826],[120.48383501567355,26.37841750786174]]],[[[120.48306811789939,26.379006252636486],[120.48299872531095,26.37904291170105],[120.4830364941389,26.379112024600317],[120.48311606615357,26.379072314136067],[120.48306811789939,26.379006252636486]]],[[[120.48328441294541,26.37921105974266],[120.48321601140981,26.379250459041486],[120.48325819590912,26.379318169897658],[120.48333232522668,26.379283364335834],[120.48328441294541,26.37921105974266]]],[[[120.48384313924953,26.379207142295854],[120.48359767379372,26.379351686731013],[120.48420133922048,26.379751347246952],[120.48421532907423,26.37940567483207],[120.48384313924953,26.379207142295854]]],[[[120.48081930646583,26.381499509694663],[120.48074858378016,26.381521962168847],[120.48076425536613,26.381596082493274],[120.48084943465369,26.38158357831952],[120.48081930646583,26.381499509694663]]],[[[120.48138880844681,26.381620824641402],[120.48130907185623,26.38169332438747],[120.48141372866075,26.38177062111731],[120.48144151141673,26.38169726881398],[120.48138880844681,26.381620824641402]]],[[[120.48056228562109,26.38189073636846],[120.48053886097966,26.381956034343546],[120.48066391530756,26.382071898499362],[120.48066342337836,26.381993890405795],[120.48056228562109,26.38189073636846]]],[[[120.48045979618269,26.382010585420232],[120.48039523745035,26.382038313317537],[120.48042553561004,26.382105847007267],[120.48049948686185,26.38207277893565],[120.48045979618269,26.382010585420232]]],[[[120.48147578997578,26.382010842626357],[120.48136738389769,26.38219314419831],[120.48162333814662,26.382327117102818],[120.48164851286867,26.38222327328549],[120.48147578997578,26.382010842626357]]],[[[120.48050037449275,26.382198363863438],[120.4804252127534,26.382236300864633],[120.48049002239668,26.382350128955352],[120.48055938081086,26.382266778888777],[120.48050037449275,26.382198363863438]]],[[[120.08288114424943,26.382497320095297],[120.08297751200269,26.382213570499914],[120.0826265335877,26.382296369282074],[120.08262059266633,26.38255621130014],[120.08288114424943,26.382497320095297]]],[[[120.08234398009063,26.382973808794304],[120.08247960954645,26.382199292863106],[120.08200812017867,26.3821156019535],[120.08187998477354,26.382688271346694],[120.08234398009063,26.382973808794304]]],[[[120.47437125462977,26.383531722111343],[120.4743013413339,26.38357211695967],[120.47436487034258,26.383682766846277],[120.47443006489561,26.383616139673165],[120.47437125462977,26.383531722111343]]],[[[120.48061635735905,26.38366521747588],[120.4805006128131,26.383750445326825],[120.48069224395192,26.3838438093444],[120.48072645416255,26.38376955232303],[120.48061635735905,26.38366521747588]]],[[[120.47391673546906,26.38350160021872],[120.47378012845024,26.383571425381035],[120.47400703010044,26.383940527833147],[120.47417682929733,26.38375190312786],[120.47391673546906,26.38350160021872]]],[[[120.47959872050455,26.382996091296604],[120.48345636691784,26.37718468572473],[120.48152132175164,26.37122518609351],[120.49199623283994,26.370643167348362],[120.49420554514984,26.377791183116642],[120.49970067984259,26.37844154674002],[120.49867235724355,26.37265196051959],[120.50355589179105,26.37079299530052],[120.50663763911587,26.372959881193594],[120.51131105066452,26.365221715010193],[120.50647290849804,26.367049158991563],[120.50420030999635,26.365566127474835],[120.50134085619561,26.368690332692722],[120.50055303659337,26.36443737578429],[120.49615966583599,26.36115756896669],[120.49349273530152,26.356885295520044],[120.49298592146317,26.35931549121699],[120.48857198231121,26.35735554742064],[120.48615598061406,26.359785756607437],[120.48422530795165,26.355798582638556],[120.4815653426665,26.358422622705916],[120.48380253575851,26.363249726593665],[120.48205927641459,26.364990284374187],[120.48540558539946,26.36547160782851],[120.48535648871109,26.36892468522609],[120.48103007517784,26.37079198086525],[120.47771631265778,26.367560774310334],[120.47692810185049,26.37909098136373],[120.46935041069298,26.371227880462357],[120.46925979860089,26.37712014857607],[120.47468608299641,26.37964909343094],[120.47404692132841,26.383374794910935],[120.47959872050455,26.382996091296604]]],[[[120.08615464322224,26.38515569268111],[120.08529982142966,26.384088504980582],[120.08291024721018,26.384325858551563],[120.08409700337404,26.384964742329032],[120.08615464322224,26.38515569268111]]],[[[120.0860064025735,26.385175324881402],[120.08593501888606,26.385187816464622],[120.0859314494769,26.385275262043763],[120.08603674120275,26.38525206043431],[120.0860064025735,26.385175324881402]]]]}},{"type":"Feature","properties":{"district":"Jincheng Township, Kinmen County","constituency_code":"TW-09020010","township_code":"09020010","county":"Kinmen County","township_name_zh":"金城鎮"},"geometry":{"type":"MultiPolygon","coordinates":[[[[118.33938523813833,24.390517588715795],[118.33974464769744,24.389969216306326],[118.33896034084717,24.38930425308888],[118.33895609155047,24.389920074651798],[118.33938523813833,24.390517588715795]]],[[[118.34602410452885,24.40804596444974],[118.34538558497684,24.408379936684753],[118.34566209862703,24.408954426305797],[118.34635838343274,24.408724734059263],[118.34602410452885,24.40804596444974]]],[[[118.34654321839491,24.40882672617255],[118.34632993877574,24.409022917773484],[118.34659398422502,24.409128091688103],[118.34667098148066,24.408980588483416],[118.34654321839491,24.40882672617255]]],[[[118.32513646417658,24.443532718660094],[118.32827319874923,24.441272846464756],[118.32296496476135,24.436495578508186],[118.32651648644674,24.434320988123147],[118.32453690325553,24.432440001205123],[118.33040205860823,24.432468219232987],[118.3285899570609,24.426141063259536],[118.32507981048491,24.42598666315405],[118.32917579252887,24.413947706021872],[118.3346424771687,24.419090640121],[118.34457466988522,24.41125639037017],[118.33870933736614,24.404528838235365],[118.33423846393407,24.391086594270973],[118.32200153724125,24.385553947956396],[118.31513832327505,24.39003969347715],[118.3092235999892,24.390227452135264],[118.30486262461045,24.395807170764385],[118.29593494943845,24.395708480961673],[118.29560906480651,24.399158461993466],[118.29064214781692,24.40198716887278],[118.29084147265587,24.40414619738914],[118.2780072252533,24.41349837505004],[118.28152520042772,24.417261522501292],[118.29091836019427,24.41884577811021],[118.30220678001899,24.436247428575996],[118.30300280683412,24.441571896226094],[118.31192272625287,24.437461516935514],[118.32364719046552,24.444926752367792],[118.32513646417658,24.443532718660094]]]]}},{"type":"Feature","properties":{"district":"Jinsha Township, Kinmen County","constituency_code":"TW-09020020","township_code":"09020020","county":"Kinmen County","township_name_zh":"金沙鎮"},"geometry":{"type":"MultiPolygon","coordinates":[[[[118.39722579563397,24.522051259358193],[118.39718646378435,24.52191635745396],[118.39696567662475,24.521888528832562],[118.39705438665067,24.522037101331193],[118.39722579563397,24.522051259358193]]],[[[118.39737476473363,24.52273366492676],[118.39693494049516,24.522335913671554],[118.39620130864353,24.522921354337086],[118.39662083698215,24.523388998203757],[118.39737476473363,24.52273366492676]]],[[[118.3966678985048,24.524126566387963],[118.3962802061667,24.524604735919866],[118.39679570835528,24.5249179527014],[118.39700257760694,24.52448374922568],[118.3966678985048,24.524126566387963]]],[[[118.43906463952158,24.52474124311391],[118.43907573265903,24.523444633862823],[118.43471291726735,24.52233906309732],[118.43659095890564,24.52406266506],[118.43906463952158,24.52474124311391]]],[[[118.41130962763725,24.532143725652475],[118.41445594898289,24.528308961589346],[118.41918861686122,24.53043927475278],[118.43358340564976,24.525005772398515],[118.4315415758831,24.521944651024853],[118.4356601336084,24.514479886837364],[118.45011483703013,24.510998916966514],[118.45074166809354,24.501022501887007],[118.45495494331601,24.497560977157434],[118.45862350367179,24.487010120121],[118.46194673425441,24.484260368321372],[118.46894194261665,24.48368045578843],[118.46899324893934,24.480444892018227],[118.46322257726024,24.47499669564104],[118.46542926894563,24.462725447221658],[118.46890348670661,24.457697954596995],[118.45971594973139,24.448457461043063],[118.4551688911315,24.446629741869117],[118.44891908314924,24.451886782848817],[118.43302536642761,24.47091117810845],[118.42633136619963,24.47019747883064],[118.41825282910486,24.463439967580484],[118.39610231397069,24.45367437697098],[118.3921100633288,24.459103799101115],[118.38256498468638,24.461459911345855],[118.37659225602783,24.469464373082417],[118.37196806437476,24.47907182510471],[118.37905958473209,24.485042537483196],[118.38073080388358,24.491247397349582],[118.38570650904819,24.49359185707857],[118.38404289186599,24.508097845239433],[118.39203740889934,24.51160655379948],[118.40076550202639,24.522222724099493],[118.39965255682012,24.525448174094038],[118.39652601066689,24.525733074821574],[118.39770729985207,24.528105933342204],[118.40560480341901,24.527470233164763],[118.40731121843805,24.534228161700355],[118.41130962763725,24.532143725652475]]]]}},{"type":"Feature","properties":{"district":"Jinhu Township, Kinmen County","constituency_code":"TW-09020030","township_code":"09020030","county":"Kinmen County","township_name_zh":"金湖鎮"},"geometry":{"type":"MultiPolygon","coordinates":[[[[118.43821358768696,24.40709631544263],[118.43801821716704,24.40709700881996],[118.43796763120133,24.407267988826675],[118.4382533512113,24.40720434650342],[118.43821358768696,24.40709631544263]]],[[[118.4385456011986,24.40748291870176],[118.43827911588858,24.407390434221213],[118.43812749828544,24.407855143600045],[118.43843727246224,24.407700843319333],[118.4385456011986,24.40748291870176]]],[[[118.43930074123625,24.408368882218213],[118.43929276245103,24.408093266990704],[118.43905359944415,24.408080076634292],[118.43897542677462,24.40826363096187],[118.43930074123625,24.408368882218213]]],[[[118.43882470399694,24.408417149731747],[118.43889020252084,24.408286393702156],[118.43851779056365,24.408446287766026],[118.43866889285516,24.408598225527726],[118.43882470399694,24.408417149731747]]],[[[118.43896181013952,24.408645987622265],[118.43884155999001,24.408653740677664],[118.43880135489871,24.408698437882663],[118.43890517983027,24.408741168270353],[118.43896181013952,24.408645987622265]]],[[[118.43811016924894,24.408656630199403],[118.4379236183803,24.408638974708992],[118.4378079709611,24.408787983378772],[118.43797945728613,24.408819389503265],[118.43811016924894,24.408656630199403]]],[[[118.43765716094924,24.40897135964059],[118.4375085183035,24.408835511649613],[118.43741916706097,24.408944555346977],[118.43757038446574,24.40909747696702],[118.43765716094924,24.40897135964059]]],[[[118.4392396197128,24.409597446065334],[118.439019320885,24.409555596113933],[118.4390276602984,24.409704890768126],[118.43922303621423,24.40970304985592],[118.4392396197128,24.409597446065334]]],[[[118.44003121376954,24.409564833949958],[118.4397845441215,24.409109527882435],[118.43928852394629,24.409575740927778],[118.44000919117127,24.409822012176164],[118.44003121376954,24.409564833949958]]],[[[118.4402336781418,24.410590761654362],[118.44013264200794,24.410448131875853],[118.43998190663979,24.410605099545762],[118.44011322834285,24.41066741536895],[118.4402336781418,24.410590761654362]]],[[[118.44707344498352,24.412188902795663],[118.44690418717857,24.41225511628062],[118.44699870502632,24.412491890688273],[118.4471955936018,24.412398176834472],[118.44707344498352,24.412188902795663]]],[[[118.44692412604763,24.41318415642371],[118.4470431747028,24.413159166962032],[118.44717754330907,24.41302971494946],[118.44688972877805,24.41294522813979],[118.44692412604763,24.41318415642371]]],[[[118.4479740737446,24.413475927072454],[118.44770350101578,24.413494830821833],[118.44766920896689,24.413665856693967],[118.44807001791708,24.413651840759883],[118.4479740737446,24.413475927072454]]],[[[118.45759544547354,24.41433826629799],[118.45880726124619,24.414094343179443],[118.4592381516195,24.412688637170902],[118.45616950112162,24.41280677930945],[118.45759544547354,24.41433826629799]]],[[[118.45783976789107,24.415372629643173],[118.45740459584545,24.415710366440294],[118.45842521934844,24.416249412880177],[118.45846633185579,24.4159515367341],[118.45783976789107,24.415372629643173]]],[[[118.46013519658209,24.41578650304473],[118.45888263792347,24.415608261911814],[118.45937001381515,24.416924792944883],[118.46062092941247,24.416698817596398],[118.46013519658209,24.41578650304473]]],[[[118.50555427391066,24.428167382418792],[118.5056578955955,24.42667177028602],[118.50387933696186,24.426289643852044],[118.50374995149912,24.42824357478122],[118.50555427391066,24.428167382418792]]],[[[118.38293668168262,24.461351918955927],[118.3921100633288,24.459103799101115],[118.39610231397069,24.45367437697098],[118.41825282910486,24.463439967580484],[118.42633136619963,24.47019747883064],[118.43302536642761,24.47091117810845],[118.44602378956631,24.45439137406271],[118.4551688911315,24.446629741869117],[118.46225828279353,24.45026202896952],[118.46890348670661,24.457697954596995],[118.47816699301234,24.450257716720273],[118.4742015970262,24.44956440417394],[118.4706154388515,24.439751592861796],[118.46619155589565,24.441989509008692],[118.4610379927093,24.438146172607844],[118.46049703880738,24.436280368044606],[118.4634616872072,24.43585258392966],[118.46650906424202,24.430907355889815],[118.46053523031674,24.423675081739702],[118.45732335109187,24.426014604190698],[118.45495555935167,24.41626852707094],[118.44836417806448,24.415501305540886],[118.44587271785167,24.413859267591192],[118.44679357776147,24.41239725952596],[118.43753980841552,24.410150416708404],[118.43494823387391,24.40769151555105],[118.4262008350006,24.406779555332264],[118.42624586315617,24.409331226055315],[118.42751611147946,24.40836165796418],[118.43230579997271,24.409788088849268],[118.42909241438349,24.410368371003585],[118.43020640640054,24.412240421358433],[118.4255802883996,24.410790269955044],[118.43082945131823,24.41266297951296],[118.43301669336574,24.416472980743492],[118.43132901482227,24.420097397876646],[118.425286683134,24.424874754866096],[118.41263889486913,24.428527593273884],[118.40921824072927,24.427570246070047],[118.41098112867621,24.431421728529983],[118.40901624850108,24.428690078284546],[118.40821515310688,24.432179142953146],[118.40261246579269,24.4349808386948],[118.38559465317076,24.435093729691914],[118.36057309467265,24.426502938759654],[118.3588331250487,24.43027820727349],[118.36134367786849,24.436916150959632],[118.36386455670402,24.437945961037315],[118.3604926404231,24.447982685552574],[118.36782899131492,24.457914260434848],[118.3658276598187,24.473749215454006],[118.37196806437476,24.47907182510471],[118.38293668168262,24.461351918955927]]]]}},{"type":"Feature","properties":{"district":"Jinning Township, Kinmen County","constituency_code":"TW-09020040","township_code":"09020040","county":"Kinmen County","township_name_zh":"金寧鄉"},"geometry":{"type":"Polygon","coordinates":[[[118.3658276598187,24.473749215454006],[118.36782899131492,24.457914260434848],[118.3604926404231,24.447982685552574],[118.36386455670402,24.437945961037315],[118.36134367786849,24.436916150959632],[118.3588331250487,24.43027820727349],[118.36057309467265,24.426502938759654],[118.35036144842218,24.420550924185875],[118.34457466988522,24.41125639037017],[118.3346424771687,24.419090640121],[118.32917579252887,24.413947706021872],[118.32507981048491,24.42598666315405],[118.3285899570609,24.426141063259536],[118.33040205860823,24.432468219232987],[118.3245885405288,24.432393228364845],[118.32651648644674,24.434320988123147],[118.32296496476135,24.436495578508186],[118.32827319874923,24.441272846464756],[118.32584394554169,24.444110591530603],[118.32364719046552,24.444926752367792],[118.31701249962725,24.43897028345185],[118.3138526129078,24.440410286005942],[118.31192272625287,24.437461516935514],[118.30300280683412,24.441571896226094],[118.29555363868951,24.45600008673466],[118.29535004476884,24.46235926666685],[118.28846384323185,24.469919682747218],[118.28599447126794,24.477073047683064],[118.2945421406074,24.49134292243798],[118.31046558082198,24.496016126243262],[118.31816535224925,24.49315706364763],[118.33020135330992,24.480001475887434],[118.33868712860817,24.47498250703711],[118.35663758495662,24.47101501742918],[118.3658276598187,24.473749215454006]]]}},{"type":"Feature","properties":{"district":"Lieyu Township, Kinmen County","constituency_code":"TW-09020050","township_code":"09020050","county":"Kinmen County","township_name_zh":"烈嶼鄉"},"geometry":{"type":"MultiPolygon","coordinates":[[[[118.2338162036549,24.162770818618412],[118.23506305431658,24.162574814076436],[118.23455501829949,24.160255444533163],[118.23243301577111,24.160767531096724],[118.2338162036549,24.162770818618412]]],[[[118.13828918349907,24.3744492443372],[118.13818567512885,24.375000737394146],[118.13879962700128,24.374984608952616],[118.13893150718332,24.374708860625447],[118.13828918349907,24.3744492443372]]],[[[118.14204391059809,24.378347296390643],[118.14268366941587,24.378230966386013],[118.1426122506549,24.377630257930093],[118.14156077321115,24.377799441091383],[118.14204391059809,24.378347296390643]]],[[[118.14556689409699,24.378925890517507],[118.14572409289258,24.37771906598215],[118.14479482252307,24.377407336679312],[118.1451648287939,24.376513736120103],[118.14513724658673,24.37588640953021],[118.14471199046602,24.375477088496893],[118.14368213901957,24.378495527146924],[118.14556689409699,24.378925890517507]]],[[[118.16037726499883,24.37855411797824],[118.15685195945048,24.37720172378056],[118.1513664331145,24.382328078877777],[118.1543354782998,24.383736479255163],[118.16326304465383,24.381316816418007],[118.16037726499883,24.37855411797824]]],[[[118.1626169483136,24.394904333268414],[118.16421472612876,24.39524449373846],[118.16521584513521,24.39010860312959],[118.17099191994123,24.389617482460892],[118.17279376651913,24.386330650139428],[118.16899013069008,24.38420904870867],[118.1618256312479,24.387328948871925],[118.15921897237774,24.39323627073736],[118.1626169483136,24.394904333268414]]],[[[118.19430345803823,24.397160482270465],[118.19484088479908,24.39539220918317],[118.19148933366591,24.397002250153776],[118.19369215916583,24.398134033458916],[118.19430345803823,24.397160482270465]]],[[[118.22993171697522,24.404616965500622],[118.23046643587736,24.404627648547205],[118.23159805910325,24.403075148899063],[118.22904461042049,24.402889382239266],[118.22993171697522,24.404616965500622]]],[[[118.19871164422705,24.436451906530294],[118.19791705902514,24.437136019012144],[118.19964286162883,24.4372439475502],[118.19939319903699,24.43675777495139],[118.19871164422705,24.436451906530294]]],[[[118.2129060712582,24.451933873149756],[118.21162453554393,24.45136634608008],[118.21084953757611,24.451590065029507],[118.2126691214828,24.452066658949207],[118.2129060712582,24.451933873149756]]],[[[118.21032847577862,24.453577739421178],[118.21049596281853,24.45309897453808],[118.20894280396726,24.45276822277532],[118.20985975092685,24.454395084665464],[118.21032847577862,24.453577739421178]]],[[[118.22706686004767,24.455458094115784],[118.22604159874084,24.455652199289602],[118.22590926350176,24.455756634860847],[118.22762557825786,24.4558212817268],[118.22706686004767,24.455458094115784]]],[[[118.24886036141663,24.456359884800918],[118.25805488162757,24.454034388176524],[118.2691690371214,24.445982812756654],[118.26818696845385,24.43969302451353],[118.26983403091583,24.438245126811182],[118.26637713679554,24.43467033336924],[118.26631928071026,24.428125521675554],[118.26308024375828,24.422532337497444],[118.25464272428235,24.42488248094179],[118.24991711967937,24.42159076620095],[118.25004644398825,24.41825551168256],[118.24535062223345,24.413635175423053],[118.24149143168427,24.41125759006576],[118.24054855097495,24.414652203436503],[118.23317594301545,24.413314121049893],[118.22596647027649,24.405045779339275],[118.22208948394257,24.408790403454418],[118.21351984776288,24.409770758913453],[118.21156806261604,24.412480205796896],[118.21637382379299,24.413069362461158],[118.21456551738481,24.41483621372032],[118.2173722871014,24.42076363813146],[118.21680595882799,24.428066218581193],[118.22384950395156,24.436614954516585],[118.2273036650322,24.44786954993981],[118.23337213371701,24.45367755607441],[118.24886036141663,24.456359884800918]]],[[[118.23215261884832,24.45757530055971],[118.23191501436645,24.457630670019455],[118.23183680212674,24.457705100609928],[118.23221122676671,24.457774530969857],[118.23215261884832,24.45757530055971]]],[[[118.2776860989344,24.45380955856433],[118.276360106134,24.45228246656262],[118.26882797103406,24.45248385714433],[118.27205303162214,24.45804147583351],[118.2776860989344,24.45380955856433]]],[[[118.24204799961558,24.46002219396911],[118.24202856346744,24.46031853047583],[118.24242044125037,24.460274439413922],[118.24240997134314,24.460196621077273],[118.24204799961558,24.46002219396911]]]]}},{"type":"Feature","properties":{"district":"Wuqiu Township, Kinmen County","constituency_code":"TW-09020060","township_code":"09020060","county":"Kinmen County","township_name_zh":"烏坵鄉"},"geometry":{"type":"MultiPolygon","coordinates":[[[[119.47405460083917,24.985979363856586],[119.47888241249336,24.985881367431205],[119.4762057845694,24.979377584607903],[119.47278070666437,24.977600130341784],[119.46598900948527,24.979950404187832],[119.46781593995377,24.984390395800176],[119.47271674688045,24.987222315057863],[119.47405460083917,24.985979363856586]]],[[[119.45833729153287,24.989464095591586],[119.45687913706263,24.985242684202547],[119.44767461998777,24.987497461738542],[119.44344710849737,24.998716735389053],[119.45580114760492,24.994962266395532],[119.45833729153287,24.989464095591586]]]]}},{"type":"Feature","properties":{"district":"Yilan City, Yilan County","constituency_code":"TW-10002010","township_code":"10002010","county":"Yilan County","township_name_zh":"宜蘭市"},"geometry":{"type":"Polygon","coordinates":[[[121.7319022891594,24.78446675583615],[121.74329782813231,24.77723880562644],[121.74639636939696,24.78033459136833],[121.75652578074028,24.78023676671347],[121.76099214227361,24.78293505570832],[121.76795578173403,24.771034998866128],[121.77200232264909,24.771523702157197],[121.77237858910064,24.766634977622175],[121.77677684407615,24.768644936314786],[121.78200606992425,24.76279774671866],[121.78568193547301,24.763906420145247],[121.7870909473894,24.7618618690301],[121.78915461629254,24.758250600884594],[121.78577631302653,24.755490419647174],[121.78861411654827,24.752647451318865],[121.78237881463065,24.747329456089574],[121.78530711333269,24.738792355582802],[121.77905379349784,24.739002190798544],[121.7757050689338,24.73548612758276],[121.77345798689669,24.719263830061777],[121.7760983991219,24.71470217006913],[121.76504366633219,24.713577306147783],[121.75711413790725,24.72351402874949],[121.7470010492591,24.722539567447143],[121.73797288474088,24.72653206899986],[121.73479305015917,24.724329123890016],[121.73329940304507,24.730157002343844],[121.73648633417702,24.732336235029265],[121.7337026815336,24.734803006153868],[121.7421151665817,24.744570873846783],[121.73401385685406,24.746615765805018],[121.72800796929243,24.751440910969336],[121.72948147429065,24.75296287593602],[121.72707355570014,24.75504185579706],[121.73446749917582,24.769970951598168],[121.73040826432998,24.780037154091417],[121.7319022891594,24.78446675583615]]]}},{"type":"Feature","properties":{"district":"Luodong Township, Yilan County","constituency_code":"TW-10002020","township_code":"10002020","county":"Yilan County","township_name_zh":"羅東鎮"},"geometry":{"type":"Polygon","coordinates":[[[121.80244344760706,24.67032074670516],[121.79983798573448,24.663999931851436],[121.79408669444547,24.663377961623667],[121.79044862470437,24.665901404426336],[121.78061771903253,24.66542920189619],[121.7747755584453,24.669269069611914],[121.77163602518249,24.66752999841077],[121.76845302678578,24.670317151215613],[121.76512934474351,24.667613833211874],[121.75299206383272,24.66584376237978],[121.75477591137928,24.66946516858269],[121.74963547739537,24.672839739662322],[121.74936361773678,24.676009117826595],[121.75172333266573,24.677153198461383],[121.74857582151697,24.679977062491503],[121.75113069382655,24.69385584547092],[121.75374465249376,24.69389133721552],[121.75676451477057,24.70606032732229],[121.76181387980682,24.700953360709093],[121.76283266419614,24.70231866827197],[121.76484545395465,24.697876265577236],[121.7631412728515,24.692675758679343],[121.77016575684422,24.69021180423141],[121.77092373154505,24.68575289627921],[121.77495569714779,24.68606547454209],[121.77616932595367,24.68081537183201],[121.78035571594364,24.681674397955135],[121.78321743063998,24.6781049132112],[121.80003164304594,24.676106238312286],[121.79993160426022,24.672326997492974],[121.80244344760706,24.67032074670516]]]}},{"type":"Feature","properties":{"district":"Su'ao Township, Yilan County","constituency_code":"TW-10002030","township_code":"10002030","county":"Yilan County","township_name_zh":"蘇澳鎮"},"geometry":{"type":"Polygon","coordinates":[[[121.81815010264518,24.655600516650566],[121.81883676110772,24.653749973582478],[121.82269619897045,24.6539361323467],[121.82526960990458,24.647328619020584],[121.83031808910857,24.648674006600174],[121.83554983935369,24.642779902070856],[121.8451721805518,24.644662999697744],[121.85876606370289,24.61669669299806],[121.86613122977246,24.60992134099712],[121.88513956314034,24.603715053007363],[121.88365948499734,24.601379748376758],[121.88603929617659,24.599813176137218],[121.87345821062797,24.59661079645116],[121.87924217068974,24.591035122073265],[121.87225299318118,24.584049007655608],[121.87979216097949,24.579663331497613],[121.87570499409026,24.57900736959448],[121.87553080620182,24.577159369809124],[121.8720772593581,24.57817942673921],[121.86949338661054,24.57448817019298],[121.87121560002004,24.55237445171963],[121.87410669826556,24.5454939788641],[121.87257407543325,24.53109669535627],[121.86857470935547,24.527653008679465],[121.84254032717445,24.520805900671803],[121.83877681729632,24.511617610064718],[121.83971035404966,24.498635373823504],[121.85073567810912,24.495343434252163],[121.85093335449073,24.484568174781487],[121.86022516785727,24.483641389238755],[121.86213283586176,24.480394271878197],[121.85969012519922,24.478556755489933],[121.85545037933161,24.480585043265194],[121.84858555108235,24.479000782260357],[121.84122644284616,24.47558342143782],[121.83265678867997,24.467422938118148],[121.82086136436055,24.46208908424387],[121.82180717596043,24.45564710732822],[121.81655405422623,24.446739404300104],[121.80048429611338,24.43136412605361],[121.79150903961056,24.436938265288745],[121.77921270640138,24.455530521916103],[121.8142610671946,24.47193902136877],[121.82013996958403,24.480178525418637],[121.81920578352015,24.491754077188943],[121.82300750469267,24.492652852447236],[121.82593017363865,24.496875322338326],[121.82971254769598,24.51615455309019],[121.84064763737865,24.530287690424643],[121.84685579146162,24.53162085262028],[121.84978532673153,24.537751337654186],[121.83961315082627,24.54323098512191],[121.83292556905985,24.55205184241862],[121.82373871017342,24.551191725417823],[121.81846714963933,24.55351648909476],[121.81457017047705,24.55940110487711],[121.81472883067102,24.57180555188478],[121.81278752982075,24.57537516613104],[121.81496657364846,24.58025561780255],[121.80682089586776,24.59285353416334],[121.80023531071106,24.595356094708052],[121.7958588121345,24.60129920329564],[121.79986399772542,24.602345935916276],[121.8018894211599,24.608937190399047],[121.80837145477892,24.60851785901201],[121.81192590645549,24.61548714171829],[121.81205616695866,24.622375991758645],[121.81672265282828,24.622837210868624],[121.8180902140922,24.62644509126801],[121.82298932399817,24.626799850432803],[121.822715784406,24.632598973963525],[121.82559856931857,24.632852961395088],[121.82446291623069,24.640254763146856],[121.81935756210191,24.642673494286385],[121.81399923407741,24.651528940408298],[121.81815010264518,24.655600516650566]]]}},{"type":"Feature","properties":{"district":"Toucheng Township, Yilan County","constituency_code":"TW-10002040","township_code":"10002040","county":"Yilan County","township_name_zh":"頭城鎮"},"geometry":{"type":"MultiPolygon","coordinates":[[[[121.95971839069125,24.844932357042694],[121.96494846819735,24.840485817466572],[121.96293879458972,24.83592515931872],[121.9480155884487,24.835334686046963],[121.94100814301146,24.837804749589566],[121.93425824092515,24.845564902398394],[121.93518886117704,24.84715979338978],[121.94333685201423,24.844609355637317],[121.94948395112351,24.851770265885136],[121.9571886877078,24.850258550491787],[121.95971839069125,24.844932357042694]]],[[[121.96059583942656,24.98821926390798],[121.96599328795992,24.983030042602422],[121.95830724108635,24.98262258946096],[121.94427361283704,24.976830951886996],[121.94183319094907,24.973385709383024],[121.93622901975357,24.97385178213409],[121.92559169380172,24.96856021438242],[121.9201972543998,24.955193077298702],[121.90535942989379,24.94659780234673],[121.90467103573974,24.939816236030538],[121.89528345716587,24.940726732152996],[121.88926260308676,24.93709722215914],[121.8853740343842,24.918891268417326],[121.8824880119123,24.914533946084816],[121.87178758412972,24.903644787476992],[121.86594540195881,24.902000795300523],[121.86047350035187,24.89446134331638],[121.85136210447763,24.890113748950398],[121.82714304071885,24.84235901895363],[121.82031523126295,24.807244622741223],[121.81660662139848,24.80770508642064],[121.81421041827628,24.817899750772938],[121.8203306636293,24.828087900436287],[121.81863641823622,24.831906405656127],[121.80822401632531,24.825738262410937],[121.79762950889483,24.827529564437896],[121.78461873986305,24.841736739359078],[121.77873614845453,24.84487926376704],[121.77465895954344,24.85082524928589],[121.7766922340594,24.85620067701967],[121.76941331657133,24.855724969831556],[121.76527927611778,24.851897859898372],[121.75831874741232,24.850599342285875],[121.74738417124252,24.85370050237634],[121.7609852993321,24.856700890733578],[121.76156406612881,24.860152081353533],[121.76437941807569,24.859889473020814],[121.76781693090675,24.865417296271232],[121.77542665051953,24.865083491310145],[121.77733079318159,24.87076291777447],[121.78517286343697,24.874135706397794],[121.78224085683019,24.879184352875654],[121.78168481140494,24.889465878247734],[121.79293794632918,24.89615714723459],[121.79199500806328,24.899868780619784],[121.8046233394956,24.90118938018577],[121.8104760716135,24.903631488302608],[121.81163528244235,24.906518518914595],[121.8183805746039,24.902709920626364],[121.83182035802315,24.90490759930634],[121.85363159492226,24.925118923399623],[121.85386754285287,24.927878703539363],[121.84914500763603,24.93032774003325],[121.84673627515906,24.93771456627428],[121.84244303401886,24.939360045929448],[121.83904781630372,24.94463594479305],[121.8414118183008,24.95426383570748],[121.8468626829665,24.960266649386426],[121.85256609255123,24.959605359000193],[121.86091146838965,24.963654675223154],[121.87155156964923,24.96071931144712],[121.88252926291523,24.964169562275515],[121.88856550439459,24.96317529430445],[121.89720398277768,24.967067009734762],[121.90282820345885,24.974379032166667],[121.91032722192381,24.974773715834374],[121.9148172617073,24.979331359454704],[121.933499793181,24.980897086331538],[121.94464081861895,24.988178371734534],[121.94789744001491,24.986662737095685],[121.96059583942656,24.98821926390798]]]]}},{"type":"Feature","properties":{"district":"Jiaoxi Township, Yilan County","constituency_code":"TW-10002050","township_code":"10002050","county":"Yilan County","township_name_zh":"礁溪鄉"},"geometry":{"type":"Polygon","coordinates":[[[121.7741220723758,24.856553185181383],[121.77680677621186,24.85611936931349],[121.77465895954344,24.85082524928589],[121.77877704332593,24.844828622942657],[121.78461873986305,24.841736739359078],[121.79762950889483,24.827529564437896],[121.80822401632531,24.825738262410937],[121.81863641823622,24.831906405656127],[121.82044355282778,24.82850789282503],[121.8143130534047,24.818889840493796],[121.81703897047214,24.80833458847053],[121.81055809068334,24.807515790821128],[121.80829391972873,24.802348559738277],[121.8097397966543,24.79814493154339],[121.80372585836176,24.793510699858984],[121.79417536130393,24.79571527094305],[121.79168511517594,24.79397966572907],[121.78848386323978,24.78437755388103],[121.78404542655528,24.787174012870423],[121.77901821182104,24.778385300041634],[121.77209424865066,24.776235647856936],[121.77510708272575,24.771735644484465],[121.77311062645435,24.770397805814127],[121.76795578173403,24.771034998866128],[121.76099214227361,24.78293505570832],[121.75652578074028,24.78023676671347],[121.74639636939696,24.78033459136833],[121.74329782813231,24.77723880562644],[121.73815306571146,24.782136027855472],[121.73030358054586,24.784393702107707],[121.73469735150161,24.772645051527945],[121.7336904714382,24.768513761201177],[121.71656648935209,24.779681672771005],[121.68551314641468,24.78504750743656],[121.6738134306454,24.783585070394736],[121.64821704797839,24.79532304871975],[121.62355817616901,24.79437945844529],[121.62600301822476,24.796388521413178],[121.62582739501829,24.808780144987736],[121.6388028395794,24.81072537407681],[121.645036580274,24.80928933663364],[121.64737409453892,24.813951818721534],[121.66069020858629,24.81082860725445],[121.66904965881474,24.81800915419916],[121.67428332191787,24.814126999461507],[121.68124072457988,24.817615829407032],[121.68844599388763,24.816193734153558],[121.69011832100375,24.821492393059543],[121.68764366912012,24.824904772537252],[121.69616640385652,24.82989412041735],[121.69640401643233,24.83461962069896],[121.70186589149773,24.834400469406205],[121.7089137695549,24.840544413693806],[121.7142674103128,24.84178305084714],[121.73051381775849,24.85529271968329],[121.75822372054836,24.85059579086311],[121.7741220723758,24.856553185181383]]]}},{"type":"Feature","properties":{"district":"Zhuangwei Township, Yilan County","constituency_code":"TW-10002060","township_code":"10002060","county":"Yilan County","township_name_zh":"壯圍鄉"},"geometry":{"type":"Polygon","coordinates":[[[121.81150389778668,24.807991036657086],[121.82031523126295,24.807244622741223],[121.8180578888605,24.772169201347594],[121.82195500921637,24.74411798155967],[121.83273250080435,24.719977111154833],[121.83851886385457,24.717889324233],[121.81222071591333,24.711928111393263],[121.7760983991219,24.71470217006913],[121.77345798689669,24.719263830061777],[121.77573139748608,24.735576607474513],[121.77905379349784,24.739002190798544],[121.78530711333269,24.738792355582802],[121.78237881463065,24.747329456089574],[121.78825997341914,24.75177348206057],[121.78577631302653,24.755490419647174],[121.78915461629254,24.758250600884594],[121.78572926679226,24.763893009454875],[121.78200606992425,24.76279774671866],[121.77677684407615,24.768644936314786],[121.77232737630743,24.766678043456977],[121.77072926934034,24.77002483717655],[121.77510708272575,24.771735644484465],[121.77209424865066,24.776235647856936],[121.77901821182104,24.778385300041634],[121.78404542655528,24.787174012870423],[121.78848386323978,24.78437755388103],[121.79417536130393,24.79571527094305],[121.80372585836176,24.793510699858984],[121.80669499977444,24.795017022017987],[121.80975754927158,24.798191511029472],[121.80829391972873,24.802348559738277],[121.81150389778668,24.807991036657086]]]}},{"type":"Feature","properties":{"district":"Yuanshan Township, Yilan County","constituency_code":"TW-10002070","township_code":"10002070","county":"Yilan County","township_name_zh":"員山鄉"},"geometry":{"type":"Polygon","coordinates":[[[121.7336904714382,24.768513761201177],[121.72707355570014,24.75504185579706],[121.72948147429065,24.75296287593602],[121.72800796929243,24.751440910969336],[121.73449313165281,24.746325069846137],[121.7421151665817,24.744570873846783],[121.7337026815336,24.734803006153868],[121.73648633417702,24.732336235029265],[121.73329940304507,24.730157002343844],[121.73476734034057,24.7243701482638],[121.73797288474088,24.72653206899986],[121.7470010492591,24.722539567447143],[121.75711413790725,24.72351402874949],[121.76202234715367,24.71792172860495],[121.74678114703238,24.718352229571792],[121.74225050645578,24.714863976091692],[121.74073909143601,24.709522542731236],[121.72602976116457,24.703182500372122],[121.7140224781549,24.699496670335122],[121.70125879156001,24.70203187447146],[121.67864887214785,24.700570793607312],[121.67849158881586,24.70263961382716],[121.67179833412592,24.70455528759652],[121.66291407102767,24.703945189319086],[121.65176418636815,24.698206274500023],[121.63753196083144,24.683332178537285],[121.63110529127619,24.680319509937476],[121.62497037078606,24.680693153066613],[121.62282429520508,24.68162689936196],[121.63048329496814,24.689181170374752],[121.62603083875229,24.687339759022734],[121.61438308760944,24.695653565060013],[121.61126443390651,24.701491145400098],[121.59523393389895,24.708769317350175],[121.58816553960799,24.71619809606534],[121.58704763284209,24.72010840048233],[121.59795328141888,24.729029823567544],[121.59377130979817,24.72953748366797],[121.59530705777456,24.73963186821618],[121.59166853567444,24.74491605972844],[121.59613331889761,24.748302000936633],[121.5903281932915,24.751244577275486],[121.58897432060849,24.755152265564675],[121.59758595512778,24.772169159978773],[121.5920841168886,24.787734034198365],[121.6056437349705,24.78912611367923],[121.60963678960627,24.793765685538006],[121.62096116882299,24.792503170484963],[121.63048072380639,24.795682758652447],[121.64800815255421,24.795352132794733],[121.6738134306454,24.783585070394736],[121.68551314641468,24.78504750743656],[121.71739059030358,24.779463027796567],[121.7336904714382,24.768513761201177]]]}},{"type":"Feature","properties":{"district":"Dongshan Township, Yilan County","constituency_code":"TW-10002080","township_code":"10002080","county":"Yilan County","township_name_zh":"冬山鄉"},"geometry":{"type":"Polygon","coordinates":[[[121.75113069382655,24.69385584547092],[121.74856445048908,24.67848470410587],[121.75172333266573,24.677153198461383],[121.74936361773678,24.676009117826595],[121.74963547739537,24.672839739662322],[121.75477591137928,24.66946516858269],[121.75299206383272,24.66584376237978],[121.76512934474351,24.667613833211874],[121.76845302678578,24.670317151215613],[121.77163602518249,24.66752999841077],[121.7747755584453,24.669269069611914],[121.78061771903253,24.66542920189619],[121.79044862470437,24.665901404426336],[121.79408669444547,24.663377961623667],[121.79983798573448,24.663999931851436],[121.80120317458693,24.670097964849276],[121.8069966368854,24.672363706020292],[121.81101289043261,24.6724991241353],[121.8130435434249,24.669236528543024],[121.81156092289837,24.66353883774724],[121.81396415602103,24.65860442585364],[121.81131567867567,24.651392703010913],[121.81642712031544,24.649720129480443],[121.81935756210191,24.642673494286385],[121.82442372737319,24.64031031426964],[121.82559856931857,24.632852961395088],[121.822715784406,24.632598973963525],[121.82298932399817,24.626799850432803],[121.8180902140922,24.62644509126801],[121.81672265282828,24.622837210868624],[121.81205616695866,24.622375991758645],[121.81192590645549,24.61548714171829],[121.80837145477892,24.60851785901201],[121.8018894211599,24.608937190399047],[121.79986399772542,24.602345935916276],[121.79404205030039,24.59937664161879],[121.7866403285883,24.601303856387915],[121.77637308265173,24.611592676161138],[121.75926708520785,24.618943346957963],[121.75451078764274,24.616286905216555],[121.75014513578947,24.618333182130698],[121.75299640126298,24.611449378186308],[121.75026634281755,24.6123773823104],[121.74681952290268,24.606881526361406],[121.74803520486091,24.615972461759725],[121.74457215398184,24.62025273737396],[121.73788584925262,24.616241348259678],[121.73605548966918,24.62001673368536],[121.73193560094728,24.621574004236948],[121.72297957734565,24.617080135140156],[121.71815043649349,24.61926637534299],[121.71540553203977,24.616895773221415],[121.70706938054752,24.623898192347724],[121.69212134232612,24.62628399750855],[121.6801176979734,24.635893854318],[121.67986815768938,24.6375758797231],[121.69281947254069,24.642326395546775],[121.70136060290952,24.64139407557616],[121.70601948321269,24.649877500046614],[121.69949894242234,24.64840047959848],[121.703167455114,24.651302815772397],[121.69587660542106,24.654319527724056],[121.69530179384276,24.6584708450535],[121.7066652081329,24.657697766238982],[121.71063333536017,24.65085220956189],[121.71577140412705,24.653974172769892],[121.72369795939335,24.652051051714693],[121.73362048619651,24.669369460032613],[121.72225988318712,24.670434522635162],[121.72516848673638,24.677508573661783],[121.72457850809178,24.68497434958664],[121.7332179118772,24.69077172393594],[121.74101600168717,24.692522709355615],[121.74497016064447,24.69094471392748],[121.75113069382655,24.69385584547092]]]}},{"type":"Feature","properties":{"district":"Wujie Township, Yilan County","constituency_code":"TW-10002090","township_code":"10002090","county":"Yilan County","township_name_zh":"五結鄉"},"geometry":{"type":"Polygon","coordinates":[[[121.74752512378552,24.7184745139877],[121.76107659311037,24.7165435967097],[121.76602468369231,24.713403013038658],[121.7803739514967,24.715281916227525],[121.811704396241,24.711909340743546],[121.83851886385457,24.717889324233],[121.8363121955515,24.708233826829712],[121.838192608702,24.672232351042226],[121.8451721805518,24.644662999697744],[121.83554983935369,24.642779902070856],[121.83031808910857,24.648674006600174],[121.82526960990458,24.647328619020584],[121.82269619897045,24.6539361323467],[121.81808587756132,24.65561922254915],[121.81136133096072,24.651358065622276],[121.81397854697241,24.658828914622745],[121.81156092289837,24.66353883774724],[121.81306089134716,24.669190235940675],[121.811453283942,24.67219586015085],[121.80244344760706,24.67032074670516],[121.79993160426022,24.672326997492974],[121.80003164304594,24.676106238312286],[121.78321743063998,24.6781049132112],[121.78035571594364,24.681674397955135],[121.77616932595367,24.68081537183201],[121.77495569714779,24.68606547454209],[121.77092373154505,24.68575289627921],[121.77016575684422,24.69021180423141],[121.76311669527934,24.692723038737313],[121.76481505866809,24.69806767638221],[121.75741840553508,24.70679339979563],[121.7614024984266,24.71069885326949],[121.75121845686635,24.709948771918334],[121.74747163750612,24.712649560129137],[121.74073909143601,24.709522542731236],[121.74225050645578,24.714863976091692],[121.74752512378552,24.7184745139877]]]}},{"type":"Feature","properties":{"district":"Sanxing Township, Yilan County","constituency_code":"TW-10002100","township_code":"10002100","county":"Yilan County","township_name_zh":"三星鄉"},"geometry":{"type":"Polygon","coordinates":[[[121.75741840553508,24.70679339979563],[121.75369756219277,24.69384880917528],[121.74497016064447,24.69094471392748],[121.74101600168717,24.692522709355615],[121.7332179118772,24.69077172393594],[121.72457850809178,24.68497434958664],[121.72516848673638,24.677508573661783],[121.72225988318712,24.670434522635162],[121.73362048619651,24.669369460032613],[121.72369795939335,24.652051051714693],[121.71577140412705,24.653974172769892],[121.71063333536017,24.65085220956189],[121.7066652081329,24.657697766238982],[121.69470140104886,24.657988309313055],[121.69591507482096,24.654286565772452],[121.70311014761523,24.651421583839067],[121.69949894242234,24.64840047959848],[121.70601948321269,24.649877500046614],[121.70130351754335,24.641367764111067],[121.69281947254069,24.642326395546775],[121.6724101671955,24.635740278890808],[121.65960614600692,24.6382161376647],[121.64854682667476,24.635824981537723],[121.64526263476284,24.639000705318324],[121.63519884694927,24.637488443137215],[121.62934235926252,24.639312164824617],[121.6247104325405,24.633512195031813],[121.62491424589575,24.624964557168653],[121.60820293122038,24.63654900053598],[121.59825664522805,24.63149928566355],[121.58928044353775,24.639563272626958],[121.57800944178234,24.637098913484124],[121.56455281765852,24.641909814286578],[121.56645340709917,24.646888968351277],[121.5760271849067,24.648825491103594],[121.59083593433093,24.663483782150877],[121.61061876924089,24.673246049765453],[121.62182129841426,24.681536262088855],[121.63110529127619,24.680319509937476],[121.63743856623694,24.68327568222702],[121.65176418636815,24.698206274500023],[121.66291407102767,24.703945189319086],[121.67179833412592,24.70455528759652],[121.67849158881586,24.70263961382716],[121.67864887214785,24.700570793607312],[121.70125879156001,24.70203187447146],[121.71413436281068,24.699499433951758],[121.74747163750612,24.712649560129137],[121.75121845686635,24.709948771918334],[121.7615295195717,24.710594600260663],[121.75741840553508,24.70679339979563]]]}},{"type":"Feature","properties":{"district":"Datong Township, Yilan County","constituency_code":"TW-10002110","township_code":"10002110","county":"Yilan County","township_name_zh":"大同鄉"},"geometry":{"type":"Polygon","coordinates":[[[121.58704763284209,24.72010840048233],[121.59507680794843,24.708877445537723],[121.61126443390651,24.701491145400098],[121.61438308760944,24.695653565060013],[121.62617974759735,24.687245504676355],[121.63033705621024,24.688284709971413],[121.6151607979325,24.675915319436513],[121.59067524346779,24.663374731258898],[121.5760271849067,24.648825491103594],[121.56645340709917,24.646888968351277],[121.56569615185595,24.640756726941447],[121.56921240392933,24.641679916095313],[121.56989726464712,24.63886162606326],[121.57800944178234,24.637098913484124],[121.58928044353775,24.639563272626958],[121.59825664522805,24.63149928566355],[121.60820293122038,24.63654900053598],[121.62491424589575,24.624964557168653],[121.6247104325405,24.633512195031813],[121.62934235926252,24.639312164824617],[121.63519884694927,24.637488443137215],[121.64526263476284,24.639000705318324],[121.64854682667476,24.635824981537723],[121.65955308240893,24.63821435790635],[121.67182436949906,24.635740900322332],[121.67986815768938,24.6375758797231],[121.6835736415104,24.63189202589632],[121.69212134232612,24.62628399750855],[121.70706938054752,24.623898192347724],[121.71540553203977,24.616895773221415],[121.71815043649349,24.61926637534299],[121.7217171846005,24.617113989219263],[121.72436426260072,24.61829190954404],[121.72557647497445,24.611746224608623],[121.7238703989998,24.607872466840945],[121.7318191585274,24.599492691934245],[121.73410901591842,24.592161627257326],[121.75213195492586,24.58228730861248],[121.75894160976759,24.581676665345867],[121.76567341389705,24.576447065379796],[121.76535006805125,24.57479848935884],[121.7618229962344,24.577000616984947],[121.7596987750785,24.573512075721794],[121.75193327310217,24.572260321057],[121.74793205082358,24.565480137898078],[121.74362520473949,24.567767774862943],[121.73622868650477,24.566081547825206],[121.72360773760704,24.57735313953583],[121.71753620852928,24.572149077617894],[121.70481960504083,24.581000601796404],[121.6886859518952,24.573204025545408],[121.68451170904825,24.564158972658504],[121.68050366091529,24.561316145523733],[121.66552180818496,24.562440128109472],[121.66865643384745,24.556446956062246],[121.65685092093327,24.51132634393565],[121.6479117389357,24.50345112197175],[121.63953322577777,24.50319730810935],[121.63050900478686,24.497654266531242],[121.62900218710126,24.492116799850464],[121.62458455353442,24.488033149310468],[121.62487998172583,24.481957990568844],[121.61967566889712,24.47284596606852],[121.62145790126124,24.467548398040208],[121.61831097916843,24.46625727825085],[121.61776152667323,24.462726828580344],[121.59686845711371,24.465314486574357],[121.58782065499929,24.470681291608344],[121.58512353152582,24.467014427373954],[121.58740696505947,24.461328544676633],[121.58625598482593,24.457666502607083],[121.5815279106846,24.453482706261923],[121.57706355913604,24.45497593339269],[121.57407139238092,24.459548429316612],[121.55926081913151,24.459080984200114],[121.5454468988554,24.463471989740583],[121.51979811898809,24.457412082601593],[121.49513318754668,24.458024169280066],[121.48380196448909,24.452791570074965],[121.47737958470009,24.443513688106293],[121.47121141717321,24.442296560937564],[121.46850629512949,24.436579550905606],[121.4589793809937,24.42941200456039],[121.45808242416456,24.41429961613443],[121.44723135364416,24.40884704275686],[121.44327490051626,24.40407882108076],[121.44178212034865,24.400598137194322],[121.4435516857618,24.397464145553897],[121.43877372712586,24.392081387446126],[121.4369436202519,24.382944661267175],[121.40790682533975,24.377548166015117],[121.40088580643487,24.379674302726926],[121.38996497820119,24.37514743120903],[121.38762249068543,24.369685173032337],[121.38076339651354,24.366904100543877],[121.37373777847574,24.368052688580747],[121.3694343525134,24.372259268350604],[121.36710487818766,24.378925332038477],[121.36980307095507,24.38259001721559],[121.36488783080881,24.38907398257828],[121.35469210165923,24.393272017889387],[121.34296806822181,24.392842326312348],[121.33913490315331,24.389603898201415],[121.33233500775452,24.3979430813082],[121.32760101337612,24.398454782062572],[121.32499644632901,24.406912483224573],[121.32744088728714,24.413021157900175],[121.32825676213997,24.433453050617857],[121.3216745107701,24.44036825708946],[121.31766529351853,24.441488526374428],[121.3233415192957,24.45575040165977],[121.330137981083,24.464545616586975],[121.3360005185092,24.467365852751982],[121.33564135356562,24.47203509774164],[121.34007367036361,24.474851373292267],[121.34283926192245,24.48225950447261],[121.35775034250435,24.486608670853514],[121.3638510123144,24.494956736564177],[121.3712540407414,24.49836314814081],[121.37335395412174,24.509895588210895],[121.38356828394922,24.510217183975897],[121.38511672046036,24.51682042282431],[121.38853378270801,24.51780022789825],[121.39062126116232,24.523031232605376],[121.39771383912239,24.524813464070178],[121.40150043369817,24.52898632286059],[121.39674703824528,24.539822453843215],[121.39876250348686,24.54820309839431],[121.39475965703264,24.55591118495329],[121.40125648629783,24.56200550015376],[121.40358493539657,24.568707203075007],[121.41233041511657,24.57349856071005],[121.40308850782844,24.591866117227596],[121.41278153753797,24.603649978963404],[121.41828741733048,24.60103413531715],[121.42768883197402,24.605848960760966],[121.43566105481386,24.621326334542744],[121.43608563104715,24.627402040971447],[121.44054785569904,24.635095603479385],[121.44502103589218,24.63729519141998],[121.44507749353158,24.643177327771525],[121.45133869232689,24.65091801655325],[121.44761308617501,24.65617149531829],[121.44959346526628,24.6622221106619],[121.45374553802617,24.66422539098903],[121.45964064170232,24.673233806395103],[121.46920665925995,24.67183148543478],[121.48734874225067,24.675213389586304],[121.49300912107412,24.673243394067413],[121.51174220793666,24.684353604235525],[121.52379561267742,24.683295103985927],[121.52788073270972,24.68896891508342],[121.53656290015783,24.68832764810253],[121.53889281874865,24.694775974231902],[121.53786469310114,24.69984440219747],[121.54320708334023,24.705643862973943],[121.55062202598572,24.70574206714275],[121.5563765692234,24.71122180814001],[121.56777952040864,24.711563200681212],[121.57037577772007,24.713971256868035],[121.57460952510951,24.710039872342293],[121.57805944678614,24.722164277659317],[121.58704763284209,24.72010840048233]]]}},{"type":"Feature","properties":{"district":"Nan'ao Township, Yilan County","constituency_code":"TW-10002120","township_code":"10002120","county":"Yilan County","township_name_zh":"南澳鄉"},"geometry":{"type":"Polygon","coordinates":[[[121.73262255258874,24.621442002646347],[121.7378356652838,24.616235871388426],[121.74552129667052,24.61958575607781],[121.74803520486091,24.615972461759725],[121.7467444852698,24.606902812414887],[121.75026634281755,24.6123773823104],[121.75299640126298,24.611449378186308],[121.75014513578947,24.618333182130698],[121.75459039473094,24.616294367790886],[121.75807695029107,24.619141299431476],[121.77637308265173,24.611592676161138],[121.786704550075,24.601264245748382],[121.79334488505845,24.599228216608935],[121.79731319035147,24.600508433917128],[121.80023531071106,24.595356094708052],[121.80682089586776,24.59285353416334],[121.81496657364846,24.58025561780255],[121.81278752982075,24.57537516613104],[121.81472883067102,24.57180555188478],[121.81457017047705,24.55940110487711],[121.81846714963933,24.55351648909476],[121.82373871017342,24.551191725417823],[121.83292556905985,24.55205184241862],[121.83961315082627,24.54323098512191],[121.84978087688603,24.53793516987224],[121.84685579146162,24.53162085262028],[121.84064763737865,24.530287690424643],[121.82971254769598,24.51615455309019],[121.82593017363865,24.496875322338326],[121.82300750469267,24.492652852447236],[121.81920578352015,24.491754077188943],[121.82013996958403,24.480178525418637],[121.8142610671946,24.47193902136877],[121.77921270640138,24.455530521916103],[121.79150903961056,24.436938265288745],[121.80048429611338,24.43136412605361],[121.79114802925824,24.408230186074263],[121.78702757666144,24.372496352124983],[121.7716386754845,24.33756317919739],[121.77396257581233,24.319606413205463],[121.77272412751654,24.313628696007584],[121.75939802559844,24.314106822372025],[121.74473627395992,24.322852559298212],[121.71353540533471,24.326886850547737],[121.69571464471517,24.334706218317365],[121.68846643817562,24.333619216753505],[121.68558128624738,24.340731448497593],[121.6748402576718,24.33777398478162],[121.67398315250057,24.343396457180802],[121.66910892953354,24.343099766341197],[121.6631293156654,24.352885976606558],[121.66001179870557,24.35115163134276],[121.65664620016207,24.353254561049198],[121.65351388575732,24.352188940866995],[121.65067704181206,24.359853064067693],[121.64785276409384,24.357725036980924],[121.65072354485574,24.35093003749131],[121.64875568882405,24.349508493522194],[121.63502838764998,24.36371602367558],[121.63499921454218,24.366338599646724],[121.63061870049273,24.366420613320713],[121.63095152609208,24.370548851348474],[121.62188146575716,24.36675924494324],[121.62037773184693,24.363209485929076],[121.62356944287558,24.362340724644753],[121.62120182650312,24.35811415294586],[121.62677118584156,24.35433005039158],[121.62685163649394,24.349530988264576],[121.63552173234211,24.34761791353594],[121.63529676153632,24.34481515659428],[121.63137283418905,24.34398246531856],[121.63280419695616,24.334747367696934],[121.62863775572794,24.333694265178224],[121.62669023606566,24.335625902813206],[121.62747995863322,24.341118630020787],[121.622785001127,24.339473054138182],[121.61921377349688,24.345481840214802],[121.61613884573126,24.338134487916307],[121.61866169498126,24.33574298824834],[121.61753693358264,24.333646253072175],[121.60791666622129,24.335415904820195],[121.60447266388235,24.329008745157523],[121.59922975484938,24.333525071225097],[121.59575243442737,24.331623240720035],[121.6010983347204,24.320581426691547],[121.6052267786929,24.317282240383122],[121.60574656525182,24.309422573992663],[121.59719185152278,24.316293909736203],[121.58948861320903,24.31380246930854],[121.5758548792993,24.319670218305987],[121.56637338362486,24.31918351600649],[121.55948921905224,24.323153812398573],[121.55607855008509,24.331154080596377],[121.54498871136002,24.33776789547204],[121.54053514538077,24.335912011330322],[121.53327223402641,24.337055334735965],[121.52215888072783,24.34302200915846],[121.51356669674567,24.34081398377839],[121.50730324245069,24.343257548796885],[121.49939508011892,24.339369817363206],[121.49540315503168,24.340289001836027],[121.47887456191154,24.35187580862174],[121.47526272719313,24.35126471209685],[121.46092312530209,24.358108620316614],[121.45201245271255,24.364679861286618],[121.44797807782606,24.37482633097045],[121.44255587095677,24.373127073655553],[121.4369436202519,24.382944661267175],[121.43877372712586,24.392081387446126],[121.4435516857618,24.397464145553897],[121.44246823472133,24.402750079052964],[121.44723135364416,24.40884704275686],[121.4578909414139,24.413995255876387],[121.4589793809937,24.42941200456039],[121.46850629512949,24.436579550905606],[121.47121141717321,24.442296560937564],[121.47737958470009,24.443513688106293],[121.48415923186315,24.45304816913773],[121.4964078578364,24.458425233637684],[121.51979811898809,24.457412082601593],[121.5454468988554,24.463471989740583],[121.55926081913151,24.459080984200114],[121.57407139238092,24.459548429316612],[121.57706355913604,24.45497593339269],[121.5815279106846,24.453482706261923],[121.58625598482593,24.457666502607083],[121.58740696505947,24.461328544676633],[121.58512353152582,24.467014427373954],[121.58777272113423,24.470679387743587],[121.59686845711371,24.465314486574357],[121.61601156288339,24.46162064987317],[121.61881858441018,24.466870762475764],[121.6214283630286,24.467472327985604],[121.61967566889712,24.47284596606852],[121.62487998172583,24.481957990568844],[121.62458455353442,24.488033149310468],[121.62900218710126,24.492116799850464],[121.63050900478686,24.497654266531242],[121.63953322577777,24.50319730810935],[121.6479117389357,24.50345112197175],[121.65685092093327,24.51132634393565],[121.66865643384745,24.556446956062246],[121.66552180818496,24.562440128109472],[121.68050366091529,24.561316145523733],[121.68451170904825,24.564158972658504],[121.6886859518952,24.573204025545408],[121.70481960504083,24.581000601796404],[121.71753620852928,24.572149077617894],[121.72360773760704,24.57735313953583],[121.73622868650477,24.566081547825206],[121.74362520473949,24.567767774862943],[121.74793205082358,24.565480137898078],[121.75193327310217,24.572260321057],[121.7596987750785,24.573512075721794],[121.7618229962344,24.577000616984947],[121.76535006805125,24.57479848935884],[121.75894160976759,24.581676665345867],[121.75213195492586,24.58228730861248],[121.7340164226199,24.592291098155727],[121.7318191585274,24.599492691934245],[121.72382630344123,24.60812354406636],[121.72557647497445,24.611746224608623],[121.72446339217186,24.61821409480467],[121.73262255258874,24.621442002646347]]]}},{"type":"Feature","properties":{"district":"Zhubei City, Hsinchu County","constituency_code":"TW-10004010","township_code":"10004010","county":"Hsinchu County","township_name_zh":"竹北市"},"geometry":{"type":"Polygon","coordinates":[[[120.95371333969888,24.881509708306453],[120.96303477403569,24.88008404814036],[120.9688536961412,24.87400197810888],[120.97425322660524,24.873446881468453],[120.98321503194825,24.86158197193049],[120.98593377602299,24.863549318945957],[120.99010045826958,24.861835437755303],[120.99264971970888,24.864750466061196],[120.99413769210082,24.861727356332494],[121.0115348063863,24.854149969145794],[121.01466627452896,24.8501011817242],[121.02157817329407,24.849323206101133],[121.02425009056924,24.842201797674875],[121.02761463960405,24.840942634395105],[121.02743094768016,24.831664586951206],[121.03641788187986,24.827608555490485],[121.04098693250103,24.82207159332944],[121.05411694444149,24.81942192258373],[121.0555732795832,24.818023117073267],[121.05352980135933,24.817655296155067],[121.0588998547446,24.81506889091662],[121.05219592510196,24.813932876301237],[121.06176201010874,24.804370426354126],[121.05830895069755,24.79667976236118],[121.06050365891679,24.793922064152014],[121.05956695924783,24.7907173741076],[121.06367754178518,24.789474172894813],[121.06648103257362,24.784560432817784],[121.03555316214874,24.79962426414852],[121.02118852672913,24.802043156266677],[121.01815859834073,24.8073484890416],[121.00476609857662,24.81902253276371],[120.98791081952879,24.825415677391675],[120.98353038911625,24.830754447859533],[120.97464552796885,24.82995529769886],[120.95529174341925,24.83436095229615],[120.94481723432796,24.841066319954734],[120.94044946726922,24.849962021530132],[120.92522900011829,24.8548110895602],[120.92781666710562,24.859538045844204],[120.93925582229838,24.867180134755472],[120.9467433213473,24.880172563912765],[120.95371333969888,24.881509708306453]]]}},{"type":"Feature","properties":{"district":"Zhudong Township, Hsinchu County","constituency_code":"TW-10004020","township_code":"10004020","county":"Hsinchu County","township_name_zh":"竹東鎮"},"geometry":{"type":"Polygon","coordinates":[[[121.06147175931426,24.786483374008526],[121.06249122898714,24.78027927676726],[121.07391435286513,24.773916818806185],[121.08088711684707,24.76468111414215],[121.08453906942259,24.757305257831433],[121.08277643148722,24.756815880048862],[121.09270605304198,24.74897599334747],[121.1044595743499,24.744267941712167],[121.10717317250396,24.73061931592872],[121.09820178578389,24.701825560101554],[121.10535014599247,24.694333626495734],[121.099601333235,24.674993731975178],[121.10542170055112,24.66630424044837],[121.11237115140761,24.669232486989756],[121.12304832541997,24.665300636615143],[121.12434489869815,24.655853964488927],[121.12866160315048,24.651390103070867],[121.12394547560325,24.645189277563134],[121.11402511796484,24.651201261628955],[121.10408992510997,24.642553305290846],[121.09838160522702,24.6399997289044],[121.0960266450137,24.641573565867418],[121.09576330193488,24.645006091058292],[121.09178615810481,24.648006390382648],[121.09215820493728,24.65184281369494],[121.0887153915022,24.654572144588826],[121.08495630179198,24.67596067494526],[121.0940734281462,24.68711713724616],[121.09365919321726,24.690684629092402],[121.08758646354454,24.702988380809188],[121.08385426985876,24.70392508947134],[121.08588848146826,24.706457465239907],[121.08228672635141,24.713587989194423],[121.07506288694276,24.71380719534585],[121.07076352231877,24.716411112183152],[121.0689976666091,24.722122130032346],[121.07415140606258,24.730650157279],[121.06956774775347,24.730807450503505],[121.06291091830428,24.745649499125136],[121.05362194859413,24.749707749213314],[121.04975824434757,24.755091967820135],[121.0463349695832,24.75257209712464],[121.03918109742972,24.75266903774593],[121.0355722529572,24.747804992406543],[121.02631555541859,24.757654665130758],[121.03354342558873,24.763886136835822],[121.0291867498687,24.768761959696747],[121.02967100601222,24.777076522063908],[121.02491453217999,24.780071857130565],[121.02752301037867,24.782708684658132],[121.02301331231456,24.785190930417173],[121.02508772182102,24.786391009137787],[121.02179066780513,24.79049626319204],[121.02062931389173,24.79425526207075],[121.02315178542665,24.796047969738083],[121.02060718067696,24.798805850509666],[121.02574450030852,24.799073787325483],[121.02118852672913,24.802043156266677],[121.03555316214874,24.79962426414852],[121.06147175931426,24.786483374008526]]]}},{"type":"Feature","properties":{"district":"Xinpu Township, Hsinchu County","constituency_code":"TW-10004030","township_code":"10004030","county":"Hsinchu County","township_name_zh":"新埔鎮"},"geometry":{"type":"Polygon","coordinates":[[[121.15817142706976,24.875319199821263],[121.15621118020192,24.8744350583313],[121.16138416784509,24.859468713510353],[121.15646625851105,24.855849032207118],[121.15705855560793,24.852433577947295],[121.1528360344555,24.84616420431462],[121.14460607491048,24.843068475229984],[121.14849249063604,24.84246844666154],[121.1504300584005,24.837134303205573],[121.12815175949618,24.837207645616388],[121.11872337508373,24.831309644324676],[121.10741220061266,24.83377607460619],[121.10310336432883,24.831691018925426],[121.10814469122454,24.828997775127277],[121.1067492105077,24.82140520288783],[121.10875065082189,24.81724368454843],[121.11304141253117,24.816937396143942],[121.1098796345376,24.814023096288906],[121.11339701705879,24.804897775312156],[121.10945584700983,24.79242134297067],[121.09665843763685,24.795088342752877],[121.09087046569948,24.79139804578324],[121.0845562149974,24.791313581456677],[121.08052702110524,24.795954256783602],[121.08041762937012,24.80029024359993],[121.07403138524035,24.80300649475396],[121.0727310321115,24.80941040516609],[121.05563975117366,24.816122256037318],[121.05411694444149,24.81942192258373],[121.04137448994084,24.82187255447485],[121.03641788187986,24.827608555490485],[121.03191896308977,24.828099446832084],[121.02739998222341,24.831715792549858],[121.02761463960405,24.840942634395105],[121.02425009056924,24.842201797674875],[121.02163289973862,24.849262590895876],[121.01361304160866,24.850705590890357],[121.01655316279823,24.85421066259204],[121.027167126162,24.852739672997586],[121.03150678131294,24.854701575517367],[121.04378090486489,24.850289888267753],[121.05343274202744,24.859086290300127],[121.05385359326874,24.857546328100625],[121.06368604577449,24.860110806068917],[121.0699103103126,24.86371195594205],[121.08792114984124,24.864945612649933],[121.08965430350338,24.868471871479755],[121.1037930238291,24.86918529196771],[121.10713389011698,24.87221326972667],[121.11203180752193,24.86961561846607],[121.11245045722285,24.875094111204305],[121.12098877631104,24.87531465554696],[121.12203684352562,24.880262761417384],[121.12814992038261,24.880952444299908],[121.13558891359753,24.877988353479793],[121.13909262552431,24.88243713416648],[121.14466187694416,24.880203994318947],[121.15538302420725,24.880755192398283],[121.15817142706976,24.875319199821263]]]}},{"type":"Feature","properties":{"district":"Guanxi Township, Hsinchu County","constituency_code":"TW-10004040","township_code":"10004040","county":"Hsinchu County","township_name_zh":"關西鎮"},"geometry":{"type":"Polygon","coordinates":[[[121.2430925031166,24.80870434832707],[121.24744200944122,24.80349234899279],[121.24777524243359,24.79667548068892],[121.26031362637286,24.79321771512548],[121.26117422900757,24.789955797621985],[121.25848325959487,24.785872765815554],[121.26001266375351,24.781958898284586],[121.27060047753002,24.778351314661506],[121.27129994593577,24.774818060005543],[121.27690545802056,24.771132386450518],[121.29172674759138,24.76804570454567],[121.29307297154048,24.765380390092957],[121.2842459709749,24.758600653897133],[121.2655282535261,24.75793363662808],[121.25289865045238,24.745474561202116],[121.24817340737695,24.74428283538458],[121.24394427261018,24.746956338164523],[121.2168465059616,24.73744239315198],[121.21118194259259,24.729627277377006],[121.20386829508584,24.725356054338476],[121.19624530147951,24.73166031447198],[121.19675335818101,24.74346274990603],[121.19110606629204,24.74410589107407],[121.1849775031094,24.739096177146905],[121.17997902081527,24.74136379610235],[121.1793613970109,24.746774387328173],[121.17347421186548,24.746944064217246],[121.17174273903629,24.752629067377597],[121.15399640540988,24.756893063464133],[121.1427324048766,24.765535795640517],[121.11856512587997,24.76675244796718],[121.11766758179351,24.775554358346994],[121.11442926699715,24.7772130562376],[121.11554439126076,24.78044054679384],[121.10904440537502,24.79098223973864],[121.11339701705879,24.804897775312156],[121.1098796345376,24.814023096288906],[121.11304141253117,24.816937396143942],[121.10875065082189,24.81724368454843],[121.1067492105077,24.82140520288783],[121.10814469122454,24.828997775127277],[121.10309452219451,24.831665567212212],[121.10741220061266,24.83377607460619],[121.11872337508373,24.831309644324676],[121.12815175949618,24.837207645616388],[121.15039488681464,24.83710997834288],[121.14849249063604,24.84246844666154],[121.14460607491048,24.843068475229984],[121.15417951906966,24.8441569759637],[121.1600281080108,24.8374069956364],[121.17623757670287,24.832099879505904],[121.1737540233296,24.827651626721263],[121.1859096701952,24.823821774755174],[121.19877620685656,24.814960083740914],[121.20080229938662,24.817814257621933],[121.20331351410744,24.817313529495834],[121.20586377109623,24.81265002577811],[121.20290499886664,24.810306271117554],[121.2046692025217,24.807247796448678],[121.20805095109063,24.80715569777726],[121.21489637107072,24.811970824493983],[121.21958826098955,24.811788897939323],[121.22160614181007,24.799378063946563],[121.23824431102616,24.804653345875238],[121.2430925031166,24.80870434832707]]]}},{"type":"Feature","properties":{"district":"Hukou Township, Hsinchu County","constituency_code":"TW-10004050","township_code":"10004050","county":"Hsinchu County","township_name_zh":"湖口鄉"},"geometry":{"type":"Polygon","coordinates":[[[121.05833659225993,24.93684097473124],[121.0575707260083,24.93045140131119],[121.06096071326635,24.923557194009334],[121.05772316649097,24.905655858631008],[121.06909546788165,24.90277611072895],[121.07110667932989,24.89947754135551],[121.0834491540553,24.898851999919884],[121.09127953132543,24.8933602682618],[121.10907918485657,24.897736002414604],[121.11102396068725,24.89122045645894],[121.10777413726669,24.886067230518336],[121.12203684352562,24.880262761417384],[121.12107145548339,24.875362800752725],[121.11298382174607,24.875608743748558],[121.11198970306236,24.869604446188305],[121.10713389011698,24.87221326972667],[121.1037930238291,24.86918529196771],[121.08965430350338,24.868471871479755],[121.08792114984124,24.864945612649933],[121.0699103103126,24.86371195594205],[121.06368604577449,24.860110806068917],[121.05385359326874,24.857546328100625],[121.05343274202744,24.859086290300127],[121.04378090486489,24.850289888267753],[121.03150678131294,24.854701575517367],[121.027167126162,24.852739672997586],[121.01655316279823,24.85421066259204],[121.01361304160866,24.850705590890357],[121.0115348063863,24.854149969145794],[120.99393928007373,24.86188329787592],[120.99264971970888,24.864750466061196],[120.99870607632442,24.871855457363495],[121.01003359597371,24.883213763504443],[121.01907681963962,24.88870115953091],[121.02799397274373,24.917310827732592],[121.03138026648617,24.918723773283546],[121.04457448822211,24.94130550254698],[121.0462449483457,24.942407474225604],[121.05544810204833,24.93624021411466],[121.05833659225993,24.93684097473124]]]}},{"type":"Feature","properties":{"district":"Xinfeng Township, Hsinchu County","constituency_code":"TW-10004060","township_code":"10004060","county":"Hsinchu County","township_name_zh":"新豐鄉"},"geometry":{"type":"Polygon","coordinates":[[[121.04011634739163,24.943927262832972],[121.0462449483457,24.942407474225604],[121.03138026648617,24.918723773283546],[121.02799397274373,24.917310827732592],[121.01907681963962,24.88870115953091],[121.01003359597371,24.883213763504443],[120.99012432807535,24.861850978040252],[120.98593377602299,24.863549318945957],[120.98321503194825,24.86158197193049],[120.97455345447838,24.873242284803666],[120.9688536961412,24.87400197810888],[120.96303477403569,24.88008404814036],[120.9467433213473,24.880172563912765],[120.96967343178346,24.92846511907004],[120.98149693833307,24.939658381629044],[120.98738499402236,24.939046488304825],[120.99218015668896,24.935006703996237],[120.99419993867627,24.93913712198065],[121.00292948240974,24.94001292945319],[121.00706997819702,24.94621410030055],[121.01936918384081,24.940416341940704],[121.02588382867577,24.94052212649501],[121.02914098606766,24.94523105766723],[121.0307647300084,24.943898348729874],[121.03814013935596,24.946379133989865],[121.04011634739163,24.943927262832972]]]}},{"type":"Feature","properties":{"district":"Qionglin Township, Hsinchu County","constituency_code":"TW-10004070","township_code":"10004070","county":"Hsinchu County","township_name_zh":"芎林鄉"},"geometry":{"type":"Polygon","coordinates":[[[121.05866036528369,24.814768946329878],[121.0727310321115,24.80941040516609],[121.07403138524035,24.80300649475396],[121.08041762937012,24.80029024359993],[121.08052702110524,24.795954256783602],[121.08462354544031,24.79128281924676],[121.09087046569948,24.79139804578324],[121.09665843763685,24.795088342752877],[121.1089164615255,24.792413750893957],[121.11554439126076,24.78044054679384],[121.11442926699715,24.7772130562376],[121.11766758179351,24.775554358346994],[121.11865229176988,24.766667765105353],[121.14268746665334,24.765551610218665],[121.14670982929522,24.760810550766337],[121.15259146292578,24.758502838235472],[121.14942741324455,24.748943133918544],[121.15082978546627,24.74616947094438],[121.1468470550476,24.741619146006826],[121.14791043771663,24.738419076679122],[121.14567089379682,24.73467722427455],[121.13718657809818,24.730847544978246],[121.12315084093859,24.73131621407208],[121.12146683162905,24.729080583102473],[121.12600527202574,24.726166763485423],[121.12417803758638,24.722977240507305],[121.10789932289549,24.73072594674511],[121.10412958071561,24.744705959212695],[121.08558629037509,24.75425045149717],[121.07434089861363,24.77350813089555],[121.06243355996094,24.78036268888701],[121.06147175931426,24.786483374008526],[121.06547163620712,24.78388609506726],[121.06663109974556,24.785823920037956],[121.05956695924783,24.7907173741076],[121.06050365891679,24.793922064152014],[121.05830895069755,24.79667976236118],[121.06181192158294,24.804236683676038],[121.05219592510196,24.813932876301237],[121.05866036528369,24.814768946329878]]]}},{"type":"Feature","properties":{"district":"Hengshan Township, Hsinchu County","constituency_code":"TW-10004080","township_code":"10004080","county":"Hsinchu County","township_name_zh":"橫山鄉"},"geometry":{"type":"Polygon","coordinates":[[[121.20375904094703,24.725386812051795],[121.19825207837073,24.715207265303093],[121.19186193927715,24.710338619032086],[121.19498944590623,24.707141336703387],[121.18894917186685,24.69822779977318],[121.17671805929103,24.69709130402049],[121.166644191876,24.693330510094995],[121.16412082191846,24.68507965839956],[121.15760676883735,24.681408606921707],[121.15189388399563,24.671915331027776],[121.14312759845996,24.665167959633663],[121.135329028412,24.66380108095518],[121.12708518962984,24.653740061254894],[121.12434489869815,24.655853964488927],[121.1224549482373,24.665868028786576],[121.11237115140761,24.669232486989756],[121.10542170055112,24.66630424044837],[121.10382525103455,24.67131844558986],[121.09974184690873,24.67462400719222],[121.10535028898471,24.69452284745148],[121.10411429134149,24.697765142647256],[121.09890394945774,24.699180870700673],[121.09823083118795,24.70244463091501],[121.10680970880105,24.732196504665012],[121.12417803758638,24.722977240507305],[121.12600527202574,24.726166763485423],[121.12146683162905,24.729080583102473],[121.12315084093859,24.73131621407208],[121.12728241994773,24.729804696529584],[121.14318794746589,24.73230659427395],[121.14348626787705,24.735264270229948],[121.1456091652309,24.734625911656565],[121.14791043771663,24.738419076679122],[121.14653791039632,24.74074017471935],[121.15082978546627,24.74616947094438],[121.14942741324455,24.748943133918544],[121.15301749426203,24.757903415810063],[121.17174273903629,24.752629067377597],[121.17347421186548,24.746944064217246],[121.1793613970109,24.746774387328173],[121.17997902081527,24.74136379610235],[121.1849775031094,24.739096177146905],[121.19110606629204,24.74410589107407],[121.19677554265718,24.743448697999042],[121.19624530147951,24.73166031447198],[121.20375904094703,24.725386812051795]]]}},{"type":"Feature","properties":{"district":"Beipu Township, Hsinchu County","constituency_code":"TW-10004090","township_code":"10004090","county":"Hsinchu County","township_name_zh":"北埔鄉"},"geometry":{"type":"Polygon","coordinates":[[[121.09672950206493,24.6413283630136],[121.0736936385506,24.62089145387756],[121.07152921859858,24.61396390600953],[121.06784881147348,24.615055477028704],[121.062338181462,24.621828121170893],[121.05153984358901,24.61515810496263],[121.04313992656637,24.62725045394535],[121.04879080764977,24.635005468027998],[121.04914316382599,24.640621478798266],[121.04023908146848,24.645928571546392],[121.03875009464127,24.649348295787263],[121.04643571163888,24.667189075315605],[121.04472438362347,24.669047625947258],[121.0379327790746,24.667407621364703],[121.03471359465675,24.671961285484997],[121.03867384382295,24.682213741171267],[121.03391463425305,24.686847357719444],[121.03892440213951,24.690617768095592],[121.03938230544907,24.69398965829612],[121.0365074876305,24.697340011532333],[121.04203392232773,24.704125697642894],[121.03729100397675,24.707235526298575],[121.03678153713827,24.71144574742334],[121.04265768850155,24.71756624368726],[121.04764825046641,24.71657532209349],[121.0586843987661,24.730172627165075],[121.07415140606258,24.730650157279],[121.0689976666091,24.722122130032346],[121.07076352231877,24.716411112183152],[121.07506288694276,24.71380719534585],[121.08228672635141,24.713587989194423],[121.08588848146826,24.706457465239907],[121.08385426985876,24.70392508947134],[121.08756710473813,24.7030060812657],[121.09014105256756,24.698980576392557],[121.0940734281462,24.68711713724616],[121.08501181604254,24.676534112359434],[121.0872329472428,24.667253353459557],[121.08587380363315,24.665040234319406],[121.08873041107972,24.654530920565605],[121.09215820493728,24.65184281369494],[121.09178615810481,24.648006390382648],[121.09672950206493,24.6413283630136]]]}},{"type":"Feature","properties":{"district":"Baoshan Township, Hsinchu County","constituency_code":"TW-10004100","township_code":"10004100","county":"Hsinchu County","township_name_zh":"寶山鄉"},"geometry":{"type":"Polygon","coordinates":[[[120.99328211757575,24.780574159070227],[121.01356003286924,24.770934636324455],[121.02021414816443,24.756851607415797],[121.02737655128692,24.757455456304342],[121.0345596415143,24.748237523143246],[121.03918109742972,24.75266903774593],[121.04124906059576,24.751410786378756],[121.04985126212614,24.755032869771185],[121.05362194859413,24.749707749213314],[121.06291091830428,24.745649499125136],[121.06952111340877,24.73053055823874],[121.0586843987661,24.730172627165075],[121.04764825046641,24.71657532209349],[121.04265768850155,24.71756624368726],[121.03679206640084,24.710291039499907],[121.02874740137156,24.70754191632642],[121.02493886603588,24.71054098717684],[121.01865170021586,24.711172727639337],[121.01154767118817,24.706027687327946],[121.00947585352787,24.71103363759238],[121.00669370994683,24.710381213622156],[121.00253441922814,24.714541526869994],[120.99589069200192,24.71495262226574],[120.99312476589535,24.7179208005046],[120.98549426205057,24.71079386844235],[120.97861243931266,24.714400076102663],[120.97773244099938,24.717333903836618],[120.97616959824848,24.712728117708537],[120.96622012056218,24.709643050086754],[120.96337460085715,24.711475269468167],[120.95408064260766,24.704133320296535],[120.94979741901568,24.71119689602],[120.94407017739684,24.707582666407006],[120.93853783685176,24.709081176155394],[120.93542193777228,24.712557425484874],[120.93862659274316,24.71661146674586],[120.93801226315543,24.72942080742439],[120.9418219891935,24.728557410596068],[120.9398611352832,24.732743666586998],[120.943982601416,24.744043074328488],[120.95398439266569,24.743406224817477],[120.95761914930438,24.745346278308148],[120.95747526227365,24.749634058764855],[120.96741237787899,24.75646328555223],[120.96984058247699,24.765162500549025],[120.97941615533136,24.763292452085068],[120.98196829639983,24.76742905200922],[120.98838010735608,24.768065820581228],[120.98475969220613,24.77592299764825],[120.99028421314597,24.776891015308138],[120.99328211757575,24.780574159070227]]]}},{"type":"Feature","properties":{"district":"Emei Township, Hsinchu County","constituency_code":"TW-10004110","township_code":"10004110","county":"Hsinchu County","township_name_zh":"峨眉鄉"},"geometry":{"type":"Polygon","coordinates":[[[121.00824695333426,24.645172025868362],[121.01028006147567,24.656206800903192],[120.99711553085717,24.654663697371802],[120.99509062363347,24.659297229383697],[120.990637813984,24.66039200019071],[120.9906462370343,24.664788567138714],[120.98677327336793,24.66376565755911],[120.98175469572266,24.671782815024926],[120.9770171742033,24.673646658166774],[120.97556932326574,24.684563837850874],[120.97269888964206,24.685854323618173],[120.96440536871285,24.68361556930313],[120.9667466448418,24.686108217520257],[120.96638114057725,24.691166654017934],[120.97400097216723,24.696942575039884],[120.97219475578345,24.703464008856997],[120.97665257195865,24.70626049212808],[120.973791973321,24.71187481487084],[120.97773244099938,24.717333903836618],[120.97861243931266,24.714400076102663],[120.98549426205057,24.71079386844235],[120.99317086334474,24.71791238824619],[120.99589069200192,24.71495262226574],[121.0026504335707,24.714476921372864],[121.00669370994683,24.710381213622156],[121.00947585352787,24.71103363759238],[121.01154767118817,24.706027687327946],[121.01842138383984,24.711141553539903],[121.02493886603588,24.71054098717684],[121.02840669681166,24.707514597620616],[121.03705179600365,24.710678707556383],[121.03729100397675,24.707235526298575],[121.04202236244214,24.704165329866157],[121.0365074876305,24.697340011532333],[121.03938230544907,24.69398965829612],[121.03892440213951,24.690617768095592],[121.03391463425305,24.686847357719444],[121.03867384382295,24.682213741171267],[121.03471359465675,24.671961285484997],[121.0379327790746,24.667407621364703],[121.04472438362347,24.669047625947258],[121.04646966194537,24.667107805380965],[121.03875009464127,24.649348295787263],[121.04047889288665,24.64572955607423],[121.04906129044628,24.640801114779663],[121.04876073881712,24.63494061521726],[121.04089324922415,24.626864667270638],[121.02623276473037,24.6356000853757],[121.02543623879149,24.641210487973694],[121.0142829169231,24.64087036617451],[121.00824695333426,24.645172025868362]]]}},{"type":"Feature","properties":{"district":"Jianshi Township, Hsinchu County","constituency_code":"TW-10004120","township_code":"10004120","county":"Hsinchu County","township_name_zh":"尖石鄉"},"geometry":{"type":"Polygon","coordinates":[[[121.4030463844831,24.59170700827184],[121.41232376013352,24.57335846252306],[121.40358493539657,24.568707203075007],[121.40125648629783,24.56200550015376],[121.39475965703264,24.55591118495329],[121.39876250348686,24.54820309839431],[121.39674703824528,24.539822453843215],[121.40165792297478,24.52975874696864],[121.399592339415,24.52650669053139],[121.39062126116232,24.523031232605376],[121.38853378270801,24.51780022789825],[121.38511672046036,24.51682042282431],[121.38356828394922,24.510217183975897],[121.37335395412174,24.509895588210895],[121.3712540407414,24.49836314814081],[121.3638510123144,24.494956736564177],[121.35775034250435,24.486608670853514],[121.34283926192245,24.48225950447261],[121.34007367036361,24.474851373292267],[121.33564135356562,24.47203509774164],[121.3360005185092,24.467365852751982],[121.3308776231039,24.465206334105062],[121.32494208321066,24.458561606832745],[121.31798502319032,24.44195930617707],[121.31344924748487,24.437064876343015],[121.30550406546035,24.432581481650118],[121.27152692852496,24.42974721516191],[121.26990125014265,24.42737526135926],[121.26082113178984,24.428634967829566],[121.2589394604878,24.440723715926822],[121.26165954725036,24.444216571237803],[121.2606120645952,24.45141042724947],[121.26263884150944,24.45524588918647],[121.25804061688098,24.457463474359884],[121.25809166869567,24.463241061825613],[121.24447814435098,24.469885682977917],[121.24329885166071,24.47729428810095],[121.23471905494046,24.483660530409225],[121.23458389223288,24.487871962920792],[121.22992755611187,24.488914358111174],[121.22878481546695,24.492411819749748],[121.21867257308088,24.498262185751344],[121.22364225008982,24.506306548608393],[121.21747214902052,24.509650548134346],[121.21674520722559,24.515046121581292],[121.20955114436993,24.51148594032395],[121.20316827989222,24.512493672944686],[121.20179999197615,24.516435274668254],[121.20414374303937,24.521757869030466],[121.20014614502861,24.525327799838124],[121.2019824671172,24.534544031481914],[121.19587868655219,24.539473679666628],[121.20111360420958,24.545087594117206],[121.1929897790551,24.55616690627778],[121.19760789848578,24.566515498591457],[121.19609757614228,24.570372363493846],[121.1977042851247,24.580045627004154],[121.20086522584961,24.58601036518627],[121.20717653217127,24.586622374523017],[121.21179018377006,24.593407137929148],[121.21777819820534,24.59496383651191],[121.22044876110147,24.59965855659715],[121.21251025744255,24.607546618181914],[121.21215203858583,24.613757117696878],[121.18576482088986,24.63390752621143],[121.18986590478778,24.646233075695932],[121.18264712856217,24.659678938532238],[121.17025234566927,24.662132217128146],[121.16924197443768,24.668715893024114],[121.155933656613,24.6668937820225],[121.15202859434419,24.672467307020668],[121.15760676883735,24.681408606921707],[121.16412082191846,24.68507965839956],[121.166644191876,24.693330510094995],[121.17671805929103,24.69709130402049],[121.18894917186685,24.69822779977318],[121.19498944590623,24.707141336703387],[121.19186193927715,24.710338619032086],[121.2168465059616,24.73744239315198],[121.24394427261018,24.746956338164523],[121.24817340737695,24.74428283538458],[121.25289865045238,24.745474561202116],[121.26565700856418,24.75799425183328],[121.2842459709749,24.758600653897133],[121.29196440243527,24.765263813674096],[121.30084992638308,24.763440035329438],[121.3077155415391,24.754981687554903],[121.2982306320381,24.732236033466222],[121.30539576010631,24.725993222209468],[121.30761739942352,24.719903973789428],[121.29984074405513,24.69495901234859],[121.30390402674948,24.692916730222976],[121.31718459779097,24.698137316284146],[121.32416870042528,24.69497177642637],[121.33857699163491,24.679958255868883],[121.33920351063352,24.666560222576265],[121.34366771289467,24.669394824511585],[121.34548129922268,24.6664358993973],[121.35351867164945,24.667797710396087],[121.35239590494712,24.643540660173358],[121.35592816405358,24.641053652504127],[121.35781508020182,24.633711889492133],[121.3664180371627,24.63179125506241],[121.3630619777282,24.620671051627767],[121.35880622662614,24.616678899911335],[121.36401755686484,24.60725008472366],[121.36333131478841,24.60312757088076],[121.36679775611162,24.599185352222264],[121.38720830791715,24.58656209386561],[121.4030463844831,24.59170700827184]]]}},{"type":"Feature","properties":{"district":"Wufeng Township, Hsinchu County","constituency_code":"TW-10004130","township_code":"10004130","county":"Hsinchu County","township_name_zh":"五峰鄉"},"geometry":{"type":"Polygon","coordinates":[[[121.15189388399563,24.671915331027776],[121.15595233463262,24.666886647700665],[121.16924197443768,24.668715893024114],[121.17025234566927,24.662132217128146],[121.18264712856217,24.659678938532238],[121.18986590478778,24.646233075695932],[121.18576482088986,24.63390752621143],[121.21215203858583,24.613757117696878],[121.21251025744255,24.607546618181914],[121.22044876110147,24.59965855659715],[121.21777819820534,24.59496383651191],[121.21179018377006,24.593407137929148],[121.20717653217127,24.586622374523017],[121.20086522584961,24.58601036518627],[121.19751383839298,24.579473504398777],[121.19760789848578,24.566515498591457],[121.1929897790551,24.55616690627778],[121.20108368016781,24.545982140763215],[121.19584266150969,24.54001505265262],[121.2019824671172,24.534544031481914],[121.20014614502861,24.525327799838124],[121.20414374303937,24.521757869030466],[121.20179999197615,24.516435274668254],[121.20316827989222,24.512493672944686],[121.19555488385083,24.507118695771226],[121.18671026646564,24.505361246024734],[121.1794171621724,24.50798353691073],[121.16913799572194,24.502588425715317],[121.15502133936343,24.5067987754432],[121.15058611595657,24.50609166549799],[121.14502548094129,24.511920248120987],[121.1369953201779,24.50665458084427],[121.12965715625285,24.506695197825195],[121.12323823435713,24.510239306398944],[121.11433495509414,24.507099841484546],[121.10893381304504,24.500971334959218],[121.0983231537906,24.496478328312264],[121.09081300801392,24.497707875118408],[121.08555581954545,24.501308079804062],[121.07188759213875,24.498381008676688],[121.07211252427362,24.503371219905944],[121.0681038547092,24.507001911608995],[121.06692981136177,24.522548754421507],[121.07830296980626,24.528902366650925],[121.08054117013899,24.540960750937984],[121.07346589603435,24.54941988921655],[121.0582049908677,24.557910347284746],[121.05842589044255,24.560634436030455],[121.06273371588838,24.557456306563324],[121.07059053052865,24.563356734225977],[121.07525986455119,24.58066691554575],[121.07950370503204,24.588098537917233],[121.08310143658207,24.589988026126548],[121.08127777335062,24.600569706526812],[121.0756837887759,24.6037027529797],[121.07532519220388,24.61162304896459],[121.07152921859858,24.61396390600953],[121.07329262635369,24.620320491397592],[121.08290853290248,24.63030103526461],[121.08866788031844,24.63256089846675],[121.09298102345554,24.639294731466748],[121.10408992510997,24.642553305290846],[121.11201481123464,24.650467511066836],[121.12405715521356,24.645241948157434],[121.12865488791283,24.651273601295713],[121.12708518962984,24.653740061254894],[121.135329028412,24.66380108095518],[121.14312759845996,24.665167959633663],[121.15189388399563,24.671915331027776]]]}},{"type":"Feature","properties":{"district":"Miaoli City, Miaoli County","constituency_code":"TW-10005010","township_code":"10005010","county":"Miaoli County","township_name_zh":"苗栗市"},"geometry":{"type":"Polygon","coordinates":[[[120.84372753499781,24.586474009767812],[120.84515306656078,24.576837396328813],[120.84330465218807,24.566636003249016],[120.83505191371489,24.549236195494075],[120.82632713099235,24.54092421508051],[120.82060170690329,24.53865318049992],[120.81925651357733,24.530611587554745],[120.8085416193004,24.526052710064562],[120.8096265506249,24.53363353805736],[120.80792297656421,24.533682952206505],[120.80312791821893,24.526792802645787],[120.80071737810454,24.527443478333907],[120.79486950322507,24.521115307025866],[120.78769085834654,24.519184094770196],[120.78910625544938,24.526024291487886],[120.78649939872832,24.52909174498808],[120.78285303004338,24.529074655171257],[120.78487095403136,24.531739808645284],[120.78323851184791,24.53391086019809],[120.79215714523616,24.54637714279096],[120.79184490421903,24.553814604460456],[120.78713767816134,24.563790376524707],[120.78201289867638,24.563139071311127],[120.77834866136175,24.569606491846173],[120.78043356775504,24.581925925041446],[120.78402850870873,24.587983239435005],[120.79933526041395,24.588221738742277],[120.80819607368994,24.59911707839052],[120.82443993245693,24.597201260729662],[120.84372753499781,24.586474009767812]]]}},{"type":"Feature","properties":{"district":"Yuanli Township, Miaoli County","constituency_code":"TW-10005020","township_code":"10005020","county":"Miaoli County","township_name_zh":"苑裡鎮"},"geometry":{"type":"Polygon","coordinates":[[[120.65814375413106,24.448872653750016],[120.66739510520006,24.455768613830514],[120.67855040197958,24.452475922425947],[120.68460914269781,24.44533521185059],[120.69395810977903,24.43949906143257],[120.71135106380063,24.434148903748962],[120.71667497656892,24.425043918242295],[120.71630698927618,24.421672419246818],[120.7210021059625,24.421223651250557],[120.72865605873017,24.409289976851028],[120.74184878939013,24.407929684807186],[120.74842548384902,24.4046921964877],[120.74743636539597,24.400474359004534],[120.72889376753346,24.376671241584575],[120.72967246531209,24.364477155896054],[120.72692252105753,24.36271971424344],[120.72434647780779,24.354099847330133],[120.7072967797227,24.35786525657636],[120.70742708878913,24.361726368976804],[120.69256680641308,24.367303212473303],[120.68994543283554,24.374336601552955],[120.67727795931046,24.384156410489993],[120.678648893032,24.387069729184702],[120.67010825009572,24.39195620721324],[120.66424611556579,24.40172023480102],[120.64597026381671,24.412292877914012],[120.63966452789566,24.427766267699155],[120.63210045427263,24.43242191763744],[120.62859993583845,24.43803616573649],[120.62186076536204,24.44028661483543],[120.6313589902253,24.44763263074134],[120.63878880855668,24.45541246161588],[120.63961239059938,24.4600091340144],[120.64545167875201,24.46434268816455],[120.65928993108548,24.459732218367208],[120.65731519883741,24.455749085052275],[120.66075677840263,24.4532723683252],[120.65814375413106,24.448872653750016]]]}},{"type":"Feature","properties":{"district":"Tongxiao Township, Miaoli County","constituency_code":"TW-10005030","township_code":"10005030","county":"Miaoli County","township_name_zh":"通霄鎮"},"geometry":{"type":"Polygon","coordinates":[[[120.64850079147845,24.46749187205228],[120.65849414348997,24.477301555522445],[120.66183018941183,24.48378000804098],[120.66540109688322,24.483606729367125],[120.66843936018836,24.499814898538773],[120.6776346421251,24.514524794483748],[120.6846818564826,24.521387276401754],[120.69336817879844,24.548867449173486],[120.70118661307185,24.561534232019255],[120.70455172957872,24.57286166533362],[120.71230598373427,24.57359177993675],[120.71420970641293,24.57102165692396],[120.71845997344906,24.572833619076334],[120.71977059413769,24.566810042749296],[120.7270382772947,24.560016820320072],[120.7245028366367,24.55377831141999],[120.72971704380655,24.551797025812164],[120.73190029646162,24.54591581126573],[120.73437099312684,24.546237345876875],[120.73403661709631,24.537259707969213],[120.73893542572932,24.53720616143528],[120.73920032823264,24.531042583148746],[120.74560264594538,24.52367926698463],[120.74415942921439,24.51974925572364],[120.74967334175142,24.51728062749902],[120.74959147646553,24.50826631793626],[120.7566583652914,24.50458721302948],[120.76163846274494,24.50538343769557],[120.75521598942646,24.495382551163857],[120.76329671097449,24.48722891258427],[120.76252306378842,24.480862845643856],[120.75124232867063,24.46607149540324],[120.75606668512944,24.450111768443435],[120.75071094715258,24.426728603842037],[120.75181374530814,24.422432553219778],[120.74797690201251,24.418995134817692],[120.7508185933035,24.407476717876307],[120.74842548384902,24.4046921964877],[120.74184878939013,24.407929684807186],[120.72865605873017,24.409289976851028],[120.7210021059625,24.421223651250557],[120.71630698927618,24.421672419246818],[120.71667497656892,24.425043918242295],[120.71135106380063,24.434148903748962],[120.69395810977903,24.43949906143257],[120.68460914269781,24.44533521185059],[120.67843160333587,24.452531694781953],[120.66739510520006,24.455768613830514],[120.6581837244994,24.448843428481496],[120.66075677840263,24.4532723683252],[120.65731519883741,24.455749085052275],[120.65928993108548,24.459732218367208],[120.64545167875201,24.46434268816455],[120.64850079147845,24.46749187205228]]]}},{"type":"Feature","properties":{"district":"Zhunan Township, Miaoli County","constituency_code":"TW-10005040","township_code":"10005040","county":"Miaoli County","township_name_zh":"竹南鎮"},"geometry":{"type":"Polygon","coordinates":[[[120.91198186676979,24.732444650999867],[120.91630054343534,24.721379181204327],[120.91366660273161,24.717333133117677],[120.92364332447994,24.714550566855223],[120.93024235540042,24.71663332117089],[120.93426872632074,24.713140858863596],[120.9215807077835,24.7036600529691],[120.91545569152697,24.704859711706376],[120.90547666391694,24.702609885837603],[120.89878719537285,24.704239033804413],[120.90020719790391,24.705125504538444],[120.88565443240623,24.701993793578765],[120.88461003802286,24.698854360140672],[120.88820953404286,24.698065413687914],[120.88409590370304,24.693060637938117],[120.89383363151694,24.692352514457014],[120.88034099314234,24.679745387239905],[120.8817196871139,24.67688879777984],[120.87695488196232,24.647871206091338],[120.87481129120818,24.64874108073633],[120.8751397335119,24.653037038728428],[120.86930273773123,24.652923529897066],[120.86708283410553,24.6654913207679],[120.84607867758893,24.662375593458933],[120.83175920162591,24.6716190349905],[120.82436358720986,24.673635654961572],[120.8561718462538,24.702504207403308],[120.86133324253512,24.721648406748614],[120.87453684689808,24.738320098194038],[120.88103599461556,24.733288416527273],[120.88356771297958,24.73452826866469],[120.89104138315338,24.73177258853417],[120.8974331104497,24.733464258268953],[120.907806599595,24.741071407619415],[120.91198186676979,24.732444650999867]]]}},{"type":"Feature","properties":{"district":"Toufen City, Miaoli County","constituency_code":"TW-10005050","township_code":"10005050","county":"Miaoli County","township_name_zh":"頭份市"},"geometry":{"type":"Polygon","coordinates":[[[120.9354284740449,24.71259406026769],[120.94221301172115,24.70730765102735],[120.94979741901568,24.71119689602],[120.95330305009577,24.704046487155722],[120.96337460085715,24.711475269468167],[120.96612710008571,24.709640914196882],[120.97165096362119,24.712452904478027],[120.97510154090344,24.710954800323805],[120.97665257195865,24.70626049212808],[120.97218578684465,24.703358371791467],[120.97400097216723,24.696942575039884],[120.96638114057725,24.691166654017934],[120.9667466448418,24.686108217520257],[120.96440536871285,24.68361556930313],[120.97269888964206,24.685854323618173],[120.97556932326574,24.684563837850874],[120.9770171742033,24.673646658166774],[120.97163841358201,24.67298699015754],[120.95869947160338,24.679372876357206],[120.95066050018204,24.679010218446876],[120.94663365891631,24.672004729035052],[120.94309545708973,24.670871990649914],[120.94564328141234,24.66873515830099],[120.94271171187609,24.66701088454471],[120.94478948754488,24.666091581361457],[120.93999884397158,24.657626362766507],[120.93591976198752,24.65731524500262],[120.92853380539088,24.66287416591007],[120.92145288264453,24.662567303738115],[120.91987788016013,24.657932498286243],[120.91063005263493,24.653713185914853],[120.91344778598659,24.643722004866675],[120.90940295468272,24.64105795216284],[120.90872342064938,24.637554647628917],[120.90438714605,24.63584546179868],[120.90386497898567,24.63169866356253],[120.89658864704847,24.62541703666693],[120.89422383925887,24.62913402731357],[120.89282093913505,24.625451398862992],[120.88770502696548,24.626304851887483],[120.87833260196805,24.633774890598772],[120.88058976540538,24.63795700161438],[120.87824673739703,24.636380256243854],[120.87722405264799,24.638036658165277],[120.8805089253467,24.64034542470165],[120.87764914239403,24.639834448800798],[120.87558669477016,24.643557943344433],[120.87835106415037,24.64667221734902],[120.87637346216559,24.653468231273905],[120.8817196871139,24.67688879777984],[120.88034099314234,24.679745387239905],[120.89383363151694,24.692352514457014],[120.88409590370304,24.693060637938117],[120.8882169453558,24.69815775697498],[120.8846401068555,24.70055010740157],[120.90020719790391,24.705125504538444],[120.89878719537285,24.704239033804413],[120.90547666391694,24.702609885837603],[120.91545569152697,24.704859711706376],[120.9215807077835,24.7036600529691],[120.9354284740449,24.71259406026769]]]}},{"type":"Feature","properties":{"district":"Houlong Township, Miaoli County","constituency_code":"TW-10005060","township_code":"10005060","county":"Miaoli County","township_name_zh":"後龍鎮"},"geometry":{"type":"Polygon","coordinates":[[[120.82755903851887,24.672711115925324],[120.84016073832743,24.66573550558917],[120.82557622676154,24.64374808160875],[120.81922764893693,24.63990400956243],[120.8191442314212,24.63500490235441],[120.81341748353009,24.626581927613927],[120.81577741699425,24.62495777897834],[120.81904500921985,24.63046297168887],[120.820630418659,24.62456027863402],[120.82921710508538,24.625374639927713],[120.83184957000174,24.61600499023814],[120.83522154563786,24.613203205463606],[120.83208317339984,24.606930984577332],[120.84001762381433,24.602471409328132],[120.8335556783519,24.60055280466827],[120.84351677348036,24.592855554939945],[120.84390574195652,24.58661540567647],[120.83210254209871,24.59128725600209],[120.82443993245693,24.597201260729662],[120.80739365359432,24.59906332231452],[120.79933526041395,24.588221738742277],[120.78402850870873,24.587983239435005],[120.78043356775504,24.581925925041446],[120.7783996897939,24.569329949417693],[120.77117672092902,24.57559665835913],[120.76906719829265,24.581385901038573],[120.76427102478806,24.57971899413633],[120.75288615806983,24.58123343087817],[120.74839091121169,24.578059374440613],[120.74421577443854,24.578714485585067],[120.73893424312087,24.571102871100663],[120.73220013043169,24.56812714395261],[120.7270382772947,24.560016820320072],[120.71977059413769,24.566810042749296],[120.71845997344906,24.572833619076334],[120.71420970641293,24.57102165692396],[120.71230598373427,24.57359177993675],[120.70455172957872,24.57286166533362],[120.70976456348387,24.591017962109333],[120.71581306362202,24.60097077538103],[120.73117172599439,24.611864332572964],[120.73819911389808,24.620859717701876],[120.74583542016853,24.621732825409595],[120.75237413445882,24.627404001493517],[120.7563737883197,24.632543801455313],[120.7576946351993,24.64152014254057],[120.76085406866036,24.643121512248058],[120.76358648332962,24.649069541925883],[120.76778057151625,24.650446473226225],[120.76851889513102,24.654691493617577],[120.78859520040828,24.666999763528338],[120.82755903851887,24.672711115925324]]]}},{"type":"Feature","properties":{"district":"Zhuolan Township, Miaoli County","constituency_code":"TW-10005070","township_code":"10005070","county":"Miaoli County","township_name_zh":"卓蘭鎮"},"geometry":{"type":"Polygon","coordinates":[[[120.90820271138614,24.36422900776256],[120.90972745345925,24.34823430077239],[120.90543905786626,24.339864684607562],[120.90613051331263,24.336597067200955],[120.91111103704475,24.335781532291946],[120.90289811245793,24.327428325157143],[120.91177176535473,24.314392225820598],[120.91446398572441,24.30427663615791],[120.90982361976432,24.29397203148409],[120.90497565969895,24.29228400040637],[120.87611674079506,24.29500386953299],[120.85651842608456,24.288993140920752],[120.83651978356124,24.289569214247877],[120.8253139008159,24.296780156479088],[120.81757149882571,24.307419897110606],[120.8070995267218,24.31536499190088],[120.77840174294613,24.320107566710874],[120.77229753880044,24.32693755342541],[120.77527922395711,24.331222679982773],[120.78444463311337,24.333876833848876],[120.77896164016761,24.339367376603207],[120.77598160796492,24.339317619812334],[120.7814398587625,24.344733925330445],[120.78441834413138,24.341371908786584],[120.79052603584796,24.340806730746067],[120.79270252380252,24.343123535422876],[120.79459845295628,24.339545517012027],[120.7984549284522,24.34114983469715],[120.80111600529949,24.33922245355342],[120.80466442882039,24.342634922963384],[120.80914040410642,24.34268880494443],[120.81257284835829,24.347287989149436],[120.81473409370358,24.34570219749844],[120.81200980171104,24.343343980840075],[120.8127573613632,24.34101777734861],[120.81904728450468,24.344257918668063],[120.82309331280624,24.34138221951389],[120.831337307171,24.343413300583393],[120.83538735993875,24.347357737869345],[120.84030444729251,24.34602942571746],[120.84024546705473,24.352352674136625],[120.84482312868454,24.35490631977092],[120.84736619109685,24.360602191238172],[120.85312560326406,24.361537139027803],[120.85984242738618,24.35491712602459],[120.874000254708,24.363128171927656],[120.87865447112699,24.36025401421142],[120.88498546900428,24.363796595736346],[120.89949567228746,24.36192852398227],[120.90426112764897,24.365005495007665],[120.90820271138614,24.36422900776256]]]}},{"type":"Feature","properties":{"district":"Dahu Township, Miaoli County","constituency_code":"TW-10005080","township_code":"10005080","county":"Miaoli County","township_name_zh":"大湖鄉"},"geometry":{"type":"Polygon","coordinates":[[[120.90413097146723,24.447114371231294],[120.90996197776315,24.443744821965993],[120.91326572453363,24.436322897883485],[120.91061562301263,24.4253123352961],[120.9071496142634,24.42332754143297],[120.90707982867127,24.416609487038272],[120.91152897987854,24.413504512023678],[120.91222508032331,24.40768836252795],[120.91960620486248,24.398788519574566],[120.91428300975315,24.387967892903987],[120.91480843326269,24.375919890390662],[120.91238234387015,24.364882603549347],[120.90432995186586,24.365021873460762],[120.89949567228746,24.36192852398227],[120.88498546900428,24.363796595736346],[120.87865447112699,24.36025401421142],[120.874000254708,24.363128171927656],[120.85984242738618,24.35491712602459],[120.85221751732468,24.361733020362635],[120.84719085927077,24.36051641839805],[120.84482312868454,24.35490631977092],[120.84123098102498,24.354064773770347],[120.84030444729251,24.34602942571746],[120.83538735993875,24.347357737869345],[120.8305278399879,24.34305633538162],[120.82268371478165,24.34136815051977],[120.81871207660117,24.34423542392574],[120.81305792108628,24.34088801327124],[120.81200980171104,24.343343980840075],[120.81473409370358,24.34570219749844],[120.81257284835829,24.347287989149436],[120.80914040410642,24.34268880494443],[120.80466442882039,24.342634922963384],[120.80111600529949,24.33922245355342],[120.7984549284522,24.34114983469715],[120.79459845295628,24.339545517012027],[120.79270252380252,24.343123535422876],[120.79052603584796,24.340806730746067],[120.78441834413138,24.341371908786584],[120.7816534792247,24.34475709366501],[120.77598160796492,24.339317619812334],[120.77773957212366,24.35021537234161],[120.79541733783992,24.356509395492253],[120.80691738432984,24.36674904842988],[120.80696494767426,24.371225520141707],[120.81089416483394,24.375143609989664],[120.81871416033027,24.376059749357978],[120.82522100534516,24.39492546823584],[120.83117481946238,24.396068497563135],[120.84067837820464,24.406181641069907],[120.83609226204828,24.413208030726082],[120.8429827299691,24.422636543741532],[120.84318374553345,24.425520627275205],[120.83969767920462,24.426106772109904],[120.83894358238047,24.429135452239393],[120.84152501256938,24.429682347062737],[120.8461148779993,24.43713050706731],[120.85546703407647,24.440697417951526],[120.86685565906146,24.45570343456592],[120.8738464652422,24.45414942045943],[120.87416826155606,24.45730356051098],[120.8891154472202,24.444976219576915],[120.90413097146723,24.447114371231294]]]}},{"type":"Feature","properties":{"district":"Gongguan Township, Miaoli County","constituency_code":"TW-10005090","township_code":"10005090","county":"Miaoli County","township_name_zh":"公館鄉"},"geometry":{"type":"Polygon","coordinates":[[[120.90349162903556,24.542027957524283],[120.9078382890059,24.537752462706067],[120.9055148464331,24.53069795574612],[120.89908498158673,24.524254483257835],[120.89531630870079,24.515008960695013],[120.89141074281156,24.51349886138337],[120.89164140542653,24.510379517900503],[120.88669080123952,24.511805746438085],[120.87902759894462,24.5044562483572],[120.88026868944849,24.502150508039563],[120.87292729425928,24.49056983103293],[120.86808139454081,24.47661289966561],[120.86470851418665,24.46426520077847],[120.87662223892528,24.466928739969433],[120.87768797152273,24.465356752012553],[120.87388276457796,24.45418743660099],[120.86691462670876,24.455752965626914],[120.85546703407647,24.440697417951526],[120.84499418063695,24.435391487127504],[120.84208927959662,24.438593702237597],[120.84487158055902,24.446625843308084],[120.84022758673382,24.448786789179053],[120.83925934514275,24.45369877557806],[120.82805806512772,24.458661098830703],[120.82607552046898,24.46401678104968],[120.81613658373647,24.46855492287142],[120.81263476218464,24.474519130453587],[120.8112114780273,24.48690443629073],[120.81313196047165,24.494991854190744],[120.81091379073894,24.500805985607826],[120.81331834676439,24.506663109115266],[120.81132524136683,24.513253559604152],[120.81426413767986,24.5226964599737],[120.81283022983132,24.52688364406498],[120.81939308012659,24.530710690146293],[120.82046806854657,24.53849419295267],[120.82632713099235,24.54092421508051],[120.83505191371489,24.549236195494075],[120.83716158384004,24.556277576848743],[120.84152180468755,24.5605453536852],[120.84502848437717,24.559606693494175],[120.84565832367275,24.54921138050088],[120.84780653874088,24.546526508491638],[120.85558386230548,24.54401326939694],[120.8604870218586,24.539398074561518],[120.86706983800264,24.538492888935707],[120.87275599139593,24.541171088874705],[120.87429036340961,24.539028503562633],[120.88870599398649,24.54397201749464],[120.90349162903556,24.542027957524283]]]}},{"type":"Feature","properties":{"district":"Tongluo Township, Miaoli County","constituency_code":"TW-10005100","township_code":"10005100","county":"Miaoli County","township_name_zh":"銅鑼鄉"},"geometry":{"type":"Polygon","coordinates":[[[120.81283022983132,24.52688364406498],[120.81426413767986,24.5226964599737],[120.81132524136683,24.513253559604152],[120.81331834676439,24.506663109115266],[120.81091379073894,24.500805985607826],[120.81313196047165,24.494991854190744],[120.8112114780273,24.48690443629073],[120.81263476218464,24.474519130453587],[120.81613658373647,24.46855492287142],[120.82603282695345,24.464055736083424],[120.82805806512772,24.458661098830703],[120.83787391075248,24.454946226087486],[120.8403291138975,24.448663261900094],[120.84487158055902,24.446625843308084],[120.84208927959662,24.438593702237597],[120.84499418063695,24.435391487127504],[120.8388336528509,24.42875383482169],[120.83969767920462,24.426106772109904],[120.84318374553345,24.425520627275205],[120.8429827299691,24.422636543741532],[120.83608810448254,24.413313575161396],[120.84067837820464,24.406181641069907],[120.83117481946238,24.396068497563135],[120.82522100534516,24.39492546823584],[120.82390304259138,24.38947161872028],[120.81622283861316,24.388037126312383],[120.81325712901332,24.38947738966982],[120.81126990068537,24.396898479181516],[120.80429082795945,24.401437995167385],[120.8016565338221,24.409059224303803],[120.78952660127175,24.414812279163414],[120.7860242976833,24.419303375650316],[120.788015974058,24.434052598048993],[120.77354793908614,24.438145701363055],[120.75118039775725,24.428883638469188],[120.75606668512944,24.450111768443435],[120.75124232867063,24.46607149540324],[120.76248897228834,24.480802326666094],[120.76190396239804,24.48479669790936],[120.76749202493704,24.494783065785896],[120.77224219721973,24.500425770233164],[120.77770890614113,24.502597224682233],[120.77737415419392,24.511823485565458],[120.7832771071528,24.51182148907054],[120.7876040404941,24.515503235286133],[120.78753550316105,24.51940326045218],[120.79042603303503,24.518727655556916],[120.79717610509329,24.525592637590194],[120.80312791821893,24.526792802645787],[120.80792297656421,24.533682952206505],[120.8096265506249,24.53363353805736],[120.80851235805892,24.526072709188213],[120.81283022983132,24.52688364406498]]]}},{"type":"Feature","properties":{"district":"Nanzhuang Township, Miaoli County","constituency_code":"TW-10005110","township_code":"10005110","county":"Miaoli County","township_name_zh":"南庄鄉"},"geometry":{"type":"Polygon","coordinates":[[[121.00809112690399,24.644398856222267],[121.01438815648828,24.64085020607223],[121.02543623879149,24.641210487973694],[121.02590347076864,24.635911969361928],[121.0433859585952,24.627144052456117],[121.05157126680058,24.61514447213972],[121.06256920200713,24.621750770481697],[121.068086579632,24.614864506891536],[121.07492864514097,24.61230253803177],[121.07558668987394,24.603837916586656],[121.08127777335062,24.600569706526812],[121.08310143658207,24.589988026126548],[121.07950370503204,24.588098537917233],[121.07525986455119,24.58066691554575],[121.07059053052865,24.563356734225977],[121.06273371588838,24.557456306563324],[121.05842589044255,24.560634436030455],[121.05862691589948,24.557398776932075],[121.07346589603435,24.54941988921655],[121.08055824466737,24.540857396351782],[121.07830296980626,24.528902366650925],[121.06702698490744,24.522982215057255],[121.0681038547092,24.507001911608995],[121.07217567916427,24.50180318896605],[121.0719023320271,24.498397814307737],[121.06697695112541,24.495108095162493],[121.05819446700116,24.50038773700453],[121.05518486239157,24.49674182967175],[121.04780358946414,24.496699620890865],[121.03238234866649,24.491808840505655],[121.02699406062743,24.492624170369197],[121.02590841254323,24.498845759424285],[121.02145514154165,24.502519551136402],[121.02072127856422,24.50684019821665],[121.01226698133621,24.510787218355517],[121.00649710016114,24.508808685572433],[120.99843097371058,24.50165587461896],[120.9792386426493,24.50184979992838],[120.96563561968821,24.506555784022282],[120.95310004792896,24.516787812507573],[120.95444321328375,24.52323597406098],[120.94898483478232,24.529195192204384],[120.9552680921488,24.538599050306004],[120.95366297946305,24.542364776113573],[120.95633330583746,24.551371837140607],[120.97008650568773,24.569033245088235],[120.97064521490483,24.576452943348727],[120.97714687982466,24.587266300799172],[120.9838894884092,24.607261692273312],[120.97999782513955,24.620762935361256],[120.9754792795452,24.618694809417946],[120.96780445980801,24.623092938488355],[120.96094296084902,24.61686144609888],[120.95747665982003,24.61686094697518],[120.95940785678727,24.627198005483592],[120.9550782263791,24.631295565837718],[120.95643993395583,24.637154320715354],[120.95060429075545,24.640953028259673],[120.94826245794616,24.646489063219747],[120.95475461973001,24.646474377290758],[120.97224172647452,24.639405621472292],[120.98639777044082,24.637845095374928],[120.99059453231189,24.642122533628083],[120.9964899246703,24.64032896530955],[120.99976749577343,24.6429131573164],[121.00506210323351,24.641634441876022],[121.00809112690399,24.644398856222267]]]}},{"type":"Feature","properties":{"district":"Touwu Township, Miaoli County","constituency_code":"TW-10005120","township_code":"10005120","county":"Miaoli County","township_name_zh":"頭屋鄉"},"geometry":{"type":"Polygon","coordinates":[[[120.93685666130591,24.589558926303482],[120.934155400951,24.58054336668306],[120.93132563646896,24.579566531170542],[120.91924067361822,24.558001379360235],[120.91436642816814,24.559227173295483],[120.91036385600717,24.557360459517668],[120.90349162903556,24.542027957524283],[120.88870599398649,24.54397201749464],[120.87429036340961,24.539028503562633],[120.87275599139593,24.541171088874705],[120.86349994136924,24.538609060659667],[120.84565832367275,24.54921138050088],[120.84502848437717,24.559606693494175],[120.84151372248039,24.560627065186964],[120.84506592765047,24.57547471838359],[120.84471328009386,24.590787513532973],[120.83355287066854,24.60060290140285],[120.8434023158643,24.603672066312868],[120.8506144829721,24.599985462858854],[120.85824167731164,24.60031024402258],[120.86041005248205,24.603454994252616],[120.87659802108192,24.60200979091917],[120.8804926098461,24.604488748756808],[120.88489752340206,24.601381678321843],[120.89169592862424,24.60357306984133],[120.89469849154216,24.600189014511443],[120.90271519664907,24.59986352378263],[120.90489442393857,24.59478704958275],[120.91264949198057,24.598902764550985],[120.91278127773387,24.595607823941975],[120.9186689602044,24.594377542389736],[120.92145273245774,24.597087565738605],[120.928966935076,24.59378504114676],[120.9308803515471,24.590363513765226],[120.93340183742487,24.591603447740965],[120.93685666130591,24.589558926303482]]]}},{"type":"Feature","properties":{"district":"Sanyi Township, Miaoli County","constituency_code":"TW-10005130","township_code":"10005130","county":"Miaoli County","township_name_zh":"三義鄉"},"geometry":{"type":"Polygon","coordinates":[[[120.82269411364246,24.389121350769756],[120.81863602992894,24.37596514697401],[120.81089416483394,24.375143609989664],[120.80696494767426,24.371225520141707],[120.80691738432984,24.36674904842988],[120.79541733783992,24.356509395492253],[120.77773957212366,24.35021537234161],[120.7759448184986,24.339400535506343],[120.77896164016761,24.339367376603207],[120.78444463311337,24.333876833848876],[120.77527922395711,24.331222679982773],[120.77231558369726,24.327221530549252],[120.77770233929164,24.320607591567125],[120.75813971327716,24.328852969988645],[120.73064427001714,24.35164446252196],[120.72434647780779,24.354099847330133],[120.72692252105753,24.36271971424344],[120.72967246531209,24.364477155896054],[120.72889376753346,24.376671241584575],[120.74743636539597,24.400474359004534],[120.75143751662813,24.40885865480311],[120.74889782217679,24.4116229270565],[120.74797690201251,24.418995134817692],[120.75181374530814,24.422432553219778],[120.75128981916987,24.428395429805278],[120.77113990358373,24.437359436688723],[120.78823785119596,24.433878169142247],[120.78689842432289,24.417990967109517],[120.8016565338221,24.409059224303803],[120.80429082795945,24.401437995167385],[120.81147276615525,24.39662804135105],[120.81337330433462,24.389347422345736],[120.82269411364246,24.389121350769756]]]}},{"type":"Feature","properties":{"district":"Xihu Township, Miaoli County","constituency_code":"TW-10005140","township_code":"10005140","county":"Miaoli County","township_name_zh":"西湖鄉"},"geometry":{"type":"Polygon","coordinates":[[[120.7783996897939,24.569329949417693],[120.78201289867638,24.563139071311127],[120.78713767816134,24.563790376524707],[120.79184490421903,24.553814604460456],[120.79215714523616,24.54637714279096],[120.78323851184791,24.53391086019809],[120.78487095403136,24.531739808645284],[120.78285303004338,24.529074655171257],[120.78649939872832,24.52909174498808],[120.78910625544938,24.526024291487886],[120.78782942948465,24.516088068009992],[120.78319013191913,24.51177308575933],[120.77737415419392,24.511823485565458],[120.77770890614113,24.502597224682233],[120.77163964245563,24.499885110409593],[120.76329671097449,24.48722891258427],[120.75521598942646,24.495382551163857],[120.76132837110754,24.506224959414396],[120.7566583652914,24.50458721302948],[120.75018636630784,24.50749587953129],[120.7497795525843,24.517036292490957],[120.74415942921439,24.51974925572364],[120.74560264594538,24.52367926698463],[120.73920032823264,24.531042583148746],[120.73964399347562,24.53618888341032],[120.73742244409061,24.538583733052917],[120.73400492678604,24.537334610703795],[120.73437099312684,24.546237345876875],[120.73190029646162,24.54591581126573],[120.72971704380655,24.551797025812164],[120.7245028366367,24.55377831141999],[120.73220013043169,24.56812714395261],[120.73893424312087,24.571102871100663],[120.74487565019115,24.579015317802714],[120.76906719829265,24.581385901038573],[120.77117672092902,24.57559665835913],[120.7783996897939,24.569329949417693]]]}},{"type":"Feature","properties":{"district":"Zaoqiao Township, Miaoli County","constituency_code":"TW-10005150","township_code":"10005150","county":"Miaoli County","township_name_zh":"造橋鄉"},"geometry":{"type":"Polygon","coordinates":[[[120.87695488196232,24.647871206091338],[120.87835106415037,24.64667221734902],[120.87577515220153,24.64291277240659],[120.87764914239403,24.639834448800798],[120.88053157117508,24.640250566910197],[120.87722405264799,24.638036658165277],[120.87824673739703,24.636380256243854],[120.88058976540538,24.63795700161438],[120.8782068092969,24.6339896289183],[120.88770502696548,24.626304851887483],[120.89282093913505,24.625451398862992],[120.89422383925887,24.62913402731357],[120.89687440303135,24.625146918995142],[120.90019081855155,24.62470778004007],[120.9113225782744,24.62816308505836],[120.91601492594816,24.621169955928792],[120.91158237352772,24.617683777184595],[120.9146647935454,24.612156741740307],[120.91805307568893,24.61092488637445],[120.91347598243067,24.608214590530963],[120.92003526511542,24.606061910328947],[120.91733613525446,24.60552200593588],[120.91575689516469,24.600956446482883],[120.92498152917426,24.60374203266872],[120.92845240955114,24.607841370083236],[120.9352998368181,24.607973199003993],[120.94875653198847,24.60541405221676],[120.9487753592955,24.600259499776143],[120.93685666130591,24.589558926303482],[120.93340183742487,24.591603447740965],[120.9308803515471,24.590363513765226],[120.928966935076,24.59378504114676],[120.92145273245774,24.597087565738605],[120.9186689602044,24.594377542389736],[120.91278127773387,24.595607823941975],[120.91264949198057,24.598902764550985],[120.90489442393857,24.59478704958275],[120.90271519664907,24.59986352378263],[120.89469849154216,24.600189014511443],[120.89169592862424,24.60357306984133],[120.88489752340206,24.601381678321843],[120.8804926098461,24.604488748756808],[120.87659802108192,24.60200979091917],[120.86041005248205,24.603454994252616],[120.85824167731164,24.60031024402258],[120.8501300163872,24.600043278474573],[120.84573031620118,24.603709006865245],[120.83477744332436,24.603716681679543],[120.83208317339984,24.606930984577332],[120.83522154563786,24.613203205463606],[120.83184957000174,24.61600499023814],[120.82921710508538,24.625374639927713],[120.820630418659,24.62456027863402],[120.81904500921985,24.63046297168887],[120.81577741699425,24.62495777897834],[120.8134293249035,24.626531949589832],[120.8191442314212,24.63500490235441],[120.81922764893693,24.63990400956243],[120.82557622676154,24.64374808160875],[120.84016073832743,24.66573550558917],[120.85002448993828,24.662219062859492],[120.86708283410553,24.6654913207679],[120.86930273773123,24.652923529897066],[120.8751397335119,24.653037038728428],[120.87481129120818,24.64874108073633],[120.87695488196232,24.647871206091338]]]}},{"type":"Feature","properties":{"district":"Sanwan Township, Miaoli County","constituency_code":"TW-10005160","township_code":"10005160","county":"Miaoli County","township_name_zh":"三灣鄉"},"geometry":{"type":"Polygon","coordinates":[[[121.00809112690399,24.644398856222267],[121.00506210323351,24.641634441876022],[120.99976749577343,24.6429131573164],[120.9964899246703,24.64032896530955],[120.99059453231189,24.642122533628083],[120.98639777044082,24.637845095374928],[120.97224172647452,24.639405621472292],[120.95475461973001,24.646474377290758],[120.94826245794616,24.646489063219747],[120.95060429075545,24.640953028259673],[120.95643993395583,24.637154320715354],[120.9550782263791,24.631295565837718],[120.95940785678727,24.627198005483592],[120.95747665982003,24.61686094697518],[120.96094296084902,24.61686144609888],[120.96844745618523,24.62317640546678],[120.9754792795452,24.618694809417946],[120.97999782513955,24.620762935361256],[120.98149272500928,24.61820271028688],[120.98007048406566,24.61722811678419],[120.98387633582433,24.60615169864201],[120.97456220308322,24.58325733086116],[120.9666810653789,24.58675351726106],[120.95595136736176,24.599990638457257],[120.94903702783665,24.601254964744896],[120.9488999693582,24.605276412776277],[120.94530312004304,24.607132763666186],[120.94056800870669,24.605756019424803],[120.92865675620442,24.60789707768805],[120.92498152917426,24.60374203266872],[120.91578657818809,24.60093733049348],[120.91733613525446,24.60552200593588],[120.92004406138437,24.6059758263234],[120.91345673693888,24.608267197273392],[120.91805312515169,24.610862703650923],[120.9146647935454,24.612156741740307],[120.91155488305151,24.61776516493046],[120.9158650152583,24.619805760827262],[120.91446464402816,24.624321835984006],[120.91059009305843,24.62847633151756],[120.90603776083401,24.62574787206671],[120.89658864704847,24.62541703666693],[120.90391941404982,24.631769187498037],[120.90438714605,24.63584546179868],[120.9087768044061,24.637603450239112],[120.90940295468272,24.64105795216284],[120.91281336284646,24.641864630548298],[120.91068270884,24.653803441875368],[120.91987788016013,24.657932498286243],[120.9220323401205,24.66276006892207],[120.92853380539088,24.66287416591007],[120.93591976198752,24.65731524500262],[120.93999884397158,24.657626362766507],[120.94478948754488,24.666091581361457],[120.94271171187609,24.66701088454471],[120.94564328141234,24.66873515830099],[120.94309545708973,24.670871990649914],[120.94663365891631,24.672004729035052],[120.95086361206609,24.67906502762895],[120.95869947160338,24.679372876357206],[120.97163841358201,24.67298699015754],[120.97978425593874,24.673497881522053],[120.98677327336793,24.66376565755911],[120.9906462370343,24.664788567138714],[120.990637813984,24.66039200019071],[120.99509062363347,24.659297229383697],[120.9972419206781,24.654613211230753],[121.01028006147567,24.656206800903192],[121.00809112690399,24.644398856222267]]]}},{"type":"Feature","properties":{"district":"Shitan Township, Miaoli County","constituency_code":"TW-10005170","township_code":"10005170","county":"Miaoli County","township_name_zh":"獅潭鄉"},"geometry":{"type":"Polygon","coordinates":[[[120.97456220308322,24.58325733086116],[120.97061259919212,24.576361700831853],[120.97008650568773,24.569033245088235],[120.95633330583746,24.551371837140607],[120.95366297946305,24.542364776113573],[120.9552680921488,24.538599050306004],[120.94898483478232,24.529195192204384],[120.95444321328375,24.52323597406098],[120.95310004792896,24.516787812507573],[120.96558145082338,24.506469897867532],[120.96269911826971,24.504387766782088],[120.94955411373144,24.506525817712372],[120.93310246570627,24.49676498991238],[120.92975715946545,24.498097124183005],[120.92120940918699,24.495536498910326],[120.9192164036142,24.490283541752092],[120.92192411660471,24.480964949273016],[120.91649920007808,24.4738884511911],[120.91488104542395,24.46759329219674],[120.91650633799713,24.4653726583216],[120.91199815888797,24.459093088175507],[120.91094495654454,24.45258884399999],[120.89878298744497,24.445080625470553],[120.88562194889391,24.446345037193737],[120.87416826155606,24.45730356051098],[120.87689011098985,24.466883256756944],[120.8646993698801,24.464292975440515],[120.87292729425928,24.49056983103293],[120.88026868944849,24.502150508039563],[120.87902759894462,24.5044562483572],[120.88669080123952,24.511805746438085],[120.89164140542653,24.510379517900503],[120.89141074281156,24.51349886138337],[120.89531630870079,24.515008960695013],[120.89908498158673,24.524254483257835],[120.9055148464331,24.53069795574612],[120.9078382890059,24.537752462706067],[120.90356911822028,24.542658178132456],[120.90868049690744,24.55520606790577],[120.91417518463709,24.559199975098807],[120.91924067361822,24.558001379360235],[120.93132563646896,24.579566531170542],[120.934155400951,24.58054336668306],[120.93892224936235,24.592620431687635],[120.94907496843507,24.601236206685655],[120.95595136736176,24.599990638457257],[120.9666810653789,24.58675351726106],[120.97456220308322,24.58325733086116]]]}},{"type":"Feature","properties":{"district":"Tai'an Township, Miaoli County","constituency_code":"TW-10005180","township_code":"10005180","county":"Miaoli County","township_name_zh":"泰安鄉"},"geometry":{"type":"Polygon","coordinates":[[[121.25893395393894,24.438035683699866],[121.25781396614173,24.42518910839067],[121.24999762728874,24.42490656748413],[121.24363989346637,24.419627335733026],[121.24198786584736,24.414094465487267],[121.24356897382916,24.40571746139176],[121.23466112601022,24.397336964329497],[121.23186120642958,24.383858170118515],[121.21587554122334,24.37945470986699],[121.21124916421763,24.38839207883143],[121.21029213537383,24.396121138479828],[121.20719737395973,24.397905402412448],[121.19718670820009,24.39658821667291],[121.19671538340833,24.391519348039537],[121.19023581752901,24.38162151751908],[121.1832973725758,24.38101143003354],[121.173423735617,24.37334400002561],[121.17417745562511,24.368919931809444],[121.16836920307628,24.36091161557863],[121.14840800112836,24.357879942505406],[121.14096002278689,24.359643379038744],[121.13122729070699,24.349357339069968],[121.12844011901632,24.34217139889097],[121.12412622044883,24.340554066217237],[121.12157967406279,24.330678915699423],[121.1148734727326,24.32863718755624],[121.10847659142166,24.33095356505504],[121.09192565374599,24.318629723383083],[121.08644338835177,24.317679288368538],[121.08147334981527,24.32413605643393],[121.07307579800977,24.32282334212357],[121.07385507585116,24.319194733250413],[121.07021296635537,24.315759326631678],[121.06480236793504,24.315437417902558],[121.05535385759447,24.310400430235745],[121.04930484664146,24.296047990522368],[121.03413358319835,24.297816894933817],[121.02936646768842,24.304707517537963],[121.01801862336083,24.31129555514582],[121.0144952540528,24.320113838582813],[121.00415166916423,24.332299838466838],[120.99177834589398,24.32962026436377],[120.98558597221495,24.33166037102933],[120.98198465686653,24.33590379152679],[120.96648831728203,24.33345996300693],[120.96016077460013,24.335054465491226],[120.95678636180116,24.339298065853086],[120.94245901317299,24.339135955859717],[120.93564415575327,24.342915478166844],[120.91660581021006,24.335127572279703],[120.92244666138436,24.303594966234755],[120.90982361976432,24.29397203148409],[120.91434132449263,24.30790949702572],[120.90289023439686,24.327524767554053],[120.91111103704475,24.335781532291946],[120.90613051331263,24.336597067200955],[120.90543905786626,24.339864684607562],[120.90972745345925,24.34823430077239],[120.90820271138614,24.36422900776256],[120.91355469559278,24.36696477870163],[120.91428300975315,24.387967892903987],[120.91960620486248,24.398788519574566],[120.91222508032331,24.40768836252795],[120.91152897987854,24.413504512023678],[120.90707982867127,24.416609487038272],[120.9071496142634,24.42332754143297],[120.91061562301263,24.4253123352961],[120.91326572453363,24.436322897883485],[120.90996197776315,24.443744821965993],[120.90413097146723,24.447114371231294],[120.91094495654454,24.45258884399999],[120.91199815888797,24.459093088175507],[120.91647659202113,24.465271000756104],[120.91488104542395,24.46759329219674],[120.91649920007808,24.4738884511911],[120.92192411660471,24.480964949273016],[120.9192164036142,24.490283541752092],[120.92120940918699,24.495536498910326],[120.92975715946545,24.498097124183005],[120.93310246570627,24.49676498991238],[120.94955411373144,24.506525817712372],[120.96269911826971,24.504387766782088],[120.96563561968821,24.506555784022282],[120.9792386426493,24.50184979992838],[120.99843097371058,24.50165587461896],[121.00649710016114,24.508808685572433],[121.01226698133621,24.510787218355517],[121.02072127856422,24.50684019821665],[121.02145514154165,24.502519551136402],[121.02590841254323,24.498845759424285],[121.0266787430296,24.492753967721455],[121.03238234866649,24.491808840505655],[121.04780358946414,24.496699620890865],[121.05518486239157,24.49674182967175],[121.05819446700116,24.50038773700453],[121.06678170561133,24.495089777771057],[121.07289142889636,24.498784225111933],[121.08504212679281,24.501319279960853],[121.09807766045571,24.496424509283713],[121.10893381304504,24.500971334959218],[121.11433495509414,24.507099841484546],[121.12323823435713,24.510239306398944],[121.12965715625285,24.506695197825195],[121.1369953201779,24.50665458084427],[121.14502548094129,24.511920248120987],[121.15058611595657,24.50609166549799],[121.15502133936343,24.5067987754432],[121.16913799572194,24.502588425715317],[121.1794171621724,24.50798353691073],[121.18671026646564,24.505361246024734],[121.19542252702809,24.507080629267705],[121.2005228332622,24.511458408478802],[121.20973123091164,24.511529993614374],[121.21581793784765,24.51552173254197],[121.21747214902052,24.509650548134346],[121.22364225008982,24.506306548608393],[121.21867257308088,24.498262185751344],[121.22878481546695,24.492411819749748],[121.22992755611187,24.488914358111174],[121.2344346992021,24.48801813063227],[121.23471905494046,24.483660530409225],[121.24329885166071,24.47729428810095],[121.24442755658652,24.469938230365074],[121.24931087619609,24.46587029277981],[121.25797039421843,24.4633529401861],[121.25804061688098,24.457463474359884],[121.26259317123788,24.45532837500457],[121.25893395393894,24.438035683699866]]]}},{"type":"Feature","properties":{"district":"Changhua City, Changhua County","constituency_code":"TW-10007010","township_code":"10007010","county":"Changhua County","township_name_zh":"彰化市"},"geometry":{"type":"Polygon","coordinates":[[[120.58181228640797,24.109544286839423],[120.6026131421828,24.10294703927451],[120.6124933756688,24.102565799572062],[120.61865823099265,24.075092475137694],[120.6253474342368,24.068948684634165],[120.62569131070552,24.05702558806047],[120.6234306596973,24.052118534442855],[120.62579779673104,24.04671909481044],[120.6162021168343,24.043312465597865],[120.6060891495946,24.043607900084567],[120.59283462381893,24.037790898930893],[120.58490123910099,24.051294089950318],[120.57385007212315,24.054071898799123],[120.57255432442264,24.056325686181538],[120.5581079568168,24.049355550018674],[120.55220678091825,24.050698962687022],[120.5486989330094,24.054722674312018],[120.53427387394015,24.054353952273118],[120.53323211097324,24.0518584010444],[120.52949205001812,24.051930050931162],[120.52257949294926,24.052535443955605],[120.51917115232686,24.056140338605815],[120.51733187326738,24.052143441166947],[120.51107036060876,24.05495591708194],[120.50556717518509,24.05230840650779],[120.5069263736533,24.05458706014474],[120.50388323242532,24.059552710888966],[120.50659117294435,24.061017681321005],[120.5066209656851,24.067120861138903],[120.49980652645013,24.07630073409166],[120.50068346077319,24.078228746559432],[120.50924339057008,24.077827454673354],[120.50968935807748,24.081499765202068],[120.51744884628727,24.07972756657398],[120.51278120299014,24.086239526033353],[120.52199257829488,24.08393952788697],[120.52560661635232,24.090165425593966],[120.54047717977812,24.093971820543118],[120.54165426463271,24.100899998835928],[120.54504396230902,24.103372078658538],[120.5459022842631,24.109481267746332],[120.54790702778712,24.108809109952517],[120.54960364199451,24.113925144429913],[120.5727492560734,24.108294586226236],[120.58181228640797,24.109544286839423]]]}},{"type":"Feature","properties":{"district":"Lukang Township, Changhua County","constituency_code":"TW-10007020","township_code":"10007020","county":"Changhua County","township_name_zh":"鹿港鎮"},"geometry":{"type":"Polygon","coordinates":[[[120.44633650052913,24.126495386852696],[120.45272418537297,24.126314677080757],[120.45685181905628,24.1195136890056],[120.46331668911398,24.115604394527224],[120.46632978669038,24.109215474914265],[120.46266979417567,24.10864526786486],[120.47740581992275,24.102455665896287],[120.48060398898292,24.098742126847753],[120.48444622731165,24.098969180483323],[120.49120142100878,24.089714432674953],[120.4884494056156,24.081858083883503],[120.4927381069781,24.077413470655188],[120.49088892638292,24.074325418183548],[120.47949324171975,24.072251134582245],[120.4816939915845,24.068512007123502],[120.48176238142878,24.057380233011372],[120.47848475186981,24.057010422792814],[120.48029618252292,24.053316614869914],[120.47892204361744,24.046532698625185],[120.46715630501956,24.051826431045015],[120.43852712422745,24.053698612700884],[120.4413959336755,24.048589845644926],[120.4399754491078,24.045992212370777],[120.44496762175845,24.04230184885131],[120.44353424810708,24.04034727220892],[120.433644095099,24.048186405278443],[120.42841806634078,24.05615419625923],[120.42086884681987,24.053282851622328],[120.41892515737015,24.056609567077885],[120.41056268541968,24.059920040777286],[120.4046925909903,24.05756379003691],[120.3424434075373,24.053808044905395],[120.3395715206093,24.059368309399986],[120.34777469024982,24.06961747896355],[120.35919417906814,24.07427664255306],[120.36337033207519,24.080847539982017],[120.37545346840295,24.083015416028672],[120.38417085869821,24.087672018348997],[120.3863457476582,24.097042895613185],[120.38181800739517,24.096853872508234],[120.38031607662572,24.092735700592186],[120.37955019688411,24.094289539330816],[120.39683310896089,24.117493425880923],[120.3984440465556,24.123668795178787],[120.4360929391379,24.124071510691692],[120.44633650052913,24.126495386852696]]]}},{"type":"Feature","properties":{"district":"Hemei Township, Changhua County","constituency_code":"TW-10007030","township_code":"10007030","county":"Changhua County","township_name_zh":"和美鎮"},"geometry":{"type":"Polygon","coordinates":[[[120.54960364199451,24.113925144429913],[120.54790702778712,24.108809109952517],[120.5459022842631,24.109481267746332],[120.54504396230902,24.103372078658538],[120.54131828960749,24.100118564420256],[120.54195527941272,24.095052779562195],[120.53295328786396,24.09052917977789],[120.52560661635232,24.090165425593966],[120.52199257829488,24.08393952788697],[120.51278120299014,24.086239526033353],[120.51744884628727,24.07972756657398],[120.50968935807748,24.081499765202068],[120.50924339057008,24.077827454673354],[120.50234744667739,24.078797807872604],[120.49980652645013,24.07630073409166],[120.4901563647245,24.07896439019453],[120.48845408209024,24.082037229734397],[120.49113467962184,24.0898508319504],[120.48858530576729,24.090830319563622],[120.48593130928259,24.097794569663733],[120.4805083191037,24.098787326773788],[120.47740155893484,24.102325197649805],[120.48034570998664,24.10313505963535],[120.47795020383887,24.10531404140994],[120.47875381103961,24.110353523796164],[120.48663271752594,24.123062761837048],[120.48254847163469,24.12982614566016],[120.48273315281278,24.14141001615934],[120.48576844385866,24.141633197314263],[120.48648197945988,24.138186204729607],[120.50132958499239,24.132020032798323],[120.50628445196594,24.14799258498988],[120.50155010145613,24.150763787418896],[120.50954556637487,24.15215024883497],[120.5093053412686,24.155113666962222],[120.51902469953029,24.161403027128074],[120.5258051246069,24.14901881576577],[120.5236857166226,24.139455337893594],[120.53274638443816,24.126365506762795],[120.54092223807095,24.12365931272717],[120.54960364199451,24.113925144429913]]]}},{"type":"Feature","properties":{"district":"Xianxi Township, Changhua County","constituency_code":"TW-10007040","township_code":"10007040","county":"Changhua County","township_name_zh":"線西鄉"},"geometry":{"type":"Polygon","coordinates":[[[120.45502985014753,24.145734481760996],[120.46561268707592,24.148186183845382],[120.46837216594281,24.14271869071507],[120.48201672049527,24.140203993819284],[120.48325003276284,24.127115940648196],[120.48663271752594,24.123062761837048],[120.47875381103961,24.110353523796164],[120.47959646410561,24.10232685060373],[120.46266979417567,24.10864526786486],[120.46632978669038,24.109215474914265],[120.46331668911398,24.115604394527224],[120.45685181905628,24.1195136890056],[120.4522334981774,24.126552369696128],[120.4360929391379,24.124071510691692],[120.3984440465556,24.123668795178787],[120.40114439409854,24.12896944158649],[120.4008337367876,24.136921501626034],[120.40711897715914,24.139556737353587],[120.41270479409104,24.151110342968025],[120.40834846011342,24.155705108803772],[120.41499951051901,24.157556764333265],[120.41639266828713,24.170479095833684],[120.42473552692309,24.177593619949675],[120.43966454628185,24.155916098749003],[120.45502985014753,24.145734481760996]]]}},{"type":"Feature","properties":{"district":"Shengang Township, Changhua County","constituency_code":"TW-10007050","township_code":"10007050","county":"Changhua County","township_name_zh":"伸港鄉"},"geometry":{"type":"Polygon","coordinates":[[[120.45655962662556,24.20718331715642],[120.50438796613184,24.191143340992426],[120.50811108116147,24.18716370873824],[120.51971306310747,24.161481302320283],[120.5093053412686,24.155113666962222],[120.50954556637487,24.15215024883497],[120.50155010145613,24.150763787418896],[120.50628445196594,24.14799258498988],[120.50149869171128,24.132115346546072],[120.48648197945988,24.138186204729607],[120.48549937299777,24.14172703167725],[120.48201672049527,24.140203993819284],[120.46837216594281,24.14271869071507],[120.46561268707592,24.148186183845382],[120.45572467715215,24.147316191389166],[120.45548659962697,24.145619391921457],[120.45129095111656,24.146707430403637],[120.43966454628185,24.155916098749003],[120.42473552692309,24.177593619949675],[120.42471460779302,24.183299508965206],[120.43270599068899,24.186651296620084],[120.43916377318965,24.185729625521844],[120.44395694565662,24.188940021764665],[120.45655962662556,24.20718331715642]]]}},{"type":"Feature","properties":{"district":"Fuxing Township, Changhua County","constituency_code":"TW-10007060","township_code":"10007060","county":"Changhua County","township_name_zh":"福興鄉"},"geometry":{"type":"Polygon","coordinates":[[[120.41500556925166,24.05783457320706],[120.42086884681987,24.053282851622328],[120.42841806634078,24.05615419625923],[120.433644095099,24.048186405278443],[120.44493649352444,24.04017120833464],[120.44343878866925,24.04448213824014],[120.4399754491078,24.045992212370777],[120.4413959336755,24.048589845644926],[120.43852712422745,24.053698612700884],[120.46715630501956,24.051826431045015],[120.47883836799633,24.046524737826417],[120.47973460177047,24.053999347791716],[120.48162736171344,24.054087942704427],[120.48369221772168,24.0467229762844],[120.48902990630518,24.04701918688602],[120.48919336887889,24.04428724975685],[120.48389570822042,24.043899978301397],[120.48559713649877,24.041192856165424],[120.48285120591845,24.040138260772153],[120.48488368813173,24.035163857825808],[120.4880019928977,24.033322547197827],[120.48829443713862,24.032302425516548],[120.49153435092967,24.029780445910887],[120.49167172057355,24.028958555492977],[120.48046877141678,24.026475774637333],[120.495727338346,24.015482080633547],[120.49407181955894,24.01164586056808],[120.49744605069475,24.01085569823192],[120.4935665948226,24.009209123202538],[120.49601666463741,24.005457623770383],[120.48634585897423,24.011012024685215],[120.46182169031886,24.01280799958954],[120.44230058420465,24.026570341947775],[120.44178286518718,24.024007212063225],[120.43545054530648,24.02287065965328],[120.43510183228375,24.0192901788987],[120.42778620087256,24.013662794402478],[120.42695861055154,24.011112877357448],[120.42993314250054,24.008798132128163],[120.42903407046606,24.004791831377986],[120.4263844806593,24.005011170629075],[120.42582136116698,24.00033476883459],[120.42384535547887,24.000533149385376],[120.4249376171773,23.99367280515588],[120.41187553552766,23.997952720141996],[120.41257061434248,23.99640315857897],[120.40398092957628,24.002950656547625],[120.39824639445555,24.003085010764664],[120.39010228509244,24.007246619036266],[120.38559555658969,24.01988493384266],[120.37410317502156,24.03769137635601],[120.34185357818012,24.047892018501898],[120.3424434075373,24.053808044905395],[120.34902265876872,24.054768203389926],[120.4046925909903,24.05756379003691],[120.41046817746451,24.059919676551885],[120.41500556925166,24.05783457320706]]]}},{"type":"Feature","properties":{"district":"Xiushui Township, Changhua County","constituency_code":"TW-10007070","township_code":"10007070","county":"Changhua County","township_name_zh":"秀水鄉"},"geometry":{"type":"Polygon","coordinates":[[[120.49980652645013,24.07630073409166],[120.5066209656851,24.067120861138903],[120.50659117294435,24.061017681321005],[120.50388323242532,24.059552710888966],[120.5069263736533,24.05458706014474],[120.50556717518509,24.05230840650779],[120.51107036060876,24.05495591708194],[120.51741972534012,24.052179168533826],[120.52138652876533,24.033549959662935],[120.52562495802545,24.025916909837576],[120.52500893681304,24.02079877544321],[120.53167264697515,24.017989939983806],[120.53516848533741,24.011768966065006],[120.52877721129937,24.01094688768876],[120.52848626892626,24.006558732999167],[120.52551242675713,24.00785015496075],[120.52664183315414,24.001048041833712],[120.52105103307872,23.99879316177504],[120.52133558397009,23.996231040030523],[120.5058252707197,23.990796755266103],[120.50110081005437,23.991763637981535],[120.50339436275965,23.993280215109905],[120.49532743141594,24.001443749829264],[120.49447571318365,24.005547073039054],[120.49604088068213,24.005654922436747],[120.4935665948226,24.009209123202538],[120.49744605069475,24.01085569823192],[120.49407181955894,24.01164586056808],[120.495727338346,24.015482080633547],[120.48045892384027,24.02655019623461],[120.49167172057355,24.028958555492977],[120.48286055077381,24.040085218757895],[120.48559713649877,24.041192856165424],[120.48389570822042,24.043899978301397],[120.48919336887889,24.04428724975685],[120.48902990630518,24.04701918688602],[120.48369221772168,24.0467229762844],[120.48162736171344,24.054087942704427],[120.478947476445,24.055054744480913],[120.47848475186981,24.057010422792814],[120.48176238142878,24.057380233011372],[120.4816939915845,24.068512007123502],[120.47949324171975,24.072251134582245],[120.49083661281952,24.0743024818741],[120.49276639515313,24.07723392910259],[120.49980652645013,24.07630073409166]]]}},{"type":"Feature","properties":{"district":"Huatan Township, Changhua County","constituency_code":"TW-10007080","township_code":"10007080","county":"Changhua County","township_name_zh":"花壇鄉"},"geometry":{"type":"Polygon","coordinates":[[[120.59283462381893,24.037790898930893],[120.5954474745214,24.024455075341507],[120.60510369857684,24.009592825248717],[120.5937496102564,24.011130897073315],[120.57880207925257,24.00565076666959],[120.55507391133199,24.00200694576398],[120.55213134848304,24.007758613868987],[120.54592654797182,24.0081052116862],[120.5418782129093,24.01183210296921],[120.53484335343808,24.012841447175106],[120.53162929425662,24.018016307206835],[120.52646167286798,24.018620488844533],[120.51750286316667,24.052786911486805],[120.51917115232686,24.056140338605815],[120.52257949294926,24.052535443955605],[120.52949205001812,24.051930050931162],[120.53323211097324,24.0518584010444],[120.53427387394015,24.054353952273118],[120.5487286645963,24.054720288410635],[120.55220678091825,24.050698962687022],[120.5581079568168,24.049355550018674],[120.57255432442264,24.056325686181538],[120.57385007212315,24.054071898799123],[120.58490123910099,24.051294089950318],[120.59283462381893,24.037790898930893]]]}},{"type":"Feature","properties":{"district":"Fenyuan Township, Changhua County","constituency_code":"TW-10007090","township_code":"10007090","county":"Changhua County","township_name_zh":"芬園鄉"},"geometry":{"type":"Polygon","coordinates":[[[120.65571714313171,24.030683519029253],[120.67864638572223,24.01403093008338],[120.67599407186901,24.0107122410771],[120.6700899830663,24.009958861912025],[120.67369765842022,24.008082718742514],[120.67258145856749,24.005846773010205],[120.64620084819069,24.009149358755963],[120.64247385078761,24.008956619652338],[120.64034789753748,24.00572946094593],[120.63809471180161,24.00740371261128],[120.63682781615091,23.994511720639423],[120.65020657877062,23.98418787946713],[120.64631533008844,23.973240830599877],[120.64685271278256,23.9633769944528],[120.63540847102422,23.952245159186816],[120.62542267421713,23.959272848363298],[120.62880493809746,23.959733634000088],[120.62680929841042,23.96213423210918],[120.62825931941211,23.962724257518516],[120.62151384918491,23.967782091470383],[120.62464348900585,23.96802454419742],[120.61620896427235,23.983540006066505],[120.61294801174142,23.98334051215494],[120.61107651357031,23.987308765287366],[120.61168684117479,23.983759744616577],[120.60770189302798,23.986440493234227],[120.60839310206006,23.989884104367945],[120.61082466202856,23.990599220077968],[120.60798662917966,23.993701326255234],[120.61141299131657,23.994334028092965],[120.60618904358955,23.99915805539996],[120.6093347048328,23.998728814383355],[120.60353681337335,24.006277591437765],[120.60496785508246,24.010269277305326],[120.5954474745214,24.024455075341507],[120.59517624258956,24.03277222955478],[120.59196527977394,24.03581656148515],[120.60603589534037,24.0435914577796],[120.6162021168343,24.043312465597865],[120.62579779673104,24.04671909481044],[120.62811325871996,24.03835027994154],[120.62422923069448,24.033371010763574],[120.62532046087063,24.03008174217871],[120.63614605539624,24.03105029403588],[120.64464298768382,24.02587807891024],[120.64626004516504,24.02690116745498],[120.64516133262941,24.034298359281934],[120.65181006997886,24.028514089853388],[120.65571714313171,24.030683519029253]]]}},{"type":"Feature","properties":{"district":"Yuanlin City, Changhua County","constituency_code":"TW-10007100","township_code":"10007100","county":"Changhua County","township_name_zh":"員林市"},"geometry":{"type":"Polygon","coordinates":[[[120.60879130837225,23.990146793639667],[120.60770189302798,23.986440493234227],[120.61168684117479,23.983759744616577],[120.60994446946177,23.986858079936496],[120.61107651357031,23.987308765287366],[120.61294801174142,23.98334051215494],[120.61620896427235,23.983540006066505],[120.62464348900585,23.96802454419742],[120.62151384918491,23.967782091470383],[120.62816568739663,23.96290740984915],[120.62880493809746,23.959733634000088],[120.6253791623185,23.959346144009373],[120.62965800891004,23.956108948868973],[120.62712817732358,23.95652018995486],[120.62694700260215,23.95565382266585],[120.63384533599356,23.953364566921266],[120.62759310074102,23.951770100409874],[120.63465553162757,23.94370779877596],[120.63082932191571,23.944800221453136],[120.63016129111077,23.94295665082882],[120.63765884907673,23.93543258534561],[120.63548641526586,23.937444559418907],[120.62972313871194,23.931170638813967],[120.62384760158557,23.930837409418984],[120.61546960643727,23.933987036672477],[120.6000945629138,23.935183189852353],[120.59284267005319,23.933206674248652],[120.58968787529523,23.92494137944118],[120.58114230407409,23.923259948487896],[120.57670915360461,23.93614587812982],[120.57538314731448,23.93329495709662],[120.56150663422386,23.937979272025814],[120.5607940743871,23.945237061741068],[120.56585718286271,23.95061781346135],[120.56324262884436,23.952869791407807],[120.56321726976125,23.957440223387664],[120.5476149522683,23.962828568083978],[120.54401169168625,23.968413011751124],[120.5469627405381,23.975276406481044],[120.54950712495395,23.97476741538395],[120.55050252157412,23.977624896971463],[120.56275222853253,23.980189426201093],[120.5625695636345,23.97249252900707],[120.56783599083838,23.97305707572349],[120.57816044354968,23.975505860407168],[120.57591657838748,23.97861766397409],[120.58952850463686,23.979810891659383],[120.60477153307988,23.99008705347478],[120.60879130837225,23.990146793639667]]]}},{"type":"Feature","properties":{"district":"Xihu Township, Changhua County","constituency_code":"TW-10007110","township_code":"10007110","county":"Changhua County","township_name_zh":"溪湖鎮"},"geometry":{"type":"Polygon","coordinates":[[[120.51223585410139,23.977551246093185],[120.51470180414503,23.975603140072906],[120.51102183768774,23.973788622946643],[120.51051956452636,23.96909302961967],[120.51528956865877,23.965408778792153],[120.51574306888756,23.960621694735494],[120.51234187697605,23.953947569524757],[120.51317394232365,23.944990830962126],[120.50814996424947,23.9349717943129],[120.50165088038386,23.93241659824747],[120.50099797887367,23.928850405921537],[120.49579332340318,23.929424509733394],[120.49026376805853,23.92049965753324],[120.47431968030901,23.921804242871588],[120.46703294951112,23.93163438052227],[120.45558965383952,23.9400480418837],[120.44589948937005,23.958842262860173],[120.44835185245608,23.960348828735505],[120.44747536419675,23.965985405202332],[120.45582567641395,23.961186665032642],[120.46494681284526,23.967508472737904],[120.46578990388105,23.9803311566576],[120.4688411749803,23.983594350299086],[120.47318965967509,23.983456279183997],[120.4781306294251,23.97777297664163],[120.4785106964116,23.980217129816765],[120.47928738420546,23.977594157244596],[120.48315195899579,23.977564820460145],[120.4858636155135,23.97309594262373],[120.50445136204075,23.97339015942839],[120.51223585410139,23.977551246093185]]]}},{"type":"Feature","properties":{"district":"Tianzhong Township, Changhua County","constituency_code":"TW-10007120","township_code":"10007120","county":"Changhua County","township_name_zh":"田中鎮"},"geometry":{"type":"Polygon","coordinates":[[[120.58250792190313,23.876496131091642],[120.5929170349932,23.87700631379039],[120.59273711392677,23.8826720597678],[120.59636317861782,23.883247417234543],[120.59808808639616,23.88133512671476],[120.61736986852463,23.879393168460012],[120.62576664691323,23.8752443944133],[120.62396017332344,23.86892438625148],[120.62015936406351,23.868712641775062],[120.62005931718386,23.86550927912998],[120.62354795287581,23.861967891904726],[120.62224045103608,23.860120666435648],[120.62782115712082,23.857397736016765],[120.62344427363439,23.848898491572186],[120.61943372538622,23.849617949209062],[120.62367218162592,23.847274484130196],[120.61827611265255,23.84451511857793],[120.61978298519671,23.84242342500113],[120.60553562137193,23.834847463239896],[120.60283625139198,23.838517262861444],[120.60110698190181,23.837055331238616],[120.59527325515671,23.839181059658245],[120.60383291335836,23.81878193463865],[120.60189054860996,23.820577064180213],[120.59171993033056,23.820189647933944],[120.5831422838894,23.82807771221667],[120.58071766668706,23.826143485433533],[120.55837751241233,23.84881785206227],[120.56844169233034,23.846467163628745],[120.5731762209059,23.85176437732423],[120.55472973538906,23.86493752794462],[120.5554307901989,23.869937505811322],[120.55174920586126,23.873242269715035],[120.55210283277961,23.876519303922805],[120.55641086147216,23.874302938230073],[120.55786744662544,23.881208905066956],[120.5607053850456,23.882617370195533],[120.5600117352534,23.885968277414122],[120.5705629996828,23.884562473379503],[120.56808910143093,23.888737665910583],[120.57486002966675,23.895479920162245],[120.57546443973217,23.878039256206762],[120.57933483313616,23.87548517170336],[120.58250792190313,23.876496131091642]]]}},{"type":"Feature","properties":{"district":"Dacun Township, Changhua County","constituency_code":"TW-10007130","township_code":"10007130","county":"Changhua County","township_name_zh":"大村鄉"},"geometry":{"type":"Polygon","coordinates":[[[120.60510369857684,24.009592825248717],[120.60350041061554,24.006386284399582],[120.60927521108215,23.99929188441297],[120.60614304416617,23.99928816032042],[120.61141299131657,23.994334028092965],[120.60798662917966,23.993701326255234],[120.6107357316688,23.990501729071582],[120.60477153307988,23.99008705347478],[120.58952850463686,23.979810891659383],[120.57591657838748,23.97861766397409],[120.57816044354968,23.975505860407168],[120.56783599083838,23.97305707572349],[120.5625695636345,23.97249252900707],[120.56250932524517,23.980217041683204],[120.55050252157412,23.977624896971463],[120.54942940104604,23.97474735060979],[120.5446957529067,23.97631400828493],[120.54144890624207,23.97131526338876],[120.53848648816097,23.971158112257115],[120.53184673413955,23.978175892703348],[120.51420075136366,23.977980285661715],[120.50527288733394,23.987328474829326],[120.50736101150153,23.98905585934051],[120.50568335590219,23.99079378750332],[120.50908819546396,23.993188234249658],[120.51679195808242,23.993453398455642],[120.52382100073862,24.001122242197766],[120.52664183315414,24.001048041833712],[120.52551242675713,24.00785015496075],[120.52850632110994,24.006574939681798],[120.52877721129937,24.01094688768876],[120.5371427580319,24.013483804134296],[120.54592654797182,24.0081052116862],[120.55213134848304,24.007758613868987],[120.5551355742474,24.002002602038488],[120.57880207925257,24.00565076666959],[120.5937496102564,24.011130897073315],[120.60510369857684,24.009592825248717]]]}},{"type":"Feature","properties":{"district":"Puyan Township, Changhua County","constituency_code":"TW-10007140","township_code":"10007140","county":"Changhua County","township_name_zh":"埔鹽鄉"},"geometry":{"type":"Polygon","coordinates":[[[120.49458920852521,24.005871679734298],[120.49610845753932,24.000126682800214],[120.50339436275965,23.993280215109905],[120.50110081005437,23.991763637981535],[120.50728323183569,23.989413856964006],[120.5052832160477,23.987300363820793],[120.51223585410139,23.977551246093185],[120.50445136204075,23.97339015942839],[120.4858636155135,23.97309594262373],[120.48315195899579,23.977564820460145],[120.47928738420546,23.977594157244596],[120.4785106964116,23.980217129816765],[120.4781306294251,23.97777297664163],[120.47318965967509,23.983456279183997],[120.4688411749803,23.983594350299086],[120.46578990388105,23.9803311566576],[120.46494681284526,23.967508472737904],[120.45582567641395,23.961186665032642],[120.44747536419675,23.965985405202332],[120.44835185245608,23.960348828735505],[120.44589948937005,23.958842262860173],[120.44063267006175,23.96720825205921],[120.42956937302824,23.971006017114064],[120.42434467796454,23.9764905955646],[120.42413806412037,23.979823220465278],[120.41179859313058,23.997823452490366],[120.4249376171773,23.99367280515588],[120.42384535547887,24.000533149385376],[120.42582136116698,24.00033476883459],[120.4263844806593,24.005011170629075],[120.42903407046606,24.004791831377986],[120.42993314250054,24.008798132128163],[120.42695861055154,24.011112877357448],[120.42778620087256,24.013662794402478],[120.43510183228375,24.0192901788987],[120.43545054530648,24.02287065965328],[120.44178286518718,24.024007212063225],[120.44230058420465,24.026570341947775],[120.46182169031886,24.01280799958954],[120.48634585897423,24.011012024685215],[120.4919038292984,24.009427904873974],[120.49458920852521,24.005871679734298]]]}},{"type":"Feature","properties":{"district":"Puxin Township, Changhua County","constituency_code":"TW-10007150","township_code":"10007150","county":"Changhua County","township_name_zh":"埔心鄉"},"geometry":{"type":"Polygon","coordinates":[[[120.54718239545127,23.97549525829959],[120.54401169168625,23.968413011751124],[120.54497622717122,23.965148163357128],[120.55787307368348,23.958620079053446],[120.56162386265123,23.9589360495591],[120.56585718286271,23.95061781346135],[120.5607940743871,23.945237061741068],[120.56150663422386,23.937979272025814],[120.55588106995549,23.936756584348927],[120.55181807504414,23.932959491087672],[120.5430468531298,23.93429543398713],[120.54388224417028,23.931723190372963],[120.53716633106137,23.929427050318168],[120.53235891153463,23.936564604273144],[120.52819784195685,23.937632942206562],[120.51747649054766,23.936614618270085],[120.51939252404577,23.92939967135777],[120.50756317729883,23.931704123846316],[120.50828094690826,23.937430511109255],[120.51317394232365,23.944990830962126],[120.51234187697605,23.953947569524757],[120.51575719543825,23.9582993601274],[120.51528956865877,23.965408778792153],[120.51051956452636,23.96909302961967],[120.51102183768774,23.973788622946643],[120.51470484745084,23.97585092577964],[120.50880084228515,23.982577846590402],[120.51447892696092,23.977893717820848],[120.53236599549439,23.97798124703695],[120.53848648816097,23.971158112257115],[120.54144890624207,23.97131526338876],[120.5446957529067,23.97631400828493],[120.54718239545127,23.97549525829959]]]}},{"type":"Feature","properties":{"district":"Yongjing Township, Changhua County","constituency_code":"TW-10007160","township_code":"10007160","county":"Changhua County","township_name_zh":"永靖鄉"},"geometry":{"type":"Polygon","coordinates":[[[120.57538314731448,23.93329495709662],[120.57120946114776,23.9270698831686],[120.57636638240274,23.923241709337447],[120.57706768362675,23.91450984445379],[120.56620687704583,23.911957227643995],[120.56906496747433,23.90486542130219],[120.55676664046814,23.902021764093206],[120.55635749750058,23.89832474738921],[120.55311987518212,23.907450100741585],[120.54619763061623,23.907019920832738],[120.5471218288094,23.901760981384257],[120.5401922709566,23.90081817711723],[120.53792549106856,23.90181908927957],[120.53874350181127,23.90742548989448],[120.53184293720187,23.912121700156376],[120.5245163151759,23.91442033942718],[120.51550193996263,23.91334683129128],[120.49393284822247,23.9269342654041],[120.49591274347836,23.929479837824317],[120.50099797887367,23.928850405921537],[120.50165088038386,23.93241659824747],[120.50723535822522,23.935161663679878],[120.50877189580638,23.933666152271144],[120.50730104830484,23.931956209211762],[120.51112203025752,23.92980726929011],[120.51622865782633,23.931495779706495],[120.51939252404577,23.92939967135777],[120.51627494143543,23.93532437262172],[120.51879935910324,23.937636814687323],[120.53235891153463,23.936564604273144],[120.53716633106137,23.929427050318168],[120.54388224417028,23.931723190372963],[120.5430468531298,23.93429543398713],[120.55181807504414,23.932959491087672],[120.55783057532085,23.93773990037613],[120.56348786137573,23.93845581108684],[120.56739545073947,23.934427905023824],[120.57538314731448,23.93329495709662]]]}},{"type":"Feature","properties":{"district":"Shetou Township, Changhua County","constituency_code":"TW-10007170","township_code":"10007170","county":"Changhua County","township_name_zh":"社頭鄉"},"geometry":{"type":"Polygon","coordinates":[[[120.58559067916656,23.87686819501124],[120.57933483313616,23.87548517170336],[120.57584836481021,23.877421450739405],[120.57487884977911,23.895464296240334],[120.56808910143093,23.888737665910583],[120.56479769425823,23.90148114294044],[120.56452608640984,23.90333681933879],[120.56907420620973,23.904885393446193],[120.56620687704583,23.911957227643995],[120.57709226929285,23.914581145403588],[120.57636638240274,23.923241709337447],[120.57120946114776,23.9270698831686],[120.5763015475784,23.93626723624402],[120.58114230407409,23.923259948487896],[120.58968787529523,23.92494137944118],[120.59284267005319,23.933206674248652],[120.60235219849528,23.935606117628254],[120.62849823150827,23.93136865603867],[120.63726522930699,23.924560647855685],[120.63531441003204,23.921610400299812],[120.63651083031061,23.91943915629207],[120.63353814466973,23.919580908332307],[120.63471394169517,23.913116613840714],[120.63305897689031,23.914200926431647],[120.63260073363699,23.91087905022806],[120.62940318241101,23.91081273781765],[120.63422151431155,23.907668912990005],[120.63136940167658,23.903431012531257],[120.63497667143633,23.901386009956468],[120.63276143079543,23.896271996255678],[120.63439485413926,23.893472288915063],[120.63221108167613,23.89227990119656],[120.63410248813943,23.891832292426386],[120.63211742897624,23.88942809972707],[120.62736336262913,23.88964831221989],[120.62942193237632,23.889099708684682],[120.62958677001347,23.884624821578313],[120.62482543444628,23.8770687474248],[120.59629983217155,23.883248967665793],[120.59273711392677,23.8826720597678],[120.5929170349932,23.87700631379039],[120.58559067916656,23.87686819501124]]]}},{"type":"Feature","properties":{"district":"Ershui Township, Changhua County","constituency_code":"TW-10007180","township_code":"10007180","county":"Changhua County","township_name_zh":"二水鄉"},"geometry":{"type":"Polygon","coordinates":[[[120.68380096784051,23.8013398452577],[120.67837267615812,23.801123249838156],[120.66417005360518,23.792287013235125],[120.64180553579695,23.78561076112777],[120.62832674967979,23.790011334555516],[120.58670085715892,23.791986807844978],[120.58364301381414,23.793268032393826],[120.58185780199608,23.80292026345944],[120.58990800594972,23.811784506749632],[120.59484700888243,23.81253967736427],[120.60434435240995,23.819427739598552],[120.5952894447521,23.83920601404634],[120.60110698190181,23.837055331238616],[120.60283625139198,23.838517262861444],[120.60553562137193,23.834847463239896],[120.6155571167676,23.84060696264129],[120.61717690279193,23.837624929446974],[120.62084968456531,23.84165707131683],[120.6222447201178,23.83866111032205],[120.62612470479132,23.841918142708153],[120.62905666193546,23.838676457252745],[120.62492428792564,23.8365937488025],[120.62997821162526,23.837345391376743],[120.6282726635526,23.835822464135447],[120.63105882260663,23.835644321927987],[120.62910518395711,23.83440238426266],[120.63364745096919,23.83408913150828],[120.62424409199127,23.831748598219292],[120.62374071985835,23.829349709721384],[120.63705417011397,23.83278950772967],[120.63845041705315,23.83141158627575],[120.63435253384239,23.831112942108632],[120.63719590776498,23.830555473955997],[120.63818526273974,23.82891714481042],[120.63604453812502,23.827915675068425],[120.63945462523088,23.827417319353856],[120.63772731716199,23.826381533281165],[120.64000904198372,23.825106497866614],[120.63702224148335,23.82585395679473],[120.63675913582551,23.82575463386928],[120.63496327963173,23.825896092730545],[120.63386372353204,23.825841228689796],[120.63919191347611,23.82456275606637],[120.63776094461195,23.82177902967851],[120.64797590846149,23.81663763162146],[120.65111744271587,23.81246361450428],[120.67621625117908,23.819361962284802],[120.67881892785135,23.816294602314088],[120.67898389229288,23.805943079109852],[120.68341332136777,23.805417968564427],[120.68380096784051,23.8013398452577]]]}},{"type":"Feature","properties":{"district":"Beidou Township, Changhua County","constituency_code":"TW-10007190","township_code":"10007190","county":"Changhua County","township_name_zh":"北斗鎮"},"geometry":{"type":"Polygon","coordinates":[[[120.50025868848775,23.894915540719694],[120.51526985282146,23.890361711124115],[120.52520753589909,23.882537495109375],[120.53726076707085,23.88519911514709],[120.5446865564395,23.882864599221932],[120.54818393264247,23.87068427046279],[120.5549866033491,23.869930604413923],[120.55474988649814,23.864912239008675],[120.5731762209059,23.85176437732423],[120.56844169233034,23.846467163628745],[120.55837288450107,23.848849000980636],[120.56277046948162,23.843268820100036],[120.55985511831909,23.84096039800403],[120.54203666805779,23.8509569632933],[120.53112287252259,23.852478772677273],[120.5354619557047,23.84148083027617],[120.53223181394708,23.843109714741615],[120.5218440930305,23.854453009398924],[120.5233452638729,23.858131394848044],[120.51858167190665,23.864170488976924],[120.51244492489343,23.863776604806503],[120.51049383762052,23.865931786922488],[120.51392636910668,23.870129361780698],[120.5076070093561,23.870930385229144],[120.50251310899284,23.875281904236545],[120.49961962034922,23.88303376889337],[120.50025868848775,23.894915540719694]]]}},{"type":"Feature","properties":{"district":"Erlin Township, Changhua County","constituency_code":"TW-10007200","township_code":"10007200","county":"Changhua County","township_name_zh":"二林鎮"},"geometry":{"type":"Polygon","coordinates":[[[120.41257061434248,23.99640315857897],[120.42413806412037,23.979823220465278],[120.42372486521037,23.977219596807004],[120.42956937302824,23.971006017114064],[120.44093218836986,23.966940692958644],[120.45558965383952,23.9400480418837],[120.4667075774928,23.931449914282155],[120.45976418357031,23.92727863739924],[120.45901488822653,23.929145109259423],[120.44584592484966,23.930345241939392],[120.44552768265646,23.91889130459009],[120.44748747446738,23.915646645975983],[120.44575699628842,23.90925939640408],[120.447370888156,23.909002065293123],[120.44372677227284,23.908106661593195],[120.44388627333296,23.901000559628187],[120.44167617501557,23.900599959320743],[120.44109651519204,23.89466347424002],[120.44687420338187,23.891694854434036],[120.4480621925162,23.88593908272253],[120.44499017855401,23.885057895505497],[120.44757248827977,23.876000187358784],[120.43544042523547,23.87606105707215],[120.42990786255791,23.880289090169413],[120.42581517293195,23.87827771594391],[120.42094482064704,23.885777771327128],[120.41301795961124,23.88611336054322],[120.41123673178981,23.891482605437943],[120.40760480801555,23.886842975123272],[120.40129237574263,23.885045428204023],[120.40305430231422,23.88039908894683],[120.4002944709132,23.8757312765772],[120.40371694887813,23.873659931960333],[120.40279601432462,23.870043942374082],[120.39969953880268,23.869658650326528],[120.39974605713485,23.86406406500464],[120.38348360848181,23.86211596438028],[120.37128066626974,23.86331446479079],[120.36833188011224,23.853717756968933],[120.3672245952389,23.855183422576943],[120.36551725301888,23.853196772513115],[120.36082141777422,23.856631626948058],[120.3564309779074,23.85488990454553],[120.35485488724328,23.85949803250827],[120.34915887368311,23.858658767188388],[120.35041885174871,23.86623420824219],[120.3415181850163,23.869882526657307],[120.35001114769636,23.892230942104334],[120.34959550083181,23.89707622488794],[120.35447586796704,23.89554072332578],[120.3537515467965,23.901186423414742],[120.3619362308724,23.90038692881376],[120.36046323668904,23.906153271156597],[120.36307346496847,23.907421897102893],[120.3610549321395,23.914399832186575],[120.36414707652648,23.914479820587303],[120.36451375890294,23.92147660815897],[120.3814318043344,23.92564223370215],[120.38307158948237,23.931960372173478],[120.38051101816905,23.94846739415499],[120.38421953810132,23.948327528892378],[120.3868348439529,23.94529920309577],[120.39150713314768,23.9530979629007],[120.39670390965773,23.950866436436968],[120.39840941636157,23.957686998256406],[120.40185683612413,23.957877266023047],[120.39966410551415,23.963560986750167],[120.40274380867993,23.97099966520244],[120.40188716935745,23.983344263227195],[120.40751966470077,23.989245168429818],[120.405688700773,23.99143965721447],[120.40881422709492,23.998725456314787],[120.41257061434248,23.99640315857897]]]}},{"type":"Feature","properties":{"district":"Tianwei Township, Changhua County","constituency_code":"TW-10007210","township_code":"10007210","county":"Changhua County","township_name_zh":"田尾鄉"},"geometry":{"type":"Polygon","coordinates":[[[120.49637348594763,23.925538790982444],[120.51550193996263,23.91334683129128],[120.5245163151759,23.91442033942718],[120.53184293720187,23.912121700156376],[120.53874350181127,23.90742548989448],[120.53792549106856,23.90181908927957],[120.5401922709566,23.90081817711723],[120.5471218288094,23.901760981384257],[120.54732543621992,23.907174371300243],[120.5533708318984,23.907271395558496],[120.55635749750058,23.89832474738921],[120.55676664046814,23.902021764093206],[120.56448991477782,23.903555259267875],[120.57062385680558,23.884645851325047],[120.56002527814417,23.88598079597699],[120.5607053850456,23.882617370195533],[120.55786744662544,23.881208905066956],[120.55641086147216,23.874302938230073],[120.55210283277961,23.876519303922805],[120.55174920586126,23.873242269715035],[120.5554184595943,23.86987523765214],[120.54827191961351,23.870658100191235],[120.54658774302993,23.87948000789612],[120.54311797961111,23.883753438770214],[120.53726076707085,23.88519911514709],[120.52520753589909,23.882537495109375],[120.51156145699565,23.89211096624814],[120.49029520655859,23.89824627164819],[120.4739312082587,23.913206833828383],[120.4748886930588,23.922000657504384],[120.48393998364338,23.91956071945168],[120.49026376805853,23.92049965753324],[120.49077948518516,23.92387047664124],[120.49637348594763,23.925538790982444]]]}},{"type":"Feature","properties":{"district":"Pitou Township, Changhua County","constituency_code":"TW-10007220","township_code":"10007220","county":"Changhua County","township_name_zh":"埤頭鄉"},"geometry":{"type":"Polygon","coordinates":[[[120.4748886930588,23.922000657504384],[120.4739312082587,23.913206833828383],[120.4823381462885,23.903735631794007],[120.4998918226496,23.895194814389242],[120.49968617917386,23.882477521120734],[120.50730649909576,23.8701891657974],[120.49418875300864,23.86636461353612],[120.48605973876602,23.867745465880603],[120.48570793477347,23.859439671903374],[120.48804029862094,23.8541157285581],[120.4824341012528,23.850317061483224],[120.48057588337042,23.851271193610728],[120.48211042355729,23.858418441358026],[120.4752822597685,23.857584862451517],[120.47561234243574,23.84776615428467],[120.4642195688781,23.82536800542914],[120.45780505635832,23.838242752900783],[120.44456331894207,23.850366033165926],[120.44368331253486,23.855274671388997],[120.44737505921171,23.855920655314037],[120.44209626722898,23.86903264663937],[120.4421069565708,23.874586492672563],[120.44732423042899,23.875432267285362],[120.44804745892316,23.879164623748466],[120.44499017855401,23.885057895505497],[120.44806969735873,23.88620917341467],[120.44685246946597,23.89172257783474],[120.44109651519204,23.89466347424002],[120.4413074745604,23.898832702467303],[120.44388627333296,23.901000559628187],[120.44372677227284,23.908106661593195],[120.447370888156,23.909002065293123],[120.44575699628842,23.90925939640408],[120.44748747446738,23.915646645975983],[120.44552768265646,23.91889130459009],[120.44584592484966,23.930345241939392],[120.45901488822653,23.929145109259423],[120.45976418357031,23.92727863739924],[120.46703294951112,23.93163438052227],[120.4748886930588,23.922000657504384]]]}},{"type":"Feature","properties":{"district":"Fangyuan Township, Changhua County","constituency_code":"TW-10007230","township_code":"10007230","county":"Changhua County","township_name_zh":"芳苑鄉"},"geometry":{"type":"Polygon","coordinates":[[[120.37939363840576,24.027696776085406],[120.38559555658969,24.01988493384266],[120.39010228509244,24.007246619036266],[120.39824639445555,24.003085010764664],[120.40398092957628,24.002950656547625],[120.40883160649355,23.998690741584483],[120.405688700773,23.99143965721447],[120.40751966470077,23.989245168429818],[120.40185776422447,23.983218316771968],[120.40274380867993,23.97099966520244],[120.39966410551415,23.963560986750167],[120.40185683612413,23.957877266023047],[120.39840941636157,23.957686998256406],[120.39670390965773,23.950866436436968],[120.39150713314768,23.9530979629007],[120.3868348439529,23.94529920309577],[120.38421953810132,23.948327528892378],[120.38051101816905,23.94846739415499],[120.38307158948237,23.931960372173478],[120.3814318043344,23.92564223370215],[120.36451375890294,23.92147660815897],[120.36414707652648,23.914479820587303],[120.3610549321395,23.914399832186575],[120.36307346496847,23.907421897102893],[120.36046323668904,23.906153271156597],[120.36198951390497,23.90049306140571],[120.3537515467965,23.901186423414742],[120.35447586796704,23.89554072332578],[120.34959550083181,23.89707622488794],[120.35001114769636,23.892230942104334],[120.3435925000939,23.877666357716294],[120.33087363750838,23.879640665484374],[120.32385958475209,23.878149852134015],[120.3207182483485,23.884544969874526],[120.32412630928184,23.889060767140734],[120.3184116851512,23.890858174665084],[120.31897920862366,23.893484780498284],[120.31218666967914,23.894604368097134],[120.3104472639302,23.888718974401172],[120.30611351552636,23.889567625945233],[120.30662139146409,23.893163731521042],[120.28706168015253,23.900425588869894],[120.26064566436594,23.918350574619353],[120.26914245186276,23.93058690506166],[120.27881118458856,23.933594801858646],[120.28283337995663,23.954505753537774],[120.30692106175763,23.97222252375053],[120.30874342546872,23.987104319708635],[120.31645833968071,23.99923171617081],[120.3352928376944,24.015743138535072],[120.34185357818012,24.047892018501898],[120.37410317502156,24.03769137635601],[120.37939363840576,24.027696776085406]]]}},{"type":"Feature","properties":{"district":"Dacheng Township, Changhua County","constituency_code":"TW-10007240","township_code":"10007240","county":"Changhua County","township_name_zh":"大城鄉"},"geometry":{"type":"Polygon","coordinates":[[[120.29742932999966,23.89538582949251],[120.30662139146409,23.893163731521042],[120.30611351552636,23.889567625945233],[120.3104294672462,23.888710704235677],[120.31218666967914,23.894604368097134],[120.31897920862366,23.893484780498284],[120.3184116851512,23.890858174665084],[120.32412630928184,23.889060767140734],[120.3207182483485,23.884544969874526],[120.32385958475209,23.878149852134015],[120.33087363750838,23.879640665484374],[120.3435925000939,23.877666357716294],[120.3415181850163,23.869882526657307],[120.35041885174871,23.86623420824219],[120.34925377194406,23.858547718902173],[120.35485488724328,23.85949803250827],[120.3564309779074,23.85488990454553],[120.36293621403513,23.855753316662287],[120.36630185124955,23.85213359309091],[120.36565460377699,23.847143518558596],[120.37001955775645,23.844589688563303],[120.37773993265182,23.84465157181262],[120.3776954701699,23.842201376992023],[120.37070943489255,23.840015944380355],[120.3751692799384,23.828605812108606],[120.37032451696291,23.828559212837433],[120.3581367490118,23.82281292537624],[120.30812627111061,23.820301662092106],[120.25501910634671,23.834251701055223],[120.23785107726542,23.846355023565536],[120.22036234004997,23.866219431481625],[120.2255018378396,23.872509579453606],[120.22615109709557,23.87688035204667],[120.23533041966323,23.885259620635054],[120.24715066347244,23.888442766520484],[120.25522992721937,23.89418724274708],[120.25774282187376,23.89932913093469],[120.25623933707584,23.90789403038525],[120.26089078268353,23.91503758371755],[120.26064566436594,23.918350574619353],[120.29742932999966,23.89538582949251]]]}},{"type":"Feature","properties":{"district":"Zhutang Township, Changhua County","constituency_code":"TW-10007250","township_code":"10007250","county":"Changhua County","township_name_zh":"竹塘鄉"},"geometry":{"type":"Polygon","coordinates":[[[120.4421069565708,23.874586492672563],[120.44209626722898,23.86903264663937],[120.44737505921171,23.855920655314037],[120.44368331253486,23.855274671388997],[120.44464546391714,23.85015830236381],[120.45884021560357,23.835109758608496],[120.45479705164269,23.830918780277557],[120.45533788683406,23.81666275058552],[120.43310952908155,23.83014825104101],[120.41033550138229,23.826376145442794],[120.3751692799384,23.828605812108606],[120.37070943489255,23.840015944380355],[120.3776954701699,23.842201376992023],[120.37773993265182,23.84465157181262],[120.37001955775645,23.844589688563303],[120.36562067865145,23.847187632103612],[120.36551725301888,23.853196772513115],[120.3672245952389,23.855183422576943],[120.3684223492121,23.853856069102335],[120.37128066626974,23.86331446479079],[120.38348360848181,23.86211596438028],[120.39974605713485,23.86406406500464],[120.39969953880268,23.869658650326528],[120.40279601432462,23.870043942374082],[120.40371694887813,23.873659931960333],[120.4002944709132,23.8757312765772],[120.40305430231422,23.88039908894683],[120.40129237574263,23.885045428204023],[120.40760480801555,23.886842975123272],[120.41123673178981,23.891482605437943],[120.41301795961124,23.88611336054322],[120.42094482064704,23.885777771327128],[120.42581517293195,23.87827771594391],[120.42990786255791,23.880289090169413],[120.4421069565708,23.874586492672563]]]}},{"type":"Feature","properties":{"district":"Xizhou Township, Changhua County","constituency_code":"TW-10007260","township_code":"10007260","county":"Changhua County","township_name_zh":"溪州鄉"},"geometry":{"type":"Polygon","coordinates":[[[120.56277046948162,23.843268820100036],[120.58071766668706,23.826143485433533],[120.5831422838894,23.82807771221667],[120.59362840053029,23.819630509740307],[120.60280457547083,23.81989922806696],[120.58304755110362,23.8051073004616],[120.58364301381414,23.793268032393826],[120.55122459174163,23.801128488389054],[120.53547056401533,23.801294498742152],[120.52781834603991,23.799059157354293],[120.50956511134086,23.800272859904624],[120.48316688414445,23.806569072005118],[120.45533788683406,23.81666275058552],[120.45482726886348,23.83107201845894],[120.45884021560357,23.835109758608496],[120.4642195688781,23.82536800542914],[120.46624532955832,23.827044342622344],[120.47108846835818,23.841955188481222],[120.47561234243574,23.84776615428467],[120.4752822597685,23.857584862451517],[120.48211042355729,23.858418441358026],[120.48057588337042,23.851271193610728],[120.4824341012528,23.850317061483224],[120.48804029862094,23.8541157285581],[120.48570793477347,23.859439671903374],[120.48628026512222,23.86783885238117],[120.49418875300864,23.86636461353612],[120.50732311047318,23.871083359009845],[120.51342604297758,23.870367039107634],[120.51049383762052,23.865931786922488],[120.51244492489343,23.863776604806503],[120.51858167190665,23.864170488976924],[120.5233452638729,23.858131394848044],[120.5218440930305,23.854453009398924],[120.53223181394708,23.843109714741615],[120.5354619557047,23.84148083027617],[120.53142038804049,23.85251596773776],[120.54203666805779,23.8509569632933],[120.55985511831909,23.84096039800403],[120.56277046948162,23.843268820100036]]]}},{"type":"Feature","properties":{"district":"Nantou City, Nantou County","constituency_code":"TW-10008010","township_code":"10008010","county":"Nantou County","township_name_zh":"南投市"},"geometry":{"type":"Polygon","coordinates":[[[120.7344734627801,23.949257750744664],[120.73178725078105,23.94286941029509],[120.7347582555891,23.929625223125583],[120.7294823207526,23.928337029730187],[120.72588839693208,23.9306587878728],[120.72211403403549,23.923936669441787],[120.71123282813255,23.92083050462412],[120.71710430661847,23.919267049434836],[120.71693276813278,23.91619772804279],[120.72044810199839,23.914166470706107],[120.71674204980582,23.911543291289888],[120.71717789184629,23.90722881445828],[120.71210969860374,23.899511105153408],[120.70709158860598,23.89590343159813],[120.7242635207449,23.890508641460713],[120.72426924133254,23.883235508412042],[120.72772476038949,23.880981376589318],[120.72472510947625,23.87860515460426],[120.71454912494221,23.890290845446202],[120.70917955269431,23.88818013750341],[120.7030211554021,23.889042494715397],[120.68315333545809,23.8804086721226],[120.66167575693066,23.88212722798926],[120.6425613952922,23.88886809638558],[120.62730767121207,23.8895028990396],[120.63211742897624,23.88942809972707],[120.63410248813943,23.891832292426386],[120.63221108167613,23.89227990119656],[120.63439485413926,23.893472288915063],[120.63276143079543,23.896271996255678],[120.63497667143633,23.901386009956468],[120.63136940167658,23.903431012531257],[120.63422151431155,23.907668912990005],[120.62940318241101,23.91081273781765],[120.63260073363699,23.91087905022806],[120.63305897689031,23.914200926431647],[120.63471394169517,23.913116613840714],[120.63353814466973,23.919580908332307],[120.63645582147899,23.91936925648605],[120.63532194725008,23.92165512268582],[120.6374107153323,23.924084302148856],[120.6278328851796,23.931167421039675],[120.63548641526586,23.937444559418907],[120.63765884907673,23.93543258534561],[120.63016129111077,23.94295665082882],[120.63082932191571,23.944800221453136],[120.63465553162757,23.94370779877596],[120.62759310074102,23.951770100409874],[120.63384533599356,23.953364566921266],[120.62703446706712,23.956499635949513],[120.63112726820896,23.956297388313885],[120.63552370025866,23.95226790663861],[120.64685271278256,23.9633769944528],[120.65758681477973,23.95234372038641],[120.66159828033642,23.951105218131374],[120.66452728140894,23.945972031783867],[120.67132462363259,23.944754561074205],[120.67412173642902,23.949600453598123],[120.68034041887529,23.952263804830807],[120.685995305539,23.961265250490953],[120.69334420107407,23.96052714091485],[120.70001954306747,23.965453627982583],[120.70182611648215,23.96075914262036],[120.70910718964512,23.95838720320694],[120.71184252351372,23.95418487273372],[120.72322378125261,23.95162085881566],[120.72693369243598,23.955552371045144],[120.7344734627801,23.949257750744664]]]}},{"type":"Feature","properties":{"district":"Puli Township, Nantou County","constituency_code":"TW-10008020","township_code":"10008020","county":"Nantou County","township_name_zh":"埔里鎮"},"geometry":{"type":"Polygon","coordinates":[[[120.94365831757739,24.053042297364186],[120.94468864026862,24.049649569871804],[120.95007273926558,24.049444251950717],[120.95446623682744,24.044921180068457],[120.95909179185276,24.044824349164458],[120.96501636990956,24.038338734445063],[120.9652023245277,24.034400033035126],[120.97147263165664,24.030894915468025],[120.9763522721397,24.032828989366408],[120.98123720513297,24.031471649796856],[120.99091126274459,24.02020539915992],[121.00321294871867,24.020096228658076],[121.00649460993839,24.014194050914796],[121.00322350855811,24.007346245033204],[121.00891066289682,24.000344712638423],[121.01919736296804,24.000491235582103],[121.0262008585828,24.003963340835583],[121.03399188871481,23.99889939059443],[121.04968407635909,23.997998180871377],[121.05655890596881,24.004815927812842],[121.0583629603824,23.99607501035348],[121.06573462495305,23.991660849068978],[121.06946305137876,23.983527877809365],[121.06132489642687,23.97182458453699],[121.05720290239208,23.968868795358674],[121.05337027871542,23.96970250916354],[121.05645683111788,23.964070238650663],[121.04878484424523,23.95445464416656],[121.04953034265122,23.949993003174598],[121.04481574485078,23.942997617645972],[121.03093543212458,23.94406005962412],[121.02772307985629,23.955367438956216],[121.01702519355786,23.968134369405675],[121.01136717365625,23.967625952975425],[121.00689967717847,23.96384274704519],[121.00628152187483,23.966305437046344],[121.00215666529789,23.966847896413356],[121.00192743260504,23.96260257295046],[121.00549015894376,23.95989404877139],[121.0018758726734,23.958747521081307],[121.00135872472538,23.955796264486082],[121.00458457401896,23.94849722466722],[121.0144433451843,23.945130204295538],[121.01197072396985,23.940719039552107],[121.00515905914335,23.93953958588321],[120.99669090875852,23.930450181130993],[121.00414671839644,23.92588505964784],[121.01465034393823,23.93313627981553],[121.01681646900488,23.930955256579864],[121.00860638267852,23.924233775768187],[121.01061485748971,23.920987565823566],[121.00811876486921,23.920868171828715],[121.00998882862166,23.90763995032347],[121.00393422298612,23.914955302944918],[121.00194650902426,23.92387960745799],[120.9919246862753,23.924550688763304],[120.98830455621032,23.920392570760555],[120.98241370273024,23.919957780926893],[120.98899173088375,23.910978635755498],[120.98548314373215,23.91242301530997],[120.9813909847062,23.91034712102288],[120.98701653728347,23.906571845314488],[120.99091937642811,23.89543979241256],[120.98423252581051,23.9007392292321],[120.98323647898042,23.90367129159688],[120.9860376504173,23.904887396236404],[120.98462272545851,23.907166834082204],[120.97116896297734,23.91757268083461],[120.96738079548743,23.918188126480914],[120.96529640440565,23.93036772409124],[120.96040350701628,23.930694046692963],[120.95803012419094,23.928315635758054],[120.95397380584654,23.931645750650944],[120.94382608250771,23.93313562510906],[120.92860088852024,23.92340120949825],[120.91955842208358,23.928005407423655],[120.90932598170878,23.922786291753994],[120.89325429455016,23.93313895889588],[120.88725230465025,23.925015811830292],[120.87912849298561,23.92597122279375],[120.87921356345521,23.953097579789528],[120.88415970880362,23.958204326968144],[120.88540854426901,23.964963064893595],[120.8995656494352,23.97213021463773],[120.90777333457174,23.971209140689325],[120.90332737955498,23.989739478993783],[120.90961512363913,24.003327886173054],[120.9042413236782,24.003977626566268],[120.9016822965009,24.010460826605936],[120.89075253080466,24.013092783405284],[120.88875053111224,24.01917994000229],[120.90206528088811,24.02986785821514],[120.90338554680557,24.041195780760745],[120.90594600930092,24.04031036043483],[120.91117418114356,24.043616881613843],[120.91394894398866,24.042131001044936],[120.91784538535626,24.048087990668307],[120.92456433367715,24.04787142672501],[120.92693049404716,24.050169816883567],[120.92873314102167,24.04520477318181],[120.93217462166149,24.047450125822706],[120.93720638786453,24.044656097700795],[120.93946054396895,24.046186742923908],[120.94033760689513,24.052836873323088],[120.94365831757739,24.053042297364186]]]}},{"type":"Feature","properties":{"district":"Caotun Township, Nantou County","constituency_code":"TW-10008030","township_code":"10008030","county":"Nantou County","township_name_zh":"草屯鎮"},"geometry":{"type":"Polygon","coordinates":[[[120.83476797076526,23.9704790530659],[120.82134198564415,23.968550176349595],[120.81092687227738,23.971628122240077],[120.79806089589374,23.960313267743174],[120.79322047124776,23.960840759693383],[120.78622033550016,23.956238036656146],[120.78070495976613,23.95958436003025],[120.77589043379658,23.95551659871211],[120.77031399409566,23.964572472241855],[120.76382676958985,23.967853224246937],[120.75710029574213,23.962188847937057],[120.75076943366253,23.960441415738785],[120.74922353234024,23.954237264538165],[120.74236141284894,23.956026516110853],[120.74281833499822,23.951112794020275],[120.73982967200186,23.95190186188148],[120.73839542960548,23.94828176419213],[120.72693369243598,23.955552371045144],[120.72322378125261,23.95162085881566],[120.71184252351372,23.95418487273372],[120.70910718964512,23.95838720320694],[120.70182611648215,23.96075914262036],[120.70001954306747,23.965453627982583],[120.69334420107407,23.96052714091485],[120.685995305539,23.961265250490953],[120.68034041887529,23.952263804830807],[120.67412173642902,23.949600453598123],[120.671227411416,23.94476801493198],[120.66452728140894,23.945972031783867],[120.66159828033642,23.951105218131374],[120.6479868532108,23.9612009696491],[120.64631533008844,23.973240830599877],[120.65009276686771,23.98492067854653],[120.63742934298989,23.993815637281898],[120.63611709183044,23.9984114526265],[120.63813434942074,24.007429395450288],[120.64034789753748,24.00572946094593],[120.64247385078761,24.008956619652338],[120.64620084819069,24.009149358755963],[120.67258145856749,24.005846773010205],[120.67369765842022,24.008082718742514],[120.6700899830663,24.009958861912025],[120.67599407186901,24.0107122410771],[120.678763230139,24.014222312110064],[120.6948829222091,24.007118073540312],[120.70638283739811,24.005191333613197],[120.71924181525765,24.009658738360145],[120.73173128686949,24.009003324144146],[120.7436496179356,24.002169173568575],[120.7460373773232,23.998561168163405],[120.75797396642542,24.006094638756622],[120.77056249116606,24.009073883153235],[120.77135639108462,24.01433936966623],[120.77952723009764,24.020109596180987],[120.78614575112556,24.015745158412358],[120.79860231204714,24.015377728699264],[120.803437693295,24.00855262890076],[120.80988449507345,24.00732945199269],[120.80825262485882,24.001864714385135],[120.81929994093957,23.99839208302825],[120.82241287135696,23.99360252223869],[120.82529856467704,23.994864425752723],[120.83086826575789,23.99262946567734],[120.83552027524058,23.98371638110615],[120.83320054596845,23.975298122410493],[120.83476797076526,23.9704790530659]]]}},{"type":"Feature","properties":{"district":"Zhushan Township, Nantou County","constituency_code":"TW-10008040","township_code":"10008040","county":"Nantou County","township_name_zh":"竹山鎮"},"geometry":{"type":"Polygon","coordinates":[[[120.76394142955337,23.81694711801515],[120.7599897617182,23.80796036098195],[120.75622253134486,23.805542197314594],[120.76011122415377,23.79868133327693],[120.75311638001699,23.79038023106284],[120.74549781107521,23.789145067091226],[120.741459535829,23.784559825975236],[120.73186084680071,23.783616464128556],[120.73061031881127,23.77900717604041],[120.72115864735372,23.77928191982477],[120.71946991030813,23.775027180460086],[120.71382469495381,23.773242944406434],[120.72514945818102,23.759710838384535],[120.7300098351858,23.76108702054961],[120.73210836810676,23.756877836343108],[120.73950371452486,23.754398862317714],[120.74223361109239,23.750186289465717],[120.7375036735558,23.74414515117786],[120.72809577030364,23.739631355802487],[120.7321252339924,23.739492599404002],[120.73061559603298,23.736966375897566],[120.73555048007063,23.733799139918403],[120.73325411338669,23.728464949697695],[120.73653773243052,23.72608804152992],[120.7328603002627,23.71457051311876],[120.73664904331872,23.70921303135634],[120.73120390283793,23.700595964931892],[120.74147456979563,23.68964289510359],[120.7579647222941,23.679040831569182],[120.76260690578408,23.67908567086704],[120.76447151245043,23.6739055516],[120.76908117375717,23.671707188535947],[120.77067672664964,23.659611737791522],[120.7801485393237,23.65498812620109],[120.7874257795761,23.656072726575132],[120.80003738002108,23.64927919567839],[120.80393939089026,23.649488815956147],[120.81321603539175,23.641765667551567],[120.81645275209291,23.623190913529868],[120.8232319271118,23.61839340453207],[120.82517022692446,23.61257200209627],[120.81814452794765,23.60797681987441],[120.81823708527338,23.604203783477885],[120.81379189288157,23.60095030341381],[120.80109137826457,23.596624822477622],[120.79491667176706,23.597247554431135],[120.79087122352826,23.60094385617407],[120.77831107959275,23.602032735522357],[120.77004978227171,23.606054885024946],[120.76428218357603,23.61223738324867],[120.75397201749468,23.61473829533611],[120.74748009582981,23.61116368265789],[120.74438799011375,23.61266545514667],[120.73739767945938,23.609631960046954],[120.7308645877306,23.61080677591201],[120.7306762004464,23.618274022228377],[120.72308734240698,23.622532146641277],[120.71837130119468,23.629955927823858],[120.71304548186356,23.627811444042948],[120.713837535474,23.620793166271653],[120.70502851685262,23.61726818717716],[120.69131853482259,23.62035315227621],[120.68605782370969,23.618209307913276],[120.68358967302504,23.610874257441083],[120.66120327021486,23.61046970821053],[120.65144876644752,23.616106420474978],[120.65359490228298,23.628824146317356],[120.64668430213885,23.63100666872282],[120.63354175904499,23.61921419597843],[120.63044842575425,23.62314851679065],[120.62907693984891,23.63516466171984],[120.6352071029255,23.642861852092835],[120.63497119636372,23.651572866194897],[120.64693053201847,23.67270661591766],[120.64827636026587,23.682856890633047],[120.6434095809874,23.69970156217738],[120.64567316288617,23.70320505826686],[120.64137601329242,23.70562725539355],[120.63898506311023,23.710575567208707],[120.64168342135292,23.722281249080424],[120.6398443833117,23.729017363660432],[120.6445408885512,23.736642069575907],[120.65584288634022,23.735119315903773],[120.65569758107858,23.75502174625666],[120.64847722654281,23.77327500253938],[120.64037361994667,23.786048466563557],[120.66377970197175,23.792142387860963],[120.67492447848201,23.799723788721906],[120.69318851943467,23.80497809306462],[120.71040609756346,23.823808599887002],[120.72799804187616,23.83402313116261],[120.76394142955337,23.81694711801515]]]}},{"type":"Feature","properties":{"district":"Jiji Township, Nantou County","constituency_code":"TW-10008050","township_code":"10008050","county":"Nantou County","township_name_zh":"集集鎮"},"geometry":{"type":"Polygon","coordinates":[[[120.84207175720587,23.8553656252235],[120.8412510709802,23.85065444754474],[120.84476091088743,23.845804944242843],[120.84402929441649,23.843510190942595],[120.84767229693898,23.842319984080063],[120.84707616962953,23.840260144490117],[120.8447635441023,23.838105656650782],[120.83462982230856,23.83817797473381],[120.82977867324723,23.830825563748817],[120.82863917555756,23.82181438922271],[120.80018268438346,23.81551232703231],[120.78106441339207,23.818291546917408],[120.7669346844882,23.815667022115406],[120.75073981539026,23.82443070501307],[120.73943483185212,23.827735208113438],[120.72799804187616,23.83402313116261],[120.73247146938286,23.840438960289816],[120.72542016221075,23.850066155129014],[120.73330485763313,23.852076493335574],[120.73791825832097,23.85968537298163],[120.74687187263885,23.857340445605132],[120.75463862287415,23.85830124260832],[120.75697571086039,23.85219486300258],[120.773389239322,23.845291220913168],[120.77856631258533,23.848658572235365],[120.77688498595342,23.850373812301655],[120.78589592215917,23.852758357512243],[120.79074317895459,23.850140612699192],[120.79516376319714,23.852477141307077],[120.81167533035227,23.850200547117595],[120.81894055386351,23.85499169610995],[120.82481964870783,23.853039649260438],[120.83033536348626,23.856506886483658],[120.84207175720587,23.8553656252235]]]}},{"type":"Feature","properties":{"district":"Mingjian Township, Nantou County","constituency_code":"TW-10008060","township_code":"10008060","county":"Nantou County","township_name_zh":"名間鄉"},"geometry":{"type":"Polygon","coordinates":[[[120.7275054418227,23.880845956675614],[120.72696102013504,23.876821818771987],[120.73103739336102,23.87311995742016],[120.73372807049407,23.8614372370389],[120.73720579021506,23.858754197847986],[120.73330485763313,23.852076493335574],[120.72542016221075,23.850066155129014],[120.73246021526677,23.8404766023134],[120.73190580390974,23.838262662092234],[120.72557066555385,23.831877048387128],[120.71013338175021,23.823570115868222],[120.69682757123553,23.8072929372193],[120.68671307694706,23.80199038424888],[120.68454974607403,23.801360054822737],[120.68380096784051,23.8013398452577],[120.68341332136777,23.805417968564427],[120.67898389229288,23.805943079109852],[120.67881892785135,23.816294602314088],[120.67621625117908,23.819361962284802],[120.6509169280738,23.81250466136106],[120.64797590846149,23.81663763162146],[120.63776094461195,23.82177902967851],[120.63919191347611,23.82456275606637],[120.63386372353204,23.825841228689796],[120.64000904198372,23.825106497866614],[120.63772731716199,23.826381533281165],[120.63945462523088,23.827417319353856],[120.63604453812502,23.827915675068425],[120.63818526273974,23.82891714481042],[120.63719590776498,23.830555473955997],[120.63435253384239,23.831112942108632],[120.63845041705315,23.83141158627575],[120.63705417011397,23.83278950772967],[120.62359542808656,23.82948454777369],[120.62424409199127,23.831748598219292],[120.63364745096919,23.83408913150828],[120.62910518395711,23.83440238426266],[120.63105882260663,23.835644321927987],[120.6282726635526,23.835822464135447],[120.62997821162526,23.837345391376743],[120.62492428792564,23.8365937488025],[120.62905666193546,23.838676457252745],[120.62612470479132,23.841918142708153],[120.6222447201178,23.83866111032205],[120.62084968456531,23.84165707131683],[120.61717690279193,23.837624929446974],[120.6155223121051,23.840377785706323],[120.62359878795371,23.84706725604906],[120.61943372538622,23.849617949209062],[120.62344427363439,23.848898491572186],[120.62782115712082,23.857397736016765],[120.62224045103608,23.860120666435648],[120.62354795287581,23.861967891904726],[120.62060889828206,23.863715329498916],[120.61990844332001,23.86836839208769],[120.62396017332344,23.86892438625148],[120.62942193237632,23.889099708684682],[120.6425613952922,23.88886809638558],[120.66167575693066,23.88212722798926],[120.68315333545809,23.8804086721226],[120.7030211554021,23.889042494715397],[120.70917955269431,23.88818013750341],[120.71454912494221,23.890290845446202],[120.72461923229184,23.878609009098568],[120.7275054418227,23.880845956675614]]]}},{"type":"Feature","properties":{"district":"Lugu Township, Nantou County","constituency_code":"TW-10008070","township_code":"10008070","county":"Nantou County","township_name_zh":"鹿谷鄉"},"geometry":{"type":"Polygon","coordinates":[[[120.81143331739372,23.81771160380754],[120.8131528625147,23.811875395832885],[120.81747159313954,23.81021976103318],[120.81028106731742,23.799644466718803],[120.81479815690943,23.794124838090852],[120.81566924473987,23.77295299578418],[120.83288838858834,23.762626123896553],[120.83471934262366,23.753708720780878],[120.83002521609092,23.74819970415308],[120.82888773018465,23.725221595999926],[120.83320694554413,23.71570389901575],[120.84093357342579,23.71079013465703],[120.83290788858824,23.709009985122748],[120.82807446696313,23.70197432705362],[120.83005834441713,23.697982270665307],[120.80917695795029,23.677655435849715],[120.80842903137477,23.65442160187547],[120.80119258796765,23.649069743573875],[120.7874257795761,23.656072726575132],[120.78041311807101,23.65493170093731],[120.77067672664964,23.659611737791522],[120.76908117375717,23.671707188535947],[120.76447151245043,23.6739055516],[120.76260690578408,23.67908567086704],[120.7579647222941,23.679040831569182],[120.74147456979563,23.68964289510359],[120.73127552214771,23.700467595703003],[120.73664904331872,23.70921303135634],[120.7328603002627,23.71457051311876],[120.73653773243052,23.72608804152992],[120.73325411338669,23.728464949697695],[120.73555048007063,23.733799139918403],[120.73061559603298,23.736966375897566],[120.7321252339924,23.739492599404002],[120.72809577030364,23.739631355802487],[120.7375036735558,23.74414515117786],[120.74223361109239,23.750186289465717],[120.73950371452486,23.754398862317714],[120.73210836810676,23.756877836343108],[120.7300098351858,23.76108702054961],[120.72514945818102,23.759710838384535],[120.71365877453286,23.77185542089103],[120.71960945361343,23.775164312682932],[120.72115864735372,23.77928191982477],[120.73061031881127,23.77900717604041],[120.73186084680071,23.783616464128556],[120.741459535829,23.784559825975236],[120.74549781107521,23.789145067091226],[120.75311638001699,23.79038023106284],[120.76011122415377,23.79868133327693],[120.75622253134486,23.805542197314594],[120.7599897617182,23.80796036098195],[120.76394142955337,23.81694711801515],[120.76872281910289,23.81560675314921],[120.78117300562974,23.81828752245127],[120.79946650567479,23.815498757161947],[120.81143331739372,23.81771160380754]]]}},{"type":"Feature","properties":{"district":"Zhongliao Township, Nantou County","constituency_code":"TW-10008080","township_code":"10008080","county":"Nantou County","township_name_zh":"中寮鄉"},"geometry":{"type":"Polygon","coordinates":[[[120.83476797076526,23.9704790530659],[120.83689348874361,23.95828016589701],[120.82768887094471,23.95386500906295],[120.8288316727436,23.937175902246167],[120.8418152318875,23.934317315391866],[120.84454536497663,23.917482029172334],[120.842734463125,23.915662083738198],[120.84691494097183,23.91011576952718],[120.84405055888624,23.906065497324903],[120.84895141257766,23.90357035888502],[120.84988515347709,23.897553560748293],[120.8549533719007,23.89014017482924],[120.85363346571194,23.882640532234802],[120.84691523145284,23.87996450325926],[120.84917923783166,23.868105658749187],[120.84697460469431,23.857810431306405],[120.83818576326246,23.85482345723682],[120.83033536348626,23.856506886483658],[120.82481964870783,23.853039649260438],[120.81894055386351,23.85499169610995],[120.81167533035227,23.850200547117595],[120.79516376319714,23.852477141307077],[120.79074317895459,23.850140612699192],[120.78568621015052,23.852727388458277],[120.77688498595342,23.850373812301655],[120.77856631258533,23.848658572235365],[120.773389239322,23.845291220913168],[120.75697571086039,23.85219486300258],[120.75463862287415,23.85830124260832],[120.74687187263885,23.857340445605132],[120.73398390063653,23.86098000192561],[120.73103739336102,23.87311995742016],[120.72687503325619,23.87704995968795],[120.72772476038949,23.880981376589318],[120.72426924133254,23.883235508412042],[120.7242635207449,23.890508641460713],[120.70709158860598,23.89590343159813],[120.71210969860374,23.899511105153408],[120.71717789184629,23.90722881445828],[120.71674204980582,23.911543291289888],[120.72044810199839,23.914166470706107],[120.71693276813278,23.91619772804279],[120.71710430661847,23.919267049434836],[120.71123282813255,23.92083050462412],[120.72211403403549,23.923936669441787],[120.72588839693208,23.9306587878728],[120.7294823207526,23.928337029730187],[120.7347582555891,23.929625223125583],[120.73178725078105,23.94286941029509],[120.73393543347356,23.94907986934055],[120.73839542960548,23.94828176419213],[120.73982967200186,23.95190186188148],[120.74279081034763,23.95108741695077],[120.74236141284894,23.956026516110853],[120.74922353234024,23.954237264538165],[120.75076943366253,23.960441415738785],[120.75710029574213,23.962188847937057],[120.76382676958985,23.967853224246937],[120.77031399409566,23.964572472241855],[120.77589043379658,23.95551659871211],[120.78070495976613,23.95958436003025],[120.78622033550016,23.956238036656146],[120.79322047124776,23.960840759693383],[120.79806089589374,23.960313267743174],[120.81092687227738,23.971628122240077],[120.82134198564415,23.968550176349595],[120.83476797076526,23.9704790530659]]]}},{"type":"Feature","properties":{"district":"Yuchi Township, Nantou County","constituency_code":"TW-10008090","township_code":"10008090","county":"Nantou County","township_name_zh":"魚池鄉"},"geometry":{"type":"Polygon","coordinates":[[[120.99114421683225,23.895525958256428],[120.98833139377882,23.890311562228874],[120.99037555728626,23.885108605577727],[120.98019283413203,23.88353110837403],[120.98262594273308,23.874870740492327],[120.98725634150696,23.871599005989367],[120.9949436879009,23.858614623965764],[120.99251455790056,23.839386123970485],[120.9763898152379,23.837896396101826],[120.96761739992314,23.842088161339632],[120.96375936410345,23.838317388536723],[120.95840108104517,23.845812228751413],[120.952674037277,23.848434453087577],[120.95280806414087,23.851946312872087],[120.94905939037858,23.852680338626783],[120.95002135829907,23.84635587342484],[120.94769822149578,23.843220144294264],[120.94538822288825,23.845157790299822],[120.93931963909017,23.84351274771518],[120.93861560392702,23.839047101142853],[120.934241698096,23.836641735727596],[120.9334111382135,23.82945294919432],[120.91381094302062,23.82643937767517],[120.91096082238414,23.81688109878371],[120.90561088233642,23.81252608411154],[120.89825620865713,23.81399224974257],[120.89381595534212,23.81056348101987],[120.8878073509286,23.809892456371813],[120.88162791849368,23.81311623362734],[120.87349915606126,23.81319598820437],[120.86958914662193,23.816403542589455],[120.86787715490686,23.82262040031128],[120.87620311887895,23.83540331261281],[120.88309268298099,23.84035996294199],[120.88100998262462,23.844774448881765],[120.87047534126407,23.85086494016491],[120.86974348377487,23.85890814829247],[120.8744187758059,23.869878328622008],[120.87213981909747,23.871233218438306],[120.8777117217187,23.878084400374803],[120.87335126614812,23.879252728530673],[120.87430473097857,23.885534071240443],[120.8715726319715,23.887164098744222],[120.8682190546657,23.904017060239198],[120.86568276684625,23.907299022731763],[120.87736359415464,23.9101260946436],[120.87589239411875,23.916652630314672],[120.87957848495921,23.920517189816508],[120.87971410811963,23.92509453038832],[120.88725230465025,23.925015811830292],[120.89325429455016,23.93313895889588],[120.90932598170878,23.922786291753994],[120.91955842208358,23.928005407423655],[120.92860088852024,23.92340120949825],[120.94382608250771,23.93313562510906],[120.95397380584654,23.931645750650944],[120.95803012419094,23.928315635758054],[120.96040350701628,23.930694046692963],[120.96529640440565,23.93036772409124],[120.96738079548743,23.918188126480914],[120.97116896297734,23.91757268083461],[120.98462272545851,23.907166834082204],[120.9860376504173,23.904887396236404],[120.98323647898042,23.90367129159688],[120.98425347821546,23.90070074634241],[120.99114421683225,23.895525958256428]]]}},{"type":"Feature","properties":{"district":"Guoxing Township, Nantou County","constituency_code":"TW-10008100","township_code":"10008100","county":"Nantou County","township_name_zh":"國姓鄉"},"geometry":{"type":"Polygon","coordinates":[[[120.9570472155566,24.12418187009729],[120.95552819137299,24.11599677862847],[120.94983384335728,24.1055592910285],[120.94611296674009,24.103064350439467],[120.9429672587321,24.09461613532642],[120.9468633403709,24.08660196181114],[120.94525259253317,24.081647693786067],[120.93752584773972,24.07424157528851],[120.94034991321803,24.066983123672287],[120.945884970615,24.06663351852211],[120.9503647788116,24.062714495177886],[120.94395716948782,24.06202148930032],[120.94398327950478,24.0534369657434],[120.94033760689513,24.052836873323088],[120.93768689383512,24.044842072104018],[120.93198912659693,24.047458557866207],[120.92873314102167,24.04520477318181],[120.92693049404716,24.050169816883567],[120.92456433367715,24.04787142672501],[120.91784538535626,24.048087990668307],[120.91394894398866,24.042131001044936],[120.91117418114356,24.043616881613843],[120.90594600930092,24.04031036043483],[120.90338554680557,24.041195780760745],[120.90206528088811,24.02986785821514],[120.88880714883089,24.019280334919586],[120.89075253080466,24.013092783405284],[120.9016822965009,24.010460826605936],[120.9042413236782,24.003977626566268],[120.90961512363913,24.003327886173054],[120.90332737955498,23.989739478993783],[120.90772688099082,23.971046688953606],[120.8995656494352,23.97213021463773],[120.88548441467401,23.965079394898225],[120.88415970880362,23.958204326968144],[120.87921356345521,23.953097579789528],[120.87975292375847,23.92324517622393],[120.87589239411875,23.916652630314672],[120.87736359415464,23.9101260946436],[120.86419505166032,23.907090253212687],[120.86010127835141,23.89684395428509],[120.85240996684661,23.892728500120256],[120.84895141257766,23.90357035888502],[120.84405055888624,23.906065497324903],[120.84691494097183,23.91011576952718],[120.842734463125,23.915662083738198],[120.84454536497663,23.917482029172334],[120.8418152318875,23.934317315391866],[120.82899303809825,23.937000812337658],[120.82828087845985,23.93968696947809],[120.82768887094471,23.95386500906295],[120.83689348874361,23.95828016589701],[120.83677393107212,23.967454336248693],[120.83319208514672,23.974976414230184],[120.83552027524058,23.98371638110615],[120.83086826575789,23.99262946567734],[120.82529856467704,23.994864425752723],[120.82241287135696,23.99360252223869],[120.81929994093957,23.99839208302825],[120.80825262485882,24.001864714385135],[120.80988449507345,24.00732945199269],[120.803437693295,24.00855262890076],[120.79866133725102,24.015345726324256],[120.78614575112556,24.015745158412358],[120.77975549601933,24.02110862786094],[120.78464633845783,24.024078731548286],[120.78606203863228,24.029248061648786],[120.79289853194177,24.032433052943077],[120.79169396830207,24.035261954975283],[120.79736239335978,24.041098078413654],[120.80782497294422,24.06520760744519],[120.81186584363388,24.066069167857847],[120.81445744245707,24.069895233678153],[120.81924640160025,24.068464763038435],[120.82929962507774,24.071508893520672],[120.82837467145396,24.093945018947522],[120.83248789080358,24.098746885160665],[120.8303176612311,24.102588369857415],[120.83450591281769,24.107613105160738],[120.83627601782405,24.116949628322743],[120.8448497270333,24.124526369796172],[120.85387097486569,24.12450941487765],[120.85860494406302,24.116208105819453],[120.87245101780024,24.1168362193161],[120.87914349187872,24.10930299603649],[120.88149908161733,24.10057794531599],[120.87686070136033,24.091192472954333],[120.87801694442646,24.085028075385424],[120.88587381842206,24.095409394927685],[120.89132509317858,24.097799230849887],[120.8910923378412,24.102029233462417],[120.8942531733453,24.106847479927296],[120.89417458159176,24.110743850248525],[120.89024412966296,24.113546748383783],[120.89152928784642,24.115907582069326],[120.9048870647863,24.11448576920293],[120.90956304120141,24.109229882952775],[120.91930637269104,24.10734564588489],[120.9325540411362,24.112580674158835],[120.94972630512495,24.127819651156017],[120.9570472155566,24.12418187009729]]]}},{"type":"Feature","properties":{"district":"Shuili Township, Nantou County","constituency_code":"TW-10008110","township_code":"10008110","county":"Nantou County","township_name_zh":"水里鄉"},"geometry":{"type":"Polygon","coordinates":[[[120.9334111382135,23.82945294919432],[120.93335392784161,23.798936195748865],[120.9369479245072,23.797793021630696],[120.93306085227653,23.78620591627009],[120.91323824574852,23.793051244519347],[120.90920908872852,23.790857530051028],[120.90716872935343,23.785782414726725],[120.88917081308261,23.78602023504584],[120.87355677382607,23.78338167272608],[120.87435700227388,23.77669654880674],[120.88359825125838,23.764018591884565],[120.87920376893885,23.74692967616369],[120.88904094738189,23.726475816605728],[120.87966210841967,23.719032122634417],[120.86304888279972,23.724437224398457],[120.85194355055444,23.717144299969505],[120.84537571082046,23.7165916737668],[120.84541824335736,23.712178231040582],[120.84201993197439,23.710925523094488],[120.8340590513842,23.714875922885597],[120.82986891212067,23.7216460507247],[120.8278636928552,23.73218249072943],[120.83031390476299,23.73715077288989],[120.83002521609092,23.74819970415308],[120.83421162766456,23.752590942617985],[120.83412118374565,23.757167981916893],[120.83257667187593,23.76304489050932],[120.82597151207574,23.765097356557817],[120.82303140437591,23.769820643607886],[120.81566924473987,23.77295299578418],[120.81479815690943,23.794124838090852],[120.81028106731742,23.799644466718803],[120.81747159313954,23.81021976103318],[120.8131528625147,23.811875395832885],[120.81143331739372,23.81771160380754],[120.82819009100001,23.82151265408578],[120.82977867324723,23.830825563748817],[120.83462982230856,23.83817797473381],[120.84685433296113,23.83978996633391],[120.84767229693898,23.842319984080063],[120.84402929441649,23.843510190942595],[120.84476091088743,23.845804944242843],[120.84123186236059,23.850829037430174],[120.84372976441716,23.857465335357006],[120.84801891454129,23.859359327371124],[120.84917923783166,23.868105658749187],[120.84691523145284,23.87996450325926],[120.85363346571194,23.882640532234802],[120.8549533719007,23.89014017482924],[120.85305619718577,23.8926150344563],[120.86010127835141,23.89684395428509],[120.86419505166032,23.907090253212687],[120.8682190546657,23.904017060239198],[120.87131423336518,23.887927128534216],[120.87430473097857,23.885534071240443],[120.87338588105365,23.87917566922181],[120.8777117217187,23.878084400374803],[120.87213981909747,23.871233218438306],[120.8744187758059,23.869878328622008],[120.86974348377487,23.85890814829247],[120.87047534126407,23.85086494016491],[120.88100998262462,23.844774448881765],[120.88308761170401,23.840447078469936],[120.87620311887895,23.83540331261281],[120.86787715490686,23.82262040031128],[120.86958914662193,23.816403542589455],[120.87349915606126,23.81319598820437],[120.88162791849368,23.81311623362734],[120.8878073509286,23.809892456371813],[120.89381595534212,23.81056348101987],[120.89825620865713,23.81399224974257],[120.90553111516886,23.812492173375176],[120.91096082238414,23.81688109878371],[120.91381094302062,23.82643937767517],[120.9334111382135,23.82945294919432]]]}},{"type":"Feature","properties":{"district":"Xinyi Township, Nantou County","constituency_code":"TW-10008120","township_code":"10008120","county":"Nantou County","township_name_zh":"信義鄉"},"geometry":{"type":"Polygon","coordinates":[[[121.2349143526153,23.818113797713636],[121.23452241637642,23.812087668211348],[121.22760078245017,23.808609030282582],[121.22605547647913,23.80227795866091],[121.22662075254573,23.792443591498625],[121.23040066336,23.78796698219054],[121.22629269784977,23.783674326509015],[121.20465097506246,23.772398777781405],[121.2086697557047,23.76584627418623],[121.20648278974897,23.76263697691502],[121.2186449432096,23.756384099546608],[121.22139824733131,23.752756313553107],[121.22930628285872,23.752269267712563],[121.23330471993688,23.74894802283302],[121.2288497069485,23.744515850825906],[121.22857687782073,23.73508385743412],[121.22966956669723,23.730080409982975],[121.23310608128065,23.73012862533585],[121.23576682897601,23.72463844500828],[121.23940806972666,23.724347190570427],[121.23778540856983,23.720069862034563],[121.24123155129507,23.70794166427646],[121.23943218145007,23.68697260650066],[121.23244708146774,23.677465825487502],[121.23595526662234,23.67077188821213],[121.23575072931283,23.662205683845286],[121.22411872709768,23.6388547824223],[121.224729517853,23.626818188708512],[121.2173227410517,23.61469669089962],[121.21312085754164,23.600083042198662],[121.2062292960452,23.59578751318321],[121.20012531583075,23.59640199745428],[121.19396233829139,23.600499149516168],[121.18940898893379,23.594812086908348],[121.17972994997729,23.590032338621597],[121.17804398823955,23.582637467045515],[121.16674624874042,23.58714213160414],[121.15339176421855,23.58677836123246],[121.15214996594818,23.573159049750416],[121.16035161123796,23.569763973228817],[121.16034074383037,23.567828094391075],[121.1571428022985,23.559555825341135],[121.1518769335737,23.560473839795918],[121.14611671381533,23.55437020761906],[121.1510597717911,23.545175223357944],[121.14687601681476,23.534105652653807],[121.15091989663597,23.52663029265392],[121.1443992218467,23.525595366333164],[121.13513516155854,23.514933509573837],[121.11769789344305,23.521643151710123],[121.10367399945562,23.518930406113384],[121.09736263737591,23.521645784925113],[121.09185116020296,23.514516941803493],[121.088105112461,23.514046085558448],[121.0684576749818,23.518447461181438],[121.06613843853813,23.506310270202846],[121.06216701349695,23.499536416472495],[121.05409673937311,23.495603408670434],[121.05361207583667,23.487828819044807],[121.03889590712049,23.47408278499256],[121.0496524229211,23.467832928446967],[121.05130662240276,23.464309747097218],[121.05892794327008,23.461941903196305],[121.05835093734595,23.460275100615434],[121.05452837168707,23.45737854078709],[121.05181706860287,23.450802471357008],[121.04646473096261,23.45087207798406],[121.03364881623997,23.445507165123615],[121.02651946859862,23.439152926966074],[121.01667144073451,23.435534119803833],[121.01058109154417,23.44124413670761],[121.01053272780325,23.446319591076303],[121.01585468814335,23.45160877382591],[121.00846111698706,23.462086185029477],[120.99878890118691,23.462379529491727],[120.98053726278454,23.469214384236466],[120.97063142020397,23.469042262090795],[120.96670600178061,23.47169959146305],[120.9475186943323,23.467123027905473],[120.93756820580813,23.47305393539085],[120.93096341113255,23.470664062596484],[120.92092245260915,23.474927935475876],[120.91021178424648,23.476229564742653],[120.8867058370048,23.475564016066528],[120.88002585540892,23.467622276646807],[120.86320044644356,23.47354965339383],[120.84209247129058,23.473257808101437],[120.83897303877472,23.471218400209068],[120.83264304723889,23.474731123342735],[120.82707601984248,23.483381177799174],[120.82285115235891,23.4986714206496],[120.8240678847252,23.505278214518057],[120.82304459473232,23.511359351952592],[120.81955631697053,23.515580705785],[120.82034877617514,23.5214817090137],[120.8086372747905,23.535971113676],[120.80883302122697,23.545859788198698],[120.81149428603248,23.551054332591434],[120.81586399202968,23.553108870677875],[120.81414836885222,23.55624180381625],[120.82062678809586,23.56240033600676],[120.82189745999983,23.57091015378063],[120.8199064140498,23.577679119695688],[120.82552744483576,23.58636723615905],[120.81704846661353,23.595190839086],[120.81831533258662,23.599059395175004],[120.81379189288157,23.60095030341381],[120.81823708527338,23.604203783477885],[120.81814452794765,23.60797681987441],[120.82512822318904,23.612971246226095],[120.8232319271118,23.61839340453207],[120.81645275209291,23.623190913529868],[120.81363289634112,23.64123215284161],[120.80393939089026,23.649488815956147],[120.80884145416985,23.656273469644987],[120.8083205020896,23.675495985551322],[120.83005834441713,23.697982270665307],[120.82807446696313,23.70197432705362],[120.83329053303169,23.70931441642722],[120.84473049761448,23.711665613877017],[120.84537571082046,23.7165916737668],[120.85194355055444,23.717144299969505],[120.86304888279972,23.724437224398457],[120.87966210841967,23.719032122634417],[120.88904094738189,23.726475816605728],[120.87920376893885,23.74692967616369],[120.88359825125838,23.764018591884565],[120.87435700227388,23.77669654880674],[120.87355677382607,23.78338167272608],[120.88917081308261,23.78602023504584],[120.90716872935343,23.785782414726725],[120.90920908872852,23.790857530051028],[120.91323824574852,23.793051244519347],[120.93306085227653,23.78620591627009],[120.9369479245072,23.797793021630696],[120.93335392784161,23.798936195748865],[120.934241698096,23.836641735727596],[120.93861560392702,23.839047101142853],[120.93931963909017,23.84351274771518],[120.94538822288825,23.845157790299822],[120.9478929265174,23.843302416973017],[120.95002135829907,23.84635587342484],[120.94905939037858,23.852680338626783],[120.95280806414087,23.851946312872087],[120.952674037277,23.848434453087577],[120.95840108104517,23.845812228751413],[120.96375936410345,23.838317388536723],[120.96775230092805,23.84209308422851],[120.9763898152379,23.837896396101826],[120.99267700064308,23.839368133932282],[120.996525221262,23.837335912522406],[121.00436971878753,23.825673957487197],[121.01108469660153,23.824606571036497],[121.013241804166,23.82062027300725],[121.03640045391785,23.81648274588207],[121.04704594481461,23.81181860184705],[121.06713534601943,23.80912204404717],[121.07945950785006,23.81377509854201],[121.0952790655765,23.814768732491075],[121.11231772178553,23.8218492199656],[121.11232426525271,23.83359472291818],[121.13236832084135,23.839283563485708],[121.14786320892006,23.848710573734024],[121.15449173940226,23.8648039435472],[121.16879108044407,23.86070425269918],[121.17940707537628,23.85341248569773],[121.19749916145724,23.85105090917216],[121.20453111162158,23.8453748524675],[121.20958983770095,23.844313436615835],[121.22040050437988,23.836686908673926],[121.2186948582812,23.8300666906253],[121.22241733659087,23.8195107470234],[121.2349143526153,23.818113797713636]]]}},{"type":"Feature","properties":{"district":"Ren'ai Township, Nantou County","constituency_code":"TW-10008130","township_code":"10008130","county":"Nantou County","township_name_zh":"仁愛鄉"},"geometry":{"type":"Polygon","coordinates":[[[121.34301988895675,24.223553594522798],[121.34937825500253,24.2104384133022],[121.34943801765041,24.199775372135775],[121.32562015314761,24.19612496279683],[121.31578716104866,24.185171712204806],[121.3070802478552,24.180332369443363],[121.2866123651686,24.17763403997901],[121.28835220529015,24.157739070401817],[121.28033491022802,24.157865705737777],[121.28102953848247,24.15449273994807],[121.28468026078542,24.152289104158854],[121.28136925918398,24.135873216775565],[121.29586397794026,24.1324425190071],[121.31566152396022,24.11649351286536],[121.32499716578661,24.116082769104537],[121.32840441733003,24.114633910026953],[121.32822605029207,24.11202855427439],[121.3256577079369,24.102462945008938],[121.31894789043281,24.09501013461005],[121.32313170476448,24.084940650490694],[121.30819185307166,24.073307402714534],[121.29988752588872,24.06217398464173],[121.29554435348916,24.063779724154983],[121.28320812455536,24.054266869120738],[121.28566110457643,24.03953323107379],[121.27660953430268,24.024614839902995],[121.27005128044232,24.006711458566997],[121.26011151723276,23.992324386861014],[121.26422991667732,23.975980224907516],[121.2735672923967,23.975252027658996],[121.27791048997722,23.965833167067046],[121.27470509936086,23.95144571764581],[121.27175229323382,23.948504837428345],[121.27433399231995,23.94563978894513],[121.2720568531413,23.938345119831467],[121.2765146306458,23.923163167046596],[121.27607848463447,23.909863776791894],[121.27445348703884,23.907317619812375],[121.26627090737657,23.90726640522047],[121.26106217078257,23.90260226298409],[121.26244011561892,23.899080108660144],[121.26653565879371,23.89841074865717],[121.26550764915874,23.89124154126415],[121.26845118867152,23.88375285780819],[121.26317777463464,23.88077139568344],[121.26519104373176,23.8728289341081],[121.25815076494587,23.872510171207466],[121.25303597333152,23.86789488374194],[121.24892405799892,23.85213166674305],[121.23942296519772,23.840422853432017],[121.23667696626899,23.825212695209757],[121.23909673792423,23.821814721072542],[121.23467027661206,23.8180568733261],[121.22275558060562,23.819306513684694],[121.21874368517297,23.82981758921045],[121.22058409108297,23.83603576893563],[121.21866296202609,23.83842448520187],[121.19749916145724,23.85105090917216],[121.17940707537628,23.85341248569773],[121.16879108044407,23.86070425269918],[121.15449173940226,23.8648039435472],[121.14786320892006,23.848710573734024],[121.13236832084135,23.839283563485708],[121.11232426525271,23.83359472291818],[121.11241450412615,23.821946960084176],[121.09485246137206,23.81465083137084],[121.07945950785006,23.81377509854201],[121.06740320819154,23.8091400691589],[121.05973625302568,23.80986185963718],[121.013241804166,23.82062027300725],[121.01108469660153,23.824606571036497],[121.00436971878753,23.825673957487197],[120.996525221262,23.837335912522406],[120.99251455790056,23.839386123970485],[120.9949436879009,23.858614623965764],[120.98725634150696,23.871599005989367],[120.98262594273308,23.874870740492327],[120.98019283413203,23.88353110837403],[120.99037555728626,23.885108605577727],[120.98833139377882,23.890311562228874],[120.99114421683225,23.895525958256428],[120.98701653728347,23.906571845314488],[120.9813909847062,23.91034712102288],[120.98548314373215,23.91242301530997],[120.98860071644992,23.910227064227684],[120.98884496961966,23.912220241570935],[120.98189330373305,23.919053327349218],[120.98372440885441,23.921164114432372],[120.98830455621032,23.920392570760555],[120.99168835523346,23.924496413778513],[121.00166471815226,23.923996517525325],[121.0042786822155,23.91426856624139],[121.00998882862166,23.90763995032347],[121.00811876486921,23.920868171828715],[121.01061485748971,23.920987565823566],[121.00860638267852,23.924233775768187],[121.0162023723417,23.929416393351914],[121.01641053391904,23.932710287150087],[121.00428176868877,23.925894579871],[120.99669090875852,23.930450181130993],[121.00515905914335,23.93953958588321],[121.01197072396985,23.940719039552107],[121.0144433451843,23.945130204295538],[121.00458457401896,23.94849722466722],[121.00135872472538,23.955796264486082],[121.0018758726734,23.958747521081307],[121.00549015894376,23.95989404877139],[121.00192743260504,23.96260257295046],[121.00215666529789,23.966847896413356],[121.00628152187483,23.966305437046344],[121.00689967717847,23.96384274704519],[121.01136717365625,23.967625952975425],[121.01702519355786,23.968134369405675],[121.02772307985629,23.955367438956216],[121.03093543212458,23.94406005962412],[121.04481574485078,23.942997617645972],[121.04953034265122,23.949993003174598],[121.04878484424523,23.95445464416656],[121.05645683111788,23.964070238650663],[121.05337027871542,23.96970250916354],[121.05720290239208,23.968868795358674],[121.06132489642687,23.97182458453699],[121.06946305137876,23.983527877809365],[121.06573462495305,23.991660849068978],[121.0583629603824,23.99607501035348],[121.05655890596881,24.004815927812842],[121.04968407635909,23.997998180871377],[121.03399188871481,23.99889939059443],[121.0262008585828,24.003963340835583],[121.01919736296804,24.000491235582103],[121.00891066289682,24.000344712638423],[121.00322350855811,24.007346245033204],[121.00649460993839,24.014194050914796],[121.00276375714179,24.020449402318093],[120.99091126274459,24.02020539915992],[120.98123720513297,24.031471649796856],[120.9763522721397,24.032828989366408],[120.97147263165664,24.030894915468025],[120.9652023245277,24.034400033035126],[120.96501636990956,24.038338734445063],[120.95909179185276,24.044824349164458],[120.9446003259443,24.04975646329018],[120.94395716948782,24.06202148930032],[120.95034538313303,24.062831996999137],[120.945884970615,24.06663351852211],[120.94034991321803,24.066983123672287],[120.93752584773972,24.07424157528851],[120.94525259253317,24.081647693786067],[120.9468633403709,24.08660196181114],[120.9429672587321,24.09461613532642],[120.94611296674009,24.103064350439467],[120.94983384335728,24.1055592910285],[120.95552819137299,24.11599677862847],[120.9570472155566,24.12418187009729],[120.96120952799743,24.120151892895592],[120.97116341865694,24.120241639839833],[120.9755345078114,24.116885534539847],[120.98542745141583,24.120222438414828],[120.98923010698388,24.1188291538424],[120.9920196160125,24.12105460808374],[120.99202492291192,24.12525380801685],[120.99955413791315,24.127761638588822],[121.00816935353294,24.14703977486579],[121.01954335374285,24.158714493079458],[121.0277598846111,24.15955552196982],[121.03099996387732,24.149336131657208],[121.03333495104721,24.148582139154428],[121.03804597134456,24.158175977239637],[121.04758606684356,24.160024170379188],[121.05265993211026,24.15479564510298],[121.05940198941039,24.162780639215157],[121.06459963376619,24.163020816657422],[121.08095875144534,24.17542357743622],[121.08487869749399,24.17592270476905],[121.09134818107373,24.182729643658206],[121.09441243388676,24.19014801361999],[121.10169219044235,24.195634513921732],[121.10841931719779,24.198010869905772],[121.13635827551411,24.196338258603816],[121.14136520244222,24.199649440069663],[121.1478898621275,24.21291224950079],[121.16098499476175,24.215184378556273],[121.16764420831362,24.225391752127734],[121.18145697116233,24.212048813102285],[121.19155856827342,24.216586402740347],[121.19634275471446,24.22300041163976],[121.2082366494019,24.22170411535268],[121.2194271294585,24.229204150051544],[121.22834231484603,24.22470602626214],[121.23077099428599,24.22605175558408],[121.2304130776015,24.223527098696707],[121.23795623029582,24.219707547565292],[121.24416473511451,24.222495283130854],[121.2546525011121,24.242837673519887],[121.26465824758009,24.245873619272174],[121.26891858342594,24.23791626402442],[121.27677753485546,24.235531049718247],[121.28003489369542,24.229765511369294],[121.29313543215449,24.22916359602317],[121.30117180003856,24.236692579898715],[121.30389380955171,24.233682482460665],[121.31352138480418,24.235027968066333],[121.31965260908066,24.231868957286622],[121.32649835551479,24.232527878858548],[121.34301988895675,24.223553594522798]]]}},{"type":"Feature","properties":{"district":"Douliu City, Yunlin County","constituency_code":"TW-10009010","township_code":"10009010","county":"Yunlin County","township_name_zh":"斗六市"},"geometry":{"type":"Polygon","coordinates":[[[120.57075779103934,23.759737688543566],[120.57470445414731,23.7547943607712],[120.57153246435178,23.75076955916785],[120.5749163955752,23.743575730135888],[120.58487863554069,23.737067190798257],[120.58854104723162,23.742507647609898],[120.5939487597276,23.73175915016469],[120.60151247092381,23.730037963781058],[120.60124827978439,23.725039930248613],[120.60774501641947,23.726513596225516],[120.61118892343018,23.721725957287163],[120.63118159985106,23.71333960204106],[120.64070650220333,23.714243178779725],[120.63898506311023,23.710575567208707],[120.64137601329242,23.70562725539355],[120.64567316288617,23.70320505826686],[120.6434095809874,23.69970156217738],[120.64827636026587,23.682856890633047],[120.64693053201847,23.67270661591766],[120.6439832144539,23.668001425025807],[120.63223731400092,23.673106316003725],[120.63274285439923,23.67643032989588],[120.62858635337761,23.682207348090685],[120.62981692361222,23.684764185418885],[120.62426515771097,23.686630464824134],[120.61831057916993,23.69591383175799],[120.6095731573754,23.69721672457223],[120.59854494919011,23.693966847192314],[120.58958680768512,23.69638328146334],[120.57779499144578,23.695659867708798],[120.57906435573545,23.688689933893386],[120.57165457160124,23.685472204578616],[120.56857354283477,23.691942658526898],[120.55738577783143,23.68827051167483],[120.55921323800055,23.684114748097215],[120.56391195916967,23.682718763759965],[120.56530176516435,23.678378759672057],[120.56340134839354,23.678720988582825],[120.55992009343765,23.671236642557062],[120.55721592737325,23.670769481626337],[120.53774455286884,23.67505820097523],[120.53673590383892,23.66880378396752],[120.54016681025018,23.664845099621687],[120.5408632596318,23.659274842759828],[120.53642268435942,23.650615465931082],[120.52365218540012,23.654605228148796],[120.51527893147761,23.659633607505043],[120.51401379849801,23.663491503030514],[120.50978326618485,23.664056144175788],[120.50915469493327,23.6700974623281],[120.50614153440438,23.671919486994796],[120.50749132236672,23.67548843844071],[120.50163838070682,23.680149150662828],[120.4993615311098,23.686390580560897],[120.50323827013017,23.689877440991154],[120.50172828862969,23.69493755022779],[120.49778907100892,23.696634017845724],[120.49534931821654,23.704829700630228],[120.49844307418857,23.708620764836496],[120.49734584823238,23.71169785007578],[120.49988723700642,23.712439766482078],[120.49562645149956,23.720214177142623],[120.49810492730057,23.72473615185197],[120.4999865275563,23.723086142311672],[120.5033447165855,23.729286313112937],[120.50798420120998,23.731189299246807],[120.51788039316568,23.7339022876605],[120.5234825912487,23.73303076725614],[120.53015436383293,23.737524112048163],[120.53014649296631,23.740379216727547],[120.53683096397788,23.746692747072643],[120.55352420497809,23.750682709839225],[120.5592364099324,23.757214844689372],[120.57075779103934,23.759737688543566]]]}},{"type":"Feature","properties":{"district":"Dounan Township, Yunlin County","constituency_code":"TW-10009020","township_code":"10009020","county":"Yunlin County","township_name_zh":"斗南鎮"},"geometry":{"type":"Polygon","coordinates":[[[120.49816801833947,23.724833669838063],[120.49562645149956,23.720214177142623],[120.49988723700642,23.712439766482078],[120.49734584823238,23.71169785007578],[120.49844307418857,23.708620764836496],[120.49534931821654,23.704829700630228],[120.49778907100892,23.696634017845724],[120.50172828862969,23.69493755022779],[120.50323827013017,23.689877440991154],[120.49935540492811,23.686437089899812],[120.50163838070682,23.680149150662828],[120.50749132236672,23.67548843844071],[120.50614153440438,23.671919486994796],[120.50915469493327,23.6700974623281],[120.50978326618485,23.664056144175788],[120.51401379849801,23.663491503030514],[120.51527893147761,23.659633607505043],[120.52365218540012,23.654605228148796],[120.53642268435942,23.650615465931082],[120.53601680413226,23.64636275903416],[120.53961999726516,23.64130735145318],[120.52974396721038,23.64315324232831],[120.52757265125695,23.638596413493758],[120.51252042207989,23.637283726163105],[120.51600705408237,23.63331028214384],[120.509223529942,23.63240220160037],[120.50355667779854,23.63527807162575],[120.49321301736688,23.633127366334918],[120.48893187390695,23.635910509962116],[120.48787084026708,23.63070829435236],[120.47925534675687,23.632947120613153],[120.47702274920061,23.629535232165267],[120.46853623465961,23.630274936239346],[120.47445298231935,23.6623838800121],[120.46677764817002,23.667520475689457],[120.46604484998988,23.66479023288298],[120.45850310923117,23.66483704619276],[120.45903597642928,23.66832242813757],[120.45100868989914,23.674127549247032],[120.44882597683738,23.673744683570362],[120.44945094990146,23.6696326423326],[120.44730563964367,23.668746483663313],[120.44543933415798,23.673784757360693],[120.44297619089855,23.66980536882278],[120.43603080048115,23.672199051145355],[120.42965284000661,23.670814874906625],[120.42850733304704,23.674111783232263],[120.42200149437349,23.673600135537868],[120.41677697377838,23.679536118796875],[120.42310877385091,23.69000823479223],[120.4522854673005,23.68603041826924],[120.453179579574,23.690646837981262],[120.45779859113213,23.690933344897985],[120.45772720474679,23.69314271476452],[120.46468506876101,23.690001101369774],[120.46210803086103,23.695578741665656],[120.46361547087736,23.69914509766818],[120.47333843182321,23.70481727110024],[120.48023911244513,23.705357626952946],[120.48278138705143,23.708525654335517],[120.47906709437098,23.716479840372358],[120.48146597027835,23.72019855591867],[120.49816801833947,23.724833669838063]]]}},{"type":"Feature","properties":{"district":"Huwei Township, Yunlin County","constituency_code":"TW-10009030","township_code":"10009030","county":"Yunlin County","township_name_zh":"虎尾鎮"},"geometry":{"type":"Polygon","coordinates":[[[120.3873736961392,23.74605526983487],[120.41346000427586,23.744894986114787],[120.42215078722916,23.743361739152988],[120.42593092916911,23.739929436993975],[120.43885567624852,23.738250516048538],[120.45724637412093,23.738223825968817],[120.45654676092431,23.743097272820933],[120.46870988295484,23.742719592635126],[120.46954924989802,23.74572681404129],[120.47563215000378,23.743793806738836],[120.49519494329206,23.745020854329027],[120.4930255923573,23.73877543234039],[120.5033447165855,23.729286313112937],[120.49989909186968,23.72303815718527],[120.49802736617005,23.724974077391835],[120.48146597027835,23.72019855591867],[120.47906709437098,23.716479840372358],[120.48278138705143,23.708525654335517],[120.48023911244513,23.705357626952946],[120.47333843182321,23.70481727110024],[120.46361547087736,23.69914509766818],[120.46210803086103,23.695578741665656],[120.46468506876101,23.690001101369774],[120.45772720474679,23.69314271476452],[120.45779859113213,23.690933344897985],[120.453179579574,23.690646837981262],[120.4522854673005,23.68603041826924],[120.42310877385091,23.69000823479223],[120.4119351974515,23.6716416720256],[120.40736038937052,23.668605473563787],[120.40392014080192,23.6807642644593],[120.39697853383234,23.679518255563096],[120.39466418880136,23.683396241043738],[120.39233326566773,23.68190459671979],[120.3996314250503,23.696415277543053],[120.38415782032723,23.697232357487337],[120.38451211634117,23.693973584013747],[120.3779290312998,23.694317536924814],[120.37675581353005,23.692569615495415],[120.37520627804736,23.700543824038277],[120.37830958392021,23.706163391627285],[120.37872432606684,23.713442205693298],[120.36986385453338,23.71400017566765],[120.37067893438541,23.730560317904406],[120.37285174051544,23.7342234247713],[120.37782756618924,23.731025979665276],[120.38220642009026,23.734075676950965],[120.37519525865434,23.7464300092376],[120.3873736961392,23.74605526983487]]]}},{"type":"Feature","properties":{"district":"Xiluo Township, Yunlin County","constituency_code":"TW-10009040","township_code":"10009040","county":"Yunlin County","township_name_zh":"西螺鎮"},"geometry":{"type":"Polygon","coordinates":[[[120.45533788683406,23.81666275058552],[120.48316688414445,23.806569072005118],[120.51337329773958,23.79998311183118],[120.50041847823024,23.78221504698689],[120.49825792356444,23.784250934033423],[120.48518242762702,23.783893654068947],[120.48548670784533,23.782276301610068],[120.47721742724252,23.78050706894612],[120.48024033552315,23.77251259058363],[120.48451718561967,23.76884579829499],[120.4804666625065,23.76624020512139],[120.48060274881789,23.744579662221668],[120.46960259408456,23.7457321632088],[120.46870988295484,23.742719592635126],[120.45654676092431,23.743097272820933],[120.45724637412093,23.738223825968817],[120.42568448345219,23.739999410544385],[120.42221941719242,23.74333050030242],[120.41719304422372,23.74407169275446],[120.41664607835389,23.74962115998858],[120.42033202890002,23.746814917274662],[120.42744242332924,23.74907235590456],[120.42669162252048,23.754602457137764],[120.43300509440962,23.754907837226938],[120.43431683925076,23.756886452747665],[120.42546737901637,23.760327953172578],[120.4311240067675,23.763235549481067],[120.43308680771008,23.76737871265749],[120.43144227414166,23.772215636242663],[120.42303150050338,23.77557984983025],[120.42221945586323,23.77822922919563],[120.42922411879806,23.786287426323725],[120.43039671153906,23.81421469615134],[120.43401853143018,23.813502898040383],[120.43752178290401,23.817800234693152],[120.447324727754,23.820707141221646],[120.45533788683406,23.81666275058552]]]}},{"type":"Feature","properties":{"district":"Tuku Township, Yunlin County","constituency_code":"TW-10009050","township_code":"10009050","county":"Yunlin County","township_name_zh":"土庫鎮"},"geometry":{"type":"Polygon","coordinates":[[[120.37519525865434,23.7464300092376],[120.38225257419697,23.734503596863533],[120.38107427255966,23.731603726630738],[120.37782756618924,23.731025979665276],[120.37294726920118,23.734314017977624],[120.37067893438541,23.730560317904406],[120.36986385453338,23.71400017566765],[120.37872432606684,23.713442205693298],[120.37830958392021,23.706163391627285],[120.37545139276767,23.702980751160794],[120.37587748705641,23.694218516171645],[120.37675581353005,23.692569615495415],[120.3779290312998,23.694317536924814],[120.38451211634117,23.693973584013747],[120.38415782032723,23.697232357487337],[120.3996314250503,23.696415277543053],[120.39233326566773,23.68190459671979],[120.39466418880136,23.683396241043738],[120.39697853383234,23.679518255563096],[120.40392014080192,23.6807642644593],[120.40736038937052,23.668605473563787],[120.39853122593536,23.66295248087232],[120.38763329893766,23.651432660089256],[120.37515302109512,23.65350492920919],[120.35555239422763,23.647063463108395],[120.34342105423832,23.64611754358981],[120.34102054606137,23.643788309383012],[120.3432699222692,23.671192370731376],[120.34089697921229,23.671154018243385],[120.34079988750489,23.67685447265586],[120.33811970995669,23.676852955499555],[120.33805753712568,23.679774440038443],[120.34313883888638,23.68571006626661],[120.33364611337754,23.69595981679214],[120.33492560223476,23.704126559393274],[120.34061662635634,23.70306971569488],[120.33710229703343,23.710603339172792],[120.34289796536882,23.71003774474616],[120.34449951134343,23.720668654934514],[120.34827296862261,23.72101257906735],[120.34797173620677,23.72831554892349],[120.35279732833408,23.73075644205619],[120.35065152434845,23.738435278165582],[120.34664342765211,23.736003398937783],[120.33911961038177,23.737822702255983],[120.32965845017736,23.745430287777594],[120.33130826546414,23.748072267521195],[120.33938484113753,23.748322338405217],[120.3506365146635,23.74270273754138],[120.3586567406162,23.74256340647605],[120.37519525865434,23.7464300092376]]]}},{"type":"Feature","properties":{"district":"Beigang Township, Yunlin County","constituency_code":"TW-10009060","township_code":"10009060","county":"Yunlin County","township_name_zh":"北港鎮"},"geometry":{"type":"Polygon","coordinates":[[[120.28177975583117,23.633861865133042],[120.29814000485737,23.6300895023287],[120.29642017285278,23.62054166456619],[120.30186659396816,23.620535746127814],[120.3019645274411,23.616545800448364],[120.30497786243848,23.615206949141452],[120.30155380346537,23.61240792078894],[120.31286363344998,23.610575297611945],[120.31274098480867,23.60744743305264],[120.31956418973562,23.607129319462558],[120.31992117921914,23.60475110727782],[120.3322136300551,23.603923248059516],[120.33233173442204,23.601486146468517],[120.33610286785313,23.601472354465614],[120.33628764346008,23.59639421831855],[120.33159731656292,23.57744886627222],[120.32092420388892,23.572446426061788],[120.3074409490406,23.57465388576827],[120.30647486672183,23.572063167381316],[120.3105467963976,23.564445511251392],[120.29167280375691,23.563426434582368],[120.28907675418895,23.559986105074756],[120.29076568818607,23.55054155085196],[120.27440669641192,23.543864669219147],[120.27370773522387,23.553113067813854],[120.27115566160455,23.553560116306357],[120.27109020714738,23.55728902386943],[120.27305460348725,23.563693691510707],[120.27566355832664,23.56273305638547],[120.27772535933798,23.570097274569605],[120.27236010563445,23.571543450070237],[120.27082261297323,23.575908353687623],[120.2652741628724,23.576049525665155],[120.26498366206647,23.57980474829054],[120.2625416088083,23.579899530538967],[120.26266263507262,23.58550679810031],[120.2675052630575,23.58656536400042],[120.26769528980583,23.590504144550664],[120.27061583545253,23.59184609851866],[120.26802064293838,23.596925513501674],[120.27171369902806,23.60914275943088],[120.26766768331697,23.609709364695448],[120.26797198332042,23.613729026673298],[120.26417684158798,23.61760570543902],[120.26741265357111,23.630154636627253],[120.27281183599746,23.62994444707863],[120.2730491419045,23.634414363632004],[120.28177975583117,23.633861865133042]]]}},{"type":"Feature","properties":{"district":"Gukeng Township, Yunlin County","constituency_code":"TW-10009070","township_code":"10009070","county":"Yunlin County","township_name_zh":"古坑鄉"},"geometry":{"type":"Polygon","coordinates":[[[120.64436619074718,23.668378472088875],[120.63683336496786,23.656919785419802],[120.6352071029255,23.642861852092835],[120.62907693984891,23.63516466171984],[120.63101850869725,23.6217397629797],[120.63536537731034,23.619847414026992],[120.64513542675866,23.630984448273693],[120.65300342177056,23.62950582073711],[120.65144876644752,23.616106420474978],[120.66120327021486,23.61046970821053],[120.66913595166295,23.6093403413837],[120.68372922802155,23.61093834133146],[120.68605782370969,23.618209307913276],[120.69131853482259,23.62035315227621],[120.70227357506553,23.617392310706634],[120.71028683666827,23.619162552409932],[120.71407108940934,23.621016850147555],[120.71310386764947,23.627911073637165],[120.71860899560875,23.629894405202663],[120.72308734240698,23.622532146641277],[120.73076872179911,23.61807959419798],[120.73101113045936,23.611091405044363],[120.72455214646448,23.603770464035733],[120.73271027985561,23.597171535637926],[120.72990317738982,23.593637510262965],[120.7339926456441,23.584211437108195],[120.73216149195935,23.577127960287214],[120.73517209841373,23.575026182612305],[120.73615854857826,23.57045653663988],[120.724496803085,23.571894660510225],[120.71794503783326,23.569041978604503],[120.71005137706948,23.571187585638597],[120.70890003890577,23.575707298553027],[120.69369665797444,23.57650469233772],[120.67624147356526,23.57071055284979],[120.6699589833205,23.578783669730626],[120.66068525442097,23.576293278811818],[120.65670520398203,23.5724033386432],[120.65070204406413,23.572447264229936],[120.64733907783625,23.57665176206922],[120.64346034861626,23.575713457110396],[120.64919679839363,23.58345222134301],[120.64707959105033,23.587480314464983],[120.64912057365564,23.592469426722744],[120.64562103458309,23.593532914612354],[120.62474003842215,23.59053849505557],[120.61899862348776,23.584168149140794],[120.61546432651755,23.585319294849626],[120.61019665555125,23.582618646033723],[120.58974551284518,23.58571840587979],[120.58591851083065,23.58259845175718],[120.58029949452612,23.582272630077853],[120.57071054515563,23.588040615482043],[120.55814169758139,23.58905824154465],[120.55657585918857,23.5928493453211],[120.53751676268848,23.594530754690652],[120.53340522057454,23.5967896115514],[120.51809428792114,23.610460498253417],[120.50645454344249,23.625861060939258],[120.50648356636361,23.634860488520758],[120.509223529942,23.63240220160037],[120.51600705408237,23.63331028214384],[120.51252042207989,23.637283726163105],[120.52757265125695,23.638596413493758],[120.52974396721038,23.64315324232831],[120.53961999726516,23.64130735145318],[120.53567516967337,23.647685055620855],[120.53680118742489,23.653899401536194],[120.5408632596318,23.659274842759828],[120.54016681025018,23.664845099621687],[120.53673590383892,23.66880378396752],[120.53774455286884,23.67505820097523],[120.55987632882955,23.671206910970227],[120.5621895892782,23.67716110010474],[120.56567558456061,23.6792785439697],[120.55676923771023,23.687661988110335],[120.56857354283477,23.691942658526898],[120.57165457160124,23.685472204578616],[120.57906435573545,23.688689933893386],[120.57779499144578,23.695659867708798],[120.58958680768512,23.69638328146334],[120.59854494919011,23.693966847192314],[120.6004724652322,23.69593963330749],[120.61652968050043,23.69718484090771],[120.62449479330019,23.686413455716433],[120.62981692361222,23.684764185418885],[120.62858635337761,23.682207348090685],[120.63274285439923,23.67643032989588],[120.63223731400092,23.673106316003725],[120.63607157354431,23.67292942835047],[120.64072184463748,23.668101432335277],[120.64436619074718,23.668378472088875]]]}},{"type":"Feature","properties":{"district":"Dabi Township, Yunlin County","constituency_code":"TW-10009080","township_code":"10009080","county":"Yunlin County","township_name_zh":"大埤鄉"},"geometry":{"type":"Polygon","coordinates":[[[120.46853623465961,23.630274936239346],[120.45399984581627,23.626299595549938],[120.4510465153844,23.627123865573992],[120.45303400451576,23.630691432063998],[120.44450344567758,23.630533998545275],[120.44112979640306,23.625973683938412],[120.43529196964869,23.62552257230891],[120.43703893060228,23.62191250655701],[120.43362395298311,23.62286543269363],[120.43034245544004,23.618467977215403],[120.42537893159249,23.618009528017353],[120.42202746139833,23.619266093155716],[120.4207028580505,23.62516381835559],[120.41579534487937,23.62137911415482],[120.40662598410199,23.62518307373989],[120.40461932861922,23.63419232371683],[120.40088708277267,23.63215363977872],[120.4026446638203,23.62693671935415],[120.38605401568032,23.620698622343582],[120.38338172968315,23.612907733405223],[120.37998659110838,23.610014572114835],[120.36651033748217,23.607805867746663],[120.38182950882481,23.634628220615923],[120.38785271553047,23.651872511307374],[120.39857606523333,23.662991500657256],[120.4119351974515,23.6716416720256],[120.41677697377838,23.679536118796875],[120.42200149437349,23.673600135537868],[120.42850733304704,23.674111783232263],[120.42965284000661,23.670814874906625],[120.43603080048115,23.672199051145355],[120.44297619089855,23.66980536882278],[120.44543933415798,23.673784757360693],[120.44730563964367,23.668746483663313],[120.44945094990146,23.6696326423326],[120.44882597683738,23.673744683570362],[120.45100868989914,23.674127549247032],[120.45903597642928,23.66832242813757],[120.45850310923117,23.66483704619276],[120.46604484998988,23.66479023288298],[120.46677764817002,23.667520475689457],[120.47445298231935,23.6623838800121],[120.46853623465961,23.630274936239346]]]}},{"type":"Feature","properties":{"district":"Citong Township, Yunlin County","constituency_code":"TW-10009090","township_code":"10009090","county":"Yunlin County","township_name_zh":"莿桐鄉"},"geometry":{"type":"Polygon","coordinates":[[[120.58364301381414,23.793268032393826],[120.5937293961947,23.791085933569036],[120.58596005231459,23.7791219268355],[120.57093917979932,23.768250100861508],[120.57080136589036,23.759781234616355],[120.5592364099324,23.757214844689372],[120.55352420497809,23.750682709839225],[120.53683096397788,23.746692747072643],[120.53014649296631,23.740379216727547],[120.53015436383293,23.737524112048163],[120.5234825912487,23.73303076725614],[120.5178089150495,23.7338898824122],[120.5033447165855,23.729286313112937],[120.4930255923573,23.73877543234039],[120.49519494329206,23.745020854329027],[120.48060274881789,23.744579662221668],[120.4804666625065,23.76624020512139],[120.48451718561967,23.76884579829499],[120.48024033552315,23.77251259058363],[120.47721742724252,23.78050706894612],[120.48548670784533,23.782276301610068],[120.48518242762702,23.783893654068947],[120.49825792356444,23.784250934033423],[120.50041847823024,23.78221504698689],[120.51337329773958,23.79998311183118],[120.55122459174163,23.801128488389054],[120.58364301381414,23.793268032393826]]]}},{"type":"Feature","properties":{"district":"Linnei Township, Yunlin County","constituency_code":"TW-10009100","township_code":"10009100","county":"Yunlin County","township_name_zh":"林內鄉"},"geometry":{"type":"Polygon","coordinates":[[[120.64037361994667,23.786048466563557],[120.64847722654281,23.77327500253938],[120.65569758107858,23.75502174625666],[120.65584288634022,23.735119315903773],[120.64443983622948,23.736584733298855],[120.64206888247304,23.73064263464994],[120.64021337784516,23.730720154411642],[120.64168342135292,23.722281249080424],[120.63934766526256,23.71379254109297],[120.63118159985106,23.71333960204106],[120.62613974145597,23.716690987698996],[120.62193197368174,23.7164826264721],[120.60994228500851,23.72254050923715],[120.60774501641947,23.726513596225516],[120.60124827978439,23.725039930248613],[120.60151247092381,23.730037963781058],[120.5939487597276,23.73175915016469],[120.58854104723162,23.742507647609898],[120.58487863554069,23.737067190798257],[120.5749163955752,23.743575730135888],[120.57153246435178,23.75076955916785],[120.57470445414731,23.7547943607712],[120.57075779103934,23.759737688543566],[120.57050048331075,23.767315725940023],[120.58596005231459,23.7791219268355],[120.5937293961947,23.791085933569036],[120.62832674967979,23.790011334555516],[120.64037361994667,23.786048466563557]]]}},{"type":"Feature","properties":{"district":"Erlun Township, Yunlin County","constituency_code":"TW-10009110","township_code":"10009110","county":"Yunlin County","township_name_zh":"二崙鄉"},"geometry":{"type":"Polygon","coordinates":[[[120.447324727754,23.820707141221646],[120.43752178290401,23.817800234693152],[120.43401853143018,23.813502898040383],[120.43045948961378,23.814293808612433],[120.4289661509672,23.810477636233998],[120.42922411879806,23.786287426323725],[120.42221945586323,23.77822922919563],[120.42303150050338,23.77557984983025],[120.43144227414166,23.772215636242663],[120.43308680771008,23.76737871265749],[120.4311240067675,23.763235549481067],[120.42546737901637,23.760327953172578],[120.43431683925076,23.756886452747665],[120.43300509440962,23.754907837226938],[120.42669162252048,23.754602457137764],[120.42744242332924,23.74907235590456],[120.42033202890002,23.746814917274662],[120.41664607835389,23.74962115998858],[120.41719304422372,23.74407169275446],[120.3873736961392,23.74605526983487],[120.38971024363286,23.763439483345508],[120.35751702529058,23.77316260796806],[120.35960958221654,23.782080391496947],[120.36498577797136,23.779203456674225],[120.3674851711038,23.783613714901094],[120.36192320689054,23.78940974386461],[120.3510564845692,23.791784987387302],[120.3531589565207,23.803653052646325],[120.34901221404255,23.807276181050952],[120.35134938296767,23.814255531667527],[120.35057719717997,23.82228529852773],[120.36011452456569,23.82325680375851],[120.37032451696291,23.828559212837433],[120.41033550138229,23.826376145442794],[120.42657734027205,23.830350331402713],[120.43388179311034,23.829936667543222],[120.447324727754,23.820707141221646]]]}},{"type":"Feature","properties":{"district":"Lunbei Township, Yunlin County","constituency_code":"TW-10009120","township_code":"10009120","county":"Yunlin County","township_name_zh":"崙背鄉"},"geometry":{"type":"Polygon","coordinates":[[[120.35057719717997,23.82228529852773],[120.35134938296767,23.814255531667527],[120.34901221404255,23.807276181050952],[120.3531589565207,23.803653052646325],[120.3510564845692,23.791784987387302],[120.36192320689054,23.78940974386461],[120.3674851711038,23.783613714901094],[120.36498577797136,23.779203456674225],[120.35960958221654,23.782080391496947],[120.35751702529058,23.77316260796806],[120.38971024363286,23.763439483345508],[120.3873736961392,23.74605526983487],[120.37819400305091,23.746968177039776],[120.36381814319282,23.7429845967618],[120.35068607899939,23.74269383605173],[120.3422451609855,23.747544369077445],[120.3314942704443,23.74808328331693],[120.32965845017736,23.745430287777594],[120.31587125865178,23.746088237182448],[120.31019887028174,23.742356802524455],[120.29898662393362,23.740927904799037],[120.30068736333124,23.753942918630855],[120.29775867072613,23.75984091003005],[120.29332076913829,23.760596225435506],[120.29434356720196,23.763653229712816],[120.30680039971878,23.763074289347003],[120.30593069954216,23.776419755467373],[120.30309139864914,23.77853364251365],[120.29733460800583,23.777334133963166],[120.29465421372106,23.78013832532349],[120.29615291592438,23.787295529465155],[120.2932866596517,23.792746152213226],[120.29703024774778,23.80484825524286],[120.30190075831342,23.806336598155553],[120.30206130078841,23.82187989134394],[120.31640187844403,23.820058428753555],[120.35057719717997,23.82228529852773]]]}},{"type":"Feature","properties":{"district":"Mailiao Township, Yunlin County","constituency_code":"TW-10009130","township_code":"10009130","county":"Yunlin County","township_name_zh":"麥寮鄉"},"geometry":{"type":"Polygon","coordinates":[[[120.30198242125175,23.81624325102524],[120.30190075831342,23.806336598155553],[120.29703024774778,23.80484825524286],[120.2932866596517,23.792746152213226],[120.29615291592438,23.787295529465155],[120.29465421372106,23.78013832532349],[120.29733460800583,23.777334133963166],[120.30309139864914,23.77853364251365],[120.30591204400571,23.77648332764352],[120.30680039971878,23.763074289347003],[120.29429677547591,23.76363041481187],[120.2933143938443,23.76053454633228],[120.29775867072613,23.75984091003005],[120.30068736333124,23.753942918630855],[120.29898662393362,23.740927904799037],[120.28344262657606,23.741229960993962],[120.27920627385049,23.736160932281223],[120.27327894926418,23.734177925371],[120.26434632422354,23.73365474117344],[120.24803950751732,23.73753059166353],[120.23887564879226,23.751591435196644],[120.22235151630946,23.762520744936467],[120.20774850658836,23.761792525204953],[120.20116814199616,23.756743333737916],[120.16778320772892,23.75695601350924],[120.16918790559748,23.758933237778763],[120.16292360953696,23.772470821571233],[120.16288578854835,23.779713786861805],[120.15675841426946,23.784550040452075],[120.17546140891693,23.80314580533468],[120.17043295221902,23.806658982626004],[120.17498770541829,23.805822644599402],[120.18108703703717,23.80979405794949],[120.18254884005694,23.81619219831134],[120.19169224010489,23.818246809242908],[120.20150908937308,23.828412718672098],[120.20834832561479,23.84022103657162],[120.20463101031294,23.847660925511377],[120.21432479905025,23.85071654843],[120.21925122316543,23.858472905200472],[120.22036234004997,23.866219431481625],[120.23488928870972,23.849193725510077],[120.2491895902275,23.837498403828306],[120.256061562691,23.83382095367415],[120.30206130078841,23.82187989134394],[120.30198242125175,23.81624325102524]]]}},{"type":"Feature","properties":{"district":"Dongshi Township, Yunlin County","constituency_code":"TW-10009140","township_code":"10009140","county":"Yunlin County","township_name_zh":"東勢鄉"},"geometry":{"type":"Polygon","coordinates":[[[120.28949387774037,23.74153118351734],[120.2871144955376,23.71949683291257],[120.28015414219999,23.713860047802996],[120.27860859071393,23.7031586973161],[120.27119616167363,23.702727225081446],[120.2689100526569,23.6935254617307],[120.27242695224209,23.69118026545692],[120.27725141032442,23.690888016368888],[120.2776703460097,23.693824455734102],[120.28669913195938,23.691404167868086],[120.2879781657598,23.68560160443053],[120.29890697997325,23.690215878360164],[120.29753635651775,23.68693722717137],[120.30476760364206,23.687331939617366],[120.30612713845676,23.683525839645824],[120.30165091675644,23.678626563365242],[120.29237051938401,23.67616803902382],[120.28342242510485,23.679464199113568],[120.27882424004667,23.672123581837866],[120.2714813025201,23.672209398744826],[120.25640523951029,23.656694459381868],[120.24880065322759,23.65805098596428],[120.23871827822597,23.65361835620223],[120.22649538815165,23.658212045549533],[120.21841856876199,23.658014962720415],[120.22239419903315,23.671312374466538],[120.22039176946464,23.67373131604745],[120.22172417353181,23.679287627122335],[120.22830406508058,23.67878934785017],[120.23340090532758,23.695876572845634],[120.22520458942029,23.70372007302302],[120.22735572458703,23.703560437064596],[120.23335386448935,23.717438991616234],[120.23738026328863,23.71700608226496],[120.24246051554042,23.723251886465448],[120.24095869358894,23.72903643648243],[120.24266813122938,23.732795626916698],[120.23747401401465,23.737973196605765],[120.23886240717445,23.741123281614193],[120.24270991912749,23.74441994442492],[120.25049605065226,23.736195896123775],[120.26456424164655,23.733632086351747],[120.27368354346083,23.734283242277854],[120.27920627385049,23.736160932281223],[120.28289098423159,23.741042008082275],[120.28949387774037,23.74153118351734]]]}},{"type":"Feature","properties":{"district":"Baozhong Township, Yunlin County","constituency_code":"TW-10009150","township_code":"10009150","county":"Yunlin County","township_name_zh":"褒忠鄉"},"geometry":{"type":"Polygon","coordinates":[[[120.32965845017736,23.745430287777594],[120.33911961038177,23.737822702255983],[120.34664342765211,23.736003398937783],[120.35065152434845,23.738435278165582],[120.35289230933267,23.729856365478952],[120.34797173620677,23.72831554892349],[120.34827296862261,23.72101257906735],[120.34449951134343,23.720668654934514],[120.34289796536882,23.71003774474616],[120.33710229703343,23.710603339172792],[120.34061662635634,23.70306971569488],[120.33492560223476,23.704126559393274],[120.33489117888485,23.69383715596001],[120.322384072467,23.695134152818923],[120.31423650700924,23.691451858016876],[120.30640367279136,23.683860387446998],[120.30476760364206,23.687331939617366],[120.29753635651775,23.68693722717137],[120.29890697997325,23.690215878360164],[120.2879781657598,23.68560160443053],[120.28669913195938,23.691404167868086],[120.2776703460097,23.693824455734102],[120.27716961968224,23.690855318817967],[120.26934668700005,23.69272429169274],[120.27119616167363,23.702727225081446],[120.27860859071393,23.7031586973161],[120.28015414219999,23.713860047802996],[120.2871144955376,23.71949683291257],[120.28949387774037,23.74153118351734],[120.3097689430823,23.742262928591344],[120.312701965923,23.745209372014983],[120.32047690538491,23.746646214351358],[120.32965845017736,23.745430287777594]]]}},{"type":"Feature","properties":{"district":"Taixi Township, Yunlin County","constituency_code":"TW-10009160","township_code":"10009160","county":"Yunlin County","township_name_zh":"臺西鄉"},"geometry":{"type":"Polygon","coordinates":[[[120.22375415832778,23.762018126435464],[120.23985856282252,23.75026684803663],[120.24270991912749,23.74441994442492],[120.23742167796809,23.73810464061671],[120.24264086018763,23.7328885700515],[120.24095869358894,23.72903643648243],[120.2429358432147,23.725374378225013],[120.2400487109793,23.7190630071521],[120.23335386448935,23.717438991616234],[120.22735572458703,23.703560437064596],[120.22520458942029,23.70372007302302],[120.23340090532758,23.695876572845634],[120.22830406508058,23.67878934785017],[120.22172417353181,23.679287627122335],[120.22039176946464,23.67373131604745],[120.22239419903315,23.671312374466538],[120.21841856876199,23.658014962720415],[120.20407162300705,23.661194160582113],[120.1907751879246,23.66965487627158],[120.17885724626501,23.681805935695422],[120.17790068147133,23.684480541943515],[120.18646314645707,23.69930523724696],[120.18312227477327,23.70173240042999],[120.16134760970453,23.6997375089789],[120.14102339101669,23.687534580256738],[120.14603149515744,23.692712466507146],[120.14692330156913,23.706745661283264],[120.15618622151692,23.71546112882811],[120.15582539192837,23.719441633424708],[120.16581179577781,23.741899506257255],[120.16778320772892,23.75695601350924],[120.20116814199616,23.756743333737916],[120.20774850658836,23.761792525204953],[120.22375415832778,23.762018126435464]]]}},{"type":"Feature","properties":{"district":"Yuanchang Township, Yunlin County","constituency_code":"TW-10009170","township_code":"10009170","county":"Yunlin County","township_name_zh":"元長鄉"},"geometry":{"type":"Polygon","coordinates":[[[120.33489117888485,23.69383715596001],[120.34313883888638,23.68571006626661],[120.33805753712568,23.679774440038443],[120.33811970995669,23.676852955499555],[120.34079988750489,23.67685447265586],[120.34089697921229,23.671154018243385],[120.3432699222692,23.671192370731376],[120.34102054606137,23.643788309383012],[120.34342105423832,23.64611754358981],[120.35555239422763,23.647063463108395],[120.37515302109512,23.65350492920919],[120.38763329893766,23.651432660089256],[120.38033388230292,23.631620850821662],[120.3688347531214,23.614267252931427],[120.3651718521993,23.601681900998983],[120.35862356282723,23.594813311784947],[120.34331990748785,23.591916885955584],[120.33524516013608,23.592998866604432],[120.33610286785313,23.601472354465614],[120.33233173442204,23.601486146468517],[120.3322136300551,23.603923248059516],[120.31992117921914,23.60475110727782],[120.31956418973562,23.607129319462558],[120.31274098480867,23.60744743305264],[120.31286363344998,23.610575297611945],[120.30155380346537,23.61240792078894],[120.30497786243848,23.615206949141452],[120.3019645274411,23.616545800448364],[120.30186659396816,23.620535746127814],[120.29642017285278,23.62054166456619],[120.29814000485737,23.6300895023287],[120.28177975583117,23.633861865133042],[120.28214414493641,23.637590440846225],[120.27959954108599,23.638118177412025],[120.28063417602641,23.647974289282047],[120.27742351808092,23.647793678435562],[120.27845599644718,23.65293888871878],[120.27564672661515,23.652928842392214],[120.27458012886996,23.660777116171005],[120.27758452820342,23.671649891829077],[120.28342242510485,23.679464199113568],[120.2914905039836,23.676181655658922],[120.29757072051245,23.677365569965104],[120.30197262673539,23.678850258033037],[120.3141832347685,23.691414140450263],[120.322384072467,23.695134152818923],[120.33489117888485,23.69383715596001]]]}},{"type":"Feature","properties":{"district":"Sihu Township, Yunlin County","constituency_code":"TW-10009180","township_code":"10009180","county":"Yunlin County","township_name_zh":"四湖鄉"},"geometry":{"type":"Polygon","coordinates":[[[120.13232111652633,23.660905435937195],[120.14130801295448,23.687773638042984],[120.16087860066693,23.699575637305884],[120.18226675240874,23.702046182885056],[120.18646314645707,23.69930523724696],[120.17821737503186,23.682738056016547],[120.1907751879246,23.66965487627158],[120.20440542257222,23.661036182074213],[120.24085648653772,23.653862258636366],[120.24880065322759,23.65805098596428],[120.25673923422835,23.65684691515304],[120.2714813025201,23.672209398744826],[120.27758452820342,23.671649891829077],[120.27458012886996,23.660777116171005],[120.27564672661515,23.652928842392214],[120.27845599644718,23.65293888871878],[120.27742351808092,23.647793678435562],[120.28063417602641,23.647974289282047],[120.27959954108599,23.638118177412025],[120.28214414493641,23.637590440846225],[120.28177975583117,23.633861865133042],[120.2730491419045,23.634414363632004],[120.27281183599746,23.62994444707863],[120.2685488498496,23.629303028112304],[120.25924566905246,23.633490683448315],[120.25329250964171,23.632967590981593],[120.24830273008695,23.618926251945027],[120.2334610178118,23.608728373415772],[120.22868261491078,23.60838771292265],[120.22560143505825,23.602774258025647],[120.21891472563414,23.600574573857557],[120.21547362720617,23.58774304330683],[120.20953153844982,23.58715248010293],[120.20998236769219,23.59018994930676],[120.20334659317075,23.591329980294404],[120.1984539053235,23.595384533269623],[120.19907413896044,23.60184254150016],[120.20312227887018,23.604771976045924],[120.20297258941355,23.608551859880492],[120.19947936717915,23.610563860933496],[120.20180479725366,23.617121052694472],[120.17764406262347,23.621974865547656],[120.17943421801476,23.627436839538575],[120.1653259739146,23.628157876384932],[120.1671883601548,23.63518476606413],[120.15957393708754,23.63626194793062],[120.15555740205252,23.63234100363445],[120.15527261823684,23.627694820859347],[120.14543310875104,23.61999982483212],[120.13719258666856,23.620633875652914],[120.13708681920139,23.63616535085032],[120.12854059057588,23.621935993251554],[120.12353763865121,23.621844925203163],[120.11831832872792,23.626628462333713],[120.11448645598523,23.632854723366847],[120.11495693631366,23.636233618386825],[120.12396625463896,23.643200448641835],[120.13232111652633,23.660905435937195]]]}},{"type":"Feature","properties":{"district":"Kouhu Township, Yunlin County","constituency_code":"TW-10009190","township_code":"10009190","county":"Yunlin County","township_name_zh":"口湖鄉"},"geometry":{"type":"MultiPolygon","coordinates":[[[[120.0810843509621,23.524119750626028],[120.09158568323278,23.519838251933834],[120.0959856379269,23.510879642781333],[120.08257252390297,23.51257096357915],[120.08249027460658,23.508480190408534],[120.07659916481964,23.50732573609389],[120.0748722182783,23.503369660681358],[120.0776668102751,23.502058917684963],[120.06990845431176,23.503764479247366],[120.07109267348812,23.502019852034607],[120.06688015909208,23.500297157487864],[120.07410921187068,23.498787243436595],[120.06640201743926,23.498551630953045],[120.06531308952754,23.49636903030654],[120.06974991462687,23.4966484100961],[120.07210283427844,23.49395363745043],[120.0691860531939,23.49329515654631],[120.06821854095301,23.4901381305703],[120.06527482247509,23.491926367707777],[120.06540357121787,23.4946449714883],[120.06239019934833,23.49172844401255],[120.05386128716873,23.492281843632213],[120.06514290002485,23.487185160766614],[120.06321806216386,23.486099107088194],[120.06377111194729,23.482770593887835],[120.06026445384157,23.481431202088345],[120.06252650239628,23.480478683344586],[120.05368620085756,23.478944445329944],[120.05831236112658,23.48269256061326],[120.0526763170584,23.48794959170033],[120.05356964872033,23.48335908955039],[120.04798396308945,23.480209948830122],[120.04897068664798,23.476793850655724],[120.04723716696174,23.47868845690681],[120.04267822292172,23.476836603526465],[120.04573164070268,23.488214211816455],[120.05144246699626,23.492510930634978],[120.04725963382509,23.495185205033238],[120.04502535003996,23.493573316855134],[120.04395850408173,23.484311709917506],[120.04001691764665,23.480450023749654],[120.0409441303674,23.478523458291022],[120.03775119086481,23.478241930920433],[120.03831113485103,23.480394363808898],[120.03493540544468,23.48301005816768],[120.03579756750378,23.47752557234736],[120.02978678313355,23.479601134784616],[120.02485492531457,23.4752453251117],[120.02590580650781,23.473039719807275],[120.02258786753612,23.470463668463594],[120.02577693455794,23.4685965041254],[120.02348117581562,23.465728879983885],[120.02540124457187,23.46483795400843],[120.02387815994916,23.459537224863084],[120.0139033645487,23.459980171547727],[120.0164192449522,23.467833473436087],[120.0196419601084,23.468576111098685],[120.01803154591914,23.469523082824082],[120.01229955677923,23.46783449686461],[120.00888878259127,23.463858029324626],[120.00757413833583,23.461061899487106],[120.02224562693425,23.43851581665166],[120.01917756639159,23.43628437922075],[120.00409849425012,23.460942682658754],[119.99695793386161,23.465391194448102],[120.00031958528075,23.472943213558494],[120.06339757044157,23.514840629391585],[120.07888447883568,23.522797507099312],[120.08141919374089,23.526379067939672],[120.0810843509621,23.524119750626028]]],[[[120.09941942306796,23.54165358794279],[120.10801120415385,23.533982964442316],[120.10307770147483,23.531652118650413],[120.10835730914255,23.532034599417273],[120.11162595177632,23.52960631567896],[120.10932742132354,23.529195889378855],[120.10995367322346,23.527222030372457],[120.09988355418272,23.529448565598898],[120.0989672205609,23.523222009588096],[120.09654921157687,23.521420181895905],[120.09113061908283,23.527772410968055],[120.0911539969594,23.531203720275528],[120.09637620180035,23.541274773711905],[120.09941942306796,23.54165358794279]]],[[[120.13241821992494,23.546725915368768],[120.13379629426368,23.547609439923747],[120.1369394374052,23.54292258710774],[120.13200902659537,23.534163757851218],[120.12750208135606,23.532838328026457],[120.1325766912613,23.530320395369984],[120.12710348293945,23.530172420021245],[120.1260991101858,23.53487110162007],[120.12898311907577,23.5384358172592],[120.12676881372988,23.541412137060547],[120.12869396365556,23.54293083209228],[120.1261100675257,23.544162401473727],[120.12950015460854,23.54410916250788],[120.13045561773265,23.548186753415962],[120.13241821992494,23.546725915368768]]],[[[120.13232101670167,23.56315884310618],[120.12985816572188,23.551163107391517],[120.1255183468943,23.55884083014024],[120.11925842423693,23.54899964251956],[120.11009668881115,23.545687927755694],[120.11063400405612,23.541817404849382],[120.10572857191607,23.54048906751649],[120.10366974226486,23.543836141824556],[120.10505802121077,23.547970545604244],[120.11144207009556,23.555347990117696],[120.12145111887412,23.556109112445654],[120.12448352669344,23.562916289655107],[120.13232101670167,23.56315884310618]]],[[[120.13038023565946,23.56900807236468],[120.12729103565289,23.573415164977916],[120.13235036157994,23.578960417988924],[120.13251707160566,23.5737152795366],[120.13038023565946,23.56900807236468]]],[[[120.17242341990493,23.626341626265116],[120.17943421801476,23.627436839538575],[120.17764406262347,23.621974865547656],[120.20180479725366,23.617121052694472],[120.19947936717915,23.610563860933496],[120.20297258941355,23.608551859880492],[120.20312227887018,23.604771976045924],[120.19907413896044,23.60184254150016],[120.1984539053235,23.595384533269623],[120.20334659317075,23.591329980294404],[120.20998236769219,23.59018994930676],[120.20953153844982,23.58715248010293],[120.21449249743091,23.58704041468343],[120.21501022724021,23.58317799646744],[120.2085627707553,23.578672661014537],[120.20270871213745,23.579260040618408],[120.19905462097404,23.576919760038948],[120.19856489335518,23.571183953276886],[120.20598154201457,23.566648936599222],[120.1986460652638,23.553810068479947],[120.19780886119008,23.54573084430308],[120.2036369590785,23.54715583627285],[120.20300862165061,23.542560471488628],[120.20054880228543,23.542252501351925],[120.20049272146196,23.5302970912378],[120.19908265464085,23.52767927357968],[120.1908304161908,23.52895370464978],[120.18466176572792,23.51966620623051],[120.18249561727896,23.509841933958114],[120.16658710401168,23.51723188354464],[120.15813580962003,23.515922741341512],[120.14584610711222,23.52082277485124],[120.14538250030216,23.52646340456255],[120.15027620438343,23.531934925756275],[120.14113809504715,23.545388252066232],[120.14005498215181,23.558808974354747],[120.13767142799406,23.56197614648204],[120.14149656931124,23.563014816680493],[120.14311372301995,23.567646798261194],[120.14345321439441,23.57199323430035],[120.14056839341663,23.573575988041455],[120.14075781222334,23.58388038677049],[120.14151516369395,23.59190743138288],[120.1448109775447,23.597289116599484],[120.14187373688355,23.59818186100415],[120.14148082937686,23.601516497688294],[120.13964097744918,23.598489764591022],[120.13995939051347,23.614073104590148],[120.13301764145103,23.615691751173415],[120.13490075526568,23.620327483826372],[120.14547795254555,23.620031675221696],[120.15527261823684,23.627694820859347],[120.15561055198543,23.632440343646977],[120.16095145384656,23.63681171698721],[120.16724331412775,23.635148653787383],[120.1651215085509,23.628279989929638],[120.17242341990493,23.626341626265116]]]]}},{"type":"Feature","properties":{"district":"Shuilin Township, Yunlin County","constituency_code":"TW-10009200","township_code":"10009200","county":"Yunlin County","township_name_zh":"水林鄉"},"geometry":{"type":"Polygon","coordinates":[[[120.26741265357111,23.630154636627253],[120.26417684158798,23.61760570543902],[120.26797198332042,23.613729026673298],[120.26766768331697,23.609709364695448],[120.2717131486429,23.60924419306508],[120.26802064293838,23.596925513501674],[120.27061583545253,23.59184609851866],[120.26769528980583,23.590504144550664],[120.2675052630575,23.58656536400042],[120.26266263507262,23.58550679810031],[120.2625416088083,23.579899530538967],[120.26498366206647,23.57980474829054],[120.2652741628724,23.576049525665155],[120.27082261297323,23.575908353687623],[120.27236010563445,23.571543450070237],[120.27772535933798,23.570097274569605],[120.27566355832664,23.56273305638547],[120.27305460348725,23.563693691510707],[120.27109020714738,23.55728902386943],[120.27115566160455,23.553560116306357],[120.27370773522387,23.553113067813854],[120.27432890775299,23.543905536211582],[120.27702017124398,23.544038721310017],[120.2725047597869,23.531347815949005],[120.26842774264628,23.530276821418227],[120.26345060216363,23.533526622355794],[120.2560978728186,23.54609214873375],[120.24890467870807,23.545757685468857],[120.24209351300533,23.541537655438503],[120.24708067823076,23.515268873959428],[120.24052178495242,23.50841462803271],[120.22304655465484,23.50431755061453],[120.19853513838598,23.5130407280472],[120.18249561727896,23.509841933958114],[120.18466176572792,23.51966620623051],[120.1908304161908,23.52895370464978],[120.19908265464085,23.52767927357968],[120.20049272146196,23.5302970912378],[120.20054880228543,23.542252501351925],[120.20300862165061,23.542560471488628],[120.2036369590785,23.54715583627285],[120.19780886119008,23.54573084430308],[120.1986460652638,23.553810068479947],[120.20598154201457,23.566648936599222],[120.19856489335518,23.571183953276886],[120.19914699753599,23.577082134433],[120.20270871213745,23.579260040618408],[120.2085627707553,23.578672661014537],[120.21491393233214,23.58280215449588],[120.21845650036721,23.600137833394342],[120.22625230050335,23.60318698659023],[120.22868261491078,23.60838771292265],[120.2334610178118,23.608728373415772],[120.24753622891387,23.61817531353995],[120.2517903738268,23.62496035573588],[120.25329250964171,23.632967590981593],[120.25919790515923,23.63350201040953],[120.26741265357111,23.630154636627253]]]}},{"type":"Feature","properties":{"district":"Taibao City, Chiayi County","constituency_code":"TW-10010010","township_code":"10010010","county":"Chiayi County","township_name_zh":"太保市"},"geometry":{"type":"Polygon","coordinates":[[[120.38880244277857,23.516066845108867],[120.3889558743142,23.507124593725052],[120.40476701438627,23.51115887778002],[120.4091087181929,23.508282394416995],[120.40640239735285,23.504175372295663],[120.40100958752248,23.501870630225483],[120.40020464033194,23.498755150230068],[120.39447205853878,23.500810417666685],[120.38934468810692,23.49864984771233],[120.38978510679726,23.49135030697113],[120.39472183804241,23.49074659208162],[120.39343824018272,23.482376509168603],[120.39906906728368,23.478417579307916],[120.39927815066619,23.47106821882329],[120.39428023314633,23.466462599969077],[120.39417267602823,23.462519047616013],[120.38037837716047,23.45857147619273],[120.3790414270203,23.464651556923855],[120.37426555571085,23.462010169833547],[120.36083287873441,23.46376560959527],[120.36203133507809,23.461056013424354],[120.3554927260086,23.458746788233725],[120.35821320577486,23.45486044445397],[120.34987732587797,23.450793866643664],[120.35393555168446,23.449345319630822],[120.35174835100565,23.443978742125296],[120.35484830600456,23.442076386416147],[120.35363038293588,23.43528328809333],[120.35601720163265,23.434511687764257],[120.35348364145693,23.430326861695335],[120.33602433995134,23.429114205056578],[120.33246477562898,23.432752216341783],[120.31318963859098,23.43816656673374],[120.2923992554214,23.434754975961425],[120.29016843942202,23.44102883990911],[120.29230801110589,23.44860609309677],[120.28952178280406,23.452515823746296],[120.29467042490023,23.46687878642689],[120.28949400454474,23.467726550340103],[120.29005890289613,23.478110369997637],[120.30360063076455,23.4788517342202],[120.30799040962972,23.475637087781422],[120.31735825348062,23.48793725749846],[120.31462900442511,23.48882173893213],[120.32079384985639,23.49342407256296],[120.31377757217729,23.497850784785953],[120.31375864954214,23.500447016017006],[120.32023879458472,23.49991089956842],[120.32594122930436,23.50581895887791],[120.3335290522241,23.508299881734217],[120.35127306110292,23.505097357257284],[120.35672294820552,23.512855833729816],[120.36378077995914,23.51404531124217],[120.36784260755041,23.509867225592018],[120.3687297689637,23.503098177838694],[120.37238776588276,23.50216064180023],[120.37787394962311,23.505255530918078],[120.38023933028092,23.514727675441918],[120.38880244277857,23.516066845108867]]]}},{"type":"Feature","properties":{"district":"Puzi City, Chiayi County","constituency_code":"TW-10010020","township_code":"10010020","county":"Chiayi County","township_name_zh":"朴子市"},"geometry":{"type":"Polygon","coordinates":[[[120.29005890289613,23.478110369997637],[120.28949400454474,23.467726550340103],[120.29467042490023,23.46687878642689],[120.28952178280406,23.452515823746296],[120.29230801110589,23.44860609309677],[120.29123968936028,23.445661678543672],[120.28898855497789,23.44325896612844],[120.28774913901157,23.44685439541405],[120.287304067229,23.444161141723384],[120.2850501053781,23.44445173785749],[120.28452522775717,23.447901169403508],[120.28113593657429,23.44565013664453],[120.28165579867618,23.450177563943498],[120.2734037805601,23.4480463604512],[120.2711236232567,23.450566068369426],[120.26951152463721,23.447647237729882],[120.26696013360333,23.448138840435206],[120.26993872599144,23.444905171536504],[120.26964782768516,23.431055442954403],[120.28165659637489,23.432851412462753],[120.2832498002382,23.42610780023483],[120.27971504461368,23.42445517816401],[120.28138818831428,23.423175647937853],[120.27693326256008,23.418450284353185],[120.27387177066578,23.41843597793809],[120.27236204906933,23.422555428690146],[120.26623536636907,23.4185195681236],[120.26761335886943,23.40938603993385],[120.25794025633786,23.40369018555367],[120.25818242937567,23.39463549463244],[120.2469858042515,23.397794408285392],[120.23382856263811,23.409180929756133],[120.23762232570982,23.416334595065564],[120.23577850597337,23.417753987856315],[120.23716847114804,23.423978951167726],[120.23124164478611,23.421620931460893],[120.23354559275492,23.419860634460747],[120.22819959443575,23.418844853807002],[120.21864748219559,23.423112513731553],[120.21944226165112,23.43360317734482],[120.22184835102064,23.43626038980517],[120.22042412797123,23.441781082331147],[120.21375376012804,23.442645869511296],[120.20883819802452,23.446734719032122],[120.2062265335278,23.452945360639944],[120.21307296884254,23.456950410433137],[120.21584920837438,23.455625633516206],[120.2216335380574,23.459834733186426],[120.22183578749161,23.462937237763356],[120.2263949275839,23.463606881952103],[120.22602554094601,23.469038719661228],[120.23046814149154,23.46734833955429],[120.23822325629828,23.46941063879001],[120.24091844802797,23.475929137219964],[120.24576618056483,23.475394194386638],[120.2525459770153,23.47005297056819],[120.25582391054513,23.47761306469124],[120.26215779704478,23.478471185197066],[120.26186936108218,23.485408176845908],[120.2734850486961,23.491144757924303],[120.28384754992453,23.490302489768112],[120.28422119844959,23.486181954433675],[120.29115060341769,23.481403195401185],[120.29005890289613,23.478110369997637]]]}},{"type":"Feature","properties":{"district":"Budai Township, Chiayi County","constituency_code":"TW-10010030","township_code":"10010030","county":"Chiayi County","township_name_zh":"布袋鎮"},"geometry":{"type":"Polygon","coordinates":[[[120.21059557222793,23.446051008547272],[120.21801476506937,23.44060235081787],[120.22042412797123,23.441781082331147],[120.22184835102064,23.43626038980517],[120.21827685988922,23.428802517122506],[120.2187837627605,23.422971131312693],[120.22819959443575,23.418844853807002],[120.23354559275492,23.419860634460747],[120.23124164478611,23.421620931460893],[120.23723789251483,23.42385728998198],[120.23577850597337,23.417753987856315],[120.23759770946674,23.4162258256614],[120.23382856263811,23.409180929756133],[120.23576657017111,23.40759987843171],[120.23082508870698,23.403713137151613],[120.23617699737065,23.401810094360428],[120.23059904051343,23.399445726339252],[120.22725748624407,23.39413781251011],[120.2267129053763,23.389435919432174],[120.23088641077925,23.38670776215355],[120.22708958101941,23.38152544314471],[120.22182203865623,23.38090768803943],[120.21945037263663,23.377761207513743],[120.21193539929925,23.381106332091576],[120.20743221322607,23.379926603230217],[120.20113296321574,23.373870092830543],[120.19993513100155,23.371453204401917],[120.2017995784878,23.370161889459666],[120.18980216194029,23.362271657810822],[120.18238565897104,23.348246783562274],[120.17594036355695,23.341519170273557],[120.18023901232061,23.33487194198659],[120.17847470794152,23.329784372850554],[120.18028114825643,23.3221765651964],[120.17243771732683,23.316905021749392],[120.16993575303263,23.310827558944766],[120.15622059720283,23.310041211532734],[120.15430332264032,23.31301560768418],[120.14880770321304,23.314110801172603],[120.14708224774756,23.32106713813795],[120.11806895751647,23.340168472197263],[120.13089814353452,23.370442893424865],[120.1316596309872,23.384779171421656],[120.14807684936716,23.385529223095205],[120.1520554905685,23.38859984490699],[120.15591486188146,23.384703819026072],[120.15645589672226,23.379781235016026],[120.15797973048029,23.379806181310244],[120.15819139311839,23.384782818172596],[120.1540035345356,23.38811472721295],[120.15778396425856,23.385789682048255],[120.15926467372583,23.38768934248924],[120.15568895937804,23.3900742168517],[120.15498029540436,23.38919000881191],[120.15364784097517,23.38895932551253],[120.15550448054739,23.39094005983594],[120.16072874213785,23.38879203992076],[120.16370449986289,23.393040582956587],[120.15999448166008,23.40537191867918],[120.164287557325,23.404138247582125],[120.17111811510904,23.407667081170928],[120.17094565571745,23.411095566607173],[120.17385164493749,23.410630421057135],[120.17664090395465,23.41748828315781],[120.18587878317942,23.421080748277973],[120.18647747985187,23.424140455018062],[120.19033812550413,23.41552868020449],[120.1929881559787,23.421644250881513],[120.20002078423192,23.418407377698372],[120.20380502887906,23.42067663341993],[120.20719131093028,23.42407435304898],[120.2075910245062,23.432984493239815],[120.20497581308337,23.43735420013627],[120.20700729884777,23.44075802436339],[120.19428609532713,23.44829458232914],[120.2062265335278,23.452945360639944],[120.21059557222793,23.446051008547272]]]}},{"type":"Feature","properties":{"district":"Dalin Township, Chiayi County","constituency_code":"TW-10010040","township_code":"10010040","county":"Chiayi County","township_name_zh":"大林鎮"},"geometry":{"type":"Polygon","coordinates":[[[120.50594426271766,23.633824699750164],[120.50645454344249,23.625861060939258],[120.5102498749319,23.61934924537144],[120.53337160661442,23.596818334098884],[120.53179979492461,23.595563072078164],[120.53359642003886,23.59163595033891],[120.524797458536,23.585612360522077],[120.53586462715089,23.569011585116584],[120.53111808273343,23.566217033589282],[120.530760286558,23.55932065262607],[120.5281441506321,23.561552482161346],[120.52454763946207,23.560597278941316],[120.51959014466945,23.558039169072458],[120.51638707430413,23.55156857213194],[120.51237075060976,23.550126881550398],[120.51025280492308,23.551429185308677],[120.51210400899288,23.556308802409376],[120.50812085499354,23.557706956810648],[120.50691798747516,23.554921545093293],[120.4995655054438,23.55735090532005],[120.502398020952,23.561671198966735],[120.50143222012093,23.565015680529257],[120.49553162428515,23.56406476887406],[120.49465289491525,23.567031542371808],[120.49101110737672,23.56821488650786],[120.48811176054937,23.56549465495442],[120.48660525492869,23.567607555444397],[120.48321957362452,23.5662167197259],[120.47502292227011,23.57680469178314],[120.46993725609957,23.57580111313092],[120.46995897922352,23.580703321201383],[120.46796331705355,23.581730723793896],[120.46431906717123,23.582560237764824],[120.45844810399683,23.57859744891317],[120.45395737803062,23.587105565169736],[120.44832930105645,23.59013017676631],[120.44821725812005,23.59375288698618],[120.42694576013878,23.592074216951573],[120.42618014749587,23.595284739099498],[120.42950288165275,23.59908292773497],[120.4261880057719,23.599007694049874],[120.42684141809707,23.605451265463557],[120.41691067598697,23.60514474683265],[120.41366803365293,23.601210935935967],[120.40726663684586,23.60266225376006],[120.40758614438516,23.606451289995107],[120.40514452639889,23.607362072101978],[120.41419364152341,23.618529227342037],[120.41191342036814,23.622080147380927],[120.41611575174056,23.621462618005467],[120.42007042780801,23.62519927862388],[120.42202746139833,23.619266093155716],[120.42993183848364,23.61835604669426],[120.43350023594724,23.622803876797548],[120.43716682768707,23.622037175974924],[120.43566489242096,23.625857657904646],[120.44112979640306,23.625973683938412],[120.44450344567758,23.630533998545275],[120.45303400451576,23.630691432063998],[120.4510465153844,23.627123865573992],[120.45427167040134,23.626312183360596],[120.46613912412136,23.630266315338247],[120.47702274920061,23.629535232165267],[120.47925534675687,23.632947120613153],[120.48787084026708,23.63070829435236],[120.48872619625706,23.63589649402803],[120.49321301736688,23.633127366334918],[120.49949245441326,23.635063390862854],[120.50594426271766,23.633824699750164]]]}},{"type":"Feature","properties":{"district":"Minxiong Township, Chiayi County","constituency_code":"TW-10010050","township_code":"10010050","county":"Chiayi County","township_name_zh":"民雄鄉"},"geometry":{"type":"Polygon","coordinates":[[[120.45606002085333,23.582489296543827],[120.45917073803923,23.57829723363045],[120.46431906717123,23.582560237764824],[120.4698059550808,23.58090974438926],[120.46993725609957,23.57580111313092],[120.47502292227011,23.57680469178314],[120.48321957362452,23.5662167197259],[120.48660525492869,23.567607555444397],[120.48811176054937,23.56549465495442],[120.49101110737672,23.56821488650786],[120.49465289491525,23.567031542371808],[120.49553162428515,23.56406476887406],[120.4999114872254,23.563299423329795],[120.50123987941697,23.565117020634034],[120.5024352906562,23.561880006257354],[120.49985189724737,23.55706667278878],[120.50699753700678,23.554920207801388],[120.5084916068023,23.557698954643115],[120.51233404837774,23.556036867207695],[120.51126944083205,23.550112114682406],[120.51920707664533,23.550600212729705],[120.51367814273215,23.541300191250855],[120.51020329184848,23.543236474783555],[120.50900407287975,23.54719709626903],[120.50504282996269,23.545598093577212],[120.50382867595272,23.537959880743927],[120.49692933711924,23.532849023663573],[120.49565990807832,23.51952014194103],[120.4886841277704,23.513273942038836],[120.49074292864327,23.512020906739508],[120.48130753491489,23.504384420604595],[120.47350181705531,23.506846754474168],[120.4674726532404,23.498780460749742],[120.46244971208466,23.50101560518607],[120.45630844867605,23.51176891400422],[120.45711097669027,23.51568113667514],[120.44676816881599,23.518427506124567],[120.44062106970671,23.518294025149203],[120.44214795396499,23.513320817401848],[120.44061190831303,23.511933105028845],[120.43361611719013,23.517167850016335],[120.43335698923374,23.50902887308405],[120.41675390346995,23.5053568170635],[120.41021738982079,23.498561640407445],[120.40831820422181,23.4987044788287],[120.4091087181929,23.508282394416995],[120.40657247623881,23.510901807472464],[120.3889558743142,23.507124593725052],[120.38880244277857,23.516066845108867],[120.39769718657601,23.513978142677217],[120.40158778055172,23.51895036296895],[120.39998011019395,23.52959287800894],[120.38423449562549,23.53160044450499],[120.38414470551379,23.534599433517087],[120.37509759947466,23.53469826181538],[120.37639121398342,23.549011048621026],[120.3806180815593,23.548400301033098],[120.37888907197316,23.55590884331849],[120.38589662173172,23.555418530241013],[120.38608588315708,23.557568534959955],[120.3838307575835,23.557416957826376],[120.3875555858217,23.56550291432808],[120.39372853054726,23.565712880844842],[120.40835166529723,23.560132558770647],[120.4031240474369,23.57043430539892],[120.41522855165636,23.572683062873125],[120.41949953817323,23.577631264071613],[120.43981809742729,23.579314208583924],[120.44180349653425,23.58437225027916],[120.4457166985668,23.584916407566197],[120.45435461937029,23.58079693253245],[120.45606002085333,23.582489296543827]]]}},{"type":"Feature","properties":{"district":"Xikou Township, Chiayi County","constituency_code":"TW-10010060","township_code":"10010060","county":"Chiayi County","township_name_zh":"溪口鄉"},"geometry":{"type":"Polygon","coordinates":[[[120.41381538397286,23.622406961911793],[120.41179349757192,23.62177247581917],[120.4142738097886,23.619133996236997],[120.4128362542898,23.616110439545196],[120.40515833189158,23.607407281920587],[120.4076050463359,23.60640189653037],[120.4064383342618,23.60330570879148],[120.41376010624401,23.601219996605607],[120.41691067598697,23.60514474683265],[120.4266875737726,23.605524649243193],[120.4261880057719,23.599007694049874],[120.42950288165275,23.59908292773497],[120.42618014749587,23.595284739099498],[120.42675971289054,23.592207269849666],[120.4353122790385,23.591392797039987],[120.44765740136802,23.59396951388203],[120.44832930105645,23.59013017676631],[120.45395737803062,23.587105565169736],[120.45606002085333,23.582489296543827],[120.45441689292534,23.580788671360153],[120.44576746709504,23.584903856627704],[120.44180349653425,23.58437225027916],[120.43981809742729,23.579314208583924],[120.42849966542724,23.579140128614085],[120.42828033786736,23.577412937457154],[120.42616482484686,23.57966517620696],[120.41823125306996,23.577038064954763],[120.41408604033859,23.572210433165026],[120.40317346338463,23.57049235933499],[120.40825971501386,23.560117552682982],[120.39372853054726,23.565712880844842],[120.3875555858217,23.56550291432808],[120.38989479980523,23.570898943731322],[120.37545777345758,23.572233447715462],[120.37298191288505,23.577775973982057],[120.37706379355927,23.58022549970707],[120.36843178489903,23.58321360872111],[120.37357625953678,23.594611771915766],[120.36028126876556,23.59613291670081],[120.3657106234466,23.60247489170297],[120.36651033748217,23.607805867746663],[120.37998659110838,23.610014572114835],[120.38338172968315,23.612907733405223],[120.38605401568032,23.620698622343582],[120.4026446638203,23.62693671935415],[120.40088708277267,23.63215363977872],[120.40408742009845,23.634029430413932],[120.40641358042251,23.632544828680977],[120.40662598410199,23.62518307373989],[120.41381538397286,23.622406961911793]]]}},{"type":"Feature","properties":{"district":"Xingang Township, Chiayi County","constituency_code":"TW-10010070","township_code":"10010070","county":"Chiayi County","township_name_zh":"新港鄉"},"geometry":{"type":"Polygon","coordinates":[[[120.3875555858217,23.56550291432808],[120.3838307575835,23.557416957826376],[120.38608588315708,23.557568534959955],[120.38589662173172,23.555418530241013],[120.37881244883556,23.555807069740524],[120.3806180815593,23.548400301033098],[120.37641322578975,23.54906533259907],[120.37451854489495,23.536017261487473],[120.37586025784469,23.534297647118763],[120.38414470551379,23.534599433517087],[120.3842994635495,23.53158141125317],[120.39995883313372,23.529669937317806],[120.40158778055172,23.51895036296895],[120.39852356551023,23.51425280642195],[120.38630614601186,23.516646786420097],[120.38033373211613,23.514776477152736],[120.37787394962311,23.505255530918078],[120.37119344012524,23.50200165335366],[120.3686190579233,23.503277893859774],[120.36790955128481,23.509718605429327],[120.36402282799122,23.514031283616873],[120.35672294820552,23.512855833729816],[120.34975910010246,23.504989482678525],[120.33432120386055,23.50832113990873],[120.32285905210358,23.505758559509957],[120.31549212875882,23.511084449887505],[120.30544345405224,23.513115515668574],[120.30562813882761,23.5186480046018],[120.30823619884154,23.519179861861176],[120.30887755215736,23.531613178005784],[120.31590149206022,23.534573121152675],[120.3034189946909,23.538727747987252],[120.31055173007837,23.546896309017484],[120.30698745420773,23.54824658081509],[120.31043129646719,23.55869942703697],[120.30453891863624,23.556555005309292],[120.30571867357799,23.56299166992966],[120.31059147111955,23.564533487430538],[120.30644617295263,23.57357540618011],[120.31126707781345,23.575064274296892],[120.32040672948699,23.572388729156557],[120.32760904182385,23.57458197597748],[120.33312121507208,23.57920201456136],[120.33443765887091,23.5926732355814],[120.35031502052186,23.592787484554833],[120.36028126876556,23.59613291670081],[120.37357625953678,23.594611771915766],[120.36848550140485,23.58304433832558],[120.37706379355927,23.58022549970707],[120.37298191288505,23.577775973982057],[120.37570860247013,23.572071649786835],[120.38997851679517,23.57085427710325],[120.3875555858217,23.56550291432808]]]}},{"type":"Feature","properties":{"district":"Liujiao Township, Chiayi County","constituency_code":"TW-10010080","township_code":"10010080","county":"Chiayi County","township_name_zh":"六腳鄉"},"geometry":{"type":"Polygon","coordinates":[[[120.30571867357799,23.56299166992966],[120.30453891863624,23.556555005309292],[120.31044860122199,23.558650146886805],[120.30698745420773,23.54824658081509],[120.31055173007837,23.546896309017484],[120.3034189946909,23.538727747987252],[120.31590149206022,23.534573121152675],[120.30887755215736,23.531613178005784],[120.30823619884154,23.519179861861176],[120.30576303983253,23.518933354990395],[120.30536414014307,23.513319252581482],[120.31549212875882,23.511084449887505],[120.32023451830844,23.506676715158335],[120.32605867087102,23.50529376919212],[120.32023879458472,23.49991089956842],[120.31375864954214,23.500447016017006],[120.31377757217729,23.497850784785953],[120.32079384985639,23.49342407256296],[120.31462900442511,23.48882173893213],[120.31735825348062,23.48793725749846],[120.31487100749109,23.48318658699145],[120.30799040962972,23.475637087781422],[120.30360063076455,23.4788517342202],[120.29005890289613,23.478110369997637],[120.29115060341769,23.481403195401185],[120.28422119844959,23.486181954433675],[120.28384754992453,23.490302489768112],[120.27381489664026,23.491218769430702],[120.26186936108218,23.485408176845908],[120.26215779704478,23.478471185197066],[120.25582391054513,23.47761306469124],[120.2523176184634,23.469933748343863],[120.24241263473539,23.4761748373989],[120.23867402078952,23.47425279822812],[120.23822325629828,23.46941063879001],[120.22693742382307,23.46841211972361],[120.22465820181458,23.478964618922078],[120.21456844607701,23.486221224230178],[120.22147848504414,23.48843898926799],[120.21929949427636,23.491676981207775],[120.22088406554724,23.49316791596658],[120.21432343657739,23.49263433740481],[120.21162546864048,23.489760375740786],[120.21070822580407,23.496315421719373],[120.21696044486873,23.498909488282322],[120.20099199448498,23.507659311727878],[120.2015514438441,23.511023010003953],[120.20680976725703,23.51158365096478],[120.22304655465484,23.50431755061453],[120.23910389582818,23.507689576612734],[120.24708067823076,23.515268873959428],[120.24191175552312,23.539489545706033],[120.24335616835253,23.543611471392353],[120.2560978728186,23.54609214873375],[120.26345060216363,23.533526622355794],[120.27031613548138,23.53022353298968],[120.27258793088833,23.53148382222065],[120.27636121549779,23.54346924091277],[120.29076568818607,23.55054155085196],[120.29002524486918,23.562269773331423],[120.29594116695137,23.56463152252678],[120.30571867357799,23.56299166992966]]]}},{"type":"Feature","properties":{"district":"Dongshi Township, Chiayi County","constituency_code":"TW-10010090","township_code":"10010090","county":"Chiayi County","township_name_zh":"東石鄉"},"geometry":{"type":"MultiPolygon","coordinates":[[[[120.15192197002295,23.392735632743324],[120.15019726009552,23.38917539662731],[120.1411749402713,23.412505909520178],[120.1447494908964,23.403773603968716],[120.15192197002295,23.392735632743324]]],[[[120.13690026923211,23.421360673955974],[120.13529821424129,23.422742369864523],[120.1351109987736,23.424330533927048],[120.13562288209039,23.425482375711113],[120.13690026923211,23.421360673955974]]],[[[120.13775905163902,23.43473367551877],[120.13612266772702,23.435844300474116],[120.13525460521589,23.436907243374606],[120.13714872673245,23.43550233236681],[120.13775905163902,23.43473367551877]]],[[[120.14283296097244,23.475180321214907],[120.14274938067945,23.475191147253668],[120.14261984862719,23.47542520031277],[120.14284397946619,23.47539257380828],[120.14283296097244,23.475180321214907]]],[[[120.14194461874922,23.47593841822345],[120.14144082213625,23.476147834355118],[120.14123589092367,23.476498853239548],[120.14194771331643,23.47614611305272],[120.14194461874922,23.47593841822345]]],[[[120.14047021263025,23.47699576374356],[120.1398702892825,23.47707371787783],[120.13983870599156,23.477179639129076],[120.1404643580438,23.477214695601788],[120.14047021263025,23.47699576374356]]],[[[120.1479726287339,23.477693870575706],[120.14787403605794,23.477946154691324],[120.14834786995834,23.478377644013108],[120.14828466470556,23.478144790649594],[120.1479726287339,23.477693870575706]]],[[[120.14898118693225,23.47872196474691],[120.14834800935319,23.4788087987871],[120.14842872530551,23.479077865151396],[120.14900461607021,23.478884622427415],[120.14898118693225,23.47872196474691]]],[[[120.15108198794348,23.51850775173142],[120.15813580962003,23.515922741341512],[120.16658710401168,23.51723188354464],[120.18097765969128,23.50984981111992],[120.20127674052924,23.512437260471245],[120.20099199448498,23.507659311727878],[120.21696044486873,23.498909488282322],[120.21070822580407,23.496315421719373],[120.21162546864048,23.489760375740786],[120.21432343657739,23.49263433740481],[120.22088406554724,23.49316791596658],[120.21929949427636,23.491676981207775],[120.22147848504414,23.48843898926799],[120.21456844607701,23.486221224230178],[120.22506071587941,23.4782563956162],[120.2264289138634,23.463694511892243],[120.22183578749161,23.462937237763356],[120.2216335380574,23.459834733186426],[120.21584920837438,23.455625633516206],[120.21291804353291,23.456899931486703],[120.2102707550913,23.453897769666412],[120.19436535347836,23.44851463833993],[120.20700729884777,23.44075802436339],[120.20497581308337,23.43735420013627],[120.2075910245062,23.432984493239815],[120.20719131093028,23.42407435304898],[120.20380502887906,23.42067663341993],[120.20002078423192,23.418407377698372],[120.1929881559787,23.421644250881513],[120.19033812550413,23.41552868020449],[120.18647747985187,23.424140455018062],[120.18587878317942,23.421080748277973],[120.17664090395465,23.41748828315781],[120.17385164493749,23.410630421057135],[120.17094565571745,23.411095566607173],[120.17111811510904,23.407667081170928],[120.164287557325,23.404138247582125],[120.15997695477267,23.406124780734103],[120.15414276397746,23.40426260133802],[120.15383481182721,23.39915246101731],[120.15163882387264,23.398526560752202],[120.14820365467494,23.414858172666584],[120.15126597934159,23.418285743492333],[120.14953208283941,23.423030393038232],[120.15600161678128,23.42730213138833],[120.15361566682964,23.428400332209605],[120.14859547040464,23.42570933671658],[120.15051212173705,23.42767241375094],[120.14551161416966,23.428595519267844],[120.1457616310945,23.433066530296173],[120.14689227675728,23.43836631335472],[120.1556028582853,23.44826273913418],[120.1509656534422,23.44897801852079],[120.15278287482988,23.452152792617312],[120.15114608352496,23.45567901997083],[120.13868949202651,23.448940070727758],[120.13884668902358,23.45264082591342],[120.13539408197141,23.45112507526204],[120.13818790324922,23.449036628237877],[120.1353947960331,23.44770286529507],[120.13325263969762,23.451582735754698],[120.13905014175066,23.458048443081225],[120.1448172683024,23.459825167997167],[120.14694990261603,23.465180149644254],[120.14557049907933,23.464238020768107],[120.14432047201228,23.468046158603386],[120.14486731917145,23.473403662848796],[120.14901577665682,23.474758237003073],[120.14904686442128,23.47813992711599],[120.15579218086452,23.48407051624139],[120.15522960096541,23.491078816933907],[120.16936127600218,23.48988828631542],[120.1696825848835,23.49218882855166],[120.15785660609754,23.495038884437008],[120.13356543919372,23.488154029185125],[120.12541929736278,23.488365836614093],[120.11942933319722,23.495485659535632],[120.11892420468837,23.515056291314863],[120.12402873863539,23.520416943187456],[120.14245477626696,23.5174336968077],[120.14584840218208,23.518481692076477],[120.14584610711222,23.52082277485124],[120.15108198794348,23.51850775173142]]]]}},{"type":"Feature","properties":{"district":"Yizhu Township, Chiayi County","constituency_code":"TW-10010100","township_code":"10010100","county":"Chiayi County","township_name_zh":"義竹鄉"},"geometry":{"type":"Polygon","coordinates":[[[120.25811178583035,23.39458999073554],[120.2647990069687,23.392713851163364],[120.26959804931062,23.38786934719269],[120.26867875691914,23.3754990879126],[120.2698048574083,23.373290867379694],[120.27361516081112,23.37358345101552],[120.2743718683671,23.369033205218273],[120.2788335021645,23.369315649897374],[120.28239177775845,23.363207146092975],[120.28462714972329,23.363498248545397],[120.2862100833288,23.35027278705951],[120.27773697318287,23.347715639465264],[120.27331646808057,23.35273034103244],[120.26603688689283,23.352579817004994],[120.26071076359096,23.344470935885056],[120.267499433652,23.344756928389586],[120.26705099390836,23.340632256173706],[120.25639503040634,23.331072330623613],[120.24586673556144,23.32685180776474],[120.23759159227825,23.326646779425403],[120.22302863656239,23.298889262929208],[120.21440261828627,23.292441164328295],[120.20427524930335,23.29189963306169],[120.1884096184092,23.301233008596512],[120.18579128903684,23.296603209670423],[120.18904656144969,23.290216293746994],[120.17846169295285,23.291881603453305],[120.17094870891583,23.304579692598793],[120.16263952539384,23.309984088395026],[120.16993575303263,23.310827558944766],[120.17243771732683,23.316905021749392],[120.18028114825643,23.3221765651964],[120.17847470794152,23.329784372850554],[120.18023901232061,23.33487194198659],[120.17594036355695,23.341519170273557],[120.18254434614471,23.348484400634618],[120.18967173596195,23.362113165789992],[120.2017995784878,23.370161889459666],[120.19993513100155,23.371453204401917],[120.20113296321574,23.373870092830543],[120.20743221322607,23.379926603230217],[120.21193539929925,23.381106332091576],[120.21945037263663,23.377761207513743],[120.22182203865623,23.38090768803943],[120.22714749286251,23.381582019494658],[120.23088889021017,23.38675894526915],[120.2267129053763,23.389435919432174],[120.22725748624407,23.39413781251011],[120.23059904051343,23.399445726339252],[120.23614622167088,23.40173802269163],[120.23082508870698,23.403713137151613],[120.23576657017111,23.40759987843171],[120.2469858042515,23.397794408285392],[120.25811178583035,23.39458999073554]]]}},{"type":"Feature","properties":{"district":"Lucao Township, Chiayi County","constituency_code":"TW-10010110","township_code":"10010110","county":"Chiayi County","township_name_zh":"鹿草鄉"},"geometry":{"type":"Polygon","coordinates":[[[120.29123968936028,23.445661678543672],[120.29016843942202,23.44102883990911],[120.2927425509281,23.43455152773089],[120.31327315053557,23.43815924175567],[120.33246477562898,23.432752216341783],[120.33526794715806,23.429274939087236],[120.34220980863586,23.4288624173667],[120.35348364145693,23.430326861695335],[120.35601720163265,23.434511687764257],[120.35871935861155,23.43371166526117],[120.35605017617479,23.42866461687862],[120.3580519636273,23.419244463061546],[120.35450200046705,23.418122923933822],[120.34978762300045,23.411297126261445],[120.35351646851029,23.41178861924942],[120.3573829777423,23.407754669742246],[120.35585215535275,23.40172832710067],[120.34468906684697,23.39950178467967],[120.33386179148852,23.38610035734564],[120.32179273045017,23.383532774018363],[120.31942173352627,23.387343242896407],[120.31477367926198,23.388460021912522],[120.31100463765392,23.385567598965565],[120.31094625366677,23.375437449278934],[120.29273972345948,23.37531796984848],[120.28311081541187,23.363049331261664],[120.27888858114318,23.36928494974069],[120.2743718683671,23.369033205218273],[120.27354566659926,23.373639383450836],[120.26973184774658,23.37334569904482],[120.26959804931062,23.38786934719269],[120.2647990069687,23.392713851163364],[120.25811178583035,23.39458999073554],[120.25948744458992,23.400148408922007],[120.25790336165085,23.40356205824247],[120.26755131644018,23.409266680113262],[120.2662775292846,23.418565691653384],[120.27236204906933,23.422555428690146],[120.27387177066578,23.41843597793809],[120.27693326256008,23.418450284353185],[120.28138818831428,23.423175647937853],[120.27971504461368,23.42445517816401],[120.28326672457979,23.426162318036575],[120.28165659637489,23.432851412462753],[120.26964782768516,23.431055442954403],[120.26993872599144,23.444905171536504],[120.26696013360333,23.448138840435206],[120.26951152463721,23.447647237729882],[120.2711236232567,23.450566068369426],[120.2734037805601,23.4480463604512],[120.28165579867618,23.450177563943498],[120.28113593657429,23.44565013664453],[120.28452522775717,23.447901169403508],[120.2850501053781,23.44445173785749],[120.287304067229,23.444161141723384],[120.28774913901157,23.44685439541405],[120.28898855497789,23.44325896612844],[120.29123968936028,23.445661678543672]]]}},{"type":"Feature","properties":{"district":"Shuishang Township, Chiayi County","constituency_code":"TW-10010120","township_code":"10010120","county":"Chiayi County","township_name_zh":"水上鄉"},"geometry":{"type":"Polygon","coordinates":[[[120.43956439957742,23.439560412483104],[120.4399033117885,23.432145939283714],[120.44455095326396,23.43436407754018],[120.4468167609848,23.42968263594497],[120.4571175669222,23.42710821057551],[120.46176125227998,23.42896715690881],[120.4725363741544,23.441952691863264],[120.48740749965646,23.438231281948163],[120.49345495298371,23.43223972508332],[120.49347411303995,23.427158939533456],[120.47908407267187,23.42143944377534],[120.47808846021428,23.417133353121812],[120.48171417057256,23.412801398865497],[120.48193800103797,23.406631885952834],[120.48733009860518,23.40886308056679],[120.494587158071,23.40341328699367],[120.49897918614056,23.403981506541356],[120.49754472610823,23.394377924301807],[120.49491070356623,23.39323447499106],[120.49032450017557,23.39562379560175],[120.48916363189619,23.39244634242482],[120.4855396761152,23.393062035384673],[120.4794192589917,23.387588924189572],[120.47538452617505,23.391001361223914],[120.47339962888987,23.398072823102382],[120.43999835214231,23.413730536135404],[120.43224601983798,23.410815387320326],[120.43031367083927,23.40648399963692],[120.4219522304112,23.407044290761462],[120.42000445354279,23.403457178406086],[120.4163027315858,23.41041748048241],[120.41049191956654,23.410168146143064],[120.4081092107715,23.41342624602447],[120.40417346723177,23.410046446286515],[120.38481746405478,23.404206828982012],[120.35585215535275,23.40172832710067],[120.35737160491567,23.4084071107996],[120.35303970641735,23.411992796830134],[120.34981169875095,23.410569086394275],[120.35446935147945,23.418088744300178],[120.3580519636273,23.419244463061546],[120.35605017617479,23.42866461687862],[120.35875232775777,23.43366350206901],[120.35363038293588,23.43528328809333],[120.35484830600456,23.442076386416147],[120.35174835100565,23.443978742125296],[120.35393555168446,23.449345319630822],[120.34987732587797,23.450793866643664],[120.35821320577486,23.45486044445397],[120.3554927260086,23.458746788233725],[120.36203133507809,23.461056013424354],[120.36083287873441,23.46376560959527],[120.37426555571085,23.462010169833547],[120.3790414270203,23.464651556923855],[120.38037837716047,23.45857147619273],[120.38435483390856,23.458475095849053],[120.38441856076804,23.46126255082612],[120.38970867701391,23.46251887494617],[120.4107756754571,23.464772867373995],[120.4151607580626,23.46027436227206],[120.42929777866959,23.461040564870245],[120.4302005235354,23.45217644838442],[120.43803852705639,23.44653124831848],[120.43586045449649,23.443583679843016],[120.43956439957742,23.439560412483104]]]}},{"type":"Feature","properties":{"district":"Zhongpu Township, Chiayi County","constituency_code":"TW-10010130","township_code":"10010130","county":"Chiayi County","township_name_zh":"中埔鄉"},"geometry":{"type":"Polygon","coordinates":[[[120.49518010267968,23.452863486360854],[120.50800883543945,23.452729684327494],[120.51741962461608,23.449440282642968],[120.54183403461309,23.45332825599428],[120.55811180771377,23.44940487093811],[120.56639570409857,23.450406555618088],[120.57519849761263,23.444928399226285],[120.59248783804333,23.439041764465912],[120.59480843785923,23.429462775986394],[120.60257186689819,23.421805445365067],[120.60115936291436,23.414403489829226],[120.60421099644043,23.410351643813385],[120.60103177159908,23.402253756905395],[120.60155457988003,23.397708898946576],[120.60486987124762,23.395798028456284],[120.5979923067996,23.380983219400093],[120.59790127832139,23.37076484352275],[120.590013401997,23.36726962749134],[120.58713147054095,23.361846829767444],[120.57473155072057,23.363224101011497],[120.5679293935267,23.356031775645988],[120.55956265699103,23.352219140301145],[120.55549023718481,23.34569162077173],[120.5471654675124,23.34221178044936],[120.54715336263769,23.339811330728367],[120.54162102658916,23.340032016264615],[120.53281629143873,23.336377934993777],[120.51558417307115,23.343738907524596],[120.50786047787881,23.342995332768453],[120.50509056687622,23.34481476109238],[120.50471903805328,23.354680058637825],[120.50808964582052,23.35275997279456],[120.51242174486765,23.355859031169416],[120.51053866792529,23.364359769387875],[120.50319835821767,23.369432358516576],[120.49947280782385,23.368034907385095],[120.48872513595632,23.37306775637188],[120.48420363788762,23.369490207407182],[120.482955544363,23.37196066485285],[120.48450832999549,23.379603353611913],[120.49681852085814,23.384245156688678],[120.49922140684248,23.387856177520632],[120.49514475302794,23.393202552655737],[120.49760797542774,23.394495610484114],[120.49897918614056,23.403981506541356],[120.494587158071,23.40341328699367],[120.48733009860518,23.40886308056679],[120.48193800103797,23.406631885952834],[120.48171417057256,23.412801398865497],[120.47808846021428,23.417133353121812],[120.47908407267187,23.42143944377534],[120.48318369247352,23.42181995862427],[120.48686917986879,23.42593217073312],[120.4931347322821,23.42662631515236],[120.49334124450286,23.432409039545576],[120.4871564188337,23.438375592559623],[120.47401357896354,23.442127956240256],[120.46469328047056,23.43472869777122],[120.46176125227998,23.42896715690881],[120.45718005991193,23.427115951939697],[120.4468167609848,23.42968263594497],[120.44455095326396,23.43436407754018],[120.4399033117885,23.432145939283714],[120.43838380376963,23.436157583805482],[120.43956439957742,23.439560412483104],[120.45264421855586,23.444642547915294],[120.45471331396834,23.450317968799254],[120.46452353703171,23.455611638266532],[120.46455109315843,23.45829545627032],[120.46865532648224,23.46159747364453],[120.47680502693049,23.461983254024005],[120.48961614556868,23.452245590061978],[120.49518010267968,23.452863486360854]]]}},{"type":"Feature","properties":{"district":"Zhuqi Township, Chiayi County","constituency_code":"TW-10010140","township_code":"10010140","county":"Chiayi County","township_name_zh":"竹崎鄉"},"geometry":{"type":"Polygon","coordinates":[[[120.71613025900433,23.49850205582527],[120.71081413706281,23.49408890627808],[120.70362651335302,23.472642878665965],[120.69126338569674,23.468336115319516],[120.68572918085704,23.45684951998942],[120.6766099707736,23.454366936984627],[120.67208088692348,23.449720408869837],[120.6541231388718,23.45284419680229],[120.64754560174822,23.45868884041772],[120.64626570190069,23.462740626179027],[120.64856532233182,23.465770074329498],[120.64124945529818,23.470424471512217],[120.64215175499953,23.473604939216614],[120.63814226525335,23.481787975734562],[120.63772654014781,23.48749127470262],[120.64257850129684,23.491531225385813],[120.64220080672192,23.493816598757064],[120.63464330804231,23.494811959404444],[120.63004372184037,23.498195532697707],[120.62808835379451,23.49231188368651],[120.6208141397608,23.491389376218763],[120.61865185300064,23.487601777999714],[120.61972419561516,23.484558637671057],[120.6122540867567,23.47773512517591],[120.60952033749368,23.465844212640377],[120.60405967921088,23.468137393026325],[120.58359960893483,23.4611888666729],[120.57361862170205,23.463535081878604],[120.56984130273395,23.46955290254448],[120.56584567154061,23.471156810138723],[120.56342103815041,23.47140813018109],[120.56072799310243,23.46606494494131],[120.55233557372776,23.471424085053513],[120.54796918982629,23.470858273890258],[120.5430552042344,23.476677426222295],[120.54586486257347,23.482803450618803],[120.53475853477858,23.490912147377742],[120.53334154497634,23.489529723917656],[120.53608782899016,23.488372920573852],[120.53356539252889,23.487483440708274],[120.53191817448419,23.478827340109717],[120.52588963300025,23.481385498541954],[120.51538689868653,23.48139951357672],[120.51228827918078,23.4843646206308],[120.50811418652052,23.48268760175148],[120.50016351323563,23.490675409842368],[120.4873914890261,23.49214703076092],[120.48376741363529,23.49608414486744],[120.48315530267519,23.50536168599308],[120.49556992101509,23.519272673695014],[120.49692933711924,23.532849023663573],[120.50379104741899,23.53790252917844],[120.5070570676296,23.547341068735363],[120.51363055870343,23.541283572678765],[120.52700243611355,23.548549280924647],[120.53672669478124,23.549422678214057],[120.53969810428418,23.546148800626725],[120.55344951448353,23.544734949458416],[120.55537382893908,23.541256640681468],[120.56047934314722,23.54435330056441],[120.566918734512,23.543313394697464],[120.56576922467002,23.540337225082908],[120.57083394203289,23.53982634810751],[120.58280136888811,23.543127706278653],[120.58815378207146,23.541651727245494],[120.59498089455269,23.548195044265924],[120.60376380585501,23.54962707882669],[120.60644120449808,23.553122165355717],[120.61287345344715,23.550105579309104],[120.62063980888013,23.540095046649128],[120.6344448906193,23.53056285079498],[120.64903459666937,23.536197857944842],[120.65494194191717,23.54176466230939],[120.6551169364975,23.534861233359265],[120.65905184546637,23.530652489820625],[120.66052520387507,23.52401455063108],[120.67072814288952,23.51637896651613],[120.68506240100908,23.50774525633858],[120.69196251325945,23.51172086412663],[120.70875006616268,23.51027461218365],[120.70886255965945,23.503362458910374],[120.71613025900433,23.49850205582527]]]}},{"type":"Feature","properties":{"district":"Meishan Township, Chiayi County","constituency_code":"TW-10010150","township_code":"10010150","county":"Chiayi County","township_name_zh":"梅山鄉"},"geometry":{"type":"Polygon","coordinates":[[[120.73615854857826,23.57045653663988],[120.74660082956473,23.554264579546782],[120.74304651638374,23.552987101573535],[120.7428077086089,23.548827813552805],[120.73174381892215,23.544022181878233],[120.732562023019,23.53910427973875],[120.72705131206851,23.529317451639145],[120.7231464296641,23.512437467315294],[120.71784761607466,23.50666660408058],[120.71911658376337,23.49822763219953],[120.70886255965945,23.503362458910374],[120.70875006616268,23.51027461218365],[120.69196251325945,23.51172086412663],[120.68506240100908,23.50774525633858],[120.67087936479095,23.516273572267608],[120.66052520387507,23.52401455063108],[120.65905184546637,23.530652489820625],[120.6551169364975,23.534861233359265],[120.65494194191717,23.54176466230939],[120.64903459666937,23.536197857944842],[120.6344448906193,23.53056285079498],[120.62063980888013,23.540095046649128],[120.61287345344715,23.550105579309104],[120.60690867119831,23.553027808486604],[120.60370873047361,23.54960384933821],[120.59508281741819,23.54825801209762],[120.58752614431614,23.541528230543463],[120.58280136888811,23.543127706278653],[120.56887576360566,23.539834587696134],[120.56572595738703,23.54041030039508],[120.566918734512,23.543313394697464],[120.56047934314722,23.54435330056441],[120.55537382893908,23.541256640681468],[120.55344951448353,23.544734949458416],[120.53969810428418,23.546148800626725],[120.53663795687623,23.549431117452173],[120.52700243611355,23.548549280924647],[120.51463157518708,23.543070989634487],[120.51920707664533,23.550600212729705],[120.51636132761325,23.551787446433536],[120.51959014466945,23.558039169072458],[120.5277413811599,23.561571865249448],[120.53069230500591,23.559273671143046],[120.53111808273343,23.566217033589282],[120.5358443888075,23.56886583379122],[120.524797458536,23.585612360522077],[120.53359642003886,23.59163595033891],[120.53179979492461,23.595563072078164],[120.53337160661442,23.596818334098884],[120.53751676268848,23.594530754690652],[120.55648246189617,23.592878090351633],[120.55814169758139,23.58905824154465],[120.57071054515563,23.588040615482043],[120.58140329272783,23.58212807215284],[120.58974551284518,23.58571840587979],[120.60073417784008,23.583103857257242],[120.6187071936821,23.5841063926959],[120.6234183713608,23.590105699918183],[120.64575054235365,23.593519744041032],[120.64912057365564,23.592469426722744],[120.64707959105033,23.587480314464983],[120.64919679839363,23.58345222134301],[120.64346034861626,23.575713457110396],[120.64733907783625,23.57665176206922],[120.65070204406413,23.572447264229936],[120.65670520398203,23.5724033386432],[120.66068525442097,23.576293278811818],[120.6699589833205,23.578783669730626],[120.67624147356526,23.57071055284979],[120.69369665797444,23.57650469233772],[120.70890003890577,23.575707298553027],[120.71005137706948,23.571187585638597],[120.71794503783326,23.569041978604503],[120.724496803085,23.571894660510225],[120.73615854857826,23.57045653663988]]]}},{"type":"Feature","properties":{"district":"Fanlu Township, Chiayi County","constituency_code":"TW-10010160","township_code":"10010160","county":"Chiayi County","township_name_zh":"番路鄉"},"geometry":{"type":"Polygon","coordinates":[[[120.67415206606506,23.449899593391592],[120.68257008464172,23.438275742631447],[120.67437303308907,23.43625357204479],[120.67309090292292,23.431828217798056],[120.66306993183196,23.420848150321945],[120.6598338896224,23.40923782536538],[120.65234358019211,23.4109009128469],[120.65547739736405,23.402242706036077],[120.65388748052283,23.399587312904202],[120.64574119929694,23.402030100009142],[120.64782952581209,23.394568879150484],[120.64212486796839,23.387925276930048],[120.64191900415881,23.37667305841495],[120.64631931498445,23.36707393771212],[120.64216890686964,23.365244045776137],[120.63497469292781,23.353094920794035],[120.63839470225378,23.344147745622024],[120.62002183074299,23.339725512922143],[120.6182607342455,23.34256264554972],[120.6083564852637,23.343829759735684],[120.60702855172633,23.346969632942262],[120.59828932409312,23.34699218793918],[120.58963089425038,23.353903461675486],[120.59014770495264,23.358304874170642],[120.58715436728028,23.361648561631853],[120.590013401997,23.36726962749134],[120.59792983719228,23.370817916113992],[120.5979923067996,23.380983219400093],[120.60486987124762,23.395798028456284],[120.60129055691368,23.398816349295146],[120.60420900803933,23.410266947461707],[120.60115936291436,23.414403489829226],[120.60257186689819,23.421805445365067],[120.59480843785923,23.429462775986394],[120.59255324573576,23.438985225887507],[120.56639570409857,23.450406555618088],[120.55811180771377,23.44940487093811],[120.54183403461309,23.45332825599428],[120.51741962461608,23.449440282642968],[120.50800883543945,23.452729684327494],[120.49518010267968,23.452863486360854],[120.50066154069759,23.460971753243882],[120.49971488373501,23.465387214948066],[120.50934529185179,23.47267181974871],[120.50407814249229,23.480976744980865],[120.50182119399301,23.480928046692043],[120.50373149431312,23.485000867596],[120.50190781399453,23.486326936838736],[120.50131272180477,23.489817276745953],[120.50811418652052,23.48268760175148],[120.51228827918078,23.4843646206308],[120.51538689868653,23.48139951357672],[120.52588963300025,23.481385498541954],[120.53103310849121,23.47876924660352],[120.53361891478119,23.487597738245086],[120.53608782899016,23.488372920573852],[120.53334154497634,23.489529723917656],[120.53475853477858,23.490912147377742],[120.54586486257347,23.482803450618803],[120.5430552042344,23.476677426222295],[120.54796918982629,23.470858273890258],[120.55233557372776,23.471424085053513],[120.56072799310243,23.46606494494131],[120.56342103815041,23.47140813018109],[120.56584567154061,23.471156810138723],[120.56984130273395,23.46955290254448],[120.57361862170205,23.463535081878604],[120.58359960893483,23.4611888666729],[120.60405967921088,23.468137393026325],[120.60952033749368,23.465844212640377],[120.6122540867567,23.47773512517591],[120.61972419561516,23.484558637671057],[120.61865185300064,23.487601777999714],[120.6208141397608,23.491389376218763],[120.62808835379451,23.49231188368651],[120.62986515875014,23.49821405603393],[120.63464330804231,23.494811959404444],[120.64220080672192,23.493816598757064],[120.64257850129684,23.491531225385813],[120.63772654014781,23.48749127470262],[120.63814226525335,23.481787975734562],[120.64215175499953,23.473604939216614],[120.64124945529818,23.470424471512217],[120.64856532233182,23.465770074329498],[120.64626570190069,23.462740626179027],[120.64754560174822,23.45868884041772],[120.6541231388718,23.45284419680229],[120.67415206606506,23.449899593391592]]]}},{"type":"Feature","properties":{"district":"Dapu Township, Chiayi County","constituency_code":"TW-10010170","township_code":"10010170","county":"Chiayi County","township_name_zh":"大埔鄉"},"geometry":{"type":"Polygon","coordinates":[[[120.65198302759472,23.29117630474275],[120.6470243124221,23.2974388363333],[120.6435851313488,23.295933035781047],[120.6418570471651,23.287475560348867],[120.64405099365854,23.28222829320123],[120.64191331055088,23.278541863316377],[120.64315311682299,23.275980233501002],[120.63826542830691,23.269361221443262],[120.64208262681188,23.256809160614296],[120.64923402313173,23.246909394752834],[120.64789340105972,23.24462835881178],[120.65131104157138,23.235819375263986],[120.64948365964324,23.228639090921376],[120.65295993145571,23.22426476780487],[120.6469078798948,23.22713299179418],[120.64417417289985,23.225317120288935],[120.62837982227109,23.229447375496022],[120.6167622865504,23.2235452993761],[120.60982482005943,23.222635533503137],[120.597240481663,23.229041569912567],[120.59579294189086,23.23672675973222],[120.5924889397129,23.239853949800022],[120.58661327578216,23.22416363544346],[120.57968119802888,23.2189907898931],[120.57826030966567,23.214782911502198],[120.56528797675878,23.220980036299693],[120.55807721798931,23.21682289406135],[120.54150780104419,23.22782928649241],[120.53195816913421,23.229665083376972],[120.52967879873768,23.232547817927525],[120.52629502309685,23.231132122249676],[120.51908080553483,23.238957457920378],[120.527908796254,23.245359955497577],[120.53227817579727,23.254654274375298],[120.52609184376365,23.266488838988778],[120.52042639636113,23.271776306731226],[120.52232290557765,23.274290305753084],[120.52186070171012,23.28809100599517],[120.52627893062822,23.295333539611192],[120.52260710573341,23.31188515177837],[120.53085263254297,23.317106852099585],[120.53195030186498,23.3211481050011],[120.53999606136915,23.32786955163857],[120.53427261129207,23.33761079760029],[120.54715336263769,23.339811330728367],[120.5471654675124,23.34221178044936],[120.55549023718481,23.34569162077173],[120.55956265699103,23.352219140301145],[120.5679293935267,23.356031775645988],[120.57478372938567,23.36325237209934],[120.58713147054095,23.361846829767444],[120.59014770495264,23.358304874170642],[120.58963089425038,23.353903461675486],[120.59828932409312,23.34699218793918],[120.60702855172633,23.346969632942262],[120.6083564852637,23.343829759735684],[120.6182607342455,23.34256264554972],[120.62002183074299,23.339725512922143],[120.63839470225378,23.344147745622024],[120.63497469292781,23.353094920794035],[120.64216890686964,23.365244045776137],[120.64631931498445,23.36707393771212],[120.64932407944275,23.35891246333955],[120.65689594838932,23.356974470195667],[120.66292583975576,23.344059306292024],[120.6559197145233,23.33306005807526],[120.65855057235115,23.313855491737627],[120.65430675075595,23.306193585365747],[120.65198302759472,23.29117630474275]]]}},{"type":"Feature","properties":{"district":"Alishan Township, Chiayi County","constituency_code":"TW-10010180","township_code":"10010180","county":"Chiayi County","township_name_zh":"阿里山鄉"},"geometry":{"type":"Polygon","coordinates":[[[120.81379189288157,23.60095030341381],[120.81831533258662,23.599059395175004],[120.81704846661353,23.595190839086],[120.82552744483576,23.58636723615905],[120.8199064140498,23.577679119695688],[120.82189745999983,23.57091015378063],[120.82062678809586,23.56240033600676],[120.81414836885222,23.55624180381625],[120.81586399202968,23.553108870677875],[120.81149428603248,23.551054332591434],[120.80883302122697,23.545859788198698],[120.8086372747905,23.535971113676],[120.82034877617514,23.5214817090137],[120.81955631697053,23.515580705785],[120.82304459473232,23.511359351952592],[120.8240678847252,23.505278214518057],[120.82285115235891,23.4986714206496],[120.82707601984248,23.483381177799174],[120.83264304723889,23.474731123342735],[120.83897303877472,23.471218400209068],[120.84209247129058,23.473257808101437],[120.86320044644356,23.47354965339383],[120.88002585540892,23.467622276646807],[120.8867058370048,23.475564016066528],[120.91021178424648,23.476229564742653],[120.92092245260915,23.474927935475876],[120.93096341113255,23.470664062596484],[120.93756820580813,23.47305393539085],[120.9475186943323,23.467123027905473],[120.95710600064149,23.468398059722745],[120.94843517184574,23.464167217143427],[120.9366389057609,23.463781186752442],[120.93475010733164,23.458440392809905],[120.92848252694716,23.455493399001227],[120.92143795749575,23.459100493393123],[120.91616509834068,23.458888389187848],[120.90940221633923,23.45754396478219],[120.90566981401082,23.4531758227061],[120.90052281407668,23.45408912651203],[120.8962447570899,23.450416669393803],[120.89514562367162,23.44592176337875],[120.89176692020726,23.44660901089719],[120.88676456902965,23.434854172981773],[120.88382429315664,23.43625580506142],[120.88161735145968,23.43301390197007],[120.87536208729057,23.432767905914204],[120.86452348587022,23.423940760557684],[120.85910240135479,23.42511938325299],[120.85707672161345,23.421967694753334],[120.8539684829592,23.423186875074293],[120.84977937072142,23.420355291263718],[120.8493076996906,23.41200976433919],[120.83841336098783,23.39824736262574],[120.84100702735248,23.394923232721055],[120.83687281602772,23.393386754495168],[120.83462765674108,23.386680707848427],[120.83097171027623,23.386601136733134],[120.82911194735857,23.37579680308005],[120.82542247146989,23.371706947217888],[120.816275787098,23.371478710973804],[120.80851887904305,23.368390977761464],[120.80429160137635,23.37066277946377],[120.80469470629578,23.36721123810821],[120.80064516794016,23.36064333272367],[120.79790326542343,23.360314417376514],[120.79624184168767,23.356857562826292],[120.79198561664293,23.357243477204747],[120.79180623606896,23.353467294979737],[120.78845202564048,23.352820753475044],[120.78758140995421,23.346141191862557],[120.78321476075268,23.34220432057299],[120.76845566020063,23.34387750744105],[120.76442748074373,23.341670276162347],[120.75806914437555,23.344264542374788],[120.75707844671297,23.338559319756826],[120.75882774500451,23.336443830118696],[120.7523813946857,23.331030720791205],[120.75287271860111,23.327042784197204],[120.74785613295421,23.321909255208027],[120.74104887030921,23.32108178989273],[120.73943134787851,23.316841667209246],[120.73230736199525,23.313858941536978],[120.73062933947256,23.305611960523606],[120.71216605282109,23.308697323123],[120.7067701313365,23.3047280978235],[120.7028338293178,23.297563927533304],[120.70341526710092,23.289089787663613],[120.69954356428411,23.2844238683669],[120.67735448891858,23.287844069248422],[120.66731389012398,23.29402558361386],[120.65842591462433,23.295972238128343],[120.65198302759472,23.29117630474275],[120.65430675075595,23.306193585365747],[120.65855057235115,23.313855491737627],[120.6559197145233,23.33306005807526],[120.66295424394332,23.34361850449045],[120.65678653507064,23.357106910655432],[120.64932407944275,23.35891246333955],[120.64606104588063,23.364642958705645],[120.64569772427058,23.371422518634404],[120.64204217260829,23.37602437292651],[120.64212486796839,23.387925276930048],[120.64782952581209,23.394568879150484],[120.64574119929694,23.402030100009142],[120.65388748052283,23.399587312904202],[120.65547739736405,23.402242706036077],[120.65234358019211,23.4109009128469],[120.6598338896224,23.40923782536538],[120.66306993183196,23.420848150321945],[120.67309090292292,23.431828217798056],[120.67437303308907,23.43625357204479],[120.6825422344366,23.438218915370726],[120.6744877407167,23.448231009253732],[120.67455384718232,23.45189370962703],[120.68572918085704,23.45684951998942],[120.69126338569674,23.468336115319516],[120.70390346137572,23.47299007723035],[120.71107720944576,23.494557364031152],[120.71911658376337,23.49822763219953],[120.71784761607466,23.50666660408058],[120.7231464296641,23.512437467315294],[120.72705131206851,23.529317451639145],[120.732562023019,23.53910427973875],[120.73174381892215,23.544022181878233],[120.7428077086089,23.548827813552805],[120.74304651638374,23.552987101573535],[120.74660082956473,23.554264579546782],[120.73216149195935,23.577127960287214],[120.7339926456441,23.584211437108195],[120.72990317738982,23.593637510262965],[120.73271027985561,23.597171535637926],[120.72455214646448,23.603770464035733],[120.72999958831042,23.610590811816564],[120.73772104688885,23.60967726969028],[120.74438799011375,23.61266545514667],[120.74748009582981,23.61116368265789],[120.75293606594676,23.614847798587107],[120.76428218357603,23.61223738324867],[120.77004978227171,23.606054885024946],[120.77831107959275,23.602032735522357],[120.79087122352826,23.60094385617407],[120.79491667176706,23.597247554431135],[120.8033285470749,23.596646103135186],[120.81379189288157,23.60095030341381]]]}},{"type":"Feature","properties":{"district":"Pingtung City, Pingtung County","constituency_code":"TW-10013010","township_code":"10013010","county":"Pingtung County","township_name_zh":"屏東市"},"geometry":{"type":"Polygon","coordinates":[[[120.52153286824728,22.707374194963165],[120.52575008609767,22.704790519167204],[120.52845010538806,22.699207413691227],[120.52291078520466,22.69325605382386],[120.51173919360895,22.690983653173078],[120.51142908668305,22.67299108606983],[120.50809168728165,22.668143221332627],[120.5118226461982,22.663196716255527],[120.51820577327783,22.663488838539138],[120.52257255737766,22.659622155737964],[120.51664865651037,22.658052064451283],[120.51735629705547,22.648658661867785],[120.51216689768421,22.645551505997275],[120.51109959487042,22.64002578086513],[120.50863472761068,22.64026358049989],[120.50942035826301,22.63544345265325],[120.50653078167034,22.63212792116667],[120.50894839405316,22.6297565932922],[120.50383816020303,22.61931408927387],[120.49303639951029,22.619325304719098],[120.49247749334165,22.623172484822362],[120.48070171201448,22.620695352608493],[120.48029169760377,22.630285195905117],[120.47257506928406,22.628807114256972],[120.47142609363937,22.62623988346388],[120.45859631047142,22.630134159264117],[120.43527981800923,22.62881873529642],[120.43611599415783,22.66175075029696],[120.43958808592151,22.678325484933225],[120.44362331696254,22.68556074663121],[120.44970359194724,22.68994117524511],[120.46366936724758,22.689619771035666],[120.4714679651745,22.702879233190117],[120.47660802863766,22.703132326695595],[120.47949479125168,22.706938459042703],[120.48428032577647,22.705560826271153],[120.49054600499414,22.707543328661757],[120.500428645066,22.713858974212314],[120.5020480623682,22.711430789399458],[120.50475874851747,22.713787896294434],[120.51281216395023,22.713076148545497],[120.52153286824728,22.707374194963165]]]}},{"type":"Feature","properties":{"district":"Chaozhou Township, Pingtung County","constituency_code":"TW-10013020","township_code":"10013020","county":"Pingtung County","township_name_zh":"潮州鎮"},"geometry":{"type":"Polygon","coordinates":[[[120.60564065858955,22.524905793367736],[120.60373494840917,22.52106800668321],[120.58923976110611,22.51739718812979],[120.58823953152921,22.518857515362072],[120.56951127852278,22.511842606451182],[120.55621091879891,22.508954237648027],[120.54021734135733,22.510603797527267],[120.53278844842816,22.50751508495324],[120.52988631999779,22.503414865303853],[120.52932783111453,22.511306453130373],[120.5262740706919,22.51092601562317],[120.52377691237461,22.51561047264522],[120.52604914395295,22.52181804846424],[120.52333041876386,22.527385014706738],[120.52359597957081,22.53335156862005],[120.51934919740756,22.53828902022218],[120.52335962784457,22.542683397320957],[120.52325970417212,22.54684376272951],[120.50863234260862,22.5466793046063],[120.5091446036406,22.55466469711814],[120.51460157020631,22.55779672284052],[120.51620078783617,22.552988354528964],[120.51881997426244,22.552461479513738],[120.51875553334128,22.557569556789645],[120.5297282209807,22.565762398615846],[120.53796741296583,22.5634196556926],[120.54980557576675,22.565936854502297],[120.55487900036564,22.564093336038695],[120.55516046118635,22.56113157805993],[120.56458232191665,22.55493162039801],[120.57047428066357,22.55367153351449],[120.5723193216794,22.558609605648826],[120.58534717423277,22.560512211369485],[120.58865259464164,22.553577194631885],[120.58717528551108,22.55032062449726],[120.59344539299059,22.549091753981315],[120.59198847059156,22.54594558462111],[120.60537122170456,22.540263656242814],[120.59953281218964,22.525507321106033],[120.60564065858955,22.524905793367736]]]}},{"type":"Feature","properties":{"district":"Donggang Township, Pingtung County","constituency_code":"TW-10013030","township_code":"10013030","county":"Pingtung County","township_name_zh":"東港鎮"},"geometry":{"type":"Polygon","coordinates":[[[120.48210057328288,22.49993311841871],[120.48850742717605,22.498556466807543],[120.49314508078089,22.491987627027413],[120.48943537554226,22.488220643068246],[120.48716531133016,22.48034094427919],[120.48759252977152,22.47199325448514],[120.49882364929204,22.475791453013187],[120.50136513968948,22.473740049963396],[120.50167662887338,22.460462982680554],[120.4970604825553,22.455698677551993],[120.50357536750926,22.449727021784668],[120.49860391793652,22.44434141912126],[120.49612498168267,22.436126343356136],[120.49163957790427,22.434223944479527],[120.48725045464482,22.436121596734324],[120.4822930407912,22.43181394305907],[120.48058812853935,22.42685596353192],[120.45854438001913,22.43935818393311],[120.43850996246488,22.459362268254154],[120.43600845232822,22.45947464124174],[120.43470532029437,22.463775586873908],[120.46155383803921,22.479140002209363],[120.47032866353709,22.49137949017137],[120.47672028561271,22.49542496988653],[120.4776089587865,22.4995647282297],[120.48210057328288,22.49993311841871]]]}},{"type":"Feature","properties":{"district":"Hengchun Township, Pingtung County","constituency_code":"TW-10013040","township_code":"10013040","county":"Pingtung County","township_name_zh":"恆春鎮"},"geometry":{"type":"MultiPolygon","coordinates":[[[[120.82648511219827,21.756146338982433],[120.82608331399376,21.756295096741383],[120.82637118428283,21.756923802891265],[120.82675913922299,21.756676799594686],[120.82648511219827,21.756146338982433]]],[[[120.82619458441263,21.756978694810982],[120.8260760177941,21.757003747225212],[120.82637291997435,21.757216201266715],[120.82637550822324,21.75707327201394],[120.82619458441263,21.756978694810982]]],[[[120.82636186280979,21.757481289030295],[120.82599147072983,21.75766266430054],[120.8260944916675,21.757806196099125],[120.82650971585076,21.757732074875378],[120.82636186280979,21.757481289030295]]],[[[120.82640231161747,21.758080751025886],[120.82617615460595,21.75810971908834],[120.82608035612361,21.758189128325682],[120.82648058591042,21.75833712435883],[120.82640231161747,21.758080751025886]]],[[[120.82677159932996,21.75869216231348],[120.82662125786487,21.758755623873014],[120.826867760239,21.75891539383042],[120.82686676738751,21.75879369217523],[120.82677159932996,21.75869216231348]]],[[[120.82649444626179,21.758675985308514],[120.82618795640917,21.758825682859026],[120.8262957824245,21.759065111166024],[120.82657536276281,21.75902158577759],[120.82649444626179,21.758675985308514]]],[[[120.82644367143837,21.759454936696045],[120.82617611593503,21.759770852343024],[120.826585603343,21.75994970231693],[120.8267224990442,21.759720412067395],[120.82644367143837,21.759454936696045]]],[[[120.82655999874498,21.760488222653407],[120.82657991872838,21.760150577587126],[120.82629839675371,21.760227148564127],[120.82632962571176,21.76045804770081],[120.82655999874498,21.760488222653407]]],[[[120.75995046853939,22.060865823099334],[120.77321862893666,22.060485710247406],[120.77094409689266,22.055749945103912],[120.7845078608492,22.050459988937405],[120.78416944056733,22.04812786430955],[120.79055893934367,22.04458662007653],[120.79337330833152,22.037653241004307],[120.78612081832114,22.030525976192905],[120.78490908078948,22.024961315812106],[120.77257759218219,22.023938500661302],[120.77762776930615,22.014152725667827],[120.78122814666165,22.01448552608622],[120.78515451476915,22.009752535351254],[120.78668905135874,21.998494247311726],[120.78249350986766,21.99612369914945],[120.77964209330798,21.99001082284127],[120.77069676804149,21.985825843887653],[120.77072827039342,21.979452351245072],[120.79007201581089,21.979632665315307],[120.79320172757775,21.982197263792727],[120.80490486167014,21.980010115274638],[120.81143525093614,21.98129110240251],[120.81470302842206,21.98050170628875],[120.81852411559555,21.973865094498535],[120.82428555573392,21.974899659291907],[120.82844977473735,21.970355079223566],[120.83439178795072,21.970807782653083],[120.84417040883739,21.979318717384956],[120.84484923690286,21.97031917738815],[120.84138329290465,21.95737963556178],[120.84275882845725,21.947716734939434],[120.84891585698131,21.93380665015684],[120.8620145023674,21.918899203735293],[120.86202168884995,21.90895495470744],[120.86713461976694,21.902727534448218],[120.86492098261726,21.89816766320712],[120.85860413916976,21.895600558319188],[120.85113562390995,21.89635741426332],[120.84661333713586,21.90290984321473],[120.84563191148357,21.914416938590875],[120.8362545761878,21.916521758672275],[120.83184075844429,21.924804530904453],[120.82222281672966,21.93436374599014],[120.81262726993259,21.933543402406144],[120.80422448767001,21.939619694293526],[120.79915361534711,21.937414034130427],[120.79431126345412,21.94315603991936],[120.78301778134562,21.943543912121925],[120.77760199923296,21.949280303443288],[120.77106760978245,21.951528142709662],[120.76468415085299,21.95912921534108],[120.7550917921526,21.95643331944217],[120.75267224352933,21.950754471241908],[120.74844156732456,21.949464261566447],[120.74847077010998,21.941811938370336],[120.74516665551675,21.94273240347769],[120.74708968843845,21.931813366693575],[120.74404943223556,21.932207059308382],[120.73995924722158,21.926637888827543],[120.73961821980504,21.919427472699738],[120.72680700853664,21.918771213121033],[120.71903401161046,21.927260526352256],[120.71906499145621,21.933139051026444],[120.71057598939046,21.934112783877936],[120.71414498130594,21.978757401932626],[120.70693778565033,21.98750151378391],[120.7046878941311,21.99469379598196],[120.6938288106511,22.002588715796662],[120.69234277360022,22.00960497728795],[120.69836469247662,22.010007894248986],[120.69079133605135,22.025712917916906],[120.69090738007162,22.03203068946482],[120.6929048417851,22.035872953873763],[120.69767804570529,22.03357412844332],[120.70151953669733,22.03518178441186],[120.70592694047593,22.044430305314393],[120.71268742488485,22.049546915357894],[120.71880948237174,22.050177836537955],[120.71759765760589,22.054498073527327],[120.72713870728558,22.05376800029302],[120.73014009389033,22.05138570878347],[120.73327199820426,22.052537258287884],[120.73821142201962,22.047712743548345],[120.74341532205949,22.047880506680087],[120.74336688817141,22.04978659547504],[120.74755707509905,22.050284318066872],[120.75335629845449,22.062743759516934],[120.75995046853939,22.060865823099334]]]]}},{"type":"Feature","properties":{"district":"Wandan Township, Pingtung County","constituency_code":"TW-10013050","township_code":"10013050","county":"Pingtung County","township_name_zh":"萬丹鄉"},"geometry":{"type":"Polygon","coordinates":[[[120.5046097830151,22.57314306360155],[120.4945780632271,22.569224479126433],[120.49685983031702,22.56119207635328],[120.5040092013636,22.558178064166384],[120.50595233773026,22.547848756914675],[120.50198168430734,22.5454381592437],[120.50429008212166,22.54155361141011],[120.50064017100715,22.538730338234586],[120.49693511526345,22.539416761974053],[120.49179081059754,22.529367089919333],[120.48634550284271,22.524931479804025],[120.47819504786321,22.531039369371456],[120.47854121400587,22.53485658046685],[120.47592431725354,22.53471666394296],[120.47433533750586,22.531066440763652],[120.4730290839251,22.535324082240663],[120.47949768796798,22.53660999855265],[120.48119347300042,22.555876861827755],[120.47765753386818,22.55631453218996],[120.47814917614357,22.56208016586703],[120.46983053625036,22.55802079522357],[120.47116622194369,22.560347725367308],[120.44073314411935,22.55761673792216],[120.44441583012656,22.570141296583643],[120.44675232905684,22.593352433468056],[120.44508203710643,22.60034867694992],[120.43798922622193,22.60670626957875],[120.43461416141452,22.613411853074638],[120.43347447936378,22.62322533977766],[120.43527981800923,22.62881873529642],[120.45859631047142,22.630134159264117],[120.47142609363937,22.62623988346388],[120.47257506928406,22.628807114256972],[120.48029169760377,22.630285195905117],[120.48070171201448,22.620695352608493],[120.49247749334165,22.623172484822362],[120.49303639951029,22.619325304719098],[120.49627858678741,22.61898570902332],[120.50370698508937,22.619242093148102],[120.50743143201498,22.624257944048907],[120.50681300061956,22.616141601253958],[120.51202509797997,22.60702539130881],[120.51761674341799,22.603717358369465],[120.52313503295545,22.59549821407137],[120.51503165298845,22.582859557522625],[120.51052040089587,22.58122244066317],[120.5046097830151,22.57314306360155]]]}},{"type":"Feature","properties":{"district":"Changzhi Township, Pingtung County","constituency_code":"TW-10013060","township_code":"10013060","county":"Pingtung County","township_name_zh":"長治鄉"},"geometry":{"type":"Polygon","coordinates":[[[120.61576809142434,22.706526549760497],[120.5835932831036,22.684882263006102],[120.5611981334871,22.663670116682567],[120.55883900401693,22.66604551758661],[120.55624017014782,22.66386041862347],[120.55608066998695,22.66645701767726],[120.54606250208292,22.666956484953857],[120.54510632849428,22.670453565279843],[120.5416115918016,22.67086310394916],[120.53324610622292,22.669258325811143],[120.53158373819906,22.66672879729623],[120.52717328122196,22.667592014260094],[120.52425717103165,22.66485470188303],[120.52365437345065,22.65944355847347],[120.51820577327783,22.663488838539138],[120.5118226461982,22.663196716255527],[120.50810076503831,22.66803821918853],[120.51142908668305,22.67299108606983],[120.51173919360895,22.690983653173078],[120.52291078520466,22.69325605382386],[120.52845010538806,22.699207413691227],[120.52575008609767,22.704790519167204],[120.52153286824728,22.707374194963165],[120.52381512366912,22.71839285594558],[120.5404887189793,22.721060536514585],[120.54038752636336,22.722600029267994],[120.55781446126844,22.718438460566574],[120.55805639058997,22.721835387892895],[120.56952395716496,22.719443669689667],[120.57643723638944,22.72194733819913],[120.58719842956395,22.720477753345676],[120.58642245313376,22.71670032466028],[120.60461118845569,22.714563377198147],[120.61098379256805,22.718624399896214],[120.6120697716027,22.716700723059944],[120.60813282656875,22.714932189169247],[120.6104426839828,22.713021194572548],[120.6089906449024,22.710663560674845],[120.61251818796404,22.710938103910394],[120.61576809142434,22.706526549760497]]]}},{"type":"Feature","properties":{"district":"Linluo Township, Pingtung County","constituency_code":"TW-10013070","township_code":"10013070","county":"Pingtung County","township_name_zh":"麟洛鄉"},"geometry":{"type":"Polygon","coordinates":[[[120.5611981334871,22.663670116682567],[120.53646946979029,22.640007333071992],[120.5338097841942,22.64104889459088],[120.52582663459157,22.62797763176235],[120.5079473568851,22.62073569799412],[120.50627820077841,22.62489185457548],[120.50895453822147,22.629988907961774],[120.50653078167034,22.63212792116667],[120.50942035826301,22.63544345265325],[120.50863472761068,22.64026358049989],[120.51109959487042,22.64002578086513],[120.51216689768421,22.645551505997275],[120.51733145957928,22.648603462379924],[120.51668599995901,22.65811020921882],[120.52383112260827,22.659562598135437],[120.52576380885273,22.666621626886638],[120.5416115918016,22.67086310394916],[120.54510632849428,22.670453565279843],[120.54606250208292,22.666956484953857],[120.55608066998695,22.66645701767726],[120.55624017014782,22.66386041862347],[120.55883900401693,22.66604551758661],[120.5611981334871,22.663670116682567]]]}},{"type":"Feature","properties":{"district":"Jiuru Township, Pingtung County","constituency_code":"TW-10013080","township_code":"10013080","county":"Pingtung County","township_name_zh":"九如鄉"},"geometry":{"type":"Polygon","coordinates":[[[120.51402795562569,22.760448741316395],[120.5104456924148,22.749398140012204],[120.511481599896,22.73642424138569],[120.50483714421887,22.729879904534016],[120.51363547889434,22.727754359576068],[120.51752276876084,22.732417786851443],[120.52248276636669,22.73370809185502],[120.5331131126801,22.725703870237453],[120.53878759467182,22.725202000871718],[120.5404887189793,22.721060536514585],[120.52381512366912,22.71839285594558],[120.52153286824728,22.707374194963165],[120.51281216395023,22.713076148545497],[120.50475874851747,22.713787896294434],[120.5020480623682,22.711430789399458],[120.500428645066,22.713858974212314],[120.49054600499414,22.707543328661757],[120.48428032577647,22.705560826271153],[120.47949479125168,22.706938459042703],[120.47660802863766,22.703132326695595],[120.4714679651745,22.702879233190117],[120.46818633273313,22.695018565854184],[120.46235719972503,22.689005364106322],[120.44806087860673,22.689433847893838],[120.45595585957528,22.72097443002599],[120.45431450241244,22.77177592461925],[120.46359944675714,22.76944948100879],[120.464208314762,22.762862032456894],[120.46883042538389,22.755694333226927],[120.47957324540903,22.759357641541953],[120.48706005018119,22.758480718010787],[120.48752616520039,22.762188848536596],[120.49265317680272,22.76123923190505],[120.49375303147724,22.767104464599413],[120.49829182171027,22.764905339809616],[120.50873045864387,22.766758357812023],[120.51176460845,22.76518861096565],[120.51471994526935,22.76775437586383],[120.51402795562569,22.760448741316395]]]}},{"type":"Feature","properties":{"district":"Ligang Township, Pingtung County","constituency_code":"TW-10013090","township_code":"10013090","county":"Pingtung County","township_name_zh":"里港鄉"},"geometry":{"type":"Polygon","coordinates":[[[120.54544408057995,22.77067114795517],[120.54384519479993,22.767309855365568],[120.5212991083672,22.76943152964145],[120.51402795562569,22.760448741316395],[120.51471994526935,22.76775437586383],[120.51176460845,22.76518861096565],[120.50873045864387,22.766758357812023],[120.49829182171027,22.764905339809616],[120.49375303147724,22.767104464599413],[120.49265317680272,22.76123923190505],[120.48752616520039,22.762188848536596],[120.48706005018119,22.758480718010787],[120.47957324540903,22.759357641541953],[120.47133333936222,22.75570264655994],[120.46696815155906,22.756992195233693],[120.46359944675714,22.76944948100879],[120.45431450241244,22.77177592461925],[120.46403430134194,22.8002879786074],[120.46875515122929,22.830673306927622],[120.47623727592963,22.83818524055647],[120.48421128032635,22.8355483815526],[120.49080033506743,22.83526872477188],[120.49273779940995,22.83729045199283],[120.49769212229364,22.831711914173525],[120.50506239471383,22.831516932160753],[120.5099875777646,22.828511354715317],[120.51538161786743,22.831518385465188],[120.53057203687001,22.83298278302908],[120.53100498129493,22.830827356297505],[120.53643266233757,22.82926570784622],[120.55225578137924,22.828303385592847],[120.56667342014225,22.83833618366799],[120.56111971260475,22.826704861340318],[120.56216919085557,22.82073221272151],[120.5575826403267,22.816424970935714],[120.55544872987502,22.806964304459143],[120.54492160954476,22.797971570531615],[120.55156355251597,22.79146128021398],[120.55003965040964,22.7887339296272],[120.55295850623008,22.78534648745051],[120.54544408057995,22.77067114795517]]]}},{"type":"Feature","properties":{"district":"Yanpu Township, Pingtung County","constituency_code":"TW-10013100","township_code":"10013100","county":"Pingtung County","township_name_zh":"鹽埔鄉"},"geometry":{"type":"Polygon","coordinates":[[[120.63460446992042,22.719830013044714],[120.63319710915937,22.715947868199635],[120.61576809142434,22.706526549760497],[120.61251818796404,22.710938103910394],[120.6089906449024,22.710663560674845],[120.6104426839828,22.713021194572548],[120.60813282656875,22.714932189169247],[120.6120697716027,22.716700723059944],[120.61098379256805,22.718624399896214],[120.60461118845569,22.714563377198147],[120.58642245313376,22.71670032466028],[120.58719842956395,22.720477753345676],[120.57643723638944,22.72194733819913],[120.56952395716496,22.719443669689667],[120.55805639058997,22.721835387892895],[120.55748720786846,22.718470949474806],[120.5331131126801,22.725703870237453],[120.52248276636669,22.73370809185502],[120.51752276876084,22.732417786851443],[120.51363547889434,22.727754359576068],[120.50483714421887,22.729879904534016],[120.5110198537833,22.735085351407918],[120.51243502695502,22.74178740506477],[120.51045602742374,22.749492145246336],[120.51284931494399,22.759131302867388],[120.51912417264248,22.768581383424134],[120.52423374369243,22.769886449000467],[120.54384519479993,22.767309855365568],[120.54544408057995,22.77067114795517],[120.57832907362786,22.773087425744166],[120.59550512915848,22.76416706925488],[120.60099646871208,22.766793167870446],[120.60445937210238,22.758521048107923],[120.61461322432092,22.752326188702682],[120.61689763361892,22.73841920748049],[120.62430689344842,22.733513506443217],[120.63460446992042,22.719830013044714]]]}},{"type":"Feature","properties":{"district":"Gaoshu Township, Pingtung County","constituency_code":"TW-10013110","township_code":"10013110","county":"Pingtung County","township_name_zh":"高樹鄉"},"geometry":{"type":"Polygon","coordinates":[[[120.64768552996327,22.879568056220876],[120.6445301146731,22.878029251448822],[120.64502424717136,22.873216935113533],[120.6478085770043,22.87321669229658],[120.64095611803043,22.859904202516987],[120.640070721087,22.85207962497475],[120.62786458268442,22.84663097443996],[120.6325410941962,22.842263228964896],[120.62918036997814,22.83617066024783],[120.62994735858376,22.830400789864598],[120.63203771486872,22.82935475421857],[120.62704801985035,22.81964983727022],[120.63556255276967,22.815099344159478],[120.62912584947844,22.811604984282667],[120.63088276772567,22.782199014073285],[120.62874880331469,22.776411660869485],[120.63307419971466,22.776377406592076],[120.63750359731318,22.77080506869902],[120.64370535631724,22.770843154088368],[120.64592223462353,22.768102107726122],[120.64222748511042,22.767779136897673],[120.6351578929225,22.761637240366383],[120.63133751531416,22.751382007573625],[120.63466403022085,22.74043935369326],[120.63937933758643,22.735512804572352],[120.63873531957938,22.72620212432861],[120.63460446992042,22.719830013044714],[120.62430689344842,22.733513506443217],[120.61689763361892,22.73841920748049],[120.61461322432092,22.752326188702682],[120.60445937210238,22.758521048107923],[120.60099646871208,22.766793167870446],[120.59550512915848,22.76416706925488],[120.57832907362786,22.773087425744166],[120.54537561609186,22.770702991150188],[120.55295850623008,22.78534648745051],[120.55003965040964,22.7887339296272],[120.55156355251597,22.79146128021398],[120.54492160954476,22.797971570531615],[120.55544872987502,22.806964304459143],[120.5575826403267,22.816424970935714],[120.56260333317732,22.8221293320031],[120.56117500742073,22.826873508505685],[120.56958848532042,22.843155592956293],[120.60233505022245,22.87069101377932],[120.61293182934048,22.876073646881366],[120.62117443964871,22.87569195661854],[120.64482807535546,22.885140378825497],[120.64768552996327,22.879568056220876]]]}},{"type":"Feature","properties":{"district":"Wanluan Township, Pingtung County","constituency_code":"TW-10013120","township_code":"10013120","county":"Pingtung County","township_name_zh":"萬巒鄉"},"geometry":{"type":"Polygon","coordinates":[[[120.62982978661546,22.652298096779816],[120.62779316482272,22.645070173549698],[120.6292609771125,22.644499506047396],[120.6258199002682,22.63928062600013],[120.62620195745444,22.629080810331175],[120.63134860485434,22.62465274732648],[120.63940570031286,22.626024976971166],[120.63083834211591,22.616030914495184],[120.63184145042271,22.61163633594822],[120.62885785780395,22.611246140796823],[120.62850759704804,22.60853730815029],[120.63234360937008,22.608141195459837],[120.6317606292497,22.601147808224823],[120.62917773586389,22.59753085096804],[120.62619327000345,22.598328770856142],[120.62389583492495,22.596139571883782],[120.62376870945843,22.587093581004012],[120.62570716395453,22.58511526675619],[120.62662671625003,22.593967212716734],[120.62866028934093,22.593882216890847],[120.62821626346988,22.59116924196701],[120.63158565085712,22.59040345305698],[120.62940894796463,22.587769865786754],[120.6312262538886,22.588621564233847],[120.63213436410967,22.585100489995682],[120.63074848185704,22.577074585723608],[120.63658686978829,22.57546581819298],[120.63185254985535,22.574966614417747],[120.63247065299834,22.57171189418864],[120.63083626378261,22.572994943461936],[120.63009861196144,22.57075732049401],[120.62877880559745,22.57478260323461],[120.62485801058881,22.575354554069463],[120.6268592647433,22.570907650267884],[120.62544262747531,22.568304179494362],[120.62820546441071,22.566553945008593],[120.62785215855035,22.560004829159595],[120.63050590682224,22.561760548610494],[120.63148868235692,22.557113111281126],[120.62835160873976,22.556305160354896],[120.63061259969174,22.555877000323335],[120.63023072686656,22.553802557542042],[120.62626156272097,22.55645403682439],[120.62486851107303,22.55440065436676],[120.6243548417026,22.545399728514724],[120.62676883251572,22.542701445815112],[120.62237863996234,22.536955616108855],[120.62611437967496,22.526545410342464],[120.63356048292997,22.524751315920525],[120.62479848086525,22.52648340748334],[120.62124506430837,22.523316308201117],[120.59953281218964,22.525507321106033],[120.60537122170456,22.540263656242814],[120.59198847059156,22.54594558462111],[120.59344539299059,22.549091753981315],[120.58717528551108,22.55032062449726],[120.58865259464164,22.553577194631885],[120.58546853324629,22.56046689992752],[120.5723193216794,22.558609605648826],[120.5707573962369,22.553646687045045],[120.56458232191665,22.55493162039801],[120.55516046118635,22.56113157805993],[120.55487900036564,22.564093336038695],[120.54980557576675,22.565936854502297],[120.53974460103257,22.56437765040829],[120.5541336323613,22.573695075567343],[120.55684100900544,22.58091338054811],[120.560366647303,22.57903770952271],[120.56649854517184,22.58054427719668],[120.56375713368482,22.58758610281643],[120.57143815065024,22.587941607519213],[120.57447894374832,22.596466350441744],[120.5785110217663,22.595701915011432],[120.57619885669192,22.60135907965787],[120.58027700517971,22.60746378382663],[120.58711303174107,22.611874044751403],[120.58634671133177,22.615527381383572],[120.59384029789146,22.62043809883926],[120.59695176151467,22.62637896991356],[120.59918880531916,22.62580597406651],[120.61046580645188,22.634847956667898],[120.61681679535889,22.636574352824198],[120.62235042463249,22.650611429973537],[120.62982978661546,22.652298096779816]]]}},{"type":"Feature","properties":{"district":"Neipu Township, Pingtung County","constituency_code":"TW-10013130","township_code":"10013130","county":"Pingtung County","township_name_zh":"內埔鄉"},"geometry":{"type":"Polygon","coordinates":[[[120.649446978995,22.71066697450135],[120.651221646262,22.70284657610864],[120.64778864982634,22.697515331167665],[120.63442098574001,22.69030439703033],[120.63833434785192,22.687348444175427],[120.63442121686569,22.68344099870319],[120.6358473024111,22.676732667778424],[120.63279198526197,22.671256492593102],[120.63393511621268,22.667667730881135],[120.63167176813761,22.666561853446808],[120.63277016591053,22.662255009161413],[120.62979674192616,22.65851433217074],[120.63296698703687,22.653246363528922],[120.62235042463249,22.650611429973537],[120.6171184846304,22.636848697309574],[120.59613993990638,22.625786030700795],[120.59384029789146,22.62043809883926],[120.58634671133177,22.615527381383572],[120.58810152786327,22.614271391811315],[120.58469918032301,22.608614452894756],[120.57844780752032,22.60543906725917],[120.57619885669192,22.60135907965787],[120.5785110217663,22.595701915011432],[120.57447894374832,22.596466350441744],[120.57115684001622,22.587787055428294],[120.5637924698467,22.587643328476872],[120.56649854517184,22.58054427719668],[120.55776005768053,22.580134931881673],[120.55586764577527,22.583581122271028],[120.55757068653804,22.588484184697393],[120.55352698837987,22.594463846229587],[120.5535818047565,22.605783021069612],[120.53652963443517,22.602205851618805],[120.5355662356933,22.60431975125556],[120.53918821656305,22.637065028328436],[120.53646946979029,22.640007333071992],[120.58354458391545,22.684840975130953],[120.60586067143288,22.701199826610775],[120.62907661159636,22.713682021807927],[120.63427827052578,22.71111160381753],[120.649446978995,22.71066697450135]]]}},{"type":"Feature","properties":{"district":"Zhutian Township, Pingtung County","constituency_code":"TW-10013140","township_code":"10013140","county":"Pingtung County","township_name_zh":"竹田鄉"},"geometry":{"type":"Polygon","coordinates":[[[120.5046097830151,22.57314306360155],[120.51052040089587,22.58122244066317],[120.51503165298845,22.582859557522625],[120.52313503295545,22.59549821407137],[120.51761674341799,22.603717358369465],[120.51202509797997,22.60702539130881],[120.50678167993067,22.61622640372559],[120.5079473568851,22.62073569799412],[120.52582663459157,22.62797763176235],[120.53488291731287,22.64179202957854],[120.53918821656305,22.637065028328436],[120.5355662356933,22.60431975125556],[120.53652963443517,22.602205851618805],[120.55362299280694,22.605737440730366],[120.55352698837987,22.594463846229587],[120.55761205805015,22.588227769096306],[120.55430981404675,22.57390763393022],[120.53883684694301,22.56362038167532],[120.52967583996815,22.565753854157094],[120.51875553334128,22.557569556789645],[120.51873518438128,22.552420953364333],[120.51610084797585,22.553144063148068],[120.51578634156647,22.557334439832573],[120.51205529811352,22.557827605559623],[120.5091446036406,22.55466469711814],[120.50820027322413,22.544970887696365],[120.50418879058032,22.54273098404775],[120.50198168430734,22.5454381592437],[120.50595233773026,22.547848756914675],[120.5040092013636,22.558178064166384],[120.49685983031702,22.56119207635328],[120.4945780632271,22.569224479126433],[120.5046097830151,22.57314306360155]]]}},{"type":"Feature","properties":{"district":"Xinpi Township, Pingtung County","constituency_code":"TW-10013150","township_code":"10013150","county":"Pingtung County","township_name_zh":"新埤鄉"},"geometry":{"type":"Polygon","coordinates":[[[120.63356048292997,22.524751315920525],[120.62078162027558,22.5061416214387],[120.61993471701362,22.49535090172276],[120.62265909354244,22.491947265453973],[120.61945359320885,22.492173564558414],[120.61505576990794,22.487520736692716],[120.61853054524852,22.487957587772485],[120.61856285968827,22.484927664779946],[120.61663006192782,22.485876578141642],[120.61505971073711,22.485258760983072],[120.62014528787483,22.48171499415173],[120.62322021923774,22.482631761246807],[120.62152911337796,22.48103918061372],[120.62542228481061,22.478383230801512],[120.62063991679884,22.479532753234025],[120.62146443773372,22.47761961285488],[120.61633645036693,22.473979934226634],[120.61699978131492,22.46835546443316],[120.61521210535443,22.466661971772623],[120.61860799216515,22.465178942953912],[120.61498169904621,22.4638819505916],[120.61862063123715,22.460963153227],[120.61596330726093,22.459911930291412],[120.61946500200827,22.4584387337606],[120.61546612246366,22.458633240032043],[120.61771713453822,22.456238459637234],[120.61635466703433,22.453871549232645],[120.62698941193185,22.452622960181543],[120.62314103213293,22.450870286734414],[120.62389524137234,22.44940789555801],[120.61655716737948,22.449127281898598],[120.61968434395737,22.445537911345582],[120.61498253721436,22.445808621670608],[120.61113714676196,22.448969605562922],[120.60908028212941,22.445178670859036],[120.60089518346604,22.446600075433196],[120.57954507754334,22.455010882346414],[120.57319408234105,22.460432605380504],[120.54814184437066,22.460688428328353],[120.54045724000969,22.46288068499564],[120.54006916725837,22.465132053201728],[120.54439518958634,22.4679242772836],[120.54081569988466,22.477937995342245],[120.54627280854334,22.489411206062357],[120.53615512166164,22.495238772451444],[120.53605092081341,22.498445693713848],[120.53068593780586,22.498329891611263],[120.52977357199279,22.503027798893868],[120.53278844842816,22.50751508495324],[120.54290688444519,22.510988683980656],[120.55621091879891,22.508954237648027],[120.56951127852278,22.511842606451182],[120.58823953152921,22.518857515362072],[120.58923976110611,22.51739718812979],[120.60373494840917,22.52106800668321],[120.60564065858955,22.524905793367736],[120.62124506430837,22.523316308201117],[120.62479848086525,22.52648340748334],[120.63356048292997,22.524751315920525]]]}},{"type":"Feature","properties":{"district":"Fangliao Township, Pingtung County","constituency_code":"TW-10013160","township_code":"10013160","county":"Pingtung County","township_name_zh":"枋寮鄉"},"geometry":{"type":"Polygon","coordinates":[[[120.57963953783451,22.454980900748012],[120.63297278766413,22.43516617587835],[120.62989212222374,22.427819400944657],[120.62436058117589,22.425734606966614],[120.62317062702289,22.421861593837548],[120.63071954886811,22.4229413090942],[120.62734014393254,22.415708991776626],[120.63146109025718,22.41503156575419],[120.63246914483523,22.41175935461058],[120.63045313280588,22.41242412717179],[120.62360465692939,22.405054939334036],[120.63090371833198,22.40137922487139],[120.62909551534585,22.39912152363945],[120.63303891031751,22.399139552348515],[120.63686172688722,22.393955519231895],[120.62442299052861,22.39389992943825],[120.62307968308096,22.391188697400537],[120.61869606816913,22.391306970840105],[120.61593012317667,22.387068995737593],[120.61828567424459,22.38522228108343],[120.62004387582431,22.373468718406684],[120.6252291994681,22.370638201192094],[120.62066674537402,22.36901122868528],[120.61789555643486,22.370611164873424],[120.62021469934894,22.363439366533612],[120.62295763158954,22.36376489503391],[120.62040900507156,22.361259499826133],[120.62499654395538,22.36230563080028],[120.62970978827616,22.35788930394824],[120.63896439399161,22.359026003847077],[120.64023523586752,22.355238791437102],[120.63507258683046,22.35659981013316],[120.6250856982465,22.353614556466653],[120.60637986084191,22.34056060648686],[120.59893609312621,22.355746016265698],[120.58936051127864,22.366365622875264],[120.54015607684153,22.397202472915865],[120.55083560527908,22.396262376507536],[120.55312970117484,22.40069964767065],[120.55766343272126,22.401920776822465],[120.56370666553028,22.398848149522507],[120.5658071697651,22.4049567585476],[120.56332814357904,22.410223868336914],[120.5761987101024,22.414547380657154],[120.56690916482614,22.429453675047114],[120.57505595237035,22.455853563291384],[120.57659069760268,22.457746991430554],[120.57963953783451,22.454980900748012]]]}},{"type":"Feature","properties":{"district":"Xinyuan Township, Pingtung County","constituency_code":"TW-10013170","township_code":"10013170","county":"Pingtung County","township_name_zh":"新園鄉"},"geometry":{"type":"Polygon","coordinates":[[[120.47781010565188,22.55827440044328],[120.47765753386818,22.55631453218996],[120.48119347300042,22.555876861827755],[120.47949768796798,22.53660999855265],[120.4730290839251,22.535324082240663],[120.47433533750586,22.531066440763652],[120.47592431725354,22.53471666394296],[120.47854121400587,22.53485658046685],[120.47819504786321,22.531039369371456],[120.48441953633255,22.526692253444764],[120.48075525674972,22.521698194915814],[120.47216037929809,22.51726620007514],[120.4656101087196,22.50667204248083],[120.46855184868889,22.48940932198269],[120.465800289252,22.48415886044313],[120.45899475420458,22.477425561640416],[120.43684315808537,22.465303054792173],[120.43497878794074,22.464642042296475],[120.43310333455133,22.468358848582056],[120.42443392938242,22.46871286490682],[120.42573031200436,22.498172178403365],[120.42285604367157,22.518451438183376],[120.43114358590788,22.544475193075755],[120.43657429137056,22.547557046520524],[120.44073314411935,22.55761673792216],[120.47116622194369,22.560347725367308],[120.46983053625036,22.55802079522357],[120.47814917614357,22.56208016586703],[120.47781010565188,22.55827440044328]]]}},{"type":"Feature","properties":{"district":"Kanding Township, Pingtung County","constituency_code":"TW-10013180","township_code":"10013180","county":"Pingtung County","township_name_zh":"崁頂鄉"},"geometry":{"type":"Polygon","coordinates":[[[120.52988631999779,22.503414865303853],[120.52986276945126,22.50189982961348],[120.52339803878851,22.50272090164833],[120.52197557121565,22.49576538936128],[120.51058972243777,22.496979394983157],[120.50816770157826,22.49152789719477],[120.50224811565806,22.493344831698664],[120.49221701640226,22.49213185849851],[120.48840695042054,22.498623045417276],[120.47939107154082,22.500463859619458],[120.47651083530684,22.49517778492691],[120.46855184868889,22.48940932198269],[120.46549332365805,22.506146991290677],[120.47216037929809,22.51726620007514],[120.48098173841652,22.521877206767726],[120.48341785255195,22.526515211108176],[120.48642100542509,22.52495108502461],[120.49174410070975,22.52931370346471],[120.49700788570544,22.53947264944327],[120.502372787774,22.53965114418503],[120.50863234260862,22.5466793046063],[120.51757198236112,22.545711680849422],[120.52022152090649,22.54752424374891],[120.52325970417212,22.54684376272951],[120.52375227274922,22.543672719020833],[120.51934919740756,22.53828902022218],[120.52334895019396,22.533957133415015],[120.52333041876386,22.527385014706738],[120.52585439036784,22.523754292426702],[120.52377691237461,22.51561047264522],[120.5262740706919,22.51092601562317],[120.52932783111453,22.511306453130373],[120.52988631999779,22.503414865303853]]]}},{"type":"Feature","properties":{"district":"Linbian Township, Pingtung County","constituency_code":"TW-10013190","township_code":"10013190","county":"Pingtung County","township_name_zh":"林邊鄉"},"geometry":{"type":"Polygon","coordinates":[[[120.53713314607785,22.468559365922033],[120.5427817042123,22.467884889675986],[120.54004045100612,22.465064788409336],[120.54148178725472,22.46310418540986],[120.53303059448638,22.4496305227305],[120.52517712892143,22.44820506131458],[120.52427209977759,22.444913072280485],[120.52716924056801,22.443509990493737],[120.52502444292372,22.42999343375004],[120.51346982287407,22.419059764096858],[120.51030870678142,22.411878494996586],[120.48058812853935,22.42685596353192],[120.4822930407912,22.43181394305907],[120.48725045464482,22.436121596734324],[120.49163957790427,22.434223944479527],[120.49612498168267,22.436126343356136],[120.49860391793652,22.44434141912126],[120.5034102151094,22.448286969767878],[120.49980269893547,22.451507092178588],[120.49962708831958,22.455299984706585],[120.4970604825553,22.455698677551993],[120.49956389745591,22.460226776644504],[120.50813316311508,22.461017419218592],[120.50877095421617,22.458785573495447],[120.51157989309763,22.458768376659293],[120.52875801257233,22.460962529097515],[120.52888480888691,22.46426287013537],[120.53713314607785,22.468559365922033]]]}},{"type":"Feature","properties":{"district":"Nanzhou Township, Pingtung County","constituency_code":"TW-10013200","township_code":"10013200","county":"Pingtung County","township_name_zh":"南州鄉"},"geometry":{"type":"Polygon","coordinates":[[[120.52986276945126,22.50189982961348],[120.53071537621372,22.498292067025318],[120.53605092081341,22.498445693713848],[120.53615512166164,22.495238772451444],[120.54627280854334,22.489411206062357],[120.54081569988466,22.477937995342245],[120.5443624012039,22.467617388132],[120.53625571712769,22.46853215333624],[120.52888480888691,22.46426287013537],[120.52875801257233,22.460962529097515],[120.50887732422916,22.45874525149219],[120.50813316311508,22.461017419218592],[120.50167662887338,22.460462982680554],[120.50136513968948,22.473740049963396],[120.49882364929204,22.475791453013187],[120.48759252977152,22.47199325448514],[120.48716531133016,22.48034094427919],[120.48943537554226,22.488220643068246],[120.49314508078089,22.491987627027413],[120.50224811565806,22.493344831698664],[120.50816770157826,22.49152789719477],[120.51058972243777,22.496979394983157],[120.5218723398367,22.49573729274192],[120.52348468846765,22.502790643173682],[120.52986276945126,22.50189982961348]]]}},{"type":"Feature","properties":{"district":"Jiadong Township, Pingtung County","constituency_code":"TW-10013210","township_code":"10013210","county":"Pingtung County","township_name_zh":"佳冬鄉"},"geometry":{"type":"Polygon","coordinates":[[[120.54845290187995,22.46066915315896],[120.56212410604269,22.46165730574012],[120.57319408234105,22.460432605380504],[120.57659069760268,22.457746991430554],[120.57122753752094,22.447657866117652],[120.56690916482614,22.429453675047114],[120.5761987101024,22.414547380657154],[120.56332814357904,22.410223868336914],[120.5658071697651,22.4049567585476],[120.56370666553028,22.398848149522507],[120.55677127287595,22.401805535896813],[120.55312970117484,22.40069964767065],[120.55071899558527,22.396235599193574],[120.54015607684153,22.397202472915865],[120.51752324630081,22.40898234795702],[120.51754973673098,22.411487687406918],[120.51030870678142,22.411878494996586],[120.51346982287407,22.419059764096858],[120.52502444292372,22.42999343375004],[120.52716924056801,22.443509990493737],[120.52427209977759,22.444913072280485],[120.52521753725955,22.448263621568913],[120.53303059448638,22.4496305227305],[120.54088858274201,22.4627950326647],[120.54845290187995,22.46066915315896]]]}},{"type":"Feature","properties":{"district":"Liuqiu Township, Pingtung County","constituency_code":"TW-10013220","township_code":"10013220","county":"Pingtung County","township_name_zh":"琉球鄉"},"geometry":{"type":"Polygon","coordinates":[[[120.37964188456533,22.355981859874987],[120.3884862870126,22.350675981211623],[120.3880123811665,22.34273312123662],[120.36312419932244,22.32357860666741],[120.35465307398022,22.323256393967483],[120.35361747586592,22.329414472000337],[120.36324004279379,22.340023209403626],[120.36111427930064,22.346516708479385],[120.36742258818197,22.352114151846706],[120.37964188456533,22.355981859874987]]]}},{"type":"Feature","properties":{"district":"Checheng Township, Pingtung County","constituency_code":"TW-10013230","township_code":"10013230","county":"Pingtung County","township_name_zh":"車城鄉"},"geometry":{"type":"Polygon","coordinates":[[[120.70383221978113,22.142470360418827],[120.70854301704662,22.132283481497495],[120.7184299199049,22.121648463206043],[120.71562425635443,22.11154147825664],[120.73604812262283,22.118271782316924],[120.73827736300996,22.111526332774076],[120.73683618863924,22.103865054129017],[120.73942990446653,22.09955271768382],[120.7452684236988,22.096857823629705],[120.74853124861829,22.09796569576031],[120.75591288217379,22.11279317446548],[120.79289246511519,22.10009705033866],[120.79351343889414,22.089513609965195],[120.79572488529527,22.086334711577706],[120.79364783807728,22.084420945270438],[120.79545760498456,22.069746917885993],[120.78453247259563,22.050411439936056],[120.7711024612097,22.05560820655353],[120.77321862893666,22.060485710247406],[120.75335629845449,22.062743759516934],[120.74755707509905,22.050284318066872],[120.74336688817141,22.04978659547504],[120.74348445744181,22.047895483090144],[120.73821142201962,22.047712743548345],[120.73327199820426,22.052537258287884],[120.73014009389033,22.05138570878347],[120.72713870728558,22.05376800029302],[120.71753999127759,22.054464680800436],[120.71880948237174,22.050177836537955],[120.71268742488485,22.049546915357894],[120.70598233691533,22.04447827245434],[120.70565689744797,22.040779017337854],[120.69994374191026,22.033900851243345],[120.6927899381052,22.035784651240704],[120.69079133605135,22.025712917916906],[120.69837033572253,22.00994116095586],[120.69234277360022,22.00960497728795],[120.68477752905983,22.025619752649504],[120.69384687263516,22.04152892062325],[120.69688773677967,22.04094201316343],[120.69441477202417,22.048262456846942],[120.69757319464725,22.0549902922682],[120.70447634390825,22.056043868729603],[120.70593514948757,22.059944495542084],[120.7057305600174,22.07074248807544],[120.69944922270349,22.083297825134593],[120.70131179690202,22.08614442582467],[120.71686670573399,22.09331273479495],[120.71586378898269,22.104826825997293],[120.71249771829514,22.108339857598423],[120.70904990013287,22.12275488473017],[120.69802751685643,22.13816759905552],[120.6980181414242,22.142434013419006],[120.70383221978113,22.142470360418827]]]}},{"type":"Feature","properties":{"district":"Manzhou Township, Pingtung County","constituency_code":"TW-10013240","township_code":"10013240","county":"Pingtung County","township_name_zh":"滿州鄉"},"geometry":{"type":"Polygon","coordinates":[[[120.85242336044973,22.14469371294456],[120.86865619802518,22.140637261500444],[120.86926439423644,22.14437258842429],[120.87227549531792,22.14481650727606],[120.87391839841541,22.14154333745512],[120.88418616685817,22.138625042811555],[120.89703702204099,22.144046362949325],[120.895785844741,22.139781996342094],[120.88785582348748,22.133296381622756],[120.88662410751658,22.128047300542562],[120.89246441999705,22.10974332069776],[120.90203630113444,22.10530492448271],[120.89880438861167,22.100988702966333],[120.89914270367285,22.094427613543587],[120.89407913204639,22.08860810058343],[120.89296457885234,22.06797887772308],[120.89392496306664,22.04835581007262],[120.90105576311305,22.033241514184567],[120.88922732737933,22.025762243932434],[120.88708135611978,22.01645394419421],[120.87823138147314,22.010712371878526],[120.87928811005827,22.005733156659915],[120.87578604748819,21.99884672669515],[120.86158579734672,21.99081501010471],[120.8466896536047,21.9871538376795],[120.84417040883739,21.979318717384956],[120.83439178795072,21.970807782653083],[120.827770592339,21.970478799856778],[120.82417823423816,21.974928950210938],[120.81852411559555,21.973865094498535],[120.81470302842206,21.98050170628875],[120.81143525093614,21.98129110240251],[120.80490486167014,21.980010115274638],[120.79320172757775,21.982197263792727],[120.79007201581089,21.979632665315307],[120.77072827039342,21.979452351245072],[120.77069676804149,21.985825843887653],[120.77964209330798,21.99001082284127],[120.78249350986766,21.99612369914945],[120.78667787278562,21.99843123631257],[120.78515451476915,22.009752535351254],[120.78122814666165,22.01448552608622],[120.77762776930615,22.014152725667827],[120.77253851484068,22.02347248366823],[120.78490908078948,22.024961315812106],[120.78612081832114,22.030525976192905],[120.79333917995928,22.037440984813657],[120.79039707756317,22.04478875349821],[120.78416944056733,22.04812786430955],[120.78737457577608,22.057942198173976],[120.79464454770778,22.068122793532154],[120.80016441015948,22.06163455369176],[120.80669760620958,22.05929033048443],[120.81449865568845,22.06443154597912],[120.81802168775073,22.075694840544486],[120.82221159319056,22.07649220734953],[120.81653082673631,22.085822097112157],[120.81768804646629,22.089404708360632],[120.82354492086142,22.09015945179732],[120.82842803992219,22.103343971647007],[120.83976719859743,22.10959192972382],[120.8432401267305,22.114461563450448],[120.84890868758589,22.116245068355283],[120.85519731300565,22.123220527605326],[120.85655520385967,22.13045051477951],[120.84867909516413,22.142279443341693],[120.85242336044973,22.14469371294456]]]}},{"type":"Feature","properties":{"district":"Fangshan Township, Pingtung County","constituency_code":"TW-10013250","township_code":"10013250","county":"Pingtung County","township_name_zh":"枋山鄉"},"geometry":{"type":"Polygon","coordinates":[[[120.63626701151338,22.3560353695367],[120.64132408014223,22.355225284519292],[120.64138158549179,22.351870199050495],[120.63481351643065,22.351595948993918],[120.62461196866752,22.344361037132217],[120.63032697141261,22.341729000293185],[120.62910191851881,22.33874824863284],[120.63950584881593,22.311610363227715],[120.64149728687039,22.30907955767549],[120.6483872565667,22.309735069018245],[120.64475419425071,22.30498967213572],[120.64482427482051,22.28918915215769],[120.65333474820011,22.265948319659287],[120.66125887349824,22.266422675166382],[120.66195717278538,22.26271031153169],[120.67043231360049,22.264061468262184],[120.67400876719091,22.260665954670117],[120.66897438575938,22.26166453219247],[120.66100849774409,22.25810642567103],[120.67077473856341,22.24374615466138],[120.66998703587308,22.23776138318135],[120.67488760358015,22.22990950312112],[120.67876781937946,22.227991248297542],[120.67572852005526,22.22702565880718],[120.6789767966419,22.219053852353454],[120.69095473207528,22.20692577240652],[120.70724535738736,22.213223153625677],[120.71751982308149,22.207698973528863],[120.70683496885874,22.20635548531743],[120.7023128970227,22.204142448015602],[120.7053967613515,22.200973865751337],[120.70418894216596,22.199340800337723],[120.699684790221,22.20229054067596],[120.69532542732668,22.197662099726188],[120.69669565687911,22.190840652074485],[120.69272978245351,22.181436266970195],[120.69890991635964,22.158541849726646],[120.70151035731715,22.157202541564118],[120.69937038363639,22.156410521228622],[120.70187174898206,22.150460553511778],[120.69962776331067,22.1420509642806],[120.69795683913685,22.143081649398653],[120.6997881340152,22.149126039635064],[120.69459448714588,22.15739436695651],[120.69604462595873,22.16039567082362],[120.69381450333674,22.17247881794316],[120.69108678492728,22.175094631012485],[120.68966979242703,22.186583843369704],[120.68391756944038,22.197417915804238],[120.68477727365234,22.210459184443835],[120.68036765124612,22.21524329624117],[120.6767512048043,22.22273777223046],[120.67276398407068,22.224823666079374],[120.67187900171461,22.23342046178493],[120.66600394932289,22.239327715301897],[120.65792018356967,22.24286233063208],[120.65791008688109,22.247095647246397],[120.65016131409345,22.25237368020123],[120.652095586742,22.26823889920587],[120.64270664569517,22.29106996910383],[120.64206458910951,22.303049286795215],[120.63050423588186,22.3192246756783],[120.60537675073647,22.340729065693893],[120.61162801651983,22.34345027481038],[120.61815251522648,22.350549116548564],[120.63626701151338,22.3560353695367]]]}},{"type":"Feature","properties":{"district":"Sandimen Township, Pingtung County","constituency_code":"TW-10013260","township_code":"10013260","county":"Pingtung County","township_name_zh":"三地門鄉"},"geometry":{"type":"Polygon","coordinates":[[[120.77418094129746,22.837955222755397],[120.76788048439687,22.83213361077759],[120.75813583629986,22.83043136141822],[120.7394805282039,22.822104721155995],[120.7408439399959,22.814282854170415],[120.73335462521584,22.79597502522728],[120.72685708098959,22.790949795296854],[120.7260954469474,22.784047161347473],[120.71099786495961,22.77227424705893],[120.71489430362931,22.768043921589765],[120.71975675716862,22.74977108976401],[120.71627972093245,22.746215359251494],[120.71201975111069,22.74915802372385],[120.7017463160397,22.745812089756214],[120.70439649040577,22.730794424223348],[120.70307083215323,22.726336486639582],[120.71497267504901,22.716073101492498],[120.70665181023287,22.691202381784535],[120.69614348123673,22.693451850622466],[120.69201746183649,22.697797424211785],[120.68780039417288,22.69646025103981],[120.68615036125027,22.699603425657642],[120.68191655090811,22.698915125033068],[120.67745817355592,22.706452260363562],[120.67300489356103,22.704752509320883],[120.66465380163174,22.709527905788264],[120.66149402732754,22.706715068345773],[120.65913472968407,22.71416565022463],[120.65523910130355,22.709438872006388],[120.64357387093742,22.711964584697853],[120.63427827052578,22.71111160381753],[120.62907661159636,22.713682021807927],[120.6365928304948,22.721676866194457],[120.63940387468915,22.732217482650753],[120.63133751531416,22.751382007573625],[120.6351578929225,22.761637240366383],[120.64222748511042,22.767779136897673],[120.64592223462353,22.768102107726122],[120.64370535631724,22.770843154088368],[120.63750359731318,22.77080506869902],[120.63307419971466,22.776377406592076],[120.62874880331469,22.776411660869485],[120.63088276772567,22.782199014073285],[120.62912584947844,22.811604984282667],[120.63556255276967,22.815099344159478],[120.62704801985035,22.81964983727022],[120.63203771486872,22.82935475421857],[120.62994735858376,22.830400789864598],[120.62918036997814,22.83617066024783],[120.6325410941962,22.842263228964896],[120.62786458268442,22.84663097443996],[120.640070721087,22.85207962497475],[120.64095611803043,22.859904202516987],[120.6478085770043,22.87321669229658],[120.64502424717136,22.873216935113533],[120.64568687035285,22.8799197648853],[120.6494259222685,22.87695465873054],[120.65676511052152,22.88111114716179],[120.66004959201507,22.860658993617733],[120.67211237848358,22.856351709563796],[120.67672182665103,22.857254083009593],[120.67896877468922,22.862868323014766],[120.69053852583238,22.864873124095425],[120.704538644443,22.880668458582534],[120.72501864729281,22.88083429536647],[120.73177198119208,22.875886818122183],[120.74241908817044,22.873736347554427],[120.749260281337,22.865683446533865],[120.75503655938974,22.86467914122943],[120.76215492181223,22.856813910733422],[120.76415796022172,22.848993388234305],[120.77418094129746,22.837955222755397]]]}},{"type":"Feature","properties":{"district":"Wutai Township, Pingtung County","constituency_code":"TW-10013270","township_code":"10013270","county":"Pingtung County","township_name_zh":"霧臺鄉"},"geometry":{"type":"Polygon","coordinates":[[[120.8645648402952,22.843081125493597],[120.86539907121028,22.835612857547403],[120.86162833078288,22.826661101228865],[120.86489966418821,22.825072949756873],[120.86862942430855,22.81685129275303],[120.87715886978606,22.813071878364553],[120.88113162582397,22.81451342685324],[120.89119440909474,22.81162362812796],[120.90089265757013,22.804273812586416],[120.90344221128908,22.799280774787974],[120.90169151635041,22.78754376413343],[120.90413337355642,22.78358175499403],[120.90381654509758,22.7755765863904],[120.90020849652501,22.76921520221987],[120.89356019984336,22.766783725888274],[120.89196128618448,22.763696546658366],[120.89481240416922,22.762580975431717],[120.89563950435968,22.74181792175972],[120.89143539502754,22.729378661995725],[120.88279777010109,22.716717152774436],[120.8616739839672,22.716697785874146],[120.85839142342547,22.713620773479988],[120.85487710489451,22.717545740443597],[120.8485100918673,22.71694664986802],[120.8424807751677,22.709836635852128],[120.84336285001552,22.707647823588218],[120.84023525435362,22.70666612544136],[120.83588878953606,22.69675640678281],[120.81987695315888,22.69559549173863],[120.81911312836826,22.691027715456755],[120.81144494832574,22.692038075896562],[120.80910023498791,22.688256500437205],[120.79720246332306,22.689201508043197],[120.78704921994563,22.69315658700691],[120.79156565033452,22.67918308293298],[120.78622369536731,22.67204093344236],[120.7858167071754,22.661433647544868],[120.76126964267996,22.62978401542],[120.75227835845953,22.642257546548592],[120.74688427608851,22.655467461454236],[120.75088913792342,22.664404119954213],[120.7449577564953,22.672382201877156],[120.74488427468964,22.680817939796157],[120.73801613333796,22.6838702666995],[120.73062233105577,22.68224750571784],[120.73068538342375,22.68463405192],[120.72536797725036,22.684765397904812],[120.72144791968583,22.69042230804314],[120.71294395919642,22.685977791941582],[120.70609302637217,22.692675492879744],[120.71497267504901,22.716073101492498],[120.70307083215323,22.726336486639582],[120.70439649040577,22.730794424223348],[120.7017463160397,22.745812089756214],[120.71201975111069,22.74915802372385],[120.71627972093245,22.746215359251494],[120.71975675716862,22.74977108976401],[120.71489430362931,22.768043921589765],[120.71099786495961,22.77227424705893],[120.7260954469474,22.784047161347473],[120.72685708098959,22.790949795296854],[120.73335462521584,22.79597502522728],[120.7408439399959,22.814282854170415],[120.7394805282039,22.822104721155995],[120.75813583629986,22.83043136141822],[120.76788048439687,22.83213361077759],[120.77418094129746,22.837955222755397],[120.779306423153,22.83522585319065],[120.78583878553161,22.83990289710107],[120.79249601068238,22.841000570919675],[120.79334695999432,22.85203182331003],[120.80107798645997,22.851029134087298],[120.81365705752728,22.85747013883588],[120.81516401101032,22.8616575450597],[120.82433698346506,22.866363095680356],[120.83724772720086,22.864234261901743],[120.84297800313243,22.85421066119312],[120.84717277030711,22.85196667102508],[120.85318500348524,22.85762227264979],[120.85992696725577,22.851462285356263],[120.85942716093484,22.849237234011184],[120.8645648402952,22.843081125493597]]]}},{"type":"Feature","properties":{"district":"Majia Township, Pingtung County","constituency_code":"TW-10013280","township_code":"10013280","county":"Pingtung County","township_name_zh":"瑪家鄉"},"geometry":{"type":"Polygon","coordinates":[[[120.70665181023287,22.691202381784535],[120.71316328855494,22.685915662278035],[120.72144791968583,22.69042230804314],[120.72536797725036,22.684765397904812],[120.73068538342375,22.68463405192],[120.73062233105577,22.68224750571784],[120.73801613333796,22.6838702666995],[120.74473504028992,22.680984433085143],[120.7449577564953,22.672382201877156],[120.75088913792342,22.664404119954213],[120.74850878445295,22.65728531866256],[120.73534432128349,22.650915316288888],[120.72115063799163,22.658162805169354],[120.6936750634535,22.65446077564434],[120.69736385585736,22.64247476609762],[120.67378791258216,22.651366829016013],[120.66540825548668,22.645846590647693],[120.66004578968148,22.645150561249466],[120.65904600167175,22.641941540070093],[120.65420778486146,22.645524385142323],[120.65056466902433,22.64518579758652],[120.65010559030077,22.642506750486177],[120.64690914793891,22.643096449441657],[120.63158461933483,22.624652919996322],[120.62622628231713,22.629038195056694],[120.6258199002682,22.63928062600013],[120.6292609771125,22.644499506047396],[120.62888221863955,22.650705889365327],[120.63296698703687,22.653246363528922],[120.62978819926605,22.658432987592334],[120.63277016591053,22.662255009161413],[120.63167176813761,22.666561853446808],[120.63393511621268,22.667667730881135],[120.63279198526197,22.671256492593102],[120.6358473024111,22.676732667778424],[120.63442121686569,22.68344099870319],[120.63832621618201,22.687245319815702],[120.63442098574001,22.69030439703033],[120.64778864982634,22.697515331167665],[120.651221646262,22.70284657610864],[120.649446978995,22.71066697450135],[120.65523910130355,22.709438872006388],[120.65913472968407,22.71416565022463],[120.66149402732754,22.706715068345773],[120.66465380163174,22.709527905788264],[120.67300489356103,22.704752509320883],[120.67745817355592,22.706452260363562],[120.68191655090811,22.698915125033068],[120.68615036125027,22.699603425657642],[120.68780039417288,22.69646025103981],[120.69201746183649,22.697797424211785],[120.69614348123673,22.693451850622466],[120.70665181023287,22.691202381784535]]]}},{"type":"Feature","properties":{"district":"Taiwu Township, Pingtung County","constituency_code":"TW-10013290","township_code":"10013290","county":"Pingtung County","township_name_zh":"泰武鄉"},"geometry":{"type":"Polygon","coordinates":[[[120.74688427608851,22.655467461454236],[120.76148138985434,22.627480725754936],[120.7528833072189,22.61207835003586],[120.75464383804274,22.600784738424977],[120.74580280355656,22.589547101517553],[120.74878258934507,22.572295273608063],[120.74152805787367,22.568669620806418],[120.73995212549028,22.558334798911915],[120.72941285621835,22.562470513903122],[120.71847361166795,22.560264208926128],[120.7153858020132,22.563443197245817],[120.70523416122762,22.563412921569125],[120.7026514782832,22.560742385652645],[120.69898133781851,22.561961823179672],[120.69349049109337,22.557446669827982],[120.67913640741938,22.56358401668905],[120.67592601747174,22.56219882331709],[120.66846275155478,22.56514740802652],[120.66035124351515,22.56311510118104],[120.6533911824572,22.565026486982845],[120.64984070308606,22.57154360855077],[120.64883627547374,22.56486619631795],[120.64563394165316,22.56137140746455],[120.64671675147702,22.548205456816447],[120.64438546771521,22.53986953105408],[120.64055755288882,22.538301141284705],[120.63803387176586,22.540852547607017],[120.63198621878905,22.538756998636643],[120.62816514870269,22.540717016177382],[120.6243548417026,22.545399728514724],[120.62485554015109,22.5543396839293],[120.62626156272097,22.55645403682439],[120.63033940184198,22.553858520554343],[120.63061259969174,22.555877000323335],[120.62832957355101,22.55622945542507],[120.63140038062318,22.556791947190675],[120.62971955761157,22.558713346044158],[120.63140469197299,22.55901834751876],[120.63037630282417,22.561807917701287],[120.62785215855035,22.560004829159595],[120.62820546441071,22.566553945008593],[120.62544262747531,22.568304179494362],[120.6268592647433,22.570907650267884],[120.62485801058881,22.575354554069463],[120.62877880559745,22.57478260323461],[120.63009861196144,22.57075732049401],[120.63083626378261,22.572994943461936],[120.63182946785571,22.571230675055688],[120.63247065299834,22.57171189418864],[120.63185254985535,22.574966614417747],[120.63657465069969,22.575801803110778],[120.63074848185704,22.577074585723608],[120.63213436410967,22.585100489995682],[120.6312262538886,22.588621564233847],[120.62940894796463,22.587769865786754],[120.63158565085712,22.59040345305698],[120.62821626346988,22.59116924196701],[120.62866028934093,22.593882216890847],[120.62662671625003,22.593967212716734],[120.62576061246239,22.585233836072746],[120.62422339859108,22.585513135822623],[120.62385044883922,22.59603357688809],[120.63156826246541,22.60053249387954],[120.63234360937008,22.608141195459837],[120.62850759704804,22.60853730815029],[120.62885785780395,22.611246140796823],[120.63184145042271,22.61163633594822],[120.63083834211591,22.616030914495184],[120.63940570031286,22.626024976971166],[120.63158461933483,22.624652919996322],[120.6422971313076,22.63618729720605],[120.643104532748,22.640304853985867],[120.64698015930696,22.64313617879168],[120.65010559030077,22.642506750486177],[120.65081336304638,22.6452654847144],[120.65918295133224,22.641988918154084],[120.66004578968148,22.645150561249466],[120.66540825548668,22.645846590647693],[120.67394934898334,22.651392117052637],[120.69753172151184,22.6424945709677],[120.69299424698693,22.6541023310578],[120.70572000377524,22.65637595118926],[120.72129757192545,22.65814360734163],[120.7351266223958,22.650910067845416],[120.74688427608851,22.655467461454236]]]}},{"type":"Feature","properties":{"district":"Laiyi Township, Pingtung County","constituency_code":"TW-10013300","township_code":"10013300","county":"Pingtung County","township_name_zh":"來義鄉"},"geometry":{"type":"Polygon","coordinates":[[[120.73995212549028,22.558334798911915],[120.73947943193025,22.551452726162438],[120.75001646728617,22.53401915156263],[120.7536261993896,22.511035685248714],[120.75846992904405,22.507348028688625],[120.76434218274562,22.4953858448809],[120.76367611785861,22.49091511174305],[120.75855242115733,22.48840503826193],[120.75745778075202,22.481830180218708],[120.75080775287552,22.47915393450654],[120.75456811962306,22.471404213833466],[120.75119853618355,22.456764140352846],[120.74516197274693,22.4559497250998],[120.74068463318929,22.449840200564836],[120.73036646314188,22.445287647107307],[120.72317705877435,22.46538536164519],[120.7169801965789,22.46885735448336],[120.70777950791796,22.467161159360046],[120.70134645677365,22.47090950307114],[120.69881925030825,22.46859105803094],[120.69753923624683,22.456874539328567],[120.69300204231047,22.450083433903387],[120.6814254005618,22.445909736045508],[120.67377743907764,22.446589819564565],[120.67034220243079,22.442384254229978],[120.6621767269744,22.440189573889768],[120.65022377830473,22.44309465209659],[120.64664584892682,22.44121223255854],[120.64159532106726,22.432732109499284],[120.60908028212941,22.445178670859036],[120.61113714676196,22.448969605562922],[120.61498253721436,22.445808621670608],[120.61968434395737,22.445537911345582],[120.61655716737948,22.449127281898598],[120.62389524137234,22.44940789555801],[120.62328664046618,22.450999917712068],[120.62698109680025,22.45189440949946],[120.61852543080408,22.452496189047963],[120.61591828629992,22.455171358271627],[120.61771713453822,22.456238459637234],[120.61553840007718,22.45872242400071],[120.61946500200827,22.4584387337606],[120.61596330726093,22.459911930291412],[120.61862063123715,22.460963153227],[120.61498169904621,22.4638819505916],[120.61860799216515,22.465178942953912],[120.61521210535443,22.466661971772623],[120.61699978131492,22.46835546443316],[120.61633645036693,22.473979934226634],[120.62146443773372,22.47761961285488],[120.62063991679884,22.479532753234025],[120.62542487665678,22.478324434924787],[120.62149918843681,22.481097252536244],[120.62322021923774,22.482631761246807],[120.62014528787483,22.48171499415173],[120.61505971073711,22.485258760983072],[120.61856285968827,22.484927664779946],[120.61853054524852,22.487957587772485],[120.61505576990794,22.487520736692716],[120.61945359320885,22.492173564558414],[120.62265909354244,22.491947265453973],[120.61993471701362,22.49535090172276],[120.62078162027558,22.5061416214387],[120.63063674109276,22.522468415684898],[120.63455322295295,22.524828976875824],[120.62640898768473,22.526235951827744],[120.62237863996234,22.536955616108855],[120.62675584810393,22.54274670599574],[120.63080546290189,22.53884393519951],[120.64438546771521,22.53986953105408],[120.64671675147702,22.548205456816447],[120.64563394165316,22.56137140746455],[120.64883627547374,22.56486619631795],[120.64984070308606,22.57154360855077],[120.6533911824572,22.565026486982845],[120.66035124351515,22.56311510118104],[120.66846275155478,22.56514740802652],[120.67592601747174,22.56219882331709],[120.67913640741938,22.56358401668905],[120.69349049109337,22.557446669827982],[120.69898133781851,22.561961823179672],[120.7026514782832,22.560742385652645],[120.70523416122762,22.563412921569125],[120.7153858020132,22.563443197245817],[120.71847361166795,22.560264208926128],[120.72941285621835,22.562470513903122],[120.73995212549028,22.558334798911915]]]}},{"type":"Feature","properties":{"district":"Chunri Township, Pingtung County","constituency_code":"TW-10013310","township_code":"10013310","county":"Pingtung County","township_name_zh":"春日鄉"},"geometry":{"type":"Polygon","coordinates":[[[120.75150043589645,22.458483490320873],[120.75817555485798,22.458517401956613],[120.76509561227272,22.453058066576546],[120.77633179947304,22.44995367791995],[120.77513199954217,22.443296724364416],[120.78244228448386,22.433900849544614],[120.78963783212032,22.417647851866946],[120.78035658219062,22.409451560241337],[120.77555517822896,22.409653620818005],[120.77339018450948,22.40693441898827],[120.76530720296512,22.409046358103012],[120.75811554219854,22.404903306442463],[120.7534180782817,22.405057718239163],[120.75760342775607,22.398176125727673],[120.7521405976106,22.392666364461206],[120.75648323221549,22.38838272538254],[120.75049882406154,22.384087625343682],[120.74878289241667,22.373247457304387],[120.7434175469823,22.36722903679066],[120.73380135984496,22.36701290901857],[120.72630831827428,22.35864949547789],[120.71891294667523,22.35467908307328],[120.70796511629715,22.353551251389206],[120.70260376745,22.348503535709654],[120.69394192378081,22.348427811894055],[120.68951117360189,22.34578121413176],[120.68758566844394,22.341238450693993],[120.68207538377203,22.34427336492388],[120.66828225402287,22.345701497326274],[120.66600919416908,22.344018361258406],[120.66289633479812,22.34696075863218],[120.65893874043059,22.34108452183324],[120.64886072354363,22.348978589989997],[120.64333184358975,22.34943931267418],[120.63896439399161,22.359026003847077],[120.62970978827616,22.35788930394824],[120.62499654395538,22.36230563080028],[120.62040900507156,22.361259499826133],[120.62295763158954,22.36376489503391],[120.62021469934894,22.363439366533612],[120.61789555643486,22.370611164873424],[120.62059822692675,22.36901106680733],[120.62525017615474,22.3704790364784],[120.62130526672479,22.371547763818285],[120.61824203913886,22.37673843213298],[120.61694282095448,22.38972942507297],[120.6304320580931,22.39540439629593],[120.632955504493,22.3930444376507],[120.63690392847354,22.394096250541565],[120.63303891031751,22.399139552348515],[120.62909551534585,22.39912152363945],[120.63090371833198,22.40137922487139],[120.62360465692939,22.405054939334036],[120.63045313280588,22.41242412717179],[120.63246914483523,22.41175935461058],[120.63146109025718,22.41503156575419],[120.62734014393254,22.415708991776626],[120.63071954886811,22.4229413090942],[120.62317062702289,22.421861593837548],[120.62436058117589,22.425734606966614],[120.62989212222374,22.427819400944657],[120.63264306652434,22.43582122856691],[120.64159532106726,22.432732109499284],[120.64664584892682,22.44121223255854],[120.65022377830473,22.44309465209659],[120.6621767269744,22.440189573889768],[120.67034220243079,22.442384254229978],[120.67377743907764,22.446589819564565],[120.6814254005618,22.445909736045508],[120.69262643865932,22.449845989500886],[120.69753923624683,22.456874539328567],[120.69881925030825,22.46859105803094],[120.70111532920919,22.4708890704743],[120.70825935018888,22.467041602587926],[120.7169801965789,22.46885735448336],[120.72299602074986,22.465544505674472],[120.7305142936998,22.445249297317275],[120.73604985291843,22.44651469469744],[120.7447024974224,22.45566567423151],[120.7501826763895,22.456213945017623],[120.75150043589645,22.458483490320873]]]}},{"type":"Feature","properties":{"district":"Shizi Township, Pingtung County","constituency_code":"TW-10013320","township_code":"10013320","county":"Pingtung County","township_name_zh":"獅子鄉"},"geometry":{"type":"Polygon","coordinates":[[[120.7434581540706,22.36726063087349],[120.75267193416255,22.360394648794056],[120.7629807746431,22.359145453599865],[120.76338021932168,22.35278360627848],[120.76726345504449,22.347609507972493],[120.7751777543499,22.349353457096413],[120.78472286177066,22.34577781109715],[120.79247291699164,22.335622937248786],[120.79340524955273,22.323644660073057],[120.79658628832658,22.317170741936252],[120.78713118325754,22.309206919663666],[120.77815147960712,22.30849742741441],[120.7768336625436,22.30258355308854],[120.7808348479499,22.294952836104528],[120.78989797361271,22.29330780161382],[120.79321143216191,22.28579005656593],[120.8056945815398,22.283794726245674],[120.80677436964152,22.277158309608353],[120.79800911922553,22.276257250072092],[120.79620369424515,22.26778818687535],[120.79959806479894,22.26499424418904],[120.79789501504297,22.257937472736216],[120.80801878853629,22.25936100510637],[120.81528026367334,22.263256828639783],[120.82590774654534,22.256645635287896],[120.83461553118184,22.245370920231835],[120.85866824914046,22.240819290378],[120.86429822638206,22.23428544591667],[120.86214547963027,22.230707097454626],[120.86682765147498,22.229013430325608],[120.86779910994107,22.22089360175835],[120.86519786678821,22.218334984671856],[120.86710325501122,22.215970691294444],[120.86584897954685,22.21112217994471],[120.8606148047295,22.209658663716425],[120.83806905104598,22.213527744110138],[120.82410849271287,22.206866778678943],[120.81516817846875,22.207909413089],[120.81131411675312,22.203706927932444],[120.80274796364768,22.204828853768618],[120.79701315783097,22.19781943791679],[120.78005773927327,22.19420297888439],[120.75557319564655,22.176635047369587],[120.75029349444924,22.177946115021257],[120.73303914124347,22.17502766929158],[120.73502388744248,22.167915889007134],[120.73285472176804,22.163745095959484],[120.73816202855483,22.150712631682666],[120.73498342334642,22.129714465550194],[120.73604812262283,22.118271782316924],[120.72394064524462,22.11585955957105],[120.71623117552838,22.11132383242898],[120.7184299199049,22.121648463206043],[120.70854301704662,22.132283481497495],[120.70377139503387,22.14274274348287],[120.70029564302956,22.142564300002505],[120.70187174898206,22.150460553511778],[120.69937038363639,22.156410521228622],[120.70151035731715,22.157202541564118],[120.69890991635964,22.158541849726646],[120.69272978245351,22.181436266970195],[120.69669565687911,22.190840652074485],[120.69635650454916,22.19895587341489],[120.69977743298216,22.202296104781453],[120.70418894216596,22.199340800337723],[120.7053967613515,22.200973865751337],[120.7023128970227,22.204142448015602],[120.70683496885874,22.20635548531743],[120.71751982308149,22.207698973528863],[120.70724535738736,22.213223153625677],[120.69095473207528,22.20692577240652],[120.6789767966419,22.219053852353454],[120.67572852005526,22.22702565880718],[120.67876781937946,22.227991248297542],[120.67488760358015,22.22990950312112],[120.66998703587308,22.23776138318135],[120.67077473856341,22.24374615466138],[120.66100849774409,22.25810642567103],[120.66897438575938,22.26166453219247],[120.67400876719091,22.260665954670117],[120.67043231360049,22.264061468262184],[120.66195717278538,22.26271031153169],[120.66125887349824,22.266422675166382],[120.65333474820011,22.265948319659287],[120.64482427482051,22.28918915215769],[120.64475419425071,22.30498967213572],[120.6483872565667,22.309735069018245],[120.64149728687039,22.30907955767549],[120.63950584881593,22.311610363227715],[120.62910191851881,22.33874824863284],[120.63032697141261,22.341729000293185],[120.62455644182637,22.34471371886309],[120.6349541856872,22.35165887725543],[120.64138158549179,22.351870199050495],[120.65893874043059,22.34108452183324],[120.66289633479812,22.34696075863218],[120.66600919416908,22.344018361258406],[120.66828225402287,22.345701497326274],[120.68207538377203,22.34427336492388],[120.6877053439265,22.341258560434255],[120.68951117360189,22.34578121413176],[120.69394192378081,22.348427811894055],[120.70260376745,22.348503535709654],[120.71339091326013,22.355442376364635],[120.71938151504492,22.354820504163],[120.72675000590812,22.359005235803068],[120.73380135984496,22.36701290901857],[120.7434581540706,22.36726063087349]]]}},{"type":"Feature","properties":{"district":"Mudan Township, Pingtung County","constituency_code":"TW-10013330","township_code":"10013330","county":"Pingtung County","township_name_zh":"牡丹鄉"},"geometry":{"type":"Polygon","coordinates":[[[120.89883437110939,22.234736886697988],[120.89913230571142,22.23036663840969],[120.89648704883825,22.228478438029526],[120.89416761454379,22.22060124655036],[120.89641084568404,22.203485272027706],[120.8906973825782,22.195328729537266],[120.89423140795316,22.172555156895044],[120.89255500600882,22.15032033841294],[120.89698678771015,22.14411447490312],[120.88418616685817,22.138625042811555],[120.87391839841541,22.14154333745512],[120.87227549531792,22.14481650727606],[120.86926439423644,22.14437258842429],[120.86865619802518,22.140637261500444],[120.85606693494117,22.14504998566838],[120.85023082858993,22.144461962149876],[120.84872296499293,22.142114379075394],[120.85655520385967,22.13045051477951],[120.85519731300565,22.123220527605326],[120.84890868758589,22.116245068355283],[120.8432401267305,22.114461563450448],[120.83976719859743,22.10959192972382],[120.82842803992219,22.103343971647007],[120.82354492086142,22.09015945179732],[120.81768804646629,22.089404708360632],[120.81653082673631,22.085822097112157],[120.82221159319056,22.07649220734953],[120.81802168775073,22.075694840544486],[120.81780092397355,22.070371315383966],[120.81070822010838,22.060531857159503],[120.80178054763428,22.060716102166452],[120.79464454770778,22.068122793532154],[120.79365262606791,22.08453851004424],[120.79572488529527,22.086334711577706],[120.79351343889414,22.089513609965195],[120.79289246511519,22.10009705033866],[120.75591288217379,22.11279317446548],[120.74853124861829,22.09796569576031],[120.7452684236988,22.096857823629705],[120.73924376458808,22.09971760208572],[120.73683618863924,22.103865054129017],[120.73827736300996,22.111526332774076],[120.73498397822812,22.12941401284644],[120.73815643027513,22.150801177132678],[120.73285472176804,22.163745095959484],[120.73502862237308,22.168295390320054],[120.73292243532217,22.17494261411042],[120.75029349444924,22.177946115021257],[120.75557319564655,22.176635047369587],[120.78005773927327,22.19420297888439],[120.79701315783097,22.19781943791679],[120.80274796364768,22.204828853768618],[120.81131411675312,22.203706927932444],[120.81516817846875,22.207909413089],[120.82410849271287,22.206866778678943],[120.83806905104598,22.213527744110138],[120.8606148047295,22.209658663716425],[120.86590033353366,22.211144713357896],[120.86710325501122,22.215970691294444],[120.86519786678821,22.218334984671856],[120.86779910994107,22.22089360175835],[120.8664288902811,22.229824601724033],[120.88061601931395,22.234699393961932],[120.88403119478392,22.240593132467154],[120.89205283537012,22.245452008503435],[120.89629477918072,22.24642956797021],[120.89883437110939,22.234736886697988]]]}},{"type":"Feature","properties":{"district":"Taitung City, Taitung County","constituency_code":"TW-10014010","township_code":"10014010","county":"Taitung County","township_name_zh":"臺東市"},"geometry":{"type":"Polygon","coordinates":[[[121.19317357350167,22.81910433279876],[121.1981299882085,22.814805928650742],[121.19646231328522,22.81269096241806],[121.20102914617826,22.795854261564955],[121.19489816471855,22.790293222754087],[121.18741476567891,22.790413324515384],[121.18139819507076,22.782903608614674],[121.17619143608601,22.75880192706734],[121.1567845618581,22.74732262164173],[121.1236923587154,22.716247238119593],[121.08135609800559,22.69819813063924],[121.06544789230645,22.683493726854067],[121.05009281553112,22.69958343372855],[121.03500240563653,22.701725489339935],[121.02711290963316,22.71221618802673],[121.02608348446529,22.71472689912713],[121.03119898924206,22.712634011250657],[121.03762543936261,22.716424467515196],[121.03831105641018,22.722028315854118],[121.04363295559654,22.724183474587733],[121.04237325542147,22.73195944467267],[121.04734391538943,22.734853828141695],[121.04584675192609,22.73681028616585],[121.04890720870083,22.73964863018017],[121.05186861594393,22.73666750440185],[121.0562393813425,22.741245859408934],[121.05680656577044,22.747129449964177],[121.05332655008033,22.754158050153933],[121.04921339728048,22.760218793662432],[121.04423487364056,22.761469894520076],[121.05721254402374,22.768353594143093],[121.06747637253659,22.769396231251108],[121.07776061835796,22.77478811298107],[121.10661608836187,22.77610892748504],[121.10971588418079,22.779717241357673],[121.10073824987035,22.787837550162862],[121.11216194841529,22.79563857086339],[121.1155988622977,22.811046837141873],[121.12405988375667,22.81219326140996],[121.13295500886659,22.808378610684372],[121.1409842154493,22.791432269883387],[121.15339847136238,22.79096364755435],[121.15846504672459,22.786712363384936],[121.16291372578792,22.7948485146473],[121.18273792771322,22.805108620866235],[121.1820719860334,22.812560055302356],[121.18431195533253,22.816700645518438],[121.19317357350167,22.81910433279876]]]}},{"type":"Feature","properties":{"district":"Chenggong Township, Taitung County","constituency_code":"TW-10014020","township_code":"10014020","county":"Taitung County","township_name_zh":"成功鎮"},"geometry":{"type":"Polygon","coordinates":[[[121.40981249145341,23.21370052435975],[121.40307581929369,23.21237845170424],[121.3983016764812,23.20816852016111],[121.39620459146875,23.20112252078775],[121.39872485067133,23.184550473325714],[121.40388856000914,23.178087120424323],[121.40293602237955,23.17181855258417],[121.40681810786941,23.170281884601366],[121.40775409167804,23.16683622391264],[121.40500111311098,23.15411202295155],[121.39944293594283,23.148976062195572],[121.40109198140988,23.14604694870775],[121.3997965142978,23.13511932429742],[121.40648159954628,23.125650077389196],[121.41367865444636,23.124086819151444],[121.41635289826775,23.12677154277253],[121.42314597770473,23.12775653153875],[121.42458757475686,23.125660336855105],[121.41848639862849,23.122685468559553],[121.41167434799286,23.1232883668647],[121.40701824839346,23.115889529278377],[121.39515538211526,23.113428968871858],[121.38740799608217,23.105603345418103],[121.38762015604539,23.10230945611653],[121.38294086293058,23.095492115668662],[121.36665295536966,23.096452340703024],[121.3614420828859,23.09158084897706],[121.35508238404486,23.07965821105762],[121.356711429489,23.07377159158574],[121.3481320986175,23.064626040359542],[121.34587991832359,23.05110920752395],[121.33852706397283,23.03329749048686],[121.33916016510955,23.0259132992594],[121.33509741121657,23.023157608336987],[121.33718619818455,23.02011300391206],[121.3287273800646,23.015199589389567],[121.32731925847702,23.0071066046861],[121.32191383385646,23.001761252080144],[121.32376483737744,22.993894748144157],[121.31368081122048,22.976802048975458],[121.31109561916753,22.974421443694723],[121.30438060268273,22.976111419106758],[121.30041434064935,22.978487293953492],[121.29882305414071,22.9828418607633],[121.30822946721617,22.992820963017095],[121.29503562589343,22.98676625485882],[121.29884268544163,22.995201311091705],[121.30700470660202,23.001152421846825],[121.30258171487435,23.01176093711763],[121.302834420772,23.019203770437684],[121.31342530303539,23.03170879492501],[121.30994545012254,23.04360215091856],[121.31679689915768,23.050937078183665],[121.3146159047003,23.054045631600673],[121.31855069405935,23.05970881540958],[121.31763962147147,23.063539510939734],[121.31308002092624,23.066379614027994],[121.31575310642074,23.07400035663119],[121.31397021845089,23.08217848824671],[121.31768512536826,23.089697671310546],[121.31413814076268,23.106003925940456],[121.32196705663443,23.11717060094253],[121.32036685154901,23.137926326039178],[121.327201690106,23.152193153891005],[121.32203175476172,23.15534813930526],[121.31740630675574,23.164580915776696],[121.31856194277952,23.168188047040815],[121.32185856062415,23.169395117990348],[121.3232995569291,23.17873455765374],[121.32974112914985,23.180370866922033],[121.33493075874753,23.177933372327345],[121.34691442735902,23.20927278870829],[121.34645864195284,23.217099494046465],[121.35715999963429,23.223714922305874],[121.35261693042708,23.23030705812431],[121.35685085318437,23.23718896809646],[121.36126387322918,23.229024121266207],[121.37164841324375,23.2264673846621],[121.38255365892428,23.227640395587855],[121.3872285705421,23.225258792059662],[121.38689334375283,23.223031452839336],[121.3924038847316,23.22197732779148],[121.39670039850466,23.221700347393153],[121.39753400618952,23.22368940853943],[121.40029890886763,23.22132567094303],[121.40382604183844,23.22242298233482],[121.40620513535873,23.215163525276523],[121.40981249145341,23.21370052435975]]]}},{"type":"Feature","properties":{"district":"Guanshan Township, Taitung County","constituency_code":"TW-10014030","township_code":"10014030","county":"Taitung County","township_name_zh":"關山鎮"},"geometry":{"type":"Polygon","coordinates":[[[121.16446801508687,23.073904756899083],[121.16382986335759,23.083403297424297],[121.17110713058969,23.08460752651621],[121.17122477720181,23.088345923725456],[121.1761285644817,23.094824911340652],[121.17528173316555,23.12247648769977],[121.18743428816197,23.111098940563693],[121.20120891166198,23.068007647734817],[121.19831277541437,23.05728305247095],[121.18088992882724,23.038298169824714],[121.17987977613086,23.033221462700396],[121.1851376372922,23.027983019700628],[121.19437218093151,23.030994475114994],[121.20045534094129,23.028761750754256],[121.2045835474928,23.0307777672802],[121.20782713321569,23.02782990202843],[121.2255962169919,23.026334146004103],[121.22106539834954,23.0205389066453],[121.22113506702976,23.012541931764815],[121.21725219553241,23.01180030763811],[121.20982290510301,23.002325596449168],[121.192543658663,22.99887815959943],[121.1913353403537,22.993104267448018],[121.18835617150023,22.993460321636576],[121.17835643610067,22.985689667444262],[121.16820659036193,22.9876201458531],[121.1575924489324,22.996630248387305],[121.13093497147179,22.994828473755092],[121.13339197775758,23.005542842827992],[121.13917653946578,23.006180217543033],[121.14011470233174,23.00933952779701],[121.14223403747087,23.009250584846654],[121.14190017944975,23.01356348606606],[121.14642305977645,23.019389574869024],[121.14040662766376,23.020470024871827],[121.13401830340206,23.027103278593472],[121.14118829500387,23.0327733629004],[121.15207912005542,23.030654141075786],[121.148706367405,23.031650400145907],[121.14810233325613,23.039809403181437],[121.15037675288488,23.046281984026393],[121.14836967472081,23.048034471313827],[121.1548878628846,23.047867311627158],[121.15644503720875,23.055236646953745],[121.15929704012638,23.05770066075695],[121.15688212570956,23.061336162933628],[121.16137310438535,23.06503402949693],[121.16011421989538,23.06791169636773],[121.16354260190963,23.067737001261662],[121.16446801508687,23.073904756899083]]]}},{"type":"Feature","properties":{"district":"Beinan Township, Taitung County","constituency_code":"TW-10014040","township_code":"10014040","county":"Taitung County","township_name_zh":"卑南鄉"},"geometry":{"type":"Polygon","coordinates":[[[121.10251428860363,22.886657169093155],[121.14946671721532,22.883545084038474],[121.15363565136431,22.872325320257346],[121.16544201863428,22.867778921759907],[121.16174952552024,22.857362860507635],[121.16986336640127,22.85265917418161],[121.17562555747361,22.856067183853497],[121.17812454950842,22.85169592472721],[121.18692660377985,22.854589073427064],[121.19204204110736,22.850373868259453],[121.18614668382247,22.833604007718804],[121.18784983250384,22.828751355890404],[121.19240217282209,22.825569765832086],[121.19360195386719,22.81898750097247],[121.18431195533253,22.816700645518438],[121.1820719860334,22.812560055302356],[121.18273792771322,22.805108620866235],[121.16291372578792,22.7948485146473],[121.15846504672459,22.786712363384936],[121.15339847136238,22.79096364755435],[121.1409842154493,22.791432269883387],[121.13306386190777,22.808292439444585],[121.1183524065384,22.812399965186273],[121.11476490477662,22.810232227635254],[121.11615520449914,22.808467963725604],[121.11520609868262,22.803286589004927],[121.11166802006312,22.79967829491744],[121.11216194841529,22.79563857086339],[121.10073824987035,22.787837550162862],[121.10971588418079,22.779717241357673],[121.10661608836187,22.77610892748504],[121.07776061835796,22.77478811298107],[121.06747637253659,22.769396231251108],[121.05721254402374,22.768353594143093],[121.04431821651258,22.76154946383673],[121.04921339728048,22.760218793662432],[121.05332655008033,22.754158050153933],[121.05680656577044,22.747129449964177],[121.0562393813425,22.741245859408934],[121.05186861594393,22.73666750440185],[121.04890720870083,22.73964863018017],[121.04584675192609,22.73681028616585],[121.04734391538943,22.734853828141695],[121.04237325542147,22.73195944467267],[121.04363295559654,22.724183474587733],[121.03831105641018,22.722028315854118],[121.03774731278827,22.716627228663697],[121.0349864633547,22.714014460698877],[121.03092215633251,22.712636625579876],[121.0260614861487,22.71467593005019],[121.03493598800549,22.70177941808572],[121.03987146919303,22.701783585544092],[121.01951623468653,22.6933431801437],[121.01401392610182,22.69537958340112],[121.00932916331033,22.693837065328353],[121.00572802512829,22.69631909165281],[121.00230679991898,22.692845846958335],[120.99242368320643,22.692483663890016],[120.99289052667655,22.68708425843181],[120.98797247614891,22.680739919112],[120.98201604230655,22.681778851912554],[120.98127463851381,22.678644040090433],[120.95774326743788,22.672583524110394],[120.95554064518467,22.668690514555635],[120.95167965779001,22.669290043101057],[120.9386620620046,22.659434790982857],[120.92448289466995,22.65707707434757],[120.92273855074359,22.6534769523995],[120.91695884447518,22.65122771109003],[120.9143941785486,22.65488724225247],[120.91020893699294,22.651945433934657],[120.90443244040489,22.653291953760686],[120.90345965993538,22.65127864689208],[120.88870056387998,22.652529527415822],[120.88498965534836,22.648876302299584],[120.87904393692816,22.65416041736944],[120.87148622510927,22.654134003381614],[120.8690167946894,22.65829604782442],[120.865424636238,22.658287944932738],[120.86470737114837,22.661842947893774],[120.85636891469369,22.66483409032105],[120.85258222389064,22.662692147124915],[120.85337210294028,22.658752192959412],[120.84843624853409,22.657474259929188],[120.84862677890283,22.655179349247646],[120.84566057827317,22.657402303373658],[120.83785098613419,22.65730475031404],[120.83371630896056,22.654959226687026],[120.82303800180239,22.658796068184074],[120.82101452360143,22.663822959162303],[120.80873888109454,22.6630694217165],[120.78628744470984,22.672236459545047],[120.79156565033452,22.67918308293298],[120.78704921994563,22.69315658700691],[120.79720246332306,22.689201508043197],[120.80910023498791,22.688256500437205],[120.81144494832574,22.692038075896562],[120.81911312836826,22.691027715456755],[120.81987695315888,22.69559549173863],[120.83723037478205,22.69734443929451],[120.84023525435362,22.70666612544136],[120.84336285001552,22.707647823588218],[120.8424807751677,22.709836635852128],[120.8485100918673,22.71694664986802],[120.85487710489451,22.717545740443597],[120.85839142342547,22.713620773479988],[120.8616739839672,22.716697785874146],[120.88374342701763,22.717275653348793],[120.89143539502754,22.729378661995725],[120.89562110962652,22.741556155192484],[120.89481240416922,22.762580975431717],[120.89199475715236,22.763861357315818],[120.89356019984336,22.766783725888274],[120.90020849652501,22.76921520221987],[120.90346524022868,22.77751251559016],[120.91141328389597,22.781255823997128],[120.91737454260112,22.779947169226546],[120.92023933657617,22.783262812229054],[120.92559631291954,22.782870013540332],[120.93162389662564,22.787442191104276],[120.93046698806108,22.79125392622774],[120.94210583321774,22.79232117058558],[120.94456767246015,22.80025289965164],[120.95320935063114,22.79488836360713],[120.95762251276881,22.800560203390717],[120.97205635551643,22.807468049810723],[120.97668650337948,22.81665128802655],[120.99273429105472,22.836506700923564],[121.01338535125296,22.833629883912067],[121.02223387079653,22.841269057221268],[121.04362686988418,22.84570158805792],[121.05459838570698,22.85674319883958],[121.07055320056986,22.859950701963385],[121.07377859030976,22.872356195781833],[121.07940836340526,22.874590624357893],[121.0830706608823,22.881587105260735],[121.08649092381711,22.891846440760673],[121.08258211857003,22.89627952378106],[121.08426521057106,22.898632063019363],[121.09590731217281,22.88883924003892],[121.10251428860363,22.886657169093155]]]}},{"type":"Feature","properties":{"district":"Luye Township, Taitung County","constituency_code":"TW-10014050","township_code":"10014050","county":"Taitung County","township_name_zh":"鹿野鄉"},"geometry":{"type":"Polygon","coordinates":[[[121.19418570830385,22.93667559070599],[121.18913215242696,22.93881688639027],[121.18134254322388,22.931667967702595],[121.17468536303909,22.936472267481236],[121.17002180356349,22.935876159057557],[121.16232382268629,22.932986555485172],[121.15040031422313,22.923049341853698],[121.1428983028145,22.910694484363034],[121.14735072845338,22.892920750192502],[121.14354988052264,22.888557316067306],[121.12919731940087,22.892604335421765],[121.09250141051177,22.892895884837287],[121.08569627206532,22.898044432504605],[121.08589072707548,22.899819133945925],[121.09533735783282,22.90013113304542],[121.09330395291511,22.90272290543777],[121.09515566240395,22.905197246156035],[121.09943936803245,22.908753351685903],[121.10924319781543,22.911301649951213],[121.11775081225028,22.922745496907226],[121.11457496436321,22.933843900775457],[121.12009946371938,22.937852337415507],[121.12038042091979,22.94648993536225],[121.1263078264451,22.950236246605527],[121.12822176632153,22.95443309930812],[121.11814821726648,22.971548399339213],[121.12807010015501,22.973475039441553],[121.12764086363507,22.978089922212177],[121.1221929811212,22.981148437350555],[121.12998390603252,22.98964983207412],[121.13093497147179,22.994828473755092],[121.1575924489324,22.996630248387305],[121.16820659036193,22.9876201458531],[121.17835643610067,22.985689667444262],[121.18835617150023,22.993460321636576],[121.1913353403537,22.993104267448018],[121.192543658663,22.99887815959943],[121.19907217464117,23.00169088642531],[121.20910313809941,23.001932147550633],[121.21600008023961,23.009255250529463],[121.21877192928116,22.978008024550718],[121.21212726855867,22.970055851196605],[121.21134716244171,22.961764102831125],[121.19418570830385,22.93667559070599]]]}},{"type":"Feature","properties":{"district":"Chishang Township, Taitung County","constituency_code":"TW-10014060","township_code":"10014060","county":"Taitung County","township_name_zh":"池上鄉"},"geometry":{"type":"Polygon","coordinates":[[[121.21208105779465,23.144182035372694],[121.23092938108618,23.13925045004828],[121.23845481443823,23.128737660414743],[121.24520869152798,23.128406722492286],[121.24920632191424,23.131520634969377],[121.25566217626852,23.12755584602553],[121.26721016741533,23.114203557648125],[121.267383727577,23.109386108881893],[121.25455962992305,23.08835913476628],[121.25358836121393,23.080317364654718],[121.24812038424841,23.072162867222573],[121.24652305699351,23.064839827196295],[121.2255962169919,23.026334146004103],[121.20782713321569,23.02782990202843],[121.2045835474928,23.0307777672802],[121.20045534094129,23.028761750754256],[121.19437218093151,23.030994475114994],[121.1851376372922,23.027983019700628],[121.17970693362815,23.036122827606448],[121.19722541502097,23.05557299699626],[121.20120891166198,23.068007647734817],[121.18743428816197,23.111098940563693],[121.17528173316555,23.12247648769977],[121.1872397495149,23.136985770976594],[121.18040226065591,23.137718162663134],[121.17747622734612,23.14320481584963],[121.17941863436249,23.146220938745387],[121.17288724954699,23.146982019704524],[121.17803656703404,23.154293176089254],[121.18267875052402,23.155342951116324],[121.18574679937535,23.15476703247265],[121.18706590966406,23.150725393761945],[121.19056796054304,23.15079314238966],[121.19391614191647,23.15393337712368],[121.19112258324071,23.158041008086116],[121.1925823942621,23.159261033769724],[121.20424865615064,23.14670817344353],[121.20851141207208,23.14361458024871],[121.21208105779465,23.144182035372694]]]}},{"type":"Feature","properties":{"district":"Donghe Township, Taitung County","constituency_code":"TW-10014070","township_code":"10014070","county":"Taitung County","township_name_zh":"東河鄉"},"geometry":{"type":"Polygon","coordinates":[[[121.3056515263969,23.111271787563],[121.31584070128736,23.109519974767068],[121.31414194849219,23.105412461615856],[121.31768512536826,23.089697671310546],[121.31397021845089,23.08217848824671],[121.31575310642074,23.07400035663119],[121.31304654546182,23.06680636302326],[121.31763962147147,23.063539510939734],[121.31855069405935,23.05970881540958],[121.3146159047003,23.054045631600673],[121.31679689915768,23.050937078183665],[121.30994545012254,23.04360215091856],[121.31342530303539,23.03170879492501],[121.302834420772,23.019203770437684],[121.30258171487435,23.01176093711763],[121.30700470660202,23.001152421846825],[121.29884268544163,22.995201311091705],[121.29503562589343,22.98676625485882],[121.30819340350286,22.992854455568704],[121.29879876075427,22.982042276230118],[121.30041434064935,22.978487293953492],[121.31104325794001,22.973259277693558],[121.29517559727606,22.954518592459124],[121.29141041196101,22.955466863704828],[121.2866558267051,22.951839873611334],[121.28783634607055,22.949415668298514],[121.28389958899493,22.949173193987747],[121.27149578680121,22.91527802486098],[121.26219532735252,22.906449942410973],[121.25914512464783,22.89827976350034],[121.24730630983834,22.881459519341377],[121.23890761859184,22.878480239871237],[121.23335167713822,22.86448914775599],[121.22468616873175,22.867167734403495],[121.20904124855485,22.863094875727995],[121.19204204110736,22.850373868259453],[121.18692660377985,22.854589073427064],[121.17812454950842,22.85169592472721],[121.17562555747361,22.856067183853497],[121.16968040382767,22.852702259801504],[121.16171093740991,22.857439662610375],[121.16544201863428,22.867778921759907],[121.17020942372596,22.870652935584587],[121.17447860080688,22.878668117239897],[121.18003779960486,22.883376503422937],[121.18144941685716,22.8890260732947],[121.18854225022471,22.89522806792104],[121.19089146197143,22.901646720020153],[121.18422688935948,22.917005548767122],[121.19282445218676,22.934706075425083],[121.21134716244171,22.961764102831125],[121.21225717472885,22.97029501150564],[121.21877192928116,22.978008024550718],[121.21576567554553,23.009989603637337],[121.22113506702976,23.012541931764815],[121.22106539834954,23.0205389066453],[121.23668312122913,23.044341563612306],[121.25358836121393,23.080317364654718],[121.25649924094728,23.092098917830867],[121.26437105358127,23.103903652831377],[121.27074144805943,23.101189345112232],[121.27274393518451,23.09778719362413],[121.28441001001397,23.106570314468513],[121.3056515263969,23.111271787563]]]}},{"type":"Feature","properties":{"district":"Changbin Township, Taitung County","constituency_code":"TW-10014080","township_code":"10014080","county":"Taitung County","township_name_zh":"長濱鄉"},"geometry":{"type":"Polygon","coordinates":[[[121.44741592780292,23.443793023129558],[121.454423752754,23.441142726455723],[121.46158396782596,23.44153667088068],[121.46344159845103,23.438867576577422],[121.47330772697012,23.44062198751476],[121.48246773389883,23.43016721854235],[121.4905012590259,23.435260841914385],[121.49609182707627,23.434825687855266],[121.48408318878819,23.410738899080968],[121.48203615374553,23.397281139113318],[121.47799068662096,23.39528580969244],[121.47485566525677,23.38662496157275],[121.47220940923694,23.371537969102064],[121.47358149768797,23.363298013592498],[121.47080376977817,23.356680053741513],[121.4722052930399,23.352430836214182],[121.46764018324791,23.3456178215053],[121.46774994550367,23.331940822111278],[121.46238903012966,23.312809988490244],[121.45404516785027,23.313507682533555],[121.44745428928411,23.309318177292084],[121.44709579883215,23.305319922776278],[121.4424203656074,23.30249497146582],[121.44167281314992,23.29716504942752],[121.4391834042907,23.296860896013584],[121.43287027504323,23.28813102672558],[121.42744240334434,23.272660282745903],[121.42771735667077,23.266687226734177],[121.42081581090099,23.257622076697544],[121.42080974677242,23.25004807276042],[121.41489662068261,23.234927984339038],[121.41573058719689,23.227881466956205],[121.42066584265456,23.22704673961539],[121.40996072400822,23.21352134703261],[121.40620513535873,23.215163525276523],[121.40382604183844,23.22242298233482],[121.40029890886763,23.22132567094303],[121.39753400618952,23.22368940853943],[121.39670039850466,23.221700347393153],[121.3924038847316,23.22197732779148],[121.38689334375283,23.223031452839336],[121.3872285705421,23.225258792059662],[121.38255365892428,23.227640395587855],[121.37164841324375,23.2264673846621],[121.3610702258103,23.229119372960724],[121.35685085318437,23.23718896809646],[121.36154923530898,23.246503478552768],[121.35898998330117,23.251070252989848],[121.36349246790314,23.257530554491552],[121.37075191416955,23.26244472534387],[121.37233301855406,23.26782648970078],[121.37791712677404,23.269619516627415],[121.37628236523904,23.295659480900383],[121.37785455734206,23.30093975766374],[121.3878460945217,23.310640965807977],[121.39024829252469,23.32062352235772],[121.39993819798951,23.323184369762885],[121.40207788748455,23.333901177797145],[121.40971149039308,23.34589830386369],[121.41668003565519,23.349314707807594],[121.42252881705133,23.355700990608284],[121.42287674046929,23.359992192086054],[121.40436530141756,23.36735160699112],[121.4000868334407,23.38668106667791],[121.4104927854138,23.39895102187222],[121.42021750723222,23.42058206431085],[121.43340046316087,23.43286560466396],[121.44000523805141,23.433127176977678],[121.44741592780292,23.443793023129558]]]}},{"type":"Feature","properties":{"district":"Taimali Township, Taitung County","constituency_code":"TW-10014090","township_code":"10014090","county":"Taitung County","township_name_zh":"太麻里鄉"},"geometry":{"type":"Polygon","coordinates":[[[121.04012327666794,22.7017835207929],[121.05009281553112,22.69958343372855],[121.06544789230645,22.683493726854067],[121.05535873371866,22.676099998316317],[121.03775330407177,22.669349038627274],[121.02573633896088,22.655843600202047],[121.01259540295553,22.619510206231098],[121.00915970045992,22.588959778570995],[120.98583265535285,22.569677423574262],[120.98032469003249,22.56108365588608],[120.9595259557583,22.505285913813907],[120.94658575472886,22.457482686077128],[120.9299559653955,22.460572303369133],[120.9254819893024,22.463706439800433],[120.94152575970611,22.476479071951644],[120.94243145614689,22.4794884751131],[120.93972900868687,22.483729900014907],[120.94143311064965,22.4883484196439],[120.93503301156431,22.49440502537169],[120.93007638821484,22.495820798391208],[120.90807145983013,22.518961439219083],[120.91945173281124,22.51838968803372],[120.92393433070481,22.523040823375368],[120.93291243356202,22.52485343034158],[120.93219919473711,22.53039614906305],[120.92073291329336,22.539051865651118],[120.92193329058898,22.543665250151207],[120.91906146931137,22.548364614335526],[120.9186350009046,22.55622845897625],[120.93001462187738,22.565398540110607],[120.93646526915688,22.56434012709525],[120.94166880047487,22.57223325186311],[120.95241868107735,22.56800581321778],[120.9556593323124,22.56967077218843],[120.96324862562369,22.567907078448968],[120.9644080810682,22.572285210194366],[120.97518810334839,22.580552987130716],[120.96942196874897,22.586848987890505],[120.97389556173084,22.588847976652858],[120.97819032272525,22.613279162603305],[120.97563988047614,22.621770164761358],[120.97626457025376,22.630106177757966],[120.98319087076209,22.631506526505063],[120.99422998772377,22.629701518810123],[120.99899875169115,22.62526299579065],[121.0008877929373,22.629546261650717],[121.00334847924898,22.628706489113256],[121.0051851062077,22.631271495882856],[120.99995262031723,22.63942885675641],[121.00064260177476,22.64166195793308],[120.99645525310746,22.645534029471946],[120.99447298543998,22.642695572142998],[120.98948825917591,22.646389126457052],[120.9801822563062,22.643103269000733],[120.97541492136156,22.648092254454014],[120.96883756140437,22.648353384301288],[120.98074363021442,22.664527318980618],[120.99635725848077,22.665946354740527],[121.001679188244,22.673810522237886],[120.99571780992903,22.680156555880387],[120.99854920937855,22.684790728209578],[120.99242368320643,22.692483663890016],[121.00230679991898,22.692845846958335],[121.00572802512829,22.69631909165281],[121.00932916331033,22.693837065328353],[121.01401392610182,22.69537958340112],[121.01951623468653,22.6933431801437],[121.04012327666794,22.7017835207929]],[[120.99609144586361,22.607049593863735],[120.99386541066019,22.606069589140304],[120.99630394037456,22.602523044303098],[120.99976347850179,22.605568617297877],[120.99609144586361,22.607049593863735]],[[120.96007412312235,22.534684741607578],[120.95883461182791,22.5310041824971],[120.96218044597083,22.5305782725693],[120.96254100216561,22.534597278041986],[120.96007412312235,22.534684741607578]]]}},{"type":"Feature","properties":{"district":"Dawu Township, Taitung County","constituency_code":"TW-10014100","township_code":"10014100","county":"Taitung County","township_name_zh":"大武鄉"},"geometry":{"type":"Polygon","coordinates":[[[120.93079470730993,22.460298817736316],[120.94658575472886,22.457482686077128],[120.91487043702114,22.38492397236348],[120.9088260863549,22.3591956582531],[120.90261389521515,22.35254614299015],[120.89524012443223,22.335716284179227],[120.89183765188614,22.291605858923276],[120.88946061601473,22.291659362289806],[120.88566429347247,22.299975897769514],[120.87536857050316,22.304552120484004],[120.87202202319793,22.30258943555407],[120.8672702869942,22.306410672914296],[120.86807606425907,22.309450699790034],[120.85858578850343,22.316006444541813],[120.86334055632165,22.321764031984515],[120.866199430959,22.334392909305393],[120.8604431403387,22.34277136580596],[120.86555624572418,22.347410356702653],[120.85421373797374,22.35782314622128],[120.87147155356945,22.364490555294935],[120.87850125542866,22.362851040842884],[120.87883633472916,22.366187263031804],[120.87597496087585,22.36923292505952],[120.87935909354735,22.371652797438685],[120.87810311386772,22.375624880783676],[120.88867246726056,22.3812472560561],[120.88556238319745,22.387694165753203],[120.88769102542051,22.38893804955137],[120.88583124721436,22.3963035483701],[120.87370021029653,22.40503650682939],[120.88882669109898,22.411630019509857],[120.88801218771232,22.414805912363022],[120.87896730389798,22.421098726824823],[120.8836594851972,22.425567648728077],[120.88810855906286,22.423137633794795],[120.8940777461911,22.43028756601842],[120.89946474999829,22.42991232929063],[120.9066034361997,22.433842451168232],[120.91282119953883,22.44134923977566],[120.90853416282141,22.44574615745927],[120.91527513463984,22.453500491654438],[120.91805712443681,22.462679758464105],[120.92516988947887,22.462905672658735],[120.93079470730993,22.460298817736316]]]}},{"type":"Feature","properties":{"district":"Ludao Township, Taitung County","constituency_code":"TW-10014110","township_code":"10014110","county":"Taitung County","township_name_zh":"綠島鄉"},"geometry":{"type":"MultiPolygon","coordinates":[[[[121.49154200126236,22.677461431599852],[121.49346728428782,22.67509421362712],[121.50706134100813,22.678639320448326],[121.50999971031843,22.677072247286446],[121.50928564951323,22.67146933424243],[121.51117343620513,22.669299290829656],[121.50690643278574,22.657165631488738],[121.5087689934943,22.653835097511774],[121.50560463804368,22.651492464305818],[121.50219083403977,22.652201406170036],[121.49952596205355,22.645901944818945],[121.50500124960809,22.635700460008252],[121.50773969782881,22.634597121360116],[121.50622609475852,22.63259010614854],[121.49967381059798,22.635075658714754],[121.49828504511879,22.6320126253824],[121.49522134898609,22.632489488199383],[121.49343440057714,22.63839660951595],[121.48880834732745,22.642621931157237],[121.47350265592286,22.64647927809625],[121.47530599537549,22.65870786537573],[121.4646668806721,22.67148480527959],[121.46601862286127,22.676472699855253],[121.47983631309546,22.674078208142816],[121.48472657367245,22.677313031771064],[121.49154200126236,22.677461431599852]]],[[[121.51212641270388,22.680714044717433],[121.51157615441605,22.680575046401316],[121.51131380239008,22.68171194145299],[121.51196401222944,22.681456511508827],[121.51212641270388,22.680714044717433]]]]}},{"type":"Feature","properties":{"district":"Haiduan Township, Taitung County","constituency_code":"TW-10014120","township_code":"10014120","county":"Taitung County","township_name_zh":"海端鄉"},"geometry":{"type":"Polygon","coordinates":[[[121.16550367615378,23.07656773761107],[121.16354260190963,23.067737001261662],[121.16011421989538,23.06791169636773],[121.16137310438535,23.06503402949693],[121.15688212570956,23.061336162933628],[121.15929704012638,23.05770066075695],[121.15644503720875,23.055236646953745],[121.1548878628846,23.047867311627158],[121.14836967472081,23.048034471313827],[121.15037675288488,23.046281984026393],[121.14810233325613,23.039809403181437],[121.148706367405,23.031650400145907],[121.15207912005542,23.030654141075786],[121.14118829500387,23.0327733629004],[121.13401830340206,23.027103278593472],[121.14040662766376,23.020470024871827],[121.14640072961004,23.019268939809763],[121.14190017944975,23.01356348606606],[121.14223403747087,23.009250584846654],[121.14011470233174,23.00933952779701],[121.13917653946578,23.006180217543033],[121.13339197775758,23.005542842827992],[121.12998390603252,22.98964983207412],[121.12231247763884,22.981173191189896],[121.11317995219315,22.984216075211748],[121.10842591192636,22.991150443538174],[121.07920047881908,22.995972673999745],[121.0558697159147,22.99302028695672],[121.0461537040303,22.987999338698557],[121.03621517918725,22.98933396768848],[121.02740174759265,22.985651827569825],[121.01306113396424,22.991116088536728],[121.00069502955205,22.989809976149502],[120.99584908576674,22.985556354642085],[120.98674688815845,22.99175534823081],[120.97343581750908,22.99538368101213],[120.96514330921639,22.9876451272209],[120.9608378966517,22.97167454724263],[120.95517912581602,22.969434206523488],[120.94859748058934,22.961485600779895],[120.93768002841068,22.960496059645493],[120.93321729114518,22.95598403863255],[120.93331914566215,22.952420975048028],[120.92516825001474,22.948305161154337],[120.90767158347683,22.94911272807002],[120.90487394367767,22.946654507699407],[120.89715612555483,22.950069138180254],[120.89418656146074,22.955776446326013],[120.88833733040349,22.959094425767205],[120.88622323381526,22.95698288145485],[120.8830939510251,22.95797417626727],[120.88162143528109,22.95501075454274],[120.86800166964144,22.957778053914126],[120.8678593420351,22.956063156489506],[120.86131840462076,22.95501301543834],[120.84890616768553,22.964539465523956],[120.83016453366633,22.970338104320092],[120.82915220640928,22.97244473203881],[120.8324567194021,22.980387770079574],[120.84118168468706,22.984000420483085],[120.84192582511685,22.99093274195252],[120.84992282427902,22.996063075650454],[120.85222368847246,23.000866529167013],[120.85107206252576,23.005125068167388],[120.85823436852138,23.005054804135966],[120.86065713132166,23.00805010862564],[120.86161365654505,23.030768434116],[120.87996018331592,23.035521824172918],[120.88137999519074,23.042682176841026],[120.87974943079166,23.0477737704432],[120.87449823360669,23.050943483155265],[120.86921465992873,23.05968635484146],[120.88562922800656,23.089107026268323],[120.88940138666476,23.110439145750036],[120.88496544290092,23.119346886549636],[120.88805802795571,23.122437854623342],[120.88576243289003,23.144283675851],[120.87641148280375,23.151334893090905],[120.89500430600401,23.16071793368576],[120.89585638216636,23.17143253478372],[120.8987239532479,23.176663436068793],[120.91075960447222,23.181692145476177],[120.91230015213034,23.18740304731284],[120.9057482070142,23.199553127374998],[120.90673179373732,23.20565073139619],[120.91163177508645,23.209552117236456],[120.91156611558381,23.22785712500638],[120.91546135725594,23.23751029766214],[120.92652832802003,23.244555292492805],[120.93060533526807,23.242461819157654],[120.93789738825387,23.244949196448317],[120.94125145299222,23.251946564082743],[120.94669322461266,23.253114056768368],[120.95738003755878,23.264158744130782],[120.95967853203865,23.27083958997514],[120.97263001596252,23.282187462181696],[120.98659071099257,23.28032100291199],[121.00984471765969,23.29249755092127],[121.02374647831743,23.29370572533901],[121.03890117984565,23.30065261672496],[121.04306636382171,23.2963105271092],[121.05594326157234,23.290626238010532],[121.05944861566115,23.286148055788203],[121.06206764470608,23.279407592986104],[121.06072051334104,23.273031274673656],[121.06241717611181,23.265840047380323],[121.06585843641778,23.257545592954784],[121.06922536146135,23.255174989034572],[121.07102494624439,23.24684978588897],[121.07845150633204,23.23758274614687],[121.07899670143672,23.23283474572696],[121.09284101520075,23.23381509039416],[121.09637984745211,23.229649072746554],[121.10845380799685,23.223490486596745],[121.1233994971891,23.22508142686638],[121.12939541396725,23.223297963330367],[121.13936443032424,23.20191468951134],[121.14735186879375,23.19900705812927],[121.15470178146211,23.199147919840698],[121.16090955063532,23.205964149625856],[121.17562791999262,23.210186800280667],[121.19021405483477,23.20308347542209],[121.19825487346372,23.188442235520824],[121.19916992465232,23.17509195712819],[121.21248810983843,23.15493394484571],[121.2106408322087,23.148059849082813],[121.21208105779465,23.144182035372694],[121.20851141207208,23.14361458024871],[121.20424865615064,23.14670817344353],[121.1925823942621,23.159261033769724],[121.19112258324071,23.158041008086116],[121.19391614191647,23.15393337712368],[121.19056796054304,23.15079314238966],[121.18706590966406,23.150725393761945],[121.18574679937535,23.15476703247265],[121.18267875052402,23.155342951116324],[121.17803656703404,23.154293176089254],[121.17298206327166,23.147144457950446],[121.17941863436249,23.146220938745387],[121.17747622734612,23.14320481584963],[121.1802964761016,23.137792773118008],[121.1872397495149,23.136985770976594],[121.17534472168165,23.12304984057772],[121.1761285644817,23.094824911340652],[121.17122477720181,23.088345923725456],[121.17110713058969,23.08460752651621],[121.16382986335759,23.083403297424297],[121.16550367615378,23.07656773761107]]]}},{"type":"Feature","properties":{"district":"Yanping Township, Taitung County","constituency_code":"TW-10014130","township_code":"10014130","county":"Taitung County","township_name_zh":"延平鄉"},"geometry":{"type":"Polygon","coordinates":[[[121.1221929811212,22.981148437350555],[121.12764086363507,22.978089922212177],[121.12807010015501,22.973475039441553],[121.11815728872796,22.971260846510916],[121.12821228027258,22.95426345569399],[121.1263078264451,22.950236246605527],[121.12038042091979,22.94648993536225],[121.12009946371938,22.937852337415507],[121.11457496436321,22.933843900775457],[121.11775081225028,22.922745496907226],[121.10924319781543,22.911301649951213],[121.09943936803245,22.908753351685903],[121.09515566240395,22.905197246156035],[121.09330395291511,22.90272290543777],[121.09533735783282,22.90013113304542],[121.08589072707548,22.899819133945925],[121.0859123224958,22.897455046513244],[121.09250141051177,22.892895884837287],[121.12919731940087,22.892604335421765],[121.14354988052264,22.888557316067306],[121.14732577316602,22.893765141648032],[121.14282926995486,22.91022946651674],[121.14788992328135,22.920484391741354],[121.16284481433672,22.933250232212515],[121.17449804145156,22.93652212049949],[121.18267687184027,22.931784003628934],[121.18620497158224,22.937178604009432],[121.19052520947093,22.93880863151321],[121.19404090306534,22.935713944742815],[121.18412233417848,22.91643603149771],[121.19089146197143,22.901646720020153],[121.18854225022471,22.89522806792104],[121.18390481875247,22.89241324477547],[121.18010005337487,22.883466751289575],[121.17447860080688,22.878668117239897],[121.1699984077004,22.870443173213914],[121.16536404651356,22.86777221641472],[121.15371080411035,22.87225977676735],[121.14870612099071,22.88403788643933],[121.10229000937647,22.886686648869784],[121.09590731217281,22.88883924003892],[121.08426521057106,22.898632063019363],[121.08258211857003,22.89627952378106],[121.08649092381711,22.891846440760673],[121.0830706608823,22.881587105260735],[121.07940836340526,22.874590624357893],[121.07377859030976,22.872356195781833],[121.07055320056986,22.859950701963385],[121.05459838570698,22.85674319883958],[121.04362686988418,22.84570158805792],[121.02223387079653,22.841269057221268],[121.01338535125296,22.833629883912067],[120.99273429105472,22.836506700923564],[120.97668650337948,22.81665128802655],[120.97205635551643,22.807468049810723],[120.95762251276881,22.800560203390717],[120.95320935063114,22.79488836360713],[120.94456767246015,22.80025289965164],[120.94210583321774,22.79232117058558],[120.93046698806108,22.79125392622774],[120.93162389662564,22.787442191104276],[120.92559631291954,22.782870013540332],[120.92023933657617,22.783262812229054],[120.91737454260112,22.779947169226546],[120.91141328389597,22.781255823997128],[120.90346524022868,22.77751251559016],[120.90413337355642,22.78358175499403],[120.90169151635041,22.78754376413343],[120.90364988723252,22.798269018600365],[120.90089265757013,22.804273812586416],[120.89119440909474,22.81162362812796],[120.87170981455631,22.814792343491888],[120.86489966418821,22.825072949756873],[120.86175377631582,22.8263008642935],[120.86539907121028,22.835612857547403],[120.86495119444214,22.84559577382595],[120.86834772336886,22.850745880018394],[120.86660265998478,22.85381567265523],[120.86958027480989,22.857427528057997],[120.85915090089338,22.863446415319856],[120.86419897630174,22.86666679493669],[120.86487148303263,22.87255107437261],[120.85972727279545,22.878367848897142],[120.85176582473309,22.878161217066577],[120.83988268144071,22.882610281939037],[120.8335374679798,22.899814675107223],[120.82848061159098,22.90463630392236],[120.8332883557731,22.912268368090793],[120.83153938393548,22.919566217207205],[120.82181366386953,22.93525762963594],[120.82177769818225,22.94512384089262],[120.82475223642666,22.952454442418627],[120.82086156960577,22.962349970674666],[120.83016453366633,22.970338104320092],[120.84868137674425,22.964652208132975],[120.86131840462076,22.95501301543834],[120.8678593420351,22.956063156489506],[120.86800166964144,22.957778053914126],[120.88162143528109,22.95501075454274],[120.88297199576107,22.95789708008624],[120.88622323381526,22.95698288145485],[120.88812097060634,22.95913279174499],[120.89418656146074,22.955776446326013],[120.89715612555483,22.950069138180254],[120.9046326474787,22.94669544483895],[120.90767158347683,22.94911272807002],[120.92506288184654,22.948284582867245],[120.93331914566215,22.952420975048028],[120.93321729114518,22.95598403863255],[120.93768002841068,22.960496059645493],[120.94850401584767,22.961426076452312],[120.95517912581602,22.969434206523488],[120.96076026357537,22.971592383381847],[120.96514330921639,22.9876451272209],[120.97343581750908,22.99538368101213],[120.98674688815845,22.99175534823081],[120.99584908576674,22.985556354642085],[121.00069502955205,22.989809976149502],[121.01306113396424,22.991116088536728],[121.02740174759265,22.985651827569825],[121.03621517918725,22.98933396768848],[121.0461537040303,22.987999338698557],[121.0558697159147,22.99302028695672],[121.07920047881908,22.995972673999745],[121.10842591192636,22.991150443538174],[121.11317995219315,22.984216075211748],[121.1221929811212,22.981148437350555]]]}},{"type":"Feature","properties":{"district":"Jinfeng Township, Taitung County","constituency_code":"TW-10014140","township_code":"10014140","county":"Taitung County","township_name_zh":"金峰鄉"},"geometry":{"type":"MultiPolygon","coordinates":[[[[120.96137250313859,22.53464441690636],[120.96218044597083,22.5305782725693],[120.95883461182791,22.5310041824971],[120.96007412312235,22.534684741607578],[120.96137250313859,22.53464441690636]]],[[[120.99632894242677,22.602536598884967],[120.99386541066019,22.606069589140304],[120.99768648344457,22.607668299552415],[120.9997247123257,22.604704832861785],[120.99632894242677,22.602536598884967]]],[[[120.99561539693309,22.680721354407012],[121.00193659489798,22.67458329618222],[120.99644304481069,22.66603365642817],[120.98088752713772,22.66463259631729],[120.96883756140437,22.648353384301288],[120.97541492136156,22.648092254454014],[120.9801822563062,22.643103269000733],[120.98948825917591,22.646389126457052],[120.99447298543998,22.642695572142998],[120.99645525310746,22.645534029471946],[121.00064260177476,22.64166195793308],[120.99995262031723,22.63942885675641],[121.0051851062077,22.631271495882856],[121.00334847924898,22.628706489113256],[121.0008877929373,22.629546261650717],[120.99899875169115,22.62526299579065],[120.99422998772377,22.629701518810123],[120.98319087076209,22.631506526505063],[120.97626457025376,22.630106177757966],[120.97563988047614,22.621770164761358],[120.97819032272525,22.613279162603305],[120.97389556173084,22.588847976652858],[120.96942196874897,22.586848987890505],[120.97518810334839,22.580552987130716],[120.9644080810682,22.572285210194366],[120.96324862562369,22.567907078448968],[120.9556593323124,22.56967077218843],[120.95241868107735,22.56800581321778],[120.94166880047487,22.57223325186311],[120.93646526915688,22.56434012709525],[120.93057991413184,22.565653920592013],[120.91988434448695,22.55831309917022],[120.92070841755947,22.539112812706207],[120.93219919473711,22.53039614906305],[120.93291243356202,22.52485343034158],[120.92393433070481,22.523040823375368],[120.91945173281124,22.51838968803372],[120.90814644440297,22.519261781306227],[120.91640367678826,22.50858228884158],[120.91163748488214,22.50385854853323],[120.89306722117533,22.498297234529787],[120.8880661785114,22.492404349481205],[120.8747652827916,22.488643384684508],[120.86981527755313,22.49202693549472],[120.86566626248805,22.491925304009612],[120.85768354545928,22.481016708354446],[120.84659977805734,22.476765331554873],[120.83930088662669,22.476560394047],[120.82629983836694,22.48112386887152],[120.81075603886018,22.48309296956495],[120.79516909347899,22.49099889708151],[120.79457863369703,22.494032501898516],[120.78310790240778,22.495755148781143],[120.77786441061414,22.492315641253867],[120.77284033990986,22.500907716418055],[120.76085388250078,22.503402578766043],[120.7536261993896,22.511035685248714],[120.75001646728617,22.53401915156263],[120.73937203129424,22.55174098675718],[120.73969139943858,22.56298217688601],[120.74171820153379,22.568899514501027],[120.74878258934507,22.572295273608063],[120.74580280355656,22.589547101517553],[120.75464383804274,22.600784738424977],[120.7528742600391,22.611802495588734],[120.75487040604446,22.61698356004331],[120.7612351033174,22.626207063605136],[120.76131240993982,22.630039254707867],[120.78569569799811,22.661175067275565],[120.78628744470984,22.672236459545047],[120.80873888109454,22.6630694217165],[120.82101452360143,22.663822959162303],[120.82303800180239,22.658796068184074],[120.83381318303202,22.654946494085493],[120.83785098613419,22.65730475031404],[120.84566057827317,22.657402303373658],[120.84862677890283,22.655179349247646],[120.84843624853409,22.657474259929188],[120.85337210294028,22.658752192959412],[120.85258222389064,22.662692147124915],[120.856767506815,22.664772822208022],[120.86487906881405,22.6617198648799],[120.865424636238,22.658287944932738],[120.8690167946894,22.65829604782442],[120.87148622510927,22.654134003381614],[120.87904393692816,22.65416041736944],[120.88523319985234,22.648845665095394],[120.88870056387998,22.652529527415822],[120.90345965993538,22.65127864689208],[120.90443244040489,22.653291953760686],[120.91020893699294,22.651945433934657],[120.9143941785486,22.65488724225247],[120.91498557182672,22.651539869369515],[120.91755930112095,22.651317875319762],[120.92273855074359,22.6534769523995],[120.92448289466995,22.65707707434757],[120.9386620620046,22.659434790982857],[120.95167965779001,22.669290043101057],[120.95554064518467,22.668690514555635],[120.95774326743788,22.672583524110394],[120.98127463851381,22.678644040090433],[120.98201604230655,22.681778851912554],[120.98997071937322,22.6819467904121],[120.99291266888463,22.687156145739607],[120.99242368320643,22.692483663890016],[120.99854920937855,22.684790728209578],[120.99561539693309,22.680721354407012]]]]}},{"type":"Feature","properties":{"district":"Daren Township, Taitung County","constituency_code":"TW-10014150","township_code":"10014150","county":"Taitung County","township_name_zh":"達仁鄉"},"geometry":{"type":"Polygon","coordinates":[[[120.87850125542866,22.362851040842884],[120.87147155356945,22.364490555294935],[120.85421373797374,22.35782314622128],[120.86555624572418,22.347410356702653],[120.8604431403387,22.34277136580596],[120.866199430959,22.334392909305393],[120.86334055632165,22.321764031984515],[120.85856205449534,22.316078684383854],[120.86807606425907,22.309450699790034],[120.8672702869942,22.306410672914296],[120.87202202319793,22.30258943555407],[120.87536857050316,22.304552120484004],[120.885561859792,22.300054857345856],[120.88806310282996,22.292517806551587],[120.89183765188614,22.291605858923276],[120.89629477918072,22.24642956797021],[120.8841836622463,22.240711907728382],[120.88061601931395,22.234699393961932],[120.8664288902811,22.229824601724033],[120.86214547963027,22.230707097454626],[120.86429822638206,22.23428544591667],[120.85866824914046,22.240819290378],[120.83461553118184,22.245370920231835],[120.82590774654534,22.256645635287896],[120.81539909739047,22.263220460056232],[120.80801878853629,22.25936100510637],[120.79789501504297,22.257937472736216],[120.79959806479894,22.26499424418904],[120.79620369424515,22.26778818687535],[120.79800911922553,22.276257250072092],[120.80677436964152,22.277158309608353],[120.8056945815398,22.283794726245674],[120.79321143216191,22.28579005656593],[120.78989797361271,22.29330780161382],[120.7808348479499,22.294952836104528],[120.7768336625436,22.30258355308854],[120.77815147960712,22.30849742741441],[120.78713118325754,22.309206919663666],[120.79658628832658,22.317170741936252],[120.79340524955273,22.323644660073057],[120.79247291699164,22.335622937248786],[120.78472286177066,22.34577781109715],[120.7751777543499,22.349353457096413],[120.76726345504449,22.347609507972493],[120.76338021932168,22.35278360627848],[120.7629807746431,22.359145453599865],[120.75267193416255,22.360394648794056],[120.7434581540706,22.36726063087349],[120.74878289241667,22.373247457304387],[120.75049882406154,22.384087625343682],[120.75648323221549,22.38838272538254],[120.7521405976106,22.392666364461206],[120.75760342775607,22.398176125727673],[120.7534180782817,22.405057718239163],[120.75811554219854,22.404903306442463],[120.76530720296512,22.409046358103012],[120.77339018450948,22.40693441898827],[120.77555517822896,22.409653620818005],[120.78035658219062,22.409451560241337],[120.78963783212032,22.417647851866946],[120.78244228448386,22.433900849544614],[120.77513199954217,22.443296724364416],[120.77633179947304,22.44995367791995],[120.76509561227272,22.453058066576546],[120.75817555485798,22.458517401956613],[120.75460752791514,22.457246664402078],[120.75104787725775,22.45902115899935],[120.75456811962306,22.471404213833466],[120.75080775287552,22.47915393450654],[120.75745778075202,22.481830180218708],[120.75855242115733,22.48840503826193],[120.76383434817672,22.49115683152263],[120.76085388250078,22.503402578766043],[120.77094195380823,22.502242465017787],[120.77786441061414,22.492315641253867],[120.78310790240778,22.495755148781143],[120.79457863369703,22.494032501898516],[120.79516909347899,22.49099889708151],[120.81075603886018,22.48309296956495],[120.82629983836694,22.48112386887152],[120.83930088662669,22.476560394047],[120.84659977805734,22.476765331554873],[120.85768354545928,22.481016708354446],[120.86566626248805,22.491925304009612],[120.86981527755313,22.49202693549472],[120.87452857223593,22.488601094964622],[120.8880661785114,22.492404349481205],[120.89306722117533,22.498297234529787],[120.91112631652629,22.50352635695583],[120.91640367678826,22.50858228884158],[120.91970773022763,22.508261130147105],[120.93007638821484,22.495820798391208],[120.94127726893089,22.48860308156702],[120.94114703720606,22.475922506718348],[120.92516988947887,22.462905672658735],[120.916826221453,22.46136464386325],[120.91527513463984,22.453500491654438],[120.90851572132351,22.44566366984253],[120.91262937594502,22.441956756998763],[120.91206021570645,22.439665944527746],[120.90956653776561,22.439333592871037],[120.90401291836156,22.431522867586295],[120.8940777461911,22.43028756601842],[120.89043767905571,22.424290229210783],[120.88785508784213,22.423110360954468],[120.88371059456836,22.425589279221924],[120.87896730389798,22.421098726824823],[120.88801218771232,22.414805912363022],[120.88882669109898,22.411630019509857],[120.87370021029653,22.40503650682939],[120.88583124721436,22.3963035483701],[120.88769102542051,22.38893804955137],[120.88556238319745,22.387694165753203],[120.88868618102254,22.381341281974642],[120.87810311386772,22.375624880783676],[120.87935909354735,22.371652797438685],[120.87597496087585,22.36923292505952],[120.87883633472916,22.366187263031804],[120.87850125542866,22.362851040842884]]]}},{"type":"Feature","properties":{"district":"Lanyu Township, Taitung County","constituency_code":"TW-10014160","township_code":"10014160","county":"Taitung County","township_name_zh":"蘭嶼鄉"},"geometry":{"type":"MultiPolygon","coordinates":[[[[121.61179172530797,21.942899804182673],[121.60767437357356,21.942957392269875],[121.60353173650049,21.951570480093608],[121.61425678951923,21.95505736570493],[121.61639709055339,21.945045350962232],[121.61179172530797,21.942899804182673]]],[[[121.57723438985522,22.078252038500807],[121.5766837268726,22.078414962380634],[121.57674629450594,22.078764331009097],[121.57713425754002,22.078729466991376],[121.57723438985522,22.078252038500807]]],[[[121.5811890982983,22.07861375661963],[121.5803505983015,22.078485510597886],[121.57981245388169,22.078799821854318],[121.58068849248002,22.079009599513483],[121.5811890982983,22.07861375661963]]],[[[121.57868608899184,22.0796380556518],[121.5784483100415,22.079486626007053],[121.57788511950275,22.080266733023336],[121.57874865842393,22.079870972867127],[121.57868608899184,22.0796380556518]]],[[[121.50464778726564,22.084807062895663],[121.51251966914742,22.080511546470746],[121.52891441886538,22.07965255542115],[121.53293171023029,22.081749355348506],[121.55205443106718,22.08263772814871],[121.55995137255786,22.0803683690051],[121.56645901167406,22.084305363501755],[121.56962527818405,22.082908585063194],[121.56782341182111,22.07318466633933],[121.57087711558643,22.064730325044536],[121.5760833457698,22.059385483253493],[121.56692217421903,22.05756681665531],[121.56385624866698,22.054048952996823],[121.56406923061058,22.048714572119877],[121.56731101139417,22.039513390630532],[121.59673371259078,22.025120746725122],[121.60270354543229,22.01983287518709],[121.60209046140574,22.015172670182608],[121.59308005759863,22.001807268790458],[121.58746098463678,21.99977883982166],[121.57967661398459,22.004973989458108],[121.57026556130666,22.002175944963938],[121.56938930956903,22.00875873682628],[121.55768758291572,22.021152671658513],[121.54770079325704,22.0259506024384],[121.53808949933102,22.02452792892086],[121.52492325370531,22.038539285459706],[121.52090592187085,22.03871332945664],[121.51717614556276,22.045771450791847],[121.5086535385301,22.046433912994758],[121.51083098875915,22.049567495443625],[121.5068260082138,22.057067558920778],[121.51069289426175,22.063322426488867],[121.51001695841592,22.06766631924529],[121.49934147872636,22.08053255463375],[121.50464778726564,22.084807062895663]]],[[[121.57032603711696,22.08637878105594],[121.56975035859227,22.086285523158438],[121.57020087666922,22.087100703734563],[121.57040111971594,22.086634969128568],[121.57032603711696,22.08637878105594]]],[[[121.56705969045242,22.085912408830666],[121.56762281983731,22.087845476387656],[121.56854891739863,22.087531254164105],[121.5684112617704,22.08722847401492],[121.56705969045242,22.085912408830666]]]]}},{"type":"Feature","properties":{"district":"Hualien City, Hualien County","constituency_code":"TW-10015010","township_code":"10015010","county":"Hualien County","township_name_zh":"花蓮市"},"geometry":{"type":"Polygon","coordinates":[[[121.64448695151168,24.0030610690132],[121.63483389127111,23.984635222937243],[121.63500348812056,23.979815844225868],[121.62828432396248,23.969472856487187],[121.622190746206,23.9778728040867],[121.60772712330811,23.96296474162955],[121.59974332439492,23.964799988129016],[121.58818575636758,23.97412005819416],[121.59903966424918,23.985350342244544],[121.59249024982523,23.991809411675035],[121.59103736987879,23.989696763894585],[121.58759586855456,23.992291687511397],[121.58312290959464,23.98982398019257],[121.55836620683499,23.998193082844523],[121.55769564983439,24.004142492082394],[121.56587816204762,24.008390984756204],[121.56831589406329,24.004650752929933],[121.5701277860685,24.01039262831722],[121.57262986008004,24.007274550180398],[121.57866180369933,24.019133932485033],[121.58554826603972,24.01417826241692],[121.6078610233676,24.013578532423367],[121.61089368029911,24.001765023637006],[121.61566921616145,24.002654926183936],[121.617641969901,24.01019644930676],[121.63338560865895,24.027027773113275],[121.64494016935339,24.017091332898758],[121.6479173552018,24.008949320754596],[121.64448695151168,24.0030610690132]]]}},{"type":"Feature","properties":{"district":"Fenglin Township, Hualien County","constituency_code":"TW-10015020","township_code":"10015020","county":"Hualien County","township_name_zh":"鳳林鎮"},"geometry":{"type":"Polygon","coordinates":[[[121.52611397857731,23.81732461473922],[121.52466066965428,23.805910332995495],[121.51858249278791,23.79699412328023],[121.51996840112088,23.786859195495538],[121.50029823327691,23.778325985455922],[121.49614446979149,23.77320721434154],[121.50061474427514,23.765812061277643],[121.50567464217102,23.765805920706725],[121.51798162335331,23.759168245917863],[121.5165111346812,23.748500744114097],[121.51960708679769,23.74767363762834],[121.52093839459133,23.73656560202096],[121.52677163390388,23.73007500775543],[121.5252466355239,23.721021386128143],[121.51943736314388,23.71722155892786],[121.51877267421958,23.712829964331434],[121.5056248089378,23.71011736352557],[121.50463972304487,23.704654041450908],[121.49866196447817,23.706749402463004],[121.48882857308024,23.700248384155657],[121.48596421527634,23.70092719423468],[121.47092752098831,23.681471527289204],[121.46413291450244,23.67650116139953],[121.45754778800006,23.67498748818207],[121.41952459218624,23.687072109290455],[121.40371437032195,23.68899702719108],[121.40657134828916,23.696985981917578],[121.41743724683158,23.710374251270707],[121.41140542641938,23.711399067413083],[121.40987555101594,23.7135245053517],[121.41159190983888,23.715836901551825],[121.40878853866025,23.718665699262658],[121.40287902784496,23.715425337609304],[121.39688146440812,23.716453436277106],[121.39651574430627,23.718375358536036],[121.41187899771762,23.722068878675884],[121.42522587037763,23.719766215838263],[121.42878004146576,23.724813498943888],[121.43621097855385,23.72593165841937],[121.43256008268179,23.729824784885977],[121.4138309645275,23.737307982477432],[121.41045699149697,23.740738480596463],[121.42228073636693,23.748745848042518],[121.42246522419077,23.761953707997293],[121.43112018894567,23.768950056699794],[121.44251918311386,23.76740531460365],[121.45312470184354,23.76114963944434],[121.45302911739986,23.77821283905132],[121.44843300707771,23.77582602575052],[121.4446502040438,23.77956224300317],[121.44669228022462,23.784120953219485],[121.45358573749184,23.783481095476247],[121.44460564263636,23.794192886192775],[121.44609285420188,23.80919319121284],[121.45113270710885,23.812501919328156],[121.46017041343384,23.808169120608454],[121.49328953148677,23.80738906395419],[121.50701610600856,23.80996518544498],[121.52611397857731,23.81732461473922]]]}},{"type":"Feature","properties":{"district":"Yuli Township, Hualien County","constituency_code":"TW-10015030","township_code":"10015030","county":"Hualien County","township_name_zh":"玉里鎮"},"geometry":{"type":"Polygon","coordinates":[[[121.4115397932269,23.495835295262737],[121.41828854687901,23.49354357537578],[121.41461232969527,23.482675461803183],[121.41597511465989,23.478722970188983],[121.42460140812852,23.47878584539052],[121.42691758687715,23.476618301193696],[121.43238932300892,23.482529857966597],[121.44085091283944,23.474777981618615],[121.43471466135259,23.471670180934154],[121.4344553598271,23.469005287364155],[121.44589304912495,23.459238171504467],[121.44335604364653,23.453037587015103],[121.44580194150649,23.451790965680573],[121.44417742414885,23.446848737779078],[121.44726682380497,23.44381980763808],[121.44064123140777,23.43367202674267],[121.43340046316087,23.43286560466396],[121.42021750723222,23.42058206431085],[121.4104927854138,23.39895102187222],[121.4000086985427,23.38648049268062],[121.40436530141756,23.36735160699112],[121.42287674046929,23.359992192086054],[121.42220253581843,23.35498256899041],[121.40971149039308,23.34589830386369],[121.40207788748455,23.333901177797145],[121.39993819798951,23.323184369762885],[121.39020711976286,23.32056963318206],[121.3878460945217,23.310640965807977],[121.37785455734206,23.30093975766374],[121.37713764478656,23.283532807493145],[121.36022025765885,23.283669688805162],[121.35678896274055,23.28009749170593],[121.35412293152808,23.28358123418667],[121.34770295742555,23.27892543855819],[121.34586828019701,23.282031242747678],[121.34236172731198,23.279993277367907],[121.33996902525041,23.2818348829735],[121.3412851075218,23.28650844650764],[121.33872596702986,23.290634711422854],[121.34029669953316,23.291708025305184],[121.33526006529985,23.291969111085677],[121.33559994158406,23.297566341313654],[121.33101673383521,23.29957612553784],[121.32462704799991,23.292288230117776],[121.3232474349212,23.285416154232166],[121.3152971222645,23.277622679742933],[121.31017773331575,23.27572026917511],[121.30640418790301,23.278022780926676],[121.29963053831875,23.27765163881213],[121.28094176105344,23.2612633534211],[121.28096368022977,23.264392826867493],[121.2769652728291,23.265860899061295],[121.2815562543177,23.275105003393264],[121.27818135408631,23.27805497665588],[121.27873580771143,23.283778052615105],[121.26864206887649,23.2908550039553],[121.27270240269377,23.29685844626033],[121.29148244046235,23.302011482444016],[121.28223322528322,23.30876963041419],[121.27446024904134,23.311123895451487],[121.26964416184865,23.318229232992735],[121.26830486537733,23.32750825080518],[121.28240828281605,23.333575321044293],[121.28801018052548,23.333030414621987],[121.28835853381929,23.33524368664689],[121.29667249543934,23.336091046764466],[121.30060427566684,23.34194048916231],[121.31754920902881,23.349216937112033],[121.32218431125705,23.357728556227926],[121.31136221959082,23.361181609343873],[121.30430161522747,23.366543058915113],[121.29891089092496,23.36644017737234],[121.29758697375985,23.368965848694984],[121.30048615061537,23.373041783051917],[121.30994713994858,23.376887183396832],[121.3154196539939,23.382024471552143],[121.31850253716243,23.390433755913136],[121.31337176279669,23.39650515638789],[121.3197460054738,23.39820166897192],[121.3257487903744,23.404072883057154],[121.32963949316809,23.415994979584696],[121.33440111561902,23.42104024281298],[121.33056632727425,23.424810291661686],[121.33696584989411,23.423009585424097],[121.33814603291319,23.431230844028278],[121.34325843952547,23.433391305164662],[121.3458920744597,23.432179218696035],[121.34270779992505,23.434593729317214],[121.34747804507583,23.434661643420156],[121.35039905747055,23.44305764659316],[121.36248484230168,23.435079106015962],[121.37139548431423,23.454045595727735],[121.38310240185444,23.469691026719545],[121.40410984359448,23.485423700043782],[121.4115397932269,23.495835295262737]]]}},{"type":"Feature","properties":{"district":"Xincheng Township, Hualien County","constituency_code":"TW-10015040","township_code":"10015040","county":"Hualien County","township_name_zh":"新城鄉"},"geometry":{"type":"Polygon","coordinates":[[[121.62469690313958,24.017862614867852],[121.617641969901,24.01019644930676],[121.61566921616145,24.002654926183936],[121.61099802863623,24.0017264795934],[121.6078610233676,24.013578532423367],[121.58551807220135,24.014184158372245],[121.5795264676724,24.01954106187054],[121.5888348429537,24.030389616087973],[121.58850952669331,24.0401251180798],[121.58356177515589,24.042516649224012],[121.59033893119681,24.048643153858507],[121.5935206795358,24.045647504928468],[121.60716977206744,24.064989630666958],[121.6137044564955,24.093769521646152],[121.6132101783071,24.099318431300617],[121.60837365761824,24.101150992424436],[121.64041187510804,24.12253634547602],[121.63325735364401,24.14128074311185],[121.6414493995702,24.13356067848258],[121.65309406513904,24.128498363208962],[121.65647930217813,24.124057043297967],[121.650869170276,24.11756423220362],[121.63119165856824,24.10552059320088],[121.61912727940046,24.089582471553854],[121.61592725413948,24.07724459416272],[121.6165106803237,24.06130814975137],[121.62422695970645,24.04098635923316],[121.63338560865895,24.027027773113275],[121.62469690313958,24.017862614867852]]]}},{"type":"Feature","properties":{"district":"Ji'an Township, Hualien County","constituency_code":"TW-10015050","township_code":"10015050","county":"Hualien County","township_name_zh":"吉安鄉"},"geometry":{"type":"Polygon","coordinates":[[[121.55763981182793,23.998289759065187],[121.58312290959464,23.98982398019257],[121.58759586855456,23.992291687511397],[121.59103736987879,23.989696763894585],[121.59249024982523,23.991809411675035],[121.59903966424918,23.985350342244544],[121.58818575636758,23.97412005819416],[121.59974332439492,23.964799988129016],[121.60962224666946,23.96305562891422],[121.60690751626896,23.9527714973068],[121.60970421897457,23.944184954771913],[121.59705303397038,23.917679780197773],[121.58987383690805,23.909316006928236],[121.56728132747139,23.916788571835184],[121.55111240021711,23.925389798500476],[121.53753457266248,23.92775196228331],[121.51945300055559,23.945717109956718],[121.51408761824905,23.948158844854845],[121.51870198301015,23.950274848905224],[121.51933962842122,23.955433312497405],[121.5313325627476,23.97072021436645],[121.52911158713016,23.974943894745024],[121.51995520806645,23.978722599568357],[121.52281757836863,23.988185929836845],[121.52764478927566,23.992094702708414],[121.53295623294389,23.989781524997454],[121.53933099632843,23.99219327380058],[121.54716326847017,23.99174826586983],[121.55516054732152,23.997452899431835],[121.55175688137501,24.000336134904728],[121.55763981182793,23.998289759065187]]]}},{"type":"Feature","properties":{"district":"Shoufeng Township, Hualien County","constituency_code":"TW-10015060","township_code":"10015060","county":"Hualien County","township_name_zh":"壽豐鄉"},"geometry":{"type":"Polygon","coordinates":[[[121.5143901223064,23.948008355001605],[121.51945300055559,23.945717109956718],[121.53753457266248,23.92775196228331],[121.55111240021711,23.925389798500476],[121.56728132747139,23.916788571835184],[121.58969893226003,23.9093131983455],[121.59705303397038,23.917679780197773],[121.60970421897457,23.944184954771913],[121.61188460189294,23.93361264710603],[121.60602198442712,23.91591128407856],[121.60497008699997,23.89366391915462],[121.59823696356511,23.85701905668418],[121.58340238471237,23.819832114360622],[121.57652806142096,23.810906050773667],[121.57285215270474,23.800423942411044],[121.57080626609638,23.776756920295668],[121.57314244666668,23.762352645458293],[121.56981093512661,23.749457631764358],[121.56756283595621,23.746290819365868],[121.5585340446105,23.748412472957284],[121.55542302705112,23.7438510243054],[121.54589286456417,23.741967182039843],[121.53857144511619,23.732872386751296],[121.52663948932104,23.73126742695024],[121.52093839459133,23.73656560202096],[121.51960708679769,23.74767363762834],[121.5165111346812,23.748500744114097],[121.51798162335331,23.759168245917863],[121.50567464217102,23.765805920706725],[121.50061474427514,23.765812061277643],[121.49614446979149,23.77320721434154],[121.50029823327691,23.778325985455922],[121.51996840112088,23.786859195495538],[121.51858249278791,23.79699412328023],[121.52466066965428,23.805910332995495],[121.52633904471122,23.81725912970512],[121.50520560615382,23.809484738829667],[121.48443617448993,23.806945925713933],[121.45947316815227,23.80830852631749],[121.4408660987915,23.818315215274993],[121.44212117824986,23.821179886942275],[121.44931906232489,23.821327248953423],[121.45303875633363,23.82587436870722],[121.45321629509601,23.83127963144989],[121.44721628010734,23.84193871290131],[121.45058849316445,23.84473461521037],[121.44786652681887,23.847858958923894],[121.45969324035082,23.8535498436504],[121.46589251992395,23.86322190116988],[121.47513965407188,23.86755216020407],[121.48190444263594,23.877279706793104],[121.49047193932859,23.87970374213404],[121.49846797082023,23.88596076717573],[121.4983183056454,23.8896586211485],[121.5023193264758,23.89249215109197],[121.50488091042575,23.905387403106204],[121.50125449320035,23.920431011382107],[121.50624145877634,23.930573042911647],[121.50544551110147,23.9382599495371],[121.50853239625314,23.940775873108123],[121.50701934086999,23.944758470427132],[121.50915681353615,23.94740285495783],[121.5143901223064,23.948008355001605]]]}},{"type":"Feature","properties":{"district":"Guangfu Township, Hualien County","constituency_code":"TW-10015070","township_code":"10015070","county":"Hualien County","township_name_zh":"光復鄉"},"geometry":{"type":"Polygon","coordinates":[[[121.51737609543056,23.71217250595646],[121.52089489888056,23.710436355753245],[121.52140185750977,23.700120181301372],[121.51670871663407,23.69413194563282],[121.52191456010894,23.690455824676633],[121.52501444406141,23.682630004271346],[121.52106015829975,23.677449612509633],[121.51338615154975,23.655170458350028],[121.50870869305186,23.647153771229625],[121.50402786209622,23.644026189057456],[121.49211049330472,23.647980784185904],[121.48526323960687,23.643677490423897],[121.47903816567884,23.636618549806258],[121.47435091446323,23.624860031865012],[121.46634819111614,23.61977388815444],[121.46547794235323,23.613316251343974],[121.44761266799026,23.608232155389715],[121.44385803891737,23.598263926838797],[121.4307960148243,23.596065956778546],[121.42529403988806,23.587871286630616],[121.4171840678905,23.588597366875035],[121.4109526123732,23.585061316226813],[121.40378965616776,23.584916368895335],[121.40162256702786,23.587378211735142],[121.38805992182802,23.58622891233449],[121.38001535842216,23.589878827046277],[121.3776178791619,23.587990370359364],[121.36186542524922,23.598460602274997],[121.35811434040454,23.605687421137645],[121.36209297081405,23.607698286346874],[121.36575391301278,23.61591740546396],[121.3683648940247,23.61630399163596],[121.36900992017172,23.63528975202047],[121.37271311791608,23.641252415466624],[121.37894045184044,23.642787718278612],[121.37985511362263,23.64579624100378],[121.37870680527487,23.651094853145025],[121.37266111192082,23.657645541008947],[121.38161548526648,23.661031146770085],[121.37458845439369,23.667172049550516],[121.37057788905838,23.67614300819332],[121.37372539211322,23.690000696674872],[121.37941346376044,23.689902182239962],[121.38407962317615,23.684707952609983],[121.3899907572677,23.688373806006382],[121.4109436524277,23.688656604119046],[121.45754778800006,23.67498748818207],[121.46413291450244,23.67650116139953],[121.47092752098831,23.681471527289204],[121.48596421527634,23.70092719423468],[121.48882857308024,23.700248384155657],[121.49866196447817,23.706749402463004],[121.50463972304487,23.704654041450908],[121.5056248089378,23.71011736352557],[121.51193647498837,23.712811089360343],[121.51737609543056,23.71217250595646]]]}},{"type":"Feature","properties":{"district":"Fengbin Township, Hualien County","constituency_code":"TW-10015080","township_code":"10015080","county":"Hualien County","township_name_zh":"豐濱鄉"},"geometry":{"type":"Polygon","coordinates":[[[121.5618266604721,23.748836121090164],[121.5678868985616,23.744782884722383],[121.56020016460593,23.729534446857315],[121.55224075081003,23.722744533033847],[121.54988968735927,23.71655589244051],[121.54985789092893,23.702951623019032],[121.55336429992258,23.698347808204858],[121.54588087929915,23.675038431178734],[121.54535816904433,23.66457208703224],[121.54099854264871,23.66053005531785],[121.54339467382522,23.653336319815367],[121.53658629961808,23.647191380877587],[121.53122798148627,23.626474994825173],[121.53007174921197,23.597168024684663],[121.52629096425665,23.57638905840838],[121.51134043041657,23.551486800375585],[121.50696576915493,23.534657070167725],[121.50803121037211,23.531504395111767],[121.5053703052954,23.529404785702354],[121.50346482714008,23.52018571759686],[121.50771794682589,23.491235514807215],[121.51244884303969,23.491800529171144],[121.51395001118408,23.48715558746045],[121.49982516200168,23.45615656177597],[121.49609182707627,23.434825687855266],[121.4905012590259,23.435260841914385],[121.48246773389883,23.43016721854235],[121.47330772697012,23.44062198751476],[121.46337814498543,23.43888026960883],[121.46158396782596,23.44153667088068],[121.44817885327154,23.442945004708236],[121.4441655692857,23.447050265957046],[121.44580194150649,23.451790965680573],[121.44952523640063,23.453354782397355],[121.46220838960551,23.45440262747934],[121.46655019233754,23.465821201687163],[121.46453171346786,23.475808696414276],[121.47383190581786,23.487594499786383],[121.47806918394576,23.487908914464867],[121.48245209918514,23.483122525584122],[121.48669549000488,23.48506722946911],[121.48474096192592,23.492241092652364],[121.48940598369927,23.505009344205916],[121.48732303602935,23.50909315212732],[121.48848830019494,23.51390092868496],[121.48454045088113,23.51602049674858],[121.4922794804138,23.542756810578396],[121.48776786229712,23.54551987774022],[121.47712939960218,23.541183415182502],[121.47117988334503,23.5434626821571],[121.46351426726972,23.542598693574917],[121.45952567417055,23.545364517158816],[121.45296134359114,23.54265929708896],[121.44317606952006,23.54786937277339],[121.4308734419559,23.548198783647024],[121.42860044595386,23.550110093006424],[121.42787818782813,23.55963953603583],[121.42146908832785,23.561169801744995],[121.42316216640097,23.567431799138262],[121.4292648039276,23.572594928413253],[121.42325494585907,23.577385042285925],[121.42640168718822,23.5844700200754],[121.42529403988806,23.587871286630616],[121.4307960148243,23.596065956778546],[121.44385803891737,23.598263926838797],[121.44761266799026,23.608232155389715],[121.46556459293163,23.613387861660556],[121.46634819111614,23.61977388815444],[121.47435091446323,23.624860031865012],[121.47903816567884,23.636618549806258],[121.48851513686418,23.64632507833977],[121.49571470267142,23.647542047227773],[121.50369314252453,23.643972076849934],[121.50870869305186,23.647153771229625],[121.52500732053147,23.68255175246145],[121.52191456010894,23.690455824676633],[121.51668544577672,23.69426823249296],[121.52140185750977,23.700120181301372],[121.52089489888056,23.710436355753245],[121.51737609543056,23.71217250595646],[121.51943736314388,23.71722155892786],[121.5252466355239,23.721021386128143],[121.52663948932104,23.73126742695024],[121.53857144511619,23.732872386751296],[121.54589286456417,23.741967182039843],[121.55542302705112,23.7438510243054],[121.5585340446105,23.748412472957284],[121.5618266604721,23.748836121090164]]]}},{"type":"Feature","properties":{"district":"Ruisui Township, Hualien County","constituency_code":"TW-10015090","township_code":"10015090","county":"Hualien County","township_name_zh":"瑞穗鄉"},"geometry":{"type":"Polygon","coordinates":[[[121.35811432151877,23.60544013815189],[121.36636939643051,23.59388195768622],[121.3776178791619,23.587990370359364],[121.38001535842216,23.589878827046277],[121.39190343269729,23.58572913569111],[121.40162256702786,23.587378211735142],[121.40598023829739,23.58467208065207],[121.4171840678905,23.588597366875035],[121.42529403988806,23.587871286630616],[121.42640168718822,23.5844700200754],[121.42325494585907,23.577385042285925],[121.4292648039276,23.572594928413253],[121.42316216640097,23.567431799138262],[121.42146908832785,23.561169801744995],[121.42787818782813,23.55963953603583],[121.42860044595386,23.550110093006424],[121.4308734419559,23.548198783647024],[121.44317606952006,23.54786937277339],[121.45296134359114,23.54265929708896],[121.45952567417055,23.545364517158816],[121.46351426726972,23.542598693574917],[121.47117988334503,23.5434626821571],[121.47712939960218,23.541183415182502],[121.48776786229712,23.54551987774022],[121.4922794804138,23.542756810578396],[121.48454045088113,23.51602049674858],[121.48848830019494,23.51390092868496],[121.48732303602935,23.50909315212732],[121.48940598369927,23.505009344205916],[121.48474096192592,23.492241092652364],[121.48669549000488,23.48506722946911],[121.48245209918514,23.483122525584122],[121.47806918394576,23.487908914464867],[121.47434260202954,23.487925354071876],[121.46667427629689,23.479463819999353],[121.46453171346786,23.475808696414276],[121.46655019233754,23.465821201687163],[121.46220838960551,23.45440262747934],[121.4441330704849,23.451918788121645],[121.44589304912495,23.459238171504467],[121.4344553598271,23.469005287364155],[121.43471466135259,23.471670180934154],[121.44085091283944,23.474777981618615],[121.43238932300892,23.482529857966597],[121.42691758687715,23.476618301193696],[121.42460140812852,23.47878584539052],[121.41597511465989,23.478722970188983],[121.41461232969527,23.482675461803183],[121.41828854687901,23.49354357537578],[121.41146881423447,23.495841900783148],[121.40410984359448,23.485423700043782],[121.38310240185444,23.469691026719545],[121.37139548431423,23.454045595727735],[121.36248484230168,23.435079106015962],[121.35018344590935,23.443087630889522],[121.3436938570859,23.45712121237409],[121.33212045559458,23.460245688287955],[121.32603760585084,23.464407566356158],[121.32600384080467,23.471558790006213],[121.33315199237063,23.487770990838612],[121.34568671696843,23.491184935136687],[121.34585341890022,23.511053114809442],[121.34884411706241,23.525772018364023],[121.36244288173361,23.526445831809724],[121.36765798013175,23.52019595547904],[121.36770550300662,23.52225048816956],[121.36958815277114,23.52180081545532],[121.36767904135479,23.526566121529356],[121.37062662511869,23.52895275226774],[121.36943510344736,23.534567694643442],[121.37507634559688,23.538017042552497],[121.37376347840188,23.54354768427828],[121.37633354295872,23.54864023296045],[121.37158006926484,23.562415644266594],[121.36354300440621,23.570397698495015],[121.352539778488,23.565818902820183],[121.34881549613829,23.570144443111587],[121.35140982800124,23.5766684453925],[121.36010625959625,23.574599510059386],[121.35938276220475,23.582054906009148],[121.35528067556277,23.586376803147004],[121.35226809869391,23.598475754052856],[121.35343658513034,23.60400184520904],[121.35811432151877,23.60544013815189]]]}},{"type":"Feature","properties":{"district":"Fuli Township, Hualien County","constituency_code":"TW-10015100","township_code":"10015100","county":"Hualien County","township_name_zh":"富里鄉"},"geometry":{"type":"Polygon","coordinates":[[[121.37713764478656,23.283532807493145],[121.37791712677404,23.269619516627415],[121.37233301855406,23.26782648970078],[121.37056077585919,23.262218904678775],[121.35940095189244,23.25268957136666],[121.36089846968866,23.24435220578971],[121.35259947098882,23.23130477319677],[121.35715999963429,23.223714922305874],[121.34645864195284,23.217099494046465],[121.34691442735902,23.20927278870829],[121.33493075874753,23.177933372327345],[121.32974112914985,23.180370866922033],[121.3232995569291,23.17873455765374],[121.32185856062415,23.169395117990348],[121.31734388481254,23.165163025353365],[121.32208594610961,23.15525959475457],[121.327201690106,23.152193153891005],[121.32036685154901,23.137926326039178],[121.32196705663443,23.11717060094253],[121.31580266086416,23.109743327692456],[121.30522220803857,23.111285801698443],[121.29142047897199,23.10936866922873],[121.27242659770934,23.09783609515972],[121.27074144805943,23.101189345112232],[121.26431694227313,23.10392186500212],[121.26726653782055,23.114093385301544],[121.25956733476471,23.121015906858645],[121.25760011905027,23.126117476640275],[121.24920632191424,23.131520634969377],[121.24520869152798,23.128406722492286],[121.23845481443823,23.128737660414743],[121.23092938108618,23.13925045004828],[121.21208105779465,23.144182035372694],[121.21432427904233,23.148591189232036],[121.22293384602028,23.152250213176842],[121.22067425261469,23.156183455701978],[121.22727338695734,23.159887846846686],[121.22615178127978,23.16236803405758],[121.22291508526303,23.16130022492547],[121.2229321454023,23.16459381025618],[121.23051549689274,23.167696275262927],[121.24219874697462,23.179016270284706],[121.24005104272146,23.18288410691605],[121.25104484824124,23.197951719896025],[121.2483538617414,23.201549674477917],[121.25226361847126,23.202340582352065],[121.2537621282197,23.20537466201108],[121.24946832410399,23.208589137578713],[121.2565192949296,23.206110941466818],[121.25371896525814,23.209654982591417],[121.25781864711291,23.208052664998547],[121.26376340505715,23.215610627728324],[121.27723700478396,23.257950704261646],[121.29224887058899,23.271787802764948],[121.29963053831875,23.27765163881213],[121.30640418790301,23.278022780926676],[121.31017773331575,23.27572026917511],[121.31468581349952,23.27715542528273],[121.3232474349212,23.285416154232166],[121.32462704799991,23.292288230117776],[121.33101673383521,23.29957612553784],[121.33559994158406,23.297566341313654],[121.33526006529985,23.291969111085677],[121.34029669953316,23.291708025305184],[121.33872596702986,23.290634711422854],[121.3412851075218,23.28650844650764],[121.33996902525041,23.2818348829735],[121.34236172731198,23.279993277367907],[121.34586828019701,23.282031242747678],[121.34770295742555,23.27892543855819],[121.35412293152808,23.28358123418667],[121.35678896274055,23.28009749170593],[121.36022025765885,23.283669688805162],[121.37713764478656,23.283532807493145]]]}},{"type":"Feature","properties":{"district":"Xiulin Township, Hualien County","constituency_code":"TW-10015110","township_code":"10015110","county":"Hualien County","township_name_zh":"秀林鄉"},"geometry":{"type":"Polygon","coordinates":[[[121.63175611355382,24.369427712419053],[121.63061870049273,24.366420613320713],[121.63499921454218,24.366338599646724],[121.63502838764998,24.36371602367558],[121.64875568882405,24.349508493522194],[121.65072354485574,24.35093003749131],[121.64785276409384,24.357725036980924],[121.65067704181206,24.359853064067693],[121.65351388575732,24.352188940866995],[121.65664620016207,24.353254561049198],[121.66001179870557,24.35115163134276],[121.6631293156654,24.352885976606558],[121.66910892953354,24.343099766341197],[121.67398315250057,24.343396457180802],[121.6748402576718,24.33777398478162],[121.68558128624738,24.340731448497593],[121.68846643817562,24.333619216753505],[121.69498257498594,24.334852598268867],[121.71353540533471,24.326886850547737],[121.74473627395992,24.322852559298212],[121.75939802559844,24.314106822372025],[121.77084910760027,24.313148241298336],[121.77406513000176,24.315270834681314],[121.77300655960505,24.30875941301656],[121.76953905168591,24.302698099337874],[121.7505757491715,24.284410917929563],[121.74306876001538,24.259634064060833],[121.72830158265197,24.245702319106783],[121.7155928086612,24.241669324679663],[121.70613314582806,24.22560769643809],[121.67394806545087,24.20755642339026],[121.66331742056252,24.194140653668285],[121.65847873790347,24.17187838697805],[121.6642153144852,24.15543333188282],[121.66375803170786,24.134515178432764],[121.65647930217813,24.124057043297967],[121.65309406513904,24.128498363208962],[121.6414493995702,24.13356067848258],[121.63318749340817,24.14126396805773],[121.64041187510804,24.12253634547602],[121.60837365761824,24.101150992424436],[121.6132101783071,24.099318431300617],[121.6137044564955,24.093769521646152],[121.60716977206744,24.064989630666958],[121.5935206795358,24.045647504928468],[121.59033893119681,24.048643153858507],[121.58356177515589,24.042516649224012],[121.58850952669331,24.0401251180798],[121.58877152978232,24.03016426846625],[121.58432489038148,24.022996467612927],[121.57727173420324,24.019107746925044],[121.57863188055694,24.01589573549984],[121.57349412115684,24.007966376147408],[121.5701277860685,24.01039262831722],[121.56800944647887,24.004556535455777],[121.56587816204762,24.008390984756204],[121.56246897696178,24.007332469218113],[121.55772052688087,24.00421871592107],[121.55858786723638,23.998583247418992],[121.55170962919613,24.000308477154533],[121.55516054732152,23.997452899431835],[121.54716326847017,23.99174826586983],[121.53933099632843,23.99219327380058],[121.53295623294389,23.989781524997454],[121.52746786654882,23.992064397354113],[121.52145116374027,23.98649839428549],[121.51995520806645,23.978722599568357],[121.52911158713016,23.974943894745024],[121.5313325627476,23.97072021436645],[121.51933962842122,23.955433312497405],[121.51841578366157,23.949959163484664],[121.50915681353615,23.94740285495783],[121.50701934086999,23.944758470427132],[121.50853239625314,23.940775873108123],[121.50544551110147,23.9382599495371],[121.50624145877634,23.930573042911647],[121.50119014940594,23.919977485972254],[121.50478671633391,23.907505110472528],[121.50240809225966,23.892679168708696],[121.4983183056454,23.8896586211485],[121.49846797082023,23.88596076717573],[121.49047193932859,23.87970374213404],[121.48190444263594,23.877279706793104],[121.47513965407188,23.86755216020407],[121.46589251992395,23.86322190116988],[121.45969324035082,23.8535498436504],[121.44786652681887,23.847858958923894],[121.45058849316445,23.84473461521037],[121.44723661287946,23.8418686449221],[121.45331603081024,23.830970921171115],[121.45191693212075,23.82342362440079],[121.44853015364379,23.82108170165924],[121.44212117824986,23.821179886942275],[121.4408660987915,23.818315215274993],[121.42854653159725,23.82906246805851],[121.42218283437035,23.842079066495785],[121.41562071972055,23.84496223092225],[121.41122596760442,23.843077992055726],[121.40588219780523,23.845952692063122],[121.40076065498033,23.83746508394654],[121.38049120680387,23.84244087814409],[121.37637419141583,23.84986996442734],[121.35965559313115,23.865650429523782],[121.36038581115633,23.877219053816304],[121.35415802487296,23.88467980432955],[121.35014269762746,23.885874689465425],[121.35413753561886,23.888429702968494],[121.34749300170074,23.892333111384062],[121.34586836653193,23.896820626770534],[121.33673037140954,23.89838842478605],[121.33725687590413,23.9029262275634],[121.33044286294785,23.906557252015602],[121.32975954546669,23.91576523957417],[121.32086309655472,23.91581459346878],[121.31443013714113,23.920404041613267],[121.3096214666574,23.919864386332392],[121.2955758738276,23.92561467217945],[121.2842711196165,23.923337297378396],[121.27340772298805,23.928490473856357],[121.27484996845135,23.93154189694104],[121.2720568531413,23.938345119831467],[121.27433399231995,23.94563978894513],[121.27175229323382,23.948504837428345],[121.27470509936086,23.95144571764581],[121.27791048997722,23.965833167067046],[121.2735672923967,23.975252027658996],[121.26422991667732,23.975980224907516],[121.26011151723276,23.992324386861014],[121.27005128044232,24.006711458566997],[121.27660953430268,24.024614839902995],[121.28566110457643,24.03953323107379],[121.28320812455536,24.054266869120738],[121.29554435348916,24.063779724154983],[121.29988752588872,24.06217398464173],[121.30819185307166,24.073307402714534],[121.32313170476448,24.084940650490694],[121.31894789043281,24.09501013461005],[121.3256577079369,24.102462945008938],[121.3284953900503,24.114409198225985],[121.31566152396022,24.11649351286536],[121.29586397794026,24.1324425190071],[121.28136925918398,24.135873216775565],[121.28468026078542,24.152289104158854],[121.28102953848247,24.15449273994807],[121.28033491022802,24.157865705737777],[121.28839494916758,24.15809513448295],[121.28620381665291,24.177360879001412],[121.3070802478552,24.180332369443363],[121.31578716104866,24.185171712204806],[121.32562015314761,24.19612496279683],[121.34943801765041,24.199775372135775],[121.34937825500253,24.2104384133022],[121.34301988895675,24.223553594522798],[121.35233257918526,24.234632135065056],[121.35252624728855,24.243760350959462],[121.3606685148402,24.24394322809752],[121.36702421799328,24.252173623813746],[121.38505793267757,24.254988383107445],[121.38565964747477,24.264154673599364],[121.3805456121903,24.27975638404996],[121.39083963364226,24.289743740281438],[121.3965839551854,24.288737600360037],[121.40345490062327,24.296882532602865],[121.40510320055228,24.30825239323343],[121.42201401003854,24.30753366854401],[121.42849472255341,24.31735881855468],[121.43460523274541,24.32177494395853],[121.43248102058271,24.329864496849098],[121.43430636464711,24.338270129063233],[121.43777496344387,24.34221795949128],[121.43563157503718,24.347578915334736],[121.44157498669631,24.35859302844557],[121.44727000380772,24.359544764779116],[121.44976971260223,24.363493045767484],[121.45201245271255,24.364679861286618],[121.46540060965049,24.355306063024443],[121.47887456191154,24.35187580862174],[121.49812148361968,24.339234133048876],[121.50438306822412,24.34293409143521],[121.51356669674567,24.34081398377839],[121.52215888072783,24.34302200915846],[121.53327223402641,24.337055334735965],[121.54053514538077,24.335912011330322],[121.54498871136002,24.33776789547204],[121.55607855008509,24.331154080596377],[121.55948921905224,24.323153812398573],[121.56637338362486,24.31918351600649],[121.5758548792993,24.319670218305987],[121.58948861320903,24.31380246930854],[121.59719185152278,24.316293909736203],[121.60574656525182,24.309422573992663],[121.6052267786929,24.317282240383122],[121.6010983347204,24.320581426691547],[121.59575243442737,24.331623240720035],[121.59922975484938,24.333525071225097],[121.60447266388235,24.329008745157523],[121.60791666622129,24.335415904820195],[121.61753693358264,24.333646253072175],[121.61866169498126,24.33574298824834],[121.61613884573126,24.338134487916307],[121.61921377349688,24.345481840214802],[121.622785001127,24.339473054138182],[121.62747995863322,24.341118630020787],[121.62669023606566,24.335625902813206],[121.62863775572794,24.333694265178224],[121.63280419695616,24.334747367696934],[121.63137283418905,24.34398246531856],[121.63529676153632,24.34481515659428],[121.63552173234211,24.34761791353594],[121.62685163649394,24.349530988264576],[121.62677118584156,24.35433005039158],[121.62120182650312,24.35811415294586],[121.62356944287558,24.362340724644753],[121.62037773184693,24.363209485929076],[121.62588586893776,24.3691161602826],[121.63175611355382,24.369427712419053]]]}},{"type":"Feature","properties":{"district":"Wanrong Township, Hualien County","constituency_code":"TW-10015120","township_code":"10015120","county":"Hualien County","township_name_zh":"萬榮鄉"},"geometry":{"type":"Polygon","coordinates":[[[121.27481007092808,23.926404267043324],[121.2842711196165,23.923337297378396],[121.2955758738276,23.92561467217945],[121.3096214666574,23.919864386332392],[121.31443013714113,23.920404041613267],[121.32086309655472,23.91581459346878],[121.32975954546669,23.91576523957417],[121.33035389481643,23.906719142574445],[121.33725687590413,23.9029262275634],[121.33673037140954,23.89838842478605],[121.34586836653193,23.896820626770534],[121.34749300170074,23.892333111384062],[121.35413753561886,23.888429702968494],[121.35014269762746,23.885874689465425],[121.35415802487296,23.88467980432955],[121.36038581115633,23.877219053816304],[121.35965559313115,23.865650429523782],[121.37637419141583,23.84986996442734],[121.3784903051835,23.843657161748638],[121.38784861801935,23.83911700814349],[121.40057078201608,23.8374527308589],[121.40606947262813,23.8460240820458],[121.41122596760442,23.843077992055726],[121.41825384833646,23.84416421660535],[121.42218283437035,23.842079066495785],[121.43233422244646,23.824911970011442],[121.45113270710885,23.812501919328156],[121.4460431576656,23.809069991287117],[121.44448753017548,23.794928571196635],[121.45358573749184,23.783481095476247],[121.44669228022462,23.784120953219485],[121.44463563592592,23.779710271411943],[121.44843300707771,23.77582602575052],[121.45302911739986,23.77821283905132],[121.45308667311156,23.76105725838579],[121.44251918311386,23.76740531460365],[121.43052925971767,23.768882353038236],[121.42246522419077,23.761953707997293],[121.42372313651356,23.756254833693674],[121.42120784336737,23.74708271649422],[121.41045699149697,23.740738480596463],[121.4138309645275,23.737307982477432],[121.43256008268179,23.729824784885977],[121.43621097855385,23.72593165841937],[121.42878004146576,23.724813498943888],[121.42522587037763,23.719766215838263],[121.41187899771762,23.722068878675884],[121.39651574430627,23.718375358536036],[121.39688146440812,23.716453436277106],[121.40287902784496,23.715425337609304],[121.40878853866025,23.718665699262658],[121.41159190983888,23.715836901551825],[121.40987555101594,23.7135245053517],[121.41140542641938,23.711399067413083],[121.41743724683158,23.710374251270707],[121.40657134828916,23.696985981917578],[121.40371437032195,23.68899702719108],[121.3899907572677,23.688373806006382],[121.38407962317615,23.684707952609983],[121.37941346376044,23.689902182239962],[121.37332549507562,23.68912129011551],[121.37057788905838,23.67614300819332],[121.37458845439369,23.667172049550516],[121.38161548526648,23.661031146770085],[121.37266111192082,23.657645541008947],[121.3787733883812,23.65098432736488],[121.37951817632279,23.64351783198242],[121.37271311791608,23.641252415466624],[121.36900992017172,23.63528975202047],[121.3683648940247,23.61630399163596],[121.36575391301278,23.61591740546396],[121.36100895589868,23.606686934854224],[121.35284031033211,23.60298676242917],[121.35521710698401,23.58656688295531],[121.35938276220475,23.582054906009148],[121.36012033848294,23.574654659185228],[121.35140982800124,23.5766684453925],[121.34877172433562,23.570447413017746],[121.352539778488,23.565818902820183],[121.36354300440621,23.570397698495015],[121.37158006926484,23.562415644266594],[121.37633354295872,23.54864023296045],[121.37376347840188,23.54354768427828],[121.37507634559688,23.538017042552497],[121.36943510344736,23.534567694643442],[121.37062662511869,23.52895275226774],[121.36767904135479,23.526566121529356],[121.36958815277114,23.52180081545532],[121.36770550300662,23.52225048816956],[121.36765798013175,23.52019595547904],[121.36244288173361,23.526445831809724],[121.34884411706241,23.525772018364023],[121.34585341890022,23.511053114809442],[121.34568671696843,23.491184935136687],[121.33321203830496,23.487845299121318],[121.32524988967077,23.467240388533128],[121.32121568475611,23.46608113363743],[121.31915189984034,23.47417259848669],[121.3265101636132,23.489589505451363],[121.32479550181097,23.487610238821503],[121.31498622483446,23.488317757058894],[121.31566920237185,23.49526849574454],[121.31866405450262,23.500123754707545],[121.32335670794578,23.502062461913113],[121.3268106388,23.502691956768444],[121.32744473458695,23.498201596826277],[121.32880752584674,23.498200280218782],[121.32190145109121,23.51644349736955],[121.32385836597086,23.521796369207152],[121.32208063111625,23.53391517174782],[121.32367374145008,23.53732829676352],[121.32048022098547,23.541210643956106],[121.32299009931364,23.549689135645167],[121.32231427768181,23.561500213564045],[121.31020280281712,23.560615895807018],[121.29774343421218,23.55058850085868],[121.28480576477432,23.548093191547594],[121.28402383842945,23.543289587844242],[121.27755066133398,23.540603446891623],[121.2704904715581,23.542176356653613],[121.26105703565372,23.539548464789846],[121.24994403039273,23.55006357827159],[121.25388108244601,23.557893692040295],[121.25025799541027,23.570125152653702],[121.25213397850041,23.576464679701246],[121.24715098612921,23.58006613624326],[121.24745114025802,23.587013975514594],[121.24427260159939,23.591767532845438],[121.24597162958707,23.615020035846044],[121.23915143648969,23.614586574311033],[121.23805442187415,23.61058408488765],[121.22916052973471,23.606680513694812],[121.22079094954279,23.599472269429725],[121.21334933300534,23.60030521881083],[121.2173227410517,23.61469669089962],[121.224729517853,23.626818188708512],[121.22411872709768,23.6388547824223],[121.23583872527706,23.662520599446168],[121.23595526662234,23.67077188821213],[121.23244708146774,23.677465825487502],[121.23943218145007,23.68697260650066],[121.24120783347485,23.708733338372895],[121.23778540856983,23.720069862034563],[121.23940806972666,23.724347190570427],[121.23576682897601,23.72463844500828],[121.23310608128065,23.73012862533585],[121.22966956669723,23.730080409982975],[121.22857687782073,23.73508385743412],[121.2288497069485,23.744515850825906],[121.23332164247984,23.748200226659208],[121.23251603069036,23.750600666487628],[121.22139824733131,23.752756313553107],[121.2186449432096,23.756384099546608],[121.20648278974897,23.76263697691502],[121.2086697557047,23.76584627418623],[121.20465097506246,23.772398777781405],[121.22629269784977,23.783674326509015],[121.23040066336,23.78796698219054],[121.23033207566482,23.790278327083172],[121.22706119012184,23.791278364205198],[121.22552718772954,23.798075749596194],[121.227442272443,23.808305286959467],[121.23446037574581,23.812000174068828],[121.23477278763414,23.817943331219794],[121.23913398064872,23.82186308841085],[121.23667696626899,23.825212695209757],[121.23931687397464,23.840096332979442],[121.24892405799892,23.85213166674305],[121.25303597333152,23.86789488374194],[121.25815076494587,23.872510171207466],[121.2652524629309,23.87290544572977],[121.26292695281666,23.879500414412632],[121.26845118867152,23.88375285780819],[121.26550764915874,23.89124154126415],[121.26653565879371,23.89841074865717],[121.26244011561892,23.899080108660144],[121.26106217078257,23.90260226298409],[121.26627090737657,23.90726640522047],[121.27525145099378,23.908132857945077],[121.2765146306458,23.923163167046596],[121.27481007092808,23.926404267043324]]]}},{"type":"Feature","properties":{"district":"Zhuoxi Township, Hualien County","constituency_code":"TW-10015130","township_code":"10015130","county":"Hualien County","township_name_zh":"卓溪鄉"},"geometry":{"type":"Polygon","coordinates":[[[121.24246627999491,23.61527706028818],[121.2461549069235,23.614675803245746],[121.24362982375737,23.598203727120335],[121.24745114025802,23.587013975514594],[121.24703454011205,23.580369207772776],[121.2521643575991,23.57632601863088],[121.25025799541027,23.570125152653702],[121.25387248402797,23.557767936241305],[121.24994403039273,23.55006357827159],[121.25454254640147,23.544584557631254],[121.25811318407625,23.54406615422971],[121.25969387297391,23.540361833232055],[121.26397184812231,23.538883949434762],[121.27070495896669,23.542186251894066],[121.27755066133398,23.540603446891623],[121.28402383842945,23.543289587844242],[121.28480576477432,23.548093191547594],[121.29774343421218,23.55058850085868],[121.31020280281712,23.560615895807018],[121.32235870329157,23.561441092132725],[121.32299009931364,23.549689135645167],[121.32048022098547,23.541210643956106],[121.32367374145008,23.53732829676352],[121.32208063111625,23.53391517174782],[121.32385836597086,23.521796369207152],[121.32190145109121,23.51644349736955],[121.32880752584674,23.498200280218782],[121.3268106388,23.502691956768444],[121.32335670794578,23.502062461913113],[121.31866405450262,23.500123754707545],[121.31566920237185,23.49526849574454],[121.31498622483446,23.488317757058894],[121.32479550181097,23.487610238821503],[121.3265101636132,23.489589505451363],[121.31915189984034,23.47417259848669],[121.3197701261904,23.466258911619548],[121.32524988967077,23.467240388533128],[121.33207318722782,23.460266322332984],[121.3436938570859,23.45712121237409],[121.35049196733053,23.44293680019325],[121.34777750133071,23.439985779220365],[121.34747804507583,23.434661643420156],[121.34270779992505,23.434593729317214],[121.3458920744597,23.432179218696035],[121.34325843952547,23.433391305164662],[121.33814603291319,23.431230844028278],[121.33688882386025,23.422938863637683],[121.33056632727425,23.424810291661686],[121.33440111561902,23.42104024281298],[121.32963949316809,23.415994979584696],[121.3257487903744,23.404072883057154],[121.3197460054738,23.39820166897192],[121.31339413163391,23.396552601921087],[121.31850253716243,23.390433755913136],[121.3154196539939,23.382024471552143],[121.29762358156313,23.369165995514322],[121.29891089092496,23.36644017737234],[121.30430161522747,23.366543058915113],[121.31136221959082,23.361181609343873],[121.32092729286035,23.358925938781113],[121.32074014933846,23.35338951981055],[121.31698520999953,23.34869317195239],[121.30060427566684,23.34194048916231],[121.29714994551364,23.33632374454521],[121.28835853381929,23.33524368664689],[121.28801018052548,23.333030414621987],[121.28240828281605,23.333575321044293],[121.26830486537733,23.32750825080518],[121.26964416184865,23.318229232992735],[121.27446024904134,23.311123895451487],[121.28223322528322,23.30876963041419],[121.29148244046235,23.302011482444016],[121.27270240269377,23.29685844626033],[121.26864206887649,23.2908550039553],[121.27873580771143,23.283778052615105],[121.27818135408631,23.27805497665588],[121.2815562543177,23.275105003393264],[121.2769652728291,23.265860899061295],[121.28096368022977,23.264392826867493],[121.28094176105344,23.2612633534211],[121.27416953689465,23.250296358490175],[121.26385313851165,23.215750450722794],[121.25781864711291,23.208052664998547],[121.25371896525814,23.209654982591417],[121.2565192949296,23.206110941466818],[121.24950140656472,23.208650032473088],[121.2537621282197,23.20537466201108],[121.25226361847126,23.202340582352065],[121.2483538617414,23.201549674477917],[121.25104484824124,23.197951719896025],[121.24005104272146,23.18288410691605],[121.24219874697462,23.179016270284706],[121.23051549689274,23.167696275262927],[121.2229321454023,23.16459381025618],[121.22291508526303,23.16130022492547],[121.22615178127978,23.16236803405758],[121.22727338695734,23.159887846846686],[121.22067425261469,23.156183455701978],[121.22293384602028,23.152250213176842],[121.21432427904233,23.148591189232036],[121.21208105779465,23.144182035372694],[121.2106408322087,23.148059849082813],[121.21248810983843,23.15493394484571],[121.19916992465232,23.17509195712819],[121.19825487346372,23.188442235520824],[121.18950428919163,23.203717182701894],[121.17562791999262,23.210186800280667],[121.16090955063532,23.205964149625856],[121.15470178146211,23.199147919840698],[121.14735186879375,23.19900705812927],[121.13936443032424,23.20191468951134],[121.12939541396725,23.223297963330367],[121.1233994971891,23.22508142686638],[121.10608773216313,23.223952608626064],[121.09310992778103,23.23372582278853],[121.07839526183193,23.23340530620999],[121.07845150633204,23.23758274614687],[121.07102494624439,23.24684978588897],[121.06922536146135,23.255174989034572],[121.06585843641778,23.257545592954784],[121.06241717611181,23.265840047380323],[121.06072051334104,23.273031274673656],[121.06206764470608,23.279407592986104],[121.0563153057069,23.290298658156587],[121.04306636382171,23.2963105271092],[121.03890117984565,23.30065261672496],[121.02832389353296,23.29712243415304],[121.03207499726341,23.303788873757583],[121.04628161460494,23.30867848502413],[121.04878142592213,23.325306554853682],[121.02699669204378,23.337622984313327],[121.0200457653998,23.350383493603374],[121.01519376647923,23.346341366560864],[121.01010373859674,23.345904113484096],[121.00757448977095,23.35202545690936],[121.00248352389553,23.355252687561517],[120.9870954357059,23.358731307503888],[120.98656502275765,23.363424672310828],[120.98795808070088,23.37057348577781],[120.99154914018072,23.371744357216357],[121.00009455941642,23.382372308635183],[121.0077178426044,23.384664978206217],[121.00113295891902,23.391745236353643],[121.00321118514819,23.394787954900266],[121.01464254142024,23.396582524164216],[121.01924186322151,23.40151657722828],[121.02174578623908,23.399967812464638],[121.02839266918636,23.403870701971357],[121.02708019229715,23.412780204542855],[121.0249109456837,23.414602802077695],[121.02774146289823,23.41625268391431],[121.02934231189829,23.42263055175863],[121.02253010657921,23.42490158633916],[121.02093743871194,23.429510216123617],[121.01415517272312,23.430934298878867],[121.01293308669267,23.433240786533133],[121.02203436789182,23.438996775880526],[121.02651946859862,23.439152926966074],[121.03364881623997,23.445507165123615],[121.04646473096261,23.45087207798406],[121.05181706860287,23.450802471357008],[121.05870145260997,23.46086751462417],[121.03889590712049,23.47408278499256],[121.05361207583667,23.487828819044807],[121.05409673937311,23.495603408670434],[121.06216701349695,23.499536416472495],[121.06613843853813,23.506310270202846],[121.0684576749818,23.518447461181438],[121.088105112461,23.514046085558448],[121.09185116020296,23.514516941803493],[121.09736263737591,23.521645784925113],[121.10367399945562,23.518930406113384],[121.11769789344305,23.521643151710123],[121.13526197496026,23.514961148438317],[121.1443992218467,23.525595366333164],[121.1510986036177,23.527046064524313],[121.14687601681476,23.534105652653807],[121.1510597717911,23.545175223357944],[121.14611671381533,23.55437020761906],[121.1518769335737,23.560473839795918],[121.1571428022985,23.559555825341135],[121.16034074383037,23.567828094391075],[121.16035161123796,23.569763973228817],[121.15214996594818,23.573159049750416],[121.15339176421855,23.58677836123246],[121.16674624874042,23.58714213160414],[121.17823809161473,23.582686124864836],[121.17972994997729,23.590032338621597],[121.18940898893379,23.594812086908348],[121.19396233829139,23.600499149516168],[121.20012531583075,23.59640199745428],[121.2062292960452,23.59578751318321],[121.21334933300534,23.60030521881083],[121.22079094954279,23.599472269429725],[121.24246627999491,23.61527706028818]]]}},{"type":"Feature","properties":{"district":"Magong City, Penghu County","constituency_code":"TW-10016010","township_code":"10016010","county":"Penghu County","township_name_zh":"馬公市"},"geometry":{"type":"MultiPolygon","coordinates":[[[[119.54115072722436,23.496033979784386],[119.54372267945814,23.493805933696933],[119.5285686533208,23.486595754090843],[119.5117280179337,23.482994821853595],[119.50902965519447,23.485057967351338],[119.51037320366049,23.49146257383876],[119.51713289756526,23.48651672256875],[119.51594254681117,23.48826344340324],[119.5181397713335,23.487775312081055],[119.52071826433644,23.492216214706616],[119.52931198795795,23.49584212111705],[119.53759271153444,23.498073505487923],[119.54115072722436,23.496033979784386]]],[[[119.5205166902931,23.515046755803212],[119.521805245216,23.51433811251394],[119.5218199860036,23.509692178851026],[119.51446244438637,23.50940060515387],[119.51605233604653,23.514648493733034],[119.51969039859307,23.512220899774775],[119.5205166902931,23.515046755803212]]],[[[119.53334194807246,23.541673078949486],[119.53263280296153,23.538713720361955],[119.53009891902991,23.5412326629571],[119.5328592135819,23.54196142857711],[119.53334194807246,23.541673078949486]]],[[[119.54163920658414,23.554241009215275],[119.54139162592287,23.554104166574064],[119.54124279711743,23.554237874178625],[119.5415145047906,23.55428659135316],[119.54163920658414,23.554241009215275]]],[[[119.54283169502673,23.55489602683025],[119.54321064955195,23.553407040002924],[119.54137528973786,23.552955178338834],[119.54184650481238,23.55433284258669],[119.54138537023869,23.55496879367496],[119.54283169502673,23.55489602683025]]],[[[119.59815677681388,23.58704887280726],[119.59709292649745,23.586055185798216],[119.59616815183881,23.586431214828735],[119.5970751909673,23.587007887104335],[119.59815677681388,23.58704887280726]]],[[[119.58417118675095,23.594190446731773],[119.58286167582571,23.59087695400825],[119.5861313257002,23.586656794475516],[119.58240383277075,23.583013781161128],[119.5857630398325,23.580387038630988],[119.58273965311253,23.579813734316417],[119.5866369353464,23.578279811963796],[119.58890903292559,23.580781481280383],[119.58560444259103,23.576037558386645],[119.58699241127078,23.571194639021428],[119.59411777401613,23.57481784476778],[119.59393060891057,23.570441388459358],[119.59727860682233,23.568986058759663],[119.59784534248865,23.574880312576397],[119.6021318324182,23.577069260637927],[119.59986357404478,23.576793606739614],[119.59873145349388,23.5769988796946],[119.59863110983792,23.57741914727586],[119.59779099016214,23.577408835649294],[119.5974854841678,23.576942724227365],[119.59774396641103,23.577503829238367],[119.59871546534646,23.577522664639332],[119.59938455735153,23.57695121472682],[119.59842870392163,23.582803874898957],[119.60610863720387,23.585318181488958],[119.60637901028315,23.581863268575034],[119.61173895348998,23.579912165114365],[119.6116044266031,23.56627115479],[119.60817912746484,23.562661382217073],[119.6093761988526,23.560575344476604],[119.61857240169502,23.557453178921094],[119.62356574616228,23.56029337823685],[119.62219638265697,23.555386683448717],[119.63482182007101,23.550850080366956],[119.63504660111983,23.54673160088271],[119.62914148619075,23.547629243894562],[119.62490214861532,23.544808742429552],[119.62550063664514,23.544316470628644],[119.62544035239046,23.542765851462946],[119.62479866632543,23.54247044845249],[119.62524954772846,23.544292648486987],[119.62406425026495,23.544640539529325],[119.62491374357444,23.543052406043728],[119.62086719996137,23.54206855941652],[119.62146274361078,23.538081805431034],[119.61428507899325,23.538006469223205],[119.61169558278493,23.532716226172965],[119.60537900193947,23.528332142714248],[119.60643187153369,23.522144890674213],[119.61176428829128,23.52195471463841],[119.61161369951265,23.518835514147725],[119.60551629424162,23.516398728218803],[119.60793847877778,23.512565167448543],[119.60742307011867,23.508004862734253],[119.5987265953562,23.511790422190302],[119.59756214777497,23.510268852925265],[119.59782288281986,23.514207107372158],[119.59706014081291,23.510636484086547],[119.59022330845903,23.512829677847378],[119.58429695783843,23.509203971985755],[119.5728473750064,23.50806583946695],[119.57070292000378,23.512234208841733],[119.57402853019255,23.51753153495241],[119.5721722179735,23.52247091470099],[119.56453852962954,23.52627550021424],[119.5569864115937,23.523465081948018],[119.55341106596802,23.53200201518092],[119.54829877356963,23.53404279813668],[119.54946922772274,23.53900505933609],[119.54391074298644,23.537198328540057],[119.54023873552933,23.5414867511127],[119.5423342485268,23.54824504297443],[119.54532901971857,23.546476009060598],[119.54844820312212,23.55413587217282],[119.54794345592586,23.551033648184386],[119.55186149361305,23.548414691085156],[119.54977915388486,23.540669959850845],[119.55137619605466,23.542723107585402],[119.55104465198917,23.5406496801387],[119.55681566091403,23.537994698896284],[119.55726292974043,23.53388227454741],[119.55454546719966,23.53117400307781],[119.55744114569234,23.526725486791804],[119.56132168344902,23.526955345412887],[119.56085523927788,23.530830834375536],[119.56462753013648,23.529832946633235],[119.56552341137638,23.534710331616566],[119.56777588754721,23.53121210105769],[119.571879878054,23.531984940652535],[119.57233820584361,23.527231293389548],[119.57445977669738,23.527898466241254],[119.57145250043266,23.525243458918567],[119.57450499101253,23.519645019102427],[119.58034158389705,23.523691319898546],[119.58048148872979,23.53144066285637],[119.5827275338487,23.532698708278815],[119.58640847247307,23.529145182004584],[119.59075122309048,23.532183100869474],[119.59254749746913,23.527902898999628],[119.59614293125139,23.526710787372963],[119.59978189491858,23.531087596215627],[119.59566475632346,23.53252333238595],[119.59724156194864,23.53280851100402],[119.59505199515354,23.538022539208896],[119.60309560617736,23.540273825576662],[119.6001149345567,23.54534651722804],[119.6041057273975,23.548344731923862],[119.59957076917567,23.55028110898604],[119.59440219180772,23.548431805183725],[119.59541735013067,23.550242897691646],[119.59119498905761,23.552857331200926],[119.59149636806296,23.551531067704673],[119.59108149641395,23.54979215838148],[119.59104757668433,23.55226870153939],[119.58849697345659,23.55000738952947],[119.5874976638861,23.551948055458467],[119.58662279350722,23.549655540570768],[119.58133592920979,23.549747631148307],[119.5732709970589,23.545305554907486],[119.57233196544792,23.54912860799891],[119.56864857167432,23.548415211792644],[119.56905276207533,23.5513010094341],[119.56459395214927,23.54784980712293],[119.56238214152268,23.550065598148876],[119.56555570153444,23.552659197963692],[119.56202682387891,23.552455266797153],[119.56188640103665,23.556941327979928],[119.57138119408694,23.552938155971162],[119.57571862161717,23.554865829394544],[119.57276419221375,23.55931938638065],[119.5762908836175,23.55701279800229],[119.57745021225753,23.558654174950277],[119.57235619947903,23.563147259838217],[119.57683401837528,23.560545942940962],[119.57660585947292,23.56374784688569],[119.5795454797402,23.56339604199377],[119.57482964087524,23.565194674394775],[119.57430108053052,23.56796876634553],[119.57187480947493,23.56515815742307],[119.56947895349094,23.565902876116866],[119.5712971740254,23.56509030087676],[119.56823747807721,23.562092330796474],[119.56900401612256,23.564660760385834],[119.55817637653865,23.56069754345691],[119.55573452922522,23.56324818175824],[119.55975918783633,23.564150270118944],[119.55994177539264,23.570356944817206],[119.56741771635461,23.57494472292069],[119.56167216184087,23.58506089444478],[119.57437028066397,23.584815799509613],[119.58417118675095,23.594190446731773]]],[[[119.5514553489852,23.59420851680966],[119.55142091304481,23.59454047995922],[119.55167368639161,23.59487368507257],[119.55170099610416,23.59452142602305],[119.5514553489852,23.59420851680966]]],[[[119.58901727083048,23.596393432311118],[119.58827066176173,23.594788979727696],[119.58753266550013,23.59490916152862],[119.58761507847316,23.595538671672386],[119.58901727083048,23.596393432311118]]],[[[119.56431216577391,23.60379026800649],[119.56429040038176,23.606359301040982],[119.56517809599245,23.60685270328969],[119.5658040502168,23.60557949259953],[119.56431216577391,23.60379026800649]]],[[[119.58372755568223,23.610942212013526],[119.58365851472877,23.611809323041882],[119.58439181113329,23.611989414979575],[119.58449176898,23.61146531527214],[119.58372755568223,23.610942212013526]]],[[[119.57734998011756,23.61070872732597],[119.57699154272552,23.61123378571068],[119.57774727271851,23.61248158605639],[119.57822766897186,23.611626489071284],[119.57734998011756,23.61070872732597]]]]}},{"type":"Feature","properties":{"district":"Huxi Township, Penghu County","constituency_code":"TW-10016020","township_code":"10016020","county":"Penghu County","township_name_zh":"湖西鄉"},"geometry":{"type":"MultiPolygon","coordinates":[[[[119.65983591239751,23.540050176774287],[119.66130942189238,23.540384783930676],[119.66150549838005,23.540056624913348],[119.66102935052413,23.539460431953444],[119.65983591239751,23.540050176774287]]],[[[119.65967689697129,23.54253176243094],[119.66005986517075,23.541812273317817],[119.65970726258013,23.541563197083917],[119.65902080736441,23.54175573294077],[119.65967689697129,23.54253176243094]]],[[[119.65948728660908,23.54292987341495],[119.65940033925426,23.544336620838408],[119.66096009013609,23.544709243237037],[119.66008655794838,23.543051488735273],[119.65948728660908,23.54292987341495]]],[[[119.68969268307092,23.547525913590107],[119.68992153894794,23.547567791420477],[119.690069836254,23.54683572978513],[119.68944130277396,23.54674596125716],[119.68969268307092,23.547525913590107]]],[[[119.68519479400459,23.547270365834777],[119.68556265898962,23.54926881590319],[119.68625332123383,23.548884271192208],[119.68634155731706,23.548017036057445],[119.68519479400459,23.547270365834777]]],[[[119.65971457047112,23.55608332798323],[119.66068214926179,23.55541891964748],[119.66059484217828,23.554971706579067],[119.65979556701188,23.55531090387518],[119.65971457047112,23.55608332798323]]],[[[119.6624442404094,23.557620164139337],[119.66287452194172,23.5572924340986],[119.66275353254957,23.556677570313695],[119.66248890164161,23.556760147862576],[119.6624442404094,23.557620164139337]]],[[[119.66090904821408,23.55877611942242],[119.66152119964374,23.559479290337038],[119.66223024852718,23.557992115643685],[119.66181381835315,23.557188467074127],[119.66090904821408,23.55877611942242]]],[[[119.66290588399943,23.55956377534801],[119.66362782556371,23.558691817873125],[119.66426049142865,23.557657448232703],[119.66410101734812,23.557178498089286],[119.66290588399943,23.55956377534801]]],[[[119.66511068351133,23.556893527214584],[119.66411385966694,23.559667111048384],[119.664890589729,23.559908020538785],[119.6654189531223,23.557679421368277],[119.66511068351133,23.556893527214584]]],[[[119.69091353972817,23.56125524633262],[119.69071348553894,23.563327853597627],[119.69213464639688,23.56389040561777],[119.6924409563851,23.561478115422744],[119.69091353972817,23.56125524633262]]],[[[119.68888249732947,23.56248041074241],[119.68961149857182,23.563095714295855],[119.68997818274704,23.562796109652766],[119.68916941883367,23.56220599071395],[119.68888249732947,23.56248041074241]]],[[[119.66612577348576,23.59548144870996],[119.6624337660055,23.594384359450657],[119.66200557539707,23.595758686314355],[119.66013908824834,23.595337736147656],[119.6621129364629,23.594394759210843],[119.65965475476321,23.593757360214056],[119.66020892869915,23.59161273164233],[119.66800629725287,23.591231701481888],[119.66916169855358,23.594892756095874],[119.66683473963155,23.595812498148348],[119.66987293189038,23.59657371490505],[119.66773721110349,23.596867345351768],[119.66814660228397,23.600678343031177],[119.67211539141226,23.601126242282305],[119.67291738612857,23.596515405561547],[119.6826481684783,23.583915010669273],[119.68260241277119,23.576407070929633],[119.68172168690637,23.57820106192952],[119.68083181133909,23.578279456731593],[119.68201860887177,23.57658796776053],[119.67998355639611,23.57466002633919],[119.68311432666485,23.56563692140685],[119.6870224376355,23.56204166838836],[119.69434542909835,23.560349945593543],[119.69273218024603,23.558526367797697],[119.69593604291413,23.553748920876046],[119.68829023440685,23.554688141344684],[119.67791527846737,23.5513655888509],[119.67542518522419,23.55236742191903],[119.67441281210165,23.557855107527246],[119.67192042468787,23.558071339620653],[119.67502617671676,23.558082698957435],[119.67586261276938,23.556440178071796],[119.67607200282077,23.559730613077363],[119.66813976563776,23.562060756498738],[119.66954410737469,23.55642916947062],[119.66658895761441,23.561383415012642],[119.6466372399168,23.56053541817505],[119.63943781170576,23.555709465419568],[119.63870022283709,23.55281621419698],[119.64095076456624,23.55171660683601],[119.63468080817279,23.551060599966775],[119.62219638265697,23.555386683448717],[119.62356574616228,23.56029337823685],[119.61857240169502,23.557453178921094],[119.6093761988526,23.560575344476604],[119.60817912746484,23.562661382217073],[119.6116044266031,23.56627115479],[119.61173895348998,23.579912165114365],[119.60601310312222,23.583183025476274],[119.60612470179365,23.59395503659573],[119.60770745283673,23.593705052945893],[119.60295542165545,23.600617717034083],[119.60580155110074,23.605563893858687],[119.61265565763256,23.605997541553336],[119.6132160899507,23.601988460099392],[119.61363333850784,23.604205834831475],[119.61686855693847,23.6038386353448],[119.61682266453442,23.601030617369133],[119.6217446477973,23.603126204111106],[119.6195042908904,23.606877905890713],[119.62529198044058,23.608985742298216],[119.62615025922719,23.606909990103986],[119.6309421528581,23.607405294418868],[119.63208471094072,23.604350900873442],[119.62795178654574,23.60396358355257],[119.62511453071113,23.600426391664712],[119.62789159312263,23.595688190257817],[119.62466117437373,23.59281626106167],[119.6239396509942,23.587087536460672],[119.6273471786294,23.583834400836963],[119.62426583420097,23.580379385400363],[119.62882240493013,23.580263954717793],[119.63432500309648,23.589837911490463],[119.63169099044694,23.593936831619544],[119.63737765915175,23.598988250707237],[119.64138931536468,23.59864666930838],[119.63770864204025,23.591505841821174],[119.64136217112741,23.58883606673112],[119.64022074259321,23.586684930665058],[119.64460182321568,23.589098093202495],[119.64185388534861,23.59034877047941],[119.64349876965252,23.594831962824856],[119.64460643224106,23.59468290019572],[119.64568152857976,23.594761961395477],[119.64787672872808,23.593858900867644],[119.64843974749647,23.59391072969646],[119.64587616255494,23.594804043371937],[119.64359959894239,23.595102434829528],[119.6468739162982,23.596781889072986],[119.648136905294,23.60263005083624],[119.64645899428717,23.602648334053413],[119.65008278279424,23.603800275662252],[119.65082534041721,23.60758507429182],[119.64655423698855,23.60677220497331],[119.65141799454489,23.609842249420353],[119.65729596433732,23.60623271696636],[119.65441532250918,23.600474981135505],[119.65533224518708,23.598536524840824],[119.6553324241521,23.600051233177908],[119.66237392241862,23.59636887002739],[119.66276763661722,23.594775721022756],[119.66612577348576,23.59548144870996]]],[[[119.6894334750749,23.598610085786902],[119.69017593736964,23.5982478631484],[119.69104698383126,23.597882805846837],[119.69043785322435,23.596515273361206],[119.6894334750749,23.598610085786902]]],[[[119.67791791887691,23.598272497377877],[119.67842898560923,23.598814300239837],[119.67883359059783,23.598480693129545],[119.67933470273442,23.598277594735237],[119.67791791887691,23.598272497377877]]],[[[119.6752055761765,23.598376864600652],[119.6748707037201,23.59941446730386],[119.67570616490764,23.60004290905306],[119.67626491189628,23.599433236154994],[119.6752055761765,23.598376864600652]]],[[[119.67441799129733,23.605312772566435],[119.6771166319271,23.604718621067548],[119.67730002887333,23.604058660778605],[119.67644658933864,23.602617641990662],[119.67291076801757,23.602000928300242],[119.67195604953213,23.604829074002623],[119.67441799129733,23.605312772566435]],[[119.67493278122299,23.60245040676091],[119.67468714129859,23.602796857089345],[119.67430611383611,23.602775937959223],[119.67390285873,23.602838637792956],[119.67493278122299,23.60245040676091]]],[[[119.69293068760123,23.62294733215373],[119.69286828094653,23.622902461379567],[119.69280756681587,23.622945623441808],[119.6929240586984,23.623026369071738],[119.69293068760123,23.62294733215373]]],[[[119.68335132770164,23.626928952808953],[119.68608045355018,23.627761178235858],[119.68708682459737,23.62611786145021],[119.683853181779,23.625317223810896],[119.68335132770164,23.626928952808953]]],[[[119.66212219948,23.629039090581614],[119.65857302052859,23.63022804288994],[119.65990781049709,23.631649053561034],[119.66216646141311,23.629862855186673],[119.66212219948,23.629039090581614]]],[[[119.72698610242674,23.53434581480758],[119.723988700718,23.534903827050016],[119.72558948316816,23.53610408203781],[119.72619351641777,23.536029026418475],[119.72698610242674,23.53434581480758]]],[[[119.69730909453915,23.53836751554843],[119.6969060291899,23.540633506731012],[119.6981768593746,23.540589438152097],[119.69948256077157,23.538922121159032],[119.69730909453915,23.53836751554843]]],[[[119.70681115770878,23.554110759504],[119.70693365076738,23.55412149021464],[119.70704996188624,23.554120963211915],[119.70688646064173,23.553997545650248],[119.70681115770878,23.554110759504]]],[[[119.70652384140226,23.554816376574593],[119.70660496924404,23.554761830893824],[119.70647596239576,23.55456376420642],[119.70628417747287,23.554645901087497],[119.70652384140226,23.554816376574593]]],[[[119.69545833833172,23.5554531496432],[119.69685276864038,23.55560267362455],[119.69699887429863,23.555389821183326],[119.69689529937864,23.554033576988047],[119.69545833833172,23.5554531496432]]],[[[119.70610445155921,23.55646844646168],[119.70613407612677,23.556685023894772],[119.70642075031742,23.556774019905163],[119.70677220717164,23.55667084068682],[119.70610445155921,23.55646844646168]]],[[[119.69406892803863,23.55730591943268],[119.69446620894848,23.55782335336511],[119.69554207240878,23.557809519993384],[119.69604953465841,23.556987806741915],[119.69406892803863,23.55730591943268]]],[[[119.72329543853368,23.55867621823296],[119.72534469490176,23.558718595187088],[119.7250454481889,23.557178187823183],[119.72274691323946,23.557669710488824],[119.72329543853368,23.55867621823296]]],[[[119.6937023104133,23.563903737167777],[119.69344812872816,23.564814611005545],[119.69381502694205,23.564440501128274],[119.69459461055294,23.56424965329893],[119.6937023104133,23.563903737167777]]],[[[119.69994133822229,23.615044350816163],[119.70000716050208,23.61550230538711],[119.70065629025567,23.615544526758526],[119.70052159699412,23.615150090404427],[119.69994133822229,23.615044350816163]]],[[[119.70140427438787,23.616209337091277],[119.70135584409695,23.6160853997215],[119.70112296914976,23.615944234938524],[119.70087671948511,23.616225263185413],[119.70140427438787,23.616209337091277]]],[[[119.69975850784897,23.615677246008147],[119.6976372094897,23.616077320212185],[119.69873166913123,23.61728687508929],[119.69979734866877,23.615898295769796],[119.69975850784897,23.615677246008147]]],[[[119.70168961848117,23.61728933833234],[119.70253528697401,23.617547370914508],[119.70286369420421,23.616651960019965],[119.70166857254662,23.61667316693314],[119.70168961848117,23.61728933833234]]],[[[119.69758801567446,23.618411683252646],[119.69800002028478,23.61918411635395],[119.69845363922411,23.618274605888416],[119.69821751772429,23.617925770557918],[119.69758801567446,23.618411683252646]]],[[[119.69980360974887,23.617020189230402],[119.69860408590989,23.618463549853004],[119.69983532164281,23.62033614879431],[119.70125875059091,23.61964799565851],[119.69980360974887,23.617020189230402]]],[[[119.69530519008254,23.618911779155326],[119.69526351819684,23.61948760157162],[119.69641036784424,23.620351553281637],[119.69624658691055,23.619261969764125],[119.69530519008254,23.618911779155326]]],[[[119.69418804234431,23.619961952582116],[119.6941941838146,23.619790362835033],[119.69411048301242,23.619713984312966],[119.69394590797731,23.61974858213142],[119.69418804234431,23.619961952582116]]],[[[119.70904055997391,23.62685433785748],[119.70985880993624,23.627182433922258],[119.70985973983522,23.6269002563418],[119.7092874535532,23.626408504349058],[119.70904055997391,23.62685433785748]]],[[[119.6965686593162,23.641245240675346],[119.69611199976907,23.640901910095124],[119.69579360738908,23.641104245864312],[119.696383435847,23.642013583660002],[119.6965686593162,23.641245240675346]]]]}},{"type":"Feature","properties":{"district":"Baisha Township, Penghu County","constituency_code":"TW-10016030","township_code":"10016030","county":"Penghu County","township_name_zh":"白沙鄉"},"geometry":{"type":"MultiPolygon","coordinates":[[[[119.6146419983296,23.60703488435246],[119.61402911575112,23.606872513555686],[119.61387331719993,23.606952136831694],[119.61435490505494,23.607722266769258],[119.6146419983296,23.60703488435246]]],[[[119.5991133523994,23.60813624719009],[119.59866928785743,23.60772034132077],[119.59834009461974,23.608055709303585],[119.59878862609423,23.608173620316393],[119.5991133523994,23.60813624719009]]],[[[119.57082752826784,23.61774216586832],[119.56772541129874,23.616561626717726],[119.5651864426003,23.619216597168247],[119.5686012538448,23.62266023618099],[119.57082752826784,23.61774216586832]]],[[[119.55771536786995,23.628345572989872],[119.55733639535845,23.628245352541057],[119.5573106684526,23.6286066335893],[119.55767724920577,23.62852856254318],[119.55771536786995,23.628345572989872]]],[[[119.55886615654799,23.62996451634939],[119.55918201373902,23.629985951690344],[119.55936555997266,23.629718914196587],[119.55884439115584,23.629598893374293],[119.55886615654799,23.62996451634939]]],[[[119.617505198706,23.630033470068668],[119.61732842436732,23.63008609659613],[119.61733696882607,23.630406614973367],[119.61753459214776,23.630292957753852],[119.617505198706,23.630033470068668]]],[[[119.55426725383074,23.63114585949387],[119.55429585856712,23.630883895975046],[119.55338332458086,23.631214484061218],[119.55402272726712,23.63140859553033],[119.55426725383074,23.63114585949387]]],[[[119.60838844377167,23.637311324558027],[119.60803910751883,23.637475229598238],[119.60803408750314,23.63771453559741],[119.60842605341975,23.63743082197493],[119.60838844377167,23.637311324558027]]],[[[119.60510990679677,23.638911132143107],[119.60526234638019,23.638890220207543],[119.60480612750086,23.63885813959149],[119.60502195759727,23.63896791084045],[119.60510990679677,23.638911132143107]]],[[[119.58833029940388,23.640689030674253],[119.5879610926304,23.639493989056405],[119.58725450069471,23.639566641687225],[119.58734840070815,23.640774013010343],[119.58833029940388,23.640689030674253]]],[[[119.6313515764142,23.640910205441685],[119.63167276928289,23.64086225718745],[119.6312538219064,23.64079454093536],[119.63102445971106,23.641010304481995],[119.6313515764142,23.640910205441685]]],[[[119.62999220257814,23.641237686370175],[119.63067401909075,23.64105110672324],[119.63073839885806,23.640840640183455],[119.6299156549835,23.640657930319264],[119.62999220257814,23.641237686370175]]],[[[119.63048219549694,23.64241367944777],[119.63043893181134,23.642168496379043],[119.6303675571171,23.642159424917566],[119.63034874779657,23.64238211234465],[119.63048219549694,23.64241367944777]]],[[[119.54408592552511,23.64758776336464],[119.5436356430705,23.647665921645],[119.54354153621296,23.648106334040108],[119.54420745451046,23.648018419014875],[119.54408592552511,23.64758776336464]]],[[[119.58185052488193,23.64896652748331],[119.58187234513264,23.648359200916445],[119.58110261899071,23.648851941264127],[119.58113697848887,23.648933079897745],[119.58185052488193,23.64896652748331]]],[[[119.54520029435821,23.64873858082092],[119.54502794828124,23.648913010626984],[119.54532148250053,23.64915577811672],[119.54537203698999,23.64893662952187],[119.54520029435821,23.64873858082092]]],[[[119.54448864733331,23.64857177996373],[119.54382718337786,23.649506424681817],[119.54468246922067,23.650110662976772],[119.54495734970203,23.649396350361314],[119.54448864733331,23.64857177996373]]],[[[119.54552910718257,23.649807442159783],[119.54497151402427,23.64985907043979],[119.54532888751817,23.650501179186108],[119.5456088662562,23.65042795548578],[119.54552910718257,23.649807442159783]]],[[[119.63444991083475,23.651475932768108],[119.6368701042719,23.65045695322584],[119.63397464701245,23.64292231980926],[119.63310552869723,23.6465196583556],[119.63065929359163,23.64465146609234],[119.6296692209578,23.646294366491873],[119.63180028595445,23.647653683670626],[119.63009902405076,23.64726556235587],[119.62988387114376,23.646663709962297],[119.62954839973895,23.646777941848597],[119.63444991083475,23.651475932768108]]],[[[119.54753080200499,23.652145845854136],[119.54738900409927,23.65215311957087],[119.54740140125375,23.652261433018793],[119.54751907574484,23.652272304023654],[119.54753080200499,23.652145845854136]]],[[[119.5497065893876,23.653020789078198],[119.54940435782487,23.653121191190053],[119.5493895199105,23.65323637365975],[119.5497241675364,23.653122312644655],[119.5497065893876,23.653020789078198]]],[[[119.54909930059227,23.653499265278924],[119.54927267999028,23.65335191765695],[119.54882620886247,23.65353635152144],[119.54894990251603,23.653594606905642],[119.54909930059227,23.653499265278924]]],[[[119.54918342137785,23.65391207748047],[119.54898651751387,23.65385408200035],[119.54897149433907,23.653998612046337],[119.54930704488424,23.65410126426201],[119.54918342137785,23.65391207748047]]],[[[119.54807795223576,23.65444423601275],[119.54886614685529,23.653784529332597],[119.54774305549768,23.653318961101206],[119.54749120755321,23.65389775577688],[119.54807795223576,23.65444423601275]]],[[[119.64145036584182,23.66036837520039],[119.64215759179945,23.660408338374168],[119.64542695658884,23.659995198819445],[119.63824541679264,23.658090345692926],[119.64145036584182,23.66036837520039]]],[[[119.54869115137558,23.66383522931244],[119.54896902390135,23.663617532223384],[119.54913362052025,23.6629780971615],[119.54828769841856,23.66376442029184],[119.54869115137558,23.66383522931244]]],[[[119.55492208888336,23.668713886836485],[119.5546253099102,23.668879740707496],[119.5546579885754,23.669073764942368],[119.55496013290383,23.66909073964598],[119.55492208888336,23.668713886836485]]],[[[119.55446871455956,23.669087985921863],[119.55419898719356,23.669276319246762],[119.55440063947799,23.66958260585261],[119.55447333347763,23.66953042538887],[119.55446871455956,23.669087985921863]]],[[[119.66431817304533,23.669568005359224],[119.66736320374889,23.668627138231898],[119.6652825943163,23.663455362874743],[119.66568256509834,23.660467114465803],[119.66768592906249,23.66051041952028],[119.66418427748249,23.658710514578615],[119.66173961349239,23.658504255966704],[119.65989456887928,23.65874914585646],[119.65746178133622,23.659508937187752],[119.65730025500284,23.659123606469336],[119.65408167762735,23.65680307859924],[119.65713934380574,23.659720241895684],[119.6592225028163,23.659061266364404],[119.65845535143342,23.66094042226274],[119.6547489377134,23.660509161368736],[119.66183768096425,23.66350396673471],[119.66431817304533,23.669568005359224]]],[[[119.61232136973547,23.67061059660182],[119.61222399833889,23.67062226890266],[119.61208146478782,23.671133007382423],[119.61229188276423,23.67105542197021],[119.61232136973547,23.67061059660182]]],[[[119.64346322754602,23.673926974350422],[119.6433412776779,23.67361144631127],[119.64244749815362,23.67346616623064],[119.64248804049078,23.67380009349955],[119.64346322754602,23.673926974350422]]],[[[119.64510425465767,23.675258785764413],[119.64386716793547,23.67514428857811],[119.64360115746751,23.675441114316016],[119.64465136147123,23.67574375237234],[119.64510425465767,23.675258785764413]]],[[[119.61892905303341,23.675370057082546],[119.61949168958984,23.673512225009233],[119.61839246174281,23.67299741260058],[119.6167976867639,23.66905105166478],[119.6142129551638,23.665248547182784],[119.61649372670422,23.668648184166443],[119.61847324334553,23.673301839408396],[119.6165008547307,23.673241974237783],[119.61590436949109,23.668533139293004],[119.6162355799081,23.674035378629867],[119.61892905303341,23.675370057082546]]],[[[119.6710021818053,23.676139819197374],[119.67271689756683,23.674452883493814],[119.6685908206099,23.673452663809428],[119.66962939817824,23.675073499342545],[119.6710021818053,23.676139819197374]]],[[[119.55623387779133,23.676610166426087],[119.55686306777636,23.675425014652774],[119.55634166963239,23.673406493514904],[119.55407383753766,23.675502742157903],[119.55623387779133,23.676610166426087]]],[[[119.58429524732787,23.676570075548625],[119.5908967990481,23.67177054757275],[119.59987261672791,23.67376320690653],[119.60002117483737,23.67117331139923],[119.60548671014362,23.668253555357353],[119.60358358101746,23.668902061880715],[119.60510172206693,23.667200827855993],[119.60326283960842,23.66769105369923],[119.6029138747756,23.66447560326651],[119.60457588846657,23.66636536576908],[119.60406796306609,23.664035456171405],[119.60983609595917,23.663586300567374],[119.60638457259006,23.659473284464582],[119.60943689679539,23.65465308916879],[119.61361011891188,23.652914249992705],[119.61108582804854,23.647398107137008],[119.60898599200993,23.649365790498905],[119.60964250519748,23.647796576051178],[119.60374765872757,23.64949011097991],[119.60075515112942,23.64805926262494],[119.60243906061419,23.641736560094216],[119.59739816988974,23.639611495374254],[119.60085288045616,23.63517357759855],[119.60302603822117,23.63740226220466],[119.60076233401458,23.634794677932064],[119.60252097266482,23.633645594368716],[119.60686603453996,23.636612975808248],[119.61035189132679,23.635691807431044],[119.6095387378225,23.63264974538947],[119.60417736559305,23.63164809758166],[119.60233735448537,23.628519677241343],[119.60471338401555,23.625119774058362],[119.60603126762896,23.6208097021061],[119.60717121587902,23.622356106149425],[119.61348368862139,23.62006707163812],[119.61373975168829,23.61403645631748],[119.60987800796374,23.61056842948949],[119.61265565763256,23.605997541553336],[119.60964496304462,23.610368428360346],[119.6043548243158,23.609066271191523],[119.5973176886605,23.615901974896303],[119.60546716068097,23.620078236721326],[119.60453000235782,23.625000845013062],[119.60000476131074,23.620370353608962],[119.59555410463827,23.624649522157767],[119.58851202630899,23.62266727337601],[119.59070566613366,23.629559902367646],[119.59579837759316,23.635468466196812],[119.59411596637881,23.641183976159596],[119.58789544571835,23.64406776831288],[119.58851663443522,23.647151293597346],[119.58242336604553,23.652641705950032],[119.58323756995799,23.655473955258856],[119.57941693064686,23.656352864493158],[119.58270365954627,23.658035862964766],[119.58102689157784,23.661809797783974],[119.57104279988539,23.662228407914768],[119.56740253040255,23.659873708504904],[119.56326441062413,23.651389544791698],[119.55863667474284,23.655625465842604],[119.55832346965246,23.655231543001378],[119.55704996758197,23.655432535183422],[119.55677282800366,23.65451023905632],[119.55596519993412,23.6543325528051],[119.55629421690469,23.655789675753],[119.55808886800696,23.65531591739574],[119.55809242572491,23.655722243686625],[119.55448152180486,23.65751184239764],[119.55604144445715,23.655488087205526],[119.55398576153368,23.656976349179217],[119.54487851693011,23.646554525071338],[119.55339950698169,23.656775279655506],[119.55131462666873,23.658033346661682],[119.55399597243627,23.657511326186807],[119.55215794253513,23.659484123993195],[119.55014691274994,23.65760633686301],[119.55207239182744,23.660267756351914],[119.55085570082997,23.662780097023926],[119.5551928468725,23.66855263749426],[119.5686096984789,23.67208203495801],[119.56966457985652,23.6718117814886],[119.56959844731057,23.670900022717944],[119.56974379124301,23.67036221824185],[119.57024737022005,23.670272325607414],[119.57037296234239,23.672321614351063],[119.56823761837143,23.67247393612331],[119.5704214133176,23.672402703521982],[119.5712338977263,23.671553173340328],[119.57871673828686,23.6762434022113],[119.58429524732787,23.676570075548625]]],[[[119.65708571003756,23.67864871006998],[119.65697871229781,23.678450514779456],[119.65813785567752,23.67620852110639],[119.65669222426675,23.6785691128743],[119.65708571003756,23.67864871006998]]],[[[119.6641780011139,23.682379289472692],[119.6647077467652,23.682620816797282],[119.66438797032868,23.681549928386517],[119.66350355004886,23.681998422089578],[119.6641780011139,23.682379289472692]]],[[[119.66684265546428,23.68285769732495],[119.66944898877989,23.677546118758414],[119.66803472392348,23.676035260418985],[119.66472522239121,23.67753936484985],[119.66684265546428,23.68285769732495]]],[[[119.66810173510703,23.68300352149538],[119.66805719618276,23.682800549006174],[119.6676624495625,23.68374132080538],[119.66804404449715,23.683527482707234],[119.66810173510703,23.68300352149538]]],[[[119.65437439256425,23.684400721715974],[119.65423147590195,23.68449613528844],[119.65443915364403,23.684669076716546],[119.65445479375376,23.684610320410002],[119.65437439256425,23.684400721715974]]],[[[119.65411760104655,23.684516933010116],[119.65401413224652,23.684535428467314],[119.65421663349093,23.684715165172804],[119.65422730484636,23.68464288306268],[119.65411760104655,23.684516933010116]]],[[[119.65481027237627,23.68462236323154],[119.65480352566226,23.68480523857096],[119.65495738797313,23.684815875752122],[119.65496229287555,23.684754906213982],[119.65481027237627,23.68462236323154]]],[[[119.65525824267377,23.684749141559678],[119.65518551809726,23.68466592459282],[119.65510537950968,23.68469335211654],[119.65518863065085,23.684860045954395],[119.65525824267377,23.684749141559678]]],[[[119.65596279674571,23.684840971333813],[119.65582840205911,23.68492506334104],[119.65601460489017,23.68509132010837],[119.65604774041094,23.685039261053078],[119.65596279674571,23.684840971333813]]],[[[119.65416782728346,23.685004315197034],[119.65403824307054,23.68507032813318],[119.65422283971236,23.68528399895746],[119.6542343798128,23.68526363380971],[119.65416782728346,23.685004315197034]]],[[[119.65470486193988,23.685234559627247],[119.65445311292092,23.684887986091724],[119.65433348510237,23.684922349187104],[119.65447125674314,23.68520845770422],[119.65470486193988,23.685234559627247]]],[[[119.62374272824434,23.685290085569022],[119.62419542537862,23.684933851516064],[119.62270913022223,23.684942092004007],[119.62331753597562,23.685244394613164],[119.62374272824434,23.685290085569022]]],[[[119.65528656142578,23.68514406264842],[119.65553304671278,23.685172367011205],[119.6548624798196,23.685014926297868],[119.6552539987731,23.685311246616777],[119.65528656142578,23.68514406264842]]],[[[119.62134288196853,23.6863629677768],[119.62191079394802,23.686006275968907],[119.62140882475751,23.685405565714348],[119.6208070380145,23.68611454445073],[119.62134288196853,23.6863629677768]]],[[[119.6700146065889,23.687882492882807],[119.66982857193113,23.68823318980992],[119.66996658548965,23.688379325145775],[119.67018954810919,23.688179708926498],[119.6700146065889,23.687882492882807]]],[[[119.65461214543427,23.688824189185027],[119.65501704360179,23.68885182625081],[119.65510025247477,23.68876343548419],[119.65488847382403,23.688506989306177],[119.65461214543427,23.688824189185027]]],[[[119.65188051677251,23.689867329913397],[119.65245870980164,23.689004833306456],[119.65164732166659,23.688443900965297],[119.65066807776964,23.689870169972437],[119.65188051677251,23.689867329913397]]],[[[119.67258179061719,23.68970661926511],[119.67233937656101,23.68975733293462],[119.67240355937679,23.690204015403026],[119.67256578898002,23.68993242644035],[119.67258179061719,23.68970661926511]]],[[[119.6723678967611,23.69035992996686],[119.67231717140044,23.69038723788077],[119.67230917552808,23.69044144901369],[119.67233977136345,23.690432287620013],[119.6723678967611,23.69035992996686]]],[[[119.67221297864614,23.69044412449682],[119.6721960794855,23.690435169047873],[119.67213153963894,23.69051671417509],[119.67218539643898,23.690502936561302],[119.67221297864614,23.69044412449682]]],[[[119.5581150355805,23.689818333049686],[119.55832977479929,23.68829154591816],[119.55812422395388,23.688086862918453],[119.55659280711245,23.689460366902438],[119.5581150355805,23.689818333049686]]],[[[119.67074475626555,23.690640105656428],[119.67260322505888,23.688866782875778],[119.67107211488621,23.68430900075981],[119.67206862037062,23.68361392554226],[119.67215558930911,23.682527746858057],[119.67158074355655,23.68191622765181],[119.66956161987287,23.68743748764996],[119.6714558861803,23.688535407882796],[119.67074475626555,23.690640105656428]]],[[[119.59567415693687,23.690425587670802],[119.59652232194765,23.69063225907155],[119.5969300107115,23.690330451089494],[119.59538961683745,23.6901806240366],[119.59484177862521,23.69106537526693],[119.59567415693687,23.690425587670802]]],[[[119.67057556950704,23.691530244725072],[119.67083360388779,23.691596848515815],[119.6708136955956,23.690759448389883],[119.67030092284938,23.691269577129333],[119.67057556950704,23.691530244725072]]],[[[119.55798597387366,23.691534433767174],[119.5578254781633,23.69090067792399],[119.55664037135614,23.691139711428605],[119.55770821825968,23.69243839631497],[119.55798597387366,23.691534433767174]]],[[[119.5596242607511,23.69309064941399],[119.55955973079699,23.693047992770687],[119.55943623229632,23.69318839852582],[119.55959961752842,23.693203607860255],[119.5596242607511,23.69309064941399]]],[[[119.65183748960851,23.693790848069227],[119.65328056154874,23.692159451797295],[119.6526412389021,23.690712904876705],[119.64956074163501,23.69315705535388],[119.65183748960851,23.693790848069227]]],[[[119.67103194396907,23.69377435989884],[119.6705624007343,23.692911818325797],[119.66961696864826,23.69294299512319],[119.67024581149508,23.693619745754688],[119.67103194396907,23.69377435989884]]],[[[119.55967952049355,23.69347420936731],[119.55927167434834,23.69397682606973],[119.55945981971502,23.69426509655699],[119.55989247096079,23.69404682030455],[119.55967952049355,23.69347420936731]]],[[[119.5942233166528,23.694422249487275],[119.59534625602498,23.693591725577733],[119.594934118315,23.691157573763064],[119.59347307881956,23.694328058992767],[119.5942233166528,23.694422249487275]]],[[[119.5637998633731,23.69538483254405],[119.56502626614929,23.69526523530243],[119.56560527036697,23.69381160891868],[119.56484667963059,23.693622498579487],[119.5637998633731,23.69538483254405]]],[[[119.59330564034303,23.695992404625827],[119.59364207492183,23.6959888594983],[119.59357560333149,23.694910075939276],[119.59279418240567,23.696256223446028],[119.59330564034303,23.695992404625827]]],[[[119.60363041770972,23.706404223775962],[119.6037585036521,23.706202816107123],[119.603298730652,23.706380685820022],[119.60342439741805,23.706452432833544],[119.60363041770972,23.706404223775962]]],[[[119.61908453862065,23.708600565163977],[119.61884789461476,23.70826290301062],[119.61794493840819,23.708751848219265],[119.6186374658464,23.709193788562516],[119.61908453862065,23.708600565163977]]],[[[119.60951088042282,23.710430934639987],[119.6083702864596,23.710175823055863],[119.6081643363151,23.71030530654474],[119.60880699094992,23.710440479144836],[119.60951088042282,23.710430934639987]]],[[[119.55205194484142,23.71024929406974],[119.55143583819347,23.71029212338283],[119.55130959496194,23.710588293515002],[119.55155642109207,23.71069125689604],[119.55205194484142,23.71024929406974]]],[[[119.58860029746586,23.7105593029695],[119.58899880595015,23.710038585612267],[119.58807909987058,23.709759909092554],[119.58847255146713,23.71070651929051],[119.58860029746586,23.7105593029695]]],[[[119.61177391193655,23.71105407488568],[119.61257711264375,23.711245030633734],[119.6126967944216,23.710100061468722],[119.60954035480358,23.708927397681293],[119.61177391193655,23.71105407488568]]],[[[119.56590872141044,23.712298639470703],[119.56760771882125,23.712432374954176],[119.56683500782935,23.71049158491877],[119.56581337708576,23.71115448329283],[119.56590872141044,23.712298639470703]]],[[[119.61035797703903,23.71300779267557],[119.61020348250474,23.71253886457697],[119.6098241754454,23.71282253323335],[119.61004678463144,23.713045137922848],[119.61035797703903,23.71300779267557]]],[[[119.61021330669882,23.713529819445682],[119.60996317466083,23.713056755365017],[119.609596815141,23.713159779899968],[119.6097716757223,23.713527046835793],[119.61021330669882,23.713529819445682]]],[[[119.60950675253468,23.71343102172432],[119.60934042921747,23.7134497366161],[119.60930981809372,23.713655279367686],[119.60953292460488,23.713588937279667],[119.60950675253468,23.71343102172432]]],[[[119.60966793532702,23.71066057022921],[119.6069709485505,23.7114206268605],[119.60878222182214,23.71368444438167],[119.61018669216219,23.711170951678127],[119.60966793532702,23.71066057022921]]],[[[119.61336765359442,23.715409038296514],[119.61305900626814,23.714353804384643],[119.61251215551158,23.714132488423672],[119.61245712419702,23.714816693535624],[119.61336765359442,23.715409038296514]]],[[[119.61265324475153,23.715664695769135],[119.612200803924,23.715120199437706],[119.61170676135805,23.715444959917022],[119.61225684877456,23.715833314156157],[119.61265324475153,23.715664695769135]]],[[[119.61118253574546,23.716264206328106],[119.6119120442055,23.715893369083744],[119.61145239531186,23.715445965359038],[119.61056701905272,23.716237289619244],[119.61118253574546,23.716264206328106]]],[[[119.56619895331914,23.716699508775378],[119.56569022572342,23.716988058951813],[119.56567303608176,23.71740799917984],[119.56601479374774,23.717203582379454],[119.56619895331914,23.716699508775378]]],[[[119.5654560170816,23.717399761389913],[119.5652172290919,23.71767378032075],[119.56520682303653,23.717890529524368],[119.5655252370002,23.717602674523846],[119.5654560170816,23.717399761389913]]],[[[119.55213206903977,23.720833980004215],[119.55895610583968,23.719944894941023],[119.55674017272088,23.715164932615608],[119.5586134308652,23.710948123057506],[119.55531563850593,23.708637119907223],[119.55319354604535,23.71156805901876],[119.55623665309918,23.71711713684641],[119.55102287040916,23.71900266444146],[119.55213206903977,23.720833980004215]]],[[[119.55163599040873,23.722682305344165],[119.55117597459162,23.72276069744828],[119.5510291242947,23.722968902193145],[119.55131404390806,23.723087529066277],[119.55163599040873,23.722682305344165]]],[[[119.6090985790363,23.73156169681488],[119.60844200469478,23.73208121897312],[119.60901978313655,23.732742617278006],[119.60933598296936,23.732256033689055],[119.6090985790363,23.73156169681488]]],[[[119.61006650586467,23.731293767193677],[119.6089488167346,23.731192073655336],[119.60986081022827,23.73135326903821],[119.60952048518232,23.733898679580477],[119.61006650586467,23.731293767193677]]],[[[119.61341841942453,23.732921623734],[119.6124686184321,23.732543891387536],[119.61243910268252,23.734031621861902],[119.61267983590574,23.734057757959192],[119.61341841942453,23.732921623734]]],[[[119.61218165915636,23.733840764139984],[119.61155781024479,23.733360152948762],[119.61070462791633,23.73319421993733],[119.61033417558178,23.733416906465095],[119.61218165915636,23.733840764139984]]],[[[119.6119598332798,23.736417315506742],[119.61217411114637,23.736093662092856],[119.61148413058822,23.73530405104117],[119.61104262012088,23.735145521248853],[119.6119598332798,23.736417315506742]]],[[[119.60918628541879,23.736906831784893],[119.61027871079398,23.73795672192523],[119.61070580782678,23.737718010377932],[119.60920800044892,23.736699065909193],[119.60865064740949,23.737534236615772],[119.60889687908775,23.738081810427275],[119.60918628541879,23.736906831784893]]],[[[119.62484393909654,23.748293798420093],[119.62447639876689,23.74829528499947],[119.62444505649421,23.748408279418584],[119.62474988979568,23.748499601975084],[119.62484393909654,23.748293798420093]]],[[[119.62514992532886,23.748626655495798],[119.62520814923676,23.748430028622977],[119.62493516272764,23.748331805568398],[119.62485469588762,23.748621076101813],[119.62514992532886,23.748626655495798]]],[[[119.62484639874242,23.748745266181118],[119.62476001796051,23.748759159807435],[119.62467493669908,23.748980725779916],[119.62496033475168,23.74885315964565],[119.62484639874242,23.748745266181118]]],[[[119.62477970322084,23.74902996546058],[119.62466607567887,23.749050740699147],[119.6246855451019,23.74927639858697],[119.62484822076885,23.749126755895134],[119.62477970322084,23.74902996546058]]],[[[119.62451870647317,23.748617920380752],[119.62417522840417,23.748908250315537],[119.62453568747208,23.749286034822717],[119.624638820825,23.748992158861085],[119.62451870647317,23.748617920380752]]],[[[119.62552924228078,23.74942197634317],[119.62558651020936,23.749281788223982],[119.6252904866667,23.749045959903185],[119.62513420158223,23.749378426673104],[119.62552924228078,23.74942197634317]]],[[[119.62482233468302,23.750190084604753],[119.62428015410592,23.74982657863376],[119.62413632553103,23.75013642115897],[119.62472425552005,23.750515542958],[119.62482233468302,23.750190084604753]]],[[[119.62465580092453,23.75075284526764],[119.62454894257974,23.750843572472945],[119.62477291064135,23.751075177577434],[119.62481814384228,23.750982442186],[119.62465580092453,23.75075284526764]]],[[[119.6242231838529,23.75099387436785],[119.62409934990512,23.750996631689247],[119.62404757593492,23.751389623732223],[119.62431515482058,23.7511876369],[119.6242231838529,23.75099387436785]]],[[[119.62458457102116,23.751371654378374],[119.6243443216332,23.751262012631855],[119.624143133399,23.7514998500381],[119.6245032866974,23.751683501492437],[119.62458457102116,23.751371654378374]]],[[[119.62470490300893,23.75147049346856],[119.62463563003041,23.75166490800916],[119.62499964681626,23.751758246845668],[119.62498277823272,23.75169284994513],[119.62470490300893,23.75147049346856]]],[[[119.62420990716157,23.751616963352205],[119.62407428939696,23.75178455741144],[119.62446719690365,23.75189358132377],[119.6243548167215,23.75172699090797],[119.62420990716157,23.751616963352205]]],[[[119.62491812776943,23.752020431597714],[119.62519048745105,23.7519854695538],[119.624855322715,23.751835579548413],[119.62464608105188,23.7521208552933],[119.62491812776943,23.752020431597714]]],[[[119.62404389770779,23.75229033253288],[119.623890189181,23.752135193184643],[119.62367564331635,23.75220829817448],[119.62370912777408,23.752287167818565],[119.62404389770779,23.75229033253288]]],[[[119.62517583659564,23.75231962075395],[119.62514627587996,23.752163981382694],[119.62500144725902,23.752135221063668],[119.62495247557638,23.75227989230325],[119.62517583659564,23.75231962075395]]],[[[119.62324648683591,23.752469624073967],[119.62312600915811,23.752404646257446],[119.62334359742908,23.752713030082305],[119.62336723790781,23.752656498698514],[119.62324648683591,23.752469624073967]]],[[[119.59735532348941,23.755269435735897],[119.59793888367255,23.755172369209504],[119.59901293409973,23.754001140740115],[119.59760318383996,23.75443098700049],[119.59735532348941,23.755269435735897]]],[[[119.62091021633353,23.754792837319656],[119.62069725237632,23.754877215311296],[119.62054205277354,23.755442182011166],[119.62113723129823,23.755214054584997],[119.62091021633353,23.754792837319656]]],[[[119.62004247937693,23.75579182133555],[119.6200250945825,23.755487145415486],[119.6197951019625,23.7560546715859],[119.62008745447247,23.75609638753832],[119.62004247937693,23.75579182133555]]],[[[119.60746368709954,23.757200717239357],[119.60796119025679,23.75725519547092],[119.60821598707821,23.75719775757051],[119.60698526755607,23.75663373695744],[119.60746368709954,23.757200717239357]]],[[[119.6080942917182,23.758651989197972],[119.60827226035656,23.757960530154378],[119.60751322265719,23.75796577410125],[119.60731513708402,23.758485750417094],[119.6080942917182,23.758651989197972]]],[[[119.61235700806958,23.756000793202077],[119.61249983749758,23.752848923039437],[119.62191828799871,23.749328185147704],[119.62381163969553,23.743690654500142],[119.6201721912937,23.742854255319685],[119.61964213627562,23.74031456896222],[119.61603660580477,23.74171048585032],[119.61576191058373,23.737596375272574],[119.61500939117047,23.74066037987268],[119.61136277427272,23.741478468856315],[119.61244239959717,23.73991208817239],[119.61051698167341,23.73955626421025],[119.61497954626907,23.73743921514773],[119.60992211161624,23.739050701328836],[119.60706416507924,23.73754950440616],[119.60316860954379,23.73143369720742],[119.60265241577645,23.725365598143867],[119.60022912777208,23.734758980042955],[119.59596961930254,23.739032892953674],[119.60387158350682,23.74535676100578],[119.60581761569051,23.752008428346358],[119.60777212128642,23.75198946524165],[119.60861307373443,23.75246697916782],[119.60575325930552,23.75333828013754],[119.61128993728084,23.758774823099657],[119.61235700806958,23.756000793202077]]],[[[119.60691473013071,23.75947153957992],[119.60684925768714,23.759103845466143],[119.60637565401328,23.75918019790788],[119.60655112523432,23.759800285854567],[119.60691473013071,23.75947153957992]]],[[[119.60734350889584,23.765524126237494],[119.60760101807261,23.764660798656962],[119.60563977925244,23.765318626653368],[119.60668184259305,23.76511588618922],[119.60734350889584,23.765524126237494]]],[[[119.60512534186114,23.76671344277122],[119.60638978685927,23.766464684897358],[119.606454525456,23.7662770683321],[119.60530999965681,23.765606603961658],[119.60512534186114,23.76671344277122]]],[[[119.60381290813928,23.766729866190417],[119.60330235491983,23.766844732098775],[119.6040949292377,23.76725247662057],[119.60409443191259,23.767144123602463],[119.60381290813928,23.766729866190417]]],[[[119.60289227126134,23.76700660826839],[119.6024323255914,23.767060322975567],[119.60303848663693,23.767466542247178],[119.60313964058196,23.76732844595108],[119.60289227126134,23.76700660826839]]],[[[119.58503895968033,23.767781836462632],[119.5859190299393,23.766992929580113],[119.58477995403166,23.766218451420457],[119.58449945278755,23.76752879511787],[119.58503895968033,23.767781836462632]]],[[[119.58764953240006,23.76865455836122],[119.58780291357368,23.768195726951262],[119.58738304079475,23.76795804242977],[119.58701586648908,23.76853281353857],[119.58764953240006,23.76865455836122]]],[[[119.5935868025889,23.770465801955254],[119.59323414513972,23.77050053916861],[119.5931710100341,23.770626849849293],[119.59354756966468,23.77067055780003],[119.5935868025889,23.770465801955254]]],[[[119.60799455870199,23.774402078792946],[119.60780900608086,23.774587915599852],[119.60789700923965,23.774984865559134],[119.60806560694232,23.77471331706596],[119.60799455870199,23.774402078792946]]],[[[119.60763717171812,23.775152935359756],[119.60771191437345,23.774741798595187],[119.60720980668725,23.774964998635824],[119.60741025567881,23.77534570414099],[119.60763717171812,23.775152935359756]]],[[[119.60625583733713,23.775668534675162],[119.60808857023142,23.773254963845545],[119.60740949665103,23.770691000289503],[119.60250132967269,23.767330938871794],[119.59757084961507,23.757823960007784],[119.59649412100691,23.76204942104397],[119.59881145358577,23.768859994093475],[119.60185457862599,23.769031009173773],[119.60625583733713,23.775668534675162]]],[[[119.61217037895983,23.775938650548312],[119.6117592799668,23.77555878411067],[119.61147591258339,23.77561182702425],[119.61180178822201,23.77592882545497],[119.61217037895983,23.775938650548312]]],[[[119.61210880327872,23.776735747556756],[119.61184324247176,23.77607313156983],[119.61151507895784,23.776119578855514],[119.6116233267552,23.776647375675907],[119.61210880327872,23.776735747556756]]],[[[119.61164649868704,23.777340297017133],[119.61160844027734,23.776742246057836],[119.61110656821359,23.776687797503882],[119.61107289130098,23.777092001394806],[119.61164649868704,23.777340297017133]]],[[[119.6107230640182,23.777621612147755],[119.61080395623765,23.77741361334762],[119.61079711329626,23.777063745595456],[119.61032715097724,23.777474190781334],[119.6107230640182,23.777621612147755]]],[[[119.61242923711961,23.777592278061206],[119.61200402416648,23.777539786432044],[119.61236997449475,23.778098162899937],[119.61249586609142,23.77807057709549],[119.61242923711961,23.777592278061206]]],[[[119.6075006672221,23.778440210147608],[119.60764402994812,23.778543483794806],[119.60784454189218,23.778540438690356],[119.60751582709383,23.778205384570867],[119.6075006672221,23.778440210147608]]],[[[119.61398568569086,23.778391976808336],[119.61339028233567,23.777094096815176],[119.61244129253168,23.776630588930573],[119.61264864112195,23.77808802933913],[119.61398568569086,23.778391976808336]]],[[[119.61230352358882,23.778705661237325],[119.61204103756393,23.7778489005064],[119.61127758329394,23.777590070225585],[119.61178248427427,23.778750617447088],[119.61230352358882,23.778705661237325]]],[[[119.60778350220687,23.778931203112563],[119.60804519323119,23.778566735766276],[119.60752401542106,23.7789119090574],[119.60691300882831,23.77846735258629],[119.6072438846976,23.779003306257607],[119.60778350220687,23.778931203112563]]],[[[119.60787171760569,23.779901528432845],[119.60817298329664,23.779870994650707],[119.60819895571728,23.779390070495424],[119.60787491829285,23.779402635823033],[119.60787171760569,23.779901528432845]]],[[[119.6115191699738,23.780076737051843],[119.61185765770483,23.778892534063232],[119.61095398114139,23.777760653631333],[119.61052034243994,23.778924918650148],[119.6115191699738,23.780076737051843]]],[[[119.61100907810658,23.780891413108293],[119.61176268030351,23.780547563619223],[119.60930058565361,23.778918450725996],[119.61020927863535,23.78066658079814],[119.61100907810658,23.780891413108293]]],[[[119.57723595957191,23.78072343144123],[119.57778885736991,23.77907121586395],[119.5754761113335,23.77860128861863],[119.57550573230378,23.779619259121546],[119.57723595957191,23.78072343144123]]],[[[119.60725604533025,23.781820461345262],[119.60819369018668,23.780302072083032],[119.6070920773376,23.779326706962024],[119.60661186724394,23.78030829629091],[119.60725604533025,23.781820461345262]]],[[[119.60520175995327,23.781907540001043],[119.60494958465563,23.781680534029476],[119.60407064124718,23.781446953114425],[119.60461102318027,23.782067870236062],[119.60520175995327,23.781907540001043]]],[[[119.60655646181135,23.78217987719961],[119.60625867110082,23.781506092532197],[119.60671908981419,23.780948969719248],[119.60632172436817,23.780291379143875],[119.6057655062732,23.781679588841996],[119.60655646181135,23.78217987719961]]],[[[119.60695164550214,23.782101572329736],[119.60705598394657,23.781789645176048],[119.6066043210327,23.78185462748911],[119.6067878834541,23.78222862944773],[119.60695164550214,23.782101572329736]]],[[[119.60604922349296,23.78229473861137],[119.60559259901925,23.781951153522982],[119.60524311347899,23.782230184375578],[119.60570762230896,23.78262114215204],[119.60604922349296,23.78229473861137]]],[[[119.60464010185933,23.782189655528214],[119.60430202511839,23.78221806870897],[119.60416157169925,23.78254593724523],[119.60466483411483,23.78269746761407],[119.60464010185933,23.782189655528214]]],[[[119.60577472522345,23.783537371452553],[119.60554202654339,23.783014575762138],[119.6051935464451,23.78298208055861],[119.60518670620161,23.783359090749514],[119.60577472522345,23.783537371452553]]],[[[119.60722077032233,23.783667129234686],[119.60827262548139,23.783033180037307],[119.60787302521999,23.781766111716706],[119.60677609334209,23.782991669130297],[119.60611796047556,23.782504405653867],[119.60722077032233,23.783667129234686]]],[[[119.60307790751949,23.785326745333066],[119.60317462241096,23.785154807548395],[119.60227423736626,23.784930330470445],[119.60242243574692,23.78528415883693],[119.60307790751949,23.785326745333066]]],[[[119.60270818273648,23.786540400219337],[119.60335211350935,23.78627377011844],[119.60300574771713,23.785837193331872],[119.6021919269159,23.786099969837778],[119.60270818273648,23.786540400219337]]],[[[119.60292932512834,23.787018098506508],[119.60305375802454,23.786805418735128],[119.60368293092256,23.786663000297267],[119.60252409870827,23.786717193443792],[119.60292932512834,23.787018098506508]]],[[[119.60079314748577,23.787586257799603],[119.60179883594753,23.786435595026717],[119.60048368267587,23.78396663765028],[119.5996453346645,23.783561312304755],[119.59844243926727,23.785439601256655],[119.60079314748577,23.787586257799603]]],[[[119.60217961070055,23.788684707733125],[119.60264245218752,23.787779952882545],[119.60163531221997,23.78701637630479],[119.60097718384998,23.788398196319747],[119.60217961070055,23.788684707733125]]],[[[119.59843709729432,23.792376528154307],[119.59811882992017,23.792384533919176],[119.59805197431922,23.792919790615883],[119.5987899975604,23.79263249949031],[119.59843709729432,23.792376528154307]]],[[[119.59898780794106,23.7939748689451],[119.59898578086916,23.79299743448405],[119.59713230780983,23.793049762436624],[119.59819139171941,23.79383348652624],[119.59898780794106,23.7939748689451]]],[[[119.59714560338693,23.796027186605443],[119.59755203220061,23.796050443972888],[119.59767862526837,23.795232785764483],[119.59672205417951,23.79608300122959],[119.59714560338693,23.796027186605443]]],[[[119.59680684945658,23.798064647465537],[119.60021782599199,23.796051385563032],[119.60063380470638,23.794282244629926],[119.59668093267896,23.79721862104259],[119.59584198751782,23.7957568261167],[119.59680684945658,23.798064647465537]]],[[[119.59650347215756,23.81013371479912],[119.59529784821723,23.80898711336465],[119.59295096751316,23.809440854611807],[119.59365726357191,23.810449439789863],[119.59650347215756,23.81013371479912]]]]}},{"type":"Feature","properties":{"district":"Xiyu Township, Penghu County","constituency_code":"TW-10016040","township_code":"10016040","county":"Penghu County","township_name_zh":"西嶼鄉"},"geometry":{"type":"MultiPolygon","coordinates":[[[[119.54055068876335,23.580505764429518],[119.54023592424858,23.580197587448765],[119.5401707611718,23.58020910146888],[119.54023379375462,23.580500094204012],[119.54055068876335,23.580505764429518]]],[[[119.48193390392657,23.594158224022863],[119.48107091718919,23.593436280659887],[119.48065381162417,23.593746827354266],[119.48119962546241,23.594476525571224],[119.48193390392657,23.594158224022863]]],[[[119.52992613588253,23.62431907796315],[119.53039781320854,23.62440777270058],[119.53122752503032,23.623201761152416],[119.52963566295557,23.62297917355005],[119.52992613588253,23.62431907796315]]],[[[119.5469991066235,23.638743107308585],[119.54662634752799,23.63896339444517],[119.54669983832696,23.640062504481023],[119.54700435326833,23.64000273463853],[119.5469991066235,23.638743107308585]]],[[[119.53899028227579,23.640403640715476],[119.53883566273566,23.64079470371263],[119.53906085657331,23.64096097666777],[119.53935507697531,23.6406281231894],[119.53899028227579,23.640403640715476]]],[[[119.5293240829401,23.641427478395485],[119.52907868043678,23.641904822349716],[119.52928631141424,23.642128848867344],[119.52951183530297,23.641918896739753],[119.5293240829401,23.641427478395485]]],[[[119.53935423610915,23.641926133584263],[119.53920457183358,23.641502257922923],[119.53822331795186,23.641835218420624],[119.53863430992556,23.642425242031322],[119.53935423610915,23.641926133584263]]],[[[119.53899915228908,23.64379648152243],[119.53872223214535,23.643185681773843],[119.5379177858772,23.64369184810033],[119.53877751167283,23.64397783700764],[119.53899915228908,23.64379648152243]]],[[[119.53178102357549,23.64447983047984],[119.53193300990051,23.64365184535643],[119.5308628022766,23.643830652162933],[119.5312588969806,23.644932577976135],[119.53178102357549,23.64447983047984]]],[[[119.5436231631785,23.645514308038912],[119.54326362861366,23.64633543043584],[119.54350293821005,23.647178934260467],[119.54402840578632,23.6462900191691],[119.5436231631785,23.645514308038912]]],[[[119.52468874868691,23.64691771538031],[119.52399063286146,23.646694016215918],[119.52449456167471,23.647747607066435],[119.52505034000126,23.647277515245207],[119.52468874868691,23.64691771538031]]],[[[119.52320696363051,23.648758307449953],[119.52291584588966,23.649143934045355],[119.5237458347026,23.649271538850485],[119.52369978941385,23.648942097399924],[119.52320696363051,23.648758307449953]]],[[[119.52407925925047,23.65012408625762],[119.52464470079235,23.65006918084805],[119.5244362811095,23.64958734927677],[119.52376182824582,23.649589866479232],[119.52407925925047,23.65012408625762]]],[[[119.52843611123762,23.6511930896894],[119.5283076817542,23.651209428572315],[119.5284101855816,23.651389282189655],[119.52848667202238,23.65133248820382],[119.52843611123762,23.6511930896894]]],[[[119.5270109708797,23.651795361167046],[119.52678454676948,23.651994810112456],[119.52680555852976,23.652083223362126],[119.5270792968721,23.651975040315904],[119.5270109708797,23.651795361167046]]],[[[119.52603933524722,23.652072087057206],[119.5257890871967,23.652387775175725],[119.52635641281825,23.652437746904525],[119.5263710321974,23.65233736457776],[119.52603933524722,23.652072087057206]]],[[[119.52789998579578,23.653223462093138],[119.52776545081497,23.653246708668746],[119.52775684250435,23.653334811652314],[119.52792108119297,23.65331223147433],[119.52789998579578,23.653223462093138]]],[[[119.52632817140807,23.65325477468815],[119.52624768118562,23.653260325303847],[119.52628723876512,23.653439094338808],[119.52634673251578,23.653372836787014],[119.52632817140807,23.65325477468815]]],[[[119.52650836946577,23.65349912228669],[119.52646088526171,23.65352657948813],[119.52649397131984,23.653581516373947],[119.52654164618014,23.653548324195867],[119.52650836946577,23.65349912228669]]],[[[119.52614091726957,23.653610665200063],[119.52591392928446,23.65332097738127],[119.52575200814874,23.653373728015197],[119.52580706824165,23.653581055021732],[119.52614091726957,23.653610665200063]]],[[[119.52729660995067,23.653308954344823],[119.52717207273304,23.653546083984622],[119.52753724514776,23.6537099809309],[119.52754897500529,23.653654896556304],[119.52729660995067,23.653308954344823]]],[[[119.52723564311054,23.65375229313389],[119.52717585348296,23.653744241503603],[119.52720306337073,23.653823965503648],[119.52724479371227,23.653799052484317],[119.52723564311054,23.65375229313389]]],[[[119.52707147996489,23.653794138588694],[119.52701486494414,23.653832863395962],[119.52704812906791,23.65393183468649],[119.52709279119938,23.653893148550026],[119.52707147996489,23.653794138588694]]],[[[119.52738571657767,23.65392242957654],[119.52732312736055,23.65396117506822],[119.52734757543033,23.654065680786573],[119.5274250178503,23.65400486773052],[119.52738571657767,23.65392242957654]]],[[[119.5268390699672,23.653954562353192],[119.52678564843893,23.654012544343516],[119.52688147839763,23.65406726539203],[119.52687505543952,23.653987469446236],[119.5268390699672,23.653954562353192]]],[[[119.52545494678839,23.653780637966122],[119.52521882708731,23.65398741458756],[119.52550115845179,23.654453738249458],[119.52561376526307,23.654238162661102],[119.52545494678839,23.653780637966122]]],[[[119.52365510659797,23.655824553260572],[119.52430779317024,23.651298314865414],[119.5194929875114,23.647560384404244],[119.52164644832499,23.642674900126565],[119.52573481041327,23.64393655542773],[119.52775597196057,23.640501812508717],[119.53555594764896,23.638667964455067],[119.54006594608666,23.640241309488886],[119.54162666553827,23.64288407973652],[119.54501754042724,23.646470511305097],[119.54074466443478,23.6406139246929],[119.54374622101136,23.640797549167587],[119.54306910705373,23.637937495519054],[119.53938686441234,23.632649891079666],[119.53739273019039,23.63401353759474],[119.53919370172798,23.63222397575595],[119.53649539025014,23.63365771273328],[119.52296284805709,23.62877369345125],[119.52481777981677,23.630656895399454],[119.52276346026554,23.62908137670422],[119.52167843810946,23.631263527689725],[119.51785830421738,23.627933000008],[119.52114388558186,23.62079073990077],[119.51981518582227,23.610880478951003],[119.52312734125383,23.601765100878765],[119.51962709081761,23.594530437229935],[119.51488730570463,23.594695202921343],[119.51229011309829,23.59219596627088],[119.51634587296371,23.584333172937647],[119.51527609341701,23.58181511797335],[119.51383807566674,23.57993260760378],[119.51476234490633,23.582442132498443],[119.51202779524658,23.58088895116424],[119.51253682231652,23.57564541890099],[119.51520564322595,23.57458240675271],[119.51313860006644,23.570577726580893],[119.51800010392174,23.567008407312187],[119.5113052268548,23.563721117235843],[119.50126051546044,23.567358998119346],[119.50214565969452,23.56682789629042],[119.5019471406481,23.566225800180575],[119.50037513110749,23.565325636369096],[119.4986609810195,23.566098685506006],[119.50114179415857,23.565842377823515],[119.50172713949598,23.566736696041744],[119.49617400572583,23.568140611500098],[119.48973075447077,23.562664153927585],[119.48078279598928,23.56260630863426],[119.4830795206035,23.564344212515437],[119.48065161098316,23.56441043049705],[119.47899632152303,23.562950441409782],[119.4801821837608,23.562940012871366],[119.4808808023073,23.561863298652383],[119.47651797792241,23.55980663007199],[119.4679301979204,23.56054381154769],[119.46861638783605,23.564566818104197],[119.47785291807782,23.56894301540791],[119.48129971461026,23.57542935138349],[119.49184391936149,23.56983168228635],[119.4971764287493,23.572234659102264],[119.49916672106735,23.57613364465203],[119.49889438296941,23.57422471310008],[119.5002738170831,23.574610801047697],[119.49917200998038,23.57704790443728],[119.50337394115456,23.57913829399712],[119.50446371622763,23.587354260091104],[119.50214614982497,23.590452278849625],[119.4895171331093,23.59426479908126],[119.49410116463707,23.5960720631752],[119.49145986568033,23.59860201886812],[119.49380125332527,23.602080103713888],[119.49817638942886,23.600704891917303],[119.49837568638884,23.595674647367105],[119.50442953929189,23.597298507320318],[119.50264968653391,23.605674890883563],[119.50896372949262,23.612471785244736],[119.50571052462112,23.617392385350342],[119.50431934086498,23.615089799854445],[119.49928816101988,23.62010181874399],[119.5042132793194,23.624110926278263],[119.5021842163286,23.631000457105472],[119.50396099970044,23.63558859044116],[119.50750937016142,23.636317461281863],[119.51203037899882,23.648352814830616],[119.51562007240852,23.649839862719546],[119.51967073671517,23.648152676105155],[119.51728083424314,23.652322718218898],[119.514219862157,23.652022910329094],[119.5142307592422,23.655515128920115],[119.52365510659797,23.655824553260572]]],[[[119.52508550439256,23.657215512186212],[119.52726777678652,23.656994613510676],[119.52687278734936,23.654825804867073],[119.5248897363723,23.656082012974593],[119.52508550439256,23.657215512186212]]]]}},{"type":"Feature","properties":{"district":"Wang'an Township, Penghu County","constituency_code":"TW-10016050","township_code":"10016050","county":"Penghu County","township_name_zh":"望安鄉"},"geometry":{"type":"MultiPolygon","coordinates":[[[[119.49769685652473,23.23270362637129],[119.49819315818775,23.23272914643303],[119.49893981671926,23.231839557749424],[119.49785061451428,23.23159467955088],[119.49769685652473,23.23270362637129]]],[[[119.52018345909937,23.23490190849634],[119.52099018424963,23.234497391641355],[119.52066048289498,23.23373317384693],[119.51974053309914,23.2342328803432],[119.52018345909937,23.23490190849634]]],[[[119.54884781957128,23.235926412573917],[119.54816076180975,23.235032564701157],[119.54626733546922,23.235289745625323],[119.54772931205821,23.236311841318468],[119.54884781957128,23.235926412573917]]],[[[119.55123597825786,23.242146620270375],[119.55083114304284,23.24187261932599],[119.55063621229147,23.24192296877004],[119.5509373520772,23.242377936692492],[119.55123597825786,23.242146620270375]]],[[[119.55063555398772,23.243324904820554],[119.55044013670306,23.242363875792307],[119.54923824494915,23.24253288268642],[119.54959136734783,23.243154730606364],[119.55063555398772,23.243324904820554]]],[[[119.55130298404549,23.243812452482757],[119.55108423924628,23.24386514286209],[119.55121924816979,23.244169437469623],[119.55139631119084,23.243931775431122],[119.55130298404549,23.243812452482757]]],[[[119.51993859888728,23.25004185754574],[119.51957218001212,23.250135628056853],[119.5199584730052,23.250599404838738],[119.52018863020123,23.250176482458755],[119.51993859888728,23.25004185754574]]],[[[119.51901606623858,23.250376767773673],[119.51871711000672,23.25062157042919],[119.51905028004649,23.251011025438515],[119.51931718713854,23.250691827266053],[119.51901606623858,23.250376767773673]]],[[[119.51642214626509,23.251999464004086],[119.51517085025455,23.251188596576526],[119.51414356907048,23.251609610595096],[119.51563490942362,23.252340681177543],[119.51642214626509,23.251999464004086]]],[[[119.51405502811713,23.252492600053472],[119.51384111807317,23.25269873905563],[119.51418483716054,23.25289401964335],[119.51425327287029,23.25258225526693],[119.51405502811713,23.252492600053472]]],[[[119.61614713158497,23.25372131948336],[119.62139279254336,23.252942127976894],[119.61964007053291,23.248707168301223],[119.62180102269906,23.244754739639575],[119.61531015683829,23.24409852412765],[119.60868295375542,23.248914821761673],[119.60873829443676,23.251418201588763],[119.61614713158497,23.25372131948336]]],[[[119.51966634442635,23.253788028494796],[119.51872856377224,23.252319207165726],[119.51782090051415,23.253426143102047],[119.51806271831981,23.25388362912622],[119.51966634442635,23.253788028494796]]],[[[119.61825468110874,23.255500992376938],[119.61857510235916,23.25504822599487],[119.61735968120433,23.25520200556815],[119.61748672213457,23.255465635530697],[119.61825468110874,23.255500992376938]]],[[[119.50252106099822,23.258828489343387],[119.50301183362933,23.25800517080205],[119.50200808770319,23.257802946548793],[119.50168431647808,23.25844738363992],[119.50252106099822,23.258828489343387]]],[[[119.67736624325755,23.26407046757805],[119.68009169807351,23.2601893488594],[119.67269990577608,23.251276918994677],[119.67424517217705,23.246714651959678],[119.67110024298188,23.243890429100077],[119.66457854026748,23.2505394173603],[119.66784450202226,23.255277623263737],[119.66542208546093,23.25861095413228],[119.66744455732055,23.26192767722057],[119.67736624325755,23.26407046757805]]],[[[119.66093892549111,23.264366207834257],[119.66003485862188,23.259963352826503],[119.6567294265219,23.260977287172125],[119.65748164556157,23.263274542386284],[119.66093892549111,23.264366207834257]]],[[[119.51976974757588,23.264626158670353],[119.52208018954911,23.262078758827727],[119.51645465405909,23.254810004578076],[119.5116783735582,23.255213933276423],[119.51017949508764,23.25571546989306],[119.50920109295612,23.256716480980856],[119.511371630996,23.255745455988063],[119.5100365559424,23.257158507659028],[119.51281705376414,23.257479055713873],[119.51407466751198,23.262315121345807],[119.51976974757588,23.264626158670353]]],[[[119.5126070836501,23.272133460790656],[119.51109636380625,23.272061629240852],[119.51081596508482,23.272222827321684],[119.51192981590839,23.272510422418122],[119.5126070836501,23.272133460790656]]],[[[119.50864570943202,23.272936486129993],[119.5084707921934,23.272722585978613],[119.50777023650733,23.272842246172786],[119.50800748845484,23.27322300203997],[119.50864570943202,23.272936486129993]]],[[[119.50674621176836,23.272558847313007],[119.50894319437293,23.27260817602655],[119.50986402550438,23.273223755671836],[119.51116527975387,23.266747149461423],[119.50465753002106,23.26849974017091],[119.50276004504008,23.272709375837053],[119.50674621176836,23.272558847313007]]],[[[119.50285630937128,23.27662816355894],[119.50424664416732,23.275948696974808],[119.50140343482076,23.275537903751285],[119.50176925474739,23.276403631622372],[119.50285630937128,23.27662816355894]]],[[[119.50148054449164,23.276716094771984],[119.50180458461398,23.276538969697754],[119.50121659437036,23.276380563112525],[119.50120311533158,23.27669666222124],[119.50148054449164,23.276716094771984]]],[[[119.50064263085278,23.286676789702142],[119.50026831862806,23.28665089192515],[119.50005299934651,23.286990208831128],[119.5003521705163,23.287099875758713],[119.50064263085278,23.286676789702142]]],[[[119.5014338813686,23.290769439757867],[119.50260041267893,23.290488031097823],[119.50244201059036,23.289061771983256],[119.50093003619224,23.289030486367892],[119.5014338813686,23.290769439757867]]],[[[119.50073368810934,23.291094504208047],[119.50074186744325,23.290830346343455],[119.5010158575958,23.290576627809173],[119.5004313306415,23.29078844423134],[119.50073368810934,23.291094504208047]]],[[[119.34263636177877,23.305121308401738],[119.34246904291206,23.305164567590793],[119.34234971366845,23.30581275125752],[119.34258418581157,23.305624860399064],[119.34263636177877,23.305121308401738]]],[[[119.34222485809084,23.30716756283283],[119.34161832022937,23.308103518762437],[119.3418395084866,23.308694519036862],[119.34242802123629,23.307638950577143],[119.34222485809084,23.30716756283283]]],[[[119.33667426670411,23.3223526821306],[119.33843041962825,23.31802792065207],[119.33711360710731,23.31711644426855],[119.33496111936029,23.319008384029758],[119.33667426670411,23.3223526821306]]],[[[119.32617829978881,23.324232854262846],[119.3260807611183,23.324208226328608],[119.32615409903246,23.324334496539848],[119.3262102437078,23.32430051565632],[119.32617829978881,23.324232854262846]]],[[[119.32414850654845,23.32453732423818],[119.32522781711009,23.32442221011695],[119.32556264370112,23.323886469584977],[119.32329171793845,23.32404920190919],[119.32414850654845,23.32453732423818]]],[[[119.32272601919044,23.32451994124233],[119.32295414391865,23.32458945523922],[119.32314066241167,23.324259465202204],[119.32241165127675,23.324294831941017],[119.32272601919044,23.32451994124233]]],[[[119.33251910657157,23.324424966539027],[119.33237806769375,23.324479447468605],[119.33244422542077,23.32466442991955],[119.33253327808836,23.324594254021633],[119.33251910657157,23.324424966539027]]],[[[119.3281604199675,23.324926306204134],[119.32808991941431,23.32496257316427],[119.32817938127346,23.325057205225903],[119.3282268663769,23.324982604663546],[119.3281604199675,23.324926306204134]]],[[[119.32026245324971,23.326037565181537],[119.32064462015319,23.326246736697613],[119.32193349883198,23.324196480283376],[119.32295478873255,23.32384445775557],[119.31839775665117,23.324598781208863],[119.3198616748765,23.327627709551223],[119.32026245324971,23.326037565181537]]],[[[119.55574982669316,23.34801095524142],[119.55507527760199,23.34792756290676],[119.55483818753237,23.348312180462813],[119.55543149276923,23.348775123573148],[119.55574982669316,23.34801095524142]]],[[[119.46500663414895,23.347155313267137],[119.46469898057353,23.347361662710625],[119.46592445614874,23.348917973685616],[119.46589041860796,23.34783446149123],[119.46500663414895,23.347155313267137]]],[[[119.54335910783664,23.34878362396512],[119.5433328530288,23.3490162399076],[119.54347666181854,23.349056375751218],[119.54353815026548,23.348920710322602],[119.54335910783664,23.34878362396512]]],[[[119.539293587629,23.350495332393734],[119.53882799601524,23.34917854595318],[119.5375437848179,23.349413228537742],[119.53796111161603,23.34998068725895],[119.539293587629,23.350495332393734]]],[[[119.54132565525481,23.35063280006375],[119.54122897094032,23.35075729681182],[119.54147522510164,23.351264385842796],[119.54159155240825,23.351008885751526],[119.54132565525481,23.35063280006375]]],[[[119.5198504842125,23.35129477483406],[119.51973909058665,23.351335779422755],[119.51986033178889,23.351547584153764],[119.51996873876635,23.351445637006577],[119.5198504842125,23.35129477483406]]],[[[119.51972471492377,23.351647364834093],[119.5196191300189,23.351846376708977],[119.51994792755488,23.351987509116327],[119.52001366080185,23.351836038102704],[119.51972471492377,23.351647364834093]]],[[[119.46859121401337,23.35305935710369],[119.46971494478896,23.352947627131357],[119.46765935449571,23.35079783914898],[119.46712629574199,23.351921424234376],[119.46859121401337,23.35305935710369]]],[[[119.46717720636309,23.35371826518582],[119.46688835581301,23.353798141171353],[119.46697694622912,23.35404846206694],[119.46704166324218,23.35402569393068],[119.46717720636309,23.35371826518582]]],[[[119.46827090068155,23.354886656294184],[119.46815774438448,23.354866676056304],[119.46814005921647,23.35496606193425],[119.4682531624535,23.354970238385818],[119.46827090068155,23.354886656294184]]],[[[119.52758612869695,23.355196990748595],[119.52750625091278,23.355170169367852],[119.52723949940344,23.355498408424864],[119.52763038433488,23.35541356368509],[119.52758612869695,23.355196990748595]]],[[[119.46354270872905,23.354988771614558],[119.46352192629593,23.354460570998583],[119.46336310692186,23.355196997043834],[119.46358597781068,23.355566570740677],[119.46354270872905,23.354988771614558]]],[[[119.46838584483089,23.35532878819305],[119.46807881988173,23.35554417132647],[119.46813858522762,23.355765230980694],[119.46843143326407,23.355516027043052],[119.46838584483089,23.35532878819305]]],[[[119.46210932068868,23.35597729381709],[119.46297265006785,23.354976914053395],[119.46065032984893,23.35389337757738],[119.46021162526631,23.354657713182974],[119.46210932068868,23.35597729381709]]],[[[119.51783752448227,23.356315389443694],[119.51750543812557,23.356431621422246],[119.51746501809612,23.356569463210235],[119.51808222281636,23.356678041958105],[119.51783752448227,23.356315389443694]]],[[[119.47910300360081,23.359213160658896],[119.47981601849449,23.35902585975566],[119.48161212829712,23.356180376023588],[119.48033990596196,23.35673512192841],[119.47910300360081,23.359213160658896]]],[[[119.53754908002611,23.36194691441864],[119.5376616778442,23.3599305723381],[119.53557368677627,23.361276432961063],[119.53645463297494,23.363339037966284],[119.53754908002611,23.36194691441864]]],[[[119.55328868622394,23.36378159344582],[119.55220895657817,23.363819267844974],[119.55238025494486,23.36525217924475],[119.5526179295739,23.364262553574065],[119.55328868622394,23.36378159344582]]],[[[119.55305129038481,23.366825546761618],[119.55339947730408,23.366686609599412],[119.5519818265002,23.3656576790587],[119.5525734751858,23.366736936560415],[119.55305129038481,23.366825546761618]]],[[[119.53172866594525,23.37439436520782],[119.53145711925072,23.3739866800413],[119.53120347176286,23.374233608694112],[119.53132879228997,23.374384436692424],[119.53172866594525,23.37439436520782]]],[[[119.52363387090645,23.37486187327687],[119.52566458415333,23.37503115536356],[119.52704754900526,23.37334466302582],[119.52454407924597,23.373359848977884],[119.52363387090645,23.37486187327687]]],[[[119.53711773279724,23.375272188061103],[119.54082756753826,23.372721975139086],[119.54384446295171,23.36497279765655],[119.53247425068616,23.366908208846837],[119.52592839487954,23.362808137585546],[119.52525704197899,23.357265935074906],[119.52388408028617,23.360609399504256],[119.520472844746,23.359938999885003],[119.5195888561409,23.36682508900668],[119.52528254405422,23.36660970047734],[119.5254338873641,23.369715515458722],[119.52765335391916,23.368705713497945],[119.52681114242034,23.37099991731236],[119.52538846980212,23.36997979563114],[119.52710729906266,23.37237825245444],[119.5330054739236,23.37240116088492],[119.53711773279724,23.375272188061103]]],[[[119.48804947999952,23.378713089537484],[119.48825090385617,23.378288050153458],[119.4873808457495,23.37810564605877],[119.48741394889464,23.3788821279079],[119.48804947999952,23.378713089537484]]],[[[119.52736925178965,23.378856401002167],[119.52799887344929,23.379368988488068],[119.529627205731,23.376498712245848],[119.5263803851467,23.37941056054899],[119.52736925178965,23.378856401002167]]],[[[119.51447419672684,23.384071251187322],[119.51522284995463,23.381617135322585],[119.51273428196157,23.381013518459156],[119.51286641395393,23.38476506645469],[119.51447419672684,23.384071251187322]]],[[[119.51314626318958,23.395916246137915],[119.51401770175562,23.39610075644481],[119.51407256219909,23.395897400844433],[119.51234216495902,23.395512529679536],[119.51314626318958,23.395916246137915]]],[[[119.49373064665212,23.397233921108636],[119.49907925300522,23.389819091777724],[119.50198526650695,23.389369576444835],[119.50479243552252,23.394873374306826],[119.50751322735357,23.39224811475873],[119.50836595732312,23.37678815095245],[119.51340711244836,23.37688684615108],[119.50862726163882,23.371175137622572],[119.51397631225711,23.371033524077916],[119.51460281326933,23.374950496068607],[119.51662322658069,23.373496788745854],[119.51472345282514,23.37057957418807],[119.51630568855671,23.367842788813675],[119.50765388042225,23.364658616801762],[119.50913930053832,23.363276713149844],[119.50951729188955,23.36149205081756],[119.50801840442591,23.363022994615562],[119.50833087027354,23.358482125150033],[119.5131088522918,23.35247510354327],[119.50611870801208,23.353035128468434],[119.50299152064224,23.355729392097828],[119.49073097595385,23.353036678000365],[119.48629540361003,23.355994326976656],[119.49464974029331,23.365544579418838],[119.49486247492337,23.372700244820464],[119.4920155648665,23.375404706761856],[119.493839088703,23.37798832500124],[119.4916699904777,23.379507690027935],[119.49595794090635,23.38746089760241],[119.48942998700431,23.39469193968131],[119.49373064665212,23.397233921108636]]],[[[119.31972331238103,23.411676742687575],[119.33069403230377,23.404858707963058],[119.3272284894033,23.400344142768006],[119.31801952518106,23.397586369915075],[119.31674858258111,23.39901120450355],[119.31637656272824,23.3968514844085],[119.31444566703397,23.402743062742218],[119.31748890359006,23.404572295475134],[119.31972331238103,23.411676742687575]]]]}},{"type":"Feature","properties":{"district":"Qimei Township, Penghu County","constituency_code":"TW-10016060","township_code":"10016060","county":"Penghu County","township_name_zh":"七美鄉"},"geometry":{"type":"Polygon","coordinates":[[[119.440260846461,23.221365891322876],[119.44798488789229,23.220086624598082],[119.44366272905177,23.214028241809956],[119.44290644417708,23.200419430812133],[119.43616627545327,23.20191922209449],[119.42988248928555,23.19677564318141],[119.43046482998795,23.1865923201795],[119.41792841826191,23.193398858870296],[119.4216257740103,23.19335287563473],[119.42174539373502,23.19607069340782],[119.41573584593266,23.19376362569085],[119.42049258416546,23.19814651215188],[119.42062938813581,23.20331602481474],[119.41139935729461,23.211549046551283],[119.4095123440195,23.216285880089345],[119.41274596165681,23.21417786381744],[119.4147381065784,23.217308407457097],[119.440260846461,23.221365891322876]]]}},{"type":"Feature","properties":{"district":"Zhongzheng District, Keelung City","constituency_code":"TW-10017010","township_code":"10017010","county":"Keelung City","township_name_zh":"中正區"},"geometry":{"type":"MultiPolygon","coordinates":[[[[121.76357629650897,25.163733949162463],[121.78036220725016,25.15878249601542],[121.77682274277538,25.158905423446583],[121.77269944832096,25.155586624723014],[121.77455215335931,25.156263267435918],[121.77769414446925,25.151468162325898],[121.78197870984968,25.152740810040427],[121.79319960048122,25.14687331105449],[121.80724719969862,25.14898945719773],[121.8078605885953,25.146491522765587],[121.80244234683687,25.14064182855759],[121.80431145550938,25.13789048495795],[121.80252658003769,25.13432942506296],[121.8054519955133,25.130374589815517],[121.80288987376878,25.121929757952046],[121.7946108705953,25.126385609108638],[121.78978287727807,25.132238209925504],[121.78476526910197,25.133647481745925],[121.78065987025684,25.145014600343586],[121.77654772020117,25.144197893617957],[121.76946877956061,25.13523918464068],[121.76276683652031,25.136634330809784],[121.74868199188052,25.132539728325867],[121.74623805004603,25.129509701011955],[121.74198812655084,25.13178985651672],[121.74541058203283,25.137602176699147],[121.75542259048018,25.145710734063186],[121.75663151763047,25.15111560560075],[121.75338191993967,25.159269931262372],[121.75487263436469,25.162290515694792],[121.75616373257026,25.15951827005216],[121.76195232324119,25.16026944857623],[121.76357629650897,25.163733949162463]]],[[[121.78809626443115,25.1956781964916],[121.78891617544116,25.192067122599667],[121.78162215833595,25.190026091431037],[121.7845563493961,25.19493591855786],[121.78809626443115,25.1956781964916]]],[[[121.94642492786818,25.4245503934859],[121.94710080795596,25.424135992182357],[121.94634119019383,25.423573629919133],[121.9459572768069,25.423828382673776],[121.94642492786818,25.4245503934859]]],[[[122.1091523930686,25.48381310648972],[122.1084585184459,25.48400950763272],[122.10840753408047,25.484096473873194],[122.10900590609776,25.48406754448166],[122.1091523930686,25.48381310648972]]],[[[122.10696974026132,25.48735962254858],[122.10781212532936,25.48387879297195],[122.10518064337202,25.482012057610405],[122.1032657286305,25.486011540600146],[122.10696974026132,25.48735962254858]]],[[[122.10698563847654,25.4876346271364],[122.10686464009109,25.487870274693478],[122.1071746660781,25.48786046039197],[122.10716027692536,25.487694780090067],[122.10698563847654,25.4876346271364]]],[[[122.0783640209828,25.633144314558535],[122.0839556493338,25.633190744757144],[122.08505857789112,25.630343945316895],[122.07921380027676,25.62297273940044],[122.07202743831567,25.628540341463633],[122.07365800811067,25.63248508092181],[122.0783640209828,25.633144314558535]]]]}},{"type":"Feature","properties":{"district":"Qidu District, Keelung City","constituency_code":"TW-10017020","township_code":"10017020","county":"Keelung City","township_name_zh":"七堵區"},"geometry":{"type":"Polygon","coordinates":[[[121.67577489159805,25.15575110982593],[121.68215684506242,25.150966293859426],[121.68113473857738,25.145690854549343],[121.70007219817342,25.1339250664887],[121.70303248396203,25.121067704710867],[121.70823957389723,25.12171120920499],[121.71342226612478,25.116219170878082],[121.71866474618116,25.115771741972367],[121.72111354885124,25.111923007840574],[121.72434382011124,25.11199228981235],[121.72638610043828,25.115878880006335],[121.73047449580145,25.11310728907017],[121.72394336549394,25.102295695190207],[121.7195558106522,25.100459683367717],[121.72918197396893,25.092708465323483],[121.72552128807706,25.089032088060492],[121.7266372118379,25.082809824513845],[121.72357139420455,25.077061836434666],[121.72831853217463,25.06574095558068],[121.72822224715901,25.054955138968523],[121.71236886772908,25.068033999269687],[121.69952198215378,25.067387198760287],[121.68030654301265,25.07710065297283],[121.67896915400331,25.079582634331132],[121.68121058739871,25.088020351657974],[121.67402993163614,25.082919713573972],[121.65570140569537,25.09344995185387],[121.64893350098032,25.10175642302056],[121.6522246689334,25.1047386306833],[121.64623773908045,25.113625118704306],[121.64624405411985,25.121053231021847],[121.64317912861395,25.127681669773267],[121.63313954245598,25.130986981364174],[121.62792456007048,25.135858254554876],[121.62679914936132,25.13973583354192],[121.63090485757323,25.14253166660319],[121.63981821913558,25.14584313585209],[121.6496231928561,25.144892002064296],[121.65828083579197,25.15223106441215],[121.67577489159805,25.15575110982593]]]}},{"type":"Feature","properties":{"district":"Nuannuan District, Keelung City","constituency_code":"TW-10017030","township_code":"10017030","county":"Keelung City","township_name_zh":"暖暖區"},"geometry":{"type":"Polygon","coordinates":[[[121.7500047732018,25.10965967235603],[121.75273835878829,25.10684487529079],[121.75596257940958,25.108494297573827],[121.7568026622132,25.101817269351557],[121.75989068410786,25.100615266081718],[121.75836106770919,25.094127207904364],[121.76125128731712,25.078866562641792],[121.76942165508535,25.07790313692027],[121.77570330626259,25.06999711947151],[121.77172787564098,25.063205796410443],[121.76734926635561,25.061824192232734],[121.76391625822885,25.05738965590797],[121.75688047245592,25.059337914812943],[121.74591293163655,25.052994580935206],[121.73749807147885,25.054763626540193],[121.73006157118459,25.053350452561403],[121.72822224715901,25.054955138968523],[121.72819945564038,25.066250438606914],[121.72357069723,25.076942557553025],[121.7266372118379,25.082809824513845],[121.72552128807706,25.089032088060492],[121.72918197396893,25.092708465323483],[121.71956624998256,25.10049683616012],[121.72394336549394,25.102295695190207],[121.73053740697583,25.1131698198314],[121.7377615062885,25.11330538633456],[121.74013313543594,25.106202026402457],[121.74555401670455,25.10593767698225],[121.7500047732018,25.10965967235603]]]}},{"type":"Feature","properties":{"district":"Ren'ai District, Keelung City","constituency_code":"TW-10017040","township_code":"10017040","county":"Keelung City","township_name_zh":"仁愛區"},"geometry":{"type":"Polygon","coordinates":[[[121.74181638301968,25.135335213349492],[121.74348995929427,25.134507814584026],[121.74198812655084,25.13178985651672],[121.7537149955507,25.128097206021266],[121.75552028293475,25.125223847802374],[121.75191921400062,25.118825160652705],[121.75183486478727,25.11100540257729],[121.74555401670455,25.10593767698225],[121.73927490251481,25.106569763683694],[121.73765432688572,25.113368824511667],[121.73195815144754,25.11348617794482],[121.73477687944944,25.11929355905056],[121.73321156626082,25.126185897561186],[121.74181638301968,25.135335213349492]]]}},{"type":"Feature","properties":{"district":"Zhongshan District, Keelung City","constituency_code":"TW-10017050","township_code":"10017050","county":"Keelung City","township_name_zh":"中山區"},"geometry":{"type":"Polygon","coordinates":[[[121.71745094380606,25.166948680137523],[121.73028006057643,25.163999712316922],[121.7350981451633,25.160167426785392],[121.73417162042404,25.158181329804563],[121.73851676593608,25.161008411608975],[121.74352203901094,25.15647572417538],[121.74850174525943,25.156249851349628],[121.75338191993967,25.159269931262372],[121.7566585431573,25.150858982256295],[121.75469325918664,25.144304671023804],[121.74348995929427,25.134507814584026],[121.7410543919467,25.135711924965392],[121.73678113913832,25.129073382330773],[121.73127053520705,25.137616950761696],[121.72446798860688,25.142165128118222],[121.72273052179617,25.13991435076673],[121.72127244736566,25.141642278468453],[121.72092348523074,25.13936433349727],[121.71247773875666,25.148894487890345],[121.7098505969276,25.158534674335783],[121.71503310839125,25.161272939094886],[121.71272425372138,25.166027766268428],[121.71745094380606,25.166948680137523]]]}},{"type":"Feature","properties":{"district":"Anle District, Keelung City","constituency_code":"TW-10017060","township_code":"10017060","county":"Keelung City","township_name_zh":"安樂區"},"geometry":{"type":"Polygon","coordinates":[[[121.7098887479674,25.176468985155566],[121.70847309545707,25.17268016475782],[121.71009099740172,25.170020239942176],[121.70725484863237,25.166028253700972],[121.71263113252076,25.165689058203498],[121.71505948190963,25.162344260978898],[121.7098505969276,25.158534674335783],[121.71247773875666,25.148894487890345],[121.72092348523074,25.13936433349727],[121.72127244736566,25.141642278468453],[121.72273052179617,25.13991435076673],[121.72446798860688,25.142165128118222],[121.73127053520705,25.137616950761696],[121.73641376518322,25.129304299453906],[121.73321156626082,25.126185897561186],[121.73477687944944,25.11929355905056],[121.73137069360268,25.113257795111224],[121.72638610043828,25.115878880006335],[121.72434382011124,25.11199228981235],[121.72111354885124,25.111923007840574],[121.71866474618116,25.115771741972367],[121.71342226612478,25.116219170878082],[121.70823957389723,25.12171120920499],[121.70303248396203,25.121067704710867],[121.70007219817342,25.1339250664887],[121.68113473857738,25.145690854549343],[121.68215684506242,25.150966293859426],[121.6776386969683,25.154811730177244],[121.67840350381869,25.157433191888344],[121.68727529242085,25.16156268357105],[121.69116846835016,25.166249221624355],[121.69894850516948,25.167216864266948],[121.70224800534129,25.173517449770543],[121.7098887479674,25.176468985155566]]]}},{"type":"Feature","properties":{"district":"Xinyi District, Keelung City","constituency_code":"TW-10017070","township_code":"10017070","county":"Keelung City","township_name_zh":"信義區"},"geometry":{"type":"Polygon","coordinates":[[[121.78053915785597,25.145022802160668],[121.78467084388444,25.13377794459649],[121.78978287727807,25.132238209925504],[121.79884172846312,25.119333936811813],[121.79776725085799,25.11431344271125],[121.79035483260952,25.1121942100948],[121.78592425689897,25.11818913402135],[121.78337484437361,25.116615121690586],[121.77352652512911,25.12027309702586],[121.76690760570148,25.11252309306633],[121.75183486478727,25.11100540257729],[121.75191921400062,25.118825160652705],[121.75552028293475,25.125223847802374],[121.7537149955507,25.128097206021266],[121.74623805004603,25.129509701011955],[121.74785948632632,25.13211796517203],[121.76312270364997,25.136710588822666],[121.76946877956061,25.13523918464068],[121.77654772020117,25.144197893617957],[121.78053915785597,25.145022802160668]]]}},{"type":"Feature","properties":{"district":"East District, Hsinchu City","constituency_code":"TW-10018010","township_code":"10018010","county":"Hsinchu City","township_name_zh":"東區"},"geometry":{"type":"Polygon","coordinates":[[[120.98675434623613,24.822188069024207],[120.99104636249967,24.824017589540176],[121.00039114953199,24.822058772594346],[121.02574450030852,24.799073787325483],[121.02060718067696,24.798805850509666],[121.02315178542665,24.796047969738083],[121.02062037283201,24.7941004141029],[121.02458768887084,24.78907109315645],[121.02305469012197,24.78510026706374],[121.02752301037867,24.782708684658132],[121.02495465813104,24.779988081684678],[121.0297023509828,24.777009965937225],[121.0281561861591,24.773163266971267],[121.0303765691234,24.7720357887207],[121.02989288764672,24.766468764022306],[121.03354342558873,24.763886136835822],[121.02822165320674,24.758318521282774],[121.0203961826378,24.75671032751967],[121.01356003286924,24.770934636324455],[120.99315893653579,24.780596804898664],[120.99028421314597,24.776891015308138],[120.98475969220613,24.77592299764825],[120.98838010735608,24.768065820581228],[120.98196829639983,24.76742905200922],[120.97941615533136,24.763292452085068],[120.96984058247699,24.765162500549025],[120.96741237787899,24.75646328555223],[120.96288033705798,24.755063070804113],[120.96078326373674,24.750882306073606],[120.95938973634736,24.752665058245896],[120.95811344457991,24.757139963338716],[120.96371884155133,24.765364094377503],[120.96327328503412,24.76790362335356],[120.96064712076804,24.76773996472764],[120.961461516236,24.777559602793474],[120.95620544472558,24.784557374223482],[120.95939702894975,24.785127630735644],[120.96098555633841,24.790107219172853],[120.96439584039581,24.790104063451793],[120.95880151497795,24.79679164162104],[120.96451827949511,24.796958726663945],[120.96392777834433,24.801822514797266],[120.9702196476187,24.8066391928445],[120.96825476294703,24.81294054726851],[120.97011089260366,24.81590306787234],[120.9809692161565,24.815985325262602],[120.978849238002,24.82429622019447],[120.98675434623613,24.822188069024207]]]}},{"type":"Feature","properties":{"district":"North District, Hsinchu City","constituency_code":"TW-10018020","township_code":"10018020","county":"Hsinchu City","township_name_zh":"北區"},"geometry":{"type":"Polygon","coordinates":[[[120.93011501679462,24.853014457251447],[120.94044946726922,24.849962021530132],[120.94481723432796,24.841066319954734],[120.95529174341925,24.83436095229615],[120.97464552796885,24.82995529769886],[120.98309068268895,24.830928699599838],[120.99104636249967,24.824017589540176],[120.98675434623613,24.822188069024207],[120.978849238002,24.82429622019447],[120.9809692161565,24.815985325262602],[120.97011089260366,24.81590306787234],[120.96825476294703,24.81294054726851],[120.9702196476187,24.8066391928445],[120.96392777834433,24.801822514797266],[120.96451827949511,24.796958726663945],[120.95880151497795,24.79679164162104],[120.96439584039581,24.790104063451793],[120.96098555633841,24.790107219172853],[120.95939702894975,24.785127630735644],[120.95515067846111,24.784642912340587],[120.9497162704896,24.79158964364717],[120.95701925833214,24.79895613261948],[120.94500837443695,24.80258060640989],[120.94332073816156,24.8070151265469],[120.94572921792917,24.80681522614185],[120.94670665598744,24.809316109450947],[120.93898438262318,24.814846922047877],[120.93983082453303,24.819569398808767],[120.93033732740582,24.824932952793574],[120.92015388659263,24.82480321299795],[120.905773557104,24.828512821109882],[120.91575561183208,24.841126363191165],[120.91675979842603,24.848745601228586],[120.91296865597872,24.854077768873992],[120.93011501679462,24.853014457251447]]]}},{"type":"Feature","properties":{"district":"Xiangshan District, Hsinchu City","constituency_code":"TW-10018030","township_code":"10018030","county":"Hsinchu City","township_name_zh":"香山區"},"geometry":{"type":"Polygon","coordinates":[[[120.90359337833183,24.8253502768938],[120.905773557104,24.828512821109882],[120.92015388659263,24.82480321299795],[120.93033732740582,24.824932952793574],[120.93983082453303,24.819569398808767],[120.93898438262318,24.814846922047877],[120.94670665598744,24.809316109450947],[120.94572921792917,24.80681522614185],[120.94332073816156,24.8070151265469],[120.94500837443695,24.80258060640989],[120.95701925833214,24.79895613261948],[120.9496952560313,24.791780742387402],[120.961461516236,24.777559602793474],[120.96064712076804,24.76773996472764],[120.96327328503412,24.76790362335356],[120.96368752445971,24.76509653617626],[120.95805285005906,24.756664431518345],[120.96078326373674,24.750882306073606],[120.95747526227365,24.749634058764855],[120.95776652030872,24.745562439355126],[120.95418407723344,24.74343447612023],[120.943982601416,24.744043074328488],[120.9398611352832,24.732743666586998],[120.9418219891935,24.728557410596068],[120.93801226315543,24.72942080742439],[120.93862659274316,24.71661146674586],[120.9354284740449,24.71259406026769],[120.93024235540042,24.71663332117089],[120.92364332447994,24.714550566855223],[120.91366660273161,24.717333133117677],[120.91628010274462,24.721531918463313],[120.907806599595,24.741071407619415],[120.8974331104497,24.733464258268953],[120.89104138315338,24.73177258853417],[120.88356771297958,24.73452826866469],[120.88103599461556,24.733288416527273],[120.87453684689808,24.738320098194038],[120.89777842043782,24.76468222030826],[120.89675960367288,24.768062628887265],[120.89514716241172,24.765575641902387],[120.89275035404569,24.76931737829443],[120.89136787212965,24.774781141936216],[120.89320724202071,24.780781811631357],[120.89211325092583,24.79193423777491],[120.90359337833183,24.8253502768938]]]}},{"type":"Feature","properties":{"district":"East District, Chiayi City","constituency_code":"TW-10020010","township_code":"10020010","county":"Chiayi City","township_name_zh":"東區"},"geometry":{"type":"Polygon","coordinates":[[[120.45882066704019,23.454026110116956],[120.45286842583721,23.44486533876443],[120.449640667283,23.443421359408262],[120.45156230085956,23.451369334727076],[120.44702698920423,23.457196087229704],[120.44720298832726,23.46173838032206],[120.45175183927597,23.46255199607782],[120.4494663858651,23.47032938169565],[120.45180290727842,23.470555403808874],[120.45184455578169,23.474010609901768],[120.45026607022305,23.473865087004185],[120.44758672005116,23.486615942072092],[120.45007867129368,23.49287754556235],[120.44716664942143,23.504948561726792],[120.44212567146258,23.497980029954476],[120.43378895339754,23.50983615131736],[120.43361611719013,23.517167850016335],[120.44050373246137,23.511937376808532],[120.44214795396499,23.513320817401848],[120.44068267866271,23.518322751293965],[120.4569865518879,23.515795941429587],[120.45693509897569,23.510436953302815],[120.4654997601059,23.498739849164735],[120.46972138193632,23.499771082869245],[120.47350181705531,23.506846754474168],[120.48315530267519,23.50536168599308],[120.48433688953594,23.49512799196333],[120.4894239343671,23.491365402091674],[120.50125588375215,23.489906003859062],[120.50373149431312,23.485000867596],[120.50182119399301,23.480928046692043],[120.50923816101238,23.474840267764193],[120.50861575911006,23.471370730075193],[120.49971488373501,23.465387214948066],[120.50066154069759,23.460971753243882],[120.49518010267968,23.452863486360854],[120.48961614556868,23.452245590061978],[120.47540006466136,23.462118961720762],[120.46865532648224,23.46159747364453],[120.46455109315843,23.45829545627032],[120.46452353703171,23.455611638266532],[120.45882066704019,23.454026110116956]]]}},{"type":"Feature","properties":{"district":"West District, Chiayi City","constituency_code":"TW-10020020","township_code":"10020020","county":"Chiayi City","township_name_zh":"西區"},"geometry":{"type":"Polygon","coordinates":[[[120.45173940794734,23.46256708580239],[120.44720298832726,23.46173838032206],[120.44703528095351,23.454992424460897],[120.45156230085956,23.451369334727076],[120.45025262805643,23.4438619282854],[120.43957525979044,23.439555106483056],[120.43586045449649,23.443583679843016],[120.43803852705639,23.44653124831848],[120.4302005235354,23.45217644838442],[120.42929777866959,23.461040564870245],[120.4151607580626,23.46027436227206],[120.41127934346696,23.464784307649722],[120.39417267602823,23.462519047616013],[120.39428023314633,23.466462599969077],[120.39927815066619,23.47106821882329],[120.39906906728368,23.478417579307916],[120.39343824018272,23.482376509168603],[120.39472183804241,23.49074659208162],[120.38978510679726,23.49135030697113],[120.38934468810692,23.49864984771233],[120.39447205853878,23.500810417666685],[120.40020464033194,23.498755150230068],[120.40100958752248,23.501870630225483],[120.40880634903385,23.506571574518603],[120.40831820422181,23.4987044788287],[120.41096685963294,23.4987157536292],[120.41675390346995,23.5053568170635],[120.43378895339754,23.50983615131736],[120.44212567146258,23.497980029954476],[120.44716664942143,23.504948561726792],[120.45019459840205,23.49227499169757],[120.44758672005116,23.486615942072092],[120.45026607022305,23.473865087004185],[120.45184455578169,23.474010609901768],[120.45180290727842,23.470555403808874],[120.4494663858651,23.47032938169565],[120.45173940794734,23.46256708580239]]]}},{"type":"Feature","properties":{"district":"Songshan District, Taipei City","constituency_code":"TW-63000010","township_code":"63000010","county":"Taipei City","township_name_zh":"松山區"},"geometry":{"type":"Polygon","coordinates":[[[121.5697144882331,25.07628957060723],[121.57219540209621,25.07144638594201],[121.5693947918362,25.064458278626716],[121.57137496768064,25.05266309982227],[121.57992874161823,25.05291567351958],[121.58007026253267,25.04946203134773],[121.56927234014643,25.04924612031226],[121.55420083310207,25.044429158079254],[121.54384985218894,25.044904206963622],[121.54434476979532,25.06698225922395],[121.53879680352975,25.069011255664975],[121.53861901115852,25.071273833920372],[121.54880870495788,25.071057421063188],[121.5524093062445,25.072969632442607],[121.55269733391492,25.075629013168452],[121.56260013318968,25.07243246288789],[121.5697144882331,25.07628957060723]]]}},{"type":"Feature","properties":{"district":"Xinyi District, Taipei City","constituency_code":"TW-63000020","township_code":"63000020","county":"Taipei City","township_name_zh":"信義區"},"geometry":{"type":"Polygon","coordinates":[[[121.57995883743047,25.049501475612658],[121.58078288981858,25.045256010056846],[121.58673220103026,25.041529304034214],[121.5920311854909,25.03117786986286],[121.578042643853,25.013865743309452],[121.57238852790829,25.01357414353197],[121.56595093428825,25.008123993827326],[121.55262375678103,25.024389599100743],[121.55736397806515,25.0293624830922],[121.55769470464702,25.045206988911445],[121.56927234014643,25.04924612031226],[121.57995883743047,25.049501475612658]]]}},{"type":"Feature","properties":{"district":"Da'an District, Taipei City","constituency_code":"TW-63000030","township_code":"63000030","county":"Taipei City","township_name_zh":"大安區"},"geometry":{"type":"Polygon","coordinates":[[[121.54384985218894,25.044904206064302],[121.55769470464702,25.045206988911445],[121.55736397806515,25.0293624830922],[121.55262375588165,25.024389598201424],[121.56595093428825,25.008123993827326],[121.55823229868167,25.012261275437538],[121.55282900455495,25.008885387750468],[121.53796421028017,25.008429489929085],[121.52174447222967,25.028039715260718],[121.52430849873826,25.035417870238575],[121.53268242895103,25.033642715538917],[121.5329316229961,25.045462520478964],[121.54384985218894,25.044904206064302]]]}},{"type":"Feature","properties":{"district":"Zhongshan District, Taipei City","constituency_code":"TW-63000040","township_code":"63000040","county":"Taipei City","township_name_zh":"中山區"},"geometry":{"type":"Polygon","coordinates":[[[121.54147452592872,25.092868246072726],[121.54499995288563,25.09035647017498],[121.55217261097732,25.092405535886826],[121.55722406064194,25.087940880367398],[121.55782897252914,25.084383341318187],[121.56096326724105,25.08446266242197],[121.56428028800497,25.07886607520925],[121.57038194527058,25.07703621654821],[121.57250820518959,25.07461311020694],[121.56939840801022,25.07627565179996],[121.56215659744907,25.072423249333553],[121.55269733391492,25.075629013168452],[121.5524093062445,25.072969632442607],[121.54880870495788,25.071057421063188],[121.53861901115852,25.071273833920372],[121.53879680352975,25.069011255664975],[121.54434476979532,25.06698225922395],[121.54384985218894,25.044904206963622],[121.51865790813599,25.0483670734817],[121.51993330417872,25.070966686663326],[121.5225008848081,25.07711107971261],[121.52572447500461,25.074722554102664],[121.52438017290672,25.081111176039997],[121.54147452592872,25.092868246072726]]]}},{"type":"Feature","properties":{"district":"Zhongzheng District, Taipei City","constituency_code":"TW-63000050","township_code":"63000050","county":"Taipei City","township_name_zh":"中正區"},"geometry":{"type":"Polygon","coordinates":[[[121.51342194276856,25.04939593927122],[121.5329316229961,25.045462519579644],[121.53268242895103,25.033642715538917],[121.52430849873826,25.035417869339256],[121.52169704738094,25.028139450075628],[121.53706519850016,25.01126656230207],[121.53184668177903,25.008668647540105],[121.52723579379688,25.010834827465374],[121.52028855707135,25.01885657866825],[121.51240302887675,25.02174349416697],[121.51234128232443,25.0239896705869],[121.50418652858548,25.02987611379166],[121.50965114388521,25.047316790337675],[121.51342194276856,25.04939593927122]]]}},{"type":"Feature","properties":{"district":"Datong District, Taipei City","constituency_code":"TW-63000060","township_code":"63000060","county":"Taipei City","township_name_zh":"大同區"},"geometry":{"type":"Polygon","coordinates":[[[121.51411292247349,25.079413176876642],[121.5225008848081,25.07711107971261],[121.5189914459985,25.064647781969597],[121.52021280537667,25.051109341123265],[121.51865790813599,25.0483670734817],[121.51204330185692,25.049853806607928],[121.50899255686102,25.0482879268464],[121.50464234366927,25.049752390060803],[121.50704626837069,25.0699895588711],[121.5046775943955,25.078121259388638],[121.51411292247349,25.079413176876642]]]}},{"type":"Feature","properties":{"district":"Wanhua District, Taipei City","constituency_code":"TW-63000070","township_code":"63000070","county":"Taipei City","township_name_zh":"萬華區"},"geometry":{"type":"Polygon","coordinates":[[[121.50521431338996,25.04948784818572],[121.51068254846086,25.048327276682528],[121.50413535356381,25.02996424915085],[121.51234128232443,25.0239896705869],[121.51240302887675,25.02174349416697],[121.50846044149625,25.02090923986958],[121.4991133944676,25.011120750722114],[121.49311656128032,25.009227488957492],[121.48876346396275,25.015316651941987],[121.48880304492468,25.02334672906835],[121.48377961633628,25.03676606909886],[121.48882034428357,25.0425683555452],[121.49565751478258,25.042958916720693],[121.50521431338996,25.04948784818572]]]}},{"type":"Feature","properties":{"district":"Wenshan District, Taipei City","constituency_code":"TW-63000080","township_code":"63000080","county":"Taipei City","township_name_zh":"文山區"},"geometry":{"type":"Polygon","coordinates":[[[121.59726073689353,25.014382644843238],[121.59591195347389,25.00450540070375],[121.600466510621,25.00108242991024],[121.5981392630166,24.99449441928209],[121.60197218436883,24.99028550127491],[121.59950912924296,24.978145484626452],[121.60521013763775,24.974357204721287],[121.61435582735965,24.9735095586193],[121.61961026390259,24.97027444361072],[121.6196431404187,24.967157724349534],[121.59724690621977,24.960500194328574],[121.5933958833134,24.964210528193348],[121.58567404162375,24.96321172763919],[121.57863681603624,24.966587499313675],[121.57455696243392,24.966843162182215],[121.57254284797409,24.96398042945333],[121.56126675695532,24.964687042073365],[121.55367950420577,24.9774219557587],[121.55236900852299,24.986964197040095],[121.54903468120563,24.983760855079424],[121.54506155554645,24.983667972199214],[121.54417379428526,24.988207661754245],[121.53690324498882,24.988652263191454],[121.53517584608846,24.99513330305956],[121.5316987046316,24.99050576862635],[121.53051427681248,24.99800921715172],[121.53390557438286,25.00339105345438],[121.53184668177903,25.008668647540105],[121.5357021095648,25.010963956621367],[121.53796421028017,25.008429489929085],[121.54472392217133,25.007842179573004],[121.55307774084508,25.008966699053985],[121.55823229868167,25.012261275437538],[121.56451160622566,25.00776085208173],[121.57238852790829,25.01357414263265],[121.5804529195666,25.01222070072481],[121.59726073689353,25.014382644843238]]]}},{"type":"Feature","properties":{"district":"Nangang District, Taipei City","constituency_code":"TW-63000090","township_code":"63000090","county":"Taipei City","township_name_zh":"南港區"},"geometry":{"type":"Polygon","coordinates":[[[121.61425851441902,25.064509743230133],[121.62004964567473,25.06202479860565],[121.62422973591367,25.05585103639629],[121.62052520177667,25.056648731453834],[121.62092692174008,25.05350503702789],[121.61630622755047,25.050552932372],[121.62186111319988,25.04011243923776],[121.64671774772592,25.027993200525827],[121.66592477370943,25.029919952144155],[121.66405467218544,25.023174262482257],[121.65381746360515,25.024420324438495],[121.64624661448977,25.02171634723169],[121.64298102775228,25.02455901248851],[121.63568731551732,25.0232110555458],[121.63236053531057,25.0256346709034],[121.6289356651489,25.01992908046276],[121.62328385776391,25.017266228353833],[121.60925759586144,25.02094678566567],[121.60412591138174,25.019087253873693],[121.60248459199045,25.015008205164577],[121.5806515231493,25.01222969574394],[121.578042643853,25.013865743309452],[121.59204557104636,25.031279040895072],[121.58673220103026,25.041529304034214],[121.58069436235496,25.045399036436436],[121.57992874161823,25.05291567351958],[121.59403238029017,25.059988124652307],[121.60805267878811,25.0599493557782],[121.61425851441902,25.064509743230133]]]}},{"type":"Feature","properties":{"district":"Neihu District, Taipei City","constituency_code":"TW-63000100","township_code":"63000100","county":"Taipei City","township_name_zh":"內湖區"},"geometry":{"type":"Polygon","coordinates":[[[121.5935983314979,25.115142630228263],[121.59838494970575,25.108909987605898],[121.61540662581524,25.103868143599982],[121.62215845514868,25.09731731993844],[121.62554097533575,25.097004173304015],[121.62797618745117,25.083250634409296],[121.62426184980461,25.08034422970246],[121.62493822631814,25.077993852434417],[121.62061941475429,25.073226315142392],[121.62150997200763,25.069574761865795],[121.61614003823229,25.06393387314978],[121.61293503432444,25.06443094553174],[121.6053124966744,25.059432266286137],[121.59403238029017,25.059988124652307],[121.58573514156365,25.05435209047664],[121.5720488845484,25.05190022021901],[121.5693947918362,25.064458278626716],[121.57250839494657,25.074653469981683],[121.56428028800497,25.07886607520925],[121.56096326724105,25.08446266242197],[121.55782897252914,25.084383341318187],[121.55722406064194,25.087940880367398],[121.55217261097732,25.092405535886826],[121.55876117199057,25.098732154065715],[121.56704200348577,25.099157075638573],[121.57034005574906,25.105457756470344],[121.57629739520871,25.106902330278388],[121.57902586904868,25.105083776994775],[121.58524413960538,25.10854974077796],[121.58814257452025,25.113883563175932],[121.5935983314979,25.115142630228263]]]}},{"type":"Feature","properties":{"district":"Shilin District, Taipei City","constituency_code":"TW-63000110","township_code":"63000110","county":"Taipei City","township_name_zh":"士林區"},"geometry":{"type":"Polygon","coordinates":[[[121.58089145327801,25.19535059325534],[121.58376449133823,25.19459398372544],[121.58399706860985,25.188790568629884],[121.58086818332004,25.181793708213092],[121.58350350448325,25.176838374491467],[121.57706836331442,25.167003157469765],[121.58986940145178,25.16371539704801],[121.5918403151785,25.155885015281285],[121.58939014014288,25.152385915977277],[121.59358116793658,25.150299023880905],[121.5983907053668,25.140305815760826],[121.60569206543653,25.136741688278335],[121.60459096250293,25.13085268560303],[121.60783189702454,25.130201839943027],[121.60443369535881,25.12592032955962],[121.60171875361766,25.12602522108716],[121.59598865934925,25.11423307389731],[121.58814257452025,25.113883563175932],[121.58524413960538,25.10854974077796],[121.57902586904868,25.105083776994775],[121.57629739520871,25.106902330278388],[121.57034005574906,25.105457756470344],[121.56704200348577,25.099157075638573],[121.55876117199057,25.098732154065715],[121.55421579062624,25.092547739386703],[121.54499995288563,25.09035647017498],[121.54147452592872,25.092868246072726],[121.53833700534858,25.09164963951929],[121.52460991371663,25.08149227275021],[121.52507358527782,25.074202398821683],[121.51354167131115,25.08079181149293],[121.5046775943955,25.078121259388638],[121.49976723307145,25.087234603194418],[121.48874809994493,25.097139628291245],[121.48075153605464,25.100945511526163],[121.46609933431694,25.101723309083525],[121.45733133917008,25.10709893556748],[121.46092996734421,25.11618142453318],[121.47022536001236,25.11069807905318],[121.48996516955697,25.11530003227074],[121.49589892339668,25.111577863327796],[121.49757267144173,25.098069544374027],[121.50837909781717,25.09580337512574],[121.51711801518434,25.099493385211588],[121.5211540969841,25.10891681615817],[121.52567267045742,25.11230077615994],[121.52357712058767,25.117712944796608],[121.53132375748544,25.127444880976554],[121.53120376094489,25.136962109413844],[121.5480104873941,25.14352732672478],[121.55577037490298,25.160007186482517],[121.56109404035772,25.1630033183485],[121.56311059917482,25.169978055442982],[121.56094625566527,25.175173455090942],[121.56802363868007,25.18379335797715],[121.56703337179272,25.188715117308845],[121.57583826342523,25.19531724459523],[121.58089145327801,25.19535059325534]]]}},{"type":"Feature","properties":{"district":"Beitou District, Taipei City","constituency_code":"TW-63000120","township_code":"63000120","county":"Taipei City","township_name_zh":"北投區"},"geometry":{"type":"Polygon","coordinates":[[[121.55991095792444,25.210140659264084],[121.56272366946189,25.20935674991415],[121.56598872829727,25.199769165714486],[121.57175021160299,25.195384955451402],[121.5730797603228,25.194975908711285],[121.57557735481112,25.19557903904149],[121.57610840897598,25.195326147883463],[121.56703337179272,25.188715117308845],[121.56802363868007,25.18379335797715],[121.56094625566527,25.175173455090942],[121.56311059917482,25.169978055442982],[121.56109404035772,25.1630033183485],[121.55577037490298,25.160007186482517],[121.5480104873941,25.14352732672478],[121.53120376094489,25.136962109413844],[121.53132375748544,25.127444880976554],[121.52357712058767,25.117712944796608],[121.52567267045742,25.11230077615994],[121.5211540969841,25.10891681615817],[121.51711801518434,25.099493385211588],[121.50837909781717,25.09580337512574],[121.49757267144173,25.098069544374027],[121.49645216113834,25.110264314446624],[121.49118119055959,25.115045801122847],[121.47163669128031,25.11065803224244],[121.46179172111113,25.115215959149225],[121.45879320424308,25.122940124687034],[121.46482619377389,25.124255521675025],[121.46571399280663,25.13168608194718],[121.48286438528316,25.150220845815454],[121.48746897621231,25.1514385719326],[121.49236619304543,25.160372353501373],[121.49878647201808,25.16500120993794],[121.50257076702735,25.173252647092056],[121.51042311833226,25.16943560147189],[121.51353712883554,25.170993730876035],[121.51994790287347,25.169273220782543],[121.52256226083978,25.174680676971718],[121.52183016143283,25.179225877572264],[121.52600571549146,25.182976492071475],[121.54109547967266,25.18737801248534],[121.54469779506724,25.195560048957134],[121.5525977357969,25.19881050819845],[121.55166023303343,25.203331177092196],[121.55500941265439,25.20843018470532],[121.55991095792444,25.210140659264084]]]}},{"type":"Feature","properties":{"district":"Yancheng District, Kaohsiung City","constituency_code":"TW-64000010","township_code":"64000010","county":"Kaohsiung City","township_name_zh":"鹽埕區"},"geometry":{"type":"Polygon","coordinates":[[[120.28596188753113,22.631739840321416],[120.28989607434437,22.623218539104357],[120.29018308757952,22.614938097015624],[120.27707270244332,22.622800033294936],[120.2851671710282,22.634721955353996],[120.28596188753113,22.631739840321416]]]}},{"type":"Feature","properties":{"district":"Gushan District, Kaohsiung City","constituency_code":"TW-64000020","township_code":"64000020","county":"Kaohsiung City","township_name_zh":"鼓山區"},"geometry":{"type":"Polygon","coordinates":[[[120.27878159869192,22.673797676321783],[120.28852911472688,22.667722230696427],[120.29353835920801,22.67254168405151],[120.29863417242916,22.666493060706216],[120.30330824408031,22.665810843095983],[120.30322715940599,22.656223449552613],[120.30881706555522,22.656603524633],[120.30616878246337,22.653246722358404],[120.29599376020394,22.65228027581412],[120.29252611199058,22.649536477526453],[120.28720735863271,22.65029346027501],[120.28198932574685,22.64534823763114],[120.2851671710282,22.634721955353996],[120.27707270244332,22.622800033294936],[120.29018308757952,22.614938097015624],[120.28886284504438,22.611023446175125],[120.28126551718992,22.6143383526329],[120.27760013863553,22.61109937503619],[120.25650986483845,22.619580186076803],[120.26329575869238,22.624013988554793],[120.2632503024596,22.627376586959997],[120.25613201378144,22.63624799874617],[120.24991379178812,22.65091608341055],[120.25115424377339,22.661932435833307],[120.25635580647531,22.668603920634496],[120.25859743952026,22.667414386464827],[120.26406460529734,22.671642818861073],[120.27878159869192,22.673797676321783]]]}},{"type":"Feature","properties":{"district":"Zuoying District, Kaohsiung City","constituency_code":"TW-64000030","township_code":"64000030","county":"Kaohsiung City","township_name_zh":"左營區"},"geometry":{"type":"Polygon","coordinates":[[[120.30864537418472,22.65504707246447],[120.30774532818441,22.65688252041201],[120.30322715940599,22.656223449552613],[120.30330824408031,22.665810843095983],[120.29863417242916,22.666493060706216],[120.29324523418029,22.672649408443476],[120.28852911472688,22.667722230696427],[120.27759807559073,22.67414066156232],[120.26406460529734,22.671642818861073],[120.25761029058253,22.66786139628647],[120.26454463642585,22.676427141099737],[120.26282253812974,22.68903546801249],[120.25805154744103,22.689319327325165],[120.25805194584063,22.693622959232243],[120.26347657548365,22.69679919202912],[120.26636389387863,22.706211199787106],[120.29252362626437,22.705136102549147],[120.29681370179094,22.709527791574374],[120.29985361625143,22.707786493651838],[120.29481061212016,22.705315513700043],[120.29773965546076,22.700706368604074],[120.30252826926426,22.70077379617379],[120.30804872886586,22.69520654664484],[120.31190461530582,22.699373596714167],[120.32116951825867,22.690208303570387],[120.3247078657754,22.6851604826702],[120.32205303382057,22.681645075959523],[120.32662828346861,22.679756879176693],[120.31762659679009,22.6695823623362],[120.31475833592856,22.669012461056298],[120.31108174102962,22.6622348364686],[120.3122438872457,22.65601079676094],[120.30864537418472,22.65504707246447]]]}},{"type":"Feature","properties":{"district":"Nanzi District, Kaohsiung City","constituency_code":"TW-64000040","township_code":"64000040","county":"Kaohsiung City","township_name_zh":"楠梓區"},"geometry":{"type":"Polygon","coordinates":[[[120.32730859451613,22.754883647462407],[120.33071255094353,22.75529741474395],[120.33435840791424,22.752425912725755],[120.33576364357737,22.745420386441708],[120.34079407698516,22.743939269581688],[120.33720722723183,22.740057242547778],[120.34019574543731,22.738397526624624],[120.33856248397149,22.733652787146468],[120.34053538070327,22.730473002027452],[120.33550738086103,22.7275681198729],[120.33407401890088,22.72386107303015],[120.33760768184914,22.721182686032193],[120.33436266620413,22.72241247295733],[120.33009642091315,22.718063310173648],[120.32428106282089,22.7176840930465],[120.32941641293712,22.711339658398572],[120.32567185537187,22.708892881901022],[120.329589937126,22.70461254693157],[120.32349851594381,22.705576451092384],[120.31489244283205,22.69588854032395],[120.31190461530582,22.699373596714167],[120.30804872886586,22.69520654664484],[120.30252826926426,22.70077379617379],[120.29773965546076,22.700706368604074],[120.29481061212016,22.705315513700043],[120.29985361625143,22.707786493651838],[120.29681370179094,22.709527791574374],[120.29252362626437,22.705136102549147],[120.27130847620526,22.704872507660127],[120.26841154585622,22.70688518770129],[120.26309796449948,22.700247780910388],[120.26347657548365,22.69679919202912],[120.25805194584063,22.693622959232243],[120.26224694504049,22.69823105122208],[120.25578536020623,22.714184187949968],[120.25627984164146,22.718535328342796],[120.263462261874,22.727838380536866],[120.26926231350501,22.73163965024969],[120.27518159725298,22.731683486803547],[120.2775460597029,22.737911322549564],[120.28504702789803,22.735731840751896],[120.28572340081439,22.737665541431625],[120.29125852206323,22.737224162265306],[120.29657601367217,22.728364287881618],[120.29921445997945,22.73208222281636],[120.3009740366225,22.729023383922083],[120.31012389110481,22.7297982200119],[120.31138099133977,22.731472552616253],[120.30845132207094,22.73637948932202],[120.31571018018076,22.737030683918988],[120.32233698306538,22.733881358837664],[120.32573901494368,22.735932216898334],[120.32300431060048,22.73955583723216],[120.32581528284913,22.741683292350103],[120.32313156287137,22.744369083466495],[120.32661691513863,22.748160877022883],[120.32499360826841,22.755963645106192],[120.32730859451613,22.754883647462407]]]}},{"type":"Feature","properties":{"district":"Sanmin District, Kaohsiung City","constituency_code":"TW-64000050","township_code":"64000050","county":"Kaohsiung City","township_name_zh":"三民區"},"geometry":{"type":"Polygon","coordinates":[[[120.32595087093603,22.679945866308742],[120.32791191820047,22.67600593912283],[120.32646305642493,22.674928811215693],[120.32946569758394,22.676510212376456],[120.33063682892657,22.675945657566103],[120.32684545625284,22.673905727167607],[120.32803773695207,22.671632385826],[120.33773971581525,22.673489272711834],[120.33959120856753,22.67199975798252],[120.33334671377986,22.6656378980706],[120.33653100000572,22.65990385038242],[120.33076646709878,22.660008333617725],[120.33702309194223,22.652440731954243],[120.3455098295151,22.646177294746394],[120.34848824653545,22.6466243342457],[120.34589586889933,22.641687167728662],[120.3501508097122,22.638829810247614],[120.34519446695117,22.63712283585022],[120.34468183899571,22.63378622695285],[120.31736734472724,22.638491461012165],[120.32075926372909,22.632258122314568],[120.31361394502756,22.636631883354767],[120.29971470427029,22.636904409410988],[120.28596188753113,22.631739840321416],[120.28175989070644,22.64327691100067],[120.28261320253728,22.646288638010276],[120.2873906161841,22.650361356391556],[120.29252611199058,22.649536477526453],[120.29582707985594,22.652233097379565],[120.31138826685515,22.655061150451786],[120.31108174102962,22.6622348364686],[120.31475833592856,22.669012461056298],[120.31762659679009,22.6695823623362],[120.32595087093603,22.679945866308742]]]}},{"type":"Feature","properties":{"district":"Xinxing District, Kaohsiung City","constituency_code":"TW-64000060","township_code":"64000060","county":"Kaohsiung City","township_name_zh":"新興區"},"geometry":{"type":"Polygon","coordinates":[[[120.3167498315396,22.634293549807524],[120.31790576433957,22.630260508615606],[120.3132563152268,22.630572049960165],[120.31422411615006,22.627511057189565],[120.31093565065976,22.62639916778744],[120.31213055108412,22.623245332606075],[120.30216785516245,22.61991378779112],[120.30153758689016,22.62743631273571],[120.29757362532257,22.627829795808452],[120.29996900016931,22.628644819902547],[120.29710366660095,22.636057473773462],[120.31322844973317,22.63670060504893],[120.3167498315396,22.634293549807524]]]}},{"type":"Feature","properties":{"district":"Qianjin District, Kaohsiung City","constituency_code":"TW-64000070","township_code":"64000070","county":"Kaohsiung City","township_name_zh":"前金區"},"geometry":{"type":"Polygon","coordinates":[[[120.30216785516245,22.61991378779112],[120.29620971350755,22.617986823932824],[120.2949758877271,22.621032212566604],[120.29028026112519,22.620532251562224],[120.28596188753113,22.631739840321416],[120.29710366660095,22.636057473773462],[120.29996900016931,22.628644819902547],[120.29757362532257,22.627829795808452],[120.30153758689016,22.62743631273571],[120.30216785516245,22.61991378779112]]]}},{"type":"Feature","properties":{"district":"Lingya District, Kaohsiung City","constituency_code":"TW-64000080","township_code":"64000080","county":"Kaohsiung City","township_name_zh":"苓雅區"},"geometry":{"type":"Polygon","coordinates":[[[120.31798413575927,22.63846001801545],[120.34468183899571,22.63378622695285],[120.33930276001445,22.62951880894593],[120.34554416293281,22.6265263067437],[120.33999252293665,22.624219919813527],[120.33818378935041,22.620614784145005],[120.34065403995203,22.61905468702423],[120.33716272517972,22.616329764606974],[120.3348762114681,22.61610635412501],[120.33452232104833,22.618481687579845],[120.32788946033043,22.617678061493393],[120.32667214520336,22.611705750120336],[120.32525150325432,22.614930052579894],[120.31819010748757,22.6153971136859],[120.31771072566949,22.61829663498179],[120.30517809289472,22.61409517954894],[120.29588211386852,22.607732475173634],[120.28886284504438,22.611023446175125],[120.29028026112519,22.620532251562224],[120.2949758877271,22.621032212566604],[120.29620971350755,22.617986823932824],[120.31213055108412,22.623245332606075],[120.31093565065976,22.62639916778744],[120.31422411615006,22.627511057189565],[120.3132563152268,22.630572049960165],[120.31790576433957,22.630260508615606],[120.3167498315396,22.634293549807524],[120.32075926372909,22.632258122314568],[120.31798413575927,22.63846001801545]]]}},{"type":"Feature","properties":{"district":"Qianzhen District, Kaohsiung City","constituency_code":"TW-64000090","township_code":"64000090","county":"Kaohsiung City","township_name_zh":"前鎮區"},"geometry":{"type":"Polygon","coordinates":[[[120.32696626937786,22.61237159557271],[120.33745060895853,22.610159512451617],[120.33917979571106,22.60546479236632],[120.32290257569332,22.59642926509855],[120.3205430909909,22.591113034339116],[120.3240808125795,22.58497580079262],[120.33408137445588,22.586200476870545],[120.335472058189,22.59052776544405],[120.33930990512806,22.581199898256727],[120.33712892595918,22.574120152722912],[120.32576548199143,22.568426077201764],[120.31710769786207,22.559066624924867],[120.29758327324953,22.581787276961336],[120.27760013863553,22.61109937503619],[120.28126551718992,22.6143383526329],[120.29588211386852,22.607732475173634],[120.30517809289472,22.61409517954894],[120.31771072566949,22.61829663498179],[120.31819010748757,22.6153971136859],[120.32525150325432,22.614930052579894],[120.32510904524634,22.611941778989944],[120.32696626937786,22.61237159557271]]]}},{"type":"Feature","properties":{"district":"Qijin District, Kaohsiung City","constituency_code":"TW-64000100","township_code":"64000100","county":"Kaohsiung City","township_name_zh":"旗津區"},"geometry":{"type":"Polygon","coordinates":[[[120.26640557205951,22.616520950581446],[120.2806497693714,22.608284175074687],[120.29758327324953,22.581787276961336],[120.32034342710756,22.555257284695983],[120.30340351376117,22.54551503149355],[120.29857853047486,22.547459318992424],[120.30342038953938,22.554334734060774],[120.30283780152342,22.557769705407622],[120.26678979661187,22.59999012264609],[120.26303198483834,22.601388488388068],[120.26580221150289,22.610529391018645],[120.26318463396376,22.61034934404705],[120.2631762936511,22.61297528348257],[120.25613391225033,22.617698012952985],[120.25650986483845,22.619580186076803],[120.26640557205951,22.616520950581446]]]}},{"type":"Feature","properties":{"district":"Xiaogang District, Kaohsiung City","constituency_code":"TW-64000110","township_code":"64000110","county":"Kaohsiung City","township_name_zh":"小港區"},"geometry":{"type":"Polygon","coordinates":[[[120.30442397988281,22.54601550960814],[120.32034342710756,22.555257284695983],[120.31710769786207,22.559066624025547],[120.31818719008686,22.561623750935382],[120.33086658322634,22.57205718798889],[120.33712892595918,22.574120152722912],[120.33926509191053,22.584528254975055],[120.36313758393237,22.585046996521726],[120.3702500530975,22.58788914376902],[120.37402686934456,22.582247218134682],[120.37984292171348,22.582527116833035],[120.38559310233984,22.577296605853746],[120.38618363047021,22.569100884398324],[120.39137717571612,22.56505910179618],[120.3936933229885,22.565771367554646],[120.39108252903554,22.5666251362411],[120.3917710311083,22.567375150143107],[120.39439308547253,22.56604551868577],[120.39415679220224,22.555966839897792],[120.3988617339819,22.5491830243771],[120.39239788915131,22.537220821683604],[120.38680051233382,22.535198367810494],[120.37926119075144,22.52773871267152],[120.37415920368437,22.526811893853846],[120.36642090979717,22.51853799343371],[120.35872378237673,22.500676637416916],[120.35096510355675,22.50953500543619],[120.33374819902019,22.521405276732196],[120.33699954049644,22.52484704065847],[120.3333533516759,22.5287791752188],[120.32532436542715,22.523482234017933],[120.32536313879791,22.52945325936048],[120.33143394392141,22.53285604576996],[120.32954941457388,22.533769637358944],[120.32524198482974,22.530085972889367],[120.32424599285832,22.52276166391971],[120.31244423281521,22.51486687450671],[120.28864151829146,22.54384107750377],[120.28624686649971,22.54379072536176],[120.28913242402223,22.54462937374666],[120.29340877499499,22.538426310725697],[120.2969636781313,22.540946766879813],[120.30374679397937,22.532690392447705],[120.3076109101155,22.53542970761498],[120.31681001956679,22.52423000950739],[120.32183313249311,22.527791194408167],[120.30749322842985,22.545251085868983],[120.30442397988281,22.54601550960814]]]}},{"type":"Feature","properties":{"district":"Fengshan District, Kaohsiung City","constituency_code":"TW-64000120","township_code":"64000120","county":"Kaohsiung City","township_name_zh":"鳳山區"},"geometry":{"type":"Polygon","coordinates":[[[120.37780462448393,22.637706785439832],[120.38196664194697,22.62993883820684],[120.386093405986,22.629515942806563],[120.38759573515506,22.62632897570171],[120.37817197685536,22.622439582320908],[120.379724170734,22.617029545077514],[120.37717940950222,22.60784279500905],[120.37291258414848,22.606539426453423],[120.37118640382948,22.602747952156335],[120.37154605170895,22.59775467693686],[120.3684066875187,22.59365717593795],[120.36964052139297,22.586967058982623],[120.34185239647093,22.583533757676832],[120.33525400047176,22.59057506798507],[120.33408137445588,22.586200476870545],[120.32336525170501,22.585404336740794],[120.32469426263015,22.58616059913237],[120.32052031566013,22.591217931262577],[120.32290257569332,22.59642926509855],[120.33917979571106,22.60546479236632],[120.33745060895853,22.610159512451617],[120.32696626937786,22.61237159557271],[120.32678001528552,22.616570531105197],[120.33452232104833,22.618481687579845],[120.3348762114681,22.61610635412501],[120.33716272517972,22.616329764606974],[120.34065403995203,22.61905468702423],[120.33818378935041,22.620614784145005],[120.33999252293665,22.624219919813527],[120.34475561398051,22.624948337395892],[120.3442671085403,22.62800254298304],[120.33930276001445,22.62951880894593],[120.34520145648207,22.63311358892105],[120.34519446695117,22.63712283585022],[120.35021168841877,22.63896152855176],[120.34589586889933,22.641687167728662],[120.34724012333311,22.647293264372706],[120.35272985130166,22.647339698168594],[120.35804513417565,22.64195524393938],[120.35910655902057,22.647518595806616],[120.36482910977566,22.644140676551046],[120.37092450596128,22.64864890602223],[120.37197024932766,22.646610597101414],[120.37457742171068,22.647444618474424],[120.37780462448393,22.637706785439832]]]}},{"type":"Feature","properties":{"district":"Linyuan District, Kaohsiung City","constituency_code":"TW-64000130","township_code":"64000130","county":"Kaohsiung City","township_name_zh":"林園區"},"geometry":{"type":"Polygon","coordinates":[[[120.3732478127364,22.491225442600125],[120.35893312206599,22.500712432233],[120.36111406346333,22.509614227614577],[120.37281277379054,22.525831722755868],[120.3800762724021,22.528211286621627],[120.38680051233382,22.535198367810494],[120.39249379645162,22.537403447011513],[120.39954511531494,22.537554056474562],[120.40328385336716,22.53381941483417],[120.40964222031232,22.532833449404222],[120.42745933508036,22.53427341688473],[120.42285604367157,22.518451438183376],[120.42573031200436,22.498172178403365],[120.42443392938242,22.46871286490682],[120.40185564272383,22.47388475987384],[120.3732478127364,22.491225442600125]]]}},{"type":"Feature","properties":{"district":"Daliao District, Kaohsiung City","constituency_code":"TW-64000140","township_code":"64000140","county":"Kaohsiung City","township_name_zh":"大寮區"},"geometry":{"type":"Polygon","coordinates":[[[120.43527981800923,22.62881873529642],[120.43445455333506,22.61390928878268],[120.43754688568026,22.60727406104911],[120.44546259782066,22.599586865741287],[120.44706980682622,22.587278451039708],[120.44253031692062,22.561576846794082],[120.43673963712456,22.547887291065706],[120.43126775800067,22.544675715811707],[120.42745933508036,22.53427341688473],[120.41361453838033,22.532517482495848],[120.40328385336716,22.53381941483417],[120.39954511531494,22.537554056474562],[120.39353661252471,22.536580588923073],[120.39252337605308,22.538432093366453],[120.3988617339819,22.5491830243771],[120.39415679220224,22.55596684079711],[120.3944220139648,22.56600370830455],[120.3917710311083,22.567375150143107],[120.3936933229885,22.565771368453966],[120.39137717571612,22.5650591026955],[120.38618363047021,22.569100884398324],[120.3855209722152,22.577379956819584],[120.37984292171348,22.582527117732354],[120.37402686934456,22.582247219034002],[120.37347392028528,22.58544261008842],[120.3690584702722,22.588538566701516],[120.37118640382948,22.602747952156335],[120.37291258414848,22.606539426453423],[120.37717940950222,22.60784279500905],[120.379724170734,22.617029545077514],[120.37817197685536,22.622439582320908],[120.38759573515506,22.62632897570171],[120.386093405986,22.629515942806563],[120.38196664194697,22.62993883820684],[120.3778922652159,22.638348131561088],[120.39574318010375,22.64458897150388],[120.41597745939225,22.643037197608635],[120.4259627894512,22.649194226132693],[120.4360610365876,22.651677980054785],[120.43527981800923,22.62881873529642]]]}},{"type":"Feature","properties":{"district":"Dashu District, Kaohsiung City","constituency_code":"TW-64000150","township_code":"64000150","county":"Kaohsiung City","township_name_zh":"大樹區"},"geometry":{"type":"Polygon","coordinates":[[[120.45431450241244,22.77177592461925],[120.4557413209053,22.71849308358901],[120.44882875304461,22.691183702865658],[120.43958808592151,22.678325484933225],[120.4360610365876,22.651677980054785],[120.4259627894512,22.649194226132693],[120.41597745939225,22.643037197608635],[120.4014810939774,22.64298507290283],[120.39959724271864,22.652077870797143],[120.40283026590407,22.65972370718339],[120.40258794447811,22.666441109569575],[120.39586164240097,22.677744805278564],[120.39767131487929,22.68076571526558],[120.3897775704786,22.68534352978014],[120.39336312970477,22.691976901313012],[120.39244989694521,22.694739099729702],[120.39691047673716,22.700580432041363],[120.3934735673513,22.70323498340781],[120.39986213802729,22.711928743117028],[120.40322648471454,22.724547505762814],[120.40004518963383,22.72589242929223],[120.40083456416392,22.734741103519184],[120.3972915653535,22.73546598047068],[120.39998227126489,22.738964303659714],[120.40506262334145,22.738615408974],[120.41058076808804,22.744100956893703],[120.4114210172662,22.757057265680317],[120.4172760732323,22.764321301187124],[120.41612967594381,22.768310819688622],[120.4191145572911,22.77469268771739],[120.4245424640635,22.774872569213755],[120.42852422411374,22.777792389107503],[120.43126083501954,22.774104147088792],[120.45431450241244,22.77177592461925]]]}},{"type":"Feature","properties":{"district":"Dashe District, Kaohsiung City","constituency_code":"TW-64000160","township_code":"64000160","county":"Kaohsiung City","township_name_zh":"大社區"},"geometry":{"type":"Polygon","coordinates":[[[120.41184872583813,22.758061245430156],[120.41173746711047,22.747254495298762],[120.40930123606324,22.742595845222127],[120.39568167367031,22.734875132181628],[120.39276314340441,22.7357987125406],[120.390926411225,22.741835541277283],[120.38839724153956,22.74188229792975],[120.37891050911276,22.734002855447443],[120.37819133566165,22.728288441758252],[120.37289253826009,22.72639455046817],[120.37222170966425,22.715302538081744],[120.36468137544523,22.709163110189422],[120.36019231862065,22.714468830572116],[120.35140605914239,22.717869523359866],[120.34940972967536,22.7155674540748],[120.34092588881879,22.71599534251112],[120.33407401890088,22.72386107303015],[120.33550738086103,22.7275681198729],[120.34053538070327,22.730473002027452],[120.33856248397149,22.733652787146468],[120.34019574543731,22.738397526624624],[120.33720722723183,22.740057242547778],[120.34079407698516,22.743939269581688],[120.33576364357737,22.745420386441708],[120.33610273025681,22.74903945800463],[120.33961246224544,22.747827266315312],[120.34074387502983,22.753352614631524],[120.34416133028128,22.753004316196268],[120.3436463371088,22.75569971387074],[120.348326373963,22.75161722165751],[120.35439419243812,22.752885141636],[120.36791288866891,22.74979039281243],[120.37013883304076,22.753519902021935],[120.37378265034909,22.751188371845956],[120.37442206112928,22.755119320200492],[120.38020753474996,22.75677632017107],[120.38376738595616,22.763314126146042],[120.38848296851427,22.762082957862276],[120.39103307351763,22.764775382378048],[120.39668171888627,22.760428780863606],[120.40111375599508,22.765738394411414],[120.40491265149774,22.766461511389707],[120.41184872583813,22.758061245430156]]]}},{"type":"Feature","properties":{"district":"Renwu District, Kaohsiung City","constituency_code":"TW-64000170","township_code":"64000170","county":"Kaohsiung City","township_name_zh":"仁武區"},"geometry":{"type":"Polygon","coordinates":[[[120.39724555513828,22.735307772635622],[120.40083456416392,22.734741103519184],[120.40004518963383,22.72589242929223],[120.40322648471454,22.724547505762814],[120.39986213802729,22.711928743117028],[120.3934735673513,22.70323498340781],[120.39691693566806,22.70066592339373],[120.39309446353877,22.69510505275605],[120.38966812208628,22.696588769556115],[120.37936262528501,22.68908823843151],[120.37952941445099,22.686393323692982],[120.36137771141227,22.66908328086879],[120.35718200264739,22.669267382883447],[120.3542787437691,22.673161064231806],[120.3477773027804,22.669962264746744],[120.33773971581525,22.673489272711834],[120.3270134810873,22.672321954494635],[120.33063682892657,22.675945657566103],[120.32636755921556,22.67502383538175],[120.32791191820047,22.67600593912283],[120.32633566835648,22.680420769502973],[120.32205303382057,22.681645075959523],[120.3247078657754,22.6851604826702],[120.31486838776596,22.695916314985993],[120.32349851594381,22.705576451092384],[120.3296141477748,22.704655905945344],[120.32567185537187,22.708892881901022],[120.32941641293712,22.711339658398572],[120.32443637483891,22.71787400648026],[120.33009642091315,22.718063310173648],[120.33498692520652,22.722416031574653],[120.34092588881879,22.71599534251112],[120.34940972967536,22.7155674540748],[120.35140605914239,22.717869523359866],[120.36019231862065,22.714468830572116],[120.36468137544523,22.709163110189422],[120.37222170966425,22.715302538081744],[120.37285183854158,22.72633470778061],[120.37819133566165,22.728288441758252],[120.37783546223682,22.73193564591338],[120.3808911678932,22.736123738319918],[120.38915200745919,22.74210870585216],[120.39297903915144,22.73938701290035],[120.39276314340441,22.7357987125406],[120.39724555513828,22.735307772635622]]]}},{"type":"Feature","properties":{"district":"Niaosong District, Kaohsiung City","constituency_code":"TW-64000180","township_code":"64000180","county":"Kaohsiung City","township_name_zh":"鳥松區"},"geometry":{"type":"Polygon","coordinates":[[[120.39244989694521,22.694739099729702],[120.39336312970477,22.691976901313012],[120.3897775704786,22.68534352978014],[120.39767131487929,22.68076571526558],[120.39586164240097,22.677744805278564],[120.40258794447811,22.666441109569575],[120.40283026590407,22.65972370718339],[120.39959724271864,22.652077870797143],[120.40140775336522,22.64301984788773],[120.39012181476994,22.64355408205529],[120.37780462448393,22.637706785439832],[120.37457742171068,22.647444618474424],[120.37197024932766,22.646610597101414],[120.37092450596128,22.64864890602223],[120.36482910977566,22.644140676551046],[120.35910655902057,22.647518595806616],[120.35804513417565,22.64195524393938],[120.35267697296399,22.647358122579362],[120.3455098295151,22.646177294746394],[120.33127957349359,22.65875982370693],[120.33207554904743,22.66049287934294],[120.33653100000572,22.65990385038242],[120.33334671377986,22.6656378980706],[120.34101537136235,22.673027214534386],[120.3477773027804,22.669962264746744],[120.35439410790184,22.673145809931214],[120.35718200264739,22.669267382883447],[120.36276398846735,22.66966241099152],[120.37481691476887,22.683920669203587],[120.37952941445099,22.686393323692982],[120.37936262528501,22.68908823843151],[120.38966812208628,22.696588769556115],[120.39244989694521,22.694739099729702]]]}},{"type":"Feature","properties":{"district":"Gangshan District, Kaohsiung City","constituency_code":"TW-64000190","township_code":"64000190","county":"Kaohsiung City","township_name_zh":"岡山區"},"geometry":{"type":"Polygon","coordinates":[[[120.35084504136557,22.825381391138365],[120.34690138289261,22.82322798878073],[120.3503849167306,22.81508283800264],[120.34764953699664,22.811519279790957],[120.34373768124908,22.811680843895886],[120.34433443538592,22.80848306154411],[120.33685737836538,22.809188244242137],[120.32866422807172,22.80432007191382],[120.3283573272289,22.80037669043196],[120.32418149707848,22.80519689382163],[120.31851575020175,22.795669215262137],[120.3146024159688,22.79466097902099],[120.31352845727258,22.791181240322032],[120.31678053259554,22.787859485526894],[120.31716771052152,22.780266249587783],[120.31505338730403,22.778176800718825],[120.31739444669643,22.775181308270817],[120.31484551800634,22.77085076954745],[120.30924450972645,22.77438725726614],[120.30609242282708,22.77281187077125],[120.30385994667927,22.77678284795013],[120.30000321847376,22.77772725031241],[120.2959632327171,22.775963940583438],[120.29458704875333,22.770692406129683],[120.29221764542808,22.77298008716133],[120.28936556247083,22.770096941620636],[120.28546824246553,22.77121677383508],[120.28043156776266,22.765760554605947],[120.2695783937279,22.770755449504463],[120.26718189203075,22.76753910424634],[120.26693731600437,22.770765037176773],[120.2634470705259,22.768889282514408],[120.25872392916608,22.77027590850645],[120.26207154576525,22.775691579103125],[120.2594404963819,22.77891017536433],[120.25511795443015,22.778823595832307],[120.25232274100176,22.790286372618027],[120.25648600672389,22.79541187785594],[120.26151969118087,22.796995376235657],[120.26288676681088,22.80275250772212],[120.25906267140522,22.809132058197974],[120.25494369729381,22.806559279487203],[120.25312529869359,22.80876239996485],[120.25651651892224,22.814050713070003],[120.25320115111231,22.818134444549003],[120.25474635905732,22.824987688630983],[120.26818946367291,22.82246959679452],[120.26693642837358,22.820267151707753],[120.27892047110288,22.816773465423125],[120.28345370802231,22.818788355997867],[120.2844890516285,22.82389514724332],[120.29515234640371,22.82899088042484],[120.29147182776273,22.833168435474988],[120.29438764657266,22.84011411007816],[120.30758758889613,22.83457587807436],[120.30847720455938,22.836964064639915],[120.31738108636807,22.83633062535813],[120.31976378077388,22.841574985896955],[120.32987014069454,22.83535093180012],[120.33475682017115,22.835315020971507],[120.3409086164396,22.836850478466886],[120.34410679629173,22.84215523297769],[120.34790196410438,22.831586882328793],[120.34211378082637,22.82850657481862],[120.35084504136557,22.825381391138365]]]}},{"type":"Feature","properties":{"district":"Qiaotou District, Kaohsiung City","constituency_code":"TW-64000200","township_code":"64000200","county":"Kaohsiung City","township_name_zh":"橋頭區"},"geometry":{"type":"Polygon","coordinates":[[[120.31484551800634,22.77085076954745],[120.3232599770663,22.76862817604956],[120.32977439527224,22.774621196111354],[120.33764120048113,22.75752643749513],[120.33181188581,22.757084759753923],[120.33108199693663,22.755081050450144],[120.32502811615473,22.756027572514483],[120.32661691513863,22.748160877022883],[120.32313156287137,22.744369083466495],[120.32581528284913,22.741683292350103],[120.32300431060048,22.73955583723216],[120.32573901494368,22.735932216898334],[120.32226633592268,22.733876913488814],[120.31571018018076,22.737030683918988],[120.30845132207094,22.73637948932202],[120.31138099133977,22.731472552616253],[120.31012389110481,22.7297982200119],[120.3009740366225,22.729023383922083],[120.29921445997945,22.73208222281636],[120.29657601367217,22.728364287881618],[120.29125852206323,22.737224162265306],[120.28572340081439,22.737665541431625],[120.28504702789803,22.735731840751896],[120.2775460597029,22.737911322549564],[120.27518159725298,22.731683486803547],[120.26601785543971,22.729914564405647],[120.26564304858789,22.73421626277036],[120.26301391296181,22.735631229997296],[120.26623184012738,22.738459238103417],[120.26463371877117,22.74124945939508],[120.26927203067976,22.740651917452055],[120.27159664596854,22.74881706465584],[120.27421401216702,22.75072633615156],[120.27621189476315,22.758363645166128],[120.27479933412201,22.76711231298293],[120.28058804260411,22.765813279159545],[120.28278168962333,22.769304167653274],[120.28545065442427,22.76900488856478],[120.28513901325493,22.771048749000613],[120.28936556247083,22.770096941620636],[120.29214440643932,22.772971616446966],[120.29458704875333,22.770692406129683],[120.2959632327171,22.775963940583438],[120.30000321847376,22.77772725031241],[120.30385994667927,22.77678284795013],[120.30609242282708,22.77281187077125],[120.30924450972645,22.77438725726614],[120.31484551800634,22.77085076954745]]]}},{"type":"Feature","properties":{"district":"Yanchao District, Kaohsiung City","constituency_code":"TW-64000210","township_code":"64000210","county":"Kaohsiung City","township_name_zh":"燕巢區"},"geometry":{"type":"Polygon","coordinates":[[[120.41801405150738,22.808465281947235],[120.41538893854874,22.8061951170111],[120.42274504754596,22.797389510417645],[120.42182050041583,22.793841326116365],[120.43181125878266,22.786094257543994],[120.42847934794361,22.777751590463595],[120.41890333442143,22.774511313346466],[120.41612967594381,22.768310819688622],[120.4172760732323,22.764321301187124],[120.41184872583813,22.758061245430156],[120.40738659291696,22.761126683549662],[120.40511475164453,22.76643616399781],[120.40111375599508,22.765738394411414],[120.39668171888627,22.760428780863606],[120.39097235309168,22.764773075616972],[120.38848296851427,22.762082957862276],[120.38369338254358,22.763263831560607],[120.38020753474996,22.75677632017107],[120.37442206112928,22.755119320200492],[120.37378265034909,22.751188371845956],[120.37013883304076,22.753519902021935],[120.36791288866891,22.74979039281243],[120.35439419243812,22.752885141636],[120.348326373963,22.75161722165751],[120.34399366427624,22.755808046204436],[120.3441095707002,22.752952213074252],[120.34065169721816,22.753236237862154],[120.3391349204403,22.747443614631152],[120.33172381879922,22.753076570427424],[120.33174682615515,22.757059969941736],[120.33764120048113,22.75752643749513],[120.32977439527224,22.774621196111354],[120.3232599770663,22.76862817604956],[120.31494266727032,22.77026066949435],[120.31739444669643,22.775181308270817],[120.31505338730403,22.778176800718825],[120.31716771052152,22.780266249587783],[120.31678053259554,22.787859485526894],[120.31352845727258,22.791181240322032],[120.3146024159688,22.79466097902099],[120.31851575020175,22.795669215262137],[120.32418149707848,22.80519689382163],[120.3283573272289,22.80037669043196],[120.32866422807172,22.80432007191382],[120.33685737836538,22.809188244242137],[120.34433443538592,22.80848306154411],[120.34373768124908,22.811680843895886],[120.34764953699664,22.811519279790957],[120.35042305967647,22.815234697523294],[120.34698165637838,22.82349754437621],[120.35096285705026,22.824899680975534],[120.350323133306,22.826851967044718],[120.35407685136568,22.830387765882733],[120.35831948675502,22.8310880355844],[120.36208589155069,22.825345525275793],[120.36499718137486,22.828349096333795],[120.371461432699,22.824237234061172],[120.37599098599526,22.82602955771796],[120.38102011538604,22.819719801827432],[120.38305218660923,22.818680952663897],[120.38470751114278,22.82071804839927],[120.38792422422364,22.817743725992216],[120.39572613165569,22.81732628677878],[120.39637597277294,22.813978340128358],[120.39979617005724,22.816547742784167],[120.4094916306343,22.815705973751733],[120.4121161329532,22.8111004933931],[120.41801405150738,22.808465281947235]]]}},{"type":"Feature","properties":{"district":"Tianliao District, Kaohsiung City","constituency_code":"TW-64000220","township_code":"64000220","county":"Kaohsiung City","township_name_zh":"田寮區"},"geometry":{"type":"Polygon","coordinates":[[[120.4086809610576,22.912337832624928],[120.4079380652895,22.909844387608473],[120.41364402355293,22.90766422052741],[120.41612322690548,22.909981117834377],[120.41650909541852,22.904372984225915],[120.4187263604332,22.905744560962773],[120.42186208326859,22.903268773235368],[120.42167825914441,22.89937170234225],[120.42387105810292,22.898291904347957],[120.42236529891943,22.89310261199597],[120.42963805605154,22.896013619433063],[120.43296858013593,22.886644163097685],[120.44262767212945,22.886036715122373],[120.44289488409174,22.879150375089807],[120.44842574255404,22.874428057508908],[120.44340767842164,22.869836556212135],[120.44618174519144,22.866335138455952],[120.4429478586568,22.862290172253722],[120.44967285132111,22.8476440580269],[120.44370204811105,22.83973245039232],[120.43295266843097,22.832063473550534],[120.41801405150738,22.808465281947235],[120.4121161329532,22.8111004933931],[120.4094916306343,22.815705973751733],[120.39979617005724,22.816547742784167],[120.39651628769661,22.813955257229395],[120.39572613165569,22.81732628677878],[120.38792422422364,22.817743725992216],[120.38470751114278,22.82071804839927],[120.38288057168108,22.81870293029607],[120.37599098599526,22.82602955771796],[120.371461432699,22.824237234061172],[120.36499718137486,22.828349096333795],[120.36189673444676,22.825393906103955],[120.35806088759989,22.83121036316777],[120.35292055793741,22.829544224286565],[120.35084504136557,22.825381391138365],[120.34778128228038,22.828046820704287],[120.3427347339209,22.82767805010201],[120.34790196410438,22.831586882328793],[120.34410679629173,22.84215523297769],[120.34406688347997,22.850993514639015],[120.35013783609236,22.866676126302252],[120.35684986053275,22.874208618433045],[120.35501681557366,22.879774691648777],[120.35792447933136,22.88121340637366],[120.35648244880599,22.886585333046753],[120.3527375593909,22.886945462962785],[120.3538631157902,22.88398268245487],[120.35135205215556,22.882188820957367],[120.3491160479673,22.885185872829823],[120.35516680630315,22.89042869822589],[120.35328670431807,22.89238063625743],[120.35689509733095,22.89292115758542],[120.36108283540455,22.897804965526802],[120.36161395521992,22.90051049586276],[120.35946780409597,22.901419649297452],[120.36598621259373,22.90223333789828],[120.36629213227616,22.905067223973276],[120.36814803260563,22.90390230964391],[120.37248806547188,22.906635986961305],[120.37116165358748,22.912271934801993],[120.37651313147592,22.91434839296403],[120.37728903775894,22.917980702547425],[120.38166178436393,22.9211635084892],[120.38680208974472,22.918260147088176],[120.39216867714276,22.922291495755985],[120.39863270453577,22.922430059699536],[120.40110598405397,22.918519605095753],[120.40544501957208,22.91804811123137],[120.4086809610576,22.912337832624928]]]}},{"type":"Feature","properties":{"district":"Alian District, Kaohsiung City","constituency_code":"TW-64000230","township_code":"64000230","county":"Kaohsiung City","township_name_zh":"阿蓮區"},"geometry":{"type":"Polygon","coordinates":[[[120.31648465024648,22.8984439653168],[120.32007646965337,22.894994894398906],[120.32505114059768,22.900394926684555],[120.33239079380019,22.88928132787106],[120.34967292976194,22.89038896797655],[120.35043086399321,22.88225682499251],[120.3538631157902,22.88398268245487],[120.3527375593909,22.886945462962785],[120.3568562277328,22.886107737282316],[120.35788465914982,22.88094385707342],[120.35479633688146,22.878462480958774],[120.35684986053275,22.874208618433045],[120.35005474682919,22.86650355989144],[120.34406688347997,22.850993514639015],[120.34410679629173,22.84215523297769],[120.3406590572697,22.836710007960562],[120.32999451963144,22.835306454029705],[120.31976378077388,22.841574985896955],[120.31738108636807,22.83633062535813],[120.30847720455938,22.836964064639915],[120.30758758889613,22.83457587807436],[120.29368582554048,22.839937524597133],[120.29895186963313,22.849052623879516],[120.30599238673926,22.85249112236744],[120.30448661136813,22.881164889747936],[120.30016901209035,22.883750934358204],[120.29985603183047,22.88168849842549],[120.29234810917796,22.882189555703462],[120.292466208149,22.886160920490113],[120.2890982947506,22.885645172786553],[120.2879989131194,22.892105199095738],[120.27810625549932,22.895135024062142],[120.27960731572512,22.89683762235842],[120.2777986351989,22.90403891396477],[120.28456527726576,22.904721570444167],[120.31648465024648,22.8984439653168]]]}},{"type":"Feature","properties":{"district":"Luzhu District, Kaohsiung City","constituency_code":"TW-64000240","township_code":"64000240","county":"Kaohsiung City","township_name_zh":"路竹區"},"geometry":{"type":"Polygon","coordinates":[[[120.269841854618,22.8966952371955],[120.28666932213162,22.89318793787311],[120.2890982947506,22.885645172786553],[120.292466208149,22.886160920490113],[120.29234810917796,22.882189555703462],[120.29985603183047,22.88168849842549],[120.30016901209035,22.883750934358204],[120.30429250259692,22.881474537120255],[120.30413963043964,22.8666571676942],[120.30682576779498,22.862061249826866],[120.30473974624238,22.85728078657911],[120.30577273272547,22.851901378445916],[120.29895186963313,22.849052623879516],[120.29735193344504,22.843622122562977],[120.29356398718835,22.842085952804553],[120.2914778496231,22.83310515827651],[120.29515234640371,22.82899088042484],[120.2844890516285,22.82389514724332],[120.28345370802231,22.818788355997867],[120.27884928166907,22.81676150174195],[120.26693642837358,22.820267151707753],[120.26818946367291,22.82246959679452],[120.25474635905732,22.824987688630983],[120.25384415198607,22.826625364868733],[120.256955129076,22.828272927353737],[120.25501876910096,22.831473840245565],[120.25029056905453,22.829043421516758],[120.24339218170394,22.829270974276085],[120.2375839984029,22.839143094977885],[120.2318641887814,22.838974024231902],[120.22902561723856,22.842243257720213],[120.2295094830763,22.840299406392546],[120.22675499184948,22.839180390762465],[120.22375924399398,22.845496200888988],[120.2133854634684,22.851152115477817],[120.21874140559146,22.85734226063687],[120.22058846378661,22.864573032019848],[120.21674320643388,22.867105679383656],[120.21848550799984,22.8705670431346],[120.22763138837797,22.87263193511575],[120.23096093130198,22.868287124151493],[120.23686898611493,22.870668395829853],[120.24037758136035,22.868301051952017],[120.2445533026928,22.872065062752483],[120.2508594684897,22.8722349123114],[120.25393654923244,22.873854174030953],[120.2525684097044,22.88442394381002],[120.25950224293422,22.885446171703506],[120.26073578812623,22.889351289730314],[120.25751283285103,22.901198187646287],[120.26053532654419,22.901755419277208],[120.269841854618,22.8966952371955]]]}},{"type":"Feature","properties":{"district":"Hunei District, Kaohsiung City","constituency_code":"TW-64000250","township_code":"64000250","county":"Kaohsiung City","township_name_zh":"湖內區"},"geometry":{"type":"Polygon","coordinates":[[[120.25877148621521,22.89533776542561],[120.26088253050443,22.890692133035543],[120.25961172190352,22.885560430569456],[120.2525684097044,22.88442394381002],[120.25393654923244,22.873854174030953],[120.2445533026928,22.872065062752483],[120.24037758136035,22.868301051952017],[120.23686898611493,22.870668395829853],[120.23096093130198,22.868287124151493],[120.22763138837797,22.87263193511575],[120.21993410357607,22.870637631821296],[120.21820225572958,22.881483012331216],[120.20653687247875,22.88390953249899],[120.20375730095873,22.88228796761564],[120.2102803895284,22.88624569058618],[120.20976635233535,22.89081148835953],[120.20495994274722,22.8932753564726],[120.20303116135904,22.88749524281127],[120.19982509894919,22.889293763696287],[120.19656498908307,22.902417933640777],[120.19980350802552,22.901072837441518],[120.19998663247713,22.906778596055403],[120.1920297268905,22.911122835950152],[120.18774489081409,22.920235480083363],[120.19328361834437,22.92086006913695],[120.21811141880698,22.90962283062919],[120.22665658982987,22.916277501705395],[120.23042163664923,22.916691077431324],[120.23291013989115,22.9055467856557],[120.2428625511659,22.903511542523745],[120.25310016983701,22.894629878466162],[120.25877148621521,22.89533776542561]]]}},{"type":"Feature","properties":{"district":"Qieding District, Kaohsiung City","constituency_code":"TW-64000260","township_code":"64000260","county":"Kaohsiung City","township_name_zh":"茄萣區"},"geometry":{"type":"Polygon","coordinates":[[[120.19952266773703,22.90344639023874],[120.19980350802552,22.901072837441518],[120.19656542165694,22.902343438299113],[120.19982509894919,22.889293763696287],[120.20286972495785,22.887374614047246],[120.20421101432692,22.89261297880597],[120.20705442242377,22.893502878655],[120.21067576387543,22.888511468629417],[120.20989873074188,22.885811313541353],[120.20495901194886,22.884295455870642],[120.20388646249035,22.882121057041218],[120.20653687247875,22.88390953249899],[120.21831806682542,22.88133618811463],[120.21993410357607,22.870637631821296],[120.21674320643388,22.867105679383656],[120.22058846378661,22.864573032019848],[120.21871479105482,22.85728392071644],[120.2133854634684,22.851152115477817],[120.2036331594428,22.85477578977094],[120.19533641624264,22.850186048447426],[120.19295462295759,22.856284001405584],[120.19111027711767,22.855381093762503],[120.1923829293288,22.85772146967014],[120.18939605058733,22.85797512435255],[120.19332661852866,22.859358314035035],[120.18970105386063,22.860690530143927],[120.19278288212433,22.865220397303517],[120.17474876094661,22.911704074983106],[120.18774489081409,22.920235480083363],[120.1920297268905,22.911122835950152],[120.19995879396322,22.90682586442216],[120.19952266773703,22.90344639023874]]]}},{"type":"Feature","properties":{"district":"Yong'an District, Kaohsiung City","constituency_code":"TW-64000270","township_code":"64000270","county":"Kaohsiung City","township_name_zh":"永安區"},"geometry":{"type":"Polygon","coordinates":[[[120.22403409479773,22.8449715031324],[120.22675499184948,22.839180390762465],[120.2295094830763,22.840299406392546],[120.22902561723856,22.842243257720213],[120.2318641887814,22.838974024231902],[120.23773227862182,22.839029857741764],[120.24339218170394,22.829270974276085],[120.25029056905453,22.829043421516758],[120.25501876910096,22.831473840245565],[120.256955129076,22.828272927353737],[120.25384415198607,22.826625364868733],[120.25549694492815,22.82370858288482],[120.25320115111231,22.818134444549003],[120.25651651892224,22.814050713070003],[120.25309250851251,22.808904855274875],[120.25494369729381,22.806559279487203],[120.2589899108558,22.80916188061633],[120.26028894467913,22.8076796126241],[120.26288676681088,22.80275250772212],[120.26151969118087,22.796995376235657],[120.25464951016681,22.79532457436966],[120.24475788766642,22.79789877400924],[120.24401507013943,22.795329650143287],[120.23120754429283,22.80226523884977],[120.21549517046583,22.803454653409574],[120.21232972953351,22.807610874742124],[120.19790658422153,22.805245912269072],[120.19331898688176,22.80744045771098],[120.19028375968787,22.8153844103623],[120.20598307715738,22.82015385511636],[120.20730181782471,22.822608669754345],[120.19839289981257,22.84445115539654],[120.18980715677492,22.841746116989782],[120.19808405553476,22.84460694675323],[120.19293579295254,22.848472598931323],[120.20099333897144,22.85438531133309],[120.20680750905933,22.854894723312896],[120.22403409479773,22.8449715031324]]]}},{"type":"Feature","properties":{"district":"Mituo District, Kaohsiung City","constituency_code":"TW-64000280","township_code":"64000280","county":"Kaohsiung City","township_name_zh":"彌陀區"},"geometry":{"type":"Polygon","coordinates":[[[120.22119527234406,22.803809411675047],[120.23120754429283,22.80226523884977],[120.24009953346672,22.796042585896657],[120.24444729690526,22.795357534522623],[120.24369347437437,22.79737313106517],[120.24579192006115,22.79787511824219],[120.25648600672389,22.79541187785594],[120.25232274100176,22.790286372618027],[120.25511795443015,22.778823595832307],[120.2594404963819,22.77891017536433],[120.26207154576525,22.775691579103125],[120.2505854738406,22.763859565866312],[120.25048412294393,22.756439451219762],[120.24675089683649,22.754171813378548],[120.24657814606462,22.75083671534219],[120.24342702773515,22.753677450653868],[120.24299276760223,22.74707651586857],[120.24476335374584,22.745581858815797],[120.24315740738848,22.743923450506884],[120.23461178580533,22.759865915879345],[120.23123953587594,22.76072588089471],[120.23236010013852,22.766067571461292],[120.21549517046583,22.803454653409574],[120.22119527234406,22.803809411675047]]]}},{"type":"Feature","properties":{"district":"Ziguan District, Kaohsiung City","constituency_code":"TW-64000290","township_code":"64000290","county":"Kaohsiung City","township_name_zh":"梓官區"},"geometry":{"type":"Polygon","coordinates":[[[120.26693498496161,22.77071175504352],[120.26711129794808,22.76754846169223],[120.2695783937279,22.770755449504463],[120.27440695271878,22.769160995583547],[120.27599722569153,22.755739142847233],[120.26927203067976,22.740651917452055],[120.26456677953331,22.741106905159597],[120.26623184012738,22.738459238103417],[120.26298678131502,22.735412098489576],[120.26546071014377,22.73452475901047],[120.26642849487916,22.730336302378475],[120.25627984164146,22.718535328342796],[120.25302957035842,22.72390386906835],[120.24984994711747,22.724206319166342],[120.25033746240399,22.72787786886863],[120.24315740738848,22.743923450506884],[120.24476335374584,22.745581858815797],[120.24336408778254,22.75341707443846],[120.24657814606462,22.75083671534219],[120.24675089683649,22.754171813378548],[120.24931489456674,22.754319158302565],[120.25055732326189,22.763807066143215],[120.2546326793547,22.769302074031543],[120.26693498496161,22.77071175504352]]]}},{"type":"Feature","properties":{"district":"Qishan District, Kaohsiung City","constituency_code":"TW-64000300","township_code":"64000300","county":"Kaohsiung City","township_name_zh":"旗山區"},"geometry":{"type":"Polygon","coordinates":[[[120.5202809229263,22.98010056978552],[120.52701698354701,22.97757999582018],[120.52921549140183,22.973644670465205],[120.52231572718915,22.96135173759268],[120.52413485244153,22.952161830903833],[120.52010115834184,22.95058354229667],[120.5190340039162,22.947440441423282],[120.52106410022816,22.941972414995007],[120.51937164538515,22.93688970669467],[120.52390874309413,22.928909948435432],[120.51444057717094,22.915781042661024],[120.51645059252087,22.911136529027658],[120.50563528534019,22.901277915243668],[120.50525188816414,22.89853542906684],[120.50863088210963,22.894916084110037],[120.50771635972228,22.887026418134724],[120.50187519198653,22.877664540386263],[120.50244431445356,22.871896051361716],[120.49817990557824,22.87110905643783],[120.49527669886061,22.86504798377746],[120.51718507872852,22.86232855981524],[120.5196006622408,22.85871926208432],[120.51817028513062,22.84337928762409],[120.5078142185514,22.842085414110613],[120.50525097625166,22.831450973183905],[120.49769212229364,22.831711914173525],[120.49273779940995,22.83729045199283],[120.49076928687316,22.835265737224063],[120.47683591864279,22.838148561706817],[120.47416708064634,22.836888082718872],[120.46875515122929,22.830673306927622],[120.46403430134194,22.8002879786074],[120.45431450241244,22.77177592461925],[120.43116609503932,22.774126382826353],[120.42800067838868,22.778698111628614],[120.43176540504942,22.786367280925333],[120.42182050041583,22.793841326116365],[120.42274504754596,22.797389510417645],[120.41537652520651,22.806278851088166],[120.42116733810224,22.8115336059912],[120.42392590055988,22.81912922243572],[120.42640174404528,22.81915188175401],[120.42685435844191,22.824545832823958],[120.43058606739316,22.825948573767732],[120.43295266843097,22.832063473550534],[120.44370204811105,22.83973245039232],[120.44967285132111,22.8476440580269],[120.4430838451434,22.860873096116563],[120.44618174519144,22.866335138455952],[120.44340767842164,22.869836556212135],[120.44845597506321,22.874321384424377],[120.44289488409174,22.879150375089807],[120.44303327716409,22.88557557695134],[120.45865799047397,22.888324053512292],[120.46415411082364,22.89348756589851],[120.46845160935436,22.892249119401413],[120.47021384889013,22.901128532455857],[120.48200399778636,22.92012267362253],[120.47973815229398,22.923651865141494],[120.4829298399402,22.925674724608882],[120.48107864576298,22.93188586623978],[120.48306988596653,22.9400130080939],[120.4870585716958,22.933249126046405],[120.49579843874699,22.933136301599063],[120.49969187997635,22.94288986287694],[120.49843457649456,22.94822603160611],[120.51044893357152,22.957274948879842],[120.50851175611274,22.964571392355936],[120.51113740326866,22.97495538917991],[120.5202809229263,22.98010056978552]]]}},{"type":"Feature","properties":{"district":"Meinong District, Kaohsiung City","constituency_code":"TW-64000310","township_code":"64000310","county":"Kaohsiung City","township_name_zh":"美濃區"},"geometry":{"type":"Polygon","coordinates":[[[120.6236645086102,22.977976638211317],[120.62826227188646,22.970900466583316],[120.62396374632988,22.951203605062346],[120.62633754823935,22.94436328333893],[120.62122560028126,22.93978419808235],[120.62196185275741,22.937414260559706],[120.61678422461239,22.931203639636294],[120.61612084600029,22.923315310952887],[120.61327718249606,22.92030062607307],[120.6080664116356,22.92258241474667],[120.6019074864414,22.920833500465733],[120.60386210265392,22.917679562761634],[120.60202494239718,22.912022602261345],[120.59692546533802,22.90734979685567],[120.60037375924162,22.905115034631194],[120.59592308548213,22.89693703431675],[120.59710617331132,22.885690995043433],[120.59297276687971,22.880600224320972],[120.59237257913128,22.87266719213727],[120.59518377441168,22.863604401022315],[120.55325893555153,22.828403247212123],[120.53643266233757,22.82926570784622],[120.53100498129493,22.830827356297505],[120.53057203687001,22.83298278302908],[120.51538161786743,22.831518385465188],[120.5099875777646,22.828511354715317],[120.50556836768612,22.83108551208676],[120.5078142185514,22.842085414110613],[120.51817028513062,22.84337928762409],[120.51959777361844,22.858552075418004],[120.5171155260607,22.862357281463403],[120.49527669886061,22.86504798377746],[120.49817990557824,22.87110905643783],[120.50244431445356,22.871896051361716],[120.50187519198653,22.877664540386263],[120.50771635972228,22.887026418134724],[120.50863088210963,22.894916084110037],[120.50524417827626,22.898615490312693],[120.5076025199404,22.90389590916891],[120.52701234754181,22.916280573789493],[120.52815116534407,22.921625818476798],[120.53584122679126,22.924866413953907],[120.5401037821639,22.931881871451253],[120.54778556535166,22.935667927333043],[120.5516872533641,22.940873057645547],[120.55613231265613,22.94235501717037],[120.56549109044158,22.939935429876243],[120.57200479638436,22.94239443355633],[120.57669136681318,22.953029805281346],[120.57361211690568,22.95771779484039],[120.57441561618782,22.960567493694953],[120.58198135625469,22.969799800720295],[120.58977106708119,22.97491865637096],[120.60024698630946,22.973708482760344],[120.60549283342755,22.983374033684754],[120.60951752441429,22.97935426378831],[120.6236645086102,22.977976638211317]]]}},{"type":"Feature","properties":{"district":"Liugui District, Kaohsiung City","constituency_code":"TW-64000320","township_code":"64000320","county":"Kaohsiung City","township_name_zh":"六龜區"},"geometry":{"type":"Polygon","coordinates":[[[120.67076752060461,22.982706176448914],[120.66304445044113,22.967418410331447],[120.66589085238104,22.956716396144827],[120.67265683344613,22.94583465424597],[120.67051132174015,22.91830636414744],[120.6501102370978,22.88568892660271],[120.64909963653906,22.876964969457845],[120.64482807535546,22.885140378825497],[120.62117443964871,22.87569195661854],[120.61562458210881,22.876829251868514],[120.60596045571049,22.87327381093769],[120.59518377441168,22.863604401022315],[120.59237257913128,22.87266719213727],[120.59297276687971,22.880600224320972],[120.59710617331132,22.885690995043433],[120.59592308548213,22.89693703431675],[120.60037375924162,22.905115034631194],[120.59692546533802,22.90734979685567],[120.60202494239718,22.912022602261345],[120.60386210265392,22.917679562761634],[120.6019074864414,22.920833500465733],[120.6080664116356,22.92258241474667],[120.61327718249606,22.92030062607307],[120.61612084600029,22.923315310952887],[120.61678422461239,22.931203639636294],[120.62196185275741,22.937414260559706],[120.62122560028126,22.93978419808235],[120.62633754823935,22.94436328333893],[120.62396374632988,22.951203605062346],[120.62826227188646,22.970900466583316],[120.61981718461539,22.98722048533716],[120.61840638214892,22.997793416233208],[120.62172855063216,23.004800752852532],[120.62006952358968,23.012734229301316],[120.62165222606939,23.018812584233444],[120.61966642226764,23.023670264171415],[120.60851044290268,23.031256518673445],[120.60807532661511,23.03629822778106],[120.62184982960605,23.047757565559266],[120.62499402405501,23.047984144352824],[120.62304001398547,23.053318718584023],[120.62639196171972,23.062691659792335],[120.62425099608663,23.065279229652788],[120.63812986989763,23.07571776046632],[120.6398774729671,23.07907068576361],[120.63794774819007,23.088846087077286],[120.64963150548965,23.091945010553843],[120.6513254010465,23.096818249662533],[120.64980290008384,23.10070888950372],[120.6598720739371,23.116741099122464],[120.6658167158688,23.11936730835464],[120.67336834287482,23.112458346775327],[120.67499177654929,23.10808113683504],[120.67344967216468,23.104463660669467],[120.67973857637423,23.094532663151938],[120.68673057415674,23.092314470036797],[120.69301682716491,23.10111389738853],[120.6949747007219,23.108546960473916],[120.6876293862872,23.11240757644856],[120.6803182559828,23.12621625007995],[120.67550417967425,23.129237651996107],[120.67975782096676,23.140730361816793],[120.68770604719634,23.13471691095674],[120.69215950345836,23.134457184051826],[120.70746021981336,23.116365998192293],[120.7118402662154,23.115659731811206],[120.71898278262938,23.11932922116665],[120.72772290328942,23.118842945145843],[120.73200567632102,23.120972986714037],[120.74551725711581,23.117752831927703],[120.7372681510044,23.10402891400321],[120.72891492588315,23.098052654606363],[120.71675582022499,23.101343416065845],[120.7093275397342,23.098218225190976],[120.70956200738078,23.093216236440185],[120.70634553262028,23.088392396192205],[120.70891696954254,23.082549320095097],[120.70887955864475,23.073213846441888],[120.71199878341713,23.072532281739484],[120.72416899120606,23.057574128843044],[120.71626889309505,23.050980853583553],[120.71336118527051,23.043966273824537],[120.70285704261846,23.03937112577688],[120.69829104879295,23.025453511870126],[120.67471059811567,23.00368931760795],[120.69370865762846,22.99759288450406],[120.69184046176792,22.994556856913448],[120.67811429194103,22.988980481064402],[120.67076752060461,22.982706176448914]]]}},{"type":"Feature","properties":{"district":"Jiaxian District, Kaohsiung City","constituency_code":"TW-64000330","township_code":"64000330","county":"Kaohsiung City","township_name_zh":"甲仙區"},"geometry":{"type":"Polygon","coordinates":[[[120.6514436753854,23.208497399535418],[120.65847858791653,23.20050304977599],[120.68248573003245,23.19482409185838],[120.68085976746431,23.182837828702873],[120.68991836773853,23.175930769189677],[120.69131848176255,23.171879042783644],[120.68651704362674,23.164377234621725],[120.67533150174745,23.128877818856324],[120.65633221016344,23.113522738483653],[120.64980290008384,23.10070888950372],[120.6513254010465,23.096818249662533],[120.64963150548965,23.091945010553843],[120.63794774819007,23.088846087077286],[120.6398774729671,23.07907068576361],[120.63812986989763,23.07571776046632],[120.62425099608663,23.065279229652788],[120.62639196171972,23.062691659792335],[120.62304001398547,23.053318718584023],[120.62499402405501,23.047984144352824],[120.62184982960605,23.047757565559266],[120.60870995480059,23.03629742378712],[120.60152158645212,23.037611605791028],[120.59997753143796,23.043390085384203],[120.58591314277737,23.053298537797332],[120.57855894573879,23.048704922194474],[120.57670509226625,23.044936519105136],[120.5601376079643,23.04378815769735],[120.55561293349012,23.038538556808987],[120.55028460415122,23.04339429421134],[120.54672411442641,23.042620955492737],[120.54683990124056,23.049461728675908],[120.5445697875657,23.050419260240744],[120.54469153778427,23.056353388198374],[120.54141745155425,23.062230282401686],[120.55449703580962,23.06882986460664],[120.57440152381139,23.090730239608945],[120.57412566756557,23.094858367020095],[120.58808002867045,23.11409670829653],[120.58844790444732,23.12335898972566],[120.59899875698716,23.141056354367322],[120.60556951592048,23.148526387682693],[120.61184612010243,23.151702107866015],[120.61111016440259,23.155899365263565],[120.6165381197385,23.16309629425865],[120.62123674108284,23.16295838412219],[120.63065805592464,23.170063697381806],[120.62931940696512,23.174362588063047],[120.63616762113884,23.17510494603647],[120.63729822003688,23.180395935524075],[120.6411113661967,23.18299540881111],[120.63695050616104,23.191325828923937],[120.64612684118083,23.206983080604743],[120.6514436753854,23.208497399535418]]]}},{"type":"Feature","properties":{"district":"Shanlin District, Kaohsiung City","constituency_code":"TW-64000340","township_code":"64000340","county":"Kaohsiung City","township_name_zh":"杉林區"},"geometry":{"type":"Polygon","coordinates":[[[120.60807532661511,23.03629822778106],[120.60851044290268,23.031256518673445],[120.61966642226764,23.023670264171415],[120.62165222606939,23.018812584233444],[120.62006952358968,23.012734229301316],[120.62172855063216,23.004800752852532],[120.61840638214892,22.997793416233208],[120.6236645086102,22.977976638211317],[120.60951752441429,22.97935426378831],[120.60549283342755,22.983374033684754],[120.60024698630946,22.973708482760344],[120.58977106708119,22.97491865637096],[120.58198135625469,22.969799800720295],[120.57441561618782,22.960567493694953],[120.57361211690568,22.95771779484039],[120.57669136681318,22.953029805281346],[120.57200479638436,22.94239443355633],[120.56549109044158,22.939935429876243],[120.55613231265613,22.94235501717037],[120.5516872533641,22.940873057645547],[120.54778556535166,22.935667927333043],[120.5401037821639,22.931881871451253],[120.53584122679126,22.924866413953907],[120.52815116534407,22.921625818476798],[120.52701234754181,22.916280573789493],[120.51652665178358,22.911309605354063],[120.51444057717094,22.915781042661024],[120.52393002734891,22.929079589351602],[120.51937164538515,22.93688970669467],[120.52106410022816,22.941972414995007],[120.5190340039162,22.947440441423282],[120.52010115834184,22.95058354229667],[120.52413485244153,22.952161830903833],[120.52231572718915,22.96135173759268],[120.52922916649288,22.973442522654352],[120.52701698354701,22.97757999582018],[120.52088993572204,22.978868820539674],[120.52030987300225,22.982339344784975],[120.52685942322387,22.994908066454173],[120.52602852339771,22.998721903293244],[120.5297734730674,23.001137747608993],[120.5312016576305,23.01046906009907],[120.53535619902948,23.015076565730965],[120.5373104222383,23.024873032764276],[120.53355022636197,23.028111055281045],[120.51742053293128,23.01831346589381],[120.5134836517492,23.018781897566555],[120.50214198666345,23.027605253179956],[120.52230812881714,23.045671981976454],[120.52698250623769,23.053398832889854],[120.54141745155425,23.062230282401686],[120.54469153778427,23.056353388198374],[120.5445697875657,23.050419260240744],[120.54683990124056,23.049461728675908],[120.54672411442641,23.042620955492737],[120.55028460415122,23.04339429421134],[120.55496266069827,23.038586813530685],[120.5601376079643,23.04378815769735],[120.57670509226625,23.044936519105136],[120.57855894573879,23.048704922194474],[120.58591314277737,23.053298537797332],[120.59997753143796,23.043390085384203],[120.60152158645212,23.037611605791028],[120.60807532661511,23.03629822778106]]]}},{"type":"Feature","properties":{"district":"Neimen District, Kaohsiung City","constituency_code":"TW-64000350","township_code":"64000350","county":"Kaohsiung City","township_name_zh":"內門區"},"geometry":{"type":"Polygon","coordinates":[[[120.5202809229263,22.98010056978552],[120.51113740326866,22.97495538917991],[120.50851175611274,22.964571392355936],[120.51044893357152,22.957274948879842],[120.49843457649456,22.94822603160611],[120.49969187997635,22.94288986287694],[120.49579843874699,22.933136301599063],[120.4870585716958,22.933249126046405],[120.48306988596653,22.9400130080939],[120.48107864576298,22.93188586623978],[120.4829298399402,22.925674724608882],[120.47974438459573,22.923747519732274],[120.48121369695457,22.917589042400436],[120.47148670704598,22.903571315963518],[120.4674224656743,22.89139661516174],[120.46415411082364,22.89348756589851],[120.45865799047397,22.888324053512292],[120.45177645461979,22.88678068737886],[120.43301140585174,22.886599207787242],[120.42963805605154,22.896013619433063],[120.42229394401033,22.8931832227276],[120.42376016539936,22.899599853150733],[120.42172290239012,22.899307685001702],[120.4219346639536,22.903156085485023],[120.41892082353729,22.90567083364209],[120.41650909541852,22.904372984225915],[120.41649727293088,22.909743547526773],[120.41364402355293,22.90766422052741],[120.40784073706038,22.909941889406696],[120.4097406259292,22.913800554751845],[120.41718784884017,22.917286567121437],[120.44264441031135,22.97732408383945],[120.44468530118581,22.979539543914882],[120.45295448825914,22.977710426295175],[120.45471398036591,22.990622185365623],[120.46111009185734,22.99077029201544],[120.45909766992156,22.995862433304694],[120.46147764657621,22.99811946903833],[120.45950022805312,23.001029602334313],[120.46085280841044,23.003935819982132],[120.47989111438346,23.002706645495323],[120.48345694248394,23.01647376235428],[120.50214198666345,23.027605253179956],[120.5134836517492,23.018781897566555],[120.51756380932238,23.018311129455128],[120.53361982129775,23.028109182892536],[120.5373104222383,23.024873032764276],[120.53545264682225,23.01541158747483],[120.53062990014985,23.009080124648108],[120.5297734730674,23.001137747608993],[120.52602852339771,22.998721903293244],[120.52720482044617,22.996003296814763],[120.5223412796264,22.98864989477687],[120.5202809229263,22.98010056978552]]]}},{"type":"Feature","properties":{"district":"Maolin District, Kaohsiung City","constituency_code":"TW-64000360","township_code":"64000360","county":"Kaohsiung City","township_name_zh":"茂林區"},"geometry":{"type":"Polygon","coordinates":[[[120.82939114998169,22.975168407096362],[120.83014368288468,22.969990215076393],[120.82079277416722,22.96196649076097],[120.82475223642666,22.952454442418627],[120.82177769818225,22.94512384089262],[120.82181366386953,22.93525762963594],[120.83143939731042,22.919854941852122],[120.8332883557731,22.912268368090793],[120.82848061159098,22.90463630392236],[120.8335374679798,22.899814675107223],[120.84052538463891,22.88194900144532],[120.85208842863813,22.878097158357207],[120.85972727279545,22.878367848897142],[120.86487148303263,22.87255107437261],[120.86419897630174,22.86666679493669],[120.85915090089338,22.863446415319856],[120.86957164041894,22.857758497456757],[120.86660265998478,22.85381567265523],[120.86834772336886,22.850745880018394],[120.8645648402952,22.843081125493597],[120.85942716093484,22.849237234011184],[120.85992696725577,22.851462285356263],[120.85318500348524,22.85762227264979],[120.84717277030711,22.85196667102508],[120.84297800313243,22.85421066119312],[120.83749876845343,22.86407284348701],[120.82497501378589,22.866460484164065],[120.80107798645997,22.851029134087298],[120.79334695999432,22.85203182331003],[120.79269098460134,22.841119074585663],[120.78583878553161,22.83990289710107],[120.77871057913,22.8352035598964],[120.76415796022172,22.848993388234305],[120.76215492181223,22.856813910733422],[120.75503655938974,22.86467914122943],[120.749260281337,22.865683446533865],[120.74241908817044,22.873736347554427],[120.73177198119208,22.875886818122183],[120.72501864729281,22.88083429536647],[120.704538644443,22.880668458582534],[120.69053852583238,22.864873124095425],[120.67896877468922,22.862868323014766],[120.67672182665103,22.857254083009593],[120.67211237848358,22.856351709563796],[120.66004959201507,22.860658993617733],[120.65676511052152,22.88111114716179],[120.64909963653906,22.876964969457845],[120.6501102370978,22.88568892660271],[120.67051132174015,22.91830636414744],[120.67265683344613,22.94583465424597],[120.66589085238104,22.956716396144827],[120.66304445044113,22.967418410331447],[120.67076752060461,22.982706176448914],[120.68673784067892,22.978211390942988],[120.7115534346434,22.99234433312455],[120.72421933165685,23.002364325753092],[120.72831762945509,22.99598894453419],[120.73780808417575,22.99049549517099],[120.74011055365918,22.98523303307809],[120.74674493962732,22.981935135498134],[120.75152321662324,22.98429916267628],[120.77106319770849,22.98339654371557],[120.77664664852409,22.990965574401798],[120.78214632928973,22.993500758753044],[120.79913335811807,22.98564036031445],[120.80824400305835,22.989398021001932],[120.81620849982244,22.9797334287548],[120.82939114998169,22.975168407096362]]]}},{"type":"Feature","properties":{"district":"Taoyuan District, Kaohsiung City","constituency_code":"TW-64000370","township_code":"64000370","county":"Kaohsiung City","township_name_zh":"桃源區"},"geometry":{"type":"MultiPolygon","coordinates":[[[[120.69032261839413,23.11133562593841],[120.69530887080782,23.106154145997095],[120.68681265168254,23.09237681014173],[120.68416398098304,23.092464490443945],[120.67710509072742,23.09754203034049],[120.67337090324463,23.10468762963046],[120.6749921659557,23.10792207194612],[120.67349397906389,23.112263393540843],[120.6658167158688,23.11936730835464],[120.67647443125009,23.129112826096105],[120.69032261839413,23.11133562593841]]],[[[120.96846653710111,23.47122732867831],[120.99969284574831,23.462167210348525],[121.00846111698706,23.462086185029477],[121.01585468814335,23.45160877382591],[121.01047443194955,23.446067435563748],[121.01058109154417,23.44124413670761],[121.01526836704159,23.43541024718519],[121.01294889857286,23.43294855543155],[121.02093743871194,23.429510216123617],[121.02253010657921,23.42490158633916],[121.0294852996069,23.422182543689473],[121.02774146289823,23.41625268391431],[121.0249109456837,23.414602802077695],[121.02708019229715,23.412780204542855],[121.0283463576983,23.403763256369245],[121.02174578623908,23.399967812464638],[121.01924186322151,23.40151657722828],[121.01464254142024,23.396582524164216],[121.00321118514819,23.394787954900266],[121.00113295891902,23.391745236353643],[121.0077178426044,23.384664978206217],[121.00009455941642,23.382372308635183],[120.99154914018072,23.371744357216357],[120.98795808070088,23.37057348577781],[120.9870954357059,23.358731307503888],[121.00248352389553,23.355252687561517],[121.00757448977095,23.35202545690936],[121.01040440803706,23.345813783779136],[121.01519376647923,23.346341366560864],[121.0200457653998,23.350383493603374],[121.02699669204378,23.337622984313327],[121.04878142592213,23.325306554853682],[121.04804435596236,23.31378127518576],[121.0460150546511,23.308377902817995],[121.03189582353355,23.303672018548866],[121.03004182167274,23.298537060536944],[121.02383554537414,23.293732344372245],[121.01039322946406,23.292698892040278],[120.99064017560363,23.284128480644938],[120.98659071099257,23.28032100291199],[120.97173800450537,23.28170894281351],[120.96336432250553,23.272100114828504],[120.95967853203865,23.27083958997514],[120.95738003755878,23.264158744130782],[120.94669322461266,23.253114056768368],[120.94125145299222,23.251946564082743],[120.93789738825387,23.244949196448317],[120.93060533526807,23.242461819157654],[120.92652832802003,23.244555292492805],[120.91546135725594,23.23751029766214],[120.91156611558381,23.22785712500638],[120.91163177508645,23.209552117236456],[120.90673179373732,23.20565073139619],[120.9057482070142,23.199553127374998],[120.91230015213034,23.18740304731284],[120.91075960447222,23.181692145476177],[120.8987239532479,23.176663436068793],[120.89585638216636,23.17143253478372],[120.89500430600401,23.16071793368576],[120.87641148280375,23.151334893090905],[120.88576243289003,23.144283675851],[120.88805802795571,23.122437854623342],[120.88496544290092,23.119346886549636],[120.88940138666476,23.110439145750036],[120.88562922800656,23.089107026268323],[120.86921465992873,23.05968635484146],[120.87449823360669,23.050943483155265],[120.87974943079166,23.0477737704432],[120.88137941962452,23.04234435820564],[120.87972571207206,23.034964582649422],[120.86161365654505,23.030768434116],[120.86065713132166,23.00805010862564],[120.85823436852138,23.005054804135966],[120.85107206252576,23.005125068167388],[120.85206464067073,22.99990456304522],[120.84909274643314,22.99485434005578],[120.84217701835473,22.991206341799284],[120.84118168468706,22.984000420483085],[120.83291725952392,22.980753677240443],[120.8299932721718,22.975314184502054],[120.81620849982244,22.9797334287548],[120.80824400305835,22.989398021001932],[120.79913335811807,22.98564036031445],[120.78214632928973,22.993500758753044],[120.77664664852409,22.990965574401798],[120.77106319770849,22.98339654371557],[120.75152321662324,22.98429916267628],[120.74674493962732,22.981935135498134],[120.74011055365918,22.98523303307809],[120.73780808417575,22.99049549517099],[120.72831762945509,22.99598894453419],[120.72421933165685,23.002364325753092],[120.7115534346434,22.99234433312455],[120.68673784067892,22.978211390942988],[120.67076752060461,22.982706176448914],[120.67811429194103,22.988980481064402],[120.69184046176792,22.994556856913448],[120.69370865762846,22.99759288450406],[120.67471059811567,23.00368931760795],[120.69829104879295,23.025453511870126],[120.70285704261846,23.03937112577688],[120.71336118527051,23.043966273824537],[120.71626889309505,23.050980853583553],[120.72416899120606,23.057574128843044],[120.71199878341713,23.072532281739484],[120.70887955864475,23.073213846441888],[120.70891696954254,23.082549320095097],[120.70634553262028,23.088392396192205],[120.70956200738078,23.093216236440185],[120.7093275397342,23.098218225190976],[120.71675582022499,23.101343416065845],[120.72891492588315,23.098052654606363],[120.7372681510044,23.10402891400321],[120.74551725711581,23.117752831927703],[120.73200567632102,23.120972986714037],[120.72772290328942,23.118842945145843],[120.71898278262938,23.11932922116665],[120.7118402662154,23.115659731811206],[120.70670832542896,23.11680449233353],[120.69215950345836,23.134457184051826],[120.68770604719634,23.13471691095674],[120.67975782096676,23.140730361816793],[120.68651704362674,23.164377234621725],[120.69131848176255,23.171879042783644],[120.6989412919072,23.16930406523045],[120.71531838343674,23.18343714680691],[120.71829230744413,23.18150022835289],[120.72244517880199,23.183624355079985],[120.7271770166061,23.190056405278938],[120.73507818760834,23.1947387569881],[120.74320515769193,23.20633374130915],[120.74545173341085,23.219268692096534],[120.75552091266002,23.229860668834874],[120.7542888225712,23.235937987748002],[120.75826891258032,23.23855222790303],[120.76485009735416,23.26172374155749],[120.77599124779795,23.281721761749964],[120.7740956028299,23.286121149871235],[120.77729121062089,23.29324469238867],[120.78253909380419,23.294866151152007],[120.78604694081378,23.30151979520241],[120.79178693032259,23.304552982734037],[120.79943369570856,23.319644617505162],[120.8065101389318,23.32160221676895],[120.81186429320258,23.33408855154545],[120.82342906210158,23.341017613871827],[120.82313538219216,23.346013097826244],[120.8132096978693,23.35472296079604],[120.81375107265399,23.36027632299397],[120.80458366880134,23.370815134510906],[120.80851887904305,23.368390977761464],[120.816275787098,23.371478710973804],[120.82542247146989,23.371706947217888],[120.82911194735857,23.37579680308005],[120.83097171027623,23.386601136733134],[120.83462765674108,23.386680707848427],[120.83687281602772,23.393386754495168],[120.84100702735248,23.394923232721055],[120.83841336098783,23.39824736262574],[120.8493076996906,23.41200976433919],[120.84951996937116,23.420160490014666],[120.8539684829592,23.423186875074293],[120.85707672161345,23.421967694753334],[120.85910240135479,23.42511938325299],[120.86452348587022,23.423940760557684],[120.87536208729057,23.432767905914204],[120.88161735145968,23.43301390197007],[120.88382429315664,23.43625580506142],[120.88676456902965,23.434854172981773],[120.89176692020726,23.44660901089719],[120.89514562367162,23.44592176337875],[120.8962447570899,23.450416669393803],[120.90052281407668,23.45408912651203],[120.90566981401082,23.4531758227061],[120.90940221633923,23.45754396478219],[120.91616509834068,23.458888389187848],[120.92143795749575,23.459100493393123],[120.92848252694716,23.455493399001227],[120.93475010733164,23.458440392809905],[120.9366389057609,23.463781186752442],[120.94843517184574,23.464167217143427],[120.9575147434108,23.469502553999746],[120.96846653710111,23.47122732867831]]]]}},{"type":"Feature","properties":{"district":"Namaxia District, Kaohsiung City","constituency_code":"TW-64000380","township_code":"64000380","county":"Kaohsiung City","township_name_zh":"那瑪夏區"},"geometry":{"type":"Polygon","coordinates":[[[120.69131848176255,23.171879042783644],[120.68991836773853,23.175930769189677],[120.68085976746431,23.182837828702873],[120.68248573003245,23.19482409185838],[120.65847858791653,23.20050304977599],[120.6514436753854,23.208497399535418],[120.65624979539177,23.21763849641951],[120.65581821523847,23.221827810105424],[120.64952448616611,23.228459089815203],[120.65131104157138,23.235819375263986],[120.64789340105972,23.24462835881178],[120.64923402313173,23.246909394752834],[120.64208262681188,23.256809160614296],[120.63826542830691,23.269361221443262],[120.64315311682299,23.275980233501002],[120.64340659074162,23.29563464162544],[120.6470243124221,23.2974388363333],[120.65200392693976,23.291170728046723],[120.65875284696642,23.295906995011876],[120.66731389012398,23.29402558361386],[120.67140998997911,23.28996929674571],[120.67595641455694,23.29028536527744],[120.67735448891858,23.287844069248422],[120.69954356428411,23.2844238683669],[120.70341526710092,23.289089787663613],[120.7028338293178,23.297563927533304],[120.7067701313365,23.3047280978235],[120.71216605282109,23.308697323123],[120.73062933947256,23.305611960523606],[120.73230736199525,23.313858941536978],[120.73943134787851,23.316841667209246],[120.74104887030921,23.32108178989273],[120.74785613295421,23.321909255208027],[120.75287271860111,23.327042784197204],[120.7523813946857,23.331030720791205],[120.75882774500451,23.336443830118696],[120.75707844671297,23.338559319756826],[120.75806914437555,23.344264542374788],[120.76442748074373,23.341670276162347],[120.76845566020063,23.34387750744105],[120.77333424847689,23.341823358761076],[120.77713518184328,23.34353843245276],[120.78344711948898,23.34231672413756],[120.78758140995421,23.346141191862557],[120.78845202564048,23.352820753475044],[120.79180623606896,23.353467294979737],[120.79198561664293,23.357243477204747],[120.79624184168767,23.356857562826292],[120.79790326542343,23.360314417376514],[120.80064516794016,23.36064333272367],[120.80458366880134,23.370815134510906],[120.81375107265399,23.36027632299397],[120.8132096978693,23.35472296079604],[120.82313538219216,23.346013097826244],[120.82342906210158,23.341017613871827],[120.81186429320258,23.33408855154545],[120.8065101389318,23.32160221676895],[120.79943369570856,23.319644617505162],[120.79178693032259,23.304552982734037],[120.78604694081378,23.30151979520241],[120.78253909380419,23.294866151152007],[120.77729121062089,23.29324469238867],[120.7740956028299,23.286121149871235],[120.77599124779795,23.281721761749964],[120.76485009735416,23.26172374155749],[120.75826891258032,23.23855222790303],[120.7542888225712,23.235937987748002],[120.75552091266002,23.229860668834874],[120.74545173341085,23.219268692096534],[120.74320515769193,23.20633374130915],[120.73507818760834,23.1947387569881],[120.7271770166061,23.190056405278938],[120.72244517880199,23.183624355079985],[120.71829230744413,23.18150022835289],[120.71531838343674,23.18343714680691],[120.6989412919072,23.16930406523045],[120.69131848176255,23.171879042783644]]]}},{"type":"Feature","properties":{"district":"Banqiao District, New Taipei City","constituency_code":"TW-65000010","township_code":"65000010","county":"New Taipei City","township_name_zh":"板橋區"},"geometry":{"type":"Polygon","coordinates":[[[121.47842758986144,25.039833934488513],[121.48523332365903,25.039225098859276],[121.4836418446954,25.035299246063403],[121.48880304492468,25.02334672906835],[121.48869505703135,25.015760418808327],[121.48200368102516,25.015700801850585],[121.48205426609161,25.011241249084435],[121.47633775878057,25.011258501678583],[121.46793376333255,25.004426713621967],[121.46422375232441,24.99566835111358],[121.46722874610975,24.992707858480912],[121.46495546412348,24.98971699574281],[121.45709518529463,24.991385434190477],[121.45627731484626,24.996343527931515],[121.45306495628279,24.9910005594283],[121.44965860945729,24.993079912507994],[121.44423676861209,24.991044739523147],[121.44085903461678,24.99258618470469],[121.4339293895298,24.975682121932437],[121.42687776040043,24.97272558901477],[121.4245743016628,24.988420724636796],[121.43152290176056,24.999073243735268],[121.43633782792847,25.00010862691164],[121.43765646787176,25.010652648201187],[121.44882148722195,25.027425150950023],[121.46297010009016,25.037367166061927],[121.47842758986144,25.039833934488513]]]}},{"type":"Feature","properties":{"district":"Sanchong District, New Taipei City","constituency_code":"TW-65000020","township_code":"65000020","county":"New Taipei City","township_name_zh":"三重區"},"geometry":{"type":"Polygon","coordinates":[[[121.49115972014499,25.094754679285074],[121.49976723307145,25.087234603194418],[121.50597620014162,25.075059072318368],[121.5054553847583,25.051439094638567],[121.50024456353583,25.04513019670128],[121.48909797399233,25.042703696318597],[121.48523332365903,25.039225098859276],[121.4662670830595,25.03852215277516],[121.46868743567666,25.05318740907171],[121.46584667968057,25.06665305969102],[121.46979105851062,25.068593354200004],[121.4709954485811,25.073478933805802],[121.47534442700373,25.073216653725638],[121.48402621763591,25.084487201323327],[121.48395029866742,25.088464767834807],[121.49115972014499,25.094754679285074]]]}},{"type":"Feature","properties":{"district":"Zhonghe District, New Taipei City","constituency_code":"TW-65000030","township_code":"65000030","county":"New Taipei City","township_name_zh":"中和區"},"geometry":{"type":"Polygon","coordinates":[[[121.48869166748648,25.015673877047846],[121.49296030947073,25.009293307640064],[121.50887626912458,25.004210028270222],[121.50636476931868,24.999800996718648],[121.514431718649,25.003947128557172],[121.51499774025353,24.998047068717312],[121.51229477028744,24.993494998195672],[121.52592864089411,24.99756152204668],[121.52674092475388,24.99543698073211],[121.53136657420805,24.995433240451746],[121.53172488389635,24.990636021934904],[121.52354394549673,24.983874719143046],[121.52345287564981,24.987913508801455],[121.51714757769867,24.98787857103929],[121.51447936383158,24.98175369597635],[121.50198632640786,24.96985476328672],[121.49770409926487,24.970759528029873],[121.4819641944921,24.963318194778935],[121.47866237047208,24.96663344657634],[121.47957646568136,24.972622914316105],[121.48182977372517,24.973218463361434],[121.47417573552184,24.983207268400747],[121.47971694428156,24.99032417572016],[121.47305280514286,24.99409656460483],[121.47007790087446,24.99173668779798],[121.46903584203051,24.99463077988662],[121.46628440040479,24.99294734974046],[121.46421434091917,24.995617994474912],[121.46586389630181,25.002072614959275],[121.47550993733375,25.01072274585806],[121.48203792900733,25.011228600119864],[121.48200368102516,25.015700801850585],[121.48869166748648,25.015673877047846]]]}},{"type":"Feature","properties":{"district":"Yonghe District, New Taipei City","constituency_code":"TW-65000040","township_code":"65000040","county":"New Taipei City","township_name_zh":"永和區"},"geometry":{"type":"Polygon","coordinates":[[[121.51240302797737,25.02174349596561],[121.51963987697877,25.019327913352583],[121.52596781356385,25.011639577704386],[121.53183505624293,25.008686348895935],[121.53390557438286,25.00339105345438],[121.53122211700713,25.00036478350802],[121.53136657420805,24.995433240451746],[121.52674092475388,24.99543698073211],[121.52592864089411,24.99756152204668],[121.51229477028744,24.993494998195672],[121.51499774025353,24.998047068717312],[121.514431718649,25.003947128557172],[121.50636476931868,24.999800996718648],[121.50887626912458,25.004210028270222],[121.49403464947954,25.009186415121007],[121.50027397316535,25.0119528430493],[121.5087674583516,25.021141559035755],[121.51240302797737,25.02174349596561]]]}},{"type":"Feature","properties":{"district":"Xinzhuang District, New Taipei City","constituency_code":"TW-65000050","township_code":"65000050","county":"New Taipei City","township_name_zh":"新莊區"},"geometry":{"type":"Polygon","coordinates":[[[121.46201371336224,25.068823969150912],[121.46494232412897,25.06714407064237],[121.46867841727521,25.053281337863496],[121.4662670830595,25.03852215277516],[121.44882148722195,25.027425150950023],[121.43765646787176,25.010652648201187],[121.43633782792847,25.00010862691164],[121.4316329553966,24.999171656546764],[121.43008699202107,24.99521754795154],[121.43202453640333,25.003572177813794],[121.42915953288616,25.008282158494865],[121.42689266936122,25.00825086928222],[121.42383397076117,25.016812062626627],[121.41762141719471,25.020016602484247],[121.41115556597663,25.019338846410676],[121.40462634492997,25.0237529951047],[121.3979846672587,25.031148651788897],[121.40126265115055,25.037498852889826],[121.39069298029688,25.042006799074557],[121.40015400560299,25.043027838064347],[121.398297556687,25.044106484027054],[121.40304639797296,25.045489414704775],[121.4082352433619,25.04461700487093],[121.40953630335775,25.040822723789745],[121.4132413635981,25.03883979242255],[121.4126842380872,25.03517198569864],[121.41816791541703,25.033576423812974],[121.41655758486468,25.03020228620659],[121.42616469784264,25.030159427215835],[121.42408757148428,25.0318348569931],[121.43272891330878,25.04114891329175],[121.43668734944174,25.038876426306103],[121.43735631644097,25.043223317402237],[121.44189218027998,25.04152175422564],[121.43949533863906,25.05678610559437],[121.44683313384212,25.05921236585806],[121.44771527793773,25.06259610372723],[121.45064015112212,25.060885493370847],[121.45351854464514,25.06532533209844],[121.46201371336224,25.068823969150912]]]}},{"type":"Feature","properties":{"district":"Xindian District, New Taipei City","constituency_code":"TW-65000060","township_code":"65000060","county":"New Taipei City","township_name_zh":"新店區"},"geometry":{"type":"Polygon","coordinates":[[[121.60923080775558,24.964015844755465],[121.61056738018056,24.959229868663556],[121.61016869452965,24.956663491327106],[121.60770571224884,24.956344260779076],[121.60704672322777,24.947116084339882],[121.59800243746258,24.944755383754],[121.59987882254973,24.939135357510793],[121.5941453369378,24.927406840952983],[121.59855394400938,24.910466590360897],[121.58937636073051,24.91447468166126],[121.5789509753073,24.908957591819444],[121.57177505717323,24.90864085419213],[121.56634244784573,24.903567550102423],[121.57864507810791,24.896290670478095],[121.57637958784778,24.886004260888],[121.57795606162301,24.879352590849464],[121.5757755932691,24.875082244649946],[121.56456172364472,24.87713379338993],[121.56414919293093,24.886794290124442],[121.55909179874754,24.890602444147532],[121.55111853809012,24.8912540524326],[121.54672701184222,24.888320982827167],[121.53977354191545,24.89379361738156],[121.52938916287962,24.885073227847215],[121.50885147841302,24.87752642120745],[121.48835709000775,24.862194412941847],[121.480203437039,24.86194623063409],[121.47767061520676,24.865648525459108],[121.4792457993542,24.870215933018926],[121.4717776860914,24.877116025484213],[121.47535836469683,24.88617097541021],[121.48638000153585,24.900342472427212],[121.49252767351334,24.903474473867902],[121.48938920774583,24.908407874024192],[121.49205915100913,24.917078798148054],[121.48607189200425,24.922837243543995],[121.48457887261691,24.928028098018387],[121.45993351042318,24.934230524319275],[121.46088501473173,24.93759500860284],[121.45737878740113,24.94546278597886],[121.47144361583025,24.955194889432676],[121.47377449579642,24.960740405945046],[121.49770409926487,24.970759528029873],[121.50198632640786,24.96985476328672],[121.51447936383158,24.98175369597635],[121.51590095996141,24.987120639505974],[121.52345287564981,24.987913508801455],[121.52354394549673,24.983874719143046],[121.53517584608846,24.99513330305956],[121.53690324498882,24.988652263191454],[121.54417379428526,24.988207661754245],[121.54506155554645,24.983667972199214],[121.55262639449256,24.986700621036903],[121.55367950420577,24.9774219557587],[121.56126675695532,24.964687042073365],[121.57254284797409,24.96398042945333],[121.57455696243392,24.966843162182215],[121.57863681603624,24.966587499313675],[121.58567404162375,24.96321172763919],[121.5933958833134,24.964210528193348],[121.59724690621977,24.960500194328574],[121.60923080775558,24.964015844755465]]]}},{"type":"Feature","properties":{"district":"Shulin District, New Taipei City","constituency_code":"TW-65000070","township_code":"65000070","county":"New Taipei City","township_name_zh":"樹林區"},"geometry":{"type":"Polygon","coordinates":[[[121.41253832308519,25.020318355607685],[121.42383397076117,25.016812062626627],[121.42689266936122,25.00825086928222],[121.42915953288616,25.008282158494865],[121.43202453640333,25.003572177813794],[121.43008699202107,24.99521754795154],[121.42441966503554,24.987292058381854],[121.42657694526986,24.98405666188546],[121.42670047434751,24.972936883830187],[121.42881332267677,24.972081337184022],[121.4103482193949,24.964892353699213],[121.4098741966369,24.95415898195148],[121.39725502030296,24.9425215802068],[121.39603629144176,24.946360169985894],[121.37922725823148,24.943410118482234],[121.37607403728703,24.94969403235376],[121.36173323030437,24.94517634830987],[121.36615475523786,24.954762634787812],[121.37220449014512,24.956615430657678],[121.3822778467453,24.964817613741957],[121.37777684242735,24.965631457925497],[121.36853693253352,24.9763560235117],[121.38546006812771,24.986044493658483],[121.38341138282908,24.988606830340984],[121.38418473503759,24.995714584360655],[121.38803606910938,24.99639589185699],[121.39049583451526,24.993315697661387],[121.39402374989618,24.993423761097745],[121.39684258671605,24.99730153613706],[121.40323702187118,24.999327935335998],[121.3995180158438,25.006970405559798],[121.39118698599066,25.012027714307635],[121.39242941018915,25.015404802589615],[121.41126651623676,25.017985766929655],[121.41253832308519,25.020318355607685]]]}},{"type":"Feature","properties":{"district":"Yingge District, New Taipei City","constituency_code":"TW-65000080","township_code":"65000080","county":"New Taipei City","township_name_zh":"鶯歌區"},"geometry":{"type":"Polygon","coordinates":[[[121.34269340717503,24.982312346737444],[121.34722908215645,24.978826707586563],[121.35234920764992,24.98084876306001],[121.35420338307972,24.977783107304617],[121.36390571447726,24.979587062792746],[121.36891655795284,24.97680245956593],[121.37777684242735,24.965631457925497],[121.38225237524694,24.964732948866526],[121.37220449014512,24.956615430657678],[121.36615475523786,24.954762634787812],[121.3592163021907,24.942285157434128],[121.34030510819423,24.9287414357687],[121.32205818673594,24.928040490676153],[121.32321993904895,24.931279313589528],[121.31578131365677,24.938472929482145],[121.3316287917354,24.945641758260592],[121.32799512057841,24.94918767537098],[121.32853565899347,24.97193396617962],[121.32404052275194,24.971109241098645],[121.32367878844536,24.97281935053263],[121.32860895463966,24.976265333178617],[121.32749439065367,24.9784920455715],[121.34102948692134,24.980241637041956],[121.34269340717503,24.982312346737444]]]}},{"type":"Feature","properties":{"district":"Sanxia District, New Taipei City","constituency_code":"TW-65000090","township_code":"65000090","county":"New Taipei City","township_name_zh":"三峽區"},"geometry":{"type":"Polygon","coordinates":[[[121.40766751844126,24.952066770365207],[121.40922456955832,24.941675460254316],[121.41353673962885,24.941477483499114],[121.41758904609765,24.93753936035324],[121.43307303978906,24.941009054524272],[121.43681383908745,24.935579451630417],[121.45749850245397,24.94609533942844],[121.46088501473173,24.93759500860284],[121.45990047292855,24.93425758671833],[121.48457887261691,24.928028098018387],[121.48607189200425,24.922837243543995],[121.49205915100913,24.917078798148054],[121.48938920774583,24.908407874024192],[121.49252767351334,24.903474473867902],[121.48638000153585,24.900342472427212],[121.47535836469683,24.88617097541021],[121.47177724272558,24.876998487690116],[121.4792457993542,24.870215933018926],[121.47767061520676,24.865648525459108],[121.480380750971,24.861753423181995],[121.48835709000775,24.862194412941847],[121.49270204306492,24.856820630967377],[121.49311048186325,24.852886310155156],[121.49718908630734,24.848708251484652],[121.49621001957678,24.84192208873344],[121.49444065920909,24.83647592392481],[121.48391606687301,24.831544545444444],[121.48039707366604,24.823504148597635],[121.48364199308355,24.817835647097468],[121.4732799064426,24.81335536945477],[121.46906270837735,24.80724690881783],[121.46191922429284,24.805418008834067],[121.45532569812258,24.798921399003405],[121.45479589041804,24.79200061673515],[121.4460004848346,24.790063895232606],[121.43826661651121,24.79533820499421],[121.43656605428009,24.812053071092407],[121.42956998436739,24.81527643645842],[121.42364545577323,24.825432259990862],[121.41691747646041,24.825572064998823],[121.413849642547,24.83195945126772],[121.41560521360975,24.835597596551906],[121.40552323790712,24.84239649370329],[121.39824280955804,24.84169127773032],[121.3936650921703,24.843976523397885],[121.38807930311737,24.842409773092584],[121.38334670088955,24.836984890740155],[121.37361844653412,24.83328089529715],[121.37012249215934,24.836224294515603],[121.36005887072042,24.838176566195614],[121.35482305014375,24.843972331657824],[121.34674489256281,24.84588718434611],[121.34000851178348,24.843387602356017],[121.3357779857655,24.844389806844163],[121.3372723379481,24.84840983664469],[121.34786333082809,24.850945315074284],[121.34872268430445,24.84835287988153],[121.35273496284833,24.84911851051089],[121.35479418010743,24.853352270490916],[121.3580736235989,24.85328361264868],[121.3483542986121,24.86073024650375],[121.34504826666421,24.86693918119829],[121.35444860571863,24.873465609850086],[121.35346534994596,24.876516777527286],[121.34567032952214,24.87998548604139],[121.34473248231825,24.88576368864335],[121.34114041110115,24.887993030653888],[121.34212574340836,24.892590612266986],[121.33365542116087,24.891535754271672],[121.3332460353763,24.899433671526765],[121.32716623703232,24.89590134317251],[121.3203217739308,24.900196235467945],[121.32620622333854,24.909180888087576],[121.31758531321168,24.91635936119559],[121.32490747909696,24.923516716423364],[121.33627021709685,24.92553281658627],[121.3652271800903,24.9473044185641],[121.36983817689043,24.946555557592944],[121.37607403728703,24.94969403235376],[121.37922725823148,24.943410118482234],[121.39603629144176,24.946360169985894],[121.39725502030296,24.9425215802068],[121.40766751844126,24.952066770365207]]]}},{"type":"Feature","properties":{"district":"Tamsui District, New Taipei City","constituency_code":"TW-65000100","township_code":"65000100","county":"New Taipei City","township_name_zh":"淡水區"},"geometry":{"type":"Polygon","coordinates":[[[121.4506768155826,25.2442432597187],[121.49761651878737,25.22951859870443],[121.49667812749362,25.225962693723375],[121.50153581462621,25.22375176083517],[121.49851556743954,25.220691680876428],[121.49623938873685,25.22220798371154],[121.4976893270009,25.21377502289903],[121.48673846141094,25.21131339769522],[121.48524870116671,25.20520624107519],[121.48926601051801,25.201420296709387],[121.48551787455028,25.197297025637283],[121.49151391633427,25.19611399626399],[121.4953722777085,25.191090053263395],[121.50261081024075,25.192652767411346],[121.50758997150001,25.187627034759885],[121.51959250519008,25.182312223130623],[121.52231894296494,25.17788834107415],[121.51984672734466,25.1692265954311],[121.51353712883554,25.170993730876035],[121.51042311833226,25.16943560147189],[121.50257076702735,25.173252647092056],[121.49874880211564,25.164952883069134],[121.49236619304543,25.160372353501373],[121.48733704656752,25.151303892160968],[121.48286438528316,25.150220845815454],[121.46895706861392,25.135626838307985],[121.46560960130216,25.131549465035846],[121.46482619377389,25.124255522574344],[121.46111069780056,25.122978810823497],[121.45692116737803,25.126226565803393],[121.45264186213228,25.146670681207013],[121.44723077538004,25.15687324070757],[121.4341689959025,25.167120204234095],[121.41742642618863,25.175546072992915],[121.41884802231846,25.177408799176817],[121.41636593304145,25.180656582935],[121.40396865183186,25.183918212655442],[121.40485662083643,25.189834003436545],[121.41900588121655,25.191846796792277],[121.41893607853729,25.199269005060557],[121.43086784457546,25.215886928738826],[121.43764055796544,25.21801848206735],[121.44590264129397,25.24185046412765],[121.4506768155826,25.2442432597187]]]}},{"type":"Feature","properties":{"district":"Xizhi District, New Taipei City","constituency_code":"TW-65000110","township_code":"65000110","county":"New Taipei City","township_name_zh":"汐止區"},"geometry":{"type":"Polygon","coordinates":[[[121.62679766817791,25.139704793441524],[121.63313954245598,25.130986981364174],[121.64317912861395,25.127681669773267],[121.64624405411985,25.121053231021847],[121.64623773908045,25.113625118704306],[121.6522246689334,25.1047386306833],[121.64893350098032,25.10175642302056],[121.65570140569537,25.09344995185387],[121.67402993163614,25.082919713573972],[121.68121058739871,25.088020351657974],[121.67896915400331,25.079582634331132],[121.68030654301265,25.07710065297283],[121.69952198215378,25.067387198760287],[121.71236886772908,25.068033999269687],[121.72972415634479,25.05394052653412],[121.72705558095038,25.049438805456532],[121.72227632549209,25.04819673738956],[121.71597584071253,25.041746824856148],[121.71577596548843,25.03624979259388],[121.7127262619075,25.03358110208626],[121.70318519514069,25.03198320915783],[121.69694126962395,25.035101275603438],[121.69569169131853,25.040758841347497],[121.6885914925034,25.04163703292278],[121.6771613790944,25.03484094345481],[121.66583648546555,25.033729845456037],[121.66503763208107,25.029572152832657],[121.65023680208685,25.027625321151675],[121.63347834045317,25.035739763679203],[121.63021047303494,25.03507921793164],[121.62114036413652,25.04087338260058],[121.61630622665109,25.050552932372],[121.62092692174008,25.05350503702789],[121.62052520177667,25.056648731453834],[121.6242637815484,25.05574084246598],[121.61613136517042,25.063919564036723],[121.62150997200763,25.069574762765114],[121.62061941475429,25.073226315142392],[121.62493822631814,25.077993852434417],[121.62426184890523,25.08034423060184],[121.62797618565253,25.083250634409296],[121.62622242852228,25.096090908168946],[121.61540662581524,25.103868143599982],[121.59838494970575,25.108909987605898],[121.59549481193608,25.113785309544426],[121.60171875271828,25.1260252228858],[121.60454330023322,25.126002089624762],[121.61677946070358,25.138909329601915],[121.62679766817791,25.139704793441524]]]}},{"type":"Feature","properties":{"district":"Ruifang District, New Taipei City","constituency_code":"TW-65000120","township_code":"65000120","county":"New Taipei City","township_name_zh":"瑞芳區"},"geometry":{"type":"Polygon","coordinates":[[[121.82350224513254,25.13601000076096],[121.82671490047233,25.135899340981837],[121.82396045690962,25.131808507556627],[121.82193899498873,25.13258916945466],[121.81909930648783,25.126813485853745],[121.82253775191577,25.12144010317826],[121.82797481378668,25.12219472610576],[121.82639171740391,25.12416928208677],[121.82772849127696,25.125218117322333],[121.82800971287804,25.122735149407674],[121.82957162303205,25.124373993864765],[121.82881346397028,25.127651093723046],[121.84186059169303,25.128856163681064],[121.8560841288795,25.124811268525264],[121.86248449056689,25.126329333132276],[121.86504269666318,25.123144414683054],[121.8759922951084,25.125561836409645],[121.87932460164916,25.123079037567607],[121.88802543902284,25.123245523662035],[121.88982074752948,25.11986251963964],[121.89707350283993,25.11969443814786],[121.90452974505172,25.124320753999655],[121.910751317919,25.12332562987399],[121.92225531333213,25.129543225939187],[121.9267906807454,25.12884207670055],[121.91956034103703,25.120501172291313],[121.8976299070946,25.11375941356613],[121.89476798015824,25.10867358012166],[121.89739921660066,25.103646045228857],[121.89571606434492,25.101160530434186],[121.88737158602999,25.10033190499348],[121.87225640341035,25.09374669935073],[121.85756804083246,25.097349716216456],[121.85375287569468,25.09540552494508],[121.85155506751244,25.089165575331094],[121.84575748811767,25.08737126507185],[121.83917389855662,25.07646396533977],[121.83252072035498,25.07183838243543],[121.82967846428971,25.064919529212943],[121.8340142892281,25.044425105734092],[121.82180484851506,25.045973571023524],[121.81739767226486,25.04201925558425],[121.81355462364706,25.051808617973393],[121.8142366640908,25.05806878524629],[121.80596216472213,25.058396219410042],[121.80561672253373,25.06640732174054],[121.79789343833158,25.07592077572326],[121.79105590360712,25.076572767119558],[121.77568254001721,25.070058392081194],[121.76942165508535,25.07790313692027],[121.76159965859745,25.078415283738423],[121.75836106770919,25.094127207904364],[121.75989068410786,25.100615266081718],[121.7568026622132,25.101817269351557],[121.75596257940958,25.108494297573827],[121.75273835878829,25.10684487529079],[121.74998786864523,25.10959484832364],[121.76328547914159,25.113442116560464],[121.76690760570148,25.11252309306633],[121.77352652512911,25.12027309702586],[121.78337484437361,25.116615121690586],[121.78592425689897,25.11818913402135],[121.79015565885663,25.112262636811295],[121.79468073173041,25.112571528753108],[121.79776725085799,25.11431344271125],[121.79888117452663,25.119086997367106],[121.79420564597388,25.12334966245703],[121.79461574042409,25.126394257888762],[121.80236914472027,25.121766322357928],[121.80501940182398,25.125334012954397],[121.80350853808864,25.13620273267003],[121.81042554320436,25.13309950323952],[121.82350224513254,25.13601000076096]]]}},{"type":"Feature","properties":{"district":"Tucheng District, New Taipei City","constituency_code":"TW-65000130","township_code":"65000130","county":"New Taipei City","township_name_zh":"土城區"},"geometry":{"type":"Polygon","coordinates":[[[121.46714984498942,24.992982470964307],[121.46903584203051,24.99463077988662],[121.47007790087446,24.99173668779798],[121.47305280514286,24.99409656460483],[121.47971694428156,24.99032417572016],[121.47417573552184,24.983207268400747],[121.48182977372517,24.973218463361434],[121.47957646568136,24.972622914316105],[121.4797006161906,24.963584529902164],[121.47188303807184,24.958980839194396],[121.47144361583025,24.955194889432676],[121.46781277843706,24.954399169286262],[121.46172576303366,24.94745493629631],[121.45148206494537,24.944293162799283],[121.43681383908745,24.935579451630417],[121.43314010133463,24.940995567391553],[121.41758904609765,24.93753936035324],[121.41353673962885,24.941477483499114],[121.40922456955832,24.941675460254316],[121.40756849768809,24.952138958945852],[121.4105519446166,24.95622668251542],[121.4103482193949,24.964892353699213],[121.42263484622129,24.968750380525705],[121.43381763347702,24.97553890849389],[121.44085903461678,24.99258618470469],[121.44423676861209,24.991044739523147],[121.44965860945729,24.993079912507994],[121.45306495628279,24.9910005594283],[121.45627731484626,24.996343527931515],[121.45697509612387,24.99150554494497],[121.46324219627036,24.9890579941312],[121.46714984498942,24.992982470964307]]]}},{"type":"Feature","properties":{"district":"Luzhou District, New Taipei City","constituency_code":"TW-65000140","township_code":"65000140","county":"New Taipei City","township_name_zh":"蘆洲區"},"geometry":{"type":"Polygon","coordinates":[[[121.49114826008417,25.0947648632079],[121.48408920884992,25.08865288442314],[121.48402621763591,25.084487201323327],[121.4744715252408,25.07281619730969],[121.45543760616067,25.083712930007778],[121.45566322717627,25.091996967586056],[121.46266720123037,25.103163723527075],[121.48107670212812,25.100876167501156],[121.49114826008417,25.0947648632079]]]}},{"type":"Feature","properties":{"district":"Wugu District, New Taipei City","constituency_code":"TW-65000150","township_code":"65000150","county":"New Taipei City","township_name_zh":"五股區"},"geometry":{"type":"Polygon","coordinates":[[[121.45902790931063,25.112721754205666],[121.45729380506509,25.107193675547762],[121.46266720123037,25.103163723527075],[121.45463187745929,25.087925897662103],[121.45698708228804,25.08135878458029],[121.4709954485811,25.073478933805802],[121.46979105851062,25.068593354200004],[121.46554911200201,25.065528434989346],[121.46130918447136,25.06874604199629],[121.45351854464514,25.06532533209844],[121.45020859345186,25.060809684119704],[121.44578662964932,25.064164959345476],[121.44555096230715,25.069376932599425],[121.43839879346956,25.06728263458598],[121.43752829199718,25.064412357444382],[121.43197751535013,25.066088504880668],[121.43071074650379,25.069031734127293],[121.41738688839428,25.069789725015823],[121.40794190699353,25.076984773528523],[121.40206103418939,25.07639401786969],[121.4051528871961,25.07935969419458],[121.4017324650813,25.08442842792965],[121.40331097402225,25.085172400186195],[121.40868946124965,25.08045160335888],[121.4094025130156,25.082593019552235],[121.4134199968355,25.079211011079337],[121.41478789714381,25.079463127021768],[121.4149937843357,25.082557493633487],[121.41293173421218,25.080528957645356],[121.40901350676802,25.08441697416407],[121.40799765057113,25.08832813473566],[121.41070656055933,25.090038356584955],[121.40693040711267,25.096123429452746],[121.41218992752317,25.091901708696923],[121.41263358647086,25.096342524987563],[121.4102124964096,25.09549283023],[121.40653263787101,25.102655743267974],[121.40403502359754,25.10098855667661],[121.40001168339256,25.113323023838518],[121.40464282950302,25.122512430504287],[121.41004355966265,25.120993185986777],[121.41499995548361,25.12305047869671],[121.41586840020659,25.129784570701418],[121.42133201546017,25.129555784072238],[121.42514681277521,25.132205532159617],[121.42614507103826,25.12957309782024],[121.43595262761175,25.127287284680506],[121.44156033674017,25.123104135847257],[121.45315849656743,25.120809256641905],[121.45902790931063,25.112721754205666]]]}},{"type":"Feature","properties":{"district":"Taishan District, New Taipei City","constituency_code":"TW-65000160","township_code":"65000160","county":"New Taipei City","township_name_zh":"泰山區"},"geometry":{"type":"Polygon","coordinates":[[[121.39851238493873,25.076678467137583],[121.41029165563543,25.07565025425589],[121.41738688839428,25.069789725015823],[121.43071074650379,25.069031734127293],[121.43197751535013,25.066088504880668],[121.43752829199718,25.064412357444382],[121.43839879346956,25.06728263458598],[121.44555096230715,25.069376932599425],[121.44808494876145,25.06052760816266],[121.43869156956032,25.055776372881326],[121.44202351367426,25.047730029717172],[121.4398767240317,25.047039029327777],[121.44184089014504,25.041429132148778],[121.43735631644097,25.043223317402237],[121.43668734944174,25.038876426306103],[121.43272891330878,25.04114891329175],[121.42408757148428,25.0318348569931],[121.42616469784264,25.030159427215835],[121.42129666670792,25.028754649307643],[121.41655758486468,25.03020228620659],[121.41816791541703,25.033576423812974],[121.4126842380872,25.03517198569864],[121.4132413635981,25.03883979242255],[121.40953630335775,25.040822723789745],[121.40909225590292,25.04416236789899],[121.39436737095741,25.04756710134069],[121.3940205501084,25.050340513404024],[121.39852956828497,25.048472687164804],[121.39758876321093,25.050530969129],[121.39975533793859,25.049363414390086],[121.40070422162262,25.051385984275782],[121.39104028588054,25.05358276273438],[121.39262170143047,25.055067196294146],[121.38443981514547,25.05256162841647],[121.38745131102928,25.054981748109242],[121.38559777231944,25.058111127126892],[121.3886386139809,25.0568769533088],[121.38973717453109,25.059056096961342],[121.38768404388361,25.059717993490665],[121.39111468499482,25.06148156582168],[121.3801996663816,25.06483398749856],[121.382929755404,25.069166421992804],[121.37704981519687,25.072640844799196],[121.38549939638006,25.069933027487252],[121.38597090013695,25.0725432881423],[121.38783969134874,25.07276473540429],[121.38933287441273,25.067911902812114],[121.39625690773016,25.07317885522002],[121.39664860654807,25.067958891489695],[121.3947317321838,25.066787979581648],[121.40001842650929,25.06542474855337],[121.40025536549274,25.06306103883594],[121.40525932735613,25.063097426305205],[121.40264176150811,25.067389005498228],[121.40588676006598,25.070213997278188],[121.40143849019421,25.07209764798813],[121.4019685901784,25.069907268205895],[121.39842462909337,25.068160907100207],[121.39851238493873,25.076678467137583]]]}},{"type":"Feature","properties":{"district":"Linkou District, New Taipei City","constituency_code":"TW-65000170","township_code":"65000170","county":"New Taipei City","township_name_zh":"林口區"},"geometry":{"type":"Polygon","coordinates":[[[121.37094489878814,25.128425853370516],[121.38014224826622,25.116697770285896],[121.38588480354088,25.11491698583029],[121.38516919500239,25.109545319960603],[121.38941598615895,25.106440878243973],[121.39172682293463,25.10065691368567],[121.39346986374323,25.10054398761497],[121.39267842976574,25.103632898039848],[121.39296416686284,25.104769306558296],[121.39534651862698,25.10024678955773],[121.39623719189296,25.08713082412828],[121.38998496743238,25.088122143222392],[121.39359545766433,25.08406241914537],[121.39288898803647,25.079861195737635],[121.39553352095527,25.08384905588929],[121.39885118563382,25.081062119821013],[121.39730278239756,25.08447893475511],[121.40291392873485,25.088521284829483],[121.40034977182461,25.089592246984637],[121.4039951071885,25.095426282197195],[121.40025933330162,25.10638728674394],[121.40280201080418,25.107247216685778],[121.40403502359754,25.10098855667661],[121.40653263787101,25.102655743267974],[121.4102124964096,25.09549283023],[121.41263358647086,25.096342524987563],[121.41218992752317,25.091901708696923],[121.4090981968244,25.095099991071777],[121.40693040711267,25.096123429452746],[121.41070656055933,25.090038356584955],[121.40799765057113,25.08832813473566],[121.40896788865723,25.084514676511162],[121.41293173421218,25.080528957645356],[121.4149937843357,25.082557493633487],[121.41461077656618,25.078854291392474],[121.40331097402225,25.085172400186195],[121.4017324650813,25.08442842792965],[121.4051528871961,25.07935969419458],[121.40206103418939,25.07639401786969],[121.40790552761803,25.076991088567922],[121.40828496507913,25.07584553394429],[121.39814177252481,25.076528856821312],[121.39850006872325,25.0680811848988],[121.4019685901784,25.069907268205895],[121.40143849019421,25.07209764798813],[121.40591868150204,25.070182112714406],[121.40264176150811,25.067389005498228],[121.40525932735613,25.063097426305205],[121.40025536549274,25.06306103883594],[121.40001842650929,25.06542474855337],[121.3947317321838,25.066787979581648],[121.39664860654807,25.067958891489695],[121.39619873598292,25.073197562017924],[121.38933287441273,25.067911902812114],[121.38783969134874,25.07276473540429],[121.38549939638006,25.069933027487252],[121.37717475800878,25.072758433854688],[121.382929755404,25.069166421992804],[121.38266300299529,25.066024832879805],[121.38013703399702,25.065144975760063],[121.35488769161373,25.065147765457084],[121.35377373197218,25.068583235927633],[121.34645016404386,25.07029956597222],[121.35346090729513,25.07329234696431],[121.34989730501673,25.073537978794718],[121.34992166495294,25.07662913932336],[121.3480348540254,25.07381935687789],[121.34052924712717,25.07407951186002],[121.34045958923866,25.0763570611295],[121.34460601515559,25.07502993158613],[121.34623180055723,25.07564125833744],[121.3442205018747,25.077843159334407],[121.34635454272802,25.076784054740358],[121.34524607254832,25.07854414129912],[121.34798237678535,25.078798103549673],[121.34247107408089,25.080092950129597],[121.34942777257368,25.080748429096786],[121.34938254207077,25.082328762762245],[121.3382975012288,25.0837423801068],[121.32502253206428,25.092548940880988],[121.30284995386239,25.096763084848533],[121.29915932774088,25.104027123053356],[121.29162030293469,25.1026385500291],[121.2902464077456,25.106859427220854],[121.2826896375168,25.109847408531152],[121.28338726051368,25.117809010377584],[121.2925983696191,25.11909813097401],[121.2968467157034,25.122643279164038],[121.29671282823449,25.126168449814145],[121.2987718683271,25.124195448760986],[121.30415162989391,25.124159015426244],[121.3049445630412,25.12610831484693],[121.31346307366198,25.123454915512013],[121.32686076071559,25.12422346713936],[121.3525958224393,25.131179416496934],[121.36399078584611,25.13717754650662],[121.36526726017598,25.14016779770577],[121.37094489878814,25.128425853370516]]]}},{"type":"Feature","properties":{"district":"Shenkeng District, New Taipei City","constituency_code":"TW-65000180","township_code":"65000180","county":"New Taipei City","township_name_zh":"深坑區"},"geometry":{"type":"Polygon","coordinates":[[[121.63244862840156,25.025627039256506],[121.64021913960164,25.023543915319465],[121.6415823130734,25.00789899154529],[121.63929960349401,25.00380019642199],[121.64500032230706,25.001946134306706],[121.64572038608696,24.998416488630085],[121.64390592561801,24.99515348834285],[121.63653989799798,24.993568395465104],[121.63917585947843,24.98070672503536],[121.6199835778799,24.969283683894957],[121.61430026184769,24.973537079672553],[121.60050358607168,24.97669380257696],[121.59986114997218,24.98639011211401],[121.60197218436883,24.99028550127491],[121.5981392630166,24.99449441928209],[121.600466510621,25.00108242991024],[121.59591195347389,25.00450540070375],[121.59732288004693,25.014574366813633],[121.6026251317445,25.015081809278115],[121.60412591138174,25.019087254773012],[121.60925759586144,25.02094678566567],[121.62328385776391,25.017266228353833],[121.62893566604816,25.01992908136208],[121.63244862840156,25.025627039256506]]]}},{"type":"Feature","properties":{"district":"Shiding District, New Taipei City","constituency_code":"TW-65000190","township_code":"65000190","county":"New Taipei City","township_name_zh":"石碇區"},"geometry":{"type":"Polygon","coordinates":[[[121.69233449244291,25.041886935633613],[121.69578412004114,25.04069504254221],[121.69694126962395,25.035101275603438],[121.70318519514069,25.03198320915783],[121.7044217296791,25.02660205544055],[121.70106315484077,25.02319689122362],[121.71363293681065,25.006007659725753],[121.72192848301313,25.00819048430344],[121.72058464586473,24.999879064167544],[121.72682888884219,24.98927866977482],[121.72411480775224,24.982991500357514],[121.71727287264503,24.979175312690586],[121.7177650464198,24.971422581986644],[121.7077947800052,24.972675205396456],[121.69864070770257,24.964662819733405],[121.68870952942132,24.96346209350088],[121.68069472458194,24.95460249790699],[121.66687673037688,24.95239501032154],[121.66587588206642,24.945652931437678],[121.66700269571788,24.939845136643783],[121.66960894989313,24.93889693104859],[121.67016351773225,24.930123842141654],[121.67791965866536,24.92208574036465],[121.6637491455067,24.91590023660666],[121.66605513043999,24.908348790364414],[121.66039970778036,24.901507772565708],[121.64891754071198,24.89543223610883],[121.65291035253085,24.890162011068014],[121.64964703568216,24.880476522173808],[121.6542144774163,24.876950689622674],[121.65338281676361,24.87062633233944],[121.64828121730443,24.867799708289965],[121.64466150182693,24.860733645041762],[121.64040948830734,24.861909961875313],[121.63521094283078,24.85742144014739],[121.62976974857509,24.861416219682837],[121.62125950632117,24.863233313366777],[121.61546750811908,24.860697026446644],[121.59773290974601,24.86414327439263],[121.58494009680805,24.872752839571945],[121.5757755932691,24.875082244649946],[121.57795606162301,24.879352590849464],[121.57637958784778,24.886004260888],[121.57864507810791,24.896290670478095],[121.56634244784573,24.903567550102423],[121.57177505717323,24.90864085419213],[121.5789509753073,24.908957591819444],[121.58937636073051,24.91447468166126],[121.59855394400938,24.910466590360897],[121.59414348793166,24.927351901369207],[121.59987882254973,24.939135357510793],[121.5979773355856,24.944714641767348],[121.6013001740638,24.94709410670771],[121.60670150856788,24.946431990743804],[121.60770571224884,24.956344260779076],[121.61023579384687,24.956787848680335],[121.6094685426392,24.964281724821774],[121.6196431404187,24.967157724349534],[121.6199835778799,24.969283683894957],[121.63909860052001,24.980601122144094],[121.63653989799798,24.993568395465104],[121.64390592561801,24.99515348834285],[121.6457055032065,24.998274992896654],[121.64500032230706,25.001946134306706],[121.63929960349401,25.00380019642199],[121.6415823130734,25.00789899154529],[121.64021913960164,25.023543915319465],[121.64298102775228,25.02455901248851],[121.64642933424648,25.02170525229559],[121.65381746270577,25.024420324438495],[121.66363263024175,25.02299785416767],[121.66583648546555,25.033729845456037],[121.67075788956504,25.032728537591993],[121.6841957835087,25.040082965756312],[121.69233449244291,25.041886935633613]]]}},{"type":"Feature","properties":{"district":"Pinglin District, New Taipei City","constituency_code":"TW-65000200","township_code":"65000200","county":"New Taipei City","township_name_zh":"坪林區"},"geometry":{"type":"Polygon","coordinates":[[[121.77712274761677,24.984846074187033],[121.78362350781867,24.981838836593113],[121.79250966488917,24.983446542923673],[121.7940911883577,24.97735622161241],[121.7901510750122,24.960486577693473],[121.7932451889144,24.953539839192274],[121.78777209210841,24.944981345612632],[121.78950330323494,24.940433375100213],[121.78624114471313,24.937005294358926],[121.78525241926377,24.930879227694277],[121.77813351724808,24.91963737836238],[121.78395710773441,24.915678181402996],[121.78612548470346,24.90646572331451],[121.79341146636614,24.899747891052357],[121.79001026276353,24.89345422673125],[121.78168481140494,24.889465878247734],[121.78224085683019,24.879184352875654],[121.78505485619667,24.874015947278167],[121.77733079318159,24.87076291777447],[121.77542665051953,24.865083491310145],[121.76781693090675,24.865417296271232],[121.76437941807569,24.859889473020814],[121.76156406612881,24.860152081353533],[121.7609852993321,24.856700890733578],[121.74290009846084,24.852451999660104],[121.73681621539606,24.85565170476241],[121.73061084021822,24.855325602494588],[121.72060515400472,24.84874968055334],[121.71973551947872,24.84558897365224],[121.70777834399541,24.838856262106844],[121.70406473659841,24.842273298274165],[121.69312343709703,24.844080391496902],[121.68739141378273,24.849960747190778],[121.66976761997978,24.848048192270312],[121.65952108902707,24.851176239391975],[121.65715305986589,24.8496534029822],[121.65297586904114,24.855218632633864],[121.64562415772878,24.859514540263888],[121.64820658436645,24.867693754663094],[121.65348441677247,24.870824201175992],[121.6542209992997,24.876430034318673],[121.64967835547179,24.88032990480133],[121.65291035253085,24.890162011068014],[121.64891754071198,24.89543223610883],[121.66039970778036,24.901507772565708],[121.66605513043999,24.908348790364414],[121.6637491455067,24.91590023660666],[121.67791965866536,24.92208574036465],[121.67016351773225,24.930123842141654],[121.66960894989313,24.93889693104859],[121.66700269571788,24.939845136643783],[121.66587588206642,24.945652931437678],[121.66689062580178,24.952409339219685],[121.68069472458194,24.95460249790699],[121.68870952942132,24.96346209350088],[121.69864070770257,24.964662819733405],[121.70785113781983,24.972693226011643],[121.71585523533088,24.970844767572032],[121.71818295058279,24.974903122880846],[121.73647677348436,24.97572432441808],[121.73890741074842,24.97979224491621],[121.7424421016218,24.97970452684251],[121.74409968795032,24.9751402165478],[121.7484059764547,24.97419484741431],[121.75219242713888,24.97710209568521],[121.75874432459102,24.97690539866528],[121.76391751368237,24.98072509908411],[121.77137196714261,24.979559345687278],[121.77510306185684,24.985363547689644],[121.77712274761677,24.984846074187033]]]}},{"type":"Feature","properties":{"district":"Sanzhi District, New Taipei City","constituency_code":"TW-65000210","township_code":"65000210","county":"New Taipei City","township_name_zh":"三芝區"},"geometry":{"type":"Polygon","coordinates":[[[121.5076858131498,25.28242328650549],[121.50836397571697,25.278085145812895],[121.51512759786044,25.276163003220063],[121.52650070774155,25.260963453400677],[121.53171182304231,25.2603837998725],[121.53092193859663,25.263936607588448],[121.53314852868175,25.26645991998936],[121.54040615831764,25.265659373181563],[121.54308738537463,25.26810071867328],[121.54817916963304,25.266199101307507],[121.55036060925477,25.26157574152728],[121.54641244517825,25.253551622409475],[121.5477238329886,25.249680393535357],[121.5445440757486,25.241435049288157],[121.55191413053274,25.24515250578355],[121.55079594767494,25.242551726680915],[121.55646309299743,25.233827204761724],[121.5556424445432,25.22755622314122],[121.56265873481277,25.222017050446595],[121.56598753939352,25.215010312775746],[121.55500941265439,25.20843018560464],[121.55166023303343,25.203331177092196],[121.5525977357969,25.19881050819845],[121.54469779506724,25.195560048957134],[121.54109547967266,25.18737801248534],[121.52600571459209,25.182976492071475],[121.52173434946076,25.179118837564374],[121.50261081024075,25.192652767411346],[121.4953722777085,25.191090053263395],[121.49151391633427,25.19611399626399],[121.48551787455028,25.197297025637283],[121.48926601051801,25.201420296709387],[121.48524870116671,25.20520624107519],[121.48673846141094,25.21131339769522],[121.4976893270009,25.21377502289903],[121.49623938873685,25.22220798371154],[121.49851556743954,25.220691680876428],[121.50153581462621,25.22375176083517],[121.49667812749362,25.225962693723375],[121.49660078489842,25.230374329711594],[121.46925480446566,25.239879164591798],[121.45879178151552,25.240302393640604],[121.45478714990713,25.244029864986317],[121.44590264129397,25.24185046412765],[121.45268713580276,25.252810160160834],[121.46735348927223,25.253304997727525],[121.47287881330669,25.257320360046606],[121.48094594609859,25.27087587991798],[121.5076858131498,25.28242328650549]]]}},{"type":"Feature","properties":{"district":"Shimen District, New Taipei City","constituency_code":"TW-65000220","township_code":"65000220","county":"New Taipei City","township_name_zh":"石門區"},"geometry":{"type":"Polygon","coordinates":[[[121.5371857112516,25.300285665051433],[121.5412168440821,25.294586851901727],[121.54748297925619,25.291732008025804],[121.5656709798319,25.29326138250684],[121.56850100511735,25.29802517052525],[121.57527290641951,25.299141604201736],[121.58869042262495,25.292623981711415],[121.59804078995057,25.291431935735318],[121.60793375693743,25.2814547382456],[121.62076827683461,25.275758731880046],[121.61602401399716,25.266907618691675],[121.61801508782605,25.2563195953731],[121.61568382295013,25.25334393297618],[121.60393465346158,25.25291694655988],[121.59808213268434,25.243473574046277],[121.58386749518877,25.233182206493666],[121.58110034600418,25.223262955021426],[121.57132615697662,25.22037937690675],[121.56598753939352,25.215010312775746],[121.56265873481277,25.222017050446595],[121.5556424445432,25.22755622314122],[121.55646309299743,25.233827204761724],[121.55079594767494,25.242551726680915],[121.55191413053274,25.24515250578355],[121.5445440757486,25.241435049288157],[121.5477238329886,25.249680393535357],[121.54641244517825,25.253551622409475],[121.55036060925477,25.26157574152728],[121.54817916963304,25.266199101307507],[121.54308738537463,25.26810071867328],[121.54040615831764,25.265659373181563],[121.53314852868175,25.26645991998936],[121.53092193859663,25.263936607588448],[121.53171182304231,25.2603837998725],[121.52650070774155,25.260963453400677],[121.51512759786044,25.276163003220063],[121.5082837471972,25.27825084769853],[121.50930339223783,25.291308784372973],[121.51185555219206,25.29180228015116],[121.51690950377065,25.284899136286185],[121.52594211004043,25.286014434118897],[121.53450404802345,25.291106445905825],[121.53342585262101,25.296043089017417],[121.5371857112516,25.300285665051433]]]}},{"type":"Feature","properties":{"district":"Bali District, New Taipei City","constituency_code":"TW-65000230","township_code":"65000230","county":"New Taipei City","township_name_zh":"八里區"},"geometry":{"type":"Polygon","coordinates":[[[121.43573706461393,25.166064736498413],[121.45039798617813,25.152703491772797],[121.46080015110613,25.115919786568952],[121.45841370203084,25.112818747886934],[121.45315849656743,25.120809256641905],[121.44156033674017,25.123104135847257],[121.43595262761175,25.127287284680506],[121.42614507103826,25.12957309782024],[121.42497953347879,25.13226079280139],[121.42133201546017,25.129555784072238],[121.41600312134699,25.129858448208893],[121.41494753849815,25.122996899787154],[121.41004355966265,25.120993185986777],[121.40472225762619,25.122550853139387],[121.40104141073255,25.118023611100796],[121.40210618465278,25.106391047708712],[121.40023850500302,25.106321700985745],[121.4025306394775,25.10379017147926],[121.40079787881916,25.101686313672474],[121.40399491023697,25.095368645546614],[121.40034977182461,25.089592246984637],[121.40292614692419,25.088578166049558],[121.39730278239756,25.08447893475511],[121.39885118563382,25.081062119821013],[121.39553352095527,25.08384905588929],[121.39288898803647,25.079861195737635],[121.39359545766433,25.08406241914537],[121.38998496743238,25.088122143222392],[121.39623719189296,25.08713082412828],[121.39534651862698,25.10024678955773],[121.39296416686284,25.104769306558296],[121.39346986374323,25.10054398761497],[121.39172682293463,25.10065691368567],[121.38941598615895,25.106440878243973],[121.38519736266824,25.109478926611246],[121.38588480354088,25.11491698583029],[121.38014224826622,25.116697770285896],[121.37480884045567,25.122202289404186],[121.36579420713701,25.139700371474987],[121.3897688783311,25.14773843368181],[121.38782597578825,25.151921728205252],[121.39157178161247,25.167980461529112],[121.40230499777749,25.158786653581274],[121.40887159914507,25.16489918095249],[121.40551495874843,25.167994280511664],[121.40893901232562,25.16497282283757],[121.41742642618863,25.175546072992915],[121.43573706461393,25.166064736498413]]]}},{"type":"Feature","properties":{"district":"Pingxi District, New Taipei City","constituency_code":"TW-65000240","township_code":"65000240","county":"New Taipei City","township_name_zh":"平溪區"},"geometry":{"type":"Polygon","coordinates":[[[121.81687910698531,25.04211411967094],[121.80888759998277,25.037583290236682],[121.80667535048713,25.031557668851406],[121.79940410151812,25.03009619048686],[121.7927725637029,25.023631065920995],[121.78878026899429,25.022757218071206],[121.77934813261027,25.006443957722524],[121.76366344261385,24.99617857068455],[121.77712274761677,24.984846074187033],[121.77510306185684,24.985363547689644],[121.77137196714261,24.979559345687278],[121.76391751368237,24.98072509908411],[121.75874432459102,24.97690539866528],[121.75219242713888,24.97710209568521],[121.74825284439328,24.974170014434662],[121.74409968795032,24.9751402165478],[121.74235169187716,24.979727727552643],[121.73882312538694,24.97975984504086],[121.73647677348436,24.97572432441808],[121.71818295058279,24.974903122880846],[121.71727287264503,24.979175312690586],[121.72411480775224,24.982991500357514],[121.72682888884219,24.98927866977482],[121.72058464586473,24.999879064167544],[121.72222242192731,25.00759967648395],[121.71363293681065,25.006007659725753],[121.70105959172679,25.023264139828257],[121.7044217296791,25.02660205544055],[121.70323190772638,25.032039294477897],[121.7127262619075,25.03358110208626],[121.71577596548843,25.03624979259388],[121.71597584071253,25.041746824856148],[121.72227632549209,25.04819673738956],[121.72705558095038,25.049438805456532],[121.73008751662564,25.05334832116813],[121.73749807147885,25.054763626540193],[121.74591293163655,25.052994580935206],[121.75688047245592,25.059337914812943],[121.76391625822885,25.05738965590797],[121.76734926635561,25.061824192232734],[121.77172787564098,25.063205796410443],[121.77568254001721,25.070058392081194],[121.79480932668912,25.07737589408231],[121.80561672253373,25.06640732174054],[121.805991477225,25.058366042658804],[121.8142366640908,25.05806878524629],[121.81355462364706,25.051808617973393],[121.81687910698531,25.04211411967094]]]}},{"type":"Feature","properties":{"district":"Shuangxi District, New Taipei City","constituency_code":"TW-65000250","township_code":"65000250","county":"New Taipei City","township_name_zh":"雙溪區"},"geometry":{"type":"Polygon","coordinates":[[[121.85762971364045,25.0973361328563],[121.87666621647281,25.093059350208875],[121.87763826669277,25.074725178324343],[121.88294936052466,25.07187021663725],[121.8905816432283,25.05320368770009],[121.88783150202221,25.044619772084843],[121.89681368960021,25.039885204838356],[121.8921536320845,25.0285900481922],[121.89387697234451,25.02479717814731],[121.88819655212922,25.020701373269787],[121.8910134095413,25.016252828205495],[121.88056537469231,25.01355168656113],[121.87530753331612,24.999344833597263],[121.8643897771666,24.986795933885276],[121.86085343064133,24.97357869669952],[121.86125266308,24.963660208751662],[121.85256609255123,24.959605359000193],[121.84694488459877,24.960313323301307],[121.8414118183008,24.95426383570748],[121.83988099950864,24.942109013520223],[121.84673627515906,24.93771456627428],[121.84914500763603,24.93032774003325],[121.85386754285287,24.927878703539363],[121.85363159492226,24.925118923399623],[121.83182035802315,24.90490759930634],[121.8183805746039,24.902709920626364],[121.81163528244235,24.906518518914595],[121.8104760716135,24.903631488302608],[121.8046233394956,24.90118938018577],[121.79359422659229,24.899672932559838],[121.7861575023669,24.90641219116975],[121.78395710773441,24.915678181402996],[121.77813319529082,24.91958689491929],[121.78948706777408,24.940388918014207],[121.78773517134118,24.944861442601564],[121.79328499560609,24.95369521236421],[121.79015037713827,24.96037825615167],[121.79388537221223,24.973163035445793],[121.7928375702977,24.983102864305806],[121.78136554938067,24.982097023858614],[121.77433558491941,24.988551916837537],[121.76968067242512,24.98937885155283],[121.76363550067788,24.996137971690075],[121.77934813261027,25.006443957722524],[121.78878026899429,25.022757218071206],[121.7927725637029,25.023631065920995],[121.79940410151812,25.03009619048686],[121.80667535048713,25.031557668851406],[121.81224750132117,25.040574635910787],[121.81940330881571,25.042688260354964],[121.82180484851506,25.045973571023524],[121.8340142892281,25.044425105734092],[121.8295764433982,25.06423668297657],[121.83220280101852,25.071240067974827],[121.83917389855662,25.07646396533977],[121.84734250365364,25.089098067721693],[121.85150877401077,25.089125206563097],[121.85339029872341,25.095055668884072],[121.85762971364045,25.0973361328563]]]}},{"type":"Feature","properties":{"district":"Gongliao District, New Taipei City","constituency_code":"TW-65000260","township_code":"65000260","county":"New Taipei City","township_name_zh":"貢寮區"},"geometry":{"type":"Polygon","coordinates":[[[121.92120760404771,25.121316832206105],[121.92081603203428,25.117459041901327],[121.91603736113541,25.113857774216967],[121.92319876780891,25.113282534561392],[121.92655249080485,25.108145555772808],[121.9232249102015,25.105312129251388],[121.9241572247762,25.103672753294973],[121.91976116144849,25.102792018436958],[121.91959454944902,25.094851324928754],[121.91443439063471,25.089747657928115],[121.91687414522573,25.08140167414797],[121.91554354699713,25.076640488767566],[121.92845616042348,25.070865601966034],[121.93178739407301,25.061069157415716],[121.92896291580598,25.04099535225373],[121.93455590932786,25.032358703991065],[121.94996553897852,25.0204593495194],[121.95001005721838,25.02238460286719],[121.97365109342331,25.026561501412232],[121.98302084113902,25.024917329371306],[121.99016814824154,25.02106003279431],[121.99156331959159,25.012793535593232],[121.99776832604744,25.02075760248141],[122.00181919809756,25.0148056157866],[122.00633867269164,25.015386422245626],[122.00599431778357,25.003321856918205],[121.9966813118931,25.00076097533878],[121.98929934828641,24.99374739022994],[121.9775435175194,24.990067714253655],[121.97474712148255,24.985291984137803],[121.96772168510779,24.98481705935984],[121.96679610285787,24.982455846160406],[121.96107515739266,24.988292975040792],[121.94789744001491,24.986662737095685],[121.94464081861895,24.988178371734534],[121.933499793181,24.980897086331538],[121.91486893225544,24.97934863722986],[121.91032722192381,24.974773715834374],[121.90282820345885,24.974379032166667],[121.89720398277768,24.967067009734762],[121.88856550439459,24.96317529430445],[121.88252926291523,24.964169562275515],[121.87155156964923,24.96071931144712],[121.86362884279697,24.96213399808562],[121.86064394256391,24.965627012576647],[121.86394704272186,24.985921931352095],[121.87530753331612,24.999344833597263],[121.88059475374496,25.01358483107515],[121.89112844991814,25.016351291379067],[121.88819655212922,25.020701373269787],[121.89387697234451,25.02479717814731],[121.8921536320845,25.0285900481922],[121.89682844117965,25.03957893621896],[121.88783150202221,25.044619772084843],[121.8905816432283,25.05320368770009],[121.88294936052466,25.07187021663725],[121.87763826669277,25.074725178324343],[121.87842857651765,25.082956240438193],[121.87553420384052,25.094598804291422],[121.88737158602999,25.10033190499348],[121.89571606434492,25.101160530434186],[121.89739921660066,25.103646045228857],[121.89476798015824,25.10867358012166],[121.8976299070946,25.11375941356613],[121.92258002165079,25.122313409636206],[121.92120760404771,25.121316832206105]]]}},{"type":"Feature","properties":{"district":"Jinshan District, New Taipei City","constituency_code":"TW-65000270","township_code":"65000270","county":"New Taipei City","township_name_zh":"金山區"},"geometry":{"type":"Polygon","coordinates":[[[121.62312586486678,25.273905289397646],[121.63413119609788,25.26003458412879],[121.63588595867009,25.250091445763644],[121.63415348489548,25.239553424750795],[121.64315243493695,25.23072220276748],[121.64868923072345,25.230106599739827],[121.6469367245503,25.233027897219756],[121.6521581568735,25.23327072676267],[121.65134771572457,25.230508356575456],[121.65377768389305,25.229338939340607],[121.65219036429392,25.22519397841944],[121.64373342305907,25.220080719249836],[121.64212463214608,25.216091808690067],[121.63017915324542,25.211743996688142],[121.61115776711733,25.195954947562825],[121.61240661877048,25.193224306356683],[121.60699030695719,25.177582529310314],[121.59668173177658,25.1656123388384],[121.58813938732294,25.162952846596625],[121.5786698139608,25.165683784579073],[121.57738399657421,25.170154524911425],[121.58350350448325,25.176838374491467],[121.58086818332004,25.181793708213092],[121.58399706860985,25.188790568629884],[121.58376449133823,25.19459398372544],[121.57175021160299,25.195384955451402],[121.56484271232137,25.201009253474297],[121.56267504941411,25.209439712372898],[121.55920500720538,25.210140140355236],[121.57132615697662,25.22037937690675],[121.58110034600418,25.223262955021426],[121.58386749518877,25.233182206493666],[121.59808213268434,25.243473574046277],[121.60393465346158,25.25291694655988],[121.61581939305063,25.2534018834902],[121.61861673967087,25.258046107541873],[121.61602401399716,25.266907618691675],[121.61779853377539,25.27320829142957],[121.62076827683461,25.275758731880046],[121.62312586486678,25.273905289397646]]]}},{"type":"Feature","properties":{"district":"Wanli District, New Taipei City","constituency_code":"TW-65000280","township_code":"65000280","county":"New Taipei City","township_name_zh":"萬里區"},"geometry":{"type":"Polygon","coordinates":[[[121.65021321197025,25.22267336038732],[121.66083739163241,25.208179299035464],[121.66373435255844,25.209673485742826],[121.6622321241133,25.20774133909157],[121.66430084900503,25.209236117552848],[121.66428067721154,25.207036057468144],[121.6661075096539,25.207980436448054],[121.66505103377824,25.206596933801507],[121.6725299523954,25.20213063252271],[121.6777482541786,25.205947881389648],[121.67930120258848,25.20281630622759],[121.6859976660595,25.20818930399321],[121.6889000732798,25.205230388771497],[121.68848652183556,25.208319077963154],[121.69267120401287,25.20815676022636],[121.69652024481354,25.21466448567753],[121.70228897845368,25.21723878064529],[121.69277304863738,25.206678950173455],[121.69272672096145,25.203306060826094],[121.69600450430448,25.203917182531995],[121.69469658338073,25.200420003280556],[121.68571624031233,25.190095410275035],[121.69266899707657,25.18013171340789],[121.69668898281031,25.18278523415131],[121.70273132529053,25.180584462702825],[121.70462186840462,25.176837981487722],[121.70965792527306,25.176562356367697],[121.70224800534129,25.173517449770543],[121.69894850516948,25.167216864266948],[121.69129450653634,25.16632405780905],[121.67761590994633,25.15574305459836],[121.65828083579197,25.15223106441215],[121.6496231928561,25.144892002064296],[121.63981821913558,25.14584313585209],[121.62679766817791,25.139704793441524],[121.61677946070358,25.138909329601915],[121.60782091540295,25.130210733338743],[121.6046429532098,25.13075816955393],[121.60569206543653,25.136741688278335],[121.5983907053668,25.140305816660145],[121.59358116793658,25.150299023880905],[121.58935959107237,25.15245226705855],[121.5918403151785,25.155885016180605],[121.58984553434402,25.16373237355026],[121.59668173177658,25.1656123388384],[121.60693624870896,25.177472439701376],[121.61192563975658,25.196764982218212],[121.63017915324542,25.211743996688142],[121.64197778274854,25.21600271105632],[121.64373342305907,25.220080719249836],[121.65021321197025,25.22267336038732]]]}},{"type":"Feature","properties":{"district":"Wulai District, New Taipei City","constituency_code":"TW-65000290","township_code":"65000290","county":"New Taipei City","township_name_zh":"烏來區"},"geometry":{"type":"Polygon","coordinates":[[[121.5757755932691,24.875082244649946],[121.58494009680805,24.872752839571945],[121.59211618581344,24.866442432572228],[121.60072435974143,24.863304259084316],[121.61546750811908,24.860697026446644],[121.62125950632117,24.863233313366777],[121.62976974857509,24.861416219682837],[121.63536691674983,24.857415514514457],[121.641533210989,24.861974107818867],[121.65297586904114,24.855218632633864],[121.65715305986589,24.8496534029822],[121.65952108902707,24.851176239391975],[121.66976761997978,24.848048192270312],[121.68762799483613,24.84990263479881],[121.69312343709703,24.844080391496902],[121.70406473659841,24.842273298274165],[121.70752619118082,24.838845791300287],[121.70173014333147,24.834347523619385],[121.69640401643233,24.83461962069896],[121.69616640385652,24.82989412041735],[121.68796863914145,24.825416202595704],[121.69011832100375,24.821492393059543],[121.68830898487181,24.816124740864154],[121.68124072457988,24.817615829407032],[121.67428332191787,24.814126999461507],[121.66904965881474,24.81800915419916],[121.66069020858629,24.81082860725445],[121.64737409453892,24.813951818721534],[121.645036580274,24.80928933663364],[121.6388028395794,24.81072537407681],[121.62582739501829,24.808780144987736],[121.62547147303007,24.795060169691112],[121.62096116882299,24.792503170484963],[121.60963678960627,24.793765685538006],[121.6056437349705,24.78912611367923],[121.5920841168886,24.787734034198365],[121.59758595512778,24.772169159978773],[121.58897432060849,24.755152265564675],[121.5903281932915,24.751244577275486],[121.59613331889761,24.748302000936633],[121.59166853567444,24.74491605972844],[121.59530705777456,24.73963186821618],[121.59377130979817,24.72953748366797],[121.59783927436308,24.729280179536715],[121.59754922411742,24.72767442833225],[121.58737910136449,24.72019011558143],[121.57830657149111,24.722359602313873],[121.57481423239096,24.710110401673774],[121.57037577772007,24.713971256868035],[121.56777952040864,24.711563200681212],[121.5563765692234,24.71122180814001],[121.55062202598572,24.70574206714275],[121.54320708334023,24.705643862973943],[121.53786469310114,24.69984440219747],[121.53889281874865,24.694775974231902],[121.53656290015783,24.68832764810253],[121.52788073270972,24.68896891508342],[121.52379561267742,24.683295103985927],[121.51174220793666,24.684353604235525],[121.49300912107412,24.673243394067413],[121.48791601661094,24.67519201449994],[121.47999616129391,24.673849091962097],[121.47394534809939,24.68533323663962],[121.47423559169931,24.69610209293728],[121.4694963533741,24.696150542113855],[121.4625501499695,24.701636936295642],[121.45022470840365,24.705675268199116],[121.44096237211579,24.726082905301894],[121.43420593915278,24.730130410290258],[121.43525214477074,24.7336636640469],[121.42350895217646,24.763275848801413],[121.42673390394657,24.768261180309253],[121.44610936485537,24.781853691095023],[121.450834281477,24.79159945525072],[121.45587048223706,24.79246910416589],[121.45532569812258,24.798921399003405],[121.46177555309941,24.8052877321432],[121.46906270837735,24.80724690881783],[121.4732799064426,24.81335536945477],[121.48374057586693,24.8179706883966],[121.48039707366604,24.823504148597635],[121.48391606687301,24.831544545444444],[121.49444065920909,24.83647592392481],[121.49627683021163,24.842201960452144],[121.49675300234924,24.850225708149935],[121.48835709000775,24.862194412941847],[121.49487382576649,24.86846557442675],[121.52071348404013,24.88328126841583],[121.52938916287962,24.885073227847215],[121.53977354191545,24.89379361738156],[121.54672701184222,24.888320982827167],[121.55111853809012,24.8912540524326],[121.55909179874754,24.890602444147532],[121.56414919293093,24.886794290124442],[121.56456172364472,24.87713379338993],[121.5757755932691,24.875082244649946]]]}},{"type":"Feature","properties":{"district":"Central District, Taichung City","constituency_code":"TW-66000010","township_code":"66000010","county":"Taichung City","township_name_zh":"中區"},"geometry":{"type":"Polygon","coordinates":[[[120.67921477524169,24.148206784615468],[120.6843307827395,24.142311760979055],[120.68577222330953,24.143272470748002],[120.6856387018646,24.136847530589137],[120.68241510447353,24.135525848239354],[120.67376045268281,24.14327033395881],[120.67921477524169,24.148206784615468]]]}},{"type":"Feature","properties":{"district":"East District, Taichung City","constituency_code":"TW-66000020","township_code":"66000020","county":"Taichung City","township_name_zh":"東區"},"geometry":{"type":"Polygon","coordinates":[[[120.69232951579454,24.152696336966414],[120.70012655609571,24.15130876488763],[120.70061017821718,24.145874852442546],[120.70999696268973,24.149915877815545],[120.71207382824468,24.144529108731433],[120.7041624454406,24.12487056282629],[120.68858668672624,24.124686686541395],[120.68535497025573,24.121721891552113],[120.68241510447353,24.135525848239354],[120.6856387018646,24.136847530589137],[120.68644813847084,24.14571824180348],[120.69048050427193,24.146618528822103],[120.69232951579454,24.152696336966414]]]}},{"type":"Feature","properties":{"district":"South District, Taichung City","constituency_code":"TW-66000030","township_code":"66000030","county":"Taichung City","township_name_zh":"南區"},"geometry":{"type":"Polygon","coordinates":[[[120.68313419608637,24.134106406885223],[120.68513093204695,24.120859935437693],[120.67176979703856,24.11553168164187],[120.67129958560747,24.11095192459169],[120.66353503691244,24.112136812863696],[120.6613340379356,24.106518901825893],[120.65708561810686,24.104464787320126],[120.65778751108485,24.107727636521247],[120.65038527585989,24.10731910779066],[120.6500321804408,24.111789426340977],[120.6443511729683,24.110240459229885],[120.64718799892705,24.116403219133304],[120.64681846929693,24.118700695580685],[120.64357060999566,24.119336848117086],[120.65448130556786,24.12789653689572],[120.65489404762229,24.13526967365658],[120.66645179551404,24.12879065006848],[120.68241510447353,24.135525848239354],[120.68313419608637,24.134106406885223]]]}},{"type":"Feature","properties":{"district":"West District, Taichung City","constituency_code":"TW-66000040","township_code":"66000040","county":"Taichung City","township_name_zh":"西區"},"geometry":{"type":"Polygon","coordinates":[[[120.6631858715308,24.16340692618877],[120.66612898386552,24.1559704052101],[120.6639658931116,24.154641339426348],[120.6717141415944,24.154355879320406],[120.67532085107644,24.151307351153378],[120.67178003402137,24.14502745185547],[120.68241510447353,24.135525848239354],[120.66645179551404,24.12879065006848],[120.65489404762229,24.13526967365658],[120.65505148563761,24.144988339440374],[120.64979241488811,24.14381287246613],[120.65382535535593,24.155796736230457],[120.6631858715308,24.16340692618877]]]}},{"type":"Feature","properties":{"district":"North District, Taichung City","constituency_code":"TW-66000050","township_code":"66000050","county":"Taichung City","township_name_zh":"北區"},"geometry":{"type":"Polygon","coordinates":[[[120.6729919226392,24.173962340989306],[120.67958044138436,24.17290798301707],[120.67866645859021,24.16855411677909],[120.68846941333277,24.166901326535026],[120.68851949118164,24.16231275702819],[120.70390509454455,24.159368283119818],[120.6997418567014,24.151429953929267],[120.69060900210377,24.152059146612373],[120.6905041672336,24.1466519062605],[120.68648300069003,24.14577118669098],[120.6843307827395,24.142311760979055],[120.67912068097473,24.148245421289232],[120.67376045268281,24.14327033395881],[120.67178003402137,24.14502745185547],[120.67532085107644,24.151307351153378],[120.6717141415944,24.154355879320406],[120.6639658931116,24.154641339426348],[120.66612898386552,24.1559704052101],[120.66254392915903,24.162081214876196],[120.66706337497487,24.173073410609447],[120.6729919226392,24.173962340989306]]]}},{"type":"Feature","properties":{"district":"Xitun District, Taichung City","constituency_code":"TW-66000060","township_code":"66000060","county":"Taichung City","township_name_zh":"西屯區"},"geometry":{"type":"Polygon","coordinates":[[[120.60097961092038,24.21471464106787],[120.60288952722999,24.212497719594126],[120.63557729535592,24.203891366793187],[120.63682679542035,24.201804618588312],[120.63903526146817,24.204373316175634],[120.64600209532045,24.204225438852973],[120.65160151629698,24.209808556919427],[120.66480879618905,24.20715145687427],[120.66446568594267,24.201574197890977],[120.65744111021911,24.189106345981145],[120.65803446491873,24.177525408171107],[120.66310649466902,24.177490072908597],[120.66293257387929,24.182634197710115],[120.66458262029175,24.18267394414727],[120.66455186167912,24.179067628568248],[120.66952531763934,24.17709367243509],[120.6646037111924,24.164666308903065],[120.65449269997816,24.155459067781806],[120.65093359610864,24.15740684465021],[120.64673654285718,24.154655054986847],[120.63671361933814,24.15449183882737],[120.63404886156582,24.160015420875027],[120.62486725472013,24.153547242211516],[120.62003160997085,24.1590589010475],[120.61261376521315,24.1599284456413],[120.60556519198008,24.16516136590434],[120.59859892649933,24.162884053156574],[120.58738735194481,24.16682183006344],[120.58837559715619,24.169498999379357],[120.58437404932295,24.17035240204177],[120.58316432986999,24.17356068128049],[120.5936359152654,24.1812143165875],[120.58760465333216,24.185408653886327],[120.58860561405788,24.187270469056955],[120.59479246410103,24.185725539002476],[120.59786196805544,24.18934497299216],[120.58805904478913,24.19378804658112],[120.59458910220542,24.205341972354177],[120.59633060966996,24.214164189425844],[120.60097961092038,24.21471464106787]]]}},{"type":"Feature","properties":{"district":"Nantun District, Taichung City","constituency_code":"TW-66000070","township_code":"66000070","county":"Taichung City","township_name_zh":"南屯區"},"geometry":{"type":"Polygon","coordinates":[[[120.58540176218162,24.17055795918253],[120.58837559715619,24.169498999379357],[120.58738735194481,24.16682183006344],[120.59418731749076,24.163568574829924],[120.60458419890176,24.16542708139474],[120.61261376521315,24.1599284456413],[120.62003160997085,24.1590589010475],[120.62486725472013,24.153547242211516],[120.63404886156582,24.160015420875027],[120.63671361933814,24.15449183882737],[120.64673654285718,24.154655054986847],[120.65093359610864,24.15740684465021],[120.65382535535593,24.155796736230457],[120.64979241488811,24.14381287246613],[120.65505148563761,24.144988339440374],[120.6546312108618,24.12811068795793],[120.63139102227797,24.109557521262673],[120.61998499271328,24.112650775412988],[120.61887419059144,24.123935310166473],[120.60019996795427,24.129586307262343],[120.59328507174871,24.136739369126644],[120.58625742034371,24.137897232771138],[120.57467563627165,24.147455194201882],[120.57443960020748,24.155755380906157],[120.57770411405363,24.155859972959433],[120.58540176218162,24.17055795918253]]]}},{"type":"Feature","properties":{"district":"Beitun District, Taichung City","constituency_code":"TW-66000080","township_code":"66000080","county":"Taichung City","township_name_zh":"北屯區"},"geometry":{"type":"Polygon","coordinates":[[[120.7538671943156,24.219111726924723],[120.76734945901035,24.21734025404953],[120.77132555243236,24.213334049526793],[120.7824508981904,24.210653255943043],[120.79694196569926,24.203257784519167],[120.80115672840031,24.196468444463164],[120.79732242658883,24.18246161960809],[120.80255865815559,24.169385376334105],[120.79403701339754,24.165803782218802],[120.77585185557871,24.168582563234736],[120.76945342203783,24.16031483755978],[120.75911714234235,24.157853222248434],[120.75470743180256,24.1580315263339],[120.74899783937883,24.162212793785443],[120.74457657345022,24.15930189516638],[120.72614484221072,24.15677937596746],[120.70619261189961,24.163138740260706],[120.70310945084054,24.162550632205978],[120.70438232518427,24.1592531941796],[120.68851949118164,24.16231275702819],[120.68846941333277,24.166901326535026],[120.67866645859021,24.16855411677909],[120.67955908608303,24.172922848810458],[120.66706337497487,24.173073410609447],[120.66952531763934,24.17709367243509],[120.66455186167912,24.179067628568248],[120.66458262029175,24.18267394414727],[120.66293257387929,24.182634197710115],[120.66310649466902,24.177490072908597],[120.65803446491873,24.177525408171107],[120.65749229153607,24.18947363360138],[120.66446568594267,24.201574197890977],[120.69094145898123,24.206258753838483],[120.69049496986702,24.204222561022448],[120.6969233445368,24.20306681258336],[120.69739153698993,24.199964846700368],[120.69372977730745,24.19786811332284],[120.69394112158557,24.192910919803182],[120.69952863643744,24.192118850904308],[120.69788929825256,24.188308713876097],[120.7040879240185,24.18709110557012],[120.7050050292587,24.197395051940134],[120.70733956496906,24.1993965336232],[120.71323482332855,24.185858464196826],[120.71473838726683,24.190114356492415],[120.72333962382459,24.190090404848377],[120.72441317332937,24.191974880236558],[120.72905363191967,24.19155530153597],[120.73159604861883,24.194966620713046],[120.73551933295096,24.194086130470623],[120.73847064170684,24.20193969226301],[120.7502189505442,24.204669968344433],[120.750347749649,24.208971584870824],[120.74795065619787,24.211024836926754],[120.7538671943156,24.219111726924723]]]}},{"type":"Feature","properties":{"district":"Fengyuan District, Taichung City","constituency_code":"TW-66000090","township_code":"66000090","county":"Taichung City","township_name_zh":"豐原區"},"geometry":{"type":"Polygon","coordinates":[[[120.74825093533241,24.280648772323048],[120.76041883905827,24.280668500750778],[120.76422001614094,24.27330203606016],[120.76407872545292,24.267758305601376],[120.76981466981124,24.26446615289069],[120.76709938362967,24.2523652135838],[120.77338140982431,24.248295049277147],[120.77479146855148,24.24314882455866],[120.76781577727638,24.24197572639872],[120.76633651032171,24.237374830783892],[120.77233335789822,24.232772461180218],[120.77225709538868,24.22226699832339],[120.76928876156717,24.219863919884062],[120.77208663249212,24.217083057836874],[120.75493495488433,24.21849233954987],[120.75206831999708,24.221433469778844],[120.73879783305358,24.224977328341083],[120.73263163234401,24.219371642687236],[120.72721897987208,24.219273579711967],[120.72192724574586,24.221935856254788],[120.71987176786786,24.229670907186687],[120.71411542958344,24.229608773925804],[120.71459223484385,24.232038936347863],[120.7118661532005,24.230926511849077],[120.71182003956324,24.23680890810465],[120.70708691932589,24.236191341856966],[120.70133952479932,24.22423409532729],[120.69819860478185,24.224047988723726],[120.69615309498943,24.22782061413011],[120.69875173460491,24.23817003112208],[120.69563967023464,24.239578526827586],[120.69923870130503,24.249638657098387],[120.70492032301456,24.256069004880715],[120.71397576666834,24.256734832346694],[120.70755348580474,24.267403807239987],[120.70955339457362,24.27275370861679],[120.71260827645085,24.273970907731268],[120.71270642036507,24.28364134197443],[120.74825093533241,24.280648772323048]]]}},{"type":"Feature","properties":{"district":"Dongshi District, Taichung City","constituency_code":"TW-66000100","township_code":"66000100","county":"Taichung City","township_name_zh":"東勢區"},"geometry":{"type":"Polygon","coordinates":[[[120.77770233929164,24.320607591567125],[120.80653228653591,24.315680005527895],[120.81757149882571,24.307419897110606],[120.8253139008159,24.296780156479088],[120.83651978356124,24.289569214247877],[120.85651842608456,24.288993140920752],[120.87611674079506,24.29500386953299],[120.90587631723827,24.292608072904272],[120.89909459084276,24.288665340732962],[120.89798115280803,24.28463480954889],[120.88818622541407,24.279115931854847],[120.88834398808467,24.276786723728378],[120.88504686122371,24.27614898388856],[120.87842365472795,24.26618273114815],[120.88113972961492,24.25969373767589],[120.87868275840265,24.257614250597214],[120.87880238981847,24.249114802905865],[120.88199403609599,24.24759185048356],[120.8793491101734,24.238492671000017],[120.88803211219226,24.22991966595987],[120.88722260004306,24.22539862025019],[120.89849167005457,24.22158653529044],[120.89530967979795,24.21213672363092],[120.8979633597213,24.20696540512938],[120.8920621856214,24.20324845765026],[120.8864356833601,24.204421029706793],[120.88073918236739,24.201757552569063],[120.88161665268649,24.197181554685073],[120.8754269221148,24.18475734057887],[120.86738135146823,24.17967367719848],[120.86537897495975,24.17566047505096],[120.86855401435639,24.16430156456562],[120.85909431824825,24.15896011501735],[120.84535675401105,24.161347493991684],[120.83530590114651,24.175022958243005],[120.83114798998781,24.1897706104254],[120.83208409520489,24.199260513861702],[120.82413813706546,24.245021059274507],[120.81875210632472,24.26308743823472],[120.8106520016886,24.27855535924249],[120.77577528999768,24.284234868444457],[120.75637870671198,24.279569100233857],[120.74825093533241,24.280648772323048],[120.74882253723035,24.28725444743486],[120.7637725953291,24.29080353825276],[120.76704044745873,24.296498934878002],[120.76298331522787,24.303259437273255],[120.76366696006221,24.313934518563258],[120.75856717003887,24.318722099045658],[120.75953668686861,24.323251766555813],[120.76651974808794,24.325715204792914],[120.77770233929164,24.320607591567125]]]}},{"type":"Feature","properties":{"district":"Dajia District, Taichung City","constituency_code":"TW-66000110","township_code":"66000110","county":"Taichung City","township_name_zh":"大甲區"},"geometry":{"type":"Polygon","coordinates":[[[120.62821241077415,24.438066642861315],[120.63210045427263,24.43242191763744],[120.63966452789566,24.427766267699155],[120.64319743541341,24.421707142071],[120.64334397724281,24.41534237375157],[120.64828803976127,24.409923281234512],[120.66362892343614,24.402311716212807],[120.67010825009572,24.39195620721324],[120.678648893032,24.387069729184702],[120.67727795931046,24.384156410489993],[120.68994543283554,24.374336601552955],[120.69232570087047,24.36754176843789],[120.70742708878913,24.361726368976804],[120.7072967797227,24.35786525657636],[120.68436684645292,24.362260959275886],[120.68333746085523,24.358337375469546],[120.65577091899274,24.36255207521816],[120.64656699097395,24.354996884198897],[120.64622135093464,24.35143771288017],[120.64146445262247,24.346534780855507],[120.63510731145334,24.3460987418635],[120.63193383058183,24.337478382121674],[120.62345009854323,24.336846826919555],[120.61440583076455,24.332070767651828],[120.60901016468745,24.31578448786388],[120.59521479562636,24.315209923599127],[120.58658451546307,24.32342738436637],[120.59666779967927,24.33538247342244],[120.59366273574676,24.34145974736947],[120.59936643940966,24.34411617831904],[120.601540955151,24.339409138421047],[120.60199978026571,24.345765567327135],[120.61057474852589,24.348099195621444],[120.60388193180574,24.357136094355326],[120.6079521024077,24.358207374870517],[120.6056050787115,24.360883163727067],[120.61062735796622,24.362376841418154],[120.6120455672492,24.372267943211057],[120.62073246243324,24.376109899152596],[120.62157223676934,24.379107284673523],[120.63822391650058,24.377260257055298],[120.63306347619857,24.385991435756182],[120.5971559957527,24.406356689609595],[120.62186076536204,24.44028661483543],[120.62821241077415,24.438066642861315]]]}},{"type":"Feature","properties":{"district":"Qingshui District, Taichung City","constituency_code":"TW-66000120","township_code":"66000120","county":"Taichung City","township_name_zh":"清水區"},"geometry":{"type":"Polygon","coordinates":[[[120.52885226242199,24.2752233926455],[120.50953363506926,24.288012633476285],[120.51083581741909,24.292224478776745],[120.5080906179877,24.293412937357232],[120.5110697265867,24.292698621144496],[120.51524252782042,24.29635056742478],[120.5216780781808,24.311856164630342],[120.51948633592576,24.312956509435423],[120.52175880042842,24.312131830219812],[120.52602032068137,24.317715244163253],[120.53231979732084,24.32050723532069],[120.53970714966533,24.33488355563162],[120.57989410892606,24.33199246907725],[120.5944126884948,24.31551312912768],[120.62284390602156,24.314936539589667],[120.64620359292155,24.29929293062429],[120.64197615067883,24.29744645339116],[120.63618920666659,24.2843676290629],[120.63945162419316,24.28095180787966],[120.63827315528192,24.278983255772687],[120.64697036928715,24.276649270447535],[120.64058900397936,24.26383225135737],[120.63072040772067,24.261923188504397],[120.63316179817855,24.25926552368503],[120.62030225284673,24.260059041391685],[120.60310364052066,24.26740642066983],[120.60335547947182,24.265440310222175],[120.58302876426615,24.26901330951665],[120.58186283819953,24.265372584976888],[120.57628059067679,24.26178457419877],[120.57342703912661,24.26262560578715],[120.57234108077637,24.258928291407585],[120.56025821424521,24.25782504449029],[120.53987713232391,24.262730608830566],[120.54093803016599,24.265227257232198],[120.5328002232518,24.268176125228024],[120.53422359734122,24.271534642509778],[120.52885226242199,24.2752233926455]]]}},{"type":"Feature","properties":{"district":"Shalu District, Taichung City","constituency_code":"TW-66000130","township_code":"66000130","county":"Taichung City","township_name_zh":"沙鹿區"},"geometry":{"type":"Polygon","coordinates":[[[120.58312409060431,24.268983316227093],[120.60335547947182,24.265440310222175],[120.60310364052066,24.26740642066983],[120.62030225284673,24.260059041391685],[120.63316179817855,24.25926552368503],[120.62425936247962,24.25124108171059],[120.62337947208505,24.23954947512823],[120.61710127430445,24.23558665300169],[120.6056590326383,24.239143191105427],[120.59458910220542,24.205341972354177],[120.58773442730205,24.192644210561923],[120.57781008746565,24.196963230768517],[120.56595557768787,24.196124092253115],[120.56367984774681,24.20286986375328],[120.55343791053122,24.205269253173526],[120.5559951156821,24.208789194265933],[120.55153691909356,24.21674884278491],[120.54782306258437,24.216272463803193],[120.54659211193643,24.21827522702017],[120.54898934927905,24.225036045077445],[120.54778463005664,24.228951391093858],[120.55925517248829,24.243891348007367],[120.55516848223976,24.244816514770378],[120.55721229051483,24.253516055321768],[120.56132091253016,24.252530018845334],[120.56274887675931,24.257878344609992],[120.57234108077637,24.258928291407585],[120.57342703912661,24.26262560578715],[120.57628059067679,24.26178457419877],[120.58186283819953,24.265372584976888],[120.58312409060431,24.268983316227093]]]}},{"type":"Feature","properties":{"district":"Wuqi District, Taichung City","constituency_code":"TW-66000140","township_code":"66000140","county":"Taichung City","township_name_zh":"梧棲區"},"geometry":{"type":"Polygon","coordinates":[[[120.5100741833769,24.287819324202474],[120.53422359734122,24.271534642509778],[120.5328002232518,24.268176125228024],[120.54093803016599,24.265227257232198],[120.53987713232391,24.262730608830566],[120.56274887675931,24.257878344609992],[120.56132091253016,24.252530018845334],[120.5571929505943,24.253474457180516],[120.55516848223976,24.244816514770378],[120.55925517248829,24.243891348007367],[120.54778463005664,24.228951391093858],[120.54898934927905,24.225036045077445],[120.54673881294593,24.21786581245732],[120.52926585973171,24.22226616914844],[120.52778488856177,24.220233583513107],[120.51262523536639,24.226040937639198],[120.51406789631642,24.229501775286735],[120.50513599702867,24.23219671790423],[120.48712821699371,24.247669814510402],[120.49049088284801,24.255279337171714],[120.48621246613243,24.25731602461491],[120.48900984332965,24.256377636019124],[120.49310801971944,24.266140728311996],[120.49819507174527,24.263928105597643],[120.5100741833769,24.287819324202474]]]}},{"type":"Feature","properties":{"district":"Houli District, Taichung City","constituency_code":"TW-66000150","township_code":"66000150","county":"Taichung City","township_name_zh":"后里區"},"geometry":{"type":"Polygon","coordinates":[[[120.72434647780779,24.354099847330133],[120.73064427001714,24.35164446252196],[120.76449407194389,24.32572856242325],[120.75953668686861,24.323251766555813],[120.75856717003887,24.318722099045658],[120.76357503855729,24.314148636350524],[120.7648714040921,24.309845983805133],[120.7630048503936,24.303153385620305],[120.76749702696634,24.298478806751575],[120.76401350751746,24.290965905452254],[120.74892705284128,24.287326555076504],[120.74825093533241,24.280648772323048],[120.68314523346578,24.284694154012072],[120.65815210433618,24.291783605029423],[120.64634947824584,24.29913819597101],[120.65095611603203,24.30716066663149],[120.65093438931069,24.314938792391388],[120.67291874120701,24.316772572096568],[120.68895114597865,24.3217889455035],[120.70062905138968,24.32706344682066],[120.70126690544339,24.332603114142444],[120.71475199400936,24.330985863306978],[120.71433915752618,24.337660174677353],[120.71941992598886,24.341231423891145],[120.71697226635706,24.342363205397646],[120.71826666237666,24.35583076168035],[120.72434647780779,24.354099847330133]]]}},{"type":"Feature","properties":{"district":"Shengang District, Taichung City","constituency_code":"TW-66000160","township_code":"66000160","county":"Taichung City","township_name_zh":"神岡區"},"geometry":{"type":"Polygon","coordinates":[[[120.64634947824584,24.29913819597101],[120.65815210433618,24.291783605029423],[120.68314523346578,24.284694154012072],[120.71270642036507,24.28364134197443],[120.71260827645085,24.273970907731268],[120.70955339457362,24.27275370861679],[120.70755348580474,24.267403807239987],[120.71397576666834,24.256734832346694],[120.70492032301456,24.256069004880715],[120.69923870130503,24.249638657098387],[120.69563967023464,24.239578526827586],[120.69875173460491,24.23817003112208],[120.69825494191207,24.2321156080489],[120.68995965471436,24.22910063898337],[120.69163982032148,24.235140342852617],[120.68925756658348,24.23575904044742],[120.68525689469004,24.23180993118342],[120.68137229109846,24.23209515566697],[120.68240363541952,24.23973394766358],[120.6747402802398,24.233077852960605],[120.67518336182275,24.24308864282665],[120.65304825027658,24.251311284588155],[120.64404946930767,24.243146174256594],[120.63922782970064,24.244304924632615],[120.64197690610933,24.248303388690488],[120.63556691088434,24.258769326343383],[120.63060244634585,24.261769631962977],[120.64058900397936,24.26383225135737],[120.64697036928715,24.276649270447535],[120.63827315528192,24.278983255772687],[120.63945162419316,24.28095180787966],[120.63618920666659,24.2843676290629],[120.64197615067883,24.29744645339116],[120.64634947824584,24.29913819597101]]]}},{"type":"Feature","properties":{"district":"Tanzi District, Taichung City","constituency_code":"TW-66000170","township_code":"66000170","county":"Taichung City","township_name_zh":"潭子區"},"geometry":{"type":"Polygon","coordinates":[[[120.71184508388353,24.23680434944123],[120.7118661532005,24.230926511849077],[120.71459223484385,24.232038936347863],[120.71411542958344,24.229608773925804],[120.71987176786786,24.229670907186687],[120.72192724574586,24.221935856254788],[120.72721897987208,24.219273579711967],[120.73263163234401,24.219371642687236],[120.73851772481316,24.224968504193157],[120.75206831999708,24.221433469778844],[120.7536676464448,24.219273187607598],[120.74795065619787,24.211024836926754],[120.750347749649,24.208971584870824],[120.75034581161003,24.204779980611647],[120.73847064170684,24.20193969226301],[120.73551933295096,24.194086130470623],[120.73159604861883,24.194966620713046],[120.72905363191967,24.19155530153597],[120.72441317332937,24.191974880236558],[120.72333962382459,24.190090404848377],[120.71473838726683,24.190114356492415],[120.71323482332855,24.185858464196826],[120.70733956496906,24.1993965336232],[120.7050050292587,24.197395051940134],[120.7040879240185,24.18709110557012],[120.69788929825256,24.188308713876097],[120.69952863643744,24.192118850904308],[120.69394112158557,24.192910919803182],[120.69372977730745,24.19786811332284],[120.69739153698993,24.199964846700368],[120.6969233445368,24.20306681258336],[120.69049496986702,24.204222561022448],[120.69094145898123,24.206258753838483],[120.68047732267041,24.203314394144],[120.66983332824555,24.203684082054792],[120.67115357257933,24.20875742841264],[120.67420401720165,24.208578990328192],[120.67747736418903,24.213026554232158],[120.67865584029482,24.217542934259086],[120.67307390303824,24.21846223204642],[120.67805426848975,24.22998792000658],[120.69054965764064,24.235551104599836],[120.68990428705331,24.229132310407863],[120.69705182708026,24.231558245116958],[120.69696844104078,24.225718823864668],[120.70133952479932,24.22423409532729],[120.70689246431584,24.23598978669935],[120.71184508388353,24.23680434944123]]]}},{"type":"Feature","properties":{"district":"Daya District, Taichung City","constituency_code":"TW-66000180","township_code":"66000180","county":"Taichung City","township_name_zh":"大雅區"},"geometry":{"type":"Polygon","coordinates":[[[120.63445653863846,24.259156247063174],[120.64198454674954,24.248280231147817],[120.63922782970064,24.244304924632615],[120.64404946930767,24.243146174256594],[120.65304825027658,24.251311284588155],[120.67518336182275,24.24308864282665],[120.6747402802398,24.233077852960605],[120.68240363541952,24.23973394766358],[120.6804627527539,24.2358857666149],[120.68271697720684,24.233911278083042],[120.67790098893954,24.22981278782993],[120.67308509959776,24.218555140107696],[120.67865584029482,24.217542934259086],[120.67739403120959,24.212777033733175],[120.67420401720165,24.208578990328192],[120.67115357257933,24.20875742841264],[120.66771026361778,24.202325118309602],[120.66446568594267,24.201574197890977],[120.66480879618905,24.20715145687427],[120.65160151629698,24.209808556919427],[120.64600209532045,24.204225438852973],[120.63903526146817,24.204373316175634],[120.63652250620873,24.201847413727194],[120.62107584877151,24.208809161014017],[120.60288952722999,24.212497719594126],[120.60057508507214,24.214803257564313],[120.59633060966996,24.214164189425844],[120.6056590326383,24.239143191105427],[120.61710127430445,24.23558665300169],[120.62223788796825,24.23874320053835],[120.62468007432608,24.252024089040503],[120.63445653863846,24.259156247063174]]]}},{"type":"Feature","properties":{"district":"Xinshe District, Taichung City","constituency_code":"TW-66000190","township_code":"66000190","county":"Taichung City","township_name_zh":"新社區"},"geometry":{"type":"Polygon","coordinates":[[[120.8241484990541,24.242314269887686],[120.83021715030134,24.213242107337408],[120.83219842241931,24.18483538194738],[120.83730323695488,24.17084000726055],[120.8427903182187,24.163549786193755],[120.8489508684878,24.15988174384745],[120.85828870735804,24.158690736588255],[120.86763211842754,24.16413445434165],[120.8814393054796,24.166865595570812],[120.894490900135,24.16616783767563],[120.89501828056927,24.155265717139173],[120.88330032295164,24.1572281070915],[120.88295386632797,24.148633040782272],[120.88473543679106,24.13897710990574],[120.88990039888438,24.140798421410068],[120.89616337294137,24.138995646731757],[120.89390783367969,24.125836773748176],[120.89527391645811,24.118809987490977],[120.89806295693995,24.118271138002683],[120.89054530092494,24.11516532571926],[120.8942173254693,24.110542193467495],[120.89132509317858,24.097799230849887],[120.88587381842206,24.095409394927685],[120.87866317566511,24.085214251236778],[120.87686070136033,24.091192472954333],[120.88149090677996,24.100505515717032],[120.88090213592488,24.10390806020888],[120.87245101780024,24.1168362193161],[120.85848087449278,24.116257723215426],[120.85318241343771,24.124606724220996],[120.8448497270333,24.124526369796172],[120.83725140722674,24.11798254106145],[120.8314749403163,24.127017587191972],[120.83462272575821,24.131854126766598],[120.83366737594872,24.141147484269027],[120.82928451736666,24.144176301095456],[120.82351753380715,24.142030188642366],[120.81971556801909,24.147232653364313],[120.81359163274772,24.144511408274923],[120.81035270371433,24.148926062387943],[120.80251067033123,24.150823693958387],[120.80646637252516,24.160828529413152],[120.79732242658883,24.18246161960809],[120.80013476220961,24.18830155707127],[120.79968257049427,24.200085716482704],[120.79407624452313,24.205316363259612],[120.77132555243236,24.213334049526793],[120.7682657143913,24.216927934676505],[120.77221930317842,24.217360815249492],[120.76928876156717,24.219863919884062],[120.77225709538868,24.22226699832339],[120.77083307738462,24.224468611537247],[120.77271293925082,24.23081250029668],[120.76633651032171,24.237374830783892],[120.76776513735126,24.24194044419619],[120.77784820752879,24.24178503415203],[120.78035006930031,24.25071656741568],[120.7842526944064,24.245437069465254],[120.78616663698074,24.254866955745456],[120.79313480003111,24.24797952933187],[120.80171237812385,24.245824831950472],[120.80306886333744,24.253495861045224],[120.7908869976369,24.27035732563013],[120.80629234201808,24.26211868672806],[120.81920289150025,24.241263005583278],[120.8241484990541,24.242314269887686]]]}},{"type":"Feature","properties":{"district":"Shigang District, Taichung City","constituency_code":"TW-66000200","township_code":"66000200","county":"Taichung City","township_name_zh":"石岡區"},"geometry":{"type":"Polygon","coordinates":[[[120.8241484990541,24.242314269887686],[120.81920289150025,24.241263005583278],[120.80629234201808,24.26211868672806],[120.79104159289523,24.27040551040602],[120.79532074975282,24.26171178846829],[120.79791029002797,24.258500116087532],[120.80017811492814,24.25956971127323],[120.80306886333744,24.253495861045224],[120.80171237812385,24.245824831950472],[120.79313480003111,24.24797952933187],[120.78616663698074,24.254866955745456],[120.7842526944064,24.245437069465254],[120.78152991057698,24.24774357780393],[120.78247473472129,24.250308665512534],[120.7802949309663,24.250702891425362],[120.77788608967137,24.241832736891354],[120.77525060123435,24.2427727442668],[120.77338140982431,24.248295049277147],[120.7671429647761,24.252226213469044],[120.76981466981124,24.26446615289069],[120.76407872545292,24.267758305601376],[120.76422001614094,24.27330203606016],[120.76041883905827,24.280668500750778],[120.76960843727966,24.281355625062076],[120.77509397890401,24.284254019507443],[120.80917754880488,24.279780386955338],[120.81875210632472,24.26308743823472],[120.8241484990541,24.242314269887686]]]}},{"type":"Feature","properties":{"district":"Waipu District, Taichung City","constituency_code":"TW-66000210","township_code":"66000210","county":"Taichung City","township_name_zh":"外埔區"},"geometry":{"type":"Polygon","coordinates":[[[120.7072967797227,24.35786525657636],[120.71826666237666,24.35583076168035],[120.71697226635706,24.342363205397646],[120.71941992598886,24.341231423891145],[120.71433915752618,24.337660174677353],[120.71475199400936,24.330985863306978],[120.70126690544339,24.332603114142444],[120.70062905138968,24.32706344682066],[120.68895114597865,24.3217889455035],[120.67291874120701,24.316772572096568],[120.65093438931069,24.314938792391388],[120.65095611603203,24.30716066663149],[120.64634947824584,24.29913819597101],[120.62365509900371,24.31458469692626],[120.60901016468745,24.31578448786388],[120.61440583076455,24.332070767651828],[120.62345009854323,24.336846826919555],[120.63193383058183,24.337478382121674],[120.63510731145334,24.3460987418635],[120.64146445262247,24.346534780855507],[120.64622135093464,24.35143771288017],[120.64656699097395,24.354996884198897],[120.65577091899274,24.36255207521816],[120.68333746085523,24.358337375469546],[120.68436684645292,24.362260959275886],[120.7072967797227,24.35786525657636]]]}},{"type":"Feature","properties":{"district":"Da'an District, Taichung City","constituency_code":"TW-66000220","township_code":"66000220","county":"Taichung City","township_name_zh":"大安區"},"geometry":{"type":"Polygon","coordinates":[[[120.63702486390639,24.37935350915717],[120.63822391650058,24.377260257055298],[120.63558902431407,24.37607525816668],[120.62157223676934,24.379107284673523],[120.62073246243324,24.376109899152596],[120.61424694394134,24.374833851101414],[120.61062735796622,24.362376841418154],[120.6056050787115,24.360883163727067],[120.6079521024077,24.358207374870517],[120.60388193180574,24.357136094355326],[120.61057474852589,24.348099195621444],[120.60199978026571,24.345765567327135],[120.601540955151,24.339409138421047],[120.59936643940966,24.34411617831904],[120.59366273574676,24.34145974736947],[120.59666779967927,24.33538247342244],[120.58658451546307,24.32342738436637],[120.57989410892606,24.33199246907725],[120.53970714966533,24.33488355563162],[120.54579370551517,24.334872601889117],[120.55920813974387,24.349796042753212],[120.56138007622963,24.359500364350367],[120.56901034984787,24.366667162459635],[120.56670174698809,24.36556197300672],[120.57306855137256,24.377235335942032],[120.5971559957527,24.406356689609595],[120.63306347619857,24.385991435756182],[120.63702486390639,24.37935350915717]]]}},{"type":"Feature","properties":{"district":"Wuri District, Taichung City","constituency_code":"TW-66000230","township_code":"66000230","county":"Taichung City","township_name_zh":"烏日區"},"geometry":{"type":"Polygon","coordinates":[[[120.5904122045597,24.138554855722077],[120.60019996795427,24.129586307262343],[120.61887419059144,24.123935310166473],[120.61998499271328,24.112650775412988],[120.62888362427987,24.11178560332297],[120.62998327390903,24.109172632111324],[120.64538589334438,24.11912568909935],[120.64711142884937,24.115390332497896],[120.64443916893254,24.11013736184981],[120.6500321804408,24.111789426340977],[120.65038527585989,24.10731910779066],[120.65778751108485,24.107727636521247],[120.65789935617045,24.100188035249687],[120.66328605870467,24.09773002532046],[120.65425749129031,24.09258709661725],[120.65253549371812,24.089036446374962],[120.64824945974487,24.092364324653886],[120.64777793440419,24.090935096877274],[120.65260372528178,24.08126673826939],[120.65045027436076,24.07364425188075],[120.65297356158067,24.06663863116796],[120.65981367286281,24.062808146079135],[120.66259798470924,24.057819732594623],[120.65993611915667,24.05199858106971],[120.66208579652232,24.045461338070368],[120.65835957613365,24.045917328521966],[120.65870940701359,24.03956712202512],[120.65138988963179,24.041758284217508],[120.64958024503233,24.039708716684004],[120.65571714313171,24.030683519029253],[120.65181006997886,24.028514089853388],[120.64516133262941,24.034298359281934],[120.64626004516504,24.02690116745498],[120.64464298768382,24.02587807891024],[120.63614605539624,24.03105029403588],[120.6244689566771,24.03098884695777],[120.62811325871996,24.03835027994154],[120.6234306596973,24.052118534442855],[120.62569131070552,24.05702558806047],[120.62538293947114,24.068736816051285],[120.61966566234048,24.073043554216724],[120.61700395686717,24.079421898701696],[120.6124933756688,24.102565799572062],[120.58836321169292,24.10622969784231],[120.58155021407117,24.109906942951113],[120.5868022314379,24.117626383450897],[120.5829193374575,24.121050557537274],[120.58848070002432,24.129402529003585],[120.58577179813005,24.133687580017863],[120.58625742034371,24.137897232771138],[120.5904122045597,24.138554855722077]]]}},{"type":"Feature","properties":{"district":"Dadu District, Taichung City","constituency_code":"TW-66000240","township_code":"66000240","county":"Taichung City","township_name_zh":"大肚區"},"geometry":{"type":"Polygon","coordinates":[[[120.58365743714103,24.17421321047135],[120.58482798122645,24.169490007058243],[120.57770411405363,24.155859972959433],[120.57443960020748,24.155755380906157],[120.57426572708175,24.149417816179323],[120.58647418573514,24.137611114361505],[120.58577179813005,24.133687580017863],[120.58848070002432,24.129402529003585],[120.5829193374575,24.121050557537274],[120.5868022314379,24.117626383450897],[120.58181228640797,24.109544286839423],[120.5727492560734,24.108294586226236],[120.54968967473872,24.113879854571678],[120.54092223807095,24.12365931272717],[120.53244337226386,24.12669176461327],[120.52344852313092,24.139900132685],[120.5258051246069,24.14901881576577],[120.51261142897431,24.176957926966793],[120.52582648350551,24.176671632290038],[120.54184620693695,24.170675207394936],[120.55315046742021,24.170905005761483],[120.55745129793911,24.173756875579386],[120.5709958424842,24.170246348590183],[120.57053337421587,24.17638313517358],[120.58365743714103,24.17421321047135]]]}},{"type":"Feature","properties":{"district":"Longjing District, Taichung City","constituency_code":"TW-66000250","township_code":"66000250","county":"Taichung City","township_name_zh":"龍井區"},"geometry":{"type":"Polygon","coordinates":[[[120.48718403161786,24.247611856801825],[120.50513599702867,24.23219671790423],[120.51406789631642,24.229501775286735],[120.51262523536639,24.226040937639198],[120.52778488856177,24.220233583513107],[120.52926585973171,24.22226616914844],[120.55142841588872,24.21682117885439],[120.5559951156821,24.208789194265933],[120.55343791053122,24.205269253173526],[120.56367984774681,24.20286986375328],[120.56595557768787,24.196124092253115],[120.57793638195847,24.196942975338118],[120.59782994589534,24.189432109204517],[120.59479246410103,24.185725539002476],[120.58860561405788,24.187270469056955],[120.58760465333216,24.185408653886327],[120.5936359152654,24.1812143165875],[120.58365743714103,24.17421321047135],[120.57053337421587,24.17638313517358],[120.5709958424842,24.170246348590183],[120.55745129793911,24.173756875579386],[120.55315046742021,24.170905005761483],[120.54171213600637,24.170693793683654],[120.52582648350551,24.176671632290038],[120.51261142897431,24.176957926966793],[120.50438796613184,24.191143340992426],[120.45655962662556,24.20718331715642],[120.46491471963861,24.214275105511774],[120.46128675288139,24.216752634326667],[120.46882202211873,24.214464853470247],[120.47233624891885,24.222327870734716],[120.47632923970275,24.224330052989615],[120.48718403161786,24.247611856801825]]]}},{"type":"Feature","properties":{"district":"Wufeng District, Taichung City","constituency_code":"TW-66000260","township_code":"66000260","county":"Taichung City","township_name_zh":"霧峰區"},"geometry":{"type":"Polygon","coordinates":[[[120.64845941007377,24.09222692263444],[120.65791704493574,24.0870297216444],[120.65588541348109,24.08493534538991],[120.6604990641805,24.081628656937028],[120.67187458154672,24.081132357072647],[120.68328498721246,24.070322151745984],[120.69020911495875,24.071797467978797],[120.6956659214452,24.077236237662305],[120.70812869848066,24.081896698074218],[120.72691674291343,24.07847990112657],[120.73077165448831,24.081763657766658],[120.75627669301502,24.075146956966535],[120.76754456063304,24.064550923386435],[120.77798681104252,24.061014883530106],[120.78482388891143,24.053038291783764],[120.78814401323564,24.05267383433005],[120.79219281954306,24.043429629274044],[120.79655643892852,24.04031078851216],[120.79169396830207,24.035261954975283],[120.79153967791387,24.030673711922304],[120.78606203863228,24.029248061648786],[120.78464633845783,24.024078731548286],[120.77135639108462,24.01433936966623],[120.77066414063768,24.00914812398679],[120.75797396642542,24.006094638756622],[120.7460373773232,23.998561168163405],[120.7436496179356,24.002169173568575],[120.73173128686949,24.009003324144146],[120.71924181525765,24.009658738360145],[120.70638283739811,24.005191333613197],[120.69184932368739,24.008176633145126],[120.6609136426506,24.02589054351381],[120.65043782684427,24.03686565122888],[120.65138988963179,24.041758284217508],[120.65870940701359,24.03956712202512],[120.65835957613365,24.045917328521966],[120.66208579652232,24.045461338070368],[120.65993611915667,24.05199858106971],[120.66260018535036,24.057774996718763],[120.65981367286281,24.062808146079135],[120.65297356158067,24.06663863116796],[120.65045027436076,24.07364425188075],[120.65260372528178,24.08126673826939],[120.64822076327766,24.086887419219067],[120.64845941007377,24.09222692263444]]]}},{"type":"Feature","properties":{"district":"Taiping District, Taichung City","constituency_code":"TW-66000270","township_code":"66000270","county":"Taichung City","township_name_zh":"太平區"},"geometry":{"type":"Polygon","coordinates":[[[120.80263287111018,24.169463403313443],[120.80646637252516,24.160828529413152],[120.80251067033123,24.15082369305901],[120.8103527046137,24.148926062387943],[120.81359163274772,24.144511408274923],[120.81971556801909,24.147232653364313],[120.82351753470653,24.142030188642366],[120.82928451826592,24.144176301095456],[120.83366737594872,24.141147484269027],[120.83462272665759,24.131854126766598],[120.8314749403163,24.127017587191972],[120.832385154951,24.122974171420935],[120.83772846969316,24.117870322757256],[120.83448893091952,24.113050341500127],[120.83402525935833,24.106613712852607],[120.8303176612311,24.102588369857415],[120.83243840021203,24.09826207233681],[120.82837467145396,24.093945018947522],[120.82929962507774,24.071508893520672],[120.81924640160025,24.068464763038435],[120.81445744245707,24.069895233678153],[120.81186584363388,24.066069167857847],[120.8079903079065,24.06537009065721],[120.79655643892852,24.04031078851216],[120.79219281954306,24.043429629274044],[120.78814401323564,24.05267383433005],[120.78482388891143,24.053038291783764],[120.77798681104252,24.061014883530106],[120.76754456063304,24.064550922487115],[120.75627669301502,24.075146956966535],[120.73214978278634,24.081386648475075],[120.73582378224182,24.085858242264123],[120.73725889338334,24.083233867648914],[120.74127790605064,24.086532095280006],[120.74028467409846,24.094668907544076],[120.72843669249937,24.094690086578282],[120.70924975197454,24.105011645271247],[120.71329280082216,24.11067927892566],[120.70130508795955,24.111463673010178],[120.7020054044259,24.120884072342108],[120.71220641799187,24.145895870498066],[120.70999696268973,24.149915877815545],[120.70077780105476,24.145864976987127],[120.6994601314799,24.148820573710566],[120.70438232518427,24.1592531941796],[120.70359701289192,24.162809473278628],[120.72614484221072,24.15677937596746],[120.74457657345022,24.15930189516638],[120.74899784027821,24.162212793785443],[120.75873223250653,24.15781559461408],[120.76945342203783,24.16031483755978],[120.77585185647808,24.168582563234736],[120.79403701339754,24.165803782218802],[120.80263287111018,24.169463403313443]]]}},{"type":"Feature","properties":{"district":"Dali District, Taichung City","constituency_code":"TW-66000280","township_code":"66000280","county":"Taichung City","township_name_zh":"大里區"},"geometry":{"type":"Polygon","coordinates":[[[120.70227295543259,24.12499888349174],[120.7041624454406,24.12487056282629],[120.70130508795955,24.111463673010178],[120.71329280082216,24.11067927892566],[120.70924975107516,24.105011645271247],[120.72843669249937,24.094690086578282],[120.73873838966506,24.09577048442037],[120.74134447656638,24.09261801171192],[120.74123982605715,24.086472167156842],[120.73725889338334,24.083233867648914],[120.73582378224182,24.085858242264123],[120.72691674291343,24.07847990112657],[120.70455899250351,24.08121271149747],[120.6956659214452,24.077236237662305],[120.69126796144735,24.072344750409968],[120.68410588837617,24.070238878121756],[120.67187458154672,24.081132357072647],[120.6604990641805,24.081628656937028],[120.65588541348109,24.08493534538991],[120.65791704493574,24.0870297216444],[120.65304883573526,24.08828619954852],[120.65425749129031,24.09258709661725],[120.66328605870467,24.09773002532046],[120.65789935617045,24.100188035249687],[120.65897349742897,24.103871703316486],[120.6571299187109,24.103941356708276],[120.6613340379356,24.106518901825893],[120.66323522722405,24.11198452796367],[120.67129958560747,24.11095192459169],[120.67176979703856,24.11553168164187],[120.68356145499718,24.118669562850073],[120.68832755337394,24.124639599837735],[120.70227295543259,24.12499888349174]]]}},{"type":"Feature","properties":{"district":"Heping District, Taichung City","constituency_code":"TW-66000290","township_code":"66000290","county":"Taichung City","township_name_zh":"和平區"},"geometry":{"type":"Polygon","coordinates":[[[121.4369436202519,24.382944661267175],[121.44255587095677,24.373127073655553],[121.44797807782606,24.37482633097045],[121.45201245271255,24.364679861286618],[121.44727000380772,24.359544764779116],[121.44157498669631,24.35859302844557],[121.43563157503718,24.347578915334736],[121.43777496344387,24.34221795949128],[121.43430636464711,24.338270129063233],[121.43248102058271,24.329864496849098],[121.43476958474855,24.32203976012687],[121.42849472255341,24.31735881855468],[121.42201401003854,24.30753366854401],[121.40503324498832,24.30819025457663],[121.40345490062327,24.296882532602865],[121.3965839551854,24.288737600360037],[121.39073707765408,24.28968605596674],[121.38046595114281,24.279572309014895],[121.38565964747477,24.264154673599364],[121.38505793267757,24.254988383107445],[121.3784246897477,24.25281534225428],[121.3726786127279,24.254119672185197],[121.36689169749388,24.252099758896804],[121.3606685148402,24.24394322809752],[121.35260619701842,24.243854683546886],[121.35233257918526,24.234632135065056],[121.34301988895675,24.223553594522798],[121.32649835551479,24.232527878858548],[121.31965260908066,24.231868957286622],[121.31352138480418,24.235027968066333],[121.30389380955171,24.233682482460665],[121.30117180003856,24.236692579898715],[121.29313543215449,24.22916359602317],[121.28003489369542,24.229765511369294],[121.27677753485546,24.235531049718247],[121.26891858342594,24.23791626402442],[121.26465824758009,24.245873619272174],[121.2546525011121,24.242837673519887],[121.24416473511451,24.222495283130854],[121.23795623029582,24.219707547565292],[121.2304130776015,24.223527098696707],[121.23077099428599,24.22605175558408],[121.22834231484603,24.22470602626214],[121.2194271294585,24.229204150051544],[121.2082366494019,24.22170411535268],[121.19634275471446,24.22300041163976],[121.19155856827342,24.216586402740347],[121.18145697116233,24.212048813102285],[121.16764420831362,24.225391752127734],[121.16098499476175,24.215184378556273],[121.1478898621275,24.21291224950079],[121.14136520244222,24.199649440069663],[121.13635827551411,24.196338258603816],[121.10841931719779,24.198010869905772],[121.10169219044235,24.195634513921732],[121.09441243388676,24.19014801361999],[121.09134818107373,24.182729643658206],[121.08487869749399,24.17592270476905],[121.08095875144534,24.17542357743622],[121.06459963376619,24.163020816657422],[121.05940198941039,24.162780639215157],[121.05265993211026,24.15479564510298],[121.04758606684356,24.160024170379188],[121.03804597134456,24.158175977239637],[121.03333495104721,24.148582139154428],[121.03099996387732,24.149336131657208],[121.0277598846111,24.15955552196982],[121.01954335374285,24.158714493079458],[121.00816935353294,24.14703977486579],[120.99955413791315,24.127761638588822],[120.99202492291192,24.12525380801685],[120.9920196160125,24.12105460808374],[120.98923010698388,24.1188291538424],[120.98542745141583,24.120222438414828],[120.97533705985745,24.116921979565745],[120.97116341865694,24.120241639839833],[120.96120952799743,24.120151892895592],[120.94972630512495,24.127819651156017],[120.9325540411362,24.112580674158835],[120.91930637269104,24.10734564588489],[120.90956304120141,24.109229882952775],[120.90502771785498,24.11443000314216],[120.89615775937318,24.116452502880747],[120.89806295693995,24.118271138002683],[120.89527391645811,24.118809987490977],[120.89381175370954,24.131082882569046],[120.89616337294137,24.138995646731757],[120.88990039888438,24.140798421410068],[120.88473543679106,24.13897710990574],[120.88326446338431,24.15718417790754],[120.89498109719989,24.15522981800177],[120.894490900135,24.16616783767563],[120.88314727272848,24.166992393684097],[120.86855401435639,24.16430156456562],[120.86537897495975,24.17566047505096],[120.86738135146823,24.17967367719848],[120.8754269221148,24.18475734057887],[120.88161665268649,24.197181554685073],[120.88073918236739,24.201757552569063],[120.8864356833601,24.204421029706793],[120.8920621856214,24.20324845765026],[120.8979633597213,24.20696540512938],[120.89530967979795,24.21213672363092],[120.89849167005457,24.22158653529044],[120.88722260004306,24.22539862025019],[120.88803211219226,24.22991966595987],[120.8793491101734,24.238492671000017],[120.88199403609599,24.24759185048356],[120.87880238981847,24.249114802905865],[120.87868275840265,24.257614250597214],[120.88113972961492,24.25969373767589],[120.87842365472795,24.26618273114815],[120.88504686122371,24.27614898388856],[120.88842992640002,24.276858309763213],[120.88818622541407,24.279115931854847],[120.89847175097054,24.285110833298347],[120.89909459084276,24.288665340732962],[120.91190612856508,24.29406447459587],[120.92210201959256,24.302800403515846],[120.92050335414649,24.320107401235646],[120.91637503517984,24.33419143378768],[120.9196482175912,24.33713705882826],[120.93564415575327,24.342915478166844],[120.94245901317299,24.339135955859717],[120.95678636180116,24.339298065853086],[120.96016077460013,24.335054465491226],[120.96648831728203,24.33345996300693],[120.98198465686653,24.33590379152679],[120.98558597221495,24.33166037102933],[120.99177834589398,24.32962026436377],[121.00357090407408,24.332524363208847],[121.0144952540528,24.320113838582813],[121.01801862336083,24.31129555514582],[121.02936646768842,24.304707517537963],[121.03413358319835,24.297816894933817],[121.0491421080219,24.295999249066142],[121.05224370698159,24.299326691173917],[121.05552592488164,24.310594068661374],[121.07021296635537,24.315759326631678],[121.07385507585116,24.319194733250413],[121.07307579800977,24.32282334212357],[121.08147334981527,24.32413605643393],[121.08644338835177,24.317679288368538],[121.09192565374599,24.318629723383083],[121.10847659142166,24.33095356505504],[121.1148734727326,24.32863718755624],[121.12157967406279,24.330678915699423],[121.12412622044883,24.340554066217237],[121.12844011901632,24.34217139889097],[121.13122729070699,24.349357339069968],[121.14096002278689,24.359643379038744],[121.14840800112836,24.357879942505406],[121.16836920307628,24.36091161557863],[121.17417745562511,24.368919931809444],[121.173423735617,24.37334400002561],[121.1832973725758,24.38101143003354],[121.19023581752901,24.38162151751908],[121.19671538340833,24.391519348039537],[121.19718670820009,24.39658821667291],[121.20719737395973,24.397905402412448],[121.21029213537383,24.396121138479828],[121.21124916421763,24.38839207883143],[121.21587554122334,24.37945470986699],[121.23186120642958,24.383858170118515],[121.23466112601022,24.397336964329497],[121.24356897382916,24.40571746139176],[121.24198786584736,24.414094465487267],[121.24363989346637,24.419627335733026],[121.24999762728874,24.42490656748413],[121.25781396614173,24.42518910839067],[121.25893395393894,24.438035683699866],[121.25980565420764,24.429376847363642],[121.26990125014265,24.42737526135926],[121.27152692852496,24.42974721516191],[121.30550406546035,24.432581481650118],[121.31766529351853,24.441488526374428],[121.3208728425077,24.440937071988344],[121.32845629202427,24.432325624528005],[121.32744088728714,24.413021157900175],[121.32499644632901,24.406912483224573],[121.32649497766113,24.399872065043837],[121.33233500775452,24.3979430813082],[121.33913490315331,24.389603898201415],[121.34296806822181,24.392842326312348],[121.35469210165923,24.393272017889387],[121.36488783080881,24.38907398257828],[121.36980307095507,24.38259001721559],[121.36710724610259,24.37897357796828],[121.36929332352815,24.372456544533975],[121.37394366296974,24.367972707374577],[121.3818390243515,24.367007249185235],[121.38762249068543,24.369685173032337],[121.38996497820119,24.37514743120903],[121.40088580643487,24.379674302726926],[121.40790682533975,24.377548166015117],[121.4369436202519,24.382944661267175]]]}},{"type":"Feature","properties":{"district":"Xinying District, Tainan City","constituency_code":"TW-67000010","township_code":"67000010","county":"Tainan City","township_name_zh":"新營區"},"geometry":{"type":"Polygon","coordinates":[[[120.35253394568508,23.314046196574736],[120.34129926215132,23.318984381124324],[120.34022178800512,23.31593205152302],[120.34340756350832,23.309727081939343],[120.33863373455927,23.30994669548369],[120.33146341830218,23.303989768812812],[120.32945859653705,23.30626957268271],[120.32609960171533,23.305344217062043],[120.32445945683855,23.29628703681732],[120.30591941394982,23.296617411764203],[120.29307459051995,23.29398150424305],[120.29363539605674,23.2834309430836],[120.29060786076423,23.277022232989736],[120.28345528992975,23.27531490875606],[120.28002699425042,23.261280213011446],[120.27210631605374,23.26124761708394],[120.27171726753795,23.257390693725597],[120.26405695656331,23.25431779303176],[120.25574824788339,23.256494692875833],[120.2564846271639,23.25890260337252],[120.25454557282,23.259874020469738],[120.2570120040009,23.26134378608691],[120.25847060003821,23.26745968591581],[120.25360261386959,23.267388080095884],[120.25329481190613,23.274943223451032],[120.24908053753688,23.274880642327844],[120.25319606454684,23.279703615629387],[120.25038207507282,23.279752170925974],[120.24849913033063,23.285308884897177],[120.25325994698903,23.287544317116613],[120.25578124400931,23.284376687234385],[120.2615357296902,23.28569349525867],[120.25962957344609,23.288041098118242],[120.27000713831887,23.294784799379045],[120.26722818733106,23.30123673268912],[120.27637135805185,23.30302092557531],[120.27642332087964,23.310415591206606],[120.27406145747034,23.310806934792254],[120.28004400402767,23.315188629651573],[120.27027665254559,23.3149441345642],[120.27142160822075,23.321889288459943],[120.27537384083018,23.322205168134076],[120.28270505479452,23.317030314397527],[120.28424335324826,23.318340234514267],[120.28190197279787,23.32067040131801],[120.2889798828154,23.32097637406048],[120.29300795165568,23.324753788356702],[120.28988554777982,23.328800911133214],[120.29536630770895,23.328691344030346],[120.29857264351278,23.333975155129338],[120.29295073678713,23.33558864769799],[120.29593665775064,23.340889917335858],[120.30230070571304,23.336057185490745],[120.30558062854323,23.341030913945588],[120.30458954417213,23.344981181536355],[120.30758771929789,23.345212009626607],[120.30898970211308,23.343816684492424],[120.30517771338089,23.338963820424],[120.30811013727305,23.333182110466055],[120.3162551450589,23.33523556756745],[120.31640733103359,23.331252353313516],[120.32279705284179,23.333849421813397],[120.32585147156817,23.33293203058878],[120.32599840010619,23.32883084147022],[120.3280931441833,23.328357311540742],[120.33019875836612,23.332172670932096],[120.33218910194557,23.329964649149304],[120.32996533393305,23.327966572299545],[120.33477019129134,23.327082339978062],[120.33516914943675,23.32990213547521],[120.33935873651649,23.32842545856812],[120.33902927977749,23.323746408270154],[120.35163576847594,23.32563487934624],[120.35253394568508,23.314046196574736]]]}},{"type":"Feature","properties":{"district":"Yanshui District, Tainan City","constituency_code":"TW-67000020","township_code":"67000020","county":"Tainan City","township_name_zh":"鹽水區"},"geometry":{"type":"Polygon","coordinates":[[[120.29589899324401,23.340857446414077],[120.29295073678713,23.33558864769799],[120.29857264351278,23.333975155129338],[120.29536630770895,23.328691344030346],[120.28988554777982,23.328800911133214],[120.29300795165568,23.324753788356702],[120.2889798828154,23.32097637406048],[120.28190197279787,23.32067040131801],[120.28424335324826,23.318340234514267],[120.28270505479452,23.317030314397527],[120.27537384083018,23.322205168134076],[120.27142160822075,23.321889288459943],[120.27027665254559,23.3149441345642],[120.28004400402767,23.315188629651573],[120.27406145747034,23.310806934792254],[120.27642332087964,23.310415591206606],[120.27637135805185,23.30302092557531],[120.26722818733106,23.30123673268912],[120.27000713831887,23.294784799379045],[120.25962957344609,23.288041098118242],[120.2615357296902,23.28569349525867],[120.25578124400931,23.284376687234385],[120.25325994698903,23.287544317116613],[120.24849913033063,23.285308884897177],[120.25038207507282,23.279752170925974],[120.25319606454684,23.279703615629387],[120.24908053753688,23.274880642327844],[120.25329481190613,23.274943223451032],[120.25360261386959,23.267388080095884],[120.25847060003821,23.26745968591581],[120.2570120040009,23.26134378608691],[120.25454557282,23.259874020469738],[120.2564846271639,23.25890260337252],[120.25574824788339,23.256494692875833],[120.26318921241227,23.253384901991694],[120.23690551657637,23.243258388264053],[120.23326629570306,23.248833242460194],[120.22865390315519,23.247255345058193],[120.22751524992896,23.249805442866943],[120.22983269762096,23.251859802887623],[120.22269757633217,23.256149438645707],[120.22214007490459,23.261116104724522],[120.225749756646,23.26189740873849],[120.21888351825987,23.26259056929939],[120.22307335355254,23.2662154495834],[120.222108487117,23.268662125356855],[120.21677821794049,23.26616739790711],[120.21608198709407,23.262228063374494],[120.20988544595662,23.260907295635263],[120.21142426511778,23.26414253475025],[120.20915054426223,23.26464704632417],[120.20646227821169,23.25991947940048],[120.20421716029375,23.258970798963276],[120.20559486860839,23.26196222018035],[120.20373456969469,23.2623809769006],[120.1985760296601,23.257620628789027],[120.19874191410815,23.260918160344886],[120.19546183029934,23.260965113049565],[120.19180290258191,23.265941059232546],[120.19359626945231,23.276206844670185],[120.19761103192366,23.271368077474847],[120.21065140214057,23.277400968080258],[120.21235463625749,23.291694423059255],[120.22263757356518,23.298319208764497],[120.23759159227825,23.326646779425403],[120.24586673556144,23.32685180776474],[120.25639503040634,23.331072330623613],[120.26705099390836,23.340632256173706],[120.267499433652,23.344756928389586],[120.26071076359096,23.344470935885056],[120.26603688689283,23.352579817004994],[120.27138223500219,23.353478609350418],[120.27629467196164,23.348208945486476],[120.28124248735094,23.34819686759141],[120.28707896782021,23.350799657578193],[120.28829722363798,23.35547606656729],[120.29476549133437,23.358476238187905],[120.29589899324401,23.340857446414077]]]}},{"type":"Feature","properties":{"district":"Baihe District, Tainan City","constituency_code":"TW-67000030","township_code":"67000030","county":"Tainan City","township_name_zh":"白河區"},"geometry":{"type":"Polygon","coordinates":[[[120.49514475302794,23.393202552655737],[120.49902918934572,23.387398219352406],[120.49681852085814,23.384245156688678],[120.48440174594384,23.379480861452635],[120.48393542767792,23.369567062569956],[120.48872513595632,23.37306775637188],[120.49947280782385,23.368034907385095],[120.50483613338088,23.36890158943686],[120.51053866792529,23.364359769387875],[120.5124637477038,23.356298638671262],[120.50808964582052,23.35275997279456],[120.50471903805328,23.354680058637825],[120.50509056687622,23.34481476109238],[120.50786047787881,23.342995332768453],[120.51558417307115,23.343738907524596],[120.5247453787963,23.33820210814082],[120.52693059557055,23.33938518967483],[120.53372287640968,23.33647128552144],[120.53999606136915,23.32786955163857],[120.53195030186498,23.3211481050011],[120.53085263254297,23.317106852099585],[120.52260710573341,23.31188515177837],[120.52627893062822,23.295333539611192],[120.5219791918862,23.287395189736287],[120.51742109860493,23.28729195386063],[120.51818363466703,23.290265175497495],[120.5139941761903,23.292089773124587],[120.50266593798267,23.28756130531002],[120.50772375125018,23.295388032231926],[120.49581548269839,23.299406522393156],[120.49066355358025,23.29886273922409],[120.4859546439917,23.293584087535635],[120.4811060130321,23.293506452660722],[120.47764172288726,23.297973664053416],[120.47107747054883,23.296552619208057],[120.45985276948977,23.30159019323287],[120.45103542494496,23.296856154787747],[120.45035811943171,23.300121536479764],[120.44576167006505,23.30063286851214],[120.44770083772357,23.305231562586584],[120.44109771578701,23.309766017187997],[120.44025240072779,23.314328412826058],[120.43681742668298,23.314233077494578],[120.43144894441332,23.320537394285395],[120.42312505607651,23.324802716871943],[120.41841801527926,23.32503319602523],[120.41512290829564,23.332342919789994],[120.4071011849718,23.33543905806613],[120.4053178122673,23.341561888070714],[120.40274075548155,23.339660723063957],[120.40384613469143,23.33212652401994],[120.4004034129872,23.33334126978383],[120.39855785126383,23.339636348738566],[120.394448797574,23.340363811240934],[120.39290854489354,23.333457257146733],[120.39042145448661,23.333331786432836],[120.39029125154013,23.339661946141973],[120.39452303481028,23.345219301329735],[120.38763933428788,23.34571856535956],[120.38800495186706,23.354067281280038],[120.3801949604291,23.35884589642103],[120.38435840511636,23.359919811949794],[120.38386147752522,23.362687997153387],[120.38849485665241,23.365502030694188],[120.40501798818968,23.368211641254277],[120.40679652434017,23.37114957439337],[120.40581005618924,23.380337495379138],[120.39920817891436,23.38374129082797],[120.39998643692456,23.390794652051625],[120.39582002807185,23.388870876289957],[120.38350339536544,23.39414674367731],[120.38687092655209,23.404761736764783],[120.40417346723177,23.410046446286515],[120.4081092107715,23.41342624602447],[120.41049191956654,23.410168146143064],[120.4163027315858,23.41041748048241],[120.42006168819637,23.403464462015336],[120.4219522304112,23.407044290761462],[120.43031367083927,23.40648399963692],[120.43224601983798,23.410815387320326],[120.43999835214231,23.413730536135404],[120.47339962888987,23.398072823102382],[120.47538452617505,23.391001361223914],[120.4794192589917,23.387588924189572],[120.4855396761152,23.393062035384673],[120.48916363189619,23.39244634242482],[120.49032450017557,23.39562379560175],[120.49514475302794,23.393202552655737]]]}},{"type":"Feature","properties":{"district":"Liuying District, Tainan City","constituency_code":"TW-67000040","township_code":"67000040","county":"Tainan City","township_name_zh":"柳營區"},"geometry":{"type":"Polygon","coordinates":[[[120.32945859653705,23.30626957268271],[120.33332329993038,23.297945934357415],[120.34003229725283,23.294377636718593],[120.35001251196786,23.305040288478608],[120.35810844914567,23.301693208774623],[120.35822243191978,23.297659578526805],[120.36632570127017,23.298705656440916],[120.36999414471404,23.293244039480896],[120.37440445240361,23.293144758823587],[120.37803510543586,23.289639118750358],[120.38526868899885,23.290265193483947],[120.39238839950508,23.286021705537337],[120.3943175127431,23.278660157440356],[120.38944018351776,23.275833794194284],[120.39078733017118,23.26883702191111],[120.394397836591,23.267257853766978],[120.39583305475173,23.26289410218112],[120.40055905505642,23.265383398624977],[120.40558688582621,23.262190182131235],[120.41287096092617,23.26319355663736],[120.41352406928047,23.258129966125068],[120.4234114685645,23.253011176124915],[120.4248592367644,23.246100370935437],[120.4228636204598,23.239966707697477],[120.40228009574992,23.233476769037736],[120.4012815425092,23.230467560129853],[120.37315651266294,23.241027217931787],[120.36190933304931,23.23498124129128],[120.36236474433758,23.238198732285696],[120.35896295977284,23.241679471030807],[120.35035808186001,23.244070820512036],[120.35169022872117,23.252118802241],[120.34656019449744,23.256634184020413],[120.34110854202561,23.255366719098845],[120.3353614784495,23.263424719275406],[120.3330120922343,23.26326043921796],[120.33025547411091,23.257828829037294],[120.32963496078492,23.261109325634948],[120.3260493008346,23.2605339861546],[120.32460931716628,23.26359125483259],[120.3223063188816,23.261072399471686],[120.31871164322786,23.2633595193264],[120.31516485467432,23.259087444629927],[120.3098022755546,23.260122929429713],[120.3088942201922,23.263355893259927],[120.29962963829723,23.262455420980928],[120.29740567513181,23.264856284390078],[120.28721187322947,23.26007285068158],[120.28041663901672,23.26186257529764],[120.28345528992975,23.27531490875606],[120.29060786076423,23.277022232989736],[120.29363539605674,23.2834309430836],[120.29300499288615,23.29392312025584],[120.30591941394982,23.296617411764203],[120.32408364814194,23.296124034696504],[120.32517063351793,23.304280911734736],[120.32945859653705,23.30626957268271]]]}},{"type":"Feature","properties":{"district":"Houbi District, Tainan City","constituency_code":"TW-67000050","township_code":"67000050","county":"Tainan City","township_name_zh":"後壁區"},"geometry":{"type":"Polygon","coordinates":[[[120.39029125154013,23.339661946141973],[120.38530230295896,23.33853314588805],[120.38513478624145,23.331706787937947],[120.37864377828782,23.333854974227734],[120.3830770249848,23.327052531948823],[120.38161912592193,23.325709729020843],[120.36935936004647,23.325438774979546],[120.37276148905153,23.32112256065767],[120.3719209116208,23.315775233140528],[120.36891975434321,23.31735343901005],[120.36827464905582,23.321321585123087],[120.3615360190721,23.325261133694426],[120.35905684629643,23.3234375145297],[120.35812493731612,23.31737530692493],[120.35253394568508,23.314046196574736],[120.35163576847594,23.32563487934624],[120.33902927977749,23.323746408270154],[120.33935873651649,23.32842545856812],[120.33516914943675,23.32990213547521],[120.33477019129134,23.327082339978062],[120.32996533393305,23.327966572299545],[120.33218910194557,23.329964649149304],[120.33019875836612,23.332172670932096],[120.3280931441833,23.328357311540742],[120.32599840010619,23.32883084147022],[120.32585147156817,23.33293203058878],[120.32279705284179,23.333849421813397],[120.31640733103359,23.331252353313516],[120.3162551450589,23.33523556756745],[120.3075607162541,23.33346745455941],[120.30517707845945,23.339085226202258],[120.30898970211308,23.343816684492424],[120.3076904659423,23.34517416885285],[120.30458954417213,23.344981181536355],[120.30550034516489,23.34083773237552],[120.30238865581191,23.336094551422434],[120.30017269661278,23.336166562836638],[120.2956612610584,23.34098664122058],[120.2957786441691,23.357390139543384],[120.28829722363798,23.35547606656729],[120.28737851670519,23.35128242264574],[120.28621965930984,23.35029136885163],[120.28380272591517,23.362050872449856],[120.29273972345948,23.37531796984848],[120.31094625366677,23.375437449278934],[120.31100463765392,23.385567598965565],[120.31477367926198,23.388460021912522],[120.31942173352627,23.387343242896407],[120.32179273045017,23.383532774018363],[120.33318497880384,23.385805823979638],[120.34632871170072,23.40037994298001],[120.38687092655209,23.404761736764783],[120.38350339536544,23.39414674367731],[120.39582002807185,23.388870876289957],[120.39998643692456,23.390794652051625],[120.39920817891436,23.38374129082797],[120.40581005618924,23.380337495379138],[120.40679652434017,23.37114957439337],[120.40501798818968,23.368211641254277],[120.38849485665241,23.365502030694188],[120.38386147752522,23.362687997153387],[120.38435840511636,23.359919811949794],[120.3801949604291,23.35884589642103],[120.38800495186706,23.354067281280038],[120.38763933428788,23.34571856535956],[120.39449118442064,23.34528323503332],[120.39029125154013,23.339661946141973]]]}},{"type":"Feature","properties":{"district":"Dongshan District, Tainan City","constituency_code":"TW-67000060","township_code":"67000060","county":"Tainan City","township_name_zh":"東山區"},"geometry":{"type":"Polygon","coordinates":[[[120.40499182511269,23.341682392728273],[120.4071011849718,23.33543905806613],[120.41512290829564,23.332342919789994],[120.41841801527926,23.32503319602523],[120.42312505607651,23.324802716871943],[120.43144894441332,23.320537394285395],[120.43681742668298,23.314233077494578],[120.44025240072779,23.314328412826058],[120.44109771578701,23.309766017187997],[120.44770083772357,23.305231562586584],[120.44576167006505,23.30063286851214],[120.45035811943171,23.300121536479764],[120.45092856300289,23.296896649460848],[120.45985276948977,23.30159019323287],[120.47107747054883,23.296552619208057],[120.47764172288726,23.297973664053416],[120.4811060130321,23.293506452660722],[120.4859546439917,23.293584087535635],[120.49066355358025,23.29886273922409],[120.49581548269839,23.299406522393156],[120.50772375125018,23.295388032231926],[120.50266593798267,23.28756130531002],[120.51180761582884,23.291925437309146],[120.51797291541777,23.290428587709187],[120.51735941410573,23.287363355534467],[120.5219791918862,23.287395189736287],[120.52297758594693,23.284301007485567],[120.52042639636113,23.271776306731226],[120.52609184376365,23.266488838988778],[120.53228598820783,23.255144475037525],[120.52997020246289,23.247949263747557],[120.49328198997193,23.22076294175639],[120.48780631660827,23.222309406054308],[120.48138822838405,23.22015102774776],[120.47603540510988,23.22442764402058],[120.45046751566338,23.231912631262958],[120.44302252846694,23.22745523147381],[120.44543449940272,23.23741971344907],[120.43296906217256,23.23584060376089],[120.4327072227602,23.23915974152891],[120.42397788317282,23.24536305636002],[120.42319079382014,23.253366721297198],[120.41352406928047,23.258129966125068],[120.41287096092617,23.26319355663736],[120.40558688582621,23.262190182131235],[120.40055905505642,23.265383398624977],[120.39539445449054,23.26304290940277],[120.38958518480854,23.2720851968744],[120.38951009951154,23.275952919291854],[120.3943175127431,23.278660157440356],[120.39228790836034,23.286091542390807],[120.38526868899885,23.290265193483947],[120.37803510543586,23.289639118750358],[120.37440445240361,23.293144758823587],[120.36999414471404,23.293244039480896],[120.36632570127017,23.298705656440916],[120.35822243191978,23.297659578526805],[120.35810844914567,23.301693208774623],[120.350373884747,23.3049712637129],[120.34165000764176,23.294395148317506],[120.33322658503891,23.298056061737896],[120.33219415613542,23.305027827472315],[120.33863373455927,23.30994669548369],[120.34344485299766,23.309786674615395],[120.34022178800512,23.31593205152302],[120.34124250413834,23.318952178200504],[120.35213218795013,23.31352261937343],[120.35812493731612,23.31737530692493],[120.35905684629643,23.3234375145297],[120.36159996266815,23.32525625667097],[120.36827464905582,23.321321585123087],[120.36891975434321,23.31735343901005],[120.3719209116208,23.315775233140528],[120.37276148905153,23.32112256065767],[120.36935936004647,23.325438774979546],[120.38307731726445,23.32698954972801],[120.37864377828782,23.333854974227734],[120.38513478624145,23.331706787937947],[120.38513025815496,23.33824060362099],[120.38994090984522,23.340067101515558],[120.39182710743512,23.33230277315448],[120.394448797574,23.340363811240934],[120.39860669434358,23.339591656929485],[120.40012988148885,23.333766554682825],[120.40326226424213,23.33190317559115],[120.40274075548155,23.339660723063957],[120.40499182511269,23.341682392728273]]]}},{"type":"Feature","properties":{"district":"Madou District, Tainan City","constituency_code":"TW-67000070","township_code":"67000070","county":"Tainan City","township_name_zh":"麻豆區"},"geometry":{"type":"Polygon","coordinates":[[[120.28992964963368,23.202245401703976],[120.2874054469039,23.19264406417227],[120.29129337528911,23.188188084412616],[120.2898427823186,23.17607768873438],[120.26987571948894,23.17112951991146],[120.27010458076188,23.173735578034552],[120.26725909972777,23.171240633848242],[120.26356937023036,23.15417663204596],[120.26051297479398,23.153500097251765],[120.26284510931441,23.141943746906463],[120.25657814676413,23.135786543014603],[120.24198606380583,23.130697099691474],[120.24157707821962,23.137193428933642],[120.23714851429258,23.137627265485946],[120.22995768629823,23.143319013561666],[120.21743388936261,23.156008439537914],[120.21148858912716,23.16597157522807],[120.21588131417138,23.167389387010644],[120.21386130465555,23.174213503850183],[120.21489099152609,23.18535710764445],[120.20714801127178,23.187735072515636],[120.20759588084525,23.193736038087764],[120.19451104994505,23.196786091504976],[120.19932136708746,23.199917261972132],[120.19874803219602,23.202698225642678],[120.1941767008941,23.20335748625905],[120.1918071042146,23.207936027425774],[120.19234260013093,23.210731471979898],[120.20032844410252,23.21170714466905],[120.19998246951536,23.213989329943672],[120.20947693521248,23.215381121641485],[120.21560836003789,23.221247223080923],[120.22082316615626,23.23138386857073],[120.23338825546364,23.223417882529304],[120.23685815647877,23.21561981430301],[120.24630638263352,23.21331971183531],[120.24747202901096,23.206326500867362],[120.25666959792363,23.201477472407475],[120.26740429617143,23.20437043674633],[120.26903628599587,23.20165264775153],[120.28992964963368,23.202245401703976]]]}},{"type":"Feature","properties":{"district":"Xiaying District, Tainan City","constituency_code":"TW-67000080","township_code":"67000080","county":"Tainan City","township_name_zh":"下營區"},"geometry":{"type":"Polygon","coordinates":[[[120.29935960246371,23.262533166472508],[120.2999158529343,23.258063892934388],[120.29693045447698,23.255349245271475],[120.29919225751678,23.24806486889861],[120.28842925940285,23.2395654185093],[120.2863760649035,23.233585006942576],[120.28912374736308,23.23162464855875],[120.2844400754492,23.230699627485876],[120.29036060116084,23.228586765666762],[120.29486148047306,23.221048172535177],[120.29202564466777,23.221728228175266],[120.28694823247497,23.216227598624812],[120.28884734972542,23.21461265455042],[120.2890434801725,23.206424344407992],[120.29269602630063,23.205226802674872],[120.29231999816943,23.20183872108015],[120.29030028722855,23.203349804250138],[120.26903628599587,23.20165264775153],[120.26740429617143,23.20437043674633],[120.25666959792363,23.201477472407475],[120.24747202901096,23.206326500867362],[120.24630638263352,23.21331971183531],[120.23685815647877,23.21561981430301],[120.23338825546364,23.223417882529304],[120.22012645237396,23.232658104487996],[120.22178779966725,23.2361018766004],[120.23245316737984,23.24223471066341],[120.22864342155674,23.24651413821698],[120.23168777686942,23.249043460787163],[120.23690551657637,23.243258388264053],[120.23982071575347,23.24356891966994],[120.25318398035643,23.24998809607382],[120.25468409809275,23.24863632330772],[120.26779463071773,23.257267170043917],[120.27145938784054,23.25721262076587],[120.27210631605374,23.26124761708394],[120.28721187322947,23.26007285068158],[120.28925777692496,23.262239606172955],[120.2944424539561,23.261865568241433],[120.29713497290072,23.264872908358086],[120.29935960246371,23.262533166472508]]]}},{"type":"Feature","properties":{"district":"Liujia District, Tainan City","constituency_code":"TW-67000090","township_code":"67000090","county":"Tainan City","township_name_zh":"六甲區"},"geometry":{"type":"Polygon","coordinates":[[[120.42397788317282,23.24536305636002],[120.4327072227602,23.23915974152891],[120.43302765570184,23.235798006472862],[120.44543449940272,23.23741971344907],[120.44302252846694,23.22745523147381],[120.45046751566338,23.231912631262958],[120.47686882303776,23.22342442599654],[120.46825805276694,23.212997092641785],[120.4580668202276,23.192329335630404],[120.44960756233922,23.199449230497635],[120.44383127439392,23.197780862197078],[120.4269496937734,23.20130770918348],[120.42450913518849,23.198855440526188],[120.41338812146466,23.206663082035675],[120.41221898391905,23.204920468404964],[120.39285167896185,23.206449190877493],[120.38611337093539,23.198701761677],[120.380444069938,23.19588461378396],[120.37390927938975,23.204735966191947],[120.37180869601457,23.204605274014227],[120.37088049403962,23.215445901607097],[120.36261476306095,23.215673124315288],[120.35905381018529,23.21274931592825],[120.35617773241643,23.216032517686585],[120.35035420578208,23.217432743226595],[120.34976733429505,23.213332997519842],[120.34396843919217,23.214006413465256],[120.34431198830771,23.220140055119487],[120.34109816564785,23.220675703920676],[120.34113994005622,23.222938256095688],[120.333595933006,23.221772008071753],[120.33460904087462,23.226144242063185],[120.32917165614708,23.226103716813157],[120.32764090480396,23.22850257743204],[120.31311418906864,23.22836211591897],[120.29321393237717,23.223342905151014],[120.29036060116084,23.228586765666762],[120.2844400754492,23.230699627485876],[120.28912374736308,23.23162464855875],[120.2863760649035,23.233585006942576],[120.28842925940285,23.2395654185093],[120.29919225751678,23.24806486889861],[120.29693045447698,23.255349245271475],[120.2999158529343,23.258063892934388],[120.29935960246371,23.262533166472508],[120.30528347725078,23.263881533506037],[120.31516485467432,23.259087444629927],[120.31871164322786,23.2633595193264],[120.3223063188816,23.261072399471686],[120.32460931716628,23.26359125483259],[120.3260493008346,23.2605339861546],[120.32963496078492,23.261109325634948],[120.33025547411091,23.257828829037294],[120.3330120922343,23.26326043921796],[120.3353614784495,23.263424719275406],[120.34110854202561,23.255366719098845],[120.34656019449744,23.256634184020413],[120.35169022872117,23.252118802241],[120.35035808186001,23.244070820512036],[120.35896295977284,23.241679471030807],[120.36236474433758,23.238198732285696],[120.36190933304931,23.23498124129128],[120.37315651266294,23.241027217931787],[120.4012815425092,23.230467560129853],[120.40228009574992,23.233476769037736],[120.42199887734637,23.239079317856294],[120.42397788317282,23.24536305636002]]]}},{"type":"Feature","properties":{"district":"Guantian District, Tainan City","constituency_code":"TW-67000100","township_code":"67000100","county":"Tainan City","township_name_zh":"官田區"},"geometry":{"type":"Polygon","coordinates":[[[120.4300025018141,23.200695748410112],[120.42265110436506,23.19374854136214],[120.4149318383337,23.17843923198501],[120.4111620727715,23.1784705077078],[120.40841158982312,23.174423884055045],[120.40277921948541,23.176022744654006],[120.4000266653984,23.17277212533338],[120.39719881017697,23.173402608543597],[120.39574394362819,23.169470005436438],[120.39857439069567,23.16790491258172],[120.39347266533127,23.164326045210885],[120.37045529007969,23.164952819616985],[120.36243512618023,23.161119273235897],[120.36152249596648,23.156650429573745],[120.35513441272303,23.155254307640234],[120.35315630352068,23.15153730710108],[120.34953243047732,23.150603568000292],[120.3063350814989,23.175052073094776],[120.2898427823186,23.17607768873438],[120.29129337528911,23.188188084412616],[120.28749145446716,23.191290597982743],[120.28783817729015,23.19996322272459],[120.29287056942132,23.203809990938396],[120.29149470921357,23.206759047791877],[120.2890434801725,23.206424344407992],[120.28884734972542,23.21461265455042],[120.28694823247497,23.216227598624812],[120.29202564466777,23.221728228175266],[120.29462489672164,23.220400021244018],[120.29471202484012,23.224154875147406],[120.315704316601,23.22872389609097],[120.32764090480396,23.22850257743204],[120.32917165614708,23.226103716813157],[120.33460904087462,23.226144242063185],[120.333595933006,23.221772008071753],[120.34113994005622,23.222938256095688],[120.34109816564785,23.220675703920676],[120.34431198830771,23.220140055119487],[120.34384325985866,23.214037740449385],[120.34976733429505,23.213332997519842],[120.35035420578208,23.217432743226595],[120.35617773241643,23.216032517686585],[120.35905381018529,23.21274931592825],[120.36261476306095,23.215673124315288],[120.37096472094515,23.21540162888209],[120.37180869601457,23.204605274014227],[120.37390927938975,23.204735966191947],[120.380444069938,23.19588461378396],[120.38611337093539,23.198701761677],[120.39280007136631,23.206420772300874],[120.39756619942068,23.207043981794357],[120.4117056032311,23.20493088165489],[120.41351459132534,23.20662467019241],[120.42450913518849,23.198855440526188],[120.42682950837514,23.201285057059806],[120.4300025018141,23.200695748410112]]]}},{"type":"Feature","properties":{"district":"Danei District, Tainan City","constituency_code":"TW-67000110","township_code":"67000110","county":"Tainan City","township_name_zh":"大內區"},"geometry":{"type":"Polygon","coordinates":[[[120.4580668202276,23.192329335630404],[120.4434171698665,23.168534224874634],[120.44369467187164,23.165023483846767],[120.43890250574611,23.162859169115393],[120.43365253343768,23.153677815878552],[120.43521774590226,23.147046902192812],[120.43105715566321,23.137429347186696],[120.43631509956231,23.13253001155084],[120.43657570690345,23.122067284477623],[120.42888605105043,23.113671518725653],[120.42952328097465,23.111569829184305],[120.41995519407703,23.104857391055816],[120.41782527032001,23.10554711530716],[120.41950057149427,23.108907951940466],[120.41775626803735,23.111899498163382],[120.41183859677392,23.111191273058864],[120.40261594217202,23.11565052635075],[120.39903515654726,23.107763401859586],[120.38689911939889,23.10583596765582],[120.38301336917175,23.101741348984092],[120.36893446365468,23.09993221699824],[120.35000267698206,23.114335533158396],[120.34345349458317,23.12297243413059],[120.33930831422742,23.13765327567819],[120.34456424994028,23.142114576726385],[120.34587018156367,23.15100194878096],[120.35298954852885,23.151454582962685],[120.35525694715045,23.15530065779916],[120.35840466514321,23.154553385930058],[120.36157044781794,23.156701815936117],[120.36243512618023,23.161119273235897],[120.37187085805374,23.165252315442046],[120.39347266533127,23.164326045210885],[120.39857439069567,23.16790491258172],[120.39574394362819,23.169470005436438],[120.39719881017697,23.173402608543597],[120.4000266653984,23.17277212533338],[120.40277921948541,23.176022744654006],[120.40841158982312,23.174423884055045],[120.4111620727715,23.1784705077078],[120.4149318383337,23.17843923198501],[120.42265110436506,23.19374854136214],[120.4300025018141,23.200695748410112],[120.44383127439392,23.197780862197078],[120.44960756233922,23.199449230497635],[120.4580668202276,23.192329335630404]]]}},{"type":"Feature","properties":{"district":"Jiali District, Tainan City","constituency_code":"TW-67000120","township_code":"67000120","county":"Tainan City","township_name_zh":"佳里區"},"geometry":{"type":"Polygon","coordinates":[[[120.19195642315049,23.209646547849957],[120.1941767008941,23.20335748625905],[120.19766488062976,23.20411191043638],[120.1992666172606,23.200231006655656],[120.19443669399834,23.196865310086025],[120.20759588084525,23.193736038087764],[120.20714801127178,23.187735072515636],[120.21568953554367,23.183686981169274],[120.21386130465555,23.174213503850183],[120.21588131417138,23.167389387010644],[120.21129065194214,23.166423564595902],[120.21447365483539,23.16020884006599],[120.2110162894702,23.159480546589975],[120.2029708636145,23.163525192633585],[120.19250341599991,23.15982059104749],[120.1959788478456,23.15140518500135],[120.18777430583964,23.14846988327855],[120.19074525219173,23.144995985676246],[120.18037977960319,23.14072477792621],[120.18005840686999,23.136751913969704],[120.17395293827758,23.13648662925459],[120.17456010386582,23.12201195458806],[120.16753722876012,23.12291986875698],[120.16836583801307,23.117239748915324],[120.16105581387478,23.116276563312795],[120.16231811309046,23.121408141672475],[120.15803711082401,23.12411429343996],[120.15180125312543,23.122553425600188],[120.15203196700179,23.126564129431074],[120.14892615112103,23.12720554030352],[120.14887879102344,23.13439892147312],[120.15571013571423,23.134820961618118],[120.15375067485377,23.143555554145564],[120.15889129319874,23.157172380800773],[120.15361326024379,23.157896916909237],[120.15330547356882,23.163870149188085],[120.14494458262641,23.166849193035887],[120.14727293010174,23.173290026913264],[120.14496396031859,23.17535963943584],[120.1482490821295,23.175990369060344],[120.14712374786268,23.179828956141478],[120.15308167188175,23.179390354081647],[120.15032270113181,23.184161586687935],[120.15229801074463,23.187896500822887],[120.15596241623257,23.188151530568746],[120.161635464705,23.183643548411055],[120.16987420882776,23.185189055830335],[120.17828605805516,23.208466741646873],[120.17715323423442,23.213304814565618],[120.18504504149553,23.210561091820978],[120.18507667245058,23.20680749876709],[120.19195642315049,23.209646547849957]]]}},{"type":"Feature","properties":{"district":"Xuejia District, Tainan City","constituency_code":"TW-67000130","township_code":"67000130","county":"Tainan City","township_name_zh":"學甲區"},"geometry":{"type":"Polygon","coordinates":[[[120.21235463625749,23.291694423059255],[120.21065140214057,23.277400968080258],[120.19761103192366,23.271368077474847],[120.19359626945231,23.276206844670185],[120.19180290258191,23.265941059232546],[120.19555991126094,23.26086024670309],[120.19874191410815,23.260918160344886],[120.1985760296601,23.257620628789027],[120.20373456969469,23.2623809769006],[120.20559486860839,23.26196222018035],[120.20421716029375,23.258970798963276],[120.20646227821169,23.25991947940048],[120.20915054426223,23.26464704632417],[120.21142426511778,23.26414253475025],[120.20988544595662,23.260907295635263],[120.21608198709407,23.262228063374494],[120.21677821794049,23.26616739790711],[120.222108487117,23.268662125356855],[120.22307335355254,23.2662154495834],[120.21880097938174,23.262740900871904],[120.225749756646,23.26189740873849],[120.22214007490459,23.261116104724522],[120.22269757633217,23.256149438645707],[120.22983269762096,23.251859802887623],[120.2275422718584,23.24857535287026],[120.23247100633193,23.24229068266891],[120.22131528237446,23.23564698152302],[120.21567713659067,23.22134965046604],[120.20947693521248,23.215381121641485],[120.2000528549554,23.214015278982004],[120.20032844410252,23.21170714466905],[120.18940911503864,23.21004482430925],[120.18507667245058,23.20680749876709],[120.18504504149553,23.210561091820978],[120.17715323423442,23.213304814565618],[120.17487268842387,23.223248424175495],[120.16997612000205,23.227645689896747],[120.1683454287986,23.232987684434136],[120.16084067355825,23.238048954695557],[120.14384552654985,23.233641268529766],[120.13558617086517,23.22897113860722],[120.13806685719976,23.238870019535796],[120.14316159663042,23.241253139320975],[120.13976014391562,23.250246086387847],[120.13342630507998,23.253122907895943],[120.13412906500446,23.256089566280536],[120.14151217434744,23.26243967654989],[120.1478667686365,23.260380280325705],[120.15239695145817,23.26756005025618],[120.15016399327374,23.2821624250559],[120.14538811746775,23.286475018707222],[120.14413991242714,23.293382113293944],[120.14680165747063,23.29331824164359],[120.15167750101591,23.286905517875425],[120.15657294618461,23.28878207203502],[120.16708040463698,23.27761912832017],[120.17120161716093,23.281103792606018],[120.18311250633712,23.281712853065756],[120.18362249028576,23.284150070669284],[120.17894339322311,23.285613223571488],[120.18488871774025,23.287552791428254],[120.18406703596497,23.290318302947355],[120.18943281037593,23.290730491019417],[120.18579128903684,23.296603209670423],[120.1884096184092,23.301233008596512],[120.20427524930335,23.29189963306169],[120.21235463625749,23.291694423059255]]]}},{"type":"Feature","properties":{"district":"Xigang District, Tainan City","constituency_code":"TW-67000140","township_code":"67000140","county":"Tainan City","township_name_zh":"西港區"},"geometry":{"type":"Polygon","coordinates":[[[120.21447365483539,23.16020884006599],[120.23310044632865,23.140512224959252],[120.24157707821962,23.137193428933642],[120.24161732827713,23.13074662895383],[120.23062276013229,23.12650659350453],[120.20277705881426,23.10719488823355],[120.20308159533943,23.099927196982605],[120.1980782495117,23.093549321044406],[120.18166536676335,23.077587149727208],[120.17641031148673,23.078327218926063],[120.17623508757924,23.081214693803133],[120.17270462891554,23.083553944658888],[120.17600973276296,23.098962076039015],[120.17207590118198,23.10302678415883],[120.17810667658193,23.111089147845973],[120.17553932527971,23.117907444273158],[120.1712876031404,23.12152938107613],[120.17456010386582,23.12201195458806],[120.17395293827758,23.13648662925459],[120.18005840686999,23.136751913969704],[120.18037977960319,23.14072477792621],[120.19074525219173,23.144995985676246],[120.18777430583964,23.14846988327855],[120.1959788478456,23.15140518500135],[120.19250341599991,23.15982059104749],[120.2029708636145,23.163525192633585],[120.2110162894702,23.159480546589975],[120.21447365483539,23.16020884006599]]]}},{"type":"Feature","properties":{"district":"Qigu District, Tainan City","constituency_code":"TW-67000150","township_code":"67000150","county":"Tainan City","township_name_zh":"七股區"},"geometry":{"type":"Polygon","coordinates":[[[120.1398944999313,23.195852308337408],[120.1434108626213,23.18683675681092],[120.15100897468449,23.189114702681422],[120.15032270113181,23.184161586687935],[120.15313055183356,23.180236966862594],[120.14712374786268,23.179828956141478],[120.1482490821295,23.175990369060344],[120.14496396031859,23.17535963943584],[120.14727293010174,23.173290026913264],[120.14494458262641,23.166849193035887],[120.15330547356882,23.163870149188085],[120.15361326024379,23.157896916909237],[120.15889129319874,23.157172380800773],[120.15375067485377,23.143555554145564],[120.15571013571423,23.134820961618118],[120.14887879102344,23.13439892147312],[120.14892615112103,23.12720554030352],[120.15203196700179,23.126564129431074],[120.15180125312543,23.122553425600188],[120.15803711082401,23.12411429343996],[120.16231811309046,23.121408141672475],[120.16105581387478,23.116276563312795],[120.16836583801307,23.117239748915324],[120.16753722876012,23.12291986875698],[120.1692508635366,23.12313805687586],[120.1756999999551,23.11765913066438],[120.17810667658193,23.111089147845973],[120.17206015045565,23.102932861662282],[120.17600973276296,23.098962076039015],[120.1746048703186,23.085448937618423],[120.17099777232943,23.08224929996527],[120.1640461244292,23.084571260455334],[120.16269732662045,23.090422991627804],[120.15768647954746,23.089202635893002],[120.15198537582455,23.091432690166585],[120.1109967788783,23.08791412233893],[120.10101268178994,23.0849511997381],[120.07552713516918,23.06034898431824],[120.0626694721185,23.04401544245877],[120.05795566212419,23.043098362399576],[120.03897897589911,23.068045378791226],[120.02941616982048,23.066413320618324],[120.02691242217065,23.067925285123863],[120.03789712655123,23.10846670767245],[120.04394105183815,23.119194135800797],[120.05145102314623,23.125582428586256],[120.05422136222614,23.125721473667113],[120.0509201119736,23.122386256920265],[120.05503807794503,23.125696287253902],[120.05284276807936,23.13064055841511],[120.05582953170756,23.137144857449243],[120.05908000893533,23.15875754202699],[120.06947507101779,23.183482975359084],[120.08394617897306,23.188961046315285],[120.09280653539338,23.188280107541004],[120.10321767465598,23.183136229153718],[120.1129866503137,23.186251149770783],[120.12422659578078,23.181597373120326],[120.12515929886263,23.18367912199392],[120.1295858078388,23.182716618976826],[120.12667778345303,23.193880719219862],[120.1398944999313,23.195852308337408]]]}},{"type":"Feature","properties":{"district":"Jiangjun District, Tainan City","constituency_code":"TW-67000160","township_code":"67000160","county":"Tainan City","township_name_zh":"將軍區"},"geometry":{"type":"Polygon","coordinates":[[[120.08374780471752,23.24055530138611],[120.089081715249,23.23764326962123],[120.08806602812479,23.22949152681258],[120.10074272959332,23.225081077030154],[120.13082591358511,23.227054374859563],[120.14443047708494,23.23385031414074],[120.1626759659232,23.237319905789093],[120.17487268842387,23.223248424175495],[120.17829962612689,23.208591072020397],[120.17004220848116,23.18542233547248],[120.161635464705,23.183643548411055],[120.15596241623257,23.188151530568746],[120.15127875421115,23.186852896943662],[120.1508842081397,23.189167080996015],[120.1434108626213,23.18683675681092],[120.1398307766691,23.195859913004654],[120.12667778345303,23.193880719219862],[120.1295858078388,23.182716618976826],[120.12515929886263,23.18367912199392],[120.12422659578078,23.181597373120326],[120.1129866503137,23.186251149770783],[120.10321767465598,23.183136229153718],[120.09280653539338,23.188280107541004],[120.08394617897306,23.188961046315285],[120.06947507101779,23.183482975359084],[120.08004971602168,23.209012450264424],[120.081863163854,23.22228518641225],[120.08020513236102,23.2350924064894],[120.08374780471752,23.24055530138611]]]}},{"type":"Feature","properties":{"district":"Beimen District, Tainan City","constituency_code":"TW-67000170","township_code":"67000170","county":"Tainan City","township_name_zh":"北門區"},"geometry":{"type":"Polygon","coordinates":[[[120.14418817364538,23.323075542802087],[120.14851868628841,23.319751421890658],[120.14966273724554,23.31324934598058],[120.16419947772374,23.309447794779942],[120.17072232257715,23.30482571023839],[120.1760046012314,23.293908091685125],[120.18406703596497,23.290318302947355],[120.18488871774025,23.287552791428254],[120.17891339363825,23.285450883351643],[120.18362249028576,23.284150070669284],[120.18311250633712,23.281712853065756],[120.17120161716093,23.281103792606018],[120.16701793862705,23.277624567419878],[120.15657294618461,23.28878207203502],[120.15167750101591,23.286905517875425],[120.14680165747063,23.29331824164359],[120.14413991242714,23.293382113293944],[120.14538811746775,23.286475018707222],[120.15016399327374,23.2821624250559],[120.15239695145817,23.26756005025618],[120.1478667686365,23.260380280325705],[120.14151217434744,23.26243967654989],[120.13412906500446,23.256089566280536],[120.13342630507998,23.253122907895943],[120.13976014391562,23.250246086387847],[120.14316159663042,23.241253139320975],[120.13806685719976,23.238870019535796],[120.13558617086517,23.22897113860722],[120.10277067562629,23.225038638922115],[120.08849189128784,23.229177595969304],[120.08901114095147,23.23781314975713],[120.08315541409115,23.24112892406066],[120.08935091651165,23.24963256619003],[120.09217688405602,23.259610701672614],[120.09503036995568,23.281225066183936],[120.0943287917404,23.295002938934545],[120.09631654167515,23.299087280153913],[120.10684102339462,23.30527941910998],[120.11080789516825,23.310400121968087],[120.11361309556798,23.32226424369992],[120.11166092551139,23.33298774718685],[120.11807818545992,23.340161931428042],[120.14418817364538,23.323075542802087]]]}},{"type":"Feature","properties":{"district":"Xinhua District, Tainan City","constituency_code":"TW-67000180","township_code":"67000180","county":"Tainan City","township_name_zh":"新化區"},"geometry":{"type":"Polygon","coordinates":[[[120.35840663825581,23.071585093277463],[120.36137889402085,23.07053298091239],[120.35983970973484,23.06407253821709],[120.36432298931459,23.06206492135908],[120.36141316178805,23.06123656121838],[120.36754764610703,23.05814325490735],[120.36584710905686,23.054246376469166],[120.36968271218745,23.056501081160036],[120.3704786724528,23.05282152119628],[120.37358075524776,23.052968950656577],[120.37347146873333,23.047302304457844],[120.37665010451872,23.045993871819803],[120.37526758932779,23.042729103465376],[120.37809306224506,23.041503107182677],[120.37538776033693,23.039994853279893],[120.37891485823422,23.033455863797144],[120.37576349438984,23.03323541837989],[120.37390378992802,23.028506862201993],[120.37522490570484,23.020889911140557],[120.38893407204989,23.019949622277295],[120.38660003726193,23.011999915763568],[120.39249852059027,23.00921035997021],[120.39121739136954,23.00489505935957],[120.38628075455324,23.008634581620697],[120.38260039779016,23.0047185710053],[120.37653651564779,23.005886349675336],[120.36499058844493,23.001646868208468],[120.36114043068642,23.004728302569163],[120.35757089288245,23.00416821019479],[120.35179679478631,23.000135894755772],[120.34857966621871,22.99252359948457],[120.34269143066501,22.988682730823427],[120.34004309721126,22.989724703332456],[120.34144263656844,22.99228270977926],[120.3347499160758,22.99421692577056],[120.32871070053841,23.009860447501694],[120.31553248943294,23.010590745566503],[120.31008441626284,23.013191369086485],[120.29932416467852,23.01047640935883],[120.28402665080932,23.019622752887813],[120.28329283549601,23.026843802599444],[120.28898478771782,23.03272294240992],[120.28180387025247,23.040902420310488],[120.28681196270202,23.047525850737486],[120.27788872118765,23.056412451173742],[120.29570368477732,23.053110584885644],[120.2938838526577,23.05821394341882],[120.29724055870486,23.06038552826959],[120.30168224823728,23.059825650833147],[120.30279237856553,23.053298595353965],[120.32163829527121,23.06127446764259],[120.32466241134125,23.059456265094582],[120.32927512764513,23.060557910319346],[120.33735962724506,23.06791077096534],[120.33514969170494,23.070519048615267],[120.33967700119274,23.074996666962647],[120.33494999005006,23.08077688404603],[120.34054054191256,23.083538435850187],[120.34221918946412,23.079394283419504],[120.35073401915975,23.081065081688223],[120.34988960612054,23.07573250575058],[120.35373960290042,23.072693842247077],[120.35574041728648,23.077222992647023],[120.35840663825581,23.071585093277463]]]}},{"type":"Feature","properties":{"district":"Shanhua District, Tainan City","constituency_code":"TW-67000190","township_code":"67000190","county":"Tainan City","township_name_zh":"善化區"},"geometry":{"type":"Polygon","coordinates":[[[120.29730915809125,23.17644397450988],[120.3063350814989,23.175052073094776],[120.3201964194293,23.16852333858128],[120.34621253997682,23.150562808027246],[120.34456424994028,23.142114576726385],[120.3362324862403,23.134773858726646],[120.33143820490932,23.121181549389064],[120.33287725867865,23.106560349980214],[120.32518933941651,23.10627434578447],[120.30946528699349,23.110638275436088],[120.29848546862956,23.10562860467644],[120.29360011115625,23.110034863618125],[120.28959030664737,23.10735160319399],[120.28813752832434,23.111025647615577],[120.28118689935593,23.106115547994193],[120.28178765817393,23.109903945710585],[120.27781082281126,23.11141404322359],[120.2721473260383,23.10874193259417],[120.27048294083511,23.104882148492436],[120.2697540070418,23.107203017205507],[120.26747437494248,23.106247733945793],[120.2682386709779,23.108551286212958],[120.25663502348766,23.10514795301566],[120.25581495239817,23.107961086335138],[120.26173974809092,23.11012929333225],[120.2692285196805,23.122111655228764],[120.26611228965055,23.121394885665495],[120.26466315807829,23.125397815756628],[120.26285779874843,23.12452527821904],[120.26286222431224,23.129303501255606],[120.25593095055297,23.131202292951514],[120.25489629672677,23.1350389114167],[120.26284510931441,23.141943746906463],[120.26051297479398,23.153500097251765],[120.26356937023036,23.15417663204596],[120.2664712990113,23.17029419452149],[120.27010458076188,23.173735578034552],[120.26987571948894,23.17112951991146],[120.27996230511633,23.174759663927375],[120.29730915809125,23.17644397450988]]]}},{"type":"Feature","properties":{"district":"Xinshi District, Tainan City","constituency_code":"TW-67000200","township_code":"67000200","county":"Tainan City","township_name_zh":"新市區"},"geometry":{"type":"Polygon","coordinates":[[[120.33287725867865,23.106560349980214],[120.33588659259226,23.09901345970343],[120.34407156984719,23.089146457043398],[120.34410451291296,23.084024728058807],[120.33510208159589,23.081156943837925],[120.33967700119274,23.074996666962647],[120.33514969170494,23.070519048615267],[120.33735962724506,23.06791077096534],[120.32927512764513,23.060557910319346],[120.32466241134125,23.059456265094582],[120.32163829527121,23.06127446764259],[120.30279237856553,23.053298595353965],[120.30168224823728,23.059825650833147],[120.29724055870486,23.06038552826959],[120.2938838526577,23.05821394341882],[120.2948301346031,23.05295872986153],[120.28721114747657,23.056169792501976],[120.280726344845,23.055242095046708],[120.27678706427162,23.05971428868355],[120.26409158585807,23.061950612131113],[120.25702044413822,23.059731571854627],[120.25260376115466,23.061449847132792],[120.2517347462616,23.066768855898033],[120.24109218265812,23.066550918689984],[120.24184356712703,23.078530162636923],[120.24783327498574,23.078148980491108],[120.24621187557761,23.08357446179201],[120.24815398311989,23.083630906840938],[120.2485278339924,23.086721695050244],[120.24706566674718,23.092891811408037],[120.24872175930182,23.098748156102545],[120.24394017729742,23.102585842962355],[120.25167027746136,23.10459933868856],[120.25297098672172,23.10742484308207],[120.26181902692656,23.105123566099735],[120.2682386709779,23.108551286212958],[120.26747437494248,23.106247733945793],[120.2697540070418,23.107203017205507],[120.27048294083511,23.104882148492436],[120.2721473260383,23.10874193259417],[120.27781082281126,23.11141404322359],[120.28178765817393,23.109903945710585],[120.28118689935593,23.106115547994193],[120.28813752832434,23.111025647615577],[120.28959030664737,23.10735160319399],[120.29360011115625,23.110034863618125],[120.29848546862956,23.10562860467644],[120.30946528699349,23.110638275436088],[120.32518933941651,23.10627434578447],[120.33287725867865,23.106560349980214]]]}},{"type":"Feature","properties":{"district":"Anding District, Tainan City","constituency_code":"TW-67000210","township_code":"67000210","county":"Tainan City","township_name_zh":"安定區"},"geometry":{"type":"Polygon","coordinates":[[[120.25581495239817,23.107961086335138],[120.24394017729742,23.102585842962355],[120.24872175930182,23.098748156102545],[120.24706566674718,23.092891811408037],[120.2485278339924,23.086721695050244],[120.24815398311989,23.083630906840938],[120.24621187557761,23.08357446179201],[120.24783327498574,23.078148980491108],[120.24184356712703,23.078530162636923],[120.24109218265812,23.066550918689984],[120.2244653457991,23.07271667603385],[120.22307414315719,23.075830722509863],[120.21415902521892,23.073532254110262],[120.21323499519895,23.069688457256575],[120.2056060615705,23.070061938507706],[120.2021006445292,23.067732599979536],[120.19963019158013,23.071887134183953],[120.20716721269673,23.078545891779527],[120.20247250520197,23.077884102269536],[120.18740042528941,23.08312562454796],[120.20308159533943,23.099927196982605],[120.20277705881426,23.10719488823355],[120.23126011236434,23.12689019662531],[120.25489629672677,23.1350389114167],[120.25593095055297,23.131202292951514],[120.26286222431224,23.129303501255606],[120.26285779874843,23.12452527821904],[120.26466315807829,23.125397815756628],[120.26611228965055,23.121394885665495],[120.26924430098381,23.12233343344127],[120.26173974809092,23.11012929333225],[120.25581495239817,23.107961086335138]]]}},{"type":"Feature","properties":{"district":"Shanshang District, Tainan City","constituency_code":"TW-67000220","township_code":"67000220","county":"Tainan City","township_name_zh":"山上區"},"geometry":{"type":"Polygon","coordinates":[[[120.33930933675651,23.137443781305535],[120.34106257227995,23.12760362430788],[120.34711195555235,23.1176259789558],[120.36849336237879,23.100066141339425],[120.38301336917175,23.101741348984092],[120.38689911939889,23.10583596765582],[120.39903515654726,23.107763401859586],[120.40261594217202,23.11565052635075],[120.41183859677392,23.111191273058864],[120.41775626803735,23.111899498163382],[120.41950057149427,23.108907951940466],[120.41835608166787,23.102194393256696],[120.41413703009994,23.099420024314725],[120.40871592669873,23.088778137900817],[120.39838596114328,23.079733548164768],[120.38860359098305,23.07917543070164],[120.38884315598693,23.075823284217222],[120.38646783152524,23.077570876494804],[120.3837890047588,23.07550667609229],[120.37763546200699,23.081174193734114],[120.37528097393783,23.078811383338746],[120.37008363445227,23.078872959919238],[120.37047585847415,23.074469589599914],[120.35840663825581,23.071585093277463],[120.35547811742128,23.077270948995135],[120.35331293034756,23.072681641144868],[120.34984219745945,23.07580103319117],[120.35073401915975,23.081065081688223],[120.34161695575801,23.079798588034464],[120.34054054191256,23.083538435850187],[120.34410451291296,23.084024728058807],[120.34409206359794,23.08909046615213],[120.33588659259226,23.09901345970343],[120.33242663178373,23.107586196745615],[120.33143820490932,23.121181549389064],[120.33617487477068,23.13468074831792],[120.33930933675651,23.137443781305535]]]}},{"type":"Feature","properties":{"district":"Yujing District, Tainan City","constituency_code":"TW-67000230","township_code":"67000230","county":"Tainan City","township_name_zh":"玉井區"},"geometry":{"type":"Polygon","coordinates":[[[120.52727174529491,23.116248515256814],[120.51164916337825,23.091774698743393],[120.49989071108746,23.08735510465442],[120.49755960449227,23.08895041383056],[120.48950953183953,23.08720231343608],[120.48500503725268,23.091085683157814],[120.48163155255418,23.090409279664584],[120.47761868315581,23.083283434882674],[120.48150382544122,23.080515775782487],[120.47925335385924,23.07304995129425],[120.4711615589589,23.07404578858234],[120.46680872064599,23.07199997122177],[120.46204139199665,23.076036175329307],[120.46230084640695,23.081138378233618],[120.45963518211806,23.08466817859363],[120.45663485581406,23.084466355437996],[120.45276486260843,23.078490387421482],[120.44867013242072,23.079788823195656],[120.44184098207575,23.07615453420442],[120.44400365374565,23.072090564428038],[120.44052086544559,23.064530536854818],[120.43552836184449,23.06339680202086],[120.4288672956892,23.06599209346041],[120.42658126851074,23.062786547261396],[120.42338967349474,23.070240584335522],[120.41487048568445,23.070052854455696],[120.40633221426037,23.086882217740197],[120.41831357521141,23.104562387344345],[120.42952328097465,23.111569829184305],[120.42888605105043,23.113671518725653],[120.43657570690345,23.122067284477623],[120.43631509956231,23.13253001155084],[120.43105715566321,23.137429347186696],[120.43521774590226,23.147046902192812],[120.43365253343768,23.153677815878552],[120.43890250574611,23.162859169115393],[120.44369467187164,23.165023483846767],[120.4434171698665,23.168534224874634],[120.45689908202712,23.189976246007006],[120.46097043523741,23.187159262689875],[120.46042892825255,23.175427111072395],[120.46476261460305,23.176176867768277],[120.46367094555774,23.174149667273355],[120.46863181280798,23.169404095922346],[120.46693082609681,23.168002509708117],[120.4733154478497,23.166129592406833],[120.47485226242202,23.16241915511995],[120.47513919202015,23.14830906920821],[120.47068967388941,23.14127875940727],[120.47278142412347,23.139234458303633],[120.47752265174904,23.14135281318181],[120.47960469919758,23.139721451084142],[120.48184205326822,23.142781593995437],[120.48566975945187,23.140892998812888],[120.48701943230105,23.138179515772094],[120.48498037064769,23.1339751816094],[120.48742553106342,23.13046012203705],[120.48541086352054,23.128728050259383],[120.48801616261585,23.12367913488424],[120.49540082418878,23.123928495303858],[120.50028371751966,23.118602818964973],[120.50463954068232,23.117902930575838],[120.50826777184022,23.125247506667165],[120.52727174529491,23.116248515256814]]]}},{"type":"Feature","properties":{"district":"Nanxi District, Tainan City","constituency_code":"TW-67000240","township_code":"67000240","county":"Tainan City","township_name_zh":"楠西區"},"geometry":{"type":"Polygon","coordinates":[[[120.51943866826002,23.23948639058449],[120.52629502309685,23.231132122249676],[120.52967879873768,23.232547817927525],[120.53195816913421,23.229665083376972],[120.54150780104419,23.22782928649241],[120.55498131803347,23.217473292758314],[120.5613722773088,23.21741449328431],[120.56528797675878,23.220980036299693],[120.57487431449806,23.217698062115915],[120.57824002096027,23.21479848776005],[120.57709416506373,23.208272045618457],[120.58002094301219,23.203081728938685],[120.57448333064121,23.199335091241494],[120.57334532402751,23.19121150081014],[120.56869629399887,23.18577234621688],[120.5674617703445,23.178875167554963],[120.5587958725315,23.166317307897486],[120.55659984950353,23.158571936345822],[120.5432038001153,23.143679253195046],[120.55013148827766,23.133656214562677],[120.54881417033778,23.118908250315542],[120.5449001382309,23.117422755555765],[120.5396724205458,23.11974694456586],[120.53669934190123,23.115150181335878],[120.53296245195565,23.118584589707098],[120.52458487589138,23.117137420455663],[120.51743765512379,23.122380903256158],[120.50826777184022,23.125247506667165],[120.50463954068232,23.117902930575838],[120.50028371751966,23.118602818964973],[120.49540082418878,23.123928495303858],[120.48776976366378,23.123887035658242],[120.48541086352054,23.128728050259383],[120.48742553106342,23.13046012203705],[120.48498037064769,23.1339751816094],[120.48701943230105,23.138179515772094],[120.48566975945187,23.140892998812888],[120.48184205326822,23.142781593995437],[120.47960469919758,23.139721451084142],[120.47752265174904,23.14135281318181],[120.47278142412347,23.139234458303633],[120.47068967388941,23.14127875940727],[120.47513919202015,23.14830906920821],[120.47485226242202,23.16241915511995],[120.4733154478497,23.166129592406833],[120.46693082609681,23.168002509708117],[120.46863181280798,23.169404095922346],[120.46367094555774,23.174149667273355],[120.46476261460305,23.176176867768277],[120.46042892825255,23.175427111072395],[120.46097043523741,23.187159262689875],[120.45689908202712,23.189976246007006],[120.46825805276694,23.212997092641785],[120.47524482998494,23.222220789557866],[120.48191077136505,23.22008861120048],[120.48780631660827,23.222309406054308],[120.49333119817629,23.220775218401684],[120.50335783139883,23.22997290512552],[120.51943866826002,23.23948639058449]]]}},{"type":"Feature","properties":{"district":"Nanhua District, Tainan City","constituency_code":"TW-67000250","township_code":"67000250","county":"Tainan City","township_name_zh":"南化區"},"geometry":{"type":"Polygon","coordinates":[[[120.65344461387792,23.224538102351573],[120.65624979539177,23.21763849641951],[120.65146142530455,23.20851018070033],[120.64835895490194,23.20857681596732],[120.64345448593588,23.203540796870357],[120.63656029032518,23.19024820638964],[120.64109984588129,23.1829587182703],[120.63729822003688,23.180395935524075],[120.63605980681473,23.175005759808016],[120.62919950755133,23.174252756559497],[120.63065805592464,23.170063697381806],[120.62123674108284,23.16295838412219],[120.6165381197385,23.16309629425865],[120.61111016440259,23.155899365263565],[120.61184612010243,23.151702107866015],[120.601108499058,23.144165656919597],[120.58844790444732,23.12335898972566],[120.58808002867045,23.11409670829653],[120.57412566756557,23.094858367020095],[120.57458722841795,23.091028361269935],[120.5588969527322,23.075648764478956],[120.55905274498821,23.073439649120587],[120.55323434448951,23.067970441882437],[120.5300730363416,23.055819183708422],[120.50371674633084,23.028645292146564],[120.48407340616279,23.017062801207373],[120.47989111438346,23.002706645495323],[120.46036533898928,23.00339358094908],[120.45551438687949,23.011210093371176],[120.45173519012701,23.008567601014022],[120.44629545007501,23.010938673481064],[120.44625533581518,23.021174451239972],[120.44027108504258,23.022172575503987],[120.43699419562574,23.027394183195042],[120.43964023221099,23.0321903306193],[120.43692241533722,23.037092959572476],[120.438524160062,23.045166117822134],[120.43433236514659,23.045215451032277],[120.43103396934225,23.050104675590376],[120.43371267559951,23.052082390889666],[120.43217152719433,23.059854649472527],[120.44324590657334,23.067158369363312],[120.44400688680844,23.07228305801675],[120.44184098207575,23.07615453420442],[120.44867013242072,23.079788823195656],[120.45276486260843,23.078490387421482],[120.45911504122626,23.08493236973311],[120.46230084640695,23.081138378233618],[120.46243161772509,23.07537151248539],[120.46680872064599,23.07199997122177],[120.4711615589589,23.07404578858234],[120.47925335385924,23.07304995129425],[120.48150382544122,23.080515775782487],[120.47761868315581,23.083283434882674],[120.48163155255418,23.090409279664584],[120.48500503725268,23.091085683157814],[120.48950953183953,23.08720231343608],[120.49755960449227,23.08895041383056],[120.49989071108746,23.08735510465442],[120.51152271240335,23.091713222886995],[120.52855768229131,23.118385780179665],[120.53303599671392,23.118566444985504],[120.53669934190123,23.115150181335878],[120.5396724205458,23.11974694456586],[120.5449001382309,23.117422755555765],[120.54873310994515,23.118754159576838],[120.55013148827766,23.133656214562677],[120.54315001885834,23.14353398480563],[120.55659984950353,23.158571936345822],[120.5587958725315,23.166317307897486],[120.5674617703445,23.178875167554963],[120.56869629399887,23.18577234621688],[120.57334532402751,23.19121150081014],[120.57448333064121,23.199335091241494],[120.58002094301219,23.203081728938685],[120.57709416506373,23.208272045618457],[120.57824002096027,23.21479848776005],[120.57968119802888,23.2189907898931],[120.58661327578216,23.22416363544346],[120.59235027504519,23.239741208090322],[120.59572243234447,23.23688395133331],[120.597240481663,23.229041569912567],[120.60982482005943,23.222635533503137],[120.6167622865504,23.2235452993761],[120.62837982227109,23.229447375496022],[120.65344461387792,23.224538102351573]]]}},{"type":"Feature","properties":{"district":"Zuozhen District, Tainan City","constituency_code":"TW-67000260","township_code":"67000260","county":"Tainan City","township_name_zh":"左鎮區"},"geometry":{"type":"Polygon","coordinates":[[[120.43552836184449,23.06339680202086],[120.43217152719433,23.059854649472527],[120.43371267559951,23.052082390889666],[120.43103396934225,23.050104675590376],[120.43433236514659,23.045215451032277],[120.438524160062,23.045166117822134],[120.43692241533722,23.037092959572476],[120.43964023221099,23.0321903306193],[120.43703262905262,23.0272843292085],[120.44027108504258,23.022172575503987],[120.44625533581518,23.021174451239972],[120.44629545007501,23.010938673481064],[120.45173519012701,23.008567601014022],[120.4531039519859,23.011196276187263],[120.45597153385927,23.01091649979668],[120.46147764657621,22.99811946903833],[120.45909766992156,22.995862433304694],[120.46111009185734,22.99077029201544],[120.45466981645893,22.990541450527587],[120.45300879561944,22.977750717721506],[120.4442962679584,22.979400277600803],[120.4372480976217,22.962179725414046],[120.43382548925501,22.959289296264046],[120.42547315446257,22.967491793211764],[120.4111413496936,22.969138546306908],[120.41100451694501,22.971438225193992],[120.40540721477123,22.972017462336055],[120.40796850554216,22.989524675223606],[120.40341757626015,22.992669797772976],[120.40262948776069,22.996104504719142],[120.39778553147721,22.997286068197525],[120.39401978228716,23.007676858500247],[120.38689736302297,23.011439688490896],[120.38893407204989,23.019949622277295],[120.37533177484158,23.02069057191244],[120.37390378992802,23.028506862201993],[120.37576349438984,23.03323541837989],[120.37891485823422,23.033455863797144],[120.37538776033693,23.039994853279893],[120.37809306224506,23.041503107182677],[120.37526758932779,23.042729103465376],[120.37665010451872,23.045993871819803],[120.37347146873333,23.047302304457844],[120.37358075524776,23.052968950656577],[120.3704786724528,23.05282152119628],[120.36968271218745,23.056501081160036],[120.36584710905686,23.054246376469166],[120.36754764610703,23.05814325490735],[120.36141316178805,23.06123656121838],[120.36432298931459,23.06206492135908],[120.35909295407669,23.06577436579437],[120.36135640647308,23.070614651045332],[120.3582197744231,23.070681045294066],[120.3595190492648,23.072654113796375],[120.37047585847415,23.074469589599914],[120.37008363445227,23.078872959919238],[120.37528097393783,23.078811383338746],[120.37763546200699,23.081174193734114],[120.38306325546489,23.075646657367372],[120.38646783152524,23.077570876494804],[120.38873915748616,23.075772410468403],[120.38839504899238,23.079102478596553],[120.39838596114328,23.079733548164768],[120.40633221426037,23.086882217740197],[120.41491076901684,23.07001254684161],[120.42338967349474,23.070240584335522],[120.42645788602272,23.06281308085903],[120.43126533162979,23.06623170253107],[120.43552836184449,23.06339680202086]]]}},{"type":"Feature","properties":{"district":"Rende District, Tainan City","constituency_code":"TW-67000270","township_code":"67000270","county":"Tainan City","township_name_zh":"仁德區"},"geometry":{"type":"Polygon","coordinates":[[[120.21669226163863,22.960564123935228],[120.23781238483377,22.961100119874686],[120.23894941208573,22.980109260833785],[120.246495256451,22.97589568343909],[120.24906600629117,22.977164106138616],[120.24784022584583,22.990681581090143],[120.26720259262561,22.99654380735086],[120.26831012930904,22.993445913598066],[120.27344500098604,22.993722105291],[120.27123629122195,22.98715240396035],[120.27274052065854,22.98662487513792],[120.26946909282447,22.94401828451629],[120.27499794489927,22.94121719671631],[120.27499838376843,22.93875199311003],[120.26721299058715,22.938601171406958],[120.2676066876985,22.92977606571293],[120.26148849190042,22.91603211269188],[120.26961741441221,22.903955107941954],[120.269841854618,22.8966952371955],[120.25877532991763,22.90186484518648],[120.2568290917892,22.899540700243165],[120.25856336151003,22.89500374372784],[120.25257136397738,22.894861135533006],[120.2428625511659,22.903511542523745],[120.23291013989115,22.9055467856557],[120.23042163664923,22.916691077431324],[120.22665658982987,22.916277501705395],[120.21811141880698,22.90962283062919],[120.19205555182236,22.9211942275316],[120.19410288903714,22.92809928875124],[120.19806217502946,22.929549509402364],[120.20236972977932,22.937289019172965],[120.19848710199824,22.938569478398733],[120.20121795634373,22.944851938066563],[120.21661961260509,22.945171766663748],[120.21669226163863,22.960564123935228]]]}},{"type":"Feature","properties":{"district":"Guiren District, Tainan City","constituency_code":"TW-67000280","township_code":"67000280","county":"Tainan City","township_name_zh":"歸仁區"},"geometry":{"type":"Polygon","coordinates":[[[120.29579612249313,23.013807658296855],[120.2960460000229,23.004483073635015],[120.3004223538087,22.99574902070077],[120.29667093801345,22.980943639237637],[120.30390258173884,22.979893371382047],[120.30994711047083,22.975419996036067],[120.31092375892445,22.968560498967918],[120.3159080418227,22.967816227237165],[120.31145542372883,22.960830657808685],[120.31732214929787,22.95644656805473],[120.32662984379238,22.94317125175189],[120.32665827585879,22.935225442000615],[120.32293450612258,22.930519382363627],[120.32090287376866,22.92104946635982],[120.321402605446,22.91176217568392],[120.32703849033408,22.907665760166765],[120.32675382792684,22.905662141694506],[120.32226475131733,22.905024932454694],[120.32164267856683,22.89949991958565],[120.31906084278376,22.90247301172019],[120.31648465024648,22.8984439653168],[120.27903196455361,22.904813774336276],[120.27958069938984,22.896436259425855],[120.27358701382968,22.895294079058544],[120.269841854618,22.8966952371955],[120.26961741441221,22.903955107941954],[120.26148849190042,22.91603211269188],[120.2676066876985,22.92977606571293],[120.26721299058715,22.938601171406958],[120.27327476202072,22.937870467747928],[120.27502238757324,22.938910125402003],[120.27499794489927,22.94121719671631],[120.26946909282447,22.94401828451629],[120.27274052065854,22.98662487513792],[120.27123629122195,22.98715240396035],[120.27312487561255,22.988790743897766],[120.27497977589599,23.01099210400247],[120.2819491548297,23.010520796297783],[120.2825126106685,23.013961267898253],[120.29148165735262,23.012759429204323],[120.29250013777119,23.01580128440179],[120.29579612249313,23.013807658296855]]]}},{"type":"Feature","properties":{"district":"Guanmiao District, Tainan City","constituency_code":"TW-67000290","township_code":"67000290","county":"Tainan City","township_name_zh":"關廟區"},"geometry":{"type":"Polygon","coordinates":[[[120.35301390486791,23.00028257777882],[120.35723655192544,22.989154645570466],[120.36257938912752,22.986975478535555],[120.36219612415186,22.980673149246513],[120.36755122001284,22.98491089682051],[120.37328943515934,22.983167319116546],[120.36823103913116,22.9789771249944],[120.3709755146084,22.977257388317867],[120.36623247934551,22.97088201249494],[120.36747963038067,22.969364746485894],[120.37041650052117,22.97083928570453],[120.36944687397408,22.964267506040642],[120.37206606939367,22.962736528967696],[120.36967776681558,22.9602526536371],[120.35785193911579,22.967344774741605],[120.3514836238702,22.963377938940766],[120.35312979600337,22.959928470522527],[120.34717490989419,22.953241339316435],[120.35079912288131,22.938143042367585],[120.34786266283163,22.936753344291446],[120.35029689738394,22.929402993653298],[120.35464859535648,22.92614367878781],[120.35230795055156,22.91693141315426],[120.35925879985382,22.905680350268028],[120.365804020739,22.907700446118724],[120.36900915145122,22.90609863664281],[120.3717106438312,22.910821589145087],[120.37312385468226,22.908901607623136],[120.36823580104146,22.90394066842714],[120.36602000551886,22.9048444358221],[120.36598621259373,22.90223333789828],[120.35946780409597,22.901419649297452],[120.36161395521992,22.90051049586276],[120.36108283540455,22.897804965526802],[120.35689509733095,22.89292115758542],[120.35328670431807,22.89238063625743],[120.35516680630315,22.89042869822589],[120.35197759269181,22.88750180786218],[120.34908875624114,22.890572685081395],[120.33239079380019,22.88928132787106],[120.32505114059768,22.900394926684555],[120.32007646965337,22.894994894398906],[120.31648465024648,22.8984439653168],[120.31906084278376,22.90247301172019],[120.32164267856683,22.89949991958565],[120.32226475131733,22.905024932454694],[120.32675382792684,22.905662141694506],[120.32703849033408,22.907665760166765],[120.321402605446,22.91176217568392],[120.32090287376866,22.92104946635982],[120.32293450612258,22.930519382363627],[120.32665827585879,22.935225442000615],[120.32664357194335,22.9430951034563],[120.31732214929787,22.95644656805473],[120.31145542372883,22.960830657808685],[120.3159080418227,22.967816227237165],[120.31092375892445,22.968560498967918],[120.30994711047083,22.975419996036067],[120.30390258173884,22.979893371382047],[120.29667093801345,22.980943639237637],[120.3004223538087,22.99574902070077],[120.2960460000229,23.004483073635015],[120.29579612249313,23.013807658296855],[120.29932416467852,23.01047640935883],[120.31008441626284,23.013191369086485],[120.31553248943294,23.010590745566503],[120.32871070053841,23.009860447501694],[120.3347499160758,22.99421692577056],[120.34144263656844,22.99228270977926],[120.34004309721126,22.989724703332456],[120.34263569518123,22.988694861778527],[120.34863608788521,22.992585083434903],[120.35301390486791,23.00028257777882]]]}},{"type":"Feature","properties":{"district":"Longqi District, Tainan City","constituency_code":"TW-67000300","township_code":"67000300","county":"Tainan City","township_name_zh":"龍崎區"},"geometry":{"type":"Polygon","coordinates":[[[120.39271745694509,23.007637650757033],[120.39778553147721,22.997286068197525],[120.40262948776069,22.996104504719142],[120.40341757626015,22.992669797772976],[120.40796850554216,22.989524675223606],[120.40540721477123,22.972017462336055],[120.41100451694501,22.971438225193992],[120.4111413496936,22.969138546306908],[120.42547315446257,22.967491793211764],[120.43528808367819,22.959448024806534],[120.41616843762336,22.916095210025958],[120.4086809610576,22.912337832624928],[120.40544501957208,22.91804811123137],[120.40110598405397,22.918519605095753],[120.39863270453577,22.922430059699536],[120.39216867714276,22.922291495755985],[120.38680208974472,22.918260147088176],[120.38166178436393,22.9211635084892],[120.37728903775894,22.917980702547425],[120.37651313147592,22.91434839296403],[120.37121425403461,22.91234317010128],[120.36900915145122,22.90609863664281],[120.365804020739,22.907700446118724],[120.35933452816596,22.90565067084185],[120.35230795055156,22.91693141315426],[120.35519814317979,22.923973551738072],[120.35029689738394,22.929402993653298],[120.34786266283163,22.936753344291446],[120.35079912288131,22.938143042367585],[120.34734221347242,22.95427409737175],[120.35312979600337,22.959928470522527],[120.3514836238702,22.963377938940766],[120.35763190289003,22.967318978588025],[120.36967776681558,22.9602526536371],[120.37132219336456,22.961577148166896],[120.36943917577742,22.964332494648943],[120.37091729789506,22.967075854966765],[120.36883083567454,22.9677338439418],[120.37045443572367,22.97078239189392],[120.36623247934551,22.97088201249494],[120.3709755146084,22.977257388317867],[120.36823103913116,22.9789771249944],[120.37328943515934,22.983167319116546],[120.36755122001284,22.98491089682051],[120.36219612415186,22.980673149246513],[120.36257938912752,22.986975478535555],[120.35723655192544,22.989154645570466],[120.35292882450574,23.000668881563683],[120.36075445335541,23.00479439374635],[120.36499058844493,23.001646868208468],[120.37653651564779,23.005886349675336],[120.38260039779016,23.0047185710053],[120.38414739898337,23.00830468421384],[120.38945773648538,23.007750316923648],[120.39050242764495,23.004725234082343],[120.39271745694509,23.007637650757033]]]}},{"type":"Feature","properties":{"district":"Yongkang District, Tainan City","constituency_code":"TW-67000310","township_code":"67000310","county":"Tainan City","township_name_zh":"永康區"},"geometry":{"type":"Polygon","coordinates":[[[120.27788872118765,23.056412451173742],[120.28681196270202,23.047525850737486],[120.28180387025247,23.040902420310488],[120.28898478771782,23.03272294240992],[120.28329283549601,23.026843802599444],[120.2839561304711,23.019769861290115],[120.29250013777119,23.01580128440179],[120.29148165735262,23.012759429204323],[120.2825126106685,23.013961267898253],[120.2819491548297,23.010520796297783],[120.27499502210264,23.011039254558],[120.27305771873876,22.99346255914986],[120.26831012930904,22.993445913598066],[120.26720259262561,22.99654380735086],[120.24991087708543,22.991053185456167],[120.24358723116586,22.991475214809384],[120.23992634562444,22.993264725386837],[120.23998215755057,22.998509965462574],[120.23300478184524,22.99851872036271],[120.23274538229361,23.0008842799856],[120.22849017078477,23.001831074544498],[120.23002161280726,23.008373288096834],[120.22559886479587,23.011566932667847],[120.22249697715381,23.01910088799565],[120.21473176385985,23.01869403380266],[120.20943139714132,23.022676794798315],[120.21975587773159,23.028961154733565],[120.22885638821185,23.045584830475605],[120.2412502457023,23.05213451829343],[120.24804945581775,23.067644091401746],[120.25220529134117,23.066601581098155],[120.25289355509358,23.06126779017643],[120.27678706427162,23.05971428868355],[120.27788872118765,23.056412451173742]]]}},{"type":"Feature","properties":{"district":"East District, Tainan City","constituency_code":"TW-67000320","township_code":"67000320","county":"Tainan City","township_name_zh":"東區"},"geometry":{"type":"Polygon","coordinates":[[[120.21638342725339,22.9650447846891],[120.21114920747004,22.98324456908165],[120.21309830993914,23.001626245854595],[120.23993890735471,22.99852296786071],[120.23995418773563,22.99323208898977],[120.24922462961308,22.992449510636447],[120.24757767417043,22.98981776158047],[120.24945132351979,22.987621372528395],[120.24900032790288,22.977038898026763],[120.246495256451,22.97589568343909],[120.23894941208573,22.980109260833785],[120.23781238483377,22.961100119874686],[120.21700925917003,22.96058294764498],[120.21638342725339,22.9650447846891]]]}},{"type":"Feature","properties":{"district":"South District, Tainan City","constituency_code":"TW-67000330","township_code":"67000330","county":"Tainan City","township_name_zh":"南區"},"geometry":{"type":"Polygon","coordinates":[[[120.21636191906737,22.96517171320403],[120.21661961260509,22.945171766663748],[120.20121795634373,22.944851938066563],[120.19848710199824,22.938569478398733],[120.20236972977932,22.937289019172965],[120.19806217502946,22.929549509402364],[120.19410288903714,22.92809928875124],[120.19296177346712,22.921998265507625],[120.18657322437491,22.919646438532368],[120.17675035324623,22.912338343439842],[120.17474876094661,22.911704074983106],[120.17684975621137,22.912638930142577],[120.17404891302692,22.914415808842534],[120.17299841404565,22.919285301375623],[120.17517624109075,22.93298071169056],[120.17200910763427,22.949694570548047],[120.16281462879215,22.964984702781862],[120.15967227525539,22.963549517896013],[120.15539788480464,22.965476624746486],[120.18950317872873,22.988707902847466],[120.19757262637563,22.987468057904607],[120.19764174107354,22.981487123831755],[120.2120100601162,22.981254864920118],[120.21636191906737,22.96517171320403]]]}},{"type":"Feature","properties":{"district":"North District, Tainan City","constituency_code":"TW-67000340","township_code":"67000340","county":"Tainan City","township_name_zh":"北區"},"geometry":{"type":"Polygon","coordinates":[[[120.23308430259851,22.998499142121773],[120.21309830993914,23.001626245854595],[120.21093539635149,22.9972955866221],[120.19554798804927,23.00166151816461],[120.1935476898741,23.005203255226093],[120.18786322900485,23.007499469025333],[120.18237548044408,23.005251818616614],[120.17317628645651,23.007539201073314],[120.1928059695199,23.01977244863963],[120.2094539170647,23.022946185817887],[120.21473176385985,23.01869403380266],[120.22252902719288,23.019068625716557],[120.22559886479587,23.011566932667847],[120.23002161280726,23.008373288096834],[120.22845947602411,23.001888582592073],[120.23274538229361,23.0008842799856],[120.23308430259851,22.998499142121773]]]}},{"type":"Feature","properties":{"district":"Annan District, Tainan City","constituency_code":"TW-67000350","township_code":"67000350","county":"Tainan City","township_name_zh":"安南區"},"geometry":{"type":"Polygon","coordinates":[[[120.15768647954746,23.089202635893002],[120.16269732662045,23.090422991627804],[120.1640461244292,23.084571260455334],[120.17270462891554,23.083553944658888],[120.17650817930905,23.078301760018235],[120.18166536676335,23.077587149727208],[120.18740042528941,23.08312562454796],[120.20247250520197,23.077884102269536],[120.20716721269673,23.078545891779527],[120.19963019158013,23.071887134183953],[120.20216241356457,23.06771910385362],[120.2056060615705,23.070061938507706],[120.21323499519895,23.069688457256575],[120.21415902521892,23.073532254110262],[120.22335746557462,23.07578643629506],[120.22456124320684,23.072675058107507],[120.24694437698145,23.06558997509734],[120.24500629750264,23.05785382069729],[120.23995118130199,23.050940325635565],[120.22558230467973,23.04241045387937],[120.22015985679207,23.029560691372865],[120.21494525212177,23.02475687542949],[120.19380737810809,23.020164898391386],[120.17139786092264,23.006699830532796],[120.16620453511132,23.004737426191298],[120.15629229745161,23.005519468548698],[120.13819490896799,22.99683125765648],[120.10396577749873,23.02277635964134],[120.0626694721185,23.04401544245877],[120.07552713516918,23.06034898431824],[120.10101268178994,23.0849511997381],[120.1109967788783,23.08791412233893],[120.14908265294218,23.091354941977045],[120.15768647954746,23.089202635893002]]]}},{"type":"Feature","properties":{"district":"Anping District, Tainan City","constituency_code":"TW-67000360","township_code":"67000360","county":"Tainan City","township_name_zh":"安平區"},"geometry":{"type":"Polygon","coordinates":[[[120.1867469697969,22.99892287479088],[120.18655382150178,22.986309508077397],[120.15539788480464,22.965476624746486],[120.15978718702911,22.971222577659887],[120.15867792724464,22.97488329502812],[120.14034630134074,22.99334132694071],[120.13944207709028,22.997412155846348],[120.15762116448525,23.005816609948624],[120.17488630505898,22.99931222457957],[120.1867469697969,22.99892287479088]]]}},{"type":"Feature","properties":{"district":"West Central District, Tainan City","constituency_code":"TW-67000370","township_code":"67000370","county":"Tainan City","township_name_zh":"中西區"},"geometry":{"type":"Polygon","coordinates":[[[120.17476744346277,23.005946648319195],[120.18256989228678,23.005263830861168],[120.18786322900485,23.007499469025333],[120.1935476898741,23.005203255226093],[120.19554798804927,23.00166151816461],[120.21228226241658,22.99747321441737],[120.2120100601162,22.981254864920118],[120.19764174107354,22.981487123831755],[120.19757262637563,22.987468057904607],[120.18950317872873,22.988707902847466],[120.18655382150178,22.986309508077397],[120.1867469697969,22.99892287479088],[120.17488630505898,22.99931222457957],[120.1594587231416,23.005652337085735],[120.16635531094892,23.004757247249188],[120.17317628645651,23.007539201073314],[120.17476744346277,23.005946648319195]]]}},{"type":"Feature","properties":{"district":"Taoyuan District, Taoyuan City","constituency_code":"TW-68000010","township_code":"68000010","county":"Taoyuan City","township_name_zh":"桃園區"},"geometry":{"type":"Polygon","coordinates":[[[121.30171313795097,25.033168269200303],[121.30397740783121,25.030468236420006],[121.30969430724656,25.031627841151987],[121.31712656094214,25.026574776304926],[121.3251868759736,25.025964398338374],[121.32693944779737,25.02184306260733],[121.32483081728844,25.018477142106462],[121.33003306797173,25.01659055241214],[121.33223060635748,25.00487962209695],[121.32892480193811,24.99800984487848],[121.32356957117884,24.995331519034437],[121.321410552555,24.990839754351214],[121.32136372575542,24.987015041111306],[121.32980117238628,24.97905132855601],[121.32716008656882,24.978169045065442],[121.32760949937892,24.974878777333743],[121.32329212583102,24.970341987193024],[121.3203264935729,24.97007303324392],[121.31882479302988,24.972564941319035],[121.31833856916967,24.97064133373061],[121.31439039699933,24.97096494037976],[121.3104564134328,24.972762500788804],[121.31017896358833,24.975302331937144],[121.30772045363608,24.97279752488589],[121.30265574796442,24.97427646988325],[121.30360401471353,24.97821079159479],[121.30064090595306,24.97896893626745],[121.29500706972055,24.973264044600057],[121.29508292303854,24.96117005345525],[121.29127751284705,24.96198299112217],[121.28729382554968,24.970604215112473],[121.28416822098666,24.970118893272343],[121.28125923702419,24.974563510097937],[121.28265798587745,24.987081241106466],[121.26369302681178,24.973253929924965],[121.25963656457589,24.98634626656701],[121.27123850875023,24.99071170618032],[121.27404159484377,24.9882185480476],[121.27550565875924,24.995943435741026],[121.28033251983004,25.00081596258667],[121.27137700164735,25.021801544505706],[121.27501718659391,25.02385667614476],[121.27484105886788,25.026334087148427],[121.27841204727827,25.02701054819829],[121.27754498391391,25.03049142543898],[121.28420965005535,25.03212343594788],[121.28870906886846,25.026377311263957],[121.29629466866413,25.03235335302486],[121.30171313795097,25.033168269200303]]]}},{"type":"Feature","properties":{"district":"Zhongli District, Taoyuan City","constituency_code":"TW-68000020","township_code":"68000020","county":"Taoyuan City","township_name_zh":"中壢區"},"geometry":{"type":"Polygon","coordinates":[[[121.18274057801534,25.02848426813449],[121.18780884770024,25.0157577298354],[121.19037894912924,25.018740296327678],[121.19377906545162,25.018108470429638],[121.19501497226327,25.026378508261587],[121.19828790286454,25.023676210988413],[121.20124087446686,25.026292301048898],[121.2080112505189,25.023584259805773],[121.20620642808422,25.0165651627521],[121.20894482144638,25.01729023395717],[121.20785259931802,25.012657559898514],[121.2100127474904,25.01135414008155],[121.20858337852019,25.008570627732354],[121.21122919836887,25.000964530588647],[121.21422908580371,25.00343335486548],[121.21421299603298,25.009466866902414],[121.20957638474238,25.014253408667912],[121.2117058048791,25.014187785138233],[121.21509787047046,25.019733304348563],[121.22137116244926,25.0173644846833],[121.22532242379089,25.02047815434338],[121.22314602486927,25.007240269622798],[121.22672676642719,25.00314740822637],[121.22936537101509,25.007367458041813],[121.24461451574734,25.01076892064924],[121.24946538511949,25.009017366858018],[121.25426823069438,25.002625856298266],[121.26523439195364,24.96830737628443],[121.2666025188912,24.94849289243308],[121.25914952682922,24.930574353024042],[121.24286609249623,24.925068564962373],[121.23574130351835,24.930127586019353],[121.22912462250338,24.931489191972673],[121.22250051938352,24.943918591569798],[121.223449524476,24.947603978241034],[121.22075328503615,24.953886727490556],[121.21948615196436,24.952204256920993],[121.20822830009604,24.957370401622768],[121.1939237933484,24.957490325318304],[121.18997095549526,24.960506351986623],[121.19042441615397,24.971304545968053],[121.18405339934498,24.967724267560925],[121.17890594615255,24.96955970381731],[121.17703892390728,24.959152918172663],[121.16568342814776,24.957688506219654],[121.16139517015108,24.96182399278308],[121.15145496807236,24.964999616738965],[121.16101263002895,24.97412828589171],[121.16837622768082,24.988037986663812],[121.16118297241633,25.01418249622526],[121.16102779619587,25.02583731693869],[121.1658631873363,25.02824112023154],[121.17593969875816,25.02748178035995],[121.18016999634835,25.022496210531756],[121.18274057801534,25.02848426813449]]]}},{"type":"Feature","properties":{"district":"Daxi District, Taoyuan City","constituency_code":"TW-68000030","township_code":"68000030","county":"Taoyuan City","township_name_zh":"大溪區"},"geometry":{"type":"Polygon","coordinates":[[[121.29274297430891,24.924480996500847],[121.29989263763514,24.924998839624777],[121.31578131365677,24.938472929482145],[121.32321993904895,24.931279313589528],[121.32205818673594,24.928040490676153],[121.3398032837946,24.92850026727359],[121.3351804806947,24.924919851270147],[121.32475480568985,24.923433424812742],[121.31758531321168,24.91635936119559],[121.32620622333854,24.909180888087576],[121.3203217739308,24.900196235467945],[121.32716623703232,24.89590134317251],[121.3332460353763,24.899433671526765],[121.33365542116087,24.891535754271672],[121.34217365479037,24.89255163385087],[121.34114041110115,24.887993030653888],[121.34473248231825,24.88576368864335],[121.34567032952214,24.87998548604139],[121.35346534994596,24.876516777527286],[121.35444860571863,24.873465609850086],[121.34504826666421,24.86693918119829],[121.3483542986121,24.86073024650375],[121.35812730233317,24.853374414497694],[121.35473530688898,24.853306177538116],[121.35273496284833,24.84911851051089],[121.34872268430445,24.84835287988153],[121.34786333082809,24.850945315074284],[121.3372723379481,24.84840983664469],[121.33584703211488,24.844932220345754],[121.33304042157829,24.844358707388494],[121.33039548126646,24.828009260119302],[121.33363017179511,24.827448594876785],[121.32754532645572,24.82488652799094],[121.32807448215169,24.822453540798335],[121.325077183865,24.820172213476894],[121.32093918999169,24.821925917547105],[121.3189936254555,24.818448782385474],[121.32200594152107,24.80828712225292],[121.31632979308552,24.80344707532231],[121.3058340752824,24.80979378435569],[121.29942404228575,24.80822851793181],[121.28632395438706,24.816172111753588],[121.27961030127449,24.816734744712733],[121.26490149890515,24.813995337814617],[121.2658710211308,24.80757003792695],[121.26289301869792,24.805099496844377],[121.25640514218367,24.806368884516473],[121.25319992063987,24.810670206964517],[121.2430925031166,24.80870434832707],[121.24392676730656,24.814129860204957],[121.2532598892326,24.8240023424342],[121.25542121371814,24.831433987288733],[121.26774094818632,24.84902783636562],[121.26429967528986,24.85898202470071],[121.26134106583754,24.858941882561908],[121.2587945077604,24.864699707425586],[121.2479582796509,24.858360938506564],[121.24574644834001,24.859964132938444],[121.25083843944253,24.88221684972791],[121.24949408788189,24.89227065416742],[121.25244773847237,24.898339400742827],[121.25300135482871,24.908800125025778],[121.25661362571827,24.916017658388284],[121.26294624327454,24.91756435830854],[121.27354897770317,24.929467938694472],[121.27349204702045,24.927430602840104],[121.27615033686857,24.92795722964246],[121.27650110214427,24.920455604042957],[121.28358737945405,24.920254634343962],[121.29274297430891,24.924480996500847]]]}},{"type":"Feature","properties":{"district":"Yangmei District, Taoyuan City","constituency_code":"TW-68000040","township_code":"68000040","county":"Taoyuan City","township_name_zh":"楊梅區"},"geometry":{"type":"Polygon","coordinates":[[[121.14981895378173,24.949391227922888],[121.15832353570272,24.95648886277087],[121.17697473929286,24.95915132277537],[121.17899239798089,24.948360322470933],[121.18478170091487,24.941135340923267],[121.18877253422511,24.9286265725583],[121.18724984350558,24.922838004370476],[121.18884698370141,24.909862418615774],[121.18369952061641,24.893570339099938],[121.18467679140088,24.889937650002594],[121.17846357053736,24.888649187709916],[121.17472328475185,24.881385356349142],[121.17550094291425,24.87207468509871],[121.16020563598136,24.87335428097532],[121.15566983779286,24.880709165095936],[121.14466187694416,24.880203994318947],[121.13909262552431,24.88243713416648],[121.13558891359753,24.877988353479793],[121.12814992038261,24.880952444299908],[121.11633383503852,24.881678378854133],[121.10777413726669,24.886067230518336],[121.11102396068725,24.89122045645894],[121.10907918485657,24.897736002414604],[121.09127953132543,24.8933602682618],[121.0834491540553,24.898851999919884],[121.07110667932989,24.89947754135551],[121.06921520002152,24.90272036805061],[121.05758822141934,24.90583146115307],[121.06096071326635,24.923557194009334],[121.0575707260083,24.93045140131119],[121.0583911981953,24.936969336765515],[121.07069600032025,24.939128391362203],[121.07104417914559,24.945844494228083],[121.07683457745384,24.949768370314075],[121.08677149520838,24.94823804435032],[121.08552783893867,24.953275605784654],[121.08757577330334,24.95582079779166],[121.09951565302504,24.95428733049596],[121.10791470579909,24.94554268174943],[121.11236667728042,24.945109482816406],[121.1170779871594,24.950315656342525],[121.12625753545694,24.948939173803865],[121.12528068915253,24.952129393756593],[121.12747060938113,24.953434329830486],[121.14750441089996,24.946529712875986],[121.14981895378173,24.949391227922888]]]}},{"type":"Feature","properties":{"district":"Luzhu District, Taoyuan City","constituency_code":"TW-68000050","township_code":"68000050","county":"Taoyuan City","township_name_zh":"蘆竹區"},"geometry":{"type":"Polygon","coordinates":[[[121.2638216334617,25.121973868799046],[121.28338726051368,25.117809010377584],[121.28294770157527,25.109362619988985],[121.2902464077456,25.106859427220854],[121.29162030293469,25.1026385500291],[121.29915932774088,25.104027123053356],[121.30278558578618,25.096790454815675],[121.32502253206428,25.092548940880988],[121.3382975012288,25.0837423801068],[121.34938254207077,25.082328762762245],[121.34942777257368,25.080748429096786],[121.34247107408089,25.080092950129597],[121.34798237678535,25.078798103549673],[121.34524607254832,25.07854414129912],[121.34635454272802,25.076784054740358],[121.3442205018747,25.077843159334407],[121.34623180055723,25.07564125833744],[121.34460601515559,25.07502993158613],[121.34045958923866,25.0763570611295],[121.34057004127442,25.07396380958221],[121.3480348540254,25.07381935687789],[121.34986987929153,25.076658774682755],[121.34989730501673,25.073537978794718],[121.35176133791549,25.074458639954344],[121.35346090729513,25.07329234696431],[121.34645016404386,25.07029956597222],[121.35510075179832,25.066871191152586],[121.32948615696068,25.060864907889254],[121.32194346651784,25.05394943521833],[121.31587883883742,25.051081758016778],[121.30828920917975,25.051096950264082],[121.30291940670531,25.04734115297191],[121.2936216919876,25.04986741694779],[121.30251853120535,25.033149464376322],[121.29629466866413,25.03235335302486],[121.28870906886846,25.026377311263957],[121.28420965005535,25.03212343594788],[121.27754498391391,25.03049142543898],[121.27841204727827,25.02701054819829],[121.27484105886788,25.026334087148427],[121.27501718659391,25.02385667614476],[121.27137700164735,25.021801544505706],[121.28033251983004,25.00081596258667],[121.27550565875924,24.995943435741026],[121.27404159484377,24.9882185480476],[121.27123850875023,24.99071170618032],[121.25981259967182,24.987061898487866],[121.25421295116678,25.002749766688453],[121.232168907669,25.031156392253763],[121.23476615153675,25.032309659463237],[121.23433082570705,25.036230286298746],[121.23762205301534,25.039205177976612],[121.23676557107433,25.042598807489014],[121.24766592354365,25.04723943245392],[121.24545182234374,25.05531288478187],[121.25107146277787,25.057285650212634],[121.24974148867886,25.061250708053763],[121.25451882768186,25.060803302530417],[121.25937949336901,25.063760844487433],[121.26552600971763,25.073263334835076],[121.270313433718,25.07349447139279],[121.27316429989264,25.0776120929238],[121.25809007959356,25.09351579481813],[121.25256592108042,25.11313231990067],[121.24850760714037,25.11777424438594],[121.24981628079684,25.121421186838347],[121.25977974024283,25.12361306129378],[121.2638216334617,25.121973868799046]]]}},{"type":"Feature","properties":{"district":"Dayuan District, Taoyuan City","constituency_code":"TW-68000060","township_code":"68000060","county":"Taoyuan City","township_name_zh":"大園區"},"geometry":{"type":"Polygon","coordinates":[[[121.24388193340451,25.118557342547376],[121.24840264996237,25.119533088081596],[121.25256592108042,25.11313231990067],[121.25809007959356,25.09351579481813],[121.26223798129786,25.090632530566893],[121.26613380662991,25.08292901076527],[121.27325245503687,25.078213733976668],[121.270313433718,25.07349447139279],[121.26552600971763,25.073263334835076],[121.25937949336901,25.063760844487433],[121.25451882768186,25.060803302530417],[121.24974148867886,25.061250708053763],[121.25107146277787,25.057285650212634],[121.24545182234374,25.05531288478187],[121.24766592354365,25.04723943245392],[121.23676557107433,25.042598807489014],[121.23762205301534,25.039205177976612],[121.23433082570705,25.036230286298746],[121.23476615153675,25.032309659463237],[121.232168907669,25.031156392253763],[121.24760141067668,25.01067252861435],[121.22925669783842,25.00732876740875],[121.22672676642719,25.00314740822637],[121.22314602486927,25.007240269622798],[121.22532242379089,25.02047815434338],[121.22137116244926,25.0173644846833],[121.21509787047046,25.019733304348563],[121.2117058048791,25.014187785138233],[121.20957638474238,25.014253408667912],[121.21421299603298,25.009466866902414],[121.21422908580371,25.00343335486548],[121.21122919836887,25.000964530588647],[121.20858337852019,25.008570627732354],[121.2100127474904,25.01135414008155],[121.20785259931802,25.012657559898514],[121.20894482144638,25.01729023395717],[121.20620642808422,25.0165651627521],[121.20780037658619,25.023776845125326],[121.20091541251634,25.026292736320784],[121.19828790286454,25.023676210988413],[121.19501497226327,25.026378508261587],[121.19377906545162,25.018108470429638],[121.19037894912924,25.018740296327678],[121.18780884770024,25.0157577298354],[121.18274057801534,25.02848426813449],[121.18012388361035,25.022496259095135],[121.17593969875816,25.02748178035995],[121.16222106884732,25.026488185081746],[121.1582981406467,25.029949510161828],[121.1675465590265,25.044038241671558],[121.1619363066153,25.0464430063397],[121.16173342225966,25.05164270654575],[121.15531366399443,25.05844987026535],[121.15521980984636,25.06608049551852],[121.15745751555198,25.067969971137302],[121.1520417190502,25.07534656489213],[121.15522419583999,25.07722012071207],[121.15506056958964,25.083726620387267],[121.21284499410126,25.110580044833227],[121.23961719627664,25.11565271849821],[121.23976744241361,25.123177263320088],[121.24388193340451,25.118557342547376]]]}},{"type":"Feature","properties":{"district":"Guishan District, Taoyuan City","constituency_code":"TW-68000070","township_code":"68000070","county":"Taoyuan City","township_name_zh":"龜山區"},"geometry":{"type":"Polygon","coordinates":[[[121.38013703399702,25.065144975760063],[121.39111468499482,25.06148156582168],[121.38768404388361,25.059717993490665],[121.38973717453109,25.059056096961342],[121.3886386139809,25.0568769533088],[121.38559777231944,25.058111127126892],[121.38745131102928,25.054981748109242],[121.38443981514547,25.05256162841647],[121.39275138906544,25.055053862945442],[121.39104028588054,25.05358276273438],[121.40070422162262,25.051385984275782],[121.39975533793859,25.049363414390086],[121.39758876321093,25.050530969129],[121.39852956828497,25.048472687164804],[121.3940205501084,25.050340513404024],[121.39441363568085,25.047501470616453],[121.40309909824487,25.045600319099492],[121.398297556687,25.044106484027054],[121.40015400560299,25.043027838064347],[121.39067248474748,25.04194493740897],[121.40107365232723,25.037728132347468],[121.39826994660086,25.03009625613737],[121.41217403020744,25.019341717046643],[121.39242941018915,25.015404802589615],[121.39118698599066,25.012027714307635],[121.3995180158438,25.006970405559798],[121.40315949041826,24.999202545561104],[121.39684258671605,24.99730153613706],[121.39402374989618,24.993423761097745],[121.39049583451526,24.993315697661387],[121.38803606910938,24.99639589185699],[121.38418473503759,24.995714584360655],[121.38341138282908,24.988606830340984],[121.38546006812771,24.986044493658483],[121.36904040539048,24.97679917524181],[121.36390571447726,24.979587062792746],[121.35409624324711,24.977799377839062],[121.35234920764992,24.98084876306001],[121.34714715481743,24.978842924161654],[121.34268219532714,24.982317284914814],[121.33382895704085,24.978688756081283],[121.32980117238628,24.97905132855601],[121.32727763515481,24.98234750843085],[121.32555651262305,24.981299109366432],[121.3213042427966,24.987111691251584],[121.321410552555,24.990839754351214],[121.32356957117884,24.995331519034437],[121.32892480193811,24.99800984487848],[121.33223060635748,25.00487962209695],[121.33003306797173,25.01659055241214],[121.32491655595436,25.018283297736048],[121.3269395817963,25.021892806807614],[121.32474113419607,25.026330228157576],[121.31712656094214,25.026574776304926],[121.30969430724656,25.031627841151987],[121.30371532020592,25.030579876460195],[121.29360001742691,25.049837964150754],[121.30283923304421,25.04733547465247],[121.30828920917975,25.051096950264082],[121.31601944873864,25.05111634504334],[121.32930909214099,25.06078134648203],[121.34355181816193,25.06549602522142],[121.38013703399702,25.065144975760063]]]}},{"type":"Feature","properties":{"district":"Bade District, Taoyuan City","constituency_code":"TW-68000080","township_code":"68000080","county":"Taoyuan City","township_name_zh":"八德區"},"geometry":{"type":"Polygon","coordinates":[[[121.25763762887357,24.92924148490664],[121.26317844912614,24.937355331183653],[121.26678725582724,24.949746539271416],[121.26358697695753,24.97317930058432],[121.27955658926521,24.98565363300878],[121.2832045281665,24.986170515656795],[121.28116400601414,24.974837753859276],[121.28416822098666,24.970118893272343],[121.28729382554968,24.970604215112473],[121.29134338818687,24.961921049416958],[121.2954176794824,24.961556209751336],[121.29368268490805,24.967613687821483],[121.29500706972055,24.973264044600057],[121.30068998375577,24.978989575708397],[121.30360401471353,24.97821079159479],[121.3023042101712,24.974646425791946],[121.30520910041969,24.9729768083331],[121.30933137953957,24.97549595057768],[121.31181452911733,24.971941401774302],[121.31833856916967,24.97064133373061],[121.31882479302988,24.972564941319035],[121.32046140177238,24.970061457170573],[121.3282485000683,24.97278455666202],[121.32693417777011,24.966589325836765],[121.32980553229959,24.966892904583915],[121.32805048644082,24.965451814749485],[121.32799512057841,24.94918767537098],[121.33156378424133,24.9454709500244],[121.3161791557435,24.938781516553775],[121.29989263763514,24.924998839624777],[121.27793173016528,24.920097245791283],[121.27615033686857,24.92795722964246],[121.27349204702045,24.927430602840104],[121.27358577526343,24.929482227123117],[121.26294624327454,24.91756435830854],[121.25661362571827,24.916017658388284],[121.25308800630648,24.908879797764484],[121.25572229324928,24.916437621099362],[121.25181642069128,24.921653432659866],[121.25763762887357,24.92924148490664]]]}},{"type":"Feature","properties":{"district":"Longtan District, Taoyuan City","constituency_code":"TW-68000090","township_code":"68000090","county":"Taoyuan City","township_name_zh":"龍潭區"},"geometry":{"type":"Polygon","coordinates":[[[121.19256978396845,24.894099888698975],[121.19532986178376,24.88785337853062],[121.20317672632495,24.889174332429548],[121.20762905663571,24.893458570456687],[121.21272592835896,24.891136516437143],[121.21955498157718,24.893739304625285],[121.22144502736614,24.888502803261815],[121.22260061033,24.891985150894072],[121.22630708340523,24.8915238715295],[121.22879485729686,24.89385627674585],[121.23111881248326,24.88830713416695],[121.23495098200226,24.885883957678573],[121.24161256706634,24.89015938504764],[121.24669081203137,24.886278109846955],[121.2442722715482,24.872471163813202],[121.25049079481437,24.886757637355117],[121.24574644834001,24.859964132938444],[121.2479582796509,24.858360938506564],[121.2587945077604,24.864699707425586],[121.26134106583754,24.858941882561908],[121.26429967528986,24.85898202470071],[121.26774094818632,24.84902783636562],[121.25542121371814,24.831433987288733],[121.2532598892326,24.8240023424342],[121.24392676730656,24.814129860204957],[121.2408979226011,24.8058694990782],[121.22160614181007,24.799378063946563],[121.21958826098955,24.811788897939323],[121.21489637107072,24.811970824493983],[121.20805095109063,24.80715569777726],[121.2046692025217,24.807247796448678],[121.20290499886664,24.810306271117554],[121.20586377109623,24.81265002577811],[121.20331351410744,24.817313529495834],[121.20080229938662,24.817814257621933],[121.19877620685656,24.814960083740914],[121.1859096701952,24.823821774755174],[121.1736629552812,24.827708223755565],[121.17618571100184,24.832132704760568],[121.16011025838179,24.837362967526985],[121.1544161585789,24.844059487655272],[121.14997046166752,24.844362026786143],[121.15705855560793,24.852433577947295],[121.15650770826414,24.85590765631332],[121.16138416784509,24.859468713510353],[121.15621118020192,24.8744350583313],[121.17550094291425,24.87207468509871],[121.17472328475185,24.881385356349142],[121.17838904911537,24.888577536923833],[121.18253518095389,24.890229461120782],[121.1875901514644,24.888892510081348],[121.19256978396845,24.894099888698975]]]}},{"type":"Feature","properties":{"district":"Pingzhen District, Taoyuan City","constituency_code":"TW-68000100","township_code":"68000100","county":"Taoyuan City","township_name_zh":"平鎮區"},"geometry":{"type":"Polygon","coordinates":[[[121.19051833595256,24.971224877726],[121.18997095549526,24.960506351986623],[121.1939237933484,24.957490325318304],[121.20822830009604,24.957370401622768],[121.21948615196436,24.952204256920993],[121.22075328503615,24.953886727490556],[121.223449524476,24.947603978241034],[121.22250051938352,24.943918591569798],[121.22912462250338,24.931489191972673],[121.23574130351835,24.930127586019353],[121.24286609249623,24.925068564962373],[121.25822594287308,24.930575067085726],[121.25181642069128,24.921653432659866],[121.2557269796165,24.915822202432764],[121.24771909685887,24.877340310107286],[121.24445858589513,24.872487842639885],[121.24669081203137,24.886278109846955],[121.24161256706634,24.89015938504764],[121.23496235303026,24.88588394059144],[121.23111881248326,24.88830713416695],[121.22879485729686,24.89385627674585],[121.22630708340523,24.8915238715295],[121.22260061033,24.891985150894072],[121.22144502736614,24.888502803261815],[121.21955498157718,24.893739304625285],[121.21272592835896,24.891136516437143],[121.20760346282964,24.893452774326136],[121.20407056160718,24.889581711826565],[121.19532986178376,24.88785337853062],[121.19254721907896,24.8941174236802],[121.18771600798743,24.888946948742728],[121.18467679140088,24.889937650002594],[121.18369952061641,24.893570339099938],[121.18884698370141,24.909862418615774],[121.18724984350558,24.922838004370476],[121.18877253422511,24.9286265725583],[121.18470665608731,24.941295851922064],[121.17824533025782,24.9500936928697],[121.17697473929286,24.95915132277537],[121.17890594615255,24.96955970381731],[121.18405339934498,24.967724267560925],[121.19051833595256,24.971224877726]]]}},{"type":"Feature","properties":{"district":"Xinwu District, Taoyuan City","constituency_code":"TW-68000110","township_code":"68000110","county":"Taoyuan City","township_name_zh":"新屋區"},"geometry":{"type":"Polygon","coordinates":[[[121.03646392626922,25.017578462176346],[121.04205841356497,25.0156144534443],[121.04477784292317,25.017486417464227],[121.04777083885324,25.014593866813527],[121.05115502548415,25.015779157082477],[121.06129681599532,25.011307207161906],[121.06847549954477,25.001574913051854],[121.07343350785015,25.003440330007265],[121.07229368010928,25.005890832396062],[121.0786952253045,25.007107146577596],[121.08709160439412,25.00092735980985],[121.09043649424882,25.003358797470582],[121.09309679677983,25.00243990977407],[121.09962624805291,24.996297638225485],[121.10482243640638,24.99671090728259],[121.1070996277457,24.989917305339418],[121.11140665279481,24.986669955054424],[121.11682084130882,24.99348230606364],[121.1286340785,24.99799519132506],[121.13105695641343,24.993767815632225],[121.12834077720515,24.992053676336127],[121.12860539822066,24.985983069063423],[121.13651415950096,24.972013962674282],[121.14527942250743,24.96892724749455],[121.14791925826717,24.964615671875833],[121.16139517015108,24.96182399278308],[121.16578683129728,24.957771742072282],[121.15572201375994,24.95515073361952],[121.14768563778205,24.94655396399429],[121.1274924314306,24.953436306540368],[121.12528068915253,24.952129393756593],[121.12630993355663,24.94896696555304],[121.1170779871594,24.950315656342525],[121.11236667728042,24.945109482816406],[121.10693515972991,24.945884066196754],[121.09951565302504,24.95428733049596],[121.08967553469824,24.9563591346664],[121.08557239405081,24.953445586644534],[121.08677149520838,24.94823804435032],[121.07683457745384,24.949768370314075],[121.07104417914559,24.945844494228083],[121.07069600032025,24.939128391362203],[121.06220667359912,24.93912972505683],[121.05544810204833,24.93624021411466],[121.04838294531669,24.939591162702072],[121.04629212228372,24.94354767158785],[121.04055220651912,24.943271264057614],[121.038014227075,24.946386615449967],[121.0288463420851,24.945150743711906],[121.02579829235742,24.940481641714427],[121.01936918384081,24.940416341940704],[121.00706997819702,24.94621410030055],[121.00292948240974,24.94001292945319],[120.99419993867627,24.93913712198065],[120.99241219256874,24.93502482623478],[120.98203303319804,24.939973868299433],[120.9864645379082,24.94827368897961],[120.99842680265488,24.958573241262116],[121.00989928222612,24.975046721229262],[121.01044297456372,24.987291632103165],[121.01225114787223,24.988758902101722],[121.00937179027596,24.990273299273383],[121.01621880295545,24.995356426657793],[121.01961268517732,25.007449289153442],[121.0266601549423,25.00795303900162],[121.03646392626922,25.017578462176346]]]}},{"type":"Feature","properties":{"district":"Guanyin District, Taoyuan City","constituency_code":"TW-68000120","township_code":"68000120","county":"Taoyuan City","township_name_zh":"觀音區"},"geometry":{"type":"Polygon","coordinates":[[[121.15509925662548,25.08343604223961],[121.15522419583999,25.07722012071207],[121.1520417190502,25.07534656489213],[121.15745751555198,25.067969971137302],[121.15521980984636,25.06608049551852],[121.15531366399443,25.05844987026535],[121.16173342225966,25.05164270654575],[121.1619363066153,25.0464430063397],[121.1675465590265,25.044038241671558],[121.1582981406467,25.029949510161828],[121.16216504198314,25.028205010652755],[121.16118297241633,25.01418249622526],[121.16855453536357,24.992131378660247],[121.16101263002895,24.97412828589171],[121.15048005351173,24.9642832923401],[121.14749355248557,24.964866773382937],[121.14527942250743,24.96892724749455],[121.13676144608394,24.971798878115806],[121.13159348655017,24.97911821023729],[121.12828091653114,24.990868133357708],[121.13105695641343,24.993767815632225],[121.12811543048281,24.998178507332284],[121.11682084130882,24.99348230606364],[121.11140665279481,24.986669955054424],[121.1070996277457,24.989917305339418],[121.10482243640638,24.99671090728259],[121.09962624805291,24.996297638225485],[121.09309679677983,25.00243990977407],[121.09043649424882,25.003358797470582],[121.08709160439412,25.00092735980985],[121.0786952253045,25.007107146577596],[121.07229368010928,25.005890832396062],[121.07343350785015,25.003440330007265],[121.06847549954477,25.001574913051854],[121.06136386405115,25.011268717977032],[121.05115502548415,25.015779157082477],[121.04777083885324,25.014593866813527],[121.04477784292317,25.017486417464227],[121.04205841356497,25.0156144534443],[121.03515114001311,25.01736797405283],[121.0266601549423,25.00795303900162],[121.01961268517732,25.007449289153442],[121.02893164008321,25.020942403269373],[121.05606195229734,25.046168977516345],[121.07210019546767,25.049871022329853],[121.08665009392678,25.056441679639875],[121.09001590291166,25.062991764958042],[121.09394827039637,25.06284425365942],[121.10926258809798,25.071209064746597],[121.15509925662548,25.08343604223961]]]}},{"type":"Feature","properties":{"district":"Fuxing District, Taoyuan City","constituency_code":"TW-68000130","township_code":"68000130","county":"Taoyuan City","township_name_zh":"復興區"},"geometry":{"type":"Polygon","coordinates":[[[121.45038523379162,24.79091732307603],[121.44610936485537,24.781853691095023],[121.42623259036179,24.767826047833864],[121.4233042664788,24.762016764662008],[121.42848742365572,24.75345426190472],[121.42868504967532,24.748064963027673],[121.43535157831275,24.733310755686887],[121.43420593915278,24.730130410290258],[121.44096237211579,24.726082905301894],[121.45022470840365,24.705675268199116],[121.4625501499695,24.701636936295642],[121.4694963533741,24.696150542113855],[121.47423559169931,24.69610209293728],[121.47394534809939,24.68533323663962],[121.47999616129391,24.673849091962097],[121.46920665925995,24.67183148543478],[121.45964064170232,24.673233806395103],[121.45374553802617,24.66422539098903],[121.44959346526628,24.6622221106619],[121.44761308617501,24.65617149531829],[121.45133869232689,24.65091801655325],[121.44507749353158,24.643177327771525],[121.44502103589218,24.63729519141998],[121.44054785569904,24.635095603479385],[121.43608563104715,24.627402040971447],[121.43566105481386,24.621326334542744],[121.42758629307298,24.605701759728504],[121.41828741733048,24.60103413531715],[121.41278153753797,24.603649978963404],[121.4030463844831,24.59170700827184],[121.38720830791715,24.58656209386561],[121.37278325874047,24.59374659243133],[121.37182387547159,24.597004221967325],[121.36333131478841,24.60312757088076],[121.36417655790194,24.606764206203195],[121.35881773255232,24.617174286963802],[121.3630619777282,24.620671051627767],[121.3664180371627,24.63179125506241],[121.35781508020182,24.633711889492133],[121.35592816405358,24.641053652504127],[121.35239590494712,24.643540660173358],[121.35351867164945,24.667797710396087],[121.34548129922268,24.6664358993973],[121.34366771289467,24.669394824511585],[121.33920351063352,24.666560222576265],[121.33857699163491,24.679958255868883],[121.32416870042528,24.69497177642637],[121.31718459779097,24.698137316284146],[121.30390402674948,24.692916730222976],[121.29948589226024,24.695566399170048],[121.30761916389338,24.720175405370696],[121.29818343381851,24.733802358392154],[121.30766026560889,24.755170057752025],[121.3010333862818,24.763362020041257],[121.29418993851493,24.76386556124669],[121.29245812394333,24.76772451707285],[121.28555895148452,24.770079538439973],[121.27716686755696,24.77100392279283],[121.27129994593577,24.774818060005543],[121.27060047753002,24.778351314661506],[121.26001266375351,24.781958898284586],[121.25848325959487,24.785872765815554],[121.26117422900757,24.789955797621985],[121.26031362637286,24.79321771512548],[121.24777524243359,24.79667548068892],[121.24744200944122,24.80349234899279],[121.24317566522484,24.808727858403984],[121.25319992063987,24.810670206964517],[121.25640514218367,24.806368884516473],[121.26289301869792,24.805099496844377],[121.2658710211308,24.80757003792695],[121.26490149890515,24.813995337814617],[121.27961030127449,24.816734744712733],[121.28632395438706,24.816172111753588],[121.29942404228575,24.80822851793181],[121.3058340752824,24.80979378435569],[121.31632979308552,24.80344707532231],[121.32200594152107,24.80828712225292],[121.3189936254555,24.818448782385474],[121.32093918999169,24.821925917547105],[121.325077183865,24.820172213476894],[121.32807448215169,24.822453540798335],[121.32754532645572,24.82488652799094],[121.33363017179511,24.827448594876785],[121.33039354502614,24.828083290511472],[121.33321186113858,24.844462584480766],[121.34000851178348,24.843387602356017],[121.34674489256281,24.84588718434611],[121.35482305014375,24.843972331657824],[121.36005887072042,24.838176566195614],[121.37012249215934,24.836224294515603],[121.37361844653412,24.83328089529715],[121.38334670088955,24.836984890740155],[121.38807930311737,24.842409773092584],[121.39704274432722,24.843795907155425],[121.39990279437848,24.84156067188752],[121.40270378145442,24.843572875288032],[121.41560521360975,24.835597596551906],[121.413849642547,24.83195945126772],[121.41691747646041,24.825572064998823],[121.42364545577323,24.825432259990862],[121.42956998436739,24.81527643645842],[121.43656605428009,24.812053071092407],[121.43826661651121,24.79533820499421],[121.44570821506215,24.79013290920642],[121.45038523379162,24.79091732307603]]]}}]}