district,district_url,distribution_url,elected_member,elected_party,enrolment,formal_votes,informal_votes,total_votes,turnout_pct,majority,round_number,row_type,excluded_candidate,excluded_party,candidate,candidate_party,votes,electorate_type,constituency_code,contest_status,result_note
"Songshan District, Taipei City",https://db.cec.gov.tw/ElecTable/Election/ElecTickets?dataType=tickets&typeId=ELC&subjectId=P0&legisId=00&themeId=4d83db17c1707e3defae5dc4d4e9c800&dataLevel=C&prvCode=00&cityCode=000&areaCode=00&deptCode=000&liCode=0000,https://data.gov.tw/dataset/7441,Hou Yu-ih–Jaw Shaw-kong,Kuomintang,157451,117322,744,118066,74.99,3672,0,first,,,Hou Yu-ih–Jaw Shaw-kong,Kuomintang,47452,Taipei City,TW-63000010,official,Official CEC presidential result at township/district level. The map shows the local leader; Taiwan elects one president nationally. Remote uninhabited claimed-island geometry is omitted from the display.
"Songshan District, Taipei City",https://db.cec.gov.tw/ElecTable/Election/ElecTickets?dataType=tickets&typeId=ELC&subjectId=P0&legisId=00&themeId=4d83db17c1707e3defae5dc4d4e9c800&dataLevel=C&prvCode=00&cityCode=000&areaCode=00&deptCode=000&liCode=0000,https://data.gov.tw/dataset/7441,Hou Yu-ih–Jaw Shaw-kong,Kuomintang,157451,117322,744,118066,74.99,3672,0,first,,,Lai Ching-te–Hsiao Bi-khim,Democratic Progressive Party,43780,Taipei City,TW-63000010,official,Official CEC presidential result at township/district level. The map shows the local leader; Taiwan elects one president nationally. Remote uninhabited claimed-island geometry is omitted from the display.
"Songshan District, Taipei City",https://db.cec.gov.tw/ElecTable/Election/ElecTickets?dataType=tickets&typeId=ELC&subjectId=P0&legisId=00&themeId=4d83db17c1707e3defae5dc4d4e9c800&dataLevel=C&prvCode=00&cityCode=000&areaCode=00&deptCode=000&liCode=0000,https://data.gov.tw/dataset/7441,Hou Yu-ih–Jaw Shaw-kong,Kuomintang,157451,117322,744,118066,74.99,3672,0,first,,,Ko Wen-je–Cynthia Wu,Taiwan People's Party,26090,Taipei City,TW-63000010,official,Official CEC presidential result at township/district level. The map shows the local leader; Taiwan elects one president nationally. Remote uninhabited claimed-island geometry is omitted from the display.
"Xinyi District, Taipei City",https://db.cec.gov.tw/ElecTable/Election/ElecTickets?dataType=tickets&typeId=ELC&subjectId=P0&legisId=00&themeId=4d83db17c1707e3defae5dc4d4e9c800&dataLevel=C&prvCode=00&cityCode=000&areaCode=00&deptCode=000&liCode=0000,https://data.gov.tw/dataset/7441,Hou Yu-ih–Jaw Shaw-kong,Kuomintang,176622,129842,896,130738,74.02,6442,0,first,,,Hou Yu-ih–Jaw Shaw-kong,Kuomintang,53076,Taipei City,TW-63000020,official,Official CEC presidential result at township/district level. The map shows the local leader; Taiwan elects one president nationally. Remote uninhabited claimed-island geometry is omitted from the display.
"Xinyi District, Taipei City",https://db.cec.gov.tw/ElecTable/Election/ElecTickets?dataType=tickets&typeId=ELC&subjectId=P0&legisId=00&themeId=4d83db17c1707e3defae5dc4d4e9c800&dataLevel=C&prvCode=00&cityCode=000&areaCode=00&deptCode=000&liCode=0000,https://data.gov.tw/dataset/7441,Hou Yu-ih–Jaw Shaw-kong,Kuomintang,176622,129842,896,130738,74.02,6442,0,first,,,Lai Ching-te–Hsiao Bi-khim,Democratic Progressive Party,46634,Taipei City,TW-63000020,official,Official CEC presidential result at township/district level. The map shows the local leader; Taiwan elects one president nationally. Remote uninhabited claimed-island geometry is omitted from the display.
"Xinyi District, Taipei City",https://db.cec.gov.tw/ElecTable/Election/ElecTickets?dataType=tickets&typeId=ELC&subjectId=P0&legisId=00&themeId=4d83db17c1707e3defae5dc4d4e9c800&dataLevel=C&prvCode=00&cityCode=000&areaCode=00&deptCode=000&liCode=0000,https://data.gov.tw/dataset/7441,Hou Yu-ih–Jaw Shaw-kong,Kuomintang,176622,129842,896,130738,74.02,6442,0,first,,,Ko Wen-je–Cynthia Wu,Taiwan People's Party,30132,Taipei City,TW-63000020,official,Official CEC presidential result at township/district level. The map shows the local leader; Taiwan elects one president nationally. Remote uninhabited claimed-island geometry is omitted from the display.
"Da'an District, Taipei City",https://db.cec.gov.tw/ElecTable/Election/ElecTickets?dataType=tickets&typeId=ELC&subjectId=P0&legisId=00&themeId=4d83db17c1707e3defae5dc4d4e9c800&dataLevel=C&prvCode=00&cityCode=000&areaCode=00&deptCode=000&liCode=0000,https://data.gov.tw/dataset/7441,Hou Yu-ih–Jaw Shaw-kong,Kuomintang,235194,171244,1171,172415,73.31,10573,0,first,,,Hou Yu-ih–Jaw Shaw-kong,Kuomintang,72954,Taipei City,TW-63000030,official,Official CEC presidential result at township/district level. The map shows the local leader; Taiwan elects one president nationally. Remote uninhabited claimed-island geometry is omitted from the display.
"Da'an District, Taipei City",https://db.cec.gov.tw/ElecTable/Election/ElecTickets?dataType=tickets&typeId=ELC&subjectId=P0&legisId=00&themeId=4d83db17c1707e3defae5dc4d4e9c800&dataLevel=C&prvCode=00&cityCode=000&areaCode=00&deptCode=000&liCode=0000,https://data.gov.tw/dataset/7441,Hou Yu-ih–Jaw Shaw-kong,Kuomintang,235194,171244,1171,172415,73.31,10573,0,first,,,Lai Ching-te–Hsiao Bi-khim,Democratic Progressive Party,62381,Taipei City,TW-63000030,official,Official CEC presidential result at township/district level. The map shows the local leader; Taiwan elects one president nationally. Remote uninhabited claimed-island geometry is omitted from the display.
"Da'an District, Taipei City",https://db.cec.gov.tw/ElecTable/Election/ElecTickets?dataType=tickets&typeId=ELC&subjectId=P0&legisId=00&themeId=4d83db17c1707e3defae5dc4d4e9c800&dataLevel=C&prvCode=00&cityCode=000&areaCode=00&deptCode=000&liCode=0000,https://data.gov.tw/dataset/7441,Hou Yu-ih–Jaw Shaw-kong,Kuomintang,235194,171244,1171,172415,73.31,10573,0,first,,,Ko Wen-je–Cynthia Wu,Taiwan People's Party,35909,Taipei City,TW-63000030,official,Official CEC presidential result at township/district level. The map shows the local leader; Taiwan elects one president nationally. Remote uninhabited claimed-island geometry is omitted from the display.
"Zhongshan District, Taipei City",https://db.cec.gov.tw/ElecTable/Election/ElecTickets?dataType=tickets&typeId=ELC&subjectId=P0&legisId=00&themeId=4d83db17c1707e3defae5dc4d4e9c800&dataLevel=C&prvCode=00&cityCode=000&areaCode=00&deptCode=000&liCode=0000,https://data.gov.tw/dataset/7441,Lai Ching-te–Hsiao Bi-khim,Democratic Progressive Party,183218,133254,840,134094,73.19,5869,0,first,,,Lai Ching-te–Hsiao Bi-khim,Democratic Progressive Party,54448,Taipei City,TW-63000040,official,Official CEC presidential result at township/district level. The map shows the local leader; Taiwan elects one president nationally. Remote uninhabited claimed-island geometry is omitted from the display.
"Zhongshan District, Taipei City",https://db.cec.gov.tw/ElecTable/Election/ElecTickets?dataType=tickets&typeId=ELC&subjectId=P0&legisId=00&themeId=4d83db17c1707e3defae5dc4d4e9c800&dataLevel=C&prvCode=00&cityCode=000&areaCode=00&deptCode=000&liCode=0000,https://data.gov.tw/dataset/7441,Lai Ching-te–Hsiao Bi-khim,Democratic Progressive Party,183218,133254,840,134094,73.19,5869,0,first,,,Hou Yu-ih–Jaw Shaw-kong,Kuomintang,48579,Taipei City,TW-63000040,official,Official CEC presidential result at township/district level. The map shows the local leader; Taiwan elects one president nationally. Remote uninhabited claimed-island geometry is omitted from the display.
"Zhongshan District, Taipei City",https://db.cec.gov.tw/ElecTable/Election/ElecTickets?dataType=tickets&typeId=ELC&subjectId=P0&legisId=00&themeId=4d83db17c1707e3defae5dc4d4e9c800&dataLevel=C&prvCode=00&cityCode=000&areaCode=00&deptCode=000&liCode=0000,https://data.gov.tw/dataset/7441,Lai Ching-te–Hsiao Bi-khim,Democratic Progressive Party,183218,133254,840,134094,73.19,5869,0,first,,,Ko Wen-je–Cynthia Wu,Taiwan People's Party,30227,Taipei City,TW-63000040,official,Official CEC presidential result at township/district level. The map shows the local leader; Taiwan elects one president nationally. Remote uninhabited claimed-island geometry is omitted from the display.
"Zhongzheng District, Taipei City",https://db.cec.gov.tw/ElecTable/Election/ElecTickets?dataType=tickets&typeId=ELC&subjectId=P0&legisId=00&themeId=4d83db17c1707e3defae5dc4d4e9c800&dataLevel=C&prvCode=00&cityCode=000&areaCode=00&deptCode=000&liCode=0000,https://data.gov.tw/dataset/7441,Hou Yu-ih–Jaw Shaw-kong,Kuomintang,119777,88207,605,88812,74.15,2537,0,first,,,Hou Yu-ih–Jaw Shaw-kong,Kuomintang,34733,Taipei City,TW-63000050,official,Official CEC presidential result at township/district level. The map shows the local leader; Taiwan elects one president nationally. Remote uninhabited claimed-island geometry is omitted from the display.
"Zhongzheng District, Taipei City",https://db.cec.gov.tw/ElecTable/Election/ElecTickets?dataType=tickets&typeId=ELC&subjectId=P0&legisId=00&themeId=4d83db17c1707e3defae5dc4d4e9c800&dataLevel=C&prvCode=00&cityCode=000&areaCode=00&deptCode=000&liCode=0000,https://data.gov.tw/dataset/7441,Hou Yu-ih–Jaw Shaw-kong,Kuomintang,119777,88207,605,88812,74.15,2537,0,first,,,Lai Ching-te–Hsiao Bi-khim,Democratic Progressive Party,32196,Taipei City,TW-63000050,official,Official CEC presidential result at township/district level. The map shows the local leader; Taiwan elects one president nationally. Remote uninhabited claimed-island geometry is omitted from the display.
"Zhongzheng District, Taipei City",https://db.cec.gov.tw/ElecTable/Election/ElecTickets?dataType=tickets&typeId=ELC&subjectId=P0&legisId=00&themeId=4d83db17c1707e3defae5dc4d4e9c800&dataLevel=C&prvCode=00&cityCode=000&areaCode=00&deptCode=000&liCode=0000,https://data.gov.tw/dataset/7441,Hou Yu-ih–Jaw Shaw-kong,Kuomintang,119777,88207,605,88812,74.15,2537,0,first,,,Ko Wen-je–Cynthia Wu,Taiwan People's Party,21278,Taipei City,TW-63000050,official,Official CEC presidential result at township/district level. The map shows the local leader; Taiwan elects one president nationally. Remote uninhabited claimed-island geometry is omitted from the display.
"Datong District, Taipei City",https://db.cec.gov.tw/ElecTable/Election/ElecTickets?dataType=tickets&typeId=ELC&subjectId=P0&legisId=00&themeId=4d83db17c1707e3defae5dc4d4e9c800&dataLevel=C&prvCode=00&cityCode=000&areaCode=00&deptCode=000&liCode=0000,https://data.gov.tw/dataset/7441,Lai Ching-te–Hsiao Bi-khim,Democratic Progressive Party,100585,74106,478,74584,74.15,12919,0,first,,,Lai Ching-te–Hsiao Bi-khim,Democratic Progressive Party,34270,Taipei City,TW-63000060,official,Official CEC presidential result at township/district level. The map shows the local leader; Taiwan elects one president nationally. Remote uninhabited claimed-island geometry is omitted from the display.
"Datong District, Taipei City",https://db.cec.gov.tw/ElecTable/Election/ElecTickets?dataType=tickets&typeId=ELC&subjectId=P0&legisId=00&themeId=4d83db17c1707e3defae5dc4d4e9c800&dataLevel=C&prvCode=00&cityCode=000&areaCode=00&deptCode=000&liCode=0000,https://data.gov.tw/dataset/7441,Lai Ching-te–Hsiao Bi-khim,Democratic Progressive Party,100585,74106,478,74584,74.15,12919,0,first,,,Hou Yu-ih–Jaw Shaw-kong,Kuomintang,21351,Taipei City,TW-63000060,official,Official CEC presidential result at township/district level. The map shows the local leader; Taiwan elects one president nationally. Remote uninhabited claimed-island geometry is omitted from the display.
"Datong District, Taipei City",https://db.cec.gov.tw/ElecTable/Election/ElecTickets?dataType=tickets&typeId=ELC&subjectId=P0&legisId=00&themeId=4d83db17c1707e3defae5dc4d4e9c800&dataLevel=C&prvCode=00&cityCode=000&areaCode=00&deptCode=000&liCode=0000,https://data.gov.tw/dataset/7441,Lai Ching-te–Hsiao Bi-khim,Democratic Progressive Party,100585,74106,478,74584,74.15,12919,0,first,,,Ko Wen-je–Cynthia Wu,Taiwan People's Party,18485,Taipei City,TW-63000060,official,Official CEC presidential result at township/district level. The map shows the local leader; Taiwan elects one president nationally. Remote uninhabited claimed-island geometry is omitted from the display.
"Wanhua District, Taipei City",https://db.cec.gov.tw/ElecTable/Election/ElecTickets?dataType=tickets&typeId=ELC&subjectId=P0&legisId=00&themeId=4d83db17c1707e3defae5dc4d4e9c800&dataLevel=C&prvCode=00&cityCode=000&areaCode=00&deptCode=000&liCode=0000,https://data.gov.tw/dataset/7441,Lai Ching-te–Hsiao Bi-khim,Democratic Progressive Party,151758,109771,871,110642,72.91,4464,0,first,,,Lai Ching-te–Hsiao Bi-khim,Democratic Progressive Party,43369,Taipei City,TW-63000070,official,Official CEC presidential result at township/district level. The map shows the local leader; Taiwan elects one president nationally. Remote uninhabited claimed-island geometry is omitted from the display.
"Wanhua District, Taipei City",https://db.cec.gov.tw/ElecTable/Election/ElecTickets?dataType=tickets&typeId=ELC&subjectId=P0&legisId=00&themeId=4d83db17c1707e3defae5dc4d4e9c800&dataLevel=C&prvCode=00&cityCode=000&areaCode=00&deptCode=000&liCode=0000,https://data.gov.tw/dataset/7441,Lai Ching-te–Hsiao Bi-khim,Democratic Progressive Party,151758,109771,871,110642,72.91,4464,0,first,,,Hou Yu-ih–Jaw Shaw-kong,Kuomintang,38905,Taipei City,TW-63000070,official,Official CEC presidential result at township/district level. The map shows the local leader; Taiwan elects one president nationally. Remote uninhabited claimed-island geometry is omitted from the display.
"Wanhua District, Taipei City",https://db.cec.gov.tw/ElecTable/Election/ElecTickets?dataType=tickets&typeId=ELC&subjectId=P0&legisId=00&themeId=4d83db17c1707e3defae5dc4d4e9c800&dataLevel=C&prvCode=00&cityCode=000&areaCode=00&deptCode=000&liCode=0000,https://data.gov.tw/dataset/7441,Lai Ching-te–Hsiao Bi-khim,Democratic Progressive Party,151758,109771,871,110642,72.91,4464,0,first,,,Ko Wen-je–Cynthia Wu,Taiwan People's Party,27497,Taipei City,TW-63000070,official,Official CEC presidential result at township/district level. The map shows the local leader; Taiwan elects one president nationally. Remote uninhabited claimed-island geometry is omitted from the display.
"Wenshan District, Taipei City",https://db.cec.gov.tw/ElecTable/Election/ElecTickets?dataType=tickets&typeId=ELC&subjectId=P0&legisId=00&themeId=4d83db17c1707e3defae5dc4d4e9c800&dataLevel=C&prvCode=00&cityCode=000&areaCode=00&deptCode=000&liCode=0000,https://data.gov.tw/dataset/7441,Hou Yu-ih–Jaw Shaw-kong,Kuomintang,216272,161064,1103,162167,74.98,20499,0,first,,,Hou Yu-ih–Jaw Shaw-kong,Kuomintang,70844,Taipei City,TW-63000080,official,Official CEC presidential result at township/district level. The map shows the local leader; Taiwan elects one president nationally. Remote uninhabited claimed-island geometry is omitted from the display.
"Wenshan District, Taipei City",https://db.cec.gov.tw/ElecTable/Election/ElecTickets?dataType=tickets&typeId=ELC&subjectId=P0&legisId=00&themeId=4d83db17c1707e3defae5dc4d4e9c800&dataLevel=C&prvCode=00&cityCode=000&areaCode=00&deptCode=000&liCode=0000,https://data.gov.tw/dataset/7441,Hou Yu-ih–Jaw Shaw-kong,Kuomintang,216272,161064,1103,162167,74.98,20499,0,first,,,Lai Ching-te–Hsiao Bi-khim,Democratic Progressive Party,50345,Taipei City,TW-63000080,official,Official CEC presidential result at township/district level. The map shows the local leader; Taiwan elects one president nationally. Remote uninhabited claimed-island geometry is omitted from the display.
"Wenshan District, Taipei City",https://db.cec.gov.tw/ElecTable/Election/ElecTickets?dataType=tickets&typeId=ELC&subjectId=P0&legisId=00&themeId=4d83db17c1707e3defae5dc4d4e9c800&dataLevel=C&prvCode=00&cityCode=000&areaCode=00&deptCode=000&liCode=0000,https://data.gov.tw/dataset/7441,Hou Yu-ih–Jaw Shaw-kong,Kuomintang,216272,161064,1103,162167,74.98,20499,0,first,,,Ko Wen-je–Cynthia Wu,Taiwan People's Party,39875,Taipei City,TW-63000080,official,Official CEC presidential result at township/district level. The map shows the local leader; Taiwan elects one president nationally. Remote uninhabited claimed-island geometry is omitted from the display.
"Nangang District, Taipei City",https://db.cec.gov.tw/ElecTable/Election/ElecTickets?dataType=tickets&typeId=ELC&subjectId=P0&legisId=00&themeId=4d83db17c1707e3defae5dc4d4e9c800&dataLevel=C&prvCode=00&cityCode=000&areaCode=00&deptCode=000&liCode=0000,https://data.gov.tw/dataset/7441,Hou Yu-ih–Jaw Shaw-kong,Kuomintang,96085,71653,506,72159,75.1,412,0,first,,,Hou Yu-ih–Jaw Shaw-kong,Kuomintang,26529,Taipei City,TW-63000090,official,Official CEC presidential result at township/district level. The map shows the local leader; Taiwan elects one president nationally. Remote uninhabited claimed-island geometry is omitted from the display.
"Nangang District, Taipei City",https://db.cec.gov.tw/ElecTable/Election/ElecTickets?dataType=tickets&typeId=ELC&subjectId=P0&legisId=00&themeId=4d83db17c1707e3defae5dc4d4e9c800&dataLevel=C&prvCode=00&cityCode=000&areaCode=00&deptCode=000&liCode=0000,https://data.gov.tw/dataset/7441,Hou Yu-ih–Jaw Shaw-kong,Kuomintang,96085,71653,506,72159,75.1,412,0,first,,,Lai Ching-te–Hsiao Bi-khim,Democratic Progressive Party,26117,Taipei City,TW-63000090,official,Official CEC presidential result at township/district level. The map shows the local leader; Taiwan elects one president nationally. Remote uninhabited claimed-island geometry is omitted from the display.
"Nangang District, Taipei City",https://db.cec.gov.tw/ElecTable/Election/ElecTickets?dataType=tickets&typeId=ELC&subjectId=P0&legisId=00&themeId=4d83db17c1707e3defae5dc4d4e9c800&dataLevel=C&prvCode=00&cityCode=000&areaCode=00&deptCode=000&liCode=0000,https://data.gov.tw/dataset/7441,Hou Yu-ih–Jaw Shaw-kong,Kuomintang,96085,71653,506,72159,75.1,412,0,first,,,Ko Wen-je–Cynthia Wu,Taiwan People's Party,19007,Taipei City,TW-63000090,official,Official CEC presidential result at township/district level. The map shows the local leader; Taiwan elects one president nationally. Remote uninhabited claimed-island geometry is omitted from the display.
"Neihu District, Taipei City",https://db.cec.gov.tw/ElecTable/Election/ElecTickets?dataType=tickets&typeId=ELC&subjectId=P0&legisId=00&themeId=4d83db17c1707e3defae5dc4d4e9c800&dataLevel=C&prvCode=00&cityCode=000&areaCode=00&deptCode=000&liCode=0000,https://data.gov.tw/dataset/7441,Hou Yu-ih–Jaw Shaw-kong,Kuomintang,226473,170717,1089,171806,75.86,3442,0,first,,,Hou Yu-ih–Jaw Shaw-kong,Kuomintang,64781,Taipei City,TW-63000100,official,Official CEC presidential result at township/district level. The map shows the local leader; Taiwan elects one president nationally. Remote uninhabited claimed-island geometry is omitted from the display.
"Neihu District, Taipei City",https://db.cec.gov.tw/ElecTable/Election/ElecTickets?dataType=tickets&typeId=ELC&subjectId=P0&legisId=00&themeId=4d83db17c1707e3defae5dc4d4e9c800&dataLevel=C&prvCode=00&cityCode=000&areaCode=00&deptCode=000&liCode=0000,https://data.gov.tw/dataset/7441,Hou Yu-ih–Jaw Shaw-kong,Kuomintang,226473,170717,1089,171806,75.86,3442,0,first,,,Lai Ching-te–Hsiao Bi-khim,Democratic Progressive Party,61339,Taipei City,TW-63000100,official,Official CEC presidential result at township/district level. The map shows the local leader; Taiwan elects one president nationally. Remote uninhabited claimed-island geometry is omitted from the display.
"Neihu District, Taipei City",https://db.cec.gov.tw/ElecTable/Election/ElecTickets?dataType=tickets&typeId=ELC&subjectId=P0&legisId=00&themeId=4d83db17c1707e3defae5dc4d4e9c800&dataLevel=C&prvCode=00&cityCode=000&areaCode=00&deptCode=000&liCode=0000,https://data.gov.tw/dataset/7441,Hou Yu-ih–Jaw Shaw-kong,Kuomintang,226473,170717,1089,171806,75.86,3442,0,first,,,Ko Wen-je–Cynthia Wu,Taiwan People's Party,44597,Taipei City,TW-63000100,official,Official CEC presidential result at township/district level. The map shows the local leader; Taiwan elects one president nationally. Remote uninhabited claimed-island geometry is omitted from the display.
"Shilin District, Taipei City",https://db.cec.gov.tw/ElecTable/Election/ElecTickets?dataType=tickets&typeId=ELC&subjectId=P0&legisId=00&themeId=4d83db17c1707e3defae5dc4d4e9c800&dataLevel=C&prvCode=00&cityCode=000&areaCode=00&deptCode=000&liCode=0000,https://data.gov.tw/dataset/7441,Lai Ching-te–Hsiao Bi-khim,Democratic Progressive Party,224797,166048,1187,167235,74.39,15472,0,first,,,Lai Ching-te–Hsiao Bi-khim,Democratic Progressive Party,71869,Taipei City,TW-63000110,official,Official CEC presidential result at township/district level. The map shows the local leader; Taiwan elects one president nationally. Remote uninhabited claimed-island geometry is omitted from the display.
"Shilin District, Taipei City",https://db.cec.gov.tw/ElecTable/Election/ElecTickets?dataType=tickets&typeId=ELC&subjectId=P0&legisId=00&themeId=4d83db17c1707e3defae5dc4d4e9c800&dataLevel=C&prvCode=00&cityCode=000&areaCode=00&deptCode=000&liCode=0000,https://data.gov.tw/dataset/7441,Lai Ching-te–Hsiao Bi-khim,Democratic Progressive Party,224797,166048,1187,167235,74.39,15472,0,first,,,Hou Yu-ih–Jaw Shaw-kong,Kuomintang,56397,Taipei City,TW-63000110,official,Official CEC presidential result at township/district level. The map shows the local leader; Taiwan elects one president nationally. Remote uninhabited claimed-island geometry is omitted from the display.
"Shilin District, Taipei City",https://db.cec.gov.tw/ElecTable/Election/ElecTickets?dataType=tickets&typeId=ELC&subjectId=P0&legisId=00&themeId=4d83db17c1707e3defae5dc4d4e9c800&dataLevel=C&prvCode=00&cityCode=000&areaCode=00&deptCode=000&liCode=0000,https://data.gov.tw/dataset/7441,Lai Ching-te–Hsiao Bi-khim,Democratic Progressive Party,224797,166048,1187,167235,74.39,15472,0,first,,,Ko Wen-je–Cynthia Wu,Taiwan People's Party,37782,Taipei City,TW-63000110,official,Official CEC presidential result at township/district level. The map shows the local leader; Taiwan elects one president nationally. Remote uninhabited claimed-island geometry is omitted from the display.
"Beitou District, Taipei City",https://db.cec.gov.tw/ElecTable/Election/ElecTickets?dataType=tickets&typeId=ELC&subjectId=P0&legisId=00&themeId=4d83db17c1707e3defae5dc4d4e9c800&dataLevel=C&prvCode=00&cityCode=000&areaCode=00&deptCode=000&liCode=0000,https://data.gov.tw/dataset/7441,Lai Ching-te–Hsiao Bi-khim,Democratic Progressive Party,201830,148783,1091,149874,74.26,9494,0,first,,,Lai Ching-te–Hsiao Bi-khim,Democratic Progressive Party,61151,Taipei City,TW-63000120,official,Official CEC presidential result at township/district level. The map shows the local leader; Taiwan elects one president nationally. Remote uninhabited claimed-island geometry is omitted from the display.
"Beitou District, Taipei City",https://db.cec.gov.tw/ElecTable/Election/ElecTickets?dataType=tickets&typeId=ELC&subjectId=P0&legisId=00&themeId=4d83db17c1707e3defae5dc4d4e9c800&dataLevel=C&prvCode=00&cityCode=000&areaCode=00&deptCode=000&liCode=0000,https://data.gov.tw/dataset/7441,Lai Ching-te–Hsiao Bi-khim,Democratic Progressive Party,201830,148783,1091,149874,74.26,9494,0,first,,,Hou Yu-ih–Jaw Shaw-kong,Kuomintang,51657,Taipei City,TW-63000120,official,Official CEC presidential result at township/district level. The map shows the local leader; Taiwan elects one president nationally. Remote uninhabited claimed-island geometry is omitted from the display.
"Beitou District, Taipei City",https://db.cec.gov.tw/ElecTable/Election/ElecTickets?dataType=tickets&typeId=ELC&subjectId=P0&legisId=00&themeId=4d83db17c1707e3defae5dc4d4e9c800&dataLevel=C&prvCode=00&cityCode=000&areaCode=00&deptCode=000&liCode=0000,https://data.gov.tw/dataset/7441,Lai Ching-te–Hsiao Bi-khim,Democratic Progressive Party,201830,148783,1091,149874,74.26,9494,0,first,,,Ko Wen-je–Cynthia Wu,Taiwan People's Party,35975,Taipei City,TW-63000120,official,Official CEC presidential result at township/district level. The map shows the local leader; Taiwan elects one president nationally. Remote uninhabited claimed-island geometry is omitted from the display.
"Banqiao District, New Taipei City",https://db.cec.gov.tw/ElecTable/Election/ElecTickets?dataType=tickets&typeId=ELC&subjectId=P0&legisId=00&themeId=4d83db17c1707e3defae5dc4d4e9c800&dataLevel=C&prvCode=00&cityCode=000&areaCode=00&deptCode=000&liCode=0000,https://data.gov.tw/dataset/7441,Lai Ching-te–Hsiao Bi-khim,Democratic Progressive Party,460489,339481,2327,341808,74.23,27296,0,first,,,Lai Ching-te–Hsiao Bi-khim,Democratic Progressive Party,139846,New Taipei City,TW-65000010,official,Official CEC presidential result at township/district level. The map shows the local leader; Taiwan elects one president nationally. Remote uninhabited claimed-island geometry is omitted from the display.
"Banqiao District, New Taipei City",https://db.cec.gov.tw/ElecTable/Election/ElecTickets?dataType=tickets&typeId=ELC&subjectId=P0&legisId=00&themeId=4d83db17c1707e3defae5dc4d4e9c800&dataLevel=C&prvCode=00&cityCode=000&areaCode=00&deptCode=000&liCode=0000,https://data.gov.tw/dataset/7441,Lai Ching-te–Hsiao Bi-khim,Democratic Progressive Party,460489,339481,2327,341808,74.23,27296,0,first,,,Hou Yu-ih–Jaw Shaw-kong,Kuomintang,112550,New Taipei City,TW-65000010,official,Official CEC presidential result at township/district level. The map shows the local leader; Taiwan elects one president nationally. Remote uninhabited claimed-island geometry is omitted from the display.
"Banqiao District, New Taipei City",https://db.cec.gov.tw/ElecTable/Election/ElecTickets?dataType=tickets&typeId=ELC&subjectId=P0&legisId=00&themeId=4d83db17c1707e3defae5dc4d4e9c800&dataLevel=C&prvCode=00&cityCode=000&areaCode=00&deptCode=000&liCode=0000,https://data.gov.tw/dataset/7441,Lai Ching-te–Hsiao Bi-khim,Democratic Progressive Party,460489,339481,2327,341808,74.23,27296,0,first,,,Ko Wen-je–Cynthia Wu,Taiwan People's Party,87085,New Taipei City,TW-65000010,official,Official CEC presidential result at township/district level. The map shows the local leader; Taiwan elects one president nationally. Remote uninhabited claimed-island geometry is omitted from the display.
"Sanchong District, New Taipei City",https://db.cec.gov.tw/ElecTable/Election/ElecTickets?dataType=tickets&typeId=ELC&subjectId=P0&legisId=00&themeId=4d83db17c1707e3defae5dc4d4e9c800&dataLevel=C&prvCode=00&cityCode=000&areaCode=00&deptCode=000&liCode=0000,https://data.gov.tw/dataset/7441,Lai Ching-te–Hsiao Bi-khim,Democratic Progressive Party,326682,237583,1597,239180,73.21,35448,0,first,,,Lai Ching-te–Hsiao Bi-khim,Democratic Progressive Party,105117,New Taipei City,TW-65000020,official,Official CEC presidential result at township/district level. The map shows the local leader; Taiwan elects one president nationally. Remote uninhabited claimed-island geometry is omitted from the display.
"Sanchong District, New Taipei City",https://db.cec.gov.tw/ElecTable/Election/ElecTickets?dataType=tickets&typeId=ELC&subjectId=P0&legisId=00&themeId=4d83db17c1707e3defae5dc4d4e9c800&dataLevel=C&prvCode=00&cityCode=000&areaCode=00&deptCode=000&liCode=0000,https://data.gov.tw/dataset/7441,Lai Ching-te–Hsiao Bi-khim,Democratic Progressive Party,326682,237583,1597,239180,73.21,35448,0,first,,,Hou Yu-ih–Jaw Shaw-kong,Kuomintang,69669,New Taipei City,TW-65000020,official,Official CEC presidential result at township/district level. The map shows the local leader; Taiwan elects one president nationally. Remote uninhabited claimed-island geometry is omitted from the display.
"Sanchong District, New Taipei City",https://db.cec.gov.tw/ElecTable/Election/ElecTickets?dataType=tickets&typeId=ELC&subjectId=P0&legisId=00&themeId=4d83db17c1707e3defae5dc4d4e9c800&dataLevel=C&prvCode=00&cityCode=000&areaCode=00&deptCode=000&liCode=0000,https://data.gov.tw/dataset/7441,Lai Ching-te–Hsiao Bi-khim,Democratic Progressive Party,326682,237583,1597,239180,73.21,35448,0,first,,,Ko Wen-je–Cynthia Wu,Taiwan People's Party,62797,New Taipei City,TW-65000020,official,Official CEC presidential result at township/district level. The map shows the local leader; Taiwan elects one president nationally. Remote uninhabited claimed-island geometry is omitted from the display.
"Zhonghe District, New Taipei City",https://db.cec.gov.tw/ElecTable/Election/ElecTickets?dataType=tickets&typeId=ELC&subjectId=P0&legisId=00&themeId=4d83db17c1707e3defae5dc4d4e9c800&dataLevel=C&prvCode=00&cityCode=000&areaCode=00&deptCode=000&liCode=0000,https://data.gov.tw/dataset/7441,Hou Yu-ih–Jaw Shaw-kong,Kuomintang,350373,258668,2055,260723,74.41,18412,0,first,,,Hou Yu-ih–Jaw Shaw-kong,Kuomintang,105887,New Taipei City,TW-65000030,official,Official CEC presidential result at township/district level. The map shows the local leader; Taiwan elects one president nationally. Remote uninhabited claimed-island geometry is omitted from the display.
"Zhonghe District, New Taipei City",https://db.cec.gov.tw/ElecTable/Election/ElecTickets?dataType=tickets&typeId=ELC&subjectId=P0&legisId=00&themeId=4d83db17c1707e3defae5dc4d4e9c800&dataLevel=C&prvCode=00&cityCode=000&areaCode=00&deptCode=000&liCode=0000,https://data.gov.tw/dataset/7441,Hou Yu-ih–Jaw Shaw-kong,Kuomintang,350373,258668,2055,260723,74.41,18412,0,first,,,Lai Ching-te–Hsiao Bi-khim,Democratic Progressive Party,87475,New Taipei City,TW-65000030,official,Official CEC presidential result at township/district level. The map shows the local leader; Taiwan elects one president nationally. Remote uninhabited claimed-island geometry is omitted from the display.
"Zhonghe District, New Taipei City",https://db.cec.gov.tw/ElecTable/Election/ElecTickets?dataType=tickets&typeId=ELC&subjectId=P0&legisId=00&themeId=4d83db17c1707e3defae5dc4d4e9c800&dataLevel=C&prvCode=00&cityCode=000&areaCode=00&deptCode=000&liCode=0000,https://data.gov.tw/dataset/7441,Hou Yu-ih–Jaw Shaw-kong,Kuomintang,350373,258668,2055,260723,74.41,18412,0,first,,,Ko Wen-je–Cynthia Wu,Taiwan People's Party,65306,New Taipei City,TW-65000030,official,Official CEC presidential result at township/district level. The map shows the local leader; Taiwan elects one president nationally. Remote uninhabited claimed-island geometry is omitted from the display.
"Yonghe District, New Taipei City",https://db.cec.gov.tw/ElecTable/Election/ElecTickets?dataType=tickets&typeId=ELC&subjectId=P0&legisId=00&themeId=4d83db17c1707e3defae5dc4d4e9c800&dataLevel=C&prvCode=00&cityCode=000&areaCode=00&deptCode=000&liCode=0000,https://data.gov.tw/dataset/7441,Hou Yu-ih–Jaw Shaw-kong,Kuomintang,180839,133094,994,134088,74.15,16931,0,first,,,Hou Yu-ih–Jaw Shaw-kong,Kuomintang,59409,New Taipei City,TW-65000040,official,Official CEC presidential result at township/district level. The map shows the local leader; Taiwan elects one president nationally. Remote uninhabited claimed-island geometry is omitted from the display.
"Yonghe District, New Taipei City",https://db.cec.gov.tw/ElecTable/Election/ElecTickets?dataType=tickets&typeId=ELC&subjectId=P0&legisId=00&themeId=4d83db17c1707e3defae5dc4d4e9c800&dataLevel=C&prvCode=00&cityCode=000&areaCode=00&deptCode=000&liCode=0000,https://data.gov.tw/dataset/7441,Hou Yu-ih–Jaw Shaw-kong,Kuomintang,180839,133094,994,134088,74.15,16931,0,first,,,Lai Ching-te–Hsiao Bi-khim,Democratic Progressive Party,42478,New Taipei City,TW-65000040,official,Official CEC presidential result at township/district level. The map shows the local leader; Taiwan elects one president nationally. Remote uninhabited claimed-island geometry is omitted from the display.
"Yonghe District, New Taipei City",https://db.cec.gov.tw/ElecTable/Election/ElecTickets?dataType=tickets&typeId=ELC&subjectId=P0&legisId=00&themeId=4d83db17c1707e3defae5dc4d4e9c800&dataLevel=C&prvCode=00&cityCode=000&areaCode=00&deptCode=000&liCode=0000,https://data.gov.tw/dataset/7441,Hou Yu-ih–Jaw Shaw-kong,Kuomintang,180839,133094,994,134088,74.15,16931,0,first,,,Ko Wen-je–Cynthia Wu,Taiwan People's Party,31207,New Taipei City,TW-65000040,official,Official CEC presidential result at township/district level. The map shows the local leader; Taiwan elects one president nationally. Remote uninhabited claimed-island geometry is omitted from the display.
"Xinzhuang District, New Taipei City",https://db.cec.gov.tw/ElecTable/Election/ElecTickets?dataType=tickets&typeId=ELC&subjectId=P0&legisId=00&themeId=4d83db17c1707e3defae5dc4d4e9c800&dataLevel=C&prvCode=00&cityCode=000&areaCode=00&deptCode=000&liCode=0000,https://data.gov.tw/dataset/7441,Lai Ching-te–Hsiao Bi-khim,Democratic Progressive Party,347876,253483,1649,255132,73.34,29103,0,first,,,Lai Ching-te–Hsiao Bi-khim,Democratic Progressive Party,105556,New Taipei City,TW-65000050,official,Official CEC presidential result at township/district level. The map shows the local leader; Taiwan elects one president nationally. Remote uninhabited claimed-island geometry is omitted from the display.
"Xinzhuang District, New Taipei City",https://db.cec.gov.tw/ElecTable/Election/ElecTickets?dataType=tickets&typeId=ELC&subjectId=P0&legisId=00&themeId=4d83db17c1707e3defae5dc4d4e9c800&dataLevel=C&prvCode=00&cityCode=000&areaCode=00&deptCode=000&liCode=0000,https://data.gov.tw/dataset/7441,Lai Ching-te–Hsiao Bi-khim,Democratic Progressive Party,347876,253483,1649,255132,73.34,29103,0,first,,,Hou Yu-ih–Jaw Shaw-kong,Kuomintang,76453,New Taipei City,TW-65000050,official,Official CEC presidential result at township/district level. The map shows the local leader; Taiwan elects one president nationally. Remote uninhabited claimed-island geometry is omitted from the display.
"Xinzhuang District, New Taipei City",https://db.cec.gov.tw/ElecTable/Election/ElecTickets?dataType=tickets&typeId=ELC&subjectId=P0&legisId=00&themeId=4d83db17c1707e3defae5dc4d4e9c800&dataLevel=C&prvCode=00&cityCode=000&areaCode=00&deptCode=000&liCode=0000,https://data.gov.tw/dataset/7441,Lai Ching-te–Hsiao Bi-khim,Democratic Progressive Party,347876,253483,1649,255132,73.34,29103,0,first,,,Ko Wen-je–Cynthia Wu,Taiwan People's Party,71474,New Taipei City,TW-65000050,official,Official CEC presidential result at township/district level. The map shows the local leader; Taiwan elects one president nationally. Remote uninhabited claimed-island geometry is omitted from the display.
"Xindian District, New Taipei City",https://db.cec.gov.tw/ElecTable/Election/ElecTickets?dataType=tickets&typeId=ELC&subjectId=P0&legisId=00&themeId=4d83db17c1707e3defae5dc4d4e9c800&dataLevel=C&prvCode=00&cityCode=000&areaCode=00&deptCode=000&liCode=0000,https://data.gov.tw/dataset/7441,Hou Yu-ih–Jaw Shaw-kong,Kuomintang,265144,191577,1393,192970,72.78,29523,0,first,,,Hou Yu-ih–Jaw Shaw-kong,Kuomintang,87976,New Taipei City,TW-65000060,official,Official CEC presidential result at township/district level. The map shows the local leader; Taiwan elects one president nationally. Remote uninhabited claimed-island geometry is omitted from the display.
"Xindian District, New Taipei City",https://db.cec.gov.tw/ElecTable/Election/ElecTickets?dataType=tickets&typeId=ELC&subjectId=P0&legisId=00&themeId=4d83db17c1707e3defae5dc4d4e9c800&dataLevel=C&prvCode=00&cityCode=000&areaCode=00&deptCode=000&liCode=0000,https://data.gov.tw/dataset/7441,Hou Yu-ih–Jaw Shaw-kong,Kuomintang,265144,191577,1393,192970,72.78,29523,0,first,,,Lai Ching-te–Hsiao Bi-khim,Democratic Progressive Party,58453,New Taipei City,TW-65000060,official,Official CEC presidential result at township/district level. The map shows the local leader; Taiwan elects one president nationally. Remote uninhabited claimed-island geometry is omitted from the display.
"Xindian District, New Taipei City",https://db.cec.gov.tw/ElecTable/Election/ElecTickets?dataType=tickets&typeId=ELC&subjectId=P0&legisId=00&themeId=4d83db17c1707e3defae5dc4d4e9c800&dataLevel=C&prvCode=00&cityCode=000&areaCode=00&deptCode=000&liCode=0000,https://data.gov.tw/dataset/7441,Hou Yu-ih–Jaw Shaw-kong,Kuomintang,265144,191577,1393,192970,72.78,29523,0,first,,,Ko Wen-je–Cynthia Wu,Taiwan People's Party,45148,New Taipei City,TW-65000060,official,Official CEC presidential result at township/district level. The map shows the local leader; Taiwan elects one president nationally. Remote uninhabited claimed-island geometry is omitted from the display.
"Shulin District, New Taipei City",https://db.cec.gov.tw/ElecTable/Election/ElecTickets?dataType=tickets&typeId=ELC&subjectId=P0&legisId=00&themeId=4d83db17c1707e3defae5dc4d4e9c800&dataLevel=C&prvCode=00&cityCode=000&areaCode=00&deptCode=000&liCode=0000,https://data.gov.tw/dataset/7441,Lai Ching-te–Hsiao Bi-khim,Democratic Progressive Party,149504,107446,828,108274,72.42,9629,0,first,,,Lai Ching-te–Hsiao Bi-khim,Democratic Progressive Party,43632,New Taipei City,TW-65000070,official,Official CEC presidential result at township/district level. The map shows the local leader; Taiwan elects one president nationally. Remote uninhabited claimed-island geometry is omitted from the display.
"Shulin District, New Taipei City",https://db.cec.gov.tw/ElecTable/Election/ElecTickets?dataType=tickets&typeId=ELC&subjectId=P0&legisId=00&themeId=4d83db17c1707e3defae5dc4d4e9c800&dataLevel=C&prvCode=00&cityCode=000&areaCode=00&deptCode=000&liCode=0000,https://data.gov.tw/dataset/7441,Lai Ching-te–Hsiao Bi-khim,Democratic Progressive Party,149504,107446,828,108274,72.42,9629,0,first,,,Hou Yu-ih–Jaw Shaw-kong,Kuomintang,34003,New Taipei City,TW-65000070,official,Official CEC presidential result at township/district level. The map shows the local leader; Taiwan elects one president nationally. Remote uninhabited claimed-island geometry is omitted from the display.
"Shulin District, New Taipei City",https://db.cec.gov.tw/ElecTable/Election/ElecTickets?dataType=tickets&typeId=ELC&subjectId=P0&legisId=00&themeId=4d83db17c1707e3defae5dc4d4e9c800&dataLevel=C&prvCode=00&cityCode=000&areaCode=00&deptCode=000&liCode=0000,https://data.gov.tw/dataset/7441,Lai Ching-te–Hsiao Bi-khim,Democratic Progressive Party,149504,107446,828,108274,72.42,9629,0,first,,,Ko Wen-je–Cynthia Wu,Taiwan People's Party,29811,New Taipei City,TW-65000070,official,Official CEC presidential result at township/district level. The map shows the local leader; Taiwan elects one president nationally. Remote uninhabited claimed-island geometry is omitted from the display.
"Yingge District, New Taipei City",https://db.cec.gov.tw/ElecTable/Election/ElecTickets?dataType=tickets&typeId=ELC&subjectId=P0&legisId=00&themeId=4d83db17c1707e3defae5dc4d4e9c800&dataLevel=C&prvCode=00&cityCode=000&areaCode=00&deptCode=000&liCode=0000,https://data.gov.tw/dataset/7441,Lai Ching-te–Hsiao Bi-khim,Democratic Progressive Party,73937,52535,408,52943,71.61,4665,0,first,,,Lai Ching-te–Hsiao Bi-khim,Democratic Progressive Party,21041,New Taipei City,TW-65000080,official,Official CEC presidential result at township/district level. The map shows the local leader; Taiwan elects one president nationally. Remote uninhabited claimed-island geometry is omitted from the display.
"Yingge District, New Taipei City",https://db.cec.gov.tw/ElecTable/Election/ElecTickets?dataType=tickets&typeId=ELC&subjectId=P0&legisId=00&themeId=4d83db17c1707e3defae5dc4d4e9c800&dataLevel=C&prvCode=00&cityCode=000&areaCode=00&deptCode=000&liCode=0000,https://data.gov.tw/dataset/7441,Lai Ching-te–Hsiao Bi-khim,Democratic Progressive Party,73937,52535,408,52943,71.61,4665,0,first,,,Hou Yu-ih–Jaw Shaw-kong,Kuomintang,16376,New Taipei City,TW-65000080,official,Official CEC presidential result at township/district level. The map shows the local leader; Taiwan elects one president nationally. Remote uninhabited claimed-island geometry is omitted from the display.
"Yingge District, New Taipei City",https://db.cec.gov.tw/ElecTable/Election/ElecTickets?dataType=tickets&typeId=ELC&subjectId=P0&legisId=00&themeId=4d83db17c1707e3defae5dc4d4e9c800&dataLevel=C&prvCode=00&cityCode=000&areaCode=00&deptCode=000&liCode=0000,https://data.gov.tw/dataset/7441,Lai Ching-te–Hsiao Bi-khim,Democratic Progressive Party,73937,52535,408,52943,71.61,4665,0,first,,,Ko Wen-je–Cynthia Wu,Taiwan People's Party,15118,New Taipei City,TW-65000080,official,Official CEC presidential result at township/district level. The map shows the local leader; Taiwan elects one president nationally. Remote uninhabited claimed-island geometry is omitted from the display.
"Sanxia District, New Taipei City",https://db.cec.gov.tw/ElecTable/Election/ElecTickets?dataType=tickets&typeId=ELC&subjectId=P0&legisId=00&themeId=4d83db17c1707e3defae5dc4d4e9c800&dataLevel=C&prvCode=00&cityCode=000&areaCode=00&deptCode=000&liCode=0000,https://data.gov.tw/dataset/7441,Lai Ching-te–Hsiao Bi-khim,Democratic Progressive Party,94585,66541,424,66965,70.8,2751,0,first,,,Lai Ching-te–Hsiao Bi-khim,Democratic Progressive Party,25489,New Taipei City,TW-65000090,official,Official CEC presidential result at township/district level. The map shows the local leader; Taiwan elects one president nationally. Remote uninhabited claimed-island geometry is omitted from the display.
"Sanxia District, New Taipei City",https://db.cec.gov.tw/ElecTable/Election/ElecTickets?dataType=tickets&typeId=ELC&subjectId=P0&legisId=00&themeId=4d83db17c1707e3defae5dc4d4e9c800&dataLevel=C&prvCode=00&cityCode=000&areaCode=00&deptCode=000&liCode=0000,https://data.gov.tw/dataset/7441,Lai Ching-te–Hsiao Bi-khim,Democratic Progressive Party,94585,66541,424,66965,70.8,2751,0,first,,,Hou Yu-ih–Jaw Shaw-kong,Kuomintang,22738,New Taipei City,TW-65000090,official,Official CEC presidential result at township/district level. The map shows the local leader; Taiwan elects one president nationally. Remote uninhabited claimed-island geometry is omitted from the display.
"Sanxia District, New Taipei City",https://db.cec.gov.tw/ElecTable/Election/ElecTickets?dataType=tickets&typeId=ELC&subjectId=P0&legisId=00&themeId=4d83db17c1707e3defae5dc4d4e9c800&dataLevel=C&prvCode=00&cityCode=000&areaCode=00&deptCode=000&liCode=0000,https://data.gov.tw/dataset/7441,Lai Ching-te–Hsiao Bi-khim,Democratic Progressive Party,94585,66541,424,66965,70.8,2751,0,first,,,Ko Wen-je–Cynthia Wu,Taiwan People's Party,18314,New Taipei City,TW-65000090,official,Official CEC presidential result at township/district level. The map shows the local leader; Taiwan elects one president nationally. Remote uninhabited claimed-island geometry is omitted from the display.
"Tamsui District, New Taipei City",https://db.cec.gov.tw/ElecTable/Election/ElecTickets?dataType=tickets&typeId=ELC&subjectId=P0&legisId=00&themeId=4d83db17c1707e3defae5dc4d4e9c800&dataLevel=C&prvCode=00&cityCode=000&areaCode=00&deptCode=000&liCode=0000,https://data.gov.tw/dataset/7441,Hou Yu-ih–Jaw Shaw-kong,Kuomintang,165023,116232,807,117039,70.92,1665,0,first,,,Hou Yu-ih–Jaw Shaw-kong,Kuomintang,43837,New Taipei City,TW-65000100,official,Official CEC presidential result at township/district level. The map shows the local leader; Taiwan elects one president nationally. Remote uninhabited claimed-island geometry is omitted from the display.
"Tamsui District, New Taipei City",https://db.cec.gov.tw/ElecTable/Election/ElecTickets?dataType=tickets&typeId=ELC&subjectId=P0&legisId=00&themeId=4d83db17c1707e3defae5dc4d4e9c800&dataLevel=C&prvCode=00&cityCode=000&areaCode=00&deptCode=000&liCode=0000,https://data.gov.tw/dataset/7441,Hou Yu-ih–Jaw Shaw-kong,Kuomintang,165023,116232,807,117039,70.92,1665,0,first,,,Lai Ching-te–Hsiao Bi-khim,Democratic Progressive Party,42172,New Taipei City,TW-65000100,official,Official CEC presidential result at township/district level. The map shows the local leader; Taiwan elects one president nationally. Remote uninhabited claimed-island geometry is omitted from the display.
"Tamsui District, New Taipei City",https://db.cec.gov.tw/ElecTable/Election/ElecTickets?dataType=tickets&typeId=ELC&subjectId=P0&legisId=00&themeId=4d83db17c1707e3defae5dc4d4e9c800&dataLevel=C&prvCode=00&cityCode=000&areaCode=00&deptCode=000&liCode=0000,https://data.gov.tw/dataset/7441,Hou Yu-ih–Jaw Shaw-kong,Kuomintang,165023,116232,807,117039,70.92,1665,0,first,,,Ko Wen-je–Cynthia Wu,Taiwan People's Party,30223,New Taipei City,TW-65000100,official,Official CEC presidential result at township/district level. The map shows the local leader; Taiwan elects one president nationally. Remote uninhabited claimed-island geometry is omitted from the display.
"Xizhi District, New Taipei City",https://db.cec.gov.tw/ElecTable/Election/ElecTickets?dataType=tickets&typeId=ELC&subjectId=P0&legisId=00&themeId=4d83db17c1707e3defae5dc4d4e9c800&dataLevel=C&prvCode=00&cityCode=000&areaCode=00&deptCode=000&liCode=0000,https://data.gov.tw/dataset/7441,Hou Yu-ih–Jaw Shaw-kong,Kuomintang,180932,129419,968,130387,72.06,2227,0,first,,,Hou Yu-ih–Jaw Shaw-kong,Kuomintang,48831,New Taipei City,TW-65000110,official,Official CEC presidential result at township/district level. The map shows the local leader; Taiwan elects one president nationally. Remote uninhabited claimed-island geometry is omitted from the display.
"Xizhi District, New Taipei City",https://db.cec.gov.tw/ElecTable/Election/ElecTickets?dataType=tickets&typeId=ELC&subjectId=P0&legisId=00&themeId=4d83db17c1707e3defae5dc4d4e9c800&dataLevel=C&prvCode=00&cityCode=000&areaCode=00&deptCode=000&liCode=0000,https://data.gov.tw/dataset/7441,Hou Yu-ih–Jaw Shaw-kong,Kuomintang,180932,129419,968,130387,72.06,2227,0,first,,,Lai Ching-te–Hsiao Bi-khim,Democratic Progressive Party,46604,New Taipei City,TW-65000110,official,Official CEC presidential result at township/district level. The map shows the local leader; Taiwan elects one president nationally. Remote uninhabited claimed-island geometry is omitted from the display.
"Xizhi District, New Taipei City",https://db.cec.gov.tw/ElecTable/Election/ElecTickets?dataType=tickets&typeId=ELC&subjectId=P0&legisId=00&themeId=4d83db17c1707e3defae5dc4d4e9c800&dataLevel=C&prvCode=00&cityCode=000&areaCode=00&deptCode=000&liCode=0000,https://data.gov.tw/dataset/7441,Hou Yu-ih–Jaw Shaw-kong,Kuomintang,180932,129419,968,130387,72.06,2227,0,first,,,Ko Wen-je–Cynthia Wu,Taiwan People's Party,33984,New Taipei City,TW-65000110,official,Official CEC presidential result at township/district level. The map shows the local leader; Taiwan elects one president nationally. Remote uninhabited claimed-island geometry is omitted from the display.
"Ruifang District, New Taipei City",https://db.cec.gov.tw/ElecTable/Election/ElecTickets?dataType=tickets&typeId=ELC&subjectId=P0&legisId=00&themeId=4d83db17c1707e3defae5dc4d4e9c800&dataLevel=C&prvCode=00&cityCode=000&areaCode=00&deptCode=000&liCode=0000,https://data.gov.tw/dataset/7441,Hou Yu-ih–Jaw Shaw-kong,Kuomintang,32800,21719,177,21896,66.76,782,0,first,,,Hou Yu-ih–Jaw Shaw-kong,Kuomintang,8574,New Taipei City,TW-65000120,official,Official CEC presidential result at township/district level. The map shows the local leader; Taiwan elects one president nationally. Remote uninhabited claimed-island geometry is omitted from the display.
"Ruifang District, New Taipei City",https://db.cec.gov.tw/ElecTable/Election/ElecTickets?dataType=tickets&typeId=ELC&subjectId=P0&legisId=00&themeId=4d83db17c1707e3defae5dc4d4e9c800&dataLevel=C&prvCode=00&cityCode=000&areaCode=00&deptCode=000&liCode=0000,https://data.gov.tw/dataset/7441,Hou Yu-ih–Jaw Shaw-kong,Kuomintang,32800,21719,177,21896,66.76,782,0,first,,,Lai Ching-te–Hsiao Bi-khim,Democratic Progressive Party,7792,New Taipei City,TW-65000120,official,Official CEC presidential result at township/district level. The map shows the local leader; Taiwan elects one president nationally. Remote uninhabited claimed-island geometry is omitted from the display.
"Ruifang District, New Taipei City",https://db.cec.gov.tw/ElecTable/Election/ElecTickets?dataType=tickets&typeId=ELC&subjectId=P0&legisId=00&themeId=4d83db17c1707e3defae5dc4d4e9c800&dataLevel=C&prvCode=00&cityCode=000&areaCode=00&deptCode=000&liCode=0000,https://data.gov.tw/dataset/7441,Hou Yu-ih–Jaw Shaw-kong,Kuomintang,32800,21719,177,21896,66.76,782,0,first,,,Ko Wen-je–Cynthia Wu,Taiwan People's Party,5353,New Taipei City,TW-65000120,official,Official CEC presidential result at township/district level. The map shows the local leader; Taiwan elects one president nationally. Remote uninhabited claimed-island geometry is omitted from the display.
"Tucheng District, New Taipei City",https://db.cec.gov.tw/ElecTable/Election/ElecTickets?dataType=tickets&typeId=ELC&subjectId=P0&legisId=00&themeId=4d83db17c1707e3defae5dc4d4e9c800&dataLevel=C&prvCode=00&cityCode=000&areaCode=00&deptCode=000&liCode=0000,https://data.gov.tw/dataset/7441,Lai Ching-te–Hsiao Bi-khim,Democratic Progressive Party,202518,146118,1121,147239,72.7,8791,0,first,,,Lai Ching-te–Hsiao Bi-khim,Democratic Progressive Party,57148,New Taipei City,TW-65000130,official,Official CEC presidential result at township/district level. The map shows the local leader; Taiwan elects one president nationally. Remote uninhabited claimed-island geometry is omitted from the display.
"Tucheng District, New Taipei City",https://db.cec.gov.tw/ElecTable/Election/ElecTickets?dataType=tickets&typeId=ELC&subjectId=P0&legisId=00&themeId=4d83db17c1707e3defae5dc4d4e9c800&dataLevel=C&prvCode=00&cityCode=000&areaCode=00&deptCode=000&liCode=0000,https://data.gov.tw/dataset/7441,Lai Ching-te–Hsiao Bi-khim,Democratic Progressive Party,202518,146118,1121,147239,72.7,8791,0,first,,,Hou Yu-ih–Jaw Shaw-kong,Kuomintang,48357,New Taipei City,TW-65000130,official,Official CEC presidential result at township/district level. The map shows the local leader; Taiwan elects one president nationally. Remote uninhabited claimed-island geometry is omitted from the display.
"Tucheng District, New Taipei City",https://db.cec.gov.tw/ElecTable/Election/ElecTickets?dataType=tickets&typeId=ELC&subjectId=P0&legisId=00&themeId=4d83db17c1707e3defae5dc4d4e9c800&dataLevel=C&prvCode=00&cityCode=000&areaCode=00&deptCode=000&liCode=0000,https://data.gov.tw/dataset/7441,Lai Ching-te–Hsiao Bi-khim,Democratic Progressive Party,202518,146118,1121,147239,72.7,8791,0,first,,,Ko Wen-je–Cynthia Wu,Taiwan People's Party,40613,New Taipei City,TW-65000130,official,Official CEC presidential result at township/district level. The map shows the local leader; Taiwan elects one president nationally. Remote uninhabited claimed-island geometry is omitted from the display.
"Luzhou District, New Taipei City",https://db.cec.gov.tw/ElecTable/Election/ElecTickets?dataType=tickets&typeId=ELC&subjectId=P0&legisId=00&themeId=4d83db17c1707e3defae5dc4d4e9c800&dataLevel=C&prvCode=00&cityCode=000&areaCode=00&deptCode=000&liCode=0000,https://data.gov.tw/dataset/7441,Lai Ching-te–Hsiao Bi-khim,Democratic Progressive Party,166620,119532,802,120334,72.22,18552,0,first,,,Lai Ching-te–Hsiao Bi-khim,Democratic Progressive Party,52531,New Taipei City,TW-65000140,official,Official CEC presidential result at township/district level. The map shows the local leader; Taiwan elects one president nationally. Remote uninhabited claimed-island geometry is omitted from the display.
"Luzhou District, New Taipei City",https://db.cec.gov.tw/ElecTable/Election/ElecTickets?dataType=tickets&typeId=ELC&subjectId=P0&legisId=00&themeId=4d83db17c1707e3defae5dc4d4e9c800&dataLevel=C&prvCode=00&cityCode=000&areaCode=00&deptCode=000&liCode=0000,https://data.gov.tw/dataset/7441,Lai Ching-te–Hsiao Bi-khim,Democratic Progressive Party,166620,119532,802,120334,72.22,18552,0,first,,,Ko Wen-je–Cynthia Wu,Taiwan People's Party,33979,New Taipei City,TW-65000140,official,Official CEC presidential result at township/district level. The map shows the local leader; Taiwan elects one president nationally. Remote uninhabited claimed-island geometry is omitted from the display.
"Luzhou District, New Taipei City",https://db.cec.gov.tw/ElecTable/Election/ElecTickets?dataType=tickets&typeId=ELC&subjectId=P0&legisId=00&themeId=4d83db17c1707e3defae5dc4d4e9c800&dataLevel=C&prvCode=00&cityCode=000&areaCode=00&deptCode=000&liCode=0000,https://data.gov.tw/dataset/7441,Lai Ching-te–Hsiao Bi-khim,Democratic Progressive Party,166620,119532,802,120334,72.22,18552,0,first,,,Hou Yu-ih–Jaw Shaw-kong,Kuomintang,33022,New Taipei City,TW-65000140,official,Official CEC presidential result at township/district level. The map shows the local leader; Taiwan elects one president nationally. Remote uninhabited claimed-island geometry is omitted from the display.
"Wugu District, New Taipei City",https://db.cec.gov.tw/ElecTable/Election/ElecTickets?dataType=tickets&typeId=ELC&subjectId=P0&legisId=00&themeId=4d83db17c1707e3defae5dc4d4e9c800&dataLevel=C&prvCode=00&cityCode=000&areaCode=00&deptCode=000&liCode=0000,https://data.gov.tw/dataset/7441,Lai Ching-te–Hsiao Bi-khim,Democratic Progressive Party,78021,55126,412,55538,71.18,5808,0,first,,,Lai Ching-te–Hsiao Bi-khim,Democratic Progressive Party,22516,New Taipei City,TW-65000150,official,Official CEC presidential result at township/district level. The map shows the local leader; Taiwan elects one president nationally. Remote uninhabited claimed-island geometry is omitted from the display.
"Wugu District, New Taipei City",https://db.cec.gov.tw/ElecTable/Election/ElecTickets?dataType=tickets&typeId=ELC&subjectId=P0&legisId=00&themeId=4d83db17c1707e3defae5dc4d4e9c800&dataLevel=C&prvCode=00&cityCode=000&areaCode=00&deptCode=000&liCode=0000,https://data.gov.tw/dataset/7441,Lai Ching-te–Hsiao Bi-khim,Democratic Progressive Party,78021,55126,412,55538,71.18,5808,0,first,,,Hou Yu-ih–Jaw Shaw-kong,Kuomintang,16708,New Taipei City,TW-65000150,official,Official CEC presidential result at township/district level. The map shows the local leader; Taiwan elects one president nationally. Remote uninhabited claimed-island geometry is omitted from the display.
"Wugu District, New Taipei City",https://db.cec.gov.tw/ElecTable/Election/ElecTickets?dataType=tickets&typeId=ELC&subjectId=P0&legisId=00&themeId=4d83db17c1707e3defae5dc4d4e9c800&dataLevel=C&prvCode=00&cityCode=000&areaCode=00&deptCode=000&liCode=0000,https://data.gov.tw/dataset/7441,Lai Ching-te–Hsiao Bi-khim,Democratic Progressive Party,78021,55126,412,55538,71.18,5808,0,first,,,Ko Wen-je–Cynthia Wu,Taiwan People's Party,15902,New Taipei City,TW-65000150,official,Official CEC presidential result at township/district level. The map shows the local leader; Taiwan elects one president nationally. Remote uninhabited claimed-island geometry is omitted from the display.
"Taishan District, New Taipei City",https://db.cec.gov.tw/ElecTable/Election/ElecTickets?dataType=tickets&typeId=ELC&subjectId=P0&legisId=00&themeId=4d83db17c1707e3defae5dc4d4e9c800&dataLevel=C&prvCode=00&cityCode=000&areaCode=00&deptCode=000&liCode=0000,https://data.gov.tw/dataset/7441,Lai Ching-te–Hsiao Bi-khim,Democratic Progressive Party,63623,46291,316,46607,73.25,3446,0,first,,,Lai Ching-te–Hsiao Bi-khim,Democratic Progressive Party,18391,New Taipei City,TW-65000160,official,Official CEC presidential result at township/district level. The map shows the local leader; Taiwan elects one president nationally. Remote uninhabited claimed-island geometry is omitted from the display.
"Taishan District, New Taipei City",https://db.cec.gov.tw/ElecTable/Election/ElecTickets?dataType=tickets&typeId=ELC&subjectId=P0&legisId=00&themeId=4d83db17c1707e3defae5dc4d4e9c800&dataLevel=C&prvCode=00&cityCode=000&areaCode=00&deptCode=000&liCode=0000,https://data.gov.tw/dataset/7441,Lai Ching-te–Hsiao Bi-khim,Democratic Progressive Party,63623,46291,316,46607,73.25,3446,0,first,,,Hou Yu-ih–Jaw Shaw-kong,Kuomintang,14945,New Taipei City,TW-65000160,official,Official CEC presidential result at township/district level. The map shows the local leader; Taiwan elects one president nationally. Remote uninhabited claimed-island geometry is omitted from the display.
"Taishan District, New Taipei City",https://db.cec.gov.tw/ElecTable/Election/ElecTickets?dataType=tickets&typeId=ELC&subjectId=P0&legisId=00&themeId=4d83db17c1707e3defae5dc4d4e9c800&dataLevel=C&prvCode=00&cityCode=000&areaCode=00&deptCode=000&liCode=0000,https://data.gov.tw/dataset/7441,Lai Ching-te–Hsiao Bi-khim,Democratic Progressive Party,63623,46291,316,46607,73.25,3446,0,first,,,Ko Wen-je–Cynthia Wu,Taiwan People's Party,12955,New Taipei City,TW-65000160,official,Official CEC presidential result at township/district level. The map shows the local leader; Taiwan elects one president nationally. Remote uninhabited claimed-island geometry is omitted from the display.
"Linkou District, New Taipei City",https://db.cec.gov.tw/ElecTable/Election/ElecTickets?dataType=tickets&typeId=ELC&subjectId=P0&legisId=00&themeId=4d83db17c1707e3defae5dc4d4e9c800&dataLevel=C&prvCode=00&cityCode=000&areaCode=00&deptCode=000&liCode=0000,https://data.gov.tw/dataset/7441,Lai Ching-te–Hsiao Bi-khim,Democratic Progressive Party,102511,74429,478,74907,73.07,682,0,first,,,Lai Ching-te–Hsiao Bi-khim,Democratic Progressive Party,26957,New Taipei City,TW-65000170,official,Official CEC presidential result at township/district level. The map shows the local leader; Taiwan elects one president nationally. Remote uninhabited claimed-island geometry is omitted from the display.
"Linkou District, New Taipei City",https://db.cec.gov.tw/ElecTable/Election/ElecTickets?dataType=tickets&typeId=ELC&subjectId=P0&legisId=00&themeId=4d83db17c1707e3defae5dc4d4e9c800&dataLevel=C&prvCode=00&cityCode=000&areaCode=00&deptCode=000&liCode=0000,https://data.gov.tw/dataset/7441,Lai Ching-te–Hsiao Bi-khim,Democratic Progressive Party,102511,74429,478,74907,73.07,682,0,first,,,Hou Yu-ih–Jaw Shaw-kong,Kuomintang,26275,New Taipei City,TW-65000170,official,Official CEC presidential result at township/district level. The map shows the local leader; Taiwan elects one president nationally. Remote uninhabited claimed-island geometry is omitted from the display.
"Linkou District, New Taipei City",https://db.cec.gov.tw/ElecTable/Election/ElecTickets?dataType=tickets&typeId=ELC&subjectId=P0&legisId=00&themeId=4d83db17c1707e3defae5dc4d4e9c800&dataLevel=C&prvCode=00&cityCode=000&areaCode=00&deptCode=000&liCode=0000,https://data.gov.tw/dataset/7441,Lai Ching-te–Hsiao Bi-khim,Democratic Progressive Party,102511,74429,478,74907,73.07,682,0,first,,,Ko Wen-je–Cynthia Wu,Taiwan People's Party,21197,New Taipei City,TW-65000170,official,Official CEC presidential result at township/district level. The map shows the local leader; Taiwan elects one president nationally. Remote uninhabited claimed-island geometry is omitted from the display.
"Shenkeng District, New Taipei City",https://db.cec.gov.tw/ElecTable/Election/ElecTickets?dataType=tickets&typeId=ELC&subjectId=P0&legisId=00&themeId=4d83db17c1707e3defae5dc4d4e9c800&dataLevel=C&prvCode=00&cityCode=000&areaCode=00&deptCode=000&liCode=0000,https://data.gov.tw/dataset/7441,Hou Yu-ih–Jaw Shaw-kong,Kuomintang,20685,14742,116,14858,71.83,14,0,first,,,Hou Yu-ih–Jaw Shaw-kong,Kuomintang,5584,New Taipei City,TW-65000180,official,Official CEC presidential result at township/district level. The map shows the local leader; Taiwan elects one president nationally. Remote uninhabited claimed-island geometry is omitted from the display.
"Shenkeng District, New Taipei City",https://db.cec.gov.tw/ElecTable/Election/ElecTickets?dataType=tickets&typeId=ELC&subjectId=P0&legisId=00&themeId=4d83db17c1707e3defae5dc4d4e9c800&dataLevel=C&prvCode=00&cityCode=000&areaCode=00&deptCode=000&liCode=0000,https://data.gov.tw/dataset/7441,Hou Yu-ih–Jaw Shaw-kong,Kuomintang,20685,14742,116,14858,71.83,14,0,first,,,Lai Ching-te–Hsiao Bi-khim,Democratic Progressive Party,5570,New Taipei City,TW-65000180,official,Official CEC presidential result at township/district level. The map shows the local leader; Taiwan elects one president nationally. Remote uninhabited claimed-island geometry is omitted from the display.
"Shenkeng District, New Taipei City",https://db.cec.gov.tw/ElecTable/Election/ElecTickets?dataType=tickets&typeId=ELC&subjectId=P0&legisId=00&themeId=4d83db17c1707e3defae5dc4d4e9c800&dataLevel=C&prvCode=00&cityCode=000&areaCode=00&deptCode=000&liCode=0000,https://data.gov.tw/dataset/7441,Hou Yu-ih–Jaw Shaw-kong,Kuomintang,20685,14742,116,14858,71.83,14,0,first,,,Ko Wen-je–Cynthia Wu,Taiwan People's Party,3588,New Taipei City,TW-65000180,official,Official CEC presidential result at township/district level. The map shows the local leader; Taiwan elects one president nationally. Remote uninhabited claimed-island geometry is omitted from the display.
"Shiding District, New Taipei City",https://db.cec.gov.tw/ElecTable/Election/ElecTickets?dataType=tickets&typeId=ELC&subjectId=P0&legisId=00&themeId=4d83db17c1707e3defae5dc4d4e9c800&dataLevel=C&prvCode=00&cityCode=000&areaCode=00&deptCode=000&liCode=0000,https://data.gov.tw/dataset/7441,Lai Ching-te–Hsiao Bi-khim,Democratic Progressive Party,6459,4487,30,4517,69.93,685,0,first,,,Lai Ching-te–Hsiao Bi-khim,Democratic Progressive Party,2164,New Taipei City,TW-65000190,official,Official CEC presidential result at township/district level. The map shows the local leader; Taiwan elects one president nationally. Remote uninhabited claimed-island geometry is omitted from the display.
"Shiding District, New Taipei City",https://db.cec.gov.tw/ElecTable/Election/ElecTickets?dataType=tickets&typeId=ELC&subjectId=P0&legisId=00&themeId=4d83db17c1707e3defae5dc4d4e9c800&dataLevel=C&prvCode=00&cityCode=000&areaCode=00&deptCode=000&liCode=0000,https://data.gov.tw/dataset/7441,Lai Ching-te–Hsiao Bi-khim,Democratic Progressive Party,6459,4487,30,4517,69.93,685,0,first,,,Hou Yu-ih–Jaw Shaw-kong,Kuomintang,1479,New Taipei City,TW-65000190,official,Official CEC presidential result at township/district level. The map shows the local leader; Taiwan elects one president nationally. Remote uninhabited claimed-island geometry is omitted from the display.
"Shiding District, New Taipei City",https://db.cec.gov.tw/ElecTable/Election/ElecTickets?dataType=tickets&typeId=ELC&subjectId=P0&legisId=00&themeId=4d83db17c1707e3defae5dc4d4e9c800&dataLevel=C&prvCode=00&cityCode=000&areaCode=00&deptCode=000&liCode=0000,https://data.gov.tw/dataset/7441,Lai Ching-te–Hsiao Bi-khim,Democratic Progressive Party,6459,4487,30,4517,69.93,685,0,first,,,Ko Wen-je–Cynthia Wu,Taiwan People's Party,844,New Taipei City,TW-65000190,official,Official CEC presidential result at township/district level. The map shows the local leader; Taiwan elects one president nationally. Remote uninhabited claimed-island geometry is omitted from the display.
"Pinglin District, New Taipei City",https://db.cec.gov.tw/ElecTable/Election/ElecTickets?dataType=tickets&typeId=ELC&subjectId=P0&legisId=00&themeId=4d83db17c1707e3defae5dc4d4e9c800&dataLevel=C&prvCode=00&cityCode=000&areaCode=00&deptCode=000&liCode=0000,https://data.gov.tw/dataset/7441,Lai Ching-te–Hsiao Bi-khim,Democratic Progressive Party,5848,3990,45,4035,69.0,754,0,first,,,Lai Ching-te–Hsiao Bi-khim,Democratic Progressive Party,2029,New Taipei City,TW-65000200,official,Official CEC presidential result at township/district level. The map shows the local leader; Taiwan elects one president nationally. Remote uninhabited claimed-island geometry is omitted from the display.
"Pinglin District, New Taipei City",https://db.cec.gov.tw/ElecTable/Election/ElecTickets?dataType=tickets&typeId=ELC&subjectId=P0&legisId=00&themeId=4d83db17c1707e3defae5dc4d4e9c800&dataLevel=C&prvCode=00&cityCode=000&areaCode=00&deptCode=000&liCode=0000,https://data.gov.tw/dataset/7441,Lai Ching-te–Hsiao Bi-khim,Democratic Progressive Party,5848,3990,45,4035,69.0,754,0,first,,,Hou Yu-ih–Jaw Shaw-kong,Kuomintang,1275,New Taipei City,TW-65000200,official,Official CEC presidential result at township/district level. The map shows the local leader; Taiwan elects one president nationally. Remote uninhabited claimed-island geometry is omitted from the display.
"Pinglin District, New Taipei City",https://db.cec.gov.tw/ElecTable/Election/ElecTickets?dataType=tickets&typeId=ELC&subjectId=P0&legisId=00&themeId=4d83db17c1707e3defae5dc4d4e9c800&dataLevel=C&prvCode=00&cityCode=000&areaCode=00&deptCode=000&liCode=0000,https://data.gov.tw/dataset/7441,Lai Ching-te–Hsiao Bi-khim,Democratic Progressive Party,5848,3990,45,4035,69.0,754,0,first,,,Ko Wen-je–Cynthia Wu,Taiwan People's Party,686,New Taipei City,TW-65000200,official,Official CEC presidential result at township/district level. The map shows the local leader; Taiwan elects one president nationally. Remote uninhabited claimed-island geometry is omitted from the display.
"Sanzhi District, New Taipei City",https://db.cec.gov.tw/ElecTable/Election/ElecTickets?dataType=tickets&typeId=ELC&subjectId=P0&legisId=00&themeId=4d83db17c1707e3defae5dc4d4e9c800&dataLevel=C&prvCode=00&cityCode=000&areaCode=00&deptCode=000&liCode=0000,https://data.gov.tw/dataset/7441,Hou Yu-ih–Jaw Shaw-kong,Kuomintang,19543,13168,126,13294,68.02,323,0,first,,,Hou Yu-ih–Jaw Shaw-kong,Kuomintang,5199,New Taipei City,TW-65000210,official,Official CEC presidential result at township/district level. The map shows the local leader; Taiwan elects one president nationally. Remote uninhabited claimed-island geometry is omitted from the display.
"Sanzhi District, New Taipei City",https://db.cec.gov.tw/ElecTable/Election/ElecTickets?dataType=tickets&typeId=ELC&subjectId=P0&legisId=00&themeId=4d83db17c1707e3defae5dc4d4e9c800&dataLevel=C&prvCode=00&cityCode=000&areaCode=00&deptCode=000&liCode=0000,https://data.gov.tw/dataset/7441,Hou Yu-ih–Jaw Shaw-kong,Kuomintang,19543,13168,126,13294,68.02,323,0,first,,,Lai Ching-te–Hsiao Bi-khim,Democratic Progressive Party,4876,New Taipei City,TW-65000210,official,Official CEC presidential result at township/district level. The map shows the local leader; Taiwan elects one president nationally. Remote uninhabited claimed-island geometry is omitted from the display.
"Sanzhi District, New Taipei City",https://db.cec.gov.tw/ElecTable/Election/ElecTickets?dataType=tickets&typeId=ELC&subjectId=P0&legisId=00&themeId=4d83db17c1707e3defae5dc4d4e9c800&dataLevel=C&prvCode=00&cityCode=000&areaCode=00&deptCode=000&liCode=0000,https://data.gov.tw/dataset/7441,Hou Yu-ih–Jaw Shaw-kong,Kuomintang,19543,13168,126,13294,68.02,323,0,first,,,Ko Wen-je–Cynthia Wu,Taiwan People's Party,3093,New Taipei City,TW-65000210,official,Official CEC presidential result at township/district level. The map shows the local leader; Taiwan elects one president nationally. Remote uninhabited claimed-island geometry is omitted from the display.
"Shimen District, New Taipei City",https://db.cec.gov.tw/ElecTable/Election/ElecTickets?dataType=tickets&typeId=ELC&subjectId=P0&legisId=00&themeId=4d83db17c1707e3defae5dc4d4e9c800&dataLevel=C&prvCode=00&cityCode=000&areaCode=00&deptCode=000&liCode=0000,https://data.gov.tw/dataset/7441,Hou Yu-ih–Jaw Shaw-kong,Kuomintang,9583,6473,43,6516,68.0,68,0,first,,,Hou Yu-ih–Jaw Shaw-kong,Kuomintang,2520,New Taipei City,TW-65000220,official,Official CEC presidential result at township/district level. The map shows the local leader; Taiwan elects one president nationally. Remote uninhabited claimed-island geometry is omitted from the display.
"Shimen District, New Taipei City",https://db.cec.gov.tw/ElecTable/Election/ElecTickets?dataType=tickets&typeId=ELC&subjectId=P0&legisId=00&themeId=4d83db17c1707e3defae5dc4d4e9c800&dataLevel=C&prvCode=00&cityCode=000&areaCode=00&deptCode=000&liCode=0000,https://data.gov.tw/dataset/7441,Hou Yu-ih–Jaw Shaw-kong,Kuomintang,9583,6473,43,6516,68.0,68,0,first,,,Lai Ching-te–Hsiao Bi-khim,Democratic Progressive Party,2452,New Taipei City,TW-65000220,official,Official CEC presidential result at township/district level. The map shows the local leader; Taiwan elects one president nationally. Remote uninhabited claimed-island geometry is omitted from the display.
"Shimen District, New Taipei City",https://db.cec.gov.tw/ElecTable/Election/ElecTickets?dataType=tickets&typeId=ELC&subjectId=P0&legisId=00&themeId=4d83db17c1707e3defae5dc4d4e9c800&dataLevel=C&prvCode=00&cityCode=000&areaCode=00&deptCode=000&liCode=0000,https://data.gov.tw/dataset/7441,Hou Yu-ih–Jaw Shaw-kong,Kuomintang,9583,6473,43,6516,68.0,68,0,first,,,Ko Wen-je–Cynthia Wu,Taiwan People's Party,1501,New Taipei City,TW-65000220,official,Official CEC presidential result at township/district level. The map shows the local leader; Taiwan elects one president nationally. Remote uninhabited claimed-island geometry is omitted from the display.
"Bali District, New Taipei City",https://db.cec.gov.tw/ElecTable/Election/ElecTickets?dataType=tickets&typeId=ELC&subjectId=P0&legisId=00&themeId=4d83db17c1707e3defae5dc4d4e9c800&dataLevel=C&prvCode=00&cityCode=000&areaCode=00&deptCode=000&liCode=0000,https://data.gov.tw/dataset/7441,Lai Ching-te–Hsiao Bi-khim,Democratic Progressive Party,35691,24917,187,25104,70.34,1150,0,first,,,Lai Ching-te–Hsiao Bi-khim,Democratic Progressive Party,9714,New Taipei City,TW-65000230,official,Official CEC presidential result at township/district level. The map shows the local leader; Taiwan elects one president nationally. Remote uninhabited claimed-island geometry is omitted from the display.
"Bali District, New Taipei City",https://db.cec.gov.tw/ElecTable/Election/ElecTickets?dataType=tickets&typeId=ELC&subjectId=P0&legisId=00&themeId=4d83db17c1707e3defae5dc4d4e9c800&dataLevel=C&prvCode=00&cityCode=000&areaCode=00&deptCode=000&liCode=0000,https://data.gov.tw/dataset/7441,Lai Ching-te–Hsiao Bi-khim,Democratic Progressive Party,35691,24917,187,25104,70.34,1150,0,first,,,Hou Yu-ih–Jaw Shaw-kong,Kuomintang,8564,New Taipei City,TW-65000230,official,Official CEC presidential result at township/district level. The map shows the local leader; Taiwan elects one president nationally. Remote uninhabited claimed-island geometry is omitted from the display.
"Bali District, New Taipei City",https://db.cec.gov.tw/ElecTable/Election/ElecTickets?dataType=tickets&typeId=ELC&subjectId=P0&legisId=00&themeId=4d83db17c1707e3defae5dc4d4e9c800&dataLevel=C&prvCode=00&cityCode=000&areaCode=00&deptCode=000&liCode=0000,https://data.gov.tw/dataset/7441,Lai Ching-te–Hsiao Bi-khim,Democratic Progressive Party,35691,24917,187,25104,70.34,1150,0,first,,,Ko Wen-je–Cynthia Wu,Taiwan People's Party,6639,New Taipei City,TW-65000230,official,Official CEC presidential result at township/district level. The map shows the local leader; Taiwan elects one president nationally. Remote uninhabited claimed-island geometry is omitted from the display.
"Pingxi District, New Taipei City",https://db.cec.gov.tw/ElecTable/Election/ElecTickets?dataType=tickets&typeId=ELC&subjectId=P0&legisId=00&themeId=4d83db17c1707e3defae5dc4d4e9c800&dataLevel=C&prvCode=00&cityCode=000&areaCode=00&deptCode=000&liCode=0000,https://data.gov.tw/dataset/7441,Lai Ching-te–Hsiao Bi-khim,Democratic Progressive Party,3862,2525,19,2544,65.87,110,0,first,,,Lai Ching-te–Hsiao Bi-khim,Democratic Progressive Party,1125,New Taipei City,TW-65000240,official,Official CEC presidential result at township/district level. The map shows the local leader; Taiwan elects one president nationally. Remote uninhabited claimed-island geometry is omitted from the display.
"Pingxi District, New Taipei City",https://db.cec.gov.tw/ElecTable/Election/ElecTickets?dataType=tickets&typeId=ELC&subjectId=P0&legisId=00&themeId=4d83db17c1707e3defae5dc4d4e9c800&dataLevel=C&prvCode=00&cityCode=000&areaCode=00&deptCode=000&liCode=0000,https://data.gov.tw/dataset/7441,Lai Ching-te–Hsiao Bi-khim,Democratic Progressive Party,3862,2525,19,2544,65.87,110,0,first,,,Hou Yu-ih–Jaw Shaw-kong,Kuomintang,1015,New Taipei City,TW-65000240,official,Official CEC presidential result at township/district level. The map shows the local leader; Taiwan elects one president nationally. Remote uninhabited claimed-island geometry is omitted from the display.
"Pingxi District, New Taipei City",https://db.cec.gov.tw/ElecTable/Election/ElecTickets?dataType=tickets&typeId=ELC&subjectId=P0&legisId=00&themeId=4d83db17c1707e3defae5dc4d4e9c800&dataLevel=C&prvCode=00&cityCode=000&areaCode=00&deptCode=000&liCode=0000,https://data.gov.tw/dataset/7441,Lai Ching-te–Hsiao Bi-khim,Democratic Progressive Party,3862,2525,19,2544,65.87,110,0,first,,,Ko Wen-je–Cynthia Wu,Taiwan People's Party,385,New Taipei City,TW-65000240,official,Official CEC presidential result at township/district level. The map shows the local leader; Taiwan elects one president nationally. Remote uninhabited claimed-island geometry is omitted from the display.
"Shuangxi District, New Taipei City",https://db.cec.gov.tw/ElecTable/Election/ElecTickets?dataType=tickets&typeId=ELC&subjectId=P0&legisId=00&themeId=4d83db17c1707e3defae5dc4d4e9c800&dataLevel=C&prvCode=00&cityCode=000&areaCode=00&deptCode=000&liCode=0000,https://data.gov.tw/dataset/7441,Lai Ching-te–Hsiao Bi-khim,Democratic Progressive Party,7207,4709,50,4759,66.03,27,0,first,,,Lai Ching-te–Hsiao Bi-khim,Democratic Progressive Party,1925,New Taipei City,TW-65000250,official,Official CEC presidential result at township/district level. The map shows the local leader; Taiwan elects one president nationally. Remote uninhabited claimed-island geometry is omitted from the display.
"Shuangxi District, New Taipei City",https://db.cec.gov.tw/ElecTable/Election/ElecTickets?dataType=tickets&typeId=ELC&subjectId=P0&legisId=00&themeId=4d83db17c1707e3defae5dc4d4e9c800&dataLevel=C&prvCode=00&cityCode=000&areaCode=00&deptCode=000&liCode=0000,https://data.gov.tw/dataset/7441,Lai Ching-te–Hsiao Bi-khim,Democratic Progressive Party,7207,4709,50,4759,66.03,27,0,first,,,Hou Yu-ih–Jaw Shaw-kong,Kuomintang,1898,New Taipei City,TW-65000250,official,Official CEC presidential result at township/district level. The map shows the local leader; Taiwan elects one president nationally. Remote uninhabited claimed-island geometry is omitted from the display.
"Shuangxi District, New Taipei City",https://db.cec.gov.tw/ElecTable/Election/ElecTickets?dataType=tickets&typeId=ELC&subjectId=P0&legisId=00&themeId=4d83db17c1707e3defae5dc4d4e9c800&dataLevel=C&prvCode=00&cityCode=000&areaCode=00&deptCode=000&liCode=0000,https://data.gov.tw/dataset/7441,Lai Ching-te–Hsiao Bi-khim,Democratic Progressive Party,7207,4709,50,4759,66.03,27,0,first,,,Ko Wen-je–Cynthia Wu,Taiwan People's Party,886,New Taipei City,TW-65000250,official,Official CEC presidential result at township/district level. The map shows the local leader; Taiwan elects one president nationally. Remote uninhabited claimed-island geometry is omitted from the display.
"Gongliao District, New Taipei City",https://db.cec.gov.tw/ElecTable/Election/ElecTickets?dataType=tickets&typeId=ELC&subjectId=P0&legisId=00&themeId=4d83db17c1707e3defae5dc4d4e9c800&dataLevel=C&prvCode=00&cityCode=000&areaCode=00&deptCode=000&liCode=0000,https://data.gov.tw/dataset/7441,Lai Ching-te–Hsiao Bi-khim,Democratic Progressive Party,10182,6285,46,6331,62.18,1564,0,first,,,Lai Ching-te–Hsiao Bi-khim,Democratic Progressive Party,3396,New Taipei City,TW-65000260,official,Official CEC presidential result at township/district level. The map shows the local leader; Taiwan elects one president nationally. Remote uninhabited claimed-island geometry is omitted from the display.
"Gongliao District, New Taipei City",https://db.cec.gov.tw/ElecTable/Election/ElecTickets?dataType=tickets&typeId=ELC&subjectId=P0&legisId=00&themeId=4d83db17c1707e3defae5dc4d4e9c800&dataLevel=C&prvCode=00&cityCode=000&areaCode=00&deptCode=000&liCode=0000,https://data.gov.tw/dataset/7441,Lai Ching-te–Hsiao Bi-khim,Democratic Progressive Party,10182,6285,46,6331,62.18,1564,0,first,,,Hou Yu-ih–Jaw Shaw-kong,Kuomintang,1832,New Taipei City,TW-65000260,official,Official CEC presidential result at township/district level. The map shows the local leader; Taiwan elects one president nationally. Remote uninhabited claimed-island geometry is omitted from the display.
"Gongliao District, New Taipei City",https://db.cec.gov.tw/ElecTable/Election/ElecTickets?dataType=tickets&typeId=ELC&subjectId=P0&legisId=00&themeId=4d83db17c1707e3defae5dc4d4e9c800&dataLevel=C&prvCode=00&cityCode=000&areaCode=00&deptCode=000&liCode=0000,https://data.gov.tw/dataset/7441,Lai Ching-te–Hsiao Bi-khim,Democratic Progressive Party,10182,6285,46,6331,62.18,1564,0,first,,,Ko Wen-je–Cynthia Wu,Taiwan People's Party,1057,New Taipei City,TW-65000260,official,Official CEC presidential result at township/district level. The map shows the local leader; Taiwan elects one president nationally. Remote uninhabited claimed-island geometry is omitted from the display.
"Jinshan District, New Taipei City",https://db.cec.gov.tw/ElecTable/Election/ElecTickets?dataType=tickets&typeId=ELC&subjectId=P0&legisId=00&themeId=4d83db17c1707e3defae5dc4d4e9c800&dataLevel=C&prvCode=00&cityCode=000&areaCode=00&deptCode=000&liCode=0000,https://data.gov.tw/dataset/7441,Lai Ching-te–Hsiao Bi-khim,Democratic Progressive Party,17977,12230,66,12296,68.4,1683,0,first,,,Lai Ching-te–Hsiao Bi-khim,Democratic Progressive Party,5588,New Taipei City,TW-65000270,official,Official CEC presidential result at township/district level. The map shows the local leader; Taiwan elects one president nationally. Remote uninhabited claimed-island geometry is omitted from the display.
"Jinshan District, New Taipei City",https://db.cec.gov.tw/ElecTable/Election/ElecTickets?dataType=tickets&typeId=ELC&subjectId=P0&legisId=00&themeId=4d83db17c1707e3defae5dc4d4e9c800&dataLevel=C&prvCode=00&cityCode=000&areaCode=00&deptCode=000&liCode=0000,https://data.gov.tw/dataset/7441,Lai Ching-te–Hsiao Bi-khim,Democratic Progressive Party,17977,12230,66,12296,68.4,1683,0,first,,,Hou Yu-ih–Jaw Shaw-kong,Kuomintang,3905,New Taipei City,TW-65000270,official,Official CEC presidential result at township/district level. The map shows the local leader; Taiwan elects one president nationally. Remote uninhabited claimed-island geometry is omitted from the display.
"Jinshan District, New Taipei City",https://db.cec.gov.tw/ElecTable/Election/ElecTickets?dataType=tickets&typeId=ELC&subjectId=P0&legisId=00&themeId=4d83db17c1707e3defae5dc4d4e9c800&dataLevel=C&prvCode=00&cityCode=000&areaCode=00&deptCode=000&liCode=0000,https://data.gov.tw/dataset/7441,Lai Ching-te–Hsiao Bi-khim,Democratic Progressive Party,17977,12230,66,12296,68.4,1683,0,first,,,Ko Wen-je–Cynthia Wu,Taiwan People's Party,2737,New Taipei City,TW-65000270,official,Official CEC presidential result at township/district level. The map shows the local leader; Taiwan elects one president nationally. Remote uninhabited claimed-island geometry is omitted from the display.
"Wanli District, New Taipei City",https://db.cec.gov.tw/ElecTable/Election/ElecTickets?dataType=tickets&typeId=ELC&subjectId=P0&legisId=00&themeId=4d83db17c1707e3defae5dc4d4e9c800&dataLevel=C&prvCode=00&cityCode=000&areaCode=00&deptCode=000&liCode=0000,https://data.gov.tw/dataset/7441,Lai Ching-te–Hsiao Bi-khim,Democratic Progressive Party,18422,12175,87,12262,66.56,1667,0,first,,,Lai Ching-te–Hsiao Bi-khim,Democratic Progressive Party,5739,New Taipei City,TW-65000280,official,Official CEC presidential result at township/district level. The map shows the local leader; Taiwan elects one president nationally. Remote uninhabited claimed-island geometry is omitted from the display.
"Wanli District, New Taipei City",https://db.cec.gov.tw/ElecTable/Election/ElecTickets?dataType=tickets&typeId=ELC&subjectId=P0&legisId=00&themeId=4d83db17c1707e3defae5dc4d4e9c800&dataLevel=C&prvCode=00&cityCode=000&areaCode=00&deptCode=000&liCode=0000,https://data.gov.tw/dataset/7441,Lai Ching-te–Hsiao Bi-khim,Democratic Progressive Party,18422,12175,87,12262,66.56,1667,0,first,,,Hou Yu-ih–Jaw Shaw-kong,Kuomintang,4072,New Taipei City,TW-65000280,official,Official CEC presidential result at township/district level. The map shows the local leader; Taiwan elects one president nationally. Remote uninhabited claimed-island geometry is omitted from the display.
"Wanli District, New Taipei City",https://db.cec.gov.tw/ElecTable/Election/ElecTickets?dataType=tickets&typeId=ELC&subjectId=P0&legisId=00&themeId=4d83db17c1707e3defae5dc4d4e9c800&dataLevel=C&prvCode=00&cityCode=000&areaCode=00&deptCode=000&liCode=0000,https://data.gov.tw/dataset/7441,Lai Ching-te–Hsiao Bi-khim,Democratic Progressive Party,18422,12175,87,12262,66.56,1667,0,first,,,Ko Wen-je–Cynthia Wu,Taiwan People's Party,2364,New Taipei City,TW-65000280,official,Official CEC presidential result at township/district level. The map shows the local leader; Taiwan elects one president nationally. Remote uninhabited claimed-island geometry is omitted from the display.
"Wulai District, New Taipei City",https://db.cec.gov.tw/ElecTable/Election/ElecTickets?dataType=tickets&typeId=ELC&subjectId=P0&legisId=00&themeId=4d83db17c1707e3defae5dc4d4e9c800&dataLevel=C&prvCode=00&cityCode=000&areaCode=00&deptCode=000&liCode=0000,https://data.gov.tw/dataset/7441,Hou Yu-ih–Jaw Shaw-kong,Kuomintang,5128,3505,26,3531,68.86,562,0,first,,,Hou Yu-ih–Jaw Shaw-kong,Kuomintang,1604,New Taipei City,TW-65000290,official,Official CEC presidential result at township/district level. The map shows the local leader; Taiwan elects one president nationally. Remote uninhabited claimed-island geometry is omitted from the display.
"Wulai District, New Taipei City",https://db.cec.gov.tw/ElecTable/Election/ElecTickets?dataType=tickets&typeId=ELC&subjectId=P0&legisId=00&themeId=4d83db17c1707e3defae5dc4d4e9c800&dataLevel=C&prvCode=00&cityCode=000&areaCode=00&deptCode=000&liCode=0000,https://data.gov.tw/dataset/7441,Hou Yu-ih–Jaw Shaw-kong,Kuomintang,5128,3505,26,3531,68.86,562,0,first,,,Lai Ching-te–Hsiao Bi-khim,Democratic Progressive Party,1042,New Taipei City,TW-65000290,official,Official CEC presidential result at township/district level. The map shows the local leader; Taiwan elects one president nationally. Remote uninhabited claimed-island geometry is omitted from the display.
"Wulai District, New Taipei City",https://db.cec.gov.tw/ElecTable/Election/ElecTickets?dataType=tickets&typeId=ELC&subjectId=P0&legisId=00&themeId=4d83db17c1707e3defae5dc4d4e9c800&dataLevel=C&prvCode=00&cityCode=000&areaCode=00&deptCode=000&liCode=0000,https://data.gov.tw/dataset/7441,Hou Yu-ih–Jaw Shaw-kong,Kuomintang,5128,3505,26,3531,68.86,562,0,first,,,Ko Wen-je–Cynthia Wu,Taiwan People's Party,859,New Taipei City,TW-65000290,official,Official CEC presidential result at township/district level. The map shows the local leader; Taiwan elects one president nationally. Remote uninhabited claimed-island geometry is omitted from the display.
"Taoyuan District, Taoyuan City",https://db.cec.gov.tw/ElecTable/Election/ElecTickets?dataType=tickets&typeId=ELC&subjectId=P0&legisId=00&themeId=4d83db17c1707e3defae5dc4d4e9c800&dataLevel=C&prvCode=00&cityCode=000&areaCode=00&deptCode=000&liCode=0000,https://data.gov.tw/dataset/7441,Lai Ching-te–Hsiao Bi-khim,Democratic Progressive Party,379592,273373,1617,274990,72.44,8583,0,first,,,Lai Ching-te–Hsiao Bi-khim,Democratic Progressive Party,100081,Taoyuan City,TW-68000010,official,Official CEC presidential result at township/district level. The map shows the local leader; Taiwan elects one president nationally. Remote uninhabited claimed-island geometry is omitted from the display.
"Taoyuan District, Taoyuan City",https://db.cec.gov.tw/ElecTable/Election/ElecTickets?dataType=tickets&typeId=ELC&subjectId=P0&legisId=00&themeId=4d83db17c1707e3defae5dc4d4e9c800&dataLevel=C&prvCode=00&cityCode=000&areaCode=00&deptCode=000&liCode=0000,https://data.gov.tw/dataset/7441,Lai Ching-te–Hsiao Bi-khim,Democratic Progressive Party,379592,273373,1617,274990,72.44,8583,0,first,,,Hou Yu-ih–Jaw Shaw-kong,Kuomintang,91498,Taoyuan City,TW-68000010,official,Official CEC presidential result at township/district level. The map shows the local leader; Taiwan elects one president nationally. Remote uninhabited claimed-island geometry is omitted from the display.
"Taoyuan District, Taoyuan City",https://db.cec.gov.tw/ElecTable/Election/ElecTickets?dataType=tickets&typeId=ELC&subjectId=P0&legisId=00&themeId=4d83db17c1707e3defae5dc4d4e9c800&dataLevel=C&prvCode=00&cityCode=000&areaCode=00&deptCode=000&liCode=0000,https://data.gov.tw/dataset/7441,Lai Ching-te–Hsiao Bi-khim,Democratic Progressive Party,379592,273373,1617,274990,72.44,8583,0,first,,,Ko Wen-je–Cynthia Wu,Taiwan People's Party,81794,Taoyuan City,TW-68000010,official,Official CEC presidential result at township/district level. The map shows the local leader; Taiwan elects one president nationally. Remote uninhabited claimed-island geometry is omitted from the display.
"Zhongli District, Taoyuan City",https://db.cec.gov.tw/ElecTable/Election/ElecTickets?dataType=tickets&typeId=ELC&subjectId=P0&legisId=00&themeId=4d83db17c1707e3defae5dc4d4e9c800&dataLevel=C&prvCode=00&cityCode=000&areaCode=00&deptCode=000&liCode=0000,https://data.gov.tw/dataset/7441,Hou Yu-ih–Jaw Shaw-kong,Kuomintang,349654,254621,1606,256227,73.28,10002,0,first,,,Hou Yu-ih–Jaw Shaw-kong,Kuomintang,92934,Taoyuan City,TW-68000020,official,Official CEC presidential result at township/district level. The map shows the local leader; Taiwan elects one president nationally. Remote uninhabited claimed-island geometry is omitted from the display.
"Zhongli District, Taoyuan City",https://db.cec.gov.tw/ElecTable/Election/ElecTickets?dataType=tickets&typeId=ELC&subjectId=P0&legisId=00&themeId=4d83db17c1707e3defae5dc4d4e9c800&dataLevel=C&prvCode=00&cityCode=000&areaCode=00&deptCode=000&liCode=0000,https://data.gov.tw/dataset/7441,Hou Yu-ih–Jaw Shaw-kong,Kuomintang,349654,254621,1606,256227,73.28,10002,0,first,,,Lai Ching-te–Hsiao Bi-khim,Democratic Progressive Party,82932,Taoyuan City,TW-68000020,official,Official CEC presidential result at township/district level. The map shows the local leader; Taiwan elects one president nationally. Remote uninhabited claimed-island geometry is omitted from the display.
"Zhongli District, Taoyuan City",https://db.cec.gov.tw/ElecTable/Election/ElecTickets?dataType=tickets&typeId=ELC&subjectId=P0&legisId=00&themeId=4d83db17c1707e3defae5dc4d4e9c800&dataLevel=C&prvCode=00&cityCode=000&areaCode=00&deptCode=000&liCode=0000,https://data.gov.tw/dataset/7441,Hou Yu-ih–Jaw Shaw-kong,Kuomintang,349654,254621,1606,256227,73.28,10002,0,first,,,Ko Wen-je–Cynthia Wu,Taiwan People's Party,78755,Taoyuan City,TW-68000020,official,Official CEC presidential result at township/district level. The map shows the local leader; Taiwan elects one president nationally. Remote uninhabited claimed-island geometry is omitted from the display.
"Daxi District, Taoyuan City",https://db.cec.gov.tw/ElecTable/Election/ElecTickets?dataType=tickets&typeId=ELC&subjectId=P0&legisId=00&themeId=4d83db17c1707e3defae5dc4d4e9c800&dataLevel=C&prvCode=00&cityCode=000&areaCode=00&deptCode=000&liCode=0000,https://data.gov.tw/dataset/7441,Lai Ching-te–Hsiao Bi-khim,Democratic Progressive Party,78478,55288,355,55643,70.9,4333,0,first,,,Lai Ching-te–Hsiao Bi-khim,Democratic Progressive Party,22229,Taoyuan City,TW-68000030,official,Official CEC presidential result at township/district level. The map shows the local leader; Taiwan elects one president nationally. Remote uninhabited claimed-island geometry is omitted from the display.
"Daxi District, Taoyuan City",https://db.cec.gov.tw/ElecTable/Election/ElecTickets?dataType=tickets&typeId=ELC&subjectId=P0&legisId=00&themeId=4d83db17c1707e3defae5dc4d4e9c800&dataLevel=C&prvCode=00&cityCode=000&areaCode=00&deptCode=000&liCode=0000,https://data.gov.tw/dataset/7441,Lai Ching-te–Hsiao Bi-khim,Democratic Progressive Party,78478,55288,355,55643,70.9,4333,0,first,,,Hou Yu-ih–Jaw Shaw-kong,Kuomintang,17896,Taoyuan City,TW-68000030,official,Official CEC presidential result at township/district level. The map shows the local leader; Taiwan elects one president nationally. Remote uninhabited claimed-island geometry is omitted from the display.
"Daxi District, Taoyuan City",https://db.cec.gov.tw/ElecTable/Election/ElecTickets?dataType=tickets&typeId=ELC&subjectId=P0&legisId=00&themeId=4d83db17c1707e3defae5dc4d4e9c800&dataLevel=C&prvCode=00&cityCode=000&areaCode=00&deptCode=000&liCode=0000,https://data.gov.tw/dataset/7441,Lai Ching-te–Hsiao Bi-khim,Democratic Progressive Party,78478,55288,355,55643,70.9,4333,0,first,,,Ko Wen-je–Cynthia Wu,Taiwan People's Party,15163,Taoyuan City,TW-68000030,official,Official CEC presidential result at township/district level. The map shows the local leader; Taiwan elects one president nationally. Remote uninhabited claimed-island geometry is omitted from the display.
"Yangmei District, Taoyuan City",https://db.cec.gov.tw/ElecTable/Election/ElecTickets?dataType=tickets&typeId=ELC&subjectId=P0&legisId=00&themeId=4d83db17c1707e3defae5dc4d4e9c800&dataLevel=C&prvCode=00&cityCode=000&areaCode=00&deptCode=000&liCode=0000,https://data.gov.tw/dataset/7441,Hou Yu-ih–Jaw Shaw-kong,Kuomintang,145651,103814,675,104489,71.74,2870,0,first,,,Hou Yu-ih–Jaw Shaw-kong,Kuomintang,36966,Taoyuan City,TW-68000040,official,Official CEC presidential result at township/district level. The map shows the local leader; Taiwan elects one president nationally. Remote uninhabited claimed-island geometry is omitted from the display.
"Yangmei District, Taoyuan City",https://db.cec.gov.tw/ElecTable/Election/ElecTickets?dataType=tickets&typeId=ELC&subjectId=P0&legisId=00&themeId=4d83db17c1707e3defae5dc4d4e9c800&dataLevel=C&prvCode=00&cityCode=000&areaCode=00&deptCode=000&liCode=0000,https://data.gov.tw/dataset/7441,Hou Yu-ih–Jaw Shaw-kong,Kuomintang,145651,103814,675,104489,71.74,2870,0,first,,,Ko Wen-je–Cynthia Wu,Taiwan People's Party,34096,Taoyuan City,TW-68000040,official,Official CEC presidential result at township/district level. The map shows the local leader; Taiwan elects one president nationally. Remote uninhabited claimed-island geometry is omitted from the display.
"Yangmei District, Taoyuan City",https://db.cec.gov.tw/ElecTable/Election/ElecTickets?dataType=tickets&typeId=ELC&subjectId=P0&legisId=00&themeId=4d83db17c1707e3defae5dc4d4e9c800&dataLevel=C&prvCode=00&cityCode=000&areaCode=00&deptCode=000&liCode=0000,https://data.gov.tw/dataset/7441,Hou Yu-ih–Jaw Shaw-kong,Kuomintang,145651,103814,675,104489,71.74,2870,0,first,,,Lai Ching-te–Hsiao Bi-khim,Democratic Progressive Party,32752,Taoyuan City,TW-68000040,official,Official CEC presidential result at township/district level. The map shows the local leader; Taiwan elects one president nationally. Remote uninhabited claimed-island geometry is omitted from the display.
"Luzhu District, Taoyuan City",https://db.cec.gov.tw/ElecTable/Election/ElecTickets?dataType=tickets&typeId=ELC&subjectId=P0&legisId=00&themeId=4d83db17c1707e3defae5dc4d4e9c800&dataLevel=C&prvCode=00&cityCode=000&areaCode=00&deptCode=000&liCode=0000,https://data.gov.tw/dataset/7441,Lai Ching-te–Hsiao Bi-khim,Democratic Progressive Party,134569,97079,608,97687,72.59,9568,0,first,,,Lai Ching-te–Hsiao Bi-khim,Democratic Progressive Party,38760,Taoyuan City,TW-68000050,official,Official CEC presidential result at township/district level. The map shows the local leader; Taiwan elects one president nationally. Remote uninhabited claimed-island geometry is omitted from the display.
"Luzhu District, Taoyuan City",https://db.cec.gov.tw/ElecTable/Election/ElecTickets?dataType=tickets&typeId=ELC&subjectId=P0&legisId=00&themeId=4d83db17c1707e3defae5dc4d4e9c800&dataLevel=C&prvCode=00&cityCode=000&areaCode=00&deptCode=000&liCode=0000,https://data.gov.tw/dataset/7441,Lai Ching-te–Hsiao Bi-khim,Democratic Progressive Party,134569,97079,608,97687,72.59,9568,0,first,,,Hou Yu-ih–Jaw Shaw-kong,Kuomintang,29192,Taoyuan City,TW-68000050,official,Official CEC presidential result at township/district level. The map shows the local leader; Taiwan elects one president nationally. Remote uninhabited claimed-island geometry is omitted from the display.
"Luzhu District, Taoyuan City",https://db.cec.gov.tw/ElecTable/Election/ElecTickets?dataType=tickets&typeId=ELC&subjectId=P0&legisId=00&themeId=4d83db17c1707e3defae5dc4d4e9c800&dataLevel=C&prvCode=00&cityCode=000&areaCode=00&deptCode=000&liCode=0000,https://data.gov.tw/dataset/7441,Lai Ching-te–Hsiao Bi-khim,Democratic Progressive Party,134569,97079,608,97687,72.59,9568,0,first,,,Ko Wen-je–Cynthia Wu,Taiwan People's Party,29127,Taoyuan City,TW-68000050,official,Official CEC presidential result at township/district level. The map shows the local leader; Taiwan elects one president nationally. Remote uninhabited claimed-island geometry is omitted from the display.
"Dayuan District, Taoyuan City",https://db.cec.gov.tw/ElecTable/Election/ElecTickets?dataType=tickets&typeId=ELC&subjectId=P0&legisId=00&themeId=4d83db17c1707e3defae5dc4d4e9c800&dataLevel=C&prvCode=00&cityCode=000&areaCode=00&deptCode=000&liCode=0000,https://data.gov.tw/dataset/7441,Lai Ching-te–Hsiao Bi-khim,Democratic Progressive Party,70454,49386,347,49733,70.59,4896,0,first,,,Lai Ching-te–Hsiao Bi-khim,Democratic Progressive Party,20051,Taoyuan City,TW-68000060,official,Official CEC presidential result at township/district level. The map shows the local leader; Taiwan elects one president nationally. Remote uninhabited claimed-island geometry is omitted from the display.
"Dayuan District, Taoyuan City",https://db.cec.gov.tw/ElecTable/Election/ElecTickets?dataType=tickets&typeId=ELC&subjectId=P0&legisId=00&themeId=4d83db17c1707e3defae5dc4d4e9c800&dataLevel=C&prvCode=00&cityCode=000&areaCode=00&deptCode=000&liCode=0000,https://data.gov.tw/dataset/7441,Lai Ching-te–Hsiao Bi-khim,Democratic Progressive Party,70454,49386,347,49733,70.59,4896,0,first,,,Ko Wen-je–Cynthia Wu,Taiwan People's Party,15155,Taoyuan City,TW-68000060,official,Official CEC presidential result at township/district level. The map shows the local leader; Taiwan elects one president nationally. Remote uninhabited claimed-island geometry is omitted from the display.
"Dayuan District, Taoyuan City",https://db.cec.gov.tw/ElecTable/Election/ElecTickets?dataType=tickets&typeId=ELC&subjectId=P0&legisId=00&themeId=4d83db17c1707e3defae5dc4d4e9c800&dataLevel=C&prvCode=00&cityCode=000&areaCode=00&deptCode=000&liCode=0000,https://data.gov.tw/dataset/7441,Lai Ching-te–Hsiao Bi-khim,Democratic Progressive Party,70454,49386,347,49733,70.59,4896,0,first,,,Hou Yu-ih–Jaw Shaw-kong,Kuomintang,14180,Taoyuan City,TW-68000060,official,Official CEC presidential result at township/district level. The map shows the local leader; Taiwan elects one president nationally. Remote uninhabited claimed-island geometry is omitted from the display.
"Guishan District, Taoyuan City",https://db.cec.gov.tw/ElecTable/Election/ElecTickets?dataType=tickets&typeId=ELC&subjectId=P0&legisId=00&themeId=4d83db17c1707e3defae5dc4d4e9c800&dataLevel=C&prvCode=00&cityCode=000&areaCode=00&deptCode=000&liCode=0000,https://data.gov.tw/dataset/7441,Lai Ching-te–Hsiao Bi-khim,Democratic Progressive Party,147633,104396,678,105074,71.17,4593,0,first,,,Lai Ching-te–Hsiao Bi-khim,Democratic Progressive Party,38225,Taoyuan City,TW-68000070,official,Official CEC presidential result at township/district level. The map shows the local leader; Taiwan elects one president nationally. Remote uninhabited claimed-island geometry is omitted from the display.
"Guishan District, Taoyuan City",https://db.cec.gov.tw/ElecTable/Election/ElecTickets?dataType=tickets&typeId=ELC&subjectId=P0&legisId=00&themeId=4d83db17c1707e3defae5dc4d4e9c800&dataLevel=C&prvCode=00&cityCode=000&areaCode=00&deptCode=000&liCode=0000,https://data.gov.tw/dataset/7441,Lai Ching-te–Hsiao Bi-khim,Democratic Progressive Party,147633,104396,678,105074,71.17,4593,0,first,,,Hou Yu-ih–Jaw Shaw-kong,Kuomintang,33632,Taoyuan City,TW-68000070,official,Official CEC presidential result at township/district level. The map shows the local leader; Taiwan elects one president nationally. Remote uninhabited claimed-island geometry is omitted from the display.
"Guishan District, Taoyuan City",https://db.cec.gov.tw/ElecTable/Election/ElecTickets?dataType=tickets&typeId=ELC&subjectId=P0&legisId=00&themeId=4d83db17c1707e3defae5dc4d4e9c800&dataLevel=C&prvCode=00&cityCode=000&areaCode=00&deptCode=000&liCode=0000,https://data.gov.tw/dataset/7441,Lai Ching-te–Hsiao Bi-khim,Democratic Progressive Party,147633,104396,678,105074,71.17,4593,0,first,,,Ko Wen-je–Cynthia Wu,Taiwan People's Party,32539,Taoyuan City,TW-68000070,official,Official CEC presidential result at township/district level. The map shows the local leader; Taiwan elects one president nationally. Remote uninhabited claimed-island geometry is omitted from the display.
"Bade District, Taoyuan City",https://db.cec.gov.tw/ElecTable/Election/ElecTickets?dataType=tickets&typeId=ELC&subjectId=P0&legisId=00&themeId=4d83db17c1707e3defae5dc4d4e9c800&dataLevel=C&prvCode=00&cityCode=000&areaCode=00&deptCode=000&liCode=0000,https://data.gov.tw/dataset/7441,Hou Yu-ih–Jaw Shaw-kong,Kuomintang,173277,123720,923,124643,71.93,932,0,first,,,Hou Yu-ih–Jaw Shaw-kong,Kuomintang,43356,Taoyuan City,TW-68000080,official,Official CEC presidential result at township/district level. The map shows the local leader; Taiwan elects one president nationally. Remote uninhabited claimed-island geometry is omitted from the display.
"Bade District, Taoyuan City",https://db.cec.gov.tw/ElecTable/Election/ElecTickets?dataType=tickets&typeId=ELC&subjectId=P0&legisId=00&themeId=4d83db17c1707e3defae5dc4d4e9c800&dataLevel=C&prvCode=00&cityCode=000&areaCode=00&deptCode=000&liCode=0000,https://data.gov.tw/dataset/7441,Hou Yu-ih–Jaw Shaw-kong,Kuomintang,173277,123720,923,124643,71.93,932,0,first,,,Lai Ching-te–Hsiao Bi-khim,Democratic Progressive Party,42424,Taoyuan City,TW-68000080,official,Official CEC presidential result at township/district level. The map shows the local leader; Taiwan elects one president nationally. Remote uninhabited claimed-island geometry is omitted from the display.
"Bade District, Taoyuan City",https://db.cec.gov.tw/ElecTable/Election/ElecTickets?dataType=tickets&typeId=ELC&subjectId=P0&legisId=00&themeId=4d83db17c1707e3defae5dc4d4e9c800&dataLevel=C&prvCode=00&cityCode=000&areaCode=00&deptCode=000&liCode=0000,https://data.gov.tw/dataset/7441,Hou Yu-ih–Jaw Shaw-kong,Kuomintang,173277,123720,923,124643,71.93,932,0,first,,,Ko Wen-je–Cynthia Wu,Taiwan People's Party,37940,Taoyuan City,TW-68000080,official,Official CEC presidential result at township/district level. The map shows the local leader; Taiwan elects one president nationally. Remote uninhabited claimed-island geometry is omitted from the display.
"Longtan District, Taoyuan City",https://db.cec.gov.tw/ElecTable/Election/ElecTickets?dataType=tickets&typeId=ELC&subjectId=P0&legisId=00&themeId=4d83db17c1707e3defae5dc4d4e9c800&dataLevel=C&prvCode=00&cityCode=000&areaCode=00&deptCode=000&liCode=0000,https://data.gov.tw/dataset/7441,Hou Yu-ih–Jaw Shaw-kong,Kuomintang,104384,74646,493,75139,71.98,6141,0,first,,,Hou Yu-ih–Jaw Shaw-kong,Kuomintang,29087,Taoyuan City,TW-68000090,official,Official CEC presidential result at township/district level. The map shows the local leader; Taiwan elects one president nationally. Remote uninhabited claimed-island geometry is omitted from the display.
"Longtan District, Taoyuan City",https://db.cec.gov.tw/ElecTable/Election/ElecTickets?dataType=tickets&typeId=ELC&subjectId=P0&legisId=00&themeId=4d83db17c1707e3defae5dc4d4e9c800&dataLevel=C&prvCode=00&cityCode=000&areaCode=00&deptCode=000&liCode=0000,https://data.gov.tw/dataset/7441,Hou Yu-ih–Jaw Shaw-kong,Kuomintang,104384,74646,493,75139,71.98,6141,0,first,,,Lai Ching-te–Hsiao Bi-khim,Democratic Progressive Party,22946,Taoyuan City,TW-68000090,official,Official CEC presidential result at township/district level. The map shows the local leader; Taiwan elects one president nationally. Remote uninhabited claimed-island geometry is omitted from the display.
"Longtan District, Taoyuan City",https://db.cec.gov.tw/ElecTable/Election/ElecTickets?dataType=tickets&typeId=ELC&subjectId=P0&legisId=00&themeId=4d83db17c1707e3defae5dc4d4e9c800&dataLevel=C&prvCode=00&cityCode=000&areaCode=00&deptCode=000&liCode=0000,https://data.gov.tw/dataset/7441,Hou Yu-ih–Jaw Shaw-kong,Kuomintang,104384,74646,493,75139,71.98,6141,0,first,,,Ko Wen-je–Cynthia Wu,Taiwan People's Party,22613,Taoyuan City,TW-68000090,official,Official CEC presidential result at township/district level. The map shows the local leader; Taiwan elects one president nationally. Remote uninhabited claimed-island geometry is omitted from the display.
"Pingzhen District, Taoyuan City",https://db.cec.gov.tw/ElecTable/Election/ElecTickets?dataType=tickets&typeId=ELC&subjectId=P0&legisId=00&themeId=4d83db17c1707e3defae5dc4d4e9c800&dataLevel=C&prvCode=00&cityCode=000&areaCode=00&deptCode=000&liCode=0000,https://data.gov.tw/dataset/7441,Hou Yu-ih–Jaw Shaw-kong,Kuomintang,185902,135944,981,136925,73.65,3002,0,first,,,Hou Yu-ih–Jaw Shaw-kong,Kuomintang,48020,Taoyuan City,TW-68000100,official,Official CEC presidential result at township/district level. The map shows the local leader; Taiwan elects one president nationally. Remote uninhabited claimed-island geometry is omitted from the display.
"Pingzhen District, Taoyuan City",https://db.cec.gov.tw/ElecTable/Election/ElecTickets?dataType=tickets&typeId=ELC&subjectId=P0&legisId=00&themeId=4d83db17c1707e3defae5dc4d4e9c800&dataLevel=C&prvCode=00&cityCode=000&areaCode=00&deptCode=000&liCode=0000,https://data.gov.tw/dataset/7441,Hou Yu-ih–Jaw Shaw-kong,Kuomintang,185902,135944,981,136925,73.65,3002,0,first,,,Lai Ching-te–Hsiao Bi-khim,Democratic Progressive Party,45018,Taoyuan City,TW-68000100,official,Official CEC presidential result at township/district level. The map shows the local leader; Taiwan elects one president nationally. Remote uninhabited claimed-island geometry is omitted from the display.
"Pingzhen District, Taoyuan City",https://db.cec.gov.tw/ElecTable/Election/ElecTickets?dataType=tickets&typeId=ELC&subjectId=P0&legisId=00&themeId=4d83db17c1707e3defae5dc4d4e9c800&dataLevel=C&prvCode=00&cityCode=000&areaCode=00&deptCode=000&liCode=0000,https://data.gov.tw/dataset/7441,Hou Yu-ih–Jaw Shaw-kong,Kuomintang,185902,135944,981,136925,73.65,3002,0,first,,,Ko Wen-je–Cynthia Wu,Taiwan People's Party,42906,Taoyuan City,TW-68000100,official,Official CEC presidential result at township/district level. The map shows the local leader; Taiwan elects one president nationally. Remote uninhabited claimed-island geometry is omitted from the display.
"Xinwu District, Taoyuan City",https://db.cec.gov.tw/ElecTable/Election/ElecTickets?dataType=tickets&typeId=ELC&subjectId=P0&legisId=00&themeId=4d83db17c1707e3defae5dc4d4e9c800&dataLevel=C&prvCode=00&cityCode=000&areaCode=00&deptCode=000&liCode=0000,https://data.gov.tw/dataset/7441,Lai Ching-te–Hsiao Bi-khim,Democratic Progressive Party,41583,30143,239,30382,73.06,2912,0,first,,,Lai Ching-te–Hsiao Bi-khim,Democratic Progressive Party,12268,Taoyuan City,TW-68000110,official,Official CEC presidential result at township/district level. The map shows the local leader; Taiwan elects one president nationally. Remote uninhabited claimed-island geometry is omitted from the display.
"Xinwu District, Taoyuan City",https://db.cec.gov.tw/ElecTable/Election/ElecTickets?dataType=tickets&typeId=ELC&subjectId=P0&legisId=00&themeId=4d83db17c1707e3defae5dc4d4e9c800&dataLevel=C&prvCode=00&cityCode=000&areaCode=00&deptCode=000&liCode=0000,https://data.gov.tw/dataset/7441,Lai Ching-te–Hsiao Bi-khim,Democratic Progressive Party,41583,30143,239,30382,73.06,2912,0,first,,,Hou Yu-ih–Jaw Shaw-kong,Kuomintang,9356,Taoyuan City,TW-68000110,official,Official CEC presidential result at township/district level. The map shows the local leader; Taiwan elects one president nationally. Remote uninhabited claimed-island geometry is omitted from the display.
"Xinwu District, Taoyuan City",https://db.cec.gov.tw/ElecTable/Election/ElecTickets?dataType=tickets&typeId=ELC&subjectId=P0&legisId=00&themeId=4d83db17c1707e3defae5dc4d4e9c800&dataLevel=C&prvCode=00&cityCode=000&areaCode=00&deptCode=000&liCode=0000,https://data.gov.tw/dataset/7441,Lai Ching-te–Hsiao Bi-khim,Democratic Progressive Party,41583,30143,239,30382,73.06,2912,0,first,,,Ko Wen-je–Cynthia Wu,Taiwan People's Party,8519,Taoyuan City,TW-68000110,official,Official CEC presidential result at township/district level. The map shows the local leader; Taiwan elects one president nationally. Remote uninhabited claimed-island geometry is omitted from the display.
"Guanyin District, Taoyuan City",https://db.cec.gov.tw/ElecTable/Election/ElecTickets?dataType=tickets&typeId=ELC&subjectId=P0&legisId=00&themeId=4d83db17c1707e3defae5dc4d4e9c800&dataLevel=C&prvCode=00&cityCode=000&areaCode=00&deptCode=000&liCode=0000,https://data.gov.tw/dataset/7441,Lai Ching-te–Hsiao Bi-khim,Democratic Progressive Party,61080,42060,317,42377,69.38,4066,0,first,,,Lai Ching-te–Hsiao Bi-khim,Democratic Progressive Party,17321,Taoyuan City,TW-68000120,official,Official CEC presidential result at township/district level. The map shows the local leader; Taiwan elects one president nationally. Remote uninhabited claimed-island geometry is omitted from the display.
"Guanyin District, Taoyuan City",https://db.cec.gov.tw/ElecTable/Election/ElecTickets?dataType=tickets&typeId=ELC&subjectId=P0&legisId=00&themeId=4d83db17c1707e3defae5dc4d4e9c800&dataLevel=C&prvCode=00&cityCode=000&areaCode=00&deptCode=000&liCode=0000,https://data.gov.tw/dataset/7441,Lai Ching-te–Hsiao Bi-khim,Democratic Progressive Party,61080,42060,317,42377,69.38,4066,0,first,,,Ko Wen-je–Cynthia Wu,Taiwan People's Party,13255,Taoyuan City,TW-68000120,official,Official CEC presidential result at township/district level. The map shows the local leader; Taiwan elects one president nationally. Remote uninhabited claimed-island geometry is omitted from the display.
"Guanyin District, Taoyuan City",https://db.cec.gov.tw/ElecTable/Election/ElecTickets?dataType=tickets&typeId=ELC&subjectId=P0&legisId=00&themeId=4d83db17c1707e3defae5dc4d4e9c800&dataLevel=C&prvCode=00&cityCode=000&areaCode=00&deptCode=000&liCode=0000,https://data.gov.tw/dataset/7441,Lai Ching-te–Hsiao Bi-khim,Democratic Progressive Party,61080,42060,317,42377,69.38,4066,0,first,,,Hou Yu-ih–Jaw Shaw-kong,Kuomintang,11484,Taoyuan City,TW-68000120,official,Official CEC presidential result at township/district level. The map shows the local leader; Taiwan elects one president nationally. Remote uninhabited claimed-island geometry is omitted from the display.
"Fuxing District, Taoyuan City",https://db.cec.gov.tw/ElecTable/Election/ElecTickets?dataType=tickets&typeId=ELC&subjectId=P0&legisId=00&themeId=4d83db17c1707e3defae5dc4d4e9c800&dataLevel=C&prvCode=00&cityCode=000&areaCode=00&deptCode=000&liCode=0000,https://data.gov.tw/dataset/7441,Hou Yu-ih–Jaw Shaw-kong,Kuomintang,10335,6322,58,6380,61.73,1556,0,first,,,Hou Yu-ih–Jaw Shaw-kong,Kuomintang,3222,Taoyuan City,TW-68000130,official,Official CEC presidential result at township/district level. The map shows the local leader; Taiwan elects one president nationally. Remote uninhabited claimed-island geometry is omitted from the display.
"Fuxing District, Taoyuan City",https://db.cec.gov.tw/ElecTable/Election/ElecTickets?dataType=tickets&typeId=ELC&subjectId=P0&legisId=00&themeId=4d83db17c1707e3defae5dc4d4e9c800&dataLevel=C&prvCode=00&cityCode=000&areaCode=00&deptCode=000&liCode=0000,https://data.gov.tw/dataset/7441,Hou Yu-ih–Jaw Shaw-kong,Kuomintang,10335,6322,58,6380,61.73,1556,0,first,,,Ko Wen-je–Cynthia Wu,Taiwan People's Party,1666,Taoyuan City,TW-68000130,official,Official CEC presidential result at township/district level. The map shows the local leader; Taiwan elects one president nationally. Remote uninhabited claimed-island geometry is omitted from the display.
"Fuxing District, Taoyuan City",https://db.cec.gov.tw/ElecTable/Election/ElecTickets?dataType=tickets&typeId=ELC&subjectId=P0&legisId=00&themeId=4d83db17c1707e3defae5dc4d4e9c800&dataLevel=C&prvCode=00&cityCode=000&areaCode=00&deptCode=000&liCode=0000,https://data.gov.tw/dataset/7441,Hou Yu-ih–Jaw Shaw-kong,Kuomintang,10335,6322,58,6380,61.73,1556,0,first,,,Lai Ching-te–Hsiao Bi-khim,Democratic Progressive Party,1434,Taoyuan City,TW-68000130,official,Official CEC presidential result at township/district level. The map shows the local leader; Taiwan elects one president nationally. Remote uninhabited claimed-island geometry is omitted from the display.
"Central District, Taichung City",https://db.cec.gov.tw/ElecTable/Election/ElecTickets?dataType=tickets&typeId=ELC&subjectId=P0&legisId=00&themeId=4d83db17c1707e3defae5dc4d4e9c800&dataLevel=C&prvCode=00&cityCode=000&areaCode=00&deptCode=000&liCode=0000,https://data.gov.tw/dataset/7441,Lai Ching-te–Hsiao Bi-khim,Democratic Progressive Party,13883,9446,71,9517,68.55,885,0,first,,,Lai Ching-te–Hsiao Bi-khim,Democratic Progressive Party,4022,Taichung City,TW-66000010,official,Official CEC presidential result at township/district level. The map shows the local leader; Taiwan elects one president nationally. Remote uninhabited claimed-island geometry is omitted from the display.
"Central District, Taichung City",https://db.cec.gov.tw/ElecTable/Election/ElecTickets?dataType=tickets&typeId=ELC&subjectId=P0&legisId=00&themeId=4d83db17c1707e3defae5dc4d4e9c800&dataLevel=C&prvCode=00&cityCode=000&areaCode=00&deptCode=000&liCode=0000,https://data.gov.tw/dataset/7441,Lai Ching-te–Hsiao Bi-khim,Democratic Progressive Party,13883,9446,71,9517,68.55,885,0,first,,,Hou Yu-ih–Jaw Shaw-kong,Kuomintang,3137,Taichung City,TW-66000010,official,Official CEC presidential result at township/district level. The map shows the local leader; Taiwan elects one president nationally. Remote uninhabited claimed-island geometry is omitted from the display.
"Central District, Taichung City",https://db.cec.gov.tw/ElecTable/Election/ElecTickets?dataType=tickets&typeId=ELC&subjectId=P0&legisId=00&themeId=4d83db17c1707e3defae5dc4d4e9c800&dataLevel=C&prvCode=00&cityCode=000&areaCode=00&deptCode=000&liCode=0000,https://data.gov.tw/dataset/7441,Lai Ching-te–Hsiao Bi-khim,Democratic Progressive Party,13883,9446,71,9517,68.55,885,0,first,,,Ko Wen-je–Cynthia Wu,Taiwan People's Party,2287,Taichung City,TW-66000010,official,Official CEC presidential result at township/district level. The map shows the local leader; Taiwan elects one president nationally. Remote uninhabited claimed-island geometry is omitted from the display.
"East District, Taichung City",https://db.cec.gov.tw/ElecTable/Election/ElecTickets?dataType=tickets&typeId=ELC&subjectId=P0&legisId=00&themeId=4d83db17c1707e3defae5dc4d4e9c800&dataLevel=C&prvCode=00&cityCode=000&areaCode=00&deptCode=000&liCode=0000,https://data.gov.tw/dataset/7441,Lai Ching-te–Hsiao Bi-khim,Democratic Progressive Party,64857,47747,358,48105,74.17,4505,0,first,,,Lai Ching-te–Hsiao Bi-khim,Democratic Progressive Party,19286,Taichung City,TW-66000020,official,Official CEC presidential result at township/district level. The map shows the local leader; Taiwan elects one president nationally. Remote uninhabited claimed-island geometry is omitted from the display.
"East District, Taichung City",https://db.cec.gov.tw/ElecTable/Election/ElecTickets?dataType=tickets&typeId=ELC&subjectId=P0&legisId=00&themeId=4d83db17c1707e3defae5dc4d4e9c800&dataLevel=C&prvCode=00&cityCode=000&areaCode=00&deptCode=000&liCode=0000,https://data.gov.tw/dataset/7441,Lai Ching-te–Hsiao Bi-khim,Democratic Progressive Party,64857,47747,358,48105,74.17,4505,0,first,,,Hou Yu-ih–Jaw Shaw-kong,Kuomintang,14781,Taichung City,TW-66000020,official,Official CEC presidential result at township/district level. The map shows the local leader; Taiwan elects one president nationally. Remote uninhabited claimed-island geometry is omitted from the display.
"East District, Taichung City",https://db.cec.gov.tw/ElecTable/Election/ElecTickets?dataType=tickets&typeId=ELC&subjectId=P0&legisId=00&themeId=4d83db17c1707e3defae5dc4d4e9c800&dataLevel=C&prvCode=00&cityCode=000&areaCode=00&deptCode=000&liCode=0000,https://data.gov.tw/dataset/7441,Lai Ching-te–Hsiao Bi-khim,Democratic Progressive Party,64857,47747,358,48105,74.17,4505,0,first,,,Ko Wen-je–Cynthia Wu,Taiwan People's Party,13680,Taichung City,TW-66000020,official,Official CEC presidential result at township/district level. The map shows the local leader; Taiwan elects one president nationally. Remote uninhabited claimed-island geometry is omitted from the display.
"South District, Taichung City",https://db.cec.gov.tw/ElecTable/Election/ElecTickets?dataType=tickets&typeId=ELC&subjectId=P0&legisId=00&themeId=4d83db17c1707e3defae5dc4d4e9c800&dataLevel=C&prvCode=00&cityCode=000&areaCode=00&deptCode=000&liCode=0000,https://data.gov.tw/dataset/7441,Lai Ching-te–Hsiao Bi-khim,Democratic Progressive Party,105265,78438,540,78978,75.03,4386,0,first,,,Lai Ching-te–Hsiao Bi-khim,Democratic Progressive Party,29478,Taichung City,TW-66000030,official,Official CEC presidential result at township/district level. The map shows the local leader; Taiwan elects one president nationally. Remote uninhabited claimed-island geometry is omitted from the display.
"South District, Taichung City",https://db.cec.gov.tw/ElecTable/Election/ElecTickets?dataType=tickets&typeId=ELC&subjectId=P0&legisId=00&themeId=4d83db17c1707e3defae5dc4d4e9c800&dataLevel=C&prvCode=00&cityCode=000&areaCode=00&deptCode=000&liCode=0000,https://data.gov.tw/dataset/7441,Lai Ching-te–Hsiao Bi-khim,Democratic Progressive Party,105265,78438,540,78978,75.03,4386,0,first,,,Hou Yu-ih–Jaw Shaw-kong,Kuomintang,25092,Taichung City,TW-66000030,official,Official CEC presidential result at township/district level. The map shows the local leader; Taiwan elects one president nationally. Remote uninhabited claimed-island geometry is omitted from the display.
"South District, Taichung City",https://db.cec.gov.tw/ElecTable/Election/ElecTickets?dataType=tickets&typeId=ELC&subjectId=P0&legisId=00&themeId=4d83db17c1707e3defae5dc4d4e9c800&dataLevel=C&prvCode=00&cityCode=000&areaCode=00&deptCode=000&liCode=0000,https://data.gov.tw/dataset/7441,Lai Ching-te–Hsiao Bi-khim,Democratic Progressive Party,105265,78438,540,78978,75.03,4386,0,first,,,Ko Wen-je–Cynthia Wu,Taiwan People's Party,23868,Taichung City,TW-66000030,official,Official CEC presidential result at township/district level. The map shows the local leader; Taiwan elects one president nationally. Remote uninhabited claimed-island geometry is omitted from the display.
"West District, Taichung City",https://db.cec.gov.tw/ElecTable/Election/ElecTickets?dataType=tickets&typeId=ELC&subjectId=P0&legisId=00&themeId=4d83db17c1707e3defae5dc4d4e9c800&dataLevel=C&prvCode=00&cityCode=000&areaCode=00&deptCode=000&liCode=0000,https://data.gov.tw/dataset/7441,Lai Ching-te–Hsiao Bi-khim,Democratic Progressive Party,92687,68422,449,68871,74.3,5038,0,first,,,Lai Ching-te–Hsiao Bi-khim,Democratic Progressive Party,27637,Taichung City,TW-66000040,official,Official CEC presidential result at township/district level. The map shows the local leader; Taiwan elects one president nationally. Remote uninhabited claimed-island geometry is omitted from the display.
"West District, Taichung City",https://db.cec.gov.tw/ElecTable/Election/ElecTickets?dataType=tickets&typeId=ELC&subjectId=P0&legisId=00&themeId=4d83db17c1707e3defae5dc4d4e9c800&dataLevel=C&prvCode=00&cityCode=000&areaCode=00&deptCode=000&liCode=0000,https://data.gov.tw/dataset/7441,Lai Ching-te–Hsiao Bi-khim,Democratic Progressive Party,92687,68422,449,68871,74.3,5038,0,first,,,Hou Yu-ih–Jaw Shaw-kong,Kuomintang,22599,Taichung City,TW-66000040,official,Official CEC presidential result at township/district level. The map shows the local leader; Taiwan elects one president nationally. Remote uninhabited claimed-island geometry is omitted from the display.
"West District, Taichung City",https://db.cec.gov.tw/ElecTable/Election/ElecTickets?dataType=tickets&typeId=ELC&subjectId=P0&legisId=00&themeId=4d83db17c1707e3defae5dc4d4e9c800&dataLevel=C&prvCode=00&cityCode=000&areaCode=00&deptCode=000&liCode=0000,https://data.gov.tw/dataset/7441,Lai Ching-te–Hsiao Bi-khim,Democratic Progressive Party,92687,68422,449,68871,74.3,5038,0,first,,,Ko Wen-je–Cynthia Wu,Taiwan People's Party,18186,Taichung City,TW-66000040,official,Official CEC presidential result at township/district level. The map shows the local leader; Taiwan elects one president nationally. Remote uninhabited claimed-island geometry is omitted from the display.
"North District, Taichung City",https://db.cec.gov.tw/ElecTable/Election/ElecTickets?dataType=tickets&typeId=ELC&subjectId=P0&legisId=00&themeId=4d83db17c1707e3defae5dc4d4e9c800&dataLevel=C&prvCode=00&cityCode=000&areaCode=00&deptCode=000&liCode=0000,https://data.gov.tw/dataset/7441,Lai Ching-te–Hsiao Bi-khim,Democratic Progressive Party,121881,87743,605,88348,72.49,1805,0,first,,,Lai Ching-te–Hsiao Bi-khim,Democratic Progressive Party,32573,Taichung City,TW-66000050,official,Official CEC presidential result at township/district level. The map shows the local leader; Taiwan elects one president nationally. Remote uninhabited claimed-island geometry is omitted from the display.
"North District, Taichung City",https://db.cec.gov.tw/ElecTable/Election/ElecTickets?dataType=tickets&typeId=ELC&subjectId=P0&legisId=00&themeId=4d83db17c1707e3defae5dc4d4e9c800&dataLevel=C&prvCode=00&cityCode=000&areaCode=00&deptCode=000&liCode=0000,https://data.gov.tw/dataset/7441,Lai Ching-te–Hsiao Bi-khim,Democratic Progressive Party,121881,87743,605,88348,72.49,1805,0,first,,,Hou Yu-ih–Jaw Shaw-kong,Kuomintang,30768,Taichung City,TW-66000050,official,Official CEC presidential result at township/district level. The map shows the local leader; Taiwan elects one president nationally. Remote uninhabited claimed-island geometry is omitted from the display.
"North District, Taichung City",https://db.cec.gov.tw/ElecTable/Election/ElecTickets?dataType=tickets&typeId=ELC&subjectId=P0&legisId=00&themeId=4d83db17c1707e3defae5dc4d4e9c800&dataLevel=C&prvCode=00&cityCode=000&areaCode=00&deptCode=000&liCode=0000,https://data.gov.tw/dataset/7441,Lai Ching-te–Hsiao Bi-khim,Democratic Progressive Party,121881,87743,605,88348,72.49,1805,0,first,,,Ko Wen-je–Cynthia Wu,Taiwan People's Party,24402,Taichung City,TW-66000050,official,Official CEC presidential result at township/district level. The map shows the local leader; Taiwan elects one president nationally. Remote uninhabited claimed-island geometry is omitted from the display.
"Xitun District, Taichung City",https://db.cec.gov.tw/ElecTable/Election/ElecTickets?dataType=tickets&typeId=ELC&subjectId=P0&legisId=00&themeId=4d83db17c1707e3defae5dc4d4e9c800&dataLevel=C&prvCode=00&cityCode=000&areaCode=00&deptCode=000&liCode=0000,https://data.gov.tw/dataset/7441,Lai Ching-te–Hsiao Bi-khim,Democratic Progressive Party,189176,137799,1002,138801,73.37,2981,0,first,,,Lai Ching-te–Hsiao Bi-khim,Democratic Progressive Party,49613,Taichung City,TW-66000060,official,Official CEC presidential result at township/district level. The map shows the local leader; Taiwan elects one president nationally. Remote uninhabited claimed-island geometry is omitted from the display.
"Xitun District, Taichung City",https://db.cec.gov.tw/ElecTable/Election/ElecTickets?dataType=tickets&typeId=ELC&subjectId=P0&legisId=00&themeId=4d83db17c1707e3defae5dc4d4e9c800&dataLevel=C&prvCode=00&cityCode=000&areaCode=00&deptCode=000&liCode=0000,https://data.gov.tw/dataset/7441,Lai Ching-te–Hsiao Bi-khim,Democratic Progressive Party,189176,137799,1002,138801,73.37,2981,0,first,,,Hou Yu-ih–Jaw Shaw-kong,Kuomintang,46632,Taichung City,TW-66000060,official,Official CEC presidential result at township/district level. The map shows the local leader; Taiwan elects one president nationally. Remote uninhabited claimed-island geometry is omitted from the display.
"Xitun District, Taichung City",https://db.cec.gov.tw/ElecTable/Election/ElecTickets?dataType=tickets&typeId=ELC&subjectId=P0&legisId=00&themeId=4d83db17c1707e3defae5dc4d4e9c800&dataLevel=C&prvCode=00&cityCode=000&areaCode=00&deptCode=000&liCode=0000,https://data.gov.tw/dataset/7441,Lai Ching-te–Hsiao Bi-khim,Democratic Progressive Party,189176,137799,1002,138801,73.37,2981,0,first,,,Ko Wen-je–Cynthia Wu,Taiwan People's Party,41554,Taichung City,TW-66000060,official,Official CEC presidential result at township/district level. The map shows the local leader; Taiwan elects one president nationally. Remote uninhabited claimed-island geometry is omitted from the display.
"Nantun District, Taichung City",https://db.cec.gov.tw/ElecTable/Election/ElecTickets?dataType=tickets&typeId=ELC&subjectId=P0&legisId=00&themeId=4d83db17c1707e3defae5dc4d4e9c800&dataLevel=C&prvCode=00&cityCode=000&areaCode=00&deptCode=000&liCode=0000,https://data.gov.tw/dataset/7441,Lai Ching-te–Hsiao Bi-khim,Democratic Progressive Party,144446,107666,785,108451,75.08,5331,0,first,,,Lai Ching-te–Hsiao Bi-khim,Democratic Progressive Party,40321,Taichung City,TW-66000070,official,Official CEC presidential result at township/district level. The map shows the local leader; Taiwan elects one president nationally. Remote uninhabited claimed-island geometry is omitted from the display.
"Nantun District, Taichung City",https://db.cec.gov.tw/ElecTable/Election/ElecTickets?dataType=tickets&typeId=ELC&subjectId=P0&legisId=00&themeId=4d83db17c1707e3defae5dc4d4e9c800&dataLevel=C&prvCode=00&cityCode=000&areaCode=00&deptCode=000&liCode=0000,https://data.gov.tw/dataset/7441,Lai Ching-te–Hsiao Bi-khim,Democratic Progressive Party,144446,107666,785,108451,75.08,5331,0,first,,,Hou Yu-ih–Jaw Shaw-kong,Kuomintang,34990,Taichung City,TW-66000070,official,Official CEC presidential result at township/district level. The map shows the local leader; Taiwan elects one president nationally. Remote uninhabited claimed-island geometry is omitted from the display.
"Nantun District, Taichung City",https://db.cec.gov.tw/ElecTable/Election/ElecTickets?dataType=tickets&typeId=ELC&subjectId=P0&legisId=00&themeId=4d83db17c1707e3defae5dc4d4e9c800&dataLevel=C&prvCode=00&cityCode=000&areaCode=00&deptCode=000&liCode=0000,https://data.gov.tw/dataset/7441,Lai Ching-te–Hsiao Bi-khim,Democratic Progressive Party,144446,107666,785,108451,75.08,5331,0,first,,,Ko Wen-je–Cynthia Wu,Taiwan People's Party,32355,Taichung City,TW-66000070,official,Official CEC presidential result at township/district level. The map shows the local leader; Taiwan elects one president nationally. Remote uninhabited claimed-island geometry is omitted from the display.
"Beitun District, Taichung City",https://db.cec.gov.tw/ElecTable/Election/ElecTickets?dataType=tickets&typeId=ELC&subjectId=P0&legisId=00&themeId=4d83db17c1707e3defae5dc4d4e9c800&dataLevel=C&prvCode=00&cityCode=000&areaCode=00&deptCode=000&liCode=0000,https://data.gov.tw/dataset/7441,Lai Ching-te–Hsiao Bi-khim,Democratic Progressive Party,246724,181508,1130,182638,74.03,3020,0,first,,,Lai Ching-te–Hsiao Bi-khim,Democratic Progressive Party,64390,Taichung City,TW-66000080,official,Official CEC presidential result at township/district level. The map shows the local leader; Taiwan elects one president nationally. Remote uninhabited claimed-island geometry is omitted from the display.
"Beitun District, Taichung City",https://db.cec.gov.tw/ElecTable/Election/ElecTickets?dataType=tickets&typeId=ELC&subjectId=P0&legisId=00&themeId=4d83db17c1707e3defae5dc4d4e9c800&dataLevel=C&prvCode=00&cityCode=000&areaCode=00&deptCode=000&liCode=0000,https://data.gov.tw/dataset/7441,Lai Ching-te–Hsiao Bi-khim,Democratic Progressive Party,246724,181508,1130,182638,74.03,3020,0,first,,,Hou Yu-ih–Jaw Shaw-kong,Kuomintang,61370,Taichung City,TW-66000080,official,Official CEC presidential result at township/district level. The map shows the local leader; Taiwan elects one president nationally. Remote uninhabited claimed-island geometry is omitted from the display.
"Beitun District, Taichung City",https://db.cec.gov.tw/ElecTable/Election/ElecTickets?dataType=tickets&typeId=ELC&subjectId=P0&legisId=00&themeId=4d83db17c1707e3defae5dc4d4e9c800&dataLevel=C&prvCode=00&cityCode=000&areaCode=00&deptCode=000&liCode=0000,https://data.gov.tw/dataset/7441,Lai Ching-te–Hsiao Bi-khim,Democratic Progressive Party,246724,181508,1130,182638,74.03,3020,0,first,,,Ko Wen-je–Cynthia Wu,Taiwan People's Party,55748,Taichung City,TW-66000080,official,Official CEC presidential result at township/district level. The map shows the local leader; Taiwan elects one president nationally. Remote uninhabited claimed-island geometry is omitted from the display.
"Fengyuan District, Taichung City",https://db.cec.gov.tw/ElecTable/Election/ElecTickets?dataType=tickets&typeId=ELC&subjectId=P0&legisId=00&themeId=4d83db17c1707e3defae5dc4d4e9c800&dataLevel=C&prvCode=00&cityCode=000&areaCode=00&deptCode=000&liCode=0000,https://data.gov.tw/dataset/7441,Lai Ching-te–Hsiao Bi-khim,Democratic Progressive Party,133949,100183,745,100928,75.35,9848,0,first,,,Lai Ching-te–Hsiao Bi-khim,Democratic Progressive Party,40658,Taichung City,TW-66000090,official,Official CEC presidential result at township/district level. The map shows the local leader; Taiwan elects one president nationally. Remote uninhabited claimed-island geometry is omitted from the display.
"Fengyuan District, Taichung City",https://db.cec.gov.tw/ElecTable/Election/ElecTickets?dataType=tickets&typeId=ELC&subjectId=P0&legisId=00&themeId=4d83db17c1707e3defae5dc4d4e9c800&dataLevel=C&prvCode=00&cityCode=000&areaCode=00&deptCode=000&liCode=0000,https://data.gov.tw/dataset/7441,Lai Ching-te–Hsiao Bi-khim,Democratic Progressive Party,133949,100183,745,100928,75.35,9848,0,first,,,Hou Yu-ih–Jaw Shaw-kong,Kuomintang,30810,Taichung City,TW-66000090,official,Official CEC presidential result at township/district level. The map shows the local leader; Taiwan elects one president nationally. Remote uninhabited claimed-island geometry is omitted from the display.
"Fengyuan District, Taichung City",https://db.cec.gov.tw/ElecTable/Election/ElecTickets?dataType=tickets&typeId=ELC&subjectId=P0&legisId=00&themeId=4d83db17c1707e3defae5dc4d4e9c800&dataLevel=C&prvCode=00&cityCode=000&areaCode=00&deptCode=000&liCode=0000,https://data.gov.tw/dataset/7441,Lai Ching-te–Hsiao Bi-khim,Democratic Progressive Party,133949,100183,745,100928,75.35,9848,0,first,,,Ko Wen-je–Cynthia Wu,Taiwan People's Party,28715,Taichung City,TW-66000090,official,Official CEC presidential result at township/district level. The map shows the local leader; Taiwan elects one president nationally. Remote uninhabited claimed-island geometry is omitted from the display.
"Dongshi District, Taichung City",https://db.cec.gov.tw/ElecTable/Election/ElecTickets?dataType=tickets&typeId=ELC&subjectId=P0&legisId=00&themeId=4d83db17c1707e3defae5dc4d4e9c800&dataLevel=C&prvCode=00&cityCode=000&areaCode=00&deptCode=000&liCode=0000,https://data.gov.tw/dataset/7441,Hou Yu-ih–Jaw Shaw-kong,Kuomintang,40986,29589,262,29851,72.83,1683,0,first,,,Hou Yu-ih–Jaw Shaw-kong,Kuomintang,11876,Taichung City,TW-66000100,official,Official CEC presidential result at township/district level. The map shows the local leader; Taiwan elects one president nationally. Remote uninhabited claimed-island geometry is omitted from the display.
"Dongshi District, Taichung City",https://db.cec.gov.tw/ElecTable/Election/ElecTickets?dataType=tickets&typeId=ELC&subjectId=P0&legisId=00&themeId=4d83db17c1707e3defae5dc4d4e9c800&dataLevel=C&prvCode=00&cityCode=000&areaCode=00&deptCode=000&liCode=0000,https://data.gov.tw/dataset/7441,Hou Yu-ih–Jaw Shaw-kong,Kuomintang,40986,29589,262,29851,72.83,1683,0,first,,,Lai Ching-te–Hsiao Bi-khim,Democratic Progressive Party,10193,Taichung City,TW-66000100,official,Official CEC presidential result at township/district level. The map shows the local leader; Taiwan elects one president nationally. Remote uninhabited claimed-island geometry is omitted from the display.
"Dongshi District, Taichung City",https://db.cec.gov.tw/ElecTable/Election/ElecTickets?dataType=tickets&typeId=ELC&subjectId=P0&legisId=00&themeId=4d83db17c1707e3defae5dc4d4e9c800&dataLevel=C&prvCode=00&cityCode=000&areaCode=00&deptCode=000&liCode=0000,https://data.gov.tw/dataset/7441,Hou Yu-ih–Jaw Shaw-kong,Kuomintang,40986,29589,262,29851,72.83,1683,0,first,,,Ko Wen-je–Cynthia Wu,Taiwan People's Party,7520,Taichung City,TW-66000100,official,Official CEC presidential result at township/district level. The map shows the local leader; Taiwan elects one president nationally. Remote uninhabited claimed-island geometry is omitted from the display.
"Dajia District, Taichung City",https://db.cec.gov.tw/ElecTable/Election/ElecTickets?dataType=tickets&typeId=ELC&subjectId=P0&legisId=00&themeId=4d83db17c1707e3defae5dc4d4e9c800&dataLevel=C&prvCode=00&cityCode=000&areaCode=00&deptCode=000&liCode=0000,https://data.gov.tw/dataset/7441,Lai Ching-te–Hsiao Bi-khim,Democratic Progressive Party,60736,44237,390,44627,73.48,3005,0,first,,,Lai Ching-te–Hsiao Bi-khim,Democratic Progressive Party,16754,Taichung City,TW-66000110,official,Official CEC presidential result at township/district level. The map shows the local leader; Taiwan elects one president nationally. Remote uninhabited claimed-island geometry is omitted from the display.
"Dajia District, Taichung City",https://db.cec.gov.tw/ElecTable/Election/ElecTickets?dataType=tickets&typeId=ELC&subjectId=P0&legisId=00&themeId=4d83db17c1707e3defae5dc4d4e9c800&dataLevel=C&prvCode=00&cityCode=000&areaCode=00&deptCode=000&liCode=0000,https://data.gov.tw/dataset/7441,Lai Ching-te–Hsiao Bi-khim,Democratic Progressive Party,60736,44237,390,44627,73.48,3005,0,first,,,Ko Wen-je–Cynthia Wu,Taiwan People's Party,13749,Taichung City,TW-66000110,official,Official CEC presidential result at township/district level. The map shows the local leader; Taiwan elects one president nationally. Remote uninhabited claimed-island geometry is omitted from the display.
"Dajia District, Taichung City",https://db.cec.gov.tw/ElecTable/Election/ElecTickets?dataType=tickets&typeId=ELC&subjectId=P0&legisId=00&themeId=4d83db17c1707e3defae5dc4d4e9c800&dataLevel=C&prvCode=00&cityCode=000&areaCode=00&deptCode=000&liCode=0000,https://data.gov.tw/dataset/7441,Lai Ching-te–Hsiao Bi-khim,Democratic Progressive Party,60736,44237,390,44627,73.48,3005,0,first,,,Hou Yu-ih–Jaw Shaw-kong,Kuomintang,13734,Taichung City,TW-66000110,official,Official CEC presidential result at township/district level. The map shows the local leader; Taiwan elects one president nationally. Remote uninhabited claimed-island geometry is omitted from the display.
"Qingshui District, Taichung City",https://db.cec.gov.tw/ElecTable/Election/ElecTickets?dataType=tickets&typeId=ELC&subjectId=P0&legisId=00&themeId=4d83db17c1707e3defae5dc4d4e9c800&dataLevel=C&prvCode=00&cityCode=000&areaCode=00&deptCode=000&liCode=0000,https://data.gov.tw/dataset/7441,Lai Ching-te–Hsiao Bi-khim,Democratic Progressive Party,74193,53635,497,54132,72.96,5539,0,first,,,Lai Ching-te–Hsiao Bi-khim,Democratic Progressive Party,21713,Taichung City,TW-66000120,official,Official CEC presidential result at township/district level. The map shows the local leader; Taiwan elects one president nationally. Remote uninhabited claimed-island geometry is omitted from the display.
"Qingshui District, Taichung City",https://db.cec.gov.tw/ElecTable/Election/ElecTickets?dataType=tickets&typeId=ELC&subjectId=P0&legisId=00&themeId=4d83db17c1707e3defae5dc4d4e9c800&dataLevel=C&prvCode=00&cityCode=000&areaCode=00&deptCode=000&liCode=0000,https://data.gov.tw/dataset/7441,Lai Ching-te–Hsiao Bi-khim,Democratic Progressive Party,74193,53635,497,54132,72.96,5539,0,first,,,Ko Wen-je–Cynthia Wu,Taiwan People's Party,16174,Taichung City,TW-66000120,official,Official CEC presidential result at township/district level. The map shows the local leader; Taiwan elects one president nationally. Remote uninhabited claimed-island geometry is omitted from the display.
"Qingshui District, Taichung City",https://db.cec.gov.tw/ElecTable/Election/ElecTickets?dataType=tickets&typeId=ELC&subjectId=P0&legisId=00&themeId=4d83db17c1707e3defae5dc4d4e9c800&dataLevel=C&prvCode=00&cityCode=000&areaCode=00&deptCode=000&liCode=0000,https://data.gov.tw/dataset/7441,Lai Ching-te–Hsiao Bi-khim,Democratic Progressive Party,74193,53635,497,54132,72.96,5539,0,first,,,Hou Yu-ih–Jaw Shaw-kong,Kuomintang,15748,Taichung City,TW-66000120,official,Official CEC presidential result at township/district level. The map shows the local leader; Taiwan elects one president nationally. Remote uninhabited claimed-island geometry is omitted from the display.
"Shalu District, Taichung City",https://db.cec.gov.tw/ElecTable/Election/ElecTickets?dataType=tickets&typeId=ELC&subjectId=P0&legisId=00&themeId=4d83db17c1707e3defae5dc4d4e9c800&dataLevel=C&prvCode=00&cityCode=000&areaCode=00&deptCode=000&liCode=0000,https://data.gov.tw/dataset/7441,Lai Ching-te–Hsiao Bi-khim,Democratic Progressive Party,77671,58416,413,58829,75.74,1873,0,first,,,Lai Ching-te–Hsiao Bi-khim,Democratic Progressive Party,20929,Taichung City,TW-66000130,official,Official CEC presidential result at township/district level. The map shows the local leader; Taiwan elects one president nationally. Remote uninhabited claimed-island geometry is omitted from the display.
"Shalu District, Taichung City",https://db.cec.gov.tw/ElecTable/Election/ElecTickets?dataType=tickets&typeId=ELC&subjectId=P0&legisId=00&themeId=4d83db17c1707e3defae5dc4d4e9c800&dataLevel=C&prvCode=00&cityCode=000&areaCode=00&deptCode=000&liCode=0000,https://data.gov.tw/dataset/7441,Lai Ching-te–Hsiao Bi-khim,Democratic Progressive Party,77671,58416,413,58829,75.74,1873,0,first,,,Ko Wen-je–Cynthia Wu,Taiwan People's Party,19056,Taichung City,TW-66000130,official,Official CEC presidential result at township/district level. The map shows the local leader; Taiwan elects one president nationally. Remote uninhabited claimed-island geometry is omitted from the display.
"Shalu District, Taichung City",https://db.cec.gov.tw/ElecTable/Election/ElecTickets?dataType=tickets&typeId=ELC&subjectId=P0&legisId=00&themeId=4d83db17c1707e3defae5dc4d4e9c800&dataLevel=C&prvCode=00&cityCode=000&areaCode=00&deptCode=000&liCode=0000,https://data.gov.tw/dataset/7441,Lai Ching-te–Hsiao Bi-khim,Democratic Progressive Party,77671,58416,413,58829,75.74,1873,0,first,,,Hou Yu-ih–Jaw Shaw-kong,Kuomintang,18431,Taichung City,TW-66000130,official,Official CEC presidential result at township/district level. The map shows the local leader; Taiwan elects one president nationally. Remote uninhabited claimed-island geometry is omitted from the display.
"Wuqi District, Taichung City",https://db.cec.gov.tw/ElecTable/Election/ElecTickets?dataType=tickets&typeId=ELC&subjectId=P0&legisId=00&themeId=4d83db17c1707e3defae5dc4d4e9c800&dataLevel=C&prvCode=00&cityCode=000&areaCode=00&deptCode=000&liCode=0000,https://data.gov.tw/dataset/7441,Lai Ching-te–Hsiao Bi-khim,Democratic Progressive Party,49034,35360,286,35646,72.7,2116,0,first,,,Lai Ching-te–Hsiao Bi-khim,Democratic Progressive Party,13515,Taichung City,TW-66000140,official,Official CEC presidential result at township/district level. The map shows the local leader; Taiwan elects one president nationally. Remote uninhabited claimed-island geometry is omitted from the display.
"Wuqi District, Taichung City",https://db.cec.gov.tw/ElecTable/Election/ElecTickets?dataType=tickets&typeId=ELC&subjectId=P0&legisId=00&themeId=4d83db17c1707e3defae5dc4d4e9c800&dataLevel=C&prvCode=00&cityCode=000&areaCode=00&deptCode=000&liCode=0000,https://data.gov.tw/dataset/7441,Lai Ching-te–Hsiao Bi-khim,Democratic Progressive Party,49034,35360,286,35646,72.7,2116,0,first,,,Ko Wen-je–Cynthia Wu,Taiwan People's Party,11399,Taichung City,TW-66000140,official,Official CEC presidential result at township/district level. The map shows the local leader; Taiwan elects one president nationally. Remote uninhabited claimed-island geometry is omitted from the display.
"Wuqi District, Taichung City",https://db.cec.gov.tw/ElecTable/Election/ElecTickets?dataType=tickets&typeId=ELC&subjectId=P0&legisId=00&themeId=4d83db17c1707e3defae5dc4d4e9c800&dataLevel=C&prvCode=00&cityCode=000&areaCode=00&deptCode=000&liCode=0000,https://data.gov.tw/dataset/7441,Lai Ching-te–Hsiao Bi-khim,Democratic Progressive Party,49034,35360,286,35646,72.7,2116,0,first,,,Hou Yu-ih–Jaw Shaw-kong,Kuomintang,10446,Taichung City,TW-66000140,official,Official CEC presidential result at township/district level. The map shows the local leader; Taiwan elects one president nationally. Remote uninhabited claimed-island geometry is omitted from the display.
"Houli District, Taichung City",https://db.cec.gov.tw/ElecTable/Election/ElecTickets?dataType=tickets&typeId=ELC&subjectId=P0&legisId=00&themeId=4d83db17c1707e3defae5dc4d4e9c800&dataLevel=C&prvCode=00&cityCode=000&areaCode=00&deptCode=000&liCode=0000,https://data.gov.tw/dataset/7441,Lai Ching-te–Hsiao Bi-khim,Democratic Progressive Party,44121,32523,249,32772,74.28,744,0,first,,,Lai Ching-te–Hsiao Bi-khim,Democratic Progressive Party,11661,Taichung City,TW-66000150,official,Official CEC presidential result at township/district level. The map shows the local leader; Taiwan elects one president nationally. Remote uninhabited claimed-island geometry is omitted from the display.
"Houli District, Taichung City",https://db.cec.gov.tw/ElecTable/Election/ElecTickets?dataType=tickets&typeId=ELC&subjectId=P0&legisId=00&themeId=4d83db17c1707e3defae5dc4d4e9c800&dataLevel=C&prvCode=00&cityCode=000&areaCode=00&deptCode=000&liCode=0000,https://data.gov.tw/dataset/7441,Lai Ching-te–Hsiao Bi-khim,Democratic Progressive Party,44121,32523,249,32772,74.28,744,0,first,,,Hou Yu-ih–Jaw Shaw-kong,Kuomintang,10917,Taichung City,TW-66000150,official,Official CEC presidential result at township/district level. The map shows the local leader; Taiwan elects one president nationally. Remote uninhabited claimed-island geometry is omitted from the display.
"Houli District, Taichung City",https://db.cec.gov.tw/ElecTable/Election/ElecTickets?dataType=tickets&typeId=ELC&subjectId=P0&legisId=00&themeId=4d83db17c1707e3defae5dc4d4e9c800&dataLevel=C&prvCode=00&cityCode=000&areaCode=00&deptCode=000&liCode=0000,https://data.gov.tw/dataset/7441,Lai Ching-te–Hsiao Bi-khim,Democratic Progressive Party,44121,32523,249,32772,74.28,744,0,first,,,Ko Wen-je–Cynthia Wu,Taiwan People's Party,9945,Taichung City,TW-66000150,official,Official CEC presidential result at township/district level. The map shows the local leader; Taiwan elects one president nationally. Remote uninhabited claimed-island geometry is omitted from the display.
"Shengang District, Taichung City",https://db.cec.gov.tw/ElecTable/Election/ElecTickets?dataType=tickets&typeId=ELC&subjectId=P0&legisId=00&themeId=4d83db17c1707e3defae5dc4d4e9c800&dataLevel=C&prvCode=00&cityCode=000&areaCode=00&deptCode=000&liCode=0000,https://data.gov.tw/dataset/7441,Lai Ching-te–Hsiao Bi-khim,Democratic Progressive Party,53549,39733,328,40061,74.81,4893,0,first,,,Lai Ching-te–Hsiao Bi-khim,Democratic Progressive Party,16636,Taichung City,TW-66000160,official,Official CEC presidential result at township/district level. The map shows the local leader; Taiwan elects one president nationally. Remote uninhabited claimed-island geometry is omitted from the display.
"Shengang District, Taichung City",https://db.cec.gov.tw/ElecTable/Election/ElecTickets?dataType=tickets&typeId=ELC&subjectId=P0&legisId=00&themeId=4d83db17c1707e3defae5dc4d4e9c800&dataLevel=C&prvCode=00&cityCode=000&areaCode=00&deptCode=000&liCode=0000,https://data.gov.tw/dataset/7441,Lai Ching-te–Hsiao Bi-khim,Democratic Progressive Party,53549,39733,328,40061,74.81,4893,0,first,,,Ko Wen-je–Cynthia Wu,Taiwan People's Party,11743,Taichung City,TW-66000160,official,Official CEC presidential result at township/district level. The map shows the local leader; Taiwan elects one president nationally. Remote uninhabited claimed-island geometry is omitted from the display.
"Shengang District, Taichung City",https://db.cec.gov.tw/ElecTable/Election/ElecTickets?dataType=tickets&typeId=ELC&subjectId=P0&legisId=00&themeId=4d83db17c1707e3defae5dc4d4e9c800&dataLevel=C&prvCode=00&cityCode=000&areaCode=00&deptCode=000&liCode=0000,https://data.gov.tw/dataset/7441,Lai Ching-te–Hsiao Bi-khim,Democratic Progressive Party,53549,39733,328,40061,74.81,4893,0,first,,,Hou Yu-ih–Jaw Shaw-kong,Kuomintang,11354,Taichung City,TW-66000160,official,Official CEC presidential result at township/district level. The map shows the local leader; Taiwan elects one president nationally. Remote uninhabited claimed-island geometry is omitted from the display.
"Tanzi District, Taichung City",https://db.cec.gov.tw/ElecTable/Election/ElecTickets?dataType=tickets&typeId=ELC&subjectId=P0&legisId=00&themeId=4d83db17c1707e3defae5dc4d4e9c800&dataLevel=C&prvCode=00&cityCode=000&areaCode=00&deptCode=000&liCode=0000,https://data.gov.tw/dataset/7441,Lai Ching-te–Hsiao Bi-khim,Democratic Progressive Party,89935,66300,519,66819,74.3,3997,0,first,,,Lai Ching-te–Hsiao Bi-khim,Democratic Progressive Party,24934,Taichung City,TW-66000170,official,Official CEC presidential result at township/district level. The map shows the local leader; Taiwan elects one president nationally. Remote uninhabited claimed-island geometry is omitted from the display.
"Tanzi District, Taichung City",https://db.cec.gov.tw/ElecTable/Election/ElecTickets?dataType=tickets&typeId=ELC&subjectId=P0&legisId=00&themeId=4d83db17c1707e3defae5dc4d4e9c800&dataLevel=C&prvCode=00&cityCode=000&areaCode=00&deptCode=000&liCode=0000,https://data.gov.tw/dataset/7441,Lai Ching-te–Hsiao Bi-khim,Democratic Progressive Party,89935,66300,519,66819,74.3,3997,0,first,,,Hou Yu-ih–Jaw Shaw-kong,Kuomintang,20937,Taichung City,TW-66000170,official,Official CEC presidential result at township/district level. The map shows the local leader; Taiwan elects one president nationally. Remote uninhabited claimed-island geometry is omitted from the display.
"Tanzi District, Taichung City",https://db.cec.gov.tw/ElecTable/Election/ElecTickets?dataType=tickets&typeId=ELC&subjectId=P0&legisId=00&themeId=4d83db17c1707e3defae5dc4d4e9c800&dataLevel=C&prvCode=00&cityCode=000&areaCode=00&deptCode=000&liCode=0000,https://data.gov.tw/dataset/7441,Lai Ching-te–Hsiao Bi-khim,Democratic Progressive Party,89935,66300,519,66819,74.3,3997,0,first,,,Ko Wen-je–Cynthia Wu,Taiwan People's Party,20429,Taichung City,TW-66000170,official,Official CEC presidential result at township/district level. The map shows the local leader; Taiwan elects one president nationally. Remote uninhabited claimed-island geometry is omitted from the display.
"Daya District, Taichung City",https://db.cec.gov.tw/ElecTable/Election/ElecTickets?dataType=tickets&typeId=ELC&subjectId=P0&legisId=00&themeId=4d83db17c1707e3defae5dc4d4e9c800&dataLevel=C&prvCode=00&cityCode=000&areaCode=00&deptCode=000&liCode=0000,https://data.gov.tw/dataset/7441,Lai Ching-te–Hsiao Bi-khim,Democratic Progressive Party,77220,56681,421,57102,73.95,2126,0,first,,,Lai Ching-te–Hsiao Bi-khim,Democratic Progressive Party,20480,Taichung City,TW-66000180,official,Official CEC presidential result at township/district level. The map shows the local leader; Taiwan elects one president nationally. Remote uninhabited claimed-island geometry is omitted from the display.
"Daya District, Taichung City",https://db.cec.gov.tw/ElecTable/Election/ElecTickets?dataType=tickets&typeId=ELC&subjectId=P0&legisId=00&themeId=4d83db17c1707e3defae5dc4d4e9c800&dataLevel=C&prvCode=00&cityCode=000&areaCode=00&deptCode=000&liCode=0000,https://data.gov.tw/dataset/7441,Lai Ching-te–Hsiao Bi-khim,Democratic Progressive Party,77220,56681,421,57102,73.95,2126,0,first,,,Hou Yu-ih–Jaw Shaw-kong,Kuomintang,18354,Taichung City,TW-66000180,official,Official CEC presidential result at township/district level. The map shows the local leader; Taiwan elects one president nationally. Remote uninhabited claimed-island geometry is omitted from the display.
"Daya District, Taichung City",https://db.cec.gov.tw/ElecTable/Election/ElecTickets?dataType=tickets&typeId=ELC&subjectId=P0&legisId=00&themeId=4d83db17c1707e3defae5dc4d4e9c800&dataLevel=C&prvCode=00&cityCode=000&areaCode=00&deptCode=000&liCode=0000,https://data.gov.tw/dataset/7441,Lai Ching-te–Hsiao Bi-khim,Democratic Progressive Party,77220,56681,421,57102,73.95,2126,0,first,,,Ko Wen-je–Cynthia Wu,Taiwan People's Party,17847,Taichung City,TW-66000180,official,Official CEC presidential result at township/district level. The map shows the local leader; Taiwan elects one president nationally. Remote uninhabited claimed-island geometry is omitted from the display.
"Xinshe District, Taichung City",https://db.cec.gov.tw/ElecTable/Election/ElecTickets?dataType=tickets&typeId=ELC&subjectId=P0&legisId=00&themeId=4d83db17c1707e3defae5dc4d4e9c800&dataLevel=C&prvCode=00&cityCode=000&areaCode=00&deptCode=000&liCode=0000,https://data.gov.tw/dataset/7441,Lai Ching-te–Hsiao Bi-khim,Democratic Progressive Party,19942,14416,167,14583,73.13,399,0,first,,,Lai Ching-te–Hsiao Bi-khim,Democratic Progressive Party,5571,Taichung City,TW-66000190,official,Official CEC presidential result at township/district level. The map shows the local leader; Taiwan elects one president nationally. Remote uninhabited claimed-island geometry is omitted from the display.
"Xinshe District, Taichung City",https://db.cec.gov.tw/ElecTable/Election/ElecTickets?dataType=tickets&typeId=ELC&subjectId=P0&legisId=00&themeId=4d83db17c1707e3defae5dc4d4e9c800&dataLevel=C&prvCode=00&cityCode=000&areaCode=00&deptCode=000&liCode=0000,https://data.gov.tw/dataset/7441,Lai Ching-te–Hsiao Bi-khim,Democratic Progressive Party,19942,14416,167,14583,73.13,399,0,first,,,Hou Yu-ih–Jaw Shaw-kong,Kuomintang,5172,Taichung City,TW-66000190,official,Official CEC presidential result at township/district level. The map shows the local leader; Taiwan elects one president nationally. Remote uninhabited claimed-island geometry is omitted from the display.
"Xinshe District, Taichung City",https://db.cec.gov.tw/ElecTable/Election/ElecTickets?dataType=tickets&typeId=ELC&subjectId=P0&legisId=00&themeId=4d83db17c1707e3defae5dc4d4e9c800&dataLevel=C&prvCode=00&cityCode=000&areaCode=00&deptCode=000&liCode=0000,https://data.gov.tw/dataset/7441,Lai Ching-te–Hsiao Bi-khim,Democratic Progressive Party,19942,14416,167,14583,73.13,399,0,first,,,Ko Wen-je–Cynthia Wu,Taiwan People's Party,3673,Taichung City,TW-66000190,official,Official CEC presidential result at township/district level. The map shows the local leader; Taiwan elects one president nationally. Remote uninhabited claimed-island geometry is omitted from the display.
"Shigang District, Taichung City",https://db.cec.gov.tw/ElecTable/Election/ElecTickets?dataType=tickets&typeId=ELC&subjectId=P0&legisId=00&themeId=4d83db17c1707e3defae5dc4d4e9c800&dataLevel=C&prvCode=00&cityCode=000&areaCode=00&deptCode=000&liCode=0000,https://data.gov.tw/dataset/7441,Hou Yu-ih–Jaw Shaw-kong,Kuomintang,12210,8983,97,9080,74.37,163,0,first,,,Hou Yu-ih–Jaw Shaw-kong,Kuomintang,3416,Taichung City,TW-66000200,official,Official CEC presidential result at township/district level. The map shows the local leader; Taiwan elects one president nationally. Remote uninhabited claimed-island geometry is omitted from the display.
"Shigang District, Taichung City",https://db.cec.gov.tw/ElecTable/Election/ElecTickets?dataType=tickets&typeId=ELC&subjectId=P0&legisId=00&themeId=4d83db17c1707e3defae5dc4d4e9c800&dataLevel=C&prvCode=00&cityCode=000&areaCode=00&deptCode=000&liCode=0000,https://data.gov.tw/dataset/7441,Hou Yu-ih–Jaw Shaw-kong,Kuomintang,12210,8983,97,9080,74.37,163,0,first,,,Lai Ching-te–Hsiao Bi-khim,Democratic Progressive Party,3253,Taichung City,TW-66000200,official,Official CEC presidential result at township/district level. The map shows the local leader; Taiwan elects one president nationally. Remote uninhabited claimed-island geometry is omitted from the display.
"Shigang District, Taichung City",https://db.cec.gov.tw/ElecTable/Election/ElecTickets?dataType=tickets&typeId=ELC&subjectId=P0&legisId=00&themeId=4d83db17c1707e3defae5dc4d4e9c800&dataLevel=C&prvCode=00&cityCode=000&areaCode=00&deptCode=000&liCode=0000,https://data.gov.tw/dataset/7441,Hou Yu-ih–Jaw Shaw-kong,Kuomintang,12210,8983,97,9080,74.37,163,0,first,,,Ko Wen-je–Cynthia Wu,Taiwan People's Party,2314,Taichung City,TW-66000200,official,Official CEC presidential result at township/district level. The map shows the local leader; Taiwan elects one president nationally. Remote uninhabited claimed-island geometry is omitted from the display.
"Waipu District, Taichung City",https://db.cec.gov.tw/ElecTable/Election/ElecTickets?dataType=tickets&typeId=ELC&subjectId=P0&legisId=00&themeId=4d83db17c1707e3defae5dc4d4e9c800&dataLevel=C&prvCode=00&cityCode=000&areaCode=00&deptCode=000&liCode=0000,https://data.gov.tw/dataset/7441,Hou Yu-ih–Jaw Shaw-kong,Kuomintang,26191,19147,169,19316,73.75,121,0,first,,,Hou Yu-ih–Jaw Shaw-kong,Kuomintang,6559,Taichung City,TW-66000210,official,Official CEC presidential result at township/district level. The map shows the local leader; Taiwan elects one president nationally. Remote uninhabited claimed-island geometry is omitted from the display.
"Waipu District, Taichung City",https://db.cec.gov.tw/ElecTable/Election/ElecTickets?dataType=tickets&typeId=ELC&subjectId=P0&legisId=00&themeId=4d83db17c1707e3defae5dc4d4e9c800&dataLevel=C&prvCode=00&cityCode=000&areaCode=00&deptCode=000&liCode=0000,https://data.gov.tw/dataset/7441,Hou Yu-ih–Jaw Shaw-kong,Kuomintang,26191,19147,169,19316,73.75,121,0,first,,,Lai Ching-te–Hsiao Bi-khim,Democratic Progressive Party,6438,Taichung City,TW-66000210,official,Official CEC presidential result at township/district level. The map shows the local leader; Taiwan elects one president nationally. Remote uninhabited claimed-island geometry is omitted from the display.
"Waipu District, Taichung City",https://db.cec.gov.tw/ElecTable/Election/ElecTickets?dataType=tickets&typeId=ELC&subjectId=P0&legisId=00&themeId=4d83db17c1707e3defae5dc4d4e9c800&dataLevel=C&prvCode=00&cityCode=000&areaCode=00&deptCode=000&liCode=0000,https://data.gov.tw/dataset/7441,Hou Yu-ih–Jaw Shaw-kong,Kuomintang,26191,19147,169,19316,73.75,121,0,first,,,Ko Wen-je–Cynthia Wu,Taiwan People's Party,6150,Taichung City,TW-66000210,official,Official CEC presidential result at township/district level. The map shows the local leader; Taiwan elects one president nationally. Remote uninhabited claimed-island geometry is omitted from the display.
"Da'an District, Taichung City",https://db.cec.gov.tw/ElecTable/Election/ElecTickets?dataType=tickets&typeId=ELC&subjectId=P0&legisId=00&themeId=4d83db17c1707e3defae5dc4d4e9c800&dataLevel=C&prvCode=00&cityCode=000&areaCode=00&deptCode=000&liCode=0000,https://data.gov.tw/dataset/7441,Lai Ching-te–Hsiao Bi-khim,Democratic Progressive Party,15705,11210,100,11310,72.02,846,0,first,,,Lai Ching-te–Hsiao Bi-khim,Democratic Progressive Party,4308,Taichung City,TW-66000220,official,Official CEC presidential result at township/district level. The map shows the local leader; Taiwan elects one president nationally. Remote uninhabited claimed-island geometry is omitted from the display.
"Da'an District, Taichung City",https://db.cec.gov.tw/ElecTable/Election/ElecTickets?dataType=tickets&typeId=ELC&subjectId=P0&legisId=00&themeId=4d83db17c1707e3defae5dc4d4e9c800&dataLevel=C&prvCode=00&cityCode=000&areaCode=00&deptCode=000&liCode=0000,https://data.gov.tw/dataset/7441,Lai Ching-te–Hsiao Bi-khim,Democratic Progressive Party,15705,11210,100,11310,72.02,846,0,first,,,Ko Wen-je–Cynthia Wu,Taiwan People's Party,3462,Taichung City,TW-66000220,official,Official CEC presidential result at township/district level. The map shows the local leader; Taiwan elects one president nationally. Remote uninhabited claimed-island geometry is omitted from the display.
"Da'an District, Taichung City",https://db.cec.gov.tw/ElecTable/Election/ElecTickets?dataType=tickets&typeId=ELC&subjectId=P0&legisId=00&themeId=4d83db17c1707e3defae5dc4d4e9c800&dataLevel=C&prvCode=00&cityCode=000&areaCode=00&deptCode=000&liCode=0000,https://data.gov.tw/dataset/7441,Lai Ching-te–Hsiao Bi-khim,Democratic Progressive Party,15705,11210,100,11310,72.02,846,0,first,,,Hou Yu-ih–Jaw Shaw-kong,Kuomintang,3440,Taichung City,TW-66000220,official,Official CEC presidential result at township/district level. The map shows the local leader; Taiwan elects one president nationally. Remote uninhabited claimed-island geometry is omitted from the display.
"Wuri District, Taichung City",https://db.cec.gov.tw/ElecTable/Election/ElecTickets?dataType=tickets&typeId=ELC&subjectId=P0&legisId=00&themeId=4d83db17c1707e3defae5dc4d4e9c800&dataLevel=C&prvCode=00&cityCode=000&areaCode=00&deptCode=000&liCode=0000,https://data.gov.tw/dataset/7441,Lai Ching-te–Hsiao Bi-khim,Democratic Progressive Party,65260,49125,370,49495,75.84,3382,0,first,,,Lai Ching-te–Hsiao Bi-khim,Democratic Progressive Party,18700,Taichung City,TW-66000230,official,Official CEC presidential result at township/district level. The map shows the local leader; Taiwan elects one president nationally. Remote uninhabited claimed-island geometry is omitted from the display.
"Wuri District, Taichung City",https://db.cec.gov.tw/ElecTable/Election/ElecTickets?dataType=tickets&typeId=ELC&subjectId=P0&legisId=00&themeId=4d83db17c1707e3defae5dc4d4e9c800&dataLevel=C&prvCode=00&cityCode=000&areaCode=00&deptCode=000&liCode=0000,https://data.gov.tw/dataset/7441,Lai Ching-te–Hsiao Bi-khim,Democratic Progressive Party,65260,49125,370,49495,75.84,3382,0,first,,,Hou Yu-ih–Jaw Shaw-kong,Kuomintang,15318,Taichung City,TW-66000230,official,Official CEC presidential result at township/district level. The map shows the local leader; Taiwan elects one president nationally. Remote uninhabited claimed-island geometry is omitted from the display.
"Wuri District, Taichung City",https://db.cec.gov.tw/ElecTable/Election/ElecTickets?dataType=tickets&typeId=ELC&subjectId=P0&legisId=00&themeId=4d83db17c1707e3defae5dc4d4e9c800&dataLevel=C&prvCode=00&cityCode=000&areaCode=00&deptCode=000&liCode=0000,https://data.gov.tw/dataset/7441,Lai Ching-te–Hsiao Bi-khim,Democratic Progressive Party,65260,49125,370,49495,75.84,3382,0,first,,,Ko Wen-je–Cynthia Wu,Taiwan People's Party,15107,Taichung City,TW-66000230,official,Official CEC presidential result at township/district level. The map shows the local leader; Taiwan elects one president nationally. Remote uninhabited claimed-island geometry is omitted from the display.
"Dadu District, Taichung City",https://db.cec.gov.tw/ElecTable/Election/ElecTickets?dataType=tickets&typeId=ELC&subjectId=P0&legisId=00&themeId=4d83db17c1707e3defae5dc4d4e9c800&dataLevel=C&prvCode=00&cityCode=000&areaCode=00&deptCode=000&liCode=0000,https://data.gov.tw/dataset/7441,Lai Ching-te–Hsiao Bi-khim,Democratic Progressive Party,46768,34623,310,34933,74.69,1258,0,first,,,Lai Ching-te–Hsiao Bi-khim,Democratic Progressive Party,12838,Taichung City,TW-66000240,official,Official CEC presidential result at township/district level. The map shows the local leader; Taiwan elects one president nationally. Remote uninhabited claimed-island geometry is omitted from the display.
"Dadu District, Taichung City",https://db.cec.gov.tw/ElecTable/Election/ElecTickets?dataType=tickets&typeId=ELC&subjectId=P0&legisId=00&themeId=4d83db17c1707e3defae5dc4d4e9c800&dataLevel=C&prvCode=00&cityCode=000&areaCode=00&deptCode=000&liCode=0000,https://data.gov.tw/dataset/7441,Lai Ching-te–Hsiao Bi-khim,Democratic Progressive Party,46768,34623,310,34933,74.69,1258,0,first,,,Hou Yu-ih–Jaw Shaw-kong,Kuomintang,11580,Taichung City,TW-66000240,official,Official CEC presidential result at township/district level. The map shows the local leader; Taiwan elects one president nationally. Remote uninhabited claimed-island geometry is omitted from the display.
"Dadu District, Taichung City",https://db.cec.gov.tw/ElecTable/Election/ElecTickets?dataType=tickets&typeId=ELC&subjectId=P0&legisId=00&themeId=4d83db17c1707e3defae5dc4d4e9c800&dataLevel=C&prvCode=00&cityCode=000&areaCode=00&deptCode=000&liCode=0000,https://data.gov.tw/dataset/7441,Lai Ching-te–Hsiao Bi-khim,Democratic Progressive Party,46768,34623,310,34933,74.69,1258,0,first,,,Ko Wen-je–Cynthia Wu,Taiwan People's Party,10205,Taichung City,TW-66000240,official,Official CEC presidential result at township/district level. The map shows the local leader; Taiwan elects one president nationally. Remote uninhabited claimed-island geometry is omitted from the display.
"Longjing District, Taichung City",https://db.cec.gov.tw/ElecTable/Election/ElecTickets?dataType=tickets&typeId=ELC&subjectId=P0&legisId=00&themeId=4d83db17c1707e3defae5dc4d4e9c800&dataLevel=C&prvCode=00&cityCode=000&areaCode=00&deptCode=000&liCode=0000,https://data.gov.tw/dataset/7441,Lai Ching-te–Hsiao Bi-khim,Democratic Progressive Party,64323,47292,411,47703,74.16,2066,0,first,,,Lai Ching-te–Hsiao Bi-khim,Democratic Progressive Party,17219,Taichung City,TW-66000250,official,Official CEC presidential result at township/district level. The map shows the local leader; Taiwan elects one president nationally. Remote uninhabited claimed-island geometry is omitted from the display.
"Longjing District, Taichung City",https://db.cec.gov.tw/ElecTable/Election/ElecTickets?dataType=tickets&typeId=ELC&subjectId=P0&legisId=00&themeId=4d83db17c1707e3defae5dc4d4e9c800&dataLevel=C&prvCode=00&cityCode=000&areaCode=00&deptCode=000&liCode=0000,https://data.gov.tw/dataset/7441,Lai Ching-te–Hsiao Bi-khim,Democratic Progressive Party,64323,47292,411,47703,74.16,2066,0,first,,,Ko Wen-je–Cynthia Wu,Taiwan People's Party,15153,Taichung City,TW-66000250,official,Official CEC presidential result at township/district level. The map shows the local leader; Taiwan elects one president nationally. Remote uninhabited claimed-island geometry is omitted from the display.
"Longjing District, Taichung City",https://db.cec.gov.tw/ElecTable/Election/ElecTickets?dataType=tickets&typeId=ELC&subjectId=P0&legisId=00&themeId=4d83db17c1707e3defae5dc4d4e9c800&dataLevel=C&prvCode=00&cityCode=000&areaCode=00&deptCode=000&liCode=0000,https://data.gov.tw/dataset/7441,Lai Ching-te–Hsiao Bi-khim,Democratic Progressive Party,64323,47292,411,47703,74.16,2066,0,first,,,Hou Yu-ih–Jaw Shaw-kong,Kuomintang,14920,Taichung City,TW-66000250,official,Official CEC presidential result at township/district level. The map shows the local leader; Taiwan elects one president nationally. Remote uninhabited claimed-island geometry is omitted from the display.
"Wufeng District, Taichung City",https://db.cec.gov.tw/ElecTable/Election/ElecTickets?dataType=tickets&typeId=ELC&subjectId=P0&legisId=00&themeId=4d83db17c1707e3defae5dc4d4e9c800&dataLevel=C&prvCode=00&cityCode=000&areaCode=00&deptCode=000&liCode=0000,https://data.gov.tw/dataset/7441,Lai Ching-te–Hsiao Bi-khim,Democratic Progressive Party,53907,40088,282,40370,74.89,2184,0,first,,,Lai Ching-te–Hsiao Bi-khim,Democratic Progressive Party,15471,Taichung City,TW-66000260,official,Official CEC presidential result at township/district level. The map shows the local leader; Taiwan elects one president nationally. Remote uninhabited claimed-island geometry is omitted from the display.
"Wufeng District, Taichung City",https://db.cec.gov.tw/ElecTable/Election/ElecTickets?dataType=tickets&typeId=ELC&subjectId=P0&legisId=00&themeId=4d83db17c1707e3defae5dc4d4e9c800&dataLevel=C&prvCode=00&cityCode=000&areaCode=00&deptCode=000&liCode=0000,https://data.gov.tw/dataset/7441,Lai Ching-te–Hsiao Bi-khim,Democratic Progressive Party,53907,40088,282,40370,74.89,2184,0,first,,,Hou Yu-ih–Jaw Shaw-kong,Kuomintang,13287,Taichung City,TW-66000260,official,Official CEC presidential result at township/district level. The map shows the local leader; Taiwan elects one president nationally. Remote uninhabited claimed-island geometry is omitted from the display.
"Wufeng District, Taichung City",https://db.cec.gov.tw/ElecTable/Election/ElecTickets?dataType=tickets&typeId=ELC&subjectId=P0&legisId=00&themeId=4d83db17c1707e3defae5dc4d4e9c800&dataLevel=C&prvCode=00&cityCode=000&areaCode=00&deptCode=000&liCode=0000,https://data.gov.tw/dataset/7441,Lai Ching-te–Hsiao Bi-khim,Democratic Progressive Party,53907,40088,282,40370,74.89,2184,0,first,,,Ko Wen-je–Cynthia Wu,Taiwan People's Party,11330,Taichung City,TW-66000260,official,Official CEC presidential result at township/district level. The map shows the local leader; Taiwan elects one president nationally. Remote uninhabited claimed-island geometry is omitted from the display.
"Taiping District, Taichung City",https://db.cec.gov.tw/ElecTable/Election/ElecTickets?dataType=tickets&typeId=ELC&subjectId=P0&legisId=00&themeId=4d83db17c1707e3defae5dc4d4e9c800&dataLevel=C&prvCode=00&cityCode=000&areaCode=00&deptCode=000&liCode=0000,https://data.gov.tw/dataset/7441,Lai Ching-te–Hsiao Bi-khim,Democratic Progressive Party,162536,115192,813,116005,71.37,6945,0,first,,,Lai Ching-te–Hsiao Bi-khim,Democratic Progressive Party,43029,Taichung City,TW-66000270,official,Official CEC presidential result at township/district level. The map shows the local leader; Taiwan elects one president nationally. Remote uninhabited claimed-island geometry is omitted from the display.
"Taiping District, Taichung City",https://db.cec.gov.tw/ElecTable/Election/ElecTickets?dataType=tickets&typeId=ELC&subjectId=P0&legisId=00&themeId=4d83db17c1707e3defae5dc4d4e9c800&dataLevel=C&prvCode=00&cityCode=000&areaCode=00&deptCode=000&liCode=0000,https://data.gov.tw/dataset/7441,Lai Ching-te–Hsiao Bi-khim,Democratic Progressive Party,162536,115192,813,116005,71.37,6945,0,first,,,Hou Yu-ih–Jaw Shaw-kong,Kuomintang,36084,Taichung City,TW-66000270,official,Official CEC presidential result at township/district level. The map shows the local leader; Taiwan elects one president nationally. Remote uninhabited claimed-island geometry is omitted from the display.
"Taiping District, Taichung City",https://db.cec.gov.tw/ElecTable/Election/ElecTickets?dataType=tickets&typeId=ELC&subjectId=P0&legisId=00&themeId=4d83db17c1707e3defae5dc4d4e9c800&dataLevel=C&prvCode=00&cityCode=000&areaCode=00&deptCode=000&liCode=0000,https://data.gov.tw/dataset/7441,Lai Ching-te–Hsiao Bi-khim,Democratic Progressive Party,162536,115192,813,116005,71.37,6945,0,first,,,Ko Wen-je–Cynthia Wu,Taiwan People's Party,36079,Taichung City,TW-66000270,official,Official CEC presidential result at township/district level. The map shows the local leader; Taiwan elects one president nationally. Remote uninhabited claimed-island geometry is omitted from the display.
"Dali District, Taichung City",https://db.cec.gov.tw/ElecTable/Election/ElecTickets?dataType=tickets&typeId=ELC&subjectId=P0&legisId=00&themeId=4d83db17c1707e3defae5dc4d4e9c800&dataLevel=C&prvCode=00&cityCode=000&areaCode=00&deptCode=000&liCode=0000,https://data.gov.tw/dataset/7441,Lai Ching-te–Hsiao Bi-khim,Democratic Progressive Party,172444,125596,903,126499,73.36,9157,0,first,,,Lai Ching-te–Hsiao Bi-khim,Democratic Progressive Party,48573,Taichung City,TW-66000280,official,Official CEC presidential result at township/district level. The map shows the local leader; Taiwan elects one president nationally. Remote uninhabited claimed-island geometry is omitted from the display.
"Dali District, Taichung City",https://db.cec.gov.tw/ElecTable/Election/ElecTickets?dataType=tickets&typeId=ELC&subjectId=P0&legisId=00&themeId=4d83db17c1707e3defae5dc4d4e9c800&dataLevel=C&prvCode=00&cityCode=000&areaCode=00&deptCode=000&liCode=0000,https://data.gov.tw/dataset/7441,Lai Ching-te–Hsiao Bi-khim,Democratic Progressive Party,172444,125596,903,126499,73.36,9157,0,first,,,Ko Wen-je–Cynthia Wu,Taiwan People's Party,39416,Taichung City,TW-66000280,official,Official CEC presidential result at township/district level. The map shows the local leader; Taiwan elects one president nationally. Remote uninhabited claimed-island geometry is omitted from the display.
"Dali District, Taichung City",https://db.cec.gov.tw/ElecTable/Election/ElecTickets?dataType=tickets&typeId=ELC&subjectId=P0&legisId=00&themeId=4d83db17c1707e3defae5dc4d4e9c800&dataLevel=C&prvCode=00&cityCode=000&areaCode=00&deptCode=000&liCode=0000,https://data.gov.tw/dataset/7441,Lai Ching-te–Hsiao Bi-khim,Democratic Progressive Party,172444,125596,903,126499,73.36,9157,0,first,,,Hou Yu-ih–Jaw Shaw-kong,Kuomintang,37607,Taichung City,TW-66000280,official,Official CEC presidential result at township/district level. The map shows the local leader; Taiwan elects one president nationally. Remote uninhabited claimed-island geometry is omitted from the display.
"Heping District, Taichung City",https://db.cec.gov.tw/ElecTable/Election/ElecTickets?dataType=tickets&typeId=ELC&subjectId=P0&legisId=00&themeId=4d83db17c1707e3defae5dc4d4e9c800&dataLevel=C&prvCode=00&cityCode=000&areaCode=00&deptCode=000&liCode=0000,https://data.gov.tw/dataset/7441,Hou Yu-ih–Jaw Shaw-kong,Kuomintang,9297,6105,42,6147,66.12,1718,0,first,,,Hou Yu-ih–Jaw Shaw-kong,Kuomintang,3197,Taichung City,TW-66000290,official,Official CEC presidential result at township/district level. The map shows the local leader; Taiwan elects one president nationally. Remote uninhabited claimed-island geometry is omitted from the display.
"Heping District, Taichung City",https://db.cec.gov.tw/ElecTable/Election/ElecTickets?dataType=tickets&typeId=ELC&subjectId=P0&legisId=00&themeId=4d83db17c1707e3defae5dc4d4e9c800&dataLevel=C&prvCode=00&cityCode=000&areaCode=00&deptCode=000&liCode=0000,https://data.gov.tw/dataset/7441,Hou Yu-ih–Jaw Shaw-kong,Kuomintang,9297,6105,42,6147,66.12,1718,0,first,,,Ko Wen-je–Cynthia Wu,Taiwan People's Party,1479,Taichung City,TW-66000290,official,Official CEC presidential result at township/district level. The map shows the local leader; Taiwan elects one president nationally. Remote uninhabited claimed-island geometry is omitted from the display.
"Heping District, Taichung City",https://db.cec.gov.tw/ElecTable/Election/ElecTickets?dataType=tickets&typeId=ELC&subjectId=P0&legisId=00&themeId=4d83db17c1707e3defae5dc4d4e9c800&dataLevel=C&prvCode=00&cityCode=000&areaCode=00&deptCode=000&liCode=0000,https://data.gov.tw/dataset/7441,Hou Yu-ih–Jaw Shaw-kong,Kuomintang,9297,6105,42,6147,66.12,1718,0,first,,,Lai Ching-te–Hsiao Bi-khim,Democratic Progressive Party,1429,Taichung City,TW-66000290,official,Official CEC presidential result at township/district level. The map shows the local leader; Taiwan elects one president nationally. Remote uninhabited claimed-island geometry is omitted from the display.
"Xinying District, Tainan City",https://db.cec.gov.tw/ElecTable/Election/ElecTickets?dataType=tickets&typeId=ELC&subjectId=P0&legisId=00&themeId=4d83db17c1707e3defae5dc4d4e9c800&dataLevel=C&prvCode=00&cityCode=000&areaCode=00&deptCode=000&liCode=0000,https://data.gov.tw/dataset/7441,Lai Ching-te–Hsiao Bi-khim,Democratic Progressive Party,62353,43731,277,44008,70.58,6940,0,first,,,Lai Ching-te–Hsiao Bi-khim,Democratic Progressive Party,19931,Tainan City,TW-67000010,official,Official CEC presidential result at township/district level. The map shows the local leader; Taiwan elects one president nationally. Remote uninhabited claimed-island geometry is omitted from the display.
"Xinying District, Tainan City",https://db.cec.gov.tw/ElecTable/Election/ElecTickets?dataType=tickets&typeId=ELC&subjectId=P0&legisId=00&themeId=4d83db17c1707e3defae5dc4d4e9c800&dataLevel=C&prvCode=00&cityCode=000&areaCode=00&deptCode=000&liCode=0000,https://data.gov.tw/dataset/7441,Lai Ching-te–Hsiao Bi-khim,Democratic Progressive Party,62353,43731,277,44008,70.58,6940,0,first,,,Hou Yu-ih–Jaw Shaw-kong,Kuomintang,12991,Tainan City,TW-67000010,official,Official CEC presidential result at township/district level. The map shows the local leader; Taiwan elects one president nationally. Remote uninhabited claimed-island geometry is omitted from the display.
"Xinying District, Tainan City",https://db.cec.gov.tw/ElecTable/Election/ElecTickets?dataType=tickets&typeId=ELC&subjectId=P0&legisId=00&themeId=4d83db17c1707e3defae5dc4d4e9c800&dataLevel=C&prvCode=00&cityCode=000&areaCode=00&deptCode=000&liCode=0000,https://data.gov.tw/dataset/7441,Lai Ching-te–Hsiao Bi-khim,Democratic Progressive Party,62353,43731,277,44008,70.58,6940,0,first,,,Ko Wen-je–Cynthia Wu,Taiwan People's Party,10809,Tainan City,TW-67000010,official,Official CEC presidential result at township/district level. The map shows the local leader; Taiwan elects one president nationally. Remote uninhabited claimed-island geometry is omitted from the display.
"Yanshui District, Tainan City",https://db.cec.gov.tw/ElecTable/Election/ElecTickets?dataType=tickets&typeId=ELC&subjectId=P0&legisId=00&themeId=4d83db17c1707e3defae5dc4d4e9c800&dataLevel=C&prvCode=00&cityCode=000&areaCode=00&deptCode=000&liCode=0000,https://data.gov.tw/dataset/7441,Lai Ching-te–Hsiao Bi-khim,Democratic Progressive Party,21254,14167,131,14298,67.27,4653,0,first,,,Lai Ching-te–Hsiao Bi-khim,Democratic Progressive Party,7882,Tainan City,TW-67000020,official,Official CEC presidential result at township/district level. The map shows the local leader; Taiwan elects one president nationally. Remote uninhabited claimed-island geometry is omitted from the display.
"Yanshui District, Tainan City",https://db.cec.gov.tw/ElecTable/Election/ElecTickets?dataType=tickets&typeId=ELC&subjectId=P0&legisId=00&themeId=4d83db17c1707e3defae5dc4d4e9c800&dataLevel=C&prvCode=00&cityCode=000&areaCode=00&deptCode=000&liCode=0000,https://data.gov.tw/dataset/7441,Lai Ching-te–Hsiao Bi-khim,Democratic Progressive Party,21254,14167,131,14298,67.27,4653,0,first,,,Hou Yu-ih–Jaw Shaw-kong,Kuomintang,3229,Tainan City,TW-67000020,official,Official CEC presidential result at township/district level. The map shows the local leader; Taiwan elects one president nationally. Remote uninhabited claimed-island geometry is omitted from the display.
"Yanshui District, Tainan City",https://db.cec.gov.tw/ElecTable/Election/ElecTickets?dataType=tickets&typeId=ELC&subjectId=P0&legisId=00&themeId=4d83db17c1707e3defae5dc4d4e9c800&dataLevel=C&prvCode=00&cityCode=000&areaCode=00&deptCode=000&liCode=0000,https://data.gov.tw/dataset/7441,Lai Ching-te–Hsiao Bi-khim,Democratic Progressive Party,21254,14167,131,14298,67.27,4653,0,first,,,Ko Wen-je–Cynthia Wu,Taiwan People's Party,3056,Tainan City,TW-67000020,official,Official CEC presidential result at township/district level. The map shows the local leader; Taiwan elects one president nationally. Remote uninhabited claimed-island geometry is omitted from the display.
"Baihe District, Tainan City",https://db.cec.gov.tw/ElecTable/Election/ElecTickets?dataType=tickets&typeId=ELC&subjectId=P0&legisId=00&themeId=4d83db17c1707e3defae5dc4d4e9c800&dataLevel=C&prvCode=00&cityCode=000&areaCode=00&deptCode=000&liCode=0000,https://data.gov.tw/dataset/7441,Lai Ching-te–Hsiao Bi-khim,Democratic Progressive Party,23013,15176,163,15339,66.65,4914,0,first,,,Lai Ching-te–Hsiao Bi-khim,Democratic Progressive Party,8608,Tainan City,TW-67000030,official,Official CEC presidential result at township/district level. The map shows the local leader; Taiwan elects one president nationally. Remote uninhabited claimed-island geometry is omitted from the display.
"Baihe District, Tainan City",https://db.cec.gov.tw/ElecTable/Election/ElecTickets?dataType=tickets&typeId=ELC&subjectId=P0&legisId=00&themeId=4d83db17c1707e3defae5dc4d4e9c800&dataLevel=C&prvCode=00&cityCode=000&areaCode=00&deptCode=000&liCode=0000,https://data.gov.tw/dataset/7441,Lai Ching-te–Hsiao Bi-khim,Democratic Progressive Party,23013,15176,163,15339,66.65,4914,0,first,,,Hou Yu-ih–Jaw Shaw-kong,Kuomintang,3694,Tainan City,TW-67000030,official,Official CEC presidential result at township/district level. The map shows the local leader; Taiwan elects one president nationally. Remote uninhabited claimed-island geometry is omitted from the display.
"Baihe District, Tainan City",https://db.cec.gov.tw/ElecTable/Election/ElecTickets?dataType=tickets&typeId=ELC&subjectId=P0&legisId=00&themeId=4d83db17c1707e3defae5dc4d4e9c800&dataLevel=C&prvCode=00&cityCode=000&areaCode=00&deptCode=000&liCode=0000,https://data.gov.tw/dataset/7441,Lai Ching-te–Hsiao Bi-khim,Democratic Progressive Party,23013,15176,163,15339,66.65,4914,0,first,,,Ko Wen-je–Cynthia Wu,Taiwan People's Party,2874,Tainan City,TW-67000030,official,Official CEC presidential result at township/district level. The map shows the local leader; Taiwan elects one president nationally. Remote uninhabited claimed-island geometry is omitted from the display.
"Liuying District, Tainan City",https://db.cec.gov.tw/ElecTable/Election/ElecTickets?dataType=tickets&typeId=ELC&subjectId=P0&legisId=00&themeId=4d83db17c1707e3defae5dc4d4e9c800&dataLevel=C&prvCode=00&cityCode=000&areaCode=00&deptCode=000&liCode=0000,https://data.gov.tw/dataset/7441,Lai Ching-te–Hsiao Bi-khim,Democratic Progressive Party,18042,12415,125,12540,69.5,3771,0,first,,,Lai Ching-te–Hsiao Bi-khim,Democratic Progressive Party,6654,Tainan City,TW-67000040,official,Official CEC presidential result at township/district level. The map shows the local leader; Taiwan elects one president nationally. Remote uninhabited claimed-island geometry is omitted from the display.
"Liuying District, Tainan City",https://db.cec.gov.tw/ElecTable/Election/ElecTickets?dataType=tickets&typeId=ELC&subjectId=P0&legisId=00&themeId=4d83db17c1707e3defae5dc4d4e9c800&dataLevel=C&prvCode=00&cityCode=000&areaCode=00&deptCode=000&liCode=0000,https://data.gov.tw/dataset/7441,Lai Ching-te–Hsiao Bi-khim,Democratic Progressive Party,18042,12415,125,12540,69.5,3771,0,first,,,Hou Yu-ih–Jaw Shaw-kong,Kuomintang,2883,Tainan City,TW-67000040,official,Official CEC presidential result at township/district level. The map shows the local leader; Taiwan elects one president nationally. Remote uninhabited claimed-island geometry is omitted from the display.
"Liuying District, Tainan City",https://db.cec.gov.tw/ElecTable/Election/ElecTickets?dataType=tickets&typeId=ELC&subjectId=P0&legisId=00&themeId=4d83db17c1707e3defae5dc4d4e9c800&dataLevel=C&prvCode=00&cityCode=000&areaCode=00&deptCode=000&liCode=0000,https://data.gov.tw/dataset/7441,Lai Ching-te–Hsiao Bi-khim,Democratic Progressive Party,18042,12415,125,12540,69.5,3771,0,first,,,Ko Wen-je–Cynthia Wu,Taiwan People's Party,2878,Tainan City,TW-67000040,official,Official CEC presidential result at township/district level. The map shows the local leader; Taiwan elects one president nationally. Remote uninhabited claimed-island geometry is omitted from the display.
"Houbi District, Tainan City",https://db.cec.gov.tw/ElecTable/Election/ElecTickets?dataType=tickets&typeId=ELC&subjectId=P0&legisId=00&themeId=4d83db17c1707e3defae5dc4d4e9c800&dataLevel=C&prvCode=00&cityCode=000&areaCode=00&deptCode=000&liCode=0000,https://data.gov.tw/dataset/7441,Lai Ching-te–Hsiao Bi-khim,Democratic Progressive Party,19392,13235,103,13338,68.78,4269,0,first,,,Lai Ching-te–Hsiao Bi-khim,Democratic Progressive Party,7449,Tainan City,TW-67000050,official,Official CEC presidential result at township/district level. The map shows the local leader; Taiwan elects one president nationally. Remote uninhabited claimed-island geometry is omitted from the display.
"Houbi District, Tainan City",https://db.cec.gov.tw/ElecTable/Election/ElecTickets?dataType=tickets&typeId=ELC&subjectId=P0&legisId=00&themeId=4d83db17c1707e3defae5dc4d4e9c800&dataLevel=C&prvCode=00&cityCode=000&areaCode=00&deptCode=000&liCode=0000,https://data.gov.tw/dataset/7441,Lai Ching-te–Hsiao Bi-khim,Democratic Progressive Party,19392,13235,103,13338,68.78,4269,0,first,,,Hou Yu-ih–Jaw Shaw-kong,Kuomintang,3180,Tainan City,TW-67000050,official,Official CEC presidential result at township/district level. The map shows the local leader; Taiwan elects one president nationally. Remote uninhabited claimed-island geometry is omitted from the display.
"Houbi District, Tainan City",https://db.cec.gov.tw/ElecTable/Election/ElecTickets?dataType=tickets&typeId=ELC&subjectId=P0&legisId=00&themeId=4d83db17c1707e3defae5dc4d4e9c800&dataLevel=C&prvCode=00&cityCode=000&areaCode=00&deptCode=000&liCode=0000,https://data.gov.tw/dataset/7441,Lai Ching-te–Hsiao Bi-khim,Democratic Progressive Party,19392,13235,103,13338,68.78,4269,0,first,,,Ko Wen-je–Cynthia Wu,Taiwan People's Party,2606,Tainan City,TW-67000050,official,Official CEC presidential result at township/district level. The map shows the local leader; Taiwan elects one president nationally. Remote uninhabited claimed-island geometry is omitted from the display.
"Dongshan District, Tainan City",https://db.cec.gov.tw/ElecTable/Election/ElecTickets?dataType=tickets&typeId=ELC&subjectId=P0&legisId=00&themeId=4d83db17c1707e3defae5dc4d4e9c800&dataLevel=C&prvCode=00&cityCode=000&areaCode=00&deptCode=000&liCode=0000,https://data.gov.tw/dataset/7441,Lai Ching-te–Hsiao Bi-khim,Democratic Progressive Party,17196,10590,103,10693,62.18,2913,0,first,,,Lai Ching-te–Hsiao Bi-khim,Democratic Progressive Party,5772,Tainan City,TW-67000060,official,Official CEC presidential result at township/district level. The map shows the local leader; Taiwan elects one president nationally. Remote uninhabited claimed-island geometry is omitted from the display.
"Dongshan District, Tainan City",https://db.cec.gov.tw/ElecTable/Election/ElecTickets?dataType=tickets&typeId=ELC&subjectId=P0&legisId=00&themeId=4d83db17c1707e3defae5dc4d4e9c800&dataLevel=C&prvCode=00&cityCode=000&areaCode=00&deptCode=000&liCode=0000,https://data.gov.tw/dataset/7441,Lai Ching-te–Hsiao Bi-khim,Democratic Progressive Party,17196,10590,103,10693,62.18,2913,0,first,,,Hou Yu-ih–Jaw Shaw-kong,Kuomintang,2859,Tainan City,TW-67000060,official,Official CEC presidential result at township/district level. The map shows the local leader; Taiwan elects one president nationally. Remote uninhabited claimed-island geometry is omitted from the display.
"Dongshan District, Tainan City",https://db.cec.gov.tw/ElecTable/Election/ElecTickets?dataType=tickets&typeId=ELC&subjectId=P0&legisId=00&themeId=4d83db17c1707e3defae5dc4d4e9c800&dataLevel=C&prvCode=00&cityCode=000&areaCode=00&deptCode=000&liCode=0000,https://data.gov.tw/dataset/7441,Lai Ching-te–Hsiao Bi-khim,Democratic Progressive Party,17196,10590,103,10693,62.18,2913,0,first,,,Ko Wen-je–Cynthia Wu,Taiwan People's Party,1959,Tainan City,TW-67000060,official,Official CEC presidential result at township/district level. The map shows the local leader; Taiwan elects one president nationally. Remote uninhabited claimed-island geometry is omitted from the display.
"Madou District, Tainan City",https://db.cec.gov.tw/ElecTable/Election/ElecTickets?dataType=tickets&typeId=ELC&subjectId=P0&legisId=00&themeId=4d83db17c1707e3defae5dc4d4e9c800&dataLevel=C&prvCode=00&cityCode=000&areaCode=00&deptCode=000&liCode=0000,https://data.gov.tw/dataset/7441,Lai Ching-te–Hsiao Bi-khim,Democratic Progressive Party,36724,26982,200,27182,74.02,10226,0,first,,,Lai Ching-te–Hsiao Bi-khim,Democratic Progressive Party,16080,Tainan City,TW-67000070,official,Official CEC presidential result at township/district level. The map shows the local leader; Taiwan elects one president nationally. Remote uninhabited claimed-island geometry is omitted from the display.
"Madou District, Tainan City",https://db.cec.gov.tw/ElecTable/Election/ElecTickets?dataType=tickets&typeId=ELC&subjectId=P0&legisId=00&themeId=4d83db17c1707e3defae5dc4d4e9c800&dataLevel=C&prvCode=00&cityCode=000&areaCode=00&deptCode=000&liCode=0000,https://data.gov.tw/dataset/7441,Lai Ching-te–Hsiao Bi-khim,Democratic Progressive Party,36724,26982,200,27182,74.02,10226,0,first,,,Ko Wen-je–Cynthia Wu,Taiwan People's Party,5854,Tainan City,TW-67000070,official,Official CEC presidential result at township/district level. The map shows the local leader; Taiwan elects one president nationally. Remote uninhabited claimed-island geometry is omitted from the display.
"Madou District, Tainan City",https://db.cec.gov.tw/ElecTable/Election/ElecTickets?dataType=tickets&typeId=ELC&subjectId=P0&legisId=00&themeId=4d83db17c1707e3defae5dc4d4e9c800&dataLevel=C&prvCode=00&cityCode=000&areaCode=00&deptCode=000&liCode=0000,https://data.gov.tw/dataset/7441,Lai Ching-te–Hsiao Bi-khim,Democratic Progressive Party,36724,26982,200,27182,74.02,10226,0,first,,,Hou Yu-ih–Jaw Shaw-kong,Kuomintang,5048,Tainan City,TW-67000070,official,Official CEC presidential result at township/district level. The map shows the local leader; Taiwan elects one president nationally. Remote uninhabited claimed-island geometry is omitted from the display.
"Xiaying District, Tainan City",https://db.cec.gov.tw/ElecTable/Election/ElecTickets?dataType=tickets&typeId=ELC&subjectId=P0&legisId=00&themeId=4d83db17c1707e3defae5dc4d4e9c800&dataLevel=C&prvCode=00&cityCode=000&areaCode=00&deptCode=000&liCode=0000,https://data.gov.tw/dataset/7441,Lai Ching-te–Hsiao Bi-khim,Democratic Progressive Party,19615,13497,108,13605,69.36,3940,0,first,,,Lai Ching-te–Hsiao Bi-khim,Democratic Progressive Party,7289,Tainan City,TW-67000080,official,Official CEC presidential result at township/district level. The map shows the local leader; Taiwan elects one president nationally. Remote uninhabited claimed-island geometry is omitted from the display.
"Xiaying District, Tainan City",https://db.cec.gov.tw/ElecTable/Election/ElecTickets?dataType=tickets&typeId=ELC&subjectId=P0&legisId=00&themeId=4d83db17c1707e3defae5dc4d4e9c800&dataLevel=C&prvCode=00&cityCode=000&areaCode=00&deptCode=000&liCode=0000,https://data.gov.tw/dataset/7441,Lai Ching-te–Hsiao Bi-khim,Democratic Progressive Party,19615,13497,108,13605,69.36,3940,0,first,,,Hou Yu-ih–Jaw Shaw-kong,Kuomintang,3349,Tainan City,TW-67000080,official,Official CEC presidential result at township/district level. The map shows the local leader; Taiwan elects one president nationally. Remote uninhabited claimed-island geometry is omitted from the display.
"Xiaying District, Tainan City",https://db.cec.gov.tw/ElecTable/Election/ElecTickets?dataType=tickets&typeId=ELC&subjectId=P0&legisId=00&themeId=4d83db17c1707e3defae5dc4d4e9c800&dataLevel=C&prvCode=00&cityCode=000&areaCode=00&deptCode=000&liCode=0000,https://data.gov.tw/dataset/7441,Lai Ching-te–Hsiao Bi-khim,Democratic Progressive Party,19615,13497,108,13605,69.36,3940,0,first,,,Ko Wen-je–Cynthia Wu,Taiwan People's Party,2859,Tainan City,TW-67000080,official,Official CEC presidential result at township/district level. The map shows the local leader; Taiwan elects one president nationally. Remote uninhabited claimed-island geometry is omitted from the display.
"Liujia District, Tainan City",https://db.cec.gov.tw/ElecTable/Election/ElecTickets?dataType=tickets&typeId=ELC&subjectId=P0&legisId=00&themeId=4d83db17c1707e3defae5dc4d4e9c800&dataLevel=C&prvCode=00&cityCode=000&areaCode=00&deptCode=000&liCode=0000,https://data.gov.tw/dataset/7441,Lai Ching-te–Hsiao Bi-khim,Democratic Progressive Party,18307,12516,98,12614,68.9,4045,0,first,,,Lai Ching-te–Hsiao Bi-khim,Democratic Progressive Party,6882,Tainan City,TW-67000090,official,Official CEC presidential result at township/district level. The map shows the local leader; Taiwan elects one president nationally. Remote uninhabited claimed-island geometry is omitted from the display.
"Liujia District, Tainan City",https://db.cec.gov.tw/ElecTable/Election/ElecTickets?dataType=tickets&typeId=ELC&subjectId=P0&legisId=00&themeId=4d83db17c1707e3defae5dc4d4e9c800&dataLevel=C&prvCode=00&cityCode=000&areaCode=00&deptCode=000&liCode=0000,https://data.gov.tw/dataset/7441,Lai Ching-te–Hsiao Bi-khim,Democratic Progressive Party,18307,12516,98,12614,68.9,4045,0,first,,,Ko Wen-je–Cynthia Wu,Taiwan People's Party,2837,Tainan City,TW-67000090,official,Official CEC presidential result at township/district level. The map shows the local leader; Taiwan elects one president nationally. Remote uninhabited claimed-island geometry is omitted from the display.
"Liujia District, Tainan City",https://db.cec.gov.tw/ElecTable/Election/ElecTickets?dataType=tickets&typeId=ELC&subjectId=P0&legisId=00&themeId=4d83db17c1707e3defae5dc4d4e9c800&dataLevel=C&prvCode=00&cityCode=000&areaCode=00&deptCode=000&liCode=0000,https://data.gov.tw/dataset/7441,Lai Ching-te–Hsiao Bi-khim,Democratic Progressive Party,18307,12516,98,12614,68.9,4045,0,first,,,Hou Yu-ih–Jaw Shaw-kong,Kuomintang,2797,Tainan City,TW-67000090,official,Official CEC presidential result at township/district level. The map shows the local leader; Taiwan elects one president nationally. Remote uninhabited claimed-island geometry is omitted from the display.
"Guantian District, Tainan City",https://db.cec.gov.tw/ElecTable/Election/ElecTickets?dataType=tickets&typeId=ELC&subjectId=P0&legisId=00&themeId=4d83db17c1707e3defae5dc4d4e9c800&dataLevel=C&prvCode=00&cityCode=000&areaCode=00&deptCode=000&liCode=0000,https://data.gov.tw/dataset/7441,Lai Ching-te–Hsiao Bi-khim,Democratic Progressive Party,18186,12995,107,13102,72.04,4781,0,first,,,Lai Ching-te–Hsiao Bi-khim,Democratic Progressive Party,7561,Tainan City,TW-67000100,official,Official CEC presidential result at township/district level. The map shows the local leader; Taiwan elects one president nationally. Remote uninhabited claimed-island geometry is omitted from the display.
"Guantian District, Tainan City",https://db.cec.gov.tw/ElecTable/Election/ElecTickets?dataType=tickets&typeId=ELC&subjectId=P0&legisId=00&themeId=4d83db17c1707e3defae5dc4d4e9c800&dataLevel=C&prvCode=00&cityCode=000&areaCode=00&deptCode=000&liCode=0000,https://data.gov.tw/dataset/7441,Lai Ching-te–Hsiao Bi-khim,Democratic Progressive Party,18186,12995,107,13102,72.04,4781,0,first,,,Ko Wen-je–Cynthia Wu,Taiwan People's Party,2780,Tainan City,TW-67000100,official,Official CEC presidential result at township/district level. The map shows the local leader; Taiwan elects one president nationally. Remote uninhabited claimed-island geometry is omitted from the display.
"Guantian District, Tainan City",https://db.cec.gov.tw/ElecTable/Election/ElecTickets?dataType=tickets&typeId=ELC&subjectId=P0&legisId=00&themeId=4d83db17c1707e3defae5dc4d4e9c800&dataLevel=C&prvCode=00&cityCode=000&areaCode=00&deptCode=000&liCode=0000,https://data.gov.tw/dataset/7441,Lai Ching-te–Hsiao Bi-khim,Democratic Progressive Party,18186,12995,107,13102,72.04,4781,0,first,,,Hou Yu-ih–Jaw Shaw-kong,Kuomintang,2654,Tainan City,TW-67000100,official,Official CEC presidential result at township/district level. The map shows the local leader; Taiwan elects one president nationally. Remote uninhabited claimed-island geometry is omitted from the display.
"Danei District, Tainan City",https://db.cec.gov.tw/ElecTable/Election/ElecTickets?dataType=tickets&typeId=ELC&subjectId=P0&legisId=00&themeId=4d83db17c1707e3defae5dc4d4e9c800&dataLevel=C&prvCode=00&cityCode=000&areaCode=00&deptCode=000&liCode=0000,https://data.gov.tw/dataset/7441,Lai Ching-te–Hsiao Bi-khim,Democratic Progressive Party,7918,5541,44,5585,70.54,1855,0,first,,,Lai Ching-te–Hsiao Bi-khim,Democratic Progressive Party,3191,Tainan City,TW-67000110,official,Official CEC presidential result at township/district level. The map shows the local leader; Taiwan elects one president nationally. Remote uninhabited claimed-island geometry is omitted from the display.
"Danei District, Tainan City",https://db.cec.gov.tw/ElecTable/Election/ElecTickets?dataType=tickets&typeId=ELC&subjectId=P0&legisId=00&themeId=4d83db17c1707e3defae5dc4d4e9c800&dataLevel=C&prvCode=00&cityCode=000&areaCode=00&deptCode=000&liCode=0000,https://data.gov.tw/dataset/7441,Lai Ching-te–Hsiao Bi-khim,Democratic Progressive Party,7918,5541,44,5585,70.54,1855,0,first,,,Hou Yu-ih–Jaw Shaw-kong,Kuomintang,1336,Tainan City,TW-67000110,official,Official CEC presidential result at township/district level. The map shows the local leader; Taiwan elects one president nationally. Remote uninhabited claimed-island geometry is omitted from the display.
"Danei District, Tainan City",https://db.cec.gov.tw/ElecTable/Election/ElecTickets?dataType=tickets&typeId=ELC&subjectId=P0&legisId=00&themeId=4d83db17c1707e3defae5dc4d4e9c800&dataLevel=C&prvCode=00&cityCode=000&areaCode=00&deptCode=000&liCode=0000,https://data.gov.tw/dataset/7441,Lai Ching-te–Hsiao Bi-khim,Democratic Progressive Party,7918,5541,44,5585,70.54,1855,0,first,,,Ko Wen-je–Cynthia Wu,Taiwan People's Party,1014,Tainan City,TW-67000110,official,Official CEC presidential result at township/district level. The map shows the local leader; Taiwan elects one president nationally. Remote uninhabited claimed-island geometry is omitted from the display.
"Jiali District, Tainan City",https://db.cec.gov.tw/ElecTable/Election/ElecTickets?dataType=tickets&typeId=ELC&subjectId=P0&legisId=00&themeId=4d83db17c1707e3defae5dc4d4e9c800&dataLevel=C&prvCode=00&cityCode=000&areaCode=00&deptCode=000&liCode=0000,https://data.gov.tw/dataset/7441,Lai Ching-te–Hsiao Bi-khim,Democratic Progressive Party,49125,35226,251,35477,72.22,10835,0,first,,,Lai Ching-te–Hsiao Bi-khim,Democratic Progressive Party,19014,Tainan City,TW-67000120,official,Official CEC presidential result at township/district level. The map shows the local leader; Taiwan elects one president nationally. Remote uninhabited claimed-island geometry is omitted from the display.
"Jiali District, Tainan City",https://db.cec.gov.tw/ElecTable/Election/ElecTickets?dataType=tickets&typeId=ELC&subjectId=P0&legisId=00&themeId=4d83db17c1707e3defae5dc4d4e9c800&dataLevel=C&prvCode=00&cityCode=000&areaCode=00&deptCode=000&liCode=0000,https://data.gov.tw/dataset/7441,Lai Ching-te–Hsiao Bi-khim,Democratic Progressive Party,49125,35226,251,35477,72.22,10835,0,first,,,Hou Yu-ih–Jaw Shaw-kong,Kuomintang,8179,Tainan City,TW-67000120,official,Official CEC presidential result at township/district level. The map shows the local leader; Taiwan elects one president nationally. Remote uninhabited claimed-island geometry is omitted from the display.
"Jiali District, Tainan City",https://db.cec.gov.tw/ElecTable/Election/ElecTickets?dataType=tickets&typeId=ELC&subjectId=P0&legisId=00&themeId=4d83db17c1707e3defae5dc4d4e9c800&dataLevel=C&prvCode=00&cityCode=000&areaCode=00&deptCode=000&liCode=0000,https://data.gov.tw/dataset/7441,Lai Ching-te–Hsiao Bi-khim,Democratic Progressive Party,49125,35226,251,35477,72.22,10835,0,first,,,Ko Wen-je–Cynthia Wu,Taiwan People's Party,8033,Tainan City,TW-67000120,official,Official CEC presidential result at township/district level. The map shows the local leader; Taiwan elects one president nationally. Remote uninhabited claimed-island geometry is omitted from the display.
"Xuejia District, Tainan City",https://db.cec.gov.tw/ElecTable/Election/ElecTickets?dataType=tickets&typeId=ELC&subjectId=P0&legisId=00&themeId=4d83db17c1707e3defae5dc4d4e9c800&dataLevel=C&prvCode=00&cityCode=000&areaCode=00&deptCode=000&liCode=0000,https://data.gov.tw/dataset/7441,Lai Ching-te–Hsiao Bi-khim,Democratic Progressive Party,21648,14716,112,14828,68.5,5371,0,first,,,Lai Ching-te–Hsiao Bi-khim,Democratic Progressive Party,8524,Tainan City,TW-67000130,official,Official CEC presidential result at township/district level. The map shows the local leader; Taiwan elects one president nationally. Remote uninhabited claimed-island geometry is omitted from the display.
"Xuejia District, Tainan City",https://db.cec.gov.tw/ElecTable/Election/ElecTickets?dataType=tickets&typeId=ELC&subjectId=P0&legisId=00&themeId=4d83db17c1707e3defae5dc4d4e9c800&dataLevel=C&prvCode=00&cityCode=000&areaCode=00&deptCode=000&liCode=0000,https://data.gov.tw/dataset/7441,Lai Ching-te–Hsiao Bi-khim,Democratic Progressive Party,21648,14716,112,14828,68.5,5371,0,first,,,Hou Yu-ih–Jaw Shaw-kong,Kuomintang,3153,Tainan City,TW-67000130,official,Official CEC presidential result at township/district level. The map shows the local leader; Taiwan elects one president nationally. Remote uninhabited claimed-island geometry is omitted from the display.
"Xuejia District, Tainan City",https://db.cec.gov.tw/ElecTable/Election/ElecTickets?dataType=tickets&typeId=ELC&subjectId=P0&legisId=00&themeId=4d83db17c1707e3defae5dc4d4e9c800&dataLevel=C&prvCode=00&cityCode=000&areaCode=00&deptCode=000&liCode=0000,https://data.gov.tw/dataset/7441,Lai Ching-te–Hsiao Bi-khim,Democratic Progressive Party,21648,14716,112,14828,68.5,5371,0,first,,,Ko Wen-je–Cynthia Wu,Taiwan People's Party,3039,Tainan City,TW-67000130,official,Official CEC presidential result at township/district level. The map shows the local leader; Taiwan elects one president nationally. Remote uninhabited claimed-island geometry is omitted from the display.
"Xigang District, Tainan City",https://db.cec.gov.tw/ElecTable/Election/ElecTickets?dataType=tickets&typeId=ELC&subjectId=P0&legisId=00&themeId=4d83db17c1707e3defae5dc4d4e9c800&dataLevel=C&prvCode=00&cityCode=000&areaCode=00&deptCode=000&liCode=0000,https://data.gov.tw/dataset/7441,Lai Ching-te–Hsiao Bi-khim,Democratic Progressive Party,21516,15309,149,15458,71.84,5583,0,first,,,Lai Ching-te–Hsiao Bi-khim,Democratic Progressive Party,8928,Tainan City,TW-67000140,official,Official CEC presidential result at township/district level. The map shows the local leader; Taiwan elects one president nationally. Remote uninhabited claimed-island geometry is omitted from the display.
"Xigang District, Tainan City",https://db.cec.gov.tw/ElecTable/Election/ElecTickets?dataType=tickets&typeId=ELC&subjectId=P0&legisId=00&themeId=4d83db17c1707e3defae5dc4d4e9c800&dataLevel=C&prvCode=00&cityCode=000&areaCode=00&deptCode=000&liCode=0000,https://data.gov.tw/dataset/7441,Lai Ching-te–Hsiao Bi-khim,Democratic Progressive Party,21516,15309,149,15458,71.84,5583,0,first,,,Ko Wen-je–Cynthia Wu,Taiwan People's Party,3345,Tainan City,TW-67000140,official,Official CEC presidential result at township/district level. The map shows the local leader; Taiwan elects one president nationally. Remote uninhabited claimed-island geometry is omitted from the display.
"Xigang District, Tainan City",https://db.cec.gov.tw/ElecTable/Election/ElecTickets?dataType=tickets&typeId=ELC&subjectId=P0&legisId=00&themeId=4d83db17c1707e3defae5dc4d4e9c800&dataLevel=C&prvCode=00&cityCode=000&areaCode=00&deptCode=000&liCode=0000,https://data.gov.tw/dataset/7441,Lai Ching-te–Hsiao Bi-khim,Democratic Progressive Party,21516,15309,149,15458,71.84,5583,0,first,,,Hou Yu-ih–Jaw Shaw-kong,Kuomintang,3036,Tainan City,TW-67000140,official,Official CEC presidential result at township/district level. The map shows the local leader; Taiwan elects one president nationally. Remote uninhabited claimed-island geometry is omitted from the display.
"Qigu District, Tainan City",https://db.cec.gov.tw/ElecTable/Election/ElecTickets?dataType=tickets&typeId=ELC&subjectId=P0&legisId=00&themeId=4d83db17c1707e3defae5dc4d4e9c800&dataLevel=C&prvCode=00&cityCode=000&areaCode=00&deptCode=000&liCode=0000,https://data.gov.tw/dataset/7441,Lai Ching-te–Hsiao Bi-khim,Democratic Progressive Party,18845,12790,152,12942,68.68,4932,0,first,,,Lai Ching-te–Hsiao Bi-khim,Democratic Progressive Party,7601,Tainan City,TW-67000150,official,Official CEC presidential result at township/district level. The map shows the local leader; Taiwan elects one president nationally. Remote uninhabited claimed-island geometry is omitted from the display.
"Qigu District, Tainan City",https://db.cec.gov.tw/ElecTable/Election/ElecTickets?dataType=tickets&typeId=ELC&subjectId=P0&legisId=00&themeId=4d83db17c1707e3defae5dc4d4e9c800&dataLevel=C&prvCode=00&cityCode=000&areaCode=00&deptCode=000&liCode=0000,https://data.gov.tw/dataset/7441,Lai Ching-te–Hsiao Bi-khim,Democratic Progressive Party,18845,12790,152,12942,68.68,4932,0,first,,,Hou Yu-ih–Jaw Shaw-kong,Kuomintang,2669,Tainan City,TW-67000150,official,Official CEC presidential result at township/district level. The map shows the local leader; Taiwan elects one president nationally. Remote uninhabited claimed-island geometry is omitted from the display.
"Qigu District, Tainan City",https://db.cec.gov.tw/ElecTable/Election/ElecTickets?dataType=tickets&typeId=ELC&subjectId=P0&legisId=00&themeId=4d83db17c1707e3defae5dc4d4e9c800&dataLevel=C&prvCode=00&cityCode=000&areaCode=00&deptCode=000&liCode=0000,https://data.gov.tw/dataset/7441,Lai Ching-te–Hsiao Bi-khim,Democratic Progressive Party,18845,12790,152,12942,68.68,4932,0,first,,,Ko Wen-je–Cynthia Wu,Taiwan People's Party,2520,Tainan City,TW-67000150,official,Official CEC presidential result at township/district level. The map shows the local leader; Taiwan elects one president nationally. Remote uninhabited claimed-island geometry is omitted from the display.
"Jiangjun District, Tainan City",https://db.cec.gov.tw/ElecTable/Election/ElecTickets?dataType=tickets&typeId=ELC&subjectId=P0&legisId=00&themeId=4d83db17c1707e3defae5dc4d4e9c800&dataLevel=C&prvCode=00&cityCode=000&areaCode=00&deptCode=000&liCode=0000,https://data.gov.tw/dataset/7441,Lai Ching-te–Hsiao Bi-khim,Democratic Progressive Party,16591,10731,76,10807,65.14,4472,0,first,,,Lai Ching-te–Hsiao Bi-khim,Democratic Progressive Party,6699,Tainan City,TW-67000160,official,Official CEC presidential result at township/district level. The map shows the local leader; Taiwan elects one president nationally. Remote uninhabited claimed-island geometry is omitted from the display.
"Jiangjun District, Tainan City",https://db.cec.gov.tw/ElecTable/Election/ElecTickets?dataType=tickets&typeId=ELC&subjectId=P0&legisId=00&themeId=4d83db17c1707e3defae5dc4d4e9c800&dataLevel=C&prvCode=00&cityCode=000&areaCode=00&deptCode=000&liCode=0000,https://data.gov.tw/dataset/7441,Lai Ching-te–Hsiao Bi-khim,Democratic Progressive Party,16591,10731,76,10807,65.14,4472,0,first,,,Hou Yu-ih–Jaw Shaw-kong,Kuomintang,2227,Tainan City,TW-67000160,official,Official CEC presidential result at township/district level. The map shows the local leader; Taiwan elects one president nationally. Remote uninhabited claimed-island geometry is omitted from the display.
"Jiangjun District, Tainan City",https://db.cec.gov.tw/ElecTable/Election/ElecTickets?dataType=tickets&typeId=ELC&subjectId=P0&legisId=00&themeId=4d83db17c1707e3defae5dc4d4e9c800&dataLevel=C&prvCode=00&cityCode=000&areaCode=00&deptCode=000&liCode=0000,https://data.gov.tw/dataset/7441,Lai Ching-te–Hsiao Bi-khim,Democratic Progressive Party,16591,10731,76,10807,65.14,4472,0,first,,,Ko Wen-je–Cynthia Wu,Taiwan People's Party,1805,Tainan City,TW-67000160,official,Official CEC presidential result at township/district level. The map shows the local leader; Taiwan elects one president nationally. Remote uninhabited claimed-island geometry is omitted from the display.
"Beimen District, Tainan City",https://db.cec.gov.tw/ElecTable/Election/ElecTickets?dataType=tickets&typeId=ELC&subjectId=P0&legisId=00&themeId=4d83db17c1707e3defae5dc4d4e9c800&dataLevel=C&prvCode=00&cityCode=000&areaCode=00&deptCode=000&liCode=0000,https://data.gov.tw/dataset/7441,Lai Ching-te–Hsiao Bi-khim,Democratic Progressive Party,9079,5582,35,5617,61.87,1711,0,first,,,Lai Ching-te–Hsiao Bi-khim,Democratic Progressive Party,3131,Tainan City,TW-67000170,official,Official CEC presidential result at township/district level. The map shows the local leader; Taiwan elects one president nationally. Remote uninhabited claimed-island geometry is omitted from the display.
"Beimen District, Tainan City",https://db.cec.gov.tw/ElecTable/Election/ElecTickets?dataType=tickets&typeId=ELC&subjectId=P0&legisId=00&themeId=4d83db17c1707e3defae5dc4d4e9c800&dataLevel=C&prvCode=00&cityCode=000&areaCode=00&deptCode=000&liCode=0000,https://data.gov.tw/dataset/7441,Lai Ching-te–Hsiao Bi-khim,Democratic Progressive Party,9079,5582,35,5617,61.87,1711,0,first,,,Hou Yu-ih–Jaw Shaw-kong,Kuomintang,1420,Tainan City,TW-67000170,official,Official CEC presidential result at township/district level. The map shows the local leader; Taiwan elects one president nationally. Remote uninhabited claimed-island geometry is omitted from the display.
"Beimen District, Tainan City",https://db.cec.gov.tw/ElecTable/Election/ElecTickets?dataType=tickets&typeId=ELC&subjectId=P0&legisId=00&themeId=4d83db17c1707e3defae5dc4d4e9c800&dataLevel=C&prvCode=00&cityCode=000&areaCode=00&deptCode=000&liCode=0000,https://data.gov.tw/dataset/7441,Lai Ching-te–Hsiao Bi-khim,Democratic Progressive Party,9079,5582,35,5617,61.87,1711,0,first,,,Ko Wen-je–Cynthia Wu,Taiwan People's Party,1031,Tainan City,TW-67000170,official,Official CEC presidential result at township/district level. The map shows the local leader; Taiwan elects one president nationally. Remote uninhabited claimed-island geometry is omitted from the display.
"Xinhua District, Tainan City",https://db.cec.gov.tw/ElecTable/Election/ElecTickets?dataType=tickets&typeId=ELC&subjectId=P0&legisId=00&themeId=4d83db17c1707e3defae5dc4d4e9c800&dataLevel=C&prvCode=00&cityCode=000&areaCode=00&deptCode=000&liCode=0000,https://data.gov.tw/dataset/7441,Lai Ching-te–Hsiao Bi-khim,Democratic Progressive Party,36695,26695,179,26874,73.24,6190,0,first,,,Lai Ching-te–Hsiao Bi-khim,Democratic Progressive Party,13320,Tainan City,TW-67000180,official,Official CEC presidential result at township/district level. The map shows the local leader; Taiwan elects one president nationally. Remote uninhabited claimed-island geometry is omitted from the display.
"Xinhua District, Tainan City",https://db.cec.gov.tw/ElecTable/Election/ElecTickets?dataType=tickets&typeId=ELC&subjectId=P0&legisId=00&themeId=4d83db17c1707e3defae5dc4d4e9c800&dataLevel=C&prvCode=00&cityCode=000&areaCode=00&deptCode=000&liCode=0000,https://data.gov.tw/dataset/7441,Lai Ching-te–Hsiao Bi-khim,Democratic Progressive Party,36695,26695,179,26874,73.24,6190,0,first,,,Hou Yu-ih–Jaw Shaw-kong,Kuomintang,7130,Tainan City,TW-67000180,official,Official CEC presidential result at township/district level. The map shows the local leader; Taiwan elects one president nationally. Remote uninhabited claimed-island geometry is omitted from the display.
"Xinhua District, Tainan City",https://db.cec.gov.tw/ElecTable/Election/ElecTickets?dataType=tickets&typeId=ELC&subjectId=P0&legisId=00&themeId=4d83db17c1707e3defae5dc4d4e9c800&dataLevel=C&prvCode=00&cityCode=000&areaCode=00&deptCode=000&liCode=0000,https://data.gov.tw/dataset/7441,Lai Ching-te–Hsiao Bi-khim,Democratic Progressive Party,36695,26695,179,26874,73.24,6190,0,first,,,Ko Wen-je–Cynthia Wu,Taiwan People's Party,6245,Tainan City,TW-67000180,official,Official CEC presidential result at township/district level. The map shows the local leader; Taiwan elects one president nationally. Remote uninhabited claimed-island geometry is omitted from the display.
"Shanhua District, Tainan City",https://db.cec.gov.tw/ElecTable/Election/ElecTickets?dataType=tickets&typeId=ELC&subjectId=P0&legisId=00&themeId=4d83db17c1707e3defae5dc4d4e9c800&dataLevel=C&prvCode=00&cityCode=000&areaCode=00&deptCode=000&liCode=0000,https://data.gov.tw/dataset/7441,Lai Ching-te–Hsiao Bi-khim,Democratic Progressive Party,41774,30250,211,30461,72.92,7195,0,first,,,Lai Ching-te–Hsiao Bi-khim,Democratic Progressive Party,15541,Tainan City,TW-67000190,official,Official CEC presidential result at township/district level. The map shows the local leader; Taiwan elects one president nationally. Remote uninhabited claimed-island geometry is omitted from the display.
"Shanhua District, Tainan City",https://db.cec.gov.tw/ElecTable/Election/ElecTickets?dataType=tickets&typeId=ELC&subjectId=P0&legisId=00&themeId=4d83db17c1707e3defae5dc4d4e9c800&dataLevel=C&prvCode=00&cityCode=000&areaCode=00&deptCode=000&liCode=0000,https://data.gov.tw/dataset/7441,Lai Ching-te–Hsiao Bi-khim,Democratic Progressive Party,41774,30250,211,30461,72.92,7195,0,first,,,Ko Wen-je–Cynthia Wu,Taiwan People's Party,8346,Tainan City,TW-67000190,official,Official CEC presidential result at township/district level. The map shows the local leader; Taiwan elects one president nationally. Remote uninhabited claimed-island geometry is omitted from the display.
"Shanhua District, Tainan City",https://db.cec.gov.tw/ElecTable/Election/ElecTickets?dataType=tickets&typeId=ELC&subjectId=P0&legisId=00&themeId=4d83db17c1707e3defae5dc4d4e9c800&dataLevel=C&prvCode=00&cityCode=000&areaCode=00&deptCode=000&liCode=0000,https://data.gov.tw/dataset/7441,Lai Ching-te–Hsiao Bi-khim,Democratic Progressive Party,41774,30250,211,30461,72.92,7195,0,first,,,Hou Yu-ih–Jaw Shaw-kong,Kuomintang,6363,Tainan City,TW-67000190,official,Official CEC presidential result at township/district level. The map shows the local leader; Taiwan elects one president nationally. Remote uninhabited claimed-island geometry is omitted from the display.
"Xinshi District, Tainan City",https://db.cec.gov.tw/ElecTable/Election/ElecTickets?dataType=tickets&typeId=ELC&subjectId=P0&legisId=00&themeId=4d83db17c1707e3defae5dc4d4e9c800&dataLevel=C&prvCode=00&cityCode=000&areaCode=00&deptCode=000&liCode=0000,https://data.gov.tw/dataset/7441,Lai Ching-te–Hsiao Bi-khim,Democratic Progressive Party,30878,22696,141,22837,73.96,5712,0,first,,,Lai Ching-te–Hsiao Bi-khim,Democratic Progressive Party,11759,Tainan City,TW-67000200,official,Official CEC presidential result at township/district level. The map shows the local leader; Taiwan elects one president nationally. Remote uninhabited claimed-island geometry is omitted from the display.
"Xinshi District, Tainan City",https://db.cec.gov.tw/ElecTable/Election/ElecTickets?dataType=tickets&typeId=ELC&subjectId=P0&legisId=00&themeId=4d83db17c1707e3defae5dc4d4e9c800&dataLevel=C&prvCode=00&cityCode=000&areaCode=00&deptCode=000&liCode=0000,https://data.gov.tw/dataset/7441,Lai Ching-te–Hsiao Bi-khim,Democratic Progressive Party,30878,22696,141,22837,73.96,5712,0,first,,,Ko Wen-je–Cynthia Wu,Taiwan People's Party,6047,Tainan City,TW-67000200,official,Official CEC presidential result at township/district level. The map shows the local leader; Taiwan elects one president nationally. Remote uninhabited claimed-island geometry is omitted from the display.
"Xinshi District, Tainan City",https://db.cec.gov.tw/ElecTable/Election/ElecTickets?dataType=tickets&typeId=ELC&subjectId=P0&legisId=00&themeId=4d83db17c1707e3defae5dc4d4e9c800&dataLevel=C&prvCode=00&cityCode=000&areaCode=00&deptCode=000&liCode=0000,https://data.gov.tw/dataset/7441,Lai Ching-te–Hsiao Bi-khim,Democratic Progressive Party,30878,22696,141,22837,73.96,5712,0,first,,,Hou Yu-ih–Jaw Shaw-kong,Kuomintang,4890,Tainan City,TW-67000200,official,Official CEC presidential result at township/district level. The map shows the local leader; Taiwan elects one president nationally. Remote uninhabited claimed-island geometry is omitted from the display.
"Anding District, Tainan City",https://db.cec.gov.tw/ElecTable/Election/ElecTickets?dataType=tickets&typeId=ELC&subjectId=P0&legisId=00&themeId=4d83db17c1707e3defae5dc4d4e9c800&dataLevel=C&prvCode=00&cityCode=000&areaCode=00&deptCode=000&liCode=0000,https://data.gov.tw/dataset/7441,Lai Ching-te–Hsiao Bi-khim,Democratic Progressive Party,25550,18608,178,18786,73.53,5633,0,first,,,Lai Ching-te–Hsiao Bi-khim,Democratic Progressive Party,10158,Tainan City,TW-67000210,official,Official CEC presidential result at township/district level. The map shows the local leader; Taiwan elects one president nationally. Remote uninhabited claimed-island geometry is omitted from the display.
"Anding District, Tainan City",https://db.cec.gov.tw/ElecTable/Election/ElecTickets?dataType=tickets&typeId=ELC&subjectId=P0&legisId=00&themeId=4d83db17c1707e3defae5dc4d4e9c800&dataLevel=C&prvCode=00&cityCode=000&areaCode=00&deptCode=000&liCode=0000,https://data.gov.tw/dataset/7441,Lai Ching-te–Hsiao Bi-khim,Democratic Progressive Party,25550,18608,178,18786,73.53,5633,0,first,,,Ko Wen-je–Cynthia Wu,Taiwan People's Party,4525,Tainan City,TW-67000210,official,Official CEC presidential result at township/district level. The map shows the local leader; Taiwan elects one president nationally. Remote uninhabited claimed-island geometry is omitted from the display.
"Anding District, Tainan City",https://db.cec.gov.tw/ElecTable/Election/ElecTickets?dataType=tickets&typeId=ELC&subjectId=P0&legisId=00&themeId=4d83db17c1707e3defae5dc4d4e9c800&dataLevel=C&prvCode=00&cityCode=000&areaCode=00&deptCode=000&liCode=0000,https://data.gov.tw/dataset/7441,Lai Ching-te–Hsiao Bi-khim,Democratic Progressive Party,25550,18608,178,18786,73.53,5633,0,first,,,Hou Yu-ih–Jaw Shaw-kong,Kuomintang,3925,Tainan City,TW-67000210,official,Official CEC presidential result at township/district level. The map shows the local leader; Taiwan elects one president nationally. Remote uninhabited claimed-island geometry is omitted from the display.
"Shanshang District, Tainan City",https://db.cec.gov.tw/ElecTable/Election/ElecTickets?dataType=tickets&typeId=ELC&subjectId=P0&legisId=00&themeId=4d83db17c1707e3defae5dc4d4e9c800&dataLevel=C&prvCode=00&cityCode=000&areaCode=00&deptCode=000&liCode=0000,https://data.gov.tw/dataset/7441,Lai Ching-te–Hsiao Bi-khim,Democratic Progressive Party,6252,4340,29,4369,69.88,1210,0,first,,,Lai Ching-te–Hsiao Bi-khim,Democratic Progressive Party,2289,Tainan City,TW-67000220,official,Official CEC presidential result at township/district level. The map shows the local leader; Taiwan elects one president nationally. Remote uninhabited claimed-island geometry is omitted from the display.
"Shanshang District, Tainan City",https://db.cec.gov.tw/ElecTable/Election/ElecTickets?dataType=tickets&typeId=ELC&subjectId=P0&legisId=00&themeId=4d83db17c1707e3defae5dc4d4e9c800&dataLevel=C&prvCode=00&cityCode=000&areaCode=00&deptCode=000&liCode=0000,https://data.gov.tw/dataset/7441,Lai Ching-te–Hsiao Bi-khim,Democratic Progressive Party,6252,4340,29,4369,69.88,1210,0,first,,,Hou Yu-ih–Jaw Shaw-kong,Kuomintang,1079,Tainan City,TW-67000220,official,Official CEC presidential result at township/district level. The map shows the local leader; Taiwan elects one president nationally. Remote uninhabited claimed-island geometry is omitted from the display.
"Shanshang District, Tainan City",https://db.cec.gov.tw/ElecTable/Election/ElecTickets?dataType=tickets&typeId=ELC&subjectId=P0&legisId=00&themeId=4d83db17c1707e3defae5dc4d4e9c800&dataLevel=C&prvCode=00&cityCode=000&areaCode=00&deptCode=000&liCode=0000,https://data.gov.tw/dataset/7441,Lai Ching-te–Hsiao Bi-khim,Democratic Progressive Party,6252,4340,29,4369,69.88,1210,0,first,,,Ko Wen-je–Cynthia Wu,Taiwan People's Party,972,Tainan City,TW-67000220,official,Official CEC presidential result at township/district level. The map shows the local leader; Taiwan elects one president nationally. Remote uninhabited claimed-island geometry is omitted from the display.
"Yujing District, Tainan City",https://db.cec.gov.tw/ElecTable/Election/ElecTickets?dataType=tickets&typeId=ELC&subjectId=P0&legisId=00&themeId=4d83db17c1707e3defae5dc4d4e9c800&dataLevel=C&prvCode=00&cityCode=000&areaCode=00&deptCode=000&liCode=0000,https://data.gov.tw/dataset/7441,Lai Ching-te–Hsiao Bi-khim,Democratic Progressive Party,11556,7686,61,7747,67.04,624,0,first,,,Lai Ching-te–Hsiao Bi-khim,Democratic Progressive Party,3349,Tainan City,TW-67000230,official,Official CEC presidential result at township/district level. The map shows the local leader; Taiwan elects one president nationally. Remote uninhabited claimed-island geometry is omitted from the display.
"Yujing District, Tainan City",https://db.cec.gov.tw/ElecTable/Election/ElecTickets?dataType=tickets&typeId=ELC&subjectId=P0&legisId=00&themeId=4d83db17c1707e3defae5dc4d4e9c800&dataLevel=C&prvCode=00&cityCode=000&areaCode=00&deptCode=000&liCode=0000,https://data.gov.tw/dataset/7441,Lai Ching-te–Hsiao Bi-khim,Democratic Progressive Party,11556,7686,61,7747,67.04,624,0,first,,,Hou Yu-ih–Jaw Shaw-kong,Kuomintang,2725,Tainan City,TW-67000230,official,Official CEC presidential result at township/district level. The map shows the local leader; Taiwan elects one president nationally. Remote uninhabited claimed-island geometry is omitted from the display.
"Yujing District, Tainan City",https://db.cec.gov.tw/ElecTable/Election/ElecTickets?dataType=tickets&typeId=ELC&subjectId=P0&legisId=00&themeId=4d83db17c1707e3defae5dc4d4e9c800&dataLevel=C&prvCode=00&cityCode=000&areaCode=00&deptCode=000&liCode=0000,https://data.gov.tw/dataset/7441,Lai Ching-te–Hsiao Bi-khim,Democratic Progressive Party,11556,7686,61,7747,67.04,624,0,first,,,Ko Wen-je–Cynthia Wu,Taiwan People's Party,1612,Tainan City,TW-67000230,official,Official CEC presidential result at township/district level. The map shows the local leader; Taiwan elects one president nationally. Remote uninhabited claimed-island geometry is omitted from the display.
"Nanxi District, Tainan City",https://db.cec.gov.tw/ElecTable/Election/ElecTickets?dataType=tickets&typeId=ELC&subjectId=P0&legisId=00&themeId=4d83db17c1707e3defae5dc4d4e9c800&dataLevel=C&prvCode=00&cityCode=000&areaCode=00&deptCode=000&liCode=0000,https://data.gov.tw/dataset/7441,Hou Yu-ih–Jaw Shaw-kong,Kuomintang,7868,5194,47,5241,66.61,19,0,first,,,Hou Yu-ih–Jaw Shaw-kong,Kuomintang,2105,Tainan City,TW-67000240,official,Official CEC presidential result at township/district level. The map shows the local leader; Taiwan elects one president nationally. Remote uninhabited claimed-island geometry is omitted from the display.
"Nanxi District, Tainan City",https://db.cec.gov.tw/ElecTable/Election/ElecTickets?dataType=tickets&typeId=ELC&subjectId=P0&legisId=00&themeId=4d83db17c1707e3defae5dc4d4e9c800&dataLevel=C&prvCode=00&cityCode=000&areaCode=00&deptCode=000&liCode=0000,https://data.gov.tw/dataset/7441,Hou Yu-ih–Jaw Shaw-kong,Kuomintang,7868,5194,47,5241,66.61,19,0,first,,,Lai Ching-te–Hsiao Bi-khim,Democratic Progressive Party,2086,Tainan City,TW-67000240,official,Official CEC presidential result at township/district level. The map shows the local leader; Taiwan elects one president nationally. Remote uninhabited claimed-island geometry is omitted from the display.
"Nanxi District, Tainan City",https://db.cec.gov.tw/ElecTable/Election/ElecTickets?dataType=tickets&typeId=ELC&subjectId=P0&legisId=00&themeId=4d83db17c1707e3defae5dc4d4e9c800&dataLevel=C&prvCode=00&cityCode=000&areaCode=00&deptCode=000&liCode=0000,https://data.gov.tw/dataset/7441,Hou Yu-ih–Jaw Shaw-kong,Kuomintang,7868,5194,47,5241,66.61,19,0,first,,,Ko Wen-je–Cynthia Wu,Taiwan People's Party,1003,Tainan City,TW-67000240,official,Official CEC presidential result at township/district level. The map shows the local leader; Taiwan elects one president nationally. Remote uninhabited claimed-island geometry is omitted from the display.
"Nanhua District, Tainan City",https://db.cec.gov.tw/ElecTable/Election/ElecTickets?dataType=tickets&typeId=ELC&subjectId=P0&legisId=00&themeId=4d83db17c1707e3defae5dc4d4e9c800&dataLevel=C&prvCode=00&cityCode=000&areaCode=00&deptCode=000&liCode=0000,https://data.gov.tw/dataset/7441,Lai Ching-te–Hsiao Bi-khim,Democratic Progressive Party,7184,4662,32,4694,65.34,484,0,first,,,Lai Ching-te–Hsiao Bi-khim,Democratic Progressive Party,2137,Tainan City,TW-67000250,official,Official CEC presidential result at township/district level. The map shows the local leader; Taiwan elects one president nationally. Remote uninhabited claimed-island geometry is omitted from the display.
"Nanhua District, Tainan City",https://db.cec.gov.tw/ElecTable/Election/ElecTickets?dataType=tickets&typeId=ELC&subjectId=P0&legisId=00&themeId=4d83db17c1707e3defae5dc4d4e9c800&dataLevel=C&prvCode=00&cityCode=000&areaCode=00&deptCode=000&liCode=0000,https://data.gov.tw/dataset/7441,Lai Ching-te–Hsiao Bi-khim,Democratic Progressive Party,7184,4662,32,4694,65.34,484,0,first,,,Hou Yu-ih–Jaw Shaw-kong,Kuomintang,1653,Tainan City,TW-67000250,official,Official CEC presidential result at township/district level. The map shows the local leader; Taiwan elects one president nationally. Remote uninhabited claimed-island geometry is omitted from the display.
"Nanhua District, Tainan City",https://db.cec.gov.tw/ElecTable/Election/ElecTickets?dataType=tickets&typeId=ELC&subjectId=P0&legisId=00&themeId=4d83db17c1707e3defae5dc4d4e9c800&dataLevel=C&prvCode=00&cityCode=000&areaCode=00&deptCode=000&liCode=0000,https://data.gov.tw/dataset/7441,Lai Ching-te–Hsiao Bi-khim,Democratic Progressive Party,7184,4662,32,4694,65.34,484,0,first,,,Ko Wen-je–Cynthia Wu,Taiwan People's Party,872,Tainan City,TW-67000250,official,Official CEC presidential result at township/district level. The map shows the local leader; Taiwan elects one president nationally. Remote uninhabited claimed-island geometry is omitted from the display.
"Zuozhen District, Tainan City",https://db.cec.gov.tw/ElecTable/Election/ElecTickets?dataType=tickets&typeId=ELC&subjectId=P0&legisId=00&themeId=4d83db17c1707e3defae5dc4d4e9c800&dataLevel=C&prvCode=00&cityCode=000&areaCode=00&deptCode=000&liCode=0000,https://data.gov.tw/dataset/7441,Lai Ching-te–Hsiao Bi-khim,Democratic Progressive Party,3939,2592,28,2620,66.51,755,0,first,,,Lai Ching-te–Hsiao Bi-khim,Democratic Progressive Party,1482,Tainan City,TW-67000260,official,Official CEC presidential result at township/district level. The map shows the local leader; Taiwan elects one president nationally. Remote uninhabited claimed-island geometry is omitted from the display.
"Zuozhen District, Tainan City",https://db.cec.gov.tw/ElecTable/Election/ElecTickets?dataType=tickets&typeId=ELC&subjectId=P0&legisId=00&themeId=4d83db17c1707e3defae5dc4d4e9c800&dataLevel=C&prvCode=00&cityCode=000&areaCode=00&deptCode=000&liCode=0000,https://data.gov.tw/dataset/7441,Lai Ching-te–Hsiao Bi-khim,Democratic Progressive Party,3939,2592,28,2620,66.51,755,0,first,,,Hou Yu-ih–Jaw Shaw-kong,Kuomintang,727,Tainan City,TW-67000260,official,Official CEC presidential result at township/district level. The map shows the local leader; Taiwan elects one president nationally. Remote uninhabited claimed-island geometry is omitted from the display.
"Zuozhen District, Tainan City",https://db.cec.gov.tw/ElecTable/Election/ElecTickets?dataType=tickets&typeId=ELC&subjectId=P0&legisId=00&themeId=4d83db17c1707e3defae5dc4d4e9c800&dataLevel=C&prvCode=00&cityCode=000&areaCode=00&deptCode=000&liCode=0000,https://data.gov.tw/dataset/7441,Lai Ching-te–Hsiao Bi-khim,Democratic Progressive Party,3939,2592,28,2620,66.51,755,0,first,,,Ko Wen-je–Cynthia Wu,Taiwan People's Party,383,Tainan City,TW-67000260,official,Official CEC presidential result at township/district level. The map shows the local leader; Taiwan elects one president nationally. Remote uninhabited claimed-island geometry is omitted from the display.
"Rende District, Tainan City",https://db.cec.gov.tw/ElecTable/Election/ElecTickets?dataType=tickets&typeId=ELC&subjectId=P0&legisId=00&themeId=4d83db17c1707e3defae5dc4d4e9c800&dataLevel=C&prvCode=00&cityCode=000&areaCode=00&deptCode=000&liCode=0000,https://data.gov.tw/dataset/7441,Lai Ching-te–Hsiao Bi-khim,Democratic Progressive Party,65576,48265,341,48606,74.12,11421,0,first,,,Lai Ching-te–Hsiao Bi-khim,Democratic Progressive Party,24021,Tainan City,TW-67000270,official,Official CEC presidential result at township/district level. The map shows the local leader; Taiwan elects one president nationally. Remote uninhabited claimed-island geometry is omitted from the display.
"Rende District, Tainan City",https://db.cec.gov.tw/ElecTable/Election/ElecTickets?dataType=tickets&typeId=ELC&subjectId=P0&legisId=00&themeId=4d83db17c1707e3defae5dc4d4e9c800&dataLevel=C&prvCode=00&cityCode=000&areaCode=00&deptCode=000&liCode=0000,https://data.gov.tw/dataset/7441,Lai Ching-te–Hsiao Bi-khim,Democratic Progressive Party,65576,48265,341,48606,74.12,11421,0,first,,,Hou Yu-ih–Jaw Shaw-kong,Kuomintang,12600,Tainan City,TW-67000270,official,Official CEC presidential result at township/district level. The map shows the local leader; Taiwan elects one president nationally. Remote uninhabited claimed-island geometry is omitted from the display.
"Rende District, Tainan City",https://db.cec.gov.tw/ElecTable/Election/ElecTickets?dataType=tickets&typeId=ELC&subjectId=P0&legisId=00&themeId=4d83db17c1707e3defae5dc4d4e9c800&dataLevel=C&prvCode=00&cityCode=000&areaCode=00&deptCode=000&liCode=0000,https://data.gov.tw/dataset/7441,Lai Ching-te–Hsiao Bi-khim,Democratic Progressive Party,65576,48265,341,48606,74.12,11421,0,first,,,Ko Wen-je–Cynthia Wu,Taiwan People's Party,11644,Tainan City,TW-67000270,official,Official CEC presidential result at township/district level. The map shows the local leader; Taiwan elects one president nationally. Remote uninhabited claimed-island geometry is omitted from the display.
"Guiren District, Tainan City",https://db.cec.gov.tw/ElecTable/Election/ElecTickets?dataType=tickets&typeId=ELC&subjectId=P0&legisId=00&themeId=4d83db17c1707e3defae5dc4d4e9c800&dataLevel=C&prvCode=00&cityCode=000&areaCode=00&deptCode=000&liCode=0000,https://data.gov.tw/dataset/7441,Lai Ching-te–Hsiao Bi-khim,Democratic Progressive Party,57187,42264,314,42578,74.45,12507,0,first,,,Lai Ching-te–Hsiao Bi-khim,Democratic Progressive Party,22495,Tainan City,TW-67000280,official,Official CEC presidential result at township/district level. The map shows the local leader; Taiwan elects one president nationally. Remote uninhabited claimed-island geometry is omitted from the display.
"Guiren District, Tainan City",https://db.cec.gov.tw/ElecTable/Election/ElecTickets?dataType=tickets&typeId=ELC&subjectId=P0&legisId=00&themeId=4d83db17c1707e3defae5dc4d4e9c800&dataLevel=C&prvCode=00&cityCode=000&areaCode=00&deptCode=000&liCode=0000,https://data.gov.tw/dataset/7441,Lai Ching-te–Hsiao Bi-khim,Democratic Progressive Party,57187,42264,314,42578,74.45,12507,0,first,,,Ko Wen-je–Cynthia Wu,Taiwan People's Party,9988,Tainan City,TW-67000280,official,Official CEC presidential result at township/district level. The map shows the local leader; Taiwan elects one president nationally. Remote uninhabited claimed-island geometry is omitted from the display.
"Guiren District, Tainan City",https://db.cec.gov.tw/ElecTable/Election/ElecTickets?dataType=tickets&typeId=ELC&subjectId=P0&legisId=00&themeId=4d83db17c1707e3defae5dc4d4e9c800&dataLevel=C&prvCode=00&cityCode=000&areaCode=00&deptCode=000&liCode=0000,https://data.gov.tw/dataset/7441,Lai Ching-te–Hsiao Bi-khim,Democratic Progressive Party,57187,42264,314,42578,74.45,12507,0,first,,,Hou Yu-ih–Jaw Shaw-kong,Kuomintang,9781,Tainan City,TW-67000280,official,Official CEC presidential result at township/district level. The map shows the local leader; Taiwan elects one president nationally. Remote uninhabited claimed-island geometry is omitted from the display.
"Guanmiao District, Tainan City",https://db.cec.gov.tw/ElecTable/Election/ElecTickets?dataType=tickets&typeId=ELC&subjectId=P0&legisId=00&themeId=4d83db17c1707e3defae5dc4d4e9c800&dataLevel=C&prvCode=00&cityCode=000&areaCode=00&deptCode=000&liCode=0000,https://data.gov.tw/dataset/7441,Lai Ching-te–Hsiao Bi-khim,Democratic Progressive Party,29106,21297,170,21467,73.75,6475,0,first,,,Lai Ching-te–Hsiao Bi-khim,Democratic Progressive Party,11619,Tainan City,TW-67000290,official,Official CEC presidential result at township/district level. The map shows the local leader; Taiwan elects one president nationally. Remote uninhabited claimed-island geometry is omitted from the display.
"Guanmiao District, Tainan City",https://db.cec.gov.tw/ElecTable/Election/ElecTickets?dataType=tickets&typeId=ELC&subjectId=P0&legisId=00&themeId=4d83db17c1707e3defae5dc4d4e9c800&dataLevel=C&prvCode=00&cityCode=000&areaCode=00&deptCode=000&liCode=0000,https://data.gov.tw/dataset/7441,Lai Ching-te–Hsiao Bi-khim,Democratic Progressive Party,29106,21297,170,21467,73.75,6475,0,first,,,Hou Yu-ih–Jaw Shaw-kong,Kuomintang,5144,Tainan City,TW-67000290,official,Official CEC presidential result at township/district level. The map shows the local leader; Taiwan elects one president nationally. Remote uninhabited claimed-island geometry is omitted from the display.
"Guanmiao District, Tainan City",https://db.cec.gov.tw/ElecTable/Election/ElecTickets?dataType=tickets&typeId=ELC&subjectId=P0&legisId=00&themeId=4d83db17c1707e3defae5dc4d4e9c800&dataLevel=C&prvCode=00&cityCode=000&areaCode=00&deptCode=000&liCode=0000,https://data.gov.tw/dataset/7441,Lai Ching-te–Hsiao Bi-khim,Democratic Progressive Party,29106,21297,170,21467,73.75,6475,0,first,,,Ko Wen-je–Cynthia Wu,Taiwan People's Party,4534,Tainan City,TW-67000290,official,Official CEC presidential result at township/district level. The map shows the local leader; Taiwan elects one president nationally. Remote uninhabited claimed-island geometry is omitted from the display.
"Longqi District, Tainan City",https://db.cec.gov.tw/ElecTable/Election/ElecTickets?dataType=tickets&typeId=ELC&subjectId=P0&legisId=00&themeId=4d83db17c1707e3defae5dc4d4e9c800&dataLevel=C&prvCode=00&cityCode=000&areaCode=00&deptCode=000&liCode=0000,https://data.gov.tw/dataset/7441,Lai Ching-te–Hsiao Bi-khim,Democratic Progressive Party,3326,2355,21,2376,71.44,494,0,first,,,Lai Ching-te–Hsiao Bi-khim,Democratic Progressive Party,1243,Tainan City,TW-67000300,official,Official CEC presidential result at township/district level. The map shows the local leader; Taiwan elects one president nationally. Remote uninhabited claimed-island geometry is omitted from the display.
"Longqi District, Tainan City",https://db.cec.gov.tw/ElecTable/Election/ElecTickets?dataType=tickets&typeId=ELC&subjectId=P0&legisId=00&themeId=4d83db17c1707e3defae5dc4d4e9c800&dataLevel=C&prvCode=00&cityCode=000&areaCode=00&deptCode=000&liCode=0000,https://data.gov.tw/dataset/7441,Lai Ching-te–Hsiao Bi-khim,Democratic Progressive Party,3326,2355,21,2376,71.44,494,0,first,,,Hou Yu-ih–Jaw Shaw-kong,Kuomintang,749,Tainan City,TW-67000300,official,Official CEC presidential result at township/district level. The map shows the local leader; Taiwan elects one president nationally. Remote uninhabited claimed-island geometry is omitted from the display.
"Longqi District, Tainan City",https://db.cec.gov.tw/ElecTable/Election/ElecTickets?dataType=tickets&typeId=ELC&subjectId=P0&legisId=00&themeId=4d83db17c1707e3defae5dc4d4e9c800&dataLevel=C&prvCode=00&cityCode=000&areaCode=00&deptCode=000&liCode=0000,https://data.gov.tw/dataset/7441,Lai Ching-te–Hsiao Bi-khim,Democratic Progressive Party,3326,2355,21,2376,71.44,494,0,first,,,Ko Wen-je–Cynthia Wu,Taiwan People's Party,363,Tainan City,TW-67000300,official,Official CEC presidential result at township/district level. The map shows the local leader; Taiwan elects one president nationally. Remote uninhabited claimed-island geometry is omitted from the display.
"Yongkang District, Tainan City",https://db.cec.gov.tw/ElecTable/Election/ElecTickets?dataType=tickets&typeId=ELC&subjectId=P0&legisId=00&themeId=4d83db17c1707e3defae5dc4d4e9c800&dataLevel=C&prvCode=00&cityCode=000&areaCode=00&deptCode=000&liCode=0000,https://data.gov.tw/dataset/7441,Lai Ching-te–Hsiao Bi-khim,Democratic Progressive Party,194785,140346,867,141213,72.5,28707,0,first,,,Lai Ching-te–Hsiao Bi-khim,Democratic Progressive Party,66181,Tainan City,TW-67000310,official,Official CEC presidential result at township/district level. The map shows the local leader; Taiwan elects one president nationally. Remote uninhabited claimed-island geometry is omitted from the display.
"Yongkang District, Tainan City",https://db.cec.gov.tw/ElecTable/Election/ElecTickets?dataType=tickets&typeId=ELC&subjectId=P0&legisId=00&themeId=4d83db17c1707e3defae5dc4d4e9c800&dataLevel=C&prvCode=00&cityCode=000&areaCode=00&deptCode=000&liCode=0000,https://data.gov.tw/dataset/7441,Lai Ching-te–Hsiao Bi-khim,Democratic Progressive Party,194785,140346,867,141213,72.5,28707,0,first,,,Hou Yu-ih–Jaw Shaw-kong,Kuomintang,37474,Tainan City,TW-67000310,official,Official CEC presidential result at township/district level. The map shows the local leader; Taiwan elects one president nationally. Remote uninhabited claimed-island geometry is omitted from the display.
"Yongkang District, Tainan City",https://db.cec.gov.tw/ElecTable/Election/ElecTickets?dataType=tickets&typeId=ELC&subjectId=P0&legisId=00&themeId=4d83db17c1707e3defae5dc4d4e9c800&dataLevel=C&prvCode=00&cityCode=000&areaCode=00&deptCode=000&liCode=0000,https://data.gov.tw/dataset/7441,Lai Ching-te–Hsiao Bi-khim,Democratic Progressive Party,194785,140346,867,141213,72.5,28707,0,first,,,Ko Wen-je–Cynthia Wu,Taiwan People's Party,36691,Tainan City,TW-67000310,official,Official CEC presidential result at township/district level. The map shows the local leader; Taiwan elects one president nationally. Remote uninhabited claimed-island geometry is omitted from the display.
"East District, Tainan City",https://db.cec.gov.tw/ElecTable/Election/ElecTickets?dataType=tickets&typeId=ELC&subjectId=P0&legisId=00&themeId=4d83db17c1707e3defae5dc4d4e9c800&dataLevel=C&prvCode=00&cityCode=000&areaCode=00&deptCode=000&liCode=0000,https://data.gov.tw/dataset/7441,Lai Ching-te–Hsiao Bi-khim,Democratic Progressive Party,148479,108974,692,109666,73.86,15458,0,first,,,Lai Ching-te–Hsiao Bi-khim,Democratic Progressive Party,49578,Tainan City,TW-67000320,official,Official CEC presidential result at township/district level. The map shows the local leader; Taiwan elects one president nationally. Remote uninhabited claimed-island geometry is omitted from the display.
"East District, Tainan City",https://db.cec.gov.tw/ElecTable/Election/ElecTickets?dataType=tickets&typeId=ELC&subjectId=P0&legisId=00&themeId=4d83db17c1707e3defae5dc4d4e9c800&dataLevel=C&prvCode=00&cityCode=000&areaCode=00&deptCode=000&liCode=0000,https://data.gov.tw/dataset/7441,Lai Ching-te–Hsiao Bi-khim,Democratic Progressive Party,148479,108974,692,109666,73.86,15458,0,first,,,Hou Yu-ih–Jaw Shaw-kong,Kuomintang,34120,Tainan City,TW-67000320,official,Official CEC presidential result at township/district level. The map shows the local leader; Taiwan elects one president nationally. Remote uninhabited claimed-island geometry is omitted from the display.
"East District, Tainan City",https://db.cec.gov.tw/ElecTable/Election/ElecTickets?dataType=tickets&typeId=ELC&subjectId=P0&legisId=00&themeId=4d83db17c1707e3defae5dc4d4e9c800&dataLevel=C&prvCode=00&cityCode=000&areaCode=00&deptCode=000&liCode=0000,https://data.gov.tw/dataset/7441,Lai Ching-te–Hsiao Bi-khim,Democratic Progressive Party,148479,108974,692,109666,73.86,15458,0,first,,,Ko Wen-je–Cynthia Wu,Taiwan People's Party,25276,Tainan City,TW-67000320,official,Official CEC presidential result at township/district level. The map shows the local leader; Taiwan elects one president nationally. Remote uninhabited claimed-island geometry is omitted from the display.
"South District, Tainan City",https://db.cec.gov.tw/ElecTable/Election/ElecTickets?dataType=tickets&typeId=ELC&subjectId=P0&legisId=00&themeId=4d83db17c1707e3defae5dc4d4e9c800&dataLevel=C&prvCode=00&cityCode=000&areaCode=00&deptCode=000&liCode=0000,https://data.gov.tw/dataset/7441,Lai Ching-te–Hsiao Bi-khim,Democratic Progressive Party,105520,76554,477,77031,73.0,21003,0,first,,,Lai Ching-te–Hsiao Bi-khim,Democratic Progressive Party,40510,Tainan City,TW-67000330,official,Official CEC presidential result at township/district level. The map shows the local leader; Taiwan elects one president nationally. Remote uninhabited claimed-island geometry is omitted from the display.
"South District, Tainan City",https://db.cec.gov.tw/ElecTable/Election/ElecTickets?dataType=tickets&typeId=ELC&subjectId=P0&legisId=00&themeId=4d83db17c1707e3defae5dc4d4e9c800&dataLevel=C&prvCode=00&cityCode=000&areaCode=00&deptCode=000&liCode=0000,https://data.gov.tw/dataset/7441,Lai Ching-te–Hsiao Bi-khim,Democratic Progressive Party,105520,76554,477,77031,73.0,21003,0,first,,,Hou Yu-ih–Jaw Shaw-kong,Kuomintang,19507,Tainan City,TW-67000330,official,Official CEC presidential result at township/district level. The map shows the local leader; Taiwan elects one president nationally. Remote uninhabited claimed-island geometry is omitted from the display.
"South District, Tainan City",https://db.cec.gov.tw/ElecTable/Election/ElecTickets?dataType=tickets&typeId=ELC&subjectId=P0&legisId=00&themeId=4d83db17c1707e3defae5dc4d4e9c800&dataLevel=C&prvCode=00&cityCode=000&areaCode=00&deptCode=000&liCode=0000,https://data.gov.tw/dataset/7441,Lai Ching-te–Hsiao Bi-khim,Democratic Progressive Party,105520,76554,477,77031,73.0,21003,0,first,,,Ko Wen-je–Cynthia Wu,Taiwan People's Party,16537,Tainan City,TW-67000330,official,Official CEC presidential result at township/district level. The map shows the local leader; Taiwan elects one president nationally. Remote uninhabited claimed-island geometry is omitted from the display.
"North District, Tainan City",https://db.cec.gov.tw/ElecTable/Election/ElecTickets?dataType=tickets&typeId=ELC&subjectId=P0&legisId=00&themeId=4d83db17c1707e3defae5dc4d4e9c800&dataLevel=C&prvCode=00&cityCode=000&areaCode=00&deptCode=000&liCode=0000,https://data.gov.tw/dataset/7441,Lai Ching-te–Hsiao Bi-khim,Democratic Progressive Party,106942,77629,558,78187,73.11,14212,0,first,,,Lai Ching-te–Hsiao Bi-khim,Democratic Progressive Party,36838,Tainan City,TW-67000340,official,Official CEC presidential result at township/district level. The map shows the local leader; Taiwan elects one president nationally. Remote uninhabited claimed-island geometry is omitted from the display.
"North District, Tainan City",https://db.cec.gov.tw/ElecTable/Election/ElecTickets?dataType=tickets&typeId=ELC&subjectId=P0&legisId=00&themeId=4d83db17c1707e3defae5dc4d4e9c800&dataLevel=C&prvCode=00&cityCode=000&areaCode=00&deptCode=000&liCode=0000,https://data.gov.tw/dataset/7441,Lai Ching-te–Hsiao Bi-khim,Democratic Progressive Party,106942,77629,558,78187,73.11,14212,0,first,,,Hou Yu-ih–Jaw Shaw-kong,Kuomintang,22626,Tainan City,TW-67000340,official,Official CEC presidential result at township/district level. The map shows the local leader; Taiwan elects one president nationally. Remote uninhabited claimed-island geometry is omitted from the display.
"North District, Tainan City",https://db.cec.gov.tw/ElecTable/Election/ElecTickets?dataType=tickets&typeId=ELC&subjectId=P0&legisId=00&themeId=4d83db17c1707e3defae5dc4d4e9c800&dataLevel=C&prvCode=00&cityCode=000&areaCode=00&deptCode=000&liCode=0000,https://data.gov.tw/dataset/7441,Lai Ching-te–Hsiao Bi-khim,Democratic Progressive Party,106942,77629,558,78187,73.11,14212,0,first,,,Ko Wen-je–Cynthia Wu,Taiwan People's Party,18165,Tainan City,TW-67000340,official,Official CEC presidential result at township/district level. The map shows the local leader; Taiwan elects one president nationally. Remote uninhabited claimed-island geometry is omitted from the display.
"Annan District, Tainan City",https://db.cec.gov.tw/ElecTable/Election/ElecTickets?dataType=tickets&typeId=ELC&subjectId=P0&legisId=00&themeId=4d83db17c1707e3defae5dc4d4e9c800&dataLevel=C&prvCode=00&cityCode=000&areaCode=00&deptCode=000&liCode=0000,https://data.gov.tw/dataset/7441,Lai Ching-te–Hsiao Bi-khim,Democratic Progressive Party,165254,118152,867,119019,72.02,31482,0,first,,,Lai Ching-te–Hsiao Bi-khim,Democratic Progressive Party,61863,Tainan City,TW-67000350,official,Official CEC presidential result at township/district level. The map shows the local leader; Taiwan elects one president nationally. Remote uninhabited claimed-island geometry is omitted from the display.
"Annan District, Tainan City",https://db.cec.gov.tw/ElecTable/Election/ElecTickets?dataType=tickets&typeId=ELC&subjectId=P0&legisId=00&themeId=4d83db17c1707e3defae5dc4d4e9c800&dataLevel=C&prvCode=00&cityCode=000&areaCode=00&deptCode=000&liCode=0000,https://data.gov.tw/dataset/7441,Lai Ching-te–Hsiao Bi-khim,Democratic Progressive Party,165254,118152,867,119019,72.02,31482,0,first,,,Ko Wen-je–Cynthia Wu,Taiwan People's Party,30381,Tainan City,TW-67000350,official,Official CEC presidential result at township/district level. The map shows the local leader; Taiwan elects one president nationally. Remote uninhabited claimed-island geometry is omitted from the display.
"Annan District, Tainan City",https://db.cec.gov.tw/ElecTable/Election/ElecTickets?dataType=tickets&typeId=ELC&subjectId=P0&legisId=00&themeId=4d83db17c1707e3defae5dc4d4e9c800&dataLevel=C&prvCode=00&cityCode=000&areaCode=00&deptCode=000&liCode=0000,https://data.gov.tw/dataset/7441,Lai Ching-te–Hsiao Bi-khim,Democratic Progressive Party,165254,118152,867,119019,72.02,31482,0,first,,,Hou Yu-ih–Jaw Shaw-kong,Kuomintang,25908,Tainan City,TW-67000350,official,Official CEC presidential result at township/district level. The map shows the local leader; Taiwan elects one president nationally. Remote uninhabited claimed-island geometry is omitted from the display.
"Anping District, Tainan City",https://db.cec.gov.tw/ElecTable/Election/ElecTickets?dataType=tickets&typeId=ELC&subjectId=P0&legisId=00&themeId=4d83db17c1707e3defae5dc4d4e9c800&dataLevel=C&prvCode=00&cityCode=000&areaCode=00&deptCode=000&liCode=0000,https://data.gov.tw/dataset/7441,Lai Ching-te–Hsiao Bi-khim,Democratic Progressive Party,57536,40985,253,41238,71.67,8260,0,first,,,Lai Ching-te–Hsiao Bi-khim,Democratic Progressive Party,19638,Tainan City,TW-67000360,official,Official CEC presidential result at township/district level. The map shows the local leader; Taiwan elects one president nationally. Remote uninhabited claimed-island geometry is omitted from the display.
"Anping District, Tainan City",https://db.cec.gov.tw/ElecTable/Election/ElecTickets?dataType=tickets&typeId=ELC&subjectId=P0&legisId=00&themeId=4d83db17c1707e3defae5dc4d4e9c800&dataLevel=C&prvCode=00&cityCode=000&areaCode=00&deptCode=000&liCode=0000,https://data.gov.tw/dataset/7441,Lai Ching-te–Hsiao Bi-khim,Democratic Progressive Party,57536,40985,253,41238,71.67,8260,0,first,,,Hou Yu-ih–Jaw Shaw-kong,Kuomintang,11378,Tainan City,TW-67000360,official,Official CEC presidential result at township/district level. The map shows the local leader; Taiwan elects one president nationally. Remote uninhabited claimed-island geometry is omitted from the display.
"Anping District, Tainan City",https://db.cec.gov.tw/ElecTable/Election/ElecTickets?dataType=tickets&typeId=ELC&subjectId=P0&legisId=00&themeId=4d83db17c1707e3defae5dc4d4e9c800&dataLevel=C&prvCode=00&cityCode=000&areaCode=00&deptCode=000&liCode=0000,https://data.gov.tw/dataset/7441,Lai Ching-te–Hsiao Bi-khim,Democratic Progressive Party,57536,40985,253,41238,71.67,8260,0,first,,,Ko Wen-je–Cynthia Wu,Taiwan People's Party,9969,Tainan City,TW-67000360,official,Official CEC presidential result at township/district level. The map shows the local leader; Taiwan elects one president nationally. Remote uninhabited claimed-island geometry is omitted from the display.
"West Central District, Tainan City",https://db.cec.gov.tw/ElecTable/Election/ElecTickets?dataType=tickets&typeId=ELC&subjectId=P0&legisId=00&themeId=4d83db17c1707e3defae5dc4d4e9c800&dataLevel=C&prvCode=00&cityCode=000&areaCode=00&deptCode=000&liCode=0000,https://data.gov.tw/dataset/7441,Lai Ching-te–Hsiao Bi-khim,Democratic Progressive Party,63221,45495,277,45772,72.4,11229,0,first,,,Lai Ching-te–Hsiao Bi-khim,Democratic Progressive Party,23508,Tainan City,TW-67000370,official,Official CEC presidential result at township/district level. The map shows the local leader; Taiwan elects one president nationally. Remote uninhabited claimed-island geometry is omitted from the display.
"West Central District, Tainan City",https://db.cec.gov.tw/ElecTable/Election/ElecTickets?dataType=tickets&typeId=ELC&subjectId=P0&legisId=00&themeId=4d83db17c1707e3defae5dc4d4e9c800&dataLevel=C&prvCode=00&cityCode=000&areaCode=00&deptCode=000&liCode=0000,https://data.gov.tw/dataset/7441,Lai Ching-te–Hsiao Bi-khim,Democratic Progressive Party,63221,45495,277,45772,72.4,11229,0,first,,,Hou Yu-ih–Jaw Shaw-kong,Kuomintang,12279,Tainan City,TW-67000370,official,Official CEC presidential result at township/district level. The map shows the local leader; Taiwan elects one president nationally. Remote uninhabited claimed-island geometry is omitted from the display.
"West Central District, Tainan City",https://db.cec.gov.tw/ElecTable/Election/ElecTickets?dataType=tickets&typeId=ELC&subjectId=P0&legisId=00&themeId=4d83db17c1707e3defae5dc4d4e9c800&dataLevel=C&prvCode=00&cityCode=000&areaCode=00&deptCode=000&liCode=0000,https://data.gov.tw/dataset/7441,Lai Ching-te–Hsiao Bi-khim,Democratic Progressive Party,63221,45495,277,45772,72.4,11229,0,first,,,Ko Wen-je–Cynthia Wu,Taiwan People's Party,9708,Tainan City,TW-67000370,official,Official CEC presidential result at township/district level. The map shows the local leader; Taiwan elects one president nationally. Remote uninhabited claimed-island geometry is omitted from the display.
"Yancheng District, Kaohsiung City",https://db.cec.gov.tw/ElecTable/Election/ElecTickets?dataType=tickets&typeId=ELC&subjectId=P0&legisId=00&themeId=4d83db17c1707e3defae5dc4d4e9c800&dataLevel=C&prvCode=00&cityCode=000&areaCode=00&deptCode=000&liCode=0000,https://data.gov.tw/dataset/7441,Lai Ching-te–Hsiao Bi-khim,Democratic Progressive Party,20088,14499,85,14584,72.6,3744,0,first,,,Lai Ching-te–Hsiao Bi-khim,Democratic Progressive Party,7835,Kaohsiung City,TW-64000010,official,Official CEC presidential result at township/district level. The map shows the local leader; Taiwan elects one president nationally. Remote uninhabited claimed-island geometry is omitted from the display.
"Yancheng District, Kaohsiung City",https://db.cec.gov.tw/ElecTable/Election/ElecTickets?dataType=tickets&typeId=ELC&subjectId=P0&legisId=00&themeId=4d83db17c1707e3defae5dc4d4e9c800&dataLevel=C&prvCode=00&cityCode=000&areaCode=00&deptCode=000&liCode=0000,https://data.gov.tw/dataset/7441,Lai Ching-te–Hsiao Bi-khim,Democratic Progressive Party,20088,14499,85,14584,72.6,3744,0,first,,,Hou Yu-ih–Jaw Shaw-kong,Kuomintang,4091,Kaohsiung City,TW-64000010,official,Official CEC presidential result at township/district level. The map shows the local leader; Taiwan elects one president nationally. Remote uninhabited claimed-island geometry is omitted from the display.
"Yancheng District, Kaohsiung City",https://db.cec.gov.tw/ElecTable/Election/ElecTickets?dataType=tickets&typeId=ELC&subjectId=P0&legisId=00&themeId=4d83db17c1707e3defae5dc4d4e9c800&dataLevel=C&prvCode=00&cityCode=000&areaCode=00&deptCode=000&liCode=0000,https://data.gov.tw/dataset/7441,Lai Ching-te–Hsiao Bi-khim,Democratic Progressive Party,20088,14499,85,14584,72.6,3744,0,first,,,Ko Wen-je–Cynthia Wu,Taiwan People's Party,2573,Kaohsiung City,TW-64000010,official,Official CEC presidential result at township/district level. The map shows the local leader; Taiwan elects one president nationally. Remote uninhabited claimed-island geometry is omitted from the display.
"Gushan District, Kaohsiung City",https://db.cec.gov.tw/ElecTable/Election/ElecTickets?dataType=tickets&typeId=ELC&subjectId=P0&legisId=00&themeId=4d83db17c1707e3defae5dc4d4e9c800&dataLevel=C&prvCode=00&cityCode=000&areaCode=00&deptCode=000&liCode=0000,https://data.gov.tw/dataset/7441,Lai Ching-te–Hsiao Bi-khim,Democratic Progressive Party,113911,81904,440,82344,72.29,11940,0,first,,,Lai Ching-te–Hsiao Bi-khim,Democratic Progressive Party,38328,Kaohsiung City,TW-64000020,official,Official CEC presidential result at township/district level. The map shows the local leader; Taiwan elects one president nationally. Remote uninhabited claimed-island geometry is omitted from the display.
"Gushan District, Kaohsiung City",https://db.cec.gov.tw/ElecTable/Election/ElecTickets?dataType=tickets&typeId=ELC&subjectId=P0&legisId=00&themeId=4d83db17c1707e3defae5dc4d4e9c800&dataLevel=C&prvCode=00&cityCode=000&areaCode=00&deptCode=000&liCode=0000,https://data.gov.tw/dataset/7441,Lai Ching-te–Hsiao Bi-khim,Democratic Progressive Party,113911,81904,440,82344,72.29,11940,0,first,,,Hou Yu-ih–Jaw Shaw-kong,Kuomintang,26388,Kaohsiung City,TW-64000020,official,Official CEC presidential result at township/district level. The map shows the local leader; Taiwan elects one president nationally. Remote uninhabited claimed-island geometry is omitted from the display.
"Gushan District, Kaohsiung City",https://db.cec.gov.tw/ElecTable/Election/ElecTickets?dataType=tickets&typeId=ELC&subjectId=P0&legisId=00&themeId=4d83db17c1707e3defae5dc4d4e9c800&dataLevel=C&prvCode=00&cityCode=000&areaCode=00&deptCode=000&liCode=0000,https://data.gov.tw/dataset/7441,Lai Ching-te–Hsiao Bi-khim,Democratic Progressive Party,113911,81904,440,82344,72.29,11940,0,first,,,Ko Wen-je–Cynthia Wu,Taiwan People's Party,17188,Kaohsiung City,TW-64000020,official,Official CEC presidential result at township/district level. The map shows the local leader; Taiwan elects one president nationally. Remote uninhabited claimed-island geometry is omitted from the display.
"Zuoying District, Kaohsiung City",https://db.cec.gov.tw/ElecTable/Election/ElecTickets?dataType=tickets&typeId=ELC&subjectId=P0&legisId=00&themeId=4d83db17c1707e3defae5dc4d4e9c800&dataLevel=C&prvCode=00&cityCode=000&areaCode=00&deptCode=000&liCode=0000,https://data.gov.tw/dataset/7441,Lai Ching-te–Hsiao Bi-khim,Democratic Progressive Party,162368,115439,629,116068,71.48,8481,0,first,,,Lai Ching-te–Hsiao Bi-khim,Democratic Progressive Party,48791,Kaohsiung City,TW-64000030,official,Official CEC presidential result at township/district level. The map shows the local leader; Taiwan elects one president nationally. Remote uninhabited claimed-island geometry is omitted from the display.
"Zuoying District, Kaohsiung City",https://db.cec.gov.tw/ElecTable/Election/ElecTickets?dataType=tickets&typeId=ELC&subjectId=P0&legisId=00&themeId=4d83db17c1707e3defae5dc4d4e9c800&dataLevel=C&prvCode=00&cityCode=000&areaCode=00&deptCode=000&liCode=0000,https://data.gov.tw/dataset/7441,Lai Ching-te–Hsiao Bi-khim,Democratic Progressive Party,162368,115439,629,116068,71.48,8481,0,first,,,Hou Yu-ih–Jaw Shaw-kong,Kuomintang,40310,Kaohsiung City,TW-64000030,official,Official CEC presidential result at township/district level. The map shows the local leader; Taiwan elects one president nationally. Remote uninhabited claimed-island geometry is omitted from the display.
"Zuoying District, Kaohsiung City",https://db.cec.gov.tw/ElecTable/Election/ElecTickets?dataType=tickets&typeId=ELC&subjectId=P0&legisId=00&themeId=4d83db17c1707e3defae5dc4d4e9c800&dataLevel=C&prvCode=00&cityCode=000&areaCode=00&deptCode=000&liCode=0000,https://data.gov.tw/dataset/7441,Lai Ching-te–Hsiao Bi-khim,Democratic Progressive Party,162368,115439,629,116068,71.48,8481,0,first,,,Ko Wen-je–Cynthia Wu,Taiwan People's Party,26338,Kaohsiung City,TW-64000030,official,Official CEC presidential result at township/district level. The map shows the local leader; Taiwan elects one president nationally. Remote uninhabited claimed-island geometry is omitted from the display.
"Nanzi District, Kaohsiung City",https://db.cec.gov.tw/ElecTable/Election/ElecTickets?dataType=tickets&typeId=ELC&subjectId=P0&legisId=00&themeId=4d83db17c1707e3defae5dc4d4e9c800&dataLevel=C&prvCode=00&cityCode=000&areaCode=00&deptCode=000&liCode=0000,https://data.gov.tw/dataset/7441,Lai Ching-te–Hsiao Bi-khim,Democratic Progressive Party,157118,111190,640,111830,71.18,18415,0,first,,,Lai Ching-te–Hsiao Bi-khim,Democratic Progressive Party,51318,Kaohsiung City,TW-64000040,official,Official CEC presidential result at township/district level. The map shows the local leader; Taiwan elects one president nationally. Remote uninhabited claimed-island geometry is omitted from the display.
"Nanzi District, Kaohsiung City",https://db.cec.gov.tw/ElecTable/Election/ElecTickets?dataType=tickets&typeId=ELC&subjectId=P0&legisId=00&themeId=4d83db17c1707e3defae5dc4d4e9c800&dataLevel=C&prvCode=00&cityCode=000&areaCode=00&deptCode=000&liCode=0000,https://data.gov.tw/dataset/7441,Lai Ching-te–Hsiao Bi-khim,Democratic Progressive Party,157118,111190,640,111830,71.18,18415,0,first,,,Hou Yu-ih–Jaw Shaw-kong,Kuomintang,32903,Kaohsiung City,TW-64000040,official,Official CEC presidential result at township/district level. The map shows the local leader; Taiwan elects one president nationally. Remote uninhabited claimed-island geometry is omitted from the display.
"Nanzi District, Kaohsiung City",https://db.cec.gov.tw/ElecTable/Election/ElecTickets?dataType=tickets&typeId=ELC&subjectId=P0&legisId=00&themeId=4d83db17c1707e3defae5dc4d4e9c800&dataLevel=C&prvCode=00&cityCode=000&areaCode=00&deptCode=000&liCode=0000,https://data.gov.tw/dataset/7441,Lai Ching-te–Hsiao Bi-khim,Democratic Progressive Party,157118,111190,640,111830,71.18,18415,0,first,,,Ko Wen-je–Cynthia Wu,Taiwan People's Party,26969,Kaohsiung City,TW-64000040,official,Official CEC presidential result at township/district level. The map shows the local leader; Taiwan elects one president nationally. Remote uninhabited claimed-island geometry is omitted from the display.
"Sanmin District, Kaohsiung City",https://db.cec.gov.tw/ElecTable/Election/ElecTickets?dataType=tickets&typeId=ELC&subjectId=P0&legisId=00&themeId=4d83db17c1707e3defae5dc4d4e9c800&dataLevel=C&prvCode=00&cityCode=000&areaCode=00&deptCode=000&liCode=0000,https://data.gov.tw/dataset/7441,Lai Ching-te–Hsiao Bi-khim,Democratic Progressive Party,280458,200987,1146,202133,72.07,42529,0,first,,,Lai Ching-te–Hsiao Bi-khim,Democratic Progressive Party,100125,Kaohsiung City,TW-64000050,official,Official CEC presidential result at township/district level. The map shows the local leader; Taiwan elects one president nationally. Remote uninhabited claimed-island geometry is omitted from the display.
"Sanmin District, Kaohsiung City",https://db.cec.gov.tw/ElecTable/Election/ElecTickets?dataType=tickets&typeId=ELC&subjectId=P0&legisId=00&themeId=4d83db17c1707e3defae5dc4d4e9c800&dataLevel=C&prvCode=00&cityCode=000&areaCode=00&deptCode=000&liCode=0000,https://data.gov.tw/dataset/7441,Lai Ching-te–Hsiao Bi-khim,Democratic Progressive Party,280458,200987,1146,202133,72.07,42529,0,first,,,Hou Yu-ih–Jaw Shaw-kong,Kuomintang,57596,Kaohsiung City,TW-64000050,official,Official CEC presidential result at township/district level. The map shows the local leader; Taiwan elects one president nationally. Remote uninhabited claimed-island geometry is omitted from the display.
"Sanmin District, Kaohsiung City",https://db.cec.gov.tw/ElecTable/Election/ElecTickets?dataType=tickets&typeId=ELC&subjectId=P0&legisId=00&themeId=4d83db17c1707e3defae5dc4d4e9c800&dataLevel=C&prvCode=00&cityCode=000&areaCode=00&deptCode=000&liCode=0000,https://data.gov.tw/dataset/7441,Lai Ching-te–Hsiao Bi-khim,Democratic Progressive Party,280458,200987,1146,202133,72.07,42529,0,first,,,Ko Wen-je–Cynthia Wu,Taiwan People's Party,43266,Kaohsiung City,TW-64000050,official,Official CEC presidential result at township/district level. The map shows the local leader; Taiwan elects one president nationally. Remote uninhabited claimed-island geometry is omitted from the display.
"Xinxing District, Kaohsiung City",https://db.cec.gov.tw/ElecTable/Election/ElecTickets?dataType=tickets&typeId=ELC&subjectId=P0&legisId=00&themeId=4d83db17c1707e3defae5dc4d4e9c800&dataLevel=C&prvCode=00&cityCode=000&areaCode=00&deptCode=000&liCode=0000,https://data.gov.tw/dataset/7441,Lai Ching-te–Hsiao Bi-khim,Democratic Progressive Party,42341,30277,180,30457,71.93,5505,0,first,,,Lai Ching-te–Hsiao Bi-khim,Democratic Progressive Party,15007,Kaohsiung City,TW-64000060,official,Official CEC presidential result at township/district level. The map shows the local leader; Taiwan elects one president nationally. Remote uninhabited claimed-island geometry is omitted from the display.
"Xinxing District, Kaohsiung City",https://db.cec.gov.tw/ElecTable/Election/ElecTickets?dataType=tickets&typeId=ELC&subjectId=P0&legisId=00&themeId=4d83db17c1707e3defae5dc4d4e9c800&dataLevel=C&prvCode=00&cityCode=000&areaCode=00&deptCode=000&liCode=0000,https://data.gov.tw/dataset/7441,Lai Ching-te–Hsiao Bi-khim,Democratic Progressive Party,42341,30277,180,30457,71.93,5505,0,first,,,Hou Yu-ih–Jaw Shaw-kong,Kuomintang,9502,Kaohsiung City,TW-64000060,official,Official CEC presidential result at township/district level. The map shows the local leader; Taiwan elects one president nationally. Remote uninhabited claimed-island geometry is omitted from the display.
"Xinxing District, Kaohsiung City",https://db.cec.gov.tw/ElecTable/Election/ElecTickets?dataType=tickets&typeId=ELC&subjectId=P0&legisId=00&themeId=4d83db17c1707e3defae5dc4d4e9c800&dataLevel=C&prvCode=00&cityCode=000&areaCode=00&deptCode=000&liCode=0000,https://data.gov.tw/dataset/7441,Lai Ching-te–Hsiao Bi-khim,Democratic Progressive Party,42341,30277,180,30457,71.93,5505,0,first,,,Ko Wen-je–Cynthia Wu,Taiwan People's Party,5768,Kaohsiung City,TW-64000060,official,Official CEC presidential result at township/district level. The map shows the local leader; Taiwan elects one president nationally. Remote uninhabited claimed-island geometry is omitted from the display.
"Qianjin District, Kaohsiung City",https://db.cec.gov.tw/ElecTable/Election/ElecTickets?dataType=tickets&typeId=ELC&subjectId=P0&legisId=00&themeId=4d83db17c1707e3defae5dc4d4e9c800&dataLevel=C&prvCode=00&cityCode=000&areaCode=00&deptCode=000&liCode=0000,https://data.gov.tw/dataset/7441,Lai Ching-te–Hsiao Bi-khim,Democratic Progressive Party,24148,17162,114,17276,71.54,3091,0,first,,,Lai Ching-te–Hsiao Bi-khim,Democratic Progressive Party,8448,Kaohsiung City,TW-64000070,official,Official CEC presidential result at township/district level. The map shows the local leader; Taiwan elects one president nationally. Remote uninhabited claimed-island geometry is omitted from the display.
"Qianjin District, Kaohsiung City",https://db.cec.gov.tw/ElecTable/Election/ElecTickets?dataType=tickets&typeId=ELC&subjectId=P0&legisId=00&themeId=4d83db17c1707e3defae5dc4d4e9c800&dataLevel=C&prvCode=00&cityCode=000&areaCode=00&deptCode=000&liCode=0000,https://data.gov.tw/dataset/7441,Lai Ching-te–Hsiao Bi-khim,Democratic Progressive Party,24148,17162,114,17276,71.54,3091,0,first,,,Hou Yu-ih–Jaw Shaw-kong,Kuomintang,5357,Kaohsiung City,TW-64000070,official,Official CEC presidential result at township/district level. The map shows the local leader; Taiwan elects one president nationally. Remote uninhabited claimed-island geometry is omitted from the display.
"Qianjin District, Kaohsiung City",https://db.cec.gov.tw/ElecTable/Election/ElecTickets?dataType=tickets&typeId=ELC&subjectId=P0&legisId=00&themeId=4d83db17c1707e3defae5dc4d4e9c800&dataLevel=C&prvCode=00&cityCode=000&areaCode=00&deptCode=000&liCode=0000,https://data.gov.tw/dataset/7441,Lai Ching-te–Hsiao Bi-khim,Democratic Progressive Party,24148,17162,114,17276,71.54,3091,0,first,,,Ko Wen-je–Cynthia Wu,Taiwan People's Party,3357,Kaohsiung City,TW-64000070,official,Official CEC presidential result at township/district level. The map shows the local leader; Taiwan elects one president nationally. Remote uninhabited claimed-island geometry is omitted from the display.
"Lingya District, Kaohsiung City",https://db.cec.gov.tw/ElecTable/Election/ElecTickets?dataType=tickets&typeId=ELC&subjectId=P0&legisId=00&themeId=4d83db17c1707e3defae5dc4d4e9c800&dataLevel=C&prvCode=00&cityCode=000&areaCode=00&deptCode=000&liCode=0000,https://data.gov.tw/dataset/7441,Lai Ching-te–Hsiao Bi-khim,Democratic Progressive Party,140066,100634,619,101253,72.29,16744,0,first,,,Lai Ching-te–Hsiao Bi-khim,Democratic Progressive Party,48667,Kaohsiung City,TW-64000080,official,Official CEC presidential result at township/district level. The map shows the local leader; Taiwan elects one president nationally. Remote uninhabited claimed-island geometry is omitted from the display.
"Lingya District, Kaohsiung City",https://db.cec.gov.tw/ElecTable/Election/ElecTickets?dataType=tickets&typeId=ELC&subjectId=P0&legisId=00&themeId=4d83db17c1707e3defae5dc4d4e9c800&dataLevel=C&prvCode=00&cityCode=000&areaCode=00&deptCode=000&liCode=0000,https://data.gov.tw/dataset/7441,Lai Ching-te–Hsiao Bi-khim,Democratic Progressive Party,140066,100634,619,101253,72.29,16744,0,first,,,Hou Yu-ih–Jaw Shaw-kong,Kuomintang,31923,Kaohsiung City,TW-64000080,official,Official CEC presidential result at township/district level. The map shows the local leader; Taiwan elects one president nationally. Remote uninhabited claimed-island geometry is omitted from the display.
"Lingya District, Kaohsiung City",https://db.cec.gov.tw/ElecTable/Election/ElecTickets?dataType=tickets&typeId=ELC&subjectId=P0&legisId=00&themeId=4d83db17c1707e3defae5dc4d4e9c800&dataLevel=C&prvCode=00&cityCode=000&areaCode=00&deptCode=000&liCode=0000,https://data.gov.tw/dataset/7441,Lai Ching-te–Hsiao Bi-khim,Democratic Progressive Party,140066,100634,619,101253,72.29,16744,0,first,,,Ko Wen-je–Cynthia Wu,Taiwan People's Party,20044,Kaohsiung City,TW-64000080,official,Official CEC presidential result at township/district level. The map shows the local leader; Taiwan elects one president nationally. Remote uninhabited claimed-island geometry is omitted from the display.
"Qianzhen District, Kaohsiung City",https://db.cec.gov.tw/ElecTable/Election/ElecTickets?dataType=tickets&typeId=ELC&subjectId=P0&legisId=00&themeId=4d83db17c1707e3defae5dc4d4e9c800&dataLevel=C&prvCode=00&cityCode=000&areaCode=00&deptCode=000&liCode=0000,https://data.gov.tw/dataset/7441,Lai Ching-te–Hsiao Bi-khim,Democratic Progressive Party,154643,110189,688,110877,71.7,23715,0,first,,,Lai Ching-te–Hsiao Bi-khim,Democratic Progressive Party,55508,Kaohsiung City,TW-64000090,official,Official CEC presidential result at township/district level. The map shows the local leader; Taiwan elects one president nationally. Remote uninhabited claimed-island geometry is omitted from the display.
"Qianzhen District, Kaohsiung City",https://db.cec.gov.tw/ElecTable/Election/ElecTickets?dataType=tickets&typeId=ELC&subjectId=P0&legisId=00&themeId=4d83db17c1707e3defae5dc4d4e9c800&dataLevel=C&prvCode=00&cityCode=000&areaCode=00&deptCode=000&liCode=0000,https://data.gov.tw/dataset/7441,Lai Ching-te–Hsiao Bi-khim,Democratic Progressive Party,154643,110189,688,110877,71.7,23715,0,first,,,Hou Yu-ih–Jaw Shaw-kong,Kuomintang,31793,Kaohsiung City,TW-64000090,official,Official CEC presidential result at township/district level. The map shows the local leader; Taiwan elects one president nationally. Remote uninhabited claimed-island geometry is omitted from the display.
"Qianzhen District, Kaohsiung City",https://db.cec.gov.tw/ElecTable/Election/ElecTickets?dataType=tickets&typeId=ELC&subjectId=P0&legisId=00&themeId=4d83db17c1707e3defae5dc4d4e9c800&dataLevel=C&prvCode=00&cityCode=000&areaCode=00&deptCode=000&liCode=0000,https://data.gov.tw/dataset/7441,Lai Ching-te–Hsiao Bi-khim,Democratic Progressive Party,154643,110189,688,110877,71.7,23715,0,first,,,Ko Wen-je–Cynthia Wu,Taiwan People's Party,22888,Kaohsiung City,TW-64000090,official,Official CEC presidential result at township/district level. The map shows the local leader; Taiwan elects one president nationally. Remote uninhabited claimed-island geometry is omitted from the display.
"Qijin District, Kaohsiung City",https://db.cec.gov.tw/ElecTable/Election/ElecTickets?dataType=tickets&typeId=ELC&subjectId=P0&legisId=00&themeId=4d83db17c1707e3defae5dc4d4e9c800&dataLevel=C&prvCode=00&cityCode=000&areaCode=00&deptCode=000&liCode=0000,https://data.gov.tw/dataset/7441,Lai Ching-te–Hsiao Bi-khim,Democratic Progressive Party,23041,15223,117,15340,66.58,5288,0,first,,,Lai Ching-te–Hsiao Bi-khim,Democratic Progressive Party,8702,Kaohsiung City,TW-64000100,official,Official CEC presidential result at township/district level. The map shows the local leader; Taiwan elects one president nationally. Remote uninhabited claimed-island geometry is omitted from the display.
"Qijin District, Kaohsiung City",https://db.cec.gov.tw/ElecTable/Election/ElecTickets?dataType=tickets&typeId=ELC&subjectId=P0&legisId=00&themeId=4d83db17c1707e3defae5dc4d4e9c800&dataLevel=C&prvCode=00&cityCode=000&areaCode=00&deptCode=000&liCode=0000,https://data.gov.tw/dataset/7441,Lai Ching-te–Hsiao Bi-khim,Democratic Progressive Party,23041,15223,117,15340,66.58,5288,0,first,,,Hou Yu-ih–Jaw Shaw-kong,Kuomintang,3414,Kaohsiung City,TW-64000100,official,Official CEC presidential result at township/district level. The map shows the local leader; Taiwan elects one president nationally. Remote uninhabited claimed-island geometry is omitted from the display.
"Qijin District, Kaohsiung City",https://db.cec.gov.tw/ElecTable/Election/ElecTickets?dataType=tickets&typeId=ELC&subjectId=P0&legisId=00&themeId=4d83db17c1707e3defae5dc4d4e9c800&dataLevel=C&prvCode=00&cityCode=000&areaCode=00&deptCode=000&liCode=0000,https://data.gov.tw/dataset/7441,Lai Ching-te–Hsiao Bi-khim,Democratic Progressive Party,23041,15223,117,15340,66.58,5288,0,first,,,Ko Wen-je–Cynthia Wu,Taiwan People's Party,3107,Kaohsiung City,TW-64000100,official,Official CEC presidential result at township/district level. The map shows the local leader; Taiwan elects one president nationally. Remote uninhabited claimed-island geometry is omitted from the display.
"Xiaogang District, Kaohsiung City",https://db.cec.gov.tw/ElecTable/Election/ElecTickets?dataType=tickets&typeId=ELC&subjectId=P0&legisId=00&themeId=4d83db17c1707e3defae5dc4d4e9c800&dataLevel=C&prvCode=00&cityCode=000&areaCode=00&deptCode=000&liCode=0000,https://data.gov.tw/dataset/7441,Lai Ching-te–Hsiao Bi-khim,Democratic Progressive Party,130015,89996,566,90562,69.66,22016,0,first,,,Lai Ching-te–Hsiao Bi-khim,Democratic Progressive Party,45675,Kaohsiung City,TW-64000110,official,Official CEC presidential result at township/district level. The map shows the local leader; Taiwan elects one president nationally. Remote uninhabited claimed-island geometry is omitted from the display.
"Xiaogang District, Kaohsiung City",https://db.cec.gov.tw/ElecTable/Election/ElecTickets?dataType=tickets&typeId=ELC&subjectId=P0&legisId=00&themeId=4d83db17c1707e3defae5dc4d4e9c800&dataLevel=C&prvCode=00&cityCode=000&areaCode=00&deptCode=000&liCode=0000,https://data.gov.tw/dataset/7441,Lai Ching-te–Hsiao Bi-khim,Democratic Progressive Party,130015,89996,566,90562,69.66,22016,0,first,,,Hou Yu-ih–Jaw Shaw-kong,Kuomintang,23659,Kaohsiung City,TW-64000110,official,Official CEC presidential result at township/district level. The map shows the local leader; Taiwan elects one president nationally. Remote uninhabited claimed-island geometry is omitted from the display.
"Xiaogang District, Kaohsiung City",https://db.cec.gov.tw/ElecTable/Election/ElecTickets?dataType=tickets&typeId=ELC&subjectId=P0&legisId=00&themeId=4d83db17c1707e3defae5dc4d4e9c800&dataLevel=C&prvCode=00&cityCode=000&areaCode=00&deptCode=000&liCode=0000,https://data.gov.tw/dataset/7441,Lai Ching-te–Hsiao Bi-khim,Democratic Progressive Party,130015,89996,566,90562,69.66,22016,0,first,,,Ko Wen-je–Cynthia Wu,Taiwan People's Party,20662,Kaohsiung City,TW-64000110,official,Official CEC presidential result at township/district level. The map shows the local leader; Taiwan elects one president nationally. Remote uninhabited claimed-island geometry is omitted from the display.
"Fengshan District, Kaohsiung City",https://db.cec.gov.tw/ElecTable/Election/ElecTickets?dataType=tickets&typeId=ELC&subjectId=P0&legisId=00&themeId=4d83db17c1707e3defae5dc4d4e9c800&dataLevel=C&prvCode=00&cityCode=000&areaCode=00&deptCode=000&liCode=0000,https://data.gov.tw/dataset/7441,Lai Ching-te–Hsiao Bi-khim,Democratic Progressive Party,296968,212717,1299,214016,72.07,33914,0,first,,,Lai Ching-te–Hsiao Bi-khim,Democratic Progressive Party,98990,Kaohsiung City,TW-64000120,official,Official CEC presidential result at township/district level. The map shows the local leader; Taiwan elects one president nationally. Remote uninhabited claimed-island geometry is omitted from the display.
"Fengshan District, Kaohsiung City",https://db.cec.gov.tw/ElecTable/Election/ElecTickets?dataType=tickets&typeId=ELC&subjectId=P0&legisId=00&themeId=4d83db17c1707e3defae5dc4d4e9c800&dataLevel=C&prvCode=00&cityCode=000&areaCode=00&deptCode=000&liCode=0000,https://data.gov.tw/dataset/7441,Lai Ching-te–Hsiao Bi-khim,Democratic Progressive Party,296968,212717,1299,214016,72.07,33914,0,first,,,Hou Yu-ih–Jaw Shaw-kong,Kuomintang,65076,Kaohsiung City,TW-64000120,official,Official CEC presidential result at township/district level. The map shows the local leader; Taiwan elects one president nationally. Remote uninhabited claimed-island geometry is omitted from the display.
"Fengshan District, Kaohsiung City",https://db.cec.gov.tw/ElecTable/Election/ElecTickets?dataType=tickets&typeId=ELC&subjectId=P0&legisId=00&themeId=4d83db17c1707e3defae5dc4d4e9c800&dataLevel=C&prvCode=00&cityCode=000&areaCode=00&deptCode=000&liCode=0000,https://data.gov.tw/dataset/7441,Lai Ching-te–Hsiao Bi-khim,Democratic Progressive Party,296968,212717,1299,214016,72.07,33914,0,first,,,Ko Wen-je–Cynthia Wu,Taiwan People's Party,48651,Kaohsiung City,TW-64000120,official,Official CEC presidential result at township/district level. The map shows the local leader; Taiwan elects one president nationally. Remote uninhabited claimed-island geometry is omitted from the display.
"Linyuan District, Kaohsiung City",https://db.cec.gov.tw/ElecTable/Election/ElecTickets?dataType=tickets&typeId=ELC&subjectId=P0&legisId=00&themeId=4d83db17c1707e3defae5dc4d4e9c800&dataLevel=C&prvCode=00&cityCode=000&areaCode=00&deptCode=000&liCode=0000,https://data.gov.tw/dataset/7441,Lai Ching-te–Hsiao Bi-khim,Democratic Progressive Party,57710,39389,276,39665,68.73,12359,0,first,,,Lai Ching-te–Hsiao Bi-khim,Democratic Progressive Party,21587,Kaohsiung City,TW-64000130,official,Official CEC presidential result at township/district level. The map shows the local leader; Taiwan elects one president nationally. Remote uninhabited claimed-island geometry is omitted from the display.
"Linyuan District, Kaohsiung City",https://db.cec.gov.tw/ElecTable/Election/ElecTickets?dataType=tickets&typeId=ELC&subjectId=P0&legisId=00&themeId=4d83db17c1707e3defae5dc4d4e9c800&dataLevel=C&prvCode=00&cityCode=000&areaCode=00&deptCode=000&liCode=0000,https://data.gov.tw/dataset/7441,Lai Ching-te–Hsiao Bi-khim,Democratic Progressive Party,57710,39389,276,39665,68.73,12359,0,first,,,Hou Yu-ih–Jaw Shaw-kong,Kuomintang,9228,Kaohsiung City,TW-64000130,official,Official CEC presidential result at township/district level. The map shows the local leader; Taiwan elects one president nationally. Remote uninhabited claimed-island geometry is omitted from the display.
"Linyuan District, Kaohsiung City",https://db.cec.gov.tw/ElecTable/Election/ElecTickets?dataType=tickets&typeId=ELC&subjectId=P0&legisId=00&themeId=4d83db17c1707e3defae5dc4d4e9c800&dataLevel=C&prvCode=00&cityCode=000&areaCode=00&deptCode=000&liCode=0000,https://data.gov.tw/dataset/7441,Lai Ching-te–Hsiao Bi-khim,Democratic Progressive Party,57710,39389,276,39665,68.73,12359,0,first,,,Ko Wen-je–Cynthia Wu,Taiwan People's Party,8574,Kaohsiung City,TW-64000130,official,Official CEC presidential result at township/district level. The map shows the local leader; Taiwan elects one president nationally. Remote uninhabited claimed-island geometry is omitted from the display.
"Daliao District, Kaohsiung City",https://db.cec.gov.tw/ElecTable/Election/ElecTickets?dataType=tickets&typeId=ELC&subjectId=P0&legisId=00&themeId=4d83db17c1707e3defae5dc4d4e9c800&dataLevel=C&prvCode=00&cityCode=000&areaCode=00&deptCode=000&liCode=0000,https://data.gov.tw/dataset/7441,Lai Ching-te–Hsiao Bi-khim,Democratic Progressive Party,96296,66645,463,67108,69.69,15865,0,first,,,Lai Ching-te–Hsiao Bi-khim,Democratic Progressive Party,33642,Kaohsiung City,TW-64000140,official,Official CEC presidential result at township/district level. The map shows the local leader; Taiwan elects one president nationally. Remote uninhabited claimed-island geometry is omitted from the display.
"Daliao District, Kaohsiung City",https://db.cec.gov.tw/ElecTable/Election/ElecTickets?dataType=tickets&typeId=ELC&subjectId=P0&legisId=00&themeId=4d83db17c1707e3defae5dc4d4e9c800&dataLevel=C&prvCode=00&cityCode=000&areaCode=00&deptCode=000&liCode=0000,https://data.gov.tw/dataset/7441,Lai Ching-te–Hsiao Bi-khim,Democratic Progressive Party,96296,66645,463,67108,69.69,15865,0,first,,,Hou Yu-ih–Jaw Shaw-kong,Kuomintang,17777,Kaohsiung City,TW-64000140,official,Official CEC presidential result at township/district level. The map shows the local leader; Taiwan elects one president nationally. Remote uninhabited claimed-island geometry is omitted from the display.
"Daliao District, Kaohsiung City",https://db.cec.gov.tw/ElecTable/Election/ElecTickets?dataType=tickets&typeId=ELC&subjectId=P0&legisId=00&themeId=4d83db17c1707e3defae5dc4d4e9c800&dataLevel=C&prvCode=00&cityCode=000&areaCode=00&deptCode=000&liCode=0000,https://data.gov.tw/dataset/7441,Lai Ching-te–Hsiao Bi-khim,Democratic Progressive Party,96296,66645,463,67108,69.69,15865,0,first,,,Ko Wen-je–Cynthia Wu,Taiwan People's Party,15226,Kaohsiung City,TW-64000140,official,Official CEC presidential result at township/district level. The map shows the local leader; Taiwan elects one president nationally. Remote uninhabited claimed-island geometry is omitted from the display.
"Dashu District, Kaohsiung City",https://db.cec.gov.tw/ElecTable/Election/ElecTickets?dataType=tickets&typeId=ELC&subjectId=P0&legisId=00&themeId=4d83db17c1707e3defae5dc4d4e9c800&dataLevel=C&prvCode=00&cityCode=000&areaCode=00&deptCode=000&liCode=0000,https://data.gov.tw/dataset/7441,Lai Ching-te–Hsiao Bi-khim,Democratic Progressive Party,35278,24656,219,24875,70.51,7610,0,first,,,Lai Ching-te–Hsiao Bi-khim,Democratic Progressive Party,13685,Kaohsiung City,TW-64000150,official,Official CEC presidential result at township/district level. The map shows the local leader; Taiwan elects one president nationally. Remote uninhabited claimed-island geometry is omitted from the display.
"Dashu District, Kaohsiung City",https://db.cec.gov.tw/ElecTable/Election/ElecTickets?dataType=tickets&typeId=ELC&subjectId=P0&legisId=00&themeId=4d83db17c1707e3defae5dc4d4e9c800&dataLevel=C&prvCode=00&cityCode=000&areaCode=00&deptCode=000&liCode=0000,https://data.gov.tw/dataset/7441,Lai Ching-te–Hsiao Bi-khim,Democratic Progressive Party,35278,24656,219,24875,70.51,7610,0,first,,,Hou Yu-ih–Jaw Shaw-kong,Kuomintang,6075,Kaohsiung City,TW-64000150,official,Official CEC presidential result at township/district level. The map shows the local leader; Taiwan elects one president nationally. Remote uninhabited claimed-island geometry is omitted from the display.
"Dashu District, Kaohsiung City",https://db.cec.gov.tw/ElecTable/Election/ElecTickets?dataType=tickets&typeId=ELC&subjectId=P0&legisId=00&themeId=4d83db17c1707e3defae5dc4d4e9c800&dataLevel=C&prvCode=00&cityCode=000&areaCode=00&deptCode=000&liCode=0000,https://data.gov.tw/dataset/7441,Lai Ching-te–Hsiao Bi-khim,Democratic Progressive Party,35278,24656,219,24875,70.51,7610,0,first,,,Ko Wen-je–Cynthia Wu,Taiwan People's Party,4896,Kaohsiung City,TW-64000150,official,Official CEC presidential result at township/district level. The map shows the local leader; Taiwan elects one president nationally. Remote uninhabited claimed-island geometry is omitted from the display.
"Dashe District, Kaohsiung City",https://db.cec.gov.tw/ElecTable/Election/ElecTickets?dataType=tickets&typeId=ELC&subjectId=P0&legisId=00&themeId=4d83db17c1707e3defae5dc4d4e9c800&dataLevel=C&prvCode=00&cityCode=000&areaCode=00&deptCode=000&liCode=0000,https://data.gov.tw/dataset/7441,Lai Ching-te–Hsiao Bi-khim,Democratic Progressive Party,29369,20755,147,20902,71.17,6235,0,first,,,Lai Ching-te–Hsiao Bi-khim,Democratic Progressive Party,11133,Kaohsiung City,TW-64000160,official,Official CEC presidential result at township/district level. The map shows the local leader; Taiwan elects one president nationally. Remote uninhabited claimed-island geometry is omitted from the display.
"Dashe District, Kaohsiung City",https://db.cec.gov.tw/ElecTable/Election/ElecTickets?dataType=tickets&typeId=ELC&subjectId=P0&legisId=00&themeId=4d83db17c1707e3defae5dc4d4e9c800&dataLevel=C&prvCode=00&cityCode=000&areaCode=00&deptCode=000&liCode=0000,https://data.gov.tw/dataset/7441,Lai Ching-te–Hsiao Bi-khim,Democratic Progressive Party,29369,20755,147,20902,71.17,6235,0,first,,,Hou Yu-ih–Jaw Shaw-kong,Kuomintang,4898,Kaohsiung City,TW-64000160,official,Official CEC presidential result at township/district level. The map shows the local leader; Taiwan elects one president nationally. Remote uninhabited claimed-island geometry is omitted from the display.
"Dashe District, Kaohsiung City",https://db.cec.gov.tw/ElecTable/Election/ElecTickets?dataType=tickets&typeId=ELC&subjectId=P0&legisId=00&themeId=4d83db17c1707e3defae5dc4d4e9c800&dataLevel=C&prvCode=00&cityCode=000&areaCode=00&deptCode=000&liCode=0000,https://data.gov.tw/dataset/7441,Lai Ching-te–Hsiao Bi-khim,Democratic Progressive Party,29369,20755,147,20902,71.17,6235,0,first,,,Ko Wen-je–Cynthia Wu,Taiwan People's Party,4724,Kaohsiung City,TW-64000160,official,Official CEC presidential result at township/district level. The map shows the local leader; Taiwan elects one president nationally. Remote uninhabited claimed-island geometry is omitted from the display.
"Renwu District, Kaohsiung City",https://db.cec.gov.tw/ElecTable/Election/ElecTickets?dataType=tickets&typeId=ELC&subjectId=P0&legisId=00&themeId=4d83db17c1707e3defae5dc4d4e9c800&dataLevel=C&prvCode=00&cityCode=000&areaCode=00&deptCode=000&liCode=0000,https://data.gov.tw/dataset/7441,Lai Ching-te–Hsiao Bi-khim,Democratic Progressive Party,81427,58040,333,58373,71.69,14248,0,first,,,Lai Ching-te–Hsiao Bi-khim,Democratic Progressive Party,28972,Kaohsiung City,TW-64000170,official,Official CEC presidential result at township/district level. The map shows the local leader; Taiwan elects one president nationally. Remote uninhabited claimed-island geometry is omitted from the display.
"Renwu District, Kaohsiung City",https://db.cec.gov.tw/ElecTable/Election/ElecTickets?dataType=tickets&typeId=ELC&subjectId=P0&legisId=00&themeId=4d83db17c1707e3defae5dc4d4e9c800&dataLevel=C&prvCode=00&cityCode=000&areaCode=00&deptCode=000&liCode=0000,https://data.gov.tw/dataset/7441,Lai Ching-te–Hsiao Bi-khim,Democratic Progressive Party,81427,58040,333,58373,71.69,14248,0,first,,,Hou Yu-ih–Jaw Shaw-kong,Kuomintang,14724,Kaohsiung City,TW-64000170,official,Official CEC presidential result at township/district level. The map shows the local leader; Taiwan elects one president nationally. Remote uninhabited claimed-island geometry is omitted from the display.
"Renwu District, Kaohsiung City",https://db.cec.gov.tw/ElecTable/Election/ElecTickets?dataType=tickets&typeId=ELC&subjectId=P0&legisId=00&themeId=4d83db17c1707e3defae5dc4d4e9c800&dataLevel=C&prvCode=00&cityCode=000&areaCode=00&deptCode=000&liCode=0000,https://data.gov.tw/dataset/7441,Lai Ching-te–Hsiao Bi-khim,Democratic Progressive Party,81427,58040,333,58373,71.69,14248,0,first,,,Ko Wen-je–Cynthia Wu,Taiwan People's Party,14344,Kaohsiung City,TW-64000170,official,Official CEC presidential result at township/district level. The map shows the local leader; Taiwan elects one president nationally. Remote uninhabited claimed-island geometry is omitted from the display.
"Niaosong District, Kaohsiung City",https://db.cec.gov.tw/ElecTable/Election/ElecTickets?dataType=tickets&typeId=ELC&subjectId=P0&legisId=00&themeId=4d83db17c1707e3defae5dc4d4e9c800&dataLevel=C&prvCode=00&cityCode=000&areaCode=00&deptCode=000&liCode=0000,https://data.gov.tw/dataset/7441,Lai Ching-te–Hsiao Bi-khim,Democratic Progressive Party,39044,28340,167,28507,73.01,6138,0,first,,,Lai Ching-te–Hsiao Bi-khim,Democratic Progressive Party,14360,Kaohsiung City,TW-64000180,official,Official CEC presidential result at township/district level. The map shows the local leader; Taiwan elects one president nationally. Remote uninhabited claimed-island geometry is omitted from the display.
"Niaosong District, Kaohsiung City",https://db.cec.gov.tw/ElecTable/Election/ElecTickets?dataType=tickets&typeId=ELC&subjectId=P0&legisId=00&themeId=4d83db17c1707e3defae5dc4d4e9c800&dataLevel=C&prvCode=00&cityCode=000&areaCode=00&deptCode=000&liCode=0000,https://data.gov.tw/dataset/7441,Lai Ching-te–Hsiao Bi-khim,Democratic Progressive Party,39044,28340,167,28507,73.01,6138,0,first,,,Hou Yu-ih–Jaw Shaw-kong,Kuomintang,8222,Kaohsiung City,TW-64000180,official,Official CEC presidential result at township/district level. The map shows the local leader; Taiwan elects one president nationally. Remote uninhabited claimed-island geometry is omitted from the display.
"Niaosong District, Kaohsiung City",https://db.cec.gov.tw/ElecTable/Election/ElecTickets?dataType=tickets&typeId=ELC&subjectId=P0&legisId=00&themeId=4d83db17c1707e3defae5dc4d4e9c800&dataLevel=C&prvCode=00&cityCode=000&areaCode=00&deptCode=000&liCode=0000,https://data.gov.tw/dataset/7441,Lai Ching-te–Hsiao Bi-khim,Democratic Progressive Party,39044,28340,167,28507,73.01,6138,0,first,,,Ko Wen-je–Cynthia Wu,Taiwan People's Party,5758,Kaohsiung City,TW-64000180,official,Official CEC presidential result at township/district level. The map shows the local leader; Taiwan elects one president nationally. Remote uninhabited claimed-island geometry is omitted from the display.
"Gangshan District, Kaohsiung City",https://db.cec.gov.tw/ElecTable/Election/ElecTickets?dataType=tickets&typeId=ELC&subjectId=P0&legisId=00&themeId=4d83db17c1707e3defae5dc4d4e9c800&dataLevel=C&prvCode=00&cityCode=000&areaCode=00&deptCode=000&liCode=0000,https://data.gov.tw/dataset/7441,Lai Ching-te–Hsiao Bi-khim,Democratic Progressive Party,79334,57450,412,57862,72.93,9624,0,first,,,Lai Ching-te–Hsiao Bi-khim,Democratic Progressive Party,26882,Kaohsiung City,TW-64000190,official,Official CEC presidential result at township/district level. The map shows the local leader; Taiwan elects one president nationally. Remote uninhabited claimed-island geometry is omitted from the display.
"Gangshan District, Kaohsiung City",https://db.cec.gov.tw/ElecTable/Election/ElecTickets?dataType=tickets&typeId=ELC&subjectId=P0&legisId=00&themeId=4d83db17c1707e3defae5dc4d4e9c800&dataLevel=C&prvCode=00&cityCode=000&areaCode=00&deptCode=000&liCode=0000,https://data.gov.tw/dataset/7441,Lai Ching-te–Hsiao Bi-khim,Democratic Progressive Party,79334,57450,412,57862,72.93,9624,0,first,,,Hou Yu-ih–Jaw Shaw-kong,Kuomintang,17258,Kaohsiung City,TW-64000190,official,Official CEC presidential result at township/district level. The map shows the local leader; Taiwan elects one president nationally. Remote uninhabited claimed-island geometry is omitted from the display.
"Gangshan District, Kaohsiung City",https://db.cec.gov.tw/ElecTable/Election/ElecTickets?dataType=tickets&typeId=ELC&subjectId=P0&legisId=00&themeId=4d83db17c1707e3defae5dc4d4e9c800&dataLevel=C&prvCode=00&cityCode=000&areaCode=00&deptCode=000&liCode=0000,https://data.gov.tw/dataset/7441,Lai Ching-te–Hsiao Bi-khim,Democratic Progressive Party,79334,57450,412,57862,72.93,9624,0,first,,,Ko Wen-je–Cynthia Wu,Taiwan People's Party,13310,Kaohsiung City,TW-64000190,official,Official CEC presidential result at township/district level. The map shows the local leader; Taiwan elects one president nationally. Remote uninhabited claimed-island geometry is omitted from the display.
"Qiaotou District, Kaohsiung City",https://db.cec.gov.tw/ElecTable/Election/ElecTickets?dataType=tickets&typeId=ELC&subjectId=P0&legisId=00&themeId=4d83db17c1707e3defae5dc4d4e9c800&dataLevel=C&prvCode=00&cityCode=000&areaCode=00&deptCode=000&liCode=0000,https://data.gov.tw/dataset/7441,Lai Ching-te–Hsiao Bi-khim,Democratic Progressive Party,35771,26658,181,26839,75.03,8240,0,first,,,Lai Ching-te–Hsiao Bi-khim,Democratic Progressive Party,14401,Kaohsiung City,TW-64000200,official,Official CEC presidential result at township/district level. The map shows the local leader; Taiwan elects one president nationally. Remote uninhabited claimed-island geometry is omitted from the display.
"Qiaotou District, Kaohsiung City",https://db.cec.gov.tw/ElecTable/Election/ElecTickets?dataType=tickets&typeId=ELC&subjectId=P0&legisId=00&themeId=4d83db17c1707e3defae5dc4d4e9c800&dataLevel=C&prvCode=00&cityCode=000&areaCode=00&deptCode=000&liCode=0000,https://data.gov.tw/dataset/7441,Lai Ching-te–Hsiao Bi-khim,Democratic Progressive Party,35771,26658,181,26839,75.03,8240,0,first,,,Ko Wen-je–Cynthia Wu,Taiwan People's Party,6161,Kaohsiung City,TW-64000200,official,Official CEC presidential result at township/district level. The map shows the local leader; Taiwan elects one president nationally. Remote uninhabited claimed-island geometry is omitted from the display.
"Qiaotou District, Kaohsiung City",https://db.cec.gov.tw/ElecTable/Election/ElecTickets?dataType=tickets&typeId=ELC&subjectId=P0&legisId=00&themeId=4d83db17c1707e3defae5dc4d4e9c800&dataLevel=C&prvCode=00&cityCode=000&areaCode=00&deptCode=000&liCode=0000,https://data.gov.tw/dataset/7441,Lai Ching-te–Hsiao Bi-khim,Democratic Progressive Party,35771,26658,181,26839,75.03,8240,0,first,,,Hou Yu-ih–Jaw Shaw-kong,Kuomintang,6096,Kaohsiung City,TW-64000200,official,Official CEC presidential result at township/district level. The map shows the local leader; Taiwan elects one president nationally. Remote uninhabited claimed-island geometry is omitted from the display.
"Yanchao District, Kaohsiung City",https://db.cec.gov.tw/ElecTable/Election/ElecTickets?dataType=tickets&typeId=ELC&subjectId=P0&legisId=00&themeId=4d83db17c1707e3defae5dc4d4e9c800&dataLevel=C&prvCode=00&cityCode=000&areaCode=00&deptCode=000&liCode=0000,https://data.gov.tw/dataset/7441,Lai Ching-te–Hsiao Bi-khim,Democratic Progressive Party,25213,17673,148,17821,70.68,4614,0,first,,,Lai Ching-te–Hsiao Bi-khim,Democratic Progressive Party,9234,Kaohsiung City,TW-64000210,official,Official CEC presidential result at township/district level. The map shows the local leader; Taiwan elects one president nationally. Remote uninhabited claimed-island geometry is omitted from the display.
"Yanchao District, Kaohsiung City",https://db.cec.gov.tw/ElecTable/Election/ElecTickets?dataType=tickets&typeId=ELC&subjectId=P0&legisId=00&themeId=4d83db17c1707e3defae5dc4d4e9c800&dataLevel=C&prvCode=00&cityCode=000&areaCode=00&deptCode=000&liCode=0000,https://data.gov.tw/dataset/7441,Lai Ching-te–Hsiao Bi-khim,Democratic Progressive Party,25213,17673,148,17821,70.68,4614,0,first,,,Hou Yu-ih–Jaw Shaw-kong,Kuomintang,4620,Kaohsiung City,TW-64000210,official,Official CEC presidential result at township/district level. The map shows the local leader; Taiwan elects one president nationally. Remote uninhabited claimed-island geometry is omitted from the display.
"Yanchao District, Kaohsiung City",https://db.cec.gov.tw/ElecTable/Election/ElecTickets?dataType=tickets&typeId=ELC&subjectId=P0&legisId=00&themeId=4d83db17c1707e3defae5dc4d4e9c800&dataLevel=C&prvCode=00&cityCode=000&areaCode=00&deptCode=000&liCode=0000,https://data.gov.tw/dataset/7441,Lai Ching-te–Hsiao Bi-khim,Democratic Progressive Party,25213,17673,148,17821,70.68,4614,0,first,,,Ko Wen-je–Cynthia Wu,Taiwan People's Party,3819,Kaohsiung City,TW-64000210,official,Official CEC presidential result at township/district level. The map shows the local leader; Taiwan elects one president nationally. Remote uninhabited claimed-island geometry is omitted from the display.
"Tianliao District, Kaohsiung City",https://db.cec.gov.tw/ElecTable/Election/ElecTickets?dataType=tickets&typeId=ELC&subjectId=P0&legisId=00&themeId=4d83db17c1707e3defae5dc4d4e9c800&dataLevel=C&prvCode=00&cityCode=000&areaCode=00&deptCode=000&liCode=0000,https://data.gov.tw/dataset/7441,Lai Ching-te–Hsiao Bi-khim,Democratic Progressive Party,6068,4084,24,4108,67.7,1372,0,first,,,Lai Ching-te–Hsiao Bi-khim,Democratic Progressive Party,2419,Kaohsiung City,TW-64000220,official,Official CEC presidential result at township/district level. The map shows the local leader; Taiwan elects one president nationally. Remote uninhabited claimed-island geometry is omitted from the display.
"Tianliao District, Kaohsiung City",https://db.cec.gov.tw/ElecTable/Election/ElecTickets?dataType=tickets&typeId=ELC&subjectId=P0&legisId=00&themeId=4d83db17c1707e3defae5dc4d4e9c800&dataLevel=C&prvCode=00&cityCode=000&areaCode=00&deptCode=000&liCode=0000,https://data.gov.tw/dataset/7441,Lai Ching-te–Hsiao Bi-khim,Democratic Progressive Party,6068,4084,24,4108,67.7,1372,0,first,,,Hou Yu-ih–Jaw Shaw-kong,Kuomintang,1047,Kaohsiung City,TW-64000220,official,Official CEC presidential result at township/district level. The map shows the local leader; Taiwan elects one president nationally. Remote uninhabited claimed-island geometry is omitted from the display.
"Tianliao District, Kaohsiung City",https://db.cec.gov.tw/ElecTable/Election/ElecTickets?dataType=tickets&typeId=ELC&subjectId=P0&legisId=00&themeId=4d83db17c1707e3defae5dc4d4e9c800&dataLevel=C&prvCode=00&cityCode=000&areaCode=00&deptCode=000&liCode=0000,https://data.gov.tw/dataset/7441,Lai Ching-te–Hsiao Bi-khim,Democratic Progressive Party,6068,4084,24,4108,67.7,1372,0,first,,,Ko Wen-je–Cynthia Wu,Taiwan People's Party,618,Kaohsiung City,TW-64000220,official,Official CEC presidential result at township/district level. The map shows the local leader; Taiwan elects one president nationally. Remote uninhabited claimed-island geometry is omitted from the display.
"Alian District, Kaohsiung City",https://db.cec.gov.tw/ElecTable/Election/ElecTickets?dataType=tickets&typeId=ELC&subjectId=P0&legisId=00&themeId=4d83db17c1707e3defae5dc4d4e9c800&dataLevel=C&prvCode=00&cityCode=000&areaCode=00&deptCode=000&liCode=0000,https://data.gov.tw/dataset/7441,Lai Ching-te–Hsiao Bi-khim,Democratic Progressive Party,23369,16350,143,16493,70.58,5286,0,first,,,Lai Ching-te–Hsiao Bi-khim,Democratic Progressive Party,9111,Kaohsiung City,TW-64000230,official,Official CEC presidential result at township/district level. The map shows the local leader; Taiwan elects one president nationally. Remote uninhabited claimed-island geometry is omitted from the display.
"Alian District, Kaohsiung City",https://db.cec.gov.tw/ElecTable/Election/ElecTickets?dataType=tickets&typeId=ELC&subjectId=P0&legisId=00&themeId=4d83db17c1707e3defae5dc4d4e9c800&dataLevel=C&prvCode=00&cityCode=000&areaCode=00&deptCode=000&liCode=0000,https://data.gov.tw/dataset/7441,Lai Ching-te–Hsiao Bi-khim,Democratic Progressive Party,23369,16350,143,16493,70.58,5286,0,first,,,Hou Yu-ih–Jaw Shaw-kong,Kuomintang,3825,Kaohsiung City,TW-64000230,official,Official CEC presidential result at township/district level. The map shows the local leader; Taiwan elects one president nationally. Remote uninhabited claimed-island geometry is omitted from the display.
"Alian District, Kaohsiung City",https://db.cec.gov.tw/ElecTable/Election/ElecTickets?dataType=tickets&typeId=ELC&subjectId=P0&legisId=00&themeId=4d83db17c1707e3defae5dc4d4e9c800&dataLevel=C&prvCode=00&cityCode=000&areaCode=00&deptCode=000&liCode=0000,https://data.gov.tw/dataset/7441,Lai Ching-te–Hsiao Bi-khim,Democratic Progressive Party,23369,16350,143,16493,70.58,5286,0,first,,,Ko Wen-je–Cynthia Wu,Taiwan People's Party,3414,Kaohsiung City,TW-64000230,official,Official CEC presidential result at township/district level. The map shows the local leader; Taiwan elects one president nationally. Remote uninhabited claimed-island geometry is omitted from the display.
"Luzhu District, Kaohsiung City",https://db.cec.gov.tw/ElecTable/Election/ElecTickets?dataType=tickets&typeId=ELC&subjectId=P0&legisId=00&themeId=4d83db17c1707e3defae5dc4d4e9c800&dataLevel=C&prvCode=00&cityCode=000&areaCode=00&deptCode=000&liCode=0000,https://data.gov.tw/dataset/7441,Lai Ching-te–Hsiao Bi-khim,Democratic Progressive Party,41847,30322,217,30539,72.98,7098,0,first,,,Lai Ching-te–Hsiao Bi-khim,Democratic Progressive Party,15149,Kaohsiung City,TW-64000240,official,Official CEC presidential result at township/district level. The map shows the local leader; Taiwan elects one president nationally. Remote uninhabited claimed-island geometry is omitted from the display.
"Luzhu District, Kaohsiung City",https://db.cec.gov.tw/ElecTable/Election/ElecTickets?dataType=tickets&typeId=ELC&subjectId=P0&legisId=00&themeId=4d83db17c1707e3defae5dc4d4e9c800&dataLevel=C&prvCode=00&cityCode=000&areaCode=00&deptCode=000&liCode=0000,https://data.gov.tw/dataset/7441,Lai Ching-te–Hsiao Bi-khim,Democratic Progressive Party,41847,30322,217,30539,72.98,7098,0,first,,,Hou Yu-ih–Jaw Shaw-kong,Kuomintang,8051,Kaohsiung City,TW-64000240,official,Official CEC presidential result at township/district level. The map shows the local leader; Taiwan elects one president nationally. Remote uninhabited claimed-island geometry is omitted from the display.
"Luzhu District, Kaohsiung City",https://db.cec.gov.tw/ElecTable/Election/ElecTickets?dataType=tickets&typeId=ELC&subjectId=P0&legisId=00&themeId=4d83db17c1707e3defae5dc4d4e9c800&dataLevel=C&prvCode=00&cityCode=000&areaCode=00&deptCode=000&liCode=0000,https://data.gov.tw/dataset/7441,Lai Ching-te–Hsiao Bi-khim,Democratic Progressive Party,41847,30322,217,30539,72.98,7098,0,first,,,Ko Wen-je–Cynthia Wu,Taiwan People's Party,7122,Kaohsiung City,TW-64000240,official,Official CEC presidential result at township/district level. The map shows the local leader; Taiwan elects one president nationally. Remote uninhabited claimed-island geometry is omitted from the display.
"Hunei District, Kaohsiung City",https://db.cec.gov.tw/ElecTable/Election/ElecTickets?dataType=tickets&typeId=ELC&subjectId=P0&legisId=00&themeId=4d83db17c1707e3defae5dc4d4e9c800&dataLevel=C&prvCode=00&cityCode=000&areaCode=00&deptCode=000&liCode=0000,https://data.gov.tw/dataset/7441,Lai Ching-te–Hsiao Bi-khim,Democratic Progressive Party,25401,17888,165,18053,71.07,5077,0,first,,,Lai Ching-te–Hsiao Bi-khim,Democratic Progressive Party,9463,Kaohsiung City,TW-64000250,official,Official CEC presidential result at township/district level. The map shows the local leader; Taiwan elects one president nationally. Remote uninhabited claimed-island geometry is omitted from the display.
"Hunei District, Kaohsiung City",https://db.cec.gov.tw/ElecTable/Election/ElecTickets?dataType=tickets&typeId=ELC&subjectId=P0&legisId=00&themeId=4d83db17c1707e3defae5dc4d4e9c800&dataLevel=C&prvCode=00&cityCode=000&areaCode=00&deptCode=000&liCode=0000,https://data.gov.tw/dataset/7441,Lai Ching-te–Hsiao Bi-khim,Democratic Progressive Party,25401,17888,165,18053,71.07,5077,0,first,,,Hou Yu-ih–Jaw Shaw-kong,Kuomintang,4386,Kaohsiung City,TW-64000250,official,Official CEC presidential result at township/district level. The map shows the local leader; Taiwan elects one president nationally. Remote uninhabited claimed-island geometry is omitted from the display.
"Hunei District, Kaohsiung City",https://db.cec.gov.tw/ElecTable/Election/ElecTickets?dataType=tickets&typeId=ELC&subjectId=P0&legisId=00&themeId=4d83db17c1707e3defae5dc4d4e9c800&dataLevel=C&prvCode=00&cityCode=000&areaCode=00&deptCode=000&liCode=0000,https://data.gov.tw/dataset/7441,Lai Ching-te–Hsiao Bi-khim,Democratic Progressive Party,25401,17888,165,18053,71.07,5077,0,first,,,Ko Wen-je–Cynthia Wu,Taiwan People's Party,4039,Kaohsiung City,TW-64000250,official,Official CEC presidential result at township/district level. The map shows the local leader; Taiwan elects one president nationally. Remote uninhabited claimed-island geometry is omitted from the display.
"Qieding District, Kaohsiung City",https://db.cec.gov.tw/ElecTable/Election/ElecTickets?dataType=tickets&typeId=ELC&subjectId=P0&legisId=00&themeId=4d83db17c1707e3defae5dc4d4e9c800&dataLevel=C&prvCode=00&cityCode=000&areaCode=00&deptCode=000&liCode=0000,https://data.gov.tw/dataset/7441,Lai Ching-te–Hsiao Bi-khim,Democratic Progressive Party,25392,17420,116,17536,69.06,5243,0,first,,,Lai Ching-te–Hsiao Bi-khim,Democratic Progressive Party,9551,Kaohsiung City,TW-64000260,official,Official CEC presidential result at township/district level. The map shows the local leader; Taiwan elects one president nationally. Remote uninhabited claimed-island geometry is omitted from the display.
"Qieding District, Kaohsiung City",https://db.cec.gov.tw/ElecTable/Election/ElecTickets?dataType=tickets&typeId=ELC&subjectId=P0&legisId=00&themeId=4d83db17c1707e3defae5dc4d4e9c800&dataLevel=C&prvCode=00&cityCode=000&areaCode=00&deptCode=000&liCode=0000,https://data.gov.tw/dataset/7441,Lai Ching-te–Hsiao Bi-khim,Democratic Progressive Party,25392,17420,116,17536,69.06,5243,0,first,,,Hou Yu-ih–Jaw Shaw-kong,Kuomintang,4308,Kaohsiung City,TW-64000260,official,Official CEC presidential result at township/district level. The map shows the local leader; Taiwan elects one president nationally. Remote uninhabited claimed-island geometry is omitted from the display.
"Qieding District, Kaohsiung City",https://db.cec.gov.tw/ElecTable/Election/ElecTickets?dataType=tickets&typeId=ELC&subjectId=P0&legisId=00&themeId=4d83db17c1707e3defae5dc4d4e9c800&dataLevel=C&prvCode=00&cityCode=000&areaCode=00&deptCode=000&liCode=0000,https://data.gov.tw/dataset/7441,Lai Ching-te–Hsiao Bi-khim,Democratic Progressive Party,25392,17420,116,17536,69.06,5243,0,first,,,Ko Wen-je–Cynthia Wu,Taiwan People's Party,3561,Kaohsiung City,TW-64000260,official,Official CEC presidential result at township/district level. The map shows the local leader; Taiwan elects one president nationally. Remote uninhabited claimed-island geometry is omitted from the display.
"Yong'an District, Kaohsiung City",https://db.cec.gov.tw/ElecTable/Election/ElecTickets?dataType=tickets&typeId=ELC&subjectId=P0&legisId=00&themeId=4d83db17c1707e3defae5dc4d4e9c800&dataLevel=C&prvCode=00&cityCode=000&areaCode=00&deptCode=000&liCode=0000,https://data.gov.tw/dataset/7441,Lai Ching-te–Hsiao Bi-khim,Democratic Progressive Party,11968,8426,52,8478,70.84,2206,0,first,,,Lai Ching-te–Hsiao Bi-khim,Democratic Progressive Party,4334,Kaohsiung City,TW-64000270,official,Official CEC presidential result at township/district level. The map shows the local leader; Taiwan elects one president nationally. Remote uninhabited claimed-island geometry is omitted from the display.
"Yong'an District, Kaohsiung City",https://db.cec.gov.tw/ElecTable/Election/ElecTickets?dataType=tickets&typeId=ELC&subjectId=P0&legisId=00&themeId=4d83db17c1707e3defae5dc4d4e9c800&dataLevel=C&prvCode=00&cityCode=000&areaCode=00&deptCode=000&liCode=0000,https://data.gov.tw/dataset/7441,Lai Ching-te–Hsiao Bi-khim,Democratic Progressive Party,11968,8426,52,8478,70.84,2206,0,first,,,Hou Yu-ih–Jaw Shaw-kong,Kuomintang,2128,Kaohsiung City,TW-64000270,official,Official CEC presidential result at township/district level. The map shows the local leader; Taiwan elects one president nationally. Remote uninhabited claimed-island geometry is omitted from the display.
"Yong'an District, Kaohsiung City",https://db.cec.gov.tw/ElecTable/Election/ElecTickets?dataType=tickets&typeId=ELC&subjectId=P0&legisId=00&themeId=4d83db17c1707e3defae5dc4d4e9c800&dataLevel=C&prvCode=00&cityCode=000&areaCode=00&deptCode=000&liCode=0000,https://data.gov.tw/dataset/7441,Lai Ching-te–Hsiao Bi-khim,Democratic Progressive Party,11968,8426,52,8478,70.84,2206,0,first,,,Ko Wen-je–Cynthia Wu,Taiwan People's Party,1964,Kaohsiung City,TW-64000270,official,Official CEC presidential result at township/district level. The map shows the local leader; Taiwan elects one president nationally. Remote uninhabited claimed-island geometry is omitted from the display.
"Mituo District, Kaohsiung City",https://db.cec.gov.tw/ElecTable/Election/ElecTickets?dataType=tickets&typeId=ELC&subjectId=P0&legisId=00&themeId=4d83db17c1707e3defae5dc4d4e9c800&dataLevel=C&prvCode=00&cityCode=000&areaCode=00&deptCode=000&liCode=0000,https://data.gov.tw/dataset/7441,Lai Ching-te–Hsiao Bi-khim,Democratic Progressive Party,15771,11329,115,11444,72.56,2394,0,first,,,Lai Ching-te–Hsiao Bi-khim,Democratic Progressive Party,5672,Kaohsiung City,TW-64000280,official,Official CEC presidential result at township/district level. The map shows the local leader; Taiwan elects one president nationally. Remote uninhabited claimed-island geometry is omitted from the display.
"Mituo District, Kaohsiung City",https://db.cec.gov.tw/ElecTable/Election/ElecTickets?dataType=tickets&typeId=ELC&subjectId=P0&legisId=00&themeId=4d83db17c1707e3defae5dc4d4e9c800&dataLevel=C&prvCode=00&cityCode=000&areaCode=00&deptCode=000&liCode=0000,https://data.gov.tw/dataset/7441,Lai Ching-te–Hsiao Bi-khim,Democratic Progressive Party,15771,11329,115,11444,72.56,2394,0,first,,,Hou Yu-ih–Jaw Shaw-kong,Kuomintang,3278,Kaohsiung City,TW-64000280,official,Official CEC presidential result at township/district level. The map shows the local leader; Taiwan elects one president nationally. Remote uninhabited claimed-island geometry is omitted from the display.
"Mituo District, Kaohsiung City",https://db.cec.gov.tw/ElecTable/Election/ElecTickets?dataType=tickets&typeId=ELC&subjectId=P0&legisId=00&themeId=4d83db17c1707e3defae5dc4d4e9c800&dataLevel=C&prvCode=00&cityCode=000&areaCode=00&deptCode=000&liCode=0000,https://data.gov.tw/dataset/7441,Lai Ching-te–Hsiao Bi-khim,Democratic Progressive Party,15771,11329,115,11444,72.56,2394,0,first,,,Ko Wen-je–Cynthia Wu,Taiwan People's Party,2379,Kaohsiung City,TW-64000280,official,Official CEC presidential result at township/district level. The map shows the local leader; Taiwan elects one president nationally. Remote uninhabited claimed-island geometry is omitted from the display.
"Ziguan District, Kaohsiung City",https://db.cec.gov.tw/ElecTable/Election/ElecTickets?dataType=tickets&typeId=ELC&subjectId=P0&legisId=00&themeId=4d83db17c1707e3defae5dc4d4e9c800&dataLevel=C&prvCode=00&cityCode=000&areaCode=00&deptCode=000&liCode=0000,https://data.gov.tw/dataset/7441,Lai Ching-te–Hsiao Bi-khim,Democratic Progressive Party,30227,21617,172,21789,72.08,7009,0,first,,,Lai Ching-te–Hsiao Bi-khim,Democratic Progressive Party,12115,Kaohsiung City,TW-64000290,official,Official CEC presidential result at township/district level. The map shows the local leader; Taiwan elects one president nationally. Remote uninhabited claimed-island geometry is omitted from the display.
"Ziguan District, Kaohsiung City",https://db.cec.gov.tw/ElecTable/Election/ElecTickets?dataType=tickets&typeId=ELC&subjectId=P0&legisId=00&themeId=4d83db17c1707e3defae5dc4d4e9c800&dataLevel=C&prvCode=00&cityCode=000&areaCode=00&deptCode=000&liCode=0000,https://data.gov.tw/dataset/7441,Lai Ching-te–Hsiao Bi-khim,Democratic Progressive Party,30227,21617,172,21789,72.08,7009,0,first,,,Hou Yu-ih–Jaw Shaw-kong,Kuomintang,5106,Kaohsiung City,TW-64000290,official,Official CEC presidential result at township/district level. The map shows the local leader; Taiwan elects one president nationally. Remote uninhabited claimed-island geometry is omitted from the display.
"Ziguan District, Kaohsiung City",https://db.cec.gov.tw/ElecTable/Election/ElecTickets?dataType=tickets&typeId=ELC&subjectId=P0&legisId=00&themeId=4d83db17c1707e3defae5dc4d4e9c800&dataLevel=C&prvCode=00&cityCode=000&areaCode=00&deptCode=000&liCode=0000,https://data.gov.tw/dataset/7441,Lai Ching-te–Hsiao Bi-khim,Democratic Progressive Party,30227,21617,172,21789,72.08,7009,0,first,,,Ko Wen-je–Cynthia Wu,Taiwan People's Party,4396,Kaohsiung City,TW-64000290,official,Official CEC presidential result at township/district level. The map shows the local leader; Taiwan elects one president nationally. Remote uninhabited claimed-island geometry is omitted from the display.
"Qishan District, Kaohsiung City",https://db.cec.gov.tw/ElecTable/Election/ElecTickets?dataType=tickets&typeId=ELC&subjectId=P0&legisId=00&themeId=4d83db17c1707e3defae5dc4d4e9c800&dataLevel=C&prvCode=00&cityCode=000&areaCode=00&deptCode=000&liCode=0000,https://data.gov.tw/dataset/7441,Lai Ching-te–Hsiao Bi-khim,Democratic Progressive Party,29907,20390,169,20559,68.74,4231,0,first,,,Lai Ching-te–Hsiao Bi-khim,Democratic Progressive Party,10321,Kaohsiung City,TW-64000300,official,Official CEC presidential result at township/district level. The map shows the local leader; Taiwan elects one president nationally. Remote uninhabited claimed-island geometry is omitted from the display.
"Qishan District, Kaohsiung City",https://db.cec.gov.tw/ElecTable/Election/ElecTickets?dataType=tickets&typeId=ELC&subjectId=P0&legisId=00&themeId=4d83db17c1707e3defae5dc4d4e9c800&dataLevel=C&prvCode=00&cityCode=000&areaCode=00&deptCode=000&liCode=0000,https://data.gov.tw/dataset/7441,Lai Ching-te–Hsiao Bi-khim,Democratic Progressive Party,29907,20390,169,20559,68.74,4231,0,first,,,Hou Yu-ih–Jaw Shaw-kong,Kuomintang,6090,Kaohsiung City,TW-64000300,official,Official CEC presidential result at township/district level. The map shows the local leader; Taiwan elects one president nationally. Remote uninhabited claimed-island geometry is omitted from the display.
"Qishan District, Kaohsiung City",https://db.cec.gov.tw/ElecTable/Election/ElecTickets?dataType=tickets&typeId=ELC&subjectId=P0&legisId=00&themeId=4d83db17c1707e3defae5dc4d4e9c800&dataLevel=C&prvCode=00&cityCode=000&areaCode=00&deptCode=000&liCode=0000,https://data.gov.tw/dataset/7441,Lai Ching-te–Hsiao Bi-khim,Democratic Progressive Party,29907,20390,169,20559,68.74,4231,0,first,,,Ko Wen-je–Cynthia Wu,Taiwan People's Party,3979,Kaohsiung City,TW-64000300,official,Official CEC presidential result at township/district level. The map shows the local leader; Taiwan elects one president nationally. Remote uninhabited claimed-island geometry is omitted from the display.
"Meinong District, Kaohsiung City",https://db.cec.gov.tw/ElecTable/Election/ElecTickets?dataType=tickets&typeId=ELC&subjectId=P0&legisId=00&themeId=4d83db17c1707e3defae5dc4d4e9c800&dataLevel=C&prvCode=00&cityCode=000&areaCode=00&deptCode=000&liCode=0000,https://data.gov.tw/dataset/7441,Lai Ching-te–Hsiao Bi-khim,Democratic Progressive Party,33079,21842,184,22026,66.59,473,0,first,,,Lai Ching-te–Hsiao Bi-khim,Democratic Progressive Party,9157,Kaohsiung City,TW-64000310,official,Official CEC presidential result at township/district level. The map shows the local leader; Taiwan elects one president nationally. Remote uninhabited claimed-island geometry is omitted from the display.
"Meinong District, Kaohsiung City",https://db.cec.gov.tw/ElecTable/Election/ElecTickets?dataType=tickets&typeId=ELC&subjectId=P0&legisId=00&themeId=4d83db17c1707e3defae5dc4d4e9c800&dataLevel=C&prvCode=00&cityCode=000&areaCode=00&deptCode=000&liCode=0000,https://data.gov.tw/dataset/7441,Lai Ching-te–Hsiao Bi-khim,Democratic Progressive Party,33079,21842,184,22026,66.59,473,0,first,,,Hou Yu-ih–Jaw Shaw-kong,Kuomintang,8684,Kaohsiung City,TW-64000310,official,Official CEC presidential result at township/district level. The map shows the local leader; Taiwan elects one president nationally. Remote uninhabited claimed-island geometry is omitted from the display.
"Meinong District, Kaohsiung City",https://db.cec.gov.tw/ElecTable/Election/ElecTickets?dataType=tickets&typeId=ELC&subjectId=P0&legisId=00&themeId=4d83db17c1707e3defae5dc4d4e9c800&dataLevel=C&prvCode=00&cityCode=000&areaCode=00&deptCode=000&liCode=0000,https://data.gov.tw/dataset/7441,Lai Ching-te–Hsiao Bi-khim,Democratic Progressive Party,33079,21842,184,22026,66.59,473,0,first,,,Ko Wen-je–Cynthia Wu,Taiwan People's Party,4001,Kaohsiung City,TW-64000310,official,Official CEC presidential result at township/district level. The map shows the local leader; Taiwan elects one president nationally. Remote uninhabited claimed-island geometry is omitted from the display.
"Liugui District, Kaohsiung City",https://db.cec.gov.tw/ElecTable/Election/ElecTickets?dataType=tickets&typeId=ELC&subjectId=P0&legisId=00&themeId=4d83db17c1707e3defae5dc4d4e9c800&dataLevel=C&prvCode=00&cityCode=000&areaCode=00&deptCode=000&liCode=0000,https://data.gov.tw/dataset/7441,Lai Ching-te–Hsiao Bi-khim,Democratic Progressive Party,10456,6082,54,6136,58.68,910,0,first,,,Lai Ching-te–Hsiao Bi-khim,Democratic Progressive Party,2972,Kaohsiung City,TW-64000320,official,Official CEC presidential result at township/district level. The map shows the local leader; Taiwan elects one president nationally. Remote uninhabited claimed-island geometry is omitted from the display.
"Liugui District, Kaohsiung City",https://db.cec.gov.tw/ElecTable/Election/ElecTickets?dataType=tickets&typeId=ELC&subjectId=P0&legisId=00&themeId=4d83db17c1707e3defae5dc4d4e9c800&dataLevel=C&prvCode=00&cityCode=000&areaCode=00&deptCode=000&liCode=0000,https://data.gov.tw/dataset/7441,Lai Ching-te–Hsiao Bi-khim,Democratic Progressive Party,10456,6082,54,6136,58.68,910,0,first,,,Hou Yu-ih–Jaw Shaw-kong,Kuomintang,2062,Kaohsiung City,TW-64000320,official,Official CEC presidential result at township/district level. The map shows the local leader; Taiwan elects one president nationally. Remote uninhabited claimed-island geometry is omitted from the display.
"Liugui District, Kaohsiung City",https://db.cec.gov.tw/ElecTable/Election/ElecTickets?dataType=tickets&typeId=ELC&subjectId=P0&legisId=00&themeId=4d83db17c1707e3defae5dc4d4e9c800&dataLevel=C&prvCode=00&cityCode=000&areaCode=00&deptCode=000&liCode=0000,https://data.gov.tw/dataset/7441,Lai Ching-te–Hsiao Bi-khim,Democratic Progressive Party,10456,6082,54,6136,58.68,910,0,first,,,Ko Wen-je–Cynthia Wu,Taiwan People's Party,1048,Kaohsiung City,TW-64000320,official,Official CEC presidential result at township/district level. The map shows the local leader; Taiwan elects one president nationally. Remote uninhabited claimed-island geometry is omitted from the display.
"Jiaxian District, Kaohsiung City",https://db.cec.gov.tw/ElecTable/Election/ElecTickets?dataType=tickets&typeId=ELC&subjectId=P0&legisId=00&themeId=4d83db17c1707e3defae5dc4d4e9c800&dataLevel=C&prvCode=00&cityCode=000&areaCode=00&deptCode=000&liCode=0000,https://data.gov.tw/dataset/7441,Lai Ching-te–Hsiao Bi-khim,Democratic Progressive Party,5006,3015,46,3061,61.15,94,0,first,,,Lai Ching-te–Hsiao Bi-khim,Democratic Progressive Party,1294,Kaohsiung City,TW-64000330,official,Official CEC presidential result at township/district level. The map shows the local leader; Taiwan elects one president nationally. Remote uninhabited claimed-island geometry is omitted from the display.
"Jiaxian District, Kaohsiung City",https://db.cec.gov.tw/ElecTable/Election/ElecTickets?dataType=tickets&typeId=ELC&subjectId=P0&legisId=00&themeId=4d83db17c1707e3defae5dc4d4e9c800&dataLevel=C&prvCode=00&cityCode=000&areaCode=00&deptCode=000&liCode=0000,https://data.gov.tw/dataset/7441,Lai Ching-te–Hsiao Bi-khim,Democratic Progressive Party,5006,3015,46,3061,61.15,94,0,first,,,Hou Yu-ih–Jaw Shaw-kong,Kuomintang,1200,Kaohsiung City,TW-64000330,official,Official CEC presidential result at township/district level. The map shows the local leader; Taiwan elects one president nationally. Remote uninhabited claimed-island geometry is omitted from the display.
"Jiaxian District, Kaohsiung City",https://db.cec.gov.tw/ElecTable/Election/ElecTickets?dataType=tickets&typeId=ELC&subjectId=P0&legisId=00&themeId=4d83db17c1707e3defae5dc4d4e9c800&dataLevel=C&prvCode=00&cityCode=000&areaCode=00&deptCode=000&liCode=0000,https://data.gov.tw/dataset/7441,Lai Ching-te–Hsiao Bi-khim,Democratic Progressive Party,5006,3015,46,3061,61.15,94,0,first,,,Ko Wen-je–Cynthia Wu,Taiwan People's Party,521,Kaohsiung City,TW-64000330,official,Official CEC presidential result at township/district level. The map shows the local leader; Taiwan elects one president nationally. Remote uninhabited claimed-island geometry is omitted from the display.
"Shanlin District, Kaohsiung City",https://db.cec.gov.tw/ElecTable/Election/ElecTickets?dataType=tickets&typeId=ELC&subjectId=P0&legisId=00&themeId=4d83db17c1707e3defae5dc4d4e9c800&dataLevel=C&prvCode=00&cityCode=000&areaCode=00&deptCode=000&liCode=0000,https://data.gov.tw/dataset/7441,Lai Ching-te–Hsiao Bi-khim,Democratic Progressive Party,9875,5803,68,5871,59.45,664,0,first,,,Lai Ching-te–Hsiao Bi-khim,Democratic Progressive Party,2767,Kaohsiung City,TW-64000340,official,Official CEC presidential result at township/district level. The map shows the local leader; Taiwan elects one president nationally. Remote uninhabited claimed-island geometry is omitted from the display.
"Shanlin District, Kaohsiung City",https://db.cec.gov.tw/ElecTable/Election/ElecTickets?dataType=tickets&typeId=ELC&subjectId=P0&legisId=00&themeId=4d83db17c1707e3defae5dc4d4e9c800&dataLevel=C&prvCode=00&cityCode=000&areaCode=00&deptCode=000&liCode=0000,https://data.gov.tw/dataset/7441,Lai Ching-te–Hsiao Bi-khim,Democratic Progressive Party,9875,5803,68,5871,59.45,664,0,first,,,Hou Yu-ih–Jaw Shaw-kong,Kuomintang,2103,Kaohsiung City,TW-64000340,official,Official CEC presidential result at township/district level. The map shows the local leader; Taiwan elects one president nationally. Remote uninhabited claimed-island geometry is omitted from the display.
"Shanlin District, Kaohsiung City",https://db.cec.gov.tw/ElecTable/Election/ElecTickets?dataType=tickets&typeId=ELC&subjectId=P0&legisId=00&themeId=4d83db17c1707e3defae5dc4d4e9c800&dataLevel=C&prvCode=00&cityCode=000&areaCode=00&deptCode=000&liCode=0000,https://data.gov.tw/dataset/7441,Lai Ching-te–Hsiao Bi-khim,Democratic Progressive Party,9875,5803,68,5871,59.45,664,0,first,,,Ko Wen-je–Cynthia Wu,Taiwan People's Party,933,Kaohsiung City,TW-64000340,official,Official CEC presidential result at township/district level. The map shows the local leader; Taiwan elects one president nationally. Remote uninhabited claimed-island geometry is omitted from the display.
"Neimen District, Kaohsiung City",https://db.cec.gov.tw/ElecTable/Election/ElecTickets?dataType=tickets&typeId=ELC&subjectId=P0&legisId=00&themeId=4d83db17c1707e3defae5dc4d4e9c800&dataLevel=C&prvCode=00&cityCode=000&areaCode=00&deptCode=000&liCode=0000,https://data.gov.tw/dataset/7441,Lai Ching-te–Hsiao Bi-khim,Democratic Progressive Party,11962,7917,78,7995,66.84,1446,0,first,,,Lai Ching-te–Hsiao Bi-khim,Democratic Progressive Party,3976,Kaohsiung City,TW-64000350,official,Official CEC presidential result at township/district level. The map shows the local leader; Taiwan elects one president nationally. Remote uninhabited claimed-island geometry is omitted from the display.
"Neimen District, Kaohsiung City",https://db.cec.gov.tw/ElecTable/Election/ElecTickets?dataType=tickets&typeId=ELC&subjectId=P0&legisId=00&themeId=4d83db17c1707e3defae5dc4d4e9c800&dataLevel=C&prvCode=00&cityCode=000&areaCode=00&deptCode=000&liCode=0000,https://data.gov.tw/dataset/7441,Lai Ching-te–Hsiao Bi-khim,Democratic Progressive Party,11962,7917,78,7995,66.84,1446,0,first,,,Hou Yu-ih–Jaw Shaw-kong,Kuomintang,2530,Kaohsiung City,TW-64000350,official,Official CEC presidential result at township/district level. The map shows the local leader; Taiwan elects one president nationally. Remote uninhabited claimed-island geometry is omitted from the display.
"Neimen District, Kaohsiung City",https://db.cec.gov.tw/ElecTable/Election/ElecTickets?dataType=tickets&typeId=ELC&subjectId=P0&legisId=00&themeId=4d83db17c1707e3defae5dc4d4e9c800&dataLevel=C&prvCode=00&cityCode=000&areaCode=00&deptCode=000&liCode=0000,https://data.gov.tw/dataset/7441,Lai Ching-te–Hsiao Bi-khim,Democratic Progressive Party,11962,7917,78,7995,66.84,1446,0,first,,,Ko Wen-je–Cynthia Wu,Taiwan People's Party,1411,Kaohsiung City,TW-64000350,official,Official CEC presidential result at township/district level. The map shows the local leader; Taiwan elects one president nationally. Remote uninhabited claimed-island geometry is omitted from the display.
"Maolin District, Kaohsiung City",https://db.cec.gov.tw/ElecTable/Election/ElecTickets?dataType=tickets&typeId=ELC&subjectId=P0&legisId=00&themeId=4d83db17c1707e3defae5dc4d4e9c800&dataLevel=C&prvCode=00&cityCode=000&areaCode=00&deptCode=000&liCode=0000,https://data.gov.tw/dataset/7441,Hou Yu-ih–Jaw Shaw-kong,Kuomintang,1562,1152,8,1160,74.26,350,0,first,,,Hou Yu-ih–Jaw Shaw-kong,Kuomintang,660,Kaohsiung City,TW-64000360,official,Official CEC presidential result at township/district level. The map shows the local leader; Taiwan elects one president nationally. Remote uninhabited claimed-island geometry is omitted from the display.
"Maolin District, Kaohsiung City",https://db.cec.gov.tw/ElecTable/Election/ElecTickets?dataType=tickets&typeId=ELC&subjectId=P0&legisId=00&themeId=4d83db17c1707e3defae5dc4d4e9c800&dataLevel=C&prvCode=00&cityCode=000&areaCode=00&deptCode=000&liCode=0000,https://data.gov.tw/dataset/7441,Hou Yu-ih–Jaw Shaw-kong,Kuomintang,1562,1152,8,1160,74.26,350,0,first,,,Ko Wen-je–Cynthia Wu,Taiwan People's Party,310,Kaohsiung City,TW-64000360,official,Official CEC presidential result at township/district level. The map shows the local leader; Taiwan elects one president nationally. Remote uninhabited claimed-island geometry is omitted from the display.
"Maolin District, Kaohsiung City",https://db.cec.gov.tw/ElecTable/Election/ElecTickets?dataType=tickets&typeId=ELC&subjectId=P0&legisId=00&themeId=4d83db17c1707e3defae5dc4d4e9c800&dataLevel=C&prvCode=00&cityCode=000&areaCode=00&deptCode=000&liCode=0000,https://data.gov.tw/dataset/7441,Hou Yu-ih–Jaw Shaw-kong,Kuomintang,1562,1152,8,1160,74.26,350,0,first,,,Lai Ching-te–Hsiao Bi-khim,Democratic Progressive Party,182,Kaohsiung City,TW-64000360,official,Official CEC presidential result at township/district level. The map shows the local leader; Taiwan elects one president nationally. Remote uninhabited claimed-island geometry is omitted from the display.
"Taoyuan District, Kaohsiung City",https://db.cec.gov.tw/ElecTable/Election/ElecTickets?dataType=tickets&typeId=ELC&subjectId=P0&legisId=00&themeId=4d83db17c1707e3defae5dc4d4e9c800&dataLevel=C&prvCode=00&cityCode=000&areaCode=00&deptCode=000&liCode=0000,https://data.gov.tw/dataset/7441,Hou Yu-ih–Jaw Shaw-kong,Kuomintang,3390,2020,17,2037,60.09,692,0,first,,,Hou Yu-ih–Jaw Shaw-kong,Kuomintang,1186,Kaohsiung City,TW-64000370,official,Official CEC presidential result at township/district level. The map shows the local leader; Taiwan elects one president nationally. Remote uninhabited claimed-island geometry is omitted from the display.
"Taoyuan District, Kaohsiung City",https://db.cec.gov.tw/ElecTable/Election/ElecTickets?dataType=tickets&typeId=ELC&subjectId=P0&legisId=00&themeId=4d83db17c1707e3defae5dc4d4e9c800&dataLevel=C&prvCode=00&cityCode=000&areaCode=00&deptCode=000&liCode=0000,https://data.gov.tw/dataset/7441,Hou Yu-ih–Jaw Shaw-kong,Kuomintang,3390,2020,17,2037,60.09,692,0,first,,,Ko Wen-je–Cynthia Wu,Taiwan People's Party,494,Kaohsiung City,TW-64000370,official,Official CEC presidential result at township/district level. The map shows the local leader; Taiwan elects one president nationally. Remote uninhabited claimed-island geometry is omitted from the display.
"Taoyuan District, Kaohsiung City",https://db.cec.gov.tw/ElecTable/Election/ElecTickets?dataType=tickets&typeId=ELC&subjectId=P0&legisId=00&themeId=4d83db17c1707e3defae5dc4d4e9c800&dataLevel=C&prvCode=00&cityCode=000&areaCode=00&deptCode=000&liCode=0000,https://data.gov.tw/dataset/7441,Hou Yu-ih–Jaw Shaw-kong,Kuomintang,3390,2020,17,2037,60.09,692,0,first,,,Lai Ching-te–Hsiao Bi-khim,Democratic Progressive Party,340,Kaohsiung City,TW-64000370,official,Official CEC presidential result at township/district level. The map shows the local leader; Taiwan elects one president nationally. Remote uninhabited claimed-island geometry is omitted from the display.
"Namaxia District, Kaohsiung City",https://db.cec.gov.tw/ElecTable/Election/ElecTickets?dataType=tickets&typeId=ELC&subjectId=P0&legisId=00&themeId=4d83db17c1707e3defae5dc4d4e9c800&dataLevel=C&prvCode=00&cityCode=000&areaCode=00&deptCode=000&liCode=0000,https://data.gov.tw/dataset/7441,Hou Yu-ih–Jaw Shaw-kong,Kuomintang,2416,1482,7,1489,61.63,639,0,first,,,Hou Yu-ih–Jaw Shaw-kong,Kuomintang,922,Kaohsiung City,TW-64000380,official,Official CEC presidential result at township/district level. The map shows the local leader; Taiwan elects one president nationally. Remote uninhabited claimed-island geometry is omitted from the display.
"Namaxia District, Kaohsiung City",https://db.cec.gov.tw/ElecTable/Election/ElecTickets?dataType=tickets&typeId=ELC&subjectId=P0&legisId=00&themeId=4d83db17c1707e3defae5dc4d4e9c800&dataLevel=C&prvCode=00&cityCode=000&areaCode=00&deptCode=000&liCode=0000,https://data.gov.tw/dataset/7441,Hou Yu-ih–Jaw Shaw-kong,Kuomintang,2416,1482,7,1489,61.63,639,0,first,,,Ko Wen-je–Cynthia Wu,Taiwan People's Party,283,Kaohsiung City,TW-64000380,official,Official CEC presidential result at township/district level. The map shows the local leader; Taiwan elects one president nationally. Remote uninhabited claimed-island geometry is omitted from the display.
"Namaxia District, Kaohsiung City",https://db.cec.gov.tw/ElecTable/Election/ElecTickets?dataType=tickets&typeId=ELC&subjectId=P0&legisId=00&themeId=4d83db17c1707e3defae5dc4d4e9c800&dataLevel=C&prvCode=00&cityCode=000&areaCode=00&deptCode=000&liCode=0000,https://data.gov.tw/dataset/7441,Hou Yu-ih–Jaw Shaw-kong,Kuomintang,2416,1482,7,1489,61.63,639,0,first,,,Lai Ching-te–Hsiao Bi-khim,Democratic Progressive Party,277,Kaohsiung City,TW-64000380,official,Official CEC presidential result at township/district level. The map shows the local leader; Taiwan elects one president nationally. Remote uninhabited claimed-island geometry is omitted from the display.
"Yilan City, Yilan County",https://db.cec.gov.tw/ElecTable/Election/ElecTickets?dataType=tickets&typeId=ELC&subjectId=P0&legisId=00&themeId=4d83db17c1707e3defae5dc4d4e9c800&dataLevel=C&prvCode=00&cityCode=000&areaCode=00&deptCode=000&liCode=0000,https://data.gov.tw/dataset/7441,Lai Ching-te–Hsiao Bi-khim,Democratic Progressive Party,77451,55482,321,55803,72.05,4851,0,first,,,Lai Ching-te–Hsiao Bi-khim,Democratic Progressive Party,22647,Yilan County,TW-10002010,official,Official CEC presidential result at township/district level. The map shows the local leader; Taiwan elects one president nationally. Remote uninhabited claimed-island geometry is omitted from the display.
"Yilan City, Yilan County",https://db.cec.gov.tw/ElecTable/Election/ElecTickets?dataType=tickets&typeId=ELC&subjectId=P0&legisId=00&themeId=4d83db17c1707e3defae5dc4d4e9c800&dataLevel=C&prvCode=00&cityCode=000&areaCode=00&deptCode=000&liCode=0000,https://data.gov.tw/dataset/7441,Lai Ching-te–Hsiao Bi-khim,Democratic Progressive Party,77451,55482,321,55803,72.05,4851,0,first,,,Hou Yu-ih–Jaw Shaw-kong,Kuomintang,17796,Yilan County,TW-10002010,official,Official CEC presidential result at township/district level. The map shows the local leader; Taiwan elects one president nationally. Remote uninhabited claimed-island geometry is omitted from the display.
"Yilan City, Yilan County",https://db.cec.gov.tw/ElecTable/Election/ElecTickets?dataType=tickets&typeId=ELC&subjectId=P0&legisId=00&themeId=4d83db17c1707e3defae5dc4d4e9c800&dataLevel=C&prvCode=00&cityCode=000&areaCode=00&deptCode=000&liCode=0000,https://data.gov.tw/dataset/7441,Lai Ching-te–Hsiao Bi-khim,Democratic Progressive Party,77451,55482,321,55803,72.05,4851,0,first,,,Ko Wen-je–Cynthia Wu,Taiwan People's Party,15039,Yilan County,TW-10002010,official,Official CEC presidential result at township/district level. The map shows the local leader; Taiwan elects one president nationally. Remote uninhabited claimed-island geometry is omitted from the display.
"Luodong Township, Yilan County",https://db.cec.gov.tw/ElecTable/Election/ElecTickets?dataType=tickets&typeId=ELC&subjectId=P0&legisId=00&themeId=4d83db17c1707e3defae5dc4d4e9c800&dataLevel=C&prvCode=00&cityCode=000&areaCode=00&deptCode=000&liCode=0000,https://data.gov.tw/dataset/7441,Lai Ching-te–Hsiao Bi-khim,Democratic Progressive Party,55583,40237,267,40504,72.87,6884,0,first,,,Lai Ching-te–Hsiao Bi-khim,Democratic Progressive Party,18236,Yilan County,TW-10002020,official,Official CEC presidential result at township/district level. The map shows the local leader; Taiwan elects one president nationally. Remote uninhabited claimed-island geometry is omitted from the display.
"Luodong Township, Yilan County",https://db.cec.gov.tw/ElecTable/Election/ElecTickets?dataType=tickets&typeId=ELC&subjectId=P0&legisId=00&themeId=4d83db17c1707e3defae5dc4d4e9c800&dataLevel=C&prvCode=00&cityCode=000&areaCode=00&deptCode=000&liCode=0000,https://data.gov.tw/dataset/7441,Lai Ching-te–Hsiao Bi-khim,Democratic Progressive Party,55583,40237,267,40504,72.87,6884,0,first,,,Hou Yu-ih–Jaw Shaw-kong,Kuomintang,11352,Yilan County,TW-10002020,official,Official CEC presidential result at township/district level. The map shows the local leader; Taiwan elects one president nationally. Remote uninhabited claimed-island geometry is omitted from the display.
"Luodong Township, Yilan County",https://db.cec.gov.tw/ElecTable/Election/ElecTickets?dataType=tickets&typeId=ELC&subjectId=P0&legisId=00&themeId=4d83db17c1707e3defae5dc4d4e9c800&dataLevel=C&prvCode=00&cityCode=000&areaCode=00&deptCode=000&liCode=0000,https://data.gov.tw/dataset/7441,Lai Ching-te–Hsiao Bi-khim,Democratic Progressive Party,55583,40237,267,40504,72.87,6884,0,first,,,Ko Wen-je–Cynthia Wu,Taiwan People's Party,10649,Yilan County,TW-10002020,official,Official CEC presidential result at township/district level. The map shows the local leader; Taiwan elects one president nationally. Remote uninhabited claimed-island geometry is omitted from the display.
"Su'ao Township, Yilan County",https://db.cec.gov.tw/ElecTable/Election/ElecTickets?dataType=tickets&typeId=ELC&subjectId=P0&legisId=00&themeId=4d83db17c1707e3defae5dc4d4e9c800&dataLevel=C&prvCode=00&cityCode=000&areaCode=00&deptCode=000&liCode=0000,https://data.gov.tw/dataset/7441,Lai Ching-te–Hsiao Bi-khim,Democratic Progressive Party,32655,22177,168,22345,68.43,3760,0,first,,,Lai Ching-te–Hsiao Bi-khim,Democratic Progressive Party,10223,Yilan County,TW-10002030,official,Official CEC presidential result at township/district level. The map shows the local leader; Taiwan elects one president nationally. Remote uninhabited claimed-island geometry is omitted from the display.
"Su'ao Township, Yilan County",https://db.cec.gov.tw/ElecTable/Election/ElecTickets?dataType=tickets&typeId=ELC&subjectId=P0&legisId=00&themeId=4d83db17c1707e3defae5dc4d4e9c800&dataLevel=C&prvCode=00&cityCode=000&areaCode=00&deptCode=000&liCode=0000,https://data.gov.tw/dataset/7441,Lai Ching-te–Hsiao Bi-khim,Democratic Progressive Party,32655,22177,168,22345,68.43,3760,0,first,,,Hou Yu-ih–Jaw Shaw-kong,Kuomintang,6463,Yilan County,TW-10002030,official,Official CEC presidential result at township/district level. The map shows the local leader; Taiwan elects one president nationally. Remote uninhabited claimed-island geometry is omitted from the display.
"Su'ao Township, Yilan County",https://db.cec.gov.tw/ElecTable/Election/ElecTickets?dataType=tickets&typeId=ELC&subjectId=P0&legisId=00&themeId=4d83db17c1707e3defae5dc4d4e9c800&dataLevel=C&prvCode=00&cityCode=000&areaCode=00&deptCode=000&liCode=0000,https://data.gov.tw/dataset/7441,Lai Ching-te–Hsiao Bi-khim,Democratic Progressive Party,32655,22177,168,22345,68.43,3760,0,first,,,Ko Wen-je–Cynthia Wu,Taiwan People's Party,5491,Yilan County,TW-10002030,official,Official CEC presidential result at township/district level. The map shows the local leader; Taiwan elects one president nationally. Remote uninhabited claimed-island geometry is omitted from the display.
"Toucheng Township, Yilan County",https://db.cec.gov.tw/ElecTable/Election/ElecTickets?dataType=tickets&typeId=ELC&subjectId=P0&legisId=00&themeId=4d83db17c1707e3defae5dc4d4e9c800&dataLevel=C&prvCode=00&cityCode=000&areaCode=00&deptCode=000&liCode=0000,https://data.gov.tw/dataset/7441,Lai Ching-te–Hsiao Bi-khim,Democratic Progressive Party,24433,16367,128,16495,67.51,672,0,first,,,Lai Ching-te–Hsiao Bi-khim,Democratic Progressive Party,6268,Yilan County,TW-10002040,official,Official CEC presidential result at township/district level. The map shows the local leader; Taiwan elects one president nationally. Remote uninhabited claimed-island geometry is omitted from the display.
"Toucheng Township, Yilan County",https://db.cec.gov.tw/ElecTable/Election/ElecTickets?dataType=tickets&typeId=ELC&subjectId=P0&legisId=00&themeId=4d83db17c1707e3defae5dc4d4e9c800&dataLevel=C&prvCode=00&cityCode=000&areaCode=00&deptCode=000&liCode=0000,https://data.gov.tw/dataset/7441,Lai Ching-te–Hsiao Bi-khim,Democratic Progressive Party,24433,16367,128,16495,67.51,672,0,first,,,Hou Yu-ih–Jaw Shaw-kong,Kuomintang,5596,Yilan County,TW-10002040,official,Official CEC presidential result at township/district level. The map shows the local leader; Taiwan elects one president nationally. Remote uninhabited claimed-island geometry is omitted from the display.
"Toucheng Township, Yilan County",https://db.cec.gov.tw/ElecTable/Election/ElecTickets?dataType=tickets&typeId=ELC&subjectId=P0&legisId=00&themeId=4d83db17c1707e3defae5dc4d4e9c800&dataLevel=C&prvCode=00&cityCode=000&areaCode=00&deptCode=000&liCode=0000,https://data.gov.tw/dataset/7441,Lai Ching-te–Hsiao Bi-khim,Democratic Progressive Party,24433,16367,128,16495,67.51,672,0,first,,,Ko Wen-je–Cynthia Wu,Taiwan People's Party,4503,Yilan County,TW-10002040,official,Official CEC presidential result at township/district level. The map shows the local leader; Taiwan elects one president nationally. Remote uninhabited claimed-island geometry is omitted from the display.
"Jiaoxi Township, Yilan County",https://db.cec.gov.tw/ElecTable/Election/ElecTickets?dataType=tickets&typeId=ELC&subjectId=P0&legisId=00&themeId=4d83db17c1707e3defae5dc4d4e9c800&dataLevel=C&prvCode=00&cityCode=000&areaCode=00&deptCode=000&liCode=0000,https://data.gov.tw/dataset/7441,Lai Ching-te–Hsiao Bi-khim,Democratic Progressive Party,30420,21426,192,21618,71.07,3881,0,first,,,Lai Ching-te–Hsiao Bi-khim,Democratic Progressive Party,9922,Yilan County,TW-10002050,official,Official CEC presidential result at township/district level. The map shows the local leader; Taiwan elects one president nationally. Remote uninhabited claimed-island geometry is omitted from the display.
"Jiaoxi Township, Yilan County",https://db.cec.gov.tw/ElecTable/Election/ElecTickets?dataType=tickets&typeId=ELC&subjectId=P0&legisId=00&themeId=4d83db17c1707e3defae5dc4d4e9c800&dataLevel=C&prvCode=00&cityCode=000&areaCode=00&deptCode=000&liCode=0000,https://data.gov.tw/dataset/7441,Lai Ching-te–Hsiao Bi-khim,Democratic Progressive Party,30420,21426,192,21618,71.07,3881,0,first,,,Hou Yu-ih–Jaw Shaw-kong,Kuomintang,6041,Yilan County,TW-10002050,official,Official CEC presidential result at township/district level. The map shows the local leader; Taiwan elects one president nationally. Remote uninhabited claimed-island geometry is omitted from the display.
"Jiaoxi Township, Yilan County",https://db.cec.gov.tw/ElecTable/Election/ElecTickets?dataType=tickets&typeId=ELC&subjectId=P0&legisId=00&themeId=4d83db17c1707e3defae5dc4d4e9c800&dataLevel=C&prvCode=00&cityCode=000&areaCode=00&deptCode=000&liCode=0000,https://data.gov.tw/dataset/7441,Lai Ching-te–Hsiao Bi-khim,Democratic Progressive Party,30420,21426,192,21618,71.07,3881,0,first,,,Ko Wen-je–Cynthia Wu,Taiwan People's Party,5463,Yilan County,TW-10002050,official,Official CEC presidential result at township/district level. The map shows the local leader; Taiwan elects one president nationally. Remote uninhabited claimed-island geometry is omitted from the display.
"Zhuangwei Township, Yilan County",https://db.cec.gov.tw/ElecTable/Election/ElecTickets?dataType=tickets&typeId=ELC&subjectId=P0&legisId=00&themeId=4d83db17c1707e3defae5dc4d4e9c800&dataLevel=C&prvCode=00&cityCode=000&areaCode=00&deptCode=000&liCode=0000,https://data.gov.tw/dataset/7441,Lai Ching-te–Hsiao Bi-khim,Democratic Progressive Party,21417,14858,125,14983,69.96,3210,0,first,,,Lai Ching-te–Hsiao Bi-khim,Democratic Progressive Party,7111,Yilan County,TW-10002060,official,Official CEC presidential result at township/district level. The map shows the local leader; Taiwan elects one president nationally. Remote uninhabited claimed-island geometry is omitted from the display.
"Zhuangwei Township, Yilan County",https://db.cec.gov.tw/ElecTable/Election/ElecTickets?dataType=tickets&typeId=ELC&subjectId=P0&legisId=00&themeId=4d83db17c1707e3defae5dc4d4e9c800&dataLevel=C&prvCode=00&cityCode=000&areaCode=00&deptCode=000&liCode=0000,https://data.gov.tw/dataset/7441,Lai Ching-te–Hsiao Bi-khim,Democratic Progressive Party,21417,14858,125,14983,69.96,3210,0,first,,,Hou Yu-ih–Jaw Shaw-kong,Kuomintang,3901,Yilan County,TW-10002060,official,Official CEC presidential result at township/district level. The map shows the local leader; Taiwan elects one president nationally. Remote uninhabited claimed-island geometry is omitted from the display.
"Zhuangwei Township, Yilan County",https://db.cec.gov.tw/ElecTable/Election/ElecTickets?dataType=tickets&typeId=ELC&subjectId=P0&legisId=00&themeId=4d83db17c1707e3defae5dc4d4e9c800&dataLevel=C&prvCode=00&cityCode=000&areaCode=00&deptCode=000&liCode=0000,https://data.gov.tw/dataset/7441,Lai Ching-te–Hsiao Bi-khim,Democratic Progressive Party,21417,14858,125,14983,69.96,3210,0,first,,,Ko Wen-je–Cynthia Wu,Taiwan People's Party,3846,Yilan County,TW-10002060,official,Official CEC presidential result at township/district level. The map shows the local leader; Taiwan elects one president nationally. Remote uninhabited claimed-island geometry is omitted from the display.
"Yuanshan Township, Yilan County",https://db.cec.gov.tw/ElecTable/Election/ElecTickets?dataType=tickets&typeId=ELC&subjectId=P0&legisId=00&themeId=4d83db17c1707e3defae5dc4d4e9c800&dataLevel=C&prvCode=00&cityCode=000&areaCode=00&deptCode=000&liCode=0000,https://data.gov.tw/dataset/7441,Lai Ching-te–Hsiao Bi-khim,Democratic Progressive Party,28084,19795,166,19961,71.08,4358,0,first,,,Lai Ching-te–Hsiao Bi-khim,Democratic Progressive Party,9522,Yilan County,TW-10002070,official,Official CEC presidential result at township/district level. The map shows the local leader; Taiwan elects one president nationally. Remote uninhabited claimed-island geometry is omitted from the display.
"Yuanshan Township, Yilan County",https://db.cec.gov.tw/ElecTable/Election/ElecTickets?dataType=tickets&typeId=ELC&subjectId=P0&legisId=00&themeId=4d83db17c1707e3defae5dc4d4e9c800&dataLevel=C&prvCode=00&cityCode=000&areaCode=00&deptCode=000&liCode=0000,https://data.gov.tw/dataset/7441,Lai Ching-te–Hsiao Bi-khim,Democratic Progressive Party,28084,19795,166,19961,71.08,4358,0,first,,,Ko Wen-je–Cynthia Wu,Taiwan People's Party,5164,Yilan County,TW-10002070,official,Official CEC presidential result at township/district level. The map shows the local leader; Taiwan elects one president nationally. Remote uninhabited claimed-island geometry is omitted from the display.
"Yuanshan Township, Yilan County",https://db.cec.gov.tw/ElecTable/Election/ElecTickets?dataType=tickets&typeId=ELC&subjectId=P0&legisId=00&themeId=4d83db17c1707e3defae5dc4d4e9c800&dataLevel=C&prvCode=00&cityCode=000&areaCode=00&deptCode=000&liCode=0000,https://data.gov.tw/dataset/7441,Lai Ching-te–Hsiao Bi-khim,Democratic Progressive Party,28084,19795,166,19961,71.08,4358,0,first,,,Hou Yu-ih–Jaw Shaw-kong,Kuomintang,5109,Yilan County,TW-10002070,official,Official CEC presidential result at township/district level. The map shows the local leader; Taiwan elects one president nationally. Remote uninhabited claimed-island geometry is omitted from the display.
"Dongshan Township, Yilan County",https://db.cec.gov.tw/ElecTable/Election/ElecTickets?dataType=tickets&typeId=ELC&subjectId=P0&legisId=00&themeId=4d83db17c1707e3defae5dc4d4e9c800&dataLevel=C&prvCode=00&cityCode=000&areaCode=00&deptCode=000&liCode=0000,https://data.gov.tw/dataset/7441,Lai Ching-te–Hsiao Bi-khim,Democratic Progressive Party,45159,32586,251,32837,72.71,7444,0,first,,,Lai Ching-te–Hsiao Bi-khim,Democratic Progressive Party,16170,Yilan County,TW-10002080,official,Official CEC presidential result at township/district level. The map shows the local leader; Taiwan elects one president nationally. Remote uninhabited claimed-island geometry is omitted from the display.
"Dongshan Township, Yilan County",https://db.cec.gov.tw/ElecTable/Election/ElecTickets?dataType=tickets&typeId=ELC&subjectId=P0&legisId=00&themeId=4d83db17c1707e3defae5dc4d4e9c800&dataLevel=C&prvCode=00&cityCode=000&areaCode=00&deptCode=000&liCode=0000,https://data.gov.tw/dataset/7441,Lai Ching-te–Hsiao Bi-khim,Democratic Progressive Party,45159,32586,251,32837,72.71,7444,0,first,,,Ko Wen-je–Cynthia Wu,Taiwan People's Party,8726,Yilan County,TW-10002080,official,Official CEC presidential result at township/district level. The map shows the local leader; Taiwan elects one president nationally. Remote uninhabited claimed-island geometry is omitted from the display.
"Dongshan Township, Yilan County",https://db.cec.gov.tw/ElecTable/Election/ElecTickets?dataType=tickets&typeId=ELC&subjectId=P0&legisId=00&themeId=4d83db17c1707e3defae5dc4d4e9c800&dataLevel=C&prvCode=00&cityCode=000&areaCode=00&deptCode=000&liCode=0000,https://data.gov.tw/dataset/7441,Lai Ching-te–Hsiao Bi-khim,Democratic Progressive Party,45159,32586,251,32837,72.71,7444,0,first,,,Hou Yu-ih–Jaw Shaw-kong,Kuomintang,7690,Yilan County,TW-10002080,official,Official CEC presidential result at township/district level. The map shows the local leader; Taiwan elects one president nationally. Remote uninhabited claimed-island geometry is omitted from the display.
"Wujie Township, Yilan County",https://db.cec.gov.tw/ElecTable/Election/ElecTickets?dataType=tickets&typeId=ELC&subjectId=P0&legisId=00&themeId=4d83db17c1707e3defae5dc4d4e9c800&dataLevel=C&prvCode=00&cityCode=000&areaCode=00&deptCode=000&liCode=0000,https://data.gov.tw/dataset/7441,Lai Ching-te–Hsiao Bi-khim,Democratic Progressive Party,35572,25129,175,25304,71.13,5327,0,first,,,Lai Ching-te–Hsiao Bi-khim,Democratic Progressive Party,12158,Yilan County,TW-10002090,official,Official CEC presidential result at township/district level. The map shows the local leader; Taiwan elects one president nationally. Remote uninhabited claimed-island geometry is omitted from the display.
"Wujie Township, Yilan County",https://db.cec.gov.tw/ElecTable/Election/ElecTickets?dataType=tickets&typeId=ELC&subjectId=P0&legisId=00&themeId=4d83db17c1707e3defae5dc4d4e9c800&dataLevel=C&prvCode=00&cityCode=000&areaCode=00&deptCode=000&liCode=0000,https://data.gov.tw/dataset/7441,Lai Ching-te–Hsiao Bi-khim,Democratic Progressive Party,35572,25129,175,25304,71.13,5327,0,first,,,Ko Wen-je–Cynthia Wu,Taiwan People's Party,6831,Yilan County,TW-10002090,official,Official CEC presidential result at township/district level. The map shows the local leader; Taiwan elects one president nationally. Remote uninhabited claimed-island geometry is omitted from the display.
"Wujie Township, Yilan County",https://db.cec.gov.tw/ElecTable/Election/ElecTickets?dataType=tickets&typeId=ELC&subjectId=P0&legisId=00&themeId=4d83db17c1707e3defae5dc4d4e9c800&dataLevel=C&prvCode=00&cityCode=000&areaCode=00&deptCode=000&liCode=0000,https://data.gov.tw/dataset/7441,Lai Ching-te–Hsiao Bi-khim,Democratic Progressive Party,35572,25129,175,25304,71.13,5327,0,first,,,Hou Yu-ih–Jaw Shaw-kong,Kuomintang,6140,Yilan County,TW-10002090,official,Official CEC presidential result at township/district level. The map shows the local leader; Taiwan elects one president nationally. Remote uninhabited claimed-island geometry is omitted from the display.
"Sanxing Township, Yilan County",https://db.cec.gov.tw/ElecTable/Election/ElecTickets?dataType=tickets&typeId=ELC&subjectId=P0&legisId=00&themeId=4d83db17c1707e3defae5dc4d4e9c800&dataLevel=C&prvCode=00&cityCode=000&areaCode=00&deptCode=000&liCode=0000,https://data.gov.tw/dataset/7441,Lai Ching-te–Hsiao Bi-khim,Democratic Progressive Party,18870,12895,93,12988,68.83,3061,0,first,,,Lai Ching-te–Hsiao Bi-khim,Democratic Progressive Party,6500,Yilan County,TW-10002100,official,Official CEC presidential result at township/district level. The map shows the local leader; Taiwan elects one president nationally. Remote uninhabited claimed-island geometry is omitted from the display.
"Sanxing Township, Yilan County",https://db.cec.gov.tw/ElecTable/Election/ElecTickets?dataType=tickets&typeId=ELC&subjectId=P0&legisId=00&themeId=4d83db17c1707e3defae5dc4d4e9c800&dataLevel=C&prvCode=00&cityCode=000&areaCode=00&deptCode=000&liCode=0000,https://data.gov.tw/dataset/7441,Lai Ching-te–Hsiao Bi-khim,Democratic Progressive Party,18870,12895,93,12988,68.83,3061,0,first,,,Hou Yu-ih–Jaw Shaw-kong,Kuomintang,3439,Yilan County,TW-10002100,official,Official CEC presidential result at township/district level. The map shows the local leader; Taiwan elects one president nationally. Remote uninhabited claimed-island geometry is omitted from the display.
"Sanxing Township, Yilan County",https://db.cec.gov.tw/ElecTable/Election/ElecTickets?dataType=tickets&typeId=ELC&subjectId=P0&legisId=00&themeId=4d83db17c1707e3defae5dc4d4e9c800&dataLevel=C&prvCode=00&cityCode=000&areaCode=00&deptCode=000&liCode=0000,https://data.gov.tw/dataset/7441,Lai Ching-te–Hsiao Bi-khim,Democratic Progressive Party,18870,12895,93,12988,68.83,3061,0,first,,,Ko Wen-je–Cynthia Wu,Taiwan People's Party,2956,Yilan County,TW-10002100,official,Official CEC presidential result at township/district level. The map shows the local leader; Taiwan elects one president nationally. Remote uninhabited claimed-island geometry is omitted from the display.
"Datong Township, Yilan County",https://db.cec.gov.tw/ElecTable/Election/ElecTickets?dataType=tickets&typeId=ELC&subjectId=P0&legisId=00&themeId=4d83db17c1707e3defae5dc4d4e9c800&dataLevel=C&prvCode=00&cityCode=000&areaCode=00&deptCode=000&liCode=0000,https://data.gov.tw/dataset/7441,Hou Yu-ih–Jaw Shaw-kong,Kuomintang,4806,3233,20,3253,67.69,1130,0,first,,,Hou Yu-ih–Jaw Shaw-kong,Kuomintang,1937,Yilan County,TW-10002110,official,Official CEC presidential result at township/district level. The map shows the local leader; Taiwan elects one president nationally. Remote uninhabited claimed-island geometry is omitted from the display.
"Datong Township, Yilan County",https://db.cec.gov.tw/ElecTable/Election/ElecTickets?dataType=tickets&typeId=ELC&subjectId=P0&legisId=00&themeId=4d83db17c1707e3defae5dc4d4e9c800&dataLevel=C&prvCode=00&cityCode=000&areaCode=00&deptCode=000&liCode=0000,https://data.gov.tw/dataset/7441,Hou Yu-ih–Jaw Shaw-kong,Kuomintang,4806,3233,20,3253,67.69,1130,0,first,,,Ko Wen-je–Cynthia Wu,Taiwan People's Party,807,Yilan County,TW-10002110,official,Official CEC presidential result at township/district level. The map shows the local leader; Taiwan elects one president nationally. Remote uninhabited claimed-island geometry is omitted from the display.
"Datong Township, Yilan County",https://db.cec.gov.tw/ElecTable/Election/ElecTickets?dataType=tickets&typeId=ELC&subjectId=P0&legisId=00&themeId=4d83db17c1707e3defae5dc4d4e9c800&dataLevel=C&prvCode=00&cityCode=000&areaCode=00&deptCode=000&liCode=0000,https://data.gov.tw/dataset/7441,Hou Yu-ih–Jaw Shaw-kong,Kuomintang,4806,3233,20,3253,67.69,1130,0,first,,,Lai Ching-te–Hsiao Bi-khim,Democratic Progressive Party,489,Yilan County,TW-10002110,official,Official CEC presidential result at township/district level. The map shows the local leader; Taiwan elects one president nationally. Remote uninhabited claimed-island geometry is omitted from the display.
"Nan'ao Township, Yilan County",https://db.cec.gov.tw/ElecTable/Election/ElecTickets?dataType=tickets&typeId=ELC&subjectId=P0&legisId=00&themeId=4d83db17c1707e3defae5dc4d4e9c800&dataLevel=C&prvCode=00&cityCode=000&areaCode=00&deptCode=000&liCode=0000,https://data.gov.tw/dataset/7441,Hou Yu-ih–Jaw Shaw-kong,Kuomintang,4576,2944,19,2963,64.75,1281,0,first,,,Hou Yu-ih–Jaw Shaw-kong,Kuomintang,1977,Yilan County,TW-10002120,official,Official CEC presidential result at township/district level. The map shows the local leader; Taiwan elects one president nationally. Remote uninhabited claimed-island geometry is omitted from the display.
"Nan'ao Township, Yilan County",https://db.cec.gov.tw/ElecTable/Election/ElecTickets?dataType=tickets&typeId=ELC&subjectId=P0&legisId=00&themeId=4d83db17c1707e3defae5dc4d4e9c800&dataLevel=C&prvCode=00&cityCode=000&areaCode=00&deptCode=000&liCode=0000,https://data.gov.tw/dataset/7441,Hou Yu-ih–Jaw Shaw-kong,Kuomintang,4576,2944,19,2963,64.75,1281,0,first,,,Ko Wen-je–Cynthia Wu,Taiwan People's Party,696,Yilan County,TW-10002120,official,Official CEC presidential result at township/district level. The map shows the local leader; Taiwan elects one president nationally. Remote uninhabited claimed-island geometry is omitted from the display.
"Nan'ao Township, Yilan County",https://db.cec.gov.tw/ElecTable/Election/ElecTickets?dataType=tickets&typeId=ELC&subjectId=P0&legisId=00&themeId=4d83db17c1707e3defae5dc4d4e9c800&dataLevel=C&prvCode=00&cityCode=000&areaCode=00&deptCode=000&liCode=0000,https://data.gov.tw/dataset/7441,Hou Yu-ih–Jaw Shaw-kong,Kuomintang,4576,2944,19,2963,64.75,1281,0,first,,,Lai Ching-te–Hsiao Bi-khim,Democratic Progressive Party,271,Yilan County,TW-10002120,official,Official CEC presidential result at township/district level. The map shows the local leader; Taiwan elects one president nationally. Remote uninhabited claimed-island geometry is omitted from the display.
"Zhubei City, Hsinchu County",https://db.cec.gov.tw/ElecTable/Election/ElecTickets?dataType=tickets&typeId=ELC&subjectId=P0&legisId=00&themeId=4d83db17c1707e3defae5dc4d4e9c800&dataLevel=C&prvCode=00&cityCode=000&areaCode=00&deptCode=000&liCode=0000,https://data.gov.tw/dataset/7441,Ko Wen-je–Cynthia Wu,Taiwan People's Party,156751,119889,678,120567,76.92,8801,0,first,,,Ko Wen-je–Cynthia Wu,Taiwan People's Party,45955,Hsinchu County,TW-10004010,official,Official CEC presidential result at township/district level. The map shows the local leader; Taiwan elects one president nationally. Remote uninhabited claimed-island geometry is omitted from the display.
"Zhubei City, Hsinchu County",https://db.cec.gov.tw/ElecTable/Election/ElecTickets?dataType=tickets&typeId=ELC&subjectId=P0&legisId=00&themeId=4d83db17c1707e3defae5dc4d4e9c800&dataLevel=C&prvCode=00&cityCode=000&areaCode=00&deptCode=000&liCode=0000,https://data.gov.tw/dataset/7441,Ko Wen-je–Cynthia Wu,Taiwan People's Party,156751,119889,678,120567,76.92,8801,0,first,,,Lai Ching-te–Hsiao Bi-khim,Democratic Progressive Party,37154,Hsinchu County,TW-10004010,official,Official CEC presidential result at township/district level. The map shows the local leader; Taiwan elects one president nationally. Remote uninhabited claimed-island geometry is omitted from the display.
"Zhubei City, Hsinchu County",https://db.cec.gov.tw/ElecTable/Election/ElecTickets?dataType=tickets&typeId=ELC&subjectId=P0&legisId=00&themeId=4d83db17c1707e3defae5dc4d4e9c800&dataLevel=C&prvCode=00&cityCode=000&areaCode=00&deptCode=000&liCode=0000,https://data.gov.tw/dataset/7441,Ko Wen-je–Cynthia Wu,Taiwan People's Party,156751,119889,678,120567,76.92,8801,0,first,,,Hou Yu-ih–Jaw Shaw-kong,Kuomintang,36780,Hsinchu County,TW-10004010,official,Official CEC presidential result at township/district level. The map shows the local leader; Taiwan elects one president nationally. Remote uninhabited claimed-island geometry is omitted from the display.
"Zhudong Township, Hsinchu County",https://db.cec.gov.tw/ElecTable/Election/ElecTickets?dataType=tickets&typeId=ELC&subjectId=P0&legisId=00&themeId=4d83db17c1707e3defae5dc4d4e9c800&dataLevel=C&prvCode=00&cityCode=000&areaCode=00&deptCode=000&liCode=0000,https://data.gov.tw/dataset/7441,Hou Yu-ih–Jaw Shaw-kong,Kuomintang,78988,56440,414,56854,71.98,3228,0,first,,,Hou Yu-ih–Jaw Shaw-kong,Kuomintang,23335,Hsinchu County,TW-10004020,official,Official CEC presidential result at township/district level. The map shows the local leader; Taiwan elects one president nationally. Remote uninhabited claimed-island geometry is omitted from the display.
"Zhudong Township, Hsinchu County",https://db.cec.gov.tw/ElecTable/Election/ElecTickets?dataType=tickets&typeId=ELC&subjectId=P0&legisId=00&themeId=4d83db17c1707e3defae5dc4d4e9c800&dataLevel=C&prvCode=00&cityCode=000&areaCode=00&deptCode=000&liCode=0000,https://data.gov.tw/dataset/7441,Hou Yu-ih–Jaw Shaw-kong,Kuomintang,78988,56440,414,56854,71.98,3228,0,first,,,Ko Wen-je–Cynthia Wu,Taiwan People's Party,20107,Hsinchu County,TW-10004020,official,Official CEC presidential result at township/district level. The map shows the local leader; Taiwan elects one president nationally. Remote uninhabited claimed-island geometry is omitted from the display.
"Zhudong Township, Hsinchu County",https://db.cec.gov.tw/ElecTable/Election/ElecTickets?dataType=tickets&typeId=ELC&subjectId=P0&legisId=00&themeId=4d83db17c1707e3defae5dc4d4e9c800&dataLevel=C&prvCode=00&cityCode=000&areaCode=00&deptCode=000&liCode=0000,https://data.gov.tw/dataset/7441,Hou Yu-ih–Jaw Shaw-kong,Kuomintang,78988,56440,414,56854,71.98,3228,0,first,,,Lai Ching-te–Hsiao Bi-khim,Democratic Progressive Party,12998,Hsinchu County,TW-10004020,official,Official CEC presidential result at township/district level. The map shows the local leader; Taiwan elects one president nationally. Remote uninhabited claimed-island geometry is omitted from the display.
"Xinpu Township, Hsinchu County",https://db.cec.gov.tw/ElecTable/Election/ElecTickets?dataType=tickets&typeId=ELC&subjectId=P0&legisId=00&themeId=4d83db17c1707e3defae5dc4d4e9c800&dataLevel=C&prvCode=00&cityCode=000&areaCode=00&deptCode=000&liCode=0000,https://data.gov.tw/dataset/7441,Hou Yu-ih–Jaw Shaw-kong,Kuomintang,29075,20986,169,21155,72.76,1001,0,first,,,Hou Yu-ih–Jaw Shaw-kong,Kuomintang,7845,Hsinchu County,TW-10004030,official,Official CEC presidential result at township/district level. The map shows the local leader; Taiwan elects one president nationally. Remote uninhabited claimed-island geometry is omitted from the display.
"Xinpu Township, Hsinchu County",https://db.cec.gov.tw/ElecTable/Election/ElecTickets?dataType=tickets&typeId=ELC&subjectId=P0&legisId=00&themeId=4d83db17c1707e3defae5dc4d4e9c800&dataLevel=C&prvCode=00&cityCode=000&areaCode=00&deptCode=000&liCode=0000,https://data.gov.tw/dataset/7441,Hou Yu-ih–Jaw Shaw-kong,Kuomintang,29075,20986,169,21155,72.76,1001,0,first,,,Ko Wen-je–Cynthia Wu,Taiwan People's Party,6844,Hsinchu County,TW-10004030,official,Official CEC presidential result at township/district level. The map shows the local leader; Taiwan elects one president nationally. Remote uninhabited claimed-island geometry is omitted from the display.
"Xinpu Township, Hsinchu County",https://db.cec.gov.tw/ElecTable/Election/ElecTickets?dataType=tickets&typeId=ELC&subjectId=P0&legisId=00&themeId=4d83db17c1707e3defae5dc4d4e9c800&dataLevel=C&prvCode=00&cityCode=000&areaCode=00&deptCode=000&liCode=0000,https://data.gov.tw/dataset/7441,Hou Yu-ih–Jaw Shaw-kong,Kuomintang,29075,20986,169,21155,72.76,1001,0,first,,,Lai Ching-te–Hsiao Bi-khim,Democratic Progressive Party,6297,Hsinchu County,TW-10004030,official,Official CEC presidential result at township/district level. The map shows the local leader; Taiwan elects one president nationally. Remote uninhabited claimed-island geometry is omitted from the display.
"Guanxi Township, Hsinchu County",https://db.cec.gov.tw/ElecTable/Election/ElecTickets?dataType=tickets&typeId=ELC&subjectId=P0&legisId=00&themeId=4d83db17c1707e3defae5dc4d4e9c800&dataLevel=C&prvCode=00&cityCode=000&areaCode=00&deptCode=000&liCode=0000,https://data.gov.tw/dataset/7441,Hou Yu-ih–Jaw Shaw-kong,Kuomintang,23243,16530,154,16684,71.78,2567,0,first,,,Hou Yu-ih–Jaw Shaw-kong,Kuomintang,7259,Hsinchu County,TW-10004040,official,Official CEC presidential result at township/district level. The map shows the local leader; Taiwan elects one president nationally. Remote uninhabited claimed-island geometry is omitted from the display.
"Guanxi Township, Hsinchu County",https://db.cec.gov.tw/ElecTable/Election/ElecTickets?dataType=tickets&typeId=ELC&subjectId=P0&legisId=00&themeId=4d83db17c1707e3defae5dc4d4e9c800&dataLevel=C&prvCode=00&cityCode=000&areaCode=00&deptCode=000&liCode=0000,https://data.gov.tw/dataset/7441,Hou Yu-ih–Jaw Shaw-kong,Kuomintang,23243,16530,154,16684,71.78,2567,0,first,,,Lai Ching-te–Hsiao Bi-khim,Democratic Progressive Party,4692,Hsinchu County,TW-10004040,official,Official CEC presidential result at township/district level. The map shows the local leader; Taiwan elects one president nationally. Remote uninhabited claimed-island geometry is omitted from the display.
"Guanxi Township, Hsinchu County",https://db.cec.gov.tw/ElecTable/Election/ElecTickets?dataType=tickets&typeId=ELC&subjectId=P0&legisId=00&themeId=4d83db17c1707e3defae5dc4d4e9c800&dataLevel=C&prvCode=00&cityCode=000&areaCode=00&deptCode=000&liCode=0000,https://data.gov.tw/dataset/7441,Hou Yu-ih–Jaw Shaw-kong,Kuomintang,23243,16530,154,16684,71.78,2567,0,first,,,Ko Wen-je–Cynthia Wu,Taiwan People's Party,4579,Hsinchu County,TW-10004040,official,Official CEC presidential result at township/district level. The map shows the local leader; Taiwan elects one president nationally. Remote uninhabited claimed-island geometry is omitted from the display.
"Hukou Township, Hsinchu County",https://db.cec.gov.tw/ElecTable/Election/ElecTickets?dataType=tickets&typeId=ELC&subjectId=P0&legisId=00&themeId=4d83db17c1707e3defae5dc4d4e9c800&dataLevel=C&prvCode=00&cityCode=000&areaCode=00&deptCode=000&liCode=0000,https://data.gov.tw/dataset/7441,Hou Yu-ih–Jaw Shaw-kong,Kuomintang,66955,47610,400,48010,71.7,1281,0,first,,,Hou Yu-ih–Jaw Shaw-kong,Kuomintang,18500,Hsinchu County,TW-10004050,official,Official CEC presidential result at township/district level. The map shows the local leader; Taiwan elects one president nationally. Remote uninhabited claimed-island geometry is omitted from the display.
"Hukou Township, Hsinchu County",https://db.cec.gov.tw/ElecTable/Election/ElecTickets?dataType=tickets&typeId=ELC&subjectId=P0&legisId=00&themeId=4d83db17c1707e3defae5dc4d4e9c800&dataLevel=C&prvCode=00&cityCode=000&areaCode=00&deptCode=000&liCode=0000,https://data.gov.tw/dataset/7441,Hou Yu-ih–Jaw Shaw-kong,Kuomintang,66955,47610,400,48010,71.7,1281,0,first,,,Ko Wen-je–Cynthia Wu,Taiwan People's Party,17219,Hsinchu County,TW-10004050,official,Official CEC presidential result at township/district level. The map shows the local leader; Taiwan elects one president nationally. Remote uninhabited claimed-island geometry is omitted from the display.
"Hukou Township, Hsinchu County",https://db.cec.gov.tw/ElecTable/Election/ElecTickets?dataType=tickets&typeId=ELC&subjectId=P0&legisId=00&themeId=4d83db17c1707e3defae5dc4d4e9c800&dataLevel=C&prvCode=00&cityCode=000&areaCode=00&deptCode=000&liCode=0000,https://data.gov.tw/dataset/7441,Hou Yu-ih–Jaw Shaw-kong,Kuomintang,66955,47610,400,48010,71.7,1281,0,first,,,Lai Ching-te–Hsiao Bi-khim,Democratic Progressive Party,11891,Hsinchu County,TW-10004050,official,Official CEC presidential result at township/district level. The map shows the local leader; Taiwan elects one president nationally. Remote uninhabited claimed-island geometry is omitted from the display.
"Xinfeng Township, Hsinchu County",https://db.cec.gov.tw/ElecTable/Election/ElecTickets?dataType=tickets&typeId=ELC&subjectId=P0&legisId=00&themeId=4d83db17c1707e3defae5dc4d4e9c800&dataLevel=C&prvCode=00&cityCode=000&areaCode=00&deptCode=000&liCode=0000,https://data.gov.tw/dataset/7441,Ko Wen-je–Cynthia Wu,Taiwan People's Party,47164,33634,266,33900,71.88,730,0,first,,,Ko Wen-je–Cynthia Wu,Taiwan People's Party,12538,Hsinchu County,TW-10004060,official,Official CEC presidential result at township/district level. The map shows the local leader; Taiwan elects one president nationally. Remote uninhabited claimed-island geometry is omitted from the display.
"Xinfeng Township, Hsinchu County",https://db.cec.gov.tw/ElecTable/Election/ElecTickets?dataType=tickets&typeId=ELC&subjectId=P0&legisId=00&themeId=4d83db17c1707e3defae5dc4d4e9c800&dataLevel=C&prvCode=00&cityCode=000&areaCode=00&deptCode=000&liCode=0000,https://data.gov.tw/dataset/7441,Ko Wen-je–Cynthia Wu,Taiwan People's Party,47164,33634,266,33900,71.88,730,0,first,,,Hou Yu-ih–Jaw Shaw-kong,Kuomintang,11808,Hsinchu County,TW-10004060,official,Official CEC presidential result at township/district level. The map shows the local leader; Taiwan elects one president nationally. Remote uninhabited claimed-island geometry is omitted from the display.
"Xinfeng Township, Hsinchu County",https://db.cec.gov.tw/ElecTable/Election/ElecTickets?dataType=tickets&typeId=ELC&subjectId=P0&legisId=00&themeId=4d83db17c1707e3defae5dc4d4e9c800&dataLevel=C&prvCode=00&cityCode=000&areaCode=00&deptCode=000&liCode=0000,https://data.gov.tw/dataset/7441,Ko Wen-je–Cynthia Wu,Taiwan People's Party,47164,33634,266,33900,71.88,730,0,first,,,Lai Ching-te–Hsiao Bi-khim,Democratic Progressive Party,9288,Hsinchu County,TW-10004060,official,Official CEC presidential result at township/district level. The map shows the local leader; Taiwan elects one president nationally. Remote uninhabited claimed-island geometry is omitted from the display.
"Qionglin Township, Hsinchu County",https://db.cec.gov.tw/ElecTable/Election/ElecTickets?dataType=tickets&typeId=ELC&subjectId=P0&legisId=00&themeId=4d83db17c1707e3defae5dc4d4e9c800&dataLevel=C&prvCode=00&cityCode=000&areaCode=00&deptCode=000&liCode=0000,https://data.gov.tw/dataset/7441,Hou Yu-ih–Jaw Shaw-kong,Kuomintang,17684,12889,109,12998,73.5,1064,0,first,,,Hou Yu-ih–Jaw Shaw-kong,Kuomintang,5359,Hsinchu County,TW-10004070,official,Official CEC presidential result at township/district level. The map shows the local leader; Taiwan elects one president nationally. Remote uninhabited claimed-island geometry is omitted from the display.
"Qionglin Township, Hsinchu County",https://db.cec.gov.tw/ElecTable/Election/ElecTickets?dataType=tickets&typeId=ELC&subjectId=P0&legisId=00&themeId=4d83db17c1707e3defae5dc4d4e9c800&dataLevel=C&prvCode=00&cityCode=000&areaCode=00&deptCode=000&liCode=0000,https://data.gov.tw/dataset/7441,Hou Yu-ih–Jaw Shaw-kong,Kuomintang,17684,12889,109,12998,73.5,1064,0,first,,,Ko Wen-je–Cynthia Wu,Taiwan People's Party,4295,Hsinchu County,TW-10004070,official,Official CEC presidential result at township/district level. The map shows the local leader; Taiwan elects one president nationally. Remote uninhabited claimed-island geometry is omitted from the display.
"Qionglin Township, Hsinchu County",https://db.cec.gov.tw/ElecTable/Election/ElecTickets?dataType=tickets&typeId=ELC&subjectId=P0&legisId=00&themeId=4d83db17c1707e3defae5dc4d4e9c800&dataLevel=C&prvCode=00&cityCode=000&areaCode=00&deptCode=000&liCode=0000,https://data.gov.tw/dataset/7441,Hou Yu-ih–Jaw Shaw-kong,Kuomintang,17684,12889,109,12998,73.5,1064,0,first,,,Lai Ching-te–Hsiao Bi-khim,Democratic Progressive Party,3235,Hsinchu County,TW-10004070,official,Official CEC presidential result at township/district level. The map shows the local leader; Taiwan elects one president nationally. Remote uninhabited claimed-island geometry is omitted from the display.
"Hengshan Township, Hsinchu County",https://db.cec.gov.tw/ElecTable/Election/ElecTickets?dataType=tickets&typeId=ELC&subjectId=P0&legisId=00&themeId=4d83db17c1707e3defae5dc4d4e9c800&dataLevel=C&prvCode=00&cityCode=000&areaCode=00&deptCode=000&liCode=0000,https://data.gov.tw/dataset/7441,Hou Yu-ih–Jaw Shaw-kong,Kuomintang,10727,7563,62,7625,71.08,1468,0,first,,,Hou Yu-ih–Jaw Shaw-kong,Kuomintang,3638,Hsinchu County,TW-10004080,official,Official CEC presidential result at township/district level. The map shows the local leader; Taiwan elects one president nationally. Remote uninhabited claimed-island geometry is omitted from the display.
"Hengshan Township, Hsinchu County",https://db.cec.gov.tw/ElecTable/Election/ElecTickets?dataType=tickets&typeId=ELC&subjectId=P0&legisId=00&themeId=4d83db17c1707e3defae5dc4d4e9c800&dataLevel=C&prvCode=00&cityCode=000&areaCode=00&deptCode=000&liCode=0000,https://data.gov.tw/dataset/7441,Hou Yu-ih–Jaw Shaw-kong,Kuomintang,10727,7563,62,7625,71.08,1468,0,first,,,Ko Wen-je–Cynthia Wu,Taiwan People's Party,2170,Hsinchu County,TW-10004080,official,Official CEC presidential result at township/district level. The map shows the local leader; Taiwan elects one president nationally. Remote uninhabited claimed-island geometry is omitted from the display.
"Hengshan Township, Hsinchu County",https://db.cec.gov.tw/ElecTable/Election/ElecTickets?dataType=tickets&typeId=ELC&subjectId=P0&legisId=00&themeId=4d83db17c1707e3defae5dc4d4e9c800&dataLevel=C&prvCode=00&cityCode=000&areaCode=00&deptCode=000&liCode=0000,https://data.gov.tw/dataset/7441,Hou Yu-ih–Jaw Shaw-kong,Kuomintang,10727,7563,62,7625,71.08,1468,0,first,,,Lai Ching-te–Hsiao Bi-khim,Democratic Progressive Party,1755,Hsinchu County,TW-10004080,official,Official CEC presidential result at township/district level. The map shows the local leader; Taiwan elects one president nationally. Remote uninhabited claimed-island geometry is omitted from the display.
"Beipu Township, Hsinchu County",https://db.cec.gov.tw/ElecTable/Election/ElecTickets?dataType=tickets&typeId=ELC&subjectId=P0&legisId=00&themeId=4d83db17c1707e3defae5dc4d4e9c800&dataLevel=C&prvCode=00&cityCode=000&areaCode=00&deptCode=000&liCode=0000,https://data.gov.tw/dataset/7441,Hou Yu-ih–Jaw Shaw-kong,Kuomintang,7574,5357,45,5402,71.32,886,0,first,,,Hou Yu-ih–Jaw Shaw-kong,Kuomintang,2490,Hsinchu County,TW-10004090,official,Official CEC presidential result at township/district level. The map shows the local leader; Taiwan elects one president nationally. Remote uninhabited claimed-island geometry is omitted from the display.
"Beipu Township, Hsinchu County",https://db.cec.gov.tw/ElecTable/Election/ElecTickets?dataType=tickets&typeId=ELC&subjectId=P0&legisId=00&themeId=4d83db17c1707e3defae5dc4d4e9c800&dataLevel=C&prvCode=00&cityCode=000&areaCode=00&deptCode=000&liCode=0000,https://data.gov.tw/dataset/7441,Hou Yu-ih–Jaw Shaw-kong,Kuomintang,7574,5357,45,5402,71.32,886,0,first,,,Ko Wen-je–Cynthia Wu,Taiwan People's Party,1604,Hsinchu County,TW-10004090,official,Official CEC presidential result at township/district level. The map shows the local leader; Taiwan elects one president nationally. Remote uninhabited claimed-island geometry is omitted from the display.
"Beipu Township, Hsinchu County",https://db.cec.gov.tw/ElecTable/Election/ElecTickets?dataType=tickets&typeId=ELC&subjectId=P0&legisId=00&themeId=4d83db17c1707e3defae5dc4d4e9c800&dataLevel=C&prvCode=00&cityCode=000&areaCode=00&deptCode=000&liCode=0000,https://data.gov.tw/dataset/7441,Hou Yu-ih–Jaw Shaw-kong,Kuomintang,7574,5357,45,5402,71.32,886,0,first,,,Lai Ching-te–Hsiao Bi-khim,Democratic Progressive Party,1263,Hsinchu County,TW-10004090,official,Official CEC presidential result at township/district level. The map shows the local leader; Taiwan elects one president nationally. Remote uninhabited claimed-island geometry is omitted from the display.
"Baoshan Township, Hsinchu County",https://db.cec.gov.tw/ElecTable/Election/ElecTickets?dataType=tickets&typeId=ELC&subjectId=P0&legisId=00&themeId=4d83db17c1707e3defae5dc4d4e9c800&dataLevel=C&prvCode=00&cityCode=000&areaCode=00&deptCode=000&liCode=0000,https://data.gov.tw/dataset/7441,Hou Yu-ih–Jaw Shaw-kong,Kuomintang,12826,9332,61,9393,73.23,678,0,first,,,Hou Yu-ih–Jaw Shaw-kong,Kuomintang,3720,Hsinchu County,TW-10004100,official,Official CEC presidential result at township/district level. The map shows the local leader; Taiwan elects one president nationally. Remote uninhabited claimed-island geometry is omitted from the display.
"Baoshan Township, Hsinchu County",https://db.cec.gov.tw/ElecTable/Election/ElecTickets?dataType=tickets&typeId=ELC&subjectId=P0&legisId=00&themeId=4d83db17c1707e3defae5dc4d4e9c800&dataLevel=C&prvCode=00&cityCode=000&areaCode=00&deptCode=000&liCode=0000,https://data.gov.tw/dataset/7441,Hou Yu-ih–Jaw Shaw-kong,Kuomintang,12826,9332,61,9393,73.23,678,0,first,,,Ko Wen-je–Cynthia Wu,Taiwan People's Party,3042,Hsinchu County,TW-10004100,official,Official CEC presidential result at township/district level. The map shows the local leader; Taiwan elects one president nationally. Remote uninhabited claimed-island geometry is omitted from the display.
"Baoshan Township, Hsinchu County",https://db.cec.gov.tw/ElecTable/Election/ElecTickets?dataType=tickets&typeId=ELC&subjectId=P0&legisId=00&themeId=4d83db17c1707e3defae5dc4d4e9c800&dataLevel=C&prvCode=00&cityCode=000&areaCode=00&deptCode=000&liCode=0000,https://data.gov.tw/dataset/7441,Hou Yu-ih–Jaw Shaw-kong,Kuomintang,12826,9332,61,9393,73.23,678,0,first,,,Lai Ching-te–Hsiao Bi-khim,Democratic Progressive Party,2570,Hsinchu County,TW-10004100,official,Official CEC presidential result at township/district level. The map shows the local leader; Taiwan elects one president nationally. Remote uninhabited claimed-island geometry is omitted from the display.
"Emei Township, Hsinchu County",https://db.cec.gov.tw/ElecTable/Election/ElecTickets?dataType=tickets&typeId=ELC&subjectId=P0&legisId=00&themeId=4d83db17c1707e3defae5dc4d4e9c800&dataLevel=C&prvCode=00&cityCode=000&areaCode=00&deptCode=000&liCode=0000,https://data.gov.tw/dataset/7441,Hou Yu-ih–Jaw Shaw-kong,Kuomintang,4687,3385,29,3414,72.84,503,0,first,,,Hou Yu-ih–Jaw Shaw-kong,Kuomintang,1525,Hsinchu County,TW-10004110,official,Official CEC presidential result at township/district level. The map shows the local leader; Taiwan elects one president nationally. Remote uninhabited claimed-island geometry is omitted from the display.
"Emei Township, Hsinchu County",https://db.cec.gov.tw/ElecTable/Election/ElecTickets?dataType=tickets&typeId=ELC&subjectId=P0&legisId=00&themeId=4d83db17c1707e3defae5dc4d4e9c800&dataLevel=C&prvCode=00&cityCode=000&areaCode=00&deptCode=000&liCode=0000,https://data.gov.tw/dataset/7441,Hou Yu-ih–Jaw Shaw-kong,Kuomintang,4687,3385,29,3414,72.84,503,0,first,,,Lai Ching-te–Hsiao Bi-khim,Democratic Progressive Party,1022,Hsinchu County,TW-10004110,official,Official CEC presidential result at township/district level. The map shows the local leader; Taiwan elects one president nationally. Remote uninhabited claimed-island geometry is omitted from the display.
"Emei Township, Hsinchu County",https://db.cec.gov.tw/ElecTable/Election/ElecTickets?dataType=tickets&typeId=ELC&subjectId=P0&legisId=00&themeId=4d83db17c1707e3defae5dc4d4e9c800&dataLevel=C&prvCode=00&cityCode=000&areaCode=00&deptCode=000&liCode=0000,https://data.gov.tw/dataset/7441,Hou Yu-ih–Jaw Shaw-kong,Kuomintang,4687,3385,29,3414,72.84,503,0,first,,,Ko Wen-je–Cynthia Wu,Taiwan People's Party,838,Hsinchu County,TW-10004110,official,Official CEC presidential result at township/district level. The map shows the local leader; Taiwan elects one president nationally. Remote uninhabited claimed-island geometry is omitted from the display.
"Jianshi Township, Hsinchu County",https://db.cec.gov.tw/ElecTable/Election/ElecTickets?dataType=tickets&typeId=ELC&subjectId=P0&legisId=00&themeId=4d83db17c1707e3defae5dc4d4e9c800&dataLevel=C&prvCode=00&cityCode=000&areaCode=00&deptCode=000&liCode=0000,https://data.gov.tw/dataset/7441,Hou Yu-ih–Jaw Shaw-kong,Kuomintang,7171,4343,37,4380,61.08,1113,0,first,,,Hou Yu-ih–Jaw Shaw-kong,Kuomintang,2353,Hsinchu County,TW-10004120,official,Official CEC presidential result at township/district level. The map shows the local leader; Taiwan elects one president nationally. Remote uninhabited claimed-island geometry is omitted from the display.
"Jianshi Township, Hsinchu County",https://db.cec.gov.tw/ElecTable/Election/ElecTickets?dataType=tickets&typeId=ELC&subjectId=P0&legisId=00&themeId=4d83db17c1707e3defae5dc4d4e9c800&dataLevel=C&prvCode=00&cityCode=000&areaCode=00&deptCode=000&liCode=0000,https://data.gov.tw/dataset/7441,Hou Yu-ih–Jaw Shaw-kong,Kuomintang,7171,4343,37,4380,61.08,1113,0,first,,,Ko Wen-je–Cynthia Wu,Taiwan People's Party,1240,Hsinchu County,TW-10004120,official,Official CEC presidential result at township/district level. The map shows the local leader; Taiwan elects one president nationally. Remote uninhabited claimed-island geometry is omitted from the display.
"Jianshi Township, Hsinchu County",https://db.cec.gov.tw/ElecTable/Election/ElecTickets?dataType=tickets&typeId=ELC&subjectId=P0&legisId=00&themeId=4d83db17c1707e3defae5dc4d4e9c800&dataLevel=C&prvCode=00&cityCode=000&areaCode=00&deptCode=000&liCode=0000,https://data.gov.tw/dataset/7441,Hou Yu-ih–Jaw Shaw-kong,Kuomintang,7171,4343,37,4380,61.08,1113,0,first,,,Lai Ching-te–Hsiao Bi-khim,Democratic Progressive Party,750,Hsinchu County,TW-10004120,official,Official CEC presidential result at township/district level. The map shows the local leader; Taiwan elects one president nationally. Remote uninhabited claimed-island geometry is omitted from the display.
"Wufeng Township, Hsinchu County",https://db.cec.gov.tw/ElecTable/Election/ElecTickets?dataType=tickets&typeId=ELC&subjectId=P0&legisId=00&themeId=4d83db17c1707e3defae5dc4d4e9c800&dataLevel=C&prvCode=00&cityCode=000&areaCode=00&deptCode=000&liCode=0000,https://data.gov.tw/dataset/7441,Hou Yu-ih–Jaw Shaw-kong,Kuomintang,3713,2352,18,2370,63.83,850,0,first,,,Hou Yu-ih–Jaw Shaw-kong,Kuomintang,1404,Hsinchu County,TW-10004130,official,Official CEC presidential result at township/district level. The map shows the local leader; Taiwan elects one president nationally. Remote uninhabited claimed-island geometry is omitted from the display.
"Wufeng Township, Hsinchu County",https://db.cec.gov.tw/ElecTable/Election/ElecTickets?dataType=tickets&typeId=ELC&subjectId=P0&legisId=00&themeId=4d83db17c1707e3defae5dc4d4e9c800&dataLevel=C&prvCode=00&cityCode=000&areaCode=00&deptCode=000&liCode=0000,https://data.gov.tw/dataset/7441,Hou Yu-ih–Jaw Shaw-kong,Kuomintang,3713,2352,18,2370,63.83,850,0,first,,,Ko Wen-je–Cynthia Wu,Taiwan People's Party,554,Hsinchu County,TW-10004130,official,Official CEC presidential result at township/district level. The map shows the local leader; Taiwan elects one president nationally. Remote uninhabited claimed-island geometry is omitted from the display.
"Wufeng Township, Hsinchu County",https://db.cec.gov.tw/ElecTable/Election/ElecTickets?dataType=tickets&typeId=ELC&subjectId=P0&legisId=00&themeId=4d83db17c1707e3defae5dc4d4e9c800&dataLevel=C&prvCode=00&cityCode=000&areaCode=00&deptCode=000&liCode=0000,https://data.gov.tw/dataset/7441,Hou Yu-ih–Jaw Shaw-kong,Kuomintang,3713,2352,18,2370,63.83,850,0,first,,,Lai Ching-te–Hsiao Bi-khim,Democratic Progressive Party,394,Hsinchu County,TW-10004130,official,Official CEC presidential result at township/district level. The map shows the local leader; Taiwan elects one president nationally. Remote uninhabited claimed-island geometry is omitted from the display.
"Miaoli City, Miaoli County",https://db.cec.gov.tw/ElecTable/Election/ElecTickets?dataType=tickets&typeId=ELC&subjectId=P0&legisId=00&themeId=4d83db17c1707e3defae5dc4d4e9c800&dataLevel=C&prvCode=00&cityCode=000&areaCode=00&deptCode=000&liCode=0000,https://data.gov.tw/dataset/7441,Hou Yu-ih–Jaw Shaw-kong,Kuomintang,71981,52251,367,52618,73.1,9100,0,first,,,Hou Yu-ih–Jaw Shaw-kong,Kuomintang,24617,Miaoli County,TW-10005010,official,Official CEC presidential result at township/district level. The map shows the local leader; Taiwan elects one president nationally. Remote uninhabited claimed-island geometry is omitted from the display.
"Miaoli City, Miaoli County",https://db.cec.gov.tw/ElecTable/Election/ElecTickets?dataType=tickets&typeId=ELC&subjectId=P0&legisId=00&themeId=4d83db17c1707e3defae5dc4d4e9c800&dataLevel=C&prvCode=00&cityCode=000&areaCode=00&deptCode=000&liCode=0000,https://data.gov.tw/dataset/7441,Hou Yu-ih–Jaw Shaw-kong,Kuomintang,71981,52251,367,52618,73.1,9100,0,first,,,Ko Wen-je–Cynthia Wu,Taiwan People's Party,15517,Miaoli County,TW-10005010,official,Official CEC presidential result at township/district level. The map shows the local leader; Taiwan elects one president nationally. Remote uninhabited claimed-island geometry is omitted from the display.
"Miaoli City, Miaoli County",https://db.cec.gov.tw/ElecTable/Election/ElecTickets?dataType=tickets&typeId=ELC&subjectId=P0&legisId=00&themeId=4d83db17c1707e3defae5dc4d4e9c800&dataLevel=C&prvCode=00&cityCode=000&areaCode=00&deptCode=000&liCode=0000,https://data.gov.tw/dataset/7441,Hou Yu-ih–Jaw Shaw-kong,Kuomintang,71981,52251,367,52618,73.1,9100,0,first,,,Lai Ching-te–Hsiao Bi-khim,Democratic Progressive Party,12117,Miaoli County,TW-10005010,official,Official CEC presidential result at township/district level. The map shows the local leader; Taiwan elects one president nationally. Remote uninhabited claimed-island geometry is omitted from the display.
"Yuanli Township, Miaoli County",https://db.cec.gov.tw/ElecTable/Election/ElecTickets?dataType=tickets&typeId=ELC&subjectId=P0&legisId=00&themeId=4d83db17c1707e3defae5dc4d4e9c800&dataLevel=C&prvCode=00&cityCode=000&areaCode=00&deptCode=000&liCode=0000,https://data.gov.tw/dataset/7441,Lai Ching-te–Hsiao Bi-khim,Democratic Progressive Party,37398,26824,194,27018,72.24,3364,0,first,,,Lai Ching-te–Hsiao Bi-khim,Democratic Progressive Party,11191,Miaoli County,TW-10005020,official,Official CEC presidential result at township/district level. The map shows the local leader; Taiwan elects one president nationally. Remote uninhabited claimed-island geometry is omitted from the display.
"Yuanli Township, Miaoli County",https://db.cec.gov.tw/ElecTable/Election/ElecTickets?dataType=tickets&typeId=ELC&subjectId=P0&legisId=00&themeId=4d83db17c1707e3defae5dc4d4e9c800&dataLevel=C&prvCode=00&cityCode=000&areaCode=00&deptCode=000&liCode=0000,https://data.gov.tw/dataset/7441,Lai Ching-te–Hsiao Bi-khim,Democratic Progressive Party,37398,26824,194,27018,72.24,3364,0,first,,,Hou Yu-ih–Jaw Shaw-kong,Kuomintang,7827,Miaoli County,TW-10005020,official,Official CEC presidential result at township/district level. The map shows the local leader; Taiwan elects one president nationally. Remote uninhabited claimed-island geometry is omitted from the display.
"Yuanli Township, Miaoli County",https://db.cec.gov.tw/ElecTable/Election/ElecTickets?dataType=tickets&typeId=ELC&subjectId=P0&legisId=00&themeId=4d83db17c1707e3defae5dc4d4e9c800&dataLevel=C&prvCode=00&cityCode=000&areaCode=00&deptCode=000&liCode=0000,https://data.gov.tw/dataset/7441,Lai Ching-te–Hsiao Bi-khim,Democratic Progressive Party,37398,26824,194,27018,72.24,3364,0,first,,,Ko Wen-je–Cynthia Wu,Taiwan People's Party,7806,Miaoli County,TW-10005020,official,Official CEC presidential result at township/district level. The map shows the local leader; Taiwan elects one president nationally. Remote uninhabited claimed-island geometry is omitted from the display.
"Tongxiao Township, Miaoli County",https://db.cec.gov.tw/ElecTable/Election/ElecTickets?dataType=tickets&typeId=ELC&subjectId=P0&legisId=00&themeId=4d83db17c1707e3defae5dc4d4e9c800&dataLevel=C&prvCode=00&cityCode=000&areaCode=00&deptCode=000&liCode=0000,https://data.gov.tw/dataset/7441,Lai Ching-te–Hsiao Bi-khim,Democratic Progressive Party,27459,19138,146,19284,70.23,1240,0,first,,,Lai Ching-te–Hsiao Bi-khim,Democratic Progressive Party,7730,Miaoli County,TW-10005030,official,Official CEC presidential result at township/district level. The map shows the local leader; Taiwan elects one president nationally. Remote uninhabited claimed-island geometry is omitted from the display.
"Tongxiao Township, Miaoli County",https://db.cec.gov.tw/ElecTable/Election/ElecTickets?dataType=tickets&typeId=ELC&subjectId=P0&legisId=00&themeId=4d83db17c1707e3defae5dc4d4e9c800&dataLevel=C&prvCode=00&cityCode=000&areaCode=00&deptCode=000&liCode=0000,https://data.gov.tw/dataset/7441,Lai Ching-te–Hsiao Bi-khim,Democratic Progressive Party,27459,19138,146,19284,70.23,1240,0,first,,,Hou Yu-ih–Jaw Shaw-kong,Kuomintang,6490,Miaoli County,TW-10005030,official,Official CEC presidential result at township/district level. The map shows the local leader; Taiwan elects one president nationally. Remote uninhabited claimed-island geometry is omitted from the display.
"Tongxiao Township, Miaoli County",https://db.cec.gov.tw/ElecTable/Election/ElecTickets?dataType=tickets&typeId=ELC&subjectId=P0&legisId=00&themeId=4d83db17c1707e3defae5dc4d4e9c800&dataLevel=C&prvCode=00&cityCode=000&areaCode=00&deptCode=000&liCode=0000,https://data.gov.tw/dataset/7441,Lai Ching-te–Hsiao Bi-khim,Democratic Progressive Party,27459,19138,146,19284,70.23,1240,0,first,,,Ko Wen-je–Cynthia Wu,Taiwan People's Party,4918,Miaoli County,TW-10005030,official,Official CEC presidential result at township/district level. The map shows the local leader; Taiwan elects one president nationally. Remote uninhabited claimed-island geometry is omitted from the display.
"Zhunan Township, Miaoli County",https://db.cec.gov.tw/ElecTable/Election/ElecTickets?dataType=tickets&typeId=ELC&subjectId=P0&legisId=00&themeId=4d83db17c1707e3defae5dc4d4e9c800&dataLevel=C&prvCode=00&cityCode=000&areaCode=00&deptCode=000&liCode=0000,https://data.gov.tw/dataset/7441,Ko Wen-je–Cynthia Wu,Taiwan People's Party,70830,51240,362,51602,72.85,18,0,first,,,Ko Wen-je–Cynthia Wu,Taiwan People's Party,17423,Miaoli County,TW-10005040,official,Official CEC presidential result at township/district level. The map shows the local leader; Taiwan elects one president nationally. Remote uninhabited claimed-island geometry is omitted from the display.
"Zhunan Township, Miaoli County",https://db.cec.gov.tw/ElecTable/Election/ElecTickets?dataType=tickets&typeId=ELC&subjectId=P0&legisId=00&themeId=4d83db17c1707e3defae5dc4d4e9c800&dataLevel=C&prvCode=00&cityCode=000&areaCode=00&deptCode=000&liCode=0000,https://data.gov.tw/dataset/7441,Ko Wen-je–Cynthia Wu,Taiwan People's Party,70830,51240,362,51602,72.85,18,0,first,,,Hou Yu-ih–Jaw Shaw-kong,Kuomintang,17405,Miaoli County,TW-10005040,official,Official CEC presidential result at township/district level. The map shows the local leader; Taiwan elects one president nationally. Remote uninhabited claimed-island geometry is omitted from the display.
"Zhunan Township, Miaoli County",https://db.cec.gov.tw/ElecTable/Election/ElecTickets?dataType=tickets&typeId=ELC&subjectId=P0&legisId=00&themeId=4d83db17c1707e3defae5dc4d4e9c800&dataLevel=C&prvCode=00&cityCode=000&areaCode=00&deptCode=000&liCode=0000,https://data.gov.tw/dataset/7441,Ko Wen-je–Cynthia Wu,Taiwan People's Party,70830,51240,362,51602,72.85,18,0,first,,,Lai Ching-te–Hsiao Bi-khim,Democratic Progressive Party,16412,Miaoli County,TW-10005040,official,Official CEC presidential result at township/district level. The map shows the local leader; Taiwan elects one president nationally. Remote uninhabited claimed-island geometry is omitted from the display.
"Toufen City, Miaoli County",https://db.cec.gov.tw/ElecTable/Election/ElecTickets?dataType=tickets&typeId=ELC&subjectId=P0&legisId=00&themeId=4d83db17c1707e3defae5dc4d4e9c800&dataLevel=C&prvCode=00&cityCode=000&areaCode=00&deptCode=000&liCode=0000,https://data.gov.tw/dataset/7441,Hou Yu-ih–Jaw Shaw-kong,Kuomintang,85604,61331,416,61747,72.13,4285,0,first,,,Hou Yu-ih–Jaw Shaw-kong,Kuomintang,25488,Miaoli County,TW-10005050,official,Official CEC presidential result at township/district level. The map shows the local leader; Taiwan elects one president nationally. Remote uninhabited claimed-island geometry is omitted from the display.
"Toufen City, Miaoli County",https://db.cec.gov.tw/ElecTable/Election/ElecTickets?dataType=tickets&typeId=ELC&subjectId=P0&legisId=00&themeId=4d83db17c1707e3defae5dc4d4e9c800&dataLevel=C&prvCode=00&cityCode=000&areaCode=00&deptCode=000&liCode=0000,https://data.gov.tw/dataset/7441,Hou Yu-ih–Jaw Shaw-kong,Kuomintang,85604,61331,416,61747,72.13,4285,0,first,,,Ko Wen-je–Cynthia Wu,Taiwan People's Party,21203,Miaoli County,TW-10005050,official,Official CEC presidential result at township/district level. The map shows the local leader; Taiwan elects one president nationally. Remote uninhabited claimed-island geometry is omitted from the display.
"Toufen City, Miaoli County",https://db.cec.gov.tw/ElecTable/Election/ElecTickets?dataType=tickets&typeId=ELC&subjectId=P0&legisId=00&themeId=4d83db17c1707e3defae5dc4d4e9c800&dataLevel=C&prvCode=00&cityCode=000&areaCode=00&deptCode=000&liCode=0000,https://data.gov.tw/dataset/7441,Hou Yu-ih–Jaw Shaw-kong,Kuomintang,85604,61331,416,61747,72.13,4285,0,first,,,Lai Ching-te–Hsiao Bi-khim,Democratic Progressive Party,14640,Miaoli County,TW-10005050,official,Official CEC presidential result at township/district level. The map shows the local leader; Taiwan elects one president nationally. Remote uninhabited claimed-island geometry is omitted from the display.
"Houlong Township, Miaoli County",https://db.cec.gov.tw/ElecTable/Election/ElecTickets?dataType=tickets&typeId=ELC&subjectId=P0&legisId=00&themeId=4d83db17c1707e3defae5dc4d4e9c800&dataLevel=C&prvCode=00&cityCode=000&areaCode=00&deptCode=000&liCode=0000,https://data.gov.tw/dataset/7441,Hou Yu-ih–Jaw Shaw-kong,Kuomintang,29270,19860,169,20029,68.43,396,0,first,,,Hou Yu-ih–Jaw Shaw-kong,Kuomintang,7334,Miaoli County,TW-10005060,official,Official CEC presidential result at township/district level. The map shows the local leader; Taiwan elects one president nationally. Remote uninhabited claimed-island geometry is omitted from the display.
"Houlong Township, Miaoli County",https://db.cec.gov.tw/ElecTable/Election/ElecTickets?dataType=tickets&typeId=ELC&subjectId=P0&legisId=00&themeId=4d83db17c1707e3defae5dc4d4e9c800&dataLevel=C&prvCode=00&cityCode=000&areaCode=00&deptCode=000&liCode=0000,https://data.gov.tw/dataset/7441,Hou Yu-ih–Jaw Shaw-kong,Kuomintang,29270,19860,169,20029,68.43,396,0,first,,,Lai Ching-te–Hsiao Bi-khim,Democratic Progressive Party,6938,Miaoli County,TW-10005060,official,Official CEC presidential result at township/district level. The map shows the local leader; Taiwan elects one president nationally. Remote uninhabited claimed-island geometry is omitted from the display.
"Houlong Township, Miaoli County",https://db.cec.gov.tw/ElecTable/Election/ElecTickets?dataType=tickets&typeId=ELC&subjectId=P0&legisId=00&themeId=4d83db17c1707e3defae5dc4d4e9c800&dataLevel=C&prvCode=00&cityCode=000&areaCode=00&deptCode=000&liCode=0000,https://data.gov.tw/dataset/7441,Hou Yu-ih–Jaw Shaw-kong,Kuomintang,29270,19860,169,20029,68.43,396,0,first,,,Ko Wen-je–Cynthia Wu,Taiwan People's Party,5588,Miaoli County,TW-10005060,official,Official CEC presidential result at township/district level. The map shows the local leader; Taiwan elects one president nationally. Remote uninhabited claimed-island geometry is omitted from the display.
"Zhuolan Township, Miaoli County",https://db.cec.gov.tw/ElecTable/Election/ElecTickets?dataType=tickets&typeId=ELC&subjectId=P0&legisId=00&themeId=4d83db17c1707e3defae5dc4d4e9c800&dataLevel=C&prvCode=00&cityCode=000&areaCode=00&deptCode=000&liCode=0000,https://data.gov.tw/dataset/7441,Lai Ching-te–Hsiao Bi-khim,Democratic Progressive Party,13414,9433,57,9490,70.75,157,0,first,,,Lai Ching-te–Hsiao Bi-khim,Democratic Progressive Party,3681,Miaoli County,TW-10005070,official,Official CEC presidential result at township/district level. The map shows the local leader; Taiwan elects one president nationally. Remote uninhabited claimed-island geometry is omitted from the display.
"Zhuolan Township, Miaoli County",https://db.cec.gov.tw/ElecTable/Election/ElecTickets?dataType=tickets&typeId=ELC&subjectId=P0&legisId=00&themeId=4d83db17c1707e3defae5dc4d4e9c800&dataLevel=C&prvCode=00&cityCode=000&areaCode=00&deptCode=000&liCode=0000,https://data.gov.tw/dataset/7441,Lai Ching-te–Hsiao Bi-khim,Democratic Progressive Party,13414,9433,57,9490,70.75,157,0,first,,,Hou Yu-ih–Jaw Shaw-kong,Kuomintang,3524,Miaoli County,TW-10005070,official,Official CEC presidential result at township/district level. The map shows the local leader; Taiwan elects one president nationally. Remote uninhabited claimed-island geometry is omitted from the display.
"Zhuolan Township, Miaoli County",https://db.cec.gov.tw/ElecTable/Election/ElecTickets?dataType=tickets&typeId=ELC&subjectId=P0&legisId=00&themeId=4d83db17c1707e3defae5dc4d4e9c800&dataLevel=C&prvCode=00&cityCode=000&areaCode=00&deptCode=000&liCode=0000,https://data.gov.tw/dataset/7441,Lai Ching-te–Hsiao Bi-khim,Democratic Progressive Party,13414,9433,57,9490,70.75,157,0,first,,,Ko Wen-je–Cynthia Wu,Taiwan People's Party,2228,Miaoli County,TW-10005070,official,Official CEC presidential result at township/district level. The map shows the local leader; Taiwan elects one president nationally. Remote uninhabited claimed-island geometry is omitted from the display.
"Dahu Township, Miaoli County",https://db.cec.gov.tw/ElecTable/Election/ElecTickets?dataType=tickets&typeId=ELC&subjectId=P0&legisId=00&themeId=4d83db17c1707e3defae5dc4d4e9c800&dataLevel=C&prvCode=00&cityCode=000&areaCode=00&deptCode=000&liCode=0000,https://data.gov.tw/dataset/7441,Hou Yu-ih–Jaw Shaw-kong,Kuomintang,11427,7696,64,7760,67.91,1860,0,first,,,Hou Yu-ih–Jaw Shaw-kong,Kuomintang,3881,Miaoli County,TW-10005080,official,Official CEC presidential result at township/district level. The map shows the local leader; Taiwan elects one president nationally. Remote uninhabited claimed-island geometry is omitted from the display.
"Dahu Township, Miaoli County",https://db.cec.gov.tw/ElecTable/Election/ElecTickets?dataType=tickets&typeId=ELC&subjectId=P0&legisId=00&themeId=4d83db17c1707e3defae5dc4d4e9c800&dataLevel=C&prvCode=00&cityCode=000&areaCode=00&deptCode=000&liCode=0000,https://data.gov.tw/dataset/7441,Hou Yu-ih–Jaw Shaw-kong,Kuomintang,11427,7696,64,7760,67.91,1860,0,first,,,Lai Ching-te–Hsiao Bi-khim,Democratic Progressive Party,2021,Miaoli County,TW-10005080,official,Official CEC presidential result at township/district level. The map shows the local leader; Taiwan elects one president nationally. Remote uninhabited claimed-island geometry is omitted from the display.
"Dahu Township, Miaoli County",https://db.cec.gov.tw/ElecTable/Election/ElecTickets?dataType=tickets&typeId=ELC&subjectId=P0&legisId=00&themeId=4d83db17c1707e3defae5dc4d4e9c800&dataLevel=C&prvCode=00&cityCode=000&areaCode=00&deptCode=000&liCode=0000,https://data.gov.tw/dataset/7441,Hou Yu-ih–Jaw Shaw-kong,Kuomintang,11427,7696,64,7760,67.91,1860,0,first,,,Ko Wen-je–Cynthia Wu,Taiwan People's Party,1794,Miaoli County,TW-10005080,official,Official CEC presidential result at township/district level. The map shows the local leader; Taiwan elects one president nationally. Remote uninhabited claimed-island geometry is omitted from the display.
"Gongguan Township, Miaoli County",https://db.cec.gov.tw/ElecTable/Election/ElecTickets?dataType=tickets&typeId=ELC&subjectId=P0&legisId=00&themeId=4d83db17c1707e3defae5dc4d4e9c800&dataLevel=C&prvCode=00&cityCode=000&areaCode=00&deptCode=000&liCode=0000,https://data.gov.tw/dataset/7441,Hou Yu-ih–Jaw Shaw-kong,Kuomintang,26808,19077,120,19197,71.61,2770,0,first,,,Hou Yu-ih–Jaw Shaw-kong,Kuomintang,8523,Miaoli County,TW-10005090,official,Official CEC presidential result at township/district level. The map shows the local leader; Taiwan elects one president nationally. Remote uninhabited claimed-island geometry is omitted from the display.
"Gongguan Township, Miaoli County",https://db.cec.gov.tw/ElecTable/Election/ElecTickets?dataType=tickets&typeId=ELC&subjectId=P0&legisId=00&themeId=4d83db17c1707e3defae5dc4d4e9c800&dataLevel=C&prvCode=00&cityCode=000&areaCode=00&deptCode=000&liCode=0000,https://data.gov.tw/dataset/7441,Hou Yu-ih–Jaw Shaw-kong,Kuomintang,26808,19077,120,19197,71.61,2770,0,first,,,Ko Wen-je–Cynthia Wu,Taiwan People's Party,5753,Miaoli County,TW-10005090,official,Official CEC presidential result at township/district level. The map shows the local leader; Taiwan elects one president nationally. Remote uninhabited claimed-island geometry is omitted from the display.
"Gongguan Township, Miaoli County",https://db.cec.gov.tw/ElecTable/Election/ElecTickets?dataType=tickets&typeId=ELC&subjectId=P0&legisId=00&themeId=4d83db17c1707e3defae5dc4d4e9c800&dataLevel=C&prvCode=00&cityCode=000&areaCode=00&deptCode=000&liCode=0000,https://data.gov.tw/dataset/7441,Hou Yu-ih–Jaw Shaw-kong,Kuomintang,26808,19077,120,19197,71.61,2770,0,first,,,Lai Ching-te–Hsiao Bi-khim,Democratic Progressive Party,4801,Miaoli County,TW-10005090,official,Official CEC presidential result at township/district level. The map shows the local leader; Taiwan elects one president nationally. Remote uninhabited claimed-island geometry is omitted from the display.
"Tongluo Township, Miaoli County",https://db.cec.gov.tw/ElecTable/Election/ElecTickets?dataType=tickets&typeId=ELC&subjectId=P0&legisId=00&themeId=4d83db17c1707e3defae5dc4d4e9c800&dataLevel=C&prvCode=00&cityCode=000&areaCode=00&deptCode=000&liCode=0000,https://data.gov.tw/dataset/7441,Hou Yu-ih–Jaw Shaw-kong,Kuomintang,14271,10124,79,10203,71.49,2326,0,first,,,Hou Yu-ih–Jaw Shaw-kong,Kuomintang,5015,Miaoli County,TW-10005100,official,Official CEC presidential result at township/district level. The map shows the local leader; Taiwan elects one president nationally. Remote uninhabited claimed-island geometry is omitted from the display.
"Tongluo Township, Miaoli County",https://db.cec.gov.tw/ElecTable/Election/ElecTickets?dataType=tickets&typeId=ELC&subjectId=P0&legisId=00&themeId=4d83db17c1707e3defae5dc4d4e9c800&dataLevel=C&prvCode=00&cityCode=000&areaCode=00&deptCode=000&liCode=0000,https://data.gov.tw/dataset/7441,Hou Yu-ih–Jaw Shaw-kong,Kuomintang,14271,10124,79,10203,71.49,2326,0,first,,,Ko Wen-je–Cynthia Wu,Taiwan People's Party,2689,Miaoli County,TW-10005100,official,Official CEC presidential result at township/district level. The map shows the local leader; Taiwan elects one president nationally. Remote uninhabited claimed-island geometry is omitted from the display.
"Tongluo Township, Miaoli County",https://db.cec.gov.tw/ElecTable/Election/ElecTickets?dataType=tickets&typeId=ELC&subjectId=P0&legisId=00&themeId=4d83db17c1707e3defae5dc4d4e9c800&dataLevel=C&prvCode=00&cityCode=000&areaCode=00&deptCode=000&liCode=0000,https://data.gov.tw/dataset/7441,Hou Yu-ih–Jaw Shaw-kong,Kuomintang,14271,10124,79,10203,71.49,2326,0,first,,,Lai Ching-te–Hsiao Bi-khim,Democratic Progressive Party,2420,Miaoli County,TW-10005100,official,Official CEC presidential result at township/district level. The map shows the local leader; Taiwan elects one president nationally. Remote uninhabited claimed-island geometry is omitted from the display.
"Nanzhuang Township, Miaoli County",https://db.cec.gov.tw/ElecTable/Election/ElecTickets?dataType=tickets&typeId=ELC&subjectId=P0&legisId=00&themeId=4d83db17c1707e3defae5dc4d4e9c800&dataLevel=C&prvCode=00&cityCode=000&areaCode=00&deptCode=000&liCode=0000,https://data.gov.tw/dataset/7441,Hou Yu-ih–Jaw Shaw-kong,Kuomintang,7836,5122,32,5154,65.77,1491,0,first,,,Hou Yu-ih–Jaw Shaw-kong,Kuomintang,2726,Miaoli County,TW-10005110,official,Official CEC presidential result at township/district level. The map shows the local leader; Taiwan elects one president nationally. Remote uninhabited claimed-island geometry is omitted from the display.
"Nanzhuang Township, Miaoli County",https://db.cec.gov.tw/ElecTable/Election/ElecTickets?dataType=tickets&typeId=ELC&subjectId=P0&legisId=00&themeId=4d83db17c1707e3defae5dc4d4e9c800&dataLevel=C&prvCode=00&cityCode=000&areaCode=00&deptCode=000&liCode=0000,https://data.gov.tw/dataset/7441,Hou Yu-ih–Jaw Shaw-kong,Kuomintang,7836,5122,32,5154,65.77,1491,0,first,,,Ko Wen-je–Cynthia Wu,Taiwan People's Party,1235,Miaoli County,TW-10005110,official,Official CEC presidential result at township/district level. The map shows the local leader; Taiwan elects one president nationally. Remote uninhabited claimed-island geometry is omitted from the display.
"Nanzhuang Township, Miaoli County",https://db.cec.gov.tw/ElecTable/Election/ElecTickets?dataType=tickets&typeId=ELC&subjectId=P0&legisId=00&themeId=4d83db17c1707e3defae5dc4d4e9c800&dataLevel=C&prvCode=00&cityCode=000&areaCode=00&deptCode=000&liCode=0000,https://data.gov.tw/dataset/7441,Hou Yu-ih–Jaw Shaw-kong,Kuomintang,7836,5122,32,5154,65.77,1491,0,first,,,Lai Ching-te–Hsiao Bi-khim,Democratic Progressive Party,1161,Miaoli County,TW-10005110,official,Official CEC presidential result at township/district level. The map shows the local leader; Taiwan elects one president nationally. Remote uninhabited claimed-island geometry is omitted from the display.
"Touwu Township, Miaoli County",https://db.cec.gov.tw/ElecTable/Election/ElecTickets?dataType=tickets&typeId=ELC&subjectId=P0&legisId=00&themeId=4d83db17c1707e3defae5dc4d4e9c800&dataLevel=C&prvCode=00&cityCode=000&areaCode=00&deptCode=000&liCode=0000,https://data.gov.tw/dataset/7441,Hou Yu-ih–Jaw Shaw-kong,Kuomintang,8734,6327,59,6386,73.12,1480,0,first,,,Hou Yu-ih–Jaw Shaw-kong,Kuomintang,3156,Miaoli County,TW-10005120,official,Official CEC presidential result at township/district level. The map shows the local leader; Taiwan elects one president nationally. Remote uninhabited claimed-island geometry is omitted from the display.
"Touwu Township, Miaoli County",https://db.cec.gov.tw/ElecTable/Election/ElecTickets?dataType=tickets&typeId=ELC&subjectId=P0&legisId=00&themeId=4d83db17c1707e3defae5dc4d4e9c800&dataLevel=C&prvCode=00&cityCode=000&areaCode=00&deptCode=000&liCode=0000,https://data.gov.tw/dataset/7441,Hou Yu-ih–Jaw Shaw-kong,Kuomintang,8734,6327,59,6386,73.12,1480,0,first,,,Ko Wen-je–Cynthia Wu,Taiwan People's Party,1676,Miaoli County,TW-10005120,official,Official CEC presidential result at township/district level. The map shows the local leader; Taiwan elects one president nationally. Remote uninhabited claimed-island geometry is omitted from the display.
"Touwu Township, Miaoli County",https://db.cec.gov.tw/ElecTable/Election/ElecTickets?dataType=tickets&typeId=ELC&subjectId=P0&legisId=00&themeId=4d83db17c1707e3defae5dc4d4e9c800&dataLevel=C&prvCode=00&cityCode=000&areaCode=00&deptCode=000&liCode=0000,https://data.gov.tw/dataset/7441,Hou Yu-ih–Jaw Shaw-kong,Kuomintang,8734,6327,59,6386,73.12,1480,0,first,,,Lai Ching-te–Hsiao Bi-khim,Democratic Progressive Party,1495,Miaoli County,TW-10005120,official,Official CEC presidential result at township/district level. The map shows the local leader; Taiwan elects one president nationally. Remote uninhabited claimed-island geometry is omitted from the display.
"Sanyi Township, Miaoli County",https://db.cec.gov.tw/ElecTable/Election/ElecTickets?dataType=tickets&typeId=ELC&subjectId=P0&legisId=00&themeId=4d83db17c1707e3defae5dc4d4e9c800&dataLevel=C&prvCode=00&cityCode=000&areaCode=00&deptCode=000&liCode=0000,https://data.gov.tw/dataset/7441,Hou Yu-ih–Jaw Shaw-kong,Kuomintang,12791,9356,72,9428,73.71,1730,0,first,,,Hou Yu-ih–Jaw Shaw-kong,Kuomintang,4391,Miaoli County,TW-10005130,official,Official CEC presidential result at township/district level. The map shows the local leader; Taiwan elects one president nationally. Remote uninhabited claimed-island geometry is omitted from the display.
"Sanyi Township, Miaoli County",https://db.cec.gov.tw/ElecTable/Election/ElecTickets?dataType=tickets&typeId=ELC&subjectId=P0&legisId=00&themeId=4d83db17c1707e3defae5dc4d4e9c800&dataLevel=C&prvCode=00&cityCode=000&areaCode=00&deptCode=000&liCode=0000,https://data.gov.tw/dataset/7441,Hou Yu-ih–Jaw Shaw-kong,Kuomintang,12791,9356,72,9428,73.71,1730,0,first,,,Ko Wen-je–Cynthia Wu,Taiwan People's Party,2661,Miaoli County,TW-10005130,official,Official CEC presidential result at township/district level. The map shows the local leader; Taiwan elects one president nationally. Remote uninhabited claimed-island geometry is omitted from the display.
"Sanyi Township, Miaoli County",https://db.cec.gov.tw/ElecTable/Election/ElecTickets?dataType=tickets&typeId=ELC&subjectId=P0&legisId=00&themeId=4d83db17c1707e3defae5dc4d4e9c800&dataLevel=C&prvCode=00&cityCode=000&areaCode=00&deptCode=000&liCode=0000,https://data.gov.tw/dataset/7441,Hou Yu-ih–Jaw Shaw-kong,Kuomintang,12791,9356,72,9428,73.71,1730,0,first,,,Lai Ching-te–Hsiao Bi-khim,Democratic Progressive Party,2304,Miaoli County,TW-10005130,official,Official CEC presidential result at township/district level. The map shows the local leader; Taiwan elects one president nationally. Remote uninhabited claimed-island geometry is omitted from the display.
"Xihu Township, Miaoli County",https://db.cec.gov.tw/ElecTable/Election/ElecTickets?dataType=tickets&typeId=ELC&subjectId=P0&legisId=00&themeId=4d83db17c1707e3defae5dc4d4e9c800&dataLevel=C&prvCode=00&cityCode=000&areaCode=00&deptCode=000&liCode=0000,https://data.gov.tw/dataset/7441,Hou Yu-ih–Jaw Shaw-kong,Kuomintang,5772,3976,32,4008,69.44,1162,0,first,,,Hou Yu-ih–Jaw Shaw-kong,Kuomintang,2124,Miaoli County,TW-10005140,official,Official CEC presidential result at township/district level. The map shows the local leader; Taiwan elects one president nationally. Remote uninhabited claimed-island geometry is omitted from the display.
"Xihu Township, Miaoli County",https://db.cec.gov.tw/ElecTable/Election/ElecTickets?dataType=tickets&typeId=ELC&subjectId=P0&legisId=00&themeId=4d83db17c1707e3defae5dc4d4e9c800&dataLevel=C&prvCode=00&cityCode=000&areaCode=00&deptCode=000&liCode=0000,https://data.gov.tw/dataset/7441,Hou Yu-ih–Jaw Shaw-kong,Kuomintang,5772,3976,32,4008,69.44,1162,0,first,,,Ko Wen-je–Cynthia Wu,Taiwan People's Party,962,Miaoli County,TW-10005140,official,Official CEC presidential result at township/district level. The map shows the local leader; Taiwan elects one president nationally. Remote uninhabited claimed-island geometry is omitted from the display.
"Xihu Township, Miaoli County",https://db.cec.gov.tw/ElecTable/Election/ElecTickets?dataType=tickets&typeId=ELC&subjectId=P0&legisId=00&themeId=4d83db17c1707e3defae5dc4d4e9c800&dataLevel=C&prvCode=00&cityCode=000&areaCode=00&deptCode=000&liCode=0000,https://data.gov.tw/dataset/7441,Hou Yu-ih–Jaw Shaw-kong,Kuomintang,5772,3976,32,4008,69.44,1162,0,first,,,Lai Ching-te–Hsiao Bi-khim,Democratic Progressive Party,890,Miaoli County,TW-10005140,official,Official CEC presidential result at township/district level. The map shows the local leader; Taiwan elects one president nationally. Remote uninhabited claimed-island geometry is omitted from the display.
"Zaoqiao Township, Miaoli County",https://db.cec.gov.tw/ElecTable/Election/ElecTickets?dataType=tickets&typeId=ELC&subjectId=P0&legisId=00&themeId=4d83db17c1707e3defae5dc4d4e9c800&dataLevel=C&prvCode=00&cityCode=000&areaCode=00&deptCode=000&liCode=0000,https://data.gov.tw/dataset/7441,Hou Yu-ih–Jaw Shaw-kong,Kuomintang,10259,7143,73,7216,70.34,1219,0,first,,,Hou Yu-ih–Jaw Shaw-kong,Kuomintang,3210,Miaoli County,TW-10005150,official,Official CEC presidential result at township/district level. The map shows the local leader; Taiwan elects one president nationally. Remote uninhabited claimed-island geometry is omitted from the display.
"Zaoqiao Township, Miaoli County",https://db.cec.gov.tw/ElecTable/Election/ElecTickets?dataType=tickets&typeId=ELC&subjectId=P0&legisId=00&themeId=4d83db17c1707e3defae5dc4d4e9c800&dataLevel=C&prvCode=00&cityCode=000&areaCode=00&deptCode=000&liCode=0000,https://data.gov.tw/dataset/7441,Hou Yu-ih–Jaw Shaw-kong,Kuomintang,10259,7143,73,7216,70.34,1219,0,first,,,Ko Wen-je–Cynthia Wu,Taiwan People's Party,1991,Miaoli County,TW-10005150,official,Official CEC presidential result at township/district level. The map shows the local leader; Taiwan elects one president nationally. Remote uninhabited claimed-island geometry is omitted from the display.
"Zaoqiao Township, Miaoli County",https://db.cec.gov.tw/ElecTable/Election/ElecTickets?dataType=tickets&typeId=ELC&subjectId=P0&legisId=00&themeId=4d83db17c1707e3defae5dc4d4e9c800&dataLevel=C&prvCode=00&cityCode=000&areaCode=00&deptCode=000&liCode=0000,https://data.gov.tw/dataset/7441,Hou Yu-ih–Jaw Shaw-kong,Kuomintang,10259,7143,73,7216,70.34,1219,0,first,,,Lai Ching-te–Hsiao Bi-khim,Democratic Progressive Party,1942,Miaoli County,TW-10005150,official,Official CEC presidential result at township/district level. The map shows the local leader; Taiwan elects one president nationally. Remote uninhabited claimed-island geometry is omitted from the display.
"Sanwan Township, Miaoli County",https://db.cec.gov.tw/ElecTable/Election/ElecTickets?dataType=tickets&typeId=ELC&subjectId=P0&legisId=00&themeId=4d83db17c1707e3defae5dc4d4e9c800&dataLevel=C&prvCode=00&cityCode=000&areaCode=00&deptCode=000&liCode=0000,https://data.gov.tw/dataset/7441,Hou Yu-ih–Jaw Shaw-kong,Kuomintang,5318,3829,31,3860,72.58,1017,0,first,,,Hou Yu-ih–Jaw Shaw-kong,Kuomintang,1955,Miaoli County,TW-10005160,official,Official CEC presidential result at township/district level. The map shows the local leader; Taiwan elects one president nationally. Remote uninhabited claimed-island geometry is omitted from the display.
"Sanwan Township, Miaoli County",https://db.cec.gov.tw/ElecTable/Election/ElecTickets?dataType=tickets&typeId=ELC&subjectId=P0&legisId=00&themeId=4d83db17c1707e3defae5dc4d4e9c800&dataLevel=C&prvCode=00&cityCode=000&areaCode=00&deptCode=000&liCode=0000,https://data.gov.tw/dataset/7441,Hou Yu-ih–Jaw Shaw-kong,Kuomintang,5318,3829,31,3860,72.58,1017,0,first,,,Ko Wen-je–Cynthia Wu,Taiwan People's Party,938,Miaoli County,TW-10005160,official,Official CEC presidential result at township/district level. The map shows the local leader; Taiwan elects one president nationally. Remote uninhabited claimed-island geometry is omitted from the display.
"Sanwan Township, Miaoli County",https://db.cec.gov.tw/ElecTable/Election/ElecTickets?dataType=tickets&typeId=ELC&subjectId=P0&legisId=00&themeId=4d83db17c1707e3defae5dc4d4e9c800&dataLevel=C&prvCode=00&cityCode=000&areaCode=00&deptCode=000&liCode=0000,https://data.gov.tw/dataset/7441,Hou Yu-ih–Jaw Shaw-kong,Kuomintang,5318,3829,31,3860,72.58,1017,0,first,,,Lai Ching-te–Hsiao Bi-khim,Democratic Progressive Party,936,Miaoli County,TW-10005160,official,Official CEC presidential result at township/district level. The map shows the local leader; Taiwan elects one president nationally. Remote uninhabited claimed-island geometry is omitted from the display.
"Shitan Township, Miaoli County",https://db.cec.gov.tw/ElecTable/Election/ElecTickets?dataType=tickets&typeId=ELC&subjectId=P0&legisId=00&themeId=4d83db17c1707e3defae5dc4d4e9c800&dataLevel=C&prvCode=00&cityCode=000&areaCode=00&deptCode=000&liCode=0000,https://data.gov.tw/dataset/7441,Hou Yu-ih–Jaw Shaw-kong,Kuomintang,3770,2608,25,2633,69.84,776,0,first,,,Hou Yu-ih–Jaw Shaw-kong,Kuomintang,1422,Miaoli County,TW-10005170,official,Official CEC presidential result at township/district level. The map shows the local leader; Taiwan elects one president nationally. Remote uninhabited claimed-island geometry is omitted from the display.
"Shitan Township, Miaoli County",https://db.cec.gov.tw/ElecTable/Election/ElecTickets?dataType=tickets&typeId=ELC&subjectId=P0&legisId=00&themeId=4d83db17c1707e3defae5dc4d4e9c800&dataLevel=C&prvCode=00&cityCode=000&areaCode=00&deptCode=000&liCode=0000,https://data.gov.tw/dataset/7441,Hou Yu-ih–Jaw Shaw-kong,Kuomintang,3770,2608,25,2633,69.84,776,0,first,,,Lai Ching-te–Hsiao Bi-khim,Democratic Progressive Party,646,Miaoli County,TW-10005170,official,Official CEC presidential result at township/district level. The map shows the local leader; Taiwan elects one president nationally. Remote uninhabited claimed-island geometry is omitted from the display.
"Shitan Township, Miaoli County",https://db.cec.gov.tw/ElecTable/Election/ElecTickets?dataType=tickets&typeId=ELC&subjectId=P0&legisId=00&themeId=4d83db17c1707e3defae5dc4d4e9c800&dataLevel=C&prvCode=00&cityCode=000&areaCode=00&deptCode=000&liCode=0000,https://data.gov.tw/dataset/7441,Hou Yu-ih–Jaw Shaw-kong,Kuomintang,3770,2608,25,2633,69.84,776,0,first,,,Ko Wen-je–Cynthia Wu,Taiwan People's Party,540,Miaoli County,TW-10005170,official,Official CEC presidential result at township/district level. The map shows the local leader; Taiwan elects one president nationally. Remote uninhabited claimed-island geometry is omitted from the display.
"Tai'an Township, Miaoli County",https://db.cec.gov.tw/ElecTable/Election/ElecTickets?dataType=tickets&typeId=ELC&subjectId=P0&legisId=00&themeId=4d83db17c1707e3defae5dc4d4e9c800&dataLevel=C&prvCode=00&cityCode=000&areaCode=00&deptCode=000&liCode=0000,https://data.gov.tw/dataset/7441,Hou Yu-ih–Jaw Shaw-kong,Kuomintang,4825,3330,28,3358,69.6,1427,0,first,,,Hou Yu-ih–Jaw Shaw-kong,Kuomintang,2142,Miaoli County,TW-10005180,official,Official CEC presidential result at township/district level. The map shows the local leader; Taiwan elects one president nationally. Remote uninhabited claimed-island geometry is omitted from the display.
"Tai'an Township, Miaoli County",https://db.cec.gov.tw/ElecTable/Election/ElecTickets?dataType=tickets&typeId=ELC&subjectId=P0&legisId=00&themeId=4d83db17c1707e3defae5dc4d4e9c800&dataLevel=C&prvCode=00&cityCode=000&areaCode=00&deptCode=000&liCode=0000,https://data.gov.tw/dataset/7441,Hou Yu-ih–Jaw Shaw-kong,Kuomintang,4825,3330,28,3358,69.6,1427,0,first,,,Ko Wen-je–Cynthia Wu,Taiwan People's Party,715,Miaoli County,TW-10005180,official,Official CEC presidential result at township/district level. The map shows the local leader; Taiwan elects one president nationally. Remote uninhabited claimed-island geometry is omitted from the display.
"Tai'an Township, Miaoli County",https://db.cec.gov.tw/ElecTable/Election/ElecTickets?dataType=tickets&typeId=ELC&subjectId=P0&legisId=00&themeId=4d83db17c1707e3defae5dc4d4e9c800&dataLevel=C&prvCode=00&cityCode=000&areaCode=00&deptCode=000&liCode=0000,https://data.gov.tw/dataset/7441,Hou Yu-ih–Jaw Shaw-kong,Kuomintang,4825,3330,28,3358,69.6,1427,0,first,,,Lai Ching-te–Hsiao Bi-khim,Democratic Progressive Party,473,Miaoli County,TW-10005180,official,Official CEC presidential result at township/district level. The map shows the local leader; Taiwan elects one president nationally. Remote uninhabited claimed-island geometry is omitted from the display.
"Changhua City, Changhua County",https://db.cec.gov.tw/ElecTable/Election/ElecTickets?dataType=tickets&typeId=ELC&subjectId=P0&legisId=00&themeId=4d83db17c1707e3defae5dc4d4e9c800&dataLevel=C&prvCode=00&cityCode=000&areaCode=00&deptCode=000&liCode=0000,https://data.gov.tw/dataset/7441,Lai Ching-te–Hsiao Bi-khim,Democratic Progressive Party,184849,136802,914,137716,74.5,4959,0,first,,,Lai Ching-te–Hsiao Bi-khim,Democratic Progressive Party,50658,Changhua County,TW-10007010,official,Official CEC presidential result at township/district level. The map shows the local leader; Taiwan elects one president nationally. Remote uninhabited claimed-island geometry is omitted from the display.
"Changhua City, Changhua County",https://db.cec.gov.tw/ElecTable/Election/ElecTickets?dataType=tickets&typeId=ELC&subjectId=P0&legisId=00&themeId=4d83db17c1707e3defae5dc4d4e9c800&dataLevel=C&prvCode=00&cityCode=000&areaCode=00&deptCode=000&liCode=0000,https://data.gov.tw/dataset/7441,Lai Ching-te–Hsiao Bi-khim,Democratic Progressive Party,184849,136802,914,137716,74.5,4959,0,first,,,Hou Yu-ih–Jaw Shaw-kong,Kuomintang,45699,Changhua County,TW-10007010,official,Official CEC presidential result at township/district level. The map shows the local leader; Taiwan elects one president nationally. Remote uninhabited claimed-island geometry is omitted from the display.
"Changhua City, Changhua County",https://db.cec.gov.tw/ElecTable/Election/ElecTickets?dataType=tickets&typeId=ELC&subjectId=P0&legisId=00&themeId=4d83db17c1707e3defae5dc4d4e9c800&dataLevel=C&prvCode=00&cityCode=000&areaCode=00&deptCode=000&liCode=0000,https://data.gov.tw/dataset/7441,Lai Ching-te–Hsiao Bi-khim,Democratic Progressive Party,184849,136802,914,137716,74.5,4959,0,first,,,Ko Wen-je–Cynthia Wu,Taiwan People's Party,40445,Changhua County,TW-10007010,official,Official CEC presidential result at township/district level. The map shows the local leader; Taiwan elects one president nationally. Remote uninhabited claimed-island geometry is omitted from the display.
"Lukang Township, Changhua County",https://db.cec.gov.tw/ElecTable/Election/ElecTickets?dataType=tickets&typeId=ELC&subjectId=P0&legisId=00&themeId=4d83db17c1707e3defae5dc4d4e9c800&dataLevel=C&prvCode=00&cityCode=000&areaCode=00&deptCode=000&liCode=0000,https://data.gov.tw/dataset/7441,Lai Ching-te–Hsiao Bi-khim,Democratic Progressive Party,68568,49492,492,49984,72.9,5801,0,first,,,Lai Ching-te–Hsiao Bi-khim,Democratic Progressive Party,20577,Changhua County,TW-10007020,official,Official CEC presidential result at township/district level. The map shows the local leader; Taiwan elects one president nationally. Remote uninhabited claimed-island geometry is omitted from the display.
"Lukang Township, Changhua County",https://db.cec.gov.tw/ElecTable/Election/ElecTickets?dataType=tickets&typeId=ELC&subjectId=P0&legisId=00&themeId=4d83db17c1707e3defae5dc4d4e9c800&dataLevel=C&prvCode=00&cityCode=000&areaCode=00&deptCode=000&liCode=0000,https://data.gov.tw/dataset/7441,Lai Ching-te–Hsiao Bi-khim,Democratic Progressive Party,68568,49492,492,49984,72.9,5801,0,first,,,Hou Yu-ih–Jaw Shaw-kong,Kuomintang,14776,Changhua County,TW-10007020,official,Official CEC presidential result at township/district level. The map shows the local leader; Taiwan elects one president nationally. Remote uninhabited claimed-island geometry is omitted from the display.
"Lukang Township, Changhua County",https://db.cec.gov.tw/ElecTable/Election/ElecTickets?dataType=tickets&typeId=ELC&subjectId=P0&legisId=00&themeId=4d83db17c1707e3defae5dc4d4e9c800&dataLevel=C&prvCode=00&cityCode=000&areaCode=00&deptCode=000&liCode=0000,https://data.gov.tw/dataset/7441,Lai Ching-te–Hsiao Bi-khim,Democratic Progressive Party,68568,49492,492,49984,72.9,5801,0,first,,,Ko Wen-je–Cynthia Wu,Taiwan People's Party,14139,Changhua County,TW-10007020,official,Official CEC presidential result at township/district level. The map shows the local leader; Taiwan elects one president nationally. Remote uninhabited claimed-island geometry is omitted from the display.
"Hemei Township, Changhua County",https://db.cec.gov.tw/ElecTable/Election/ElecTickets?dataType=tickets&typeId=ELC&subjectId=P0&legisId=00&themeId=4d83db17c1707e3defae5dc4d4e9c800&dataLevel=C&prvCode=00&cityCode=000&areaCode=00&deptCode=000&liCode=0000,https://data.gov.tw/dataset/7441,Lai Ching-te–Hsiao Bi-khim,Democratic Progressive Party,72952,53383,499,53882,73.86,2248,0,first,,,Lai Ching-te–Hsiao Bi-khim,Democratic Progressive Party,19424,Changhua County,TW-10007030,official,Official CEC presidential result at township/district level. The map shows the local leader; Taiwan elects one president nationally. Remote uninhabited claimed-island geometry is omitted from the display.
"Hemei Township, Changhua County",https://db.cec.gov.tw/ElecTable/Election/ElecTickets?dataType=tickets&typeId=ELC&subjectId=P0&legisId=00&themeId=4d83db17c1707e3defae5dc4d4e9c800&dataLevel=C&prvCode=00&cityCode=000&areaCode=00&deptCode=000&liCode=0000,https://data.gov.tw/dataset/7441,Lai Ching-te–Hsiao Bi-khim,Democratic Progressive Party,72952,53383,499,53882,73.86,2248,0,first,,,Hou Yu-ih–Jaw Shaw-kong,Kuomintang,17176,Changhua County,TW-10007030,official,Official CEC presidential result at township/district level. The map shows the local leader; Taiwan elects one president nationally. Remote uninhabited claimed-island geometry is omitted from the display.
"Hemei Township, Changhua County",https://db.cec.gov.tw/ElecTable/Election/ElecTickets?dataType=tickets&typeId=ELC&subjectId=P0&legisId=00&themeId=4d83db17c1707e3defae5dc4d4e9c800&dataLevel=C&prvCode=00&cityCode=000&areaCode=00&deptCode=000&liCode=0000,https://data.gov.tw/dataset/7441,Lai Ching-te–Hsiao Bi-khim,Democratic Progressive Party,72952,53383,499,53882,73.86,2248,0,first,,,Ko Wen-je–Cynthia Wu,Taiwan People's Party,16783,Changhua County,TW-10007030,official,Official CEC presidential result at township/district level. The map shows the local leader; Taiwan elects one president nationally. Remote uninhabited claimed-island geometry is omitted from the display.
"Xianxi Township, Changhua County",https://db.cec.gov.tw/ElecTable/Election/ElecTickets?dataType=tickets&typeId=ELC&subjectId=P0&legisId=00&themeId=4d83db17c1707e3defae5dc4d4e9c800&dataLevel=C&prvCode=00&cityCode=000&areaCode=00&deptCode=000&liCode=0000,https://data.gov.tw/dataset/7441,Hou Yu-ih–Jaw Shaw-kong,Kuomintang,13643,9771,106,9877,72.4,210,0,first,,,Hou Yu-ih–Jaw Shaw-kong,Kuomintang,3477,Changhua County,TW-10007040,official,Official CEC presidential result at township/district level. The map shows the local leader; Taiwan elects one president nationally. Remote uninhabited claimed-island geometry is omitted from the display.
"Xianxi Township, Changhua County",https://db.cec.gov.tw/ElecTable/Election/ElecTickets?dataType=tickets&typeId=ELC&subjectId=P0&legisId=00&themeId=4d83db17c1707e3defae5dc4d4e9c800&dataLevel=C&prvCode=00&cityCode=000&areaCode=00&deptCode=000&liCode=0000,https://data.gov.tw/dataset/7441,Hou Yu-ih–Jaw Shaw-kong,Kuomintang,13643,9771,106,9877,72.4,210,0,first,,,Ko Wen-je–Cynthia Wu,Taiwan People's Party,3267,Changhua County,TW-10007040,official,Official CEC presidential result at township/district level. The map shows the local leader; Taiwan elects one president nationally. Remote uninhabited claimed-island geometry is omitted from the display.
"Xianxi Township, Changhua County",https://db.cec.gov.tw/ElecTable/Election/ElecTickets?dataType=tickets&typeId=ELC&subjectId=P0&legisId=00&themeId=4d83db17c1707e3defae5dc4d4e9c800&dataLevel=C&prvCode=00&cityCode=000&areaCode=00&deptCode=000&liCode=0000,https://data.gov.tw/dataset/7441,Hou Yu-ih–Jaw Shaw-kong,Kuomintang,13643,9771,106,9877,72.4,210,0,first,,,Lai Ching-te–Hsiao Bi-khim,Democratic Progressive Party,3027,Changhua County,TW-10007040,official,Official CEC presidential result at township/district level. The map shows the local leader; Taiwan elects one president nationally. Remote uninhabited claimed-island geometry is omitted from the display.
"Shengang Township, Changhua County",https://db.cec.gov.tw/ElecTable/Election/ElecTickets?dataType=tickets&typeId=ELC&subjectId=P0&legisId=00&themeId=4d83db17c1707e3defae5dc4d4e9c800&dataLevel=C&prvCode=00&cityCode=000&areaCode=00&deptCode=000&liCode=0000,https://data.gov.tw/dataset/7441,Lai Ching-te–Hsiao Bi-khim,Democratic Progressive Party,31322,22377,199,22576,72.08,158,0,first,,,Lai Ching-te–Hsiao Bi-khim,Democratic Progressive Party,7612,Changhua County,TW-10007050,official,Official CEC presidential result at township/district level. The map shows the local leader; Taiwan elects one president nationally. Remote uninhabited claimed-island geometry is omitted from the display.
"Shengang Township, Changhua County",https://db.cec.gov.tw/ElecTable/Election/ElecTickets?dataType=tickets&typeId=ELC&subjectId=P0&legisId=00&themeId=4d83db17c1707e3defae5dc4d4e9c800&dataLevel=C&prvCode=00&cityCode=000&areaCode=00&deptCode=000&liCode=0000,https://data.gov.tw/dataset/7441,Lai Ching-te–Hsiao Bi-khim,Democratic Progressive Party,31322,22377,199,22576,72.08,158,0,first,,,Ko Wen-je–Cynthia Wu,Taiwan People's Party,7454,Changhua County,TW-10007050,official,Official CEC presidential result at township/district level. The map shows the local leader; Taiwan elects one president nationally. Remote uninhabited claimed-island geometry is omitted from the display.
"Shengang Township, Changhua County",https://db.cec.gov.tw/ElecTable/Election/ElecTickets?dataType=tickets&typeId=ELC&subjectId=P0&legisId=00&themeId=4d83db17c1707e3defae5dc4d4e9c800&dataLevel=C&prvCode=00&cityCode=000&areaCode=00&deptCode=000&liCode=0000,https://data.gov.tw/dataset/7441,Lai Ching-te–Hsiao Bi-khim,Democratic Progressive Party,31322,22377,199,22576,72.08,158,0,first,,,Hou Yu-ih–Jaw Shaw-kong,Kuomintang,7311,Changhua County,TW-10007050,official,Official CEC presidential result at township/district level. The map shows the local leader; Taiwan elects one president nationally. Remote uninhabited claimed-island geometry is omitted from the display.
"Fuxing Township, Changhua County",https://db.cec.gov.tw/ElecTable/Election/ElecTickets?dataType=tickets&typeId=ELC&subjectId=P0&legisId=00&themeId=4d83db17c1707e3defae5dc4d4e9c800&dataLevel=C&prvCode=00&cityCode=000&areaCode=00&deptCode=000&liCode=0000,https://data.gov.tw/dataset/7441,Lai Ching-te–Hsiao Bi-khim,Democratic Progressive Party,38174,26812,293,27105,71.0,3188,0,first,,,Lai Ching-te–Hsiao Bi-khim,Democratic Progressive Party,11128,Changhua County,TW-10007060,official,Official CEC presidential result at township/district level. The map shows the local leader; Taiwan elects one president nationally. Remote uninhabited claimed-island geometry is omitted from the display.
"Fuxing Township, Changhua County",https://db.cec.gov.tw/ElecTable/Election/ElecTickets?dataType=tickets&typeId=ELC&subjectId=P0&legisId=00&themeId=4d83db17c1707e3defae5dc4d4e9c800&dataLevel=C&prvCode=00&cityCode=000&areaCode=00&deptCode=000&liCode=0000,https://data.gov.tw/dataset/7441,Lai Ching-te–Hsiao Bi-khim,Democratic Progressive Party,38174,26812,293,27105,71.0,3188,0,first,,,Hou Yu-ih–Jaw Shaw-kong,Kuomintang,7940,Changhua County,TW-10007060,official,Official CEC presidential result at township/district level. The map shows the local leader; Taiwan elects one president nationally. Remote uninhabited claimed-island geometry is omitted from the display.
"Fuxing Township, Changhua County",https://db.cec.gov.tw/ElecTable/Election/ElecTickets?dataType=tickets&typeId=ELC&subjectId=P0&legisId=00&themeId=4d83db17c1707e3defae5dc4d4e9c800&dataLevel=C&prvCode=00&cityCode=000&areaCode=00&deptCode=000&liCode=0000,https://data.gov.tw/dataset/7441,Lai Ching-te–Hsiao Bi-khim,Democratic Progressive Party,38174,26812,293,27105,71.0,3188,0,first,,,Ko Wen-je–Cynthia Wu,Taiwan People's Party,7744,Changhua County,TW-10007060,official,Official CEC presidential result at township/district level. The map shows the local leader; Taiwan elects one president nationally. Remote uninhabited claimed-island geometry is omitted from the display.
"Xiushui Township, Changhua County",https://db.cec.gov.tw/ElecTable/Election/ElecTickets?dataType=tickets&typeId=ELC&subjectId=P0&legisId=00&themeId=4d83db17c1707e3defae5dc4d4e9c800&dataLevel=C&prvCode=00&cityCode=000&areaCode=00&deptCode=000&liCode=0000,https://data.gov.tw/dataset/7441,Lai Ching-te–Hsiao Bi-khim,Democratic Progressive Party,31611,23320,181,23501,74.34,1469,0,first,,,Lai Ching-te–Hsiao Bi-khim,Democratic Progressive Party,8864,Changhua County,TW-10007070,official,Official CEC presidential result at township/district level. The map shows the local leader; Taiwan elects one president nationally. Remote uninhabited claimed-island geometry is omitted from the display.
"Xiushui Township, Changhua County",https://db.cec.gov.tw/ElecTable/Election/ElecTickets?dataType=tickets&typeId=ELC&subjectId=P0&legisId=00&themeId=4d83db17c1707e3defae5dc4d4e9c800&dataLevel=C&prvCode=00&cityCode=000&areaCode=00&deptCode=000&liCode=0000,https://data.gov.tw/dataset/7441,Lai Ching-te–Hsiao Bi-khim,Democratic Progressive Party,31611,23320,181,23501,74.34,1469,0,first,,,Hou Yu-ih–Jaw Shaw-kong,Kuomintang,7395,Changhua County,TW-10007070,official,Official CEC presidential result at township/district level. The map shows the local leader; Taiwan elects one president nationally. Remote uninhabited claimed-island geometry is omitted from the display.
"Xiushui Township, Changhua County",https://db.cec.gov.tw/ElecTable/Election/ElecTickets?dataType=tickets&typeId=ELC&subjectId=P0&legisId=00&themeId=4d83db17c1707e3defae5dc4d4e9c800&dataLevel=C&prvCode=00&cityCode=000&areaCode=00&deptCode=000&liCode=0000,https://data.gov.tw/dataset/7441,Lai Ching-te–Hsiao Bi-khim,Democratic Progressive Party,31611,23320,181,23501,74.34,1469,0,first,,,Ko Wen-je–Cynthia Wu,Taiwan People's Party,7061,Changhua County,TW-10007070,official,Official CEC presidential result at township/district level. The map shows the local leader; Taiwan elects one president nationally. Remote uninhabited claimed-island geometry is omitted from the display.
"Huatan Township, Changhua County",https://db.cec.gov.tw/ElecTable/Election/ElecTickets?dataType=tickets&typeId=ELC&subjectId=P0&legisId=00&themeId=4d83db17c1707e3defae5dc4d4e9c800&dataLevel=C&prvCode=00&cityCode=000&areaCode=00&deptCode=000&liCode=0000,https://data.gov.tw/dataset/7441,Lai Ching-te–Hsiao Bi-khim,Democratic Progressive Party,37435,27243,231,27474,73.39,104,0,first,,,Lai Ching-te–Hsiao Bi-khim,Democratic Progressive Party,9555,Changhua County,TW-10007080,official,Official CEC presidential result at township/district level. The map shows the local leader; Taiwan elects one president nationally. Remote uninhabited claimed-island geometry is omitted from the display.
"Huatan Township, Changhua County",https://db.cec.gov.tw/ElecTable/Election/ElecTickets?dataType=tickets&typeId=ELC&subjectId=P0&legisId=00&themeId=4d83db17c1707e3defae5dc4d4e9c800&dataLevel=C&prvCode=00&cityCode=000&areaCode=00&deptCode=000&liCode=0000,https://data.gov.tw/dataset/7441,Lai Ching-te–Hsiao Bi-khim,Democratic Progressive Party,37435,27243,231,27474,73.39,104,0,first,,,Hou Yu-ih–Jaw Shaw-kong,Kuomintang,9451,Changhua County,TW-10007080,official,Official CEC presidential result at township/district level. The map shows the local leader; Taiwan elects one president nationally. Remote uninhabited claimed-island geometry is omitted from the display.
"Huatan Township, Changhua County",https://db.cec.gov.tw/ElecTable/Election/ElecTickets?dataType=tickets&typeId=ELC&subjectId=P0&legisId=00&themeId=4d83db17c1707e3defae5dc4d4e9c800&dataLevel=C&prvCode=00&cityCode=000&areaCode=00&deptCode=000&liCode=0000,https://data.gov.tw/dataset/7441,Lai Ching-te–Hsiao Bi-khim,Democratic Progressive Party,37435,27243,231,27474,73.39,104,0,first,,,Ko Wen-je–Cynthia Wu,Taiwan People's Party,8237,Changhua County,TW-10007080,official,Official CEC presidential result at township/district level. The map shows the local leader; Taiwan elects one president nationally. Remote uninhabited claimed-island geometry is omitted from the display.
"Fenyuan Township, Changhua County",https://db.cec.gov.tw/ElecTable/Election/ElecTickets?dataType=tickets&typeId=ELC&subjectId=P0&legisId=00&themeId=4d83db17c1707e3defae5dc4d4e9c800&dataLevel=C&prvCode=00&cityCode=000&areaCode=00&deptCode=000&liCode=0000,https://data.gov.tw/dataset/7441,Lai Ching-te–Hsiao Bi-khim,Democratic Progressive Party,19283,13731,118,13849,71.82,1442,0,first,,,Lai Ching-te–Hsiao Bi-khim,Democratic Progressive Party,5695,Changhua County,TW-10007090,official,Official CEC presidential result at township/district level. The map shows the local leader; Taiwan elects one president nationally. Remote uninhabited claimed-island geometry is omitted from the display.
"Fenyuan Township, Changhua County",https://db.cec.gov.tw/ElecTable/Election/ElecTickets?dataType=tickets&typeId=ELC&subjectId=P0&legisId=00&themeId=4d83db17c1707e3defae5dc4d4e9c800&dataLevel=C&prvCode=00&cityCode=000&areaCode=00&deptCode=000&liCode=0000,https://data.gov.tw/dataset/7441,Lai Ching-te–Hsiao Bi-khim,Democratic Progressive Party,19283,13731,118,13849,71.82,1442,0,first,,,Hou Yu-ih–Jaw Shaw-kong,Kuomintang,4253,Changhua County,TW-10007090,official,Official CEC presidential result at township/district level. The map shows the local leader; Taiwan elects one president nationally. Remote uninhabited claimed-island geometry is omitted from the display.
"Fenyuan Township, Changhua County",https://db.cec.gov.tw/ElecTable/Election/ElecTickets?dataType=tickets&typeId=ELC&subjectId=P0&legisId=00&themeId=4d83db17c1707e3defae5dc4d4e9c800&dataLevel=C&prvCode=00&cityCode=000&areaCode=00&deptCode=000&liCode=0000,https://data.gov.tw/dataset/7441,Lai Ching-te–Hsiao Bi-khim,Democratic Progressive Party,19283,13731,118,13849,71.82,1442,0,first,,,Ko Wen-je–Cynthia Wu,Taiwan People's Party,3783,Changhua County,TW-10007090,official,Official CEC presidential result at township/district level. The map shows the local leader; Taiwan elects one president nationally. Remote uninhabited claimed-island geometry is omitted from the display.
"Yuanlin City, Changhua County",https://db.cec.gov.tw/ElecTable/Election/ElecTickets?dataType=tickets&typeId=ELC&subjectId=P0&legisId=00&themeId=4d83db17c1707e3defae5dc4d4e9c800&dataLevel=C&prvCode=00&cityCode=000&areaCode=00&deptCode=000&liCode=0000,https://data.gov.tw/dataset/7441,Lai Ching-te–Hsiao Bi-khim,Democratic Progressive Party,99816,72970,531,73501,73.64,2631,0,first,,,Lai Ching-te–Hsiao Bi-khim,Democratic Progressive Party,27276,Changhua County,TW-10007100,official,Official CEC presidential result at township/district level. The map shows the local leader; Taiwan elects one president nationally. Remote uninhabited claimed-island geometry is omitted from the display.
"Yuanlin City, Changhua County",https://db.cec.gov.tw/ElecTable/Election/ElecTickets?dataType=tickets&typeId=ELC&subjectId=P0&legisId=00&themeId=4d83db17c1707e3defae5dc4d4e9c800&dataLevel=C&prvCode=00&cityCode=000&areaCode=00&deptCode=000&liCode=0000,https://data.gov.tw/dataset/7441,Lai Ching-te–Hsiao Bi-khim,Democratic Progressive Party,99816,72970,531,73501,73.64,2631,0,first,,,Hou Yu-ih–Jaw Shaw-kong,Kuomintang,24645,Changhua County,TW-10007100,official,Official CEC presidential result at township/district level. The map shows the local leader; Taiwan elects one president nationally. Remote uninhabited claimed-island geometry is omitted from the display.
"Yuanlin City, Changhua County",https://db.cec.gov.tw/ElecTable/Election/ElecTickets?dataType=tickets&typeId=ELC&subjectId=P0&legisId=00&themeId=4d83db17c1707e3defae5dc4d4e9c800&dataLevel=C&prvCode=00&cityCode=000&areaCode=00&deptCode=000&liCode=0000,https://data.gov.tw/dataset/7441,Lai Ching-te–Hsiao Bi-khim,Democratic Progressive Party,99816,72970,531,73501,73.64,2631,0,first,,,Ko Wen-je–Cynthia Wu,Taiwan People's Party,21049,Changhua County,TW-10007100,official,Official CEC presidential result at township/district level. The map shows the local leader; Taiwan elects one president nationally. Remote uninhabited claimed-island geometry is omitted from the display.
"Xihu Township, Changhua County",https://db.cec.gov.tw/ElecTable/Election/ElecTickets?dataType=tickets&typeId=ELC&subjectId=P0&legisId=00&themeId=4d83db17c1707e3defae5dc4d4e9c800&dataLevel=C&prvCode=00&cityCode=000&areaCode=00&deptCode=000&liCode=0000,https://data.gov.tw/dataset/7441,Lai Ching-te–Hsiao Bi-khim,Democratic Progressive Party,43476,31324,270,31594,72.67,684,0,first,,,Lai Ching-te–Hsiao Bi-khim,Democratic Progressive Party,11359,Changhua County,TW-10007110,official,Official CEC presidential result at township/district level. The map shows the local leader; Taiwan elects one president nationally. Remote uninhabited claimed-island geometry is omitted from the display.
"Xihu Township, Changhua County",https://db.cec.gov.tw/ElecTable/Election/ElecTickets?dataType=tickets&typeId=ELC&subjectId=P0&legisId=00&themeId=4d83db17c1707e3defae5dc4d4e9c800&dataLevel=C&prvCode=00&cityCode=000&areaCode=00&deptCode=000&liCode=0000,https://data.gov.tw/dataset/7441,Lai Ching-te–Hsiao Bi-khim,Democratic Progressive Party,43476,31324,270,31594,72.67,684,0,first,,,Hou Yu-ih–Jaw Shaw-kong,Kuomintang,10675,Changhua County,TW-10007110,official,Official CEC presidential result at township/district level. The map shows the local leader; Taiwan elects one president nationally. Remote uninhabited claimed-island geometry is omitted from the display.
"Xihu Township, Changhua County",https://db.cec.gov.tw/ElecTable/Election/ElecTickets?dataType=tickets&typeId=ELC&subjectId=P0&legisId=00&themeId=4d83db17c1707e3defae5dc4d4e9c800&dataLevel=C&prvCode=00&cityCode=000&areaCode=00&deptCode=000&liCode=0000,https://data.gov.tw/dataset/7441,Lai Ching-te–Hsiao Bi-khim,Democratic Progressive Party,43476,31324,270,31594,72.67,684,0,first,,,Ko Wen-je–Cynthia Wu,Taiwan People's Party,9290,Changhua County,TW-10007110,official,Official CEC presidential result at township/district level. The map shows the local leader; Taiwan elects one president nationally. Remote uninhabited claimed-island geometry is omitted from the display.
"Tianzhong Township, Changhua County",https://db.cec.gov.tw/ElecTable/Election/ElecTickets?dataType=tickets&typeId=ELC&subjectId=P0&legisId=00&themeId=4d83db17c1707e3defae5dc4d4e9c800&dataLevel=C&prvCode=00&cityCode=000&areaCode=00&deptCode=000&liCode=0000,https://data.gov.tw/dataset/7441,Lai Ching-te–Hsiao Bi-khim,Democratic Progressive Party,33643,23885,219,24104,71.65,806,0,first,,,Lai Ching-te–Hsiao Bi-khim,Democratic Progressive Party,9100,Changhua County,TW-10007120,official,Official CEC presidential result at township/district level. The map shows the local leader; Taiwan elects one president nationally. Remote uninhabited claimed-island geometry is omitted from the display.
"Tianzhong Township, Changhua County",https://db.cec.gov.tw/ElecTable/Election/ElecTickets?dataType=tickets&typeId=ELC&subjectId=P0&legisId=00&themeId=4d83db17c1707e3defae5dc4d4e9c800&dataLevel=C&prvCode=00&cityCode=000&areaCode=00&deptCode=000&liCode=0000,https://data.gov.tw/dataset/7441,Lai Ching-te–Hsiao Bi-khim,Democratic Progressive Party,33643,23885,219,24104,71.65,806,0,first,,,Hou Yu-ih–Jaw Shaw-kong,Kuomintang,8294,Changhua County,TW-10007120,official,Official CEC presidential result at township/district level. The map shows the local leader; Taiwan elects one president nationally. Remote uninhabited claimed-island geometry is omitted from the display.
"Tianzhong Township, Changhua County",https://db.cec.gov.tw/ElecTable/Election/ElecTickets?dataType=tickets&typeId=ELC&subjectId=P0&legisId=00&themeId=4d83db17c1707e3defae5dc4d4e9c800&dataLevel=C&prvCode=00&cityCode=000&areaCode=00&deptCode=000&liCode=0000,https://data.gov.tw/dataset/7441,Lai Ching-te–Hsiao Bi-khim,Democratic Progressive Party,33643,23885,219,24104,71.65,806,0,first,,,Ko Wen-je–Cynthia Wu,Taiwan People's Party,6491,Changhua County,TW-10007120,official,Official CEC presidential result at township/district level. The map shows the local leader; Taiwan elects one president nationally. Remote uninhabited claimed-island geometry is omitted from the display.
"Dacun Township, Changhua County",https://db.cec.gov.tw/ElecTable/Election/ElecTickets?dataType=tickets&typeId=ELC&subjectId=P0&legisId=00&themeId=4d83db17c1707e3defae5dc4d4e9c800&dataLevel=C&prvCode=00&cityCode=000&areaCode=00&deptCode=000&liCode=0000,https://data.gov.tw/dataset/7441,Lai Ching-te–Hsiao Bi-khim,Democratic Progressive Party,33476,24252,206,24458,73.06,1409,0,first,,,Lai Ching-te–Hsiao Bi-khim,Democratic Progressive Party,9025,Changhua County,TW-10007130,official,Official CEC presidential result at township/district level. The map shows the local leader; Taiwan elects one president nationally. Remote uninhabited claimed-island geometry is omitted from the display.
"Dacun Township, Changhua County",https://db.cec.gov.tw/ElecTable/Election/ElecTickets?dataType=tickets&typeId=ELC&subjectId=P0&legisId=00&themeId=4d83db17c1707e3defae5dc4d4e9c800&dataLevel=C&prvCode=00&cityCode=000&areaCode=00&deptCode=000&liCode=0000,https://data.gov.tw/dataset/7441,Lai Ching-te–Hsiao Bi-khim,Democratic Progressive Party,33476,24252,206,24458,73.06,1409,0,first,,,Hou Yu-ih–Jaw Shaw-kong,Kuomintang,7616,Changhua County,TW-10007130,official,Official CEC presidential result at township/district level. The map shows the local leader; Taiwan elects one president nationally. Remote uninhabited claimed-island geometry is omitted from the display.
"Dacun Township, Changhua County",https://db.cec.gov.tw/ElecTable/Election/ElecTickets?dataType=tickets&typeId=ELC&subjectId=P0&legisId=00&themeId=4d83db17c1707e3defae5dc4d4e9c800&dataLevel=C&prvCode=00&cityCode=000&areaCode=00&deptCode=000&liCode=0000,https://data.gov.tw/dataset/7441,Lai Ching-te–Hsiao Bi-khim,Democratic Progressive Party,33476,24252,206,24458,73.06,1409,0,first,,,Ko Wen-je–Cynthia Wu,Taiwan People's Party,7611,Changhua County,TW-10007130,official,Official CEC presidential result at township/district level. The map shows the local leader; Taiwan elects one president nationally. Remote uninhabited claimed-island geometry is omitted from the display.
"Puyan Township, Changhua County",https://db.cec.gov.tw/ElecTable/Election/ElecTickets?dataType=tickets&typeId=ELC&subjectId=P0&legisId=00&themeId=4d83db17c1707e3defae5dc4d4e9c800&dataLevel=C&prvCode=00&cityCode=000&areaCode=00&deptCode=000&liCode=0000,https://data.gov.tw/dataset/7441,Hou Yu-ih–Jaw Shaw-kong,Kuomintang,26835,19117,165,19282,71.85,971,0,first,,,Hou Yu-ih–Jaw Shaw-kong,Kuomintang,7335,Changhua County,TW-10007140,official,Official CEC presidential result at township/district level. The map shows the local leader; Taiwan elects one president nationally. Remote uninhabited claimed-island geometry is omitted from the display.
"Puyan Township, Changhua County",https://db.cec.gov.tw/ElecTable/Election/ElecTickets?dataType=tickets&typeId=ELC&subjectId=P0&legisId=00&themeId=4d83db17c1707e3defae5dc4d4e9c800&dataLevel=C&prvCode=00&cityCode=000&areaCode=00&deptCode=000&liCode=0000,https://data.gov.tw/dataset/7441,Hou Yu-ih–Jaw Shaw-kong,Kuomintang,26835,19117,165,19282,71.85,971,0,first,,,Lai Ching-te–Hsiao Bi-khim,Democratic Progressive Party,6364,Changhua County,TW-10007140,official,Official CEC presidential result at township/district level. The map shows the local leader; Taiwan elects one president nationally. Remote uninhabited claimed-island geometry is omitted from the display.
"Puyan Township, Changhua County",https://db.cec.gov.tw/ElecTable/Election/ElecTickets?dataType=tickets&typeId=ELC&subjectId=P0&legisId=00&themeId=4d83db17c1707e3defae5dc4d4e9c800&dataLevel=C&prvCode=00&cityCode=000&areaCode=00&deptCode=000&liCode=0000,https://data.gov.tw/dataset/7441,Hou Yu-ih–Jaw Shaw-kong,Kuomintang,26835,19117,165,19282,71.85,971,0,first,,,Ko Wen-je–Cynthia Wu,Taiwan People's Party,5418,Changhua County,TW-10007140,official,Official CEC presidential result at township/district level. The map shows the local leader; Taiwan elects one president nationally. Remote uninhabited claimed-island geometry is omitted from the display.
"Puxin Township, Changhua County",https://db.cec.gov.tw/ElecTable/Election/ElecTickets?dataType=tickets&typeId=ELC&subjectId=P0&legisId=00&themeId=4d83db17c1707e3defae5dc4d4e9c800&dataLevel=C&prvCode=00&cityCode=000&areaCode=00&deptCode=000&liCode=0000,https://data.gov.tw/dataset/7441,Lai Ching-te–Hsiao Bi-khim,Democratic Progressive Party,28854,21044,171,21215,73.53,1855,0,first,,,Lai Ching-te–Hsiao Bi-khim,Democratic Progressive Party,8340,Changhua County,TW-10007150,official,Official CEC presidential result at township/district level. The map shows the local leader; Taiwan elects one president nationally. Remote uninhabited claimed-island geometry is omitted from the display.
"Puxin Township, Changhua County",https://db.cec.gov.tw/ElecTable/Election/ElecTickets?dataType=tickets&typeId=ELC&subjectId=P0&legisId=00&themeId=4d83db17c1707e3defae5dc4d4e9c800&dataLevel=C&prvCode=00&cityCode=000&areaCode=00&deptCode=000&liCode=0000,https://data.gov.tw/dataset/7441,Lai Ching-te–Hsiao Bi-khim,Democratic Progressive Party,28854,21044,171,21215,73.53,1855,0,first,,,Hou Yu-ih–Jaw Shaw-kong,Kuomintang,6485,Changhua County,TW-10007150,official,Official CEC presidential result at township/district level. The map shows the local leader; Taiwan elects one president nationally. Remote uninhabited claimed-island geometry is omitted from the display.
"Puxin Township, Changhua County",https://db.cec.gov.tw/ElecTable/Election/ElecTickets?dataType=tickets&typeId=ELC&subjectId=P0&legisId=00&themeId=4d83db17c1707e3defae5dc4d4e9c800&dataLevel=C&prvCode=00&cityCode=000&areaCode=00&deptCode=000&liCode=0000,https://data.gov.tw/dataset/7441,Lai Ching-te–Hsiao Bi-khim,Democratic Progressive Party,28854,21044,171,21215,73.53,1855,0,first,,,Ko Wen-je–Cynthia Wu,Taiwan People's Party,6219,Changhua County,TW-10007150,official,Official CEC presidential result at township/district level. The map shows the local leader; Taiwan elects one president nationally. Remote uninhabited claimed-island geometry is omitted from the display.
"Yongjing Township, Changhua County",https://db.cec.gov.tw/ElecTable/Election/ElecTickets?dataType=tickets&typeId=ELC&subjectId=P0&legisId=00&themeId=4d83db17c1707e3defae5dc4d4e9c800&dataLevel=C&prvCode=00&cityCode=000&areaCode=00&deptCode=000&liCode=0000,https://data.gov.tw/dataset/7441,Lai Ching-te–Hsiao Bi-khim,Democratic Progressive Party,29738,21634,197,21831,73.41,1428,0,first,,,Lai Ching-te–Hsiao Bi-khim,Democratic Progressive Party,8485,Changhua County,TW-10007160,official,Official CEC presidential result at township/district level. The map shows the local leader; Taiwan elects one president nationally. Remote uninhabited claimed-island geometry is omitted from the display.
"Yongjing Township, Changhua County",https://db.cec.gov.tw/ElecTable/Election/ElecTickets?dataType=tickets&typeId=ELC&subjectId=P0&legisId=00&themeId=4d83db17c1707e3defae5dc4d4e9c800&dataLevel=C&prvCode=00&cityCode=000&areaCode=00&deptCode=000&liCode=0000,https://data.gov.tw/dataset/7441,Lai Ching-te–Hsiao Bi-khim,Democratic Progressive Party,29738,21634,197,21831,73.41,1428,0,first,,,Hou Yu-ih–Jaw Shaw-kong,Kuomintang,7057,Changhua County,TW-10007160,official,Official CEC presidential result at township/district level. The map shows the local leader; Taiwan elects one president nationally. Remote uninhabited claimed-island geometry is omitted from the display.
"Yongjing Township, Changhua County",https://db.cec.gov.tw/ElecTable/Election/ElecTickets?dataType=tickets&typeId=ELC&subjectId=P0&legisId=00&themeId=4d83db17c1707e3defae5dc4d4e9c800&dataLevel=C&prvCode=00&cityCode=000&areaCode=00&deptCode=000&liCode=0000,https://data.gov.tw/dataset/7441,Lai Ching-te–Hsiao Bi-khim,Democratic Progressive Party,29738,21634,197,21831,73.41,1428,0,first,,,Ko Wen-je–Cynthia Wu,Taiwan People's Party,6092,Changhua County,TW-10007160,official,Official CEC presidential result at township/district level. The map shows the local leader; Taiwan elects one president nationally. Remote uninhabited claimed-island geometry is omitted from the display.
"Shetou Township, Changhua County",https://db.cec.gov.tw/ElecTable/Election/ElecTickets?dataType=tickets&typeId=ELC&subjectId=P0&legisId=00&themeId=4d83db17c1707e3defae5dc4d4e9c800&dataLevel=C&prvCode=00&cityCode=000&areaCode=00&deptCode=000&liCode=0000,https://data.gov.tw/dataset/7441,Lai Ching-te–Hsiao Bi-khim,Democratic Progressive Party,35035,25284,229,25513,72.82,2396,0,first,,,Lai Ching-te–Hsiao Bi-khim,Democratic Progressive Party,10219,Changhua County,TW-10007170,official,Official CEC presidential result at township/district level. The map shows the local leader; Taiwan elects one president nationally. Remote uninhabited claimed-island geometry is omitted from the display.
"Shetou Township, Changhua County",https://db.cec.gov.tw/ElecTable/Election/ElecTickets?dataType=tickets&typeId=ELC&subjectId=P0&legisId=00&themeId=4d83db17c1707e3defae5dc4d4e9c800&dataLevel=C&prvCode=00&cityCode=000&areaCode=00&deptCode=000&liCode=0000,https://data.gov.tw/dataset/7441,Lai Ching-te–Hsiao Bi-khim,Democratic Progressive Party,35035,25284,229,25513,72.82,2396,0,first,,,Hou Yu-ih–Jaw Shaw-kong,Kuomintang,7823,Changhua County,TW-10007170,official,Official CEC presidential result at township/district level. The map shows the local leader; Taiwan elects one president nationally. Remote uninhabited claimed-island geometry is omitted from the display.
"Shetou Township, Changhua County",https://db.cec.gov.tw/ElecTable/Election/ElecTickets?dataType=tickets&typeId=ELC&subjectId=P0&legisId=00&themeId=4d83db17c1707e3defae5dc4d4e9c800&dataLevel=C&prvCode=00&cityCode=000&areaCode=00&deptCode=000&liCode=0000,https://data.gov.tw/dataset/7441,Lai Ching-te–Hsiao Bi-khim,Democratic Progressive Party,35035,25284,229,25513,72.82,2396,0,first,,,Ko Wen-je–Cynthia Wu,Taiwan People's Party,7242,Changhua County,TW-10007170,official,Official CEC presidential result at township/district level. The map shows the local leader; Taiwan elects one president nationally. Remote uninhabited claimed-island geometry is omitted from the display.
"Ershui Township, Changhua County",https://db.cec.gov.tw/ElecTable/Election/ElecTickets?dataType=tickets&typeId=ELC&subjectId=P0&legisId=00&themeId=4d83db17c1707e3defae5dc4d4e9c800&dataLevel=C&prvCode=00&cityCode=000&areaCode=00&deptCode=000&liCode=0000,https://data.gov.tw/dataset/7441,Lai Ching-te–Hsiao Bi-khim,Democratic Progressive Party,12293,8802,89,8891,72.33,666,0,first,,,Lai Ching-te–Hsiao Bi-khim,Democratic Progressive Party,3741,Changhua County,TW-10007180,official,Official CEC presidential result at township/district level. The map shows the local leader; Taiwan elects one president nationally. Remote uninhabited claimed-island geometry is omitted from the display.
"Ershui Township, Changhua County",https://db.cec.gov.tw/ElecTable/Election/ElecTickets?dataType=tickets&typeId=ELC&subjectId=P0&legisId=00&themeId=4d83db17c1707e3defae5dc4d4e9c800&dataLevel=C&prvCode=00&cityCode=000&areaCode=00&deptCode=000&liCode=0000,https://data.gov.tw/dataset/7441,Lai Ching-te–Hsiao Bi-khim,Democratic Progressive Party,12293,8802,89,8891,72.33,666,0,first,,,Hou Yu-ih–Jaw Shaw-kong,Kuomintang,3075,Changhua County,TW-10007180,official,Official CEC presidential result at township/district level. The map shows the local leader; Taiwan elects one president nationally. Remote uninhabited claimed-island geometry is omitted from the display.
"Ershui Township, Changhua County",https://db.cec.gov.tw/ElecTable/Election/ElecTickets?dataType=tickets&typeId=ELC&subjectId=P0&legisId=00&themeId=4d83db17c1707e3defae5dc4d4e9c800&dataLevel=C&prvCode=00&cityCode=000&areaCode=00&deptCode=000&liCode=0000,https://data.gov.tw/dataset/7441,Lai Ching-te–Hsiao Bi-khim,Democratic Progressive Party,12293,8802,89,8891,72.33,666,0,first,,,Ko Wen-je–Cynthia Wu,Taiwan People's Party,1986,Changhua County,TW-10007180,official,Official CEC presidential result at township/district level. The map shows the local leader; Taiwan elects one president nationally. Remote uninhabited claimed-island geometry is omitted from the display.
"Beidou Township, Changhua County",https://db.cec.gov.tw/ElecTable/Election/ElecTickets?dataType=tickets&typeId=ELC&subjectId=P0&legisId=00&themeId=4d83db17c1707e3defae5dc4d4e9c800&dataLevel=C&prvCode=00&cityCode=000&areaCode=00&deptCode=000&liCode=0000,https://data.gov.tw/dataset/7441,Lai Ching-te–Hsiao Bi-khim,Democratic Progressive Party,27261,19680,149,19829,72.74,1147,0,first,,,Lai Ching-te–Hsiao Bi-khim,Democratic Progressive Party,7642,Changhua County,TW-10007190,official,Official CEC presidential result at township/district level. The map shows the local leader; Taiwan elects one president nationally. Remote uninhabited claimed-island geometry is omitted from the display.
"Beidou Township, Changhua County",https://db.cec.gov.tw/ElecTable/Election/ElecTickets?dataType=tickets&typeId=ELC&subjectId=P0&legisId=00&themeId=4d83db17c1707e3defae5dc4d4e9c800&dataLevel=C&prvCode=00&cityCode=000&areaCode=00&deptCode=000&liCode=0000,https://data.gov.tw/dataset/7441,Lai Ching-te–Hsiao Bi-khim,Democratic Progressive Party,27261,19680,149,19829,72.74,1147,0,first,,,Hou Yu-ih–Jaw Shaw-kong,Kuomintang,6495,Changhua County,TW-10007190,official,Official CEC presidential result at township/district level. The map shows the local leader; Taiwan elects one president nationally. Remote uninhabited claimed-island geometry is omitted from the display.
"Beidou Township, Changhua County",https://db.cec.gov.tw/ElecTable/Election/ElecTickets?dataType=tickets&typeId=ELC&subjectId=P0&legisId=00&themeId=4d83db17c1707e3defae5dc4d4e9c800&dataLevel=C&prvCode=00&cityCode=000&areaCode=00&deptCode=000&liCode=0000,https://data.gov.tw/dataset/7441,Lai Ching-te–Hsiao Bi-khim,Democratic Progressive Party,27261,19680,149,19829,72.74,1147,0,first,,,Ko Wen-je–Cynthia Wu,Taiwan People's Party,5543,Changhua County,TW-10007190,official,Official CEC presidential result at township/district level. The map shows the local leader; Taiwan elects one president nationally. Remote uninhabited claimed-island geometry is omitted from the display.
"Erlin Township, Changhua County",https://db.cec.gov.tw/ElecTable/Election/ElecTickets?dataType=tickets&typeId=ELC&subjectId=P0&legisId=00&themeId=4d83db17c1707e3defae5dc4d4e9c800&dataLevel=C&prvCode=00&cityCode=000&areaCode=00&deptCode=000&liCode=0000,https://data.gov.tw/dataset/7441,Hou Yu-ih–Jaw Shaw-kong,Kuomintang,40838,27545,297,27842,68.18,472,0,first,,,Hou Yu-ih–Jaw Shaw-kong,Kuomintang,10384,Changhua County,TW-10007200,official,Official CEC presidential result at township/district level. The map shows the local leader; Taiwan elects one president nationally. Remote uninhabited claimed-island geometry is omitted from the display.
"Erlin Township, Changhua County",https://db.cec.gov.tw/ElecTable/Election/ElecTickets?dataType=tickets&typeId=ELC&subjectId=P0&legisId=00&themeId=4d83db17c1707e3defae5dc4d4e9c800&dataLevel=C&prvCode=00&cityCode=000&areaCode=00&deptCode=000&liCode=0000,https://data.gov.tw/dataset/7441,Hou Yu-ih–Jaw Shaw-kong,Kuomintang,40838,27545,297,27842,68.18,472,0,first,,,Lai Ching-te–Hsiao Bi-khim,Democratic Progressive Party,9912,Changhua County,TW-10007200,official,Official CEC presidential result at township/district level. The map shows the local leader; Taiwan elects one president nationally. Remote uninhabited claimed-island geometry is omitted from the display.
"Erlin Township, Changhua County",https://db.cec.gov.tw/ElecTable/Election/ElecTickets?dataType=tickets&typeId=ELC&subjectId=P0&legisId=00&themeId=4d83db17c1707e3defae5dc4d4e9c800&dataLevel=C&prvCode=00&cityCode=000&areaCode=00&deptCode=000&liCode=0000,https://data.gov.tw/dataset/7441,Hou Yu-ih–Jaw Shaw-kong,Kuomintang,40838,27545,297,27842,68.18,472,0,first,,,Ko Wen-je–Cynthia Wu,Taiwan People's Party,7249,Changhua County,TW-10007200,official,Official CEC presidential result at township/district level. The map shows the local leader; Taiwan elects one president nationally. Remote uninhabited claimed-island geometry is omitted from the display.
"Tianwei Township, Changhua County",https://db.cec.gov.tw/ElecTable/Election/ElecTickets?dataType=tickets&typeId=ELC&subjectId=P0&legisId=00&themeId=4d83db17c1707e3defae5dc4d4e9c800&dataLevel=C&prvCode=00&cityCode=000&areaCode=00&deptCode=000&liCode=0000,https://data.gov.tw/dataset/7441,Lai Ching-te–Hsiao Bi-khim,Democratic Progressive Party,22177,15896,137,16033,72.3,1078,0,first,,,Lai Ching-te–Hsiao Bi-khim,Democratic Progressive Party,6230,Changhua County,TW-10007210,official,Official CEC presidential result at township/district level. The map shows the local leader; Taiwan elects one president nationally. Remote uninhabited claimed-island geometry is omitted from the display.
"Tianwei Township, Changhua County",https://db.cec.gov.tw/ElecTable/Election/ElecTickets?dataType=tickets&typeId=ELC&subjectId=P0&legisId=00&themeId=4d83db17c1707e3defae5dc4d4e9c800&dataLevel=C&prvCode=00&cityCode=000&areaCode=00&deptCode=000&liCode=0000,https://data.gov.tw/dataset/7441,Lai Ching-te–Hsiao Bi-khim,Democratic Progressive Party,22177,15896,137,16033,72.3,1078,0,first,,,Hou Yu-ih–Jaw Shaw-kong,Kuomintang,5152,Changhua County,TW-10007210,official,Official CEC presidential result at township/district level. The map shows the local leader; Taiwan elects one president nationally. Remote uninhabited claimed-island geometry is omitted from the display.
"Tianwei Township, Changhua County",https://db.cec.gov.tw/ElecTable/Election/ElecTickets?dataType=tickets&typeId=ELC&subjectId=P0&legisId=00&themeId=4d83db17c1707e3defae5dc4d4e9c800&dataLevel=C&prvCode=00&cityCode=000&areaCode=00&deptCode=000&liCode=0000,https://data.gov.tw/dataset/7441,Lai Ching-te–Hsiao Bi-khim,Democratic Progressive Party,22177,15896,137,16033,72.3,1078,0,first,,,Ko Wen-je–Cynthia Wu,Taiwan People's Party,4514,Changhua County,TW-10007210,official,Official CEC presidential result at township/district level. The map shows the local leader; Taiwan elects one president nationally. Remote uninhabited claimed-island geometry is omitted from the display.
"Pitou Township, Changhua County",https://db.cec.gov.tw/ElecTable/Election/ElecTickets?dataType=tickets&typeId=ELC&subjectId=P0&legisId=00&themeId=4d83db17c1707e3defae5dc4d4e9c800&dataLevel=C&prvCode=00&cityCode=000&areaCode=00&deptCode=000&liCode=0000,https://data.gov.tw/dataset/7441,Lai Ching-te–Hsiao Bi-khim,Democratic Progressive Party,24498,16811,150,16961,69.23,1048,0,first,,,Lai Ching-te–Hsiao Bi-khim,Democratic Progressive Party,6556,Changhua County,TW-10007220,official,Official CEC presidential result at township/district level. The map shows the local leader; Taiwan elects one president nationally. Remote uninhabited claimed-island geometry is omitted from the display.
"Pitou Township, Changhua County",https://db.cec.gov.tw/ElecTable/Election/ElecTickets?dataType=tickets&typeId=ELC&subjectId=P0&legisId=00&themeId=4d83db17c1707e3defae5dc4d4e9c800&dataLevel=C&prvCode=00&cityCode=000&areaCode=00&deptCode=000&liCode=0000,https://data.gov.tw/dataset/7441,Lai Ching-te–Hsiao Bi-khim,Democratic Progressive Party,24498,16811,150,16961,69.23,1048,0,first,,,Hou Yu-ih–Jaw Shaw-kong,Kuomintang,5508,Changhua County,TW-10007220,official,Official CEC presidential result at township/district level. The map shows the local leader; Taiwan elects one president nationally. Remote uninhabited claimed-island geometry is omitted from the display.
"Pitou Township, Changhua County",https://db.cec.gov.tw/ElecTable/Election/ElecTickets?dataType=tickets&typeId=ELC&subjectId=P0&legisId=00&themeId=4d83db17c1707e3defae5dc4d4e9c800&dataLevel=C&prvCode=00&cityCode=000&areaCode=00&deptCode=000&liCode=0000,https://data.gov.tw/dataset/7441,Lai Ching-te–Hsiao Bi-khim,Democratic Progressive Party,24498,16811,150,16961,69.23,1048,0,first,,,Ko Wen-je–Cynthia Wu,Taiwan People's Party,4747,Changhua County,TW-10007220,official,Official CEC presidential result at township/district level. The map shows the local leader; Taiwan elects one president nationally. Remote uninhabited claimed-island geometry is omitted from the display.
"Fangyuan Township, Changhua County",https://db.cec.gov.tw/ElecTable/Election/ElecTickets?dataType=tickets&typeId=ELC&subjectId=P0&legisId=00&themeId=4d83db17c1707e3defae5dc4d4e9c800&dataLevel=C&prvCode=00&cityCode=000&areaCode=00&deptCode=000&liCode=0000,https://data.gov.tw/dataset/7441,Lai Ching-te–Hsiao Bi-khim,Democratic Progressive Party,27237,17307,188,17495,64.23,1849,0,first,,,Lai Ching-te–Hsiao Bi-khim,Democratic Progressive Party,7498,Changhua County,TW-10007230,official,Official CEC presidential result at township/district level. The map shows the local leader; Taiwan elects one president nationally. Remote uninhabited claimed-island geometry is omitted from the display.
"Fangyuan Township, Changhua County",https://db.cec.gov.tw/ElecTable/Election/ElecTickets?dataType=tickets&typeId=ELC&subjectId=P0&legisId=00&themeId=4d83db17c1707e3defae5dc4d4e9c800&dataLevel=C&prvCode=00&cityCode=000&areaCode=00&deptCode=000&liCode=0000,https://data.gov.tw/dataset/7441,Lai Ching-te–Hsiao Bi-khim,Democratic Progressive Party,27237,17307,188,17495,64.23,1849,0,first,,,Hou Yu-ih–Jaw Shaw-kong,Kuomintang,5649,Changhua County,TW-10007230,official,Official CEC presidential result at township/district level. The map shows the local leader; Taiwan elects one president nationally. Remote uninhabited claimed-island geometry is omitted from the display.
"Fangyuan Township, Changhua County",https://db.cec.gov.tw/ElecTable/Election/ElecTickets?dataType=tickets&typeId=ELC&subjectId=P0&legisId=00&themeId=4d83db17c1707e3defae5dc4d4e9c800&dataLevel=C&prvCode=00&cityCode=000&areaCode=00&deptCode=000&liCode=0000,https://data.gov.tw/dataset/7441,Lai Ching-te–Hsiao Bi-khim,Democratic Progressive Party,27237,17307,188,17495,64.23,1849,0,first,,,Ko Wen-je–Cynthia Wu,Taiwan People's Party,4160,Changhua County,TW-10007230,official,Official CEC presidential result at township/district level. The map shows the local leader; Taiwan elects one president nationally. Remote uninhabited claimed-island geometry is omitted from the display.
"Dacheng Township, Changhua County",https://db.cec.gov.tw/ElecTable/Election/ElecTickets?dataType=tickets&typeId=ELC&subjectId=P0&legisId=00&themeId=4d83db17c1707e3defae5dc4d4e9c800&dataLevel=C&prvCode=00&cityCode=000&areaCode=00&deptCode=000&liCode=0000,https://data.gov.tw/dataset/7441,Hou Yu-ih–Jaw Shaw-kong,Kuomintang,13359,7943,97,8040,60.18,63,0,first,,,Hou Yu-ih–Jaw Shaw-kong,Kuomintang,3064,Changhua County,TW-10007240,official,Official CEC presidential result at township/district level. The map shows the local leader; Taiwan elects one president nationally. Remote uninhabited claimed-island geometry is omitted from the display.
"Dacheng Township, Changhua County",https://db.cec.gov.tw/ElecTable/Election/ElecTickets?dataType=tickets&typeId=ELC&subjectId=P0&legisId=00&themeId=4d83db17c1707e3defae5dc4d4e9c800&dataLevel=C&prvCode=00&cityCode=000&areaCode=00&deptCode=000&liCode=0000,https://data.gov.tw/dataset/7441,Hou Yu-ih–Jaw Shaw-kong,Kuomintang,13359,7943,97,8040,60.18,63,0,first,,,Lai Ching-te–Hsiao Bi-khim,Democratic Progressive Party,3001,Changhua County,TW-10007240,official,Official CEC presidential result at township/district level. The map shows the local leader; Taiwan elects one president nationally. Remote uninhabited claimed-island geometry is omitted from the display.
"Dacheng Township, Changhua County",https://db.cec.gov.tw/ElecTable/Election/ElecTickets?dataType=tickets&typeId=ELC&subjectId=P0&legisId=00&themeId=4d83db17c1707e3defae5dc4d4e9c800&dataLevel=C&prvCode=00&cityCode=000&areaCode=00&deptCode=000&liCode=0000,https://data.gov.tw/dataset/7441,Hou Yu-ih–Jaw Shaw-kong,Kuomintang,13359,7943,97,8040,60.18,63,0,first,,,Ko Wen-je–Cynthia Wu,Taiwan People's Party,1878,Changhua County,TW-10007240,official,Official CEC presidential result at township/district level. The map shows the local leader; Taiwan elects one president nationally. Remote uninhabited claimed-island geometry is omitted from the display.
"Zhutang Township, Changhua County",https://db.cec.gov.tw/ElecTable/Election/ElecTickets?dataType=tickets&typeId=ELC&subjectId=P0&legisId=00&themeId=4d83db17c1707e3defae5dc4d4e9c800&dataLevel=C&prvCode=00&cityCode=000&areaCode=00&deptCode=000&liCode=0000,https://data.gov.tw/dataset/7441,Lai Ching-te–Hsiao Bi-khim,Democratic Progressive Party,11982,7992,74,8066,67.32,1075,0,first,,,Lai Ching-te–Hsiao Bi-khim,Democratic Progressive Party,3551,Changhua County,TW-10007250,official,Official CEC presidential result at township/district level. The map shows the local leader; Taiwan elects one president nationally. Remote uninhabited claimed-island geometry is omitted from the display.
"Zhutang Township, Changhua County",https://db.cec.gov.tw/ElecTable/Election/ElecTickets?dataType=tickets&typeId=ELC&subjectId=P0&legisId=00&themeId=4d83db17c1707e3defae5dc4d4e9c800&dataLevel=C&prvCode=00&cityCode=000&areaCode=00&deptCode=000&liCode=0000,https://data.gov.tw/dataset/7441,Lai Ching-te–Hsiao Bi-khim,Democratic Progressive Party,11982,7992,74,8066,67.32,1075,0,first,,,Hou Yu-ih–Jaw Shaw-kong,Kuomintang,2476,Changhua County,TW-10007250,official,Official CEC presidential result at township/district level. The map shows the local leader; Taiwan elects one president nationally. Remote uninhabited claimed-island geometry is omitted from the display.
"Zhutang Township, Changhua County",https://db.cec.gov.tw/ElecTable/Election/ElecTickets?dataType=tickets&typeId=ELC&subjectId=P0&legisId=00&themeId=4d83db17c1707e3defae5dc4d4e9c800&dataLevel=C&prvCode=00&cityCode=000&areaCode=00&deptCode=000&liCode=0000,https://data.gov.tw/dataset/7441,Lai Ching-te–Hsiao Bi-khim,Democratic Progressive Party,11982,7992,74,8066,67.32,1075,0,first,,,Ko Wen-je–Cynthia Wu,Taiwan People's Party,1965,Changhua County,TW-10007250,official,Official CEC presidential result at township/district level. The map shows the local leader; Taiwan elects one president nationally. Remote uninhabited claimed-island geometry is omitted from the display.
"Xizhou Township, Changhua County",https://db.cec.gov.tw/ElecTable/Election/ElecTickets?dataType=tickets&typeId=ELC&subjectId=P0&legisId=00&themeId=4d83db17c1707e3defae5dc4d4e9c800&dataLevel=C&prvCode=00&cityCode=000&areaCode=00&deptCode=000&liCode=0000,https://data.gov.tw/dataset/7441,Lai Ching-te–Hsiao Bi-khim,Democratic Progressive Party,24281,16951,187,17138,70.58,2746,0,first,,,Lai Ching-te–Hsiao Bi-khim,Democratic Progressive Party,7675,Changhua County,TW-10007260,official,Official CEC presidential result at township/district level. The map shows the local leader; Taiwan elects one president nationally. Remote uninhabited claimed-island geometry is omitted from the display.
"Xizhou Township, Changhua County",https://db.cec.gov.tw/ElecTable/Election/ElecTickets?dataType=tickets&typeId=ELC&subjectId=P0&legisId=00&themeId=4d83db17c1707e3defae5dc4d4e9c800&dataLevel=C&prvCode=00&cityCode=000&areaCode=00&deptCode=000&liCode=0000,https://data.gov.tw/dataset/7441,Lai Ching-te–Hsiao Bi-khim,Democratic Progressive Party,24281,16951,187,17138,70.58,2746,0,first,,,Hou Yu-ih–Jaw Shaw-kong,Kuomintang,4929,Changhua County,TW-10007260,official,Official CEC presidential result at township/district level. The map shows the local leader; Taiwan elects one president nationally. Remote uninhabited claimed-island geometry is omitted from the display.
"Xizhou Township, Changhua County",https://db.cec.gov.tw/ElecTable/Election/ElecTickets?dataType=tickets&typeId=ELC&subjectId=P0&legisId=00&themeId=4d83db17c1707e3defae5dc4d4e9c800&dataLevel=C&prvCode=00&cityCode=000&areaCode=00&deptCode=000&liCode=0000,https://data.gov.tw/dataset/7441,Lai Ching-te–Hsiao Bi-khim,Democratic Progressive Party,24281,16951,187,17138,70.58,2746,0,first,,,Ko Wen-je–Cynthia Wu,Taiwan People's Party,4347,Changhua County,TW-10007260,official,Official CEC presidential result at township/district level. The map shows the local leader; Taiwan elects one president nationally. Remote uninhabited claimed-island geometry is omitted from the display.
"Nantou City, Nantou County",https://db.cec.gov.tw/ElecTable/Election/ElecTickets?dataType=tickets&typeId=ELC&subjectId=P0&legisId=00&themeId=4d83db17c1707e3defae5dc4d4e9c800&dataLevel=C&prvCode=00&cityCode=000&areaCode=00&deptCode=000&liCode=0000,https://data.gov.tw/dataset/7441,Hou Yu-ih–Jaw Shaw-kong,Kuomintang,81302,59468,381,59849,73.61,1634,0,first,,,Hou Yu-ih–Jaw Shaw-kong,Kuomintang,22512,Nantou County,TW-10008010,official,Official CEC presidential result at township/district level. The map shows the local leader; Taiwan elects one president nationally. Remote uninhabited claimed-island geometry is omitted from the display.
"Nantou City, Nantou County",https://db.cec.gov.tw/ElecTable/Election/ElecTickets?dataType=tickets&typeId=ELC&subjectId=P0&legisId=00&themeId=4d83db17c1707e3defae5dc4d4e9c800&dataLevel=C&prvCode=00&cityCode=000&areaCode=00&deptCode=000&liCode=0000,https://data.gov.tw/dataset/7441,Hou Yu-ih–Jaw Shaw-kong,Kuomintang,81302,59468,381,59849,73.61,1634,0,first,,,Lai Ching-te–Hsiao Bi-khim,Democratic Progressive Party,20878,Nantou County,TW-10008010,official,Official CEC presidential result at township/district level. The map shows the local leader; Taiwan elects one president nationally. Remote uninhabited claimed-island geometry is omitted from the display.
"Nantou City, Nantou County",https://db.cec.gov.tw/ElecTable/Election/ElecTickets?dataType=tickets&typeId=ELC&subjectId=P0&legisId=00&themeId=4d83db17c1707e3defae5dc4d4e9c800&dataLevel=C&prvCode=00&cityCode=000&areaCode=00&deptCode=000&liCode=0000,https://data.gov.tw/dataset/7441,Hou Yu-ih–Jaw Shaw-kong,Kuomintang,81302,59468,381,59849,73.61,1634,0,first,,,Ko Wen-je–Cynthia Wu,Taiwan People's Party,16078,Nantou County,TW-10008010,official,Official CEC presidential result at township/district level. The map shows the local leader; Taiwan elects one president nationally. Remote uninhabited claimed-island geometry is omitted from the display.
"Puli Township, Nantou County",https://db.cec.gov.tw/ElecTable/Election/ElecTickets?dataType=tickets&typeId=ELC&subjectId=P0&legisId=00&themeId=4d83db17c1707e3defae5dc4d4e9c800&dataLevel=C&prvCode=00&cityCode=000&areaCode=00&deptCode=000&liCode=0000,https://data.gov.tw/dataset/7441,Hou Yu-ih–Jaw Shaw-kong,Kuomintang,65541,45313,353,45666,69.68,2773,0,first,,,Hou Yu-ih–Jaw Shaw-kong,Kuomintang,18078,Nantou County,TW-10008020,official,Official CEC presidential result at township/district level. The map shows the local leader; Taiwan elects one president nationally. Remote uninhabited claimed-island geometry is omitted from the display.
"Puli Township, Nantou County",https://db.cec.gov.tw/ElecTable/Election/ElecTickets?dataType=tickets&typeId=ELC&subjectId=P0&legisId=00&themeId=4d83db17c1707e3defae5dc4d4e9c800&dataLevel=C&prvCode=00&cityCode=000&areaCode=00&deptCode=000&liCode=0000,https://data.gov.tw/dataset/7441,Hou Yu-ih–Jaw Shaw-kong,Kuomintang,65541,45313,353,45666,69.68,2773,0,first,,,Lai Ching-te–Hsiao Bi-khim,Democratic Progressive Party,15305,Nantou County,TW-10008020,official,Official CEC presidential result at township/district level. The map shows the local leader; Taiwan elects one president nationally. Remote uninhabited claimed-island geometry is omitted from the display.
"Puli Township, Nantou County",https://db.cec.gov.tw/ElecTable/Election/ElecTickets?dataType=tickets&typeId=ELC&subjectId=P0&legisId=00&themeId=4d83db17c1707e3defae5dc4d4e9c800&dataLevel=C&prvCode=00&cityCode=000&areaCode=00&deptCode=000&liCode=0000,https://data.gov.tw/dataset/7441,Hou Yu-ih–Jaw Shaw-kong,Kuomintang,65541,45313,353,45666,69.68,2773,0,first,,,Ko Wen-je–Cynthia Wu,Taiwan People's Party,11930,Nantou County,TW-10008020,official,Official CEC presidential result at township/district level. The map shows the local leader; Taiwan elects one president nationally. Remote uninhabited claimed-island geometry is omitted from the display.
"Caotun Township, Nantou County",https://db.cec.gov.tw/ElecTable/Election/ElecTickets?dataType=tickets&typeId=ELC&subjectId=P0&legisId=00&themeId=4d83db17c1707e3defae5dc4d4e9c800&dataLevel=C&prvCode=00&cityCode=000&areaCode=00&deptCode=000&liCode=0000,https://data.gov.tw/dataset/7441,Lai Ching-te–Hsiao Bi-khim,Democratic Progressive Party,81756,59939,444,60383,73.86,821,0,first,,,Lai Ching-te–Hsiao Bi-khim,Democratic Progressive Party,21818,Nantou County,TW-10008030,official,Official CEC presidential result at township/district level. The map shows the local leader; Taiwan elects one president nationally. Remote uninhabited claimed-island geometry is omitted from the display.
"Caotun Township, Nantou County",https://db.cec.gov.tw/ElecTable/Election/ElecTickets?dataType=tickets&typeId=ELC&subjectId=P0&legisId=00&themeId=4d83db17c1707e3defae5dc4d4e9c800&dataLevel=C&prvCode=00&cityCode=000&areaCode=00&deptCode=000&liCode=0000,https://data.gov.tw/dataset/7441,Lai Ching-te–Hsiao Bi-khim,Democratic Progressive Party,81756,59939,444,60383,73.86,821,0,first,,,Hou Yu-ih–Jaw Shaw-kong,Kuomintang,20997,Nantou County,TW-10008030,official,Official CEC presidential result at township/district level. The map shows the local leader; Taiwan elects one president nationally. Remote uninhabited claimed-island geometry is omitted from the display.
"Caotun Township, Nantou County",https://db.cec.gov.tw/ElecTable/Election/ElecTickets?dataType=tickets&typeId=ELC&subjectId=P0&legisId=00&themeId=4d83db17c1707e3defae5dc4d4e9c800&dataLevel=C&prvCode=00&cityCode=000&areaCode=00&deptCode=000&liCode=0000,https://data.gov.tw/dataset/7441,Lai Ching-te–Hsiao Bi-khim,Democratic Progressive Party,81756,59939,444,60383,73.86,821,0,first,,,Ko Wen-je–Cynthia Wu,Taiwan People's Party,17124,Nantou County,TW-10008030,official,Official CEC presidential result at township/district level. The map shows the local leader; Taiwan elects one president nationally. Remote uninhabited claimed-island geometry is omitted from the display.
"Zhushan Township, Nantou County",https://db.cec.gov.tw/ElecTable/Election/ElecTickets?dataType=tickets&typeId=ELC&subjectId=P0&legisId=00&themeId=4d83db17c1707e3defae5dc4d4e9c800&dataLevel=C&prvCode=00&cityCode=000&areaCode=00&deptCode=000&liCode=0000,https://data.gov.tw/dataset/7441,Lai Ching-te–Hsiao Bi-khim,Democratic Progressive Party,44351,31331,275,31606,71.26,1740,0,first,,,Lai Ching-te–Hsiao Bi-khim,Democratic Progressive Party,12631,Nantou County,TW-10008040,official,Official CEC presidential result at township/district level. The map shows the local leader; Taiwan elects one president nationally. Remote uninhabited claimed-island geometry is omitted from the display.
"Zhushan Township, Nantou County",https://db.cec.gov.tw/ElecTable/Election/ElecTickets?dataType=tickets&typeId=ELC&subjectId=P0&legisId=00&themeId=4d83db17c1707e3defae5dc4d4e9c800&dataLevel=C&prvCode=00&cityCode=000&areaCode=00&deptCode=000&liCode=0000,https://data.gov.tw/dataset/7441,Lai Ching-te–Hsiao Bi-khim,Democratic Progressive Party,44351,31331,275,31606,71.26,1740,0,first,,,Hou Yu-ih–Jaw Shaw-kong,Kuomintang,10891,Nantou County,TW-10008040,official,Official CEC presidential result at township/district level. The map shows the local leader; Taiwan elects one president nationally. Remote uninhabited claimed-island geometry is omitted from the display.
"Zhushan Township, Nantou County",https://db.cec.gov.tw/ElecTable/Election/ElecTickets?dataType=tickets&typeId=ELC&subjectId=P0&legisId=00&themeId=4d83db17c1707e3defae5dc4d4e9c800&dataLevel=C&prvCode=00&cityCode=000&areaCode=00&deptCode=000&liCode=0000,https://data.gov.tw/dataset/7441,Lai Ching-te–Hsiao Bi-khim,Democratic Progressive Party,44351,31331,275,31606,71.26,1740,0,first,,,Ko Wen-je–Cynthia Wu,Taiwan People's Party,7809,Nantou County,TW-10008040,official,Official CEC presidential result at township/district level. The map shows the local leader; Taiwan elects one president nationally. Remote uninhabited claimed-island geometry is omitted from the display.
"Jiji Township, Nantou County",https://db.cec.gov.tw/ElecTable/Election/ElecTickets?dataType=tickets&typeId=ELC&subjectId=P0&legisId=00&themeId=4d83db17c1707e3defae5dc4d4e9c800&dataLevel=C&prvCode=00&cityCode=000&areaCode=00&deptCode=000&liCode=0000,https://data.gov.tw/dataset/7441,Hou Yu-ih–Jaw Shaw-kong,Kuomintang,8813,6212,50,6262,71.05,96,0,first,,,Hou Yu-ih–Jaw Shaw-kong,Kuomintang,2368,Nantou County,TW-10008050,official,Official CEC presidential result at township/district level. The map shows the local leader; Taiwan elects one president nationally. Remote uninhabited claimed-island geometry is omitted from the display.
"Jiji Township, Nantou County",https://db.cec.gov.tw/ElecTable/Election/ElecTickets?dataType=tickets&typeId=ELC&subjectId=P0&legisId=00&themeId=4d83db17c1707e3defae5dc4d4e9c800&dataLevel=C&prvCode=00&cityCode=000&areaCode=00&deptCode=000&liCode=0000,https://data.gov.tw/dataset/7441,Hou Yu-ih–Jaw Shaw-kong,Kuomintang,8813,6212,50,6262,71.05,96,0,first,,,Lai Ching-te–Hsiao Bi-khim,Democratic Progressive Party,2272,Nantou County,TW-10008050,official,Official CEC presidential result at township/district level. The map shows the local leader; Taiwan elects one president nationally. Remote uninhabited claimed-island geometry is omitted from the display.
"Jiji Township, Nantou County",https://db.cec.gov.tw/ElecTable/Election/ElecTickets?dataType=tickets&typeId=ELC&subjectId=P0&legisId=00&themeId=4d83db17c1707e3defae5dc4d4e9c800&dataLevel=C&prvCode=00&cityCode=000&areaCode=00&deptCode=000&liCode=0000,https://data.gov.tw/dataset/7441,Hou Yu-ih–Jaw Shaw-kong,Kuomintang,8813,6212,50,6262,71.05,96,0,first,,,Ko Wen-je–Cynthia Wu,Taiwan People's Party,1572,Nantou County,TW-10008050,official,Official CEC presidential result at township/district level. The map shows the local leader; Taiwan elects one president nationally. Remote uninhabited claimed-island geometry is omitted from the display.
"Mingjian Township, Nantou County",https://db.cec.gov.tw/ElecTable/Election/ElecTickets?dataType=tickets&typeId=ELC&subjectId=P0&legisId=00&themeId=4d83db17c1707e3defae5dc4d4e9c800&dataLevel=C&prvCode=00&cityCode=000&areaCode=00&deptCode=000&liCode=0000,https://data.gov.tw/dataset/7441,Lai Ching-te–Hsiao Bi-khim,Democratic Progressive Party,31386,22442,170,22612,72.04,3033,0,first,,,Lai Ching-te–Hsiao Bi-khim,Democratic Progressive Party,9914,Nantou County,TW-10008060,official,Official CEC presidential result at township/district level. The map shows the local leader; Taiwan elects one president nationally. Remote uninhabited claimed-island geometry is omitted from the display.
"Mingjian Township, Nantou County",https://db.cec.gov.tw/ElecTable/Election/ElecTickets?dataType=tickets&typeId=ELC&subjectId=P0&legisId=00&themeId=4d83db17c1707e3defae5dc4d4e9c800&dataLevel=C&prvCode=00&cityCode=000&areaCode=00&deptCode=000&liCode=0000,https://data.gov.tw/dataset/7441,Lai Ching-te–Hsiao Bi-khim,Democratic Progressive Party,31386,22442,170,22612,72.04,3033,0,first,,,Hou Yu-ih–Jaw Shaw-kong,Kuomintang,6881,Nantou County,TW-10008060,official,Official CEC presidential result at township/district level. The map shows the local leader; Taiwan elects one president nationally. Remote uninhabited claimed-island geometry is omitted from the display.
"Mingjian Township, Nantou County",https://db.cec.gov.tw/ElecTable/Election/ElecTickets?dataType=tickets&typeId=ELC&subjectId=P0&legisId=00&themeId=4d83db17c1707e3defae5dc4d4e9c800&dataLevel=C&prvCode=00&cityCode=000&areaCode=00&deptCode=000&liCode=0000,https://data.gov.tw/dataset/7441,Lai Ching-te–Hsiao Bi-khim,Democratic Progressive Party,31386,22442,170,22612,72.04,3033,0,first,,,Ko Wen-je–Cynthia Wu,Taiwan People's Party,5647,Nantou County,TW-10008060,official,Official CEC presidential result at township/district level. The map shows the local leader; Taiwan elects one president nationally. Remote uninhabited claimed-island geometry is omitted from the display.
"Lugu Township, Nantou County",https://db.cec.gov.tw/ElecTable/Election/ElecTickets?dataType=tickets&typeId=ELC&subjectId=P0&legisId=00&themeId=4d83db17c1707e3defae5dc4d4e9c800&dataLevel=C&prvCode=00&cityCode=000&areaCode=00&deptCode=000&liCode=0000,https://data.gov.tw/dataset/7441,Hou Yu-ih–Jaw Shaw-kong,Kuomintang,14639,10335,83,10418,71.17,310,0,first,,,Hou Yu-ih–Jaw Shaw-kong,Kuomintang,4199,Nantou County,TW-10008070,official,Official CEC presidential result at township/district level. The map shows the local leader; Taiwan elects one president nationally. Remote uninhabited claimed-island geometry is omitted from the display.
"Lugu Township, Nantou County",https://db.cec.gov.tw/ElecTable/Election/ElecTickets?dataType=tickets&typeId=ELC&subjectId=P0&legisId=00&themeId=4d83db17c1707e3defae5dc4d4e9c800&dataLevel=C&prvCode=00&cityCode=000&areaCode=00&deptCode=000&liCode=0000,https://data.gov.tw/dataset/7441,Hou Yu-ih–Jaw Shaw-kong,Kuomintang,14639,10335,83,10418,71.17,310,0,first,,,Lai Ching-te–Hsiao Bi-khim,Democratic Progressive Party,3889,Nantou County,TW-10008070,official,Official CEC presidential result at township/district level. The map shows the local leader; Taiwan elects one president nationally. Remote uninhabited claimed-island geometry is omitted from the display.
"Lugu Township, Nantou County",https://db.cec.gov.tw/ElecTable/Election/ElecTickets?dataType=tickets&typeId=ELC&subjectId=P0&legisId=00&themeId=4d83db17c1707e3defae5dc4d4e9c800&dataLevel=C&prvCode=00&cityCode=000&areaCode=00&deptCode=000&liCode=0000,https://data.gov.tw/dataset/7441,Hou Yu-ih–Jaw Shaw-kong,Kuomintang,14639,10335,83,10418,71.17,310,0,first,,,Ko Wen-je–Cynthia Wu,Taiwan People's Party,2247,Nantou County,TW-10008070,official,Official CEC presidential result at township/district level. The map shows the local leader; Taiwan elects one president nationally. Remote uninhabited claimed-island geometry is omitted from the display.
"Zhongliao Township, Nantou County",https://db.cec.gov.tw/ElecTable/Election/ElecTickets?dataType=tickets&typeId=ELC&subjectId=P0&legisId=00&themeId=4d83db17c1707e3defae5dc4d4e9c800&dataLevel=C&prvCode=00&cityCode=000&areaCode=00&deptCode=000&liCode=0000,https://data.gov.tw/dataset/7441,Lai Ching-te–Hsiao Bi-khim,Democratic Progressive Party,12208,8392,82,8474,69.41,173,0,first,,,Lai Ching-te–Hsiao Bi-khim,Democratic Progressive Party,3300,Nantou County,TW-10008080,official,Official CEC presidential result at township/district level. The map shows the local leader; Taiwan elects one president nationally. Remote uninhabited claimed-island geometry is omitted from the display.
"Zhongliao Township, Nantou County",https://db.cec.gov.tw/ElecTable/Election/ElecTickets?dataType=tickets&typeId=ELC&subjectId=P0&legisId=00&themeId=4d83db17c1707e3defae5dc4d4e9c800&dataLevel=C&prvCode=00&cityCode=000&areaCode=00&deptCode=000&liCode=0000,https://data.gov.tw/dataset/7441,Lai Ching-te–Hsiao Bi-khim,Democratic Progressive Party,12208,8392,82,8474,69.41,173,0,first,,,Hou Yu-ih–Jaw Shaw-kong,Kuomintang,3127,Nantou County,TW-10008080,official,Official CEC presidential result at township/district level. The map shows the local leader; Taiwan elects one president nationally. Remote uninhabited claimed-island geometry is omitted from the display.
"Zhongliao Township, Nantou County",https://db.cec.gov.tw/ElecTable/Election/ElecTickets?dataType=tickets&typeId=ELC&subjectId=P0&legisId=00&themeId=4d83db17c1707e3defae5dc4d4e9c800&dataLevel=C&prvCode=00&cityCode=000&areaCode=00&deptCode=000&liCode=0000,https://data.gov.tw/dataset/7441,Lai Ching-te–Hsiao Bi-khim,Democratic Progressive Party,12208,8392,82,8474,69.41,173,0,first,,,Ko Wen-je–Cynthia Wu,Taiwan People's Party,1965,Nantou County,TW-10008080,official,Official CEC presidential result at township/district level. The map shows the local leader; Taiwan elects one president nationally. Remote uninhabited claimed-island geometry is omitted from the display.
"Yuchi Township, Nantou County",https://db.cec.gov.tw/ElecTable/Election/ElecTickets?dataType=tickets&typeId=ELC&subjectId=P0&legisId=00&themeId=4d83db17c1707e3defae5dc4d4e9c800&dataLevel=C&prvCode=00&cityCode=000&areaCode=00&deptCode=000&liCode=0000,https://data.gov.tw/dataset/7441,Lai Ching-te–Hsiao Bi-khim,Democratic Progressive Party,13020,8552,78,8630,66.28,26,0,first,,,Lai Ching-te–Hsiao Bi-khim,Democratic Progressive Party,3280,Nantou County,TW-10008090,official,Official CEC presidential result at township/district level. The map shows the local leader; Taiwan elects one president nationally. Remote uninhabited claimed-island geometry is omitted from the display.
"Yuchi Township, Nantou County",https://db.cec.gov.tw/ElecTable/Election/ElecTickets?dataType=tickets&typeId=ELC&subjectId=P0&legisId=00&themeId=4d83db17c1707e3defae5dc4d4e9c800&dataLevel=C&prvCode=00&cityCode=000&areaCode=00&deptCode=000&liCode=0000,https://data.gov.tw/dataset/7441,Lai Ching-te–Hsiao Bi-khim,Democratic Progressive Party,13020,8552,78,8630,66.28,26,0,first,,,Hou Yu-ih–Jaw Shaw-kong,Kuomintang,3254,Nantou County,TW-10008090,official,Official CEC presidential result at township/district level. The map shows the local leader; Taiwan elects one president nationally. Remote uninhabited claimed-island geometry is omitted from the display.
"Yuchi Township, Nantou County",https://db.cec.gov.tw/ElecTable/Election/ElecTickets?dataType=tickets&typeId=ELC&subjectId=P0&legisId=00&themeId=4d83db17c1707e3defae5dc4d4e9c800&dataLevel=C&prvCode=00&cityCode=000&areaCode=00&deptCode=000&liCode=0000,https://data.gov.tw/dataset/7441,Lai Ching-te–Hsiao Bi-khim,Democratic Progressive Party,13020,8552,78,8630,66.28,26,0,first,,,Ko Wen-je–Cynthia Wu,Taiwan People's Party,2018,Nantou County,TW-10008090,official,Official CEC presidential result at township/district level. The map shows the local leader; Taiwan elects one president nationally. Remote uninhabited claimed-island geometry is omitted from the display.
"Guoxing Township, Nantou County",https://db.cec.gov.tw/ElecTable/Election/ElecTickets?dataType=tickets&typeId=ELC&subjectId=P0&legisId=00&themeId=4d83db17c1707e3defae5dc4d4e9c800&dataLevel=C&prvCode=00&cityCode=000&areaCode=00&deptCode=000&liCode=0000,https://data.gov.tw/dataset/7441,Hou Yu-ih–Jaw Shaw-kong,Kuomintang,15202,10049,95,10144,66.73,853,0,first,,,Hou Yu-ih–Jaw Shaw-kong,Kuomintang,4260,Nantou County,TW-10008100,official,Official CEC presidential result at township/district level. The map shows the local leader; Taiwan elects one president nationally. Remote uninhabited claimed-island geometry is omitted from the display.
"Guoxing Township, Nantou County",https://db.cec.gov.tw/ElecTable/Election/ElecTickets?dataType=tickets&typeId=ELC&subjectId=P0&legisId=00&themeId=4d83db17c1707e3defae5dc4d4e9c800&dataLevel=C&prvCode=00&cityCode=000&areaCode=00&deptCode=000&liCode=0000,https://data.gov.tw/dataset/7441,Hou Yu-ih–Jaw Shaw-kong,Kuomintang,15202,10049,95,10144,66.73,853,0,first,,,Lai Ching-te–Hsiao Bi-khim,Democratic Progressive Party,3407,Nantou County,TW-10008100,official,Official CEC presidential result at township/district level. The map shows the local leader; Taiwan elects one president nationally. Remote uninhabited claimed-island geometry is omitted from the display.
"Guoxing Township, Nantou County",https://db.cec.gov.tw/ElecTable/Election/ElecTickets?dataType=tickets&typeId=ELC&subjectId=P0&legisId=00&themeId=4d83db17c1707e3defae5dc4d4e9c800&dataLevel=C&prvCode=00&cityCode=000&areaCode=00&deptCode=000&liCode=0000,https://data.gov.tw/dataset/7441,Hou Yu-ih–Jaw Shaw-kong,Kuomintang,15202,10049,95,10144,66.73,853,0,first,,,Ko Wen-je–Cynthia Wu,Taiwan People's Party,2382,Nantou County,TW-10008100,official,Official CEC presidential result at township/district level. The map shows the local leader; Taiwan elects one president nationally. Remote uninhabited claimed-island geometry is omitted from the display.
"Shuili Township, Nantou County",https://db.cec.gov.tw/ElecTable/Election/ElecTickets?dataType=tickets&typeId=ELC&subjectId=P0&legisId=00&themeId=4d83db17c1707e3defae5dc4d4e9c800&dataLevel=C&prvCode=00&cityCode=000&areaCode=00&deptCode=000&liCode=0000,https://data.gov.tw/dataset/7441,Hou Yu-ih–Jaw Shaw-kong,Kuomintang,14233,9556,80,9636,67.7,265,0,first,,,Hou Yu-ih–Jaw Shaw-kong,Kuomintang,3823,Nantou County,TW-10008110,official,Official CEC presidential result at township/district level. The map shows the local leader; Taiwan elects one president nationally. Remote uninhabited claimed-island geometry is omitted from the display.
"Shuili Township, Nantou County",https://db.cec.gov.tw/ElecTable/Election/ElecTickets?dataType=tickets&typeId=ELC&subjectId=P0&legisId=00&themeId=4d83db17c1707e3defae5dc4d4e9c800&dataLevel=C&prvCode=00&cityCode=000&areaCode=00&deptCode=000&liCode=0000,https://data.gov.tw/dataset/7441,Hou Yu-ih–Jaw Shaw-kong,Kuomintang,14233,9556,80,9636,67.7,265,0,first,,,Lai Ching-te–Hsiao Bi-khim,Democratic Progressive Party,3558,Nantou County,TW-10008110,official,Official CEC presidential result at township/district level. The map shows the local leader; Taiwan elects one president nationally. Remote uninhabited claimed-island geometry is omitted from the display.
"Shuili Township, Nantou County",https://db.cec.gov.tw/ElecTable/Election/ElecTickets?dataType=tickets&typeId=ELC&subjectId=P0&legisId=00&themeId=4d83db17c1707e3defae5dc4d4e9c800&dataLevel=C&prvCode=00&cityCode=000&areaCode=00&deptCode=000&liCode=0000,https://data.gov.tw/dataset/7441,Hou Yu-ih–Jaw Shaw-kong,Kuomintang,14233,9556,80,9636,67.7,265,0,first,,,Ko Wen-je–Cynthia Wu,Taiwan People's Party,2175,Nantou County,TW-10008110,official,Official CEC presidential result at township/district level. The map shows the local leader; Taiwan elects one president nationally. Remote uninhabited claimed-island geometry is omitted from the display.
"Xinyi Township, Nantou County",https://db.cec.gov.tw/ElecTable/Election/ElecTickets?dataType=tickets&typeId=ELC&subjectId=P0&legisId=00&themeId=4d83db17c1707e3defae5dc4d4e9c800&dataLevel=C&prvCode=00&cityCode=000&areaCode=00&deptCode=000&liCode=0000,https://data.gov.tw/dataset/7441,Hou Yu-ih–Jaw Shaw-kong,Kuomintang,12488,8039,66,8105,64.9,1999,0,first,,,Hou Yu-ih–Jaw Shaw-kong,Kuomintang,4017,Nantou County,TW-10008120,official,Official CEC presidential result at township/district level. The map shows the local leader; Taiwan elects one president nationally. Remote uninhabited claimed-island geometry is omitted from the display.
"Xinyi Township, Nantou County",https://db.cec.gov.tw/ElecTable/Election/ElecTickets?dataType=tickets&typeId=ELC&subjectId=P0&legisId=00&themeId=4d83db17c1707e3defae5dc4d4e9c800&dataLevel=C&prvCode=00&cityCode=000&areaCode=00&deptCode=000&liCode=0000,https://data.gov.tw/dataset/7441,Hou Yu-ih–Jaw Shaw-kong,Kuomintang,12488,8039,66,8105,64.9,1999,0,first,,,Lai Ching-te–Hsiao Bi-khim,Democratic Progressive Party,2018,Nantou County,TW-10008120,official,Official CEC presidential result at township/district level. The map shows the local leader; Taiwan elects one president nationally. Remote uninhabited claimed-island geometry is omitted from the display.
"Xinyi Township, Nantou County",https://db.cec.gov.tw/ElecTable/Election/ElecTickets?dataType=tickets&typeId=ELC&subjectId=P0&legisId=00&themeId=4d83db17c1707e3defae5dc4d4e9c800&dataLevel=C&prvCode=00&cityCode=000&areaCode=00&deptCode=000&liCode=0000,https://data.gov.tw/dataset/7441,Hou Yu-ih–Jaw Shaw-kong,Kuomintang,12488,8039,66,8105,64.9,1999,0,first,,,Ko Wen-je–Cynthia Wu,Taiwan People's Party,2004,Nantou County,TW-10008120,official,Official CEC presidential result at township/district level. The map shows the local leader; Taiwan elects one president nationally. Remote uninhabited claimed-island geometry is omitted from the display.
"Ren'ai Township, Nantou County",https://db.cec.gov.tw/ElecTable/Election/ElecTickets?dataType=tickets&typeId=ELC&subjectId=P0&legisId=00&themeId=4d83db17c1707e3defae5dc4d4e9c800&dataLevel=C&prvCode=00&cityCode=000&areaCode=00&deptCode=000&liCode=0000,https://data.gov.tw/dataset/7441,Hou Yu-ih–Jaw Shaw-kong,Kuomintang,12210,7668,61,7729,63.3,2853,0,first,,,Hou Yu-ih–Jaw Shaw-kong,Kuomintang,4756,Nantou County,TW-10008130,official,Official CEC presidential result at township/district level. The map shows the local leader; Taiwan elects one president nationally. Remote uninhabited claimed-island geometry is omitted from the display.
"Ren'ai Township, Nantou County",https://db.cec.gov.tw/ElecTable/Election/ElecTickets?dataType=tickets&typeId=ELC&subjectId=P0&legisId=00&themeId=4d83db17c1707e3defae5dc4d4e9c800&dataLevel=C&prvCode=00&cityCode=000&areaCode=00&deptCode=000&liCode=0000,https://data.gov.tw/dataset/7441,Hou Yu-ih–Jaw Shaw-kong,Kuomintang,12210,7668,61,7729,63.3,2853,0,first,,,Ko Wen-je–Cynthia Wu,Taiwan People's Party,1903,Nantou County,TW-10008130,official,Official CEC presidential result at township/district level. The map shows the local leader; Taiwan elects one president nationally. Remote uninhabited claimed-island geometry is omitted from the display.
"Ren'ai Township, Nantou County",https://db.cec.gov.tw/ElecTable/Election/ElecTickets?dataType=tickets&typeId=ELC&subjectId=P0&legisId=00&themeId=4d83db17c1707e3defae5dc4d4e9c800&dataLevel=C&prvCode=00&cityCode=000&areaCode=00&deptCode=000&liCode=0000,https://data.gov.tw/dataset/7441,Hou Yu-ih–Jaw Shaw-kong,Kuomintang,12210,7668,61,7729,63.3,2853,0,first,,,Lai Ching-te–Hsiao Bi-khim,Democratic Progressive Party,1009,Nantou County,TW-10008130,official,Official CEC presidential result at township/district level. The map shows the local leader; Taiwan elects one president nationally. Remote uninhabited claimed-island geometry is omitted from the display.
"Douliu City, Yunlin County",https://db.cec.gov.tw/ElecTable/Election/ElecTickets?dataType=tickets&typeId=ELC&subjectId=P0&legisId=00&themeId=4d83db17c1707e3defae5dc4d4e9c800&dataLevel=C&prvCode=00&cityCode=000&areaCode=00&deptCode=000&liCode=0000,https://data.gov.tw/dataset/7441,Lai Ching-te–Hsiao Bi-khim,Democratic Progressive Party,88718,64236,446,64682,72.91,3076,0,first,,,Lai Ching-te–Hsiao Bi-khim,Democratic Progressive Party,24581,Yunlin County,TW-10009010,official,Official CEC presidential result at township/district level. The map shows the local leader; Taiwan elects one president nationally. Remote uninhabited claimed-island geometry is omitted from the display.
"Douliu City, Yunlin County",https://db.cec.gov.tw/ElecTable/Election/ElecTickets?dataType=tickets&typeId=ELC&subjectId=P0&legisId=00&themeId=4d83db17c1707e3defae5dc4d4e9c800&dataLevel=C&prvCode=00&cityCode=000&areaCode=00&deptCode=000&liCode=0000,https://data.gov.tw/dataset/7441,Lai Ching-te–Hsiao Bi-khim,Democratic Progressive Party,88718,64236,446,64682,72.91,3076,0,first,,,Hou Yu-ih–Jaw Shaw-kong,Kuomintang,21505,Yunlin County,TW-10009010,official,Official CEC presidential result at township/district level. The map shows the local leader; Taiwan elects one president nationally. Remote uninhabited claimed-island geometry is omitted from the display.
"Douliu City, Yunlin County",https://db.cec.gov.tw/ElecTable/Election/ElecTickets?dataType=tickets&typeId=ELC&subjectId=P0&legisId=00&themeId=4d83db17c1707e3defae5dc4d4e9c800&dataLevel=C&prvCode=00&cityCode=000&areaCode=00&deptCode=000&liCode=0000,https://data.gov.tw/dataset/7441,Lai Ching-te–Hsiao Bi-khim,Democratic Progressive Party,88718,64236,446,64682,72.91,3076,0,first,,,Ko Wen-je–Cynthia Wu,Taiwan People's Party,18150,Yunlin County,TW-10009010,official,Official CEC presidential result at township/district level. The map shows the local leader; Taiwan elects one president nationally. Remote uninhabited claimed-island geometry is omitted from the display.
"Dounan Township, Yunlin County",https://db.cec.gov.tw/ElecTable/Election/ElecTickets?dataType=tickets&typeId=ELC&subjectId=P0&legisId=00&themeId=4d83db17c1707e3defae5dc4d4e9c800&dataLevel=C&prvCode=00&cityCode=000&areaCode=00&deptCode=000&liCode=0000,https://data.gov.tw/dataset/7441,Lai Ching-te–Hsiao Bi-khim,Democratic Progressive Party,36791,26348,212,26560,72.19,3472,0,first,,,Lai Ching-te–Hsiao Bi-khim,Democratic Progressive Party,11479,Yunlin County,TW-10009020,official,Official CEC presidential result at township/district level. The map shows the local leader; Taiwan elects one president nationally. Remote uninhabited claimed-island geometry is omitted from the display.
"Dounan Township, Yunlin County",https://db.cec.gov.tw/ElecTable/Election/ElecTickets?dataType=tickets&typeId=ELC&subjectId=P0&legisId=00&themeId=4d83db17c1707e3defae5dc4d4e9c800&dataLevel=C&prvCode=00&cityCode=000&areaCode=00&deptCode=000&liCode=0000,https://data.gov.tw/dataset/7441,Lai Ching-te–Hsiao Bi-khim,Democratic Progressive Party,36791,26348,212,26560,72.19,3472,0,first,,,Hou Yu-ih–Jaw Shaw-kong,Kuomintang,8007,Yunlin County,TW-10009020,official,Official CEC presidential result at township/district level. The map shows the local leader; Taiwan elects one president nationally. Remote uninhabited claimed-island geometry is omitted from the display.
"Dounan Township, Yunlin County",https://db.cec.gov.tw/ElecTable/Election/ElecTickets?dataType=tickets&typeId=ELC&subjectId=P0&legisId=00&themeId=4d83db17c1707e3defae5dc4d4e9c800&dataLevel=C&prvCode=00&cityCode=000&areaCode=00&deptCode=000&liCode=0000,https://data.gov.tw/dataset/7441,Lai Ching-te–Hsiao Bi-khim,Democratic Progressive Party,36791,26348,212,26560,72.19,3472,0,first,,,Ko Wen-je–Cynthia Wu,Taiwan People's Party,6862,Yunlin County,TW-10009020,official,Official CEC presidential result at township/district level. The map shows the local leader; Taiwan elects one president nationally. Remote uninhabited claimed-island geometry is omitted from the display.
"Huwei Township, Yunlin County",https://db.cec.gov.tw/ElecTable/Election/ElecTickets?dataType=tickets&typeId=ELC&subjectId=P0&legisId=00&themeId=4d83db17c1707e3defae5dc4d4e9c800&dataLevel=C&prvCode=00&cityCode=000&areaCode=00&deptCode=000&liCode=0000,https://data.gov.tw/dataset/7441,Lai Ching-te–Hsiao Bi-khim,Democratic Progressive Party,57398,41642,364,42006,73.18,2854,0,first,,,Lai Ching-te–Hsiao Bi-khim,Democratic Progressive Party,16327,Yunlin County,TW-10009030,official,Official CEC presidential result at township/district level. The map shows the local leader; Taiwan elects one president nationally. Remote uninhabited claimed-island geometry is omitted from the display.
"Huwei Township, Yunlin County",https://db.cec.gov.tw/ElecTable/Election/ElecTickets?dataType=tickets&typeId=ELC&subjectId=P0&legisId=00&themeId=4d83db17c1707e3defae5dc4d4e9c800&dataLevel=C&prvCode=00&cityCode=000&areaCode=00&deptCode=000&liCode=0000,https://data.gov.tw/dataset/7441,Lai Ching-te–Hsiao Bi-khim,Democratic Progressive Party,57398,41642,364,42006,73.18,2854,0,first,,,Hou Yu-ih–Jaw Shaw-kong,Kuomintang,13473,Yunlin County,TW-10009030,official,Official CEC presidential result at township/district level. The map shows the local leader; Taiwan elects one president nationally. Remote uninhabited claimed-island geometry is omitted from the display.
"Huwei Township, Yunlin County",https://db.cec.gov.tw/ElecTable/Election/ElecTickets?dataType=tickets&typeId=ELC&subjectId=P0&legisId=00&themeId=4d83db17c1707e3defae5dc4d4e9c800&dataLevel=C&prvCode=00&cityCode=000&areaCode=00&deptCode=000&liCode=0000,https://data.gov.tw/dataset/7441,Lai Ching-te–Hsiao Bi-khim,Democratic Progressive Party,57398,41642,364,42006,73.18,2854,0,first,,,Ko Wen-je–Cynthia Wu,Taiwan People's Party,11842,Yunlin County,TW-10009030,official,Official CEC presidential result at township/district level. The map shows the local leader; Taiwan elects one president nationally. Remote uninhabited claimed-island geometry is omitted from the display.
"Xiluo Township, Yunlin County",https://db.cec.gov.tw/ElecTable/Election/ElecTickets?dataType=tickets&typeId=ELC&subjectId=P0&legisId=00&themeId=4d83db17c1707e3defae5dc4d4e9c800&dataLevel=C&prvCode=00&cityCode=000&areaCode=00&deptCode=000&liCode=0000,https://data.gov.tw/dataset/7441,Lai Ching-te–Hsiao Bi-khim,Democratic Progressive Party,36735,25594,227,25821,70.29,5897,0,first,,,Lai Ching-te–Hsiao Bi-khim,Democratic Progressive Party,12658,Yunlin County,TW-10009040,official,Official CEC presidential result at township/district level. The map shows the local leader; Taiwan elects one president nationally. Remote uninhabited claimed-island geometry is omitted from the display.
"Xiluo Township, Yunlin County",https://db.cec.gov.tw/ElecTable/Election/ElecTickets?dataType=tickets&typeId=ELC&subjectId=P0&legisId=00&themeId=4d83db17c1707e3defae5dc4d4e9c800&dataLevel=C&prvCode=00&cityCode=000&areaCode=00&deptCode=000&liCode=0000,https://data.gov.tw/dataset/7441,Lai Ching-te–Hsiao Bi-khim,Democratic Progressive Party,36735,25594,227,25821,70.29,5897,0,first,,,Ko Wen-je–Cynthia Wu,Taiwan People's Party,6761,Yunlin County,TW-10009040,official,Official CEC presidential result at township/district level. The map shows the local leader; Taiwan elects one president nationally. Remote uninhabited claimed-island geometry is omitted from the display.
"Xiluo Township, Yunlin County",https://db.cec.gov.tw/ElecTable/Election/ElecTickets?dataType=tickets&typeId=ELC&subjectId=P0&legisId=00&themeId=4d83db17c1707e3defae5dc4d4e9c800&dataLevel=C&prvCode=00&cityCode=000&areaCode=00&deptCode=000&liCode=0000,https://data.gov.tw/dataset/7441,Lai Ching-te–Hsiao Bi-khim,Democratic Progressive Party,36735,25594,227,25821,70.29,5897,0,first,,,Hou Yu-ih–Jaw Shaw-kong,Kuomintang,6175,Yunlin County,TW-10009040,official,Official CEC presidential result at township/district level. The map shows the local leader; Taiwan elects one president nationally. Remote uninhabited claimed-island geometry is omitted from the display.
"Tuku Township, Yunlin County",https://db.cec.gov.tw/ElecTable/Election/ElecTickets?dataType=tickets&typeId=ELC&subjectId=P0&legisId=00&themeId=4d83db17c1707e3defae5dc4d4e9c800&dataLevel=C&prvCode=00&cityCode=000&areaCode=00&deptCode=000&liCode=0000,https://data.gov.tw/dataset/7441,Lai Ching-te–Hsiao Bi-khim,Democratic Progressive Party,23324,16159,161,16320,69.97,2794,0,first,,,Lai Ching-te–Hsiao Bi-khim,Democratic Progressive Party,7334,Yunlin County,TW-10009050,official,Official CEC presidential result at township/district level. The map shows the local leader; Taiwan elects one president nationally. Remote uninhabited claimed-island geometry is omitted from the display.
"Tuku Township, Yunlin County",https://db.cec.gov.tw/ElecTable/Election/ElecTickets?dataType=tickets&typeId=ELC&subjectId=P0&legisId=00&themeId=4d83db17c1707e3defae5dc4d4e9c800&dataLevel=C&prvCode=00&cityCode=000&areaCode=00&deptCode=000&liCode=0000,https://data.gov.tw/dataset/7441,Lai Ching-te–Hsiao Bi-khim,Democratic Progressive Party,23324,16159,161,16320,69.97,2794,0,first,,,Hou Yu-ih–Jaw Shaw-kong,Kuomintang,4540,Yunlin County,TW-10009050,official,Official CEC presidential result at township/district level. The map shows the local leader; Taiwan elects one president nationally. Remote uninhabited claimed-island geometry is omitted from the display.
"Tuku Township, Yunlin County",https://db.cec.gov.tw/ElecTable/Election/ElecTickets?dataType=tickets&typeId=ELC&subjectId=P0&legisId=00&themeId=4d83db17c1707e3defae5dc4d4e9c800&dataLevel=C&prvCode=00&cityCode=000&areaCode=00&deptCode=000&liCode=0000,https://data.gov.tw/dataset/7441,Lai Ching-te–Hsiao Bi-khim,Democratic Progressive Party,23324,16159,161,16320,69.97,2794,0,first,,,Ko Wen-je–Cynthia Wu,Taiwan People's Party,4285,Yunlin County,TW-10009050,official,Official CEC presidential result at township/district level. The map shows the local leader; Taiwan elects one president nationally. Remote uninhabited claimed-island geometry is omitted from the display.
"Beigang Township, Yunlin County",https://db.cec.gov.tw/ElecTable/Election/ElecTickets?dataType=tickets&typeId=ELC&subjectId=P0&legisId=00&themeId=4d83db17c1707e3defae5dc4d4e9c800&dataLevel=C&prvCode=00&cityCode=000&areaCode=00&deptCode=000&liCode=0000,https://data.gov.tw/dataset/7441,Lai Ching-te–Hsiao Bi-khim,Democratic Progressive Party,31757,22364,183,22547,71.0,4953,0,first,,,Lai Ching-te–Hsiao Bi-khim,Democratic Progressive Party,10953,Yunlin County,TW-10009060,official,Official CEC presidential result at township/district level. The map shows the local leader; Taiwan elects one president nationally. Remote uninhabited claimed-island geometry is omitted from the display.
"Beigang Township, Yunlin County",https://db.cec.gov.tw/ElecTable/Election/ElecTickets?dataType=tickets&typeId=ELC&subjectId=P0&legisId=00&themeId=4d83db17c1707e3defae5dc4d4e9c800&dataLevel=C&prvCode=00&cityCode=000&areaCode=00&deptCode=000&liCode=0000,https://data.gov.tw/dataset/7441,Lai Ching-te–Hsiao Bi-khim,Democratic Progressive Party,31757,22364,183,22547,71.0,4953,0,first,,,Hou Yu-ih–Jaw Shaw-kong,Kuomintang,6000,Yunlin County,TW-10009060,official,Official CEC presidential result at township/district level. The map shows the local leader; Taiwan elects one president nationally. Remote uninhabited claimed-island geometry is omitted from the display.
"Beigang Township, Yunlin County",https://db.cec.gov.tw/ElecTable/Election/ElecTickets?dataType=tickets&typeId=ELC&subjectId=P0&legisId=00&themeId=4d83db17c1707e3defae5dc4d4e9c800&dataLevel=C&prvCode=00&cityCode=000&areaCode=00&deptCode=000&liCode=0000,https://data.gov.tw/dataset/7441,Lai Ching-te–Hsiao Bi-khim,Democratic Progressive Party,31757,22364,183,22547,71.0,4953,0,first,,,Ko Wen-je–Cynthia Wu,Taiwan People's Party,5411,Yunlin County,TW-10009060,official,Official CEC presidential result at township/district level. The map shows the local leader; Taiwan elects one president nationally. Remote uninhabited claimed-island geometry is omitted from the display.
"Gukeng Township, Yunlin County",https://db.cec.gov.tw/ElecTable/Election/ElecTickets?dataType=tickets&typeId=ELC&subjectId=P0&legisId=00&themeId=4d83db17c1707e3defae5dc4d4e9c800&dataLevel=C&prvCode=00&cityCode=000&areaCode=00&deptCode=000&liCode=0000,https://data.gov.tw/dataset/7441,Lai Ching-te–Hsiao Bi-khim,Democratic Progressive Party,26278,18010,186,18196,69.24,2872,0,first,,,Lai Ching-te–Hsiao Bi-khim,Democratic Progressive Party,8180,Yunlin County,TW-10009070,official,Official CEC presidential result at township/district level. The map shows the local leader; Taiwan elects one president nationally. Remote uninhabited claimed-island geometry is omitted from the display.
"Gukeng Township, Yunlin County",https://db.cec.gov.tw/ElecTable/Election/ElecTickets?dataType=tickets&typeId=ELC&subjectId=P0&legisId=00&themeId=4d83db17c1707e3defae5dc4d4e9c800&dataLevel=C&prvCode=00&cityCode=000&areaCode=00&deptCode=000&liCode=0000,https://data.gov.tw/dataset/7441,Lai Ching-te–Hsiao Bi-khim,Democratic Progressive Party,26278,18010,186,18196,69.24,2872,0,first,,,Hou Yu-ih–Jaw Shaw-kong,Kuomintang,5308,Yunlin County,TW-10009070,official,Official CEC presidential result at township/district level. The map shows the local leader; Taiwan elects one president nationally. Remote uninhabited claimed-island geometry is omitted from the display.
"Gukeng Township, Yunlin County",https://db.cec.gov.tw/ElecTable/Election/ElecTickets?dataType=tickets&typeId=ELC&subjectId=P0&legisId=00&themeId=4d83db17c1707e3defae5dc4d4e9c800&dataLevel=C&prvCode=00&cityCode=000&areaCode=00&deptCode=000&liCode=0000,https://data.gov.tw/dataset/7441,Lai Ching-te–Hsiao Bi-khim,Democratic Progressive Party,26278,18010,186,18196,69.24,2872,0,first,,,Ko Wen-je–Cynthia Wu,Taiwan People's Party,4522,Yunlin County,TW-10009070,official,Official CEC presidential result at township/district level. The map shows the local leader; Taiwan elects one president nationally. Remote uninhabited claimed-island geometry is omitted from the display.
"Dabi Township, Yunlin County",https://db.cec.gov.tw/ElecTable/Election/ElecTickets?dataType=tickets&typeId=ELC&subjectId=P0&legisId=00&themeId=4d83db17c1707e3defae5dc4d4e9c800&dataLevel=C&prvCode=00&cityCode=000&areaCode=00&deptCode=000&liCode=0000,https://data.gov.tw/dataset/7441,Lai Ching-te–Hsiao Bi-khim,Democratic Progressive Party,15676,10904,87,10991,70.11,2020,0,first,,,Lai Ching-te–Hsiao Bi-khim,Democratic Progressive Party,5125,Yunlin County,TW-10009080,official,Official CEC presidential result at township/district level. The map shows the local leader; Taiwan elects one president nationally. Remote uninhabited claimed-island geometry is omitted from the display.
"Dabi Township, Yunlin County",https://db.cec.gov.tw/ElecTable/Election/ElecTickets?dataType=tickets&typeId=ELC&subjectId=P0&legisId=00&themeId=4d83db17c1707e3defae5dc4d4e9c800&dataLevel=C&prvCode=00&cityCode=000&areaCode=00&deptCode=000&liCode=0000,https://data.gov.tw/dataset/7441,Lai Ching-te–Hsiao Bi-khim,Democratic Progressive Party,15676,10904,87,10991,70.11,2020,0,first,,,Hou Yu-ih–Jaw Shaw-kong,Kuomintang,3105,Yunlin County,TW-10009080,official,Official CEC presidential result at township/district level. The map shows the local leader; Taiwan elects one president nationally. Remote uninhabited claimed-island geometry is omitted from the display.
"Dabi Township, Yunlin County",https://db.cec.gov.tw/ElecTable/Election/ElecTickets?dataType=tickets&typeId=ELC&subjectId=P0&legisId=00&themeId=4d83db17c1707e3defae5dc4d4e9c800&dataLevel=C&prvCode=00&cityCode=000&areaCode=00&deptCode=000&liCode=0000,https://data.gov.tw/dataset/7441,Lai Ching-te–Hsiao Bi-khim,Democratic Progressive Party,15676,10904,87,10991,70.11,2020,0,first,,,Ko Wen-je–Cynthia Wu,Taiwan People's Party,2674,Yunlin County,TW-10009080,official,Official CEC presidential result at township/district level. The map shows the local leader; Taiwan elects one president nationally. Remote uninhabited claimed-island geometry is omitted from the display.
"Citong Township, Yunlin County",https://db.cec.gov.tw/ElecTable/Election/ElecTickets?dataType=tickets&typeId=ELC&subjectId=P0&legisId=00&themeId=4d83db17c1707e3defae5dc4d4e9c800&dataLevel=C&prvCode=00&cityCode=000&areaCode=00&deptCode=000&liCode=0000,https://data.gov.tw/dataset/7441,Lai Ching-te–Hsiao Bi-khim,Democratic Progressive Party,23465,16627,129,16756,71.41,4095,0,first,,,Lai Ching-te–Hsiao Bi-khim,Democratic Progressive Party,8290,Yunlin County,TW-10009090,official,Official CEC presidential result at township/district level. The map shows the local leader; Taiwan elects one president nationally. Remote uninhabited claimed-island geometry is omitted from the display.
"Citong Township, Yunlin County",https://db.cec.gov.tw/ElecTable/Election/ElecTickets?dataType=tickets&typeId=ELC&subjectId=P0&legisId=00&themeId=4d83db17c1707e3defae5dc4d4e9c800&dataLevel=C&prvCode=00&cityCode=000&areaCode=00&deptCode=000&liCode=0000,https://data.gov.tw/dataset/7441,Lai Ching-te–Hsiao Bi-khim,Democratic Progressive Party,23465,16627,129,16756,71.41,4095,0,first,,,Hou Yu-ih–Jaw Shaw-kong,Kuomintang,4195,Yunlin County,TW-10009090,official,Official CEC presidential result at township/district level. The map shows the local leader; Taiwan elects one president nationally. Remote uninhabited claimed-island geometry is omitted from the display.
"Citong Township, Yunlin County",https://db.cec.gov.tw/ElecTable/Election/ElecTickets?dataType=tickets&typeId=ELC&subjectId=P0&legisId=00&themeId=4d83db17c1707e3defae5dc4d4e9c800&dataLevel=C&prvCode=00&cityCode=000&areaCode=00&deptCode=000&liCode=0000,https://data.gov.tw/dataset/7441,Lai Ching-te–Hsiao Bi-khim,Democratic Progressive Party,23465,16627,129,16756,71.41,4095,0,first,,,Ko Wen-je–Cynthia Wu,Taiwan People's Party,4142,Yunlin County,TW-10009090,official,Official CEC presidential result at township/district level. The map shows the local leader; Taiwan elects one president nationally. Remote uninhabited claimed-island geometry is omitted from the display.
"Linnei Township, Yunlin County",https://db.cec.gov.tw/ElecTable/Election/ElecTickets?dataType=tickets&typeId=ELC&subjectId=P0&legisId=00&themeId=4d83db17c1707e3defae5dc4d4e9c800&dataLevel=C&prvCode=00&cityCode=000&areaCode=00&deptCode=000&liCode=0000,https://data.gov.tw/dataset/7441,Lai Ching-te–Hsiao Bi-khim,Democratic Progressive Party,14479,10162,103,10265,70.9,1237,0,first,,,Lai Ching-te–Hsiao Bi-khim,Democratic Progressive Party,4306,Yunlin County,TW-10009100,official,Official CEC presidential result at township/district level. The map shows the local leader; Taiwan elects one president nationally. Remote uninhabited claimed-island geometry is omitted from the display.
"Linnei Township, Yunlin County",https://db.cec.gov.tw/ElecTable/Election/ElecTickets?dataType=tickets&typeId=ELC&subjectId=P0&legisId=00&themeId=4d83db17c1707e3defae5dc4d4e9c800&dataLevel=C&prvCode=00&cityCode=000&areaCode=00&deptCode=000&liCode=0000,https://data.gov.tw/dataset/7441,Lai Ching-te–Hsiao Bi-khim,Democratic Progressive Party,14479,10162,103,10265,70.9,1237,0,first,,,Hou Yu-ih–Jaw Shaw-kong,Kuomintang,3069,Yunlin County,TW-10009100,official,Official CEC presidential result at township/district level. The map shows the local leader; Taiwan elects one president nationally. Remote uninhabited claimed-island geometry is omitted from the display.
"Linnei Township, Yunlin County",https://db.cec.gov.tw/ElecTable/Election/ElecTickets?dataType=tickets&typeId=ELC&subjectId=P0&legisId=00&themeId=4d83db17c1707e3defae5dc4d4e9c800&dataLevel=C&prvCode=00&cityCode=000&areaCode=00&deptCode=000&liCode=0000,https://data.gov.tw/dataset/7441,Lai Ching-te–Hsiao Bi-khim,Democratic Progressive Party,14479,10162,103,10265,70.9,1237,0,first,,,Ko Wen-je–Cynthia Wu,Taiwan People's Party,2787,Yunlin County,TW-10009100,official,Official CEC presidential result at township/district level. The map shows the local leader; Taiwan elects one president nationally. Remote uninhabited claimed-island geometry is omitted from the display.
"Erlun Township, Yunlin County",https://db.cec.gov.tw/ElecTable/Election/ElecTickets?dataType=tickets&typeId=ELC&subjectId=P0&legisId=00&themeId=4d83db17c1707e3defae5dc4d4e9c800&dataLevel=C&prvCode=00&cityCode=000&areaCode=00&deptCode=000&liCode=0000,https://data.gov.tw/dataset/7441,Lai Ching-te–Hsiao Bi-khim,Democratic Progressive Party,21812,14547,135,14682,67.31,4496,0,first,,,Lai Ching-te–Hsiao Bi-khim,Democratic Progressive Party,7884,Yunlin County,TW-10009110,official,Official CEC presidential result at township/district level. The map shows the local leader; Taiwan elects one president nationally. Remote uninhabited claimed-island geometry is omitted from the display.
"Erlun Township, Yunlin County",https://db.cec.gov.tw/ElecTable/Election/ElecTickets?dataType=tickets&typeId=ELC&subjectId=P0&legisId=00&themeId=4d83db17c1707e3defae5dc4d4e9c800&dataLevel=C&prvCode=00&cityCode=000&areaCode=00&deptCode=000&liCode=0000,https://data.gov.tw/dataset/7441,Lai Ching-te–Hsiao Bi-khim,Democratic Progressive Party,21812,14547,135,14682,67.31,4496,0,first,,,Hou Yu-ih–Jaw Shaw-kong,Kuomintang,3388,Yunlin County,TW-10009110,official,Official CEC presidential result at township/district level. The map shows the local leader; Taiwan elects one president nationally. Remote uninhabited claimed-island geometry is omitted from the display.
"Erlun Township, Yunlin County",https://db.cec.gov.tw/ElecTable/Election/ElecTickets?dataType=tickets&typeId=ELC&subjectId=P0&legisId=00&themeId=4d83db17c1707e3defae5dc4d4e9c800&dataLevel=C&prvCode=00&cityCode=000&areaCode=00&deptCode=000&liCode=0000,https://data.gov.tw/dataset/7441,Lai Ching-te–Hsiao Bi-khim,Democratic Progressive Party,21812,14547,135,14682,67.31,4496,0,first,,,Ko Wen-je–Cynthia Wu,Taiwan People's Party,3275,Yunlin County,TW-10009110,official,Official CEC presidential result at township/district level. The map shows the local leader; Taiwan elects one president nationally. Remote uninhabited claimed-island geometry is omitted from the display.
"Lunbei Township, Yunlin County",https://db.cec.gov.tw/ElecTable/Election/ElecTickets?dataType=tickets&typeId=ELC&subjectId=P0&legisId=00&themeId=4d83db17c1707e3defae5dc4d4e9c800&dataLevel=C&prvCode=00&cityCode=000&areaCode=00&deptCode=000&liCode=0000,https://data.gov.tw/dataset/7441,Lai Ching-te–Hsiao Bi-khim,Democratic Progressive Party,19721,12947,151,13098,66.42,2561,0,first,,,Lai Ching-te–Hsiao Bi-khim,Democratic Progressive Party,6165,Yunlin County,TW-10009120,official,Official CEC presidential result at township/district level. The map shows the local leader; Taiwan elects one president nationally. Remote uninhabited claimed-island geometry is omitted from the display.
"Lunbei Township, Yunlin County",https://db.cec.gov.tw/ElecTable/Election/ElecTickets?dataType=tickets&typeId=ELC&subjectId=P0&legisId=00&themeId=4d83db17c1707e3defae5dc4d4e9c800&dataLevel=C&prvCode=00&cityCode=000&areaCode=00&deptCode=000&liCode=0000,https://data.gov.tw/dataset/7441,Lai Ching-te–Hsiao Bi-khim,Democratic Progressive Party,19721,12947,151,13098,66.42,2561,0,first,,,Hou Yu-ih–Jaw Shaw-kong,Kuomintang,3604,Yunlin County,TW-10009120,official,Official CEC presidential result at township/district level. The map shows the local leader; Taiwan elects one president nationally. Remote uninhabited claimed-island geometry is omitted from the display.
"Lunbei Township, Yunlin County",https://db.cec.gov.tw/ElecTable/Election/ElecTickets?dataType=tickets&typeId=ELC&subjectId=P0&legisId=00&themeId=4d83db17c1707e3defae5dc4d4e9c800&dataLevel=C&prvCode=00&cityCode=000&areaCode=00&deptCode=000&liCode=0000,https://data.gov.tw/dataset/7441,Lai Ching-te–Hsiao Bi-khim,Democratic Progressive Party,19721,12947,151,13098,66.42,2561,0,first,,,Ko Wen-je–Cynthia Wu,Taiwan People's Party,3178,Yunlin County,TW-10009120,official,Official CEC presidential result at township/district level. The map shows the local leader; Taiwan elects one president nationally. Remote uninhabited claimed-island geometry is omitted from the display.
"Mailiao Township, Yunlin County",https://db.cec.gov.tw/ElecTable/Election/ElecTickets?dataType=tickets&typeId=ELC&subjectId=P0&legisId=00&themeId=4d83db17c1707e3defae5dc4d4e9c800&dataLevel=C&prvCode=00&cityCode=000&areaCode=00&deptCode=000&liCode=0000,https://data.gov.tw/dataset/7441,Lai Ching-te–Hsiao Bi-khim,Democratic Progressive Party,39801,24432,250,24682,62.01,485,0,first,,,Lai Ching-te–Hsiao Bi-khim,Democratic Progressive Party,8720,Yunlin County,TW-10009130,official,Official CEC presidential result at township/district level. The map shows the local leader; Taiwan elects one president nationally. Remote uninhabited claimed-island geometry is omitted from the display.
"Mailiao Township, Yunlin County",https://db.cec.gov.tw/ElecTable/Election/ElecTickets?dataType=tickets&typeId=ELC&subjectId=P0&legisId=00&themeId=4d83db17c1707e3defae5dc4d4e9c800&dataLevel=C&prvCode=00&cityCode=000&areaCode=00&deptCode=000&liCode=0000,https://data.gov.tw/dataset/7441,Lai Ching-te–Hsiao Bi-khim,Democratic Progressive Party,39801,24432,250,24682,62.01,485,0,first,,,Ko Wen-je–Cynthia Wu,Taiwan People's Party,8235,Yunlin County,TW-10009130,official,Official CEC presidential result at township/district level. The map shows the local leader; Taiwan elects one president nationally. Remote uninhabited claimed-island geometry is omitted from the display.
"Mailiao Township, Yunlin County",https://db.cec.gov.tw/ElecTable/Election/ElecTickets?dataType=tickets&typeId=ELC&subjectId=P0&legisId=00&themeId=4d83db17c1707e3defae5dc4d4e9c800&dataLevel=C&prvCode=00&cityCode=000&areaCode=00&deptCode=000&liCode=0000,https://data.gov.tw/dataset/7441,Lai Ching-te–Hsiao Bi-khim,Democratic Progressive Party,39801,24432,250,24682,62.01,485,0,first,,,Hou Yu-ih–Jaw Shaw-kong,Kuomintang,7477,Yunlin County,TW-10009130,official,Official CEC presidential result at township/district level. The map shows the local leader; Taiwan elects one president nationally. Remote uninhabited claimed-island geometry is omitted from the display.
"Dongshi Township, Yunlin County",https://db.cec.gov.tw/ElecTable/Election/ElecTickets?dataType=tickets&typeId=ELC&subjectId=P0&legisId=00&themeId=4d83db17c1707e3defae5dc4d4e9c800&dataLevel=C&prvCode=00&cityCode=000&areaCode=00&deptCode=000&liCode=0000,https://data.gov.tw/dataset/7441,Lai Ching-te–Hsiao Bi-khim,Democratic Progressive Party,12064,7741,56,7797,64.63,1286,0,first,,,Lai Ching-te–Hsiao Bi-khim,Democratic Progressive Party,3636,Yunlin County,TW-10009140,official,Official CEC presidential result at township/district level. The map shows the local leader; Taiwan elects one president nationally. Remote uninhabited claimed-island geometry is omitted from the display.
"Dongshi Township, Yunlin County",https://db.cec.gov.tw/ElecTable/Election/ElecTickets?dataType=tickets&typeId=ELC&subjectId=P0&legisId=00&themeId=4d83db17c1707e3defae5dc4d4e9c800&dataLevel=C&prvCode=00&cityCode=000&areaCode=00&deptCode=000&liCode=0000,https://data.gov.tw/dataset/7441,Lai Ching-te–Hsiao Bi-khim,Democratic Progressive Party,12064,7741,56,7797,64.63,1286,0,first,,,Hou Yu-ih–Jaw Shaw-kong,Kuomintang,2350,Yunlin County,TW-10009140,official,Official CEC presidential result at township/district level. The map shows the local leader; Taiwan elects one president nationally. Remote uninhabited claimed-island geometry is omitted from the display.
"Dongshi Township, Yunlin County",https://db.cec.gov.tw/ElecTable/Election/ElecTickets?dataType=tickets&typeId=ELC&subjectId=P0&legisId=00&themeId=4d83db17c1707e3defae5dc4d4e9c800&dataLevel=C&prvCode=00&cityCode=000&areaCode=00&deptCode=000&liCode=0000,https://data.gov.tw/dataset/7441,Lai Ching-te–Hsiao Bi-khim,Democratic Progressive Party,12064,7741,56,7797,64.63,1286,0,first,,,Ko Wen-je–Cynthia Wu,Taiwan People's Party,1755,Yunlin County,TW-10009140,official,Official CEC presidential result at township/district level. The map shows the local leader; Taiwan elects one president nationally. Remote uninhabited claimed-island geometry is omitted from the display.
"Baozhong Township, Yunlin County",https://db.cec.gov.tw/ElecTable/Election/ElecTickets?dataType=tickets&typeId=ELC&subjectId=P0&legisId=00&themeId=4d83db17c1707e3defae5dc4d4e9c800&dataLevel=C&prvCode=00&cityCode=000&areaCode=00&deptCode=000&liCode=0000,https://data.gov.tw/dataset/7441,Lai Ching-te–Hsiao Bi-khim,Democratic Progressive Party,10441,7056,75,7131,68.3,1240,0,first,,,Lai Ching-te–Hsiao Bi-khim,Democratic Progressive Party,3259,Yunlin County,TW-10009150,official,Official CEC presidential result at township/district level. The map shows the local leader; Taiwan elects one president nationally. Remote uninhabited claimed-island geometry is omitted from the display.
"Baozhong Township, Yunlin County",https://db.cec.gov.tw/ElecTable/Election/ElecTickets?dataType=tickets&typeId=ELC&subjectId=P0&legisId=00&themeId=4d83db17c1707e3defae5dc4d4e9c800&dataLevel=C&prvCode=00&cityCode=000&areaCode=00&deptCode=000&liCode=0000,https://data.gov.tw/dataset/7441,Lai Ching-te–Hsiao Bi-khim,Democratic Progressive Party,10441,7056,75,7131,68.3,1240,0,first,,,Hou Yu-ih–Jaw Shaw-kong,Kuomintang,2019,Yunlin County,TW-10009150,official,Official CEC presidential result at township/district level. The map shows the local leader; Taiwan elects one president nationally. Remote uninhabited claimed-island geometry is omitted from the display.
"Baozhong Township, Yunlin County",https://db.cec.gov.tw/ElecTable/Election/ElecTickets?dataType=tickets&typeId=ELC&subjectId=P0&legisId=00&themeId=4d83db17c1707e3defae5dc4d4e9c800&dataLevel=C&prvCode=00&cityCode=000&areaCode=00&deptCode=000&liCode=0000,https://data.gov.tw/dataset/7441,Lai Ching-te–Hsiao Bi-khim,Democratic Progressive Party,10441,7056,75,7131,68.3,1240,0,first,,,Ko Wen-je–Cynthia Wu,Taiwan People's Party,1778,Yunlin County,TW-10009150,official,Official CEC presidential result at township/district level. The map shows the local leader; Taiwan elects one president nationally. Remote uninhabited claimed-island geometry is omitted from the display.
"Taixi Township, Yunlin County",https://db.cec.gov.tw/ElecTable/Election/ElecTickets?dataType=tickets&typeId=ELC&subjectId=P0&legisId=00&themeId=4d83db17c1707e3defae5dc4d4e9c800&dataLevel=C&prvCode=00&cityCode=000&areaCode=00&deptCode=000&liCode=0000,https://data.gov.tw/dataset/7441,Lai Ching-te–Hsiao Bi-khim,Democratic Progressive Party,19404,11754,133,11887,61.26,486,0,first,,,Lai Ching-te–Hsiao Bi-khim,Democratic Progressive Party,4579,Yunlin County,TW-10009160,official,Official CEC presidential result at township/district level. The map shows the local leader; Taiwan elects one president nationally. Remote uninhabited claimed-island geometry is omitted from the display.
"Taixi Township, Yunlin County",https://db.cec.gov.tw/ElecTable/Election/ElecTickets?dataType=tickets&typeId=ELC&subjectId=P0&legisId=00&themeId=4d83db17c1707e3defae5dc4d4e9c800&dataLevel=C&prvCode=00&cityCode=000&areaCode=00&deptCode=000&liCode=0000,https://data.gov.tw/dataset/7441,Lai Ching-te–Hsiao Bi-khim,Democratic Progressive Party,19404,11754,133,11887,61.26,486,0,first,,,Hou Yu-ih–Jaw Shaw-kong,Kuomintang,4093,Yunlin County,TW-10009160,official,Official CEC presidential result at township/district level. The map shows the local leader; Taiwan elects one president nationally. Remote uninhabited claimed-island geometry is omitted from the display.
"Taixi Township, Yunlin County",https://db.cec.gov.tw/ElecTable/Election/ElecTickets?dataType=tickets&typeId=ELC&subjectId=P0&legisId=00&themeId=4d83db17c1707e3defae5dc4d4e9c800&dataLevel=C&prvCode=00&cityCode=000&areaCode=00&deptCode=000&liCode=0000,https://data.gov.tw/dataset/7441,Lai Ching-te–Hsiao Bi-khim,Democratic Progressive Party,19404,11754,133,11887,61.26,486,0,first,,,Ko Wen-je–Cynthia Wu,Taiwan People's Party,3082,Yunlin County,TW-10009160,official,Official CEC presidential result at township/district level. The map shows the local leader; Taiwan elects one president nationally. Remote uninhabited claimed-island geometry is omitted from the display.
"Yuanchang Township, Yunlin County",https://db.cec.gov.tw/ElecTable/Election/ElecTickets?dataType=tickets&typeId=ELC&subjectId=P0&legisId=00&themeId=4d83db17c1707e3defae5dc4d4e9c800&dataLevel=C&prvCode=00&cityCode=000&areaCode=00&deptCode=000&liCode=0000,https://data.gov.tw/dataset/7441,Lai Ching-te–Hsiao Bi-khim,Democratic Progressive Party,20793,13113,137,13250,63.72,2896,0,first,,,Lai Ching-te–Hsiao Bi-khim,Democratic Progressive Party,6538,Yunlin County,TW-10009170,official,Official CEC presidential result at township/district level. The map shows the local leader; Taiwan elects one president nationally. Remote uninhabited claimed-island geometry is omitted from the display.
"Yuanchang Township, Yunlin County",https://db.cec.gov.tw/ElecTable/Election/ElecTickets?dataType=tickets&typeId=ELC&subjectId=P0&legisId=00&themeId=4d83db17c1707e3defae5dc4d4e9c800&dataLevel=C&prvCode=00&cityCode=000&areaCode=00&deptCode=000&liCode=0000,https://data.gov.tw/dataset/7441,Lai Ching-te–Hsiao Bi-khim,Democratic Progressive Party,20793,13113,137,13250,63.72,2896,0,first,,,Hou Yu-ih–Jaw Shaw-kong,Kuomintang,3642,Yunlin County,TW-10009170,official,Official CEC presidential result at township/district level. The map shows the local leader; Taiwan elects one president nationally. Remote uninhabited claimed-island geometry is omitted from the display.
"Yuanchang Township, Yunlin County",https://db.cec.gov.tw/ElecTable/Election/ElecTickets?dataType=tickets&typeId=ELC&subjectId=P0&legisId=00&themeId=4d83db17c1707e3defae5dc4d4e9c800&dataLevel=C&prvCode=00&cityCode=000&areaCode=00&deptCode=000&liCode=0000,https://data.gov.tw/dataset/7441,Lai Ching-te–Hsiao Bi-khim,Democratic Progressive Party,20793,13113,137,13250,63.72,2896,0,first,,,Ko Wen-je–Cynthia Wu,Taiwan People's Party,2933,Yunlin County,TW-10009170,official,Official CEC presidential result at township/district level. The map shows the local leader; Taiwan elects one president nationally. Remote uninhabited claimed-island geometry is omitted from the display.
"Sihu Township, Yunlin County",https://db.cec.gov.tw/ElecTable/Election/ElecTickets?dataType=tickets&typeId=ELC&subjectId=P0&legisId=00&themeId=4d83db17c1707e3defae5dc4d4e9c800&dataLevel=C&prvCode=00&cityCode=000&areaCode=00&deptCode=000&liCode=0000,https://data.gov.tw/dataset/7441,Lai Ching-te–Hsiao Bi-khim,Democratic Progressive Party,18980,10781,127,10908,57.47,1880,0,first,,,Lai Ching-te–Hsiao Bi-khim,Democratic Progressive Party,5157,Yunlin County,TW-10009180,official,Official CEC presidential result at township/district level. The map shows the local leader; Taiwan elects one president nationally. Remote uninhabited claimed-island geometry is omitted from the display.
"Sihu Township, Yunlin County",https://db.cec.gov.tw/ElecTable/Election/ElecTickets?dataType=tickets&typeId=ELC&subjectId=P0&legisId=00&themeId=4d83db17c1707e3defae5dc4d4e9c800&dataLevel=C&prvCode=00&cityCode=000&areaCode=00&deptCode=000&liCode=0000,https://data.gov.tw/dataset/7441,Lai Ching-te–Hsiao Bi-khim,Democratic Progressive Party,18980,10781,127,10908,57.47,1880,0,first,,,Hou Yu-ih–Jaw Shaw-kong,Kuomintang,3277,Yunlin County,TW-10009180,official,Official CEC presidential result at township/district level. The map shows the local leader; Taiwan elects one president nationally. Remote uninhabited claimed-island geometry is omitted from the display.
"Sihu Township, Yunlin County",https://db.cec.gov.tw/ElecTable/Election/ElecTickets?dataType=tickets&typeId=ELC&subjectId=P0&legisId=00&themeId=4d83db17c1707e3defae5dc4d4e9c800&dataLevel=C&prvCode=00&cityCode=000&areaCode=00&deptCode=000&liCode=0000,https://data.gov.tw/dataset/7441,Lai Ching-te–Hsiao Bi-khim,Democratic Progressive Party,18980,10781,127,10908,57.47,1880,0,first,,,Ko Wen-je–Cynthia Wu,Taiwan People's Party,2347,Yunlin County,TW-10009180,official,Official CEC presidential result at township/district level. The map shows the local leader; Taiwan elects one president nationally. Remote uninhabited claimed-island geometry is omitted from the display.
"Kouhu Township, Yunlin County",https://db.cec.gov.tw/ElecTable/Election/ElecTickets?dataType=tickets&typeId=ELC&subjectId=P0&legisId=00&themeId=4d83db17c1707e3defae5dc4d4e9c800&dataLevel=C&prvCode=00&cityCode=000&areaCode=00&deptCode=000&liCode=0000,https://data.gov.tw/dataset/7441,Lai Ching-te–Hsiao Bi-khim,Democratic Progressive Party,22289,13342,111,13453,60.36,3501,0,first,,,Lai Ching-te–Hsiao Bi-khim,Democratic Progressive Party,6967,Yunlin County,TW-10009190,official,Official CEC presidential result at township/district level. The map shows the local leader; Taiwan elects one president nationally. Remote uninhabited claimed-island geometry is omitted from the display.
"Kouhu Township, Yunlin County",https://db.cec.gov.tw/ElecTable/Election/ElecTickets?dataType=tickets&typeId=ELC&subjectId=P0&legisId=00&themeId=4d83db17c1707e3defae5dc4d4e9c800&dataLevel=C&prvCode=00&cityCode=000&areaCode=00&deptCode=000&liCode=0000,https://data.gov.tw/dataset/7441,Lai Ching-te–Hsiao Bi-khim,Democratic Progressive Party,22289,13342,111,13453,60.36,3501,0,first,,,Hou Yu-ih–Jaw Shaw-kong,Kuomintang,3466,Yunlin County,TW-10009190,official,Official CEC presidential result at township/district level. The map shows the local leader; Taiwan elects one president nationally. Remote uninhabited claimed-island geometry is omitted from the display.
"Kouhu Township, Yunlin County",https://db.cec.gov.tw/ElecTable/Election/ElecTickets?dataType=tickets&typeId=ELC&subjectId=P0&legisId=00&themeId=4d83db17c1707e3defae5dc4d4e9c800&dataLevel=C&prvCode=00&cityCode=000&areaCode=00&deptCode=000&liCode=0000,https://data.gov.tw/dataset/7441,Lai Ching-te–Hsiao Bi-khim,Democratic Progressive Party,22289,13342,111,13453,60.36,3501,0,first,,,Ko Wen-je–Cynthia Wu,Taiwan People's Party,2909,Yunlin County,TW-10009190,official,Official CEC presidential result at township/district level. The map shows the local leader; Taiwan elects one president nationally. Remote uninhabited claimed-island geometry is omitted from the display.
"Shuilin Township, Yunlin County",https://db.cec.gov.tw/ElecTable/Election/ElecTickets?dataType=tickets&typeId=ELC&subjectId=P0&legisId=00&themeId=4d83db17c1707e3defae5dc4d4e9c800&dataLevel=C&prvCode=00&cityCode=000&areaCode=00&deptCode=000&liCode=0000,https://data.gov.tw/dataset/7441,Lai Ching-te–Hsiao Bi-khim,Democratic Progressive Party,20370,12860,145,13005,63.84,4438,0,first,,,Lai Ching-te–Hsiao Bi-khim,Democratic Progressive Party,7378,Yunlin County,TW-10009200,official,Official CEC presidential result at township/district level. The map shows the local leader; Taiwan elects one president nationally. Remote uninhabited claimed-island geometry is omitted from the display.
"Shuilin Township, Yunlin County",https://db.cec.gov.tw/ElecTable/Election/ElecTickets?dataType=tickets&typeId=ELC&subjectId=P0&legisId=00&themeId=4d83db17c1707e3defae5dc4d4e9c800&dataLevel=C&prvCode=00&cityCode=000&areaCode=00&deptCode=000&liCode=0000,https://data.gov.tw/dataset/7441,Lai Ching-te–Hsiao Bi-khim,Democratic Progressive Party,20370,12860,145,13005,63.84,4438,0,first,,,Hou Yu-ih–Jaw Shaw-kong,Kuomintang,2940,Yunlin County,TW-10009200,official,Official CEC presidential result at township/district level. The map shows the local leader; Taiwan elects one president nationally. Remote uninhabited claimed-island geometry is omitted from the display.
"Shuilin Township, Yunlin County",https://db.cec.gov.tw/ElecTable/Election/ElecTickets?dataType=tickets&typeId=ELC&subjectId=P0&legisId=00&themeId=4d83db17c1707e3defae5dc4d4e9c800&dataLevel=C&prvCode=00&cityCode=000&areaCode=00&deptCode=000&liCode=0000,https://data.gov.tw/dataset/7441,Lai Ching-te–Hsiao Bi-khim,Democratic Progressive Party,20370,12860,145,13005,63.84,4438,0,first,,,Ko Wen-je–Cynthia Wu,Taiwan People's Party,2542,Yunlin County,TW-10009200,official,Official CEC presidential result at township/district level. The map shows the local leader; Taiwan elects one president nationally. Remote uninhabited claimed-island geometry is omitted from the display.
"Taibao City, Chiayi County",https://db.cec.gov.tw/ElecTable/Election/ElecTickets?dataType=tickets&typeId=ELC&subjectId=P0&legisId=00&themeId=4d83db17c1707e3defae5dc4d4e9c800&dataLevel=C&prvCode=00&cityCode=000&areaCode=00&deptCode=000&liCode=0000,https://data.gov.tw/dataset/7441,Lai Ching-te–Hsiao Bi-khim,Democratic Progressive Party,32139,22852,180,23032,71.66,4288,0,first,,,Lai Ching-te–Hsiao Bi-khim,Democratic Progressive Party,10504,Chiayi County,TW-10010010,official,Official CEC presidential result at township/district level. The map shows the local leader; Taiwan elects one president nationally. Remote uninhabited claimed-island geometry is omitted from the display.
"Taibao City, Chiayi County",https://db.cec.gov.tw/ElecTable/Election/ElecTickets?dataType=tickets&typeId=ELC&subjectId=P0&legisId=00&themeId=4d83db17c1707e3defae5dc4d4e9c800&dataLevel=C&prvCode=00&cityCode=000&areaCode=00&deptCode=000&liCode=0000,https://data.gov.tw/dataset/7441,Lai Ching-te–Hsiao Bi-khim,Democratic Progressive Party,32139,22852,180,23032,71.66,4288,0,first,,,Ko Wen-je–Cynthia Wu,Taiwan People's Party,6216,Chiayi County,TW-10010010,official,Official CEC presidential result at township/district level. The map shows the local leader; Taiwan elects one president nationally. Remote uninhabited claimed-island geometry is omitted from the display.
"Taibao City, Chiayi County",https://db.cec.gov.tw/ElecTable/Election/ElecTickets?dataType=tickets&typeId=ELC&subjectId=P0&legisId=00&themeId=4d83db17c1707e3defae5dc4d4e9c800&dataLevel=C&prvCode=00&cityCode=000&areaCode=00&deptCode=000&liCode=0000,https://data.gov.tw/dataset/7441,Lai Ching-te–Hsiao Bi-khim,Democratic Progressive Party,32139,22852,180,23032,71.66,4288,0,first,,,Hou Yu-ih–Jaw Shaw-kong,Kuomintang,6132,Chiayi County,TW-10010010,official,Official CEC presidential result at township/district level. The map shows the local leader; Taiwan elects one president nationally. Remote uninhabited claimed-island geometry is omitted from the display.
"Puzi City, Chiayi County",https://db.cec.gov.tw/ElecTable/Election/ElecTickets?dataType=tickets&typeId=ELC&subjectId=P0&legisId=00&themeId=4d83db17c1707e3defae5dc4d4e9c800&dataLevel=C&prvCode=00&cityCode=000&areaCode=00&deptCode=000&liCode=0000,https://data.gov.tw/dataset/7441,Lai Ching-te–Hsiao Bi-khim,Democratic Progressive Party,33963,24073,206,24279,71.49,3763,0,first,,,Lai Ching-te–Hsiao Bi-khim,Democratic Progressive Party,11318,Chiayi County,TW-10010020,official,Official CEC presidential result at township/district level. The map shows the local leader; Taiwan elects one president nationally. Remote uninhabited claimed-island geometry is omitted from the display.
"Puzi City, Chiayi County",https://db.cec.gov.tw/ElecTable/Election/ElecTickets?dataType=tickets&typeId=ELC&subjectId=P0&legisId=00&themeId=4d83db17c1707e3defae5dc4d4e9c800&dataLevel=C&prvCode=00&cityCode=000&areaCode=00&deptCode=000&liCode=0000,https://data.gov.tw/dataset/7441,Lai Ching-te–Hsiao Bi-khim,Democratic Progressive Party,33963,24073,206,24279,71.49,3763,0,first,,,Hou Yu-ih–Jaw Shaw-kong,Kuomintang,7555,Chiayi County,TW-10010020,official,Official CEC presidential result at township/district level. The map shows the local leader; Taiwan elects one president nationally. Remote uninhabited claimed-island geometry is omitted from the display.
"Puzi City, Chiayi County",https://db.cec.gov.tw/ElecTable/Election/ElecTickets?dataType=tickets&typeId=ELC&subjectId=P0&legisId=00&themeId=4d83db17c1707e3defae5dc4d4e9c800&dataLevel=C&prvCode=00&cityCode=000&areaCode=00&deptCode=000&liCode=0000,https://data.gov.tw/dataset/7441,Lai Ching-te–Hsiao Bi-khim,Democratic Progressive Party,33963,24073,206,24279,71.49,3763,0,first,,,Ko Wen-je–Cynthia Wu,Taiwan People's Party,5200,Chiayi County,TW-10010020,official,Official CEC presidential result at township/district level. The map shows the local leader; Taiwan elects one president nationally. Remote uninhabited claimed-island geometry is omitted from the display.
"Budai Township, Chiayi County",https://db.cec.gov.tw/ElecTable/Election/ElecTickets?dataType=tickets&typeId=ELC&subjectId=P0&legisId=00&themeId=4d83db17c1707e3defae5dc4d4e9c800&dataLevel=C&prvCode=00&cityCode=000&areaCode=00&deptCode=000&liCode=0000,https://data.gov.tw/dataset/7441,Lai Ching-te–Hsiao Bi-khim,Democratic Progressive Party,22097,14514,152,14666,66.37,2666,0,first,,,Lai Ching-te–Hsiao Bi-khim,Democratic Progressive Party,7142,Chiayi County,TW-10010030,official,Official CEC presidential result at township/district level. The map shows the local leader; Taiwan elects one president nationally. Remote uninhabited claimed-island geometry is omitted from the display.
"Budai Township, Chiayi County",https://db.cec.gov.tw/ElecTable/Election/ElecTickets?dataType=tickets&typeId=ELC&subjectId=P0&legisId=00&themeId=4d83db17c1707e3defae5dc4d4e9c800&dataLevel=C&prvCode=00&cityCode=000&areaCode=00&deptCode=000&liCode=0000,https://data.gov.tw/dataset/7441,Lai Ching-te–Hsiao Bi-khim,Democratic Progressive Party,22097,14514,152,14666,66.37,2666,0,first,,,Hou Yu-ih–Jaw Shaw-kong,Kuomintang,4476,Chiayi County,TW-10010030,official,Official CEC presidential result at township/district level. The map shows the local leader; Taiwan elects one president nationally. Remote uninhabited claimed-island geometry is omitted from the display.
"Budai Township, Chiayi County",https://db.cec.gov.tw/ElecTable/Election/ElecTickets?dataType=tickets&typeId=ELC&subjectId=P0&legisId=00&themeId=4d83db17c1707e3defae5dc4d4e9c800&dataLevel=C&prvCode=00&cityCode=000&areaCode=00&deptCode=000&liCode=0000,https://data.gov.tw/dataset/7441,Lai Ching-te–Hsiao Bi-khim,Democratic Progressive Party,22097,14514,152,14666,66.37,2666,0,first,,,Ko Wen-je–Cynthia Wu,Taiwan People's Party,2896,Chiayi County,TW-10010030,official,Official CEC presidential result at township/district level. The map shows the local leader; Taiwan elects one president nationally. Remote uninhabited claimed-island geometry is omitted from the display.
"Dalin Township, Chiayi County",https://db.cec.gov.tw/ElecTable/Election/ElecTickets?dataType=tickets&typeId=ELC&subjectId=P0&legisId=00&themeId=4d83db17c1707e3defae5dc4d4e9c800&dataLevel=C&prvCode=00&cityCode=000&areaCode=00&deptCode=000&liCode=0000,https://data.gov.tw/dataset/7441,Lai Ching-te–Hsiao Bi-khim,Democratic Progressive Party,25921,18304,128,18432,71.11,2958,0,first,,,Lai Ching-te–Hsiao Bi-khim,Democratic Progressive Party,8469,Chiayi County,TW-10010040,official,Official CEC presidential result at township/district level. The map shows the local leader; Taiwan elects one president nationally. Remote uninhabited claimed-island geometry is omitted from the display.
"Dalin Township, Chiayi County",https://db.cec.gov.tw/ElecTable/Election/ElecTickets?dataType=tickets&typeId=ELC&subjectId=P0&legisId=00&themeId=4d83db17c1707e3defae5dc4d4e9c800&dataLevel=C&prvCode=00&cityCode=000&areaCode=00&deptCode=000&liCode=0000,https://data.gov.tw/dataset/7441,Lai Ching-te–Hsiao Bi-khim,Democratic Progressive Party,25921,18304,128,18432,71.11,2958,0,first,,,Hou Yu-ih–Jaw Shaw-kong,Kuomintang,5511,Chiayi County,TW-10010040,official,Official CEC presidential result at township/district level. The map shows the local leader; Taiwan elects one president nationally. Remote uninhabited claimed-island geometry is omitted from the display.
"Dalin Township, Chiayi County",https://db.cec.gov.tw/ElecTable/Election/ElecTickets?dataType=tickets&typeId=ELC&subjectId=P0&legisId=00&themeId=4d83db17c1707e3defae5dc4d4e9c800&dataLevel=C&prvCode=00&cityCode=000&areaCode=00&deptCode=000&liCode=0000,https://data.gov.tw/dataset/7441,Lai Ching-te–Hsiao Bi-khim,Democratic Progressive Party,25921,18304,128,18432,71.11,2958,0,first,,,Ko Wen-je–Cynthia Wu,Taiwan People's Party,4324,Chiayi County,TW-10010040,official,Official CEC presidential result at township/district level. The map shows the local leader; Taiwan elects one president nationally. Remote uninhabited claimed-island geometry is omitted from the display.
"Minxiong Township, Chiayi County",https://db.cec.gov.tw/ElecTable/Election/ElecTickets?dataType=tickets&typeId=ELC&subjectId=P0&legisId=00&themeId=4d83db17c1707e3defae5dc4d4e9c800&dataLevel=C&prvCode=00&cityCode=000&areaCode=00&deptCode=000&liCode=0000,https://data.gov.tw/dataset/7441,Lai Ching-te–Hsiao Bi-khim,Democratic Progressive Party,60298,43034,322,43356,71.9,7784,0,first,,,Lai Ching-te–Hsiao Bi-khim,Democratic Progressive Party,19712,Chiayi County,TW-10010050,official,Official CEC presidential result at township/district level. The map shows the local leader; Taiwan elects one president nationally. Remote uninhabited claimed-island geometry is omitted from the display.
"Minxiong Township, Chiayi County",https://db.cec.gov.tw/ElecTable/Election/ElecTickets?dataType=tickets&typeId=ELC&subjectId=P0&legisId=00&themeId=4d83db17c1707e3defae5dc4d4e9c800&dataLevel=C&prvCode=00&cityCode=000&areaCode=00&deptCode=000&liCode=0000,https://data.gov.tw/dataset/7441,Lai Ching-te–Hsiao Bi-khim,Democratic Progressive Party,60298,43034,322,43356,71.9,7784,0,first,,,Hou Yu-ih–Jaw Shaw-kong,Kuomintang,11928,Chiayi County,TW-10010050,official,Official CEC presidential result at township/district level. The map shows the local leader; Taiwan elects one president nationally. Remote uninhabited claimed-island geometry is omitted from the display.
"Minxiong Township, Chiayi County",https://db.cec.gov.tw/ElecTable/Election/ElecTickets?dataType=tickets&typeId=ELC&subjectId=P0&legisId=00&themeId=4d83db17c1707e3defae5dc4d4e9c800&dataLevel=C&prvCode=00&cityCode=000&areaCode=00&deptCode=000&liCode=0000,https://data.gov.tw/dataset/7441,Lai Ching-te–Hsiao Bi-khim,Democratic Progressive Party,60298,43034,322,43356,71.9,7784,0,first,,,Ko Wen-je–Cynthia Wu,Taiwan People's Party,11394,Chiayi County,TW-10010050,official,Official CEC presidential result at township/district level. The map shows the local leader; Taiwan elects one president nationally. Remote uninhabited claimed-island geometry is omitted from the display.
"Xikou Township, Chiayi County",https://db.cec.gov.tw/ElecTable/Election/ElecTickets?dataType=tickets&typeId=ELC&subjectId=P0&legisId=00&themeId=4d83db17c1707e3defae5dc4d4e9c800&dataLevel=C&prvCode=00&cityCode=000&areaCode=00&deptCode=000&liCode=0000,https://data.gov.tw/dataset/7441,Lai Ching-te–Hsiao Bi-khim,Democratic Progressive Party,11916,8170,88,8258,69.3,2450,0,first,,,Lai Ching-te–Hsiao Bi-khim,Democratic Progressive Party,4437,Chiayi County,TW-10010060,official,Official CEC presidential result at township/district level. The map shows the local leader; Taiwan elects one president nationally. Remote uninhabited claimed-island geometry is omitted from the display.
"Xikou Township, Chiayi County",https://db.cec.gov.tw/ElecTable/Election/ElecTickets?dataType=tickets&typeId=ELC&subjectId=P0&legisId=00&themeId=4d83db17c1707e3defae5dc4d4e9c800&dataLevel=C&prvCode=00&cityCode=000&areaCode=00&deptCode=000&liCode=0000,https://data.gov.tw/dataset/7441,Lai Ching-te–Hsiao Bi-khim,Democratic Progressive Party,11916,8170,88,8258,69.3,2450,0,first,,,Hou Yu-ih–Jaw Shaw-kong,Kuomintang,1987,Chiayi County,TW-10010060,official,Official CEC presidential result at township/district level. The map shows the local leader; Taiwan elects one president nationally. Remote uninhabited claimed-island geometry is omitted from the display.
"Xikou Township, Chiayi County",https://db.cec.gov.tw/ElecTable/Election/ElecTickets?dataType=tickets&typeId=ELC&subjectId=P0&legisId=00&themeId=4d83db17c1707e3defae5dc4d4e9c800&dataLevel=C&prvCode=00&cityCode=000&areaCode=00&deptCode=000&liCode=0000,https://data.gov.tw/dataset/7441,Lai Ching-te–Hsiao Bi-khim,Democratic Progressive Party,11916,8170,88,8258,69.3,2450,0,first,,,Ko Wen-je–Cynthia Wu,Taiwan People's Party,1746,Chiayi County,TW-10010060,official,Official CEC presidential result at township/district level. The map shows the local leader; Taiwan elects one president nationally. Remote uninhabited claimed-island geometry is omitted from the display.
"Xingang Township, Chiayi County",https://db.cec.gov.tw/ElecTable/Election/ElecTickets?dataType=tickets&typeId=ELC&subjectId=P0&legisId=00&themeId=4d83db17c1707e3defae5dc4d4e9c800&dataLevel=C&prvCode=00&cityCode=000&areaCode=00&deptCode=000&liCode=0000,https://data.gov.tw/dataset/7441,Lai Ching-te–Hsiao Bi-khim,Democratic Progressive Party,26175,18432,173,18605,71.08,5762,0,first,,,Lai Ching-te–Hsiao Bi-khim,Democratic Progressive Party,10017,Chiayi County,TW-10010070,official,Official CEC presidential result at township/district level. The map shows the local leader; Taiwan elects one president nationally. Remote uninhabited claimed-island geometry is omitted from the display.
"Xingang Township, Chiayi County",https://db.cec.gov.tw/ElecTable/Election/ElecTickets?dataType=tickets&typeId=ELC&subjectId=P0&legisId=00&themeId=4d83db17c1707e3defae5dc4d4e9c800&dataLevel=C&prvCode=00&cityCode=000&areaCode=00&deptCode=000&liCode=0000,https://data.gov.tw/dataset/7441,Lai Ching-te–Hsiao Bi-khim,Democratic Progressive Party,26175,18432,173,18605,71.08,5762,0,first,,,Hou Yu-ih–Jaw Shaw-kong,Kuomintang,4255,Chiayi County,TW-10010070,official,Official CEC presidential result at township/district level. The map shows the local leader; Taiwan elects one president nationally. Remote uninhabited claimed-island geometry is omitted from the display.
"Xingang Township, Chiayi County",https://db.cec.gov.tw/ElecTable/Election/ElecTickets?dataType=tickets&typeId=ELC&subjectId=P0&legisId=00&themeId=4d83db17c1707e3defae5dc4d4e9c800&dataLevel=C&prvCode=00&cityCode=000&areaCode=00&deptCode=000&liCode=0000,https://data.gov.tw/dataset/7441,Lai Ching-te–Hsiao Bi-khim,Democratic Progressive Party,26175,18432,173,18605,71.08,5762,0,first,,,Ko Wen-je–Cynthia Wu,Taiwan People's Party,4160,Chiayi County,TW-10010070,official,Official CEC presidential result at township/district level. The map shows the local leader; Taiwan elects one president nationally. Remote uninhabited claimed-island geometry is omitted from the display.
"Liujiao Township, Chiayi County",https://db.cec.gov.tw/ElecTable/Election/ElecTickets?dataType=tickets&typeId=ELC&subjectId=P0&legisId=00&themeId=4d83db17c1707e3defae5dc4d4e9c800&dataLevel=C&prvCode=00&cityCode=000&areaCode=00&deptCode=000&liCode=0000,https://data.gov.tw/dataset/7441,Lai Ching-te–Hsiao Bi-khim,Democratic Progressive Party,19059,12789,124,12913,67.75,3504,0,first,,,Lai Ching-te–Hsiao Bi-khim,Democratic Progressive Party,6972,Chiayi County,TW-10010080,official,Official CEC presidential result at township/district level. The map shows the local leader; Taiwan elects one president nationally. Remote uninhabited claimed-island geometry is omitted from the display.
"Liujiao Township, Chiayi County",https://db.cec.gov.tw/ElecTable/Election/ElecTickets?dataType=tickets&typeId=ELC&subjectId=P0&legisId=00&themeId=4d83db17c1707e3defae5dc4d4e9c800&dataLevel=C&prvCode=00&cityCode=000&areaCode=00&deptCode=000&liCode=0000,https://data.gov.tw/dataset/7441,Lai Ching-te–Hsiao Bi-khim,Democratic Progressive Party,19059,12789,124,12913,67.75,3504,0,first,,,Hou Yu-ih–Jaw Shaw-kong,Kuomintang,3468,Chiayi County,TW-10010080,official,Official CEC presidential result at township/district level. The map shows the local leader; Taiwan elects one president nationally. Remote uninhabited claimed-island geometry is omitted from the display.
"Liujiao Township, Chiayi County",https://db.cec.gov.tw/ElecTable/Election/ElecTickets?dataType=tickets&typeId=ELC&subjectId=P0&legisId=00&themeId=4d83db17c1707e3defae5dc4d4e9c800&dataLevel=C&prvCode=00&cityCode=000&areaCode=00&deptCode=000&liCode=0000,https://data.gov.tw/dataset/7441,Lai Ching-te–Hsiao Bi-khim,Democratic Progressive Party,19059,12789,124,12913,67.75,3504,0,first,,,Ko Wen-je–Cynthia Wu,Taiwan People's Party,2349,Chiayi County,TW-10010080,official,Official CEC presidential result at township/district level. The map shows the local leader; Taiwan elects one president nationally. Remote uninhabited claimed-island geometry is omitted from the display.
"Dongshi Township, Chiayi County",https://db.cec.gov.tw/ElecTable/Election/ElecTickets?dataType=tickets&typeId=ELC&subjectId=P0&legisId=00&themeId=4d83db17c1707e3defae5dc4d4e9c800&dataLevel=C&prvCode=00&cityCode=000&areaCode=00&deptCode=000&liCode=0000,https://data.gov.tw/dataset/7441,Lai Ching-te–Hsiao Bi-khim,Democratic Progressive Party,20517,13169,147,13316,64.9,2234,0,first,,,Lai Ching-te–Hsiao Bi-khim,Democratic Progressive Party,6529,Chiayi County,TW-10010090,official,Official CEC presidential result at township/district level. The map shows the local leader; Taiwan elects one president nationally. Remote uninhabited claimed-island geometry is omitted from the display.
"Dongshi Township, Chiayi County",https://db.cec.gov.tw/ElecTable/Election/ElecTickets?dataType=tickets&typeId=ELC&subjectId=P0&legisId=00&themeId=4d83db17c1707e3defae5dc4d4e9c800&dataLevel=C&prvCode=00&cityCode=000&areaCode=00&deptCode=000&liCode=0000,https://data.gov.tw/dataset/7441,Lai Ching-te–Hsiao Bi-khim,Democratic Progressive Party,20517,13169,147,13316,64.9,2234,0,first,,,Hou Yu-ih–Jaw Shaw-kong,Kuomintang,4295,Chiayi County,TW-10010090,official,Official CEC presidential result at township/district level. The map shows the local leader; Taiwan elects one president nationally. Remote uninhabited claimed-island geometry is omitted from the display.
"Dongshi Township, Chiayi County",https://db.cec.gov.tw/ElecTable/Election/ElecTickets?dataType=tickets&typeId=ELC&subjectId=P0&legisId=00&themeId=4d83db17c1707e3defae5dc4d4e9c800&dataLevel=C&prvCode=00&cityCode=000&areaCode=00&deptCode=000&liCode=0000,https://data.gov.tw/dataset/7441,Lai Ching-te–Hsiao Bi-khim,Democratic Progressive Party,20517,13169,147,13316,64.9,2234,0,first,,,Ko Wen-je–Cynthia Wu,Taiwan People's Party,2345,Chiayi County,TW-10010090,official,Official CEC presidential result at township/district level. The map shows the local leader; Taiwan elects one president nationally. Remote uninhabited claimed-island geometry is omitted from the display.
"Yizhu Township, Chiayi County",https://db.cec.gov.tw/ElecTable/Election/ElecTickets?dataType=tickets&typeId=ELC&subjectId=P0&legisId=00&themeId=4d83db17c1707e3defae5dc4d4e9c800&dataLevel=C&prvCode=00&cityCode=000&areaCode=00&deptCode=000&liCode=0000,https://data.gov.tw/dataset/7441,Lai Ching-te–Hsiao Bi-khim,Democratic Progressive Party,15168,10204,102,10306,67.95,2333,0,first,,,Lai Ching-te–Hsiao Bi-khim,Democratic Progressive Party,5357,Chiayi County,TW-10010100,official,Official CEC presidential result at township/district level. The map shows the local leader; Taiwan elects one president nationally. Remote uninhabited claimed-island geometry is omitted from the display.
"Yizhu Township, Chiayi County",https://db.cec.gov.tw/ElecTable/Election/ElecTickets?dataType=tickets&typeId=ELC&subjectId=P0&legisId=00&themeId=4d83db17c1707e3defae5dc4d4e9c800&dataLevel=C&prvCode=00&cityCode=000&areaCode=00&deptCode=000&liCode=0000,https://data.gov.tw/dataset/7441,Lai Ching-te–Hsiao Bi-khim,Democratic Progressive Party,15168,10204,102,10306,67.95,2333,0,first,,,Hou Yu-ih–Jaw Shaw-kong,Kuomintang,3024,Chiayi County,TW-10010100,official,Official CEC presidential result at township/district level. The map shows the local leader; Taiwan elects one president nationally. Remote uninhabited claimed-island geometry is omitted from the display.
"Yizhu Township, Chiayi County",https://db.cec.gov.tw/ElecTable/Election/ElecTickets?dataType=tickets&typeId=ELC&subjectId=P0&legisId=00&themeId=4d83db17c1707e3defae5dc4d4e9c800&dataLevel=C&prvCode=00&cityCode=000&areaCode=00&deptCode=000&liCode=0000,https://data.gov.tw/dataset/7441,Lai Ching-te–Hsiao Bi-khim,Democratic Progressive Party,15168,10204,102,10306,67.95,2333,0,first,,,Ko Wen-je–Cynthia Wu,Taiwan People's Party,1823,Chiayi County,TW-10010100,official,Official CEC presidential result at township/district level. The map shows the local leader; Taiwan elects one president nationally. Remote uninhabited claimed-island geometry is omitted from the display.
"Lucao Township, Chiayi County",https://db.cec.gov.tw/ElecTable/Election/ElecTickets?dataType=tickets&typeId=ELC&subjectId=P0&legisId=00&themeId=4d83db17c1707e3defae5dc4d4e9c800&dataLevel=C&prvCode=00&cityCode=000&areaCode=00&deptCode=000&liCode=0000,https://data.gov.tw/dataset/7441,Lai Ching-te–Hsiao Bi-khim,Democratic Progressive Party,12812,8672,89,8761,68.38,2313,0,first,,,Lai Ching-te–Hsiao Bi-khim,Democratic Progressive Party,4626,Chiayi County,TW-10010110,official,Official CEC presidential result at township/district level. The map shows the local leader; Taiwan elects one president nationally. Remote uninhabited claimed-island geometry is omitted from the display.
"Lucao Township, Chiayi County",https://db.cec.gov.tw/ElecTable/Election/ElecTickets?dataType=tickets&typeId=ELC&subjectId=P0&legisId=00&themeId=4d83db17c1707e3defae5dc4d4e9c800&dataLevel=C&prvCode=00&cityCode=000&areaCode=00&deptCode=000&liCode=0000,https://data.gov.tw/dataset/7441,Lai Ching-te–Hsiao Bi-khim,Democratic Progressive Party,12812,8672,89,8761,68.38,2313,0,first,,,Hou Yu-ih–Jaw Shaw-kong,Kuomintang,2313,Chiayi County,TW-10010110,official,Official CEC presidential result at township/district level. The map shows the local leader; Taiwan elects one president nationally. Remote uninhabited claimed-island geometry is omitted from the display.
"Lucao Township, Chiayi County",https://db.cec.gov.tw/ElecTable/Election/ElecTickets?dataType=tickets&typeId=ELC&subjectId=P0&legisId=00&themeId=4d83db17c1707e3defae5dc4d4e9c800&dataLevel=C&prvCode=00&cityCode=000&areaCode=00&deptCode=000&liCode=0000,https://data.gov.tw/dataset/7441,Lai Ching-te–Hsiao Bi-khim,Democratic Progressive Party,12812,8672,89,8761,68.38,2313,0,first,,,Ko Wen-je–Cynthia Wu,Taiwan People's Party,1733,Chiayi County,TW-10010110,official,Official CEC presidential result at township/district level. The map shows the local leader; Taiwan elects one president nationally. Remote uninhabited claimed-island geometry is omitted from the display.
"Shuishang Township, Chiayi County",https://db.cec.gov.tw/ElecTable/Election/ElecTickets?dataType=tickets&typeId=ELC&subjectId=P0&legisId=00&themeId=4d83db17c1707e3defae5dc4d4e9c800&dataLevel=C&prvCode=00&cityCode=000&areaCode=00&deptCode=000&liCode=0000,https://data.gov.tw/dataset/7441,Lai Ching-te–Hsiao Bi-khim,Democratic Progressive Party,42415,29855,231,30086,70.93,5275,0,first,,,Lai Ching-te–Hsiao Bi-khim,Democratic Progressive Party,13917,Chiayi County,TW-10010120,official,Official CEC presidential result at township/district level. The map shows the local leader; Taiwan elects one president nationally. Remote uninhabited claimed-island geometry is omitted from the display.
"Shuishang Township, Chiayi County",https://db.cec.gov.tw/ElecTable/Election/ElecTickets?dataType=tickets&typeId=ELC&subjectId=P0&legisId=00&themeId=4d83db17c1707e3defae5dc4d4e9c800&dataLevel=C&prvCode=00&cityCode=000&areaCode=00&deptCode=000&liCode=0000,https://data.gov.tw/dataset/7441,Lai Ching-te–Hsiao Bi-khim,Democratic Progressive Party,42415,29855,231,30086,70.93,5275,0,first,,,Hou Yu-ih–Jaw Shaw-kong,Kuomintang,8642,Chiayi County,TW-10010120,official,Official CEC presidential result at township/district level. The map shows the local leader; Taiwan elects one president nationally. Remote uninhabited claimed-island geometry is omitted from the display.
"Shuishang Township, Chiayi County",https://db.cec.gov.tw/ElecTable/Election/ElecTickets?dataType=tickets&typeId=ELC&subjectId=P0&legisId=00&themeId=4d83db17c1707e3defae5dc4d4e9c800&dataLevel=C&prvCode=00&cityCode=000&areaCode=00&deptCode=000&liCode=0000,https://data.gov.tw/dataset/7441,Lai Ching-te–Hsiao Bi-khim,Democratic Progressive Party,42415,29855,231,30086,70.93,5275,0,first,,,Ko Wen-je–Cynthia Wu,Taiwan People's Party,7296,Chiayi County,TW-10010120,official,Official CEC presidential result at township/district level. The map shows the local leader; Taiwan elects one president nationally. Remote uninhabited claimed-island geometry is omitted from the display.
"Zhongpu Township, Chiayi County",https://db.cec.gov.tw/ElecTable/Election/ElecTickets?dataType=tickets&typeId=ELC&subjectId=P0&legisId=00&themeId=4d83db17c1707e3defae5dc4d4e9c800&dataLevel=C&prvCode=00&cityCode=000&areaCode=00&deptCode=000&liCode=0000,https://data.gov.tw/dataset/7441,Lai Ching-te–Hsiao Bi-khim,Democratic Progressive Party,37490,25760,198,25958,69.24,3984,0,first,,,Lai Ching-te–Hsiao Bi-khim,Democratic Progressive Party,11710,Chiayi County,TW-10010130,official,Official CEC presidential result at township/district level. The map shows the local leader; Taiwan elects one president nationally. Remote uninhabited claimed-island geometry is omitted from the display.
"Zhongpu Township, Chiayi County",https://db.cec.gov.tw/ElecTable/Election/ElecTickets?dataType=tickets&typeId=ELC&subjectId=P0&legisId=00&themeId=4d83db17c1707e3defae5dc4d4e9c800&dataLevel=C&prvCode=00&cityCode=000&areaCode=00&deptCode=000&liCode=0000,https://data.gov.tw/dataset/7441,Lai Ching-te–Hsiao Bi-khim,Democratic Progressive Party,37490,25760,198,25958,69.24,3984,0,first,,,Hou Yu-ih–Jaw Shaw-kong,Kuomintang,7726,Chiayi County,TW-10010130,official,Official CEC presidential result at township/district level. The map shows the local leader; Taiwan elects one president nationally. Remote uninhabited claimed-island geometry is omitted from the display.
"Zhongpu Township, Chiayi County",https://db.cec.gov.tw/ElecTable/Election/ElecTickets?dataType=tickets&typeId=ELC&subjectId=P0&legisId=00&themeId=4d83db17c1707e3defae5dc4d4e9c800&dataLevel=C&prvCode=00&cityCode=000&areaCode=00&deptCode=000&liCode=0000,https://data.gov.tw/dataset/7441,Lai Ching-te–Hsiao Bi-khim,Democratic Progressive Party,37490,25760,198,25958,69.24,3984,0,first,,,Ko Wen-je–Cynthia Wu,Taiwan People's Party,6324,Chiayi County,TW-10010130,official,Official CEC presidential result at township/district level. The map shows the local leader; Taiwan elects one president nationally. Remote uninhabited claimed-island geometry is omitted from the display.
"Zhuqi Township, Chiayi County",https://db.cec.gov.tw/ElecTable/Election/ElecTickets?dataType=tickets&typeId=ELC&subjectId=P0&legisId=00&themeId=4d83db17c1707e3defae5dc4d4e9c800&dataLevel=C&prvCode=00&cityCode=000&areaCode=00&deptCode=000&liCode=0000,https://data.gov.tw/dataset/7441,Lai Ching-te–Hsiao Bi-khim,Democratic Progressive Party,29366,20219,143,20362,69.34,3313,0,first,,,Lai Ching-te–Hsiao Bi-khim,Democratic Progressive Party,9471,Chiayi County,TW-10010140,official,Official CEC presidential result at township/district level. The map shows the local leader; Taiwan elects one president nationally. Remote uninhabited claimed-island geometry is omitted from the display.
"Zhuqi Township, Chiayi County",https://db.cec.gov.tw/ElecTable/Election/ElecTickets?dataType=tickets&typeId=ELC&subjectId=P0&legisId=00&themeId=4d83db17c1707e3defae5dc4d4e9c800&dataLevel=C&prvCode=00&cityCode=000&areaCode=00&deptCode=000&liCode=0000,https://data.gov.tw/dataset/7441,Lai Ching-te–Hsiao Bi-khim,Democratic Progressive Party,29366,20219,143,20362,69.34,3313,0,first,,,Hou Yu-ih–Jaw Shaw-kong,Kuomintang,6158,Chiayi County,TW-10010140,official,Official CEC presidential result at township/district level. The map shows the local leader; Taiwan elects one president nationally. Remote uninhabited claimed-island geometry is omitted from the display.
"Zhuqi Township, Chiayi County",https://db.cec.gov.tw/ElecTable/Election/ElecTickets?dataType=tickets&typeId=ELC&subjectId=P0&legisId=00&themeId=4d83db17c1707e3defae5dc4d4e9c800&dataLevel=C&prvCode=00&cityCode=000&areaCode=00&deptCode=000&liCode=0000,https://data.gov.tw/dataset/7441,Lai Ching-te–Hsiao Bi-khim,Democratic Progressive Party,29366,20219,143,20362,69.34,3313,0,first,,,Ko Wen-je–Cynthia Wu,Taiwan People's Party,4590,Chiayi County,TW-10010140,official,Official CEC presidential result at township/district level. The map shows the local leader; Taiwan elects one president nationally. Remote uninhabited claimed-island geometry is omitted from the display.
"Meishan Township, Chiayi County",https://db.cec.gov.tw/ElecTable/Election/ElecTickets?dataType=tickets&typeId=ELC&subjectId=P0&legisId=00&themeId=4d83db17c1707e3defae5dc4d4e9c800&dataLevel=C&prvCode=00&cityCode=000&areaCode=00&deptCode=000&liCode=0000,https://data.gov.tw/dataset/7441,Lai Ching-te–Hsiao Bi-khim,Democratic Progressive Party,15829,10952,92,11044,69.77,1377,0,first,,,Lai Ching-te–Hsiao Bi-khim,Democratic Progressive Party,4974,Chiayi County,TW-10010150,official,Official CEC presidential result at township/district level. The map shows the local leader; Taiwan elects one president nationally. Remote uninhabited claimed-island geometry is omitted from the display.
"Meishan Township, Chiayi County",https://db.cec.gov.tw/ElecTable/Election/ElecTickets?dataType=tickets&typeId=ELC&subjectId=P0&legisId=00&themeId=4d83db17c1707e3defae5dc4d4e9c800&dataLevel=C&prvCode=00&cityCode=000&areaCode=00&deptCode=000&liCode=0000,https://data.gov.tw/dataset/7441,Lai Ching-te–Hsiao Bi-khim,Democratic Progressive Party,15829,10952,92,11044,69.77,1377,0,first,,,Hou Yu-ih–Jaw Shaw-kong,Kuomintang,3597,Chiayi County,TW-10010150,official,Official CEC presidential result at township/district level. The map shows the local leader; Taiwan elects one president nationally. Remote uninhabited claimed-island geometry is omitted from the display.
"Meishan Township, Chiayi County",https://db.cec.gov.tw/ElecTable/Election/ElecTickets?dataType=tickets&typeId=ELC&subjectId=P0&legisId=00&themeId=4d83db17c1707e3defae5dc4d4e9c800&dataLevel=C&prvCode=00&cityCode=000&areaCode=00&deptCode=000&liCode=0000,https://data.gov.tw/dataset/7441,Lai Ching-te–Hsiao Bi-khim,Democratic Progressive Party,15829,10952,92,11044,69.77,1377,0,first,,,Ko Wen-je–Cynthia Wu,Taiwan People's Party,2381,Chiayi County,TW-10010150,official,Official CEC presidential result at township/district level. The map shows the local leader; Taiwan elects one president nationally. Remote uninhabited claimed-island geometry is omitted from the display.
"Fanlu Township, Chiayi County",https://db.cec.gov.tw/ElecTable/Election/ElecTickets?dataType=tickets&typeId=ELC&subjectId=P0&legisId=00&themeId=4d83db17c1707e3defae5dc4d4e9c800&dataLevel=C&prvCode=00&cityCode=000&areaCode=00&deptCode=000&liCode=0000,https://data.gov.tw/dataset/7441,Lai Ching-te–Hsiao Bi-khim,Democratic Progressive Party,9669,6622,48,6670,68.98,544,0,first,,,Lai Ching-te–Hsiao Bi-khim,Democratic Progressive Party,2821,Chiayi County,TW-10010160,official,Official CEC presidential result at township/district level. The map shows the local leader; Taiwan elects one president nationally. Remote uninhabited claimed-island geometry is omitted from the display.
"Fanlu Township, Chiayi County",https://db.cec.gov.tw/ElecTable/Election/ElecTickets?dataType=tickets&typeId=ELC&subjectId=P0&legisId=00&themeId=4d83db17c1707e3defae5dc4d4e9c800&dataLevel=C&prvCode=00&cityCode=000&areaCode=00&deptCode=000&liCode=0000,https://data.gov.tw/dataset/7441,Lai Ching-te–Hsiao Bi-khim,Democratic Progressive Party,9669,6622,48,6670,68.98,544,0,first,,,Hou Yu-ih–Jaw Shaw-kong,Kuomintang,2277,Chiayi County,TW-10010160,official,Official CEC presidential result at township/district level. The map shows the local leader; Taiwan elects one president nationally. Remote uninhabited claimed-island geometry is omitted from the display.
"Fanlu Township, Chiayi County",https://db.cec.gov.tw/ElecTable/Election/ElecTickets?dataType=tickets&typeId=ELC&subjectId=P0&legisId=00&themeId=4d83db17c1707e3defae5dc4d4e9c800&dataLevel=C&prvCode=00&cityCode=000&areaCode=00&deptCode=000&liCode=0000,https://data.gov.tw/dataset/7441,Lai Ching-te–Hsiao Bi-khim,Democratic Progressive Party,9669,6622,48,6670,68.98,544,0,first,,,Ko Wen-je–Cynthia Wu,Taiwan People's Party,1524,Chiayi County,TW-10010160,official,Official CEC presidential result at township/district level. The map shows the local leader; Taiwan elects one president nationally. Remote uninhabited claimed-island geometry is omitted from the display.
"Dapu Township, Chiayi County",https://db.cec.gov.tw/ElecTable/Election/ElecTickets?dataType=tickets&typeId=ELC&subjectId=P0&legisId=00&themeId=4d83db17c1707e3defae5dc4d4e9c800&dataLevel=C&prvCode=00&cityCode=000&areaCode=00&deptCode=000&liCode=0000,https://data.gov.tw/dataset/7441,Lai Ching-te–Hsiao Bi-khim,Democratic Progressive Party,3895,2108,22,2130,54.69,155,0,first,,,Lai Ching-te–Hsiao Bi-khim,Democratic Progressive Party,903,Chiayi County,TW-10010170,official,Official CEC presidential result at township/district level. The map shows the local leader; Taiwan elects one president nationally. Remote uninhabited claimed-island geometry is omitted from the display.
"Dapu Township, Chiayi County",https://db.cec.gov.tw/ElecTable/Election/ElecTickets?dataType=tickets&typeId=ELC&subjectId=P0&legisId=00&themeId=4d83db17c1707e3defae5dc4d4e9c800&dataLevel=C&prvCode=00&cityCode=000&areaCode=00&deptCode=000&liCode=0000,https://data.gov.tw/dataset/7441,Lai Ching-te–Hsiao Bi-khim,Democratic Progressive Party,3895,2108,22,2130,54.69,155,0,first,,,Hou Yu-ih–Jaw Shaw-kong,Kuomintang,748,Chiayi County,TW-10010170,official,Official CEC presidential result at township/district level. The map shows the local leader; Taiwan elects one president nationally. Remote uninhabited claimed-island geometry is omitted from the display.
"Dapu Township, Chiayi County",https://db.cec.gov.tw/ElecTable/Election/ElecTickets?dataType=tickets&typeId=ELC&subjectId=P0&legisId=00&themeId=4d83db17c1707e3defae5dc4d4e9c800&dataLevel=C&prvCode=00&cityCode=000&areaCode=00&deptCode=000&liCode=0000,https://data.gov.tw/dataset/7441,Lai Ching-te–Hsiao Bi-khim,Democratic Progressive Party,3895,2108,22,2130,54.69,155,0,first,,,Ko Wen-je–Cynthia Wu,Taiwan People's Party,457,Chiayi County,TW-10010170,official,Official CEC presidential result at township/district level. The map shows the local leader; Taiwan elects one president nationally. Remote uninhabited claimed-island geometry is omitted from the display.
"Alishan Township, Chiayi County",https://db.cec.gov.tw/ElecTable/Election/ElecTickets?dataType=tickets&typeId=ELC&subjectId=P0&legisId=00&themeId=4d83db17c1707e3defae5dc4d4e9c800&dataLevel=C&prvCode=00&cityCode=000&areaCode=00&deptCode=000&liCode=0000,https://data.gov.tw/dataset/7441,Hou Yu-ih–Jaw Shaw-kong,Kuomintang,4470,2805,19,2824,63.18,919,0,first,,,Hou Yu-ih–Jaw Shaw-kong,Kuomintang,1550,Chiayi County,TW-10010180,official,Official CEC presidential result at township/district level. The map shows the local leader; Taiwan elects one president nationally. Remote uninhabited claimed-island geometry is omitted from the display.
"Alishan Township, Chiayi County",https://db.cec.gov.tw/ElecTable/Election/ElecTickets?dataType=tickets&typeId=ELC&subjectId=P0&legisId=00&themeId=4d83db17c1707e3defae5dc4d4e9c800&dataLevel=C&prvCode=00&cityCode=000&areaCode=00&deptCode=000&liCode=0000,https://data.gov.tw/dataset/7441,Hou Yu-ih–Jaw Shaw-kong,Kuomintang,4470,2805,19,2824,63.18,919,0,first,,,Lai Ching-te–Hsiao Bi-khim,Democratic Progressive Party,631,Chiayi County,TW-10010180,official,Official CEC presidential result at township/district level. The map shows the local leader; Taiwan elects one president nationally. Remote uninhabited claimed-island geometry is omitted from the display.
"Alishan Township, Chiayi County",https://db.cec.gov.tw/ElecTable/Election/ElecTickets?dataType=tickets&typeId=ELC&subjectId=P0&legisId=00&themeId=4d83db17c1707e3defae5dc4d4e9c800&dataLevel=C&prvCode=00&cityCode=000&areaCode=00&deptCode=000&liCode=0000,https://data.gov.tw/dataset/7441,Hou Yu-ih–Jaw Shaw-kong,Kuomintang,4470,2805,19,2824,63.18,919,0,first,,,Ko Wen-je–Cynthia Wu,Taiwan People's Party,624,Chiayi County,TW-10010180,official,Official CEC presidential result at township/district level. The map shows the local leader; Taiwan elects one president nationally. Remote uninhabited claimed-island geometry is omitted from the display.
"Pingtung City, Pingtung County",https://db.cec.gov.tw/ElecTable/Election/ElecTickets?dataType=tickets&typeId=ELC&subjectId=P0&legisId=00&themeId=4d83db17c1707e3defae5dc4d4e9c800&dataLevel=C&prvCode=00&cityCode=000&areaCode=00&deptCode=000&liCode=0000,https://data.gov.tw/dataset/7441,Lai Ching-te–Hsiao Bi-khim,Democratic Progressive Party,163068,116168,690,116858,71.66,11393,0,first,,,Lai Ching-te–Hsiao Bi-khim,Democratic Progressive Party,50346,Pingtung County,TW-10013010,official,Official CEC presidential result at township/district level. The map shows the local leader; Taiwan elects one president nationally. Remote uninhabited claimed-island geometry is omitted from the display.
"Pingtung City, Pingtung County",https://db.cec.gov.tw/ElecTable/Election/ElecTickets?dataType=tickets&typeId=ELC&subjectId=P0&legisId=00&themeId=4d83db17c1707e3defae5dc4d4e9c800&dataLevel=C&prvCode=00&cityCode=000&areaCode=00&deptCode=000&liCode=0000,https://data.gov.tw/dataset/7441,Lai Ching-te–Hsiao Bi-khim,Democratic Progressive Party,163068,116168,690,116858,71.66,11393,0,first,,,Hou Yu-ih–Jaw Shaw-kong,Kuomintang,38953,Pingtung County,TW-10013010,official,Official CEC presidential result at township/district level. The map shows the local leader; Taiwan elects one president nationally. Remote uninhabited claimed-island geometry is omitted from the display.
"Pingtung City, Pingtung County",https://db.cec.gov.tw/ElecTable/Election/ElecTickets?dataType=tickets&typeId=ELC&subjectId=P0&legisId=00&themeId=4d83db17c1707e3defae5dc4d4e9c800&dataLevel=C&prvCode=00&cityCode=000&areaCode=00&deptCode=000&liCode=0000,https://data.gov.tw/dataset/7441,Lai Ching-te–Hsiao Bi-khim,Democratic Progressive Party,163068,116168,690,116858,71.66,11393,0,first,,,Ko Wen-je–Cynthia Wu,Taiwan People's Party,26869,Pingtung County,TW-10013010,official,Official CEC presidential result at township/district level. The map shows the local leader; Taiwan elects one president nationally. Remote uninhabited claimed-island geometry is omitted from the display.
"Chaozhou Township, Pingtung County",https://db.cec.gov.tw/ElecTable/Election/ElecTickets?dataType=tickets&typeId=ELC&subjectId=P0&legisId=00&themeId=4d83db17c1707e3defae5dc4d4e9c800&dataLevel=C&prvCode=00&cityCode=000&areaCode=00&deptCode=000&liCode=0000,https://data.gov.tw/dataset/7441,Lai Ching-te–Hsiao Bi-khim,Democratic Progressive Party,45565,31751,202,31953,70.13,5470,0,first,,,Lai Ching-te–Hsiao Bi-khim,Democratic Progressive Party,15019,Pingtung County,TW-10013020,official,Official CEC presidential result at township/district level. The map shows the local leader; Taiwan elects one president nationally. Remote uninhabited claimed-island geometry is omitted from the display.
"Chaozhou Township, Pingtung County",https://db.cec.gov.tw/ElecTable/Election/ElecTickets?dataType=tickets&typeId=ELC&subjectId=P0&legisId=00&themeId=4d83db17c1707e3defae5dc4d4e9c800&dataLevel=C&prvCode=00&cityCode=000&areaCode=00&deptCode=000&liCode=0000,https://data.gov.tw/dataset/7441,Lai Ching-te–Hsiao Bi-khim,Democratic Progressive Party,45565,31751,202,31953,70.13,5470,0,first,,,Hou Yu-ih–Jaw Shaw-kong,Kuomintang,9549,Pingtung County,TW-10013020,official,Official CEC presidential result at township/district level. The map shows the local leader; Taiwan elects one president nationally. Remote uninhabited claimed-island geometry is omitted from the display.
"Chaozhou Township, Pingtung County",https://db.cec.gov.tw/ElecTable/Election/ElecTickets?dataType=tickets&typeId=ELC&subjectId=P0&legisId=00&themeId=4d83db17c1707e3defae5dc4d4e9c800&dataLevel=C&prvCode=00&cityCode=000&areaCode=00&deptCode=000&liCode=0000,https://data.gov.tw/dataset/7441,Lai Ching-te–Hsiao Bi-khim,Democratic Progressive Party,45565,31751,202,31953,70.13,5470,0,first,,,Ko Wen-je–Cynthia Wu,Taiwan People's Party,7183,Pingtung County,TW-10013020,official,Official CEC presidential result at township/district level. The map shows the local leader; Taiwan elects one president nationally. Remote uninhabited claimed-island geometry is omitted from the display.
"Donggang Township, Pingtung County",https://db.cec.gov.tw/ElecTable/Election/ElecTickets?dataType=tickets&typeId=ELC&subjectId=P0&legisId=00&themeId=4d83db17c1707e3defae5dc4d4e9c800&dataLevel=C&prvCode=00&cityCode=000&areaCode=00&deptCode=000&liCode=0000,https://data.gov.tw/dataset/7441,Lai Ching-te–Hsiao Bi-khim,Democratic Progressive Party,38178,26986,190,27176,71.18,7460,0,first,,,Lai Ching-te–Hsiao Bi-khim,Democratic Progressive Party,14271,Pingtung County,TW-10013030,official,Official CEC presidential result at township/district level. The map shows the local leader; Taiwan elects one president nationally. Remote uninhabited claimed-island geometry is omitted from the display.
"Donggang Township, Pingtung County",https://db.cec.gov.tw/ElecTable/Election/ElecTickets?dataType=tickets&typeId=ELC&subjectId=P0&legisId=00&themeId=4d83db17c1707e3defae5dc4d4e9c800&dataLevel=C&prvCode=00&cityCode=000&areaCode=00&deptCode=000&liCode=0000,https://data.gov.tw/dataset/7441,Lai Ching-te–Hsiao Bi-khim,Democratic Progressive Party,38178,26986,190,27176,71.18,7460,0,first,,,Hou Yu-ih–Jaw Shaw-kong,Kuomintang,6811,Pingtung County,TW-10013030,official,Official CEC presidential result at township/district level. The map shows the local leader; Taiwan elects one president nationally. Remote uninhabited claimed-island geometry is omitted from the display.
"Donggang Township, Pingtung County",https://db.cec.gov.tw/ElecTable/Election/ElecTickets?dataType=tickets&typeId=ELC&subjectId=P0&legisId=00&themeId=4d83db17c1707e3defae5dc4d4e9c800&dataLevel=C&prvCode=00&cityCode=000&areaCode=00&deptCode=000&liCode=0000,https://data.gov.tw/dataset/7441,Lai Ching-te–Hsiao Bi-khim,Democratic Progressive Party,38178,26986,190,27176,71.18,7460,0,first,,,Ko Wen-je–Cynthia Wu,Taiwan People's Party,5904,Pingtung County,TW-10013030,official,Official CEC presidential result at township/district level. The map shows the local leader; Taiwan elects one president nationally. Remote uninhabited claimed-island geometry is omitted from the display.
"Hengchun Township, Pingtung County",https://db.cec.gov.tw/ElecTable/Election/ElecTickets?dataType=tickets&typeId=ELC&subjectId=P0&legisId=00&themeId=4d83db17c1707e3defae5dc4d4e9c800&dataLevel=C&prvCode=00&cityCode=000&areaCode=00&deptCode=000&liCode=0000,https://data.gov.tw/dataset/7441,Lai Ching-te–Hsiao Bi-khim,Democratic Progressive Party,24771,15015,135,15150,61.16,1250,0,first,,,Lai Ching-te–Hsiao Bi-khim,Democratic Progressive Party,6362,Pingtung County,TW-10013040,official,Official CEC presidential result at township/district level. The map shows the local leader; Taiwan elects one president nationally. Remote uninhabited claimed-island geometry is omitted from the display.
"Hengchun Township, Pingtung County",https://db.cec.gov.tw/ElecTable/Election/ElecTickets?dataType=tickets&typeId=ELC&subjectId=P0&legisId=00&themeId=4d83db17c1707e3defae5dc4d4e9c800&dataLevel=C&prvCode=00&cityCode=000&areaCode=00&deptCode=000&liCode=0000,https://data.gov.tw/dataset/7441,Lai Ching-te–Hsiao Bi-khim,Democratic Progressive Party,24771,15015,135,15150,61.16,1250,0,first,,,Hou Yu-ih–Jaw Shaw-kong,Kuomintang,5112,Pingtung County,TW-10013040,official,Official CEC presidential result at township/district level. The map shows the local leader; Taiwan elects one president nationally. Remote uninhabited claimed-island geometry is omitted from the display.
"Hengchun Township, Pingtung County",https://db.cec.gov.tw/ElecTable/Election/ElecTickets?dataType=tickets&typeId=ELC&subjectId=P0&legisId=00&themeId=4d83db17c1707e3defae5dc4d4e9c800&dataLevel=C&prvCode=00&cityCode=000&areaCode=00&deptCode=000&liCode=0000,https://data.gov.tw/dataset/7441,Lai Ching-te–Hsiao Bi-khim,Democratic Progressive Party,24771,15015,135,15150,61.16,1250,0,first,,,Ko Wen-je–Cynthia Wu,Taiwan People's Party,3541,Pingtung County,TW-10013040,official,Official CEC presidential result at township/district level. The map shows the local leader; Taiwan elects one president nationally. Remote uninhabited claimed-island geometry is omitted from the display.
"Wandan Township, Pingtung County",https://db.cec.gov.tw/ElecTable/Election/ElecTickets?dataType=tickets&typeId=ELC&subjectId=P0&legisId=00&themeId=4d83db17c1707e3defae5dc4d4e9c800&dataLevel=C&prvCode=00&cityCode=000&areaCode=00&deptCode=000&liCode=0000,https://data.gov.tw/dataset/7441,Lai Ching-te–Hsiao Bi-khim,Democratic Progressive Party,42063,30193,250,30443,72.37,7878,0,first,,,Lai Ching-te–Hsiao Bi-khim,Democratic Progressive Party,15685,Pingtung County,TW-10013050,official,Official CEC presidential result at township/district level. The map shows the local leader; Taiwan elects one president nationally. Remote uninhabited claimed-island geometry is omitted from the display.
"Wandan Township, Pingtung County",https://db.cec.gov.tw/ElecTable/Election/ElecTickets?dataType=tickets&typeId=ELC&subjectId=P0&legisId=00&themeId=4d83db17c1707e3defae5dc4d4e9c800&dataLevel=C&prvCode=00&cityCode=000&areaCode=00&deptCode=000&liCode=0000,https://data.gov.tw/dataset/7441,Lai Ching-te–Hsiao Bi-khim,Democratic Progressive Party,42063,30193,250,30443,72.37,7878,0,first,,,Hou Yu-ih–Jaw Shaw-kong,Kuomintang,7807,Pingtung County,TW-10013050,official,Official CEC presidential result at township/district level. The map shows the local leader; Taiwan elects one president nationally. Remote uninhabited claimed-island geometry is omitted from the display.
"Wandan Township, Pingtung County",https://db.cec.gov.tw/ElecTable/Election/ElecTickets?dataType=tickets&typeId=ELC&subjectId=P0&legisId=00&themeId=4d83db17c1707e3defae5dc4d4e9c800&dataLevel=C&prvCode=00&cityCode=000&areaCode=00&deptCode=000&liCode=0000,https://data.gov.tw/dataset/7441,Lai Ching-te–Hsiao Bi-khim,Democratic Progressive Party,42063,30193,250,30443,72.37,7878,0,first,,,Ko Wen-je–Cynthia Wu,Taiwan People's Party,6701,Pingtung County,TW-10013050,official,Official CEC presidential result at township/district level. The map shows the local leader; Taiwan elects one president nationally. Remote uninhabited claimed-island geometry is omitted from the display.
"Changzhi Township, Pingtung County",https://db.cec.gov.tw/ElecTable/Election/ElecTickets?dataType=tickets&typeId=ELC&subjectId=P0&legisId=00&themeId=4d83db17c1707e3defae5dc4d4e9c800&dataLevel=C&prvCode=00&cityCode=000&areaCode=00&deptCode=000&liCode=0000,https://data.gov.tw/dataset/7441,Lai Ching-te–Hsiao Bi-khim,Democratic Progressive Party,25635,18278,128,18406,71.8,3230,0,first,,,Lai Ching-te–Hsiao Bi-khim,Democratic Progressive Party,8696,Pingtung County,TW-10013060,official,Official CEC presidential result at township/district level. The map shows the local leader; Taiwan elects one president nationally. Remote uninhabited claimed-island geometry is omitted from the display.
"Changzhi Township, Pingtung County",https://db.cec.gov.tw/ElecTable/Election/ElecTickets?dataType=tickets&typeId=ELC&subjectId=P0&legisId=00&themeId=4d83db17c1707e3defae5dc4d4e9c800&dataLevel=C&prvCode=00&cityCode=000&areaCode=00&deptCode=000&liCode=0000,https://data.gov.tw/dataset/7441,Lai Ching-te–Hsiao Bi-khim,Democratic Progressive Party,25635,18278,128,18406,71.8,3230,0,first,,,Hou Yu-ih–Jaw Shaw-kong,Kuomintang,5466,Pingtung County,TW-10013060,official,Official CEC presidential result at township/district level. The map shows the local leader; Taiwan elects one president nationally. Remote uninhabited claimed-island geometry is omitted from the display.
"Changzhi Township, Pingtung County",https://db.cec.gov.tw/ElecTable/Election/ElecTickets?dataType=tickets&typeId=ELC&subjectId=P0&legisId=00&themeId=4d83db17c1707e3defae5dc4d4e9c800&dataLevel=C&prvCode=00&cityCode=000&areaCode=00&deptCode=000&liCode=0000,https://data.gov.tw/dataset/7441,Lai Ching-te–Hsiao Bi-khim,Democratic Progressive Party,25635,18278,128,18406,71.8,3230,0,first,,,Ko Wen-je–Cynthia Wu,Taiwan People's Party,4116,Pingtung County,TW-10013060,official,Official CEC presidential result at township/district level. The map shows the local leader; Taiwan elects one president nationally. Remote uninhabited claimed-island geometry is omitted from the display.
"Linluo Township, Pingtung County",https://db.cec.gov.tw/ElecTable/Election/ElecTickets?dataType=tickets&typeId=ELC&subjectId=P0&legisId=00&themeId=4d83db17c1707e3defae5dc4d4e9c800&dataLevel=C&prvCode=00&cityCode=000&areaCode=00&deptCode=000&liCode=0000,https://data.gov.tw/dataset/7441,Lai Ching-te–Hsiao Bi-khim,Democratic Progressive Party,9543,7122,48,7170,75.13,1909,0,first,,,Lai Ching-te–Hsiao Bi-khim,Democratic Progressive Party,3825,Pingtung County,TW-10013070,official,Official CEC presidential result at township/district level. The map shows the local leader; Taiwan elects one president nationally. Remote uninhabited claimed-island geometry is omitted from the display.
"Linluo Township, Pingtung County",https://db.cec.gov.tw/ElecTable/Election/ElecTickets?dataType=tickets&typeId=ELC&subjectId=P0&legisId=00&themeId=4d83db17c1707e3defae5dc4d4e9c800&dataLevel=C&prvCode=00&cityCode=000&areaCode=00&deptCode=000&liCode=0000,https://data.gov.tw/dataset/7441,Lai Ching-te–Hsiao Bi-khim,Democratic Progressive Party,9543,7122,48,7170,75.13,1909,0,first,,,Hou Yu-ih–Jaw Shaw-kong,Kuomintang,1916,Pingtung County,TW-10013070,official,Official CEC presidential result at township/district level. The map shows the local leader; Taiwan elects one president nationally. Remote uninhabited claimed-island geometry is omitted from the display.
"Linluo Township, Pingtung County",https://db.cec.gov.tw/ElecTable/Election/ElecTickets?dataType=tickets&typeId=ELC&subjectId=P0&legisId=00&themeId=4d83db17c1707e3defae5dc4d4e9c800&dataLevel=C&prvCode=00&cityCode=000&areaCode=00&deptCode=000&liCode=0000,https://data.gov.tw/dataset/7441,Lai Ching-te–Hsiao Bi-khim,Democratic Progressive Party,9543,7122,48,7170,75.13,1909,0,first,,,Ko Wen-je–Cynthia Wu,Taiwan People's Party,1381,Pingtung County,TW-10013070,official,Official CEC presidential result at township/district level. The map shows the local leader; Taiwan elects one president nationally. Remote uninhabited claimed-island geometry is omitted from the display.
"Jiuru Township, Pingtung County",https://db.cec.gov.tw/ElecTable/Election/ElecTickets?dataType=tickets&typeId=ELC&subjectId=P0&legisId=00&themeId=4d83db17c1707e3defae5dc4d4e9c800&dataLevel=C&prvCode=00&cityCode=000&areaCode=00&deptCode=000&liCode=0000,https://data.gov.tw/dataset/7441,Lai Ching-te–Hsiao Bi-khim,Democratic Progressive Party,18757,13602,90,13692,73.0,4889,0,first,,,Lai Ching-te–Hsiao Bi-khim,Democratic Progressive Party,7819,Pingtung County,TW-10013080,official,Official CEC presidential result at township/district level. The map shows the local leader; Taiwan elects one president nationally. Remote uninhabited claimed-island geometry is omitted from the display.
"Jiuru Township, Pingtung County",https://db.cec.gov.tw/ElecTable/Election/ElecTickets?dataType=tickets&typeId=ELC&subjectId=P0&legisId=00&themeId=4d83db17c1707e3defae5dc4d4e9c800&dataLevel=C&prvCode=00&cityCode=000&areaCode=00&deptCode=000&liCode=0000,https://data.gov.tw/dataset/7441,Lai Ching-te–Hsiao Bi-khim,Democratic Progressive Party,18757,13602,90,13692,73.0,4889,0,first,,,Hou Yu-ih–Jaw Shaw-kong,Kuomintang,2930,Pingtung County,TW-10013080,official,Official CEC presidential result at township/district level. The map shows the local leader; Taiwan elects one president nationally. Remote uninhabited claimed-island geometry is omitted from the display.
"Jiuru Township, Pingtung County",https://db.cec.gov.tw/ElecTable/Election/ElecTickets?dataType=tickets&typeId=ELC&subjectId=P0&legisId=00&themeId=4d83db17c1707e3defae5dc4d4e9c800&dataLevel=C&prvCode=00&cityCode=000&areaCode=00&deptCode=000&liCode=0000,https://data.gov.tw/dataset/7441,Lai Ching-te–Hsiao Bi-khim,Democratic Progressive Party,18757,13602,90,13692,73.0,4889,0,first,,,Ko Wen-je–Cynthia Wu,Taiwan People's Party,2853,Pingtung County,TW-10013080,official,Official CEC presidential result at township/district level. The map shows the local leader; Taiwan elects one president nationally. Remote uninhabited claimed-island geometry is omitted from the display.
"Ligang Township, Pingtung County",https://db.cec.gov.tw/ElecTable/Election/ElecTickets?dataType=tickets&typeId=ELC&subjectId=P0&legisId=00&themeId=4d83db17c1707e3defae5dc4d4e9c800&dataLevel=C&prvCode=00&cityCode=000&areaCode=00&deptCode=000&liCode=0000,https://data.gov.tw/dataset/7441,Lai Ching-te–Hsiao Bi-khim,Democratic Progressive Party,21608,15652,113,15765,72.96,4617,0,first,,,Lai Ching-te–Hsiao Bi-khim,Democratic Progressive Party,8368,Pingtung County,TW-10013090,official,Official CEC presidential result at township/district level. The map shows the local leader; Taiwan elects one president nationally. Remote uninhabited claimed-island geometry is omitted from the display.
"Ligang Township, Pingtung County",https://db.cec.gov.tw/ElecTable/Election/ElecTickets?dataType=tickets&typeId=ELC&subjectId=P0&legisId=00&themeId=4d83db17c1707e3defae5dc4d4e9c800&dataLevel=C&prvCode=00&cityCode=000&areaCode=00&deptCode=000&liCode=0000,https://data.gov.tw/dataset/7441,Lai Ching-te–Hsiao Bi-khim,Democratic Progressive Party,21608,15652,113,15765,72.96,4617,0,first,,,Hou Yu-ih–Jaw Shaw-kong,Kuomintang,3751,Pingtung County,TW-10013090,official,Official CEC presidential result at township/district level. The map shows the local leader; Taiwan elects one president nationally. Remote uninhabited claimed-island geometry is omitted from the display.
"Ligang Township, Pingtung County",https://db.cec.gov.tw/ElecTable/Election/ElecTickets?dataType=tickets&typeId=ELC&subjectId=P0&legisId=00&themeId=4d83db17c1707e3defae5dc4d4e9c800&dataLevel=C&prvCode=00&cityCode=000&areaCode=00&deptCode=000&liCode=0000,https://data.gov.tw/dataset/7441,Lai Ching-te–Hsiao Bi-khim,Democratic Progressive Party,21608,15652,113,15765,72.96,4617,0,first,,,Ko Wen-je–Cynthia Wu,Taiwan People's Party,3533,Pingtung County,TW-10013090,official,Official CEC presidential result at township/district level. The map shows the local leader; Taiwan elects one president nationally. Remote uninhabited claimed-island geometry is omitted from the display.
"Yanpu Township, Pingtung County",https://db.cec.gov.tw/ElecTable/Election/ElecTickets?dataType=tickets&typeId=ELC&subjectId=P0&legisId=00&themeId=4d83db17c1707e3defae5dc4d4e9c800&dataLevel=C&prvCode=00&cityCode=000&areaCode=00&deptCode=000&liCode=0000,https://data.gov.tw/dataset/7441,Lai Ching-te–Hsiao Bi-khim,Democratic Progressive Party,20999,14392,107,14499,69.05,2007,0,first,,,Lai Ching-te–Hsiao Bi-khim,Democratic Progressive Party,6587,Pingtung County,TW-10013100,official,Official CEC presidential result at township/district level. The map shows the local leader; Taiwan elects one president nationally. Remote uninhabited claimed-island geometry is omitted from the display.
"Yanpu Township, Pingtung County",https://db.cec.gov.tw/ElecTable/Election/ElecTickets?dataType=tickets&typeId=ELC&subjectId=P0&legisId=00&themeId=4d83db17c1707e3defae5dc4d4e9c800&dataLevel=C&prvCode=00&cityCode=000&areaCode=00&deptCode=000&liCode=0000,https://data.gov.tw/dataset/7441,Lai Ching-te–Hsiao Bi-khim,Democratic Progressive Party,20999,14392,107,14499,69.05,2007,0,first,,,Hou Yu-ih–Jaw Shaw-kong,Kuomintang,4580,Pingtung County,TW-10013100,official,Official CEC presidential result at township/district level. The map shows the local leader; Taiwan elects one president nationally. Remote uninhabited claimed-island geometry is omitted from the display.
"Yanpu Township, Pingtung County",https://db.cec.gov.tw/ElecTable/Election/ElecTickets?dataType=tickets&typeId=ELC&subjectId=P0&legisId=00&themeId=4d83db17c1707e3defae5dc4d4e9c800&dataLevel=C&prvCode=00&cityCode=000&areaCode=00&deptCode=000&liCode=0000,https://data.gov.tw/dataset/7441,Lai Ching-te–Hsiao Bi-khim,Democratic Progressive Party,20999,14392,107,14499,69.05,2007,0,first,,,Ko Wen-je–Cynthia Wu,Taiwan People's Party,3225,Pingtung County,TW-10013100,official,Official CEC presidential result at township/district level. The map shows the local leader; Taiwan elects one president nationally. Remote uninhabited claimed-island geometry is omitted from the display.
"Gaoshu Township, Pingtung County",https://db.cec.gov.tw/ElecTable/Election/ElecTickets?dataType=tickets&typeId=ELC&subjectId=P0&legisId=00&themeId=4d83db17c1707e3defae5dc4d4e9c800&dataLevel=C&prvCode=00&cityCode=000&areaCode=00&deptCode=000&liCode=0000,https://data.gov.tw/dataset/7441,Lai Ching-te–Hsiao Bi-khim,Democratic Progressive Party,20313,13804,125,13929,68.57,4787,0,first,,,Lai Ching-te–Hsiao Bi-khim,Democratic Progressive Party,8148,Pingtung County,TW-10013110,official,Official CEC presidential result at township/district level. The map shows the local leader; Taiwan elects one president nationally. Remote uninhabited claimed-island geometry is omitted from the display.
"Gaoshu Township, Pingtung County",https://db.cec.gov.tw/ElecTable/Election/ElecTickets?dataType=tickets&typeId=ELC&subjectId=P0&legisId=00&themeId=4d83db17c1707e3defae5dc4d4e9c800&dataLevel=C&prvCode=00&cityCode=000&areaCode=00&deptCode=000&liCode=0000,https://data.gov.tw/dataset/7441,Lai Ching-te–Hsiao Bi-khim,Democratic Progressive Party,20313,13804,125,13929,68.57,4787,0,first,,,Hou Yu-ih–Jaw Shaw-kong,Kuomintang,3361,Pingtung County,TW-10013110,official,Official CEC presidential result at township/district level. The map shows the local leader; Taiwan elects one president nationally. Remote uninhabited claimed-island geometry is omitted from the display.
"Gaoshu Township, Pingtung County",https://db.cec.gov.tw/ElecTable/Election/ElecTickets?dataType=tickets&typeId=ELC&subjectId=P0&legisId=00&themeId=4d83db17c1707e3defae5dc4d4e9c800&dataLevel=C&prvCode=00&cityCode=000&areaCode=00&deptCode=000&liCode=0000,https://data.gov.tw/dataset/7441,Lai Ching-te–Hsiao Bi-khim,Democratic Progressive Party,20313,13804,125,13929,68.57,4787,0,first,,,Ko Wen-je–Cynthia Wu,Taiwan People's Party,2295,Pingtung County,TW-10013110,official,Official CEC presidential result at township/district level. The map shows the local leader; Taiwan elects one president nationally. Remote uninhabited claimed-island geometry is omitted from the display.
"Wanluan Township, Pingtung County",https://db.cec.gov.tw/ElecTable/Election/ElecTickets?dataType=tickets&typeId=ELC&subjectId=P0&legisId=00&themeId=4d83db17c1707e3defae5dc4d4e9c800&dataLevel=C&prvCode=00&cityCode=000&areaCode=00&deptCode=000&liCode=0000,https://data.gov.tw/dataset/7441,Lai Ching-te–Hsiao Bi-khim,Democratic Progressive Party,16726,11660,81,11741,70.2,3576,0,first,,,Lai Ching-te–Hsiao Bi-khim,Democratic Progressive Party,6502,Pingtung County,TW-10013120,official,Official CEC presidential result at township/district level. The map shows the local leader; Taiwan elects one president nationally. Remote uninhabited claimed-island geometry is omitted from the display.
"Wanluan Township, Pingtung County",https://db.cec.gov.tw/ElecTable/Election/ElecTickets?dataType=tickets&typeId=ELC&subjectId=P0&legisId=00&themeId=4d83db17c1707e3defae5dc4d4e9c800&dataLevel=C&prvCode=00&cityCode=000&areaCode=00&deptCode=000&liCode=0000,https://data.gov.tw/dataset/7441,Lai Ching-te–Hsiao Bi-khim,Democratic Progressive Party,16726,11660,81,11741,70.2,3576,0,first,,,Hou Yu-ih–Jaw Shaw-kong,Kuomintang,2926,Pingtung County,TW-10013120,official,Official CEC presidential result at township/district level. The map shows the local leader; Taiwan elects one president nationally. Remote uninhabited claimed-island geometry is omitted from the display.
"Wanluan Township, Pingtung County",https://db.cec.gov.tw/ElecTable/Election/ElecTickets?dataType=tickets&typeId=ELC&subjectId=P0&legisId=00&themeId=4d83db17c1707e3defae5dc4d4e9c800&dataLevel=C&prvCode=00&cityCode=000&areaCode=00&deptCode=000&liCode=0000,https://data.gov.tw/dataset/7441,Lai Ching-te–Hsiao Bi-khim,Democratic Progressive Party,16726,11660,81,11741,70.2,3576,0,first,,,Ko Wen-je–Cynthia Wu,Taiwan People's Party,2232,Pingtung County,TW-10013120,official,Official CEC presidential result at township/district level. The map shows the local leader; Taiwan elects one president nationally. Remote uninhabited claimed-island geometry is omitted from the display.
"Neipu Township, Pingtung County",https://db.cec.gov.tw/ElecTable/Election/ElecTickets?dataType=tickets&typeId=ELC&subjectId=P0&legisId=00&themeId=4d83db17c1707e3defae5dc4d4e9c800&dataLevel=C&prvCode=00&cityCode=000&areaCode=00&deptCode=000&liCode=0000,https://data.gov.tw/dataset/7441,Lai Ching-te–Hsiao Bi-khim,Democratic Progressive Party,46002,31671,206,31877,69.29,6791,0,first,,,Lai Ching-te–Hsiao Bi-khim,Democratic Progressive Party,15833,Pingtung County,TW-10013130,official,Official CEC presidential result at township/district level. The map shows the local leader; Taiwan elects one president nationally. Remote uninhabited claimed-island geometry is omitted from the display.
"Neipu Township, Pingtung County",https://db.cec.gov.tw/ElecTable/Election/ElecTickets?dataType=tickets&typeId=ELC&subjectId=P0&legisId=00&themeId=4d83db17c1707e3defae5dc4d4e9c800&dataLevel=C&prvCode=00&cityCode=000&areaCode=00&deptCode=000&liCode=0000,https://data.gov.tw/dataset/7441,Lai Ching-te–Hsiao Bi-khim,Democratic Progressive Party,46002,31671,206,31877,69.29,6791,0,first,,,Hou Yu-ih–Jaw Shaw-kong,Kuomintang,9042,Pingtung County,TW-10013130,official,Official CEC presidential result at township/district level. The map shows the local leader; Taiwan elects one president nationally. Remote uninhabited claimed-island geometry is omitted from the display.
"Neipu Township, Pingtung County",https://db.cec.gov.tw/ElecTable/Election/ElecTickets?dataType=tickets&typeId=ELC&subjectId=P0&legisId=00&themeId=4d83db17c1707e3defae5dc4d4e9c800&dataLevel=C&prvCode=00&cityCode=000&areaCode=00&deptCode=000&liCode=0000,https://data.gov.tw/dataset/7441,Lai Ching-te–Hsiao Bi-khim,Democratic Progressive Party,46002,31671,206,31877,69.29,6791,0,first,,,Ko Wen-je–Cynthia Wu,Taiwan People's Party,6796,Pingtung County,TW-10013130,official,Official CEC presidential result at township/district level. The map shows the local leader; Taiwan elects one president nationally. Remote uninhabited claimed-island geometry is omitted from the display.
"Zhutian Township, Pingtung County",https://db.cec.gov.tw/ElecTable/Election/ElecTickets?dataType=tickets&typeId=ELC&subjectId=P0&legisId=00&themeId=4d83db17c1707e3defae5dc4d4e9c800&dataLevel=C&prvCode=00&cityCode=000&areaCode=00&deptCode=000&liCode=0000,https://data.gov.tw/dataset/7441,Lai Ching-te–Hsiao Bi-khim,Democratic Progressive Party,14235,10317,70,10387,72.97,2751,0,first,,,Lai Ching-te–Hsiao Bi-khim,Democratic Progressive Party,5576,Pingtung County,TW-10013140,official,Official CEC presidential result at township/district level. The map shows the local leader; Taiwan elects one president nationally. Remote uninhabited claimed-island geometry is omitted from the display.
"Zhutian Township, Pingtung County",https://db.cec.gov.tw/ElecTable/Election/ElecTickets?dataType=tickets&typeId=ELC&subjectId=P0&legisId=00&themeId=4d83db17c1707e3defae5dc4d4e9c800&dataLevel=C&prvCode=00&cityCode=000&areaCode=00&deptCode=000&liCode=0000,https://data.gov.tw/dataset/7441,Lai Ching-te–Hsiao Bi-khim,Democratic Progressive Party,14235,10317,70,10387,72.97,2751,0,first,,,Hou Yu-ih–Jaw Shaw-kong,Kuomintang,2825,Pingtung County,TW-10013140,official,Official CEC presidential result at township/district level. The map shows the local leader; Taiwan elects one president nationally. Remote uninhabited claimed-island geometry is omitted from the display.
"Zhutian Township, Pingtung County",https://db.cec.gov.tw/ElecTable/Election/ElecTickets?dataType=tickets&typeId=ELC&subjectId=P0&legisId=00&themeId=4d83db17c1707e3defae5dc4d4e9c800&dataLevel=C&prvCode=00&cityCode=000&areaCode=00&deptCode=000&liCode=0000,https://data.gov.tw/dataset/7441,Lai Ching-te–Hsiao Bi-khim,Democratic Progressive Party,14235,10317,70,10387,72.97,2751,0,first,,,Ko Wen-je–Cynthia Wu,Taiwan People's Party,1916,Pingtung County,TW-10013140,official,Official CEC presidential result at township/district level. The map shows the local leader; Taiwan elects one president nationally. Remote uninhabited claimed-island geometry is omitted from the display.
"Xinpi Township, Pingtung County",https://db.cec.gov.tw/ElecTable/Election/ElecTickets?dataType=tickets&typeId=ELC&subjectId=P0&legisId=00&themeId=4d83db17c1707e3defae5dc4d4e9c800&dataLevel=C&prvCode=00&cityCode=000&areaCode=00&deptCode=000&liCode=0000,https://data.gov.tw/dataset/7441,Lai Ching-te–Hsiao Bi-khim,Democratic Progressive Party,8458,5715,49,5764,68.15,1180,0,first,,,Lai Ching-te–Hsiao Bi-khim,Democratic Progressive Party,2916,Pingtung County,TW-10013150,official,Official CEC presidential result at township/district level. The map shows the local leader; Taiwan elects one president nationally. Remote uninhabited claimed-island geometry is omitted from the display.
"Xinpi Township, Pingtung County",https://db.cec.gov.tw/ElecTable/Election/ElecTickets?dataType=tickets&typeId=ELC&subjectId=P0&legisId=00&themeId=4d83db17c1707e3defae5dc4d4e9c800&dataLevel=C&prvCode=00&cityCode=000&areaCode=00&deptCode=000&liCode=0000,https://data.gov.tw/dataset/7441,Lai Ching-te–Hsiao Bi-khim,Democratic Progressive Party,8458,5715,49,5764,68.15,1180,0,first,,,Hou Yu-ih–Jaw Shaw-kong,Kuomintang,1736,Pingtung County,TW-10013150,official,Official CEC presidential result at township/district level. The map shows the local leader; Taiwan elects one president nationally. Remote uninhabited claimed-island geometry is omitted from the display.
"Xinpi Township, Pingtung County",https://db.cec.gov.tw/ElecTable/Election/ElecTickets?dataType=tickets&typeId=ELC&subjectId=P0&legisId=00&themeId=4d83db17c1707e3defae5dc4d4e9c800&dataLevel=C&prvCode=00&cityCode=000&areaCode=00&deptCode=000&liCode=0000,https://data.gov.tw/dataset/7441,Lai Ching-te–Hsiao Bi-khim,Democratic Progressive Party,8458,5715,49,5764,68.15,1180,0,first,,,Ko Wen-je–Cynthia Wu,Taiwan People's Party,1063,Pingtung County,TW-10013150,official,Official CEC presidential result at township/district level. The map shows the local leader; Taiwan elects one president nationally. Remote uninhabited claimed-island geometry is omitted from the display.
"Fangliao Township, Pingtung County",https://db.cec.gov.tw/ElecTable/Election/ElecTickets?dataType=tickets&typeId=ELC&subjectId=P0&legisId=00&themeId=4d83db17c1707e3defae5dc4d4e9c800&dataLevel=C&prvCode=00&cityCode=000&areaCode=00&deptCode=000&liCode=0000,https://data.gov.tw/dataset/7441,Lai Ching-te–Hsiao Bi-khim,Democratic Progressive Party,19991,13509,108,13617,68.12,2766,0,first,,,Lai Ching-te–Hsiao Bi-khim,Democratic Progressive Party,6794,Pingtung County,TW-10013160,official,Official CEC presidential result at township/district level. The map shows the local leader; Taiwan elects one president nationally. Remote uninhabited claimed-island geometry is omitted from the display.
"Fangliao Township, Pingtung County",https://db.cec.gov.tw/ElecTable/Election/ElecTickets?dataType=tickets&typeId=ELC&subjectId=P0&legisId=00&themeId=4d83db17c1707e3defae5dc4d4e9c800&dataLevel=C&prvCode=00&cityCode=000&areaCode=00&deptCode=000&liCode=0000,https://data.gov.tw/dataset/7441,Lai Ching-te–Hsiao Bi-khim,Democratic Progressive Party,19991,13509,108,13617,68.12,2766,0,first,,,Hou Yu-ih–Jaw Shaw-kong,Kuomintang,4028,Pingtung County,TW-10013160,official,Official CEC presidential result at township/district level. The map shows the local leader; Taiwan elects one president nationally. Remote uninhabited claimed-island geometry is omitted from the display.
"Fangliao Township, Pingtung County",https://db.cec.gov.tw/ElecTable/Election/ElecTickets?dataType=tickets&typeId=ELC&subjectId=P0&legisId=00&themeId=4d83db17c1707e3defae5dc4d4e9c800&dataLevel=C&prvCode=00&cityCode=000&areaCode=00&deptCode=000&liCode=0000,https://data.gov.tw/dataset/7441,Lai Ching-te–Hsiao Bi-khim,Democratic Progressive Party,19991,13509,108,13617,68.12,2766,0,first,,,Ko Wen-je–Cynthia Wu,Taiwan People's Party,2687,Pingtung County,TW-10013160,official,Official CEC presidential result at township/district level. The map shows the local leader; Taiwan elects one president nationally. Remote uninhabited claimed-island geometry is omitted from the display.
"Xinyuan Township, Pingtung County",https://db.cec.gov.tw/ElecTable/Election/ElecTickets?dataType=tickets&typeId=ELC&subjectId=P0&legisId=00&themeId=4d83db17c1707e3defae5dc4d4e9c800&dataLevel=C&prvCode=00&cityCode=000&areaCode=00&deptCode=000&liCode=0000,https://data.gov.tw/dataset/7441,Lai Ching-te–Hsiao Bi-khim,Democratic Progressive Party,28931,20357,185,20542,71.0,7021,0,first,,,Lai Ching-te–Hsiao Bi-khim,Democratic Progressive Party,11651,Pingtung County,TW-10013170,official,Official CEC presidential result at township/district level. The map shows the local leader; Taiwan elects one president nationally. Remote uninhabited claimed-island geometry is omitted from the display.
"Xinyuan Township, Pingtung County",https://db.cec.gov.tw/ElecTable/Election/ElecTickets?dataType=tickets&typeId=ELC&subjectId=P0&legisId=00&themeId=4d83db17c1707e3defae5dc4d4e9c800&dataLevel=C&prvCode=00&cityCode=000&areaCode=00&deptCode=000&liCode=0000,https://data.gov.tw/dataset/7441,Lai Ching-te–Hsiao Bi-khim,Democratic Progressive Party,28931,20357,185,20542,71.0,7021,0,first,,,Hou Yu-ih–Jaw Shaw-kong,Kuomintang,4630,Pingtung County,TW-10013170,official,Official CEC presidential result at township/district level. The map shows the local leader; Taiwan elects one president nationally. Remote uninhabited claimed-island geometry is omitted from the display.
"Xinyuan Township, Pingtung County",https://db.cec.gov.tw/ElecTable/Election/ElecTickets?dataType=tickets&typeId=ELC&subjectId=P0&legisId=00&themeId=4d83db17c1707e3defae5dc4d4e9c800&dataLevel=C&prvCode=00&cityCode=000&areaCode=00&deptCode=000&liCode=0000,https://data.gov.tw/dataset/7441,Lai Ching-te–Hsiao Bi-khim,Democratic Progressive Party,28931,20357,185,20542,71.0,7021,0,first,,,Ko Wen-je–Cynthia Wu,Taiwan People's Party,4076,Pingtung County,TW-10013170,official,Official CEC presidential result at township/district level. The map shows the local leader; Taiwan elects one president nationally. Remote uninhabited claimed-island geometry is omitted from the display.
"Kanding Township, Pingtung County",https://db.cec.gov.tw/ElecTable/Election/ElecTickets?dataType=tickets&typeId=ELC&subjectId=P0&legisId=00&themeId=4d83db17c1707e3defae5dc4d4e9c800&dataLevel=C&prvCode=00&cityCode=000&areaCode=00&deptCode=000&liCode=0000,https://data.gov.tw/dataset/7441,Lai Ching-te–Hsiao Bi-khim,Democratic Progressive Party,11626,8193,64,8257,71.02,2461,0,first,,,Lai Ching-te–Hsiao Bi-khim,Democratic Progressive Party,4497,Pingtung County,TW-10013180,official,Official CEC presidential result at township/district level. The map shows the local leader; Taiwan elects one president nationally. Remote uninhabited claimed-island geometry is omitted from the display.
"Kanding Township, Pingtung County",https://db.cec.gov.tw/ElecTable/Election/ElecTickets?dataType=tickets&typeId=ELC&subjectId=P0&legisId=00&themeId=4d83db17c1707e3defae5dc4d4e9c800&dataLevel=C&prvCode=00&cityCode=000&areaCode=00&deptCode=000&liCode=0000,https://data.gov.tw/dataset/7441,Lai Ching-te–Hsiao Bi-khim,Democratic Progressive Party,11626,8193,64,8257,71.02,2461,0,first,,,Hou Yu-ih–Jaw Shaw-kong,Kuomintang,2036,Pingtung County,TW-10013180,official,Official CEC presidential result at township/district level. The map shows the local leader; Taiwan elects one president nationally. Remote uninhabited claimed-island geometry is omitted from the display.
"Kanding Township, Pingtung County",https://db.cec.gov.tw/ElecTable/Election/ElecTickets?dataType=tickets&typeId=ELC&subjectId=P0&legisId=00&themeId=4d83db17c1707e3defae5dc4d4e9c800&dataLevel=C&prvCode=00&cityCode=000&areaCode=00&deptCode=000&liCode=0000,https://data.gov.tw/dataset/7441,Lai Ching-te–Hsiao Bi-khim,Democratic Progressive Party,11626,8193,64,8257,71.02,2461,0,first,,,Ko Wen-je–Cynthia Wu,Taiwan People's Party,1660,Pingtung County,TW-10013180,official,Official CEC presidential result at township/district level. The map shows the local leader; Taiwan elects one president nationally. Remote uninhabited claimed-island geometry is omitted from the display.
"Linbian Township, Pingtung County",https://db.cec.gov.tw/ElecTable/Election/ElecTickets?dataType=tickets&typeId=ELC&subjectId=P0&legisId=00&themeId=4d83db17c1707e3defae5dc4d4e9c800&dataLevel=C&prvCode=00&cityCode=000&areaCode=00&deptCode=000&liCode=0000,https://data.gov.tw/dataset/7441,Lai Ching-te–Hsiao Bi-khim,Democratic Progressive Party,14486,10286,94,10380,71.66,3001,0,first,,,Lai Ching-te–Hsiao Bi-khim,Democratic Progressive Party,5745,Pingtung County,TW-10013190,official,Official CEC presidential result at township/district level. The map shows the local leader; Taiwan elects one president nationally. Remote uninhabited claimed-island geometry is omitted from the display.
"Linbian Township, Pingtung County",https://db.cec.gov.tw/ElecTable/Election/ElecTickets?dataType=tickets&typeId=ELC&subjectId=P0&legisId=00&themeId=4d83db17c1707e3defae5dc4d4e9c800&dataLevel=C&prvCode=00&cityCode=000&areaCode=00&deptCode=000&liCode=0000,https://data.gov.tw/dataset/7441,Lai Ching-te–Hsiao Bi-khim,Democratic Progressive Party,14486,10286,94,10380,71.66,3001,0,first,,,Hou Yu-ih–Jaw Shaw-kong,Kuomintang,2744,Pingtung County,TW-10013190,official,Official CEC presidential result at township/district level. The map shows the local leader; Taiwan elects one president nationally. Remote uninhabited claimed-island geometry is omitted from the display.
"Linbian Township, Pingtung County",https://db.cec.gov.tw/ElecTable/Election/ElecTickets?dataType=tickets&typeId=ELC&subjectId=P0&legisId=00&themeId=4d83db17c1707e3defae5dc4d4e9c800&dataLevel=C&prvCode=00&cityCode=000&areaCode=00&deptCode=000&liCode=0000,https://data.gov.tw/dataset/7441,Lai Ching-te–Hsiao Bi-khim,Democratic Progressive Party,14486,10286,94,10380,71.66,3001,0,first,,,Ko Wen-je–Cynthia Wu,Taiwan People's Party,1797,Pingtung County,TW-10013190,official,Official CEC presidential result at township/district level. The map shows the local leader; Taiwan elects one president nationally. Remote uninhabited claimed-island geometry is omitted from the display.
"Nanzhou Township, Pingtung County",https://db.cec.gov.tw/ElecTable/Election/ElecTickets?dataType=tickets&typeId=ELC&subjectId=P0&legisId=00&themeId=4d83db17c1707e3defae5dc4d4e9c800&dataLevel=C&prvCode=00&cityCode=000&areaCode=00&deptCode=000&liCode=0000,https://data.gov.tw/dataset/7441,Lai Ching-te–Hsiao Bi-khim,Democratic Progressive Party,8935,6253,57,6310,70.62,1795,0,first,,,Lai Ching-te–Hsiao Bi-khim,Democratic Progressive Party,3434,Pingtung County,TW-10013200,official,Official CEC presidential result at township/district level. The map shows the local leader; Taiwan elects one president nationally. Remote uninhabited claimed-island geometry is omitted from the display.
"Nanzhou Township, Pingtung County",https://db.cec.gov.tw/ElecTable/Election/ElecTickets?dataType=tickets&typeId=ELC&subjectId=P0&legisId=00&themeId=4d83db17c1707e3defae5dc4d4e9c800&dataLevel=C&prvCode=00&cityCode=000&areaCode=00&deptCode=000&liCode=0000,https://data.gov.tw/dataset/7441,Lai Ching-te–Hsiao Bi-khim,Democratic Progressive Party,8935,6253,57,6310,70.62,1795,0,first,,,Hou Yu-ih–Jaw Shaw-kong,Kuomintang,1639,Pingtung County,TW-10013200,official,Official CEC presidential result at township/district level. The map shows the local leader; Taiwan elects one president nationally. Remote uninhabited claimed-island geometry is omitted from the display.
"Nanzhou Township, Pingtung County",https://db.cec.gov.tw/ElecTable/Election/ElecTickets?dataType=tickets&typeId=ELC&subjectId=P0&legisId=00&themeId=4d83db17c1707e3defae5dc4d4e9c800&dataLevel=C&prvCode=00&cityCode=000&areaCode=00&deptCode=000&liCode=0000,https://data.gov.tw/dataset/7441,Lai Ching-te–Hsiao Bi-khim,Democratic Progressive Party,8935,6253,57,6310,70.62,1795,0,first,,,Ko Wen-je–Cynthia Wu,Taiwan People's Party,1180,Pingtung County,TW-10013200,official,Official CEC presidential result at township/district level. The map shows the local leader; Taiwan elects one president nationally. Remote uninhabited claimed-island geometry is omitted from the display.
"Jiadong Township, Pingtung County",https://db.cec.gov.tw/ElecTable/Election/ElecTickets?dataType=tickets&typeId=ELC&subjectId=P0&legisId=00&themeId=4d83db17c1707e3defae5dc4d4e9c800&dataLevel=C&prvCode=00&cityCode=000&areaCode=00&deptCode=000&liCode=0000,https://data.gov.tw/dataset/7441,Lai Ching-te–Hsiao Bi-khim,Democratic Progressive Party,15872,10842,114,10956,69.03,3058,0,first,,,Lai Ching-te–Hsiao Bi-khim,Democratic Progressive Party,5962,Pingtung County,TW-10013210,official,Official CEC presidential result at township/district level. The map shows the local leader; Taiwan elects one president nationally. Remote uninhabited claimed-island geometry is omitted from the display.
"Jiadong Township, Pingtung County",https://db.cec.gov.tw/ElecTable/Election/ElecTickets?dataType=tickets&typeId=ELC&subjectId=P0&legisId=00&themeId=4d83db17c1707e3defae5dc4d4e9c800&dataLevel=C&prvCode=00&cityCode=000&areaCode=00&deptCode=000&liCode=0000,https://data.gov.tw/dataset/7441,Lai Ching-te–Hsiao Bi-khim,Democratic Progressive Party,15872,10842,114,10956,69.03,3058,0,first,,,Hou Yu-ih–Jaw Shaw-kong,Kuomintang,2904,Pingtung County,TW-10013210,official,Official CEC presidential result at township/district level. The map shows the local leader; Taiwan elects one president nationally. Remote uninhabited claimed-island geometry is omitted from the display.
"Jiadong Township, Pingtung County",https://db.cec.gov.tw/ElecTable/Election/ElecTickets?dataType=tickets&typeId=ELC&subjectId=P0&legisId=00&themeId=4d83db17c1707e3defae5dc4d4e9c800&dataLevel=C&prvCode=00&cityCode=000&areaCode=00&deptCode=000&liCode=0000,https://data.gov.tw/dataset/7441,Lai Ching-te–Hsiao Bi-khim,Democratic Progressive Party,15872,10842,114,10956,69.03,3058,0,first,,,Ko Wen-je–Cynthia Wu,Taiwan People's Party,1976,Pingtung County,TW-10013210,official,Official CEC presidential result at township/district level. The map shows the local leader; Taiwan elects one president nationally. Remote uninhabited claimed-island geometry is omitted from the display.
"Liuqiu Township, Pingtung County",https://db.cec.gov.tw/ElecTable/Election/ElecTickets?dataType=tickets&typeId=ELC&subjectId=P0&legisId=00&themeId=4d83db17c1707e3defae5dc4d4e9c800&dataLevel=C&prvCode=00&cityCode=000&areaCode=00&deptCode=000&liCode=0000,https://data.gov.tw/dataset/7441,Hou Yu-ih–Jaw Shaw-kong,Kuomintang,10683,6296,60,6356,59.5,397,0,first,,,Hou Yu-ih–Jaw Shaw-kong,Kuomintang,2622,Pingtung County,TW-10013220,official,Official CEC presidential result at township/district level. The map shows the local leader; Taiwan elects one president nationally. Remote uninhabited claimed-island geometry is omitted from the display.
"Liuqiu Township, Pingtung County",https://db.cec.gov.tw/ElecTable/Election/ElecTickets?dataType=tickets&typeId=ELC&subjectId=P0&legisId=00&themeId=4d83db17c1707e3defae5dc4d4e9c800&dataLevel=C&prvCode=00&cityCode=000&areaCode=00&deptCode=000&liCode=0000,https://data.gov.tw/dataset/7441,Hou Yu-ih–Jaw Shaw-kong,Kuomintang,10683,6296,60,6356,59.5,397,0,first,,,Lai Ching-te–Hsiao Bi-khim,Democratic Progressive Party,2225,Pingtung County,TW-10013220,official,Official CEC presidential result at township/district level. The map shows the local leader; Taiwan elects one president nationally. Remote uninhabited claimed-island geometry is omitted from the display.
"Liuqiu Township, Pingtung County",https://db.cec.gov.tw/ElecTable/Election/ElecTickets?dataType=tickets&typeId=ELC&subjectId=P0&legisId=00&themeId=4d83db17c1707e3defae5dc4d4e9c800&dataLevel=C&prvCode=00&cityCode=000&areaCode=00&deptCode=000&liCode=0000,https://data.gov.tw/dataset/7441,Hou Yu-ih–Jaw Shaw-kong,Kuomintang,10683,6296,60,6356,59.5,397,0,first,,,Ko Wen-je–Cynthia Wu,Taiwan People's Party,1449,Pingtung County,TW-10013220,official,Official CEC presidential result at township/district level. The map shows the local leader; Taiwan elects one president nationally. Remote uninhabited claimed-island geometry is omitted from the display.
"Checheng Township, Pingtung County",https://db.cec.gov.tw/ElecTable/Election/ElecTickets?dataType=tickets&typeId=ELC&subjectId=P0&legisId=00&themeId=4d83db17c1707e3defae5dc4d4e9c800&dataLevel=C&prvCode=00&cityCode=000&areaCode=00&deptCode=000&liCode=0000,https://data.gov.tw/dataset/7441,Lai Ching-te–Hsiao Bi-khim,Democratic Progressive Party,7160,4469,40,4509,62.97,899,0,first,,,Lai Ching-te–Hsiao Bi-khim,Democratic Progressive Party,2258,Pingtung County,TW-10013230,official,Official CEC presidential result at township/district level. The map shows the local leader; Taiwan elects one president nationally. Remote uninhabited claimed-island geometry is omitted from the display.
"Checheng Township, Pingtung County",https://db.cec.gov.tw/ElecTable/Election/ElecTickets?dataType=tickets&typeId=ELC&subjectId=P0&legisId=00&themeId=4d83db17c1707e3defae5dc4d4e9c800&dataLevel=C&prvCode=00&cityCode=000&areaCode=00&deptCode=000&liCode=0000,https://data.gov.tw/dataset/7441,Lai Ching-te–Hsiao Bi-khim,Democratic Progressive Party,7160,4469,40,4509,62.97,899,0,first,,,Hou Yu-ih–Jaw Shaw-kong,Kuomintang,1359,Pingtung County,TW-10013230,official,Official CEC presidential result at township/district level. The map shows the local leader; Taiwan elects one president nationally. Remote uninhabited claimed-island geometry is omitted from the display.
"Checheng Township, Pingtung County",https://db.cec.gov.tw/ElecTable/Election/ElecTickets?dataType=tickets&typeId=ELC&subjectId=P0&legisId=00&themeId=4d83db17c1707e3defae5dc4d4e9c800&dataLevel=C&prvCode=00&cityCode=000&areaCode=00&deptCode=000&liCode=0000,https://data.gov.tw/dataset/7441,Lai Ching-te–Hsiao Bi-khim,Democratic Progressive Party,7160,4469,40,4509,62.97,899,0,first,,,Ko Wen-je–Cynthia Wu,Taiwan People's Party,852,Pingtung County,TW-10013230,official,Official CEC presidential result at township/district level. The map shows the local leader; Taiwan elects one president nationally. Remote uninhabited claimed-island geometry is omitted from the display.
"Manzhou Township, Pingtung County",https://db.cec.gov.tw/ElecTable/Election/ElecTickets?dataType=tickets&typeId=ELC&subjectId=P0&legisId=00&themeId=4d83db17c1707e3defae5dc4d4e9c800&dataLevel=C&prvCode=00&cityCode=000&areaCode=00&deptCode=000&liCode=0000,https://data.gov.tw/dataset/7441,Lai Ching-te–Hsiao Bi-khim,Democratic Progressive Party,6488,3643,37,3680,56.72,549,0,first,,,Lai Ching-te–Hsiao Bi-khim,Democratic Progressive Party,1755,Pingtung County,TW-10013240,official,Official CEC presidential result at township/district level. The map shows the local leader; Taiwan elects one president nationally. Remote uninhabited claimed-island geometry is omitted from the display.
"Manzhou Township, Pingtung County",https://db.cec.gov.tw/ElecTable/Election/ElecTickets?dataType=tickets&typeId=ELC&subjectId=P0&legisId=00&themeId=4d83db17c1707e3defae5dc4d4e9c800&dataLevel=C&prvCode=00&cityCode=000&areaCode=00&deptCode=000&liCode=0000,https://data.gov.tw/dataset/7441,Lai Ching-te–Hsiao Bi-khim,Democratic Progressive Party,6488,3643,37,3680,56.72,549,0,first,,,Hou Yu-ih–Jaw Shaw-kong,Kuomintang,1206,Pingtung County,TW-10013240,official,Official CEC presidential result at township/district level. The map shows the local leader; Taiwan elects one president nationally. Remote uninhabited claimed-island geometry is omitted from the display.
"Manzhou Township, Pingtung County",https://db.cec.gov.tw/ElecTable/Election/ElecTickets?dataType=tickets&typeId=ELC&subjectId=P0&legisId=00&themeId=4d83db17c1707e3defae5dc4d4e9c800&dataLevel=C&prvCode=00&cityCode=000&areaCode=00&deptCode=000&liCode=0000,https://data.gov.tw/dataset/7441,Lai Ching-te–Hsiao Bi-khim,Democratic Progressive Party,6488,3643,37,3680,56.72,549,0,first,,,Ko Wen-je–Cynthia Wu,Taiwan People's Party,682,Pingtung County,TW-10013240,official,Official CEC presidential result at township/district level. The map shows the local leader; Taiwan elects one president nationally. Remote uninhabited claimed-island geometry is omitted from the display.
"Fangshan Township, Pingtung County",https://db.cec.gov.tw/ElecTable/Election/ElecTickets?dataType=tickets&typeId=ELC&subjectId=P0&legisId=00&themeId=4d83db17c1707e3defae5dc4d4e9c800&dataLevel=C&prvCode=00&cityCode=000&areaCode=00&deptCode=000&liCode=0000,https://data.gov.tw/dataset/7441,Lai Ching-te–Hsiao Bi-khim,Democratic Progressive Party,4514,2850,34,2884,63.89,597,0,first,,,Lai Ching-te–Hsiao Bi-khim,Democratic Progressive Party,1479,Pingtung County,TW-10013250,official,Official CEC presidential result at township/district level. The map shows the local leader; Taiwan elects one president nationally. Remote uninhabited claimed-island geometry is omitted from the display.
"Fangshan Township, Pingtung County",https://db.cec.gov.tw/ElecTable/Election/ElecTickets?dataType=tickets&typeId=ELC&subjectId=P0&legisId=00&themeId=4d83db17c1707e3defae5dc4d4e9c800&dataLevel=C&prvCode=00&cityCode=000&areaCode=00&deptCode=000&liCode=0000,https://data.gov.tw/dataset/7441,Lai Ching-te–Hsiao Bi-khim,Democratic Progressive Party,4514,2850,34,2884,63.89,597,0,first,,,Hou Yu-ih–Jaw Shaw-kong,Kuomintang,882,Pingtung County,TW-10013250,official,Official CEC presidential result at township/district level. The map shows the local leader; Taiwan elects one president nationally. Remote uninhabited claimed-island geometry is omitted from the display.
"Fangshan Township, Pingtung County",https://db.cec.gov.tw/ElecTable/Election/ElecTickets?dataType=tickets&typeId=ELC&subjectId=P0&legisId=00&themeId=4d83db17c1707e3defae5dc4d4e9c800&dataLevel=C&prvCode=00&cityCode=000&areaCode=00&deptCode=000&liCode=0000,https://data.gov.tw/dataset/7441,Lai Ching-te–Hsiao Bi-khim,Democratic Progressive Party,4514,2850,34,2884,63.89,597,0,first,,,Ko Wen-je–Cynthia Wu,Taiwan People's Party,489,Pingtung County,TW-10013250,official,Official CEC presidential result at township/district level. The map shows the local leader; Taiwan elects one president nationally. Remote uninhabited claimed-island geometry is omitted from the display.
"Sandimen Township, Pingtung County",https://db.cec.gov.tw/ElecTable/Election/ElecTickets?dataType=tickets&typeId=ELC&subjectId=P0&legisId=00&themeId=4d83db17c1707e3defae5dc4d4e9c800&dataLevel=C&prvCode=00&cityCode=000&areaCode=00&deptCode=000&liCode=0000,https://data.gov.tw/dataset/7441,Hou Yu-ih–Jaw Shaw-kong,Kuomintang,6363,4706,36,4742,74.52,1667,0,first,,,Hou Yu-ih–Jaw Shaw-kong,Kuomintang,2762,Pingtung County,TW-10013260,official,Official CEC presidential result at township/district level. The map shows the local leader; Taiwan elects one president nationally. Remote uninhabited claimed-island geometry is omitted from the display.
"Sandimen Township, Pingtung County",https://db.cec.gov.tw/ElecTable/Election/ElecTickets?dataType=tickets&typeId=ELC&subjectId=P0&legisId=00&themeId=4d83db17c1707e3defae5dc4d4e9c800&dataLevel=C&prvCode=00&cityCode=000&areaCode=00&deptCode=000&liCode=0000,https://data.gov.tw/dataset/7441,Hou Yu-ih–Jaw Shaw-kong,Kuomintang,6363,4706,36,4742,74.52,1667,0,first,,,Ko Wen-je–Cynthia Wu,Taiwan People's Party,1095,Pingtung County,TW-10013260,official,Official CEC presidential result at township/district level. The map shows the local leader; Taiwan elects one president nationally. Remote uninhabited claimed-island geometry is omitted from the display.
"Sandimen Township, Pingtung County",https://db.cec.gov.tw/ElecTable/Election/ElecTickets?dataType=tickets&typeId=ELC&subjectId=P0&legisId=00&themeId=4d83db17c1707e3defae5dc4d4e9c800&dataLevel=C&prvCode=00&cityCode=000&areaCode=00&deptCode=000&liCode=0000,https://data.gov.tw/dataset/7441,Hou Yu-ih–Jaw Shaw-kong,Kuomintang,6363,4706,36,4742,74.52,1667,0,first,,,Lai Ching-te–Hsiao Bi-khim,Democratic Progressive Party,849,Pingtung County,TW-10013260,official,Official CEC presidential result at township/district level. The map shows the local leader; Taiwan elects one president nationally. Remote uninhabited claimed-island geometry is omitted from the display.
"Wutai Township, Pingtung County",https://db.cec.gov.tw/ElecTable/Election/ElecTickets?dataType=tickets&typeId=ELC&subjectId=P0&legisId=00&themeId=4d83db17c1707e3defae5dc4d4e9c800&dataLevel=C&prvCode=00&cityCode=000&areaCode=00&deptCode=000&liCode=0000,https://data.gov.tw/dataset/7441,Hou Yu-ih–Jaw Shaw-kong,Kuomintang,2836,2198,18,2216,78.14,832,0,first,,,Hou Yu-ih–Jaw Shaw-kong,Kuomintang,1289,Pingtung County,TW-10013270,official,Official CEC presidential result at township/district level. The map shows the local leader; Taiwan elects one president nationally. Remote uninhabited claimed-island geometry is omitted from the display.
"Wutai Township, Pingtung County",https://db.cec.gov.tw/ElecTable/Election/ElecTickets?dataType=tickets&typeId=ELC&subjectId=P0&legisId=00&themeId=4d83db17c1707e3defae5dc4d4e9c800&dataLevel=C&prvCode=00&cityCode=000&areaCode=00&deptCode=000&liCode=0000,https://data.gov.tw/dataset/7441,Hou Yu-ih–Jaw Shaw-kong,Kuomintang,2836,2198,18,2216,78.14,832,0,first,,,Lai Ching-te–Hsiao Bi-khim,Democratic Progressive Party,457,Pingtung County,TW-10013270,official,Official CEC presidential result at township/district level. The map shows the local leader; Taiwan elects one president nationally. Remote uninhabited claimed-island geometry is omitted from the display.
"Wutai Township, Pingtung County",https://db.cec.gov.tw/ElecTable/Election/ElecTickets?dataType=tickets&typeId=ELC&subjectId=P0&legisId=00&themeId=4d83db17c1707e3defae5dc4d4e9c800&dataLevel=C&prvCode=00&cityCode=000&areaCode=00&deptCode=000&liCode=0000,https://data.gov.tw/dataset/7441,Hou Yu-ih–Jaw Shaw-kong,Kuomintang,2836,2198,18,2216,78.14,832,0,first,,,Ko Wen-je–Cynthia Wu,Taiwan People's Party,452,Pingtung County,TW-10013270,official,Official CEC presidential result at township/district level. The map shows the local leader; Taiwan elects one president nationally. Remote uninhabited claimed-island geometry is omitted from the display.
"Majia Township, Pingtung County",https://db.cec.gov.tw/ElecTable/Election/ElecTickets?dataType=tickets&typeId=ELC&subjectId=P0&legisId=00&themeId=4d83db17c1707e3defae5dc4d4e9c800&dataLevel=C&prvCode=00&cityCode=000&areaCode=00&deptCode=000&liCode=0000,https://data.gov.tw/dataset/7441,Hou Yu-ih–Jaw Shaw-kong,Kuomintang,5589,4263,17,4280,76.58,1341,0,first,,,Hou Yu-ih–Jaw Shaw-kong,Kuomintang,2442,Pingtung County,TW-10013280,official,Official CEC presidential result at township/district level. The map shows the local leader; Taiwan elects one president nationally. Remote uninhabited claimed-island geometry is omitted from the display.
"Majia Township, Pingtung County",https://db.cec.gov.tw/ElecTable/Election/ElecTickets?dataType=tickets&typeId=ELC&subjectId=P0&legisId=00&themeId=4d83db17c1707e3defae5dc4d4e9c800&dataLevel=C&prvCode=00&cityCode=000&areaCode=00&deptCode=000&liCode=0000,https://data.gov.tw/dataset/7441,Hou Yu-ih–Jaw Shaw-kong,Kuomintang,5589,4263,17,4280,76.58,1341,0,first,,,Ko Wen-je–Cynthia Wu,Taiwan People's Party,1101,Pingtung County,TW-10013280,official,Official CEC presidential result at township/district level. The map shows the local leader; Taiwan elects one president nationally. Remote uninhabited claimed-island geometry is omitted from the display.
"Majia Township, Pingtung County",https://db.cec.gov.tw/ElecTable/Election/ElecTickets?dataType=tickets&typeId=ELC&subjectId=P0&legisId=00&themeId=4d83db17c1707e3defae5dc4d4e9c800&dataLevel=C&prvCode=00&cityCode=000&areaCode=00&deptCode=000&liCode=0000,https://data.gov.tw/dataset/7441,Hou Yu-ih–Jaw Shaw-kong,Kuomintang,5589,4263,17,4280,76.58,1341,0,first,,,Lai Ching-te–Hsiao Bi-khim,Democratic Progressive Party,720,Pingtung County,TW-10013280,official,Official CEC presidential result at township/district level. The map shows the local leader; Taiwan elects one president nationally. Remote uninhabited claimed-island geometry is omitted from the display.
"Taiwu Township, Pingtung County",https://db.cec.gov.tw/ElecTable/Election/ElecTickets?dataType=tickets&typeId=ELC&subjectId=P0&legisId=00&themeId=4d83db17c1707e3defae5dc4d4e9c800&dataLevel=C&prvCode=00&cityCode=000&areaCode=00&deptCode=000&liCode=0000,https://data.gov.tw/dataset/7441,Hou Yu-ih–Jaw Shaw-kong,Kuomintang,4224,3217,20,3237,76.63,983,0,first,,,Hou Yu-ih–Jaw Shaw-kong,Kuomintang,1841,Pingtung County,TW-10013290,official,Official CEC presidential result at township/district level. The map shows the local leader; Taiwan elects one president nationally. Remote uninhabited claimed-island geometry is omitted from the display.
"Taiwu Township, Pingtung County",https://db.cec.gov.tw/ElecTable/Election/ElecTickets?dataType=tickets&typeId=ELC&subjectId=P0&legisId=00&themeId=4d83db17c1707e3defae5dc4d4e9c800&dataLevel=C&prvCode=00&cityCode=000&areaCode=00&deptCode=000&liCode=0000,https://data.gov.tw/dataset/7441,Hou Yu-ih–Jaw Shaw-kong,Kuomintang,4224,3217,20,3237,76.63,983,0,first,,,Ko Wen-je–Cynthia Wu,Taiwan People's Party,858,Pingtung County,TW-10013290,official,Official CEC presidential result at township/district level. The map shows the local leader; Taiwan elects one president nationally. Remote uninhabited claimed-island geometry is omitted from the display.
"Taiwu Township, Pingtung County",https://db.cec.gov.tw/ElecTable/Election/ElecTickets?dataType=tickets&typeId=ELC&subjectId=P0&legisId=00&themeId=4d83db17c1707e3defae5dc4d4e9c800&dataLevel=C&prvCode=00&cityCode=000&areaCode=00&deptCode=000&liCode=0000,https://data.gov.tw/dataset/7441,Hou Yu-ih–Jaw Shaw-kong,Kuomintang,4224,3217,20,3237,76.63,983,0,first,,,Lai Ching-te–Hsiao Bi-khim,Democratic Progressive Party,518,Pingtung County,TW-10013290,official,Official CEC presidential result at township/district level. The map shows the local leader; Taiwan elects one president nationally. Remote uninhabited claimed-island geometry is omitted from the display.
"Laiyi Township, Pingtung County",https://db.cec.gov.tw/ElecTable/Election/ElecTickets?dataType=tickets&typeId=ELC&subjectId=P0&legisId=00&themeId=4d83db17c1707e3defae5dc4d4e9c800&dataLevel=C&prvCode=00&cityCode=000&areaCode=00&deptCode=000&liCode=0000,https://data.gov.tw/dataset/7441,Hou Yu-ih–Jaw Shaw-kong,Kuomintang,6076,4505,29,4534,74.62,1569,0,first,,,Hou Yu-ih–Jaw Shaw-kong,Kuomintang,2698,Pingtung County,TW-10013300,official,Official CEC presidential result at township/district level. The map shows the local leader; Taiwan elects one president nationally. Remote uninhabited claimed-island geometry is omitted from the display.
"Laiyi Township, Pingtung County",https://db.cec.gov.tw/ElecTable/Election/ElecTickets?dataType=tickets&typeId=ELC&subjectId=P0&legisId=00&themeId=4d83db17c1707e3defae5dc4d4e9c800&dataLevel=C&prvCode=00&cityCode=000&areaCode=00&deptCode=000&liCode=0000,https://data.gov.tw/dataset/7441,Hou Yu-ih–Jaw Shaw-kong,Kuomintang,6076,4505,29,4534,74.62,1569,0,first,,,Ko Wen-je–Cynthia Wu,Taiwan People's Party,1129,Pingtung County,TW-10013300,official,Official CEC presidential result at township/district level. The map shows the local leader; Taiwan elects one president nationally. Remote uninhabited claimed-island geometry is omitted from the display.
"Laiyi Township, Pingtung County",https://db.cec.gov.tw/ElecTable/Election/ElecTickets?dataType=tickets&typeId=ELC&subjectId=P0&legisId=00&themeId=4d83db17c1707e3defae5dc4d4e9c800&dataLevel=C&prvCode=00&cityCode=000&areaCode=00&deptCode=000&liCode=0000,https://data.gov.tw/dataset/7441,Hou Yu-ih–Jaw Shaw-kong,Kuomintang,6076,4505,29,4534,74.62,1569,0,first,,,Lai Ching-te–Hsiao Bi-khim,Democratic Progressive Party,678,Pingtung County,TW-10013300,official,Official CEC presidential result at township/district level. The map shows the local leader; Taiwan elects one president nationally. Remote uninhabited claimed-island geometry is omitted from the display.
"Chunri Township, Pingtung County",https://db.cec.gov.tw/ElecTable/Election/ElecTickets?dataType=tickets&typeId=ELC&subjectId=P0&legisId=00&themeId=4d83db17c1707e3defae5dc4d4e9c800&dataLevel=C&prvCode=00&cityCode=000&areaCode=00&deptCode=000&liCode=0000,https://data.gov.tw/dataset/7441,Hou Yu-ih–Jaw Shaw-kong,Kuomintang,3884,2665,24,2689,69.23,920,0,first,,,Hou Yu-ih–Jaw Shaw-kong,Kuomintang,1627,Pingtung County,TW-10013310,official,Official CEC presidential result at township/district level. The map shows the local leader; Taiwan elects one president nationally. Remote uninhabited claimed-island geometry is omitted from the display.
"Chunri Township, Pingtung County",https://db.cec.gov.tw/ElecTable/Election/ElecTickets?dataType=tickets&typeId=ELC&subjectId=P0&legisId=00&themeId=4d83db17c1707e3defae5dc4d4e9c800&dataLevel=C&prvCode=00&cityCode=000&areaCode=00&deptCode=000&liCode=0000,https://data.gov.tw/dataset/7441,Hou Yu-ih–Jaw Shaw-kong,Kuomintang,3884,2665,24,2689,69.23,920,0,first,,,Ko Wen-je–Cynthia Wu,Taiwan People's Party,707,Pingtung County,TW-10013310,official,Official CEC presidential result at township/district level. The map shows the local leader; Taiwan elects one president nationally. Remote uninhabited claimed-island geometry is omitted from the display.
"Chunri Township, Pingtung County",https://db.cec.gov.tw/ElecTable/Election/ElecTickets?dataType=tickets&typeId=ELC&subjectId=P0&legisId=00&themeId=4d83db17c1707e3defae5dc4d4e9c800&dataLevel=C&prvCode=00&cityCode=000&areaCode=00&deptCode=000&liCode=0000,https://data.gov.tw/dataset/7441,Hou Yu-ih–Jaw Shaw-kong,Kuomintang,3884,2665,24,2689,69.23,920,0,first,,,Lai Ching-te–Hsiao Bi-khim,Democratic Progressive Party,331,Pingtung County,TW-10013310,official,Official CEC presidential result at township/district level. The map shows the local leader; Taiwan elects one president nationally. Remote uninhabited claimed-island geometry is omitted from the display.
"Shizi Township, Pingtung County",https://db.cec.gov.tw/ElecTable/Election/ElecTickets?dataType=tickets&typeId=ELC&subjectId=P0&legisId=00&themeId=4d83db17c1707e3defae5dc4d4e9c800&dataLevel=C&prvCode=00&cityCode=000&areaCode=00&deptCode=000&liCode=0000,https://data.gov.tw/dataset/7441,Hou Yu-ih–Jaw Shaw-kong,Kuomintang,4059,2772,17,2789,68.71,1127,0,first,,,Hou Yu-ih–Jaw Shaw-kong,Kuomintang,1775,Pingtung County,TW-10013320,official,Official CEC presidential result at township/district level. The map shows the local leader; Taiwan elects one president nationally. Remote uninhabited claimed-island geometry is omitted from the display.
"Shizi Township, Pingtung County",https://db.cec.gov.tw/ElecTable/Election/ElecTickets?dataType=tickets&typeId=ELC&subjectId=P0&legisId=00&themeId=4d83db17c1707e3defae5dc4d4e9c800&dataLevel=C&prvCode=00&cityCode=000&areaCode=00&deptCode=000&liCode=0000,https://data.gov.tw/dataset/7441,Hou Yu-ih–Jaw Shaw-kong,Kuomintang,4059,2772,17,2789,68.71,1127,0,first,,,Ko Wen-je–Cynthia Wu,Taiwan People's Party,648,Pingtung County,TW-10013320,official,Official CEC presidential result at township/district level. The map shows the local leader; Taiwan elects one president nationally. Remote uninhabited claimed-island geometry is omitted from the display.
"Shizi Township, Pingtung County",https://db.cec.gov.tw/ElecTable/Election/ElecTickets?dataType=tickets&typeId=ELC&subjectId=P0&legisId=00&themeId=4d83db17c1707e3defae5dc4d4e9c800&dataLevel=C&prvCode=00&cityCode=000&areaCode=00&deptCode=000&liCode=0000,https://data.gov.tw/dataset/7441,Hou Yu-ih–Jaw Shaw-kong,Kuomintang,4059,2772,17,2789,68.71,1127,0,first,,,Lai Ching-te–Hsiao Bi-khim,Democratic Progressive Party,349,Pingtung County,TW-10013320,official,Official CEC presidential result at township/district level. The map shows the local leader; Taiwan elects one president nationally. Remote uninhabited claimed-island geometry is omitted from the display.
"Mudan Township, Pingtung County",https://db.cec.gov.tw/ElecTable/Election/ElecTickets?dataType=tickets&typeId=ELC&subjectId=P0&legisId=00&themeId=4d83db17c1707e3defae5dc4d4e9c800&dataLevel=C&prvCode=00&cityCode=000&areaCode=00&deptCode=000&liCode=0000,https://data.gov.tw/dataset/7441,Hou Yu-ih–Jaw Shaw-kong,Kuomintang,3993,2577,14,2591,64.89,958,0,first,,,Hou Yu-ih–Jaw Shaw-kong,Kuomintang,1540,Pingtung County,TW-10013330,official,Official CEC presidential result at township/district level. The map shows the local leader; Taiwan elects one president nationally. Remote uninhabited claimed-island geometry is omitted from the display.
"Mudan Township, Pingtung County",https://db.cec.gov.tw/ElecTable/Election/ElecTickets?dataType=tickets&typeId=ELC&subjectId=P0&legisId=00&themeId=4d83db17c1707e3defae5dc4d4e9c800&dataLevel=C&prvCode=00&cityCode=000&areaCode=00&deptCode=000&liCode=0000,https://data.gov.tw/dataset/7441,Hou Yu-ih–Jaw Shaw-kong,Kuomintang,3993,2577,14,2591,64.89,958,0,first,,,Ko Wen-je–Cynthia Wu,Taiwan People's Party,582,Pingtung County,TW-10013330,official,Official CEC presidential result at township/district level. The map shows the local leader; Taiwan elects one president nationally. Remote uninhabited claimed-island geometry is omitted from the display.
"Mudan Township, Pingtung County",https://db.cec.gov.tw/ElecTable/Election/ElecTickets?dataType=tickets&typeId=ELC&subjectId=P0&legisId=00&themeId=4d83db17c1707e3defae5dc4d4e9c800&dataLevel=C&prvCode=00&cityCode=000&areaCode=00&deptCode=000&liCode=0000,https://data.gov.tw/dataset/7441,Hou Yu-ih–Jaw Shaw-kong,Kuomintang,3993,2577,14,2591,64.89,958,0,first,,,Lai Ching-te–Hsiao Bi-khim,Democratic Progressive Party,455,Pingtung County,TW-10013330,official,Official CEC presidential result at township/district level. The map shows the local leader; Taiwan elects one president nationally. Remote uninhabited claimed-island geometry is omitted from the display.
"Taitung City, Taitung County",https://db.cec.gov.tw/ElecTable/Election/ElecTickets?dataType=tickets&typeId=ELC&subjectId=P0&legisId=00&themeId=4d83db17c1707e3defae5dc4d4e9c800&dataLevel=C&prvCode=00&cityCode=000&areaCode=00&deptCode=000&liCode=0000,https://data.gov.tw/dataset/7441,Hou Yu-ih–Jaw Shaw-kong,Kuomintang,84956,56479,395,56874,66.95,8443,0,first,,,Hou Yu-ih–Jaw Shaw-kong,Kuomintang,25394,Taitung County,TW-10014010,official,Official CEC presidential result at township/district level. The map shows the local leader; Taiwan elects one president nationally. Remote uninhabited claimed-island geometry is omitted from the display.
"Taitung City, Taitung County",https://db.cec.gov.tw/ElecTable/Election/ElecTickets?dataType=tickets&typeId=ELC&subjectId=P0&legisId=00&themeId=4d83db17c1707e3defae5dc4d4e9c800&dataLevel=C&prvCode=00&cityCode=000&areaCode=00&deptCode=000&liCode=0000,https://data.gov.tw/dataset/7441,Hou Yu-ih–Jaw Shaw-kong,Kuomintang,84956,56479,395,56874,66.95,8443,0,first,,,Lai Ching-te–Hsiao Bi-khim,Democratic Progressive Party,16951,Taitung County,TW-10014010,official,Official CEC presidential result at township/district level. The map shows the local leader; Taiwan elects one president nationally. Remote uninhabited claimed-island geometry is omitted from the display.
"Taitung City, Taitung County",https://db.cec.gov.tw/ElecTable/Election/ElecTickets?dataType=tickets&typeId=ELC&subjectId=P0&legisId=00&themeId=4d83db17c1707e3defae5dc4d4e9c800&dataLevel=C&prvCode=00&cityCode=000&areaCode=00&deptCode=000&liCode=0000,https://data.gov.tw/dataset/7441,Hou Yu-ih–Jaw Shaw-kong,Kuomintang,84956,56479,395,56874,66.95,8443,0,first,,,Ko Wen-je–Cynthia Wu,Taiwan People's Party,14134,Taitung County,TW-10014010,official,Official CEC presidential result at township/district level. The map shows the local leader; Taiwan elects one president nationally. Remote uninhabited claimed-island geometry is omitted from the display.
"Chenggong Township, Taitung County",https://db.cec.gov.tw/ElecTable/Election/ElecTickets?dataType=tickets&typeId=ELC&subjectId=P0&legisId=00&themeId=4d83db17c1707e3defae5dc4d4e9c800&dataLevel=C&prvCode=00&cityCode=000&areaCode=00&deptCode=000&liCode=0000,https://data.gov.tw/dataset/7441,Hou Yu-ih–Jaw Shaw-kong,Kuomintang,11516,6250,41,6291,54.63,2173,0,first,,,Hou Yu-ih–Jaw Shaw-kong,Kuomintang,3604,Taitung County,TW-10014020,official,Official CEC presidential result at township/district level. The map shows the local leader; Taiwan elects one president nationally. Remote uninhabited claimed-island geometry is omitted from the display.
"Chenggong Township, Taitung County",https://db.cec.gov.tw/ElecTable/Election/ElecTickets?dataType=tickets&typeId=ELC&subjectId=P0&legisId=00&themeId=4d83db17c1707e3defae5dc4d4e9c800&dataLevel=C&prvCode=00&cityCode=000&areaCode=00&deptCode=000&liCode=0000,https://data.gov.tw/dataset/7441,Hou Yu-ih–Jaw Shaw-kong,Kuomintang,11516,6250,41,6291,54.63,2173,0,first,,,Lai Ching-te–Hsiao Bi-khim,Democratic Progressive Party,1431,Taitung County,TW-10014020,official,Official CEC presidential result at township/district level. The map shows the local leader; Taiwan elects one president nationally. Remote uninhabited claimed-island geometry is omitted from the display.
"Chenggong Township, Taitung County",https://db.cec.gov.tw/ElecTable/Election/ElecTickets?dataType=tickets&typeId=ELC&subjectId=P0&legisId=00&themeId=4d83db17c1707e3defae5dc4d4e9c800&dataLevel=C&prvCode=00&cityCode=000&areaCode=00&deptCode=000&liCode=0000,https://data.gov.tw/dataset/7441,Hou Yu-ih–Jaw Shaw-kong,Kuomintang,11516,6250,41,6291,54.63,2173,0,first,,,Ko Wen-je–Cynthia Wu,Taiwan People's Party,1215,Taitung County,TW-10014020,official,Official CEC presidential result at township/district level. The map shows the local leader; Taiwan elects one president nationally. Remote uninhabited claimed-island geometry is omitted from the display.
"Guanshan Township, Taitung County",https://db.cec.gov.tw/ElecTable/Election/ElecTickets?dataType=tickets&typeId=ELC&subjectId=P0&legisId=00&themeId=4d83db17c1707e3defae5dc4d4e9c800&dataLevel=C&prvCode=00&cityCode=000&areaCode=00&deptCode=000&liCode=0000,https://data.gov.tw/dataset/7441,Hou Yu-ih–Jaw Shaw-kong,Kuomintang,6883,4211,37,4248,61.72,1019,0,first,,,Hou Yu-ih–Jaw Shaw-kong,Kuomintang,2148,Taitung County,TW-10014030,official,Official CEC presidential result at township/district level. The map shows the local leader; Taiwan elects one president nationally. Remote uninhabited claimed-island geometry is omitted from the display.
"Guanshan Township, Taitung County",https://db.cec.gov.tw/ElecTable/Election/ElecTickets?dataType=tickets&typeId=ELC&subjectId=P0&legisId=00&themeId=4d83db17c1707e3defae5dc4d4e9c800&dataLevel=C&prvCode=00&cityCode=000&areaCode=00&deptCode=000&liCode=0000,https://data.gov.tw/dataset/7441,Hou Yu-ih–Jaw Shaw-kong,Kuomintang,6883,4211,37,4248,61.72,1019,0,first,,,Lai Ching-te–Hsiao Bi-khim,Democratic Progressive Party,1129,Taitung County,TW-10014030,official,Official CEC presidential result at township/district level. The map shows the local leader; Taiwan elects one president nationally. Remote uninhabited claimed-island geometry is omitted from the display.
"Guanshan Township, Taitung County",https://db.cec.gov.tw/ElecTable/Election/ElecTickets?dataType=tickets&typeId=ELC&subjectId=P0&legisId=00&themeId=4d83db17c1707e3defae5dc4d4e9c800&dataLevel=C&prvCode=00&cityCode=000&areaCode=00&deptCode=000&liCode=0000,https://data.gov.tw/dataset/7441,Hou Yu-ih–Jaw Shaw-kong,Kuomintang,6883,4211,37,4248,61.72,1019,0,first,,,Ko Wen-je–Cynthia Wu,Taiwan People's Party,934,Taitung County,TW-10014030,official,Official CEC presidential result at township/district level. The map shows the local leader; Taiwan elects one president nationally. Remote uninhabited claimed-island geometry is omitted from the display.
"Beinan Township, Taitung County",https://db.cec.gov.tw/ElecTable/Election/ElecTickets?dataType=tickets&typeId=ELC&subjectId=P0&legisId=00&themeId=4d83db17c1707e3defae5dc4d4e9c800&dataLevel=C&prvCode=00&cityCode=000&areaCode=00&deptCode=000&liCode=0000,https://data.gov.tw/dataset/7441,Hou Yu-ih–Jaw Shaw-kong,Kuomintang,14588,9081,108,9189,62.99,1601,0,first,,,Hou Yu-ih–Jaw Shaw-kong,Kuomintang,4325,Taitung County,TW-10014040,official,Official CEC presidential result at township/district level. The map shows the local leader; Taiwan elects one president nationally. Remote uninhabited claimed-island geometry is omitted from the display.
"Beinan Township, Taitung County",https://db.cec.gov.tw/ElecTable/Election/ElecTickets?dataType=tickets&typeId=ELC&subjectId=P0&legisId=00&themeId=4d83db17c1707e3defae5dc4d4e9c800&dataLevel=C&prvCode=00&cityCode=000&areaCode=00&deptCode=000&liCode=0000,https://data.gov.tw/dataset/7441,Hou Yu-ih–Jaw Shaw-kong,Kuomintang,14588,9081,108,9189,62.99,1601,0,first,,,Lai Ching-te–Hsiao Bi-khim,Democratic Progressive Party,2724,Taitung County,TW-10014040,official,Official CEC presidential result at township/district level. The map shows the local leader; Taiwan elects one president nationally. Remote uninhabited claimed-island geometry is omitted from the display.
"Beinan Township, Taitung County",https://db.cec.gov.tw/ElecTable/Election/ElecTickets?dataType=tickets&typeId=ELC&subjectId=P0&legisId=00&themeId=4d83db17c1707e3defae5dc4d4e9c800&dataLevel=C&prvCode=00&cityCode=000&areaCode=00&deptCode=000&liCode=0000,https://data.gov.tw/dataset/7441,Hou Yu-ih–Jaw Shaw-kong,Kuomintang,14588,9081,108,9189,62.99,1601,0,first,,,Ko Wen-je–Cynthia Wu,Taiwan People's Party,2032,Taitung County,TW-10014040,official,Official CEC presidential result at township/district level. The map shows the local leader; Taiwan elects one president nationally. Remote uninhabited claimed-island geometry is omitted from the display.
"Luye Township, Taitung County",https://db.cec.gov.tw/ElecTable/Election/ElecTickets?dataType=tickets&typeId=ELC&subjectId=P0&legisId=00&themeId=4d83db17c1707e3defae5dc4d4e9c800&dataLevel=C&prvCode=00&cityCode=000&areaCode=00&deptCode=000&liCode=0000,https://data.gov.tw/dataset/7441,Hou Yu-ih–Jaw Shaw-kong,Kuomintang,6457,3812,34,3846,59.56,548,0,first,,,Hou Yu-ih–Jaw Shaw-kong,Kuomintang,1791,Taitung County,TW-10014050,official,Official CEC presidential result at township/district level. The map shows the local leader; Taiwan elects one president nationally. Remote uninhabited claimed-island geometry is omitted from the display.
"Luye Township, Taitung County",https://db.cec.gov.tw/ElecTable/Election/ElecTickets?dataType=tickets&typeId=ELC&subjectId=P0&legisId=00&themeId=4d83db17c1707e3defae5dc4d4e9c800&dataLevel=C&prvCode=00&cityCode=000&areaCode=00&deptCode=000&liCode=0000,https://data.gov.tw/dataset/7441,Hou Yu-ih–Jaw Shaw-kong,Kuomintang,6457,3812,34,3846,59.56,548,0,first,,,Lai Ching-te–Hsiao Bi-khim,Democratic Progressive Party,1243,Taitung County,TW-10014050,official,Official CEC presidential result at township/district level. The map shows the local leader; Taiwan elects one president nationally. Remote uninhabited claimed-island geometry is omitted from the display.
"Luye Township, Taitung County",https://db.cec.gov.tw/ElecTable/Election/ElecTickets?dataType=tickets&typeId=ELC&subjectId=P0&legisId=00&themeId=4d83db17c1707e3defae5dc4d4e9c800&dataLevel=C&prvCode=00&cityCode=000&areaCode=00&deptCode=000&liCode=0000,https://data.gov.tw/dataset/7441,Hou Yu-ih–Jaw Shaw-kong,Kuomintang,6457,3812,34,3846,59.56,548,0,first,,,Ko Wen-je–Cynthia Wu,Taiwan People's Party,778,Taitung County,TW-10014050,official,Official CEC presidential result at township/district level. The map shows the local leader; Taiwan elects one president nationally. Remote uninhabited claimed-island geometry is omitted from the display.
"Chishang Township, Taitung County",https://db.cec.gov.tw/ElecTable/Election/ElecTickets?dataType=tickets&typeId=ELC&subjectId=P0&legisId=00&themeId=4d83db17c1707e3defae5dc4d4e9c800&dataLevel=C&prvCode=00&cityCode=000&areaCode=00&deptCode=000&liCode=0000,https://data.gov.tw/dataset/7441,Hou Yu-ih–Jaw Shaw-kong,Kuomintang,6871,3912,36,3948,57.46,626,0,first,,,Hou Yu-ih–Jaw Shaw-kong,Kuomintang,1818,Taitung County,TW-10014060,official,Official CEC presidential result at township/district level. The map shows the local leader; Taiwan elects one president nationally. Remote uninhabited claimed-island geometry is omitted from the display.
"Chishang Township, Taitung County",https://db.cec.gov.tw/ElecTable/Election/ElecTickets?dataType=tickets&typeId=ELC&subjectId=P0&legisId=00&themeId=4d83db17c1707e3defae5dc4d4e9c800&dataLevel=C&prvCode=00&cityCode=000&areaCode=00&deptCode=000&liCode=0000,https://data.gov.tw/dataset/7441,Hou Yu-ih–Jaw Shaw-kong,Kuomintang,6871,3912,36,3948,57.46,626,0,first,,,Lai Ching-te–Hsiao Bi-khim,Democratic Progressive Party,1192,Taitung County,TW-10014060,official,Official CEC presidential result at township/district level. The map shows the local leader; Taiwan elects one president nationally. Remote uninhabited claimed-island geometry is omitted from the display.
"Chishang Township, Taitung County",https://db.cec.gov.tw/ElecTable/Election/ElecTickets?dataType=tickets&typeId=ELC&subjectId=P0&legisId=00&themeId=4d83db17c1707e3defae5dc4d4e9c800&dataLevel=C&prvCode=00&cityCode=000&areaCode=00&deptCode=000&liCode=0000,https://data.gov.tw/dataset/7441,Hou Yu-ih–Jaw Shaw-kong,Kuomintang,6871,3912,36,3948,57.46,626,0,first,,,Ko Wen-je–Cynthia Wu,Taiwan People's Party,902,Taitung County,TW-10014060,official,Official CEC presidential result at township/district level. The map shows the local leader; Taiwan elects one president nationally. Remote uninhabited claimed-island geometry is omitted from the display.
"Donghe Township, Taitung County",https://db.cec.gov.tw/ElecTable/Election/ElecTickets?dataType=tickets&typeId=ELC&subjectId=P0&legisId=00&themeId=4d83db17c1707e3defae5dc4d4e9c800&dataLevel=C&prvCode=00&cityCode=000&areaCode=00&deptCode=000&liCode=0000,https://data.gov.tw/dataset/7441,Hou Yu-ih–Jaw Shaw-kong,Kuomintang,7143,3854,37,3891,54.47,1109,0,first,,,Hou Yu-ih–Jaw Shaw-kong,Kuomintang,2105,Taitung County,TW-10014070,official,Official CEC presidential result at township/district level. The map shows the local leader; Taiwan elects one president nationally. Remote uninhabited claimed-island geometry is omitted from the display.
"Donghe Township, Taitung County",https://db.cec.gov.tw/ElecTable/Election/ElecTickets?dataType=tickets&typeId=ELC&subjectId=P0&legisId=00&themeId=4d83db17c1707e3defae5dc4d4e9c800&dataLevel=C&prvCode=00&cityCode=000&areaCode=00&deptCode=000&liCode=0000,https://data.gov.tw/dataset/7441,Hou Yu-ih–Jaw Shaw-kong,Kuomintang,7143,3854,37,3891,54.47,1109,0,first,,,Lai Ching-te–Hsiao Bi-khim,Democratic Progressive Party,996,Taitung County,TW-10014070,official,Official CEC presidential result at township/district level. The map shows the local leader; Taiwan elects one president nationally. Remote uninhabited claimed-island geometry is omitted from the display.
"Donghe Township, Taitung County",https://db.cec.gov.tw/ElecTable/Election/ElecTickets?dataType=tickets&typeId=ELC&subjectId=P0&legisId=00&themeId=4d83db17c1707e3defae5dc4d4e9c800&dataLevel=C&prvCode=00&cityCode=000&areaCode=00&deptCode=000&liCode=0000,https://data.gov.tw/dataset/7441,Hou Yu-ih–Jaw Shaw-kong,Kuomintang,7143,3854,37,3891,54.47,1109,0,first,,,Ko Wen-je–Cynthia Wu,Taiwan People's Party,753,Taitung County,TW-10014070,official,Official CEC presidential result at township/district level. The map shows the local leader; Taiwan elects one president nationally. Remote uninhabited claimed-island geometry is omitted from the display.
"Changbin Township, Taitung County",https://db.cec.gov.tw/ElecTable/Election/ElecTickets?dataType=tickets&typeId=ELC&subjectId=P0&legisId=00&themeId=4d83db17c1707e3defae5dc4d4e9c800&dataLevel=C&prvCode=00&cityCode=000&areaCode=00&deptCode=000&liCode=0000,https://data.gov.tw/dataset/7441,Hou Yu-ih–Jaw Shaw-kong,Kuomintang,5996,3150,31,3181,53.05,1180,0,first,,,Hou Yu-ih–Jaw Shaw-kong,Kuomintang,1924,Taitung County,TW-10014080,official,Official CEC presidential result at township/district level. The map shows the local leader; Taiwan elects one president nationally. Remote uninhabited claimed-island geometry is omitted from the display.
"Changbin Township, Taitung County",https://db.cec.gov.tw/ElecTable/Election/ElecTickets?dataType=tickets&typeId=ELC&subjectId=P0&legisId=00&themeId=4d83db17c1707e3defae5dc4d4e9c800&dataLevel=C&prvCode=00&cityCode=000&areaCode=00&deptCode=000&liCode=0000,https://data.gov.tw/dataset/7441,Hou Yu-ih–Jaw Shaw-kong,Kuomintang,5996,3150,31,3181,53.05,1180,0,first,,,Lai Ching-te–Hsiao Bi-khim,Democratic Progressive Party,744,Taitung County,TW-10014080,official,Official CEC presidential result at township/district level. The map shows the local leader; Taiwan elects one president nationally. Remote uninhabited claimed-island geometry is omitted from the display.
"Changbin Township, Taitung County",https://db.cec.gov.tw/ElecTable/Election/ElecTickets?dataType=tickets&typeId=ELC&subjectId=P0&legisId=00&themeId=4d83db17c1707e3defae5dc4d4e9c800&dataLevel=C&prvCode=00&cityCode=000&areaCode=00&deptCode=000&liCode=0000,https://data.gov.tw/dataset/7441,Hou Yu-ih–Jaw Shaw-kong,Kuomintang,5996,3150,31,3181,53.05,1180,0,first,,,Ko Wen-je–Cynthia Wu,Taiwan People's Party,482,Taitung County,TW-10014080,official,Official CEC presidential result at township/district level. The map shows the local leader; Taiwan elects one president nationally. Remote uninhabited claimed-island geometry is omitted from the display.
"Taimali Township, Taitung County",https://db.cec.gov.tw/ElecTable/Election/ElecTickets?dataType=tickets&typeId=ELC&subjectId=P0&legisId=00&themeId=4d83db17c1707e3defae5dc4d4e9c800&dataLevel=C&prvCode=00&cityCode=000&areaCode=00&deptCode=000&liCode=0000,https://data.gov.tw/dataset/7441,Hou Yu-ih–Jaw Shaw-kong,Kuomintang,9346,5603,51,5654,60.5,1298,0,first,,,Hou Yu-ih–Jaw Shaw-kong,Kuomintang,2889,Taitung County,TW-10014090,official,Official CEC presidential result at township/district level. The map shows the local leader; Taiwan elects one president nationally. Remote uninhabited claimed-island geometry is omitted from the display.
"Taimali Township, Taitung County",https://db.cec.gov.tw/ElecTable/Election/ElecTickets?dataType=tickets&typeId=ELC&subjectId=P0&legisId=00&themeId=4d83db17c1707e3defae5dc4d4e9c800&dataLevel=C&prvCode=00&cityCode=000&areaCode=00&deptCode=000&liCode=0000,https://data.gov.tw/dataset/7441,Hou Yu-ih–Jaw Shaw-kong,Kuomintang,9346,5603,51,5654,60.5,1298,0,first,,,Lai Ching-te–Hsiao Bi-khim,Democratic Progressive Party,1591,Taitung County,TW-10014090,official,Official CEC presidential result at township/district level. The map shows the local leader; Taiwan elects one president nationally. Remote uninhabited claimed-island geometry is omitted from the display.
"Taimali Township, Taitung County",https://db.cec.gov.tw/ElecTable/Election/ElecTickets?dataType=tickets&typeId=ELC&subjectId=P0&legisId=00&themeId=4d83db17c1707e3defae5dc4d4e9c800&dataLevel=C&prvCode=00&cityCode=000&areaCode=00&deptCode=000&liCode=0000,https://data.gov.tw/dataset/7441,Hou Yu-ih–Jaw Shaw-kong,Kuomintang,9346,5603,51,5654,60.5,1298,0,first,,,Ko Wen-je–Cynthia Wu,Taiwan People's Party,1123,Taitung County,TW-10014090,official,Official CEC presidential result at township/district level. The map shows the local leader; Taiwan elects one president nationally. Remote uninhabited claimed-island geometry is omitted from the display.
"Dawu Township, Taitung County",https://db.cec.gov.tw/ElecTable/Election/ElecTickets?dataType=tickets&typeId=ELC&subjectId=P0&legisId=00&themeId=4d83db17c1707e3defae5dc4d4e9c800&dataLevel=C&prvCode=00&cityCode=000&areaCode=00&deptCode=000&liCode=0000,https://data.gov.tw/dataset/7441,Hou Yu-ih–Jaw Shaw-kong,Kuomintang,4778,2707,22,2729,57.12,900,0,first,,,Hou Yu-ih–Jaw Shaw-kong,Kuomintang,1510,Taitung County,TW-10014100,official,Official CEC presidential result at township/district level. The map shows the local leader; Taiwan elects one president nationally. Remote uninhabited claimed-island geometry is omitted from the display.
"Dawu Township, Taitung County",https://db.cec.gov.tw/ElecTable/Election/ElecTickets?dataType=tickets&typeId=ELC&subjectId=P0&legisId=00&themeId=4d83db17c1707e3defae5dc4d4e9c800&dataLevel=C&prvCode=00&cityCode=000&areaCode=00&deptCode=000&liCode=0000,https://data.gov.tw/dataset/7441,Hou Yu-ih–Jaw Shaw-kong,Kuomintang,4778,2707,22,2729,57.12,900,0,first,,,Lai Ching-te–Hsiao Bi-khim,Democratic Progressive Party,610,Taitung County,TW-10014100,official,Official CEC presidential result at township/district level. The map shows the local leader; Taiwan elects one president nationally. Remote uninhabited claimed-island geometry is omitted from the display.
"Dawu Township, Taitung County",https://db.cec.gov.tw/ElecTable/Election/ElecTickets?dataType=tickets&typeId=ELC&subjectId=P0&legisId=00&themeId=4d83db17c1707e3defae5dc4d4e9c800&dataLevel=C&prvCode=00&cityCode=000&areaCode=00&deptCode=000&liCode=0000,https://data.gov.tw/dataset/7441,Hou Yu-ih–Jaw Shaw-kong,Kuomintang,4778,2707,22,2729,57.12,900,0,first,,,Ko Wen-je–Cynthia Wu,Taiwan People's Party,587,Taitung County,TW-10014100,official,Official CEC presidential result at township/district level. The map shows the local leader; Taiwan elects one president nationally. Remote uninhabited claimed-island geometry is omitted from the display.
"Ludao Township, Taitung County",https://db.cec.gov.tw/ElecTable/Election/ElecTickets?dataType=tickets&typeId=ELC&subjectId=P0&legisId=00&themeId=4d83db17c1707e3defae5dc4d4e9c800&dataLevel=C&prvCode=00&cityCode=000&areaCode=00&deptCode=000&liCode=0000,https://data.gov.tw/dataset/7441,Hou Yu-ih–Jaw Shaw-kong,Kuomintang,3827,1759,16,1775,46.38,314,0,first,,,Hou Yu-ih–Jaw Shaw-kong,Kuomintang,873,Taitung County,TW-10014110,official,Official CEC presidential result at township/district level. The map shows the local leader; Taiwan elects one president nationally. Remote uninhabited claimed-island geometry is omitted from the display.
"Ludao Township, Taitung County",https://db.cec.gov.tw/ElecTable/Election/ElecTickets?dataType=tickets&typeId=ELC&subjectId=P0&legisId=00&themeId=4d83db17c1707e3defae5dc4d4e9c800&dataLevel=C&prvCode=00&cityCode=000&areaCode=00&deptCode=000&liCode=0000,https://data.gov.tw/dataset/7441,Hou Yu-ih–Jaw Shaw-kong,Kuomintang,3827,1759,16,1775,46.38,314,0,first,,,Ko Wen-je–Cynthia Wu,Taiwan People's Party,559,Taitung County,TW-10014110,official,Official CEC presidential result at township/district level. The map shows the local leader; Taiwan elects one president nationally. Remote uninhabited claimed-island geometry is omitted from the display.
"Ludao Township, Taitung County",https://db.cec.gov.tw/ElecTable/Election/ElecTickets?dataType=tickets&typeId=ELC&subjectId=P0&legisId=00&themeId=4d83db17c1707e3defae5dc4d4e9c800&dataLevel=C&prvCode=00&cityCode=000&areaCode=00&deptCode=000&liCode=0000,https://data.gov.tw/dataset/7441,Hou Yu-ih–Jaw Shaw-kong,Kuomintang,3827,1759,16,1775,46.38,314,0,first,,,Lai Ching-te–Hsiao Bi-khim,Democratic Progressive Party,327,Taitung County,TW-10014110,official,Official CEC presidential result at township/district level. The map shows the local leader; Taiwan elects one president nationally. Remote uninhabited claimed-island geometry is omitted from the display.
"Haiduan Township, Taitung County",https://db.cec.gov.tw/ElecTable/Election/ElecTickets?dataType=tickets&typeId=ELC&subjectId=P0&legisId=00&themeId=4d83db17c1707e3defae5dc4d4e9c800&dataLevel=C&prvCode=00&cityCode=000&areaCode=00&deptCode=000&liCode=0000,https://data.gov.tw/dataset/7441,Hou Yu-ih–Jaw Shaw-kong,Kuomintang,3284,1835,23,1858,56.58,802,0,first,,,Hou Yu-ih–Jaw Shaw-kong,Kuomintang,1213,Taitung County,TW-10014120,official,Official CEC presidential result at township/district level. The map shows the local leader; Taiwan elects one president nationally. Remote uninhabited claimed-island geometry is omitted from the display.
"Haiduan Township, Taitung County",https://db.cec.gov.tw/ElecTable/Election/ElecTickets?dataType=tickets&typeId=ELC&subjectId=P0&legisId=00&themeId=4d83db17c1707e3defae5dc4d4e9c800&dataLevel=C&prvCode=00&cityCode=000&areaCode=00&deptCode=000&liCode=0000,https://data.gov.tw/dataset/7441,Hou Yu-ih–Jaw Shaw-kong,Kuomintang,3284,1835,23,1858,56.58,802,0,first,,,Ko Wen-je–Cynthia Wu,Taiwan People's Party,411,Taitung County,TW-10014120,official,Official CEC presidential result at township/district level. The map shows the local leader; Taiwan elects one president nationally. Remote uninhabited claimed-island geometry is omitted from the display.
"Haiduan Township, Taitung County",https://db.cec.gov.tw/ElecTable/Election/ElecTickets?dataType=tickets&typeId=ELC&subjectId=P0&legisId=00&themeId=4d83db17c1707e3defae5dc4d4e9c800&dataLevel=C&prvCode=00&cityCode=000&areaCode=00&deptCode=000&liCode=0000,https://data.gov.tw/dataset/7441,Hou Yu-ih–Jaw Shaw-kong,Kuomintang,3284,1835,23,1858,56.58,802,0,first,,,Lai Ching-te–Hsiao Bi-khim,Democratic Progressive Party,211,Taitung County,TW-10014120,official,Official CEC presidential result at township/district level. The map shows the local leader; Taiwan elects one president nationally. Remote uninhabited claimed-island geometry is omitted from the display.
"Yanping Township, Taitung County",https://db.cec.gov.tw/ElecTable/Election/ElecTickets?dataType=tickets&typeId=ELC&subjectId=P0&legisId=00&themeId=4d83db17c1707e3defae5dc4d4e9c800&dataLevel=C&prvCode=00&cityCode=000&areaCode=00&deptCode=000&liCode=0000,https://data.gov.tw/dataset/7441,Hou Yu-ih–Jaw Shaw-kong,Kuomintang,2853,1822,14,1836,64.35,758,0,first,,,Hou Yu-ih–Jaw Shaw-kong,Kuomintang,1172,Taitung County,TW-10014130,official,Official CEC presidential result at township/district level. The map shows the local leader; Taiwan elects one president nationally. Remote uninhabited claimed-island geometry is omitted from the display.
"Yanping Township, Taitung County",https://db.cec.gov.tw/ElecTable/Election/ElecTickets?dataType=tickets&typeId=ELC&subjectId=P0&legisId=00&themeId=4d83db17c1707e3defae5dc4d4e9c800&dataLevel=C&prvCode=00&cityCode=000&areaCode=00&deptCode=000&liCode=0000,https://data.gov.tw/dataset/7441,Hou Yu-ih–Jaw Shaw-kong,Kuomintang,2853,1822,14,1836,64.35,758,0,first,,,Ko Wen-je–Cynthia Wu,Taiwan People's Party,414,Taitung County,TW-10014130,official,Official CEC presidential result at township/district level. The map shows the local leader; Taiwan elects one president nationally. Remote uninhabited claimed-island geometry is omitted from the display.
"Yanping Township, Taitung County",https://db.cec.gov.tw/ElecTable/Election/ElecTickets?dataType=tickets&typeId=ELC&subjectId=P0&legisId=00&themeId=4d83db17c1707e3defae5dc4d4e9c800&dataLevel=C&prvCode=00&cityCode=000&areaCode=00&deptCode=000&liCode=0000,https://data.gov.tw/dataset/7441,Hou Yu-ih–Jaw Shaw-kong,Kuomintang,2853,1822,14,1836,64.35,758,0,first,,,Lai Ching-te–Hsiao Bi-khim,Democratic Progressive Party,236,Taitung County,TW-10014130,official,Official CEC presidential result at township/district level. The map shows the local leader; Taiwan elects one president nationally. Remote uninhabited claimed-island geometry is omitted from the display.
"Jinfeng Township, Taitung County",https://db.cec.gov.tw/ElecTable/Election/ElecTickets?dataType=tickets&typeId=ELC&subjectId=P0&legisId=00&themeId=4d83db17c1707e3defae5dc4d4e9c800&dataLevel=C&prvCode=00&cityCode=000&areaCode=00&deptCode=000&liCode=0000,https://data.gov.tw/dataset/7441,Hou Yu-ih–Jaw Shaw-kong,Kuomintang,2983,2098,8,2106,70.6,941,0,first,,,Hou Yu-ih–Jaw Shaw-kong,Kuomintang,1435,Taitung County,TW-10014140,official,Official CEC presidential result at township/district level. The map shows the local leader; Taiwan elects one president nationally. Remote uninhabited claimed-island geometry is omitted from the display.
"Jinfeng Township, Taitung County",https://db.cec.gov.tw/ElecTable/Election/ElecTickets?dataType=tickets&typeId=ELC&subjectId=P0&legisId=00&themeId=4d83db17c1707e3defae5dc4d4e9c800&dataLevel=C&prvCode=00&cityCode=000&areaCode=00&deptCode=000&liCode=0000,https://data.gov.tw/dataset/7441,Hou Yu-ih–Jaw Shaw-kong,Kuomintang,2983,2098,8,2106,70.6,941,0,first,,,Ko Wen-je–Cynthia Wu,Taiwan People's Party,494,Taitung County,TW-10014140,official,Official CEC presidential result at township/district level. The map shows the local leader; Taiwan elects one president nationally. Remote uninhabited claimed-island geometry is omitted from the display.
"Jinfeng Township, Taitung County",https://db.cec.gov.tw/ElecTable/Election/ElecTickets?dataType=tickets&typeId=ELC&subjectId=P0&legisId=00&themeId=4d83db17c1707e3defae5dc4d4e9c800&dataLevel=C&prvCode=00&cityCode=000&areaCode=00&deptCode=000&liCode=0000,https://data.gov.tw/dataset/7441,Hou Yu-ih–Jaw Shaw-kong,Kuomintang,2983,2098,8,2106,70.6,941,0,first,,,Lai Ching-te–Hsiao Bi-khim,Democratic Progressive Party,169,Taitung County,TW-10014140,official,Official CEC presidential result at township/district level. The map shows the local leader; Taiwan elects one president nationally. Remote uninhabited claimed-island geometry is omitted from the display.
"Daren Township, Taitung County",https://db.cec.gov.tw/ElecTable/Election/ElecTickets?dataType=tickets&typeId=ELC&subjectId=P0&legisId=00&themeId=4d83db17c1707e3defae5dc4d4e9c800&dataLevel=C&prvCode=00&cityCode=000&areaCode=00&deptCode=000&liCode=0000,https://data.gov.tw/dataset/7441,Hou Yu-ih–Jaw Shaw-kong,Kuomintang,2941,1849,18,1867,63.48,888,0,first,,,Hou Yu-ih–Jaw Shaw-kong,Kuomintang,1265,Taitung County,TW-10014150,official,Official CEC presidential result at township/district level. The map shows the local leader; Taiwan elects one president nationally. Remote uninhabited claimed-island geometry is omitted from the display.
"Daren Township, Taitung County",https://db.cec.gov.tw/ElecTable/Election/ElecTickets?dataType=tickets&typeId=ELC&subjectId=P0&legisId=00&themeId=4d83db17c1707e3defae5dc4d4e9c800&dataLevel=C&prvCode=00&cityCode=000&areaCode=00&deptCode=000&liCode=0000,https://data.gov.tw/dataset/7441,Hou Yu-ih–Jaw Shaw-kong,Kuomintang,2941,1849,18,1867,63.48,888,0,first,,,Ko Wen-je–Cynthia Wu,Taiwan People's Party,377,Taitung County,TW-10014150,official,Official CEC presidential result at township/district level. The map shows the local leader; Taiwan elects one president nationally. Remote uninhabited claimed-island geometry is omitted from the display.
"Daren Township, Taitung County",https://db.cec.gov.tw/ElecTable/Election/ElecTickets?dataType=tickets&typeId=ELC&subjectId=P0&legisId=00&themeId=4d83db17c1707e3defae5dc4d4e9c800&dataLevel=C&prvCode=00&cityCode=000&areaCode=00&deptCode=000&liCode=0000,https://data.gov.tw/dataset/7441,Hou Yu-ih–Jaw Shaw-kong,Kuomintang,2941,1849,18,1867,63.48,888,0,first,,,Lai Ching-te–Hsiao Bi-khim,Democratic Progressive Party,207,Taitung County,TW-10014150,official,Official CEC presidential result at township/district level. The map shows the local leader; Taiwan elects one president nationally. Remote uninhabited claimed-island geometry is omitted from the display.
"Lanyu Township, Taitung County",https://db.cec.gov.tw/ElecTable/Election/ElecTickets?dataType=tickets&typeId=ELC&subjectId=P0&legisId=00&themeId=4d83db17c1707e3defae5dc4d4e9c800&dataLevel=C&prvCode=00&cityCode=000&areaCode=00&deptCode=000&liCode=0000,https://data.gov.tw/dataset/7441,Hou Yu-ih–Jaw Shaw-kong,Kuomintang,4306,1519,24,1543,35.83,359,0,first,,,Hou Yu-ih–Jaw Shaw-kong,Kuomintang,754,Taitung County,TW-10014160,official,Official CEC presidential result at township/district level. The map shows the local leader; Taiwan elects one president nationally. Remote uninhabited claimed-island geometry is omitted from the display.
"Lanyu Township, Taitung County",https://db.cec.gov.tw/ElecTable/Election/ElecTickets?dataType=tickets&typeId=ELC&subjectId=P0&legisId=00&themeId=4d83db17c1707e3defae5dc4d4e9c800&dataLevel=C&prvCode=00&cityCode=000&areaCode=00&deptCode=000&liCode=0000,https://data.gov.tw/dataset/7441,Hou Yu-ih–Jaw Shaw-kong,Kuomintang,4306,1519,24,1543,35.83,359,0,first,,,Ko Wen-je–Cynthia Wu,Taiwan People's Party,395,Taitung County,TW-10014160,official,Official CEC presidential result at township/district level. The map shows the local leader; Taiwan elects one president nationally. Remote uninhabited claimed-island geometry is omitted from the display.
"Lanyu Township, Taitung County",https://db.cec.gov.tw/ElecTable/Election/ElecTickets?dataType=tickets&typeId=ELC&subjectId=P0&legisId=00&themeId=4d83db17c1707e3defae5dc4d4e9c800&dataLevel=C&prvCode=00&cityCode=000&areaCode=00&deptCode=000&liCode=0000,https://data.gov.tw/dataset/7441,Hou Yu-ih–Jaw Shaw-kong,Kuomintang,4306,1519,24,1543,35.83,359,0,first,,,Lai Ching-te–Hsiao Bi-khim,Democratic Progressive Party,370,Taitung County,TW-10014160,official,Official CEC presidential result at township/district level. The map shows the local leader; Taiwan elects one president nationally. Remote uninhabited claimed-island geometry is omitted from the display.
"Hualien City, Hualien County",https://db.cec.gov.tw/ElecTable/Election/ElecTickets?dataType=tickets&typeId=ELC&subjectId=P0&legisId=00&themeId=4d83db17c1707e3defae5dc4d4e9c800&dataLevel=C&prvCode=00&cityCode=000&areaCode=00&deptCode=000&liCode=0000,https://data.gov.tw/dataset/7441,Hou Yu-ih–Jaw Shaw-kong,Kuomintang,80785,55132,525,55657,68.9,10976,0,first,,,Hou Yu-ih–Jaw Shaw-kong,Kuomintang,25996,Hualien County,TW-10015010,official,Official CEC presidential result at township/district level. The map shows the local leader; Taiwan elects one president nationally. Remote uninhabited claimed-island geometry is omitted from the display.
"Hualien City, Hualien County",https://db.cec.gov.tw/ElecTable/Election/ElecTickets?dataType=tickets&typeId=ELC&subjectId=P0&legisId=00&themeId=4d83db17c1707e3defae5dc4d4e9c800&dataLevel=C&prvCode=00&cityCode=000&areaCode=00&deptCode=000&liCode=0000,https://data.gov.tw/dataset/7441,Hou Yu-ih–Jaw Shaw-kong,Kuomintang,80785,55132,525,55657,68.9,10976,0,first,,,Lai Ching-te–Hsiao Bi-khim,Democratic Progressive Party,15020,Hualien County,TW-10015010,official,Official CEC presidential result at township/district level. The map shows the local leader; Taiwan elects one president nationally. Remote uninhabited claimed-island geometry is omitted from the display.
"Hualien City, Hualien County",https://db.cec.gov.tw/ElecTable/Election/ElecTickets?dataType=tickets&typeId=ELC&subjectId=P0&legisId=00&themeId=4d83db17c1707e3defae5dc4d4e9c800&dataLevel=C&prvCode=00&cityCode=000&areaCode=00&deptCode=000&liCode=0000,https://data.gov.tw/dataset/7441,Hou Yu-ih–Jaw Shaw-kong,Kuomintang,80785,55132,525,55657,68.9,10976,0,first,,,Ko Wen-je–Cynthia Wu,Taiwan People's Party,14116,Hualien County,TW-10015010,official,Official CEC presidential result at township/district level. The map shows the local leader; Taiwan elects one president nationally. Remote uninhabited claimed-island geometry is omitted from the display.
"Fenglin Township, Hualien County",https://db.cec.gov.tw/ElecTable/Election/ElecTickets?dataType=tickets&typeId=ELC&subjectId=P0&legisId=00&themeId=4d83db17c1707e3defae5dc4d4e9c800&dataLevel=C&prvCode=00&cityCode=000&areaCode=00&deptCode=000&liCode=0000,https://data.gov.tw/dataset/7441,Hou Yu-ih–Jaw Shaw-kong,Kuomintang,9067,6021,57,6078,67.03,1750,0,first,,,Hou Yu-ih–Jaw Shaw-kong,Kuomintang,3268,Hualien County,TW-10015020,official,Official CEC presidential result at township/district level. The map shows the local leader; Taiwan elects one president nationally. Remote uninhabited claimed-island geometry is omitted from the display.
"Fenglin Township, Hualien County",https://db.cec.gov.tw/ElecTable/Election/ElecTickets?dataType=tickets&typeId=ELC&subjectId=P0&legisId=00&themeId=4d83db17c1707e3defae5dc4d4e9c800&dataLevel=C&prvCode=00&cityCode=000&areaCode=00&deptCode=000&liCode=0000,https://data.gov.tw/dataset/7441,Hou Yu-ih–Jaw Shaw-kong,Kuomintang,9067,6021,57,6078,67.03,1750,0,first,,,Lai Ching-te–Hsiao Bi-khim,Democratic Progressive Party,1518,Hualien County,TW-10015020,official,Official CEC presidential result at township/district level. The map shows the local leader; Taiwan elects one president nationally. Remote uninhabited claimed-island geometry is omitted from the display.
"Fenglin Township, Hualien County",https://db.cec.gov.tw/ElecTable/Election/ElecTickets?dataType=tickets&typeId=ELC&subjectId=P0&legisId=00&themeId=4d83db17c1707e3defae5dc4d4e9c800&dataLevel=C&prvCode=00&cityCode=000&areaCode=00&deptCode=000&liCode=0000,https://data.gov.tw/dataset/7441,Hou Yu-ih–Jaw Shaw-kong,Kuomintang,9067,6021,57,6078,67.03,1750,0,first,,,Ko Wen-je–Cynthia Wu,Taiwan People's Party,1235,Hualien County,TW-10015020,official,Official CEC presidential result at township/district level. The map shows the local leader; Taiwan elects one president nationally. Remote uninhabited claimed-island geometry is omitted from the display.
"Yuli Township, Hualien County",https://db.cec.gov.tw/ElecTable/Election/ElecTickets?dataType=tickets&typeId=ELC&subjectId=P0&legisId=00&themeId=4d83db17c1707e3defae5dc4d4e9c800&dataLevel=C&prvCode=00&cityCode=000&areaCode=00&deptCode=000&liCode=0000,https://data.gov.tw/dataset/7441,Hou Yu-ih–Jaw Shaw-kong,Kuomintang,19072,10777,152,10929,57.3,3175,0,first,,,Hou Yu-ih–Jaw Shaw-kong,Kuomintang,5805,Hualien County,TW-10015030,official,Official CEC presidential result at township/district level. The map shows the local leader; Taiwan elects one president nationally. Remote uninhabited claimed-island geometry is omitted from the display.
"Yuli Township, Hualien County",https://db.cec.gov.tw/ElecTable/Election/ElecTickets?dataType=tickets&typeId=ELC&subjectId=P0&legisId=00&themeId=4d83db17c1707e3defae5dc4d4e9c800&dataLevel=C&prvCode=00&cityCode=000&areaCode=00&deptCode=000&liCode=0000,https://data.gov.tw/dataset/7441,Hou Yu-ih–Jaw Shaw-kong,Kuomintang,19072,10777,152,10929,57.3,3175,0,first,,,Lai Ching-te–Hsiao Bi-khim,Democratic Progressive Party,2630,Hualien County,TW-10015030,official,Official CEC presidential result at township/district level. The map shows the local leader; Taiwan elects one president nationally. Remote uninhabited claimed-island geometry is omitted from the display.
"Yuli Township, Hualien County",https://db.cec.gov.tw/ElecTable/Election/ElecTickets?dataType=tickets&typeId=ELC&subjectId=P0&legisId=00&themeId=4d83db17c1707e3defae5dc4d4e9c800&dataLevel=C&prvCode=00&cityCode=000&areaCode=00&deptCode=000&liCode=0000,https://data.gov.tw/dataset/7441,Hou Yu-ih–Jaw Shaw-kong,Kuomintang,19072,10777,152,10929,57.3,3175,0,first,,,Ko Wen-je–Cynthia Wu,Taiwan People's Party,2342,Hualien County,TW-10015030,official,Official CEC presidential result at township/district level. The map shows the local leader; Taiwan elects one president nationally. Remote uninhabited claimed-island geometry is omitted from the display.
"Xincheng Township, Hualien County",https://db.cec.gov.tw/ElecTable/Election/ElecTickets?dataType=tickets&typeId=ELC&subjectId=P0&legisId=00&themeId=4d83db17c1707e3defae5dc4d4e9c800&dataLevel=C&prvCode=00&cityCode=000&areaCode=00&deptCode=000&liCode=0000,https://data.gov.tw/dataset/7441,Hou Yu-ih–Jaw Shaw-kong,Kuomintang,17270,11242,135,11377,65.88,2255,0,first,,,Hou Yu-ih–Jaw Shaw-kong,Kuomintang,5423,Hualien County,TW-10015040,official,Official CEC presidential result at township/district level. The map shows the local leader; Taiwan elects one president nationally. Remote uninhabited claimed-island geometry is omitted from the display.
"Xincheng Township, Hualien County",https://db.cec.gov.tw/ElecTable/Election/ElecTickets?dataType=tickets&typeId=ELC&subjectId=P0&legisId=00&themeId=4d83db17c1707e3defae5dc4d4e9c800&dataLevel=C&prvCode=00&cityCode=000&areaCode=00&deptCode=000&liCode=0000,https://data.gov.tw/dataset/7441,Hou Yu-ih–Jaw Shaw-kong,Kuomintang,17270,11242,135,11377,65.88,2255,0,first,,,Ko Wen-je–Cynthia Wu,Taiwan People's Party,3168,Hualien County,TW-10015040,official,Official CEC presidential result at township/district level. The map shows the local leader; Taiwan elects one president nationally. Remote uninhabited claimed-island geometry is omitted from the display.
"Xincheng Township, Hualien County",https://db.cec.gov.tw/ElecTable/Election/ElecTickets?dataType=tickets&typeId=ELC&subjectId=P0&legisId=00&themeId=4d83db17c1707e3defae5dc4d4e9c800&dataLevel=C&prvCode=00&cityCode=000&areaCode=00&deptCode=000&liCode=0000,https://data.gov.tw/dataset/7441,Hou Yu-ih–Jaw Shaw-kong,Kuomintang,17270,11242,135,11377,65.88,2255,0,first,,,Lai Ching-te–Hsiao Bi-khim,Democratic Progressive Party,2651,Hualien County,TW-10015040,official,Official CEC presidential result at township/district level. The map shows the local leader; Taiwan elects one president nationally. Remote uninhabited claimed-island geometry is omitted from the display.
"Ji'an Township, Hualien County",https://db.cec.gov.tw/ElecTable/Election/ElecTickets?dataType=tickets&typeId=ELC&subjectId=P0&legisId=00&themeId=4d83db17c1707e3defae5dc4d4e9c800&dataLevel=C&prvCode=00&cityCode=000&areaCode=00&deptCode=000&liCode=0000,https://data.gov.tw/dataset/7441,Hou Yu-ih–Jaw Shaw-kong,Kuomintang,71408,48370,482,48852,68.41,10838,0,first,,,Hou Yu-ih–Jaw Shaw-kong,Kuomintang,23358,Hualien County,TW-10015050,official,Official CEC presidential result at township/district level. The map shows the local leader; Taiwan elects one president nationally. Remote uninhabited claimed-island geometry is omitted from the display.
"Ji'an Township, Hualien County",https://db.cec.gov.tw/ElecTable/Election/ElecTickets?dataType=tickets&typeId=ELC&subjectId=P0&legisId=00&themeId=4d83db17c1707e3defae5dc4d4e9c800&dataLevel=C&prvCode=00&cityCode=000&areaCode=00&deptCode=000&liCode=0000,https://data.gov.tw/dataset/7441,Hou Yu-ih–Jaw Shaw-kong,Kuomintang,71408,48370,482,48852,68.41,10838,0,first,,,Ko Wen-je–Cynthia Wu,Taiwan People's Party,12520,Hualien County,TW-10015050,official,Official CEC presidential result at township/district level. The map shows the local leader; Taiwan elects one president nationally. Remote uninhabited claimed-island geometry is omitted from the display.
"Ji'an Township, Hualien County",https://db.cec.gov.tw/ElecTable/Election/ElecTickets?dataType=tickets&typeId=ELC&subjectId=P0&legisId=00&themeId=4d83db17c1707e3defae5dc4d4e9c800&dataLevel=C&prvCode=00&cityCode=000&areaCode=00&deptCode=000&liCode=0000,https://data.gov.tw/dataset/7441,Hou Yu-ih–Jaw Shaw-kong,Kuomintang,71408,48370,482,48852,68.41,10838,0,first,,,Lai Ching-te–Hsiao Bi-khim,Democratic Progressive Party,12492,Hualien County,TW-10015050,official,Official CEC presidential result at township/district level. The map shows the local leader; Taiwan elects one president nationally. Remote uninhabited claimed-island geometry is omitted from the display.
"Shoufeng Township, Hualien County",https://db.cec.gov.tw/ElecTable/Election/ElecTickets?dataType=tickets&typeId=ELC&subjectId=P0&legisId=00&themeId=4d83db17c1707e3defae5dc4d4e9c800&dataLevel=C&prvCode=00&cityCode=000&areaCode=00&deptCode=000&liCode=0000,https://data.gov.tw/dataset/7441,Hou Yu-ih–Jaw Shaw-kong,Kuomintang,14945,9700,109,9809,65.63,2134,0,first,,,Hou Yu-ih–Jaw Shaw-kong,Kuomintang,4764,Hualien County,TW-10015060,official,Official CEC presidential result at township/district level. The map shows the local leader; Taiwan elects one president nationally. Remote uninhabited claimed-island geometry is omitted from the display.
"Shoufeng Township, Hualien County",https://db.cec.gov.tw/ElecTable/Election/ElecTickets?dataType=tickets&typeId=ELC&subjectId=P0&legisId=00&themeId=4d83db17c1707e3defae5dc4d4e9c800&dataLevel=C&prvCode=00&cityCode=000&areaCode=00&deptCode=000&liCode=0000,https://data.gov.tw/dataset/7441,Hou Yu-ih–Jaw Shaw-kong,Kuomintang,14945,9700,109,9809,65.63,2134,0,first,,,Lai Ching-te–Hsiao Bi-khim,Democratic Progressive Party,2630,Hualien County,TW-10015060,official,Official CEC presidential result at township/district level. The map shows the local leader; Taiwan elects one president nationally. Remote uninhabited claimed-island geometry is omitted from the display.
"Shoufeng Township, Hualien County",https://db.cec.gov.tw/ElecTable/Election/ElecTickets?dataType=tickets&typeId=ELC&subjectId=P0&legisId=00&themeId=4d83db17c1707e3defae5dc4d4e9c800&dataLevel=C&prvCode=00&cityCode=000&areaCode=00&deptCode=000&liCode=0000,https://data.gov.tw/dataset/7441,Hou Yu-ih–Jaw Shaw-kong,Kuomintang,14945,9700,109,9809,65.63,2134,0,first,,,Ko Wen-je–Cynthia Wu,Taiwan People's Party,2306,Hualien County,TW-10015060,official,Official CEC presidential result at township/district level. The map shows the local leader; Taiwan elects one president nationally. Remote uninhabited claimed-island geometry is omitted from the display.
"Guangfu Township, Hualien County",https://db.cec.gov.tw/ElecTable/Election/ElecTickets?dataType=tickets&typeId=ELC&subjectId=P0&legisId=00&themeId=4d83db17c1707e3defae5dc4d4e9c800&dataLevel=C&prvCode=00&cityCode=000&areaCode=00&deptCode=000&liCode=0000,https://data.gov.tw/dataset/7441,Hou Yu-ih–Jaw Shaw-kong,Kuomintang,10456,6249,88,6337,60.61,2287,0,first,,,Hou Yu-ih–Jaw Shaw-kong,Kuomintang,3692,Hualien County,TW-10015070,official,Official CEC presidential result at township/district level. The map shows the local leader; Taiwan elects one president nationally. Remote uninhabited claimed-island geometry is omitted from the display.
"Guangfu Township, Hualien County",https://db.cec.gov.tw/ElecTable/Election/ElecTickets?dataType=tickets&typeId=ELC&subjectId=P0&legisId=00&themeId=4d83db17c1707e3defae5dc4d4e9c800&dataLevel=C&prvCode=00&cityCode=000&areaCode=00&deptCode=000&liCode=0000,https://data.gov.tw/dataset/7441,Hou Yu-ih–Jaw Shaw-kong,Kuomintang,10456,6249,88,6337,60.61,2287,0,first,,,Lai Ching-te–Hsiao Bi-khim,Democratic Progressive Party,1405,Hualien County,TW-10015070,official,Official CEC presidential result at township/district level. The map shows the local leader; Taiwan elects one president nationally. Remote uninhabited claimed-island geometry is omitted from the display.
"Guangfu Township, Hualien County",https://db.cec.gov.tw/ElecTable/Election/ElecTickets?dataType=tickets&typeId=ELC&subjectId=P0&legisId=00&themeId=4d83db17c1707e3defae5dc4d4e9c800&dataLevel=C&prvCode=00&cityCode=000&areaCode=00&deptCode=000&liCode=0000,https://data.gov.tw/dataset/7441,Hou Yu-ih–Jaw Shaw-kong,Kuomintang,10456,6249,88,6337,60.61,2287,0,first,,,Ko Wen-je–Cynthia Wu,Taiwan People's Party,1152,Hualien County,TW-10015070,official,Official CEC presidential result at township/district level. The map shows the local leader; Taiwan elects one president nationally. Remote uninhabited claimed-island geometry is omitted from the display.
"Fengbin Township, Hualien County",https://db.cec.gov.tw/ElecTable/Election/ElecTickets?dataType=tickets&typeId=ELC&subjectId=P0&legisId=00&themeId=4d83db17c1707e3defae5dc4d4e9c800&dataLevel=C&prvCode=00&cityCode=000&areaCode=00&deptCode=000&liCode=0000,https://data.gov.tw/dataset/7441,Hou Yu-ih–Jaw Shaw-kong,Kuomintang,3814,2029,26,2055,53.88,918,0,first,,,Hou Yu-ih–Jaw Shaw-kong,Kuomintang,1313,Hualien County,TW-10015080,official,Official CEC presidential result at township/district level. The map shows the local leader; Taiwan elects one president nationally. Remote uninhabited claimed-island geometry is omitted from the display.
"Fengbin Township, Hualien County",https://db.cec.gov.tw/ElecTable/Election/ElecTickets?dataType=tickets&typeId=ELC&subjectId=P0&legisId=00&themeId=4d83db17c1707e3defae5dc4d4e9c800&dataLevel=C&prvCode=00&cityCode=000&areaCode=00&deptCode=000&liCode=0000,https://data.gov.tw/dataset/7441,Hou Yu-ih–Jaw Shaw-kong,Kuomintang,3814,2029,26,2055,53.88,918,0,first,,,Lai Ching-te–Hsiao Bi-khim,Democratic Progressive Party,395,Hualien County,TW-10015080,official,Official CEC presidential result at township/district level. The map shows the local leader; Taiwan elects one president nationally. Remote uninhabited claimed-island geometry is omitted from the display.
"Fengbin Township, Hualien County",https://db.cec.gov.tw/ElecTable/Election/ElecTickets?dataType=tickets&typeId=ELC&subjectId=P0&legisId=00&themeId=4d83db17c1707e3defae5dc4d4e9c800&dataLevel=C&prvCode=00&cityCode=000&areaCode=00&deptCode=000&liCode=0000,https://data.gov.tw/dataset/7441,Hou Yu-ih–Jaw Shaw-kong,Kuomintang,3814,2029,26,2055,53.88,918,0,first,,,Ko Wen-je–Cynthia Wu,Taiwan People's Party,321,Hualien County,TW-10015080,official,Official CEC presidential result at township/district level. The map shows the local leader; Taiwan elects one president nationally. Remote uninhabited claimed-island geometry is omitted from the display.
"Ruisui Township, Hualien County",https://db.cec.gov.tw/ElecTable/Election/ElecTickets?dataType=tickets&typeId=ELC&subjectId=P0&legisId=00&themeId=4d83db17c1707e3defae5dc4d4e9c800&dataLevel=C&prvCode=00&cityCode=000&areaCode=00&deptCode=000&liCode=0000,https://data.gov.tw/dataset/7441,Hou Yu-ih–Jaw Shaw-kong,Kuomintang,9457,5652,58,5710,60.38,1892,0,first,,,Hou Yu-ih–Jaw Shaw-kong,Kuomintang,3231,Hualien County,TW-10015090,official,Official CEC presidential result at township/district level. The map shows the local leader; Taiwan elects one president nationally. Remote uninhabited claimed-island geometry is omitted from the display.
"Ruisui Township, Hualien County",https://db.cec.gov.tw/ElecTable/Election/ElecTickets?dataType=tickets&typeId=ELC&subjectId=P0&legisId=00&themeId=4d83db17c1707e3defae5dc4d4e9c800&dataLevel=C&prvCode=00&cityCode=000&areaCode=00&deptCode=000&liCode=0000,https://data.gov.tw/dataset/7441,Hou Yu-ih–Jaw Shaw-kong,Kuomintang,9457,5652,58,5710,60.38,1892,0,first,,,Lai Ching-te–Hsiao Bi-khim,Democratic Progressive Party,1339,Hualien County,TW-10015090,official,Official CEC presidential result at township/district level. The map shows the local leader; Taiwan elects one president nationally. Remote uninhabited claimed-island geometry is omitted from the display.
"Ruisui Township, Hualien County",https://db.cec.gov.tw/ElecTable/Election/ElecTickets?dataType=tickets&typeId=ELC&subjectId=P0&legisId=00&themeId=4d83db17c1707e3defae5dc4d4e9c800&dataLevel=C&prvCode=00&cityCode=000&areaCode=00&deptCode=000&liCode=0000,https://data.gov.tw/dataset/7441,Hou Yu-ih–Jaw Shaw-kong,Kuomintang,9457,5652,58,5710,60.38,1892,0,first,,,Ko Wen-je–Cynthia Wu,Taiwan People's Party,1082,Hualien County,TW-10015090,official,Official CEC presidential result at township/district level. The map shows the local leader; Taiwan elects one president nationally. Remote uninhabited claimed-island geometry is omitted from the display.
"Fuli Township, Hualien County",https://db.cec.gov.tw/ElecTable/Election/ElecTickets?dataType=tickets&typeId=ELC&subjectId=P0&legisId=00&themeId=4d83db17c1707e3defae5dc4d4e9c800&dataLevel=C&prvCode=00&cityCode=000&areaCode=00&deptCode=000&liCode=0000,https://data.gov.tw/dataset/7441,Hou Yu-ih–Jaw Shaw-kong,Kuomintang,8493,4694,66,4760,56.05,1351,0,first,,,Hou Yu-ih–Jaw Shaw-kong,Kuomintang,2555,Hualien County,TW-10015100,official,Official CEC presidential result at township/district level. The map shows the local leader; Taiwan elects one president nationally. Remote uninhabited claimed-island geometry is omitted from the display.
"Fuli Township, Hualien County",https://db.cec.gov.tw/ElecTable/Election/ElecTickets?dataType=tickets&typeId=ELC&subjectId=P0&legisId=00&themeId=4d83db17c1707e3defae5dc4d4e9c800&dataLevel=C&prvCode=00&cityCode=000&areaCode=00&deptCode=000&liCode=0000,https://data.gov.tw/dataset/7441,Hou Yu-ih–Jaw Shaw-kong,Kuomintang,8493,4694,66,4760,56.05,1351,0,first,,,Lai Ching-te–Hsiao Bi-khim,Democratic Progressive Party,1204,Hualien County,TW-10015100,official,Official CEC presidential result at township/district level. The map shows the local leader; Taiwan elects one president nationally. Remote uninhabited claimed-island geometry is omitted from the display.
"Fuli Township, Hualien County",https://db.cec.gov.tw/ElecTable/Election/ElecTickets?dataType=tickets&typeId=ELC&subjectId=P0&legisId=00&themeId=4d83db17c1707e3defae5dc4d4e9c800&dataLevel=C&prvCode=00&cityCode=000&areaCode=00&deptCode=000&liCode=0000,https://data.gov.tw/dataset/7441,Hou Yu-ih–Jaw Shaw-kong,Kuomintang,8493,4694,66,4760,56.05,1351,0,first,,,Ko Wen-je–Cynthia Wu,Taiwan People's Party,935,Hualien County,TW-10015100,official,Official CEC presidential result at township/district level. The map shows the local leader; Taiwan elects one president nationally. Remote uninhabited claimed-island geometry is omitted from the display.
"Xiulin Township, Hualien County",https://db.cec.gov.tw/ElecTable/Election/ElecTickets?dataType=tickets&typeId=ELC&subjectId=P0&legisId=00&themeId=4d83db17c1707e3defae5dc4d4e9c800&dataLevel=C&prvCode=00&cityCode=000&areaCode=00&deptCode=000&liCode=0000,https://data.gov.tw/dataset/7441,Hou Yu-ih–Jaw Shaw-kong,Kuomintang,13376,8550,97,8647,64.65,2314,0,first,,,Hou Yu-ih–Jaw Shaw-kong,Kuomintang,4803,Hualien County,TW-10015110,official,Official CEC presidential result at township/district level. The map shows the local leader; Taiwan elects one president nationally. Remote uninhabited claimed-island geometry is omitted from the display.
"Xiulin Township, Hualien County",https://db.cec.gov.tw/ElecTable/Election/ElecTickets?dataType=tickets&typeId=ELC&subjectId=P0&legisId=00&themeId=4d83db17c1707e3defae5dc4d4e9c800&dataLevel=C&prvCode=00&cityCode=000&areaCode=00&deptCode=000&liCode=0000,https://data.gov.tw/dataset/7441,Hou Yu-ih–Jaw Shaw-kong,Kuomintang,13376,8550,97,8647,64.65,2314,0,first,,,Ko Wen-je–Cynthia Wu,Taiwan People's Party,2489,Hualien County,TW-10015110,official,Official CEC presidential result at township/district level. The map shows the local leader; Taiwan elects one president nationally. Remote uninhabited claimed-island geometry is omitted from the display.
"Xiulin Township, Hualien County",https://db.cec.gov.tw/ElecTable/Election/ElecTickets?dataType=tickets&typeId=ELC&subjectId=P0&legisId=00&themeId=4d83db17c1707e3defae5dc4d4e9c800&dataLevel=C&prvCode=00&cityCode=000&areaCode=00&deptCode=000&liCode=0000,https://data.gov.tw/dataset/7441,Hou Yu-ih–Jaw Shaw-kong,Kuomintang,13376,8550,97,8647,64.65,2314,0,first,,,Lai Ching-te–Hsiao Bi-khim,Democratic Progressive Party,1258,Hualien County,TW-10015110,official,Official CEC presidential result at township/district level. The map shows the local leader; Taiwan elects one president nationally. Remote uninhabited claimed-island geometry is omitted from the display.
"Wanrong Township, Hualien County",https://db.cec.gov.tw/ElecTable/Election/ElecTickets?dataType=tickets&typeId=ELC&subjectId=P0&legisId=00&themeId=4d83db17c1707e3defae5dc4d4e9c800&dataLevel=C&prvCode=00&cityCode=000&areaCode=00&deptCode=000&liCode=0000,https://data.gov.tw/dataset/7441,Hou Yu-ih–Jaw Shaw-kong,Kuomintang,4956,2991,34,3025,61.04,1132,0,first,,,Hou Yu-ih–Jaw Shaw-kong,Kuomintang,1886,Hualien County,TW-10015120,official,Official CEC presidential result at township/district level. The map shows the local leader; Taiwan elects one president nationally. Remote uninhabited claimed-island geometry is omitted from the display.
"Wanrong Township, Hualien County",https://db.cec.gov.tw/ElecTable/Election/ElecTickets?dataType=tickets&typeId=ELC&subjectId=P0&legisId=00&themeId=4d83db17c1707e3defae5dc4d4e9c800&dataLevel=C&prvCode=00&cityCode=000&areaCode=00&deptCode=000&liCode=0000,https://data.gov.tw/dataset/7441,Hou Yu-ih–Jaw Shaw-kong,Kuomintang,4956,2991,34,3025,61.04,1132,0,first,,,Ko Wen-je–Cynthia Wu,Taiwan People's Party,754,Hualien County,TW-10015120,official,Official CEC presidential result at township/district level. The map shows the local leader; Taiwan elects one president nationally. Remote uninhabited claimed-island geometry is omitted from the display.
"Wanrong Township, Hualien County",https://db.cec.gov.tw/ElecTable/Election/ElecTickets?dataType=tickets&typeId=ELC&subjectId=P0&legisId=00&themeId=4d83db17c1707e3defae5dc4d4e9c800&dataLevel=C&prvCode=00&cityCode=000&areaCode=00&deptCode=000&liCode=0000,https://data.gov.tw/dataset/7441,Hou Yu-ih–Jaw Shaw-kong,Kuomintang,4956,2991,34,3025,61.04,1132,0,first,,,Lai Ching-te–Hsiao Bi-khim,Democratic Progressive Party,351,Hualien County,TW-10015120,official,Official CEC presidential result at township/district level. The map shows the local leader; Taiwan elects one president nationally. Remote uninhabited claimed-island geometry is omitted from the display.
"Zhuoxi Township, Hualien County",https://db.cec.gov.tw/ElecTable/Election/ElecTickets?dataType=tickets&typeId=ELC&subjectId=P0&legisId=00&themeId=4d83db17c1707e3defae5dc4d4e9c800&dataLevel=C&prvCode=00&cityCode=000&areaCode=00&deptCode=000&liCode=0000,https://data.gov.tw/dataset/7441,Hou Yu-ih–Jaw Shaw-kong,Kuomintang,4725,2750,32,2782,58.88,1232,0,first,,,Hou Yu-ih–Jaw Shaw-kong,Kuomintang,1859,Hualien County,TW-10015130,official,Official CEC presidential result at township/district level. The map shows the local leader; Taiwan elects one president nationally. Remote uninhabited claimed-island geometry is omitted from the display.
"Zhuoxi Township, Hualien County",https://db.cec.gov.tw/ElecTable/Election/ElecTickets?dataType=tickets&typeId=ELC&subjectId=P0&legisId=00&themeId=4d83db17c1707e3defae5dc4d4e9c800&dataLevel=C&prvCode=00&cityCode=000&areaCode=00&deptCode=000&liCode=0000,https://data.gov.tw/dataset/7441,Hou Yu-ih–Jaw Shaw-kong,Kuomintang,4725,2750,32,2782,58.88,1232,0,first,,,Ko Wen-je–Cynthia Wu,Taiwan People's Party,627,Hualien County,TW-10015130,official,Official CEC presidential result at township/district level. The map shows the local leader; Taiwan elects one president nationally. Remote uninhabited claimed-island geometry is omitted from the display.
"Zhuoxi Township, Hualien County",https://db.cec.gov.tw/ElecTable/Election/ElecTickets?dataType=tickets&typeId=ELC&subjectId=P0&legisId=00&themeId=4d83db17c1707e3defae5dc4d4e9c800&dataLevel=C&prvCode=00&cityCode=000&areaCode=00&deptCode=000&liCode=0000,https://data.gov.tw/dataset/7441,Hou Yu-ih–Jaw Shaw-kong,Kuomintang,4725,2750,32,2782,58.88,1232,0,first,,,Lai Ching-te–Hsiao Bi-khim,Democratic Progressive Party,264,Hualien County,TW-10015130,official,Official CEC presidential result at township/district level. The map shows the local leader; Taiwan elects one president nationally. Remote uninhabited claimed-island geometry is omitted from the display.
"Magong City, Penghu County",https://db.cec.gov.tw/ElecTable/Election/ElecTickets?dataType=tickets&typeId=ELC&subjectId=P0&legisId=00&themeId=4d83db17c1707e3defae5dc4d4e9c800&dataLevel=C&prvCode=00&cityCode=000&areaCode=00&deptCode=000&liCode=0000,https://data.gov.tw/dataset/7441,Hou Yu-ih–Jaw Shaw-kong,Kuomintang,53963,31246,267,31513,58.4,485,0,first,,,Hou Yu-ih–Jaw Shaw-kong,Kuomintang,11784,Penghu County,TW-10016010,official,Official CEC presidential result at township/district level. The map shows the local leader; Taiwan elects one president nationally. Remote uninhabited claimed-island geometry is omitted from the display.
"Magong City, Penghu County",https://db.cec.gov.tw/ElecTable/Election/ElecTickets?dataType=tickets&typeId=ELC&subjectId=P0&legisId=00&themeId=4d83db17c1707e3defae5dc4d4e9c800&dataLevel=C&prvCode=00&cityCode=000&areaCode=00&deptCode=000&liCode=0000,https://data.gov.tw/dataset/7441,Hou Yu-ih–Jaw Shaw-kong,Kuomintang,53963,31246,267,31513,58.4,485,0,first,,,Lai Ching-te–Hsiao Bi-khim,Democratic Progressive Party,11299,Penghu County,TW-10016010,official,Official CEC presidential result at township/district level. The map shows the local leader; Taiwan elects one president nationally. Remote uninhabited claimed-island geometry is omitted from the display.
"Magong City, Penghu County",https://db.cec.gov.tw/ElecTable/Election/ElecTickets?dataType=tickets&typeId=ELC&subjectId=P0&legisId=00&themeId=4d83db17c1707e3defae5dc4d4e9c800&dataLevel=C&prvCode=00&cityCode=000&areaCode=00&deptCode=000&liCode=0000,https://data.gov.tw/dataset/7441,Hou Yu-ih–Jaw Shaw-kong,Kuomintang,53963,31246,267,31513,58.4,485,0,first,,,Ko Wen-je–Cynthia Wu,Taiwan People's Party,8163,Penghu County,TW-10016010,official,Official CEC presidential result at township/district level. The map shows the local leader; Taiwan elects one president nationally. Remote uninhabited claimed-island geometry is omitted from the display.
"Huxi Township, Penghu County",https://db.cec.gov.tw/ElecTable/Election/ElecTickets?dataType=tickets&typeId=ELC&subjectId=P0&legisId=00&themeId=4d83db17c1707e3defae5dc4d4e9c800&dataLevel=C&prvCode=00&cityCode=000&areaCode=00&deptCode=000&liCode=0000,https://data.gov.tw/dataset/7441,Lai Ching-te–Hsiao Bi-khim,Democratic Progressive Party,14151,7816,91,7907,55.88,994,0,first,,,Lai Ching-te–Hsiao Bi-khim,Democratic Progressive Party,3428,Penghu County,TW-10016020,official,Official CEC presidential result at township/district level. The map shows the local leader; Taiwan elects one president nationally. Remote uninhabited claimed-island geometry is omitted from the display.
"Huxi Township, Penghu County",https://db.cec.gov.tw/ElecTable/Election/ElecTickets?dataType=tickets&typeId=ELC&subjectId=P0&legisId=00&themeId=4d83db17c1707e3defae5dc4d4e9c800&dataLevel=C&prvCode=00&cityCode=000&areaCode=00&deptCode=000&liCode=0000,https://data.gov.tw/dataset/7441,Lai Ching-te–Hsiao Bi-khim,Democratic Progressive Party,14151,7816,91,7907,55.88,994,0,first,,,Hou Yu-ih–Jaw Shaw-kong,Kuomintang,2434,Penghu County,TW-10016020,official,Official CEC presidential result at township/district level. The map shows the local leader; Taiwan elects one president nationally. Remote uninhabited claimed-island geometry is omitted from the display.
"Huxi Township, Penghu County",https://db.cec.gov.tw/ElecTable/Election/ElecTickets?dataType=tickets&typeId=ELC&subjectId=P0&legisId=00&themeId=4d83db17c1707e3defae5dc4d4e9c800&dataLevel=C&prvCode=00&cityCode=000&areaCode=00&deptCode=000&liCode=0000,https://data.gov.tw/dataset/7441,Lai Ching-te–Hsiao Bi-khim,Democratic Progressive Party,14151,7816,91,7907,55.88,994,0,first,,,Ko Wen-je–Cynthia Wu,Taiwan People's Party,1954,Penghu County,TW-10016020,official,Official CEC presidential result at township/district level. The map shows the local leader; Taiwan elects one president nationally. Remote uninhabited claimed-island geometry is omitted from the display.
"Baisha Township, Penghu County",https://db.cec.gov.tw/ElecTable/Election/ElecTickets?dataType=tickets&typeId=ELC&subjectId=P0&legisId=00&themeId=4d83db17c1707e3defae5dc4d4e9c800&dataLevel=C&prvCode=00&cityCode=000&areaCode=00&deptCode=000&liCode=0000,https://data.gov.tw/dataset/7441,Hou Yu-ih–Jaw Shaw-kong,Kuomintang,8919,4076,32,4108,46.06,7,0,first,,,Hou Yu-ih–Jaw Shaw-kong,Kuomintang,1631,Penghu County,TW-10016030,official,Official CEC presidential result at township/district level. The map shows the local leader; Taiwan elects one president nationally. Remote uninhabited claimed-island geometry is omitted from the display.
"Baisha Township, Penghu County",https://db.cec.gov.tw/ElecTable/Election/ElecTickets?dataType=tickets&typeId=ELC&subjectId=P0&legisId=00&themeId=4d83db17c1707e3defae5dc4d4e9c800&dataLevel=C&prvCode=00&cityCode=000&areaCode=00&deptCode=000&liCode=0000,https://data.gov.tw/dataset/7441,Hou Yu-ih–Jaw Shaw-kong,Kuomintang,8919,4076,32,4108,46.06,7,0,first,,,Lai Ching-te–Hsiao Bi-khim,Democratic Progressive Party,1624,Penghu County,TW-10016030,official,Official CEC presidential result at township/district level. The map shows the local leader; Taiwan elects one president nationally. Remote uninhabited claimed-island geometry is omitted from the display.
"Baisha Township, Penghu County",https://db.cec.gov.tw/ElecTable/Election/ElecTickets?dataType=tickets&typeId=ELC&subjectId=P0&legisId=00&themeId=4d83db17c1707e3defae5dc4d4e9c800&dataLevel=C&prvCode=00&cityCode=000&areaCode=00&deptCode=000&liCode=0000,https://data.gov.tw/dataset/7441,Hou Yu-ih–Jaw Shaw-kong,Kuomintang,8919,4076,32,4108,46.06,7,0,first,,,Ko Wen-je–Cynthia Wu,Taiwan People's Party,821,Penghu County,TW-10016030,official,Official CEC presidential result at township/district level. The map shows the local leader; Taiwan elects one president nationally. Remote uninhabited claimed-island geometry is omitted from the display.
"Xiyu Township, Penghu County",https://db.cec.gov.tw/ElecTable/Election/ElecTickets?dataType=tickets&typeId=ELC&subjectId=P0&legisId=00&themeId=4d83db17c1707e3defae5dc4d4e9c800&dataLevel=C&prvCode=00&cityCode=000&areaCode=00&deptCode=000&liCode=0000,https://data.gov.tw/dataset/7441,Lai Ching-te–Hsiao Bi-khim,Democratic Progressive Party,7366,3542,43,3585,48.67,239,0,first,,,Lai Ching-te–Hsiao Bi-khim,Democratic Progressive Party,1519,Penghu County,TW-10016040,official,Official CEC presidential result at township/district level. The map shows the local leader; Taiwan elects one president nationally. Remote uninhabited claimed-island geometry is omitted from the display.
"Xiyu Township, Penghu County",https://db.cec.gov.tw/ElecTable/Election/ElecTickets?dataType=tickets&typeId=ELC&subjectId=P0&legisId=00&themeId=4d83db17c1707e3defae5dc4d4e9c800&dataLevel=C&prvCode=00&cityCode=000&areaCode=00&deptCode=000&liCode=0000,https://data.gov.tw/dataset/7441,Lai Ching-te–Hsiao Bi-khim,Democratic Progressive Party,7366,3542,43,3585,48.67,239,0,first,,,Hou Yu-ih–Jaw Shaw-kong,Kuomintang,1280,Penghu County,TW-10016040,official,Official CEC presidential result at township/district level. The map shows the local leader; Taiwan elects one president nationally. Remote uninhabited claimed-island geometry is omitted from the display.
"Xiyu Township, Penghu County",https://db.cec.gov.tw/ElecTable/Election/ElecTickets?dataType=tickets&typeId=ELC&subjectId=P0&legisId=00&themeId=4d83db17c1707e3defae5dc4d4e9c800&dataLevel=C&prvCode=00&cityCode=000&areaCode=00&deptCode=000&liCode=0000,https://data.gov.tw/dataset/7441,Lai Ching-te–Hsiao Bi-khim,Democratic Progressive Party,7366,3542,43,3585,48.67,239,0,first,,,Ko Wen-je–Cynthia Wu,Taiwan People's Party,743,Penghu County,TW-10016040,official,Official CEC presidential result at township/district level. The map shows the local leader; Taiwan elects one president nationally. Remote uninhabited claimed-island geometry is omitted from the display.
"Wang'an Township, Penghu County",https://db.cec.gov.tw/ElecTable/Election/ElecTickets?dataType=tickets&typeId=ELC&subjectId=P0&legisId=00&themeId=4d83db17c1707e3defae5dc4d4e9c800&dataLevel=C&prvCode=00&cityCode=000&areaCode=00&deptCode=000&liCode=0000,https://data.gov.tw/dataset/7441,Lai Ching-te–Hsiao Bi-khim,Democratic Progressive Party,4808,1512,18,1530,31.82,293,0,first,,,Lai Ching-te–Hsiao Bi-khim,Democratic Progressive Party,764,Penghu County,TW-10016050,official,Official CEC presidential result at township/district level. The map shows the local leader; Taiwan elects one president nationally. Remote uninhabited claimed-island geometry is omitted from the display.
"Wang'an Township, Penghu County",https://db.cec.gov.tw/ElecTable/Election/ElecTickets?dataType=tickets&typeId=ELC&subjectId=P0&legisId=00&themeId=4d83db17c1707e3defae5dc4d4e9c800&dataLevel=C&prvCode=00&cityCode=000&areaCode=00&deptCode=000&liCode=0000,https://data.gov.tw/dataset/7441,Lai Ching-te–Hsiao Bi-khim,Democratic Progressive Party,4808,1512,18,1530,31.82,293,0,first,,,Hou Yu-ih–Jaw Shaw-kong,Kuomintang,471,Penghu County,TW-10016050,official,Official CEC presidential result at township/district level. The map shows the local leader; Taiwan elects one president nationally. Remote uninhabited claimed-island geometry is omitted from the display.
"Wang'an Township, Penghu County",https://db.cec.gov.tw/ElecTable/Election/ElecTickets?dataType=tickets&typeId=ELC&subjectId=P0&legisId=00&themeId=4d83db17c1707e3defae5dc4d4e9c800&dataLevel=C&prvCode=00&cityCode=000&areaCode=00&deptCode=000&liCode=0000,https://data.gov.tw/dataset/7441,Lai Ching-te–Hsiao Bi-khim,Democratic Progressive Party,4808,1512,18,1530,31.82,293,0,first,,,Ko Wen-je–Cynthia Wu,Taiwan People's Party,277,Penghu County,TW-10016050,official,Official CEC presidential result at township/district level. The map shows the local leader; Taiwan elects one president nationally. Remote uninhabited claimed-island geometry is omitted from the display.
"Qimei Township, Penghu County",https://db.cec.gov.tw/ElecTable/Election/ElecTickets?dataType=tickets&typeId=ELC&subjectId=P0&legisId=00&themeId=4d83db17c1707e3defae5dc4d4e9c800&dataLevel=C&prvCode=00&cityCode=000&areaCode=00&deptCode=000&liCode=0000,https://data.gov.tw/dataset/7441,Hou Yu-ih–Jaw Shaw-kong,Kuomintang,3435,1085,22,1107,32.23,63,0,first,,,Hou Yu-ih–Jaw Shaw-kong,Kuomintang,452,Penghu County,TW-10016060,official,Official CEC presidential result at township/district level. The map shows the local leader; Taiwan elects one president nationally. Remote uninhabited claimed-island geometry is omitted from the display.
"Qimei Township, Penghu County",https://db.cec.gov.tw/ElecTable/Election/ElecTickets?dataType=tickets&typeId=ELC&subjectId=P0&legisId=00&themeId=4d83db17c1707e3defae5dc4d4e9c800&dataLevel=C&prvCode=00&cityCode=000&areaCode=00&deptCode=000&liCode=0000,https://data.gov.tw/dataset/7441,Hou Yu-ih–Jaw Shaw-kong,Kuomintang,3435,1085,22,1107,32.23,63,0,first,,,Lai Ching-te–Hsiao Bi-khim,Democratic Progressive Party,389,Penghu County,TW-10016060,official,Official CEC presidential result at township/district level. The map shows the local leader; Taiwan elects one president nationally. Remote uninhabited claimed-island geometry is omitted from the display.
"Qimei Township, Penghu County",https://db.cec.gov.tw/ElecTable/Election/ElecTickets?dataType=tickets&typeId=ELC&subjectId=P0&legisId=00&themeId=4d83db17c1707e3defae5dc4d4e9c800&dataLevel=C&prvCode=00&cityCode=000&areaCode=00&deptCode=000&liCode=0000,https://data.gov.tw/dataset/7441,Hou Yu-ih–Jaw Shaw-kong,Kuomintang,3435,1085,22,1107,32.23,63,0,first,,,Ko Wen-je–Cynthia Wu,Taiwan People's Party,244,Penghu County,TW-10016060,official,Official CEC presidential result at township/district level. The map shows the local leader; Taiwan elects one president nationally. Remote uninhabited claimed-island geometry is omitted from the display.
"Nangan Township, Lienchiang County",https://db.cec.gov.tw/ElecTable/Election/ElecTickets?dataType=tickets&typeId=ELC&subjectId=P0&legisId=00&themeId=4d83db17c1707e3defae5dc4d4e9c800&dataLevel=C&prvCode=00&cityCode=000&areaCode=00&deptCode=000&liCode=0000,https://data.gov.tw/dataset/7441,Hou Yu-ih–Jaw Shaw-kong,Kuomintang,6593,3654,26,3680,55.82,1400,0,first,,,Hou Yu-ih–Jaw Shaw-kong,Kuomintang,2331,Lienchiang County,TW-09007010,official,Official CEC presidential result at township/district level. The map shows the local leader; Taiwan elects one president nationally. Remote uninhabited claimed-island geometry is omitted from the display.
"Nangan Township, Lienchiang County",https://db.cec.gov.tw/ElecTable/Election/ElecTickets?dataType=tickets&typeId=ELC&subjectId=P0&legisId=00&themeId=4d83db17c1707e3defae5dc4d4e9c800&dataLevel=C&prvCode=00&cityCode=000&areaCode=00&deptCode=000&liCode=0000,https://data.gov.tw/dataset/7441,Hou Yu-ih–Jaw Shaw-kong,Kuomintang,6593,3654,26,3680,55.82,1400,0,first,,,Ko Wen-je–Cynthia Wu,Taiwan People's Party,931,Lienchiang County,TW-09007010,official,Official CEC presidential result at township/district level. The map shows the local leader; Taiwan elects one president nationally. Remote uninhabited claimed-island geometry is omitted from the display.
"Nangan Township, Lienchiang County",https://db.cec.gov.tw/ElecTable/Election/ElecTickets?dataType=tickets&typeId=ELC&subjectId=P0&legisId=00&themeId=4d83db17c1707e3defae5dc4d4e9c800&dataLevel=C&prvCode=00&cityCode=000&areaCode=00&deptCode=000&liCode=0000,https://data.gov.tw/dataset/7441,Hou Yu-ih–Jaw Shaw-kong,Kuomintang,6593,3654,26,3680,55.82,1400,0,first,,,Lai Ching-te–Hsiao Bi-khim,Democratic Progressive Party,392,Lienchiang County,TW-09007010,official,Official CEC presidential result at township/district level. The map shows the local leader; Taiwan elects one president nationally. Remote uninhabited claimed-island geometry is omitted from the display.
"Beigan Township, Lienchiang County",https://db.cec.gov.tw/ElecTable/Election/ElecTickets?dataType=tickets&typeId=ELC&subjectId=P0&legisId=00&themeId=4d83db17c1707e3defae5dc4d4e9c800&dataLevel=C&prvCode=00&cityCode=000&areaCode=00&deptCode=000&liCode=0000,https://data.gov.tw/dataset/7441,Hou Yu-ih–Jaw Shaw-kong,Kuomintang,2758,1255,9,1264,45.83,464,0,first,,,Hou Yu-ih–Jaw Shaw-kong,Kuomintang,792,Lienchiang County,TW-09007020,official,Official CEC presidential result at township/district level. The map shows the local leader; Taiwan elects one president nationally. Remote uninhabited claimed-island geometry is omitted from the display.
"Beigan Township, Lienchiang County",https://db.cec.gov.tw/ElecTable/Election/ElecTickets?dataType=tickets&typeId=ELC&subjectId=P0&legisId=00&themeId=4d83db17c1707e3defae5dc4d4e9c800&dataLevel=C&prvCode=00&cityCode=000&areaCode=00&deptCode=000&liCode=0000,https://data.gov.tw/dataset/7441,Hou Yu-ih–Jaw Shaw-kong,Kuomintang,2758,1255,9,1264,45.83,464,0,first,,,Ko Wen-je–Cynthia Wu,Taiwan People's Party,328,Lienchiang County,TW-09007020,official,Official CEC presidential result at township/district level. The map shows the local leader; Taiwan elects one president nationally. Remote uninhabited claimed-island geometry is omitted from the display.
"Beigan Township, Lienchiang County",https://db.cec.gov.tw/ElecTable/Election/ElecTickets?dataType=tickets&typeId=ELC&subjectId=P0&legisId=00&themeId=4d83db17c1707e3defae5dc4d4e9c800&dataLevel=C&prvCode=00&cityCode=000&areaCode=00&deptCode=000&liCode=0000,https://data.gov.tw/dataset/7441,Hou Yu-ih–Jaw Shaw-kong,Kuomintang,2758,1255,9,1264,45.83,464,0,first,,,Lai Ching-te–Hsiao Bi-khim,Democratic Progressive Party,135,Lienchiang County,TW-09007020,official,Official CEC presidential result at township/district level. The map shows the local leader; Taiwan elects one president nationally. Remote uninhabited claimed-island geometry is omitted from the display.
"Juguang Township, Lienchiang County",https://db.cec.gov.tw/ElecTable/Election/ElecTickets?dataType=tickets&typeId=ELC&subjectId=P0&legisId=00&themeId=4d83db17c1707e3defae5dc4d4e9c800&dataLevel=C&prvCode=00&cityCode=000&areaCode=00&deptCode=000&liCode=0000,https://data.gov.tw/dataset/7441,Hou Yu-ih–Jaw Shaw-kong,Kuomintang,1377,602,3,605,43.94,228,0,first,,,Hou Yu-ih–Jaw Shaw-kong,Kuomintang,386,Lienchiang County,TW-09007030,official,Official CEC presidential result at township/district level. The map shows the local leader; Taiwan elects one president nationally. Remote uninhabited claimed-island geometry is omitted from the display.
"Juguang Township, Lienchiang County",https://db.cec.gov.tw/ElecTable/Election/ElecTickets?dataType=tickets&typeId=ELC&subjectId=P0&legisId=00&themeId=4d83db17c1707e3defae5dc4d4e9c800&dataLevel=C&prvCode=00&cityCode=000&areaCode=00&deptCode=000&liCode=0000,https://data.gov.tw/dataset/7441,Hou Yu-ih–Jaw Shaw-kong,Kuomintang,1377,602,3,605,43.94,228,0,first,,,Ko Wen-je–Cynthia Wu,Taiwan People's Party,158,Lienchiang County,TW-09007030,official,Official CEC presidential result at township/district level. The map shows the local leader; Taiwan elects one president nationally. Remote uninhabited claimed-island geometry is omitted from the display.
"Juguang Township, Lienchiang County",https://db.cec.gov.tw/ElecTable/Election/ElecTickets?dataType=tickets&typeId=ELC&subjectId=P0&legisId=00&themeId=4d83db17c1707e3defae5dc4d4e9c800&dataLevel=C&prvCode=00&cityCode=000&areaCode=00&deptCode=000&liCode=0000,https://data.gov.tw/dataset/7441,Hou Yu-ih–Jaw Shaw-kong,Kuomintang,1377,602,3,605,43.94,228,0,first,,,Lai Ching-te–Hsiao Bi-khim,Democratic Progressive Party,58,Lienchiang County,TW-09007030,official,Official CEC presidential result at township/district level. The map shows the local leader; Taiwan elects one president nationally. Remote uninhabited claimed-island geometry is omitted from the display.
"Dongyin Township, Lienchiang County",https://db.cec.gov.tw/ElecTable/Election/ElecTickets?dataType=tickets&typeId=ELC&subjectId=P0&legisId=00&themeId=4d83db17c1707e3defae5dc4d4e9c800&dataLevel=C&prvCode=00&cityCode=000&areaCode=00&deptCode=000&liCode=0000,https://data.gov.tw/dataset/7441,Hou Yu-ih–Jaw Shaw-kong,Kuomintang,1355,648,4,652,48.12,117,0,first,,,Hou Yu-ih–Jaw Shaw-kong,Kuomintang,351,Lienchiang County,TW-09007040,official,Official CEC presidential result at township/district level. The map shows the local leader; Taiwan elects one president nationally. Remote uninhabited claimed-island geometry is omitted from the display.
"Dongyin Township, Lienchiang County",https://db.cec.gov.tw/ElecTable/Election/ElecTickets?dataType=tickets&typeId=ELC&subjectId=P0&legisId=00&themeId=4d83db17c1707e3defae5dc4d4e9c800&dataLevel=C&prvCode=00&cityCode=000&areaCode=00&deptCode=000&liCode=0000,https://data.gov.tw/dataset/7441,Hou Yu-ih–Jaw Shaw-kong,Kuomintang,1355,648,4,652,48.12,117,0,first,,,Ko Wen-je–Cynthia Wu,Taiwan People's Party,234,Lienchiang County,TW-09007040,official,Official CEC presidential result at township/district level. The map shows the local leader; Taiwan elects one president nationally. Remote uninhabited claimed-island geometry is omitted from the display.
"Dongyin Township, Lienchiang County",https://db.cec.gov.tw/ElecTable/Election/ElecTickets?dataType=tickets&typeId=ELC&subjectId=P0&legisId=00&themeId=4d83db17c1707e3defae5dc4d4e9c800&dataLevel=C&prvCode=00&cityCode=000&areaCode=00&deptCode=000&liCode=0000,https://data.gov.tw/dataset/7441,Hou Yu-ih–Jaw Shaw-kong,Kuomintang,1355,648,4,652,48.12,117,0,first,,,Lai Ching-te–Hsiao Bi-khim,Democratic Progressive Party,63,Lienchiang County,TW-09007040,official,Official CEC presidential result at township/district level. The map shows the local leader; Taiwan elects one president nationally. Remote uninhabited claimed-island geometry is omitted from the display.
"Jincheng Township, Kinmen County",https://db.cec.gov.tw/ElecTable/Election/ElecTickets?dataType=tickets&typeId=ELC&subjectId=P0&legisId=00&themeId=4d83db17c1707e3defae5dc4d4e9c800&dataLevel=C&prvCode=00&cityCode=000&areaCode=00&deptCode=000&liCode=0000,https://data.gov.tw/dataset/7441,Hou Yu-ih–Jaw Shaw-kong,Kuomintang,37715,14143,95,14238,37.75,5072,0,first,,,Hou Yu-ih–Jaw Shaw-kong,Kuomintang,8895,Kinmen County,TW-09020010,official,Official CEC presidential result at township/district level. The map shows the local leader; Taiwan elects one president nationally. Remote uninhabited claimed-island geometry is omitted from the display.
"Jincheng Township, Kinmen County",https://db.cec.gov.tw/ElecTable/Election/ElecTickets?dataType=tickets&typeId=ELC&subjectId=P0&legisId=00&themeId=4d83db17c1707e3defae5dc4d4e9c800&dataLevel=C&prvCode=00&cityCode=000&areaCode=00&deptCode=000&liCode=0000,https://data.gov.tw/dataset/7441,Hou Yu-ih–Jaw Shaw-kong,Kuomintang,37715,14143,95,14238,37.75,5072,0,first,,,Ko Wen-je–Cynthia Wu,Taiwan People's Party,3823,Kinmen County,TW-09020010,official,Official CEC presidential result at township/district level. The map shows the local leader; Taiwan elects one president nationally. Remote uninhabited claimed-island geometry is omitted from the display.
"Jincheng Township, Kinmen County",https://db.cec.gov.tw/ElecTable/Election/ElecTickets?dataType=tickets&typeId=ELC&subjectId=P0&legisId=00&themeId=4d83db17c1707e3defae5dc4d4e9c800&dataLevel=C&prvCode=00&cityCode=000&areaCode=00&deptCode=000&liCode=0000,https://data.gov.tw/dataset/7441,Hou Yu-ih–Jaw Shaw-kong,Kuomintang,37715,14143,95,14238,37.75,5072,0,first,,,Lai Ching-te–Hsiao Bi-khim,Democratic Progressive Party,1425,Kinmen County,TW-09020010,official,Official CEC presidential result at township/district level. The map shows the local leader; Taiwan elects one president nationally. Remote uninhabited claimed-island geometry is omitted from the display.
"Jinsha Township, Kinmen County",https://db.cec.gov.tw/ElecTable/Election/ElecTickets?dataType=tickets&typeId=ELC&subjectId=P0&legisId=00&themeId=4d83db17c1707e3defae5dc4d4e9c800&dataLevel=C&prvCode=00&cityCode=000&areaCode=00&deptCode=000&liCode=0000,https://data.gov.tw/dataset/7441,Hou Yu-ih–Jaw Shaw-kong,Kuomintang,18826,6393,57,6450,34.26,2772,0,first,,,Hou Yu-ih–Jaw Shaw-kong,Kuomintang,4337,Kinmen County,TW-09020020,official,Official CEC presidential result at township/district level. The map shows the local leader; Taiwan elects one president nationally. Remote uninhabited claimed-island geometry is omitted from the display.
"Jinsha Township, Kinmen County",https://db.cec.gov.tw/ElecTable/Election/ElecTickets?dataType=tickets&typeId=ELC&subjectId=P0&legisId=00&themeId=4d83db17c1707e3defae5dc4d4e9c800&dataLevel=C&prvCode=00&cityCode=000&areaCode=00&deptCode=000&liCode=0000,https://data.gov.tw/dataset/7441,Hou Yu-ih–Jaw Shaw-kong,Kuomintang,18826,6393,57,6450,34.26,2772,0,first,,,Ko Wen-je–Cynthia Wu,Taiwan People's Party,1565,Kinmen County,TW-09020020,official,Official CEC presidential result at township/district level. The map shows the local leader; Taiwan elects one president nationally. Remote uninhabited claimed-island geometry is omitted from the display.
"Jinsha Township, Kinmen County",https://db.cec.gov.tw/ElecTable/Election/ElecTickets?dataType=tickets&typeId=ELC&subjectId=P0&legisId=00&themeId=4d83db17c1707e3defae5dc4d4e9c800&dataLevel=C&prvCode=00&cityCode=000&areaCode=00&deptCode=000&liCode=0000,https://data.gov.tw/dataset/7441,Hou Yu-ih–Jaw Shaw-kong,Kuomintang,18826,6393,57,6450,34.26,2772,0,first,,,Lai Ching-te–Hsiao Bi-khim,Democratic Progressive Party,491,Kinmen County,TW-09020020,official,Official CEC presidential result at township/district level. The map shows the local leader; Taiwan elects one president nationally. Remote uninhabited claimed-island geometry is omitted from the display.
"Jinhu Township, Kinmen County",https://db.cec.gov.tw/ElecTable/Election/ElecTickets?dataType=tickets&typeId=ELC&subjectId=P0&legisId=00&themeId=4d83db17c1707e3defae5dc4d4e9c800&dataLevel=C&prvCode=00&cityCode=000&areaCode=00&deptCode=000&liCode=0000,https://data.gov.tw/dataset/7441,Hou Yu-ih–Jaw Shaw-kong,Kuomintang,27238,10298,79,10377,38.1,3142,0,first,,,Hou Yu-ih–Jaw Shaw-kong,Kuomintang,6204,Kinmen County,TW-09020030,official,Official CEC presidential result at township/district level. The map shows the local leader; Taiwan elects one president nationally. Remote uninhabited claimed-island geometry is omitted from the display.
"Jinhu Township, Kinmen County",https://db.cec.gov.tw/ElecTable/Election/ElecTickets?dataType=tickets&typeId=ELC&subjectId=P0&legisId=00&themeId=4d83db17c1707e3defae5dc4d4e9c800&dataLevel=C&prvCode=00&cityCode=000&areaCode=00&deptCode=000&liCode=0000,https://data.gov.tw/dataset/7441,Hou Yu-ih–Jaw Shaw-kong,Kuomintang,27238,10298,79,10377,38.1,3142,0,first,,,Ko Wen-je–Cynthia Wu,Taiwan People's Party,3062,Kinmen County,TW-09020030,official,Official CEC presidential result at township/district level. The map shows the local leader; Taiwan elects one president nationally. Remote uninhabited claimed-island geometry is omitted from the display.
"Jinhu Township, Kinmen County",https://db.cec.gov.tw/ElecTable/Election/ElecTickets?dataType=tickets&typeId=ELC&subjectId=P0&legisId=00&themeId=4d83db17c1707e3defae5dc4d4e9c800&dataLevel=C&prvCode=00&cityCode=000&areaCode=00&deptCode=000&liCode=0000,https://data.gov.tw/dataset/7441,Hou Yu-ih–Jaw Shaw-kong,Kuomintang,27238,10298,79,10377,38.1,3142,0,first,,,Lai Ching-te–Hsiao Bi-khim,Democratic Progressive Party,1032,Kinmen County,TW-09020030,official,Official CEC presidential result at township/district level. The map shows the local leader; Taiwan elects one president nationally. Remote uninhabited claimed-island geometry is omitted from the display.
"Jinning Township, Kinmen County",https://db.cec.gov.tw/ElecTable/Election/ElecTickets?dataType=tickets&typeId=ELC&subjectId=P0&legisId=00&themeId=4d83db17c1707e3defae5dc4d4e9c800&dataLevel=C&prvCode=00&cityCode=000&areaCode=00&deptCode=000&liCode=0000,https://data.gov.tw/dataset/7441,Hou Yu-ih–Jaw Shaw-kong,Kuomintang,30417,11216,108,11324,37.23,2467,0,first,,,Hou Yu-ih–Jaw Shaw-kong,Kuomintang,6190,Kinmen County,TW-09020040,official,Official CEC presidential result at township/district level. The map shows the local leader; Taiwan elects one president nationally. Remote uninhabited claimed-island geometry is omitted from the display.
"Jinning Township, Kinmen County",https://db.cec.gov.tw/ElecTable/Election/ElecTickets?dataType=tickets&typeId=ELC&subjectId=P0&legisId=00&themeId=4d83db17c1707e3defae5dc4d4e9c800&dataLevel=C&prvCode=00&cityCode=000&areaCode=00&deptCode=000&liCode=0000,https://data.gov.tw/dataset/7441,Hou Yu-ih–Jaw Shaw-kong,Kuomintang,30417,11216,108,11324,37.23,2467,0,first,,,Ko Wen-je–Cynthia Wu,Taiwan People's Party,3723,Kinmen County,TW-09020040,official,Official CEC presidential result at township/district level. The map shows the local leader; Taiwan elects one president nationally. Remote uninhabited claimed-island geometry is omitted from the display.
"Jinning Township, Kinmen County",https://db.cec.gov.tw/ElecTable/Election/ElecTickets?dataType=tickets&typeId=ELC&subjectId=P0&legisId=00&themeId=4d83db17c1707e3defae5dc4d4e9c800&dataLevel=C&prvCode=00&cityCode=000&areaCode=00&deptCode=000&liCode=0000,https://data.gov.tw/dataset/7441,Hou Yu-ih–Jaw Shaw-kong,Kuomintang,30417,11216,108,11324,37.23,2467,0,first,,,Lai Ching-te–Hsiao Bi-khim,Democratic Progressive Party,1303,Kinmen County,TW-09020040,official,Official CEC presidential result at township/district level. The map shows the local leader; Taiwan elects one president nationally. Remote uninhabited claimed-island geometry is omitted from the display.
"Lieyu Township, Kinmen County",https://db.cec.gov.tw/ElecTable/Election/ElecTickets?dataType=tickets&typeId=ELC&subjectId=P0&legisId=00&themeId=4d83db17c1707e3defae5dc4d4e9c800&dataLevel=C&prvCode=00&cityCode=000&areaCode=00&deptCode=000&liCode=0000,https://data.gov.tw/dataset/7441,Hou Yu-ih–Jaw Shaw-kong,Kuomintang,11657,3446,30,3476,29.82,1456,0,first,,,Hou Yu-ih–Jaw Shaw-kong,Kuomintang,2299,Kinmen County,TW-09020050,official,Official CEC presidential result at township/district level. The map shows the local leader; Taiwan elects one president nationally. Remote uninhabited claimed-island geometry is omitted from the display.
"Lieyu Township, Kinmen County",https://db.cec.gov.tw/ElecTable/Election/ElecTickets?dataType=tickets&typeId=ELC&subjectId=P0&legisId=00&themeId=4d83db17c1707e3defae5dc4d4e9c800&dataLevel=C&prvCode=00&cityCode=000&areaCode=00&deptCode=000&liCode=0000,https://data.gov.tw/dataset/7441,Hou Yu-ih–Jaw Shaw-kong,Kuomintang,11657,3446,30,3476,29.82,1456,0,first,,,Ko Wen-je–Cynthia Wu,Taiwan People's Party,843,Kinmen County,TW-09020050,official,Official CEC presidential result at township/district level. The map shows the local leader; Taiwan elects one president nationally. Remote uninhabited claimed-island geometry is omitted from the display.
"Lieyu Township, Kinmen County",https://db.cec.gov.tw/ElecTable/Election/ElecTickets?dataType=tickets&typeId=ELC&subjectId=P0&legisId=00&themeId=4d83db17c1707e3defae5dc4d4e9c800&dataLevel=C&prvCode=00&cityCode=000&areaCode=00&deptCode=000&liCode=0000,https://data.gov.tw/dataset/7441,Hou Yu-ih–Jaw Shaw-kong,Kuomintang,11657,3446,30,3476,29.82,1456,0,first,,,Lai Ching-te–Hsiao Bi-khim,Democratic Progressive Party,304,Kinmen County,TW-09020050,official,Official CEC presidential result at township/district level. The map shows the local leader; Taiwan elects one president nationally. Remote uninhabited claimed-island geometry is omitted from the display.
"Wuqiu Township, Kinmen County",https://db.cec.gov.tw/ElecTable/Election/ElecTickets?dataType=tickets&typeId=ELC&subjectId=P0&legisId=00&themeId=4d83db17c1707e3defae5dc4d4e9c800&dataLevel=C&prvCode=00&cityCode=000&areaCode=00&deptCode=000&liCode=0000,https://data.gov.tw/dataset/7441,Hou Yu-ih–Jaw Shaw-kong,Kuomintang,569,116,0,116,20.39,58,0,first,,,Hou Yu-ih–Jaw Shaw-kong,Kuomintang,80,Kinmen County,TW-09020060,official,Official CEC presidential result at township/district level. The map shows the local leader; Taiwan elects one president nationally. Remote uninhabited claimed-island geometry is omitted from the display.
"Wuqiu Township, Kinmen County",https://db.cec.gov.tw/ElecTable/Election/ElecTickets?dataType=tickets&typeId=ELC&subjectId=P0&legisId=00&themeId=4d83db17c1707e3defae5dc4d4e9c800&dataLevel=C&prvCode=00&cityCode=000&areaCode=00&deptCode=000&liCode=0000,https://data.gov.tw/dataset/7441,Hou Yu-ih–Jaw Shaw-kong,Kuomintang,569,116,0,116,20.39,58,0,first,,,Ko Wen-je–Cynthia Wu,Taiwan People's Party,22,Kinmen County,TW-09020060,official,Official CEC presidential result at township/district level. The map shows the local leader; Taiwan elects one president nationally. Remote uninhabited claimed-island geometry is omitted from the display.
"Wuqiu Township, Kinmen County",https://db.cec.gov.tw/ElecTable/Election/ElecTickets?dataType=tickets&typeId=ELC&subjectId=P0&legisId=00&themeId=4d83db17c1707e3defae5dc4d4e9c800&dataLevel=C&prvCode=00&cityCode=000&areaCode=00&deptCode=000&liCode=0000,https://data.gov.tw/dataset/7441,Hou Yu-ih–Jaw Shaw-kong,Kuomintang,569,116,0,116,20.39,58,0,first,,,Lai Ching-te–Hsiao Bi-khim,Democratic Progressive Party,14,Kinmen County,TW-09020060,official,Official CEC presidential result at township/district level. The map shows the local leader; Taiwan elects one president nationally. Remote uninhabited claimed-island geometry is omitted from the display.
"Zhongzheng District, Keelung City",https://db.cec.gov.tw/ElecTable/Election/ElecTickets?dataType=tickets&typeId=ELC&subjectId=P0&legisId=00&themeId=4d83db17c1707e3defae5dc4d4e9c800&dataLevel=C&prvCode=00&cityCode=000&areaCode=00&deptCode=000&liCode=0000,https://data.gov.tw/dataset/7441,Hou Yu-ih–Jaw Shaw-kong,Kuomintang,44698,29943,235,30178,67.52,1459,0,first,,,Hou Yu-ih–Jaw Shaw-kong,Kuomintang,11700,Keelung City,TW-10017010,official,Official CEC presidential result at township/district level. The map shows the local leader; Taiwan elects one president nationally. Remote uninhabited claimed-island geometry is omitted from the display.
"Zhongzheng District, Keelung City",https://db.cec.gov.tw/ElecTable/Election/ElecTickets?dataType=tickets&typeId=ELC&subjectId=P0&legisId=00&themeId=4d83db17c1707e3defae5dc4d4e9c800&dataLevel=C&prvCode=00&cityCode=000&areaCode=00&deptCode=000&liCode=0000,https://data.gov.tw/dataset/7441,Hou Yu-ih–Jaw Shaw-kong,Kuomintang,44698,29943,235,30178,67.52,1459,0,first,,,Lai Ching-te–Hsiao Bi-khim,Democratic Progressive Party,10241,Keelung City,TW-10017010,official,Official CEC presidential result at township/district level. The map shows the local leader; Taiwan elects one president nationally. Remote uninhabited claimed-island geometry is omitted from the display.
"Zhongzheng District, Keelung City",https://db.cec.gov.tw/ElecTable/Election/ElecTickets?dataType=tickets&typeId=ELC&subjectId=P0&legisId=00&themeId=4d83db17c1707e3defae5dc4d4e9c800&dataLevel=C&prvCode=00&cityCode=000&areaCode=00&deptCode=000&liCode=0000,https://data.gov.tw/dataset/7441,Hou Yu-ih–Jaw Shaw-kong,Kuomintang,44698,29943,235,30178,67.52,1459,0,first,,,Ko Wen-je–Cynthia Wu,Taiwan People's Party,8002,Keelung City,TW-10017010,official,Official CEC presidential result at township/district level. The map shows the local leader; Taiwan elects one president nationally. Remote uninhabited claimed-island geometry is omitted from the display.
"Qidu District, Keelung City",https://db.cec.gov.tw/ElecTable/Election/ElecTickets?dataType=tickets&typeId=ELC&subjectId=P0&legisId=00&themeId=4d83db17c1707e3defae5dc4d4e9c800&dataLevel=C&prvCode=00&cityCode=000&areaCode=00&deptCode=000&liCode=0000,https://data.gov.tw/dataset/7441,Hou Yu-ih–Jaw Shaw-kong,Kuomintang,45260,31763,250,32013,70.73,23,0,first,,,Hou Yu-ih–Jaw Shaw-kong,Kuomintang,11577,Keelung City,TW-10017020,official,Official CEC presidential result at township/district level. The map shows the local leader; Taiwan elects one president nationally. Remote uninhabited claimed-island geometry is omitted from the display.
"Qidu District, Keelung City",https://db.cec.gov.tw/ElecTable/Election/ElecTickets?dataType=tickets&typeId=ELC&subjectId=P0&legisId=00&themeId=4d83db17c1707e3defae5dc4d4e9c800&dataLevel=C&prvCode=00&cityCode=000&areaCode=00&deptCode=000&liCode=0000,https://data.gov.tw/dataset/7441,Hou Yu-ih–Jaw Shaw-kong,Kuomintang,45260,31763,250,32013,70.73,23,0,first,,,Lai Ching-te–Hsiao Bi-khim,Democratic Progressive Party,11554,Keelung City,TW-10017020,official,Official CEC presidential result at township/district level. The map shows the local leader; Taiwan elects one president nationally. Remote uninhabited claimed-island geometry is omitted from the display.
"Qidu District, Keelung City",https://db.cec.gov.tw/ElecTable/Election/ElecTickets?dataType=tickets&typeId=ELC&subjectId=P0&legisId=00&themeId=4d83db17c1707e3defae5dc4d4e9c800&dataLevel=C&prvCode=00&cityCode=000&areaCode=00&deptCode=000&liCode=0000,https://data.gov.tw/dataset/7441,Hou Yu-ih–Jaw Shaw-kong,Kuomintang,45260,31763,250,32013,70.73,23,0,first,,,Ko Wen-je–Cynthia Wu,Taiwan People's Party,8632,Keelung City,TW-10017020,official,Official CEC presidential result at township/district level. The map shows the local leader; Taiwan elects one president nationally. Remote uninhabited claimed-island geometry is omitted from the display.
"Nuannuan District, Keelung City",https://db.cec.gov.tw/ElecTable/Election/ElecTickets?dataType=tickets&typeId=ELC&subjectId=P0&legisId=00&themeId=4d83db17c1707e3defae5dc4d4e9c800&dataLevel=C&prvCode=00&cityCode=000&areaCode=00&deptCode=000&liCode=0000,https://data.gov.tw/dataset/7441,Hou Yu-ih–Jaw Shaw-kong,Kuomintang,33030,23289,173,23462,71.03,1360,0,first,,,Hou Yu-ih–Jaw Shaw-kong,Kuomintang,9033,Keelung City,TW-10017030,official,Official CEC presidential result at township/district level. The map shows the local leader; Taiwan elects one president nationally. Remote uninhabited claimed-island geometry is omitted from the display.
"Nuannuan District, Keelung City",https://db.cec.gov.tw/ElecTable/Election/ElecTickets?dataType=tickets&typeId=ELC&subjectId=P0&legisId=00&themeId=4d83db17c1707e3defae5dc4d4e9c800&dataLevel=C&prvCode=00&cityCode=000&areaCode=00&deptCode=000&liCode=0000,https://data.gov.tw/dataset/7441,Hou Yu-ih–Jaw Shaw-kong,Kuomintang,33030,23289,173,23462,71.03,1360,0,first,,,Lai Ching-te–Hsiao Bi-khim,Democratic Progressive Party,7673,Keelung City,TW-10017030,official,Official CEC presidential result at township/district level. The map shows the local leader; Taiwan elects one president nationally. Remote uninhabited claimed-island geometry is omitted from the display.
"Nuannuan District, Keelung City",https://db.cec.gov.tw/ElecTable/Election/ElecTickets?dataType=tickets&typeId=ELC&subjectId=P0&legisId=00&themeId=4d83db17c1707e3defae5dc4d4e9c800&dataLevel=C&prvCode=00&cityCode=000&areaCode=00&deptCode=000&liCode=0000,https://data.gov.tw/dataset/7441,Hou Yu-ih–Jaw Shaw-kong,Kuomintang,33030,23289,173,23462,71.03,1360,0,first,,,Ko Wen-je–Cynthia Wu,Taiwan People's Party,6583,Keelung City,TW-10017030,official,Official CEC presidential result at township/district level. The map shows the local leader; Taiwan elects one president nationally. Remote uninhabited claimed-island geometry is omitted from the display.
"Ren'ai District, Keelung City",https://db.cec.gov.tw/ElecTable/Election/ElecTickets?dataType=tickets&typeId=ELC&subjectId=P0&legisId=00&themeId=4d83db17c1707e3defae5dc4d4e9c800&dataLevel=C&prvCode=00&cityCode=000&areaCode=00&deptCode=000&liCode=0000,https://data.gov.tw/dataset/7441,Lai Ching-te–Hsiao Bi-khim,Democratic Progressive Party,34114,23965,164,24129,70.73,312,0,first,,,Lai Ching-te–Hsiao Bi-khim,Democratic Progressive Party,9266,Keelung City,TW-10017040,official,Official CEC presidential result at township/district level. The map shows the local leader; Taiwan elects one president nationally. Remote uninhabited claimed-island geometry is omitted from the display.
"Ren'ai District, Keelung City",https://db.cec.gov.tw/ElecTable/Election/ElecTickets?dataType=tickets&typeId=ELC&subjectId=P0&legisId=00&themeId=4d83db17c1707e3defae5dc4d4e9c800&dataLevel=C&prvCode=00&cityCode=000&areaCode=00&deptCode=000&liCode=0000,https://data.gov.tw/dataset/7441,Lai Ching-te–Hsiao Bi-khim,Democratic Progressive Party,34114,23965,164,24129,70.73,312,0,first,,,Hou Yu-ih–Jaw Shaw-kong,Kuomintang,8954,Keelung City,TW-10017040,official,Official CEC presidential result at township/district level. The map shows the local leader; Taiwan elects one president nationally. Remote uninhabited claimed-island geometry is omitted from the display.
"Ren'ai District, Keelung City",https://db.cec.gov.tw/ElecTable/Election/ElecTickets?dataType=tickets&typeId=ELC&subjectId=P0&legisId=00&themeId=4d83db17c1707e3defae5dc4d4e9c800&dataLevel=C&prvCode=00&cityCode=000&areaCode=00&deptCode=000&liCode=0000,https://data.gov.tw/dataset/7441,Lai Ching-te–Hsiao Bi-khim,Democratic Progressive Party,34114,23965,164,24129,70.73,312,0,first,,,Ko Wen-je–Cynthia Wu,Taiwan People's Party,5745,Keelung City,TW-10017040,official,Official CEC presidential result at township/district level. The map shows the local leader; Taiwan elects one president nationally. Remote uninhabited claimed-island geometry is omitted from the display.
"Zhongshan District, Keelung City",https://db.cec.gov.tw/ElecTable/Election/ElecTickets?dataType=tickets&typeId=ELC&subjectId=P0&legisId=00&themeId=4d83db17c1707e3defae5dc4d4e9c800&dataLevel=C&prvCode=00&cityCode=000&areaCode=00&deptCode=000&liCode=0000,https://data.gov.tw/dataset/7441,Hou Yu-ih–Jaw Shaw-kong,Kuomintang,40102,27665,224,27889,69.55,637,0,first,,,Hou Yu-ih–Jaw Shaw-kong,Kuomintang,10473,Keelung City,TW-10017050,official,Official CEC presidential result at township/district level. The map shows the local leader; Taiwan elects one president nationally. Remote uninhabited claimed-island geometry is omitted from the display.
"Zhongshan District, Keelung City",https://db.cec.gov.tw/ElecTable/Election/ElecTickets?dataType=tickets&typeId=ELC&subjectId=P0&legisId=00&themeId=4d83db17c1707e3defae5dc4d4e9c800&dataLevel=C&prvCode=00&cityCode=000&areaCode=00&deptCode=000&liCode=0000,https://data.gov.tw/dataset/7441,Hou Yu-ih–Jaw Shaw-kong,Kuomintang,40102,27665,224,27889,69.55,637,0,first,,,Lai Ching-te–Hsiao Bi-khim,Democratic Progressive Party,9836,Keelung City,TW-10017050,official,Official CEC presidential result at township/district level. The map shows the local leader; Taiwan elects one president nationally. Remote uninhabited claimed-island geometry is omitted from the display.
"Zhongshan District, Keelung City",https://db.cec.gov.tw/ElecTable/Election/ElecTickets?dataType=tickets&typeId=ELC&subjectId=P0&legisId=00&themeId=4d83db17c1707e3defae5dc4d4e9c800&dataLevel=C&prvCode=00&cityCode=000&areaCode=00&deptCode=000&liCode=0000,https://data.gov.tw/dataset/7441,Hou Yu-ih–Jaw Shaw-kong,Kuomintang,40102,27665,224,27889,69.55,637,0,first,,,Ko Wen-je–Cynthia Wu,Taiwan People's Party,7356,Keelung City,TW-10017050,official,Official CEC presidential result at township/district level. The map shows the local leader; Taiwan elects one president nationally. Remote uninhabited claimed-island geometry is omitted from the display.
"Anle District, Keelung City",https://db.cec.gov.tw/ElecTable/Election/ElecTickets?dataType=tickets&typeId=ELC&subjectId=P0&legisId=00&themeId=4d83db17c1707e3defae5dc4d4e9c800&dataLevel=C&prvCode=00&cityCode=000&areaCode=00&deptCode=000&liCode=0000,https://data.gov.tw/dataset/7441,Hou Yu-ih–Jaw Shaw-kong,Kuomintang,68719,49053,328,49381,71.86,2113,0,first,,,Hou Yu-ih–Jaw Shaw-kong,Kuomintang,19140,Keelung City,TW-10017060,official,Official CEC presidential result at township/district level. The map shows the local leader; Taiwan elects one president nationally. Remote uninhabited claimed-island geometry is omitted from the display.
"Anle District, Keelung City",https://db.cec.gov.tw/ElecTable/Election/ElecTickets?dataType=tickets&typeId=ELC&subjectId=P0&legisId=00&themeId=4d83db17c1707e3defae5dc4d4e9c800&dataLevel=C&prvCode=00&cityCode=000&areaCode=00&deptCode=000&liCode=0000,https://data.gov.tw/dataset/7441,Hou Yu-ih–Jaw Shaw-kong,Kuomintang,68719,49053,328,49381,71.86,2113,0,first,,,Lai Ching-te–Hsiao Bi-khim,Democratic Progressive Party,17027,Keelung City,TW-10017060,official,Official CEC presidential result at township/district level. The map shows the local leader; Taiwan elects one president nationally. Remote uninhabited claimed-island geometry is omitted from the display.
"Anle District, Keelung City",https://db.cec.gov.tw/ElecTable/Election/ElecTickets?dataType=tickets&typeId=ELC&subjectId=P0&legisId=00&themeId=4d83db17c1707e3defae5dc4d4e9c800&dataLevel=C&prvCode=00&cityCode=000&areaCode=00&deptCode=000&liCode=0000,https://data.gov.tw/dataset/7441,Hou Yu-ih–Jaw Shaw-kong,Kuomintang,68719,49053,328,49381,71.86,2113,0,first,,,Ko Wen-je–Cynthia Wu,Taiwan People's Party,12886,Keelung City,TW-10017060,official,Official CEC presidential result at township/district level. The map shows the local leader; Taiwan elects one president nationally. Remote uninhabited claimed-island geometry is omitted from the display.
"Xinyi District, Keelung City",https://db.cec.gov.tw/ElecTable/Election/ElecTickets?dataType=tickets&typeId=ELC&subjectId=P0&legisId=00&themeId=4d83db17c1707e3defae5dc4d4e9c800&dataLevel=C&prvCode=00&cityCode=000&areaCode=00&deptCode=000&liCode=0000,https://data.gov.tw/dataset/7441,Hou Yu-ih–Jaw Shaw-kong,Kuomintang,46284,33103,210,33313,71.98,3148,0,first,,,Hou Yu-ih–Jaw Shaw-kong,Kuomintang,13630,Keelung City,TW-10017070,official,Official CEC presidential result at township/district level. The map shows the local leader; Taiwan elects one president nationally. Remote uninhabited claimed-island geometry is omitted from the display.
"Xinyi District, Keelung City",https://db.cec.gov.tw/ElecTable/Election/ElecTickets?dataType=tickets&typeId=ELC&subjectId=P0&legisId=00&themeId=4d83db17c1707e3defae5dc4d4e9c800&dataLevel=C&prvCode=00&cityCode=000&areaCode=00&deptCode=000&liCode=0000,https://data.gov.tw/dataset/7441,Hou Yu-ih–Jaw Shaw-kong,Kuomintang,46284,33103,210,33313,71.98,3148,0,first,,,Lai Ching-te–Hsiao Bi-khim,Democratic Progressive Party,10482,Keelung City,TW-10017070,official,Official CEC presidential result at township/district level. The map shows the local leader; Taiwan elects one president nationally. Remote uninhabited claimed-island geometry is omitted from the display.
"Xinyi District, Keelung City",https://db.cec.gov.tw/ElecTable/Election/ElecTickets?dataType=tickets&typeId=ELC&subjectId=P0&legisId=00&themeId=4d83db17c1707e3defae5dc4d4e9c800&dataLevel=C&prvCode=00&cityCode=000&areaCode=00&deptCode=000&liCode=0000,https://data.gov.tw/dataset/7441,Hou Yu-ih–Jaw Shaw-kong,Kuomintang,46284,33103,210,33313,71.98,3148,0,first,,,Ko Wen-je–Cynthia Wu,Taiwan People's Party,8991,Keelung City,TW-10017070,official,Official CEC presidential result at township/district level. The map shows the local leader; Taiwan elects one president nationally. Remote uninhabited claimed-island geometry is omitted from the display.
"East District, Hsinchu City",https://db.cec.gov.tw/ElecTable/Election/ElecTickets?dataType=tickets&typeId=ELC&subjectId=P0&legisId=00&themeId=4d83db17c1707e3defae5dc4d4e9c800&dataLevel=C&prvCode=00&cityCode=000&areaCode=00&deptCode=000&liCode=0000,https://data.gov.tw/dataset/7441,Ko Wen-je–Cynthia Wu,Taiwan People's Party,168375,126753,800,127553,75.76,2615,0,first,,,Ko Wen-je–Cynthia Wu,Taiwan People's Party,44331,Hsinchu City,TW-10018010,official,Official CEC presidential result at township/district level. The map shows the local leader; Taiwan elects one president nationally. Remote uninhabited claimed-island geometry is omitted from the display.
"East District, Hsinchu City",https://db.cec.gov.tw/ElecTable/Election/ElecTickets?dataType=tickets&typeId=ELC&subjectId=P0&legisId=00&themeId=4d83db17c1707e3defae5dc4d4e9c800&dataLevel=C&prvCode=00&cityCode=000&areaCode=00&deptCode=000&liCode=0000,https://data.gov.tw/dataset/7441,Ko Wen-je–Cynthia Wu,Taiwan People's Party,168375,126753,800,127553,75.76,2615,0,first,,,Lai Ching-te–Hsiao Bi-khim,Democratic Progressive Party,41716,Hsinchu City,TW-10018010,official,Official CEC presidential result at township/district level. The map shows the local leader; Taiwan elects one president nationally. Remote uninhabited claimed-island geometry is omitted from the display.
"East District, Hsinchu City",https://db.cec.gov.tw/ElecTable/Election/ElecTickets?dataType=tickets&typeId=ELC&subjectId=P0&legisId=00&themeId=4d83db17c1707e3defae5dc4d4e9c800&dataLevel=C&prvCode=00&cityCode=000&areaCode=00&deptCode=000&liCode=0000,https://data.gov.tw/dataset/7441,Ko Wen-je–Cynthia Wu,Taiwan People's Party,168375,126753,800,127553,75.76,2615,0,first,,,Hou Yu-ih–Jaw Shaw-kong,Kuomintang,40706,Hsinchu City,TW-10018010,official,Official CEC presidential result at township/district level. The map shows the local leader; Taiwan elects one president nationally. Remote uninhabited claimed-island geometry is omitted from the display.
"North District, Hsinchu City",https://db.cec.gov.tw/ElecTable/Election/ElecTickets?dataType=tickets&typeId=ELC&subjectId=P0&legisId=00&themeId=4d83db17c1707e3defae5dc4d4e9c800&dataLevel=C&prvCode=00&cityCode=000&areaCode=00&deptCode=000&liCode=0000,https://data.gov.tw/dataset/7441,Lai Ching-te–Hsiao Bi-khim,Democratic Progressive Party,125360,91900,608,92508,73.79,2149,0,first,,,Lai Ching-te–Hsiao Bi-khim,Democratic Progressive Party,32902,Hsinchu City,TW-10018020,official,Official CEC presidential result at township/district level. The map shows the local leader; Taiwan elects one president nationally. Remote uninhabited claimed-island geometry is omitted from the display.
"North District, Hsinchu City",https://db.cec.gov.tw/ElecTable/Election/ElecTickets?dataType=tickets&typeId=ELC&subjectId=P0&legisId=00&themeId=4d83db17c1707e3defae5dc4d4e9c800&dataLevel=C&prvCode=00&cityCode=000&areaCode=00&deptCode=000&liCode=0000,https://data.gov.tw/dataset/7441,Lai Ching-te–Hsiao Bi-khim,Democratic Progressive Party,125360,91900,608,92508,73.79,2149,0,first,,,Ko Wen-je–Cynthia Wu,Taiwan People's Party,30753,Hsinchu City,TW-10018020,official,Official CEC presidential result at township/district level. The map shows the local leader; Taiwan elects one president nationally. Remote uninhabited claimed-island geometry is omitted from the display.
"North District, Hsinchu City",https://db.cec.gov.tw/ElecTable/Election/ElecTickets?dataType=tickets&typeId=ELC&subjectId=P0&legisId=00&themeId=4d83db17c1707e3defae5dc4d4e9c800&dataLevel=C&prvCode=00&cityCode=000&areaCode=00&deptCode=000&liCode=0000,https://data.gov.tw/dataset/7441,Lai Ching-te–Hsiao Bi-khim,Democratic Progressive Party,125360,91900,608,92508,73.79,2149,0,first,,,Hou Yu-ih–Jaw Shaw-kong,Kuomintang,28245,Hsinchu City,TW-10018020,official,Official CEC presidential result at township/district level. The map shows the local leader; Taiwan elects one president nationally. Remote uninhabited claimed-island geometry is omitted from the display.
"Xiangshan District, Hsinchu City",https://db.cec.gov.tw/ElecTable/Election/ElecTickets?dataType=tickets&typeId=ELC&subjectId=P0&legisId=00&themeId=4d83db17c1707e3defae5dc4d4e9c800&dataLevel=C&prvCode=00&cityCode=000&areaCode=00&deptCode=000&liCode=0000,https://data.gov.tw/dataset/7441,Lai Ching-te–Hsiao Bi-khim,Democratic Progressive Party,65730,47736,330,48066,73.13,1761,0,first,,,Lai Ching-te–Hsiao Bi-khim,Democratic Progressive Party,18061,Hsinchu City,TW-10018030,official,Official CEC presidential result at township/district level. The map shows the local leader; Taiwan elects one president nationally. Remote uninhabited claimed-island geometry is omitted from the display.
"Xiangshan District, Hsinchu City",https://db.cec.gov.tw/ElecTable/Election/ElecTickets?dataType=tickets&typeId=ELC&subjectId=P0&legisId=00&themeId=4d83db17c1707e3defae5dc4d4e9c800&dataLevel=C&prvCode=00&cityCode=000&areaCode=00&deptCode=000&liCode=0000,https://data.gov.tw/dataset/7441,Lai Ching-te–Hsiao Bi-khim,Democratic Progressive Party,65730,47736,330,48066,73.13,1761,0,first,,,Ko Wen-je–Cynthia Wu,Taiwan People's Party,16300,Hsinchu City,TW-10018030,official,Official CEC presidential result at township/district level. The map shows the local leader; Taiwan elects one president nationally. Remote uninhabited claimed-island geometry is omitted from the display.
"Xiangshan District, Hsinchu City",https://db.cec.gov.tw/ElecTable/Election/ElecTickets?dataType=tickets&typeId=ELC&subjectId=P0&legisId=00&themeId=4d83db17c1707e3defae5dc4d4e9c800&dataLevel=C&prvCode=00&cityCode=000&areaCode=00&deptCode=000&liCode=0000,https://data.gov.tw/dataset/7441,Lai Ching-te–Hsiao Bi-khim,Democratic Progressive Party,65730,47736,330,48066,73.13,1761,0,first,,,Hou Yu-ih–Jaw Shaw-kong,Kuomintang,13375,Hsinchu City,TW-10018030,official,Official CEC presidential result at township/district level. The map shows the local leader; Taiwan elects one president nationally. Remote uninhabited claimed-island geometry is omitted from the display.
"East District, Chiayi City",https://db.cec.gov.tw/ElecTable/Election/ElecTickets?dataType=tickets&typeId=ELC&subjectId=P0&legisId=00&themeId=4d83db17c1707e3defae5dc4d4e9c800&dataLevel=C&prvCode=00&cityCode=000&areaCode=00&deptCode=000&liCode=0000,https://data.gov.tw/dataset/7441,Lai Ching-te–Hsiao Bi-khim,Democratic Progressive Party,98138,70963,433,71396,72.75,6326,0,first,,,Lai Ching-te–Hsiao Bi-khim,Democratic Progressive Party,29901,Chiayi City,TW-10020010,official,Official CEC presidential result at township/district level. The map shows the local leader; Taiwan elects one president nationally. Remote uninhabited claimed-island geometry is omitted from the display.
"East District, Chiayi City",https://db.cec.gov.tw/ElecTable/Election/ElecTickets?dataType=tickets&typeId=ELC&subjectId=P0&legisId=00&themeId=4d83db17c1707e3defae5dc4d4e9c800&dataLevel=C&prvCode=00&cityCode=000&areaCode=00&deptCode=000&liCode=0000,https://data.gov.tw/dataset/7441,Lai Ching-te–Hsiao Bi-khim,Democratic Progressive Party,98138,70963,433,71396,72.75,6326,0,first,,,Hou Yu-ih–Jaw Shaw-kong,Kuomintang,23575,Chiayi City,TW-10020010,official,Official CEC presidential result at township/district level. The map shows the local leader; Taiwan elects one president nationally. Remote uninhabited claimed-island geometry is omitted from the display.
"East District, Chiayi City",https://db.cec.gov.tw/ElecTable/Election/ElecTickets?dataType=tickets&typeId=ELC&subjectId=P0&legisId=00&themeId=4d83db17c1707e3defae5dc4d4e9c800&dataLevel=C&prvCode=00&cityCode=000&areaCode=00&deptCode=000&liCode=0000,https://data.gov.tw/dataset/7441,Lai Ching-te–Hsiao Bi-khim,Democratic Progressive Party,98138,70963,433,71396,72.75,6326,0,first,,,Ko Wen-je–Cynthia Wu,Taiwan People's Party,17487,Chiayi City,TW-10020010,official,Official CEC presidential result at township/district level. The map shows the local leader; Taiwan elects one president nationally. Remote uninhabited claimed-island geometry is omitted from the display.
"West District, Chiayi City",https://db.cec.gov.tw/ElecTable/Election/ElecTickets?dataType=tickets&typeId=ELC&subjectId=P0&legisId=00&themeId=4d83db17c1707e3defae5dc4d4e9c800&dataLevel=C&prvCode=00&cityCode=000&areaCode=00&deptCode=000&liCode=0000,https://data.gov.tw/dataset/7441,Lai Ching-te–Hsiao Bi-khim,Democratic Progressive Party,119411,86693,506,87199,73.02,12366,0,first,,,Lai Ching-te–Hsiao Bi-khim,Democratic Progressive Party,38298,Chiayi City,TW-10020020,official,Official CEC presidential result at township/district level. The map shows the local leader; Taiwan elects one president nationally. Remote uninhabited claimed-island geometry is omitted from the display.
"West District, Chiayi City",https://db.cec.gov.tw/ElecTable/Election/ElecTickets?dataType=tickets&typeId=ELC&subjectId=P0&legisId=00&themeId=4d83db17c1707e3defae5dc4d4e9c800&dataLevel=C&prvCode=00&cityCode=000&areaCode=00&deptCode=000&liCode=0000,https://data.gov.tw/dataset/7441,Lai Ching-te–Hsiao Bi-khim,Democratic Progressive Party,119411,86693,506,87199,73.02,12366,0,first,,,Hou Yu-ih–Jaw Shaw-kong,Kuomintang,25932,Chiayi City,TW-10020020,official,Official CEC presidential result at township/district level. The map shows the local leader; Taiwan elects one president nationally. Remote uninhabited claimed-island geometry is omitted from the display.
"West District, Chiayi City",https://db.cec.gov.tw/ElecTable/Election/ElecTickets?dataType=tickets&typeId=ELC&subjectId=P0&legisId=00&themeId=4d83db17c1707e3defae5dc4d4e9c800&dataLevel=C&prvCode=00&cityCode=000&areaCode=00&deptCode=000&liCode=0000,https://data.gov.tw/dataset/7441,Lai Ching-te–Hsiao Bi-khim,Democratic Progressive Party,119411,86693,506,87199,73.02,12366,0,first,,,Ko Wen-je–Cynthia Wu,Taiwan People's Party,22463,Chiayi City,TW-10020020,official,Official CEC presidential result at township/district level. The map shows the local leader; Taiwan elects one president nationally. Remote uninhabited claimed-island geometry is omitted from the display.
