district,district_url,distribution_url,elected_member,elected_party,elected_members,members_to_elect,quota,enrolment,formal_votes,informal_votes,total_votes,turnout_pct,majority,round_number,row_type,excluded_candidate,excluded_party,candidate,candidate_party,candidate_status,candidate_elected,candidate_elected_order,votes
Bass,https://www.tec.tas.gov.au/house-of-assembly/StateElection2021/results/bass/index.html,https://www.tec.tas.gov.au/house-of-assembly/StateElection2021/results/bass/dist-bass-m.html,"GUTWEIN, Peter; COURTNEY, Sarah; FERGUSON, Michael; O'BYRNE, Michelle; FINLAY, Janie",Liberal Party; Liberal Party; Liberal Party; Australian Labor Party; Australian Labor Party,"GUTWEIN, Peter; COURTNEY, Sarah; FERGUSON, Michael; O'BYRNE, Michelle; FINLAY, Janie",5,11226,78182,67352,3544,70896,90.68,3499,0,first,,,"GUTWEIN, Peter",Liberal Party,Elected 1,True,1,32482
Bass,https://www.tec.tas.gov.au/house-of-assembly/StateElection2021/results/bass/index.html,https://www.tec.tas.gov.au/house-of-assembly/StateElection2021/results/bass/dist-bass-m.html,"GUTWEIN, Peter; COURTNEY, Sarah; FERGUSON, Michael; O'BYRNE, Michelle; FINLAY, Janie",Liberal Party; Liberal Party; Liberal Party; Australian Labor Party; Australian Labor Party,"GUTWEIN, Peter; COURTNEY, Sarah; FERGUSON, Michael; O'BYRNE, Michelle; FINLAY, Janie",5,11226,78182,67352,3544,70896,90.68,3499,0,first,,,"O'BYRNE, Michelle",Australian Labor Party,Elected 4,True,4,7813
Bass,https://www.tec.tas.gov.au/house-of-assembly/StateElection2021/results/bass/index.html,https://www.tec.tas.gov.au/house-of-assembly/StateElection2021/results/bass/dist-bass-m.html,"GUTWEIN, Peter; COURTNEY, Sarah; FERGUSON, Michael; O'BYRNE, Michelle; FINLAY, Janie",Liberal Party; Liberal Party; Liberal Party; Australian Labor Party; Australian Labor Party,"GUTWEIN, Peter; COURTNEY, Sarah; FERGUSON, Michael; O'BYRNE, Michelle; FINLAY, Janie",5,11226,78182,67352,3544,70896,90.68,3499,0,first,,,"FINLAY, Janie",Australian Labor Party,Elected 5,True,5,5830
Bass,https://www.tec.tas.gov.au/house-of-assembly/StateElection2021/results/bass/index.html,https://www.tec.tas.gov.au/house-of-assembly/StateElection2021/results/bass/dist-bass-m.html,"GUTWEIN, Peter; COURTNEY, Sarah; FERGUSON, Michael; O'BYRNE, Michelle; FINLAY, Janie",Liberal Party; Liberal Party; Liberal Party; Australian Labor Party; Australian Labor Party,"GUTWEIN, Peter; COURTNEY, Sarah; FERGUSON, Michael; O'BYRNE, Michelle; FINLAY, Janie",5,11226,78182,67352,3544,70896,90.68,3499,0,first,,,"FERGUSON, Michael",Liberal Party,Elected 3,True,3,3806
Bass,https://www.tec.tas.gov.au/house-of-assembly/StateElection2021/results/bass/index.html,https://www.tec.tas.gov.au/house-of-assembly/StateElection2021/results/bass/dist-bass-m.html,"GUTWEIN, Peter; COURTNEY, Sarah; FERGUSON, Michael; O'BYRNE, Michelle; FINLAY, Janie",Liberal Party; Liberal Party; Liberal Party; Australian Labor Party; Australian Labor Party,"GUTWEIN, Peter; COURTNEY, Sarah; FERGUSON, Michael; O'BYRNE, Michelle; FINLAY, Janie",5,11226,78182,67352,3544,70896,90.68,3499,0,first,,,"DAVENPORT, Jack",Tasmanian Greens,,False,,2952
Bass,https://www.tec.tas.gov.au/house-of-assembly/StateElection2021/results/bass/index.html,https://www.tec.tas.gov.au/house-of-assembly/StateElection2021/results/bass/dist-bass-m.html,"GUTWEIN, Peter; COURTNEY, Sarah; FERGUSON, Michael; O'BYRNE, Michelle; FINLAY, Janie",Liberal Party; Liberal Party; Liberal Party; Australian Labor Party; Australian Labor Party,"GUTWEIN, Peter; COURTNEY, Sarah; FERGUSON, Michael; O'BYRNE, Michelle; FINLAY, Janie",5,11226,78182,67352,3544,70896,90.68,3499,0,first,,,"COURTNEY, Sarah",Liberal Party,Elected 2,True,2,2227
Bass,https://www.tec.tas.gov.au/house-of-assembly/StateElection2021/results/bass/index.html,https://www.tec.tas.gov.au/house-of-assembly/StateElection2021/results/bass/dist-bass-m.html,"GUTWEIN, Peter; COURTNEY, Sarah; FERGUSON, Michael; O'BYRNE, Michelle; FINLAY, Janie",Liberal Party; Liberal Party; Liberal Party; Australian Labor Party; Australian Labor Party,"GUTWEIN, Peter; COURTNEY, Sarah; FERGUSON, Michael; O'BYRNE, Michelle; FINLAY, Janie",5,11226,78182,67352,3544,70896,90.68,3499,0,first,,,"HINDS, Adrian",Australian Labor Party,Excluded,False,,1663
Bass,https://www.tec.tas.gov.au/house-of-assembly/StateElection2021/results/bass/index.html,https://www.tec.tas.gov.au/house-of-assembly/StateElection2021/results/bass/dist-bass-m.html,"GUTWEIN, Peter; COURTNEY, Sarah; FERGUSON, Michael; O'BYRNE, Michelle; FINLAY, Janie",Liberal Party; Liberal Party; Liberal Party; Australian Labor Party; Australian Labor Party,"GUTWEIN, Peter; COURTNEY, Sarah; FERGUSON, Michael; O'BYRNE, Michelle; FINLAY, Janie",5,11226,78182,67352,3544,70896,90.68,3499,0,first,,,"HARVEY, Andrew","Shooters, Fishers, Farmers TAS",Excluded,False,,1649
Bass,https://www.tec.tas.gov.au/house-of-assembly/StateElection2021/results/bass/index.html,https://www.tec.tas.gov.au/house-of-assembly/StateElection2021/results/bass/dist-bass-m.html,"GUTWEIN, Peter; COURTNEY, Sarah; FERGUSON, Michael; O'BYRNE, Michelle; FINLAY, Janie",Liberal Party; Liberal Party; Liberal Party; Australian Labor Party; Australian Labor Party,"GUTWEIN, Peter; COURTNEY, Sarah; FERGUSON, Michael; O'BYRNE, Michelle; FINLAY, Janie",5,11226,78182,67352,3544,70896,90.68,3499,0,first,,,"HOUSTON, Jennifer",Australian Labor Party,Excluded,False,,1512
Bass,https://www.tec.tas.gov.au/house-of-assembly/StateElection2021/results/bass/index.html,https://www.tec.tas.gov.au/house-of-assembly/StateElection2021/results/bass/dist-bass-m.html,"GUTWEIN, Peter; COURTNEY, Sarah; FERGUSON, Michael; O'BYRNE, Michelle; FINLAY, Janie",Liberal Party; Liberal Party; Liberal Party; Australian Labor Party; Australian Labor Party,"GUTWEIN, Peter; COURTNEY, Sarah; FERGUSON, Michael; O'BYRNE, Michelle; FINLAY, Janie",5,11226,78182,67352,3544,70896,90.68,3499,0,first,,,"WOODBURY, Sue",Animal Justice Party,Excluded,False,,1242
Bass,https://www.tec.tas.gov.au/house-of-assembly/StateElection2021/results/bass/index.html,https://www.tec.tas.gov.au/house-of-assembly/StateElection2021/results/bass/dist-bass-m.html,"GUTWEIN, Peter; COURTNEY, Sarah; FERGUSON, Michael; O'BYRNE, Michelle; FINLAY, Janie",Liberal Party; Liberal Party; Liberal Party; Australian Labor Party; Australian Labor Party,"GUTWEIN, Peter; COURTNEY, Sarah; FERGUSON, Michael; O'BYRNE, Michelle; FINLAY, Janie",5,11226,78182,67352,3544,70896,90.68,3499,0,first,,,"LAYTON-BENNETT, Anne",Tasmanian Greens,Excluded,False,,1091
Bass,https://www.tec.tas.gov.au/house-of-assembly/StateElection2021/results/bass/index.html,https://www.tec.tas.gov.au/house-of-assembly/StateElection2021/results/bass/dist-bass-m.html,"GUTWEIN, Peter; COURTNEY, Sarah; FERGUSON, Michael; O'BYRNE, Michelle; FINLAY, Janie",Liberal Party; Liberal Party; Liberal Party; Australian Labor Party; Australian Labor Party,"GUTWEIN, Peter; COURTNEY, Sarah; FERGUSON, Michael; O'BYRNE, Michelle; FINLAY, Janie",5,11226,78182,67352,3544,70896,90.68,3499,0,first,,,"HALL, Tom",Tasmanian Greens,Excluded,False,,886
Bass,https://www.tec.tas.gov.au/house-of-assembly/StateElection2021/results/bass/index.html,https://www.tec.tas.gov.au/house-of-assembly/StateElection2021/results/bass/dist-bass-m.html,"GUTWEIN, Peter; COURTNEY, Sarah; FERGUSON, Michael; O'BYRNE, Michelle; FINLAY, Janie",Liberal Party; Liberal Party; Liberal Party; Australian Labor Party; Australian Labor Party,"GUTWEIN, Peter; COURTNEY, Sarah; FERGUSON, Michael; O'BYRNE, Michelle; FINLAY, Janie",5,11226,78182,67352,3544,70896,90.68,3499,0,first,,,"WOOD, Simon",Liberal Party,Excluded,False,,707
Bass,https://www.tec.tas.gov.au/house-of-assembly/StateElection2021/results/bass/index.html,https://www.tec.tas.gov.au/house-of-assembly/StateElection2021/results/bass/dist-bass-m.html,"GUTWEIN, Peter; COURTNEY, Sarah; FERGUSON, Michael; O'BYRNE, Michelle; FINLAY, Janie",Liberal Party; Liberal Party; Liberal Party; Australian Labor Party; Australian Labor Party,"GUTWEIN, Peter; COURTNEY, Sarah; FERGUSON, Michael; O'BYRNE, Michelle; FINLAY, Janie",5,11226,78182,67352,3544,70896,90.68,3499,0,first,,,"POWELL, Owen",Australian Labor Party,Excluded,False,,706
Bass,https://www.tec.tas.gov.au/house-of-assembly/StateElection2021/results/bass/index.html,https://www.tec.tas.gov.au/house-of-assembly/StateElection2021/results/bass/dist-bass-m.html,"GUTWEIN, Peter; COURTNEY, Sarah; FERGUSON, Michael; O'BYRNE, Michelle; FINLAY, Janie",Liberal Party; Liberal Party; Liberal Party; Australian Labor Party; Australian Labor Party,"GUTWEIN, Peter; COURTNEY, Sarah; FERGUSON, Michael; O'BYRNE, Michelle; FINLAY, Janie",5,11226,78182,67352,3544,70896,90.68,3499,0,first,,,"ROSOL, Cecily",Tasmanian Greens,Excluded,False,,691
Bass,https://www.tec.tas.gov.au/house-of-assembly/StateElection2021/results/bass/index.html,https://www.tec.tas.gov.au/house-of-assembly/StateElection2021/results/bass/dist-bass-m.html,"GUTWEIN, Peter; COURTNEY, Sarah; FERGUSON, Michael; O'BYRNE, Michelle; FINLAY, Janie",Liberal Party; Liberal Party; Liberal Party; Australian Labor Party; Australian Labor Party,"GUTWEIN, Peter; COURTNEY, Sarah; FERGUSON, Michael; O'BYRNE, Michelle; FINLAY, Janie",5,11226,78182,67352,3544,70896,90.68,3499,0,first,,,"KIESER, Greg",Liberal Party,Excluded,False,,646
Bass,https://www.tec.tas.gov.au/house-of-assembly/StateElection2021/results/bass/index.html,https://www.tec.tas.gov.au/house-of-assembly/StateElection2021/results/bass/dist-bass-m.html,"GUTWEIN, Peter; COURTNEY, Sarah; FERGUSON, Michael; O'BYRNE, Michelle; FINLAY, Janie",Liberal Party; Liberal Party; Liberal Party; Australian Labor Party; Australian Labor Party,"GUTWEIN, Peter; COURTNEY, Sarah; FERGUSON, Michael; O'BYRNE, Michelle; FINLAY, Janie",5,11226,78182,67352,3544,70896,90.68,3499,0,first,,,"HOUGHTON, Mitchell",Tasmanian Greens,Excluded,False,,561
Bass,https://www.tec.tas.gov.au/house-of-assembly/StateElection2021/results/bass/index.html,https://www.tec.tas.gov.au/house-of-assembly/StateElection2021/results/bass/dist-bass-m.html,"GUTWEIN, Peter; COURTNEY, Sarah; FERGUSON, Michael; O'BYRNE, Michelle; FINLAY, Janie",Liberal Party; Liberal Party; Liberal Party; Australian Labor Party; Australian Labor Party,"GUTWEIN, Peter; COURTNEY, Sarah; FERGUSON, Michael; O'BYRNE, Michelle; FINLAY, Janie",5,11226,78182,67352,3544,70896,90.68,3499,0,first,,,"ALEXANDER, Lara",Liberal Party,Excluded,False,,511
Bass,https://www.tec.tas.gov.au/house-of-assembly/StateElection2021/results/bass/index.html,https://www.tec.tas.gov.au/house-of-assembly/StateElection2021/results/bass/dist-bass-m.html,"GUTWEIN, Peter; COURTNEY, Sarah; FERGUSON, Michael; O'BYRNE, Michelle; FINLAY, Janie",Liberal Party; Liberal Party; Liberal Party; Australian Labor Party; Australian Labor Party,"GUTWEIN, Peter; COURTNEY, Sarah; FERGUSON, Michael; O'BYRNE, Michelle; FINLAY, Janie",5,11226,78182,67352,3544,70896,90.68,3499,0,first,,,"RAMAGE, Roy",Independent,Excluded,False,,377
Bass,https://www.tec.tas.gov.au/house-of-assembly/StateElection2021/results/bass/index.html,https://www.tec.tas.gov.au/house-of-assembly/StateElection2021/results/bass/dist-bass-m.html,"GUTWEIN, Peter; COURTNEY, Sarah; FERGUSON, Michael; O'BYRNE, Michelle; FINLAY, Janie",Liberal Party; Liberal Party; Liberal Party; Australian Labor Party; Australian Labor Party,"GUTWEIN, Peter; COURTNEY, Sarah; FERGUSON, Michael; O'BYRNE, Michelle; FINLAY, Janie",5,11226,78182,67352,3544,70896,90.68,3499,52,final,,,"COURTNEY, Sarah",Liberal Party,Elected 2,True,2,11226
Bass,https://www.tec.tas.gov.au/house-of-assembly/StateElection2021/results/bass/index.html,https://www.tec.tas.gov.au/house-of-assembly/StateElection2021/results/bass/dist-bass-m.html,"GUTWEIN, Peter; COURTNEY, Sarah; FERGUSON, Michael; O'BYRNE, Michelle; FINLAY, Janie",Liberal Party; Liberal Party; Liberal Party; Australian Labor Party; Australian Labor Party,"GUTWEIN, Peter; COURTNEY, Sarah; FERGUSON, Michael; O'BYRNE, Michelle; FINLAY, Janie",5,11226,78182,67352,3544,70896,90.68,3499,52,final,,,"FERGUSON, Michael",Liberal Party,Elected 3,True,3,11226
Bass,https://www.tec.tas.gov.au/house-of-assembly/StateElection2021/results/bass/index.html,https://www.tec.tas.gov.au/house-of-assembly/StateElection2021/results/bass/dist-bass-m.html,"GUTWEIN, Peter; COURTNEY, Sarah; FERGUSON, Michael; O'BYRNE, Michelle; FINLAY, Janie",Liberal Party; Liberal Party; Liberal Party; Australian Labor Party; Australian Labor Party,"GUTWEIN, Peter; COURTNEY, Sarah; FERGUSON, Michael; O'BYRNE, Michelle; FINLAY, Janie",5,11226,78182,67352,3544,70896,90.68,3499,52,final,,,"GUTWEIN, Peter",Liberal Party,Elected 1,True,1,11226
Bass,https://www.tec.tas.gov.au/house-of-assembly/StateElection2021/results/bass/index.html,https://www.tec.tas.gov.au/house-of-assembly/StateElection2021/results/bass/dist-bass-m.html,"GUTWEIN, Peter; COURTNEY, Sarah; FERGUSON, Michael; O'BYRNE, Michelle; FINLAY, Janie",Liberal Party; Liberal Party; Liberal Party; Australian Labor Party; Australian Labor Party,"GUTWEIN, Peter; COURTNEY, Sarah; FERGUSON, Michael; O'BYRNE, Michelle; FINLAY, Janie",5,11226,78182,67352,3544,70896,90.68,3499,52,final,,,"O'BYRNE, Michelle",Australian Labor Party,Elected 4,True,4,11226
Bass,https://www.tec.tas.gov.au/house-of-assembly/StateElection2021/results/bass/index.html,https://www.tec.tas.gov.au/house-of-assembly/StateElection2021/results/bass/dist-bass-m.html,"GUTWEIN, Peter; COURTNEY, Sarah; FERGUSON, Michael; O'BYRNE, Michelle; FINLAY, Janie",Liberal Party; Liberal Party; Liberal Party; Australian Labor Party; Australian Labor Party,"GUTWEIN, Peter; COURTNEY, Sarah; FERGUSON, Michael; O'BYRNE, Michelle; FINLAY, Janie",5,11226,78182,67352,3544,70896,90.68,3499,52,final,,,"FINLAY, Janie",Australian Labor Party,Elected 5,True,5,11183
Bass,https://www.tec.tas.gov.au/house-of-assembly/StateElection2021/results/bass/index.html,https://www.tec.tas.gov.au/house-of-assembly/StateElection2021/results/bass/dist-bass-m.html,"GUTWEIN, Peter; COURTNEY, Sarah; FERGUSON, Michael; O'BYRNE, Michelle; FINLAY, Janie",Liberal Party; Liberal Party; Liberal Party; Australian Labor Party; Australian Labor Party,"GUTWEIN, Peter; COURTNEY, Sarah; FERGUSON, Michael; O'BYRNE, Michelle; FINLAY, Janie",5,11226,78182,67352,3544,70896,90.68,3499,52,final,,,"DAVENPORT, Jack",Tasmanian Greens,,False,,7684
Bass,https://www.tec.tas.gov.au/house-of-assembly/StateElection2021/results/bass/index.html,https://www.tec.tas.gov.au/house-of-assembly/StateElection2021/results/bass/dist-bass-m.html,"GUTWEIN, Peter; COURTNEY, Sarah; FERGUSON, Michael; O'BYRNE, Michelle; FINLAY, Janie",Liberal Party; Liberal Party; Liberal Party; Australian Labor Party; Australian Labor Party,"GUTWEIN, Peter; COURTNEY, Sarah; FERGUSON, Michael; O'BYRNE, Michelle; FINLAY, Janie",5,11226,78182,67352,3544,70896,90.68,3499,52,final,,,"ALEXANDER, Lara",Liberal Party,Excluded,False,,0
Bass,https://www.tec.tas.gov.au/house-of-assembly/StateElection2021/results/bass/index.html,https://www.tec.tas.gov.au/house-of-assembly/StateElection2021/results/bass/dist-bass-m.html,"GUTWEIN, Peter; COURTNEY, Sarah; FERGUSON, Michael; O'BYRNE, Michelle; FINLAY, Janie",Liberal Party; Liberal Party; Liberal Party; Australian Labor Party; Australian Labor Party,"GUTWEIN, Peter; COURTNEY, Sarah; FERGUSON, Michael; O'BYRNE, Michelle; FINLAY, Janie",5,11226,78182,67352,3544,70896,90.68,3499,52,final,,,"HALL, Tom",Tasmanian Greens,Excluded,False,,0
Bass,https://www.tec.tas.gov.au/house-of-assembly/StateElection2021/results/bass/index.html,https://www.tec.tas.gov.au/house-of-assembly/StateElection2021/results/bass/dist-bass-m.html,"GUTWEIN, Peter; COURTNEY, Sarah; FERGUSON, Michael; O'BYRNE, Michelle; FINLAY, Janie",Liberal Party; Liberal Party; Liberal Party; Australian Labor Party; Australian Labor Party,"GUTWEIN, Peter; COURTNEY, Sarah; FERGUSON, Michael; O'BYRNE, Michelle; FINLAY, Janie",5,11226,78182,67352,3544,70896,90.68,3499,52,final,,,"HARVEY, Andrew","Shooters, Fishers, Farmers TAS",Excluded,False,,0
Bass,https://www.tec.tas.gov.au/house-of-assembly/StateElection2021/results/bass/index.html,https://www.tec.tas.gov.au/house-of-assembly/StateElection2021/results/bass/dist-bass-m.html,"GUTWEIN, Peter; COURTNEY, Sarah; FERGUSON, Michael; O'BYRNE, Michelle; FINLAY, Janie",Liberal Party; Liberal Party; Liberal Party; Australian Labor Party; Australian Labor Party,"GUTWEIN, Peter; COURTNEY, Sarah; FERGUSON, Michael; O'BYRNE, Michelle; FINLAY, Janie",5,11226,78182,67352,3544,70896,90.68,3499,52,final,,,"HINDS, Adrian",Australian Labor Party,Excluded,False,,0
Bass,https://www.tec.tas.gov.au/house-of-assembly/StateElection2021/results/bass/index.html,https://www.tec.tas.gov.au/house-of-assembly/StateElection2021/results/bass/dist-bass-m.html,"GUTWEIN, Peter; COURTNEY, Sarah; FERGUSON, Michael; O'BYRNE, Michelle; FINLAY, Janie",Liberal Party; Liberal Party; Liberal Party; Australian Labor Party; Australian Labor Party,"GUTWEIN, Peter; COURTNEY, Sarah; FERGUSON, Michael; O'BYRNE, Michelle; FINLAY, Janie",5,11226,78182,67352,3544,70896,90.68,3499,52,final,,,"HOUGHTON, Mitchell",Tasmanian Greens,Excluded,False,,0
Bass,https://www.tec.tas.gov.au/house-of-assembly/StateElection2021/results/bass/index.html,https://www.tec.tas.gov.au/house-of-assembly/StateElection2021/results/bass/dist-bass-m.html,"GUTWEIN, Peter; COURTNEY, Sarah; FERGUSON, Michael; O'BYRNE, Michelle; FINLAY, Janie",Liberal Party; Liberal Party; Liberal Party; Australian Labor Party; Australian Labor Party,"GUTWEIN, Peter; COURTNEY, Sarah; FERGUSON, Michael; O'BYRNE, Michelle; FINLAY, Janie",5,11226,78182,67352,3544,70896,90.68,3499,52,final,,,"HOUSTON, Jennifer",Australian Labor Party,Excluded,False,,0
Bass,https://www.tec.tas.gov.au/house-of-assembly/StateElection2021/results/bass/index.html,https://www.tec.tas.gov.au/house-of-assembly/StateElection2021/results/bass/dist-bass-m.html,"GUTWEIN, Peter; COURTNEY, Sarah; FERGUSON, Michael; O'BYRNE, Michelle; FINLAY, Janie",Liberal Party; Liberal Party; Liberal Party; Australian Labor Party; Australian Labor Party,"GUTWEIN, Peter; COURTNEY, Sarah; FERGUSON, Michael; O'BYRNE, Michelle; FINLAY, Janie",5,11226,78182,67352,3544,70896,90.68,3499,52,final,,,"KIESER, Greg",Liberal Party,Excluded,False,,0
Bass,https://www.tec.tas.gov.au/house-of-assembly/StateElection2021/results/bass/index.html,https://www.tec.tas.gov.au/house-of-assembly/StateElection2021/results/bass/dist-bass-m.html,"GUTWEIN, Peter; COURTNEY, Sarah; FERGUSON, Michael; O'BYRNE, Michelle; FINLAY, Janie",Liberal Party; Liberal Party; Liberal Party; Australian Labor Party; Australian Labor Party,"GUTWEIN, Peter; COURTNEY, Sarah; FERGUSON, Michael; O'BYRNE, Michelle; FINLAY, Janie",5,11226,78182,67352,3544,70896,90.68,3499,52,final,,,"LAYTON-BENNETT, Anne",Tasmanian Greens,Excluded,False,,0
Bass,https://www.tec.tas.gov.au/house-of-assembly/StateElection2021/results/bass/index.html,https://www.tec.tas.gov.au/house-of-assembly/StateElection2021/results/bass/dist-bass-m.html,"GUTWEIN, Peter; COURTNEY, Sarah; FERGUSON, Michael; O'BYRNE, Michelle; FINLAY, Janie",Liberal Party; Liberal Party; Liberal Party; Australian Labor Party; Australian Labor Party,"GUTWEIN, Peter; COURTNEY, Sarah; FERGUSON, Michael; O'BYRNE, Michelle; FINLAY, Janie",5,11226,78182,67352,3544,70896,90.68,3499,52,final,,,"POWELL, Owen",Australian Labor Party,Excluded,False,,0
Bass,https://www.tec.tas.gov.au/house-of-assembly/StateElection2021/results/bass/index.html,https://www.tec.tas.gov.au/house-of-assembly/StateElection2021/results/bass/dist-bass-m.html,"GUTWEIN, Peter; COURTNEY, Sarah; FERGUSON, Michael; O'BYRNE, Michelle; FINLAY, Janie",Liberal Party; Liberal Party; Liberal Party; Australian Labor Party; Australian Labor Party,"GUTWEIN, Peter; COURTNEY, Sarah; FERGUSON, Michael; O'BYRNE, Michelle; FINLAY, Janie",5,11226,78182,67352,3544,70896,90.68,3499,52,final,,,"RAMAGE, Roy",Independent,Excluded,False,,0
Bass,https://www.tec.tas.gov.au/house-of-assembly/StateElection2021/results/bass/index.html,https://www.tec.tas.gov.au/house-of-assembly/StateElection2021/results/bass/dist-bass-m.html,"GUTWEIN, Peter; COURTNEY, Sarah; FERGUSON, Michael; O'BYRNE, Michelle; FINLAY, Janie",Liberal Party; Liberal Party; Liberal Party; Australian Labor Party; Australian Labor Party,"GUTWEIN, Peter; COURTNEY, Sarah; FERGUSON, Michael; O'BYRNE, Michelle; FINLAY, Janie",5,11226,78182,67352,3544,70896,90.68,3499,52,final,,,"ROSOL, Cecily",Tasmanian Greens,Excluded,False,,0
Bass,https://www.tec.tas.gov.au/house-of-assembly/StateElection2021/results/bass/index.html,https://www.tec.tas.gov.au/house-of-assembly/StateElection2021/results/bass/dist-bass-m.html,"GUTWEIN, Peter; COURTNEY, Sarah; FERGUSON, Michael; O'BYRNE, Michelle; FINLAY, Janie",Liberal Party; Liberal Party; Liberal Party; Australian Labor Party; Australian Labor Party,"GUTWEIN, Peter; COURTNEY, Sarah; FERGUSON, Michael; O'BYRNE, Michelle; FINLAY, Janie",5,11226,78182,67352,3544,70896,90.68,3499,52,final,,,"WOOD, Simon",Liberal Party,Excluded,False,,0
Bass,https://www.tec.tas.gov.au/house-of-assembly/StateElection2021/results/bass/index.html,https://www.tec.tas.gov.au/house-of-assembly/StateElection2021/results/bass/dist-bass-m.html,"GUTWEIN, Peter; COURTNEY, Sarah; FERGUSON, Michael; O'BYRNE, Michelle; FINLAY, Janie",Liberal Party; Liberal Party; Liberal Party; Australian Labor Party; Australian Labor Party,"GUTWEIN, Peter; COURTNEY, Sarah; FERGUSON, Michael; O'BYRNE, Michelle; FINLAY, Janie",5,11226,78182,67352,3544,70896,90.68,3499,52,final,,,"WOODBURY, Sue",Animal Justice Party,Excluded,False,,0
Braddon,https://www.tec.tas.gov.au/house-of-assembly/StateElection2021/results/braddon/index.html,https://www.tec.tas.gov.au/house-of-assembly/StateElection2021/results/braddon/dist-braddon-m.html,"ROCKLIFF, Jeremy; DOW, Anita; BROAD, Shane; JAENSCH, Roger; BROOKS, Adam",Liberal Party; Australian Labor Party; Australian Labor Party; Liberal Party; Liberal Party,"ROCKLIFF, Jeremy; DOW, Anita; BROAD, Shane; JAENSCH, Roger; BROOKS, Adam",5,11661,81211,69961,3963,73924,91.03,312,0,first,,,"ROCKLIFF, Jeremy",Liberal Party,Elected 1,True,1,19186
Braddon,https://www.tec.tas.gov.au/house-of-assembly/StateElection2021/results/braddon/index.html,https://www.tec.tas.gov.au/house-of-assembly/StateElection2021/results/braddon/dist-braddon-m.html,"ROCKLIFF, Jeremy; DOW, Anita; BROAD, Shane; JAENSCH, Roger; BROOKS, Adam",Liberal Party; Australian Labor Party; Australian Labor Party; Liberal Party; Liberal Party,"ROCKLIFF, Jeremy; DOW, Anita; BROAD, Shane; JAENSCH, Roger; BROOKS, Adam",5,11661,81211,69961,3963,73924,91.03,312,0,first,,,"ELLIS, Felix",Liberal Party,,False,,6229
Braddon,https://www.tec.tas.gov.au/house-of-assembly/StateElection2021/results/braddon/index.html,https://www.tec.tas.gov.au/house-of-assembly/StateElection2021/results/braddon/dist-braddon-m.html,"ROCKLIFF, Jeremy; DOW, Anita; BROAD, Shane; JAENSCH, Roger; BROOKS, Adam",Liberal Party; Australian Labor Party; Australian Labor Party; Liberal Party; Liberal Party,"ROCKLIFF, Jeremy; DOW, Anita; BROAD, Shane; JAENSCH, Roger; BROOKS, Adam",5,11661,81211,69961,3963,73924,91.03,312,0,first,,,"BROOKS, Adam",Liberal Party,Elected 5,True,5,6202
Braddon,https://www.tec.tas.gov.au/house-of-assembly/StateElection2021/results/braddon/index.html,https://www.tec.tas.gov.au/house-of-assembly/StateElection2021/results/braddon/dist-braddon-m.html,"ROCKLIFF, Jeremy; DOW, Anita; BROAD, Shane; JAENSCH, Roger; BROOKS, Adam",Liberal Party; Australian Labor Party; Australian Labor Party; Liberal Party; Liberal Party,"ROCKLIFF, Jeremy; DOW, Anita; BROAD, Shane; JAENSCH, Roger; BROOKS, Adam",5,11661,81211,69961,3963,73924,91.03,312,0,first,,,"BROAD, Shane",Australian Labor Party,Elected 3,True,3,6034
Braddon,https://www.tec.tas.gov.au/house-of-assembly/StateElection2021/results/braddon/index.html,https://www.tec.tas.gov.au/house-of-assembly/StateElection2021/results/braddon/dist-braddon-m.html,"ROCKLIFF, Jeremy; DOW, Anita; BROAD, Shane; JAENSCH, Roger; BROOKS, Adam",Liberal Party; Australian Labor Party; Australian Labor Party; Liberal Party; Liberal Party,"ROCKLIFF, Jeremy; DOW, Anita; BROAD, Shane; JAENSCH, Roger; BROOKS, Adam",5,11661,81211,69961,3963,73924,91.03,312,0,first,,,"DOW, Anita",Australian Labor Party,Elected 2,True,2,5640
Braddon,https://www.tec.tas.gov.au/house-of-assembly/StateElection2021/results/braddon/index.html,https://www.tec.tas.gov.au/house-of-assembly/StateElection2021/results/braddon/dist-braddon-m.html,"ROCKLIFF, Jeremy; DOW, Anita; BROAD, Shane; JAENSCH, Roger; BROOKS, Adam",Liberal Party; Australian Labor Party; Australian Labor Party; Liberal Party; Liberal Party,"ROCKLIFF, Jeremy; DOW, Anita; BROAD, Shane; JAENSCH, Roger; BROOKS, Adam",5,11661,81211,69961,3963,73924,91.03,312,0,first,,,"JAENSCH, Roger",Liberal Party,Elected 4,True,4,4833
Braddon,https://www.tec.tas.gov.au/house-of-assembly/StateElection2021/results/braddon/index.html,https://www.tec.tas.gov.au/house-of-assembly/StateElection2021/results/braddon/dist-braddon-m.html,"ROCKLIFF, Jeremy; DOW, Anita; BROAD, Shane; JAENSCH, Roger; BROOKS, Adam",Liberal Party; Australian Labor Party; Australian Labor Party; Liberal Party; Liberal Party,"ROCKLIFF, Jeremy; DOW, Anita; BROAD, Shane; JAENSCH, Roger; BROOKS, Adam",5,11661,81211,69961,3963,73924,91.03,312,0,first,,,"GARLAND, Craig",Independent,Excluded,False,,4236
Braddon,https://www.tec.tas.gov.au/house-of-assembly/StateElection2021/results/braddon/index.html,https://www.tec.tas.gov.au/house-of-assembly/StateElection2021/results/braddon/dist-braddon-m.html,"ROCKLIFF, Jeremy; DOW, Anita; BROAD, Shane; JAENSCH, Roger; BROOKS, Adam",Liberal Party; Australian Labor Party; Australian Labor Party; Liberal Party; Liberal Party,"ROCKLIFF, Jeremy; DOW, Anita; BROAD, Shane; JAENSCH, Roger; BROOKS, Adam",5,11661,81211,69961,3963,73924,91.03,312,0,first,,,"KEAY, Justine",Australian Labor Party,Excluded,False,,4132
Braddon,https://www.tec.tas.gov.au/house-of-assembly/StateElection2021/results/braddon/index.html,https://www.tec.tas.gov.au/house-of-assembly/StateElection2021/results/braddon/dist-braddon-m.html,"ROCKLIFF, Jeremy; DOW, Anita; BROAD, Shane; JAENSCH, Roger; BROOKS, Adam",Liberal Party; Australian Labor Party; Australian Labor Party; Liberal Party; Liberal Party,"ROCKLIFF, Jeremy; DOW, Anita; BROAD, Shane; JAENSCH, Roger; BROOKS, Adam",5,11661,81211,69961,3963,73924,91.03,312,0,first,,,"HENDRIKS, Lara",Liberal Party,Excluded,False,,1856
Braddon,https://www.tec.tas.gov.au/house-of-assembly/StateElection2021/results/braddon/index.html,https://www.tec.tas.gov.au/house-of-assembly/StateElection2021/results/braddon/dist-braddon-m.html,"ROCKLIFF, Jeremy; DOW, Anita; BROAD, Shane; JAENSCH, Roger; BROOKS, Adam",Liberal Party; Australian Labor Party; Australian Labor Party; Liberal Party; Liberal Party,"ROCKLIFF, Jeremy; DOW, Anita; BROAD, Shane; JAENSCH, Roger; BROOKS, Adam",5,11661,81211,69961,3963,73924,91.03,312,0,first,,,"BRIGGS, Darren",Tasmanian Greens,Excluded,False,,1853
Braddon,https://www.tec.tas.gov.au/house-of-assembly/StateElection2021/results/braddon/index.html,https://www.tec.tas.gov.au/house-of-assembly/StateElection2021/results/braddon/dist-braddon-m.html,"ROCKLIFF, Jeremy; DOW, Anita; BROAD, Shane; JAENSCH, Roger; BROOKS, Adam",Liberal Party; Australian Labor Party; Australian Labor Party; Liberal Party; Liberal Party,"ROCKLIFF, Jeremy; DOW, Anita; BROAD, Shane; JAENSCH, Roger; BROOKS, Adam",5,11661,81211,69961,3963,73924,91.03,312,0,first,,,"SHEEHAN, Stacey",Liberal Party,Excluded,False,,1708
Braddon,https://www.tec.tas.gov.au/house-of-assembly/StateElection2021/results/braddon/index.html,https://www.tec.tas.gov.au/house-of-assembly/StateElection2021/results/braddon/dist-braddon-m.html,"ROCKLIFF, Jeremy; DOW, Anita; BROAD, Shane; JAENSCH, Roger; BROOKS, Adam",Liberal Party; Australian Labor Party; Australian Labor Party; Liberal Party; Liberal Party,"ROCKLIFF, Jeremy; DOW, Anita; BROAD, Shane; JAENSCH, Roger; BROOKS, Adam",5,11661,81211,69961,3963,73924,91.03,312,0,first,,,"JONES, Brenton","Shooters, Fishers, Farmers TAS",Excluded,False,,1648
Braddon,https://www.tec.tas.gov.au/house-of-assembly/StateElection2021/results/braddon/index.html,https://www.tec.tas.gov.au/house-of-assembly/StateElection2021/results/braddon/dist-braddon-m.html,"ROCKLIFF, Jeremy; DOW, Anita; BROAD, Shane; JAENSCH, Roger; BROOKS, Adam",Liberal Party; Australian Labor Party; Australian Labor Party; Liberal Party; Liberal Party,"ROCKLIFF, Jeremy; DOW, Anita; BROAD, Shane; JAENSCH, Roger; BROOKS, Adam",5,11661,81211,69961,3963,73924,91.03,312,0,first,,,"RIPPON, Michelle",Australian Labor Party,Excluded,False,,1454
Braddon,https://www.tec.tas.gov.au/house-of-assembly/StateElection2021/results/braddon/index.html,https://www.tec.tas.gov.au/house-of-assembly/StateElection2021/results/braddon/dist-braddon-m.html,"ROCKLIFF, Jeremy; DOW, Anita; BROAD, Shane; JAENSCH, Roger; BROOKS, Adam",Liberal Party; Australian Labor Party; Australian Labor Party; Liberal Party; Liberal Party,"ROCKLIFF, Jeremy; DOW, Anita; BROAD, Shane; JAENSCH, Roger; BROOKS, Adam",5,11661,81211,69961,3963,73924,91.03,312,0,first,,,"DIPROSE, Amanda",Australian Labor Party,Excluded,False,,1300
Braddon,https://www.tec.tas.gov.au/house-of-assembly/StateElection2021/results/braddon/index.html,https://www.tec.tas.gov.au/house-of-assembly/StateElection2021/results/braddon/dist-braddon-m.html,"ROCKLIFF, Jeremy; DOW, Anita; BROAD, Shane; JAENSCH, Roger; BROOKS, Adam",Liberal Party; Australian Labor Party; Australian Labor Party; Liberal Party; Liberal Party,"ROCKLIFF, Jeremy; DOW, Anita; BROAD, Shane; JAENSCH, Roger; BROOKS, Adam",5,11661,81211,69961,3963,73924,91.03,312,0,first,,,"SWANSON, Kim","Shooters, Fishers, Farmers TAS",Excluded,False,,990
Braddon,https://www.tec.tas.gov.au/house-of-assembly/StateElection2021/results/braddon/index.html,https://www.tec.tas.gov.au/house-of-assembly/StateElection2021/results/braddon/dist-braddon-m.html,"ROCKLIFF, Jeremy; DOW, Anita; BROAD, Shane; JAENSCH, Roger; BROOKS, Adam",Liberal Party; Australian Labor Party; Australian Labor Party; Liberal Party; Liberal Party,"ROCKLIFF, Jeremy; DOW, Anita; BROAD, Shane; JAENSCH, Roger; BROOKS, Adam",5,11661,81211,69961,3963,73924,91.03,312,0,first,,,"MILNE, Tammy",Tasmanian Greens,Excluded,False,,670
Braddon,https://www.tec.tas.gov.au/house-of-assembly/StateElection2021/results/braddon/index.html,https://www.tec.tas.gov.au/house-of-assembly/StateElection2021/results/braddon/dist-braddon-m.html,"ROCKLIFF, Jeremy; DOW, Anita; BROAD, Shane; JAENSCH, Roger; BROOKS, Adam",Liberal Party; Australian Labor Party; Australian Labor Party; Liberal Party; Liberal Party,"ROCKLIFF, Jeremy; DOW, Anita; BROAD, Shane; JAENSCH, Roger; BROOKS, Adam",5,11661,81211,69961,3963,73924,91.03,312,0,first,,,"MURRAY, Emily",Tasmanian Greens,Excluded,False,,584
Braddon,https://www.tec.tas.gov.au/house-of-assembly/StateElection2021/results/braddon/index.html,https://www.tec.tas.gov.au/house-of-assembly/StateElection2021/results/braddon/dist-braddon-m.html,"ROCKLIFF, Jeremy; DOW, Anita; BROAD, Shane; JAENSCH, Roger; BROOKS, Adam",Liberal Party; Australian Labor Party; Australian Labor Party; Liberal Party; Liberal Party,"ROCKLIFF, Jeremy; DOW, Anita; BROAD, Shane; JAENSCH, Roger; BROOKS, Adam",5,11661,81211,69961,3963,73924,91.03,312,0,first,,,"PARSONS, Phill",Tasmanian Greens,Excluded,False,,403
Braddon,https://www.tec.tas.gov.au/house-of-assembly/StateElection2021/results/braddon/index.html,https://www.tec.tas.gov.au/house-of-assembly/StateElection2021/results/braddon/dist-braddon-m.html,"ROCKLIFF, Jeremy; DOW, Anita; BROAD, Shane; JAENSCH, Roger; BROOKS, Adam",Liberal Party; Australian Labor Party; Australian Labor Party; Liberal Party; Liberal Party,"ROCKLIFF, Jeremy; DOW, Anita; BROAD, Shane; JAENSCH, Roger; BROOKS, Adam",5,11661,81211,69961,3963,73924,91.03,312,0,first,,,"CORBETT, Maureen",Tasmanian Greens,Excluded,False,,372
Braddon,https://www.tec.tas.gov.au/house-of-assembly/StateElection2021/results/braddon/index.html,https://www.tec.tas.gov.au/house-of-assembly/StateElection2021/results/braddon/dist-braddon-m.html,"ROCKLIFF, Jeremy; DOW, Anita; BROAD, Shane; JAENSCH, Roger; BROOKS, Adam",Liberal Party; Australian Labor Party; Australian Labor Party; Liberal Party; Liberal Party,"ROCKLIFF, Jeremy; DOW, Anita; BROAD, Shane; JAENSCH, Roger; BROOKS, Adam",5,11661,81211,69961,3963,73924,91.03,312,0,first,,,"HAMER, Liz",Independent,Excluded,False,,337
Braddon,https://www.tec.tas.gov.au/house-of-assembly/StateElection2021/results/braddon/index.html,https://www.tec.tas.gov.au/house-of-assembly/StateElection2021/results/braddon/dist-braddon-m.html,"ROCKLIFF, Jeremy; DOW, Anita; BROAD, Shane; JAENSCH, Roger; BROOKS, Adam",Liberal Party; Australian Labor Party; Australian Labor Party; Liberal Party; Liberal Party,"ROCKLIFF, Jeremy; DOW, Anita; BROAD, Shane; JAENSCH, Roger; BROOKS, Adam",5,11661,81211,69961,3963,73924,91.03,312,0,first,,,"MORGAN, Matthew",Independent,Excluded,False,,294
Braddon,https://www.tec.tas.gov.au/house-of-assembly/StateElection2021/results/braddon/index.html,https://www.tec.tas.gov.au/house-of-assembly/StateElection2021/results/braddon/dist-braddon-m.html,"ROCKLIFF, Jeremy; DOW, Anita; BROAD, Shane; JAENSCH, Roger; BROOKS, Adam",Liberal Party; Australian Labor Party; Australian Labor Party; Liberal Party; Liberal Party,"ROCKLIFF, Jeremy; DOW, Anita; BROAD, Shane; JAENSCH, Roger; BROOKS, Adam",5,11661,81211,69961,3963,73924,91.03,312,34,final,,,"BROAD, Shane",Australian Labor Party,Elected 3,True,3,11661
Braddon,https://www.tec.tas.gov.au/house-of-assembly/StateElection2021/results/braddon/index.html,https://www.tec.tas.gov.au/house-of-assembly/StateElection2021/results/braddon/dist-braddon-m.html,"ROCKLIFF, Jeremy; DOW, Anita; BROAD, Shane; JAENSCH, Roger; BROOKS, Adam",Liberal Party; Australian Labor Party; Australian Labor Party; Liberal Party; Liberal Party,"ROCKLIFF, Jeremy; DOW, Anita; BROAD, Shane; JAENSCH, Roger; BROOKS, Adam",5,11661,81211,69961,3963,73924,91.03,312,34,final,,,"DOW, Anita",Australian Labor Party,Elected 2,True,2,11661
Braddon,https://www.tec.tas.gov.au/house-of-assembly/StateElection2021/results/braddon/index.html,https://www.tec.tas.gov.au/house-of-assembly/StateElection2021/results/braddon/dist-braddon-m.html,"ROCKLIFF, Jeremy; DOW, Anita; BROAD, Shane; JAENSCH, Roger; BROOKS, Adam",Liberal Party; Australian Labor Party; Australian Labor Party; Liberal Party; Liberal Party,"ROCKLIFF, Jeremy; DOW, Anita; BROAD, Shane; JAENSCH, Roger; BROOKS, Adam",5,11661,81211,69961,3963,73924,91.03,312,34,final,,,"ROCKLIFF, Jeremy",Liberal Party,Elected 1,True,1,11661
Braddon,https://www.tec.tas.gov.au/house-of-assembly/StateElection2021/results/braddon/index.html,https://www.tec.tas.gov.au/house-of-assembly/StateElection2021/results/braddon/dist-braddon-m.html,"ROCKLIFF, Jeremy; DOW, Anita; BROAD, Shane; JAENSCH, Roger; BROOKS, Adam",Liberal Party; Australian Labor Party; Australian Labor Party; Liberal Party; Liberal Party,"ROCKLIFF, Jeremy; DOW, Anita; BROAD, Shane; JAENSCH, Roger; BROOKS, Adam",5,11661,81211,69961,3963,73924,91.03,312,34,final,,,"JAENSCH, Roger",Liberal Party,Elected 4,True,4,10897
Braddon,https://www.tec.tas.gov.au/house-of-assembly/StateElection2021/results/braddon/index.html,https://www.tec.tas.gov.au/house-of-assembly/StateElection2021/results/braddon/dist-braddon-m.html,"ROCKLIFF, Jeremy; DOW, Anita; BROAD, Shane; JAENSCH, Roger; BROOKS, Adam",Liberal Party; Australian Labor Party; Australian Labor Party; Liberal Party; Liberal Party,"ROCKLIFF, Jeremy; DOW, Anita; BROAD, Shane; JAENSCH, Roger; BROOKS, Adam",5,11661,81211,69961,3963,73924,91.03,312,34,final,,,"BROOKS, Adam",Liberal Party,Elected 5,True,5,10859
Braddon,https://www.tec.tas.gov.au/house-of-assembly/StateElection2021/results/braddon/index.html,https://www.tec.tas.gov.au/house-of-assembly/StateElection2021/results/braddon/dist-braddon-m.html,"ROCKLIFF, Jeremy; DOW, Anita; BROAD, Shane; JAENSCH, Roger; BROOKS, Adam",Liberal Party; Australian Labor Party; Australian Labor Party; Liberal Party; Liberal Party,"ROCKLIFF, Jeremy; DOW, Anita; BROAD, Shane; JAENSCH, Roger; BROOKS, Adam",5,11661,81211,69961,3963,73924,91.03,312,34,final,,,"ELLIS, Felix",Liberal Party,,False,,10547
Braddon,https://www.tec.tas.gov.au/house-of-assembly/StateElection2021/results/braddon/index.html,https://www.tec.tas.gov.au/house-of-assembly/StateElection2021/results/braddon/dist-braddon-m.html,"ROCKLIFF, Jeremy; DOW, Anita; BROAD, Shane; JAENSCH, Roger; BROOKS, Adam",Liberal Party; Australian Labor Party; Australian Labor Party; Liberal Party; Liberal Party,"ROCKLIFF, Jeremy; DOW, Anita; BROAD, Shane; JAENSCH, Roger; BROOKS, Adam",5,11661,81211,69961,3963,73924,91.03,312,34,final,,,"BRIGGS, Darren",Tasmanian Greens,Excluded,False,,0
Braddon,https://www.tec.tas.gov.au/house-of-assembly/StateElection2021/results/braddon/index.html,https://www.tec.tas.gov.au/house-of-assembly/StateElection2021/results/braddon/dist-braddon-m.html,"ROCKLIFF, Jeremy; DOW, Anita; BROAD, Shane; JAENSCH, Roger; BROOKS, Adam",Liberal Party; Australian Labor Party; Australian Labor Party; Liberal Party; Liberal Party,"ROCKLIFF, Jeremy; DOW, Anita; BROAD, Shane; JAENSCH, Roger; BROOKS, Adam",5,11661,81211,69961,3963,73924,91.03,312,34,final,,,"CORBETT, Maureen",Tasmanian Greens,Excluded,False,,0
Braddon,https://www.tec.tas.gov.au/house-of-assembly/StateElection2021/results/braddon/index.html,https://www.tec.tas.gov.au/house-of-assembly/StateElection2021/results/braddon/dist-braddon-m.html,"ROCKLIFF, Jeremy; DOW, Anita; BROAD, Shane; JAENSCH, Roger; BROOKS, Adam",Liberal Party; Australian Labor Party; Australian Labor Party; Liberal Party; Liberal Party,"ROCKLIFF, Jeremy; DOW, Anita; BROAD, Shane; JAENSCH, Roger; BROOKS, Adam",5,11661,81211,69961,3963,73924,91.03,312,34,final,,,"DIPROSE, Amanda",Australian Labor Party,Excluded,False,,0
Braddon,https://www.tec.tas.gov.au/house-of-assembly/StateElection2021/results/braddon/index.html,https://www.tec.tas.gov.au/house-of-assembly/StateElection2021/results/braddon/dist-braddon-m.html,"ROCKLIFF, Jeremy; DOW, Anita; BROAD, Shane; JAENSCH, Roger; BROOKS, Adam",Liberal Party; Australian Labor Party; Australian Labor Party; Liberal Party; Liberal Party,"ROCKLIFF, Jeremy; DOW, Anita; BROAD, Shane; JAENSCH, Roger; BROOKS, Adam",5,11661,81211,69961,3963,73924,91.03,312,34,final,,,"GARLAND, Craig",Independent,Excluded,False,,0
Braddon,https://www.tec.tas.gov.au/house-of-assembly/StateElection2021/results/braddon/index.html,https://www.tec.tas.gov.au/house-of-assembly/StateElection2021/results/braddon/dist-braddon-m.html,"ROCKLIFF, Jeremy; DOW, Anita; BROAD, Shane; JAENSCH, Roger; BROOKS, Adam",Liberal Party; Australian Labor Party; Australian Labor Party; Liberal Party; Liberal Party,"ROCKLIFF, Jeremy; DOW, Anita; BROAD, Shane; JAENSCH, Roger; BROOKS, Adam",5,11661,81211,69961,3963,73924,91.03,312,34,final,,,"HAMER, Liz",Independent,Excluded,False,,0
Braddon,https://www.tec.tas.gov.au/house-of-assembly/StateElection2021/results/braddon/index.html,https://www.tec.tas.gov.au/house-of-assembly/StateElection2021/results/braddon/dist-braddon-m.html,"ROCKLIFF, Jeremy; DOW, Anita; BROAD, Shane; JAENSCH, Roger; BROOKS, Adam",Liberal Party; Australian Labor Party; Australian Labor Party; Liberal Party; Liberal Party,"ROCKLIFF, Jeremy; DOW, Anita; BROAD, Shane; JAENSCH, Roger; BROOKS, Adam",5,11661,81211,69961,3963,73924,91.03,312,34,final,,,"HENDRIKS, Lara",Liberal Party,Excluded,False,,0
Braddon,https://www.tec.tas.gov.au/house-of-assembly/StateElection2021/results/braddon/index.html,https://www.tec.tas.gov.au/house-of-assembly/StateElection2021/results/braddon/dist-braddon-m.html,"ROCKLIFF, Jeremy; DOW, Anita; BROAD, Shane; JAENSCH, Roger; BROOKS, Adam",Liberal Party; Australian Labor Party; Australian Labor Party; Liberal Party; Liberal Party,"ROCKLIFF, Jeremy; DOW, Anita; BROAD, Shane; JAENSCH, Roger; BROOKS, Adam",5,11661,81211,69961,3963,73924,91.03,312,34,final,,,"JONES, Brenton","Shooters, Fishers, Farmers TAS",Excluded,False,,0
Braddon,https://www.tec.tas.gov.au/house-of-assembly/StateElection2021/results/braddon/index.html,https://www.tec.tas.gov.au/house-of-assembly/StateElection2021/results/braddon/dist-braddon-m.html,"ROCKLIFF, Jeremy; DOW, Anita; BROAD, Shane; JAENSCH, Roger; BROOKS, Adam",Liberal Party; Australian Labor Party; Australian Labor Party; Liberal Party; Liberal Party,"ROCKLIFF, Jeremy; DOW, Anita; BROAD, Shane; JAENSCH, Roger; BROOKS, Adam",5,11661,81211,69961,3963,73924,91.03,312,34,final,,,"KEAY, Justine",Australian Labor Party,Excluded,False,,0
Braddon,https://www.tec.tas.gov.au/house-of-assembly/StateElection2021/results/braddon/index.html,https://www.tec.tas.gov.au/house-of-assembly/StateElection2021/results/braddon/dist-braddon-m.html,"ROCKLIFF, Jeremy; DOW, Anita; BROAD, Shane; JAENSCH, Roger; BROOKS, Adam",Liberal Party; Australian Labor Party; Australian Labor Party; Liberal Party; Liberal Party,"ROCKLIFF, Jeremy; DOW, Anita; BROAD, Shane; JAENSCH, Roger; BROOKS, Adam",5,11661,81211,69961,3963,73924,91.03,312,34,final,,,"MILNE, Tammy",Tasmanian Greens,Excluded,False,,0
Braddon,https://www.tec.tas.gov.au/house-of-assembly/StateElection2021/results/braddon/index.html,https://www.tec.tas.gov.au/house-of-assembly/StateElection2021/results/braddon/dist-braddon-m.html,"ROCKLIFF, Jeremy; DOW, Anita; BROAD, Shane; JAENSCH, Roger; BROOKS, Adam",Liberal Party; Australian Labor Party; Australian Labor Party; Liberal Party; Liberal Party,"ROCKLIFF, Jeremy; DOW, Anita; BROAD, Shane; JAENSCH, Roger; BROOKS, Adam",5,11661,81211,69961,3963,73924,91.03,312,34,final,,,"MORGAN, Matthew",Independent,Excluded,False,,0
Braddon,https://www.tec.tas.gov.au/house-of-assembly/StateElection2021/results/braddon/index.html,https://www.tec.tas.gov.au/house-of-assembly/StateElection2021/results/braddon/dist-braddon-m.html,"ROCKLIFF, Jeremy; DOW, Anita; BROAD, Shane; JAENSCH, Roger; BROOKS, Adam",Liberal Party; Australian Labor Party; Australian Labor Party; Liberal Party; Liberal Party,"ROCKLIFF, Jeremy; DOW, Anita; BROAD, Shane; JAENSCH, Roger; BROOKS, Adam",5,11661,81211,69961,3963,73924,91.03,312,34,final,,,"MURRAY, Emily",Tasmanian Greens,Excluded,False,,0
Braddon,https://www.tec.tas.gov.au/house-of-assembly/StateElection2021/results/braddon/index.html,https://www.tec.tas.gov.au/house-of-assembly/StateElection2021/results/braddon/dist-braddon-m.html,"ROCKLIFF, Jeremy; DOW, Anita; BROAD, Shane; JAENSCH, Roger; BROOKS, Adam",Liberal Party; Australian Labor Party; Australian Labor Party; Liberal Party; Liberal Party,"ROCKLIFF, Jeremy; DOW, Anita; BROAD, Shane; JAENSCH, Roger; BROOKS, Adam",5,11661,81211,69961,3963,73924,91.03,312,34,final,,,"PARSONS, Phill",Tasmanian Greens,Excluded,False,,0
Braddon,https://www.tec.tas.gov.au/house-of-assembly/StateElection2021/results/braddon/index.html,https://www.tec.tas.gov.au/house-of-assembly/StateElection2021/results/braddon/dist-braddon-m.html,"ROCKLIFF, Jeremy; DOW, Anita; BROAD, Shane; JAENSCH, Roger; BROOKS, Adam",Liberal Party; Australian Labor Party; Australian Labor Party; Liberal Party; Liberal Party,"ROCKLIFF, Jeremy; DOW, Anita; BROAD, Shane; JAENSCH, Roger; BROOKS, Adam",5,11661,81211,69961,3963,73924,91.03,312,34,final,,,"RIPPON, Michelle",Australian Labor Party,Excluded,False,,0
Braddon,https://www.tec.tas.gov.au/house-of-assembly/StateElection2021/results/braddon/index.html,https://www.tec.tas.gov.au/house-of-assembly/StateElection2021/results/braddon/dist-braddon-m.html,"ROCKLIFF, Jeremy; DOW, Anita; BROAD, Shane; JAENSCH, Roger; BROOKS, Adam",Liberal Party; Australian Labor Party; Australian Labor Party; Liberal Party; Liberal Party,"ROCKLIFF, Jeremy; DOW, Anita; BROAD, Shane; JAENSCH, Roger; BROOKS, Adam",5,11661,81211,69961,3963,73924,91.03,312,34,final,,,"SHEEHAN, Stacey",Liberal Party,Excluded,False,,0
Braddon,https://www.tec.tas.gov.au/house-of-assembly/StateElection2021/results/braddon/index.html,https://www.tec.tas.gov.au/house-of-assembly/StateElection2021/results/braddon/dist-braddon-m.html,"ROCKLIFF, Jeremy; DOW, Anita; BROAD, Shane; JAENSCH, Roger; BROOKS, Adam",Liberal Party; Australian Labor Party; Australian Labor Party; Liberal Party; Liberal Party,"ROCKLIFF, Jeremy; DOW, Anita; BROAD, Shane; JAENSCH, Roger; BROOKS, Adam",5,11661,81211,69961,3963,73924,91.03,312,34,final,,,"SWANSON, Kim","Shooters, Fishers, Farmers TAS",Excluded,False,,0
Clark,https://www.tec.tas.gov.au/house-of-assembly/StateElection2021/results/clark/index.html,https://www.tec.tas.gov.au/house-of-assembly/StateElection2021/results/clark/dist-clark-m.html,"O'CONNOR, Cassy; ARCHER, Elise; HADDAD, Ella; OGILVIE, Madeleine; JOHNSTON, Kristie",Tasmanian Greens; Liberal Party; Australian Labor Party; Liberal Party; Independent,"O'CONNOR, Cassy; ARCHER, Elise; HADDAD, Ella; OGILVIE, Madeleine; JOHNSTON, Kristie",5,10626,73998,63753,3378,67131,90.72,1254,0,first,,,"O'CONNOR, Cassy",Tasmanian Greens,Elected 1,True,1,9469
Clark,https://www.tec.tas.gov.au/house-of-assembly/StateElection2021/results/clark/index.html,https://www.tec.tas.gov.au/house-of-assembly/StateElection2021/results/clark/dist-clark-m.html,"O'CONNOR, Cassy; ARCHER, Elise; HADDAD, Ella; OGILVIE, Madeleine; JOHNSTON, Kristie",Tasmanian Greens; Liberal Party; Australian Labor Party; Liberal Party; Independent,"O'CONNOR, Cassy; ARCHER, Elise; HADDAD, Ella; OGILVIE, Madeleine; JOHNSTON, Kristie",5,10626,73998,63753,3378,67131,90.72,1254,0,first,,,"ARCHER, Elise",Liberal Party,Elected 2,True,2,9402
Clark,https://www.tec.tas.gov.au/house-of-assembly/StateElection2021/results/clark/index.html,https://www.tec.tas.gov.au/house-of-assembly/StateElection2021/results/clark/dist-clark-m.html,"O'CONNOR, Cassy; ARCHER, Elise; HADDAD, Ella; OGILVIE, Madeleine; JOHNSTON, Kristie",Tasmanian Greens; Liberal Party; Australian Labor Party; Liberal Party; Independent,"O'CONNOR, Cassy; ARCHER, Elise; HADDAD, Ella; OGILVIE, Madeleine; JOHNSTON, Kristie",5,10626,73998,63753,3378,67131,90.72,1254,0,first,,,"HADDAD, Ella",Australian Labor Party,Elected 3,True,3,7998
Clark,https://www.tec.tas.gov.au/house-of-assembly/StateElection2021/results/clark/index.html,https://www.tec.tas.gov.au/house-of-assembly/StateElection2021/results/clark/dist-clark-m.html,"O'CONNOR, Cassy; ARCHER, Elise; HADDAD, Ella; OGILVIE, Madeleine; JOHNSTON, Kristie",Tasmanian Greens; Liberal Party; Australian Labor Party; Liberal Party; Independent,"O'CONNOR, Cassy; ARCHER, Elise; HADDAD, Ella; OGILVIE, Madeleine; JOHNSTON, Kristie",5,10626,73998,63753,3378,67131,90.72,1254,0,first,,,"JOHNSTON, Kristie",Independent,Elected 5,True,5,6994
Clark,https://www.tec.tas.gov.au/house-of-assembly/StateElection2021/results/clark/index.html,https://www.tec.tas.gov.au/house-of-assembly/StateElection2021/results/clark/dist-clark-m.html,"O'CONNOR, Cassy; ARCHER, Elise; HADDAD, Ella; OGILVIE, Madeleine; JOHNSTON, Kristie",Tasmanian Greens; Liberal Party; Australian Labor Party; Liberal Party; Independent,"O'CONNOR, Cassy; ARCHER, Elise; HADDAD, Ella; OGILVIE, Madeleine; JOHNSTON, Kristie",5,10626,73998,63753,3378,67131,90.72,1254,0,first,,,"HICKEY, Sue",Independent,,False,,6261
Clark,https://www.tec.tas.gov.au/house-of-assembly/StateElection2021/results/clark/index.html,https://www.tec.tas.gov.au/house-of-assembly/StateElection2021/results/clark/dist-clark-m.html,"O'CONNOR, Cassy; ARCHER, Elise; HADDAD, Ella; OGILVIE, Madeleine; JOHNSTON, Kristie",Tasmanian Greens; Liberal Party; Australian Labor Party; Liberal Party; Independent,"O'CONNOR, Cassy; ARCHER, Elise; HADDAD, Ella; OGILVIE, Madeleine; JOHNSTON, Kristie",5,10626,73998,63753,3378,67131,90.72,1254,0,first,,,"OGILVIE, Madeleine",Liberal Party,Elected 4,True,4,3992
Clark,https://www.tec.tas.gov.au/house-of-assembly/StateElection2021/results/clark/index.html,https://www.tec.tas.gov.au/house-of-assembly/StateElection2021/results/clark/dist-clark-m.html,"O'CONNOR, Cassy; ARCHER, Elise; HADDAD, Ella; OGILVIE, Madeleine; JOHNSTON, Kristie",Tasmanian Greens; Liberal Party; Australian Labor Party; Liberal Party; Independent,"O'CONNOR, Cassy; ARCHER, Elise; HADDAD, Ella; OGILVIE, Madeleine; JOHNSTON, Kristie",5,10626,73998,63753,3378,67131,90.72,1254,0,first,,,"BEHRAKIS, Simon",Liberal Party,Excluded,False,,3722
Clark,https://www.tec.tas.gov.au/house-of-assembly/StateElection2021/results/clark/index.html,https://www.tec.tas.gov.au/house-of-assembly/StateElection2021/results/clark/dist-clark-m.html,"O'CONNOR, Cassy; ARCHER, Elise; HADDAD, Ella; OGILVIE, Madeleine; JOHNSTON, Kristie",Tasmanian Greens; Liberal Party; Australian Labor Party; Liberal Party; Independent,"O'CONNOR, Cassy; ARCHER, Elise; HADDAD, Ella; OGILVIE, Madeleine; JOHNSTON, Kristie",5,10626,73998,63753,3378,67131,90.72,1254,0,first,,,"DAVIS, Simon",Australian Labor Party,Excluded,False,,1986
Clark,https://www.tec.tas.gov.au/house-of-assembly/StateElection2021/results/clark/index.html,https://www.tec.tas.gov.au/house-of-assembly/StateElection2021/results/clark/dist-clark-m.html,"O'CONNOR, Cassy; ARCHER, Elise; HADDAD, Ella; OGILVIE, Madeleine; JOHNSTON, Kristie",Tasmanian Greens; Liberal Party; Australian Labor Party; Liberal Party; Independent,"O'CONNOR, Cassy; ARCHER, Elise; HADDAD, Ella; OGILVIE, Madeleine; JOHNSTON, Kristie",5,10626,73998,63753,3378,67131,90.72,1254,0,first,,,"COATS, Will",Liberal Party,Excluded,False,,1690
Clark,https://www.tec.tas.gov.au/house-of-assembly/StateElection2021/results/clark/index.html,https://www.tec.tas.gov.au/house-of-assembly/StateElection2021/results/clark/dist-clark-m.html,"O'CONNOR, Cassy; ARCHER, Elise; HADDAD, Ella; OGILVIE, Madeleine; JOHNSTON, Kristie",Tasmanian Greens; Liberal Party; Australian Labor Party; Liberal Party; Independent,"O'CONNOR, Cassy; ARCHER, Elise; HADDAD, Ella; OGILVIE, Madeleine; JOHNSTON, Kristie",5,10626,73998,63753,3378,67131,90.72,1254,0,first,,,"CLARK, Chris",Australian Labor Party,Excluded,False,,1597
Clark,https://www.tec.tas.gov.au/house-of-assembly/StateElection2021/results/clark/index.html,https://www.tec.tas.gov.au/house-of-assembly/StateElection2021/results/clark/dist-clark-m.html,"O'CONNOR, Cassy; ARCHER, Elise; HADDAD, Ella; OGILVIE, Madeleine; JOHNSTON, Kristie",Tasmanian Greens; Liberal Party; Australian Labor Party; Liberal Party; Independent,"O'CONNOR, Cassy; ARCHER, Elise; HADDAD, Ella; OGILVIE, Madeleine; JOHNSTON, Kristie",5,10626,73998,63753,3378,67131,90.72,1254,0,first,,,"LENNON, Harvey",Liberal Party,Excluded,False,,1488
Clark,https://www.tec.tas.gov.au/house-of-assembly/StateElection2021/results/clark/index.html,https://www.tec.tas.gov.au/house-of-assembly/StateElection2021/results/clark/dist-clark-m.html,"O'CONNOR, Cassy; ARCHER, Elise; HADDAD, Ella; OGILVIE, Madeleine; JOHNSTON, Kristie",Tasmanian Greens; Liberal Party; Australian Labor Party; Liberal Party; Independent,"O'CONNOR, Cassy; ARCHER, Elise; HADDAD, Ella; OGILVIE, Madeleine; JOHNSTON, Kristie",5,10626,73998,63753,3378,67131,90.72,1254,0,first,,,"BAYLEY, Vica",Tasmanian Greens,Excluded,False,,1372
Clark,https://www.tec.tas.gov.au/house-of-assembly/StateElection2021/results/clark/index.html,https://www.tec.tas.gov.au/house-of-assembly/StateElection2021/results/clark/dist-clark-m.html,"O'CONNOR, Cassy; ARCHER, Elise; HADDAD, Ella; OGILVIE, Madeleine; JOHNSTON, Kristie",Tasmanian Greens; Liberal Party; Australian Labor Party; Liberal Party; Independent,"O'CONNOR, Cassy; ARCHER, Elise; HADDAD, Ella; OGILVIE, Madeleine; JOHNSTON, Kristie",5,10626,73998,63753,3378,67131,90.72,1254,0,first,,,"MITCHELL, Sam",Australian Labor Party,Excluded,False,,1294
Clark,https://www.tec.tas.gov.au/house-of-assembly/StateElection2021/results/clark/index.html,https://www.tec.tas.gov.au/house-of-assembly/StateElection2021/results/clark/dist-clark-m.html,"O'CONNOR, Cassy; ARCHER, Elise; HADDAD, Ella; OGILVIE, Madeleine; JOHNSTON, Kristie",Tasmanian Greens; Liberal Party; Australian Labor Party; Liberal Party; Independent,"O'CONNOR, Cassy; ARCHER, Elise; HADDAD, Ella; OGILVIE, Madeleine; JOHNSTON, Kristie",5,10626,73998,63753,3378,67131,90.72,1254,0,first,,,"CARNES, Deb",Australian Labor Party,Excluded,False,,1191
Clark,https://www.tec.tas.gov.au/house-of-assembly/StateElection2021/results/clark/index.html,https://www.tec.tas.gov.au/house-of-assembly/StateElection2021/results/clark/dist-clark-m.html,"O'CONNOR, Cassy; ARCHER, Elise; HADDAD, Ella; OGILVIE, Madeleine; JOHNSTON, Kristie",Tasmanian Greens; Liberal Party; Australian Labor Party; Liberal Party; Independent,"O'CONNOR, Cassy; ARCHER, Elise; HADDAD, Ella; OGILVIE, Madeleine; JOHNSTON, Kristie",5,10626,73998,63753,3378,67131,90.72,1254,0,first,,,"TAYLOR, Bec",Tasmanian Greens,Excluded,False,,943
Clark,https://www.tec.tas.gov.au/house-of-assembly/StateElection2021/results/clark/index.html,https://www.tec.tas.gov.au/house-of-assembly/StateElection2021/results/clark/dist-clark-m.html,"O'CONNOR, Cassy; ARCHER, Elise; HADDAD, Ella; OGILVIE, Madeleine; JOHNSTON, Kristie",Tasmanian Greens; Liberal Party; Australian Labor Party; Liberal Party; Independent,"O'CONNOR, Cassy; ARCHER, Elise; HADDAD, Ella; OGILVIE, Madeleine; JOHNSTON, Kristie",5,10626,73998,63753,3378,67131,90.72,1254,0,first,,,"WESTCOTT, Tim",Animal Justice Party,Excluded,False,,902
Clark,https://www.tec.tas.gov.au/house-of-assembly/StateElection2021/results/clark/index.html,https://www.tec.tas.gov.au/house-of-assembly/StateElection2021/results/clark/dist-clark-m.html,"O'CONNOR, Cassy; ARCHER, Elise; HADDAD, Ella; OGILVIE, Madeleine; JOHNSTON, Kristie",Tasmanian Greens; Liberal Party; Australian Labor Party; Liberal Party; Independent,"O'CONNOR, Cassy; ARCHER, Elise; HADDAD, Ella; OGILVIE, Madeleine; JOHNSTON, Kristie",5,10626,73998,63753,3378,67131,90.72,1254,0,first,,,"DUTTA, Mike",Independent,Excluded,False,,615
Clark,https://www.tec.tas.gov.au/house-of-assembly/StateElection2021/results/clark/index.html,https://www.tec.tas.gov.au/house-of-assembly/StateElection2021/results/clark/dist-clark-m.html,"O'CONNOR, Cassy; ARCHER, Elise; HADDAD, Ella; OGILVIE, Madeleine; JOHNSTON, Kristie",Tasmanian Greens; Liberal Party; Australian Labor Party; Liberal Party; Independent,"O'CONNOR, Cassy; ARCHER, Elise; HADDAD, Ella; OGILVIE, Madeleine; JOHNSTON, Kristie",5,10626,73998,63753,3378,67131,90.72,1254,0,first,,,"LARGE, Andrew","Shooters, Fishers, Farmers TAS",Excluded,False,,588
Clark,https://www.tec.tas.gov.au/house-of-assembly/StateElection2021/results/clark/index.html,https://www.tec.tas.gov.au/house-of-assembly/StateElection2021/results/clark/dist-clark-m.html,"O'CONNOR, Cassy; ARCHER, Elise; HADDAD, Ella; OGILVIE, Madeleine; JOHNSTON, Kristie",Tasmanian Greens; Liberal Party; Australian Labor Party; Liberal Party; Independent,"O'CONNOR, Cassy; ARCHER, Elise; HADDAD, Ella; OGILVIE, Madeleine; JOHNSTON, Kristie",5,10626,73998,63753,3378,67131,90.72,1254,0,first,,,"SMITH, Tim",Tasmanian Greens,Excluded,False,,546
Clark,https://www.tec.tas.gov.au/house-of-assembly/StateElection2021/results/clark/index.html,https://www.tec.tas.gov.au/house-of-assembly/StateElection2021/results/clark/dist-clark-m.html,"O'CONNOR, Cassy; ARCHER, Elise; HADDAD, Ella; OGILVIE, Madeleine; JOHNSTON, Kristie",Tasmanian Greens; Liberal Party; Australian Labor Party; Liberal Party; Independent,"O'CONNOR, Cassy; ARCHER, Elise; HADDAD, Ella; OGILVIE, Madeleine; JOHNSTON, Kristie",5,10626,73998,63753,3378,67131,90.72,1254,0,first,,,"EWIN, Jax",Independent,Excluded,False,,537
Clark,https://www.tec.tas.gov.au/house-of-assembly/StateElection2021/results/clark/index.html,https://www.tec.tas.gov.au/house-of-assembly/StateElection2021/results/clark/dist-clark-m.html,"O'CONNOR, Cassy; ARCHER, Elise; HADDAD, Ella; OGILVIE, Madeleine; JOHNSTON, Kristie",Tasmanian Greens; Liberal Party; Australian Labor Party; Liberal Party; Independent,"O'CONNOR, Cassy; ARCHER, Elise; HADDAD, Ella; OGILVIE, Madeleine; JOHNSTON, Kristie",5,10626,73998,63753,3378,67131,90.72,1254,0,first,,,"VOLF, Nathan",Tasmanian Greens,Excluded,False,,442
Clark,https://www.tec.tas.gov.au/house-of-assembly/StateElection2021/results/clark/index.html,https://www.tec.tas.gov.au/house-of-assembly/StateElection2021/results/clark/dist-clark-m.html,"O'CONNOR, Cassy; ARCHER, Elise; HADDAD, Ella; OGILVIE, Madeleine; JOHNSTON, Kristie",Tasmanian Greens; Liberal Party; Australian Labor Party; Liberal Party; Independent,"O'CONNOR, Cassy; ARCHER, Elise; HADDAD, Ella; OGILVIE, Madeleine; JOHNSTON, Kristie",5,10626,73998,63753,3378,67131,90.72,1254,0,first,,,"BENNETT, Lorraine","Shooters, Fishers, Farmers TAS",Excluded,False,,310
Clark,https://www.tec.tas.gov.au/house-of-assembly/StateElection2021/results/clark/index.html,https://www.tec.tas.gov.au/house-of-assembly/StateElection2021/results/clark/dist-clark-m.html,"O'CONNOR, Cassy; ARCHER, Elise; HADDAD, Ella; OGILVIE, Madeleine; JOHNSTON, Kristie",Tasmanian Greens; Liberal Party; Australian Labor Party; Liberal Party; Independent,"O'CONNOR, Cassy; ARCHER, Elise; HADDAD, Ella; OGILVIE, Madeleine; JOHNSTON, Kristie",5,10626,73998,63753,3378,67131,90.72,1254,0,first,,,"GERSHWIN, Lisa",Independent,Excluded,False,,260
Clark,https://www.tec.tas.gov.au/house-of-assembly/StateElection2021/results/clark/index.html,https://www.tec.tas.gov.au/house-of-assembly/StateElection2021/results/clark/dist-clark-m.html,"O'CONNOR, Cassy; ARCHER, Elise; HADDAD, Ella; OGILVIE, Madeleine; JOHNSTON, Kristie",Tasmanian Greens; Liberal Party; Australian Labor Party; Liberal Party; Independent,"O'CONNOR, Cassy; ARCHER, Elise; HADDAD, Ella; OGILVIE, Madeleine; JOHNSTON, Kristie",5,10626,73998,63753,3378,67131,90.72,1254,0,first,,,"STRINGER, Justin",Federation Party Tasmania,Excluded,False,,154
Clark,https://www.tec.tas.gov.au/house-of-assembly/StateElection2021/results/clark/index.html,https://www.tec.tas.gov.au/house-of-assembly/StateElection2021/results/clark/dist-clark-m.html,"O'CONNOR, Cassy; ARCHER, Elise; HADDAD, Ella; OGILVIE, Madeleine; JOHNSTON, Kristie",Tasmanian Greens; Liberal Party; Australian Labor Party; Liberal Party; Independent,"O'CONNOR, Cassy; ARCHER, Elise; HADDAD, Ella; OGILVIE, Madeleine; JOHNSTON, Kristie",5,10626,73998,63753,3378,67131,90.72,1254,33,final,,,"ARCHER, Elise",Liberal Party,Elected 2,True,2,10626
Clark,https://www.tec.tas.gov.au/house-of-assembly/StateElection2021/results/clark/index.html,https://www.tec.tas.gov.au/house-of-assembly/StateElection2021/results/clark/dist-clark-m.html,"O'CONNOR, Cassy; ARCHER, Elise; HADDAD, Ella; OGILVIE, Madeleine; JOHNSTON, Kristie",Tasmanian Greens; Liberal Party; Australian Labor Party; Liberal Party; Independent,"O'CONNOR, Cassy; ARCHER, Elise; HADDAD, Ella; OGILVIE, Madeleine; JOHNSTON, Kristie",5,10626,73998,63753,3378,67131,90.72,1254,33,final,,,"HADDAD, Ella",Australian Labor Party,Elected 3,True,3,10626
Clark,https://www.tec.tas.gov.au/house-of-assembly/StateElection2021/results/clark/index.html,https://www.tec.tas.gov.au/house-of-assembly/StateElection2021/results/clark/dist-clark-m.html,"O'CONNOR, Cassy; ARCHER, Elise; HADDAD, Ella; OGILVIE, Madeleine; JOHNSTON, Kristie",Tasmanian Greens; Liberal Party; Australian Labor Party; Liberal Party; Independent,"O'CONNOR, Cassy; ARCHER, Elise; HADDAD, Ella; OGILVIE, Madeleine; JOHNSTON, Kristie",5,10626,73998,63753,3378,67131,90.72,1254,33,final,,,"O'CONNOR, Cassy",Tasmanian Greens,Elected 1,True,1,10626
Clark,https://www.tec.tas.gov.au/house-of-assembly/StateElection2021/results/clark/index.html,https://www.tec.tas.gov.au/house-of-assembly/StateElection2021/results/clark/dist-clark-m.html,"O'CONNOR, Cassy; ARCHER, Elise; HADDAD, Ella; OGILVIE, Madeleine; JOHNSTON, Kristie",Tasmanian Greens; Liberal Party; Australian Labor Party; Liberal Party; Independent,"O'CONNOR, Cassy; ARCHER, Elise; HADDAD, Ella; OGILVIE, Madeleine; JOHNSTON, Kristie",5,10626,73998,63753,3378,67131,90.72,1254,33,final,,,"OGILVIE, Madeleine",Liberal Party,Elected 4,True,4,10145
Clark,https://www.tec.tas.gov.au/house-of-assembly/StateElection2021/results/clark/index.html,https://www.tec.tas.gov.au/house-of-assembly/StateElection2021/results/clark/dist-clark-m.html,"O'CONNOR, Cassy; ARCHER, Elise; HADDAD, Ella; OGILVIE, Madeleine; JOHNSTON, Kristie",Tasmanian Greens; Liberal Party; Australian Labor Party; Liberal Party; Independent,"O'CONNOR, Cassy; ARCHER, Elise; HADDAD, Ella; OGILVIE, Madeleine; JOHNSTON, Kristie",5,10626,73998,63753,3378,67131,90.72,1254,33,final,,,"JOHNSTON, Kristie",Independent,Elected 5,True,5,9970
Clark,https://www.tec.tas.gov.au/house-of-assembly/StateElection2021/results/clark/index.html,https://www.tec.tas.gov.au/house-of-assembly/StateElection2021/results/clark/dist-clark-m.html,"O'CONNOR, Cassy; ARCHER, Elise; HADDAD, Ella; OGILVIE, Madeleine; JOHNSTON, Kristie",Tasmanian Greens; Liberal Party; Australian Labor Party; Liberal Party; Independent,"O'CONNOR, Cassy; ARCHER, Elise; HADDAD, Ella; OGILVIE, Madeleine; JOHNSTON, Kristie",5,10626,73998,63753,3378,67131,90.72,1254,33,final,,,"HICKEY, Sue",Independent,,False,,8716
Clark,https://www.tec.tas.gov.au/house-of-assembly/StateElection2021/results/clark/index.html,https://www.tec.tas.gov.au/house-of-assembly/StateElection2021/results/clark/dist-clark-m.html,"O'CONNOR, Cassy; ARCHER, Elise; HADDAD, Ella; OGILVIE, Madeleine; JOHNSTON, Kristie",Tasmanian Greens; Liberal Party; Australian Labor Party; Liberal Party; Independent,"O'CONNOR, Cassy; ARCHER, Elise; HADDAD, Ella; OGILVIE, Madeleine; JOHNSTON, Kristie",5,10626,73998,63753,3378,67131,90.72,1254,33,final,,,"BAYLEY, Vica",Tasmanian Greens,Excluded,False,,0
Clark,https://www.tec.tas.gov.au/house-of-assembly/StateElection2021/results/clark/index.html,https://www.tec.tas.gov.au/house-of-assembly/StateElection2021/results/clark/dist-clark-m.html,"O'CONNOR, Cassy; ARCHER, Elise; HADDAD, Ella; OGILVIE, Madeleine; JOHNSTON, Kristie",Tasmanian Greens; Liberal Party; Australian Labor Party; Liberal Party; Independent,"O'CONNOR, Cassy; ARCHER, Elise; HADDAD, Ella; OGILVIE, Madeleine; JOHNSTON, Kristie",5,10626,73998,63753,3378,67131,90.72,1254,33,final,,,"BEHRAKIS, Simon",Liberal Party,Excluded,False,,0
Clark,https://www.tec.tas.gov.au/house-of-assembly/StateElection2021/results/clark/index.html,https://www.tec.tas.gov.au/house-of-assembly/StateElection2021/results/clark/dist-clark-m.html,"O'CONNOR, Cassy; ARCHER, Elise; HADDAD, Ella; OGILVIE, Madeleine; JOHNSTON, Kristie",Tasmanian Greens; Liberal Party; Australian Labor Party; Liberal Party; Independent,"O'CONNOR, Cassy; ARCHER, Elise; HADDAD, Ella; OGILVIE, Madeleine; JOHNSTON, Kristie",5,10626,73998,63753,3378,67131,90.72,1254,33,final,,,"BENNETT, Lorraine","Shooters, Fishers, Farmers TAS",Excluded,False,,0
Clark,https://www.tec.tas.gov.au/house-of-assembly/StateElection2021/results/clark/index.html,https://www.tec.tas.gov.au/house-of-assembly/StateElection2021/results/clark/dist-clark-m.html,"O'CONNOR, Cassy; ARCHER, Elise; HADDAD, Ella; OGILVIE, Madeleine; JOHNSTON, Kristie",Tasmanian Greens; Liberal Party; Australian Labor Party; Liberal Party; Independent,"O'CONNOR, Cassy; ARCHER, Elise; HADDAD, Ella; OGILVIE, Madeleine; JOHNSTON, Kristie",5,10626,73998,63753,3378,67131,90.72,1254,33,final,,,"CARNES, Deb",Australian Labor Party,Excluded,False,,0
Clark,https://www.tec.tas.gov.au/house-of-assembly/StateElection2021/results/clark/index.html,https://www.tec.tas.gov.au/house-of-assembly/StateElection2021/results/clark/dist-clark-m.html,"O'CONNOR, Cassy; ARCHER, Elise; HADDAD, Ella; OGILVIE, Madeleine; JOHNSTON, Kristie",Tasmanian Greens; Liberal Party; Australian Labor Party; Liberal Party; Independent,"O'CONNOR, Cassy; ARCHER, Elise; HADDAD, Ella; OGILVIE, Madeleine; JOHNSTON, Kristie",5,10626,73998,63753,3378,67131,90.72,1254,33,final,,,"CLARK, Chris",Australian Labor Party,Excluded,False,,0
Clark,https://www.tec.tas.gov.au/house-of-assembly/StateElection2021/results/clark/index.html,https://www.tec.tas.gov.au/house-of-assembly/StateElection2021/results/clark/dist-clark-m.html,"O'CONNOR, Cassy; ARCHER, Elise; HADDAD, Ella; OGILVIE, Madeleine; JOHNSTON, Kristie",Tasmanian Greens; Liberal Party; Australian Labor Party; Liberal Party; Independent,"O'CONNOR, Cassy; ARCHER, Elise; HADDAD, Ella; OGILVIE, Madeleine; JOHNSTON, Kristie",5,10626,73998,63753,3378,67131,90.72,1254,33,final,,,"COATS, Will",Liberal Party,Excluded,False,,0
Clark,https://www.tec.tas.gov.au/house-of-assembly/StateElection2021/results/clark/index.html,https://www.tec.tas.gov.au/house-of-assembly/StateElection2021/results/clark/dist-clark-m.html,"O'CONNOR, Cassy; ARCHER, Elise; HADDAD, Ella; OGILVIE, Madeleine; JOHNSTON, Kristie",Tasmanian Greens; Liberal Party; Australian Labor Party; Liberal Party; Independent,"O'CONNOR, Cassy; ARCHER, Elise; HADDAD, Ella; OGILVIE, Madeleine; JOHNSTON, Kristie",5,10626,73998,63753,3378,67131,90.72,1254,33,final,,,"DAVIS, Simon",Australian Labor Party,Excluded,False,,0
Clark,https://www.tec.tas.gov.au/house-of-assembly/StateElection2021/results/clark/index.html,https://www.tec.tas.gov.au/house-of-assembly/StateElection2021/results/clark/dist-clark-m.html,"O'CONNOR, Cassy; ARCHER, Elise; HADDAD, Ella; OGILVIE, Madeleine; JOHNSTON, Kristie",Tasmanian Greens; Liberal Party; Australian Labor Party; Liberal Party; Independent,"O'CONNOR, Cassy; ARCHER, Elise; HADDAD, Ella; OGILVIE, Madeleine; JOHNSTON, Kristie",5,10626,73998,63753,3378,67131,90.72,1254,33,final,,,"DUTTA, Mike",Independent,Excluded,False,,0
Clark,https://www.tec.tas.gov.au/house-of-assembly/StateElection2021/results/clark/index.html,https://www.tec.tas.gov.au/house-of-assembly/StateElection2021/results/clark/dist-clark-m.html,"O'CONNOR, Cassy; ARCHER, Elise; HADDAD, Ella; OGILVIE, Madeleine; JOHNSTON, Kristie",Tasmanian Greens; Liberal Party; Australian Labor Party; Liberal Party; Independent,"O'CONNOR, Cassy; ARCHER, Elise; HADDAD, Ella; OGILVIE, Madeleine; JOHNSTON, Kristie",5,10626,73998,63753,3378,67131,90.72,1254,33,final,,,"EWIN, Jax",Independent,Excluded,False,,0
Clark,https://www.tec.tas.gov.au/house-of-assembly/StateElection2021/results/clark/index.html,https://www.tec.tas.gov.au/house-of-assembly/StateElection2021/results/clark/dist-clark-m.html,"O'CONNOR, Cassy; ARCHER, Elise; HADDAD, Ella; OGILVIE, Madeleine; JOHNSTON, Kristie",Tasmanian Greens; Liberal Party; Australian Labor Party; Liberal Party; Independent,"O'CONNOR, Cassy; ARCHER, Elise; HADDAD, Ella; OGILVIE, Madeleine; JOHNSTON, Kristie",5,10626,73998,63753,3378,67131,90.72,1254,33,final,,,"GERSHWIN, Lisa",Independent,Excluded,False,,0
Clark,https://www.tec.tas.gov.au/house-of-assembly/StateElection2021/results/clark/index.html,https://www.tec.tas.gov.au/house-of-assembly/StateElection2021/results/clark/dist-clark-m.html,"O'CONNOR, Cassy; ARCHER, Elise; HADDAD, Ella; OGILVIE, Madeleine; JOHNSTON, Kristie",Tasmanian Greens; Liberal Party; Australian Labor Party; Liberal Party; Independent,"O'CONNOR, Cassy; ARCHER, Elise; HADDAD, Ella; OGILVIE, Madeleine; JOHNSTON, Kristie",5,10626,73998,63753,3378,67131,90.72,1254,33,final,,,"LARGE, Andrew","Shooters, Fishers, Farmers TAS",Excluded,False,,0
Clark,https://www.tec.tas.gov.au/house-of-assembly/StateElection2021/results/clark/index.html,https://www.tec.tas.gov.au/house-of-assembly/StateElection2021/results/clark/dist-clark-m.html,"O'CONNOR, Cassy; ARCHER, Elise; HADDAD, Ella; OGILVIE, Madeleine; JOHNSTON, Kristie",Tasmanian Greens; Liberal Party; Australian Labor Party; Liberal Party; Independent,"O'CONNOR, Cassy; ARCHER, Elise; HADDAD, Ella; OGILVIE, Madeleine; JOHNSTON, Kristie",5,10626,73998,63753,3378,67131,90.72,1254,33,final,,,"LENNON, Harvey",Liberal Party,Excluded,False,,0
Clark,https://www.tec.tas.gov.au/house-of-assembly/StateElection2021/results/clark/index.html,https://www.tec.tas.gov.au/house-of-assembly/StateElection2021/results/clark/dist-clark-m.html,"O'CONNOR, Cassy; ARCHER, Elise; HADDAD, Ella; OGILVIE, Madeleine; JOHNSTON, Kristie",Tasmanian Greens; Liberal Party; Australian Labor Party; Liberal Party; Independent,"O'CONNOR, Cassy; ARCHER, Elise; HADDAD, Ella; OGILVIE, Madeleine; JOHNSTON, Kristie",5,10626,73998,63753,3378,67131,90.72,1254,33,final,,,"MITCHELL, Sam",Australian Labor Party,Excluded,False,,0
Clark,https://www.tec.tas.gov.au/house-of-assembly/StateElection2021/results/clark/index.html,https://www.tec.tas.gov.au/house-of-assembly/StateElection2021/results/clark/dist-clark-m.html,"O'CONNOR, Cassy; ARCHER, Elise; HADDAD, Ella; OGILVIE, Madeleine; JOHNSTON, Kristie",Tasmanian Greens; Liberal Party; Australian Labor Party; Liberal Party; Independent,"O'CONNOR, Cassy; ARCHER, Elise; HADDAD, Ella; OGILVIE, Madeleine; JOHNSTON, Kristie",5,10626,73998,63753,3378,67131,90.72,1254,33,final,,,"SMITH, Tim",Tasmanian Greens,Excluded,False,,0
Clark,https://www.tec.tas.gov.au/house-of-assembly/StateElection2021/results/clark/index.html,https://www.tec.tas.gov.au/house-of-assembly/StateElection2021/results/clark/dist-clark-m.html,"O'CONNOR, Cassy; ARCHER, Elise; HADDAD, Ella; OGILVIE, Madeleine; JOHNSTON, Kristie",Tasmanian Greens; Liberal Party; Australian Labor Party; Liberal Party; Independent,"O'CONNOR, Cassy; ARCHER, Elise; HADDAD, Ella; OGILVIE, Madeleine; JOHNSTON, Kristie",5,10626,73998,63753,3378,67131,90.72,1254,33,final,,,"STRINGER, Justin",Federation Party Tasmania,Excluded,False,,0
Clark,https://www.tec.tas.gov.au/house-of-assembly/StateElection2021/results/clark/index.html,https://www.tec.tas.gov.au/house-of-assembly/StateElection2021/results/clark/dist-clark-m.html,"O'CONNOR, Cassy; ARCHER, Elise; HADDAD, Ella; OGILVIE, Madeleine; JOHNSTON, Kristie",Tasmanian Greens; Liberal Party; Australian Labor Party; Liberal Party; Independent,"O'CONNOR, Cassy; ARCHER, Elise; HADDAD, Ella; OGILVIE, Madeleine; JOHNSTON, Kristie",5,10626,73998,63753,3378,67131,90.72,1254,33,final,,,"TAYLOR, Bec",Tasmanian Greens,Excluded,False,,0
Clark,https://www.tec.tas.gov.au/house-of-assembly/StateElection2021/results/clark/index.html,https://www.tec.tas.gov.au/house-of-assembly/StateElection2021/results/clark/dist-clark-m.html,"O'CONNOR, Cassy; ARCHER, Elise; HADDAD, Ella; OGILVIE, Madeleine; JOHNSTON, Kristie",Tasmanian Greens; Liberal Party; Australian Labor Party; Liberal Party; Independent,"O'CONNOR, Cassy; ARCHER, Elise; HADDAD, Ella; OGILVIE, Madeleine; JOHNSTON, Kristie",5,10626,73998,63753,3378,67131,90.72,1254,33,final,,,"VOLF, Nathan",Tasmanian Greens,Excluded,False,,0
Clark,https://www.tec.tas.gov.au/house-of-assembly/StateElection2021/results/clark/index.html,https://www.tec.tas.gov.au/house-of-assembly/StateElection2021/results/clark/dist-clark-m.html,"O'CONNOR, Cassy; ARCHER, Elise; HADDAD, Ella; OGILVIE, Madeleine; JOHNSTON, Kristie",Tasmanian Greens; Liberal Party; Australian Labor Party; Liberal Party; Independent,"O'CONNOR, Cassy; ARCHER, Elise; HADDAD, Ella; OGILVIE, Madeleine; JOHNSTON, Kristie",5,10626,73998,63753,3378,67131,90.72,1254,33,final,,,"WESTCOTT, Tim",Animal Justice Party,Excluded,False,,0
Franklin,https://www.tec.tas.gov.au/house-of-assembly/StateElection2021/results/franklin/index.html,https://www.tec.tas.gov.au/house-of-assembly/StateElection2021/results/franklin/dist-franklin-m.html,"PETRUSMA, Jacquie; WOODRUFF, Rosalie; WINTER, Dean; O'BYRNE, David; STREET, Nic",Liberal Party; Tasmanian Greens; Australian Labor Party; Australian Labor Party; Liberal Party,"PETRUSMA, Jacquie; WOODRUFF, Rosalie; WINTER, Dean; O'BYRNE, David; STREET, Nic",5,11544,78130,69258,3031,72289,92.52,4165,0,first,,,"PETRUSMA, Jacquie",Liberal Party,Elected 1,True,1,14550
Franklin,https://www.tec.tas.gov.au/house-of-assembly/StateElection2021/results/franklin/index.html,https://www.tec.tas.gov.au/house-of-assembly/StateElection2021/results/franklin/dist-franklin-m.html,"PETRUSMA, Jacquie; WOODRUFF, Rosalie; WINTER, Dean; O'BYRNE, David; STREET, Nic",Liberal Party; Tasmanian Greens; Australian Labor Party; Australian Labor Party; Liberal Party,"PETRUSMA, Jacquie; WOODRUFF, Rosalie; WINTER, Dean; O'BYRNE, David; STREET, Nic",5,11544,78130,69258,3031,72289,92.52,4165,0,first,,,"WOODRUFF, Rosalie",Tasmanian Greens,Elected 2,True,2,10161
Franklin,https://www.tec.tas.gov.au/house-of-assembly/StateElection2021/results/franklin/index.html,https://www.tec.tas.gov.au/house-of-assembly/StateElection2021/results/franklin/dist-franklin-m.html,"PETRUSMA, Jacquie; WOODRUFF, Rosalie; WINTER, Dean; O'BYRNE, David; STREET, Nic",Liberal Party; Tasmanian Greens; Australian Labor Party; Australian Labor Party; Liberal Party,"PETRUSMA, Jacquie; WOODRUFF, Rosalie; WINTER, Dean; O'BYRNE, David; STREET, Nic",5,11544,78130,69258,3031,72289,92.52,4165,0,first,,,"WINTER, Dean",Australian Labor Party,Elected 3,True,3,7859
Franklin,https://www.tec.tas.gov.au/house-of-assembly/StateElection2021/results/franklin/index.html,https://www.tec.tas.gov.au/house-of-assembly/StateElection2021/results/franklin/dist-franklin-m.html,"PETRUSMA, Jacquie; WOODRUFF, Rosalie; WINTER, Dean; O'BYRNE, David; STREET, Nic",Liberal Party; Tasmanian Greens; Australian Labor Party; Australian Labor Party; Liberal Party,"PETRUSMA, Jacquie; WOODRUFF, Rosalie; WINTER, Dean; O'BYRNE, David; STREET, Nic",5,11544,78130,69258,3031,72289,92.52,4165,0,first,,,"O'BYRNE, David",Australian Labor Party,Elected 4,True,4,7538
Franklin,https://www.tec.tas.gov.au/house-of-assembly/StateElection2021/results/franklin/index.html,https://www.tec.tas.gov.au/house-of-assembly/StateElection2021/results/franklin/dist-franklin-m.html,"PETRUSMA, Jacquie; WOODRUFF, Rosalie; WINTER, Dean; O'BYRNE, David; STREET, Nic",Liberal Party; Tasmanian Greens; Australian Labor Party; Australian Labor Party; Liberal Party,"PETRUSMA, Jacquie; WOODRUFF, Rosalie; WINTER, Dean; O'BYRNE, David; STREET, Nic",5,11544,78130,69258,3031,72289,92.52,4165,0,first,,,"STREET, Nic",Liberal Party,Elected 5,True,5,5783
Franklin,https://www.tec.tas.gov.au/house-of-assembly/StateElection2021/results/franklin/index.html,https://www.tec.tas.gov.au/house-of-assembly/StateElection2021/results/franklin/dist-franklin-m.html,"PETRUSMA, Jacquie; WOODRUFF, Rosalie; WINTER, Dean; O'BYRNE, David; STREET, Nic",Liberal Party; Tasmanian Greens; Australian Labor Party; Australian Labor Party; Liberal Party,"PETRUSMA, Jacquie; WOODRUFF, Rosalie; WINTER, Dean; O'BYRNE, David; STREET, Nic",5,11544,78130,69258,3031,72289,92.52,4165,0,first,,,"ENDERS, Bec",Liberal Party,,False,,3271
Franklin,https://www.tec.tas.gov.au/house-of-assembly/StateElection2021/results/franklin/index.html,https://www.tec.tas.gov.au/house-of-assembly/StateElection2021/results/franklin/dist-franklin-m.html,"PETRUSMA, Jacquie; WOODRUFF, Rosalie; WINTER, Dean; O'BYRNE, David; STREET, Nic",Liberal Party; Tasmanian Greens; Australian Labor Party; Australian Labor Party; Liberal Party,"PETRUSMA, Jacquie; WOODRUFF, Rosalie; WINTER, Dean; O'BYRNE, David; STREET, Nic",5,11544,78130,69258,3031,72289,92.52,4165,0,first,,,"YOUNG, Dean",Liberal Party,Excluded,False,,3196
Franklin,https://www.tec.tas.gov.au/house-of-assembly/StateElection2021/results/franklin/index.html,https://www.tec.tas.gov.au/house-of-assembly/StateElection2021/results/franklin/dist-franklin-m.html,"PETRUSMA, Jacquie; WOODRUFF, Rosalie; WINTER, Dean; O'BYRNE, David; STREET, Nic",Liberal Party; Tasmanian Greens; Australian Labor Party; Australian Labor Party; Liberal Party,"PETRUSMA, Jacquie; WOODRUFF, Rosalie; WINTER, Dean; O'BYRNE, David; STREET, Nic",5,11544,78130,69258,3031,72289,92.52,4165,0,first,,,"STANDEN, Alison",Australian Labor Party,Excluded,False,,3107
Franklin,https://www.tec.tas.gov.au/house-of-assembly/StateElection2021/results/franklin/index.html,https://www.tec.tas.gov.au/house-of-assembly/StateElection2021/results/franklin/dist-franklin-m.html,"PETRUSMA, Jacquie; WOODRUFF, Rosalie; WINTER, Dean; O'BYRNE, David; STREET, Nic",Liberal Party; Tasmanian Greens; Australian Labor Party; Australian Labor Party; Liberal Party,"PETRUSMA, Jacquie; WOODRUFF, Rosalie; WINTER, Dean; O'BYRNE, David; STREET, Nic",5,11544,78130,69258,3031,72289,92.52,4165,0,first,,,"WALKER, James",Liberal Party,Excluded,False,,2468
Franklin,https://www.tec.tas.gov.au/house-of-assembly/StateElection2021/results/franklin/index.html,https://www.tec.tas.gov.au/house-of-assembly/StateElection2021/results/franklin/dist-franklin-m.html,"PETRUSMA, Jacquie; WOODRUFF, Rosalie; WINTER, Dean; O'BYRNE, David; STREET, Nic",Liberal Party; Tasmanian Greens; Australian Labor Party; Australian Labor Party; Liberal Party,"PETRUSMA, Jacquie; WOODRUFF, Rosalie; WINTER, Dean; O'BYRNE, David; STREET, Nic",5,11544,78130,69258,3031,72289,92.52,4165,0,first,,,"BRUMBY, Amy",Australian Labor Party,Excluded,False,,2020
Franklin,https://www.tec.tas.gov.au/house-of-assembly/StateElection2021/results/franklin/index.html,https://www.tec.tas.gov.au/house-of-assembly/StateElection2021/results/franklin/dist-franklin-m.html,"PETRUSMA, Jacquie; WOODRUFF, Rosalie; WINTER, Dean; O'BYRNE, David; STREET, Nic",Liberal Party; Tasmanian Greens; Australian Labor Party; Australian Labor Party; Liberal Party,"PETRUSMA, Jacquie; WOODRUFF, Rosalie; WINTER, Dean; O'BYRNE, David; STREET, Nic",5,11544,78130,69258,3031,72289,92.52,4165,0,first,,,"THORPE, Toby",Australian Labor Party,Excluded,False,,1753
Franklin,https://www.tec.tas.gov.au/house-of-assembly/StateElection2021/results/franklin/index.html,https://www.tec.tas.gov.au/house-of-assembly/StateElection2021/results/franklin/dist-franklin-m.html,"PETRUSMA, Jacquie; WOODRUFF, Rosalie; WINTER, Dean; O'BYRNE, David; STREET, Nic",Liberal Party; Tasmanian Greens; Australian Labor Party; Australian Labor Party; Liberal Party,"PETRUSMA, Jacquie; WOODRUFF, Rosalie; WINTER, Dean; O'BYRNE, David; STREET, Nic",5,11544,78130,69258,3031,72289,92.52,4165,0,first,,,"TANNER, Mark",Animal Justice Party,Excluded,False,,1227
Franklin,https://www.tec.tas.gov.au/house-of-assembly/StateElection2021/results/franklin/index.html,https://www.tec.tas.gov.au/house-of-assembly/StateElection2021/results/franklin/dist-franklin-m.html,"PETRUSMA, Jacquie; WOODRUFF, Rosalie; WINTER, Dean; O'BYRNE, David; STREET, Nic",Liberal Party; Tasmanian Greens; Australian Labor Party; Australian Labor Party; Liberal Party,"PETRUSMA, Jacquie; WOODRUFF, Rosalie; WINTER, Dean; O'BYRNE, David; STREET, Nic",5,11544,78130,69258,3031,72289,92.52,4165,0,first,,,"VERRIER, Bridget",Tasmanian Greens,Excluded,False,,939
Franklin,https://www.tec.tas.gov.au/house-of-assembly/StateElection2021/results/franklin/index.html,https://www.tec.tas.gov.au/house-of-assembly/StateElection2021/results/franklin/dist-franklin-m.html,"PETRUSMA, Jacquie; WOODRUFF, Rosalie; WINTER, Dean; O'BYRNE, David; STREET, Nic",Liberal Party; Tasmanian Greens; Australian Labor Party; Australian Labor Party; Liberal Party,"PETRUSMA, Jacquie; WOODRUFF, Rosalie; WINTER, Dean; O'BYRNE, David; STREET, Nic",5,11544,78130,69258,3031,72289,92.52,4165,0,first,,,"BROADBY, Shane","Shooters, Fishers, Farmers TAS",Excluded,False,,788
Franklin,https://www.tec.tas.gov.au/house-of-assembly/StateElection2021/results/franklin/index.html,https://www.tec.tas.gov.au/house-of-assembly/StateElection2021/results/franklin/dist-franklin-m.html,"PETRUSMA, Jacquie; WOODRUFF, Rosalie; WINTER, Dean; O'BYRNE, David; STREET, Nic",Liberal Party; Tasmanian Greens; Australian Labor Party; Australian Labor Party; Liberal Party,"PETRUSMA, Jacquie; WOODRUFF, Rosalie; WINTER, Dean; O'BYRNE, David; STREET, Nic",5,11544,78130,69258,3031,72289,92.52,4165,0,first,,,"HARRISON, Phoenix",Tasmanian Greens,Excluded,False,,745
Franklin,https://www.tec.tas.gov.au/house-of-assembly/StateElection2021/results/franklin/index.html,https://www.tec.tas.gov.au/house-of-assembly/StateElection2021/results/franklin/dist-franklin-m.html,"PETRUSMA, Jacquie; WOODRUFF, Rosalie; WINTER, Dean; O'BYRNE, David; STREET, Nic",Liberal Party; Tasmanian Greens; Australian Labor Party; Australian Labor Party; Liberal Party,"PETRUSMA, Jacquie; WOODRUFF, Rosalie; WINTER, Dean; O'BYRNE, David; STREET, Nic",5,11544,78130,69258,3031,72289,92.52,4165,0,first,,,"CANGELOSI, Fabiano",Australian Labor Party,Excluded,False,,724
Franklin,https://www.tec.tas.gov.au/house-of-assembly/StateElection2021/results/franklin/index.html,https://www.tec.tas.gov.au/house-of-assembly/StateElection2021/results/franklin/dist-franklin-m.html,"PETRUSMA, Jacquie; WOODRUFF, Rosalie; WINTER, Dean; O'BYRNE, David; STREET, Nic",Liberal Party; Tasmanian Greens; Australian Labor Party; Australian Labor Party; Liberal Party,"PETRUSMA, Jacquie; WOODRUFF, Rosalie; WINTER, Dean; O'BYRNE, David; STREET, Nic",5,11544,78130,69258,3031,72289,92.52,4165,0,first,,,"DARKO, Kit",Tasmanian Greens,Excluded,False,,671
Franklin,https://www.tec.tas.gov.au/house-of-assembly/StateElection2021/results/franklin/index.html,https://www.tec.tas.gov.au/house-of-assembly/StateElection2021/results/franklin/dist-franklin-m.html,"PETRUSMA, Jacquie; WOODRUFF, Rosalie; WINTER, Dean; O'BYRNE, David; STREET, Nic",Liberal Party; Tasmanian Greens; Australian Labor Party; Australian Labor Party; Liberal Party,"PETRUSMA, Jacquie; WOODRUFF, Rosalie; WINTER, Dean; O'BYRNE, David; STREET, Nic",5,11544,78130,69258,3031,72289,92.52,4165,0,first,,,"BYFIELD, Rebecca","Shooters, Fishers, Farmers TAS",Excluded,False,,627
Franklin,https://www.tec.tas.gov.au/house-of-assembly/StateElection2021/results/franklin/index.html,https://www.tec.tas.gov.au/house-of-assembly/StateElection2021/results/franklin/dist-franklin-m.html,"PETRUSMA, Jacquie; WOODRUFF, Rosalie; WINTER, Dean; O'BYRNE, David; STREET, Nic",Liberal Party; Tasmanian Greens; Australian Labor Party; Australian Labor Party; Liberal Party,"PETRUSMA, Jacquie; WOODRUFF, Rosalie; WINTER, Dean; O'BYRNE, David; STREET, Nic",5,11544,78130,69258,3031,72289,92.52,4165,0,first,,,"CORDOVER, Gideon",Tasmanian Greens,Excluded,False,,606
Franklin,https://www.tec.tas.gov.au/house-of-assembly/StateElection2021/results/franklin/index.html,https://www.tec.tas.gov.au/house-of-assembly/StateElection2021/results/franklin/dist-franklin-m.html,"PETRUSMA, Jacquie; WOODRUFF, Rosalie; WINTER, Dean; O'BYRNE, David; STREET, Nic",Liberal Party; Tasmanian Greens; Australian Labor Party; Australian Labor Party; Liberal Party,"PETRUSMA, Jacquie; WOODRUFF, Rosalie; WINTER, Dean; O'BYRNE, David; STREET, Nic",5,11544,78130,69258,3031,72289,92.52,4165,0,first,,,"CAIRNS, Robert","Shooters, Fishers, Farmers TAS",Excluded,False,,594
Franklin,https://www.tec.tas.gov.au/house-of-assembly/StateElection2021/results/franklin/index.html,https://www.tec.tas.gov.au/house-of-assembly/StateElection2021/results/franklin/dist-franklin-m.html,"PETRUSMA, Jacquie; WOODRUFF, Rosalie; WINTER, Dean; O'BYRNE, David; STREET, Nic",Liberal Party; Tasmanian Greens; Australian Labor Party; Australian Labor Party; Liberal Party,"PETRUSMA, Jacquie; WOODRUFF, Rosalie; WINTER, Dean; O'BYRNE, David; STREET, Nic",5,11544,78130,69258,3031,72289,92.52,4165,0,first,,,"FLANNERY, Francis",Independent,Excluded,False,,379
Franklin,https://www.tec.tas.gov.au/house-of-assembly/StateElection2021/results/franklin/index.html,https://www.tec.tas.gov.au/house-of-assembly/StateElection2021/results/franklin/dist-franklin-m.html,"PETRUSMA, Jacquie; WOODRUFF, Rosalie; WINTER, Dean; O'BYRNE, David; STREET, Nic",Liberal Party; Tasmanian Greens; Australian Labor Party; Australian Labor Party; Liberal Party,"PETRUSMA, Jacquie; WOODRUFF, Rosalie; WINTER, Dean; O'BYRNE, David; STREET, Nic",5,11544,78130,69258,3031,72289,92.52,4165,0,first,,,"SPILIOPOULOS, George",Independent,Excluded,False,,252
Franklin,https://www.tec.tas.gov.au/house-of-assembly/StateElection2021/results/franklin/index.html,https://www.tec.tas.gov.au/house-of-assembly/StateElection2021/results/franklin/dist-franklin-m.html,"PETRUSMA, Jacquie; WOODRUFF, Rosalie; WINTER, Dean; O'BYRNE, David; STREET, Nic",Liberal Party; Tasmanian Greens; Australian Labor Party; Australian Labor Party; Liberal Party,"PETRUSMA, Jacquie; WOODRUFF, Rosalie; WINTER, Dean; O'BYRNE, David; STREET, Nic",5,11544,78130,69258,3031,72289,92.52,4165,40,final,,,"WINTER, Dean",Australian Labor Party,Elected 3,True,3,12891
Franklin,https://www.tec.tas.gov.au/house-of-assembly/StateElection2021/results/franklin/index.html,https://www.tec.tas.gov.au/house-of-assembly/StateElection2021/results/franklin/dist-franklin-m.html,"PETRUSMA, Jacquie; WOODRUFF, Rosalie; WINTER, Dean; O'BYRNE, David; STREET, Nic",Liberal Party; Tasmanian Greens; Australian Labor Party; Australian Labor Party; Liberal Party,"PETRUSMA, Jacquie; WOODRUFF, Rosalie; WINTER, Dean; O'BYRNE, David; STREET, Nic",5,11544,78130,69258,3031,72289,92.52,4165,40,final,,,"O'BYRNE, David",Australian Labor Party,Elected 4,True,4,12600
Franklin,https://www.tec.tas.gov.au/house-of-assembly/StateElection2021/results/franklin/index.html,https://www.tec.tas.gov.au/house-of-assembly/StateElection2021/results/franklin/dist-franklin-m.html,"PETRUSMA, Jacquie; WOODRUFF, Rosalie; WINTER, Dean; O'BYRNE, David; STREET, Nic",Liberal Party; Tasmanian Greens; Australian Labor Party; Australian Labor Party; Liberal Party,"PETRUSMA, Jacquie; WOODRUFF, Rosalie; WINTER, Dean; O'BYRNE, David; STREET, Nic",5,11544,78130,69258,3031,72289,92.52,4165,40,final,,,"STREET, Nic",Liberal Party,Elected 5,True,5,11548
Franklin,https://www.tec.tas.gov.au/house-of-assembly/StateElection2021/results/franklin/index.html,https://www.tec.tas.gov.au/house-of-assembly/StateElection2021/results/franklin/dist-franklin-m.html,"PETRUSMA, Jacquie; WOODRUFF, Rosalie; WINTER, Dean; O'BYRNE, David; STREET, Nic",Liberal Party; Tasmanian Greens; Australian Labor Party; Australian Labor Party; Liberal Party,"PETRUSMA, Jacquie; WOODRUFF, Rosalie; WINTER, Dean; O'BYRNE, David; STREET, Nic",5,11544,78130,69258,3031,72289,92.52,4165,40,final,,,"PETRUSMA, Jacquie",Liberal Party,Elected 1,True,1,11544
Franklin,https://www.tec.tas.gov.au/house-of-assembly/StateElection2021/results/franklin/index.html,https://www.tec.tas.gov.au/house-of-assembly/StateElection2021/results/franklin/dist-franklin-m.html,"PETRUSMA, Jacquie; WOODRUFF, Rosalie; WINTER, Dean; O'BYRNE, David; STREET, Nic",Liberal Party; Tasmanian Greens; Australian Labor Party; Australian Labor Party; Liberal Party,"PETRUSMA, Jacquie; WOODRUFF, Rosalie; WINTER, Dean; O'BYRNE, David; STREET, Nic",5,11544,78130,69258,3031,72289,92.52,4165,40,final,,,"WOODRUFF, Rosalie",Tasmanian Greens,Elected 2,True,2,11544
Franklin,https://www.tec.tas.gov.au/house-of-assembly/StateElection2021/results/franklin/index.html,https://www.tec.tas.gov.au/house-of-assembly/StateElection2021/results/franklin/dist-franklin-m.html,"PETRUSMA, Jacquie; WOODRUFF, Rosalie; WINTER, Dean; O'BYRNE, David; STREET, Nic",Liberal Party; Tasmanian Greens; Australian Labor Party; Australian Labor Party; Liberal Party,"PETRUSMA, Jacquie; WOODRUFF, Rosalie; WINTER, Dean; O'BYRNE, David; STREET, Nic",5,11544,78130,69258,3031,72289,92.52,4165,40,final,,,"ENDERS, Bec",Liberal Party,,False,,7379
Franklin,https://www.tec.tas.gov.au/house-of-assembly/StateElection2021/results/franklin/index.html,https://www.tec.tas.gov.au/house-of-assembly/StateElection2021/results/franklin/dist-franklin-m.html,"PETRUSMA, Jacquie; WOODRUFF, Rosalie; WINTER, Dean; O'BYRNE, David; STREET, Nic",Liberal Party; Tasmanian Greens; Australian Labor Party; Australian Labor Party; Liberal Party,"PETRUSMA, Jacquie; WOODRUFF, Rosalie; WINTER, Dean; O'BYRNE, David; STREET, Nic",5,11544,78130,69258,3031,72289,92.52,4165,40,final,,,"STANDEN, Alison",Australian Labor Party,Excluded,False,,60
Franklin,https://www.tec.tas.gov.au/house-of-assembly/StateElection2021/results/franklin/index.html,https://www.tec.tas.gov.au/house-of-assembly/StateElection2021/results/franklin/dist-franklin-m.html,"PETRUSMA, Jacquie; WOODRUFF, Rosalie; WINTER, Dean; O'BYRNE, David; STREET, Nic",Liberal Party; Tasmanian Greens; Australian Labor Party; Australian Labor Party; Liberal Party,"PETRUSMA, Jacquie; WOODRUFF, Rosalie; WINTER, Dean; O'BYRNE, David; STREET, Nic",5,11544,78130,69258,3031,72289,92.52,4165,40,final,,,"BROADBY, Shane","Shooters, Fishers, Farmers TAS",Excluded,False,,0
Franklin,https://www.tec.tas.gov.au/house-of-assembly/StateElection2021/results/franklin/index.html,https://www.tec.tas.gov.au/house-of-assembly/StateElection2021/results/franklin/dist-franklin-m.html,"PETRUSMA, Jacquie; WOODRUFF, Rosalie; WINTER, Dean; O'BYRNE, David; STREET, Nic",Liberal Party; Tasmanian Greens; Australian Labor Party; Australian Labor Party; Liberal Party,"PETRUSMA, Jacquie; WOODRUFF, Rosalie; WINTER, Dean; O'BYRNE, David; STREET, Nic",5,11544,78130,69258,3031,72289,92.52,4165,40,final,,,"BRUMBY, Amy",Australian Labor Party,Excluded,False,,0
Franklin,https://www.tec.tas.gov.au/house-of-assembly/StateElection2021/results/franklin/index.html,https://www.tec.tas.gov.au/house-of-assembly/StateElection2021/results/franklin/dist-franklin-m.html,"PETRUSMA, Jacquie; WOODRUFF, Rosalie; WINTER, Dean; O'BYRNE, David; STREET, Nic",Liberal Party; Tasmanian Greens; Australian Labor Party; Australian Labor Party; Liberal Party,"PETRUSMA, Jacquie; WOODRUFF, Rosalie; WINTER, Dean; O'BYRNE, David; STREET, Nic",5,11544,78130,69258,3031,72289,92.52,4165,40,final,,,"BYFIELD, Rebecca","Shooters, Fishers, Farmers TAS",Excluded,False,,0
Franklin,https://www.tec.tas.gov.au/house-of-assembly/StateElection2021/results/franklin/index.html,https://www.tec.tas.gov.au/house-of-assembly/StateElection2021/results/franklin/dist-franklin-m.html,"PETRUSMA, Jacquie; WOODRUFF, Rosalie; WINTER, Dean; O'BYRNE, David; STREET, Nic",Liberal Party; Tasmanian Greens; Australian Labor Party; Australian Labor Party; Liberal Party,"PETRUSMA, Jacquie; WOODRUFF, Rosalie; WINTER, Dean; O'BYRNE, David; STREET, Nic",5,11544,78130,69258,3031,72289,92.52,4165,40,final,,,"CAIRNS, Robert","Shooters, Fishers, Farmers TAS",Excluded,False,,0
Franklin,https://www.tec.tas.gov.au/house-of-assembly/StateElection2021/results/franklin/index.html,https://www.tec.tas.gov.au/house-of-assembly/StateElection2021/results/franklin/dist-franklin-m.html,"PETRUSMA, Jacquie; WOODRUFF, Rosalie; WINTER, Dean; O'BYRNE, David; STREET, Nic",Liberal Party; Tasmanian Greens; Australian Labor Party; Australian Labor Party; Liberal Party,"PETRUSMA, Jacquie; WOODRUFF, Rosalie; WINTER, Dean; O'BYRNE, David; STREET, Nic",5,11544,78130,69258,3031,72289,92.52,4165,40,final,,,"CANGELOSI, Fabiano",Australian Labor Party,Excluded,False,,0
Franklin,https://www.tec.tas.gov.au/house-of-assembly/StateElection2021/results/franklin/index.html,https://www.tec.tas.gov.au/house-of-assembly/StateElection2021/results/franklin/dist-franklin-m.html,"PETRUSMA, Jacquie; WOODRUFF, Rosalie; WINTER, Dean; O'BYRNE, David; STREET, Nic",Liberal Party; Tasmanian Greens; Australian Labor Party; Australian Labor Party; Liberal Party,"PETRUSMA, Jacquie; WOODRUFF, Rosalie; WINTER, Dean; O'BYRNE, David; STREET, Nic",5,11544,78130,69258,3031,72289,92.52,4165,40,final,,,"CORDOVER, Gideon",Tasmanian Greens,Excluded,False,,0
Franklin,https://www.tec.tas.gov.au/house-of-assembly/StateElection2021/results/franklin/index.html,https://www.tec.tas.gov.au/house-of-assembly/StateElection2021/results/franklin/dist-franklin-m.html,"PETRUSMA, Jacquie; WOODRUFF, Rosalie; WINTER, Dean; O'BYRNE, David; STREET, Nic",Liberal Party; Tasmanian Greens; Australian Labor Party; Australian Labor Party; Liberal Party,"PETRUSMA, Jacquie; WOODRUFF, Rosalie; WINTER, Dean; O'BYRNE, David; STREET, Nic",5,11544,78130,69258,3031,72289,92.52,4165,40,final,,,"DARKO, Kit",Tasmanian Greens,Excluded,False,,0
Franklin,https://www.tec.tas.gov.au/house-of-assembly/StateElection2021/results/franklin/index.html,https://www.tec.tas.gov.au/house-of-assembly/StateElection2021/results/franklin/dist-franklin-m.html,"PETRUSMA, Jacquie; WOODRUFF, Rosalie; WINTER, Dean; O'BYRNE, David; STREET, Nic",Liberal Party; Tasmanian Greens; Australian Labor Party; Australian Labor Party; Liberal Party,"PETRUSMA, Jacquie; WOODRUFF, Rosalie; WINTER, Dean; O'BYRNE, David; STREET, Nic",5,11544,78130,69258,3031,72289,92.52,4165,40,final,,,"FLANNERY, Francis",Independent,Excluded,False,,0
Franklin,https://www.tec.tas.gov.au/house-of-assembly/StateElection2021/results/franklin/index.html,https://www.tec.tas.gov.au/house-of-assembly/StateElection2021/results/franklin/dist-franklin-m.html,"PETRUSMA, Jacquie; WOODRUFF, Rosalie; WINTER, Dean; O'BYRNE, David; STREET, Nic",Liberal Party; Tasmanian Greens; Australian Labor Party; Australian Labor Party; Liberal Party,"PETRUSMA, Jacquie; WOODRUFF, Rosalie; WINTER, Dean; O'BYRNE, David; STREET, Nic",5,11544,78130,69258,3031,72289,92.52,4165,40,final,,,"HARRISON, Phoenix",Tasmanian Greens,Excluded,False,,0
Franklin,https://www.tec.tas.gov.au/house-of-assembly/StateElection2021/results/franklin/index.html,https://www.tec.tas.gov.au/house-of-assembly/StateElection2021/results/franklin/dist-franklin-m.html,"PETRUSMA, Jacquie; WOODRUFF, Rosalie; WINTER, Dean; O'BYRNE, David; STREET, Nic",Liberal Party; Tasmanian Greens; Australian Labor Party; Australian Labor Party; Liberal Party,"PETRUSMA, Jacquie; WOODRUFF, Rosalie; WINTER, Dean; O'BYRNE, David; STREET, Nic",5,11544,78130,69258,3031,72289,92.52,4165,40,final,,,"SPILIOPOULOS, George",Independent,Excluded,False,,0
Franklin,https://www.tec.tas.gov.au/house-of-assembly/StateElection2021/results/franklin/index.html,https://www.tec.tas.gov.au/house-of-assembly/StateElection2021/results/franklin/dist-franklin-m.html,"PETRUSMA, Jacquie; WOODRUFF, Rosalie; WINTER, Dean; O'BYRNE, David; STREET, Nic",Liberal Party; Tasmanian Greens; Australian Labor Party; Australian Labor Party; Liberal Party,"PETRUSMA, Jacquie; WOODRUFF, Rosalie; WINTER, Dean; O'BYRNE, David; STREET, Nic",5,11544,78130,69258,3031,72289,92.52,4165,40,final,,,"TANNER, Mark",Animal Justice Party,Excluded,False,,0
Franklin,https://www.tec.tas.gov.au/house-of-assembly/StateElection2021/results/franklin/index.html,https://www.tec.tas.gov.au/house-of-assembly/StateElection2021/results/franklin/dist-franklin-m.html,"PETRUSMA, Jacquie; WOODRUFF, Rosalie; WINTER, Dean; O'BYRNE, David; STREET, Nic",Liberal Party; Tasmanian Greens; Australian Labor Party; Australian Labor Party; Liberal Party,"PETRUSMA, Jacquie; WOODRUFF, Rosalie; WINTER, Dean; O'BYRNE, David; STREET, Nic",5,11544,78130,69258,3031,72289,92.52,4165,40,final,,,"THORPE, Toby",Australian Labor Party,Excluded,False,,0
Franklin,https://www.tec.tas.gov.au/house-of-assembly/StateElection2021/results/franklin/index.html,https://www.tec.tas.gov.au/house-of-assembly/StateElection2021/results/franklin/dist-franklin-m.html,"PETRUSMA, Jacquie; WOODRUFF, Rosalie; WINTER, Dean; O'BYRNE, David; STREET, Nic",Liberal Party; Tasmanian Greens; Australian Labor Party; Australian Labor Party; Liberal Party,"PETRUSMA, Jacquie; WOODRUFF, Rosalie; WINTER, Dean; O'BYRNE, David; STREET, Nic",5,11544,78130,69258,3031,72289,92.52,4165,40,final,,,"VERRIER, Bridget",Tasmanian Greens,Excluded,False,,0
Franklin,https://www.tec.tas.gov.au/house-of-assembly/StateElection2021/results/franklin/index.html,https://www.tec.tas.gov.au/house-of-assembly/StateElection2021/results/franklin/dist-franklin-m.html,"PETRUSMA, Jacquie; WOODRUFF, Rosalie; WINTER, Dean; O'BYRNE, David; STREET, Nic",Liberal Party; Tasmanian Greens; Australian Labor Party; Australian Labor Party; Liberal Party,"PETRUSMA, Jacquie; WOODRUFF, Rosalie; WINTER, Dean; O'BYRNE, David; STREET, Nic",5,11544,78130,69258,3031,72289,92.52,4165,40,final,,,"WALKER, James",Liberal Party,Excluded,False,,0
Franklin,https://www.tec.tas.gov.au/house-of-assembly/StateElection2021/results/franklin/index.html,https://www.tec.tas.gov.au/house-of-assembly/StateElection2021/results/franklin/dist-franklin-m.html,"PETRUSMA, Jacquie; WOODRUFF, Rosalie; WINTER, Dean; O'BYRNE, David; STREET, Nic",Liberal Party; Tasmanian Greens; Australian Labor Party; Australian Labor Party; Liberal Party,"PETRUSMA, Jacquie; WOODRUFF, Rosalie; WINTER, Dean; O'BYRNE, David; STREET, Nic",5,11544,78130,69258,3031,72289,92.52,4165,40,final,,,"YOUNG, Dean",Liberal Party,Excluded,False,,0
Lyons,https://www.tec.tas.gov.au/house-of-assembly/StateElection2021/results/lyons/index.html,https://www.tec.tas.gov.au/house-of-assembly/StateElection2021/results/lyons/dist-lyons-m.html,"WHITE, Rebecca; BARNETT, Guy; SHELTON, Mark; BUTLER, Jen; TUCKER, John",Australian Labor Party; Liberal Party; Liberal Party; Australian Labor Party; Liberal Party,"WHITE, Rebecca; BARNETT, Guy; SHELTON, Mark; BUTLER, Jen; TUCKER, John",5,11838,82911,71026,4539,75565,91.14,4244,0,first,,,"WHITE, Rebecca",Australian Labor Party,Elected 1,True,1,16338
Lyons,https://www.tec.tas.gov.au/house-of-assembly/StateElection2021/results/lyons/index.html,https://www.tec.tas.gov.au/house-of-assembly/StateElection2021/results/lyons/dist-lyons-m.html,"WHITE, Rebecca; BARNETT, Guy; SHELTON, Mark; BUTLER, Jen; TUCKER, John",Australian Labor Party; Liberal Party; Liberal Party; Australian Labor Party; Liberal Party,"WHITE, Rebecca; BARNETT, Guy; SHELTON, Mark; BUTLER, Jen; TUCKER, John",5,11838,82911,71026,4539,75565,91.14,4244,0,first,,,"BARNETT, Guy",Liberal Party,Elected 2,True,2,14821
Lyons,https://www.tec.tas.gov.au/house-of-assembly/StateElection2021/results/lyons/index.html,https://www.tec.tas.gov.au/house-of-assembly/StateElection2021/results/lyons/dist-lyons-m.html,"WHITE, Rebecca; BARNETT, Guy; SHELTON, Mark; BUTLER, Jen; TUCKER, John",Australian Labor Party; Liberal Party; Liberal Party; Australian Labor Party; Liberal Party,"WHITE, Rebecca; BARNETT, Guy; SHELTON, Mark; BUTLER, Jen; TUCKER, John",5,11838,82911,71026,4539,75565,91.14,4244,0,first,,,"SHELTON, Mark",Liberal Party,Elected 3,True,3,8613
Lyons,https://www.tec.tas.gov.au/house-of-assembly/StateElection2021/results/lyons/index.html,https://www.tec.tas.gov.au/house-of-assembly/StateElection2021/results/lyons/dist-lyons-m.html,"WHITE, Rebecca; BARNETT, Guy; SHELTON, Mark; BUTLER, Jen; TUCKER, John",Australian Labor Party; Liberal Party; Liberal Party; Australian Labor Party; Liberal Party,"WHITE, Rebecca; BARNETT, Guy; SHELTON, Mark; BUTLER, Jen; TUCKER, John",5,11838,82911,71026,4539,75565,91.14,4244,0,first,,,"TUCKER, John",Liberal Party,Elected 5,True,5,4619
Lyons,https://www.tec.tas.gov.au/house-of-assembly/StateElection2021/results/lyons/index.html,https://www.tec.tas.gov.au/house-of-assembly/StateElection2021/results/lyons/dist-lyons-m.html,"WHITE, Rebecca; BARNETT, Guy; SHELTON, Mark; BUTLER, Jen; TUCKER, John",Australian Labor Party; Liberal Party; Liberal Party; Australian Labor Party; Liberal Party,"WHITE, Rebecca; BARNETT, Guy; SHELTON, Mark; BUTLER, Jen; TUCKER, John",5,11838,82911,71026,4539,75565,91.14,4244,0,first,,,"DI FALCO, Carlo","Shooters, Fishers, Farmers TAS",Excluded,False,,3175
Lyons,https://www.tec.tas.gov.au/house-of-assembly/StateElection2021/results/lyons/index.html,https://www.tec.tas.gov.au/house-of-assembly/StateElection2021/results/lyons/dist-lyons-m.html,"WHITE, Rebecca; BARNETT, Guy; SHELTON, Mark; BUTLER, Jen; TUCKER, John",Australian Labor Party; Liberal Party; Liberal Party; Australian Labor Party; Liberal Party,"WHITE, Rebecca; BARNETT, Guy; SHELTON, Mark; BUTLER, Jen; TUCKER, John",5,11838,82911,71026,4539,75565,91.14,4244,0,first,,,"CAMERON, Stephanie",Liberal Party,Excluded,False,,3168
Lyons,https://www.tec.tas.gov.au/house-of-assembly/StateElection2021/results/lyons/index.html,https://www.tec.tas.gov.au/house-of-assembly/StateElection2021/results/lyons/dist-lyons-m.html,"WHITE, Rebecca; BARNETT, Guy; SHELTON, Mark; BUTLER, Jen; TUCKER, John",Australian Labor Party; Liberal Party; Liberal Party; Australian Labor Party; Liberal Party,"WHITE, Rebecca; BARNETT, Guy; SHELTON, Mark; BUTLER, Jen; TUCKER, John",5,11838,82911,71026,4539,75565,91.14,4244,0,first,,,"JOHNSTONE, Liz",Tasmanian Greens,,False,,2883
Lyons,https://www.tec.tas.gov.au/house-of-assembly/StateElection2021/results/lyons/index.html,https://www.tec.tas.gov.au/house-of-assembly/StateElection2021/results/lyons/dist-lyons-m.html,"WHITE, Rebecca; BARNETT, Guy; SHELTON, Mark; BUTLER, Jen; TUCKER, John",Australian Labor Party; Liberal Party; Liberal Party; Australian Labor Party; Liberal Party,"WHITE, Rebecca; BARNETT, Guy; SHELTON, Mark; BUTLER, Jen; TUCKER, John",5,11838,82911,71026,4539,75565,91.14,4244,0,first,,,"BUTLER, Jen",Australian Labor Party,Elected 4,True,4,2635
Lyons,https://www.tec.tas.gov.au/house-of-assembly/StateElection2021/results/lyons/index.html,https://www.tec.tas.gov.au/house-of-assembly/StateElection2021/results/lyons/dist-lyons-m.html,"WHITE, Rebecca; BARNETT, Guy; SHELTON, Mark; BUTLER, Jen; TUCKER, John",Australian Labor Party; Liberal Party; Liberal Party; Australian Labor Party; Liberal Party,"WHITE, Rebecca; BARNETT, Guy; SHELTON, Mark; BUTLER, Jen; TUCKER, John",5,11838,82911,71026,4539,75565,91.14,4244,0,first,,,"DERKSEN, Justin",Liberal Party,Excluded,False,,2622
Lyons,https://www.tec.tas.gov.au/house-of-assembly/StateElection2021/results/lyons/index.html,https://www.tec.tas.gov.au/house-of-assembly/StateElection2021/results/lyons/dist-lyons-m.html,"WHITE, Rebecca; BARNETT, Guy; SHELTON, Mark; BUTLER, Jen; TUCKER, John",Australian Labor Party; Liberal Party; Liberal Party; Australian Labor Party; Liberal Party,"WHITE, Rebecca; BARNETT, Guy; SHELTON, Mark; BUTLER, Jen; TUCKER, John",5,11838,82911,71026,4539,75565,91.14,4244,0,first,,,"BOWER, Susie",Liberal Party,Excluded,False,,2517
Lyons,https://www.tec.tas.gov.au/house-of-assembly/StateElection2021/results/lyons/index.html,https://www.tec.tas.gov.au/house-of-assembly/StateElection2021/results/lyons/dist-lyons-m.html,"WHITE, Rebecca; BARNETT, Guy; SHELTON, Mark; BUTLER, Jen; TUCKER, John",Australian Labor Party; Liberal Party; Liberal Party; Australian Labor Party; Liberal Party,"WHITE, Rebecca; BARNETT, Guy; SHELTON, Mark; BUTLER, Jen; TUCKER, John",5,11838,82911,71026,4539,75565,91.14,4244,0,first,,,"LAMBERT, Janet",Australian Labor Party,Excluded,False,,2278
Lyons,https://www.tec.tas.gov.au/house-of-assembly/StateElection2021/results/lyons/index.html,https://www.tec.tas.gov.au/house-of-assembly/StateElection2021/results/lyons/dist-lyons-m.html,"WHITE, Rebecca; BARNETT, Guy; SHELTON, Mark; BUTLER, Jen; TUCKER, John",Australian Labor Party; Liberal Party; Liberal Party; Australian Labor Party; Liberal Party,"WHITE, Rebecca; BARNETT, Guy; SHELTON, Mark; BUTLER, Jen; TUCKER, John",5,11838,82911,71026,4539,75565,91.14,4244,0,first,,,"MORRIS, Tim",Tasmanian Greens,Excluded,False,,1502
Lyons,https://www.tec.tas.gov.au/house-of-assembly/StateElection2021/results/lyons/index.html,https://www.tec.tas.gov.au/house-of-assembly/StateElection2021/results/lyons/dist-lyons-m.html,"WHITE, Rebecca; BARNETT, Guy; SHELTON, Mark; BUTLER, Jen; TUCKER, John",Australian Labor Party; Liberal Party; Liberal Party; Australian Labor Party; Liberal Party,"WHITE, Rebecca; BARNETT, Guy; SHELTON, Mark; BUTLER, Jen; TUCKER, John",5,11838,82911,71026,4539,75565,91.14,4244,0,first,,,"MCLAY, Sharon",Animal Justice Party,Excluded,False,,1411
Lyons,https://www.tec.tas.gov.au/house-of-assembly/StateElection2021/results/lyons/index.html,https://www.tec.tas.gov.au/house-of-assembly/StateElection2021/results/lyons/dist-lyons-m.html,"WHITE, Rebecca; BARNETT, Guy; SHELTON, Mark; BUTLER, Jen; TUCKER, John",Australian Labor Party; Liberal Party; Liberal Party; Australian Labor Party; Liberal Party,"WHITE, Rebecca; BARNETT, Guy; SHELTON, Mark; BUTLER, Jen; TUCKER, John",5,11838,82911,71026,4539,75565,91.14,4244,0,first,,,"BATT, Edwin",Australian Labor Party,Excluded,False,,1141
Lyons,https://www.tec.tas.gov.au/house-of-assembly/StateElection2021/results/lyons/index.html,https://www.tec.tas.gov.au/house-of-assembly/StateElection2021/results/lyons/dist-lyons-m.html,"WHITE, Rebecca; BARNETT, Guy; SHELTON, Mark; BUTLER, Jen; TUCKER, John",Australian Labor Party; Liberal Party; Liberal Party; Australian Labor Party; Liberal Party,"WHITE, Rebecca; BARNETT, Guy; SHELTON, Mark; BUTLER, Jen; TUCKER, John",5,11838,82911,71026,4539,75565,91.14,4244,0,first,,,"PIERCE, Jill",Tasmanian Greens,Excluded,False,,737
Lyons,https://www.tec.tas.gov.au/house-of-assembly/StateElection2021/results/lyons/index.html,https://www.tec.tas.gov.au/house-of-assembly/StateElection2021/results/lyons/dist-lyons-m.html,"WHITE, Rebecca; BARNETT, Guy; SHELTON, Mark; BUTLER, Jen; TUCKER, John",Australian Labor Party; Liberal Party; Liberal Party; Australian Labor Party; Liberal Party,"WHITE, Rebecca; BARNETT, Guy; SHELTON, Mark; BUTLER, Jen; TUCKER, John",5,11838,82911,71026,4539,75565,91.14,4244,0,first,,,"GAFFNEY, Gerard",Australian Labor Party,Excluded,False,,721
Lyons,https://www.tec.tas.gov.au/house-of-assembly/StateElection2021/results/lyons/index.html,https://www.tec.tas.gov.au/house-of-assembly/StateElection2021/results/lyons/dist-lyons-m.html,"WHITE, Rebecca; BARNETT, Guy; SHELTON, Mark; BUTLER, Jen; TUCKER, John",Australian Labor Party; Liberal Party; Liberal Party; Australian Labor Party; Liberal Party,"WHITE, Rebecca; BARNETT, Guy; SHELTON, Mark; BUTLER, Jen; TUCKER, John",5,11838,82911,71026,4539,75565,91.14,4244,0,first,,,"LANE, George",Independent,Excluded,False,,674
Lyons,https://www.tec.tas.gov.au/house-of-assembly/StateElection2021/results/lyons/index.html,https://www.tec.tas.gov.au/house-of-assembly/StateElection2021/results/lyons/dist-lyons-m.html,"WHITE, Rebecca; BARNETT, Guy; SHELTON, Mark; BUTLER, Jen; TUCKER, John",Australian Labor Party; Liberal Party; Liberal Party; Australian Labor Party; Liberal Party,"WHITE, Rebecca; BARNETT, Guy; SHELTON, Mark; BUTLER, Jen; TUCKER, John",5,11838,82911,71026,4539,75565,91.14,4244,0,first,,,"SHAPCOTT, Isabel",Tasmanian Greens,Excluded,False,,660
Lyons,https://www.tec.tas.gov.au/house-of-assembly/StateElection2021/results/lyons/index.html,https://www.tec.tas.gov.au/house-of-assembly/StateElection2021/results/lyons/dist-lyons-m.html,"WHITE, Rebecca; BARNETT, Guy; SHELTON, Mark; BUTLER, Jen; TUCKER, John",Australian Labor Party; Liberal Party; Liberal Party; Australian Labor Party; Liberal Party,"WHITE, Rebecca; BARNETT, Guy; SHELTON, Mark; BUTLER, Jen; TUCKER, John",5,11838,82911,71026,4539,75565,91.14,4244,0,first,,,"MILLAR, Glenn",Tasmanian Greens,Excluded,False,,511
Lyons,https://www.tec.tas.gov.au/house-of-assembly/StateElection2021/results/lyons/index.html,https://www.tec.tas.gov.au/house-of-assembly/StateElection2021/results/lyons/dist-lyons-m.html,"WHITE, Rebecca; BARNETT, Guy; SHELTON, Mark; BUTLER, Jen; TUCKER, John",Australian Labor Party; Liberal Party; Liberal Party; Australian Labor Party; Liberal Party,"WHITE, Rebecca; BARNETT, Guy; SHELTON, Mark; BUTLER, Jen; TUCKER, John",5,11838,82911,71026,4539,75565,91.14,4244,44,final,,,"TUCKER, John",Liberal Party,Elected 5,True,5,13405
Lyons,https://www.tec.tas.gov.au/house-of-assembly/StateElection2021/results/lyons/index.html,https://www.tec.tas.gov.au/house-of-assembly/StateElection2021/results/lyons/dist-lyons-m.html,"WHITE, Rebecca; BARNETT, Guy; SHELTON, Mark; BUTLER, Jen; TUCKER, John",Australian Labor Party; Liberal Party; Liberal Party; Australian Labor Party; Liberal Party,"WHITE, Rebecca; BARNETT, Guy; SHELTON, Mark; BUTLER, Jen; TUCKER, John",5,11838,82911,71026,4539,75565,91.14,4244,44,final,,,"BARNETT, Guy",Liberal Party,Elected 2,True,2,11838
Lyons,https://www.tec.tas.gov.au/house-of-assembly/StateElection2021/results/lyons/index.html,https://www.tec.tas.gov.au/house-of-assembly/StateElection2021/results/lyons/dist-lyons-m.html,"WHITE, Rebecca; BARNETT, Guy; SHELTON, Mark; BUTLER, Jen; TUCKER, John",Australian Labor Party; Liberal Party; Liberal Party; Australian Labor Party; Liberal Party,"WHITE, Rebecca; BARNETT, Guy; SHELTON, Mark; BUTLER, Jen; TUCKER, John",5,11838,82911,71026,4539,75565,91.14,4244,44,final,,,"BUTLER, Jen",Australian Labor Party,Elected 4,True,4,11838
Lyons,https://www.tec.tas.gov.au/house-of-assembly/StateElection2021/results/lyons/index.html,https://www.tec.tas.gov.au/house-of-assembly/StateElection2021/results/lyons/dist-lyons-m.html,"WHITE, Rebecca; BARNETT, Guy; SHELTON, Mark; BUTLER, Jen; TUCKER, John",Australian Labor Party; Liberal Party; Liberal Party; Australian Labor Party; Liberal Party,"WHITE, Rebecca; BARNETT, Guy; SHELTON, Mark; BUTLER, Jen; TUCKER, John",5,11838,82911,71026,4539,75565,91.14,4244,44,final,,,"SHELTON, Mark",Liberal Party,Elected 3,True,3,11838
Lyons,https://www.tec.tas.gov.au/house-of-assembly/StateElection2021/results/lyons/index.html,https://www.tec.tas.gov.au/house-of-assembly/StateElection2021/results/lyons/dist-lyons-m.html,"WHITE, Rebecca; BARNETT, Guy; SHELTON, Mark; BUTLER, Jen; TUCKER, John",Australian Labor Party; Liberal Party; Liberal Party; Australian Labor Party; Liberal Party,"WHITE, Rebecca; BARNETT, Guy; SHELTON, Mark; BUTLER, Jen; TUCKER, John",5,11838,82911,71026,4539,75565,91.14,4244,44,final,,,"WHITE, Rebecca",Australian Labor Party,Elected 1,True,1,11838
Lyons,https://www.tec.tas.gov.au/house-of-assembly/StateElection2021/results/lyons/index.html,https://www.tec.tas.gov.au/house-of-assembly/StateElection2021/results/lyons/dist-lyons-m.html,"WHITE, Rebecca; BARNETT, Guy; SHELTON, Mark; BUTLER, Jen; TUCKER, John",Australian Labor Party; Liberal Party; Liberal Party; Australian Labor Party; Liberal Party,"WHITE, Rebecca; BARNETT, Guy; SHELTON, Mark; BUTLER, Jen; TUCKER, John",5,11838,82911,71026,4539,75565,91.14,4244,44,final,,,"JOHNSTONE, Liz",Tasmanian Greens,,False,,7594
Lyons,https://www.tec.tas.gov.au/house-of-assembly/StateElection2021/results/lyons/index.html,https://www.tec.tas.gov.au/house-of-assembly/StateElection2021/results/lyons/dist-lyons-m.html,"WHITE, Rebecca; BARNETT, Guy; SHELTON, Mark; BUTLER, Jen; TUCKER, John",Australian Labor Party; Liberal Party; Liberal Party; Australian Labor Party; Liberal Party,"WHITE, Rebecca; BARNETT, Guy; SHELTON, Mark; BUTLER, Jen; TUCKER, John",5,11838,82911,71026,4539,75565,91.14,4244,44,final,,,"CAMERON, Stephanie",Liberal Party,Excluded,False,,908
Lyons,https://www.tec.tas.gov.au/house-of-assembly/StateElection2021/results/lyons/index.html,https://www.tec.tas.gov.au/house-of-assembly/StateElection2021/results/lyons/dist-lyons-m.html,"WHITE, Rebecca; BARNETT, Guy; SHELTON, Mark; BUTLER, Jen; TUCKER, John",Australian Labor Party; Liberal Party; Liberal Party; Australian Labor Party; Liberal Party,"WHITE, Rebecca; BARNETT, Guy; SHELTON, Mark; BUTLER, Jen; TUCKER, John",5,11838,82911,71026,4539,75565,91.14,4244,44,final,,,"BATT, Edwin",Australian Labor Party,Excluded,False,,0
Lyons,https://www.tec.tas.gov.au/house-of-assembly/StateElection2021/results/lyons/index.html,https://www.tec.tas.gov.au/house-of-assembly/StateElection2021/results/lyons/dist-lyons-m.html,"WHITE, Rebecca; BARNETT, Guy; SHELTON, Mark; BUTLER, Jen; TUCKER, John",Australian Labor Party; Liberal Party; Liberal Party; Australian Labor Party; Liberal Party,"WHITE, Rebecca; BARNETT, Guy; SHELTON, Mark; BUTLER, Jen; TUCKER, John",5,11838,82911,71026,4539,75565,91.14,4244,44,final,,,"BOWER, Susie",Liberal Party,Excluded,False,,0
Lyons,https://www.tec.tas.gov.au/house-of-assembly/StateElection2021/results/lyons/index.html,https://www.tec.tas.gov.au/house-of-assembly/StateElection2021/results/lyons/dist-lyons-m.html,"WHITE, Rebecca; BARNETT, Guy; SHELTON, Mark; BUTLER, Jen; TUCKER, John",Australian Labor Party; Liberal Party; Liberal Party; Australian Labor Party; Liberal Party,"WHITE, Rebecca; BARNETT, Guy; SHELTON, Mark; BUTLER, Jen; TUCKER, John",5,11838,82911,71026,4539,75565,91.14,4244,44,final,,,"DERKSEN, Justin",Liberal Party,Excluded,False,,0
Lyons,https://www.tec.tas.gov.au/house-of-assembly/StateElection2021/results/lyons/index.html,https://www.tec.tas.gov.au/house-of-assembly/StateElection2021/results/lyons/dist-lyons-m.html,"WHITE, Rebecca; BARNETT, Guy; SHELTON, Mark; BUTLER, Jen; TUCKER, John",Australian Labor Party; Liberal Party; Liberal Party; Australian Labor Party; Liberal Party,"WHITE, Rebecca; BARNETT, Guy; SHELTON, Mark; BUTLER, Jen; TUCKER, John",5,11838,82911,71026,4539,75565,91.14,4244,44,final,,,"DI FALCO, Carlo","Shooters, Fishers, Farmers TAS",Excluded,False,,0
Lyons,https://www.tec.tas.gov.au/house-of-assembly/StateElection2021/results/lyons/index.html,https://www.tec.tas.gov.au/house-of-assembly/StateElection2021/results/lyons/dist-lyons-m.html,"WHITE, Rebecca; BARNETT, Guy; SHELTON, Mark; BUTLER, Jen; TUCKER, John",Australian Labor Party; Liberal Party; Liberal Party; Australian Labor Party; Liberal Party,"WHITE, Rebecca; BARNETT, Guy; SHELTON, Mark; BUTLER, Jen; TUCKER, John",5,11838,82911,71026,4539,75565,91.14,4244,44,final,,,"GAFFNEY, Gerard",Australian Labor Party,Excluded,False,,0
Lyons,https://www.tec.tas.gov.au/house-of-assembly/StateElection2021/results/lyons/index.html,https://www.tec.tas.gov.au/house-of-assembly/StateElection2021/results/lyons/dist-lyons-m.html,"WHITE, Rebecca; BARNETT, Guy; SHELTON, Mark; BUTLER, Jen; TUCKER, John",Australian Labor Party; Liberal Party; Liberal Party; Australian Labor Party; Liberal Party,"WHITE, Rebecca; BARNETT, Guy; SHELTON, Mark; BUTLER, Jen; TUCKER, John",5,11838,82911,71026,4539,75565,91.14,4244,44,final,,,"LAMBERT, Janet",Australian Labor Party,Excluded,False,,0
Lyons,https://www.tec.tas.gov.au/house-of-assembly/StateElection2021/results/lyons/index.html,https://www.tec.tas.gov.au/house-of-assembly/StateElection2021/results/lyons/dist-lyons-m.html,"WHITE, Rebecca; BARNETT, Guy; SHELTON, Mark; BUTLER, Jen; TUCKER, John",Australian Labor Party; Liberal Party; Liberal Party; Australian Labor Party; Liberal Party,"WHITE, Rebecca; BARNETT, Guy; SHELTON, Mark; BUTLER, Jen; TUCKER, John",5,11838,82911,71026,4539,75565,91.14,4244,44,final,,,"LANE, George",Independent,Excluded,False,,0
Lyons,https://www.tec.tas.gov.au/house-of-assembly/StateElection2021/results/lyons/index.html,https://www.tec.tas.gov.au/house-of-assembly/StateElection2021/results/lyons/dist-lyons-m.html,"WHITE, Rebecca; BARNETT, Guy; SHELTON, Mark; BUTLER, Jen; TUCKER, John",Australian Labor Party; Liberal Party; Liberal Party; Australian Labor Party; Liberal Party,"WHITE, Rebecca; BARNETT, Guy; SHELTON, Mark; BUTLER, Jen; TUCKER, John",5,11838,82911,71026,4539,75565,91.14,4244,44,final,,,"MCLAY, Sharon",Animal Justice Party,Excluded,False,,0
Lyons,https://www.tec.tas.gov.au/house-of-assembly/StateElection2021/results/lyons/index.html,https://www.tec.tas.gov.au/house-of-assembly/StateElection2021/results/lyons/dist-lyons-m.html,"WHITE, Rebecca; BARNETT, Guy; SHELTON, Mark; BUTLER, Jen; TUCKER, John",Australian Labor Party; Liberal Party; Liberal Party; Australian Labor Party; Liberal Party,"WHITE, Rebecca; BARNETT, Guy; SHELTON, Mark; BUTLER, Jen; TUCKER, John",5,11838,82911,71026,4539,75565,91.14,4244,44,final,,,"MILLAR, Glenn",Tasmanian Greens,Excluded,False,,0
Lyons,https://www.tec.tas.gov.au/house-of-assembly/StateElection2021/results/lyons/index.html,https://www.tec.tas.gov.au/house-of-assembly/StateElection2021/results/lyons/dist-lyons-m.html,"WHITE, Rebecca; BARNETT, Guy; SHELTON, Mark; BUTLER, Jen; TUCKER, John",Australian Labor Party; Liberal Party; Liberal Party; Australian Labor Party; Liberal Party,"WHITE, Rebecca; BARNETT, Guy; SHELTON, Mark; BUTLER, Jen; TUCKER, John",5,11838,82911,71026,4539,75565,91.14,4244,44,final,,,"MORRIS, Tim",Tasmanian Greens,Excluded,False,,0
Lyons,https://www.tec.tas.gov.au/house-of-assembly/StateElection2021/results/lyons/index.html,https://www.tec.tas.gov.au/house-of-assembly/StateElection2021/results/lyons/dist-lyons-m.html,"WHITE, Rebecca; BARNETT, Guy; SHELTON, Mark; BUTLER, Jen; TUCKER, John",Australian Labor Party; Liberal Party; Liberal Party; Australian Labor Party; Liberal Party,"WHITE, Rebecca; BARNETT, Guy; SHELTON, Mark; BUTLER, Jen; TUCKER, John",5,11838,82911,71026,4539,75565,91.14,4244,44,final,,,"PIERCE, Jill",Tasmanian Greens,Excluded,False,,0
Lyons,https://www.tec.tas.gov.au/house-of-assembly/StateElection2021/results/lyons/index.html,https://www.tec.tas.gov.au/house-of-assembly/StateElection2021/results/lyons/dist-lyons-m.html,"WHITE, Rebecca; BARNETT, Guy; SHELTON, Mark; BUTLER, Jen; TUCKER, John",Australian Labor Party; Liberal Party; Liberal Party; Australian Labor Party; Liberal Party,"WHITE, Rebecca; BARNETT, Guy; SHELTON, Mark; BUTLER, Jen; TUCKER, John",5,11838,82911,71026,4539,75565,91.14,4244,44,final,,,"SHAPCOTT, Isabel",Tasmanian Greens,Excluded,False,,0
