district,district_url,distribution_url,elected_member,elected_party,enrolment,formal_votes,informal_votes,total_votes,turnout_pct,majority,round_number,row_type,excluded_candidate,excluded_party,candidate,candidate_party,votes,electorate_type,constituency_code,contest_status,result_note
Adana,https://acikveri.ysk.gov.tr/api/getSecimSandikSonucList?secimId=16300&secimTuru=9&ilId=&ilceId=&beldeId=&birimId=&muhtarlikId=&cezaeviId=&sandikTuru=&sandikNoIlk=&sandikNoSon=&ulkeId=&disTemsilcilikId=&gumrukId=&yurtIciDisi=1&sandikRumuzIlk=&sandikRumuzSon=&secimCevresiId=&sandikId=&sorguTuru=1,https://cbs1.tarimorman.gov.tr/server/rest/services/TATUS/MapServer/12,Recep Tayyip Erdoğan,Recep Tayyip Erdoğan,1526827,1285873,27628,1313501,86.03,106853,0,first,,,Recep Tayyip Erdoğan,Recep Tayyip Erdoğan,567605,Province,TR-01,official,Official YSK domestic province total. Overseas and customs votes are included in the national result but are not assigned to provinces.
Adana,https://acikveri.ysk.gov.tr/api/getSecimSandikSonucList?secimId=16300&secimTuru=9&ilId=&ilceId=&beldeId=&birimId=&muhtarlikId=&cezaeviId=&sandikTuru=&sandikNoIlk=&sandikNoSon=&ulkeId=&disTemsilcilikId=&gumrukId=&yurtIciDisi=1&sandikRumuzIlk=&sandikRumuzSon=&secimCevresiId=&sandikId=&sorguTuru=1,https://cbs1.tarimorman.gov.tr/server/rest/services/TATUS/MapServer/12,Recep Tayyip Erdoğan,Recep Tayyip Erdoğan,1526827,1285873,27628,1313501,86.03,106853,0,first,,,Muharrem İnce,Muharrem İnce,460752,Province,TR-01,official,Official YSK domestic province total. Overseas and customs votes are included in the national result but are not assigned to provinces.
Adana,https://acikveri.ysk.gov.tr/api/getSecimSandikSonucList?secimId=16300&secimTuru=9&ilId=&ilceId=&beldeId=&birimId=&muhtarlikId=&cezaeviId=&sandikTuru=&sandikNoIlk=&sandikNoSon=&ulkeId=&disTemsilcilikId=&gumrukId=&yurtIciDisi=1&sandikRumuzIlk=&sandikRumuzSon=&secimCevresiId=&sandikId=&sorguTuru=1,https://cbs1.tarimorman.gov.tr/server/rest/services/TATUS/MapServer/12,Recep Tayyip Erdoğan,Recep Tayyip Erdoğan,1526827,1285873,27628,1313501,86.03,106853,0,first,,,Meral Akşener,Meral Akşener,125894,Province,TR-01,official,Official YSK domestic province total. Overseas and customs votes are included in the national result but are not assigned to provinces.
Adana,https://acikveri.ysk.gov.tr/api/getSecimSandikSonucList?secimId=16300&secimTuru=9&ilId=&ilceId=&beldeId=&birimId=&muhtarlikId=&cezaeviId=&sandikTuru=&sandikNoIlk=&sandikNoSon=&ulkeId=&disTemsilcilikId=&gumrukId=&yurtIciDisi=1&sandikRumuzIlk=&sandikRumuzSon=&secimCevresiId=&sandikId=&sorguTuru=1,https://cbs1.tarimorman.gov.tr/server/rest/services/TATUS/MapServer/12,Recep Tayyip Erdoğan,Recep Tayyip Erdoğan,1526827,1285873,27628,1313501,86.03,106853,0,first,,,Selahattin Demirtaş,Selahattin Demirtaş,119498,Province,TR-01,official,Official YSK domestic province total. Overseas and customs votes are included in the national result but are not assigned to provinces.
Adana,https://acikveri.ysk.gov.tr/api/getSecimSandikSonucList?secimId=16300&secimTuru=9&ilId=&ilceId=&beldeId=&birimId=&muhtarlikId=&cezaeviId=&sandikTuru=&sandikNoIlk=&sandikNoSon=&ulkeId=&disTemsilcilikId=&gumrukId=&yurtIciDisi=1&sandikRumuzIlk=&sandikRumuzSon=&secimCevresiId=&sandikId=&sorguTuru=1,https://cbs1.tarimorman.gov.tr/server/rest/services/TATUS/MapServer/12,Recep Tayyip Erdoğan,Recep Tayyip Erdoğan,1526827,1285873,27628,1313501,86.03,106853,0,first,,,Temel Karamollaoğlu,Temel Karamollaoğlu,9799,Province,TR-01,official,Official YSK domestic province total. Overseas and customs votes are included in the national result but are not assigned to provinces.
Adana,https://acikveri.ysk.gov.tr/api/getSecimSandikSonucList?secimId=16300&secimTuru=9&ilId=&ilceId=&beldeId=&birimId=&muhtarlikId=&cezaeviId=&sandikTuru=&sandikNoIlk=&sandikNoSon=&ulkeId=&disTemsilcilikId=&gumrukId=&yurtIciDisi=1&sandikRumuzIlk=&sandikRumuzSon=&secimCevresiId=&sandikId=&sorguTuru=1,https://cbs1.tarimorman.gov.tr/server/rest/services/TATUS/MapServer/12,Recep Tayyip Erdoğan,Recep Tayyip Erdoğan,1526827,1285873,27628,1313501,86.03,106853,0,first,,,Doğu Perinçek,Doğu Perinçek,2325,Province,TR-01,official,Official YSK domestic province total. Overseas and customs votes are included in the national result but are not assigned to provinces.
Adıyaman,https://acikveri.ysk.gov.tr/api/getSecimSandikSonucList?secimId=16300&secimTuru=9&ilId=&ilceId=&beldeId=&birimId=&muhtarlikId=&cezaeviId=&sandikTuru=&sandikNoIlk=&sandikNoSon=&ulkeId=&disTemsilcilikId=&gumrukId=&yurtIciDisi=1&sandikRumuzIlk=&sandikRumuzSon=&secimCevresiId=&sandikId=&sorguTuru=1,https://cbs1.tarimorman.gov.tr/server/rest/services/TATUS/MapServer/12,Recep Tayyip Erdoğan,Recep Tayyip Erdoğan,399766,336654,8692,345346,86.39,158074,0,first,,,Recep Tayyip Erdoğan,Recep Tayyip Erdoğan,226926,Province,TR-02,official,Official YSK domestic province total. Overseas and customs votes are included in the national result but are not assigned to provinces.
Adıyaman,https://acikveri.ysk.gov.tr/api/getSecimSandikSonucList?secimId=16300&secimTuru=9&ilId=&ilceId=&beldeId=&birimId=&muhtarlikId=&cezaeviId=&sandikTuru=&sandikNoIlk=&sandikNoSon=&ulkeId=&disTemsilcilikId=&gumrukId=&yurtIciDisi=1&sandikRumuzIlk=&sandikRumuzSon=&secimCevresiId=&sandikId=&sorguTuru=1,https://cbs1.tarimorman.gov.tr/server/rest/services/TATUS/MapServer/12,Recep Tayyip Erdoğan,Recep Tayyip Erdoğan,399766,336654,8692,345346,86.39,158074,0,first,,,Muharrem İnce,Muharrem İnce,68852,Province,TR-02,official,Official YSK domestic province total. Overseas and customs votes are included in the national result but are not assigned to provinces.
Adıyaman,https://acikveri.ysk.gov.tr/api/getSecimSandikSonucList?secimId=16300&secimTuru=9&ilId=&ilceId=&beldeId=&birimId=&muhtarlikId=&cezaeviId=&sandikTuru=&sandikNoIlk=&sandikNoSon=&ulkeId=&disTemsilcilikId=&gumrukId=&yurtIciDisi=1&sandikRumuzIlk=&sandikRumuzSon=&secimCevresiId=&sandikId=&sorguTuru=1,https://cbs1.tarimorman.gov.tr/server/rest/services/TATUS/MapServer/12,Recep Tayyip Erdoğan,Recep Tayyip Erdoğan,399766,336654,8692,345346,86.39,158074,0,first,,,Selahattin Demirtaş,Selahattin Demirtaş,24949,Province,TR-02,official,Official YSK domestic province total. Overseas and customs votes are included in the national result but are not assigned to provinces.
Adıyaman,https://acikveri.ysk.gov.tr/api/getSecimSandikSonucList?secimId=16300&secimTuru=9&ilId=&ilceId=&beldeId=&birimId=&muhtarlikId=&cezaeviId=&sandikTuru=&sandikNoIlk=&sandikNoSon=&ulkeId=&disTemsilcilikId=&gumrukId=&yurtIciDisi=1&sandikRumuzIlk=&sandikRumuzSon=&secimCevresiId=&sandikId=&sorguTuru=1,https://cbs1.tarimorman.gov.tr/server/rest/services/TATUS/MapServer/12,Recep Tayyip Erdoğan,Recep Tayyip Erdoğan,399766,336654,8692,345346,86.39,158074,0,first,,,Meral Akşener,Meral Akşener,11492,Province,TR-02,official,Official YSK domestic province total. Overseas and customs votes are included in the national result but are not assigned to provinces.
Adıyaman,https://acikveri.ysk.gov.tr/api/getSecimSandikSonucList?secimId=16300&secimTuru=9&ilId=&ilceId=&beldeId=&birimId=&muhtarlikId=&cezaeviId=&sandikTuru=&sandikNoIlk=&sandikNoSon=&ulkeId=&disTemsilcilikId=&gumrukId=&yurtIciDisi=1&sandikRumuzIlk=&sandikRumuzSon=&secimCevresiId=&sandikId=&sorguTuru=1,https://cbs1.tarimorman.gov.tr/server/rest/services/TATUS/MapServer/12,Recep Tayyip Erdoğan,Recep Tayyip Erdoğan,399766,336654,8692,345346,86.39,158074,0,first,,,Temel Karamollaoğlu,Temel Karamollaoğlu,3906,Province,TR-02,official,Official YSK domestic province total. Overseas and customs votes are included in the national result but are not assigned to provinces.
Adıyaman,https://acikveri.ysk.gov.tr/api/getSecimSandikSonucList?secimId=16300&secimTuru=9&ilId=&ilceId=&beldeId=&birimId=&muhtarlikId=&cezaeviId=&sandikTuru=&sandikNoIlk=&sandikNoSon=&ulkeId=&disTemsilcilikId=&gumrukId=&yurtIciDisi=1&sandikRumuzIlk=&sandikRumuzSon=&secimCevresiId=&sandikId=&sorguTuru=1,https://cbs1.tarimorman.gov.tr/server/rest/services/TATUS/MapServer/12,Recep Tayyip Erdoğan,Recep Tayyip Erdoğan,399766,336654,8692,345346,86.39,158074,0,first,,,Doğu Perinçek,Doğu Perinçek,529,Province,TR-02,official,Official YSK domestic province total. Overseas and customs votes are included in the national result but are not assigned to provinces.
Afyonkarahisar,https://acikveri.ysk.gov.tr/api/getSecimSandikSonucList?secimId=16300&secimTuru=9&ilId=&ilceId=&beldeId=&birimId=&muhtarlikId=&cezaeviId=&sandikTuru=&sandikNoIlk=&sandikNoSon=&ulkeId=&disTemsilcilikId=&gumrukId=&yurtIciDisi=1&sandikRumuzIlk=&sandikRumuzSon=&secimCevresiId=&sandikId=&sorguTuru=1,https://cbs1.tarimorman.gov.tr/server/rest/services/TATUS/MapServer/12,Recep Tayyip Erdoğan,Recep Tayyip Erdoğan,507706,445461,13712,459173,90.44,219062,0,first,,,Recep Tayyip Erdoğan,Recep Tayyip Erdoğan,303088,Province,TR-03,official,Official YSK domestic province total. Overseas and customs votes are included in the national result but are not assigned to provinces.
Afyonkarahisar,https://acikveri.ysk.gov.tr/api/getSecimSandikSonucList?secimId=16300&secimTuru=9&ilId=&ilceId=&beldeId=&birimId=&muhtarlikId=&cezaeviId=&sandikTuru=&sandikNoIlk=&sandikNoSon=&ulkeId=&disTemsilcilikId=&gumrukId=&yurtIciDisi=1&sandikRumuzIlk=&sandikRumuzSon=&secimCevresiId=&sandikId=&sorguTuru=1,https://cbs1.tarimorman.gov.tr/server/rest/services/TATUS/MapServer/12,Recep Tayyip Erdoğan,Recep Tayyip Erdoğan,507706,445461,13712,459173,90.44,219062,0,first,,,Muharrem İnce,Muharrem İnce,84026,Province,TR-03,official,Official YSK domestic province total. Overseas and customs votes are included in the national result but are not assigned to provinces.
Afyonkarahisar,https://acikveri.ysk.gov.tr/api/getSecimSandikSonucList?secimId=16300&secimTuru=9&ilId=&ilceId=&beldeId=&birimId=&muhtarlikId=&cezaeviId=&sandikTuru=&sandikNoIlk=&sandikNoSon=&ulkeId=&disTemsilcilikId=&gumrukId=&yurtIciDisi=1&sandikRumuzIlk=&sandikRumuzSon=&secimCevresiId=&sandikId=&sorguTuru=1,https://cbs1.tarimorman.gov.tr/server/rest/services/TATUS/MapServer/12,Recep Tayyip Erdoğan,Recep Tayyip Erdoğan,507706,445461,13712,459173,90.44,219062,0,first,,,Meral Akşener,Meral Akşener,51951,Province,TR-03,official,Official YSK domestic province total. Overseas and customs votes are included in the national result but are not assigned to provinces.
Afyonkarahisar,https://acikveri.ysk.gov.tr/api/getSecimSandikSonucList?secimId=16300&secimTuru=9&ilId=&ilceId=&beldeId=&birimId=&muhtarlikId=&cezaeviId=&sandikTuru=&sandikNoIlk=&sandikNoSon=&ulkeId=&disTemsilcilikId=&gumrukId=&yurtIciDisi=1&sandikRumuzIlk=&sandikRumuzSon=&secimCevresiId=&sandikId=&sorguTuru=1,https://cbs1.tarimorman.gov.tr/server/rest/services/TATUS/MapServer/12,Recep Tayyip Erdoğan,Recep Tayyip Erdoğan,507706,445461,13712,459173,90.44,219062,0,first,,,Temel Karamollaoğlu,Temel Karamollaoğlu,3878,Province,TR-03,official,Official YSK domestic province total. Overseas and customs votes are included in the national result but are not assigned to provinces.
Afyonkarahisar,https://acikveri.ysk.gov.tr/api/getSecimSandikSonucList?secimId=16300&secimTuru=9&ilId=&ilceId=&beldeId=&birimId=&muhtarlikId=&cezaeviId=&sandikTuru=&sandikNoIlk=&sandikNoSon=&ulkeId=&disTemsilcilikId=&gumrukId=&yurtIciDisi=1&sandikRumuzIlk=&sandikRumuzSon=&secimCevresiId=&sandikId=&sorguTuru=1,https://cbs1.tarimorman.gov.tr/server/rest/services/TATUS/MapServer/12,Recep Tayyip Erdoğan,Recep Tayyip Erdoğan,507706,445461,13712,459173,90.44,219062,0,first,,,Selahattin Demirtaş,Selahattin Demirtaş,1589,Province,TR-03,official,Official YSK domestic province total. Overseas and customs votes are included in the national result but are not assigned to provinces.
Afyonkarahisar,https://acikveri.ysk.gov.tr/api/getSecimSandikSonucList?secimId=16300&secimTuru=9&ilId=&ilceId=&beldeId=&birimId=&muhtarlikId=&cezaeviId=&sandikTuru=&sandikNoIlk=&sandikNoSon=&ulkeId=&disTemsilcilikId=&gumrukId=&yurtIciDisi=1&sandikRumuzIlk=&sandikRumuzSon=&secimCevresiId=&sandikId=&sorguTuru=1,https://cbs1.tarimorman.gov.tr/server/rest/services/TATUS/MapServer/12,Recep Tayyip Erdoğan,Recep Tayyip Erdoğan,507706,445461,13712,459173,90.44,219062,0,first,,,Doğu Perinçek,Doğu Perinçek,929,Province,TR-03,official,Official YSK domestic province total. Overseas and customs votes are included in the national result but are not assigned to provinces.
Ağrı,https://acikveri.ysk.gov.tr/api/getSecimSandikSonucList?secimId=16300&secimTuru=9&ilId=&ilceId=&beldeId=&birimId=&muhtarlikId=&cezaeviId=&sandikTuru=&sandikNoIlk=&sandikNoSon=&ulkeId=&disTemsilcilikId=&gumrukId=&yurtIciDisi=1&sandikRumuzIlk=&sandikRumuzSon=&secimCevresiId=&sandikId=&sorguTuru=1,https://cbs1.tarimorman.gov.tr/server/rest/services/TATUS/MapServer/12,Selahattin Demirtaş,Selahattin Demirtaş,296375,224931,7551,232482,78.44,66408,0,first,,,Selahattin Demirtaş,Selahattin Demirtaş,137829,Province,TR-04,official,Official YSK domestic province total. Overseas and customs votes are included in the national result but are not assigned to provinces.
Ağrı,https://acikveri.ysk.gov.tr/api/getSecimSandikSonucList?secimId=16300&secimTuru=9&ilId=&ilceId=&beldeId=&birimId=&muhtarlikId=&cezaeviId=&sandikTuru=&sandikNoIlk=&sandikNoSon=&ulkeId=&disTemsilcilikId=&gumrukId=&yurtIciDisi=1&sandikRumuzIlk=&sandikRumuzSon=&secimCevresiId=&sandikId=&sorguTuru=1,https://cbs1.tarimorman.gov.tr/server/rest/services/TATUS/MapServer/12,Selahattin Demirtaş,Selahattin Demirtaş,296375,224931,7551,232482,78.44,66408,0,first,,,Recep Tayyip Erdoğan,Recep Tayyip Erdoğan,71421,Province,TR-04,official,Official YSK domestic province total. Overseas and customs votes are included in the national result but are not assigned to provinces.
Ağrı,https://acikveri.ysk.gov.tr/api/getSecimSandikSonucList?secimId=16300&secimTuru=9&ilId=&ilceId=&beldeId=&birimId=&muhtarlikId=&cezaeviId=&sandikTuru=&sandikNoIlk=&sandikNoSon=&ulkeId=&disTemsilcilikId=&gumrukId=&yurtIciDisi=1&sandikRumuzIlk=&sandikRumuzSon=&secimCevresiId=&sandikId=&sorguTuru=1,https://cbs1.tarimorman.gov.tr/server/rest/services/TATUS/MapServer/12,Selahattin Demirtaş,Selahattin Demirtaş,296375,224931,7551,232482,78.44,66408,0,first,,,Muharrem İnce,Muharrem İnce,11296,Province,TR-04,official,Official YSK domestic province total. Overseas and customs votes are included in the national result but are not assigned to provinces.
Ağrı,https://acikveri.ysk.gov.tr/api/getSecimSandikSonucList?secimId=16300&secimTuru=9&ilId=&ilceId=&beldeId=&birimId=&muhtarlikId=&cezaeviId=&sandikTuru=&sandikNoIlk=&sandikNoSon=&ulkeId=&disTemsilcilikId=&gumrukId=&yurtIciDisi=1&sandikRumuzIlk=&sandikRumuzSon=&secimCevresiId=&sandikId=&sorguTuru=1,https://cbs1.tarimorman.gov.tr/server/rest/services/TATUS/MapServer/12,Selahattin Demirtaş,Selahattin Demirtaş,296375,224931,7551,232482,78.44,66408,0,first,,,Meral Akşener,Meral Akşener,2571,Province,TR-04,official,Official YSK domestic province total. Overseas and customs votes are included in the national result but are not assigned to provinces.
Ağrı,https://acikveri.ysk.gov.tr/api/getSecimSandikSonucList?secimId=16300&secimTuru=9&ilId=&ilceId=&beldeId=&birimId=&muhtarlikId=&cezaeviId=&sandikTuru=&sandikNoIlk=&sandikNoSon=&ulkeId=&disTemsilcilikId=&gumrukId=&yurtIciDisi=1&sandikRumuzIlk=&sandikRumuzSon=&secimCevresiId=&sandikId=&sorguTuru=1,https://cbs1.tarimorman.gov.tr/server/rest/services/TATUS/MapServer/12,Selahattin Demirtaş,Selahattin Demirtaş,296375,224931,7551,232482,78.44,66408,0,first,,,Temel Karamollaoğlu,Temel Karamollaoğlu,1561,Province,TR-04,official,Official YSK domestic province total. Overseas and customs votes are included in the national result but are not assigned to provinces.
Ağrı,https://acikveri.ysk.gov.tr/api/getSecimSandikSonucList?secimId=16300&secimTuru=9&ilId=&ilceId=&beldeId=&birimId=&muhtarlikId=&cezaeviId=&sandikTuru=&sandikNoIlk=&sandikNoSon=&ulkeId=&disTemsilcilikId=&gumrukId=&yurtIciDisi=1&sandikRumuzIlk=&sandikRumuzSon=&secimCevresiId=&sandikId=&sorguTuru=1,https://cbs1.tarimorman.gov.tr/server/rest/services/TATUS/MapServer/12,Selahattin Demirtaş,Selahattin Demirtaş,296375,224931,7551,232482,78.44,66408,0,first,,,Doğu Perinçek,Doğu Perinçek,253,Province,TR-04,official,Official YSK domestic province total. Overseas and customs votes are included in the national result but are not assigned to provinces.
Aksaray,https://acikveri.ysk.gov.tr/api/getSecimSandikSonucList?secimId=16300&secimTuru=9&ilId=&ilceId=&beldeId=&birimId=&muhtarlikId=&cezaeviId=&sandikTuru=&sandikNoIlk=&sandikNoSon=&ulkeId=&disTemsilcilikId=&gumrukId=&yurtIciDisi=1&sandikRumuzIlk=&sandikRumuzSon=&secimCevresiId=&sandikId=&sorguTuru=1,https://cbs1.tarimorman.gov.tr/server/rest/services/TATUS/MapServer/12,Recep Tayyip Erdoğan,Recep Tayyip Erdoğan,267068,225463,6675,232138,86.92,139796,0,first,,,Recep Tayyip Erdoğan,Recep Tayyip Erdoğan,171789,Province,TR-68,official,Official YSK domestic province total. Overseas and customs votes are included in the national result but are not assigned to provinces.
Aksaray,https://acikveri.ysk.gov.tr/api/getSecimSandikSonucList?secimId=16300&secimTuru=9&ilId=&ilceId=&beldeId=&birimId=&muhtarlikId=&cezaeviId=&sandikTuru=&sandikNoIlk=&sandikNoSon=&ulkeId=&disTemsilcilikId=&gumrukId=&yurtIciDisi=1&sandikRumuzIlk=&sandikRumuzSon=&secimCevresiId=&sandikId=&sorguTuru=1,https://cbs1.tarimorman.gov.tr/server/rest/services/TATUS/MapServer/12,Recep Tayyip Erdoğan,Recep Tayyip Erdoğan,267068,225463,6675,232138,86.92,139796,0,first,,,Muharrem İnce,Muharrem İnce,31993,Province,TR-68,official,Official YSK domestic province total. Overseas and customs votes are included in the national result but are not assigned to provinces.
Aksaray,https://acikveri.ysk.gov.tr/api/getSecimSandikSonucList?secimId=16300&secimTuru=9&ilId=&ilceId=&beldeId=&birimId=&muhtarlikId=&cezaeviId=&sandikTuru=&sandikNoIlk=&sandikNoSon=&ulkeId=&disTemsilcilikId=&gumrukId=&yurtIciDisi=1&sandikRumuzIlk=&sandikRumuzSon=&secimCevresiId=&sandikId=&sorguTuru=1,https://cbs1.tarimorman.gov.tr/server/rest/services/TATUS/MapServer/12,Recep Tayyip Erdoğan,Recep Tayyip Erdoğan,267068,225463,6675,232138,86.92,139796,0,first,,,Meral Akşener,Meral Akşener,18302,Province,TR-68,official,Official YSK domestic province total. Overseas and customs votes are included in the national result but are not assigned to provinces.
Aksaray,https://acikveri.ysk.gov.tr/api/getSecimSandikSonucList?secimId=16300&secimTuru=9&ilId=&ilceId=&beldeId=&birimId=&muhtarlikId=&cezaeviId=&sandikTuru=&sandikNoIlk=&sandikNoSon=&ulkeId=&disTemsilcilikId=&gumrukId=&yurtIciDisi=1&sandikRumuzIlk=&sandikRumuzSon=&secimCevresiId=&sandikId=&sorguTuru=1,https://cbs1.tarimorman.gov.tr/server/rest/services/TATUS/MapServer/12,Recep Tayyip Erdoğan,Recep Tayyip Erdoğan,267068,225463,6675,232138,86.92,139796,0,first,,,Temel Karamollaoğlu,Temel Karamollaoğlu,1702,Province,TR-68,official,Official YSK domestic province total. Overseas and customs votes are included in the national result but are not assigned to provinces.
Aksaray,https://acikveri.ysk.gov.tr/api/getSecimSandikSonucList?secimId=16300&secimTuru=9&ilId=&ilceId=&beldeId=&birimId=&muhtarlikId=&cezaeviId=&sandikTuru=&sandikNoIlk=&sandikNoSon=&ulkeId=&disTemsilcilikId=&gumrukId=&yurtIciDisi=1&sandikRumuzIlk=&sandikRumuzSon=&secimCevresiId=&sandikId=&sorguTuru=1,https://cbs1.tarimorman.gov.tr/server/rest/services/TATUS/MapServer/12,Recep Tayyip Erdoğan,Recep Tayyip Erdoğan,267068,225463,6675,232138,86.92,139796,0,first,,,Selahattin Demirtaş,Selahattin Demirtaş,1358,Province,TR-68,official,Official YSK domestic province total. Overseas and customs votes are included in the national result but are not assigned to provinces.
Aksaray,https://acikveri.ysk.gov.tr/api/getSecimSandikSonucList?secimId=16300&secimTuru=9&ilId=&ilceId=&beldeId=&birimId=&muhtarlikId=&cezaeviId=&sandikTuru=&sandikNoIlk=&sandikNoSon=&ulkeId=&disTemsilcilikId=&gumrukId=&yurtIciDisi=1&sandikRumuzIlk=&sandikRumuzSon=&secimCevresiId=&sandikId=&sorguTuru=1,https://cbs1.tarimorman.gov.tr/server/rest/services/TATUS/MapServer/12,Recep Tayyip Erdoğan,Recep Tayyip Erdoğan,267068,225463,6675,232138,86.92,139796,0,first,,,Doğu Perinçek,Doğu Perinçek,319,Province,TR-68,official,Official YSK domestic province total. Overseas and customs votes are included in the national result but are not assigned to provinces.
Amasya,https://acikveri.ysk.gov.tr/api/getSecimSandikSonucList?secimId=16300&secimTuru=9&ilId=&ilceId=&beldeId=&birimId=&muhtarlikId=&cezaeviId=&sandikTuru=&sandikNoIlk=&sandikNoSon=&ulkeId=&disTemsilcilikId=&gumrukId=&yurtIciDisi=1&sandikRumuzIlk=&sandikRumuzSon=&secimCevresiId=&sandikId=&sorguTuru=1,https://cbs1.tarimorman.gov.tr/server/rest/services/TATUS/MapServer/12,Recep Tayyip Erdoğan,Recep Tayyip Erdoğan,246896,219408,6137,225545,91.35,58181,0,first,,,Recep Tayyip Erdoğan,Recep Tayyip Erdoğan,126075,Province,TR-05,official,Official YSK domestic province total. Overseas and customs votes are included in the national result but are not assigned to provinces.
Amasya,https://acikveri.ysk.gov.tr/api/getSecimSandikSonucList?secimId=16300&secimTuru=9&ilId=&ilceId=&beldeId=&birimId=&muhtarlikId=&cezaeviId=&sandikTuru=&sandikNoIlk=&sandikNoSon=&ulkeId=&disTemsilcilikId=&gumrukId=&yurtIciDisi=1&sandikRumuzIlk=&sandikRumuzSon=&secimCevresiId=&sandikId=&sorguTuru=1,https://cbs1.tarimorman.gov.tr/server/rest/services/TATUS/MapServer/12,Recep Tayyip Erdoğan,Recep Tayyip Erdoğan,246896,219408,6137,225545,91.35,58181,0,first,,,Muharrem İnce,Muharrem İnce,67894,Province,TR-05,official,Official YSK domestic province total. Overseas and customs votes are included in the national result but are not assigned to provinces.
Amasya,https://acikveri.ysk.gov.tr/api/getSecimSandikSonucList?secimId=16300&secimTuru=9&ilId=&ilceId=&beldeId=&birimId=&muhtarlikId=&cezaeviId=&sandikTuru=&sandikNoIlk=&sandikNoSon=&ulkeId=&disTemsilcilikId=&gumrukId=&yurtIciDisi=1&sandikRumuzIlk=&sandikRumuzSon=&secimCevresiId=&sandikId=&sorguTuru=1,https://cbs1.tarimorman.gov.tr/server/rest/services/TATUS/MapServer/12,Recep Tayyip Erdoğan,Recep Tayyip Erdoğan,246896,219408,6137,225545,91.35,58181,0,first,,,Meral Akşener,Meral Akşener,22279,Province,TR-05,official,Official YSK domestic province total. Overseas and customs votes are included in the national result but are not assigned to provinces.
Amasya,https://acikveri.ysk.gov.tr/api/getSecimSandikSonucList?secimId=16300&secimTuru=9&ilId=&ilceId=&beldeId=&birimId=&muhtarlikId=&cezaeviId=&sandikTuru=&sandikNoIlk=&sandikNoSon=&ulkeId=&disTemsilcilikId=&gumrukId=&yurtIciDisi=1&sandikRumuzIlk=&sandikRumuzSon=&secimCevresiId=&sandikId=&sorguTuru=1,https://cbs1.tarimorman.gov.tr/server/rest/services/TATUS/MapServer/12,Recep Tayyip Erdoğan,Recep Tayyip Erdoğan,246896,219408,6137,225545,91.35,58181,0,first,,,Temel Karamollaoğlu,Temel Karamollaoğlu,1936,Province,TR-05,official,Official YSK domestic province total. Overseas and customs votes are included in the national result but are not assigned to provinces.
Amasya,https://acikveri.ysk.gov.tr/api/getSecimSandikSonucList?secimId=16300&secimTuru=9&ilId=&ilceId=&beldeId=&birimId=&muhtarlikId=&cezaeviId=&sandikTuru=&sandikNoIlk=&sandikNoSon=&ulkeId=&disTemsilcilikId=&gumrukId=&yurtIciDisi=1&sandikRumuzIlk=&sandikRumuzSon=&secimCevresiId=&sandikId=&sorguTuru=1,https://cbs1.tarimorman.gov.tr/server/rest/services/TATUS/MapServer/12,Recep Tayyip Erdoğan,Recep Tayyip Erdoğan,246896,219408,6137,225545,91.35,58181,0,first,,,Selahattin Demirtaş,Selahattin Demirtaş,842,Province,TR-05,official,Official YSK domestic province total. Overseas and customs votes are included in the national result but are not assigned to provinces.
Amasya,https://acikveri.ysk.gov.tr/api/getSecimSandikSonucList?secimId=16300&secimTuru=9&ilId=&ilceId=&beldeId=&birimId=&muhtarlikId=&cezaeviId=&sandikTuru=&sandikNoIlk=&sandikNoSon=&ulkeId=&disTemsilcilikId=&gumrukId=&yurtIciDisi=1&sandikRumuzIlk=&sandikRumuzSon=&secimCevresiId=&sandikId=&sorguTuru=1,https://cbs1.tarimorman.gov.tr/server/rest/services/TATUS/MapServer/12,Recep Tayyip Erdoğan,Recep Tayyip Erdoğan,246896,219408,6137,225545,91.35,58181,0,first,,,Doğu Perinçek,Doğu Perinçek,382,Province,TR-05,official,Official YSK domestic province total. Overseas and customs votes are included in the national result but are not assigned to provinces.
Ankara,https://acikveri.ysk.gov.tr/api/getSecimSandikSonucList?secimId=16300&secimTuru=9&ilId=&ilceId=&beldeId=&birimId=&muhtarlikId=&cezaeviId=&sandikTuru=&sandikNoIlk=&sandikNoSon=&ulkeId=&disTemsilcilikId=&gumrukId=&yurtIciDisi=1&sandikRumuzIlk=&sandikRumuzSon=&secimCevresiId=&sandikId=&sorguTuru=1,https://cbs1.tarimorman.gov.tr/server/rest/services/TATUS/MapServer/12,Recep Tayyip Erdoğan,Recep Tayyip Erdoğan,3909586,3429877,62489,3492366,89.33,524419,0,first,,,Recep Tayyip Erdoğan,Recep Tayyip Erdoğan,1767006,Province,TR-06,official,Official YSK domestic province total. Overseas and customs votes are included in the national result but are not assigned to provinces.
Ankara,https://acikveri.ysk.gov.tr/api/getSecimSandikSonucList?secimId=16300&secimTuru=9&ilId=&ilceId=&beldeId=&birimId=&muhtarlikId=&cezaeviId=&sandikTuru=&sandikNoIlk=&sandikNoSon=&ulkeId=&disTemsilcilikId=&gumrukId=&yurtIciDisi=1&sandikRumuzIlk=&sandikRumuzSon=&secimCevresiId=&sandikId=&sorguTuru=1,https://cbs1.tarimorman.gov.tr/server/rest/services/TATUS/MapServer/12,Recep Tayyip Erdoğan,Recep Tayyip Erdoğan,3909586,3429877,62489,3492366,89.33,524419,0,first,,,Muharrem İnce,Muharrem İnce,1242587,Province,TR-06,official,Official YSK domestic province total. Overseas and customs votes are included in the national result but are not assigned to provinces.
Ankara,https://acikveri.ysk.gov.tr/api/getSecimSandikSonucList?secimId=16300&secimTuru=9&ilId=&ilceId=&beldeId=&birimId=&muhtarlikId=&cezaeviId=&sandikTuru=&sandikNoIlk=&sandikNoSon=&ulkeId=&disTemsilcilikId=&gumrukId=&yurtIciDisi=1&sandikRumuzIlk=&sandikRumuzSon=&secimCevresiId=&sandikId=&sorguTuru=1,https://cbs1.tarimorman.gov.tr/server/rest/services/TATUS/MapServer/12,Recep Tayyip Erdoğan,Recep Tayyip Erdoğan,3909586,3429877,62489,3492366,89.33,524419,0,first,,,Meral Akşener,Meral Akşener,310129,Province,TR-06,official,Official YSK domestic province total. Overseas and customs votes are included in the national result but are not assigned to provinces.
Ankara,https://acikveri.ysk.gov.tr/api/getSecimSandikSonucList?secimId=16300&secimTuru=9&ilId=&ilceId=&beldeId=&birimId=&muhtarlikId=&cezaeviId=&sandikTuru=&sandikNoIlk=&sandikNoSon=&ulkeId=&disTemsilcilikId=&gumrukId=&yurtIciDisi=1&sandikRumuzIlk=&sandikRumuzSon=&secimCevresiId=&sandikId=&sorguTuru=1,https://cbs1.tarimorman.gov.tr/server/rest/services/TATUS/MapServer/12,Recep Tayyip Erdoğan,Recep Tayyip Erdoğan,3909586,3429877,62489,3492366,89.33,524419,0,first,,,Selahattin Demirtaş,Selahattin Demirtaş,70752,Province,TR-06,official,Official YSK domestic province total. Overseas and customs votes are included in the national result but are not assigned to provinces.
Ankara,https://acikveri.ysk.gov.tr/api/getSecimSandikSonucList?secimId=16300&secimTuru=9&ilId=&ilceId=&beldeId=&birimId=&muhtarlikId=&cezaeviId=&sandikTuru=&sandikNoIlk=&sandikNoSon=&ulkeId=&disTemsilcilikId=&gumrukId=&yurtIciDisi=1&sandikRumuzIlk=&sandikRumuzSon=&secimCevresiId=&sandikId=&sorguTuru=1,https://cbs1.tarimorman.gov.tr/server/rest/services/TATUS/MapServer/12,Recep Tayyip Erdoğan,Recep Tayyip Erdoğan,3909586,3429877,62489,3492366,89.33,524419,0,first,,,Temel Karamollaoğlu,Temel Karamollaoğlu,32295,Province,TR-06,official,Official YSK domestic province total. Overseas and customs votes are included in the national result but are not assigned to provinces.
Ankara,https://acikveri.ysk.gov.tr/api/getSecimSandikSonucList?secimId=16300&secimTuru=9&ilId=&ilceId=&beldeId=&birimId=&muhtarlikId=&cezaeviId=&sandikTuru=&sandikNoIlk=&sandikNoSon=&ulkeId=&disTemsilcilikId=&gumrukId=&yurtIciDisi=1&sandikRumuzIlk=&sandikRumuzSon=&secimCevresiId=&sandikId=&sorguTuru=1,https://cbs1.tarimorman.gov.tr/server/rest/services/TATUS/MapServer/12,Recep Tayyip Erdoğan,Recep Tayyip Erdoğan,3909586,3429877,62489,3492366,89.33,524419,0,first,,,Doğu Perinçek,Doğu Perinçek,7108,Province,TR-06,official,Official YSK domestic province total. Overseas and customs votes are included in the national result but are not assigned to provinces.
Antalya,https://acikveri.ysk.gov.tr/api/getSecimSandikSonucList?secimId=16300&secimTuru=9&ilId=&ilceId=&beldeId=&birimId=&muhtarlikId=&cezaeviId=&sandikTuru=&sandikNoIlk=&sandikNoSon=&ulkeId=&disTemsilcilikId=&gumrukId=&yurtIciDisi=1&sandikRumuzIlk=&sandikRumuzSon=&secimCevresiId=&sandikId=&sorguTuru=1,https://cbs1.tarimorman.gov.tr/server/rest/services/TATUS/MapServer/12,Recep Tayyip Erdoğan,Recep Tayyip Erdoğan,1683522,1438596,30296,1468892,87.25,57974,0,first,,,Recep Tayyip Erdoğan,Recep Tayyip Erdoğan,616021,Province,TR-07,official,Official YSK domestic province total. Overseas and customs votes are included in the national result but are not assigned to provinces.
Antalya,https://acikveri.ysk.gov.tr/api/getSecimSandikSonucList?secimId=16300&secimTuru=9&ilId=&ilceId=&beldeId=&birimId=&muhtarlikId=&cezaeviId=&sandikTuru=&sandikNoIlk=&sandikNoSon=&ulkeId=&disTemsilcilikId=&gumrukId=&yurtIciDisi=1&sandikRumuzIlk=&sandikRumuzSon=&secimCevresiId=&sandikId=&sorguTuru=1,https://cbs1.tarimorman.gov.tr/server/rest/services/TATUS/MapServer/12,Recep Tayyip Erdoğan,Recep Tayyip Erdoğan,1683522,1438596,30296,1468892,87.25,57974,0,first,,,Muharrem İnce,Muharrem İnce,558047,Province,TR-07,official,Official YSK domestic province total. Overseas and customs votes are included in the national result but are not assigned to provinces.
Antalya,https://acikveri.ysk.gov.tr/api/getSecimSandikSonucList?secimId=16300&secimTuru=9&ilId=&ilceId=&beldeId=&birimId=&muhtarlikId=&cezaeviId=&sandikTuru=&sandikNoIlk=&sandikNoSon=&ulkeId=&disTemsilcilikId=&gumrukId=&yurtIciDisi=1&sandikRumuzIlk=&sandikRumuzSon=&secimCevresiId=&sandikId=&sorguTuru=1,https://cbs1.tarimorman.gov.tr/server/rest/services/TATUS/MapServer/12,Recep Tayyip Erdoğan,Recep Tayyip Erdoğan,1683522,1438596,30296,1468892,87.25,57974,0,first,,,Meral Akşener,Meral Akşener,193973,Province,TR-07,official,Official YSK domestic province total. Overseas and customs votes are included in the national result but are not assigned to provinces.
Antalya,https://acikveri.ysk.gov.tr/api/getSecimSandikSonucList?secimId=16300&secimTuru=9&ilId=&ilceId=&beldeId=&birimId=&muhtarlikId=&cezaeviId=&sandikTuru=&sandikNoIlk=&sandikNoSon=&ulkeId=&disTemsilcilikId=&gumrukId=&yurtIciDisi=1&sandikRumuzIlk=&sandikRumuzSon=&secimCevresiId=&sandikId=&sorguTuru=1,https://cbs1.tarimorman.gov.tr/server/rest/services/TATUS/MapServer/12,Recep Tayyip Erdoğan,Recep Tayyip Erdoğan,1683522,1438596,30296,1468892,87.25,57974,0,first,,,Selahattin Demirtaş,Selahattin Demirtaş,58956,Province,TR-07,official,Official YSK domestic province total. Overseas and customs votes are included in the national result but are not assigned to provinces.
Antalya,https://acikveri.ysk.gov.tr/api/getSecimSandikSonucList?secimId=16300&secimTuru=9&ilId=&ilceId=&beldeId=&birimId=&muhtarlikId=&cezaeviId=&sandikTuru=&sandikNoIlk=&sandikNoSon=&ulkeId=&disTemsilcilikId=&gumrukId=&yurtIciDisi=1&sandikRumuzIlk=&sandikRumuzSon=&secimCevresiId=&sandikId=&sorguTuru=1,https://cbs1.tarimorman.gov.tr/server/rest/services/TATUS/MapServer/12,Recep Tayyip Erdoğan,Recep Tayyip Erdoğan,1683522,1438596,30296,1468892,87.25,57974,0,first,,,Temel Karamollaoğlu,Temel Karamollaoğlu,8581,Province,TR-07,official,Official YSK domestic province total. Overseas and customs votes are included in the national result but are not assigned to provinces.
Antalya,https://acikveri.ysk.gov.tr/api/getSecimSandikSonucList?secimId=16300&secimTuru=9&ilId=&ilceId=&beldeId=&birimId=&muhtarlikId=&cezaeviId=&sandikTuru=&sandikNoIlk=&sandikNoSon=&ulkeId=&disTemsilcilikId=&gumrukId=&yurtIciDisi=1&sandikRumuzIlk=&sandikRumuzSon=&secimCevresiId=&sandikId=&sorguTuru=1,https://cbs1.tarimorman.gov.tr/server/rest/services/TATUS/MapServer/12,Recep Tayyip Erdoğan,Recep Tayyip Erdoğan,1683522,1438596,30296,1468892,87.25,57974,0,first,,,Doğu Perinçek,Doğu Perinçek,3018,Province,TR-07,official,Official YSK domestic province total. Overseas and customs votes are included in the national result but are not assigned to provinces.
Ardahan,https://acikveri.ysk.gov.tr/api/getSecimSandikSonucList?secimId=16300&secimTuru=9&ilId=&ilceId=&beldeId=&birimId=&muhtarlikId=&cezaeviId=&sandikTuru=&sandikNoIlk=&sandikNoSon=&ulkeId=&disTemsilcilikId=&gumrukId=&yurtIciDisi=1&sandikRumuzIlk=&sandikRumuzSon=&secimCevresiId=&sandikId=&sorguTuru=1,https://cbs1.tarimorman.gov.tr/server/rest/services/TATUS/MapServer/12,Recep Tayyip Erdoğan,Recep Tayyip Erdoğan,69575,56504,2381,58885,84.64,3266,0,first,,,Recep Tayyip Erdoğan,Recep Tayyip Erdoğan,24056,Province,TR-75,official,Official YSK domestic province total. Overseas and customs votes are included in the national result but are not assigned to provinces.
Ardahan,https://acikveri.ysk.gov.tr/api/getSecimSandikSonucList?secimId=16300&secimTuru=9&ilId=&ilceId=&beldeId=&birimId=&muhtarlikId=&cezaeviId=&sandikTuru=&sandikNoIlk=&sandikNoSon=&ulkeId=&disTemsilcilikId=&gumrukId=&yurtIciDisi=1&sandikRumuzIlk=&sandikRumuzSon=&secimCevresiId=&sandikId=&sorguTuru=1,https://cbs1.tarimorman.gov.tr/server/rest/services/TATUS/MapServer/12,Recep Tayyip Erdoğan,Recep Tayyip Erdoğan,69575,56504,2381,58885,84.64,3266,0,first,,,Muharrem İnce,Muharrem İnce,20790,Province,TR-75,official,Official YSK domestic province total. Overseas and customs votes are included in the national result but are not assigned to provinces.
Ardahan,https://acikveri.ysk.gov.tr/api/getSecimSandikSonucList?secimId=16300&secimTuru=9&ilId=&ilceId=&beldeId=&birimId=&muhtarlikId=&cezaeviId=&sandikTuru=&sandikNoIlk=&sandikNoSon=&ulkeId=&disTemsilcilikId=&gumrukId=&yurtIciDisi=1&sandikRumuzIlk=&sandikRumuzSon=&secimCevresiId=&sandikId=&sorguTuru=1,https://cbs1.tarimorman.gov.tr/server/rest/services/TATUS/MapServer/12,Recep Tayyip Erdoğan,Recep Tayyip Erdoğan,69575,56504,2381,58885,84.64,3266,0,first,,,Selahattin Demirtaş,Selahattin Demirtaş,8834,Province,TR-75,official,Official YSK domestic province total. Overseas and customs votes are included in the national result but are not assigned to provinces.
Ardahan,https://acikveri.ysk.gov.tr/api/getSecimSandikSonucList?secimId=16300&secimTuru=9&ilId=&ilceId=&beldeId=&birimId=&muhtarlikId=&cezaeviId=&sandikTuru=&sandikNoIlk=&sandikNoSon=&ulkeId=&disTemsilcilikId=&gumrukId=&yurtIciDisi=1&sandikRumuzIlk=&sandikRumuzSon=&secimCevresiId=&sandikId=&sorguTuru=1,https://cbs1.tarimorman.gov.tr/server/rest/services/TATUS/MapServer/12,Recep Tayyip Erdoğan,Recep Tayyip Erdoğan,69575,56504,2381,58885,84.64,3266,0,first,,,Meral Akşener,Meral Akşener,2298,Province,TR-75,official,Official YSK domestic province total. Overseas and customs votes are included in the national result but are not assigned to provinces.
Ardahan,https://acikveri.ysk.gov.tr/api/getSecimSandikSonucList?secimId=16300&secimTuru=9&ilId=&ilceId=&beldeId=&birimId=&muhtarlikId=&cezaeviId=&sandikTuru=&sandikNoIlk=&sandikNoSon=&ulkeId=&disTemsilcilikId=&gumrukId=&yurtIciDisi=1&sandikRumuzIlk=&sandikRumuzSon=&secimCevresiId=&sandikId=&sorguTuru=1,https://cbs1.tarimorman.gov.tr/server/rest/services/TATUS/MapServer/12,Recep Tayyip Erdoğan,Recep Tayyip Erdoğan,69575,56504,2381,58885,84.64,3266,0,first,,,Temel Karamollaoğlu,Temel Karamollaoğlu,376,Province,TR-75,official,Official YSK domestic province total. Overseas and customs votes are included in the national result but are not assigned to provinces.
Ardahan,https://acikveri.ysk.gov.tr/api/getSecimSandikSonucList?secimId=16300&secimTuru=9&ilId=&ilceId=&beldeId=&birimId=&muhtarlikId=&cezaeviId=&sandikTuru=&sandikNoIlk=&sandikNoSon=&ulkeId=&disTemsilcilikId=&gumrukId=&yurtIciDisi=1&sandikRumuzIlk=&sandikRumuzSon=&secimCevresiId=&sandikId=&sorguTuru=1,https://cbs1.tarimorman.gov.tr/server/rest/services/TATUS/MapServer/12,Recep Tayyip Erdoğan,Recep Tayyip Erdoğan,69575,56504,2381,58885,84.64,3266,0,first,,,Doğu Perinçek,Doğu Perinçek,150,Province,TR-75,official,Official YSK domestic province total. Overseas and customs votes are included in the national result but are not assigned to provinces.
Artvin,https://acikveri.ysk.gov.tr/api/getSecimSandikSonucList?secimId=16300&secimTuru=9&ilId=&ilceId=&beldeId=&birimId=&muhtarlikId=&cezaeviId=&sandikTuru=&sandikNoIlk=&sandikNoSon=&ulkeId=&disTemsilcilikId=&gumrukId=&yurtIciDisi=1&sandikRumuzIlk=&sandikRumuzSon=&secimCevresiId=&sandikId=&sorguTuru=1,https://cbs1.tarimorman.gov.tr/server/rest/services/TATUS/MapServer/12,Recep Tayyip Erdoğan,Recep Tayyip Erdoğan,131386,111644,3465,115109,87.61,7661,0,first,,,Recep Tayyip Erdoğan,Recep Tayyip Erdoğan,53766,Province,TR-08,official,Official YSK domestic province total. Overseas and customs votes are included in the national result but are not assigned to provinces.
Artvin,https://acikveri.ysk.gov.tr/api/getSecimSandikSonucList?secimId=16300&secimTuru=9&ilId=&ilceId=&beldeId=&birimId=&muhtarlikId=&cezaeviId=&sandikTuru=&sandikNoIlk=&sandikNoSon=&ulkeId=&disTemsilcilikId=&gumrukId=&yurtIciDisi=1&sandikRumuzIlk=&sandikRumuzSon=&secimCevresiId=&sandikId=&sorguTuru=1,https://cbs1.tarimorman.gov.tr/server/rest/services/TATUS/MapServer/12,Recep Tayyip Erdoğan,Recep Tayyip Erdoğan,131386,111644,3465,115109,87.61,7661,0,first,,,Muharrem İnce,Muharrem İnce,46105,Province,TR-08,official,Official YSK domestic province total. Overseas and customs votes are included in the national result but are not assigned to provinces.
Artvin,https://acikveri.ysk.gov.tr/api/getSecimSandikSonucList?secimId=16300&secimTuru=9&ilId=&ilceId=&beldeId=&birimId=&muhtarlikId=&cezaeviId=&sandikTuru=&sandikNoIlk=&sandikNoSon=&ulkeId=&disTemsilcilikId=&gumrukId=&yurtIciDisi=1&sandikRumuzIlk=&sandikRumuzSon=&secimCevresiId=&sandikId=&sorguTuru=1,https://cbs1.tarimorman.gov.tr/server/rest/services/TATUS/MapServer/12,Recep Tayyip Erdoğan,Recep Tayyip Erdoğan,131386,111644,3465,115109,87.61,7661,0,first,,,Meral Akşener,Meral Akşener,9539,Province,TR-08,official,Official YSK domestic province total. Overseas and customs votes are included in the national result but are not assigned to provinces.
Artvin,https://acikveri.ysk.gov.tr/api/getSecimSandikSonucList?secimId=16300&secimTuru=9&ilId=&ilceId=&beldeId=&birimId=&muhtarlikId=&cezaeviId=&sandikTuru=&sandikNoIlk=&sandikNoSon=&ulkeId=&disTemsilcilikId=&gumrukId=&yurtIciDisi=1&sandikRumuzIlk=&sandikRumuzSon=&secimCevresiId=&sandikId=&sorguTuru=1,https://cbs1.tarimorman.gov.tr/server/rest/services/TATUS/MapServer/12,Recep Tayyip Erdoğan,Recep Tayyip Erdoğan,131386,111644,3465,115109,87.61,7661,0,first,,,Temel Karamollaoğlu,Temel Karamollaoğlu,1090,Province,TR-08,official,Official YSK domestic province total. Overseas and customs votes are included in the national result but are not assigned to provinces.
Artvin,https://acikveri.ysk.gov.tr/api/getSecimSandikSonucList?secimId=16300&secimTuru=9&ilId=&ilceId=&beldeId=&birimId=&muhtarlikId=&cezaeviId=&sandikTuru=&sandikNoIlk=&sandikNoSon=&ulkeId=&disTemsilcilikId=&gumrukId=&yurtIciDisi=1&sandikRumuzIlk=&sandikRumuzSon=&secimCevresiId=&sandikId=&sorguTuru=1,https://cbs1.tarimorman.gov.tr/server/rest/services/TATUS/MapServer/12,Recep Tayyip Erdoğan,Recep Tayyip Erdoğan,131386,111644,3465,115109,87.61,7661,0,first,,,Selahattin Demirtaş,Selahattin Demirtaş,840,Province,TR-08,official,Official YSK domestic province total. Overseas and customs votes are included in the national result but are not assigned to provinces.
Artvin,https://acikveri.ysk.gov.tr/api/getSecimSandikSonucList?secimId=16300&secimTuru=9&ilId=&ilceId=&beldeId=&birimId=&muhtarlikId=&cezaeviId=&sandikTuru=&sandikNoIlk=&sandikNoSon=&ulkeId=&disTemsilcilikId=&gumrukId=&yurtIciDisi=1&sandikRumuzIlk=&sandikRumuzSon=&secimCevresiId=&sandikId=&sorguTuru=1,https://cbs1.tarimorman.gov.tr/server/rest/services/TATUS/MapServer/12,Recep Tayyip Erdoğan,Recep Tayyip Erdoğan,131386,111644,3465,115109,87.61,7661,0,first,,,Doğu Perinçek,Doğu Perinçek,304,Province,TR-08,official,Official YSK domestic province total. Overseas and customs votes are included in the national result but are not assigned to provinces.
Aydın,https://acikveri.ysk.gov.tr/api/getSecimSandikSonucList?secimId=16300&secimTuru=9&ilId=&ilceId=&beldeId=&birimId=&muhtarlikId=&cezaeviId=&sandikTuru=&sandikNoIlk=&sandikNoSon=&ulkeId=&disTemsilcilikId=&gumrukId=&yurtIciDisi=1&sandikRumuzIlk=&sandikRumuzSon=&secimCevresiId=&sandikId=&sorguTuru=1,https://cbs1.tarimorman.gov.tr/server/rest/services/TATUS/MapServer/12,Muharrem İnce,Muharrem İnce,816894,707398,18904,726302,88.91,44243,0,first,,,Muharrem İnce,Muharrem İnce,312871,Province,TR-09,official,Official YSK domestic province total. Overseas and customs votes are included in the national result but are not assigned to provinces.
Aydın,https://acikveri.ysk.gov.tr/api/getSecimSandikSonucList?secimId=16300&secimTuru=9&ilId=&ilceId=&beldeId=&birimId=&muhtarlikId=&cezaeviId=&sandikTuru=&sandikNoIlk=&sandikNoSon=&ulkeId=&disTemsilcilikId=&gumrukId=&yurtIciDisi=1&sandikRumuzIlk=&sandikRumuzSon=&secimCevresiId=&sandikId=&sorguTuru=1,https://cbs1.tarimorman.gov.tr/server/rest/services/TATUS/MapServer/12,Muharrem İnce,Muharrem İnce,816894,707398,18904,726302,88.91,44243,0,first,,,Recep Tayyip Erdoğan,Recep Tayyip Erdoğan,268628,Province,TR-09,official,Official YSK domestic province total. Overseas and customs votes are included in the national result but are not assigned to provinces.
Aydın,https://acikveri.ysk.gov.tr/api/getSecimSandikSonucList?secimId=16300&secimTuru=9&ilId=&ilceId=&beldeId=&birimId=&muhtarlikId=&cezaeviId=&sandikTuru=&sandikNoIlk=&sandikNoSon=&ulkeId=&disTemsilcilikId=&gumrukId=&yurtIciDisi=1&sandikRumuzIlk=&sandikRumuzSon=&secimCevresiId=&sandikId=&sorguTuru=1,https://cbs1.tarimorman.gov.tr/server/rest/services/TATUS/MapServer/12,Muharrem İnce,Muharrem İnce,816894,707398,18904,726302,88.91,44243,0,first,,,Meral Akşener,Meral Akşener,79685,Province,TR-09,official,Official YSK domestic province total. Overseas and customs votes are included in the national result but are not assigned to provinces.
Aydın,https://acikveri.ysk.gov.tr/api/getSecimSandikSonucList?secimId=16300&secimTuru=9&ilId=&ilceId=&beldeId=&birimId=&muhtarlikId=&cezaeviId=&sandikTuru=&sandikNoIlk=&sandikNoSon=&ulkeId=&disTemsilcilikId=&gumrukId=&yurtIciDisi=1&sandikRumuzIlk=&sandikRumuzSon=&secimCevresiId=&sandikId=&sorguTuru=1,https://cbs1.tarimorman.gov.tr/server/rest/services/TATUS/MapServer/12,Muharrem İnce,Muharrem İnce,816894,707398,18904,726302,88.91,44243,0,first,,,Selahattin Demirtaş,Selahattin Demirtaş,40882,Province,TR-09,official,Official YSK domestic province total. Overseas and customs votes are included in the national result but are not assigned to provinces.
Aydın,https://acikveri.ysk.gov.tr/api/getSecimSandikSonucList?secimId=16300&secimTuru=9&ilId=&ilceId=&beldeId=&birimId=&muhtarlikId=&cezaeviId=&sandikTuru=&sandikNoIlk=&sandikNoSon=&ulkeId=&disTemsilcilikId=&gumrukId=&yurtIciDisi=1&sandikRumuzIlk=&sandikRumuzSon=&secimCevresiId=&sandikId=&sorguTuru=1,https://cbs1.tarimorman.gov.tr/server/rest/services/TATUS/MapServer/12,Muharrem İnce,Muharrem İnce,816894,707398,18904,726302,88.91,44243,0,first,,,Temel Karamollaoğlu,Temel Karamollaoğlu,3138,Province,TR-09,official,Official YSK domestic province total. Overseas and customs votes are included in the national result but are not assigned to provinces.
Aydın,https://acikveri.ysk.gov.tr/api/getSecimSandikSonucList?secimId=16300&secimTuru=9&ilId=&ilceId=&beldeId=&birimId=&muhtarlikId=&cezaeviId=&sandikTuru=&sandikNoIlk=&sandikNoSon=&ulkeId=&disTemsilcilikId=&gumrukId=&yurtIciDisi=1&sandikRumuzIlk=&sandikRumuzSon=&secimCevresiId=&sandikId=&sorguTuru=1,https://cbs1.tarimorman.gov.tr/server/rest/services/TATUS/MapServer/12,Muharrem İnce,Muharrem İnce,816894,707398,18904,726302,88.91,44243,0,first,,,Doğu Perinçek,Doğu Perinçek,2194,Province,TR-09,official,Official YSK domestic province total. Overseas and customs votes are included in the national result but are not assigned to provinces.
Balıkesir,https://acikveri.ysk.gov.tr/api/getSecimSandikSonucList?secimId=16300&secimTuru=9&ilId=&ilceId=&beldeId=&birimId=&muhtarlikId=&cezaeviId=&sandikTuru=&sandikNoIlk=&sandikNoSon=&ulkeId=&disTemsilcilikId=&gumrukId=&yurtIciDisi=1&sandikRumuzIlk=&sandikRumuzSon=&secimCevresiId=&sandikId=&sorguTuru=1,https://cbs1.tarimorman.gov.tr/server/rest/services/TATUS/MapServer/12,Recep Tayyip Erdoğan,Recep Tayyip Erdoğan,947177,838596,19639,858235,90.61,65773,0,first,,,Recep Tayyip Erdoğan,Recep Tayyip Erdoğan,397404,Province,TR-10,official,Official YSK domestic province total. Overseas and customs votes are included in the national result but are not assigned to provinces.
Balıkesir,https://acikveri.ysk.gov.tr/api/getSecimSandikSonucList?secimId=16300&secimTuru=9&ilId=&ilceId=&beldeId=&birimId=&muhtarlikId=&cezaeviId=&sandikTuru=&sandikNoIlk=&sandikNoSon=&ulkeId=&disTemsilcilikId=&gumrukId=&yurtIciDisi=1&sandikRumuzIlk=&sandikRumuzSon=&secimCevresiId=&sandikId=&sorguTuru=1,https://cbs1.tarimorman.gov.tr/server/rest/services/TATUS/MapServer/12,Recep Tayyip Erdoğan,Recep Tayyip Erdoğan,947177,838596,19639,858235,90.61,65773,0,first,,,Muharrem İnce,Muharrem İnce,331631,Province,TR-10,official,Official YSK domestic province total. Overseas and customs votes are included in the national result but are not assigned to provinces.
Balıkesir,https://acikveri.ysk.gov.tr/api/getSecimSandikSonucList?secimId=16300&secimTuru=9&ilId=&ilceId=&beldeId=&birimId=&muhtarlikId=&cezaeviId=&sandikTuru=&sandikNoIlk=&sandikNoSon=&ulkeId=&disTemsilcilikId=&gumrukId=&yurtIciDisi=1&sandikRumuzIlk=&sandikRumuzSon=&secimCevresiId=&sandikId=&sorguTuru=1,https://cbs1.tarimorman.gov.tr/server/rest/services/TATUS/MapServer/12,Recep Tayyip Erdoğan,Recep Tayyip Erdoğan,947177,838596,19639,858235,90.61,65773,0,first,,,Meral Akşener,Meral Akşener,86912,Province,TR-10,official,Official YSK domestic province total. Overseas and customs votes are included in the national result but are not assigned to provinces.
Balıkesir,https://acikveri.ysk.gov.tr/api/getSecimSandikSonucList?secimId=16300&secimTuru=9&ilId=&ilceId=&beldeId=&birimId=&muhtarlikId=&cezaeviId=&sandikTuru=&sandikNoIlk=&sandikNoSon=&ulkeId=&disTemsilcilikId=&gumrukId=&yurtIciDisi=1&sandikRumuzIlk=&sandikRumuzSon=&secimCevresiId=&sandikId=&sorguTuru=1,https://cbs1.tarimorman.gov.tr/server/rest/services/TATUS/MapServer/12,Recep Tayyip Erdoğan,Recep Tayyip Erdoğan,947177,838596,19639,858235,90.61,65773,0,first,,,Selahattin Demirtaş,Selahattin Demirtaş,14139,Province,TR-10,official,Official YSK domestic province total. Overseas and customs votes are included in the national result but are not assigned to provinces.
Balıkesir,https://acikveri.ysk.gov.tr/api/getSecimSandikSonucList?secimId=16300&secimTuru=9&ilId=&ilceId=&beldeId=&birimId=&muhtarlikId=&cezaeviId=&sandikTuru=&sandikNoIlk=&sandikNoSon=&ulkeId=&disTemsilcilikId=&gumrukId=&yurtIciDisi=1&sandikRumuzIlk=&sandikRumuzSon=&secimCevresiId=&sandikId=&sorguTuru=1,https://cbs1.tarimorman.gov.tr/server/rest/services/TATUS/MapServer/12,Recep Tayyip Erdoğan,Recep Tayyip Erdoğan,947177,838596,19639,858235,90.61,65773,0,first,,,Temel Karamollaoğlu,Temel Karamollaoğlu,6304,Province,TR-10,official,Official YSK domestic province total. Overseas and customs votes are included in the national result but are not assigned to provinces.
Balıkesir,https://acikveri.ysk.gov.tr/api/getSecimSandikSonucList?secimId=16300&secimTuru=9&ilId=&ilceId=&beldeId=&birimId=&muhtarlikId=&cezaeviId=&sandikTuru=&sandikNoIlk=&sandikNoSon=&ulkeId=&disTemsilcilikId=&gumrukId=&yurtIciDisi=1&sandikRumuzIlk=&sandikRumuzSon=&secimCevresiId=&sandikId=&sorguTuru=1,https://cbs1.tarimorman.gov.tr/server/rest/services/TATUS/MapServer/12,Recep Tayyip Erdoğan,Recep Tayyip Erdoğan,947177,838596,19639,858235,90.61,65773,0,first,,,Doğu Perinçek,Doğu Perinçek,2206,Province,TR-10,official,Official YSK domestic province total. Overseas and customs votes are included in the national result but are not assigned to provinces.
Bartın,https://acikveri.ysk.gov.tr/api/getSecimSandikSonucList?secimId=16300&secimTuru=9&ilId=&ilceId=&beldeId=&birimId=&muhtarlikId=&cezaeviId=&sandikTuru=&sandikNoIlk=&sandikNoSon=&ulkeId=&disTemsilcilikId=&gumrukId=&yurtIciDisi=1&sandikRumuzIlk=&sandikRumuzSon=&secimCevresiId=&sandikId=&sorguTuru=1,https://cbs1.tarimorman.gov.tr/server/rest/services/TATUS/MapServer/12,Recep Tayyip Erdoğan,Recep Tayyip Erdoğan,146984,122454,6204,128658,87.53,37112,0,first,,,Recep Tayyip Erdoğan,Recep Tayyip Erdoğan,74091,Province,TR-74,official,Official YSK domestic province total. Overseas and customs votes are included in the national result but are not assigned to provinces.
Bartın,https://acikveri.ysk.gov.tr/api/getSecimSandikSonucList?secimId=16300&secimTuru=9&ilId=&ilceId=&beldeId=&birimId=&muhtarlikId=&cezaeviId=&sandikTuru=&sandikNoIlk=&sandikNoSon=&ulkeId=&disTemsilcilikId=&gumrukId=&yurtIciDisi=1&sandikRumuzIlk=&sandikRumuzSon=&secimCevresiId=&sandikId=&sorguTuru=1,https://cbs1.tarimorman.gov.tr/server/rest/services/TATUS/MapServer/12,Recep Tayyip Erdoğan,Recep Tayyip Erdoğan,146984,122454,6204,128658,87.53,37112,0,first,,,Muharrem İnce,Muharrem İnce,36979,Province,TR-74,official,Official YSK domestic province total. Overseas and customs votes are included in the national result but are not assigned to provinces.
Bartın,https://acikveri.ysk.gov.tr/api/getSecimSandikSonucList?secimId=16300&secimTuru=9&ilId=&ilceId=&beldeId=&birimId=&muhtarlikId=&cezaeviId=&sandikTuru=&sandikNoIlk=&sandikNoSon=&ulkeId=&disTemsilcilikId=&gumrukId=&yurtIciDisi=1&sandikRumuzIlk=&sandikRumuzSon=&secimCevresiId=&sandikId=&sorguTuru=1,https://cbs1.tarimorman.gov.tr/server/rest/services/TATUS/MapServer/12,Recep Tayyip Erdoğan,Recep Tayyip Erdoğan,146984,122454,6204,128658,87.53,37112,0,first,,,Meral Akşener,Meral Akşener,8340,Province,TR-74,official,Official YSK domestic province total. Overseas and customs votes are included in the national result but are not assigned to provinces.
Bartın,https://acikveri.ysk.gov.tr/api/getSecimSandikSonucList?secimId=16300&secimTuru=9&ilId=&ilceId=&beldeId=&birimId=&muhtarlikId=&cezaeviId=&sandikTuru=&sandikNoIlk=&sandikNoSon=&ulkeId=&disTemsilcilikId=&gumrukId=&yurtIciDisi=1&sandikRumuzIlk=&sandikRumuzSon=&secimCevresiId=&sandikId=&sorguTuru=1,https://cbs1.tarimorman.gov.tr/server/rest/services/TATUS/MapServer/12,Recep Tayyip Erdoğan,Recep Tayyip Erdoğan,146984,122454,6204,128658,87.53,37112,0,first,,,Temel Karamollaoğlu,Temel Karamollaoğlu,1903,Province,TR-74,official,Official YSK domestic province total. Overseas and customs votes are included in the national result but are not assigned to provinces.
Bartın,https://acikveri.ysk.gov.tr/api/getSecimSandikSonucList?secimId=16300&secimTuru=9&ilId=&ilceId=&beldeId=&birimId=&muhtarlikId=&cezaeviId=&sandikTuru=&sandikNoIlk=&sandikNoSon=&ulkeId=&disTemsilcilikId=&gumrukId=&yurtIciDisi=1&sandikRumuzIlk=&sandikRumuzSon=&secimCevresiId=&sandikId=&sorguTuru=1,https://cbs1.tarimorman.gov.tr/server/rest/services/TATUS/MapServer/12,Recep Tayyip Erdoğan,Recep Tayyip Erdoğan,146984,122454,6204,128658,87.53,37112,0,first,,,Selahattin Demirtaş,Selahattin Demirtaş,693,Province,TR-74,official,Official YSK domestic province total. Overseas and customs votes are included in the national result but are not assigned to provinces.
Bartın,https://acikveri.ysk.gov.tr/api/getSecimSandikSonucList?secimId=16300&secimTuru=9&ilId=&ilceId=&beldeId=&birimId=&muhtarlikId=&cezaeviId=&sandikTuru=&sandikNoIlk=&sandikNoSon=&ulkeId=&disTemsilcilikId=&gumrukId=&yurtIciDisi=1&sandikRumuzIlk=&sandikRumuzSon=&secimCevresiId=&sandikId=&sorguTuru=1,https://cbs1.tarimorman.gov.tr/server/rest/services/TATUS/MapServer/12,Recep Tayyip Erdoğan,Recep Tayyip Erdoğan,146984,122454,6204,128658,87.53,37112,0,first,,,Doğu Perinçek,Doğu Perinçek,448,Province,TR-74,official,Official YSK domestic province total. Overseas and customs votes are included in the national result but are not assigned to provinces.
Batman,https://acikveri.ysk.gov.tr/api/getSecimSandikSonucList?secimId=16300&secimTuru=9&ilId=&ilceId=&beldeId=&birimId=&muhtarlikId=&cezaeviId=&sandikTuru=&sandikNoIlk=&sandikNoSon=&ulkeId=&disTemsilcilikId=&gumrukId=&yurtIciDisi=1&sandikRumuzIlk=&sandikRumuzSon=&secimCevresiId=&sandikId=&sorguTuru=1,https://cbs1.tarimorman.gov.tr/server/rest/services/TATUS/MapServer/12,Selahattin Demirtaş,Selahattin Demirtaş,342380,284102,9146,293248,85.65,88506,0,first,,,Selahattin Demirtaş,Selahattin Demirtaş,177821,Province,TR-72,official,Official YSK domestic province total. Overseas and customs votes are included in the national result but are not assigned to provinces.
Batman,https://acikveri.ysk.gov.tr/api/getSecimSandikSonucList?secimId=16300&secimTuru=9&ilId=&ilceId=&beldeId=&birimId=&muhtarlikId=&cezaeviId=&sandikTuru=&sandikNoIlk=&sandikNoSon=&ulkeId=&disTemsilcilikId=&gumrukId=&yurtIciDisi=1&sandikRumuzIlk=&sandikRumuzSon=&secimCevresiId=&sandikId=&sorguTuru=1,https://cbs1.tarimorman.gov.tr/server/rest/services/TATUS/MapServer/12,Selahattin Demirtaş,Selahattin Demirtaş,342380,284102,9146,293248,85.65,88506,0,first,,,Recep Tayyip Erdoğan,Recep Tayyip Erdoğan,89315,Province,TR-72,official,Official YSK domestic province total. Overseas and customs votes are included in the national result but are not assigned to provinces.
Batman,https://acikveri.ysk.gov.tr/api/getSecimSandikSonucList?secimId=16300&secimTuru=9&ilId=&ilceId=&beldeId=&birimId=&muhtarlikId=&cezaeviId=&sandikTuru=&sandikNoIlk=&sandikNoSon=&ulkeId=&disTemsilcilikId=&gumrukId=&yurtIciDisi=1&sandikRumuzIlk=&sandikRumuzSon=&secimCevresiId=&sandikId=&sorguTuru=1,https://cbs1.tarimorman.gov.tr/server/rest/services/TATUS/MapServer/12,Selahattin Demirtaş,Selahattin Demirtaş,342380,284102,9146,293248,85.65,88506,0,first,,,Muharrem İnce,Muharrem İnce,11747,Province,TR-72,official,Official YSK domestic province total. Overseas and customs votes are included in the national result but are not assigned to provinces.
Batman,https://acikveri.ysk.gov.tr/api/getSecimSandikSonucList?secimId=16300&secimTuru=9&ilId=&ilceId=&beldeId=&birimId=&muhtarlikId=&cezaeviId=&sandikTuru=&sandikNoIlk=&sandikNoSon=&ulkeId=&disTemsilcilikId=&gumrukId=&yurtIciDisi=1&sandikRumuzIlk=&sandikRumuzSon=&secimCevresiId=&sandikId=&sorguTuru=1,https://cbs1.tarimorman.gov.tr/server/rest/services/TATUS/MapServer/12,Selahattin Demirtaş,Selahattin Demirtaş,342380,284102,9146,293248,85.65,88506,0,first,,,Temel Karamollaoğlu,Temel Karamollaoğlu,2894,Province,TR-72,official,Official YSK domestic province total. Overseas and customs votes are included in the national result but are not assigned to provinces.
Batman,https://acikveri.ysk.gov.tr/api/getSecimSandikSonucList?secimId=16300&secimTuru=9&ilId=&ilceId=&beldeId=&birimId=&muhtarlikId=&cezaeviId=&sandikTuru=&sandikNoIlk=&sandikNoSon=&ulkeId=&disTemsilcilikId=&gumrukId=&yurtIciDisi=1&sandikRumuzIlk=&sandikRumuzSon=&secimCevresiId=&sandikId=&sorguTuru=1,https://cbs1.tarimorman.gov.tr/server/rest/services/TATUS/MapServer/12,Selahattin Demirtaş,Selahattin Demirtaş,342380,284102,9146,293248,85.65,88506,0,first,,,Meral Akşener,Meral Akşener,2041,Province,TR-72,official,Official YSK domestic province total. Overseas and customs votes are included in the national result but are not assigned to provinces.
Batman,https://acikveri.ysk.gov.tr/api/getSecimSandikSonucList?secimId=16300&secimTuru=9&ilId=&ilceId=&beldeId=&birimId=&muhtarlikId=&cezaeviId=&sandikTuru=&sandikNoIlk=&sandikNoSon=&ulkeId=&disTemsilcilikId=&gumrukId=&yurtIciDisi=1&sandikRumuzIlk=&sandikRumuzSon=&secimCevresiId=&sandikId=&sorguTuru=1,https://cbs1.tarimorman.gov.tr/server/rest/services/TATUS/MapServer/12,Selahattin Demirtaş,Selahattin Demirtaş,342380,284102,9146,293248,85.65,88506,0,first,,,Doğu Perinçek,Doğu Perinçek,284,Province,TR-72,official,Official YSK domestic province total. Overseas and customs votes are included in the national result but are not assigned to provinces.
Bayburt,https://acikveri.ysk.gov.tr/api/getSecimSandikSonucList?secimId=16300&secimTuru=9&ilId=&ilceId=&beldeId=&birimId=&muhtarlikId=&cezaeviId=&sandikTuru=&sandikNoIlk=&sandikNoSon=&ulkeId=&disTemsilcilikId=&gumrukId=&yurtIciDisi=1&sandikRumuzIlk=&sandikRumuzSon=&secimCevresiId=&sandikId=&sorguTuru=1,https://cbs1.tarimorman.gov.tr/server/rest/services/TATUS/MapServer/12,Recep Tayyip Erdoğan,Recep Tayyip Erdoğan,56249,47293,1077,48370,85.99,34660,0,first,,,Recep Tayyip Erdoğan,Recep Tayyip Erdoğan,38826,Province,TR-69,official,Official YSK domestic province total. Overseas and customs votes are included in the national result but are not assigned to provinces.
Bayburt,https://acikveri.ysk.gov.tr/api/getSecimSandikSonucList?secimId=16300&secimTuru=9&ilId=&ilceId=&beldeId=&birimId=&muhtarlikId=&cezaeviId=&sandikTuru=&sandikNoIlk=&sandikNoSon=&ulkeId=&disTemsilcilikId=&gumrukId=&yurtIciDisi=1&sandikRumuzIlk=&sandikRumuzSon=&secimCevresiId=&sandikId=&sorguTuru=1,https://cbs1.tarimorman.gov.tr/server/rest/services/TATUS/MapServer/12,Recep Tayyip Erdoğan,Recep Tayyip Erdoğan,56249,47293,1077,48370,85.99,34660,0,first,,,Muharrem İnce,Muharrem İnce,4166,Province,TR-69,official,Official YSK domestic province total. Overseas and customs votes are included in the national result but are not assigned to provinces.
Bayburt,https://acikveri.ysk.gov.tr/api/getSecimSandikSonucList?secimId=16300&secimTuru=9&ilId=&ilceId=&beldeId=&birimId=&muhtarlikId=&cezaeviId=&sandikTuru=&sandikNoIlk=&sandikNoSon=&ulkeId=&disTemsilcilikId=&gumrukId=&yurtIciDisi=1&sandikRumuzIlk=&sandikRumuzSon=&secimCevresiId=&sandikId=&sorguTuru=1,https://cbs1.tarimorman.gov.tr/server/rest/services/TATUS/MapServer/12,Recep Tayyip Erdoğan,Recep Tayyip Erdoğan,56249,47293,1077,48370,85.99,34660,0,first,,,Meral Akşener,Meral Akşener,2892,Province,TR-69,official,Official YSK domestic province total. Overseas and customs votes are included in the national result but are not assigned to provinces.
Bayburt,https://acikveri.ysk.gov.tr/api/getSecimSandikSonucList?secimId=16300&secimTuru=9&ilId=&ilceId=&beldeId=&birimId=&muhtarlikId=&cezaeviId=&sandikTuru=&sandikNoIlk=&sandikNoSon=&ulkeId=&disTemsilcilikId=&gumrukId=&yurtIciDisi=1&sandikRumuzIlk=&sandikRumuzSon=&secimCevresiId=&sandikId=&sorguTuru=1,https://cbs1.tarimorman.gov.tr/server/rest/services/TATUS/MapServer/12,Recep Tayyip Erdoğan,Recep Tayyip Erdoğan,56249,47293,1077,48370,85.99,34660,0,first,,,Temel Karamollaoğlu,Temel Karamollaoğlu,1198,Province,TR-69,official,Official YSK domestic province total. Overseas and customs votes are included in the national result but are not assigned to provinces.
Bayburt,https://acikveri.ysk.gov.tr/api/getSecimSandikSonucList?secimId=16300&secimTuru=9&ilId=&ilceId=&beldeId=&birimId=&muhtarlikId=&cezaeviId=&sandikTuru=&sandikNoIlk=&sandikNoSon=&ulkeId=&disTemsilcilikId=&gumrukId=&yurtIciDisi=1&sandikRumuzIlk=&sandikRumuzSon=&secimCevresiId=&sandikId=&sorguTuru=1,https://cbs1.tarimorman.gov.tr/server/rest/services/TATUS/MapServer/12,Recep Tayyip Erdoğan,Recep Tayyip Erdoğan,56249,47293,1077,48370,85.99,34660,0,first,,,Selahattin Demirtaş,Selahattin Demirtaş,150,Province,TR-69,official,Official YSK domestic province total. Overseas and customs votes are included in the national result but are not assigned to provinces.
Bayburt,https://acikveri.ysk.gov.tr/api/getSecimSandikSonucList?secimId=16300&secimTuru=9&ilId=&ilceId=&beldeId=&birimId=&muhtarlikId=&cezaeviId=&sandikTuru=&sandikNoIlk=&sandikNoSon=&ulkeId=&disTemsilcilikId=&gumrukId=&yurtIciDisi=1&sandikRumuzIlk=&sandikRumuzSon=&secimCevresiId=&sandikId=&sorguTuru=1,https://cbs1.tarimorman.gov.tr/server/rest/services/TATUS/MapServer/12,Recep Tayyip Erdoğan,Recep Tayyip Erdoğan,56249,47293,1077,48370,85.99,34660,0,first,,,Doğu Perinçek,Doğu Perinçek,61,Province,TR-69,official,Official YSK domestic province total. Overseas and customs votes are included in the national result but are not assigned to provinces.
Bilecik,https://acikveri.ysk.gov.tr/api/getSecimSandikSonucList?secimId=16300&secimTuru=9&ilId=&ilceId=&beldeId=&birimId=&muhtarlikId=&cezaeviId=&sandikTuru=&sandikNoIlk=&sandikNoSon=&ulkeId=&disTemsilcilikId=&gumrukId=&yurtIciDisi=1&sandikRumuzIlk=&sandikRumuzSon=&secimCevresiId=&sandikId=&sorguTuru=1,https://cbs1.tarimorman.gov.tr/server/rest/services/TATUS/MapServer/12,Recep Tayyip Erdoğan,Recep Tayyip Erdoğan,154403,136815,3436,140251,90.83,26453,0,first,,,Recep Tayyip Erdoğan,Recep Tayyip Erdoğan,70362,Province,TR-11,official,Official YSK domestic province total. Overseas and customs votes are included in the national result but are not assigned to provinces.
Bilecik,https://acikveri.ysk.gov.tr/api/getSecimSandikSonucList?secimId=16300&secimTuru=9&ilId=&ilceId=&beldeId=&birimId=&muhtarlikId=&cezaeviId=&sandikTuru=&sandikNoIlk=&sandikNoSon=&ulkeId=&disTemsilcilikId=&gumrukId=&yurtIciDisi=1&sandikRumuzIlk=&sandikRumuzSon=&secimCevresiId=&sandikId=&sorguTuru=1,https://cbs1.tarimorman.gov.tr/server/rest/services/TATUS/MapServer/12,Recep Tayyip Erdoğan,Recep Tayyip Erdoğan,154403,136815,3436,140251,90.83,26453,0,first,,,Muharrem İnce,Muharrem İnce,43909,Province,TR-11,official,Official YSK domestic province total. Overseas and customs votes are included in the national result but are not assigned to provinces.
Bilecik,https://acikveri.ysk.gov.tr/api/getSecimSandikSonucList?secimId=16300&secimTuru=9&ilId=&ilceId=&beldeId=&birimId=&muhtarlikId=&cezaeviId=&sandikTuru=&sandikNoIlk=&sandikNoSon=&ulkeId=&disTemsilcilikId=&gumrukId=&yurtIciDisi=1&sandikRumuzIlk=&sandikRumuzSon=&secimCevresiId=&sandikId=&sorguTuru=1,https://cbs1.tarimorman.gov.tr/server/rest/services/TATUS/MapServer/12,Recep Tayyip Erdoğan,Recep Tayyip Erdoğan,154403,136815,3436,140251,90.83,26453,0,first,,,Meral Akşener,Meral Akşener,18024,Province,TR-11,official,Official YSK domestic province total. Overseas and customs votes are included in the national result but are not assigned to provinces.
Bilecik,https://acikveri.ysk.gov.tr/api/getSecimSandikSonucList?secimId=16300&secimTuru=9&ilId=&ilceId=&beldeId=&birimId=&muhtarlikId=&cezaeviId=&sandikTuru=&sandikNoIlk=&sandikNoSon=&ulkeId=&disTemsilcilikId=&gumrukId=&yurtIciDisi=1&sandikRumuzIlk=&sandikRumuzSon=&secimCevresiId=&sandikId=&sorguTuru=1,https://cbs1.tarimorman.gov.tr/server/rest/services/TATUS/MapServer/12,Recep Tayyip Erdoğan,Recep Tayyip Erdoğan,154403,136815,3436,140251,90.83,26453,0,first,,,Selahattin Demirtaş,Selahattin Demirtaş,2877,Province,TR-11,official,Official YSK domestic province total. Overseas and customs votes are included in the national result but are not assigned to provinces.
Bilecik,https://acikveri.ysk.gov.tr/api/getSecimSandikSonucList?secimId=16300&secimTuru=9&ilId=&ilceId=&beldeId=&birimId=&muhtarlikId=&cezaeviId=&sandikTuru=&sandikNoIlk=&sandikNoSon=&ulkeId=&disTemsilcilikId=&gumrukId=&yurtIciDisi=1&sandikRumuzIlk=&sandikRumuzSon=&secimCevresiId=&sandikId=&sorguTuru=1,https://cbs1.tarimorman.gov.tr/server/rest/services/TATUS/MapServer/12,Recep Tayyip Erdoğan,Recep Tayyip Erdoğan,154403,136815,3436,140251,90.83,26453,0,first,,,Temel Karamollaoğlu,Temel Karamollaoğlu,1315,Province,TR-11,official,Official YSK domestic province total. Overseas and customs votes are included in the national result but are not assigned to provinces.
Bilecik,https://acikveri.ysk.gov.tr/api/getSecimSandikSonucList?secimId=16300&secimTuru=9&ilId=&ilceId=&beldeId=&birimId=&muhtarlikId=&cezaeviId=&sandikTuru=&sandikNoIlk=&sandikNoSon=&ulkeId=&disTemsilcilikId=&gumrukId=&yurtIciDisi=1&sandikRumuzIlk=&sandikRumuzSon=&secimCevresiId=&sandikId=&sorguTuru=1,https://cbs1.tarimorman.gov.tr/server/rest/services/TATUS/MapServer/12,Recep Tayyip Erdoğan,Recep Tayyip Erdoğan,154403,136815,3436,140251,90.83,26453,0,first,,,Doğu Perinçek,Doğu Perinçek,328,Province,TR-11,official,Official YSK domestic province total. Overseas and customs votes are included in the national result but are not assigned to provinces.
Bingöl,https://acikveri.ysk.gov.tr/api/getSecimSandikSonucList?secimId=16300&secimTuru=9&ilId=&ilceId=&beldeId=&birimId=&muhtarlikId=&cezaeviId=&sandikTuru=&sandikNoIlk=&sandikNoSon=&ulkeId=&disTemsilcilikId=&gumrukId=&yurtIciDisi=1&sandikRumuzIlk=&sandikRumuzSon=&secimCevresiId=&sandikId=&sorguTuru=1,https://cbs1.tarimorman.gov.tr/server/rest/services/TATUS/MapServer/12,Recep Tayyip Erdoğan,Recep Tayyip Erdoğan,181265,140903,6338,147241,81.23,60899,0,first,,,Recep Tayyip Erdoğan,Recep Tayyip Erdoğan,93965,Province,TR-12,official,Official YSK domestic province total. Overseas and customs votes are included in the national result but are not assigned to provinces.
Bingöl,https://acikveri.ysk.gov.tr/api/getSecimSandikSonucList?secimId=16300&secimTuru=9&ilId=&ilceId=&beldeId=&birimId=&muhtarlikId=&cezaeviId=&sandikTuru=&sandikNoIlk=&sandikNoSon=&ulkeId=&disTemsilcilikId=&gumrukId=&yurtIciDisi=1&sandikRumuzIlk=&sandikRumuzSon=&secimCevresiId=&sandikId=&sorguTuru=1,https://cbs1.tarimorman.gov.tr/server/rest/services/TATUS/MapServer/12,Recep Tayyip Erdoğan,Recep Tayyip Erdoğan,181265,140903,6338,147241,81.23,60899,0,first,,,Selahattin Demirtaş,Selahattin Demirtaş,33066,Province,TR-12,official,Official YSK domestic province total. Overseas and customs votes are included in the national result but are not assigned to provinces.
Bingöl,https://acikveri.ysk.gov.tr/api/getSecimSandikSonucList?secimId=16300&secimTuru=9&ilId=&ilceId=&beldeId=&birimId=&muhtarlikId=&cezaeviId=&sandikTuru=&sandikNoIlk=&sandikNoSon=&ulkeId=&disTemsilcilikId=&gumrukId=&yurtIciDisi=1&sandikRumuzIlk=&sandikRumuzSon=&secimCevresiId=&sandikId=&sorguTuru=1,https://cbs1.tarimorman.gov.tr/server/rest/services/TATUS/MapServer/12,Recep Tayyip Erdoğan,Recep Tayyip Erdoğan,181265,140903,6338,147241,81.23,60899,0,first,,,Muharrem İnce,Muharrem İnce,9726,Province,TR-12,official,Official YSK domestic province total. Overseas and customs votes are included in the national result but are not assigned to provinces.
Bingöl,https://acikveri.ysk.gov.tr/api/getSecimSandikSonucList?secimId=16300&secimTuru=9&ilId=&ilceId=&beldeId=&birimId=&muhtarlikId=&cezaeviId=&sandikTuru=&sandikNoIlk=&sandikNoSon=&ulkeId=&disTemsilcilikId=&gumrukId=&yurtIciDisi=1&sandikRumuzIlk=&sandikRumuzSon=&secimCevresiId=&sandikId=&sorguTuru=1,https://cbs1.tarimorman.gov.tr/server/rest/services/TATUS/MapServer/12,Recep Tayyip Erdoğan,Recep Tayyip Erdoğan,181265,140903,6338,147241,81.23,60899,0,first,,,Meral Akşener,Meral Akşener,2462,Province,TR-12,official,Official YSK domestic province total. Overseas and customs votes are included in the national result but are not assigned to provinces.
Bingöl,https://acikveri.ysk.gov.tr/api/getSecimSandikSonucList?secimId=16300&secimTuru=9&ilId=&ilceId=&beldeId=&birimId=&muhtarlikId=&cezaeviId=&sandikTuru=&sandikNoIlk=&sandikNoSon=&ulkeId=&disTemsilcilikId=&gumrukId=&yurtIciDisi=1&sandikRumuzIlk=&sandikRumuzSon=&secimCevresiId=&sandikId=&sorguTuru=1,https://cbs1.tarimorman.gov.tr/server/rest/services/TATUS/MapServer/12,Recep Tayyip Erdoğan,Recep Tayyip Erdoğan,181265,140903,6338,147241,81.23,60899,0,first,,,Temel Karamollaoğlu,Temel Karamollaoğlu,1473,Province,TR-12,official,Official YSK domestic province total. Overseas and customs votes are included in the national result but are not assigned to provinces.
Bingöl,https://acikveri.ysk.gov.tr/api/getSecimSandikSonucList?secimId=16300&secimTuru=9&ilId=&ilceId=&beldeId=&birimId=&muhtarlikId=&cezaeviId=&sandikTuru=&sandikNoIlk=&sandikNoSon=&ulkeId=&disTemsilcilikId=&gumrukId=&yurtIciDisi=1&sandikRumuzIlk=&sandikRumuzSon=&secimCevresiId=&sandikId=&sorguTuru=1,https://cbs1.tarimorman.gov.tr/server/rest/services/TATUS/MapServer/12,Recep Tayyip Erdoğan,Recep Tayyip Erdoğan,181265,140903,6338,147241,81.23,60899,0,first,,,Doğu Perinçek,Doğu Perinçek,211,Province,TR-12,official,Official YSK domestic province total. Overseas and customs votes are included in the national result but are not assigned to provinces.
Bitlis,https://acikveri.ysk.gov.tr/api/getSecimSandikSonucList?secimId=16300&secimTuru=9&ilId=&ilceId=&beldeId=&birimId=&muhtarlikId=&cezaeviId=&sandikTuru=&sandikNoIlk=&sandikNoSon=&ulkeId=&disTemsilcilikId=&gumrukId=&yurtIciDisi=1&sandikRumuzIlk=&sandikRumuzSon=&secimCevresiId=&sandikId=&sorguTuru=1,https://cbs1.tarimorman.gov.tr/server/rest/services/TATUS/MapServer/12,Recep Tayyip Erdoğan,Recep Tayyip Erdoğan,198961,160160,5671,165831,83.35,16365,0,first,,,Recep Tayyip Erdoğan,Recep Tayyip Erdoğan,80462,Province,TR-13,official,Official YSK domestic province total. Overseas and customs votes are included in the national result but are not assigned to provinces.
Bitlis,https://acikveri.ysk.gov.tr/api/getSecimSandikSonucList?secimId=16300&secimTuru=9&ilId=&ilceId=&beldeId=&birimId=&muhtarlikId=&cezaeviId=&sandikTuru=&sandikNoIlk=&sandikNoSon=&ulkeId=&disTemsilcilikId=&gumrukId=&yurtIciDisi=1&sandikRumuzIlk=&sandikRumuzSon=&secimCevresiId=&sandikId=&sorguTuru=1,https://cbs1.tarimorman.gov.tr/server/rest/services/TATUS/MapServer/12,Recep Tayyip Erdoğan,Recep Tayyip Erdoğan,198961,160160,5671,165831,83.35,16365,0,first,,,Selahattin Demirtaş,Selahattin Demirtaş,64097,Province,TR-13,official,Official YSK domestic province total. Overseas and customs votes are included in the national result but are not assigned to provinces.
Bitlis,https://acikveri.ysk.gov.tr/api/getSecimSandikSonucList?secimId=16300&secimTuru=9&ilId=&ilceId=&beldeId=&birimId=&muhtarlikId=&cezaeviId=&sandikTuru=&sandikNoIlk=&sandikNoSon=&ulkeId=&disTemsilcilikId=&gumrukId=&yurtIciDisi=1&sandikRumuzIlk=&sandikRumuzSon=&secimCevresiId=&sandikId=&sorguTuru=1,https://cbs1.tarimorman.gov.tr/server/rest/services/TATUS/MapServer/12,Recep Tayyip Erdoğan,Recep Tayyip Erdoğan,198961,160160,5671,165831,83.35,16365,0,first,,,Muharrem İnce,Muharrem İnce,10056,Province,TR-13,official,Official YSK domestic province total. Overseas and customs votes are included in the national result but are not assigned to provinces.
Bitlis,https://acikveri.ysk.gov.tr/api/getSecimSandikSonucList?secimId=16300&secimTuru=9&ilId=&ilceId=&beldeId=&birimId=&muhtarlikId=&cezaeviId=&sandikTuru=&sandikNoIlk=&sandikNoSon=&ulkeId=&disTemsilcilikId=&gumrukId=&yurtIciDisi=1&sandikRumuzIlk=&sandikRumuzSon=&secimCevresiId=&sandikId=&sorguTuru=1,https://cbs1.tarimorman.gov.tr/server/rest/services/TATUS/MapServer/12,Recep Tayyip Erdoğan,Recep Tayyip Erdoğan,198961,160160,5671,165831,83.35,16365,0,first,,,Meral Akşener,Meral Akşener,3676,Province,TR-13,official,Official YSK domestic province total. Overseas and customs votes are included in the national result but are not assigned to provinces.
Bitlis,https://acikveri.ysk.gov.tr/api/getSecimSandikSonucList?secimId=16300&secimTuru=9&ilId=&ilceId=&beldeId=&birimId=&muhtarlikId=&cezaeviId=&sandikTuru=&sandikNoIlk=&sandikNoSon=&ulkeId=&disTemsilcilikId=&gumrukId=&yurtIciDisi=1&sandikRumuzIlk=&sandikRumuzSon=&secimCevresiId=&sandikId=&sorguTuru=1,https://cbs1.tarimorman.gov.tr/server/rest/services/TATUS/MapServer/12,Recep Tayyip Erdoğan,Recep Tayyip Erdoğan,198961,160160,5671,165831,83.35,16365,0,first,,,Temel Karamollaoğlu,Temel Karamollaoğlu,1645,Province,TR-13,official,Official YSK domestic province total. Overseas and customs votes are included in the national result but are not assigned to provinces.
Bitlis,https://acikveri.ysk.gov.tr/api/getSecimSandikSonucList?secimId=16300&secimTuru=9&ilId=&ilceId=&beldeId=&birimId=&muhtarlikId=&cezaeviId=&sandikTuru=&sandikNoIlk=&sandikNoSon=&ulkeId=&disTemsilcilikId=&gumrukId=&yurtIciDisi=1&sandikRumuzIlk=&sandikRumuzSon=&secimCevresiId=&sandikId=&sorguTuru=1,https://cbs1.tarimorman.gov.tr/server/rest/services/TATUS/MapServer/12,Recep Tayyip Erdoğan,Recep Tayyip Erdoğan,198961,160160,5671,165831,83.35,16365,0,first,,,Doğu Perinçek,Doğu Perinçek,224,Province,TR-13,official,Official YSK domestic province total. Overseas and customs votes are included in the national result but are not assigned to provinces.
Bolu,https://acikveri.ysk.gov.tr/api/getSecimSandikSonucList?secimId=16300&secimTuru=9&ilId=&ilceId=&beldeId=&birimId=&muhtarlikId=&cezaeviId=&sandikTuru=&sandikNoIlk=&sandikNoSon=&ulkeId=&disTemsilcilikId=&gumrukId=&yurtIciDisi=1&sandikRumuzIlk=&sandikRumuzSon=&secimCevresiId=&sandikId=&sorguTuru=1,https://cbs1.tarimorman.gov.tr/server/rest/services/TATUS/MapServer/12,Recep Tayyip Erdoğan,Recep Tayyip Erdoğan,223121,194734,4986,199720,89.51,82921,0,first,,,Recep Tayyip Erdoğan,Recep Tayyip Erdoğan,128314,Province,TR-14,official,Official YSK domestic province total. Overseas and customs votes are included in the national result but are not assigned to provinces.
Bolu,https://acikveri.ysk.gov.tr/api/getSecimSandikSonucList?secimId=16300&secimTuru=9&ilId=&ilceId=&beldeId=&birimId=&muhtarlikId=&cezaeviId=&sandikTuru=&sandikNoIlk=&sandikNoSon=&ulkeId=&disTemsilcilikId=&gumrukId=&yurtIciDisi=1&sandikRumuzIlk=&sandikRumuzSon=&secimCevresiId=&sandikId=&sorguTuru=1,https://cbs1.tarimorman.gov.tr/server/rest/services/TATUS/MapServer/12,Recep Tayyip Erdoğan,Recep Tayyip Erdoğan,223121,194734,4986,199720,89.51,82921,0,first,,,Muharrem İnce,Muharrem İnce,45393,Province,TR-14,official,Official YSK domestic province total. Overseas and customs votes are included in the national result but are not assigned to provinces.
Bolu,https://acikveri.ysk.gov.tr/api/getSecimSandikSonucList?secimId=16300&secimTuru=9&ilId=&ilceId=&beldeId=&birimId=&muhtarlikId=&cezaeviId=&sandikTuru=&sandikNoIlk=&sandikNoSon=&ulkeId=&disTemsilcilikId=&gumrukId=&yurtIciDisi=1&sandikRumuzIlk=&sandikRumuzSon=&secimCevresiId=&sandikId=&sorguTuru=1,https://cbs1.tarimorman.gov.tr/server/rest/services/TATUS/MapServer/12,Recep Tayyip Erdoğan,Recep Tayyip Erdoğan,223121,194734,4986,199720,89.51,82921,0,first,,,Meral Akşener,Meral Akşener,16616,Province,TR-14,official,Official YSK domestic province total. Overseas and customs votes are included in the national result but are not assigned to provinces.
Bolu,https://acikveri.ysk.gov.tr/api/getSecimSandikSonucList?secimId=16300&secimTuru=9&ilId=&ilceId=&beldeId=&birimId=&muhtarlikId=&cezaeviId=&sandikTuru=&sandikNoIlk=&sandikNoSon=&ulkeId=&disTemsilcilikId=&gumrukId=&yurtIciDisi=1&sandikRumuzIlk=&sandikRumuzSon=&secimCevresiId=&sandikId=&sorguTuru=1,https://cbs1.tarimorman.gov.tr/server/rest/services/TATUS/MapServer/12,Recep Tayyip Erdoğan,Recep Tayyip Erdoğan,223121,194734,4986,199720,89.51,82921,0,first,,,Temel Karamollaoğlu,Temel Karamollaoğlu,2367,Province,TR-14,official,Official YSK domestic province total. Overseas and customs votes are included in the national result but are not assigned to provinces.
Bolu,https://acikveri.ysk.gov.tr/api/getSecimSandikSonucList?secimId=16300&secimTuru=9&ilId=&ilceId=&beldeId=&birimId=&muhtarlikId=&cezaeviId=&sandikTuru=&sandikNoIlk=&sandikNoSon=&ulkeId=&disTemsilcilikId=&gumrukId=&yurtIciDisi=1&sandikRumuzIlk=&sandikRumuzSon=&secimCevresiId=&sandikId=&sorguTuru=1,https://cbs1.tarimorman.gov.tr/server/rest/services/TATUS/MapServer/12,Recep Tayyip Erdoğan,Recep Tayyip Erdoğan,223121,194734,4986,199720,89.51,82921,0,first,,,Selahattin Demirtaş,Selahattin Demirtaş,1585,Province,TR-14,official,Official YSK domestic province total. Overseas and customs votes are included in the national result but are not assigned to provinces.
Bolu,https://acikveri.ysk.gov.tr/api/getSecimSandikSonucList?secimId=16300&secimTuru=9&ilId=&ilceId=&beldeId=&birimId=&muhtarlikId=&cezaeviId=&sandikTuru=&sandikNoIlk=&sandikNoSon=&ulkeId=&disTemsilcilikId=&gumrukId=&yurtIciDisi=1&sandikRumuzIlk=&sandikRumuzSon=&secimCevresiId=&sandikId=&sorguTuru=1,https://cbs1.tarimorman.gov.tr/server/rest/services/TATUS/MapServer/12,Recep Tayyip Erdoğan,Recep Tayyip Erdoğan,223121,194734,4986,199720,89.51,82921,0,first,,,Doğu Perinçek,Doğu Perinçek,459,Province,TR-14,official,Official YSK domestic province total. Overseas and customs votes are included in the national result but are not assigned to provinces.
Burdur,https://acikveri.ysk.gov.tr/api/getSecimSandikSonucList?secimId=16300&secimTuru=9&ilId=&ilceId=&beldeId=&birimId=&muhtarlikId=&cezaeviId=&sandikTuru=&sandikNoIlk=&sandikNoSon=&ulkeId=&disTemsilcilikId=&gumrukId=&yurtIciDisi=1&sandikRumuzIlk=&sandikRumuzSon=&secimCevresiId=&sandikId=&sorguTuru=1,https://cbs1.tarimorman.gov.tr/server/rest/services/TATUS/MapServer/12,Recep Tayyip Erdoğan,Recep Tayyip Erdoğan,196733,170682,6459,177141,90.04,44365,0,first,,,Recep Tayyip Erdoğan,Recep Tayyip Erdoğan,92177,Province,TR-15,official,Official YSK domestic province total. Overseas and customs votes are included in the national result but are not assigned to provinces.
Burdur,https://acikveri.ysk.gov.tr/api/getSecimSandikSonucList?secimId=16300&secimTuru=9&ilId=&ilceId=&beldeId=&birimId=&muhtarlikId=&cezaeviId=&sandikTuru=&sandikNoIlk=&sandikNoSon=&ulkeId=&disTemsilcilikId=&gumrukId=&yurtIciDisi=1&sandikRumuzIlk=&sandikRumuzSon=&secimCevresiId=&sandikId=&sorguTuru=1,https://cbs1.tarimorman.gov.tr/server/rest/services/TATUS/MapServer/12,Recep Tayyip Erdoğan,Recep Tayyip Erdoğan,196733,170682,6459,177141,90.04,44365,0,first,,,Muharrem İnce,Muharrem İnce,47812,Province,TR-15,official,Official YSK domestic province total. Overseas and customs votes are included in the national result but are not assigned to provinces.
Burdur,https://acikveri.ysk.gov.tr/api/getSecimSandikSonucList?secimId=16300&secimTuru=9&ilId=&ilceId=&beldeId=&birimId=&muhtarlikId=&cezaeviId=&sandikTuru=&sandikNoIlk=&sandikNoSon=&ulkeId=&disTemsilcilikId=&gumrukId=&yurtIciDisi=1&sandikRumuzIlk=&sandikRumuzSon=&secimCevresiId=&sandikId=&sorguTuru=1,https://cbs1.tarimorman.gov.tr/server/rest/services/TATUS/MapServer/12,Recep Tayyip Erdoğan,Recep Tayyip Erdoğan,196733,170682,6459,177141,90.04,44365,0,first,,,Meral Akşener,Meral Akşener,26899,Province,TR-15,official,Official YSK domestic province total. Overseas and customs votes are included in the national result but are not assigned to provinces.
Burdur,https://acikveri.ysk.gov.tr/api/getSecimSandikSonucList?secimId=16300&secimTuru=9&ilId=&ilceId=&beldeId=&birimId=&muhtarlikId=&cezaeviId=&sandikTuru=&sandikNoIlk=&sandikNoSon=&ulkeId=&disTemsilcilikId=&gumrukId=&yurtIciDisi=1&sandikRumuzIlk=&sandikRumuzSon=&secimCevresiId=&sandikId=&sorguTuru=1,https://cbs1.tarimorman.gov.tr/server/rest/services/TATUS/MapServer/12,Recep Tayyip Erdoğan,Recep Tayyip Erdoğan,196733,170682,6459,177141,90.04,44365,0,first,,,Temel Karamollaoğlu,Temel Karamollaoğlu,2071,Province,TR-15,official,Official YSK domestic province total. Overseas and customs votes are included in the national result but are not assigned to provinces.
Burdur,https://acikveri.ysk.gov.tr/api/getSecimSandikSonucList?secimId=16300&secimTuru=9&ilId=&ilceId=&beldeId=&birimId=&muhtarlikId=&cezaeviId=&sandikTuru=&sandikNoIlk=&sandikNoSon=&ulkeId=&disTemsilcilikId=&gumrukId=&yurtIciDisi=1&sandikRumuzIlk=&sandikRumuzSon=&secimCevresiId=&sandikId=&sorguTuru=1,https://cbs1.tarimorman.gov.tr/server/rest/services/TATUS/MapServer/12,Recep Tayyip Erdoğan,Recep Tayyip Erdoğan,196733,170682,6459,177141,90.04,44365,0,first,,,Selahattin Demirtaş,Selahattin Demirtaş,1176,Province,TR-15,official,Official YSK domestic province total. Overseas and customs votes are included in the national result but are not assigned to provinces.
Burdur,https://acikveri.ysk.gov.tr/api/getSecimSandikSonucList?secimId=16300&secimTuru=9&ilId=&ilceId=&beldeId=&birimId=&muhtarlikId=&cezaeviId=&sandikTuru=&sandikNoIlk=&sandikNoSon=&ulkeId=&disTemsilcilikId=&gumrukId=&yurtIciDisi=1&sandikRumuzIlk=&sandikRumuzSon=&secimCevresiId=&sandikId=&sorguTuru=1,https://cbs1.tarimorman.gov.tr/server/rest/services/TATUS/MapServer/12,Recep Tayyip Erdoğan,Recep Tayyip Erdoğan,196733,170682,6459,177141,90.04,44365,0,first,,,Doğu Perinçek,Doğu Perinçek,547,Province,TR-15,official,Official YSK domestic province total. Overseas and customs votes are included in the national result but are not assigned to provinces.
Bursa,https://acikveri.ysk.gov.tr/api/getSecimSandikSonucList?secimId=16300&secimTuru=9&ilId=&ilceId=&beldeId=&birimId=&muhtarlikId=&cezaeviId=&sandikTuru=&sandikNoIlk=&sandikNoSon=&ulkeId=&disTemsilcilikId=&gumrukId=&yurtIciDisi=1&sandikRumuzIlk=&sandikRumuzSon=&secimCevresiId=&sandikId=&sorguTuru=1,https://cbs1.tarimorman.gov.tr/server/rest/services/TATUS/MapServer/12,Recep Tayyip Erdoğan,Recep Tayyip Erdoğan,2149337,1890866,38951,1929817,89.79,455228,0,first,,,Recep Tayyip Erdoğan,Recep Tayyip Erdoğan,1050302,Province,TR-16,official,Official YSK domestic province total. Overseas and customs votes are included in the national result but are not assigned to provinces.
Bursa,https://acikveri.ysk.gov.tr/api/getSecimSandikSonucList?secimId=16300&secimTuru=9&ilId=&ilceId=&beldeId=&birimId=&muhtarlikId=&cezaeviId=&sandikTuru=&sandikNoIlk=&sandikNoSon=&ulkeId=&disTemsilcilikId=&gumrukId=&yurtIciDisi=1&sandikRumuzIlk=&sandikRumuzSon=&secimCevresiId=&sandikId=&sorguTuru=1,https://cbs1.tarimorman.gov.tr/server/rest/services/TATUS/MapServer/12,Recep Tayyip Erdoğan,Recep Tayyip Erdoğan,2149337,1890866,38951,1929817,89.79,455228,0,first,,,Muharrem İnce,Muharrem İnce,595074,Province,TR-16,official,Official YSK domestic province total. Overseas and customs votes are included in the national result but are not assigned to provinces.
Bursa,https://acikveri.ysk.gov.tr/api/getSecimSandikSonucList?secimId=16300&secimTuru=9&ilId=&ilceId=&beldeId=&birimId=&muhtarlikId=&cezaeviId=&sandikTuru=&sandikNoIlk=&sandikNoSon=&ulkeId=&disTemsilcilikId=&gumrukId=&yurtIciDisi=1&sandikRumuzIlk=&sandikRumuzSon=&secimCevresiId=&sandikId=&sorguTuru=1,https://cbs1.tarimorman.gov.tr/server/rest/services/TATUS/MapServer/12,Recep Tayyip Erdoğan,Recep Tayyip Erdoğan,2149337,1890866,38951,1929817,89.79,455228,0,first,,,Meral Akşener,Meral Akşener,155568,Province,TR-16,official,Official YSK domestic province total. Overseas and customs votes are included in the national result but are not assigned to provinces.
Bursa,https://acikveri.ysk.gov.tr/api/getSecimSandikSonucList?secimId=16300&secimTuru=9&ilId=&ilceId=&beldeId=&birimId=&muhtarlikId=&cezaeviId=&sandikTuru=&sandikNoIlk=&sandikNoSon=&ulkeId=&disTemsilcilikId=&gumrukId=&yurtIciDisi=1&sandikRumuzIlk=&sandikRumuzSon=&secimCevresiId=&sandikId=&sorguTuru=1,https://cbs1.tarimorman.gov.tr/server/rest/services/TATUS/MapServer/12,Recep Tayyip Erdoğan,Recep Tayyip Erdoğan,2149337,1890866,38951,1929817,89.79,455228,0,first,,,Selahattin Demirtaş,Selahattin Demirtaş,66025,Province,TR-16,official,Official YSK domestic province total. Overseas and customs votes are included in the national result but are not assigned to provinces.
Bursa,https://acikveri.ysk.gov.tr/api/getSecimSandikSonucList?secimId=16300&secimTuru=9&ilId=&ilceId=&beldeId=&birimId=&muhtarlikId=&cezaeviId=&sandikTuru=&sandikNoIlk=&sandikNoSon=&ulkeId=&disTemsilcilikId=&gumrukId=&yurtIciDisi=1&sandikRumuzIlk=&sandikRumuzSon=&secimCevresiId=&sandikId=&sorguTuru=1,https://cbs1.tarimorman.gov.tr/server/rest/services/TATUS/MapServer/12,Recep Tayyip Erdoğan,Recep Tayyip Erdoğan,2149337,1890866,38951,1929817,89.79,455228,0,first,,,Temel Karamollaoğlu,Temel Karamollaoğlu,19978,Province,TR-16,official,Official YSK domestic province total. Overseas and customs votes are included in the national result but are not assigned to provinces.
Bursa,https://acikveri.ysk.gov.tr/api/getSecimSandikSonucList?secimId=16300&secimTuru=9&ilId=&ilceId=&beldeId=&birimId=&muhtarlikId=&cezaeviId=&sandikTuru=&sandikNoIlk=&sandikNoSon=&ulkeId=&disTemsilcilikId=&gumrukId=&yurtIciDisi=1&sandikRumuzIlk=&sandikRumuzSon=&secimCevresiId=&sandikId=&sorguTuru=1,https://cbs1.tarimorman.gov.tr/server/rest/services/TATUS/MapServer/12,Recep Tayyip Erdoğan,Recep Tayyip Erdoğan,2149337,1890866,38951,1929817,89.79,455228,0,first,,,Doğu Perinçek,Doğu Perinçek,3919,Province,TR-16,official,Official YSK domestic province total. Overseas and customs votes are included in the national result but are not assigned to provinces.
Çanakkale,https://acikveri.ysk.gov.tr/api/getSecimSandikSonucList?secimId=16300&secimTuru=9&ilId=&ilceId=&beldeId=&birimId=&muhtarlikId=&cezaeviId=&sandikTuru=&sandikNoIlk=&sandikNoSon=&ulkeId=&disTemsilcilikId=&gumrukId=&yurtIciDisi=1&sandikRumuzIlk=&sandikRumuzSon=&secimCevresiId=&sandikId=&sorguTuru=1,https://cbs1.tarimorman.gov.tr/server/rest/services/TATUS/MapServer/12,Muharrem İnce,Muharrem İnce,407273,363003,8083,371086,91.11,6722,0,first,,,Muharrem İnce,Muharrem İnce,158944,Province,TR-17,official,Official YSK domestic province total. Overseas and customs votes are included in the national result but are not assigned to provinces.
Çanakkale,https://acikveri.ysk.gov.tr/api/getSecimSandikSonucList?secimId=16300&secimTuru=9&ilId=&ilceId=&beldeId=&birimId=&muhtarlikId=&cezaeviId=&sandikTuru=&sandikNoIlk=&sandikNoSon=&ulkeId=&disTemsilcilikId=&gumrukId=&yurtIciDisi=1&sandikRumuzIlk=&sandikRumuzSon=&secimCevresiId=&sandikId=&sorguTuru=1,https://cbs1.tarimorman.gov.tr/server/rest/services/TATUS/MapServer/12,Muharrem İnce,Muharrem İnce,407273,363003,8083,371086,91.11,6722,0,first,,,Recep Tayyip Erdoğan,Recep Tayyip Erdoğan,152222,Province,TR-17,official,Official YSK domestic province total. Overseas and customs votes are included in the national result but are not assigned to provinces.
Çanakkale,https://acikveri.ysk.gov.tr/api/getSecimSandikSonucList?secimId=16300&secimTuru=9&ilId=&ilceId=&beldeId=&birimId=&muhtarlikId=&cezaeviId=&sandikTuru=&sandikNoIlk=&sandikNoSon=&ulkeId=&disTemsilcilikId=&gumrukId=&yurtIciDisi=1&sandikRumuzIlk=&sandikRumuzSon=&secimCevresiId=&sandikId=&sorguTuru=1,https://cbs1.tarimorman.gov.tr/server/rest/services/TATUS/MapServer/12,Muharrem İnce,Muharrem İnce,407273,363003,8083,371086,91.11,6722,0,first,,,Meral Akşener,Meral Akşener,43208,Province,TR-17,official,Official YSK domestic province total. Overseas and customs votes are included in the national result but are not assigned to provinces.
Çanakkale,https://acikveri.ysk.gov.tr/api/getSecimSandikSonucList?secimId=16300&secimTuru=9&ilId=&ilceId=&beldeId=&birimId=&muhtarlikId=&cezaeviId=&sandikTuru=&sandikNoIlk=&sandikNoSon=&ulkeId=&disTemsilcilikId=&gumrukId=&yurtIciDisi=1&sandikRumuzIlk=&sandikRumuzSon=&secimCevresiId=&sandikId=&sorguTuru=1,https://cbs1.tarimorman.gov.tr/server/rest/services/TATUS/MapServer/12,Muharrem İnce,Muharrem İnce,407273,363003,8083,371086,91.11,6722,0,first,,,Selahattin Demirtaş,Selahattin Demirtaş,6045,Province,TR-17,official,Official YSK domestic province total. Overseas and customs votes are included in the national result but are not assigned to provinces.
Çanakkale,https://acikveri.ysk.gov.tr/api/getSecimSandikSonucList?secimId=16300&secimTuru=9&ilId=&ilceId=&beldeId=&birimId=&muhtarlikId=&cezaeviId=&sandikTuru=&sandikNoIlk=&sandikNoSon=&ulkeId=&disTemsilcilikId=&gumrukId=&yurtIciDisi=1&sandikRumuzIlk=&sandikRumuzSon=&secimCevresiId=&sandikId=&sorguTuru=1,https://cbs1.tarimorman.gov.tr/server/rest/services/TATUS/MapServer/12,Muharrem İnce,Muharrem İnce,407273,363003,8083,371086,91.11,6722,0,first,,,Temel Karamollaoğlu,Temel Karamollaoğlu,1573,Province,TR-17,official,Official YSK domestic province total. Overseas and customs votes are included in the national result but are not assigned to provinces.
Çanakkale,https://acikveri.ysk.gov.tr/api/getSecimSandikSonucList?secimId=16300&secimTuru=9&ilId=&ilceId=&beldeId=&birimId=&muhtarlikId=&cezaeviId=&sandikTuru=&sandikNoIlk=&sandikNoSon=&ulkeId=&disTemsilcilikId=&gumrukId=&yurtIciDisi=1&sandikRumuzIlk=&sandikRumuzSon=&secimCevresiId=&sandikId=&sorguTuru=1,https://cbs1.tarimorman.gov.tr/server/rest/services/TATUS/MapServer/12,Muharrem İnce,Muharrem İnce,407273,363003,8083,371086,91.11,6722,0,first,,,Doğu Perinçek,Doğu Perinçek,1011,Province,TR-17,official,Official YSK domestic province total. Overseas and customs votes are included in the national result but are not assigned to provinces.
Çankırı,https://acikveri.ysk.gov.tr/api/getSecimSandikSonucList?secimId=16300&secimTuru=9&ilId=&ilceId=&beldeId=&birimId=&muhtarlikId=&cezaeviId=&sandikTuru=&sandikNoIlk=&sandikNoSon=&ulkeId=&disTemsilcilikId=&gumrukId=&yurtIciDisi=1&sandikRumuzIlk=&sandikRumuzSon=&secimCevresiId=&sandikId=&sorguTuru=1,https://cbs1.tarimorman.gov.tr/server/rest/services/TATUS/MapServer/12,Recep Tayyip Erdoğan,Recep Tayyip Erdoğan,134311,114567,3565,118132,87.95,73304,0,first,,,Recep Tayyip Erdoğan,Recep Tayyip Erdoğan,87457,Province,TR-18,official,Official YSK domestic province total. Overseas and customs votes are included in the national result but are not assigned to provinces.
Çankırı,https://acikveri.ysk.gov.tr/api/getSecimSandikSonucList?secimId=16300&secimTuru=9&ilId=&ilceId=&beldeId=&birimId=&muhtarlikId=&cezaeviId=&sandikTuru=&sandikNoIlk=&sandikNoSon=&ulkeId=&disTemsilcilikId=&gumrukId=&yurtIciDisi=1&sandikRumuzIlk=&sandikRumuzSon=&secimCevresiId=&sandikId=&sorguTuru=1,https://cbs1.tarimorman.gov.tr/server/rest/services/TATUS/MapServer/12,Recep Tayyip Erdoğan,Recep Tayyip Erdoğan,134311,114567,3565,118132,87.95,73304,0,first,,,Muharrem İnce,Muharrem İnce,14153,Province,TR-18,official,Official YSK domestic province total. Overseas and customs votes are included in the national result but are not assigned to provinces.
Çankırı,https://acikveri.ysk.gov.tr/api/getSecimSandikSonucList?secimId=16300&secimTuru=9&ilId=&ilceId=&beldeId=&birimId=&muhtarlikId=&cezaeviId=&sandikTuru=&sandikNoIlk=&sandikNoSon=&ulkeId=&disTemsilcilikId=&gumrukId=&yurtIciDisi=1&sandikRumuzIlk=&sandikRumuzSon=&secimCevresiId=&sandikId=&sorguTuru=1,https://cbs1.tarimorman.gov.tr/server/rest/services/TATUS/MapServer/12,Recep Tayyip Erdoğan,Recep Tayyip Erdoğan,134311,114567,3565,118132,87.95,73304,0,first,,,Meral Akşener,Meral Akşener,11342,Province,TR-18,official,Official YSK domestic province total. Overseas and customs votes are included in the national result but are not assigned to provinces.
Çankırı,https://acikveri.ysk.gov.tr/api/getSecimSandikSonucList?secimId=16300&secimTuru=9&ilId=&ilceId=&beldeId=&birimId=&muhtarlikId=&cezaeviId=&sandikTuru=&sandikNoIlk=&sandikNoSon=&ulkeId=&disTemsilcilikId=&gumrukId=&yurtIciDisi=1&sandikRumuzIlk=&sandikRumuzSon=&secimCevresiId=&sandikId=&sorguTuru=1,https://cbs1.tarimorman.gov.tr/server/rest/services/TATUS/MapServer/12,Recep Tayyip Erdoğan,Recep Tayyip Erdoğan,134311,114567,3565,118132,87.95,73304,0,first,,,Temel Karamollaoğlu,Temel Karamollaoğlu,1132,Province,TR-18,official,Official YSK domestic province total. Overseas and customs votes are included in the national result but are not assigned to provinces.
Çankırı,https://acikveri.ysk.gov.tr/api/getSecimSandikSonucList?secimId=16300&secimTuru=9&ilId=&ilceId=&beldeId=&birimId=&muhtarlikId=&cezaeviId=&sandikTuru=&sandikNoIlk=&sandikNoSon=&ulkeId=&disTemsilcilikId=&gumrukId=&yurtIciDisi=1&sandikRumuzIlk=&sandikRumuzSon=&secimCevresiId=&sandikId=&sorguTuru=1,https://cbs1.tarimorman.gov.tr/server/rest/services/TATUS/MapServer/12,Recep Tayyip Erdoğan,Recep Tayyip Erdoğan,134311,114567,3565,118132,87.95,73304,0,first,,,Selahattin Demirtaş,Selahattin Demirtaş,274,Province,TR-18,official,Official YSK domestic province total. Overseas and customs votes are included in the national result but are not assigned to provinces.
Çankırı,https://acikveri.ysk.gov.tr/api/getSecimSandikSonucList?secimId=16300&secimTuru=9&ilId=&ilceId=&beldeId=&birimId=&muhtarlikId=&cezaeviId=&sandikTuru=&sandikNoIlk=&sandikNoSon=&ulkeId=&disTemsilcilikId=&gumrukId=&yurtIciDisi=1&sandikRumuzIlk=&sandikRumuzSon=&secimCevresiId=&sandikId=&sorguTuru=1,https://cbs1.tarimorman.gov.tr/server/rest/services/TATUS/MapServer/12,Recep Tayyip Erdoğan,Recep Tayyip Erdoğan,134311,114567,3565,118132,87.95,73304,0,first,,,Doğu Perinçek,Doğu Perinçek,209,Province,TR-18,official,Official YSK domestic province total. Overseas and customs votes are included in the national result but are not assigned to provinces.
Çorum,https://acikveri.ysk.gov.tr/api/getSecimSandikSonucList?secimId=16300&secimTuru=9&ilId=&ilceId=&beldeId=&birimId=&muhtarlikId=&cezaeviId=&sandikTuru=&sandikNoIlk=&sandikNoSon=&ulkeId=&disTemsilcilikId=&gumrukId=&yurtIciDisi=1&sandikRumuzIlk=&sandikRumuzSon=&secimCevresiId=&sandikId=&sorguTuru=1,https://cbs1.tarimorman.gov.tr/server/rest/services/TATUS/MapServer/12,Recep Tayyip Erdoğan,Recep Tayyip Erdoğan,391400,346045,10032,356077,90.98,131534,0,first,,,Recep Tayyip Erdoğan,Recep Tayyip Erdoğan,223431,Province,TR-19,official,Official YSK domestic province total. Overseas and customs votes are included in the national result but are not assigned to provinces.
Çorum,https://acikveri.ysk.gov.tr/api/getSecimSandikSonucList?secimId=16300&secimTuru=9&ilId=&ilceId=&beldeId=&birimId=&muhtarlikId=&cezaeviId=&sandikTuru=&sandikNoIlk=&sandikNoSon=&ulkeId=&disTemsilcilikId=&gumrukId=&yurtIciDisi=1&sandikRumuzIlk=&sandikRumuzSon=&secimCevresiId=&sandikId=&sorguTuru=1,https://cbs1.tarimorman.gov.tr/server/rest/services/TATUS/MapServer/12,Recep Tayyip Erdoğan,Recep Tayyip Erdoğan,391400,346045,10032,356077,90.98,131534,0,first,,,Muharrem İnce,Muharrem İnce,91897,Province,TR-19,official,Official YSK domestic province total. Overseas and customs votes are included in the national result but are not assigned to provinces.
Çorum,https://acikveri.ysk.gov.tr/api/getSecimSandikSonucList?secimId=16300&secimTuru=9&ilId=&ilceId=&beldeId=&birimId=&muhtarlikId=&cezaeviId=&sandikTuru=&sandikNoIlk=&sandikNoSon=&ulkeId=&disTemsilcilikId=&gumrukId=&yurtIciDisi=1&sandikRumuzIlk=&sandikRumuzSon=&secimCevresiId=&sandikId=&sorguTuru=1,https://cbs1.tarimorman.gov.tr/server/rest/services/TATUS/MapServer/12,Recep Tayyip Erdoğan,Recep Tayyip Erdoğan,391400,346045,10032,356077,90.98,131534,0,first,,,Meral Akşener,Meral Akşener,25477,Province,TR-19,official,Official YSK domestic province total. Overseas and customs votes are included in the national result but are not assigned to provinces.
Çorum,https://acikveri.ysk.gov.tr/api/getSecimSandikSonucList?secimId=16300&secimTuru=9&ilId=&ilceId=&beldeId=&birimId=&muhtarlikId=&cezaeviId=&sandikTuru=&sandikNoIlk=&sandikNoSon=&ulkeId=&disTemsilcilikId=&gumrukId=&yurtIciDisi=1&sandikRumuzIlk=&sandikRumuzSon=&secimCevresiId=&sandikId=&sorguTuru=1,https://cbs1.tarimorman.gov.tr/server/rest/services/TATUS/MapServer/12,Recep Tayyip Erdoğan,Recep Tayyip Erdoğan,391400,346045,10032,356077,90.98,131534,0,first,,,Temel Karamollaoğlu,Temel Karamollaoğlu,2991,Province,TR-19,official,Official YSK domestic province total. Overseas and customs votes are included in the national result but are not assigned to provinces.
Çorum,https://acikveri.ysk.gov.tr/api/getSecimSandikSonucList?secimId=16300&secimTuru=9&ilId=&ilceId=&beldeId=&birimId=&muhtarlikId=&cezaeviId=&sandikTuru=&sandikNoIlk=&sandikNoSon=&ulkeId=&disTemsilcilikId=&gumrukId=&yurtIciDisi=1&sandikRumuzIlk=&sandikRumuzSon=&secimCevresiId=&sandikId=&sorguTuru=1,https://cbs1.tarimorman.gov.tr/server/rest/services/TATUS/MapServer/12,Recep Tayyip Erdoğan,Recep Tayyip Erdoğan,391400,346045,10032,356077,90.98,131534,0,first,,,Selahattin Demirtaş,Selahattin Demirtaş,1609,Province,TR-19,official,Official YSK domestic province total. Overseas and customs votes are included in the national result but are not assigned to provinces.
Çorum,https://acikveri.ysk.gov.tr/api/getSecimSandikSonucList?secimId=16300&secimTuru=9&ilId=&ilceId=&beldeId=&birimId=&muhtarlikId=&cezaeviId=&sandikTuru=&sandikNoIlk=&sandikNoSon=&ulkeId=&disTemsilcilikId=&gumrukId=&yurtIciDisi=1&sandikRumuzIlk=&sandikRumuzSon=&secimCevresiId=&sandikId=&sorguTuru=1,https://cbs1.tarimorman.gov.tr/server/rest/services/TATUS/MapServer/12,Recep Tayyip Erdoğan,Recep Tayyip Erdoğan,391400,346045,10032,356077,90.98,131534,0,first,,,Doğu Perinçek,Doğu Perinçek,640,Province,TR-19,official,Official YSK domestic province total. Overseas and customs votes are included in the national result but are not assigned to provinces.
Denizli,https://acikveri.ysk.gov.tr/api/getSecimSandikSonucList?secimId=16300&secimTuru=9&ilId=&ilceId=&beldeId=&birimId=&muhtarlikId=&cezaeviId=&sandikTuru=&sandikNoIlk=&sandikNoSon=&ulkeId=&disTemsilcilikId=&gumrukId=&yurtIciDisi=1&sandikRumuzIlk=&sandikRumuzSon=&secimCevresiId=&sandikId=&sorguTuru=1,https://cbs1.tarimorman.gov.tr/server/rest/services/TATUS/MapServer/12,Recep Tayyip Erdoğan,Recep Tayyip Erdoğan,749055,664136,18447,682583,91.13,82507,0,first,,,Recep Tayyip Erdoğan,Recep Tayyip Erdoğan,317608,Province,TR-20,official,Official YSK domestic province total. Overseas and customs votes are included in the national result but are not assigned to provinces.
Denizli,https://acikveri.ysk.gov.tr/api/getSecimSandikSonucList?secimId=16300&secimTuru=9&ilId=&ilceId=&beldeId=&birimId=&muhtarlikId=&cezaeviId=&sandikTuru=&sandikNoIlk=&sandikNoSon=&ulkeId=&disTemsilcilikId=&gumrukId=&yurtIciDisi=1&sandikRumuzIlk=&sandikRumuzSon=&secimCevresiId=&sandikId=&sorguTuru=1,https://cbs1.tarimorman.gov.tr/server/rest/services/TATUS/MapServer/12,Recep Tayyip Erdoğan,Recep Tayyip Erdoğan,749055,664136,18447,682583,91.13,82507,0,first,,,Muharrem İnce,Muharrem İnce,235101,Province,TR-20,official,Official YSK domestic province total. Overseas and customs votes are included in the national result but are not assigned to provinces.
Denizli,https://acikveri.ysk.gov.tr/api/getSecimSandikSonucList?secimId=16300&secimTuru=9&ilId=&ilceId=&beldeId=&birimId=&muhtarlikId=&cezaeviId=&sandikTuru=&sandikNoIlk=&sandikNoSon=&ulkeId=&disTemsilcilikId=&gumrukId=&yurtIciDisi=1&sandikRumuzIlk=&sandikRumuzSon=&secimCevresiId=&sandikId=&sorguTuru=1,https://cbs1.tarimorman.gov.tr/server/rest/services/TATUS/MapServer/12,Recep Tayyip Erdoğan,Recep Tayyip Erdoğan,749055,664136,18447,682583,91.13,82507,0,first,,,Meral Akşener,Meral Akşener,91808,Province,TR-20,official,Official YSK domestic province total. Overseas and customs votes are included in the national result but are not assigned to provinces.
Denizli,https://acikveri.ysk.gov.tr/api/getSecimSandikSonucList?secimId=16300&secimTuru=9&ilId=&ilceId=&beldeId=&birimId=&muhtarlikId=&cezaeviId=&sandikTuru=&sandikNoIlk=&sandikNoSon=&ulkeId=&disTemsilcilikId=&gumrukId=&yurtIciDisi=1&sandikRumuzIlk=&sandikRumuzSon=&secimCevresiId=&sandikId=&sorguTuru=1,https://cbs1.tarimorman.gov.tr/server/rest/services/TATUS/MapServer/12,Recep Tayyip Erdoğan,Recep Tayyip Erdoğan,749055,664136,18447,682583,91.13,82507,0,first,,,Selahattin Demirtaş,Selahattin Demirtaş,14243,Province,TR-20,official,Official YSK domestic province total. Overseas and customs votes are included in the national result but are not assigned to provinces.
Denizli,https://acikveri.ysk.gov.tr/api/getSecimSandikSonucList?secimId=16300&secimTuru=9&ilId=&ilceId=&beldeId=&birimId=&muhtarlikId=&cezaeviId=&sandikTuru=&sandikNoIlk=&sandikNoSon=&ulkeId=&disTemsilcilikId=&gumrukId=&yurtIciDisi=1&sandikRumuzIlk=&sandikRumuzSon=&secimCevresiId=&sandikId=&sorguTuru=1,https://cbs1.tarimorman.gov.tr/server/rest/services/TATUS/MapServer/12,Recep Tayyip Erdoğan,Recep Tayyip Erdoğan,749055,664136,18447,682583,91.13,82507,0,first,,,Temel Karamollaoğlu,Temel Karamollaoğlu,3645,Province,TR-20,official,Official YSK domestic province total. Overseas and customs votes are included in the national result but are not assigned to provinces.
Denizli,https://acikveri.ysk.gov.tr/api/getSecimSandikSonucList?secimId=16300&secimTuru=9&ilId=&ilceId=&beldeId=&birimId=&muhtarlikId=&cezaeviId=&sandikTuru=&sandikNoIlk=&sandikNoSon=&ulkeId=&disTemsilcilikId=&gumrukId=&yurtIciDisi=1&sandikRumuzIlk=&sandikRumuzSon=&secimCevresiId=&sandikId=&sorguTuru=1,https://cbs1.tarimorman.gov.tr/server/rest/services/TATUS/MapServer/12,Recep Tayyip Erdoğan,Recep Tayyip Erdoğan,749055,664136,18447,682583,91.13,82507,0,first,,,Doğu Perinçek,Doğu Perinçek,1731,Province,TR-20,official,Official YSK domestic province total. Overseas and customs votes are included in the national result but are not assigned to provinces.
Diyarbakır,https://acikveri.ysk.gov.tr/api/getSecimSandikSonucList?secimId=16300&secimTuru=9&ilId=&ilceId=&beldeId=&birimId=&muhtarlikId=&cezaeviId=&sandikTuru=&sandikNoIlk=&sandikNoSon=&ulkeId=&disTemsilcilikId=&gumrukId=&yurtIciDisi=1&sandikRumuzIlk=&sandikRumuzSon=&secimCevresiId=&sandikId=&sorguTuru=1,https://cbs1.tarimorman.gov.tr/server/rest/services/TATUS/MapServer/12,Selahattin Demirtaş,Selahattin Demirtaş,1024929,830668,26917,857585,83.67,306936,0,first,,,Selahattin Demirtaş,Selahattin Demirtaş,534414,Province,TR-21,official,Official YSK domestic province total. Overseas and customs votes are included in the national result but are not assigned to provinces.
Diyarbakır,https://acikveri.ysk.gov.tr/api/getSecimSandikSonucList?secimId=16300&secimTuru=9&ilId=&ilceId=&beldeId=&birimId=&muhtarlikId=&cezaeviId=&sandikTuru=&sandikNoIlk=&sandikNoSon=&ulkeId=&disTemsilcilikId=&gumrukId=&yurtIciDisi=1&sandikRumuzIlk=&sandikRumuzSon=&secimCevresiId=&sandikId=&sorguTuru=1,https://cbs1.tarimorman.gov.tr/server/rest/services/TATUS/MapServer/12,Selahattin Demirtaş,Selahattin Demirtaş,1024929,830668,26917,857585,83.67,306936,0,first,,,Recep Tayyip Erdoğan,Recep Tayyip Erdoğan,227478,Province,TR-21,official,Official YSK domestic province total. Overseas and customs votes are included in the national result but are not assigned to provinces.
Diyarbakır,https://acikveri.ysk.gov.tr/api/getSecimSandikSonucList?secimId=16300&secimTuru=9&ilId=&ilceId=&beldeId=&birimId=&muhtarlikId=&cezaeviId=&sandikTuru=&sandikNoIlk=&sandikNoSon=&ulkeId=&disTemsilcilikId=&gumrukId=&yurtIciDisi=1&sandikRumuzIlk=&sandikRumuzSon=&secimCevresiId=&sandikId=&sorguTuru=1,https://cbs1.tarimorman.gov.tr/server/rest/services/TATUS/MapServer/12,Selahattin Demirtaş,Selahattin Demirtaş,1024929,830668,26917,857585,83.67,306936,0,first,,,Muharrem İnce,Muharrem İnce,51311,Province,TR-21,official,Official YSK domestic province total. Overseas and customs votes are included in the national result but are not assigned to provinces.
Diyarbakır,https://acikveri.ysk.gov.tr/api/getSecimSandikSonucList?secimId=16300&secimTuru=9&ilId=&ilceId=&beldeId=&birimId=&muhtarlikId=&cezaeviId=&sandikTuru=&sandikNoIlk=&sandikNoSon=&ulkeId=&disTemsilcilikId=&gumrukId=&yurtIciDisi=1&sandikRumuzIlk=&sandikRumuzSon=&secimCevresiId=&sandikId=&sorguTuru=1,https://cbs1.tarimorman.gov.tr/server/rest/services/TATUS/MapServer/12,Selahattin Demirtaş,Selahattin Demirtaş,1024929,830668,26917,857585,83.67,306936,0,first,,,Meral Akşener,Meral Akşener,8432,Province,TR-21,official,Official YSK domestic province total. Overseas and customs votes are included in the national result but are not assigned to provinces.
Diyarbakır,https://acikveri.ysk.gov.tr/api/getSecimSandikSonucList?secimId=16300&secimTuru=9&ilId=&ilceId=&beldeId=&birimId=&muhtarlikId=&cezaeviId=&sandikTuru=&sandikNoIlk=&sandikNoSon=&ulkeId=&disTemsilcilikId=&gumrukId=&yurtIciDisi=1&sandikRumuzIlk=&sandikRumuzSon=&secimCevresiId=&sandikId=&sorguTuru=1,https://cbs1.tarimorman.gov.tr/server/rest/services/TATUS/MapServer/12,Selahattin Demirtaş,Selahattin Demirtaş,1024929,830668,26917,857585,83.67,306936,0,first,,,Temel Karamollaoğlu,Temel Karamollaoğlu,8030,Province,TR-21,official,Official YSK domestic province total. Overseas and customs votes are included in the national result but are not assigned to provinces.
Diyarbakır,https://acikveri.ysk.gov.tr/api/getSecimSandikSonucList?secimId=16300&secimTuru=9&ilId=&ilceId=&beldeId=&birimId=&muhtarlikId=&cezaeviId=&sandikTuru=&sandikNoIlk=&sandikNoSon=&ulkeId=&disTemsilcilikId=&gumrukId=&yurtIciDisi=1&sandikRumuzIlk=&sandikRumuzSon=&secimCevresiId=&sandikId=&sorguTuru=1,https://cbs1.tarimorman.gov.tr/server/rest/services/TATUS/MapServer/12,Selahattin Demirtaş,Selahattin Demirtaş,1024929,830668,26917,857585,83.67,306936,0,first,,,Doğu Perinçek,Doğu Perinçek,1003,Province,TR-21,official,Official YSK domestic province total. Overseas and customs votes are included in the national result but are not assigned to provinces.
Düzce,https://acikveri.ysk.gov.tr/api/getSecimSandikSonucList?secimId=16300&secimTuru=9&ilId=&ilceId=&beldeId=&birimId=&muhtarlikId=&cezaeviId=&sandikTuru=&sandikNoIlk=&sandikNoSon=&ulkeId=&disTemsilcilikId=&gumrukId=&yurtIciDisi=1&sandikRumuzIlk=&sandikRumuzSon=&secimCevresiId=&sandikId=&sorguTuru=1,https://cbs1.tarimorman.gov.tr/server/rest/services/TATUS/MapServer/12,Recep Tayyip Erdoğan,Recep Tayyip Erdoğan,268337,238267,6150,244417,91.09,129847,0,first,,,Recep Tayyip Erdoğan,Recep Tayyip Erdoğan,173965,Province,TR-81,official,Official YSK domestic province total. Overseas and customs votes are included in the national result but are not assigned to provinces.
Düzce,https://acikveri.ysk.gov.tr/api/getSecimSandikSonucList?secimId=16300&secimTuru=9&ilId=&ilceId=&beldeId=&birimId=&muhtarlikId=&cezaeviId=&sandikTuru=&sandikNoIlk=&sandikNoSon=&ulkeId=&disTemsilcilikId=&gumrukId=&yurtIciDisi=1&sandikRumuzIlk=&sandikRumuzSon=&secimCevresiId=&sandikId=&sorguTuru=1,https://cbs1.tarimorman.gov.tr/server/rest/services/TATUS/MapServer/12,Recep Tayyip Erdoğan,Recep Tayyip Erdoğan,268337,238267,6150,244417,91.09,129847,0,first,,,Muharrem İnce,Muharrem İnce,44118,Province,TR-81,official,Official YSK domestic province total. Overseas and customs votes are included in the national result but are not assigned to provinces.
Düzce,https://acikveri.ysk.gov.tr/api/getSecimSandikSonucList?secimId=16300&secimTuru=9&ilId=&ilceId=&beldeId=&birimId=&muhtarlikId=&cezaeviId=&sandikTuru=&sandikNoIlk=&sandikNoSon=&ulkeId=&disTemsilcilikId=&gumrukId=&yurtIciDisi=1&sandikRumuzIlk=&sandikRumuzSon=&secimCevresiId=&sandikId=&sorguTuru=1,https://cbs1.tarimorman.gov.tr/server/rest/services/TATUS/MapServer/12,Recep Tayyip Erdoğan,Recep Tayyip Erdoğan,268337,238267,6150,244417,91.09,129847,0,first,,,Meral Akşener,Meral Akşener,14727,Province,TR-81,official,Official YSK domestic province total. Overseas and customs votes are included in the national result but are not assigned to provinces.
Düzce,https://acikveri.ysk.gov.tr/api/getSecimSandikSonucList?secimId=16300&secimTuru=9&ilId=&ilceId=&beldeId=&birimId=&muhtarlikId=&cezaeviId=&sandikTuru=&sandikNoIlk=&sandikNoSon=&ulkeId=&disTemsilcilikId=&gumrukId=&yurtIciDisi=1&sandikRumuzIlk=&sandikRumuzSon=&secimCevresiId=&sandikId=&sorguTuru=1,https://cbs1.tarimorman.gov.tr/server/rest/services/TATUS/MapServer/12,Recep Tayyip Erdoğan,Recep Tayyip Erdoğan,268337,238267,6150,244417,91.09,129847,0,first,,,Temel Karamollaoğlu,Temel Karamollaoğlu,2607,Province,TR-81,official,Official YSK domestic province total. Overseas and customs votes are included in the national result but are not assigned to provinces.
Düzce,https://acikveri.ysk.gov.tr/api/getSecimSandikSonucList?secimId=16300&secimTuru=9&ilId=&ilceId=&beldeId=&birimId=&muhtarlikId=&cezaeviId=&sandikTuru=&sandikNoIlk=&sandikNoSon=&ulkeId=&disTemsilcilikId=&gumrukId=&yurtIciDisi=1&sandikRumuzIlk=&sandikRumuzSon=&secimCevresiId=&sandikId=&sorguTuru=1,https://cbs1.tarimorman.gov.tr/server/rest/services/TATUS/MapServer/12,Recep Tayyip Erdoğan,Recep Tayyip Erdoğan,268337,238267,6150,244417,91.09,129847,0,first,,,Selahattin Demirtaş,Selahattin Demirtaş,2256,Province,TR-81,official,Official YSK domestic province total. Overseas and customs votes are included in the national result but are not assigned to provinces.
Düzce,https://acikveri.ysk.gov.tr/api/getSecimSandikSonucList?secimId=16300&secimTuru=9&ilId=&ilceId=&beldeId=&birimId=&muhtarlikId=&cezaeviId=&sandikTuru=&sandikNoIlk=&sandikNoSon=&ulkeId=&disTemsilcilikId=&gumrukId=&yurtIciDisi=1&sandikRumuzIlk=&sandikRumuzSon=&secimCevresiId=&sandikId=&sorguTuru=1,https://cbs1.tarimorman.gov.tr/server/rest/services/TATUS/MapServer/12,Recep Tayyip Erdoğan,Recep Tayyip Erdoğan,268337,238267,6150,244417,91.09,129847,0,first,,,Doğu Perinçek,Doğu Perinçek,594,Province,TR-81,official,Official YSK domestic province total. Overseas and customs votes are included in the national result but are not assigned to provinces.
Edirne,https://acikveri.ysk.gov.tr/api/getSecimSandikSonucList?secimId=16300&secimTuru=9&ilId=&ilceId=&beldeId=&birimId=&muhtarlikId=&cezaeviId=&sandikTuru=&sandikNoIlk=&sandikNoSon=&ulkeId=&disTemsilcilikId=&gumrukId=&yurtIciDisi=1&sandikRumuzIlk=&sandikRumuzSon=&secimCevresiId=&sandikId=&sorguTuru=1,https://cbs1.tarimorman.gov.tr/server/rest/services/TATUS/MapServer/12,Muharrem İnce,Muharrem İnce,311104,268191,7029,275220,88.47,65013,0,first,,,Muharrem İnce,Muharrem İnce,149229,Province,TR-22,official,Official YSK domestic province total. Overseas and customs votes are included in the national result but are not assigned to provinces.
Edirne,https://acikveri.ysk.gov.tr/api/getSecimSandikSonucList?secimId=16300&secimTuru=9&ilId=&ilceId=&beldeId=&birimId=&muhtarlikId=&cezaeviId=&sandikTuru=&sandikNoIlk=&sandikNoSon=&ulkeId=&disTemsilcilikId=&gumrukId=&yurtIciDisi=1&sandikRumuzIlk=&sandikRumuzSon=&secimCevresiId=&sandikId=&sorguTuru=1,https://cbs1.tarimorman.gov.tr/server/rest/services/TATUS/MapServer/12,Muharrem İnce,Muharrem İnce,311104,268191,7029,275220,88.47,65013,0,first,,,Recep Tayyip Erdoğan,Recep Tayyip Erdoğan,84216,Province,TR-22,official,Official YSK domestic province total. Overseas and customs votes are included in the national result but are not assigned to provinces.
Edirne,https://acikveri.ysk.gov.tr/api/getSecimSandikSonucList?secimId=16300&secimTuru=9&ilId=&ilceId=&beldeId=&birimId=&muhtarlikId=&cezaeviId=&sandikTuru=&sandikNoIlk=&sandikNoSon=&ulkeId=&disTemsilcilikId=&gumrukId=&yurtIciDisi=1&sandikRumuzIlk=&sandikRumuzSon=&secimCevresiId=&sandikId=&sorguTuru=1,https://cbs1.tarimorman.gov.tr/server/rest/services/TATUS/MapServer/12,Muharrem İnce,Muharrem İnce,311104,268191,7029,275220,88.47,65013,0,first,,,Meral Akşener,Meral Akşener,27817,Province,TR-22,official,Official YSK domestic province total. Overseas and customs votes are included in the national result but are not assigned to provinces.
Edirne,https://acikveri.ysk.gov.tr/api/getSecimSandikSonucList?secimId=16300&secimTuru=9&ilId=&ilceId=&beldeId=&birimId=&muhtarlikId=&cezaeviId=&sandikTuru=&sandikNoIlk=&sandikNoSon=&ulkeId=&disTemsilcilikId=&gumrukId=&yurtIciDisi=1&sandikRumuzIlk=&sandikRumuzSon=&secimCevresiId=&sandikId=&sorguTuru=1,https://cbs1.tarimorman.gov.tr/server/rest/services/TATUS/MapServer/12,Muharrem İnce,Muharrem İnce,311104,268191,7029,275220,88.47,65013,0,first,,,Selahattin Demirtaş,Selahattin Demirtaş,4493,Province,TR-22,official,Official YSK domestic province total. Overseas and customs votes are included in the national result but are not assigned to provinces.
Edirne,https://acikveri.ysk.gov.tr/api/getSecimSandikSonucList?secimId=16300&secimTuru=9&ilId=&ilceId=&beldeId=&birimId=&muhtarlikId=&cezaeviId=&sandikTuru=&sandikNoIlk=&sandikNoSon=&ulkeId=&disTemsilcilikId=&gumrukId=&yurtIciDisi=1&sandikRumuzIlk=&sandikRumuzSon=&secimCevresiId=&sandikId=&sorguTuru=1,https://cbs1.tarimorman.gov.tr/server/rest/services/TATUS/MapServer/12,Muharrem İnce,Muharrem İnce,311104,268191,7029,275220,88.47,65013,0,first,,,Temel Karamollaoğlu,Temel Karamollaoğlu,1716,Province,TR-22,official,Official YSK domestic province total. Overseas and customs votes are included in the national result but are not assigned to provinces.
Edirne,https://acikveri.ysk.gov.tr/api/getSecimSandikSonucList?secimId=16300&secimTuru=9&ilId=&ilceId=&beldeId=&birimId=&muhtarlikId=&cezaeviId=&sandikTuru=&sandikNoIlk=&sandikNoSon=&ulkeId=&disTemsilcilikId=&gumrukId=&yurtIciDisi=1&sandikRumuzIlk=&sandikRumuzSon=&secimCevresiId=&sandikId=&sorguTuru=1,https://cbs1.tarimorman.gov.tr/server/rest/services/TATUS/MapServer/12,Muharrem İnce,Muharrem İnce,311104,268191,7029,275220,88.47,65013,0,first,,,Doğu Perinçek,Doğu Perinçek,720,Province,TR-22,official,Official YSK domestic province total. Overseas and customs votes are included in the national result but are not assigned to provinces.
Elazığ,https://acikveri.ysk.gov.tr/api/getSecimSandikSonucList?secimId=16300&secimTuru=9&ilId=&ilceId=&beldeId=&birimId=&muhtarlikId=&cezaeviId=&sandikTuru=&sandikNoIlk=&sandikNoSon=&ulkeId=&disTemsilcilikId=&gumrukId=&yurtIciDisi=1&sandikRumuzIlk=&sandikRumuzSon=&secimCevresiId=&sandikId=&sorguTuru=1,https://cbs1.tarimorman.gov.tr/server/rest/services/TATUS/MapServer/12,Recep Tayyip Erdoğan,Recep Tayyip Erdoğan,412412,339752,9908,349660,84.78,184803,0,first,,,Recep Tayyip Erdoğan,Recep Tayyip Erdoğan,237766,Province,TR-23,official,Official YSK domestic province total. Overseas and customs votes are included in the national result but are not assigned to provinces.
Elazığ,https://acikveri.ysk.gov.tr/api/getSecimSandikSonucList?secimId=16300&secimTuru=9&ilId=&ilceId=&beldeId=&birimId=&muhtarlikId=&cezaeviId=&sandikTuru=&sandikNoIlk=&sandikNoSon=&ulkeId=&disTemsilcilikId=&gumrukId=&yurtIciDisi=1&sandikRumuzIlk=&sandikRumuzSon=&secimCevresiId=&sandikId=&sorguTuru=1,https://cbs1.tarimorman.gov.tr/server/rest/services/TATUS/MapServer/12,Recep Tayyip Erdoğan,Recep Tayyip Erdoğan,412412,339752,9908,349660,84.78,184803,0,first,,,Muharrem İnce,Muharrem İnce,52963,Province,TR-23,official,Official YSK domestic province total. Overseas and customs votes are included in the national result but are not assigned to provinces.
Elazığ,https://acikveri.ysk.gov.tr/api/getSecimSandikSonucList?secimId=16300&secimTuru=9&ilId=&ilceId=&beldeId=&birimId=&muhtarlikId=&cezaeviId=&sandikTuru=&sandikNoIlk=&sandikNoSon=&ulkeId=&disTemsilcilikId=&gumrukId=&yurtIciDisi=1&sandikRumuzIlk=&sandikRumuzSon=&secimCevresiId=&sandikId=&sorguTuru=1,https://cbs1.tarimorman.gov.tr/server/rest/services/TATUS/MapServer/12,Recep Tayyip Erdoğan,Recep Tayyip Erdoğan,412412,339752,9908,349660,84.78,184803,0,first,,,Selahattin Demirtaş,Selahattin Demirtaş,21973,Province,TR-23,official,Official YSK domestic province total. Overseas and customs votes are included in the national result but are not assigned to provinces.
Elazığ,https://acikveri.ysk.gov.tr/api/getSecimSandikSonucList?secimId=16300&secimTuru=9&ilId=&ilceId=&beldeId=&birimId=&muhtarlikId=&cezaeviId=&sandikTuru=&sandikNoIlk=&sandikNoSon=&ulkeId=&disTemsilcilikId=&gumrukId=&yurtIciDisi=1&sandikRumuzIlk=&sandikRumuzSon=&secimCevresiId=&sandikId=&sorguTuru=1,https://cbs1.tarimorman.gov.tr/server/rest/services/TATUS/MapServer/12,Recep Tayyip Erdoğan,Recep Tayyip Erdoğan,412412,339752,9908,349660,84.78,184803,0,first,,,Meral Akşener,Meral Akşener,21322,Province,TR-23,official,Official YSK domestic province total. Overseas and customs votes are included in the national result but are not assigned to provinces.
Elazığ,https://acikveri.ysk.gov.tr/api/getSecimSandikSonucList?secimId=16300&secimTuru=9&ilId=&ilceId=&beldeId=&birimId=&muhtarlikId=&cezaeviId=&sandikTuru=&sandikNoIlk=&sandikNoSon=&ulkeId=&disTemsilcilikId=&gumrukId=&yurtIciDisi=1&sandikRumuzIlk=&sandikRumuzSon=&secimCevresiId=&sandikId=&sorguTuru=1,https://cbs1.tarimorman.gov.tr/server/rest/services/TATUS/MapServer/12,Recep Tayyip Erdoğan,Recep Tayyip Erdoğan,412412,339752,9908,349660,84.78,184803,0,first,,,Temel Karamollaoğlu,Temel Karamollaoğlu,5337,Province,TR-23,official,Official YSK domestic province total. Overseas and customs votes are included in the national result but are not assigned to provinces.
Elazığ,https://acikveri.ysk.gov.tr/api/getSecimSandikSonucList?secimId=16300&secimTuru=9&ilId=&ilceId=&beldeId=&birimId=&muhtarlikId=&cezaeviId=&sandikTuru=&sandikNoIlk=&sandikNoSon=&ulkeId=&disTemsilcilikId=&gumrukId=&yurtIciDisi=1&sandikRumuzIlk=&sandikRumuzSon=&secimCevresiId=&sandikId=&sorguTuru=1,https://cbs1.tarimorman.gov.tr/server/rest/services/TATUS/MapServer/12,Recep Tayyip Erdoğan,Recep Tayyip Erdoğan,412412,339752,9908,349660,84.78,184803,0,first,,,Doğu Perinçek,Doğu Perinçek,391,Province,TR-23,official,Official YSK domestic province total. Overseas and customs votes are included in the national result but are not assigned to provinces.
Erzincan,https://acikveri.ysk.gov.tr/api/getSecimSandikSonucList?secimId=16300&secimTuru=9&ilId=&ilceId=&beldeId=&birimId=&muhtarlikId=&cezaeviId=&sandikTuru=&sandikNoIlk=&sandikNoSon=&ulkeId=&disTemsilcilikId=&gumrukId=&yurtIciDisi=1&sandikRumuzIlk=&sandikRumuzSon=&secimCevresiId=&sandikId=&sorguTuru=1,https://cbs1.tarimorman.gov.tr/server/rest/services/TATUS/MapServer/12,Recep Tayyip Erdoğan,Recep Tayyip Erdoğan,162532,143014,3375,146389,90.07,41667,0,first,,,Recep Tayyip Erdoğan,Recep Tayyip Erdoğan,86673,Province,TR-24,official,Official YSK domestic province total. Overseas and customs votes are included in the national result but are not assigned to provinces.
Erzincan,https://acikveri.ysk.gov.tr/api/getSecimSandikSonucList?secimId=16300&secimTuru=9&ilId=&ilceId=&beldeId=&birimId=&muhtarlikId=&cezaeviId=&sandikTuru=&sandikNoIlk=&sandikNoSon=&ulkeId=&disTemsilcilikId=&gumrukId=&yurtIciDisi=1&sandikRumuzIlk=&sandikRumuzSon=&secimCevresiId=&sandikId=&sorguTuru=1,https://cbs1.tarimorman.gov.tr/server/rest/services/TATUS/MapServer/12,Recep Tayyip Erdoğan,Recep Tayyip Erdoğan,162532,143014,3375,146389,90.07,41667,0,first,,,Muharrem İnce,Muharrem İnce,45006,Province,TR-24,official,Official YSK domestic province total. Overseas and customs votes are included in the national result but are not assigned to provinces.
Erzincan,https://acikveri.ysk.gov.tr/api/getSecimSandikSonucList?secimId=16300&secimTuru=9&ilId=&ilceId=&beldeId=&birimId=&muhtarlikId=&cezaeviId=&sandikTuru=&sandikNoIlk=&sandikNoSon=&ulkeId=&disTemsilcilikId=&gumrukId=&yurtIciDisi=1&sandikRumuzIlk=&sandikRumuzSon=&secimCevresiId=&sandikId=&sorguTuru=1,https://cbs1.tarimorman.gov.tr/server/rest/services/TATUS/MapServer/12,Recep Tayyip Erdoğan,Recep Tayyip Erdoğan,162532,143014,3375,146389,90.07,41667,0,first,,,Meral Akşener,Meral Akşener,7913,Province,TR-24,official,Official YSK domestic province total. Overseas and customs votes are included in the national result but are not assigned to provinces.
Erzincan,https://acikveri.ysk.gov.tr/api/getSecimSandikSonucList?secimId=16300&secimTuru=9&ilId=&ilceId=&beldeId=&birimId=&muhtarlikId=&cezaeviId=&sandikTuru=&sandikNoIlk=&sandikNoSon=&ulkeId=&disTemsilcilikId=&gumrukId=&yurtIciDisi=1&sandikRumuzIlk=&sandikRumuzSon=&secimCevresiId=&sandikId=&sorguTuru=1,https://cbs1.tarimorman.gov.tr/server/rest/services/TATUS/MapServer/12,Recep Tayyip Erdoğan,Recep Tayyip Erdoğan,162532,143014,3375,146389,90.07,41667,0,first,,,Selahattin Demirtaş,Selahattin Demirtaş,1803,Province,TR-24,official,Official YSK domestic province total. Overseas and customs votes are included in the national result but are not assigned to provinces.
Erzincan,https://acikveri.ysk.gov.tr/api/getSecimSandikSonucList?secimId=16300&secimTuru=9&ilId=&ilceId=&beldeId=&birimId=&muhtarlikId=&cezaeviId=&sandikTuru=&sandikNoIlk=&sandikNoSon=&ulkeId=&disTemsilcilikId=&gumrukId=&yurtIciDisi=1&sandikRumuzIlk=&sandikRumuzSon=&secimCevresiId=&sandikId=&sorguTuru=1,https://cbs1.tarimorman.gov.tr/server/rest/services/TATUS/MapServer/12,Recep Tayyip Erdoğan,Recep Tayyip Erdoğan,162532,143014,3375,146389,90.07,41667,0,first,,,Temel Karamollaoğlu,Temel Karamollaoğlu,1415,Province,TR-24,official,Official YSK domestic province total. Overseas and customs votes are included in the national result but are not assigned to provinces.
Erzincan,https://acikveri.ysk.gov.tr/api/getSecimSandikSonucList?secimId=16300&secimTuru=9&ilId=&ilceId=&beldeId=&birimId=&muhtarlikId=&cezaeviId=&sandikTuru=&sandikNoIlk=&sandikNoSon=&ulkeId=&disTemsilcilikId=&gumrukId=&yurtIciDisi=1&sandikRumuzIlk=&sandikRumuzSon=&secimCevresiId=&sandikId=&sorguTuru=1,https://cbs1.tarimorman.gov.tr/server/rest/services/TATUS/MapServer/12,Recep Tayyip Erdoğan,Recep Tayyip Erdoğan,162532,143014,3375,146389,90.07,41667,0,first,,,Doğu Perinçek,Doğu Perinçek,204,Province,TR-24,official,Official YSK domestic province total. Overseas and customs votes are included in the national result but are not assigned to provinces.
Erzurum,https://acikveri.ysk.gov.tr/api/getSecimSandikSonucList?secimId=16300&secimTuru=9&ilId=&ilceId=&beldeId=&birimId=&muhtarlikId=&cezaeviId=&sandikTuru=&sandikNoIlk=&sandikNoSon=&ulkeId=&disTemsilcilikId=&gumrukId=&yurtIciDisi=1&sandikRumuzIlk=&sandikRumuzSon=&secimCevresiId=&sandikId=&sorguTuru=1,https://cbs1.tarimorman.gov.tr/server/rest/services/TATUS/MapServer/12,Recep Tayyip Erdoğan,Recep Tayyip Erdoğan,494291,420304,10842,431146,87.23,262479,0,first,,,Recep Tayyip Erdoğan,Recep Tayyip Erdoğan,303995,Province,TR-25,official,Official YSK domestic province total. Overseas and customs votes are included in the national result but are not assigned to provinces.
Erzurum,https://acikveri.ysk.gov.tr/api/getSecimSandikSonucList?secimId=16300&secimTuru=9&ilId=&ilceId=&beldeId=&birimId=&muhtarlikId=&cezaeviId=&sandikTuru=&sandikNoIlk=&sandikNoSon=&ulkeId=&disTemsilcilikId=&gumrukId=&yurtIciDisi=1&sandikRumuzIlk=&sandikRumuzSon=&secimCevresiId=&sandikId=&sorguTuru=1,https://cbs1.tarimorman.gov.tr/server/rest/services/TATUS/MapServer/12,Recep Tayyip Erdoğan,Recep Tayyip Erdoğan,494291,420304,10842,431146,87.23,262479,0,first,,,Muharrem İnce,Muharrem İnce,41516,Province,TR-25,official,Official YSK domestic province total. Overseas and customs votes are included in the national result but are not assigned to provinces.
Erzurum,https://acikveri.ysk.gov.tr/api/getSecimSandikSonucList?secimId=16300&secimTuru=9&ilId=&ilceId=&beldeId=&birimId=&muhtarlikId=&cezaeviId=&sandikTuru=&sandikNoIlk=&sandikNoSon=&ulkeId=&disTemsilcilikId=&gumrukId=&yurtIciDisi=1&sandikRumuzIlk=&sandikRumuzSon=&secimCevresiId=&sandikId=&sorguTuru=1,https://cbs1.tarimorman.gov.tr/server/rest/services/TATUS/MapServer/12,Recep Tayyip Erdoğan,Recep Tayyip Erdoğan,494291,420304,10842,431146,87.23,262479,0,first,,,Selahattin Demirtaş,Selahattin Demirtaş,40567,Province,TR-25,official,Official YSK domestic province total. Overseas and customs votes are included in the national result but are not assigned to provinces.
Erzurum,https://acikveri.ysk.gov.tr/api/getSecimSandikSonucList?secimId=16300&secimTuru=9&ilId=&ilceId=&beldeId=&birimId=&muhtarlikId=&cezaeviId=&sandikTuru=&sandikNoIlk=&sandikNoSon=&ulkeId=&disTemsilcilikId=&gumrukId=&yurtIciDisi=1&sandikRumuzIlk=&sandikRumuzSon=&secimCevresiId=&sandikId=&sorguTuru=1,https://cbs1.tarimorman.gov.tr/server/rest/services/TATUS/MapServer/12,Recep Tayyip Erdoğan,Recep Tayyip Erdoğan,494291,420304,10842,431146,87.23,262479,0,first,,,Meral Akşener,Meral Akşener,27761,Province,TR-25,official,Official YSK domestic province total. Overseas and customs votes are included in the national result but are not assigned to provinces.
Erzurum,https://acikveri.ysk.gov.tr/api/getSecimSandikSonucList?secimId=16300&secimTuru=9&ilId=&ilceId=&beldeId=&birimId=&muhtarlikId=&cezaeviId=&sandikTuru=&sandikNoIlk=&sandikNoSon=&ulkeId=&disTemsilcilikId=&gumrukId=&yurtIciDisi=1&sandikRumuzIlk=&sandikRumuzSon=&secimCevresiId=&sandikId=&sorguTuru=1,https://cbs1.tarimorman.gov.tr/server/rest/services/TATUS/MapServer/12,Recep Tayyip Erdoğan,Recep Tayyip Erdoğan,494291,420304,10842,431146,87.23,262479,0,first,,,Temel Karamollaoğlu,Temel Karamollaoğlu,5971,Province,TR-25,official,Official YSK domestic province total. Overseas and customs votes are included in the national result but are not assigned to provinces.
Erzurum,https://acikveri.ysk.gov.tr/api/getSecimSandikSonucList?secimId=16300&secimTuru=9&ilId=&ilceId=&beldeId=&birimId=&muhtarlikId=&cezaeviId=&sandikTuru=&sandikNoIlk=&sandikNoSon=&ulkeId=&disTemsilcilikId=&gumrukId=&yurtIciDisi=1&sandikRumuzIlk=&sandikRumuzSon=&secimCevresiId=&sandikId=&sorguTuru=1,https://cbs1.tarimorman.gov.tr/server/rest/services/TATUS/MapServer/12,Recep Tayyip Erdoğan,Recep Tayyip Erdoğan,494291,420304,10842,431146,87.23,262479,0,first,,,Doğu Perinçek,Doğu Perinçek,494,Province,TR-25,official,Official YSK domestic province total. Overseas and customs votes are included in the national result but are not assigned to provinces.
Eskişehir,https://acikveri.ysk.gov.tr/api/getSecimSandikSonucList?secimId=16300&secimTuru=9&ilId=&ilceId=&beldeId=&birimId=&muhtarlikId=&cezaeviId=&sandikTuru=&sandikNoIlk=&sandikNoSon=&ulkeId=&disTemsilcilikId=&gumrukId=&yurtIciDisi=1&sandikRumuzIlk=&sandikRumuzSon=&secimCevresiId=&sandikId=&sorguTuru=1,https://cbs1.tarimorman.gov.tr/server/rest/services/TATUS/MapServer/12,Recep Tayyip Erdoğan,Recep Tayyip Erdoğan,646221,564085,11088,575173,89.01,30501,0,first,,,Recep Tayyip Erdoğan,Recep Tayyip Erdoğan,262192,Province,TR-26,official,Official YSK domestic province total. Overseas and customs votes are included in the national result but are not assigned to provinces.
Eskişehir,https://acikveri.ysk.gov.tr/api/getSecimSandikSonucList?secimId=16300&secimTuru=9&ilId=&ilceId=&beldeId=&birimId=&muhtarlikId=&cezaeviId=&sandikTuru=&sandikNoIlk=&sandikNoSon=&ulkeId=&disTemsilcilikId=&gumrukId=&yurtIciDisi=1&sandikRumuzIlk=&sandikRumuzSon=&secimCevresiId=&sandikId=&sorguTuru=1,https://cbs1.tarimorman.gov.tr/server/rest/services/TATUS/MapServer/12,Recep Tayyip Erdoğan,Recep Tayyip Erdoğan,646221,564085,11088,575173,89.01,30501,0,first,,,Muharrem İnce,Muharrem İnce,231691,Province,TR-26,official,Official YSK domestic province total. Overseas and customs votes are included in the national result but are not assigned to provinces.
Eskişehir,https://acikveri.ysk.gov.tr/api/getSecimSandikSonucList?secimId=16300&secimTuru=9&ilId=&ilceId=&beldeId=&birimId=&muhtarlikId=&cezaeviId=&sandikTuru=&sandikNoIlk=&sandikNoSon=&ulkeId=&disTemsilcilikId=&gumrukId=&yurtIciDisi=1&sandikRumuzIlk=&sandikRumuzSon=&secimCevresiId=&sandikId=&sorguTuru=1,https://cbs1.tarimorman.gov.tr/server/rest/services/TATUS/MapServer/12,Recep Tayyip Erdoğan,Recep Tayyip Erdoğan,646221,564085,11088,575173,89.01,30501,0,first,,,Meral Akşener,Meral Akşener,54571,Province,TR-26,official,Official YSK domestic province total. Overseas and customs votes are included in the national result but are not assigned to provinces.
Eskişehir,https://acikveri.ysk.gov.tr/api/getSecimSandikSonucList?secimId=16300&secimTuru=9&ilId=&ilceId=&beldeId=&birimId=&muhtarlikId=&cezaeviId=&sandikTuru=&sandikNoIlk=&sandikNoSon=&ulkeId=&disTemsilcilikId=&gumrukId=&yurtIciDisi=1&sandikRumuzIlk=&sandikRumuzSon=&secimCevresiId=&sandikId=&sorguTuru=1,https://cbs1.tarimorman.gov.tr/server/rest/services/TATUS/MapServer/12,Recep Tayyip Erdoğan,Recep Tayyip Erdoğan,646221,564085,11088,575173,89.01,30501,0,first,,,Selahattin Demirtaş,Selahattin Demirtaş,9914,Province,TR-26,official,Official YSK domestic province total. Overseas and customs votes are included in the national result but are not assigned to provinces.
Eskişehir,https://acikveri.ysk.gov.tr/api/getSecimSandikSonucList?secimId=16300&secimTuru=9&ilId=&ilceId=&beldeId=&birimId=&muhtarlikId=&cezaeviId=&sandikTuru=&sandikNoIlk=&sandikNoSon=&ulkeId=&disTemsilcilikId=&gumrukId=&yurtIciDisi=1&sandikRumuzIlk=&sandikRumuzSon=&secimCevresiId=&sandikId=&sorguTuru=1,https://cbs1.tarimorman.gov.tr/server/rest/services/TATUS/MapServer/12,Recep Tayyip Erdoğan,Recep Tayyip Erdoğan,646221,564085,11088,575173,89.01,30501,0,first,,,Temel Karamollaoğlu,Temel Karamollaoğlu,4427,Province,TR-26,official,Official YSK domestic province total. Overseas and customs votes are included in the national result but are not assigned to provinces.
Eskişehir,https://acikveri.ysk.gov.tr/api/getSecimSandikSonucList?secimId=16300&secimTuru=9&ilId=&ilceId=&beldeId=&birimId=&muhtarlikId=&cezaeviId=&sandikTuru=&sandikNoIlk=&sandikNoSon=&ulkeId=&disTemsilcilikId=&gumrukId=&yurtIciDisi=1&sandikRumuzIlk=&sandikRumuzSon=&secimCevresiId=&sandikId=&sorguTuru=1,https://cbs1.tarimorman.gov.tr/server/rest/services/TATUS/MapServer/12,Recep Tayyip Erdoğan,Recep Tayyip Erdoğan,646221,564085,11088,575173,89.01,30501,0,first,,,Doğu Perinçek,Doğu Perinçek,1290,Province,TR-26,official,Official YSK domestic province total. Overseas and customs votes are included in the national result but are not assigned to provinces.
Gaziantep,https://acikveri.ysk.gov.tr/api/getSecimSandikSonucList?secimId=16300&secimTuru=9&ilId=&ilceId=&beldeId=&birimId=&muhtarlikId=&cezaeviId=&sandikTuru=&sandikNoIlk=&sandikNoSon=&ulkeId=&disTemsilcilikId=&gumrukId=&yurtIciDisi=1&sandikRumuzIlk=&sandikRumuzSon=&secimCevresiId=&sandikId=&sorguTuru=1,https://cbs1.tarimorman.gov.tr/server/rest/services/TATUS/MapServer/12,Recep Tayyip Erdoğan,Recep Tayyip Erdoğan,1216402,1016520,22901,1039421,85.45,428631,0,first,,,Recep Tayyip Erdoğan,Recep Tayyip Erdoğan,649868,Province,TR-27,official,Official YSK domestic province total. Overseas and customs votes are included in the national result but are not assigned to provinces.
Gaziantep,https://acikveri.ysk.gov.tr/api/getSecimSandikSonucList?secimId=16300&secimTuru=9&ilId=&ilceId=&beldeId=&birimId=&muhtarlikId=&cezaeviId=&sandikTuru=&sandikNoIlk=&sandikNoSon=&ulkeId=&disTemsilcilikId=&gumrukId=&yurtIciDisi=1&sandikRumuzIlk=&sandikRumuzSon=&secimCevresiId=&sandikId=&sorguTuru=1,https://cbs1.tarimorman.gov.tr/server/rest/services/TATUS/MapServer/12,Recep Tayyip Erdoğan,Recep Tayyip Erdoğan,1216402,1016520,22901,1039421,85.45,428631,0,first,,,Muharrem İnce,Muharrem İnce,221237,Province,TR-27,official,Official YSK domestic province total. Overseas and customs votes are included in the national result but are not assigned to provinces.
Gaziantep,https://acikveri.ysk.gov.tr/api/getSecimSandikSonucList?secimId=16300&secimTuru=9&ilId=&ilceId=&beldeId=&birimId=&muhtarlikId=&cezaeviId=&sandikTuru=&sandikNoIlk=&sandikNoSon=&ulkeId=&disTemsilcilikId=&gumrukId=&yurtIciDisi=1&sandikRumuzIlk=&sandikRumuzSon=&secimCevresiId=&sandikId=&sorguTuru=1,https://cbs1.tarimorman.gov.tr/server/rest/services/TATUS/MapServer/12,Recep Tayyip Erdoğan,Recep Tayyip Erdoğan,1216402,1016520,22901,1039421,85.45,428631,0,first,,,Selahattin Demirtaş,Selahattin Demirtaş,80303,Province,TR-27,official,Official YSK domestic province total. Overseas and customs votes are included in the national result but are not assigned to provinces.
Gaziantep,https://acikveri.ysk.gov.tr/api/getSecimSandikSonucList?secimId=16300&secimTuru=9&ilId=&ilceId=&beldeId=&birimId=&muhtarlikId=&cezaeviId=&sandikTuru=&sandikNoIlk=&sandikNoSon=&ulkeId=&disTemsilcilikId=&gumrukId=&yurtIciDisi=1&sandikRumuzIlk=&sandikRumuzSon=&secimCevresiId=&sandikId=&sorguTuru=1,https://cbs1.tarimorman.gov.tr/server/rest/services/TATUS/MapServer/12,Recep Tayyip Erdoğan,Recep Tayyip Erdoğan,1216402,1016520,22901,1039421,85.45,428631,0,first,,,Meral Akşener,Meral Akşener,54209,Province,TR-27,official,Official YSK domestic province total. Overseas and customs votes are included in the national result but are not assigned to provinces.
Gaziantep,https://acikveri.ysk.gov.tr/api/getSecimSandikSonucList?secimId=16300&secimTuru=9&ilId=&ilceId=&beldeId=&birimId=&muhtarlikId=&cezaeviId=&sandikTuru=&sandikNoIlk=&sandikNoSon=&ulkeId=&disTemsilcilikId=&gumrukId=&yurtIciDisi=1&sandikRumuzIlk=&sandikRumuzSon=&secimCevresiId=&sandikId=&sorguTuru=1,https://cbs1.tarimorman.gov.tr/server/rest/services/TATUS/MapServer/12,Recep Tayyip Erdoğan,Recep Tayyip Erdoğan,1216402,1016520,22901,1039421,85.45,428631,0,first,,,Temel Karamollaoğlu,Temel Karamollaoğlu,8955,Province,TR-27,official,Official YSK domestic province total. Overseas and customs votes are included in the national result but are not assigned to provinces.
Gaziantep,https://acikveri.ysk.gov.tr/api/getSecimSandikSonucList?secimId=16300&secimTuru=9&ilId=&ilceId=&beldeId=&birimId=&muhtarlikId=&cezaeviId=&sandikTuru=&sandikNoIlk=&sandikNoSon=&ulkeId=&disTemsilcilikId=&gumrukId=&yurtIciDisi=1&sandikRumuzIlk=&sandikRumuzSon=&secimCevresiId=&sandikId=&sorguTuru=1,https://cbs1.tarimorman.gov.tr/server/rest/services/TATUS/MapServer/12,Recep Tayyip Erdoğan,Recep Tayyip Erdoğan,1216402,1016520,22901,1039421,85.45,428631,0,first,,,Doğu Perinçek,Doğu Perinçek,1948,Province,TR-27,official,Official YSK domestic province total. Overseas and customs votes are included in the national result but are not assigned to provinces.
Giresun,https://acikveri.ysk.gov.tr/api/getSecimSandikSonucList?secimId=16300&secimTuru=9&ilId=&ilceId=&beldeId=&birimId=&muhtarlikId=&cezaeviId=&sandikTuru=&sandikNoIlk=&sandikNoSon=&ulkeId=&disTemsilcilikId=&gumrukId=&yurtIciDisi=1&sandikRumuzIlk=&sandikRumuzSon=&secimCevresiId=&sandikId=&sorguTuru=1,https://cbs1.tarimorman.gov.tr/server/rest/services/TATUS/MapServer/12,Recep Tayyip Erdoğan,Recep Tayyip Erdoğan,334730,281549,8756,290305,86.73,109200,0,first,,,Recep Tayyip Erdoğan,Recep Tayyip Erdoğan,181383,Province,TR-28,official,Official YSK domestic province total. Overseas and customs votes are included in the national result but are not assigned to provinces.
Giresun,https://acikveri.ysk.gov.tr/api/getSecimSandikSonucList?secimId=16300&secimTuru=9&ilId=&ilceId=&beldeId=&birimId=&muhtarlikId=&cezaeviId=&sandikTuru=&sandikNoIlk=&sandikNoSon=&ulkeId=&disTemsilcilikId=&gumrukId=&yurtIciDisi=1&sandikRumuzIlk=&sandikRumuzSon=&secimCevresiId=&sandikId=&sorguTuru=1,https://cbs1.tarimorman.gov.tr/server/rest/services/TATUS/MapServer/12,Recep Tayyip Erdoğan,Recep Tayyip Erdoğan,334730,281549,8756,290305,86.73,109200,0,first,,,Muharrem İnce,Muharrem İnce,72183,Province,TR-28,official,Official YSK domestic province total. Overseas and customs votes are included in the national result but are not assigned to provinces.
Giresun,https://acikveri.ysk.gov.tr/api/getSecimSandikSonucList?secimId=16300&secimTuru=9&ilId=&ilceId=&beldeId=&birimId=&muhtarlikId=&cezaeviId=&sandikTuru=&sandikNoIlk=&sandikNoSon=&ulkeId=&disTemsilcilikId=&gumrukId=&yurtIciDisi=1&sandikRumuzIlk=&sandikRumuzSon=&secimCevresiId=&sandikId=&sorguTuru=1,https://cbs1.tarimorman.gov.tr/server/rest/services/TATUS/MapServer/12,Recep Tayyip Erdoğan,Recep Tayyip Erdoğan,334730,281549,8756,290305,86.73,109200,0,first,,,Meral Akşener,Meral Akşener,23729,Province,TR-28,official,Official YSK domestic province total. Overseas and customs votes are included in the national result but are not assigned to provinces.
Giresun,https://acikveri.ysk.gov.tr/api/getSecimSandikSonucList?secimId=16300&secimTuru=9&ilId=&ilceId=&beldeId=&birimId=&muhtarlikId=&cezaeviId=&sandikTuru=&sandikNoIlk=&sandikNoSon=&ulkeId=&disTemsilcilikId=&gumrukId=&yurtIciDisi=1&sandikRumuzIlk=&sandikRumuzSon=&secimCevresiId=&sandikId=&sorguTuru=1,https://cbs1.tarimorman.gov.tr/server/rest/services/TATUS/MapServer/12,Recep Tayyip Erdoğan,Recep Tayyip Erdoğan,334730,281549,8756,290305,86.73,109200,0,first,,,Temel Karamollaoğlu,Temel Karamollaoğlu,2840,Province,TR-28,official,Official YSK domestic province total. Overseas and customs votes are included in the national result but are not assigned to provinces.
Giresun,https://acikveri.ysk.gov.tr/api/getSecimSandikSonucList?secimId=16300&secimTuru=9&ilId=&ilceId=&beldeId=&birimId=&muhtarlikId=&cezaeviId=&sandikTuru=&sandikNoIlk=&sandikNoSon=&ulkeId=&disTemsilcilikId=&gumrukId=&yurtIciDisi=1&sandikRumuzIlk=&sandikRumuzSon=&secimCevresiId=&sandikId=&sorguTuru=1,https://cbs1.tarimorman.gov.tr/server/rest/services/TATUS/MapServer/12,Recep Tayyip Erdoğan,Recep Tayyip Erdoğan,334730,281549,8756,290305,86.73,109200,0,first,,,Selahattin Demirtaş,Selahattin Demirtaş,760,Province,TR-28,official,Official YSK domestic province total. Overseas and customs votes are included in the national result but are not assigned to provinces.
Giresun,https://acikveri.ysk.gov.tr/api/getSecimSandikSonucList?secimId=16300&secimTuru=9&ilId=&ilceId=&beldeId=&birimId=&muhtarlikId=&cezaeviId=&sandikTuru=&sandikNoIlk=&sandikNoSon=&ulkeId=&disTemsilcilikId=&gumrukId=&yurtIciDisi=1&sandikRumuzIlk=&sandikRumuzSon=&secimCevresiId=&sandikId=&sorguTuru=1,https://cbs1.tarimorman.gov.tr/server/rest/services/TATUS/MapServer/12,Recep Tayyip Erdoğan,Recep Tayyip Erdoğan,334730,281549,8756,290305,86.73,109200,0,first,,,Doğu Perinçek,Doğu Perinçek,654,Province,TR-28,official,Official YSK domestic province total. Overseas and customs votes are included in the national result but are not assigned to provinces.
Gümüşhane,https://acikveri.ysk.gov.tr/api/getSecimSandikSonucList?secimId=16300&secimTuru=9&ilId=&ilceId=&beldeId=&birimId=&muhtarlikId=&cezaeviId=&sandikTuru=&sandikNoIlk=&sandikNoSon=&ulkeId=&disTemsilcilikId=&gumrukId=&yurtIciDisi=1&sandikRumuzIlk=&sandikRumuzSon=&secimCevresiId=&sandikId=&sorguTuru=1,https://cbs1.tarimorman.gov.tr/server/rest/services/TATUS/MapServer/12,Recep Tayyip Erdoğan,Recep Tayyip Erdoğan,100853,78395,2333,80728,80.05,50372,0,first,,,Recep Tayyip Erdoğan,Recep Tayyip Erdoğan,60421,Province,TR-29,official,Official YSK domestic province total. Overseas and customs votes are included in the national result but are not assigned to provinces.
Gümüşhane,https://acikveri.ysk.gov.tr/api/getSecimSandikSonucList?secimId=16300&secimTuru=9&ilId=&ilceId=&beldeId=&birimId=&muhtarlikId=&cezaeviId=&sandikTuru=&sandikNoIlk=&sandikNoSon=&ulkeId=&disTemsilcilikId=&gumrukId=&yurtIciDisi=1&sandikRumuzIlk=&sandikRumuzSon=&secimCevresiId=&sandikId=&sorguTuru=1,https://cbs1.tarimorman.gov.tr/server/rest/services/TATUS/MapServer/12,Recep Tayyip Erdoğan,Recep Tayyip Erdoğan,100853,78395,2333,80728,80.05,50372,0,first,,,Muharrem İnce,Muharrem İnce,10049,Province,TR-29,official,Official YSK domestic province total. Overseas and customs votes are included in the national result but are not assigned to provinces.
Gümüşhane,https://acikveri.ysk.gov.tr/api/getSecimSandikSonucList?secimId=16300&secimTuru=9&ilId=&ilceId=&beldeId=&birimId=&muhtarlikId=&cezaeviId=&sandikTuru=&sandikNoIlk=&sandikNoSon=&ulkeId=&disTemsilcilikId=&gumrukId=&yurtIciDisi=1&sandikRumuzIlk=&sandikRumuzSon=&secimCevresiId=&sandikId=&sorguTuru=1,https://cbs1.tarimorman.gov.tr/server/rest/services/TATUS/MapServer/12,Recep Tayyip Erdoğan,Recep Tayyip Erdoğan,100853,78395,2333,80728,80.05,50372,0,first,,,Meral Akşener,Meral Akşener,6291,Province,TR-29,official,Official YSK domestic province total. Overseas and customs votes are included in the national result but are not assigned to provinces.
Gümüşhane,https://acikveri.ysk.gov.tr/api/getSecimSandikSonucList?secimId=16300&secimTuru=9&ilId=&ilceId=&beldeId=&birimId=&muhtarlikId=&cezaeviId=&sandikTuru=&sandikNoIlk=&sandikNoSon=&ulkeId=&disTemsilcilikId=&gumrukId=&yurtIciDisi=1&sandikRumuzIlk=&sandikRumuzSon=&secimCevresiId=&sandikId=&sorguTuru=1,https://cbs1.tarimorman.gov.tr/server/rest/services/TATUS/MapServer/12,Recep Tayyip Erdoğan,Recep Tayyip Erdoğan,100853,78395,2333,80728,80.05,50372,0,first,,,Temel Karamollaoğlu,Temel Karamollaoğlu,1266,Province,TR-29,official,Official YSK domestic province total. Overseas and customs votes are included in the national result but are not assigned to provinces.
Gümüşhane,https://acikveri.ysk.gov.tr/api/getSecimSandikSonucList?secimId=16300&secimTuru=9&ilId=&ilceId=&beldeId=&birimId=&muhtarlikId=&cezaeviId=&sandikTuru=&sandikNoIlk=&sandikNoSon=&ulkeId=&disTemsilcilikId=&gumrukId=&yurtIciDisi=1&sandikRumuzIlk=&sandikRumuzSon=&secimCevresiId=&sandikId=&sorguTuru=1,https://cbs1.tarimorman.gov.tr/server/rest/services/TATUS/MapServer/12,Recep Tayyip Erdoğan,Recep Tayyip Erdoğan,100853,78395,2333,80728,80.05,50372,0,first,,,Selahattin Demirtaş,Selahattin Demirtaş,259,Province,TR-29,official,Official YSK domestic province total. Overseas and customs votes are included in the national result but are not assigned to provinces.
Gümüşhane,https://acikveri.ysk.gov.tr/api/getSecimSandikSonucList?secimId=16300&secimTuru=9&ilId=&ilceId=&beldeId=&birimId=&muhtarlikId=&cezaeviId=&sandikTuru=&sandikNoIlk=&sandikNoSon=&ulkeId=&disTemsilcilikId=&gumrukId=&yurtIciDisi=1&sandikRumuzIlk=&sandikRumuzSon=&secimCevresiId=&sandikId=&sorguTuru=1,https://cbs1.tarimorman.gov.tr/server/rest/services/TATUS/MapServer/12,Recep Tayyip Erdoğan,Recep Tayyip Erdoğan,100853,78395,2333,80728,80.05,50372,0,first,,,Doğu Perinçek,Doğu Perinçek,109,Province,TR-29,official,Official YSK domestic province total. Overseas and customs votes are included in the national result but are not assigned to provinces.
Hakkari,https://acikveri.ysk.gov.tr/api/getSecimSandikSonucList?secimId=16300&secimTuru=9&ilId=&ilceId=&beldeId=&birimId=&muhtarlikId=&cezaeviId=&sandikTuru=&sandikNoIlk=&sandikNoSon=&ulkeId=&disTemsilcilikId=&gumrukId=&yurtIciDisi=1&sandikRumuzIlk=&sandikRumuzSon=&secimCevresiId=&sandikId=&sorguTuru=1,https://cbs1.tarimorman.gov.tr/server/rest/services/TATUS/MapServer/12,Selahattin Demirtaş,Selahattin Demirtaş,168438,136060,4329,140389,83.35,65347,0,first,,,Selahattin Demirtaş,Selahattin Demirtaş,96357,Province,TR-30,official,Official YSK domestic province total. Overseas and customs votes are included in the national result but are not assigned to provinces.
Hakkari,https://acikveri.ysk.gov.tr/api/getSecimSandikSonucList?secimId=16300&secimTuru=9&ilId=&ilceId=&beldeId=&birimId=&muhtarlikId=&cezaeviId=&sandikTuru=&sandikNoIlk=&sandikNoSon=&ulkeId=&disTemsilcilikId=&gumrukId=&yurtIciDisi=1&sandikRumuzIlk=&sandikRumuzSon=&secimCevresiId=&sandikId=&sorguTuru=1,https://cbs1.tarimorman.gov.tr/server/rest/services/TATUS/MapServer/12,Selahattin Demirtaş,Selahattin Demirtaş,168438,136060,4329,140389,83.35,65347,0,first,,,Recep Tayyip Erdoğan,Recep Tayyip Erdoğan,31010,Province,TR-30,official,Official YSK domestic province total. Overseas and customs votes are included in the national result but are not assigned to provinces.
Hakkari,https://acikveri.ysk.gov.tr/api/getSecimSandikSonucList?secimId=16300&secimTuru=9&ilId=&ilceId=&beldeId=&birimId=&muhtarlikId=&cezaeviId=&sandikTuru=&sandikNoIlk=&sandikNoSon=&ulkeId=&disTemsilcilikId=&gumrukId=&yurtIciDisi=1&sandikRumuzIlk=&sandikRumuzSon=&secimCevresiId=&sandikId=&sorguTuru=1,https://cbs1.tarimorman.gov.tr/server/rest/services/TATUS/MapServer/12,Selahattin Demirtaş,Selahattin Demirtaş,168438,136060,4329,140389,83.35,65347,0,first,,,Muharrem İnce,Muharrem İnce,6589,Province,TR-30,official,Official YSK domestic province total. Overseas and customs votes are included in the national result but are not assigned to provinces.
Hakkari,https://acikveri.ysk.gov.tr/api/getSecimSandikSonucList?secimId=16300&secimTuru=9&ilId=&ilceId=&beldeId=&birimId=&muhtarlikId=&cezaeviId=&sandikTuru=&sandikNoIlk=&sandikNoSon=&ulkeId=&disTemsilcilikId=&gumrukId=&yurtIciDisi=1&sandikRumuzIlk=&sandikRumuzSon=&secimCevresiId=&sandikId=&sorguTuru=1,https://cbs1.tarimorman.gov.tr/server/rest/services/TATUS/MapServer/12,Selahattin Demirtaş,Selahattin Demirtaş,168438,136060,4329,140389,83.35,65347,0,first,,,Meral Akşener,Meral Akşener,1414,Province,TR-30,official,Official YSK domestic province total. Overseas and customs votes are included in the national result but are not assigned to provinces.
Hakkari,https://acikveri.ysk.gov.tr/api/getSecimSandikSonucList?secimId=16300&secimTuru=9&ilId=&ilceId=&beldeId=&birimId=&muhtarlikId=&cezaeviId=&sandikTuru=&sandikNoIlk=&sandikNoSon=&ulkeId=&disTemsilcilikId=&gumrukId=&yurtIciDisi=1&sandikRumuzIlk=&sandikRumuzSon=&secimCevresiId=&sandikId=&sorguTuru=1,https://cbs1.tarimorman.gov.tr/server/rest/services/TATUS/MapServer/12,Selahattin Demirtaş,Selahattin Demirtaş,168438,136060,4329,140389,83.35,65347,0,first,,,Temel Karamollaoğlu,Temel Karamollaoğlu,566,Province,TR-30,official,Official YSK domestic province total. Overseas and customs votes are included in the national result but are not assigned to provinces.
Hakkari,https://acikveri.ysk.gov.tr/api/getSecimSandikSonucList?secimId=16300&secimTuru=9&ilId=&ilceId=&beldeId=&birimId=&muhtarlikId=&cezaeviId=&sandikTuru=&sandikNoIlk=&sandikNoSon=&ulkeId=&disTemsilcilikId=&gumrukId=&yurtIciDisi=1&sandikRumuzIlk=&sandikRumuzSon=&secimCevresiId=&sandikId=&sorguTuru=1,https://cbs1.tarimorman.gov.tr/server/rest/services/TATUS/MapServer/12,Selahattin Demirtaş,Selahattin Demirtaş,168438,136060,4329,140389,83.35,65347,0,first,,,Doğu Perinçek,Doğu Perinçek,124,Province,TR-30,official,Official YSK domestic province total. Overseas and customs votes are included in the national result but are not assigned to provinces.
Hatay,https://acikveri.ysk.gov.tr/api/getSecimSandikSonucList?secimId=16300&secimTuru=9&ilId=&ilceId=&beldeId=&birimId=&muhtarlikId=&cezaeviId=&sandikTuru=&sandikNoIlk=&sandikNoSon=&ulkeId=&disTemsilcilikId=&gumrukId=&yurtIciDisi=1&sandikRumuzIlk=&sandikRumuzSon=&secimCevresiId=&sandikId=&sorguTuru=1,https://cbs1.tarimorman.gov.tr/server/rest/services/TATUS/MapServer/12,Recep Tayyip Erdoğan,Recep Tayyip Erdoğan,1042335,908740,16753,925493,88.79,52471,0,first,,,Recep Tayyip Erdoğan,Recep Tayyip Erdoğan,441079,Province,TR-31,official,Official YSK domestic province total. Overseas and customs votes are included in the national result but are not assigned to provinces.
Hatay,https://acikveri.ysk.gov.tr/api/getSecimSandikSonucList?secimId=16300&secimTuru=9&ilId=&ilceId=&beldeId=&birimId=&muhtarlikId=&cezaeviId=&sandikTuru=&sandikNoIlk=&sandikNoSon=&ulkeId=&disTemsilcilikId=&gumrukId=&yurtIciDisi=1&sandikRumuzIlk=&sandikRumuzSon=&secimCevresiId=&sandikId=&sorguTuru=1,https://cbs1.tarimorman.gov.tr/server/rest/services/TATUS/MapServer/12,Recep Tayyip Erdoğan,Recep Tayyip Erdoğan,1042335,908740,16753,925493,88.79,52471,0,first,,,Muharrem İnce,Muharrem İnce,388608,Province,TR-31,official,Official YSK domestic province total. Overseas and customs votes are included in the national result but are not assigned to provinces.
Hatay,https://acikveri.ysk.gov.tr/api/getSecimSandikSonucList?secimId=16300&secimTuru=9&ilId=&ilceId=&beldeId=&birimId=&muhtarlikId=&cezaeviId=&sandikTuru=&sandikNoIlk=&sandikNoSon=&ulkeId=&disTemsilcilikId=&gumrukId=&yurtIciDisi=1&sandikRumuzIlk=&sandikRumuzSon=&secimCevresiId=&sandikId=&sorguTuru=1,https://cbs1.tarimorman.gov.tr/server/rest/services/TATUS/MapServer/12,Recep Tayyip Erdoğan,Recep Tayyip Erdoğan,1042335,908740,16753,925493,88.79,52471,0,first,,,Meral Akşener,Meral Akşener,51252,Province,TR-31,official,Official YSK domestic province total. Overseas and customs votes are included in the national result but are not assigned to provinces.
Hatay,https://acikveri.ysk.gov.tr/api/getSecimSandikSonucList?secimId=16300&secimTuru=9&ilId=&ilceId=&beldeId=&birimId=&muhtarlikId=&cezaeviId=&sandikTuru=&sandikNoIlk=&sandikNoSon=&ulkeId=&disTemsilcilikId=&gumrukId=&yurtIciDisi=1&sandikRumuzIlk=&sandikRumuzSon=&secimCevresiId=&sandikId=&sorguTuru=1,https://cbs1.tarimorman.gov.tr/server/rest/services/TATUS/MapServer/12,Recep Tayyip Erdoğan,Recep Tayyip Erdoğan,1042335,908740,16753,925493,88.79,52471,0,first,,,Selahattin Demirtaş,Selahattin Demirtaş,21000,Province,TR-31,official,Official YSK domestic province total. Overseas and customs votes are included in the national result but are not assigned to provinces.
Hatay,https://acikveri.ysk.gov.tr/api/getSecimSandikSonucList?secimId=16300&secimTuru=9&ilId=&ilceId=&beldeId=&birimId=&muhtarlikId=&cezaeviId=&sandikTuru=&sandikNoIlk=&sandikNoSon=&ulkeId=&disTemsilcilikId=&gumrukId=&yurtIciDisi=1&sandikRumuzIlk=&sandikRumuzSon=&secimCevresiId=&sandikId=&sorguTuru=1,https://cbs1.tarimorman.gov.tr/server/rest/services/TATUS/MapServer/12,Recep Tayyip Erdoğan,Recep Tayyip Erdoğan,1042335,908740,16753,925493,88.79,52471,0,first,,,Temel Karamollaoğlu,Temel Karamollaoğlu,5452,Province,TR-31,official,Official YSK domestic province total. Overseas and customs votes are included in the national result but are not assigned to provinces.
Hatay,https://acikveri.ysk.gov.tr/api/getSecimSandikSonucList?secimId=16300&secimTuru=9&ilId=&ilceId=&beldeId=&birimId=&muhtarlikId=&cezaeviId=&sandikTuru=&sandikNoIlk=&sandikNoSon=&ulkeId=&disTemsilcilikId=&gumrukId=&yurtIciDisi=1&sandikRumuzIlk=&sandikRumuzSon=&secimCevresiId=&sandikId=&sorguTuru=1,https://cbs1.tarimorman.gov.tr/server/rest/services/TATUS/MapServer/12,Recep Tayyip Erdoğan,Recep Tayyip Erdoğan,1042335,908740,16753,925493,88.79,52471,0,first,,,Doğu Perinçek,Doğu Perinçek,1349,Province,TR-31,official,Official YSK domestic province total. Overseas and customs votes are included in the national result but are not assigned to provinces.
Iğdır,https://acikveri.ysk.gov.tr/api/getSecimSandikSonucList?secimId=16300&secimTuru=9&ilId=&ilceId=&beldeId=&birimId=&muhtarlikId=&cezaeviId=&sandikTuru=&sandikNoIlk=&sandikNoSon=&ulkeId=&disTemsilcilikId=&gumrukId=&yurtIciDisi=1&sandikRumuzIlk=&sandikRumuzSon=&secimCevresiId=&sandikId=&sorguTuru=1,https://cbs1.tarimorman.gov.tr/server/rest/services/TATUS/MapServer/12,Selahattin Demirtaş,Selahattin Demirtaş,119735,90725,2604,93329,77.95,13691,0,first,,,Selahattin Demirtaş,Selahattin Demirtaş,40928,Province,TR-76,official,Official YSK domestic province total. Overseas and customs votes are included in the national result but are not assigned to provinces.
Iğdır,https://acikveri.ysk.gov.tr/api/getSecimSandikSonucList?secimId=16300&secimTuru=9&ilId=&ilceId=&beldeId=&birimId=&muhtarlikId=&cezaeviId=&sandikTuru=&sandikNoIlk=&sandikNoSon=&ulkeId=&disTemsilcilikId=&gumrukId=&yurtIciDisi=1&sandikRumuzIlk=&sandikRumuzSon=&secimCevresiId=&sandikId=&sorguTuru=1,https://cbs1.tarimorman.gov.tr/server/rest/services/TATUS/MapServer/12,Selahattin Demirtaş,Selahattin Demirtaş,119735,90725,2604,93329,77.95,13691,0,first,,,Recep Tayyip Erdoğan,Recep Tayyip Erdoğan,27237,Province,TR-76,official,Official YSK domestic province total. Overseas and customs votes are included in the national result but are not assigned to provinces.
Iğdır,https://acikveri.ysk.gov.tr/api/getSecimSandikSonucList?secimId=16300&secimTuru=9&ilId=&ilceId=&beldeId=&birimId=&muhtarlikId=&cezaeviId=&sandikTuru=&sandikNoIlk=&sandikNoSon=&ulkeId=&disTemsilcilikId=&gumrukId=&yurtIciDisi=1&sandikRumuzIlk=&sandikRumuzSon=&secimCevresiId=&sandikId=&sorguTuru=1,https://cbs1.tarimorman.gov.tr/server/rest/services/TATUS/MapServer/12,Selahattin Demirtaş,Selahattin Demirtaş,119735,90725,2604,93329,77.95,13691,0,first,,,Muharrem İnce,Muharrem İnce,16182,Province,TR-76,official,Official YSK domestic province total. Overseas and customs votes are included in the national result but are not assigned to provinces.
Iğdır,https://acikveri.ysk.gov.tr/api/getSecimSandikSonucList?secimId=16300&secimTuru=9&ilId=&ilceId=&beldeId=&birimId=&muhtarlikId=&cezaeviId=&sandikTuru=&sandikNoIlk=&sandikNoSon=&ulkeId=&disTemsilcilikId=&gumrukId=&yurtIciDisi=1&sandikRumuzIlk=&sandikRumuzSon=&secimCevresiId=&sandikId=&sorguTuru=1,https://cbs1.tarimorman.gov.tr/server/rest/services/TATUS/MapServer/12,Selahattin Demirtaş,Selahattin Demirtaş,119735,90725,2604,93329,77.95,13691,0,first,,,Meral Akşener,Meral Akşener,5839,Province,TR-76,official,Official YSK domestic province total. Overseas and customs votes are included in the national result but are not assigned to provinces.
Iğdır,https://acikveri.ysk.gov.tr/api/getSecimSandikSonucList?secimId=16300&secimTuru=9&ilId=&ilceId=&beldeId=&birimId=&muhtarlikId=&cezaeviId=&sandikTuru=&sandikNoIlk=&sandikNoSon=&ulkeId=&disTemsilcilikId=&gumrukId=&yurtIciDisi=1&sandikRumuzIlk=&sandikRumuzSon=&secimCevresiId=&sandikId=&sorguTuru=1,https://cbs1.tarimorman.gov.tr/server/rest/services/TATUS/MapServer/12,Selahattin Demirtaş,Selahattin Demirtaş,119735,90725,2604,93329,77.95,13691,0,first,,,Temel Karamollaoğlu,Temel Karamollaoğlu,407,Province,TR-76,official,Official YSK domestic province total. Overseas and customs votes are included in the national result but are not assigned to provinces.
Iğdır,https://acikveri.ysk.gov.tr/api/getSecimSandikSonucList?secimId=16300&secimTuru=9&ilId=&ilceId=&beldeId=&birimId=&muhtarlikId=&cezaeviId=&sandikTuru=&sandikNoIlk=&sandikNoSon=&ulkeId=&disTemsilcilikId=&gumrukId=&yurtIciDisi=1&sandikRumuzIlk=&sandikRumuzSon=&secimCevresiId=&sandikId=&sorguTuru=1,https://cbs1.tarimorman.gov.tr/server/rest/services/TATUS/MapServer/12,Selahattin Demirtaş,Selahattin Demirtaş,119735,90725,2604,93329,77.95,13691,0,first,,,Doğu Perinçek,Doğu Perinçek,132,Province,TR-76,official,Official YSK domestic province total. Overseas and customs votes are included in the national result but are not assigned to provinces.
Isparta,https://acikveri.ysk.gov.tr/api/getSecimSandikSonucList?secimId=16300&secimTuru=9&ilId=&ilceId=&beldeId=&birimId=&muhtarlikId=&cezaeviId=&sandikTuru=&sandikNoIlk=&sandikNoSon=&ulkeId=&disTemsilcilikId=&gumrukId=&yurtIciDisi=1&sandikRumuzIlk=&sandikRumuzSon=&secimCevresiId=&sandikId=&sorguTuru=1,https://cbs1.tarimorman.gov.tr/server/rest/services/TATUS/MapServer/12,Recep Tayyip Erdoğan,Recep Tayyip Erdoğan,312990,270892,8038,278930,89.12,93019,0,first,,,Recep Tayyip Erdoğan,Recep Tayyip Erdoğan,159072,Province,TR-32,official,Official YSK domestic province total. Overseas and customs votes are included in the national result but are not assigned to provinces.
Isparta,https://acikveri.ysk.gov.tr/api/getSecimSandikSonucList?secimId=16300&secimTuru=9&ilId=&ilceId=&beldeId=&birimId=&muhtarlikId=&cezaeviId=&sandikTuru=&sandikNoIlk=&sandikNoSon=&ulkeId=&disTemsilcilikId=&gumrukId=&yurtIciDisi=1&sandikRumuzIlk=&sandikRumuzSon=&secimCevresiId=&sandikId=&sorguTuru=1,https://cbs1.tarimorman.gov.tr/server/rest/services/TATUS/MapServer/12,Recep Tayyip Erdoğan,Recep Tayyip Erdoğan,312990,270892,8038,278930,89.12,93019,0,first,,,Muharrem İnce,Muharrem İnce,66053,Province,TR-32,official,Official YSK domestic province total. Overseas and customs votes are included in the national result but are not assigned to provinces.
Isparta,https://acikveri.ysk.gov.tr/api/getSecimSandikSonucList?secimId=16300&secimTuru=9&ilId=&ilceId=&beldeId=&birimId=&muhtarlikId=&cezaeviId=&sandikTuru=&sandikNoIlk=&sandikNoSon=&ulkeId=&disTemsilcilikId=&gumrukId=&yurtIciDisi=1&sandikRumuzIlk=&sandikRumuzSon=&secimCevresiId=&sandikId=&sorguTuru=1,https://cbs1.tarimorman.gov.tr/server/rest/services/TATUS/MapServer/12,Recep Tayyip Erdoğan,Recep Tayyip Erdoğan,312990,270892,8038,278930,89.12,93019,0,first,,,Meral Akşener,Meral Akşener,40053,Province,TR-32,official,Official YSK domestic province total. Overseas and customs votes are included in the national result but are not assigned to provinces.
Isparta,https://acikveri.ysk.gov.tr/api/getSecimSandikSonucList?secimId=16300&secimTuru=9&ilId=&ilceId=&beldeId=&birimId=&muhtarlikId=&cezaeviId=&sandikTuru=&sandikNoIlk=&sandikNoSon=&ulkeId=&disTemsilcilikId=&gumrukId=&yurtIciDisi=1&sandikRumuzIlk=&sandikRumuzSon=&secimCevresiId=&sandikId=&sorguTuru=1,https://cbs1.tarimorman.gov.tr/server/rest/services/TATUS/MapServer/12,Recep Tayyip Erdoğan,Recep Tayyip Erdoğan,312990,270892,8038,278930,89.12,93019,0,first,,,Temel Karamollaoğlu,Temel Karamollaoğlu,2968,Province,TR-32,official,Official YSK domestic province total. Overseas and customs votes are included in the national result but are not assigned to provinces.
Isparta,https://acikveri.ysk.gov.tr/api/getSecimSandikSonucList?secimId=16300&secimTuru=9&ilId=&ilceId=&beldeId=&birimId=&muhtarlikId=&cezaeviId=&sandikTuru=&sandikNoIlk=&sandikNoSon=&ulkeId=&disTemsilcilikId=&gumrukId=&yurtIciDisi=1&sandikRumuzIlk=&sandikRumuzSon=&secimCevresiId=&sandikId=&sorguTuru=1,https://cbs1.tarimorman.gov.tr/server/rest/services/TATUS/MapServer/12,Recep Tayyip Erdoğan,Recep Tayyip Erdoğan,312990,270892,8038,278930,89.12,93019,0,first,,,Selahattin Demirtaş,Selahattin Demirtaş,2053,Province,TR-32,official,Official YSK domestic province total. Overseas and customs votes are included in the national result but are not assigned to provinces.
Isparta,https://acikveri.ysk.gov.tr/api/getSecimSandikSonucList?secimId=16300&secimTuru=9&ilId=&ilceId=&beldeId=&birimId=&muhtarlikId=&cezaeviId=&sandikTuru=&sandikNoIlk=&sandikNoSon=&ulkeId=&disTemsilcilikId=&gumrukId=&yurtIciDisi=1&sandikRumuzIlk=&sandikRumuzSon=&secimCevresiId=&sandikId=&sorguTuru=1,https://cbs1.tarimorman.gov.tr/server/rest/services/TATUS/MapServer/12,Recep Tayyip Erdoğan,Recep Tayyip Erdoğan,312990,270892,8038,278930,89.12,93019,0,first,,,Doğu Perinçek,Doğu Perinçek,693,Province,TR-32,official,Official YSK domestic province total. Overseas and customs votes are included in the national result but are not assigned to provinces.
İstanbul,https://acikveri.ysk.gov.tr/api/getSecimSandikSonucList?secimId=16300&secimTuru=9&ilId=&ilceId=&beldeId=&birimId=&muhtarlikId=&cezaeviId=&sandikTuru=&sandikNoIlk=&sandikNoSon=&ulkeId=&disTemsilcilikId=&gumrukId=&yurtIciDisi=1&sandikRumuzIlk=&sandikRumuzSon=&secimCevresiId=&sandikId=&sorguTuru=1,https://cbs1.tarimorman.gov.tr/server/rest/services/TATUS/MapServer/12,Recep Tayyip Erdoğan,Recep Tayyip Erdoğan,10573543,9156889,147731,9304620,88.0,1200494,0,first,,,Recep Tayyip Erdoğan,Recep Tayyip Erdoğan,4578526,Province,TR-34,official,Official YSK domestic province total. Overseas and customs votes are included in the national result but are not assigned to provinces.
İstanbul,https://acikveri.ysk.gov.tr/api/getSecimSandikSonucList?secimId=16300&secimTuru=9&ilId=&ilceId=&beldeId=&birimId=&muhtarlikId=&cezaeviId=&sandikTuru=&sandikNoIlk=&sandikNoSon=&ulkeId=&disTemsilcilikId=&gumrukId=&yurtIciDisi=1&sandikRumuzIlk=&sandikRumuzSon=&secimCevresiId=&sandikId=&sorguTuru=1,https://cbs1.tarimorman.gov.tr/server/rest/services/TATUS/MapServer/12,Recep Tayyip Erdoğan,Recep Tayyip Erdoğan,10573543,9156889,147731,9304620,88.0,1200494,0,first,,,Muharrem İnce,Muharrem İnce,3378032,Province,TR-34,official,Official YSK domestic province total. Overseas and customs votes are included in the national result but are not assigned to provinces.
İstanbul,https://acikveri.ysk.gov.tr/api/getSecimSandikSonucList?secimId=16300&secimTuru=9&ilId=&ilceId=&beldeId=&birimId=&muhtarlikId=&cezaeviId=&sandikTuru=&sandikNoIlk=&sandikNoSon=&ulkeId=&disTemsilcilikId=&gumrukId=&yurtIciDisi=1&sandikRumuzIlk=&sandikRumuzSon=&secimCevresiId=&sandikId=&sorguTuru=1,https://cbs1.tarimorman.gov.tr/server/rest/services/TATUS/MapServer/12,Recep Tayyip Erdoğan,Recep Tayyip Erdoğan,10573543,9156889,147731,9304620,88.0,1200494,0,first,,,Selahattin Demirtaş,Selahattin Demirtaş,661774,Province,TR-34,official,Official YSK domestic province total. Overseas and customs votes are included in the national result but are not assigned to provinces.
İstanbul,https://acikveri.ysk.gov.tr/api/getSecimSandikSonucList?secimId=16300&secimTuru=9&ilId=&ilceId=&beldeId=&birimId=&muhtarlikId=&cezaeviId=&sandikTuru=&sandikNoIlk=&sandikNoSon=&ulkeId=&disTemsilcilikId=&gumrukId=&yurtIciDisi=1&sandikRumuzIlk=&sandikRumuzSon=&secimCevresiId=&sandikId=&sorguTuru=1,https://cbs1.tarimorman.gov.tr/server/rest/services/TATUS/MapServer/12,Recep Tayyip Erdoğan,Recep Tayyip Erdoğan,10573543,9156889,147731,9304620,88.0,1200494,0,first,,,Meral Akşener,Meral Akşener,435549,Province,TR-34,official,Official YSK domestic province total. Overseas and customs votes are included in the national result but are not assigned to provinces.
İstanbul,https://acikveri.ysk.gov.tr/api/getSecimSandikSonucList?secimId=16300&secimTuru=9&ilId=&ilceId=&beldeId=&birimId=&muhtarlikId=&cezaeviId=&sandikTuru=&sandikNoIlk=&sandikNoSon=&ulkeId=&disTemsilcilikId=&gumrukId=&yurtIciDisi=1&sandikRumuzIlk=&sandikRumuzSon=&secimCevresiId=&sandikId=&sorguTuru=1,https://cbs1.tarimorman.gov.tr/server/rest/services/TATUS/MapServer/12,Recep Tayyip Erdoğan,Recep Tayyip Erdoğan,10573543,9156889,147731,9304620,88.0,1200494,0,first,,,Temel Karamollaoğlu,Temel Karamollaoğlu,86145,Province,TR-34,official,Official YSK domestic province total. Overseas and customs votes are included in the national result but are not assigned to provinces.
İstanbul,https://acikveri.ysk.gov.tr/api/getSecimSandikSonucList?secimId=16300&secimTuru=9&ilId=&ilceId=&beldeId=&birimId=&muhtarlikId=&cezaeviId=&sandikTuru=&sandikNoIlk=&sandikNoSon=&ulkeId=&disTemsilcilikId=&gumrukId=&yurtIciDisi=1&sandikRumuzIlk=&sandikRumuzSon=&secimCevresiId=&sandikId=&sorguTuru=1,https://cbs1.tarimorman.gov.tr/server/rest/services/TATUS/MapServer/12,Recep Tayyip Erdoğan,Recep Tayyip Erdoğan,10573543,9156889,147731,9304620,88.0,1200494,0,first,,,Doğu Perinçek,Doğu Perinçek,16863,Province,TR-34,official,Official YSK domestic province total. Overseas and customs votes are included in the national result but are not assigned to provinces.
İzmir,https://acikveri.ysk.gov.tr/api/getSecimSandikSonucList?secimId=16300&secimTuru=9&ilId=&ilceId=&beldeId=&birimId=&muhtarlikId=&cezaeviId=&sandikTuru=&sandikNoIlk=&sandikNoSon=&ulkeId=&disTemsilcilikId=&gumrukId=&yurtIciDisi=1&sandikRumuzIlk=&sandikRumuzSon=&secimCevresiId=&sandikId=&sorguTuru=1,https://cbs1.tarimorman.gov.tr/server/rest/services/TATUS/MapServer/12,Muharrem İnce,Muharrem İnce,3232369,2827998,52902,2880900,89.13,596346,0,first,,,Muharrem İnce,Muharrem İnce,1527271,Province,TR-35,official,Official YSK domestic province total. Overseas and customs votes are included in the national result but are not assigned to provinces.
İzmir,https://acikveri.ysk.gov.tr/api/getSecimSandikSonucList?secimId=16300&secimTuru=9&ilId=&ilceId=&beldeId=&birimId=&muhtarlikId=&cezaeviId=&sandikTuru=&sandikNoIlk=&sandikNoSon=&ulkeId=&disTemsilcilikId=&gumrukId=&yurtIciDisi=1&sandikRumuzIlk=&sandikRumuzSon=&secimCevresiId=&sandikId=&sorguTuru=1,https://cbs1.tarimorman.gov.tr/server/rest/services/TATUS/MapServer/12,Muharrem İnce,Muharrem İnce,3232369,2827998,52902,2880900,89.13,596346,0,first,,,Recep Tayyip Erdoğan,Recep Tayyip Erdoğan,930925,Province,TR-35,official,Official YSK domestic province total. Overseas and customs votes are included in the national result but are not assigned to provinces.
İzmir,https://acikveri.ysk.gov.tr/api/getSecimSandikSonucList?secimId=16300&secimTuru=9&ilId=&ilceId=&beldeId=&birimId=&muhtarlikId=&cezaeviId=&sandikTuru=&sandikNoIlk=&sandikNoSon=&ulkeId=&disTemsilcilikId=&gumrukId=&yurtIciDisi=1&sandikRumuzIlk=&sandikRumuzSon=&secimCevresiId=&sandikId=&sorguTuru=1,https://cbs1.tarimorman.gov.tr/server/rest/services/TATUS/MapServer/12,Muharrem İnce,Muharrem İnce,3232369,2827998,52902,2880900,89.13,596346,0,first,,,Meral Akşener,Meral Akşener,178186,Province,TR-35,official,Official YSK domestic province total. Overseas and customs votes are included in the national result but are not assigned to provinces.
İzmir,https://acikveri.ysk.gov.tr/api/getSecimSandikSonucList?secimId=16300&secimTuru=9&ilId=&ilceId=&beldeId=&birimId=&muhtarlikId=&cezaeviId=&sandikTuru=&sandikNoIlk=&sandikNoSon=&ulkeId=&disTemsilcilikId=&gumrukId=&yurtIciDisi=1&sandikRumuzIlk=&sandikRumuzSon=&secimCevresiId=&sandikId=&sorguTuru=1,https://cbs1.tarimorman.gov.tr/server/rest/services/TATUS/MapServer/12,Muharrem İnce,Muharrem İnce,3232369,2827998,52902,2880900,89.13,596346,0,first,,,Selahattin Demirtaş,Selahattin Demirtaş,170574,Province,TR-35,official,Official YSK domestic province total. Overseas and customs votes are included in the national result but are not assigned to provinces.
İzmir,https://acikveri.ysk.gov.tr/api/getSecimSandikSonucList?secimId=16300&secimTuru=9&ilId=&ilceId=&beldeId=&birimId=&muhtarlikId=&cezaeviId=&sandikTuru=&sandikNoIlk=&sandikNoSon=&ulkeId=&disTemsilcilikId=&gumrukId=&yurtIciDisi=1&sandikRumuzIlk=&sandikRumuzSon=&secimCevresiId=&sandikId=&sorguTuru=1,https://cbs1.tarimorman.gov.tr/server/rest/services/TATUS/MapServer/12,Muharrem İnce,Muharrem İnce,3232369,2827998,52902,2880900,89.13,596346,0,first,,,Temel Karamollaoğlu,Temel Karamollaoğlu,12987,Province,TR-35,official,Official YSK domestic province total. Overseas and customs votes are included in the national result but are not assigned to provinces.
İzmir,https://acikveri.ysk.gov.tr/api/getSecimSandikSonucList?secimId=16300&secimTuru=9&ilId=&ilceId=&beldeId=&birimId=&muhtarlikId=&cezaeviId=&sandikTuru=&sandikNoIlk=&sandikNoSon=&ulkeId=&disTemsilcilikId=&gumrukId=&yurtIciDisi=1&sandikRumuzIlk=&sandikRumuzSon=&secimCevresiId=&sandikId=&sorguTuru=1,https://cbs1.tarimorman.gov.tr/server/rest/services/TATUS/MapServer/12,Muharrem İnce,Muharrem İnce,3232369,2827998,52902,2880900,89.13,596346,0,first,,,Doğu Perinçek,Doğu Perinçek,8055,Province,TR-35,official,Official YSK domestic province total. Overseas and customs votes are included in the national result but are not assigned to provinces.
Kahramanmaraş,https://acikveri.ysk.gov.tr/api/getSecimSandikSonucList?secimId=16300&secimTuru=9&ilId=&ilceId=&beldeId=&birimId=&muhtarlikId=&cezaeviId=&sandikTuru=&sandikNoIlk=&sandikNoSon=&ulkeId=&disTemsilcilikId=&gumrukId=&yurtIciDisi=1&sandikRumuzIlk=&sandikRumuzSon=&secimCevresiId=&sandikId=&sorguTuru=1,https://cbs1.tarimorman.gov.tr/server/rest/services/TATUS/MapServer/12,Recep Tayyip Erdoğan,Recep Tayyip Erdoğan,739457,646682,14523,661205,89.42,383122,0,first,,,Recep Tayyip Erdoğan,Recep Tayyip Erdoğan,479723,Province,TR-46,official,Official YSK domestic province total. Overseas and customs votes are included in the national result but are not assigned to provinces.
Kahramanmaraş,https://acikveri.ysk.gov.tr/api/getSecimSandikSonucList?secimId=16300&secimTuru=9&ilId=&ilceId=&beldeId=&birimId=&muhtarlikId=&cezaeviId=&sandikTuru=&sandikNoIlk=&sandikNoSon=&ulkeId=&disTemsilcilikId=&gumrukId=&yurtIciDisi=1&sandikRumuzIlk=&sandikRumuzSon=&secimCevresiId=&sandikId=&sorguTuru=1,https://cbs1.tarimorman.gov.tr/server/rest/services/TATUS/MapServer/12,Recep Tayyip Erdoğan,Recep Tayyip Erdoğan,739457,646682,14523,661205,89.42,383122,0,first,,,Muharrem İnce,Muharrem İnce,96601,Province,TR-46,official,Official YSK domestic province total. Overseas and customs votes are included in the national result but are not assigned to provinces.
Kahramanmaraş,https://acikveri.ysk.gov.tr/api/getSecimSandikSonucList?secimId=16300&secimTuru=9&ilId=&ilceId=&beldeId=&birimId=&muhtarlikId=&cezaeviId=&sandikTuru=&sandikNoIlk=&sandikNoSon=&ulkeId=&disTemsilcilikId=&gumrukId=&yurtIciDisi=1&sandikRumuzIlk=&sandikRumuzSon=&secimCevresiId=&sandikId=&sorguTuru=1,https://cbs1.tarimorman.gov.tr/server/rest/services/TATUS/MapServer/12,Recep Tayyip Erdoğan,Recep Tayyip Erdoğan,739457,646682,14523,661205,89.42,383122,0,first,,,Meral Akşener,Meral Akşener,54805,Province,TR-46,official,Official YSK domestic province total. Overseas and customs votes are included in the national result but are not assigned to provinces.
Kahramanmaraş,https://acikveri.ysk.gov.tr/api/getSecimSandikSonucList?secimId=16300&secimTuru=9&ilId=&ilceId=&beldeId=&birimId=&muhtarlikId=&cezaeviId=&sandikTuru=&sandikNoIlk=&sandikNoSon=&ulkeId=&disTemsilcilikId=&gumrukId=&yurtIciDisi=1&sandikRumuzIlk=&sandikRumuzSon=&secimCevresiId=&sandikId=&sorguTuru=1,https://cbs1.tarimorman.gov.tr/server/rest/services/TATUS/MapServer/12,Recep Tayyip Erdoğan,Recep Tayyip Erdoğan,739457,646682,14523,661205,89.42,383122,0,first,,,Selahattin Demirtaş,Selahattin Demirtaş,7634,Province,TR-46,official,Official YSK domestic province total. Overseas and customs votes are included in the national result but are not assigned to provinces.
Kahramanmaraş,https://acikveri.ysk.gov.tr/api/getSecimSandikSonucList?secimId=16300&secimTuru=9&ilId=&ilceId=&beldeId=&birimId=&muhtarlikId=&cezaeviId=&sandikTuru=&sandikNoIlk=&sandikNoSon=&ulkeId=&disTemsilcilikId=&gumrukId=&yurtIciDisi=1&sandikRumuzIlk=&sandikRumuzSon=&secimCevresiId=&sandikId=&sorguTuru=1,https://cbs1.tarimorman.gov.tr/server/rest/services/TATUS/MapServer/12,Recep Tayyip Erdoğan,Recep Tayyip Erdoğan,739457,646682,14523,661205,89.42,383122,0,first,,,Temel Karamollaoğlu,Temel Karamollaoğlu,6990,Province,TR-46,official,Official YSK domestic province total. Overseas and customs votes are included in the national result but are not assigned to provinces.
Kahramanmaraş,https://acikveri.ysk.gov.tr/api/getSecimSandikSonucList?secimId=16300&secimTuru=9&ilId=&ilceId=&beldeId=&birimId=&muhtarlikId=&cezaeviId=&sandikTuru=&sandikNoIlk=&sandikNoSon=&ulkeId=&disTemsilcilikId=&gumrukId=&yurtIciDisi=1&sandikRumuzIlk=&sandikRumuzSon=&secimCevresiId=&sandikId=&sorguTuru=1,https://cbs1.tarimorman.gov.tr/server/rest/services/TATUS/MapServer/12,Recep Tayyip Erdoğan,Recep Tayyip Erdoğan,739457,646682,14523,661205,89.42,383122,0,first,,,Doğu Perinçek,Doğu Perinçek,929,Province,TR-46,official,Official YSK domestic province total. Overseas and customs votes are included in the national result but are not assigned to provinces.
Karabük,https://acikveri.ysk.gov.tr/api/getSecimSandikSonucList?secimId=16300&secimTuru=9&ilId=&ilceId=&beldeId=&birimId=&muhtarlikId=&cezaeviId=&sandikTuru=&sandikNoIlk=&sandikNoSon=&ulkeId=&disTemsilcilikId=&gumrukId=&yurtIciDisi=1&sandikRumuzIlk=&sandikRumuzSon=&secimCevresiId=&sandikId=&sorguTuru=1,https://cbs1.tarimorman.gov.tr/server/rest/services/TATUS/MapServer/12,Recep Tayyip Erdoğan,Recep Tayyip Erdoğan,176018,149273,5139,154412,87.73,63026,0,first,,,Recep Tayyip Erdoğan,Recep Tayyip Erdoğan,97688,Province,TR-78,official,Official YSK domestic province total. Overseas and customs votes are included in the national result but are not assigned to provinces.
Karabük,https://acikveri.ysk.gov.tr/api/getSecimSandikSonucList?secimId=16300&secimTuru=9&ilId=&ilceId=&beldeId=&birimId=&muhtarlikId=&cezaeviId=&sandikTuru=&sandikNoIlk=&sandikNoSon=&ulkeId=&disTemsilcilikId=&gumrukId=&yurtIciDisi=1&sandikRumuzIlk=&sandikRumuzSon=&secimCevresiId=&sandikId=&sorguTuru=1,https://cbs1.tarimorman.gov.tr/server/rest/services/TATUS/MapServer/12,Recep Tayyip Erdoğan,Recep Tayyip Erdoğan,176018,149273,5139,154412,87.73,63026,0,first,,,Muharrem İnce,Muharrem İnce,34662,Province,TR-78,official,Official YSK domestic province total. Overseas and customs votes are included in the national result but are not assigned to provinces.
Karabük,https://acikveri.ysk.gov.tr/api/getSecimSandikSonucList?secimId=16300&secimTuru=9&ilId=&ilceId=&beldeId=&birimId=&muhtarlikId=&cezaeviId=&sandikTuru=&sandikNoIlk=&sandikNoSon=&ulkeId=&disTemsilcilikId=&gumrukId=&yurtIciDisi=1&sandikRumuzIlk=&sandikRumuzSon=&secimCevresiId=&sandikId=&sorguTuru=1,https://cbs1.tarimorman.gov.tr/server/rest/services/TATUS/MapServer/12,Recep Tayyip Erdoğan,Recep Tayyip Erdoğan,176018,149273,5139,154412,87.73,63026,0,first,,,Meral Akşener,Meral Akşener,13836,Province,TR-78,official,Official YSK domestic province total. Overseas and customs votes are included in the national result but are not assigned to provinces.
Karabük,https://acikveri.ysk.gov.tr/api/getSecimSandikSonucList?secimId=16300&secimTuru=9&ilId=&ilceId=&beldeId=&birimId=&muhtarlikId=&cezaeviId=&sandikTuru=&sandikNoIlk=&sandikNoSon=&ulkeId=&disTemsilcilikId=&gumrukId=&yurtIciDisi=1&sandikRumuzIlk=&sandikRumuzSon=&secimCevresiId=&sandikId=&sorguTuru=1,https://cbs1.tarimorman.gov.tr/server/rest/services/TATUS/MapServer/12,Recep Tayyip Erdoğan,Recep Tayyip Erdoğan,176018,149273,5139,154412,87.73,63026,0,first,,,Temel Karamollaoğlu,Temel Karamollaoğlu,1967,Province,TR-78,official,Official YSK domestic province total. Overseas and customs votes are included in the national result but are not assigned to provinces.
Karabük,https://acikveri.ysk.gov.tr/api/getSecimSandikSonucList?secimId=16300&secimTuru=9&ilId=&ilceId=&beldeId=&birimId=&muhtarlikId=&cezaeviId=&sandikTuru=&sandikNoIlk=&sandikNoSon=&ulkeId=&disTemsilcilikId=&gumrukId=&yurtIciDisi=1&sandikRumuzIlk=&sandikRumuzSon=&secimCevresiId=&sandikId=&sorguTuru=1,https://cbs1.tarimorman.gov.tr/server/rest/services/TATUS/MapServer/12,Recep Tayyip Erdoğan,Recep Tayyip Erdoğan,176018,149273,5139,154412,87.73,63026,0,first,,,Selahattin Demirtaş,Selahattin Demirtaş,688,Province,TR-78,official,Official YSK domestic province total. Overseas and customs votes are included in the national result but are not assigned to provinces.
Karabük,https://acikveri.ysk.gov.tr/api/getSecimSandikSonucList?secimId=16300&secimTuru=9&ilId=&ilceId=&beldeId=&birimId=&muhtarlikId=&cezaeviId=&sandikTuru=&sandikNoIlk=&sandikNoSon=&ulkeId=&disTemsilcilikId=&gumrukId=&yurtIciDisi=1&sandikRumuzIlk=&sandikRumuzSon=&secimCevresiId=&sandikId=&sorguTuru=1,https://cbs1.tarimorman.gov.tr/server/rest/services/TATUS/MapServer/12,Recep Tayyip Erdoğan,Recep Tayyip Erdoğan,176018,149273,5139,154412,87.73,63026,0,first,,,Doğu Perinçek,Doğu Perinçek,432,Province,TR-78,official,Official YSK domestic province total. Overseas and customs votes are included in the national result but are not assigned to provinces.
Karaman,https://acikveri.ysk.gov.tr/api/getSecimSandikSonucList?secimId=16300&secimTuru=9&ilId=&ilceId=&beldeId=&birimId=&muhtarlikId=&cezaeviId=&sandikTuru=&sandikNoIlk=&sandikNoSon=&ulkeId=&disTemsilcilikId=&gumrukId=&yurtIciDisi=1&sandikRumuzIlk=&sandikRumuzSon=&secimCevresiId=&sandikId=&sorguTuru=1,https://cbs1.tarimorman.gov.tr/server/rest/services/TATUS/MapServer/12,Recep Tayyip Erdoğan,Recep Tayyip Erdoğan,173867,152399,4436,156835,90.2,70863,0,first,,,Recep Tayyip Erdoğan,Recep Tayyip Erdoğan,100977,Province,TR-70,official,Official YSK domestic province total. Overseas and customs votes are included in the national result but are not assigned to provinces.
Karaman,https://acikveri.ysk.gov.tr/api/getSecimSandikSonucList?secimId=16300&secimTuru=9&ilId=&ilceId=&beldeId=&birimId=&muhtarlikId=&cezaeviId=&sandikTuru=&sandikNoIlk=&sandikNoSon=&ulkeId=&disTemsilcilikId=&gumrukId=&yurtIciDisi=1&sandikRumuzIlk=&sandikRumuzSon=&secimCevresiId=&sandikId=&sorguTuru=1,https://cbs1.tarimorman.gov.tr/server/rest/services/TATUS/MapServer/12,Recep Tayyip Erdoğan,Recep Tayyip Erdoğan,173867,152399,4436,156835,90.2,70863,0,first,,,Muharrem İnce,Muharrem İnce,30114,Province,TR-70,official,Official YSK domestic province total. Overseas and customs votes are included in the national result but are not assigned to provinces.
Karaman,https://acikveri.ysk.gov.tr/api/getSecimSandikSonucList?secimId=16300&secimTuru=9&ilId=&ilceId=&beldeId=&birimId=&muhtarlikId=&cezaeviId=&sandikTuru=&sandikNoIlk=&sandikNoSon=&ulkeId=&disTemsilcilikId=&gumrukId=&yurtIciDisi=1&sandikRumuzIlk=&sandikRumuzSon=&secimCevresiId=&sandikId=&sorguTuru=1,https://cbs1.tarimorman.gov.tr/server/rest/services/TATUS/MapServer/12,Recep Tayyip Erdoğan,Recep Tayyip Erdoğan,173867,152399,4436,156835,90.2,70863,0,first,,,Meral Akşener,Meral Akşener,18147,Province,TR-70,official,Official YSK domestic province total. Overseas and customs votes are included in the national result but are not assigned to provinces.
Karaman,https://acikveri.ysk.gov.tr/api/getSecimSandikSonucList?secimId=16300&secimTuru=9&ilId=&ilceId=&beldeId=&birimId=&muhtarlikId=&cezaeviId=&sandikTuru=&sandikNoIlk=&sandikNoSon=&ulkeId=&disTemsilcilikId=&gumrukId=&yurtIciDisi=1&sandikRumuzIlk=&sandikRumuzSon=&secimCevresiId=&sandikId=&sorguTuru=1,https://cbs1.tarimorman.gov.tr/server/rest/services/TATUS/MapServer/12,Recep Tayyip Erdoğan,Recep Tayyip Erdoğan,173867,152399,4436,156835,90.2,70863,0,first,,,Temel Karamollaoğlu,Temel Karamollaoğlu,1891,Province,TR-70,official,Official YSK domestic province total. Overseas and customs votes are included in the national result but are not assigned to provinces.
Karaman,https://acikveri.ysk.gov.tr/api/getSecimSandikSonucList?secimId=16300&secimTuru=9&ilId=&ilceId=&beldeId=&birimId=&muhtarlikId=&cezaeviId=&sandikTuru=&sandikNoIlk=&sandikNoSon=&ulkeId=&disTemsilcilikId=&gumrukId=&yurtIciDisi=1&sandikRumuzIlk=&sandikRumuzSon=&secimCevresiId=&sandikId=&sorguTuru=1,https://cbs1.tarimorman.gov.tr/server/rest/services/TATUS/MapServer/12,Recep Tayyip Erdoğan,Recep Tayyip Erdoğan,173867,152399,4436,156835,90.2,70863,0,first,,,Selahattin Demirtaş,Selahattin Demirtaş,902,Province,TR-70,official,Official YSK domestic province total. Overseas and customs votes are included in the national result but are not assigned to provinces.
Karaman,https://acikveri.ysk.gov.tr/api/getSecimSandikSonucList?secimId=16300&secimTuru=9&ilId=&ilceId=&beldeId=&birimId=&muhtarlikId=&cezaeviId=&sandikTuru=&sandikNoIlk=&sandikNoSon=&ulkeId=&disTemsilcilikId=&gumrukId=&yurtIciDisi=1&sandikRumuzIlk=&sandikRumuzSon=&secimCevresiId=&sandikId=&sorguTuru=1,https://cbs1.tarimorman.gov.tr/server/rest/services/TATUS/MapServer/12,Recep Tayyip Erdoğan,Recep Tayyip Erdoğan,173867,152399,4436,156835,90.2,70863,0,first,,,Doğu Perinçek,Doğu Perinçek,368,Province,TR-70,official,Official YSK domestic province total. Overseas and customs votes are included in the national result but are not assigned to provinces.
Kars,https://acikveri.ysk.gov.tr/api/getSecimSandikSonucList?secimId=16300&secimTuru=9&ilId=&ilceId=&beldeId=&birimId=&muhtarlikId=&cezaeviId=&sandikTuru=&sandikNoIlk=&sandikNoSon=&ulkeId=&disTemsilcilikId=&gumrukId=&yurtIciDisi=1&sandikRumuzIlk=&sandikRumuzSon=&secimCevresiId=&sandikId=&sorguTuru=1,https://cbs1.tarimorman.gov.tr/server/rest/services/TATUS/MapServer/12,Recep Tayyip Erdoğan,Recep Tayyip Erdoğan,182194,143055,4625,147680,81.06,24229,0,first,,,Recep Tayyip Erdoğan,Recep Tayyip Erdoğan,63139,Province,TR-36,official,Official YSK domestic province total. Overseas and customs votes are included in the national result but are not assigned to provinces.
Kars,https://acikveri.ysk.gov.tr/api/getSecimSandikSonucList?secimId=16300&secimTuru=9&ilId=&ilceId=&beldeId=&birimId=&muhtarlikId=&cezaeviId=&sandikTuru=&sandikNoIlk=&sandikNoSon=&ulkeId=&disTemsilcilikId=&gumrukId=&yurtIciDisi=1&sandikRumuzIlk=&sandikRumuzSon=&secimCevresiId=&sandikId=&sorguTuru=1,https://cbs1.tarimorman.gov.tr/server/rest/services/TATUS/MapServer/12,Recep Tayyip Erdoğan,Recep Tayyip Erdoğan,182194,143055,4625,147680,81.06,24229,0,first,,,Selahattin Demirtaş,Selahattin Demirtaş,38910,Province,TR-36,official,Official YSK domestic province total. Overseas and customs votes are included in the national result but are not assigned to provinces.
Kars,https://acikveri.ysk.gov.tr/api/getSecimSandikSonucList?secimId=16300&secimTuru=9&ilId=&ilceId=&beldeId=&birimId=&muhtarlikId=&cezaeviId=&sandikTuru=&sandikNoIlk=&sandikNoSon=&ulkeId=&disTemsilcilikId=&gumrukId=&yurtIciDisi=1&sandikRumuzIlk=&sandikRumuzSon=&secimCevresiId=&sandikId=&sorguTuru=1,https://cbs1.tarimorman.gov.tr/server/rest/services/TATUS/MapServer/12,Recep Tayyip Erdoğan,Recep Tayyip Erdoğan,182194,143055,4625,147680,81.06,24229,0,first,,,Muharrem İnce,Muharrem İnce,32027,Province,TR-36,official,Official YSK domestic province total. Overseas and customs votes are included in the national result but are not assigned to provinces.
Kars,https://acikveri.ysk.gov.tr/api/getSecimSandikSonucList?secimId=16300&secimTuru=9&ilId=&ilceId=&beldeId=&birimId=&muhtarlikId=&cezaeviId=&sandikTuru=&sandikNoIlk=&sandikNoSon=&ulkeId=&disTemsilcilikId=&gumrukId=&yurtIciDisi=1&sandikRumuzIlk=&sandikRumuzSon=&secimCevresiId=&sandikId=&sorguTuru=1,https://cbs1.tarimorman.gov.tr/server/rest/services/TATUS/MapServer/12,Recep Tayyip Erdoğan,Recep Tayyip Erdoğan,182194,143055,4625,147680,81.06,24229,0,first,,,Meral Akşener,Meral Akşener,7979,Province,TR-36,official,Official YSK domestic province total. Overseas and customs votes are included in the national result but are not assigned to provinces.
Kars,https://acikveri.ysk.gov.tr/api/getSecimSandikSonucList?secimId=16300&secimTuru=9&ilId=&ilceId=&beldeId=&birimId=&muhtarlikId=&cezaeviId=&sandikTuru=&sandikNoIlk=&sandikNoSon=&ulkeId=&disTemsilcilikId=&gumrukId=&yurtIciDisi=1&sandikRumuzIlk=&sandikRumuzSon=&secimCevresiId=&sandikId=&sorguTuru=1,https://cbs1.tarimorman.gov.tr/server/rest/services/TATUS/MapServer/12,Recep Tayyip Erdoğan,Recep Tayyip Erdoğan,182194,143055,4625,147680,81.06,24229,0,first,,,Temel Karamollaoğlu,Temel Karamollaoğlu,748,Province,TR-36,official,Official YSK domestic province total. Overseas and customs votes are included in the national result but are not assigned to provinces.
Kars,https://acikveri.ysk.gov.tr/api/getSecimSandikSonucList?secimId=16300&secimTuru=9&ilId=&ilceId=&beldeId=&birimId=&muhtarlikId=&cezaeviId=&sandikTuru=&sandikNoIlk=&sandikNoSon=&ulkeId=&disTemsilcilikId=&gumrukId=&yurtIciDisi=1&sandikRumuzIlk=&sandikRumuzSon=&secimCevresiId=&sandikId=&sorguTuru=1,https://cbs1.tarimorman.gov.tr/server/rest/services/TATUS/MapServer/12,Recep Tayyip Erdoğan,Recep Tayyip Erdoğan,182194,143055,4625,147680,81.06,24229,0,first,,,Doğu Perinçek,Doğu Perinçek,252,Province,TR-36,official,Official YSK domestic province total. Overseas and customs votes are included in the national result but are not assigned to provinces.
Kastamonu,https://acikveri.ysk.gov.tr/api/getSecimSandikSonucList?secimId=16300&secimTuru=9&ilId=&ilceId=&beldeId=&birimId=&muhtarlikId=&cezaeviId=&sandikTuru=&sandikNoIlk=&sandikNoSon=&ulkeId=&disTemsilcilikId=&gumrukId=&yurtIciDisi=1&sandikRumuzIlk=&sandikRumuzSon=&secimCevresiId=&sandikId=&sorguTuru=1,https://cbs1.tarimorman.gov.tr/server/rest/services/TATUS/MapServer/12,Recep Tayyip Erdoğan,Recep Tayyip Erdoğan,285917,239977,9195,249172,87.15,117907,0,first,,,Recep Tayyip Erdoğan,Recep Tayyip Erdoğan,165469,Province,TR-37,official,Official YSK domestic province total. Overseas and customs votes are included in the national result but are not assigned to provinces.
Kastamonu,https://acikveri.ysk.gov.tr/api/getSecimSandikSonucList?secimId=16300&secimTuru=9&ilId=&ilceId=&beldeId=&birimId=&muhtarlikId=&cezaeviId=&sandikTuru=&sandikNoIlk=&sandikNoSon=&ulkeId=&disTemsilcilikId=&gumrukId=&yurtIciDisi=1&sandikRumuzIlk=&sandikRumuzSon=&secimCevresiId=&sandikId=&sorguTuru=1,https://cbs1.tarimorman.gov.tr/server/rest/services/TATUS/MapServer/12,Recep Tayyip Erdoğan,Recep Tayyip Erdoğan,285917,239977,9195,249172,87.15,117907,0,first,,,Muharrem İnce,Muharrem İnce,47562,Province,TR-37,official,Official YSK domestic province total. Overseas and customs votes are included in the national result but are not assigned to provinces.
Kastamonu,https://acikveri.ysk.gov.tr/api/getSecimSandikSonucList?secimId=16300&secimTuru=9&ilId=&ilceId=&beldeId=&birimId=&muhtarlikId=&cezaeviId=&sandikTuru=&sandikNoIlk=&sandikNoSon=&ulkeId=&disTemsilcilikId=&gumrukId=&yurtIciDisi=1&sandikRumuzIlk=&sandikRumuzSon=&secimCevresiId=&sandikId=&sorguTuru=1,https://cbs1.tarimorman.gov.tr/server/rest/services/TATUS/MapServer/12,Recep Tayyip Erdoğan,Recep Tayyip Erdoğan,285917,239977,9195,249172,87.15,117907,0,first,,,Meral Akşener,Meral Akşener,23614,Province,TR-37,official,Official YSK domestic province total. Overseas and customs votes are included in the national result but are not assigned to provinces.
Kastamonu,https://acikveri.ysk.gov.tr/api/getSecimSandikSonucList?secimId=16300&secimTuru=9&ilId=&ilceId=&beldeId=&birimId=&muhtarlikId=&cezaeviId=&sandikTuru=&sandikNoIlk=&sandikNoSon=&ulkeId=&disTemsilcilikId=&gumrukId=&yurtIciDisi=1&sandikRumuzIlk=&sandikRumuzSon=&secimCevresiId=&sandikId=&sorguTuru=1,https://cbs1.tarimorman.gov.tr/server/rest/services/TATUS/MapServer/12,Recep Tayyip Erdoğan,Recep Tayyip Erdoğan,285917,239977,9195,249172,87.15,117907,0,first,,,Temel Karamollaoğlu,Temel Karamollaoğlu,1815,Province,TR-37,official,Official YSK domestic province total. Overseas and customs votes are included in the national result but are not assigned to provinces.
Kastamonu,https://acikveri.ysk.gov.tr/api/getSecimSandikSonucList?secimId=16300&secimTuru=9&ilId=&ilceId=&beldeId=&birimId=&muhtarlikId=&cezaeviId=&sandikTuru=&sandikNoIlk=&sandikNoSon=&ulkeId=&disTemsilcilikId=&gumrukId=&yurtIciDisi=1&sandikRumuzIlk=&sandikRumuzSon=&secimCevresiId=&sandikId=&sorguTuru=1,https://cbs1.tarimorman.gov.tr/server/rest/services/TATUS/MapServer/12,Recep Tayyip Erdoğan,Recep Tayyip Erdoğan,285917,239977,9195,249172,87.15,117907,0,first,,,Selahattin Demirtaş,Selahattin Demirtaş,783,Province,TR-37,official,Official YSK domestic province total. Overseas and customs votes are included in the national result but are not assigned to provinces.
Kastamonu,https://acikveri.ysk.gov.tr/api/getSecimSandikSonucList?secimId=16300&secimTuru=9&ilId=&ilceId=&beldeId=&birimId=&muhtarlikId=&cezaeviId=&sandikTuru=&sandikNoIlk=&sandikNoSon=&ulkeId=&disTemsilcilikId=&gumrukId=&yurtIciDisi=1&sandikRumuzIlk=&sandikRumuzSon=&secimCevresiId=&sandikId=&sorguTuru=1,https://cbs1.tarimorman.gov.tr/server/rest/services/TATUS/MapServer/12,Recep Tayyip Erdoğan,Recep Tayyip Erdoğan,285917,239977,9195,249172,87.15,117907,0,first,,,Doğu Perinçek,Doğu Perinçek,734,Province,TR-37,official,Official YSK domestic province total. Overseas and customs votes are included in the national result but are not assigned to provinces.
Kayseri,https://acikveri.ysk.gov.tr/api/getSecimSandikSonucList?secimId=16300&secimTuru=9&ilId=&ilceId=&beldeId=&birimId=&muhtarlikId=&cezaeviId=&sandikTuru=&sandikNoIlk=&sandikNoSon=&ulkeId=&disTemsilcilikId=&gumrukId=&yurtIciDisi=1&sandikRumuzIlk=&sandikRumuzSon=&secimCevresiId=&sandikId=&sorguTuru=1,https://cbs1.tarimorman.gov.tr/server/rest/services/TATUS/MapServer/12,Recep Tayyip Erdoğan,Recep Tayyip Erdoğan,954408,845322,19407,864729,90.6,437010,0,first,,,Recep Tayyip Erdoğan,Recep Tayyip Erdoğan,594346,Province,TR-38,official,Official YSK domestic province total. Overseas and customs votes are included in the national result but are not assigned to provinces.
Kayseri,https://acikveri.ysk.gov.tr/api/getSecimSandikSonucList?secimId=16300&secimTuru=9&ilId=&ilceId=&beldeId=&birimId=&muhtarlikId=&cezaeviId=&sandikTuru=&sandikNoIlk=&sandikNoSon=&ulkeId=&disTemsilcilikId=&gumrukId=&yurtIciDisi=1&sandikRumuzIlk=&sandikRumuzSon=&secimCevresiId=&sandikId=&sorguTuru=1,https://cbs1.tarimorman.gov.tr/server/rest/services/TATUS/MapServer/12,Recep Tayyip Erdoğan,Recep Tayyip Erdoğan,954408,845322,19407,864729,90.6,437010,0,first,,,Muharrem İnce,Muharrem İnce,157336,Province,TR-38,official,Official YSK domestic province total. Overseas and customs votes are included in the national result but are not assigned to provinces.
Kayseri,https://acikveri.ysk.gov.tr/api/getSecimSandikSonucList?secimId=16300&secimTuru=9&ilId=&ilceId=&beldeId=&birimId=&muhtarlikId=&cezaeviId=&sandikTuru=&sandikNoIlk=&sandikNoSon=&ulkeId=&disTemsilcilikId=&gumrukId=&yurtIciDisi=1&sandikRumuzIlk=&sandikRumuzSon=&secimCevresiId=&sandikId=&sorguTuru=1,https://cbs1.tarimorman.gov.tr/server/rest/services/TATUS/MapServer/12,Recep Tayyip Erdoğan,Recep Tayyip Erdoğan,954408,845322,19407,864729,90.6,437010,0,first,,,Meral Akşener,Meral Akşener,75921,Province,TR-38,official,Official YSK domestic province total. Overseas and customs votes are included in the national result but are not assigned to provinces.
Kayseri,https://acikveri.ysk.gov.tr/api/getSecimSandikSonucList?secimId=16300&secimTuru=9&ilId=&ilceId=&beldeId=&birimId=&muhtarlikId=&cezaeviId=&sandikTuru=&sandikNoIlk=&sandikNoSon=&ulkeId=&disTemsilcilikId=&gumrukId=&yurtIciDisi=1&sandikRumuzIlk=&sandikRumuzSon=&secimCevresiId=&sandikId=&sorguTuru=1,https://cbs1.tarimorman.gov.tr/server/rest/services/TATUS/MapServer/12,Recep Tayyip Erdoğan,Recep Tayyip Erdoğan,954408,845322,19407,864729,90.6,437010,0,first,,,Temel Karamollaoğlu,Temel Karamollaoğlu,9587,Province,TR-38,official,Official YSK domestic province total. Overseas and customs votes are included in the national result but are not assigned to provinces.
Kayseri,https://acikveri.ysk.gov.tr/api/getSecimSandikSonucList?secimId=16300&secimTuru=9&ilId=&ilceId=&beldeId=&birimId=&muhtarlikId=&cezaeviId=&sandikTuru=&sandikNoIlk=&sandikNoSon=&ulkeId=&disTemsilcilikId=&gumrukId=&yurtIciDisi=1&sandikRumuzIlk=&sandikRumuzSon=&secimCevresiId=&sandikId=&sorguTuru=1,https://cbs1.tarimorman.gov.tr/server/rest/services/TATUS/MapServer/12,Recep Tayyip Erdoğan,Recep Tayyip Erdoğan,954408,845322,19407,864729,90.6,437010,0,first,,,Selahattin Demirtaş,Selahattin Demirtaş,6875,Province,TR-38,official,Official YSK domestic province total. Overseas and customs votes are included in the national result but are not assigned to provinces.
Kayseri,https://acikveri.ysk.gov.tr/api/getSecimSandikSonucList?secimId=16300&secimTuru=9&ilId=&ilceId=&beldeId=&birimId=&muhtarlikId=&cezaeviId=&sandikTuru=&sandikNoIlk=&sandikNoSon=&ulkeId=&disTemsilcilikId=&gumrukId=&yurtIciDisi=1&sandikRumuzIlk=&sandikRumuzSon=&secimCevresiId=&sandikId=&sorguTuru=1,https://cbs1.tarimorman.gov.tr/server/rest/services/TATUS/MapServer/12,Recep Tayyip Erdoğan,Recep Tayyip Erdoğan,954408,845322,19407,864729,90.6,437010,0,first,,,Doğu Perinçek,Doğu Perinçek,1257,Province,TR-38,official,Official YSK domestic province total. Overseas and customs votes are included in the national result but are not assigned to provinces.
Kırıkkale,https://acikveri.ysk.gov.tr/api/getSecimSandikSonucList?secimId=16300&secimTuru=9&ilId=&ilceId=&beldeId=&birimId=&muhtarlikId=&cezaeviId=&sandikTuru=&sandikNoIlk=&sandikNoSon=&ulkeId=&disTemsilcilikId=&gumrukId=&yurtIciDisi=1&sandikRumuzIlk=&sandikRumuzSon=&secimCevresiId=&sandikId=&sorguTuru=1,https://cbs1.tarimorman.gov.tr/server/rest/services/TATUS/MapServer/12,Recep Tayyip Erdoğan,Recep Tayyip Erdoğan,199395,169432,4439,173871,87.2,73274,0,first,,,Recep Tayyip Erdoğan,Recep Tayyip Erdoğan,110063,Province,TR-71,official,Official YSK domestic province total. Overseas and customs votes are included in the national result but are not assigned to provinces.
Kırıkkale,https://acikveri.ysk.gov.tr/api/getSecimSandikSonucList?secimId=16300&secimTuru=9&ilId=&ilceId=&beldeId=&birimId=&muhtarlikId=&cezaeviId=&sandikTuru=&sandikNoIlk=&sandikNoSon=&ulkeId=&disTemsilcilikId=&gumrukId=&yurtIciDisi=1&sandikRumuzIlk=&sandikRumuzSon=&secimCevresiId=&sandikId=&sorguTuru=1,https://cbs1.tarimorman.gov.tr/server/rest/services/TATUS/MapServer/12,Recep Tayyip Erdoğan,Recep Tayyip Erdoğan,199395,169432,4439,173871,87.2,73274,0,first,,,Muharrem İnce,Muharrem İnce,36789,Province,TR-71,official,Official YSK domestic province total. Overseas and customs votes are included in the national result but are not assigned to provinces.
Kırıkkale,https://acikveri.ysk.gov.tr/api/getSecimSandikSonucList?secimId=16300&secimTuru=9&ilId=&ilceId=&beldeId=&birimId=&muhtarlikId=&cezaeviId=&sandikTuru=&sandikNoIlk=&sandikNoSon=&ulkeId=&disTemsilcilikId=&gumrukId=&yurtIciDisi=1&sandikRumuzIlk=&sandikRumuzSon=&secimCevresiId=&sandikId=&sorguTuru=1,https://cbs1.tarimorman.gov.tr/server/rest/services/TATUS/MapServer/12,Recep Tayyip Erdoğan,Recep Tayyip Erdoğan,199395,169432,4439,173871,87.2,73274,0,first,,,Meral Akşener,Meral Akşener,19705,Province,TR-71,official,Official YSK domestic province total. Overseas and customs votes are included in the national result but are not assigned to provinces.
Kırıkkale,https://acikveri.ysk.gov.tr/api/getSecimSandikSonucList?secimId=16300&secimTuru=9&ilId=&ilceId=&beldeId=&birimId=&muhtarlikId=&cezaeviId=&sandikTuru=&sandikNoIlk=&sandikNoSon=&ulkeId=&disTemsilcilikId=&gumrukId=&yurtIciDisi=1&sandikRumuzIlk=&sandikRumuzSon=&secimCevresiId=&sandikId=&sorguTuru=1,https://cbs1.tarimorman.gov.tr/server/rest/services/TATUS/MapServer/12,Recep Tayyip Erdoğan,Recep Tayyip Erdoğan,199395,169432,4439,173871,87.2,73274,0,first,,,Temel Karamollaoğlu,Temel Karamollaoğlu,1821,Province,TR-71,official,Official YSK domestic province total. Overseas and customs votes are included in the national result but are not assigned to provinces.
Kırıkkale,https://acikveri.ysk.gov.tr/api/getSecimSandikSonucList?secimId=16300&secimTuru=9&ilId=&ilceId=&beldeId=&birimId=&muhtarlikId=&cezaeviId=&sandikTuru=&sandikNoIlk=&sandikNoSon=&ulkeId=&disTemsilcilikId=&gumrukId=&yurtIciDisi=1&sandikRumuzIlk=&sandikRumuzSon=&secimCevresiId=&sandikId=&sorguTuru=1,https://cbs1.tarimorman.gov.tr/server/rest/services/TATUS/MapServer/12,Recep Tayyip Erdoğan,Recep Tayyip Erdoğan,199395,169432,4439,173871,87.2,73274,0,first,,,Selahattin Demirtaş,Selahattin Demirtaş,728,Province,TR-71,official,Official YSK domestic province total. Overseas and customs votes are included in the national result but are not assigned to provinces.
Kırıkkale,https://acikveri.ysk.gov.tr/api/getSecimSandikSonucList?secimId=16300&secimTuru=9&ilId=&ilceId=&beldeId=&birimId=&muhtarlikId=&cezaeviId=&sandikTuru=&sandikNoIlk=&sandikNoSon=&ulkeId=&disTemsilcilikId=&gumrukId=&yurtIciDisi=1&sandikRumuzIlk=&sandikRumuzSon=&secimCevresiId=&sandikId=&sorguTuru=1,https://cbs1.tarimorman.gov.tr/server/rest/services/TATUS/MapServer/12,Recep Tayyip Erdoğan,Recep Tayyip Erdoğan,199395,169432,4439,173871,87.2,73274,0,first,,,Doğu Perinçek,Doğu Perinçek,326,Province,TR-71,official,Official YSK domestic province total. Overseas and customs votes are included in the national result but are not assigned to provinces.
Kırklareli,https://acikveri.ysk.gov.tr/api/getSecimSandikSonucList?secimId=16300&secimTuru=9&ilId=&ilceId=&beldeId=&birimId=&muhtarlikId=&cezaeviId=&sandikTuru=&sandikNoIlk=&sandikNoSon=&ulkeId=&disTemsilcilikId=&gumrukId=&yurtIciDisi=1&sandikRumuzIlk=&sandikRumuzSon=&secimCevresiId=&sandikId=&sorguTuru=1,https://cbs1.tarimorman.gov.tr/server/rest/services/TATUS/MapServer/12,Muharrem İnce,Muharrem İnce,273082,241602,4865,246467,90.25,69102,0,first,,,Muharrem İnce,Muharrem İnce,141190,Province,TR-39,official,Official YSK domestic province total. Overseas and customs votes are included in the national result but are not assigned to provinces.
Kırklareli,https://acikveri.ysk.gov.tr/api/getSecimSandikSonucList?secimId=16300&secimTuru=9&ilId=&ilceId=&beldeId=&birimId=&muhtarlikId=&cezaeviId=&sandikTuru=&sandikNoIlk=&sandikNoSon=&ulkeId=&disTemsilcilikId=&gumrukId=&yurtIciDisi=1&sandikRumuzIlk=&sandikRumuzSon=&secimCevresiId=&sandikId=&sorguTuru=1,https://cbs1.tarimorman.gov.tr/server/rest/services/TATUS/MapServer/12,Muharrem İnce,Muharrem İnce,273082,241602,4865,246467,90.25,69102,0,first,,,Recep Tayyip Erdoğan,Recep Tayyip Erdoğan,72088,Province,TR-39,official,Official YSK domestic province total. Overseas and customs votes are included in the national result but are not assigned to provinces.
Kırklareli,https://acikveri.ysk.gov.tr/api/getSecimSandikSonucList?secimId=16300&secimTuru=9&ilId=&ilceId=&beldeId=&birimId=&muhtarlikId=&cezaeviId=&sandikTuru=&sandikNoIlk=&sandikNoSon=&ulkeId=&disTemsilcilikId=&gumrukId=&yurtIciDisi=1&sandikRumuzIlk=&sandikRumuzSon=&secimCevresiId=&sandikId=&sorguTuru=1,https://cbs1.tarimorman.gov.tr/server/rest/services/TATUS/MapServer/12,Muharrem İnce,Muharrem İnce,273082,241602,4865,246467,90.25,69102,0,first,,,Meral Akşener,Meral Akşener,23507,Province,TR-39,official,Official YSK domestic province total. Overseas and customs votes are included in the national result but are not assigned to provinces.
Kırklareli,https://acikveri.ysk.gov.tr/api/getSecimSandikSonucList?secimId=16300&secimTuru=9&ilId=&ilceId=&beldeId=&birimId=&muhtarlikId=&cezaeviId=&sandikTuru=&sandikNoIlk=&sandikNoSon=&ulkeId=&disTemsilcilikId=&gumrukId=&yurtIciDisi=1&sandikRumuzIlk=&sandikRumuzSon=&secimCevresiId=&sandikId=&sorguTuru=1,https://cbs1.tarimorman.gov.tr/server/rest/services/TATUS/MapServer/12,Muharrem İnce,Muharrem İnce,273082,241602,4865,246467,90.25,69102,0,first,,,Selahattin Demirtaş,Selahattin Demirtaş,3382,Province,TR-39,official,Official YSK domestic province total. Overseas and customs votes are included in the national result but are not assigned to provinces.
Kırklareli,https://acikveri.ysk.gov.tr/api/getSecimSandikSonucList?secimId=16300&secimTuru=9&ilId=&ilceId=&beldeId=&birimId=&muhtarlikId=&cezaeviId=&sandikTuru=&sandikNoIlk=&sandikNoSon=&ulkeId=&disTemsilcilikId=&gumrukId=&yurtIciDisi=1&sandikRumuzIlk=&sandikRumuzSon=&secimCevresiId=&sandikId=&sorguTuru=1,https://cbs1.tarimorman.gov.tr/server/rest/services/TATUS/MapServer/12,Muharrem İnce,Muharrem İnce,273082,241602,4865,246467,90.25,69102,0,first,,,Temel Karamollaoğlu,Temel Karamollaoğlu,823,Province,TR-39,official,Official YSK domestic province total. Overseas and customs votes are included in the national result but are not assigned to provinces.
Kırklareli,https://acikveri.ysk.gov.tr/api/getSecimSandikSonucList?secimId=16300&secimTuru=9&ilId=&ilceId=&beldeId=&birimId=&muhtarlikId=&cezaeviId=&sandikTuru=&sandikNoIlk=&sandikNoSon=&ulkeId=&disTemsilcilikId=&gumrukId=&yurtIciDisi=1&sandikRumuzIlk=&sandikRumuzSon=&secimCevresiId=&sandikId=&sorguTuru=1,https://cbs1.tarimorman.gov.tr/server/rest/services/TATUS/MapServer/12,Muharrem İnce,Muharrem İnce,273082,241602,4865,246467,90.25,69102,0,first,,,Doğu Perinçek,Doğu Perinçek,612,Province,TR-39,official,Official YSK domestic province total. Overseas and customs votes are included in the national result but are not assigned to provinces.
Kırşehir,https://acikveri.ysk.gov.tr/api/getSecimSandikSonucList?secimId=16300&secimTuru=9&ilId=&ilceId=&beldeId=&birimId=&muhtarlikId=&cezaeviId=&sandikTuru=&sandikNoIlk=&sandikNoSon=&ulkeId=&disTemsilcilikId=&gumrukId=&yurtIciDisi=1&sandikRumuzIlk=&sandikRumuzSon=&secimCevresiId=&sandikId=&sorguTuru=1,https://cbs1.tarimorman.gov.tr/server/rest/services/TATUS/MapServer/12,Recep Tayyip Erdoğan,Recep Tayyip Erdoğan,166167,139302,4079,143381,86.29,38135,0,first,,,Recep Tayyip Erdoğan,Recep Tayyip Erdoğan,77548,Province,TR-40,official,Official YSK domestic province total. Overseas and customs votes are included in the national result but are not assigned to provinces.
Kırşehir,https://acikveri.ysk.gov.tr/api/getSecimSandikSonucList?secimId=16300&secimTuru=9&ilId=&ilceId=&beldeId=&birimId=&muhtarlikId=&cezaeviId=&sandikTuru=&sandikNoIlk=&sandikNoSon=&ulkeId=&disTemsilcilikId=&gumrukId=&yurtIciDisi=1&sandikRumuzIlk=&sandikRumuzSon=&secimCevresiId=&sandikId=&sorguTuru=1,https://cbs1.tarimorman.gov.tr/server/rest/services/TATUS/MapServer/12,Recep Tayyip Erdoğan,Recep Tayyip Erdoğan,166167,139302,4079,143381,86.29,38135,0,first,,,Muharrem İnce,Muharrem İnce,39413,Province,TR-40,official,Official YSK domestic province total. Overseas and customs votes are included in the national result but are not assigned to provinces.
Kırşehir,https://acikveri.ysk.gov.tr/api/getSecimSandikSonucList?secimId=16300&secimTuru=9&ilId=&ilceId=&beldeId=&birimId=&muhtarlikId=&cezaeviId=&sandikTuru=&sandikNoIlk=&sandikNoSon=&ulkeId=&disTemsilcilikId=&gumrukId=&yurtIciDisi=1&sandikRumuzIlk=&sandikRumuzSon=&secimCevresiId=&sandikId=&sorguTuru=1,https://cbs1.tarimorman.gov.tr/server/rest/services/TATUS/MapServer/12,Recep Tayyip Erdoğan,Recep Tayyip Erdoğan,166167,139302,4079,143381,86.29,38135,0,first,,,Meral Akşener,Meral Akşener,17102,Province,TR-40,official,Official YSK domestic province total. Overseas and customs votes are included in the national result but are not assigned to provinces.
Kırşehir,https://acikveri.ysk.gov.tr/api/getSecimSandikSonucList?secimId=16300&secimTuru=9&ilId=&ilceId=&beldeId=&birimId=&muhtarlikId=&cezaeviId=&sandikTuru=&sandikNoIlk=&sandikNoSon=&ulkeId=&disTemsilcilikId=&gumrukId=&yurtIciDisi=1&sandikRumuzIlk=&sandikRumuzSon=&secimCevresiId=&sandikId=&sorguTuru=1,https://cbs1.tarimorman.gov.tr/server/rest/services/TATUS/MapServer/12,Recep Tayyip Erdoğan,Recep Tayyip Erdoğan,166167,139302,4079,143381,86.29,38135,0,first,,,Selahattin Demirtaş,Selahattin Demirtaş,3831,Province,TR-40,official,Official YSK domestic province total. Overseas and customs votes are included in the national result but are not assigned to provinces.
Kırşehir,https://acikveri.ysk.gov.tr/api/getSecimSandikSonucList?secimId=16300&secimTuru=9&ilId=&ilceId=&beldeId=&birimId=&muhtarlikId=&cezaeviId=&sandikTuru=&sandikNoIlk=&sandikNoSon=&ulkeId=&disTemsilcilikId=&gumrukId=&yurtIciDisi=1&sandikRumuzIlk=&sandikRumuzSon=&secimCevresiId=&sandikId=&sorguTuru=1,https://cbs1.tarimorman.gov.tr/server/rest/services/TATUS/MapServer/12,Recep Tayyip Erdoğan,Recep Tayyip Erdoğan,166167,139302,4079,143381,86.29,38135,0,first,,,Temel Karamollaoğlu,Temel Karamollaoğlu,1151,Province,TR-40,official,Official YSK domestic province total. Overseas and customs votes are included in the national result but are not assigned to provinces.
Kırşehir,https://acikveri.ysk.gov.tr/api/getSecimSandikSonucList?secimId=16300&secimTuru=9&ilId=&ilceId=&beldeId=&birimId=&muhtarlikId=&cezaeviId=&sandikTuru=&sandikNoIlk=&sandikNoSon=&ulkeId=&disTemsilcilikId=&gumrukId=&yurtIciDisi=1&sandikRumuzIlk=&sandikRumuzSon=&secimCevresiId=&sandikId=&sorguTuru=1,https://cbs1.tarimorman.gov.tr/server/rest/services/TATUS/MapServer/12,Recep Tayyip Erdoğan,Recep Tayyip Erdoğan,166167,139302,4079,143381,86.29,38135,0,first,,,Doğu Perinçek,Doğu Perinçek,257,Province,TR-40,official,Official YSK domestic province total. Overseas and customs votes are included in the national result but are not assigned to provinces.
Kilis,https://acikveri.ysk.gov.tr/api/getSecimSandikSonucList?secimId=16300&secimTuru=9&ilId=&ilceId=&beldeId=&birimId=&muhtarlikId=&cezaeviId=&sandikTuru=&sandikNoIlk=&sandikNoSon=&ulkeId=&disTemsilcilikId=&gumrukId=&yurtIciDisi=1&sandikRumuzIlk=&sandikRumuzSon=&secimCevresiId=&sandikId=&sorguTuru=1,https://cbs1.tarimorman.gov.tr/server/rest/services/TATUS/MapServer/12,Recep Tayyip Erdoğan,Recep Tayyip Erdoğan,86080,73289,1847,75136,87.29,37445,0,first,,,Recep Tayyip Erdoğan,Recep Tayyip Erdoğan,51365,Province,TR-79,official,Official YSK domestic province total. Overseas and customs votes are included in the national result but are not assigned to provinces.
Kilis,https://acikveri.ysk.gov.tr/api/getSecimSandikSonucList?secimId=16300&secimTuru=9&ilId=&ilceId=&beldeId=&birimId=&muhtarlikId=&cezaeviId=&sandikTuru=&sandikNoIlk=&sandikNoSon=&ulkeId=&disTemsilcilikId=&gumrukId=&yurtIciDisi=1&sandikRumuzIlk=&sandikRumuzSon=&secimCevresiId=&sandikId=&sorguTuru=1,https://cbs1.tarimorman.gov.tr/server/rest/services/TATUS/MapServer/12,Recep Tayyip Erdoğan,Recep Tayyip Erdoğan,86080,73289,1847,75136,87.29,37445,0,first,,,Muharrem İnce,Muharrem İnce,13920,Province,TR-79,official,Official YSK domestic province total. Overseas and customs votes are included in the national result but are not assigned to provinces.
Kilis,https://acikveri.ysk.gov.tr/api/getSecimSandikSonucList?secimId=16300&secimTuru=9&ilId=&ilceId=&beldeId=&birimId=&muhtarlikId=&cezaeviId=&sandikTuru=&sandikNoIlk=&sandikNoSon=&ulkeId=&disTemsilcilikId=&gumrukId=&yurtIciDisi=1&sandikRumuzIlk=&sandikRumuzSon=&secimCevresiId=&sandikId=&sorguTuru=1,https://cbs1.tarimorman.gov.tr/server/rest/services/TATUS/MapServer/12,Recep Tayyip Erdoğan,Recep Tayyip Erdoğan,86080,73289,1847,75136,87.29,37445,0,first,,,Meral Akşener,Meral Akşener,6319,Province,TR-79,official,Official YSK domestic province total. Overseas and customs votes are included in the national result but are not assigned to provinces.
Kilis,https://acikveri.ysk.gov.tr/api/getSecimSandikSonucList?secimId=16300&secimTuru=9&ilId=&ilceId=&beldeId=&birimId=&muhtarlikId=&cezaeviId=&sandikTuru=&sandikNoIlk=&sandikNoSon=&ulkeId=&disTemsilcilikId=&gumrukId=&yurtIciDisi=1&sandikRumuzIlk=&sandikRumuzSon=&secimCevresiId=&sandikId=&sorguTuru=1,https://cbs1.tarimorman.gov.tr/server/rest/services/TATUS/MapServer/12,Recep Tayyip Erdoğan,Recep Tayyip Erdoğan,86080,73289,1847,75136,87.29,37445,0,first,,,Selahattin Demirtaş,Selahattin Demirtaş,890,Province,TR-79,official,Official YSK domestic province total. Overseas and customs votes are included in the national result but are not assigned to provinces.
Kilis,https://acikveri.ysk.gov.tr/api/getSecimSandikSonucList?secimId=16300&secimTuru=9&ilId=&ilceId=&beldeId=&birimId=&muhtarlikId=&cezaeviId=&sandikTuru=&sandikNoIlk=&sandikNoSon=&ulkeId=&disTemsilcilikId=&gumrukId=&yurtIciDisi=1&sandikRumuzIlk=&sandikRumuzSon=&secimCevresiId=&sandikId=&sorguTuru=1,https://cbs1.tarimorman.gov.tr/server/rest/services/TATUS/MapServer/12,Recep Tayyip Erdoğan,Recep Tayyip Erdoğan,86080,73289,1847,75136,87.29,37445,0,first,,,Temel Karamollaoğlu,Temel Karamollaoğlu,626,Province,TR-79,official,Official YSK domestic province total. Overseas and customs votes are included in the national result but are not assigned to provinces.
Kilis,https://acikveri.ysk.gov.tr/api/getSecimSandikSonucList?secimId=16300&secimTuru=9&ilId=&ilceId=&beldeId=&birimId=&muhtarlikId=&cezaeviId=&sandikTuru=&sandikNoIlk=&sandikNoSon=&ulkeId=&disTemsilcilikId=&gumrukId=&yurtIciDisi=1&sandikRumuzIlk=&sandikRumuzSon=&secimCevresiId=&sandikId=&sorguTuru=1,https://cbs1.tarimorman.gov.tr/server/rest/services/TATUS/MapServer/12,Recep Tayyip Erdoğan,Recep Tayyip Erdoğan,86080,73289,1847,75136,87.29,37445,0,first,,,Doğu Perinçek,Doğu Perinçek,169,Province,TR-79,official,Official YSK domestic province total. Overseas and customs votes are included in the national result but are not assigned to provinces.
Kocaeli,https://acikveri.ysk.gov.tr/api/getSecimSandikSonucList?secimId=16300&secimTuru=9&ilId=&ilceId=&beldeId=&birimId=&muhtarlikId=&cezaeviId=&sandikTuru=&sandikNoIlk=&sandikNoSon=&ulkeId=&disTemsilcilikId=&gumrukId=&yurtIciDisi=1&sandikRumuzIlk=&sandikRumuzSon=&secimCevresiId=&sandikId=&sorguTuru=1,https://cbs1.tarimorman.gov.tr/server/rest/services/TATUS/MapServer/12,Recep Tayyip Erdoğan,Recep Tayyip Erdoğan,1336401,1174469,24365,1198834,89.71,361263,0,first,,,Recep Tayyip Erdoğan,Recep Tayyip Erdoğan,690932,Province,TR-41,official,Official YSK domestic province total. Overseas and customs votes are included in the national result but are not assigned to provinces.
Kocaeli,https://acikveri.ysk.gov.tr/api/getSecimSandikSonucList?secimId=16300&secimTuru=9&ilId=&ilceId=&beldeId=&birimId=&muhtarlikId=&cezaeviId=&sandikTuru=&sandikNoIlk=&sandikNoSon=&ulkeId=&disTemsilcilikId=&gumrukId=&yurtIciDisi=1&sandikRumuzIlk=&sandikRumuzSon=&secimCevresiId=&sandikId=&sorguTuru=1,https://cbs1.tarimorman.gov.tr/server/rest/services/TATUS/MapServer/12,Recep Tayyip Erdoğan,Recep Tayyip Erdoğan,1336401,1174469,24365,1198834,89.71,361263,0,first,,,Muharrem İnce,Muharrem İnce,329669,Province,TR-41,official,Official YSK domestic province total. Overseas and customs votes are included in the national result but are not assigned to provinces.
Kocaeli,https://acikveri.ysk.gov.tr/api/getSecimSandikSonucList?secimId=16300&secimTuru=9&ilId=&ilceId=&beldeId=&birimId=&muhtarlikId=&cezaeviId=&sandikTuru=&sandikNoIlk=&sandikNoSon=&ulkeId=&disTemsilcilikId=&gumrukId=&yurtIciDisi=1&sandikRumuzIlk=&sandikRumuzSon=&secimCevresiId=&sandikId=&sorguTuru=1,https://cbs1.tarimorman.gov.tr/server/rest/services/TATUS/MapServer/12,Recep Tayyip Erdoğan,Recep Tayyip Erdoğan,1336401,1174469,24365,1198834,89.71,361263,0,first,,,Meral Akşener,Meral Akşener,84029,Province,TR-41,official,Official YSK domestic province total. Overseas and customs votes are included in the national result but are not assigned to provinces.
Kocaeli,https://acikveri.ysk.gov.tr/api/getSecimSandikSonucList?secimId=16300&secimTuru=9&ilId=&ilceId=&beldeId=&birimId=&muhtarlikId=&cezaeviId=&sandikTuru=&sandikNoIlk=&sandikNoSon=&ulkeId=&disTemsilcilikId=&gumrukId=&yurtIciDisi=1&sandikRumuzIlk=&sandikRumuzSon=&secimCevresiId=&sandikId=&sorguTuru=1,https://cbs1.tarimorman.gov.tr/server/rest/services/TATUS/MapServer/12,Recep Tayyip Erdoğan,Recep Tayyip Erdoğan,1336401,1174469,24365,1198834,89.71,361263,0,first,,,Selahattin Demirtaş,Selahattin Demirtaş,50808,Province,TR-41,official,Official YSK domestic province total. Overseas and customs votes are included in the national result but are not assigned to provinces.
Kocaeli,https://acikveri.ysk.gov.tr/api/getSecimSandikSonucList?secimId=16300&secimTuru=9&ilId=&ilceId=&beldeId=&birimId=&muhtarlikId=&cezaeviId=&sandikTuru=&sandikNoIlk=&sandikNoSon=&ulkeId=&disTemsilcilikId=&gumrukId=&yurtIciDisi=1&sandikRumuzIlk=&sandikRumuzSon=&secimCevresiId=&sandikId=&sorguTuru=1,https://cbs1.tarimorman.gov.tr/server/rest/services/TATUS/MapServer/12,Recep Tayyip Erdoğan,Recep Tayyip Erdoğan,1336401,1174469,24365,1198834,89.71,361263,0,first,,,Temel Karamollaoğlu,Temel Karamollaoğlu,17137,Province,TR-41,official,Official YSK domestic province total. Overseas and customs votes are included in the national result but are not assigned to provinces.
Kocaeli,https://acikveri.ysk.gov.tr/api/getSecimSandikSonucList?secimId=16300&secimTuru=9&ilId=&ilceId=&beldeId=&birimId=&muhtarlikId=&cezaeviId=&sandikTuru=&sandikNoIlk=&sandikNoSon=&ulkeId=&disTemsilcilikId=&gumrukId=&yurtIciDisi=1&sandikRumuzIlk=&sandikRumuzSon=&secimCevresiId=&sandikId=&sorguTuru=1,https://cbs1.tarimorman.gov.tr/server/rest/services/TATUS/MapServer/12,Recep Tayyip Erdoğan,Recep Tayyip Erdoğan,1336401,1174469,24365,1198834,89.71,361263,0,first,,,Doğu Perinçek,Doğu Perinçek,1894,Province,TR-41,official,Official YSK domestic province total. Overseas and customs votes are included in the national result but are not assigned to provinces.
Konya,https://acikveri.ysk.gov.tr/api/getSecimSandikSonucList?secimId=16300&secimTuru=9&ilId=&ilceId=&beldeId=&birimId=&muhtarlikId=&cezaeviId=&sandikTuru=&sandikNoIlk=&sandikNoSon=&ulkeId=&disTemsilcilikId=&gumrukId=&yurtIciDisi=1&sandikRumuzIlk=&sandikRumuzSon=&secimCevresiId=&sandikId=&sorguTuru=1,https://cbs1.tarimorman.gov.tr/server/rest/services/TATUS/MapServer/12,Recep Tayyip Erdoğan,Recep Tayyip Erdoğan,1505540,1309777,32087,1341864,89.13,792691,0,first,,,Recep Tayyip Erdoğan,Recep Tayyip Erdoğan,971897,Province,TR-42,official,Official YSK domestic province total. Overseas and customs votes are included in the national result but are not assigned to provinces.
Konya,https://acikveri.ysk.gov.tr/api/getSecimSandikSonucList?secimId=16300&secimTuru=9&ilId=&ilceId=&beldeId=&birimId=&muhtarlikId=&cezaeviId=&sandikTuru=&sandikNoIlk=&sandikNoSon=&ulkeId=&disTemsilcilikId=&gumrukId=&yurtIciDisi=1&sandikRumuzIlk=&sandikRumuzSon=&secimCevresiId=&sandikId=&sorguTuru=1,https://cbs1.tarimorman.gov.tr/server/rest/services/TATUS/MapServer/12,Recep Tayyip Erdoğan,Recep Tayyip Erdoğan,1505540,1309777,32087,1341864,89.13,792691,0,first,,,Muharrem İnce,Muharrem İnce,179206,Province,TR-42,official,Official YSK domestic province total. Overseas and customs votes are included in the national result but are not assigned to provinces.
Konya,https://acikveri.ysk.gov.tr/api/getSecimSandikSonucList?secimId=16300&secimTuru=9&ilId=&ilceId=&beldeId=&birimId=&muhtarlikId=&cezaeviId=&sandikTuru=&sandikNoIlk=&sandikNoSon=&ulkeId=&disTemsilcilikId=&gumrukId=&yurtIciDisi=1&sandikRumuzIlk=&sandikRumuzSon=&secimCevresiId=&sandikId=&sorguTuru=1,https://cbs1.tarimorman.gov.tr/server/rest/services/TATUS/MapServer/12,Recep Tayyip Erdoğan,Recep Tayyip Erdoğan,1505540,1309777,32087,1341864,89.13,792691,0,first,,,Meral Akşener,Meral Akşener,107978,Province,TR-42,official,Official YSK domestic province total. Overseas and customs votes are included in the national result but are not assigned to provinces.
Konya,https://acikveri.ysk.gov.tr/api/getSecimSandikSonucList?secimId=16300&secimTuru=9&ilId=&ilceId=&beldeId=&birimId=&muhtarlikId=&cezaeviId=&sandikTuru=&sandikNoIlk=&sandikNoSon=&ulkeId=&disTemsilcilikId=&gumrukId=&yurtIciDisi=1&sandikRumuzIlk=&sandikRumuzSon=&secimCevresiId=&sandikId=&sorguTuru=1,https://cbs1.tarimorman.gov.tr/server/rest/services/TATUS/MapServer/12,Recep Tayyip Erdoğan,Recep Tayyip Erdoğan,1505540,1309777,32087,1341864,89.13,792691,0,first,,,Selahattin Demirtaş,Selahattin Demirtaş,29736,Province,TR-42,official,Official YSK domestic province total. Overseas and customs votes are included in the national result but are not assigned to provinces.
Konya,https://acikveri.ysk.gov.tr/api/getSecimSandikSonucList?secimId=16300&secimTuru=9&ilId=&ilceId=&beldeId=&birimId=&muhtarlikId=&cezaeviId=&sandikTuru=&sandikNoIlk=&sandikNoSon=&ulkeId=&disTemsilcilikId=&gumrukId=&yurtIciDisi=1&sandikRumuzIlk=&sandikRumuzSon=&secimCevresiId=&sandikId=&sorguTuru=1,https://cbs1.tarimorman.gov.tr/server/rest/services/TATUS/MapServer/12,Recep Tayyip Erdoğan,Recep Tayyip Erdoğan,1505540,1309777,32087,1341864,89.13,792691,0,first,,,Temel Karamollaoğlu,Temel Karamollaoğlu,18942,Province,TR-42,official,Official YSK domestic province total. Overseas and customs votes are included in the national result but are not assigned to provinces.
Konya,https://acikveri.ysk.gov.tr/api/getSecimSandikSonucList?secimId=16300&secimTuru=9&ilId=&ilceId=&beldeId=&birimId=&muhtarlikId=&cezaeviId=&sandikTuru=&sandikNoIlk=&sandikNoSon=&ulkeId=&disTemsilcilikId=&gumrukId=&yurtIciDisi=1&sandikRumuzIlk=&sandikRumuzSon=&secimCevresiId=&sandikId=&sorguTuru=1,https://cbs1.tarimorman.gov.tr/server/rest/services/TATUS/MapServer/12,Recep Tayyip Erdoğan,Recep Tayyip Erdoğan,1505540,1309777,32087,1341864,89.13,792691,0,first,,,Doğu Perinçek,Doğu Perinçek,2018,Province,TR-42,official,Official YSK domestic province total. Overseas and customs votes are included in the national result but are not assigned to provinces.
Kütahya,https://acikveri.ysk.gov.tr/api/getSecimSandikSonucList?secimId=16300&secimTuru=9&ilId=&ilceId=&beldeId=&birimId=&muhtarlikId=&cezaeviId=&sandikTuru=&sandikNoIlk=&sandikNoSon=&ulkeId=&disTemsilcilikId=&gumrukId=&yurtIciDisi=1&sandikRumuzIlk=&sandikRumuzSon=&secimCevresiId=&sandikId=&sorguTuru=1,https://cbs1.tarimorman.gov.tr/server/rest/services/TATUS/MapServer/12,Recep Tayyip Erdoğan,Recep Tayyip Erdoğan,422653,375477,10400,385877,91.3,206521,0,first,,,Recep Tayyip Erdoğan,Recep Tayyip Erdoğan,268636,Province,TR-43,official,Official YSK domestic province total. Overseas and customs votes are included in the national result but are not assigned to provinces.
Kütahya,https://acikveri.ysk.gov.tr/api/getSecimSandikSonucList?secimId=16300&secimTuru=9&ilId=&ilceId=&beldeId=&birimId=&muhtarlikId=&cezaeviId=&sandikTuru=&sandikNoIlk=&sandikNoSon=&ulkeId=&disTemsilcilikId=&gumrukId=&yurtIciDisi=1&sandikRumuzIlk=&sandikRumuzSon=&secimCevresiId=&sandikId=&sorguTuru=1,https://cbs1.tarimorman.gov.tr/server/rest/services/TATUS/MapServer/12,Recep Tayyip Erdoğan,Recep Tayyip Erdoğan,422653,375477,10400,385877,91.3,206521,0,first,,,Muharrem İnce,Muharrem İnce,62115,Province,TR-43,official,Official YSK domestic province total. Overseas and customs votes are included in the national result but are not assigned to provinces.
Kütahya,https://acikveri.ysk.gov.tr/api/getSecimSandikSonucList?secimId=16300&secimTuru=9&ilId=&ilceId=&beldeId=&birimId=&muhtarlikId=&cezaeviId=&sandikTuru=&sandikNoIlk=&sandikNoSon=&ulkeId=&disTemsilcilikId=&gumrukId=&yurtIciDisi=1&sandikRumuzIlk=&sandikRumuzSon=&secimCevresiId=&sandikId=&sorguTuru=1,https://cbs1.tarimorman.gov.tr/server/rest/services/TATUS/MapServer/12,Recep Tayyip Erdoğan,Recep Tayyip Erdoğan,422653,375477,10400,385877,91.3,206521,0,first,,,Meral Akşener,Meral Akşener,37824,Province,TR-43,official,Official YSK domestic province total. Overseas and customs votes are included in the national result but are not assigned to provinces.
Kütahya,https://acikveri.ysk.gov.tr/api/getSecimSandikSonucList?secimId=16300&secimTuru=9&ilId=&ilceId=&beldeId=&birimId=&muhtarlikId=&cezaeviId=&sandikTuru=&sandikNoIlk=&sandikNoSon=&ulkeId=&disTemsilcilikId=&gumrukId=&yurtIciDisi=1&sandikRumuzIlk=&sandikRumuzSon=&secimCevresiId=&sandikId=&sorguTuru=1,https://cbs1.tarimorman.gov.tr/server/rest/services/TATUS/MapServer/12,Recep Tayyip Erdoğan,Recep Tayyip Erdoğan,422653,375477,10400,385877,91.3,206521,0,first,,,Temel Karamollaoğlu,Temel Karamollaoğlu,4950,Province,TR-43,official,Official YSK domestic province total. Overseas and customs votes are included in the national result but are not assigned to provinces.
Kütahya,https://acikveri.ysk.gov.tr/api/getSecimSandikSonucList?secimId=16300&secimTuru=9&ilId=&ilceId=&beldeId=&birimId=&muhtarlikId=&cezaeviId=&sandikTuru=&sandikNoIlk=&sandikNoSon=&ulkeId=&disTemsilcilikId=&gumrukId=&yurtIciDisi=1&sandikRumuzIlk=&sandikRumuzSon=&secimCevresiId=&sandikId=&sorguTuru=1,https://cbs1.tarimorman.gov.tr/server/rest/services/TATUS/MapServer/12,Recep Tayyip Erdoğan,Recep Tayyip Erdoğan,422653,375477,10400,385877,91.3,206521,0,first,,,Selahattin Demirtaş,Selahattin Demirtaş,1210,Province,TR-43,official,Official YSK domestic province total. Overseas and customs votes are included in the national result but are not assigned to provinces.
Kütahya,https://acikveri.ysk.gov.tr/api/getSecimSandikSonucList?secimId=16300&secimTuru=9&ilId=&ilceId=&beldeId=&birimId=&muhtarlikId=&cezaeviId=&sandikTuru=&sandikNoIlk=&sandikNoSon=&ulkeId=&disTemsilcilikId=&gumrukId=&yurtIciDisi=1&sandikRumuzIlk=&sandikRumuzSon=&secimCevresiId=&sandikId=&sorguTuru=1,https://cbs1.tarimorman.gov.tr/server/rest/services/TATUS/MapServer/12,Recep Tayyip Erdoğan,Recep Tayyip Erdoğan,422653,375477,10400,385877,91.3,206521,0,first,,,Doğu Perinçek,Doğu Perinçek,742,Province,TR-43,official,Official YSK domestic province total. Overseas and customs votes are included in the national result but are not assigned to provinces.
Malatya,https://acikveri.ysk.gov.tr/api/getSecimSandikSonucList?secimId=16300&secimTuru=9&ilId=&ilceId=&beldeId=&birimId=&muhtarlikId=&cezaeviId=&sandikTuru=&sandikNoIlk=&sandikNoSon=&ulkeId=&disTemsilcilikId=&gumrukId=&yurtIciDisi=1&sandikRumuzIlk=&sandikRumuzSon=&secimCevresiId=&sandikId=&sorguTuru=1,https://cbs1.tarimorman.gov.tr/server/rest/services/TATUS/MapServer/12,Recep Tayyip Erdoğan,Recep Tayyip Erdoğan,555931,477273,9863,487136,87.63,220925,0,first,,,Recep Tayyip Erdoğan,Recep Tayyip Erdoğan,330401,Province,TR-44,official,Official YSK domestic province total. Overseas and customs votes are included in the national result but are not assigned to provinces.
Malatya,https://acikveri.ysk.gov.tr/api/getSecimSandikSonucList?secimId=16300&secimTuru=9&ilId=&ilceId=&beldeId=&birimId=&muhtarlikId=&cezaeviId=&sandikTuru=&sandikNoIlk=&sandikNoSon=&ulkeId=&disTemsilcilikId=&gumrukId=&yurtIciDisi=1&sandikRumuzIlk=&sandikRumuzSon=&secimCevresiId=&sandikId=&sorguTuru=1,https://cbs1.tarimorman.gov.tr/server/rest/services/TATUS/MapServer/12,Recep Tayyip Erdoğan,Recep Tayyip Erdoğan,555931,477273,9863,487136,87.63,220925,0,first,,,Muharrem İnce,Muharrem İnce,109476,Province,TR-44,official,Official YSK domestic province total. Overseas and customs votes are included in the national result but are not assigned to provinces.
Malatya,https://acikveri.ysk.gov.tr/api/getSecimSandikSonucList?secimId=16300&secimTuru=9&ilId=&ilceId=&beldeId=&birimId=&muhtarlikId=&cezaeviId=&sandikTuru=&sandikNoIlk=&sandikNoSon=&ulkeId=&disTemsilcilikId=&gumrukId=&yurtIciDisi=1&sandikRumuzIlk=&sandikRumuzSon=&secimCevresiId=&sandikId=&sorguTuru=1,https://cbs1.tarimorman.gov.tr/server/rest/services/TATUS/MapServer/12,Recep Tayyip Erdoğan,Recep Tayyip Erdoğan,555931,477273,9863,487136,87.63,220925,0,first,,,Meral Akşener,Meral Akşener,20858,Province,TR-44,official,Official YSK domestic province total. Overseas and customs votes are included in the national result but are not assigned to provinces.
Malatya,https://acikveri.ysk.gov.tr/api/getSecimSandikSonucList?secimId=16300&secimTuru=9&ilId=&ilceId=&beldeId=&birimId=&muhtarlikId=&cezaeviId=&sandikTuru=&sandikNoIlk=&sandikNoSon=&ulkeId=&disTemsilcilikId=&gumrukId=&yurtIciDisi=1&sandikRumuzIlk=&sandikRumuzSon=&secimCevresiId=&sandikId=&sorguTuru=1,https://cbs1.tarimorman.gov.tr/server/rest/services/TATUS/MapServer/12,Recep Tayyip Erdoğan,Recep Tayyip Erdoğan,555931,477273,9863,487136,87.63,220925,0,first,,,Selahattin Demirtaş,Selahattin Demirtaş,10504,Province,TR-44,official,Official YSK domestic province total. Overseas and customs votes are included in the national result but are not assigned to provinces.
Malatya,https://acikveri.ysk.gov.tr/api/getSecimSandikSonucList?secimId=16300&secimTuru=9&ilId=&ilceId=&beldeId=&birimId=&muhtarlikId=&cezaeviId=&sandikTuru=&sandikNoIlk=&sandikNoSon=&ulkeId=&disTemsilcilikId=&gumrukId=&yurtIciDisi=1&sandikRumuzIlk=&sandikRumuzSon=&secimCevresiId=&sandikId=&sorguTuru=1,https://cbs1.tarimorman.gov.tr/server/rest/services/TATUS/MapServer/12,Recep Tayyip Erdoğan,Recep Tayyip Erdoğan,555931,477273,9863,487136,87.63,220925,0,first,,,Temel Karamollaoğlu,Temel Karamollaoğlu,5481,Province,TR-44,official,Official YSK domestic province total. Overseas and customs votes are included in the national result but are not assigned to provinces.
Malatya,https://acikveri.ysk.gov.tr/api/getSecimSandikSonucList?secimId=16300&secimTuru=9&ilId=&ilceId=&beldeId=&birimId=&muhtarlikId=&cezaeviId=&sandikTuru=&sandikNoIlk=&sandikNoSon=&ulkeId=&disTemsilcilikId=&gumrukId=&yurtIciDisi=1&sandikRumuzIlk=&sandikRumuzSon=&secimCevresiId=&sandikId=&sorguTuru=1,https://cbs1.tarimorman.gov.tr/server/rest/services/TATUS/MapServer/12,Recep Tayyip Erdoğan,Recep Tayyip Erdoğan,555931,477273,9863,487136,87.63,220925,0,first,,,Doğu Perinçek,Doğu Perinçek,553,Province,TR-44,official,Official YSK domestic province total. Overseas and customs votes are included in the national result but are not assigned to provinces.
Manisa,https://acikveri.ysk.gov.tr/api/getSecimSandikSonucList?secimId=16300&secimTuru=9&ilId=&ilceId=&beldeId=&birimId=&muhtarlikId=&cezaeviId=&sandikTuru=&sandikNoIlk=&sandikNoSon=&ulkeId=&disTemsilcilikId=&gumrukId=&yurtIciDisi=1&sandikRumuzIlk=&sandikRumuzSon=&secimCevresiId=&sandikId=&sorguTuru=1,https://cbs1.tarimorman.gov.tr/server/rest/services/TATUS/MapServer/12,Recep Tayyip Erdoğan,Recep Tayyip Erdoğan,1046410,928074,25680,953754,91.15,129681,0,first,,,Recep Tayyip Erdoğan,Recep Tayyip Erdoğan,451146,Province,TR-45,official,Official YSK domestic province total. Overseas and customs votes are included in the national result but are not assigned to provinces.
Manisa,https://acikveri.ysk.gov.tr/api/getSecimSandikSonucList?secimId=16300&secimTuru=9&ilId=&ilceId=&beldeId=&birimId=&muhtarlikId=&cezaeviId=&sandikTuru=&sandikNoIlk=&sandikNoSon=&ulkeId=&disTemsilcilikId=&gumrukId=&yurtIciDisi=1&sandikRumuzIlk=&sandikRumuzSon=&secimCevresiId=&sandikId=&sorguTuru=1,https://cbs1.tarimorman.gov.tr/server/rest/services/TATUS/MapServer/12,Recep Tayyip Erdoğan,Recep Tayyip Erdoğan,1046410,928074,25680,953754,91.15,129681,0,first,,,Muharrem İnce,Muharrem İnce,321465,Province,TR-45,official,Official YSK domestic province total. Overseas and customs votes are included in the national result but are not assigned to provinces.
Manisa,https://acikveri.ysk.gov.tr/api/getSecimSandikSonucList?secimId=16300&secimTuru=9&ilId=&ilceId=&beldeId=&birimId=&muhtarlikId=&cezaeviId=&sandikTuru=&sandikNoIlk=&sandikNoSon=&ulkeId=&disTemsilcilikId=&gumrukId=&yurtIciDisi=1&sandikRumuzIlk=&sandikRumuzSon=&secimCevresiId=&sandikId=&sorguTuru=1,https://cbs1.tarimorman.gov.tr/server/rest/services/TATUS/MapServer/12,Recep Tayyip Erdoğan,Recep Tayyip Erdoğan,1046410,928074,25680,953754,91.15,129681,0,first,,,Meral Akşener,Meral Akşener,102440,Province,TR-45,official,Official YSK domestic province total. Overseas and customs votes are included in the national result but are not assigned to provinces.
Manisa,https://acikveri.ysk.gov.tr/api/getSecimSandikSonucList?secimId=16300&secimTuru=9&ilId=&ilceId=&beldeId=&birimId=&muhtarlikId=&cezaeviId=&sandikTuru=&sandikNoIlk=&sandikNoSon=&ulkeId=&disTemsilcilikId=&gumrukId=&yurtIciDisi=1&sandikRumuzIlk=&sandikRumuzSon=&secimCevresiId=&sandikId=&sorguTuru=1,https://cbs1.tarimorman.gov.tr/server/rest/services/TATUS/MapServer/12,Recep Tayyip Erdoğan,Recep Tayyip Erdoğan,1046410,928074,25680,953754,91.15,129681,0,first,,,Selahattin Demirtaş,Selahattin Demirtaş,45112,Province,TR-45,official,Official YSK domestic province total. Overseas and customs votes are included in the national result but are not assigned to provinces.
Manisa,https://acikveri.ysk.gov.tr/api/getSecimSandikSonucList?secimId=16300&secimTuru=9&ilId=&ilceId=&beldeId=&birimId=&muhtarlikId=&cezaeviId=&sandikTuru=&sandikNoIlk=&sandikNoSon=&ulkeId=&disTemsilcilikId=&gumrukId=&yurtIciDisi=1&sandikRumuzIlk=&sandikRumuzSon=&secimCevresiId=&sandikId=&sorguTuru=1,https://cbs1.tarimorman.gov.tr/server/rest/services/TATUS/MapServer/12,Recep Tayyip Erdoğan,Recep Tayyip Erdoğan,1046410,928074,25680,953754,91.15,129681,0,first,,,Temel Karamollaoğlu,Temel Karamollaoğlu,5679,Province,TR-45,official,Official YSK domestic province total. Overseas and customs votes are included in the national result but are not assigned to provinces.
Manisa,https://acikveri.ysk.gov.tr/api/getSecimSandikSonucList?secimId=16300&secimTuru=9&ilId=&ilceId=&beldeId=&birimId=&muhtarlikId=&cezaeviId=&sandikTuru=&sandikNoIlk=&sandikNoSon=&ulkeId=&disTemsilcilikId=&gumrukId=&yurtIciDisi=1&sandikRumuzIlk=&sandikRumuzSon=&secimCevresiId=&sandikId=&sorguTuru=1,https://cbs1.tarimorman.gov.tr/server/rest/services/TATUS/MapServer/12,Recep Tayyip Erdoğan,Recep Tayyip Erdoğan,1046410,928074,25680,953754,91.15,129681,0,first,,,Doğu Perinçek,Doğu Perinçek,2232,Province,TR-45,official,Official YSK domestic province total. Overseas and customs votes are included in the national result but are not assigned to provinces.
Mardin,https://acikveri.ysk.gov.tr/api/getSecimSandikSonucList?secimId=16300&secimTuru=9&ilId=&ilceId=&beldeId=&birimId=&muhtarlikId=&cezaeviId=&sandikTuru=&sandikNoIlk=&sandikNoSon=&ulkeId=&disTemsilcilikId=&gumrukId=&yurtIciDisi=1&sandikRumuzIlk=&sandikRumuzSon=&secimCevresiId=&sandikId=&sorguTuru=1,https://cbs1.tarimorman.gov.tr/server/rest/services/TATUS/MapServer/12,Selahattin Demirtaş,Selahattin Demirtaş,471225,387621,8733,396354,84.11,94354,0,first,,,Selahattin Demirtaş,Selahattin Demirtaş,227729,Province,TR-47,official,Official YSK domestic province total. Overseas and customs votes are included in the national result but are not assigned to provinces.
Mardin,https://acikveri.ysk.gov.tr/api/getSecimSandikSonucList?secimId=16300&secimTuru=9&ilId=&ilceId=&beldeId=&birimId=&muhtarlikId=&cezaeviId=&sandikTuru=&sandikNoIlk=&sandikNoSon=&ulkeId=&disTemsilcilikId=&gumrukId=&yurtIciDisi=1&sandikRumuzIlk=&sandikRumuzSon=&secimCevresiId=&sandikId=&sorguTuru=1,https://cbs1.tarimorman.gov.tr/server/rest/services/TATUS/MapServer/12,Selahattin Demirtaş,Selahattin Demirtaş,471225,387621,8733,396354,84.11,94354,0,first,,,Recep Tayyip Erdoğan,Recep Tayyip Erdoğan,133375,Province,TR-47,official,Official YSK domestic province total. Overseas and customs votes are included in the national result but are not assigned to provinces.
Mardin,https://acikveri.ysk.gov.tr/api/getSecimSandikSonucList?secimId=16300&secimTuru=9&ilId=&ilceId=&beldeId=&birimId=&muhtarlikId=&cezaeviId=&sandikTuru=&sandikNoIlk=&sandikNoSon=&ulkeId=&disTemsilcilikId=&gumrukId=&yurtIciDisi=1&sandikRumuzIlk=&sandikRumuzSon=&secimCevresiId=&sandikId=&sorguTuru=1,https://cbs1.tarimorman.gov.tr/server/rest/services/TATUS/MapServer/12,Selahattin Demirtaş,Selahattin Demirtaş,471225,387621,8733,396354,84.11,94354,0,first,,,Muharrem İnce,Muharrem İnce,20825,Province,TR-47,official,Official YSK domestic province total. Overseas and customs votes are included in the national result but are not assigned to provinces.
Mardin,https://acikveri.ysk.gov.tr/api/getSecimSandikSonucList?secimId=16300&secimTuru=9&ilId=&ilceId=&beldeId=&birimId=&muhtarlikId=&cezaeviId=&sandikTuru=&sandikNoIlk=&sandikNoSon=&ulkeId=&disTemsilcilikId=&gumrukId=&yurtIciDisi=1&sandikRumuzIlk=&sandikRumuzSon=&secimCevresiId=&sandikId=&sorguTuru=1,https://cbs1.tarimorman.gov.tr/server/rest/services/TATUS/MapServer/12,Selahattin Demirtaş,Selahattin Demirtaş,471225,387621,8733,396354,84.11,94354,0,first,,,Meral Akşener,Meral Akşener,3106,Province,TR-47,official,Official YSK domestic province total. Overseas and customs votes are included in the national result but are not assigned to provinces.
Mardin,https://acikveri.ysk.gov.tr/api/getSecimSandikSonucList?secimId=16300&secimTuru=9&ilId=&ilceId=&beldeId=&birimId=&muhtarlikId=&cezaeviId=&sandikTuru=&sandikNoIlk=&sandikNoSon=&ulkeId=&disTemsilcilikId=&gumrukId=&yurtIciDisi=1&sandikRumuzIlk=&sandikRumuzSon=&secimCevresiId=&sandikId=&sorguTuru=1,https://cbs1.tarimorman.gov.tr/server/rest/services/TATUS/MapServer/12,Selahattin Demirtaş,Selahattin Demirtaş,471225,387621,8733,396354,84.11,94354,0,first,,,Temel Karamollaoğlu,Temel Karamollaoğlu,2342,Province,TR-47,official,Official YSK domestic province total. Overseas and customs votes are included in the national result but are not assigned to provinces.
Mardin,https://acikveri.ysk.gov.tr/api/getSecimSandikSonucList?secimId=16300&secimTuru=9&ilId=&ilceId=&beldeId=&birimId=&muhtarlikId=&cezaeviId=&sandikTuru=&sandikNoIlk=&sandikNoSon=&ulkeId=&disTemsilcilikId=&gumrukId=&yurtIciDisi=1&sandikRumuzIlk=&sandikRumuzSon=&secimCevresiId=&sandikId=&sorguTuru=1,https://cbs1.tarimorman.gov.tr/server/rest/services/TATUS/MapServer/12,Selahattin Demirtaş,Selahattin Demirtaş,471225,387621,8733,396354,84.11,94354,0,first,,,Doğu Perinçek,Doğu Perinçek,244,Province,TR-47,official,Official YSK domestic province total. Overseas and customs votes are included in the national result but are not assigned to provinces.
Mersin,https://acikveri.ysk.gov.tr/api/getSecimSandikSonucList?secimId=16300&secimTuru=9&ilId=&ilceId=&beldeId=&birimId=&muhtarlikId=&cezaeviId=&sandikTuru=&sandikNoIlk=&sandikNoSon=&ulkeId=&disTemsilcilikId=&gumrukId=&yurtIciDisi=1&sandikRumuzIlk=&sandikRumuzSon=&secimCevresiId=&sandikId=&sorguTuru=1,https://cbs1.tarimorman.gov.tr/server/rest/services/TATUS/MapServer/12,Recep Tayyip Erdoğan,Recep Tayyip Erdoğan,1272836,1100692,24041,1124733,88.36,5440,0,first,,,Recep Tayyip Erdoğan,Recep Tayyip Erdoğan,417495,Province,TR-33,official,Official YSK domestic province total. Overseas and customs votes are included in the national result but are not assigned to provinces.
Mersin,https://acikveri.ysk.gov.tr/api/getSecimSandikSonucList?secimId=16300&secimTuru=9&ilId=&ilceId=&beldeId=&birimId=&muhtarlikId=&cezaeviId=&sandikTuru=&sandikNoIlk=&sandikNoSon=&ulkeId=&disTemsilcilikId=&gumrukId=&yurtIciDisi=1&sandikRumuzIlk=&sandikRumuzSon=&secimCevresiId=&sandikId=&sorguTuru=1,https://cbs1.tarimorman.gov.tr/server/rest/services/TATUS/MapServer/12,Recep Tayyip Erdoğan,Recep Tayyip Erdoğan,1272836,1100692,24041,1124733,88.36,5440,0,first,,,Muharrem İnce,Muharrem İnce,412055,Province,TR-33,official,Official YSK domestic province total. Overseas and customs votes are included in the national result but are not assigned to provinces.
Mersin,https://acikveri.ysk.gov.tr/api/getSecimSandikSonucList?secimId=16300&secimTuru=9&ilId=&ilceId=&beldeId=&birimId=&muhtarlikId=&cezaeviId=&sandikTuru=&sandikNoIlk=&sandikNoSon=&ulkeId=&disTemsilcilikId=&gumrukId=&yurtIciDisi=1&sandikRumuzIlk=&sandikRumuzSon=&secimCevresiId=&sandikId=&sorguTuru=1,https://cbs1.tarimorman.gov.tr/server/rest/services/TATUS/MapServer/12,Recep Tayyip Erdoğan,Recep Tayyip Erdoğan,1272836,1100692,24041,1124733,88.36,5440,0,first,,,Meral Akşener,Meral Akşener,133268,Province,TR-33,official,Official YSK domestic province total. Overseas and customs votes are included in the national result but are not assigned to provinces.
Mersin,https://acikveri.ysk.gov.tr/api/getSecimSandikSonucList?secimId=16300&secimTuru=9&ilId=&ilceId=&beldeId=&birimId=&muhtarlikId=&cezaeviId=&sandikTuru=&sandikNoIlk=&sandikNoSon=&ulkeId=&disTemsilcilikId=&gumrukId=&yurtIciDisi=1&sandikRumuzIlk=&sandikRumuzSon=&secimCevresiId=&sandikId=&sorguTuru=1,https://cbs1.tarimorman.gov.tr/server/rest/services/TATUS/MapServer/12,Recep Tayyip Erdoğan,Recep Tayyip Erdoğan,1272836,1100692,24041,1124733,88.36,5440,0,first,,,Selahattin Demirtaş,Selahattin Demirtaş,130648,Province,TR-33,official,Official YSK domestic province total. Overseas and customs votes are included in the national result but are not assigned to provinces.
Mersin,https://acikveri.ysk.gov.tr/api/getSecimSandikSonucList?secimId=16300&secimTuru=9&ilId=&ilceId=&beldeId=&birimId=&muhtarlikId=&cezaeviId=&sandikTuru=&sandikNoIlk=&sandikNoSon=&ulkeId=&disTemsilcilikId=&gumrukId=&yurtIciDisi=1&sandikRumuzIlk=&sandikRumuzSon=&secimCevresiId=&sandikId=&sorguTuru=1,https://cbs1.tarimorman.gov.tr/server/rest/services/TATUS/MapServer/12,Recep Tayyip Erdoğan,Recep Tayyip Erdoğan,1272836,1100692,24041,1124733,88.36,5440,0,first,,,Temel Karamollaoğlu,Temel Karamollaoğlu,5120,Province,TR-33,official,Official YSK domestic province total. Overseas and customs votes are included in the national result but are not assigned to provinces.
Mersin,https://acikveri.ysk.gov.tr/api/getSecimSandikSonucList?secimId=16300&secimTuru=9&ilId=&ilceId=&beldeId=&birimId=&muhtarlikId=&cezaeviId=&sandikTuru=&sandikNoIlk=&sandikNoSon=&ulkeId=&disTemsilcilikId=&gumrukId=&yurtIciDisi=1&sandikRumuzIlk=&sandikRumuzSon=&secimCevresiId=&sandikId=&sorguTuru=1,https://cbs1.tarimorman.gov.tr/server/rest/services/TATUS/MapServer/12,Recep Tayyip Erdoğan,Recep Tayyip Erdoğan,1272836,1100692,24041,1124733,88.36,5440,0,first,,,Doğu Perinçek,Doğu Perinçek,2106,Province,TR-33,official,Official YSK domestic province total. Overseas and customs votes are included in the national result but are not assigned to provinces.
Muğla,https://acikveri.ysk.gov.tr/api/getSecimSandikSonucList?secimId=16300&secimTuru=9&ilId=&ilceId=&beldeId=&birimId=&muhtarlikId=&cezaeviId=&sandikTuru=&sandikNoIlk=&sandikNoSon=&ulkeId=&disTemsilcilikId=&gumrukId=&yurtIciDisi=1&sandikRumuzIlk=&sandikRumuzSon=&secimCevresiId=&sandikId=&sorguTuru=1,https://cbs1.tarimorman.gov.tr/server/rest/services/TATUS/MapServer/12,Muharrem İnce,Muharrem İnce,725909,628693,14420,643113,88.59,128675,0,first,,,Muharrem İnce,Muharrem İnce,330712,Province,TR-48,official,Official YSK domestic province total. Overseas and customs votes are included in the national result but are not assigned to provinces.
Muğla,https://acikveri.ysk.gov.tr/api/getSecimSandikSonucList?secimId=16300&secimTuru=9&ilId=&ilceId=&beldeId=&birimId=&muhtarlikId=&cezaeviId=&sandikTuru=&sandikNoIlk=&sandikNoSon=&ulkeId=&disTemsilcilikId=&gumrukId=&yurtIciDisi=1&sandikRumuzIlk=&sandikRumuzSon=&secimCevresiId=&sandikId=&sorguTuru=1,https://cbs1.tarimorman.gov.tr/server/rest/services/TATUS/MapServer/12,Muharrem İnce,Muharrem İnce,725909,628693,14420,643113,88.59,128675,0,first,,,Recep Tayyip Erdoğan,Recep Tayyip Erdoğan,202037,Province,TR-48,official,Official YSK domestic province total. Overseas and customs votes are included in the national result but are not assigned to provinces.
Muğla,https://acikveri.ysk.gov.tr/api/getSecimSandikSonucList?secimId=16300&secimTuru=9&ilId=&ilceId=&beldeId=&birimId=&muhtarlikId=&cezaeviId=&sandikTuru=&sandikNoIlk=&sandikNoSon=&ulkeId=&disTemsilcilikId=&gumrukId=&yurtIciDisi=1&sandikRumuzIlk=&sandikRumuzSon=&secimCevresiId=&sandikId=&sorguTuru=1,https://cbs1.tarimorman.gov.tr/server/rest/services/TATUS/MapServer/12,Muharrem İnce,Muharrem İnce,725909,628693,14420,643113,88.59,128675,0,first,,,Meral Akşener,Meral Akşener,74226,Province,TR-48,official,Official YSK domestic province total. Overseas and customs votes are included in the national result but are not assigned to provinces.
Muğla,https://acikveri.ysk.gov.tr/api/getSecimSandikSonucList?secimId=16300&secimTuru=9&ilId=&ilceId=&beldeId=&birimId=&muhtarlikId=&cezaeviId=&sandikTuru=&sandikNoIlk=&sandikNoSon=&ulkeId=&disTemsilcilikId=&gumrukId=&yurtIciDisi=1&sandikRumuzIlk=&sandikRumuzSon=&secimCevresiId=&sandikId=&sorguTuru=1,https://cbs1.tarimorman.gov.tr/server/rest/services/TATUS/MapServer/12,Muharrem İnce,Muharrem İnce,725909,628693,14420,643113,88.59,128675,0,first,,,Selahattin Demirtaş,Selahattin Demirtaş,17589,Province,TR-48,official,Official YSK domestic province total. Overseas and customs votes are included in the national result but are not assigned to provinces.
Muğla,https://acikveri.ysk.gov.tr/api/getSecimSandikSonucList?secimId=16300&secimTuru=9&ilId=&ilceId=&beldeId=&birimId=&muhtarlikId=&cezaeviId=&sandikTuru=&sandikNoIlk=&sandikNoSon=&ulkeId=&disTemsilcilikId=&gumrukId=&yurtIciDisi=1&sandikRumuzIlk=&sandikRumuzSon=&secimCevresiId=&sandikId=&sorguTuru=1,https://cbs1.tarimorman.gov.tr/server/rest/services/TATUS/MapServer/12,Muharrem İnce,Muharrem İnce,725909,628693,14420,643113,88.59,128675,0,first,,,Temel Karamollaoğlu,Temel Karamollaoğlu,2088,Province,TR-48,official,Official YSK domestic province total. Overseas and customs votes are included in the national result but are not assigned to provinces.
Muğla,https://acikveri.ysk.gov.tr/api/getSecimSandikSonucList?secimId=16300&secimTuru=9&ilId=&ilceId=&beldeId=&birimId=&muhtarlikId=&cezaeviId=&sandikTuru=&sandikNoIlk=&sandikNoSon=&ulkeId=&disTemsilcilikId=&gumrukId=&yurtIciDisi=1&sandikRumuzIlk=&sandikRumuzSon=&secimCevresiId=&sandikId=&sorguTuru=1,https://cbs1.tarimorman.gov.tr/server/rest/services/TATUS/MapServer/12,Muharrem İnce,Muharrem İnce,725909,628693,14420,643113,88.59,128675,0,first,,,Doğu Perinçek,Doğu Perinçek,2041,Province,TR-48,official,Official YSK domestic province total. Overseas and customs votes are included in the national result but are not assigned to provinces.
Muş,https://acikveri.ysk.gov.tr/api/getSecimSandikSonucList?secimId=16300&secimTuru=9&ilId=&ilceId=&beldeId=&birimId=&muhtarlikId=&cezaeviId=&sandikTuru=&sandikNoIlk=&sandikNoSon=&ulkeId=&disTemsilcilikId=&gumrukId=&yurtIciDisi=1&sandikRumuzIlk=&sandikRumuzSon=&secimCevresiId=&sandikId=&sorguTuru=1,https://cbs1.tarimorman.gov.tr/server/rest/services/TATUS/MapServer/12,Selahattin Demirtaş,Selahattin Demirtaş,228826,183705,5840,189545,82.83,27243,0,first,,,Selahattin Demirtaş,Selahattin Demirtaş,97855,Province,TR-49,official,Official YSK domestic province total. Overseas and customs votes are included in the national result but are not assigned to provinces.
Muş,https://acikveri.ysk.gov.tr/api/getSecimSandikSonucList?secimId=16300&secimTuru=9&ilId=&ilceId=&beldeId=&birimId=&muhtarlikId=&cezaeviId=&sandikTuru=&sandikNoIlk=&sandikNoSon=&ulkeId=&disTemsilcilikId=&gumrukId=&yurtIciDisi=1&sandikRumuzIlk=&sandikRumuzSon=&secimCevresiId=&sandikId=&sorguTuru=1,https://cbs1.tarimorman.gov.tr/server/rest/services/TATUS/MapServer/12,Selahattin Demirtaş,Selahattin Demirtaş,228826,183705,5840,189545,82.83,27243,0,first,,,Recep Tayyip Erdoğan,Recep Tayyip Erdoğan,70612,Province,TR-49,official,Official YSK domestic province total. Overseas and customs votes are included in the national result but are not assigned to provinces.
Muş,https://acikveri.ysk.gov.tr/api/getSecimSandikSonucList?secimId=16300&secimTuru=9&ilId=&ilceId=&beldeId=&birimId=&muhtarlikId=&cezaeviId=&sandikTuru=&sandikNoIlk=&sandikNoSon=&ulkeId=&disTemsilcilikId=&gumrukId=&yurtIciDisi=1&sandikRumuzIlk=&sandikRumuzSon=&secimCevresiId=&sandikId=&sorguTuru=1,https://cbs1.tarimorman.gov.tr/server/rest/services/TATUS/MapServer/12,Selahattin Demirtaş,Selahattin Demirtaş,228826,183705,5840,189545,82.83,27243,0,first,,,Muharrem İnce,Muharrem İnce,10939,Province,TR-49,official,Official YSK domestic province total. Overseas and customs votes are included in the national result but are not assigned to provinces.
Muş,https://acikveri.ysk.gov.tr/api/getSecimSandikSonucList?secimId=16300&secimTuru=9&ilId=&ilceId=&beldeId=&birimId=&muhtarlikId=&cezaeviId=&sandikTuru=&sandikNoIlk=&sandikNoSon=&ulkeId=&disTemsilcilikId=&gumrukId=&yurtIciDisi=1&sandikRumuzIlk=&sandikRumuzSon=&secimCevresiId=&sandikId=&sorguTuru=1,https://cbs1.tarimorman.gov.tr/server/rest/services/TATUS/MapServer/12,Selahattin Demirtaş,Selahattin Demirtaş,228826,183705,5840,189545,82.83,27243,0,first,,,Meral Akşener,Meral Akşener,2705,Province,TR-49,official,Official YSK domestic province total. Overseas and customs votes are included in the national result but are not assigned to provinces.
Muş,https://acikveri.ysk.gov.tr/api/getSecimSandikSonucList?secimId=16300&secimTuru=9&ilId=&ilceId=&beldeId=&birimId=&muhtarlikId=&cezaeviId=&sandikTuru=&sandikNoIlk=&sandikNoSon=&ulkeId=&disTemsilcilikId=&gumrukId=&yurtIciDisi=1&sandikRumuzIlk=&sandikRumuzSon=&secimCevresiId=&sandikId=&sorguTuru=1,https://cbs1.tarimorman.gov.tr/server/rest/services/TATUS/MapServer/12,Selahattin Demirtaş,Selahattin Demirtaş,228826,183705,5840,189545,82.83,27243,0,first,,,Temel Karamollaoğlu,Temel Karamollaoğlu,1384,Province,TR-49,official,Official YSK domestic province total. Overseas and customs votes are included in the national result but are not assigned to provinces.
Muş,https://acikveri.ysk.gov.tr/api/getSecimSandikSonucList?secimId=16300&secimTuru=9&ilId=&ilceId=&beldeId=&birimId=&muhtarlikId=&cezaeviId=&sandikTuru=&sandikNoIlk=&sandikNoSon=&ulkeId=&disTemsilcilikId=&gumrukId=&yurtIciDisi=1&sandikRumuzIlk=&sandikRumuzSon=&secimCevresiId=&sandikId=&sorguTuru=1,https://cbs1.tarimorman.gov.tr/server/rest/services/TATUS/MapServer/12,Selahattin Demirtaş,Selahattin Demirtaş,228826,183705,5840,189545,82.83,27243,0,first,,,Doğu Perinçek,Doğu Perinçek,210,Province,TR-49,official,Official YSK domestic province total. Overseas and customs votes are included in the national result but are not assigned to provinces.
Nevşehir,https://acikveri.ysk.gov.tr/api/getSecimSandikSonucList?secimId=16300&secimTuru=9&ilId=&ilceId=&beldeId=&birimId=&muhtarlikId=&cezaeviId=&sandikTuru=&sandikNoIlk=&sandikNoSon=&ulkeId=&disTemsilcilikId=&gumrukId=&yurtIciDisi=1&sandikRumuzIlk=&sandikRumuzSon=&secimCevresiId=&sandikId=&sorguTuru=1,https://cbs1.tarimorman.gov.tr/server/rest/services/TATUS/MapServer/12,Recep Tayyip Erdoğan,Recep Tayyip Erdoğan,210901,184287,4875,189162,89.69,85448,0,first,,,Recep Tayyip Erdoğan,Recep Tayyip Erdoğan,125450,Province,TR-50,official,Official YSK domestic province total. Overseas and customs votes are included in the national result but are not assigned to provinces.
Nevşehir,https://acikveri.ysk.gov.tr/api/getSecimSandikSonucList?secimId=16300&secimTuru=9&ilId=&ilceId=&beldeId=&birimId=&muhtarlikId=&cezaeviId=&sandikTuru=&sandikNoIlk=&sandikNoSon=&ulkeId=&disTemsilcilikId=&gumrukId=&yurtIciDisi=1&sandikRumuzIlk=&sandikRumuzSon=&secimCevresiId=&sandikId=&sorguTuru=1,https://cbs1.tarimorman.gov.tr/server/rest/services/TATUS/MapServer/12,Recep Tayyip Erdoğan,Recep Tayyip Erdoğan,210901,184287,4875,189162,89.69,85448,0,first,,,Muharrem İnce,Muharrem İnce,40002,Province,TR-50,official,Official YSK domestic province total. Overseas and customs votes are included in the national result but are not assigned to provinces.
Nevşehir,https://acikveri.ysk.gov.tr/api/getSecimSandikSonucList?secimId=16300&secimTuru=9&ilId=&ilceId=&beldeId=&birimId=&muhtarlikId=&cezaeviId=&sandikTuru=&sandikNoIlk=&sandikNoSon=&ulkeId=&disTemsilcilikId=&gumrukId=&yurtIciDisi=1&sandikRumuzIlk=&sandikRumuzSon=&secimCevresiId=&sandikId=&sorguTuru=1,https://cbs1.tarimorman.gov.tr/server/rest/services/TATUS/MapServer/12,Recep Tayyip Erdoğan,Recep Tayyip Erdoğan,210901,184287,4875,189162,89.69,85448,0,first,,,Meral Akşener,Meral Akşener,15649,Province,TR-50,official,Official YSK domestic province total. Overseas and customs votes are included in the national result but are not assigned to provinces.
Nevşehir,https://acikveri.ysk.gov.tr/api/getSecimSandikSonucList?secimId=16300&secimTuru=9&ilId=&ilceId=&beldeId=&birimId=&muhtarlikId=&cezaeviId=&sandikTuru=&sandikNoIlk=&sandikNoSon=&ulkeId=&disTemsilcilikId=&gumrukId=&yurtIciDisi=1&sandikRumuzIlk=&sandikRumuzSon=&secimCevresiId=&sandikId=&sorguTuru=1,https://cbs1.tarimorman.gov.tr/server/rest/services/TATUS/MapServer/12,Recep Tayyip Erdoğan,Recep Tayyip Erdoğan,210901,184287,4875,189162,89.69,85448,0,first,,,Temel Karamollaoğlu,Temel Karamollaoğlu,1856,Province,TR-50,official,Official YSK domestic province total. Overseas and customs votes are included in the national result but are not assigned to provinces.
Nevşehir,https://acikveri.ysk.gov.tr/api/getSecimSandikSonucList?secimId=16300&secimTuru=9&ilId=&ilceId=&beldeId=&birimId=&muhtarlikId=&cezaeviId=&sandikTuru=&sandikNoIlk=&sandikNoSon=&ulkeId=&disTemsilcilikId=&gumrukId=&yurtIciDisi=1&sandikRumuzIlk=&sandikRumuzSon=&secimCevresiId=&sandikId=&sorguTuru=1,https://cbs1.tarimorman.gov.tr/server/rest/services/TATUS/MapServer/12,Recep Tayyip Erdoğan,Recep Tayyip Erdoğan,210901,184287,4875,189162,89.69,85448,0,first,,,Selahattin Demirtaş,Selahattin Demirtaş,954,Province,TR-50,official,Official YSK domestic province total. Overseas and customs votes are included in the national result but are not assigned to provinces.
Nevşehir,https://acikveri.ysk.gov.tr/api/getSecimSandikSonucList?secimId=16300&secimTuru=9&ilId=&ilceId=&beldeId=&birimId=&muhtarlikId=&cezaeviId=&sandikTuru=&sandikNoIlk=&sandikNoSon=&ulkeId=&disTemsilcilikId=&gumrukId=&yurtIciDisi=1&sandikRumuzIlk=&sandikRumuzSon=&secimCevresiId=&sandikId=&sorguTuru=1,https://cbs1.tarimorman.gov.tr/server/rest/services/TATUS/MapServer/12,Recep Tayyip Erdoğan,Recep Tayyip Erdoğan,210901,184287,4875,189162,89.69,85448,0,first,,,Doğu Perinçek,Doğu Perinçek,376,Province,TR-50,official,Official YSK domestic province total. Overseas and customs votes are included in the national result but are not assigned to provinces.
Niğde,https://acikveri.ysk.gov.tr/api/getSecimSandikSonucList?secimId=16300&secimTuru=9&ilId=&ilceId=&beldeId=&birimId=&muhtarlikId=&cezaeviId=&sandikTuru=&sandikNoIlk=&sandikNoSon=&ulkeId=&disTemsilcilikId=&gumrukId=&yurtIciDisi=1&sandikRumuzIlk=&sandikRumuzSon=&secimCevresiId=&sandikId=&sorguTuru=1,https://cbs1.tarimorman.gov.tr/server/rest/services/TATUS/MapServer/12,Recep Tayyip Erdoğan,Recep Tayyip Erdoğan,240315,204963,5926,210889,87.76,74897,0,first,,,Recep Tayyip Erdoğan,Recep Tayyip Erdoğan,126270,Province,TR-51,official,Official YSK domestic province total. Overseas and customs votes are included in the national result but are not assigned to provinces.
Niğde,https://acikveri.ysk.gov.tr/api/getSecimSandikSonucList?secimId=16300&secimTuru=9&ilId=&ilceId=&beldeId=&birimId=&muhtarlikId=&cezaeviId=&sandikTuru=&sandikNoIlk=&sandikNoSon=&ulkeId=&disTemsilcilikId=&gumrukId=&yurtIciDisi=1&sandikRumuzIlk=&sandikRumuzSon=&secimCevresiId=&sandikId=&sorguTuru=1,https://cbs1.tarimorman.gov.tr/server/rest/services/TATUS/MapServer/12,Recep Tayyip Erdoğan,Recep Tayyip Erdoğan,240315,204963,5926,210889,87.76,74897,0,first,,,Muharrem İnce,Muharrem İnce,51373,Province,TR-51,official,Official YSK domestic province total. Overseas and customs votes are included in the national result but are not assigned to provinces.
Niğde,https://acikveri.ysk.gov.tr/api/getSecimSandikSonucList?secimId=16300&secimTuru=9&ilId=&ilceId=&beldeId=&birimId=&muhtarlikId=&cezaeviId=&sandikTuru=&sandikNoIlk=&sandikNoSon=&ulkeId=&disTemsilcilikId=&gumrukId=&yurtIciDisi=1&sandikRumuzIlk=&sandikRumuzSon=&secimCevresiId=&sandikId=&sorguTuru=1,https://cbs1.tarimorman.gov.tr/server/rest/services/TATUS/MapServer/12,Recep Tayyip Erdoğan,Recep Tayyip Erdoğan,240315,204963,5926,210889,87.76,74897,0,first,,,Meral Akşener,Meral Akşener,23419,Province,TR-51,official,Official YSK domestic province total. Overseas and customs votes are included in the national result but are not assigned to provinces.
Niğde,https://acikveri.ysk.gov.tr/api/getSecimSandikSonucList?secimId=16300&secimTuru=9&ilId=&ilceId=&beldeId=&birimId=&muhtarlikId=&cezaeviId=&sandikTuru=&sandikNoIlk=&sandikNoSon=&ulkeId=&disTemsilcilikId=&gumrukId=&yurtIciDisi=1&sandikRumuzIlk=&sandikRumuzSon=&secimCevresiId=&sandikId=&sorguTuru=1,https://cbs1.tarimorman.gov.tr/server/rest/services/TATUS/MapServer/12,Recep Tayyip Erdoğan,Recep Tayyip Erdoğan,240315,204963,5926,210889,87.76,74897,0,first,,,Temel Karamollaoğlu,Temel Karamollaoğlu,2073,Province,TR-51,official,Official YSK domestic province total. Overseas and customs votes are included in the national result but are not assigned to provinces.
Niğde,https://acikveri.ysk.gov.tr/api/getSecimSandikSonucList?secimId=16300&secimTuru=9&ilId=&ilceId=&beldeId=&birimId=&muhtarlikId=&cezaeviId=&sandikTuru=&sandikNoIlk=&sandikNoSon=&ulkeId=&disTemsilcilikId=&gumrukId=&yurtIciDisi=1&sandikRumuzIlk=&sandikRumuzSon=&secimCevresiId=&sandikId=&sorguTuru=1,https://cbs1.tarimorman.gov.tr/server/rest/services/TATUS/MapServer/12,Recep Tayyip Erdoğan,Recep Tayyip Erdoğan,240315,204963,5926,210889,87.76,74897,0,first,,,Selahattin Demirtaş,Selahattin Demirtaş,1254,Province,TR-51,official,Official YSK domestic province total. Overseas and customs votes are included in the national result but are not assigned to provinces.
Niğde,https://acikveri.ysk.gov.tr/api/getSecimSandikSonucList?secimId=16300&secimTuru=9&ilId=&ilceId=&beldeId=&birimId=&muhtarlikId=&cezaeviId=&sandikTuru=&sandikNoIlk=&sandikNoSon=&ulkeId=&disTemsilcilikId=&gumrukId=&yurtIciDisi=1&sandikRumuzIlk=&sandikRumuzSon=&secimCevresiId=&sandikId=&sorguTuru=1,https://cbs1.tarimorman.gov.tr/server/rest/services/TATUS/MapServer/12,Recep Tayyip Erdoğan,Recep Tayyip Erdoğan,240315,204963,5926,210889,87.76,74897,0,first,,,Doğu Perinçek,Doğu Perinçek,574,Province,TR-51,official,Official YSK domestic province total. Overseas and customs votes are included in the national result but are not assigned to provinces.
Ordu,https://acikveri.ysk.gov.tr/api/getSecimSandikSonucList?secimId=16300&secimTuru=9&ilId=&ilceId=&beldeId=&birimId=&muhtarlikId=&cezaeviId=&sandikTuru=&sandikNoIlk=&sandikNoSon=&ulkeId=&disTemsilcilikId=&gumrukId=&yurtIciDisi=1&sandikRumuzIlk=&sandikRumuzSon=&secimCevresiId=&sandikId=&sorguTuru=1,https://cbs1.tarimorman.gov.tr/server/rest/services/TATUS/MapServer/12,Recep Tayyip Erdoğan,Recep Tayyip Erdoğan,558478,467571,16712,484283,86.71,183175,0,first,,,Recep Tayyip Erdoğan,Recep Tayyip Erdoğan,304536,Province,TR-52,official,Official YSK domestic province total. Overseas and customs votes are included in the national result but are not assigned to provinces.
Ordu,https://acikveri.ysk.gov.tr/api/getSecimSandikSonucList?secimId=16300&secimTuru=9&ilId=&ilceId=&beldeId=&birimId=&muhtarlikId=&cezaeviId=&sandikTuru=&sandikNoIlk=&sandikNoSon=&ulkeId=&disTemsilcilikId=&gumrukId=&yurtIciDisi=1&sandikRumuzIlk=&sandikRumuzSon=&secimCevresiId=&sandikId=&sorguTuru=1,https://cbs1.tarimorman.gov.tr/server/rest/services/TATUS/MapServer/12,Recep Tayyip Erdoğan,Recep Tayyip Erdoğan,558478,467571,16712,484283,86.71,183175,0,first,,,Muharrem İnce,Muharrem İnce,121361,Province,TR-52,official,Official YSK domestic province total. Overseas and customs votes are included in the national result but are not assigned to provinces.
Ordu,https://acikveri.ysk.gov.tr/api/getSecimSandikSonucList?secimId=16300&secimTuru=9&ilId=&ilceId=&beldeId=&birimId=&muhtarlikId=&cezaeviId=&sandikTuru=&sandikNoIlk=&sandikNoSon=&ulkeId=&disTemsilcilikId=&gumrukId=&yurtIciDisi=1&sandikRumuzIlk=&sandikRumuzSon=&secimCevresiId=&sandikId=&sorguTuru=1,https://cbs1.tarimorman.gov.tr/server/rest/services/TATUS/MapServer/12,Recep Tayyip Erdoğan,Recep Tayyip Erdoğan,558478,467571,16712,484283,86.71,183175,0,first,,,Meral Akşener,Meral Akşener,35402,Province,TR-52,official,Official YSK domestic province total. Overseas and customs votes are included in the national result but are not assigned to provinces.
Ordu,https://acikveri.ysk.gov.tr/api/getSecimSandikSonucList?secimId=16300&secimTuru=9&ilId=&ilceId=&beldeId=&birimId=&muhtarlikId=&cezaeviId=&sandikTuru=&sandikNoIlk=&sandikNoSon=&ulkeId=&disTemsilcilikId=&gumrukId=&yurtIciDisi=1&sandikRumuzIlk=&sandikRumuzSon=&secimCevresiId=&sandikId=&sorguTuru=1,https://cbs1.tarimorman.gov.tr/server/rest/services/TATUS/MapServer/12,Recep Tayyip Erdoğan,Recep Tayyip Erdoğan,558478,467571,16712,484283,86.71,183175,0,first,,,Temel Karamollaoğlu,Temel Karamollaoğlu,3670,Province,TR-52,official,Official YSK domestic province total. Overseas and customs votes are included in the national result but are not assigned to provinces.
Ordu,https://acikveri.ysk.gov.tr/api/getSecimSandikSonucList?secimId=16300&secimTuru=9&ilId=&ilceId=&beldeId=&birimId=&muhtarlikId=&cezaeviId=&sandikTuru=&sandikNoIlk=&sandikNoSon=&ulkeId=&disTemsilcilikId=&gumrukId=&yurtIciDisi=1&sandikRumuzIlk=&sandikRumuzSon=&secimCevresiId=&sandikId=&sorguTuru=1,https://cbs1.tarimorman.gov.tr/server/rest/services/TATUS/MapServer/12,Recep Tayyip Erdoğan,Recep Tayyip Erdoğan,558478,467571,16712,484283,86.71,183175,0,first,,,Selahattin Demirtaş,Selahattin Demirtaş,1419,Province,TR-52,official,Official YSK domestic province total. Overseas and customs votes are included in the national result but are not assigned to provinces.
Ordu,https://acikveri.ysk.gov.tr/api/getSecimSandikSonucList?secimId=16300&secimTuru=9&ilId=&ilceId=&beldeId=&birimId=&muhtarlikId=&cezaeviId=&sandikTuru=&sandikNoIlk=&sandikNoSon=&ulkeId=&disTemsilcilikId=&gumrukId=&yurtIciDisi=1&sandikRumuzIlk=&sandikRumuzSon=&secimCevresiId=&sandikId=&sorguTuru=1,https://cbs1.tarimorman.gov.tr/server/rest/services/TATUS/MapServer/12,Recep Tayyip Erdoğan,Recep Tayyip Erdoğan,558478,467571,16712,484283,86.71,183175,0,first,,,Doğu Perinçek,Doğu Perinçek,1183,Province,TR-52,official,Official YSK domestic province total. Overseas and customs votes are included in the national result but are not assigned to provinces.
Osmaniye,https://acikveri.ysk.gov.tr/api/getSecimSandikSonucList?secimId=16300&secimTuru=9&ilId=&ilceId=&beldeId=&birimId=&muhtarlikId=&cezaeviId=&sandikTuru=&sandikNoIlk=&sandikNoSon=&ulkeId=&disTemsilcilikId=&gumrukId=&yurtIciDisi=1&sandikRumuzIlk=&sandikRumuzSon=&secimCevresiId=&sandikId=&sorguTuru=1,https://cbs1.tarimorman.gov.tr/server/rest/services/TATUS/MapServer/12,Recep Tayyip Erdoğan,Recep Tayyip Erdoğan,358510,299924,8750,308674,86.1,121862,0,first,,,Recep Tayyip Erdoğan,Recep Tayyip Erdoğan,188896,Province,TR-80,official,Official YSK domestic province total. Overseas and customs votes are included in the national result but are not assigned to provinces.
Osmaniye,https://acikveri.ysk.gov.tr/api/getSecimSandikSonucList?secimId=16300&secimTuru=9&ilId=&ilceId=&beldeId=&birimId=&muhtarlikId=&cezaeviId=&sandikTuru=&sandikNoIlk=&sandikNoSon=&ulkeId=&disTemsilcilikId=&gumrukId=&yurtIciDisi=1&sandikRumuzIlk=&sandikRumuzSon=&secimCevresiId=&sandikId=&sorguTuru=1,https://cbs1.tarimorman.gov.tr/server/rest/services/TATUS/MapServer/12,Recep Tayyip Erdoğan,Recep Tayyip Erdoğan,358510,299924,8750,308674,86.1,121862,0,first,,,Muharrem İnce,Muharrem İnce,67034,Province,TR-80,official,Official YSK domestic province total. Overseas and customs votes are included in the national result but are not assigned to provinces.
Osmaniye,https://acikveri.ysk.gov.tr/api/getSecimSandikSonucList?secimId=16300&secimTuru=9&ilId=&ilceId=&beldeId=&birimId=&muhtarlikId=&cezaeviId=&sandikTuru=&sandikNoIlk=&sandikNoSon=&ulkeId=&disTemsilcilikId=&gumrukId=&yurtIciDisi=1&sandikRumuzIlk=&sandikRumuzSon=&secimCevresiId=&sandikId=&sorguTuru=1,https://cbs1.tarimorman.gov.tr/server/rest/services/TATUS/MapServer/12,Recep Tayyip Erdoğan,Recep Tayyip Erdoğan,358510,299924,8750,308674,86.1,121862,0,first,,,Meral Akşener,Meral Akşener,34495,Province,TR-80,official,Official YSK domestic province total. Overseas and customs votes are included in the national result but are not assigned to provinces.
Osmaniye,https://acikveri.ysk.gov.tr/api/getSecimSandikSonucList?secimId=16300&secimTuru=9&ilId=&ilceId=&beldeId=&birimId=&muhtarlikId=&cezaeviId=&sandikTuru=&sandikNoIlk=&sandikNoSon=&ulkeId=&disTemsilcilikId=&gumrukId=&yurtIciDisi=1&sandikRumuzIlk=&sandikRumuzSon=&secimCevresiId=&sandikId=&sorguTuru=1,https://cbs1.tarimorman.gov.tr/server/rest/services/TATUS/MapServer/12,Recep Tayyip Erdoğan,Recep Tayyip Erdoğan,358510,299924,8750,308674,86.1,121862,0,first,,,Selahattin Demirtaş,Selahattin Demirtaş,6550,Province,TR-80,official,Official YSK domestic province total. Overseas and customs votes are included in the national result but are not assigned to provinces.
Osmaniye,https://acikveri.ysk.gov.tr/api/getSecimSandikSonucList?secimId=16300&secimTuru=9&ilId=&ilceId=&beldeId=&birimId=&muhtarlikId=&cezaeviId=&sandikTuru=&sandikNoIlk=&sandikNoSon=&ulkeId=&disTemsilcilikId=&gumrukId=&yurtIciDisi=1&sandikRumuzIlk=&sandikRumuzSon=&secimCevresiId=&sandikId=&sorguTuru=1,https://cbs1.tarimorman.gov.tr/server/rest/services/TATUS/MapServer/12,Recep Tayyip Erdoğan,Recep Tayyip Erdoğan,358510,299924,8750,308674,86.1,121862,0,first,,,Temel Karamollaoğlu,Temel Karamollaoğlu,2333,Province,TR-80,official,Official YSK domestic province total. Overseas and customs votes are included in the national result but are not assigned to provinces.
Osmaniye,https://acikveri.ysk.gov.tr/api/getSecimSandikSonucList?secimId=16300&secimTuru=9&ilId=&ilceId=&beldeId=&birimId=&muhtarlikId=&cezaeviId=&sandikTuru=&sandikNoIlk=&sandikNoSon=&ulkeId=&disTemsilcilikId=&gumrukId=&yurtIciDisi=1&sandikRumuzIlk=&sandikRumuzSon=&secimCevresiId=&sandikId=&sorguTuru=1,https://cbs1.tarimorman.gov.tr/server/rest/services/TATUS/MapServer/12,Recep Tayyip Erdoğan,Recep Tayyip Erdoğan,358510,299924,8750,308674,86.1,121862,0,first,,,Doğu Perinçek,Doğu Perinçek,616,Province,TR-80,official,Official YSK domestic province total. Overseas and customs votes are included in the national result but are not assigned to provinces.
Rize,https://acikveri.ysk.gov.tr/api/getSecimSandikSonucList?secimId=16300&secimTuru=9&ilId=&ilceId=&beldeId=&birimId=&muhtarlikId=&cezaeviId=&sandikTuru=&sandikNoIlk=&sandikNoSon=&ulkeId=&disTemsilcilikId=&gumrukId=&yurtIciDisi=1&sandikRumuzIlk=&sandikRumuzSon=&secimCevresiId=&sandikId=&sorguTuru=1,https://cbs1.tarimorman.gov.tr/server/rest/services/TATUS/MapServer/12,Recep Tayyip Erdoğan,Recep Tayyip Erdoğan,252766,217392,4774,222166,87.89,131045,0,first,,,Recep Tayyip Erdoğan,Recep Tayyip Erdoğan,167216,Province,TR-53,official,Official YSK domestic province total. Overseas and customs votes are included in the national result but are not assigned to provinces.
Rize,https://acikveri.ysk.gov.tr/api/getSecimSandikSonucList?secimId=16300&secimTuru=9&ilId=&ilceId=&beldeId=&birimId=&muhtarlikId=&cezaeviId=&sandikTuru=&sandikNoIlk=&sandikNoSon=&ulkeId=&disTemsilcilikId=&gumrukId=&yurtIciDisi=1&sandikRumuzIlk=&sandikRumuzSon=&secimCevresiId=&sandikId=&sorguTuru=1,https://cbs1.tarimorman.gov.tr/server/rest/services/TATUS/MapServer/12,Recep Tayyip Erdoğan,Recep Tayyip Erdoğan,252766,217392,4774,222166,87.89,131045,0,first,,,Muharrem İnce,Muharrem İnce,36171,Province,TR-53,official,Official YSK domestic province total. Overseas and customs votes are included in the national result but are not assigned to provinces.
Rize,https://acikveri.ysk.gov.tr/api/getSecimSandikSonucList?secimId=16300&secimTuru=9&ilId=&ilceId=&beldeId=&birimId=&muhtarlikId=&cezaeviId=&sandikTuru=&sandikNoIlk=&sandikNoSon=&ulkeId=&disTemsilcilikId=&gumrukId=&yurtIciDisi=1&sandikRumuzIlk=&sandikRumuzSon=&secimCevresiId=&sandikId=&sorguTuru=1,https://cbs1.tarimorman.gov.tr/server/rest/services/TATUS/MapServer/12,Recep Tayyip Erdoğan,Recep Tayyip Erdoğan,252766,217392,4774,222166,87.89,131045,0,first,,,Meral Akşener,Meral Akşener,10199,Province,TR-53,official,Official YSK domestic province total. Overseas and customs votes are included in the national result but are not assigned to provinces.
Rize,https://acikveri.ysk.gov.tr/api/getSecimSandikSonucList?secimId=16300&secimTuru=9&ilId=&ilceId=&beldeId=&birimId=&muhtarlikId=&cezaeviId=&sandikTuru=&sandikNoIlk=&sandikNoSon=&ulkeId=&disTemsilcilikId=&gumrukId=&yurtIciDisi=1&sandikRumuzIlk=&sandikRumuzSon=&secimCevresiId=&sandikId=&sorguTuru=1,https://cbs1.tarimorman.gov.tr/server/rest/services/TATUS/MapServer/12,Recep Tayyip Erdoğan,Recep Tayyip Erdoğan,252766,217392,4774,222166,87.89,131045,0,first,,,Temel Karamollaoğlu,Temel Karamollaoğlu,2784,Province,TR-53,official,Official YSK domestic province total. Overseas and customs votes are included in the national result but are not assigned to provinces.
Rize,https://acikveri.ysk.gov.tr/api/getSecimSandikSonucList?secimId=16300&secimTuru=9&ilId=&ilceId=&beldeId=&birimId=&muhtarlikId=&cezaeviId=&sandikTuru=&sandikNoIlk=&sandikNoSon=&ulkeId=&disTemsilcilikId=&gumrukId=&yurtIciDisi=1&sandikRumuzIlk=&sandikRumuzSon=&secimCevresiId=&sandikId=&sorguTuru=1,https://cbs1.tarimorman.gov.tr/server/rest/services/TATUS/MapServer/12,Recep Tayyip Erdoğan,Recep Tayyip Erdoğan,252766,217392,4774,222166,87.89,131045,0,first,,,Selahattin Demirtaş,Selahattin Demirtaş,649,Province,TR-53,official,Official YSK domestic province total. Overseas and customs votes are included in the national result but are not assigned to provinces.
Rize,https://acikveri.ysk.gov.tr/api/getSecimSandikSonucList?secimId=16300&secimTuru=9&ilId=&ilceId=&beldeId=&birimId=&muhtarlikId=&cezaeviId=&sandikTuru=&sandikNoIlk=&sandikNoSon=&ulkeId=&disTemsilcilikId=&gumrukId=&yurtIciDisi=1&sandikRumuzIlk=&sandikRumuzSon=&secimCevresiId=&sandikId=&sorguTuru=1,https://cbs1.tarimorman.gov.tr/server/rest/services/TATUS/MapServer/12,Recep Tayyip Erdoğan,Recep Tayyip Erdoğan,252766,217392,4774,222166,87.89,131045,0,first,,,Doğu Perinçek,Doğu Perinçek,373,Province,TR-53,official,Official YSK domestic province total. Overseas and customs votes are included in the national result but are not assigned to provinces.
Sakarya,https://acikveri.ysk.gov.tr/api/getSecimSandikSonucList?secimId=16300&secimTuru=9&ilId=&ilceId=&beldeId=&birimId=&muhtarlikId=&cezaeviId=&sandikTuru=&sandikNoIlk=&sandikNoSon=&ulkeId=&disTemsilcilikId=&gumrukId=&yurtIciDisi=1&sandikRumuzIlk=&sandikRumuzSon=&secimCevresiId=&sandikId=&sorguTuru=1,https://cbs1.tarimorman.gov.tr/server/rest/services/TATUS/MapServer/12,Recep Tayyip Erdoğan,Recep Tayyip Erdoğan,705678,623119,14290,637409,90.33,319462,0,first,,,Recep Tayyip Erdoğan,Recep Tayyip Erdoğan,439586,Province,TR-54,official,Official YSK domestic province total. Overseas and customs votes are included in the national result but are not assigned to provinces.
Sakarya,https://acikveri.ysk.gov.tr/api/getSecimSandikSonucList?secimId=16300&secimTuru=9&ilId=&ilceId=&beldeId=&birimId=&muhtarlikId=&cezaeviId=&sandikTuru=&sandikNoIlk=&sandikNoSon=&ulkeId=&disTemsilcilikId=&gumrukId=&yurtIciDisi=1&sandikRumuzIlk=&sandikRumuzSon=&secimCevresiId=&sandikId=&sorguTuru=1,https://cbs1.tarimorman.gov.tr/server/rest/services/TATUS/MapServer/12,Recep Tayyip Erdoğan,Recep Tayyip Erdoğan,705678,623119,14290,637409,90.33,319462,0,first,,,Muharrem İnce,Muharrem İnce,120124,Province,TR-54,official,Official YSK domestic province total. Overseas and customs votes are included in the national result but are not assigned to provinces.
Sakarya,https://acikveri.ysk.gov.tr/api/getSecimSandikSonucList?secimId=16300&secimTuru=9&ilId=&ilceId=&beldeId=&birimId=&muhtarlikId=&cezaeviId=&sandikTuru=&sandikNoIlk=&sandikNoSon=&ulkeId=&disTemsilcilikId=&gumrukId=&yurtIciDisi=1&sandikRumuzIlk=&sandikRumuzSon=&secimCevresiId=&sandikId=&sorguTuru=1,https://cbs1.tarimorman.gov.tr/server/rest/services/TATUS/MapServer/12,Recep Tayyip Erdoğan,Recep Tayyip Erdoğan,705678,623119,14290,637409,90.33,319462,0,first,,,Meral Akşener,Meral Akşener,44480,Province,TR-54,official,Official YSK domestic province total. Overseas and customs votes are included in the national result but are not assigned to provinces.
Sakarya,https://acikveri.ysk.gov.tr/api/getSecimSandikSonucList?secimId=16300&secimTuru=9&ilId=&ilceId=&beldeId=&birimId=&muhtarlikId=&cezaeviId=&sandikTuru=&sandikNoIlk=&sandikNoSon=&ulkeId=&disTemsilcilikId=&gumrukId=&yurtIciDisi=1&sandikRumuzIlk=&sandikRumuzSon=&secimCevresiId=&sandikId=&sorguTuru=1,https://cbs1.tarimorman.gov.tr/server/rest/services/TATUS/MapServer/12,Recep Tayyip Erdoğan,Recep Tayyip Erdoğan,705678,623119,14290,637409,90.33,319462,0,first,,,Selahattin Demirtaş,Selahattin Demirtaş,9229,Province,TR-54,official,Official YSK domestic province total. Overseas and customs votes are included in the national result but are not assigned to provinces.
Sakarya,https://acikveri.ysk.gov.tr/api/getSecimSandikSonucList?secimId=16300&secimTuru=9&ilId=&ilceId=&beldeId=&birimId=&muhtarlikId=&cezaeviId=&sandikTuru=&sandikNoIlk=&sandikNoSon=&ulkeId=&disTemsilcilikId=&gumrukId=&yurtIciDisi=1&sandikRumuzIlk=&sandikRumuzSon=&secimCevresiId=&sandikId=&sorguTuru=1,https://cbs1.tarimorman.gov.tr/server/rest/services/TATUS/MapServer/12,Recep Tayyip Erdoğan,Recep Tayyip Erdoğan,705678,623119,14290,637409,90.33,319462,0,first,,,Temel Karamollaoğlu,Temel Karamollaoğlu,8705,Province,TR-54,official,Official YSK domestic province total. Overseas and customs votes are included in the national result but are not assigned to provinces.
Sakarya,https://acikveri.ysk.gov.tr/api/getSecimSandikSonucList?secimId=16300&secimTuru=9&ilId=&ilceId=&beldeId=&birimId=&muhtarlikId=&cezaeviId=&sandikTuru=&sandikNoIlk=&sandikNoSon=&ulkeId=&disTemsilcilikId=&gumrukId=&yurtIciDisi=1&sandikRumuzIlk=&sandikRumuzSon=&secimCevresiId=&sandikId=&sorguTuru=1,https://cbs1.tarimorman.gov.tr/server/rest/services/TATUS/MapServer/12,Recep Tayyip Erdoğan,Recep Tayyip Erdoğan,705678,623119,14290,637409,90.33,319462,0,first,,,Doğu Perinçek,Doğu Perinçek,995,Province,TR-54,official,Official YSK domestic province total. Overseas and customs votes are included in the national result but are not assigned to provinces.
Samsun,https://acikveri.ysk.gov.tr/api/getSecimSandikSonucList?secimId=16300&secimTuru=9&ilId=&ilceId=&beldeId=&birimId=&muhtarlikId=&cezaeviId=&sandikTuru=&sandikNoIlk=&sandikNoSon=&ulkeId=&disTemsilcilikId=&gumrukId=&yurtIciDisi=1&sandikRumuzIlk=&sandikRumuzSon=&secimCevresiId=&sandikId=&sorguTuru=1,https://cbs1.tarimorman.gov.tr/server/rest/services/TATUS/MapServer/12,Recep Tayyip Erdoğan,Recep Tayyip Erdoğan,960245,825520,23442,848962,88.41,359189,0,first,,,Recep Tayyip Erdoğan,Recep Tayyip Erdoğan,549589,Province,TR-55,official,Official YSK domestic province total. Overseas and customs votes are included in the national result but are not assigned to provinces.
Samsun,https://acikveri.ysk.gov.tr/api/getSecimSandikSonucList?secimId=16300&secimTuru=9&ilId=&ilceId=&beldeId=&birimId=&muhtarlikId=&cezaeviId=&sandikTuru=&sandikNoIlk=&sandikNoSon=&ulkeId=&disTemsilcilikId=&gumrukId=&yurtIciDisi=1&sandikRumuzIlk=&sandikRumuzSon=&secimCevresiId=&sandikId=&sorguTuru=1,https://cbs1.tarimorman.gov.tr/server/rest/services/TATUS/MapServer/12,Recep Tayyip Erdoğan,Recep Tayyip Erdoğan,960245,825520,23442,848962,88.41,359189,0,first,,,Muharrem İnce,Muharrem İnce,190400,Province,TR-55,official,Official YSK domestic province total. Overseas and customs votes are included in the national result but are not assigned to provinces.
Samsun,https://acikveri.ysk.gov.tr/api/getSecimSandikSonucList?secimId=16300&secimTuru=9&ilId=&ilceId=&beldeId=&birimId=&muhtarlikId=&cezaeviId=&sandikTuru=&sandikNoIlk=&sandikNoSon=&ulkeId=&disTemsilcilikId=&gumrukId=&yurtIciDisi=1&sandikRumuzIlk=&sandikRumuzSon=&secimCevresiId=&sandikId=&sorguTuru=1,https://cbs1.tarimorman.gov.tr/server/rest/services/TATUS/MapServer/12,Recep Tayyip Erdoğan,Recep Tayyip Erdoğan,960245,825520,23442,848962,88.41,359189,0,first,,,Meral Akşener,Meral Akşener,73231,Province,TR-55,official,Official YSK domestic province total. Overseas and customs votes are included in the national result but are not assigned to provinces.
Samsun,https://acikveri.ysk.gov.tr/api/getSecimSandikSonucList?secimId=16300&secimTuru=9&ilId=&ilceId=&beldeId=&birimId=&muhtarlikId=&cezaeviId=&sandikTuru=&sandikNoIlk=&sandikNoSon=&ulkeId=&disTemsilcilikId=&gumrukId=&yurtIciDisi=1&sandikRumuzIlk=&sandikRumuzSon=&secimCevresiId=&sandikId=&sorguTuru=1,https://cbs1.tarimorman.gov.tr/server/rest/services/TATUS/MapServer/12,Recep Tayyip Erdoğan,Recep Tayyip Erdoğan,960245,825520,23442,848962,88.41,359189,0,first,,,Temel Karamollaoğlu,Temel Karamollaoğlu,8236,Province,TR-55,official,Official YSK domestic province total. Overseas and customs votes are included in the national result but are not assigned to provinces.
Samsun,https://acikveri.ysk.gov.tr/api/getSecimSandikSonucList?secimId=16300&secimTuru=9&ilId=&ilceId=&beldeId=&birimId=&muhtarlikId=&cezaeviId=&sandikTuru=&sandikNoIlk=&sandikNoSon=&ulkeId=&disTemsilcilikId=&gumrukId=&yurtIciDisi=1&sandikRumuzIlk=&sandikRumuzSon=&secimCevresiId=&sandikId=&sorguTuru=1,https://cbs1.tarimorman.gov.tr/server/rest/services/TATUS/MapServer/12,Recep Tayyip Erdoğan,Recep Tayyip Erdoğan,960245,825520,23442,848962,88.41,359189,0,first,,,Selahattin Demirtaş,Selahattin Demirtaş,2412,Province,TR-55,official,Official YSK domestic province total. Overseas and customs votes are included in the national result but are not assigned to provinces.
Samsun,https://acikveri.ysk.gov.tr/api/getSecimSandikSonucList?secimId=16300&secimTuru=9&ilId=&ilceId=&beldeId=&birimId=&muhtarlikId=&cezaeviId=&sandikTuru=&sandikNoIlk=&sandikNoSon=&ulkeId=&disTemsilcilikId=&gumrukId=&yurtIciDisi=1&sandikRumuzIlk=&sandikRumuzSon=&secimCevresiId=&sandikId=&sorguTuru=1,https://cbs1.tarimorman.gov.tr/server/rest/services/TATUS/MapServer/12,Recep Tayyip Erdoğan,Recep Tayyip Erdoğan,960245,825520,23442,848962,88.41,359189,0,first,,,Doğu Perinçek,Doğu Perinçek,1652,Province,TR-55,official,Official YSK domestic province total. Overseas and customs votes are included in the national result but are not assigned to provinces.
Siirt,https://acikveri.ysk.gov.tr/api/getSecimSandikSonucList?secimId=16300&secimTuru=9&ilId=&ilceId=&beldeId=&birimId=&muhtarlikId=&cezaeviId=&sandikTuru=&sandikNoIlk=&sandikNoSon=&ulkeId=&disTemsilcilikId=&gumrukId=&yurtIciDisi=1&sandikRumuzIlk=&sandikRumuzSon=&secimCevresiId=&sandikId=&sorguTuru=1,https://cbs1.tarimorman.gov.tr/server/rest/services/TATUS/MapServer/12,Selahattin Demirtaş,Selahattin Demirtaş,180215,146916,4695,151611,84.13,9446,0,first,,,Selahattin Demirtaş,Selahattin Demirtaş,72324,Province,TR-56,official,Official YSK domestic province total. Overseas and customs votes are included in the national result but are not assigned to provinces.
Siirt,https://acikveri.ysk.gov.tr/api/getSecimSandikSonucList?secimId=16300&secimTuru=9&ilId=&ilceId=&beldeId=&birimId=&muhtarlikId=&cezaeviId=&sandikTuru=&sandikNoIlk=&sandikNoSon=&ulkeId=&disTemsilcilikId=&gumrukId=&yurtIciDisi=1&sandikRumuzIlk=&sandikRumuzSon=&secimCevresiId=&sandikId=&sorguTuru=1,https://cbs1.tarimorman.gov.tr/server/rest/services/TATUS/MapServer/12,Selahattin Demirtaş,Selahattin Demirtaş,180215,146916,4695,151611,84.13,9446,0,first,,,Recep Tayyip Erdoğan,Recep Tayyip Erdoğan,62878,Province,TR-56,official,Official YSK domestic province total. Overseas and customs votes are included in the national result but are not assigned to provinces.
Siirt,https://acikveri.ysk.gov.tr/api/getSecimSandikSonucList?secimId=16300&secimTuru=9&ilId=&ilceId=&beldeId=&birimId=&muhtarlikId=&cezaeviId=&sandikTuru=&sandikNoIlk=&sandikNoSon=&ulkeId=&disTemsilcilikId=&gumrukId=&yurtIciDisi=1&sandikRumuzIlk=&sandikRumuzSon=&secimCevresiId=&sandikId=&sorguTuru=1,https://cbs1.tarimorman.gov.tr/server/rest/services/TATUS/MapServer/12,Selahattin Demirtaş,Selahattin Demirtaş,180215,146916,4695,151611,84.13,9446,0,first,,,Muharrem İnce,Muharrem İnce,8242,Province,TR-56,official,Official YSK domestic province total. Overseas and customs votes are included in the national result but are not assigned to provinces.
Siirt,https://acikveri.ysk.gov.tr/api/getSecimSandikSonucList?secimId=16300&secimTuru=9&ilId=&ilceId=&beldeId=&birimId=&muhtarlikId=&cezaeviId=&sandikTuru=&sandikNoIlk=&sandikNoSon=&ulkeId=&disTemsilcilikId=&gumrukId=&yurtIciDisi=1&sandikRumuzIlk=&sandikRumuzSon=&secimCevresiId=&sandikId=&sorguTuru=1,https://cbs1.tarimorman.gov.tr/server/rest/services/TATUS/MapServer/12,Selahattin Demirtaş,Selahattin Demirtaş,180215,146916,4695,151611,84.13,9446,0,first,,,Meral Akşener,Meral Akşener,2083,Province,TR-56,official,Official YSK domestic province total. Overseas and customs votes are included in the national result but are not assigned to provinces.
Siirt,https://acikveri.ysk.gov.tr/api/getSecimSandikSonucList?secimId=16300&secimTuru=9&ilId=&ilceId=&beldeId=&birimId=&muhtarlikId=&cezaeviId=&sandikTuru=&sandikNoIlk=&sandikNoSon=&ulkeId=&disTemsilcilikId=&gumrukId=&yurtIciDisi=1&sandikRumuzIlk=&sandikRumuzSon=&secimCevresiId=&sandikId=&sorguTuru=1,https://cbs1.tarimorman.gov.tr/server/rest/services/TATUS/MapServer/12,Selahattin Demirtaş,Selahattin Demirtaş,180215,146916,4695,151611,84.13,9446,0,first,,,Temel Karamollaoğlu,Temel Karamollaoğlu,1239,Province,TR-56,official,Official YSK domestic province total. Overseas and customs votes are included in the national result but are not assigned to provinces.
Siirt,https://acikveri.ysk.gov.tr/api/getSecimSandikSonucList?secimId=16300&secimTuru=9&ilId=&ilceId=&beldeId=&birimId=&muhtarlikId=&cezaeviId=&sandikTuru=&sandikNoIlk=&sandikNoSon=&ulkeId=&disTemsilcilikId=&gumrukId=&yurtIciDisi=1&sandikRumuzIlk=&sandikRumuzSon=&secimCevresiId=&sandikId=&sorguTuru=1,https://cbs1.tarimorman.gov.tr/server/rest/services/TATUS/MapServer/12,Selahattin Demirtaş,Selahattin Demirtaş,180215,146916,4695,151611,84.13,9446,0,first,,,Doğu Perinçek,Doğu Perinçek,150,Province,TR-56,official,Official YSK domestic province total. Overseas and customs votes are included in the national result but are not assigned to provinces.
Sinop,https://acikveri.ysk.gov.tr/api/getSecimSandikSonucList?secimId=16300&secimTuru=9&ilId=&ilceId=&beldeId=&birimId=&muhtarlikId=&cezaeviId=&sandikTuru=&sandikNoIlk=&sandikNoSon=&ulkeId=&disTemsilcilikId=&gumrukId=&yurtIciDisi=1&sandikRumuzIlk=&sandikRumuzSon=&secimCevresiId=&sandikId=&sorguTuru=1,https://cbs1.tarimorman.gov.tr/server/rest/services/TATUS/MapServer/12,Recep Tayyip Erdoğan,Recep Tayyip Erdoğan,160081,134633,5469,140102,87.52,43951,0,first,,,Recep Tayyip Erdoğan,Recep Tayyip Erdoğan,82374,Province,TR-57,official,Official YSK domestic province total. Overseas and customs votes are included in the national result but are not assigned to provinces.
Sinop,https://acikveri.ysk.gov.tr/api/getSecimSandikSonucList?secimId=16300&secimTuru=9&ilId=&ilceId=&beldeId=&birimId=&muhtarlikId=&cezaeviId=&sandikTuru=&sandikNoIlk=&sandikNoSon=&ulkeId=&disTemsilcilikId=&gumrukId=&yurtIciDisi=1&sandikRumuzIlk=&sandikRumuzSon=&secimCevresiId=&sandikId=&sorguTuru=1,https://cbs1.tarimorman.gov.tr/server/rest/services/TATUS/MapServer/12,Recep Tayyip Erdoğan,Recep Tayyip Erdoğan,160081,134633,5469,140102,87.52,43951,0,first,,,Muharrem İnce,Muharrem İnce,38423,Province,TR-57,official,Official YSK domestic province total. Overseas and customs votes are included in the national result but are not assigned to provinces.
Sinop,https://acikveri.ysk.gov.tr/api/getSecimSandikSonucList?secimId=16300&secimTuru=9&ilId=&ilceId=&beldeId=&birimId=&muhtarlikId=&cezaeviId=&sandikTuru=&sandikNoIlk=&sandikNoSon=&ulkeId=&disTemsilcilikId=&gumrukId=&yurtIciDisi=1&sandikRumuzIlk=&sandikRumuzSon=&secimCevresiId=&sandikId=&sorguTuru=1,https://cbs1.tarimorman.gov.tr/server/rest/services/TATUS/MapServer/12,Recep Tayyip Erdoğan,Recep Tayyip Erdoğan,160081,134633,5469,140102,87.52,43951,0,first,,,Meral Akşener,Meral Akşener,11539,Province,TR-57,official,Official YSK domestic province total. Overseas and customs votes are included in the national result but are not assigned to provinces.
Sinop,https://acikveri.ysk.gov.tr/api/getSecimSandikSonucList?secimId=16300&secimTuru=9&ilId=&ilceId=&beldeId=&birimId=&muhtarlikId=&cezaeviId=&sandikTuru=&sandikNoIlk=&sandikNoSon=&ulkeId=&disTemsilcilikId=&gumrukId=&yurtIciDisi=1&sandikRumuzIlk=&sandikRumuzSon=&secimCevresiId=&sandikId=&sorguTuru=1,https://cbs1.tarimorman.gov.tr/server/rest/services/TATUS/MapServer/12,Recep Tayyip Erdoğan,Recep Tayyip Erdoğan,160081,134633,5469,140102,87.52,43951,0,first,,,Temel Karamollaoğlu,Temel Karamollaoğlu,1125,Province,TR-57,official,Official YSK domestic province total. Overseas and customs votes are included in the national result but are not assigned to provinces.
Sinop,https://acikveri.ysk.gov.tr/api/getSecimSandikSonucList?secimId=16300&secimTuru=9&ilId=&ilceId=&beldeId=&birimId=&muhtarlikId=&cezaeviId=&sandikTuru=&sandikNoIlk=&sandikNoSon=&ulkeId=&disTemsilcilikId=&gumrukId=&yurtIciDisi=1&sandikRumuzIlk=&sandikRumuzSon=&secimCevresiId=&sandikId=&sorguTuru=1,https://cbs1.tarimorman.gov.tr/server/rest/services/TATUS/MapServer/12,Recep Tayyip Erdoğan,Recep Tayyip Erdoğan,160081,134633,5469,140102,87.52,43951,0,first,,,Selahattin Demirtaş,Selahattin Demirtaş,639,Province,TR-57,official,Official YSK domestic province total. Overseas and customs votes are included in the national result but are not assigned to provinces.
Sinop,https://acikveri.ysk.gov.tr/api/getSecimSandikSonucList?secimId=16300&secimTuru=9&ilId=&ilceId=&beldeId=&birimId=&muhtarlikId=&cezaeviId=&sandikTuru=&sandikNoIlk=&sandikNoSon=&ulkeId=&disTemsilcilikId=&gumrukId=&yurtIciDisi=1&sandikRumuzIlk=&sandikRumuzSon=&secimCevresiId=&sandikId=&sorguTuru=1,https://cbs1.tarimorman.gov.tr/server/rest/services/TATUS/MapServer/12,Recep Tayyip Erdoğan,Recep Tayyip Erdoğan,160081,134633,5469,140102,87.52,43951,0,first,,,Doğu Perinçek,Doğu Perinçek,533,Province,TR-57,official,Official YSK domestic province total. Overseas and customs votes are included in the national result but are not assigned to provinces.
Sivas,https://acikveri.ysk.gov.tr/api/getSecimSandikSonucList?secimId=16300&secimTuru=9&ilId=&ilceId=&beldeId=&birimId=&muhtarlikId=&cezaeviId=&sandikTuru=&sandikNoIlk=&sandikNoSon=&ulkeId=&disTemsilcilikId=&gumrukId=&yurtIciDisi=1&sandikRumuzIlk=&sandikRumuzSon=&secimCevresiId=&sandikId=&sorguTuru=1,https://cbs1.tarimorman.gov.tr/server/rest/services/TATUS/MapServer/12,Recep Tayyip Erdoğan,Recep Tayyip Erdoğan,450597,394669,9659,404328,89.73,206774,0,first,,,Recep Tayyip Erdoğan,Recep Tayyip Erdoğan,284958,Province,TR-58,official,Official YSK domestic province total. Overseas and customs votes are included in the national result but are not assigned to provinces.
Sivas,https://acikveri.ysk.gov.tr/api/getSecimSandikSonucList?secimId=16300&secimTuru=9&ilId=&ilceId=&beldeId=&birimId=&muhtarlikId=&cezaeviId=&sandikTuru=&sandikNoIlk=&sandikNoSon=&ulkeId=&disTemsilcilikId=&gumrukId=&yurtIciDisi=1&sandikRumuzIlk=&sandikRumuzSon=&secimCevresiId=&sandikId=&sorguTuru=1,https://cbs1.tarimorman.gov.tr/server/rest/services/TATUS/MapServer/12,Recep Tayyip Erdoğan,Recep Tayyip Erdoğan,450597,394669,9659,404328,89.73,206774,0,first,,,Muharrem İnce,Muharrem İnce,78184,Province,TR-58,official,Official YSK domestic province total. Overseas and customs votes are included in the national result but are not assigned to provinces.
Sivas,https://acikveri.ysk.gov.tr/api/getSecimSandikSonucList?secimId=16300&secimTuru=9&ilId=&ilceId=&beldeId=&birimId=&muhtarlikId=&cezaeviId=&sandikTuru=&sandikNoIlk=&sandikNoSon=&ulkeId=&disTemsilcilikId=&gumrukId=&yurtIciDisi=1&sandikRumuzIlk=&sandikRumuzSon=&secimCevresiId=&sandikId=&sorguTuru=1,https://cbs1.tarimorman.gov.tr/server/rest/services/TATUS/MapServer/12,Recep Tayyip Erdoğan,Recep Tayyip Erdoğan,450597,394669,9659,404328,89.73,206774,0,first,,,Meral Akşener,Meral Akşener,24215,Province,TR-58,official,Official YSK domestic province total. Overseas and customs votes are included in the national result but are not assigned to provinces.
Sivas,https://acikveri.ysk.gov.tr/api/getSecimSandikSonucList?secimId=16300&secimTuru=9&ilId=&ilceId=&beldeId=&birimId=&muhtarlikId=&cezaeviId=&sandikTuru=&sandikNoIlk=&sandikNoSon=&ulkeId=&disTemsilcilikId=&gumrukId=&yurtIciDisi=1&sandikRumuzIlk=&sandikRumuzSon=&secimCevresiId=&sandikId=&sorguTuru=1,https://cbs1.tarimorman.gov.tr/server/rest/services/TATUS/MapServer/12,Recep Tayyip Erdoğan,Recep Tayyip Erdoğan,450597,394669,9659,404328,89.73,206774,0,first,,,Temel Karamollaoğlu,Temel Karamollaoğlu,5443,Province,TR-58,official,Official YSK domestic province total. Overseas and customs votes are included in the national result but are not assigned to provinces.
Sivas,https://acikveri.ysk.gov.tr/api/getSecimSandikSonucList?secimId=16300&secimTuru=9&ilId=&ilceId=&beldeId=&birimId=&muhtarlikId=&cezaeviId=&sandikTuru=&sandikNoIlk=&sandikNoSon=&ulkeId=&disTemsilcilikId=&gumrukId=&yurtIciDisi=1&sandikRumuzIlk=&sandikRumuzSon=&secimCevresiId=&sandikId=&sorguTuru=1,https://cbs1.tarimorman.gov.tr/server/rest/services/TATUS/MapServer/12,Recep Tayyip Erdoğan,Recep Tayyip Erdoğan,450597,394669,9659,404328,89.73,206774,0,first,,,Selahattin Demirtaş,Selahattin Demirtaş,1325,Province,TR-58,official,Official YSK domestic province total. Overseas and customs votes are included in the national result but are not assigned to provinces.
Sivas,https://acikveri.ysk.gov.tr/api/getSecimSandikSonucList?secimId=16300&secimTuru=9&ilId=&ilceId=&beldeId=&birimId=&muhtarlikId=&cezaeviId=&sandikTuru=&sandikNoIlk=&sandikNoSon=&ulkeId=&disTemsilcilikId=&gumrukId=&yurtIciDisi=1&sandikRumuzIlk=&sandikRumuzSon=&secimCevresiId=&sandikId=&sorguTuru=1,https://cbs1.tarimorman.gov.tr/server/rest/services/TATUS/MapServer/12,Recep Tayyip Erdoğan,Recep Tayyip Erdoğan,450597,394669,9659,404328,89.73,206774,0,first,,,Doğu Perinçek,Doğu Perinçek,544,Province,TR-58,official,Official YSK domestic province total. Overseas and customs votes are included in the national result but are not assigned to provinces.
Şanlıurfa,https://acikveri.ysk.gov.tr/api/getSecimSandikSonucList?secimId=16300&secimTuru=9&ilId=&ilceId=&beldeId=&birimId=&muhtarlikId=&cezaeviId=&sandikTuru=&sandikNoIlk=&sandikNoSon=&ulkeId=&disTemsilcilikId=&gumrukId=&yurtIciDisi=1&sandikRumuzIlk=&sandikRumuzSon=&secimCevresiId=&sandikId=&sorguTuru=1,https://cbs1.tarimorman.gov.tr/server/rest/services/TATUS/MapServer/12,Recep Tayyip Erdoğan,Recep Tayyip Erdoğan,1063482,845649,18801,864450,81.28,339157,0,first,,,Recep Tayyip Erdoğan,Recep Tayyip Erdoğan,548005,Province,TR-63,official,Official YSK domestic province total. Overseas and customs votes are included in the national result but are not assigned to provinces.
Şanlıurfa,https://acikveri.ysk.gov.tr/api/getSecimSandikSonucList?secimId=16300&secimTuru=9&ilId=&ilceId=&beldeId=&birimId=&muhtarlikId=&cezaeviId=&sandikTuru=&sandikNoIlk=&sandikNoSon=&ulkeId=&disTemsilcilikId=&gumrukId=&yurtIciDisi=1&sandikRumuzIlk=&sandikRumuzSon=&secimCevresiId=&sandikId=&sorguTuru=1,https://cbs1.tarimorman.gov.tr/server/rest/services/TATUS/MapServer/12,Recep Tayyip Erdoğan,Recep Tayyip Erdoğan,1063482,845649,18801,864450,81.28,339157,0,first,,,Selahattin Demirtaş,Selahattin Demirtaş,208848,Province,TR-63,official,Official YSK domestic province total. Overseas and customs votes are included in the national result but are not assigned to provinces.
Şanlıurfa,https://acikveri.ysk.gov.tr/api/getSecimSandikSonucList?secimId=16300&secimTuru=9&ilId=&ilceId=&beldeId=&birimId=&muhtarlikId=&cezaeviId=&sandikTuru=&sandikNoIlk=&sandikNoSon=&ulkeId=&disTemsilcilikId=&gumrukId=&yurtIciDisi=1&sandikRumuzIlk=&sandikRumuzSon=&secimCevresiId=&sandikId=&sorguTuru=1,https://cbs1.tarimorman.gov.tr/server/rest/services/TATUS/MapServer/12,Recep Tayyip Erdoğan,Recep Tayyip Erdoğan,1063482,845649,18801,864450,81.28,339157,0,first,,,Muharrem İnce,Muharrem İnce,68988,Province,TR-63,official,Official YSK domestic province total. Overseas and customs votes are included in the national result but are not assigned to provinces.
Şanlıurfa,https://acikveri.ysk.gov.tr/api/getSecimSandikSonucList?secimId=16300&secimTuru=9&ilId=&ilceId=&beldeId=&birimId=&muhtarlikId=&cezaeviId=&sandikTuru=&sandikNoIlk=&sandikNoSon=&ulkeId=&disTemsilcilikId=&gumrukId=&yurtIciDisi=1&sandikRumuzIlk=&sandikRumuzSon=&secimCevresiId=&sandikId=&sorguTuru=1,https://cbs1.tarimorman.gov.tr/server/rest/services/TATUS/MapServer/12,Recep Tayyip Erdoğan,Recep Tayyip Erdoğan,1063482,845649,18801,864450,81.28,339157,0,first,,,Meral Akşener,Meral Akşener,11581,Province,TR-63,official,Official YSK domestic province total. Overseas and customs votes are included in the national result but are not assigned to provinces.
Şanlıurfa,https://acikveri.ysk.gov.tr/api/getSecimSandikSonucList?secimId=16300&secimTuru=9&ilId=&ilceId=&beldeId=&birimId=&muhtarlikId=&cezaeviId=&sandikTuru=&sandikNoIlk=&sandikNoSon=&ulkeId=&disTemsilcilikId=&gumrukId=&yurtIciDisi=1&sandikRumuzIlk=&sandikRumuzSon=&secimCevresiId=&sandikId=&sorguTuru=1,https://cbs1.tarimorman.gov.tr/server/rest/services/TATUS/MapServer/12,Recep Tayyip Erdoğan,Recep Tayyip Erdoğan,1063482,845649,18801,864450,81.28,339157,0,first,,,Temel Karamollaoğlu,Temel Karamollaoğlu,7213,Province,TR-63,official,Official YSK domestic province total. Overseas and customs votes are included in the national result but are not assigned to provinces.
Şanlıurfa,https://acikveri.ysk.gov.tr/api/getSecimSandikSonucList?secimId=16300&secimTuru=9&ilId=&ilceId=&beldeId=&birimId=&muhtarlikId=&cezaeviId=&sandikTuru=&sandikNoIlk=&sandikNoSon=&ulkeId=&disTemsilcilikId=&gumrukId=&yurtIciDisi=1&sandikRumuzIlk=&sandikRumuzSon=&secimCevresiId=&sandikId=&sorguTuru=1,https://cbs1.tarimorman.gov.tr/server/rest/services/TATUS/MapServer/12,Recep Tayyip Erdoğan,Recep Tayyip Erdoğan,1063482,845649,18801,864450,81.28,339157,0,first,,,Doğu Perinçek,Doğu Perinçek,1014,Province,TR-63,official,Official YSK domestic province total. Overseas and customs votes are included in the national result but are not assigned to provinces.
Şırnak,https://acikveri.ysk.gov.tr/api/getSecimSandikSonucList?secimId=16300&secimTuru=9&ilId=&ilceId=&beldeId=&birimId=&muhtarlikId=&cezaeviId=&sandikTuru=&sandikNoIlk=&sandikNoSon=&ulkeId=&disTemsilcilikId=&gumrukId=&yurtIciDisi=1&sandikRumuzIlk=&sandikRumuzSon=&secimCevresiId=&sandikId=&sorguTuru=1,https://cbs1.tarimorman.gov.tr/server/rest/services/TATUS/MapServer/12,Selahattin Demirtaş,Selahattin Demirtaş,268840,227293,6315,233608,86.89,115598,0,first,,,Selahattin Demirtaş,Selahattin Demirtaş,163797,Province,TR-73,official,Official YSK domestic province total. Overseas and customs votes are included in the national result but are not assigned to provinces.
Şırnak,https://acikveri.ysk.gov.tr/api/getSecimSandikSonucList?secimId=16300&secimTuru=9&ilId=&ilceId=&beldeId=&birimId=&muhtarlikId=&cezaeviId=&sandikTuru=&sandikNoIlk=&sandikNoSon=&ulkeId=&disTemsilcilikId=&gumrukId=&yurtIciDisi=1&sandikRumuzIlk=&sandikRumuzSon=&secimCevresiId=&sandikId=&sorguTuru=1,https://cbs1.tarimorman.gov.tr/server/rest/services/TATUS/MapServer/12,Selahattin Demirtaş,Selahattin Demirtaş,268840,227293,6315,233608,86.89,115598,0,first,,,Recep Tayyip Erdoğan,Recep Tayyip Erdoğan,48199,Province,TR-73,official,Official YSK domestic province total. Overseas and customs votes are included in the national result but are not assigned to provinces.
Şırnak,https://acikveri.ysk.gov.tr/api/getSecimSandikSonucList?secimId=16300&secimTuru=9&ilId=&ilceId=&beldeId=&birimId=&muhtarlikId=&cezaeviId=&sandikTuru=&sandikNoIlk=&sandikNoSon=&ulkeId=&disTemsilcilikId=&gumrukId=&yurtIciDisi=1&sandikRumuzIlk=&sandikRumuzSon=&secimCevresiId=&sandikId=&sorguTuru=1,https://cbs1.tarimorman.gov.tr/server/rest/services/TATUS/MapServer/12,Selahattin Demirtaş,Selahattin Demirtaş,268840,227293,6315,233608,86.89,115598,0,first,,,Muharrem İnce,Muharrem İnce,11149,Province,TR-73,official,Official YSK domestic province total. Overseas and customs votes are included in the national result but are not assigned to provinces.
Şırnak,https://acikveri.ysk.gov.tr/api/getSecimSandikSonucList?secimId=16300&secimTuru=9&ilId=&ilceId=&beldeId=&birimId=&muhtarlikId=&cezaeviId=&sandikTuru=&sandikNoIlk=&sandikNoSon=&ulkeId=&disTemsilcilikId=&gumrukId=&yurtIciDisi=1&sandikRumuzIlk=&sandikRumuzSon=&secimCevresiId=&sandikId=&sorguTuru=1,https://cbs1.tarimorman.gov.tr/server/rest/services/TATUS/MapServer/12,Selahattin Demirtaş,Selahattin Demirtaş,268840,227293,6315,233608,86.89,115598,0,first,,,Meral Akşener,Meral Akşener,3101,Province,TR-73,official,Official YSK domestic province total. Overseas and customs votes are included in the national result but are not assigned to provinces.
Şırnak,https://acikveri.ysk.gov.tr/api/getSecimSandikSonucList?secimId=16300&secimTuru=9&ilId=&ilceId=&beldeId=&birimId=&muhtarlikId=&cezaeviId=&sandikTuru=&sandikNoIlk=&sandikNoSon=&ulkeId=&disTemsilcilikId=&gumrukId=&yurtIciDisi=1&sandikRumuzIlk=&sandikRumuzSon=&secimCevresiId=&sandikId=&sorguTuru=1,https://cbs1.tarimorman.gov.tr/server/rest/services/TATUS/MapServer/12,Selahattin Demirtaş,Selahattin Demirtaş,268840,227293,6315,233608,86.89,115598,0,first,,,Temel Karamollaoğlu,Temel Karamollaoğlu,872,Province,TR-73,official,Official YSK domestic province total. Overseas and customs votes are included in the national result but are not assigned to provinces.
Şırnak,https://acikveri.ysk.gov.tr/api/getSecimSandikSonucList?secimId=16300&secimTuru=9&ilId=&ilceId=&beldeId=&birimId=&muhtarlikId=&cezaeviId=&sandikTuru=&sandikNoIlk=&sandikNoSon=&ulkeId=&disTemsilcilikId=&gumrukId=&yurtIciDisi=1&sandikRumuzIlk=&sandikRumuzSon=&secimCevresiId=&sandikId=&sorguTuru=1,https://cbs1.tarimorman.gov.tr/server/rest/services/TATUS/MapServer/12,Selahattin Demirtaş,Selahattin Demirtaş,268840,227293,6315,233608,86.89,115598,0,first,,,Doğu Perinçek,Doğu Perinçek,175,Province,TR-73,official,Official YSK domestic province total. Overseas and customs votes are included in the national result but are not assigned to provinces.
Tekirdağ,https://acikveri.ysk.gov.tr/api/getSecimSandikSonucList?secimId=16300&secimTuru=9&ilId=&ilceId=&beldeId=&birimId=&muhtarlikId=&cezaeviId=&sandikTuru=&sandikNoIlk=&sandikNoSon=&ulkeId=&disTemsilcilikId=&gumrukId=&yurtIciDisi=1&sandikRumuzIlk=&sandikRumuzSon=&secimCevresiId=&sandikId=&sorguTuru=1,https://cbs1.tarimorman.gov.tr/server/rest/services/TATUS/MapServer/12,Muharrem İnce,Muharrem İnce,737697,645078,12356,657434,89.12,44429,0,first,,,Muharrem İnce,Muharrem İnce,304474,Province,TR-59,official,Official YSK domestic province total. Overseas and customs votes are included in the national result but are not assigned to provinces.
Tekirdağ,https://acikveri.ysk.gov.tr/api/getSecimSandikSonucList?secimId=16300&secimTuru=9&ilId=&ilceId=&beldeId=&birimId=&muhtarlikId=&cezaeviId=&sandikTuru=&sandikNoIlk=&sandikNoSon=&ulkeId=&disTemsilcilikId=&gumrukId=&yurtIciDisi=1&sandikRumuzIlk=&sandikRumuzSon=&secimCevresiId=&sandikId=&sorguTuru=1,https://cbs1.tarimorman.gov.tr/server/rest/services/TATUS/MapServer/12,Muharrem İnce,Muharrem İnce,737697,645078,12356,657434,89.12,44429,0,first,,,Recep Tayyip Erdoğan,Recep Tayyip Erdoğan,260045,Province,TR-59,official,Official YSK domestic province total. Overseas and customs votes are included in the national result but are not assigned to provinces.
Tekirdağ,https://acikveri.ysk.gov.tr/api/getSecimSandikSonucList?secimId=16300&secimTuru=9&ilId=&ilceId=&beldeId=&birimId=&muhtarlikId=&cezaeviId=&sandikTuru=&sandikNoIlk=&sandikNoSon=&ulkeId=&disTemsilcilikId=&gumrukId=&yurtIciDisi=1&sandikRumuzIlk=&sandikRumuzSon=&secimCevresiId=&sandikId=&sorguTuru=1,https://cbs1.tarimorman.gov.tr/server/rest/services/TATUS/MapServer/12,Muharrem İnce,Muharrem İnce,737697,645078,12356,657434,89.12,44429,0,first,,,Meral Akşener,Meral Akşener,48602,Province,TR-59,official,Official YSK domestic province total. Overseas and customs votes are included in the national result but are not assigned to provinces.
Tekirdağ,https://acikveri.ysk.gov.tr/api/getSecimSandikSonucList?secimId=16300&secimTuru=9&ilId=&ilceId=&beldeId=&birimId=&muhtarlikId=&cezaeviId=&sandikTuru=&sandikNoIlk=&sandikNoSon=&ulkeId=&disTemsilcilikId=&gumrukId=&yurtIciDisi=1&sandikRumuzIlk=&sandikRumuzSon=&secimCevresiId=&sandikId=&sorguTuru=1,https://cbs1.tarimorman.gov.tr/server/rest/services/TATUS/MapServer/12,Muharrem İnce,Muharrem İnce,737697,645078,12356,657434,89.12,44429,0,first,,,Selahattin Demirtaş,Selahattin Demirtaş,27588,Province,TR-59,official,Official YSK domestic province total. Overseas and customs votes are included in the national result but are not assigned to provinces.
Tekirdağ,https://acikveri.ysk.gov.tr/api/getSecimSandikSonucList?secimId=16300&secimTuru=9&ilId=&ilceId=&beldeId=&birimId=&muhtarlikId=&cezaeviId=&sandikTuru=&sandikNoIlk=&sandikNoSon=&ulkeId=&disTemsilcilikId=&gumrukId=&yurtIciDisi=1&sandikRumuzIlk=&sandikRumuzSon=&secimCevresiId=&sandikId=&sorguTuru=1,https://cbs1.tarimorman.gov.tr/server/rest/services/TATUS/MapServer/12,Muharrem İnce,Muharrem İnce,737697,645078,12356,657434,89.12,44429,0,first,,,Temel Karamollaoğlu,Temel Karamollaoğlu,3021,Province,TR-59,official,Official YSK domestic province total. Overseas and customs votes are included in the national result but are not assigned to provinces.
Tekirdağ,https://acikveri.ysk.gov.tr/api/getSecimSandikSonucList?secimId=16300&secimTuru=9&ilId=&ilceId=&beldeId=&birimId=&muhtarlikId=&cezaeviId=&sandikTuru=&sandikNoIlk=&sandikNoSon=&ulkeId=&disTemsilcilikId=&gumrukId=&yurtIciDisi=1&sandikRumuzIlk=&sandikRumuzSon=&secimCevresiId=&sandikId=&sorguTuru=1,https://cbs1.tarimorman.gov.tr/server/rest/services/TATUS/MapServer/12,Muharrem İnce,Muharrem İnce,737697,645078,12356,657434,89.12,44429,0,first,,,Doğu Perinçek,Doğu Perinçek,1348,Province,TR-59,official,Official YSK domestic province total. Overseas and customs votes are included in the national result but are not assigned to provinces.
Tokat,https://acikveri.ysk.gov.tr/api/getSecimSandikSonucList?secimId=16300&secimTuru=9&ilId=&ilceId=&beldeId=&birimId=&muhtarlikId=&cezaeviId=&sandikTuru=&sandikNoIlk=&sandikNoSon=&ulkeId=&disTemsilcilikId=&gumrukId=&yurtIciDisi=1&sandikRumuzIlk=&sandikRumuzSon=&secimCevresiId=&sandikId=&sorguTuru=1,https://cbs1.tarimorman.gov.tr/server/rest/services/TATUS/MapServer/12,Recep Tayyip Erdoğan,Recep Tayyip Erdoğan,424187,372384,10130,382514,90.18,146117,0,first,,,Recep Tayyip Erdoğan,Recep Tayyip Erdoğan,240436,Province,TR-60,official,Official YSK domestic province total. Overseas and customs votes are included in the national result but are not assigned to provinces.
Tokat,https://acikveri.ysk.gov.tr/api/getSecimSandikSonucList?secimId=16300&secimTuru=9&ilId=&ilceId=&beldeId=&birimId=&muhtarlikId=&cezaeviId=&sandikTuru=&sandikNoIlk=&sandikNoSon=&ulkeId=&disTemsilcilikId=&gumrukId=&yurtIciDisi=1&sandikRumuzIlk=&sandikRumuzSon=&secimCevresiId=&sandikId=&sorguTuru=1,https://cbs1.tarimorman.gov.tr/server/rest/services/TATUS/MapServer/12,Recep Tayyip Erdoğan,Recep Tayyip Erdoğan,424187,372384,10130,382514,90.18,146117,0,first,,,Muharrem İnce,Muharrem İnce,94319,Province,TR-60,official,Official YSK domestic province total. Overseas and customs votes are included in the national result but are not assigned to provinces.
Tokat,https://acikveri.ysk.gov.tr/api/getSecimSandikSonucList?secimId=16300&secimTuru=9&ilId=&ilceId=&beldeId=&birimId=&muhtarlikId=&cezaeviId=&sandikTuru=&sandikNoIlk=&sandikNoSon=&ulkeId=&disTemsilcilikId=&gumrukId=&yurtIciDisi=1&sandikRumuzIlk=&sandikRumuzSon=&secimCevresiId=&sandikId=&sorguTuru=1,https://cbs1.tarimorman.gov.tr/server/rest/services/TATUS/MapServer/12,Recep Tayyip Erdoğan,Recep Tayyip Erdoğan,424187,372384,10130,382514,90.18,146117,0,first,,,Meral Akşener,Meral Akşener,31891,Province,TR-60,official,Official YSK domestic province total. Overseas and customs votes are included in the national result but are not assigned to provinces.
Tokat,https://acikveri.ysk.gov.tr/api/getSecimSandikSonucList?secimId=16300&secimTuru=9&ilId=&ilceId=&beldeId=&birimId=&muhtarlikId=&cezaeviId=&sandikTuru=&sandikNoIlk=&sandikNoSon=&ulkeId=&disTemsilcilikId=&gumrukId=&yurtIciDisi=1&sandikRumuzIlk=&sandikRumuzSon=&secimCevresiId=&sandikId=&sorguTuru=1,https://cbs1.tarimorman.gov.tr/server/rest/services/TATUS/MapServer/12,Recep Tayyip Erdoğan,Recep Tayyip Erdoğan,424187,372384,10130,382514,90.18,146117,0,first,,,Temel Karamollaoğlu,Temel Karamollaoğlu,3836,Province,TR-60,official,Official YSK domestic province total. Overseas and customs votes are included in the national result but are not assigned to provinces.
Tokat,https://acikveri.ysk.gov.tr/api/getSecimSandikSonucList?secimId=16300&secimTuru=9&ilId=&ilceId=&beldeId=&birimId=&muhtarlikId=&cezaeviId=&sandikTuru=&sandikNoIlk=&sandikNoSon=&ulkeId=&disTemsilcilikId=&gumrukId=&yurtIciDisi=1&sandikRumuzIlk=&sandikRumuzSon=&secimCevresiId=&sandikId=&sorguTuru=1,https://cbs1.tarimorman.gov.tr/server/rest/services/TATUS/MapServer/12,Recep Tayyip Erdoğan,Recep Tayyip Erdoğan,424187,372384,10130,382514,90.18,146117,0,first,,,Selahattin Demirtaş,Selahattin Demirtaş,1274,Province,TR-60,official,Official YSK domestic province total. Overseas and customs votes are included in the national result but are not assigned to provinces.
Tokat,https://acikveri.ysk.gov.tr/api/getSecimSandikSonucList?secimId=16300&secimTuru=9&ilId=&ilceId=&beldeId=&birimId=&muhtarlikId=&cezaeviId=&sandikTuru=&sandikNoIlk=&sandikNoSon=&ulkeId=&disTemsilcilikId=&gumrukId=&yurtIciDisi=1&sandikRumuzIlk=&sandikRumuzSon=&secimCevresiId=&sandikId=&sorguTuru=1,https://cbs1.tarimorman.gov.tr/server/rest/services/TATUS/MapServer/12,Recep Tayyip Erdoğan,Recep Tayyip Erdoğan,424187,372384,10130,382514,90.18,146117,0,first,,,Doğu Perinçek,Doğu Perinçek,628,Province,TR-60,official,Official YSK domestic province total. Overseas and customs votes are included in the national result but are not assigned to provinces.
Trabzon,https://acikveri.ysk.gov.tr/api/getSecimSandikSonucList?secimId=16300&secimTuru=9&ilId=&ilceId=&beldeId=&birimId=&muhtarlikId=&cezaeviId=&sandikTuru=&sandikNoIlk=&sandikNoSon=&ulkeId=&disTemsilcilikId=&gumrukId=&yurtIciDisi=1&sandikRumuzIlk=&sandikRumuzSon=&secimCevresiId=&sandikId=&sorguTuru=1,https://cbs1.tarimorman.gov.tr/server/rest/services/TATUS/MapServer/12,Recep Tayyip Erdoğan,Recep Tayyip Erdoğan,583892,496588,12859,509447,87.25,240792,0,first,,,Recep Tayyip Erdoğan,Recep Tayyip Erdoğan,344414,Province,TR-61,official,Official YSK domestic province total. Overseas and customs votes are included in the national result but are not assigned to provinces.
Trabzon,https://acikveri.ysk.gov.tr/api/getSecimSandikSonucList?secimId=16300&secimTuru=9&ilId=&ilceId=&beldeId=&birimId=&muhtarlikId=&cezaeviId=&sandikTuru=&sandikNoIlk=&sandikNoSon=&ulkeId=&disTemsilcilikId=&gumrukId=&yurtIciDisi=1&sandikRumuzIlk=&sandikRumuzSon=&secimCevresiId=&sandikId=&sorguTuru=1,https://cbs1.tarimorman.gov.tr/server/rest/services/TATUS/MapServer/12,Recep Tayyip Erdoğan,Recep Tayyip Erdoğan,583892,496588,12859,509447,87.25,240792,0,first,,,Muharrem İnce,Muharrem İnce,103622,Province,TR-61,official,Official YSK domestic province total. Overseas and customs votes are included in the national result but are not assigned to provinces.
Trabzon,https://acikveri.ysk.gov.tr/api/getSecimSandikSonucList?secimId=16300&secimTuru=9&ilId=&ilceId=&beldeId=&birimId=&muhtarlikId=&cezaeviId=&sandikTuru=&sandikNoIlk=&sandikNoSon=&ulkeId=&disTemsilcilikId=&gumrukId=&yurtIciDisi=1&sandikRumuzIlk=&sandikRumuzSon=&secimCevresiId=&sandikId=&sorguTuru=1,https://cbs1.tarimorman.gov.tr/server/rest/services/TATUS/MapServer/12,Recep Tayyip Erdoğan,Recep Tayyip Erdoğan,583892,496588,12859,509447,87.25,240792,0,first,,,Meral Akşener,Meral Akşener,37790,Province,TR-61,official,Official YSK domestic province total. Overseas and customs votes are included in the national result but are not assigned to provinces.
Trabzon,https://acikveri.ysk.gov.tr/api/getSecimSandikSonucList?secimId=16300&secimTuru=9&ilId=&ilceId=&beldeId=&birimId=&muhtarlikId=&cezaeviId=&sandikTuru=&sandikNoIlk=&sandikNoSon=&ulkeId=&disTemsilcilikId=&gumrukId=&yurtIciDisi=1&sandikRumuzIlk=&sandikRumuzSon=&secimCevresiId=&sandikId=&sorguTuru=1,https://cbs1.tarimorman.gov.tr/server/rest/services/TATUS/MapServer/12,Recep Tayyip Erdoğan,Recep Tayyip Erdoğan,583892,496588,12859,509447,87.25,240792,0,first,,,Temel Karamollaoğlu,Temel Karamollaoğlu,8322,Province,TR-61,official,Official YSK domestic province total. Overseas and customs votes are included in the national result but are not assigned to provinces.
Trabzon,https://acikveri.ysk.gov.tr/api/getSecimSandikSonucList?secimId=16300&secimTuru=9&ilId=&ilceId=&beldeId=&birimId=&muhtarlikId=&cezaeviId=&sandikTuru=&sandikNoIlk=&sandikNoSon=&ulkeId=&disTemsilcilikId=&gumrukId=&yurtIciDisi=1&sandikRumuzIlk=&sandikRumuzSon=&secimCevresiId=&sandikId=&sorguTuru=1,https://cbs1.tarimorman.gov.tr/server/rest/services/TATUS/MapServer/12,Recep Tayyip Erdoğan,Recep Tayyip Erdoğan,583892,496588,12859,509447,87.25,240792,0,first,,,Selahattin Demirtaş,Selahattin Demirtaş,1465,Province,TR-61,official,Official YSK domestic province total. Overseas and customs votes are included in the national result but are not assigned to provinces.
Trabzon,https://acikveri.ysk.gov.tr/api/getSecimSandikSonucList?secimId=16300&secimTuru=9&ilId=&ilceId=&beldeId=&birimId=&muhtarlikId=&cezaeviId=&sandikTuru=&sandikNoIlk=&sandikNoSon=&ulkeId=&disTemsilcilikId=&gumrukId=&yurtIciDisi=1&sandikRumuzIlk=&sandikRumuzSon=&secimCevresiId=&sandikId=&sorguTuru=1,https://cbs1.tarimorman.gov.tr/server/rest/services/TATUS/MapServer/12,Recep Tayyip Erdoğan,Recep Tayyip Erdoğan,583892,496588,12859,509447,87.25,240792,0,first,,,Doğu Perinçek,Doğu Perinçek,975,Province,TR-61,official,Official YSK domestic province total. Overseas and customs votes are included in the national result but are not assigned to provinces.
Tunceli,https://acikveri.ysk.gov.tr/api/getSecimSandikSonucList?secimId=16300&secimTuru=9&ilId=&ilceId=&beldeId=&birimId=&muhtarlikId=&cezaeviId=&sandikTuru=&sandikNoIlk=&sandikNoSon=&ulkeId=&disTemsilcilikId=&gumrukId=&yurtIciDisi=1&sandikRumuzIlk=&sandikRumuzSon=&secimCevresiId=&sandikId=&sorguTuru=1,https://cbs1.tarimorman.gov.tr/server/rest/services/TATUS/MapServer/12,Muharrem İnce,Muharrem İnce,64299,54195,1324,55519,86.35,20023,0,first,,,Muharrem İnce,Muharrem İnce,31478,Province,TR-62,official,Official YSK domestic province total. Overseas and customs votes are included in the national result but are not assigned to provinces.
Tunceli,https://acikveri.ysk.gov.tr/api/getSecimSandikSonucList?secimId=16300&secimTuru=9&ilId=&ilceId=&beldeId=&birimId=&muhtarlikId=&cezaeviId=&sandikTuru=&sandikNoIlk=&sandikNoSon=&ulkeId=&disTemsilcilikId=&gumrukId=&yurtIciDisi=1&sandikRumuzIlk=&sandikRumuzSon=&secimCevresiId=&sandikId=&sorguTuru=1,https://cbs1.tarimorman.gov.tr/server/rest/services/TATUS/MapServer/12,Muharrem İnce,Muharrem İnce,64299,54195,1324,55519,86.35,20023,0,first,,,Selahattin Demirtaş,Selahattin Demirtaş,11455,Province,TR-62,official,Official YSK domestic province total. Overseas and customs votes are included in the national result but are not assigned to provinces.
Tunceli,https://acikveri.ysk.gov.tr/api/getSecimSandikSonucList?secimId=16300&secimTuru=9&ilId=&ilceId=&beldeId=&birimId=&muhtarlikId=&cezaeviId=&sandikTuru=&sandikNoIlk=&sandikNoSon=&ulkeId=&disTemsilcilikId=&gumrukId=&yurtIciDisi=1&sandikRumuzIlk=&sandikRumuzSon=&secimCevresiId=&sandikId=&sorguTuru=1,https://cbs1.tarimorman.gov.tr/server/rest/services/TATUS/MapServer/12,Muharrem İnce,Muharrem İnce,64299,54195,1324,55519,86.35,20023,0,first,,,Recep Tayyip Erdoğan,Recep Tayyip Erdoğan,10117,Province,TR-62,official,Official YSK domestic province total. Overseas and customs votes are included in the national result but are not assigned to provinces.
Tunceli,https://acikveri.ysk.gov.tr/api/getSecimSandikSonucList?secimId=16300&secimTuru=9&ilId=&ilceId=&beldeId=&birimId=&muhtarlikId=&cezaeviId=&sandikTuru=&sandikNoIlk=&sandikNoSon=&ulkeId=&disTemsilcilikId=&gumrukId=&yurtIciDisi=1&sandikRumuzIlk=&sandikRumuzSon=&secimCevresiId=&sandikId=&sorguTuru=1,https://cbs1.tarimorman.gov.tr/server/rest/services/TATUS/MapServer/12,Muharrem İnce,Muharrem İnce,64299,54195,1324,55519,86.35,20023,0,first,,,Meral Akşener,Meral Akşener,970,Province,TR-62,official,Official YSK domestic province total. Overseas and customs votes are included in the national result but are not assigned to provinces.
Tunceli,https://acikveri.ysk.gov.tr/api/getSecimSandikSonucList?secimId=16300&secimTuru=9&ilId=&ilceId=&beldeId=&birimId=&muhtarlikId=&cezaeviId=&sandikTuru=&sandikNoIlk=&sandikNoSon=&ulkeId=&disTemsilcilikId=&gumrukId=&yurtIciDisi=1&sandikRumuzIlk=&sandikRumuzSon=&secimCevresiId=&sandikId=&sorguTuru=1,https://cbs1.tarimorman.gov.tr/server/rest/services/TATUS/MapServer/12,Muharrem İnce,Muharrem İnce,64299,54195,1324,55519,86.35,20023,0,first,,,Temel Karamollaoğlu,Temel Karamollaoğlu,95,Province,TR-62,official,Official YSK domestic province total. Overseas and customs votes are included in the national result but are not assigned to provinces.
Tunceli,https://acikveri.ysk.gov.tr/api/getSecimSandikSonucList?secimId=16300&secimTuru=9&ilId=&ilceId=&beldeId=&birimId=&muhtarlikId=&cezaeviId=&sandikTuru=&sandikNoIlk=&sandikNoSon=&ulkeId=&disTemsilcilikId=&gumrukId=&yurtIciDisi=1&sandikRumuzIlk=&sandikRumuzSon=&secimCevresiId=&sandikId=&sorguTuru=1,https://cbs1.tarimorman.gov.tr/server/rest/services/TATUS/MapServer/12,Muharrem İnce,Muharrem İnce,64299,54195,1324,55519,86.35,20023,0,first,,,Doğu Perinçek,Doğu Perinçek,80,Province,TR-62,official,Official YSK domestic province total. Overseas and customs votes are included in the national result but are not assigned to provinces.
Uşak,https://acikveri.ysk.gov.tr/api/getSecimSandikSonucList?secimId=16300&secimTuru=9&ilId=&ilceId=&beldeId=&birimId=&muhtarlikId=&cezaeviId=&sandikTuru=&sandikNoIlk=&sandikNoSon=&ulkeId=&disTemsilcilikId=&gumrukId=&yurtIciDisi=1&sandikRumuzIlk=&sandikRumuzSon=&secimCevresiId=&sandikId=&sorguTuru=1,https://cbs1.tarimorman.gov.tr/server/rest/services/TATUS/MapServer/12,Recep Tayyip Erdoğan,Recep Tayyip Erdoğan,266929,235086,7690,242776,90.95,38887,0,first,,,Recep Tayyip Erdoğan,Recep Tayyip Erdoğan,121110,Province,TR-64,official,Official YSK domestic province total. Overseas and customs votes are included in the national result but are not assigned to provinces.
Uşak,https://acikveri.ysk.gov.tr/api/getSecimSandikSonucList?secimId=16300&secimTuru=9&ilId=&ilceId=&beldeId=&birimId=&muhtarlikId=&cezaeviId=&sandikTuru=&sandikNoIlk=&sandikNoSon=&ulkeId=&disTemsilcilikId=&gumrukId=&yurtIciDisi=1&sandikRumuzIlk=&sandikRumuzSon=&secimCevresiId=&sandikId=&sorguTuru=1,https://cbs1.tarimorman.gov.tr/server/rest/services/TATUS/MapServer/12,Recep Tayyip Erdoğan,Recep Tayyip Erdoğan,266929,235086,7690,242776,90.95,38887,0,first,,,Muharrem İnce,Muharrem İnce,82223,Province,TR-64,official,Official YSK domestic province total. Overseas and customs votes are included in the national result but are not assigned to provinces.
Uşak,https://acikveri.ysk.gov.tr/api/getSecimSandikSonucList?secimId=16300&secimTuru=9&ilId=&ilceId=&beldeId=&birimId=&muhtarlikId=&cezaeviId=&sandikTuru=&sandikNoIlk=&sandikNoSon=&ulkeId=&disTemsilcilikId=&gumrukId=&yurtIciDisi=1&sandikRumuzIlk=&sandikRumuzSon=&secimCevresiId=&sandikId=&sorguTuru=1,https://cbs1.tarimorman.gov.tr/server/rest/services/TATUS/MapServer/12,Recep Tayyip Erdoğan,Recep Tayyip Erdoğan,266929,235086,7690,242776,90.95,38887,0,first,,,Meral Akşener,Meral Akşener,26025,Province,TR-64,official,Official YSK domestic province total. Overseas and customs votes are included in the national result but are not assigned to provinces.
Uşak,https://acikveri.ysk.gov.tr/api/getSecimSandikSonucList?secimId=16300&secimTuru=9&ilId=&ilceId=&beldeId=&birimId=&muhtarlikId=&cezaeviId=&sandikTuru=&sandikNoIlk=&sandikNoSon=&ulkeId=&disTemsilcilikId=&gumrukId=&yurtIciDisi=1&sandikRumuzIlk=&sandikRumuzSon=&secimCevresiId=&sandikId=&sorguTuru=1,https://cbs1.tarimorman.gov.tr/server/rest/services/TATUS/MapServer/12,Recep Tayyip Erdoğan,Recep Tayyip Erdoğan,266929,235086,7690,242776,90.95,38887,0,first,,,Selahattin Demirtaş,Selahattin Demirtaş,3029,Province,TR-64,official,Official YSK domestic province total. Overseas and customs votes are included in the national result but are not assigned to provinces.
Uşak,https://acikveri.ysk.gov.tr/api/getSecimSandikSonucList?secimId=16300&secimTuru=9&ilId=&ilceId=&beldeId=&birimId=&muhtarlikId=&cezaeviId=&sandikTuru=&sandikNoIlk=&sandikNoSon=&ulkeId=&disTemsilcilikId=&gumrukId=&yurtIciDisi=1&sandikRumuzIlk=&sandikRumuzSon=&secimCevresiId=&sandikId=&sorguTuru=1,https://cbs1.tarimorman.gov.tr/server/rest/services/TATUS/MapServer/12,Recep Tayyip Erdoğan,Recep Tayyip Erdoğan,266929,235086,7690,242776,90.95,38887,0,first,,,Temel Karamollaoğlu,Temel Karamollaoğlu,2147,Province,TR-64,official,Official YSK domestic province total. Overseas and customs votes are included in the national result but are not assigned to provinces.
Uşak,https://acikveri.ysk.gov.tr/api/getSecimSandikSonucList?secimId=16300&secimTuru=9&ilId=&ilceId=&beldeId=&birimId=&muhtarlikId=&cezaeviId=&sandikTuru=&sandikNoIlk=&sandikNoSon=&ulkeId=&disTemsilcilikId=&gumrukId=&yurtIciDisi=1&sandikRumuzIlk=&sandikRumuzSon=&secimCevresiId=&sandikId=&sorguTuru=1,https://cbs1.tarimorman.gov.tr/server/rest/services/TATUS/MapServer/12,Recep Tayyip Erdoğan,Recep Tayyip Erdoğan,266929,235086,7690,242776,90.95,38887,0,first,,,Doğu Perinçek,Doğu Perinçek,552,Province,TR-64,official,Official YSK domestic province total. Overseas and customs votes are included in the national result but are not assigned to provinces.
Van,https://acikveri.ysk.gov.tr/api/getSecimSandikSonucList?secimId=16300&secimTuru=9&ilId=&ilceId=&beldeId=&birimId=&muhtarlikId=&cezaeviId=&sandikTuru=&sandikNoIlk=&sandikNoSon=&ulkeId=&disTemsilcilikId=&gumrukId=&yurtIciDisi=1&sandikRumuzIlk=&sandikRumuzSon=&secimCevresiId=&sandikId=&sorguTuru=1,https://cbs1.tarimorman.gov.tr/server/rest/services/TATUS/MapServer/12,Selahattin Demirtaş,Selahattin Demirtaş,639730,513256,16782,530038,82.85,117795,0,first,,,Selahattin Demirtaş,Selahattin Demirtaş,299653,Province,TR-65,official,Official YSK domestic province total. Overseas and customs votes are included in the national result but are not assigned to provinces.
Van,https://acikveri.ysk.gov.tr/api/getSecimSandikSonucList?secimId=16300&secimTuru=9&ilId=&ilceId=&beldeId=&birimId=&muhtarlikId=&cezaeviId=&sandikTuru=&sandikNoIlk=&sandikNoSon=&ulkeId=&disTemsilcilikId=&gumrukId=&yurtIciDisi=1&sandikRumuzIlk=&sandikRumuzSon=&secimCevresiId=&sandikId=&sorguTuru=1,https://cbs1.tarimorman.gov.tr/server/rest/services/TATUS/MapServer/12,Selahattin Demirtaş,Selahattin Demirtaş,639730,513256,16782,530038,82.85,117795,0,first,,,Recep Tayyip Erdoğan,Recep Tayyip Erdoğan,181858,Province,TR-65,official,Official YSK domestic province total. Overseas and customs votes are included in the national result but are not assigned to provinces.
Van,https://acikveri.ysk.gov.tr/api/getSecimSandikSonucList?secimId=16300&secimTuru=9&ilId=&ilceId=&beldeId=&birimId=&muhtarlikId=&cezaeviId=&sandikTuru=&sandikNoIlk=&sandikNoSon=&ulkeId=&disTemsilcilikId=&gumrukId=&yurtIciDisi=1&sandikRumuzIlk=&sandikRumuzSon=&secimCevresiId=&sandikId=&sorguTuru=1,https://cbs1.tarimorman.gov.tr/server/rest/services/TATUS/MapServer/12,Selahattin Demirtaş,Selahattin Demirtaş,639730,513256,16782,530038,82.85,117795,0,first,,,Muharrem İnce,Muharrem İnce,23260,Province,TR-65,official,Official YSK domestic province total. Overseas and customs votes are included in the national result but are not assigned to provinces.
Van,https://acikveri.ysk.gov.tr/api/getSecimSandikSonucList?secimId=16300&secimTuru=9&ilId=&ilceId=&beldeId=&birimId=&muhtarlikId=&cezaeviId=&sandikTuru=&sandikNoIlk=&sandikNoSon=&ulkeId=&disTemsilcilikId=&gumrukId=&yurtIciDisi=1&sandikRumuzIlk=&sandikRumuzSon=&secimCevresiId=&sandikId=&sorguTuru=1,https://cbs1.tarimorman.gov.tr/server/rest/services/TATUS/MapServer/12,Selahattin Demirtaş,Selahattin Demirtaş,639730,513256,16782,530038,82.85,117795,0,first,,,Meral Akşener,Meral Akşener,4767,Province,TR-65,official,Official YSK domestic province total. Overseas and customs votes are included in the national result but are not assigned to provinces.
Van,https://acikveri.ysk.gov.tr/api/getSecimSandikSonucList?secimId=16300&secimTuru=9&ilId=&ilceId=&beldeId=&birimId=&muhtarlikId=&cezaeviId=&sandikTuru=&sandikNoIlk=&sandikNoSon=&ulkeId=&disTemsilcilikId=&gumrukId=&yurtIciDisi=1&sandikRumuzIlk=&sandikRumuzSon=&secimCevresiId=&sandikId=&sorguTuru=1,https://cbs1.tarimorman.gov.tr/server/rest/services/TATUS/MapServer/12,Selahattin Demirtaş,Selahattin Demirtaş,639730,513256,16782,530038,82.85,117795,0,first,,,Temel Karamollaoğlu,Temel Karamollaoğlu,3177,Province,TR-65,official,Official YSK domestic province total. Overseas and customs votes are included in the national result but are not assigned to provinces.
Van,https://acikveri.ysk.gov.tr/api/getSecimSandikSonucList?secimId=16300&secimTuru=9&ilId=&ilceId=&beldeId=&birimId=&muhtarlikId=&cezaeviId=&sandikTuru=&sandikNoIlk=&sandikNoSon=&ulkeId=&disTemsilcilikId=&gumrukId=&yurtIciDisi=1&sandikRumuzIlk=&sandikRumuzSon=&secimCevresiId=&sandikId=&sorguTuru=1,https://cbs1.tarimorman.gov.tr/server/rest/services/TATUS/MapServer/12,Selahattin Demirtaş,Selahattin Demirtaş,639730,513256,16782,530038,82.85,117795,0,first,,,Doğu Perinçek,Doğu Perinçek,541,Province,TR-65,official,Official YSK domestic province total. Overseas and customs votes are included in the national result but are not assigned to provinces.
Yalova,https://acikveri.ysk.gov.tr/api/getSecimSandikSonucList?secimId=16300&secimTuru=9&ilId=&ilceId=&beldeId=&birimId=&muhtarlikId=&cezaeviId=&sandikTuru=&sandikNoIlk=&sandikNoSon=&ulkeId=&disTemsilcilikId=&gumrukId=&yurtIciDisi=1&sandikRumuzIlk=&sandikRumuzSon=&secimCevresiId=&sandikId=&sorguTuru=1,https://cbs1.tarimorman.gov.tr/server/rest/services/TATUS/MapServer/12,Recep Tayyip Erdoğan,Recep Tayyip Erdoğan,178253,152024,3121,155145,87.04,17500,0,first,,,Recep Tayyip Erdoğan,Recep Tayyip Erdoğan,76570,Province,TR-77,official,Official YSK domestic province total. Overseas and customs votes are included in the national result but are not assigned to provinces.
Yalova,https://acikveri.ysk.gov.tr/api/getSecimSandikSonucList?secimId=16300&secimTuru=9&ilId=&ilceId=&beldeId=&birimId=&muhtarlikId=&cezaeviId=&sandikTuru=&sandikNoIlk=&sandikNoSon=&ulkeId=&disTemsilcilikId=&gumrukId=&yurtIciDisi=1&sandikRumuzIlk=&sandikRumuzSon=&secimCevresiId=&sandikId=&sorguTuru=1,https://cbs1.tarimorman.gov.tr/server/rest/services/TATUS/MapServer/12,Recep Tayyip Erdoğan,Recep Tayyip Erdoğan,178253,152024,3121,155145,87.04,17500,0,first,,,Muharrem İnce,Muharrem İnce,59070,Province,TR-77,official,Official YSK domestic province total. Overseas and customs votes are included in the national result but are not assigned to provinces.
Yalova,https://acikveri.ysk.gov.tr/api/getSecimSandikSonucList?secimId=16300&secimTuru=9&ilId=&ilceId=&beldeId=&birimId=&muhtarlikId=&cezaeviId=&sandikTuru=&sandikNoIlk=&sandikNoSon=&ulkeId=&disTemsilcilikId=&gumrukId=&yurtIciDisi=1&sandikRumuzIlk=&sandikRumuzSon=&secimCevresiId=&sandikId=&sorguTuru=1,https://cbs1.tarimorman.gov.tr/server/rest/services/TATUS/MapServer/12,Recep Tayyip Erdoğan,Recep Tayyip Erdoğan,178253,152024,3121,155145,87.04,17500,0,first,,,Selahattin Demirtaş,Selahattin Demirtaş,7442,Province,TR-77,official,Official YSK domestic province total. Overseas and customs votes are included in the national result but are not assigned to provinces.
Yalova,https://acikveri.ysk.gov.tr/api/getSecimSandikSonucList?secimId=16300&secimTuru=9&ilId=&ilceId=&beldeId=&birimId=&muhtarlikId=&cezaeviId=&sandikTuru=&sandikNoIlk=&sandikNoSon=&ulkeId=&disTemsilcilikId=&gumrukId=&yurtIciDisi=1&sandikRumuzIlk=&sandikRumuzSon=&secimCevresiId=&sandikId=&sorguTuru=1,https://cbs1.tarimorman.gov.tr/server/rest/services/TATUS/MapServer/12,Recep Tayyip Erdoğan,Recep Tayyip Erdoğan,178253,152024,3121,155145,87.04,17500,0,first,,,Meral Akşener,Meral Akşener,7269,Province,TR-77,official,Official YSK domestic province total. Overseas and customs votes are included in the national result but are not assigned to provinces.
Yalova,https://acikveri.ysk.gov.tr/api/getSecimSandikSonucList?secimId=16300&secimTuru=9&ilId=&ilceId=&beldeId=&birimId=&muhtarlikId=&cezaeviId=&sandikTuru=&sandikNoIlk=&sandikNoSon=&ulkeId=&disTemsilcilikId=&gumrukId=&yurtIciDisi=1&sandikRumuzIlk=&sandikRumuzSon=&secimCevresiId=&sandikId=&sorguTuru=1,https://cbs1.tarimorman.gov.tr/server/rest/services/TATUS/MapServer/12,Recep Tayyip Erdoğan,Recep Tayyip Erdoğan,178253,152024,3121,155145,87.04,17500,0,first,,,Temel Karamollaoğlu,Temel Karamollaoğlu,1416,Province,TR-77,official,Official YSK domestic province total. Overseas and customs votes are included in the national result but are not assigned to provinces.
Yalova,https://acikveri.ysk.gov.tr/api/getSecimSandikSonucList?secimId=16300&secimTuru=9&ilId=&ilceId=&beldeId=&birimId=&muhtarlikId=&cezaeviId=&sandikTuru=&sandikNoIlk=&sandikNoSon=&ulkeId=&disTemsilcilikId=&gumrukId=&yurtIciDisi=1&sandikRumuzIlk=&sandikRumuzSon=&secimCevresiId=&sandikId=&sorguTuru=1,https://cbs1.tarimorman.gov.tr/server/rest/services/TATUS/MapServer/12,Recep Tayyip Erdoğan,Recep Tayyip Erdoğan,178253,152024,3121,155145,87.04,17500,0,first,,,Doğu Perinçek,Doğu Perinçek,257,Province,TR-77,official,Official YSK domestic province total. Overseas and customs votes are included in the national result but are not assigned to provinces.
Yozgat,https://acikveri.ysk.gov.tr/api/getSecimSandikSonucList?secimId=16300&secimTuru=9&ilId=&ilceId=&beldeId=&birimId=&muhtarlikId=&cezaeviId=&sandikTuru=&sandikNoIlk=&sandikNoSon=&ulkeId=&disTemsilcilikId=&gumrukId=&yurtIciDisi=1&sandikRumuzIlk=&sandikRumuzSon=&secimCevresiId=&sandikId=&sorguTuru=1,https://cbs1.tarimorman.gov.tr/server/rest/services/TATUS/MapServer/12,Recep Tayyip Erdoğan,Recep Tayyip Erdoğan,296869,249065,6997,256062,86.25,151327,0,first,,,Recep Tayyip Erdoğan,Recep Tayyip Erdoğan,188028,Province,TR-66,official,Official YSK domestic province total. Overseas and customs votes are included in the national result but are not assigned to provinces.
Yozgat,https://acikveri.ysk.gov.tr/api/getSecimSandikSonucList?secimId=16300&secimTuru=9&ilId=&ilceId=&beldeId=&birimId=&muhtarlikId=&cezaeviId=&sandikTuru=&sandikNoIlk=&sandikNoSon=&ulkeId=&disTemsilcilikId=&gumrukId=&yurtIciDisi=1&sandikRumuzIlk=&sandikRumuzSon=&secimCevresiId=&sandikId=&sorguTuru=1,https://cbs1.tarimorman.gov.tr/server/rest/services/TATUS/MapServer/12,Recep Tayyip Erdoğan,Recep Tayyip Erdoğan,296869,249065,6997,256062,86.25,151327,0,first,,,Muharrem İnce,Muharrem İnce,36701,Province,TR-66,official,Official YSK domestic province total. Overseas and customs votes are included in the national result but are not assigned to provinces.
Yozgat,https://acikveri.ysk.gov.tr/api/getSecimSandikSonucList?secimId=16300&secimTuru=9&ilId=&ilceId=&beldeId=&birimId=&muhtarlikId=&cezaeviId=&sandikTuru=&sandikNoIlk=&sandikNoSon=&ulkeId=&disTemsilcilikId=&gumrukId=&yurtIciDisi=1&sandikRumuzIlk=&sandikRumuzSon=&secimCevresiId=&sandikId=&sorguTuru=1,https://cbs1.tarimorman.gov.tr/server/rest/services/TATUS/MapServer/12,Recep Tayyip Erdoğan,Recep Tayyip Erdoğan,296869,249065,6997,256062,86.25,151327,0,first,,,Meral Akşener,Meral Akşener,20743,Province,TR-66,official,Official YSK domestic province total. Overseas and customs votes are included in the national result but are not assigned to provinces.
Yozgat,https://acikveri.ysk.gov.tr/api/getSecimSandikSonucList?secimId=16300&secimTuru=9&ilId=&ilceId=&beldeId=&birimId=&muhtarlikId=&cezaeviId=&sandikTuru=&sandikNoIlk=&sandikNoSon=&ulkeId=&disTemsilcilikId=&gumrukId=&yurtIciDisi=1&sandikRumuzIlk=&sandikRumuzSon=&secimCevresiId=&sandikId=&sorguTuru=1,https://cbs1.tarimorman.gov.tr/server/rest/services/TATUS/MapServer/12,Recep Tayyip Erdoğan,Recep Tayyip Erdoğan,296869,249065,6997,256062,86.25,151327,0,first,,,Temel Karamollaoğlu,Temel Karamollaoğlu,2430,Province,TR-66,official,Official YSK domestic province total. Overseas and customs votes are included in the national result but are not assigned to provinces.
Yozgat,https://acikveri.ysk.gov.tr/api/getSecimSandikSonucList?secimId=16300&secimTuru=9&ilId=&ilceId=&beldeId=&birimId=&muhtarlikId=&cezaeviId=&sandikTuru=&sandikNoIlk=&sandikNoSon=&ulkeId=&disTemsilcilikId=&gumrukId=&yurtIciDisi=1&sandikRumuzIlk=&sandikRumuzSon=&secimCevresiId=&sandikId=&sorguTuru=1,https://cbs1.tarimorman.gov.tr/server/rest/services/TATUS/MapServer/12,Recep Tayyip Erdoğan,Recep Tayyip Erdoğan,296869,249065,6997,256062,86.25,151327,0,first,,,Selahattin Demirtaş,Selahattin Demirtaş,798,Province,TR-66,official,Official YSK domestic province total. Overseas and customs votes are included in the national result but are not assigned to provinces.
Yozgat,https://acikveri.ysk.gov.tr/api/getSecimSandikSonucList?secimId=16300&secimTuru=9&ilId=&ilceId=&beldeId=&birimId=&muhtarlikId=&cezaeviId=&sandikTuru=&sandikNoIlk=&sandikNoSon=&ulkeId=&disTemsilcilikId=&gumrukId=&yurtIciDisi=1&sandikRumuzIlk=&sandikRumuzSon=&secimCevresiId=&sandikId=&sorguTuru=1,https://cbs1.tarimorman.gov.tr/server/rest/services/TATUS/MapServer/12,Recep Tayyip Erdoğan,Recep Tayyip Erdoğan,296869,249065,6997,256062,86.25,151327,0,first,,,Doğu Perinçek,Doğu Perinçek,365,Province,TR-66,official,Official YSK domestic province total. Overseas and customs votes are included in the national result but are not assigned to provinces.
Zonguldak,https://acikveri.ysk.gov.tr/api/getSecimSandikSonucList?secimId=16300&secimTuru=9&ilId=&ilceId=&beldeId=&birimId=&muhtarlikId=&cezaeviId=&sandikTuru=&sandikNoIlk=&sandikNoSon=&ulkeId=&disTemsilcilikId=&gumrukId=&yurtIciDisi=1&sandikRumuzIlk=&sandikRumuzSon=&secimCevresiId=&sandikId=&sorguTuru=1,https://cbs1.tarimorman.gov.tr/server/rest/services/TATUS/MapServer/12,Recep Tayyip Erdoğan,Recep Tayyip Erdoğan,447085,378144,14689,392833,87.87,73368,0,first,,,Recep Tayyip Erdoğan,Recep Tayyip Erdoğan,208643,Province,TR-67,official,Official YSK domestic province total. Overseas and customs votes are included in the national result but are not assigned to provinces.
Zonguldak,https://acikveri.ysk.gov.tr/api/getSecimSandikSonucList?secimId=16300&secimTuru=9&ilId=&ilceId=&beldeId=&birimId=&muhtarlikId=&cezaeviId=&sandikTuru=&sandikNoIlk=&sandikNoSon=&ulkeId=&disTemsilcilikId=&gumrukId=&yurtIciDisi=1&sandikRumuzIlk=&sandikRumuzSon=&secimCevresiId=&sandikId=&sorguTuru=1,https://cbs1.tarimorman.gov.tr/server/rest/services/TATUS/MapServer/12,Recep Tayyip Erdoğan,Recep Tayyip Erdoğan,447085,378144,14689,392833,87.87,73368,0,first,,,Muharrem İnce,Muharrem İnce,135275,Province,TR-67,official,Official YSK domestic province total. Overseas and customs votes are included in the national result but are not assigned to provinces.
Zonguldak,https://acikveri.ysk.gov.tr/api/getSecimSandikSonucList?secimId=16300&secimTuru=9&ilId=&ilceId=&beldeId=&birimId=&muhtarlikId=&cezaeviId=&sandikTuru=&sandikNoIlk=&sandikNoSon=&ulkeId=&disTemsilcilikId=&gumrukId=&yurtIciDisi=1&sandikRumuzIlk=&sandikRumuzSon=&secimCevresiId=&sandikId=&sorguTuru=1,https://cbs1.tarimorman.gov.tr/server/rest/services/TATUS/MapServer/12,Recep Tayyip Erdoğan,Recep Tayyip Erdoğan,447085,378144,14689,392833,87.87,73368,0,first,,,Meral Akşener,Meral Akşener,26595,Province,TR-67,official,Official YSK domestic province total. Overseas and customs votes are included in the national result but are not assigned to provinces.
Zonguldak,https://acikveri.ysk.gov.tr/api/getSecimSandikSonucList?secimId=16300&secimTuru=9&ilId=&ilceId=&beldeId=&birimId=&muhtarlikId=&cezaeviId=&sandikTuru=&sandikNoIlk=&sandikNoSon=&ulkeId=&disTemsilcilikId=&gumrukId=&yurtIciDisi=1&sandikRumuzIlk=&sandikRumuzSon=&secimCevresiId=&sandikId=&sorguTuru=1,https://cbs1.tarimorman.gov.tr/server/rest/services/TATUS/MapServer/12,Recep Tayyip Erdoğan,Recep Tayyip Erdoğan,447085,378144,14689,392833,87.87,73368,0,first,,,Temel Karamollaoğlu,Temel Karamollaoğlu,4507,Province,TR-67,official,Official YSK domestic province total. Overseas and customs votes are included in the national result but are not assigned to provinces.
Zonguldak,https://acikveri.ysk.gov.tr/api/getSecimSandikSonucList?secimId=16300&secimTuru=9&ilId=&ilceId=&beldeId=&birimId=&muhtarlikId=&cezaeviId=&sandikTuru=&sandikNoIlk=&sandikNoSon=&ulkeId=&disTemsilcilikId=&gumrukId=&yurtIciDisi=1&sandikRumuzIlk=&sandikRumuzSon=&secimCevresiId=&sandikId=&sorguTuru=1,https://cbs1.tarimorman.gov.tr/server/rest/services/TATUS/MapServer/12,Recep Tayyip Erdoğan,Recep Tayyip Erdoğan,447085,378144,14689,392833,87.87,73368,0,first,,,Selahattin Demirtaş,Selahattin Demirtaş,1915,Province,TR-67,official,Official YSK domestic province total. Overseas and customs votes are included in the national result but are not assigned to provinces.
Zonguldak,https://acikveri.ysk.gov.tr/api/getSecimSandikSonucList?secimId=16300&secimTuru=9&ilId=&ilceId=&beldeId=&birimId=&muhtarlikId=&cezaeviId=&sandikTuru=&sandikNoIlk=&sandikNoSon=&ulkeId=&disTemsilcilikId=&gumrukId=&yurtIciDisi=1&sandikRumuzIlk=&sandikRumuzSon=&secimCevresiId=&sandikId=&sorguTuru=1,https://cbs1.tarimorman.gov.tr/server/rest/services/TATUS/MapServer/12,Recep Tayyip Erdoğan,Recep Tayyip Erdoğan,447085,378144,14689,392833,87.87,73368,0,first,,,Doğu Perinçek,Doğu Perinçek,1209,Province,TR-67,official,Official YSK domestic province total. Overseas and customs votes are included in the national result but are not assigned to provinces.
