{"type":"FeatureCollection","features":[{"type":"Feature","geometry":{"type":"Polygon","coordinates":[[[144.98878,-37.87074],[144.9864,-37.86673],[144.98568,-37.86461],[144.98257,-37.85553],[144.98061,-37.85489],[144.97937,-37.85368],[144.97753,-37.84823],[144.97329,-37.8367],[144.97104,-37.83519],[144.97169,-37.83426],[144.97124,-37.82595],[144.96826,-37.81925],[144.9612,-37.82055],[144.95605,-37.82306],[144.95287,-37.82374],[144.94716,-37.82322],[144.94309,-37.82245],[144.93553,-37.82066],[144.92817,-37.81911],[144.92537,-37.81886],[144.92034,-37.81894],[144.91587,-37.81956],[144.90641,-37.82165],[144.90522,-37.82307],[144.90083,-37.82681],[144.89785,-37.8306],[144.89698,-37.83463],[144.89732,-37.83976],[144.89873,-37.84279],[144.90275,-37.84707],[144.90621,-37.84963],[144.90544,-37.84749],[144.90633,-37.84688],[144.90315,-37.84143],[144.9052,-37.84026],[144.90614,-37.84059],[144.90825,-37.84453],[144.90882,-37.84486],[144.91193,-37.84899],[144.91446,-37.84845],[144.91252,-37.84587],[144.91485,-37.84441],[144.91333,-37.84216],[144.91631,-37.84041],[144.91906,-37.83968],[144.92307,-37.83972],[144.92416,-37.8402],[144.92694,-37.83996],[144.9307,-37.84078],[144.93252,-37.84179],[144.93518,-37.8421],[144.93985,-37.84522],[144.94573,-37.84733],[144.95551,-37.85181],[144.96266,-37.85524],[144.96677,-37.85823],[144.96733,-37.85947],[144.9701,-37.86067],[144.97103,-37.86283],[144.97083,-37.86428],[144.97184,-37.86588],[144.97509,-37.86891],[144.97537,-37.87167],[144.97408,-37.87308],[144.97446,-37.87629],[144.98878,-37.87074]]]},"properties":{"district":"Albert Park"}},{"type":"Feature","geometry":{"type":"Polygon","coordinates":[[[144.71895,-37.87796],[144.71415,-37.87931],[144.71057,-37.88175],[144.7096,-37.88352],[144.70916,-37.8858],[144.71012,-37.88974],[144.70987,-37.89162],[144.70792,-37.89699],[144.70625,-37.89901],[144.70432,-37.90035],[144.70683,-37.90091],[144.70938,-37.90028],[144.71406,-37.89654],[144.71686,-37.89612],[144.7117,-37.92517],[144.74262,-37.9287],[144.74276,-37.92882],[144.74047,-37.94139],[144.74134,-37.94044],[144.74392,-37.93943],[144.74632,-37.93906],[144.75437,-37.93902],[144.7611,-37.93743],[144.76722,-37.93261],[144.77111,-37.93029],[144.77509,-37.92886],[144.77968,-37.92784],[144.78473,-37.92752],[144.78705,-37.92786],[144.79144,-37.92766],[144.79387,-37.92681],[144.79566,-37.92406],[144.79913,-37.923],[144.7974,-37.91902],[144.79771,-37.91635],[144.79718,-37.91108],[144.79815,-37.90774],[144.79832,-37.90575],[144.80154,-37.90059],[144.80196,-37.89785],[144.80423,-37.89396],[144.807,-37.89136],[144.80765,-37.88934],[144.80726,-37.88803],[144.80765,-37.8846],[144.80872,-37.8805],[144.81332,-37.87575],[144.81746,-37.87347],[144.82244,-37.87145],[144.82624,-37.87071],[144.82954,-37.87066],[144.83505,-37.87147],[144.84039,-37.87139],[144.84231,-37.86947],[144.84565,-37.86818],[144.8465,-37.86691],[144.85094,-37.86389],[144.85254,-37.86333],[144.85609,-37.86348],[144.85969,-37.86142],[144.86702,-37.85965],[144.86772,-37.85904],[144.86368,-37.85787],[144.85796,-37.85755],[144.85348,-37.85598],[144.85149,-37.85699],[144.84831,-37.85575],[144.84472,-37.85492],[144.84226,-37.85496],[144.83855,-37.85381],[144.83798,-37.85227],[144.83914,-37.85134],[144.83731,-37.84956],[144.83519,-37.84839],[144.83411,-37.84471],[144.83561,-37.84255],[144.83417,-37.84097],[144.8343,-37.83862],[144.83721,-37.83691],[144.83648,-37.83322],[144.83443,-37.83114],[144.83175,-37.83035],[144.83139,-37.82923],[144.82847,-37.82939],[144.82674,-37.82564],[144.82083,-37.82601],[144.81399,-37.831],[144.78513,-37.84452],[144.78191,-37.84417],[144.78145,-37.8458],[144.7791,-37.84661],[144.7762,-37.84679],[144.76895,-37.85119],[144.76379,-37.85375],[144.76163,-37.8553],[144.75253,-37.85452],[144.75543,-37.85827],[144.75782,-37.86506],[144.75077,-37.86684],[144.75117,-37.8698],[144.71895,-37.87796]]]},"properties":{"district":"Altona"}},{"type":"Feature","geometry":{"type":"MultiPolygon","coordinates":[[[[145.36419,-38.55366],[145.36301,-38.55068],[145.36093,-38.55092],[145.35954,-38.55028],[145.35753,-38.55045],[145.35454,-38.5488],[145.35379,-38.5465],[145.34989,-38.545],[145.34658,-38.5426],[145.34159,-38.53802],[145.34069,-38.53559],[145.34115,-38.53265],[145.34325,-38.52904],[145.34281,-38.52723],[145.34314,-38.52526],[145.34546,-38.52248],[145.3457,-38.52152],[145.34911,-38.51935],[145.3552,-38.51789],[145.35833,-38.51772],[145.36341,-38.51608],[145.36225,-38.51367],[145.36264,-38.51185],[145.35978,-38.51163],[145.35895,-38.50952],[145.35737,-38.50874],[145.35344,-38.5082],[145.35234,-38.50932],[145.35009,-38.5077],[145.35004,-38.50954],[145.34799,-38.50977],[145.34681,-38.51064],[145.3443,-38.50951],[145.34038,-38.51006],[145.33812,-38.50943],[145.33632,-38.50734],[145.33427,-38.50706],[145.3328,-38.50478],[145.32943,-38.5065],[145.32734,-38.5071],[145.32303,-38.5073],[145.31948,-38.50955],[145.31678,-38.50905],[145.31634,-38.51001],[145.31018,-38.5083],[145.30385,-38.50833],[145.30205,-38.50758],[145.29965,-38.50778],[145.29765,-38.5071],[145.29639,-38.50475],[145.29698,-38.50026],[145.2988,-38.4989],[145.29995,-38.49681],[145.30129,-38.49669],[145.30442,-38.49746],[145.30703,-38.49427],[145.30436,-38.49085],[145.3041,-38.48974],[145.30545,-38.48551],[145.30338,-38.4854],[145.30098,-38.48847],[145.29886,-38.48907],[145.2949,-38.4893],[145.29208,-38.48805],[145.29111,-38.48703],[145.29136,-38.48517],[145.29056,-38.48446],[145.29071,-38.48063],[145.29159,-38.4795],[145.29409,-38.47847],[145.29517,-38.47697],[145.29665,-38.47651],[145.2984,-38.47401],[145.29802,-38.47322],[145.29967,-38.47083],[145.30055,-38.46857],[145.30208,-38.4669],[145.30404,-38.46613],[145.30921,-38.46577],[145.31021,-38.46537],[145.30964,-38.46323],[145.31041,-38.46062],[145.30929,-38.45972],[145.30464,-38.45971],[145.30188,-38.45858],[145.29272,-38.45841],[145.29025,-38.45686],[145.28764,-38.45973],[145.28649,-38.45698],[145.2846,-38.45602],[145.28238,-38.45652],[145.28071,-38.45756],[145.27979,-38.45914],[145.27699,-38.46041],[145.27414,-38.46045],[145.27502,-38.45839],[145.27867,-38.45795],[145.27914,-38.45559],[145.2855,-38.45404],[145.28701,-38.45429],[145.28933,-38.45296],[145.29218,-38.45304],[145.29425,-38.45198],[145.29969,-38.45271],[145.29837,-38.45147],[145.29517,-38.4513],[145.28966,-38.45011],[145.28276,-38.45032],[145.27625,-38.45131],[145.27058,-38.45111],[145.26731,-38.45055],[145.2553,-38.4492],[145.24864,-38.44885],[145.2451,-38.44822],[145.24344,-38.44705],[145.24044,-38.44762],[145.23672,-38.44728],[145.23174,-38.44929],[145.22754,-38.45007],[145.22442,-38.44969],[145.2202,-38.44996],[145.21505,-38.4489],[145.20846,-38.44978],[145.20689,-38.4497],[145.20494,-38.45083],[145.20191,-38.45127],[145.20055,-38.45099],[145.19807,-38.4528],[145.19652,-38.45506],[145.19436,-38.45647],[145.19177,-38.45749],[145.18851,-38.45824],[145.18423,-38.45996],[145.18238,-38.46157],[145.17986,-38.46266],[145.17875,-38.46231],[145.1754,-38.46466],[145.17242,-38.46512],[145.16848,-38.46636],[145.1673,-38.46617],[145.16563,-38.46807],[145.16391,-38.46871],[145.16293,-38.47095],[145.15646,-38.47536],[145.1567,-38.47707],[145.15589,-38.47974],[145.1524,-38.48335],[145.15306,-38.48598],[145.15215,-38.48906],[145.15108,-38.49066],[145.14846,-38.49237],[145.1492,-38.49711],[145.14814,-38.50146],[145.14712,-38.50332],[145.14383,-38.50572],[145.13889,-38.50575],[145.13722,-38.50727],[145.13244,-38.50846],[145.13163,-38.50831],[145.12863,-38.5052],[145.12659,-38.50625],[145.12643,-38.50824],[145.12418,-38.51016],[145.12169,-38.51051],[145.12081,-38.51174],[145.12111,-38.51371],[145.11877,-38.51567],[145.11674,-38.51664],[145.11639,-38.51847],[145.11983,-38.51895],[145.12133,-38.51796],[145.12426,-38.51762],[145.12709,-38.51791],[145.1291,-38.51696],[145.13072,-38.51805],[145.13524,-38.51769],[145.13703,-38.51599],[145.14228,-38.51485],[145.145,-38.51577],[145.14787,-38.51541],[145.14926,-38.51456],[145.14966,-38.51115],[145.15152,-38.50991],[145.15411,-38.50939],[145.1569,-38.50935],[145.16155,-38.50987],[145.16442,-38.51085],[145.16562,-38.5121],[145.16585,-38.51369],[145.16799,-38.5129],[145.16771,-38.51039],[145.17015,-38.50923],[145.17228,-38.50961],[145.17294,-38.51166],[145.17454,-38.51396],[145.17719,-38.51327],[145.17995,-38.51357],[145.1831,-38.51296],[145.18584,-38.51365],[145.18621,-38.51518],[145.18733,-38.51592],[145.18923,-38.51494],[145.19022,-38.51564],[145.19233,-38.51459],[145.19463,-38.51546],[145.19712,-38.51764],[145.19887,-38.51807],[145.20105,-38.51658],[145.2039,-38.51727],[145.20526,-38.51855],[145.20754,-38.51974],[145.20922,-38.52256],[145.20888,-38.52464],[145.21409,-38.52531],[145.21689,-38.5244],[145.21786,-38.5266],[145.22025,-38.52707],[145.22103,-38.52914],[145.22311,-38.52682],[145.2229,-38.52582],[145.22448,-38.52434],[145.22616,-38.52444],[145.2289,-38.52172],[145.23008,-38.51796],[145.23255,-38.51704],[145.23223,-38.5158],[145.23317,-38.51439],[145.23562,-38.51236],[145.23498,-38.51127],[145.23582,-38.50978],[145.24109,-38.50673],[145.24431,-38.50804],[145.24646,-38.50792],[145.2466,-38.50585],[145.2479,-38.50467],[145.25085,-38.50405],[145.25233,-38.50469],[145.254,-38.50381],[145.25572,-38.50388],[145.2621,-38.50703],[145.26694,-38.50797],[145.26955,-38.50695],[145.27061,-38.50483],[145.2729,-38.50569],[145.27466,-38.5088],[145.27847,-38.50862],[145.28106,-38.50978],[145.28469,-38.50962],[145.28979,-38.51135],[145.29425,-38.5136],[145.29631,-38.51363],[145.29886,-38.51572],[145.30401,-38.5168],[145.30981,-38.51973],[145.3145,-38.52341],[145.31542,-38.52368],[145.32391,-38.53108],[145.33023,-38.53593],[145.33965,-38.54423],[145.34571,-38.55155],[145.34668,-38.55593],[145.34561,-38.55751],[145.34265,-38.55826],[145.34484,-38.56131],[145.34493,-38.56229],[145.34783,-38.56315],[145.35037,-38.56323],[145.35113,-38.56678],[145.35481,-38.56704],[145.35877,-38.56567],[145.36108,-38.56568],[145.36093,-38.56411],[145.35836,-38.56135],[145.36076,-38.558],[145.36171,-38.55811],[145.36231,-38.55485],[145.36419,-38.55366]]],[[[145.34513,-38.50844],[145.34493,-38.50534],[145.3457,-38.50436],[145.34329,-38.50369],[145.34335,-38.50174],[145.34186,-38.50041],[145.34214,-38.49932],[145.34042,-38.49742],[145.33922,-38.49712],[145.33583,-38.49483],[145.33492,-38.4968],[145.33317,-38.49816],[145.33295,-38.49951],[145.33559,-38.50189],[145.33838,-38.50196],[145.34038,-38.50257],[145.34088,-38.50379],[145.34358,-38.50529],[145.34513,-38.50844]]],[[[145.81796,-38.64469],[145.81643,-38.64282],[145.81781,-38.64158],[145.81636,-38.63946],[145.81464,-38.63876],[145.81496,-38.63606],[145.81582,-38.6352],[145.8139,-38.63312],[145.81488,-38.63214],[145.81401,-38.63108],[145.81463,-38.62739],[145.8107,-38.6272],[145.80844,-38.62797],[145.80811,-38.62575],[145.8099,-38.61645],[145.81647,-38.58353],[145.77031,-38.60318],[145.76819,-38.604],[145.76402,-38.59985],[145.77252,-38.57765],[145.77531,-38.57008],[145.77571,-38.56793],[145.75715,-38.56623],[145.76193,-38.53847],[145.75426,-38.53769],[145.75133,-38.53773],[145.72862,-38.53516],[145.73027,-38.52545],[145.7207,-38.52448],[145.71839,-38.53822],[145.69869,-38.53626],[145.69964,-38.5289],[145.70081,-38.52279],[145.70082,-38.51593],[145.69952,-38.5154],[145.69959,-38.51364],[145.69875,-38.51213],[145.69865,-38.50966],[145.69694,-38.50887],[145.69651,-38.50709],[145.69457,-38.50575],[145.69579,-38.50217],[145.69346,-38.50139],[145.69229,-38.4973],[145.68941,-38.49683],[145.68796,-38.49419],[145.68606,-38.49344],[145.68324,-38.49309],[145.67999,-38.49149],[145.67627,-38.48758],[145.67658,-38.485],[145.67408,-38.48196],[145.67571,-38.48106],[145.67804,-38.46741],[145.67567,-38.46716],[145.67629,-38.46348],[145.68775,-38.46469],[145.68837,-38.46446],[145.68891,-38.46116],[145.68811,-38.46105],[145.6887,-38.45752],[145.68576,-38.45716],[145.68899,-38.43956],[145.68893,-38.43946],[145.69254,-38.42017],[145.69365,-38.41977],[145.69297,-38.41806],[145.6978,-38.39332],[145.69645,-38.39135],[145.69506,-38.39118],[145.69331,-38.38811],[145.69274,-38.38602],[145.69323,-38.38411],[145.69596,-38.38086],[145.69558,-38.3787],[145.69427,-38.37792],[145.69478,-38.37597],[145.69176,-38.37323],[145.68344,-38.37232],[145.67243,-38.37096],[145.67142,-38.371],[145.66379,-38.36633],[145.66277,-38.36486],[145.65403,-38.35924],[145.64926,-38.35416],[145.64846,-38.34845],[145.64678,-38.34431],[145.64464,-38.34238],[145.64291,-38.34241],[145.63665,-38.34365],[145.63452,-38.34378],[145.62936,-38.3406],[145.62886,-38.33827],[145.62705,-38.33831],[145.62393,-38.33618],[145.61921,-38.33495],[145.60569,-38.33243],[145.60925,-38.31506],[145.60718,-38.31565],[145.61241,-38.28583],[145.61472,-38.288],[145.61891,-38.28907],[145.62179,-38.28861],[145.62504,-38.28608],[145.62943,-38.28676],[145.6331,-38.28515],[145.63575,-38.28434],[145.63853,-38.28259],[145.63813,-38.28486],[145.65131,-38.28609],[145.66494,-38.2878],[145.68027,-38.2896],[145.68149,-38.28223],[145.69093,-38.28309],[145.68964,-38.29012],[145.69872,-38.29113],[145.69971,-38.28566],[145.73268,-38.28937],[145.7354,-38.27457],[145.73654,-38.26887],[145.73295,-38.2686],[145.73419,-38.26198],[145.73636,-38.24898],[145.73366,-38.24954],[145.73145,-38.25106],[145.72739,-38.25013],[145.7255,-38.25005],[145.72452,-38.24917],[145.72186,-38.24972],[145.71912,-38.24939],[145.71539,-38.25147],[145.71253,-38.25176],[145.71488,-38.23909],[145.71289,-38.23966],[145.71626,-38.22159],[145.7147,-38.2214],[145.71647,-38.21181],[145.70946,-38.21096],[145.71022,-38.2069],[145.70859,-38.20692],[145.68893,-38.20455],[145.69086,-38.1934],[145.67879,-38.19201],[145.68246,-38.17328],[145.6466,-38.1688],[145.59087,-38.16174],[145.5894,-38.16327],[145.57869,-38.15683],[145.57697,-38.15208],[145.54288,-38.15965],[145.54118,-38.15498],[145.5419,-38.15483],[145.54577,-38.13571],[145.54619,-38.13576],[145.54978,-38.11868],[145.54841,-38.11863],[145.54386,-38.12151],[145.53954,-38.12209],[145.54189,-38.11093],[145.54479,-38.09643],[145.53406,-38.09504],[145.53591,-38.08578],[145.52851,-38.08479],[145.53056,-38.07513],[145.51995,-38.07379],[145.52184,-38.06517],[145.50176,-38.06578],[145.49867,-38.06699],[145.49204,-38.07114],[145.4885,-38.07203],[145.4764,-38.07118],[145.47399,-38.07044],[145.46487,-38.06472],[145.46254,-38.06362],[145.44976,-38.06038],[145.4479,-38.06027],[145.43721,-38.06262],[145.43739,-38.06338],[145.43393,-38.07951],[145.42739,-38.07817],[145.39876,-38.07406],[145.39504,-38.07339],[145.38923,-38.07189],[145.38397,-38.07001],[145.38023,-38.06833],[145.38141,-38.07008],[145.37882,-38.07043],[145.37836,-38.07243],[145.37736,-38.07377],[145.37646,-38.07959],[145.33534,-38.07451],[145.33267,-38.08924],[145.33022,-38.10379],[145.32713,-38.11892],[145.32421,-38.13376],[145.32121,-38.14843],[145.31882,-38.15951],[145.31838,-38.15997],[145.32009,-38.16273],[145.32095,-38.16241],[145.37368,-38.1694],[145.39108,-38.18196],[145.38886,-38.19252],[145.39567,-38.19339],[145.39523,-38.19549],[145.41832,-38.19849],[145.41773,-38.20131],[145.41666,-38.20384],[145.42232,-38.20999],[145.42335,-38.20985],[145.42704,-38.21123],[145.42808,-38.21337],[145.43027,-38.21503],[145.43203,-38.21599],[145.43367,-38.21606],[145.43573,-38.21488],[145.43576,-38.2167],[145.43749,-38.21756],[145.43948,-38.21618],[145.4408,-38.21654],[145.44276,-38.21895],[145.44617,-38.21881],[145.44824,-38.21937],[145.45201,-38.21892],[145.4541,-38.22179],[145.45704,-38.22319],[145.45734,-38.22544],[145.46032,-38.22776],[145.46365,-38.2288],[145.46732,-38.22919],[145.46995,-38.22906],[145.47562,-38.23025],[145.47943,-38.23241],[145.4815,-38.23169],[145.48326,-38.23194],[145.48562,-38.23419],[145.48853,-38.23338],[145.48927,-38.23536],[145.488,-38.23676],[145.48856,-38.23873],[145.49137,-38.24072],[145.49095,-38.24262],[145.4924,-38.24401],[145.49067,-38.24571],[145.49023,-38.24835],[145.49037,-38.25076],[145.4915,-38.25345],[145.49294,-38.25433],[145.49491,-38.25753],[145.49468,-38.26096],[145.49595,-38.26187],[145.49602,-38.26365],[145.49749,-38.26553],[145.49662,-38.26652],[145.49731,-38.26971],[145.49734,-38.27498],[145.49992,-38.27763],[145.50034,-38.27949],[145.50147,-38.27969],[145.50327,-38.28231],[145.50543,-38.28398],[145.50853,-38.28536],[145.50955,-38.28533],[145.51617,-38.2895],[145.51958,-38.29369],[145.52105,-38.29625],[145.52219,-38.29937],[145.52142,-38.3046],[145.51932,-38.31028],[145.51724,-38.31406],[145.51559,-38.31784],[145.51665,-38.31956],[145.51649,-38.32236],[145.51654,-38.32966],[145.51623,-38.3331],[145.5152,-38.33662],[145.51586,-38.33825],[145.52128,-38.33693],[145.52325,-38.33565],[145.524,-38.33449],[145.53015,-38.33434],[145.53398,-38.33496],[145.538,-38.33621],[145.54052,-38.33667],[145.543,-38.33773],[145.54572,-38.34052],[145.55083,-38.34655],[145.55165,-38.34853],[145.55244,-38.35203],[145.5525,-38.35456],[145.55175,-38.35648],[145.55142,-38.36187],[145.55021,-38.36462],[145.54902,-38.36967],[145.54678,-38.37664],[145.54464,-38.37958],[145.54395,-38.38213],[145.5402,-38.38907],[145.53755,-38.3923],[145.5352,-38.3961],[145.5342,-38.39867],[145.53128,-38.40098],[145.52923,-38.40421],[145.52343,-38.40931],[145.51998,-38.41201],[145.51839,-38.41396],[145.51627,-38.41524],[145.5137,-38.41588],[145.50711,-38.41582],[145.49867,-38.41652],[145.49356,-38.41577],[145.48911,-38.41484],[145.48621,-38.41138],[145.48115,-38.4077],[145.48011,-38.40755],[145.47198,-38.40814],[145.46892,-38.4081],[145.46641,-38.40853],[145.46382,-38.40823],[145.46188,-38.40902],[145.45943,-38.40879],[145.45397,-38.41264],[145.44865,-38.41168],[145.44544,-38.40969],[145.44477,-38.40885],[145.44031,-38.40795],[145.43819,-38.40893],[145.43699,-38.40862],[145.43224,-38.41018],[145.42876,-38.41049],[145.42746,-38.41017],[145.42545,-38.4085],[145.42108,-38.4081],[145.41831,-38.40648],[145.41823,-38.4082],[145.41978,-38.41021],[145.42333,-38.41231],[145.42716,-38.41768],[145.4282,-38.42027],[145.42966,-38.42236],[145.43386,-38.43125],[145.43423,-38.4345],[145.43381,-38.4386],[145.43232,-38.43953],[145.43016,-38.44244],[145.42917,-38.44262],[145.4282,-38.44587],[145.4294,-38.44744],[145.42985,-38.45424],[145.42934,-38.45802],[145.4278,-38.4621],[145.42555,-38.46585],[145.42295,-38.46859],[145.4192,-38.47183],[145.42132,-38.47332],[145.42677,-38.47434],[145.42837,-38.4754],[145.43113,-38.47919],[145.43335,-38.48167],[145.43221,-38.48221],[145.43098,-38.48611],[145.43223,-38.48636],[145.43434,-38.49308],[145.43183,-38.4966],[145.43018,-38.49741],[145.42882,-38.50062],[145.42797,-38.50464],[145.42715,-38.50668],[145.42397,-38.5099],[145.41983,-38.51269],[145.41769,-38.51366],[145.4125,-38.51374],[145.41013,-38.51486],[145.40903,-38.51447],[145.40504,-38.51623],[145.40327,-38.51565],[145.40089,-38.51639],[145.39822,-38.51645],[145.39312,-38.51893],[145.38864,-38.51962],[145.38714,-38.51909],[145.38536,-38.51954],[145.38209,-38.51915],[145.37537,-38.52043],[145.37257,-38.52015],[145.36956,-38.52055],[145.36743,-38.52021],[145.36315,-38.52137],[145.36337,-38.52291],[145.3651,-38.52413],[145.37013,-38.52674],[145.37043,-38.53138],[145.37163,-38.53578],[145.37248,-38.53674],[145.37513,-38.53706],[145.37665,-38.53788],[145.37956,-38.53576],[145.38399,-38.53585],[145.38458,-38.53542],[145.38847,-38.53609],[145.39207,-38.5355],[145.39468,-38.53565],[145.39653,-38.53659],[145.39943,-38.53596],[145.40394,-38.53739],[145.40714,-38.53735],[145.40866,-38.53654],[145.41037,-38.53824],[145.41213,-38.5371],[145.41824,-38.53769],[145.4228,-38.53649],[145.42457,-38.53716],[145.4244,-38.53852],[145.42561,-38.53922],[145.42952,-38.53805],[145.43136,-38.53894],[145.4352,-38.53939],[145.43837,-38.54069],[145.44057,-38.54224],[145.43991,-38.54332],[145.4457,-38.54391],[145.44848,-38.54586],[145.44844,-38.54735],[145.45054,-38.54872],[145.45338,-38.54833],[145.45515,-38.54998],[145.45707,-38.5485],[145.45878,-38.54882],[145.45872,-38.55012],[145.46345,-38.55048],[145.46638,-38.55264],[145.46745,-38.55123],[145.46914,-38.55067],[145.47069,-38.55201],[145.47412,-38.55131],[145.47551,-38.55231],[145.47965,-38.55377],[145.47956,-38.55564],[145.48318,-38.55569],[145.4874,-38.55882],[145.48884,-38.56056],[145.49131,-38.56199],[145.5025,-38.5732],[145.5061,-38.57781],[145.51078,-38.58294],[145.51243,-38.58537],[145.51789,-38.59037],[145.52692,-38.59937],[145.53131,-38.60412],[145.53466,-38.60848],[145.53948,-38.61383],[145.54256,-38.61809],[145.54594,-38.62352],[145.55159,-38.63427],[145.55271,-38.63709],[145.55396,-38.63816],[145.55571,-38.64163],[145.55783,-38.64442],[145.55815,-38.6464],[145.5602,-38.6513],[145.56426,-38.65277],[145.56604,-38.65496],[145.56733,-38.65564],[145.57214,-38.65573],[145.57626,-38.65771],[145.58041,-38.65879],[145.58138,-38.66211],[145.5846,-38.66544],[145.58668,-38.66644],[145.58898,-38.66869],[145.59144,-38.66902],[145.59561,-38.67042],[145.59807,-38.67275],[145.60295,-38.67624],[145.60594,-38.68081],[145.60889,-38.68089],[145.61164,-38.67798],[145.61615,-38.67606],[145.62052,-38.67549],[145.62497,-38.67455],[145.62522,-38.67283],[145.62746,-38.67275],[145.62963,-38.67372],[145.63107,-38.67346],[145.63277,-38.67426],[145.63452,-38.67291],[145.63827,-38.67223],[145.64128,-38.67333],[145.64254,-38.67491],[145.64413,-38.67395],[145.64525,-38.67578],[145.64971,-38.67687],[145.65076,-38.67822],[145.65267,-38.67793],[145.65334,-38.67697],[145.65605,-38.67698],[145.65963,-38.67473],[145.65871,-38.67194],[145.66086,-38.67202],[145.66406,-38.6707],[145.66582,-38.67121],[145.66677,-38.67027],[145.66867,-38.67022],[145.67039,-38.67131],[145.67169,-38.67],[145.67054,-38.66886],[145.67229,-38.66738],[145.67414,-38.66687],[145.67446,-38.6651],[145.67881,-38.66313],[145.68022,-38.66196],[145.68225,-38.65821],[145.68535,-38.65587],[145.68644,-38.65357],[145.68933,-38.65052],[145.69193,-38.64998],[145.69526,-38.64793],[145.69989,-38.64704],[145.70718,-38.64688],[145.71173,-38.64549],[145.71324,-38.64425],[145.71448,-38.64231],[145.71656,-38.64078],[145.71889,-38.64022],[145.72509,-38.63941],[145.72896,-38.63637],[145.73011,-38.63646],[145.7356,-38.63431],[145.74102,-38.6348],[145.74988,-38.63504],[145.75318,-38.63494],[145.75686,-38.63613],[145.75939,-38.63597],[145.76123,-38.63493],[145.76672,-38.63368],[145.77067,-38.63357],[145.77363,-38.63404],[145.77837,-38.63652],[145.77941,-38.63654],[145.78506,-38.63809],[145.7881,-38.63806],[145.79114,-38.63905],[145.79852,-38.6405],[145.80157,-38.64168],[145.80499,-38.64414],[145.81064,-38.64531],[145.8162,-38.64535],[145.81796,-38.64469]]]]},"properties":{"district":"Bass"}},{"type":"Feature","geometry":{"type":"Polygon","coordinates":[[[145.30624,-37.86902],[145.3054,-37.86767],[145.30291,-37.86573],[145.30223,-37.86424],[145.30383,-37.86345],[145.30589,-37.86354],[145.31366,-37.8645],[145.31354,-37.86336],[145.31678,-37.8629],[145.31687,-37.86488],[145.31881,-37.86557],[145.32132,-37.86542],[145.32656,-37.86605],[145.32667,-37.86648],[145.33848,-37.85236],[145.33615,-37.85105],[145.33519,-37.85139],[145.33212,-37.85102],[145.33283,-37.84743],[145.32305,-37.8462],[145.32015,-37.84489],[145.31776,-37.84496],[145.31873,-37.84028],[145.31872,-37.83172],[145.31681,-37.81816],[145.28759,-37.82603],[145.28788,-37.81892],[145.28248,-37.82081],[145.2783,-37.82178],[145.27847,-37.81934],[145.26913,-37.81817],[145.26848,-37.81654],[145.26677,-37.81772],[145.26432,-37.82241],[145.26468,-37.82518],[145.26399,-37.82801],[145.2614,-37.82785],[145.25201,-37.8251],[145.24848,-37.82141],[145.24621,-37.82075],[145.24101,-37.81769],[145.24101,-37.82297],[145.23743,-37.82289],[145.23732,-37.82637],[145.22732,-37.82638],[145.22735,-37.83238],[145.21735,-37.83239],[145.21744,-37.8381],[145.21435,-37.83962],[145.21251,-37.8421],[145.21078,-37.84535],[145.22821,-37.84777],[145.26711,-37.86046],[145.26521,-37.86398],[145.26287,-37.86634],[145.26262,-37.86804],[145.2671,-37.86743],[145.2689,-37.86838],[145.27539,-37.868],[145.2777,-37.86843],[145.28008,-37.86962],[145.28228,-37.87304],[145.28537,-37.87418],[145.28997,-37.8742],[145.29096,-37.87345],[145.28934,-37.87148],[145.29257,-37.86947],[145.29317,-37.86809],[145.29855,-37.86993],[145.29855,-37.86705],[145.30142,-37.86769],[145.30432,-37.86987],[145.30624,-37.86902]]]},"properties":{"district":"Bayswater"}},{"type":"Feature","geometry":{"type":"MultiPolygon","coordinates":[[[[144.66692,-38.25809],[144.66636,-38.25716],[144.66327,-38.25974],[144.66518,-38.26001],[144.66669,-38.25941],[144.66692,-38.25809]]],[[[144.7017,-38.24419],[144.70052,-38.24205],[144.6963,-38.24129],[144.69545,-38.24224],[144.69327,-38.24284],[144.68953,-38.24303],[144.68938,-38.24665],[144.68641,-38.24823],[144.68455,-38.24844],[144.68208,-38.24799],[144.68139,-38.24903],[144.67903,-38.25058],[144.67794,-38.24959],[144.6783,-38.24756],[144.68023,-38.24422],[144.68022,-38.24207],[144.68112,-38.23965],[144.67984,-38.23771],[144.67789,-38.23833],[144.67612,-38.24024],[144.67339,-38.24231],[144.6723,-38.24433],[144.6701,-38.24532],[144.66639,-38.25019],[144.66451,-38.2505],[144.66322,-38.25194],[144.66355,-38.25445],[144.66577,-38.25528],[144.67169,-38.25546],[144.67151,-38.25764],[144.6755,-38.25504],[144.68092,-38.25274],[144.68232,-38.25316],[144.67999,-38.25769],[144.67871,-38.25859],[144.67554,-38.25902],[144.67302,-38.26103],[144.66845,-38.25997],[144.66733,-38.26221],[144.67005,-38.26357],[144.67221,-38.26265],[144.67465,-38.26068],[144.68045,-38.25867],[144.6868,-38.25485],[144.69,-38.25053],[144.69188,-38.25045],[144.69544,-38.24893],[144.69814,-38.2482],[144.69964,-38.24605],[144.7017,-38.24419]]],[[[144.41919,-38.2862],[144.42377,-38.28449],[144.4265,-38.2843],[144.42777,-38.28203],[144.42978,-38.28135],[144.43552,-38.28121],[144.43908,-38.28155],[144.44787,-38.28309],[144.45323,-38.28439],[144.45676,-38.28497],[144.46532,-38.28579],[144.46876,-38.2868],[144.47436,-38.28794],[144.48029,-38.28836],[144.48217,-38.28819],[144.48712,-38.28854],[144.49569,-38.29029],[144.4998,-38.29077],[144.4994,-38.28909],[144.49681,-38.28674],[144.49577,-38.28431],[144.49441,-38.28276],[144.49752,-38.28254],[144.49984,-38.28279],[144.50213,-38.27946],[144.50533,-38.27657],[144.50762,-38.27528],[144.5128,-38.27332],[144.51746,-38.27291],[144.51928,-38.27241],[144.52567,-38.27143],[144.53232,-38.27164],[144.53629,-38.27152],[144.54325,-38.27236],[144.54944,-38.27277],[144.55855,-38.27507],[144.56395,-38.27593],[144.57119,-38.27784],[144.57718,-38.27963],[144.58086,-38.28125],[144.58284,-38.28172],[144.58549,-38.28315],[144.59247,-38.28553],[144.60384,-38.28873],[144.60748,-38.29064],[144.6095,-38.29079],[144.61435,-38.29231],[144.61638,-38.28789],[144.61501,-38.28573],[144.61501,-38.2841],[144.61631,-38.28069],[144.61849,-38.27737],[144.62029,-38.27611],[144.62302,-38.27497],[144.62778,-38.27362],[144.6305,-38.27313],[144.63574,-38.273],[144.64016,-38.27226],[144.64445,-38.27191],[144.64569,-38.27234],[144.64931,-38.27232],[144.65379,-38.27369],[144.65745,-38.27418],[144.65931,-38.27484],[144.66307,-38.2715],[144.66442,-38.26821],[144.6666,-38.26638],[144.67131,-38.26543],[144.66734,-38.2634],[144.66699,-38.26239],[144.66264,-38.26386],[144.65836,-38.26364],[144.65677,-38.26496],[144.6531,-38.26673],[144.64974,-38.26713],[144.64847,-38.26674],[144.64554,-38.26859],[144.64149,-38.27018],[144.63819,-38.26991],[144.63293,-38.26996],[144.63244,-38.26937],[144.63613,-38.26576],[144.63179,-38.26241],[144.63068,-38.26121],[144.62712,-38.25887],[144.62552,-38.25687],[144.62419,-38.25643],[144.62516,-38.25495],[144.62719,-38.25353],[144.62692,-38.25212],[144.6249,-38.25144],[144.62567,-38.2497],[144.62726,-38.24964],[144.62856,-38.25122],[144.63007,-38.25123],[144.6338,-38.24742],[144.63376,-38.24625],[144.63697,-38.24246],[144.63873,-38.24121],[144.64046,-38.23893],[144.64285,-38.23796],[144.6445,-38.23633],[144.64405,-38.23551],[144.64598,-38.23288],[144.64752,-38.23226],[144.65014,-38.23],[144.6509,-38.22856],[144.65487,-38.22412],[144.65704,-38.22302],[144.65802,-38.2208],[144.66202,-38.21704],[144.66273,-38.21505],[144.66628,-38.20995],[144.67114,-38.20762],[144.67422,-38.20656],[144.67688,-38.20296],[144.67956,-38.20228],[144.68415,-38.19881],[144.68613,-38.1978],[144.69053,-38.19625],[144.69307,-38.19446],[144.69432,-38.19442],[144.697,-38.1958],[144.69777,-38.19732],[144.69694,-38.19842],[144.69841,-38.20005],[144.70054,-38.1995],[144.70303,-38.20069],[144.70371,-38.20257],[144.70171,-38.20606],[144.70176,-38.20903],[144.69979,-38.21237],[144.6995,-38.21367],[144.69399,-38.21712],[144.69557,-38.21819],[144.69847,-38.21922],[144.69932,-38.21772],[144.7007,-38.21984],[144.70271,-38.216],[144.70349,-38.21529],[144.70578,-38.21105],[144.7079,-38.20444],[144.70888,-38.20276],[144.71151,-38.19398],[144.71277,-38.18862],[144.71482,-38.18496],[144.71608,-38.17984],[144.71899,-38.17471],[144.72003,-38.17377],[144.7201,-38.17155],[144.71814,-38.16768],[144.71648,-38.16221],[144.71681,-38.15849],[144.71653,-38.15718],[144.71677,-38.15279],[144.7176,-38.14915],[144.72024,-38.14641],[144.71567,-38.14366],[144.71366,-38.14097],[144.71373,-38.14006],[144.71199,-38.13873],[144.71176,-38.13692],[144.70928,-38.13445],[144.70793,-38.13196],[144.70616,-38.12971],[144.70399,-38.12972],[144.69982,-38.12786],[144.69649,-38.12487],[144.69458,-38.12218],[144.69146,-38.11973],[144.68333,-38.11733],[144.67801,-38.1155],[144.67489,-38.11544],[144.67225,-38.11477],[144.66911,-38.11287],[144.66562,-38.11203],[144.66124,-38.11201],[144.65885,-38.11287],[144.65422,-38.11331],[144.65161,-38.11267],[144.64792,-38.11239],[144.63752,-38.10838],[144.63365,-38.10778],[144.62995,-38.10862],[144.62976,-38.1094],[144.62488,-38.11334],[144.6204,-38.1152],[144.61654,-38.11756],[144.61555,-38.11878],[144.61373,-38.11929],[144.61023,-38.12204],[144.60933,-38.12201],[144.60689,-38.12398],[144.60578,-38.12395],[144.60202,-38.12588],[144.59461,-38.12911],[144.58804,-38.134],[144.58712,-38.13398],[144.58433,-38.13594],[144.58164,-38.13862],[144.57912,-38.14055],[144.57531,-38.14278],[144.57184,-38.14589],[144.56897,-38.1479],[144.5654,-38.15131],[144.55907,-38.15454],[144.55638,-38.15562],[144.55229,-38.15558],[144.55092,-38.15513],[144.54674,-38.15692],[144.5427,-38.15662],[144.53926,-38.15823],[144.53591,-38.15898],[144.53566,-38.15837],[144.53109,-38.15892],[144.5278,-38.16034],[144.5244,-38.15976],[144.5198,-38.15979],[144.51714,-38.1607],[144.51181,-38.16121],[144.50715,-38.16212],[144.50256,-38.16132],[144.4983,-38.16087],[144.49438,-38.16222],[144.49137,-38.16271],[144.4894,-38.16364],[144.48147,-38.16461],[144.47559,-38.1646],[144.46952,-38.16358],[144.46511,-38.16201],[144.45659,-38.15815],[144.45118,-38.1553],[144.44783,-38.15275],[144.44221,-38.14899],[144.43494,-38.14205],[144.43228,-38.13874],[144.42982,-38.13516],[144.42815,-38.13139],[144.42761,-38.12921],[144.42476,-38.12592],[144.42061,-38.13325],[144.41821,-38.14148],[144.41911,-38.14496],[144.41928,-38.14716],[144.41764,-38.15211],[144.41773,-38.15323],[144.41652,-38.15566],[144.40677,-38.15485],[144.407,-38.15577],[144.40535,-38.15766],[144.40473,-38.16197],[144.40247,-38.17359],[144.39502,-38.21457],[144.3949,-38.21479],[144.39884,-38.21944],[144.402,-38.21964],[144.405,-38.21679],[144.40587,-38.21524],[144.40912,-38.21498],[144.41109,-38.21423],[144.41316,-38.21447],[144.41368,-38.21562],[144.41789,-38.22013],[144.42058,-38.21953],[144.42357,-38.22155],[144.4237,-38.22467],[144.42343,-38.22915],[144.4221,-38.23186],[144.42404,-38.23163],[144.42462,-38.23374],[144.42662,-38.23467],[144.42806,-38.23432],[144.42878,-38.23727],[144.42456,-38.25941],[144.41951,-38.285],[144.41919,-38.2862]]]]},"properties":{"district":"Bellarine"}},{"type":"Feature","geometry":{"type":"Polygon","coordinates":[[[148.13446,-36.74371],[148.13649,-36.73979],[148.13631,-36.73808],[148.13334,-36.73698],[148.13083,-36.73542],[148.13097,-36.73445],[148.13373,-36.73228],[148.13578,-36.73276],[148.13831,-36.73246],[148.14033,-36.73008],[148.14307,-36.72839],[148.14377,-36.7256],[148.14596,-36.72302],[148.14804,-36.72228],[148.14908,-36.71986],[148.15055,-36.71951],[148.15387,-36.72017],[148.15818,-36.7174],[148.16167,-36.71557],[148.16177,-36.71264],[148.16372,-36.71118],[148.16539,-36.71124],[148.16756,-36.71385],[148.16981,-36.71349],[148.171,-36.71206],[148.17197,-36.70859],[148.17303,-36.70316],[148.17442,-36.70132],[148.17696,-36.70002],[148.18102,-36.69707],[148.18154,-36.6928],[148.18484,-36.69225],[148.18574,-36.6906],[148.18867,-36.68866],[148.1889,-36.6878],[148.18594,-36.68746],[148.1872,-36.68579],[148.18491,-36.68514],[148.18397,-36.6838],[148.186,-36.6824],[148.18962,-36.67883],[148.18941,-36.67628],[148.19104,-36.67468],[148.1952,-36.67301],[148.19834,-36.67287],[148.19935,-36.67183],[148.19897,-36.6701],[148.19698,-36.66933],[148.19651,-36.66844],[148.19741,-36.66504],[148.19819,-36.66445],[148.20313,-36.66261],[148.20324,-36.66163],[148.20098,-36.65985],[148.20087,-36.65865],[148.20348,-36.65686],[148.20308,-36.65515],[148.20389,-36.65359],[148.20655,-36.65352],[148.20856,-36.65113],[148.21092,-36.65063],[148.21162,-36.64806],[148.20952,-36.64676],[148.21003,-36.64467],[148.21202,-36.64207],[148.21279,-36.63979],[148.21552,-36.64004],[148.21615,-36.63897],[148.21368,-36.63768],[148.21249,-36.63578],[148.21193,-36.63323],[148.21309,-36.63278],[148.21509,-36.63449],[148.21639,-36.63055],[148.2165,-36.62859],[148.21826,-36.6283],[148.22066,-36.62555],[148.21962,-36.62326],[148.22,-36.62221],[148.21954,-36.61954],[148.21879,-36.61863],[148.21563,-36.62032],[148.21449,-36.61881],[148.21625,-36.61714],[148.21563,-36.61602],[148.21358,-36.61546],[148.21355,-36.61422],[148.21468,-36.61117],[148.21084,-36.6126],[148.20438,-36.61283],[148.20297,-36.61237],[148.2037,-36.61016],[148.20735,-36.60832],[148.20813,-36.60886],[148.20813,-36.61113],[148.20925,-36.61094],[148.21094,-36.60848],[148.21127,-36.60667],[148.21372,-36.60527],[148.21499,-36.60538],[148.21555,-36.60356],[148.21294,-36.60165],[148.21361,-36.6007],[148.21663,-36.59989],[148.21788,-36.59859],[148.21523,-36.59739],[148.21318,-36.59559],[148.21159,-36.59543],[148.21177,-36.59378],[148.209,-36.59272],[148.20636,-36.59357],[148.2046,-36.59251],[148.20391,-36.58877],[148.20544,-36.58841],[148.20623,-36.58699],[148.20363,-36.5864],[148.2015,-36.588],[148.19925,-36.58714],[148.19728,-36.58561],[148.19441,-36.58598],[148.19082,-36.585],[148.18976,-36.58199],[148.19019,-36.57973],[148.19125,-36.57729],[148.18971,-36.57648],[148.18623,-36.57835],[148.18181,-36.57886],[148.17896,-36.57993],[148.17702,-36.57792],[148.1758,-36.57752],[148.17282,-36.57835],[148.17086,-36.57724],[148.17057,-36.57446],[148.17001,-36.57365],[148.16714,-36.57393],[148.16528,-36.57506],[148.16588,-36.57685],[148.16446,-36.57865],[148.16159,-36.57978],[148.16046,-36.57928],[148.16287,-36.57341],[148.16186,-36.57234],[148.15741,-36.57195],[148.15681,-36.57151],[148.15799,-36.56939],[148.15871,-36.56566],[148.15535,-36.56369],[148.15177,-36.56057],[148.15141,-36.55915],[148.14917,-36.55863],[148.14925,-36.56151],[148.14731,-36.56316],[148.1419,-36.56519],[148.13834,-36.56536],[148.13707,-36.5658],[148.13563,-36.56745],[148.13359,-36.56706],[148.13297,-36.56471],[148.13352,-36.56319],[148.13169,-36.56185],[148.13139,-36.55962],[148.12464,-36.55128],[148.12591,-36.54839],[148.1293,-36.54586],[148.12867,-36.54169],[148.13182,-36.54065],[148.13397,-36.53919],[148.13413,-36.53756],[148.1333,-36.53666],[148.13376,-36.53462],[148.13538,-36.53424],[148.13685,-36.53277],[148.13652,-36.53106],[148.13782,-36.52943],[148.1398,-36.52585],[148.13973,-36.5249],[148.13712,-36.52182],[148.13493,-36.51993],[148.13079,-36.51453],[148.12836,-36.50901],[148.12796,-36.50468],[148.12824,-36.5025],[148.12562,-36.50086],[148.12586,-36.49944],[148.12185,-36.49656],[148.11851,-36.49583],[148.11968,-36.49367],[148.11992,-36.49171],[148.12353,-36.48973],[148.12465,-36.4885],[148.12674,-36.48461],[148.1201,-36.48277],[148.12166,-36.48146],[148.1245,-36.47997],[148.12521,-36.47817],[148.12489,-36.47679],[148.12349,-36.475],[148.12383,-36.47228],[148.12251,-36.47143],[148.12283,-36.46972],[148.12475,-36.46466],[148.12346,-36.46273],[148.12221,-36.46257],[148.12058,-36.46107],[148.11774,-36.46102],[148.1153,-36.45898],[148.11092,-36.4571],[148.10877,-36.45724],[148.10688,-36.45636],[148.10156,-36.45706],[148.09963,-36.45565],[148.09701,-36.45522],[148.0918,-36.4531],[148.08937,-36.45277],[148.08748,-36.45155],[148.08782,-36.44798],[148.08689,-36.4451],[148.0878,-36.44286],[148.08733,-36.44083],[148.08652,-36.44032],[148.08704,-36.43847],[148.08838,-36.43744],[148.08737,-36.43318],[148.08632,-36.43151],[148.08346,-36.43103],[148.08247,-36.42977],[148.0817,-36.4266],[148.07939,-36.42545],[148.07907,-36.42432],[148.08037,-36.42228],[148.07824,-36.42054],[148.07664,-36.41823],[148.07317,-36.41782],[148.07175,-36.41808],[148.07005,-36.41672],[148.06737,-36.41695],[148.06283,-36.41563],[148.06058,-36.41593],[148.05909,-36.41469],[148.05658,-36.41105],[148.05463,-36.40902],[148.05538,-36.40808],[148.05838,-36.40657],[148.05746,-36.40509],[148.05839,-36.4033],[148.05839,-36.40121],[148.05613,-36.40037],[148.05329,-36.3987],[148.04998,-36.39894],[148.04718,-36.39645],[148.04659,-36.39301],[148.04681,-36.39116],[148.04447,-36.39193],[148.04118,-36.39191],[148.03827,-36.39109],[148.03747,-36.38948],[148.03798,-36.38797],[148.0453,-36.3826],[148.04527,-36.38136],[148.04322,-36.38035],[148.03848,-36.37881],[148.03863,-36.37765],[148.04115,-36.37682],[148.04391,-36.37442],[148.0406,-36.37264],[148.04348,-36.36772],[148.04602,-36.36702],[148.04495,-36.36576],[148.04228,-36.36724],[148.03901,-36.36769],[148.03798,-36.36586],[148.04004,-36.3637],[148.04213,-36.36051],[148.04177,-36.35798],[148.04405,-36.35431],[148.04546,-36.35369],[148.04723,-36.35534],[148.04902,-36.35525],[148.0475,-36.35274],[148.04521,-36.35167],[148.04626,-36.34989],[148.04824,-36.34877],[148.04789,-36.34633],[148.05016,-36.34397],[148.05111,-36.34187],[148.05367,-36.34155],[148.05398,-36.33989],[148.0524,-36.33798],[148.0532,-36.3358],[148.05591,-36.33429],[148.05488,-36.3323],[148.05178,-36.32946],[148.05108,-36.32583],[148.05164,-36.32404],[148.05539,-36.32255],[148.05768,-36.32241],[148.05906,-36.32079],[148.05827,-36.31858],[148.05556,-36.31698],[148.05326,-36.31717],[148.05156,-36.31867],[148.05029,-36.319],[148.04747,-36.31821],[148.04673,-36.3156],[148.04305,-36.31343],[148.0395,-36.31434],[148.03746,-36.31305],[148.03549,-36.31079],[148.03656,-36.30668],[148.0394,-36.3054],[148.0411,-36.30583],[148.04262,-36.30391],[148.04145,-36.30139],[148.04234,-36.2985],[148.04046,-36.29922],[148.03715,-36.29553],[148.03595,-36.29348],[148.03631,-36.29201],[148.03981,-36.2928],[148.04009,-36.29194],[148.03839,-36.28925],[148.03988,-36.28773],[148.03865,-36.28628],[148.03989,-36.28494],[148.03662,-36.28506],[148.0344,-36.28285],[148.03539,-36.28105],[148.03724,-36.28013],[148.03504,-36.27906],[148.03368,-36.27677],[148.03298,-36.2746],[148.03524,-36.27237],[148.03372,-36.27014],[148.03317,-36.2685],[148.03392,-36.26507],[148.03596,-36.26461],[148.03605,-36.26368],[148.03836,-36.26255],[148.03858,-36.25889],[148.03486,-36.25571],[148.03577,-36.25269],[148.0331,-36.2495],[148.03037,-36.24873],[148.02983,-36.24562],[148.02892,-36.24408],[148.03326,-36.24083],[148.03489,-36.2409],[148.03398,-36.23804],[148.035,-36.23476],[148.03479,-36.23354],[148.03188,-36.23221],[148.03157,-36.22889],[148.02978,-36.22851],[148.02869,-36.22645],[148.02706,-36.22591],[148.02614,-36.22301],[148.02803,-36.22187],[148.03001,-36.22276],[148.03065,-36.22046],[148.03311,-36.21742],[148.03356,-36.21603],[148.03541,-36.2162],[148.03709,-36.21409],[148.03857,-36.21308],[148.03824,-36.21169],[148.03688,-36.21067],[148.03746,-36.20885],[148.04041,-36.20811],[148.03954,-36.20344],[148.03813,-36.20197],[148.0384,-36.19938],[148.03374,-36.19539],[148.03659,-36.19476],[148.03398,-36.19283],[148.02999,-36.19107],[148.02947,-36.18819],[148.02468,-36.18834],[148.02429,-36.18723],[148.02524,-36.18556],[148.02409,-36.18468],[148.02465,-36.18342],[148.02284,-36.18173],[148.0231,-36.17919],[148.02225,-36.17756],[148.02283,-36.17442],[148.02558,-36.17605],[148.02653,-36.17511],[148.02638,-36.1736],[148.02389,-36.17117],[148.02413,-36.16997],[148.02572,-36.16826],[148.02818,-36.16876],[148.02961,-36.1682],[148.02964,-36.16575],[148.03342,-36.16486],[148.03475,-36.16307],[148.03416,-36.16226],[148.031,-36.16123],[148.02929,-36.16196],[148.02787,-36.16175],[148.02486,-36.15979],[148.024,-36.15602],[148.02276,-36.15436],[148.02314,-36.15364],[148.02571,-36.15481],[148.02896,-36.15536],[148.02889,-36.15381],[148.0312,-36.15192],[148.03128,-36.15],[148.03304,-36.15067],[148.03383,-36.15219],[148.03503,-36.1527],[148.03551,-36.15026],[148.03421,-36.14897],[148.03539,-36.14622],[148.03489,-36.14458],[148.03709,-36.1429],[148.03752,-36.14092],[148.03483,-36.14118],[148.03383,-36.1424],[148.03103,-36.14167],[148.03121,-36.14308],[148.0293,-36.14422],[148.02803,-36.14301],[148.02761,-36.14058],[148.02314,-36.14007],[148.022,-36.14163],[148.01885,-36.14087],[148.01838,-36.13934],[148.01634,-36.13939],[148.01362,-36.13758],[148.01142,-36.13918],[148.01079,-36.1371],[148.0096,-36.13605],[148.0083,-36.13794],[148.00917,-36.13935],[148.00807,-36.14075],[148.00492,-36.14008],[148.00242,-36.14017],[148.00034,-36.13861],[148.00012,-36.13686],[148.0024,-36.13547],[148.00337,-36.13301],[148.00268,-36.13044],[147.99977,-36.1287],[147.99962,-36.12732],[148.00081,-36.12578],[147.99997,-36.12367],[147.99674,-36.12423],[147.99538,-36.12288],[147.99258,-36.12294],[147.99108,-36.12199],[147.99242,-36.12012],[147.99502,-36.11947],[147.99355,-36.11839],[147.99393,-36.11691],[147.99765,-36.11673],[147.99773,-36.11508],[147.99537,-36.1159],[147.99279,-36.11523],[147.9933,-36.11272],[147.99549,-36.11282],[147.99554,-36.11125],[147.99314,-36.11158],[147.99296,-36.11035],[147.99461,-36.10966],[147.99635,-36.108],[147.99518,-36.10612],[147.99706,-36.10507],[147.9964,-36.10372],[147.99735,-36.10243],[147.99722,-36.10089],[147.99941,-36.09871],[147.99808,-36.09845],[147.9963,-36.09987],[147.99456,-36.09865],[147.99604,-36.09762],[147.99554,-36.09572],[147.9931,-36.09437],[147.9937,-36.09272],[147.98855,-36.09283],[147.98919,-36.09098],[147.98812,-36.09005],[147.98662,-36.09052],[147.98455,-36.0892],[147.98272,-36.08931],[147.98066,-36.08725],[147.98307,-36.08547],[147.98345,-36.08391],[147.98268,-36.08171],[147.98452,-36.07966],[147.98674,-36.07977],[147.98868,-36.0788],[147.98842,-36.07584],[147.99092,-36.07565],[147.99217,-36.07414],[147.99039,-36.0726],[147.9921,-36.07048],[147.98922,-36.07026],[147.98959,-36.06766],[147.99046,-36.0663],[147.99417,-36.06579],[147.99433,-36.06451],[147.99203,-36.06496],[147.99186,-36.06387],[147.99436,-36.06293],[147.99446,-36.0612],[147.99748,-36.06103],[147.99728,-36.0594],[147.99917,-36.05842],[147.99781,-36.05723],[147.99756,-36.05298],[147.99676,-36.05068],[147.99733,-36.04837],[147.99925,-36.04695],[147.99806,-36.04584],[147.99621,-36.04779],[147.9929,-36.04839],[147.99168,-36.04933],[147.99251,-36.05098],[147.99194,-36.05225],[147.98907,-36.05117],[147.9876,-36.0518],[147.98591,-36.04951],[147.9872,-36.04677],[147.98435,-36.04597],[147.98408,-36.04439],[147.98685,-36.04432],[147.98742,-36.04304],[147.98419,-36.04317],[147.98363,-36.04424],[147.98009,-36.04577],[147.97566,-36.04702],[147.97449,-36.04699],[147.97332,-36.04561],[147.97441,-36.04305],[147.97323,-36.04116],[147.97097,-36.04347],[147.96724,-36.04316],[147.96612,-36.04427],[147.96668,-36.0463],[147.96551,-36.04648],[147.96069,-36.04577],[147.95956,-36.04433],[147.95669,-36.0443],[147.95655,-36.04292],[147.95979,-36.04256],[147.95919,-36.04111],[147.95529,-36.04212],[147.95413,-36.04355],[147.95264,-36.04405],[147.94996,-36.04371],[147.9494,-36.04626],[147.94676,-36.04606],[147.9448,-36.04648],[147.94295,-36.04401],[147.94037,-36.04373],[147.93815,-36.04251],[147.93729,-36.04367],[147.93793,-36.04557],[147.93572,-36.04738],[147.93431,-36.04779],[147.93099,-36.04499],[147.9242,-36.04253],[147.92482,-36.03966],[147.92756,-36.03848],[147.92444,-36.03736],[147.92402,-36.03622],[147.92572,-36.0351],[147.92722,-36.03521],[147.93087,-36.03633],[147.93123,-36.03515],[147.92905,-36.03413],[147.92702,-36.03099],[147.92421,-36.02928],[147.9213,-36.029],[147.91754,-36.02756],[147.91524,-36.02842],[147.91179,-36.02684],[147.91265,-36.02513],[147.91455,-36.0244],[147.91492,-36.02277],[147.91074,-36.02221],[147.91113,-36.02093],[147.91298,-36.02021],[147.91525,-36.02031],[147.91623,-36.01942],[147.91325,-36.01875],[147.9136,-36.01634],[147.91701,-36.01097],[147.91522,-36.01019],[147.91398,-36.00889],[147.91651,-36.00482],[147.91564,-36.0046],[147.91386,-36.00169],[147.91257,-36.00264],[147.9091,-36.00214],[147.90954,-36.00033],[147.91138,-35.99979],[147.91372,-35.99826],[147.91287,-35.99565],[147.91062,-35.99543],[147.90761,-35.99603],[147.90387,-35.99467],[147.9021,-35.99269],[147.89564,-35.99336],[147.89502,-35.99449],[147.89721,-35.99473],[147.89879,-35.99561],[147.89891,-35.9983],[147.89771,-35.99964],[147.89642,-35.9998],[147.89382,-35.99829],[147.88771,-35.99732],[147.88519,-35.9984],[147.88589,-36.00106],[147.88373,-36.00189],[147.88174,-36.00063],[147.88163,-35.99824],[147.88249,-35.99663],[147.87903,-35.99523],[147.87605,-35.99267],[147.87365,-35.9916],[147.86976,-35.99311],[147.86858,-35.9913],[147.86557,-35.98982],[147.86311,-35.99233],[147.86083,-35.99129],[147.86107,-35.98818],[147.85878,-35.98771],[147.85504,-35.98916],[147.85159,-35.98902],[147.84927,-35.98947],[147.84916,-35.98641],[147.84749,-35.98433],[147.85089,-35.98357],[147.85184,-35.98274],[147.85091,-35.98158],[147.8461,-35.98161],[147.84359,-35.98278],[147.8421,-35.98051],[147.84085,-35.98085],[147.84112,-35.98402],[147.84003,-35.9843],[147.83879,-35.9827],[147.83457,-35.97955],[147.83096,-35.97981],[147.82909,-35.97813],[147.82762,-35.97901],[147.82403,-35.98001],[147.82173,-35.97876],[147.82075,-35.97948],[147.81836,-35.97979],[147.81428,-35.97787],[147.81327,-35.97599],[147.81587,-35.97265],[147.81398,-35.9718],[147.81215,-35.97002],[147.81113,-35.96735],[147.80562,-35.965],[147.80209,-35.96526],[147.79689,-35.96379],[147.79266,-35.96456],[147.7908,-35.96644],[147.78772,-35.96721],[147.78414,-35.96574],[147.78201,-35.96581],[147.77952,-35.96661],[147.77924,-35.96773],[147.77749,-35.96859],[147.77543,-35.96764],[147.77306,-35.96493],[147.77193,-35.96475],[147.76802,-35.96531],[147.76688,-35.96321],[147.76902,-35.96105],[147.77217,-35.96093],[147.77348,-35.96032],[147.77292,-35.95875],[147.76602,-35.95929],[147.76258,-35.95832],[147.75977,-35.95567],[147.75717,-35.95479],[147.75294,-35.95656],[147.74743,-35.95755],[147.74149,-35.95664],[147.73854,-35.95507],[147.73291,-35.95096],[147.73145,-35.94933],[147.72843,-35.94745],[147.72668,-35.94714],[147.72153,-35.94698],[147.71833,-35.9453],[147.71702,-35.94376],[147.71679,-35.94232],[147.71805,-35.9397],[147.71742,-35.93813],[147.71594,-35.93716],[147.7134,-35.93446],[147.7103,-35.92908],[147.70816,-35.92857],[147.70345,-35.93019],[147.70082,-35.93218],[147.69109,-35.93733],[147.68637,-35.9388],[147.68209,-35.94257],[147.67922,-35.94386],[147.6755,-35.94451],[147.67396,-35.94417],[147.67224,-35.94257],[147.66424,-35.94374],[147.66056,-35.94326],[147.65303,-35.94429],[147.647,-35.94591],[147.64554,-35.9466],[147.64203,-35.94937],[147.64187,-35.95205],[147.63935,-35.95699],[147.6394,-35.95999],[147.63781,-35.96203],[147.63655,-35.96264],[147.63335,-35.96275],[147.63266,-35.96384],[147.62921,-35.96481],[147.62606,-35.96511],[147.6232,-35.96716],[147.62057,-35.96756],[147.6174,-35.97008],[147.61432,-35.972],[147.60995,-35.9741],[147.60694,-35.9764],[147.60458,-35.97779],[147.60148,-35.97905],[147.59981,-35.97861],[147.59669,-35.97633],[147.59708,-35.97352],[147.59771,-35.97275],[147.59583,-35.97072],[147.59352,-35.96984],[147.58702,-35.96956],[147.58254,-35.96789],[147.57991,-35.96844],[147.5791,-35.9694],[147.57956,-35.97343],[147.57854,-35.97462],[147.5752,-35.97534],[147.57327,-35.97439],[147.57235,-35.97271],[147.57339,-35.97027],[147.57285,-35.96946],[147.57023,-35.96905],[147.56578,-35.96994],[147.56416,-35.96942],[147.56394,-35.96823],[147.56672,-35.96627],[147.5663,-35.96464],[147.56461,-35.96559],[147.56141,-35.96874],[147.55761,-35.96823],[147.5524,-35.96663],[147.55008,-35.96468],[147.54864,-35.96496],[147.54854,-35.96893],[147.55144,-35.97038],[147.55172,-35.97135],[147.55036,-35.97274],[147.54795,-35.97387],[147.54726,-35.97779],[147.54931,-35.97825],[147.55159,-35.97677],[147.5548,-35.97543],[147.55773,-35.97312],[147.55908,-35.97253],[147.56201,-35.97397],[147.56405,-35.97721],[147.56537,-35.97857],[147.56827,-35.97788],[147.57102,-35.97812],[147.58038,-35.97783],[147.58185,-35.97832],[147.58298,-35.98054],[147.58399,-35.98477],[147.58354,-35.98603],[147.57974,-35.98846],[147.57617,-35.98984],[147.56964,-35.99118],[147.56846,-35.99191],[147.56574,-35.99513],[147.56159,-35.99862],[147.55505,-36.00319],[147.5509,-36.00403],[147.54842,-36.00299],[147.54692,-35.99974],[147.54674,-35.9977],[147.54344,-35.99684],[147.53776,-35.9943],[147.53088,-35.9901],[147.52763,-35.98681],[147.52526,-35.98658],[147.52212,-35.98728],[147.5206,-35.98606],[147.51947,-35.98312],[147.52032,-35.98098],[147.51943,-35.97906],[147.5169,-35.97834],[147.51536,-35.97738],[147.51535,-35.97526],[147.5177,-35.97217],[147.51974,-35.97065],[147.52129,-35.96566],[147.52374,-35.96622],[147.52527,-35.96533],[147.52561,-35.96415],[147.52358,-35.96169],[147.52115,-35.96062],[147.51602,-35.95893],[147.5128,-35.9626],[147.51157,-35.96251],[147.50811,-35.95894],[147.50696,-35.95524],[147.50444,-35.95232],[147.50168,-35.95049],[147.50055,-35.94855],[147.49712,-35.94539],[147.49271,-35.94333],[147.49179,-35.94345],[147.49006,-35.94622],[147.48915,-35.94881],[147.48628,-35.94916],[147.48225,-35.94894],[147.48024,-35.94604],[147.47998,-35.94337],[147.4776,-35.94282],[147.47601,-35.9437],[147.47249,-35.94343],[147.46535,-35.94456],[147.46344,-35.94517],[147.46067,-35.94683],[147.45498,-35.95081],[147.45434,-35.95284],[147.45557,-35.95705],[147.45443,-35.95992],[147.45097,-35.96106],[147.44575,-35.95994],[147.44397,-35.95752],[147.44443,-35.95463],[147.44364,-35.95419],[147.4412,-35.95683],[147.43792,-35.95522],[147.43605,-35.95314],[147.43338,-35.95419],[147.43111,-35.95348],[147.43021,-35.95261],[147.42179,-35.94951],[147.41991,-35.94977],[147.41648,-35.9478],[147.41428,-35.94776],[147.41199,-35.9491],[147.40993,-35.94796],[147.40732,-35.94767],[147.40585,-35.94474],[147.40364,-35.94435],[147.40049,-35.94638],[147.39668,-35.94788],[147.3954,-35.94935],[147.3932,-35.94939],[147.39138,-35.94872],[147.3905,-35.95176],[147.39198,-35.95332],[147.39235,-35.95582],[147.38952,-35.95707],[147.38769,-35.959],[147.38877,-35.96023],[147.39279,-35.95966],[147.39427,-35.96099],[147.3929,-35.96262],[147.38986,-35.96259],[147.38838,-35.96328],[147.38894,-35.96564],[147.38856,-35.96896],[147.38993,-35.97095],[147.38969,-35.97293],[147.38544,-35.97259],[147.37823,-35.97333],[147.3741,-35.97133],[147.37283,-35.97197],[147.37406,-35.97518],[147.37417,-35.97689],[147.372,-35.98062],[147.36817,-35.98214],[147.36668,-35.98502],[147.36394,-35.98689],[147.36069,-35.9882],[147.35779,-35.98989],[147.3571,-35.99106],[147.35727,-35.99517],[147.35352,-35.99893],[147.35291,-36.00061],[147.35345,-36.00225],[147.35475,-36.00316],[147.35565,-36.00487],[147.35548,-36.00908],[147.35497,-36.01009],[147.35239,-36.01066],[147.3488,-36.01307],[147.34568,-36.01877],[147.34617,-36.02013],[147.34607,-36.02425],[147.34895,-36.0274],[147.35162,-36.02855],[147.35249,-36.03136],[147.3522,-36.03229],[147.34994,-36.03347],[147.3465,-36.03711],[147.34523,-36.03967],[147.34345,-36.04226],[147.34101,-36.04406],[147.33649,-36.04535],[147.33396,-36.04565],[147.33121,-36.04734],[147.32944,-36.05315],[147.32887,-36.05412],[147.32524,-36.05609],[147.32379,-36.05758],[147.32152,-36.05804],[147.32039,-36.06026],[147.31793,-36.06054],[147.31729,-36.05833],[147.31812,-36.05591],[147.31786,-36.05482],[147.31527,-36.05345],[147.31251,-36.05276],[147.3109,-36.05457],[147.31417,-36.05627],[147.31528,-36.05788],[147.31493,-36.05953],[147.31257,-36.06118],[147.31058,-36.06096],[147.30951,-36.05929],[147.30661,-36.057],[147.30679,-36.05385],[147.30414,-36.05249],[147.3023,-36.05012],[147.30265,-36.04903],[147.30499,-36.04848],[147.30459,-36.04734],[147.30176,-36.04778],[147.30028,-36.04528],[147.29757,-36.04663],[147.29649,-36.04473],[147.29243,-36.04381],[147.2906,-36.04268],[147.28745,-36.0431],[147.28625,-36.04187],[147.28565,-36.03964],[147.28456,-36.03947],[147.28224,-36.04052],[147.27981,-36.04328],[147.27547,-36.04168],[147.27159,-36.0407],[147.26783,-36.03936],[147.26292,-36.03928],[147.26055,-36.04017],[147.25316,-36.04153],[147.25054,-36.04143],[147.24298,-36.03807],[147.24171,-36.0386],[147.23959,-36.04216],[147.23814,-36.04335],[147.23299,-36.04194],[147.23101,-36.04331],[147.22854,-36.04578],[147.22595,-36.04781],[147.22448,-36.04843],[147.21938,-36.048],[147.21471,-36.04656],[147.21227,-36.04796],[147.20932,-36.04901],[147.20635,-36.04964],[147.2033,-36.0486],[147.196,-36.04332],[147.19427,-36.04433],[147.19164,-36.04392],[147.18756,-36.04182],[147.18703,-36.04047],[147.18824,-36.03853],[147.18666,-36.03743],[147.18361,-36.03763],[147.17761,-36.03544],[147.17152,-36.03397],[147.16854,-36.03295],[147.16643,-36.03113],[147.16486,-36.03068],[147.16158,-36.0309],[147.15889,-36.03349],[147.15638,-36.0352],[147.15473,-36.03537],[147.15128,-36.03234],[147.15018,-36.03174],[147.14819,-36.03242],[147.1464,-36.03633],[147.14542,-36.0373],[147.14337,-36.03718],[147.14309,-36.03454],[147.14464,-36.03277],[147.14479,-36.03144],[147.14263,-36.02929],[147.14017,-36.02836],[147.13629,-36.02795],[147.13386,-36.02579],[147.13077,-36.02358],[147.13099,-36.02046],[147.13044,-36.0196],[147.12768,-36.01847],[147.12738,-36.0169],[147.12819,-36.01566],[147.12736,-36.01334],[147.1284,-36.01211],[147.12806,-36.01096],[147.1252,-36.00856],[147.12522,-36.00769],[147.1271,-36.00604],[147.12649,-36.00512],[147.12375,-36.00455],[147.12294,-36.00329],[147.12514,-36.00123],[147.12515,-35.99906],[147.12367,-35.99706],[147.12566,-35.99554],[147.12369,-35.99455],[147.12242,-35.99505],[147.12054,-36.00026],[147.11838,-35.99997],[147.11697,-35.99849],[147.11561,-35.99883],[147.11358,-36.00057],[147.11138,-36.00151],[147.11324,-36.00236],[147.11555,-36.00436],[147.11618,-36.00625],[147.11572,-36.00795],[147.11228,-36.00812],[147.11007,-36.00684],[147.10776,-36.00487],[147.1063,-36.00628],[147.10652,-36.00801],[147.10991,-36.0087],[147.11067,-36.0103],[147.10982,-36.01207],[147.10812,-36.01284],[147.10518,-36.01074],[147.10311,-36.01103],[147.09819,-36.01013],[147.09839,-36.01229],[147.10007,-36.01235],[147.10383,-36.01166],[147.10546,-36.01176],[147.1063,-36.01389],[147.10557,-36.01754],[147.10473,-36.01874],[147.10252,-36.01976],[147.10057,-36.01897],[147.10059,-36.01638],[147.09926,-36.01535],[147.09732,-36.01677],[147.09839,-36.01873],[147.09671,-36.02156],[147.09721,-36.02261],[147.09941,-36.02438],[147.0991,-36.02619],[147.09785,-36.02805],[147.09628,-36.02832],[147.09359,-36.02627],[147.09222,-36.02747],[147.09279,-36.02885],[147.09836,-36.03155],[147.10286,-36.03227],[147.10318,-36.03429],[147.10009,-36.03607],[147.10035,-36.03737],[147.09963,-36.03905],[147.09638,-36.0386],[147.09664,-36.04055],[147.09895,-36.04166],[147.09876,-36.04429],[147.09717,-36.04662],[147.09417,-36.04679],[147.09361,-36.04363],[147.09152,-36.04423],[147.09171,-36.04663],[147.09444,-36.0485],[147.09558,-36.04978],[147.09544,-36.05271],[147.09366,-36.05322],[147.09252,-36.05256],[147.091,-36.04912],[147.08859,-36.05016],[147.08871,-36.05266],[147.08764,-36.05325],[147.08493,-36.05252],[147.08338,-36.05341],[147.08088,-36.0536],[147.08087,-36.055],[147.08461,-36.05506],[147.08495,-36.05676],[147.08064,-36.05654],[147.07912,-36.0577],[147.07926,-36.05931],[147.07817,-36.06075],[147.07638,-36.06137],[147.0759,-36.06366],[147.07508,-36.06459],[147.07332,-36.06474],[147.0711,-36.06367],[147.06922,-36.06119],[147.06783,-36.061],[147.06654,-36.06418],[147.06757,-36.06724],[147.06681,-36.06862],[147.06453,-36.06835],[147.06427,-36.0662],[147.06219,-36.06574],[147.05964,-36.07201],[147.05953,-36.07616],[147.06199,-36.07949],[147.06288,-36.08125],[147.06227,-36.08328],[147.05769,-36.08618],[147.05926,-36.08835],[147.05885,-36.08987],[147.05774,-36.09031],[147.05264,-36.09045],[147.05199,-36.09169],[147.05209,-36.09472],[147.05069,-36.09701],[147.05096,-36.09846],[147.05343,-36.09896],[147.05557,-36.10107],[147.05414,-36.10534],[147.05314,-36.10685],[147.05181,-36.10728],[147.04991,-36.10671],[147.04845,-36.10485],[147.04736,-36.10447],[147.04364,-36.10442],[147.04163,-36.10563],[147.04284,-36.10822],[147.04072,-36.11097],[147.03667,-36.11312],[147.03529,-36.11491],[147.03414,-36.11524],[147.03249,-36.11432],[147.03207,-36.11094],[147.02901,-36.10713],[147.02687,-36.10571],[147.02564,-36.10399],[147.02509,-36.10209],[147.02305,-36.09995],[147.02032,-36.09896],[147.0177,-36.09952],[147.01409,-36.09798],[147.01309,-36.09652],[147.01408,-36.09308],[147.01693,-36.09048],[147.01538,-36.08853],[147.01125,-36.08791],[147.00799,-36.08948],[147.00601,-36.08836],[147.00736,-36.08648],[147.00901,-36.08538],[147.00746,-36.0834],[147.00359,-36.08396],[147.00148,-36.08642],[146.99941,-36.08731],[146.99696,-36.08699],[146.99282,-36.08586],[146.9904,-36.08617],[146.98797,-36.08798],[146.98574,-36.09094],[146.98436,-36.09385],[146.98252,-36.09461],[146.97976,-36.09389],[146.97774,-36.09121],[146.97658,-36.08805],[146.97649,-36.08525],[146.9754,-36.08507],[146.97351,-36.08284],[146.97149,-36.08194],[146.96977,-36.08316],[146.96654,-36.08356],[146.96545,-36.08265],[146.96479,-36.08085],[146.96323,-36.08084],[146.96273,-36.08219],[146.96001,-36.08096],[146.95951,-36.07926],[146.95714,-36.07806],[146.95588,-36.07833],[146.95681,-36.08061],[146.95935,-36.08358],[146.95869,-36.08557],[146.95523,-36.08827],[146.95526,-36.08933],[146.95861,-36.09087],[146.95871,-36.09203],[146.95709,-36.09281],[146.95308,-36.09234],[146.95128,-36.09301],[146.95041,-36.09475],[146.95201,-36.09815],[146.95186,-36.09998],[146.94916,-36.10108],[146.94832,-36.10354],[146.9486,-36.10562],[146.94941,-36.10694],[146.9518,-36.10785],[146.95271,-36.10929],[146.95242,-36.11091],[146.94982,-36.11257],[146.94674,-36.11384],[146.94463,-36.11571],[146.94227,-36.1155],[146.93899,-36.113],[146.93572,-36.11211],[146.93382,-36.1112],[146.93394,-36.10965],[146.92829,-36.10596],[146.92763,-36.10289],[146.92892,-36.10159],[146.93008,-36.09941],[146.92863,-36.09715],[146.9255,-36.09716],[146.92386,-36.09796],[146.92142,-36.10054],[146.92183,-36.10213],[146.92413,-36.10341],[146.9254,-36.10604],[146.92376,-36.10859],[146.92142,-36.10886],[146.91897,-36.10785],[146.91694,-36.10903],[146.91645,-36.11127],[146.91362,-36.11274],[146.90745,-36.11114],[146.90587,-36.10912],[146.90706,-36.10684],[146.91207,-36.10612],[146.91213,-36.10411],[146.91022,-36.10323],[146.90929,-36.10198],[146.90893,-36.09994],[146.90654,-36.09857],[146.90416,-36.09886],[146.90334,-36.09761],[146.90513,-36.09439],[146.90616,-36.09148],[146.9058,-36.09023],[146.90292,-36.08745],[146.90395,-36.086],[146.90694,-36.08605],[146.90694,-36.08492],[146.90516,-36.08379],[146.90197,-36.08287],[146.90031,-36.08333],[146.89947,-36.08512],[146.8966,-36.08591],[146.89533,-36.08562],[146.89123,-36.08717],[146.8902,-36.08794],[146.88716,-36.08785],[146.88472,-36.08687],[146.8827,-36.08758],[146.88069,-36.08721],[146.87733,-36.08371],[146.87612,-36.08073],[146.87649,-36.07968],[146.87437,-36.07718],[146.87318,-36.07377],[146.87104,-36.0738],[146.86503,-36.07283],[146.86395,-36.07431],[146.86569,-36.07658],[146.86493,-36.07804],[146.86264,-36.07831],[146.86097,-36.07783],[146.86018,-36.07608],[146.86139,-36.07419],[146.86019,-36.07373],[146.85774,-36.07522],[146.85679,-36.07726],[146.85737,-36.07817],[146.8606,-36.07998],[146.86087,-36.0818],[146.86022,-36.08331],[146.85644,-36.08512],[146.85447,-36.08503],[146.85168,-36.08389],[146.85009,-36.0849],[146.8488,-36.08653],[146.84667,-36.0867],[146.84516,-36.0859],[146.84403,-36.08442],[146.84132,-36.08435],[146.83899,-36.0834],[146.83767,-36.0822],[146.8363,-36.08214],[146.83406,-36.08602],[146.83202,-36.0865],[146.83039,-36.08603],[146.82878,-36.08646],[146.82587,-36.08873],[146.82392,-36.08832],[146.82151,-36.08646],[146.82132,-36.08385],[146.82245,-36.08228],[146.82441,-36.08138],[146.82576,-36.07954],[146.82781,-36.07775],[146.82683,-36.07639],[146.82452,-36.07635],[146.82369,-36.07476],[146.82572,-36.07274],[146.8253,-36.07041],[146.82407,-36.06974],[146.8222,-36.07015],[146.82052,-36.07221],[146.81802,-36.07414],[146.81654,-36.07452],[146.81529,-36.07366],[146.81445,-36.07055],[146.81586,-36.06932],[146.8182,-36.06909],[146.81857,-36.06804],[146.81674,-36.06724],[146.81391,-36.06844],[146.81263,-36.067],[146.81452,-36.064],[146.81056,-36.06235],[146.80642,-36.06107],[146.80381,-36.05812],[146.80222,-36.05742],[146.8002,-36.05874],[146.79707,-36.0575],[146.79526,-36.05779],[146.79338,-36.06086],[146.79498,-36.06191],[146.79804,-36.06196],[146.79894,-36.06322],[146.79817,-36.06446],[146.79473,-36.06527],[146.79176,-36.06376],[146.78927,-36.06397],[146.78816,-36.06506],[146.78675,-36.06436],[146.78688,-36.06198],[146.78858,-36.06117],[146.78913,-36.06006],[146.78692,-36.0584],[146.78479,-36.05907],[146.78278,-36.05866],[146.78166,-36.05929],[146.78064,-36.06105],[146.7831,-36.06249],[146.78267,-36.06405],[146.78057,-36.0644],[146.77954,-36.06353],[146.77689,-36.05986],[146.7709,-36.0579],[146.76805,-36.05871],[146.76732,-36.05615],[146.76522,-36.05672],[146.76532,-36.05862],[146.76407,-36.05954],[146.76034,-36.05823],[146.7596,-36.05628],[146.76302,-36.05303],[146.76236,-36.05121],[146.75931,-36.05254],[146.75714,-36.05159],[146.7561,-36.05324],[146.75802,-36.05445],[146.75847,-36.05552],[146.7561,-36.05673],[146.75362,-36.05515],[146.75246,-36.05605],[146.75526,-36.05823],[146.75459,-36.05972],[146.7528,-36.06078],[146.74984,-36.06114],[146.74808,-36.06032],[146.74686,-36.05868],[146.747,-36.05652],[146.74788,-36.05262],[146.74927,-36.05098],[146.75085,-36.05003],[146.75088,-36.04684],[146.75327,-36.04271],[146.75241,-36.04134],[146.7512,-36.04111],[146.7489,-36.04246],[146.74692,-36.04637],[146.74486,-36.04771],[146.74317,-36.04751],[146.74031,-36.04514],[146.73921,-36.04532],[146.73748,-36.04748],[146.73521,-36.04801],[146.7333,-36.04582],[146.73082,-36.04514],[146.73092,-36.0403],[146.73162,-36.03838],[146.73506,-36.03669],[146.73495,-36.03572],[146.73296,-36.03468],[146.73241,-36.03094],[146.73017,-36.03123],[146.72817,-36.02968],[146.72907,-36.02761],[146.73061,-36.02681],[146.73255,-36.02668],[146.73259,-36.02452],[146.73138,-36.02343],[146.72947,-36.02443],[146.72767,-36.02628],[146.72556,-36.0275],[146.7225,-36.02846],[146.72028,-36.02864],[146.71622,-36.02638],[146.71485,-36.02782],[146.71168,-36.0294],[146.70827,-36.02958],[146.70794,-36.0304],[146.7101,-36.03463],[146.70935,-36.03565],[146.70604,-36.03601],[146.70244,-36.03363],[146.69973,-36.03367],[146.69794,-36.0332],[146.69679,-36.03124],[146.69396,-36.03153],[146.69151,-36.03108],[146.69015,-36.03009],[146.68947,-36.0318],[146.69164,-36.03263],[146.69418,-36.03268],[146.69512,-36.03341],[146.69456,-36.03534],[146.69243,-36.03719],[146.6905,-36.03811],[146.69005,-36.04019],[146.6885,-36.04092],[146.68579,-36.04051],[146.68282,-36.03897],[146.68037,-36.03521],[146.68038,-36.0326],[146.68288,-36.03047],[146.68221,-36.02916],[146.67999,-36.02921],[146.67866,-36.03008],[146.67644,-36.02977],[146.67514,-36.02824],[146.6774,-36.02674],[146.68171,-36.02598],[146.6824,-36.02438],[146.68012,-36.0223],[146.6788,-36.0219],[146.6746,-36.02192],[146.67362,-36.02291],[146.6733,-36.02526],[146.67176,-36.02611],[146.6707,-36.0253],[146.66871,-36.02189],[146.66949,-36.01905],[146.66823,-36.0177],[146.66614,-36.01892],[146.66551,-36.0204],[146.66697,-36.0242],[146.66974,-36.02651],[146.66859,-36.02861],[146.6659,-36.02917],[146.664,-36.02888],[146.66272,-36.02671],[146.66046,-36.02615],[146.65696,-36.02661],[146.65569,-36.02605],[146.65537,-36.0244],[146.6575,-36.02327],[146.65838,-36.02194],[146.65712,-36.02116],[146.65443,-36.02177],[146.65152,-36.02114],[146.65038,-36.01966],[146.6505,-36.01844],[146.65235,-36.01711],[146.65541,-36.01779],[146.658,-36.01764],[146.6589,-36.01631],[146.65872,-36.01452],[146.65758,-36.01388],[146.65344,-36.01483],[146.65124,-36.01443],[146.64995,-36.01344],[146.64932,-36.01099],[146.6512,-36.00781],[146.64889,-36.00719],[146.64569,-36.00787],[146.64373,-36.00649],[146.64353,-36.00477],[146.6417,-36.00452],[146.64146,-36.0057],[146.64292,-36.00817],[146.64242,-36.00945],[146.63991,-36.00923],[146.63823,-36.00696],[146.63506,-36.00478],[146.63204,-36.00438],[146.63063,-36.00247],[146.63395,-36.00021],[146.63258,-35.99941],[146.62997,-36.00014],[146.62775,-35.99963],[146.6268,-35.99807],[146.62668,-35.99651],[146.62226,-35.99514],[146.62118,-35.9939],[146.61877,-35.99312],[146.61746,-35.99365],[146.61605,-35.99607],[146.61479,-35.99662],[146.61319,-35.99505],[146.61342,-35.99114],[146.61229,-35.98976],[146.60938,-35.98923],[146.60785,-35.98675],[146.60977,-35.98481],[146.61166,-35.98465],[146.61599,-35.9825],[146.61622,-35.98094],[146.61494,-35.98045],[146.6119,-35.9806],[146.61128,-35.97871],[146.61438,-35.97714],[146.61808,-35.97602],[146.61874,-35.97501],[146.61751,-35.97393],[146.61399,-35.97309],[146.6116,-35.97203],[146.60939,-35.97248],[146.60806,-35.97388],[146.60631,-35.97408],[146.60393,-35.97266],[146.60298,-35.97286],[146.60257,-35.9749],[146.60132,-35.97555],[146.59985,-35.97399],[146.59977,-35.97044],[146.59886,-35.97039],[146.59704,-35.97258],[146.59541,-35.97373],[146.59378,-35.974],[146.59001,-35.97349],[146.58727,-35.97447],[146.5844,-35.97427],[146.58326,-35.97623],[146.58563,-35.97895],[146.58682,-35.98087],[146.58627,-35.98269],[146.5832,-35.98327],[146.57971,-35.98181],[146.57771,-35.97864],[146.5753,-35.97817],[146.56993,-35.97869],[146.56832,-35.97783],[146.56735,-35.97458],[146.56562,-35.97479],[146.56316,-35.97631],[146.56183,-35.97542],[146.56285,-35.97226],[146.56583,-35.97034],[146.56339,-35.96882],[146.55897,-35.97109],[146.55901,-35.97312],[146.56062,-35.97554],[146.55964,-35.97618],[146.55877,-35.97843],[146.55519,-35.97796],[146.5525,-35.9783],[146.55226,-35.98049],[146.55405,-35.98148],[146.55521,-35.98287],[146.55487,-35.98426],[146.55249,-35.98535],[146.54988,-35.98504],[146.55101,-35.98759],[146.55442,-35.98697],[146.55609,-35.98808],[146.55443,-35.99012],[146.55133,-35.99097],[146.54965,-35.99188],[146.548,-35.99132],[146.54682,-35.98968],[146.544,-35.98802],[146.54277,-35.98641],[146.5387,-35.98393],[146.53822,-35.98166],[146.53661,-35.98203],[146.53437,-35.98384],[146.53275,-35.98399],[146.53172,-35.98298],[146.53178,-35.97997],[146.5329,-35.97636],[146.53105,-35.97441],[146.52857,-35.97336],[146.52697,-35.97165],[146.52567,-35.96935],[146.5247,-35.96914],[146.52218,-35.97004],[146.51934,-35.9687],[146.51909,-35.96671],[146.52109,-35.96441],[146.52147,-35.96218],[146.51939,-35.96008],[146.51712,-35.96004],[146.51626,-35.96204],[146.51431,-35.96333],[146.51239,-35.96361],[146.51076,-35.96315],[146.50723,-35.96026],[146.50169,-35.95756],[146.50065,-35.9597],[146.50109,-35.9627],[146.50071,-35.96434],[146.49767,-35.9668],[146.49718,-35.96828],[146.49748,-35.97105],[146.4962,-35.97297],[146.49684,-35.97477],[146.50058,-35.97831],[146.4999,-35.98008],[146.49803,-35.98136],[146.49597,-35.98204],[146.49394,-35.98365],[146.49228,-35.98418],[146.49219,-35.98705],[146.48941,-35.98721],[146.48689,-35.98522],[146.48456,-35.98459],[146.47952,-35.98493],[146.47771,-35.98404],[146.47691,-35.98215],[146.47524,-35.9823],[146.47393,-35.98359],[146.47113,-35.98298],[146.47037,-35.98182],[146.46831,-35.98428],[146.46651,-35.9839],[146.46543,-35.98123],[146.46591,-35.97895],[146.46766,-35.97829],[146.46972,-35.97668],[146.46916,-35.97552],[146.46582,-35.97387],[146.46451,-35.97214],[146.46183,-35.97043],[146.46159,-35.96884],[146.46322,-35.96704],[146.46137,-35.96496],[146.45947,-35.96486],[146.45732,-35.9667],[146.4549,-35.96536],[146.45448,-35.96271],[146.45246,-35.96257],[146.45037,-35.96428],[146.44775,-35.96459],[146.44671,-35.96687],[146.44582,-35.97286],[146.44417,-35.97577],[146.44131,-35.97603],[146.43897,-35.97408],[146.43851,-35.97255],[146.43891,-35.96968],[146.43818,-35.96797],[146.43547,-35.96666],[146.42769,-35.96515],[146.42565,-35.96371],[146.42384,-35.96524],[146.42165,-35.96581],[146.42161,-35.96827],[146.4247,-35.97188],[146.42511,-35.97295],[146.42281,-35.9744],[146.4198,-35.97286],[146.4188,-35.97479],[146.42059,-35.97664],[146.42034,-35.97819],[146.41763,-35.97859],[146.41577,-35.97712],[146.41502,-35.97525],[146.41367,-35.97588],[146.41493,-35.97892],[146.4141,-35.98019],[146.41189,-35.98152],[146.41486,-35.98225],[146.41548,-35.98402],[146.41148,-35.9865],[146.41079,-35.986],[146.40847,-35.98693],[146.40472,-35.98769],[146.40269,-35.98844],[146.4015,-35.99093],[146.39796,-35.99669],[146.39804,-35.99955],[146.3999,-36.00358],[146.39981,-36.00628],[146.39838,-36.00789],[146.39679,-36.00824],[146.39587,-36.00741],[146.39128,-36.00676],[146.38846,-36.00713],[146.38629,-36.00803],[146.38196,-36.01145],[146.38059,-36.01303],[146.37967,-36.01575],[146.37866,-36.0237],[146.37988,-36.02844],[146.38189,-36.03045],[146.3862,-36.0326],[146.3878,-36.03529],[146.38522,-36.03826],[146.38255,-36.03936],[146.37735,-36.03816],[146.37594,-36.03898],[146.37642,-36.04007],[146.37907,-36.04215],[146.37982,-36.0433],[146.37855,-36.04555],[146.37444,-36.04611],[146.37166,-36.04773],[146.36978,-36.05044],[146.36748,-36.05032],[146.36418,-36.04703],[146.36172,-36.04337],[146.35724,-36.04046],[146.35527,-36.04013],[146.3514,-36.04167],[146.35004,-36.04165],[146.34719,-36.03829],[146.34696,-36.03478],[146.34587,-36.02981],[146.34478,-36.02843],[146.34203,-36.02775],[146.34017,-36.0267],[146.33717,-36.0265],[146.33504,-36.02765],[146.33375,-36.02762],[146.33129,-36.02641],[146.33043,-36.02811],[146.32821,-36.02978],[146.32778,-36.03154],[146.32524,-36.03348],[146.32525,-36.03442],[146.32732,-36.03543],[146.3301,-36.03522],[146.33138,-36.03587],[146.33173,-36.03753],[146.3294,-36.04001],[146.33002,-36.04247],[146.3277,-36.04334],[146.32397,-36.04142],[146.32267,-36.04135],[146.31978,-36.04235],[146.31873,-36.04185],[146.31854,-36.04026],[146.31722,-36.03856],[146.31504,-36.03933],[146.31534,-36.04352],[146.31477,-36.04511],[146.31309,-36.04559],[146.31105,-36.04393],[146.30903,-36.03934],[146.30697,-36.03948],[146.30595,-36.04062],[146.30593,-36.04283],[146.30334,-36.04318],[146.30148,-36.04188],[146.30085,-36.0393],[146.30155,-36.03676],[146.30081,-36.0365],[146.29713,-36.03954],[146.2979,-36.04273],[146.29672,-36.04424],[146.29885,-36.04457],[146.30018,-36.04374],[146.30213,-36.04459],[146.30153,-36.04646],[146.29953,-36.04774],[146.29763,-36.04743],[146.29207,-36.0452],[146.29094,-36.04208],[146.2919,-36.03942],[146.29124,-36.03874],[146.28781,-36.03941],[146.28566,-36.04173],[146.28285,-36.04142],[146.28253,-36.04],[146.2835,-36.03827],[146.28643,-36.03628],[146.29035,-36.03643],[146.29035,-36.03484],[146.28617,-36.03325],[146.28581,-36.03139],[146.28639,-36.03009],[146.28806,-36.02973],[146.29241,-36.03025],[146.2933,-36.02885],[146.29223,-36.02719],[146.29229,-36.02491],[146.2913,-36.0244],[146.28915,-36.0265],[146.28531,-36.02781],[146.28325,-36.0274],[146.28176,-36.02477],[146.28188,-36.02334],[146.28555,-36.02145],[146.28783,-36.02078],[146.29074,-36.02073],[146.29095,-36.01984],[146.28885,-36.01852],[146.28787,-36.01484],[146.28505,-36.01395],[146.28327,-36.01458],[146.28208,-36.01587],[146.28019,-36.01664],[146.27821,-36.01447],[146.27904,-36.01307],[146.28239,-36.01209],[146.28072,-36.01133],[146.27617,-36.01165],[146.27469,-36.01271],[146.27669,-36.01658],[146.27677,-36.01744],[146.27431,-36.01966],[146.27433,-36.02058],[146.278,-36.02228],[146.27747,-36.02403],[146.27292,-36.02659],[146.27028,-36.02642],[146.26721,-36.02428],[146.26794,-36.02265],[146.2672,-36.021],[146.26423,-36.02164],[146.26099,-36.02171],[146.26035,-36.01994],[146.26158,-36.01752],[146.26115,-36.01579],[146.25906,-36.0153],[146.25748,-36.01377],[146.25575,-36.01382],[146.25289,-36.0157],[146.25248,-36.01841],[146.25124,-36.01945],[146.2496,-36.01933],[146.24813,-36.0173],[146.24569,-36.01748],[146.24444,-36.01958],[146.24518,-36.02067],[146.24707,-36.02143],[146.24984,-36.02153],[146.25069,-36.02343],[146.24883,-36.02453],[146.24215,-36.02347],[146.24168,-36.02462],[146.24386,-36.02664],[146.2441,-36.02767],[146.24201,-36.02902],[146.24002,-36.02816],[146.23539,-36.02787],[146.23283,-36.02911],[146.23169,-36.03299],[146.22933,-36.03386],[146.22816,-36.0328],[146.22863,-36.0298],[146.2276,-36.02884],[146.22219,-36.02986],[146.22047,-36.03173],[146.2213,-36.03523],[146.22015,-36.03669],[146.21797,-36.03682],[146.2147,-36.0359],[146.21303,-36.0374],[146.21235,-36.0388],[146.20974,-36.03787],[146.2103,-36.03563],[146.21374,-36.03359],[146.21585,-36.03366],[146.21554,-36.03227],[146.21303,-36.02866],[146.21121,-36.02882],[146.20805,-36.03345],[146.20506,-36.03555],[146.20672,-36.03668],[146.20534,-36.03887],[146.20375,-36.03892],[146.19892,-36.03722],[146.19858,-36.03498],[146.19991,-36.03394],[146.19824,-36.03017],[146.19525,-36.03208],[146.19517,-36.03322],[146.19311,-36.03588],[146.19173,-36.03609],[146.19088,-36.03817],[146.18818,-36.03933],[146.18769,-36.04122],[146.18575,-36.04189],[146.18434,-36.04132],[146.18207,-36.03897],[146.17915,-36.03867],[146.17847,-36.03671],[146.18129,-36.03586],[146.18189,-36.0342],[146.18091,-36.03347],[146.17686,-36.034],[146.17727,-36.03655],[146.17554,-36.03797],[146.17505,-36.04156],[146.17758,-36.04627],[146.1789,-36.05049],[146.18145,-36.05083],[146.18212,-36.04866],[146.18396,-36.04667],[146.18633,-36.04527],[146.18892,-36.04649],[146.19199,-36.04719],[146.19336,-36.04621],[146.19344,-36.04456],[146.1951,-36.04387],[146.19864,-36.04384],[146.20037,-36.04754],[146.19758,-36.04894],[146.1972,-36.04966],[146.19643,-36.05485],[146.19661,-36.05841],[146.19481,-36.06401],[146.1994,-36.06401],[146.2013,-36.06475],[146.20055,-36.06797],[146.20307,-36.06951],[146.20976,-36.07038],[146.23382,-36.07332],[146.24176,-36.0744],[146.26284,-36.07706],[146.26827,-36.0765],[146.27797,-36.07767],[146.27659,-36.08492],[146.29476,-36.08755],[146.29063,-36.10937],[146.28419,-36.14226],[146.33867,-36.149],[146.33868,-36.14894],[146.39113,-36.15563],[146.39115,-36.15554],[146.4383,-36.16158],[146.46361,-36.16478],[146.47261,-36.16583],[146.49904,-36.16905],[146.50103,-36.16867],[146.50188,-36.171],[146.50981,-36.16853],[146.5132,-36.17034],[146.52329,-36.17152],[146.52199,-36.17761],[146.53285,-36.17913],[146.53219,-36.1822],[146.54019,-36.18326],[146.53971,-36.18547],[146.53624,-36.18676],[146.53147,-36.1861],[146.5288,-36.19851],[146.52954,-36.20142],[146.52829,-36.2049],[146.52829,-36.20852],[146.52645,-36.21191],[146.52519,-36.2152],[146.52787,-36.21773],[146.53554,-36.22819],[146.53444,-36.23151],[146.53084,-36.23256],[146.52542,-36.23293],[146.52163,-36.23469],[146.51902,-36.23846],[146.51742,-36.2397],[146.5173,-36.24124],[146.51506,-36.24467],[146.51395,-36.24485],[146.51265,-36.24679],[146.57155,-36.25362],[146.56447,-36.29204],[146.55797,-36.32882],[146.56138,-36.32607],[146.56557,-36.3266],[146.56721,-36.32588],[146.56902,-36.32624],[146.57147,-36.32487],[146.57424,-36.32133],[146.57694,-36.31876],[146.58263,-36.3169],[146.58738,-36.31697],[146.59003,-36.31659],[146.59331,-36.31434],[146.5937,-36.31318],[146.59582,-36.31141],[146.59907,-36.31103],[146.60657,-36.30811],[146.61526,-36.30929],[146.61895,-36.30811],[146.61952,-36.30607],[146.62098,-36.30453],[146.62096,-36.30329],[146.6224,-36.30064],[146.62563,-36.30059],[146.63326,-36.30145],[146.63496,-36.30344],[146.63539,-36.30626],[146.63244,-36.3059],[146.63171,-36.30973],[146.62812,-36.31118],[146.62618,-36.32011],[146.62564,-36.32446],[146.62365,-36.32512],[146.62244,-36.32648],[146.61987,-36.337],[146.62394,-36.3376],[146.62033,-36.35187],[146.61723,-36.35236],[146.61619,-36.35541],[146.61351,-36.35787],[146.61528,-36.35861],[146.61707,-36.35851],[146.61644,-36.36055],[146.61431,-36.36212],[146.61265,-36.36413],[146.61266,-36.36528],[146.61096,-36.36697],[146.61163,-36.36944],[146.61321,-36.37216],[146.60886,-36.37557],[146.60513,-36.37984],[146.60453,-36.38112],[146.61401,-36.38126],[146.61171,-36.39211],[146.61235,-36.39319],[146.61185,-36.39615],[146.61677,-36.39541],[146.61667,-36.39629],[146.63122,-36.40447],[146.63598,-36.40366],[146.64044,-36.40374],[146.64347,-36.40226],[146.6429,-36.40589],[146.64768,-36.40699],[146.65556,-36.40802],[146.65529,-36.40966],[146.65904,-36.41022],[146.65916,-36.40959],[146.66635,-36.40868],[146.6742,-36.41223],[146.67647,-36.41253],[146.67544,-36.41641],[146.67986,-36.41686],[146.68276,-36.41752],[146.68346,-36.41877],[146.68785,-36.42161],[146.68903,-36.41713],[146.69387,-36.41776],[146.69358,-36.41525],[146.69715,-36.41341],[146.69842,-36.414],[146.69854,-36.41554],[146.72499,-36.41871],[146.72577,-36.45923],[146.80331,-36.45139],[146.80392,-36.45105],[146.80306,-36.44713],[146.80352,-36.44665],[146.82267,-36.44896],[146.83339,-36.45037],[146.83661,-36.44977],[146.85092,-36.45135],[146.85265,-36.44259],[146.86897,-36.4447],[146.86483,-36.45217],[146.88147,-36.45431],[146.88425,-36.44918],[146.88548,-36.44633],[146.88858,-36.44228],[146.89064,-36.43897],[146.89149,-36.43601],[146.89796,-36.43686],[146.89707,-36.44123],[146.91005,-36.44294],[146.90985,-36.44392],[146.91665,-36.44482],[146.91912,-36.44605],[146.91961,-36.44775],[146.91745,-36.45007],[146.91837,-36.4515],[146.92403,-36.45233],[146.92268,-36.45871],[146.92563,-36.4618],[146.93102,-36.46481],[146.93443,-36.46739],[146.9395,-36.46671],[146.94088,-36.46584],[146.94237,-36.46624],[146.94379,-36.46798],[146.94455,-36.47095],[146.94434,-36.47353],[146.94679,-36.47673],[146.9473,-36.47879],[146.94626,-36.48067],[146.9477,-36.48229],[146.94924,-36.4824],[146.95133,-36.48349],[146.95224,-36.48853],[146.95308,-36.4907],[146.95124,-36.49322],[146.94892,-36.49492],[146.94851,-36.49585],[146.94909,-36.49956],[146.94856,-36.5016],[146.94725,-36.5037],[146.94636,-36.50728],[146.94719,-36.50848],[146.95222,-36.51248],[146.95234,-36.51607],[146.95531,-36.5176],[146.96107,-36.51933],[146.96446,-36.51785],[146.96849,-36.51836],[146.97094,-36.51793],[146.97223,-36.51942],[146.97208,-36.52154],[146.97078,-36.52273],[146.97164,-36.52409],[146.97097,-36.52546],[146.97352,-36.52664],[146.97211,-36.53036],[146.97568,-36.53389],[146.98036,-36.53343],[146.98114,-36.53415],[146.97964,-36.53834],[146.97858,-36.53992],[146.97958,-36.54204],[146.98008,-36.54657],[146.97821,-36.5509],[146.97592,-36.55249],[146.97072,-36.55222],[146.96953,-36.55387],[146.97028,-36.5562],[146.96912,-36.55696],[146.96912,-36.56108],[146.96822,-36.56337],[146.96791,-36.56897],[146.96828,-36.57584],[146.9676,-36.57739],[146.96749,-36.58127],[146.96808,-36.58347],[146.96659,-36.58581],[146.96627,-36.58794],[146.96434,-36.59468],[146.96164,-36.59452],[146.96026,-36.5951],[146.95833,-36.59695],[146.95413,-36.59728],[146.95131,-36.5966],[146.94991,-36.59707],[146.94472,-36.60005],[146.9395,-36.62125],[146.94109,-36.62119],[146.94017,-36.6254],[146.93848,-36.62509],[146.93142,-36.65413],[146.96206,-36.65719],[146.98878,-36.66095],[147.0654,-36.67198],[147.07573,-36.62824],[147.09667,-36.63151],[147.09496,-36.63851],[147.09845,-36.63906],[147.09739,-36.64347],[147.10054,-36.64287],[147.10427,-36.64384],[147.10696,-36.64965],[147.10279,-36.65176],[147.09987,-36.6652],[147.0968,-36.66477],[147.09543,-36.67113],[147.09645,-36.67369],[147.10264,-36.67667],[147.10535,-36.67686],[147.10528,-36.6754],[147.11816,-36.67086],[147.1217,-36.68134],[147.12357,-36.68194],[147.12422,-36.68421],[147.13012,-36.68534],[147.13582,-36.69366],[147.13456,-36.69348],[147.13629,-36.69926],[147.1282,-36.69825],[147.12566,-36.70932],[147.13237,-36.71026],[147.13075,-36.71604],[147.13098,-36.71701],[147.12784,-36.72085],[147.12593,-36.72106],[147.12552,-36.72221],[147.11906,-36.72695],[147.115,-36.73445],[147.10939,-36.74732],[147.1063,-36.75521],[147.10532,-36.75899],[147.10571,-36.76609],[147.10589,-36.7779],[147.10492,-36.78326],[147.1081,-36.7886],[147.11638,-36.80121],[147.12819,-36.81594],[147.15627,-36.81784],[147.15743,-36.82083],[147.15684,-36.82231],[147.15535,-36.82375],[147.1527,-36.82491],[147.1521,-36.82659],[147.15032,-36.82627],[147.14943,-36.82784],[147.14463,-36.82858],[147.14336,-36.8304],[147.14359,-36.83242],[147.14544,-36.83347],[147.14565,-36.83493],[147.14737,-36.83659],[147.14876,-36.84101],[147.15001,-36.8421],[147.15046,-36.84667],[147.15163,-36.85057],[147.1531,-36.85225],[147.1515,-36.85481],[147.15123,-36.85794],[147.15628,-36.86116],[147.15675,-36.86472],[147.15614,-36.86575],[147.15683,-36.86851],[147.15988,-36.87175],[147.16164,-36.87319],[147.15989,-36.87666],[147.16291,-36.88035],[147.16091,-36.88349],[147.16136,-36.88487],[147.16344,-36.88672],[147.16235,-36.88842],[147.16314,-36.89185],[147.16568,-36.89252],[147.16684,-36.89344],[147.16716,-36.89597],[147.16904,-36.89817],[147.1702,-36.89846],[147.17013,-36.90193],[147.1717,-36.90244],[147.17114,-36.90431],[147.17228,-36.90806],[147.16994,-36.90933],[147.16826,-36.91257],[147.16662,-36.91441],[147.1624,-36.91555],[147.15944,-36.91766],[147.15748,-36.91674],[147.15539,-36.91826],[147.15247,-36.91759],[147.15139,-36.919],[147.15002,-36.91819],[147.14885,-36.92009],[147.15065,-36.92141],[147.15113,-36.92308],[147.2781,-36.94013],[147.28114,-36.92644],[147.28346,-36.92602],[147.28828,-36.92327],[147.29203,-36.91989],[147.29396,-36.91685],[147.29395,-36.91447],[147.29313,-36.91218],[147.29039,-36.9074],[147.29035,-36.90435],[147.29279,-36.90227],[147.30247,-36.89514],[147.31042,-36.8891],[147.31915,-36.88431],[147.32624,-36.87903],[147.32961,-36.87696],[147.3367,-36.87474],[147.34059,-36.87274],[147.34293,-36.8711],[147.3449,-36.86862],[147.34543,-36.86678],[147.34544,-36.8634],[147.3431,-36.86013],[147.34288,-36.85727],[147.34475,-36.85357],[147.34431,-36.85198],[147.3428,-36.85005],[147.34112,-36.84551],[147.34133,-36.83888],[147.33941,-36.83706],[147.33844,-36.83272],[147.33672,-36.82989],[147.33391,-36.82906],[147.32539,-36.82899],[147.32384,-36.82808],[147.32121,-36.82508],[147.31774,-36.82281],[147.31526,-36.82281],[147.30957,-36.82664],[147.30698,-36.8269],[147.30389,-36.82911],[147.30187,-36.82997],[147.29964,-36.82962],[147.29547,-36.82755],[147.29208,-36.82674],[147.28622,-36.82633],[147.2861,-36.82556],[147.2906,-36.82363],[147.29227,-36.82255],[147.29256,-36.81877],[147.29402,-36.81542],[147.2945,-36.81192],[147.29393,-36.80995],[147.29084,-36.80685],[147.28768,-36.80504],[147.28234,-36.80074],[147.28107,-36.79878],[147.28023,-36.79584],[147.27588,-36.79355],[147.27346,-36.78762],[147.26957,-36.78355],[147.2684,-36.77919],[147.26851,-36.77746],[147.27031,-36.77593],[147.27641,-36.77308],[147.27789,-36.77179],[147.27984,-36.76764],[147.28112,-36.76728],[147.28576,-36.76846],[147.28743,-36.76805],[147.29067,-36.7651],[147.29165,-36.76295],[147.29252,-36.75665],[147.29093,-36.75438],[147.28897,-36.75336],[147.28832,-36.75223],[147.2891,-36.74994],[147.28944,-36.74606],[147.28889,-36.7403],[147.29045,-36.73779],[147.29658,-36.73393],[147.29989,-36.73289],[147.30588,-36.73235],[147.3107,-36.73168],[147.31218,-36.73179],[147.31857,-36.73553],[147.32416,-36.73769],[147.32632,-36.73877],[147.3281,-36.73883],[147.33148,-36.73803],[147.33433,-36.73783],[147.34099,-36.73893],[147.34518,-36.739],[147.34987,-36.73745],[147.35335,-36.73672],[147.35675,-36.73504],[147.35866,-36.73463],[147.36714,-36.73389],[147.36902,-36.7344],[147.37043,-36.73818],[147.37208,-36.73977],[147.37491,-36.74098],[147.3767,-36.7422],[147.3794,-36.74502],[147.37972,-36.74812],[147.3817,-36.75207],[147.38597,-36.756],[147.38737,-36.75698],[147.395,-36.75789],[147.39652,-36.75989],[147.39975,-36.76149],[147.40291,-36.76346],[147.40747,-36.76531],[147.40885,-36.76795],[147.40802,-36.76913],[147.40842,-36.7704],[147.40744,-36.77191],[147.40736,-36.77358],[147.40605,-36.77629],[147.40621,-36.77733],[147.40801,-36.77921],[147.41319,-36.78223],[147.41299,-36.78331],[147.41675,-36.78283],[147.4198,-36.783],[147.4194,-36.78401],[147.42192,-36.78455],[147.42406,-36.7859],[147.42401,-36.78974],[147.42607,-36.79093],[147.42927,-36.795],[147.43495,-36.79981],[147.44248,-36.80119],[147.44771,-36.80182],[147.45131,-36.80515],[147.4548,-36.80724],[147.45883,-36.80885],[147.46541,-36.81094],[147.47101,-36.81204],[147.4723,-36.81135],[147.47108,-36.80939],[147.46788,-36.80724],[147.46641,-36.80423],[147.46403,-36.8012],[147.46467,-36.79915],[147.46466,-36.79609],[147.46377,-36.79404],[147.46823,-36.79391],[147.47097,-36.7895],[147.47126,-36.78791],[147.47045,-36.78379],[147.47156,-36.78307],[147.47876,-36.78219],[147.48105,-36.78135],[147.48481,-36.78054],[147.49021,-36.78106],[147.49323,-36.78089],[147.49636,-36.78146],[147.49723,-36.77864],[147.50128,-36.77618],[147.50382,-36.77666],[147.51336,-36.77389],[147.5144,-36.77379],[147.5203,-36.77569],[147.53039,-36.76969],[147.53185,-36.76827],[147.53257,-36.76585],[147.53182,-36.76423],[147.52632,-36.75946],[147.52668,-36.75638],[147.52821,-36.75542],[147.53216,-36.75402],[147.53612,-36.75017],[147.53764,-36.74923],[147.53992,-36.74647],[147.54139,-36.74265],[147.54147,-36.74112],[147.53927,-36.73838],[147.77629,-36.66769],[147.96021,-36.61244],[148.13446,-36.74371]]]},"properties":{"district":"Benambra"}},{"type":"Feature","geometry":{"type":"Polygon","coordinates":[[[144.67095,-36.4423],[144.66872,-36.44297],[144.66714,-36.44279],[144.66445,-36.44155],[144.66319,-36.44165],[144.66133,-36.43976],[144.6588,-36.44066],[144.65979,-36.43507],[144.66125,-36.43288],[144.66447,-36.43276],[144.66606,-36.43102],[144.66656,-36.42907],[144.66552,-36.42772],[144.66926,-36.42432],[144.67151,-36.42548],[144.67426,-36.4255],[144.67397,-36.42331],[144.67195,-36.41886],[144.67019,-36.41865],[144.67031,-36.41691],[144.6695,-36.41589],[144.66905,-36.4127],[144.66527,-36.41084],[144.66818,-36.40659],[144.60273,-36.40671],[144.57639,-36.4068],[144.505,-36.40687],[144.47979,-36.40666],[144.46389,-36.40673],[144.4301,-36.40669],[144.43006,-36.41094],[144.42925,-36.4109],[144.4157,-36.39632],[144.39975,-36.40752],[144.39075,-36.40778],[144.3694,-36.40785],[144.36947,-36.39894],[144.36835,-36.39894],[144.36837,-36.39567],[144.36641,-36.39523],[144.36254,-36.39672],[144.36163,-36.3942],[144.359,-36.39442],[144.35917,-36.39325],[144.36099,-36.39181],[144.35854,-36.39141],[144.35832,-36.38518],[144.3301,-36.38525],[144.32989,-36.37085],[144.33189,-36.37085],[144.33183,-36.32772],[144.28173,-36.32772],[144.28165,-36.26996],[144.23198,-36.26995],[144.18652,-36.26993],[144.18656,-36.26273],[144.18222,-36.26243],[144.17886,-36.26292],[144.17693,-36.26198],[144.1743,-36.26199],[144.17431,-36.26315],[144.17054,-36.26316],[144.17053,-36.26622],[144.16936,-36.2686],[144.16958,-36.27092],[144.1669,-36.27251],[144.16612,-36.27372],[144.1646,-36.2741],[144.16321,-36.27554],[144.16112,-36.27641],[144.15646,-36.27703],[144.15557,-36.27957],[144.15313,-36.28001],[144.15257,-36.28265],[144.15131,-36.28459],[144.147,-36.28458],[144.147,-36.29222],[144.11906,-36.31164],[144.1054,-36.31157],[144.10535,-36.31463],[144.10573,-36.31642],[144.10501,-36.31797],[144.10089,-36.31698],[144.10023,-36.31814],[144.09856,-36.31898],[144.0936,-36.31917],[144.09364,-36.31355],[144.08344,-36.31358],[144.08334,-36.31145],[144.06464,-36.31137],[144.03216,-36.31157],[144.03215,-36.29882],[144.00816,-36.2988],[143.93174,-36.29891],[143.8979,-36.2989],[143.89553,-36.29906],[143.8766,-36.29909],[143.87657,-36.30011],[143.87935,-36.30183],[143.87797,-36.30295],[143.88034,-36.30412],[143.88168,-36.30345],[143.88267,-36.30536],[143.8806,-36.30508],[143.87806,-36.30585],[143.87738,-36.30766],[143.8795,-36.30714],[143.87971,-36.3089],[143.88156,-36.31031],[143.88039,-36.31249],[143.87856,-36.31127],[143.875,-36.31341],[143.87396,-36.31459],[143.87239,-36.31335],[143.8708,-36.31559],[143.86831,-36.31578],[143.86918,-36.31747],[143.86997,-36.32153],[143.86702,-36.32214],[143.86429,-36.32486],[143.86929,-36.32469],[143.86766,-36.32674],[143.86634,-36.33078],[143.86497,-36.33123],[143.86629,-36.33286],[143.86521,-36.33373],[143.86809,-36.33744],[143.86952,-36.33679],[143.87032,-36.33821],[143.86963,-36.34128],[143.87091,-36.34103],[143.87077,-36.34352],[143.8654,-36.34546],[143.86614,-36.34708],[143.86709,-36.3509],[143.8666,-36.35236],[143.86669,-36.35605],[143.86534,-36.35728],[143.86677,-36.35936],[143.86755,-36.36221],[143.86917,-36.36233],[143.86986,-36.36355],[143.86922,-36.36635],[143.86982,-36.36763],[143.86748,-36.3687],[143.8653,-36.37034],[143.86703,-36.37179],[143.86642,-36.37308],[143.86458,-36.37392],[143.86449,-36.37485],[143.86928,-36.3756],[143.87016,-36.37694],[143.87251,-36.37687],[143.87359,-36.37838],[143.87338,-36.37993],[143.8775,-36.38165],[143.87784,-36.38408],[143.88085,-36.3855],[143.88225,-36.38504],[143.88758,-36.38602],[143.88668,-36.38788],[143.88844,-36.38918],[143.88873,-36.3926],[143.89109,-36.3934],[143.89037,-36.3944],[143.89238,-36.39678],[143.89217,-36.39784],[143.89775,-36.40183],[143.89715,-36.40394],[143.89821,-36.40503],[143.89976,-36.40377],[143.90121,-36.40505],[143.90228,-36.40465],[143.90548,-36.40566],[143.907,-36.40447],[143.91162,-36.40476],[143.9112,-36.40615],[143.91206,-36.40704],[143.9123,-36.40888],[143.91477,-36.40813],[143.91515,-36.41055],[143.9186,-36.41093],[143.91894,-36.41222],[143.91826,-36.41374],[143.92026,-36.41389],[143.92301,-36.41613],[143.92804,-36.41806],[143.92766,-36.41951],[143.92959,-36.41968],[143.92869,-36.42182],[143.9304,-36.42267],[143.9293,-36.42367],[143.93044,-36.42476],[143.93225,-36.42515],[143.93338,-36.42762],[143.93504,-36.42788],[143.93579,-36.43029],[143.93313,-36.4343],[143.9283,-36.46095],[143.96381,-36.46511],[143.97685,-36.4666],[143.97722,-36.46783],[143.98185,-36.46981],[143.98236,-36.47483],[143.98127,-36.48038],[143.98194,-36.48161],[143.98429,-36.48183],[143.98632,-36.48053],[143.98843,-36.48054],[143.98991,-36.48261],[143.99037,-36.48514],[143.98941,-36.48807],[143.98544,-36.4904],[143.9826,-36.49241],[143.98083,-36.4961],[143.98443,-36.49829],[143.9862,-36.50018],[143.99465,-36.5012],[143.9984,-36.49516],[144.00829,-36.49517],[144.01008,-36.49658],[144.04453,-36.51751],[144.04788,-36.52024],[144.07791,-36.56214],[144.07933,-36.56349],[144.12889,-36.60363],[144.14729,-36.61845],[144.1552,-36.6251],[144.15646,-36.62636],[144.15755,-36.62922],[144.1587,-36.63103],[144.17508,-36.64776],[144.18434,-36.65823],[144.18664,-36.66155],[144.18799,-36.66295],[144.19579,-36.66913],[144.19711,-36.67046],[144.19969,-36.67583],[144.20335,-36.6829],[144.20399,-36.68476],[144.20468,-36.69014],[144.20398,-36.69585],[144.20543,-36.69895],[144.20669,-36.70004],[144.21304,-36.70342],[144.21754,-36.7048],[144.22494,-36.71247],[144.22671,-36.71409],[144.22868,-36.71497],[144.23211,-36.71561],[144.24257,-36.71601],[144.24417,-36.71639],[144.24844,-36.71846],[144.2513,-36.7202],[144.262,-36.72738],[144.26578,-36.73252],[144.26764,-36.73419],[144.26981,-36.73503],[144.28645,-36.73814],[144.28895,-36.73891],[144.2916,-36.74081],[144.29314,-36.74335],[144.29364,-36.74516],[144.29327,-36.749],[144.29178,-36.75184],[144.28866,-36.7605],[144.28659,-36.76309],[144.28251,-36.76604],[144.27982,-36.76734],[144.26797,-36.77066],[144.26153,-36.77376],[144.25782,-36.77581],[144.2553,-36.77814],[144.25317,-36.78112],[144.2523,-36.78316],[144.24541,-36.80741],[144.24466,-36.81211],[144.24505,-36.81522],[144.24816,-36.82331],[144.24843,-36.82502],[144.24509,-36.8282],[144.24257,-36.82927],[144.24062,-36.82912],[144.24065,-36.83082],[144.239,-36.83589],[144.23702,-36.83801],[144.23292,-36.84072],[144.23055,-36.8433],[144.22893,-36.84773],[144.22875,-36.85111],[144.22674,-36.85484],[144.22258,-36.86093],[144.2189,-36.86872],[144.2174,-36.87352],[144.21446,-36.87723],[144.21306,-36.88001],[144.21271,-36.88516],[144.2133,-36.88789],[144.21563,-36.89163],[144.21631,-36.8933],[144.21877,-36.90293],[144.22253,-36.91206],[144.22311,-36.91431],[144.22286,-36.92006],[144.22363,-36.92349],[144.22832,-36.92239],[144.23037,-36.93044],[144.23472,-36.93731],[144.23647,-36.94294],[144.2387,-36.9464],[144.24051,-36.95058],[144.24309,-36.95045],[144.25555,-36.95197],[144.29756,-36.95697],[144.29779,-36.95694],[144.30033,-36.94263],[144.31159,-36.944],[144.31303,-36.94655],[144.31624,-36.94695],[144.32321,-36.94608],[144.37963,-36.95271],[144.37821,-36.95505],[144.38029,-36.955],[144.3821,-36.95723],[144.38381,-36.95721],[144.3847,-36.95518],[144.38687,-36.95282],[144.39133,-36.95385],[144.39192,-36.95536],[144.39555,-36.95541],[144.39706,-36.95479],[144.39777,-36.95246],[144.39754,-36.95116],[144.39804,-36.94586],[144.3994,-36.94349],[144.39822,-36.94097],[144.40004,-36.93968],[144.39903,-36.93689],[144.3976,-36.93552],[144.39829,-36.93432],[144.40085,-36.93259],[144.40118,-36.92944],[144.40261,-36.92854],[144.40321,-36.92666],[144.40649,-36.92332],[144.40836,-36.92294],[144.41195,-36.92337],[144.41303,-36.92601],[144.41439,-36.92727],[144.41352,-36.93],[144.4165,-36.93059],[144.41948,-36.93283],[144.41924,-36.93393],[144.42156,-36.93591],[144.4217,-36.93853],[144.42599,-36.93946],[144.42777,-36.93811],[144.42812,-36.94055],[144.42939,-36.94404],[144.431,-36.94458],[144.43351,-36.94306],[144.43332,-36.94167],[144.43584,-36.9393],[144.43585,-36.93786],[144.4375,-36.93592],[144.44237,-36.9371],[144.44205,-36.93826],[144.44562,-36.94027],[144.44764,-36.93967],[144.44962,-36.94126],[144.45211,-36.9409],[144.45354,-36.94167],[144.45552,-36.93865],[144.45776,-36.94198],[144.45937,-36.94212],[144.4599,-36.94317],[144.4631,-36.94436],[144.45972,-36.94662],[144.45943,-36.94817],[144.46056,-36.94935],[144.46515,-36.94993],[144.46625,-36.95133],[144.468,-36.95215],[144.46955,-36.95147],[144.4707,-36.9497],[144.47211,-36.95157],[144.47226,-36.95292],[144.4735,-36.95431],[144.47838,-36.95397],[144.47988,-36.95559],[144.4784,-36.9584],[144.48041,-36.9591],[144.47979,-36.96077],[144.48174,-36.96124],[144.48199,-36.963],[144.48873,-36.96563],[144.48843,-36.96835],[144.4887,-36.97023],[144.49006,-36.97148],[144.49405,-36.96722],[144.49387,-36.96607],[144.49006,-36.96283],[144.4911,-36.96162],[144.48941,-36.95679],[144.48836,-36.95523],[144.48342,-36.9507],[144.48003,-36.94629],[144.47924,-36.94313],[144.47958,-36.94148],[144.48195,-36.93669],[144.48271,-36.93591],[144.48668,-36.93389],[144.48775,-36.93239],[144.48943,-36.92645],[144.48963,-36.92463],[144.491,-36.92178],[144.49149,-36.91798],[144.49224,-36.91606],[144.49337,-36.90898],[144.49465,-36.90463],[144.49564,-36.8999],[144.49665,-36.89749],[144.49648,-36.89638],[144.49356,-36.89173],[144.4932,-36.89068],[144.49279,-36.87829],[144.49355,-36.87608],[144.49774,-36.8734],[144.50133,-36.86564],[144.50318,-36.861],[144.50494,-36.85874],[144.5067,-36.85513],[144.50646,-36.85367],[144.50963,-36.85296],[144.51055,-36.85174],[144.51188,-36.84485],[144.52141,-36.84602],[144.52737,-36.84729],[144.52998,-36.84853],[144.53163,-36.85048],[144.53404,-36.84868],[144.53402,-36.84773],[144.53202,-36.84577],[144.53032,-36.84496],[144.53008,-36.84319],[144.5322,-36.84107],[144.53146,-36.83999],[144.52784,-36.83803],[144.52783,-36.83699],[144.52972,-36.83307],[144.52844,-36.83158],[144.5296,-36.82626],[144.52752,-36.82493],[144.52632,-36.82299],[144.52341,-36.82117],[144.52262,-36.81778],[144.51773,-36.81536],[144.51622,-36.81373],[144.5137,-36.81321],[144.5126,-36.81209],[144.51241,-36.81068],[144.51499,-36.80857],[144.51647,-36.80681],[144.51506,-36.80137],[144.51406,-36.80007],[144.51147,-36.80025],[144.50473,-36.79988],[144.50304,-36.79872],[144.50294,-36.79611],[144.50384,-36.79424],[144.50826,-36.7915],[144.50952,-36.78934],[144.50959,-36.78595],[144.5109,-36.78429],[144.51286,-36.77983],[144.51336,-36.77739],[144.51322,-36.77273],[144.51478,-36.77095],[144.51793,-36.77173],[144.51915,-36.7691],[144.51758,-36.76419],[144.51776,-36.76218],[144.51681,-36.75882],[144.51924,-36.75698],[144.51948,-36.75526],[144.51658,-36.7516],[144.51464,-36.75046],[144.51401,-36.74883],[144.51432,-36.74579],[144.51597,-36.74224],[144.51725,-36.74111],[144.51848,-36.73888],[144.52111,-36.73659],[144.52121,-36.73503],[144.52044,-36.73152],[144.51945,-36.72904],[144.51797,-36.72811],[144.51854,-36.7247],[144.51993,-36.72206],[144.51922,-36.71934],[144.51987,-36.71885],[144.52077,-36.71588],[144.51882,-36.71426],[144.52018,-36.71084],[144.52371,-36.70825],[144.52534,-36.70583],[144.52664,-36.70167],[144.52491,-36.69708],[144.52391,-36.69611],[144.52242,-36.69331],[144.52372,-36.69207],[144.52488,-36.68977],[144.52862,-36.68978],[144.53139,-36.69063],[144.53263,-36.69178],[144.53367,-36.69028],[144.53458,-36.68764],[144.532,-36.68617],[144.53068,-36.68111],[144.52978,-36.67914],[144.53078,-36.67543],[144.531,-36.67222],[144.52832,-36.6703],[144.52919,-36.66795],[144.52859,-36.66568],[144.52706,-36.66514],[144.52512,-36.66261],[144.52542,-36.65983],[144.531,-36.65915],[144.53352,-36.65688],[144.53752,-36.65543],[144.53914,-36.6536],[144.53822,-36.65213],[144.53922,-36.64939],[144.54304,-36.6476],[144.54578,-36.64674],[144.54551,-36.64382],[144.5437,-36.6419],[144.54574,-36.63996],[144.54648,-36.63765],[144.54848,-36.6332],[144.54985,-36.63143],[144.55187,-36.63058],[144.557,-36.62772],[144.56009,-36.62711],[144.56061,-36.62595],[144.55951,-36.62458],[144.56043,-36.62318],[144.56365,-36.62106],[144.56341,-36.61853],[144.56039,-36.61692],[144.56077,-36.61472],[144.56327,-36.61282],[144.56462,-36.61397],[144.56677,-36.61431],[144.56725,-36.6127],[144.57009,-36.61197],[144.57118,-36.61073],[144.57024,-36.60953],[144.57109,-36.60793],[144.5749,-36.60651],[144.57897,-36.60249],[144.5778,-36.601],[144.57741,-36.59923],[144.58128,-36.59683],[144.58422,-36.59838],[144.58682,-36.59796],[144.58989,-36.59418],[144.58954,-36.59265],[144.58629,-36.58979],[144.58518,-36.58657],[144.58341,-36.58524],[144.58534,-36.58298],[144.58767,-36.58326],[144.5888,-36.58401],[144.59053,-36.58185],[144.59267,-36.58145],[144.59285,-36.58021],[144.59501,-36.57892],[144.59816,-36.57516],[144.59827,-36.57412],[144.59649,-36.57217],[144.59672,-36.57004],[144.59401,-36.56683],[144.58766,-36.56303],[144.58684,-36.56205],[144.58722,-36.5579],[144.58954,-36.55708],[144.59107,-36.55774],[144.59309,-36.5567],[144.59577,-36.55655],[144.59958,-36.55555],[144.60183,-36.55449],[144.60535,-36.55459],[144.60887,-36.55713],[144.61053,-36.55593],[144.61176,-36.55374],[144.61083,-36.55249],[144.60934,-36.55295],[144.60817,-36.55154],[144.60889,-36.55004],[144.6064,-36.54716],[144.60764,-36.54544],[144.61234,-36.54342],[144.61513,-36.54268],[144.61712,-36.53784],[144.61627,-36.53685],[144.6166,-36.53532],[144.61585,-36.53444],[144.61376,-36.53523],[144.61296,-36.53282],[144.61007,-36.53265],[144.60833,-36.53048],[144.60877,-36.52879],[144.61345,-36.52869],[144.61482,-36.52784],[144.61863,-36.52723],[144.62011,-36.5259],[144.62148,-36.52741],[144.62465,-36.52839],[144.62602,-36.52739],[144.62644,-36.52491],[144.62348,-36.52267],[144.62165,-36.52174],[144.62094,-36.52054],[144.61786,-36.51983],[144.61584,-36.52091],[144.61462,-36.52005],[144.61291,-36.52073],[144.61196,-36.51879],[144.61025,-36.51677],[144.61141,-36.51286],[144.6129,-36.51231],[144.61347,-36.51091],[144.61591,-36.50924],[144.61829,-36.5085],[144.61953,-36.50906],[144.62256,-36.5063],[144.6235,-36.50396],[144.62158,-36.50182],[144.61955,-36.50251],[144.61632,-36.50232],[144.6164,-36.50405],[144.61481,-36.5043],[144.61274,-36.50234],[144.61288,-36.50088],[144.61132,-36.49914],[144.61179,-36.49749],[144.61561,-36.49495],[144.61834,-36.49394],[144.61964,-36.49274],[144.6206,-36.4945],[144.62304,-36.4945],[144.62421,-36.49247],[144.62621,-36.49215],[144.6255,-36.49023],[144.62392,-36.48973],[144.6243,-36.4882],[144.62307,-36.48741],[144.62324,-36.48468],[144.62147,-36.48462],[144.62154,-36.48232],[144.62062,-36.48134],[144.62264,-36.48051],[144.62382,-36.47857],[144.62533,-36.47807],[144.62767,-36.47877],[144.62985,-36.47785],[144.63197,-36.4807],[144.63386,-36.48063],[144.63443,-36.47925],[144.63623,-36.47843],[144.63948,-36.47411],[144.64309,-36.47246],[144.64575,-36.47236],[144.64731,-36.47162],[144.64925,-36.47435],[144.65181,-36.47323],[144.65474,-36.47264],[144.65353,-36.47121],[144.654,-36.46854],[144.65306,-36.46636],[144.65526,-36.46493],[144.65625,-36.46364],[144.65832,-36.46406],[144.65946,-36.46338],[144.6597,-36.46175],[144.66131,-36.45919],[144.66329,-36.45886],[144.66471,-36.4608],[144.6674,-36.46055],[144.66699,-36.45876],[144.66998,-36.45863],[144.67155,-36.45712],[144.67176,-36.45549],[144.67043,-36.45443],[144.66985,-36.45189],[144.66839,-36.451],[144.67007,-36.44894],[144.67006,-36.44766],[144.6725,-36.44815],[144.67373,-36.44727],[144.67229,-36.44372],[144.67095,-36.4423]]]},"properties":{"district":"Bendigo East"}},{"type":"Feature","geometry":{"type":"Polygon","coordinates":[[[144.14729,-36.61845],[144.1404,-36.61844],[144.1404,-36.63287],[144.14049,-36.64731],[144.12588,-36.64731],[144.12581,-36.66202],[144.09832,-36.66204],[144.06869,-36.66201],[144.06872,-36.72023],[144.06207,-36.71941],[144.05984,-36.73075],[144.06825,-36.73181],[144.06774,-36.73461],[144.07271,-36.73976],[144.07566,-36.74314],[144.07339,-36.75458],[144.07347,-36.75486],[144.07128,-36.76644],[144.06231,-36.76669],[144.0616,-36.76938],[144.05932,-36.78155],[144.05833,-36.78195],[144.0563,-36.78425],[144.04794,-36.79225],[144.04664,-36.7987],[144.03139,-36.79678],[144.02483,-36.8315],[144.00678,-36.82933],[144.00098,-36.85968],[143.94655,-36.85307],[143.94384,-36.86667],[143.93433,-36.86559],[143.89567,-36.86081],[143.89012,-36.89065],[143.89213,-36.89384],[143.88807,-36.89549],[143.87776,-36.89443],[143.87652,-36.90235],[143.86647,-36.90126],[143.86543,-36.90402],[143.86711,-36.90643],[143.86524,-36.90744],[143.86318,-36.90987],[143.8627,-36.91344],[143.8631,-36.91526],[143.86089,-36.91588],[143.85893,-36.91555],[143.85668,-36.91703],[143.85601,-36.91924],[143.85475,-36.91993],[143.85408,-36.92236],[143.8526,-36.92325],[143.85003,-36.9257],[143.84849,-36.92603],[143.84679,-36.92846],[143.84996,-36.93127],[143.84854,-36.93421],[143.8519,-36.93677],[143.85416,-36.9416],[143.85528,-36.94311],[143.85599,-36.94555],[143.85602,-36.94762],[143.8599,-36.94899],[143.85968,-36.95023],[143.85695,-36.95286],[143.855,-36.95366],[143.8514,-36.95754],[143.84668,-36.95763],[143.84724,-36.95981],[143.84594,-36.96146],[143.84554,-36.96296],[143.8415,-36.96187],[143.83949,-36.96312],[143.83713,-36.96295],[143.83598,-36.96427],[143.83624,-36.96548],[143.83503,-36.96627],[143.83453,-36.96822],[143.83596,-36.96878],[143.83696,-36.9715],[143.83513,-36.97221],[143.83393,-36.97342],[143.8359,-36.9786],[143.83369,-36.98058],[143.83047,-36.98071],[143.86606,-36.98455],[143.88419,-36.98646],[143.88229,-36.99853],[143.89112,-37.00029],[143.89947,-37.00052],[143.89571,-37.02349],[143.89953,-37.02111],[143.95878,-37.02787],[143.95892,-37.02774],[143.97509,-37.02958],[143.97589,-37.03248],[143.97692,-37.03375],[143.97925,-37.03508],[143.98165,-37.03732],[143.98273,-37.04117],[143.9842,-37.04333],[143.98841,-37.04613],[143.99048,-37.04951],[143.99058,-37.05183],[143.99158,-37.05406],[143.99573,-37.05618],[143.99971,-37.05734],[144.00213,-37.05682],[144.00498,-37.05736],[144.00669,-37.0583],[144.00825,-37.0579],[144.01029,-37.05832],[144.01222,-37.06036],[144.01409,-37.06352],[144.01606,-37.06552],[144.01686,-37.06903],[144.01398,-37.07249],[144.01246,-37.07323],[144.01159,-37.07539],[144.00962,-37.07705],[144.00381,-37.0776],[143.99877,-37.07925],[143.99674,-37.08239],[143.99377,-37.08503],[143.99047,-37.08536],[143.98713,-37.08627],[143.98433,-37.08853],[143.98152,-37.09214],[143.98117,-37.0935],[143.98207,-37.09515],[143.98022,-37.09905],[143.97872,-37.09955],[143.97757,-37.09856],[143.97448,-37.09298],[143.972,-37.09157],[143.96994,-37.09261],[143.96964,-37.09432],[143.96993,-37.09701],[143.96732,-37.09984],[143.96491,-37.10048],[143.96501,-37.10267],[143.96582,-37.10434],[143.96346,-37.10747],[143.96515,-37.1104],[143.96389,-37.11165],[143.96404,-37.11305],[143.96259,-37.11409],[143.96178,-37.11588],[143.96275,-37.11724],[143.96143,-37.12034],[143.96112,-37.12388],[143.96276,-37.12881],[143.96106,-37.13012],[143.96089,-37.13246],[143.9599,-37.13478],[143.95841,-37.13612],[143.95806,-37.13761],[143.956,-37.13875],[143.95524,-37.14013],[143.95682,-37.14098],[143.95868,-37.14456],[143.9615,-37.14606],[143.96144,-37.1475],[143.96295,-37.14873],[143.96242,-37.15162],[143.96283,-37.15378],[143.96167,-37.15535],[143.96348,-37.1581],[143.96301,-37.16187],[143.96359,-37.16348],[143.9609,-37.16438],[143.95885,-37.16744],[143.95891,-37.1686],[143.96067,-37.16952],[143.95893,-37.17191],[143.95929,-37.17305],[143.96179,-37.17342],[143.96164,-37.17506],[143.96251,-37.17674],[143.95998,-37.1813],[143.96011,-37.18267],[143.95688,-37.18319],[143.95568,-37.1854],[143.95421,-37.18588],[143.95506,-37.1881],[143.95273,-37.18939],[143.95159,-37.19093],[143.9515,-37.19386],[143.94878,-37.19498],[143.94792,-37.19666],[143.94906,-37.19784],[143.94884,-37.20011],[143.94966,-37.20156],[143.952,-37.2034],[143.95174,-37.20551],[143.95508,-37.2108],[143.95463,-37.21303],[143.95572,-37.21469],[143.95608,-37.2165],[143.95845,-37.21811],[143.95855,-37.22026],[143.96365,-37.2223],[143.96514,-37.22334],[143.96571,-37.22474],[143.96883,-37.22631],[143.97073,-37.22817],[143.97427,-37.22769],[143.97688,-37.22993],[143.97869,-37.22934],[143.9802,-37.2281],[143.98106,-37.22905],[143.97986,-37.23086],[143.9808,-37.23169],[143.98239,-37.23087],[143.98412,-37.23341],[143.98699,-37.23168],[143.99087,-37.23349],[143.99208,-37.23328],[143.99361,-37.23667],[143.99518,-37.23554],[143.99723,-37.23593],[143.99696,-37.23731],[143.99778,-37.23884],[144.00034,-37.23999],[144.00054,-37.24139],[143.99913,-37.2422],[143.99818,-37.24403],[143.9963,-37.24317],[143.99505,-37.24375],[144,-37.25006],[144.00148,-37.25252],[144.00005,-37.25532],[144.00221,-37.25596],[144.00316,-37.25722],[144.00551,-37.25619],[144.00587,-37.2577],[144.00732,-37.25912],[144.00983,-37.25831],[144.01226,-37.26104],[144.01377,-37.26187],[144.01657,-37.26182],[144.0189,-37.26327],[144.02205,-37.26257],[144.02317,-37.25997],[144.02418,-37.26007],[144.02482,-37.26261],[144.02601,-37.2629],[144.02743,-37.26194],[144.0299,-37.26208],[144.03394,-37.26308],[144.03605,-37.26504],[144.03535,-37.26607],[144.03548,-37.26857],[144.03663,-37.2698],[144.03905,-37.27042],[144.03805,-37.26795],[144.03802,-37.2642],[144.03908,-37.26155],[144.04063,-37.25957],[144.04167,-37.25647],[144.04833,-37.25207],[144.05282,-37.25013],[144.05619,-37.25007],[144.056,-37.25109],[144.05868,-37.2515],[144.06245,-37.25207],[144.06431,-37.24458],[144.06193,-37.24149],[144.06037,-37.23821],[144.06067,-37.23593],[144.06203,-37.23266],[144.06415,-37.22994],[144.06594,-37.22499],[144.06564,-37.22346],[144.06596,-37.22064],[144.06488,-37.21719],[144.06544,-37.21389],[144.06741,-37.21051],[144.06006,-37.20788],[144.0612,-37.20198],[144.06412,-37.20236],[144.06601,-37.19288],[144.06604,-37.18877],[144.06746,-37.18041],[144.06841,-37.17965],[144.06905,-37.17539],[144.0677,-37.1752],[144.06999,-37.16299],[144.07085,-37.16309],[144.0718,-37.16007],[144.07427,-37.1476],[144.09179,-37.14973],[144.09615,-37.14848],[144.09585,-37.15011],[144.1021,-37.15105],[144.11199,-37.15201],[144.12249,-37.15322],[144.12156,-37.15875],[144.14623,-37.16157],[144.14721,-37.16182],[144.15618,-37.16131],[144.15664,-37.16286],[144.16412,-37.16374],[144.16426,-37.16301],[144.17331,-37.16407],[144.17819,-37.16517],[144.17884,-37.16722],[144.18049,-37.16654],[144.18518,-37.16724],[144.18805,-37.16584],[144.18746,-37.16296],[144.18498,-37.16065],[144.18768,-37.15649],[144.19206,-37.15704],[144.19236,-37.15547],[144.19418,-37.15321],[144.19703,-37.15364],[144.19793,-37.14767],[144.19523,-37.14729],[144.19527,-37.14496],[144.19443,-37.14274],[144.1998,-37.14154],[144.20317,-37.14169],[144.20499,-37.14078],[144.21101,-37.13996],[144.21255,-37.14032],[144.21486,-37.13895],[144.21205,-37.13658],[144.21441,-37.13423],[144.21748,-37.13308],[144.222,-37.13062],[144.22388,-37.129],[144.22569,-37.12594],[144.22916,-37.12689],[144.23012,-37.12169],[144.23464,-37.12228],[144.23593,-37.11598],[144.23652,-37.11605],[144.2374,-37.11077],[144.24099,-37.1099],[144.24153,-37.11023],[144.24505,-37.10812],[144.24754,-37.10841],[144.24662,-37.1135],[144.28379,-37.11789],[144.28403,-37.11731],[144.30086,-37.11918],[144.30259,-37.10738],[144.29957,-37.10673],[144.30043,-37.10424],[144.2972,-37.10312],[144.29891,-37.10014],[144.29803,-37.09905],[144.29866,-37.0975],[144.30032,-37.0961],[144.30138,-37.09364],[144.29983,-37.09346],[144.30009,-37.09175],[144.30153,-37.09063],[144.30043,-37.08931],[144.29861,-37.08509],[144.30237,-37.08347],[144.30666,-37.08343],[144.30808,-37.07625],[144.31196,-37.07663],[144.30766,-37.07188],[144.31023,-37.07075],[144.31186,-37.07319],[144.31384,-37.07232],[144.31275,-37.0707],[144.31787,-37.06846],[144.31669,-37.06673],[144.32642,-37.06827],[144.32964,-37.05132],[144.32227,-37.02764],[144.32164,-37.0252],[144.31744,-37.02597],[144.32272,-36.9968],[144.3243,-36.98835],[144.32199,-36.98926],[144.32031,-36.98627],[144.31841,-36.98586],[144.31089,-36.98127],[144.3093,-36.97676],[144.30837,-36.97608],[144.30742,-36.97236],[144.30856,-36.96726],[144.30822,-36.96263],[144.31159,-36.944],[144.30033,-36.94263],[144.29779,-36.95694],[144.29756,-36.95697],[144.25555,-36.95197],[144.24309,-36.95045],[144.24051,-36.95058],[144.2387,-36.9464],[144.23647,-36.94294],[144.23472,-36.93731],[144.23037,-36.93044],[144.22832,-36.92239],[144.22363,-36.92349],[144.22286,-36.92006],[144.22311,-36.91431],[144.22253,-36.91206],[144.21877,-36.90293],[144.21631,-36.8933],[144.21563,-36.89163],[144.2133,-36.88789],[144.21271,-36.88516],[144.21306,-36.88001],[144.21446,-36.87723],[144.2174,-36.87352],[144.2189,-36.86872],[144.22258,-36.86093],[144.22674,-36.85484],[144.22875,-36.85111],[144.22893,-36.84773],[144.23055,-36.8433],[144.23292,-36.84072],[144.23702,-36.83801],[144.239,-36.83589],[144.24065,-36.83082],[144.24062,-36.82912],[144.24257,-36.82927],[144.24509,-36.8282],[144.24843,-36.82502],[144.24816,-36.82331],[144.24505,-36.81522],[144.24466,-36.81211],[144.24541,-36.80741],[144.2523,-36.78316],[144.25317,-36.78112],[144.2553,-36.77814],[144.25782,-36.77581],[144.26153,-36.77376],[144.26797,-36.77066],[144.27982,-36.76734],[144.28251,-36.76604],[144.28659,-36.76309],[144.28866,-36.7605],[144.29178,-36.75184],[144.29327,-36.749],[144.29364,-36.74516],[144.29314,-36.74335],[144.2916,-36.74081],[144.28895,-36.73891],[144.28645,-36.73814],[144.26981,-36.73503],[144.26764,-36.73419],[144.26578,-36.73252],[144.262,-36.72738],[144.2513,-36.7202],[144.24844,-36.71846],[144.24417,-36.71639],[144.24257,-36.71601],[144.23211,-36.71561],[144.22868,-36.71497],[144.22671,-36.71409],[144.22494,-36.71247],[144.21754,-36.7048],[144.21304,-36.70342],[144.20669,-36.70004],[144.20543,-36.69895],[144.20398,-36.69585],[144.20468,-36.69014],[144.20399,-36.68476],[144.20335,-36.6829],[144.19969,-36.67583],[144.19711,-36.67046],[144.19579,-36.66913],[144.18799,-36.66295],[144.18664,-36.66155],[144.18434,-36.65823],[144.17508,-36.64776],[144.1587,-36.63103],[144.15755,-36.62922],[144.15646,-36.62636],[144.1552,-36.6251],[144.14729,-36.61845]]]},"properties":{"district":"Bendigo West"}},{"type":"Feature","geometry":{"type":"Polygon","coordinates":[[[145.07618,-37.90838],[145.06176,-37.90667],[145.04392,-37.90444],[145.02599,-37.90216],[145.02473,-37.90911],[145.02445,-37.90939],[145.02246,-37.92061],[145.02699,-37.92538],[145.02572,-37.93193],[145.02472,-37.93309],[145.02321,-37.94093],[145.02286,-37.94279],[145.04279,-37.94516],[145.0591,-37.94725],[145.05902,-37.94763],[145.07735,-37.94984],[145.08243,-37.92399],[145.07309,-37.92292],[145.07337,-37.92248],[145.07618,-37.90838]]]},"properties":{"district":"Bentleigh"}},{"type":"Feature","geometry":{"type":"Polygon","coordinates":[[[145.17359,-37.83064],[145.176,-37.81846],[145.16628,-37.8182],[145.16611,-37.81564],[145.16674,-37.81204],[145.1577,-37.81104],[145.15967,-37.80122],[145.15375,-37.80041],[145.1518,-37.79898],[145.14993,-37.79904],[145.14855,-37.80005],[145.14668,-37.79988],[145.14483,-37.79751],[145.14222,-37.79718],[145.13942,-37.79802],[145.13756,-37.79804],[145.13665,-37.79641],[145.1336,-37.79626],[145.13258,-37.79533],[145.12939,-37.79605],[145.12907,-37.79682],[145.1249,-37.79879],[145.12019,-37.7975],[145.11888,-37.79641],[145.11667,-37.79567],[145.1149,-37.79606],[145.10973,-37.7947],[145.10855,-37.79284],[145.10824,-37.79422],[145.1041,-37.79643],[145.10342,-37.79783],[145.10442,-37.80088],[145.10417,-37.80209],[145.10133,-37.80424],[145.09707,-37.80383],[145.09234,-37.8047],[145.08314,-37.80349],[145.07925,-37.8238],[145.08673,-37.82469],[145.09723,-37.82595],[145.1363,-37.83041],[145.15896,-37.8331],[145.16963,-37.83449],[145.17276,-37.83473],[145.17359,-37.83064]]]},"properties":{"district":"Box Hill"}},{"type":"Feature","geometry":{"type":"Polygon","coordinates":[[[144.97446,-37.87629],[144.97579,-37.87965],[144.97557,-37.88205],[144.97968,-37.88518],[144.98243,-37.88789],[144.98482,-37.89096],[144.98588,-37.89361],[144.98575,-37.8969],[144.98419,-37.89916],[144.98335,-37.90127],[144.98395,-37.90319],[144.98007,-37.90513],[144.98021,-37.9074],[144.98091,-37.90821],[144.9851,-37.91035],[144.98474,-37.91196],[144.98647,-37.91501],[144.9862,-37.9176],[144.98711,-37.91886],[144.98746,-37.92092],[144.98621,-37.92257],[144.9855,-37.92628],[144.98703,-37.92673],[144.98963,-37.92888],[144.99775,-37.93786],[144.99856,-37.93914],[145.00213,-37.93951],[145.00235,-37.93833],[145.02321,-37.94093],[145.02472,-37.93309],[145.02572,-37.93193],[145.02699,-37.92538],[145.02246,-37.92061],[145.02445,-37.90939],[145.02473,-37.90911],[145.02599,-37.90216],[145.00632,-37.89982],[145.00595,-37.89817],[145.00104,-37.88859],[144.99675,-37.8835],[144.98878,-37.87074],[144.97446,-37.87629]]]},"properties":{"district":"Brighton"}},{"type":"Feature","geometry":{"type":"Polygon","coordinates":[[[144.98019,-37.70643],[144.97847,-37.70498],[144.98251,-37.70297],[144.97944,-37.69988],[144.98069,-37.6982],[144.97865,-37.69711],[144.97874,-37.69435],[144.97717,-37.69403],[144.97635,-37.69506],[144.97361,-37.69294],[144.97053,-37.69272],[144.97039,-37.692],[144.97342,-37.69011],[144.97303,-37.68871],[144.97062,-37.68803],[144.97144,-37.68589],[144.97136,-37.68418],[144.97284,-37.6825],[144.97243,-37.68127],[144.97402,-37.6788],[144.97225,-37.67735],[144.97516,-37.67596],[144.97595,-37.67462],[144.97488,-37.67393],[144.97624,-37.6727],[144.97581,-37.67164],[144.97392,-37.67135],[144.97396,-37.66921],[144.97575,-37.66786],[144.97581,-37.66575],[144.97498,-37.66477],[144.9729,-37.66409],[144.97221,-37.66283],[144.97347,-37.66087],[144.97223,-37.65944],[144.97411,-37.6588],[144.97631,-37.65885],[144.97686,-37.65801],[144.97489,-37.65577],[144.9754,-37.65398],[144.97474,-37.652],[144.97623,-37.64989],[144.97445,-37.64687],[144.97158,-37.64526],[144.97105,-37.64326],[144.96932,-37.64284],[144.97023,-37.6405],[144.96864,-37.63838],[144.96682,-37.6382],[144.96551,-37.63589],[144.96434,-37.63537],[144.96173,-37.63569],[144.95851,-37.63437],[144.95745,-37.63179],[144.95807,-37.63073],[144.95477,-37.63094],[144.95191,-37.63064],[144.94763,-37.62966],[144.91976,-37.62649],[144.91201,-37.63146],[144.90887,-37.6486],[144.90834,-37.65362],[144.90283,-37.68244],[144.90416,-37.68576],[144.90506,-37.68688],[144.90508,-37.68902],[144.90733,-37.69281],[144.90699,-37.69385],[144.91276,-37.69404],[144.91768,-37.69468],[144.9253,-37.69431],[144.92415,-37.7002],[144.94477,-37.70266],[144.95158,-37.70358],[144.96053,-37.70453],[144.96275,-37.71863],[144.96298,-37.71922],[144.97263,-37.7202],[144.97567,-37.71928],[144.9787,-37.71925],[144.97818,-37.71658],[144.98046,-37.71614],[144.98064,-37.71438],[144.977,-37.71361],[144.979,-37.71246],[144.97885,-37.71141],[144.97717,-37.71034],[144.97874,-37.70805],[144.98052,-37.70772],[144.98019,-37.70643]]]},"properties":{"district":"Broadmeadows"}},{"type":"Feature","geometry":{"type":"Polygon","coordinates":[[[144.97811,-37.78021],[144.98885,-37.7815],[144.99219,-37.78267],[144.99194,-37.78031],[144.9903,-37.7798],[144.98977,-37.77788],[144.98852,-37.77641],[144.98854,-37.77509],[144.98441,-37.77117],[144.98413,-37.76989],[144.98455,-37.7672],[144.98538,-37.76583],[144.98367,-37.76384],[144.98158,-37.76312],[144.98302,-37.76136],[144.98028,-37.75788],[144.9792,-37.75426],[144.98179,-37.75187],[144.98059,-37.74989],[144.98139,-37.74877],[144.98022,-37.74631],[144.97739,-37.74626],[144.96595,-37.745],[144.96533,-37.74858],[144.94707,-37.74685],[144.93418,-37.74524],[144.93326,-37.74484],[144.93297,-37.74542],[144.92941,-37.74537],[144.9284,-37.74589],[144.92859,-37.7485],[144.92732,-37.7495],[144.92673,-37.7515],[144.93055,-37.75366],[144.93256,-37.75265],[144.93505,-37.75347],[144.93368,-37.75533],[144.9345,-37.75689],[144.93317,-37.75902],[144.93449,-37.76064],[144.93653,-37.76018],[144.93846,-37.76149],[144.93757,-37.76892],[144.93574,-37.76971],[144.93583,-37.77105],[144.93771,-37.77101],[144.93835,-37.77188],[144.93634,-37.77428],[144.93715,-37.77796],[144.93892,-37.78144],[144.94035,-37.78645],[144.94036,-37.78762],[144.94403,-37.78561],[144.94714,-37.78279],[144.95029,-37.78132],[144.95406,-37.78113],[144.95601,-37.7806],[144.95752,-37.77935],[144.95809,-37.77779],[144.97811,-37.78021]]]},"properties":{"district":"Brunswick"}},{"type":"Feature","geometry":{"type":"Polygon","coordinates":[[[145.14222,-37.79718],[145.14234,-37.7946],[145.14443,-37.78249],[145.14619,-37.7731],[145.16444,-37.77523],[145.16911,-37.7492],[145.16991,-37.74601],[145.16903,-37.74334],[145.16688,-37.74222],[145.16574,-37.74289],[145.16457,-37.74125],[145.16466,-37.74001],[145.16251,-37.73927],[145.16245,-37.7378],[145.16123,-37.73746],[145.15537,-37.73395],[145.15355,-37.73427],[145.15104,-37.7364],[145.15013,-37.73835],[145.14851,-37.73723],[145.14597,-37.73844],[145.14292,-37.73893],[145.13816,-37.73826],[145.13644,-37.74056],[145.13393,-37.74245],[145.13251,-37.74275],[145.12537,-37.74018],[145.12267,-37.74056],[145.12178,-37.74122],[145.11994,-37.74478],[145.12023,-37.74783],[145.12107,-37.74856],[145.12305,-37.74755],[145.12532,-37.74943],[145.12401,-37.75051],[145.12189,-37.75013],[145.1217,-37.75194],[145.11527,-37.7531],[145.11344,-37.755],[145.10943,-37.75543],[145.10607,-37.75452],[145.10095,-37.75189],[145.09818,-37.749],[145.09562,-37.74925],[145.09465,-37.75138],[145.09274,-37.75389],[145.091,-37.75432],[145.08876,-37.75315],[145.08525,-37.75283],[145.08416,-37.75162],[145.08243,-37.75148],[145.08165,-37.75369],[145.0832,-37.75469],[145.08181,-37.75626],[145.0805,-37.75426],[145.0778,-37.75441],[145.07729,-37.75614],[145.07803,-37.75767],[145.07452,-37.75704],[145.07314,-37.75847],[145.07335,-37.75961],[145.07688,-37.75859],[145.07736,-37.76084],[145.07918,-37.76253],[145.07834,-37.76425],[145.07577,-37.76744],[145.0728,-37.76654],[145.07155,-37.76707],[145.07214,-37.7693],[145.07551,-37.77081],[145.07553,-37.77377],[145.0737,-37.77223],[145.07092,-37.7711],[145.06925,-37.7724],[145.0694,-37.77498],[145.06791,-37.77735],[145.0672,-37.78086],[145.06922,-37.78128],[145.07115,-37.78001],[145.07453,-37.77966],[145.07647,-37.77732],[145.07888,-37.77702],[145.0806,-37.77772],[145.08145,-37.77918],[145.0862,-37.7797],[145.09398,-37.77931],[145.09747,-37.78018],[145.0994,-37.78201],[145.10077,-37.78568],[145.10389,-37.78819],[145.10546,-37.79182],[145.10855,-37.79284],[145.10973,-37.7947],[145.1149,-37.79606],[145.11667,-37.79567],[145.11888,-37.79641],[145.12019,-37.7975],[145.1249,-37.79879],[145.12907,-37.79682],[145.12939,-37.79605],[145.13258,-37.79533],[145.1336,-37.79626],[145.13665,-37.79641],[145.13756,-37.79804],[145.13942,-37.79802],[145.14222,-37.79718]]]},"properties":{"district":"Bulleen"}},{"type":"Feature","geometry":{"type":"Polygon","coordinates":[[[145.04228,-37.67642],[145.04245,-37.67777],[145.04136,-37.68305],[145.04018,-37.68404],[145.04175,-37.68505],[145.04545,-37.68614],[145.04623,-37.68494],[145.04781,-37.68512],[145.05013,-37.68433],[145.05186,-37.6853],[145.05156,-37.68731],[145.05222,-37.6889],[145.04853,-37.68872],[145.04342,-37.69048],[145.04096,-37.69525],[145.03483,-37.69643],[145.03246,-37.69734],[145.04081,-37.69827],[145.03945,-37.69912],[145.03816,-37.69875],[145.0361,-37.70001],[145.0348,-37.70459],[145.03366,-37.70636],[145.0352,-37.70839],[145.03526,-37.71016],[145.03436,-37.71168],[145.03134,-37.71139],[145.02958,-37.71196],[145.0273,-37.71176],[145.02541,-37.71257],[145.02561,-37.71502],[145.02721,-37.7159],[145.02759,-37.71717],[145.03046,-37.71738],[145.03042,-37.71978],[145.03152,-37.72059],[145.03455,-37.71996],[145.03497,-37.72321],[145.03606,-37.72335],[145.0386,-37.72732],[145.06084,-37.72978],[145.06067,-37.72917],[145.06153,-37.72421],[145.06749,-37.72486],[145.06467,-37.72022],[145.06784,-37.7166],[145.06923,-37.71557],[145.08162,-37.71695],[145.0812,-37.71947],[145.10855,-37.72256],[145.11052,-37.72121],[145.11201,-37.71898],[145.11084,-37.71685],[145.11208,-37.71373],[145.10886,-37.71271],[145.10933,-37.71178],[145.11121,-37.71166],[145.11197,-37.71078],[145.11005,-37.70849],[145.11165,-37.70673],[145.10988,-37.70531],[145.11054,-37.70398],[145.10729,-37.7006],[145.10554,-37.70157],[145.10529,-37.69924],[145.10261,-37.69863],[145.09946,-37.69688],[145.1003,-37.69441],[145.09959,-37.69248],[145.09536,-37.69268],[145.09305,-37.69361],[145.08906,-37.69102],[145.08195,-37.68904],[145.07738,-37.68747],[145.07432,-37.68706],[145.06784,-37.68664],[145.06824,-37.68606],[145.07909,-37.68719],[145.09964,-37.68947],[145.1017,-37.68751],[145.10251,-37.68512],[145.10194,-37.68396],[145.10351,-37.68292],[145.10142,-37.68169],[145.09846,-37.6823],[145.09705,-37.68119],[145.09525,-37.68077],[145.09094,-37.6816],[145.0914,-37.67938],[145.08657,-37.68122],[145.0854,-37.68113],[145.08475,-37.67917],[145.06953,-37.67824],[145.07098,-37.67046],[145.06586,-37.66991],[145.06171,-37.66858],[145.05939,-37.66703],[145.05792,-37.66515],[145.04802,-37.67292],[145.04444,-37.67665],[145.04228,-37.67642]]]},"properties":{"district":"Bundoora"}},{"type":"Feature","geometry":{"type":"Polygon","coordinates":[[[144.47768,-37.78101],[144.47932,-37.77129],[144.48278,-37.75156],[144.4875,-37.72358],[144.48933,-37.71317],[144.4719,-37.70709],[144.47002,-37.70678],[144.45799,-37.70549],[144.45563,-37.70212],[144.45234,-37.70014],[144.44849,-37.69685],[144.43659,-37.69575],[144.43538,-37.70277],[144.42225,-37.70137],[144.42361,-37.6934],[144.42354,-37.69274],[144.41883,-37.69223],[144.41955,-37.68725],[144.41624,-37.6881],[144.41766,-37.68011],[144.41537,-37.67851],[144.41287,-37.67803],[144.41497,-37.67536],[144.41348,-37.67345],[144.41592,-37.67077],[144.41361,-37.66846],[144.41294,-37.66706],[144.41039,-37.6664],[144.40889,-37.66297],[144.40743,-37.66201],[144.40959,-37.66011],[144.40677,-37.65824],[144.40819,-37.65656],[144.41021,-37.65523],[144.40694,-37.6532],[144.40345,-37.65237],[144.40251,-37.65003],[144.40072,-37.64899],[144.40238,-37.64704],[144.40188,-37.64508],[144.40243,-37.64416],[144.40206,-37.63997],[144.40084,-37.63895],[144.40025,-37.6373],[144.40171,-37.63645],[144.399,-37.63408],[144.39812,-37.63235],[144.39645,-37.63267],[144.39419,-37.62952],[144.39598,-37.62703],[144.39467,-37.62481],[144.3948,-37.6218],[144.39606,-37.62018],[144.39542,-37.61812],[144.39388,-37.61833],[144.39341,-37.61601],[144.39131,-37.61523],[144.39105,-37.61364],[144.38967,-37.61331],[144.39002,-37.61127],[144.38753,-37.60969],[144.38687,-37.60793],[144.38482,-37.60672],[144.39752,-37.60811],[144.39732,-37.60963],[144.40836,-37.61078],[144.42007,-37.61224],[144.41659,-37.6088],[144.41493,-37.60888],[144.41362,-37.60746],[144.41514,-37.60596],[144.41693,-37.60524],[144.4116,-37.60421],[144.40993,-37.601],[144.40886,-37.60006],[144.40868,-37.59729],[144.40257,-37.59557],[144.40189,-37.59336],[144.40062,-37.59134],[144.39835,-37.58998],[144.40101,-37.58885],[144.39798,-37.58518],[144.39936,-37.57937],[144.40058,-37.58184],[144.40228,-37.58342],[144.40314,-37.58175],[144.40529,-37.57984],[144.40149,-37.57685],[144.40633,-37.57387],[144.40255,-37.57359],[144.40105,-37.57169],[144.40368,-37.57156],[144.40314,-37.56831],[144.40223,-37.56705],[144.39937,-37.56776],[144.39765,-37.56601],[144.39818,-37.56478],[144.39726,-37.56141],[144.3984,-37.56034],[144.39739,-37.55944],[144.39621,-37.56129],[144.39497,-37.56191],[144.39335,-37.55978],[144.39201,-37.5594],[144.3904,-37.56017],[144.38683,-37.55921],[144.38621,-37.55821],[144.38783,-37.55595],[144.38822,-37.55427],[144.38514,-37.55368],[144.38503,-37.55258],[144.38646,-37.55159],[144.38525,-37.54839],[144.38811,-37.54773],[144.38866,-37.54613],[144.3879,-37.54335],[144.38508,-37.54373],[144.38377,-37.54063],[144.38235,-37.5405],[144.38091,-37.53806],[144.37938,-37.53666],[144.3781,-37.53674],[144.3766,-37.53553],[144.37528,-37.53547],[144.37473,-37.534],[144.37668,-37.53312],[144.37385,-37.53159],[144.36969,-37.53259],[144.36582,-37.55413],[144.36434,-37.55458],[144.36346,-37.55273],[144.36113,-37.55343],[144.35817,-37.55063],[144.35422,-37.5518],[144.35515,-37.5537],[144.35331,-37.55426],[144.35198,-37.55161],[144.34848,-37.55266],[144.34665,-37.55159],[144.34577,-37.5499],[144.34042,-37.54918],[144.3357,-37.55319],[144.33392,-37.55648],[144.33104,-37.55693],[144.32871,-37.55658],[144.32688,-37.55723],[144.32527,-37.55663],[144.32371,-37.55759],[144.3218,-37.55644],[144.31655,-37.55424],[144.31727,-37.55257],[144.31916,-37.55258],[144.31867,-37.54979],[144.31918,-37.54854],[144.31851,-37.54693],[144.31196,-37.54772],[144.30981,-37.54673],[144.30964,-37.54517],[144.30739,-37.54492],[144.30632,-37.55044],[144.30495,-37.54805],[144.30293,-37.54683],[144.30082,-37.54819],[144.29568,-37.54772],[144.29617,-37.5443],[144.28773,-37.5435],[144.28733,-37.54591],[144.28315,-37.54597],[144.28076,-37.54461],[144.27659,-37.54149],[144.27055,-37.5427],[144.27014,-37.54412],[144.26747,-37.54278],[144.2647,-37.54368],[144.26349,-37.54353],[144.26063,-37.54113],[144.25788,-37.54085],[144.25519,-37.53795],[144.25304,-37.53634],[144.25389,-37.53564],[144.25306,-37.53423],[144.25366,-37.53247],[144.25552,-37.53314],[144.25634,-37.53227],[144.25841,-37.53188],[144.25843,-37.53033],[144.26051,-37.52896],[144.26341,-37.52848],[144.26423,-37.52379],[144.26253,-37.52365],[144.26144,-37.52199],[144.26153,-37.51794],[144.25878,-37.51642],[144.25797,-37.51307],[144.25665,-37.50994],[144.25528,-37.50789],[144.25531,-37.50492],[144.25868,-37.50284],[144.26069,-37.5021],[144.26079,-37.50066],[144.26454,-37.49636],[144.26487,-37.49379],[144.26588,-37.49119],[144.2672,-37.48959],[144.27087,-37.48794],[144.27007,-37.48558],[144.26798,-37.48231],[144.26628,-37.48252],[144.26099,-37.48156],[144.2571,-37.47785],[144.25807,-37.47399],[144.25896,-37.47277],[144.25942,-37.46993],[144.25909,-37.46829],[144.26046,-37.46622],[144.26036,-37.46453],[144.26142,-37.46343],[144.26184,-37.45945],[144.26363,-37.45836],[144.26234,-37.45727],[144.26371,-37.45453],[144.26203,-37.45479],[144.2629,-37.45209],[144.26208,-37.44921],[144.26219,-37.44614],[144.17393,-37.43605],[144.17537,-37.44041],[144.17477,-37.44395],[144.1741,-37.44524],[144.17413,-37.44743],[144.17487,-37.44823],[144.17681,-37.44782],[144.17989,-37.44829],[144.17934,-37.45128],[144.17259,-37.45052],[144.16981,-37.44901],[144.16864,-37.4496],[144.1677,-37.45316],[144.16522,-37.45414],[144.16466,-37.45491],[144.16572,-37.46114],[144.16571,-37.46269],[144.16455,-37.46693],[144.14557,-37.47064],[144.12791,-37.47417],[144.12802,-37.47196],[144.12926,-37.47099],[144.12824,-37.46944],[144.12812,-37.46686],[144.12866,-37.46246],[144.12924,-37.46022],[144.12733,-37.45737],[144.12705,-37.45587],[144.12524,-37.45386],[144.08711,-37.45074],[144.08496,-37.45149],[144.08313,-37.4533],[144.08198,-37.45792],[144.08021,-37.46133],[144.07856,-37.46269],[144.07363,-37.46305],[144.07193,-37.46352],[144.07058,-37.46541],[144.06767,-37.46694],[144.06491,-37.46751],[144.06361,-37.46864],[144.06129,-37.46851],[144.06174,-37.4664],[144.05908,-37.466],[144.05865,-37.46813],[144.05628,-37.46778],[144.05524,-37.47009],[144.0424,-37.46384],[144.03857,-37.48613],[144.02139,-37.48646],[144.02391,-37.48483],[144.02357,-37.48388],[144.00651,-37.48197],[144.00177,-37.48132],[144.00187,-37.48074],[143.99004,-37.47942],[143.99021,-37.47843],[143.98857,-37.47763],[143.98588,-37.47735],[143.9867,-37.47975],[143.9766,-37.47856],[143.93797,-37.47421],[143.93775,-37.47544],[143.93499,-37.49084],[143.93535,-37.49362],[143.93629,-37.49551],[143.93555,-37.4986],[143.93311,-37.51202],[143.93229,-37.51433],[143.93274,-37.51581],[143.93168,-37.51804],[143.92715,-37.52078],[143.92589,-37.5232],[143.92395,-37.52559],[143.92359,-37.52748],[143.92219,-37.53014],[143.91852,-37.53262],[143.91712,-37.53403],[143.91501,-37.53807],[143.91297,-37.54094],[143.91245,-37.54319],[143.91064,-37.54458],[143.90646,-37.54439],[143.90526,-37.54671],[143.90375,-37.5481],[143.90854,-37.55057],[143.91023,-37.55211],[143.90819,-37.56338],[143.90399,-37.56089],[143.90104,-37.5596],[143.89839,-37.55968],[143.89513,-37.55846],[143.89195,-37.55808],[143.88855,-37.55812],[143.88448,-37.55894],[143.87503,-37.56117],[143.86532,-37.56276],[143.8637,-37.56334],[143.86323,-37.56592],[143.86011,-37.56572],[143.85897,-37.56757],[143.85223,-37.57389],[143.84784,-37.57447],[143.84735,-37.57604],[143.84858,-37.57733],[143.84761,-37.57825],[143.84699,-37.58044],[143.8485,-37.58085],[143.84937,-37.5821],[143.84862,-37.58319],[143.84583,-37.58344],[143.84347,-37.58258],[143.82728,-37.58071],[143.82445,-37.59542],[143.8242,-37.59554],[143.80599,-37.59367],[143.80658,-37.59041],[143.79884,-37.59065],[143.79309,-37.58918],[143.79276,-37.5888],[143.79384,-37.58291],[143.78023,-37.58131],[143.78294,-37.56677],[143.78282,-37.56666],[143.70738,-37.55789],[143.69367,-37.55822],[143.68598,-37.56012],[143.67999,-37.56239],[143.67812,-37.56431],[143.67154,-37.56842],[143.66219,-37.57241],[143.65263,-37.62419],[143.65273,-37.63064],[143.65164,-37.64703],[143.64707,-37.64686],[143.64221,-37.64623],[143.64196,-37.6503],[143.62632,-37.64839],[143.5953,-37.64431],[143.59605,-37.64634],[143.59336,-37.64696],[143.59303,-37.64854],[143.59032,-37.64826],[143.58994,-37.6504],[143.58735,-37.65008],[143.58664,-37.65372],[143.58446,-37.6534],[143.53654,-37.64831],[143.53339,-37.66408],[143.53578,-37.66671],[143.52961,-37.66567],[143.51661,-37.66388],[143.51603,-37.66736],[143.5112,-37.66622],[143.5093,-37.6661],[143.50631,-37.6648],[143.50397,-37.67651],[143.50522,-37.67698],[143.50349,-37.68552],[143.52795,-37.68853],[143.52517,-37.70295],[143.52109,-37.72476],[143.51913,-37.73609],[143.53513,-37.73793],[143.53451,-37.74129],[143.568,-37.74544],[143.5685,-37.74986],[143.57071,-37.75067],[143.57404,-37.74949],[143.57733,-37.75056],[143.57652,-37.75491],[143.57745,-37.7575],[143.57688,-37.75981],[143.5775,-37.76173],[143.57617,-37.76246],[143.57918,-37.76408],[143.57849,-37.76476],[143.57539,-37.76509],[143.57751,-37.76715],[143.57994,-37.77012],[143.57732,-37.77125],[143.57839,-37.77252],[143.57804,-37.77358],[143.57958,-37.77432],[143.5794,-37.77601],[143.5806,-37.77941],[143.58534,-37.78076],[143.5838,-37.78214],[143.58271,-37.78434],[143.58443,-37.78673],[143.58157,-37.79008],[143.58446,-37.79127],[143.5825,-37.79209],[143.58211,-37.79576],[143.58001,-37.79446],[143.57836,-37.79546],[143.58079,-37.79635],[143.58255,-37.79831],[143.58294,-37.8],[143.58436,-37.80087],[143.58837,-37.80225],[143.59214,-37.80184],[143.59602,-37.80188],[143.59758,-37.80291],[143.59756,-37.80391],[143.60502,-37.80466],[143.60579,-37.80185],[143.60915,-37.80218],[143.60822,-37.8048],[143.60742,-37.80891],[143.61445,-37.80969],[143.61372,-37.81347],[143.61836,-37.81403],[143.61769,-37.81754],[143.62076,-37.8179],[143.61933,-37.82515],[143.62714,-37.82611],[143.62503,-37.83735],[143.63579,-37.83666],[143.63598,-37.83834],[143.63528,-37.84047],[143.6381,-37.84613],[143.63807,-37.84766],[143.63968,-37.84892],[143.64354,-37.85052],[143.64508,-37.85054],[143.64702,-37.85273],[143.6519,-37.85401],[143.65489,-37.85609],[143.65766,-37.85644],[143.66048,-37.85747],[143.66074,-37.8593],[143.66253,-37.85984],[143.66077,-37.86255],[143.66089,-37.865],[143.66257,-37.86621],[143.6612,-37.86822],[143.66224,-37.87096],[143.66553,-37.87425],[143.67492,-37.87994],[143.67517,-37.87838],[143.67949,-37.87891],[143.67992,-37.8762],[143.68428,-37.87657],[143.683,-37.87443],[143.69389,-37.8756],[143.69406,-37.87462],[143.70182,-37.87549],[143.70306,-37.8682],[143.71035,-37.86899],[143.71096,-37.86545],[143.72047,-37.86646],[143.71982,-37.87014],[143.72942,-37.87119],[143.72877,-37.87389],[143.72767,-37.87465],[143.72855,-37.8775],[143.72648,-37.88101],[143.72753,-37.88359],[143.72793,-37.886],[143.73579,-37.88689],[143.73435,-37.89504],[143.73678,-37.89581],[143.73943,-37.89406],[143.74311,-37.89406],[143.74548,-37.89544],[143.74727,-37.89576],[143.74843,-37.89486],[143.75012,-37.89565],[143.75429,-37.89591],[143.75577,-37.89405],[143.75815,-37.89375],[143.7585,-37.89543],[143.76058,-37.89654],[143.76369,-37.89454],[143.76384,-37.89272],[143.76312,-37.89082],[143.76538,-37.89124],[143.76636,-37.89073],[143.76717,-37.88721],[143.77203,-37.88579],[143.7719,-37.88784],[143.77269,-37.88938],[143.77743,-37.88959],[143.77993,-37.8914],[143.78143,-37.89187],[143.78728,-37.89052],[143.78826,-37.88956],[143.79099,-37.88867],[143.79522,-37.86809],[143.82222,-37.8712],[143.82096,-37.87328],[143.81942,-37.87451],[143.8186,-37.87744],[143.81782,-37.87798],[143.86813,-37.88413],[143.87377,-37.8849],[143.87298,-37.88922],[143.88785,-37.89094],[143.88863,-37.88665],[143.90772,-37.8888],[143.90801,-37.88842],[143.93517,-37.89171],[143.93648,-37.89384],[143.9355,-37.89546],[143.936,-37.8963],[143.93801,-37.89649],[143.93936,-37.8976],[143.93737,-37.89838],[143.93988,-37.90124],[143.94144,-37.90213],[143.94463,-37.90098],[143.94567,-37.90295],[143.94934,-37.9042],[143.95104,-37.90429],[143.95203,-37.90545],[143.94959,-37.90639],[143.95149,-37.9091],[143.949,-37.90962],[143.94837,-37.9109],[143.94874,-37.91572],[143.95007,-37.9182],[143.9523,-37.9209],[143.95276,-37.92724],[143.95467,-37.92936],[143.95702,-37.93019],[143.95713,-37.9285],[143.95966,-37.92735],[143.96133,-37.92748],[143.96079,-37.92996],[143.96417,-37.93044],[143.96617,-37.93182],[143.96719,-37.93404],[143.96885,-37.93507],[143.96931,-37.9364],[143.97168,-37.93808],[143.97181,-37.94061],[143.97396,-37.94127],[143.97443,-37.93972],[143.97569,-37.93931],[143.97951,-37.9415],[143.97723,-37.94355],[143.97774,-37.94559],[143.9786,-37.9464],[143.98084,-37.94631],[143.98296,-37.94466],[143.9842,-37.94568],[143.99649,-37.94704],[143.99004,-37.97917],[144.00269,-37.97818],[144.01991,-37.98059],[144.02153,-37.98129],[144.04185,-37.97913],[144.04939,-37.97996],[144.04846,-37.98491],[144.06096,-37.9864],[144.06523,-37.98859],[144.06862,-37.98818],[144.08074,-37.99043],[144.08512,-37.98962],[144.08641,-37.99397],[144.09989,-37.99556],[144.09967,-37.99672],[144.10525,-37.99733],[144.10766,-37.99514],[144.11407,-37.99586],[144.11334,-38.00016],[144.13414,-38.0026],[144.13482,-38.00211],[144.13505,-37.99867],[144.13771,-37.9966],[144.13997,-37.99564],[144.14024,-37.99328],[144.14553,-37.99119],[144.14412,-37.9894],[144.15996,-37.98507],[144.15862,-37.98482],[144.15824,-37.98239],[144.16265,-37.98172],[144.16379,-37.98012],[144.16257,-37.9787],[144.16351,-37.97663],[144.16599,-37.97812],[144.17838,-37.97963],[144.18125,-37.96524],[144.20736,-37.96841],[144.22309,-37.9704],[144.2243,-37.97171],[144.22583,-37.97191],[144.22792,-37.97036],[144.22996,-37.97134],[144.23947,-37.97259],[144.24032,-37.9703],[144.23923,-37.96873],[144.2364,-37.96656],[144.23576,-37.96489],[144.23609,-37.96036],[144.23574,-37.95774],[144.23652,-37.95644],[144.2351,-37.9542],[144.23531,-37.95275],[144.23738,-37.95023],[144.23733,-37.94915],[144.2348,-37.94746],[144.23501,-37.94409],[144.2368,-37.94258],[144.20262,-37.9384],[144.20678,-37.91626],[144.20816,-37.91277],[144.21218,-37.91066],[144.21177,-37.90829],[144.21232,-37.90711],[144.21346,-37.90142],[144.21704,-37.8999],[144.21762,-37.89878],[144.22122,-37.89833],[144.22375,-37.89738],[144.22807,-37.89055],[144.23197,-37.88797],[144.23332,-37.88553],[144.24077,-37.8763],[144.24339,-37.87456],[144.24846,-37.87378],[144.24413,-37.87182],[144.23648,-37.86993],[144.23421,-37.86666],[144.23254,-37.8619],[144.23426,-37.84992],[144.23219,-37.84421],[144.23216,-37.84119],[144.23113,-37.83465],[144.22909,-37.83272],[144.22414,-37.8319],[144.219,-37.82995],[144.21069,-37.82498],[144.21144,-37.82412],[144.21127,-37.82207],[144.21255,-37.82121],[144.21546,-37.82056],[144.21739,-37.81912],[144.22127,-37.81309],[144.2224,-37.81008],[144.23262,-37.81125],[144.23344,-37.80854],[144.23857,-37.80916],[144.23817,-37.81137],[144.24707,-37.81251],[144.2481,-37.80966],[144.26361,-37.81166],[144.26516,-37.81597],[144.27447,-37.81752],[144.29102,-37.8194],[144.2911,-37.81897],[144.29601,-37.81957],[144.29425,-37.82893],[144.29672,-37.82881],[144.29984,-37.83098],[144.30327,-37.83462],[144.30519,-37.83488],[144.30521,-37.83657],[144.30842,-37.83672],[144.31221,-37.83639],[144.31484,-37.83706],[144.31523,-37.83848],[144.31653,-37.83893],[144.31739,-37.84049],[144.31871,-37.84014],[144.32139,-37.84176],[144.32091,-37.84262],[144.32212,-37.84411],[144.32504,-37.84495],[144.32682,-37.84382],[144.32974,-37.84509],[144.33016,-37.84623],[144.33193,-37.84628],[144.33425,-37.84531],[144.33525,-37.84392],[144.33749,-37.84328],[144.33931,-37.84437],[144.34166,-37.84482],[144.34542,-37.84488],[144.34571,-37.84302],[144.3474,-37.84208],[144.35066,-37.84268],[144.35433,-37.8449],[144.355,-37.84302],[144.35774,-37.82814],[144.35866,-37.82635],[144.36128,-37.81225],[144.36168,-37.8108],[144.39912,-37.81523],[144.40337,-37.80489],[144.40613,-37.80111],[144.40659,-37.80433],[144.4045,-37.80545],[144.40545,-37.80727],[144.40783,-37.80919],[144.40883,-37.8084],[144.41198,-37.80989],[144.41319,-37.80919],[144.41601,-37.80962],[144.41702,-37.81269],[144.41683,-37.81475],[144.41493,-37.81625],[144.41695,-37.81922],[144.42038,-37.81978],[144.42108,-37.82057],[144.41996,-37.82253],[144.42099,-37.82448],[144.42043,-37.82581],[144.41797,-37.82704],[144.41999,-37.82938],[144.41989,-37.83213],[144.42066,-37.83307],[144.423,-37.8339],[144.42315,-37.83588],[144.42189,-37.8369],[144.42202,-37.83976],[144.42302,-37.84027],[144.42199,-37.84274],[144.42162,-37.84534],[144.42268,-37.8479],[144.42473,-37.84903],[144.42544,-37.85078],[144.42801,-37.85195],[144.42891,-37.85609],[144.43041,-37.85809],[144.43339,-37.85465],[144.43506,-37.85527],[144.4405,-37.8597],[144.44188,-37.86051],[144.44133,-37.86162],[144.44217,-37.86324],[144.44418,-37.86402],[144.44408,-37.86384],[144.44897,-37.83714],[144.46696,-37.8392],[144.47774,-37.78137],[144.47768,-37.78101]]]},"properties":{"district":"Buninyong"}},{"type":"Feature","geometry":{"type":"Polygon","coordinates":[[[145.08673,-37.82469],[145.08504,-37.83446],[145.08371,-37.84112],[145.08339,-37.84376],[145.08224,-37.84886],[145.07849,-37.84843],[145.08244,-37.85456],[145.0831,-37.85725],[145.08162,-37.85851],[145.07944,-37.85934],[145.07761,-37.85891],[145.07606,-37.85744],[145.07277,-37.85591],[145.06935,-37.85384],[145.0643,-37.85312],[145.06082,-37.85417],[145.05973,-37.85521],[145.05941,-37.85726],[145.05998,-37.85825],[145.06254,-37.85954],[145.06167,-37.86259],[145.06157,-37.86489],[145.06416,-37.86802],[145.06515,-37.86759],[145.06659,-37.86897],[145.0689,-37.87209],[145.06905,-37.87494],[145.07021,-37.8746],[145.07302,-37.87588],[145.07488,-37.87599],[145.07818,-37.87466],[145.07981,-37.87322],[145.08209,-37.87311],[145.08412,-37.87223],[145.08742,-37.87147],[145.09012,-37.87217],[145.0922,-37.8721],[145.09023,-37.88271],[145.09249,-37.88371],[145.09599,-37.88464],[145.10822,-37.88648],[145.11399,-37.85551],[145.13141,-37.85756],[145.13266,-37.85033],[145.1363,-37.83041],[145.09723,-37.82595],[145.08673,-37.82469]]]},"properties":{"district":"Burwood"}},{"type":"Feature","geometry":{"type":"Polygon","coordinates":[[[145.22954,-38.12694],[145.23153,-38.11679],[145.23548,-38.0978],[145.23946,-38.07766],[145.24373,-38.0555],[145.24483,-38.04904],[145.24515,-38.04906],[145.24473,-38.04822],[145.2266,-38.04617],[145.22754,-38.04132],[145.18731,-38.03631],[145.18388,-38.03226],[145.18197,-38.03382],[145.1811,-38.03622],[145.17538,-38.04227],[145.17532,-38.04341],[145.17366,-38.04491],[145.15218,-38.05566],[145.14874,-38.05752],[145.14739,-38.05902],[145.14457,-38.05158],[145.13447,-38.05499],[145.13321,-38.05268],[145.12814,-38.05439],[145.1269,-38.05577],[145.1189,-38.05847],[145.11924,-38.05947],[145.11605,-38.06013],[145.11864,-38.06838],[145.11888,-38.07028],[145.12055,-38.07622],[145.12136,-38.07807],[145.12256,-38.08329],[145.12304,-38.08771],[145.12403,-38.09201],[145.12447,-38.10016],[145.12452,-38.10763],[145.12386,-38.11794],[145.12291,-38.12542],[145.12221,-38.12931],[145.12482,-38.13009],[145.12559,-38.12847],[145.13189,-38.13018],[145.13351,-38.1288],[145.13349,-38.12705],[145.13708,-38.11898],[145.13853,-38.11878],[145.14683,-38.11982],[145.1575,-38.11269],[145.17525,-38.11488],[145.17384,-38.12194],[145.18195,-38.12677],[145.18308,-38.12527],[145.1872,-38.12356],[145.1902,-38.12403],[145.21455,-38.127],[145.21347,-38.13269],[145.21978,-38.13346],[145.22116,-38.12626],[145.22566,-38.12679],[145.22954,-38.12694]]]},"properties":{"district":"Carrum"}},{"type":"Feature","geometry":{"type":"Polygon","coordinates":[[[144.98878,-37.87074],[144.99675,-37.8835],[145.00104,-37.88859],[145.00595,-37.89817],[145.00632,-37.89982],[145.02599,-37.90216],[145.04392,-37.90444],[145.0461,-37.89338],[145.0448,-37.88969],[145.04964,-37.88103],[145.04681,-37.87727],[145.04502,-37.87603],[145.04015,-37.87511],[145.03863,-37.87407],[145.03261,-37.86846],[145.01514,-37.86084],[145.01052,-37.86022],[145.00917,-37.8676],[144.98568,-37.86461],[144.9864,-37.86673],[144.98878,-37.87074]]]},"properties":{"district":"Caulfield"}},{"type":"Feature","geometry":{"type":"Polygon","coordinates":[[[145.05902,-37.94763],[145.05609,-37.9633],[145.05779,-37.96567],[145.06731,-37.96681],[145.11168,-37.97228],[145.11981,-37.97331],[145.12138,-37.97291],[145.12966,-37.96148],[145.1329,-37.96363],[145.1361,-37.96897],[145.13796,-37.96843],[145.1405,-37.96657],[145.14341,-37.9666],[145.14919,-37.96762],[145.15061,-37.96104],[145.15287,-37.94907],[145.15292,-37.94832],[145.15592,-37.93245],[145.13177,-37.91728],[145.1271,-37.9144],[145.08524,-37.90951],[145.07618,-37.90838],[145.07337,-37.92248],[145.07309,-37.92292],[145.08243,-37.92399],[145.07735,-37.94984],[145.05902,-37.94763]]]},"properties":{"district":"Clarinda"}},{"type":"Feature","geometry":{"type":"Polygon","coordinates":[[[145.33534,-38.07451],[145.29823,-38.06978],[145.29783,-38.0718],[145.29525,-38.07151],[145.29073,-38.06886],[145.26616,-38.06595],[145.26205,-38.05711],[145.24906,-38.038],[145.24697,-38.03623],[145.24624,-38.04219],[145.24515,-38.04906],[145.24483,-38.04904],[145.24373,-38.0555],[145.23946,-38.07766],[145.23548,-38.0978],[145.23153,-38.11679],[145.22954,-38.12694],[145.22777,-38.1362],[145.22795,-38.13647],[145.2262,-38.14566],[145.2288,-38.14588],[145.26427,-38.15006],[145.28651,-38.15281],[145.30733,-38.15547],[145.31743,-38.15668],[145.31838,-38.15997],[145.31882,-38.15951],[145.32121,-38.14843],[145.32421,-38.13376],[145.32713,-38.11892],[145.33022,-38.10379],[145.33267,-38.08924],[145.33534,-38.07451]]]},"properties":{"district":"Cranbourne"}},{"type":"Feature","geometry":{"type":"Polygon","coordinates":[[[145.31681,-37.81816],[145.31677,-37.8171],[145.31489,-37.80373],[145.31607,-37.8021],[145.32851,-37.80042],[145.3271,-37.7987],[145.32964,-37.7856],[145.32815,-37.78568],[145.32611,-37.78637],[145.32057,-37.78509],[145.31855,-37.78325],[145.31524,-37.78457],[145.31108,-37.78484],[145.30741,-37.78364],[145.30626,-37.7818],[145.30596,-37.77979],[145.30788,-37.77756],[145.30702,-37.77659],[145.30351,-37.77576],[145.30054,-37.77341],[145.29921,-37.7715],[145.29727,-37.77029],[145.29724,-37.76928],[145.30034,-37.76739],[145.29981,-37.76685],[145.2959,-37.7664],[145.29643,-37.76345],[145.28719,-37.76262],[145.2782,-37.76185],[145.27192,-37.76311],[145.27165,-37.76384],[145.26596,-37.76784],[145.26319,-37.76753],[145.26191,-37.77453],[145.25739,-37.77401],[145.25605,-37.78128],[145.2492,-37.78058],[145.23784,-37.77922],[145.23597,-37.79009],[145.23538,-37.79382],[145.24202,-37.79475],[145.25062,-37.79574],[145.25404,-37.79787],[145.25589,-37.79656],[145.26064,-37.80077],[145.2626,-37.80352],[145.26202,-37.80395],[145.264,-37.80776],[145.2596,-37.8093],[145.26955,-37.81055],[145.26913,-37.81817],[145.27847,-37.81934],[145.2783,-37.82178],[145.28248,-37.82081],[145.28788,-37.81892],[145.28759,-37.82603],[145.31681,-37.81816]]]},"properties":{"district":"Croydon"}},{"type":"Feature","geometry":{"type":"Polygon","coordinates":[[[145.24515,-38.04906],[145.24624,-38.04219],[145.24697,-38.03623],[145.2467,-38.02729],[145.24835,-38.02076],[145.24858,-38.0187],[145.25187,-38.0049],[145.25293,-37.99681],[145.25442,-37.99099],[145.25083,-37.98745],[145.25163,-37.98664],[145.25431,-37.98788],[145.2565,-37.98805],[145.25538,-37.98411],[145.25542,-37.98255],[145.25723,-37.97899],[145.2578,-37.97618],[145.25879,-37.97367],[145.26108,-37.97157],[145.26341,-37.95816],[145.26355,-37.958],[145.26571,-37.94591],[145.24413,-37.9433],[145.24387,-37.94317],[145.21968,-37.94027],[145.21916,-37.94015],[145.20704,-37.93883],[145.2047,-37.94692],[145.20309,-37.9534],[145.20225,-37.95594],[145.1908,-37.95454],[145.19175,-37.95646],[145.1911,-37.95981],[145.18836,-37.96153],[145.18809,-37.96221],[145.18579,-37.97387],[145.19266,-37.97875],[145.19305,-37.98498],[145.19163,-37.99384],[145.19154,-37.99954],[145.19122,-38.00185],[145.18846,-38.01052],[145.18717,-38.01761],[145.18762,-38.02089],[145.18666,-38.02339],[145.1845,-38.03076],[145.1835,-38.03182],[145.18388,-38.03226],[145.18731,-38.03631],[145.22754,-38.04132],[145.2266,-38.04617],[145.24473,-38.04822],[145.24515,-38.04906]]]},"properties":{"district":"Dandenong"}},{"type":"Feature","geometry":{"type":"Polygon","coordinates":[[[146.64704,-37.16316],[146.33572,-36.95299],[146.31698,-36.95314],[146.31624,-36.94966],[146.315,-36.94833],[146.31151,-36.94809],[146.30959,-36.94689],[146.30516,-36.94772],[146.30339,-36.94717],[146.29447,-36.94244],[146.29196,-36.94029],[146.29013,-36.93769],[146.29002,-36.93595],[146.28757,-36.93488],[146.28558,-36.93556],[146.28067,-36.93457],[146.27713,-36.93143],[146.27741,-36.92838],[146.27878,-36.92493],[146.27214,-36.91936],[146.27091,-36.91873],[146.26769,-36.91874],[146.26504,-36.91591],[146.26213,-36.91521],[146.26092,-36.91445],[146.2545,-36.91363],[146.25252,-36.91289],[146.24963,-36.91417],[146.24604,-36.91471],[146.24191,-36.91621],[146.23744,-36.91548],[146.23205,-36.91643],[146.23043,-36.916],[146.22696,-36.91609],[146.22541,-36.91491],[146.22199,-36.91443],[146.21932,-36.91333],[146.21888,-36.91211],[146.21639,-36.91131],[146.21375,-36.90919],[146.21111,-36.90885],[146.20931,-36.90607],[146.20783,-36.90586],[146.20697,-36.90466],[146.20463,-36.90344],[146.20343,-36.90433],[146.20176,-36.90379],[146.20032,-36.9018],[146.1958,-36.90107],[146.19346,-36.89849],[146.19024,-36.89908],[146.18641,-36.8987],[146.18701,-36.89536],[146.18633,-36.89372],[146.18488,-36.89258],[146.18259,-36.89349],[146.17942,-36.89369],[146.17572,-36.89105],[146.17162,-36.89211],[146.16954,-36.89092],[146.16555,-36.88714],[146.16295,-36.88661],[146.16281,-36.88844],[146.15694,-36.88784],[146.15571,-36.88713],[146.15286,-36.88792],[146.15213,-36.88705],[146.15132,-36.8836],[146.15428,-36.8844],[146.15595,-36.88126],[146.15668,-36.87854],[146.15563,-36.87743],[146.15322,-36.87623],[146.14951,-36.87572],[146.1506,-36.87414],[146.13668,-36.87228],[146.13766,-36.87356],[146.13866,-36.87956],[146.1372,-36.88105],[146.1358,-36.8793],[146.13335,-36.88034],[146.13112,-36.88071],[146.12801,-36.882],[146.12696,-36.8834],[146.12509,-36.88451],[146.12407,-36.88331],[146.12429,-36.87977],[146.12065,-36.87721],[146.1185,-36.87634],[146.11622,-36.87624],[146.11523,-36.87507],[146.11494,-36.87322],[146.11154,-36.86911],[146.10887,-36.86877],[146.10923,-36.86659],[146.06828,-36.86209],[146.05962,-36.9078],[146.05478,-36.90703],[146.05124,-36.9059],[146.05095,-36.90425],[146.04862,-36.90393],[146.04641,-36.90214],[146.04499,-36.90229],[146.04152,-36.9003],[146.04117,-36.89841],[146.0383,-36.89356],[146.03697,-36.89209],[146.03535,-36.88685],[146.03298,-36.88509],[146.03268,-36.88323],[146.03121,-36.88152],[146.03041,-36.87757],[146.02864,-36.87615],[146.02808,-36.8744],[146.02841,-36.87291],[146.02716,-36.87168],[146.02279,-36.86929],[146.02166,-36.86801],[146.02144,-36.86569],[146.02216,-36.8644],[146.02123,-36.86198],[146.01887,-36.85794],[146.0166,-36.85724],[146.01636,-36.85559],[146.01448,-36.85417],[146.00911,-36.85336],[146.00635,-36.85674],[146.00321,-36.8589],[146.0016,-36.85898],[146.0021,-36.86066],[146.00128,-36.86234],[145.99964,-36.86335],[145.99829,-36.86306],[145.99633,-36.86462],[145.99403,-36.8645],[145.99179,-36.86381],[145.98817,-36.86579],[145.98651,-36.86826],[145.9855,-36.86814],[145.98301,-36.87024],[145.98127,-36.871],[145.97788,-36.87343],[145.97496,-36.87409],[145.97197,-36.87602],[145.96708,-36.87418],[145.96349,-36.87696],[145.96303,-36.87912],[145.96024,-36.88255],[145.95977,-36.88535],[145.9605,-36.88855],[145.96009,-36.89405],[145.96045,-36.89664],[145.9598,-36.898],[145.95598,-36.89911],[145.9546,-36.90217],[145.95408,-36.90445],[145.95218,-36.9038],[145.95012,-36.9043],[145.94688,-36.90376],[145.94378,-36.90428],[145.94211,-36.9041],[145.93832,-36.9024],[145.93665,-36.90379],[145.93133,-36.90559],[145.92938,-36.90446],[145.92748,-36.90655],[145.9273,-36.91007],[145.92771,-36.9118],[145.92682,-36.91722],[145.92659,-36.92372],[145.92484,-36.92576],[145.91699,-36.92555],[145.91825,-36.92418],[145.91886,-36.91893],[145.91734,-36.9164],[145.91812,-36.91448],[145.91494,-36.91241],[145.91156,-36.91243],[145.90656,-36.90891],[145.90677,-36.90609],[145.90562,-36.90352],[145.90348,-36.90127],[145.90289,-36.89944],[145.90023,-36.89722],[145.89816,-36.89756],[145.89462,-36.89266],[145.89448,-36.8901],[145.89202,-36.88809],[145.89105,-36.88818],[145.88466,-36.88545],[145.88342,-36.88457],[145.87937,-36.88028],[145.87761,-36.87999],[145.87557,-36.88232],[145.87365,-36.88281],[145.87289,-36.8817],[145.86822,-36.87973],[145.86217,-36.88204],[145.86073,-36.87858],[145.85928,-36.88287],[145.85629,-36.88543],[145.86163,-36.88538],[145.8615,-36.89423],[145.86637,-36.89422],[145.86632,-36.90225],[145.86154,-36.90224],[145.86138,-36.9049],[145.86197,-36.90576],[145.86167,-36.90893],[145.86071,-36.91036],[145.79053,-36.93243],[145.783,-36.93242],[145.78039,-36.9317],[145.77278,-36.93336],[145.76935,-36.93137],[145.76615,-36.93207],[145.75586,-36.9324],[145.75588,-36.92774],[145.74738,-36.92769],[145.7471,-36.92353],[145.72759,-36.92357],[145.72824,-36.9255],[145.72719,-36.92741],[145.71742,-36.92753],[145.71647,-36.92444],[145.70454,-36.92439],[145.69957,-36.92946],[145.69776,-36.92945],[145.69506,-36.93057],[145.68851,-36.93108],[145.68573,-36.93047],[145.67957,-36.93036],[145.6722,-36.93255],[145.66759,-36.93295],[145.66372,-36.93285],[145.66216,-36.93453],[145.65881,-36.93545],[145.6576,-36.93636],[145.65486,-36.94131],[145.65489,-36.94329],[145.65347,-36.9457],[145.65016,-36.94615],[145.6491,-36.94498],[145.64706,-36.9441],[145.64137,-36.9449],[145.64061,-36.94423],[145.63809,-36.94522],[145.63737,-36.94761],[145.6358,-36.94713],[145.63358,-36.94531],[145.63189,-36.94527],[145.62876,-36.94344],[145.62745,-36.93884],[145.62575,-36.93794],[145.62364,-36.9386],[145.62232,-36.93792],[145.61774,-36.93826],[145.61708,-36.93999],[145.61465,-36.93942],[145.61308,-36.94096],[145.61164,-36.94141],[145.60822,-36.94083],[145.60708,-36.94144],[145.60673,-36.94466],[145.60411,-36.94657],[145.60353,-36.9477],[145.60093,-36.95048],[145.59854,-36.95042],[145.59599,-36.95282],[145.59585,-36.95453],[145.59268,-36.95599],[145.59148,-36.95748],[145.58726,-36.95809],[145.58663,-36.95925],[145.58226,-36.96171],[145.57915,-36.96011],[145.57161,-36.9613],[145.56795,-36.96104],[145.56578,-36.95872],[145.56377,-36.95797],[145.56196,-36.95906],[145.53184,-36.95905],[145.53186,-36.9789],[145.5336,-36.97993],[145.53462,-36.9813],[145.5325,-36.98654],[145.53046,-36.98814],[145.53088,-36.99],[145.52935,-36.99212],[145.52891,-36.99378],[145.52779,-36.99441],[145.52531,-36.99348],[145.5219,-36.99402],[145.51867,-36.99292],[145.51655,-36.98942],[145.51393,-36.98934],[145.51239,-36.99032],[145.51023,-36.99004],[145.50878,-36.99072],[145.50423,-36.99038],[145.50257,-36.99167],[145.50006,-36.99172],[145.4987,-36.99346],[145.49821,-36.99573],[145.4964,-36.99751],[145.49087,-37.00024],[145.49053,-37.00281],[145.48929,-37.00404],[145.48965,-37.00564],[145.4919,-37.00715],[145.4904,-37.01371],[145.49167,-37.01477],[145.49353,-37.0181],[145.49015,-37.02035],[145.4906,-37.0215],[145.48963,-37.0231],[145.4837,-37.02339],[145.47714,-37.02267],[145.47502,-37.02199],[145.46917,-37.02152],[145.46503,-37.02001],[145.46166,-37.01787],[145.45786,-37.01393],[145.45673,-37.01355],[145.45537,-37.01481],[145.44905,-37.01686],[145.44679,-37.0167],[145.4455,-37.01595],[145.4457,-37.01344],[145.44279,-37.01343],[145.43627,-37.01053],[145.43534,-37.00785],[145.4334,-37.00815],[145.43159,-37.00739],[145.43249,-37.0058],[145.43081,-37.00504],[145.4274,-37.00655],[145.42891,-37.01457],[145.42872,-37.01618],[145.42961,-37.02073],[145.42949,-37.02168],[145.42749,-37.0229],[145.42523,-37.02505],[145.4192,-37.02714],[145.41702,-37.02829],[145.41573,-37.02962],[145.41088,-37.03034],[145.40874,-37.03601],[145.40763,-37.03627],[145.40409,-37.03949],[145.40207,-37.039],[145.39979,-37.03994],[145.39705,-37.04235],[145.39279,-37.04373],[145.39284,-37.06144],[145.39272,-37.06148],[145.39273,-37.07629],[145.38235,-37.07619],[145.38201,-37.0764],[145.37471,-37.07636],[145.37472,-37.08498],[145.37229,-37.08498],[145.37221,-37.09392],[145.36754,-37.09247],[145.3663,-37.09118],[145.36621,-37.09763],[145.35587,-37.09765],[145.35522,-37.09952],[145.35282,-37.10139],[145.34157,-37.10136],[145.34152,-37.09973],[145.33152,-37.09968],[145.32868,-37.10028],[145.32734,-37.10125],[145.32581,-37.1011],[145.32291,-37.10188],[145.32158,-37.10041],[145.32059,-37.10155],[145.32104,-37.1038],[145.30435,-37.10372],[145.30314,-37.09962],[145.2883,-37.0996],[145.2893,-37.10231],[145.28856,-37.10648],[145.29047,-37.10868],[145.29083,-37.11083],[145.29007,-37.11123],[145.29012,-37.11425],[145.2895,-37.11698],[145.28766,-37.1188],[145.28689,-37.12092],[145.28778,-37.12196],[145.28695,-37.12345],[145.28749,-37.1249],[145.28525,-37.12757],[145.2846,-37.12908],[145.28461,-37.13855],[145.27903,-37.13954],[145.2789,-37.14306],[145.27617,-37.14229],[145.27312,-37.14192],[145.27255,-37.14022],[145.26934,-37.13704],[145.268,-37.13627],[145.26435,-37.13594],[145.26054,-37.13522],[145.25667,-37.13506],[145.25481,-37.13889],[145.25186,-37.14148],[145.24836,-37.14252],[145.24416,-37.14316],[145.2432,-37.14393],[145.23796,-37.14156],[145.23338,-37.13879],[145.23167,-37.13723],[145.23119,-37.13435],[145.23043,-37.13325],[145.22856,-37.13463],[145.2287,-37.13812],[145.23054,-37.14255],[145.23154,-37.14285],[145.23228,-37.14652],[145.23128,-37.14744],[145.23126,-37.14931],[145.23202,-37.1508],[145.23214,-37.15285],[145.23406,-37.15522],[145.23503,-37.15729],[145.23173,-37.15727],[145.23172,-37.16753],[145.23234,-37.16856],[145.24109,-37.16862],[145.24126,-37.1766],[145.23777,-37.17791],[145.23452,-37.17788],[145.2317,-37.17962],[145.22949,-37.18006],[145.22819,-37.1814],[145.22777,-37.18301],[145.22539,-37.18301],[145.22537,-37.18608],[145.21952,-37.18612],[145.21944,-37.19108],[145.20753,-37.19112],[145.20746,-37.18711],[145.20202,-37.18717],[145.20216,-37.19984],[145.19637,-37.19989],[145.19638,-37.2061],[145.19114,-37.20381],[145.18637,-37.20373],[145.18637,-37.20483],[145.17488,-37.20491],[145.17597,-37.20821],[145.17428,-37.21189],[145.17453,-37.21398],[145.17274,-37.21521],[145.17202,-37.2168],[145.16961,-37.21726],[145.16731,-37.21641],[145.16532,-37.21506],[145.16381,-37.21577],[145.1636,-37.21733],[145.16632,-37.21988],[145.16799,-37.22302],[145.16946,-37.22492],[145.16953,-37.22663],[145.17151,-37.22865],[145.17455,-37.23271],[145.17681,-37.23414],[145.1772,-37.23594],[145.17282,-37.23848],[145.17093,-37.23842],[145.1697,-37.23957],[145.16777,-37.24025],[145.16822,-37.24284],[145.16944,-37.24482],[145.17161,-37.24702],[145.17012,-37.24769],[145.17068,-37.24977],[145.16828,-37.251],[145.16589,-37.25167],[145.16584,-37.25376],[145.16737,-37.25528],[145.1705,-37.25607],[145.17288,-37.25822],[145.17313,-37.26116],[145.17012,-37.26392],[145.16764,-37.26369],[145.1687,-37.26547],[145.16849,-37.26664],[145.16554,-37.26927],[145.16483,-37.27196],[145.1652,-37.27319],[145.163,-37.27763],[145.16814,-37.28129],[145.17193,-37.2785],[145.17183,-37.2663],[145.18064,-37.26442],[145.18058,-37.27177],[145.18702,-37.27174],[145.18692,-37.27825],[145.18913,-37.2785],[145.18977,-37.27923],[145.19264,-37.27934],[145.19555,-37.2783],[145.19538,-37.29412],[145.22731,-37.29426],[145.22744,-37.3051],[145.25186,-37.30495],[145.25188,-37.31108],[145.25669,-37.31107],[145.2567,-37.31741],[145.26194,-37.31738],[145.26197,-37.32968],[145.26358,-37.32937],[145.26542,-37.32768],[145.2703,-37.32726],[145.27436,-37.33015],[145.27436,-37.33109],[145.27693,-37.33265],[145.27935,-37.33238],[145.27935,-37.33797],[145.27696,-37.3376],[145.27049,-37.33891],[145.27045,-37.3407],[145.27604,-37.33982],[145.27421,-37.3421],[145.27286,-37.3466],[145.27021,-37.34737],[145.27014,-37.35551],[145.27424,-37.35553],[145.27421,-37.3598],[145.27138,-37.35978],[145.27137,-37.36806],[145.25651,-37.36797],[145.25831,-37.37161],[145.26083,-37.37105],[145.26201,-37.37257],[145.26582,-37.3727],[145.26584,-37.39899],[145.26562,-37.41935],[145.2645,-37.42023],[145.26149,-37.42125],[145.2602,-37.4228],[145.25786,-37.42374],[145.25585,-37.42563],[145.25235,-37.42592],[145.25117,-37.42665],[145.25043,-37.42825],[145.24872,-37.42873],[145.24547,-37.43135],[145.24305,-37.43216],[145.24153,-37.43343],[145.23976,-37.43339],[145.23627,-37.43587],[145.23484,-37.438],[145.23462,-37.44058],[145.23369,-37.44381],[145.23414,-37.44685],[145.23164,-37.44966],[145.23141,-37.45057],[145.22771,-37.45448],[145.22872,-37.45666],[145.22849,-37.45756],[145.22651,-37.45835],[145.22476,-37.45816],[145.22399,-37.46332],[145.22227,-37.4726],[145.22546,-37.47431],[145.23352,-37.47523],[145.23647,-37.47618],[145.22865,-37.48122],[145.22788,-37.48333],[145.22604,-37.48579],[145.22615,-37.48835],[145.22398,-37.48963],[145.2211,-37.49071],[145.22098,-37.4935],[145.21999,-37.49442],[145.22143,-37.49736],[145.22065,-37.49992],[145.21879,-37.50036],[145.21703,-37.50209],[145.21551,-37.50158],[145.21046,-37.50266],[145.20747,-37.50273],[145.205,-37.50394],[145.20316,-37.50665],[145.20134,-37.50495],[145.19926,-37.50382],[145.19388,-37.50306],[145.19095,-37.50184],[145.1915,-37.50411],[145.19388,-37.50634],[145.19848,-37.51258],[145.19535,-37.5165],[145.19373,-37.51641],[145.1913,-37.5173],[145.18869,-37.52101],[145.18738,-37.52366],[145.18368,-37.52624],[145.18259,-37.52788],[145.17946,-37.53025],[145.18159,-37.53417],[145.18148,-37.53602],[145.17992,-37.53644],[145.17782,-37.54018],[145.17524,-37.54307],[145.1716,-37.54476],[145.16886,-37.54744],[145.16693,-37.54823],[145.16667,-37.54933],[145.16889,-37.55132],[145.16828,-37.55308],[145.16597,-37.55576],[145.16499,-37.558],[145.15746,-37.56108],[145.14946,-37.5653],[145.14601,-37.56945],[145.14444,-37.57029],[145.14403,-37.57261],[145.16728,-37.57111],[145.17314,-37.57008],[145.17506,-37.57092],[145.17469,-37.57289],[145.17261,-37.57531],[145.17183,-37.57874],[145.17318,-37.58007],[145.19546,-37.58274],[145.19394,-37.59047],[145.19404,-37.59433],[145.19231,-37.59607],[145.19486,-37.59646],[145.19443,-37.59898],[145.19778,-37.59933],[145.20171,-37.59622],[145.20677,-37.59478],[145.20664,-37.59403],[145.20965,-37.59204],[145.21959,-37.5932],[145.21847,-37.59475],[145.21854,-37.5971],[145.21731,-37.59853],[145.21525,-37.60421],[145.21616,-37.60661],[145.21563,-37.60833],[145.21625,-37.60989],[145.21733,-37.61465],[145.21722,-37.61665],[145.21802,-37.61893],[145.21733,-37.62093],[145.21799,-37.62324],[145.22019,-37.62559],[145.21774,-37.62704],[145.22609,-37.6285],[145.22156,-37.63035],[145.2198,-37.63015],[145.21923,-37.63249],[145.22372,-37.63209],[145.2252,-37.63293],[145.22312,-37.63636],[145.22187,-37.63604],[145.21993,-37.63686],[145.21921,-37.64078],[145.2176,-37.64028],[145.2172,-37.64254],[145.21589,-37.64239],[145.21507,-37.6443],[145.21768,-37.64504],[145.22216,-37.64927],[145.2244,-37.65025],[145.22148,-37.65244],[145.22151,-37.65342],[145.21996,-37.65556],[145.21941,-37.65792],[145.21044,-37.65681],[145.20848,-37.66195],[145.20534,-37.66121],[145.20432,-37.66392],[145.20257,-37.66376],[145.2013,-37.66479],[145.20342,-37.66651],[145.20003,-37.66664],[145.19912,-37.66945],[145.19835,-37.67336],[145.20212,-37.67647],[145.19989,-37.67611],[145.1984,-37.68253],[145.19639,-37.68589],[145.1953,-37.68577],[145.19174,-37.68951],[145.19668,-37.69222],[145.19903,-37.69263],[145.19751,-37.70072],[145.21359,-37.70254],[145.21175,-37.71161],[145.21175,-37.71225],[145.2226,-37.71383],[145.2259,-37.71562],[145.22867,-37.71378],[145.23017,-37.71394],[145.2313,-37.71283],[145.23868,-37.71362],[145.23841,-37.71506],[145.2366,-37.71485],[145.23593,-37.71839],[145.23645,-37.71988],[145.23768,-37.72075],[145.24114,-37.72521],[145.24273,-37.72525],[145.24374,-37.72305],[145.24295,-37.72092],[145.24295,-37.71928],[145.24646,-37.72054],[145.24867,-37.72073],[145.24969,-37.71848],[145.25391,-37.71708],[145.25592,-37.71441],[145.25649,-37.7122],[145.25469,-37.71086],[145.25487,-37.71003],[145.25733,-37.71019],[145.25943,-37.70936],[145.26065,-37.70809],[145.26332,-37.70797],[145.26541,-37.70843],[145.26823,-37.70748],[145.26991,-37.70627],[145.26794,-37.70574],[145.26718,-37.70446],[145.26883,-37.70335],[145.27222,-37.70377],[145.27307,-37.70522],[145.27266,-37.70795],[145.27326,-37.70891],[145.27579,-37.7101],[145.27385,-37.71365],[145.27266,-37.71512],[145.27318,-37.7161],[145.27717,-37.71563],[145.27718,-37.71375],[145.27864,-37.71322],[145.28128,-37.71382],[145.28259,-37.71473],[145.28311,-37.71613],[145.28277,-37.71829],[145.28395,-37.71865],[145.28688,-37.71551],[145.28506,-37.71426],[145.28499,-37.7118],[145.28318,-37.70995],[145.28278,-37.70835],[145.28412,-37.7069],[145.28431,-37.70568],[145.28608,-37.70344],[145.2882,-37.7029],[145.29062,-37.70291],[145.29208,-37.70363],[145.29148,-37.7065],[145.28941,-37.70951],[145.29171,-37.70878],[145.29318,-37.70936],[145.29155,-37.711],[145.2934,-37.71219],[145.29578,-37.71288],[145.29614,-37.71388],[145.29922,-37.71277],[145.30129,-37.71449],[145.30187,-37.71632],[145.30394,-37.71594],[145.30781,-37.71632],[145.31113,-37.71612],[145.31235,-37.71553],[145.31269,-37.71415],[145.3114,-37.71324],[145.31222,-37.71085],[145.31439,-37.70901],[145.31378,-37.70672],[145.31631,-37.7066],[145.3189,-37.70789],[145.3204,-37.70666],[145.31837,-37.70387],[145.31479,-37.69959],[145.31534,-37.69827],[145.3178,-37.69769],[145.31893,-37.69654],[145.31902,-37.69323],[145.31705,-37.69235],[145.31795,-37.69132],[145.32665,-37.68888],[145.3283,-37.68995],[145.3287,-37.69152],[145.33071,-37.69222],[145.33153,-37.68724],[145.33304,-37.68648],[145.33523,-37.68227],[145.33785,-37.68229],[145.33676,-37.68033],[145.33692,-37.67844],[145.33936,-37.6757],[145.34139,-37.67632],[145.34311,-37.67368],[145.3455,-37.67364],[145.34545,-37.67502],[145.34727,-37.67569],[145.34791,-37.67841],[145.34984,-37.67908],[145.35048,-37.6813],[145.35187,-37.68229],[145.35291,-37.68136],[145.35257,-37.67646],[145.35405,-37.67589],[145.35387,-37.67428],[145.35639,-37.67184],[145.35879,-37.67095],[145.36262,-37.67438],[145.3635,-37.67407],[145.36187,-37.67146],[145.36514,-37.6685],[145.36899,-37.66835],[145.37054,-37.66766],[145.37126,-37.6652],[145.37394,-37.662],[145.37479,-37.66201],[145.37691,-37.66022],[145.37875,-37.65977],[145.38167,-37.66055],[145.38547,-37.66235],[145.38797,-37.66428],[145.39002,-37.66481],[145.39036,-37.66644],[145.39182,-37.66597],[145.39638,-37.6681],[145.39771,-37.66819],[145.39963,-37.66994],[145.39946,-37.67096],[145.40128,-37.67274],[145.39937,-37.6729],[145.40132,-37.67564],[145.40257,-37.67423],[145.40664,-37.67375],[145.40833,-37.6682],[145.4093,-37.66695],[145.41179,-37.66695],[145.41663,-37.66472],[145.41874,-37.6647],[145.41892,-37.66354],[145.42143,-37.66428],[145.4206,-37.66181],[145.42266,-37.66104],[145.42037,-37.6587],[145.42057,-37.65765],[145.42303,-37.65824],[145.42474,-37.65807],[145.42619,-37.65893],[145.42535,-37.66041],[145.42827,-37.66159],[145.43084,-37.66361],[145.42982,-37.66465],[145.43135,-37.66614],[145.43008,-37.6667],[145.43047,-37.66854],[145.43246,-37.66864],[145.43627,-37.66948],[145.4374,-37.67193],[145.44091,-37.67276],[145.44195,-37.67399],[145.44427,-37.67299],[145.44629,-37.67419],[145.44894,-37.67283],[145.45607,-37.67106],[145.45786,-37.6715],[145.45849,-37.6726],[145.46113,-37.67375],[145.46335,-37.67391],[145.46537,-37.67576],[145.46787,-37.676],[145.46881,-37.6754],[145.46812,-37.67361],[145.46998,-37.67258],[145.47204,-37.67065],[145.47328,-37.66468],[145.47528,-37.66367],[145.47762,-37.66626],[145.4789,-37.6669],[145.47988,-37.66513],[145.48137,-37.66405],[145.48511,-37.66378],[145.48464,-37.66536],[145.48767,-37.66629],[145.48679,-37.66794],[145.48985,-37.67001],[145.49089,-37.67222],[145.49247,-37.67348],[145.48887,-37.67385],[145.49113,-37.6763],[145.48899,-37.67759],[145.49037,-37.68065],[145.49278,-37.68165],[145.49368,-37.68294],[145.49197,-37.68359],[145.49409,-37.68664],[145.49539,-37.6877],[145.49637,-37.6903],[145.49642,-37.69524],[145.499,-37.69496],[145.50116,-37.69608],[145.5018,-37.69875],[145.50396,-37.69854],[145.50322,-37.70103],[145.5045,-37.70218],[145.50559,-37.70448],[145.50711,-37.70305],[145.50902,-37.70352],[145.50913,-37.70471],[145.50727,-37.70649],[145.50828,-37.70779],[145.50688,-37.70907],[145.50767,-37.71008],[145.50624,-37.71238],[145.50517,-37.71591],[145.50177,-37.71894],[145.50218,-37.72073],[145.50073,-37.72261],[145.50086,-37.72398],[145.49822,-37.72908],[145.49854,-37.73091],[145.50209,-37.73326],[145.50389,-37.73533],[145.50576,-37.73478],[145.50773,-37.73563],[145.50759,-37.73724],[145.50871,-37.73769],[145.51258,-37.73766],[145.51504,-37.73983],[145.51389,-37.74174],[145.51629,-37.74252],[145.50927,-37.74528],[145.50914,-37.7468],[145.51136,-37.7473],[145.51119,-37.74935],[145.51163,-37.75215],[145.50999,-37.75439],[145.51308,-37.75556],[145.51322,-37.75823],[145.51202,-37.75986],[145.51033,-37.76404],[145.51156,-37.76462],[145.51188,-37.76633],[145.51346,-37.76756],[145.51281,-37.77237],[145.5094,-37.77293],[145.51062,-37.7753],[145.50755,-37.77615],[145.50848,-37.7773],[145.50696,-37.77962],[145.50806,-37.78156],[145.50876,-37.78536],[145.51059,-37.78672],[145.51464,-37.788],[145.51718,-37.78676],[145.51937,-37.78867],[145.52064,-37.79221],[145.52027,-37.7935],[145.5181,-37.79311],[145.51649,-37.79588],[145.51823,-37.79809],[145.51525,-37.79993],[145.51623,-37.8023],[145.5178,-37.804],[145.5171,-37.80542],[145.51447,-37.80491],[145.51328,-37.80555],[145.50869,-37.8064],[145.50941,-37.80725],[145.50795,-37.80911],[145.50682,-37.8121],[145.50245,-37.81596],[145.5016,-37.81772],[145.50281,-37.81952],[145.50159,-37.82138],[145.50107,-37.82659],[145.49913,-37.82724],[145.49978,-37.83016],[145.49832,-37.8332],[145.49696,-37.83446],[145.4972,-37.83607],[145.4954,-37.83774],[145.49477,-37.84029],[145.49321,-37.84201],[145.49284,-37.84379],[145.49526,-37.84477],[145.49726,-37.8464],[145.4992,-37.8497],[145.50134,-37.85067],[145.50536,-37.85087],[145.50762,-37.85266],[145.50923,-37.85226],[145.51103,-37.85344],[145.51334,-37.85411],[145.5157,-37.8542],[145.51682,-37.85566],[145.51713,-37.85734],[145.51915,-37.85775],[145.52258,-37.85788],[145.52765,-37.86124],[145.53072,-37.86435],[145.53042,-37.86623],[145.5319,-37.86686],[145.53481,-37.86626],[145.53948,-37.86892],[145.53936,-37.87052],[145.54137,-37.87175],[145.54426,-37.87131],[145.54694,-37.87175],[145.54912,-37.87267],[145.55094,-37.87214],[145.55344,-37.87393],[145.55422,-37.87614],[145.55405,-37.87746],[145.55645,-37.87899],[145.5614,-37.8811],[145.56232,-37.882],[145.56255,-37.88557],[145.56442,-37.88694],[145.56589,-37.88917],[145.56722,-37.89227],[145.56839,-37.89266],[145.56867,-37.89433],[145.56754,-37.89701],[145.56938,-37.89809],[145.57064,-37.89594],[145.57306,-37.89867],[145.57523,-37.89934],[145.57629,-37.89755],[145.57854,-37.8977],[145.58098,-37.89709],[145.58533,-37.89661],[145.58815,-37.89758],[145.58994,-37.89628],[145.60409,-37.89799],[145.60347,-37.90127],[145.61333,-37.90249],[145.61324,-37.90324],[145.61498,-37.90486],[145.61475,-37.90809],[145.62675,-37.90961],[145.62498,-37.91816],[145.62825,-37.91725],[145.63173,-37.91899],[145.63552,-37.91786],[145.64207,-37.91827],[145.6447,-37.91719],[145.65268,-37.91651],[145.65091,-37.91451],[145.65054,-37.91269],[145.65317,-37.91068],[145.65654,-37.90911],[145.6603,-37.90935],[145.6652,-37.91072],[145.669,-37.90955],[145.67061,-37.90837],[145.67113,-37.90342],[145.66907,-37.89954],[145.66926,-37.89707],[145.67085,-37.89574],[145.67168,-37.89345],[145.67515,-37.89388],[145.67647,-37.89317],[145.67967,-37.89355],[145.68144,-37.89126],[145.68631,-37.88882],[145.68582,-37.8874],[145.68624,-37.88567],[145.68492,-37.88372],[145.68511,-37.88216],[145.68686,-37.88081],[145.68803,-37.88147],[145.68955,-37.8838],[145.69389,-37.88601],[145.69766,-37.88571],[145.69948,-37.88512],[145.70226,-37.88652],[145.70799,-37.88709],[145.71329,-37.886],[145.71485,-37.88424],[145.71581,-37.8842],[145.71899,-37.8856],[145.72199,-37.88544],[145.72273,-37.88602],[145.72264,-37.89147],[145.72373,-37.89195],[145.72799,-37.89701],[145.7324,-37.90138],[145.73618,-37.90146],[145.73876,-37.90238],[145.74123,-37.90274],[145.74624,-37.90253],[145.74685,-37.90436],[145.74825,-37.90452],[145.75017,-37.90324],[145.7536,-37.90428],[145.75743,-37.90219],[145.76055,-37.90146],[145.76502,-37.89858],[145.76286,-37.89669],[145.76287,-37.89499],[145.76542,-37.89097],[145.76634,-37.88759],[145.76526,-37.88626],[145.76723,-37.88462],[145.76751,-37.88334],[145.7695,-37.8809],[145.77408,-37.87983],[145.77916,-37.87684],[145.78495,-37.87862],[145.78803,-37.87782],[145.79288,-37.8777],[145.79514,-37.87493],[145.79819,-37.87329],[145.80136,-37.87219],[145.80326,-37.87367],[145.80557,-37.87202],[145.80523,-37.8705],[145.80296,-37.86804],[145.80173,-37.86353],[145.80325,-37.86069],[145.80442,-37.86058],[145.80802,-37.8617],[145.80876,-37.86326],[145.811,-37.86403],[145.81071,-37.86233],[145.81149,-37.86105],[145.81457,-37.85843],[145.81761,-37.85775],[145.81736,-37.85628],[145.81571,-37.85421],[145.81435,-37.8551],[145.81164,-37.85563],[145.81006,-37.85493],[145.80808,-37.85312],[145.8048,-37.852],[145.80403,-37.85015],[145.80539,-37.84801],[145.80774,-37.84617],[145.80948,-37.84289],[145.81006,-37.84054],[145.81143,-37.83945],[145.8112,-37.83609],[145.8089,-37.83548],[145.80849,-37.83228],[145.80863,-37.83012],[145.80742,-37.829],[145.80477,-37.82975],[145.80503,-37.8277],[145.80401,-37.82615],[145.79779,-37.82593],[145.79384,-37.82636],[145.79565,-37.822],[145.79618,-37.81864],[145.79486,-37.81655],[145.79495,-37.81511],[145.79685,-37.81459],[145.8003,-37.81449],[145.80298,-37.81341],[145.80416,-37.81401],[145.8067,-37.81244],[145.8069,-37.81098],[145.80961,-37.80755],[145.81095,-37.80798],[145.81507,-37.80724],[145.817,-37.80884],[145.81843,-37.80899],[145.81997,-37.81015],[145.82527,-37.81059],[145.82803,-37.81227],[145.82955,-37.8111],[145.83178,-37.80823],[145.8349,-37.80719],[145.83593,-37.80513],[145.83842,-37.80434],[145.83791,-37.80132],[145.83916,-37.79862],[145.84082,-37.79796],[145.8451,-37.79771],[145.8505,-37.79984],[145.85377,-37.79982],[145.85742,-37.8011],[145.85799,-37.80232],[145.86053,-37.8034],[145.86268,-37.8061],[145.8644,-37.80591],[145.86544,-37.8074],[145.86719,-37.80726],[145.86711,-37.8088],[145.86897,-37.8109],[145.87108,-37.81083],[145.87238,-37.81161],[145.87387,-37.81354],[145.8771,-37.81626],[145.87801,-37.818],[145.88185,-37.81856],[145.88327,-37.81981],[145.8869,-37.82127],[145.89156,-37.82495],[145.89487,-37.82582],[145.89796,-37.82396],[145.89852,-37.82139],[145.90157,-37.81912],[145.90294,-37.81721],[145.90547,-37.81638],[145.90727,-37.81694],[145.91248,-37.82272],[145.9147,-37.82607],[145.91714,-37.82608],[145.91906,-37.82799],[145.92336,-37.82859],[145.92638,-37.82965],[145.92611,-37.82588],[145.92675,-37.82264],[145.928,-37.82162],[145.93131,-37.82136],[145.93163,-37.81997],[145.92906,-37.81791],[145.92792,-37.8152],[145.92637,-37.81328],[145.92339,-37.81149],[145.92269,-37.80998],[145.92298,-37.807],[145.92485,-37.80509],[145.92667,-37.8013],[145.92873,-37.79927],[145.92883,-37.79784],[145.92544,-37.79424],[145.92238,-37.79192],[145.91806,-37.78601],[145.91764,-37.78344],[145.91871,-37.782],[145.91851,-37.77921],[145.91747,-37.77752],[145.91945,-37.77499],[145.92222,-37.77353],[145.9237,-37.77161],[145.92624,-37.77186],[145.93677,-37.77158],[145.9372,-37.76869],[145.9364,-37.76519],[145.94361,-37.75823],[145.95367,-37.76245],[145.96025,-37.76392],[145.9615,-37.76539],[145.96358,-37.76596],[145.96833,-37.7647],[145.97275,-37.76516],[145.97492,-37.76678],[145.97739,-37.76758],[145.98022,-37.76737],[145.98141,-37.76866],[145.98602,-37.76847],[145.99028,-37.76879],[145.99418,-37.76752],[145.99595,-37.76653],[145.99952,-37.76545],[146.00175,-37.76675],[146.00348,-37.76853],[146.00491,-37.76867],[146.00838,-37.7677],[146.01068,-37.76884],[146.01255,-37.76877],[146.01664,-37.77156],[146.01914,-37.77178],[146.02039,-37.7727],[146.02145,-37.77484],[146.02414,-37.77417],[146.02923,-37.77446],[146.03125,-37.77345],[146.0369,-37.77346],[146.03863,-37.77446],[146.04078,-37.77377],[146.04416,-37.77402],[146.04689,-37.77268],[146.04862,-37.77276],[146.05184,-37.77119],[146.05704,-37.7703],[146.06074,-37.7702],[146.06409,-37.76874],[146.06639,-37.76928],[146.06777,-37.76898],[146.06836,-37.76703],[146.07308,-37.76549],[146.07341,-37.76374],[146.07722,-37.76244],[146.08114,-37.76328],[146.08434,-37.7611],[146.08606,-37.75885],[146.08707,-37.75661],[146.08806,-37.75603],[146.08876,-37.75404],[146.09091,-37.75539],[146.09388,-37.75652],[146.0961,-37.75665],[146.0978,-37.75814],[146.0988,-37.76045],[146.10002,-37.76199],[146.10303,-37.76309],[146.10387,-37.76417],[146.10327,-37.76823],[146.1046,-37.76865],[146.1049,-37.77019],[146.10714,-37.77178],[146.10838,-37.774],[146.10951,-37.77481],[146.11223,-37.77515],[146.11304,-37.77631],[146.11672,-37.77749],[146.11725,-37.77953],[146.11665,-37.78222],[146.12083,-37.78658],[146.12133,-37.78819],[146.1241,-37.7894],[146.12582,-37.78809],[146.12881,-37.78914],[146.13076,-37.78835],[146.13258,-37.78836],[146.1341,-37.78753],[146.13451,-37.78527],[146.13755,-37.78264],[146.13824,-37.78078],[146.1374,-37.77834],[146.1385,-37.77689],[146.14184,-37.77491],[146.14227,-37.77188],[146.14463,-37.77036],[146.14814,-37.76906],[146.15095,-37.76911],[146.15429,-37.76702],[146.15474,-37.76568],[146.15688,-37.76506],[146.15697,-37.7632],[146.15886,-37.76195],[146.15797,-37.76066],[146.15903,-37.75964],[146.15881,-37.75661],[146.16047,-37.75332],[146.16035,-37.75086],[146.16145,-37.74913],[146.16322,-37.74777],[146.1631,-37.74462],[146.16184,-37.74235],[146.16239,-37.74056],[146.1602,-37.73944],[146.16031,-37.73621],[146.15978,-37.73408],[146.15878,-37.73287],[146.15905,-37.73045],[146.15678,-37.72808],[146.15605,-37.72622],[146.1538,-37.72495],[146.15181,-37.71933],[146.15311,-37.71871],[146.15056,-37.7152],[146.14786,-37.71478],[146.14539,-37.71068],[146.14238,-37.70954],[146.14125,-37.71018],[146.13859,-37.71014],[146.13803,-37.70828],[146.13938,-37.70666],[146.13897,-37.70502],[146.13583,-37.70256],[146.13643,-37.70043],[146.13624,-37.69794],[146.14214,-37.69277],[146.14177,-37.68744],[146.14037,-37.68205],[146.13738,-37.67916],[146.13393,-37.6791],[146.13269,-37.67771],[146.13222,-37.67571],[146.13317,-37.67479],[146.1323,-37.67176],[146.13216,-37.66844],[146.13395,-37.66443],[146.13359,-37.66333],[146.13323,-37.65829],[146.13259,-37.65357],[146.13104,-37.65083],[146.13112,-37.64917],[146.12975,-37.64807],[146.13053,-37.64721],[146.13095,-37.64391],[146.13425,-37.64285],[146.13981,-37.63908],[146.1413,-37.63701],[146.14125,-37.63472],[146.13933,-37.63255],[146.14057,-37.63076],[146.14416,-37.62743],[146.151,-37.62533],[146.15365,-37.62716],[146.15566,-37.62994],[146.15854,-37.63029],[146.15944,-37.62913],[146.15803,-37.62519],[146.16064,-37.62176],[146.16222,-37.62312],[146.16483,-37.623],[146.16555,-37.61721],[146.16413,-37.61594],[146.16308,-37.61385],[146.16336,-37.61273],[146.16141,-37.61014],[146.16245,-37.60806],[146.16021,-37.60432],[146.15882,-37.60077],[146.16126,-37.5994],[146.1613,-37.59626],[146.16209,-37.59582],[146.16445,-37.59677],[146.16846,-37.59956],[146.17198,-37.59949],[146.17165,-37.59651],[146.17012,-37.5949],[146.17166,-37.59367],[146.17224,-37.59164],[146.17323,-37.59113],[146.17325,-37.5887],[146.17495,-37.587],[146.17614,-37.58487],[146.17799,-37.58467],[146.17961,-37.58296],[146.18119,-37.58272],[146.1829,-37.58155],[146.18723,-37.58019],[146.18831,-37.58159],[146.18762,-37.58473],[146.18948,-37.58701],[146.19447,-37.58832],[146.20291,-37.59537],[146.20326,-37.5972],[146.20443,-37.59915],[146.20771,-37.60072],[146.20917,-37.60045],[146.21282,-37.60138],[146.21403,-37.60217],[146.22053,-37.60399],[146.2223,-37.60354],[146.22518,-37.60489],[146.23027,-37.60794],[146.23233,-37.60863],[146.23289,-37.60743],[146.23606,-37.60788],[146.23899,-37.6065],[146.24169,-37.60687],[146.24459,-37.60858],[146.24514,-37.60972],[146.24706,-37.60936],[146.25081,-37.61044],[146.25256,-37.60988],[146.25647,-37.61024],[146.26039,-37.60843],[146.26382,-37.6064],[146.26696,-37.60637],[146.27624,-37.60488],[146.28062,-37.60247],[146.28278,-37.6001],[146.28672,-37.59874],[146.28854,-37.59775],[146.29023,-37.59576],[146.29415,-37.59345],[146.29664,-37.59318],[146.29879,-37.59107],[146.30497,-37.59353],[146.30864,-37.59659],[146.31083,-37.59744],[146.31164,-37.59896],[146.31719,-37.59979],[146.31962,-37.59912],[146.32228,-37.60026],[146.32274,-37.60137],[146.32641,-37.60397],[146.32697,-37.60637],[146.32824,-37.60761],[146.33175,-37.60786],[146.33296,-37.60863],[146.33274,-37.61053],[146.33321,-37.6129],[146.33444,-37.614],[146.33717,-37.61508],[146.33868,-37.61671],[146.34157,-37.61715],[146.34567,-37.62182],[146.34665,-37.62359],[146.35065,-37.62519],[146.35554,-37.62489],[146.35855,-37.62642],[146.36182,-37.62763],[146.36361,-37.62648],[146.36559,-37.62665],[146.36764,-37.62932],[146.3726,-37.62848],[146.37553,-37.62873],[146.37656,-37.62817],[146.37968,-37.62487],[146.38034,-37.6237],[146.38264,-37.62198],[146.3825,-37.61946],[146.38403,-37.61638],[146.38332,-37.61306],[146.38344,-37.60967],[146.38489,-37.60836],[146.38716,-37.60826],[146.38988,-37.60892],[146.39119,-37.60695],[146.39238,-37.60622],[146.39405,-37.604],[146.39512,-37.60587],[146.4,-37.60701],[146.4032,-37.60403],[146.40848,-37.6084],[146.41204,-37.60932],[146.41952,-37.6148],[146.42467,-37.61733],[146.42641,-37.61857],[146.43008,-37.6195],[146.43432,-37.61958],[146.43584,-37.61804],[146.49651,-37.48209],[146.54709,-37.36876],[146.64703,-37.1632],[146.64704,-37.16316]]]},"properties":{"district":"Eildon"}},{"type":"Feature","geometry":{"type":"Polygon","coordinates":[[[145.16245,-37.7378],[145.1646,-37.73442],[145.17078,-37.73471],[145.17666,-37.73575],[145.17689,-37.73825],[145.17974,-37.73752],[145.17838,-37.73405],[145.18045,-37.73205],[145.18131,-37.72985],[145.1844,-37.7308],[145.18767,-37.73027],[145.18917,-37.73189],[145.19049,-37.73227],[145.19424,-37.731],[145.19498,-37.7274],[145.19278,-37.72774],[145.18883,-37.72772],[145.18918,-37.72597],[145.19074,-37.72615],[145.19431,-37.72469],[145.19596,-37.7249],[145.19633,-37.72298],[145.19788,-37.7217],[145.19827,-37.72002],[145.20089,-37.72253],[145.20214,-37.71595],[145.20123,-37.71584],[145.20211,-37.71093],[145.20671,-37.71157],[145.20842,-37.7113],[145.21175,-37.71161],[145.21359,-37.70254],[145.19751,-37.70072],[145.19903,-37.69263],[145.19668,-37.69222],[145.19174,-37.68951],[145.1883,-37.68923],[145.18804,-37.69028],[145.18326,-37.68968],[145.17965,-37.68608],[145.17853,-37.69117],[145.16788,-37.68999],[145.15617,-37.68847],[145.15618,-37.68583],[145.15485,-37.684],[145.15272,-37.6822],[145.15171,-37.68054],[145.14432,-37.67952],[145.14371,-37.68262],[145.13766,-37.68314],[145.13352,-37.68474],[145.12821,-37.68254],[145.12535,-37.6821],[145.1188,-37.6794],[145.11677,-37.67953],[145.11238,-37.68233],[145.10621,-37.68165],[145.10351,-37.68292],[145.10194,-37.68396],[145.10251,-37.68512],[145.1017,-37.68751],[145.09964,-37.68947],[145.07909,-37.68719],[145.06824,-37.68606],[145.06784,-37.68664],[145.07432,-37.68706],[145.07738,-37.68747],[145.08195,-37.68904],[145.08906,-37.69102],[145.09305,-37.69361],[145.09536,-37.69268],[145.09959,-37.69248],[145.1003,-37.69441],[145.09946,-37.69688],[145.10261,-37.69863],[145.10529,-37.69924],[145.10554,-37.70157],[145.10729,-37.7006],[145.11054,-37.70398],[145.10988,-37.70531],[145.11165,-37.70673],[145.11005,-37.70849],[145.11197,-37.71078],[145.11121,-37.71166],[145.10933,-37.71178],[145.10886,-37.71271],[145.11208,-37.71373],[145.11084,-37.71685],[145.11201,-37.71898],[145.11052,-37.72121],[145.10855,-37.72256],[145.1067,-37.72346],[145.10833,-37.72541],[145.10664,-37.72607],[145.10661,-37.72735],[145.10781,-37.72877],[145.10443,-37.73365],[145.10893,-37.73457],[145.10694,-37.73618],[145.10764,-37.73812],[145.10226,-37.74058],[145.10287,-37.74242],[145.10274,-37.74455],[145.10068,-37.7452],[145.10112,-37.74736],[145.09934,-37.74767],[145.09818,-37.749],[145.10095,-37.75189],[145.10607,-37.75452],[145.10943,-37.75543],[145.11344,-37.755],[145.11527,-37.7531],[145.1217,-37.75194],[145.12189,-37.75013],[145.12401,-37.75051],[145.12532,-37.74943],[145.12305,-37.74755],[145.12107,-37.74856],[145.12023,-37.74783],[145.11994,-37.74478],[145.12178,-37.74122],[145.12267,-37.74056],[145.12537,-37.74018],[145.13251,-37.74275],[145.13393,-37.74245],[145.13644,-37.74056],[145.13816,-37.73826],[145.14292,-37.73893],[145.14597,-37.73844],[145.14851,-37.73723],[145.15013,-37.73835],[145.15104,-37.7364],[145.15355,-37.73427],[145.15537,-37.73395],[145.16123,-37.73746],[145.16245,-37.7378]]]},"properties":{"district":"Eltham"}},{"type":"Feature","geometry":{"type":"Polygon","coordinates":[[[144.93326,-37.74484],[144.93456,-37.74381],[144.93322,-37.74238],[144.93153,-37.74205],[144.93013,-37.74034],[144.92985,-37.73797],[144.92876,-37.73744],[144.92825,-37.73481],[144.92455,-37.73269],[144.92461,-37.731],[144.92556,-37.73053],[144.92463,-37.72892],[144.92283,-37.72908],[144.92218,-37.72733],[144.91821,-37.72414],[144.9144,-37.72375],[144.91225,-37.72084],[144.91083,-37.72193],[144.90972,-37.72116],[144.90926,-37.71961],[144.91061,-37.71905],[144.90926,-37.71741],[144.9057,-37.71741],[144.90437,-37.71584],[144.90225,-37.71677],[144.90294,-37.71451],[144.89815,-37.70924],[144.89081,-37.7101],[144.8925,-37.71488],[144.89244,-37.71751],[144.89135,-37.7255],[144.8901,-37.73182],[144.89119,-37.73392],[144.89295,-37.73455],[144.89252,-37.7374],[144.90051,-37.74059],[144.89801,-37.75488],[144.90732,-37.75599],[144.90587,-37.76329],[144.90574,-37.76512],[144.9022,-37.76473],[144.90157,-37.76541],[144.90229,-37.76875],[144.90164,-37.76984],[144.89743,-37.77137],[144.89605,-37.77268],[144.8961,-37.77494],[144.8971,-37.77908],[144.89811,-37.78073],[144.90154,-37.78262],[144.90362,-37.78418],[144.90411,-37.78545],[144.90263,-37.78966],[144.90425,-37.78872],[144.90497,-37.78715],[144.90634,-37.7874],[144.90711,-37.78417],[144.90828,-37.7825],[144.91359,-37.77939],[144.92131,-37.78746],[144.92246,-37.7874],[144.93825,-37.78898],[144.94036,-37.78762],[144.94035,-37.78645],[144.93892,-37.78144],[144.93715,-37.77796],[144.93634,-37.77428],[144.93835,-37.77188],[144.93771,-37.77101],[144.93583,-37.77105],[144.93574,-37.76971],[144.93757,-37.76892],[144.93846,-37.76149],[144.93653,-37.76018],[144.93449,-37.76064],[144.93317,-37.75902],[144.9345,-37.75689],[144.93368,-37.75533],[144.93505,-37.75347],[144.93256,-37.75265],[144.93055,-37.75366],[144.92673,-37.7515],[144.92732,-37.7495],[144.92859,-37.7485],[144.9284,-37.74589],[144.92941,-37.74537],[144.93297,-37.74542],[144.93326,-37.74484]]]},"properties":{"district":"Essendon"}},{"type":"Feature","geometry":{"type":"Polygon","coordinates":[[[144.4911,-36.96162],[144.4939,-36.96461],[144.49781,-36.97116],[144.50588,-36.97584],[144.50625,-36.97589],[144.50108,-37.00344],[144.5013,-37.00357],[144.49882,-37.01739],[144.49276,-37.05042],[144.51418,-37.0528],[144.51568,-37.05326],[144.5241,-37.05416],[144.52058,-37.05752],[144.53952,-37.05975],[144.54435,-37.06023],[144.54529,-37.06367],[144.545,-37.06612],[144.54336,-37.06798],[144.54109,-37.06753],[144.53781,-37.06814],[144.537,-37.06956],[144.5371,-37.07112],[144.53868,-37.07315],[144.53968,-37.07541],[144.53763,-37.07635],[144.5369,-37.07826],[144.53699,-37.08227],[144.53665,-37.08424],[144.53822,-37.08532],[144.53852,-37.08718],[144.54189,-37.08824],[144.53998,-37.08897],[144.53868,-37.08799],[144.5375,-37.09107],[144.53786,-37.09235],[144.53439,-37.09474],[144.53559,-37.09595],[144.53458,-37.10002],[144.53151,-37.09974],[144.5306,-37.10161],[144.53227,-37.10327],[144.53394,-37.10367],[144.53199,-37.10547],[144.53483,-37.10718],[144.53528,-37.10814],[144.53457,-37.11039],[144.53513,-37.11117],[144.53836,-37.11218],[144.54069,-37.11402],[144.54486,-37.11229],[144.54837,-37.1117],[144.55121,-37.1095],[144.55195,-37.10709],[144.55567,-37.10679],[144.55898,-37.10458],[144.56189,-37.10513],[144.56375,-37.10344],[144.56682,-37.10183],[144.57052,-37.10173],[144.57372,-37.09916],[144.57735,-37.10017],[144.58029,-37.09932],[144.58258,-37.10032],[144.58616,-37.10247],[144.59076,-37.10344],[144.59464,-37.10612],[144.60134,-37.10725],[144.61257,-37.10719],[144.67237,-37.10767],[144.67228,-37.10895],[144.67797,-37.10921],[144.67806,-37.10772],[144.6913,-37.10791],[144.69193,-37.10617],[144.69167,-37.10448],[144.69383,-37.10351],[144.69729,-37.10358],[144.69735,-37.10019],[144.71536,-37.10034],[144.71371,-37.10487],[144.71417,-37.10771],[144.71706,-37.11107],[144.71535,-37.1155],[144.71626,-37.11797],[144.71919,-37.11972],[144.72016,-37.12091],[144.728,-37.12561],[144.73522,-37.12651],[144.73389,-37.13363],[144.73297,-37.13353],[144.73113,-37.14445],[144.72571,-37.14389],[144.72551,-37.15788],[144.72654,-37.15963],[144.71926,-37.16051],[144.71677,-37.15962],[144.71025,-37.15954],[144.71009,-37.16879],[144.71207,-37.16883],[144.71181,-37.17644],[144.71414,-37.17648],[144.71454,-37.18357],[144.71609,-37.18359],[144.71616,-37.19197],[144.71605,-37.19868],[144.7161,-37.20854],[144.71211,-37.20923],[144.71079,-37.20982],[144.70886,-37.2125],[144.70645,-37.21265],[144.70598,-37.211],[144.70381,-37.21296],[144.7126,-37.21468],[144.72946,-37.21813],[144.73138,-37.22055],[144.76212,-37.2208],[144.76962,-37.22073],[144.76957,-37.21512],[144.77756,-37.21506],[144.77771,-37.21972],[144.78563,-37.21306],[144.80263,-37.21475],[144.80345,-37.21207],[144.81235,-37.21393],[144.81118,-37.21741],[144.82007,-37.21921],[144.81881,-37.2228],[144.81668,-37.23019],[144.82567,-37.23141],[144.82904,-37.23567],[144.82637,-37.24954],[144.82229,-37.27199],[144.82415,-37.27931],[144.82496,-37.28061],[144.82521,-37.28406],[144.82815,-37.28582],[144.83555,-37.28765],[144.83739,-37.28853],[144.84128,-37.28808],[144.84567,-37.2901],[144.84833,-37.28874],[144.85305,-37.28797],[144.85584,-37.28551],[144.85149,-37.31049],[144.84931,-37.32241],[144.85099,-37.32197],[144.85668,-37.32309],[144.85715,-37.32578],[144.85888,-37.32666],[144.86033,-37.32543],[144.86425,-37.32422],[144.86657,-37.32924],[144.86754,-37.32981],[144.87114,-37.32968],[144.87431,-37.3311],[144.87453,-37.3334],[144.87649,-37.33418],[144.87762,-37.33687],[144.87913,-37.33738],[144.88353,-37.33634],[144.88329,-37.33472],[144.88488,-37.33457],[144.88524,-37.33609],[144.88752,-37.33734],[144.88671,-37.33816],[144.88785,-37.34004],[144.88742,-37.34099],[144.88852,-37.34226],[144.89317,-37.34304],[144.89216,-37.34519],[144.91779,-37.34799],[144.91787,-37.3481],[144.9152,-37.36243],[144.92102,-37.36326],[144.91942,-37.36486],[144.91972,-37.36801],[144.91882,-37.36993],[144.92378,-37.37079],[144.92664,-37.36969],[144.92695,-37.37326],[144.92837,-37.37597],[144.93043,-37.37657],[144.93313,-37.37628],[144.93669,-37.37678],[144.93743,-37.37249],[144.96286,-37.37562],[144.96254,-37.37494],[144.96724,-37.37379],[144.9688,-37.37432],[144.97189,-37.37665],[144.97463,-37.37708],[144.9929,-37.37934],[144.9937,-37.37525],[144.99695,-37.37764],[145.00488,-37.38069],[145.0042,-37.38445],[145.00355,-37.38438],[145.00285,-37.38796],[145.02488,-37.39052],[145.02464,-37.39378],[145.02195,-37.39755],[145.03821,-37.39948],[145.03993,-37.40007],[145.04602,-37.39865],[145.04695,-37.39718],[145.05022,-37.39473],[145.05267,-37.39369],[145.05503,-37.39343],[145.05725,-37.39048],[145.06018,-37.38958],[145.06203,-37.38696],[145.06593,-37.38831],[145.06781,-37.38777],[145.06939,-37.38585],[145.0719,-37.38466],[145.07496,-37.38113],[145.07791,-37.37971],[145.07892,-37.38013],[145.07904,-37.3821],[145.07826,-37.38396],[145.07831,-37.38573],[145.07724,-37.38766],[145.07611,-37.39116],[145.07627,-37.39232],[145.07538,-37.39987],[145.08414,-37.40378],[145.08162,-37.406],[145.08187,-37.40762],[145.08091,-37.40933],[145.10105,-37.41426],[145.10465,-37.41242],[145.1059,-37.41028],[145.10768,-37.4083],[145.10504,-37.40587],[145.10788,-37.40396],[145.11072,-37.40321],[145.11107,-37.40175],[145.11287,-37.40223],[145.11396,-37.40702],[145.11528,-37.41021],[145.12236,-37.40945],[145.12497,-37.41026],[145.12976,-37.41899],[145.13152,-37.41938],[145.13311,-37.42062],[145.13605,-37.42383],[145.13676,-37.42555],[145.14084,-37.42806],[145.1456,-37.4286],[145.1467,-37.42721],[145.14743,-37.42438],[145.14693,-37.42204],[145.14978,-37.41959],[145.15011,-37.41548],[145.15075,-37.41442],[145.1536,-37.41309],[145.15677,-37.41296],[145.16187,-37.41496],[145.16602,-37.41333],[145.16712,-37.41483],[145.16981,-37.41645],[145.17134,-37.41994],[145.17313,-37.42012],[145.17522,-37.42119],[145.17733,-37.4232],[145.17916,-37.42374],[145.18453,-37.42196],[145.18718,-37.42295],[145.18684,-37.42627],[145.1881,-37.42968],[145.18725,-37.43278],[145.18857,-37.43554],[145.18864,-37.43709],[145.18708,-37.44029],[145.1869,-37.4417],[145.18553,-37.4428],[145.18573,-37.444],[145.18849,-37.44477],[145.19577,-37.44474],[145.20001,-37.44369],[145.20229,-37.44606],[145.20438,-37.44995],[145.20554,-37.4538],[145.20972,-37.45958],[145.21626,-37.46426],[145.21923,-37.46809],[145.21985,-37.47015],[145.22227,-37.4726],[145.22399,-37.46332],[145.22476,-37.45816],[145.22651,-37.45835],[145.22849,-37.45756],[145.22872,-37.45666],[145.22771,-37.45448],[145.23141,-37.45057],[145.23164,-37.44966],[145.23414,-37.44685],[145.23369,-37.44381],[145.23462,-37.44058],[145.23484,-37.438],[145.23627,-37.43587],[145.23976,-37.43339],[145.24153,-37.43343],[145.24305,-37.43216],[145.24547,-37.43135],[145.24872,-37.42873],[145.25043,-37.42825],[145.25117,-37.42665],[145.25235,-37.42592],[145.25585,-37.42563],[145.25786,-37.42374],[145.2602,-37.4228],[145.26149,-37.42125],[145.2645,-37.42023],[145.26562,-37.41935],[145.26584,-37.39899],[145.26582,-37.3727],[145.26201,-37.37257],[145.26083,-37.37105],[145.25831,-37.37161],[145.25651,-37.36797],[145.27137,-37.36806],[145.27138,-37.35978],[145.27421,-37.3598],[145.27424,-37.35553],[145.27014,-37.35551],[145.27021,-37.34737],[145.27286,-37.3466],[145.27421,-37.3421],[145.27604,-37.33982],[145.27045,-37.3407],[145.27049,-37.33891],[145.27696,-37.3376],[145.27935,-37.33797],[145.27935,-37.33238],[145.27693,-37.33265],[145.27436,-37.33109],[145.27436,-37.33015],[145.2703,-37.32726],[145.26542,-37.32768],[145.26358,-37.32937],[145.26197,-37.32968],[145.26194,-37.31738],[145.2567,-37.31741],[145.25669,-37.31107],[145.25188,-37.31108],[145.25186,-37.30495],[145.22744,-37.3051],[145.22731,-37.29426],[145.19538,-37.29412],[145.19555,-37.2783],[145.19264,-37.27934],[145.18977,-37.27923],[145.18913,-37.2785],[145.18692,-37.27825],[145.18702,-37.27174],[145.18058,-37.27177],[145.18064,-37.26442],[145.17183,-37.2663],[145.17193,-37.2785],[145.16814,-37.28129],[145.163,-37.27763],[145.1652,-37.27319],[145.16483,-37.27196],[145.16554,-37.26927],[145.16849,-37.26664],[145.1687,-37.26547],[145.16764,-37.26369],[145.17012,-37.26392],[145.17313,-37.26116],[145.17288,-37.25822],[145.1705,-37.25607],[145.16737,-37.25528],[145.16584,-37.25376],[145.16589,-37.25167],[145.16828,-37.251],[145.17068,-37.24977],[145.17012,-37.24769],[145.17161,-37.24702],[145.16944,-37.24482],[145.16822,-37.24284],[145.16777,-37.24025],[145.1697,-37.23957],[145.17093,-37.23842],[145.17282,-37.23848],[145.1772,-37.23594],[145.17681,-37.23414],[145.17455,-37.23271],[145.17151,-37.22865],[145.16953,-37.22663],[145.16946,-37.22492],[145.16799,-37.22302],[145.16632,-37.21988],[145.1636,-37.21733],[145.16381,-37.21577],[145.16532,-37.21506],[145.16731,-37.21641],[145.16961,-37.21726],[145.17202,-37.2168],[145.17274,-37.21521],[145.17453,-37.21398],[145.17428,-37.21189],[145.17597,-37.20821],[145.17488,-37.20491],[145.18637,-37.20483],[145.18637,-37.20373],[145.19114,-37.20381],[145.19638,-37.2061],[145.19637,-37.19989],[145.20216,-37.19984],[145.20202,-37.18717],[145.20746,-37.18711],[145.20753,-37.19112],[145.21944,-37.19108],[145.21952,-37.18612],[145.22537,-37.18608],[145.22539,-37.18301],[145.22777,-37.18301],[145.22819,-37.1814],[145.22949,-37.18006],[145.2317,-37.17962],[145.23452,-37.17788],[145.23777,-37.17791],[145.24126,-37.1766],[145.24109,-37.16862],[145.23234,-37.16856],[145.23172,-37.16753],[145.23173,-37.15727],[145.23503,-37.15729],[145.23406,-37.15522],[145.23214,-37.15285],[145.23202,-37.1508],[145.23126,-37.14931],[145.23128,-37.14744],[145.23228,-37.14652],[145.23154,-37.14285],[145.23054,-37.14255],[145.2287,-37.13812],[145.22856,-37.13463],[145.23043,-37.13325],[145.23119,-37.13435],[145.23167,-37.13723],[145.23338,-37.13879],[145.23796,-37.14156],[145.2432,-37.14393],[145.24416,-37.14316],[145.24836,-37.14252],[145.25186,-37.14148],[145.25481,-37.13889],[145.25667,-37.13506],[145.26054,-37.13522],[145.26435,-37.13594],[145.268,-37.13627],[145.26934,-37.13704],[145.27255,-37.14022],[145.27312,-37.14192],[145.27617,-37.14229],[145.2789,-37.14306],[145.27903,-37.13954],[145.28461,-37.13855],[145.2846,-37.12908],[145.28525,-37.12757],[145.28749,-37.1249],[145.28695,-37.12345],[145.28778,-37.12196],[145.28689,-37.12092],[145.28766,-37.1188],[145.2895,-37.11698],[145.29012,-37.11425],[145.29007,-37.11123],[145.29083,-37.11083],[145.29047,-37.10868],[145.28856,-37.10648],[145.2893,-37.10231],[145.2883,-37.0996],[145.30314,-37.09962],[145.30435,-37.10372],[145.32104,-37.1038],[145.32059,-37.10155],[145.32158,-37.10041],[145.32291,-37.10188],[145.32581,-37.1011],[145.32734,-37.10125],[145.32868,-37.10028],[145.33152,-37.09968],[145.34152,-37.09973],[145.34157,-37.10136],[145.35282,-37.10139],[145.35522,-37.09952],[145.35587,-37.09765],[145.36621,-37.09763],[145.3663,-37.09118],[145.36754,-37.09247],[145.37221,-37.09392],[145.37229,-37.08498],[145.37472,-37.08498],[145.37471,-37.07636],[145.38201,-37.0764],[145.38235,-37.07619],[145.39273,-37.07629],[145.39272,-37.06148],[145.39284,-37.06144],[145.39279,-37.04373],[145.39705,-37.04235],[145.39979,-37.03994],[145.40207,-37.039],[145.40409,-37.03949],[145.40763,-37.03627],[145.40874,-37.03601],[145.41088,-37.03034],[145.41573,-37.02962],[145.41702,-37.02829],[145.4192,-37.02714],[145.42523,-37.02505],[145.42749,-37.0229],[145.42949,-37.02168],[145.42961,-37.02073],[145.42872,-37.01618],[145.42891,-37.01457],[145.4274,-37.00655],[145.43081,-37.00504],[145.43249,-37.0058],[145.43159,-37.00739],[145.4334,-37.00815],[145.43534,-37.00785],[145.43627,-37.01053],[145.44279,-37.01343],[145.4457,-37.01344],[145.4455,-37.01595],[145.44679,-37.0167],[145.44905,-37.01686],[145.45537,-37.01481],[145.45673,-37.01355],[145.45786,-37.01393],[145.46166,-37.01787],[145.46503,-37.02001],[145.46917,-37.02152],[145.47502,-37.02199],[145.47714,-37.02267],[145.4837,-37.02339],[145.48963,-37.0231],[145.4906,-37.0215],[145.49015,-37.02035],[145.49353,-37.0181],[145.49167,-37.01477],[145.4904,-37.01371],[145.4919,-37.00715],[145.48965,-37.00564],[145.48929,-37.00404],[145.49053,-37.00281],[145.49087,-37.00024],[145.4964,-36.99751],[145.49821,-36.99573],[145.4987,-36.99346],[145.50006,-36.99172],[145.50257,-36.99167],[145.50423,-36.99038],[145.50878,-36.99072],[145.51023,-36.99004],[145.51239,-36.99032],[145.51393,-36.98934],[145.51655,-36.98942],[145.51867,-36.99292],[145.5219,-36.99402],[145.52531,-36.99348],[145.52779,-36.99441],[145.52891,-36.99378],[145.52935,-36.99212],[145.53088,-36.99],[145.53046,-36.98814],[145.5325,-36.98654],[145.53462,-36.9813],[145.5336,-36.97993],[145.53186,-36.9789],[145.53184,-36.95905],[145.56196,-36.95906],[145.56377,-36.95797],[145.56578,-36.95872],[145.56795,-36.96104],[145.57161,-36.9613],[145.57915,-36.96011],[145.58226,-36.96171],[145.58663,-36.95925],[145.58726,-36.95809],[145.59148,-36.95748],[145.59268,-36.95599],[145.59585,-36.95453],[145.59599,-36.95282],[145.59854,-36.95042],[145.60093,-36.95048],[145.60353,-36.9477],[145.60411,-36.94657],[145.60673,-36.94466],[145.60708,-36.94144],[145.60822,-36.94083],[145.61164,-36.94141],[145.61308,-36.94096],[145.61465,-36.93942],[145.61708,-36.93999],[145.61774,-36.93826],[145.62232,-36.93792],[145.62364,-36.9386],[145.62575,-36.93794],[145.62745,-36.93884],[145.62876,-36.94344],[145.63189,-36.94527],[145.63358,-36.94531],[145.6358,-36.94713],[145.63737,-36.94761],[145.63809,-36.94522],[145.64061,-36.94423],[145.64137,-36.9449],[145.64706,-36.9441],[145.6491,-36.94498],[145.65016,-36.94615],[145.65347,-36.9457],[145.65489,-36.94329],[145.65486,-36.94131],[145.6576,-36.93636],[145.65881,-36.93545],[145.66216,-36.93453],[145.66372,-36.93285],[145.66759,-36.93295],[145.6722,-36.93255],[145.67957,-36.93036],[145.68573,-36.93047],[145.68851,-36.93108],[145.69506,-36.93057],[145.69776,-36.92945],[145.69957,-36.92946],[145.70454,-36.92439],[145.71647,-36.92444],[145.71742,-36.92753],[145.72719,-36.92741],[145.72824,-36.9255],[145.72759,-36.92357],[145.7471,-36.92353],[145.74738,-36.92769],[145.75588,-36.92774],[145.75586,-36.9324],[145.76615,-36.93207],[145.76935,-36.93137],[145.77278,-36.93336],[145.78039,-36.9317],[145.783,-36.93242],[145.79053,-36.93243],[145.86071,-36.91036],[145.86167,-36.90893],[145.86197,-36.90576],[145.86138,-36.9049],[145.86154,-36.90224],[145.86632,-36.90225],[145.86637,-36.89422],[145.8615,-36.89423],[145.86163,-36.88538],[145.85629,-36.88543],[145.85928,-36.88287],[145.86073,-36.87858],[145.86217,-36.88204],[145.86822,-36.87973],[145.87289,-36.8817],[145.87365,-36.88281],[145.87557,-36.88232],[145.87761,-36.87999],[145.87937,-36.88028],[145.88342,-36.88457],[145.88466,-36.88545],[145.89105,-36.88818],[145.89202,-36.88809],[145.89448,-36.8901],[145.89462,-36.89266],[145.89816,-36.89756],[145.90023,-36.89722],[145.90289,-36.89944],[145.90348,-36.90127],[145.90562,-36.90352],[145.90677,-36.90609],[145.90656,-36.90891],[145.91156,-36.91243],[145.91494,-36.91241],[145.91812,-36.91448],[145.91734,-36.9164],[145.91886,-36.91893],[145.91825,-36.92418],[145.91699,-36.92555],[145.92484,-36.92576],[145.92659,-36.92372],[145.92682,-36.91722],[145.92771,-36.9118],[145.9273,-36.91007],[145.92748,-36.90655],[145.92938,-36.90446],[145.93133,-36.90559],[145.93665,-36.90379],[145.93832,-36.9024],[145.94211,-36.9041],[145.94378,-36.90428],[145.94688,-36.90376],[145.95012,-36.9043],[145.95218,-36.9038],[145.95408,-36.90445],[145.9546,-36.90217],[145.95598,-36.89911],[145.9598,-36.898],[145.96045,-36.89664],[145.96009,-36.89405],[145.9605,-36.88855],[145.95977,-36.88535],[145.96024,-36.88255],[145.96303,-36.87912],[145.96349,-36.87696],[145.96708,-36.87418],[145.97197,-36.87602],[145.97496,-36.87409],[145.97788,-36.87343],[145.98127,-36.871],[145.98301,-36.87024],[145.9855,-36.86814],[145.98651,-36.86826],[145.98817,-36.86579],[145.99179,-36.86381],[145.99403,-36.8645],[145.99633,-36.86462],[145.99829,-36.86306],[145.99964,-36.86335],[146.00128,-36.86234],[146.0021,-36.86066],[146.0016,-36.85898],[146.00321,-36.8589],[146.00635,-36.85674],[146.00911,-36.85336],[146.01448,-36.85417],[146.01636,-36.85559],[146.0166,-36.85724],[146.01887,-36.85794],[146.02123,-36.86198],[146.02216,-36.8644],[146.02144,-36.86569],[146.02166,-36.86801],[146.02279,-36.86929],[146.02716,-36.87168],[146.02841,-36.87291],[146.02808,-36.8744],[146.02864,-36.87615],[146.03041,-36.87757],[146.03121,-36.88152],[146.03268,-36.88323],[146.03298,-36.88509],[146.03535,-36.88685],[146.03697,-36.89209],[146.0383,-36.89356],[146.04117,-36.89841],[146.04152,-36.9003],[146.04499,-36.90229],[146.04641,-36.90214],[146.04862,-36.90393],[146.05095,-36.90425],[146.05124,-36.9059],[146.05478,-36.90703],[146.05962,-36.9078],[146.06828,-36.86209],[146.10923,-36.86659],[146.10887,-36.86877],[146.11154,-36.86911],[146.11494,-36.87322],[146.11523,-36.87507],[146.11622,-36.87624],[146.1185,-36.87634],[146.12065,-36.87721],[146.12429,-36.87977],[146.12407,-36.88331],[146.12509,-36.88451],[146.12696,-36.8834],[146.12801,-36.882],[146.13112,-36.88071],[146.13335,-36.88034],[146.1358,-36.8793],[146.1372,-36.88105],[146.13866,-36.87956],[146.13766,-36.87356],[146.13668,-36.87228],[146.1506,-36.87414],[146.14951,-36.87572],[146.15322,-36.87623],[146.15563,-36.87743],[146.15668,-36.87854],[146.15595,-36.88126],[146.15428,-36.8844],[146.15132,-36.8836],[146.15213,-36.88705],[146.15286,-36.88792],[146.15571,-36.88713],[146.15694,-36.88784],[146.16281,-36.88844],[146.16295,-36.88661],[146.16555,-36.88714],[146.16954,-36.89092],[146.17162,-36.89211],[146.17572,-36.89105],[146.17942,-36.89369],[146.18259,-36.89349],[146.18488,-36.89258],[146.18633,-36.89372],[146.18701,-36.89536],[146.18641,-36.8987],[146.19024,-36.89908],[146.19346,-36.89849],[146.1958,-36.90107],[146.20032,-36.9018],[146.20176,-36.90379],[146.20343,-36.90433],[146.20463,-36.90344],[146.20697,-36.90466],[146.20783,-36.90586],[146.20931,-36.90607],[146.21111,-36.90885],[146.21375,-36.90919],[146.21639,-36.91131],[146.21888,-36.91211],[146.21932,-36.91333],[146.22199,-36.91443],[146.22541,-36.91491],[146.22696,-36.91609],[146.23043,-36.916],[146.23205,-36.91643],[146.23744,-36.91548],[146.24191,-36.91621],[146.24604,-36.91471],[146.24963,-36.91417],[146.25252,-36.91289],[146.2545,-36.91363],[146.26092,-36.91445],[146.26213,-36.91521],[146.26504,-36.91591],[146.26769,-36.91874],[146.27091,-36.91873],[146.27214,-36.91936],[146.27878,-36.92493],[146.28044,-36.92506],[146.28042,-36.92291],[146.27581,-36.91848],[146.27588,-36.91725],[146.27362,-36.91347],[146.27295,-36.91162],[146.27174,-36.9111],[146.26879,-36.91199],[146.26424,-36.90888],[146.26254,-36.90824],[146.26201,-36.90719],[146.26008,-36.90641],[146.25655,-36.90676],[146.25533,-36.90595],[146.25611,-36.90007],[146.25795,-36.89588],[146.2578,-36.89329],[146.25926,-36.89069],[146.25895,-36.88702],[146.25351,-36.88346],[146.25323,-36.88272],[146.25383,-36.87964],[146.25037,-36.87689],[146.24635,-36.87501],[146.24456,-36.87378],[146.24334,-36.87203],[146.24295,-36.86863],[146.24306,-36.86453],[146.2435,-36.86038],[146.24512,-36.85757],[146.24543,-36.85282],[146.24654,-36.84828],[146.24746,-36.84685],[146.25028,-36.84523],[146.2512,-36.8414],[146.25111,-36.83841],[146.2497,-36.82938],[146.24854,-36.82724],[146.24809,-36.82331],[146.24877,-36.82221],[146.24832,-36.8192],[146.24733,-36.81607],[146.24794,-36.81361],[146.24758,-36.81119],[146.24766,-36.8053],[146.24825,-36.80337],[146.24751,-36.8023],[146.24769,-36.79826],[146.24659,-36.79602],[146.24694,-36.79397],[146.2456,-36.79191],[146.24576,-36.79013],[146.24398,-36.78559],[146.24184,-36.78261],[146.23977,-36.77705],[146.24198,-36.77414],[146.24234,-36.77232],[146.2413,-36.77143],[146.24316,-36.76891],[146.24439,-36.76606],[146.24396,-36.76383],[146.2445,-36.7621],[146.24337,-36.75833],[146.24645,-36.75768],[146.24912,-36.75564],[146.2511,-36.7546],[146.25095,-36.75329],[146.24974,-36.75145],[146.25019,-36.74807],[146.25201,-36.74637],[146.2545,-36.74329],[146.25239,-36.74216],[146.25128,-36.73839],[146.24998,-36.73744],[146.25057,-36.73575],[146.25004,-36.73459],[146.25032,-36.73166],[146.24911,-36.73025],[146.24951,-36.72628],[146.24784,-36.72496],[146.24794,-36.72375],[146.24473,-36.72094],[146.24476,-36.71981],[146.23275,-36.71834],[146.23224,-36.71667],[146.23098,-36.71671],[146.23167,-36.71102],[146.23065,-36.70918],[146.23513,-36.7032],[146.23604,-36.70041],[146.2348,-36.69916],[146.23518,-36.69725],[146.21276,-36.65486],[146.21616,-36.63886],[146.21817,-36.63011],[146.22165,-36.62651],[146.21926,-36.62595],[146.22533,-36.59964],[146.22,-36.5989],[146.21811,-36.5991],[146.21486,-36.59729],[146.21115,-36.59765],[146.21121,-36.59643],[146.21276,-36.58949],[146.20399,-36.58947],[146.20398,-36.5877],[146.19494,-36.58757],[146.19502,-36.5636],[146.19695,-36.56366],[146.19993,-36.56201],[146.1999,-36.54203],[146.19516,-36.54204],[146.19525,-36.52297],[146.20221,-36.51994],[146.20217,-36.50907],[146.20873,-36.50904],[146.20964,-36.50576],[146.20903,-36.50382],[146.20981,-36.5027],[146.20258,-36.4992],[146.19966,-36.49432],[146.18466,-36.48611],[146.17586,-36.4729],[146.18221,-36.4704],[146.18279,-36.4692],[146.19155,-36.46639],[146.19666,-36.46418],[146.19503,-36.46167],[146.21098,-36.45476],[146.22465,-36.44895],[146.21793,-36.43871],[146.21973,-36.43793],[146.21574,-36.43207],[146.20721,-36.41533],[146.20455,-36.41128],[146.2065,-36.41105],[146.21029,-36.40955],[146.2134,-36.39124],[146.21356,-36.39126],[146.21946,-36.35717],[146.21708,-36.35768],[146.21296,-36.35936],[146.20899,-36.36376],[146.20614,-36.36479],[146.20422,-36.36461],[146.20421,-36.34559],[146.20295,-36.34258],[146.19705,-36.33427],[146.19377,-36.33742],[146.18949,-36.3374],[146.18751,-36.33833],[146.18098,-36.33762],[146.18097,-36.31657],[146.18105,-36.2975],[146.17543,-36.29607],[146.16854,-36.29645],[146.16392,-36.29892],[146.16074,-36.2991],[146.14712,-36.29921],[146.14699,-36.29896],[146.13145,-36.28343],[146.13134,-36.26981],[146.13143,-36.25512],[146.1131,-36.25508],[146.08482,-36.25519],[146.05575,-36.25505],[146.0369,-36.25506],[146.0329,-36.26408],[146.0312,-36.26544],[146.0311,-36.2858],[146.03094,-36.29901],[145.99071,-36.29922],[145.95801,-36.29919],[145.9311,-36.29905],[145.86038,-36.29897],[145.83148,-36.299],[145.79845,-36.29897],[145.79845,-36.29907],[145.7985,-36.33085],[145.79014,-36.3707],[145.7865,-36.38883],[145.777,-36.43538],[145.77543,-36.44375],[145.77294,-36.44482],[145.771,-36.44443],[145.76838,-36.44142],[145.76613,-36.44173],[145.76474,-36.43874],[145.76532,-36.43731],[145.7638,-36.43617],[145.76241,-36.43691],[145.76004,-36.43563],[145.75649,-36.43497],[145.75397,-36.43574],[145.74879,-36.43437],[145.7466,-36.43452],[145.74441,-36.43388],[145.74279,-36.43489],[145.73781,-36.43371],[145.73983,-36.43242],[145.73884,-36.42923],[145.73693,-36.42855],[145.73439,-36.42534],[145.72711,-36.42508],[145.7263,-36.42427],[145.72349,-36.42338],[145.71938,-36.42529],[145.71747,-36.42485],[145.71563,-36.42589],[145.71578,-36.42732],[145.71454,-36.42876],[145.71231,-36.42844],[145.70977,-36.42896],[145.70681,-36.43067],[145.70712,-36.43163],[145.70587,-36.43285],[145.70374,-36.43338],[145.70013,-36.43314],[145.69623,-36.43057],[145.69278,-36.43122],[145.69019,-36.43274],[145.68769,-36.43259],[145.68229,-36.43361],[145.67862,-36.43232],[145.67202,-36.43357],[145.6693,-36.43355],[145.6664,-36.43128],[145.66281,-36.43247],[145.66031,-36.43119],[145.65845,-36.43137],[145.65652,-36.4296],[145.65632,-36.42784],[145.65407,-36.42725],[145.65319,-36.42623],[145.64946,-36.42572],[145.64673,-36.42588],[145.64533,-36.42367],[145.64337,-36.42322],[145.64204,-36.42135],[145.64072,-36.42087],[145.63827,-36.42444],[145.63669,-36.42593],[145.63532,-36.4258],[145.63396,-36.42453],[145.63198,-36.42549],[145.62983,-36.42394],[145.6265,-36.42392],[145.62446,-36.4263],[145.62056,-36.42741],[145.61912,-36.42737],[145.61583,-36.42615],[145.61348,-36.42742],[145.61062,-36.4276],[145.60817,-36.42827],[145.60301,-36.43031],[145.60127,-36.42844],[145.59958,-36.42807],[145.59569,-36.42912],[145.59447,-36.42827],[145.59272,-36.42968],[145.59358,-36.43125],[145.59104,-36.43139],[145.58952,-36.42945],[145.58618,-36.42964],[145.58473,-36.42757],[145.58176,-36.42755],[145.5749,-36.42471],[145.57217,-36.42477],[145.56823,-36.42262],[145.56631,-36.42285],[145.56428,-36.42437],[145.56119,-36.42379],[145.55811,-36.42458],[145.55707,-36.4236],[145.55527,-36.4239],[145.5548,-36.42573],[145.553,-36.42683],[145.54961,-36.42418],[145.5472,-36.42505],[145.54326,-36.42298],[145.53981,-36.42572],[145.53729,-36.42515],[145.53573,-36.42645],[145.53428,-36.42632],[145.53349,-36.42468],[145.53161,-36.42335],[145.53166,-36.44079],[145.53168,-36.48855],[145.53157,-36.50875],[145.49822,-36.50887],[145.4982,-36.49902],[145.47172,-36.49906],[145.471,-36.50012],[145.46263,-36.50012],[145.46199,-36.49907],[145.38877,-36.49914],[145.36046,-36.49898],[145.33986,-36.49898],[145.33184,-36.4989],[145.29572,-36.49898],[145.25935,-36.499],[145.24105,-36.49895],[145.20458,-36.499],[145.20451,-36.44034],[145.20414,-36.44001],[145.20429,-36.41671],[145.2047,-36.41665],[145.20471,-36.34306],[145.15023,-36.34308],[145.06787,-36.34305],[145.03207,-36.34309],[145.03207,-36.38436],[144.98131,-36.38437],[144.98129,-36.35536],[144.93189,-36.35538],[144.9319,-36.37263],[144.9092,-36.37265],[144.90919,-36.39869],[144.88626,-36.3987],[144.83179,-36.39879],[144.83167,-36.39907],[144.80448,-36.39904],[144.80452,-36.42726],[144.76811,-36.42728],[144.71388,-36.42732],[144.71391,-36.44202],[144.67307,-36.44204],[144.67095,-36.4423],[144.67229,-36.44372],[144.67373,-36.44727],[144.6725,-36.44815],[144.67006,-36.44766],[144.67007,-36.44894],[144.66839,-36.451],[144.66985,-36.45189],[144.67043,-36.45443],[144.67176,-36.45549],[144.67155,-36.45712],[144.66998,-36.45863],[144.66699,-36.45876],[144.6674,-36.46055],[144.66471,-36.4608],[144.66329,-36.45886],[144.66131,-36.45919],[144.6597,-36.46175],[144.65946,-36.46338],[144.65832,-36.46406],[144.65625,-36.46364],[144.65526,-36.46493],[144.65306,-36.46636],[144.654,-36.46854],[144.65353,-36.47121],[144.65474,-36.47264],[144.65181,-36.47323],[144.64925,-36.47435],[144.64731,-36.47162],[144.64575,-36.47236],[144.64309,-36.47246],[144.63948,-36.47411],[144.63623,-36.47843],[144.63443,-36.47925],[144.63386,-36.48063],[144.63197,-36.4807],[144.62985,-36.47785],[144.62767,-36.47877],[144.62533,-36.47807],[144.62382,-36.47857],[144.62264,-36.48051],[144.62062,-36.48134],[144.62154,-36.48232],[144.62147,-36.48462],[144.62324,-36.48468],[144.62307,-36.48741],[144.6243,-36.4882],[144.62392,-36.48973],[144.6255,-36.49023],[144.62621,-36.49215],[144.62421,-36.49247],[144.62304,-36.4945],[144.6206,-36.4945],[144.61964,-36.49274],[144.61834,-36.49394],[144.61561,-36.49495],[144.61179,-36.49749],[144.61132,-36.49914],[144.61288,-36.50088],[144.61274,-36.50234],[144.61481,-36.5043],[144.6164,-36.50405],[144.61632,-36.50232],[144.61955,-36.50251],[144.62158,-36.50182],[144.6235,-36.50396],[144.62256,-36.5063],[144.61953,-36.50906],[144.61829,-36.5085],[144.61591,-36.50924],[144.61347,-36.51091],[144.6129,-36.51231],[144.61141,-36.51286],[144.61025,-36.51677],[144.61196,-36.51879],[144.61291,-36.52073],[144.61462,-36.52005],[144.61584,-36.52091],[144.61786,-36.51983],[144.62094,-36.52054],[144.62165,-36.52174],[144.62348,-36.52267],[144.62644,-36.52491],[144.62602,-36.52739],[144.62465,-36.52839],[144.62148,-36.52741],[144.62011,-36.5259],[144.61863,-36.52723],[144.61482,-36.52784],[144.61345,-36.52869],[144.60877,-36.52879],[144.60833,-36.53048],[144.61007,-36.53265],[144.61296,-36.53282],[144.61376,-36.53523],[144.61585,-36.53444],[144.6166,-36.53532],[144.61627,-36.53685],[144.61712,-36.53784],[144.61513,-36.54268],[144.61234,-36.54342],[144.60764,-36.54544],[144.6064,-36.54716],[144.60889,-36.55004],[144.60817,-36.55154],[144.60934,-36.55295],[144.61083,-36.55249],[144.61176,-36.55374],[144.61053,-36.55593],[144.60887,-36.55713],[144.60535,-36.55459],[144.60183,-36.55449],[144.59958,-36.55555],[144.59577,-36.55655],[144.59309,-36.5567],[144.59107,-36.55774],[144.58954,-36.55708],[144.58722,-36.5579],[144.58684,-36.56205],[144.58766,-36.56303],[144.59401,-36.56683],[144.59672,-36.57004],[144.59649,-36.57217],[144.59827,-36.57412],[144.59816,-36.57516],[144.59501,-36.57892],[144.59285,-36.58021],[144.59267,-36.58145],[144.59053,-36.58185],[144.5888,-36.58401],[144.58767,-36.58326],[144.58534,-36.58298],[144.58341,-36.58524],[144.58518,-36.58657],[144.58629,-36.58979],[144.58954,-36.59265],[144.58989,-36.59418],[144.58682,-36.59796],[144.58422,-36.59838],[144.58128,-36.59683],[144.57741,-36.59923],[144.5778,-36.601],[144.57897,-36.60249],[144.5749,-36.60651],[144.57109,-36.60793],[144.57024,-36.60953],[144.57118,-36.61073],[144.57009,-36.61197],[144.56725,-36.6127],[144.56677,-36.61431],[144.56462,-36.61397],[144.56327,-36.61282],[144.56077,-36.61472],[144.56039,-36.61692],[144.56341,-36.61853],[144.56365,-36.62106],[144.56043,-36.62318],[144.55951,-36.62458],[144.56061,-36.62595],[144.56009,-36.62711],[144.557,-36.62772],[144.55187,-36.63058],[144.54985,-36.63143],[144.54848,-36.6332],[144.54648,-36.63765],[144.54574,-36.63996],[144.5437,-36.6419],[144.54551,-36.64382],[144.54578,-36.64674],[144.54304,-36.6476],[144.53922,-36.64939],[144.53822,-36.65213],[144.53914,-36.6536],[144.53752,-36.65543],[144.53352,-36.65688],[144.531,-36.65915],[144.52542,-36.65983],[144.52512,-36.66261],[144.52706,-36.66514],[144.52859,-36.66568],[144.52919,-36.66795],[144.52832,-36.6703],[144.531,-36.67222],[144.53078,-36.67543],[144.52978,-36.67914],[144.53068,-36.68111],[144.532,-36.68617],[144.53458,-36.68764],[144.53367,-36.69028],[144.53263,-36.69178],[144.53139,-36.69063],[144.52862,-36.68978],[144.52488,-36.68977],[144.52372,-36.69207],[144.52242,-36.69331],[144.52391,-36.69611],[144.52491,-36.69708],[144.52664,-36.70167],[144.52534,-36.70583],[144.52371,-36.70825],[144.52018,-36.71084],[144.51882,-36.71426],[144.52077,-36.71588],[144.51987,-36.71885],[144.51922,-36.71934],[144.51993,-36.72206],[144.51854,-36.7247],[144.51797,-36.72811],[144.51945,-36.72904],[144.52044,-36.73152],[144.52121,-36.73503],[144.52111,-36.73659],[144.51848,-36.73888],[144.51725,-36.74111],[144.51597,-36.74224],[144.51432,-36.74579],[144.51401,-36.74883],[144.51464,-36.75046],[144.51658,-36.7516],[144.51948,-36.75526],[144.51924,-36.75698],[144.51681,-36.75882],[144.51776,-36.76218],[144.51758,-36.76419],[144.51915,-36.7691],[144.51793,-36.77173],[144.51478,-36.77095],[144.51322,-36.77273],[144.51336,-36.77739],[144.51286,-36.77983],[144.5109,-36.78429],[144.50959,-36.78595],[144.50952,-36.78934],[144.50826,-36.7915],[144.50384,-36.79424],[144.50294,-36.79611],[144.50304,-36.79872],[144.50473,-36.79988],[144.51147,-36.80025],[144.51406,-36.80007],[144.51506,-36.80137],[144.51647,-36.80681],[144.51499,-36.80857],[144.51241,-36.81068],[144.5126,-36.81209],[144.5137,-36.81321],[144.51622,-36.81373],[144.51773,-36.81536],[144.52262,-36.81778],[144.52341,-36.82117],[144.52632,-36.82299],[144.52752,-36.82493],[144.5296,-36.82626],[144.52844,-36.83158],[144.52972,-36.83307],[144.52783,-36.83699],[144.52784,-36.83803],[144.53146,-36.83999],[144.5322,-36.84107],[144.53008,-36.84319],[144.53032,-36.84496],[144.53202,-36.84577],[144.53402,-36.84773],[144.53404,-36.84868],[144.53163,-36.85048],[144.52998,-36.84853],[144.52737,-36.84729],[144.52141,-36.84602],[144.51188,-36.84485],[144.51055,-36.85174],[144.50963,-36.85296],[144.50646,-36.85367],[144.5067,-36.85513],[144.50494,-36.85874],[144.50318,-36.861],[144.50133,-36.86564],[144.49774,-36.8734],[144.49355,-36.87608],[144.49279,-36.87829],[144.4932,-36.89068],[144.49356,-36.89173],[144.49648,-36.89638],[144.49665,-36.89749],[144.49564,-36.8999],[144.49465,-36.90463],[144.49337,-36.90898],[144.49224,-36.91606],[144.49149,-36.91798],[144.491,-36.92178],[144.48963,-36.92463],[144.48943,-36.92645],[144.48775,-36.93239],[144.48668,-36.93389],[144.48271,-36.93591],[144.48195,-36.93669],[144.47958,-36.94148],[144.47924,-36.94313],[144.48003,-36.94629],[144.48342,-36.9507],[144.48836,-36.95523],[144.48941,-36.95679],[144.4911,-36.96162]]]},"properties":{"district":"Euroa"}},{"type":"Feature","geometry":{"type":"Polygon","coordinates":[[[145.32815,-37.78568],[145.32794,-37.78443],[145.32864,-37.78121],[145.33179,-37.77853],[145.33374,-37.77521],[145.34367,-37.77633],[145.35944,-37.77829],[145.36186,-37.78039],[145.36227,-37.78209],[145.36072,-37.78487],[145.35991,-37.78884],[145.35984,-37.79254],[145.36124,-37.79427],[145.36327,-37.79471],[145.36414,-37.7938],[145.36724,-37.79346],[145.3679,-37.79421],[145.37014,-37.7944],[145.37112,-37.79554],[145.37415,-37.79672],[145.37569,-37.79583],[145.38213,-37.79477],[145.38349,-37.79368],[145.385,-37.79689],[145.38602,-37.79702],[145.38677,-37.8007],[145.38973,-37.80008],[145.39188,-37.80183],[145.39285,-37.8048],[145.39592,-37.80948],[145.39814,-37.81066],[145.40037,-37.81103],[145.40205,-37.8105],[145.40259,-37.81309],[145.40281,-37.81659],[145.40196,-37.82314],[145.40675,-37.82455],[145.40788,-37.82523],[145.41354,-37.82435],[145.41496,-37.82288],[145.41131,-37.82013],[145.42251,-37.81905],[145.42206,-37.81596],[145.4234,-37.8144],[145.42357,-37.81301],[145.44327,-37.80236],[145.45679,-37.79496],[145.45874,-37.79541],[145.46584,-37.79583],[145.46993,-37.79893],[145.47245,-37.79909],[145.47516,-37.8001],[145.47757,-37.80208],[145.47859,-37.80462],[145.47957,-37.80529],[145.48326,-37.80605],[145.48928,-37.80687],[145.49365,-37.80526],[145.4965,-37.80597],[145.49891,-37.80822],[145.50328,-37.80912],[145.50538,-37.81188],[145.50682,-37.8121],[145.50795,-37.80911],[145.50941,-37.80725],[145.50869,-37.8064],[145.51328,-37.80555],[145.51447,-37.80491],[145.5171,-37.80542],[145.5178,-37.804],[145.51623,-37.8023],[145.51525,-37.79993],[145.51823,-37.79809],[145.51649,-37.79588],[145.5181,-37.79311],[145.52027,-37.7935],[145.52064,-37.79221],[145.51937,-37.78867],[145.51718,-37.78676],[145.51464,-37.788],[145.51059,-37.78672],[145.50876,-37.78536],[145.50806,-37.78156],[145.50696,-37.77962],[145.50848,-37.7773],[145.50755,-37.77615],[145.51062,-37.7753],[145.5094,-37.77293],[145.51281,-37.77237],[145.51346,-37.76756],[145.51188,-37.76633],[145.51156,-37.76462],[145.51033,-37.76404],[145.51202,-37.75986],[145.51322,-37.75823],[145.51308,-37.75556],[145.50999,-37.75439],[145.51163,-37.75215],[145.51119,-37.74935],[145.51136,-37.7473],[145.50914,-37.7468],[145.50927,-37.74528],[145.51629,-37.74252],[145.51389,-37.74174],[145.51504,-37.73983],[145.51258,-37.73766],[145.50871,-37.73769],[145.50759,-37.73724],[145.50773,-37.73563],[145.50576,-37.73478],[145.50389,-37.73533],[145.50209,-37.73326],[145.49854,-37.73091],[145.49822,-37.72908],[145.50086,-37.72398],[145.50073,-37.72261],[145.50218,-37.72073],[145.50177,-37.71894],[145.50517,-37.71591],[145.50624,-37.71238],[145.50767,-37.71008],[145.50688,-37.70907],[145.50828,-37.70779],[145.50727,-37.70649],[145.50913,-37.70471],[145.50902,-37.70352],[145.50711,-37.70305],[145.50559,-37.70448],[145.5045,-37.70218],[145.50322,-37.70103],[145.50396,-37.69854],[145.5018,-37.69875],[145.50116,-37.69608],[145.499,-37.69496],[145.49642,-37.69524],[145.49637,-37.6903],[145.49539,-37.6877],[145.49409,-37.68664],[145.49197,-37.68359],[145.49368,-37.68294],[145.49278,-37.68165],[145.49037,-37.68065],[145.48899,-37.67759],[145.49113,-37.6763],[145.48887,-37.67385],[145.49247,-37.67348],[145.49089,-37.67222],[145.48985,-37.67001],[145.48679,-37.66794],[145.48767,-37.66629],[145.48464,-37.66536],[145.48511,-37.66378],[145.48137,-37.66405],[145.47988,-37.66513],[145.4789,-37.6669],[145.47762,-37.66626],[145.47528,-37.66367],[145.47328,-37.66468],[145.47204,-37.67065],[145.46998,-37.67258],[145.46812,-37.67361],[145.46881,-37.6754],[145.46787,-37.676],[145.46537,-37.67576],[145.46335,-37.67391],[145.46113,-37.67375],[145.45849,-37.6726],[145.45786,-37.6715],[145.45607,-37.67106],[145.44894,-37.67283],[145.44629,-37.67419],[145.44427,-37.67299],[145.44195,-37.67399],[145.44091,-37.67276],[145.4374,-37.67193],[145.43627,-37.66948],[145.43246,-37.66864],[145.43047,-37.66854],[145.43008,-37.6667],[145.43135,-37.66614],[145.42982,-37.66465],[145.43084,-37.66361],[145.42827,-37.66159],[145.42535,-37.66041],[145.42619,-37.65893],[145.42474,-37.65807],[145.42303,-37.65824],[145.42057,-37.65765],[145.42037,-37.6587],[145.42266,-37.66104],[145.4206,-37.66181],[145.42143,-37.66428],[145.41892,-37.66354],[145.41874,-37.6647],[145.41663,-37.66472],[145.41179,-37.66695],[145.4093,-37.66695],[145.40833,-37.6682],[145.40664,-37.67375],[145.40257,-37.67423],[145.40132,-37.67564],[145.39937,-37.6729],[145.40128,-37.67274],[145.39946,-37.67096],[145.39963,-37.66994],[145.39771,-37.66819],[145.39638,-37.6681],[145.39182,-37.66597],[145.39036,-37.66644],[145.39002,-37.66481],[145.38797,-37.66428],[145.38547,-37.66235],[145.38167,-37.66055],[145.37875,-37.65977],[145.37691,-37.66022],[145.37479,-37.66201],[145.37394,-37.662],[145.37126,-37.6652],[145.37054,-37.66766],[145.36899,-37.66835],[145.36514,-37.6685],[145.36187,-37.67146],[145.3635,-37.67407],[145.36262,-37.67438],[145.35879,-37.67095],[145.35639,-37.67184],[145.35387,-37.67428],[145.35405,-37.67589],[145.35257,-37.67646],[145.35291,-37.68136],[145.35187,-37.68229],[145.35048,-37.6813],[145.34984,-37.67908],[145.34791,-37.67841],[145.34727,-37.67569],[145.34545,-37.67502],[145.3455,-37.67364],[145.34311,-37.67368],[145.34139,-37.67632],[145.33936,-37.6757],[145.33692,-37.67844],[145.33676,-37.68033],[145.33785,-37.68229],[145.33523,-37.68227],[145.33304,-37.68648],[145.33153,-37.68724],[145.33071,-37.69222],[145.3287,-37.69152],[145.3283,-37.68995],[145.32665,-37.68888],[145.31795,-37.69132],[145.31705,-37.69235],[145.31902,-37.69323],[145.31893,-37.69654],[145.3178,-37.69769],[145.31534,-37.69827],[145.31479,-37.69959],[145.31837,-37.70387],[145.3204,-37.70666],[145.3189,-37.70789],[145.31631,-37.7066],[145.31378,-37.70672],[145.31439,-37.70901],[145.31222,-37.71085],[145.3114,-37.71324],[145.31269,-37.71415],[145.31235,-37.71553],[145.31113,-37.71612],[145.30781,-37.71632],[145.30394,-37.71594],[145.30187,-37.71632],[145.30129,-37.71449],[145.29922,-37.71277],[145.29614,-37.71388],[145.29578,-37.71288],[145.2934,-37.71219],[145.29237,-37.71925],[145.29393,-37.72289],[145.29254,-37.72728],[145.29159,-37.72832],[145.28852,-37.72969],[145.28996,-37.73163],[145.28694,-37.73531],[145.2877,-37.73806],[145.28901,-37.74036],[145.29047,-37.74912],[145.29515,-37.75044],[145.29238,-37.75534],[145.28842,-37.75503],[145.28719,-37.76262],[145.29643,-37.76345],[145.2959,-37.7664],[145.29981,-37.76685],[145.30034,-37.76739],[145.29724,-37.76928],[145.29727,-37.77029],[145.29921,-37.7715],[145.30054,-37.77341],[145.30351,-37.77576],[145.30702,-37.77659],[145.30788,-37.77756],[145.30596,-37.77979],[145.30626,-37.7818],[145.30741,-37.78364],[145.31108,-37.78484],[145.31524,-37.78457],[145.31855,-37.78325],[145.32057,-37.78509],[145.32611,-37.78637],[145.32815,-37.78568]]]},"properties":{"district":"Evelyn"}},{"type":"Feature","geometry":{"type":"Polygon","coordinates":[[[145.21078,-37.84535],[145.21013,-37.84603],[145.21034,-37.84891],[145.20954,-37.85143],[145.2067,-37.85287],[145.20585,-37.85425],[145.20601,-37.85647],[145.20356,-37.85698],[145.20233,-37.85846],[145.20078,-37.8586],[145.19987,-37.85979],[145.20036,-37.86138],[145.19472,-37.86552],[145.19509,-37.86697],[145.19288,-37.87066],[145.19328,-37.87309],[145.19268,-37.87503],[145.19125,-37.87694],[145.19085,-37.87895],[145.19299,-37.88217],[145.19489,-37.88347],[145.19478,-37.88563],[145.19613,-37.88823],[145.21453,-37.88829],[145.21623,-37.88864],[145.22863,-37.8886],[145.23297,-37.88905],[145.23293,-37.88771],[145.23986,-37.88778],[145.23986,-37.89061],[145.2445,-37.88874],[145.25759,-37.88876],[145.25845,-37.89141],[145.26006,-37.90022],[145.26464,-37.90035],[145.26809,-37.89937],[145.26964,-37.89657],[145.27062,-37.89348],[145.27129,-37.89286],[145.27696,-37.88975],[145.28214,-37.88981],[145.28788,-37.88879],[145.29302,-37.88898],[145.29652,-37.8887],[145.3005,-37.89069],[145.30104,-37.88991],[145.30347,-37.8911],[145.30412,-37.89018],[145.30258,-37.88875],[145.30335,-37.88771],[145.30408,-37.88383],[145.30506,-37.88247],[145.30418,-37.88151],[145.30513,-37.88027],[145.30614,-37.87611],[145.30784,-37.87629],[145.30851,-37.87098],[145.30624,-37.86902],[145.30432,-37.86987],[145.30142,-37.86769],[145.29855,-37.86705],[145.29855,-37.86993],[145.29317,-37.86809],[145.29257,-37.86947],[145.28934,-37.87148],[145.29096,-37.87345],[145.28997,-37.8742],[145.28537,-37.87418],[145.28228,-37.87304],[145.28008,-37.86962],[145.2777,-37.86843],[145.27539,-37.868],[145.2689,-37.86838],[145.2671,-37.86743],[145.26262,-37.86804],[145.26287,-37.86634],[145.26521,-37.86398],[145.26711,-37.86046],[145.22821,-37.84777],[145.21078,-37.84535]]]},"properties":{"district":"Ferntree Gully"}},{"type":"Feature","geometry":{"type":"Polygon","coordinates":[[[144.90157,-37.76541],[144.90042,-37.76483],[144.89669,-37.76487],[144.89455,-37.76574],[144.89321,-37.76554],[144.88937,-37.76206],[144.88524,-37.76172],[144.88416,-37.76067],[144.88438,-37.75916],[144.88568,-37.75672],[144.88524,-37.75603],[144.88265,-37.75583],[144.88113,-37.75636],[144.87824,-37.75919],[144.87292,-37.76175],[144.87065,-37.7664],[144.87443,-37.7691],[144.8744,-37.7709],[144.8716,-37.77276],[144.86676,-37.77209],[144.86519,-37.77228],[144.86411,-37.77417],[144.86071,-37.77615],[144.85838,-37.77598],[144.85387,-37.77396],[144.85182,-37.7723],[144.85126,-37.76977],[144.85057,-37.77341],[144.84822,-37.77311],[144.84536,-37.79005],[144.83474,-37.78887],[144.83221,-37.78772],[144.83138,-37.78659],[144.82931,-37.78583],[144.79115,-37.78191],[144.78976,-37.78408],[144.78836,-37.78718],[144.78739,-37.79197],[144.7876,-37.79585],[144.78865,-37.79771],[144.7901,-37.79886],[144.79489,-37.80024],[144.80228,-37.80101],[144.80377,-37.80138],[144.80646,-37.80322],[144.80731,-37.8048],[144.80809,-37.81533],[144.82658,-37.81688],[144.82507,-37.81854],[144.82617,-37.82141],[144.82749,-37.8228],[144.87013,-37.81094],[144.87391,-37.8087],[144.88621,-37.80217],[144.89249,-37.80335],[144.89741,-37.80398],[144.8971,-37.8057],[144.90023,-37.80696],[144.89826,-37.81125],[144.90106,-37.81205],[144.89985,-37.81467],[144.90553,-37.81529],[144.9055,-37.81307],[144.90638,-37.80902],[144.90869,-37.80355],[144.91092,-37.80012],[144.91304,-37.79955],[144.91535,-37.79998],[144.9165,-37.79807],[144.91572,-37.79679],[144.91125,-37.79446],[144.90885,-37.79384],[144.90379,-37.79168],[144.90263,-37.78966],[144.90411,-37.78545],[144.90362,-37.78418],[144.90154,-37.78262],[144.89811,-37.78073],[144.8971,-37.77908],[144.8961,-37.77494],[144.89605,-37.77268],[144.89743,-37.77137],[144.90164,-37.76984],[144.90229,-37.76875],[144.90157,-37.76541]]]},"properties":{"district":"Footscray"}},{"type":"Feature","geometry":{"type":"Polygon","coordinates":[[[145.21735,-37.83239],[145.21335,-37.83239],[145.21335,-37.83092],[145.21223,-37.83027],[145.20878,-37.83061],[145.20294,-37.83056],[145.20051,-37.8309],[145.19896,-37.83053],[145.19108,-37.83055],[145.18912,-37.83178],[145.18376,-37.83126],[145.17991,-37.83133],[145.17879,-37.83093],[145.17359,-37.83064],[145.17276,-37.83473],[145.16963,-37.83449],[145.15896,-37.8331],[145.1363,-37.83041],[145.13266,-37.85033],[145.13141,-37.85756],[145.14354,-37.8589],[145.16923,-37.86202],[145.16681,-37.87439],[145.17468,-37.87513],[145.189,-37.87686],[145.19125,-37.87694],[145.19268,-37.87503],[145.19328,-37.87309],[145.19288,-37.87066],[145.19509,-37.86697],[145.19472,-37.86552],[145.20036,-37.86138],[145.19987,-37.85979],[145.20078,-37.8586],[145.20233,-37.85846],[145.20356,-37.85698],[145.20601,-37.85647],[145.20585,-37.85425],[145.2067,-37.85287],[145.20954,-37.85143],[145.21034,-37.84891],[145.21013,-37.84603],[145.21078,-37.84535],[145.21251,-37.8421],[145.21435,-37.83962],[145.21744,-37.8381],[145.21735,-37.83239]]]},"properties":{"district":"Forest Hill"}},{"type":"Feature","geometry":{"type":"Polygon","coordinates":[[[145.12221,-38.12931],[145.12027,-38.1372],[145.11736,-38.14468],[145.11584,-38.14624],[145.11347,-38.15044],[145.11211,-38.15225],[145.10839,-38.15398],[145.10682,-38.15427],[145.10333,-38.15637],[145.09814,-38.16288],[145.10045,-38.1655],[145.10207,-38.16593],[145.12875,-38.20008],[145.13353,-38.19567],[145.13966,-38.19728],[145.148,-38.19407],[145.15259,-38.19451],[145.15446,-38.19204],[145.15929,-38.18174],[145.16209,-38.17515],[145.16638,-38.15922],[145.16843,-38.15563],[145.17116,-38.1516],[145.1723,-38.14896],[145.17315,-38.14538],[145.17366,-38.13439],[145.1726,-38.12827],[145.17384,-38.12194],[145.17525,-38.11488],[145.1575,-38.11269],[145.14683,-38.11982],[145.13853,-38.11878],[145.13708,-38.11898],[145.13349,-38.12705],[145.13351,-38.1288],[145.13189,-38.13018],[145.12559,-38.12847],[145.12482,-38.13009],[145.12221,-38.12931]]]},"properties":{"district":"Frankston"}},{"type":"Feature","geometry":{"type":"Polygon","coordinates":[[[144.40677,-38.15485],[144.40268,-38.15537],[144.40032,-38.15308],[144.39564,-38.15139],[144.39428,-38.1495],[144.39194,-38.14958],[144.38843,-38.14859],[144.3855,-38.14492],[144.38484,-38.14337],[144.38051,-38.14438],[144.37597,-38.14632],[144.37107,-38.14674],[144.36894,-38.14629],[144.36051,-38.14221],[144.35692,-38.13932],[144.356,-38.13784],[144.35561,-38.13565],[144.35616,-38.13275],[144.343,-38.13126],[144.32015,-38.12832],[144.31597,-38.12785],[144.31414,-38.13007],[144.31109,-38.13235],[144.30741,-38.13398],[144.30236,-38.1352],[144.29947,-38.13643],[144.2966,-38.13891],[144.29498,-38.14291],[144.29511,-38.14769],[144.29563,-38.15131],[144.29865,-38.15138],[144.30075,-38.15024],[144.30003,-38.14877],[144.30144,-38.14764],[144.3033,-38.14796],[144.30491,-38.14995],[144.30723,-38.15099],[144.31223,-38.14763],[144.31429,-38.14448],[144.31865,-38.14383],[144.32178,-38.14475],[144.32428,-38.14937],[144.32341,-38.15118],[144.32068,-38.15306],[144.32009,-38.15508],[144.32221,-38.1589],[144.32282,-38.16122],[144.32647,-38.16568],[144.32929,-38.16802],[144.32838,-38.16895],[144.3244,-38.17152],[144.32406,-38.17361],[144.32265,-38.17511],[144.32395,-38.18064],[144.32161,-38.18281],[144.32342,-38.18302],[144.32302,-38.18603],[144.32531,-38.18631],[144.32534,-38.18797],[144.32775,-38.18937],[144.32617,-38.19084],[144.32716,-38.19222],[144.33015,-38.192],[144.33382,-38.19216],[144.33691,-38.19183],[144.33833,-38.1906],[144.34135,-38.19173],[144.34336,-38.19025],[144.34556,-38.19185],[144.34914,-38.19277],[144.35216,-38.18766],[144.35394,-38.18619],[144.35678,-38.18583],[144.35829,-38.18447],[144.36068,-38.18611],[144.36255,-38.18549],[144.3643,-38.18597],[144.36544,-38.18986],[144.36703,-38.19203],[144.36864,-38.19306],[144.37386,-38.19374],[144.37564,-38.19288],[144.37958,-38.19282],[144.38345,-38.19546],[144.3844,-38.19727],[144.38616,-38.20512],[144.38797,-38.20861],[144.3915,-38.20985],[144.39419,-38.2128],[144.3949,-38.21479],[144.39502,-38.21457],[144.40247,-38.17359],[144.40473,-38.16197],[144.40535,-38.15766],[144.407,-38.15577],[144.40677,-38.15485]]]},"properties":{"district":"Geelong"}},{"type":"Feature","geometry":{"type":"Polygon","coordinates":[[[145.52184,-38.06517],[145.52732,-38.06414],[145.53055,-38.04865],[145.53486,-38.04502],[145.53611,-38.03913],[145.53573,-38.03632],[145.53901,-38.034],[145.53967,-38.03241],[145.5425,-38.02989],[145.5442,-38.02901],[145.54503,-38.02684],[145.548,-38.0248],[145.54799,-38.02281],[145.54913,-38.02173],[145.55266,-38.0213],[145.55534,-38.01871],[145.558,-38.01514],[145.55901,-38.01314],[145.55775,-38.00973],[145.56142,-38.00827],[145.56665,-38.00735],[145.56691,-38.00561],[145.56916,-38.00468],[145.57286,-38.00459],[145.57294,-38.00519],[145.5836,-38.00486],[145.58694,-37.98454],[145.59685,-37.98573],[145.59951,-37.984],[145.60356,-37.98379],[145.60861,-37.98254],[145.61108,-37.98372],[145.61856,-37.9831],[145.62291,-37.98104],[145.62348,-37.98004],[145.6221,-37.97845],[145.61967,-37.97661],[145.61677,-37.97732],[145.61307,-37.97477],[145.61072,-37.97376],[145.60865,-37.97223],[145.60686,-37.97172],[145.60373,-37.97007],[145.60333,-37.96883],[145.6043,-37.9671],[145.6077,-37.96511],[145.61043,-37.96563],[145.61348,-37.96332],[145.61517,-37.96306],[145.6154,-37.9618],[145.61762,-37.96084],[145.61906,-37.96182],[145.62053,-37.95849],[145.62295,-37.95961],[145.62518,-37.95994],[145.62958,-37.96263],[145.62977,-37.96467],[145.6317,-37.96474],[145.63471,-37.96752],[145.63647,-37.96714],[145.64014,-37.96956],[145.64018,-37.97101],[145.64212,-37.97169],[145.64213,-37.96847],[145.64303,-37.96749],[145.64476,-37.96743],[145.64594,-37.96828],[145.6479,-37.96845],[145.6513,-37.97007],[145.65359,-37.96865],[145.65743,-37.97046],[145.65897,-37.97226],[145.6609,-37.9715],[145.66057,-37.96987],[145.66388,-37.96955],[145.66734,-37.97088],[145.66928,-37.96975],[145.67201,-37.97077],[145.67393,-37.96994],[145.67521,-37.97029],[145.67661,-37.96849],[145.67937,-37.96904],[145.68101,-37.9705],[145.68176,-37.97223],[145.68411,-37.97252],[145.68555,-37.97436],[145.68655,-37.9744],[145.68958,-37.97608],[145.69255,-37.97463],[145.69376,-37.97455],[145.69599,-37.97566],[145.70041,-37.97492],[145.70419,-37.97628],[145.70912,-37.97982],[145.71176,-37.98003],[145.71413,-37.98185],[145.71577,-37.98239],[145.71804,-37.98434],[145.72267,-37.98724],[145.72357,-37.98611],[145.72083,-37.98227],[145.71939,-37.98106],[145.72053,-37.97955],[145.72018,-37.9781],[145.7222,-37.97616],[145.72351,-37.97665],[145.72647,-37.97369],[145.72958,-37.97395],[145.73384,-37.97653],[145.735,-37.97675],[145.73612,-37.97218],[145.73684,-37.96793],[145.73606,-37.96631],[145.73384,-37.96363],[145.73312,-37.96157],[145.73148,-37.96038],[145.73107,-37.95883],[145.7338,-37.95629],[145.73663,-37.95569],[145.73679,-37.95332],[145.73521,-37.95168],[145.73487,-37.95018],[145.73659,-37.949],[145.74041,-37.9486],[145.74164,-37.94785],[145.74215,-37.94318],[145.74435,-37.9408],[145.74516,-37.93917],[145.74684,-37.93851],[145.74648,-37.93463],[145.74375,-37.93202],[145.74144,-37.92914],[145.74125,-37.92712],[145.74226,-37.92626],[145.74587,-37.92498],[145.74753,-37.92264],[145.74749,-37.91924],[145.7508,-37.91718],[145.75246,-37.91357],[145.75556,-37.9089],[145.76262,-37.90327],[145.7643,-37.90135],[145.76502,-37.89858],[145.76055,-37.90146],[145.75743,-37.90219],[145.7536,-37.90428],[145.75017,-37.90324],[145.74825,-37.90452],[145.74685,-37.90436],[145.74624,-37.90253],[145.74123,-37.90274],[145.73876,-37.90238],[145.73618,-37.90146],[145.7324,-37.90138],[145.72799,-37.89701],[145.72373,-37.89195],[145.72264,-37.89147],[145.72273,-37.88602],[145.72199,-37.88544],[145.71899,-37.8856],[145.71581,-37.8842],[145.71485,-37.88424],[145.71329,-37.886],[145.70799,-37.88709],[145.70226,-37.88652],[145.69948,-37.88512],[145.69766,-37.88571],[145.69389,-37.88601],[145.68955,-37.8838],[145.68803,-37.88147],[145.68686,-37.88081],[145.68511,-37.88216],[145.68492,-37.88372],[145.68624,-37.88567],[145.68582,-37.8874],[145.68631,-37.88882],[145.68144,-37.89126],[145.67967,-37.89355],[145.67647,-37.89317],[145.67515,-37.89388],[145.67168,-37.89345],[145.67085,-37.89574],[145.66926,-37.89707],[145.66907,-37.89954],[145.67113,-37.90342],[145.67061,-37.90837],[145.669,-37.90955],[145.6652,-37.91072],[145.6603,-37.90935],[145.65654,-37.90911],[145.65317,-37.91068],[145.65054,-37.91269],[145.65091,-37.91451],[145.65268,-37.91651],[145.6447,-37.91719],[145.64207,-37.91827],[145.63552,-37.91786],[145.63173,-37.91899],[145.62825,-37.91725],[145.62498,-37.91816],[145.62675,-37.90961],[145.61475,-37.90809],[145.61498,-37.90486],[145.61324,-37.90324],[145.61333,-37.90249],[145.60347,-37.90127],[145.60409,-37.89799],[145.58994,-37.89628],[145.58815,-37.89758],[145.58533,-37.89661],[145.58098,-37.89709],[145.57854,-37.8977],[145.57629,-37.89755],[145.57523,-37.89934],[145.57306,-37.89867],[145.57064,-37.89594],[145.56938,-37.89809],[145.56754,-37.89701],[145.56867,-37.89433],[145.56839,-37.89266],[145.56722,-37.89227],[145.56589,-37.88917],[145.56442,-37.88694],[145.56255,-37.88557],[145.56232,-37.882],[145.5614,-37.8811],[145.55645,-37.87899],[145.55405,-37.87746],[145.55422,-37.87614],[145.55344,-37.87393],[145.55094,-37.87214],[145.54912,-37.87267],[145.54694,-37.87175],[145.54426,-37.87131],[145.54137,-37.87175],[145.53936,-37.87052],[145.53948,-37.86892],[145.53481,-37.86626],[145.5319,-37.86686],[145.53042,-37.86623],[145.53072,-37.86435],[145.52765,-37.86124],[145.52258,-37.85788],[145.51915,-37.85775],[145.51946,-37.85822],[145.52517,-37.86012],[145.52531,-37.86193],[145.52701,-37.86352],[145.52729,-37.86499],[145.5261,-37.86687],[145.5272,-37.86914],[145.52808,-37.8697],[145.5283,-37.87442],[145.52902,-37.87641],[145.52651,-37.87916],[145.5271,-37.88086],[145.52554,-37.88303],[145.52663,-37.8845],[145.52518,-37.88709],[145.5224,-37.88708],[145.52073,-37.88952],[145.51761,-37.89234],[145.51504,-37.89354],[145.5112,-37.89719],[145.50989,-37.89709],[145.50749,-37.89977],[145.50574,-37.89952],[145.50321,-37.9008],[145.50029,-37.89956],[145.49782,-37.90037],[145.49478,-37.89999],[145.49289,-37.89898],[145.48993,-37.89829],[145.48973,-37.8993],[145.48167,-37.89834],[145.47966,-37.90067],[145.47382,-37.89998],[145.46993,-37.90266],[145.4699,-37.90628],[145.46911,-37.9102],[145.46667,-37.91202],[145.46474,-37.91082],[145.46332,-37.90796],[145.46028,-37.9072],[145.45858,-37.90531],[145.45655,-37.90721],[145.45471,-37.90633],[145.45137,-37.90706],[145.45034,-37.90625],[145.44742,-37.90591],[145.44687,-37.90675],[145.4446,-37.90626],[145.44265,-37.90702],[145.44202,-37.90975],[145.43967,-37.91003],[145.43871,-37.91458],[145.42846,-37.91349],[145.42549,-37.91993],[145.42292,-37.91919],[145.41963,-37.92633],[145.41816,-37.92501],[145.41637,-37.92633],[145.41599,-37.92828],[145.40075,-37.92646],[145.40091,-37.92377],[145.39948,-37.92161],[145.39424,-37.92334],[145.3919,-37.92339],[145.3898,-37.92429],[145.38553,-37.92772],[145.38407,-37.92961],[145.38464,-37.93321],[145.38564,-37.93465],[145.38566,-37.93605],[145.38352,-37.93827],[145.38217,-37.94117],[145.38394,-37.94934],[145.38515,-37.95162],[145.38442,-37.95441],[145.38179,-37.95666],[145.38775,-37.95798],[145.38752,-37.96003],[145.38803,-37.97098],[145.38623,-37.97144],[145.38442,-37.97064],[145.38269,-37.97496],[145.37986,-37.97376],[145.37912,-37.97511],[145.36679,-37.97356],[145.36099,-37.97205],[145.36044,-37.97525],[145.35385,-37.98097],[145.35197,-37.98983],[145.35019,-37.9919],[145.35058,-37.99408],[145.34649,-37.99616],[145.34489,-37.99798],[145.34163,-38.00032],[145.33753,-37.99982],[145.33605,-38.00682],[145.33156,-38.00669],[145.32962,-38.00839],[145.32609,-38.02628],[145.32785,-38.02748],[145.32798,-38.02903],[145.3207,-38.02807],[145.33143,-38.03945],[145.33616,-38.0427],[145.34597,-38.04733],[145.35428,-38.05014],[145.35777,-38.05163],[145.36068,-38.05348],[145.3702,-38.06211],[145.37588,-38.066],[145.38023,-38.06833],[145.38397,-38.07001],[145.38923,-38.07189],[145.39504,-38.07339],[145.39876,-38.07406],[145.42739,-38.07817],[145.43393,-38.07951],[145.43739,-38.06338],[145.43721,-38.06262],[145.4479,-38.06027],[145.44976,-38.06038],[145.46254,-38.06362],[145.46487,-38.06472],[145.47399,-38.07044],[145.4764,-38.07118],[145.4885,-38.07203],[145.49204,-38.07114],[145.49867,-38.06699],[145.50176,-38.06578],[145.52184,-38.06517]]]},"properties":{"district":"Gembrook"}},{"type":"Feature","geometry":{"type":"Polygon","coordinates":[[[147.2781,-36.94013],[147.26332,-37.00662],[147.26413,-37.00726],[147.26739,-37.00588],[147.26904,-37.00731],[147.26923,-37.00873],[147.27174,-37.00847],[147.27495,-37.009],[147.27657,-37.00797],[147.28066,-37.00843],[147.2849,-37.00533],[147.28874,-37.00552],[147.28974,-37.00718],[147.29379,-37.00699],[147.29744,-37.00897],[147.29828,-37.01062],[147.30087,-37.01148],[147.30244,-37.01091],[147.30533,-37.01205],[147.3072,-37.01327],[147.30714,-37.01427],[147.31034,-37.01651],[147.3109,-37.01829],[147.31377,-37.02002],[147.3183,-37.02076],[147.32155,-37.02347],[147.32553,-37.02496],[147.32701,-37.02447],[147.32832,-37.02596],[147.33248,-37.02802],[147.33418,-37.02805],[147.33664,-37.02969],[147.33901,-37.02868],[147.34242,-37.02976],[147.34149,-37.03116],[147.34225,-37.03197],[147.34448,-37.03191],[147.34874,-37.03245],[147.34916,-37.03596],[147.35148,-37.03649],[147.35386,-37.03455],[147.35523,-37.03276],[147.35956,-37.03304],[147.36164,-37.03452],[147.36332,-37.03437],[147.36457,-37.03297],[147.3694,-37.03119],[147.37051,-37.03027],[147.37812,-37.03079],[147.38063,-37.02986],[147.38474,-37.03075],[147.38673,-37.02999],[147.38845,-37.03066],[147.38933,-37.03187],[147.38822,-37.03331],[147.38807,-37.03536],[147.39094,-37.03904],[147.39081,-37.03976],[147.38789,-37.04125],[147.38957,-37.04211],[147.39007,-37.04621],[147.38588,-37.04764],[147.38547,-37.04938],[147.3874,-37.04962],[147.38871,-37.04852],[147.38932,-37.05173],[147.39046,-37.05246],[147.38033,-37.05872],[147.38096,-37.06031],[147.38079,-37.06706],[147.38083,-37.08155],[147.38278,-37.0826],[147.38265,-37.08482],[147.38171,-37.0881],[147.37981,-37.08906],[147.37932,-37.09123],[147.38043,-37.09254],[147.38052,-37.09871],[147.37488,-37.10086],[147.37352,-37.10009],[147.37233,-37.10072],[147.37121,-37.10245],[147.3699,-37.10322],[147.36735,-37.10114],[147.36505,-37.10154],[147.36339,-37.10333],[147.36212,-37.10753],[147.36362,-37.10884],[147.36351,-37.10987],[147.362,-37.1108],[147.36113,-37.11327],[147.35921,-37.11434],[147.3164,-37.11386],[147.31803,-37.11627],[147.32047,-37.11689],[147.32146,-37.11901],[147.32359,-37.11991],[147.3255,-37.12196],[147.32357,-37.12526],[147.32751,-37.12796],[147.32777,-37.13121],[147.32841,-37.13365],[147.32735,-37.13608],[147.32755,-37.13721],[147.32528,-37.13912],[147.32506,-37.14146],[147.32726,-37.14347],[147.32872,-37.1439],[147.32973,-37.14763],[147.33185,-37.14931],[147.33235,-37.15148],[147.33137,-37.15273],[147.33263,-37.15377],[147.33489,-37.15355],[147.33718,-37.15468],[147.33731,-37.15635],[147.33849,-37.15782],[147.34135,-37.15834],[147.34205,-37.15965],[147.34385,-37.16022],[147.34484,-37.16135],[147.34581,-37.16484],[147.34542,-37.16568],[147.3472,-37.16769],[147.34655,-37.17026],[147.34948,-37.17333],[147.35321,-37.17497],[147.35439,-37.17607],[147.3557,-37.17877],[147.35866,-37.18059],[147.3604,-37.18579],[147.36158,-37.18689],[147.36136,-37.18906],[147.36274,-37.19109],[147.36416,-37.19187],[147.36543,-37.19373],[147.36818,-37.19563],[147.36826,-37.19775],[147.37105,-37.19966],[147.37446,-37.19898],[147.37641,-37.20052],[147.37959,-37.20071],[147.38313,-37.2021],[147.38452,-37.20392],[147.38403,-37.20594],[147.38236,-37.20839],[147.38363,-37.21125],[147.38478,-37.21159],[147.33697,-37.27555],[147.2673,-37.26583],[147.20294,-37.25681],[147.14367,-37.24847],[147.06112,-37.23681],[146.83835,-37.20503],[146.83591,-37.2045],[146.83313,-37.20443],[146.82976,-37.20302],[146.82632,-37.20376],[146.8255,-37.20263],[146.82605,-37.19861],[146.82577,-37.19604],[146.82452,-37.19342],[146.82131,-37.19046],[146.81844,-37.18924],[146.81709,-37.18953],[146.8153,-37.18867],[146.81399,-37.18623],[146.81156,-37.18649],[146.80726,-37.18615],[146.80488,-37.18523],[146.80338,-37.18333],[146.80053,-37.18145],[146.79898,-37.18124],[146.79753,-37.17999],[146.79474,-37.18031],[146.79071,-37.17805],[146.78787,-37.17764],[146.7875,-37.17583],[146.78576,-37.17504],[146.78478,-37.17334],[146.78256,-37.17165],[146.78241,-37.16772],[146.78061,-37.16552],[146.77737,-37.16395],[146.77716,-37.16154],[146.77592,-37.15788],[146.77289,-37.15528],[146.77309,-37.15446],[146.7715,-37.15292],[146.77097,-37.15065],[146.76911,-37.14949],[146.76631,-37.14932],[146.76314,-37.14777],[146.76344,-37.14602],[146.76029,-37.1462],[146.75807,-37.14711],[146.75559,-37.14989],[146.75382,-37.1496],[146.75186,-37.14766],[146.74897,-37.14836],[146.74658,-37.15033],[146.74458,-37.15033],[146.74517,-37.15344],[146.74427,-37.15617],[146.74188,-37.15523],[146.73808,-37.15602],[146.73351,-37.15547],[146.72979,-37.15632],[146.72745,-37.15615],[146.72442,-37.15815],[146.71914,-37.15894],[146.71671,-37.15788],[146.71246,-37.15722],[146.70882,-37.15493],[146.70654,-37.15459],[146.70494,-37.15316],[146.70115,-37.15281],[146.69973,-37.15191],[146.69391,-37.15015],[146.69167,-37.14837],[146.68963,-37.1457],[146.68455,-37.1451],[146.68125,-37.14286],[146.68226,-37.14173],[146.68199,-37.13882],[146.68138,-37.13698],[146.67801,-37.13539],[146.67736,-37.13388],[146.67459,-37.13332],[146.67222,-37.13059],[146.66906,-37.13026],[146.66766,-37.12895],[146.66599,-37.12497],[146.66452,-37.12378],[146.66064,-37.12288],[146.655,-37.12227],[146.65345,-37.12085],[146.65153,-37.12005],[146.65012,-37.1216],[146.64914,-37.12377],[146.64727,-37.12401],[146.64083,-37.12589],[146.63862,-37.1277],[146.63907,-37.13004],[146.63839,-37.13251],[146.63976,-37.1351],[146.64134,-37.13656],[146.64029,-37.14181],[146.6448,-37.14747],[146.64546,-37.15036],[146.64424,-37.154],[146.64489,-37.1593],[146.6471,-37.16197],[146.64704,-37.16316],[146.64703,-37.1632],[146.54709,-37.36876],[146.49651,-37.48209],[146.43584,-37.61804],[146.43949,-37.61561],[146.44092,-37.61379],[146.44366,-37.61212],[146.44577,-37.61404],[146.44848,-37.61507],[146.45229,-37.61491],[146.45415,-37.61635],[146.45723,-37.62152],[146.4591,-37.62282],[146.45987,-37.62412],[146.45928,-37.62589],[146.46083,-37.62852],[146.4643,-37.63085],[146.4668,-37.63484],[146.46865,-37.63461],[146.4699,-37.63682],[146.473,-37.63985],[146.47447,-37.64085],[146.47749,-37.63973],[146.48299,-37.64189],[146.48421,-37.64131],[146.48695,-37.64161],[146.48946,-37.64292],[146.49634,-37.65011],[146.49623,-37.65219],[146.49753,-37.65585],[146.49942,-37.65848],[146.5009,-37.66122],[146.50296,-37.66357],[146.5054,-37.66459],[146.50622,-37.66844],[146.50756,-37.67071],[146.50978,-37.67163],[146.51118,-37.67105],[146.51286,-37.67145],[146.51301,-37.67332],[146.51568,-37.67586],[146.51596,-37.67878],[146.51468,-37.68059],[146.51209,-37.68145],[146.51327,-37.68477],[146.51197,-37.68497],[146.50919,-37.68795],[146.50692,-37.68899],[146.50335,-37.68906],[146.50234,-37.69083],[146.50277,-37.69314],[146.50475,-37.69514],[146.47331,-37.99469],[146.47787,-37.9937],[146.47869,-37.9927],[146.48247,-37.99147],[146.48192,-37.98885],[146.48333,-37.9877],[146.48627,-37.98752],[146.48797,-37.98608],[146.49067,-37.98628],[146.49058,-37.98445],[146.49305,-37.98468],[146.49264,-37.98693],[146.49391,-37.98851],[146.49736,-37.98892],[146.50039,-37.98656],[146.50123,-37.98832],[146.50269,-37.98813],[146.50362,-37.98582],[146.50745,-37.98495],[146.5095,-37.98367],[146.51447,-37.9837],[146.51479,-37.9822],[146.51307,-37.9802],[146.5132,-37.97943],[146.51657,-37.97877],[146.51668,-37.97696],[146.51904,-37.97566],[146.52101,-37.97205],[146.52271,-37.96796],[146.52283,-37.96479],[146.52409,-37.96374],[146.52784,-37.96338],[146.5323,-37.96384],[146.53402,-37.96593],[146.53316,-37.96762],[146.53585,-37.96955],[146.53662,-37.96908],[146.53649,-37.96704],[146.53812,-37.96508],[146.54179,-37.96584],[146.54265,-37.96728],[146.54423,-37.96783],[146.54602,-37.96734],[146.54779,-37.96815],[146.54671,-37.96963],[146.54551,-37.97274],[146.54653,-37.97429],[146.54591,-37.9757],[146.54901,-37.97526],[146.5513,-37.97654],[146.55264,-37.97637],[146.55289,-37.97475],[146.55114,-37.97131],[146.55392,-37.97119],[146.55568,-37.9723],[146.5568,-37.97509],[146.55779,-37.97601],[146.56283,-37.9788],[146.56327,-37.98243],[146.56386,-37.98385],[146.56556,-37.98295],[146.56843,-37.9825],[146.57028,-37.98371],[146.57129,-37.98258],[146.57393,-37.98131],[146.57669,-37.98092],[146.57949,-37.97922],[146.58119,-37.97628],[146.58278,-37.97613],[146.58432,-37.97745],[146.58726,-37.97808],[146.58974,-37.97669],[146.59064,-37.97453],[146.59574,-37.97562],[146.59692,-37.98],[146.59942,-37.97982],[146.59982,-37.97773],[146.59844,-37.97421],[146.60076,-37.9738],[146.60357,-37.9749],[146.60601,-37.97451],[146.60678,-37.97146],[146.6097,-37.97214],[146.61113,-37.97192],[146.61336,-37.97356],[146.60995,-37.97651],[146.6099,-37.9789],[146.61119,-37.9797],[146.61485,-37.97753],[146.61742,-37.97324],[146.61748,-37.97186],[146.61958,-37.97176],[146.6217,-37.97279],[146.62516,-37.97139],[146.62685,-37.97132],[146.6282,-37.974],[146.62433,-37.97511],[146.62778,-37.97961],[146.62926,-37.98224],[146.62919,-37.98397],[146.63213,-37.98819],[146.63518,-37.99094],[146.63739,-37.99482],[146.63872,-37.99595],[146.64198,-37.99755],[146.64457,-37.9982],[146.64886,-37.9981],[146.65515,-37.99715],[146.66052,-37.99582],[146.66246,-37.9938],[146.664,-37.99294],[146.66637,-37.9925],[146.66706,-37.99069],[146.66465,-37.99085],[146.66533,-37.98945],[146.66644,-37.98516],[146.67045,-37.98517],[146.6702,-37.98378],[146.67491,-37.98412],[146.67723,-37.9857],[146.67972,-37.98541],[146.68186,-37.98378],[146.68711,-37.985],[146.68811,-37.98444],[146.69293,-37.9842],[146.69433,-37.98606],[146.69368,-37.98767],[146.69607,-37.98821],[146.69804,-37.98666],[146.69868,-37.9892],[146.70038,-37.99017],[146.70115,-37.99153],[146.70452,-37.99259],[146.70592,-37.99154],[146.70918,-37.99345],[146.7113,-37.99363],[146.71256,-37.99719],[146.71393,-37.99722],[146.71689,-37.99628],[146.71766,-37.99799],[146.72148,-37.99504],[146.72366,-37.9944],[146.72511,-37.99539],[146.72635,-37.99436],[146.72962,-37.9943],[146.73072,-37.99309],[146.73017,-37.9915],[146.73168,-37.99003],[146.7343,-37.99014],[146.73757,-37.98974],[146.73976,-37.98866],[146.74217,-37.99027],[146.74379,-37.98879],[146.74522,-37.98954],[146.74766,-37.98802],[146.75093,-37.98875],[146.75417,-37.98783],[146.75544,-37.98604],[146.75707,-37.98703],[146.75845,-37.98639],[146.75949,-37.98831],[146.7623,-37.99011],[146.76736,-37.9911],[146.76934,-37.98984],[146.76776,-37.98923],[146.76799,-37.98732],[146.77005,-37.98796],[146.7713,-37.98763],[146.7741,-37.98817],[146.77493,-37.98651],[146.77725,-37.9858],[146.78033,-37.98561],[146.78198,-37.98604],[146.78013,-37.98791],[146.77924,-37.99026],[146.77981,-37.99218],[146.78163,-37.9913],[146.78374,-37.99135],[146.78578,-37.99255],[146.78583,-37.99395],[146.78436,-37.99452],[146.78486,-37.99712],[146.78627,-37.99775],[146.78761,-37.99666],[146.78999,-37.99918],[146.79178,-37.99948],[146.793,-38.0025],[146.79814,-37.99945],[146.80239,-37.99934],[146.80266,-38.00085],[146.80478,-38.00208],[146.80839,-38.00356],[146.81108,-38.00018],[146.81224,-38.00098],[146.81748,-38.00076],[146.82219,-38.00254],[146.82528,-38.00558],[146.82742,-38.00575],[146.82958,-38.00349],[146.83035,-38.0039],[146.83124,-38.00774],[146.83315,-38.0082],[146.83349,-38.00953],[146.83514,-38.00916],[146.83636,-38.01069],[146.83773,-38.01112],[146.83942,-38.00939],[146.84104,-38.00949],[146.84247,-38.01135],[146.84426,-38.00807],[146.84585,-38.0074],[146.84737,-38.0053],[146.84902,-38.00626],[146.85188,-38.00702],[146.85475,-38.00993],[146.85961,-38.01168],[146.865,-38.00933],[146.86458,-38.00751],[146.86842,-38.00663],[146.87062,-38.00756],[146.87216,-38.00691],[146.87538,-38.00804],[146.87681,-38.00903],[146.87859,-38.01139],[146.87999,-38.0114],[146.88341,-38.00869],[146.88678,-38.00884],[146.88655,-38.00734],[146.89111,-38.00541],[146.89824,-38.00484],[146.90029,-38.00582],[146.90092,-38.00777],[146.90527,-38.00897],[146.9067,-38.00761],[146.9095,-38.00857],[146.91122,-38.00796],[146.91257,-38.00913],[146.91441,-38.00951],[146.91654,-38.01224],[146.91842,-38.01223],[146.92025,-38.0134],[146.9216,-38.01286],[146.9232,-38.01552],[146.92482,-38.01664],[146.92459,-38.01818],[146.92792,-38.01826],[146.92715,-38.01998],[146.92837,-38.02133],[146.93065,-38.02208],[146.93237,-38.02182],[146.93209,-38.02381],[146.93352,-38.02464],[146.93578,-38.0246],[146.93613,-38.02329],[146.93803,-38.0227],[146.93905,-38.02373],[146.94074,-38.0227],[146.94052,-38.02073],[146.94189,-38.01963],[146.94373,-38.02],[146.94692,-38.01992],[146.94734,-38.02083],[146.95069,-38.01963],[146.95257,-38.02141],[146.95418,-38.02403],[146.9538,-38.02554],[146.95555,-38.02639],[146.95595,-38.02765],[146.96027,-38.0272],[146.96066,-38.02919],[146.96553,-38.02956],[146.965,-38.03215],[146.96696,-38.03374],[146.96959,-38.03402],[146.96957,-38.03576],[146.97146,-38.03549],[146.97137,-38.03413],[146.97305,-38.03339],[146.9743,-38.03466],[146.97239,-38.03552],[146.97648,-38.03612],[146.97878,-38.03847],[146.98121,-38.03864],[146.98234,-38.04134],[146.98439,-38.04347],[146.98714,-38.04308],[146.98788,-38.04463],[146.9903,-38.04471],[146.99127,-38.04574],[146.99487,-38.04591],[146.99418,-38.04901],[146.99534,-38.04996],[146.99466,-38.05228],[146.99577,-38.05297],[146.99752,-38.05245],[146.99955,-38.05268],[147.00003,-38.05386],[146.9984,-38.05485],[146.99753,-38.05636],[146.998,-38.05773],[146.99544,-38.05814],[146.99476,-38.05882],[146.99479,-38.06375],[146.99644,-38.06375],[146.99653,-38.06597],[146.9994,-38.06548],[147.00103,-38.06437],[147.00236,-38.06459],[147.00335,-38.067],[147.00083,-38.06665],[146.99921,-38.06816],[147.00121,-38.06882],[147.00604,-38.06858],[147.00745,-38.06961],[147.01006,-38.06947],[147.00843,-38.07199],[147.00988,-38.0739],[147.0125,-38.0758],[147.01323,-38.07842],[147.01475,-38.07756],[147.0141,-38.07581],[147.01468,-38.07448],[147.01883,-38.07641],[147.01832,-38.0735],[147.02039,-38.07198],[147.02253,-38.07131],[147.02915,-38.06499],[147.0291,-38.06265],[147.03044,-38.06258],[147.06445,-38.06686],[147.12695,-38.07465],[147.14207,-38.07656],[147.17592,-38.08069],[147.17819,-38.08002],[147.18403,-38.07987],[147.19578,-38.07876],[147.19936,-38.07733],[147.20812,-38.07782],[147.21002,-38.07707],[147.2152,-38.07623],[147.2245,-38.08045],[147.22594,-38.08015],[147.22896,-38.07828],[147.23142,-38.0775],[147.23625,-38.07727],[147.23884,-38.07759],[147.24418,-38.07936],[147.24568,-38.08119],[147.24654,-38.07659],[147.24767,-38.07356],[147.24817,-38.07043],[147.24935,-38.06663],[147.24917,-38.06471],[147.24962,-38.06223],[147.25043,-38.06088],[147.25082,-38.05546],[147.25253,-38.05188],[147.25182,-38.05043],[147.25452,-38.04625],[147.25607,-38.04455],[147.25471,-38.04118],[147.25825,-38.04369],[147.26094,-38.04423],[147.2624,-38.0459],[147.26555,-38.04711],[147.26825,-38.04894],[147.26899,-38.05014],[147.27064,-38.05028],[147.2723,-38.0478],[147.27302,-38.04463],[147.27398,-38.0436],[147.27831,-38.0415],[147.28194,-38.04156],[147.28549,-38.04222],[147.2888,-38.04407],[147.29319,-38.04749],[147.29482,-38.04841],[147.29867,-38.05255],[147.30025,-38.05325],[147.30455,-38.05317],[147.30685,-38.05418],[147.31044,-38.05464],[147.3165,-38.05447],[147.32049,-38.05306],[147.32272,-38.05079],[147.33055,-38.04906],[147.33259,-38.04816],[147.34145,-38.04565],[147.35518,-38.04309],[147.35946,-38.04282],[147.36206,-38.04339],[147.36798,-38.04341],[147.37351,-38.04296],[147.3779,-38.04358],[147.37888,-38.04336],[147.38443,-38.0462],[147.38906,-38.04725],[147.39219,-38.04642],[147.39232,-38.04456],[147.39352,-38.04389],[147.39726,-38.04439],[147.39975,-38.04558],[147.40175,-38.04733],[147.40449,-38.04892],[147.40713,-38.04983],[147.41284,-38.05687],[147.41498,-38.06027],[147.41676,-38.06682],[147.41742,-38.06791],[147.42009,-38.07779],[147.42064,-38.08142],[147.42052,-38.08668],[147.4171,-38.09581],[147.41637,-38.09637],[147.4178,-38.09947],[147.42094,-38.10216],[147.42245,-38.10417],[147.42568,-38.10699],[147.42794,-38.10847],[147.43161,-38.10887],[147.43918,-38.10358],[147.4435,-38.09941],[147.44588,-38.09539],[147.44657,-38.09117],[147.44546,-38.08525],[147.44352,-38.07764],[147.44356,-38.0748],[147.44448,-38.07232],[147.44601,-38.07057],[147.44944,-38.06798],[147.45314,-38.06411],[147.45535,-38.0626],[147.45811,-38.06297],[147.45721,-38.06422],[147.45788,-38.06667],[147.46076,-38.06889],[147.46095,-38.07158],[147.45933,-38.07218],[147.45335,-38.07234],[147.44938,-38.07368],[147.44884,-38.07425],[147.45123,-38.07739],[147.45467,-38.07867],[147.45889,-38.07792],[147.46207,-38.07545],[147.4647,-38.07479],[147.46606,-38.0736],[147.46933,-38.07233],[147.47325,-38.07313],[147.47748,-38.07259],[147.48085,-38.07123],[147.48445,-38.0688],[147.48641,-38.06854],[147.48777,-38.0697],[147.48863,-38.07161],[147.49029,-38.07281],[147.4945,-38.07268],[147.49674,-38.07199],[147.50033,-38.07303],[147.50218,-38.07163],[147.50415,-38.06914],[147.50752,-38.06418],[147.50828,-38.0622],[147.51447,-38.0572],[147.51733,-38.05695],[147.52217,-38.054],[147.52564,-38.05277],[147.52777,-38.05477],[147.5321,-38.05778],[147.54214,-38.05722],[147.54357,-38.05694],[147.54756,-38.05454],[147.55116,-38.05307],[147.55309,-38.053],[147.55557,-38.0542],[147.5574,-38.05428],[147.56216,-38.05339],[147.56359,-38.0535],[147.5668,-38.05478],[147.57066,-38.05363],[147.57637,-38.04984],[147.58216,-38.04462],[147.58285,-38.04354],[147.58594,-38.04075],[147.58859,-38.03698],[147.5915,-38.03529],[147.59579,-38.03418],[147.60239,-38.03044],[147.60535,-38.02756],[147.6109,-38.0255],[147.61177,-38.02455],[147.61181,-38.01989],[147.61122,-38.01632],[147.61186,-38.01278],[147.61408,-38.01097],[147.61599,-38.01028],[147.62017,-38.01219],[147.62191,-38.01217],[147.62416,-38.01114],[147.62919,-38.00771],[147.63063,-38.00726],[147.63363,-38.00479],[147.6362,-38.00207],[147.638,-38.00104],[147.64396,-37.99921],[147.64699,-37.9971],[147.65045,-37.99573],[147.65218,-37.99346],[147.65212,-37.98899],[147.65243,-37.98783],[147.65195,-37.98494],[147.6521,-37.98302],[147.65698,-37.97968],[147.65888,-37.97873],[147.66098,-37.97638],[147.66335,-37.97548],[147.666,-37.97544],[147.66983,-37.97344],[147.67268,-37.97265],[147.67482,-37.97143],[147.68215,-37.96931],[147.6841,-37.96607],[147.68683,-37.96665],[147.69181,-37.96597],[147.69489,-37.96384],[147.69921,-37.96152],[147.70092,-37.96023],[147.70415,-37.95952],[147.70972,-37.9558],[147.71027,-37.95495],[147.71243,-37.95427],[147.72013,-37.96284],[147.72271,-37.96908],[147.72191,-37.97169],[147.72101,-37.97165],[147.71885,-37.97342],[147.71652,-37.97472],[147.71258,-37.97564],[147.70684,-37.97753],[147.6994,-37.98128],[147.69946,-37.98331],[147.70016,-37.98457],[147.6998,-37.98629],[147.69721,-37.99049],[147.6976,-37.99296],[147.70004,-37.99485],[147.70304,-37.99602],[147.70576,-37.99654],[147.70577,-37.99835],[147.71009,-37.99601],[147.71355,-37.99443],[147.71452,-37.9936],[147.72387,-37.98839],[147.7256,-37.98728],[147.73232,-37.98395],[147.7348,-37.98225],[147.73816,-37.98069],[147.74286,-37.97805],[147.74978,-37.97451],[147.75089,-37.97371],[147.75737,-37.97069],[147.76725,-37.9656],[147.76892,-37.9652],[147.77286,-37.96285],[147.78385,-37.95791],[147.78799,-37.95549],[147.79326,-37.95366],[147.79796,-37.95155],[147.80176,-37.94957],[147.80644,-37.94754],[147.80896,-37.94686],[147.82352,-37.94043],[147.82496,-37.94015],[147.82866,-37.93851],[147.83129,-37.93791],[147.83389,-37.93644],[147.84016,-37.93411],[147.84399,-37.93229],[147.84567,-37.93208],[147.85041,-37.92984],[147.85601,-37.92794],[147.86358,-37.92492],[147.86538,-37.92461],[147.86791,-37.92325],[147.87203,-37.92211],[147.87604,-37.92039],[147.88294,-37.91796],[147.88834,-37.91642],[147.89623,-37.9134],[147.90546,-37.9105],[147.908,-37.90924],[147.91451,-37.90741],[147.91645,-37.90634],[147.92213,-37.90473],[147.92672,-37.90297],[147.92983,-37.90229],[147.95746,-37.89315],[147.96136,-37.89234],[147.97025,-37.89133],[147.97383,-37.89006],[147.97901,-37.88966],[147.98272,-37.88755],[147.99392,-37.88381],[148.00439,-37.8809],[148.01206,-37.87847],[148.02423,-37.87487],[148.03288,-37.87285],[148.04129,-37.87107],[148.04408,-37.87087],[148.04853,-37.86971],[148.05184,-37.86755],[148.05999,-37.86676],[148.06233,-37.86749],[148.07364,-37.86449],[148.07941,-37.86214],[148.08486,-37.86065],[148.08652,-37.85978],[148.12612,-37.84679],[148.14423,-37.8412],[148.15286,-37.83882],[148.1552,-37.83798],[148.17018,-37.83404],[148.17573,-37.83247],[148.18444,-37.83061],[148.19249,-37.8286],[148.19776,-37.82756],[148.2041,-37.82603],[148.20832,-37.82529],[148.21193,-37.8243],[148.22993,-37.82061],[148.24528,-37.81773],[148.24693,-37.81755],[148.26253,-37.81484],[148.27155,-37.81371],[148.28073,-37.81226],[148.29021,-37.81107],[148.30462,-37.80973],[148.31026,-37.80931],[148.3259,-37.80746],[148.33643,-37.80659],[148.34496,-37.80561],[148.36211,-37.80445],[148.36692,-37.80398],[148.37893,-37.80369],[148.38989,-37.80319],[148.39837,-37.80308],[148.40214,-37.80282],[148.41235,-37.80282],[148.42343,-37.80238],[148.43263,-37.80235],[148.43532,-37.80206],[148.44213,-37.80201],[148.45156,-37.8016],[148.45453,-37.80172],[148.45992,-37.8014],[148.46441,-37.80142],[148.47468,-37.80189],[148.48022,-37.80161],[148.49638,-37.80205],[148.50806,-37.80125],[148.51425,-37.80112],[148.51578,-37.8013],[148.52229,-37.80092],[148.53082,-37.80112],[148.5334,-37.80137],[148.5382,-37.80235],[148.54694,-37.80226],[148.54931,-37.80205],[148.55665,-37.80246],[148.56307,-37.80194],[148.56874,-37.80234],[148.57446,-37.80199],[148.58109,-37.80184],[148.58529,-37.80203],[148.59058,-37.80195],[148.59678,-37.8023],[148.59957,-37.80219],[148.60821,-37.80264],[148.61449,-37.80383],[148.62037,-37.80556],[148.62412,-37.80619],[148.62747,-37.80798],[148.63177,-37.8067],[148.6359,-37.80612],[148.64081,-37.80494],[148.64609,-37.80412],[148.66192,-37.80262],[148.67378,-37.80189],[148.68254,-37.80152],[148.6913,-37.80142],[148.6971,-37.80154],[148.70377,-37.8019],[148.71068,-37.80287],[148.7175,-37.80463],[148.72532,-37.80818],[148.72683,-37.81234],[148.72568,-37.81346],[148.72696,-37.81496],[148.72914,-37.81497],[148.73164,-37.81016],[148.73529,-37.80724],[148.73606,-37.80756],[148.73955,-37.8065],[148.74238,-37.80685],[148.74356,-37.80544],[148.74171,-37.80361],[148.74182,-37.80189],[148.74267,-37.80054],[148.7455,-37.79856],[148.75082,-37.7965],[148.75475,-37.7959],[148.76351,-37.7934],[148.76842,-37.79231],[148.78081,-37.79045],[148.78718,-37.78965],[148.78913,-37.78902],[148.80102,-37.78724],[148.81112,-37.7862],[148.81831,-37.78584],[148.82216,-37.78533],[148.83042,-37.78517],[148.83228,-37.78494],[148.84151,-37.78458],[148.85135,-37.78463],[148.86423,-37.78526],[148.87054,-37.78611],[148.87678,-37.78759],[148.87924,-37.78856],[148.88096,-37.78986],[148.8841,-37.78994],[148.8861,-37.78826],[148.88855,-37.78716],[148.89321,-37.78677],[148.89885,-37.78494],[148.90563,-37.78364],[148.91612,-37.78242],[148.92071,-37.78212],[148.92607,-37.78144],[148.92842,-37.78151],[148.9358,-37.78099],[148.9422,-37.78079],[148.95926,-37.78074],[148.96678,-37.78057],[148.97389,-37.78078],[148.98527,-37.78077],[148.98887,-37.78055],[148.99585,-37.78061],[149.00598,-37.78037],[149.01685,-37.78096],[149.02382,-37.7803],[149.03012,-37.78024],[149.03578,-37.77986],[149.04597,-37.77991],[149.0578,-37.77915],[149.05942,-37.77932],[149.07048,-37.77886],[149.09517,-37.77831],[149.10864,-37.7777],[149.11109,-37.77791],[149.11595,-37.77752],[149.12388,-37.77729],[149.12813,-37.77761],[149.13202,-37.7774],[149.1449,-37.77808],[149.14835,-37.77813],[149.15986,-37.77784],[149.16656,-37.77814],[149.16825,-37.77843],[149.1703,-37.77794],[149.17814,-37.77852],[149.18438,-37.7796],[149.18645,-37.7788],[149.19272,-37.77966],[149.19459,-37.77956],[149.19698,-37.77816],[149.20318,-37.7777],[149.21264,-37.7775],[149.21732,-37.77769],[149.23526,-37.77916],[149.2368,-37.77904],[149.24171,-37.7797],[149.24832,-37.78086],[149.2518,-37.78182],[149.25939,-37.78512],[149.26476,-37.78831],[149.26726,-37.79067],[149.26869,-37.79273],[149.26688,-37.79503],[149.26665,-37.79622],[149.26517,-37.79796],[149.26661,-37.79906],[149.27,-37.79974],[149.26944,-37.8017],[149.27228,-37.80301],[149.27406,-37.80275],[149.27561,-37.80383],[149.27736,-37.80158],[149.27792,-37.79914],[149.27928,-37.7973],[149.28112,-37.79692],[149.28225,-37.79876],[149.28416,-37.79931],[149.28531,-37.79625],[149.28385,-37.79514],[149.28486,-37.79313],[149.28648,-37.79263],[149.28672,-37.79054],[149.29039,-37.78831],[149.29536,-37.7863],[149.30229,-37.78442],[149.31041,-37.78256],[149.31328,-37.7826],[149.32003,-37.782],[149.32327,-37.78024],[149.3291,-37.77893],[149.33859,-37.77722],[149.35118,-37.77569],[149.35547,-37.77541],[149.36652,-37.77505],[149.37168,-37.77538],[149.37579,-37.77608],[149.37663,-37.77683],[149.37954,-37.77746],[149.38263,-37.77715],[149.38584,-37.77794],[149.38786,-37.77728],[149.389,-37.77619],[149.39593,-37.77539],[149.40339,-37.77537],[149.40587,-37.77376],[149.41082,-37.77321],[149.41921,-37.77362],[149.42196,-37.7745],[149.42193,-37.77653],[149.42542,-37.77667],[149.42759,-37.77747],[149.4312,-37.77729],[149.4336,-37.77653],[149.43949,-37.77203],[149.44519,-37.77125],[149.45001,-37.771],[149.45113,-37.77125],[149.45336,-37.76989],[149.45634,-37.76961],[149.46525,-37.76931],[149.47034,-37.76968],[149.47388,-37.77054],[149.47502,-37.77154],[149.47771,-37.772],[149.47863,-37.77278],[149.48109,-37.77325],[149.48444,-37.77555],[149.48611,-37.77459],[149.48855,-37.77446],[149.48937,-37.77299],[149.49187,-37.77248],[149.49187,-37.77143],[149.4934,-37.76864],[149.49462,-37.76883],[149.49546,-37.76654],[149.49661,-37.76561],[149.49581,-37.76445],[149.49728,-37.75785],[149.49661,-37.75618],[149.49672,-37.7537],[149.49875,-37.75182],[149.50254,-37.7501],[149.50334,-37.74933],[149.50827,-37.74843],[149.50991,-37.74839],[149.51202,-37.74749],[149.51649,-37.74911],[149.51763,-37.74742],[149.51742,-37.74642],[149.51964,-37.74463],[149.51711,-37.74395],[149.51981,-37.74216],[149.52095,-37.73999],[149.52565,-37.73728],[149.53157,-37.73483],[149.53744,-37.73312],[149.54139,-37.73427],[149.54182,-37.73267],[149.54489,-37.72975],[149.54661,-37.72916],[149.55165,-37.72817],[149.55805,-37.72646],[149.56094,-37.72644],[149.56262,-37.72531],[149.57074,-37.72398],[149.57948,-37.72284],[149.58533,-37.72244],[149.58864,-37.72262],[149.59207,-37.7242],[149.59455,-37.72642],[149.59621,-37.72559],[149.59828,-37.72259],[149.5977,-37.72177],[149.60026,-37.71677],[149.60061,-37.71253],[149.60547,-37.70888],[149.60545,-37.70783],[149.60682,-37.70648],[149.60852,-37.70595],[149.61246,-37.70317],[149.61892,-37.69965],[149.62844,-37.69729],[149.63319,-37.6954],[149.63613,-37.69524],[149.63759,-37.69401],[149.64182,-37.6928],[149.64324,-37.69198],[149.65115,-37.69015],[149.65626,-37.68986],[149.65828,-37.68904],[149.66252,-37.68872],[149.66472,-37.68812],[149.67167,-37.6872],[149.6747,-37.686],[149.6762,-37.68423],[149.67683,-37.68185],[149.67756,-37.6817],[149.67897,-37.67635],[149.67796,-37.67378],[149.67902,-37.67198],[149.68086,-37.67177],[149.68165,-37.67074],[149.68151,-37.66856],[149.68288,-37.66756],[149.6819,-37.66527],[149.68243,-37.66413],[149.68443,-37.66271],[149.68724,-37.66193],[149.688,-37.65995],[149.68949,-37.65961],[149.68866,-37.65783],[149.69003,-37.65766],[149.69057,-37.65624],[149.69394,-37.65479],[149.69458,-37.65264],[149.69749,-37.65122],[149.69918,-37.64784],[149.70224,-37.64673],[149.70232,-37.64526],[149.70556,-37.64329],[149.70652,-37.64351],[149.70755,-37.64041],[149.71035,-37.63657],[149.71109,-37.6317],[149.71268,-37.62989],[149.7153,-37.62609],[149.71659,-37.62291],[149.71648,-37.62209],[149.7192,-37.61913],[149.71724,-37.61723],[149.71834,-37.61531],[149.71773,-37.6143],[149.72065,-37.60908],[149.72243,-37.60733],[149.72406,-37.60475],[149.72803,-37.60078],[149.72989,-37.59936],[149.73185,-37.59889],[149.73137,-37.59593],[149.73308,-37.59343],[149.73461,-37.59223],[149.73559,-37.58935],[149.73999,-37.58452],[149.74313,-37.58203],[149.74544,-37.58123],[149.75114,-37.57767],[149.75895,-37.57529],[149.76547,-37.57347],[149.76365,-37.57177],[149.76167,-37.56819],[149.7616,-37.56596],[149.76349,-37.56558],[149.76683,-37.56306],[149.77571,-37.55753],[149.78127,-37.55492],[149.78946,-37.55178],[149.79665,-37.54947],[149.80762,-37.5467],[149.82049,-37.54475],[149.82747,-37.54421],[149.83141,-37.54418],[149.84452,-37.54572],[149.85537,-37.54248],[149.86328,-37.54111],[149.86704,-37.54088],[149.87055,-37.54032],[149.87659,-37.54014],[149.88679,-37.54049],[149.88942,-37.54074],[149.89695,-37.54207],[149.89897,-37.54268],[149.90553,-37.54293],[149.90696,-37.54263],[149.90732,-37.54131],[149.91084,-37.53775],[149.91285,-37.5353],[149.91586,-37.53235],[149.92018,-37.52925],[149.92511,-37.52611],[149.9361,-37.52122],[149.94916,-37.51737],[149.95784,-37.51507],[149.9608,-37.51564],[149.96271,-37.51408],[149.96558,-37.51101],[149.96848,-37.51045],[149.97346,-37.50718],[149.97629,-37.50503],[149.87894,-37.46743],[149.79421,-37.4346],[149.74237,-37.41447],[149.67717,-37.38909],[149.54835,-37.3384],[149.49805,-37.31903],[149.44209,-37.29689],[149.34701,-37.25919],[149.32266,-37.24952],[149.26909,-37.22847],[149.19968,-37.20115],[149.1099,-37.16543],[149.05293,-37.14271],[149.01738,-37.12868],[148.9762,-37.11201],[148.93373,-37.09507],[148.85747,-37.06443],[148.84227,-37.05839],[148.81381,-37.04689],[148.76724,-37.02797],[148.68728,-36.99561],[148.52355,-36.92967],[148.42009,-36.88783],[148.25194,-36.81954],[148.19498,-36.79632],[148.19149,-36.79855],[148.19025,-36.80096],[148.18601,-36.80442],[148.18231,-36.8048],[148.18163,-36.8016],[148.18068,-36.80029],[148.18085,-36.79856],[148.17939,-36.79643],[148.17765,-36.79716],[148.17329,-36.79571],[148.17134,-36.79473],[148.17014,-36.79297],[148.16795,-36.79267],[148.16629,-36.79386],[148.16394,-36.79475],[148.16321,-36.79323],[148.16172,-36.79228],[148.16041,-36.79305],[148.15827,-36.79294],[148.15562,-36.79037],[148.15204,-36.79298],[148.15002,-36.79158],[148.14855,-36.79203],[148.14908,-36.79383],[148.14678,-36.79529],[148.14402,-36.79555],[148.14156,-36.7948],[148.14018,-36.79522],[148.13668,-36.79484],[148.13542,-36.79624],[148.13302,-36.79698],[148.12962,-36.79567],[148.12667,-36.79661],[148.12615,-36.80153],[148.12255,-36.80129],[148.12255,-36.80221],[148.12106,-36.80377],[148.12037,-36.80605],[148.11809,-36.80503],[148.11775,-36.80363],[148.11372,-36.80198],[148.11259,-36.8001],[148.10908,-36.80072],[148.10831,-36.79871],[148.11047,-36.79807],[148.10884,-36.79676],[148.10743,-36.79422],[148.1066,-36.79378],[148.1047,-36.78986],[148.10377,-36.79119],[148.10152,-36.79015],[148.10007,-36.7914],[148.09797,-36.78726],[148.09968,-36.78739],[148.10157,-36.78878],[148.10385,-36.78782],[148.10548,-36.78482],[148.10493,-36.78129],[148.10527,-36.78012],[148.10876,-36.77687],[148.10846,-36.77564],[148.11084,-36.77391],[148.11116,-36.77151],[148.11285,-36.76828],[148.11618,-36.76576],[148.11864,-36.76562],[148.12176,-36.7646],[148.12179,-36.76285],[148.12257,-36.76167],[148.12517,-36.7605],[148.12468,-36.75918],[148.12094,-36.75964],[148.11946,-36.75868],[148.12081,-36.75601],[148.12329,-36.75465],[148.12557,-36.75426],[148.12607,-36.7533],[148.12841,-36.75281],[148.12775,-36.75119],[148.1292,-36.75024],[148.13149,-36.75143],[148.13258,-36.75095],[148.13294,-36.7463],[148.13247,-36.74451],[148.13446,-36.74371],[147.96021,-36.61244],[147.77629,-36.66769],[147.53927,-36.73838],[147.54147,-36.74112],[147.54139,-36.74265],[147.53992,-36.74647],[147.53764,-36.74923],[147.53612,-36.75017],[147.53216,-36.75402],[147.52821,-36.75542],[147.52668,-36.75638],[147.52632,-36.75946],[147.53182,-36.76423],[147.53257,-36.76585],[147.53185,-36.76827],[147.53039,-36.76969],[147.5203,-36.77569],[147.5144,-36.77379],[147.51336,-36.77389],[147.50382,-36.77666],[147.50128,-36.77618],[147.49723,-36.77864],[147.49636,-36.78146],[147.49323,-36.78089],[147.49021,-36.78106],[147.48481,-36.78054],[147.48105,-36.78135],[147.47876,-36.78219],[147.47156,-36.78307],[147.47045,-36.78379],[147.47126,-36.78791],[147.47097,-36.7895],[147.46823,-36.79391],[147.46377,-36.79404],[147.46466,-36.79609],[147.46467,-36.79915],[147.46403,-36.8012],[147.46641,-36.80423],[147.46788,-36.80724],[147.47108,-36.80939],[147.4723,-36.81135],[147.47101,-36.81204],[147.46541,-36.81094],[147.45883,-36.80885],[147.4548,-36.80724],[147.45131,-36.80515],[147.44771,-36.80182],[147.44248,-36.80119],[147.43495,-36.79981],[147.42927,-36.795],[147.42607,-36.79093],[147.42401,-36.78974],[147.42406,-36.7859],[147.42192,-36.78455],[147.4194,-36.78401],[147.4198,-36.783],[147.41675,-36.78283],[147.41299,-36.78331],[147.41319,-36.78223],[147.40801,-36.77921],[147.40621,-36.77733],[147.40605,-36.77629],[147.40736,-36.77358],[147.40744,-36.77191],[147.40842,-36.7704],[147.40802,-36.76913],[147.40885,-36.76795],[147.40747,-36.76531],[147.40291,-36.76346],[147.39975,-36.76149],[147.39652,-36.75989],[147.395,-36.75789],[147.38737,-36.75698],[147.38597,-36.756],[147.3817,-36.75207],[147.37972,-36.74812],[147.3794,-36.74502],[147.3767,-36.7422],[147.37491,-36.74098],[147.37208,-36.73977],[147.37043,-36.73818],[147.36902,-36.7344],[147.36714,-36.73389],[147.35866,-36.73463],[147.35675,-36.73504],[147.35335,-36.73672],[147.34987,-36.73745],[147.34518,-36.739],[147.34099,-36.73893],[147.33433,-36.73783],[147.33148,-36.73803],[147.3281,-36.73883],[147.32632,-36.73877],[147.32416,-36.73769],[147.31857,-36.73553],[147.31218,-36.73179],[147.3107,-36.73168],[147.30588,-36.73235],[147.29989,-36.73289],[147.29658,-36.73393],[147.29045,-36.73779],[147.28889,-36.7403],[147.28944,-36.74606],[147.2891,-36.74994],[147.28832,-36.75223],[147.28897,-36.75336],[147.29093,-36.75438],[147.29252,-36.75665],[147.29165,-36.76295],[147.29067,-36.7651],[147.28743,-36.76805],[147.28576,-36.76846],[147.28112,-36.76728],[147.27984,-36.76764],[147.27789,-36.77179],[147.27641,-36.77308],[147.27031,-36.77593],[147.26851,-36.77746],[147.2684,-36.77919],[147.26957,-36.78355],[147.27346,-36.78762],[147.27588,-36.79355],[147.28023,-36.79584],[147.28107,-36.79878],[147.28234,-36.80074],[147.28768,-36.80504],[147.29084,-36.80685],[147.29393,-36.80995],[147.2945,-36.81192],[147.29402,-36.81542],[147.29256,-36.81877],[147.29227,-36.82255],[147.2906,-36.82363],[147.2861,-36.82556],[147.28622,-36.82633],[147.29208,-36.82674],[147.29547,-36.82755],[147.29964,-36.82962],[147.30187,-36.82997],[147.30389,-36.82911],[147.30698,-36.8269],[147.30957,-36.82664],[147.31526,-36.82281],[147.31774,-36.82281],[147.32121,-36.82508],[147.32384,-36.82808],[147.32539,-36.82899],[147.33391,-36.82906],[147.33672,-36.82989],[147.33844,-36.83272],[147.33941,-36.83706],[147.34133,-36.83888],[147.34112,-36.84551],[147.3428,-36.85005],[147.34431,-36.85198],[147.34475,-36.85357],[147.34288,-36.85727],[147.3431,-36.86013],[147.34544,-36.8634],[147.34543,-36.86678],[147.3449,-36.86862],[147.34293,-36.8711],[147.34059,-36.87274],[147.3367,-36.87474],[147.32961,-36.87696],[147.32624,-36.87903],[147.31915,-36.88431],[147.31042,-36.8891],[147.30247,-36.89514],[147.29279,-36.90227],[147.29035,-36.90435],[147.29039,-36.9074],[147.29313,-36.91218],[147.29395,-36.91447],[147.29396,-36.91685],[147.29203,-36.91989],[147.28828,-36.92327],[147.28346,-36.92602],[147.28114,-36.92644],[147.2781,-36.94013]]]},"properties":{"district":"Gippsland East"}},{"type":"Feature","geometry":{"type":"Polygon","coordinates":[[[145.81796,-38.64469],[145.82125,-38.64381],[145.82258,-38.64426],[145.8247,-38.64393],[145.82048,-38.64839],[145.82042,-38.64989],[145.82189,-38.65192],[145.82346,-38.65266],[145.82287,-38.65473],[145.8255,-38.6613],[145.82794,-38.66489],[145.83309,-38.66962],[145.83371,-38.67106],[145.83603,-38.6741],[145.83648,-38.67549],[145.83681,-38.67961],[145.83614,-38.68018],[145.83628,-38.68346],[145.83973,-38.68518],[145.84098,-38.68686],[145.84385,-38.6885],[145.84389,-38.69069],[145.8454,-38.69193],[145.84516,-38.69572],[145.84423,-38.69687],[145.84067,-38.69449],[145.84079,-38.69606],[145.83703,-38.69566],[145.83437,-38.69142],[145.83307,-38.69067],[145.83009,-38.69027],[145.82277,-38.68856],[145.81836,-38.68609],[145.81477,-38.68504],[145.81404,-38.68386],[145.81218,-38.68341],[145.80773,-38.68338],[145.80786,-38.68156],[145.80681,-38.67937],[145.80508,-38.67789],[145.80337,-38.6781],[145.80179,-38.6752],[145.79942,-38.67346],[145.79817,-38.67016],[145.79953,-38.66839],[145.80234,-38.66646],[145.80395,-38.66446],[145.80396,-38.66285],[145.80203,-38.66096],[145.79999,-38.66049],[145.79869,-38.66109],[145.79653,-38.66021],[145.79128,-38.65999],[145.78887,-38.6591],[145.78383,-38.66002],[145.78055,-38.6598],[145.77393,-38.65684],[145.769,-38.65514],[145.76651,-38.65311],[145.76605,-38.65031],[145.76509,-38.64909],[145.76232,-38.64811],[145.75432,-38.64842],[145.74982,-38.64773],[145.74361,-38.64503],[145.741,-38.64538],[145.73515,-38.64471],[145.73363,-38.64497],[145.7335,-38.64662],[145.73592,-38.64974],[145.73862,-38.6519],[145.74118,-38.65344],[145.74925,-38.6576],[145.75532,-38.66028],[145.76714,-38.66765],[145.77195,-38.67113],[145.77633,-38.67397],[145.78615,-38.68174],[145.79472,-38.689],[145.80305,-38.69716],[145.80519,-38.6999],[145.81077,-38.70533],[145.81398,-38.70893],[145.82351,-38.71892],[145.82686,-38.72279],[145.83393,-38.72975],[145.83667,-38.73386],[145.84275,-38.74065],[145.84721,-38.74641],[145.8509,-38.75152],[145.85303,-38.75374],[145.85892,-38.76211],[145.86181,-38.76587],[145.86431,-38.76963],[145.86906,-38.77582],[145.87003,-38.77647],[145.8731,-38.78249],[145.87468,-38.78609],[145.87606,-38.78787],[145.87583,-38.78875],[145.87972,-38.79565],[145.88141,-38.8],[145.8835,-38.80427],[145.88487,-38.80902],[145.88703,-38.81394],[145.89311,-38.82234],[145.8949,-38.82284],[145.89408,-38.82412],[145.8953,-38.82906],[145.89794,-38.83577],[145.89758,-38.83973],[145.89974,-38.843],[145.89901,-38.84548],[145.89932,-38.84686],[145.9032,-38.84982],[145.90458,-38.85235],[145.90475,-38.85424],[145.90756,-38.85697],[145.90931,-38.86019],[145.91081,-38.86187],[145.91039,-38.86264],[145.9146,-38.87159],[145.91513,-38.87469],[145.91616,-38.87792],[145.91609,-38.88058],[145.91442,-38.88137],[145.91324,-38.88319],[145.91443,-38.88428],[145.91433,-38.88567],[145.91242,-38.88712],[145.91343,-38.8879],[145.9119,-38.88945],[145.91178,-38.89167],[145.91405,-38.89304],[145.91467,-38.8954],[145.91251,-38.89847],[145.91481,-38.89952],[145.91457,-38.90035],[145.91602,-38.90319],[145.91868,-38.90503],[145.91885,-38.9072],[145.92089,-38.90735],[145.92238,-38.90908],[145.92519,-38.90747],[145.92578,-38.90585],[145.92774,-38.90593],[145.93225,-38.90366],[145.93436,-38.90131],[145.93524,-38.8995],[145.93739,-38.89747],[145.94455,-38.897],[145.94686,-38.89587],[145.94955,-38.89735],[145.95138,-38.89653],[145.95746,-38.89717],[145.96128,-38.899],[145.96348,-38.89882],[145.96552,-38.89637],[145.9691,-38.89654],[145.97098,-38.89712],[145.97475,-38.89562],[145.97827,-38.89531],[145.9799,-38.89476],[145.98263,-38.89225],[145.9826,-38.89089],[145.98558,-38.89016],[145.98896,-38.88838],[145.99125,-38.88646],[145.99427,-38.88571],[145.99553,-38.88392],[145.99928,-38.88207],[146.00246,-38.88161],[146.003,-38.87947],[146.00454,-38.87838],[146.00604,-38.87836],[146.00666,-38.87675],[146.00427,-38.8739],[146.00453,-38.87306],[146.00291,-38.87105],[146.00292,-38.86982],[146.00081,-38.86649],[146.00159,-38.86457],[146.00145,-38.86115],[145.99834,-38.86005],[145.99741,-38.85832],[145.99797,-38.85551],[145.99681,-38.85429],[145.99708,-38.8506],[145.99805,-38.84638],[145.99896,-38.84528],[146.00148,-38.83967],[146.00379,-38.83742],[146.00515,-38.83367],[146.00668,-38.83194],[146.00883,-38.82773],[146.00905,-38.82627],[146.01154,-38.82416],[146.01377,-38.82332],[146.0162,-38.82173],[146.02243,-38.81916],[146.02358,-38.81767],[146.02629,-38.81645],[146.0285,-38.816],[146.03197,-38.81388],[146.0357,-38.81251],[146.04026,-38.81162],[146.04599,-38.81104],[146.0524,-38.81098],[146.06269,-38.81173],[146.07151,-38.81321],[146.08539,-38.81636],[146.09321,-38.81894],[146.10384,-38.82265],[146.1088,-38.82465],[146.11656,-38.82879],[146.12367,-38.83177],[146.13041,-38.83588],[146.13293,-38.83712],[146.1409,-38.84248],[146.15318,-38.84992],[146.15809,-38.85356],[146.16439,-38.85758],[146.172,-38.86275],[146.17708,-38.86469],[146.18042,-38.86487],[146.1867,-38.86308],[146.18791,-38.86084],[146.18618,-38.86038],[146.18424,-38.85838],[146.18039,-38.85911],[146.18151,-38.85768],[146.18015,-38.85587],[146.1747,-38.85381],[146.16519,-38.85279],[146.16039,-38.85088],[146.15747,-38.84834],[146.15625,-38.84613],[146.15615,-38.8446],[146.15392,-38.84433],[146.15288,-38.84329],[146.15229,-38.84129],[146.15227,-38.83815],[146.15013,-38.83828],[146.14948,-38.83459],[146.15261,-38.83257],[146.15483,-38.8329],[146.15625,-38.83015],[146.15801,-38.82994],[146.1573,-38.82815],[146.1553,-38.82749],[146.15158,-38.8245],[146.15111,-38.8214],[146.1499,-38.81907],[146.14448,-38.8167],[146.14146,-38.81738],[146.13757,-38.81561],[146.13523,-38.81351],[146.13605,-38.81165],[146.13582,-38.80967],[146.13276,-38.8108],[146.12823,-38.81162],[146.12652,-38.81321],[146.12382,-38.81329],[146.12438,-38.81141],[146.12323,-38.80932],[146.12484,-38.8085],[146.12531,-38.80604],[146.12765,-38.80676],[146.12838,-38.80491],[146.13065,-38.80301],[146.13403,-38.80157],[146.13436,-38.80075],[146.13232,-38.79892],[146.12698,-38.79792],[146.12585,-38.79671],[146.12295,-38.79737],[146.12146,-38.79632],[146.12101,-38.79508],[146.1192,-38.79328],[146.12136,-38.79187],[146.12269,-38.79231],[146.1239,-38.79088],[146.12564,-38.79024],[146.12927,-38.78971],[146.12966,-38.78818],[146.13364,-38.78872],[146.13503,-38.79149],[146.13848,-38.79172],[146.14368,-38.79281],[146.14584,-38.7951],[146.14907,-38.79625],[146.15157,-38.79923],[146.15235,-38.801],[146.15463,-38.80129],[146.15617,-38.79933],[146.15968,-38.79936],[146.1621,-38.80058],[146.16238,-38.80204],[146.16086,-38.80308],[146.16331,-38.80398],[146.16649,-38.80919],[146.16731,-38.81184],[146.16952,-38.81491],[146.16963,-38.8175],[146.17061,-38.82017],[146.17066,-38.82416],[146.16938,-38.83492],[146.17103,-38.83853],[146.17037,-38.84017],[146.17252,-38.84305],[146.17629,-38.84511],[146.18341,-38.84957],[146.18553,-38.84993],[146.18511,-38.8511],[146.18673,-38.85426],[146.18957,-38.85694],[146.19105,-38.85943],[146.1923,-38.863],[146.1916,-38.86543],[146.18995,-38.86787],[146.18837,-38.86937],[146.18761,-38.87094],[146.18991,-38.87599],[146.19307,-38.87917],[146.1975,-38.88151],[146.20454,-38.8881],[146.21252,-38.89617],[146.22169,-38.90495],[146.22734,-38.91131],[146.233,-38.918],[146.23832,-38.92516],[146.243,-38.933],[146.24785,-38.94078],[146.25077,-38.94646],[146.254,-38.95332],[146.2586,-38.95971],[146.26247,-38.96553],[146.26774,-38.97201],[146.2694,-38.97337],[146.26818,-38.97475],[146.26754,-38.97673],[146.2689,-38.97872],[146.27039,-38.97983],[146.27031,-38.98209],[146.26822,-38.98538],[146.2678,-38.98685],[146.26885,-38.98817],[146.26729,-38.99135],[146.26581,-38.99141],[146.26229,-38.99043],[146.25777,-38.99146],[146.25738,-38.99242],[146.2533,-38.99233],[146.25289,-38.99369],[146.24869,-38.99399],[146.24911,-38.99607],[146.2524,-38.9952],[146.2533,-38.99445],[146.25717,-38.99394],[146.25897,-38.99444],[146.2608,-38.99727],[146.263,-38.99879],[146.26461,-38.99759],[146.26451,-38.99585],[146.26638,-38.99511],[146.26825,-38.99601],[146.27074,-38.99575],[146.27421,-38.99623],[146.27634,-38.99804],[146.27715,-39.00074],[146.27965,-39.00188],[146.28016,-39.00392],[146.28218,-39.00675],[146.286,-39.0092],[146.28634,-39.01009],[146.29006,-39.01144],[146.2914,-39.01326],[146.29267,-39.01633],[146.29241,-39.01839],[146.29133,-39.01949],[146.28974,-39.01886],[146.2859,-39.02086],[146.28438,-39.02298],[146.28413,-39.02476],[146.2869,-39.02502],[146.28924,-39.02695],[146.2905,-39.02616],[146.28969,-39.02506],[146.29199,-39.0223],[146.29664,-39.02435],[146.29922,-39.02284],[146.30095,-39.02358],[146.30329,-39.02353],[146.30542,-39.02555],[146.30723,-39.02788],[146.30664,-39.02852],[146.30651,-39.03116],[146.3043,-39.03583],[146.30448,-39.03894],[146.30538,-39.03938],[146.3091,-39.03732],[146.31125,-39.03466],[146.31178,-39.03334],[146.3143,-39.03218],[146.32094,-39.03531],[146.32391,-39.03813],[146.32567,-39.04162],[146.32308,-39.04568],[146.31709,-39.05196],[146.31903,-39.05334],[146.32282,-39.05283],[146.32592,-39.05156],[146.32881,-39.04959],[146.33145,-39.05054],[146.33412,-39.05313],[146.33522,-39.05541],[146.33476,-39.05768],[146.33656,-39.05922],[146.34282,-39.05993],[146.34261,-39.06908],[146.34318,-39.07053],[146.33981,-39.07626],[146.33729,-39.07733],[146.33669,-39.07853],[146.33317,-39.07873],[146.3303,-39.07759],[146.32539,-39.07662],[146.32145,-39.07804],[146.32104,-39.08053],[146.32223,-39.08139],[146.32226,-39.08513],[146.32157,-39.08776],[146.3235,-39.0898],[146.32507,-39.09394],[146.32659,-39.09465],[146.33208,-39.09889],[146.33273,-39.10033],[146.33454,-39.1014],[146.33425,-39.10309],[146.33492,-39.1062],[146.33981,-39.11017],[146.34288,-39.11087],[146.34458,-39.11424],[146.34386,-39.11756],[146.3441,-39.12096],[146.34616,-39.12537],[146.34837,-39.1254],[146.35055,-39.12467],[146.35244,-39.12509],[146.35539,-39.12721],[146.35654,-39.12865],[146.35971,-39.12883],[146.36162,-39.1305],[146.36443,-39.13205],[146.36787,-39.13223],[146.36824,-39.13386],[146.37283,-39.13338],[146.37517,-39.13395],[146.37412,-39.13637],[146.37494,-39.13658],[146.37756,-39.13353],[146.37934,-39.13293],[146.37943,-39.13177],[146.38113,-39.12968],[146.38402,-39.1296],[146.38535,-39.12744],[146.38677,-39.1268],[146.38748,-39.12957],[146.39002,-39.13165],[146.38892,-39.13361],[146.39108,-39.13421],[146.3952,-39.13437],[146.39865,-39.13185],[146.40116,-39.13126],[146.40675,-39.13099],[146.40816,-39.12909],[146.412,-39.12833],[146.41579,-39.12548],[146.42076,-39.12581],[146.42205,-39.1272],[146.42208,-39.12976],[146.42482,-39.13097],[146.42666,-39.1294],[146.42615,-39.12663],[146.42478,-39.12599],[146.42505,-39.12464],[146.42355,-39.12411],[146.42191,-39.1224],[146.42338,-39.11889],[146.42418,-39.11451],[146.42717,-39.11371],[146.4317,-39.11459],[146.42722,-39.11158],[146.42647,-39.11051],[146.4276,-39.10796],[146.43106,-39.10913],[146.43336,-39.10887],[146.4353,-39.10644],[146.4363,-39.10286],[146.43559,-39.10131],[146.43703,-39.09477],[146.43803,-39.09302],[146.44056,-39.09177],[146.4416,-39.08954],[146.43961,-39.08752],[146.43859,-39.0874],[146.43791,-39.08947],[146.43673,-39.09005],[146.43463,-39.08936],[146.43294,-39.08805],[146.42701,-39.08491],[146.42505,-39.08319],[146.42525,-39.07795],[146.4262,-39.07429],[146.42763,-39.07114],[146.42912,-39.06999],[146.42918,-39.06877],[146.43113,-39.06559],[146.43765,-39.06381],[146.44035,-39.06447],[146.4444,-39.06357],[146.44443,-39.06136],[146.44805,-39.05659],[146.45147,-39.05498],[146.45492,-39.05418],[146.45633,-39.05468],[146.45932,-39.05816],[146.46082,-39.0582],[146.46136,-39.05951],[146.4631,-39.0611],[146.46509,-39.06194],[146.46615,-39.06161],[146.46908,-39.06386],[146.47137,-39.06356],[146.47296,-39.06496],[146.47431,-39.06519],[146.47629,-39.06354],[146.47826,-39.06627],[146.48011,-39.06675],[146.48094,-39.06524],[146.48078,-39.063],[146.48151,-39.06167],[146.48335,-39.06041],[146.48194,-39.05749],[146.48024,-39.05731],[146.47872,-39.05276],[146.47499,-39.05536],[146.47436,-39.05453],[146.47446,-39.05217],[146.47728,-39.04895],[146.47754,-39.04468],[146.47588,-39.04367],[146.47356,-39.0464],[146.47219,-39.04574],[146.47074,-39.04369],[146.47104,-39.04233],[146.46969,-39.04048],[146.46797,-39.03951],[146.46559,-39.04232],[146.4639,-39.04197],[146.46313,-39.04003],[146.46087,-39.03747],[146.46063,-39.03631],[146.46186,-39.03499],[146.46354,-39.03498],[146.4651,-39.03624],[146.46853,-39.03636],[146.47025,-39.03592],[146.47086,-39.03419],[146.46639,-39.03141],[146.46454,-39.02976],[146.46969,-39.02658],[146.4707,-39.02683],[146.4729,-39.02883],[146.47535,-39.0277],[146.47592,-39.02655],[146.47421,-39.02546],[146.47279,-39.02684],[146.46891,-39.02307],[146.46633,-39.02226],[146.4643,-39.0222],[146.46066,-39.0198],[146.45179,-39.01978],[146.44924,-39.01917],[146.44697,-39.01795],[146.44497,-39.0178],[146.44399,-39.01904],[146.44288,-39.02215],[146.4359,-39.0203],[146.43287,-39.01682],[146.43219,-39.0144],[146.43173,-39.0102],[146.433,-39.0083],[146.43648,-39.00753],[146.43989,-39.00756],[146.44384,-39.00624],[146.44554,-39.00411],[146.44618,-38.99804],[146.44445,-38.99445],[146.44303,-38.99255],[146.44319,-38.99109],[146.44157,-38.98985],[146.4406,-38.98784],[146.4363,-38.98136],[146.43654,-38.97935],[146.44224,-38.9655],[146.44798,-38.9537],[146.45589,-38.9399],[146.46238,-38.93049],[146.4741,-38.91636],[146.47591,-38.91705],[146.47927,-38.91578],[146.47928,-38.91363],[146.48125,-38.91237],[146.4839,-38.91159],[146.48666,-38.91269],[146.48916,-38.91074],[146.48902,-38.90993],[146.4858,-38.90845],[146.48721,-38.9066],[146.48611,-38.90399],[146.48673,-38.90077],[146.48698,-38.89704],[146.48645,-38.89637],[146.48717,-38.89444],[146.4864,-38.89292],[146.48443,-38.89198],[146.48246,-38.89277],[146.48121,-38.89117],[146.48153,-38.88583],[146.48397,-38.88446],[146.48386,-38.88247],[146.48248,-38.88172],[146.47859,-38.88244],[146.47664,-38.88152],[146.47447,-38.8815],[146.47314,-38.88085],[146.47272,-38.87817],[146.47031,-38.87808],[146.4691,-38.87676],[146.46802,-38.87366],[146.46776,-38.86861],[146.46885,-38.86081],[146.46975,-38.85793],[146.47142,-38.8543],[146.47498,-38.84363],[146.47588,-38.84259],[146.47439,-38.84101],[146.47304,-38.83778],[146.47156,-38.83681],[146.47083,-38.83492],[146.47065,-38.83125],[146.47256,-38.8257],[146.47334,-38.82264],[146.47244,-38.82171],[146.47276,-38.81824],[146.47468,-38.81122],[146.47727,-38.80468],[146.47869,-38.80006],[146.47923,-38.79569],[146.47905,-38.79306],[146.47765,-38.79011],[146.47578,-38.78873],[146.47296,-38.78944],[146.46963,-38.7852],[146.46889,-38.78237],[146.46728,-38.78104],[146.46488,-38.7808],[146.4605,-38.78228],[146.45813,-38.78109],[146.45709,-38.78163],[146.45449,-38.78148],[146.45204,-38.78041],[146.45003,-38.78105],[146.44802,-38.78038],[146.44747,-38.77924],[146.44369,-38.77809],[146.44125,-38.78017],[146.43833,-38.77891],[146.43621,-38.78104],[146.4361,-38.78252],[146.43734,-38.78325],[146.43757,-38.78611],[146.43743,-38.78999],[146.43582,-38.79069],[146.437,-38.79256],[146.43531,-38.79608],[146.42909,-38.7978],[146.42744,-38.79858],[146.42772,-38.80105],[146.42669,-38.8022],[146.42528,-38.80225],[146.4207,-38.80407],[146.42274,-38.80594],[146.42309,-38.81005],[146.42075,-38.81076],[146.42,-38.81242],[146.42032,-38.81506],[146.41975,-38.81853],[146.42182,-38.81946],[146.42157,-38.82329],[146.42218,-38.82366],[146.42141,-38.82724],[146.42114,-38.83378],[146.42014,-38.83892],[146.41903,-38.84235],[146.41852,-38.84546],[146.41735,-38.84833],[146.41563,-38.85128],[146.41287,-38.85338],[146.4111,-38.85234],[146.40989,-38.85073],[146.40508,-38.8507],[146.3997,-38.85146],[146.39647,-38.85231],[146.3961,-38.85113],[146.39272,-38.85083],[146.38974,-38.85368],[146.38731,-38.85656],[146.38368,-38.85896],[146.37894,-38.86049],[146.37138,-38.86045],[146.36878,-38.86003],[146.36519,-38.86308],[146.36419,-38.86476],[146.36181,-38.86628],[146.3585,-38.86698],[146.35506,-38.86728],[146.35276,-38.86806],[146.34944,-38.87103],[146.34685,-38.87268],[146.34679,-38.8753],[146.34487,-38.8766],[146.33986,-38.87878],[146.33669,-38.87982],[146.33554,-38.88158],[146.33572,-38.88548],[146.33261,-38.88724],[146.33223,-38.89018],[146.33102,-38.89156],[146.3308,-38.89406],[146.32817,-38.89723],[146.3261,-38.90111],[146.32325,-38.90346],[146.31739,-38.90472],[146.31466,-38.90571],[146.31209,-38.90572],[146.30945,-38.90519],[146.30786,-38.90614],[146.30536,-38.90607],[146.30241,-38.90661],[146.29835,-38.90614],[146.29625,-38.90502],[146.29415,-38.90479],[146.29111,-38.90356],[146.28938,-38.90107],[146.28927,-38.89962],[146.2871,-38.89444],[146.28751,-38.88728],[146.28822,-38.88422],[146.28988,-38.88206],[146.29198,-38.8803],[146.29322,-38.87849],[146.29255,-38.87633],[146.28902,-38.87196],[146.28717,-38.87013],[146.28661,-38.86635],[146.2851,-38.86552],[146.28124,-38.86458],[146.27575,-38.86195],[146.27324,-38.86151],[146.27152,-38.86053],[146.27068,-38.8578],[146.26991,-38.85715],[146.26991,-38.85461],[146.269,-38.85263],[146.26841,-38.84909],[146.26908,-38.84785],[146.26799,-38.84464],[146.26821,-38.84298],[146.26684,-38.83759],[146.26601,-38.83694],[146.2664,-38.83458],[146.26538,-38.83285],[146.26566,-38.83114],[146.26484,-38.82977],[146.26402,-38.82358],[146.2643,-38.82156],[146.26769,-38.81968],[146.26894,-38.81725],[146.2679,-38.81429],[146.26923,-38.8081],[146.2713,-38.80566],[146.26642,-38.80535],[146.26318,-38.80571],[146.25973,-38.80681],[146.25515,-38.80781],[146.25256,-38.80931],[146.24919,-38.81014],[146.24509,-38.81035],[146.24245,-38.81096],[146.23935,-38.81107],[146.23426,-38.80969],[146.23247,-38.80866],[146.23023,-38.80413],[146.22776,-38.8009],[146.22641,-38.79553],[146.22511,-38.78589],[146.22287,-38.77803],[146.22142,-38.77775],[146.21959,-38.77628],[146.21815,-38.77145],[146.21326,-38.77052],[146.20952,-38.76832],[146.2066,-38.76766],[146.2036,-38.76535],[146.20056,-38.75927],[146.20108,-38.75667],[146.19927,-38.75593],[146.19702,-38.75399],[146.19636,-38.7513],[146.19484,-38.74815],[146.19213,-38.74437],[146.18623,-38.74312],[146.18747,-38.74011],[146.18873,-38.73283],[146.18946,-38.73165],[146.19398,-38.72895],[146.19298,-38.72629],[146.19402,-38.72441],[146.19572,-38.7239],[146.19722,-38.71948],[146.20017,-38.7165],[146.20231,-38.71833],[146.20376,-38.71827],[146.20494,-38.72028],[146.2075,-38.72045],[146.20976,-38.71741],[146.21056,-38.71543],[146.20954,-38.71454],[146.20694,-38.71536],[146.20448,-38.7155],[146.20323,-38.71351],[146.2073,-38.71235],[146.21013,-38.71091],[146.21192,-38.71096],[146.21617,-38.7099],[146.21831,-38.70994],[146.22114,-38.70694],[146.22622,-38.7056],[146.22557,-38.70426],[146.22855,-38.7021],[146.229,-38.69934],[146.22835,-38.69743],[146.22351,-38.69861],[146.22068,-38.69783],[146.2157,-38.69774],[146.21613,-38.69531],[146.2178,-38.69397],[146.22016,-38.69551],[146.22259,-38.69599],[146.22498,-38.69567],[146.22789,-38.69432],[146.23055,-38.6947],[146.23048,-38.69206],[146.22845,-38.6905],[146.22945,-38.68943],[146.23184,-38.68964],[146.23316,-38.68847],[146.23508,-38.68813],[146.23747,-38.68924],[146.23937,-38.68846],[146.24019,-38.68471],[146.2451,-38.68402],[146.24295,-38.68806],[146.2434,-38.68953],[146.2459,-38.69078],[146.24347,-38.69235],[146.24396,-38.69566],[146.24501,-38.69626],[146.24782,-38.69639],[146.25238,-38.69782],[146.25449,-38.69686],[146.25538,-38.69533],[146.2559,-38.69291],[146.26093,-38.69085],[146.26672,-38.69094],[146.26691,-38.69004],[146.26947,-38.68996],[146.27822,-38.69131],[146.28096,-38.6922],[146.28258,-38.69092],[146.28434,-38.69491],[146.28672,-38.69439],[146.28996,-38.69625],[146.29187,-38.69658],[146.29703,-38.69384],[146.30378,-38.69241],[146.30905,-38.69245],[146.3133,-38.69116],[146.31725,-38.68938],[146.31844,-38.68977],[146.32176,-38.68892],[146.32245,-38.68955],[146.32753,-38.68975],[146.32902,-38.68922],[146.3308,-38.69091],[146.33186,-38.69077],[146.33559,-38.69163],[146.33822,-38.69182],[146.33992,-38.6914],[146.33451,-38.68814],[146.33128,-38.68656],[146.33398,-38.68529],[146.33324,-38.68122],[146.33494,-38.68092],[146.34166,-38.68204],[146.343,-38.68158],[146.34235,-38.68022],[146.34066,-38.67984],[146.33857,-38.6783],[146.33708,-38.67454],[146.33945,-38.67377],[146.34307,-38.67655],[146.34498,-38.67697],[146.34987,-38.67279],[146.35167,-38.67272],[146.35312,-38.67441],[146.35503,-38.67494],[146.35777,-38.67654],[146.36509,-38.6826],[146.36807,-38.68465],[146.37167,-38.68651],[146.37517,-38.68582],[146.37682,-38.68377],[146.3802,-38.68513],[146.3809,-38.68634],[146.37864,-38.68771],[146.3777,-38.68898],[146.37875,-38.69094],[146.3793,-38.69356],[146.37815,-38.69924],[146.3783,-38.70131],[146.38035,-38.70396],[146.3828,-38.70601],[146.38373,-38.71327],[146.38606,-38.71633],[146.39093,-38.71912],[146.39482,-38.7203],[146.39629,-38.71988],[146.40305,-38.72099],[146.40677,-38.72091],[146.41147,-38.72005],[146.42624,-38.72134],[146.42404,-38.72623],[146.42392,-38.73033],[146.42482,-38.73484],[146.42664,-38.73921],[146.43283,-38.74672],[146.43459,-38.74818],[146.43864,-38.75454],[146.43964,-38.75567],[146.44275,-38.7576],[146.44779,-38.75994],[146.46057,-38.7676],[146.46805,-38.77219],[146.48264,-38.77785],[146.49451,-38.77476],[146.50217,-38.77838],[146.51662,-38.78021],[146.52241,-38.7821],[146.52961,-38.78503],[146.53934,-38.78977],[146.54251,-38.79085],[146.54542,-38.79131],[146.54999,-38.79095],[146.55685,-38.78884],[146.56308,-38.78585],[146.56598,-38.78394],[146.57632,-38.77478],[146.5913,-38.7642],[146.60491,-38.75575],[146.61665,-38.75614],[146.6257,-38.75944],[146.63573,-38.75829],[146.64711,-38.7563],[146.65709,-38.75514],[146.65914,-38.75395],[146.66119,-38.75202],[146.66591,-38.74967],[146.67229,-38.74508],[146.67619,-38.74196],[146.68099,-38.73724],[146.68337,-38.73407],[146.68985,-38.72644],[146.69813,-38.71785],[146.7063,-38.7123],[146.71254,-38.7075],[146.72036,-38.70277],[146.7227,-38.70117],[146.72615,-38.69953],[146.73316,-38.69718],[146.73802,-38.69618],[146.74305,-38.69586],[146.74998,-38.69503],[146.75942,-38.69114],[146.76527,-38.68829],[146.77426,-38.68443],[146.78006,-38.68243],[146.78595,-38.68086],[146.79408,-38.68047],[146.79862,-38.68061],[146.80485,-38.68121],[146.81065,-38.68138],[146.8225,-38.68412],[146.82618,-38.68474],[146.83385,-38.6788],[146.83641,-38.67543],[146.84044,-38.67164],[146.84865,-38.66439],[146.85062,-38.66242],[146.85588,-38.6582],[146.85786,-38.65696],[146.86174,-38.65321],[146.86355,-38.65099],[146.8674,-38.64723],[146.87207,-38.64373],[146.87512,-38.64197],[146.88101,-38.63761],[146.88334,-38.63512],[146.89037,-38.62935],[146.89884,-38.62325],[146.9112,-38.61364],[146.91916,-38.60657],[146.92516,-38.60142],[146.93069,-38.59712],[146.93508,-38.59327],[146.94185,-38.58673],[146.94902,-38.58008],[146.95381,-38.57499],[146.96278,-38.56659],[146.96391,-38.56525],[146.97005,-38.55957],[146.97288,-38.55668],[146.97978,-38.55051],[146.98557,-38.54556],[146.99336,-38.5383],[146.99828,-38.53393],[147.00046,-38.53273],[147.00796,-38.52652],[147.01187,-38.52215],[147.01751,-38.51649],[147.02474,-38.51067],[147.02651,-38.50896],[147.03828,-38.49973],[147.04164,-38.49667],[147.04952,-38.48996],[147.05183,-38.48828],[147.05722,-38.48351],[147.05901,-38.48227],[147.06329,-38.47836],[147.07262,-38.47116],[147.07572,-38.46851],[147.07763,-38.4673],[147.08797,-38.45866],[147.09006,-38.45735],[147.09579,-38.45248],[147.1047,-38.44572],[147.10656,-38.44462],[147.11179,-38.44028],[147.11551,-38.43779],[147.11765,-38.43601],[147.12302,-38.43253],[147.13417,-38.42335],[147.13675,-38.4216],[147.14297,-38.41644],[147.1458,-38.41359],[147.15274,-38.40836],[147.1565,-38.4049],[147.16003,-38.40224],[147.16408,-38.39851],[147.16645,-38.39697],[147.18194,-38.3845],[147.18427,-38.38326],[147.19289,-38.37619],[147.20086,-38.37031],[147.20648,-38.36519],[147.21231,-38.36181],[147.21645,-38.35884],[147.21853,-38.35699],[147.22624,-38.35131],[147.23111,-38.34745],[147.23165,-38.3467],[147.23995,-38.34048],[147.24728,-38.33448],[147.25106,-38.33114],[147.25363,-38.32953],[147.25943,-38.32466],[147.26281,-38.32224],[147.2719,-38.31451],[147.27556,-38.312],[147.28623,-38.30364],[147.29683,-38.29487],[147.30091,-38.29201],[147.30265,-38.29021],[147.3063,-38.28737],[147.30853,-38.28605],[147.31654,-38.27919],[147.32067,-38.27628],[147.3227,-38.27437],[147.32811,-38.27044],[147.33253,-38.26677],[147.33343,-38.26571],[147.33902,-38.26192],[147.34617,-38.25635],[147.35299,-38.25055],[147.35785,-38.2471],[147.36068,-38.24432],[147.36567,-38.24064],[147.36708,-38.23908],[147.37502,-38.23313],[147.38416,-38.22578],[147.39637,-38.2164],[147.40055,-38.21288],[147.40365,-38.2109],[147.40758,-38.20736],[147.41174,-38.20416],[147.41437,-38.20245],[147.42991,-38.18944],[147.43736,-38.18302],[147.43988,-38.18125],[147.4418,-38.17934],[147.44563,-38.17621],[147.44723,-38.17527],[147.45113,-38.17182],[147.4536,-38.17003],[147.46041,-38.1641],[147.47215,-38.15558],[147.47636,-38.15174],[147.47819,-38.15076],[147.48435,-38.1459],[147.48615,-38.14474],[147.49551,-38.13772],[147.49909,-38.13524],[147.50271,-38.13227],[147.51361,-38.12468],[147.52017,-38.11986],[147.52749,-38.11487],[147.52931,-38.11327],[147.5332,-38.11085],[147.54259,-38.10385],[147.54408,-38.1031],[147.55224,-38.09781],[147.55317,-38.09703],[147.56284,-38.09048],[147.56417,-38.08933],[147.5752,-38.08196],[147.58353,-38.07552],[147.58628,-38.07416],[147.59256,-38.06972],[147.5962,-38.06752],[147.61234,-38.05675],[147.61885,-38.05217],[147.62336,-38.04948],[147.62673,-38.04691],[147.63321,-38.04292],[147.63936,-38.03892],[147.64251,-38.03653],[147.64612,-38.03456],[147.64909,-38.0324],[147.65115,-38.03154],[147.65392,-38.02948],[147.65691,-38.02795],[147.66151,-38.02514],[147.67752,-38.01484],[147.67959,-38.01391],[147.68536,-38.01055],[147.69157,-38.00657],[147.70577,-37.99835],[147.70576,-37.99654],[147.70304,-37.99602],[147.70004,-37.99485],[147.6976,-37.99296],[147.69721,-37.99049],[147.6998,-37.98629],[147.70016,-37.98457],[147.69946,-37.98331],[147.6994,-37.98128],[147.70684,-37.97753],[147.71258,-37.97564],[147.71652,-37.97472],[147.71885,-37.97342],[147.72101,-37.97165],[147.72191,-37.97169],[147.72271,-37.96908],[147.72013,-37.96284],[147.71243,-37.95427],[147.71027,-37.95495],[147.70972,-37.9558],[147.70415,-37.95952],[147.70092,-37.96023],[147.69921,-37.96152],[147.69489,-37.96384],[147.69181,-37.96597],[147.68683,-37.96665],[147.6841,-37.96607],[147.68215,-37.96931],[147.67482,-37.97143],[147.67268,-37.97265],[147.66983,-37.97344],[147.666,-37.97544],[147.66335,-37.97548],[147.66098,-37.97638],[147.65888,-37.97873],[147.65698,-37.97968],[147.6521,-37.98302],[147.65195,-37.98494],[147.65243,-37.98783],[147.65212,-37.98899],[147.65218,-37.99346],[147.65045,-37.99573],[147.64699,-37.9971],[147.64396,-37.99921],[147.638,-38.00104],[147.6362,-38.00207],[147.63363,-38.00479],[147.63063,-38.00726],[147.62919,-38.00771],[147.62416,-38.01114],[147.62191,-38.01217],[147.62017,-38.01219],[147.61599,-38.01028],[147.61408,-38.01097],[147.61186,-38.01278],[147.61122,-38.01632],[147.61181,-38.01989],[147.61177,-38.02455],[147.6109,-38.0255],[147.60535,-38.02756],[147.60239,-38.03044],[147.59579,-38.03418],[147.5915,-38.03529],[147.58859,-38.03698],[147.58594,-38.04075],[147.58285,-38.04354],[147.58216,-38.04462],[147.57637,-38.04984],[147.57066,-38.05363],[147.5668,-38.05478],[147.56359,-38.0535],[147.56216,-38.05339],[147.5574,-38.05428],[147.55557,-38.0542],[147.55309,-38.053],[147.55116,-38.05307],[147.54756,-38.05454],[147.54357,-38.05694],[147.54214,-38.05722],[147.5321,-38.05778],[147.52777,-38.05477],[147.52564,-38.05277],[147.52217,-38.054],[147.51733,-38.05695],[147.51447,-38.0572],[147.50828,-38.0622],[147.50752,-38.06418],[147.50415,-38.06914],[147.50218,-38.07163],[147.50033,-38.07303],[147.49674,-38.07199],[147.4945,-38.07268],[147.49029,-38.07281],[147.48863,-38.07161],[147.48777,-38.0697],[147.48641,-38.06854],[147.48445,-38.0688],[147.48085,-38.07123],[147.47748,-38.07259],[147.47325,-38.07313],[147.46933,-38.07233],[147.46606,-38.0736],[147.4647,-38.07479],[147.46207,-38.07545],[147.45889,-38.07792],[147.45467,-38.07867],[147.45123,-38.07739],[147.44884,-38.07425],[147.44938,-38.07368],[147.45335,-38.07234],[147.45933,-38.07218],[147.46095,-38.07158],[147.46076,-38.06889],[147.45788,-38.06667],[147.45721,-38.06422],[147.45811,-38.06297],[147.45535,-38.0626],[147.45314,-38.06411],[147.44944,-38.06798],[147.44601,-38.07057],[147.44448,-38.07232],[147.44356,-38.0748],[147.44352,-38.07764],[147.44546,-38.08525],[147.44657,-38.09117],[147.44588,-38.09539],[147.4435,-38.09941],[147.43918,-38.10358],[147.43161,-38.10887],[147.42794,-38.10847],[147.42568,-38.10699],[147.42245,-38.10417],[147.42094,-38.10216],[147.4178,-38.09947],[147.41637,-38.09637],[147.4171,-38.09581],[147.42052,-38.08668],[147.42064,-38.08142],[147.42009,-38.07779],[147.41742,-38.06791],[147.41676,-38.06682],[147.41498,-38.06027],[147.41284,-38.05687],[147.40713,-38.04983],[147.40449,-38.04892],[147.40175,-38.04733],[147.39975,-38.04558],[147.39726,-38.04439],[147.39352,-38.04389],[147.39232,-38.04456],[147.39219,-38.04642],[147.38906,-38.04725],[147.38443,-38.0462],[147.37888,-38.04336],[147.3779,-38.04358],[147.37351,-38.04296],[147.36798,-38.04341],[147.36206,-38.04339],[147.35946,-38.04282],[147.35518,-38.04309],[147.34145,-38.04565],[147.33259,-38.04816],[147.33055,-38.04906],[147.32272,-38.05079],[147.32049,-38.05306],[147.3165,-38.05447],[147.31044,-38.05464],[147.30685,-38.05418],[147.30455,-38.05317],[147.30025,-38.05325],[147.29867,-38.05255],[147.29482,-38.04841],[147.29319,-38.04749],[147.2888,-38.04407],[147.28549,-38.04222],[147.28194,-38.04156],[147.27831,-38.0415],[147.27398,-38.0436],[147.27302,-38.04463],[147.2723,-38.0478],[147.27064,-38.05028],[147.26899,-38.05014],[147.26825,-38.04894],[147.26555,-38.04711],[147.2624,-38.0459],[147.26094,-38.04423],[147.25825,-38.04369],[147.25471,-38.04118],[147.25607,-38.04455],[147.25452,-38.04625],[147.25182,-38.05043],[147.25253,-38.05188],[147.25082,-38.05546],[147.25043,-38.06088],[147.24962,-38.06223],[147.24917,-38.06471],[147.24935,-38.06663],[147.24817,-38.07043],[147.24767,-38.07356],[147.24654,-38.07659],[147.24568,-38.08119],[147.24418,-38.07936],[147.23884,-38.07759],[147.23625,-38.07727],[147.23142,-38.0775],[147.22896,-38.07828],[147.22594,-38.08015],[147.2245,-38.08045],[147.2152,-38.07623],[147.21002,-38.07707],[147.20812,-38.07782],[147.19936,-38.07733],[147.19578,-38.07876],[147.18403,-38.07987],[147.17819,-38.08002],[147.17592,-38.08069],[147.14207,-38.07656],[147.12695,-38.07465],[147.06445,-38.06686],[147.03044,-38.06258],[147.0291,-38.06265],[147.02915,-38.06499],[147.02253,-38.07131],[147.02039,-38.07198],[147.01832,-38.0735],[147.01883,-38.07641],[147.01468,-38.07448],[147.0141,-38.07581],[147.01475,-38.07756],[147.01323,-38.07842],[147.0125,-38.0758],[147.00988,-38.0739],[147.00843,-38.07199],[147.01006,-38.06947],[147.00745,-38.06961],[147.00604,-38.06858],[147.00121,-38.06882],[146.99921,-38.06816],[147.00083,-38.06665],[147.00335,-38.067],[147.00236,-38.06459],[147.00103,-38.06437],[146.9994,-38.06548],[146.99653,-38.06597],[146.99644,-38.06375],[146.99479,-38.06375],[146.99476,-38.05882],[146.99544,-38.05814],[146.998,-38.05773],[146.99753,-38.05636],[146.9984,-38.05485],[147.00003,-38.05386],[146.99955,-38.05268],[146.99752,-38.05245],[146.99577,-38.05297],[146.99466,-38.05228],[146.99534,-38.04996],[146.99418,-38.04901],[146.99487,-38.04591],[146.99127,-38.04574],[146.9903,-38.04471],[146.98788,-38.04463],[146.98714,-38.04308],[146.98439,-38.04347],[146.98234,-38.04134],[146.98121,-38.03864],[146.97878,-38.03847],[146.97648,-38.03612],[146.97239,-38.03552],[146.9743,-38.03466],[146.97305,-38.03339],[146.97137,-38.03413],[146.97146,-38.03549],[146.96957,-38.03576],[146.96959,-38.03402],[146.96696,-38.03374],[146.965,-38.03215],[146.96553,-38.02956],[146.96066,-38.02919],[146.96027,-38.0272],[146.95595,-38.02765],[146.95555,-38.02639],[146.9538,-38.02554],[146.95418,-38.02403],[146.95257,-38.02141],[146.95069,-38.01963],[146.94734,-38.02083],[146.94692,-38.01992],[146.94373,-38.02],[146.94189,-38.01963],[146.94052,-38.02073],[146.94074,-38.0227],[146.93905,-38.02373],[146.93803,-38.0227],[146.93613,-38.02329],[146.93578,-38.0246],[146.93352,-38.02464],[146.93209,-38.02381],[146.93237,-38.02182],[146.93065,-38.02208],[146.92837,-38.02133],[146.92715,-38.01998],[146.92792,-38.01826],[146.92459,-38.01818],[146.92482,-38.01664],[146.9232,-38.01552],[146.9216,-38.01286],[146.92025,-38.0134],[146.91842,-38.01223],[146.91654,-38.01224],[146.91441,-38.00951],[146.91257,-38.00913],[146.91122,-38.00796],[146.9095,-38.00857],[146.9067,-38.00761],[146.90527,-38.00897],[146.90092,-38.00777],[146.90029,-38.00582],[146.89824,-38.00484],[146.89111,-38.00541],[146.88655,-38.00734],[146.88678,-38.00884],[146.88341,-38.00869],[146.87999,-38.0114],[146.87859,-38.01139],[146.87681,-38.00903],[146.87538,-38.00804],[146.87216,-38.00691],[146.87062,-38.00756],[146.86842,-38.00663],[146.86458,-38.00751],[146.865,-38.00933],[146.85961,-38.01168],[146.85475,-38.00993],[146.85188,-38.00702],[146.84902,-38.00626],[146.84737,-38.0053],[146.84585,-38.0074],[146.84426,-38.00807],[146.84247,-38.01135],[146.84104,-38.00949],[146.83942,-38.00939],[146.83773,-38.01112],[146.83636,-38.01069],[146.83514,-38.00916],[146.83349,-38.00953],[146.83315,-38.0082],[146.83124,-38.00774],[146.83035,-38.0039],[146.82958,-38.00349],[146.82742,-38.00575],[146.82528,-38.00558],[146.82219,-38.00254],[146.81748,-38.00076],[146.81224,-38.00098],[146.81108,-38.00018],[146.80839,-38.00356],[146.80478,-38.00208],[146.80266,-38.00085],[146.80239,-37.99934],[146.79814,-37.99945],[146.793,-38.0025],[146.79178,-37.99948],[146.78999,-37.99918],[146.78761,-37.99666],[146.78627,-37.99775],[146.78486,-37.99712],[146.78436,-37.99452],[146.78583,-37.99395],[146.78578,-37.99255],[146.78374,-37.99135],[146.78163,-37.9913],[146.77981,-37.99218],[146.77924,-37.99026],[146.78013,-37.98791],[146.78198,-37.98604],[146.78033,-37.98561],[146.77966,-37.98687],[146.77725,-37.98818],[146.7761,-37.99169],[146.77728,-37.99545],[146.78044,-38.00235],[146.7807,-38.00418],[146.77965,-38.00857],[146.779,-38.00943],[146.76633,-38.02104],[146.76522,-38.02281],[146.76969,-38.06599],[146.77329,-38.09948],[146.77311,-38.10186],[146.77047,-38.10859],[146.77024,-38.10978],[146.77533,-38.1158],[146.77583,-38.11613],[146.79243,-38.13634],[146.79397,-38.13791],[146.79247,-38.14258],[146.79072,-38.14248],[146.78887,-38.14347],[146.78811,-38.14234],[146.78595,-38.14278],[146.7855,-38.1439],[146.78729,-38.14449],[146.78634,-38.14612],[146.78299,-38.14312],[146.78374,-38.14113],[146.78107,-38.14203],[146.78073,-38.14308],[146.77812,-38.14304],[146.77565,-38.14229],[146.76927,-38.1432],[146.77098,-38.14491],[146.76776,-38.14551],[146.76614,-38.14389],[146.76353,-38.14485],[146.76151,-38.14619],[146.75752,-38.14624],[146.7557,-38.14543],[146.75205,-38.14606],[146.7492,-38.14452],[146.74647,-38.14472],[146.74521,-38.144],[146.74362,-38.14525],[146.74151,-38.14412],[146.73855,-38.14434],[146.73663,-38.14524],[146.73514,-38.1451],[146.72711,-38.14858],[146.72065,-38.1499],[146.71839,-38.14956],[146.71472,-38.15058],[146.71307,-38.14924],[146.71357,-38.1476],[146.71089,-38.1483],[146.71013,-38.14933],[146.708,-38.1499],[146.70662,-38.14758],[146.70526,-38.14889],[146.70545,-38.15104],[146.70416,-38.15291],[146.70571,-38.15328],[146.70812,-38.15279],[146.70915,-38.15446],[146.71216,-38.1551],[146.71006,-38.15875],[146.71038,-38.16036],[146.70922,-38.16218],[146.71069,-38.16515],[146.70936,-38.1664],[146.70896,-38.16844],[146.70786,-38.17077],[146.70825,-38.17216],[146.70524,-38.1751],[146.70301,-38.17788],[146.703,-38.17871],[146.69881,-38.18156],[146.69671,-38.1822],[146.69638,-38.18449],[146.6944,-38.18585],[146.69517,-38.18761],[146.69363,-38.18917],[146.68926,-38.19186],[146.6895,-38.19332],[146.68674,-38.19521],[146.68553,-38.19659],[146.6859,-38.19792],[146.68429,-38.19933],[146.68381,-38.201],[146.68068,-38.20153],[146.6798,-38.20267],[146.67954,-38.20537],[146.67861,-38.20688],[146.68168,-38.20836],[146.68208,-38.21024],[146.68093,-38.21243],[146.67889,-38.21343],[146.67764,-38.21582],[146.6755,-38.21751],[146.67399,-38.21788],[146.67292,-38.21696],[146.66812,-38.21739],[146.66731,-38.21999],[146.66519,-38.22075],[146.66438,-38.22214],[146.66054,-38.22179],[146.65851,-38.22306],[146.65661,-38.22355],[146.65529,-38.22564],[146.65616,-38.22676],[146.65473,-38.23008],[146.65722,-38.23303],[146.65562,-38.23434],[146.65658,-38.23587],[146.6565,-38.23786],[146.65577,-38.23899],[146.65632,-38.24047],[146.6545,-38.24112],[146.6526,-38.24083],[146.65102,-38.24167],[146.65067,-38.244],[146.64941,-38.24457],[146.64881,-38.24598],[146.64623,-38.24727],[146.64623,-38.24854],[146.64308,-38.24815],[146.63999,-38.25042],[146.63956,-38.25185],[146.63758,-38.2525],[146.63713,-38.25353],[146.6349,-38.25479],[146.63484,-38.25608],[146.63238,-38.25843],[146.63368,-38.25968],[146.63252,-38.26066],[146.63227,-38.26417],[146.62906,-38.26588],[146.62924,-38.26778],[146.62822,-38.26911],[146.62984,-38.27143],[146.62838,-38.27268],[146.62601,-38.27591],[146.62404,-38.28096],[146.62472,-38.28233],[146.62281,-38.28296],[146.62106,-38.28663],[146.62094,-38.28857],[146.62199,-38.28881],[146.62228,-38.29073],[146.62178,-38.29301],[146.61927,-38.29395],[146.61897,-38.29539],[146.61667,-38.29729],[146.61396,-38.30025],[146.61194,-38.30001],[146.61105,-38.30083],[146.60909,-38.30076],[146.60777,-38.30337],[146.60601,-38.3034],[146.60543,-38.30462],[146.60205,-38.30737],[146.60063,-38.3098],[146.5995,-38.30934],[146.5971,-38.31227],[146.59798,-38.31327],[146.59655,-38.31467],[146.59764,-38.31541],[146.59795,-38.31836],[146.59988,-38.32078],[146.60086,-38.32311],[146.6021,-38.32438],[146.60182,-38.33153],[146.60127,-38.33252],[146.60229,-38.33433],[146.60062,-38.33558],[146.5996,-38.33731],[146.60006,-38.33913],[146.59872,-38.33985],[146.59857,-38.3415],[146.59308,-38.34454],[146.59468,-38.34719],[146.59419,-38.35012],[146.59155,-38.35246],[146.59052,-38.35448],[146.59175,-38.35463],[146.5908,-38.35927],[146.58617,-38.37416],[146.58212,-38.39392],[146.58344,-38.39409],[146.57897,-38.41437],[146.56571,-38.41265],[146.56698,-38.41677],[146.56564,-38.41902],[146.56627,-38.42052],[146.56392,-38.42129],[146.56301,-38.42237],[146.56694,-38.42455],[146.56743,-38.42612],[146.56566,-38.42718],[146.56523,-38.4293],[146.56168,-38.42907],[146.56054,-38.43008],[146.55849,-38.43062],[146.55288,-38.43064],[146.55186,-38.43119],[146.5497,-38.43085],[146.54697,-38.43142],[146.54237,-38.43055],[146.54062,-38.42981],[146.53665,-38.4306],[146.53504,-38.42947],[146.53233,-38.4298],[146.52884,-38.43075],[146.52686,-38.43211],[146.52646,-38.43359],[146.528,-38.43712],[146.52731,-38.43853],[146.52384,-38.43886],[146.52181,-38.43786],[146.51724,-38.43947],[146.51618,-38.44043],[146.51301,-38.44065],[146.50834,-38.44253],[146.50498,-38.44252],[146.50327,-38.44174],[146.50141,-38.44234],[146.4995,-38.44217],[146.49958,-38.44346],[146.49865,-38.44553],[146.4976,-38.4462],[146.49459,-38.4456],[146.49081,-38.44733],[146.48928,-38.44587],[146.489,-38.44447],[146.49162,-38.44125],[146.48891,-38.43935],[146.48674,-38.44182],[146.48318,-38.4436],[146.48175,-38.44363],[146.48443,-38.44921],[146.48153,-38.44917],[146.48288,-38.45155],[146.48511,-38.45247],[146.4836,-38.45516],[146.47688,-38.45674],[146.47558,-38.45641],[146.47398,-38.45832],[146.47247,-38.4593],[146.47054,-38.45894],[146.46921,-38.45963],[146.46386,-38.45879],[146.45911,-38.45921],[146.45694,-38.46037],[146.4574,-38.46287],[146.45596,-38.46448],[146.45358,-38.46507],[146.45081,-38.46364],[146.44796,-38.463],[146.44729,-38.46409],[146.44475,-38.46594],[146.44108,-38.46666],[146.43925,-38.46644],[146.43836,-38.46758],[146.43605,-38.46877],[146.43386,-38.46874],[146.43315,-38.46969],[146.4312,-38.46942],[146.4276,-38.47131],[146.42473,-38.47229],[146.42428,-38.47296],[146.42753,-38.47461],[146.4256,-38.47567],[146.4262,-38.4766],[146.42488,-38.47777],[146.42649,-38.4787],[146.42543,-38.48134],[146.42395,-38.48261],[146.42239,-38.48218],[146.42141,-38.4833],[146.41341,-38.48608],[146.41165,-38.48606],[146.40821,-38.487],[146.40781,-38.48502],[146.40643,-38.48549],[146.4036,-38.48528],[146.40138,-38.48848],[146.39985,-38.48927],[146.39913,-38.49153],[146.39523,-38.49246],[146.39366,-38.49382],[146.39055,-38.49507],[146.38913,-38.49502],[146.38646,-38.49631],[146.3821,-38.49769],[146.38062,-38.49916],[146.38378,-38.5019],[146.38398,-38.504],[146.38045,-38.5045],[146.37996,-38.5062],[146.37842,-38.50768],[146.37355,-38.50762],[146.37242,-38.50853],[146.37316,-38.51019],[146.37176,-38.51116],[146.36833,-38.51183],[146.36824,-38.51373],[146.36876,-38.51793],[146.36725,-38.51904],[146.37046,-38.52485],[146.37329,-38.52549],[146.37454,-38.52695],[146.37402,-38.52895],[146.36997,-38.52974],[146.36995,-38.5318],[146.36241,-38.53413],[146.36144,-38.53521],[146.35973,-38.53506],[146.35546,-38.53567],[146.35043,-38.53587],[146.34912,-38.53532],[146.34792,-38.53623],[146.34561,-38.53579],[146.34435,-38.53634],[146.34076,-38.53488],[146.34027,-38.5341],[146.33702,-38.53424],[146.33521,-38.53275],[146.33275,-38.53303],[146.33009,-38.53213],[146.32869,-38.53034],[146.32734,-38.53011],[146.32293,-38.52756],[146.32126,-38.52581],[146.32147,-38.52499],[146.3186,-38.52287],[146.31889,-38.52166],[146.3165,-38.52025],[146.31377,-38.52081],[146.31358,-38.51976],[146.30996,-38.52105],[146.30717,-38.52155],[146.30442,-38.52102],[146.30236,-38.52256],[146.30027,-38.52489],[146.29653,-38.52615],[146.29554,-38.52699],[146.29349,-38.52542],[146.29039,-38.52786],[146.28974,-38.52616],[146.28811,-38.52405],[146.28449,-38.52273],[146.28557,-38.52091],[146.2848,-38.51933],[146.28434,-38.51657],[146.28644,-38.51422],[146.28519,-38.51341],[146.28529,-38.50637],[146.28838,-38.50594],[146.291,-38.50469],[146.29107,-38.50371],[146.29277,-38.50245],[146.29169,-38.50008],[146.27625,-38.49859],[146.25477,-38.49611],[146.25751,-38.4834],[146.25988,-38.4837],[146.26257,-38.47099],[146.23844,-38.46794],[146.23993,-38.46086],[146.23551,-38.46028],[146.23718,-38.45291],[146.24859,-38.45442],[146.26773,-38.4568],[146.27006,-38.45646],[146.27219,-38.44642],[146.24797,-38.44316],[146.22329,-38.44006],[146.22319,-38.43996],[146.22648,-38.42481],[146.23069,-38.425],[146.23284,-38.41403],[146.22875,-38.41352],[146.23217,-38.39616],[146.23453,-38.38495],[146.23586,-38.38466],[146.23438,-38.38067],[146.24086,-38.37918],[146.23952,-38.37729],[146.23762,-38.37602],[146.23281,-38.37486],[146.22568,-38.37533],[146.21836,-38.37396],[146.2149,-38.37172],[146.21047,-38.36998],[146.21354,-38.36845],[146.21741,-38.36855],[146.22141,-38.36729],[146.22505,-38.36417],[146.22681,-38.36178],[146.22628,-38.36012],[146.22962,-38.35529],[146.2315,-38.35421],[146.24352,-38.35612],[146.24461,-38.35213],[146.24742,-38.33794],[146.24959,-38.33821],[146.25094,-38.33155],[146.24959,-38.33131],[146.25052,-38.32665],[146.22865,-38.3239],[146.23019,-38.32173],[146.21858,-38.32026],[146.21683,-38.32138],[146.20379,-38.31707],[146.20168,-38.32802],[146.19259,-38.32686],[146.18921,-38.34389],[146.16218,-38.34058],[146.16047,-38.34928],[146.14801,-38.34782],[146.1454,-38.34948],[146.12252,-38.36005],[146.10661,-38.33871],[146.106,-38.33889],[146.09675,-38.3258],[146.09064,-38.32838],[146.07443,-38.3143],[146.07308,-38.31872],[146.06402,-38.31061],[146.0496,-38.32063],[146.0522,-38.32287],[146.05419,-38.32362],[146.03434,-38.33176],[146.02893,-38.33088],[146.02667,-38.33128],[146.02392,-38.3302],[146.02424,-38.32956],[146.01396,-38.33147],[146.01108,-38.33255],[146.00915,-38.33144],[146.00746,-38.33117],[146.00698,-38.32975],[145.98669,-38.32772],[145.98776,-38.32091],[145.97678,-38.31967],[145.97794,-38.31305],[145.96749,-38.31198],[145.96542,-38.32359],[145.95432,-38.3224],[145.95394,-38.32471],[145.94187,-38.32342],[145.94066,-38.33081],[145.90204,-38.32654],[145.90141,-38.32887],[145.90245,-38.33044],[145.90138,-38.33206],[145.90344,-38.33356],[145.90677,-38.33799],[145.90655,-38.33903],[145.88859,-38.33681],[145.88984,-38.32936],[145.88444,-38.32884],[145.88569,-38.32211],[145.88413,-38.32194],[145.88495,-38.3168],[145.87751,-38.31623],[145.87632,-38.3235],[145.86284,-38.32193],[145.8624,-38.32454],[145.86072,-38.32452],[145.84416,-38.32257],[145.82769,-38.32049],[145.83088,-38.30351],[145.82741,-38.30025],[145.82668,-38.29706],[145.82401,-38.29572],[145.81979,-38.2896],[145.81924,-38.28735],[145.81739,-38.28642],[145.81698,-38.28428],[145.81535,-38.28247],[145.81634,-38.28102],[145.81438,-38.27958],[145.81341,-38.2762],[145.81423,-38.27383],[145.811,-38.27123],[145.80743,-38.26947],[145.80473,-38.26879],[145.80317,-38.26926],[145.80079,-38.26781],[145.80055,-38.26437],[145.78356,-38.26251],[145.7728,-38.26119],[145.7718,-38.26631],[145.75961,-38.26491],[145.7617,-38.26641],[145.76205,-38.26926],[145.76072,-38.27154],[145.75904,-38.27255],[145.75883,-38.27609],[145.76129,-38.27748],[145.75423,-38.27678],[145.7354,-38.27457],[145.73268,-38.28937],[145.69971,-38.28566],[145.69872,-38.29113],[145.68964,-38.29012],[145.69093,-38.28309],[145.68149,-38.28223],[145.68027,-38.2896],[145.66494,-38.2878],[145.65131,-38.28609],[145.63813,-38.28486],[145.63853,-38.28259],[145.63575,-38.28434],[145.6331,-38.28515],[145.62943,-38.28676],[145.62504,-38.28608],[145.62179,-38.28861],[145.61891,-38.28907],[145.61472,-38.288],[145.61241,-38.28583],[145.60718,-38.31565],[145.60925,-38.31506],[145.60569,-38.33243],[145.61921,-38.33495],[145.62393,-38.33618],[145.62705,-38.33831],[145.62886,-38.33827],[145.62936,-38.3406],[145.63452,-38.34378],[145.63665,-38.34365],[145.64291,-38.34241],[145.64464,-38.34238],[145.64678,-38.34431],[145.64846,-38.34845],[145.64926,-38.35416],[145.65403,-38.35924],[145.66277,-38.36486],[145.66379,-38.36633],[145.67142,-38.371],[145.67243,-38.37096],[145.68344,-38.37232],[145.69176,-38.37323],[145.69478,-38.37597],[145.69427,-38.37792],[145.69558,-38.3787],[145.69596,-38.38086],[145.69323,-38.38411],[145.69274,-38.38602],[145.69331,-38.38811],[145.69506,-38.39118],[145.69645,-38.39135],[145.6978,-38.39332],[145.69297,-38.41806],[145.69365,-38.41977],[145.69254,-38.42017],[145.68893,-38.43946],[145.68899,-38.43956],[145.68576,-38.45716],[145.6887,-38.45752],[145.68811,-38.46105],[145.68891,-38.46116],[145.68837,-38.46446],[145.68775,-38.46469],[145.67629,-38.46348],[145.67567,-38.46716],[145.67804,-38.46741],[145.67571,-38.48106],[145.67408,-38.48196],[145.67658,-38.485],[145.67627,-38.48758],[145.67999,-38.49149],[145.68324,-38.49309],[145.68606,-38.49344],[145.68796,-38.49419],[145.68941,-38.49683],[145.69229,-38.4973],[145.69346,-38.50139],[145.69579,-38.50217],[145.69457,-38.50575],[145.69651,-38.50709],[145.69694,-38.50887],[145.69865,-38.50966],[145.69875,-38.51213],[145.69959,-38.51364],[145.69952,-38.5154],[145.70082,-38.51593],[145.70081,-38.52279],[145.69964,-38.5289],[145.69869,-38.53626],[145.71839,-38.53822],[145.7207,-38.52448],[145.73027,-38.52545],[145.72862,-38.53516],[145.75133,-38.53773],[145.75426,-38.53769],[145.76193,-38.53847],[145.75715,-38.56623],[145.77571,-38.56793],[145.77531,-38.57008],[145.77252,-38.57765],[145.76402,-38.59985],[145.76819,-38.604],[145.77031,-38.60318],[145.81647,-38.58353],[145.8099,-38.61645],[145.80811,-38.62575],[145.80844,-38.62797],[145.8107,-38.6272],[145.81463,-38.62739],[145.81401,-38.63108],[145.81488,-38.63214],[145.8139,-38.63312],[145.81582,-38.6352],[145.81496,-38.63606],[145.81464,-38.63876],[145.81636,-38.63946],[145.81781,-38.64158],[145.81643,-38.64282],[145.81796,-38.64469]]]},"properties":{"district":"Gippsland South"}},{"type":"Feature","geometry":{"type":"MultiPolygon","coordinates":[[[[145.31838,-38.15997],[145.31743,-38.15668],[145.30733,-38.15547],[145.28651,-38.15281],[145.26427,-38.15006],[145.2288,-38.14588],[145.2262,-38.14566],[145.22795,-38.13647],[145.22777,-38.1362],[145.22954,-38.12694],[145.22566,-38.12679],[145.22116,-38.12626],[145.21978,-38.13346],[145.21347,-38.13269],[145.21455,-38.127],[145.1902,-38.12403],[145.1872,-38.12356],[145.18308,-38.12527],[145.18195,-38.12677],[145.17384,-38.12194],[145.1726,-38.12827],[145.17366,-38.13439],[145.17315,-38.14538],[145.1723,-38.14896],[145.17116,-38.1516],[145.16843,-38.15563],[145.16638,-38.15922],[145.16209,-38.17515],[145.15929,-38.18174],[145.15446,-38.19204],[145.15259,-38.19451],[145.148,-38.19407],[145.13966,-38.19728],[145.13353,-38.19567],[145.12875,-38.20008],[145.12692,-38.20093],[145.13158,-38.20864],[145.13079,-38.21039],[145.12907,-38.21683],[145.15484,-38.22068],[145.14558,-38.25857],[145.14555,-38.29366],[145.14557,-38.32409],[145.1457,-38.36016],[145.14669,-38.36061],[145.15524,-38.36008],[145.1691,-38.3606],[145.18104,-38.38637],[145.18692,-38.38815],[145.19392,-38.3921],[145.19624,-38.39283],[145.19214,-38.4014],[145.19951,-38.40333],[145.20468,-38.40517],[145.21045,-38.40624],[145.21554,-38.40742],[145.21767,-38.40765],[145.22274,-38.40734],[145.22617,-38.40774],[145.23404,-38.40953],[145.23517,-38.40865],[145.23482,-38.40604],[145.23241,-38.40623],[145.22999,-38.40509],[145.22923,-38.40412],[145.22926,-38.39988],[145.22606,-38.39773],[145.22223,-38.39822],[145.22287,-38.3967],[145.2207,-38.39474],[145.2193,-38.39462],[145.21808,-38.39332],[145.2194,-38.3915],[145.21901,-38.38898],[145.21682,-38.38473],[145.21333,-38.38274],[145.2084,-38.38135],[145.20584,-38.3798],[145.20336,-38.379],[145.20087,-38.37914],[145.19939,-38.37854],[145.19664,-38.37846],[145.19507,-38.37602],[145.19216,-38.37589],[145.18437,-38.37498],[145.18451,-38.37233],[145.18807,-38.37206],[145.19054,-38.37291],[145.19286,-38.37246],[145.19252,-38.36737],[145.19279,-38.3651],[145.19528,-38.36482],[145.19884,-38.3667],[145.20129,-38.36965],[145.20135,-38.37345],[145.20316,-38.37432],[145.20624,-38.37474],[145.20852,-38.37582],[145.20964,-38.37723],[145.21201,-38.37892],[145.21544,-38.37986],[145.21874,-38.37864],[145.22174,-38.37808],[145.2217,-38.37516],[145.22341,-38.37303],[145.22238,-38.37228],[145.2209,-38.37318],[145.21915,-38.37266],[145.21726,-38.37038],[145.21479,-38.36876],[145.21346,-38.36591],[145.21371,-38.36115],[145.21318,-38.35841],[145.21428,-38.35456],[145.21533,-38.35299],[145.21757,-38.35097],[145.21854,-38.34917],[145.21848,-38.34745],[145.21704,-38.34587],[145.21528,-38.34531],[145.21416,-38.34408],[145.21476,-38.34235],[145.21293,-38.34176],[145.20889,-38.34272],[145.20575,-38.34128],[145.20396,-38.33888],[145.20443,-38.337],[145.20144,-38.3361],[145.19834,-38.33381],[145.19715,-38.33224],[145.1979,-38.32923],[145.1952,-38.32854],[145.1961,-38.32636],[145.1956,-38.32489],[145.19675,-38.32225],[145.19804,-38.32122],[145.19561,-38.31729],[145.19501,-38.31526],[145.19573,-38.31376],[145.19744,-38.31562],[145.19866,-38.31521],[145.20008,-38.31326],[145.20051,-38.31171],[145.19994,-38.3102],[145.19821,-38.31043],[145.19761,-38.30812],[145.19583,-38.30757],[145.19368,-38.30397],[145.19386,-38.30265],[145.19535,-38.29947],[145.20003,-38.297],[145.20129,-38.2968],[145.20334,-38.29758],[145.20597,-38.29966],[145.20629,-38.30393],[145.20919,-38.30388],[145.21291,-38.30461],[145.21291,-38.30928],[145.2225,-38.31522],[145.22407,-38.31522],[145.22404,-38.30134],[145.22563,-38.29875],[145.22571,-38.29422],[145.22255,-38.2932],[145.22157,-38.28949],[145.22114,-38.28629],[145.2213,-38.283],[145.22181,-38.28068],[145.22366,-38.27633],[145.22613,-38.27257],[145.22992,-38.26922],[145.2319,-38.26801],[145.23308,-38.26659],[145.23676,-38.26458],[145.23799,-38.26281],[145.24337,-38.25722],[145.24411,-38.25607],[145.2471,-38.2538],[145.24799,-38.25249],[145.24932,-38.24891],[145.25132,-38.24892],[145.25049,-38.24681],[145.25642,-38.2445],[145.25799,-38.24429],[145.26176,-38.24293],[145.26144,-38.2408],[145.25976,-38.23868],[145.25689,-38.23841],[145.2549,-38.2374],[145.25325,-38.23397],[145.25232,-38.2333],[145.25325,-38.23163],[145.25519,-38.23145],[145.25441,-38.22807],[145.25543,-38.22616],[145.25283,-38.22547],[145.2546,-38.2239],[145.25847,-38.22521],[145.2597,-38.2234],[145.26025,-38.22132],[145.26177,-38.22116],[145.26636,-38.22334],[145.26748,-38.22434],[145.27038,-38.22398],[145.27218,-38.22264],[145.27335,-38.22372],[145.27884,-38.22386],[145.28068,-38.22306],[145.28117,-38.22176],[145.28429,-38.21984],[145.28985,-38.21598],[145.29289,-38.21475],[145.29632,-38.21535],[145.29676,-38.2141],[145.29432,-38.21309],[145.29184,-38.21086],[145.29314,-38.21044],[145.29597,-38.21127],[145.29766,-38.21306],[145.30097,-38.21294],[145.3031,-38.2135],[145.30444,-38.21269],[145.30799,-38.21491],[145.30875,-38.21739],[145.30667,-38.21766],[145.30554,-38.21986],[145.30722,-38.2206],[145.3092,-38.21976],[145.30965,-38.21818],[145.30938,-38.21583],[145.31074,-38.21552],[145.31167,-38.21776],[145.31169,-38.21962],[145.30962,-38.22184],[145.3066,-38.22311],[145.30605,-38.22389],[145.30608,-38.22646],[145.30691,-38.22774],[145.31097,-38.22834],[145.31264,-38.22897],[145.31541,-38.22743],[145.31717,-38.23005],[145.31935,-38.23596],[145.32402,-38.2388],[145.32133,-38.23924],[145.31946,-38.24256],[145.32392,-38.24268],[145.32567,-38.2415],[145.32489,-38.23884],[145.32766,-38.23544],[145.32936,-38.23614],[145.33296,-38.23604],[145.33635,-38.23271],[145.33847,-38.2322],[145.34181,-38.22925],[145.34263,-38.22771],[145.34253,-38.22553],[145.34001,-38.22336],[145.33957,-38.22191],[145.34062,-38.21835],[145.3424,-38.2155],[145.344,-38.21439],[145.3475,-38.21345],[145.35333,-38.21457],[145.35548,-38.21586],[145.36108,-38.21989],[145.36578,-38.22207],[145.37061,-38.22269],[145.37249,-38.22259],[145.37402,-38.22154],[145.37168,-38.22011],[145.37194,-38.21797],[145.37032,-38.21691],[145.37373,-38.2159],[145.37208,-38.21453],[145.37251,-38.21287],[145.37628,-38.21161],[145.37706,-38.21343],[145.37681,-38.21721],[145.37844,-38.21835],[145.37826,-38.22],[145.37964,-38.22149],[145.38279,-38.22174],[145.38408,-38.22114],[145.38707,-38.2227],[145.38996,-38.2223],[145.39182,-38.22296],[145.39141,-38.22407],[145.39726,-38.22577],[145.40206,-38.22651],[145.4043,-38.22644],[145.40884,-38.22714],[145.40959,-38.22805],[145.41327,-38.22785],[145.41408,-38.22691],[145.41638,-38.22595],[145.41793,-38.22451],[145.41891,-38.22114],[145.42195,-38.21762],[145.4236,-38.21652],[145.42608,-38.21616],[145.42996,-38.21677],[145.43027,-38.21503],[145.42808,-38.21337],[145.42704,-38.21123],[145.42335,-38.20985],[145.42232,-38.20999],[145.41666,-38.20384],[145.41773,-38.20131],[145.41832,-38.19849],[145.39523,-38.19549],[145.39567,-38.19339],[145.38886,-38.19252],[145.39108,-38.18196],[145.37368,-38.1694],[145.32095,-38.16241],[145.32009,-38.16273],[145.31838,-38.15997]]],[[[145.37113,-38.41796],[145.36943,-38.41468],[145.36979,-38.41174],[145.36778,-38.41259],[145.36779,-38.41373],[145.36607,-38.41639],[145.36851,-38.41909],[145.37113,-38.41796]]],[[[145.50302,-38.35331],[145.50016,-38.34984],[145.49818,-38.34841],[145.49583,-38.34597],[145.49248,-38.34354],[145.49004,-38.34038],[145.48992,-38.33907],[145.48605,-38.3392],[145.48354,-38.33784],[145.48193,-38.33643],[145.47857,-38.33599],[145.47107,-38.33008],[145.46683,-38.32645],[145.4655,-38.32302],[145.46461,-38.31825],[145.46061,-38.31331],[145.45341,-38.30653],[145.45333,-38.30788],[145.44928,-38.3062],[145.43845,-38.30776],[145.4345,-38.30742],[145.42552,-38.30802],[145.4112,-38.30445],[145.40384,-38.3057],[145.39611,-38.30792],[145.38816,-38.31155],[145.38222,-38.31326],[145.37635,-38.31383],[145.36805,-38.31361],[145.36565,-38.31291],[145.35792,-38.31132],[145.35577,-38.31158],[145.3518,-38.31104],[145.34951,-38.30978],[145.34683,-38.3097],[145.34052,-38.30575],[145.33824,-38.30395],[145.33699,-38.30194],[145.33659,-38.29992],[145.3346,-38.29699],[145.33116,-38.29366],[145.32975,-38.29186],[145.32604,-38.29103],[145.32418,-38.29103],[145.31896,-38.28938],[145.31507,-38.28648],[145.31252,-38.28646],[145.31043,-38.28585],[145.30794,-38.28434],[145.30715,-38.28304],[145.29835,-38.2818],[145.29356,-38.28267],[145.29075,-38.28348],[145.28966,-38.28446],[145.28936,-38.28664],[145.28847,-38.28737],[145.2889,-38.29298],[145.28983,-38.29405],[145.28818,-38.29501],[145.28726,-38.29642],[145.2864,-38.29993],[145.28659,-38.30431],[145.28595,-38.30538],[145.28678,-38.30725],[145.28799,-38.30836],[145.2869,-38.31088],[145.28643,-38.31347],[145.28498,-38.31709],[145.28391,-38.31771],[145.28234,-38.32247],[145.28299,-38.32448],[145.28219,-38.3318],[145.28,-38.34042],[145.27852,-38.34544],[145.27842,-38.3467],[145.27576,-38.35289],[145.27308,-38.35703],[145.27372,-38.35988],[145.27396,-38.36317],[145.27353,-38.36405],[145.27501,-38.36768],[145.27745,-38.37464],[145.27656,-38.3775],[145.27696,-38.3792],[145.2759,-38.37968],[145.27464,-38.38204],[145.27293,-38.38232],[145.26639,-38.38245],[145.26763,-38.3836],[145.27077,-38.38347],[145.27269,-38.38427],[145.27423,-38.38413],[145.27583,-38.38515],[145.2766,-38.38767],[145.27666,-38.39174],[145.275,-38.39438],[145.27428,-38.39822],[145.26973,-38.40334],[145.27106,-38.40566],[145.27109,-38.40777],[145.26993,-38.4089],[145.27242,-38.40969],[145.27462,-38.409],[145.27635,-38.40607],[145.27939,-38.40572],[145.28134,-38.40437],[145.27997,-38.40308],[145.2781,-38.39667],[145.28053,-38.39625],[145.2827,-38.39728],[145.28713,-38.39565],[145.29019,-38.3966],[145.29176,-38.39664],[145.2974,-38.39833],[145.30031,-38.39852],[145.30316,-38.39981],[145.30536,-38.40149],[145.30781,-38.40117],[145.31106,-38.40191],[145.31382,-38.40342],[145.31543,-38.40606],[145.31696,-38.40655],[145.3184,-38.40842],[145.31818,-38.41148],[145.31976,-38.41285],[145.32233,-38.41237],[145.32297,-38.41157],[145.32573,-38.41124],[145.32933,-38.41469],[145.32963,-38.41337],[145.33371,-38.41186],[145.33815,-38.41266],[145.34009,-38.41385],[145.34258,-38.41445],[145.345,-38.41752],[145.3476,-38.41871],[145.34889,-38.4199],[145.3508,-38.41956],[145.35255,-38.42005],[145.35408,-38.41593],[145.35434,-38.41414],[145.35753,-38.41263],[145.35893,-38.41095],[145.35853,-38.40914],[145.36052,-38.40704],[145.36403,-38.40559],[145.36712,-38.4057],[145.36854,-38.4043],[145.37109,-38.40377],[145.37437,-38.40509],[145.37556,-38.4066],[145.37511,-38.40807],[145.37684,-38.40986],[145.379,-38.40995],[145.37901,-38.40819],[145.38084,-38.40688],[145.38474,-38.40706],[145.38594,-38.40672],[145.38543,-38.40495],[145.38528,-38.40164],[145.38439,-38.40053],[145.38494,-38.3991],[145.39238,-38.39647],[145.39303,-38.39378],[145.39238,-38.39228],[145.38999,-38.39031],[145.38948,-38.38812],[145.39012,-38.38566],[145.39263,-38.38278],[145.39673,-38.38083],[145.40204,-38.37578],[145.40602,-38.37286],[145.40885,-38.37199],[145.41087,-38.37071],[145.41335,-38.37027],[145.41974,-38.37009],[145.42625,-38.3717],[145.42851,-38.3713],[145.43191,-38.37001],[145.43531,-38.36918],[145.44071,-38.36969],[145.44177,-38.36877],[145.44369,-38.36877],[145.44814,-38.37028],[145.45007,-38.36844],[145.45212,-38.3675],[145.45521,-38.36734],[145.45652,-38.36649],[145.45969,-38.366],[145.46406,-38.36647],[145.46558,-38.36623],[145.47027,-38.36654],[145.47305,-38.3658],[145.47655,-38.36635],[145.477,-38.36532],[145.47937,-38.36304],[145.48377,-38.36087],[145.49377,-38.35724],[145.50126,-38.35323],[145.50302,-38.35331]]]]},"properties":{"district":"Hastings"}},{"type":"Feature","geometry":{"type":"Polygon","coordinates":[[[145.07925,-37.8238],[145.06958,-37.8227],[145.06801,-37.82199],[145.06593,-37.82229],[145.05859,-37.82139],[145.05936,-37.81737],[145.01539,-37.81214],[145.0144,-37.81636],[145.01573,-37.82156],[145.01609,-37.82435],[145.0184,-37.82622],[145.02012,-37.82545],[145.02201,-37.82557],[145.02319,-37.82809],[145.02831,-37.831],[145.02708,-37.83272],[145.02462,-37.8345],[145.02848,-37.83779],[145.03211,-37.83728],[145.03477,-37.83765],[145.03872,-37.83884],[145.04007,-37.8403],[145.04048,-37.84582],[145.04266,-37.84755],[145.04439,-37.84833],[145.04696,-37.8484],[145.05139,-37.85128],[145.05432,-37.85194],[145.05973,-37.85521],[145.06082,-37.85417],[145.0643,-37.85312],[145.06935,-37.85384],[145.07277,-37.85591],[145.07606,-37.85744],[145.07761,-37.85891],[145.07944,-37.85934],[145.08162,-37.85851],[145.0831,-37.85725],[145.08244,-37.85456],[145.07849,-37.84843],[145.08224,-37.84886],[145.08339,-37.84376],[145.08371,-37.84112],[145.08504,-37.83446],[145.08673,-37.82469],[145.07925,-37.8238]]]},"properties":{"district":"Hawthorn"}},{"type":"Feature","geometry":{"type":"Polygon","coordinates":[[[145.09818,-37.749],[145.09934,-37.74767],[145.10112,-37.74736],[145.10068,-37.7452],[145.10274,-37.74455],[145.10287,-37.74242],[145.10226,-37.74058],[145.10764,-37.73812],[145.10694,-37.73618],[145.10893,-37.73457],[145.10443,-37.73365],[145.10781,-37.72877],[145.10661,-37.72735],[145.10664,-37.72607],[145.10833,-37.72541],[145.1067,-37.72346],[145.10855,-37.72256],[145.0812,-37.71947],[145.08162,-37.71695],[145.06923,-37.71557],[145.06784,-37.7166],[145.06467,-37.72022],[145.06749,-37.72486],[145.06153,-37.72421],[145.06067,-37.72917],[145.06084,-37.72978],[145.0386,-37.72732],[145.04027,-37.7293],[145.03824,-37.7305],[145.04023,-37.73218],[145.03815,-37.73381],[145.03785,-37.73474],[145.0337,-37.7353],[145.03362,-37.73679],[145.03223,-37.73742],[145.03309,-37.74146],[145.03401,-37.74188],[145.03511,-37.74406],[145.03378,-37.74481],[145.03383,-37.746],[145.03607,-37.74654],[145.03552,-37.74794],[145.03328,-37.74889],[145.03152,-37.75069],[145.03171,-37.75296],[145.03061,-37.75471],[145.03222,-37.75643],[145.03146,-37.7574],[145.02903,-37.75804],[145.02994,-37.75995],[145.02792,-37.76251],[145.02804,-37.76411],[145.03054,-37.76491],[145.03163,-37.76733],[145.03144,-37.76854],[145.03227,-37.77065],[145.03536,-37.77027],[145.03684,-37.77065],[145.03681,-37.77257],[145.0341,-37.77262],[145.03593,-37.77501],[145.03499,-37.7765],[145.03453,-37.77898],[145.03608,-37.7789],[145.03838,-37.78045],[145.03707,-37.7823],[145.03797,-37.7833],[145.0402,-37.78422],[145.04345,-37.78053],[145.04515,-37.77999],[145.04619,-37.78065],[145.04934,-37.78111],[145.0516,-37.78211],[145.0531,-37.78455],[145.05398,-37.78184],[145.0557,-37.78243],[145.06084,-37.77993],[145.06266,-37.78137],[145.06456,-37.78176],[145.06425,-37.78286],[145.06623,-37.78368],[145.06775,-37.78312],[145.0672,-37.78086],[145.06791,-37.77735],[145.0694,-37.77498],[145.06925,-37.7724],[145.07092,-37.7711],[145.0737,-37.77223],[145.07553,-37.77377],[145.07551,-37.77081],[145.07214,-37.7693],[145.07155,-37.76707],[145.0728,-37.76654],[145.07577,-37.76744],[145.07834,-37.76425],[145.07918,-37.76253],[145.07736,-37.76084],[145.07688,-37.75859],[145.07335,-37.75961],[145.07314,-37.75847],[145.07452,-37.75704],[145.07803,-37.75767],[145.07729,-37.75614],[145.0778,-37.75441],[145.0805,-37.75426],[145.08181,-37.75626],[145.0832,-37.75469],[145.08165,-37.75369],[145.08243,-37.75148],[145.08416,-37.75162],[145.08525,-37.75283],[145.08876,-37.75315],[145.091,-37.75432],[145.09274,-37.75389],[145.09465,-37.75138],[145.09562,-37.74925],[145.09818,-37.749]]]},"properties":{"district":"Ivanhoe"}},{"type":"Feature","geometry":{"type":"Polygon","coordinates":[[[145.10855,-37.79284],[145.10546,-37.79182],[145.10389,-37.78819],[145.10077,-37.78568],[145.0994,-37.78201],[145.09747,-37.78018],[145.09398,-37.77931],[145.0862,-37.7797],[145.08145,-37.77918],[145.0806,-37.77772],[145.07888,-37.77702],[145.07647,-37.77732],[145.07453,-37.77966],[145.07115,-37.78001],[145.06922,-37.78128],[145.0672,-37.78086],[145.06775,-37.78312],[145.06623,-37.78368],[145.06425,-37.78286],[145.06456,-37.78176],[145.06266,-37.78137],[145.06084,-37.77993],[145.0557,-37.78243],[145.05398,-37.78184],[145.0531,-37.78455],[145.0516,-37.78211],[145.04934,-37.78111],[145.04619,-37.78065],[145.04515,-37.77999],[145.04345,-37.78053],[145.0402,-37.78422],[145.04099,-37.78546],[145.04467,-37.78399],[145.0451,-37.78465],[145.04358,-37.78659],[145.04166,-37.78781],[145.04051,-37.78976],[145.03196,-37.78996],[145.02968,-37.78866],[145.02835,-37.78692],[145.02258,-37.78649],[145.02133,-37.78696],[145.01687,-37.78597],[145.01365,-37.78557],[145.01332,-37.7863],[145.01644,-37.78864],[145.01959,-37.79228],[145.01914,-37.79286],[145.01434,-37.79209],[145.01401,-37.794],[145.01766,-37.79542],[145.01751,-37.79723],[145.02073,-37.79826],[145.01856,-37.80047],[145.02094,-37.80242],[145.01931,-37.80367],[145.01642,-37.80297],[145.01536,-37.80194],[145.01473,-37.80006],[145.01146,-37.79904],[145.00756,-37.80089],[145.0067,-37.80072],[145.00707,-37.79841],[145.00888,-37.79756],[145.00796,-37.7964],[145.00489,-37.79811],[145.00402,-37.79622],[145.00195,-37.79669],[145.00003,-37.79695],[145.00005,-37.7983],[145.00246,-37.79953],[145.00747,-37.80314],[145.00645,-37.80477],[145.0044,-37.80533],[145.00037,-37.8042],[144.99934,-37.80558],[145.0007,-37.80722],[145.00724,-37.8072],[145.00895,-37.80795],[145.00946,-37.81045],[145.01535,-37.8105],[145.01539,-37.81214],[145.05936,-37.81737],[145.05859,-37.82139],[145.06593,-37.82229],[145.06801,-37.82199],[145.06958,-37.8227],[145.07925,-37.8238],[145.08314,-37.80349],[145.09234,-37.8047],[145.09707,-37.80383],[145.10133,-37.80424],[145.10417,-37.80209],[145.10442,-37.80088],[145.10342,-37.79783],[145.1041,-37.79643],[145.10824,-37.79422],[145.10855,-37.79284]]]},"properties":{"district":"Kew"}},{"type":"Feature","geometry":{"type":"Polygon","coordinates":[[[145.11168,-37.97228],[145.10923,-37.98681],[145.10749,-37.98938],[145.10682,-37.99247],[145.10329,-38.01078],[145.1034,-38.01192],[145.137,-38.0212],[145.13756,-38.02141],[145.16423,-38.02879],[145.17838,-38.0328],[145.18205,-38.03273],[145.1835,-38.03182],[145.1845,-38.03076],[145.18666,-38.02339],[145.18762,-38.02089],[145.18717,-38.01761],[145.18846,-38.01052],[145.19122,-38.00185],[145.19154,-37.99954],[145.19163,-37.99384],[145.19305,-37.98498],[145.19266,-37.97875],[145.18579,-37.97387],[145.16513,-37.95836],[145.15287,-37.94907],[145.15061,-37.96104],[145.14919,-37.96762],[145.14341,-37.9666],[145.1405,-37.96657],[145.13796,-37.96843],[145.1361,-37.96897],[145.1329,-37.96363],[145.12966,-37.96148],[145.12138,-37.97291],[145.11981,-37.97331],[145.11168,-37.97228]]]},"properties":{"district":"Keysborough"}},{"type":"Feature","geometry":{"type":"Polygon","coordinates":[[[144.79115,-37.78191],[144.7933,-37.77933],[144.79414,-37.77715],[144.79405,-37.77364],[144.79498,-37.7708],[144.79633,-37.76931],[144.79902,-37.76783],[144.8011,-37.76734],[144.80591,-37.76771],[144.80469,-37.76505],[144.8026,-37.7645],[144.80028,-37.76318],[144.79907,-37.76126],[144.7965,-37.75891],[144.7978,-37.757],[144.79702,-37.75516],[144.79411,-37.75124],[144.7926,-37.74804],[144.77872,-37.74663],[144.78201,-37.72757],[144.7483,-37.72377],[144.72896,-37.72118],[144.7245,-37.7204],[144.69246,-37.71659],[144.69429,-37.70551],[144.69717,-37.68716],[144.70024,-37.67252],[144.70272,-37.65835],[144.68462,-37.65633],[144.6766,-37.6527],[144.66777,-37.64722],[144.6678,-37.647],[144.65653,-37.64001],[144.65607,-37.63957],[144.65597,-37.64155],[144.6526,-37.64238],[144.65163,-37.64312],[144.6523,-37.64441],[144.6509,-37.64499],[144.64879,-37.64804],[144.64702,-37.64708],[144.64426,-37.64832],[144.64232,-37.64828],[144.64226,-37.64946],[144.64371,-37.65258],[144.6434,-37.65437],[144.64509,-37.65547],[144.6465,-37.6586],[144.64796,-37.65912],[144.64656,-37.66154],[144.64488,-37.66246],[144.64528,-37.66393],[144.64445,-37.66807],[144.64663,-37.6717],[144.64288,-37.67251],[144.64158,-37.67541],[144.64317,-37.67571],[144.64368,-37.67769],[144.64004,-37.67932],[144.63852,-37.67837],[144.63656,-37.67946],[144.63752,-37.68113],[144.6349,-37.68335],[144.62448,-37.68227],[144.62312,-37.68888],[144.62019,-37.70775],[144.61639,-37.7293],[144.61226,-37.75168],[144.57545,-37.74809],[144.57686,-37.75018],[144.57609,-37.7531],[144.57955,-37.75669],[144.58153,-37.75719],[144.58232,-37.75814],[144.57964,-37.76041],[144.57921,-37.76149],[144.57993,-37.76401],[144.57974,-37.76557],[144.57812,-37.77012],[144.57939,-37.7731],[144.58295,-37.77567],[144.58443,-37.77937],[144.58909,-37.78155],[144.59038,-37.78364],[144.59036,-37.78483],[144.58787,-37.78648],[144.58849,-37.78769],[144.59086,-37.78902],[144.59023,-37.79139],[144.58893,-37.79315],[144.59229,-37.79358],[144.60472,-37.79469],[144.63202,-37.79791],[144.63879,-37.7986],[144.6867,-37.80404],[144.70494,-37.80605],[144.70889,-37.80686],[144.75078,-37.81037],[144.75097,-37.81046],[144.80809,-37.81533],[144.80731,-37.8048],[144.80646,-37.80322],[144.80377,-37.80138],[144.80228,-37.80101],[144.79489,-37.80024],[144.7901,-37.79886],[144.78865,-37.79771],[144.7876,-37.79585],[144.78739,-37.79197],[144.78836,-37.78718],[144.78976,-37.78408],[144.79115,-37.78191]]]},"properties":{"district":"Kororoit"}},{"type":"Feature","geometry":{"type":"Polygon","coordinates":[[[144.23947,-37.97259],[144.24158,-37.97364],[144.24015,-37.97565],[144.24016,-37.97729],[144.24183,-37.97824],[144.24251,-37.98033],[144.24089,-37.98055],[144.24014,-37.98334],[144.24245,-37.98298],[144.24736,-37.98694],[144.24527,-37.98926],[144.24697,-37.98989],[144.24649,-37.99252],[144.24544,-37.99328],[144.24684,-37.99726],[144.24645,-37.99781],[144.24338,-37.9981],[144.24358,-37.99962],[144.24275,-38.00445],[144.24074,-38.00806],[144.24281,-38.0098],[144.24299,-38.01174],[144.24459,-38.01176],[144.24686,-38.01626],[144.24685,-38.01829],[144.25017,-38.01963],[144.25172,-38.02144],[144.25195,-38.02372],[144.25011,-38.02306],[144.24965,-38.02528],[144.2502,-38.02745],[144.25112,-38.02825],[144.25057,-38.03011],[144.2512,-38.03145],[144.25343,-38.03297],[144.25578,-38.03338],[144.25837,-38.03537],[144.25851,-38.03781],[144.25675,-38.03917],[144.26032,-38.04071],[144.2609,-38.04227],[144.26059,-38.04402],[144.2622,-38.04438],[144.26278,-38.04547],[144.26135,-38.04639],[144.26142,-38.04844],[144.2631,-38.05039],[144.26263,-38.0554],[144.25957,-38.05953],[144.25832,-38.0598],[144.25972,-38.06188],[144.25931,-38.06263],[144.25964,-38.06576],[144.26207,-38.06664],[144.26528,-38.06649],[144.26757,-38.06754],[144.26913,-38.0676],[144.27146,-38.06605],[144.27288,-38.06574],[144.27487,-38.06759],[144.27686,-38.0682],[144.27667,-38.06999],[144.27836,-38.07052],[144.27917,-38.07253],[144.2813,-38.07304],[144.28425,-38.07743],[144.28594,-38.07797],[144.28602,-38.07943],[144.28387,-38.08035],[144.2845,-38.0814],[144.284,-38.08319],[144.28068,-38.08375],[144.28049,-38.08509],[144.27863,-38.08692],[144.27801,-38.08867],[144.27847,-38.09079],[144.27695,-38.09248],[144.27509,-38.09356],[144.2789,-38.09587],[144.27877,-38.0973],[144.28041,-38.09871],[144.28174,-38.09816],[144.2842,-38.09934],[144.28863,-38.09865],[144.28866,-38.10019],[144.29041,-38.1016],[144.29116,-38.10393],[144.29262,-38.10459],[144.29496,-38.10431],[144.29766,-38.10495],[144.29912,-38.10599],[144.30019,-38.10871],[144.30239,-38.10875],[144.30478,-38.11098],[144.30701,-38.11006],[144.3077,-38.11071],[144.30667,-38.11234],[144.30459,-38.11351],[144.30627,-38.11452],[144.30817,-38.11386],[144.30953,-38.11595],[144.3133,-38.11516],[144.3151,-38.11547],[144.31586,-38.11663],[144.31492,-38.11819],[144.31291,-38.11908],[144.31034,-38.11834],[144.30936,-38.12136],[144.30995,-38.12448],[144.31082,-38.12527],[144.30801,-38.12947],[144.30839,-38.13185],[144.30741,-38.13398],[144.31109,-38.13235],[144.31414,-38.13007],[144.31597,-38.12785],[144.32015,-38.12832],[144.343,-38.13126],[144.35616,-38.13275],[144.35733,-38.12836],[144.35847,-38.12631],[144.35879,-38.12457],[144.35804,-38.12279],[144.35961,-38.1225],[144.36018,-38.12061],[144.3591,-38.11985],[144.35978,-38.11535],[144.36154,-38.11333],[144.36562,-38.11079],[144.36649,-38.10924],[144.36571,-38.10821],[144.36097,-38.1067],[144.3614,-38.10479],[144.36564,-38.10531],[144.36741,-38.10474],[144.36852,-38.10359],[144.37229,-38.10098],[144.37578,-38.10119],[144.37839,-38.09967],[144.38056,-38.0973],[144.38135,-38.09746],[144.38322,-38.09197],[144.38327,-38.08947],[144.38212,-38.08899],[144.383,-38.08407],[144.38533,-38.08229],[144.38637,-38.07942],[144.38875,-38.07788],[144.38934,-38.07672],[144.39232,-38.0752],[144.3978,-38.07373],[144.40115,-38.07607],[144.40407,-38.07765],[144.40542,-38.08051],[144.40704,-38.08274],[144.41035,-38.08586],[144.4151,-38.08831],[144.41727,-38.08717],[144.41965,-38.08658],[144.42501,-38.08628],[144.42985,-38.08574],[144.43457,-38.08602],[144.43696,-38.0872],[144.4393,-38.09054],[144.43751,-38.09356],[144.43846,-38.09617],[144.43992,-38.09448],[144.44387,-38.09378],[144.44538,-38.09256],[144.44609,-38.09093],[144.4487,-38.0874],[144.45044,-38.08573],[144.45292,-38.08458],[144.45333,-38.0836],[144.45773,-38.08429],[144.45922,-38.08286],[144.45941,-38.0795],[144.46063,-38.07832],[144.46281,-38.07764],[144.46582,-38.07894],[144.46608,-38.082],[144.47023,-38.08425],[144.47187,-38.08577],[144.4729,-38.08516],[144.47283,-38.08175],[144.4754,-38.07865],[144.47713,-38.07768],[144.47893,-38.07777],[144.481,-38.07862],[144.48594,-38.07895],[144.4878,-38.08006],[144.49037,-38.0827],[144.49195,-38.08315],[144.49393,-38.08559],[144.49868,-38.08656],[144.49986,-38.08797],[144.50539,-38.08957],[144.50782,-38.09178],[144.51021,-38.08884],[144.51262,-38.08526],[144.51338,-38.08223],[144.51341,-38.07941],[144.51293,-38.07639],[144.51371,-38.07266],[144.51644,-38.06904],[144.51648,-38.06795],[144.51794,-38.06382],[144.51864,-38.0588],[144.52029,-38.05508],[144.52368,-38.05165],[144.52756,-38.04939],[144.54683,-38.04116],[144.55413,-38.03875],[144.55826,-38.03951],[144.56056,-38.03913],[144.562,-38.03781],[144.56132,-38.03608],[144.5617,-38.03475],[144.5645,-38.03333],[144.56625,-38.02849],[144.57033,-38.02436],[144.57224,-38.02308],[144.57433,-38.02243],[144.57594,-38.02258],[144.58179,-38.02399],[144.58212,-38.02328],[144.58049,-38.02068],[144.58093,-38.01564],[144.58136,-38.01421],[144.58457,-38.01092],[144.58852,-38.00832],[144.59288,-38.00649],[144.59158,-38.00444],[144.58325,-38.00253],[144.58021,-38.00248],[144.57671,-38.0013],[144.57338,-37.99921],[144.57203,-37.99787],[144.57199,-37.99643],[144.57321,-37.99604],[144.57339,-37.99436],[144.57207,-37.99223],[144.57088,-37.99139],[144.56936,-37.98902],[144.56835,-37.98838],[144.56838,-37.98528],[144.56624,-37.98472],[144.56651,-37.98642],[144.56379,-37.98656],[144.56084,-37.98471],[144.55464,-37.98479],[144.55219,-37.98185],[144.55099,-37.97951],[144.54962,-37.97881],[144.55049,-37.97586],[144.54853,-37.97465],[144.5472,-37.97181],[144.54462,-37.97228],[144.54222,-37.9714],[144.54028,-37.97137],[144.53655,-37.97246],[144.53368,-37.97133],[144.53196,-37.97127],[144.52669,-37.97404],[144.52406,-37.97339],[144.52365,-37.97525],[144.52264,-37.97618],[144.52321,-37.97926],[144.52187,-37.98049],[144.52063,-37.98014],[144.51803,-37.98094],[144.51577,-37.97937],[144.51326,-37.97954],[144.51146,-37.97777],[144.50922,-37.97854],[144.50837,-37.97735],[144.50853,-37.97456],[144.50732,-37.97398],[144.50493,-37.97414],[144.50265,-37.97538],[144.50118,-37.97553],[144.49763,-37.974],[144.49581,-37.97429],[144.4948,-37.97085],[144.49474,-37.96775],[144.49524,-37.96562],[144.49642,-37.96435],[144.49382,-37.96239],[144.48871,-37.9604],[144.48845,-37.95749],[144.48528,-37.95511],[144.4844,-37.9533],[144.48235,-37.9522],[144.47989,-37.94995],[144.48004,-37.94914],[144.47714,-37.94598],[144.47731,-37.94502],[144.47961,-37.94438],[144.47962,-37.94235],[144.47692,-37.94197],[144.47678,-37.93983],[144.47885,-37.93883],[144.47678,-37.93655],[144.47467,-37.93659],[144.47415,-37.93416],[144.4769,-37.933],[144.47717,-37.93145],[144.47558,-37.92782],[144.47899,-37.9276],[144.48068,-37.92517],[144.4809,-37.92344],[144.4825,-37.92273],[144.48099,-37.92144],[144.47841,-37.92237],[144.47694,-37.92208],[144.47742,-37.91791],[144.47642,-37.91646],[144.47851,-37.91486],[144.47873,-37.91246],[144.47829,-37.91052],[144.48142,-37.90906],[144.48467,-37.90915],[144.48408,-37.90245],[144.48271,-37.90227],[144.48109,-37.89937],[144.48135,-37.89702],[144.47959,-37.895],[144.48031,-37.8944],[144.48018,-37.89134],[144.48091,-37.89056],[144.48013,-37.8889],[144.47687,-37.88731],[144.47416,-37.88677],[144.47307,-37.88823],[144.47153,-37.88645],[144.47244,-37.88508],[144.47296,-37.88283],[144.4693,-37.88419],[144.46352,-37.87705],[144.46294,-37.87513],[144.46057,-37.87369],[144.45832,-37.87396],[144.45604,-37.87197],[144.45567,-37.86997],[144.45435,-37.86887],[144.45471,-37.86762],[144.45303,-37.86708],[144.45026,-37.86754],[144.44922,-37.86865],[144.44734,-37.86768],[144.44719,-37.86493],[144.44619,-37.86402],[144.44418,-37.86402],[144.44217,-37.86324],[144.44133,-37.86162],[144.44188,-37.86051],[144.4405,-37.8597],[144.43506,-37.85527],[144.43339,-37.85465],[144.43041,-37.85809],[144.42891,-37.85609],[144.42801,-37.85195],[144.42544,-37.85078],[144.42473,-37.84903],[144.42268,-37.8479],[144.42162,-37.84534],[144.42199,-37.84274],[144.42302,-37.84027],[144.42202,-37.83976],[144.42189,-37.8369],[144.42315,-37.83588],[144.423,-37.8339],[144.42066,-37.83307],[144.41989,-37.83213],[144.41999,-37.82938],[144.41797,-37.82704],[144.42043,-37.82581],[144.42099,-37.82448],[144.41996,-37.82253],[144.42108,-37.82057],[144.42038,-37.81978],[144.41695,-37.81922],[144.41493,-37.81625],[144.41683,-37.81475],[144.41702,-37.81269],[144.41601,-37.80962],[144.41319,-37.80919],[144.41198,-37.80989],[144.40883,-37.8084],[144.40783,-37.80919],[144.40545,-37.80727],[144.4045,-37.80545],[144.40659,-37.80433],[144.40613,-37.80111],[144.40337,-37.80489],[144.39912,-37.81523],[144.36168,-37.8108],[144.36128,-37.81225],[144.35866,-37.82635],[144.35774,-37.82814],[144.355,-37.84302],[144.35433,-37.8449],[144.35066,-37.84268],[144.3474,-37.84208],[144.34571,-37.84302],[144.34542,-37.84488],[144.34166,-37.84482],[144.33931,-37.84437],[144.33749,-37.84328],[144.33525,-37.84392],[144.33425,-37.84531],[144.33193,-37.84628],[144.33016,-37.84623],[144.32974,-37.84509],[144.32682,-37.84382],[144.32504,-37.84495],[144.32212,-37.84411],[144.32091,-37.84262],[144.32139,-37.84176],[144.31871,-37.84014],[144.31739,-37.84049],[144.31653,-37.83893],[144.31523,-37.83848],[144.31484,-37.83706],[144.31221,-37.83639],[144.30842,-37.83672],[144.30521,-37.83657],[144.30519,-37.83488],[144.30327,-37.83462],[144.29984,-37.83098],[144.29672,-37.82881],[144.29425,-37.82893],[144.29601,-37.81957],[144.2911,-37.81897],[144.29102,-37.8194],[144.27447,-37.81752],[144.26516,-37.81597],[144.26361,-37.81166],[144.2481,-37.80966],[144.24707,-37.81251],[144.23817,-37.81137],[144.23857,-37.80916],[144.23344,-37.80854],[144.23262,-37.81125],[144.2224,-37.81008],[144.22127,-37.81309],[144.21739,-37.81912],[144.21546,-37.82056],[144.21255,-37.82121],[144.21127,-37.82207],[144.21144,-37.82412],[144.21069,-37.82498],[144.219,-37.82995],[144.22414,-37.8319],[144.22909,-37.83272],[144.23113,-37.83465],[144.23216,-37.84119],[144.23219,-37.84421],[144.23426,-37.84992],[144.23254,-37.8619],[144.23421,-37.86666],[144.23648,-37.86993],[144.24413,-37.87182],[144.24846,-37.87378],[144.24339,-37.87456],[144.24077,-37.8763],[144.23332,-37.88553],[144.23197,-37.88797],[144.22807,-37.89055],[144.22375,-37.89738],[144.22122,-37.89833],[144.21762,-37.89878],[144.21704,-37.8999],[144.21346,-37.90142],[144.21232,-37.90711],[144.21177,-37.90829],[144.21218,-37.91066],[144.20816,-37.91277],[144.20678,-37.91626],[144.20262,-37.9384],[144.2368,-37.94258],[144.23501,-37.94409],[144.2348,-37.94746],[144.23733,-37.94915],[144.23738,-37.95023],[144.23531,-37.95275],[144.2351,-37.9542],[144.23652,-37.95644],[144.23574,-37.95774],[144.23609,-37.96036],[144.23576,-37.96489],[144.2364,-37.96656],[144.23923,-37.96873],[144.24032,-37.9703],[144.23947,-37.97259]]]},"properties":{"district":"Lara"}},{"type":"Feature","geometry":{"type":"Polygon","coordinates":[[[143.06057,-37.71822],[143.06418,-37.71715],[143.06843,-37.71189],[143.07402,-37.70382],[143.07454,-37.70238],[143.07494,-37.69845],[143.07573,-37.69503],[143.07708,-37.69119],[143.07579,-37.68359],[143.07815,-37.67576],[143.07887,-37.67179],[143.08068,-37.66835],[143.08159,-37.66461],[143.08262,-37.66269],[143.08525,-37.65944],[143.08952,-37.65181],[143.09121,-37.64999],[143.09503,-37.6477],[143.10149,-37.64526],[143.10367,-37.64358],[143.10809,-37.6384],[143.11025,-37.63477],[143.11689,-37.61989],[143.12344,-37.61368],[143.12515,-37.61175],[143.1316,-37.60325],[143.13369,-37.60134],[143.13493,-37.59953],[143.13749,-37.59455],[143.13847,-37.58839],[143.13934,-37.58676],[143.14389,-37.58285],[143.15146,-37.57561],[143.15325,-37.5733],[143.14926,-37.56623],[143.14749,-37.5642],[143.13642,-37.55602],[143.13265,-37.55472],[143.11971,-37.5531],[143.11765,-37.55244],[143.09611,-37.53999],[143.04529,-37.51036],[143.04051,-37.50768],[143.03679,-37.50626],[143.03186,-37.50324],[143.03087,-37.50221],[143.02693,-37.49683],[143.02513,-37.49571],[143.00149,-37.48843],[142.99967,-37.4877],[142.99802,-37.48606],[142.9966,-37.48643],[142.97294,-37.48228],[142.95918,-37.47807],[142.94621,-37.47657],[142.94456,-37.47685],[142.94206,-37.47517],[142.94173,-37.47374],[142.94691,-37.44516],[142.94644,-37.44344],[142.94527,-37.44252],[142.93949,-37.44017],[142.93801,-37.43933],[142.93154,-37.43353],[142.93097,-37.43081],[142.9121,-37.42863],[142.86126,-37.42285],[142.85832,-37.42256],[142.8206,-37.41821],[142.82268,-37.40492],[142.82126,-37.40373],[142.81421,-37.40289],[142.81555,-37.39452],[142.82857,-37.39051],[142.83244,-37.38576],[142.82984,-37.38283],[142.82575,-37.37897],[142.82535,-37.37804],[142.81895,-37.37418],[142.81911,-37.37392],[142.83706,-37.37598],[142.83962,-37.36195],[142.84213,-37.3472],[142.83592,-37.34648],[142.84037,-37.32134],[142.84215,-37.3122],[142.84014,-37.30903],[142.84001,-37.30711],[142.84157,-37.30482],[142.84121,-37.30323],[142.83982,-37.30229],[142.8391,-37.2993],[142.83804,-37.29737],[142.83749,-37.29454],[142.83641,-37.29309],[142.83882,-37.27999],[142.85422,-37.28175],[142.85438,-37.28096],[142.8581,-37.28143],[142.85571,-37.27516],[142.85335,-37.27382],[142.84327,-37.26895],[142.84092,-37.26855],[142.83737,-37.26949],[142.83592,-37.26895],[142.82849,-37.26958],[142.82966,-37.26857],[142.83156,-37.26419],[142.83543,-37.26244],[142.83634,-37.25749],[142.83785,-37.25292],[142.83841,-37.24907],[142.83928,-37.24957],[142.84195,-37.23774],[142.84099,-37.23635],[142.83896,-37.23478],[142.84008,-37.2284],[142.83777,-37.22813],[142.8435,-37.22009],[142.84385,-37.21752],[142.84307,-37.21535],[142.84633,-37.21573],[142.8476,-37.21239],[142.84801,-37.20999],[142.84942,-37.21015],[142.85133,-37.19951],[142.85083,-37.19824],[142.84676,-37.19282],[142.83969,-37.19186],[142.83756,-37.18825],[142.83134,-37.17705],[142.83165,-37.17548],[142.82336,-37.17444],[142.82386,-37.17187],[142.79495,-37.16834],[142.79461,-37.17018],[142.78375,-37.1689],[142.78357,-37.16296],[142.78172,-37.15749],[142.77693,-37.15699],[142.77716,-37.15537],[142.76845,-37.15442],[142.76963,-37.14844],[142.76781,-37.14824],[142.76877,-37.14303],[142.76466,-37.14196],[142.76389,-37.14448],[142.76216,-37.14314],[142.7586,-37.14494],[142.75759,-37.15011],[142.75648,-37.15098],[142.75383,-37.15005],[142.75047,-37.14733],[142.74689,-37.14853],[142.74661,-37.14912],[142.74033,-37.14822],[142.73991,-37.14534],[142.73485,-37.14269],[142.71693,-37.1428],[142.71695,-37.12507],[142.68324,-37.11346],[142.67497,-37.11055],[142.67913,-37.08494],[142.65392,-37.08501],[142.65389,-37.0564],[142.66266,-37.05642],[142.66266,-37.05547],[142.67167,-37.05007],[142.67167,-37.0414],[142.67391,-37.03845],[142.67536,-37.0344],[142.67665,-37.03325],[142.67481,-37.03143],[142.67167,-37.03045],[142.67162,-36.99777],[142.65091,-36.99775],[142.65109,-36.99731],[142.64702,-36.98772],[142.64373,-36.98672],[142.65891,-36.9869],[142.65879,-36.97373],[142.65892,-36.96325],[142.65885,-36.94645],[142.65849,-36.94434],[142.65716,-36.94139],[142.65479,-36.9376],[142.65363,-36.933],[142.65389,-36.93011],[142.65625,-36.92289],[142.65719,-36.91903],[142.65696,-36.91423],[142.65595,-36.91117],[142.65363,-36.90731],[142.64984,-36.9038],[142.63428,-36.89228],[142.6322,-36.88981],[142.63146,-36.88733],[142.63135,-36.85424],[142.6313,-36.85211],[142.6292,-36.84629],[142.62975,-36.84351],[142.63137,-36.83992],[142.6313,-36.82661],[142.63134,-36.79964],[142.63144,-36.76144],[142.69459,-36.76143],[142.73154,-36.76137],[142.72445,-36.75198],[142.71192,-36.73578],[142.7141,-36.72103],[142.73033,-36.69807],[142.74659,-36.67785],[142.76386,-36.65673],[142.79441,-36.63951],[142.80645,-36.61498],[142.80448,-36.6133],[142.80789,-36.60639],[142.81113,-36.60528],[142.8164,-36.59425],[142.81637,-36.57233],[142.78269,-36.57225],[142.767,-36.56228],[142.73161,-36.55065],[142.73174,-36.52058],[142.73187,-36.52062],[142.73189,-36.49769],[142.78508,-36.49772],[142.78508,-36.49589],[142.7894,-36.49589],[142.78936,-36.47326],[142.79865,-36.47326],[142.79865,-36.45956],[142.79876,-36.45947],[142.81672,-36.45948],[142.81677,-36.43751],[142.79861,-36.43756],[142.79854,-36.40805],[142.76215,-36.4081],[142.76215,-36.40521],[142.73182,-36.40524],[142.7318,-36.39746],[142.74295,-36.39306],[142.73496,-36.37603],[142.73155,-36.37573],[142.73156,-36.32422],[142.73155,-36.29851],[142.71924,-36.30721],[142.72186,-36.29113],[142.72559,-36.29153],[142.72724,-36.28139],[142.74013,-36.28276],[142.74307,-36.26477],[142.72209,-36.26248],[142.7221,-36.23944],[142.72804,-36.23944],[142.72805,-36.22446],[142.7252,-36.22446],[142.72516,-36.20969],[142.73214,-36.20969],[142.7321,-36.18313],[142.73535,-36.18351],[142.73566,-36.183],[142.73694,-36.17582],[142.7356,-36.17117],[142.73659,-36.1656],[142.74168,-36.16619],[142.74218,-36.16332],[142.74601,-36.16376],[142.74784,-36.15335],[142.74252,-36.15273],[142.74339,-36.1478],[142.72785,-36.14779],[142.72895,-36.14681],[142.72896,-36.12071],[142.73202,-36.10335],[142.70365,-36.10004],[142.68089,-36.10003],[142.68089,-36.09625],[142.6316,-36.12546],[142.6316,-36.12046],[142.60424,-36.12044],[142.6043,-36.07129],[142.60441,-35.99783],[142.59342,-35.99792],[142.57794,-35.99781],[142.57398,-35.99787],[142.53712,-35.99787],[142.4652,-35.99785],[142.43958,-35.99788],[142.38846,-35.99786],[142.37589,-35.99807],[142.37358,-35.99786],[142.33208,-35.99789],[142.28681,-35.99784],[142.23897,-35.99787],[142.23898,-35.93264],[142.23903,-35.86832],[142.22101,-35.86832],[142.14934,-35.86813],[142.07725,-35.86787],[142.05882,-35.86778],[141.99729,-35.86754],[141.99703,-35.85696],[141.99724,-35.85381],[141.99725,-35.82466],[141.99611,-35.82424],[141.99919,-35.81474],[141.99951,-35.79786],[142.00369,-35.78944],[142.00838,-35.77422],[142.00806,-35.7717],[142.00984,-35.76369],[142.01016,-35.75522],[142.00994,-35.73996],[142.00799,-35.73375],[142.00492,-35.72617],[141.99884,-35.71612],[141.99214,-35.71069],[141.99743,-35.71073],[141.99727,-35.69862],[141.99728,-35.67265],[141.99724,-35.65389],[141.99495,-35.65389],[141.99493,-35.64388],[141.99749,-35.63957],[141.99746,-35.61369],[141.99747,-35.56612],[141.99748,-35.49844],[141.75314,-35.4984],[141.53825,-35.49853],[141.49946,-35.49851],[141.4995,-35.55185],[141.49957,-35.62533],[141.49976,-35.74858],[141.37776,-35.74851],[141.33291,-35.74853],[141.25133,-35.74852],[141.12633,-35.74852],[141.00133,-35.74852],[140.9631,-35.74853],[140.96349,-35.85979],[140.96374,-35.9314],[140.96385,-35.9626],[140.96389,-35.99607],[140.9655,-36.1596],[140.96566,-36.17588],[140.96646,-36.25717],[140.9671,-36.34387],[140.96735,-36.37396],[140.96759,-36.37479],[140.96763,-36.3815],[140.96776,-36.44937],[140.96754,-36.44992],[140.96778,-36.50491],[140.96853,-36.55134],[140.96871,-36.60383],[140.96891,-36.665],[140.96887,-36.69411],[140.96872,-36.69411],[140.96858,-36.73425],[140.96876,-36.73425],[140.96893,-36.76664],[140.96901,-36.79316],[140.9693,-36.82443],[140.96987,-36.84889],[140.97001,-36.86547],[140.97042,-36.90508],[140.9706,-36.91113],[140.97085,-36.93558],[140.97133,-36.98959],[140.97142,-37.00626],[140.97163,-37.00874],[140.97187,-37.03466],[140.97198,-37.06691],[140.97175,-37.13142],[140.97155,-37.17934],[140.9714,-37.19963],[140.97127,-37.2288],[140.97105,-37.2293],[140.97173,-37.25844],[140.9726,-37.2888],[140.9733,-37.31005],[140.97318,-37.34231],[140.97328,-37.3589],[140.97351,-37.41122],[140.97366,-37.42741],[140.97387,-37.46209],[140.97367,-37.50788],[140.97333,-37.57042],[140.97305,-37.62266],[140.97277,-37.63995],[140.9724,-37.64346],[140.97268,-37.64606],[140.97293,-37.65427],[140.97286,-37.66311],[140.97261,-37.66311],[140.97222,-37.69045],[140.97212,-37.71759],[140.97357,-37.71805],[140.97201,-37.73075],[140.97109,-37.79154],[140.97012,-37.84033],[140.96979,-37.85497],[140.96899,-37.89618],[140.96795,-37.95099],[140.96874,-37.95286],[140.96789,-37.95412],[140.96755,-37.9719],[140.9683,-37.97337],[140.96745,-37.97761],[140.96713,-37.99388],[140.97019,-37.99339],[140.97289,-37.99354],[140.97458,-37.99315],[140.97777,-37.9909],[140.98311,-37.98942],[140.98629,-37.98721],[140.98779,-37.98706],[140.98866,-37.98824],[140.98861,-37.99068],[140.99036,-37.99195],[140.99371,-37.99007],[140.99566,-37.98969],[141.00222,-37.99154],[141.00668,-37.99178],[141.00855,-37.99269],[141.01259,-37.99284],[141.01554,-37.99416],[141.01711,-37.99391],[141.01804,-37.99142],[141.02065,-37.99092],[141.02407,-37.99198],[141.02704,-37.99078],[141.02859,-37.99079],[141.03072,-37.99207],[141.03404,-37.99307],[141.03719,-37.99267],[141.03847,-37.99294],[141.03966,-37.99528],[141.0407,-37.99571],[141.04424,-37.99525],[141.04597,-37.99574],[141.0461,-37.99851],[141.0472,-37.99973],[141.0516,-38.00052],[141.05508,-37.99881],[141.05864,-38.00083],[141.05918,-38.00228],[141.0605,-38.00258],[141.06263,-38.00144],[141.06704,-38.00203],[141.0698,-38.00407],[141.07198,-38.00409],[141.07373,-38.00485],[141.07503,-38.00635],[141.07798,-38.00672],[141.07996,-38.00789],[141.08329,-38.00834],[141.08518,-38.01055],[141.08636,-38.01103],[141.0899,-38.01118],[141.093,-38.01291],[141.09394,-38.01536],[141.09767,-38.01969],[141.0994,-38.02031],[141.10108,-38.01908],[141.10282,-38.01864],[141.10495,-38.01936],[141.10425,-38.02365],[141.10596,-38.02426],[141.10832,-38.02391],[141.11163,-38.02472],[141.11439,-38.02668],[141.1178,-38.02598],[141.12203,-38.02631],[141.12371,-38.02755],[141.1228,-38.02982],[141.12683,-38.03074],[141.12782,-38.02762],[141.12953,-38.02643],[141.13094,-38.02655],[141.13332,-38.02875],[141.13316,-38.03129],[141.13506,-38.03285],[141.13637,-38.0328],[141.13818,-38.03026],[141.13947,-38.03024],[141.14158,-38.03132],[141.14462,-38.03215],[141.14719,-38.0348],[141.14895,-38.03293],[141.15052,-38.03279],[141.15479,-38.03333],[141.15527,-38.03376],[141.15342,-38.03595],[141.15425,-38.0384],[141.15642,-38.03932],[141.16003,-38.04024],[141.15955,-38.04135],[141.15635,-38.04308],[141.15763,-38.04494],[141.16067,-38.04561],[141.165,-38.04819],[141.16602,-38.04651],[141.16749,-38.04666],[141.17114,-38.04792],[141.17258,-38.04735],[141.171,-38.04437],[141.1713,-38.04225],[141.17368,-38.04037],[141.17491,-38.04125],[141.17605,-38.04541],[141.18178,-38.0485],[141.18454,-38.04943],[141.18655,-38.05105],[141.19543,-38.05248],[141.19682,-38.05369],[141.19813,-38.05586],[141.20028,-38.05707],[141.20183,-38.05658],[141.20222,-38.05459],[141.20515,-38.05321],[141.20955,-38.05401],[141.2101,-38.05343],[141.21012,-38.04986],[141.21247,-38.04882],[141.21728,-38.05056],[141.21786,-38.05147],[141.21384,-38.0537],[141.21381,-38.0549],[141.21582,-38.05569],[141.21989,-38.05568],[141.22062,-38.05687],[141.22054,-38.05875],[141.22316,-38.06128],[141.22686,-38.06182],[141.2283,-38.06022],[141.23244,-38.05736],[141.23482,-38.05481],[141.23602,-38.05409],[141.23832,-38.05446],[141.23934,-38.05528],[141.23904,-38.05663],[141.23767,-38.05797],[141.23741,-38.06288],[141.23935,-38.06483],[141.24297,-38.06626],[141.2454,-38.06591],[141.24869,-38.06479],[141.249,-38.06395],[141.24463,-38.0629],[141.24376,-38.06235],[141.24277,-38.05929],[141.24591,-38.05567],[141.24145,-38.05356],[141.24016,-38.05233],[141.24309,-38.04691],[141.24133,-38.04471],[141.24216,-38.04268],[141.24438,-38.04118],[141.24396,-38.03878],[141.24547,-38.03744],[141.24947,-38.03851],[141.25156,-38.03966],[141.25354,-38.04223],[141.25649,-38.04371],[141.25781,-38.04601],[141.26051,-38.04917],[141.26152,-38.04979],[141.26476,-38.05047],[141.26709,-38.05305],[141.26861,-38.05415],[141.27161,-38.05312],[141.27443,-38.05044],[141.2764,-38.04916],[141.27799,-38.04707],[141.27621,-38.04337],[141.27328,-38.04132],[141.27343,-38.03987],[141.27659,-38.03752],[141.27643,-38.03453],[141.27218,-38.03316],[141.27253,-38.02913],[141.26538,-38.02833],[141.26491,-38.02797],[141.26913,-38.0213],[141.26943,-38.01992],[141.26613,-38.01979],[141.26263,-38.01844],[141.26013,-38.01813],[141.25726,-38.01865],[141.25574,-38.0181],[141.25456,-38.01559],[141.25465,-38.01402],[141.25817,-38.01118],[141.26027,-38.01069],[141.26426,-38.01105],[141.26682,-38.00872],[141.26795,-38.00686],[141.26759,-38.00563],[141.26519,-38.0043],[141.26391,-38.00447],[141.262,-38.00587],[141.25773,-38.00321],[141.25772,-38.00173],[141.25985,-37.99875],[141.2599,-37.99774],[141.25748,-37.99345],[141.25494,-37.99427],[141.25285,-37.99431],[141.25253,-37.98603],[141.25226,-37.98408],[141.24947,-37.98393],[141.24704,-37.98806],[141.24589,-37.98932],[141.24136,-37.98488],[141.24187,-37.98418],[141.24449,-37.98421],[141.24714,-37.98263],[141.2489,-37.98209],[141.25122,-37.98217],[141.2528,-37.98109],[141.25214,-37.97982],[141.24753,-37.98005],[141.24545,-37.97882],[141.2454,-37.97683],[141.2427,-37.97312],[141.24515,-37.9717],[141.24731,-37.97106],[141.24912,-37.97229],[141.25077,-37.97446],[141.25218,-37.97424],[141.25588,-37.97023],[141.25707,-37.96946],[141.25882,-37.96644],[141.26206,-37.96608],[141.26293,-37.96398],[141.26325,-37.96055],[141.26502,-37.95886],[141.26545,-37.95741],[141.26685,-37.95694],[141.26801,-37.95882],[141.27013,-37.95966],[141.2739,-37.95874],[141.27308,-37.95697],[141.27376,-37.95442],[141.27296,-37.95287],[141.26963,-37.95021],[141.26633,-37.94624],[141.26616,-37.94401],[141.26858,-37.94273],[141.27,-37.94487],[141.27402,-37.94588],[141.27482,-37.94353],[141.2789,-37.94321],[141.28144,-37.94255],[141.28088,-37.94039],[141.28237,-37.93939],[141.28161,-37.93572],[141.28183,-37.93316],[141.27992,-37.93225],[141.27785,-37.92926],[141.2787,-37.92808],[141.28058,-37.92752],[141.27961,-37.92598],[141.28185,-37.92515],[141.28341,-37.92647],[141.28754,-37.92801],[141.29089,-37.92744],[141.29303,-37.92981],[141.29613,-37.92907],[141.2968,-37.92784],[141.29887,-37.92728],[141.30329,-37.92915],[141.30842,-37.9332],[141.30993,-37.93582],[141.31313,-37.93698],[141.31511,-37.93552],[141.31998,-37.93536],[141.3209,-37.9344],[141.32508,-37.93508],[141.32715,-37.93418],[141.32964,-37.93582],[141.33179,-37.93549],[141.33463,-37.93612],[141.33623,-37.9353],[141.33933,-37.93558],[141.34235,-37.93477],[141.34328,-37.93115],[141.34472,-37.93133],[141.3459,-37.92991],[141.34784,-37.92992],[141.34978,-37.93091],[141.35197,-37.93282],[141.35433,-37.93344],[141.35681,-37.93276],[141.35882,-37.9339],[141.35795,-37.93622],[141.36037,-37.937],[141.36299,-37.93694],[141.36514,-37.93607],[141.36649,-37.93714],[141.36947,-37.93646],[141.37252,-37.93811],[141.37636,-37.93615],[141.37811,-37.93202],[141.38321,-37.93207],[141.38529,-37.93314],[141.38554,-37.93453],[141.38738,-37.93485],[141.38854,-37.93383],[141.39168,-37.93297],[141.39233,-37.93065],[141.39666,-37.92968],[141.3994,-37.92969],[141.40275,-37.93027],[141.40742,-37.92822],[141.41187,-37.92893],[141.41246,-37.92756],[141.41146,-37.92433],[141.41346,-37.91881],[141.41557,-37.91643],[141.4189,-37.91604],[141.42033,-37.9184],[141.42674,-37.91952],[141.42803,-37.92179],[141.43114,-37.92169],[141.43397,-37.92078],[141.43374,-37.92419],[141.43775,-37.92608],[141.43887,-37.92822],[141.4407,-37.92998],[141.44085,-37.93168],[141.44354,-37.9373],[141.44675,-37.93863],[141.44844,-37.94135],[141.45109,-37.94366],[141.45202,-37.9464],[141.45372,-37.94692],[141.45391,-37.94886],[141.45218,-37.95099],[141.45455,-37.95231],[141.45436,-37.95383],[141.45486,-37.95721],[141.45452,-37.95894],[141.45279,-37.96297],[141.45278,-37.96634],[141.45442,-37.96874],[141.45429,-37.9718],[141.45356,-37.97305],[141.45469,-37.97576],[141.45489,-37.97778],[141.45585,-37.97866],[141.45491,-37.98012],[141.45607,-37.98143],[141.45953,-37.98219],[141.46037,-37.98405],[141.46179,-37.98461],[141.46339,-37.98681],[141.46642,-37.98702],[141.46866,-37.98616],[141.46942,-37.98392],[141.47206,-37.98201],[141.47463,-37.98135],[141.47331,-37.97794],[141.46847,-37.97758],[141.46824,-37.97646],[141.46652,-37.97547],[141.46724,-37.97228],[141.46981,-37.97144],[141.47222,-37.97121],[141.47284,-37.97035],[141.46944,-37.96716],[141.46917,-37.96331],[141.47467,-37.95786],[141.47387,-37.95617],[141.47149,-37.95478],[141.46855,-37.95365],[141.4669,-37.95455],[141.46524,-37.95455],[141.46288,-37.95372],[141.46152,-37.95267],[141.45998,-37.95006],[141.45808,-37.94993],[141.45825,-37.94855],[141.46003,-37.94753],[141.45868,-37.94571],[141.46457,-37.94311],[141.46597,-37.94192],[141.46937,-37.94059],[141.46962,-37.93997],[141.4673,-37.93711],[141.46953,-37.9328],[141.47135,-37.93342],[141.4726,-37.93196],[141.47536,-37.9317],[141.47803,-37.93232],[141.48385,-37.93296],[141.48571,-37.93232],[141.48867,-37.93273],[141.49048,-37.9344],[141.49265,-37.93452],[141.49425,-37.93567],[141.49932,-37.93589],[141.5008,-37.93529],[141.50386,-37.93503],[141.50565,-37.93532],[141.50722,-37.9343],[141.51114,-37.93403],[141.5174,-37.93301],[141.52051,-37.9321],[141.524,-37.93343],[141.52838,-37.93224],[141.53035,-37.93218],[141.53258,-37.93023],[141.53543,-37.93031],[141.53897,-37.93094],[141.54396,-37.92976],[141.54527,-37.92834],[141.55137,-37.92659],[141.55223,-37.92493],[141.55401,-37.92451],[141.55487,-37.92243],[141.55683,-37.92222],[141.55908,-37.92268],[141.5619,-37.92633],[141.56458,-37.92814],[141.56716,-37.92821],[141.57022,-37.9271],[141.57274,-37.92768],[141.57638,-37.92645],[141.57973,-37.92736],[141.58186,-37.92951],[141.58519,-37.93174],[141.58729,-37.93177],[141.59027,-37.93456],[141.59611,-37.93409],[141.59866,-37.93413],[141.60181,-37.93334],[141.60686,-37.93119],[141.61074,-37.9305],[141.61494,-37.93072],[141.61817,-37.93216],[141.62337,-37.93245],[141.62469,-37.93294],[141.62615,-37.93605],[141.62848,-37.93754],[141.63139,-37.93687],[141.63497,-37.93397],[141.637,-37.93123],[141.64063,-37.92712],[141.64273,-37.92549],[141.64631,-37.92491],[141.65045,-37.92276],[141.65333,-37.91925],[141.65674,-37.91628],[141.65669,-37.91469],[141.65752,-37.9123],[141.65646,-37.9115],[141.6557,-37.90883],[141.65674,-37.90723],[141.65674,-37.90467],[141.66077,-37.90355],[141.6639,-37.90182],[141.66877,-37.89856],[141.6742,-37.89898],[141.67772,-37.8984],[141.68107,-37.8961],[141.68388,-37.89476],[141.68527,-37.89287],[141.6835,-37.88996],[141.68868,-37.88771],[141.68934,-37.88566],[141.68813,-37.88458],[141.69369,-37.88265],[141.69614,-37.88255],[141.69808,-37.88337],[141.6995,-37.88273],[141.7004,-37.881],[141.70345,-37.88027],[141.70839,-37.87964],[141.711,-37.87882],[141.7134,-37.87732],[141.71609,-37.87643],[141.71813,-37.87455],[141.72079,-37.87379],[141.72503,-37.87138],[141.72941,-37.87027],[141.73121,-37.88106],[141.73223,-37.89536],[141.73907,-37.89533],[141.74538,-37.89677],[141.7792,-37.90024],[141.79011,-37.88871],[141.83128,-37.89263],[141.83106,-37.89166],[141.8314,-37.88653],[141.82988,-37.88296],[141.82732,-37.87948],[141.82701,-37.87816],[141.82866,-37.86832],[141.83292,-37.86943],[141.83479,-37.87087],[141.83871,-37.87134],[141.85578,-37.87674],[141.85963,-37.87706],[141.8659,-37.87652],[141.8738,-37.87713],[141.88013,-37.87883],[141.88413,-37.88279],[141.89301,-37.88442],[141.89552,-37.88416],[141.9013,-37.88632],[141.91901,-37.8863],[141.9162,-37.90425],[141.91489,-37.91185],[141.91465,-37.91198],[141.8945,-37.91198],[141.89452,-37.92312],[141.86905,-37.92733],[141.86627,-37.92881],[141.86775,-37.93211],[141.87025,-37.93613],[141.8707,-37.93738],[141.87301,-37.93909],[141.87474,-37.94106],[141.87696,-37.9406],[141.881,-37.94205],[141.88466,-37.94255],[141.89924,-37.95162],[141.91535,-37.96386],[141.92044,-37.96366],[141.93182,-37.96211],[141.93661,-37.96433],[141.93991,-37.96457],[141.94209,-37.96596],[141.94689,-37.96783],[141.95039,-37.96956],[141.95185,-37.96956],[141.95797,-37.97192],[141.96005,-37.97321],[141.96239,-37.97246],[141.964,-37.97136],[141.96597,-37.97103],[141.96837,-37.97218],[141.97318,-37.9725],[141.97492,-37.97179],[141.97788,-37.97155],[141.98185,-37.97172],[141.98299,-37.97031],[141.98512,-37.97127],[141.9869,-37.97017],[141.98716,-37.96887],[141.98886,-37.96785],[141.98874,-37.96541],[141.99407,-37.9629],[141.99395,-37.96175],[141.99656,-37.95897],[142.00051,-37.95902],[142.00336,-37.95973],[142.00681,-37.95933],[142.00758,-37.95682],[142.0108,-37.9559],[142.01579,-37.95806],[142.01927,-37.95779],[142.02236,-37.95479],[142.02466,-37.95375],[142.02582,-37.95201],[142.02782,-37.95145],[142.03034,-37.9488],[142.03143,-37.94817],[142.04981,-37.94785],[142.08445,-37.94731],[142.08478,-37.94736],[142.11474,-37.94703],[142.11284,-37.9568],[142.13386,-37.95651],[142.13456,-37.95515],[142.13675,-37.95411],[142.13595,-37.94991],[142.14074,-37.94983],[142.14513,-37.95174],[142.14773,-37.95078],[142.14931,-37.95102],[142.15067,-37.95294],[142.15481,-37.95191],[142.1548,-37.94669],[142.1583,-37.94608],[142.16181,-37.94422],[142.16223,-37.94344],[142.16221,-37.94002],[142.16358,-37.94004],[142.16524,-37.94156],[142.16732,-37.94515],[142.17085,-37.9447],[142.17465,-37.94621],[142.17725,-37.94564],[142.17869,-37.94462],[142.1776,-37.94207],[142.17978,-37.94029],[142.18862,-37.93812],[142.18984,-37.93705],[142.19323,-37.93902],[142.20305,-37.93764],[142.2049,-37.93601],[142.2069,-37.93626],[142.20977,-37.93728],[142.21405,-37.93731],[142.21407,-37.93443],[142.25402,-37.93398],[142.30496,-37.93332],[142.30541,-37.93334],[142.36566,-37.9328],[142.4136,-37.93223],[142.42014,-37.93223],[142.42203,-37.93364],[142.42381,-37.93391],[142.42561,-37.93311],[142.42664,-37.93389],[142.42669,-37.93648],[142.42976,-37.93708],[142.43092,-37.93628],[142.43374,-37.93783],[142.43479,-37.93655],[142.4381,-37.93597],[142.44012,-37.93672],[142.44069,-37.93856],[142.44219,-37.93879],[142.44442,-37.94143],[142.44821,-37.94197],[142.45199,-37.94056],[142.45421,-37.94158],[142.45772,-37.94092],[142.46542,-37.94172],[142.47485,-37.94294],[142.50134,-37.94619],[142.50415,-37.946],[142.50527,-37.94644],[142.51252,-37.94731],[142.51974,-37.95045],[142.52587,-37.95075],[142.5308,-37.95236],[142.53279,-37.95217],[142.53917,-37.9486],[142.54026,-37.94734],[142.54403,-37.9459],[142.55107,-37.93781],[142.55279,-37.93451],[142.55463,-37.93245],[142.5577,-37.92793],[142.55917,-37.92693],[142.56268,-37.92629],[142.56402,-37.9255],[142.56813,-37.92143],[142.61625,-37.92732],[142.62055,-37.90575],[142.63864,-37.908],[142.64284,-37.8867],[142.65122,-37.89424],[142.65465,-37.90068],[142.65838,-37.90113],[142.66062,-37.88954],[142.6618,-37.88884],[142.6798,-37.89124],[142.68105,-37.8852],[142.69919,-37.8875],[142.70651,-37.85037],[142.7093,-37.8358],[142.72071,-37.83727],[142.72252,-37.82804],[142.75025,-37.81918],[142.75719,-37.81337],[142.75761,-37.81276],[142.82186,-37.82014],[142.83969,-37.82214],[142.84222,-37.80786],[142.86079,-37.80993],[142.8614,-37.80645],[142.87947,-37.80844],[142.87527,-37.83193],[142.87576,-37.83342],[142.8794,-37.83658],[142.88173,-37.83403],[142.88618,-37.83089],[142.90261,-37.81665],[142.90409,-37.81578],[142.91504,-37.81141],[142.92266,-37.80742],[142.92413,-37.80615],[142.9267,-37.80179],[142.92793,-37.80089],[142.92972,-37.80086],[142.93429,-37.80271],[142.93728,-37.80215],[142.94324,-37.79815],[142.9444,-37.7969],[142.94685,-37.79304],[142.951,-37.78989],[142.95254,-37.78941],[142.95647,-37.78921],[142.96122,-37.78773],[142.96323,-37.7867],[142.9667,-37.78404],[142.97124,-37.78182],[142.97725,-37.77827],[142.98207,-37.7742],[142.98414,-37.77327],[142.98969,-37.77229],[142.99671,-37.76995],[143.00342,-37.76727],[143.03528,-37.75203],[143.04055,-37.74852],[143.0472,-37.74367],[143.04969,-37.74092],[143.05309,-37.73896],[143.05436,-37.73647],[143.05591,-37.72371],[143.05755,-37.7203],[143.06057,-37.71822]]]},"properties":{"district":"Lowan"}},{"type":"Feature","geometry":{"type":"Polygon","coordinates":[[[144.31159,-36.944],[144.30822,-36.96263],[144.30856,-36.96726],[144.30742,-36.97236],[144.30837,-36.97608],[144.3093,-36.97676],[144.31089,-36.98127],[144.31841,-36.98586],[144.32031,-36.98627],[144.32199,-36.98926],[144.3243,-36.98835],[144.32272,-36.9968],[144.31744,-37.02597],[144.32164,-37.0252],[144.32227,-37.02764],[144.32964,-37.05132],[144.32642,-37.06827],[144.31669,-37.06673],[144.31787,-37.06846],[144.31275,-37.0707],[144.31384,-37.07232],[144.31186,-37.07319],[144.31023,-37.07075],[144.30766,-37.07188],[144.31196,-37.07663],[144.30808,-37.07625],[144.30666,-37.08343],[144.30237,-37.08347],[144.29861,-37.08509],[144.30043,-37.08931],[144.30153,-37.09063],[144.30009,-37.09175],[144.29983,-37.09346],[144.30138,-37.09364],[144.30032,-37.0961],[144.29866,-37.0975],[144.29803,-37.09905],[144.29891,-37.10014],[144.2972,-37.10312],[144.30043,-37.10424],[144.29957,-37.10673],[144.30259,-37.10738],[144.30086,-37.11918],[144.28403,-37.11731],[144.28379,-37.11789],[144.24662,-37.1135],[144.24754,-37.10841],[144.24505,-37.10812],[144.24153,-37.11023],[144.24099,-37.1099],[144.2374,-37.11077],[144.23652,-37.11605],[144.23593,-37.11598],[144.23464,-37.12228],[144.23012,-37.12169],[144.22916,-37.12689],[144.22569,-37.12594],[144.22388,-37.129],[144.222,-37.13062],[144.21748,-37.13308],[144.21441,-37.13423],[144.21205,-37.13658],[144.21486,-37.13895],[144.21255,-37.14032],[144.21101,-37.13996],[144.20499,-37.14078],[144.20317,-37.14169],[144.1998,-37.14154],[144.19443,-37.14274],[144.19527,-37.14496],[144.19523,-37.14729],[144.19793,-37.14767],[144.19703,-37.15364],[144.19418,-37.15321],[144.19236,-37.15547],[144.19206,-37.15704],[144.18768,-37.15649],[144.18498,-37.16065],[144.18746,-37.16296],[144.18805,-37.16584],[144.18518,-37.16724],[144.18049,-37.16654],[144.17884,-37.16722],[144.17819,-37.16517],[144.17331,-37.16407],[144.16426,-37.16301],[144.16412,-37.16374],[144.15664,-37.16286],[144.15618,-37.16131],[144.14721,-37.16182],[144.14623,-37.16157],[144.12156,-37.15875],[144.12249,-37.15322],[144.11199,-37.15201],[144.1021,-37.15105],[144.09585,-37.15011],[144.09615,-37.14848],[144.09179,-37.14973],[144.07427,-37.1476],[144.0718,-37.16007],[144.07085,-37.16309],[144.06999,-37.16299],[144.0677,-37.1752],[144.06905,-37.17539],[144.06841,-37.17965],[144.06746,-37.18041],[144.06604,-37.18877],[144.06601,-37.19288],[144.06412,-37.20236],[144.0612,-37.20198],[144.06006,-37.20788],[144.06741,-37.21051],[144.06544,-37.21389],[144.06488,-37.21719],[144.06596,-37.22064],[144.06564,-37.22346],[144.06594,-37.22499],[144.06415,-37.22994],[144.06203,-37.23266],[144.06067,-37.23593],[144.06037,-37.23821],[144.06193,-37.24149],[144.06431,-37.24458],[144.06245,-37.25207],[144.05868,-37.2515],[144.05815,-37.25387],[144.05996,-37.25822],[144.06542,-37.25878],[144.06325,-37.27142],[144.06535,-37.2726],[144.0652,-37.27531],[144.06449,-37.27716],[144.06599,-37.27779],[144.06674,-37.27909],[144.06546,-37.28414],[144.06759,-37.28418],[144.0691,-37.28611],[144.07094,-37.28744],[144.07483,-37.29462],[144.07507,-37.29606],[144.07721,-37.29765],[144.0783,-37.29917],[144.08039,-37.29991],[144.08104,-37.3047],[144.08062,-37.30544],[144.08391,-37.3067],[144.08274,-37.30876],[144.08653,-37.31009],[144.09072,-37.30993],[144.09347,-37.30858],[144.09592,-37.31154],[144.09294,-37.31291],[144.0952,-37.31605],[144.09806,-37.31736],[144.09731,-37.32043],[144.09752,-37.32387],[144.09664,-37.325],[144.09696,-37.32687],[144.09578,-37.32852],[144.09551,-37.33129],[144.09564,-37.33726],[144.06723,-37.33298],[144.06822,-37.3356],[144.06731,-37.33585],[144.06506,-37.33979],[144.06293,-37.34041],[144.06345,-37.34159],[144.06365,-37.34532],[144.06533,-37.34688],[144.0623,-37.34778],[144.05955,-37.34969],[144.05997,-37.35863],[144.06559,-37.35804],[144.06771,-37.35902],[144.06465,-37.37707],[144.06694,-37.37738],[144.06611,-37.38191],[144.07058,-37.38248],[144.06993,-37.38627],[144.07145,-37.38649],[144.07051,-37.39103],[144.07193,-37.39095],[144.07882,-37.38884],[144.08192,-37.38911],[144.08675,-37.38903],[144.08901,-37.39175],[144.09216,-37.39202],[144.08313,-37.4533],[144.08496,-37.45149],[144.08711,-37.45074],[144.12524,-37.45386],[144.12705,-37.45587],[144.12733,-37.45737],[144.12924,-37.46022],[144.12866,-37.46246],[144.12812,-37.46686],[144.12824,-37.46944],[144.12926,-37.47099],[144.12802,-37.47196],[144.12791,-37.47417],[144.14557,-37.47064],[144.16455,-37.46693],[144.16571,-37.46269],[144.16572,-37.46114],[144.16466,-37.45491],[144.16522,-37.45414],[144.1677,-37.45316],[144.16864,-37.4496],[144.16981,-37.44901],[144.17259,-37.45052],[144.17934,-37.45128],[144.17989,-37.44829],[144.17681,-37.44782],[144.17487,-37.44823],[144.17413,-37.44743],[144.1741,-37.44524],[144.17477,-37.44395],[144.17537,-37.44041],[144.17393,-37.43605],[144.26219,-37.44614],[144.26208,-37.44921],[144.2629,-37.45209],[144.26203,-37.45479],[144.26371,-37.45453],[144.26234,-37.45727],[144.26363,-37.45836],[144.26184,-37.45945],[144.26142,-37.46343],[144.26036,-37.46453],[144.26046,-37.46622],[144.25909,-37.46829],[144.25942,-37.46993],[144.25896,-37.47277],[144.25807,-37.47399],[144.2571,-37.47785],[144.26099,-37.48156],[144.26628,-37.48252],[144.26798,-37.48231],[144.27007,-37.48558],[144.27087,-37.48794],[144.2672,-37.48959],[144.26588,-37.49119],[144.26487,-37.49379],[144.26454,-37.49636],[144.26079,-37.50066],[144.26069,-37.5021],[144.25868,-37.50284],[144.25531,-37.50492],[144.25528,-37.50789],[144.25665,-37.50994],[144.25797,-37.51307],[144.25878,-37.51642],[144.26153,-37.51794],[144.26144,-37.52199],[144.26253,-37.52365],[144.26423,-37.52379],[144.26341,-37.52848],[144.26051,-37.52896],[144.25843,-37.53033],[144.25841,-37.53188],[144.25634,-37.53227],[144.25552,-37.53314],[144.25366,-37.53247],[144.25306,-37.53423],[144.25389,-37.53564],[144.25304,-37.53634],[144.25519,-37.53795],[144.25788,-37.54085],[144.26063,-37.54113],[144.26349,-37.54353],[144.2647,-37.54368],[144.26747,-37.54278],[144.27014,-37.54412],[144.27055,-37.5427],[144.27659,-37.54149],[144.28076,-37.54461],[144.28315,-37.54597],[144.28733,-37.54591],[144.28773,-37.5435],[144.29617,-37.5443],[144.29568,-37.54772],[144.30082,-37.54819],[144.30293,-37.54683],[144.30495,-37.54805],[144.30632,-37.55044],[144.30739,-37.54492],[144.30964,-37.54517],[144.30981,-37.54673],[144.31196,-37.54772],[144.31851,-37.54693],[144.31918,-37.54854],[144.31867,-37.54979],[144.31916,-37.55258],[144.31727,-37.55257],[144.31655,-37.55424],[144.3218,-37.55644],[144.32371,-37.55759],[144.32527,-37.55663],[144.32688,-37.55723],[144.32871,-37.55658],[144.33104,-37.55693],[144.33392,-37.55648],[144.3357,-37.55319],[144.34042,-37.54918],[144.34577,-37.5499],[144.34665,-37.55159],[144.34848,-37.55266],[144.35198,-37.55161],[144.35331,-37.55426],[144.35515,-37.5537],[144.35422,-37.5518],[144.35817,-37.55063],[144.36113,-37.55343],[144.36346,-37.55273],[144.36434,-37.55458],[144.36582,-37.55413],[144.36969,-37.53259],[144.37385,-37.53159],[144.37668,-37.53312],[144.37473,-37.534],[144.37528,-37.53547],[144.3766,-37.53553],[144.3781,-37.53674],[144.37938,-37.53666],[144.38091,-37.53806],[144.38235,-37.5405],[144.38377,-37.54063],[144.38508,-37.54373],[144.3879,-37.54335],[144.38866,-37.54613],[144.38811,-37.54773],[144.38525,-37.54839],[144.38646,-37.55159],[144.38503,-37.55258],[144.38514,-37.55368],[144.38822,-37.55427],[144.38783,-37.55595],[144.38621,-37.55821],[144.38683,-37.55921],[144.3904,-37.56017],[144.39201,-37.5594],[144.39335,-37.55978],[144.39497,-37.56191],[144.39621,-37.56129],[144.39739,-37.55944],[144.3984,-37.56034],[144.39726,-37.56141],[144.39818,-37.56478],[144.39765,-37.56601],[144.39937,-37.56776],[144.40223,-37.56705],[144.40314,-37.56831],[144.40368,-37.57156],[144.40105,-37.57169],[144.40255,-37.57359],[144.40633,-37.57387],[144.40149,-37.57685],[144.40529,-37.57984],[144.40314,-37.58175],[144.40228,-37.58342],[144.40058,-37.58184],[144.39936,-37.57937],[144.39798,-37.58518],[144.40101,-37.58885],[144.39835,-37.58998],[144.40062,-37.59134],[144.40189,-37.59336],[144.40257,-37.59557],[144.40868,-37.59729],[144.40886,-37.60006],[144.40993,-37.601],[144.4116,-37.60421],[144.41693,-37.60524],[144.41514,-37.60596],[144.41362,-37.60746],[144.41493,-37.60888],[144.41659,-37.6088],[144.42007,-37.61224],[144.42718,-37.61626],[144.42876,-37.61638],[144.43085,-37.62095],[144.44148,-37.62197],[144.45583,-37.62321],[144.46368,-37.63446],[144.46744,-37.6292],[144.48318,-37.63128],[144.48548,-37.63188],[144.48789,-37.63331],[144.49167,-37.63385],[144.50218,-37.63238],[144.50537,-37.63051],[144.52011,-37.6322],[144.51945,-37.63526],[144.53766,-37.63742],[144.53884,-37.63849],[144.53801,-37.64064],[144.53968,-37.64098],[144.55512,-37.64278],[144.5565,-37.64928],[144.56586,-37.65041],[144.57453,-37.65164],[144.61152,-37.65611],[144.61351,-37.65482],[144.61302,-37.65386],[144.60965,-37.65123],[144.60844,-37.65084],[144.60843,-37.64848],[144.61951,-37.64967],[144.64371,-37.65258],[144.64226,-37.64946],[144.64232,-37.64828],[144.64426,-37.64832],[144.64702,-37.64708],[144.64879,-37.64804],[144.6509,-37.64499],[144.6523,-37.64441],[144.65163,-37.64312],[144.6526,-37.64238],[144.65597,-37.64155],[144.65607,-37.63957],[144.65461,-37.63809],[144.65562,-37.63687],[144.65503,-37.63433],[144.65723,-37.63276],[144.65894,-37.63252],[144.66014,-37.62866],[144.66111,-37.62675],[144.66005,-37.62483],[144.66027,-37.62322],[144.65881,-37.62252],[144.65948,-37.62013],[144.65834,-37.6185],[144.65803,-37.61619],[144.65651,-37.61449],[144.65455,-37.61366],[144.6541,-37.61164],[144.65458,-37.61042],[144.65234,-37.60849],[144.65157,-37.6052],[144.64951,-37.60514],[144.64816,-37.60579],[144.6452,-37.60375],[144.64515,-37.6017],[144.64404,-37.60039],[144.64036,-37.59819],[144.63927,-37.5969],[144.63586,-37.59498],[144.63399,-37.59157],[144.6306,-37.58671],[144.63189,-37.58593],[144.63125,-37.5842],[144.63184,-37.58345],[144.63125,-37.57886],[144.63044,-37.57857],[144.62975,-37.57635],[144.62764,-37.57612],[144.6266,-37.57396],[144.62499,-37.57213],[144.62362,-37.56771],[144.62464,-37.56538],[144.6258,-37.56501],[144.62627,-37.56291],[144.64746,-37.56525],[144.67238,-37.56779],[144.66475,-37.55938],[144.66305,-37.5579],[144.65953,-37.55584],[144.65672,-37.55326],[144.64859,-37.54285],[144.6463,-37.5411],[144.64189,-37.5386],[144.63248,-37.52984],[144.63402,-37.52089],[144.63805,-37.4995],[144.64437,-37.49547],[144.64779,-37.49645],[144.65017,-37.49609],[144.65122,-37.49793],[144.65294,-37.49922],[144.65378,-37.49851],[144.65626,-37.49979],[144.65992,-37.49833],[144.66415,-37.49921],[144.66556,-37.50147],[144.66713,-37.50212],[144.66809,-37.50016],[144.67104,-37.49924],[144.67374,-37.50054],[144.67515,-37.49889],[144.67784,-37.49946],[144.68094,-37.4987],[144.67976,-37.49637],[144.67798,-37.49655],[144.678,-37.49481],[144.67904,-37.49386],[144.68401,-37.49322],[144.68432,-37.4955],[144.68581,-37.49503],[144.68593,-37.49302],[144.6886,-37.49327],[144.68823,-37.48968],[144.69209,-37.48668],[144.69206,-37.48842],[144.69381,-37.48935],[144.69738,-37.48924],[144.69609,-37.48518],[144.69987,-37.48458],[144.70278,-37.48488],[144.7051,-37.48228],[144.70968,-37.48196],[144.71205,-37.4826],[144.71343,-37.48464],[144.7119,-37.48599],[144.71298,-37.48773],[144.71515,-37.48662],[144.71692,-37.4877],[144.71834,-37.48757],[144.71981,-37.48342],[144.72188,-37.48356],[144.72619,-37.48654],[144.7292,-37.48715],[144.73188,-37.48716],[144.7349,-37.49117],[144.73705,-37.49281],[144.73979,-37.49362],[144.74072,-37.4931],[144.73925,-37.48997],[144.74072,-37.48908],[144.74573,-37.49201],[144.7463,-37.49394],[144.74865,-37.49538],[144.75225,-37.49701],[144.75546,-37.49596],[144.75753,-37.49484],[144.75927,-37.49896],[144.76051,-37.49959],[144.76269,-37.4995],[144.76627,-37.50285],[144.76709,-37.50446],[144.77086,-37.50188],[144.77332,-37.50293],[144.7793,-37.5036],[144.82896,-37.51016],[144.83969,-37.51171],[144.87081,-37.51557],[144.87196,-37.5132],[144.86999,-37.51241],[144.86725,-37.51227],[144.86696,-37.51115],[144.8693,-37.50974],[144.86687,-37.50825],[144.86632,-37.50694],[144.86788,-37.50581],[144.86946,-37.50674],[144.87077,-37.50527],[144.86829,-37.50498],[144.86765,-37.50353],[144.87203,-37.50505],[144.87326,-37.5036],[144.87562,-37.50208],[144.87624,-37.50383],[144.8776,-37.50532],[144.88133,-37.50528],[144.88356,-37.50474],[144.88346,-37.50345],[144.88081,-37.50224],[144.88314,-37.49886],[144.88545,-37.49883],[144.8876,-37.49704],[144.8867,-37.49394],[144.88813,-37.49311],[144.89514,-37.49342],[144.8942,-37.49105],[144.89235,-37.49132],[144.89233,-37.48978],[144.89566,-37.48918],[144.89258,-37.48712],[144.89151,-37.48594],[144.89315,-37.48322],[144.8941,-37.48028],[144.89393,-37.47874],[144.89507,-37.47821],[144.89717,-37.47912],[144.8987,-37.47863],[144.89715,-37.47724],[144.89866,-37.47582],[144.90011,-37.47534],[144.89964,-37.47089],[144.89988,-37.46969],[144.9032,-37.4677],[144.90512,-37.4683],[144.90565,-37.4647],[144.90375,-37.4649],[144.9021,-37.46429],[144.90027,-37.46547],[144.89876,-37.46559],[144.8963,-37.46408],[144.89647,-37.46256],[144.89283,-37.46166],[144.89278,-37.46029],[144.89525,-37.46004],[144.89785,-37.45915],[144.89673,-37.45789],[144.89806,-37.45523],[144.89709,-37.45372],[144.898,-37.45159],[144.89432,-37.44997],[144.8974,-37.44823],[144.89858,-37.44646],[144.89665,-37.44608],[144.89696,-37.44455],[144.89898,-37.44469],[144.89998,-37.44252],[144.89999,-37.44049],[144.89759,-37.44068],[144.89726,-37.4389],[144.89965,-37.43826],[144.90144,-37.43622],[144.90012,-37.4348],[144.90152,-37.43341],[144.8999,-37.43136],[144.90147,-37.43087],[144.90039,-37.4284],[144.89839,-37.4273],[144.89686,-37.42804],[144.89577,-37.42658],[144.89558,-37.42377],[144.90034,-37.42404],[144.90227,-37.42381],[144.90411,-37.42024],[144.90158,-37.41723],[144.8988,-37.41522],[144.90237,-37.41456],[144.9037,-37.41339],[144.90187,-37.41253],[144.90204,-37.4097],[144.90115,-37.40847],[144.89932,-37.40824],[144.8989,-37.40703],[144.90071,-37.4062],[144.90274,-37.40675],[144.90427,-37.40612],[144.90332,-37.40476],[144.90719,-37.40128],[144.90863,-37.39322],[144.90934,-37.39287],[144.91169,-37.38167],[144.91387,-37.38072],[144.91528,-37.37694],[144.91507,-37.37474],[144.91865,-37.37226],[144.91882,-37.36993],[144.91972,-37.36801],[144.91942,-37.36486],[144.92102,-37.36326],[144.9152,-37.36243],[144.91787,-37.3481],[144.91779,-37.34799],[144.89216,-37.34519],[144.89317,-37.34304],[144.88852,-37.34226],[144.88742,-37.34099],[144.88785,-37.34004],[144.88671,-37.33816],[144.88752,-37.33734],[144.88524,-37.33609],[144.88488,-37.33457],[144.88329,-37.33472],[144.88353,-37.33634],[144.87913,-37.33738],[144.87762,-37.33687],[144.87649,-37.33418],[144.87453,-37.3334],[144.87431,-37.3311],[144.87114,-37.32968],[144.86754,-37.32981],[144.86657,-37.32924],[144.86425,-37.32422],[144.86033,-37.32543],[144.85888,-37.32666],[144.85715,-37.32578],[144.85668,-37.32309],[144.85099,-37.32197],[144.84931,-37.32241],[144.85149,-37.31049],[144.85584,-37.28551],[144.85305,-37.28797],[144.84833,-37.28874],[144.84567,-37.2901],[144.84128,-37.28808],[144.83739,-37.28853],[144.83555,-37.28765],[144.82815,-37.28582],[144.82521,-37.28406],[144.82496,-37.28061],[144.82415,-37.27931],[144.82229,-37.27199],[144.82637,-37.24954],[144.82904,-37.23567],[144.82567,-37.23141],[144.81668,-37.23019],[144.81881,-37.2228],[144.82007,-37.21921],[144.81118,-37.21741],[144.81235,-37.21393],[144.80345,-37.21207],[144.80263,-37.21475],[144.78563,-37.21306],[144.77771,-37.21972],[144.77756,-37.21506],[144.76957,-37.21512],[144.76962,-37.22073],[144.76212,-37.2208],[144.73138,-37.22055],[144.72946,-37.21813],[144.7126,-37.21468],[144.70381,-37.21296],[144.70598,-37.211],[144.70645,-37.21265],[144.70886,-37.2125],[144.71079,-37.20982],[144.71211,-37.20923],[144.7161,-37.20854],[144.71605,-37.19868],[144.71616,-37.19197],[144.71609,-37.18359],[144.71454,-37.18357],[144.71414,-37.17648],[144.71181,-37.17644],[144.71207,-37.16883],[144.71009,-37.16879],[144.71025,-37.15954],[144.71677,-37.15962],[144.71926,-37.16051],[144.72654,-37.15963],[144.72551,-37.15788],[144.72571,-37.14389],[144.73113,-37.14445],[144.73297,-37.13353],[144.73389,-37.13363],[144.73522,-37.12651],[144.728,-37.12561],[144.72016,-37.12091],[144.71919,-37.11972],[144.71626,-37.11797],[144.71535,-37.1155],[144.71706,-37.11107],[144.71417,-37.10771],[144.71371,-37.10487],[144.71536,-37.10034],[144.69735,-37.10019],[144.69729,-37.10358],[144.69383,-37.10351],[144.69167,-37.10448],[144.69193,-37.10617],[144.6913,-37.10791],[144.67806,-37.10772],[144.67797,-37.10921],[144.67228,-37.10895],[144.67237,-37.10767],[144.61257,-37.10719],[144.60134,-37.10725],[144.59464,-37.10612],[144.59076,-37.10344],[144.58616,-37.10247],[144.58258,-37.10032],[144.58029,-37.09932],[144.57735,-37.10017],[144.57372,-37.09916],[144.57052,-37.10173],[144.56682,-37.10183],[144.56375,-37.10344],[144.56189,-37.10513],[144.55898,-37.10458],[144.55567,-37.10679],[144.55195,-37.10709],[144.55121,-37.1095],[144.54837,-37.1117],[144.54486,-37.11229],[144.54069,-37.11402],[144.53836,-37.11218],[144.53513,-37.11117],[144.53457,-37.11039],[144.53528,-37.10814],[144.53483,-37.10718],[144.53199,-37.10547],[144.53394,-37.10367],[144.53227,-37.10327],[144.5306,-37.10161],[144.53151,-37.09974],[144.53458,-37.10002],[144.53559,-37.09595],[144.53439,-37.09474],[144.53786,-37.09235],[144.5375,-37.09107],[144.53868,-37.08799],[144.53998,-37.08897],[144.54189,-37.08824],[144.53852,-37.08718],[144.53822,-37.08532],[144.53665,-37.08424],[144.53699,-37.08227],[144.5369,-37.07826],[144.53763,-37.07635],[144.53968,-37.07541],[144.53868,-37.07315],[144.5371,-37.07112],[144.537,-37.06956],[144.53781,-37.06814],[144.54109,-37.06753],[144.54336,-37.06798],[144.545,-37.06612],[144.54529,-37.06367],[144.54435,-37.06023],[144.53952,-37.05975],[144.52058,-37.05752],[144.5241,-37.05416],[144.51568,-37.05326],[144.51418,-37.0528],[144.49276,-37.05042],[144.49882,-37.01739],[144.5013,-37.00357],[144.50108,-37.00344],[144.50625,-36.97589],[144.50588,-36.97584],[144.49781,-36.97116],[144.4939,-36.96461],[144.4911,-36.96162],[144.49006,-36.96283],[144.49387,-36.96607],[144.49405,-36.96722],[144.49006,-36.97148],[144.4887,-36.97023],[144.48843,-36.96835],[144.48873,-36.96563],[144.48199,-36.963],[144.48174,-36.96124],[144.47979,-36.96077],[144.48041,-36.9591],[144.4784,-36.9584],[144.47988,-36.95559],[144.47838,-36.95397],[144.4735,-36.95431],[144.47226,-36.95292],[144.47211,-36.95157],[144.4707,-36.9497],[144.46955,-36.95147],[144.468,-36.95215],[144.46625,-36.95133],[144.46515,-36.94993],[144.46056,-36.94935],[144.45943,-36.94817],[144.45972,-36.94662],[144.4631,-36.94436],[144.4599,-36.94317],[144.45937,-36.94212],[144.45776,-36.94198],[144.45552,-36.93865],[144.45354,-36.94167],[144.45211,-36.9409],[144.44962,-36.94126],[144.44764,-36.93967],[144.44562,-36.94027],[144.44205,-36.93826],[144.44237,-36.9371],[144.4375,-36.93592],[144.43585,-36.93786],[144.43584,-36.9393],[144.43332,-36.94167],[144.43351,-36.94306],[144.431,-36.94458],[144.42939,-36.94404],[144.42812,-36.94055],[144.42777,-36.93811],[144.42599,-36.93946],[144.4217,-36.93853],[144.42156,-36.93591],[144.41924,-36.93393],[144.41948,-36.93283],[144.4165,-36.93059],[144.41352,-36.93],[144.41439,-36.92727],[144.41303,-36.92601],[144.41195,-36.92337],[144.40836,-36.92294],[144.40649,-36.92332],[144.40321,-36.92666],[144.40261,-36.92854],[144.40118,-36.92944],[144.40085,-36.93259],[144.39829,-36.93432],[144.3976,-36.93552],[144.39903,-36.93689],[144.40004,-36.93968],[144.39822,-36.94097],[144.3994,-36.94349],[144.39804,-36.94586],[144.39754,-36.95116],[144.39777,-36.95246],[144.39706,-36.95479],[144.39555,-36.95541],[144.39192,-36.95536],[144.39133,-36.95385],[144.38687,-36.95282],[144.3847,-36.95518],[144.38381,-36.95721],[144.3821,-36.95723],[144.38029,-36.955],[144.37821,-36.95505],[144.37963,-36.95271],[144.32321,-36.94608],[144.31624,-36.94695],[144.31303,-36.94655],[144.31159,-36.944]]]},"properties":{"district":"Macedon"}},{"type":"Feature","geometry":{"type":"Polygon","coordinates":[[[145.05973,-37.85521],[145.05432,-37.85194],[145.05139,-37.85128],[145.04696,-37.8484],[145.04439,-37.84833],[145.04266,-37.84755],[145.04048,-37.84582],[145.04007,-37.8403],[145.03872,-37.83884],[145.03477,-37.83765],[145.03211,-37.83728],[145.02848,-37.83779],[145.02462,-37.8345],[145.02295,-37.8342],[145.02217,-37.83268],[145.01922,-37.83162],[145.01653,-37.83214],[145.01265,-37.83053],[145.01078,-37.84122],[145.00952,-37.84745],[145.01233,-37.84921],[145.01052,-37.86022],[145.01514,-37.86084],[145.03261,-37.86846],[145.03863,-37.87407],[145.04015,-37.87511],[145.04502,-37.87603],[145.04681,-37.87727],[145.04964,-37.88103],[145.05145,-37.8826],[145.05372,-37.88334],[145.06271,-37.88466],[145.06998,-37.8846],[145.07197,-37.88489],[145.0804,-37.88797],[145.0834,-37.89116],[145.0853,-37.89246],[145.08823,-37.89298],[145.09023,-37.88271],[145.0922,-37.8721],[145.09012,-37.87217],[145.08742,-37.87147],[145.08412,-37.87223],[145.08209,-37.87311],[145.07981,-37.87322],[145.07818,-37.87466],[145.07488,-37.87599],[145.07302,-37.87588],[145.07021,-37.8746],[145.06905,-37.87494],[145.0689,-37.87209],[145.06659,-37.86897],[145.06515,-37.86759],[145.06416,-37.86802],[145.06157,-37.86489],[145.06167,-37.86259],[145.06254,-37.85954],[145.05998,-37.85825],[145.05941,-37.85726],[145.05973,-37.85521]]]},"properties":{"district":"Malvern"}},{"type":"Feature","geometry":{"type":"Polygon","coordinates":[[[144.96826,-37.81925],[144.97165,-37.81909],[144.97412,-37.81997],[144.97951,-37.82561],[144.98087,-37.82661],[144.98533,-37.82775],[144.98793,-37.82962],[144.99133,-37.80986],[144.97319,-37.80792],[144.97572,-37.79305],[144.97811,-37.78021],[144.95809,-37.77779],[144.95752,-37.77935],[144.95601,-37.7806],[144.95406,-37.78113],[144.95029,-37.78132],[144.94714,-37.78279],[144.94403,-37.78561],[144.94036,-37.78762],[144.93825,-37.78898],[144.92246,-37.7874],[144.92131,-37.78746],[144.91359,-37.77939],[144.90828,-37.7825],[144.90711,-37.78417],[144.90634,-37.7874],[144.90497,-37.78715],[144.90425,-37.78872],[144.90263,-37.78966],[144.90379,-37.79168],[144.90885,-37.79384],[144.91125,-37.79446],[144.91572,-37.79679],[144.9165,-37.79807],[144.91535,-37.79998],[144.91304,-37.79955],[144.91092,-37.80012],[144.90869,-37.80355],[144.90638,-37.80902],[144.9055,-37.81307],[144.90553,-37.81529],[144.90665,-37.82082],[144.90641,-37.82165],[144.91587,-37.81956],[144.92034,-37.81894],[144.92537,-37.81886],[144.92817,-37.81911],[144.93553,-37.82066],[144.94309,-37.82245],[144.94716,-37.82322],[144.95287,-37.82374],[144.95605,-37.82306],[144.9612,-37.82055],[144.96826,-37.81925]]]},"properties":{"district":"Melbourne"}},{"type":"Feature","geometry":{"type":"Polygon","coordinates":[[[144.47768,-37.78101],[144.53303,-37.78728],[144.53311,-37.78749],[144.54872,-37.79704],[144.56764,-37.79885],[144.57757,-37.80409],[144.57742,-37.80691],[144.57907,-37.80409],[144.58006,-37.80443],[144.58166,-37.80308],[144.58233,-37.801],[144.58023,-37.80083],[144.57828,-37.79955],[144.57995,-37.79803],[144.5843,-37.7949],[144.58709,-37.79476],[144.58893,-37.79315],[144.59023,-37.79139],[144.59086,-37.78902],[144.58849,-37.78769],[144.58787,-37.78648],[144.59036,-37.78483],[144.59038,-37.78364],[144.58909,-37.78155],[144.58443,-37.77937],[144.58295,-37.77567],[144.57939,-37.7731],[144.57812,-37.77012],[144.57974,-37.76557],[144.57993,-37.76401],[144.57921,-37.76149],[144.57964,-37.76041],[144.58232,-37.75814],[144.58153,-37.75719],[144.57955,-37.75669],[144.57609,-37.7531],[144.57686,-37.75018],[144.57545,-37.74809],[144.61226,-37.75168],[144.61639,-37.7293],[144.62019,-37.70775],[144.62312,-37.68888],[144.62448,-37.68227],[144.6349,-37.68335],[144.63752,-37.68113],[144.63656,-37.67946],[144.63852,-37.67837],[144.64004,-37.67932],[144.64368,-37.67769],[144.64317,-37.67571],[144.64158,-37.67541],[144.64288,-37.67251],[144.64663,-37.6717],[144.64445,-37.66807],[144.64528,-37.66393],[144.64488,-37.66246],[144.64656,-37.66154],[144.64796,-37.65912],[144.6465,-37.6586],[144.64509,-37.65547],[144.6434,-37.65437],[144.64371,-37.65258],[144.61951,-37.64967],[144.60843,-37.64848],[144.60844,-37.65084],[144.60965,-37.65123],[144.61302,-37.65386],[144.61351,-37.65482],[144.61152,-37.65611],[144.57453,-37.65164],[144.56586,-37.65041],[144.5565,-37.64928],[144.55512,-37.64278],[144.53968,-37.64098],[144.53801,-37.64064],[144.53884,-37.63849],[144.53766,-37.63742],[144.51945,-37.63526],[144.52011,-37.6322],[144.50537,-37.63051],[144.50218,-37.63238],[144.49167,-37.63385],[144.48789,-37.63331],[144.48548,-37.63188],[144.48318,-37.63128],[144.46744,-37.6292],[144.46368,-37.63446],[144.45583,-37.62321],[144.44148,-37.62197],[144.43085,-37.62095],[144.42876,-37.61638],[144.42718,-37.61626],[144.42007,-37.61224],[144.40836,-37.61078],[144.39732,-37.60963],[144.39752,-37.60811],[144.38482,-37.60672],[144.38687,-37.60793],[144.38753,-37.60969],[144.39002,-37.61127],[144.38967,-37.61331],[144.39105,-37.61364],[144.39131,-37.61523],[144.39341,-37.61601],[144.39388,-37.61833],[144.39542,-37.61812],[144.39606,-37.62018],[144.3948,-37.6218],[144.39467,-37.62481],[144.39598,-37.62703],[144.39419,-37.62952],[144.39645,-37.63267],[144.39812,-37.63235],[144.399,-37.63408],[144.40171,-37.63645],[144.40025,-37.6373],[144.40084,-37.63895],[144.40206,-37.63997],[144.40243,-37.64416],[144.40188,-37.64508],[144.40238,-37.64704],[144.40072,-37.64899],[144.40251,-37.65003],[144.40345,-37.65237],[144.40694,-37.6532],[144.41021,-37.65523],[144.40819,-37.65656],[144.40677,-37.65824],[144.40959,-37.66011],[144.40743,-37.66201],[144.40889,-37.66297],[144.41039,-37.6664],[144.41294,-37.66706],[144.41361,-37.66846],[144.41592,-37.67077],[144.41348,-37.67345],[144.41497,-37.67536],[144.41287,-37.67803],[144.41537,-37.67851],[144.41766,-37.68011],[144.41624,-37.6881],[144.41955,-37.68725],[144.41883,-37.69223],[144.42354,-37.69274],[144.42361,-37.6934],[144.42225,-37.70137],[144.43538,-37.70277],[144.43659,-37.69575],[144.44849,-37.69685],[144.45234,-37.70014],[144.45563,-37.70212],[144.45799,-37.70549],[144.47002,-37.70678],[144.4719,-37.70709],[144.48933,-37.71317],[144.4875,-37.72358],[144.48278,-37.75156],[144.47932,-37.77129],[144.47768,-37.78101]]]},"properties":{"district":"Melton"}},{"type":"Feature","geometry":{"type":"Polygon","coordinates":[[[142.72895,-36.14681],[142.75033,-36.13421],[142.79355,-36.13924],[142.78616,-36.18189],[142.79023,-36.18236],[142.78984,-36.1846],[142.83475,-36.18981],[142.848,-36.17618],[142.88309,-36.18012],[142.88344,-36.18097],[142.9009,-36.18286],[142.90084,-36.18326],[142.90671,-36.18389],[142.90514,-36.19315],[142.94814,-36.19793],[142.95008,-36.18742],[142.94977,-36.18599],[142.95115,-36.1836],[142.95286,-36.18165],[142.95505,-36.18025],[142.95594,-36.17491],[142.95706,-36.17208],[142.96069,-36.16962],[142.96526,-36.16902],[142.96908,-36.16913],[142.97298,-36.16984],[142.97522,-36.17066],[142.97812,-36.17313],[142.98043,-36.17685],[142.98246,-36.1785],[142.98653,-36.18102],[142.99464,-36.1867],[142.99619,-36.18688],[143.00272,-36.19318],[143.00423,-36.19334],[143.00303,-36.20057],[143.00894,-36.20121],[143.01142,-36.20463],[143.01641,-36.21288],[143.0185,-36.21784],[143.02037,-36.22491],[143.02083,-36.22863],[143.07993,-36.23485],[143.07994,-36.2364],[143.0984,-36.23639],[143.09839,-36.23364],[143.12822,-36.2336],[143.12821,-36.24515],[143.1307,-36.24685],[143.14524,-36.24687],[143.14865,-36.24902],[143.1505,-36.2485],[143.15177,-36.24642],[143.16497,-36.24646],[143.16483,-36.233],[143.19882,-36.23293],[143.20345,-36.23145],[143.22756,-36.23137],[143.22829,-36.2316],[143.29243,-36.23142],[143.2979,-36.23108],[143.29789,-36.22486],[143.32435,-36.22485],[143.32435,-36.22565],[143.34084,-36.22563],[143.34022,-36.23083],[143.3605,-36.23086],[143.36874,-36.23176],[143.368,-36.22829],[143.36743,-36.22367],[143.36613,-36.22005],[143.36395,-36.21639],[143.36554,-36.21623],[143.3826,-36.21621],[143.38886,-36.21603],[143.41875,-36.20314],[143.46847,-36.20306],[143.47975,-36.20309],[143.48664,-36.20293],[143.49692,-36.20307],[143.50888,-36.20311],[143.51238,-36.20202],[143.51347,-36.20115],[143.53162,-36.20317],[143.53665,-36.17404],[143.52943,-36.17323],[143.51354,-36.17328],[143.51352,-36.15209],[143.51116,-36.1521],[143.50917,-36.14629],[143.50827,-36.14481],[143.50546,-36.14257],[143.50413,-36.13986],[143.5037,-36.13688],[143.50465,-36.13475],[143.50665,-36.13351],[143.50885,-36.13284],[143.51151,-36.13331],[143.51159,-36.10135],[143.4819,-36.10142],[143.4817,-36.04511],[143.4818,-36.00838],[143.48169,-35.98315],[143.43273,-35.98308],[143.4327,-35.98589],[143.43205,-35.98863],[143.42987,-35.98885],[143.42863,-35.99073],[143.42736,-35.99142],[143.428,-35.99293],[143.42612,-35.99451],[143.4238,-35.99757],[143.42431,-35.99929],[143.42077,-36.00113],[143.41811,-36.00432],[143.41722,-36.00765],[143.41401,-36.00877],[143.412,-36.01038],[143.41167,-36.01167],[143.40858,-36.01134],[143.40719,-36.01465],[143.40802,-36.01637],[143.40718,-36.01786],[143.40487,-36.01705],[143.40303,-36.01707],[143.40173,-36.01466],[143.39979,-36.01393],[143.39721,-36.01532],[143.39518,-36.01406],[143.37871,-36.01402],[143.37873,-36.007],[143.37723,-36.00699],[143.3773,-35.99209],[143.36544,-35.99204],[143.36556,-35.96095],[143.36529,-35.96095],[143.3652,-35.93367],[143.37246,-35.93369],[143.3818,-35.88043],[143.37866,-35.88006],[143.38451,-35.84668],[143.38476,-35.84314],[143.37985,-35.84259],[143.3784,-35.84215],[143.35838,-35.83994],[143.35968,-35.8325],[143.35713,-35.83223],[143.35952,-35.82975],[143.35724,-35.82726],[143.3568,-35.82465],[143.35487,-35.82281],[143.35434,-35.82082],[143.35505,-35.81781],[143.35344,-35.81482],[143.35478,-35.81305],[143.35726,-35.81178],[143.35623,-35.80842],[143.35442,-35.808],[143.35302,-35.80651],[143.35322,-35.80433],[143.35249,-35.80307],[143.35321,-35.80076],[143.3525,-35.79666],[143.35039,-35.79415],[143.35049,-35.79238],[143.35285,-35.79118],[143.35296,-35.7881],[143.35646,-35.78529],[143.35591,-35.78367],[143.35722,-35.78111],[143.3581,-35.7805],[143.36087,-35.78131],[143.36204,-35.77812],[143.36376,-35.77595],[143.36637,-35.77394],[143.36526,-35.77128],[143.36551,-35.76884],[143.36786,-35.76711],[143.36862,-35.76591],[143.36703,-35.76461],[143.36962,-35.75965],[143.37134,-35.7588],[143.37117,-35.75626],[143.37237,-35.75456],[143.37196,-35.75282],[143.37036,-35.75207],[143.37085,-35.74952],[143.36926,-35.74905],[143.3685,-35.74617],[143.3664,-35.74486],[143.36405,-35.74408],[143.3634,-35.74147],[143.35976,-35.7403],[143.35867,-35.73863],[143.35661,-35.73816],[143.35489,-35.7369],[143.35427,-35.73568],[143.35451,-35.73355],[143.35329,-35.73268],[143.35333,-35.73054],[143.35047,-35.72759],[143.34923,-35.72696],[143.34957,-35.72366],[143.34913,-35.72191],[143.34807,-35.72068],[143.34868,-35.71908],[143.34177,-35.7156],[143.33856,-35.71306],[143.33801,-35.71108],[143.33643,-35.70926],[143.33588,-35.70679],[143.33649,-35.70569],[143.33559,-35.70363],[143.33615,-35.70253],[143.33593,-35.70001],[143.33501,-35.69756],[143.33649,-35.6951],[143.33675,-35.69163],[143.33878,-35.69051],[143.34043,-35.68886],[143.34109,-35.68633],[143.34373,-35.68516],[143.34232,-35.68358],[143.34284,-35.68211],[143.34026,-35.68149],[143.33752,-35.68011],[143.33297,-35.6795],[143.32964,-35.67809],[143.32597,-35.67613],[143.32473,-35.67483],[143.32096,-35.67257],[143.31797,-35.66962],[143.3177,-35.66661],[143.3181,-35.66457],[143.31974,-35.66308],[143.31999,-35.66068],[143.32293,-35.65642],[143.28826,-35.64721],[143.28825,-35.65473],[143.252,-35.65477],[143.21598,-35.65458],[143.20026,-35.65457],[143.19824,-35.6467],[143.19707,-35.64107],[143.19747,-35.63848],[143.19875,-35.63614],[143.19903,-35.63426],[143.19705,-35.62784],[143.19359,-35.62552],[143.19204,-35.62365],[143.18943,-35.61561],[143.18733,-35.60791],[143.18993,-35.60433],[143.19096,-35.60241],[143.19151,-35.59326],[143.19104,-35.58911],[143.19232,-35.58608],[143.19636,-35.58295],[143.19857,-35.58081],[143.19879,-35.57834],[143.19848,-35.5725],[143.19871,-35.57124],[143.20058,-35.56722],[143.20153,-35.56409],[143.20127,-35.56192],[143.1981,-35.55405],[143.19839,-35.55275],[143.19714,-35.55039],[143.19557,-35.55022],[143.18556,-35.54518],[143.18399,-35.5448],[143.17865,-35.54468],[143.17447,-35.54291],[143.17049,-35.54286],[143.16377,-35.54519],[143.15912,-35.54532],[143.15176,-35.54436],[143.14574,-35.54611],[143.13953,-35.54638],[143.13677,-35.54509],[143.13473,-35.54255],[143.13379,-35.53946],[143.1347,-35.53662],[143.13562,-35.53182],[143.13166,-35.53058],[143.12894,-35.52653],[143.12473,-35.52415],[143.12439,-35.51858],[143.12352,-35.51458],[143.12754,-35.51017],[143.13052,-35.50176],[143.13064,-35.49179],[143.1313,-35.49083],[143.07314,-35.49086],[143.01808,-35.49077],[143.01776,-35.49095],[142.99717,-35.49095],[142.99718,-35.44736],[142.99719,-35.3738],[143.01039,-35.3738],[143.01038,-35.36329],[143.00971,-35.36326],[143.00648,-35.31211],[143.01011,-35.30767],[143.00979,-35.3027],[143.0058,-35.3005],[143.0064,-35.29968],[143.00328,-35.24913],[143.071,-35.24916],[143.06741,-35.2428],[143.09292,-35.24283],[143.11929,-35.24277],[143.13807,-35.24277],[143.13867,-35.2425],[143.13856,-35.18632],[143.15732,-35.18628],[143.15806,-35.18537],[143.16057,-35.18598],[143.17294,-35.18596],[143.17518,-35.18664],[143.17759,-35.18594],[143.24601,-35.18585],[143.2475,-35.18496],[143.25714,-35.18471],[143.26269,-35.18543],[143.26333,-35.1858],[143.30866,-35.1856],[143.3087,-35.14236],[143.30865,-35.11367],[143.31476,-35.08621],[143.32308,-35.08714],[143.33322,-35.09501],[143.33284,-35.09316],[143.33278,-35.08842],[143.34086,-35.0885],[143.34222,-35.08674],[143.34171,-35.08452],[143.3434,-35.08294],[143.34119,-35.08248],[143.33767,-35.08105],[143.33815,-35.07965],[143.34327,-35.07855],[143.34279,-35.07703],[143.34375,-35.07541],[143.34559,-35.07397],[143.34363,-35.07176],[143.34128,-35.07136],[143.3389,-35.07028],[143.33867,-35.06927],[143.34009,-35.06574],[143.34223,-35.06461],[143.3468,-35.06566],[143.34749,-35.0666],[143.34697,-35.06808],[143.34864,-35.06967],[143.35073,-35.06856],[143.35072,-35.06446],[143.34859,-35.06358],[143.34779,-35.06234],[143.34465,-35.06169],[143.3422,-35.05876],[143.34086,-35.05989],[143.34176,-35.06205],[143.34036,-35.06243],[143.33834,-35.06192],[143.33682,-35.0602],[143.33909,-35.05769],[143.33979,-35.05626],[143.33952,-35.05297],[143.33739,-35.04879],[143.33542,-35.04834],[143.33432,-35.04925],[143.33404,-35.0516],[143.33513,-35.05335],[143.33286,-35.05504],[143.33103,-35.05477],[143.33027,-35.05367],[143.33191,-35.05149],[143.33306,-35.04635],[143.33404,-35.04501],[143.33628,-35.04424],[143.33589,-35.04272],[143.33404,-35.04327],[143.33213,-35.0456],[143.32891,-35.04594],[143.32794,-35.04537],[143.32788,-35.0438],[143.32958,-35.04187],[143.32899,-35.04136],[143.32581,-35.04267],[143.32423,-35.04172],[143.32533,-35.03992],[143.32722,-35.0394],[143.32703,-35.03774],[143.32451,-35.03808],[143.32229,-35.03717],[143.32276,-35.03542],[143.32766,-35.03386],[143.32881,-35.03421],[143.32955,-35.0362],[143.33118,-35.0376],[143.33588,-35.03739],[143.33595,-35.03609],[143.33465,-35.03459],[143.3343,-35.03167],[143.33511,-35.0301],[143.33483,-35.02901],[143.33324,-35.02869],[143.33264,-35.02765],[143.33473,-35.02658],[143.33416,-35.02569],[143.33194,-35.02484],[143.33176,-35.02328],[143.33266,-35.02193],[143.33502,-35.02053],[143.33316,-35.018],[143.33433,-35.01468],[143.33599,-35.01397],[143.33634,-35.01195],[143.33805,-35.01099],[143.33696,-35.00952],[143.33709,-35.0071],[143.33537,-35.00492],[143.33562,-35.00287],[143.33324,-35.00131],[143.33211,-34.99936],[143.33061,-34.99828],[143.32993,-34.99609],[143.32635,-34.99304],[143.32347,-34.99436],[143.31935,-34.99373],[143.31893,-34.99148],[143.31795,-34.98978],[143.31851,-34.98571],[143.32049,-34.98494],[143.32042,-34.98367],[143.32157,-34.98227],[143.32311,-34.98183],[143.32382,-34.97917],[143.32269,-34.97736],[143.32299,-34.97624],[143.32142,-34.97413],[143.3232,-34.97064],[143.32233,-34.9696],[143.31957,-34.96873],[143.31999,-34.96712],[143.31932,-34.96516],[143.31954,-34.96208],[143.31873,-34.96042],[143.31953,-34.95566],[143.31773,-34.95457],[143.31738,-34.95244],[143.31865,-34.95177],[143.32109,-34.95216],[143.32262,-34.95075],[143.32218,-34.94958],[143.31974,-34.94842],[143.32016,-34.94706],[143.32227,-34.94633],[143.32133,-34.9429],[143.32232,-34.94236],[143.32458,-34.94362],[143.3276,-34.94237],[143.32752,-34.94125],[143.32888,-34.93998],[143.33212,-34.94091],[143.33188,-34.93951],[143.33316,-34.93872],[143.33463,-34.93939],[143.33446,-34.9417],[143.3362,-34.94349],[143.33733,-34.94539],[143.34009,-34.9429],[143.34108,-34.9412],[143.33998,-34.93989],[143.33868,-34.94071],[143.33724,-34.94048],[143.33751,-34.93711],[143.33862,-34.93618],[143.34142,-34.93541],[143.34276,-34.93259],[143.33929,-34.92838],[143.33907,-34.92571],[143.34001,-34.92486],[143.33968,-34.92315],[143.34178,-34.92221],[143.34125,-34.92095],[143.34216,-34.91905],[143.3407,-34.91658],[143.34004,-34.91336],[143.33827,-34.91279],[143.33612,-34.91388],[143.33299,-34.91117],[143.33205,-34.90789],[143.32986,-34.90627],[143.33247,-34.90555],[143.33249,-34.90476],[143.33016,-34.90374],[143.32962,-34.9022],[143.3274,-34.90098],[143.32772,-34.89954],[143.32576,-34.89781],[143.32838,-34.89601],[143.3279,-34.89468],[143.3265,-34.89462],[143.32448,-34.89283],[143.32227,-34.89175],[143.32117,-34.88871],[143.32344,-34.88631],[143.32321,-34.88479],[143.32472,-34.88377],[143.32645,-34.88452],[143.32728,-34.8828],[143.3284,-34.88278],[143.33046,-34.88452],[143.33392,-34.88587],[143.33314,-34.88867],[143.3358,-34.88636],[143.3338,-34.88466],[143.33591,-34.88364],[143.33607,-34.8806],[143.33769,-34.87984],[143.33836,-34.88147],[143.34072,-34.88185],[143.34304,-34.87906],[143.3408,-34.87844],[143.34257,-34.87569],[143.34041,-34.87504],[143.338,-34.87599],[143.33729,-34.87457],[143.33811,-34.87072],[143.339,-34.86955],[143.34123,-34.86831],[143.34273,-34.86641],[143.34521,-34.86617],[143.3466,-34.8652],[143.34847,-34.86489],[143.34769,-34.86305],[143.34853,-34.861],[143.35239,-34.85858],[143.35068,-34.8571],[143.34733,-34.85633],[143.34508,-34.85407],[143.34539,-34.85266],[143.34663,-34.85159],[143.34768,-34.84896],[143.34974,-34.84732],[143.35139,-34.84696],[143.35502,-34.84749],[143.35441,-34.84571],[143.35207,-34.84632],[143.34738,-34.84643],[143.3439,-34.84821],[143.34265,-34.84801],[143.34127,-34.84616],[143.34188,-34.84505],[143.34453,-34.84393],[143.35152,-34.83849],[143.35051,-34.83604],[143.35058,-34.83432],[143.3516,-34.83267],[143.35392,-34.83103],[143.35392,-34.82904],[143.35226,-34.8266],[143.35159,-34.82326],[143.35545,-34.81924],[143.35939,-34.81729],[143.3575,-34.81319],[143.35646,-34.81181],[143.35358,-34.81118],[143.3507,-34.81005],[143.34842,-34.80837],[143.3472,-34.80659],[143.34711,-34.80503],[143.35151,-34.79575],[143.35136,-34.79438],[143.34821,-34.7919],[143.34547,-34.79085],[143.33633,-34.79355],[143.33363,-34.79342],[143.33215,-34.79279],[143.33113,-34.79145],[143.33088,-34.78763],[143.32943,-34.78641],[143.32601,-34.7874],[143.32365,-34.7898],[143.32131,-34.79108],[143.3174,-34.79071],[143.31502,-34.78949],[143.31366,-34.78824],[143.31283,-34.78645],[143.31338,-34.78432],[143.31338,-34.78172],[143.31124,-34.78021],[143.30857,-34.78003],[143.30502,-34.7809],[143.30116,-34.78386],[143.29759,-34.78499],[143.29557,-34.78678],[143.29476,-34.7901],[143.29355,-34.79079],[143.292,-34.79023],[143.2899,-34.787],[143.2875,-34.78503],[143.28469,-34.78492],[143.28418,-34.78557],[143.28571,-34.79014],[143.2872,-34.79317],[143.28662,-34.79524],[143.28417,-34.79534],[143.27765,-34.79269],[143.27586,-34.79177],[143.27356,-34.78908],[143.27341,-34.78642],[143.27616,-34.78231],[143.27525,-34.78122],[143.27284,-34.78035],[143.27197,-34.77872],[143.27341,-34.77731],[143.27301,-34.7765],[143.2701,-34.77632],[143.26648,-34.77531],[143.26303,-34.77357],[143.26225,-34.77664],[143.25946,-34.77854],[143.25619,-34.77811],[143.25279,-34.77481],[143.25203,-34.77249],[143.25244,-34.76879],[143.25413,-34.76665],[143.25867,-34.765],[143.26266,-34.76491],[143.26475,-34.76439],[143.26731,-34.76193],[143.27158,-34.75949],[143.27156,-34.75846],[143.26777,-34.75633],[143.26743,-34.75478],[143.26828,-34.75335],[143.27025,-34.75278],[143.27359,-34.75333],[143.27373,-34.75251],[143.27122,-34.75172],[143.26731,-34.74911],[143.26493,-34.74862],[143.2636,-34.75092],[143.26108,-34.75218],[143.25707,-34.7531],[143.2537,-34.75544],[143.25146,-34.75768],[143.2488,-34.75786],[143.24555,-34.75655],[143.24415,-34.75488],[143.24324,-34.75127],[143.24353,-34.74893],[143.24266,-34.74643],[143.24044,-34.74548],[143.23905,-34.74695],[143.23556,-34.7475],[143.23187,-34.74676],[143.22958,-34.74721],[143.22761,-34.74944],[143.22736,-34.75066],[143.22855,-34.75421],[143.22891,-34.75775],[143.22656,-34.75885],[143.22461,-34.75881],[143.22093,-34.7561],[143.21937,-34.75392],[143.21909,-34.75122],[143.22015,-34.74869],[143.22134,-34.74341],[143.22107,-34.7427],[143.21731,-34.74114],[143.21464,-34.73938],[143.21384,-34.73801],[143.21455,-34.73568],[143.21845,-34.73391],[143.22227,-34.73273],[143.2185,-34.72927],[143.21551,-34.7296],[143.21293,-34.73045],[143.20729,-34.7339],[143.20313,-34.73452],[143.20091,-34.73345],[143.19931,-34.73192],[143.19774,-34.72943],[143.19736,-34.72659],[143.19787,-34.72405],[143.19689,-34.72116],[143.19748,-34.71909],[143.19969,-34.71792],[143.19977,-34.71681],[143.19792,-34.71598],[143.19485,-34.71352],[143.19257,-34.7128],[143.1907,-34.71293],[143.18411,-34.71494],[143.18158,-34.71672],[143.17928,-34.71733],[143.17791,-34.71503],[143.18117,-34.71188],[143.18164,-34.71028],[143.17973,-34.7097],[143.17619,-34.7125],[143.17389,-34.71883],[143.17206,-34.72027],[143.16608,-34.71847],[143.16429,-34.71729],[143.16367,-34.71531],[143.16397,-34.7128],[143.16539,-34.70953],[143.166,-34.70709],[143.1658,-34.70199],[143.16491,-34.70001],[143.16299,-34.69835],[143.16169,-34.69792],[143.1587,-34.69803],[143.15602,-34.69963],[143.15498,-34.70334],[143.15242,-34.70648],[143.14846,-34.70831],[143.14743,-34.70983],[143.14781,-34.71223],[143.14867,-34.71341],[143.14812,-34.71466],[143.14619,-34.71465],[143.14435,-34.71344],[143.13723,-34.70964],[143.13495,-34.70779],[143.13353,-34.70504],[143.13379,-34.70105],[143.1333,-34.70055],[143.13021,-34.70051],[143.12578,-34.70113],[143.12168,-34.70336],[143.1193,-34.70354],[143.11734,-34.70201],[143.11766,-34.69897],[143.11974,-34.69698],[143.12208,-34.69609],[143.12682,-34.69491],[143.12817,-34.69321],[143.12547,-34.69243],[143.12188,-34.69368],[143.11669,-34.69699],[143.11196,-34.69958],[143.11001,-34.70143],[143.10844,-34.7019],[143.10654,-34.70116],[143.10638,-34.69958],[143.10846,-34.69593],[143.11044,-34.69141],[143.11071,-34.68838],[143.11142,-34.68721],[143.11369,-34.68589],[143.11672,-34.6859],[143.1198,-34.68764],[143.12032,-34.6868],[143.11414,-34.68178],[143.11234,-34.6809],[143.11108,-34.68104],[143.1094,-34.68503],[143.10844,-34.68937],[143.10649,-34.69233],[143.10393,-34.69409],[143.10032,-34.69479],[143.09687,-34.69651],[143.09411,-34.70076],[143.09256,-34.70128],[143.09,-34.70129],[143.07936,-34.69787],[143.0769,-34.69653],[143.07303,-34.69183],[143.07184,-34.68941],[143.07129,-34.68353],[143.07169,-34.67975],[143.07033,-34.6783],[143.06896,-34.67841],[143.06685,-34.67964],[143.06676,-34.68326],[143.06552,-34.68832],[143.06385,-34.69082],[143.06123,-34.69312],[143.05921,-34.69619],[143.0574,-34.69782],[143.05482,-34.69886],[143.05153,-34.69937],[143.04776,-34.69774],[143.04467,-34.69393],[143.04366,-34.69093],[143.04383,-34.68746],[143.04298,-34.68633],[143.04042,-34.68589],[143.03863,-34.68716],[143.03745,-34.68907],[143.03726,-34.69065],[143.03793,-34.69282],[143.03918,-34.69462],[143.0443,-34.69846],[143.04407,-34.70004],[143.04148,-34.70194],[143.03969,-34.70261],[143.03715,-34.70123],[143.03542,-34.69803],[143.03416,-34.69645],[143.03065,-34.69373],[143.0292,-34.69054],[143.02991,-34.68718],[143.03292,-34.68372],[143.03276,-34.68304],[143.02761,-34.68194],[143.02523,-34.6822],[143.0236,-34.68364],[143.02265,-34.68743],[143.02257,-34.69166],[143.02207,-34.69262],[143.01716,-34.69454],[143.01333,-34.69471],[143.01018,-34.69366],[143.00803,-34.69078],[143.00809,-34.68599],[143.00872,-34.68494],[143.01124,-34.68282],[143.01313,-34.67993],[143.01722,-34.67619],[143.01728,-34.67366],[143.01617,-34.67236],[143.01227,-34.67092],[143.00733,-34.6707],[143.00167,-34.66969],[142.99878,-34.67055],[142.99785,-34.67284],[142.99647,-34.674],[142.99457,-34.67387],[142.99321,-34.67269],[142.99089,-34.66824],[142.9907,-34.6635],[142.98854,-34.66336],[142.98691,-34.66756],[142.98468,-34.66897],[142.98061,-34.66974],[142.97705,-34.67007],[142.97547,-34.67057],[142.97515,-34.6717],[142.97601,-34.67298],[142.97992,-34.67585],[142.982,-34.67907],[142.98224,-34.68271],[142.98127,-34.68542],[142.97865,-34.68873],[142.97822,-34.69101],[142.97606,-34.69435],[142.97333,-34.69516],[142.97197,-34.69501],[142.96969,-34.69381],[142.96751,-34.69164],[142.96735,-34.68889],[142.96535,-34.68498],[142.96393,-34.68114],[142.96316,-34.67657],[142.96145,-34.67382],[142.95834,-34.6718],[142.95771,-34.66897],[142.95924,-34.66553],[142.95846,-34.66465],[142.95665,-34.66536],[142.95342,-34.66861],[142.95188,-34.66951],[142.94868,-34.66964],[142.94563,-34.66725],[142.94469,-34.66556],[142.944,-34.66253],[142.94171,-34.66117],[142.93786,-34.66155],[142.93589,-34.66117],[142.93374,-34.65938],[142.93325,-34.65671],[142.93242,-34.65548],[142.93046,-34.65509],[142.92531,-34.65669],[142.92276,-34.65681],[142.92157,-34.65596],[142.9212,-34.65393],[142.92306,-34.65209],[142.92473,-34.64877],[142.92255,-34.64824],[142.91978,-34.65009],[142.91753,-34.65071],[142.91063,-34.6509],[142.90826,-34.65163],[142.90328,-34.65371],[142.90083,-34.65564],[142.90038,-34.65815],[142.90084,-34.66137],[142.89896,-34.66361],[142.89558,-34.66374],[142.89327,-34.6651],[142.89409,-34.66728],[142.89918,-34.6688],[142.90027,-34.67036],[142.89917,-34.67233],[142.89684,-34.67321],[142.89526,-34.67306],[142.89232,-34.67168],[142.8909,-34.67204],[142.89048,-34.67328],[142.89132,-34.67487],[142.89373,-34.67674],[142.89368,-34.67896],[142.8925,-34.67964],[142.88882,-34.68025],[142.8873,-34.68009],[142.88555,-34.67877],[142.88503,-34.67694],[142.8869,-34.67369],[142.88627,-34.67205],[142.88339,-34.67213],[142.881,-34.67298],[142.87727,-34.67494],[142.87574,-34.67488],[142.87386,-34.67337],[142.87212,-34.66913],[142.8723,-34.66434],[142.8709,-34.66358],[142.86817,-34.66456],[142.86573,-34.66662],[142.86383,-34.66711],[142.86093,-34.66619],[142.86026,-34.66473],[142.86071,-34.66286],[142.86183,-34.66179],[142.86755,-34.65891],[142.86956,-34.65716],[142.8719,-34.65191],[142.8715,-34.64983],[142.869,-34.64698],[142.86623,-34.64579],[142.8642,-34.64397],[142.86376,-34.63967],[142.86235,-34.6386],[142.861,-34.63873],[142.85973,-34.64021],[142.86016,-34.64456],[142.85862,-34.64497],[142.85683,-34.64382],[142.85502,-34.64008],[142.85542,-34.63813],[142.85771,-34.63566],[142.86206,-34.6337],[142.86439,-34.63097],[142.86818,-34.62839],[142.86678,-34.62726],[142.86361,-34.6283],[142.8615,-34.62822],[142.8595,-34.62664],[142.85617,-34.62116],[142.85434,-34.61962],[142.85028,-34.61914],[142.84784,-34.61993],[142.8469,-34.62119],[142.84701,-34.62323],[142.84589,-34.62595],[142.84489,-34.62667],[142.84205,-34.6266],[142.83983,-34.62501],[142.83931,-34.6216],[142.83982,-34.62016],[142.83967,-34.61724],[142.83824,-34.61305],[142.83557,-34.61113],[142.8326,-34.61053],[142.82822,-34.61036],[142.8253,-34.60899],[142.82408,-34.60746],[142.82403,-34.60616],[142.82515,-34.60278],[142.82423,-34.60075],[142.82107,-34.60038],[142.8191,-34.60203],[142.81839,-34.60352],[142.81856,-34.60563],[142.82011,-34.60932],[142.82005,-34.61067],[142.8177,-34.61251],[142.81556,-34.61131],[142.81299,-34.61059],[142.80906,-34.60997],[142.80537,-34.60862],[142.80344,-34.60713],[142.80267,-34.60501],[142.80294,-34.60167],[142.80419,-34.59933],[142.80724,-34.59768],[142.80913,-34.59592],[142.81128,-34.59139],[142.81106,-34.59],[142.80982,-34.58881],[142.80706,-34.58835],[142.80395,-34.58877],[142.80209,-34.58982],[142.80203,-34.59155],[142.79946,-34.59754],[142.79587,-34.59743],[142.7946,-34.59664],[142.79293,-34.59455],[142.78907,-34.59173],[142.78621,-34.58812],[142.78576,-34.5862],[142.78601,-34.58387],[142.7881,-34.58237],[142.7911,-34.58129],[142.80038,-34.57972],[142.80148,-34.57828],[142.80086,-34.57672],[142.79879,-34.57471],[142.7968,-34.57406],[142.79625,-34.57288],[142.80281,-34.56474],[142.80596,-34.56291],[142.80959,-34.56171],[142.80989,-34.56022],[142.80889,-34.55956],[142.8072,-34.55713],[142.80577,-34.55418],[142.80335,-34.55281],[142.80058,-34.55206],[142.79853,-34.55246],[142.79432,-34.55137],[142.79255,-34.54958],[142.79175,-34.54661],[142.78943,-34.54704],[142.78811,-34.55061],[142.788,-34.55228],[142.78898,-34.55374],[142.78878,-34.557],[142.78717,-34.5594],[142.78318,-34.56119],[142.78234,-34.56325],[142.78246,-34.56491],[142.77943,-34.56703],[142.77661,-34.56748],[142.77421,-34.56693],[142.77218,-34.5659],[142.77069,-34.56687],[142.77002,-34.56979],[142.77083,-34.57104],[142.77526,-34.57329],[142.7793,-34.57418],[142.78139,-34.57395],[142.78356,-34.57606],[142.78401,-34.57875],[142.78266,-34.57987],[142.78054,-34.57918],[142.77513,-34.5788],[142.77297,-34.57839],[142.76846,-34.5782],[142.76534,-34.57841],[142.76062,-34.57973],[142.75848,-34.57979],[142.75513,-34.57885],[142.75079,-34.57646],[142.74829,-34.57676],[142.7455,-34.58319],[142.74552,-34.58593],[142.74735,-34.58814],[142.74917,-34.58897],[142.75453,-34.58851],[142.76036,-34.58843],[142.76291,-34.58969],[142.76371,-34.59138],[142.76397,-34.59466],[142.7634,-34.59696],[142.75968,-34.59982],[142.75476,-34.60209],[142.75265,-34.60261],[142.75057,-34.60242],[142.7466,-34.60304],[142.74398,-34.6029],[142.74124,-34.60209],[142.73812,-34.60168],[142.73211,-34.59973],[142.7301,-34.59858],[142.72821,-34.59685],[142.72463,-34.59239],[142.72275,-34.59236],[142.72022,-34.59351],[142.71871,-34.5956],[142.71783,-34.59881],[142.71648,-34.59985],[142.71327,-34.60055],[142.71165,-34.59968],[142.70429,-34.59757],[142.70248,-34.59754],[142.70085,-34.59828],[142.69978,-34.59974],[142.69954,-34.60316],[142.70184,-34.60645],[142.7042,-34.6125],[142.70335,-34.61429],[142.70054,-34.61576],[142.6971,-34.61606],[142.69398,-34.61551],[142.69146,-34.61551],[142.68938,-34.61664],[142.69021,-34.61906],[142.6924,-34.61962],[142.69535,-34.61892],[142.69784,-34.61906],[142.70211,-34.61982],[142.70581,-34.61894],[142.70808,-34.61915],[142.7089,-34.62179],[142.7076,-34.62351],[142.70372,-34.62316],[142.70175,-34.6236],[142.70019,-34.62591],[142.69978,-34.6295],[142.69831,-34.63245],[142.6951,-34.63553],[142.69511,-34.63695],[142.69736,-34.64057],[142.6956,-34.64273],[142.69245,-34.64823],[142.68933,-34.65139],[142.68926,-34.65271],[142.69072,-34.65451],[142.69281,-34.65592],[142.69543,-34.65997],[142.69659,-34.66021],[142.70111,-34.65938],[142.70365,-34.65982],[142.70667,-34.66092],[142.7086,-34.66217],[142.70979,-34.66391],[142.71094,-34.66835],[142.71067,-34.67027],[142.71088,-34.67493],[142.71043,-34.67675],[142.70819,-34.67911],[142.7067,-34.67962],[142.70304,-34.67881],[142.70017,-34.6777],[142.69454,-34.67482],[142.68919,-34.67175],[142.68631,-34.67085],[142.68337,-34.67111],[142.68079,-34.67252],[142.68079,-34.67424],[142.67936,-34.6781],[142.67896,-34.68247],[142.67999,-34.68605],[142.68196,-34.69035],[142.68528,-34.69475],[142.68941,-34.69834],[142.69111,-34.70165],[142.69049,-34.70475],[142.68735,-34.70685],[142.68604,-34.70833],[142.68456,-34.71153],[142.68482,-34.71471],[142.68881,-34.71751],[142.69676,-34.72017],[142.69818,-34.72104],[142.69956,-34.72292],[142.69919,-34.7249],[142.69839,-34.72551],[142.69412,-34.72662],[142.69009,-34.72661],[142.68648,-34.72474],[142.68459,-34.72327],[142.68094,-34.72161],[142.67826,-34.7224],[142.67627,-34.72586],[142.67584,-34.72804],[142.67658,-34.72951],[142.68043,-34.7313],[142.68487,-34.7323],[142.68638,-34.73332],[142.68608,-34.73553],[142.68374,-34.7371],[142.67952,-34.73909],[142.67716,-34.73906],[142.67079,-34.73756],[142.66816,-34.73645],[142.66559,-34.73332],[142.66428,-34.73021],[142.66435,-34.72747],[142.66345,-34.72265],[142.66204,-34.72164],[142.66004,-34.72232],[142.65888,-34.7244],[142.65494,-34.72775],[142.65217,-34.72946],[142.64898,-34.73053],[142.64421,-34.73121],[142.64209,-34.73186],[142.63733,-34.73505],[142.63403,-34.73472],[142.63178,-34.7336],[142.62349,-34.72752],[142.62017,-34.72779],[142.61785,-34.72922],[142.61659,-34.73181],[142.61625,-34.73605],[142.61655,-34.73796],[142.6191,-34.74323],[142.61977,-34.74613],[142.61916,-34.7517],[142.61922,-34.75446],[142.62044,-34.75719],[142.62298,-34.75961],[142.62609,-34.76085],[142.62772,-34.76075],[142.63392,-34.75894],[142.63825,-34.75741],[142.64195,-34.75844],[142.64306,-34.75916],[142.64606,-34.7629],[142.64632,-34.76405],[142.64563,-34.76818],[142.64543,-34.77208],[142.64443,-34.77534],[142.64337,-34.77676],[142.63859,-34.78084],[142.63501,-34.78306],[142.63218,-34.78423],[142.62599,-34.78553],[142.6208,-34.78594],[142.61662,-34.78553],[142.61306,-34.78449],[142.60551,-34.78029],[142.5978,-34.77417],[142.59609,-34.77303],[142.59339,-34.77204],[142.58447,-34.77034],[142.58221,-34.77052],[142.57802,-34.77152],[142.57577,-34.77143],[142.57198,-34.77005],[142.56919,-34.76782],[142.56691,-34.76696],[142.56453,-34.76781],[142.56251,-34.76996],[142.56156,-34.77318],[142.55916,-34.77536],[142.55681,-34.77555],[142.55223,-34.77139],[142.55065,-34.76952],[142.55,-34.76738],[142.55086,-34.76453],[142.55062,-34.76319],[142.54845,-34.76197],[142.54575,-34.76205],[142.5417,-34.76326],[142.53935,-34.76323],[142.53805,-34.76236],[142.53665,-34.75988],[142.53429,-34.75384],[142.53259,-34.75346],[142.53142,-34.75648],[142.52818,-34.75955],[142.52508,-34.75985],[142.51814,-34.75578],[142.51417,-34.75267],[142.50984,-34.75079],[142.50807,-34.74966],[142.5074,-34.74784],[142.50825,-34.74601],[142.51292,-34.74336],[142.5123,-34.74147],[142.50914,-34.7406],[142.50546,-34.74103],[142.50119,-34.7405],[142.49974,-34.7392],[142.49982,-34.73725],[142.50179,-34.73285],[142.50305,-34.73144],[142.50581,-34.72993],[142.5092,-34.72742],[142.51304,-34.72312],[142.513,-34.71948],[142.51198,-34.71766],[142.50982,-34.71561],[142.50993,-34.71347],[142.5117,-34.71201],[142.515,-34.70785],[142.51915,-34.70402],[142.51932,-34.70252],[142.51732,-34.70092],[142.51544,-34.70045],[142.51198,-34.70032],[142.50941,-34.70135],[142.50542,-34.70382],[142.50214,-34.70428],[142.50022,-34.70356],[142.49911,-34.70205],[142.49941,-34.6993],[142.50163,-34.69796],[142.50357,-34.69824],[142.50678,-34.69781],[142.50982,-34.69678],[142.51261,-34.69494],[142.51366,-34.69313],[142.51352,-34.69132],[142.51249,-34.68991],[142.50906,-34.68668],[142.50875,-34.68395],[142.50757,-34.68197],[142.50419,-34.68149],[142.50117,-34.68251],[142.49954,-34.68191],[142.49782,-34.67886],[142.49736,-34.67503],[142.49838,-34.67196],[142.50419,-34.66725],[142.50882,-34.66655],[142.50997,-34.66683],[142.51576,-34.66501],[142.51622,-34.66302],[142.51334,-34.66115],[142.51108,-34.6577],[142.50894,-34.65651],[142.50564,-34.65669],[142.50375,-34.65777],[142.50288,-34.65962],[142.50294,-34.66159],[142.50166,-34.66384],[142.4993,-34.66495],[142.49578,-34.66488],[142.48992,-34.66258],[142.48713,-34.66327],[142.48641,-34.66459],[142.48683,-34.66642],[142.48865,-34.66716],[142.49473,-34.66672],[142.4962,-34.66864],[142.49444,-34.67153],[142.4903,-34.67311],[142.479,-34.67355],[142.47435,-34.67194],[142.47299,-34.67001],[142.47137,-34.66577],[142.47192,-34.66181],[142.47227,-34.6563],[142.47176,-34.65147],[142.47511,-34.64439],[142.47709,-34.64174],[142.47975,-34.64006],[142.48404,-34.63813],[142.48315,-34.63582],[142.48049,-34.63536],[142.47803,-34.63637],[142.47431,-34.63938],[142.47107,-34.64014],[142.46827,-34.63912],[142.46702,-34.638],[142.46554,-34.63441],[142.46345,-34.63403],[142.46133,-34.63446],[142.45733,-34.63623],[142.45396,-34.63546],[142.45239,-34.63356],[142.4525,-34.63209],[142.45396,-34.63034],[142.45833,-34.63014],[142.462,-34.62854],[142.46362,-34.62729],[142.46411,-34.6257],[142.46304,-34.6232],[142.45876,-34.6196],[142.45846,-34.61784],[142.45935,-34.61589],[142.4609,-34.61484],[142.46487,-34.61354],[142.46762,-34.61343],[142.46825,-34.61224],[142.4639,-34.61015],[142.46151,-34.60755],[142.46206,-34.60467],[142.46371,-34.60345],[142.46756,-34.60277],[142.469,-34.60192],[142.46973,-34.60027],[142.46909,-34.59651],[142.47178,-34.59385],[142.47161,-34.59203],[142.46799,-34.58937],[142.46469,-34.58889],[142.46189,-34.58958],[142.4596,-34.58931],[142.4584,-34.58782],[142.45887,-34.58572],[142.46032,-34.58498],[142.46612,-34.58305],[142.46705,-34.58116],[142.46915,-34.57943],[142.47142,-34.57815],[142.47274,-34.57654],[142.47279,-34.57528],[142.47157,-34.57225],[142.46986,-34.56965],[142.469,-34.56624],[142.46797,-34.5643],[142.4642,-34.56148],[142.45989,-34.56029],[142.45462,-34.55755],[142.45097,-34.55798],[142.44863,-34.55986],[142.44886,-34.56242],[142.45064,-34.56731],[142.45097,-34.57066],[142.45161,-34.5728],[142.45359,-34.57553],[142.45723,-34.57833],[142.45836,-34.57996],[142.45837,-34.5829],[142.45493,-34.58457],[142.45234,-34.58443],[142.44993,-34.58327],[142.44576,-34.576],[142.44345,-34.57497],[142.43974,-34.57534],[142.43688,-34.57612],[142.43254,-34.57575],[142.43019,-34.57472],[142.42865,-34.5725],[142.42942,-34.57021],[142.42938,-34.56669],[142.42835,-34.56436],[142.42582,-34.56215],[142.42344,-34.56229],[142.42054,-34.56555],[142.41907,-34.56661],[142.41197,-34.56921],[142.40987,-34.56934],[142.40821,-34.56842],[142.40651,-34.56607],[142.40648,-34.56301],[142.40688,-34.5614],[142.41014,-34.55647],[142.41064,-34.55485],[142.41034,-34.55254],[142.40718,-34.54838],[142.4059,-34.54498],[142.40585,-34.54184],[142.40447,-34.54119],[142.40239,-34.54265],[142.40117,-34.54567],[142.39928,-34.54714],[142.39754,-34.54775],[142.39381,-34.54834],[142.39177,-34.5492],[142.38859,-34.54794],[142.38761,-34.54589],[142.38205,-34.54298],[142.37791,-34.54182],[142.37685,-34.54118],[142.37589,-34.53895],[142.376,-34.53758],[142.37849,-34.53305],[142.37791,-34.53178],[142.37611,-34.53226],[142.37515,-34.53397],[142.37229,-34.53494],[142.37019,-34.53392],[142.36803,-34.53105],[142.36771,-34.52866],[142.36866,-34.52706],[142.36991,-34.52654],[142.37686,-34.52569],[142.38141,-34.52439],[142.38461,-34.52387],[142.3981,-34.52403],[142.40006,-34.52358],[142.40029,-34.52164],[142.39869,-34.52133],[142.39699,-34.51978],[142.39473,-34.51689],[142.3917,-34.51595],[142.3879,-34.51665],[142.38388,-34.51913],[142.37983,-34.51935],[142.3781,-34.51882],[142.3758,-34.51676],[142.37508,-34.51528],[142.37527,-34.51346],[142.37682,-34.51174],[142.3796,-34.51008],[142.38344,-34.5069],[142.38565,-34.50395],[142.38645,-34.49966],[142.38909,-34.49712],[142.39417,-34.49497],[142.39437,-34.49322],[142.39086,-34.4918],[142.38735,-34.49178],[142.38301,-34.491],[142.37917,-34.49097],[142.37584,-34.49224],[142.37303,-34.49477],[142.37137,-34.49798],[142.37087,-34.50286],[142.36995,-34.50378],[142.36818,-34.50352],[142.36497,-34.50158],[142.36015,-34.49965],[142.35896,-34.49322],[142.36007,-34.48997],[142.36319,-34.48558],[142.36541,-34.48367],[142.36842,-34.48216],[142.37106,-34.48143],[142.37343,-34.47915],[142.37468,-34.4768],[142.37821,-34.47655],[142.38304,-34.47919],[142.38408,-34.47817],[142.38334,-34.47525],[142.38103,-34.47043],[142.38051,-34.46836],[142.37927,-34.4667],[142.37822,-34.46667],[142.37676,-34.46822],[142.37562,-34.4704],[142.37414,-34.47132],[142.3716,-34.47172],[142.3669,-34.46974],[142.3636,-34.46945],[142.35796,-34.47222],[142.35572,-34.47216],[142.35333,-34.46958],[142.35282,-34.46783],[142.35388,-34.46442],[142.35886,-34.46161],[142.3607,-34.45952],[142.36173,-34.4572],[142.36219,-34.45422],[142.36432,-34.44956],[142.36481,-34.44626],[142.36418,-34.44492],[142.36092,-34.44264],[142.36049,-34.44101],[142.36249,-34.43799],[142.36722,-34.43623],[142.36762,-34.43525],[142.36449,-34.43367],[142.36108,-34.43286],[142.35992,-34.43147],[142.3608,-34.42994],[142.36288,-34.42872],[142.36485,-34.42513],[142.36472,-34.42273],[142.36298,-34.42192],[142.3605,-34.4222],[142.35681,-34.4237],[142.35344,-34.42367],[142.35167,-34.42185],[142.35229,-34.41916],[142.3542,-34.41789],[142.35579,-34.41619],[142.35948,-34.41389],[142.36035,-34.41282],[142.36051,-34.41091],[142.3591,-34.40988],[142.35414,-34.40875],[142.35229,-34.40754],[142.3519,-34.40493],[142.35292,-34.4036],[142.35613,-34.40107],[142.35514,-34.39929],[142.3534,-34.39972],[142.35146,-34.39907],[142.35084,-34.39637],[142.35156,-34.39495],[142.35603,-34.39182],[142.36014,-34.38974],[142.3611,-34.38892],[142.3629,-34.38603],[142.36477,-34.38519],[142.36774,-34.38522],[142.36937,-34.38596],[142.37263,-34.38844],[142.37417,-34.38718],[142.37359,-34.3861],[142.37111,-34.38393],[142.36983,-34.38043],[142.37023,-34.37426],[142.36833,-34.37138],[142.36926,-34.36941],[142.37358,-34.36852],[142.37697,-34.3674],[142.37843,-34.36532],[142.3776,-34.36339],[142.3744,-34.36241],[142.37204,-34.36259],[142.36875,-34.36439],[142.36693,-34.36501],[142.36506,-34.36476],[142.36343,-34.36298],[142.36392,-34.36133],[142.36734,-34.36005],[142.36931,-34.35849],[142.37273,-34.35797],[142.37614,-34.35938],[142.3786,-34.35983],[142.38129,-34.36138],[142.38332,-34.36325],[142.38517,-34.3638],[142.38897,-34.36327],[142.39127,-34.36143],[142.3915,-34.36011],[142.38876,-34.35833],[142.38632,-34.35525],[142.38525,-34.35278],[142.38441,-34.34936],[142.38485,-34.34575],[142.38608,-34.34413],[142.3883,-34.34305],[142.39255,-34.34347],[142.396,-34.34431],[142.39754,-34.34363],[142.39758,-34.33957],[142.39549,-34.3364],[142.39115,-34.33434],[142.38891,-34.33393],[142.3857,-34.334],[142.38357,-34.33322],[142.38038,-34.33113],[142.37866,-34.33087],[142.3745,-34.33178],[142.37282,-34.33133],[142.37055,-34.32946],[142.36984,-34.32782],[142.36844,-34.32691],[142.36513,-34.32712],[142.36259,-34.32783],[142.36044,-34.329],[142.3574,-34.33147],[142.35264,-34.33274],[142.34861,-34.33658],[142.34398,-34.33802],[142.34042,-34.3383],[142.3337,-34.3393],[142.32851,-34.33912],[142.32304,-34.33764],[142.32002,-34.33563],[142.31893,-34.33418],[142.31778,-34.33122],[142.31626,-34.33012],[142.31369,-34.32949],[142.30743,-34.32999],[142.30246,-34.32941],[142.29907,-34.32762],[142.29622,-34.3245],[142.29408,-34.32341],[142.29244,-34.32376],[142.29042,-34.32547],[142.28692,-34.32692],[142.28413,-34.32677],[142.28193,-34.3246],[142.28008,-34.32084],[142.28016,-34.3166],[142.28258,-34.31372],[142.28384,-34.31107],[142.28544,-34.30882],[142.2874,-34.30692],[142.29029,-34.30599],[142.29187,-34.30608],[142.29615,-34.30739],[142.29867,-34.30658],[142.29848,-34.30477],[142.2921,-34.30233],[142.29032,-34.30111],[142.28616,-34.29658],[142.28446,-34.29698],[142.27966,-34.30086],[142.27712,-34.30331],[142.27567,-34.30383],[142.27286,-34.3039],[142.27181,-34.30319],[142.27003,-34.29964],[142.26953,-34.29643],[142.26778,-34.29527],[142.26658,-34.29563],[142.26428,-34.29792],[142.26171,-34.29968],[142.25701,-34.30392],[142.25373,-34.30608],[142.24881,-34.30721],[142.24332,-34.30731],[142.23877,-34.30787],[142.23631,-34.30733],[142.23295,-34.30399],[142.23214,-34.30231],[142.23206,-34.29803],[142.23419,-34.29517],[142.23631,-34.29513],[142.23856,-34.29439],[142.24369,-34.29193],[142.24638,-34.28973],[142.24835,-34.28722],[142.24896,-34.28527],[142.24797,-34.28207],[142.24506,-34.27878],[142.24478,-34.27737],[142.24559,-34.27373],[142.24874,-34.26958],[142.24957,-34.26664],[142.24796,-34.26339],[142.2462,-34.26133],[142.24302,-34.25885],[142.24028,-34.25762],[142.23833,-34.25733],[142.23499,-34.25751],[142.23303,-34.25668],[142.23211,-34.25487],[142.23331,-34.25145],[142.23546,-34.24909],[142.23778,-34.24831],[142.24081,-34.24839],[142.24265,-34.24748],[142.24355,-34.24606],[142.24497,-34.23788],[142.24486,-34.23611],[142.24374,-34.23176],[142.24237,-34.22951],[142.2403,-34.2275],[142.23684,-34.22586],[142.23534,-34.2241],[142.23581,-34.22264],[142.23819,-34.22069],[142.23981,-34.21865],[142.24386,-34.2162],[142.24411,-34.21093],[142.24339,-34.20919],[142.24055,-34.20696],[142.23832,-34.20465],[142.23652,-34.20377],[142.23627,-34.20521],[142.23856,-34.20653],[142.23593,-34.207],[142.23372,-34.20835],[142.2315,-34.20902],[142.22926,-34.20772],[142.2283,-34.20208],[142.22812,-34.1982],[142.22697,-34.19488],[142.22729,-34.19194],[142.22806,-34.18958],[142.22689,-34.18851],[142.22454,-34.18781],[142.22032,-34.18167],[142.21724,-34.18075],[142.21337,-34.18214],[142.20916,-34.18328],[142.20642,-34.18372],[142.19858,-34.1835],[142.195,-34.18266],[142.18944,-34.18006],[142.184,-34.17573],[142.18121,-34.17666],[142.18027,-34.18159],[142.17831,-34.18375],[142.176,-34.18443],[142.1728,-34.18379],[142.16858,-34.18376],[142.16612,-34.1829],[142.16403,-34.17884],[142.16341,-34.1764],[142.1667,-34.17245],[142.16505,-34.17119],[142.1611,-34.17237],[142.15926,-34.17148],[142.16038,-34.16643],[142.16213,-34.16219],[142.16634,-34.15637],[142.16666,-34.15407],[142.16402,-34.1516],[142.16238,-34.1513],[142.15925,-34.15179],[142.15635,-34.15115],[142.15236,-34.14953],[142.14784,-34.14871],[142.1452,-34.1495],[142.14234,-34.15279],[142.14048,-34.15806],[142.13831,-34.16002],[142.13516,-34.16074],[142.13271,-34.1606],[142.12484,-34.1568],[142.12235,-34.1562],[142.12011,-34.15689],[142.11885,-34.15926],[142.11842,-34.16116],[142.11991,-34.16516],[142.12122,-34.16972],[142.12159,-34.1724],[142.12089,-34.1741],[142.11771,-34.17517],[142.11619,-34.17457],[142.1113,-34.1753],[142.10729,-34.17723],[142.10386,-34.1773],[142.10085,-34.1749],[142.09677,-34.17301],[142.09306,-34.17192],[142.08954,-34.17212],[142.08596,-34.17365],[142.08319,-34.17368],[142.08179,-34.17249],[142.0816,-34.16913],[142.08066,-34.16499],[142.07839,-34.15887],[142.07631,-34.15612],[142.07471,-34.15533],[142.06966,-34.15453],[142.06663,-34.15277],[142.06535,-34.15061],[142.06558,-34.14612],[142.06805,-34.14355],[142.07387,-34.1423],[142.07578,-34.14078],[142.07718,-34.13871],[142.07778,-34.13596],[142.07742,-34.13442],[142.07602,-34.13185],[142.07449,-34.13049],[142.06693,-34.12722],[142.06369,-34.12611],[142.05553,-34.12584],[142.05177,-34.12549],[142.04895,-34.12561],[142.0463,-34.12637],[142.04154,-34.12877],[142.03766,-34.12979],[142.03409,-34.12929],[142.03123,-34.12774],[142.02907,-34.12508],[142.02847,-34.12124],[142.02872,-34.11873],[142.02952,-34.11844],[142.03221,-34.1138],[142.03428,-34.11107],[142.03633,-34.10961],[142.03896,-34.10861],[142.0424,-34.10536],[142.04225,-34.10325],[142.03874,-34.10015],[142.03636,-34.09944],[142.03506,-34.09994],[142.03257,-34.10308],[142.03034,-34.10509],[142.02782,-34.10643],[142.02345,-34.1069],[142.02058,-34.10639],[142.0171,-34.10453],[142.01478,-34.10446],[142.01343,-34.10531],[142.01276,-34.10684],[142.01488,-34.10861],[142.0154,-34.11011],[142.01517,-34.11351],[142.01686,-34.11729],[142.01801,-34.11825],[142.02156,-34.11998],[142.0233,-34.12034],[142.02483,-34.12189],[142.02486,-34.12334],[142.02225,-34.12523],[142.01906,-34.12547],[142.01326,-34.12542],[142.0112,-34.1241],[142.00585,-34.1224],[142.00242,-34.12076],[141.99945,-34.1189],[141.99744,-34.11852],[141.99495,-34.12043],[141.99301,-34.1213],[141.99125,-34.12041],[141.98956,-34.11834],[141.98829,-34.11592],[141.9866,-34.11415],[141.98349,-34.11241],[141.97765,-34.1127],[141.97503,-34.11353],[141.97209,-34.11557],[141.96974,-34.1199],[141.96907,-34.12291],[141.96898,-34.12533],[141.96954,-34.12795],[141.97226,-34.13253],[141.97167,-34.13525],[141.97044,-34.13611],[141.96747,-34.13694],[141.96417,-34.13677],[141.96258,-34.13611],[141.96121,-34.13423],[141.95671,-34.13162],[141.95316,-34.1281],[141.95067,-34.12484],[141.94849,-34.1211],[141.94701,-34.11983],[141.94434,-34.11953],[141.9412,-34.12091],[141.93975,-34.12226],[141.93843,-34.12619],[141.93808,-34.12936],[141.93894,-34.13027],[141.93909,-34.13339],[141.9383,-34.13615],[141.93751,-34.13705],[141.93405,-34.13826],[141.92963,-34.13739],[141.92678,-34.1358],[141.92552,-34.13435],[141.9258,-34.13243],[141.92858,-34.12888],[141.92959,-34.12711],[141.92938,-34.12459],[141.92774,-34.12268],[141.92653,-34.12223],[141.92387,-34.11761],[141.92284,-34.11484],[141.92103,-34.11407],[141.91483,-34.11556],[141.91176,-34.11526],[141.90812,-34.11406],[141.90369,-34.11137],[141.90069,-34.1112],[141.8985,-34.11171],[141.89357,-34.11405],[141.88536,-34.1147],[141.88461,-34.11534],[141.88567,-34.11865],[141.88839,-34.12111],[141.88898,-34.12228],[141.88879,-34.12442],[141.88796,-34.12608],[141.88481,-34.12843],[141.88217,-34.12961],[141.88026,-34.13129],[141.87805,-34.13641],[141.87563,-34.13711],[141.8742,-34.13493],[141.87395,-34.13324],[141.87204,-34.13104],[141.87003,-34.12964],[141.86714,-34.1285],[141.86259,-34.12854],[141.85607,-34.13131],[141.85326,-34.13123],[141.8515,-34.12992],[141.85278,-34.12615],[141.85178,-34.12457],[141.84998,-34.12449],[141.8485,-34.1255],[141.84634,-34.12816],[141.84492,-34.13103],[141.8424,-34.13253],[141.83917,-34.1312],[141.83557,-34.13043],[141.83118,-34.12985],[141.82581,-34.1279],[141.8201,-34.12434],[141.81768,-34.12251],[141.81427,-34.12099],[141.80655,-34.12027],[141.80506,-34.1192],[141.80211,-34.11588],[141.79914,-34.115],[141.79735,-34.11493],[141.7946,-34.11576],[141.79203,-34.11566],[141.78941,-34.11447],[141.7878,-34.11252],[141.78534,-34.11169],[141.78372,-34.11275],[141.78067,-34.11648],[141.77888,-34.1171],[141.77589,-34.11629],[141.77465,-34.11443],[141.77555,-34.11046],[141.77743,-34.10704],[141.77929,-34.1043],[141.77931,-34.10325],[141.77764,-34.10177],[141.77518,-34.10241],[141.77101,-34.10471],[141.76635,-34.10784],[141.76273,-34.11135],[141.76027,-34.11217],[141.75695,-34.1121],[141.75448,-34.11108],[141.75257,-34.10843],[141.75262,-34.10624],[141.75401,-34.10401],[141.75573,-34.10299],[141.75974,-34.10161],[141.76215,-34.09986],[141.76229,-34.09806],[141.76119,-34.09709],[141.75899,-34.09658],[141.75757,-34.09718],[141.75531,-34.10028],[141.75218,-34.10264],[141.74831,-34.10352],[141.74535,-34.1031],[141.74317,-34.10165],[141.74152,-34.09943],[141.73839,-34.0969],[141.73551,-34.09307],[141.73397,-34.09188],[141.73146,-34.09096],[141.7273,-34.09151],[141.72583,-34.09298],[141.72546,-34.09516],[141.72588,-34.0979],[141.72695,-34.09967],[141.7287,-34.10126],[141.73011,-34.10393],[141.72915,-34.10652],[141.72626,-34.10889],[141.72354,-34.11267],[141.72029,-34.11459],[141.71743,-34.11497],[141.71434,-34.11398],[141.71278,-34.11229],[141.71135,-34.10858],[141.71058,-34.09862],[141.70828,-34.09635],[141.70491,-34.09569],[141.70299,-34.09612],[141.70048,-34.09733],[141.69626,-34.09811],[141.6927,-34.09939],[141.68937,-34.10208],[141.68558,-34.10238],[141.67821,-34.10124],[141.67611,-34.10169],[141.6729,-34.10372],[141.66413,-34.11084],[141.65772,-34.11436],[141.65377,-34.11708],[141.64922,-34.11834],[141.64162,-34.11967],[141.63507,-34.12039],[141.63265,-34.12148],[141.63175,-34.12272],[141.63013,-34.1278],[141.63005,-34.13143],[141.63041,-34.13327],[141.63195,-34.13778],[141.63212,-34.14014],[141.63144,-34.14187],[141.62974,-34.14415],[141.62742,-34.1457],[141.62531,-34.14612],[141.62131,-34.14518],[141.61787,-34.14312],[141.61657,-34.14009],[141.61424,-34.13852],[141.61273,-34.13843],[141.61185,-34.13973],[141.61387,-34.14186],[141.61873,-34.14623],[141.62033,-34.14808],[141.62133,-34.15066],[141.62083,-34.15439],[141.61854,-34.15629],[141.6162,-34.15698],[141.61361,-34.1571],[141.61148,-34.15602],[141.60939,-34.15378],[141.60912,-34.15194],[141.60748,-34.15023],[141.60428,-34.14909],[141.60128,-34.15039],[141.59861,-34.1535],[141.59521,-34.15481],[141.59109,-34.15308],[141.58732,-34.15075],[141.58581,-34.15067],[141.5839,-34.15196],[141.5835,-34.15363],[141.58438,-34.15543],[141.58561,-34.15651],[141.58849,-34.15773],[141.59202,-34.15738],[141.59585,-34.15541],[141.59905,-34.15598],[141.60082,-34.15794],[141.60338,-34.16326],[141.60384,-34.16553],[141.60256,-34.16879],[141.60135,-34.16957],[141.59817,-34.17021],[141.59316,-34.17277],[141.58992,-34.17527],[141.58951,-34.17843],[141.59033,-34.18022],[141.59256,-34.18181],[141.59435,-34.18234],[141.59972,-34.18209],[141.6027,-34.18249],[141.60495,-34.18393],[141.60592,-34.18588],[141.60587,-34.18819],[141.60309,-34.1913],[141.60092,-34.19216],[141.59915,-34.19228],[141.59497,-34.19145],[141.59267,-34.18959],[141.59218,-34.1879],[141.59061,-34.18685],[141.5883,-34.18875],[141.58879,-34.19147],[141.58824,-34.19564],[141.58683,-34.19786],[141.58521,-34.19873],[141.5827,-34.19875],[141.57698,-34.19648],[141.57311,-34.19602],[141.57151,-34.19512],[141.56797,-34.19183],[141.56559,-34.19112],[141.56086,-34.19087],[141.55813,-34.19215],[141.55793,-34.19473],[141.55601,-34.19766],[141.55,-34.2005],[141.54875,-34.20079],[141.54504,-34.20058],[141.54206,-34.19794],[141.53923,-34.19379],[141.53637,-34.19167],[141.53355,-34.19143],[141.53124,-34.19319],[141.53082,-34.19601],[141.53614,-34.20406],[141.53655,-34.20584],[141.53528,-34.20907],[141.5328,-34.2116],[141.52883,-34.21292],[141.5216,-34.2131],[141.51772,-34.21381],[141.51394,-34.21603],[141.51007,-34.21648],[141.50685,-34.21482],[141.50564,-34.21245],[141.50651,-34.20996],[141.50787,-34.20861],[141.51242,-34.20839],[141.51734,-34.20671],[141.51819,-34.20545],[141.51858,-34.20316],[141.51776,-34.20152],[141.51463,-34.19821],[141.50814,-34.19459],[141.50674,-34.19271],[141.50723,-34.18937],[141.51071,-34.18577],[141.51238,-34.18501],[141.51691,-34.18412],[141.51856,-34.18249],[141.51874,-34.18091],[141.51702,-34.17944],[141.51415,-34.17938],[141.51085,-34.17771],[141.50559,-34.17056],[141.50377,-34.16712],[141.50176,-34.16072],[141.49956,-34.15769],[141.49633,-34.15525],[141.49464,-34.15451],[141.48977,-34.15409],[141.48737,-34.15487],[141.48571,-34.15769],[141.48608,-34.16131],[141.48432,-34.16296],[141.4828,-34.16343],[141.47912,-34.16278],[141.47296,-34.15945],[141.47026,-34.15976],[141.47019,-34.16264],[141.46895,-34.16425],[141.46622,-34.16571],[141.46226,-34.16559],[141.45411,-34.16194],[141.45183,-34.16109],[141.44887,-34.16189],[141.44852,-34.16317],[141.44925,-34.16654],[141.44791,-34.1682],[141.44615,-34.16842],[141.44403,-34.16768],[141.44183,-34.1655],[141.43879,-34.1636],[141.43495,-34.16207],[141.43305,-34.16032],[141.43206,-34.15813],[141.43209,-34.1545],[141.4325,-34.15216],[141.43411,-34.14927],[141.43476,-34.1469],[141.43236,-34.1454],[141.43017,-34.14558],[141.42429,-34.14786],[141.421,-34.14979],[141.41844,-34.15065],[141.4156,-34.15078],[141.41192,-34.14997],[141.40824,-34.14724],[141.40632,-34.14452],[141.40605,-34.14219],[141.40711,-34.13814],[141.40789,-34.13634],[141.4103,-34.13246],[141.41023,-34.1306],[141.40911,-34.12855],[141.40707,-34.12719],[141.40479,-34.12686],[141.40068,-34.12843],[141.39782,-34.1303],[141.39382,-34.13346],[141.39112,-34.13474],[141.38854,-34.13481],[141.38646,-34.13374],[141.38541,-34.13137],[141.3859,-34.13034],[141.38536,-34.12716],[141.38406,-34.12412],[141.38305,-34.12305],[141.38025,-34.12172],[141.37745,-34.12138],[141.37252,-34.11984],[141.37025,-34.12],[141.36952,-34.1221],[141.37162,-34.12519],[141.37177,-34.12641],[141.37009,-34.12753],[141.36599,-34.12379],[141.36439,-34.12111],[141.36333,-34.11741],[141.36306,-34.11384],[141.36128,-34.11146],[141.35755,-34.11069],[141.35177,-34.11114],[141.34912,-34.11189],[141.34776,-34.11304],[141.34695,-34.11512],[141.34754,-34.12067],[141.34742,-34.12254],[141.34641,-34.12435],[141.34223,-34.12762],[141.3401,-34.12857],[141.33393,-34.13024],[141.33162,-34.13228],[141.33015,-34.13706],[141.32727,-34.13888],[141.32545,-34.13896],[141.32307,-34.13706],[141.32311,-34.13316],[141.32598,-34.13019],[141.32641,-34.12816],[141.3257,-34.12648],[141.32343,-34.12548],[141.3221,-34.12557],[141.31902,-34.12706],[141.31618,-34.12713],[141.3139,-34.12573],[141.3135,-34.12386],[141.31756,-34.1178],[141.31874,-34.11507],[141.31857,-34.11353],[141.31745,-34.11241],[141.31515,-34.11163],[141.31267,-34.11178],[141.30324,-34.11386],[141.30161,-34.11391],[141.29943,-34.11303],[141.29816,-34.11158],[141.29897,-34.10739],[141.29854,-34.10696],[141.29311,-34.10603],[141.28913,-34.10487],[141.2853,-34.10444],[141.2837,-34.10387],[141.28168,-34.10179],[141.28009,-34.09927],[141.27538,-34.09816],[141.26869,-34.09213],[141.26701,-34.09012],[141.26575,-34.08786],[141.26401,-34.08309],[141.26102,-34.07898],[141.25799,-34.07762],[141.25536,-34.07753],[141.25193,-34.07903],[141.25088,-34.08034],[141.24934,-34.08649],[141.24744,-34.08808],[141.24579,-34.08841],[141.24335,-34.08794],[141.24194,-34.08639],[141.24159,-34.08331],[141.24213,-34.08094],[141.244,-34.07834],[141.2458,-34.07692],[141.24698,-34.07475],[141.2473,-34.07289],[141.24663,-34.07127],[141.2448,-34.06883],[141.24431,-34.06377],[141.24338,-34.06234],[141.24068,-34.06168],[141.23886,-34.06227],[141.23685,-34.065],[141.23725,-34.06811],[141.23678,-34.07014],[141.23575,-34.07113],[141.23152,-34.07325],[141.22832,-34.0737],[141.22627,-34.07306],[141.22294,-34.06979],[141.22172,-34.06754],[141.22272,-34.06338],[141.22186,-34.06221],[141.22015,-34.06206],[141.21847,-34.06289],[141.21756,-34.06456],[141.21536,-34.06539],[141.21366,-34.06464],[141.21288,-34.06245],[141.20987,-34.06092],[141.20719,-34.06119],[141.20407,-34.06302],[141.20192,-34.06548],[141.20111,-34.06795],[141.20087,-34.07022],[141.19983,-34.07213],[141.19828,-34.07314],[141.19358,-34.07415],[141.19261,-34.07499],[141.19274,-34.07794],[141.19044,-34.07917],[141.18804,-34.07915],[141.18788,-34.08047],[141.19295,-34.08326],[141.19449,-34.08602],[141.19419,-34.0886],[141.19222,-34.09093],[141.18778,-34.09191],[141.18431,-34.09189],[141.18148,-34.09099],[141.17962,-34.08974],[141.17815,-34.08744],[141.17799,-34.08499],[141.17551,-34.0825],[141.17475,-34.07959],[141.17572,-34.07567],[141.17472,-34.07337],[141.17235,-34.07348],[141.17088,-34.07468],[141.17039,-34.07724],[141.16882,-34.081],[141.16782,-34.08208],[141.16361,-34.08401],[141.16032,-34.08461],[141.15845,-34.08454],[141.15523,-34.08335],[141.1533,-34.08158],[141.15278,-34.07966],[141.15344,-34.07523],[141.15364,-34.07057],[141.15294,-34.06864],[141.15041,-34.06822],[141.14676,-34.06964],[141.14504,-34.06927],[141.14394,-34.06816],[141.1449,-34.0663],[141.1461,-34.06631],[141.14942,-34.06512],[141.15286,-34.06463],[141.15353,-34.06291],[141.15121,-34.06033],[141.15148,-34.05763],[141.15339,-34.05524],[141.15307,-34.05453],[141.15052,-34.05519],[141.14624,-34.05567],[141.14437,-34.05682],[141.14375,-34.05911],[141.14425,-34.06114],[141.1436,-34.06314],[141.14217,-34.06372],[141.13986,-34.06323],[141.13727,-34.0611],[141.13776,-34.0577],[141.1365,-34.058],[141.13508,-34.05992],[141.12771,-34.06365],[141.12262,-34.06486],[141.12034,-34.06487],[141.11646,-34.06394],[141.11238,-34.06251],[141.10741,-34.06123],[141.10492,-34.05944],[141.10357,-34.05729],[141.10283,-34.05429],[141.1018,-34.05201],[141.10017,-34.05067],[141.09756,-34.05009],[141.09563,-34.05024],[141.09309,-34.05118],[141.08862,-34.0542],[141.08759,-34.05521],[141.08725,-34.05717],[141.08768,-34.05918],[141.087,-34.05997],[141.0834,-34.06124],[141.08002,-34.06164],[141.07685,-34.06361],[141.07372,-34.06368],[141.07091,-34.06217],[141.06902,-34.06039],[141.06722,-34.0562],[141.06645,-34.051],[141.06495,-34.05027],[141.06433,-34.05215],[141.06243,-34.05445],[141.05872,-34.05611],[141.0534,-34.05733],[141.05133,-34.05872],[141.04934,-34.06104],[141.04784,-34.06172],[141.04379,-34.06172],[141.04104,-34.05979],[141.04064,-34.05667],[141.03945,-34.05277],[141.03996,-34.04965],[141.04352,-34.04495],[141.04362,-34.04339],[141.04247,-34.04071],[141.04137,-34.0395],[141.0368,-34.03638],[141.03521,-34.03575],[141.03278,-34.03639],[141.03107,-34.0413],[141.03137,-34.04357],[141.0325,-34.04542],[141.03233,-34.04711],[141.02933,-34.04901],[141.02586,-34.04976],[141.02387,-34.05073],[141.02322,-34.05242],[141.02451,-34.0545],[141.02627,-34.05549],[141.02755,-34.05743],[141.02692,-34.05925],[141.02473,-34.05994],[141.02251,-34.05938],[141.01957,-34.05742],[141.01842,-34.05602],[141.01805,-34.05395],[141.01844,-34.05096],[141.01804,-34.04853],[141.01659,-34.04703],[141.01498,-34.04634],[141.01254,-34.04613],[141.00894,-34.04466],[141.00614,-34.04187],[141.00278,-34.04064],[141.0019,-34.03929],[141.00177,-34.03764],[141.0037,-34.03258],[141.00295,-34.02981],[141.00312,-34.02872],[141.00484,-34.02639],[141.00834,-34.02559],[141.01082,-34.02592],[141.01236,-34.02474],[141.01076,-34.02396],[141.00761,-34.02416],[141.00277,-34.02244],[141.00023,-34.02053],[140.99848,-34.02019],[140.99582,-34.02208],[140.99494,-34.02449],[140.9953,-34.02852],[140.99418,-34.03135],[140.9922,-34.03241],[140.98926,-34.03209],[140.98726,-34.03049],[140.98524,-34.02817],[140.98453,-34.02644],[140.98505,-34.02129],[140.98417,-34.02011],[140.98127,-34.01851],[140.98004,-34.01706],[140.97995,-34.01474],[140.98075,-34.01366],[140.98293,-34.01239],[140.98533,-34.01184],[140.98639,-34.01046],[140.98481,-34.00976],[140.97971,-34.00985],[140.97704,-34.01069],[140.97459,-34.00928],[140.97526,-34.00699],[140.97863,-34.0059],[140.98009,-34.00474],[140.98052,-34.00238],[140.97999,-34.00021],[140.97915,-33.99918],[140.97677,-33.99789],[140.97408,-33.99788],[140.97136,-33.99843],[140.96922,-33.9979],[140.96726,-33.99597],[140.96699,-33.99137],[140.96731,-33.98892],[140.96876,-33.98571],[140.96868,-33.98411],[140.96736,-33.98233],[140.96541,-33.98149],[140.96353,-33.98207],[140.963,-34.05723],[140.96273,-34.09602],[140.9619,-34.096],[140.96242,-34.15096],[140.96221,-34.15096],[140.96257,-34.20287],[140.96316,-34.274],[140.9639,-34.36864],[140.96435,-34.43865],[140.96446,-34.50317],[140.96456,-34.54203],[140.96478,-34.62465],[140.96542,-34.86985],[140.96553,-34.92842],[140.96553,-34.96161],[140.96561,-34.9969],[140.96595,-35.23733],[140.96615,-35.37589],[140.96596,-35.42031],[140.96528,-35.49853],[140.9631,-35.74853],[141.00133,-35.74852],[141.12633,-35.74852],[141.25133,-35.74852],[141.33291,-35.74853],[141.37776,-35.74851],[141.49976,-35.74858],[141.49957,-35.62533],[141.4995,-35.55185],[141.49946,-35.49851],[141.53825,-35.49853],[141.75314,-35.4984],[141.99748,-35.49844],[141.99747,-35.56612],[141.99746,-35.61369],[141.99749,-35.63957],[141.99493,-35.64388],[141.99495,-35.65389],[141.99724,-35.65389],[141.99728,-35.67265],[141.99727,-35.69862],[141.99743,-35.71073],[141.99214,-35.71069],[141.99884,-35.71612],[142.00492,-35.72617],[142.00799,-35.73375],[142.00994,-35.73996],[142.01016,-35.75522],[142.00984,-35.76369],[142.00806,-35.7717],[142.00838,-35.77422],[142.00369,-35.78944],[141.99951,-35.79786],[141.99919,-35.81474],[141.99611,-35.82424],[141.99725,-35.82466],[141.99724,-35.85381],[141.99703,-35.85696],[141.99729,-35.86754],[142.05882,-35.86778],[142.07725,-35.86787],[142.14934,-35.86813],[142.22101,-35.86832],[142.23903,-35.86832],[142.23898,-35.93264],[142.23897,-35.99787],[142.28681,-35.99784],[142.33208,-35.99789],[142.37358,-35.99786],[142.37589,-35.99807],[142.38846,-35.99786],[142.43958,-35.99788],[142.4652,-35.99785],[142.53712,-35.99787],[142.57398,-35.99787],[142.57794,-35.99781],[142.59342,-35.99792],[142.60441,-35.99783],[142.6043,-36.07129],[142.60424,-36.12044],[142.6316,-36.12046],[142.6316,-36.12546],[142.68089,-36.09625],[142.68089,-36.10003],[142.70365,-36.10004],[142.73202,-36.10335],[142.72896,-36.12071],[142.72895,-36.14681]]]},"properties":{"district":"Mildura"}},{"type":"Feature","geometry":{"type":"Polygon","coordinates":[[[145.08475,-37.67917],[145.08443,-37.67653],[145.08711,-37.67686],[145.08561,-37.67493],[145.08847,-37.67298],[145.08642,-37.67233],[145.08662,-37.67092],[145.08408,-37.67012],[145.08736,-37.66771],[145.08839,-37.66849],[145.09105,-37.66705],[145.09147,-37.66509],[145.08954,-37.66471],[145.09097,-37.66313],[145.09353,-37.66412],[145.09712,-37.66448],[145.09769,-37.66251],[145.1006,-37.66296],[145.10202,-37.6613],[145.10364,-37.66135],[145.10277,-37.65785],[145.10396,-37.65694],[145.10724,-37.65859],[145.10633,-37.6563],[145.10423,-37.65514],[145.10191,-37.65447],[145.1028,-37.65281],[145.10493,-37.65418],[145.10638,-37.65415],[145.10698,-37.65279],[145.10433,-37.65256],[145.1033,-37.65022],[145.10665,-37.64777],[145.1047,-37.64719],[145.10559,-37.64498],[145.10366,-37.64433],[145.10305,-37.64277],[145.10459,-37.64055],[145.1021,-37.64079],[145.10247,-37.63845],[145.10449,-37.63936],[145.10773,-37.6401],[145.10972,-37.63886],[145.10821,-37.63795],[145.1096,-37.63546],[145.10928,-37.63315],[145.11083,-37.63322],[145.11092,-37.63142],[145.11468,-37.62982],[145.1134,-37.62813],[145.11508,-37.6272],[145.11896,-37.62791],[145.1227,-37.62356],[145.12315,-37.62118],[145.11982,-37.62081],[145.11922,-37.62266],[145.11746,-37.62211],[145.11599,-37.62077],[145.11614,-37.61765],[145.1135,-37.61616],[145.11256,-37.61615],[145.10965,-37.61838],[145.1085,-37.61712],[145.09277,-37.61521],[145.08306,-37.61383],[145.06799,-37.61234],[145.05041,-37.61077],[145.05059,-37.61047],[145.03133,-37.60852],[145.02878,-37.62303],[145.02634,-37.63754],[145.02656,-37.64049],[145.02632,-37.64462],[145.03148,-37.64507],[145.03282,-37.64694],[145.03375,-37.64933],[145.0336,-37.65109],[145.03499,-37.65216],[145.0341,-37.65429],[145.03315,-37.65486],[145.03456,-37.6566],[145.03522,-37.6589],[145.03706,-37.66105],[145.03577,-37.66183],[145.03655,-37.66365],[145.03557,-37.66556],[145.03882,-37.66736],[145.03691,-37.67003],[145.03866,-37.67052],[145.04038,-37.67003],[145.04238,-37.67072],[145.04355,-37.67207],[145.04535,-37.67264],[145.04415,-37.67577],[145.04228,-37.67642],[145.04444,-37.67665],[145.04802,-37.67292],[145.05792,-37.66515],[145.05939,-37.66703],[145.06171,-37.66858],[145.06586,-37.66991],[145.07098,-37.67046],[145.06953,-37.67824],[145.08475,-37.67917]]]},"properties":{"district":"Mill Park"}},{"type":"Feature","geometry":{"type":"Polygon","coordinates":[[[145.30624,-37.86902],[145.30851,-37.87098],[145.30784,-37.87629],[145.30614,-37.87611],[145.30513,-37.88027],[145.30418,-37.88151],[145.30506,-37.88247],[145.30408,-37.88383],[145.30335,-37.88771],[145.30258,-37.88875],[145.30412,-37.89018],[145.30347,-37.8911],[145.30104,-37.88991],[145.3005,-37.89069],[145.30086,-37.89262],[145.29636,-37.89774],[145.29465,-37.90063],[145.29592,-37.90333],[145.29549,-37.9051],[145.29272,-37.90722],[145.29625,-37.91047],[145.29868,-37.91169],[145.29798,-37.91351],[145.29932,-37.91477],[145.3008,-37.918],[145.30041,-37.92039],[145.30249,-37.92262],[145.30341,-37.92662],[145.30387,-37.93343],[145.29988,-37.93146],[145.29336,-37.96398],[145.30102,-37.96585],[145.317,-37.96784],[145.31775,-37.9668],[145.31956,-37.96648],[145.35796,-37.97129],[145.36099,-37.97205],[145.36679,-37.97356],[145.37912,-37.97511],[145.37986,-37.97376],[145.38269,-37.97496],[145.38442,-37.97064],[145.38623,-37.97144],[145.38803,-37.97098],[145.38752,-37.96003],[145.38775,-37.95798],[145.38179,-37.95666],[145.38442,-37.95441],[145.38515,-37.95162],[145.38394,-37.94934],[145.38217,-37.94117],[145.38352,-37.93827],[145.38566,-37.93605],[145.38564,-37.93465],[145.38464,-37.93321],[145.38407,-37.92961],[145.38553,-37.92772],[145.3898,-37.92429],[145.3919,-37.92339],[145.39424,-37.92334],[145.39948,-37.92161],[145.40091,-37.92377],[145.40075,-37.92646],[145.41599,-37.92828],[145.41637,-37.92633],[145.41816,-37.92501],[145.41963,-37.92633],[145.42292,-37.91919],[145.42549,-37.91993],[145.42846,-37.91349],[145.43871,-37.91458],[145.43967,-37.91003],[145.44202,-37.90975],[145.44265,-37.90702],[145.4446,-37.90626],[145.44687,-37.90675],[145.44742,-37.90591],[145.45034,-37.90625],[145.45137,-37.90706],[145.45471,-37.90633],[145.45655,-37.90721],[145.45858,-37.90531],[145.46028,-37.9072],[145.46332,-37.90796],[145.46474,-37.91082],[145.46667,-37.91202],[145.46911,-37.9102],[145.4699,-37.90628],[145.46993,-37.90266],[145.47382,-37.89998],[145.47966,-37.90067],[145.48167,-37.89834],[145.48973,-37.8993],[145.48993,-37.89829],[145.49289,-37.89898],[145.49478,-37.89999],[145.49782,-37.90037],[145.50029,-37.89956],[145.50321,-37.9008],[145.50574,-37.89952],[145.50749,-37.89977],[145.50989,-37.89709],[145.5112,-37.89719],[145.51504,-37.89354],[145.51761,-37.89234],[145.52073,-37.88952],[145.5224,-37.88708],[145.52518,-37.88709],[145.52663,-37.8845],[145.52554,-37.88303],[145.5271,-37.88086],[145.52651,-37.87916],[145.52902,-37.87641],[145.5283,-37.87442],[145.52808,-37.8697],[145.5272,-37.86914],[145.5261,-37.86687],[145.52729,-37.86499],[145.52701,-37.86352],[145.52531,-37.86193],[145.52517,-37.86012],[145.51946,-37.85822],[145.51915,-37.85775],[145.51713,-37.85734],[145.51682,-37.85566],[145.5157,-37.8542],[145.51334,-37.85411],[145.51103,-37.85344],[145.50923,-37.85226],[145.50762,-37.85266],[145.50536,-37.85087],[145.50134,-37.85067],[145.4992,-37.8497],[145.49726,-37.8464],[145.49526,-37.84477],[145.49284,-37.84379],[145.49321,-37.84201],[145.49477,-37.84029],[145.4954,-37.83774],[145.4972,-37.83607],[145.49696,-37.83446],[145.49832,-37.8332],[145.49978,-37.83016],[145.49913,-37.82724],[145.50107,-37.82659],[145.50159,-37.82138],[145.50281,-37.81952],[145.5016,-37.81772],[145.50245,-37.81596],[145.50682,-37.8121],[145.50538,-37.81188],[145.50328,-37.80912],[145.49891,-37.80822],[145.4965,-37.80597],[145.49365,-37.80526],[145.48928,-37.80687],[145.48326,-37.80605],[145.47957,-37.80529],[145.47859,-37.80462],[145.47757,-37.80208],[145.47516,-37.8001],[145.47245,-37.79909],[145.46993,-37.79893],[145.46584,-37.79583],[145.45874,-37.79541],[145.45679,-37.79496],[145.44327,-37.80236],[145.42357,-37.81301],[145.4234,-37.8144],[145.42206,-37.81596],[145.42251,-37.81905],[145.41131,-37.82013],[145.41496,-37.82288],[145.41354,-37.82435],[145.40788,-37.82523],[145.40675,-37.82455],[145.40196,-37.82314],[145.40281,-37.81659],[145.40259,-37.81309],[145.40205,-37.8105],[145.40037,-37.81103],[145.39814,-37.81066],[145.39592,-37.80948],[145.39285,-37.8048],[145.39188,-37.80183],[145.38973,-37.80008],[145.38677,-37.8007],[145.38602,-37.79702],[145.385,-37.79689],[145.38349,-37.79368],[145.38213,-37.79477],[145.37569,-37.79583],[145.37415,-37.79672],[145.37112,-37.79554],[145.37014,-37.7944],[145.3679,-37.79421],[145.36724,-37.79346],[145.36414,-37.7938],[145.36327,-37.79471],[145.36124,-37.79427],[145.35984,-37.79254],[145.35991,-37.78884],[145.36072,-37.78487],[145.36227,-37.78209],[145.36186,-37.78039],[145.35944,-37.77829],[145.34367,-37.77633],[145.33374,-37.77521],[145.33179,-37.77853],[145.32864,-37.78121],[145.32794,-37.78443],[145.32815,-37.78568],[145.32964,-37.7856],[145.3271,-37.7987],[145.32851,-37.80042],[145.31607,-37.8021],[145.31489,-37.80373],[145.31677,-37.8171],[145.31681,-37.81816],[145.31872,-37.83172],[145.31873,-37.84028],[145.31776,-37.84496],[145.32015,-37.84489],[145.32305,-37.8462],[145.33283,-37.84743],[145.33212,-37.85102],[145.33519,-37.85139],[145.33615,-37.85105],[145.33848,-37.85236],[145.32667,-37.86648],[145.32656,-37.86605],[145.32132,-37.86542],[145.31881,-37.86557],[145.31687,-37.86488],[145.31678,-37.8629],[145.31354,-37.86336],[145.31366,-37.8645],[145.30589,-37.86354],[145.30383,-37.86345],[145.30223,-37.86424],[145.30291,-37.86573],[145.3054,-37.86767],[145.30624,-37.86902]]]},"properties":{"district":"Monbulk"}},{"type":"Feature","geometry":{"type":"Polygon","coordinates":[[[145.18388,-38.03226],[145.1835,-38.03182],[145.18205,-38.03273],[145.17838,-38.0328],[145.16423,-38.02879],[145.13756,-38.02141],[145.137,-38.0212],[145.1034,-38.01192],[145.10329,-38.01078],[145.10682,-37.99247],[145.10749,-37.98938],[145.10923,-37.98681],[145.11168,-37.97228],[145.06731,-37.96681],[145.05779,-37.96567],[145.06415,-37.97363],[145.07079,-37.98173],[145.07135,-37.98217],[145.06907,-37.99423],[145.06882,-37.99499],[145.07221,-37.9975],[145.08095,-38.0051],[145.08445,-38.01058],[145.08642,-38.01088],[145.08768,-38.01184],[145.09335,-38.01782],[145.09789,-38.02405],[145.10038,-38.02795],[145.10531,-38.03646],[145.11157,-38.04918],[145.11258,-38.05263],[145.11384,-38.05458],[145.11605,-38.06013],[145.11924,-38.05947],[145.1189,-38.05847],[145.1269,-38.05577],[145.12814,-38.05439],[145.13321,-38.05268],[145.13447,-38.05499],[145.14457,-38.05158],[145.14739,-38.05902],[145.14874,-38.05752],[145.15218,-38.05566],[145.17366,-38.04491],[145.17532,-38.04341],[145.17538,-38.04227],[145.1811,-38.03622],[145.18197,-38.03382],[145.18388,-38.03226]]]},"properties":{"district":"Mordialloc"}},{"type":"Feature","geometry":{"type":"Polygon","coordinates":[[[145.09814,-38.16288],[145.09327,-38.16429],[145.0911,-38.16264],[145.08753,-38.16422],[145.0869,-38.16638],[145.08414,-38.17086],[145.08311,-38.17166],[145.0782,-38.1737],[145.07861,-38.175],[145.07716,-38.17725],[145.07396,-38.17983],[145.07352,-38.18261],[145.0728,-38.18303],[145.07163,-38.18644],[145.07003,-38.18945],[145.06755,-38.19295],[145.0657,-38.19469],[145.06426,-38.19701],[145.06285,-38.1983],[145.06069,-38.20149],[145.05702,-38.20329],[145.0534,-38.20611],[145.05044,-38.2075],[145.04899,-38.21047],[145.04555,-38.21327],[145.04382,-38.21395],[145.04298,-38.21298],[145.04026,-38.21261],[145.03932,-38.21406],[145.03692,-38.21493],[145.03481,-38.21496],[145.03395,-38.21428],[145.03528,-38.21157],[145.03259,-38.21304],[145.03257,-38.21563],[145.03106,-38.22007],[145.03142,-38.22369],[145.02826,-38.22673],[145.0254,-38.22752],[145.02603,-38.22859],[145.02532,-38.23006],[145.02639,-38.23235],[145.02581,-38.23454],[145.02731,-38.23564],[145.02805,-38.2383],[145.02736,-38.24237],[145.0278,-38.2445],[145.02761,-38.2477],[145.02688,-38.25099],[145.02555,-38.25343],[145.02081,-38.25866],[145.01567,-38.26362],[145.01442,-38.26438],[145.01055,-38.26803],[145.00722,-38.27043],[145.00574,-38.27096],[145.00259,-38.27026],[145.00108,-38.27116],[145.00112,-38.27504],[145,-38.27714],[144.9953,-38.28115],[144.99498,-38.28217],[144.99321,-38.28329],[144.99121,-38.28664],[144.98959,-38.2876],[144.98579,-38.29242],[144.98407,-38.29574],[144.98279,-38.29716],[144.98362,-38.29836],[144.98744,-38.29977],[144.99903,-38.30113],[145.00001,-38.30107],[145.03951,-38.30572],[145.06466,-38.30872],[145.08492,-38.31108],[145.08829,-38.31626],[145.09195,-38.32408],[145.10224,-38.32412],[145.14557,-38.32409],[145.14555,-38.29366],[145.14558,-38.25857],[145.15484,-38.22068],[145.12907,-38.21683],[145.13079,-38.21039],[145.13158,-38.20864],[145.12692,-38.20093],[145.12875,-38.20008],[145.10207,-38.16593],[145.10045,-38.1655],[145.09814,-38.16288]]]},"properties":{"district":"Mornington"}},{"type":"Feature","geometry":{"type":"Polygon","coordinates":[[[146.58726,-37.97808],[146.58004,-38.00699],[146.57663,-38.02285],[146.57525,-38.03007],[146.56753,-38.02899],[146.56698,-38.03069],[146.56973,-38.03534],[146.56936,-38.03733],[146.56703,-38.03924],[146.56729,-38.04004],[146.57014,-38.04256],[146.57231,-38.04347],[146.56951,-38.0581],[146.55251,-38.05596],[146.55227,-38.05792],[146.55043,-38.05902],[146.53478,-38.05697],[146.5337,-38.06268],[146.52791,-38.08425],[146.52332,-38.0836],[146.52091,-38.08293],[146.51658,-38.08091],[146.51047,-38.08008],[146.50481,-38.08044],[146.49932,-38.07962],[146.49648,-38.07802],[146.49269,-38.07823],[146.48846,-38.07776],[146.48457,-38.07637],[146.48367,-38.07547],[146.47949,-38.07473],[146.47572,-38.07531],[146.47582,-38.07688],[146.47702,-38.07902],[146.47729,-38.08287],[146.47667,-38.08722],[146.47923,-38.09013],[146.47749,-38.09853],[146.47996,-38.09967],[146.47898,-38.1038],[146.44414,-38.09923],[146.4244,-38.09655],[146.42173,-38.10907],[146.42367,-38.10939],[146.42396,-38.11152],[146.42359,-38.1142],[146.42365,-38.11859],[146.42428,-38.11938],[146.42309,-38.12149],[146.42509,-38.12232],[146.42465,-38.1242],[146.42774,-38.1244],[146.42948,-38.12385],[146.42843,-38.1204],[146.42633,-38.12032],[146.42587,-38.11947],[146.42775,-38.11835],[146.42961,-38.11881],[146.43115,-38.12088],[146.43383,-38.12179],[146.42286,-38.13035],[146.41048,-38.13267],[146.40622,-38.13553],[146.39487,-38.13881],[146.39362,-38.13838],[146.39011,-38.13605],[146.38642,-38.13526],[146.38465,-38.13336],[146.38176,-38.13349],[146.38065,-38.1314],[146.38034,-38.12931],[146.37871,-38.12715],[146.3768,-38.12646],[146.37653,-38.12413],[146.37434,-38.12137],[146.37309,-38.11827],[146.37463,-38.11741],[146.37435,-38.11381],[146.37176,-38.11071],[146.36323,-38.10826],[146.36135,-38.10709],[146.34909,-38.11125],[146.33512,-38.11889],[146.3286,-38.11982],[146.3179,-38.11902],[146.30715,-38.11443],[146.29379,-38.11203],[146.2904,-38.11051],[146.28822,-38.11296],[146.2876,-38.11509],[146.28347,-38.11747],[146.27818,-38.12196],[146.27693,-38.12337],[146.27341,-38.12535],[146.27431,-38.12669],[146.27537,-38.131],[146.27539,-38.13301],[146.27075,-38.13796],[146.26962,-38.13856],[146.26134,-38.14012],[146.25582,-38.14401],[146.25657,-38.14549],[146.25611,-38.14729],[146.25442,-38.14826],[146.25512,-38.14924],[146.25841,-38.1496],[146.25958,-38.15177],[146.26305,-38.15098],[146.26507,-38.1526],[146.26862,-38.15223],[146.27123,-38.15154],[146.27222,-38.15198],[146.2697,-38.15544],[146.26741,-38.15986],[146.26775,-38.1613],[146.26895,-38.16193],[146.26919,-38.16353],[146.27151,-38.16382],[146.27215,-38.16571],[146.27375,-38.16638],[146.27388,-38.16975],[146.27202,-38.17268],[146.2721,-38.17537],[146.27015,-38.17756],[146.27248,-38.18211],[146.27283,-38.184],[146.27557,-38.18548],[146.27653,-38.1873],[146.27619,-38.19004],[146.2767,-38.19256],[146.27439,-38.19396],[146.27421,-38.19591],[146.27492,-38.19771],[146.27334,-38.19811],[146.27358,-38.20023],[146.2726,-38.20242],[146.27343,-38.20739],[146.27265,-38.20961],[146.27655,-38.20988],[146.27784,-38.21126],[146.27722,-38.21245],[146.27784,-38.21446],[146.2771,-38.21654],[146.27454,-38.21901],[146.27524,-38.22128],[146.27275,-38.22132],[146.27103,-38.22416],[146.27092,-38.22792],[146.26854,-38.22769],[146.26647,-38.23058],[146.26713,-38.23092],[146.26942,-38.22883],[146.27069,-38.22926],[146.27257,-38.2273],[146.27324,-38.22492],[146.29138,-38.22719],[146.28989,-38.22949],[146.28651,-38.23025],[146.28582,-38.23218],[146.28626,-38.23334],[146.28807,-38.23467],[146.28887,-38.23636],[146.28709,-38.23964],[146.2844,-38.2408],[146.28244,-38.24407],[146.27904,-38.24588],[146.27829,-38.24918],[146.27448,-38.25345],[146.26865,-38.25504],[146.26016,-38.2625],[146.25814,-38.26502],[146.25847,-38.26743],[146.26206,-38.27262],[146.25888,-38.27783],[146.25608,-38.27922],[146.25207,-38.29899],[146.23958,-38.30669],[146.23577,-38.31452],[146.23242,-38.31625],[146.23019,-38.32173],[146.22865,-38.3239],[146.25052,-38.32665],[146.24959,-38.33131],[146.25094,-38.33155],[146.24959,-38.33821],[146.24742,-38.33794],[146.24461,-38.35213],[146.24352,-38.35612],[146.2315,-38.35421],[146.22962,-38.35529],[146.22628,-38.36012],[146.22681,-38.36178],[146.22505,-38.36417],[146.22141,-38.36729],[146.21741,-38.36855],[146.21354,-38.36845],[146.21047,-38.36998],[146.2149,-38.37172],[146.21836,-38.37396],[146.22568,-38.37533],[146.23281,-38.37486],[146.23762,-38.37602],[146.23952,-38.37729],[146.24086,-38.37918],[146.23438,-38.38067],[146.23586,-38.38466],[146.23453,-38.38495],[146.23217,-38.39616],[146.22875,-38.41352],[146.23284,-38.41403],[146.23069,-38.425],[146.22648,-38.42481],[146.22319,-38.43996],[146.22329,-38.44006],[146.24797,-38.44316],[146.27219,-38.44642],[146.27006,-38.45646],[146.26773,-38.4568],[146.24859,-38.45442],[146.23718,-38.45291],[146.23551,-38.46028],[146.23993,-38.46086],[146.23844,-38.46794],[146.26257,-38.47099],[146.25988,-38.4837],[146.25751,-38.4834],[146.25477,-38.49611],[146.27625,-38.49859],[146.29169,-38.50008],[146.29277,-38.50245],[146.29107,-38.50371],[146.291,-38.50469],[146.28838,-38.50594],[146.28529,-38.50637],[146.28519,-38.51341],[146.28644,-38.51422],[146.28434,-38.51657],[146.2848,-38.51933],[146.28557,-38.52091],[146.28449,-38.52273],[146.28811,-38.52405],[146.28974,-38.52616],[146.29039,-38.52786],[146.29349,-38.52542],[146.29554,-38.52699],[146.29653,-38.52615],[146.30027,-38.52489],[146.30236,-38.52256],[146.30442,-38.52102],[146.30717,-38.52155],[146.30996,-38.52105],[146.31358,-38.51976],[146.31377,-38.52081],[146.3165,-38.52025],[146.31889,-38.52166],[146.3186,-38.52287],[146.32147,-38.52499],[146.32126,-38.52581],[146.32293,-38.52756],[146.32734,-38.53011],[146.32869,-38.53034],[146.33009,-38.53213],[146.33275,-38.53303],[146.33521,-38.53275],[146.33702,-38.53424],[146.34027,-38.5341],[146.34076,-38.53488],[146.34435,-38.53634],[146.34561,-38.53579],[146.34792,-38.53623],[146.34912,-38.53532],[146.35043,-38.53587],[146.35546,-38.53567],[146.35973,-38.53506],[146.36144,-38.53521],[146.36241,-38.53413],[146.36995,-38.5318],[146.36997,-38.52974],[146.37402,-38.52895],[146.37454,-38.52695],[146.37329,-38.52549],[146.37046,-38.52485],[146.36725,-38.51904],[146.36876,-38.51793],[146.36824,-38.51373],[146.36833,-38.51183],[146.37176,-38.51116],[146.37316,-38.51019],[146.37242,-38.50853],[146.37355,-38.50762],[146.37842,-38.50768],[146.37996,-38.5062],[146.38045,-38.5045],[146.38398,-38.504],[146.38378,-38.5019],[146.38062,-38.49916],[146.3821,-38.49769],[146.38646,-38.49631],[146.38913,-38.49502],[146.39055,-38.49507],[146.39366,-38.49382],[146.39523,-38.49246],[146.39913,-38.49153],[146.39985,-38.48927],[146.40138,-38.48848],[146.4036,-38.48528],[146.40643,-38.48549],[146.40781,-38.48502],[146.40821,-38.487],[146.41165,-38.48606],[146.41341,-38.48608],[146.42141,-38.4833],[146.42239,-38.48218],[146.42395,-38.48261],[146.42543,-38.48134],[146.42649,-38.4787],[146.42488,-38.47777],[146.4262,-38.4766],[146.4256,-38.47567],[146.42753,-38.47461],[146.42428,-38.47296],[146.42473,-38.47229],[146.4276,-38.47131],[146.4312,-38.46942],[146.43315,-38.46969],[146.43386,-38.46874],[146.43605,-38.46877],[146.43836,-38.46758],[146.43925,-38.46644],[146.44108,-38.46666],[146.44475,-38.46594],[146.44729,-38.46409],[146.44796,-38.463],[146.45081,-38.46364],[146.45358,-38.46507],[146.45596,-38.46448],[146.4574,-38.46287],[146.45694,-38.46037],[146.45911,-38.45921],[146.46386,-38.45879],[146.46921,-38.45963],[146.47054,-38.45894],[146.47247,-38.4593],[146.47398,-38.45832],[146.47558,-38.45641],[146.47688,-38.45674],[146.4836,-38.45516],[146.48511,-38.45247],[146.48288,-38.45155],[146.48153,-38.44917],[146.48443,-38.44921],[146.48175,-38.44363],[146.48318,-38.4436],[146.48674,-38.44182],[146.48891,-38.43935],[146.49162,-38.44125],[146.489,-38.44447],[146.48928,-38.44587],[146.49081,-38.44733],[146.49459,-38.4456],[146.4976,-38.4462],[146.49865,-38.44553],[146.49958,-38.44346],[146.4995,-38.44217],[146.50141,-38.44234],[146.50327,-38.44174],[146.50498,-38.44252],[146.50834,-38.44253],[146.51301,-38.44065],[146.51618,-38.44043],[146.51724,-38.43947],[146.52181,-38.43786],[146.52384,-38.43886],[146.52731,-38.43853],[146.528,-38.43712],[146.52646,-38.43359],[146.52686,-38.43211],[146.52884,-38.43075],[146.53233,-38.4298],[146.53504,-38.42947],[146.53665,-38.4306],[146.54062,-38.42981],[146.54237,-38.43055],[146.54697,-38.43142],[146.5497,-38.43085],[146.55186,-38.43119],[146.55288,-38.43064],[146.55849,-38.43062],[146.56054,-38.43008],[146.56168,-38.42907],[146.56523,-38.4293],[146.56566,-38.42718],[146.56743,-38.42612],[146.56694,-38.42455],[146.56301,-38.42237],[146.56392,-38.42129],[146.56627,-38.42052],[146.56564,-38.41902],[146.56698,-38.41677],[146.56571,-38.41265],[146.57897,-38.41437],[146.58344,-38.39409],[146.58212,-38.39392],[146.58617,-38.37416],[146.5908,-38.35927],[146.59175,-38.35463],[146.59052,-38.35448],[146.59155,-38.35246],[146.59419,-38.35012],[146.59468,-38.34719],[146.59308,-38.34454],[146.59857,-38.3415],[146.59872,-38.33985],[146.60006,-38.33913],[146.5996,-38.33731],[146.60062,-38.33558],[146.60229,-38.33433],[146.60127,-38.33252],[146.60182,-38.33153],[146.6021,-38.32438],[146.60086,-38.32311],[146.59988,-38.32078],[146.59795,-38.31836],[146.59764,-38.31541],[146.59655,-38.31467],[146.59798,-38.31327],[146.5971,-38.31227],[146.5995,-38.30934],[146.60063,-38.3098],[146.60205,-38.30737],[146.60543,-38.30462],[146.60601,-38.3034],[146.60777,-38.30337],[146.60909,-38.30076],[146.61105,-38.30083],[146.61194,-38.30001],[146.61396,-38.30025],[146.61667,-38.29729],[146.61897,-38.29539],[146.61927,-38.29395],[146.62178,-38.29301],[146.62228,-38.29073],[146.62199,-38.28881],[146.62094,-38.28857],[146.62106,-38.28663],[146.62281,-38.28296],[146.62472,-38.28233],[146.62404,-38.28096],[146.62601,-38.27591],[146.62838,-38.27268],[146.62984,-38.27143],[146.62822,-38.26911],[146.62924,-38.26778],[146.62906,-38.26588],[146.63227,-38.26417],[146.63252,-38.26066],[146.63368,-38.25968],[146.63238,-38.25843],[146.63484,-38.25608],[146.6349,-38.25479],[146.63713,-38.25353],[146.63758,-38.2525],[146.63956,-38.25185],[146.63999,-38.25042],[146.64308,-38.24815],[146.64623,-38.24854],[146.64623,-38.24727],[146.64881,-38.24598],[146.64941,-38.24457],[146.65067,-38.244],[146.65102,-38.24167],[146.6526,-38.24083],[146.6545,-38.24112],[146.65632,-38.24047],[146.65577,-38.23899],[146.6565,-38.23786],[146.65658,-38.23587],[146.65562,-38.23434],[146.65722,-38.23303],[146.65473,-38.23008],[146.65616,-38.22676],[146.65529,-38.22564],[146.65661,-38.22355],[146.65851,-38.22306],[146.66054,-38.22179],[146.66438,-38.22214],[146.66519,-38.22075],[146.66731,-38.21999],[146.66812,-38.21739],[146.67292,-38.21696],[146.67399,-38.21788],[146.6755,-38.21751],[146.67764,-38.21582],[146.67889,-38.21343],[146.68093,-38.21243],[146.68208,-38.21024],[146.68168,-38.20836],[146.67861,-38.20688],[146.67954,-38.20537],[146.6798,-38.20267],[146.68068,-38.20153],[146.68381,-38.201],[146.68429,-38.19933],[146.6859,-38.19792],[146.68553,-38.19659],[146.68674,-38.19521],[146.6895,-38.19332],[146.68926,-38.19186],[146.69363,-38.18917],[146.69517,-38.18761],[146.6944,-38.18585],[146.69638,-38.18449],[146.69671,-38.1822],[146.69881,-38.18156],[146.703,-38.17871],[146.70301,-38.17788],[146.70524,-38.1751],[146.70825,-38.17216],[146.70786,-38.17077],[146.70896,-38.16844],[146.70936,-38.1664],[146.71069,-38.16515],[146.70922,-38.16218],[146.71038,-38.16036],[146.71006,-38.15875],[146.71216,-38.1551],[146.70915,-38.15446],[146.70812,-38.15279],[146.70571,-38.15328],[146.70416,-38.15291],[146.70545,-38.15104],[146.70526,-38.14889],[146.70662,-38.14758],[146.708,-38.1499],[146.71013,-38.14933],[146.71089,-38.1483],[146.71357,-38.1476],[146.71307,-38.14924],[146.71472,-38.15058],[146.71839,-38.14956],[146.72065,-38.1499],[146.72711,-38.14858],[146.73514,-38.1451],[146.73663,-38.14524],[146.73855,-38.14434],[146.74151,-38.14412],[146.74362,-38.14525],[146.74521,-38.144],[146.74647,-38.14472],[146.7492,-38.14452],[146.75205,-38.14606],[146.7557,-38.14543],[146.75752,-38.14624],[146.76151,-38.14619],[146.76353,-38.14485],[146.76614,-38.14389],[146.76776,-38.14551],[146.77098,-38.14491],[146.76927,-38.1432],[146.77565,-38.14229],[146.77812,-38.14304],[146.78073,-38.14308],[146.78107,-38.14203],[146.78374,-38.14113],[146.78299,-38.14312],[146.78634,-38.14612],[146.78729,-38.14449],[146.7855,-38.1439],[146.78595,-38.14278],[146.78811,-38.14234],[146.78887,-38.14347],[146.79072,-38.14248],[146.79247,-38.14258],[146.79397,-38.13791],[146.79243,-38.13634],[146.77583,-38.11613],[146.77533,-38.1158],[146.77024,-38.10978],[146.77047,-38.10859],[146.77311,-38.10186],[146.77329,-38.09948],[146.76969,-38.06599],[146.76522,-38.02281],[146.76633,-38.02104],[146.779,-38.00943],[146.77965,-38.00857],[146.7807,-38.00418],[146.78044,-38.00235],[146.77728,-37.99545],[146.7761,-37.99169],[146.77725,-37.98818],[146.77966,-37.98687],[146.78033,-37.98561],[146.77725,-37.9858],[146.77493,-37.98651],[146.7741,-37.98817],[146.7713,-37.98763],[146.77005,-37.98796],[146.76799,-37.98732],[146.76776,-37.98923],[146.76934,-37.98984],[146.76736,-37.9911],[146.7623,-37.99011],[146.75949,-37.98831],[146.75845,-37.98639],[146.75707,-37.98703],[146.75544,-37.98604],[146.75417,-37.98783],[146.75093,-37.98875],[146.74766,-37.98802],[146.74522,-37.98954],[146.74379,-37.98879],[146.74217,-37.99027],[146.73976,-37.98866],[146.73757,-37.98974],[146.7343,-37.99014],[146.73168,-37.99003],[146.73017,-37.9915],[146.73072,-37.99309],[146.72962,-37.9943],[146.72635,-37.99436],[146.72511,-37.99539],[146.72366,-37.9944],[146.72148,-37.99504],[146.71766,-37.99799],[146.71689,-37.99628],[146.71393,-37.99722],[146.71256,-37.99719],[146.7113,-37.99363],[146.70918,-37.99345],[146.70592,-37.99154],[146.70452,-37.99259],[146.70115,-37.99153],[146.70038,-37.99017],[146.69868,-37.9892],[146.69804,-37.98666],[146.69607,-37.98821],[146.69368,-37.98767],[146.69433,-37.98606],[146.69293,-37.9842],[146.68811,-37.98444],[146.68711,-37.985],[146.68186,-37.98378],[146.67972,-37.98541],[146.67723,-37.9857],[146.67491,-37.98412],[146.6702,-37.98378],[146.67045,-37.98517],[146.66644,-37.98516],[146.66533,-37.98945],[146.66465,-37.99085],[146.66706,-37.99069],[146.66637,-37.9925],[146.664,-37.99294],[146.66246,-37.9938],[146.66052,-37.99582],[146.65515,-37.99715],[146.64886,-37.9981],[146.64457,-37.9982],[146.64198,-37.99755],[146.63872,-37.99595],[146.63739,-37.99482],[146.63518,-37.99094],[146.63213,-37.98819],[146.62919,-37.98397],[146.62926,-37.98224],[146.62778,-37.97961],[146.62433,-37.97511],[146.6282,-37.974],[146.62685,-37.97132],[146.62516,-37.97139],[146.6217,-37.97279],[146.61958,-37.97176],[146.61748,-37.97186],[146.61742,-37.97324],[146.61485,-37.97753],[146.61119,-37.9797],[146.6099,-37.9789],[146.60995,-37.97651],[146.61336,-37.97356],[146.61113,-37.97192],[146.6097,-37.97214],[146.60678,-37.97146],[146.60601,-37.97451],[146.60357,-37.9749],[146.60076,-37.9738],[146.59844,-37.97421],[146.59982,-37.97773],[146.59942,-37.97982],[146.59692,-37.98],[146.59574,-37.97562],[146.59064,-37.97453],[146.58974,-37.97669],[146.58726,-37.97808]]]},"properties":{"district":"Morwell"}},{"type":"Feature","geometry":{"type":"Polygon","coordinates":[[[145.10822,-37.88648],[145.11326,-37.88806],[145.11699,-37.89018],[145.11953,-37.89119],[145.12278,-37.89185],[145.14192,-37.89396],[145.14475,-37.89477],[145.14698,-37.89599],[145.14899,-37.89782],[145.15311,-37.90265],[145.16141,-37.90354],[145.17355,-37.90487],[145.17636,-37.89025],[145.20016,-37.89296],[145.20027,-37.89169],[145.19838,-37.88923],[145.19613,-37.88823],[145.19478,-37.88563],[145.19489,-37.88347],[145.19299,-37.88217],[145.19085,-37.87895],[145.19125,-37.87694],[145.189,-37.87686],[145.17468,-37.87513],[145.16681,-37.87439],[145.16923,-37.86202],[145.14354,-37.8589],[145.13141,-37.85756],[145.11399,-37.85551],[145.10822,-37.88648]]]},"properties":{"district":"Mount Waverley"}},{"type":"Feature","geometry":{"type":"Polygon","coordinates":[[[145.15287,-37.94907],[145.16513,-37.95836],[145.18579,-37.97387],[145.18809,-37.96221],[145.18836,-37.96153],[145.1911,-37.95981],[145.19175,-37.95646],[145.1908,-37.95454],[145.20225,-37.95594],[145.20309,-37.9534],[145.2047,-37.94692],[145.20704,-37.93883],[145.21916,-37.94015],[145.22006,-37.93964],[145.21833,-37.93677],[145.21565,-37.93717],[145.2115,-37.93568],[145.20967,-37.93417],[145.20958,-37.93285],[145.20776,-37.93234],[145.20645,-37.93122],[145.2068,-37.928],[145.2055,-37.92785],[145.20482,-37.92602],[145.20571,-37.92407],[145.20527,-37.92243],[145.20418,-37.92148],[145.2029,-37.91866],[145.2043,-37.91477],[145.20453,-37.913],[145.20555,-37.91232],[145.2058,-37.91064],[145.20463,-37.90607],[145.20521,-37.90537],[145.20381,-37.90389],[145.20374,-37.90276],[145.20612,-37.90242],[145.20838,-37.89909],[145.20624,-37.89692],[145.20282,-37.89602],[145.20073,-37.8944],[145.20016,-37.89296],[145.17636,-37.89025],[145.17355,-37.90487],[145.16141,-37.90354],[145.15998,-37.91102],[145.15802,-37.92267],[145.15667,-37.92829],[145.15592,-37.93245],[145.15292,-37.94832],[145.15287,-37.94907]]]},"properties":{"district":"Mulgrave"}},{"type":"Feature","geometry":{"type":"Polygon","coordinates":[[[144.67095,-36.4423],[144.67307,-36.44204],[144.71391,-36.44202],[144.71388,-36.42732],[144.76811,-36.42728],[144.80452,-36.42726],[144.80448,-36.39904],[144.83167,-36.39907],[144.83179,-36.39879],[144.88626,-36.3987],[144.90919,-36.39869],[144.9092,-36.37265],[144.9319,-36.37263],[144.93189,-36.35538],[144.98129,-36.35536],[144.98131,-36.38437],[145.03207,-36.38436],[145.03207,-36.34309],[145.06787,-36.34305],[145.15023,-36.34308],[145.20471,-36.34306],[145.24107,-36.34299],[145.27732,-36.34303],[145.27721,-36.31059],[145.27723,-36.26968],[145.27717,-36.2485],[145.27578,-36.24744],[145.27409,-36.24408],[145.27047,-36.24383],[145.26952,-36.24258],[145.27007,-36.24001],[145.27141,-36.23904],[145.27371,-36.23927],[145.27794,-36.24029],[145.27903,-36.23987],[145.27859,-36.23756],[145.2751,-36.23572],[145.27343,-36.23388],[145.27312,-36.2326],[145.27366,-36.22943],[145.27595,-36.22626],[145.27526,-36.22519],[145.27114,-36.22538],[145.27011,-36.22406],[145.27079,-36.2215],[145.26908,-36.21977],[145.27083,-36.21831],[145.27348,-36.21963],[145.27496,-36.21856],[145.27385,-36.21716],[145.27146,-36.21633],[145.26644,-36.21761],[145.26555,-36.21521],[145.26722,-36.21176],[145.26869,-36.21022],[145.26589,-36.20909],[145.26499,-36.20722],[145.2633,-36.2065],[145.26256,-36.20486],[145.26343,-36.20365],[145.26495,-36.20318],[145.26647,-36.20385],[145.26877,-36.20299],[145.26828,-36.201],[145.26539,-36.19985],[145.26187,-36.19992],[145.26015,-36.19902],[145.26038,-36.1975],[145.25907,-36.19645],[145.25726,-36.19643],[145.25716,-36.19504],[145.25824,-36.19302],[145.25748,-36.19241],[145.25551,-36.19371],[145.25192,-36.19238],[145.25231,-36.19094],[145.25346,-36.1902],[145.25184,-36.18823],[145.25318,-36.18664],[145.25522,-36.18617],[145.25567,-36.18423],[145.25356,-36.18394],[145.25163,-36.18483],[145.2502,-36.18699],[145.24822,-36.18653],[145.24904,-36.18272],[145.24908,-36.18093],[145.24813,-36.1796],[145.24571,-36.17844],[145.24585,-36.17628],[145.24467,-36.17556],[145.24338,-36.17641],[145.24395,-36.18008],[145.24255,-36.18015],[145.24042,-36.17878],[145.24001,-36.17502],[145.24048,-36.17208],[145.23855,-36.1716],[145.23646,-36.17376],[145.23672,-36.17748],[145.23477,-36.17568],[145.23434,-36.1733],[145.23504,-36.17039],[145.23395,-36.16922],[145.23213,-36.16925],[145.23208,-36.16779],[145.23438,-36.1664],[145.2364,-36.1666],[145.23811,-36.16579],[145.23765,-36.16461],[145.2349,-36.16412],[145.23334,-36.16469],[145.23102,-36.16753],[145.23012,-36.17068],[145.22786,-36.17013],[145.22827,-36.16792],[145.23076,-36.16564],[145.22903,-36.16484],[145.22446,-36.17058],[145.22302,-36.17047],[145.22226,-36.16773],[145.22355,-36.1659],[145.22335,-36.16467],[145.22164,-36.16412],[145.22188,-36.16201],[145.22498,-36.16152],[145.22665,-36.16061],[145.22849,-36.16142],[145.23,-36.16123],[145.2303,-36.16002],[145.22899,-36.15889],[145.22506,-36.15868],[145.22073,-36.16054],[145.21941,-36.16388],[145.21819,-36.16522],[145.21557,-36.16534],[145.21289,-36.162],[145.21289,-36.16102],[145.21451,-36.16011],[145.21361,-36.15863],[145.21206,-36.15868],[145.20831,-36.16255],[145.20667,-36.16489],[145.20763,-36.16592],[145.20943,-36.16615],[145.20937,-36.16774],[145.2056,-36.16755],[145.20398,-36.16618],[145.20305,-36.16363],[145.20399,-36.16258],[145.20349,-36.16141],[145.19895,-36.16091],[145.19571,-36.16245],[145.19522,-36.16138],[145.19667,-36.16034],[145.20021,-36.15899],[145.20006,-36.15725],[145.19828,-36.15735],[145.1937,-36.15927],[145.19257,-36.16292],[145.19373,-36.16403],[145.19614,-36.16337],[145.19801,-36.16374],[145.19854,-36.16493],[145.19709,-36.16611],[145.19182,-36.16581],[145.18962,-36.165],[145.18848,-36.16672],[145.19094,-36.17066],[145.1906,-36.17213],[145.18861,-36.17318],[145.18804,-36.17517],[145.19034,-36.1756],[145.19441,-36.17368],[145.1959,-36.17458],[145.19322,-36.17912],[145.18911,-36.1801],[145.18691,-36.17854],[145.18429,-36.17872],[145.18159,-36.17798],[145.18081,-36.17941],[145.18166,-36.18055],[145.18429,-36.18227],[145.1841,-36.18427],[145.18255,-36.18496],[145.18105,-36.18381],[145.18115,-36.18243],[145.179,-36.18049],[145.1771,-36.18172],[145.17521,-36.17943],[145.17315,-36.1777],[145.1721,-36.17557],[145.17295,-36.1712],[145.1721,-36.16993],[145.17446,-36.16938],[145.17475,-36.16777],[145.17287,-36.1676],[145.17093,-36.16901],[145.16941,-36.16807],[145.17054,-36.16688],[145.17257,-36.16658],[145.17232,-36.16508],[145.17013,-36.16572],[145.16777,-36.1676],[145.1658,-36.16739],[145.16633,-36.16439],[145.16436,-36.16379],[145.16615,-36.16185],[145.16453,-36.16013],[145.16122,-36.15983],[145.15853,-36.16012],[145.15839,-36.15797],[145.15614,-36.15766],[145.15332,-36.15988],[145.15015,-36.16095],[145.14827,-36.16059],[145.14623,-36.16271],[145.14506,-36.16078],[145.1467,-36.15902],[145.14391,-36.15519],[145.14261,-36.1558],[145.14185,-36.15848],[145.14028,-36.15909],[145.13885,-36.15788],[145.13922,-36.15488],[145.13793,-36.15405],[145.13635,-36.15476],[145.13644,-36.15725],[145.1349,-36.15747],[145.1344,-36.15541],[145.13291,-36.1557],[145.13225,-36.15807],[145.1341,-36.15984],[145.13419,-36.16171],[145.13076,-36.16074],[145.12993,-36.16178],[145.13092,-36.16325],[145.13329,-36.16384],[145.13582,-36.16376],[145.13871,-36.16625],[145.13602,-36.16721],[145.13533,-36.16866],[145.13759,-36.17001],[145.13831,-36.17121],[145.13567,-36.17239],[145.13687,-36.17437],[145.13515,-36.17504],[145.1331,-36.1735],[145.13259,-36.171],[145.13107,-36.17039],[145.13018,-36.17239],[145.13224,-36.17433],[145.13186,-36.17526],[145.12889,-36.175],[145.12761,-36.17646],[145.12859,-36.17747],[145.1317,-36.1776],[145.1324,-36.17989],[145.12797,-36.18303],[145.1266,-36.1823],[145.12629,-36.18075],[145.12474,-36.17727],[145.12338,-36.17916],[145.12168,-36.17988],[145.11953,-36.17864],[145.11761,-36.17651],[145.11415,-36.17649],[145.11254,-36.17323],[145.11372,-36.17161],[145.11356,-36.16914],[145.11252,-36.16747],[145.11026,-36.16667],[145.1086,-36.16722],[145.10643,-36.16925],[145.10434,-36.16778],[145.10182,-36.16759],[145.10101,-36.16654],[145.10163,-36.165],[145.10052,-36.16402],[145.09873,-36.16392],[145.09555,-36.16509],[145.09451,-36.16479],[145.09221,-36.16155],[145.08931,-36.16218],[145.08949,-36.16047],[145.09192,-36.15972],[145.09107,-36.15774],[145.08879,-36.15822],[145.08606,-36.16199],[145.08358,-36.16227],[145.08242,-36.16312],[145.08154,-36.16551],[145.07979,-36.16533],[145.07858,-36.16233],[145.07638,-36.16478],[145.07422,-36.16418],[145.06965,-36.16618],[145.06891,-36.16796],[145.06737,-36.16929],[145.06545,-36.16949],[145.06463,-36.16792],[145.06267,-36.16804],[145.06362,-36.16988],[145.06303,-36.17125],[145.06072,-36.17012],[145.06053,-36.16667],[145.06131,-36.16488],[145.06022,-36.16395],[145.05749,-36.16448],[145.0573,-36.16289],[145.05578,-36.16262],[145.05449,-36.16446],[145.05233,-36.16256],[145.04689,-36.16188],[145.04548,-36.16101],[145.04511,-36.15952],[145.04665,-36.15798],[145.0458,-36.15621],[145.04265,-36.15776],[145.04219,-36.15531],[145.04062,-36.15633],[145.04092,-36.15878],[145.03947,-36.15889],[145.03837,-36.15764],[145.03999,-36.15512],[145.0385,-36.15443],[145.03661,-36.15557],[145.03558,-36.15428],[145.03763,-36.15238],[145.03652,-36.15203],[145.03323,-36.15238],[145.03255,-36.15297],[145.03298,-36.15481],[145.03118,-36.15555],[145.0296,-36.15398],[145.0312,-36.15237],[145.02976,-36.14867],[145.02835,-36.14818],[145.02696,-36.14898],[145.02767,-36.15291],[145.02736,-36.15411],[145.02478,-36.15448],[145.0223,-36.15328],[145.0212,-36.15435],[145.02178,-36.15635],[145.02359,-36.15777],[145.02319,-36.15947],[145.02178,-36.15925],[145.02002,-36.15735],[145.0187,-36.15497],[145.01691,-36.15495],[145.01583,-36.15578],[145.01598,-36.15867],[145.01815,-36.16032],[145.01742,-36.16146],[145.01566,-36.16149],[145.01402,-36.16059],[145.01356,-36.1593],[145.01183,-36.1574],[145.01088,-36.1548],[145.01105,-36.15376],[145.01362,-36.15314],[145.01408,-36.15148],[145.01078,-36.1509],[145.01122,-36.14864],[145.00931,-36.14856],[145.00884,-36.15129],[145.00665,-36.15082],[145.0068,-36.1477],[145.00857,-36.14621],[145.01181,-36.14693],[145.01223,-36.14506],[145.00926,-36.14172],[145.01172,-36.14008],[145.01122,-36.13918],[145.00791,-36.13795],[145.00333,-36.13788],[145.00356,-36.13963],[145.00116,-36.13943],[145.00069,-36.13828],[145.00219,-36.13483],[144.99986,-36.13352],[145.00228,-36.13206],[145.00413,-36.12991],[145.00388,-36.12864],[145.00114,-36.12905],[145.00005,-36.12864],[144.999,-36.12609],[144.99695,-36.12466],[144.99377,-36.12433],[144.99488,-36.12158],[144.99436,-36.11926],[144.99226,-36.11851],[144.99291,-36.11593],[144.99504,-36.11452],[144.99187,-36.11408],[144.98951,-36.11464],[144.98795,-36.11751],[144.98636,-36.11814],[144.98708,-36.12031],[144.98435,-36.121],[144.9835,-36.12212],[144.98485,-36.12402],[144.98489,-36.12509],[144.98271,-36.12537],[144.98109,-36.12376],[144.97776,-36.1252],[144.97544,-36.1251],[144.97397,-36.12628],[144.97188,-36.12508],[144.97286,-36.1228],[144.97467,-36.12009],[144.97416,-36.11895],[144.97255,-36.11903],[144.96873,-36.12049],[144.96755,-36.11946],[144.96607,-36.11691],[144.96354,-36.1165],[144.96324,-36.11525],[144.9663,-36.1143],[144.96625,-36.11335],[144.96345,-36.1136],[144.96277,-36.11245],[144.96631,-36.11],[144.96441,-36.11002],[144.96133,-36.10935],[144.95973,-36.10677],[144.95663,-36.10826],[144.95481,-36.11075],[144.95398,-36.11304],[144.95244,-36.11391],[144.95031,-36.11382],[144.9467,-36.11207],[144.94367,-36.11009],[144.94229,-36.11035],[144.93973,-36.114],[144.93839,-36.11179],[144.93547,-36.10914],[144.93272,-36.10994],[144.9311,-36.10876],[144.93286,-36.10554],[144.93048,-36.10419],[144.92777,-36.10566],[144.92686,-36.10506],[144.92841,-36.10252],[144.93022,-36.10072],[144.92812,-36.10036],[144.92429,-36.09904],[144.924,-36.09826],[144.92555,-36.09559],[144.92418,-36.09449],[144.92555,-36.09323],[144.92428,-36.09227],[144.92192,-36.09445],[144.91948,-36.09401],[144.91892,-36.09233],[144.91679,-36.09187],[144.91674,-36.0908],[144.91883,-36.0896],[144.91817,-36.08801],[144.91438,-36.08819],[144.91439,-36.08645],[144.91154,-36.0865],[144.90989,-36.08355],[144.90797,-36.08352],[144.90686,-36.08504],[144.90553,-36.08438],[144.90561,-36.08188],[144.9048,-36.07861],[144.90302,-36.07802],[144.9017,-36.07989],[144.902,-36.08262],[144.90141,-36.08373],[144.89977,-36.08312],[144.89887,-36.08175],[144.89962,-36.08007],[144.89702,-36.07909],[144.89623,-36.0814],[144.8965,-36.08402],[144.89772,-36.08563],[144.89638,-36.08866],[144.89438,-36.08819],[144.89248,-36.08508],[144.89057,-36.08666],[144.89101,-36.08821],[144.89345,-36.09009],[144.89517,-36.09065],[144.89501,-36.09264],[144.8932,-36.09345],[144.8888,-36.09396],[144.88711,-36.09316],[144.88371,-36.09253],[144.88308,-36.0899],[144.8813,-36.08947],[144.87898,-36.0916],[144.87778,-36.09327],[144.87615,-36.09431],[144.87419,-36.09391],[144.87483,-36.09158],[144.87443,-36.09009],[144.86908,-36.089],[144.86965,-36.09213],[144.86684,-36.09228],[144.86401,-36.08951],[144.86404,-36.08823],[144.86158,-36.08792],[144.86098,-36.08922],[144.85938,-36.09034],[144.85609,-36.09045],[144.85289,-36.09003],[144.85273,-36.09133],[144.85418,-36.09203],[144.85436,-36.09349],[144.85195,-36.09302],[144.84996,-36.0939],[144.85199,-36.09516],[144.84975,-36.09866],[144.85022,-36.09954],[144.85242,-36.09956],[144.85423,-36.09837],[144.8572,-36.09866],[144.85819,-36.09968],[144.85838,-36.10175],[144.85642,-36.10356],[144.85395,-36.10282],[144.85254,-36.10332],[144.85324,-36.10663],[144.85113,-36.10653],[144.85048,-36.10259],[144.84897,-36.10308],[144.84726,-36.1069],[144.84927,-36.10681],[144.84948,-36.10852],[144.84673,-36.10968],[144.8426,-36.10621],[144.8416,-36.10409],[144.842,-36.10234],[144.8409,-36.10163],[144.83607,-36.1023],[144.83478,-36.10275],[144.83323,-36.10462],[144.83163,-36.10473],[144.83,-36.10285],[144.82428,-36.10257],[144.8214,-36.10602],[144.82017,-36.10797],[144.81895,-36.10772],[144.81733,-36.10514],[144.81156,-36.10227],[144.81051,-36.10382],[144.81549,-36.10851],[144.81633,-36.11001],[144.81453,-36.11083],[144.80759,-36.10725],[144.80643,-36.10777],[144.80793,-36.10995],[144.80736,-36.1135],[144.81113,-36.11275],[144.81277,-36.11277],[144.81351,-36.11469],[144.8129,-36.11566],[144.80995,-36.11799],[144.80923,-36.12243],[144.80802,-36.12362],[144.80593,-36.12393],[144.8041,-36.12321],[144.80253,-36.1207],[144.80146,-36.11993],[144.79762,-36.12018],[144.79649,-36.11961],[144.79531,-36.11748],[144.79663,-36.11653],[144.80027,-36.11578],[144.80067,-36.114],[144.7991,-36.11318],[144.79677,-36.11407],[144.79564,-36.11661],[144.79386,-36.11824],[144.79264,-36.12052],[144.7921,-36.12263],[144.79009,-36.12272],[144.78765,-36.12142],[144.7855,-36.12224],[144.78738,-36.12406],[144.78814,-36.12623],[144.78728,-36.12741],[144.78553,-36.128],[144.78024,-36.12848],[144.77708,-36.12982],[144.77586,-36.12881],[144.77355,-36.12539],[144.77307,-36.12327],[144.77363,-36.12109],[144.77115,-36.11931],[144.77184,-36.11611],[144.76836,-36.11587],[144.76651,-36.1185],[144.76351,-36.11969],[144.76065,-36.11885],[144.75747,-36.1187],[144.75607,-36.11934],[144.75461,-36.12223],[144.7523,-36.12219],[144.75033,-36.12159],[144.74764,-36.12168],[144.74668,-36.11843],[144.74457,-36.11567],[144.7434,-36.11167],[144.74333,-36.10863],[144.74032,-36.10754],[144.73583,-36.10981],[144.73395,-36.11104],[144.73125,-36.11187],[144.73392,-36.11398],[144.73532,-36.11578],[144.73317,-36.11706],[144.72952,-36.11714],[144.72652,-36.11807],[144.725,-36.11557],[144.72543,-36.11311],[144.72194,-36.11448],[144.71938,-36.1143],[144.71762,-36.11279],[144.71769,-36.10963],[144.7196,-36.10669],[144.71937,-36.10329],[144.71882,-36.10165],[144.71986,-36.10001],[144.72228,-36.09989],[144.72537,-36.0989],[144.72371,-36.09661],[144.72318,-36.09496],[144.72352,-36.09279],[144.72594,-36.09067],[144.72501,-36.08936],[144.72136,-36.09094],[144.71994,-36.09072],[144.71898,-36.08918],[144.71966,-36.08695],[144.71841,-36.08577],[144.71454,-36.08675],[144.7139,-36.08894],[144.71169,-36.09143],[144.70765,-36.09283],[144.70526,-36.09271],[144.70327,-36.09144],[144.70166,-36.08859],[144.69856,-36.08732],[144.69801,-36.09332],[144.69551,-36.09379],[144.69339,-36.09131],[144.69239,-36.09134],[144.69124,-36.09327],[144.68927,-36.0953],[144.6863,-36.09621],[144.6843,-36.09562],[144.68356,-36.09421],[144.68468,-36.09146],[144.6842,-36.08776],[144.68231,-36.08403],[144.68326,-36.08269],[144.6858,-36.08151],[144.68636,-36.07961],[144.68565,-36.07679],[144.68695,-36.07468],[144.69159,-36.07303],[144.69235,-36.06916],[144.6893,-36.06802],[144.68788,-36.06635],[144.68795,-36.06521],[144.68963,-36.06201],[144.68778,-36.0612],[144.68312,-36.06253],[144.67907,-36.06237],[144.67934,-36.06439],[144.67913,-36.06836],[144.67841,-36.06921],[144.67661,-36.06916],[144.67486,-36.06814],[144.67342,-36.06836],[144.67141,-36.07126],[144.66936,-36.07156],[144.66761,-36.06933],[144.66569,-36.07212],[144.66643,-36.07521],[144.66463,-36.07662],[144.6619,-36.0766],[144.66018,-36.07498],[144.65998,-36.07244],[144.65861,-36.07076],[144.65718,-36.07082],[144.65615,-36.0752],[144.65341,-36.07477],[144.65285,-36.07382],[144.65412,-36.06668],[144.65209,-36.06283],[144.6534,-36.05927],[144.6529,-36.05641],[144.6536,-36.05445],[144.6529,-36.05295],[144.64904,-36.05097],[144.64691,-36.051],[144.64607,-36.05335],[144.64644,-36.05629],[144.6445,-36.05678],[144.64142,-36.05565],[144.64018,-36.05284],[144.63872,-36.05074],[144.63753,-36.0476],[144.6321,-36.04835],[144.62949,-36.05105],[144.62573,-36.0516],[144.62501,-36.0526],[144.62584,-36.05573],[144.62756,-36.05843],[144.62742,-36.06071],[144.62642,-36.06181],[144.62431,-36.06169],[144.62273,-36.06029],[144.61981,-36.05935],[144.61834,-36.0601],[144.61986,-36.06318],[144.62363,-36.06313],[144.62782,-36.06433],[144.62777,-36.0666],[144.62451,-36.06798],[144.6209,-36.07101],[144.62235,-36.07573],[144.62005,-36.07724],[144.61782,-36.07717],[144.61626,-36.07611],[144.61402,-36.07355],[144.611,-36.07195],[144.61116,-36.07007],[144.61548,-36.06726],[144.6114,-36.06631],[144.60913,-36.06513],[144.60848,-36.06408],[144.6093,-36.06184],[144.61062,-36.06023],[144.61085,-36.05694],[144.61161,-36.05527],[144.61359,-36.05304],[144.61367,-36.05132],[144.61692,-36.04836],[144.61761,-36.04678],[144.61736,-36.04516],[144.61397,-36.04325],[144.61329,-36.04249],[144.61416,-36.04106],[144.6168,-36.0406],[144.61896,-36.03909],[144.61858,-36.03794],[144.61572,-36.03618],[144.61525,-36.03529],[144.61591,-36.03293],[144.6155,-36.03149],[144.61089,-36.03293],[144.60872,-36.035],[144.60569,-36.03681],[144.60634,-36.03783],[144.60974,-36.03892],[144.60987,-36.04107],[144.60602,-36.04272],[144.60404,-36.0425],[144.60221,-36.04128],[144.59982,-36.03783],[144.59853,-36.03737],[144.59652,-36.0391],[144.59372,-36.04243],[144.59126,-36.04335],[144.59004,-36.04247],[144.58894,-36.03836],[144.58654,-36.03901],[144.58388,-36.03921],[144.58247,-36.0373],[144.58349,-36.03381],[144.58323,-36.03257],[144.58181,-36.03094],[144.58181,-36.02936],[144.5863,-36.02872],[144.58672,-36.02748],[144.58394,-36.02522],[144.58208,-36.02238],[144.57955,-36.02105],[144.57717,-36.02141],[144.57391,-36.02426],[144.57278,-36.02465],[144.57079,-36.02336],[144.57085,-36.01759],[144.5701,-36.01685],[144.56654,-36.01827],[144.56531,-36.01792],[144.56397,-36.01635],[144.56406,-36.01484],[144.56521,-36.01288],[144.56533,-36.01057],[144.56414,-36.0084],[144.56253,-36.00738],[144.56133,-36.00797],[144.56168,-36.01228],[144.5605,-36.01357],[144.5589,-36.01417],[144.55653,-36.01308],[144.55541,-36.00937],[144.5554,-36.00738],[144.55426,-36.00359],[144.55327,-36.00293],[144.55132,-36.00371],[144.54938,-36.00517],[144.54782,-36.00516],[144.54661,-36.00365],[144.54772,-36.00111],[144.54675,-36.00048],[144.54313,-36.00164],[144.54122,-36.00168],[144.53674,-36.00002],[144.533,-35.99741],[144.53033,-35.99492],[144.52681,-35.99398],[144.52301,-35.99523],[144.51839,-35.9962],[144.51635,-35.99574],[144.51495,-35.99418],[144.51466,-35.99131],[144.51215,-35.98995],[144.51261,-35.98779],[144.51614,-35.98664],[144.5167,-35.98495],[144.5157,-35.98211],[144.51673,-35.97789],[144.51867,-35.97561],[144.52099,-35.97375],[144.52107,-35.9709],[144.52019,-35.96994],[144.51811,-35.96954],[144.51561,-35.97095],[144.51371,-35.9746],[144.51191,-35.97478],[144.51008,-35.97395],[144.5094,-35.97238],[144.51052,-35.96952],[144.51138,-35.96853],[144.51486,-35.9667],[144.51423,-35.96534],[144.5112,-35.96598],[144.50938,-35.96921],[144.50764,-35.97095],[144.50366,-35.97148],[144.50096,-35.97062],[144.49916,-35.968],[144.4996,-35.96663],[144.50215,-35.96377],[144.50266,-35.96185],[144.50269,-35.95858],[144.50152,-35.9581],[144.50007,-35.95987],[144.49979,-35.962],[144.50033,-35.96394],[144.4972,-35.96886],[144.49458,-35.96914],[144.49326,-35.96835],[144.49127,-35.96506],[144.48788,-35.96467],[144.48715,-35.9631],[144.48818,-35.96115],[144.48902,-35.95772],[144.48751,-35.95706],[144.48356,-35.9599],[144.48123,-35.95889],[144.48121,-35.95739],[144.48366,-35.95526],[144.48217,-35.9524],[144.4833,-35.95133],[144.48733,-35.95152],[144.4879,-35.94976],[144.48508,-35.94891],[144.48282,-35.94971],[144.48145,-35.95283],[144.47983,-35.9535],[144.47859,-35.95302],[144.47767,-35.95154],[144.47812,-35.95029],[144.48118,-35.94741],[144.47975,-35.94544],[144.478,-35.94513],[144.47605,-35.94613],[144.47576,-35.94774],[144.47314,-35.94753],[144.47161,-35.94582],[144.46892,-35.94683],[144.467,-35.94635],[144.46609,-35.94514],[144.46684,-35.94379],[144.46863,-35.94279],[144.47173,-35.94191],[144.47181,-35.9402],[144.47056,-35.93954],[144.4671,-35.94029],[144.46708,-35.94148],[144.46441,-35.94125],[144.46314,-35.93934],[144.46427,-35.93739],[144.46743,-35.93553],[144.46736,-35.93428],[144.4656,-35.9333],[144.46364,-35.93337],[144.46167,-35.93454],[144.46126,-35.93554],[144.46173,-35.93839],[144.46111,-35.93939],[144.45947,-35.93954],[144.45829,-35.93789],[144.45841,-35.93628],[144.45669,-35.93596],[144.45399,-35.93704],[144.45177,-35.93695],[144.4495,-35.9354],[144.44789,-35.93567],[144.446,-35.93474],[144.44536,-35.93294],[144.44152,-35.93279],[144.44017,-35.93218],[144.43869,-35.93011],[144.43884,-35.92829],[144.44021,-35.92591],[144.43959,-35.92471],[144.43616,-35.92499],[144.43441,-35.9241],[144.43316,-35.92029],[144.43124,-35.91944],[144.42748,-35.91943],[144.42603,-35.91774],[144.42605,-35.91567],[144.42683,-35.91355],[144.4232,-35.91214],[144.42281,-35.91062],[144.42397,-35.90709],[144.42356,-35.90601],[144.42145,-35.90558],[144.42024,-35.90691],[144.42101,-35.91036],[144.42009,-35.91111],[144.41772,-35.91095],[144.41591,-35.90917],[144.41681,-35.90597],[144.42029,-35.90312],[144.42276,-35.9023],[144.42458,-35.9025],[144.42533,-35.90113],[144.42443,-35.90014],[144.42053,-35.8998],[144.4179,-35.90099],[144.41591,-35.90449],[144.41351,-35.90493],[144.41203,-35.90441],[144.40968,-35.90481],[144.40839,-35.90433],[144.40749,-35.90273],[144.40744,-35.90113],[144.40859,-35.8989],[144.41012,-35.89749],[144.41259,-35.89663],[144.41405,-35.89679],[144.41646,-35.89813],[144.41682,-35.8963],[144.41459,-35.89496],[144.41705,-35.89257],[144.41426,-35.89269],[144.41284,-35.89109],[144.41217,-35.88676],[144.40994,-35.88495],[144.40699,-35.88412],[144.40758,-35.88268],[144.41144,-35.88177],[144.4105,-35.88077],[144.40522,-35.88233],[144.40356,-35.88023],[144.40486,-35.87824],[144.40739,-35.87682],[144.40804,-35.8747],[144.40471,-35.87632],[144.40362,-35.87587],[144.40461,-35.87382],[144.41032,-35.8723],[144.41098,-35.87103],[144.40954,-35.86989],[144.40809,-35.86999],[144.40577,-35.8713],[144.4026,-35.87006],[144.40179,-35.86841],[144.40323,-35.86687],[144.40811,-35.86565],[144.4077,-35.86422],[144.40498,-35.86112],[144.40669,-35.85958],[144.41026,-35.86048],[144.41152,-35.85924],[144.4107,-35.85839],[144.40718,-35.85846],[144.40406,-35.85999],[144.40086,-35.86039],[144.40015,-35.86226],[144.39864,-35.86272],[144.39775,-35.86182],[144.39739,-35.85959],[144.39632,-35.85945],[144.39439,-35.86069],[144.39001,-35.85931],[144.38879,-35.85726],[144.39056,-35.85427],[144.39084,-35.85192],[144.3904,-35.85067],[144.3885,-35.85103],[144.38837,-35.85399],[144.38604,-35.85495],[144.38131,-35.85235],[144.38174,-35.85012],[144.38449,-35.84654],[144.38422,-35.84556],[144.38053,-35.84355],[144.38156,-35.84146],[144.37712,-35.84144],[144.37436,-35.84035],[144.373,-35.83787],[144.37346,-35.83658],[144.37599,-35.83517],[144.37873,-35.83579],[144.38095,-35.83703],[144.3818,-35.83638],[144.3814,-35.83437],[144.38325,-35.834],[144.38482,-35.83753],[144.38667,-35.83637],[144.38528,-35.8346],[144.3816,-35.83263],[144.37802,-35.8327],[144.37525,-35.83462],[144.37336,-35.83411],[144.37216,-35.83196],[144.37279,-35.83049],[144.37536,-35.82931],[144.3757,-35.82842],[144.37428,-35.82685],[144.3751,-35.82481],[144.3785,-35.82185],[144.37994,-35.82144],[144.38337,-35.82176],[144.3844,-35.82089],[144.3839,-35.81909],[144.38253,-35.81855],[144.37955,-35.81903],[144.3759,-35.82067],[144.37419,-35.81987],[144.37371,-35.81728],[144.37252,-35.81659],[144.37109,-35.81791],[144.37101,-35.81967],[144.37215,-35.82229],[144.37151,-35.82376],[144.36863,-35.8248],[144.3663,-35.82398],[144.36536,-35.82279],[144.3647,-35.81963],[144.36623,-35.8157],[144.36807,-35.8137],[144.37087,-35.81273],[144.3735,-35.81276],[144.37738,-35.81452],[144.37808,-35.81197],[144.37705,-35.81099],[144.3735,-35.81186],[144.36897,-35.81235],[144.36712,-35.81221],[144.36688,-35.81044],[144.36779,-35.80958],[144.37166,-35.8087],[144.37251,-35.80767],[144.37275,-35.805],[144.37498,-35.80322],[144.37568,-35.80124],[144.37294,-35.79863],[144.37438,-35.79651],[144.37681,-35.79564],[144.37717,-35.79473],[144.37662,-35.79236],[144.3749,-35.7909],[144.37219,-35.79026],[144.36835,-35.79119],[144.36542,-35.79579],[144.36313,-35.79628],[144.36171,-35.7946],[144.36209,-35.79263],[144.35975,-35.79085],[144.35622,-35.78942],[144.35547,-35.78777],[144.35664,-35.78652],[144.36016,-35.78553],[144.35922,-35.78464],[144.3548,-35.78711],[144.35203,-35.78611],[144.35137,-35.78316],[144.35311,-35.77812],[144.35336,-35.77618],[144.35189,-35.7752],[144.34894,-35.776],[144.34725,-35.77558],[144.34716,-35.77356],[144.34936,-35.77185],[144.34962,-35.77099],[144.34918,-35.76743],[144.3468,-35.76749],[144.3449,-35.77081],[144.34383,-35.77139],[144.34149,-35.77109],[144.34051,-35.76864],[144.34215,-35.76469],[144.34111,-35.76386],[144.33956,-35.7648],[144.33765,-35.7696],[144.33524,-35.77031],[144.33359,-35.76906],[144.33301,-35.76708],[144.33131,-35.76514],[144.3279,-35.76535],[144.32648,-35.76637],[144.32467,-35.76859],[144.32228,-35.76836],[144.31854,-35.76649],[144.31921,-35.76449],[144.3222,-35.76422],[144.32267,-35.76152],[144.32143,-35.75912],[144.32202,-35.75744],[144.32331,-35.75671],[144.32699,-35.75627],[144.32868,-35.75498],[144.32899,-35.75343],[144.32765,-35.75263],[144.32234,-35.7533],[144.3194,-35.75233],[144.31727,-35.75238],[144.31663,-35.75317],[144.31666,-35.75603],[144.31431,-35.75701],[144.31291,-35.75543],[144.31309,-35.75253],[144.31378,-35.75102],[144.31339,-35.74987],[144.31101,-35.74959],[144.30959,-35.75097],[144.30821,-35.75612],[144.3066,-35.7573],[144.30458,-35.75712],[144.30274,-35.75537],[144.30059,-35.75229],[144.29895,-35.75174],[144.29778,-35.7523],[144.2974,-35.7541],[144.29561,-35.75458],[144.29435,-35.7533],[144.29432,-35.75155],[144.29572,-35.74931],[144.29829,-35.74754],[144.30082,-35.74457],[144.3013,-35.74314],[144.30072,-35.74089],[144.29753,-35.73983],[144.29675,-35.73764],[144.29582,-35.73703],[144.28959,-35.73869],[144.28845,-35.73849],[144.28602,-35.73692],[144.28477,-35.73742],[144.28227,-35.7402],[144.27768,-35.74108],[144.27846,-35.74299],[144.27825,-35.74473],[144.27496,-35.74607],[144.27241,-35.74915],[144.27143,-35.75131],[144.27104,-35.75372],[144.26815,-35.754],[144.26156,-35.74938],[144.26114,-35.74799],[144.26185,-35.74581],[144.25962,-35.74358],[144.25797,-35.74101],[144.25435,-35.73908],[144.25373,-35.7379],[144.25483,-35.73582],[144.2541,-35.73451],[144.2522,-35.73369],[144.25172,-35.73179],[144.25329,-35.7301],[144.25191,-35.72965],[144.24919,-35.73064],[144.24787,-35.72986],[144.24754,-35.72831],[144.24804,-35.7262],[144.24713,-35.72417],[144.24839,-35.72149],[144.24697,-35.72073],[144.24511,-35.72074],[144.24326,-35.71908],[144.24141,-35.71867],[144.2376,-35.71863],[144.23314,-35.71626],[144.23085,-35.71564],[144.22925,-35.71459],[144.22845,-35.71305],[144.22551,-35.71029],[144.22282,-35.70983],[144.22079,-35.7084],[144.21797,-35.70782],[144.21539,-35.70581],[144.21502,-35.70404],[144.21607,-35.70075],[144.21967,-35.69903],[144.21904,-35.69801],[144.21678,-35.69799],[144.21608,-35.69678],[144.21764,-35.69516],[144.22146,-35.69456],[144.22125,-35.69319],[144.21976,-35.69246],[144.21631,-35.69259],[144.21446,-35.69166],[144.21432,-35.6891],[144.21359,-35.68689],[144.20893,-35.68769],[144.20629,-35.68609],[144.20464,-35.68774],[144.2028,-35.68654],[144.20343,-35.68488],[144.20105,-35.68508],[144.20018,-35.68638],[144.19838,-35.68658],[144.19443,-35.68539],[144.19426,-35.68346],[144.19138,-35.68072],[144.18856,-35.6809],[144.18822,-35.67886],[144.1896,-35.67664],[144.18653,-35.67579],[144.18787,-35.67408],[144.1866,-35.6725],[144.18724,-35.67107],[144.18559,-35.67051],[144.18351,-35.67211],[144.18015,-35.6735],[144.17673,-35.6724],[144.17525,-35.6741],[144.17304,-35.67412],[144.17215,-35.67197],[144.16882,-35.67196],[144.16685,-35.67081],[144.16441,-35.67183],[144.16293,-35.67181],[144.1617,-35.67029],[144.16241,-35.66748],[144.16107,-35.66611],[144.16068,-35.66337],[144.15853,-35.66165],[144.15802,-35.66024],[144.15848,-35.65807],[144.15459,-35.65754],[144.15374,-35.65685],[144.15306,-35.65464],[144.15145,-35.65345],[144.15182,-35.65229],[144.1539,-35.65004],[144.15584,-35.64882],[144.15437,-35.64762],[144.15341,-35.64598],[144.15056,-35.64655],[144.14944,-35.64523],[144.15224,-35.64325],[144.15028,-35.64269],[144.14835,-35.64404],[144.14768,-35.6468],[144.14656,-35.64719],[144.14104,-35.64685],[144.14039,-35.64467],[144.13872,-35.64129],[144.13724,-35.64033],[144.13479,-35.64019],[144.1332,-35.64134],[144.13106,-35.6401],[144.13162,-35.63859],[144.13043,-35.63542],[144.1314,-35.63362],[144.13001,-35.63347],[144.12833,-35.63464],[144.12674,-35.63342],[144.12643,-35.63152],[144.12349,-35.63037],[144.12135,-35.62821],[144.11746,-35.62605],[144.11755,-35.62398],[144.11955,-35.6216],[144.11965,-35.62065],[144.11789,-35.61976],[144.11599,-35.62033],[144.11478,-35.61973],[144.1135,-35.61738],[144.1139,-35.61593],[144.1158,-35.61469],[144.11596,-35.61315],[144.11447,-35.61046],[144.11181,-35.60887],[144.11104,-35.60679],[144.11337,-35.60449],[144.11318,-35.60191],[144.11041,-35.60252],[144.10891,-35.60106],[144.1094,-35.59838],[144.10624,-35.59796],[144.10409,-35.59831],[144.10387,-35.59645],[144.10586,-35.59562],[144.10543,-35.59345],[144.10574,-35.59161],[144.10459,-35.5907],[144.10277,-35.59171],[144.10171,-35.5915],[144.10066,-35.58891],[144.09807,-35.58886],[144.09631,-35.58705],[144.09342,-35.58769],[144.09174,-35.58745],[144.08965,-35.58608],[144.08563,-35.58437],[144.07997,-35.58451],[144.07842,-35.58369],[144.07591,-35.58108],[144.07268,-35.58064],[144.07206,-35.57826],[144.07058,-35.57849],[144.0696,-35.58023],[144.06812,-35.58002],[144.06748,-35.57846],[144.06488,-35.57704],[144.0626,-35.57684],[144.06195,-35.57602],[144.06269,-35.5723],[144.06429,-35.57106],[144.06344,-35.5698],[144.05841,-35.56813],[144.0573,-35.56685],[144.05533,-35.56633],[144.05397,-35.56522],[144.05043,-35.56484],[144.04905,-35.56375],[144.04711,-35.56323],[144.04645,-35.56199],[144.04663,-35.55999],[144.04799,-35.55618],[144.04591,-35.55401],[144.0462,-35.55242],[144.04429,-35.55226],[144.04357,-35.55499],[144.04264,-35.55581],[144.04055,-35.55538],[144.03863,-35.55322],[144.03992,-35.55089],[144.03949,-35.54935],[144.03713,-35.55049],[144.03674,-35.55316],[144.03554,-35.55509],[144.03357,-35.55584],[144.03191,-35.55371],[144.03065,-35.55425],[144.03009,-35.55616],[144.02871,-35.55629],[144.02738,-35.55516],[144.01929,-35.55286],[144.01688,-35.5534],[144.0154,-35.55458],[144.01269,-35.55407],[144.01127,-35.5553],[144.00939,-35.55806],[144.00966,-35.55924],[144.01155,-35.56015],[144.0122,-35.56265],[144.00925,-35.56326],[144.00687,-35.56192],[144.00342,-35.56104],[144.00063,-35.55866],[143.99774,-35.55714],[143.99642,-35.5558],[143.99262,-35.55628],[143.98958,-35.55428],[143.98959,-35.55296],[143.99205,-35.55078],[143.99635,-35.54926],[143.99925,-35.54511],[143.99912,-35.54436],[143.99644,-35.54326],[143.9957,-35.54135],[143.9968,-35.5397],[143.99658,-35.53567],[143.99581,-35.53498],[143.99242,-35.53409],[143.98984,-35.5352],[143.98628,-35.53434],[143.98183,-35.53399],[143.97784,-35.53413],[143.97587,-35.53351],[143.97432,-35.53202],[143.97388,-35.53011],[143.97151,-35.52473],[143.96939,-35.52326],[143.97097,-35.52076],[143.97066,-35.51976],[143.96748,-35.51833],[143.9645,-35.51642],[143.96283,-35.51478],[143.96255,-35.51271],[143.96363,-35.5096],[143.96554,-35.50828],[143.96749,-35.50889],[143.96793,-35.51013],[143.96967,-35.5108],[143.97235,-35.50976],[143.97233,-35.50898],[143.97026,-35.50786],[143.96874,-35.50556],[143.96879,-35.50453],[143.97038,-35.50264],[143.9698,-35.49998],[143.96749,-35.50055],[143.96826,-35.50187],[143.96609,-35.50267],[143.9635,-35.49973],[143.96157,-35.49889],[143.96,-35.4999],[143.96117,-35.5031],[143.95876,-35.50447],[143.95687,-35.50402],[143.95302,-35.50387],[143.95174,-35.50257],[143.94811,-35.50083],[143.94626,-35.50208],[143.94216,-35.50171],[143.93866,-35.50281],[143.93645,-35.50305],[143.93569,-35.50605],[143.93297,-35.5064],[143.93216,-35.502],[143.93304,-35.50115],[143.93469,-35.5014],[143.93552,-35.49976],[143.93289,-35.49953],[143.93131,-35.50114],[143.92946,-35.50168],[143.92444,-35.50166],[143.92303,-35.50107],[143.92168,-35.49956],[143.91907,-35.50067],[143.91672,-35.49961],[143.91699,-35.49688],[143.91462,-35.49638],[143.91191,-35.49491],[143.91145,-35.4969],[143.91233,-35.49923],[143.91122,-35.49976],[143.90918,-35.49852],[143.90737,-35.49963],[143.90565,-35.49985],[143.90479,-35.49884],[143.9038,-35.49566],[143.90475,-35.49356],[143.90079,-35.49544],[143.89971,-35.49544],[143.89763,-35.49378],[143.89435,-35.49215],[143.89153,-35.48883],[143.88832,-35.4857],[143.88606,-35.48522],[143.88306,-35.48602],[143.88109,-35.4872],[143.87961,-35.48734],[143.87566,-35.48542],[143.87491,-35.48213],[143.87236,-35.48015],[143.87188,-35.47827],[143.86985,-35.47873],[143.87051,-35.48113],[143.86876,-35.48183],[143.86659,-35.48032],[143.86506,-35.47786],[143.86333,-35.47721],[143.86111,-35.4801],[143.85936,-35.48033],[143.85817,-35.47892],[143.85841,-35.47703],[143.86042,-35.47519],[143.85683,-35.4714],[143.85497,-35.4703],[143.85392,-35.46896],[143.85438,-35.4669],[143.85564,-35.4655],[143.8561,-35.46305],[143.85503,-35.46164],[143.85293,-35.4618],[143.84973,-35.46335],[143.84612,-35.46337],[143.84432,-35.46216],[143.84147,-35.45862],[143.83998,-35.4577],[143.83747,-35.45789],[143.83545,-35.45739],[143.83393,-35.45629],[143.82889,-35.45596],[143.8269,-35.45507],[143.82528,-35.4535],[143.8218,-35.44934],[143.82249,-35.44695],[143.82152,-35.44588],[143.81937,-35.44648],[143.81678,-35.44608],[143.81506,-35.44704],[143.81243,-35.4455],[143.81246,-35.44437],[143.81395,-35.44278],[143.81565,-35.44223],[143.81925,-35.43936],[143.81846,-35.43781],[143.81572,-35.43682],[143.81426,-35.43533],[143.81046,-35.43446],[143.80844,-35.43319],[143.80549,-35.43342],[143.80318,-35.43451],[143.79957,-35.43315],[143.79883,-35.43171],[143.79636,-35.4295],[143.79373,-35.42956],[143.7925,-35.42583],[143.79047,-35.42507],[143.79015,-35.42247],[143.7871,-35.4225],[143.78534,-35.42343],[143.782,-35.42294],[143.78139,-35.42357],[143.77905,-35.42352],[143.77668,-35.42406],[143.77089,-35.42343],[143.76889,-35.42179],[143.76536,-35.4235],[143.76261,-35.42278],[143.76317,-35.42012],[143.76589,-35.41777],[143.76581,-35.4157],[143.76442,-35.41563],[143.76139,-35.41737],[143.75891,-35.4167],[143.75906,-35.41445],[143.76049,-35.41128],[143.76236,-35.40975],[143.76519,-35.40991],[143.76592,-35.40896],[143.76859,-35.40842],[143.76716,-35.40674],[143.76697,-35.40404],[143.76882,-35.40247],[143.7684,-35.40132],[143.76548,-35.40071],[143.76403,-35.40107],[143.76285,-35.40002],[143.76356,-35.39833],[143.76349,-35.3964],[143.76471,-35.39336],[143.76247,-35.39197],[143.7578,-35.39458],[143.75337,-35.39231],[143.75201,-35.3926],[143.75111,-35.39116],[143.75153,-35.38822],[143.74864,-35.38781],[143.74499,-35.38888],[143.74364,-35.39112],[143.7412,-35.39189],[143.7394,-35.39355],[143.73714,-35.39283],[143.73149,-35.39359],[143.73011,-35.39044],[143.72668,-35.39025],[143.72243,-35.39114],[143.71688,-35.39271],[143.71339,-35.39277],[143.71216,-35.39203],[143.71034,-35.39274],[143.70865,-35.39216],[143.70938,-35.3887],[143.71187,-35.38662],[143.71146,-35.3845],[143.70869,-35.38433],[143.70789,-35.38633],[143.70591,-35.38729],[143.70563,-35.38903],[143.70421,-35.38966],[143.7026,-35.38883],[143.70147,-35.38622],[143.70381,-35.381],[143.70373,-35.37864],[143.70272,-35.37785],[143.70119,-35.37839],[143.70093,-35.37966],[143.69914,-35.3802],[143.69786,-35.38169],[143.69758,-35.38331],[143.69563,-35.38437],[143.69256,-35.38341],[143.69236,-35.38173],[143.69308,-35.37924],[143.69254,-35.37772],[143.68956,-35.37747],[143.68892,-35.37509],[143.6889,-35.37133],[143.68773,-35.36966],[143.68526,-35.36822],[143.68302,-35.36884],[143.68358,-35.37056],[143.68351,-35.37343],[143.68195,-35.37415],[143.67937,-35.37368],[143.67709,-35.37185],[143.67648,-35.37057],[143.67465,-35.37147],[143.67169,-35.37098],[143.66774,-35.37118],[143.66711,-35.37299],[143.66682,-35.37642],[143.66422,-35.37776],[143.66687,-35.37946],[143.66583,-35.38246],[143.66826,-35.38466],[143.66815,-35.38589],[143.66643,-35.38654],[143.66343,-35.38496],[143.66169,-35.38587],[143.65985,-35.38583],[143.65812,-35.38499],[143.65563,-35.38893],[143.65535,-35.39111],[143.6525,-35.39137],[143.65387,-35.39488],[143.6524,-35.39545],[143.64909,-35.39534],[143.64732,-35.39872],[143.64428,-35.39966],[143.64233,-35.40103],[143.63966,-35.40052],[143.63787,-35.39621],[143.63535,-35.39674],[143.63249,-35.39629],[143.63103,-35.39525],[143.63089,-35.3933],[143.62945,-35.39152],[143.63135,-35.38881],[143.63251,-35.38842],[143.63475,-35.38595],[143.63265,-35.38331],[143.63113,-35.38449],[143.62909,-35.38406],[143.62764,-35.38089],[143.62634,-35.38085],[143.62415,-35.3831],[143.62402,-35.38453],[143.62494,-35.38752],[143.62359,-35.38843],[143.62051,-35.38774],[143.61875,-35.38571],[143.61942,-35.38291],[143.61884,-35.38186],[143.61662,-35.38073],[143.61486,-35.37808],[143.61351,-35.37734],[143.61338,-35.37615],[143.61527,-35.37441],[143.61659,-35.37199],[143.61586,-35.37043],[143.61618,-35.36917],[143.61417,-35.36775],[143.61309,-35.36777],[143.61001,-35.37004],[143.60873,-35.36912],[143.60859,-35.36674],[143.60632,-35.3652],[143.60301,-35.36541],[143.60271,-35.36384],[143.60374,-35.36256],[143.60257,-35.36006],[143.60047,-35.35851],[143.5993,-35.35605],[143.5974,-35.35471],[143.5984,-35.35209],[143.59625,-35.35045],[143.59034,-35.35035],[143.58923,-35.34892],[143.58956,-35.34743],[143.58818,-35.3464],[143.58534,-35.34636],[143.58393,-35.34549],[143.5825,-35.34311],[143.58212,-35.34133],[143.58015,-35.33986],[143.57869,-35.33971],[143.57721,-35.34065],[143.57454,-35.34066],[143.57342,-35.33968],[143.57378,-35.33752],[143.57185,-35.33784],[143.57065,-35.34064],[143.57058,-35.34231],[143.56973,-35.34306],[143.56693,-35.3436],[143.56498,-35.3419],[143.56351,-35.33882],[143.56217,-35.33752],[143.56212,-35.3356],[143.56405,-35.33206],[143.56355,-35.33014],[143.56403,-35.32712],[143.56208,-35.32588],[143.56168,-35.32392],[143.56382,-35.32201],[143.56286,-35.3181],[143.56389,-35.31565],[143.56602,-35.31447],[143.56755,-35.30947],[143.56744,-35.30842],[143.57259,-35.30583],[143.57162,-35.30436],[143.56901,-35.30244],[143.56978,-35.30158],[143.57196,-35.30153],[143.57421,-35.30326],[143.57781,-35.30329],[143.57796,-35.30257],[143.57669,-35.29966],[143.57815,-35.29789],[143.58195,-35.2983],[143.58209,-35.29744],[143.57978,-35.2959],[143.57976,-35.29481],[143.5816,-35.29204],[143.58105,-35.29012],[143.58303,-35.2867],[143.58676,-35.28627],[143.58668,-35.2848],[143.59072,-35.28178],[143.59051,-35.28064],[143.58774,-35.27952],[143.58555,-35.27985],[143.58456,-35.2779],[143.58553,-35.27671],[143.58758,-35.27681],[143.59077,-35.27393],[143.58992,-35.27228],[143.58781,-35.2721],[143.5849,-35.27341],[143.58283,-35.27318],[143.58198,-35.27219],[143.58078,-35.26914],[143.58155,-35.26772],[143.58317,-35.26665],[143.58235,-35.26523],[143.57987,-35.26727],[143.57799,-35.26725],[143.57601,-35.26548],[143.57441,-35.26642],[143.57516,-35.26857],[143.57239,-35.26876],[143.57113,-35.267],[143.57094,-35.2657],[143.57217,-35.26332],[143.57178,-35.26239],[143.57261,-35.25898],[143.57406,-35.25703],[143.57178,-35.25397],[143.57147,-35.25201],[143.56984,-35.24976],[143.56982,-35.24624],[143.56707,-35.24556],[143.5637,-35.24348],[143.56437,-35.24185],[143.56666,-35.24034],[143.5666,-35.2394],[143.56417,-35.23794],[143.56394,-35.23654],[143.56531,-35.23572],[143.56909,-35.23509],[143.57163,-35.23545],[143.57381,-35.23488],[143.57467,-35.23297],[143.57802,-35.23133],[143.57615,-35.23014],[143.57586,-35.22663],[143.57633,-35.22524],[143.57817,-35.22248],[143.58046,-35.22104],[143.58115,-35.21975],[143.58,-35.21676],[143.58002,-35.21413],[143.57522,-35.21155],[143.57185,-35.2078],[143.56547,-35.204],[143.56371,-35.20245],[143.56159,-35.20307],[143.55986,-35.20258],[143.55396,-35.20533],[143.55088,-35.20549],[143.5469,-35.20611],[143.54644,-35.2075],[143.54955,-35.21112],[143.54964,-35.21246],[143.5487,-35.21364],[143.54638,-35.21444],[143.54315,-35.21657],[143.53949,-35.21632],[143.53592,-35.21699],[143.53094,-35.21851],[143.52916,-35.21983],[143.52489,-35.2196],[143.52384,-35.21921],[143.52207,-35.2173],[143.52188,-35.21609],[143.51942,-35.21218],[143.51776,-35.21158],[143.51526,-35.21286],[143.5115,-35.21262],[143.5076,-35.21404],[143.50482,-35.21396],[143.5038,-35.21566],[143.50099,-35.21794],[143.49762,-35.21827],[143.49529,-35.21972],[143.49344,-35.22006],[143.48974,-35.21885],[143.48528,-35.21899],[143.48381,-35.21852],[143.48026,-35.21912],[143.47413,-35.2186],[143.47146,-35.21933],[143.46977,-35.21824],[143.46845,-35.21616],[143.46612,-35.21414],[143.46574,-35.21021],[143.4659,-35.20794],[143.46499,-35.20558],[143.46484,-35.2027],[143.46389,-35.20215],[143.46158,-35.2035],[143.46011,-35.20381],[143.45863,-35.20221],[143.4584,-35.19905],[143.45567,-35.19604],[143.45245,-35.19551],[143.45006,-35.19335],[143.44931,-35.18903],[143.44541,-35.19014],[143.44135,-35.18939],[143.4389,-35.1895],[143.43604,-35.19087],[143.43352,-35.19095],[143.43388,-35.1936],[143.4327,-35.19477],[143.43031,-35.19493],[143.42801,-35.193],[143.42706,-35.19015],[143.42617,-35.18944],[143.42407,-35.19022],[143.42212,-35.19212],[143.41916,-35.19426],[143.41676,-35.19494],[143.41417,-35.19458],[143.41226,-35.19344],[143.41021,-35.19421],[143.4078,-35.19364],[143.40536,-35.19389],[143.40332,-35.19308],[143.40074,-35.18992],[143.39906,-35.1905],[143.39753,-35.19257],[143.39564,-35.19299],[143.39429,-35.19174],[143.39304,-35.18966],[143.39112,-35.18902],[143.39157,-35.18741],[143.39328,-35.1858],[143.39176,-35.18486],[143.38903,-35.18641],[143.38812,-35.1859],[143.38706,-35.183],[143.38804,-35.18196],[143.3911,-35.18079],[143.39397,-35.17796],[143.39334,-35.17624],[143.39204,-35.1755],[143.39212,-35.17293],[143.38962,-35.17111],[143.3871,-35.17258],[143.38512,-35.17143],[143.38501,-35.17358],[143.38363,-35.17429],[143.38237,-35.17379],[143.3821,-35.17241],[143.38306,-35.16914],[143.38488,-35.1671],[143.38476,-35.16582],[143.38595,-35.16351],[143.38596,-35.16205],[143.38349,-35.16298],[143.38262,-35.16151],[143.38444,-35.16041],[143.38666,-35.16],[143.38544,-35.15824],[143.38274,-35.15737],[143.38245,-35.15596],[143.38421,-35.15326],[143.38914,-35.15076],[143.39136,-35.14693],[143.39052,-35.14457],[143.38783,-35.14405],[143.38648,-35.14212],[143.38722,-35.13764],[143.38354,-35.13503],[143.3817,-35.13319],[143.37913,-35.13157],[143.3762,-35.12804],[143.37602,-35.12697],[143.3744,-35.12463],[143.37373,-35.12237],[143.37114,-35.1214],[143.36934,-35.11985],[143.36648,-35.12034],[143.36551,-35.11996],[143.3639,-35.11787],[143.36173,-35.11628],[143.36209,-35.11408],[143.35892,-35.11109],[143.35974,-35.10857],[143.35866,-35.10751],[143.3585,-35.10566],[143.35772,-35.10474],[143.36038,-35.10262],[143.35724,-35.10168],[143.3529,-35.09964],[143.35228,-35.10056],[143.35348,-35.10228],[143.35092,-35.10259],[143.34957,-35.10073],[143.34835,-35.10189],[143.35007,-35.10375],[143.34897,-35.10543],[143.34754,-35.10509],[143.34595,-35.1031],[143.34568,-35.10111],[143.34413,-35.09864],[143.34461,-35.09635],[143.34121,-35.096],[143.34183,-35.09421],[143.34538,-35.09401],[143.34554,-35.0925],[143.34312,-35.09103],[143.34086,-35.0885],[143.33278,-35.08842],[143.33284,-35.09316],[143.33322,-35.09501],[143.32308,-35.08714],[143.31476,-35.08621],[143.30865,-35.11367],[143.3087,-35.14236],[143.30866,-35.1856],[143.26333,-35.1858],[143.26269,-35.18543],[143.25714,-35.18471],[143.2475,-35.18496],[143.24601,-35.18585],[143.17759,-35.18594],[143.17518,-35.18664],[143.17294,-35.18596],[143.16057,-35.18598],[143.15806,-35.18537],[143.15732,-35.18628],[143.13856,-35.18632],[143.13867,-35.2425],[143.13807,-35.24277],[143.11929,-35.24277],[143.09292,-35.24283],[143.06741,-35.2428],[143.071,-35.24916],[143.00328,-35.24913],[143.0064,-35.29968],[143.0058,-35.3005],[143.00979,-35.3027],[143.01011,-35.30767],[143.00648,-35.31211],[143.00971,-35.36326],[143.01038,-35.36329],[143.01039,-35.3738],[142.99719,-35.3738],[142.99718,-35.44736],[142.99717,-35.49095],[143.01776,-35.49095],[143.01808,-35.49077],[143.07314,-35.49086],[143.1313,-35.49083],[143.13064,-35.49179],[143.13052,-35.50176],[143.12754,-35.51017],[143.12352,-35.51458],[143.12439,-35.51858],[143.12473,-35.52415],[143.12894,-35.52653],[143.13166,-35.53058],[143.13562,-35.53182],[143.1347,-35.53662],[143.13379,-35.53946],[143.13473,-35.54255],[143.13677,-35.54509],[143.13953,-35.54638],[143.14574,-35.54611],[143.15176,-35.54436],[143.15912,-35.54532],[143.16377,-35.54519],[143.17049,-35.54286],[143.17447,-35.54291],[143.17865,-35.54468],[143.18399,-35.5448],[143.18556,-35.54518],[143.19557,-35.55022],[143.19714,-35.55039],[143.19839,-35.55275],[143.1981,-35.55405],[143.20127,-35.56192],[143.20153,-35.56409],[143.20058,-35.56722],[143.19871,-35.57124],[143.19848,-35.5725],[143.19879,-35.57834],[143.19857,-35.58081],[143.19636,-35.58295],[143.19232,-35.58608],[143.19104,-35.58911],[143.19151,-35.59326],[143.19096,-35.60241],[143.18993,-35.60433],[143.18733,-35.60791],[143.18943,-35.61561],[143.19204,-35.62365],[143.19359,-35.62552],[143.19705,-35.62784],[143.19903,-35.63426],[143.19875,-35.63614],[143.19747,-35.63848],[143.19707,-35.64107],[143.19824,-35.6467],[143.20026,-35.65457],[143.21598,-35.65458],[143.252,-35.65477],[143.28825,-35.65473],[143.28826,-35.64721],[143.32293,-35.65642],[143.31999,-35.66068],[143.31974,-35.66308],[143.3181,-35.66457],[143.3177,-35.66661],[143.31797,-35.66962],[143.32096,-35.67257],[143.32473,-35.67483],[143.32597,-35.67613],[143.32964,-35.67809],[143.33297,-35.6795],[143.33752,-35.68011],[143.34026,-35.68149],[143.34284,-35.68211],[143.34232,-35.68358],[143.34373,-35.68516],[143.34109,-35.68633],[143.34043,-35.68886],[143.33878,-35.69051],[143.33675,-35.69163],[143.33649,-35.6951],[143.33501,-35.69756],[143.33593,-35.70001],[143.33615,-35.70253],[143.33559,-35.70363],[143.33649,-35.70569],[143.33588,-35.70679],[143.33643,-35.70926],[143.33801,-35.71108],[143.33856,-35.71306],[143.34177,-35.7156],[143.34868,-35.71908],[143.34807,-35.72068],[143.34913,-35.72191],[143.34957,-35.72366],[143.34923,-35.72696],[143.35047,-35.72759],[143.35333,-35.73054],[143.35329,-35.73268],[143.35451,-35.73355],[143.35427,-35.73568],[143.35489,-35.7369],[143.35661,-35.73816],[143.35867,-35.73863],[143.35976,-35.7403],[143.3634,-35.74147],[143.36405,-35.74408],[143.3664,-35.74486],[143.3685,-35.74617],[143.36926,-35.74905],[143.37085,-35.74952],[143.37036,-35.75207],[143.37196,-35.75282],[143.37237,-35.75456],[143.37117,-35.75626],[143.37134,-35.7588],[143.36962,-35.75965],[143.36703,-35.76461],[143.36862,-35.76591],[143.36786,-35.76711],[143.36551,-35.76884],[143.36526,-35.77128],[143.36637,-35.77394],[143.36376,-35.77595],[143.36204,-35.77812],[143.36087,-35.78131],[143.3581,-35.7805],[143.35722,-35.78111],[143.35591,-35.78367],[143.35646,-35.78529],[143.35296,-35.7881],[143.35285,-35.79118],[143.35049,-35.79238],[143.35039,-35.79415],[143.3525,-35.79666],[143.35321,-35.80076],[143.35249,-35.80307],[143.35322,-35.80433],[143.35302,-35.80651],[143.35442,-35.808],[143.35623,-35.80842],[143.35726,-35.81178],[143.35478,-35.81305],[143.35344,-35.81482],[143.35505,-35.81781],[143.35434,-35.82082],[143.35487,-35.82281],[143.3568,-35.82465],[143.35724,-35.82726],[143.35952,-35.82975],[143.35713,-35.83223],[143.35968,-35.8325],[143.35838,-35.83994],[143.3784,-35.84215],[143.37985,-35.84259],[143.38476,-35.84314],[143.38451,-35.84668],[143.37866,-35.88006],[143.3818,-35.88043],[143.37246,-35.93369],[143.3652,-35.93367],[143.36529,-35.96095],[143.36556,-35.96095],[143.36544,-35.99204],[143.3773,-35.99209],[143.37723,-36.00699],[143.37873,-36.007],[143.37871,-36.01402],[143.39518,-36.01406],[143.39721,-36.01532],[143.39979,-36.01393],[143.40173,-36.01466],[143.40303,-36.01707],[143.40487,-36.01705],[143.40718,-36.01786],[143.40802,-36.01637],[143.40719,-36.01465],[143.40858,-36.01134],[143.41167,-36.01167],[143.412,-36.01038],[143.41401,-36.00877],[143.41722,-36.00765],[143.41811,-36.00432],[143.42077,-36.00113],[143.42431,-35.99929],[143.4238,-35.99757],[143.42612,-35.99451],[143.428,-35.99293],[143.42736,-35.99142],[143.42863,-35.99073],[143.42987,-35.98885],[143.43205,-35.98863],[143.4327,-35.98589],[143.43273,-35.98308],[143.48169,-35.98315],[143.4818,-36.00838],[143.4817,-36.04511],[143.4819,-36.10142],[143.51159,-36.10135],[143.51151,-36.13331],[143.50885,-36.13284],[143.50665,-36.13351],[143.50465,-36.13475],[143.5037,-36.13688],[143.50413,-36.13986],[143.50546,-36.14257],[143.50827,-36.14481],[143.50917,-36.14629],[143.51116,-36.1521],[143.51352,-36.15209],[143.51354,-36.17328],[143.52943,-36.17323],[143.53665,-36.17404],[143.53162,-36.20317],[143.54938,-36.20515],[143.54697,-36.21972],[143.56702,-36.22194],[143.5687,-36.22223],[143.58169,-36.21953],[143.57981,-36.23041],[143.63162,-36.23637],[143.67643,-36.24151],[143.67601,-36.24395],[143.68662,-36.24518],[143.68514,-36.25389],[143.70455,-36.25612],[143.70245,-36.26807],[143.71233,-36.26923],[143.71198,-36.27013],[143.72522,-36.27155],[143.73858,-36.2731],[143.74024,-36.2644],[143.74435,-36.24013],[143.75806,-36.24186],[143.75797,-36.24236],[143.77601,-36.24438],[143.77418,-36.25436],[143.78445,-36.25561],[143.78258,-36.266],[143.78898,-36.26679],[143.79256,-36.26463],[143.81034,-36.26667],[143.80983,-36.26957],[143.88504,-36.27825],[143.88507,-36.27992],[143.88311,-36.28003],[143.88266,-36.28106],[143.88382,-36.28336],[143.88226,-36.28589],[143.88305,-36.28721],[143.88525,-36.28843],[143.8864,-36.29092],[143.88376,-36.29309],[143.88263,-36.29212],[143.88001,-36.29304],[143.88079,-36.29473],[143.8801,-36.29608],[143.87744,-36.29716],[143.87561,-36.29733],[143.8766,-36.29909],[143.89553,-36.29906],[143.8979,-36.2989],[143.93174,-36.29891],[144.00816,-36.2988],[144.03215,-36.29882],[144.03216,-36.31157],[144.06464,-36.31137],[144.08334,-36.31145],[144.08344,-36.31358],[144.09364,-36.31355],[144.0936,-36.31917],[144.09856,-36.31898],[144.10023,-36.31814],[144.10089,-36.31698],[144.10501,-36.31797],[144.10573,-36.31642],[144.10535,-36.31463],[144.1054,-36.31157],[144.11906,-36.31164],[144.147,-36.29222],[144.147,-36.28458],[144.15131,-36.28459],[144.15257,-36.28265],[144.15313,-36.28001],[144.15557,-36.27957],[144.15646,-36.27703],[144.16112,-36.27641],[144.16321,-36.27554],[144.1646,-36.2741],[144.16612,-36.27372],[144.1669,-36.27251],[144.16958,-36.27092],[144.16936,-36.2686],[144.17053,-36.26622],[144.17054,-36.26316],[144.17431,-36.26315],[144.1743,-36.26199],[144.17693,-36.26198],[144.17886,-36.26292],[144.18222,-36.26243],[144.18656,-36.26273],[144.18652,-36.26993],[144.23198,-36.26995],[144.28165,-36.26996],[144.28173,-36.32772],[144.33183,-36.32772],[144.33189,-36.37085],[144.32989,-36.37085],[144.3301,-36.38525],[144.35832,-36.38518],[144.35854,-36.39141],[144.36099,-36.39181],[144.35917,-36.39325],[144.359,-36.39442],[144.36163,-36.3942],[144.36254,-36.39672],[144.36641,-36.39523],[144.36837,-36.39567],[144.36835,-36.39894],[144.36947,-36.39894],[144.3694,-36.40785],[144.39075,-36.40778],[144.39975,-36.40752],[144.4157,-36.39632],[144.42925,-36.4109],[144.43006,-36.41094],[144.4301,-36.40669],[144.46389,-36.40673],[144.47979,-36.40666],[144.505,-36.40687],[144.57639,-36.4068],[144.60273,-36.40671],[144.66818,-36.40659],[144.66527,-36.41084],[144.66905,-36.4127],[144.6695,-36.41589],[144.67031,-36.41691],[144.67019,-36.41865],[144.67195,-36.41886],[144.67397,-36.42331],[144.67426,-36.4255],[144.67151,-36.42548],[144.66926,-36.42432],[144.66552,-36.42772],[144.66656,-36.42907],[144.66606,-36.43102],[144.66447,-36.43276],[144.66125,-36.43288],[144.65979,-36.43507],[144.6588,-36.44066],[144.66133,-36.43976],[144.66319,-36.44165],[144.66445,-36.44155],[144.66714,-36.44279],[144.66872,-36.44297],[144.67095,-36.4423]]]},"properties":{"district":"Murray Plains"}},{"type":"Feature","geometry":{"type":"Polygon","coordinates":[[[145.7354,-38.27457],[145.75423,-38.27678],[145.76129,-38.27748],[145.75883,-38.27609],[145.75904,-38.27255],[145.76072,-38.27154],[145.76205,-38.26926],[145.7617,-38.26641],[145.75961,-38.26491],[145.7718,-38.26631],[145.7728,-38.26119],[145.78356,-38.26251],[145.80055,-38.26437],[145.80079,-38.26781],[145.80317,-38.26926],[145.80473,-38.26879],[145.80743,-38.26947],[145.811,-38.27123],[145.81423,-38.27383],[145.81341,-38.2762],[145.81438,-38.27958],[145.81634,-38.28102],[145.81535,-38.28247],[145.81698,-38.28428],[145.81739,-38.28642],[145.81924,-38.28735],[145.81979,-38.2896],[145.82401,-38.29572],[145.82668,-38.29706],[145.82741,-38.30025],[145.83088,-38.30351],[145.82769,-38.32049],[145.84416,-38.32257],[145.86072,-38.32452],[145.8624,-38.32454],[145.86284,-38.32193],[145.87632,-38.3235],[145.87751,-38.31623],[145.88495,-38.3168],[145.88413,-38.32194],[145.88569,-38.32211],[145.88444,-38.32884],[145.88984,-38.32936],[145.88859,-38.33681],[145.90655,-38.33903],[145.90677,-38.33799],[145.90344,-38.33356],[145.90138,-38.33206],[145.90245,-38.33044],[145.90141,-38.32887],[145.90204,-38.32654],[145.94066,-38.33081],[145.94187,-38.32342],[145.95394,-38.32471],[145.95432,-38.3224],[145.96542,-38.32359],[145.96749,-38.31198],[145.97794,-38.31305],[145.97678,-38.31967],[145.98776,-38.32091],[145.98669,-38.32772],[146.00698,-38.32975],[146.00746,-38.33117],[146.00915,-38.33144],[146.01108,-38.33255],[146.01396,-38.33147],[146.02424,-38.32956],[146.02392,-38.3302],[146.02667,-38.33128],[146.02893,-38.33088],[146.03434,-38.33176],[146.05419,-38.32362],[146.0522,-38.32287],[146.0496,-38.32063],[146.06402,-38.31061],[146.07308,-38.31872],[146.07443,-38.3143],[146.09064,-38.32838],[146.09675,-38.3258],[146.106,-38.33889],[146.10661,-38.33871],[146.12252,-38.36005],[146.1454,-38.34948],[146.14801,-38.34782],[146.16047,-38.34928],[146.16218,-38.34058],[146.18921,-38.34389],[146.19259,-38.32686],[146.20168,-38.32802],[146.20379,-38.31707],[146.21683,-38.32138],[146.21858,-38.32026],[146.23019,-38.32173],[146.23242,-38.31625],[146.23577,-38.31452],[146.23958,-38.30669],[146.25207,-38.29899],[146.25608,-38.27922],[146.25888,-38.27783],[146.26206,-38.27262],[146.25847,-38.26743],[146.25814,-38.26502],[146.26016,-38.2625],[146.26865,-38.25504],[146.27448,-38.25345],[146.27829,-38.24918],[146.27904,-38.24588],[146.28244,-38.24407],[146.2844,-38.2408],[146.28709,-38.23964],[146.28887,-38.23636],[146.28807,-38.23467],[146.28626,-38.23334],[146.28582,-38.23218],[146.28651,-38.23025],[146.28989,-38.22949],[146.29138,-38.22719],[146.27324,-38.22492],[146.27257,-38.2273],[146.27069,-38.22926],[146.26942,-38.22883],[146.26713,-38.23092],[146.26647,-38.23058],[146.26854,-38.22769],[146.27092,-38.22792],[146.27103,-38.22416],[146.27275,-38.22132],[146.27524,-38.22128],[146.27454,-38.21901],[146.2771,-38.21654],[146.27784,-38.21446],[146.27722,-38.21245],[146.27784,-38.21126],[146.27655,-38.20988],[146.27265,-38.20961],[146.27343,-38.20739],[146.2726,-38.20242],[146.27358,-38.20023],[146.27334,-38.19811],[146.27492,-38.19771],[146.27421,-38.19591],[146.27439,-38.19396],[146.2767,-38.19256],[146.27619,-38.19004],[146.27653,-38.1873],[146.27557,-38.18548],[146.27283,-38.184],[146.27248,-38.18211],[146.27015,-38.17756],[146.2721,-38.17537],[146.27202,-38.17268],[146.27388,-38.16975],[146.27375,-38.16638],[146.27215,-38.16571],[146.27151,-38.16382],[146.26919,-38.16353],[146.26895,-38.16193],[146.26775,-38.1613],[146.26741,-38.15986],[146.2697,-38.15544],[146.27222,-38.15198],[146.27123,-38.15154],[146.26862,-38.15223],[146.26507,-38.1526],[146.26305,-38.15098],[146.25958,-38.15177],[146.25841,-38.1496],[146.25512,-38.14924],[146.25442,-38.14826],[146.25611,-38.14729],[146.25657,-38.14549],[146.25582,-38.14401],[146.26134,-38.14012],[146.26962,-38.13856],[146.27075,-38.13796],[146.27539,-38.13301],[146.27537,-38.131],[146.27431,-38.12669],[146.27341,-38.12535],[146.27693,-38.12337],[146.27818,-38.12196],[146.28347,-38.11747],[146.2876,-38.11509],[146.28822,-38.11296],[146.2904,-38.11051],[146.29379,-38.11203],[146.30715,-38.11443],[146.3179,-38.11902],[146.3286,-38.11982],[146.33512,-38.11889],[146.34909,-38.11125],[146.36135,-38.10709],[146.36323,-38.10826],[146.37176,-38.11071],[146.37435,-38.11381],[146.37463,-38.11741],[146.37309,-38.11827],[146.37434,-38.12137],[146.37653,-38.12413],[146.3768,-38.12646],[146.37871,-38.12715],[146.38034,-38.12931],[146.38065,-38.1314],[146.38176,-38.13349],[146.38465,-38.13336],[146.38642,-38.13526],[146.39011,-38.13605],[146.39362,-38.13838],[146.39487,-38.13881],[146.40622,-38.13553],[146.41048,-38.13267],[146.42286,-38.13035],[146.43383,-38.12179],[146.43115,-38.12088],[146.42961,-38.11881],[146.42775,-38.11835],[146.42587,-38.11947],[146.42633,-38.12032],[146.42843,-38.1204],[146.42948,-38.12385],[146.42774,-38.1244],[146.42465,-38.1242],[146.42509,-38.12232],[146.42309,-38.12149],[146.42428,-38.11938],[146.42365,-38.11859],[146.42359,-38.1142],[146.42396,-38.11152],[146.42367,-38.10939],[146.42173,-38.10907],[146.4244,-38.09655],[146.44414,-38.09923],[146.47898,-38.1038],[146.47996,-38.09967],[146.47749,-38.09853],[146.47923,-38.09013],[146.47667,-38.08722],[146.47729,-38.08287],[146.47702,-38.07902],[146.47582,-38.07688],[146.47572,-38.07531],[146.47949,-38.07473],[146.48367,-38.07547],[146.48457,-38.07637],[146.48846,-38.07776],[146.49269,-38.07823],[146.49648,-38.07802],[146.49932,-38.07962],[146.50481,-38.08044],[146.51047,-38.08008],[146.51658,-38.08091],[146.52091,-38.08293],[146.52332,-38.0836],[146.52791,-38.08425],[146.5337,-38.06268],[146.53478,-38.05697],[146.55043,-38.05902],[146.55227,-38.05792],[146.55251,-38.05596],[146.56951,-38.0581],[146.57231,-38.04347],[146.57014,-38.04256],[146.56729,-38.04004],[146.56703,-38.03924],[146.56936,-38.03733],[146.56973,-38.03534],[146.56698,-38.03069],[146.56753,-38.02899],[146.57525,-38.03007],[146.57663,-38.02285],[146.58004,-38.00699],[146.58726,-37.97808],[146.58432,-37.97745],[146.58278,-37.97613],[146.58119,-37.97628],[146.57949,-37.97922],[146.57669,-37.98092],[146.57393,-37.98131],[146.57129,-37.98258],[146.57028,-37.98371],[146.56843,-37.9825],[146.56556,-37.98295],[146.56386,-37.98385],[146.56327,-37.98243],[146.56283,-37.9788],[146.55779,-37.97601],[146.5568,-37.97509],[146.55568,-37.9723],[146.55392,-37.97119],[146.55114,-37.97131],[146.55289,-37.97475],[146.55264,-37.97637],[146.5513,-37.97654],[146.54901,-37.97526],[146.54591,-37.9757],[146.54653,-37.97429],[146.54551,-37.97274],[146.54671,-37.96963],[146.54779,-37.96815],[146.54602,-37.96734],[146.54423,-37.96783],[146.54265,-37.96728],[146.54179,-37.96584],[146.53812,-37.96508],[146.53649,-37.96704],[146.53662,-37.96908],[146.53585,-37.96955],[146.53316,-37.96762],[146.53402,-37.96593],[146.5323,-37.96384],[146.52784,-37.96338],[146.52409,-37.96374],[146.52283,-37.96479],[146.52271,-37.96796],[146.52101,-37.97205],[146.51904,-37.97566],[146.51668,-37.97696],[146.51657,-37.97877],[146.5132,-37.97943],[146.51307,-37.9802],[146.51479,-37.9822],[146.51447,-37.9837],[146.5095,-37.98367],[146.50745,-37.98495],[146.50362,-37.98582],[146.50269,-37.98813],[146.50123,-37.98832],[146.50039,-37.98656],[146.49736,-37.98892],[146.49391,-37.98851],[146.49264,-37.98693],[146.49305,-37.98468],[146.49058,-37.98445],[146.49067,-37.98628],[146.48797,-37.98608],[146.48627,-37.98752],[146.48333,-37.9877],[146.48192,-37.98885],[146.48247,-37.99147],[146.47869,-37.9927],[146.47787,-37.9937],[146.47331,-37.99469],[146.50475,-37.69514],[146.50277,-37.69314],[146.50234,-37.69083],[146.50335,-37.68906],[146.50692,-37.68899],[146.50919,-37.68795],[146.51197,-37.68497],[146.51327,-37.68477],[146.51209,-37.68145],[146.51468,-37.68059],[146.51596,-37.67878],[146.51568,-37.67586],[146.51301,-37.67332],[146.51286,-37.67145],[146.51118,-37.67105],[146.50978,-37.67163],[146.50756,-37.67071],[146.50622,-37.66844],[146.5054,-37.66459],[146.50296,-37.66357],[146.5009,-37.66122],[146.49942,-37.65848],[146.49753,-37.65585],[146.49623,-37.65219],[146.49634,-37.65011],[146.48946,-37.64292],[146.48695,-37.64161],[146.48421,-37.64131],[146.48299,-37.64189],[146.47749,-37.63973],[146.47447,-37.64085],[146.473,-37.63985],[146.4699,-37.63682],[146.46865,-37.63461],[146.4668,-37.63484],[146.4643,-37.63085],[146.46083,-37.62852],[146.45928,-37.62589],[146.45987,-37.62412],[146.4591,-37.62282],[146.45723,-37.62152],[146.45415,-37.61635],[146.45229,-37.61491],[146.44848,-37.61507],[146.44577,-37.61404],[146.44366,-37.61212],[146.44092,-37.61379],[146.43949,-37.61561],[146.43584,-37.61804],[146.43432,-37.61958],[146.43008,-37.6195],[146.42641,-37.61857],[146.42467,-37.61733],[146.41952,-37.6148],[146.41204,-37.60932],[146.40848,-37.6084],[146.4032,-37.60403],[146.4,-37.60701],[146.39512,-37.60587],[146.39405,-37.604],[146.39238,-37.60622],[146.39119,-37.60695],[146.38988,-37.60892],[146.38716,-37.60826],[146.38489,-37.60836],[146.38344,-37.60967],[146.38332,-37.61306],[146.38403,-37.61638],[146.3825,-37.61946],[146.38264,-37.62198],[146.38034,-37.6237],[146.37968,-37.62487],[146.37656,-37.62817],[146.37553,-37.62873],[146.3726,-37.62848],[146.36764,-37.62932],[146.36559,-37.62665],[146.36361,-37.62648],[146.36182,-37.62763],[146.35855,-37.62642],[146.35554,-37.62489],[146.35065,-37.62519],[146.34665,-37.62359],[146.34567,-37.62182],[146.34157,-37.61715],[146.33868,-37.61671],[146.33717,-37.61508],[146.33444,-37.614],[146.33321,-37.6129],[146.33274,-37.61053],[146.33296,-37.60863],[146.33175,-37.60786],[146.32824,-37.60761],[146.32697,-37.60637],[146.32641,-37.60397],[146.32274,-37.60137],[146.32228,-37.60026],[146.31962,-37.59912],[146.31719,-37.59979],[146.31164,-37.59896],[146.31083,-37.59744],[146.30864,-37.59659],[146.30497,-37.59353],[146.29879,-37.59107],[146.29664,-37.59318],[146.29415,-37.59345],[146.29023,-37.59576],[146.28854,-37.59775],[146.28672,-37.59874],[146.28278,-37.6001],[146.28062,-37.60247],[146.27624,-37.60488],[146.26696,-37.60637],[146.26382,-37.6064],[146.26039,-37.60843],[146.25647,-37.61024],[146.25256,-37.60988],[146.25081,-37.61044],[146.24706,-37.60936],[146.24514,-37.60972],[146.24459,-37.60858],[146.24169,-37.60687],[146.23899,-37.6065],[146.23606,-37.60788],[146.23289,-37.60743],[146.23233,-37.60863],[146.23027,-37.60794],[146.22518,-37.60489],[146.2223,-37.60354],[146.22053,-37.60399],[146.21403,-37.60217],[146.21282,-37.60138],[146.20917,-37.60045],[146.20771,-37.60072],[146.20443,-37.59915],[146.20326,-37.5972],[146.20291,-37.59537],[146.19447,-37.58832],[146.18948,-37.58701],[146.18762,-37.58473],[146.18831,-37.58159],[146.18723,-37.58019],[146.1829,-37.58155],[146.18119,-37.58272],[146.17961,-37.58296],[146.17799,-37.58467],[146.17614,-37.58487],[146.17495,-37.587],[146.17325,-37.5887],[146.17323,-37.59113],[146.17224,-37.59164],[146.17166,-37.59367],[146.17012,-37.5949],[146.17165,-37.59651],[146.17198,-37.59949],[146.16846,-37.59956],[146.16445,-37.59677],[146.16209,-37.59582],[146.1613,-37.59626],[146.16126,-37.5994],[146.15882,-37.60077],[146.16021,-37.60432],[146.16245,-37.60806],[146.16141,-37.61014],[146.16336,-37.61273],[146.16308,-37.61385],[146.16413,-37.61594],[146.16555,-37.61721],[146.16483,-37.623],[146.16222,-37.62312],[146.16064,-37.62176],[146.15803,-37.62519],[146.15944,-37.62913],[146.15854,-37.63029],[146.15566,-37.62994],[146.15365,-37.62716],[146.151,-37.62533],[146.14416,-37.62743],[146.14057,-37.63076],[146.13933,-37.63255],[146.14125,-37.63472],[146.1413,-37.63701],[146.13981,-37.63908],[146.13425,-37.64285],[146.13095,-37.64391],[146.13053,-37.64721],[146.12975,-37.64807],[146.13112,-37.64917],[146.13104,-37.65083],[146.13259,-37.65357],[146.13323,-37.65829],[146.13359,-37.66333],[146.13395,-37.66443],[146.13216,-37.66844],[146.1323,-37.67176],[146.13317,-37.67479],[146.13222,-37.67571],[146.13269,-37.67771],[146.13393,-37.6791],[146.13738,-37.67916],[146.14037,-37.68205],[146.14177,-37.68744],[146.14214,-37.69277],[146.13624,-37.69794],[146.13643,-37.70043],[146.13583,-37.70256],[146.13897,-37.70502],[146.13938,-37.70666],[146.13803,-37.70828],[146.13859,-37.71014],[146.14125,-37.71018],[146.14238,-37.70954],[146.14539,-37.71068],[146.14786,-37.71478],[146.15056,-37.7152],[146.15311,-37.71871],[146.15181,-37.71933],[146.1538,-37.72495],[146.15605,-37.72622],[146.15678,-37.72808],[146.15905,-37.73045],[146.15878,-37.73287],[146.15978,-37.73408],[146.16031,-37.73621],[146.1602,-37.73944],[146.16239,-37.74056],[146.16184,-37.74235],[146.1631,-37.74462],[146.16322,-37.74777],[146.16145,-37.74913],[146.16035,-37.75086],[146.16047,-37.75332],[146.15881,-37.75661],[146.15903,-37.75964],[146.15797,-37.76066],[146.15886,-37.76195],[146.15697,-37.7632],[146.15688,-37.76506],[146.15474,-37.76568],[146.15429,-37.76702],[146.15095,-37.76911],[146.14814,-37.76906],[146.14463,-37.77036],[146.14227,-37.77188],[146.14184,-37.77491],[146.1385,-37.77689],[146.1374,-37.77834],[146.13824,-37.78078],[146.13755,-37.78264],[146.13451,-37.78527],[146.1341,-37.78753],[146.13258,-37.78836],[146.13076,-37.78835],[146.12881,-37.78914],[146.12582,-37.78809],[146.1241,-37.7894],[146.12133,-37.78819],[146.12083,-37.78658],[146.11665,-37.78222],[146.11725,-37.77953],[146.11672,-37.77749],[146.11304,-37.77631],[146.11223,-37.77515],[146.10951,-37.77481],[146.10838,-37.774],[146.10714,-37.77178],[146.1049,-37.77019],[146.1046,-37.76865],[146.10327,-37.76823],[146.10387,-37.76417],[146.10303,-37.76309],[146.10002,-37.76199],[146.0988,-37.76045],[146.0978,-37.75814],[146.0961,-37.75665],[146.09388,-37.75652],[146.09091,-37.75539],[146.08876,-37.75404],[146.08806,-37.75603],[146.08707,-37.75661],[146.08606,-37.75885],[146.08434,-37.7611],[146.08114,-37.76328],[146.07722,-37.76244],[146.07341,-37.76374],[146.07308,-37.76549],[146.06836,-37.76703],[146.06777,-37.76898],[146.06639,-37.76928],[146.06409,-37.76874],[146.06074,-37.7702],[146.05704,-37.7703],[146.05184,-37.77119],[146.04862,-37.77276],[146.04689,-37.77268],[146.04416,-37.77402],[146.04078,-37.77377],[146.03863,-37.77446],[146.0369,-37.77346],[146.03125,-37.77345],[146.02923,-37.77446],[146.02414,-37.77417],[146.02145,-37.77484],[146.02039,-37.7727],[146.01914,-37.77178],[146.01664,-37.77156],[146.01255,-37.76877],[146.01068,-37.76884],[146.00838,-37.7677],[146.00491,-37.76867],[146.00348,-37.76853],[146.00175,-37.76675],[145.99952,-37.76545],[145.99595,-37.76653],[145.99418,-37.76752],[145.99028,-37.76879],[145.98602,-37.76847],[145.98141,-37.76866],[145.98022,-37.76737],[145.97739,-37.76758],[145.97492,-37.76678],[145.97275,-37.76516],[145.96833,-37.7647],[145.96358,-37.76596],[145.9615,-37.76539],[145.96025,-37.76392],[145.95367,-37.76245],[145.94361,-37.75823],[145.9364,-37.76519],[145.9372,-37.76869],[145.93677,-37.77158],[145.92624,-37.77186],[145.9237,-37.77161],[145.92222,-37.77353],[145.91945,-37.77499],[145.91747,-37.77752],[145.91851,-37.77921],[145.91871,-37.782],[145.91764,-37.78344],[145.91806,-37.78601],[145.92238,-37.79192],[145.92544,-37.79424],[145.92883,-37.79784],[145.92873,-37.79927],[145.92667,-37.8013],[145.92485,-37.80509],[145.92298,-37.807],[145.92269,-37.80998],[145.92339,-37.81149],[145.92637,-37.81328],[145.92792,-37.8152],[145.92906,-37.81791],[145.93163,-37.81997],[145.93131,-37.82136],[145.928,-37.82162],[145.92675,-37.82264],[145.92611,-37.82588],[145.92638,-37.82965],[145.92336,-37.82859],[145.91906,-37.82799],[145.91714,-37.82608],[145.9147,-37.82607],[145.91248,-37.82272],[145.90727,-37.81694],[145.90547,-37.81638],[145.90294,-37.81721],[145.90157,-37.81912],[145.89852,-37.82139],[145.89796,-37.82396],[145.89487,-37.82582],[145.89156,-37.82495],[145.8869,-37.82127],[145.88327,-37.81981],[145.88185,-37.81856],[145.87801,-37.818],[145.8771,-37.81626],[145.87387,-37.81354],[145.87238,-37.81161],[145.87108,-37.81083],[145.86897,-37.8109],[145.86711,-37.8088],[145.86719,-37.80726],[145.86544,-37.8074],[145.8644,-37.80591],[145.86268,-37.8061],[145.86053,-37.8034],[145.85799,-37.80232],[145.85742,-37.8011],[145.85377,-37.79982],[145.8505,-37.79984],[145.8451,-37.79771],[145.84082,-37.79796],[145.83916,-37.79862],[145.83791,-37.80132],[145.83842,-37.80434],[145.83593,-37.80513],[145.8349,-37.80719],[145.83178,-37.80823],[145.82955,-37.8111],[145.82803,-37.81227],[145.82527,-37.81059],[145.81997,-37.81015],[145.81843,-37.80899],[145.817,-37.80884],[145.81507,-37.80724],[145.81095,-37.80798],[145.80961,-37.80755],[145.8069,-37.81098],[145.8067,-37.81244],[145.80416,-37.81401],[145.80298,-37.81341],[145.8003,-37.81449],[145.79685,-37.81459],[145.79495,-37.81511],[145.79486,-37.81655],[145.79618,-37.81864],[145.79565,-37.822],[145.79384,-37.82636],[145.79779,-37.82593],[145.80401,-37.82615],[145.80503,-37.8277],[145.80477,-37.82975],[145.80742,-37.829],[145.80863,-37.83012],[145.80849,-37.83228],[145.8089,-37.83548],[145.8112,-37.83609],[145.81143,-37.83945],[145.81006,-37.84054],[145.80948,-37.84289],[145.80774,-37.84617],[145.80539,-37.84801],[145.80403,-37.85015],[145.8048,-37.852],[145.80808,-37.85312],[145.81006,-37.85493],[145.81164,-37.85563],[145.81435,-37.8551],[145.81571,-37.85421],[145.81736,-37.85628],[145.81761,-37.85775],[145.81457,-37.85843],[145.81149,-37.86105],[145.81071,-37.86233],[145.811,-37.86403],[145.80876,-37.86326],[145.80802,-37.8617],[145.80442,-37.86058],[145.80325,-37.86069],[145.80173,-37.86353],[145.80296,-37.86804],[145.80523,-37.8705],[145.80557,-37.87202],[145.80326,-37.87367],[145.80136,-37.87219],[145.79819,-37.87329],[145.79514,-37.87493],[145.79288,-37.8777],[145.78803,-37.87782],[145.78495,-37.87862],[145.77916,-37.87684],[145.77408,-37.87983],[145.7695,-37.8809],[145.76751,-37.88334],[145.76723,-37.88462],[145.76526,-37.88626],[145.76634,-37.88759],[145.76542,-37.89097],[145.76287,-37.89499],[145.76286,-37.89669],[145.76502,-37.89858],[145.7643,-37.90135],[145.76262,-37.90327],[145.75556,-37.9089],[145.75246,-37.91357],[145.7508,-37.91718],[145.74749,-37.91924],[145.74753,-37.92264],[145.74587,-37.92498],[145.74226,-37.92626],[145.74125,-37.92712],[145.74144,-37.92914],[145.74375,-37.93202],[145.74648,-37.93463],[145.74684,-37.93851],[145.74516,-37.93917],[145.74435,-37.9408],[145.74215,-37.94318],[145.74164,-37.94785],[145.74041,-37.9486],[145.73659,-37.949],[145.73487,-37.95018],[145.73521,-37.95168],[145.73679,-37.95332],[145.73663,-37.95569],[145.7338,-37.95629],[145.73107,-37.95883],[145.73148,-37.96038],[145.73312,-37.96157],[145.73384,-37.96363],[145.73606,-37.96631],[145.73684,-37.96793],[145.73612,-37.97218],[145.735,-37.97675],[145.73384,-37.97653],[145.72958,-37.97395],[145.72647,-37.97369],[145.72351,-37.97665],[145.7222,-37.97616],[145.72018,-37.9781],[145.72053,-37.97955],[145.71939,-37.98106],[145.72083,-37.98227],[145.72357,-37.98611],[145.72267,-37.98724],[145.71804,-37.98434],[145.71577,-37.98239],[145.71413,-37.98185],[145.71176,-37.98003],[145.70912,-37.97982],[145.70419,-37.97628],[145.70041,-37.97492],[145.69599,-37.97566],[145.69376,-37.97455],[145.69255,-37.97463],[145.68958,-37.97608],[145.68655,-37.9744],[145.68555,-37.97436],[145.68411,-37.97252],[145.68176,-37.97223],[145.68101,-37.9705],[145.67937,-37.96904],[145.67661,-37.96849],[145.67521,-37.97029],[145.67393,-37.96994],[145.67201,-37.97077],[145.66928,-37.96975],[145.66734,-37.97088],[145.66388,-37.96955],[145.66057,-37.96987],[145.6609,-37.9715],[145.65897,-37.97226],[145.65743,-37.97046],[145.65359,-37.96865],[145.6513,-37.97007],[145.6479,-37.96845],[145.64594,-37.96828],[145.64476,-37.96743],[145.64303,-37.96749],[145.64213,-37.96847],[145.64212,-37.97169],[145.64018,-37.97101],[145.64014,-37.96956],[145.63647,-37.96714],[145.63471,-37.96752],[145.6317,-37.96474],[145.62977,-37.96467],[145.62958,-37.96263],[145.62518,-37.95994],[145.62295,-37.95961],[145.62053,-37.95849],[145.61906,-37.96182],[145.61762,-37.96084],[145.6154,-37.9618],[145.61517,-37.96306],[145.61348,-37.96332],[145.61043,-37.96563],[145.6077,-37.96511],[145.6043,-37.9671],[145.60333,-37.96883],[145.60373,-37.97007],[145.60686,-37.97172],[145.60865,-37.97223],[145.61072,-37.97376],[145.61307,-37.97477],[145.61677,-37.97732],[145.61967,-37.97661],[145.6221,-37.97845],[145.62348,-37.98004],[145.62291,-37.98104],[145.61856,-37.9831],[145.61108,-37.98372],[145.60861,-37.98254],[145.60356,-37.98379],[145.59951,-37.984],[145.59685,-37.98573],[145.58694,-37.98454],[145.5836,-38.00486],[145.57294,-38.00519],[145.57286,-38.00459],[145.56916,-38.00468],[145.56691,-38.00561],[145.56665,-38.00735],[145.56142,-38.00827],[145.55775,-38.00973],[145.55901,-38.01314],[145.558,-38.01514],[145.55534,-38.01871],[145.55266,-38.0213],[145.54913,-38.02173],[145.54799,-38.02281],[145.548,-38.0248],[145.54503,-38.02684],[145.5442,-38.02901],[145.5425,-38.02989],[145.53967,-38.03241],[145.53901,-38.034],[145.53573,-38.03632],[145.53611,-38.03913],[145.53486,-38.04502],[145.53055,-38.04865],[145.52732,-38.06414],[145.52184,-38.06517],[145.51995,-38.07379],[145.53056,-38.07513],[145.52851,-38.08479],[145.53591,-38.08578],[145.53406,-38.09504],[145.54479,-38.09643],[145.54189,-38.11093],[145.53954,-38.12209],[145.54386,-38.12151],[145.54841,-38.11863],[145.54978,-38.11868],[145.54619,-38.13576],[145.54577,-38.13571],[145.5419,-38.15483],[145.54118,-38.15498],[145.54288,-38.15965],[145.57697,-38.15208],[145.57869,-38.15683],[145.5894,-38.16327],[145.59087,-38.16174],[145.6466,-38.1688],[145.68246,-38.17328],[145.67879,-38.19201],[145.69086,-38.1934],[145.68893,-38.20455],[145.70859,-38.20692],[145.71022,-38.2069],[145.70946,-38.21096],[145.71647,-38.21181],[145.7147,-38.2214],[145.71626,-38.22159],[145.71289,-38.23966],[145.71488,-38.23909],[145.71253,-38.25176],[145.71539,-38.25147],[145.71912,-38.24939],[145.72186,-38.24972],[145.72452,-38.24917],[145.7255,-38.25005],[145.72739,-38.25013],[145.73145,-38.25106],[145.73366,-38.24954],[145.73636,-38.24898],[145.73419,-38.26198],[145.73295,-38.2686],[145.73654,-38.26887],[145.7354,-38.27457]]]},"properties":{"district":"Narracan"}},{"type":"Feature","geometry":{"type":"Polygon","coordinates":[[[145.24858,-38.0187],[145.25315,-38.01942],[145.25724,-38.02113],[145.25927,-38.02132],[145.26411,-38.02052],[145.26768,-38.02148],[145.27332,-38.02466],[145.27514,-38.02646],[145.27717,-38.02747],[145.2792,-38.0274],[145.28592,-38.02533],[145.28889,-38.02473],[145.29199,-38.02534],[145.29356,-38.02742],[145.2969,-38.02972],[145.29907,-38.03063],[145.29974,-38.03161],[145.29838,-38.03461],[145.29817,-38.0372],[145.3001,-38.03959],[145.30161,-38.0427],[145.30811,-38.04551],[145.31837,-38.04582],[145.31985,-38.0453],[145.32215,-38.04306],[145.32288,-38.03868],[145.33112,-38.03968],[145.33143,-38.03945],[145.3207,-38.02807],[145.32798,-38.02903],[145.32785,-38.02748],[145.32609,-38.02628],[145.32962,-38.00839],[145.33156,-38.00669],[145.33605,-38.00682],[145.33753,-37.99982],[145.34163,-38.00032],[145.34489,-37.99798],[145.34649,-37.99616],[145.35058,-37.99408],[145.35019,-37.9919],[145.35197,-37.98983],[145.35385,-37.98097],[145.36044,-37.97525],[145.36099,-37.97205],[145.35796,-37.97129],[145.31956,-37.96648],[145.31775,-37.9668],[145.317,-37.96784],[145.30102,-37.96585],[145.29336,-37.96398],[145.28903,-37.96283],[145.28201,-37.96194],[145.27735,-37.95989],[145.26341,-37.95816],[145.26108,-37.97157],[145.25879,-37.97367],[145.2578,-37.97618],[145.25723,-37.97899],[145.25542,-37.98255],[145.25538,-37.98411],[145.2565,-37.98805],[145.25431,-37.98788],[145.25163,-37.98664],[145.25083,-37.98745],[145.25442,-37.99099],[145.25293,-37.99681],[145.25187,-38.0049],[145.24858,-38.0187]]]},"properties":{"district":"Narre Warren North"}},{"type":"Feature","geometry":{"type":"Polygon","coordinates":[[[145.38023,-38.06833],[145.37588,-38.066],[145.3702,-38.06211],[145.36068,-38.05348],[145.35777,-38.05163],[145.35428,-38.05014],[145.34597,-38.04733],[145.33616,-38.0427],[145.33143,-38.03945],[145.33112,-38.03968],[145.32288,-38.03868],[145.32215,-38.04306],[145.31985,-38.0453],[145.31837,-38.04582],[145.30811,-38.04551],[145.30161,-38.0427],[145.3001,-38.03959],[145.29817,-38.0372],[145.29838,-38.03461],[145.29974,-38.03161],[145.29907,-38.03063],[145.2969,-38.02972],[145.29356,-38.02742],[145.29199,-38.02534],[145.28889,-38.02473],[145.28592,-38.02533],[145.2792,-38.0274],[145.27717,-38.02747],[145.27514,-38.02646],[145.27332,-38.02466],[145.26768,-38.02148],[145.26411,-38.02052],[145.25927,-38.02132],[145.25724,-38.02113],[145.25315,-38.01942],[145.24858,-38.0187],[145.24835,-38.02076],[145.2467,-38.02729],[145.24697,-38.03623],[145.24906,-38.038],[145.26205,-38.05711],[145.26616,-38.06595],[145.29073,-38.06886],[145.29525,-38.07151],[145.29783,-38.0718],[145.29823,-38.06978],[145.33534,-38.07451],[145.37646,-38.07959],[145.37736,-38.07377],[145.37836,-38.07243],[145.37882,-38.07043],[145.38141,-38.07008],[145.38023,-38.06833]]]},"properties":{"district":"Narre Warren South"}},{"type":"Feature","geometry":{"type":"Polygon","coordinates":[[[145.14557,-38.32409],[145.10224,-38.32412],[145.09195,-38.32408],[145.08829,-38.31626],[145.08492,-38.31108],[145.06466,-38.30872],[145.03951,-38.30572],[145.00001,-38.30107],[144.99903,-38.30113],[144.98744,-38.29977],[144.98966,-38.30078],[144.99168,-38.30397],[144.99341,-38.30445],[144.99411,-38.30632],[144.99317,-38.30964],[144.99139,-38.31297],[144.98976,-38.31519],[144.98675,-38.31841],[144.98157,-38.32259],[144.97644,-38.32578],[144.97078,-38.32854],[144.96848,-38.33018],[144.96519,-38.33119],[144.95908,-38.33446],[144.95519,-38.33588],[144.95364,-38.33693],[144.94983,-38.33841],[144.94668,-38.33927],[144.93876,-38.34228],[144.93115,-38.34566],[144.92787,-38.34731],[144.92337,-38.34918],[144.9186,-38.35043],[144.91731,-38.35105],[144.90959,-38.3528],[144.90732,-38.35311],[144.90551,-38.35397],[144.89462,-38.35676],[144.88982,-38.3583],[144.88588,-38.35916],[144.88346,-38.36009],[144.87865,-38.36103],[144.86758,-38.36476],[144.8602,-38.36693],[144.85589,-38.36764],[144.8493,-38.36913],[144.84091,-38.37025],[144.82791,-38.37049],[144.82036,-38.36963],[144.81569,-38.36887],[144.81201,-38.36774],[144.81076,-38.36659],[144.80916,-38.36658],[144.79927,-38.36496],[144.78644,-38.36223],[144.78353,-38.36128],[144.77689,-38.35996],[144.77401,-38.35904],[144.7718,-38.35762],[144.76946,-38.35729],[144.76629,-38.35576],[144.76364,-38.35384],[144.76252,-38.35203],[144.76255,-38.35019],[144.76348,-38.34826],[144.76104,-38.34753],[144.75917,-38.34622],[144.75861,-38.345],[144.75512,-38.34417],[144.75056,-38.34262],[144.74652,-38.34027],[144.74463,-38.33853],[144.74416,-38.33599],[144.74239,-38.33414],[144.74012,-38.33259],[144.73953,-38.33073],[144.73991,-38.32734],[144.73878,-38.32655],[144.73914,-38.32468],[144.73559,-38.32399],[144.73474,-38.3229],[144.72305,-38.32044],[144.721,-38.31963],[144.71944,-38.31806],[144.71804,-38.31772],[144.71586,-38.31883],[144.71343,-38.31901],[144.70801,-38.31791],[144.70485,-38.31674],[144.70546,-38.3158],[144.70293,-38.31484],[144.69897,-38.3128],[144.69295,-38.31113],[144.68784,-38.30909],[144.6847,-38.30703],[144.67981,-38.30507],[144.67488,-38.30574],[144.67009,-38.3071],[144.66733,-38.30816],[144.66518,-38.30718],[144.66262,-38.30746],[144.66019,-38.30695],[144.65701,-38.30529],[144.65521,-38.30521],[144.65358,-38.30296],[144.65121,-38.30228],[144.65175,-38.30407],[144.65663,-38.30683],[144.6575,-38.3079],[144.65939,-38.30834],[144.66318,-38.31142],[144.66559,-38.31204],[144.67116,-38.31652],[144.67318,-38.31717],[144.67445,-38.31932],[144.67756,-38.31946],[144.67985,-38.32108],[144.68209,-38.3221],[144.68467,-38.32495],[144.68855,-38.32602],[144.68918,-38.3277],[144.6916,-38.32872],[144.69333,-38.33026],[144.6971,-38.33156],[144.7003,-38.33363],[144.70743,-38.33666],[144.71223,-38.33915],[144.71946,-38.34333],[144.72287,-38.3446],[144.72544,-38.34637],[144.72758,-38.34634],[144.72871,-38.34756],[144.73031,-38.34779],[144.73296,-38.35133],[144.73598,-38.35229],[144.73563,-38.35339],[144.73846,-38.35307],[144.74044,-38.35435],[144.74328,-38.35769],[144.74379,-38.35936],[144.74739,-38.36053],[144.75298,-38.36436],[144.75346,-38.36588],[144.75284,-38.36693],[144.75659,-38.3682],[144.76219,-38.37224],[144.76393,-38.37297],[144.76422,-38.37477],[144.76635,-38.37394],[144.76742,-38.37434],[144.7676,-38.37617],[144.77031,-38.3783],[144.77414,-38.38033],[144.77564,-38.38226],[144.7774,-38.38302],[144.78215,-38.38712],[144.78387,-38.38784],[144.78445,-38.38927],[144.78749,-38.38989],[144.78835,-38.39186],[144.79121,-38.39321],[144.79382,-38.39539],[144.79626,-38.39807],[144.8014,-38.40145],[144.80401,-38.40393],[144.8066,-38.40559],[144.80808,-38.40724],[144.81239,-38.41007],[144.81854,-38.41595],[144.8231,-38.41861],[144.82462,-38.42007],[144.82834,-38.42259],[144.83182,-38.42617],[144.83751,-38.42966],[144.83909,-38.43133],[144.84257,-38.43418],[144.84882,-38.44066],[144.85053,-38.44164],[144.85115,-38.44322],[144.8525,-38.44447],[144.85464,-38.44485],[144.85922,-38.44931],[144.86395,-38.45295],[144.86618,-38.45551],[144.86861,-38.45753],[144.87167,-38.45932],[144.87294,-38.46071],[144.87389,-38.46306],[144.87643,-38.46637],[144.87698,-38.46762],[144.87926,-38.47003],[144.882,-38.47228],[144.88475,-38.47619],[144.88676,-38.47761],[144.88514,-38.48069],[144.8852,-38.48242],[144.88425,-38.48707],[144.88533,-38.48722],[144.88367,-38.49108],[144.88503,-38.49378],[144.88688,-38.49432],[144.88586,-38.49655],[144.88718,-38.49741],[144.88676,-38.49912],[144.88826,-38.49985],[144.89067,-38.49821],[144.88889,-38.4972],[144.89199,-38.4931],[144.89538,-38.49167],[144.89699,-38.4922],[144.89863,-38.49142],[144.90141,-38.49179],[144.90362,-38.49059],[144.90591,-38.49134],[144.9111,-38.48943],[144.91401,-38.49026],[144.91475,-38.49098],[144.91356,-38.49256],[144.91398,-38.49394],[144.91942,-38.4948],[144.91787,-38.49622],[144.91865,-38.49751],[144.92279,-38.49774],[144.92439,-38.49939],[144.92595,-38.49766],[144.92594,-38.49671],[144.92792,-38.49606],[144.92881,-38.49664],[144.93145,-38.4961],[144.93372,-38.49641],[144.93673,-38.4975],[144.938,-38.49703],[144.93766,-38.49525],[144.94012,-38.49608],[144.94284,-38.49539],[144.94323,-38.49361],[144.94251,-38.49073],[144.94544,-38.49098],[144.94855,-38.4903],[144.9492,-38.48915],[144.95087,-38.48894],[144.95303,-38.48996],[144.95543,-38.48884],[144.95761,-38.48868],[144.9595,-38.48703],[144.96113,-38.48765],[144.96418,-38.48678],[144.96723,-38.48713],[144.97071,-38.48795],[144.97105,-38.48969],[144.97435,-38.49111],[144.97567,-38.49114],[144.97969,-38.48984],[144.9796,-38.48862],[144.98288,-38.4876],[144.98332,-38.48612],[144.98496,-38.48565],[144.9866,-38.48636],[144.98983,-38.4847],[144.99206,-38.48526],[144.99373,-38.48645],[144.99695,-38.48433],[144.99951,-38.48414],[145.00673,-38.48131],[145.00796,-38.48167],[145.01091,-38.48082],[145.01177,-38.47989],[145.01381,-38.48037],[145.01701,-38.48332],[145.01833,-38.48376],[145.02631,-38.48311],[145.03021,-38.48533],[145.03114,-38.48706],[145.0333,-38.48536],[145.03061,-38.48326],[145.02976,-38.48181],[145.02826,-38.48176],[145.02678,-38.47996],[145.02594,-38.47613],[145.02713,-38.4728],[145.02994,-38.47043],[145.03188,-38.46682],[145.03419,-38.46444],[145.03301,-38.45923],[145.03468,-38.45862],[145.03451,-38.4564],[145.03716,-38.45348],[145.03886,-38.45234],[145.03864,-38.45114],[145.03954,-38.44899],[145.04206,-38.44779],[145.04246,-38.44541],[145.04068,-38.44607],[145.04036,-38.44417],[145.04357,-38.44235],[145.04417,-38.44092],[145.04746,-38.43946],[145.0451,-38.43834],[145.04581,-38.43624],[145.04861,-38.43432],[145.04886,-38.43237],[145.05105,-38.4295],[145.05367,-38.429],[145.05725,-38.42961],[145.06043,-38.42705],[145.06484,-38.42554],[145.06986,-38.42449],[145.07219,-38.42467],[145.07489,-38.42548],[145.07647,-38.42538],[145.07868,-38.42392],[145.07876,-38.42275],[145.07666,-38.42235],[145.07682,-38.42059],[145.07781,-38.41808],[145.08175,-38.41329],[145.08364,-38.41146],[145.0893,-38.40819],[145.09119,-38.40586],[145.09398,-38.40353],[145.09733,-38.4021],[145.10283,-38.40147],[145.10555,-38.40166],[145.10781,-38.40071],[145.11199,-38.40087],[145.11444,-38.39853],[145.1155,-38.39645],[145.12072,-38.39398],[145.12391,-38.39424],[145.12716,-38.39107],[145.13026,-38.39005],[145.1334,-38.38985],[145.13751,-38.39065],[145.14208,-38.39247],[145.14488,-38.39283],[145.1484,-38.39228],[145.15651,-38.39391],[145.15764,-38.39469],[145.16205,-38.39552],[145.16502,-38.39657],[145.16853,-38.39697],[145.16966,-38.39643],[145.17316,-38.39641],[145.17807,-38.39768],[145.1828,-38.39837],[145.19214,-38.4014],[145.19624,-38.39283],[145.19392,-38.3921],[145.18692,-38.38815],[145.18104,-38.38637],[145.1691,-38.3606],[145.15524,-38.36008],[145.14669,-38.36061],[145.1457,-38.36016],[145.14557,-38.32409]]]},"properties":{"district":"Nepean"}},{"type":"Feature","geometry":{"type":"Polygon","coordinates":[[[144.89081,-37.7101],[144.88691,-37.71154],[144.8718,-37.72034],[144.86793,-37.72381],[144.86376,-37.72151],[144.86006,-37.71837],[144.86064,-37.717],[144.85919,-37.71639],[144.85894,-37.71501],[144.85943,-37.71242],[144.84745,-37.71107],[144.84751,-37.71038],[144.83804,-37.70932],[144.83828,-37.70594],[144.83685,-37.70545],[144.83525,-37.70334],[144.83416,-37.70329],[144.831,-37.70536],[144.8301,-37.70685],[144.82733,-37.70625],[144.82808,-37.70448],[144.82514,-37.70336],[144.82537,-37.70106],[144.82812,-37.70072],[144.82491,-37.69836],[144.82265,-37.69833],[144.82137,-37.69914],[144.81994,-37.69877],[144.81825,-37.69948],[144.81414,-37.69945],[144.81196,-37.6991],[144.80742,-37.69898],[144.81048,-37.70119],[144.80443,-37.7023],[144.80193,-37.70186],[144.80197,-37.70517],[144.80373,-37.70818],[144.80405,-37.70953],[144.80376,-37.7133],[144.81869,-37.71507],[144.8199,-37.71656],[144.81897,-37.72107],[144.82295,-37.7248],[144.82524,-37.72661],[144.82817,-37.72802],[144.82979,-37.73004],[144.82865,-37.73259],[144.82984,-37.73423],[144.83278,-37.73488],[144.83657,-37.73439],[144.83745,-37.73548],[144.83705,-37.73685],[144.83296,-37.73995],[144.8339,-37.74161],[144.83703,-37.74131],[144.8384,-37.74263],[144.83935,-37.74696],[144.84106,-37.74744],[144.84517,-37.74662],[144.84671,-37.7479],[144.84847,-37.75125],[144.84954,-37.75441],[144.84943,-37.75621],[144.8484,-37.7589],[144.84896,-37.7609],[144.85219,-37.7622],[144.85354,-37.76225],[144.85427,-37.76447],[144.85297,-37.76713],[144.85142,-37.76819],[144.85126,-37.76977],[144.85182,-37.7723],[144.85387,-37.77396],[144.85838,-37.77598],[144.86071,-37.77615],[144.86411,-37.77417],[144.86519,-37.77228],[144.86676,-37.77209],[144.8716,-37.77276],[144.8744,-37.7709],[144.87443,-37.7691],[144.87065,-37.7664],[144.87292,-37.76175],[144.87824,-37.75919],[144.88113,-37.75636],[144.88265,-37.75583],[144.88524,-37.75603],[144.88568,-37.75672],[144.88438,-37.75916],[144.88416,-37.76067],[144.88524,-37.76172],[144.88937,-37.76206],[144.89321,-37.76554],[144.89455,-37.76574],[144.89669,-37.76487],[144.90042,-37.76483],[144.90157,-37.76541],[144.9022,-37.76473],[144.90574,-37.76512],[144.90587,-37.76329],[144.90732,-37.75599],[144.89801,-37.75488],[144.90051,-37.74059],[144.89252,-37.7374],[144.89295,-37.73455],[144.89119,-37.73392],[144.8901,-37.73182],[144.89135,-37.7255],[144.89244,-37.71751],[144.8925,-37.71488],[144.89081,-37.7101]]]},"properties":{"district":"Niddrie"}},{"type":"Feature","geometry":{"type":"Polygon","coordinates":[[[144.99219,-37.78267],[144.99397,-37.78339],[144.99636,-37.7852],[144.99854,-37.78556],[145.00167,-37.78316],[145.00357,-37.7836],[145.00504,-37.78544],[145.00807,-37.78688],[145.00842,-37.78907],[145.00574,-37.79108],[145.00513,-37.79233],[145.00128,-37.79445],[145.00195,-37.79669],[145.00402,-37.79622],[145.00489,-37.79811],[145.00796,-37.7964],[145.00888,-37.79756],[145.00707,-37.79841],[145.0067,-37.80072],[145.00756,-37.80089],[145.01146,-37.79904],[145.01473,-37.80006],[145.01536,-37.80194],[145.01642,-37.80297],[145.01931,-37.80367],[145.02094,-37.80242],[145.01856,-37.80047],[145.02073,-37.79826],[145.01751,-37.79723],[145.01766,-37.79542],[145.01401,-37.794],[145.01434,-37.79209],[145.01914,-37.79286],[145.01959,-37.79228],[145.01644,-37.78864],[145.01332,-37.7863],[145.01365,-37.78557],[145.01687,-37.78597],[145.02133,-37.78696],[145.02258,-37.78649],[145.02835,-37.78692],[145.02968,-37.78866],[145.03196,-37.78996],[145.04051,-37.78976],[145.04166,-37.78781],[145.04358,-37.78659],[145.0451,-37.78465],[145.04467,-37.78399],[145.04099,-37.78546],[145.0402,-37.78422],[145.03797,-37.7833],[145.03707,-37.7823],[145.03838,-37.78045],[145.03608,-37.7789],[145.03453,-37.77898],[145.03499,-37.7765],[145.03593,-37.77501],[145.0341,-37.77262],[145.03681,-37.77257],[145.03684,-37.77065],[145.03536,-37.77027],[145.03227,-37.77065],[145.03144,-37.76854],[145.03163,-37.76733],[145.03054,-37.76491],[145.02804,-37.76411],[145.02792,-37.76251],[145.02994,-37.75995],[145.02903,-37.75804],[145.03146,-37.7574],[145.03222,-37.75643],[145.03061,-37.75471],[145.03171,-37.75296],[145.03152,-37.75069],[145.03328,-37.74889],[145.03195,-37.74843],[145.00866,-37.74572],[144.98564,-37.74347],[144.97979,-37.74276],[144.9819,-37.74527],[144.98022,-37.74631],[144.98139,-37.74877],[144.98059,-37.74989],[144.98179,-37.75187],[144.9792,-37.75426],[144.98028,-37.75788],[144.98302,-37.76136],[144.98158,-37.76312],[144.98367,-37.76384],[144.98538,-37.76583],[144.98455,-37.7672],[144.98413,-37.76989],[144.98441,-37.77117],[144.98854,-37.77509],[144.98852,-37.77641],[144.98977,-37.77788],[144.9903,-37.7798],[144.99194,-37.78031],[144.99219,-37.78267]]]},"properties":{"district":"Northcote"}},{"type":"Feature","geometry":{"type":"Polygon","coordinates":[[[145.07618,-37.90838],[145.08524,-37.90951],[145.1271,-37.9144],[145.13177,-37.91728],[145.15592,-37.93245],[145.15667,-37.92829],[145.15802,-37.92267],[145.15998,-37.91102],[145.16141,-37.90354],[145.15311,-37.90265],[145.14899,-37.89782],[145.14698,-37.89599],[145.14475,-37.89477],[145.14192,-37.89396],[145.12278,-37.89185],[145.11953,-37.89119],[145.11699,-37.89018],[145.11326,-37.88806],[145.10822,-37.88648],[145.09599,-37.88464],[145.09249,-37.88371],[145.09023,-37.88271],[145.08823,-37.89298],[145.0853,-37.89246],[145.0834,-37.89116],[145.0804,-37.88797],[145.07197,-37.88489],[145.06998,-37.8846],[145.06271,-37.88466],[145.05372,-37.88334],[145.05145,-37.8826],[145.04964,-37.88103],[145.0448,-37.88969],[145.0461,-37.89338],[145.04392,-37.90444],[145.06176,-37.90667],[145.07618,-37.90838]]]},"properties":{"district":"Oakleigh"}},{"type":"Feature","geometry":{"type":"Polygon","coordinates":[[[146.17686,-36.034],[146.17669,-36.03211],[146.17845,-36.02934],[146.17805,-36.02753],[146.17536,-36.0248],[146.17442,-36.02255],[146.17461,-36.021],[146.17324,-36.01931],[146.16853,-36.02223],[146.16571,-36.02301],[146.16297,-36.02427],[146.15967,-36.02375],[146.1573,-36.02133],[146.15627,-36.02175],[146.15481,-36.02517],[146.15213,-36.02433],[146.14814,-36.022],[146.14651,-36.02046],[146.1458,-36.01784],[146.14651,-36.01411],[146.14385,-36.01444],[146.1418,-36.01661],[146.13978,-36.01748],[146.13743,-36.01771],[146.13521,-36.01933],[146.13284,-36.01996],[146.1315,-36.01908],[146.13159,-36.01631],[146.1331,-36.0148],[146.13207,-36.01157],[146.1335,-36.00946],[146.13693,-36.00923],[146.13984,-36.00978],[146.14061,-36.00826],[146.14015,-36.0071],[146.13624,-36.00296],[146.13349,-36.00252],[146.13155,-36.00337],[146.13076,-36.00472],[146.13083,-36.0066],[146.12933,-36.00848],[146.12573,-36.01007],[146.12473,-36.01375],[146.12289,-36.01506],[146.12004,-36.01427],[146.11887,-36.01536],[146.12018,-36.01724],[146.11847,-36.01803],[146.11327,-36.01544],[146.10922,-36.01557],[146.10769,-36.01348],[146.10792,-36.01185],[146.10989,-36.01014],[146.11257,-36.00901],[146.11318,-36.00752],[146.11216,-36.00647],[146.10685,-36.00727],[146.10468,-36.00818],[146.10351,-36.01108],[146.10174,-36.01279],[146.09838,-36.01264],[146.09497,-36.01101],[146.09366,-36.0093],[146.09147,-36.00931],[146.09003,-36.01021],[146.0888,-36.01245],[146.08956,-36.01338],[146.09199,-36.01403],[146.09472,-36.0153],[146.09648,-36.01733],[146.09557,-36.02003],[146.09245,-36.02113],[146.09007,-36.02038],[146.08869,-36.01879],[146.08571,-36.01957],[146.08416,-36.01922],[146.08142,-36.01745],[146.08008,-36.01732],[146.07822,-36.01823],[146.07621,-36.01797],[146.07523,-36.01587],[146.07532,-36.01345],[146.07405,-36.00996],[146.07236,-36.01038],[146.07331,-36.01267],[146.0727,-36.01501],[146.06942,-36.01595],[146.06676,-36.01463],[146.06478,-36.01461],[146.06143,-36.01561],[146.05837,-36.01402],[146.05682,-36.01116],[146.05692,-36.00818],[146.05662,-36.00425],[146.05615,-36.00256],[146.0562,-35.999],[146.05374,-35.99582],[146.05246,-35.99514],[146.0505,-35.99577],[146.05133,-35.99867],[146.05134,-36.00106],[146.05014,-36.0024],[146.04693,-36.00272],[146.04609,-36.00226],[146.04366,-35.99935],[146.04129,-35.99977],[146.03968,-36.00163],[146.038,-36.00088],[146.03601,-35.99854],[146.03536,-35.99595],[146.03311,-35.99543],[146.03177,-35.99636],[146.03118,-35.99786],[146.02873,-35.99867],[146.02604,-35.9978],[146.02404,-35.99918],[146.0223,-35.99968],[146.02017,-36.00186],[146.0198,-36.00356],[146.01744,-36.00676],[146.01634,-36.00766],[146.01425,-36.00768],[146.01182,-36.0063],[146.01056,-36.00444],[146.00831,-36.00311],[146.0063,-36.00339],[146.00399,-36.00498],[146.00162,-36.00815],[145.9979,-36.00993],[145.99007,-36.01283],[145.98657,-36.01322],[145.98135,-36.01149],[145.97944,-36.00966],[145.97694,-36.00931],[145.97524,-36.01049],[145.97508,-36.01401],[145.97437,-36.01539],[145.97207,-36.01575],[145.97039,-36.01475],[145.96942,-36.01304],[145.97058,-36.01088],[145.97274,-36.00956],[145.97409,-36.00813],[145.97299,-36.00701],[145.9701,-36.00522],[145.96669,-36.00649],[145.964,-36.0087],[145.96227,-36.00951],[145.96051,-36.00911],[145.95882,-36.00768],[145.95839,-36.00619],[145.95909,-36.00372],[145.96258,-35.99959],[145.96465,-35.99783],[145.96408,-35.99581],[145.96182,-35.99613],[145.95933,-35.99572],[145.95776,-35.99476],[145.95583,-35.99263],[145.95323,-35.99274],[145.95241,-35.99224],[145.95257,-35.98482],[145.95211,-35.9836],[145.94986,-35.98313],[145.94762,-35.98526],[145.94567,-35.98396],[145.94513,-35.98061],[145.94622,-35.97912],[145.95,-35.97919],[145.95101,-35.9785],[145.9513,-35.97626],[145.95063,-35.97467],[145.94757,-35.97101],[145.9444,-35.96932],[145.94432,-35.9668],[145.94577,-35.96512],[145.94842,-35.96439],[145.95046,-35.96529],[145.95363,-35.96527],[145.95491,-35.96314],[145.95397,-35.96182],[145.95207,-35.96099],[145.94547,-35.96159],[145.94365,-35.96284],[145.94175,-35.96549],[145.94023,-35.96643],[145.93886,-35.96858],[145.93528,-35.96978],[145.93537,-35.97205],[145.93349,-35.9732],[145.93054,-35.97295],[145.92884,-35.97392],[145.92645,-35.97347],[145.92564,-35.97263],[145.92534,-35.97069],[145.92598,-35.96952],[145.92815,-35.96818],[145.92863,-35.96702],[145.92721,-35.96513],[145.92303,-35.96421],[145.91967,-35.96471],[145.91493,-35.96435],[145.91426,-35.96522],[145.9153,-35.96824],[145.91463,-35.96958],[145.91247,-35.96907],[145.91184,-35.96753],[145.90802,-35.96536],[145.9066,-35.96302],[145.90501,-35.96401],[145.90474,-35.96809],[145.90333,-35.96916],[145.90066,-35.96548],[145.90007,-35.96341],[145.90107,-35.96113],[145.90416,-35.95955],[145.90716,-35.95925],[145.91005,-35.95705],[145.9096,-35.95463],[145.90762,-35.95367],[145.90361,-35.95266],[145.90044,-35.95257],[145.89872,-35.95309],[145.89339,-35.95346],[145.89214,-35.95442],[145.89128,-35.95641],[145.88981,-35.9573],[145.88808,-35.95715],[145.88579,-35.95553],[145.88458,-35.95541],[145.88329,-35.95725],[145.88026,-35.95781],[145.87823,-35.95687],[145.87678,-35.95545],[145.87498,-35.95528],[145.86997,-35.95582],[145.86804,-35.95749],[145.86492,-35.95864],[145.86347,-35.95873],[145.86181,-35.96013],[145.85908,-35.96075],[145.85594,-35.95957],[145.85443,-35.95969],[145.85285,-35.9609],[145.85298,-35.9625],[145.85425,-35.96497],[145.85235,-35.96714],[145.84872,-35.96789],[145.8485,-35.96921],[145.85069,-35.96944],[145.858,-35.97082],[145.85992,-35.97211],[145.85938,-35.97474],[145.855,-35.97666],[145.85283,-35.9765],[145.85113,-35.9755],[145.84878,-35.97318],[145.8455,-35.97366],[145.84462,-35.97467],[145.84582,-35.97675],[145.84832,-35.97792],[145.84906,-35.98046],[145.8478,-35.98217],[145.84531,-35.98306],[145.84205,-35.98287],[145.83885,-35.98336],[145.83703,-35.98293],[145.83612,-35.98184],[145.83638,-35.9769],[145.83515,-35.97641],[145.83187,-35.9769],[145.82744,-35.97533],[145.82469,-35.97841],[145.82589,-35.98005],[145.82822,-35.98004],[145.8293,-35.98079],[145.82921,-35.98225],[145.82575,-35.9845],[145.82242,-35.98443],[145.81904,-35.98245],[145.81626,-35.98282],[145.81089,-35.98443],[145.80899,-35.9843],[145.80662,-35.98275],[145.80412,-35.9835],[145.80141,-35.98376],[145.79942,-35.98288],[145.79512,-35.98363],[145.79342,-35.98286],[145.79273,-35.98125],[145.79322,-35.97863],[145.79256,-35.97531],[145.79325,-35.97295],[145.79153,-35.97268],[145.78993,-35.97476],[145.78738,-35.9752],[145.78442,-35.9719],[145.77835,-35.97295],[145.77701,-35.97259],[145.7768,-35.97084],[145.77854,-35.96923],[145.77862,-35.96697],[145.78151,-35.96458],[145.78151,-35.96278],[145.77842,-35.96016],[145.776,-35.96082],[145.77416,-35.96234],[145.76802,-35.96315],[145.76693,-35.96639],[145.76543,-35.96663],[145.76379,-35.96547],[145.7634,-35.96199],[145.75828,-35.95821],[145.75708,-35.95793],[145.75609,-35.95979],[145.75424,-35.96135],[145.74881,-35.9631],[145.74691,-35.96423],[145.74431,-35.96367],[145.74337,-35.96133],[145.74452,-35.95979],[145.74361,-35.95911],[145.73916,-35.95907],[145.73364,-35.96037],[145.73176,-35.9596],[145.73006,-35.95801],[145.7322,-35.95579],[145.73613,-35.95538],[145.7368,-35.95447],[145.73436,-35.95136],[145.73137,-35.95091],[145.72837,-35.95192],[145.72663,-35.95356],[145.72442,-35.95423],[145.72318,-35.95365],[145.72124,-35.95132],[145.71831,-35.95126],[145.71611,-35.95002],[145.71546,-35.94814],[145.71741,-35.94501],[145.7198,-35.94394],[145.72178,-35.94417],[145.7252,-35.94638],[145.72672,-35.94624],[145.7272,-35.94507],[145.72561,-35.94143],[145.72375,-35.93992],[145.72223,-35.93778],[145.72118,-35.93506],[145.71922,-35.93501],[145.71867,-35.9361],[145.71543,-35.93747],[145.71316,-35.9371],[145.71044,-35.93521],[145.70902,-35.93278],[145.70745,-35.93224],[145.70542,-35.93272],[145.70144,-35.9363],[145.69909,-35.93716],[145.69714,-35.93641],[145.69585,-35.93441],[145.69753,-35.92975],[145.69541,-35.92711],[145.6957,-35.92571],[145.69857,-35.92468],[145.70207,-35.92665],[145.7034,-35.92522],[145.70229,-35.92341],[145.69768,-35.92077],[145.69592,-35.92048],[145.68814,-35.92337],[145.68641,-35.92578],[145.68747,-35.92795],[145.68742,-35.92986],[145.68457,-35.93074],[145.68166,-35.92971],[145.67932,-35.92693],[145.67802,-35.92627],[145.6737,-35.92587],[145.67344,-35.92319],[145.67482,-35.92185],[145.67787,-35.9204],[145.67941,-35.91862],[145.67927,-35.91748],[145.67792,-35.91654],[145.6758,-35.91723],[145.67517,-35.91817],[145.67075,-35.92022],[145.66891,-35.91927],[145.66835,-35.91808],[145.66897,-35.9143],[145.66833,-35.91266],[145.66635,-35.91263],[145.66313,-35.9134],[145.66148,-35.91241],[145.65866,-35.90214],[145.65761,-35.90089],[145.65552,-35.90026],[145.65223,-35.90012],[145.65024,-35.89894],[145.64851,-35.89454],[145.64739,-35.89323],[145.6461,-35.89316],[145.64389,-35.89453],[145.64132,-35.89489],[145.63952,-35.89404],[145.63651,-35.88915],[145.63248,-35.88869],[145.63144,-35.88758],[145.63147,-35.88459],[145.63037,-35.88107],[145.62846,-35.87983],[145.62618,-35.87975],[145.62424,-35.87884],[145.6256,-35.87731],[145.6277,-35.87666],[145.6276,-35.87453],[145.62539,-35.87341],[145.62351,-35.87328],[145.62119,-35.87409],[145.61877,-35.87561],[145.61639,-35.87539],[145.61537,-35.87455],[145.61498,-35.87249],[145.61665,-35.87042],[145.61959,-35.86886],[145.62282,-35.86832],[145.6264,-35.86829],[145.62865,-35.86773],[145.62867,-35.86542],[145.62623,-35.8625],[145.62501,-35.86204],[145.61476,-35.86533],[145.61313,-35.86658],[145.61122,-35.86966],[145.60978,-35.87038],[145.60774,-35.87038],[145.60531,-35.86933],[145.60297,-35.86777],[145.6015,-35.86836],[145.60231,-35.87098],[145.60443,-35.87287],[145.60542,-35.87448],[145.60394,-35.87543],[145.60049,-35.87462],[145.59962,-35.87345],[145.59606,-35.8707],[145.59512,-35.8675],[145.59616,-35.8651],[145.59811,-35.86288],[145.59757,-35.86115],[145.59628,-35.86075],[145.59307,-35.86121],[145.58984,-35.8625],[145.58747,-35.86223],[145.58648,-35.86096],[145.5881,-35.85767],[145.59238,-35.85599],[145.59332,-35.85367],[145.59376,-35.85016],[145.59234,-35.84863],[145.59065,-35.84907],[145.58777,-35.84858],[145.58296,-35.84859],[145.58057,-35.84774],[145.57988,-35.84519],[145.57686,-35.84251],[145.5765,-35.84036],[145.57549,-35.83857],[145.57367,-35.83759],[145.57093,-35.83736],[145.56907,-35.83431],[145.56643,-35.83376],[145.56403,-35.83419],[145.56333,-35.83284],[145.56455,-35.8306],[145.56773,-35.82819],[145.56761,-35.82693],[145.56522,-35.82586],[145.56312,-35.82653],[145.56181,-35.82801],[145.55974,-35.82904],[145.55829,-35.82843],[145.55698,-35.82684],[145.55734,-35.82551],[145.55988,-35.82291],[145.55963,-35.82197],[145.55693,-35.8197],[145.55751,-35.81789],[145.55853,-35.81719],[145.56274,-35.81622],[145.56365,-35.81539],[145.5624,-35.81303],[145.56004,-35.81305],[145.55703,-35.81432],[145.55254,-35.81462],[145.54869,-35.81295],[145.54673,-35.81289],[145.54452,-35.81588],[145.54273,-35.82112],[145.54154,-35.82208],[145.53996,-35.82221],[145.53764,-35.82127],[145.53638,-35.81968],[145.53639,-35.81834],[145.53148,-35.81833],[145.53154,-35.86955],[145.53159,-35.86957],[145.53153,-35.94084],[145.5315,-35.9789],[145.53161,-35.97946],[145.53163,-35.99985],[145.53158,-36.01886],[145.53152,-36.06893],[145.53148,-36.06909],[145.53149,-36.11892],[145.53161,-36.13082],[145.53161,-36.17276],[145.53154,-36.19922],[145.54626,-36.19926],[145.61694,-36.19929],[145.63152,-36.19916],[145.63165,-36.23831],[145.63157,-36.25118],[145.63154,-36.28215],[145.63146,-36.29903],[145.67243,-36.29904],[145.70961,-36.29908],[145.75765,-36.29905],[145.79845,-36.29907],[145.79845,-36.29897],[145.83148,-36.299],[145.86038,-36.29897],[145.9311,-36.29905],[145.95801,-36.29919],[145.99071,-36.29922],[146.03094,-36.29901],[146.0311,-36.2858],[146.0312,-36.26544],[146.0329,-36.26408],[146.0369,-36.25506],[146.05575,-36.25505],[146.08482,-36.25519],[146.1131,-36.25508],[146.13143,-36.25512],[146.13134,-36.26981],[146.13145,-36.28343],[146.14699,-36.29896],[146.14712,-36.29921],[146.16074,-36.2991],[146.16392,-36.29892],[146.16854,-36.29645],[146.17543,-36.29607],[146.18105,-36.2975],[146.18097,-36.31657],[146.18098,-36.33762],[146.18751,-36.33833],[146.18949,-36.3374],[146.19377,-36.33742],[146.19705,-36.33427],[146.20295,-36.34258],[146.20421,-36.34559],[146.20422,-36.36461],[146.20614,-36.36479],[146.20899,-36.36376],[146.21296,-36.35936],[146.21708,-36.35768],[146.21946,-36.35717],[146.21356,-36.39126],[146.2134,-36.39124],[146.21029,-36.40955],[146.2065,-36.41105],[146.20455,-36.41128],[146.20721,-36.41533],[146.21574,-36.43207],[146.21973,-36.43793],[146.21793,-36.43871],[146.22465,-36.44895],[146.21098,-36.45476],[146.19503,-36.46167],[146.19666,-36.46418],[146.19155,-36.46639],[146.18279,-36.4692],[146.18221,-36.4704],[146.17586,-36.4729],[146.18466,-36.48611],[146.19966,-36.49432],[146.20258,-36.4992],[146.20981,-36.5027],[146.20903,-36.50382],[146.20964,-36.50576],[146.20873,-36.50904],[146.20217,-36.50907],[146.20221,-36.51994],[146.19525,-36.52297],[146.19516,-36.54204],[146.1999,-36.54203],[146.19993,-36.56201],[146.19695,-36.56366],[146.19502,-36.5636],[146.19494,-36.58757],[146.20398,-36.5877],[146.20399,-36.58947],[146.21276,-36.58949],[146.21121,-36.59643],[146.21115,-36.59765],[146.21486,-36.59729],[146.21811,-36.5991],[146.22,-36.5989],[146.22533,-36.59964],[146.21926,-36.62595],[146.22165,-36.62651],[146.21817,-36.63011],[146.21616,-36.63886],[146.21276,-36.65486],[146.23518,-36.69725],[146.2348,-36.69916],[146.23604,-36.70041],[146.23513,-36.7032],[146.23065,-36.70918],[146.23167,-36.71102],[146.23098,-36.71671],[146.23224,-36.71667],[146.23275,-36.71834],[146.24476,-36.71981],[146.24473,-36.72094],[146.24794,-36.72375],[146.24784,-36.72496],[146.24951,-36.72628],[146.24911,-36.73025],[146.25032,-36.73166],[146.25004,-36.73459],[146.25057,-36.73575],[146.24998,-36.73744],[146.25128,-36.73839],[146.25239,-36.74216],[146.2545,-36.74329],[146.25201,-36.74637],[146.25019,-36.74807],[146.24974,-36.75145],[146.25095,-36.75329],[146.2511,-36.7546],[146.24912,-36.75564],[146.24645,-36.75768],[146.24337,-36.75833],[146.2445,-36.7621],[146.24396,-36.76383],[146.24439,-36.76606],[146.24316,-36.76891],[146.2413,-36.77143],[146.24234,-36.77232],[146.24198,-36.77414],[146.23977,-36.77705],[146.24184,-36.78261],[146.24398,-36.78559],[146.24576,-36.79013],[146.2456,-36.79191],[146.24694,-36.79397],[146.24659,-36.79602],[146.24769,-36.79826],[146.24751,-36.8023],[146.24825,-36.80337],[146.24766,-36.8053],[146.24758,-36.81119],[146.24794,-36.81361],[146.24733,-36.81607],[146.24832,-36.8192],[146.24877,-36.82221],[146.24809,-36.82331],[146.24854,-36.82724],[146.2497,-36.82938],[146.25111,-36.83841],[146.2512,-36.8414],[146.25028,-36.84523],[146.24746,-36.84685],[146.24654,-36.84828],[146.24543,-36.85282],[146.24512,-36.85757],[146.2435,-36.86038],[146.24306,-36.86453],[146.24295,-36.86863],[146.24334,-36.87203],[146.24456,-36.87378],[146.24635,-36.87501],[146.25037,-36.87689],[146.25383,-36.87964],[146.25323,-36.88272],[146.25351,-36.88346],[146.25895,-36.88702],[146.25926,-36.89069],[146.2578,-36.89329],[146.25795,-36.89588],[146.25611,-36.90007],[146.25533,-36.90595],[146.25655,-36.90676],[146.26008,-36.90641],[146.26201,-36.90719],[146.26254,-36.90824],[146.26424,-36.90888],[146.26879,-36.91199],[146.27174,-36.9111],[146.27295,-36.91162],[146.27362,-36.91347],[146.27588,-36.91725],[146.27581,-36.91848],[146.28042,-36.92291],[146.28044,-36.92506],[146.27878,-36.92493],[146.27741,-36.92838],[146.27713,-36.93143],[146.28067,-36.93457],[146.28558,-36.93556],[146.28757,-36.93488],[146.29002,-36.93595],[146.29013,-36.93769],[146.29196,-36.94029],[146.29447,-36.94244],[146.30339,-36.94717],[146.30516,-36.94772],[146.30959,-36.94689],[146.31151,-36.94809],[146.315,-36.94833],[146.31624,-36.94966],[146.31698,-36.95314],[146.33572,-36.95299],[146.64704,-37.16316],[146.6471,-37.16197],[146.64489,-37.1593],[146.64424,-37.154],[146.64546,-37.15036],[146.6448,-37.14747],[146.64029,-37.14181],[146.64134,-37.13656],[146.63976,-37.1351],[146.63839,-37.13251],[146.63907,-37.13004],[146.63862,-37.1277],[146.64083,-37.12589],[146.64727,-37.12401],[146.64914,-37.12377],[146.65012,-37.1216],[146.65153,-37.12005],[146.65345,-37.12085],[146.655,-37.12227],[146.66064,-37.12288],[146.66452,-37.12378],[146.66599,-37.12497],[146.66766,-37.12895],[146.66906,-37.13026],[146.67222,-37.13059],[146.67459,-37.13332],[146.67736,-37.13388],[146.67801,-37.13539],[146.68138,-37.13698],[146.68199,-37.13882],[146.68226,-37.14173],[146.68125,-37.14286],[146.68455,-37.1451],[146.68963,-37.1457],[146.69167,-37.14837],[146.69391,-37.15015],[146.69973,-37.15191],[146.70115,-37.15281],[146.70494,-37.15316],[146.70654,-37.15459],[146.70882,-37.15493],[146.71246,-37.15722],[146.71671,-37.15788],[146.71914,-37.15894],[146.72442,-37.15815],[146.72745,-37.15615],[146.72979,-37.15632],[146.73351,-37.15547],[146.73808,-37.15602],[146.74188,-37.15523],[146.74427,-37.15617],[146.74517,-37.15344],[146.74458,-37.15033],[146.74658,-37.15033],[146.74897,-37.14836],[146.75186,-37.14766],[146.75382,-37.1496],[146.75559,-37.14989],[146.75807,-37.14711],[146.76029,-37.1462],[146.76344,-37.14602],[146.76314,-37.14777],[146.76631,-37.14932],[146.76911,-37.14949],[146.77097,-37.15065],[146.7715,-37.15292],[146.77309,-37.15446],[146.77289,-37.15528],[146.77592,-37.15788],[146.77716,-37.16154],[146.77737,-37.16395],[146.78061,-37.16552],[146.78241,-37.16772],[146.78256,-37.17165],[146.78478,-37.17334],[146.78576,-37.17504],[146.7875,-37.17583],[146.78787,-37.17764],[146.79071,-37.17805],[146.79474,-37.18031],[146.79753,-37.17999],[146.79898,-37.18124],[146.80053,-37.18145],[146.80338,-37.18333],[146.80488,-37.18523],[146.80726,-37.18615],[146.81156,-37.18649],[146.81399,-37.18623],[146.8153,-37.18867],[146.81709,-37.18953],[146.81844,-37.18924],[146.82131,-37.19046],[146.82452,-37.19342],[146.82577,-37.19604],[146.82605,-37.19861],[146.8255,-37.20263],[146.82632,-37.20376],[146.82976,-37.20302],[146.83313,-37.20443],[146.83591,-37.2045],[146.83835,-37.20503],[147.06112,-37.23681],[147.14367,-37.24847],[147.20294,-37.25681],[147.2673,-37.26583],[147.33697,-37.27555],[147.38478,-37.21159],[147.38363,-37.21125],[147.38236,-37.20839],[147.38403,-37.20594],[147.38452,-37.20392],[147.38313,-37.2021],[147.37959,-37.20071],[147.37641,-37.20052],[147.37446,-37.19898],[147.37105,-37.19966],[147.36826,-37.19775],[147.36818,-37.19563],[147.36543,-37.19373],[147.36416,-37.19187],[147.36274,-37.19109],[147.36136,-37.18906],[147.36158,-37.18689],[147.3604,-37.18579],[147.35866,-37.18059],[147.3557,-37.17877],[147.35439,-37.17607],[147.35321,-37.17497],[147.34948,-37.17333],[147.34655,-37.17026],[147.3472,-37.16769],[147.34542,-37.16568],[147.34581,-37.16484],[147.34484,-37.16135],[147.34385,-37.16022],[147.34205,-37.15965],[147.34135,-37.15834],[147.33849,-37.15782],[147.33731,-37.15635],[147.33718,-37.15468],[147.33489,-37.15355],[147.33263,-37.15377],[147.33137,-37.15273],[147.33235,-37.15148],[147.33185,-37.14931],[147.32973,-37.14763],[147.32872,-37.1439],[147.32726,-37.14347],[147.32506,-37.14146],[147.32528,-37.13912],[147.32755,-37.13721],[147.32735,-37.13608],[147.32841,-37.13365],[147.32777,-37.13121],[147.32751,-37.12796],[147.32357,-37.12526],[147.3255,-37.12196],[147.32359,-37.11991],[147.32146,-37.11901],[147.32047,-37.11689],[147.31803,-37.11627],[147.3164,-37.11386],[147.35921,-37.11434],[147.36113,-37.11327],[147.362,-37.1108],[147.36351,-37.10987],[147.36362,-37.10884],[147.36212,-37.10753],[147.36339,-37.10333],[147.36505,-37.10154],[147.36735,-37.10114],[147.3699,-37.10322],[147.37121,-37.10245],[147.37233,-37.10072],[147.37352,-37.10009],[147.37488,-37.10086],[147.38052,-37.09871],[147.38043,-37.09254],[147.37932,-37.09123],[147.37981,-37.08906],[147.38171,-37.0881],[147.38265,-37.08482],[147.38278,-37.0826],[147.38083,-37.08155],[147.38079,-37.06706],[147.38096,-37.06031],[147.38033,-37.05872],[147.39046,-37.05246],[147.38932,-37.05173],[147.38871,-37.04852],[147.3874,-37.04962],[147.38547,-37.04938],[147.38588,-37.04764],[147.39007,-37.04621],[147.38957,-37.04211],[147.38789,-37.04125],[147.39081,-37.03976],[147.39094,-37.03904],[147.38807,-37.03536],[147.38822,-37.03331],[147.38933,-37.03187],[147.38845,-37.03066],[147.38673,-37.02999],[147.38474,-37.03075],[147.38063,-37.02986],[147.37812,-37.03079],[147.37051,-37.03027],[147.3694,-37.03119],[147.36457,-37.03297],[147.36332,-37.03437],[147.36164,-37.03452],[147.35956,-37.03304],[147.35523,-37.03276],[147.35386,-37.03455],[147.35148,-37.03649],[147.34916,-37.03596],[147.34874,-37.03245],[147.34448,-37.03191],[147.34225,-37.03197],[147.34149,-37.03116],[147.34242,-37.02976],[147.33901,-37.02868],[147.33664,-37.02969],[147.33418,-37.02805],[147.33248,-37.02802],[147.32832,-37.02596],[147.32701,-37.02447],[147.32553,-37.02496],[147.32155,-37.02347],[147.3183,-37.02076],[147.31377,-37.02002],[147.3109,-37.01829],[147.31034,-37.01651],[147.30714,-37.01427],[147.3072,-37.01327],[147.30533,-37.01205],[147.30244,-37.01091],[147.30087,-37.01148],[147.29828,-37.01062],[147.29744,-37.00897],[147.29379,-37.00699],[147.28974,-37.00718],[147.28874,-37.00552],[147.2849,-37.00533],[147.28066,-37.00843],[147.27657,-37.00797],[147.27495,-37.009],[147.27174,-37.00847],[147.26923,-37.00873],[147.26904,-37.00731],[147.26739,-37.00588],[147.26413,-37.00726],[147.26332,-37.00662],[147.2781,-36.94013],[147.15113,-36.92308],[147.15065,-36.92141],[147.14885,-36.92009],[147.15002,-36.91819],[147.15139,-36.919],[147.15247,-36.91759],[147.15539,-36.91826],[147.15748,-36.91674],[147.15944,-36.91766],[147.1624,-36.91555],[147.16662,-36.91441],[147.16826,-36.91257],[147.16994,-36.90933],[147.17228,-36.90806],[147.17114,-36.90431],[147.1717,-36.90244],[147.17013,-36.90193],[147.1702,-36.89846],[147.16904,-36.89817],[147.16716,-36.89597],[147.16684,-36.89344],[147.16568,-36.89252],[147.16314,-36.89185],[147.16235,-36.88842],[147.16344,-36.88672],[147.16136,-36.88487],[147.16091,-36.88349],[147.16291,-36.88035],[147.15989,-36.87666],[147.16164,-36.87319],[147.15988,-36.87175],[147.15683,-36.86851],[147.15614,-36.86575],[147.15675,-36.86472],[147.15628,-36.86116],[147.15123,-36.85794],[147.1515,-36.85481],[147.1531,-36.85225],[147.15163,-36.85057],[147.15046,-36.84667],[147.15001,-36.8421],[147.14876,-36.84101],[147.14737,-36.83659],[147.14565,-36.83493],[147.14544,-36.83347],[147.14359,-36.83242],[147.14336,-36.8304],[147.14463,-36.82858],[147.14943,-36.82784],[147.15032,-36.82627],[147.1521,-36.82659],[147.1527,-36.82491],[147.15535,-36.82375],[147.15684,-36.82231],[147.15743,-36.82083],[147.15627,-36.81784],[147.12819,-36.81594],[147.11638,-36.80121],[147.1081,-36.7886],[147.10492,-36.78326],[147.10589,-36.7779],[147.10571,-36.76609],[147.10532,-36.75899],[147.1063,-36.75521],[147.10939,-36.74732],[147.115,-36.73445],[147.11906,-36.72695],[147.12552,-36.72221],[147.12593,-36.72106],[147.12784,-36.72085],[147.13098,-36.71701],[147.13075,-36.71604],[147.13237,-36.71026],[147.12566,-36.70932],[147.1282,-36.69825],[147.13629,-36.69926],[147.13456,-36.69348],[147.13582,-36.69366],[147.13012,-36.68534],[147.12422,-36.68421],[147.12357,-36.68194],[147.1217,-36.68134],[147.11816,-36.67086],[147.10528,-36.6754],[147.10535,-36.67686],[147.10264,-36.67667],[147.09645,-36.67369],[147.09543,-36.67113],[147.0968,-36.66477],[147.09987,-36.6652],[147.10279,-36.65176],[147.10696,-36.64965],[147.10427,-36.64384],[147.10054,-36.64287],[147.09739,-36.64347],[147.09845,-36.63906],[147.09496,-36.63851],[147.09667,-36.63151],[147.07573,-36.62824],[147.0654,-36.67198],[146.98878,-36.66095],[146.96206,-36.65719],[146.93142,-36.65413],[146.93848,-36.62509],[146.94017,-36.6254],[146.94109,-36.62119],[146.9395,-36.62125],[146.94472,-36.60005],[146.94991,-36.59707],[146.95131,-36.5966],[146.95413,-36.59728],[146.95833,-36.59695],[146.96026,-36.5951],[146.96164,-36.59452],[146.96434,-36.59468],[146.96627,-36.58794],[146.96659,-36.58581],[146.96808,-36.58347],[146.96749,-36.58127],[146.9676,-36.57739],[146.96828,-36.57584],[146.96791,-36.56897],[146.96822,-36.56337],[146.96912,-36.56108],[146.96912,-36.55696],[146.97028,-36.5562],[146.96953,-36.55387],[146.97072,-36.55222],[146.97592,-36.55249],[146.97821,-36.5509],[146.98008,-36.54657],[146.97958,-36.54204],[146.97858,-36.53992],[146.97964,-36.53834],[146.98114,-36.53415],[146.98036,-36.53343],[146.97568,-36.53389],[146.97211,-36.53036],[146.97352,-36.52664],[146.97097,-36.52546],[146.97164,-36.52409],[146.97078,-36.52273],[146.97208,-36.52154],[146.97223,-36.51942],[146.97094,-36.51793],[146.96849,-36.51836],[146.96446,-36.51785],[146.96107,-36.51933],[146.95531,-36.5176],[146.95234,-36.51607],[146.95222,-36.51248],[146.94719,-36.50848],[146.94636,-36.50728],[146.94725,-36.5037],[146.94856,-36.5016],[146.94909,-36.49956],[146.94851,-36.49585],[146.94892,-36.49492],[146.95124,-36.49322],[146.95308,-36.4907],[146.95224,-36.48853],[146.95133,-36.48349],[146.94924,-36.4824],[146.9477,-36.48229],[146.94626,-36.48067],[146.9473,-36.47879],[146.94679,-36.47673],[146.94434,-36.47353],[146.94455,-36.47095],[146.94379,-36.46798],[146.94237,-36.46624],[146.94088,-36.46584],[146.9395,-36.46671],[146.93443,-36.46739],[146.93102,-36.46481],[146.92563,-36.4618],[146.92268,-36.45871],[146.92403,-36.45233],[146.91837,-36.4515],[146.91745,-36.45007],[146.91961,-36.44775],[146.91912,-36.44605],[146.91665,-36.44482],[146.90985,-36.44392],[146.91005,-36.44294],[146.89707,-36.44123],[146.89796,-36.43686],[146.89149,-36.43601],[146.89064,-36.43897],[146.88858,-36.44228],[146.88548,-36.44633],[146.88425,-36.44918],[146.88147,-36.45431],[146.86483,-36.45217],[146.86897,-36.4447],[146.85265,-36.44259],[146.85092,-36.45135],[146.83661,-36.44977],[146.83339,-36.45037],[146.82267,-36.44896],[146.80352,-36.44665],[146.80306,-36.44713],[146.80392,-36.45105],[146.80331,-36.45139],[146.72577,-36.45923],[146.72499,-36.41871],[146.69854,-36.41554],[146.69842,-36.414],[146.69715,-36.41341],[146.69358,-36.41525],[146.69387,-36.41776],[146.68903,-36.41713],[146.68785,-36.42161],[146.68346,-36.41877],[146.68276,-36.41752],[146.67986,-36.41686],[146.67544,-36.41641],[146.67647,-36.41253],[146.6742,-36.41223],[146.66635,-36.40868],[146.65916,-36.40959],[146.65904,-36.41022],[146.65529,-36.40966],[146.65556,-36.40802],[146.64768,-36.40699],[146.6429,-36.40589],[146.64347,-36.40226],[146.64044,-36.40374],[146.63598,-36.40366],[146.63122,-36.40447],[146.61667,-36.39629],[146.61677,-36.39541],[146.61185,-36.39615],[146.61235,-36.39319],[146.61171,-36.39211],[146.61401,-36.38126],[146.60453,-36.38112],[146.60513,-36.37984],[146.60886,-36.37557],[146.61321,-36.37216],[146.61163,-36.36944],[146.61096,-36.36697],[146.61266,-36.36528],[146.61265,-36.36413],[146.61431,-36.36212],[146.61644,-36.36055],[146.61707,-36.35851],[146.61528,-36.35861],[146.61351,-36.35787],[146.61619,-36.35541],[146.61723,-36.35236],[146.62033,-36.35187],[146.62394,-36.3376],[146.61987,-36.337],[146.62244,-36.32648],[146.62365,-36.32512],[146.62564,-36.32446],[146.62618,-36.32011],[146.62812,-36.31118],[146.63171,-36.30973],[146.63244,-36.3059],[146.63539,-36.30626],[146.63496,-36.30344],[146.63326,-36.30145],[146.62563,-36.30059],[146.6224,-36.30064],[146.62096,-36.30329],[146.62098,-36.30453],[146.61952,-36.30607],[146.61895,-36.30811],[146.61526,-36.30929],[146.60657,-36.30811],[146.59907,-36.31103],[146.59582,-36.31141],[146.5937,-36.31318],[146.59331,-36.31434],[146.59003,-36.31659],[146.58738,-36.31697],[146.58263,-36.3169],[146.57694,-36.31876],[146.57424,-36.32133],[146.57147,-36.32487],[146.56902,-36.32624],[146.56721,-36.32588],[146.56557,-36.3266],[146.56138,-36.32607],[146.55797,-36.32882],[146.56447,-36.29204],[146.57155,-36.25362],[146.51265,-36.24679],[146.51395,-36.24485],[146.51506,-36.24467],[146.5173,-36.24124],[146.51742,-36.2397],[146.51902,-36.23846],[146.52163,-36.23469],[146.52542,-36.23293],[146.53084,-36.23256],[146.53444,-36.23151],[146.53554,-36.22819],[146.52787,-36.21773],[146.52519,-36.2152],[146.52645,-36.21191],[146.52829,-36.20852],[146.52829,-36.2049],[146.52954,-36.20142],[146.5288,-36.19851],[146.53147,-36.1861],[146.53624,-36.18676],[146.53971,-36.18547],[146.54019,-36.18326],[146.53219,-36.1822],[146.53285,-36.17913],[146.52199,-36.17761],[146.52329,-36.17152],[146.5132,-36.17034],[146.50981,-36.16853],[146.50188,-36.171],[146.50103,-36.16867],[146.49904,-36.16905],[146.47261,-36.16583],[146.46361,-36.16478],[146.4383,-36.16158],[146.39115,-36.15554],[146.39113,-36.15563],[146.33868,-36.14894],[146.33867,-36.149],[146.28419,-36.14226],[146.29063,-36.10937],[146.29476,-36.08755],[146.27659,-36.08492],[146.27797,-36.07767],[146.26827,-36.0765],[146.26284,-36.07706],[146.24176,-36.0744],[146.23382,-36.07332],[146.20976,-36.07038],[146.20307,-36.06951],[146.20055,-36.06797],[146.2013,-36.06475],[146.1994,-36.06401],[146.19481,-36.06401],[146.19661,-36.05841],[146.19643,-36.05485],[146.1972,-36.04966],[146.19758,-36.04894],[146.20037,-36.04754],[146.19864,-36.04384],[146.1951,-36.04387],[146.19344,-36.04456],[146.19336,-36.04621],[146.19199,-36.04719],[146.18892,-36.04649],[146.18633,-36.04527],[146.18396,-36.04667],[146.18212,-36.04866],[146.18145,-36.05083],[146.1789,-36.05049],[146.17758,-36.04627],[146.17505,-36.04156],[146.17554,-36.03797],[146.17727,-36.03655],[146.17686,-36.034]]]},"properties":{"district":"Ovens Valley"}},{"type":"Feature","geometry":{"type":"Polygon","coordinates":[[[144.90699,-37.69385],[144.90381,-37.69582],[144.90318,-37.6971],[144.90431,-37.70127],[144.90371,-37.7046],[144.90167,-37.70535],[144.90106,-37.70718],[144.89962,-37.70735],[144.89815,-37.70924],[144.90294,-37.71451],[144.90225,-37.71677],[144.90437,-37.71584],[144.9057,-37.71741],[144.90926,-37.71741],[144.91061,-37.71905],[144.90926,-37.71961],[144.90972,-37.72116],[144.91083,-37.72193],[144.91225,-37.72084],[144.9144,-37.72375],[144.91821,-37.72414],[144.92218,-37.72733],[144.92283,-37.72908],[144.92463,-37.72892],[144.92556,-37.73053],[144.92461,-37.731],[144.92455,-37.73269],[144.92825,-37.73481],[144.92876,-37.73744],[144.92985,-37.73797],[144.93013,-37.74034],[144.93153,-37.74205],[144.93322,-37.74238],[144.93456,-37.74381],[144.93326,-37.74484],[144.93418,-37.74524],[144.94707,-37.74685],[144.96533,-37.74858],[144.96595,-37.745],[144.97739,-37.74626],[144.98022,-37.74631],[144.9819,-37.74527],[144.97979,-37.74276],[144.98294,-37.73596],[144.98526,-37.72137],[144.98182,-37.72106],[144.98143,-37.72171],[144.97861,-37.72143],[144.9787,-37.71925],[144.97567,-37.71928],[144.97263,-37.7202],[144.96298,-37.71922],[144.96275,-37.71863],[144.96053,-37.70453],[144.95158,-37.70358],[144.94477,-37.70266],[144.92415,-37.7002],[144.9253,-37.69431],[144.91768,-37.69468],[144.91276,-37.69404],[144.90699,-37.69385]]]},"properties":{"district":"Pascoe Vale"}},{"type":"Feature","geometry":{"type":"Polygon","coordinates":[[[143.51661,-37.66388],[143.49483,-37.66088],[143.49987,-37.6568],[143.48802,-37.65514],[143.48972,-37.64681],[143.48302,-37.64599],[143.48174,-37.64693],[143.47688,-37.64878],[143.47624,-37.65008],[143.48109,-37.65142],[143.47952,-37.65245],[143.47745,-37.65173],[143.47363,-37.65352],[143.47033,-37.65418],[143.466,-37.6539],[143.46433,-37.65738],[143.46548,-37.65834],[143.46749,-37.65859],[143.46746,-37.66011],[143.46538,-37.66007],[143.46451,-37.65898],[143.46194,-37.66088],[143.46065,-37.6603],[143.45842,-37.66133],[143.45629,-37.65989],[143.45228,-37.66119],[143.45215,-37.66248],[143.45057,-37.66251],[143.44906,-37.66557],[143.44638,-37.66693],[143.44645,-37.6684],[143.44375,-37.66855],[143.4412,-37.67005],[143.43966,-37.66946],[143.4379,-37.67048],[143.43431,-37.67044],[143.43265,-37.67125],[143.43104,-37.66915],[143.42863,-37.66973],[143.42724,-37.66817],[143.42587,-37.66795],[143.42357,-37.67016],[143.41876,-37.66965],[143.41417,-37.67071],[143.41324,-37.67274],[143.40945,-37.67245],[143.40819,-37.67137],[143.40458,-37.67224],[143.40448,-37.67003],[143.40358,-37.6688],[143.40176,-37.66828],[143.40049,-37.66902],[143.39878,-37.66791],[143.39593,-37.66883],[143.39535,-37.66958],[143.39198,-37.66962],[143.38899,-37.66859],[143.38585,-37.66989],[143.38461,-37.66989],[143.38228,-37.66868],[143.37957,-37.66821],[143.37623,-37.66969],[143.37495,-37.67099],[143.37213,-37.66991],[143.37124,-37.67046],[143.3712,-37.67229],[143.35478,-37.67028],[143.35431,-37.67223],[143.35016,-37.6934],[143.34907,-37.69207],[143.34481,-37.6911],[143.34487,-37.69329],[143.3413,-37.69423],[143.34028,-37.69523],[143.34149,-37.69696],[143.34044,-37.69926],[143.34092,-37.70056],[143.33931,-37.70336],[143.34002,-37.7046],[143.3419,-37.7038],[143.34191,-37.70733],[143.33963,-37.70983],[143.33942,-37.71081],[143.33672,-37.71053],[143.33462,-37.70917],[143.33274,-37.70886],[143.33142,-37.71227],[143.33005,-37.71258],[143.32759,-37.71102],[143.32485,-37.7117],[143.3229,-37.7108],[143.32111,-37.71146],[143.32066,-37.71249],[143.32307,-37.71268],[143.32549,-37.71378],[143.32637,-37.71553],[143.32187,-37.71667],[143.32301,-37.71753],[143.32572,-37.71758],[143.32722,-37.71906],[143.32633,-37.72183],[143.32685,-37.72297],[143.32474,-37.72556],[143.32279,-37.7261],[143.32287,-37.72843],[143.32142,-37.7285],[143.31915,-37.72723],[143.32013,-37.73015],[143.31985,-37.7329],[143.32067,-37.73478],[143.3244,-37.7355],[143.32448,-37.73649],[143.32229,-37.73685],[143.32115,-37.73614],[143.31594,-37.73527],[143.31737,-37.7384],[143.31914,-37.73881],[143.32181,-37.73834],[143.32109,-37.73986],[143.32238,-37.74096],[143.32241,-37.74363],[143.31827,-37.74412],[143.31553,-37.74509],[143.31709,-37.74673],[143.31505,-37.74829],[143.31268,-37.74739],[143.31214,-37.74906],[143.30766,-37.74835],[143.3082,-37.74976],[143.3051,-37.75132],[143.3041,-37.75305],[143.3053,-37.75482],[143.30447,-37.75638],[143.30328,-37.75658],[143.30143,-37.7554],[143.2987,-37.75468],[143.297,-37.75649],[143.29396,-37.7563],[143.29052,-37.7551],[143.28675,-37.75634],[143.28463,-37.75748],[143.28252,-37.75425],[143.28156,-37.75503],[143.27713,-37.75611],[143.27572,-37.75509],[143.27433,-37.7531],[143.27162,-37.75306],[143.27264,-37.74986],[143.26939,-37.74931],[143.27095,-37.74593],[143.26898,-37.74551],[143.26708,-37.74323],[143.26775,-37.74234],[143.26665,-37.74018],[143.26379,-37.73914],[143.26383,-37.73823],[143.26569,-37.73571],[143.26491,-37.73464],[143.26003,-37.7337],[143.2564,-37.73235],[143.25642,-37.73378],[143.25546,-37.73552],[143.25374,-37.73648],[143.25262,-37.73575],[143.24891,-37.7381],[143.2504,-37.73918],[143.24991,-37.74221],[143.24754,-37.74352],[143.24575,-37.74248],[143.24489,-37.74405],[143.24167,-37.74662],[143.24089,-37.74588],[143.24262,-37.74469],[143.24061,-37.74332],[143.23706,-37.74165],[143.23577,-37.74267],[143.23458,-37.74185],[143.23245,-37.74242],[143.2344,-37.74383],[143.23302,-37.74476],[143.23157,-37.74465],[143.22935,-37.74556],[143.22625,-37.74443],[143.22725,-37.74328],[143.22528,-37.74182],[143.2254,-37.73936],[143.22456,-37.73667],[143.22274,-37.73701],[143.21825,-37.73661],[143.21625,-37.73694],[143.21612,-37.73459],[143.21506,-37.73415],[143.2117,-37.73525],[143.20768,-37.73439],[143.20626,-37.73465],[143.20456,-37.73394],[143.20157,-37.73522],[143.20096,-37.73635],[143.19913,-37.73524],[143.19671,-37.7354],[143.1958,-37.73383],[143.19206,-37.73338],[143.19038,-37.73465],[143.18753,-37.73381],[143.18551,-37.73091],[143.18274,-37.73152],[143.18022,-37.73147],[143.09929,-37.72245],[143.06133,-37.71827],[143.06057,-37.71822],[143.05755,-37.7203],[143.05591,-37.72371],[143.05436,-37.73647],[143.05309,-37.73896],[143.04969,-37.74092],[143.0472,-37.74367],[143.04055,-37.74852],[143.03528,-37.75203],[143.00342,-37.76727],[142.99671,-37.76995],[142.98969,-37.77229],[142.98414,-37.77327],[142.98207,-37.7742],[142.97725,-37.77827],[142.97124,-37.78182],[142.9667,-37.78404],[142.96323,-37.7867],[142.96122,-37.78773],[142.95647,-37.78921],[142.95254,-37.78941],[142.951,-37.78989],[142.94685,-37.79304],[142.9444,-37.7969],[142.94324,-37.79815],[142.93728,-37.80215],[142.93429,-37.80271],[142.92972,-37.80086],[142.92793,-37.80089],[142.9267,-37.80179],[142.92413,-37.80615],[142.92266,-37.80742],[142.91504,-37.81141],[142.90409,-37.81578],[142.90261,-37.81665],[142.88618,-37.83089],[142.88173,-37.83403],[142.8794,-37.83658],[142.87576,-37.83342],[142.87527,-37.83193],[142.87947,-37.80844],[142.8614,-37.80645],[142.86079,-37.80993],[142.84222,-37.80786],[142.83969,-37.82214],[142.82186,-37.82014],[142.75761,-37.81276],[142.75719,-37.81337],[142.75025,-37.81918],[142.72252,-37.82804],[142.72071,-37.83727],[142.7093,-37.8358],[142.70651,-37.85037],[142.69919,-37.8875],[142.68105,-37.8852],[142.6798,-37.89124],[142.6618,-37.88884],[142.66062,-37.88954],[142.65838,-37.90113],[142.65465,-37.90068],[142.65122,-37.89424],[142.64284,-37.8867],[142.63864,-37.908],[142.62055,-37.90575],[142.61625,-37.92732],[142.61195,-37.94898],[142.61193,-37.95026],[142.60793,-37.9709],[142.60752,-37.97259],[142.59363,-37.98146],[142.59626,-37.98302],[142.60439,-37.98875],[142.60085,-38.00703],[142.59509,-38.03532],[142.59357,-38.04314],[142.59116,-38.0427],[142.58897,-38.0435],[142.58907,-38.04566],[142.58823,-38.04664],[142.58614,-38.04687],[142.58353,-38.04965],[142.58185,-38.05029],[142.57923,-38.0529],[142.57693,-38.05145],[142.57523,-38.05257],[142.57317,-38.05181],[142.572,-38.05688],[142.56778,-38.07982],[142.55506,-38.0799],[142.5552,-38.08627],[142.56106,-38.09305],[142.56016,-38.09415],[142.55633,-38.09651],[142.55494,-38.09804],[142.5512,-38.10652],[142.55744,-38.10926],[142.55858,-38.11036],[142.55959,-38.11351],[142.562,-38.11792],[142.56258,-38.12079],[142.55961,-38.13184],[142.55962,-38.13572],[142.56262,-38.14647],[142.56273,-38.14741],[142.56132,-38.1555],[142.5605,-38.15687],[142.54648,-38.17046],[142.54608,-38.17099],[142.54377,-38.18202],[142.54171,-38.19244],[142.58198,-38.19743],[142.65459,-38.20624],[142.65573,-38.2118],[142.65786,-38.21528],[142.65816,-38.21762],[142.65779,-38.22042],[142.6808,-38.22063],[142.68734,-38.22058],[142.68775,-38.21833],[142.69189,-38.21856],[142.69339,-38.22065],[142.69639,-38.22048],[142.69677,-38.2218],[142.69572,-38.22293],[142.69599,-38.22471],[142.69833,-38.22357],[142.7,-38.2237],[142.70055,-38.22605],[142.70162,-38.22757],[142.70109,-38.23059],[142.69913,-38.23179],[142.69957,-38.23416],[142.6986,-38.23564],[142.70255,-38.23745],[142.70446,-38.23767],[142.70508,-38.23905],[142.7034,-38.2395],[142.70191,-38.24115],[142.70386,-38.24364],[142.70282,-38.24502],[142.70014,-38.24381],[142.69859,-38.24457],[142.69959,-38.24695],[142.69817,-38.24802],[142.69578,-38.24703],[142.69291,-38.24754],[142.69221,-38.24935],[142.69428,-38.24981],[142.69282,-38.25193],[142.69379,-38.25376],[142.69645,-38.25669],[142.69952,-38.25512],[142.70177,-38.25595],[142.70056,-38.25743],[142.70077,-38.25857],[142.70435,-38.25888],[142.7049,-38.25945],[142.70971,-38.26168],[142.71093,-38.26344],[142.71192,-38.26774],[142.7141,-38.2719],[142.71338,-38.27768],[142.71509,-38.28383],[142.71664,-38.29637],[142.71726,-38.29829],[142.72069,-38.30049],[142.72086,-38.30157],[142.71972,-38.30726],[142.71978,-38.30826],[142.72138,-38.31291],[142.7228,-38.31481],[142.73548,-38.32366],[142.73921,-38.3199],[142.74095,-38.31885],[142.74671,-38.31648],[142.75333,-38.31466],[142.75602,-38.31357],[142.76155,-38.32264],[142.76026,-38.32347],[142.75452,-38.32324],[142.75385,-38.32447],[142.75552,-38.32711],[142.75342,-38.3272],[142.75217,-38.32888],[142.74985,-38.32836],[142.74863,-38.33088],[142.74546,-38.33201],[142.74451,-38.33319],[142.74452,-38.33483],[142.74338,-38.33525],[142.74203,-38.33734],[142.74052,-38.33573],[142.73986,-38.3378],[142.73737,-38.33915],[142.73612,-38.34599],[142.7308,-38.37334],[142.72889,-38.38371],[142.72345,-38.41231],[142.72019,-38.42891],[142.71339,-38.46495],[142.74976,-38.46933],[142.74438,-38.49731],[142.74619,-38.49867],[142.76232,-38.50056],[142.75682,-38.52943],[142.75724,-38.53151],[142.75604,-38.53307],[142.75362,-38.54555],[142.75397,-38.54722],[142.75513,-38.54739],[142.75728,-38.54978],[142.76031,-38.5497],[142.76452,-38.55309],[142.76739,-38.554],[142.769,-38.55633],[142.77179,-38.55758],[142.77326,-38.55903],[142.77527,-38.55949],[142.77544,-38.56094],[142.77771,-38.56182],[142.77818,-38.56319],[142.78437,-38.5651],[142.78651,-38.56776],[142.78912,-38.56912],[142.79054,-38.56895],[142.79102,-38.5711],[142.79389,-38.56993],[142.7959,-38.56966],[142.79559,-38.57235],[142.79646,-38.57305],[142.79955,-38.57383],[142.80302,-38.5739],[142.80282,-38.57272],[142.80461,-38.57166],[142.80792,-38.57168],[142.8089,-38.57294],[142.81102,-38.57342],[142.81275,-38.57504],[142.81466,-38.57602],[142.8172,-38.57879],[142.81891,-38.57675],[142.82,-38.57646],[142.82423,-38.57742],[142.82448,-38.57943],[142.82657,-38.57957],[142.82781,-38.5828],[142.82506,-38.58488],[142.82812,-38.58684],[142.83286,-38.58807],[142.83767,-38.58708],[142.84021,-38.58738],[142.84294,-38.58862],[142.84541,-38.59111],[142.84864,-38.59167],[142.85137,-38.59143],[142.85256,-38.59189],[142.85257,-38.59343],[142.85358,-38.59484],[142.85725,-38.59645],[142.85929,-38.59884],[142.85879,-38.60148],[142.85766,-38.60233],[142.86055,-38.60475],[142.86542,-38.60574],[142.86605,-38.60431],[142.86878,-38.60365],[142.87182,-38.60496],[142.87272,-38.60728],[142.87294,-38.60991],[142.87639,-38.60953],[142.87814,-38.60973],[142.8798,-38.60851],[142.88179,-38.60821],[142.88552,-38.60862],[142.88883,-38.61082],[142.89184,-38.6097],[142.89579,-38.60963],[142.89746,-38.61066],[142.89996,-38.61016],[142.90217,-38.61064],[142.90616,-38.61425],[142.9079,-38.61483],[142.91174,-38.61755],[142.91575,-38.61903],[142.91722,-38.61913],[142.91948,-38.61827],[142.91944,-38.61686],[142.92157,-38.61737],[142.92153,-38.61958],[142.92456,-38.61881],[142.92638,-38.62047],[142.92648,-38.6214],[142.9298,-38.62122],[142.93157,-38.62268],[142.93123,-38.6249],[142.93291,-38.62483],[142.93568,-38.62699],[142.93794,-38.62622],[142.93724,-38.62292],[142.9396,-38.62239],[142.94084,-38.62335],[142.94399,-38.6244],[142.9459,-38.62325],[142.94715,-38.62023],[142.94788,-38.61977],[142.953,-38.62076],[142.95553,-38.62208],[142.95723,-38.62177],[142.96055,-38.62274],[142.96259,-38.62248],[142.96583,-38.62343],[142.96696,-38.62434],[142.97487,-38.62536],[142.97898,-38.62528],[142.97987,-38.62413],[142.98262,-38.62426],[142.98331,-38.62291],[142.98519,-38.62338],[142.98824,-38.62078],[142.99202,-38.61908],[142.99296,-38.62056],[142.99103,-38.62199],[142.99456,-38.62306],[142.99962,-38.62296],[143.00316,-38.62404],[143.00556,-38.6237],[143.01054,-38.6238],[143.01538,-38.6245],[143.02167,-38.62625],[143.02255,-38.62854],[143.02618,-38.6289],[143.02804,-38.63028],[143.03426,-38.63191],[143.03654,-38.63174],[143.03702,-38.63298],[143.03915,-38.63406],[143.03823,-38.63681],[143.0403,-38.63713],[143.04149,-38.63932],[143.04351,-38.63773],[143.04485,-38.63955],[143.04827,-38.63934],[143.04874,-38.64007],[143.05336,-38.64057],[143.05607,-38.64222],[143.05817,-38.645],[143.05499,-38.64787],[143.05911,-38.6476],[143.06185,-38.6468],[143.06325,-38.64784],[143.06546,-38.64814],[143.06716,-38.64742],[143.07024,-38.64812],[143.07229,-38.64806],[143.07158,-38.64962],[143.07503,-38.64855],[143.07508,-38.65013],[143.08083,-38.65102],[143.08228,-38.65329],[143.08378,-38.65357],[143.08422,-38.65488],[143.08617,-38.65456],[143.08706,-38.65684],[143.08874,-38.65701],[143.09221,-38.65859],[143.09484,-38.65848],[143.09634,-38.66017],[143.10256,-38.66339],[143.10435,-38.66563],[143.10797,-38.66753],[143.11215,-38.66931],[143.11582,-38.67228],[143.11582,-38.67304],[143.11827,-38.67402],[143.11985,-38.6755],[143.12298,-38.67679],[143.12582,-38.6792],[143.12702,-38.68111],[143.12985,-38.68393],[143.13635,-38.68848],[143.13833,-38.69093],[143.14004,-38.69175],[143.14271,-38.69434],[143.14674,-38.69752],[143.15059,-38.70018],[143.15328,-38.70311],[143.15472,-38.70654],[143.15629,-38.70625],[143.15928,-38.7073],[143.16553,-38.71291],[143.16756,-38.71557],[143.17069,-38.71781],[143.17346,-38.72073],[143.17569,-38.72389],[143.17601,-38.72493],[143.17881,-38.72615],[143.17925,-38.72822],[143.18233,-38.72964],[143.18275,-38.73123],[143.18503,-38.73217],[143.18584,-38.73384],[143.18877,-38.73353],[143.19042,-38.73565],[143.19031,-38.74019],[143.19128,-38.74073],[143.19535,-38.74104],[143.19681,-38.74229],[143.19652,-38.74418],[143.19967,-38.74498],[143.20424,-38.7482],[143.20692,-38.75098],[143.20854,-38.75166],[143.2112,-38.75366],[143.21484,-38.75698],[143.21521,-38.75828],[143.2179,-38.75846],[143.22027,-38.76029],[143.2245,-38.75953],[143.22644,-38.76056],[143.22877,-38.76107],[143.23118,-38.76235],[143.23355,-38.76609],[143.23561,-38.76723],[143.23822,-38.76795],[143.24242,-38.76739],[143.24666,-38.76752],[143.24979,-38.7682],[143.25149,-38.77011],[143.25499,-38.77037],[143.25655,-38.77207],[143.25763,-38.7707],[143.26067,-38.7702],[143.26169,-38.7694],[143.26556,-38.76922],[143.26601,-38.76807],[143.26484,-38.76632],[143.26581,-38.7647],[143.26786,-38.76299],[143.27149,-38.76419],[143.27142,-38.76237],[143.27338,-38.76128],[143.2758,-38.76203],[143.27684,-38.7614],[143.27876,-38.76266],[143.28063,-38.76172],[143.2801,-38.75991],[143.28115,-38.75876],[143.2838,-38.75886],[143.28531,-38.75774],[143.29068,-38.75685],[143.2932,-38.75566],[143.29555,-38.75557],[143.29692,-38.75472],[143.29624,-38.7537],[143.29895,-38.75147],[143.30342,-38.75008],[143.30871,-38.75146],[143.31269,-38.75142],[143.31425,-38.7522],[143.32332,-38.75489],[143.32468,-38.75647],[143.32734,-38.75718],[143.33201,-38.75568],[143.33426,-38.75608],[143.33506,-38.75541],[143.34193,-38.75578],[143.34344,-38.755],[143.34584,-38.75518],[143.34743,-38.75425],[143.35088,-38.75461],[143.35211,-38.75533],[143.3569,-38.75435],[143.361,-38.75555],[143.3633,-38.75684],[143.36368,-38.75817],[143.36572,-38.75841],[143.36948,-38.75976],[143.37304,-38.76011],[143.37398,-38.76119],[143.37594,-38.76188],[143.37736,-38.76318],[143.38153,-38.76428],[143.38367,-38.76527],[143.38453,-38.76653],[143.38585,-38.76663],[143.39096,-38.77008],[143.39344,-38.77059],[143.39516,-38.77259],[143.39801,-38.77393],[143.40137,-38.77629],[143.40113,-38.78037],[143.4031,-38.78172],[143.40481,-38.78066],[143.40637,-38.78062],[143.40725,-38.78295],[143.40987,-38.78277],[143.4117,-38.78336],[143.41439,-38.78277],[143.41531,-38.78146],[143.41687,-38.78239],[143.41915,-38.78238],[143.41979,-38.78363],[143.42575,-38.78287],[143.4278,-38.7836],[143.43108,-38.78757],[143.43374,-38.79024],[143.43547,-38.79063],[143.43708,-38.79226],[143.44003,-38.79399],[143.44404,-38.79546],[143.44641,-38.79848],[143.44808,-38.79993],[143.45052,-38.80027],[143.45548,-38.80423],[143.45728,-38.80692],[143.46066,-38.80695],[143.46288,-38.80799],[143.46551,-38.81014],[143.4662,-38.81245],[143.46795,-38.81462],[143.47265,-38.81883],[143.47576,-38.82117],[143.48151,-38.82625],[143.48324,-38.82821],[143.48664,-38.83053],[143.49042,-38.83443],[143.49298,-38.83763],[143.49384,-38.84069],[143.49283,-38.84389],[143.49454,-38.84481],[143.49659,-38.8451],[143.49934,-38.84707],[143.50049,-38.84906],[143.5022,-38.84946],[143.50256,-38.85241],[143.5078,-38.85583],[143.51057,-38.85689],[143.51134,-38.85769],[143.51912,-38.85511],[143.52144,-38.85595],[143.5253,-38.8556],[143.5275,-38.85609],[143.5346,-38.85437],[143.53651,-38.85503],[143.53892,-38.85394],[143.54038,-38.85492],[143.54294,-38.85354],[143.54563,-38.85392],[143.54985,-38.85385],[143.55331,-38.85565],[143.55565,-38.85494],[143.55623,-38.85356],[143.55765,-38.85254],[143.55824,-38.85107],[143.56034,-38.84993],[143.56188,-38.84743],[143.562,-38.84597],[143.56441,-38.84542],[143.56886,-38.84261],[143.57205,-38.84151],[143.57722,-38.8379],[143.57994,-38.83566],[143.5828,-38.83162],[143.58453,-38.82985],[143.58314,-38.82655],[143.58423,-38.82541],[143.58543,-38.82215],[143.58714,-38.82041],[143.58881,-38.82021],[143.58938,-38.81843],[143.59525,-38.81541],[143.59752,-38.81286],[143.59709,-38.81137],[143.60029,-38.80924],[143.60249,-38.80708],[143.60373,-38.8065],[143.60978,-38.8004],[143.61107,-38.80008],[143.61493,-38.79687],[143.61603,-38.79551],[143.61835,-38.79444],[143.62128,-38.7937],[143.62204,-38.79271],[143.62517,-38.79294],[143.62817,-38.79196],[143.63727,-38.79143],[143.64122,-38.79075],[143.643,-38.79163],[143.645,-38.79172],[143.64798,-38.79066],[143.65024,-38.78868],[143.65269,-38.78842],[143.65419,-38.78628],[143.66174,-38.78265],[143.66218,-38.78133],[143.66522,-38.77999],[143.66627,-38.77907],[143.66437,-38.77746],[143.6651,-38.77163],[143.66573,-38.76979],[143.66828,-38.76684],[143.67598,-38.76281],[143.67961,-38.76118],[143.67926,-38.76009],[143.67528,-38.75923],[143.67424,-38.75804],[143.67238,-38.75787],[143.67116,-38.75645],[143.67041,-38.75304],[143.67154,-38.74818],[143.67379,-38.74515],[143.67772,-38.74071],[143.68127,-38.73766],[143.68537,-38.73536],[143.6907,-38.73356],[143.69215,-38.7338],[143.69445,-38.73281],[143.69852,-38.73028],[143.70352,-38.72897],[143.70462,-38.72809],[143.70848,-38.72786],[143.71005,-38.72689],[143.71105,-38.72539],[143.71377,-38.72507],[143.71447,-38.72591],[143.71661,-38.72568],[143.72165,-38.72332],[143.72266,-38.72225],[143.72613,-38.72191],[143.72731,-38.7208],[143.72668,-38.71906],[143.72855,-38.7178],[143.73272,-38.71714],[143.7418,-38.71463],[143.74463,-38.71477],[143.74783,-38.71308],[143.75051,-38.71281],[143.75388,-38.71026],[143.75506,-38.70813],[143.75662,-38.70707],[143.76076,-38.70678],[143.76293,-38.70497],[143.76768,-38.70571],[143.76863,-38.70648],[143.77098,-38.70594],[143.77308,-38.7047],[143.77459,-38.70549],[143.7762,-38.70476],[143.77665,-38.70253],[143.77987,-38.70185],[143.78425,-38.70012],[143.7873,-38.69986],[143.78944,-38.69878],[143.79439,-38.69762],[143.79737,-38.6973],[143.80184,-38.69783],[143.80392,-38.69687],[143.80539,-38.69502],[143.81088,-38.69303],[143.81444,-38.69347],[143.81749,-38.69275],[143.81902,-38.69191],[143.82043,-38.6929],[143.82192,-38.69228],[143.82318,-38.69291],[143.82609,-38.69312],[143.82936,-38.69256],[143.83637,-38.69284],[143.84082,-38.6905],[143.84112,-38.68762],[143.84026,-38.68625],[143.84032,-38.68321],[143.84206,-38.67908],[143.84421,-38.67758],[143.84657,-38.6774],[143.85365,-38.67504],[143.85766,-38.67472],[143.86137,-38.67276],[143.86601,-38.6718],[143.86518,-38.67023],[143.86351,-38.66956],[143.8632,-38.66655],[143.86442,-38.66549],[143.86496,-38.66138],[143.868,-38.65916],[143.86845,-38.65812],[143.87091,-38.65689],[143.87022,-38.65539],[143.87317,-38.6522],[143.87615,-38.65166],[143.88358,-38.64793],[143.88389,-38.64663],[143.88609,-38.64418],[143.88979,-38.64223],[143.8932,-38.64206],[143.89427,-38.6415],[143.8923,-38.63953],[143.89169,-38.6351],[143.893,-38.63406],[143.89669,-38.6326],[143.89928,-38.63007],[143.90193,-38.6298],[143.90774,-38.62625],[143.91091,-38.62215],[143.91223,-38.61975],[143.91243,-38.61818],[143.91373,-38.61656],[143.91568,-38.61524],[143.91638,-38.6136],[143.91571,-38.61172],[143.91921,-38.60718],[143.92028,-38.60489],[143.91984,-38.6037],[143.92153,-38.60088],[143.92022,-38.59899],[143.91953,-38.59698],[143.92398,-38.59234],[143.92655,-38.59053],[143.9285,-38.5897],[143.93319,-38.58847],[143.93539,-38.58672],[143.93665,-38.58474],[143.93866,-38.58306],[143.94186,-38.58244],[143.94505,-38.58076],[143.94847,-38.57683],[143.95322,-38.57632],[143.95487,-38.57675],[143.95701,-38.57547],[143.95944,-38.57586],[143.96065,-38.57527],[143.96512,-38.57062],[143.96648,-38.56729],[143.97014,-38.56734],[143.97263,-38.5667],[143.97418,-38.5653],[143.97481,-38.56352],[143.97666,-38.56057],[143.97616,-38.55931],[143.9769,-38.55671],[143.97663,-38.55577],[143.98164,-38.55517],[143.98332,-38.55421],[143.9847,-38.55219],[143.98617,-38.55128],[143.98592,-38.55027],[143.98684,-38.54828],[143.98198,-38.54475],[143.97912,-38.5431],[143.97762,-38.54283],[143.977,-38.54112],[143.97766,-38.53728],[143.97948,-38.53289],[143.98253,-38.5288],[143.98538,-38.52554],[143.98632,-38.52384],[143.98928,-38.52029],[143.9929,-38.51779],[143.99902,-38.51184],[144.00102,-38.51131],[144.00265,-38.51004],[144.00535,-38.50555],[144.00541,-38.5024],[144.00737,-38.50059],[144.01153,-38.49833],[144.01239,-38.49722],[144.01531,-38.49582],[144.01606,-38.49446],[144.01806,-38.49277],[144.02255,-38.49097],[144.02413,-38.49117],[144.02529,-38.48945],[144.02666,-38.4892],[144.02925,-38.48762],[144.0307,-38.48611],[144.03094,-38.48444],[144.03302,-38.48376],[144.03323,-38.48214],[144.03422,-38.48156],[144.03324,-38.47967],[144.03433,-38.47746],[144.0365,-38.47577],[144.04188,-38.47332],[144.04899,-38.47166],[144.06165,-38.46983],[144.06586,-38.4691],[144.06745,-38.46918],[144.07904,-38.46883],[144.08191,-38.46902],[144.09382,-38.46857],[144.10458,-38.46923],[144.10616,-38.46773],[144.10666,-38.46617],[144.1098,-38.46145],[144.11516,-38.45876],[144.11699,-38.45822],[144.11823,-38.45638],[144.11849,-38.45259],[144.11959,-38.45096],[144.12036,-38.44839],[144.12341,-38.44661],[144.12479,-38.44634],[144.12722,-38.44279],[144.12828,-38.43963],[144.13074,-38.43784],[144.13182,-38.43559],[144.13383,-38.43456],[144.13976,-38.43218],[144.14756,-38.4304],[144.15032,-38.43014],[144.15924,-38.42978],[144.16334,-38.42981],[144.16834,-38.42935],[144.17277,-38.42954],[144.18142,-38.42938],[144.17986,-38.42711],[144.17895,-38.42446],[144.17991,-38.42043],[144.18144,-38.41812],[144.18602,-38.41479],[144.18851,-38.414],[144.19203,-38.41441],[144.19305,-38.41378],[144.19312,-38.41163],[144.19439,-38.40986],[144.19893,-38.40722],[144.20439,-38.40527],[144.20964,-38.40407],[144.21223,-38.40385],[144.21997,-38.40125],[144.22642,-38.39941],[144.23599,-38.39792],[144.23802,-38.39834],[144.23892,-38.39745],[144.2461,-38.39655],[144.25131,-38.39679],[144.25319,-38.39586],[144.25083,-38.39153],[144.24868,-38.39005],[144.24813,-38.38885],[144.24877,-38.38405],[144.24629,-38.38125],[144.24606,-38.37881],[144.24509,-38.37635],[144.2428,-38.37268],[144.24,-38.37337],[144.23782,-38.37341],[144.23022,-38.37242],[144.22813,-38.37266],[144.20813,-38.37971],[144.20546,-38.3811],[144.20409,-38.38081],[144.2053,-38.37269],[144.20545,-38.36992],[144.19654,-38.36026],[144.19562,-38.35695],[144.19462,-38.35525],[144.18832,-38.34964],[144.18635,-38.34815],[144.18106,-38.34546],[144.16761,-38.34463],[144.16444,-38.34334],[144.16069,-38.34107],[144.15698,-38.33695],[144.15163,-38.33473],[144.14942,-38.33277],[144.14937,-38.33095],[144.15225,-38.32679],[144.15229,-38.32414],[144.15068,-38.32138],[144.15183,-38.31822],[144.15338,-38.31671],[144.15239,-38.31502],[144.1532,-38.31143],[144.15896,-38.28105],[144.16044,-38.27226],[144.1631,-38.25779],[144.14464,-38.25565],[144.14857,-38.2347],[144.13061,-38.23071],[144.13651,-38.19755],[144.1367,-38.19572],[144.11878,-38.19358],[144.12152,-38.17911],[144.08518,-38.17493],[144.09601,-38.11684],[144.09894,-38.11717],[144.1002,-38.11817],[144.1027,-38.11904],[144.10453,-38.12235],[144.10458,-38.12436],[144.10578,-38.12478],[144.10982,-38.12476],[144.11552,-38.12282],[144.11711,-38.12188],[144.11723,-38.11831],[144.11791,-38.1166],[144.11643,-38.11512],[144.11729,-38.11258],[144.1193,-38.11127],[144.12061,-38.11213],[144.12053,-38.11349],[144.12385,-38.11684],[144.12496,-38.11691],[144.1269,-38.11459],[144.12806,-38.11118],[144.12936,-38.11129],[144.13138,-38.11525],[144.13302,-38.11989],[144.13389,-38.12033],[144.13692,-38.11838],[144.13878,-38.11909],[144.1384,-38.12111],[144.14067,-38.12163],[144.14079,-38.11732],[144.13945,-38.11417],[144.1381,-38.11296],[144.13804,-38.11187],[144.14012,-38.11033],[144.14399,-38.1121],[144.14433,-38.11374],[144.15045,-38.11334],[144.1517,-38.11409],[144.15044,-38.1158],[144.15308,-38.11941],[144.15359,-38.12155],[144.15553,-38.1218],[144.15732,-38.12276],[144.15888,-38.12613],[144.16268,-38.12525],[144.16371,-38.12608],[144.16561,-38.1307],[144.1663,-38.13122],[144.17154,-38.13284],[144.17287,-38.13489],[144.17676,-38.13334],[144.17913,-38.13323],[144.18157,-38.13432],[144.18269,-38.13568],[144.1851,-38.13572],[144.18743,-38.13505],[144.18877,-38.13603],[144.19056,-38.13928],[144.19231,-38.13968],[144.19228,-38.14138],[144.1909,-38.14202],[144.18844,-38.14195],[144.18665,-38.14365],[144.1869,-38.14552],[144.1889,-38.14596],[144.19055,-38.14453],[144.19272,-38.14412],[144.19717,-38.14657],[144.19935,-38.14661],[144.1997,-38.14447],[144.20347,-38.14386],[144.20432,-38.14289],[144.20759,-38.14226],[144.21016,-38.1409],[144.21037,-38.13786],[144.21509,-38.13653],[144.21872,-38.13703],[144.21964,-38.1381],[144.22088,-38.14208],[144.2187,-38.1435],[144.2239,-38.14567],[144.22479,-38.14548],[144.2293,-38.14069],[144.23085,-38.14204],[144.23319,-38.14204],[144.23338,-38.13982],[144.23455,-38.13998],[144.23569,-38.13809],[144.23552,-38.13674],[144.23824,-38.13611],[144.24061,-38.13492],[144.24163,-38.13517],[144.243,-38.13821],[144.24041,-38.141],[144.24115,-38.14155],[144.24385,-38.141],[144.25064,-38.13911],[144.25987,-38.13758],[144.26241,-38.1414],[144.26852,-38.14611],[144.27075,-38.1458],[144.27302,-38.14688],[144.27398,-38.14584],[144.28016,-38.14561],[144.28254,-38.14651],[144.28387,-38.14549],[144.28831,-38.14753],[144.2875,-38.14928],[144.28854,-38.15084],[144.28878,-38.15601],[144.29101,-38.15703],[144.2936,-38.15625],[144.29411,-38.15468],[144.29394,-38.15202],[144.29563,-38.15131],[144.29511,-38.14769],[144.29498,-38.14291],[144.2966,-38.13891],[144.29947,-38.13643],[144.30236,-38.1352],[144.30741,-38.13398],[144.30839,-38.13185],[144.30801,-38.12947],[144.31082,-38.12527],[144.30995,-38.12448],[144.30936,-38.12136],[144.31034,-38.11834],[144.31291,-38.11908],[144.31492,-38.11819],[144.31586,-38.11663],[144.3151,-38.11547],[144.3133,-38.11516],[144.30953,-38.11595],[144.30817,-38.11386],[144.30627,-38.11452],[144.30459,-38.11351],[144.30667,-38.11234],[144.3077,-38.11071],[144.30701,-38.11006],[144.30478,-38.11098],[144.30239,-38.10875],[144.30019,-38.10871],[144.29912,-38.10599],[144.29766,-38.10495],[144.29496,-38.10431],[144.29262,-38.10459],[144.29116,-38.10393],[144.29041,-38.1016],[144.28866,-38.10019],[144.28863,-38.09865],[144.2842,-38.09934],[144.28174,-38.09816],[144.28041,-38.09871],[144.27877,-38.0973],[144.2789,-38.09587],[144.27509,-38.09356],[144.27695,-38.09248],[144.27847,-38.09079],[144.27801,-38.08867],[144.27863,-38.08692],[144.28049,-38.08509],[144.28068,-38.08375],[144.284,-38.08319],[144.2845,-38.0814],[144.28387,-38.08035],[144.28602,-38.07943],[144.28594,-38.07797],[144.28425,-38.07743],[144.2813,-38.07304],[144.27917,-38.07253],[144.27836,-38.07052],[144.27667,-38.06999],[144.27686,-38.0682],[144.27487,-38.06759],[144.27288,-38.06574],[144.27146,-38.06605],[144.26913,-38.0676],[144.26757,-38.06754],[144.26528,-38.06649],[144.26207,-38.06664],[144.25964,-38.06576],[144.25931,-38.06263],[144.25972,-38.06188],[144.25832,-38.0598],[144.25957,-38.05953],[144.26263,-38.0554],[144.2631,-38.05039],[144.26142,-38.04844],[144.26135,-38.04639],[144.26278,-38.04547],[144.2622,-38.04438],[144.26059,-38.04402],[144.2609,-38.04227],[144.26032,-38.04071],[144.25675,-38.03917],[144.25851,-38.03781],[144.25837,-38.03537],[144.25578,-38.03338],[144.25343,-38.03297],[144.2512,-38.03145],[144.25057,-38.03011],[144.25112,-38.02825],[144.2502,-38.02745],[144.24965,-38.02528],[144.25011,-38.02306],[144.25195,-38.02372],[144.25172,-38.02144],[144.25017,-38.01963],[144.24685,-38.01829],[144.24686,-38.01626],[144.24459,-38.01176],[144.24299,-38.01174],[144.24281,-38.0098],[144.24074,-38.00806],[144.24275,-38.00445],[144.24358,-37.99962],[144.24338,-37.9981],[144.24645,-37.99781],[144.24684,-37.99726],[144.24544,-37.99328],[144.24649,-37.99252],[144.24697,-37.98989],[144.24527,-37.98926],[144.24736,-37.98694],[144.24245,-37.98298],[144.24014,-37.98334],[144.24089,-37.98055],[144.24251,-37.98033],[144.24183,-37.97824],[144.24016,-37.97729],[144.24015,-37.97565],[144.24158,-37.97364],[144.23947,-37.97259],[144.22996,-37.97134],[144.22792,-37.97036],[144.22583,-37.97191],[144.2243,-37.97171],[144.22309,-37.9704],[144.20736,-37.96841],[144.18125,-37.96524],[144.17838,-37.97963],[144.16599,-37.97812],[144.16351,-37.97663],[144.16257,-37.9787],[144.16379,-37.98012],[144.16265,-37.98172],[144.15824,-37.98239],[144.15862,-37.98482],[144.15996,-37.98507],[144.14412,-37.9894],[144.14553,-37.99119],[144.14024,-37.99328],[144.13997,-37.99564],[144.13771,-37.9966],[144.13505,-37.99867],[144.13482,-38.00211],[144.13414,-38.0026],[144.11334,-38.00016],[144.11407,-37.99586],[144.10766,-37.99514],[144.10525,-37.99733],[144.09967,-37.99672],[144.09989,-37.99556],[144.08641,-37.99397],[144.08512,-37.98962],[144.08074,-37.99043],[144.06862,-37.98818],[144.06523,-37.98859],[144.06096,-37.9864],[144.04846,-37.98491],[144.04939,-37.97996],[144.04185,-37.97913],[144.02153,-37.98129],[144.01991,-37.98059],[144.00269,-37.97818],[143.99004,-37.97917],[143.99649,-37.94704],[143.9842,-37.94568],[143.98296,-37.94466],[143.98084,-37.94631],[143.9786,-37.9464],[143.97774,-37.94559],[143.97723,-37.94355],[143.97951,-37.9415],[143.97569,-37.93931],[143.97443,-37.93972],[143.97396,-37.94127],[143.97181,-37.94061],[143.97168,-37.93808],[143.96931,-37.9364],[143.96885,-37.93507],[143.96719,-37.93404],[143.96617,-37.93182],[143.96417,-37.93044],[143.96079,-37.92996],[143.96133,-37.92748],[143.95966,-37.92735],[143.95713,-37.9285],[143.95702,-37.93019],[143.95467,-37.92936],[143.95276,-37.92724],[143.9523,-37.9209],[143.95007,-37.9182],[143.94874,-37.91572],[143.94837,-37.9109],[143.949,-37.90962],[143.95149,-37.9091],[143.94959,-37.90639],[143.95203,-37.90545],[143.95104,-37.90429],[143.94934,-37.9042],[143.94567,-37.90295],[143.94463,-37.90098],[143.94144,-37.90213],[143.93988,-37.90124],[143.93737,-37.89838],[143.93936,-37.8976],[143.93801,-37.89649],[143.936,-37.8963],[143.9355,-37.89546],[143.93648,-37.89384],[143.93517,-37.89171],[143.90801,-37.88842],[143.90772,-37.8888],[143.88863,-37.88665],[143.88785,-37.89094],[143.87298,-37.88922],[143.87377,-37.8849],[143.86813,-37.88413],[143.81782,-37.87798],[143.8186,-37.87744],[143.81942,-37.87451],[143.82096,-37.87328],[143.82222,-37.8712],[143.79522,-37.86809],[143.79099,-37.88867],[143.78826,-37.88956],[143.78728,-37.89052],[143.78143,-37.89187],[143.77993,-37.8914],[143.77743,-37.88959],[143.77269,-37.88938],[143.7719,-37.88784],[143.77203,-37.88579],[143.76717,-37.88721],[143.76636,-37.89073],[143.76538,-37.89124],[143.76312,-37.89082],[143.76384,-37.89272],[143.76369,-37.89454],[143.76058,-37.89654],[143.7585,-37.89543],[143.75815,-37.89375],[143.75577,-37.89405],[143.75429,-37.89591],[143.75012,-37.89565],[143.74843,-37.89486],[143.74727,-37.89576],[143.74548,-37.89544],[143.74311,-37.89406],[143.73943,-37.89406],[143.73678,-37.89581],[143.73435,-37.89504],[143.73579,-37.88689],[143.72793,-37.886],[143.72753,-37.88359],[143.72648,-37.88101],[143.72855,-37.8775],[143.72767,-37.87465],[143.72877,-37.87389],[143.72942,-37.87119],[143.71982,-37.87014],[143.72047,-37.86646],[143.71096,-37.86545],[143.71035,-37.86899],[143.70306,-37.8682],[143.70182,-37.87549],[143.69406,-37.87462],[143.69389,-37.8756],[143.683,-37.87443],[143.68428,-37.87657],[143.67992,-37.8762],[143.67949,-37.87891],[143.67517,-37.87838],[143.67492,-37.87994],[143.66553,-37.87425],[143.66224,-37.87096],[143.6612,-37.86822],[143.66257,-37.86621],[143.66089,-37.865],[143.66077,-37.86255],[143.66253,-37.85984],[143.66074,-37.8593],[143.66048,-37.85747],[143.65766,-37.85644],[143.65489,-37.85609],[143.6519,-37.85401],[143.64702,-37.85273],[143.64508,-37.85054],[143.64354,-37.85052],[143.63968,-37.84892],[143.63807,-37.84766],[143.6381,-37.84613],[143.63528,-37.84047],[143.63598,-37.83834],[143.63579,-37.83666],[143.62503,-37.83735],[143.62714,-37.82611],[143.61933,-37.82515],[143.62076,-37.8179],[143.61769,-37.81754],[143.61836,-37.81403],[143.61372,-37.81347],[143.61445,-37.80969],[143.60742,-37.80891],[143.60822,-37.8048],[143.60915,-37.80218],[143.60579,-37.80185],[143.60502,-37.80466],[143.59756,-37.80391],[143.59758,-37.80291],[143.59602,-37.80188],[143.59214,-37.80184],[143.58837,-37.80225],[143.58436,-37.80087],[143.58294,-37.8],[143.58255,-37.79831],[143.58079,-37.79635],[143.57836,-37.79546],[143.58001,-37.79446],[143.58211,-37.79576],[143.5825,-37.79209],[143.58446,-37.79127],[143.58157,-37.79008],[143.58443,-37.78673],[143.58271,-37.78434],[143.5838,-37.78214],[143.58534,-37.78076],[143.5806,-37.77941],[143.5794,-37.77601],[143.57958,-37.77432],[143.57804,-37.77358],[143.57839,-37.77252],[143.57732,-37.77125],[143.57994,-37.77012],[143.57751,-37.76715],[143.57539,-37.76509],[143.57849,-37.76476],[143.57918,-37.76408],[143.57617,-37.76246],[143.5775,-37.76173],[143.57688,-37.75981],[143.57745,-37.7575],[143.57652,-37.75491],[143.57733,-37.75056],[143.57404,-37.74949],[143.57071,-37.75067],[143.5685,-37.74986],[143.568,-37.74544],[143.53451,-37.74129],[143.53513,-37.73793],[143.51913,-37.73609],[143.52109,-37.72476],[143.52517,-37.70295],[143.52795,-37.68853],[143.50349,-37.68552],[143.50522,-37.67698],[143.50397,-37.67651],[143.50631,-37.6648],[143.5093,-37.6661],[143.5112,-37.66622],[143.51603,-37.66736],[143.51661,-37.66388]]]},"properties":{"district":"Polwarth"}},{"type":"Feature","geometry":{"type":"Polygon","coordinates":[[[144.98568,-37.86461],[145.00917,-37.8676],[145.01052,-37.86022],[145.01233,-37.84921],[145.00952,-37.84745],[145.01078,-37.84122],[145.01265,-37.83053],[145.00889,-37.83327],[145.00755,-37.83181],[145.00511,-37.83119],[145.0038,-37.83168],[145.0038,-37.83446],[145.0008,-37.83353],[144.9967,-37.83434],[144.99149,-37.83319],[144.98793,-37.82962],[144.98533,-37.82775],[144.98087,-37.82661],[144.97951,-37.82561],[144.97412,-37.81997],[144.97165,-37.81909],[144.96826,-37.81925],[144.97124,-37.82595],[144.97169,-37.83426],[144.97104,-37.83519],[144.97329,-37.8367],[144.97753,-37.84823],[144.97937,-37.85368],[144.98061,-37.85489],[144.98257,-37.85553],[144.98568,-37.86461]]]},"properties":{"district":"Prahran"}},{"type":"Feature","geometry":{"type":"Polygon","coordinates":[[[144.9787,-37.71925],[144.97861,-37.72143],[144.98143,-37.72171],[144.98182,-37.72106],[144.98526,-37.72137],[144.98294,-37.73596],[144.97979,-37.74276],[144.98564,-37.74347],[145.00866,-37.74572],[145.03195,-37.74843],[145.03328,-37.74889],[145.03552,-37.74794],[145.03607,-37.74654],[145.03383,-37.746],[145.03378,-37.74481],[145.03511,-37.74406],[145.03401,-37.74188],[145.03309,-37.74146],[145.03223,-37.73742],[145.03362,-37.73679],[145.0337,-37.7353],[145.03785,-37.73474],[145.03815,-37.73381],[145.04023,-37.73218],[145.03824,-37.7305],[145.04027,-37.7293],[145.0386,-37.72732],[145.03606,-37.72335],[145.03497,-37.72321],[145.03455,-37.71996],[145.03152,-37.72059],[145.03042,-37.71978],[145.03046,-37.71738],[145.02759,-37.71717],[145.02721,-37.7159],[145.02561,-37.71502],[145.02541,-37.71257],[145.0273,-37.71176],[145.02958,-37.71196],[145.03134,-37.71139],[145.03436,-37.71168],[145.03526,-37.71016],[145.0352,-37.70839],[145.03366,-37.70636],[145.0348,-37.70459],[145.0361,-37.70001],[145.03816,-37.69875],[145.03945,-37.69912],[145.04081,-37.69827],[145.03246,-37.69734],[145.0114,-37.69485],[145.00158,-37.69387],[144.99935,-37.69642],[144.99653,-37.69628],[144.99216,-37.69829],[144.9926,-37.69979],[144.99162,-37.70159],[144.99222,-37.70355],[144.99223,-37.70572],[144.99385,-37.70755],[144.98019,-37.70643],[144.98052,-37.70772],[144.97874,-37.70805],[144.97717,-37.71034],[144.97885,-37.71141],[144.979,-37.71246],[144.977,-37.71361],[144.98064,-37.71438],[144.98046,-37.71614],[144.97818,-37.71658],[144.9787,-37.71925]]]},"properties":{"district":"Preston"}},{"type":"Feature","geometry":{"type":"Polygon","coordinates":[[[144.97811,-37.78021],[144.97572,-37.79305],[144.97319,-37.80792],[144.99133,-37.80986],[144.98793,-37.82962],[144.99149,-37.83319],[144.9967,-37.83434],[145.0008,-37.83353],[145.0038,-37.83446],[145.0038,-37.83168],[145.00511,-37.83119],[145.00755,-37.83181],[145.00889,-37.83327],[145.01265,-37.83053],[145.01653,-37.83214],[145.01922,-37.83162],[145.02217,-37.83268],[145.02295,-37.8342],[145.02462,-37.8345],[145.02708,-37.83272],[145.02831,-37.831],[145.02319,-37.82809],[145.02201,-37.82557],[145.02012,-37.82545],[145.0184,-37.82622],[145.01609,-37.82435],[145.01573,-37.82156],[145.0144,-37.81636],[145.01539,-37.81214],[145.01535,-37.8105],[145.00946,-37.81045],[145.00895,-37.80795],[145.00724,-37.8072],[145.0007,-37.80722],[144.99934,-37.80558],[145.00037,-37.8042],[145.0044,-37.80533],[145.00645,-37.80477],[145.00747,-37.80314],[145.00246,-37.79953],[145.00005,-37.7983],[145.00003,-37.79695],[145.00195,-37.79669],[145.00128,-37.79445],[145.00513,-37.79233],[145.00574,-37.79108],[145.00842,-37.78907],[145.00807,-37.78688],[145.00504,-37.78544],[145.00357,-37.7836],[145.00167,-37.78316],[144.99854,-37.78556],[144.99636,-37.7852],[144.99397,-37.78339],[144.99219,-37.78267],[144.98885,-37.7815],[144.97811,-37.78021]]]},"properties":{"district":"Richmond"}},{"type":"Feature","geometry":{"type":"Polygon","coordinates":[[[145.26913,-37.81817],[145.26955,-37.81055],[145.2596,-37.8093],[145.264,-37.80776],[145.26202,-37.80395],[145.2626,-37.80352],[145.26064,-37.80077],[145.25589,-37.79656],[145.25404,-37.79787],[145.25062,-37.79574],[145.24202,-37.79475],[145.23538,-37.79382],[145.23597,-37.79009],[145.22639,-37.78902],[145.2227,-37.78903],[145.2221,-37.79231],[145.22025,-37.79258],[145.21721,-37.79088],[145.21382,-37.8107],[145.21232,-37.81057],[145.21044,-37.80834],[145.20871,-37.80878],[145.20726,-37.80639],[145.20487,-37.80542],[145.20434,-37.80362],[145.20268,-37.80227],[145.19633,-37.80209],[145.1945,-37.80112],[145.18946,-37.80051],[145.18199,-37.80338],[145.17441,-37.80409],[145.17159,-37.80294],[145.16582,-37.80202],[145.16107,-37.80186],[145.15967,-37.80122],[145.1577,-37.81104],[145.16674,-37.81204],[145.16611,-37.81564],[145.16628,-37.8182],[145.176,-37.81846],[145.17359,-37.83064],[145.17879,-37.83093],[145.17991,-37.83133],[145.18376,-37.83126],[145.18912,-37.83178],[145.19108,-37.83055],[145.19896,-37.83053],[145.20051,-37.8309],[145.20294,-37.83056],[145.20878,-37.83061],[145.21223,-37.83027],[145.21335,-37.83092],[145.21335,-37.83239],[145.21735,-37.83239],[145.22735,-37.83238],[145.22732,-37.82638],[145.23732,-37.82637],[145.23743,-37.82289],[145.24101,-37.82297],[145.24101,-37.81769],[145.24621,-37.82075],[145.24848,-37.82141],[145.25201,-37.8251],[145.2614,-37.82785],[145.26399,-37.82801],[145.26468,-37.82518],[145.26432,-37.82241],[145.26677,-37.81772],[145.26848,-37.81654],[145.26913,-37.81817]]]},"properties":{"district":"Ringwood"}},{"type":"Feature","geometry":{"type":"Polygon","coordinates":[[[143.8766,-36.29909],[143.87561,-36.29733],[143.87744,-36.29716],[143.8801,-36.29608],[143.88079,-36.29473],[143.88001,-36.29304],[143.88263,-36.29212],[143.88376,-36.29309],[143.8864,-36.29092],[143.88525,-36.28843],[143.88305,-36.28721],[143.88226,-36.28589],[143.88382,-36.28336],[143.88266,-36.28106],[143.88311,-36.28003],[143.88507,-36.27992],[143.88504,-36.27825],[143.80983,-36.26957],[143.81034,-36.26667],[143.79256,-36.26463],[143.78898,-36.26679],[143.78258,-36.266],[143.78445,-36.25561],[143.77418,-36.25436],[143.77601,-36.24438],[143.75797,-36.24236],[143.75806,-36.24186],[143.74435,-36.24013],[143.74024,-36.2644],[143.73858,-36.2731],[143.72522,-36.27155],[143.71198,-36.27013],[143.71233,-36.26923],[143.70245,-36.26807],[143.70455,-36.25612],[143.68514,-36.25389],[143.68662,-36.24518],[143.67601,-36.24395],[143.67643,-36.24151],[143.63162,-36.23637],[143.57981,-36.23041],[143.58169,-36.21953],[143.5687,-36.22223],[143.56702,-36.22194],[143.54697,-36.21972],[143.54938,-36.20515],[143.53162,-36.20317],[143.51347,-36.20115],[143.51238,-36.20202],[143.50888,-36.20311],[143.49692,-36.20307],[143.48664,-36.20293],[143.47975,-36.20309],[143.46847,-36.20306],[143.41875,-36.20314],[143.38886,-36.21603],[143.3826,-36.21621],[143.36554,-36.21623],[143.36395,-36.21639],[143.36613,-36.22005],[143.36743,-36.22367],[143.368,-36.22829],[143.36874,-36.23176],[143.3605,-36.23086],[143.34022,-36.23083],[143.34084,-36.22563],[143.32435,-36.22565],[143.32435,-36.22485],[143.29789,-36.22486],[143.2979,-36.23108],[143.29243,-36.23142],[143.22829,-36.2316],[143.22756,-36.23137],[143.20345,-36.23145],[143.19882,-36.23293],[143.16483,-36.233],[143.16497,-36.24646],[143.15177,-36.24642],[143.1505,-36.2485],[143.14865,-36.24902],[143.14524,-36.24687],[143.1307,-36.24685],[143.12821,-36.24515],[143.12822,-36.2336],[143.09839,-36.23364],[143.0984,-36.23639],[143.07994,-36.2364],[143.07993,-36.23485],[143.02083,-36.22863],[143.02037,-36.22491],[143.0185,-36.21784],[143.01641,-36.21288],[143.01142,-36.20463],[143.00894,-36.20121],[143.00303,-36.20057],[143.00423,-36.19334],[143.00272,-36.19318],[142.99619,-36.18688],[142.99464,-36.1867],[142.98653,-36.18102],[142.98246,-36.1785],[142.98043,-36.17685],[142.97812,-36.17313],[142.97522,-36.17066],[142.97298,-36.16984],[142.96908,-36.16913],[142.96526,-36.16902],[142.96069,-36.16962],[142.95706,-36.17208],[142.95594,-36.17491],[142.95505,-36.18025],[142.95286,-36.18165],[142.95115,-36.1836],[142.94977,-36.18599],[142.95008,-36.18742],[142.94814,-36.19793],[142.90514,-36.19315],[142.90671,-36.18389],[142.90084,-36.18326],[142.9009,-36.18286],[142.88344,-36.18097],[142.88309,-36.18012],[142.848,-36.17618],[142.83475,-36.18981],[142.78984,-36.1846],[142.79023,-36.18236],[142.78616,-36.18189],[142.79355,-36.13924],[142.75033,-36.13421],[142.72895,-36.14681],[142.72785,-36.14779],[142.74339,-36.1478],[142.74252,-36.15273],[142.74784,-36.15335],[142.74601,-36.16376],[142.74218,-36.16332],[142.74168,-36.16619],[142.73659,-36.1656],[142.7356,-36.17117],[142.73694,-36.17582],[142.73566,-36.183],[142.73535,-36.18351],[142.7321,-36.18313],[142.73214,-36.20969],[142.72516,-36.20969],[142.7252,-36.22446],[142.72805,-36.22446],[142.72804,-36.23944],[142.7221,-36.23944],[142.72209,-36.26248],[142.74307,-36.26477],[142.74013,-36.28276],[142.72724,-36.28139],[142.72559,-36.29153],[142.72186,-36.29113],[142.71924,-36.30721],[142.73155,-36.29851],[142.73156,-36.32422],[142.73155,-36.37573],[142.73496,-36.37603],[142.74295,-36.39306],[142.7318,-36.39746],[142.73182,-36.40524],[142.76215,-36.40521],[142.76215,-36.4081],[142.79854,-36.40805],[142.79861,-36.43756],[142.81677,-36.43751],[142.81672,-36.45948],[142.79876,-36.45947],[142.79865,-36.45956],[142.79865,-36.47326],[142.78936,-36.47326],[142.7894,-36.49589],[142.78508,-36.49589],[142.78508,-36.49772],[142.73189,-36.49769],[142.73187,-36.52062],[142.73174,-36.52058],[142.73161,-36.55065],[142.767,-36.56228],[142.78269,-36.57225],[142.81637,-36.57233],[142.8164,-36.59425],[142.81113,-36.60528],[142.80789,-36.60639],[142.80448,-36.6133],[142.80645,-36.61498],[142.79441,-36.63951],[142.76386,-36.65673],[142.74659,-36.67785],[142.73033,-36.69807],[142.7141,-36.72103],[142.71192,-36.73578],[142.72445,-36.75198],[142.73154,-36.76137],[142.69459,-36.76143],[142.63144,-36.76144],[142.63134,-36.79964],[142.6313,-36.82661],[142.63137,-36.83992],[142.62975,-36.84351],[142.6292,-36.84629],[142.6313,-36.85211],[142.63135,-36.85424],[142.63146,-36.88733],[142.6322,-36.88981],[142.63428,-36.89228],[142.64984,-36.9038],[142.65363,-36.90731],[142.65595,-36.91117],[142.65696,-36.91423],[142.65719,-36.91903],[142.65625,-36.92289],[142.65389,-36.93011],[142.65363,-36.933],[142.65479,-36.9376],[142.65716,-36.94139],[142.65849,-36.94434],[142.65885,-36.94645],[142.65892,-36.96325],[142.65879,-36.97373],[142.65891,-36.9869],[142.64373,-36.98672],[142.64702,-36.98772],[142.65109,-36.99731],[142.65091,-36.99775],[142.67162,-36.99777],[142.67167,-37.03045],[142.67481,-37.03143],[142.67665,-37.03325],[142.67536,-37.0344],[142.67391,-37.03845],[142.67167,-37.0414],[142.67167,-37.05007],[142.66266,-37.05547],[142.66266,-37.05642],[142.65389,-37.0564],[142.65392,-37.08501],[142.67913,-37.08494],[142.67497,-37.11055],[142.68324,-37.11346],[142.71695,-37.12507],[142.71693,-37.1428],[142.73485,-37.14269],[142.73991,-37.14534],[142.74033,-37.14822],[142.74661,-37.14912],[142.74689,-37.14853],[142.75047,-37.14733],[142.75383,-37.15005],[142.75648,-37.15098],[142.75759,-37.15011],[142.7586,-37.14494],[142.76216,-37.14314],[142.76389,-37.14448],[142.76466,-37.14196],[142.76877,-37.14303],[142.76781,-37.14824],[142.76963,-37.14844],[142.76845,-37.15442],[142.77716,-37.15537],[142.77693,-37.15699],[142.78172,-37.15749],[142.78357,-37.16296],[142.78375,-37.1689],[142.79461,-37.17018],[142.79495,-37.16834],[142.82386,-37.17187],[142.82336,-37.17444],[142.83165,-37.17548],[142.83134,-37.17705],[142.83756,-37.18825],[142.83969,-37.19186],[142.84676,-37.19282],[142.85083,-37.19824],[142.85133,-37.19951],[142.84942,-37.21015],[142.84801,-37.20999],[142.8476,-37.21239],[142.84633,-37.21573],[142.84307,-37.21535],[142.84385,-37.21752],[142.8435,-37.22009],[142.83777,-37.22813],[142.84008,-37.2284],[142.83896,-37.23478],[142.84099,-37.23635],[142.84195,-37.23774],[142.83928,-37.24957],[142.83841,-37.24907],[142.83785,-37.25292],[142.83634,-37.25749],[142.83543,-37.26244],[142.83156,-37.26419],[142.82966,-37.26857],[142.82849,-37.26958],[142.83592,-37.26895],[142.83737,-37.26949],[142.84092,-37.26855],[142.84327,-37.26895],[142.85335,-37.27382],[142.85571,-37.27516],[142.8581,-37.28143],[142.85438,-37.28096],[142.85422,-37.28175],[142.83882,-37.27999],[142.83641,-37.29309],[142.83749,-37.29454],[142.83804,-37.29737],[142.8391,-37.2993],[142.83982,-37.30229],[142.84121,-37.30323],[142.84157,-37.30482],[142.84001,-37.30711],[142.84014,-37.30903],[142.84215,-37.3122],[142.84037,-37.32134],[142.83592,-37.34648],[142.84213,-37.3472],[142.83962,-37.36195],[142.83706,-37.37598],[142.81911,-37.37392],[142.81895,-37.37418],[142.82535,-37.37804],[142.82575,-37.37897],[142.82984,-37.38283],[142.83244,-37.38576],[142.82857,-37.39051],[142.81555,-37.39452],[142.81421,-37.40289],[142.82126,-37.40373],[142.82268,-37.40492],[142.8206,-37.41821],[142.85832,-37.42256],[142.86126,-37.42285],[142.9121,-37.42863],[142.93097,-37.43081],[142.93154,-37.43353],[142.93801,-37.43933],[142.93949,-37.44017],[142.94527,-37.44252],[142.94644,-37.44344],[142.94691,-37.44516],[142.94173,-37.47374],[142.94206,-37.47517],[142.94456,-37.47685],[142.94621,-37.47657],[142.95918,-37.47807],[142.97294,-37.48228],[142.9966,-37.48643],[142.99802,-37.48606],[142.99967,-37.4877],[143.00149,-37.48843],[143.02513,-37.49571],[143.02693,-37.49683],[143.03087,-37.50221],[143.03186,-37.50324],[143.03679,-37.50626],[143.04051,-37.50768],[143.04529,-37.51036],[143.09611,-37.53999],[143.11765,-37.55244],[143.11971,-37.5531],[143.13265,-37.55472],[143.13642,-37.55602],[143.14749,-37.5642],[143.14926,-37.56623],[143.15325,-37.5733],[143.15146,-37.57561],[143.14389,-37.58285],[143.13934,-37.58676],[143.13847,-37.58839],[143.13749,-37.59455],[143.13493,-37.59953],[143.13369,-37.60134],[143.1316,-37.60325],[143.12515,-37.61175],[143.12344,-37.61368],[143.11689,-37.61989],[143.11025,-37.63477],[143.10809,-37.6384],[143.10367,-37.64358],[143.10149,-37.64526],[143.09503,-37.6477],[143.09121,-37.64999],[143.08952,-37.65181],[143.08525,-37.65944],[143.08262,-37.66269],[143.08159,-37.66461],[143.08068,-37.66835],[143.07887,-37.67179],[143.07815,-37.67576],[143.07579,-37.68359],[143.07708,-37.69119],[143.07573,-37.69503],[143.07494,-37.69845],[143.07454,-37.70238],[143.07402,-37.70382],[143.06843,-37.71189],[143.06418,-37.71715],[143.06057,-37.71822],[143.06133,-37.71827],[143.09929,-37.72245],[143.18022,-37.73147],[143.18274,-37.73152],[143.18551,-37.73091],[143.18753,-37.73381],[143.19038,-37.73465],[143.19206,-37.73338],[143.1958,-37.73383],[143.19671,-37.7354],[143.19913,-37.73524],[143.20096,-37.73635],[143.20157,-37.73522],[143.20456,-37.73394],[143.20626,-37.73465],[143.20768,-37.73439],[143.2117,-37.73525],[143.21506,-37.73415],[143.21612,-37.73459],[143.21625,-37.73694],[143.21825,-37.73661],[143.22274,-37.73701],[143.22456,-37.73667],[143.2254,-37.73936],[143.22528,-37.74182],[143.22725,-37.74328],[143.22625,-37.74443],[143.22935,-37.74556],[143.23157,-37.74465],[143.23302,-37.74476],[143.2344,-37.74383],[143.23245,-37.74242],[143.23458,-37.74185],[143.23577,-37.74267],[143.23706,-37.74165],[143.24061,-37.74332],[143.24262,-37.74469],[143.24089,-37.74588],[143.24167,-37.74662],[143.24489,-37.74405],[143.24575,-37.74248],[143.24754,-37.74352],[143.24991,-37.74221],[143.2504,-37.73918],[143.24891,-37.7381],[143.25262,-37.73575],[143.25374,-37.73648],[143.25546,-37.73552],[143.25642,-37.73378],[143.2564,-37.73235],[143.26003,-37.7337],[143.26491,-37.73464],[143.26569,-37.73571],[143.26383,-37.73823],[143.26379,-37.73914],[143.26665,-37.74018],[143.26775,-37.74234],[143.26708,-37.74323],[143.26898,-37.74551],[143.27095,-37.74593],[143.26939,-37.74931],[143.27264,-37.74986],[143.27162,-37.75306],[143.27433,-37.7531],[143.27572,-37.75509],[143.27713,-37.75611],[143.28156,-37.75503],[143.28252,-37.75425],[143.28463,-37.75748],[143.28675,-37.75634],[143.29052,-37.7551],[143.29396,-37.7563],[143.297,-37.75649],[143.2987,-37.75468],[143.30143,-37.7554],[143.30328,-37.75658],[143.30447,-37.75638],[143.3053,-37.75482],[143.3041,-37.75305],[143.3051,-37.75132],[143.3082,-37.74976],[143.30766,-37.74835],[143.31214,-37.74906],[143.31268,-37.74739],[143.31505,-37.74829],[143.31709,-37.74673],[143.31553,-37.74509],[143.31827,-37.74412],[143.32241,-37.74363],[143.32238,-37.74096],[143.32109,-37.73986],[143.32181,-37.73834],[143.31914,-37.73881],[143.31737,-37.7384],[143.31594,-37.73527],[143.32115,-37.73614],[143.32229,-37.73685],[143.32448,-37.73649],[143.3244,-37.7355],[143.32067,-37.73478],[143.31985,-37.7329],[143.32013,-37.73015],[143.31915,-37.72723],[143.32142,-37.7285],[143.32287,-37.72843],[143.32279,-37.7261],[143.32474,-37.72556],[143.32685,-37.72297],[143.32633,-37.72183],[143.32722,-37.71906],[143.32572,-37.71758],[143.32301,-37.71753],[143.32187,-37.71667],[143.32637,-37.71553],[143.32549,-37.71378],[143.32307,-37.71268],[143.32066,-37.71249],[143.32111,-37.71146],[143.3229,-37.7108],[143.32485,-37.7117],[143.32759,-37.71102],[143.33005,-37.71258],[143.33142,-37.71227],[143.33274,-37.70886],[143.33462,-37.70917],[143.33672,-37.71053],[143.33942,-37.71081],[143.33963,-37.70983],[143.34191,-37.70733],[143.3419,-37.7038],[143.34002,-37.7046],[143.33931,-37.70336],[143.34092,-37.70056],[143.34044,-37.69926],[143.34149,-37.69696],[143.34028,-37.69523],[143.3413,-37.69423],[143.34487,-37.69329],[143.34481,-37.6911],[143.34907,-37.69207],[143.35016,-37.6934],[143.35431,-37.67223],[143.35478,-37.67028],[143.3712,-37.67229],[143.37124,-37.67046],[143.37213,-37.66991],[143.37495,-37.67099],[143.37623,-37.66969],[143.37957,-37.66821],[143.38228,-37.66868],[143.38461,-37.66989],[143.38585,-37.66989],[143.38899,-37.66859],[143.39198,-37.66962],[143.39535,-37.66958],[143.39593,-37.66883],[143.39878,-37.66791],[143.40049,-37.66902],[143.40176,-37.66828],[143.40358,-37.6688],[143.40448,-37.67003],[143.40458,-37.67224],[143.40819,-37.67137],[143.40945,-37.67245],[143.41324,-37.67274],[143.41417,-37.67071],[143.41876,-37.66965],[143.42357,-37.67016],[143.42587,-37.66795],[143.42724,-37.66817],[143.42863,-37.66973],[143.43104,-37.66915],[143.43265,-37.67125],[143.43431,-37.67044],[143.4379,-37.67048],[143.43966,-37.66946],[143.4412,-37.67005],[143.44375,-37.66855],[143.44645,-37.6684],[143.44638,-37.66693],[143.44906,-37.66557],[143.45057,-37.66251],[143.45215,-37.66248],[143.45228,-37.66119],[143.45629,-37.65989],[143.45842,-37.66133],[143.46065,-37.6603],[143.46194,-37.66088],[143.46451,-37.65898],[143.46538,-37.66007],[143.46746,-37.66011],[143.46749,-37.65859],[143.46548,-37.65834],[143.46433,-37.65738],[143.466,-37.6539],[143.47033,-37.65418],[143.47363,-37.65352],[143.47745,-37.65173],[143.47952,-37.65245],[143.48109,-37.65142],[143.47624,-37.65008],[143.47688,-37.64878],[143.48174,-37.64693],[143.48302,-37.64599],[143.48972,-37.64681],[143.48802,-37.65514],[143.49987,-37.6568],[143.49483,-37.66088],[143.51661,-37.66388],[143.52961,-37.66567],[143.53578,-37.66671],[143.53339,-37.66408],[143.53654,-37.64831],[143.58446,-37.6534],[143.58664,-37.65372],[143.58735,-37.65008],[143.58994,-37.6504],[143.59032,-37.64826],[143.59303,-37.64854],[143.59336,-37.64696],[143.59605,-37.64634],[143.5953,-37.64431],[143.62632,-37.64839],[143.64196,-37.6503],[143.64221,-37.64623],[143.64707,-37.64686],[143.65164,-37.64703],[143.65273,-37.63064],[143.65263,-37.62419],[143.66219,-37.57241],[143.67154,-37.56842],[143.67812,-37.56431],[143.67999,-37.56239],[143.68598,-37.56012],[143.69367,-37.55822],[143.70738,-37.55789],[143.78282,-37.56666],[143.78726,-37.54232],[143.79132,-37.54404],[143.79253,-37.54161],[143.79511,-37.54269],[143.79597,-37.54111],[143.79941,-37.54257],[143.80211,-37.53778],[143.80334,-37.53118],[143.80411,-37.52829],[143.807,-37.52637],[143.82077,-37.51861],[143.82349,-37.51756],[143.82641,-37.51743],[143.83355,-37.48004],[143.8469,-37.48162],[143.8463,-37.47962],[143.84666,-37.47702],[143.84931,-37.46724],[143.84997,-37.46692],[143.85603,-37.46771],[143.8568,-37.46847],[143.92212,-37.47439],[143.92391,-37.47371],[143.93775,-37.47544],[143.93797,-37.47421],[143.9766,-37.47856],[143.9867,-37.47975],[143.98588,-37.47735],[143.98857,-37.47763],[143.99021,-37.47843],[143.99004,-37.47942],[144.00187,-37.48074],[144.00177,-37.48132],[144.00651,-37.48197],[144.02357,-37.48388],[144.02391,-37.48483],[144.02139,-37.48646],[144.03857,-37.48613],[144.0424,-37.46384],[144.05524,-37.47009],[144.05628,-37.46778],[144.05865,-37.46813],[144.05908,-37.466],[144.06174,-37.4664],[144.06129,-37.46851],[144.06361,-37.46864],[144.06491,-37.46751],[144.06767,-37.46694],[144.07058,-37.46541],[144.07193,-37.46352],[144.07363,-37.46305],[144.07856,-37.46269],[144.08021,-37.46133],[144.08198,-37.45792],[144.08313,-37.4533],[144.09216,-37.39202],[144.08901,-37.39175],[144.08675,-37.38903],[144.08192,-37.38911],[144.07882,-37.38884],[144.07193,-37.39095],[144.07051,-37.39103],[144.07145,-37.38649],[144.06993,-37.38627],[144.07058,-37.38248],[144.06611,-37.38191],[144.06694,-37.37738],[144.06465,-37.37707],[144.06771,-37.35902],[144.06559,-37.35804],[144.05997,-37.35863],[144.05955,-37.34969],[144.0623,-37.34778],[144.06533,-37.34688],[144.06365,-37.34532],[144.06345,-37.34159],[144.06293,-37.34041],[144.06506,-37.33979],[144.06731,-37.33585],[144.06822,-37.3356],[144.06723,-37.33298],[144.09564,-37.33726],[144.09551,-37.33129],[144.09578,-37.32852],[144.09696,-37.32687],[144.09664,-37.325],[144.09752,-37.32387],[144.09731,-37.32043],[144.09806,-37.31736],[144.0952,-37.31605],[144.09294,-37.31291],[144.09592,-37.31154],[144.09347,-37.30858],[144.09072,-37.30993],[144.08653,-37.31009],[144.08274,-37.30876],[144.08391,-37.3067],[144.08062,-37.30544],[144.08104,-37.3047],[144.08039,-37.29991],[144.0783,-37.29917],[144.07721,-37.29765],[144.07507,-37.29606],[144.07483,-37.29462],[144.07094,-37.28744],[144.0691,-37.28611],[144.06759,-37.28418],[144.06546,-37.28414],[144.06674,-37.27909],[144.06599,-37.27779],[144.06449,-37.27716],[144.0652,-37.27531],[144.06535,-37.2726],[144.06325,-37.27142],[144.06542,-37.25878],[144.05996,-37.25822],[144.05815,-37.25387],[144.05868,-37.2515],[144.056,-37.25109],[144.05619,-37.25007],[144.05282,-37.25013],[144.04833,-37.25207],[144.04167,-37.25647],[144.04063,-37.25957],[144.03908,-37.26155],[144.03802,-37.2642],[144.03805,-37.26795],[144.03905,-37.27042],[144.03663,-37.2698],[144.03548,-37.26857],[144.03535,-37.26607],[144.03605,-37.26504],[144.03394,-37.26308],[144.0299,-37.26208],[144.02743,-37.26194],[144.02601,-37.2629],[144.02482,-37.26261],[144.02418,-37.26007],[144.02317,-37.25997],[144.02205,-37.26257],[144.0189,-37.26327],[144.01657,-37.26182],[144.01377,-37.26187],[144.01226,-37.26104],[144.00983,-37.25831],[144.00732,-37.25912],[144.00587,-37.2577],[144.00551,-37.25619],[144.00316,-37.25722],[144.00221,-37.25596],[144.00005,-37.25532],[144.00148,-37.25252],[144,-37.25006],[143.99505,-37.24375],[143.9963,-37.24317],[143.99818,-37.24403],[143.99913,-37.2422],[144.00054,-37.24139],[144.00034,-37.23999],[143.99778,-37.23884],[143.99696,-37.23731],[143.99723,-37.23593],[143.99518,-37.23554],[143.99361,-37.23667],[143.99208,-37.23328],[143.99087,-37.23349],[143.98699,-37.23168],[143.98412,-37.23341],[143.98239,-37.23087],[143.9808,-37.23169],[143.97986,-37.23086],[143.98106,-37.22905],[143.9802,-37.2281],[143.97869,-37.22934],[143.97688,-37.22993],[143.97427,-37.22769],[143.97073,-37.22817],[143.96883,-37.22631],[143.96571,-37.22474],[143.96514,-37.22334],[143.96365,-37.2223],[143.95855,-37.22026],[143.95845,-37.21811],[143.95608,-37.2165],[143.95572,-37.21469],[143.95463,-37.21303],[143.95508,-37.2108],[143.95174,-37.20551],[143.952,-37.2034],[143.94966,-37.20156],[143.94884,-37.20011],[143.94906,-37.19784],[143.94792,-37.19666],[143.94878,-37.19498],[143.9515,-37.19386],[143.95159,-37.19093],[143.95273,-37.18939],[143.95506,-37.1881],[143.95421,-37.18588],[143.95568,-37.1854],[143.95688,-37.18319],[143.96011,-37.18267],[143.95998,-37.1813],[143.96251,-37.17674],[143.96164,-37.17506],[143.96179,-37.17342],[143.95929,-37.17305],[143.95893,-37.17191],[143.96067,-37.16952],[143.95891,-37.1686],[143.95885,-37.16744],[143.9609,-37.16438],[143.96359,-37.16348],[143.96301,-37.16187],[143.96348,-37.1581],[143.96167,-37.15535],[143.96283,-37.15378],[143.96242,-37.15162],[143.96295,-37.14873],[143.96144,-37.1475],[143.9615,-37.14606],[143.95868,-37.14456],[143.95682,-37.14098],[143.95524,-37.14013],[143.956,-37.13875],[143.95806,-37.13761],[143.95841,-37.13612],[143.9599,-37.13478],[143.96089,-37.13246],[143.96106,-37.13012],[143.96276,-37.12881],[143.96112,-37.12388],[143.96143,-37.12034],[143.96275,-37.11724],[143.96178,-37.11588],[143.96259,-37.11409],[143.96404,-37.11305],[143.96389,-37.11165],[143.96515,-37.1104],[143.96346,-37.10747],[143.96582,-37.10434],[143.96501,-37.10267],[143.96491,-37.10048],[143.96732,-37.09984],[143.96993,-37.09701],[143.96964,-37.09432],[143.96994,-37.09261],[143.972,-37.09157],[143.97448,-37.09298],[143.97757,-37.09856],[143.97872,-37.09955],[143.98022,-37.09905],[143.98207,-37.09515],[143.98117,-37.0935],[143.98152,-37.09214],[143.98433,-37.08853],[143.98713,-37.08627],[143.99047,-37.08536],[143.99377,-37.08503],[143.99674,-37.08239],[143.99877,-37.07925],[144.00381,-37.0776],[144.00962,-37.07705],[144.01159,-37.07539],[144.01246,-37.07323],[144.01398,-37.07249],[144.01686,-37.06903],[144.01606,-37.06552],[144.01409,-37.06352],[144.01222,-37.06036],[144.01029,-37.05832],[144.00825,-37.0579],[144.00669,-37.0583],[144.00498,-37.05736],[144.00213,-37.05682],[143.99971,-37.05734],[143.99573,-37.05618],[143.99158,-37.05406],[143.99058,-37.05183],[143.99048,-37.04951],[143.98841,-37.04613],[143.9842,-37.04333],[143.98273,-37.04117],[143.98165,-37.03732],[143.97925,-37.03508],[143.97692,-37.03375],[143.97589,-37.03248],[143.97509,-37.02958],[143.95892,-37.02774],[143.95878,-37.02787],[143.89953,-37.02111],[143.89571,-37.02349],[143.89947,-37.00052],[143.89112,-37.00029],[143.88229,-36.99853],[143.88419,-36.98646],[143.86606,-36.98455],[143.83047,-36.98071],[143.83369,-36.98058],[143.8359,-36.9786],[143.83393,-36.97342],[143.83513,-36.97221],[143.83696,-36.9715],[143.83596,-36.96878],[143.83453,-36.96822],[143.83503,-36.96627],[143.83624,-36.96548],[143.83598,-36.96427],[143.83713,-36.96295],[143.83949,-36.96312],[143.8415,-36.96187],[143.84554,-36.96296],[143.84594,-36.96146],[143.84724,-36.95981],[143.84668,-36.95763],[143.8514,-36.95754],[143.855,-36.95366],[143.85695,-36.95286],[143.85968,-36.95023],[143.8599,-36.94899],[143.85602,-36.94762],[143.85599,-36.94555],[143.85528,-36.94311],[143.85416,-36.9416],[143.8519,-36.93677],[143.84854,-36.93421],[143.84996,-36.93127],[143.84679,-36.92846],[143.84849,-36.92603],[143.85003,-36.9257],[143.8526,-36.92325],[143.85408,-36.92236],[143.85475,-36.91993],[143.85601,-36.91924],[143.85668,-36.91703],[143.85893,-36.91555],[143.86089,-36.91588],[143.8631,-36.91526],[143.8627,-36.91344],[143.86318,-36.90987],[143.86524,-36.90744],[143.86711,-36.90643],[143.86543,-36.90402],[143.86647,-36.90126],[143.87652,-36.90235],[143.87776,-36.89443],[143.88807,-36.89549],[143.89213,-36.89384],[143.89012,-36.89065],[143.89567,-36.86081],[143.93433,-36.86559],[143.94384,-36.86667],[143.94655,-36.85307],[144.00098,-36.85968],[144.00678,-36.82933],[144.02483,-36.8315],[144.03139,-36.79678],[144.04664,-36.7987],[144.04794,-36.79225],[144.0563,-36.78425],[144.05833,-36.78195],[144.05932,-36.78155],[144.0616,-36.76938],[144.06231,-36.76669],[144.07128,-36.76644],[144.07347,-36.75486],[144.07339,-36.75458],[144.07566,-36.74314],[144.07271,-36.73976],[144.06774,-36.73461],[144.06825,-36.73181],[144.05984,-36.73075],[144.06207,-36.71941],[144.06872,-36.72023],[144.06869,-36.66201],[144.09832,-36.66204],[144.12581,-36.66202],[144.12588,-36.64731],[144.14049,-36.64731],[144.1404,-36.63287],[144.1404,-36.61844],[144.14729,-36.61845],[144.12889,-36.60363],[144.07933,-36.56349],[144.07791,-36.56214],[144.04788,-36.52024],[144.04453,-36.51751],[144.01008,-36.49658],[144.00829,-36.49517],[143.9984,-36.49516],[143.99465,-36.5012],[143.9862,-36.50018],[143.98443,-36.49829],[143.98083,-36.4961],[143.9826,-36.49241],[143.98544,-36.4904],[143.98941,-36.48807],[143.99037,-36.48514],[143.98991,-36.48261],[143.98843,-36.48054],[143.98632,-36.48053],[143.98429,-36.48183],[143.98194,-36.48161],[143.98127,-36.48038],[143.98236,-36.47483],[143.98185,-36.46981],[143.97722,-36.46783],[143.97685,-36.4666],[143.96381,-36.46511],[143.9283,-36.46095],[143.93313,-36.4343],[143.93579,-36.43029],[143.93504,-36.42788],[143.93338,-36.42762],[143.93225,-36.42515],[143.93044,-36.42476],[143.9293,-36.42367],[143.9304,-36.42267],[143.92869,-36.42182],[143.92959,-36.41968],[143.92766,-36.41951],[143.92804,-36.41806],[143.92301,-36.41613],[143.92026,-36.41389],[143.91826,-36.41374],[143.91894,-36.41222],[143.9186,-36.41093],[143.91515,-36.41055],[143.91477,-36.40813],[143.9123,-36.40888],[143.91206,-36.40704],[143.9112,-36.40615],[143.91162,-36.40476],[143.907,-36.40447],[143.90548,-36.40566],[143.90228,-36.40465],[143.90121,-36.40505],[143.89976,-36.40377],[143.89821,-36.40503],[143.89715,-36.40394],[143.89775,-36.40183],[143.89217,-36.39784],[143.89238,-36.39678],[143.89037,-36.3944],[143.89109,-36.3934],[143.88873,-36.3926],[143.88844,-36.38918],[143.88668,-36.38788],[143.88758,-36.38602],[143.88225,-36.38504],[143.88085,-36.3855],[143.87784,-36.38408],[143.8775,-36.38165],[143.87338,-36.37993],[143.87359,-36.37838],[143.87251,-36.37687],[143.87016,-36.37694],[143.86928,-36.3756],[143.86449,-36.37485],[143.86458,-36.37392],[143.86642,-36.37308],[143.86703,-36.37179],[143.8653,-36.37034],[143.86748,-36.3687],[143.86982,-36.36763],[143.86922,-36.36635],[143.86986,-36.36355],[143.86917,-36.36233],[143.86755,-36.36221],[143.86677,-36.35936],[143.86534,-36.35728],[143.86669,-36.35605],[143.8666,-36.35236],[143.86709,-36.3509],[143.86614,-36.34708],[143.8654,-36.34546],[143.87077,-36.34352],[143.87091,-36.34103],[143.86963,-36.34128],[143.87032,-36.33821],[143.86952,-36.33679],[143.86809,-36.33744],[143.86521,-36.33373],[143.86629,-36.33286],[143.86497,-36.33123],[143.86634,-36.33078],[143.86766,-36.32674],[143.86929,-36.32469],[143.86429,-36.32486],[143.86702,-36.32214],[143.86997,-36.32153],[143.86918,-36.31747],[143.86831,-36.31578],[143.8708,-36.31559],[143.87239,-36.31335],[143.87396,-36.31459],[143.875,-36.31341],[143.87856,-36.31127],[143.88039,-36.31249],[143.88156,-36.31031],[143.87971,-36.3089],[143.8795,-36.30714],[143.87738,-36.30766],[143.87806,-36.30585],[143.8806,-36.30508],[143.88267,-36.30536],[143.88168,-36.30345],[143.88034,-36.30412],[143.87797,-36.30295],[143.87935,-36.30183],[143.87657,-36.30011],[143.8766,-36.29909]]]},"properties":{"district":"Ripon"}},{"type":"Feature","geometry":{"type":"Polygon","coordinates":[[[145.26341,-37.95816],[145.27735,-37.95989],[145.28201,-37.96194],[145.28903,-37.96283],[145.29336,-37.96398],[145.29988,-37.93146],[145.30387,-37.93343],[145.30341,-37.92662],[145.30249,-37.92262],[145.30041,-37.92039],[145.3008,-37.918],[145.29932,-37.91477],[145.29798,-37.91351],[145.29868,-37.91169],[145.29625,-37.91047],[145.29272,-37.90722],[145.29549,-37.9051],[145.29592,-37.90333],[145.29465,-37.90063],[145.29636,-37.89774],[145.30086,-37.89262],[145.3005,-37.89069],[145.29652,-37.8887],[145.29302,-37.88898],[145.28788,-37.88879],[145.28214,-37.88981],[145.27696,-37.88975],[145.27129,-37.89286],[145.27062,-37.89348],[145.26964,-37.89657],[145.26809,-37.89937],[145.26464,-37.90035],[145.26006,-37.90022],[145.25845,-37.89141],[145.25759,-37.88876],[145.2445,-37.88874],[145.23986,-37.89061],[145.23986,-37.88778],[145.23293,-37.88771],[145.23297,-37.88905],[145.22863,-37.8886],[145.21623,-37.88864],[145.21453,-37.88829],[145.19613,-37.88823],[145.19838,-37.88923],[145.20027,-37.89169],[145.20016,-37.89296],[145.20073,-37.8944],[145.20282,-37.89602],[145.20624,-37.89692],[145.20838,-37.89909],[145.20612,-37.90242],[145.20374,-37.90276],[145.20381,-37.90389],[145.20521,-37.90537],[145.20463,-37.90607],[145.2058,-37.91064],[145.20555,-37.91232],[145.20453,-37.913],[145.2043,-37.91477],[145.2029,-37.91866],[145.20418,-37.92148],[145.20527,-37.92243],[145.20571,-37.92407],[145.20482,-37.92602],[145.2055,-37.92785],[145.2068,-37.928],[145.20645,-37.93122],[145.20776,-37.93234],[145.20958,-37.93285],[145.20967,-37.93417],[145.2115,-37.93568],[145.21565,-37.93717],[145.21833,-37.93677],[145.22006,-37.93964],[145.21916,-37.94015],[145.21968,-37.94027],[145.24387,-37.94317],[145.24413,-37.9433],[145.26571,-37.94591],[145.26355,-37.958],[145.26341,-37.95816]]]},"properties":{"district":"Rowville"}},{"type":"Feature","geometry":{"type":"Polygon","coordinates":[[[145.02321,-37.94093],[145.00235,-37.93833],[145.00213,-37.93951],[144.99856,-37.93914],[144.99912,-37.94167],[144.99228,-37.94],[144.99301,-37.94383],[144.99522,-37.94535],[144.99616,-37.94713],[144.99745,-37.9473],[145.002,-37.95157],[145.00599,-37.95597],[145.0104,-37.96176],[145.0111,-37.96341],[145.01066,-37.96469],[145.01131,-37.96647],[145.01102,-37.96878],[145.01028,-37.97015],[145.011,-37.9716],[145.01266,-37.97274],[145.01725,-37.97958],[145.01847,-37.98193],[145.02131,-37.98293],[145.02345,-37.9856],[145.02492,-37.9861],[145.02775,-37.98925],[145.02834,-37.99093],[145.0296,-37.9919],[145.0299,-37.9934],[145.03165,-37.99454],[145.03452,-37.99488],[145.03743,-37.99634],[145.04008,-37.99412],[145.0423,-37.99275],[145.04305,-37.99116],[145.04847,-37.98864],[145.05151,-37.98676],[145.05528,-37.98768],[145.06146,-37.99045],[145.06603,-37.99309],[145.06882,-37.99499],[145.06907,-37.99423],[145.07135,-37.98217],[145.07079,-37.98173],[145.06415,-37.97363],[145.05779,-37.96567],[145.05609,-37.9633],[145.05902,-37.94763],[145.0591,-37.94725],[145.04279,-37.94516],[145.02286,-37.94279],[145.02321,-37.94093]]]},"properties":{"district":"Sandringham"}},{"type":"Feature","geometry":{"type":"Polygon","coordinates":[[[145.79845,-36.29907],[145.75765,-36.29905],[145.70961,-36.29908],[145.67243,-36.29904],[145.63146,-36.29903],[145.63154,-36.28215],[145.63157,-36.25118],[145.63165,-36.23831],[145.63152,-36.19916],[145.61694,-36.19929],[145.54626,-36.19926],[145.53154,-36.19922],[145.53161,-36.17276],[145.53161,-36.13082],[145.53149,-36.11892],[145.53148,-36.06909],[145.53152,-36.06893],[145.53158,-36.01886],[145.53163,-35.99985],[145.53161,-35.97946],[145.5315,-35.9789],[145.53153,-35.94084],[145.53159,-35.86957],[145.53154,-35.86955],[145.53148,-35.81833],[145.53639,-35.81834],[145.53785,-35.8146],[145.53942,-35.8133],[145.54187,-35.80946],[145.5415,-35.80847],[145.53925,-35.80799],[145.53537,-35.80824],[145.53407,-35.80687],[145.53395,-35.8053],[145.53563,-35.80329],[145.53446,-35.80241],[145.53121,-35.80544],[145.52798,-35.80605],[145.5266,-35.8071],[145.52662,-35.80838],[145.52838,-35.81068],[145.52729,-35.8125],[145.52338,-35.8141],[145.52393,-35.81788],[145.52099,-35.8188],[145.51561,-35.81715],[145.51334,-35.81598],[145.5123,-35.8145],[145.5116,-35.81204],[145.50995,-35.81168],[145.50596,-35.81183],[145.50157,-35.80936],[145.49983,-35.81018],[145.49751,-35.80906],[145.49568,-35.80903],[145.49478,-35.80991],[145.49452,-35.81392],[145.49302,-35.81501],[145.48986,-35.81466],[145.4878,-35.81256],[145.486,-35.81241],[145.48347,-35.81377],[145.47998,-35.8123],[145.47766,-35.81092],[145.47548,-35.81258],[145.47306,-35.81135],[145.47268,-35.80967],[145.47773,-35.80808],[145.47681,-35.80684],[145.47317,-35.80794],[145.47154,-35.80969],[145.4707,-35.81211],[145.46854,-35.81293],[145.46769,-35.81403],[145.469,-35.81684],[145.46853,-35.81904],[145.46632,-35.82083],[145.46388,-35.82197],[145.46422,-35.82535],[145.46341,-35.82638],[145.46146,-35.82722],[145.45667,-35.82591],[145.45431,-35.82356],[145.45388,-35.82191],[145.45125,-35.82125],[145.45014,-35.82209],[145.4478,-35.82704],[145.4484,-35.83015],[145.44749,-35.83145],[145.44535,-35.8319],[145.44404,-35.83288],[145.44224,-35.83573],[145.43988,-35.83563],[145.43873,-35.83451],[145.43649,-35.82968],[145.4347,-35.82978],[145.43201,-35.83346],[145.42932,-35.83452],[145.42677,-35.83273],[145.42647,-35.83047],[145.42527,-35.82879],[145.42001,-35.82819],[145.41884,-35.82885],[145.41807,-35.83087],[145.41539,-35.83132],[145.41291,-35.83056],[145.41199,-35.83143],[145.41262,-35.83452],[145.40978,-35.83654],[145.41096,-35.83955],[145.41105,-35.84108],[145.40996,-35.84391],[145.41187,-35.84654],[145.41151,-35.84805],[145.40689,-35.85061],[145.40356,-35.85086],[145.40001,-35.84981],[145.39809,-35.8497],[145.39332,-35.85068],[145.39075,-35.85067],[145.38752,-35.85014],[145.38651,-35.85045],[145.3846,-35.85243],[145.38037,-35.85459],[145.3774,-35.85878],[145.37535,-35.85955],[145.36908,-35.85837],[145.36617,-35.86018],[145.36067,-35.86116],[145.35986,-35.86224],[145.3595,-35.86435],[145.35716,-35.86669],[145.35524,-35.86707],[145.35239,-35.86581],[145.35078,-35.86132],[145.34982,-35.8603],[145.34815,-35.8602],[145.34442,-35.86247],[145.34155,-35.86243],[145.33907,-35.86099],[145.33559,-35.8583],[145.33387,-35.85563],[145.33273,-35.85476],[145.32909,-35.85421],[145.32578,-35.85254],[145.32461,-35.85073],[145.32204,-35.85174],[145.3183,-35.85492],[145.3138,-35.85532],[145.31172,-35.85605],[145.31017,-35.8595],[145.30905,-35.86041],[145.30743,-35.86047],[145.30169,-35.85859],[145.29641,-35.86062],[145.29493,-35.86024],[145.29283,-35.85839],[145.29249,-35.85698],[145.29301,-35.85435],[145.29181,-35.85379],[145.28774,-35.85511],[145.28518,-35.85674],[145.28304,-35.85553],[145.2833,-35.85382],[145.2852,-35.85129],[145.28341,-35.85075],[145.281,-35.85309],[145.27955,-35.85362],[145.27783,-35.85262],[145.27779,-35.8508],[145.27684,-35.84876],[145.27189,-35.84515],[145.27003,-35.84669],[145.26911,-35.8498],[145.26783,-35.85208],[145.26564,-35.85258],[145.26372,-35.85191],[145.26257,-35.85016],[145.26063,-35.84992],[145.25822,-35.85066],[145.25787,-35.8483],[145.2639,-35.84278],[145.26408,-35.84178],[145.25978,-35.83945],[145.25984,-35.83727],[145.26054,-35.83525],[145.25607,-35.83592],[145.25223,-35.83471],[145.24627,-35.83034],[145.24149,-35.8335],[145.23788,-35.83314],[145.23616,-35.83175],[145.23527,-35.82956],[145.2341,-35.83012],[145.23113,-35.83266],[145.22925,-35.83336],[145.22517,-35.8321],[145.22422,-35.83311],[145.22304,-35.83591],[145.22009,-35.83705],[145.22343,-35.83857],[145.2245,-35.83961],[145.22421,-35.84155],[145.22289,-35.84245],[145.21865,-35.84249],[145.21585,-35.84136],[145.21551,-35.84034],[145.21723,-35.83749],[145.21603,-35.8365],[145.21171,-35.83603],[145.20783,-35.83798],[145.20496,-35.83767],[145.20187,-35.83655],[145.20005,-35.83519],[145.19663,-35.8351],[145.19471,-35.83745],[145.19204,-35.83714],[145.19083,-35.8346],[145.18981,-35.83419],[145.18585,-35.83542],[145.18272,-35.83505],[145.18157,-35.83825],[145.18227,-35.84055],[145.18066,-35.84212],[145.17849,-35.84156],[145.17541,-35.83993],[145.17184,-35.83875],[145.17102,-35.83906],[145.16978,-35.84145],[145.16773,-35.84266],[145.16386,-35.84297],[145.16157,-35.84219],[145.15722,-35.84205],[145.15343,-35.84284],[145.15237,-35.84119],[145.15519,-35.84031],[145.15779,-35.83771],[145.15779,-35.83527],[145.15937,-35.832],[145.15884,-35.83076],[145.15486,-35.83016],[145.15368,-35.8306],[145.14969,-35.83336],[145.14691,-35.83345],[145.14299,-35.83154],[145.14073,-35.82879],[145.13873,-35.82906],[145.13865,-35.83308],[145.13723,-35.83426],[145.13575,-35.834],[145.13417,-35.83167],[145.13428,-35.82794],[145.13263,-35.82745],[145.13103,-35.82814],[145.12873,-35.82721],[145.12791,-35.82509],[145.1282,-35.82118],[145.12611,-35.82154],[145.12586,-35.82509],[145.12755,-35.8286],[145.12595,-35.82986],[145.12414,-35.82959],[145.1229,-35.82821],[145.12197,-35.82459],[145.12264,-35.82144],[145.1212,-35.82057],[145.11776,-35.82498],[145.11544,-35.82603],[145.11384,-35.82435],[145.11532,-35.82242],[145.11475,-35.82046],[145.11317,-35.82085],[145.11038,-35.82385],[145.10687,-35.82612],[145.10412,-35.82857],[145.10241,-35.82869],[145.10086,-35.82759],[145.10019,-35.8258],[145.09882,-35.82669],[145.09828,-35.8289],[145.09426,-35.83182],[145.09346,-35.83474],[145.0919,-35.83599],[145.09089,-35.83566],[145.08948,-35.83286],[145.08928,-35.83117],[145.09055,-35.82971],[145.09333,-35.82861],[145.09201,-35.82613],[145.09,-35.82549],[145.08716,-35.82598],[145.08511,-35.82787],[145.0835,-35.82814],[145.0816,-35.82765],[145.07741,-35.82744],[145.07807,-35.82972],[145.077,-35.83179],[145.07518,-35.83109],[145.0754,-35.82716],[145.07455,-35.82665],[145.07281,-35.82772],[145.0732,-35.83098],[145.07171,-35.83341],[145.06875,-35.83525],[145.06469,-35.83596],[145.06102,-35.83732],[145.05965,-35.83726],[145.05735,-35.83551],[145.05451,-35.83593],[145.05431,-35.83802],[145.05194,-35.83891],[145.04988,-35.8383],[145.04967,-35.8364],[145.05133,-35.83477],[145.05068,-35.8336],[145.04854,-35.83418],[145.04709,-35.83718],[145.04469,-35.83935],[145.04107,-35.84159],[145.03947,-35.84132],[145.03946,-35.83869],[145.0382,-35.83871],[145.0372,-35.84073],[145.03706,-35.84295],[145.03784,-35.84477],[145.03622,-35.84699],[145.03307,-35.84814],[145.03112,-35.84933],[145.02774,-35.84885],[145.02531,-35.84711],[145.02434,-35.84731],[145.02401,-35.85107],[145.02292,-35.85337],[145.01937,-35.85654],[145.01665,-35.85654],[145.01266,-35.85757],[145.01008,-35.85634],[145.00683,-35.85617],[145.00477,-35.85479],[145.00426,-35.85254],[145.00331,-35.85113],[145.00126,-35.84954],[144.99999,-35.85076],[145.00035,-35.85287],[144.99961,-35.85494],[144.99869,-35.85505],[144.99555,-35.85278],[144.99341,-35.85224],[144.99214,-35.85295],[144.99384,-35.85412],[144.99327,-35.85593],[144.99119,-35.85642],[144.99177,-35.85831],[144.99029,-35.85902],[144.98812,-35.85774],[144.98482,-35.85757],[144.9834,-35.85805],[144.98198,-35.85995],[144.97964,-35.85838],[144.97679,-35.86016],[144.97377,-35.86114],[144.97063,-35.86116],[144.97104,-35.86341],[144.9681,-35.86584],[144.96958,-35.86737],[144.96902,-35.8704],[144.9695,-35.87165],[144.9716,-35.87249],[144.97258,-35.87407],[144.97084,-35.87613],[144.97099,-35.87753],[144.96984,-35.87903],[144.97279,-35.88065],[144.97512,-35.88341],[144.97402,-35.88529],[144.97332,-35.88773],[144.97167,-35.88939],[144.96894,-35.89112],[144.96486,-35.89583],[144.96546,-35.89825],[144.96736,-35.901],[144.9671,-35.90508],[144.96497,-35.90573],[144.96376,-35.90859],[144.96241,-35.90979],[144.96194,-35.9116],[144.95978,-35.91133],[144.95804,-35.91193],[144.95491,-35.91565],[144.95275,-35.91681],[144.9522,-35.91935],[144.9529,-35.92129],[144.95174,-35.92276],[144.95197,-35.92444],[144.95034,-35.92574],[144.94945,-35.93093],[144.94888,-35.9317],[144.9514,-35.93485],[144.95022,-35.93782],[144.95008,-35.93982],[144.95071,-35.94216],[144.95238,-35.94355],[144.95291,-35.94518],[144.9553,-35.94643],[144.95412,-35.95251],[144.9556,-35.95474],[144.95747,-35.95471],[144.95781,-35.95983],[144.95735,-35.96128],[144.95532,-35.9626],[144.95317,-35.96264],[144.94966,-35.96354],[144.94704,-35.96312],[144.94415,-35.96384],[144.94164,-35.96684],[144.93923,-35.96717],[144.9367,-35.96623],[144.93404,-35.96783],[144.93194,-35.96802],[144.92977,-35.97022],[144.9287,-35.97272],[144.92721,-35.97294],[144.92573,-35.97535],[144.92529,-35.97885],[144.92409,-35.98127],[144.92409,-35.98501],[144.92367,-35.98895],[144.9249,-35.98992],[144.92708,-35.98958],[144.92932,-35.99034],[144.93141,-35.99236],[144.9321,-35.99509],[144.93404,-35.99668],[144.93543,-35.99887],[144.9391,-36.00094],[144.94261,-36.00195],[144.94476,-36.0034],[144.94657,-36.00549],[144.94729,-36.00793],[144.94666,-36.00972],[144.94533,-36.0109],[144.94564,-36.0122],[144.95096,-36.0153],[144.95417,-36.01626],[144.95455,-36.01872],[144.95793,-36.01969],[144.96051,-36.01763],[144.96223,-36.01933],[144.96192,-36.02239],[144.96251,-36.02705],[144.96579,-36.02856],[144.96661,-36.02961],[144.9667,-36.03368],[144.96565,-36.0371],[144.96731,-36.03961],[144.9678,-36.04201],[144.97222,-36.04521],[144.97445,-36.04564],[144.97664,-36.04687],[144.98123,-36.04795],[144.98321,-36.04952],[144.98388,-36.05158],[144.98386,-36.05454],[144.98576,-36.05611],[144.98638,-36.06045],[144.98703,-36.06257],[144.98666,-36.06463],[144.98325,-36.06823],[144.98264,-36.07082],[144.9818,-36.07234],[144.98028,-36.07342],[144.97602,-36.07381],[144.97468,-36.07569],[144.9734,-36.07639],[144.97068,-36.07652],[144.96655,-36.0789],[144.96322,-36.0794],[144.9618,-36.0787],[144.95961,-36.07984],[144.95654,-36.07995],[144.9538,-36.07942],[144.95294,-36.0815],[144.95148,-36.08264],[144.94949,-36.08301],[144.94632,-36.08224],[144.94524,-36.0804],[144.94331,-36.0791],[144.93992,-36.07825],[144.93635,-36.07493],[144.93818,-36.07282],[144.93758,-36.06977],[144.93358,-36.06907],[144.93204,-36.067],[144.92978,-36.06725],[144.92662,-36.06619],[144.92266,-36.06589],[144.91866,-36.06414],[144.9159,-36.06409],[144.91341,-36.06311],[144.91021,-36.06423],[144.90818,-36.06421],[144.90484,-36.06125],[144.90267,-36.0615],[144.90266,-36.06303],[144.9005,-36.06368],[144.89772,-36.06254],[144.89518,-36.06372],[144.8912,-36.06313],[144.88903,-36.06372],[144.88671,-36.06169],[144.88392,-36.06196],[144.88049,-36.05976],[144.87821,-36.05955],[144.87678,-36.05843],[144.8736,-36.05774],[144.871,-36.05888],[144.86928,-36.05877],[144.86642,-36.05967],[144.86304,-36.0593],[144.86361,-36.06109],[144.86353,-36.0631],[144.86433,-36.06504],[144.8637,-36.06837],[144.86117,-36.06911],[144.86057,-36.07013],[144.86133,-36.07168],[144.85948,-36.07178],[144.85771,-36.06936],[144.85825,-36.06757],[144.86017,-36.06621],[144.85817,-36.06532],[144.85562,-36.06616],[144.85462,-36.06729],[144.85384,-36.06952],[144.8545,-36.07105],[144.85664,-36.07241],[144.85629,-36.07386],[144.85263,-36.07412],[144.8514,-36.07174],[144.84928,-36.07125],[144.8473,-36.07278],[144.84791,-36.07493],[144.84966,-36.07659],[144.84987,-36.07928],[144.85085,-36.08066],[144.84983,-36.08198],[144.84842,-36.082],[144.84672,-36.08095],[144.84539,-36.08283],[144.84194,-36.08302],[144.8425,-36.08535],[144.8415,-36.08696],[144.84263,-36.08873],[144.8427,-36.09022],[144.84392,-36.09239],[144.84053,-36.09498],[144.84268,-36.09535],[144.84336,-36.09641],[144.84258,-36.09992],[144.8416,-36.10069],[144.83769,-36.1],[144.83597,-36.09849],[144.83426,-36.10022],[144.83,-36.10285],[144.83163,-36.10473],[144.83323,-36.10462],[144.83478,-36.10275],[144.83607,-36.1023],[144.8409,-36.10163],[144.842,-36.10234],[144.8416,-36.10409],[144.8426,-36.10621],[144.84673,-36.10968],[144.84948,-36.10852],[144.84927,-36.10681],[144.84726,-36.1069],[144.84897,-36.10308],[144.85048,-36.10259],[144.85113,-36.10653],[144.85324,-36.10663],[144.85254,-36.10332],[144.85395,-36.10282],[144.85642,-36.10356],[144.85838,-36.10175],[144.85819,-36.09968],[144.8572,-36.09866],[144.85423,-36.09837],[144.85242,-36.09956],[144.85022,-36.09954],[144.84975,-36.09866],[144.85199,-36.09516],[144.84996,-36.0939],[144.85195,-36.09302],[144.85436,-36.09349],[144.85418,-36.09203],[144.85273,-36.09133],[144.85289,-36.09003],[144.85609,-36.09045],[144.85938,-36.09034],[144.86098,-36.08922],[144.86158,-36.08792],[144.86404,-36.08823],[144.86401,-36.08951],[144.86684,-36.09228],[144.86965,-36.09213],[144.86908,-36.089],[144.87443,-36.09009],[144.87483,-36.09158],[144.87419,-36.09391],[144.87615,-36.09431],[144.87778,-36.09327],[144.87898,-36.0916],[144.8813,-36.08947],[144.88308,-36.0899],[144.88371,-36.09253],[144.88711,-36.09316],[144.8888,-36.09396],[144.8932,-36.09345],[144.89501,-36.09264],[144.89517,-36.09065],[144.89345,-36.09009],[144.89101,-36.08821],[144.89057,-36.08666],[144.89248,-36.08508],[144.89438,-36.08819],[144.89638,-36.08866],[144.89772,-36.08563],[144.8965,-36.08402],[144.89623,-36.0814],[144.89702,-36.07909],[144.89962,-36.08007],[144.89887,-36.08175],[144.89977,-36.08312],[144.90141,-36.08373],[144.902,-36.08262],[144.9017,-36.07989],[144.90302,-36.07802],[144.9048,-36.07861],[144.90561,-36.08188],[144.90553,-36.08438],[144.90686,-36.08504],[144.90797,-36.08352],[144.90989,-36.08355],[144.91154,-36.0865],[144.91439,-36.08645],[144.91438,-36.08819],[144.91817,-36.08801],[144.91883,-36.0896],[144.91674,-36.0908],[144.91679,-36.09187],[144.91892,-36.09233],[144.91948,-36.09401],[144.92192,-36.09445],[144.92428,-36.09227],[144.92555,-36.09323],[144.92418,-36.09449],[144.92555,-36.09559],[144.924,-36.09826],[144.92429,-36.09904],[144.92812,-36.10036],[144.93022,-36.10072],[144.92841,-36.10252],[144.92686,-36.10506],[144.92777,-36.10566],[144.93048,-36.10419],[144.93286,-36.10554],[144.9311,-36.10876],[144.93272,-36.10994],[144.93547,-36.10914],[144.93839,-36.11179],[144.93973,-36.114],[144.94229,-36.11035],[144.94367,-36.11009],[144.9467,-36.11207],[144.95031,-36.11382],[144.95244,-36.11391],[144.95398,-36.11304],[144.95481,-36.11075],[144.95663,-36.10826],[144.95973,-36.10677],[144.96133,-36.10935],[144.96441,-36.11002],[144.96631,-36.11],[144.96277,-36.11245],[144.96345,-36.1136],[144.96625,-36.11335],[144.9663,-36.1143],[144.96324,-36.11525],[144.96354,-36.1165],[144.96607,-36.11691],[144.96755,-36.11946],[144.96873,-36.12049],[144.97255,-36.11903],[144.97416,-36.11895],[144.97467,-36.12009],[144.97286,-36.1228],[144.97188,-36.12508],[144.97397,-36.12628],[144.97544,-36.1251],[144.97776,-36.1252],[144.98109,-36.12376],[144.98271,-36.12537],[144.98489,-36.12509],[144.98485,-36.12402],[144.9835,-36.12212],[144.98435,-36.121],[144.98708,-36.12031],[144.98636,-36.11814],[144.98795,-36.11751],[144.98951,-36.11464],[144.99187,-36.11408],[144.99504,-36.11452],[144.99291,-36.11593],[144.99226,-36.11851],[144.99436,-36.11926],[144.99488,-36.12158],[144.99377,-36.12433],[144.99695,-36.12466],[144.999,-36.12609],[145.00005,-36.12864],[145.00114,-36.12905],[145.00388,-36.12864],[145.00413,-36.12991],[145.00228,-36.13206],[144.99986,-36.13352],[145.00219,-36.13483],[145.00069,-36.13828],[145.00116,-36.13943],[145.00356,-36.13963],[145.00333,-36.13788],[145.00791,-36.13795],[145.01122,-36.13918],[145.01172,-36.14008],[145.00926,-36.14172],[145.01223,-36.14506],[145.01181,-36.14693],[145.00857,-36.14621],[145.0068,-36.1477],[145.00665,-36.15082],[145.00884,-36.15129],[145.00931,-36.14856],[145.01122,-36.14864],[145.01078,-36.1509],[145.01408,-36.15148],[145.01362,-36.15314],[145.01105,-36.15376],[145.01088,-36.1548],[145.01183,-36.1574],[145.01356,-36.1593],[145.01402,-36.16059],[145.01566,-36.16149],[145.01742,-36.16146],[145.01815,-36.16032],[145.01598,-36.15867],[145.01583,-36.15578],[145.01691,-36.15495],[145.0187,-36.15497],[145.02002,-36.15735],[145.02178,-36.15925],[145.02319,-36.15947],[145.02359,-36.15777],[145.02178,-36.15635],[145.0212,-36.15435],[145.0223,-36.15328],[145.02478,-36.15448],[145.02736,-36.15411],[145.02767,-36.15291],[145.02696,-36.14898],[145.02835,-36.14818],[145.02976,-36.14867],[145.0312,-36.15237],[145.0296,-36.15398],[145.03118,-36.15555],[145.03298,-36.15481],[145.03255,-36.15297],[145.03323,-36.15238],[145.03652,-36.15203],[145.03763,-36.15238],[145.03558,-36.15428],[145.03661,-36.15557],[145.0385,-36.15443],[145.03999,-36.15512],[145.03837,-36.15764],[145.03947,-36.15889],[145.04092,-36.15878],[145.04062,-36.15633],[145.04219,-36.15531],[145.04265,-36.15776],[145.0458,-36.15621],[145.04665,-36.15798],[145.04511,-36.15952],[145.04548,-36.16101],[145.04689,-36.16188],[145.05233,-36.16256],[145.05449,-36.16446],[145.05578,-36.16262],[145.0573,-36.16289],[145.05749,-36.16448],[145.06022,-36.16395],[145.06131,-36.16488],[145.06053,-36.16667],[145.06072,-36.17012],[145.06303,-36.17125],[145.06362,-36.16988],[145.06267,-36.16804],[145.06463,-36.16792],[145.06545,-36.16949],[145.06737,-36.16929],[145.06891,-36.16796],[145.06965,-36.16618],[145.07422,-36.16418],[145.07638,-36.16478],[145.07858,-36.16233],[145.07979,-36.16533],[145.08154,-36.16551],[145.08242,-36.16312],[145.08358,-36.16227],[145.08606,-36.16199],[145.08879,-36.15822],[145.09107,-36.15774],[145.09192,-36.15972],[145.08949,-36.16047],[145.08931,-36.16218],[145.09221,-36.16155],[145.09451,-36.16479],[145.09555,-36.16509],[145.09873,-36.16392],[145.10052,-36.16402],[145.10163,-36.165],[145.10101,-36.16654],[145.10182,-36.16759],[145.10434,-36.16778],[145.10643,-36.16925],[145.1086,-36.16722],[145.11026,-36.16667],[145.11252,-36.16747],[145.11356,-36.16914],[145.11372,-36.17161],[145.11254,-36.17323],[145.11415,-36.17649],[145.11761,-36.17651],[145.11953,-36.17864],[145.12168,-36.17988],[145.12338,-36.17916],[145.12474,-36.17727],[145.12629,-36.18075],[145.1266,-36.1823],[145.12797,-36.18303],[145.1324,-36.17989],[145.1317,-36.1776],[145.12859,-36.17747],[145.12761,-36.17646],[145.12889,-36.175],[145.13186,-36.17526],[145.13224,-36.17433],[145.13018,-36.17239],[145.13107,-36.17039],[145.13259,-36.171],[145.1331,-36.1735],[145.13515,-36.17504],[145.13687,-36.17437],[145.13567,-36.17239],[145.13831,-36.17121],[145.13759,-36.17001],[145.13533,-36.16866],[145.13602,-36.16721],[145.13871,-36.16625],[145.13582,-36.16376],[145.13329,-36.16384],[145.13092,-36.16325],[145.12993,-36.16178],[145.13076,-36.16074],[145.13419,-36.16171],[145.1341,-36.15984],[145.13225,-36.15807],[145.13291,-36.1557],[145.1344,-36.15541],[145.1349,-36.15747],[145.13644,-36.15725],[145.13635,-36.15476],[145.13793,-36.15405],[145.13922,-36.15488],[145.13885,-36.15788],[145.14028,-36.15909],[145.14185,-36.15848],[145.14261,-36.1558],[145.14391,-36.15519],[145.1467,-36.15902],[145.14506,-36.16078],[145.14623,-36.16271],[145.14827,-36.16059],[145.15015,-36.16095],[145.15332,-36.15988],[145.15614,-36.15766],[145.15839,-36.15797],[145.15853,-36.16012],[145.16122,-36.15983],[145.16453,-36.16013],[145.16615,-36.16185],[145.16436,-36.16379],[145.16633,-36.16439],[145.1658,-36.16739],[145.16777,-36.1676],[145.17013,-36.16572],[145.17232,-36.16508],[145.17257,-36.16658],[145.17054,-36.16688],[145.16941,-36.16807],[145.17093,-36.16901],[145.17287,-36.1676],[145.17475,-36.16777],[145.17446,-36.16938],[145.1721,-36.16993],[145.17295,-36.1712],[145.1721,-36.17557],[145.17315,-36.1777],[145.17521,-36.17943],[145.1771,-36.18172],[145.179,-36.18049],[145.18115,-36.18243],[145.18105,-36.18381],[145.18255,-36.18496],[145.1841,-36.18427],[145.18429,-36.18227],[145.18166,-36.18055],[145.18081,-36.17941],[145.18159,-36.17798],[145.18429,-36.17872],[145.18691,-36.17854],[145.18911,-36.1801],[145.19322,-36.17912],[145.1959,-36.17458],[145.19441,-36.17368],[145.19034,-36.1756],[145.18804,-36.17517],[145.18861,-36.17318],[145.1906,-36.17213],[145.19094,-36.17066],[145.18848,-36.16672],[145.18962,-36.165],[145.19182,-36.16581],[145.19709,-36.16611],[145.19854,-36.16493],[145.19801,-36.16374],[145.19614,-36.16337],[145.19373,-36.16403],[145.19257,-36.16292],[145.1937,-36.15927],[145.19828,-36.15735],[145.20006,-36.15725],[145.20021,-36.15899],[145.19667,-36.16034],[145.19522,-36.16138],[145.19571,-36.16245],[145.19895,-36.16091],[145.20349,-36.16141],[145.20399,-36.16258],[145.20305,-36.16363],[145.20398,-36.16618],[145.2056,-36.16755],[145.20937,-36.16774],[145.20943,-36.16615],[145.20763,-36.16592],[145.20667,-36.16489],[145.20831,-36.16255],[145.21206,-36.15868],[145.21361,-36.15863],[145.21451,-36.16011],[145.21289,-36.16102],[145.21289,-36.162],[145.21557,-36.16534],[145.21819,-36.16522],[145.21941,-36.16388],[145.22073,-36.16054],[145.22506,-36.15868],[145.22899,-36.15889],[145.2303,-36.16002],[145.23,-36.16123],[145.22849,-36.16142],[145.22665,-36.16061],[145.22498,-36.16152],[145.22188,-36.16201],[145.22164,-36.16412],[145.22335,-36.16467],[145.22355,-36.1659],[145.22226,-36.16773],[145.22302,-36.17047],[145.22446,-36.17058],[145.22903,-36.16484],[145.23076,-36.16564],[145.22827,-36.16792],[145.22786,-36.17013],[145.23012,-36.17068],[145.23102,-36.16753],[145.23334,-36.16469],[145.2349,-36.16412],[145.23765,-36.16461],[145.23811,-36.16579],[145.2364,-36.1666],[145.23438,-36.1664],[145.23208,-36.16779],[145.23213,-36.16925],[145.23395,-36.16922],[145.23504,-36.17039],[145.23434,-36.1733],[145.23477,-36.17568],[145.23672,-36.17748],[145.23646,-36.17376],[145.23855,-36.1716],[145.24048,-36.17208],[145.24001,-36.17502],[145.24042,-36.17878],[145.24255,-36.18015],[145.24395,-36.18008],[145.24338,-36.17641],[145.24467,-36.17556],[145.24585,-36.17628],[145.24571,-36.17844],[145.24813,-36.1796],[145.24908,-36.18093],[145.24904,-36.18272],[145.24822,-36.18653],[145.2502,-36.18699],[145.25163,-36.18483],[145.25356,-36.18394],[145.25567,-36.18423],[145.25522,-36.18617],[145.25318,-36.18664],[145.25184,-36.18823],[145.25346,-36.1902],[145.25231,-36.19094],[145.25192,-36.19238],[145.25551,-36.19371],[145.25748,-36.19241],[145.25824,-36.19302],[145.25716,-36.19504],[145.25726,-36.19643],[145.25907,-36.19645],[145.26038,-36.1975],[145.26015,-36.19902],[145.26187,-36.19992],[145.26539,-36.19985],[145.26828,-36.201],[145.26877,-36.20299],[145.26647,-36.20385],[145.26495,-36.20318],[145.26343,-36.20365],[145.26256,-36.20486],[145.2633,-36.2065],[145.26499,-36.20722],[145.26589,-36.20909],[145.26869,-36.21022],[145.26722,-36.21176],[145.26555,-36.21521],[145.26644,-36.21761],[145.27146,-36.21633],[145.27385,-36.21716],[145.27496,-36.21856],[145.27348,-36.21963],[145.27083,-36.21831],[145.26908,-36.21977],[145.27079,-36.2215],[145.27011,-36.22406],[145.27114,-36.22538],[145.27526,-36.22519],[145.27595,-36.22626],[145.27366,-36.22943],[145.27312,-36.2326],[145.27343,-36.23388],[145.2751,-36.23572],[145.27859,-36.23756],[145.27903,-36.23987],[145.27794,-36.24029],[145.27371,-36.23927],[145.27141,-36.23904],[145.27007,-36.24001],[145.26952,-36.24258],[145.27047,-36.24383],[145.27409,-36.24408],[145.27578,-36.24744],[145.27717,-36.2485],[145.27723,-36.26968],[145.27721,-36.31059],[145.27732,-36.34303],[145.24107,-36.34299],[145.20471,-36.34306],[145.2047,-36.41665],[145.20429,-36.41671],[145.20414,-36.44001],[145.20451,-36.44034],[145.20458,-36.499],[145.24105,-36.49895],[145.25935,-36.499],[145.29572,-36.49898],[145.33184,-36.4989],[145.33986,-36.49898],[145.36046,-36.49898],[145.38877,-36.49914],[145.46199,-36.49907],[145.46263,-36.50012],[145.471,-36.50012],[145.47172,-36.49906],[145.4982,-36.49902],[145.49822,-36.50887],[145.53157,-36.50875],[145.53168,-36.48855],[145.53166,-36.44079],[145.53161,-36.42335],[145.53349,-36.42468],[145.53428,-36.42632],[145.53573,-36.42645],[145.53729,-36.42515],[145.53981,-36.42572],[145.54326,-36.42298],[145.5472,-36.42505],[145.54961,-36.42418],[145.553,-36.42683],[145.5548,-36.42573],[145.55527,-36.4239],[145.55707,-36.4236],[145.55811,-36.42458],[145.56119,-36.42379],[145.56428,-36.42437],[145.56631,-36.42285],[145.56823,-36.42262],[145.57217,-36.42477],[145.5749,-36.42471],[145.58176,-36.42755],[145.58473,-36.42757],[145.58618,-36.42964],[145.58952,-36.42945],[145.59104,-36.43139],[145.59358,-36.43125],[145.59272,-36.42968],[145.59447,-36.42827],[145.59569,-36.42912],[145.59958,-36.42807],[145.60127,-36.42844],[145.60301,-36.43031],[145.60817,-36.42827],[145.61062,-36.4276],[145.61348,-36.42742],[145.61583,-36.42615],[145.61912,-36.42737],[145.62056,-36.42741],[145.62446,-36.4263],[145.6265,-36.42392],[145.62983,-36.42394],[145.63198,-36.42549],[145.63396,-36.42453],[145.63532,-36.4258],[145.63669,-36.42593],[145.63827,-36.42444],[145.64072,-36.42087],[145.64204,-36.42135],[145.64337,-36.42322],[145.64533,-36.42367],[145.64673,-36.42588],[145.64946,-36.42572],[145.65319,-36.42623],[145.65407,-36.42725],[145.65632,-36.42784],[145.65652,-36.4296],[145.65845,-36.43137],[145.66031,-36.43119],[145.66281,-36.43247],[145.6664,-36.43128],[145.6693,-36.43355],[145.67202,-36.43357],[145.67862,-36.43232],[145.68229,-36.43361],[145.68769,-36.43259],[145.69019,-36.43274],[145.69278,-36.43122],[145.69623,-36.43057],[145.70013,-36.43314],[145.70374,-36.43338],[145.70587,-36.43285],[145.70712,-36.43163],[145.70681,-36.43067],[145.70977,-36.42896],[145.71231,-36.42844],[145.71454,-36.42876],[145.71578,-36.42732],[145.71563,-36.42589],[145.71747,-36.42485],[145.71938,-36.42529],[145.72349,-36.42338],[145.7263,-36.42427],[145.72711,-36.42508],[145.73439,-36.42534],[145.73693,-36.42855],[145.73884,-36.42923],[145.73983,-36.43242],[145.73781,-36.43371],[145.74279,-36.43489],[145.74441,-36.43388],[145.7466,-36.43452],[145.74879,-36.43437],[145.75397,-36.43574],[145.75649,-36.43497],[145.76004,-36.43563],[145.76241,-36.43691],[145.7638,-36.43617],[145.76532,-36.43731],[145.76474,-36.43874],[145.76613,-36.44173],[145.76838,-36.44142],[145.771,-36.44443],[145.77294,-36.44482],[145.77543,-36.44375],[145.777,-36.43538],[145.7865,-36.38883],[145.79014,-36.3707],[145.7985,-36.33085],[145.79845,-36.29907]]]},"properties":{"district":"Shepparton"}},{"type":"Feature","geometry":{"type":"Polygon","coordinates":[[[144.3949,-38.21479],[144.39419,-38.2128],[144.3915,-38.20985],[144.38797,-38.20861],[144.38616,-38.20512],[144.3844,-38.19727],[144.38345,-38.19546],[144.37958,-38.19282],[144.37564,-38.19288],[144.37386,-38.19374],[144.36864,-38.19306],[144.36703,-38.19203],[144.36544,-38.18986],[144.3643,-38.18597],[144.36255,-38.18549],[144.36068,-38.18611],[144.35829,-38.18447],[144.35678,-38.18583],[144.35394,-38.18619],[144.35216,-38.18766],[144.34914,-38.19277],[144.34556,-38.19185],[144.34336,-38.19025],[144.34135,-38.19173],[144.33833,-38.1906],[144.33691,-38.19183],[144.33382,-38.19216],[144.33015,-38.192],[144.32716,-38.19222],[144.32617,-38.19084],[144.32775,-38.18937],[144.32534,-38.18797],[144.32531,-38.18631],[144.32302,-38.18603],[144.32342,-38.18302],[144.32161,-38.18281],[144.32395,-38.18064],[144.32265,-38.17511],[144.32406,-38.17361],[144.3244,-38.17152],[144.32838,-38.16895],[144.32929,-38.16802],[144.32647,-38.16568],[144.32282,-38.16122],[144.32221,-38.1589],[144.32009,-38.15508],[144.32068,-38.15306],[144.32341,-38.15118],[144.32428,-38.14937],[144.32178,-38.14475],[144.31865,-38.14383],[144.31429,-38.14448],[144.31223,-38.14763],[144.30723,-38.15099],[144.30491,-38.14995],[144.3033,-38.14796],[144.30144,-38.14764],[144.30003,-38.14877],[144.30075,-38.15024],[144.29865,-38.15138],[144.29563,-38.15131],[144.29394,-38.15202],[144.29411,-38.15468],[144.2936,-38.15625],[144.29101,-38.15703],[144.28878,-38.15601],[144.28854,-38.15084],[144.2875,-38.14928],[144.28831,-38.14753],[144.28387,-38.14549],[144.28254,-38.14651],[144.28016,-38.14561],[144.27398,-38.14584],[144.27302,-38.14688],[144.27075,-38.1458],[144.26852,-38.14611],[144.26241,-38.1414],[144.25987,-38.13758],[144.25064,-38.13911],[144.24385,-38.141],[144.24115,-38.14155],[144.24041,-38.141],[144.243,-38.13821],[144.24163,-38.13517],[144.24061,-38.13492],[144.23824,-38.13611],[144.23552,-38.13674],[144.23569,-38.13809],[144.23455,-38.13998],[144.23338,-38.13982],[144.23319,-38.14204],[144.23085,-38.14204],[144.2293,-38.14069],[144.22479,-38.14548],[144.2239,-38.14567],[144.2187,-38.1435],[144.22088,-38.14208],[144.21964,-38.1381],[144.21872,-38.13703],[144.21509,-38.13653],[144.21037,-38.13786],[144.21016,-38.1409],[144.20759,-38.14226],[144.20432,-38.14289],[144.20347,-38.14386],[144.1997,-38.14447],[144.19935,-38.14661],[144.19717,-38.14657],[144.19272,-38.14412],[144.19055,-38.14453],[144.1889,-38.14596],[144.1869,-38.14552],[144.18665,-38.14365],[144.18844,-38.14195],[144.1909,-38.14202],[144.19228,-38.14138],[144.19231,-38.13968],[144.19056,-38.13928],[144.18877,-38.13603],[144.18743,-38.13505],[144.1851,-38.13572],[144.18269,-38.13568],[144.18157,-38.13432],[144.17913,-38.13323],[144.17676,-38.13334],[144.17287,-38.13489],[144.17154,-38.13284],[144.1663,-38.13122],[144.16561,-38.1307],[144.16371,-38.12608],[144.16268,-38.12525],[144.15888,-38.12613],[144.15732,-38.12276],[144.15553,-38.1218],[144.15359,-38.12155],[144.15308,-38.11941],[144.15044,-38.1158],[144.1517,-38.11409],[144.15045,-38.11334],[144.14433,-38.11374],[144.14399,-38.1121],[144.14012,-38.11033],[144.13804,-38.11187],[144.1381,-38.11296],[144.13945,-38.11417],[144.14079,-38.11732],[144.14067,-38.12163],[144.1384,-38.12111],[144.13878,-38.11909],[144.13692,-38.11838],[144.13389,-38.12033],[144.13302,-38.11989],[144.13138,-38.11525],[144.12936,-38.11129],[144.12806,-38.11118],[144.1269,-38.11459],[144.12496,-38.11691],[144.12385,-38.11684],[144.12053,-38.11349],[144.12061,-38.11213],[144.1193,-38.11127],[144.11729,-38.11258],[144.11643,-38.11512],[144.11791,-38.1166],[144.11723,-38.11831],[144.11711,-38.12188],[144.11552,-38.12282],[144.10982,-38.12476],[144.10578,-38.12478],[144.10458,-38.12436],[144.10453,-38.12235],[144.1027,-38.11904],[144.1002,-38.11817],[144.09894,-38.11717],[144.09601,-38.11684],[144.08518,-38.17493],[144.12152,-38.17911],[144.11878,-38.19358],[144.1367,-38.19572],[144.13651,-38.19755],[144.13061,-38.23071],[144.14857,-38.2347],[144.14464,-38.25565],[144.1631,-38.25779],[144.16044,-38.27226],[144.15896,-38.28105],[144.1532,-38.31143],[144.15239,-38.31502],[144.15338,-38.31671],[144.15183,-38.31822],[144.15068,-38.32138],[144.15229,-38.32414],[144.15225,-38.32679],[144.14937,-38.33095],[144.14942,-38.33277],[144.15163,-38.33473],[144.15698,-38.33695],[144.16069,-38.34107],[144.16444,-38.34334],[144.16761,-38.34463],[144.18106,-38.34546],[144.18635,-38.34815],[144.18832,-38.34964],[144.19462,-38.35525],[144.19562,-38.35695],[144.19654,-38.36026],[144.20545,-38.36992],[144.2053,-38.37269],[144.20409,-38.38081],[144.20546,-38.3811],[144.20813,-38.37971],[144.22813,-38.37266],[144.23022,-38.37242],[144.23782,-38.37341],[144.24,-38.37337],[144.2428,-38.37268],[144.24509,-38.37635],[144.24606,-38.37881],[144.24629,-38.38125],[144.24877,-38.38405],[144.24813,-38.38885],[144.24868,-38.39005],[144.25083,-38.39153],[144.25319,-38.39586],[144.2538,-38.39276],[144.25224,-38.39137],[144.25176,-38.389],[144.25306,-38.38568],[144.25554,-38.3835],[144.2587,-38.38176],[144.26619,-38.38039],[144.26892,-38.37863],[144.27165,-38.37506],[144.27516,-38.37354],[144.27893,-38.37254],[144.28422,-38.36853],[144.28533,-38.36868],[144.28623,-38.36671],[144.28943,-38.3614],[144.29327,-38.35908],[144.29706,-38.35618],[144.29731,-38.35371],[144.29841,-38.35256],[144.30096,-38.35148],[144.30401,-38.34796],[144.30953,-38.34607],[144.31644,-38.34566],[144.31843,-38.34602],[144.31907,-38.34315],[144.32018,-38.34192],[144.32283,-38.3408],[144.32692,-38.3404],[144.3251,-38.33747],[144.32558,-38.33503],[144.32798,-38.33158],[144.32746,-38.32769],[144.32821,-38.32645],[144.33216,-38.32372],[144.3408,-38.31979],[144.34624,-38.31842],[144.35464,-38.31772],[144.36059,-38.31576],[144.36517,-38.31394],[144.37082,-38.31216],[144.3758,-38.30909],[144.37914,-38.30511],[144.37807,-38.3029],[144.38173,-38.30071],[144.38852,-38.29819],[144.39589,-38.29672],[144.39794,-38.29678],[144.39987,-38.29565],[144.40048,-38.29433],[144.40331,-38.29406],[144.40442,-38.29252],[144.40731,-38.2904],[144.41248,-38.28921],[144.41505,-38.28907],[144.41705,-38.28724],[144.41919,-38.2862],[144.41951,-38.285],[144.42456,-38.25941],[144.42878,-38.23727],[144.42806,-38.23432],[144.42662,-38.23467],[144.42462,-38.23374],[144.42404,-38.23163],[144.4221,-38.23186],[144.42343,-38.22915],[144.4237,-38.22467],[144.42357,-38.22155],[144.42058,-38.21953],[144.41789,-38.22013],[144.41368,-38.21562],[144.41316,-38.21447],[144.41109,-38.21423],[144.40912,-38.21498],[144.40587,-38.21524],[144.405,-38.21679],[144.402,-38.21964],[144.39884,-38.21944],[144.3949,-38.21479]]]},"properties":{"district":"South Barwon"}},{"type":"Feature","geometry":{"type":"Polygon","coordinates":[[[140.96713,-37.99388],[140.96657,-38.01981],[140.96634,-38.03833],[140.96574,-38.05592],[140.97195,-38.05701],[140.98731,-38.05934],[140.99024,-38.05952],[140.99585,-38.06146],[140.99936,-38.06226],[141.00682,-38.0647],[141.01327,-38.06649],[141.02476,-38.07068],[141.02858,-38.07169],[141.03835,-38.07565],[141.04478,-38.07881],[141.04715,-38.08042],[141.05061,-38.08111],[141.05268,-38.08235],[141.06031,-38.0861],[141.0667,-38.08873],[141.06996,-38.0898],[141.07247,-38.09102],[141.08228,-38.09496],[141.08703,-38.09716],[141.09308,-38.10109],[141.09544,-38.10294],[141.09984,-38.10472],[141.10112,-38.10588],[141.10288,-38.10567],[141.10556,-38.10636],[141.11134,-38.10972],[141.11386,-38.11056],[141.11532,-38.11183],[141.11925,-38.11257],[141.12945,-38.11721],[141.13381,-38.11899],[141.13895,-38.12174],[141.15059,-38.12705],[141.15307,-38.12881],[141.15644,-38.13036],[141.15866,-38.13177],[141.1691,-38.13762],[141.17213,-38.13887],[141.17695,-38.14154],[141.17961,-38.14348],[141.18238,-38.14376],[141.18484,-38.14496],[141.19841,-38.15317],[141.20136,-38.15457],[141.20681,-38.15777],[141.21718,-38.16439],[141.22833,-38.17099],[141.2441,-38.18173],[141.24705,-38.18363],[141.25004,-38.18599],[141.25508,-38.18945],[141.2596,-38.19298],[141.26652,-38.1979],[141.27199,-38.20207],[141.27572,-38.20538],[141.28174,-38.20993],[141.28384,-38.21194],[141.28994,-38.21602],[141.293,-38.21919],[141.29473,-38.22022],[141.29733,-38.22264],[141.3032,-38.22754],[141.3061,-38.22945],[141.30723,-38.23084],[141.31185,-38.23473],[141.32173,-38.24264],[141.32497,-38.24585],[141.33178,-38.25133],[141.33757,-38.25665],[141.33867,-38.25839],[141.3419,-38.26079],[141.34658,-38.26496],[141.34844,-38.26723],[141.35153,-38.27015],[141.35733,-38.27452],[141.36033,-38.27822],[141.36089,-38.27937],[141.36326,-38.28147],[141.36727,-38.28612],[141.37072,-38.28959],[141.37196,-38.29156],[141.37675,-38.29714],[141.38316,-38.30569],[141.38765,-38.31202],[141.39005,-38.31659],[141.39145,-38.31854],[141.39423,-38.3251],[141.39645,-38.33126],[141.39794,-38.337],[141.3978,-38.33835],[141.39628,-38.33977],[141.39632,-38.34068],[141.39386,-38.34286],[141.39187,-38.34374],[141.39032,-38.34543],[141.38975,-38.34715],[141.38543,-38.34834],[141.38173,-38.35096],[141.37733,-38.35373],[141.37708,-38.35457],[141.37183,-38.35704],[141.37137,-38.35897],[141.36877,-38.36047],[141.3675,-38.36181],[141.36717,-38.36404],[141.36536,-38.36545],[141.36634,-38.3674],[141.36469,-38.37013],[141.36386,-38.37278],[141.3639,-38.37687],[141.36581,-38.37854],[141.36614,-38.38004],[141.36875,-38.38218],[141.37076,-38.383],[141.37215,-38.38514],[141.37414,-38.38666],[141.37943,-38.38688],[141.38123,-38.38655],[141.38391,-38.3871],[141.38547,-38.38674],[141.38979,-38.38759],[141.39222,-38.38896],[141.39459,-38.38959],[141.3956,-38.39107],[141.39757,-38.39164],[141.3992,-38.39388],[141.40103,-38.3951],[141.40561,-38.3961],[141.40885,-38.39617],[141.41017,-38.39577],[141.41315,-38.39634],[141.41338,-38.39429],[141.41261,-38.39057],[141.41075,-38.38781],[141.40891,-38.38171],[141.40937,-38.38],[141.40857,-38.37831],[141.40538,-38.37518],[141.4048,-38.37187],[141.40672,-38.36934],[141.40941,-38.36755],[141.41412,-38.36518],[141.41883,-38.36346],[141.42527,-38.36179],[141.43962,-38.35998],[141.44315,-38.36041],[141.44519,-38.3598],[141.44937,-38.36006],[141.45662,-38.3613],[141.45746,-38.36186],[141.46177,-38.36249],[141.46961,-38.36552],[141.47165,-38.36672],[141.48695,-38.37323],[141.48837,-38.37354],[141.49585,-38.37733],[141.49915,-38.37848],[141.50505,-38.38198],[141.50653,-38.38261],[141.51453,-38.38719],[141.5193,-38.39014],[141.51935,-38.39135],[141.52082,-38.39216],[141.52091,-38.39394],[141.52501,-38.39769],[141.528,-38.40306],[141.52836,-38.40618],[141.52578,-38.40914],[141.52189,-38.41081],[141.52118,-38.41382],[141.52373,-38.41605],[141.52513,-38.4167],[141.52559,-38.41819],[141.52506,-38.42143],[141.52621,-38.42314],[141.52973,-38.42481],[141.53099,-38.42625],[141.53515,-38.4277],[141.5393,-38.43101],[141.54135,-38.43106],[141.54289,-38.43201],[141.54513,-38.43211],[141.54708,-38.43111],[141.55019,-38.43221],[141.55081,-38.43179],[141.55138,-38.42846],[141.5559,-38.42606],[141.55601,-38.42356],[141.55769,-38.42236],[141.557,-38.42119],[141.55623,-38.41666],[141.55691,-38.41251],[141.55681,-38.40953],[141.55789,-38.40594],[141.56014,-38.40537],[141.56081,-38.40422],[141.56504,-38.40417],[141.56714,-38.4014],[141.56757,-38.39803],[141.56884,-38.3967],[141.57026,-38.39409],[141.57051,-38.39207],[141.57304,-38.38977],[141.57575,-38.38955],[141.579,-38.38796],[141.58309,-38.38803],[141.58455,-38.38845],[141.59025,-38.38845],[141.59354,-38.38889],[141.59522,-38.38998],[141.60187,-38.39226],[141.60395,-38.39234],[141.6071,-38.39371],[141.61472,-38.39432],[141.61683,-38.39668],[141.61672,-38.39958],[141.62046,-38.40302],[141.62294,-38.4043],[141.624,-38.40595],[141.6262,-38.40652],[141.62749,-38.40538],[141.62805,-38.40073],[141.62751,-38.39895],[141.62542,-38.39625],[141.62638,-38.39458],[141.62902,-38.39304],[141.63352,-38.39296],[141.63607,-38.3924],[141.64108,-38.39218],[141.64193,-38.39265],[141.64523,-38.39233],[141.64727,-38.39271],[141.64923,-38.39389],[141.64997,-38.39266],[141.64888,-38.39109],[141.6455,-38.38824],[141.64403,-38.38652],[141.64297,-38.38397],[141.64144,-38.3833],[141.64166,-38.38052],[141.64281,-38.38019],[141.64186,-38.37818],[141.63636,-38.37723],[141.63393,-38.37537],[141.63324,-38.37339],[141.62917,-38.36737],[141.62609,-38.36377],[141.62817,-38.36294],[141.6252,-38.34233],[141.61095,-38.34228],[141.61094,-38.33541],[141.60927,-38.33473],[141.61044,-38.33241],[141.60845,-38.33192],[141.60744,-38.32951],[141.60454,-38.32762],[141.60118,-38.32418],[141.5988,-38.32113],[141.59911,-38.31911],[141.60117,-38.31443],[141.60658,-38.31017],[141.60704,-38.30868],[141.60942,-38.30739],[141.61127,-38.3049],[141.61343,-38.3037],[141.61669,-38.30256],[141.61869,-38.30144],[141.62302,-38.29996],[141.62864,-38.29633],[141.63386,-38.2937],[141.63888,-38.29205],[141.64392,-38.28792],[141.6474,-38.28613],[141.65064,-38.28408],[141.65583,-38.28225],[141.65973,-38.27862],[141.66348,-38.27558],[141.6693,-38.2743],[141.67168,-38.27247],[141.67749,-38.26923],[141.67927,-38.26784],[141.68374,-38.26628],[141.68584,-38.26526],[141.69103,-38.26371],[141.69343,-38.26256],[141.69798,-38.26109],[141.70362,-38.25998],[141.70721,-38.25951],[141.72277,-38.25621],[141.72484,-38.2556],[141.73113,-38.25445],[141.73962,-38.25324],[141.75129,-38.25305],[141.7643,-38.2532],[141.76961,-38.25357],[141.77991,-38.25471],[141.78374,-38.25529],[141.79566,-38.25762],[141.80349,-38.25878],[141.81093,-38.25925],[141.81584,-38.25993],[141.82131,-38.26033],[141.82877,-38.26035],[141.83778,-38.26088],[141.84681,-38.26164],[141.85359,-38.2624],[141.86159,-38.26356],[141.8674,-38.26402],[141.87466,-38.26514],[141.87824,-38.26541],[141.88593,-38.26646],[141.88942,-38.26724],[141.89901,-38.27047],[141.90499,-38.27124],[141.91026,-38.27255],[141.92118,-38.27558],[141.92901,-38.27808],[141.93736,-38.28102],[141.95571,-38.28828],[141.96133,-38.29096],[141.96612,-38.29276],[141.97535,-38.29703],[141.97865,-38.29836],[141.99621,-38.30698],[141.99691,-38.30755],[142.00296,-38.31051],[142.01082,-38.31532],[142.01455,-38.31693],[142.02657,-38.32526],[142.03107,-38.32799],[142.03785,-38.33246],[142.04306,-38.33684],[142.04463,-38.33866],[142.04871,-38.33991],[142.05707,-38.34552],[142.05852,-38.34725],[142.06275,-38.34992],[142.06669,-38.35186],[142.07198,-38.35484],[142.07396,-38.3562],[142.08211,-38.35921],[142.0883,-38.36205],[142.09353,-38.36373],[142.09845,-38.36577],[142.10194,-38.36796],[142.10595,-38.37007],[142.10676,-38.37122],[142.10889,-38.37131],[142.11081,-38.37211],[142.11264,-38.37159],[142.11571,-38.37317],[142.11957,-38.37407],[142.12135,-38.37489],[142.12282,-38.37679],[142.12852,-38.37792],[142.12967,-38.38001],[142.13298,-38.3798],[142.13702,-38.38094],[142.14022,-38.38417],[142.14362,-38.38662],[142.14479,-38.39021],[142.14777,-38.38962],[142.15424,-38.39165],[142.15514,-38.39039],[142.15698,-38.39127],[142.15895,-38.39098],[142.16296,-38.39196],[142.16485,-38.39099],[142.16655,-38.39169],[142.17392,-38.39001],[142.17655,-38.39166],[142.17808,-38.39211],[142.18082,-38.39187],[142.18258,-38.39093],[142.18628,-38.3918],[142.18897,-38.39355],[142.19381,-38.39401],[142.19283,-38.39675],[142.1963,-38.39569],[142.19886,-38.3961],[142.20143,-38.39431],[142.20474,-38.39323],[142.21175,-38.39284],[142.21345,-38.39447],[142.2161,-38.39388],[142.21986,-38.39208],[142.22297,-38.39205],[142.2237,-38.39287],[142.2262,-38.39183],[142.22998,-38.39291],[142.23243,-38.39229],[142.23452,-38.39286],[142.23545,-38.39482],[142.23808,-38.39519],[142.24125,-38.39372],[142.24348,-38.3933],[142.24296,-38.39596],[142.24521,-38.39642],[142.24748,-38.39561],[142.24783,-38.39458],[142.2507,-38.3932],[142.25163,-38.39323],[142.25437,-38.39069],[142.253,-38.38973],[142.25095,-38.39031],[142.25008,-38.38928],[142.24584,-38.3888],[142.24448,-38.38742],[142.24354,-38.38508],[142.2435,-38.38208],[142.2443,-38.37929],[142.24649,-38.37556],[142.25058,-38.37115],[142.25607,-38.36724],[142.26039,-38.36521],[142.26338,-38.3641],[142.26691,-38.36328],[142.27292,-38.3625],[142.2771,-38.36224],[142.28189,-38.36264],[142.28602,-38.36456],[142.2884,-38.36323],[142.28873,-38.36239],[142.29225,-38.36044],[142.29445,-38.35983],[142.29991,-38.36024],[142.30105,-38.35953],[142.3038,-38.35918],[142.3057,-38.35767],[142.30894,-38.35649],[142.31039,-38.35644],[142.31331,-38.35726],[142.31494,-38.35822],[142.31602,-38.35972],[142.31763,-38.35992],[142.32015,-38.3587],[142.32368,-38.35848],[142.32651,-38.35752],[142.32907,-38.35729],[142.33438,-38.35843],[142.33612,-38.35692],[142.33534,-38.35596],[142.33661,-38.35381],[142.33849,-38.35295],[142.34256,-38.35231],[142.34356,-38.35145],[142.34757,-38.3514],[142.35392,-38.35014],[142.36259,-38.35011],[142.37219,-38.34957],[142.37448,-38.35099],[142.37908,-38.35182],[142.37999,-38.3527],[142.38318,-38.35418],[142.38972,-38.35606],[142.39457,-38.35865],[142.3958,-38.3589],[142.40457,-38.36272],[142.40615,-38.36394],[142.41144,-38.36608],[142.41633,-38.36892],[142.42087,-38.37098],[142.42235,-38.37243],[142.42664,-38.37423],[142.4311,-38.3773],[142.43554,-38.37989],[142.43804,-38.38263],[142.44081,-38.38348],[142.44615,-38.38646],[142.44919,-38.38993],[142.45263,-38.39132],[142.45538,-38.39305],[142.45574,-38.39465],[142.45782,-38.39551],[142.45891,-38.39668],[142.46343,-38.39723],[142.46478,-38.39889],[142.46689,-38.39809],[142.46853,-38.39862],[142.46988,-38.40106],[142.47159,-38.40186],[142.47648,-38.40272],[142.476,-38.40167],[142.47623,-38.39852],[142.47716,-38.3967],[142.4792,-38.39487],[142.48416,-38.39357],[142.49105,-38.39361],[142.49528,-38.39476],[142.49848,-38.39597],[142.50312,-38.39953],[142.50673,-38.40066],[142.50792,-38.40198],[142.51001,-38.40064],[142.5094,-38.39919],[142.50959,-38.39674],[142.51135,-38.39696],[142.51212,-38.39989],[142.511,-38.40242],[142.51161,-38.40339],[142.51587,-38.40326],[142.52694,-38.40554],[142.53135,-38.40699],[142.53791,-38.41018],[142.54064,-38.41223],[142.54244,-38.41217],[142.55247,-38.41687],[142.55761,-38.41957],[142.5599,-38.4201],[142.56169,-38.42179],[142.56372,-38.422],[142.56421,-38.42362],[142.56954,-38.42612],[142.57605,-38.43026],[142.57843,-38.43145],[142.58036,-38.43369],[142.58291,-38.43462],[142.58479,-38.43669],[142.5874,-38.43645],[142.58796,-38.43811],[142.59151,-38.43922],[142.59398,-38.44111],[142.59832,-38.44527],[142.60095,-38.44503],[142.60181,-38.44558],[142.60319,-38.44838],[142.60603,-38.44883],[142.60923,-38.45034],[142.61121,-38.45085],[142.61312,-38.45228],[142.61506,-38.45273],[142.61641,-38.45532],[142.61817,-38.4569],[142.62144,-38.45789],[142.62218,-38.45937],[142.62487,-38.45923],[142.62865,-38.46192],[142.63143,-38.46331],[142.64441,-38.47134],[142.64724,-38.47406],[142.65098,-38.47572],[142.65154,-38.47651],[142.65548,-38.47902],[142.65679,-38.48038],[142.66031,-38.48259],[142.66299,-38.48385],[142.66332,-38.48481],[142.66756,-38.4886],[142.67021,-38.49037],[142.67288,-38.49061],[142.67422,-38.49148],[142.67656,-38.49039],[142.6762,-38.49306],[142.67919,-38.49306],[142.68373,-38.49493],[142.68777,-38.49918],[142.68982,-38.49983],[142.69123,-38.50151],[142.69027,-38.50291],[142.69409,-38.50381],[142.69473,-38.50536],[142.70072,-38.50951],[142.69993,-38.51182],[142.70305,-38.51222],[142.70604,-38.51215],[142.70749,-38.51395],[142.70951,-38.51509],[142.71362,-38.51634],[142.71534,-38.51796],[142.71974,-38.52026],[142.72657,-38.52535],[142.72994,-38.52744],[142.73353,-38.53051],[142.73505,-38.53266],[142.73999,-38.5356],[142.74292,-38.53786],[142.74609,-38.53944],[142.74899,-38.54179],[142.7503,-38.54406],[142.75117,-38.54387],[142.75362,-38.54555],[142.75604,-38.53307],[142.75724,-38.53151],[142.75682,-38.52943],[142.76232,-38.50056],[142.74619,-38.49867],[142.74438,-38.49731],[142.74976,-38.46933],[142.71339,-38.46495],[142.72019,-38.42891],[142.72345,-38.41231],[142.72889,-38.38371],[142.7308,-38.37334],[142.73612,-38.34599],[142.73737,-38.33915],[142.73986,-38.3378],[142.74052,-38.33573],[142.74203,-38.33734],[142.74338,-38.33525],[142.74452,-38.33483],[142.74451,-38.33319],[142.74546,-38.33201],[142.74863,-38.33088],[142.74985,-38.32836],[142.75217,-38.32888],[142.75342,-38.3272],[142.75552,-38.32711],[142.75385,-38.32447],[142.75452,-38.32324],[142.76026,-38.32347],[142.76155,-38.32264],[142.75602,-38.31357],[142.75333,-38.31466],[142.74671,-38.31648],[142.74095,-38.31885],[142.73921,-38.3199],[142.73548,-38.32366],[142.7228,-38.31481],[142.72138,-38.31291],[142.71978,-38.30826],[142.71972,-38.30726],[142.72086,-38.30157],[142.72069,-38.30049],[142.71726,-38.29829],[142.71664,-38.29637],[142.71509,-38.28383],[142.71338,-38.27768],[142.7141,-38.2719],[142.71192,-38.26774],[142.71093,-38.26344],[142.70971,-38.26168],[142.7049,-38.25945],[142.70435,-38.25888],[142.70077,-38.25857],[142.70056,-38.25743],[142.70177,-38.25595],[142.69952,-38.25512],[142.69645,-38.25669],[142.69379,-38.25376],[142.69282,-38.25193],[142.69428,-38.24981],[142.69221,-38.24935],[142.69291,-38.24754],[142.69578,-38.24703],[142.69817,-38.24802],[142.69959,-38.24695],[142.69859,-38.24457],[142.70014,-38.24381],[142.70282,-38.24502],[142.70386,-38.24364],[142.70191,-38.24115],[142.7034,-38.2395],[142.70508,-38.23905],[142.70446,-38.23767],[142.70255,-38.23745],[142.6986,-38.23564],[142.69957,-38.23416],[142.69913,-38.23179],[142.70109,-38.23059],[142.70162,-38.22757],[142.70055,-38.22605],[142.7,-38.2237],[142.69833,-38.22357],[142.69599,-38.22471],[142.69572,-38.22293],[142.69677,-38.2218],[142.69639,-38.22048],[142.69339,-38.22065],[142.69189,-38.21856],[142.68775,-38.21833],[142.68734,-38.22058],[142.6808,-38.22063],[142.65779,-38.22042],[142.65816,-38.21762],[142.65786,-38.21528],[142.65573,-38.2118],[142.65459,-38.20624],[142.58198,-38.19743],[142.54171,-38.19244],[142.54377,-38.18202],[142.54608,-38.17099],[142.54648,-38.17046],[142.5605,-38.15687],[142.56132,-38.1555],[142.56273,-38.14741],[142.56262,-38.14647],[142.55962,-38.13572],[142.55961,-38.13184],[142.56258,-38.12079],[142.562,-38.11792],[142.55959,-38.11351],[142.55858,-38.11036],[142.55744,-38.10926],[142.5512,-38.10652],[142.55494,-38.09804],[142.55633,-38.09651],[142.56016,-38.09415],[142.56106,-38.09305],[142.5552,-38.08627],[142.55506,-38.0799],[142.56778,-38.07982],[142.572,-38.05688],[142.57317,-38.05181],[142.57523,-38.05257],[142.57693,-38.05145],[142.57923,-38.0529],[142.58185,-38.05029],[142.58353,-38.04965],[142.58614,-38.04687],[142.58823,-38.04664],[142.58907,-38.04566],[142.58897,-38.0435],[142.59116,-38.0427],[142.59357,-38.04314],[142.59509,-38.03532],[142.60085,-38.00703],[142.60439,-37.98875],[142.59626,-37.98302],[142.59363,-37.98146],[142.60752,-37.97259],[142.60793,-37.9709],[142.61193,-37.95026],[142.61195,-37.94898],[142.61625,-37.92732],[142.56813,-37.92143],[142.56402,-37.9255],[142.56268,-37.92629],[142.55917,-37.92693],[142.5577,-37.92793],[142.55463,-37.93245],[142.55279,-37.93451],[142.55107,-37.93781],[142.54403,-37.9459],[142.54026,-37.94734],[142.53917,-37.9486],[142.53279,-37.95217],[142.5308,-37.95236],[142.52587,-37.95075],[142.51974,-37.95045],[142.51252,-37.94731],[142.50527,-37.94644],[142.50415,-37.946],[142.50134,-37.94619],[142.47485,-37.94294],[142.46542,-37.94172],[142.45772,-37.94092],[142.45421,-37.94158],[142.45199,-37.94056],[142.44821,-37.94197],[142.44442,-37.94143],[142.44219,-37.93879],[142.44069,-37.93856],[142.44012,-37.93672],[142.4381,-37.93597],[142.43479,-37.93655],[142.43374,-37.93783],[142.43092,-37.93628],[142.42976,-37.93708],[142.42669,-37.93648],[142.42664,-37.93389],[142.42561,-37.93311],[142.42381,-37.93391],[142.42203,-37.93364],[142.42014,-37.93223],[142.4136,-37.93223],[142.36566,-37.9328],[142.30541,-37.93334],[142.30496,-37.93332],[142.25402,-37.93398],[142.21407,-37.93443],[142.21405,-37.93731],[142.20977,-37.93728],[142.2069,-37.93626],[142.2049,-37.93601],[142.20305,-37.93764],[142.19323,-37.93902],[142.18984,-37.93705],[142.18862,-37.93812],[142.17978,-37.94029],[142.1776,-37.94207],[142.17869,-37.94462],[142.17725,-37.94564],[142.17465,-37.94621],[142.17085,-37.9447],[142.16732,-37.94515],[142.16524,-37.94156],[142.16358,-37.94004],[142.16221,-37.94002],[142.16223,-37.94344],[142.16181,-37.94422],[142.1583,-37.94608],[142.1548,-37.94669],[142.15481,-37.95191],[142.15067,-37.95294],[142.14931,-37.95102],[142.14773,-37.95078],[142.14513,-37.95174],[142.14074,-37.94983],[142.13595,-37.94991],[142.13675,-37.95411],[142.13456,-37.95515],[142.13386,-37.95651],[142.11284,-37.9568],[142.11474,-37.94703],[142.08478,-37.94736],[142.08445,-37.94731],[142.04981,-37.94785],[142.03143,-37.94817],[142.03034,-37.9488],[142.02782,-37.95145],[142.02582,-37.95201],[142.02466,-37.95375],[142.02236,-37.95479],[142.01927,-37.95779],[142.01579,-37.95806],[142.0108,-37.9559],[142.00758,-37.95682],[142.00681,-37.95933],[142.00336,-37.95973],[142.00051,-37.95902],[141.99656,-37.95897],[141.99395,-37.96175],[141.99407,-37.9629],[141.98874,-37.96541],[141.98886,-37.96785],[141.98716,-37.96887],[141.9869,-37.97017],[141.98512,-37.97127],[141.98299,-37.97031],[141.98185,-37.97172],[141.97788,-37.97155],[141.97492,-37.97179],[141.97318,-37.9725],[141.96837,-37.97218],[141.96597,-37.97103],[141.964,-37.97136],[141.96239,-37.97246],[141.96005,-37.97321],[141.95797,-37.97192],[141.95185,-37.96956],[141.95039,-37.96956],[141.94689,-37.96783],[141.94209,-37.96596],[141.93991,-37.96457],[141.93661,-37.96433],[141.93182,-37.96211],[141.92044,-37.96366],[141.91535,-37.96386],[141.89924,-37.95162],[141.88466,-37.94255],[141.881,-37.94205],[141.87696,-37.9406],[141.87474,-37.94106],[141.87301,-37.93909],[141.8707,-37.93738],[141.87025,-37.93613],[141.86775,-37.93211],[141.86627,-37.92881],[141.86905,-37.92733],[141.89452,-37.92312],[141.8945,-37.91198],[141.91465,-37.91198],[141.91489,-37.91185],[141.9162,-37.90425],[141.91901,-37.8863],[141.9013,-37.88632],[141.89552,-37.88416],[141.89301,-37.88442],[141.88413,-37.88279],[141.88013,-37.87883],[141.8738,-37.87713],[141.8659,-37.87652],[141.85963,-37.87706],[141.85578,-37.87674],[141.83871,-37.87134],[141.83479,-37.87087],[141.83292,-37.86943],[141.82866,-37.86832],[141.82701,-37.87816],[141.82732,-37.87948],[141.82988,-37.88296],[141.8314,-37.88653],[141.83106,-37.89166],[141.83128,-37.89263],[141.79011,-37.88871],[141.7792,-37.90024],[141.74538,-37.89677],[141.73907,-37.89533],[141.73223,-37.89536],[141.73121,-37.88106],[141.72941,-37.87027],[141.72503,-37.87138],[141.72079,-37.87379],[141.71813,-37.87455],[141.71609,-37.87643],[141.7134,-37.87732],[141.711,-37.87882],[141.70839,-37.87964],[141.70345,-37.88027],[141.7004,-37.881],[141.6995,-37.88273],[141.69808,-37.88337],[141.69614,-37.88255],[141.69369,-37.88265],[141.68813,-37.88458],[141.68934,-37.88566],[141.68868,-37.88771],[141.6835,-37.88996],[141.68527,-37.89287],[141.68388,-37.89476],[141.68107,-37.8961],[141.67772,-37.8984],[141.6742,-37.89898],[141.66877,-37.89856],[141.6639,-37.90182],[141.66077,-37.90355],[141.65674,-37.90467],[141.65674,-37.90723],[141.6557,-37.90883],[141.65646,-37.9115],[141.65752,-37.9123],[141.65669,-37.91469],[141.65674,-37.91628],[141.65333,-37.91925],[141.65045,-37.92276],[141.64631,-37.92491],[141.64273,-37.92549],[141.64063,-37.92712],[141.637,-37.93123],[141.63497,-37.93397],[141.63139,-37.93687],[141.62848,-37.93754],[141.62615,-37.93605],[141.62469,-37.93294],[141.62337,-37.93245],[141.61817,-37.93216],[141.61494,-37.93072],[141.61074,-37.9305],[141.60686,-37.93119],[141.60181,-37.93334],[141.59866,-37.93413],[141.59611,-37.93409],[141.59027,-37.93456],[141.58729,-37.93177],[141.58519,-37.93174],[141.58186,-37.92951],[141.57973,-37.92736],[141.57638,-37.92645],[141.57274,-37.92768],[141.57022,-37.9271],[141.56716,-37.92821],[141.56458,-37.92814],[141.5619,-37.92633],[141.55908,-37.92268],[141.55683,-37.92222],[141.55487,-37.92243],[141.55401,-37.92451],[141.55223,-37.92493],[141.55137,-37.92659],[141.54527,-37.92834],[141.54396,-37.92976],[141.53897,-37.93094],[141.53543,-37.93031],[141.53258,-37.93023],[141.53035,-37.93218],[141.52838,-37.93224],[141.524,-37.93343],[141.52051,-37.9321],[141.5174,-37.93301],[141.51114,-37.93403],[141.50722,-37.9343],[141.50565,-37.93532],[141.50386,-37.93503],[141.5008,-37.93529],[141.49932,-37.93589],[141.49425,-37.93567],[141.49265,-37.93452],[141.49048,-37.9344],[141.48867,-37.93273],[141.48571,-37.93232],[141.48385,-37.93296],[141.47803,-37.93232],[141.47536,-37.9317],[141.4726,-37.93196],[141.47135,-37.93342],[141.46953,-37.9328],[141.4673,-37.93711],[141.46962,-37.93997],[141.46937,-37.94059],[141.46597,-37.94192],[141.46457,-37.94311],[141.45868,-37.94571],[141.46003,-37.94753],[141.45825,-37.94855],[141.45808,-37.94993],[141.45998,-37.95006],[141.46152,-37.95267],[141.46288,-37.95372],[141.46524,-37.95455],[141.4669,-37.95455],[141.46855,-37.95365],[141.47149,-37.95478],[141.47387,-37.95617],[141.47467,-37.95786],[141.46917,-37.96331],[141.46944,-37.96716],[141.47284,-37.97035],[141.47222,-37.97121],[141.46981,-37.97144],[141.46724,-37.97228],[141.46652,-37.97547],[141.46824,-37.97646],[141.46847,-37.97758],[141.47331,-37.97794],[141.47463,-37.98135],[141.47206,-37.98201],[141.46942,-37.98392],[141.46866,-37.98616],[141.46642,-37.98702],[141.46339,-37.98681],[141.46179,-37.98461],[141.46037,-37.98405],[141.45953,-37.98219],[141.45607,-37.98143],[141.45491,-37.98012],[141.45585,-37.97866],[141.45489,-37.97778],[141.45469,-37.97576],[141.45356,-37.97305],[141.45429,-37.9718],[141.45442,-37.96874],[141.45278,-37.96634],[141.45279,-37.96297],[141.45452,-37.95894],[141.45486,-37.95721],[141.45436,-37.95383],[141.45455,-37.95231],[141.45218,-37.95099],[141.45391,-37.94886],[141.45372,-37.94692],[141.45202,-37.9464],[141.45109,-37.94366],[141.44844,-37.94135],[141.44675,-37.93863],[141.44354,-37.9373],[141.44085,-37.93168],[141.4407,-37.92998],[141.43887,-37.92822],[141.43775,-37.92608],[141.43374,-37.92419],[141.43397,-37.92078],[141.43114,-37.92169],[141.42803,-37.92179],[141.42674,-37.91952],[141.42033,-37.9184],[141.4189,-37.91604],[141.41557,-37.91643],[141.41346,-37.91881],[141.41146,-37.92433],[141.41246,-37.92756],[141.41187,-37.92893],[141.40742,-37.92822],[141.40275,-37.93027],[141.3994,-37.92969],[141.39666,-37.92968],[141.39233,-37.93065],[141.39168,-37.93297],[141.38854,-37.93383],[141.38738,-37.93485],[141.38554,-37.93453],[141.38529,-37.93314],[141.38321,-37.93207],[141.37811,-37.93202],[141.37636,-37.93615],[141.37252,-37.93811],[141.36947,-37.93646],[141.36649,-37.93714],[141.36514,-37.93607],[141.36299,-37.93694],[141.36037,-37.937],[141.35795,-37.93622],[141.35882,-37.9339],[141.35681,-37.93276],[141.35433,-37.93344],[141.35197,-37.93282],[141.34978,-37.93091],[141.34784,-37.92992],[141.3459,-37.92991],[141.34472,-37.93133],[141.34328,-37.93115],[141.34235,-37.93477],[141.33933,-37.93558],[141.33623,-37.9353],[141.33463,-37.93612],[141.33179,-37.93549],[141.32964,-37.93582],[141.32715,-37.93418],[141.32508,-37.93508],[141.3209,-37.9344],[141.31998,-37.93536],[141.31511,-37.93552],[141.31313,-37.93698],[141.30993,-37.93582],[141.30842,-37.9332],[141.30329,-37.92915],[141.29887,-37.92728],[141.2968,-37.92784],[141.29613,-37.92907],[141.29303,-37.92981],[141.29089,-37.92744],[141.28754,-37.92801],[141.28341,-37.92647],[141.28185,-37.92515],[141.27961,-37.92598],[141.28058,-37.92752],[141.2787,-37.92808],[141.27785,-37.92926],[141.27992,-37.93225],[141.28183,-37.93316],[141.28161,-37.93572],[141.28237,-37.93939],[141.28088,-37.94039],[141.28144,-37.94255],[141.2789,-37.94321],[141.27482,-37.94353],[141.27402,-37.94588],[141.27,-37.94487],[141.26858,-37.94273],[141.26616,-37.94401],[141.26633,-37.94624],[141.26963,-37.95021],[141.27296,-37.95287],[141.27376,-37.95442],[141.27308,-37.95697],[141.2739,-37.95874],[141.27013,-37.95966],[141.26801,-37.95882],[141.26685,-37.95694],[141.26545,-37.95741],[141.26502,-37.95886],[141.26325,-37.96055],[141.26293,-37.96398],[141.26206,-37.96608],[141.25882,-37.96644],[141.25707,-37.96946],[141.25588,-37.97023],[141.25218,-37.97424],[141.25077,-37.97446],[141.24912,-37.97229],[141.24731,-37.97106],[141.24515,-37.9717],[141.2427,-37.97312],[141.2454,-37.97683],[141.24545,-37.97882],[141.24753,-37.98005],[141.25214,-37.97982],[141.2528,-37.98109],[141.25122,-37.98217],[141.2489,-37.98209],[141.24714,-37.98263],[141.24449,-37.98421],[141.24187,-37.98418],[141.24136,-37.98488],[141.24589,-37.98932],[141.24704,-37.98806],[141.24947,-37.98393],[141.25226,-37.98408],[141.25253,-37.98603],[141.25285,-37.99431],[141.25494,-37.99427],[141.25748,-37.99345],[141.2599,-37.99774],[141.25985,-37.99875],[141.25772,-38.00173],[141.25773,-38.00321],[141.262,-38.00587],[141.26391,-38.00447],[141.26519,-38.0043],[141.26759,-38.00563],[141.26795,-38.00686],[141.26682,-38.00872],[141.26426,-38.01105],[141.26027,-38.01069],[141.25817,-38.01118],[141.25465,-38.01402],[141.25456,-38.01559],[141.25574,-38.0181],[141.25726,-38.01865],[141.26013,-38.01813],[141.26263,-38.01844],[141.26613,-38.01979],[141.26943,-38.01992],[141.26913,-38.0213],[141.26491,-38.02797],[141.26538,-38.02833],[141.27253,-38.02913],[141.27218,-38.03316],[141.27643,-38.03453],[141.27659,-38.03752],[141.27343,-38.03987],[141.27328,-38.04132],[141.27621,-38.04337],[141.27799,-38.04707],[141.2764,-38.04916],[141.27443,-38.05044],[141.27161,-38.05312],[141.26861,-38.05415],[141.26709,-38.05305],[141.26476,-38.05047],[141.26152,-38.04979],[141.26051,-38.04917],[141.25781,-38.04601],[141.25649,-38.04371],[141.25354,-38.04223],[141.25156,-38.03966],[141.24947,-38.03851],[141.24547,-38.03744],[141.24396,-38.03878],[141.24438,-38.04118],[141.24216,-38.04268],[141.24133,-38.04471],[141.24309,-38.04691],[141.24016,-38.05233],[141.24145,-38.05356],[141.24591,-38.05567],[141.24277,-38.05929],[141.24376,-38.06235],[141.24463,-38.0629],[141.249,-38.06395],[141.24869,-38.06479],[141.2454,-38.06591],[141.24297,-38.06626],[141.23935,-38.06483],[141.23741,-38.06288],[141.23767,-38.05797],[141.23904,-38.05663],[141.23934,-38.05528],[141.23832,-38.05446],[141.23602,-38.05409],[141.23482,-38.05481],[141.23244,-38.05736],[141.2283,-38.06022],[141.22686,-38.06182],[141.22316,-38.06128],[141.22054,-38.05875],[141.22062,-38.05687],[141.21989,-38.05568],[141.21582,-38.05569],[141.21381,-38.0549],[141.21384,-38.0537],[141.21786,-38.05147],[141.21728,-38.05056],[141.21247,-38.04882],[141.21012,-38.04986],[141.2101,-38.05343],[141.20955,-38.05401],[141.20515,-38.05321],[141.20222,-38.05459],[141.20183,-38.05658],[141.20028,-38.05707],[141.19813,-38.05586],[141.19682,-38.05369],[141.19543,-38.05248],[141.18655,-38.05105],[141.18454,-38.04943],[141.18178,-38.0485],[141.17605,-38.04541],[141.17491,-38.04125],[141.17368,-38.04037],[141.1713,-38.04225],[141.171,-38.04437],[141.17258,-38.04735],[141.17114,-38.04792],[141.16749,-38.04666],[141.16602,-38.04651],[141.165,-38.04819],[141.16067,-38.04561],[141.15763,-38.04494],[141.15635,-38.04308],[141.15955,-38.04135],[141.16003,-38.04024],[141.15642,-38.03932],[141.15425,-38.0384],[141.15342,-38.03595],[141.15527,-38.03376],[141.15479,-38.03333],[141.15052,-38.03279],[141.14895,-38.03293],[141.14719,-38.0348],[141.14462,-38.03215],[141.14158,-38.03132],[141.13947,-38.03024],[141.13818,-38.03026],[141.13637,-38.0328],[141.13506,-38.03285],[141.13316,-38.03129],[141.13332,-38.02875],[141.13094,-38.02655],[141.12953,-38.02643],[141.12782,-38.02762],[141.12683,-38.03074],[141.1228,-38.02982],[141.12371,-38.02755],[141.12203,-38.02631],[141.1178,-38.02598],[141.11439,-38.02668],[141.11163,-38.02472],[141.10832,-38.02391],[141.10596,-38.02426],[141.10425,-38.02365],[141.10495,-38.01936],[141.10282,-38.01864],[141.10108,-38.01908],[141.0994,-38.02031],[141.09767,-38.01969],[141.09394,-38.01536],[141.093,-38.01291],[141.0899,-38.01118],[141.08636,-38.01103],[141.08518,-38.01055],[141.08329,-38.00834],[141.07996,-38.00789],[141.07798,-38.00672],[141.07503,-38.00635],[141.07373,-38.00485],[141.07198,-38.00409],[141.0698,-38.00407],[141.06704,-38.00203],[141.06263,-38.00144],[141.0605,-38.00258],[141.05918,-38.00228],[141.05864,-38.00083],[141.05508,-37.99881],[141.0516,-38.00052],[141.0472,-37.99973],[141.0461,-37.99851],[141.04597,-37.99574],[141.04424,-37.99525],[141.0407,-37.99571],[141.03966,-37.99528],[141.03847,-37.99294],[141.03719,-37.99267],[141.03404,-37.99307],[141.03072,-37.99207],[141.02859,-37.99079],[141.02704,-37.99078],[141.02407,-37.99198],[141.02065,-37.99092],[141.01804,-37.99142],[141.01711,-37.99391],[141.01554,-37.99416],[141.01259,-37.99284],[141.00855,-37.99269],[141.00668,-37.99178],[141.00222,-37.99154],[140.99566,-37.98969],[140.99371,-37.99007],[140.99036,-37.99195],[140.98861,-37.99068],[140.98866,-37.98824],[140.98779,-37.98706],[140.98629,-37.98721],[140.98311,-37.98942],[140.97777,-37.9909],[140.97458,-37.99315],[140.97289,-37.99354],[140.97019,-37.99339],[140.96713,-37.99388]]]},"properties":{"district":"South-West Coast"}},{"type":"Feature","geometry":{"type":"Polygon","coordinates":[[[144.85126,-37.76977],[144.85142,-37.76819],[144.85297,-37.76713],[144.85427,-37.76447],[144.85354,-37.76225],[144.85219,-37.7622],[144.84896,-37.7609],[144.8484,-37.7589],[144.84943,-37.75621],[144.84954,-37.75441],[144.84847,-37.75125],[144.84671,-37.7479],[144.84517,-37.74662],[144.84106,-37.74744],[144.83935,-37.74696],[144.8384,-37.74263],[144.83703,-37.74131],[144.8339,-37.74161],[144.83296,-37.73995],[144.83705,-37.73685],[144.83745,-37.73548],[144.83657,-37.73439],[144.83278,-37.73488],[144.82984,-37.73423],[144.82865,-37.73259],[144.82979,-37.73004],[144.82817,-37.72802],[144.82524,-37.72661],[144.82295,-37.7248],[144.81897,-37.72107],[144.8199,-37.71656],[144.81869,-37.71507],[144.80376,-37.7133],[144.7932,-37.71228],[144.78646,-37.71183],[144.78206,-37.71123],[144.79,-37.72127],[144.79166,-37.72389],[144.79327,-37.72796],[144.78201,-37.72757],[144.77872,-37.74663],[144.7926,-37.74804],[144.79411,-37.75124],[144.79702,-37.75516],[144.7978,-37.757],[144.7965,-37.75891],[144.79907,-37.76126],[144.80028,-37.76318],[144.8026,-37.7645],[144.80469,-37.76505],[144.80591,-37.76771],[144.8011,-37.76734],[144.79902,-37.76783],[144.79633,-37.76931],[144.79498,-37.7708],[144.79405,-37.77364],[144.79414,-37.77715],[144.7933,-37.77933],[144.79115,-37.78191],[144.82931,-37.78583],[144.83138,-37.78659],[144.83221,-37.78772],[144.83474,-37.78887],[144.84536,-37.79005],[144.84822,-37.77311],[144.85057,-37.77341],[144.85126,-37.76977]]]},"properties":{"district":"St Albans"}},{"type":"Feature","geometry":{"type":"Polygon","coordinates":[[[144.90283,-37.68244],[144.90107,-37.68147],[144.89926,-37.68137],[144.89718,-37.68221],[144.89387,-37.68048],[144.89129,-37.67986],[144.89039,-37.67747],[144.88802,-37.67657],[144.88586,-37.67446],[144.88335,-37.67442],[144.881,-37.67593],[144.87634,-37.67454],[144.87574,-37.67213],[144.87331,-37.67115],[144.87059,-37.67199],[144.86702,-37.67096],[144.86287,-37.67056],[144.86069,-37.6681],[144.85982,-37.6664],[144.85672,-37.66361],[144.85805,-37.66189],[144.85455,-37.65854],[144.85163,-37.65883],[144.84917,-37.65642],[144.8477,-37.65662],[144.84529,-37.65436],[144.84607,-37.65245],[144.84605,-37.65032],[144.84469,-37.64966],[144.84502,-37.64761],[144.84421,-37.64605],[144.8427,-37.645],[144.83392,-37.64399],[144.83491,-37.63785],[144.83484,-37.63613],[144.83636,-37.6296],[144.81838,-37.62762],[144.81973,-37.61998],[144.81112,-37.6131],[144.8089,-37.61417],[144.80443,-37.61369],[144.80174,-37.60968],[144.80589,-37.60903],[144.80811,-37.609],[144.80703,-37.60725],[144.81224,-37.60458],[144.81536,-37.60246],[144.81741,-37.6017],[144.81813,-37.60053],[144.81507,-37.59978],[144.81261,-37.60063],[144.80992,-37.59943],[144.80845,-37.59825],[144.81189,-37.59771],[144.8141,-37.59467],[144.81136,-37.59357],[144.81182,-37.59118],[144.80863,-37.59113],[144.8072,-37.59068],[144.80898,-37.58802],[144.81048,-37.5869],[144.81338,-37.58739],[144.81135,-37.58357],[144.80885,-37.58229],[144.81051,-37.5812],[144.81622,-37.58192],[144.81887,-37.58171],[144.82224,-37.5784],[144.82161,-37.57698],[144.81922,-37.57624],[144.81981,-37.57435],[144.81893,-37.57238],[144.82549,-37.56863],[144.82727,-37.56925],[144.82746,-37.56773],[144.82909,-37.56676],[144.83006,-37.56537],[144.83203,-37.56482],[144.83194,-37.56345],[144.82878,-37.56225],[144.82824,-37.56056],[144.8306,-37.55831],[144.82719,-37.55794],[144.82853,-37.55534],[144.83217,-37.55608],[144.83717,-37.55358],[144.83896,-37.55402],[144.83729,-37.55688],[144.83972,-37.5568],[144.84014,-37.55509],[144.84186,-37.55315],[144.84328,-37.55357],[144.84401,-37.55486],[144.84247,-37.55594],[144.8431,-37.55692],[144.84533,-37.55797],[144.84823,-37.55682],[144.84556,-37.55509],[144.8461,-37.55365],[144.84841,-37.55326],[144.85026,-37.54964],[144.84963,-37.54821],[144.85309,-37.54862],[144.85401,-37.54781],[144.85317,-37.54566],[144.85512,-37.54459],[144.85415,-37.54245],[144.85781,-37.54111],[144.8543,-37.53939],[144.85323,-37.53775],[144.85211,-37.53815],[144.85055,-37.5359],[144.85187,-37.53504],[144.85147,-37.53327],[144.85239,-37.53224],[144.85382,-37.53341],[144.85319,-37.53506],[144.85495,-37.53499],[144.85495,-37.53216],[144.85591,-37.5308],[144.85919,-37.53197],[144.85974,-37.52963],[144.85684,-37.52965],[144.85591,-37.5289],[144.8569,-37.527],[144.85919,-37.5248],[144.85991,-37.5269],[144.86158,-37.52814],[144.86369,-37.52617],[144.86544,-37.52541],[144.86781,-37.52296],[144.86696,-37.52181],[144.86882,-37.52026],[144.86786,-37.51814],[144.86957,-37.51733],[144.87081,-37.51557],[144.83969,-37.51171],[144.82896,-37.51016],[144.7793,-37.5036],[144.77332,-37.50293],[144.77086,-37.50188],[144.76709,-37.50446],[144.76627,-37.50285],[144.76269,-37.4995],[144.76051,-37.49959],[144.75927,-37.49896],[144.75753,-37.49484],[144.75546,-37.49596],[144.75225,-37.49701],[144.74865,-37.49538],[144.7463,-37.49394],[144.74573,-37.49201],[144.74072,-37.48908],[144.73925,-37.48997],[144.74072,-37.4931],[144.73979,-37.49362],[144.73705,-37.49281],[144.7349,-37.49117],[144.73188,-37.48716],[144.7292,-37.48715],[144.72619,-37.48654],[144.72188,-37.48356],[144.71981,-37.48342],[144.71834,-37.48757],[144.71692,-37.4877],[144.71515,-37.48662],[144.71298,-37.48773],[144.7119,-37.48599],[144.71343,-37.48464],[144.71205,-37.4826],[144.70968,-37.48196],[144.7051,-37.48228],[144.70278,-37.48488],[144.69987,-37.48458],[144.69609,-37.48518],[144.69738,-37.48924],[144.69381,-37.48935],[144.69206,-37.48842],[144.69209,-37.48668],[144.68823,-37.48968],[144.6886,-37.49327],[144.68593,-37.49302],[144.68581,-37.49503],[144.68432,-37.4955],[144.68401,-37.49322],[144.67904,-37.49386],[144.678,-37.49481],[144.67798,-37.49655],[144.67976,-37.49637],[144.68094,-37.4987],[144.67784,-37.49946],[144.67515,-37.49889],[144.67374,-37.50054],[144.67104,-37.49924],[144.66809,-37.50016],[144.66713,-37.50212],[144.66556,-37.50147],[144.66415,-37.49921],[144.65992,-37.49833],[144.65626,-37.49979],[144.65378,-37.49851],[144.65294,-37.49922],[144.65122,-37.49793],[144.65017,-37.49609],[144.64779,-37.49645],[144.64437,-37.49547],[144.63805,-37.4995],[144.63402,-37.52089],[144.63248,-37.52984],[144.64189,-37.5386],[144.6463,-37.5411],[144.64859,-37.54285],[144.65672,-37.55326],[144.65953,-37.55584],[144.66305,-37.5579],[144.66475,-37.55938],[144.67238,-37.56779],[144.64746,-37.56525],[144.62627,-37.56291],[144.6258,-37.56501],[144.62464,-37.56538],[144.62362,-37.56771],[144.62499,-37.57213],[144.6266,-37.57396],[144.62764,-37.57612],[144.62975,-37.57635],[144.63044,-37.57857],[144.63125,-37.57886],[144.63184,-37.58345],[144.63125,-37.5842],[144.63189,-37.58593],[144.6306,-37.58671],[144.63399,-37.59157],[144.63586,-37.59498],[144.63927,-37.5969],[144.64036,-37.59819],[144.64404,-37.60039],[144.64515,-37.6017],[144.6452,-37.60375],[144.64816,-37.60579],[144.64951,-37.60514],[144.65157,-37.6052],[144.65234,-37.60849],[144.65458,-37.61042],[144.6541,-37.61164],[144.65455,-37.61366],[144.65651,-37.61449],[144.65803,-37.61619],[144.65834,-37.6185],[144.65948,-37.62013],[144.65881,-37.62252],[144.66027,-37.62322],[144.66005,-37.62483],[144.66111,-37.62675],[144.66014,-37.62866],[144.65894,-37.63252],[144.65723,-37.63276],[144.65503,-37.63433],[144.65562,-37.63687],[144.65461,-37.63809],[144.65607,-37.63957],[144.65653,-37.64001],[144.6678,-37.647],[144.66777,-37.64722],[144.6766,-37.6527],[144.68462,-37.65633],[144.70272,-37.65835],[144.73905,-37.66256],[144.75731,-37.66422],[144.75752,-37.66293],[144.76083,-37.66369],[144.76461,-37.66585],[144.76593,-37.66461],[144.76768,-37.66402],[144.77222,-37.66404],[144.77072,-37.6658],[144.76808,-37.66725],[144.76896,-37.66926],[144.76992,-37.66979],[144.77345,-37.67023],[144.77448,-37.67091],[144.77556,-37.67524],[144.77657,-37.6768],[144.7797,-37.67664],[144.78189,-37.67507],[144.78678,-37.67588],[144.79203,-37.67541],[144.79604,-37.67338],[144.79771,-37.67165],[144.79835,-37.6736],[144.80121,-37.67422],[144.80235,-37.67365],[144.80163,-37.67146],[144.80353,-37.66969],[144.80484,-37.66984],[144.80364,-37.67231],[144.80338,-37.67564],[144.80372,-37.67691],[144.8058,-37.67885],[144.80529,-37.68041],[144.80624,-37.68295],[144.80734,-37.68308],[144.80952,-37.68152],[144.81235,-37.68167],[144.81547,-37.68245],[144.81864,-37.68238],[144.8201,-37.68301],[144.82046,-37.68462],[144.81878,-37.68717],[144.82091,-37.69071],[144.82009,-37.69255],[144.81577,-37.69361],[144.81498,-37.69437],[144.811,-37.69568],[144.80951,-37.69761],[144.81196,-37.6991],[144.81414,-37.69945],[144.81825,-37.69948],[144.81994,-37.69877],[144.82137,-37.69914],[144.82265,-37.69833],[144.82491,-37.69836],[144.82812,-37.70072],[144.82537,-37.70106],[144.82514,-37.70336],[144.82808,-37.70448],[144.82733,-37.70625],[144.8301,-37.70685],[144.831,-37.70536],[144.83416,-37.70329],[144.83525,-37.70334],[144.83685,-37.70545],[144.83828,-37.70594],[144.83804,-37.70932],[144.84751,-37.71038],[144.84745,-37.71107],[144.85943,-37.71242],[144.85894,-37.71501],[144.85919,-37.71639],[144.86064,-37.717],[144.86006,-37.71837],[144.86376,-37.72151],[144.86793,-37.72381],[144.8718,-37.72034],[144.88691,-37.71154],[144.89081,-37.7101],[144.89815,-37.70924],[144.89962,-37.70735],[144.90106,-37.70718],[144.90167,-37.70535],[144.90371,-37.7046],[144.90431,-37.70127],[144.90318,-37.6971],[144.90381,-37.69582],[144.90699,-37.69385],[144.90733,-37.69281],[144.90508,-37.68902],[144.90506,-37.68688],[144.90416,-37.68576],[144.90283,-37.68244]]]},"properties":{"district":"Sunbury"}},{"type":"Feature","geometry":{"type":"Polygon","coordinates":[[[144.78201,-37.72757],[144.79327,-37.72796],[144.79166,-37.72389],[144.79,-37.72127],[144.78206,-37.71123],[144.78646,-37.71183],[144.7932,-37.71228],[144.80376,-37.7133],[144.80405,-37.70953],[144.80373,-37.70818],[144.80197,-37.70517],[144.80193,-37.70186],[144.80443,-37.7023],[144.81048,-37.70119],[144.80742,-37.69898],[144.81196,-37.6991],[144.80951,-37.69761],[144.811,-37.69568],[144.81498,-37.69437],[144.81577,-37.69361],[144.82009,-37.69255],[144.82091,-37.69071],[144.81878,-37.68717],[144.82046,-37.68462],[144.8201,-37.68301],[144.81864,-37.68238],[144.81547,-37.68245],[144.81235,-37.68167],[144.80952,-37.68152],[144.80734,-37.68308],[144.80624,-37.68295],[144.80529,-37.68041],[144.8058,-37.67885],[144.80372,-37.67691],[144.80338,-37.67564],[144.80364,-37.67231],[144.80484,-37.66984],[144.80353,-37.66969],[144.80163,-37.67146],[144.80235,-37.67365],[144.80121,-37.67422],[144.79835,-37.6736],[144.79771,-37.67165],[144.79604,-37.67338],[144.79203,-37.67541],[144.78678,-37.67588],[144.78189,-37.67507],[144.7797,-37.67664],[144.77657,-37.6768],[144.77556,-37.67524],[144.77448,-37.67091],[144.77345,-37.67023],[144.76992,-37.66979],[144.76896,-37.66926],[144.76808,-37.66725],[144.77072,-37.6658],[144.77222,-37.66404],[144.76768,-37.66402],[144.76593,-37.66461],[144.76461,-37.66585],[144.76083,-37.66369],[144.75752,-37.66293],[144.75731,-37.66422],[144.73905,-37.66256],[144.70272,-37.65835],[144.70024,-37.67252],[144.69717,-37.68716],[144.69429,-37.70551],[144.69246,-37.71659],[144.7245,-37.7204],[144.72896,-37.72118],[144.7483,-37.72377],[144.78201,-37.72757]]]},"properties":{"district":"Sydenham"}},{"type":"Feature","geometry":{"type":"Polygon","coordinates":[[[144.82083,-37.82601],[144.82384,-37.82412],[144.82749,-37.8228],[144.82617,-37.82141],[144.82507,-37.81854],[144.82658,-37.81688],[144.80809,-37.81533],[144.75097,-37.81046],[144.75078,-37.81037],[144.70889,-37.80686],[144.70494,-37.80605],[144.6867,-37.80404],[144.63879,-37.7986],[144.63202,-37.79791],[144.60472,-37.79469],[144.59229,-37.79358],[144.58893,-37.79315],[144.58709,-37.79476],[144.5843,-37.7949],[144.57995,-37.79803],[144.57828,-37.79955],[144.58023,-37.80083],[144.58233,-37.801],[144.58166,-37.80308],[144.58006,-37.80443],[144.57907,-37.80409],[144.57742,-37.80691],[144.57668,-37.81061],[144.57746,-37.81243],[144.5782,-37.81583],[144.57694,-37.8166],[144.5744,-37.81661],[144.57304,-37.81716],[144.57271,-37.81853],[144.57537,-37.81966],[144.58209,-37.82057],[144.5838,-37.82024],[144.58484,-37.81884],[144.5866,-37.81868],[144.58692,-37.81627],[144.58831,-37.81613],[144.59061,-37.81985],[144.59142,-37.8225],[144.59049,-37.82401],[144.59089,-37.82554],[144.59417,-37.82514],[144.59478,-37.82422],[144.59809,-37.82482],[144.5996,-37.82606],[144.60314,-37.82711],[144.60439,-37.82864],[144.60279,-37.8306],[144.60312,-37.83241],[144.60582,-37.83351],[144.60791,-37.83535],[144.61057,-37.8356],[144.61059,-37.83673],[144.60906,-37.83834],[144.60927,-37.8395],[144.61087,-37.84049],[144.61487,-37.84217],[144.6177,-37.84291],[144.61701,-37.84551],[144.61725,-37.84762],[144.61868,-37.84867],[144.61904,-37.85148],[144.62136,-37.85131],[144.62349,-37.85216],[144.62541,-37.85564],[144.62519,-37.85735],[144.62285,-37.85887],[144.62365,-37.86009],[144.62684,-37.86126],[144.62994,-37.86113],[144.63197,-37.86346],[144.63348,-37.86424],[144.63511,-37.8675],[144.6364,-37.86774],[144.63799,-37.86594],[144.63989,-37.86566],[144.64434,-37.86672],[144.64688,-37.86635],[144.64709,-37.86786],[144.64631,-37.8697],[144.64802,-37.87043],[144.65195,-37.86758],[144.65352,-37.86895],[144.65095,-37.87036],[144.65754,-37.87098],[144.65781,-37.87062],[144.66279,-37.87106],[144.6651,-37.87182],[144.66445,-37.8756],[144.68266,-37.87761],[144.69654,-37.87904],[144.70128,-37.87943],[144.70041,-37.88352],[144.71053,-37.87943],[144.71886,-37.87716],[144.71895,-37.87796],[144.75117,-37.8698],[144.75077,-37.86684],[144.75782,-37.86506],[144.75543,-37.85827],[144.75253,-37.85452],[144.76163,-37.8553],[144.76379,-37.85375],[144.76895,-37.85119],[144.7762,-37.84679],[144.7791,-37.84661],[144.78145,-37.8458],[144.78191,-37.84417],[144.78513,-37.84452],[144.81399,-37.831],[144.82083,-37.82601]]]},"properties":{"district":"Tarneit"}},{"type":"Feature","geometry":{"type":"Polygon","coordinates":[[[144.98019,-37.70643],[144.99385,-37.70755],[144.99223,-37.70572],[144.99222,-37.70355],[144.99162,-37.70159],[144.9926,-37.69979],[144.99216,-37.69829],[144.99653,-37.69628],[144.99935,-37.69642],[145.00158,-37.69387],[145.0114,-37.69485],[145.03246,-37.69734],[145.03483,-37.69643],[145.04096,-37.69525],[145.04342,-37.69048],[145.04853,-37.68872],[145.05222,-37.6889],[145.05156,-37.68731],[145.05186,-37.6853],[145.05013,-37.68433],[145.04781,-37.68512],[145.04623,-37.68494],[145.04545,-37.68614],[145.04175,-37.68505],[145.04018,-37.68404],[145.04136,-37.68305],[145.04245,-37.67777],[145.04228,-37.67642],[145.04415,-37.67577],[145.04535,-37.67264],[145.04355,-37.67207],[145.04238,-37.67072],[145.04038,-37.67003],[145.03866,-37.67052],[145.03691,-37.67003],[145.03882,-37.66736],[145.03557,-37.66556],[145.03655,-37.66365],[145.03577,-37.66183],[145.03706,-37.66105],[145.03522,-37.6589],[145.03456,-37.6566],[145.03315,-37.65486],[145.0341,-37.65429],[145.03499,-37.65216],[145.0336,-37.65109],[145.03375,-37.64933],[145.03282,-37.64694],[145.03148,-37.64507],[145.02632,-37.64462],[145.02656,-37.64049],[145.02634,-37.63754],[145.02878,-37.62303],[145.03133,-37.60852],[145.05059,-37.61047],[145.05086,-37.60961],[145.05376,-37.60775],[145.0548,-37.60457],[145.05182,-37.60297],[145.05195,-37.60121],[145.0512,-37.60014],[145.05333,-37.59874],[145.05359,-37.59683],[145.05214,-37.59452],[145.05306,-37.59208],[145.05409,-37.59176],[145.05876,-37.59353],[145.05982,-37.59362],[145.06334,-37.59146],[145.06442,-37.5897],[145.0637,-37.58828],[145.06413,-37.58674],[145.06378,-37.58482],[145.0642,-37.58215],[145.06622,-37.58056],[145.06572,-37.57686],[145.06325,-37.57362],[145.05578,-37.5714],[145.05359,-37.5722],[145.04784,-37.57232],[145.04604,-37.56959],[145.04246,-37.56964],[145.04084,-37.57104],[145.039,-37.57119],[145.03611,-37.5704],[145.03532,-37.56873],[145.03258,-37.56648],[145.03063,-37.56796],[145.02811,-37.56642],[145.01518,-37.56501],[145.01565,-37.56262],[144.99778,-37.56133],[144.97942,-37.55851],[144.96386,-37.55729],[144.96554,-37.56024],[144.9633,-37.56699],[144.96413,-37.56863],[144.96375,-37.57135],[144.96532,-37.57205],[144.9645,-37.575],[144.96236,-37.57757],[144.96322,-37.57938],[144.96048,-37.58027],[144.95997,-37.58183],[144.95719,-37.5817],[144.95686,-37.58348],[144.9585,-37.58525],[144.95697,-37.58588],[144.95791,-37.58799],[144.95732,-37.58908],[144.95865,-37.59056],[144.95719,-37.59158],[144.95578,-37.59138],[144.95488,-37.59342],[144.95508,-37.59485],[144.95296,-37.59671],[144.95223,-37.59977],[144.95343,-37.6012],[144.9531,-37.60371],[144.95204,-37.60449],[144.95235,-37.60682],[144.94685,-37.60697],[144.95048,-37.61125],[144.95259,-37.61088],[144.95281,-37.61221],[144.95614,-37.61733],[144.95542,-37.61928],[144.95605,-37.6215],[144.95339,-37.62351],[144.95562,-37.62402],[144.95564,-37.62606],[144.95837,-37.6274],[144.95903,-37.62847],[144.95807,-37.63073],[144.95745,-37.63179],[144.95851,-37.63437],[144.96173,-37.63569],[144.96434,-37.63537],[144.96551,-37.63589],[144.96682,-37.6382],[144.96864,-37.63838],[144.97023,-37.6405],[144.96932,-37.64284],[144.97105,-37.64326],[144.97158,-37.64526],[144.97445,-37.64687],[144.97623,-37.64989],[144.97474,-37.652],[144.9754,-37.65398],[144.97489,-37.65577],[144.97686,-37.65801],[144.97631,-37.65885],[144.97411,-37.6588],[144.97223,-37.65944],[144.97347,-37.66087],[144.97221,-37.66283],[144.9729,-37.66409],[144.97498,-37.66477],[144.97581,-37.66575],[144.97575,-37.66786],[144.97396,-37.66921],[144.97392,-37.67135],[144.97581,-37.67164],[144.97624,-37.6727],[144.97488,-37.67393],[144.97595,-37.67462],[144.97516,-37.67596],[144.97225,-37.67735],[144.97402,-37.6788],[144.97243,-37.68127],[144.97284,-37.6825],[144.97136,-37.68418],[144.97144,-37.68589],[144.97062,-37.68803],[144.97303,-37.68871],[144.97342,-37.69011],[144.97039,-37.692],[144.97053,-37.69272],[144.97361,-37.69294],[144.97635,-37.69506],[144.97717,-37.69403],[144.97874,-37.69435],[144.97865,-37.69711],[144.98069,-37.6982],[144.97944,-37.69988],[144.98251,-37.70297],[144.97847,-37.70498],[144.98019,-37.70643]]]},"properties":{"district":"Thomastown"}},{"type":"Feature","geometry":{"type":"Polygon","coordinates":[[[145.15967,-37.80122],[145.16107,-37.80186],[145.16582,-37.80202],[145.17159,-37.80294],[145.17441,-37.80409],[145.18199,-37.80338],[145.18946,-37.80051],[145.1945,-37.80112],[145.19633,-37.80209],[145.20268,-37.80227],[145.20434,-37.80362],[145.20487,-37.80542],[145.20726,-37.80639],[145.20871,-37.80878],[145.21044,-37.80834],[145.21232,-37.81057],[145.21382,-37.8107],[145.21721,-37.79088],[145.22025,-37.79258],[145.2221,-37.79231],[145.2227,-37.78903],[145.22639,-37.78902],[145.23597,-37.79009],[145.23784,-37.77922],[145.2492,-37.78058],[145.25605,-37.78128],[145.25739,-37.77401],[145.26191,-37.77453],[145.26319,-37.76753],[145.26596,-37.76784],[145.27165,-37.76384],[145.27192,-37.76311],[145.2782,-37.76185],[145.28719,-37.76262],[145.28842,-37.75503],[145.29238,-37.75534],[145.29515,-37.75044],[145.29047,-37.74912],[145.28901,-37.74036],[145.2877,-37.73806],[145.28694,-37.73531],[145.28996,-37.73163],[145.28852,-37.72969],[145.29159,-37.72832],[145.29254,-37.72728],[145.29393,-37.72289],[145.29237,-37.71925],[145.2934,-37.71219],[145.29155,-37.711],[145.29318,-37.70936],[145.29171,-37.70878],[145.28941,-37.70951],[145.29148,-37.7065],[145.29208,-37.70363],[145.29062,-37.70291],[145.2882,-37.7029],[145.28608,-37.70344],[145.28431,-37.70568],[145.28412,-37.7069],[145.28278,-37.70835],[145.28318,-37.70995],[145.28499,-37.7118],[145.28506,-37.71426],[145.28688,-37.71551],[145.28395,-37.71865],[145.28277,-37.71829],[145.28311,-37.71613],[145.28259,-37.71473],[145.28128,-37.71382],[145.27864,-37.71322],[145.27718,-37.71375],[145.27717,-37.71563],[145.27318,-37.7161],[145.27266,-37.71512],[145.27385,-37.71365],[145.27579,-37.7101],[145.27326,-37.70891],[145.27266,-37.70795],[145.27307,-37.70522],[145.27222,-37.70377],[145.26883,-37.70335],[145.26718,-37.70446],[145.26794,-37.70574],[145.26991,-37.70627],[145.26823,-37.70748],[145.26541,-37.70843],[145.26332,-37.70797],[145.26065,-37.70809],[145.25943,-37.70936],[145.25733,-37.71019],[145.25487,-37.71003],[145.25469,-37.71086],[145.25649,-37.7122],[145.25592,-37.71441],[145.25391,-37.71708],[145.24969,-37.71848],[145.24867,-37.72073],[145.24646,-37.72054],[145.24295,-37.71928],[145.24295,-37.72092],[145.24374,-37.72305],[145.24273,-37.72525],[145.24114,-37.72521],[145.23768,-37.72075],[145.23645,-37.71988],[145.23593,-37.71839],[145.2366,-37.71485],[145.23841,-37.71506],[145.23868,-37.71362],[145.2313,-37.71283],[145.23017,-37.71394],[145.22867,-37.71378],[145.2259,-37.71562],[145.2226,-37.71383],[145.21175,-37.71225],[145.21175,-37.71161],[145.20842,-37.7113],[145.20671,-37.71157],[145.20211,-37.71093],[145.20123,-37.71584],[145.20214,-37.71595],[145.20089,-37.72253],[145.19827,-37.72002],[145.19788,-37.7217],[145.19633,-37.72298],[145.19596,-37.7249],[145.19431,-37.72469],[145.19074,-37.72615],[145.18918,-37.72597],[145.18883,-37.72772],[145.19278,-37.72774],[145.19498,-37.7274],[145.19424,-37.731],[145.19049,-37.73227],[145.18917,-37.73189],[145.18767,-37.73027],[145.1844,-37.7308],[145.18131,-37.72985],[145.18045,-37.73205],[145.17838,-37.73405],[145.17974,-37.73752],[145.17689,-37.73825],[145.17666,-37.73575],[145.17078,-37.73471],[145.1646,-37.73442],[145.16245,-37.7378],[145.16251,-37.73927],[145.16466,-37.74001],[145.16457,-37.74125],[145.16574,-37.74289],[145.16688,-37.74222],[145.16903,-37.74334],[145.16991,-37.74601],[145.16911,-37.7492],[145.16444,-37.77523],[145.14619,-37.7731],[145.14443,-37.78249],[145.14234,-37.7946],[145.14222,-37.79718],[145.14483,-37.79751],[145.14668,-37.79988],[145.14855,-37.80005],[145.14993,-37.79904],[145.1518,-37.79898],[145.15375,-37.80041],[145.15967,-37.80122]]]},"properties":{"district":"Warrandyte"}},{"type":"Feature","geometry":{"type":"Polygon","coordinates":[[[143.93775,-37.47544],[143.92391,-37.47371],[143.92212,-37.47439],[143.8568,-37.46847],[143.85603,-37.46771],[143.84997,-37.46692],[143.84931,-37.46724],[143.84666,-37.47702],[143.8463,-37.47962],[143.8469,-37.48162],[143.83355,-37.48004],[143.82641,-37.51743],[143.82349,-37.51756],[143.82077,-37.51861],[143.807,-37.52637],[143.80411,-37.52829],[143.80334,-37.53118],[143.80211,-37.53778],[143.79941,-37.54257],[143.79597,-37.54111],[143.79511,-37.54269],[143.79253,-37.54161],[143.79132,-37.54404],[143.78726,-37.54232],[143.78282,-37.56666],[143.78294,-37.56677],[143.78023,-37.58131],[143.79384,-37.58291],[143.79276,-37.5888],[143.79309,-37.58918],[143.79884,-37.59065],[143.80658,-37.59041],[143.80599,-37.59367],[143.8242,-37.59554],[143.82445,-37.59542],[143.82728,-37.58071],[143.84347,-37.58258],[143.84583,-37.58344],[143.84862,-37.58319],[143.84937,-37.5821],[143.8485,-37.58085],[143.84699,-37.58044],[143.84761,-37.57825],[143.84858,-37.57733],[143.84735,-37.57604],[143.84784,-37.57447],[143.85223,-37.57389],[143.85897,-37.56757],[143.86011,-37.56572],[143.86323,-37.56592],[143.8637,-37.56334],[143.86532,-37.56276],[143.87503,-37.56117],[143.88448,-37.55894],[143.88855,-37.55812],[143.89195,-37.55808],[143.89513,-37.55846],[143.89839,-37.55968],[143.90104,-37.5596],[143.90399,-37.56089],[143.90819,-37.56338],[143.91023,-37.55211],[143.90854,-37.55057],[143.90375,-37.5481],[143.90526,-37.54671],[143.90646,-37.54439],[143.91064,-37.54458],[143.91245,-37.54319],[143.91297,-37.54094],[143.91501,-37.53807],[143.91712,-37.53403],[143.91852,-37.53262],[143.92219,-37.53014],[143.92359,-37.52748],[143.92395,-37.52559],[143.92589,-37.5232],[143.92715,-37.52078],[143.93168,-37.51804],[143.93274,-37.51581],[143.93229,-37.51433],[143.93311,-37.51202],[143.93555,-37.4986],[143.93629,-37.49551],[143.93535,-37.49362],[143.93499,-37.49084],[143.93775,-37.47544]]]},"properties":{"district":"Wendouree"}},{"type":"Feature","geometry":{"type":"Polygon","coordinates":[[[144.71895,-37.87796],[144.71886,-37.87716],[144.71053,-37.87943],[144.70041,-37.88352],[144.70128,-37.87943],[144.69654,-37.87904],[144.68266,-37.87761],[144.66445,-37.8756],[144.6651,-37.87182],[144.66279,-37.87106],[144.65781,-37.87062],[144.65754,-37.87098],[144.65095,-37.87036],[144.65352,-37.86895],[144.65195,-37.86758],[144.64802,-37.87043],[144.64631,-37.8697],[144.64709,-37.86786],[144.64688,-37.86635],[144.64434,-37.86672],[144.63989,-37.86566],[144.63799,-37.86594],[144.6364,-37.86774],[144.63511,-37.8675],[144.63348,-37.86424],[144.63197,-37.86346],[144.62994,-37.86113],[144.62684,-37.86126],[144.62365,-37.86009],[144.62285,-37.85887],[144.62519,-37.85735],[144.62541,-37.85564],[144.62349,-37.85216],[144.62136,-37.85131],[144.61904,-37.85148],[144.61868,-37.84867],[144.61725,-37.84762],[144.61701,-37.84551],[144.6177,-37.84291],[144.61487,-37.84217],[144.61087,-37.84049],[144.60927,-37.8395],[144.60906,-37.83834],[144.61059,-37.83673],[144.61057,-37.8356],[144.60791,-37.83535],[144.60582,-37.83351],[144.60312,-37.83241],[144.60279,-37.8306],[144.60439,-37.82864],[144.60314,-37.82711],[144.5996,-37.82606],[144.59809,-37.82482],[144.59478,-37.82422],[144.59417,-37.82514],[144.59089,-37.82554],[144.59049,-37.82401],[144.59142,-37.8225],[144.59061,-37.81985],[144.58831,-37.81613],[144.58692,-37.81627],[144.5866,-37.81868],[144.58484,-37.81884],[144.5838,-37.82024],[144.58209,-37.82057],[144.57537,-37.81966],[144.57271,-37.81853],[144.57304,-37.81716],[144.5744,-37.81661],[144.57694,-37.8166],[144.5782,-37.81583],[144.57746,-37.81243],[144.57668,-37.81061],[144.57742,-37.80691],[144.57757,-37.80409],[144.56764,-37.79885],[144.54872,-37.79704],[144.53311,-37.78749],[144.53303,-37.78728],[144.47768,-37.78101],[144.47774,-37.78137],[144.46696,-37.8392],[144.44897,-37.83714],[144.44408,-37.86384],[144.44418,-37.86402],[144.44619,-37.86402],[144.44719,-37.86493],[144.44734,-37.86768],[144.44922,-37.86865],[144.45026,-37.86754],[144.45303,-37.86708],[144.45471,-37.86762],[144.45435,-37.86887],[144.45567,-37.86997],[144.45604,-37.87197],[144.45832,-37.87396],[144.46057,-37.87369],[144.46294,-37.87513],[144.46352,-37.87705],[144.4693,-37.88419],[144.47296,-37.88283],[144.47244,-37.88508],[144.47153,-37.88645],[144.47307,-37.88823],[144.47416,-37.88677],[144.47687,-37.88731],[144.48013,-37.8889],[144.48091,-37.89056],[144.48018,-37.89134],[144.48031,-37.8944],[144.47959,-37.895],[144.48135,-37.89702],[144.48109,-37.89937],[144.48271,-37.90227],[144.48408,-37.90245],[144.48467,-37.90915],[144.48142,-37.90906],[144.47829,-37.91052],[144.47873,-37.91246],[144.47851,-37.91486],[144.47642,-37.91646],[144.47742,-37.91791],[144.47694,-37.92208],[144.47841,-37.92237],[144.48099,-37.92144],[144.4825,-37.92273],[144.4809,-37.92344],[144.48068,-37.92517],[144.47899,-37.9276],[144.47558,-37.92782],[144.47717,-37.93145],[144.4769,-37.933],[144.47415,-37.93416],[144.47467,-37.93659],[144.47678,-37.93655],[144.47885,-37.93883],[144.47678,-37.93983],[144.47692,-37.94197],[144.47962,-37.94235],[144.47961,-37.94438],[144.47731,-37.94502],[144.47714,-37.94598],[144.48004,-37.94914],[144.47989,-37.94995],[144.48235,-37.9522],[144.4844,-37.9533],[144.48528,-37.95511],[144.48845,-37.95749],[144.48871,-37.9604],[144.49382,-37.96239],[144.49642,-37.96435],[144.49524,-37.96562],[144.49474,-37.96775],[144.4948,-37.97085],[144.49581,-37.97429],[144.49763,-37.974],[144.50118,-37.97553],[144.50265,-37.97538],[144.50493,-37.97414],[144.50732,-37.97398],[144.50853,-37.97456],[144.50837,-37.97735],[144.50922,-37.97854],[144.51146,-37.97777],[144.51326,-37.97954],[144.51577,-37.97937],[144.51803,-37.98094],[144.52063,-37.98014],[144.52187,-37.98049],[144.52321,-37.97926],[144.52264,-37.97618],[144.52365,-37.97525],[144.52406,-37.97339],[144.52669,-37.97404],[144.53196,-37.97127],[144.53368,-37.97133],[144.53655,-37.97246],[144.54028,-37.97137],[144.54222,-37.9714],[144.54462,-37.97228],[144.5472,-37.97181],[144.54853,-37.97465],[144.55049,-37.97586],[144.54962,-37.97881],[144.55099,-37.97951],[144.55219,-37.98185],[144.55464,-37.98479],[144.56084,-37.98471],[144.56379,-37.98656],[144.56651,-37.98642],[144.56624,-37.98472],[144.56838,-37.98528],[144.56835,-37.98838],[144.56936,-37.98902],[144.57088,-37.99139],[144.57207,-37.99223],[144.57339,-37.99436],[144.57321,-37.99604],[144.57199,-37.99643],[144.57203,-37.99787],[144.57338,-37.99921],[144.57671,-38.0013],[144.58021,-38.00248],[144.58325,-38.00253],[144.59158,-38.00444],[144.59355,-38.00441],[144.5968,-38.00516],[144.59809,-38.00639],[144.5997,-38.00583],[144.60098,-38.00334],[144.60473,-38.00208],[144.61643,-38.0008],[144.61752,-38.0012],[144.62204,-38.00031],[144.62767,-38.00059],[144.6335,-38.00174],[144.63702,-38.00139],[144.63994,-38.002],[144.64417,-38.00178],[144.64977,-38.0021],[144.652,-38.00135],[144.66,-37.9942],[144.66274,-37.99221],[144.67394,-37.9847],[144.67525,-37.98344],[144.67887,-37.98127],[144.67936,-37.98011],[144.68157,-37.97889],[144.68383,-37.9766],[144.68789,-37.97434],[144.69053,-37.9751],[144.69438,-37.97449],[144.69912,-37.97315],[144.70531,-37.96885],[144.70741,-37.96547],[144.71173,-37.96271],[144.71362,-37.96184],[144.71909,-37.95652],[144.72135,-37.95493],[144.72102,-37.95411],[144.72323,-37.95157],[144.72878,-37.94882],[144.73247,-37.9464],[144.73401,-37.94393],[144.73739,-37.94223],[144.74047,-37.94139],[144.74276,-37.92882],[144.74262,-37.9287],[144.7117,-37.92517],[144.71686,-37.89612],[144.71406,-37.89654],[144.70938,-37.90028],[144.70683,-37.90091],[144.70432,-37.90035],[144.70625,-37.89901],[144.70792,-37.89699],[144.70987,-37.89162],[144.71012,-37.88974],[144.70916,-37.8858],[144.7096,-37.88352],[144.71057,-37.88175],[144.71415,-37.87931],[144.71895,-37.87796]]]},"properties":{"district":"Werribee"}},{"type":"Feature","geometry":{"type":"Polygon","coordinates":[[[144.90641,-37.82165],[144.90665,-37.82082],[144.90553,-37.81529],[144.89985,-37.81467],[144.90106,-37.81205],[144.89826,-37.81125],[144.90023,-37.80696],[144.8971,-37.8057],[144.89741,-37.80398],[144.89249,-37.80335],[144.88621,-37.80217],[144.87391,-37.8087],[144.87013,-37.81094],[144.82749,-37.8228],[144.82384,-37.82412],[144.82083,-37.82601],[144.82674,-37.82564],[144.82847,-37.82939],[144.83139,-37.82923],[144.83175,-37.83035],[144.83443,-37.83114],[144.83648,-37.83322],[144.83721,-37.83691],[144.8343,-37.83862],[144.83417,-37.84097],[144.83561,-37.84255],[144.83411,-37.84471],[144.83519,-37.84839],[144.83731,-37.84956],[144.83914,-37.85134],[144.83798,-37.85227],[144.83855,-37.85381],[144.84226,-37.85496],[144.84472,-37.85492],[144.84831,-37.85575],[144.85149,-37.85699],[144.85348,-37.85598],[144.85796,-37.85755],[144.86368,-37.85787],[144.86772,-37.85904],[144.86915,-37.85957],[144.87094,-37.86128],[144.8721,-37.86022],[144.8747,-37.862],[144.87417,-37.86322],[144.87751,-37.86752],[144.87937,-37.86651],[144.88159,-37.86602],[144.88391,-37.86619],[144.88369,-37.86748],[144.88504,-37.86829],[144.8891,-37.86845],[144.89112,-37.86708],[144.89299,-37.86756],[144.89561,-37.87062],[144.89805,-37.87064],[144.89968,-37.87193],[144.90292,-37.87295],[144.90415,-37.87275],[144.90546,-37.87138],[144.90987,-37.8702],[144.91253,-37.86824],[144.91346,-37.86682],[144.91562,-37.86521],[144.91348,-37.86404],[144.91158,-37.86214],[144.90993,-37.8616],[144.90623,-37.86234],[144.90485,-37.862],[144.9035,-37.85934],[144.90201,-37.8543],[144.89533,-37.8487],[144.89853,-37.84676],[144.898,-37.84465],[144.90121,-37.84714],[144.90275,-37.84707],[144.89873,-37.84279],[144.89732,-37.83976],[144.89698,-37.83463],[144.89785,-37.8306],[144.90083,-37.82681],[144.90522,-37.82307],[144.90641,-37.82165]]]},"properties":{"district":"Williamstown"}},{"type":"Feature","geometry":{"type":"Polygon","coordinates":[[[145.10351,-37.68292],[145.10621,-37.68165],[145.11238,-37.68233],[145.11677,-37.67953],[145.1188,-37.6794],[145.12535,-37.6821],[145.12821,-37.68254],[145.13352,-37.68474],[145.13766,-37.68314],[145.14371,-37.68262],[145.14432,-37.67952],[145.15171,-37.68054],[145.15272,-37.6822],[145.15485,-37.684],[145.15618,-37.68583],[145.15617,-37.68847],[145.16788,-37.68999],[145.17853,-37.69117],[145.17965,-37.68608],[145.18326,-37.68968],[145.18804,-37.69028],[145.1883,-37.68923],[145.19174,-37.68951],[145.1953,-37.68577],[145.19639,-37.68589],[145.1984,-37.68253],[145.19989,-37.67611],[145.20212,-37.67647],[145.19835,-37.67336],[145.19912,-37.66945],[145.20003,-37.66664],[145.20342,-37.66651],[145.2013,-37.66479],[145.20257,-37.66376],[145.20432,-37.66392],[145.20534,-37.66121],[145.20848,-37.66195],[145.21044,-37.65681],[145.21941,-37.65792],[145.21996,-37.65556],[145.22151,-37.65342],[145.22148,-37.65244],[145.2244,-37.65025],[145.22216,-37.64927],[145.21768,-37.64504],[145.21507,-37.6443],[145.21589,-37.64239],[145.2172,-37.64254],[145.2176,-37.64028],[145.21921,-37.64078],[145.21993,-37.63686],[145.22187,-37.63604],[145.22312,-37.63636],[145.2252,-37.63293],[145.22372,-37.63209],[145.21923,-37.63249],[145.2198,-37.63015],[145.22156,-37.63035],[145.22609,-37.6285],[145.21774,-37.62704],[145.22019,-37.62559],[145.21799,-37.62324],[145.21733,-37.62093],[145.21802,-37.61893],[145.21722,-37.61665],[145.21733,-37.61465],[145.21625,-37.60989],[145.21563,-37.60833],[145.21616,-37.60661],[145.21525,-37.60421],[145.21731,-37.59853],[145.21854,-37.5971],[145.21847,-37.59475],[145.21959,-37.5932],[145.20965,-37.59204],[145.20664,-37.59403],[145.20677,-37.59478],[145.20171,-37.59622],[145.19778,-37.59933],[145.19443,-37.59898],[145.19486,-37.59646],[145.19231,-37.59607],[145.19404,-37.59433],[145.19394,-37.59047],[145.19546,-37.58274],[145.17318,-37.58007],[145.17183,-37.57874],[145.17261,-37.57531],[145.17469,-37.57289],[145.17506,-37.57092],[145.17314,-37.57008],[145.16728,-37.57111],[145.14403,-37.57261],[145.14444,-37.57029],[145.14601,-37.56945],[145.14946,-37.5653],[145.15746,-37.56108],[145.16499,-37.558],[145.16597,-37.55576],[145.16828,-37.55308],[145.16889,-37.55132],[145.16667,-37.54933],[145.16693,-37.54823],[145.16886,-37.54744],[145.1716,-37.54476],[145.17524,-37.54307],[145.17782,-37.54018],[145.17992,-37.53644],[145.18148,-37.53602],[145.18159,-37.53417],[145.17946,-37.53025],[145.18259,-37.52788],[145.18368,-37.52624],[145.18738,-37.52366],[145.18869,-37.52101],[145.1913,-37.5173],[145.19373,-37.51641],[145.19535,-37.5165],[145.19848,-37.51258],[145.19388,-37.50634],[145.1915,-37.50411],[145.19095,-37.50184],[145.19388,-37.50306],[145.19926,-37.50382],[145.20134,-37.50495],[145.20316,-37.50665],[145.205,-37.50394],[145.20747,-37.50273],[145.21046,-37.50266],[145.21551,-37.50158],[145.21703,-37.50209],[145.21879,-37.50036],[145.22065,-37.49992],[145.22143,-37.49736],[145.21999,-37.49442],[145.22098,-37.4935],[145.2211,-37.49071],[145.22398,-37.48963],[145.22615,-37.48835],[145.22604,-37.48579],[145.22788,-37.48333],[145.22865,-37.48122],[145.23647,-37.47618],[145.23352,-37.47523],[145.22546,-37.47431],[145.22227,-37.4726],[145.21985,-37.47015],[145.21923,-37.46809],[145.21626,-37.46426],[145.20972,-37.45958],[145.20554,-37.4538],[145.20438,-37.44995],[145.20229,-37.44606],[145.20001,-37.44369],[145.19577,-37.44474],[145.18849,-37.44477],[145.18573,-37.444],[145.18553,-37.4428],[145.1869,-37.4417],[145.18708,-37.44029],[145.18864,-37.43709],[145.18857,-37.43554],[145.18725,-37.43278],[145.1881,-37.42968],[145.18684,-37.42627],[145.18718,-37.42295],[145.18453,-37.42196],[145.17916,-37.42374],[145.17733,-37.4232],[145.17522,-37.42119],[145.17313,-37.42012],[145.17134,-37.41994],[145.16981,-37.41645],[145.16712,-37.41483],[145.16602,-37.41333],[145.16187,-37.41496],[145.15677,-37.41296],[145.1536,-37.41309],[145.15075,-37.41442],[145.15011,-37.41548],[145.14978,-37.41959],[145.14693,-37.42204],[145.14743,-37.42438],[145.1467,-37.42721],[145.1456,-37.4286],[145.14084,-37.42806],[145.13676,-37.42555],[145.13605,-37.42383],[145.13311,-37.42062],[145.13152,-37.41938],[145.12976,-37.41899],[145.12497,-37.41026],[145.12236,-37.40945],[145.11528,-37.41021],[145.11396,-37.40702],[145.11287,-37.40223],[145.11107,-37.40175],[145.11072,-37.40321],[145.10788,-37.40396],[145.10504,-37.40587],[145.10768,-37.4083],[145.1059,-37.41028],[145.10465,-37.41242],[145.10105,-37.41426],[145.08091,-37.40933],[145.08187,-37.40762],[145.08162,-37.406],[145.08414,-37.40378],[145.07538,-37.39987],[145.07627,-37.39232],[145.07611,-37.39116],[145.07724,-37.38766],[145.07831,-37.38573],[145.07826,-37.38396],[145.07904,-37.3821],[145.07892,-37.38013],[145.07791,-37.37971],[145.07496,-37.38113],[145.0719,-37.38466],[145.06939,-37.38585],[145.06781,-37.38777],[145.06593,-37.38831],[145.06203,-37.38696],[145.06018,-37.38958],[145.05725,-37.39048],[145.05503,-37.39343],[145.05267,-37.39369],[145.05022,-37.39473],[145.04695,-37.39718],[145.04602,-37.39865],[145.03993,-37.40007],[145.03821,-37.39948],[145.02195,-37.39755],[145.02464,-37.39378],[145.02488,-37.39052],[145.00285,-37.38796],[145.00355,-37.38438],[145.0042,-37.38445],[145.00488,-37.38069],[144.99695,-37.37764],[144.9937,-37.37525],[144.9929,-37.37934],[144.97463,-37.37708],[144.97189,-37.37665],[144.9688,-37.37432],[144.96724,-37.37379],[144.96254,-37.37494],[144.96286,-37.37562],[144.93743,-37.37249],[144.93669,-37.37678],[144.93313,-37.37628],[144.93043,-37.37657],[144.92837,-37.37597],[144.92695,-37.37326],[144.92664,-37.36969],[144.92378,-37.37079],[144.91882,-37.36993],[144.91865,-37.37226],[144.91507,-37.37474],[144.91528,-37.37694],[144.91387,-37.38072],[144.91169,-37.38167],[144.90934,-37.39287],[144.90863,-37.39322],[144.90719,-37.40128],[144.90332,-37.40476],[144.90427,-37.40612],[144.90274,-37.40675],[144.90071,-37.4062],[144.8989,-37.40703],[144.89932,-37.40824],[144.90115,-37.40847],[144.90204,-37.4097],[144.90187,-37.41253],[144.9037,-37.41339],[144.90237,-37.41456],[144.8988,-37.41522],[144.90158,-37.41723],[144.90411,-37.42024],[144.90227,-37.42381],[144.90034,-37.42404],[144.89558,-37.42377],[144.89577,-37.42658],[144.89686,-37.42804],[144.89839,-37.4273],[144.90039,-37.4284],[144.90147,-37.43087],[144.8999,-37.43136],[144.90152,-37.43341],[144.90012,-37.4348],[144.90144,-37.43622],[144.89965,-37.43826],[144.89726,-37.4389],[144.89759,-37.44068],[144.89999,-37.44049],[144.89998,-37.44252],[144.89898,-37.44469],[144.89696,-37.44455],[144.89665,-37.44608],[144.89858,-37.44646],[144.8974,-37.44823],[144.89432,-37.44997],[144.898,-37.45159],[144.89709,-37.45372],[144.89806,-37.45523],[144.89673,-37.45789],[144.89785,-37.45915],[144.89525,-37.46004],[144.89278,-37.46029],[144.89283,-37.46166],[144.89647,-37.46256],[144.8963,-37.46408],[144.89876,-37.46559],[144.90027,-37.46547],[144.9021,-37.46429],[144.90375,-37.4649],[144.90565,-37.4647],[144.90512,-37.4683],[144.9032,-37.4677],[144.89988,-37.46969],[144.89964,-37.47089],[144.90011,-37.47534],[144.89866,-37.47582],[144.89715,-37.47724],[144.8987,-37.47863],[144.89717,-37.47912],[144.89507,-37.47821],[144.89393,-37.47874],[144.8941,-37.48028],[144.89315,-37.48322],[144.89151,-37.48594],[144.89258,-37.48712],[144.89566,-37.48918],[144.89233,-37.48978],[144.89235,-37.49132],[144.8942,-37.49105],[144.89514,-37.49342],[144.88813,-37.49311],[144.8867,-37.49394],[144.8876,-37.49704],[144.88545,-37.49883],[144.88314,-37.49886],[144.88081,-37.50224],[144.88346,-37.50345],[144.88587,-37.50357],[144.8866,-37.50474],[144.88881,-37.50479],[144.89003,-37.50392],[144.8967,-37.50483],[144.95002,-37.51121],[144.95043,-37.51131],[144.9772,-37.51373],[144.97452,-37.51591],[144.97561,-37.51813],[144.97524,-37.52046],[144.97568,-37.52159],[144.97394,-37.52419],[144.97467,-37.52651],[144.97616,-37.52751],[144.97676,-37.52883],[144.97624,-37.53015],[144.97457,-37.53054],[144.97344,-37.53173],[144.9721,-37.53542],[144.96874,-37.53474],[144.96464,-37.53742],[144.96279,-37.53986],[144.96073,-37.53931],[144.95946,-37.54254],[144.95777,-37.54244],[144.95484,-37.54371],[144.95381,-37.54503],[144.95309,-37.54797],[144.95378,-37.54973],[144.95541,-37.55055],[144.95868,-37.55397],[144.96004,-37.5546],[144.96078,-37.55669],[144.96386,-37.55729],[144.97942,-37.55851],[144.99778,-37.56133],[145.01565,-37.56262],[145.01518,-37.56501],[145.02811,-37.56642],[145.03063,-37.56796],[145.03258,-37.56648],[145.03532,-37.56873],[145.03611,-37.5704],[145.039,-37.57119],[145.04084,-37.57104],[145.04246,-37.56964],[145.04604,-37.56959],[145.04784,-37.57232],[145.05359,-37.5722],[145.05578,-37.5714],[145.06325,-37.57362],[145.06572,-37.57686],[145.06622,-37.58056],[145.0642,-37.58215],[145.06378,-37.58482],[145.06413,-37.58674],[145.0637,-37.58828],[145.06442,-37.5897],[145.06334,-37.59146],[145.05982,-37.59362],[145.05876,-37.59353],[145.05409,-37.59176],[145.05306,-37.59208],[145.05214,-37.59452],[145.05359,-37.59683],[145.05333,-37.59874],[145.0512,-37.60014],[145.05195,-37.60121],[145.05182,-37.60297],[145.0548,-37.60457],[145.05376,-37.60775],[145.05086,-37.60961],[145.05059,-37.61047],[145.05041,-37.61077],[145.06799,-37.61234],[145.08306,-37.61383],[145.09277,-37.61521],[145.1085,-37.61712],[145.10965,-37.61838],[145.11256,-37.61615],[145.1135,-37.61616],[145.11614,-37.61765],[145.11599,-37.62077],[145.11746,-37.62211],[145.11922,-37.62266],[145.11982,-37.62081],[145.12315,-37.62118],[145.1227,-37.62356],[145.11896,-37.62791],[145.11508,-37.6272],[145.1134,-37.62813],[145.11468,-37.62982],[145.11092,-37.63142],[145.11083,-37.63322],[145.10928,-37.63315],[145.1096,-37.63546],[145.10821,-37.63795],[145.10972,-37.63886],[145.10773,-37.6401],[145.10449,-37.63936],[145.10247,-37.63845],[145.1021,-37.64079],[145.10459,-37.64055],[145.10305,-37.64277],[145.10366,-37.64433],[145.10559,-37.64498],[145.1047,-37.64719],[145.10665,-37.64777],[145.1033,-37.65022],[145.10433,-37.65256],[145.10698,-37.65279],[145.10638,-37.65415],[145.10493,-37.65418],[145.1028,-37.65281],[145.10191,-37.65447],[145.10423,-37.65514],[145.10633,-37.6563],[145.10724,-37.65859],[145.10396,-37.65694],[145.10277,-37.65785],[145.10364,-37.66135],[145.10202,-37.6613],[145.1006,-37.66296],[145.09769,-37.66251],[145.09712,-37.66448],[145.09353,-37.66412],[145.09097,-37.66313],[145.08954,-37.66471],[145.09147,-37.66509],[145.09105,-37.66705],[145.08839,-37.66849],[145.08736,-37.66771],[145.08408,-37.67012],[145.08662,-37.67092],[145.08642,-37.67233],[145.08847,-37.67298],[145.08561,-37.67493],[145.08711,-37.67686],[145.08443,-37.67653],[145.08475,-37.67917],[145.0854,-37.68113],[145.08657,-37.68122],[145.0914,-37.67938],[145.09094,-37.6816],[145.09525,-37.68077],[145.09705,-37.68119],[145.09846,-37.6823],[145.10142,-37.68169],[145.10351,-37.68292]]]},"properties":{"district":"Yan Yean"}},{"type":"Feature","geometry":{"type":"Polygon","coordinates":[[[144.95807,-37.63073],[144.95903,-37.62847],[144.95837,-37.6274],[144.95564,-37.62606],[144.95562,-37.62402],[144.95339,-37.62351],[144.95605,-37.6215],[144.95542,-37.61928],[144.95614,-37.61733],[144.95281,-37.61221],[144.95259,-37.61088],[144.95048,-37.61125],[144.94685,-37.60697],[144.95235,-37.60682],[144.95204,-37.60449],[144.9531,-37.60371],[144.95343,-37.6012],[144.95223,-37.59977],[144.95296,-37.59671],[144.95508,-37.59485],[144.95488,-37.59342],[144.95578,-37.59138],[144.95719,-37.59158],[144.95865,-37.59056],[144.95732,-37.58908],[144.95791,-37.58799],[144.95697,-37.58588],[144.9585,-37.58525],[144.95686,-37.58348],[144.95719,-37.5817],[144.95997,-37.58183],[144.96048,-37.58027],[144.96322,-37.57938],[144.96236,-37.57757],[144.9645,-37.575],[144.96532,-37.57205],[144.96375,-37.57135],[144.96413,-37.56863],[144.9633,-37.56699],[144.96554,-37.56024],[144.96386,-37.55729],[144.96078,-37.55669],[144.96004,-37.5546],[144.95868,-37.55397],[144.95541,-37.55055],[144.95378,-37.54973],[144.95309,-37.54797],[144.95381,-37.54503],[144.95484,-37.54371],[144.95777,-37.54244],[144.95946,-37.54254],[144.96073,-37.53931],[144.96279,-37.53986],[144.96464,-37.53742],[144.96874,-37.53474],[144.9721,-37.53542],[144.97344,-37.53173],[144.97457,-37.53054],[144.97624,-37.53015],[144.97676,-37.52883],[144.97616,-37.52751],[144.97467,-37.52651],[144.97394,-37.52419],[144.97568,-37.52159],[144.97524,-37.52046],[144.97561,-37.51813],[144.97452,-37.51591],[144.9772,-37.51373],[144.95043,-37.51131],[144.95002,-37.51121],[144.8967,-37.50483],[144.89003,-37.50392],[144.88881,-37.50479],[144.8866,-37.50474],[144.88587,-37.50357],[144.88346,-37.50345],[144.88356,-37.50474],[144.88133,-37.50528],[144.8776,-37.50532],[144.87624,-37.50383],[144.87562,-37.50208],[144.87326,-37.5036],[144.87203,-37.50505],[144.86765,-37.50353],[144.86829,-37.50498],[144.87077,-37.50527],[144.86946,-37.50674],[144.86788,-37.50581],[144.86632,-37.50694],[144.86687,-37.50825],[144.8693,-37.50974],[144.86696,-37.51115],[144.86725,-37.51227],[144.86999,-37.51241],[144.87196,-37.5132],[144.87081,-37.51557],[144.86957,-37.51733],[144.86786,-37.51814],[144.86882,-37.52026],[144.86696,-37.52181],[144.86781,-37.52296],[144.86544,-37.52541],[144.86369,-37.52617],[144.86158,-37.52814],[144.85991,-37.5269],[144.85919,-37.5248],[144.8569,-37.527],[144.85591,-37.5289],[144.85684,-37.52965],[144.85974,-37.52963],[144.85919,-37.53197],[144.85591,-37.5308],[144.85495,-37.53216],[144.85495,-37.53499],[144.85319,-37.53506],[144.85382,-37.53341],[144.85239,-37.53224],[144.85147,-37.53327],[144.85187,-37.53504],[144.85055,-37.5359],[144.85211,-37.53815],[144.85323,-37.53775],[144.8543,-37.53939],[144.85781,-37.54111],[144.85415,-37.54245],[144.85512,-37.54459],[144.85317,-37.54566],[144.85401,-37.54781],[144.85309,-37.54862],[144.84963,-37.54821],[144.85026,-37.54964],[144.84841,-37.55326],[144.8461,-37.55365],[144.84556,-37.55509],[144.84823,-37.55682],[144.84533,-37.55797],[144.8431,-37.55692],[144.84247,-37.55594],[144.84401,-37.55486],[144.84328,-37.55357],[144.84186,-37.55315],[144.84014,-37.55509],[144.83972,-37.5568],[144.83729,-37.55688],[144.83896,-37.55402],[144.83717,-37.55358],[144.83217,-37.55608],[144.82853,-37.55534],[144.82719,-37.55794],[144.8306,-37.55831],[144.82824,-37.56056],[144.82878,-37.56225],[144.83194,-37.56345],[144.83203,-37.56482],[144.83006,-37.56537],[144.82909,-37.56676],[144.82746,-37.56773],[144.82727,-37.56925],[144.82549,-37.56863],[144.81893,-37.57238],[144.81981,-37.57435],[144.81922,-37.57624],[144.82161,-37.57698],[144.82224,-37.5784],[144.81887,-37.58171],[144.81622,-37.58192],[144.81051,-37.5812],[144.80885,-37.58229],[144.81135,-37.58357],[144.81338,-37.58739],[144.81048,-37.5869],[144.80898,-37.58802],[144.8072,-37.59068],[144.80863,-37.59113],[144.81182,-37.59118],[144.81136,-37.59357],[144.8141,-37.59467],[144.81189,-37.59771],[144.80845,-37.59825],[144.80992,-37.59943],[144.81261,-37.60063],[144.81507,-37.59978],[144.81813,-37.60053],[144.81741,-37.6017],[144.81536,-37.60246],[144.81224,-37.60458],[144.80703,-37.60725],[144.80811,-37.609],[144.80589,-37.60903],[144.80174,-37.60968],[144.80443,-37.61369],[144.8089,-37.61417],[144.81112,-37.6131],[144.81973,-37.61998],[144.81838,-37.62762],[144.83636,-37.6296],[144.83484,-37.63613],[144.83491,-37.63785],[144.83392,-37.64399],[144.8427,-37.645],[144.84421,-37.64605],[144.84502,-37.64761],[144.84469,-37.64966],[144.84605,-37.65032],[144.84607,-37.65245],[144.84529,-37.65436],[144.8477,-37.65662],[144.84917,-37.65642],[144.85163,-37.65883],[144.85455,-37.65854],[144.85805,-37.66189],[144.85672,-37.66361],[144.85982,-37.6664],[144.86069,-37.6681],[144.86287,-37.67056],[144.86702,-37.67096],[144.87059,-37.67199],[144.87331,-37.67115],[144.87574,-37.67213],[144.87634,-37.67454],[144.881,-37.67593],[144.88335,-37.67442],[144.88586,-37.67446],[144.88802,-37.67657],[144.89039,-37.67747],[144.89129,-37.67986],[144.89387,-37.68048],[144.89718,-37.68221],[144.89926,-37.68137],[144.90107,-37.68147],[144.90283,-37.68244],[144.90834,-37.65362],[144.90887,-37.6486],[144.91201,-37.63146],[144.91976,-37.62649],[144.94763,-37.62966],[144.95191,-37.63064],[144.95477,-37.63094],[144.95807,-37.63073]]]},"properties":{"district":"Yuroke"}}],"name":"vic_2014_2018_district_boundaries","license":"CC-BY-4.0","source":"Geoscape Administrative Boundaries, August 2018 archive, State Electoral Boundaries February 2018, via data.gov.au previous versions package"}