district,district_url,distribution_url,elected_member,elected_party,enrolment,formal_votes,informal_votes,total_votes,turnout_pct,majority,round_number,row_type,excluded_candidate,excluded_party,candidate,candidate_party,votes
Albany,https://www.elections.wa.gov.au/elections/state-elections/reports/2021-state-election-results-and-statistics-report,https://www.elections.wa.gov.au/sites/default/files/content/SGE%202021/SGE%202021%20Reports/3_21_Res_Stats_Leg_Assem_0.pdf,"STEPHENS, Rebecca",Australian Labor Party,27464,23239,799,24038,87.53,11620,0,first,,,"STEPHENS, Rebecca",Australian Labor Party,11804
Albany,https://www.elections.wa.gov.au/elections/state-elections/reports/2021-state-election-results-and-statistics-report,https://www.elections.wa.gov.au/sites/default/files/content/SGE%202021/SGE%202021%20Reports/3_21_Res_Stats_Leg_Assem_0.pdf,"STEPHENS, Rebecca",Australian Labor Party,27464,23239,799,24038,87.53,11620,0,first,,,"LEARY, Scott",Liberal Party,4236
Albany,https://www.elections.wa.gov.au/elections/state-elections/reports/2021-state-election-results-and-statistics-report,https://www.elections.wa.gov.au/sites/default/files/content/SGE%202021/SGE%202021%20Reports/3_21_Res_Stats_Leg_Assem_0.pdf,"STEPHENS, Rebecca",Australian Labor Party,27464,23239,799,24038,87.53,11620,0,first,,,"BAESJOU, Delma",The Nationals,2480
Albany,https://www.elections.wa.gov.au/elections/state-elections/reports/2021-state-election-results-and-statistics-report,https://www.elections.wa.gov.au/sites/default/files/content/SGE%202021/SGE%202021%20Reports/3_21_Res_Stats_Leg_Assem_0.pdf,"STEPHENS, Rebecca",Australian Labor Party,27464,23239,799,24038,87.53,11620,0,first,,,"GILMOUR, Nelson",The Greens,1310
Albany,https://www.elections.wa.gov.au/elections/state-elections/reports/2021-state-election-results-and-statistics-report,https://www.elections.wa.gov.au/sites/default/files/content/SGE%202021/SGE%202021%20Reports/3_21_Res_Stats_Leg_Assem_0.pdf,"STEPHENS, Rebecca",Australian Labor Party,27464,23239,799,24038,87.53,11620,0,first,,,"'t HART, Ian",Australian Christians,1246
Albany,https://www.elections.wa.gov.au/elections/state-elections/reports/2021-state-election-results-and-statistics-report,https://www.elections.wa.gov.au/sites/default/files/content/SGE%202021/SGE%202021%20Reports/3_21_Res_Stats_Leg_Assem_0.pdf,"STEPHENS, Rebecca",Australian Labor Party,27464,23239,799,24038,87.53,11620,0,first,,,"KINSELLA, Michelle",Pauline Hanson's One Nation,602
Albany,https://www.elections.wa.gov.au/elections/state-elections/reports/2021-state-election-results-and-statistics-report,https://www.elections.wa.gov.au/sites/default/files/content/SGE%202021/SGE%202021%20Reports/3_21_Res_Stats_Leg_Assem_0.pdf,"STEPHENS, Rebecca",Australian Labor Party,27464,23239,799,24038,87.53,11620,0,first,,,"LOUDEN, Karrie","Shooters, Fishers and Farmers",459
Albany,https://www.elections.wa.gov.au/elections/state-elections/reports/2021-state-election-results-and-statistics-report,https://www.elections.wa.gov.au/sites/default/files/content/SGE%202021/SGE%202021%20Reports/3_21_Res_Stats_Leg_Assem_0.pdf,"STEPHENS, Rebecca",Australian Labor Party,27464,23239,799,24038,87.53,11620,0,first,,,"CULL, Caroline",Legalise Cannabis Party WA,417
Albany,https://www.elections.wa.gov.au/elections/state-elections/reports/2021-state-election-results-and-statistics-report,https://www.elections.wa.gov.au/sites/default/files/content/SGE%202021/SGE%202021%20Reports/3_21_Res_Stats_Leg_Assem_0.pdf,"STEPHENS, Rebecca",Australian Labor Party,27464,23239,799,24038,87.53,11620,0,first,,,"MADEO, Sandra",NO MANDATORY VACCINATION,325
Albany,https://www.elections.wa.gov.au/elections/state-elections/reports/2021-state-election-results-and-statistics-report,https://www.elections.wa.gov.au/sites/default/files/content/SGE%202021/SGE%202021%20Reports/3_21_Res_Stats_Leg_Assem_0.pdf,"STEPHENS, Rebecca",Australian Labor Party,27464,23239,799,24038,87.53,11620,0,first,,,"DODSON, Malcolm",Liberal Democrats,170
Albany,https://www.elections.wa.gov.au/elections/state-elections/reports/2021-state-election-results-and-statistics-report,https://www.elections.wa.gov.au/sites/default/files/content/SGE%202021/SGE%202021%20Reports/3_21_Res_Stats_Leg_Assem_0.pdf,"STEPHENS, Rebecca",Australian Labor Party,27464,23239,799,24038,87.53,11620,0,first,,,"PURCELL, Barry",SUSTAINABLE AUSTRALIA PARTY - STOP OVERDEVELOPMENT / CORRUPTION,143
Albany,https://www.elections.wa.gov.au/elections/state-elections/reports/2021-state-election-results-and-statistics-report,https://www.elections.wa.gov.au/sites/default/files/content/SGE%202021/SGE%202021%20Reports/3_21_Res_Stats_Leg_Assem_0.pdf,"STEPHENS, Rebecca",Australian Labor Party,27464,23239,799,24038,87.53,11620,0,first,,,"BACANARU, Emil",WAxit,47
Albany,https://www.elections.wa.gov.au/elections/state-elections/reports/2021-state-election-results-and-statistics-report,https://www.elections.wa.gov.au/sites/default/files/content/SGE%202021/SGE%202021%20Reports/3_21_Res_Stats_Leg_Assem_0.pdf,"STEPHENS, Rebecca",Australian Labor Party,27464,23239,799,24038,87.53,11620,1,final,,,"STEPHENS, Rebecca",Australian Labor Party,14780
Albany,https://www.elections.wa.gov.au/elections/state-elections/reports/2021-state-election-results-and-statistics-report,https://www.elections.wa.gov.au/sites/default/files/content/SGE%202021/SGE%202021%20Reports/3_21_Res_Stats_Leg_Assem_0.pdf,"STEPHENS, Rebecca",Australian Labor Party,27464,23239,799,24038,87.53,11620,1,final,,,"LEARY, Scott",Liberal Party,8432
Armadale,https://www.elections.wa.gov.au/elections/state-elections/reports/2021-state-election-results-and-statistics-report,https://www.elections.wa.gov.au/sites/default/files/content/SGE%202021/SGE%202021%20Reports/3_21_Res_Stats_Leg_Assem_0.pdf,"BUTI, Tony",Australian Labor Party,32207,24771,1229,26000,80.73,12386,0,first,,,"BUTI, Tony",Australian Labor Party,18434
Armadale,https://www.elections.wa.gov.au/elections/state-elections/reports/2021-state-election-results-and-statistics-report,https://www.elections.wa.gov.au/sites/default/files/content/SGE%202021/SGE%202021%20Reports/3_21_Res_Stats_Leg_Assem_0.pdf,"BUTI, Tony",Australian Labor Party,32207,24771,1229,26000,80.73,12386,0,first,,,"ARUMUGAM, Mahesh",Liberal Party,1859
Armadale,https://www.elections.wa.gov.au/elections/state-elections/reports/2021-state-election-results-and-statistics-report,https://www.elections.wa.gov.au/sites/default/files/content/SGE%202021/SGE%202021%20Reports/3_21_Res_Stats_Leg_Assem_0.pdf,"BUTI, Tony",Australian Labor Party,32207,24771,1229,26000,80.73,12386,0,first,,,"KLEYN, Arthur",Australian Christians,1424
Armadale,https://www.elections.wa.gov.au/elections/state-elections/reports/2021-state-election-results-and-statistics-report,https://www.elections.wa.gov.au/sites/default/files/content/SGE%202021/SGE%202021%20Reports/3_21_Res_Stats_Leg_Assem_0.pdf,"BUTI, Tony",Australian Labor Party,32207,24771,1229,26000,80.73,12386,0,first,,,"OPENSHAW, Jessica",The Greens,1135
Armadale,https://www.elections.wa.gov.au/elections/state-elections/reports/2021-state-election-results-and-statistics-report,https://www.elections.wa.gov.au/sites/default/files/content/SGE%202021/SGE%202021%20Reports/3_21_Res_Stats_Leg_Assem_0.pdf,"BUTI, Tony",Australian Labor Party,32207,24771,1229,26000,80.73,12386,0,first,,,"CARR, Jayden",Pauline Hanson's One Nation,682
Armadale,https://www.elections.wa.gov.au/elections/state-elections/reports/2021-state-election-results-and-statistics-report,https://www.elections.wa.gov.au/sites/default/files/content/SGE%202021/SGE%202021%20Reports/3_21_Res_Stats_Leg_Assem_0.pdf,"BUTI, Tony",Australian Labor Party,32207,24771,1229,26000,80.73,12386,0,first,,,"CLARKE, Blake",WESTERN AUSTRALIA PARTY,649
Armadale,https://www.elections.wa.gov.au/elections/state-elections/reports/2021-state-election-results-and-statistics-report,https://www.elections.wa.gov.au/sites/default/files/content/SGE%202021/SGE%202021%20Reports/3_21_Res_Stats_Leg_Assem_0.pdf,"BUTI, Tony",Australian Labor Party,32207,24771,1229,26000,80.73,12386,0,first,,,"MOODY, Lisa",NO MANDATORY VACCINATION,417
Armadale,https://www.elections.wa.gov.au/elections/state-elections/reports/2021-state-election-results-and-statistics-report,https://www.elections.wa.gov.au/sites/default/files/content/SGE%202021/SGE%202021%20Reports/3_21_Res_Stats_Leg_Assem_0.pdf,"BUTI, Tony",Australian Labor Party,32207,24771,1229,26000,80.73,12386,0,first,,,"MATHEW, Eby",WAxit,171
Armadale,https://www.elections.wa.gov.au/elections/state-elections/reports/2021-state-election-results-and-statistics-report,https://www.elections.wa.gov.au/sites/default/files/content/SGE%202021/SGE%202021%20Reports/3_21_Res_Stats_Leg_Assem_0.pdf,"BUTI, Tony",Australian Labor Party,32207,24771,1229,26000,80.73,12386,1,final,,,"BUTI, Tony",Australian Labor Party,21159
Armadale,https://www.elections.wa.gov.au/elections/state-elections/reports/2021-state-election-results-and-statistics-report,https://www.elections.wa.gov.au/sites/default/files/content/SGE%202021/SGE%202021%20Reports/3_21_Res_Stats_Leg_Assem_0.pdf,"BUTI, Tony",Australian Labor Party,32207,24771,1229,26000,80.73,12386,1,final,,,"ARUMUGAM, Mahesh",Liberal Party,3597
Balcatta,https://www.elections.wa.gov.au/elections/state-elections/reports/2021-state-election-results-and-statistics-report,https://www.elections.wa.gov.au/sites/default/files/content/SGE%202021/SGE%202021%20Reports/3_21_Res_Stats_Leg_Assem_0.pdf,"MICHAEL, David",Australian Labor Party,29541,23893,1222,25115,85.02,11947,0,first,,,"MICHAEL, David",Australian Labor Party,15894
Balcatta,https://www.elections.wa.gov.au/elections/state-elections/reports/2021-state-election-results-and-statistics-report,https://www.elections.wa.gov.au/sites/default/files/content/SGE%202021/SGE%202021%20Reports/3_21_Res_Stats_Leg_Assem_0.pdf,"MICHAEL, David",Australian Labor Party,29541,23893,1222,25115,85.02,11947,0,first,,,"EVANS, Wayne",Liberal Party,4497
Balcatta,https://www.elections.wa.gov.au/elections/state-elections/reports/2021-state-election-results-and-statistics-report,https://www.elections.wa.gov.au/sites/default/files/content/SGE%202021/SGE%202021%20Reports/3_21_Res_Stats_Leg_Assem_0.pdf,"MICHAEL, David",Australian Labor Party,29541,23893,1222,25115,85.02,11947,0,first,,,"GUINERY, Benedict",The Greens,1818
Balcatta,https://www.elections.wa.gov.au/elections/state-elections/reports/2021-state-election-results-and-statistics-report,https://www.elections.wa.gov.au/sites/default/files/content/SGE%202021/SGE%202021%20Reports/3_21_Res_Stats_Leg_Assem_0.pdf,"MICHAEL, David",Australian Labor Party,29541,23893,1222,25115,85.02,11947,0,first,,,"ANDERSON, Rose",Australian Christians,504
Balcatta,https://www.elections.wa.gov.au/elections/state-elections/reports/2021-state-election-results-and-statistics-report,https://www.elections.wa.gov.au/sites/default/files/content/SGE%202021/SGE%202021%20Reports/3_21_Res_Stats_Leg_Assem_0.pdf,"MICHAEL, David",Australian Labor Party,29541,23893,1222,25115,85.02,11947,0,first,,,"COLETTA, Damian",Liberal Democrats,489
Balcatta,https://www.elections.wa.gov.au/elections/state-elections/reports/2021-state-election-results-and-statistics-report,https://www.elections.wa.gov.au/sites/default/files/content/SGE%202021/SGE%202021%20Reports/3_21_Res_Stats_Leg_Assem_0.pdf,"MICHAEL, David",Australian Labor Party,29541,23893,1222,25115,85.02,11947,0,first,,,"THORNTON, Daniel Robert",NO MANDATORY VACCINATION,453
Balcatta,https://www.elections.wa.gov.au/elections/state-elections/reports/2021-state-election-results-and-statistics-report,https://www.elections.wa.gov.au/sites/default/files/content/SGE%202021/SGE%202021%20Reports/3_21_Res_Stats_Leg_Assem_0.pdf,"MICHAEL, David",Australian Labor Party,29541,23893,1222,25115,85.02,11947,0,first,,,"STALTARI, Domenic",WAxit,238
Balcatta,https://www.elections.wa.gov.au/elections/state-elections/reports/2021-state-election-results-and-statistics-report,https://www.elections.wa.gov.au/sites/default/files/content/SGE%202021/SGE%202021%20Reports/3_21_Res_Stats_Leg_Assem_0.pdf,"MICHAEL, David",Australian Labor Party,29541,23893,1222,25115,85.02,11947,1,final,,,"MICHAEL, David",Australian Labor Party,18087
Balcatta,https://www.elections.wa.gov.au/elections/state-elections/reports/2021-state-election-results-and-statistics-report,https://www.elections.wa.gov.au/sites/default/files/content/SGE%202021/SGE%202021%20Reports/3_21_Res_Stats_Leg_Assem_0.pdf,"MICHAEL, David",Australian Labor Party,29541,23893,1222,25115,85.02,11947,1,final,,,"EVANS, Wayne",Liberal Party,5790
Baldivis,https://www.elections.wa.gov.au/elections/state-elections/reports/2021-state-election-results-and-statistics-report,https://www.elections.wa.gov.au/sites/default/files/content/SGE%202021/SGE%202021%20Reports/3_21_Res_Stats_Leg_Assem_0.pdf,"WHITBY, Reece",Australian Labor Party,32554,26488,924,27412,84.2,13245,0,first,,,"WHITBY, Reece",Australian Labor Party,21130
Baldivis,https://www.elections.wa.gov.au/elections/state-elections/reports/2021-state-election-results-and-statistics-report,https://www.elections.wa.gov.au/sites/default/files/content/SGE%202021/SGE%202021%20Reports/3_21_Res_Stats_Leg_Assem_0.pdf,"WHITBY, Reece",Australian Labor Party,32554,26488,924,27412,84.2,13245,0,first,,,"DERRICK, Luke",Liberal Party,2122
Baldivis,https://www.elections.wa.gov.au/elections/state-elections/reports/2021-state-election-results-and-statistics-report,https://www.elections.wa.gov.au/sites/default/files/content/SGE%202021/SGE%202021%20Reports/3_21_Res_Stats_Leg_Assem_0.pdf,"WHITBY, Reece",Australian Labor Party,32554,26488,924,27412,84.2,13245,0,first,,,"FREEMAN, Jody",The Greens,1037
Baldivis,https://www.elections.wa.gov.au/elections/state-elections/reports/2021-state-election-results-and-statistics-report,https://www.elections.wa.gov.au/sites/default/files/content/SGE%202021/SGE%202021%20Reports/3_21_Res_Stats_Leg_Assem_0.pdf,"WHITBY, Reece",Australian Labor Party,32554,26488,924,27412,84.2,13245,0,first,,,"TOKAJI, Andrea",Independent,932
Baldivis,https://www.elections.wa.gov.au/elections/state-elections/reports/2021-state-election-results-and-statistics-report,https://www.elections.wa.gov.au/sites/default/files/content/SGE%202021/SGE%202021%20Reports/3_21_Res_Stats_Leg_Assem_0.pdf,"WHITBY, Reece",Australian Labor Party,32554,26488,924,27412,84.2,13245,0,first,,,"SUTER, Martin",Pauline Hanson's One Nation,464
Baldivis,https://www.elections.wa.gov.au/elections/state-elections/reports/2021-state-election-results-and-statistics-report,https://www.elections.wa.gov.au/sites/default/files/content/SGE%202021/SGE%202021%20Reports/3_21_Res_Stats_Leg_Assem_0.pdf,"WHITBY, Reece",Australian Labor Party,32554,26488,924,27412,84.2,13245,0,first,,,"RIZZO, Chaz",NO MANDATORY VACCINATION,333
Baldivis,https://www.elections.wa.gov.au/elections/state-elections/reports/2021-state-election-results-and-statistics-report,https://www.elections.wa.gov.au/sites/default/files/content/SGE%202021/SGE%202021%20Reports/3_21_Res_Stats_Leg_Assem_0.pdf,"WHITBY, Reece",Australian Labor Party,32554,26488,924,27412,84.2,13245,0,first,,,"MARSHALL, David",Liberal Democrats,321
Baldivis,https://www.elections.wa.gov.au/elections/state-elections/reports/2021-state-election-results-and-statistics-report,https://www.elections.wa.gov.au/sites/default/files/content/SGE%202021/SGE%202021%20Reports/3_21_Res_Stats_Leg_Assem_0.pdf,"WHITBY, Reece",Australian Labor Party,32554,26488,924,27412,84.2,13245,0,first,,,"McLERNON, Brianna Eden",WAxit,149
Baldivis,https://www.elections.wa.gov.au/elections/state-elections/reports/2021-state-election-results-and-statistics-report,https://www.elections.wa.gov.au/sites/default/files/content/SGE%202021/SGE%202021%20Reports/3_21_Res_Stats_Leg_Assem_0.pdf,"WHITBY, Reece",Australian Labor Party,32554,26488,924,27412,84.2,13245,1,final,,,"WHITBY, Reece",Australian Labor Party,23013
Baldivis,https://www.elections.wa.gov.au/elections/state-elections/reports/2021-state-election-results-and-statistics-report,https://www.elections.wa.gov.au/sites/default/files/content/SGE%202021/SGE%202021%20Reports/3_21_Res_Stats_Leg_Assem_0.pdf,"WHITBY, Reece",Australian Labor Party,32554,26488,924,27412,84.2,13245,1,final,,,"DERRICK, Luke",Liberal Party,3469
Bassendean,https://www.elections.wa.gov.au/elections/state-elections/reports/2021-state-election-results-and-statistics-report,https://www.elections.wa.gov.au/sites/default/files/content/SGE%202021/SGE%202021%20Reports/3_21_Res_Stats_Leg_Assem_0.pdf,"KELLY, Dave",Australian Labor Party,29509,24194,1172,25366,85.96,12098,0,first,,,"KELLY, Dave",Australian Labor Party,17094
Bassendean,https://www.elections.wa.gov.au/elections/state-elections/reports/2021-state-election-results-and-statistics-report,https://www.elections.wa.gov.au/sites/default/files/content/SGE%202021/SGE%202021%20Reports/3_21_Res_Stats_Leg_Assem_0.pdf,"KELLY, Dave",Australian Labor Party,29509,24194,1172,25366,85.96,12098,0,first,,,"ADENIYI, Felicia",Liberal Party,2954
Bassendean,https://www.elections.wa.gov.au/elections/state-elections/reports/2021-state-election-results-and-statistics-report,https://www.elections.wa.gov.au/sites/default/files/content/SGE%202021/SGE%202021%20Reports/3_21_Res_Stats_Leg_Assem_0.pdf,"KELLY, Dave",Australian Labor Party,29509,24194,1172,25366,85.96,12098,0,first,,,"PRATT, Charles",The Greens,2005
Bassendean,https://www.elections.wa.gov.au/elections/state-elections/reports/2021-state-election-results-and-statistics-report,https://www.elections.wa.gov.au/sites/default/files/content/SGE%202021/SGE%202021%20Reports/3_21_Res_Stats_Leg_Assem_0.pdf,"KELLY, Dave",Australian Labor Party,29509,24194,1172,25366,85.96,12098,0,first,,,"POWELL, Dean",Australian Christians,705
Bassendean,https://www.elections.wa.gov.au/elections/state-elections/reports/2021-state-election-results-and-statistics-report,https://www.elections.wa.gov.au/sites/default/files/content/SGE%202021/SGE%202021%20Reports/3_21_Res_Stats_Leg_Assem_0.pdf,"KELLY, Dave",Australian Labor Party,29509,24194,1172,25366,85.96,12098,0,first,,,"ERCEG, Leni",NO MANDATORY VACCINATION,685
Bassendean,https://www.elections.wa.gov.au/elections/state-elections/reports/2021-state-election-results-and-statistics-report,https://www.elections.wa.gov.au/sites/default/files/content/SGE%202021/SGE%202021%20Reports/3_21_Res_Stats_Leg_Assem_0.pdf,"KELLY, Dave",Australian Labor Party,29509,24194,1172,25366,85.96,12098,0,first,,,"PALLISTER, Lesley",Pauline Hanson's One Nation,486
Bassendean,https://www.elections.wa.gov.au/elections/state-elections/reports/2021-state-election-results-and-statistics-report,https://www.elections.wa.gov.au/sites/default/files/content/SGE%202021/SGE%202021%20Reports/3_21_Res_Stats_Leg_Assem_0.pdf,"KELLY, Dave",Australian Labor Party,29509,24194,1172,25366,85.96,12098,0,first,,,"MARTIN, Peter",WAxit,265
Bassendean,https://www.elections.wa.gov.au/elections/state-elections/reports/2021-state-election-results-and-statistics-report,https://www.elections.wa.gov.au/sites/default/files/content/SGE%202021/SGE%202021%20Reports/3_21_Res_Stats_Leg_Assem_0.pdf,"KELLY, Dave",Australian Labor Party,29509,24194,1172,25366,85.96,12098,1,final,,,"KELLY, Dave",Australian Labor Party,19727
Bassendean,https://www.elections.wa.gov.au/elections/state-elections/reports/2021-state-election-results-and-statistics-report,https://www.elections.wa.gov.au/sites/default/files/content/SGE%202021/SGE%202021%20Reports/3_21_Res_Stats_Leg_Assem_0.pdf,"KELLY, Dave",Australian Labor Party,29509,24194,1172,25366,85.96,12098,1,final,,,"ADENIYI, Felicia",Liberal Party,4452
Bateman,https://www.elections.wa.gov.au/elections/state-elections/reports/2021-state-election-results-and-statistics-report,https://www.elections.wa.gov.au/sites/default/files/content/SGE%202021/SGE%202021%20Reports/3_21_Res_Stats_Leg_Assem_0.pdf,"GIDDENS, Kim",Australian Labor Party,30328,26409,762,27171,89.59,13205,0,first,,,"GIDDENS, Kim",Australian Labor Party,12106
Bateman,https://www.elections.wa.gov.au/elections/state-elections/reports/2021-state-election-results-and-statistics-report,https://www.elections.wa.gov.au/sites/default/files/content/SGE%202021/SGE%202021%20Reports/3_21_Res_Stats_Leg_Assem_0.pdf,"GIDDENS, Kim",Australian Labor Party,30328,26409,762,27171,89.59,13205,0,first,,,"WOODALL, Matt",Liberal Party,9762
Bateman,https://www.elections.wa.gov.au/elections/state-elections/reports/2021-state-election-results-and-statistics-report,https://www.elections.wa.gov.au/sites/default/files/content/SGE%202021/SGE%202021%20Reports/3_21_Res_Stats_Leg_Assem_0.pdf,"GIDDENS, Kim",Australian Labor Party,30328,26409,762,27171,89.59,13205,0,first,,,"ABDUL RAZAK, Adam",The Greens,1815
Bateman,https://www.elections.wa.gov.au/elections/state-elections/reports/2021-state-election-results-and-statistics-report,https://www.elections.wa.gov.au/sites/default/files/content/SGE%202021/SGE%202021%20Reports/3_21_Res_Stats_Leg_Assem_0.pdf,"GIDDENS, Kim",Australian Labor Party,30328,26409,762,27171,89.59,13205,0,first,,,"KEPERT, Steve",Independent,856
Bateman,https://www.elections.wa.gov.au/elections/state-elections/reports/2021-state-election-results-and-statistics-report,https://www.elections.wa.gov.au/sites/default/files/content/SGE%202021/SGE%202021%20Reports/3_21_Res_Stats_Leg_Assem_0.pdf,"GIDDENS, Kim",Australian Labor Party,30328,26409,762,27171,89.59,13205,0,first,,,"McKENZIE-BROWN, Fiona Irene",Australian Christians,774
Bateman,https://www.elections.wa.gov.au/elections/state-elections/reports/2021-state-election-results-and-statistics-report,https://www.elections.wa.gov.au/sites/default/files/content/SGE%202021/SGE%202021%20Reports/3_21_Res_Stats_Leg_Assem_0.pdf,"GIDDENS, Kim",Australian Labor Party,30328,26409,762,27171,89.59,13205,0,first,,,"LEECH, Gregory",Liberal Democrats,341
Bateman,https://www.elections.wa.gov.au/elections/state-elections/reports/2021-state-election-results-and-statistics-report,https://www.elections.wa.gov.au/sites/default/files/content/SGE%202021/SGE%202021%20Reports/3_21_Res_Stats_Leg_Assem_0.pdf,"GIDDENS, Kim",Australian Labor Party,30328,26409,762,27171,89.59,13205,0,first,,,"TSENG, Christina",NO MANDATORY VACCINATION,314
Bateman,https://www.elections.wa.gov.au/elections/state-elections/reports/2021-state-election-results-and-statistics-report,https://www.elections.wa.gov.au/sites/default/files/content/SGE%202021/SGE%202021%20Reports/3_21_Res_Stats_Leg_Assem_0.pdf,"GIDDENS, Kim",Australian Labor Party,30328,26409,762,27171,89.59,13205,0,first,,,"KOUL, Bill",WESTERN AUSTRALIA PARTY,228
Bateman,https://www.elections.wa.gov.au/elections/state-elections/reports/2021-state-election-results-and-statistics-report,https://www.elections.wa.gov.au/sites/default/files/content/SGE%202021/SGE%202021%20Reports/3_21_Res_Stats_Leg_Assem_0.pdf,"GIDDENS, Kim",Australian Labor Party,30328,26409,762,27171,89.59,13205,0,first,,,"MASON, Barry",Pauline Hanson's One Nation,213
Bateman,https://www.elections.wa.gov.au/elections/state-elections/reports/2021-state-election-results-and-statistics-report,https://www.elections.wa.gov.au/sites/default/files/content/SGE%202021/SGE%202021%20Reports/3_21_Res_Stats_Leg_Assem_0.pdf,"GIDDENS, Kim",Australian Labor Party,30328,26409,762,27171,89.59,13205,1,final,,,"GIDDENS, Kim",Australian Labor Party,14963
Bateman,https://www.elections.wa.gov.au/elections/state-elections/reports/2021-state-election-results-and-statistics-report,https://www.elections.wa.gov.au/sites/default/files/content/SGE%202021/SGE%202021%20Reports/3_21_Res_Stats_Leg_Assem_0.pdf,"GIDDENS, Kim",Australian Labor Party,30328,26409,762,27171,89.59,13205,1,final,,,"WOODALL, Matt",Liberal Party,11436
Belmont,https://www.elections.wa.gov.au/elections/state-elections/reports/2021-state-election-results-and-statistics-report,https://www.elections.wa.gov.au/sites/default/files/content/SGE%202021/SGE%202021%20Reports/3_21_Res_Stats_Leg_Assem_0.pdf,"ROWE, Cassie",Australian Labor Party,30025,23739,1019,24758,82.46,11870,0,first,,,"ROWE, Cassie",Australian Labor Party,16722
Belmont,https://www.elections.wa.gov.au/elections/state-elections/reports/2021-state-election-results-and-statistics-report,https://www.elections.wa.gov.au/sites/default/files/content/SGE%202021/SGE%202021%20Reports/3_21_Res_Stats_Leg_Assem_0.pdf,"ROWE, Cassie",Australian Labor Party,30025,23739,1019,24758,82.46,11870,0,first,,,"BUTLER, Charlotte",Liberal Party,3819
Belmont,https://www.elections.wa.gov.au/elections/state-elections/reports/2021-state-election-results-and-statistics-report,https://www.elections.wa.gov.au/sites/default/files/content/SGE%202021/SGE%202021%20Reports/3_21_Res_Stats_Leg_Assem_0.pdf,"ROWE, Cassie",Australian Labor Party,30025,23739,1019,24758,82.46,11870,0,first,,,"UINK, Clint",The Greens,1651
Belmont,https://www.elections.wa.gov.au/elections/state-elections/reports/2021-state-election-results-and-statistics-report,https://www.elections.wa.gov.au/sites/default/files/content/SGE%202021/SGE%202021%20Reports/3_21_Res_Stats_Leg_Assem_0.pdf,"ROWE, Cassie",Australian Labor Party,30025,23739,1019,24758,82.46,11870,0,first,,,"NAIDU, Nitasha",Australian Christians,566
Belmont,https://www.elections.wa.gov.au/elections/state-elections/reports/2021-state-election-results-and-statistics-report,https://www.elections.wa.gov.au/sites/default/files/content/SGE%202021/SGE%202021%20Reports/3_21_Res_Stats_Leg_Assem_0.pdf,"ROWE, Cassie",Australian Labor Party,30025,23739,1019,24758,82.46,11870,0,first,,,"FENECH, Chris",Pauline Hanson's One Nation,433
Belmont,https://www.elections.wa.gov.au/elections/state-elections/reports/2021-state-election-results-and-statistics-report,https://www.elections.wa.gov.au/sites/default/files/content/SGE%202021/SGE%202021%20Reports/3_21_Res_Stats_Leg_Assem_0.pdf,"ROWE, Cassie",Australian Labor Party,30025,23739,1019,24758,82.46,11870,0,first,,,"ROSE, Shaun",NO MANDATORY VACCINATION,374
Belmont,https://www.elections.wa.gov.au/elections/state-elections/reports/2021-state-election-results-and-statistics-report,https://www.elections.wa.gov.au/sites/default/files/content/SGE%202021/SGE%202021%20Reports/3_21_Res_Stats_Leg_Assem_0.pdf,"ROWE, Cassie",Australian Labor Party,30025,23739,1019,24758,82.46,11870,0,first,,,"BOKSMATI, Mohammed",WAxit,174
Belmont,https://www.elections.wa.gov.au/elections/state-elections/reports/2021-state-election-results-and-statistics-report,https://www.elections.wa.gov.au/sites/default/files/content/SGE%202021/SGE%202021%20Reports/3_21_Res_Stats_Leg_Assem_0.pdf,"ROWE, Cassie",Australian Labor Party,30025,23739,1019,24758,82.46,11870,1,final,,,"ROWE, Cassie",Australian Labor Party,18795
Belmont,https://www.elections.wa.gov.au/elections/state-elections/reports/2021-state-election-results-and-statistics-report,https://www.elections.wa.gov.au/sites/default/files/content/SGE%202021/SGE%202021%20Reports/3_21_Res_Stats_Leg_Assem_0.pdf,"ROWE, Cassie",Australian Labor Party,30025,23739,1019,24758,82.46,11870,1,final,,,"BUTLER, Charlotte",Liberal Party,4938
Bicton,https://www.elections.wa.gov.au/elections/state-elections/reports/2021-state-election-results-and-statistics-report,https://www.elections.wa.gov.au/sites/default/files/content/SGE%202021/SGE%202021%20Reports/3_21_Res_Stats_Leg_Assem_0.pdf,"O'MALLEY, Lisa",Australian Labor Party,28293,24607,628,25235,89.19,12304,0,first,,,"O'MALLEY, Lisa",Australian Labor Party,13556
Bicton,https://www.elections.wa.gov.au/elections/state-elections/reports/2021-state-election-results-and-statistics-report,https://www.elections.wa.gov.au/sites/default/files/content/SGE%202021/SGE%202021%20Reports/3_21_Res_Stats_Leg_Assem_0.pdf,"O'MALLEY, Lisa",Australian Labor Party,28293,24607,628,25235,89.19,12304,0,first,,,"ROBINS, Nicole",Liberal Party,7559
Bicton,https://www.elections.wa.gov.au/elections/state-elections/reports/2021-state-election-results-and-statistics-report,https://www.elections.wa.gov.au/sites/default/files/content/SGE%202021/SGE%202021%20Reports/3_21_Res_Stats_Leg_Assem_0.pdf,"O'MALLEY, Lisa",Australian Labor Party,28293,24607,628,25235,89.19,12304,0,first,,,"OTNESS, Annie Hill",The Greens,2450
Bicton,https://www.elections.wa.gov.au/elections/state-elections/reports/2021-state-election-results-and-statistics-report,https://www.elections.wa.gov.au/sites/default/files/content/SGE%202021/SGE%202021%20Reports/3_21_Res_Stats_Leg_Assem_0.pdf,"O'MALLEY, Lisa",Australian Labor Party,28293,24607,628,25235,89.19,12304,0,first,,,"GRAHAM, Jonathon",Pauline Hanson's One Nation,297
Bicton,https://www.elections.wa.gov.au/elections/state-elections/reports/2021-state-election-results-and-statistics-report,https://www.elections.wa.gov.au/sites/default/files/content/SGE%202021/SGE%202021%20Reports/3_21_Res_Stats_Leg_Assem_0.pdf,"O'MALLEY, Lisa",Australian Labor Party,28293,24607,628,25235,89.19,12304,0,first,,,"HIRSBRUNNER, Silvia",NO MANDATORY VACCINATION,293
Bicton,https://www.elections.wa.gov.au/elections/state-elections/reports/2021-state-election-results-and-statistics-report,https://www.elections.wa.gov.au/sites/default/files/content/SGE%202021/SGE%202021%20Reports/3_21_Res_Stats_Leg_Assem_0.pdf,"O'MALLEY, Lisa",Australian Labor Party,28293,24607,628,25235,89.19,12304,0,first,,,"PRINZ, Michael",Liberal Democrats,267
Bicton,https://www.elections.wa.gov.au/elections/state-elections/reports/2021-state-election-results-and-statistics-report,https://www.elections.wa.gov.au/sites/default/files/content/SGE%202021/SGE%202021%20Reports/3_21_Res_Stats_Leg_Assem_0.pdf,"O'MALLEY, Lisa",Australian Labor Party,28293,24607,628,25235,89.19,12304,0,first,,,"KINGSFORD, Deonne",Australian Christians,185
Bicton,https://www.elections.wa.gov.au/elections/state-elections/reports/2021-state-election-results-and-statistics-report,https://www.elections.wa.gov.au/sites/default/files/content/SGE%202021/SGE%202021%20Reports/3_21_Res_Stats_Leg_Assem_0.pdf,"O'MALLEY, Lisa",Australian Labor Party,28293,24607,628,25235,89.19,12304,1,final,,,"O'MALLEY, Lisa",Australian Labor Party,16136
Bicton,https://www.elections.wa.gov.au/elections/state-elections/reports/2021-state-election-results-and-statistics-report,https://www.elections.wa.gov.au/sites/default/files/content/SGE%202021/SGE%202021%20Reports/3_21_Res_Stats_Leg_Assem_0.pdf,"O'MALLEY, Lisa",Australian Labor Party,28293,24607,628,25235,89.19,12304,1,final,,,"ROBINS, Nicole",Liberal Party,8466
Bunbury,https://www.elections.wa.gov.au/elections/state-elections/reports/2021-state-election-results-and-statistics-report,https://www.elections.wa.gov.au/sites/default/files/content/SGE%202021/SGE%202021%20Reports/3_21_Res_Stats_Leg_Assem_0.pdf,"PUNCH, Don",Australian Labor Party,30474,24463,1163,25626,84.09,12232,0,first,,,"PUNCH, Don",Australian Labor Party,14791
Bunbury,https://www.elections.wa.gov.au/elections/state-elections/reports/2021-state-election-results-and-statistics-report,https://www.elections.wa.gov.au/sites/default/files/content/SGE%202021/SGE%202021%20Reports/3_21_Res_Stats_Leg_Assem_0.pdf,"PUNCH, Don",Australian Labor Party,30474,24463,1163,25626,84.09,12232,0,first,,,"FOREMAN, Matt",Liberal Party,4604
Bunbury,https://www.elections.wa.gov.au/elections/state-elections/reports/2021-state-election-results-and-statistics-report,https://www.elections.wa.gov.au/sites/default/files/content/SGE%202021/SGE%202021%20Reports/3_21_Res_Stats_Leg_Assem_0.pdf,"PUNCH, Don",Australian Labor Party,30474,24463,1163,25626,84.09,12232,0,first,,,"PERKS, Patricia",The Greens,1170
Bunbury,https://www.elections.wa.gov.au/elections/state-elections/reports/2021-state-election-results-and-statistics-report,https://www.elections.wa.gov.au/sites/default/files/content/SGE%202021/SGE%202021%20Reports/3_21_Res_Stats_Leg_Assem_0.pdf,"PUNCH, Don",Australian Labor Party,30474,24463,1163,25626,84.09,12232,0,first,,,"DOWN, Codee-Lee",The Nationals,1081
Bunbury,https://www.elections.wa.gov.au/elections/state-elections/reports/2021-state-election-results-and-statistics-report,https://www.elections.wa.gov.au/sites/default/files/content/SGE%202021/SGE%202021%20Reports/3_21_Res_Stats_Leg_Assem_0.pdf,"PUNCH, Don",Australian Labor Party,30474,24463,1163,25626,84.09,12232,0,first,,,"JONES, Gail",Pauline Hanson's One Nation,656
Bunbury,https://www.elections.wa.gov.au/elections/state-elections/reports/2021-state-election-results-and-statistics-report,https://www.elections.wa.gov.au/sites/default/files/content/SGE%202021/SGE%202021%20Reports/3_21_Res_Stats_Leg_Assem_0.pdf,"PUNCH, Don",Australian Labor Party,30474,24463,1163,25626,84.09,12232,0,first,,,"HASTIE, Shane","Shooters, Fishers and Farmers",615
Bunbury,https://www.elections.wa.gov.au/elections/state-elections/reports/2021-state-election-results-and-statistics-report,https://www.elections.wa.gov.au/sites/default/files/content/SGE%202021/SGE%202021%20Reports/3_21_Res_Stats_Leg_Assem_0.pdf,"PUNCH, Don",Australian Labor Party,30474,24463,1163,25626,84.09,12232,0,first,,,"HIBBERT, Kelly",Legalise Cannabis Party WA,582
Bunbury,https://www.elections.wa.gov.au/elections/state-elections/reports/2021-state-election-results-and-statistics-report,https://www.elections.wa.gov.au/sites/default/files/content/SGE%202021/SGE%202021%20Reports/3_21_Res_Stats_Leg_Assem_0.pdf,"PUNCH, Don",Australian Labor Party,30474,24463,1163,25626,84.09,12232,0,first,,,"NOONAN, Kieran",WESTERN AUSTRALIA PARTY,415
Bunbury,https://www.elections.wa.gov.au/elections/state-elections/reports/2021-state-election-results-and-statistics-report,https://www.elections.wa.gov.au/sites/default/files/content/SGE%202021/SGE%202021%20Reports/3_21_Res_Stats_Leg_Assem_0.pdf,"PUNCH, Don",Australian Labor Party,30474,24463,1163,25626,84.09,12232,0,first,,,"MERRIFIELD, Anthony",NO MANDATORY VACCINATION,348
Bunbury,https://www.elections.wa.gov.au/elections/state-elections/reports/2021-state-election-results-and-statistics-report,https://www.elections.wa.gov.au/sites/default/files/content/SGE%202021/SGE%202021%20Reports/3_21_Res_Stats_Leg_Assem_0.pdf,"PUNCH, Don",Australian Labor Party,30474,24463,1163,25626,84.09,12232,0,first,,,"MINSON, James",SUSTAINABLE AUSTRALIA PARTY - STOP OVERDEVELOPMENT / CORRUPTION,158
Bunbury,https://www.elections.wa.gov.au/elections/state-elections/reports/2021-state-election-results-and-statistics-report,https://www.elections.wa.gov.au/sites/default/files/content/SGE%202021/SGE%202021%20Reports/3_21_Res_Stats_Leg_Assem_0.pdf,"PUNCH, Don",Australian Labor Party,30474,24463,1163,25626,84.09,12232,0,first,,,"ACATINCA, Dan",WAxit,43
Bunbury,https://www.elections.wa.gov.au/elections/state-elections/reports/2021-state-election-results-and-statistics-report,https://www.elections.wa.gov.au/sites/default/files/content/SGE%202021/SGE%202021%20Reports/3_21_Res_Stats_Leg_Assem_0.pdf,"PUNCH, Don",Australian Labor Party,30474,24463,1163,25626,84.09,12232,1,final,,,"PUNCH, Don",Australian Labor Party,17730
Bunbury,https://www.elections.wa.gov.au/elections/state-elections/reports/2021-state-election-results-and-statistics-report,https://www.elections.wa.gov.au/sites/default/files/content/SGE%202021/SGE%202021%20Reports/3_21_Res_Stats_Leg_Assem_0.pdf,"PUNCH, Don",Australian Labor Party,30474,24463,1163,25626,84.09,12232,1,final,,,"FOREMAN, Matt",Liberal Party,6719
Burns Beach,https://www.elections.wa.gov.au/elections/state-elections/reports/2021-state-election-results-and-statistics-report,https://www.elections.wa.gov.au/sites/default/files/content/SGE%202021/SGE%202021%20Reports/3_21_Res_Stats_Leg_Assem_0.pdf,"FOLKARD, Mark",Australian Labor Party,29974,24526,916,25442,84.88,12264,0,first,,,"FOLKARD, Mark",Australian Labor Party,17193
Burns Beach,https://www.elections.wa.gov.au/elections/state-elections/reports/2021-state-election-results-and-statistics-report,https://www.elections.wa.gov.au/sites/default/files/content/SGE%202021/SGE%202021%20Reports/3_21_Res_Stats_Leg_Assem_0.pdf,"FOLKARD, Mark",Australian Labor Party,29974,24526,916,25442,84.88,12264,0,first,,,"BOTHA, Trish",Liberal Party,4545
Burns Beach,https://www.elections.wa.gov.au/elections/state-elections/reports/2021-state-election-results-and-statistics-report,https://www.elections.wa.gov.au/sites/default/files/content/SGE%202021/SGE%202021%20Reports/3_21_Res_Stats_Leg_Assem_0.pdf,"FOLKARD, Mark",Australian Labor Party,29974,24526,916,25442,84.88,12264,0,first,,,"MARCHANT, Louis",The Greens,1355
Burns Beach,https://www.elections.wa.gov.au/elections/state-elections/reports/2021-state-election-results-and-statistics-report,https://www.elections.wa.gov.au/sites/default/files/content/SGE%202021/SGE%202021%20Reports/3_21_Res_Stats_Leg_Assem_0.pdf,"FOLKARD, Mark",Australian Labor Party,29974,24526,916,25442,84.88,12264,0,first,,,"OFFEREINS, Graeme",Australian Christians,625
Burns Beach,https://www.elections.wa.gov.au/elections/state-elections/reports/2021-state-election-results-and-statistics-report,https://www.elections.wa.gov.au/sites/default/files/content/SGE%202021/SGE%202021%20Reports/3_21_Res_Stats_Leg_Assem_0.pdf,"FOLKARD, Mark",Australian Labor Party,29974,24526,916,25442,84.88,12264,0,first,,,"CAMPBELL, Meredith",NO MANDATORY VACCINATION,585
Burns Beach,https://www.elections.wa.gov.au/elections/state-elections/reports/2021-state-election-results-and-statistics-report,https://www.elections.wa.gov.au/sites/default/files/content/SGE%202021/SGE%202021%20Reports/3_21_Res_Stats_Leg_Assem_0.pdf,"FOLKARD, Mark",Australian Labor Party,29974,24526,916,25442,84.88,12264,0,first,,,"ROSENGRAVE, Peter",WAxit,223
Burns Beach,https://www.elections.wa.gov.au/elections/state-elections/reports/2021-state-election-results-and-statistics-report,https://www.elections.wa.gov.au/sites/default/files/content/SGE%202021/SGE%202021%20Reports/3_21_Res_Stats_Leg_Assem_0.pdf,"FOLKARD, Mark",Australian Labor Party,29974,24526,916,25442,84.88,12264,1,final,,,"FOLKARD, Mark",Australian Labor Party,18849
Burns Beach,https://www.elections.wa.gov.au/elections/state-elections/reports/2021-state-election-results-and-statistics-report,https://www.elections.wa.gov.au/sites/default/files/content/SGE%202021/SGE%202021%20Reports/3_21_Res_Stats_Leg_Assem_0.pdf,"FOLKARD, Mark",Australian Labor Party,29974,24526,916,25442,84.88,12264,1,final,,,"BOTHA, Trish",Liberal Party,5669
Butler,https://www.elections.wa.gov.au/elections/state-elections/reports/2021-state-election-results-and-statistics-report,https://www.elections.wa.gov.au/sites/default/files/content/SGE%202021/SGE%202021%20Reports/3_21_Res_Stats_Leg_Assem_0.pdf,"QUIGLEY, John",Australian Labor Party,32711,25737,1014,26751,81.78,12869,0,first,,,"QUIGLEY, John",Australian Labor Party,19806
Butler,https://www.elections.wa.gov.au/elections/state-elections/reports/2021-state-election-results-and-statistics-report,https://www.elections.wa.gov.au/sites/default/files/content/SGE%202021/SGE%202021%20Reports/3_21_Res_Stats_Leg_Assem_0.pdf,"QUIGLEY, John",Australian Labor Party,32711,25737,1014,26751,81.78,12869,0,first,,,"AITKEN, Linda",Liberal Party,3565
Butler,https://www.elections.wa.gov.au/elections/state-elections/reports/2021-state-election-results-and-statistics-report,https://www.elections.wa.gov.au/sites/default/files/content/SGE%202021/SGE%202021%20Reports/3_21_Res_Stats_Leg_Assem_0.pdf,"QUIGLEY, John",Australian Labor Party,32711,25737,1014,26751,81.78,12869,0,first,,,"KAMARA, Elizabeth",The Greens,1037
Butler,https://www.elections.wa.gov.au/elections/state-elections/reports/2021-state-election-results-and-statistics-report,https://www.elections.wa.gov.au/sites/default/files/content/SGE%202021/SGE%202021%20Reports/3_21_Res_Stats_Leg_Assem_0.pdf,"QUIGLEY, John",Australian Labor Party,32711,25737,1014,26751,81.78,12869,0,first,,,"BECKER, P",NO MANDATORY VACCINATION,609
Butler,https://www.elections.wa.gov.au/elections/state-elections/reports/2021-state-election-results-and-statistics-report,https://www.elections.wa.gov.au/sites/default/files/content/SGE%202021/SGE%202021%20Reports/3_21_Res_Stats_Leg_Assem_0.pdf,"QUIGLEY, John",Australian Labor Party,32711,25737,1014,26751,81.78,12869,0,first,,,"HILDEBRANDT, Katrina",Australian Christians,542
Butler,https://www.elections.wa.gov.au/elections/state-elections/reports/2021-state-election-results-and-statistics-report,https://www.elections.wa.gov.au/sites/default/files/content/SGE%202021/SGE%202021%20Reports/3_21_Res_Stats_Leg_Assem_0.pdf,"QUIGLEY, John",Australian Labor Party,32711,25737,1014,26751,81.78,12869,0,first,,,"BAWA, Raj",WAxit,178
Butler,https://www.elections.wa.gov.au/elections/state-elections/reports/2021-state-election-results-and-statistics-report,https://www.elections.wa.gov.au/sites/default/files/content/SGE%202021/SGE%202021%20Reports/3_21_Res_Stats_Leg_Assem_0.pdf,"QUIGLEY, John",Australian Labor Party,32711,25737,1014,26751,81.78,12869,1,final,,,"QUIGLEY, John",Australian Labor Party,21168
Butler,https://www.elections.wa.gov.au/elections/state-elections/reports/2021-state-election-results-and-statistics-report,https://www.elections.wa.gov.au/sites/default/files/content/SGE%202021/SGE%202021%20Reports/3_21_Res_Stats_Leg_Assem_0.pdf,"QUIGLEY, John",Australian Labor Party,32711,25737,1014,26751,81.78,12869,1,final,,,"AITKEN, Linda",Liberal Party,4569
Cannington,https://www.elections.wa.gov.au/elections/state-elections/reports/2021-state-election-results-and-statistics-report,https://www.elections.wa.gov.au/sites/default/files/content/SGE%202021/SGE%202021%20Reports/3_21_Res_Stats_Leg_Assem_0.pdf,"JOHNSTON, Bill",Australian Labor Party,29108,23502,927,24429,83.93,11752,0,first,,,"JOHNSTON, Bill",Australian Labor Party,16884
Cannington,https://www.elections.wa.gov.au/elections/state-elections/reports/2021-state-election-results-and-statistics-report,https://www.elections.wa.gov.au/sites/default/files/content/SGE%202021/SGE%202021%20Reports/3_21_Res_Stats_Leg_Assem_0.pdf,"JOHNSTON, Bill",Australian Labor Party,29108,23502,927,24429,83.93,11752,0,first,,,"HENDERSON, Bruce",Liberal Party,3059
Cannington,https://www.elections.wa.gov.au/elections/state-elections/reports/2021-state-election-results-and-statistics-report,https://www.elections.wa.gov.au/sites/default/files/content/SGE%202021/SGE%202021%20Reports/3_21_Res_Stats_Leg_Assem_0.pdf,"JOHNSTON, Bill",Australian Labor Party,29108,23502,927,24429,83.93,11752,0,first,,,"CLARKE, River",The Greens,1476
Cannington,https://www.elections.wa.gov.au/elections/state-elections/reports/2021-state-election-results-and-statistics-report,https://www.elections.wa.gov.au/sites/default/files/content/SGE%202021/SGE%202021%20Reports/3_21_Res_Stats_Leg_Assem_0.pdf,"JOHNSTON, Bill",Australian Labor Party,29108,23502,927,24429,83.93,11752,0,first,,,"STAER, Mark",Australian Christians,1092
Cannington,https://www.elections.wa.gov.au/elections/state-elections/reports/2021-state-election-results-and-statistics-report,https://www.elections.wa.gov.au/sites/default/files/content/SGE%202021/SGE%202021%20Reports/3_21_Res_Stats_Leg_Assem_0.pdf,"JOHNSTON, Bill",Australian Labor Party,29108,23502,927,24429,83.93,11752,0,first,,,"IRIKS, Gabrielle",Pauline Hanson's One Nation,385
Cannington,https://www.elections.wa.gov.au/elections/state-elections/reports/2021-state-election-results-and-statistics-report,https://www.elections.wa.gov.au/sites/default/files/content/SGE%202021/SGE%202021%20Reports/3_21_Res_Stats_Leg_Assem_0.pdf,"JOHNSTON, Bill",Australian Labor Party,29108,23502,927,24429,83.93,11752,0,first,,,"ONDRA, Eric",Liberal Democrats,304
Cannington,https://www.elections.wa.gov.au/elections/state-elections/reports/2021-state-election-results-and-statistics-report,https://www.elections.wa.gov.au/sites/default/files/content/SGE%202021/SGE%202021%20Reports/3_21_Res_Stats_Leg_Assem_0.pdf,"JOHNSTON, Bill",Australian Labor Party,29108,23502,927,24429,83.93,11752,0,first,,,"CAHILL, June",NO MANDATORY VACCINATION,302
Cannington,https://www.elections.wa.gov.au/elections/state-elections/reports/2021-state-election-results-and-statistics-report,https://www.elections.wa.gov.au/sites/default/files/content/SGE%202021/SGE%202021%20Reports/3_21_Res_Stats_Leg_Assem_0.pdf,"JOHNSTON, Bill",Australian Labor Party,29108,23502,927,24429,83.93,11752,1,final,,,"JOHNSTON, Bill",Australian Labor Party,18899
Cannington,https://www.elections.wa.gov.au/elections/state-elections/reports/2021-state-election-results-and-statistics-report,https://www.elections.wa.gov.au/sites/default/files/content/SGE%202021/SGE%202021%20Reports/3_21_Res_Stats_Leg_Assem_0.pdf,"JOHNSTON, Bill",Australian Labor Party,29108,23502,927,24429,83.93,11752,1,final,,,"HENDERSON, Bruce",Liberal Party,4596
Carine,https://www.elections.wa.gov.au/elections/state-elections/reports/2021-state-election-results-and-statistics-report,https://www.elections.wa.gov.au/sites/default/files/content/SGE%202021/SGE%202021%20Reports/3_21_Res_Stats_Leg_Assem_0.pdf,"LILBURNE, Paul",Australian Labor Party,30702,27061,793,27854,90.72,13531,0,first,,,"KRSTICEVIC, Tony",Liberal Party,12012
Carine,https://www.elections.wa.gov.au/elections/state-elections/reports/2021-state-election-results-and-statistics-report,https://www.elections.wa.gov.au/sites/default/files/content/SGE%202021/SGE%202021%20Reports/3_21_Res_Stats_Leg_Assem_0.pdf,"LILBURNE, Paul",Australian Labor Party,30702,27061,793,27854,90.72,13531,0,first,,,"LILBURNE, Paul",Australian Labor Party,11993
Carine,https://www.elections.wa.gov.au/elections/state-elections/reports/2021-state-election-results-and-statistics-report,https://www.elections.wa.gov.au/sites/default/files/content/SGE%202021/SGE%202021%20Reports/3_21_Res_Stats_Leg_Assem_0.pdf,"LILBURNE, Paul",Australian Labor Party,30702,27061,793,27854,90.72,13531,0,first,,,"D'ALONZO, Nicholas",The Greens,2369
Carine,https://www.elections.wa.gov.au/elections/state-elections/reports/2021-state-election-results-and-statistics-report,https://www.elections.wa.gov.au/sites/default/files/content/SGE%202021/SGE%202021%20Reports/3_21_Res_Stats_Leg_Assem_0.pdf,"LILBURNE, Paul",Australian Labor Party,30702,27061,793,27854,90.72,13531,0,first,,,"COX, A",NO MANDATORY VACCINATION,490
Carine,https://www.elections.wa.gov.au/elections/state-elections/reports/2021-state-election-results-and-statistics-report,https://www.elections.wa.gov.au/sites/default/files/content/SGE%202021/SGE%202021%20Reports/3_21_Res_Stats_Leg_Assem_0.pdf,"LILBURNE, Paul",Australian Labor Party,30702,27061,793,27854,90.72,13531,0,first,,,"TRINGAS, Marilyn",WAxit,197
Carine,https://www.elections.wa.gov.au/elections/state-elections/reports/2021-state-election-results-and-statistics-report,https://www.elections.wa.gov.au/sites/default/files/content/SGE%202021/SGE%202021%20Reports/3_21_Res_Stats_Leg_Assem_0.pdf,"LILBURNE, Paul",Australian Labor Party,30702,27061,793,27854,90.72,13531,1,final,,,"LILBURNE, Paul",Australian Labor Party,14195
Carine,https://www.elections.wa.gov.au/elections/state-elections/reports/2021-state-election-results-and-statistics-report,https://www.elections.wa.gov.au/sites/default/files/content/SGE%202021/SGE%202021%20Reports/3_21_Res_Stats_Leg_Assem_0.pdf,"LILBURNE, Paul",Australian Labor Party,30702,27061,793,27854,90.72,13531,1,final,,,"KRSTICEVIC, Tony",Liberal Party,12864
Central Wheatbelt,https://www.elections.wa.gov.au/elections/state-elections/reports/2021-state-election-results-and-statistics-report,https://www.elections.wa.gov.au/sites/default/files/content/SGE%202021/SGE%202021%20Reports/3_21_Res_Stats_Leg_Assem_0.pdf,"DAVIES, Mia",The Nationals,25884,21262,938,22200,85.77,10632,0,first,,,"DAVIES, Mia",The Nationals,10101
Central Wheatbelt,https://www.elections.wa.gov.au/elections/state-elections/reports/2021-state-election-results-and-statistics-report,https://www.elections.wa.gov.au/sites/default/files/content/SGE%202021/SGE%202021%20Reports/3_21_Res_Stats_Leg_Assem_0.pdf,"DAVIES, Mia",The Nationals,25884,21262,938,22200,85.77,10632,0,first,,,"NELSON, Michelle",Australian Labor Party,7191
Central Wheatbelt,https://www.elections.wa.gov.au/elections/state-elections/reports/2021-state-election-results-and-statistics-report,https://www.elections.wa.gov.au/sites/default/files/content/SGE%202021/SGE%202021%20Reports/3_21_Res_Stats_Leg_Assem_0.pdf,"DAVIES, Mia",The Nationals,25884,21262,938,22200,85.77,10632,0,first,,,"FORSTER, Rob",Liberal Party,1762
Central Wheatbelt,https://www.elections.wa.gov.au/elections/state-elections/reports/2021-state-election-results-and-statistics-report,https://www.elections.wa.gov.au/sites/default/files/content/SGE%202021/SGE%202021%20Reports/3_21_Res_Stats_Leg_Assem_0.pdf,"DAVIES, Mia",The Nationals,25884,21262,938,22200,85.77,10632,0,first,,,"SINGLETON, Stuart","Shooters, Fishers and Farmers",739
Central Wheatbelt,https://www.elections.wa.gov.au/elections/state-elections/reports/2021-state-election-results-and-statistics-report,https://www.elections.wa.gov.au/sites/default/files/content/SGE%202021/SGE%202021%20Reports/3_21_Res_Stats_Leg_Assem_0.pdf,"DAVIES, Mia",The Nationals,25884,21262,938,22200,85.77,10632,0,first,,,"PEASE, Dennis",Australian Christians,427
Central Wheatbelt,https://www.elections.wa.gov.au/elections/state-elections/reports/2021-state-election-results-and-statistics-report,https://www.elections.wa.gov.au/sites/default/files/content/SGE%202021/SGE%202021%20Reports/3_21_Res_Stats_Leg_Assem_0.pdf,"DAVIES, Mia",The Nationals,25884,21262,938,22200,85.77,10632,0,first,,,"REID, Shaun",Pauline Hanson's One Nation,405
Central Wheatbelt,https://www.elections.wa.gov.au/elections/state-elections/reports/2021-state-election-results-and-statistics-report,https://www.elections.wa.gov.au/sites/default/files/content/SGE%202021/SGE%202021%20Reports/3_21_Res_Stats_Leg_Assem_0.pdf,"DAVIES, Mia",The Nationals,25884,21262,938,22200,85.77,10632,0,first,,,"NEWBURY, Annabelle",The Greens,388
Central Wheatbelt,https://www.elections.wa.gov.au/elections/state-elections/reports/2021-state-election-results-and-statistics-report,https://www.elections.wa.gov.au/sites/default/files/content/SGE%202021/SGE%202021%20Reports/3_21_Res_Stats_Leg_Assem_0.pdf,"DAVIES, Mia",The Nationals,25884,21262,938,22200,85.77,10632,0,first,,,"CAHILL, Brendon",NO MANDATORY VACCINATION,179
Central Wheatbelt,https://www.elections.wa.gov.au/elections/state-elections/reports/2021-state-election-results-and-statistics-report,https://www.elections.wa.gov.au/sites/default/files/content/SGE%202021/SGE%202021%20Reports/3_21_Res_Stats_Leg_Assem_0.pdf,"DAVIES, Mia",The Nationals,25884,21262,938,22200,85.77,10632,0,first,,,"GOM, Estelle",WAxit,70
Central Wheatbelt,https://www.elections.wa.gov.au/elections/state-elections/reports/2021-state-election-results-and-statistics-report,https://www.elections.wa.gov.au/sites/default/files/content/SGE%202021/SGE%202021%20Reports/3_21_Res_Stats_Leg_Assem_0.pdf,"DAVIES, Mia",The Nationals,25884,21262,938,22200,85.77,10632,1,final,,,"DAVIES, Mia",The Nationals,12901
Central Wheatbelt,https://www.elections.wa.gov.au/elections/state-elections/reports/2021-state-election-results-and-statistics-report,https://www.elections.wa.gov.au/sites/default/files/content/SGE%202021/SGE%202021%20Reports/3_21_Res_Stats_Leg_Assem_0.pdf,"DAVIES, Mia",The Nationals,25884,21262,938,22200,85.77,10632,1,final,,,"NELSON, Michelle",Australian Labor Party,8357
Churchlands,https://www.elections.wa.gov.au/elections/state-elections/reports/2021-state-election-results-and-statistics-report,https://www.elections.wa.gov.au/sites/default/files/content/SGE%202021/SGE%202021%20Reports/3_21_Res_Stats_Leg_Assem_0.pdf,"TONKIN, Christine",Australian Labor Party,29084,25239,650,25889,89.01,12620,0,first,,,"L'ESTRANGE, Sean",Liberal Party,11087
Churchlands,https://www.elections.wa.gov.au/elections/state-elections/reports/2021-state-election-results-and-statistics-report,https://www.elections.wa.gov.au/sites/default/files/content/SGE%202021/SGE%202021%20Reports/3_21_Res_Stats_Leg_Assem_0.pdf,"TONKIN, Christine",Australian Labor Party,29084,25239,650,25889,89.01,12620,0,first,,,"TONKIN, Christine",Australian Labor Party,9938
Churchlands,https://www.elections.wa.gov.au/elections/state-elections/reports/2021-state-election-results-and-statistics-report,https://www.elections.wa.gov.au/sites/default/files/content/SGE%202021/SGE%202021%20Reports/3_21_Res_Stats_Leg_Assem_0.pdf,"TONKIN, Christine",Australian Labor Party,29084,25239,650,25889,89.01,12620,0,first,,,"TWISS, Mark",The Greens,2640
Churchlands,https://www.elections.wa.gov.au/elections/state-elections/reports/2021-state-election-results-and-statistics-report,https://www.elections.wa.gov.au/sites/default/files/content/SGE%202021/SGE%202021%20Reports/3_21_Res_Stats_Leg_Assem_0.pdf,"TONKIN, Christine",Australian Labor Party,29084,25239,650,25889,89.01,12620,0,first,,,"BIVOLTSIS, Jim",Independent,714
Churchlands,https://www.elections.wa.gov.au/elections/state-elections/reports/2021-state-election-results-and-statistics-report,https://www.elections.wa.gov.au/sites/default/files/content/SGE%202021/SGE%202021%20Reports/3_21_Res_Stats_Leg_Assem_0.pdf,"TONKIN, Christine",Australian Labor Party,29084,25239,650,25889,89.01,12620,0,first,,,"MORAN, Ray",Australian Christians,394
Churchlands,https://www.elections.wa.gov.au/elections/state-elections/reports/2021-state-election-results-and-statistics-report,https://www.elections.wa.gov.au/sites/default/files/content/SGE%202021/SGE%202021%20Reports/3_21_Res_Stats_Leg_Assem_0.pdf,"TONKIN, Christine",Australian Labor Party,29084,25239,650,25889,89.01,12620,0,first,,,"PEARCE, L",NO MANDATORY VACCINATION,320
Churchlands,https://www.elections.wa.gov.au/elections/state-elections/reports/2021-state-election-results-and-statistics-report,https://www.elections.wa.gov.au/sites/default/files/content/SGE%202021/SGE%202021%20Reports/3_21_Res_Stats_Leg_Assem_0.pdf,"TONKIN, Christine",Australian Labor Party,29084,25239,650,25889,89.01,12620,0,first,,,"FARSALAS, Alexandra",WAxit,146
Churchlands,https://www.elections.wa.gov.au/elections/state-elections/reports/2021-state-election-results-and-statistics-report,https://www.elections.wa.gov.au/sites/default/files/content/SGE%202021/SGE%202021%20Reports/3_21_Res_Stats_Leg_Assem_0.pdf,"TONKIN, Christine",Australian Labor Party,29084,25239,650,25889,89.01,12620,1,final,,,"TONKIN, Christine",Australian Labor Party,12821
Churchlands,https://www.elections.wa.gov.au/elections/state-elections/reports/2021-state-election-results-and-statistics-report,https://www.elections.wa.gov.au/sites/default/files/content/SGE%202021/SGE%202021%20Reports/3_21_Res_Stats_Leg_Assem_0.pdf,"TONKIN, Christine",Australian Labor Party,29084,25239,650,25889,89.01,12620,1,final,,,"L'ESTRANGE, Sean",Liberal Party,12413
Cockburn,https://www.elections.wa.gov.au/elections/state-elections/reports/2021-state-election-results-and-statistics-report,https://www.elections.wa.gov.au/sites/default/files/content/SGE%202021/SGE%202021%20Reports/3_21_Res_Stats_Leg_Assem_0.pdf,"SCAIFE, David",Australian Labor Party,30783,25908,995,26903,87.4,12955,0,first,,,"SCAIFE, David",Australian Labor Party,17714
Cockburn,https://www.elections.wa.gov.au/elections/state-elections/reports/2021-state-election-results-and-statistics-report,https://www.elections.wa.gov.au/sites/default/files/content/SGE%202021/SGE%202021%20Reports/3_21_Res_Stats_Leg_Assem_0.pdf,"SCAIFE, David",Australian Labor Party,30783,25908,995,26903,87.4,12955,0,first,,,"MULDER, Owen",Liberal Party,4822
Cockburn,https://www.elections.wa.gov.au/elections/state-elections/reports/2021-state-election-results-and-statistics-report,https://www.elections.wa.gov.au/sites/default/files/content/SGE%202021/SGE%202021%20Reports/3_21_Res_Stats_Leg_Assem_0.pdf,"SCAIFE, David",Australian Labor Party,30783,25908,995,26903,87.4,12955,0,first,,,"SMITH, Jesse",The Greens,1655
Cockburn,https://www.elections.wa.gov.au/elections/state-elections/reports/2021-state-election-results-and-statistics-report,https://www.elections.wa.gov.au/sites/default/files/content/SGE%202021/SGE%202021%20Reports/3_21_Res_Stats_Leg_Assem_0.pdf,"SCAIFE, David",Australian Labor Party,30783,25908,995,26903,87.4,12955,0,first,,,"TAIMRE, Elspeth",NO MANDATORY VACCINATION,461
Cockburn,https://www.elections.wa.gov.au/elections/state-elections/reports/2021-state-election-results-and-statistics-report,https://www.elections.wa.gov.au/sites/default/files/content/SGE%202021/SGE%202021%20Reports/3_21_Res_Stats_Leg_Assem_0.pdf,"SCAIFE, David",Australian Labor Party,30783,25908,995,26903,87.4,12955,0,first,,,"MIRONENKO, Igor",Pauline Hanson's One Nation,456
Cockburn,https://www.elections.wa.gov.au/elections/state-elections/reports/2021-state-election-results-and-statistics-report,https://www.elections.wa.gov.au/sites/default/files/content/SGE%202021/SGE%202021%20Reports/3_21_Res_Stats_Leg_Assem_0.pdf,"SCAIFE, David",Australian Labor Party,30783,25908,995,26903,87.4,12955,0,first,,,"BAKER, Andrew",WAxit,426
Cockburn,https://www.elections.wa.gov.au/elections/state-elections/reports/2021-state-election-results-and-statistics-report,https://www.elections.wa.gov.au/sites/default/files/content/SGE%202021/SGE%202021%20Reports/3_21_Res_Stats_Leg_Assem_0.pdf,"SCAIFE, David",Australian Labor Party,30783,25908,995,26903,87.4,12955,0,first,,,"MURRAY, Brian",Liberal Democrats,374
Cockburn,https://www.elections.wa.gov.au/elections/state-elections/reports/2021-state-election-results-and-statistics-report,https://www.elections.wa.gov.au/sites/default/files/content/SGE%202021/SGE%202021%20Reports/3_21_Res_Stats_Leg_Assem_0.pdf,"SCAIFE, David",Australian Labor Party,30783,25908,995,26903,87.4,12955,1,final,,,"SCAIFE, David",Australian Labor Party,19870
Cockburn,https://www.elections.wa.gov.au/elections/state-elections/reports/2021-state-election-results-and-statistics-report,https://www.elections.wa.gov.au/sites/default/files/content/SGE%202021/SGE%202021%20Reports/3_21_Res_Stats_Leg_Assem_0.pdf,"SCAIFE, David",Australian Labor Party,30783,25908,995,26903,87.4,12955,1,final,,,"MULDER, Owen",Liberal Party,6024
Collie-Preston,https://www.elections.wa.gov.au/elections/state-elections/reports/2021-state-election-results-and-statistics-report,https://www.elections.wa.gov.au/sites/default/files/content/SGE%202021/SGE%202021%20Reports/3_21_Res_Stats_Leg_Assem_0.pdf,"HANNS, Jodie",Australian Labor Party,30741,25853,1082,26935,87.62,12927,0,first,,,"HANNS, Jodie",Australian Labor Party,16085
Collie-Preston,https://www.elections.wa.gov.au/elections/state-elections/reports/2021-state-election-results-and-statistics-report,https://www.elections.wa.gov.au/sites/default/files/content/SGE%202021/SGE%202021%20Reports/3_21_Res_Stats_Leg_Assem_0.pdf,"HANNS, Jodie",Australian Labor Party,30741,25853,1082,26935,87.62,12927,0,first,,,"GOFF, Jane",Liberal Party,3778
Collie-Preston,https://www.elections.wa.gov.au/elections/state-elections/reports/2021-state-election-results-and-statistics-report,https://www.elections.wa.gov.au/sites/default/files/content/SGE%202021/SGE%202021%20Reports/3_21_Res_Stats_Leg_Assem_0.pdf,"HANNS, Jodie",Australian Labor Party,30741,25853,1082,26935,87.62,12927,0,first,,,"SANFORD, Wayne",The Nationals,2245
Collie-Preston,https://www.elections.wa.gov.au/elections/state-elections/reports/2021-state-election-results-and-statistics-report,https://www.elections.wa.gov.au/sites/default/files/content/SGE%202021/SGE%202021%20Reports/3_21_Res_Stats_Leg_Assem_0.pdf,"HANNS, Jodie",Australian Labor Party,30741,25853,1082,26935,87.62,12927,0,first,,,"SCANTLEBURY, Gordon",The Greens,889
Collie-Preston,https://www.elections.wa.gov.au/elections/state-elections/reports/2021-state-election-results-and-statistics-report,https://www.elections.wa.gov.au/sites/default/files/content/SGE%202021/SGE%202021%20Reports/3_21_Res_Stats_Leg_Assem_0.pdf,"HANNS, Jodie",Australian Labor Party,30741,25853,1082,26935,87.62,12927,0,first,,,"THOMAS, Clinton","Shooters, Fishers and Farmers",773
Collie-Preston,https://www.elections.wa.gov.au/elections/state-elections/reports/2021-state-election-results-and-statistics-report,https://www.elections.wa.gov.au/sites/default/files/content/SGE%202021/SGE%202021%20Reports/3_21_Res_Stats_Leg_Assem_0.pdf,"HANNS, Jodie",Australian Labor Party,30741,25853,1082,26935,87.62,12927,0,first,,,"WILLIAMS, Michael",Pauline Hanson's One Nation,533
Collie-Preston,https://www.elections.wa.gov.au/elections/state-elections/reports/2021-state-election-results-and-statistics-report,https://www.elections.wa.gov.au/sites/default/files/content/SGE%202021/SGE%202021%20Reports/3_21_Res_Stats_Leg_Assem_0.pdf,"HANNS, Jodie",Australian Labor Party,30741,25853,1082,26935,87.62,12927,0,first,,,"MERRIFIELD, Christine",NO MANDATORY VACCINATION,487
Collie-Preston,https://www.elections.wa.gov.au/elections/state-elections/reports/2021-state-election-results-and-statistics-report,https://www.elections.wa.gov.au/sites/default/files/content/SGE%202021/SGE%202021%20Reports/3_21_Res_Stats_Leg_Assem_0.pdf,"HANNS, Jodie",Australian Labor Party,30741,25853,1082,26935,87.62,12927,0,first,,,"WILKINSON, Emily",Legalise Cannabis Party WA,458
Collie-Preston,https://www.elections.wa.gov.au/elections/state-elections/reports/2021-state-election-results-and-statistics-report,https://www.elections.wa.gov.au/sites/default/files/content/SGE%202021/SGE%202021%20Reports/3_21_Res_Stats_Leg_Assem_0.pdf,"HANNS, Jodie",Australian Labor Party,30741,25853,1082,26935,87.62,12927,0,first,,,"SHERIDAN, Russell J",Independent,385
Collie-Preston,https://www.elections.wa.gov.au/elections/state-elections/reports/2021-state-election-results-and-statistics-report,https://www.elections.wa.gov.au/sites/default/files/content/SGE%202021/SGE%202021%20Reports/3_21_Res_Stats_Leg_Assem_0.pdf,"HANNS, Jodie",Australian Labor Party,30741,25853,1082,26935,87.62,12927,0,first,,,"BUTLER, Graham",SUSTAINABLE AUSTRALIA PARTY - STOP OVERDEVELOPMENT / CORRUPTION,149
Collie-Preston,https://www.elections.wa.gov.au/elections/state-elections/reports/2021-state-election-results-and-statistics-report,https://www.elections.wa.gov.au/sites/default/files/content/SGE%202021/SGE%202021%20Reports/3_21_Res_Stats_Leg_Assem_0.pdf,"HANNS, Jodie",Australian Labor Party,30741,25853,1082,26935,87.62,12927,0,first,,,"TOMIC, Jackie",WAxit,71
Collie-Preston,https://www.elections.wa.gov.au/elections/state-elections/reports/2021-state-election-results-and-statistics-report,https://www.elections.wa.gov.au/sites/default/files/content/SGE%202021/SGE%202021%20Reports/3_21_Res_Stats_Leg_Assem_0.pdf,"HANNS, Jodie",Australian Labor Party,30741,25853,1082,26935,87.62,12927,1,final,,,"HANNS, Jodie",Australian Labor Party,18963
Collie-Preston,https://www.elections.wa.gov.au/elections/state-elections/reports/2021-state-election-results-and-statistics-report,https://www.elections.wa.gov.au/sites/default/files/content/SGE%202021/SGE%202021%20Reports/3_21_Res_Stats_Leg_Assem_0.pdf,"HANNS, Jodie",Australian Labor Party,30741,25853,1082,26935,87.62,12927,1,final,,,"GOFF, Jane",Liberal Party,6879
Cottesloe,https://www.elections.wa.gov.au/elections/state-elections/reports/2021-state-election-results-and-statistics-report,https://www.elections.wa.gov.au/sites/default/files/content/SGE%202021/SGE%202021%20Reports/3_21_Res_Stats_Leg_Assem_0.pdf,"HONEY, David",Liberal Party,31219,26946,715,27661,88.6,13474,0,first,,,"HONEY, David",Liberal Party,12624
Cottesloe,https://www.elections.wa.gov.au/elections/state-elections/reports/2021-state-election-results-and-statistics-report,https://www.elections.wa.gov.au/sites/default/files/content/SGE%202021/SGE%202021%20Reports/3_21_Res_Stats_Leg_Assem_0.pdf,"HONEY, David",Liberal Party,31219,26946,715,27661,88.6,13474,0,first,,,"WEST, Gemma",Australian Labor Party,7637
Cottesloe,https://www.elections.wa.gov.au/elections/state-elections/reports/2021-state-election-results-and-statistics-report,https://www.elections.wa.gov.au/sites/default/files/content/SGE%202021/SGE%202021%20Reports/3_21_Res_Stats_Leg_Assem_0.pdf,"HONEY, David",Liberal Party,31219,26946,715,27661,88.6,13474,0,first,,,"MOSS, Theresa",The Greens,3410
Cottesloe,https://www.elections.wa.gov.au/elections/state-elections/reports/2021-state-election-results-and-statistics-report,https://www.elections.wa.gov.au/sites/default/files/content/SGE%202021/SGE%202021%20Reports/3_21_Res_Stats_Leg_Assem_0.pdf,"HONEY, David",Liberal Party,31219,26946,715,27661,88.6,13474,0,first,,,"PARKER, Tony",Independent,2670
Cottesloe,https://www.elections.wa.gov.au/elections/state-elections/reports/2021-state-election-results-and-statistics-report,https://www.elections.wa.gov.au/sites/default/files/content/SGE%202021/SGE%202021%20Reports/3_21_Res_Stats_Leg_Assem_0.pdf,"HONEY, David",Liberal Party,31219,26946,715,27661,88.6,13474,0,first,,,"DRAYTON, R",NO MANDATORY VACCINATION,329
Cottesloe,https://www.elections.wa.gov.au/elections/state-elections/reports/2021-state-election-results-and-statistics-report,https://www.elections.wa.gov.au/sites/default/files/content/SGE%202021/SGE%202021%20Reports/3_21_Res_Stats_Leg_Assem_0.pdf,"HONEY, David",Liberal Party,31219,26946,715,27661,88.6,13474,0,first,,,"BATSIOUDIS, Paul",WAxit,276
Cottesloe,https://www.elections.wa.gov.au/elections/state-elections/reports/2021-state-election-results-and-statistics-report,https://www.elections.wa.gov.au/sites/default/files/content/SGE%202021/SGE%202021%20Reports/3_21_Res_Stats_Leg_Assem_0.pdf,"HONEY, David",Liberal Party,31219,26946,715,27661,88.6,13474,1,final,,,"HONEY, David",Liberal Party,15470
Cottesloe,https://www.elections.wa.gov.au/elections/state-elections/reports/2021-state-election-results-and-statistics-report,https://www.elections.wa.gov.au/sites/default/files/content/SGE%202021/SGE%202021%20Reports/3_21_Res_Stats_Leg_Assem_0.pdf,"HONEY, David",Liberal Party,31219,26946,715,27661,88.6,13474,1,final,,,"WEST, Gemma",Australian Labor Party,11470
Darling Range,https://www.elections.wa.gov.au/elections/state-elections/reports/2021-state-election-results-and-statistics-report,https://www.elections.wa.gov.au/sites/default/files/content/SGE%202021/SGE%202021%20Reports/3_21_Res_Stats_Leg_Assem_0.pdf,"JONES, Hugh",Australian Labor Party,31150,26506,981,27487,88.24,13254,0,first,,,"JONES, Hugh",Australian Labor Party,14854
Darling Range,https://www.elections.wa.gov.au/elections/state-elections/reports/2021-state-election-results-and-statistics-report,https://www.elections.wa.gov.au/sites/default/files/content/SGE%202021/SGE%202021%20Reports/3_21_Res_Stats_Leg_Assem_0.pdf,"JONES, Hugh",Australian Labor Party,31150,26506,981,27487,88.24,13254,0,first,,,"HAYDEN, Alyssa",Liberal Party,7494
Darling Range,https://www.elections.wa.gov.au/elections/state-elections/reports/2021-state-election-results-and-statistics-report,https://www.elections.wa.gov.au/sites/default/files/content/SGE%202021/SGE%202021%20Reports/3_21_Res_Stats_Leg_Assem_0.pdf,"JONES, Hugh",Australian Labor Party,31150,26506,981,27487,88.24,13254,0,first,,,"LACEY, Matthew",The Greens,1254
Darling Range,https://www.elections.wa.gov.au/elections/state-elections/reports/2021-state-election-results-and-statistics-report,https://www.elections.wa.gov.au/sites/default/files/content/SGE%202021/SGE%202021%20Reports/3_21_Res_Stats_Leg_Assem_0.pdf,"JONES, Hugh",Australian Labor Party,31150,26506,981,27487,88.24,13254,0,first,,,"EIKELBOOM, Eric",Australian Christians,1230
Darling Range,https://www.elections.wa.gov.au/elections/state-elections/reports/2021-state-election-results-and-statistics-report,https://www.elections.wa.gov.au/sites/default/files/content/SGE%202021/SGE%202021%20Reports/3_21_Res_Stats_Leg_Assem_0.pdf,"JONES, Hugh",Australian Labor Party,31150,26506,981,27487,88.24,13254,0,first,,,"FENECH, Anthony",Pauline Hanson's One Nation,524
Darling Range,https://www.elections.wa.gov.au/elections/state-elections/reports/2021-state-election-results-and-statistics-report,https://www.elections.wa.gov.au/sites/default/files/content/SGE%202021/SGE%202021%20Reports/3_21_Res_Stats_Leg_Assem_0.pdf,"JONES, Hugh",Australian Labor Party,31150,26506,981,27487,88.24,13254,0,first,,,"CONGRENE, Judith Maree",NO MANDATORY VACCINATION,406
Darling Range,https://www.elections.wa.gov.au/elections/state-elections/reports/2021-state-election-results-and-statistics-report,https://www.elections.wa.gov.au/sites/default/files/content/SGE%202021/SGE%202021%20Reports/3_21_Res_Stats_Leg_Assem_0.pdf,"JONES, Hugh",Australian Labor Party,31150,26506,981,27487,88.24,13254,0,first,,,"THOMPSON, Matthew",Liberal Democrats,335
Darling Range,https://www.elections.wa.gov.au/elections/state-elections/reports/2021-state-election-results-and-statistics-report,https://www.elections.wa.gov.au/sites/default/files/content/SGE%202021/SGE%202021%20Reports/3_21_Res_Stats_Leg_Assem_0.pdf,"JONES, Hugh",Australian Labor Party,31150,26506,981,27487,88.24,13254,0,first,,,"CLARKE, Brett Nathan",WESTERN AUSTRALIA PARTY,187
Darling Range,https://www.elections.wa.gov.au/elections/state-elections/reports/2021-state-election-results-and-statistics-report,https://www.elections.wa.gov.au/sites/default/files/content/SGE%202021/SGE%202021%20Reports/3_21_Res_Stats_Leg_Assem_0.pdf,"JONES, Hugh",Australian Labor Party,31150,26506,981,27487,88.24,13254,0,first,,,"STRAUTINS, Dean",Independent,157
Darling Range,https://www.elections.wa.gov.au/elections/state-elections/reports/2021-state-election-results-and-statistics-report,https://www.elections.wa.gov.au/sites/default/files/content/SGE%202021/SGE%202021%20Reports/3_21_Res_Stats_Leg_Assem_0.pdf,"JONES, Hugh",Australian Labor Party,31150,26506,981,27487,88.24,13254,0,first,,,"SVILICIC, Alan",WAxit,65
Darling Range,https://www.elections.wa.gov.au/elections/state-elections/reports/2021-state-election-results-and-statistics-report,https://www.elections.wa.gov.au/sites/default/files/content/SGE%202021/SGE%202021%20Reports/3_21_Res_Stats_Leg_Assem_0.pdf,"JONES, Hugh",Australian Labor Party,31150,26506,981,27487,88.24,13254,1,final,,,"JONES, Hugh",Australian Labor Party,16822
Darling Range,https://www.elections.wa.gov.au/elections/state-elections/reports/2021-state-election-results-and-statistics-report,https://www.elections.wa.gov.au/sites/default/files/content/SGE%202021/SGE%202021%20Reports/3_21_Res_Stats_Leg_Assem_0.pdf,"JONES, Hugh",Australian Labor Party,31150,26506,981,27487,88.24,13254,1,final,,,"HAYDEN, Alyssa",Liberal Party,9668
Dawesville,https://www.elections.wa.gov.au/elections/state-elections/reports/2021-state-election-results-and-statistics-report,https://www.elections.wa.gov.au/sites/default/files/content/SGE%202021/SGE%202021%20Reports/3_21_Res_Stats_Leg_Assem_0.pdf,"MUNDAY, Lisa",Australian Labor Party,31293,26019,1017,27036,86.4,13010,0,first,,,"MUNDAY, Lisa",Australian Labor Party,15024
Dawesville,https://www.elections.wa.gov.au/elections/state-elections/reports/2021-state-election-results-and-statistics-report,https://www.elections.wa.gov.au/sites/default/files/content/SGE%202021/SGE%202021%20Reports/3_21_Res_Stats_Leg_Assem_0.pdf,"MUNDAY, Lisa",Australian Labor Party,31293,26019,1017,27036,86.4,13010,0,first,,,"KIRKUP, Zak",Liberal Party,8400
Dawesville,https://www.elections.wa.gov.au/elections/state-elections/reports/2021-state-election-results-and-statistics-report,https://www.elections.wa.gov.au/sites/default/files/content/SGE%202021/SGE%202021%20Reports/3_21_Res_Stats_Leg_Assem_0.pdf,"MUNDAY, Lisa",Australian Labor Party,31293,26019,1017,27036,86.4,13010,0,first,,,"GODDEN, Stewart",The Greens,820
Dawesville,https://www.elections.wa.gov.au/elections/state-elections/reports/2021-state-election-results-and-statistics-report,https://www.elections.wa.gov.au/sites/default/files/content/SGE%202021/SGE%202021%20Reports/3_21_Res_Stats_Leg_Assem_0.pdf,"MUNDAY, Lisa",Australian Labor Party,31293,26019,1017,27036,86.4,13010,0,first,,,"GILMOUR, Kerry",Pauline Hanson's One Nation,398
Dawesville,https://www.elections.wa.gov.au/elections/state-elections/reports/2021-state-election-results-and-statistics-report,https://www.elections.wa.gov.au/sites/default/files/content/SGE%202021/SGE%202021%20Reports/3_21_Res_Stats_Leg_Assem_0.pdf,"MUNDAY, Lisa",Australian Labor Party,31293,26019,1017,27036,86.4,13010,0,first,,,"CHARLES, Mark",Legalise Cannabis Party WA,363
Dawesville,https://www.elections.wa.gov.au/elections/state-elections/reports/2021-state-election-results-and-statistics-report,https://www.elections.wa.gov.au/sites/default/files/content/SGE%202021/SGE%202021%20Reports/3_21_Res_Stats_Leg_Assem_0.pdf,"MUNDAY, Lisa",Australian Labor Party,31293,26019,1017,27036,86.4,13010,0,first,,,"STACEY, Peter","Shooters, Fishers and Farmers",337
Dawesville,https://www.elections.wa.gov.au/elections/state-elections/reports/2021-state-election-results-and-statistics-report,https://www.elections.wa.gov.au/sites/default/files/content/SGE%202021/SGE%202021%20Reports/3_21_Res_Stats_Leg_Assem_0.pdf,"MUNDAY, Lisa",Australian Labor Party,31293,26019,1017,27036,86.4,13010,0,first,,,"STONEHOUSE, Elijah",NO MANDATORY VACCINATION,238
Dawesville,https://www.elections.wa.gov.au/elections/state-elections/reports/2021-state-election-results-and-statistics-report,https://www.elections.wa.gov.au/sites/default/files/content/SGE%202021/SGE%202021%20Reports/3_21_Res_Stats_Leg_Assem_0.pdf,"MUNDAY, Lisa",Australian Labor Party,31293,26019,1017,27036,86.4,13010,0,first,,,"LEAKE, Patricia",The Nationals,178
Dawesville,https://www.elections.wa.gov.au/elections/state-elections/reports/2021-state-election-results-and-statistics-report,https://www.elections.wa.gov.au/sites/default/files/content/SGE%202021/SGE%202021%20Reports/3_21_Res_Stats_Leg_Assem_0.pdf,"MUNDAY, Lisa",Australian Labor Party,31293,26019,1017,27036,86.4,13010,0,first,,,"OBORN, Karen",SUSTAINABLE AUSTRALIA PARTY - STOP OVERDEVELOPMENT / CORRUPTION,125
Dawesville,https://www.elections.wa.gov.au/elections/state-elections/reports/2021-state-election-results-and-statistics-report,https://www.elections.wa.gov.au/sites/default/files/content/SGE%202021/SGE%202021%20Reports/3_21_Res_Stats_Leg_Assem_0.pdf,"MUNDAY, Lisa",Australian Labor Party,31293,26019,1017,27036,86.4,13010,0,first,,,"OANCEA, Melissa",WAxit,74
Dawesville,https://www.elections.wa.gov.au/elections/state-elections/reports/2021-state-election-results-and-statistics-report,https://www.elections.wa.gov.au/sites/default/files/content/SGE%202021/SGE%202021%20Reports/3_21_Res_Stats_Leg_Assem_0.pdf,"MUNDAY, Lisa",Australian Labor Party,31293,26019,1017,27036,86.4,13010,0,first,,,"CHALKE, Bradley",Liberal Democrats,62
Dawesville,https://www.elections.wa.gov.au/elections/state-elections/reports/2021-state-election-results-and-statistics-report,https://www.elections.wa.gov.au/sites/default/files/content/SGE%202021/SGE%202021%20Reports/3_21_Res_Stats_Leg_Assem_0.pdf,"MUNDAY, Lisa",Australian Labor Party,31293,26019,1017,27036,86.4,13010,1,final,,,"MUNDAY, Lisa",Australian Labor Party,16633
Dawesville,https://www.elections.wa.gov.au/elections/state-elections/reports/2021-state-election-results-and-statistics-report,https://www.elections.wa.gov.au/sites/default/files/content/SGE%202021/SGE%202021%20Reports/3_21_Res_Stats_Leg_Assem_0.pdf,"MUNDAY, Lisa",Australian Labor Party,31293,26019,1017,27036,86.4,13010,1,final,,,"KIRKUP, Zak",Liberal Party,9378
Forrestfield,https://www.elections.wa.gov.au/elections/state-elections/reports/2021-state-election-results-and-statistics-report,https://www.elections.wa.gov.au/sites/default/files/content/SGE%202021/SGE%202021%20Reports/3_21_Res_Stats_Leg_Assem_0.pdf,"PRICE, Stephen",Australian Labor Party,28005,22983,927,23910,85.38,11492,0,first,,,"PRICE, Stephen",Australian Labor Party,15770
Forrestfield,https://www.elections.wa.gov.au/elections/state-elections/reports/2021-state-election-results-and-statistics-report,https://www.elections.wa.gov.au/sites/default/files/content/SGE%202021/SGE%202021%20Reports/3_21_Res_Stats_Leg_Assem_0.pdf,"PRICE, Stephen",Australian Labor Party,28005,22983,927,23910,85.38,11492,0,first,,,"TILBURY, George",Liberal Party,4438
Forrestfield,https://www.elections.wa.gov.au/elections/state-elections/reports/2021-state-election-results-and-statistics-report,https://www.elections.wa.gov.au/sites/default/files/content/SGE%202021/SGE%202021%20Reports/3_21_Res_Stats_Leg_Assem_0.pdf,"PRICE, Stephen",Australian Labor Party,28005,22983,927,23910,85.38,11492,0,first,,,"McMULLAN, Beth",The Greens,1008
Forrestfield,https://www.elections.wa.gov.au/elections/state-elections/reports/2021-state-election-results-and-statistics-report,https://www.elections.wa.gov.au/sites/default/files/content/SGE%202021/SGE%202021%20Reports/3_21_Res_Stats_Leg_Assem_0.pdf,"PRICE, Stephen",Australian Labor Party,28005,22983,927,23910,85.38,11492,0,first,,,"LAMPARD, Peter",Australian Christians,604
Forrestfield,https://www.elections.wa.gov.au/elections/state-elections/reports/2021-state-election-results-and-statistics-report,https://www.elections.wa.gov.au/sites/default/files/content/SGE%202021/SGE%202021%20Reports/3_21_Res_Stats_Leg_Assem_0.pdf,"PRICE, Stephen",Australian Labor Party,28005,22983,927,23910,85.38,11492,0,first,,,"BARNETT, Roger",Pauline Hanson's One Nation,518
Forrestfield,https://www.elections.wa.gov.au/elections/state-elections/reports/2021-state-election-results-and-statistics-report,https://www.elections.wa.gov.au/sites/default/files/content/SGE%202021/SGE%202021%20Reports/3_21_Res_Stats_Leg_Assem_0.pdf,"PRICE, Stephen",Australian Labor Party,28005,22983,927,23910,85.38,11492,0,first,,,"PETERS, Cameron",NO MANDATORY VACCINATION,339
Forrestfield,https://www.elections.wa.gov.au/elections/state-elections/reports/2021-state-election-results-and-statistics-report,https://www.elections.wa.gov.au/sites/default/files/content/SGE%202021/SGE%202021%20Reports/3_21_Res_Stats_Leg_Assem_0.pdf,"PRICE, Stephen",Australian Labor Party,28005,22983,927,23910,85.38,11492,0,first,,,"DOYE, Owen",WESTERN AUSTRALIA PARTY,207
Forrestfield,https://www.elections.wa.gov.au/elections/state-elections/reports/2021-state-election-results-and-statistics-report,https://www.elections.wa.gov.au/sites/default/files/content/SGE%202021/SGE%202021%20Reports/3_21_Res_Stats_Leg_Assem_0.pdf,"PRICE, Stephen",Australian Labor Party,28005,22983,927,23910,85.38,11492,0,first,,,"SHAHALAM, Mohammod",WAxit,99
Forrestfield,https://www.elections.wa.gov.au/elections/state-elections/reports/2021-state-election-results-and-statistics-report,https://www.elections.wa.gov.au/sites/default/files/content/SGE%202021/SGE%202021%20Reports/3_21_Res_Stats_Leg_Assem_0.pdf,"PRICE, Stephen",Australian Labor Party,28005,22983,927,23910,85.38,11492,1,final,,,"PRICE, Stephen",Australian Labor Party,17349
Forrestfield,https://www.elections.wa.gov.au/elections/state-elections/reports/2021-state-election-results-and-statistics-report,https://www.elections.wa.gov.au/sites/default/files/content/SGE%202021/SGE%202021%20Reports/3_21_Res_Stats_Leg_Assem_0.pdf,"PRICE, Stephen",Australian Labor Party,28005,22983,927,23910,85.38,11492,1,final,,,"TILBURY, George",Liberal Party,5629
Fremantle,https://www.elections.wa.gov.au/elections/state-elections/reports/2021-state-election-results-and-statistics-report,https://www.elections.wa.gov.au/sites/default/files/content/SGE%202021/SGE%202021%20Reports/3_21_Res_Stats_Leg_Assem_0.pdf,"McGURK, Simone",Australian Labor Party,31347,25581,900,26481,84.48,12791,0,first,,,"McGURK, Simone",Australian Labor Party,14646
Fremantle,https://www.elections.wa.gov.au/elections/state-elections/reports/2021-state-election-results-and-statistics-report,https://www.elections.wa.gov.au/sites/default/files/content/SGE%202021/SGE%202021%20Reports/3_21_Res_Stats_Leg_Assem_0.pdf,"McGURK, Simone",Australian Labor Party,31347,25581,900,26481,84.48,12791,0,first,,,"CRAMER, Liberty",The Greens,4769
Fremantle,https://www.elections.wa.gov.au/elections/state-elections/reports/2021-state-election-results-and-statistics-report,https://www.elections.wa.gov.au/sites/default/files/content/SGE%202021/SGE%202021%20Reports/3_21_Res_Stats_Leg_Assem_0.pdf,"McGURK, Simone",Australian Labor Party,31347,25581,900,26481,84.48,12791,0,first,,,"RILEY, Miquela",Liberal Party,3837
Fremantle,https://www.elections.wa.gov.au/elections/state-elections/reports/2021-state-election-results-and-statistics-report,https://www.elections.wa.gov.au/sites/default/files/content/SGE%202021/SGE%202021%20Reports/3_21_Res_Stats_Leg_Assem_0.pdf,"McGURK, Simone",Australian Labor Party,31347,25581,900,26481,84.48,12791,0,first,,,"WAINWRIGHT, Sam",Socialist Alliance,726
Fremantle,https://www.elections.wa.gov.au/elections/state-elections/reports/2021-state-election-results-and-statistics-report,https://www.elections.wa.gov.au/sites/default/files/content/SGE%202021/SGE%202021%20Reports/3_21_Res_Stats_Leg_Assem_0.pdf,"McGURK, Simone",Australian Labor Party,31347,25581,900,26481,84.48,12791,0,first,,,"SCHULZE, W",NO MANDATORY VACCINATION,577
Fremantle,https://www.elections.wa.gov.au/elections/state-elections/reports/2021-state-election-results-and-statistics-report,https://www.elections.wa.gov.au/sites/default/files/content/SGE%202021/SGE%202021%20Reports/3_21_Res_Stats_Leg_Assem_0.pdf,"McGURK, Simone",Australian Labor Party,31347,25581,900,26481,84.48,12791,0,first,,,"SCHELLING, Carl",Liberal Democrats,492
Fremantle,https://www.elections.wa.gov.au/elections/state-elections/reports/2021-state-election-results-and-statistics-report,https://www.elections.wa.gov.au/sites/default/files/content/SGE%202021/SGE%202021%20Reports/3_21_Res_Stats_Leg_Assem_0.pdf,"McGURK, Simone",Australian Labor Party,31347,25581,900,26481,84.48,12791,0,first,,,"GRLJUSICH, Rod",Independent,318
Fremantle,https://www.elections.wa.gov.au/elections/state-elections/reports/2021-state-election-results-and-statistics-report,https://www.elections.wa.gov.au/sites/default/files/content/SGE%202021/SGE%202021%20Reports/3_21_Res_Stats_Leg_Assem_0.pdf,"McGURK, Simone",Australian Labor Party,31347,25581,900,26481,84.48,12791,0,first,,,"KNAPP, Janetia",WESTERN AUSTRALIA PARTY,216
Fremantle,https://www.elections.wa.gov.au/elections/state-elections/reports/2021-state-election-results-and-statistics-report,https://www.elections.wa.gov.au/sites/default/files/content/SGE%202021/SGE%202021%20Reports/3_21_Res_Stats_Leg_Assem_0.pdf,"McGURK, Simone",Australian Labor Party,31347,25581,900,26481,84.48,12791,1,final,,,"McGURK, Simone",Australian Labor Party,16800
Fremantle,https://www.elections.wa.gov.au/elections/state-elections/reports/2021-state-election-results-and-statistics-report,https://www.elections.wa.gov.au/sites/default/files/content/SGE%202021/SGE%202021%20Reports/3_21_Res_Stats_Leg_Assem_0.pdf,"McGURK, Simone",Australian Labor Party,31347,25581,900,26481,84.48,12791,1,final,,,"CRAMER, Liberty",The Greens,8753
Geraldton,https://www.elections.wa.gov.au/elections/state-elections/reports/2021-state-election-results-and-statistics-report,https://www.elections.wa.gov.au/sites/default/files/content/SGE%202021/SGE%202021%20Reports/3_21_Res_Stats_Leg_Assem_0.pdf,"DALTON, Lara",Australian Labor Party,26767,21352,746,22098,82.56,10677,0,first,,,"DALTON, Lara",Australian Labor Party,11676
Geraldton,https://www.elections.wa.gov.au/elections/state-elections/reports/2021-state-election-results-and-statistics-report,https://www.elections.wa.gov.au/sites/default/files/content/SGE%202021/SGE%202021%20Reports/3_21_Res_Stats_Leg_Assem_0.pdf,"DALTON, Lara",Australian Labor Party,26767,21352,746,22098,82.56,10677,0,first,,,"BLAYNEY, Ian",The Nationals,5222
Geraldton,https://www.elections.wa.gov.au/elections/state-elections/reports/2021-state-election-results-and-statistics-report,https://www.elections.wa.gov.au/sites/default/files/content/SGE%202021/SGE%202021%20Reports/3_21_Res_Stats_Leg_Assem_0.pdf,"DALTON, Lara",Australian Labor Party,26767,21352,746,22098,82.56,10677,0,first,,,"DINES, Rob",Liberal Party,2750
Geraldton,https://www.elections.wa.gov.au/elections/state-elections/reports/2021-state-election-results-and-statistics-report,https://www.elections.wa.gov.au/sites/default/files/content/SGE%202021/SGE%202021%20Reports/3_21_Res_Stats_Leg_Assem_0.pdf,"DALTON, Lara",Australian Labor Party,26767,21352,746,22098,82.56,10677,0,first,,,"ROBERTS, Matt",The Greens,536
Geraldton,https://www.elections.wa.gov.au/elections/state-elections/reports/2021-state-election-results-and-statistics-report,https://www.elections.wa.gov.au/sites/default/files/content/SGE%202021/SGE%202021%20Reports/3_21_Res_Stats_Leg_Assem_0.pdf,"DALTON, Lara",Australian Labor Party,26767,21352,746,22098,82.56,10677,0,first,,,"MELLON, Chris","Shooters, Fishers and Farmers",380
Geraldton,https://www.elections.wa.gov.au/elections/state-elections/reports/2021-state-election-results-and-statistics-report,https://www.elections.wa.gov.au/sites/default/files/content/SGE%202021/SGE%202021%20Reports/3_21_Res_Stats_Leg_Assem_0.pdf,"DALTON, Lara",Australian Labor Party,26767,21352,746,22098,82.56,10677,0,first,,,"DAVIES, Bruce",Pauline Hanson's One Nation,336
Geraldton,https://www.elections.wa.gov.au/elections/state-elections/reports/2021-state-election-results-and-statistics-report,https://www.elections.wa.gov.au/sites/default/files/content/SGE%202021/SGE%202021%20Reports/3_21_Res_Stats_Leg_Assem_0.pdf,"DALTON, Lara",Australian Labor Party,26767,21352,746,22098,82.56,10677,0,first,,,"LONG, Mark James",NO MANDATORY VACCINATION,248
Geraldton,https://www.elections.wa.gov.au/elections/state-elections/reports/2021-state-election-results-and-statistics-report,https://www.elections.wa.gov.au/sites/default/files/content/SGE%202021/SGE%202021%20Reports/3_21_Res_Stats_Leg_Assem_0.pdf,"DALTON, Lara",Australian Labor Party,26767,21352,746,22098,82.56,10677,0,first,,,"KUNG, Bey Bey",WAxit,127
Geraldton,https://www.elections.wa.gov.au/elections/state-elections/reports/2021-state-election-results-and-statistics-report,https://www.elections.wa.gov.au/sites/default/files/content/SGE%202021/SGE%202021%20Reports/3_21_Res_Stats_Leg_Assem_0.pdf,"DALTON, Lara",Australian Labor Party,26767,21352,746,22098,82.56,10677,0,first,,,"GENOVESE, Andrew",Liberal Democrats,77
Geraldton,https://www.elections.wa.gov.au/elections/state-elections/reports/2021-state-election-results-and-statistics-report,https://www.elections.wa.gov.au/sites/default/files/content/SGE%202021/SGE%202021%20Reports/3_21_Res_Stats_Leg_Assem_0.pdf,"DALTON, Lara",Australian Labor Party,26767,21352,746,22098,82.56,10677,1,final,,,"DALTON, Lara",Australian Labor Party,13170
Geraldton,https://www.elections.wa.gov.au/elections/state-elections/reports/2021-state-election-results-and-statistics-report,https://www.elections.wa.gov.au/sites/default/files/content/SGE%202021/SGE%202021%20Reports/3_21_Res_Stats_Leg_Assem_0.pdf,"DALTON, Lara",Australian Labor Party,26767,21352,746,22098,82.56,10677,1,final,,,"BLAYNEY, Ian",The Nationals,8173
Hillarys,https://www.elections.wa.gov.au/elections/state-elections/reports/2021-state-election-results-and-statistics-report,https://www.elections.wa.gov.au/sites/default/files/content/SGE%202021/SGE%202021%20Reports/3_21_Res_Stats_Leg_Assem_0.pdf,"COLLINS, Caitlin",Australian Labor Party,29875,25518,802,26320,88.1,12760,0,first,,,"COLLINS, Caitlin",Australian Labor Party,15671
Hillarys,https://www.elections.wa.gov.au/elections/state-elections/reports/2021-state-election-results-and-statistics-report,https://www.elections.wa.gov.au/sites/default/files/content/SGE%202021/SGE%202021%20Reports/3_21_Res_Stats_Leg_Assem_0.pdf,"COLLINS, Caitlin",Australian Labor Party,29875,25518,802,26320,88.1,12760,0,first,,,"KATSAMBANIS, Peter",Liberal Party,6900
Hillarys,https://www.elections.wa.gov.au/elections/state-elections/reports/2021-state-election-results-and-statistics-report,https://www.elections.wa.gov.au/sites/default/files/content/SGE%202021/SGE%202021%20Reports/3_21_Res_Stats_Leg_Assem_0.pdf,"COLLINS, Caitlin",Australian Labor Party,29875,25518,802,26320,88.1,12760,0,first,,,"GLAZOV, Greg",The Greens,1366
Hillarys,https://www.elections.wa.gov.au/elections/state-elections/reports/2021-state-election-results-and-statistics-report,https://www.elections.wa.gov.au/sites/default/files/content/SGE%202021/SGE%202021%20Reports/3_21_Res_Stats_Leg_Assem_0.pdf,"COLLINS, Caitlin",Australian Labor Party,29875,25518,802,26320,88.1,12760,0,first,,,"WINFIELD, Katrina",Legalise Cannabis Party WA,582
Hillarys,https://www.elections.wa.gov.au/elections/state-elections/reports/2021-state-election-results-and-statistics-report,https://www.elections.wa.gov.au/sites/default/files/content/SGE%202021/SGE%202021%20Reports/3_21_Res_Stats_Leg_Assem_0.pdf,"COLLINS, Caitlin",Australian Labor Party,29875,25518,802,26320,88.1,12760,0,first,,,"SEETO, W",NO MANDATORY VACCINATION,476
Hillarys,https://www.elections.wa.gov.au/elections/state-elections/reports/2021-state-election-results-and-statistics-report,https://www.elections.wa.gov.au/sites/default/files/content/SGE%202021/SGE%202021%20Reports/3_21_Res_Stats_Leg_Assem_0.pdf,"COLLINS, Caitlin",Australian Labor Party,29875,25518,802,26320,88.1,12760,0,first,,,"TYLKA, Rick",Liberals For Climate,339
Hillarys,https://www.elections.wa.gov.au/elections/state-elections/reports/2021-state-election-results-and-statistics-report,https://www.elections.wa.gov.au/sites/default/files/content/SGE%202021/SGE%202021%20Reports/3_21_Res_Stats_Leg_Assem_0.pdf,"COLLINS, Caitlin",Australian Labor Party,29875,25518,802,26320,88.1,12760,0,first,,,"JANKULOVSKI, Zoran",WAxit,184
Hillarys,https://www.elections.wa.gov.au/elections/state-elections/reports/2021-state-election-results-and-statistics-report,https://www.elections.wa.gov.au/sites/default/files/content/SGE%202021/SGE%202021%20Reports/3_21_Res_Stats_Leg_Assem_0.pdf,"COLLINS, Caitlin",Australian Labor Party,29875,25518,802,26320,88.1,12760,1,final,,,"COLLINS, Caitlin",Australian Labor Party,17597
Hillarys,https://www.elections.wa.gov.au/elections/state-elections/reports/2021-state-election-results-and-statistics-report,https://www.elections.wa.gov.au/sites/default/files/content/SGE%202021/SGE%202021%20Reports/3_21_Res_Stats_Leg_Assem_0.pdf,"COLLINS, Caitlin",Australian Labor Party,29875,25518,802,26320,88.1,12760,1,final,,,"KATSAMBANIS, Peter",Liberal Party,7919
Jandakot,https://www.elections.wa.gov.au/elections/state-elections/reports/2021-state-election-results-and-statistics-report,https://www.elections.wa.gov.au/sites/default/files/content/SGE%202021/SGE%202021%20Reports/3_21_Res_Stats_Leg_Assem_0.pdf,"MUBARAKAI, Yaz",Australian Labor Party,32121,27844,914,28758,89.53,13923,0,first,,,"MUBARAKAI, Yaz",Australian Labor Party,17950
Jandakot,https://www.elections.wa.gov.au/elections/state-elections/reports/2021-state-election-results-and-statistics-report,https://www.elections.wa.gov.au/sites/default/files/content/SGE%202021/SGE%202021%20Reports/3_21_Res_Stats_Leg_Assem_0.pdf,"MUBARAKAI, Yaz",Australian Labor Party,32121,27844,914,28758,89.53,13923,0,first,,,"McCOY, Mihael",Liberal Party,6460
Jandakot,https://www.elections.wa.gov.au/elections/state-elections/reports/2021-state-election-results-and-statistics-report,https://www.elections.wa.gov.au/sites/default/files/content/SGE%202021/SGE%202021%20Reports/3_21_Res_Stats_Leg_Assem_0.pdf,"MUBARAKAI, Yaz",Australian Labor Party,32121,27844,914,28758,89.53,13923,0,first,,,"LONSDALE, Heather",The Greens,1347
Jandakot,https://www.elections.wa.gov.au/elections/state-elections/reports/2021-state-election-results-and-statistics-report,https://www.elections.wa.gov.au/sites/default/files/content/SGE%202021/SGE%202021%20Reports/3_21_Res_Stats_Leg_Assem_0.pdf,"MUBARAKAI, Yaz",Australian Labor Party,32121,27844,914,28758,89.53,13923,0,first,,,"PRETORIUS, Marianne",Australian Christians,921
Jandakot,https://www.elections.wa.gov.au/elections/state-elections/reports/2021-state-election-results-and-statistics-report,https://www.elections.wa.gov.au/sites/default/files/content/SGE%202021/SGE%202021%20Reports/3_21_Res_Stats_Leg_Assem_0.pdf,"MUBARAKAI, Yaz",Australian Labor Party,32121,27844,914,28758,89.53,13923,0,first,,,"KELLY, Dominic",Pauline Hanson's One Nation,388
Jandakot,https://www.elections.wa.gov.au/elections/state-elections/reports/2021-state-election-results-and-statistics-report,https://www.elections.wa.gov.au/sites/default/files/content/SGE%202021/SGE%202021%20Reports/3_21_Res_Stats_Leg_Assem_0.pdf,"MUBARAKAI, Yaz",Australian Labor Party,32121,27844,914,28758,89.53,13923,0,first,,,"MILES, Damon Mazzeo",Liberal Democrats,265
Jandakot,https://www.elections.wa.gov.au/elections/state-elections/reports/2021-state-election-results-and-statistics-report,https://www.elections.wa.gov.au/sites/default/files/content/SGE%202021/SGE%202021%20Reports/3_21_Res_Stats_Leg_Assem_0.pdf,"MUBARAKAI, Yaz",Australian Labor Party,32121,27844,914,28758,89.53,13923,0,first,,,"HALLIFAX, P",NO MANDATORY VACCINATION,262
Jandakot,https://www.elections.wa.gov.au/elections/state-elections/reports/2021-state-election-results-and-statistics-report,https://www.elections.wa.gov.au/sites/default/files/content/SGE%202021/SGE%202021%20Reports/3_21_Res_Stats_Leg_Assem_0.pdf,"MUBARAKAI, Yaz",Australian Labor Party,32121,27844,914,28758,89.53,13923,0,first,,,"SINGH, Jagdip",WAxit,251
Jandakot,https://www.elections.wa.gov.au/elections/state-elections/reports/2021-state-election-results-and-statistics-report,https://www.elections.wa.gov.au/sites/default/files/content/SGE%202021/SGE%202021%20Reports/3_21_Res_Stats_Leg_Assem_0.pdf,"MUBARAKAI, Yaz",Australian Labor Party,32121,27844,914,28758,89.53,13923,1,final,,,"MUBARAKAI, Yaz",Australian Labor Party,19773
Jandakot,https://www.elections.wa.gov.au/elections/state-elections/reports/2021-state-election-results-and-statistics-report,https://www.elections.wa.gov.au/sites/default/files/content/SGE%202021/SGE%202021%20Reports/3_21_Res_Stats_Leg_Assem_0.pdf,"MUBARAKAI, Yaz",Australian Labor Party,32121,27844,914,28758,89.53,13923,1,final,,,"McCOY, Mihael",Liberal Party,8067
Joondalup,https://www.elections.wa.gov.au/elections/state-elections/reports/2021-state-election-results-and-statistics-report,https://www.elections.wa.gov.au/sites/default/files/content/SGE%202021/SGE%202021%20Reports/3_21_Res_Stats_Leg_Assem_0.pdf,"HAMILTON, Emily",Australian Labor Party,28935,24299,948,25247,87.25,12150,0,first,,,"HAMILTON, Emily",Australian Labor Party,15892
Joondalup,https://www.elections.wa.gov.au/elections/state-elections/reports/2021-state-election-results-and-statistics-report,https://www.elections.wa.gov.au/sites/default/files/content/SGE%202021/SGE%202021%20Reports/3_21_Res_Stats_Leg_Assem_0.pdf,"HAMILTON, Emily",Australian Labor Party,28935,24299,948,25247,87.25,12150,0,first,,,"INGHAM, Sheldon",Liberal Party,4756
Joondalup,https://www.elections.wa.gov.au/elections/state-elections/reports/2021-state-election-results-and-statistics-report,https://www.elections.wa.gov.au/sites/default/files/content/SGE%202021/SGE%202021%20Reports/3_21_Res_Stats_Leg_Assem_0.pdf,"HAMILTON, Emily",Australian Labor Party,28935,24299,948,25247,87.25,12150,0,first,,,"WATTS, Angelo",The Greens,1102
Joondalup,https://www.elections.wa.gov.au/elections/state-elections/reports/2021-state-election-results-and-statistics-report,https://www.elections.wa.gov.au/sites/default/files/content/SGE%202021/SGE%202021%20Reports/3_21_Res_Stats_Leg_Assem_0.pdf,"HAMILTON, Emily",Australian Labor Party,28935,24299,948,25247,87.25,12150,0,first,,,"HILDEBRANDT, Shanthi",Australian Christians,537
Joondalup,https://www.elections.wa.gov.au/elections/state-elections/reports/2021-state-election-results-and-statistics-report,https://www.elections.wa.gov.au/sites/default/files/content/SGE%202021/SGE%202021%20Reports/3_21_Res_Stats_Leg_Assem_0.pdf,"HAMILTON, Emily",Australian Labor Party,28935,24299,948,25247,87.25,12150,0,first,,,"MURPHY, Ziggi",Independent,484
Joondalup,https://www.elections.wa.gov.au/elections/state-elections/reports/2021-state-election-results-and-statistics-report,https://www.elections.wa.gov.au/sites/default/files/content/SGE%202021/SGE%202021%20Reports/3_21_Res_Stats_Leg_Assem_0.pdf,"HAMILTON, Emily",Australian Labor Party,28935,24299,948,25247,87.25,12150,0,first,,,"TREASURE, Bret",Legalise Cannabis Party WA,465
Joondalup,https://www.elections.wa.gov.au/elections/state-elections/reports/2021-state-election-results-and-statistics-report,https://www.elections.wa.gov.au/sites/default/files/content/SGE%202021/SGE%202021%20Reports/3_21_Res_Stats_Leg_Assem_0.pdf,"HAMILTON, Emily",Australian Labor Party,28935,24299,948,25247,87.25,12150,0,first,,,"DAVEY, Howard",NO MANDATORY VACCINATION,334
Joondalup,https://www.elections.wa.gov.au/elections/state-elections/reports/2021-state-election-results-and-statistics-report,https://www.elections.wa.gov.au/sites/default/files/content/SGE%202021/SGE%202021%20Reports/3_21_Res_Stats_Leg_Assem_0.pdf,"HAMILTON, Emily",Australian Labor Party,28935,24299,948,25247,87.25,12150,0,first,,,"McLOUGHLIN, Peter",Liberal Democrats,286
Joondalup,https://www.elections.wa.gov.au/elections/state-elections/reports/2021-state-election-results-and-statistics-report,https://www.elections.wa.gov.au/sites/default/files/content/SGE%202021/SGE%202021%20Reports/3_21_Res_Stats_Leg_Assem_0.pdf,"HAMILTON, Emily",Australian Labor Party,28935,24299,948,25247,87.25,12150,0,first,,,"RIKKERS, Jules",WAxit,240
Joondalup,https://www.elections.wa.gov.au/elections/state-elections/reports/2021-state-election-results-and-statistics-report,https://www.elections.wa.gov.au/sites/default/files/content/SGE%202021/SGE%202021%20Reports/3_21_Res_Stats_Leg_Assem_0.pdf,"HAMILTON, Emily",Australian Labor Party,28935,24299,948,25247,87.25,12150,0,first,,,"WESTCOTT, Peter",WESTERN AUSTRALIA PARTY,203
Joondalup,https://www.elections.wa.gov.au/elections/state-elections/reports/2021-state-election-results-and-statistics-report,https://www.elections.wa.gov.au/sites/default/files/content/SGE%202021/SGE%202021%20Reports/3_21_Res_Stats_Leg_Assem_0.pdf,"HAMILTON, Emily",Australian Labor Party,28935,24299,948,25247,87.25,12150,1,final,,,"HAMILTON, Emily",Australian Labor Party,18150
Joondalup,https://www.elections.wa.gov.au/elections/state-elections/reports/2021-state-election-results-and-statistics-report,https://www.elections.wa.gov.au/sites/default/files/content/SGE%202021/SGE%202021%20Reports/3_21_Res_Stats_Leg_Assem_0.pdf,"HAMILTON, Emily",Australian Labor Party,28935,24299,948,25247,87.25,12150,1,final,,,"INGHAM, Sheldon",Liberal Party,6137
Kalamunda,https://www.elections.wa.gov.au/elections/state-elections/reports/2021-state-election-results-and-statistics-report,https://www.elections.wa.gov.au/sites/default/files/content/SGE%202021/SGE%202021%20Reports/3_21_Res_Stats_Leg_Assem_0.pdf,"HUGHES, Matthew",Australian Labor Party,29541,25549,836,26385,89.32,12775,0,first,,,"HUGHES, Matthew",Australian Labor Party,13100
Kalamunda,https://www.elections.wa.gov.au/elections/state-elections/reports/2021-state-election-results-and-statistics-report,https://www.elections.wa.gov.au/sites/default/files/content/SGE%202021/SGE%202021%20Reports/3_21_Res_Stats_Leg_Assem_0.pdf,"HUGHES, Matthew",Australian Labor Party,29541,25549,836,26385,89.32,12775,0,first,,,"STALTARI, Liam",Liberal Party,8124
Kalamunda,https://www.elections.wa.gov.au/elections/state-elections/reports/2021-state-election-results-and-statistics-report,https://www.elections.wa.gov.au/sites/default/files/content/SGE%202021/SGE%202021%20Reports/3_21_Res_Stats_Leg_Assem_0.pdf,"HUGHES, Matthew",Australian Labor Party,29541,25549,836,26385,89.32,12775,0,first,,,"MILES, Lee-Anne",The Greens,2164
Kalamunda,https://www.elections.wa.gov.au/elections/state-elections/reports/2021-state-election-results-and-statistics-report,https://www.elections.wa.gov.au/sites/default/files/content/SGE%202021/SGE%202021%20Reports/3_21_Res_Stats_Leg_Assem_0.pdf,"HUGHES, Matthew",Australian Labor Party,29541,25549,836,26385,89.32,12775,0,first,,,"WILLIAMS, Brady",Australian Christians,651
Kalamunda,https://www.elections.wa.gov.au/elections/state-elections/reports/2021-state-election-results-and-statistics-report,https://www.elections.wa.gov.au/sites/default/files/content/SGE%202021/SGE%202021%20Reports/3_21_Res_Stats_Leg_Assem_0.pdf,"HUGHES, Matthew",Australian Labor Party,29541,25549,836,26385,89.32,12775,0,first,,,"FANE, Michael",NO MANDATORY VACCINATION,415
Kalamunda,https://www.elections.wa.gov.au/elections/state-elections/reports/2021-state-election-results-and-statistics-report,https://www.elections.wa.gov.au/sites/default/files/content/SGE%202021/SGE%202021%20Reports/3_21_Res_Stats_Leg_Assem_0.pdf,"HUGHES, Matthew",Australian Labor Party,29541,25549,836,26385,89.32,12775,0,first,,,"TRIGWELL, Carolyn",Liberal Democrats,382
Kalamunda,https://www.elections.wa.gov.au/elections/state-elections/reports/2021-state-election-results-and-statistics-report,https://www.elections.wa.gov.au/sites/default/files/content/SGE%202021/SGE%202021%20Reports/3_21_Res_Stats_Leg_Assem_0.pdf,"HUGHES, Matthew",Australian Labor Party,29541,25549,836,26385,89.32,12775,0,first,,,"BUTTERS, Maureen",Pauline Hanson's One Nation,372
Kalamunda,https://www.elections.wa.gov.au/elections/state-elections/reports/2021-state-election-results-and-statistics-report,https://www.elections.wa.gov.au/sites/default/files/content/SGE%202021/SGE%202021%20Reports/3_21_Res_Stats_Leg_Assem_0.pdf,"HUGHES, Matthew",Australian Labor Party,29541,25549,836,26385,89.32,12775,0,first,,,"PHELAN, Stephen Glenn",WESTERN AUSTRALIA PARTY,267
Kalamunda,https://www.elections.wa.gov.au/elections/state-elections/reports/2021-state-election-results-and-statistics-report,https://www.elections.wa.gov.au/sites/default/files/content/SGE%202021/SGE%202021%20Reports/3_21_Res_Stats_Leg_Assem_0.pdf,"HUGHES, Matthew",Australian Labor Party,29541,25549,836,26385,89.32,12775,0,first,,,"ELLIS, Robert",WAxit,74
Kalamunda,https://www.elections.wa.gov.au/elections/state-elections/reports/2021-state-election-results-and-statistics-report,https://www.elections.wa.gov.au/sites/default/files/content/SGE%202021/SGE%202021%20Reports/3_21_Res_Stats_Leg_Assem_0.pdf,"HUGHES, Matthew",Australian Labor Party,29541,25549,836,26385,89.32,12775,1,final,,,"HUGHES, Matthew",Australian Labor Party,15781
Kalamunda,https://www.elections.wa.gov.au/elections/state-elections/reports/2021-state-election-results-and-statistics-report,https://www.elections.wa.gov.au/sites/default/files/content/SGE%202021/SGE%202021%20Reports/3_21_Res_Stats_Leg_Assem_0.pdf,"HUGHES, Matthew",Australian Labor Party,29541,25549,836,26385,89.32,12775,1,final,,,"STALTARI, Liam",Liberal Party,9763
Kalgoorlie,https://www.elections.wa.gov.au/elections/state-elections/reports/2021-state-election-results-and-statistics-report,https://www.elections.wa.gov.au/sites/default/files/content/SGE%202021/SGE%202021%20Reports/3_21_Res_Stats_Leg_Assem_0.pdf,"KENT, Ali",Australian Labor Party,19651,14760,591,15351,78.12,7381,0,first,,,"KENT, Ali",Australian Labor Party,7782
Kalgoorlie,https://www.elections.wa.gov.au/elections/state-elections/reports/2021-state-election-results-and-statistics-report,https://www.elections.wa.gov.au/sites/default/files/content/SGE%202021/SGE%202021%20Reports/3_21_Res_Stats_Leg_Assem_0.pdf,"KENT, Ali",Australian Labor Party,19651,14760,591,15351,78.12,7381,0,first,,,"O'DONNELL, Kyran",Liberal Party,3695
Kalgoorlie,https://www.elections.wa.gov.au/elections/state-elections/reports/2021-state-election-results-and-statistics-report,https://www.elections.wa.gov.au/sites/default/files/content/SGE%202021/SGE%202021%20Reports/3_21_Res_Stats_Leg_Assem_0.pdf,"KENT, Ali",Australian Labor Party,19651,14760,591,15351,78.12,7381,0,first,,,"OLSEN, Rowena",The Nationals,1608
Kalgoorlie,https://www.elections.wa.gov.au/elections/state-elections/reports/2021-state-election-results-and-statistics-report,https://www.elections.wa.gov.au/sites/default/files/content/SGE%202021/SGE%202021%20Reports/3_21_Res_Stats_Leg_Assem_0.pdf,"KENT, Ali",Australian Labor Party,19651,14760,591,15351,78.12,7381,0,first,,,"REDREAU, Patrick",Pauline Hanson's One Nation,494
Kalgoorlie,https://www.elections.wa.gov.au/elections/state-elections/reports/2021-state-election-results-and-statistics-report,https://www.elections.wa.gov.au/sites/default/files/content/SGE%202021/SGE%202021%20Reports/3_21_Res_Stats_Leg_Assem_0.pdf,"KENT, Ali",Australian Labor Party,19651,14760,591,15351,78.12,7381,0,first,,,"CARMODY, Jack","Shooters, Fishers and Farmers",465
Kalgoorlie,https://www.elections.wa.gov.au/elections/state-elections/reports/2021-state-election-results-and-statistics-report,https://www.elections.wa.gov.au/sites/default/files/content/SGE%202021/SGE%202021%20Reports/3_21_Res_Stats_Leg_Assem_0.pdf,"KENT, Ali",Australian Labor Party,19651,14760,591,15351,78.12,7381,0,first,,,"WALLACE, Alex",The Greens,328
Kalgoorlie,https://www.elections.wa.gov.au/elections/state-elections/reports/2021-state-election-results-and-statistics-report,https://www.elections.wa.gov.au/sites/default/files/content/SGE%202021/SGE%202021%20Reports/3_21_Res_Stats_Leg_Assem_0.pdf,"KENT, Ali",Australian Labor Party,19651,14760,591,15351,78.12,7381,0,first,,,"RENNIE, Sam",Liberal Democrats,217
Kalgoorlie,https://www.elections.wa.gov.au/elections/state-elections/reports/2021-state-election-results-and-statistics-report,https://www.elections.wa.gov.au/sites/default/files/content/SGE%202021/SGE%202021%20Reports/3_21_Res_Stats_Leg_Assem_0.pdf,"KENT, Ali",Australian Labor Party,19651,14760,591,15351,78.12,7381,0,first,,,"PIAZZA, Enrico",NO MANDATORY VACCINATION,140
Kalgoorlie,https://www.elections.wa.gov.au/elections/state-elections/reports/2021-state-election-results-and-statistics-report,https://www.elections.wa.gov.au/sites/default/files/content/SGE%202021/SGE%202021%20Reports/3_21_Res_Stats_Leg_Assem_0.pdf,"KENT, Ali",Australian Labor Party,19651,14760,591,15351,78.12,7381,0,first,,,"BUYUKCAKAR, Rustu",WAxit,31
Kalgoorlie,https://www.elections.wa.gov.au/elections/state-elections/reports/2021-state-election-results-and-statistics-report,https://www.elections.wa.gov.au/sites/default/files/content/SGE%202021/SGE%202021%20Reports/3_21_Res_Stats_Leg_Assem_0.pdf,"KENT, Ali",Australian Labor Party,19651,14760,591,15351,78.12,7381,1,final,,,"KENT, Ali",Australian Labor Party,9152
Kalgoorlie,https://www.elections.wa.gov.au/elections/state-elections/reports/2021-state-election-results-and-statistics-report,https://www.elections.wa.gov.au/sites/default/files/content/SGE%202021/SGE%202021%20Reports/3_21_Res_Stats_Leg_Assem_0.pdf,"KENT, Ali",Australian Labor Party,19651,14760,591,15351,78.12,7381,1,final,,,"O'DONNELL, Kyran",Liberal Party,5601
Kimberley,https://www.elections.wa.gov.au/elections/state-elections/reports/2021-state-election-results-and-statistics-report,https://www.elections.wa.gov.au/sites/default/files/content/SGE%202021/SGE%202021%20Reports/3_21_Res_Stats_Leg_Assem_0.pdf,"D'ANNA, Divina",Australian Labor Party,15735,10665,410,11075,70.38,5333,0,first,,,"D'ANNA, Divina",Australian Labor Party,5747
Kimberley,https://www.elections.wa.gov.au/elections/state-elections/reports/2021-state-election-results-and-statistics-report,https://www.elections.wa.gov.au/sites/default/files/content/SGE%202021/SGE%202021%20Reports/3_21_Res_Stats_Leg_Assem_0.pdf,"D'ANNA, Divina",Australian Labor Party,15735,10665,410,11075,70.38,5333,0,first,,,"HAEREWA, Geoff",Liberal Party,2187
Kimberley,https://www.elections.wa.gov.au/elections/state-elections/reports/2021-state-election-results-and-statistics-report,https://www.elections.wa.gov.au/sites/default/files/content/SGE%202021/SGE%202021%20Reports/3_21_Res_Stats_Leg_Assem_0.pdf,"D'ANNA, Divina",Australian Labor Party,15735,10665,410,11075,70.38,5333,0,first,,,"PIGRAM, Naomi",The Greens,1601
Kimberley,https://www.elections.wa.gov.au/elections/state-elections/reports/2021-state-election-results-and-statistics-report,https://www.elections.wa.gov.au/sites/default/files/content/SGE%202021/SGE%202021%20Reports/3_21_Res_Stats_Leg_Assem_0.pdf,"D'ANNA, Divina",Australian Labor Party,15735,10665,410,11075,70.38,5333,0,first,,,"HILLS, Millie",The Nationals,658
Kimberley,https://www.elections.wa.gov.au/elections/state-elections/reports/2021-state-election-results-and-statistics-report,https://www.elections.wa.gov.au/sites/default/files/content/SGE%202021/SGE%202021%20Reports/3_21_Res_Stats_Leg_Assem_0.pdf,"D'ANNA, Divina",Australian Labor Party,15735,10665,410,11075,70.38,5333,0,first,,,"MODOLO, Roger",Pauline Hanson's One Nation,221
Kimberley,https://www.elections.wa.gov.au/elections/state-elections/reports/2021-state-election-results-and-statistics-report,https://www.elections.wa.gov.au/sites/default/files/content/SGE%202021/SGE%202021%20Reports/3_21_Res_Stats_Leg_Assem_0.pdf,"D'ANNA, Divina",Australian Labor Party,15735,10665,410,11075,70.38,5333,0,first,,,"JONES, Kai",Independent,98
Kimberley,https://www.elections.wa.gov.au/elections/state-elections/reports/2021-state-election-results-and-statistics-report,https://www.elections.wa.gov.au/sites/default/files/content/SGE%202021/SGE%202021%20Reports/3_21_Res_Stats_Leg_Assem_0.pdf,"D'ANNA, Divina",Australian Labor Party,15735,10665,410,11075,70.38,5333,0,first,,,"HERMAN, A",NO MANDATORY VACCINATION,85
Kimberley,https://www.elections.wa.gov.au/elections/state-elections/reports/2021-state-election-results-and-statistics-report,https://www.elections.wa.gov.au/sites/default/files/content/SGE%202021/SGE%202021%20Reports/3_21_Res_Stats_Leg_Assem_0.pdf,"D'ANNA, Divina",Australian Labor Party,15735,10665,410,11075,70.38,5333,0,first,,,"FEHLAUER, Karl Neil",WESTERN AUSTRALIA PARTY,68
Kimberley,https://www.elections.wa.gov.au/elections/state-elections/reports/2021-state-election-results-and-statistics-report,https://www.elections.wa.gov.au/sites/default/files/content/SGE%202021/SGE%202021%20Reports/3_21_Res_Stats_Leg_Assem_0.pdf,"D'ANNA, Divina",Australian Labor Party,15735,10665,410,11075,70.38,5333,1,final,,,"D'ANNA, Divina",Australian Labor Party,7618
Kimberley,https://www.elections.wa.gov.au/elections/state-elections/reports/2021-state-election-results-and-statistics-report,https://www.elections.wa.gov.au/sites/default/files/content/SGE%202021/SGE%202021%20Reports/3_21_Res_Stats_Leg_Assem_0.pdf,"D'ANNA, Divina",Australian Labor Party,15735,10665,410,11075,70.38,5333,1,final,,,"HAEREWA, Geoff",Liberal Party,3044
Kingsley,https://www.elections.wa.gov.au/elections/state-elections/reports/2021-state-election-results-and-statistics-report,https://www.elections.wa.gov.au/sites/default/files/content/SGE%202021/SGE%202021%20Reports/3_21_Res_Stats_Leg_Assem_0.pdf,"STOJKOVSKI, Jessica",Australian Labor Party,30057,26242,871,27113,90.21,13122,0,first,,,"STOJKOVSKI, Jessica",Australian Labor Party,15883
Kingsley,https://www.elections.wa.gov.au/elections/state-elections/reports/2021-state-election-results-and-statistics-report,https://www.elections.wa.gov.au/sites/default/files/content/SGE%202021/SGE%202021%20Reports/3_21_Res_Stats_Leg_Assem_0.pdf,"STOJKOVSKI, Jessica",Australian Labor Party,30057,26242,871,27113,90.21,13122,0,first,,,"EDWARDES, Scott",Liberal Party,7925
Kingsley,https://www.elections.wa.gov.au/elections/state-elections/reports/2021-state-election-results-and-statistics-report,https://www.elections.wa.gov.au/sites/default/files/content/SGE%202021/SGE%202021%20Reports/3_21_Res_Stats_Leg_Assem_0.pdf,"STOJKOVSKI, Jessica",Australian Labor Party,30057,26242,871,27113,90.21,13122,0,first,,,"TRIPP, Isabella",The Greens,1461
Kingsley,https://www.elections.wa.gov.au/elections/state-elections/reports/2021-state-election-results-and-statistics-report,https://www.elections.wa.gov.au/sites/default/files/content/SGE%202021/SGE%202021%20Reports/3_21_Res_Stats_Leg_Assem_0.pdf,"STOJKOVSKI, Jessica",Australian Labor Party,30057,26242,871,27113,90.21,13122,0,first,,,"WEBBER, Concetta",Pauline Hanson's One Nation,436
Kingsley,https://www.elections.wa.gov.au/elections/state-elections/reports/2021-state-election-results-and-statistics-report,https://www.elections.wa.gov.au/sites/default/files/content/SGE%202021/SGE%202021%20Reports/3_21_Res_Stats_Leg_Assem_0.pdf,"STOJKOVSKI, Jessica",Australian Labor Party,30057,26242,871,27113,90.21,13122,0,first,,,"CRAWFORD, Lynda",NO MANDATORY VACCINATION,373
Kingsley,https://www.elections.wa.gov.au/elections/state-elections/reports/2021-state-election-results-and-statistics-report,https://www.elections.wa.gov.au/sites/default/files/content/SGE%202021/SGE%202021%20Reports/3_21_Res_Stats_Leg_Assem_0.pdf,"STOJKOVSKI, Jessica",Australian Labor Party,30057,26242,871,27113,90.21,13122,0,first,,,"McGARRY, Dianne Kerry",WAxit,164
Kingsley,https://www.elections.wa.gov.au/elections/state-elections/reports/2021-state-election-results-and-statistics-report,https://www.elections.wa.gov.au/sites/default/files/content/SGE%202021/SGE%202021%20Reports/3_21_Res_Stats_Leg_Assem_0.pdf,"STOJKOVSKI, Jessica",Australian Labor Party,30057,26242,871,27113,90.21,13122,1,final,,,"STOJKOVSKI, Jessica",Australian Labor Party,17548
Kingsley,https://www.elections.wa.gov.au/elections/state-elections/reports/2021-state-election-results-and-statistics-report,https://www.elections.wa.gov.au/sites/default/files/content/SGE%202021/SGE%202021%20Reports/3_21_Res_Stats_Leg_Assem_0.pdf,"STOJKOVSKI, Jessica",Australian Labor Party,30057,26242,871,27113,90.21,13122,1,final,,,"EDWARDES, Scott",Liberal Party,8687
Kwinana,https://www.elections.wa.gov.au/elections/state-elections/reports/2021-state-election-results-and-statistics-report,https://www.elections.wa.gov.au/sites/default/files/content/SGE%202021/SGE%202021%20Reports/3_21_Res_Stats_Leg_Assem_0.pdf,"COOK, Roger",Australian Labor Party,28992,23310,949,24259,83.67,11656,0,first,,,"COOK, Roger",Australian Labor Party,17936
Kwinana,https://www.elections.wa.gov.au/elections/state-elections/reports/2021-state-election-results-and-statistics-report,https://www.elections.wa.gov.au/sites/default/files/content/SGE%202021/SGE%202021%20Reports/3_21_Res_Stats_Leg_Assem_0.pdf,"COOK, Roger",Australian Labor Party,28992,23310,949,24259,83.67,11656,0,first,,,"TALBOT, Bianca",Liberal Party,2533
Kwinana,https://www.elections.wa.gov.au/elections/state-elections/reports/2021-state-election-results-and-statistics-report,https://www.elections.wa.gov.au/sites/default/files/content/SGE%202021/SGE%202021%20Reports/3_21_Res_Stats_Leg_Assem_0.pdf,"COOK, Roger",Australian Labor Party,28992,23310,949,24259,83.67,11656,0,first,,,"RICKERT, Lauren",The Greens,1189
Kwinana,https://www.elections.wa.gov.au/elections/state-elections/reports/2021-state-election-results-and-statistics-report,https://www.elections.wa.gov.au/sites/default/files/content/SGE%202021/SGE%202021%20Reports/3_21_Res_Stats_Leg_Assem_0.pdf,"COOK, Roger",Australian Labor Party,28992,23310,949,24259,83.67,11656,0,first,,,"SUMMERELL, Steven",Pauline Hanson's One Nation,699
Kwinana,https://www.elections.wa.gov.au/elections/state-elections/reports/2021-state-election-results-and-statistics-report,https://www.elections.wa.gov.au/sites/default/files/content/SGE%202021/SGE%202021%20Reports/3_21_Res_Stats_Leg_Assem_0.pdf,"COOK, Roger",Australian Labor Party,28992,23310,949,24259,83.67,11656,0,first,,,"PORTELLI, Connie",NO MANDATORY VACCINATION,405
Kwinana,https://www.elections.wa.gov.au/elections/state-elections/reports/2021-state-election-results-and-statistics-report,https://www.elections.wa.gov.au/sites/default/files/content/SGE%202021/SGE%202021%20Reports/3_21_Res_Stats_Leg_Assem_0.pdf,"COOK, Roger",Australian Labor Party,28992,23310,949,24259,83.67,11656,0,first,,,"BURNET, Christopher",WAxit,208
Kwinana,https://www.elections.wa.gov.au/elections/state-elections/reports/2021-state-election-results-and-statistics-report,https://www.elections.wa.gov.au/sites/default/files/content/SGE%202021/SGE%202021%20Reports/3_21_Res_Stats_Leg_Assem_0.pdf,"COOK, Roger",Australian Labor Party,28992,23310,949,24259,83.67,11656,0,first,,,"VELLNAGEL, Christopher",Liberal Democrats,175
Kwinana,https://www.elections.wa.gov.au/elections/state-elections/reports/2021-state-election-results-and-statistics-report,https://www.elections.wa.gov.au/sites/default/files/content/SGE%202021/SGE%202021%20Reports/3_21_Res_Stats_Leg_Assem_0.pdf,"COOK, Roger",Australian Labor Party,28992,23310,949,24259,83.67,11656,0,first,,,"DEVARAPALLI, Venkat",WESTERN AUSTRALIA PARTY,165
Kwinana,https://www.elections.wa.gov.au/elections/state-elections/reports/2021-state-election-results-and-statistics-report,https://www.elections.wa.gov.au/sites/default/files/content/SGE%202021/SGE%202021%20Reports/3_21_Res_Stats_Leg_Assem_0.pdf,"COOK, Roger",Australian Labor Party,28992,23310,949,24259,83.67,11656,1,final,,,"COOK, Roger",Australian Labor Party,19754
Kwinana,https://www.elections.wa.gov.au/elections/state-elections/reports/2021-state-election-results-and-statistics-report,https://www.elections.wa.gov.au/sites/default/files/content/SGE%202021/SGE%202021%20Reports/3_21_Res_Stats_Leg_Assem_0.pdf,"COOK, Roger",Australian Labor Party,28992,23310,949,24259,83.67,11656,1,final,,,"TALBOT, Bianca",Liberal Party,3550
Landsdale,https://www.elections.wa.gov.au/elections/state-elections/reports/2021-state-election-results-and-statistics-report,https://www.elections.wa.gov.au/sites/default/files/content/SGE%202021/SGE%202021%20Reports/3_21_Res_Stats_Leg_Assem_0.pdf,"QUIRK, Margaret",Australian Labor Party,31040,26293,1183,27476,88.52,13147,0,first,,,"QUIRK, Margaret",Australian Labor Party,18217
Landsdale,https://www.elections.wa.gov.au/elections/state-elections/reports/2021-state-election-results-and-statistics-report,https://www.elections.wa.gov.au/sites/default/files/content/SGE%202021/SGE%202021%20Reports/3_21_Res_Stats_Leg_Assem_0.pdf,"QUIRK, Margaret",Australian Labor Party,31040,26293,1183,27476,88.52,13147,0,first,,,"RAPONI, Brett",Liberal Party,5293
Landsdale,https://www.elections.wa.gov.au/elections/state-elections/reports/2021-state-election-results-and-statistics-report,https://www.elections.wa.gov.au/sites/default/files/content/SGE%202021/SGE%202021%20Reports/3_21_Res_Stats_Leg_Assem_0.pdf,"QUIRK, Margaret",Australian Labor Party,31040,26293,1183,27476,88.52,13147,0,first,,,"HOUSE, Katrina",The Greens,1090
Landsdale,https://www.elections.wa.gov.au/elections/state-elections/reports/2021-state-election-results-and-statistics-report,https://www.elections.wa.gov.au/sites/default/files/content/SGE%202021/SGE%202021%20Reports/3_21_Res_Stats_Leg_Assem_0.pdf,"QUIRK, Margaret",Australian Labor Party,31040,26293,1183,27476,88.52,13147,0,first,,,"DESAI, Shailee Mitesh",WESTERN AUSTRALIA PARTY,878
Landsdale,https://www.elections.wa.gov.au/elections/state-elections/reports/2021-state-election-results-and-statistics-report,https://www.elections.wa.gov.au/sites/default/files/content/SGE%202021/SGE%202021%20Reports/3_21_Res_Stats_Leg_Assem_0.pdf,"QUIRK, Margaret",Australian Labor Party,31040,26293,1183,27476,88.52,13147,0,first,,,"BEEDHAM, Leah",NO MANDATORY VACCINATION,579
Landsdale,https://www.elections.wa.gov.au/elections/state-elections/reports/2021-state-election-results-and-statistics-report,https://www.elections.wa.gov.au/sites/default/files/content/SGE%202021/SGE%202021%20Reports/3_21_Res_Stats_Leg_Assem_0.pdf,"QUIRK, Margaret",Australian Labor Party,31040,26293,1183,27476,88.52,13147,0,first,,,"DOOBREE, Sareeta",WAxit,236
Landsdale,https://www.elections.wa.gov.au/elections/state-elections/reports/2021-state-election-results-and-statistics-report,https://www.elections.wa.gov.au/sites/default/files/content/SGE%202021/SGE%202021%20Reports/3_21_Res_Stats_Leg_Assem_0.pdf,"QUIRK, Margaret",Australian Labor Party,31040,26293,1183,27476,88.52,13147,1,final,,,"QUIRK, Margaret",Australian Labor Party,19820
Landsdale,https://www.elections.wa.gov.au/elections/state-elections/reports/2021-state-election-results-and-statistics-report,https://www.elections.wa.gov.au/sites/default/files/content/SGE%202021/SGE%202021%20Reports/3_21_Res_Stats_Leg_Assem_0.pdf,"QUIRK, Margaret",Australian Labor Party,31040,26293,1183,27476,88.52,13147,1,final,,,"RAPONI, Brett",Liberal Party,6471
Mandurah,https://www.elections.wa.gov.au/elections/state-elections/reports/2021-state-election-results-and-statistics-report,https://www.elections.wa.gov.au/sites/default/files/content/SGE%202021/SGE%202021%20Reports/3_21_Res_Stats_Leg_Assem_0.pdf,"TEMPLEMAN, David",Australian Labor Party,31445,24420,1386,25806,82.07,12211,0,first,,,"TEMPLEMAN, David",Australian Labor Party,16776
Mandurah,https://www.elections.wa.gov.au/elections/state-elections/reports/2021-state-election-results-and-statistics-report,https://www.elections.wa.gov.au/sites/default/files/content/SGE%202021/SGE%202021%20Reports/3_21_Res_Stats_Leg_Assem_0.pdf,"TEMPLEMAN, David",Australian Labor Party,31445,24420,1386,25806,82.07,12211,0,first,,,"BURNS, Ryan",Liberal Party,4875
Mandurah,https://www.elections.wa.gov.au/elections/state-elections/reports/2021-state-election-results-and-statistics-report,https://www.elections.wa.gov.au/sites/default/files/content/SGE%202021/SGE%202021%20Reports/3_21_Res_Stats_Leg_Assem_0.pdf,"TEMPLEMAN, David",Australian Labor Party,31445,24420,1386,25806,82.07,12211,0,first,,,"TURNER, Xanthe",The Greens,726
Mandurah,https://www.elections.wa.gov.au/elections/state-elections/reports/2021-state-election-results-and-statistics-report,https://www.elections.wa.gov.au/sites/default/files/content/SGE%202021/SGE%202021%20Reports/3_21_Res_Stats_Leg_Assem_0.pdf,"TEMPLEMAN, David",Australian Labor Party,31445,24420,1386,25806,82.07,12211,0,first,,,"BLEVIN, Ian","Shooters, Fishers and Farmers",531
Mandurah,https://www.elections.wa.gov.au/elections/state-elections/reports/2021-state-election-results-and-statistics-report,https://www.elections.wa.gov.au/sites/default/files/content/SGE%202021/SGE%202021%20Reports/3_21_Res_Stats_Leg_Assem_0.pdf,"TEMPLEMAN, David",Australian Labor Party,31445,24420,1386,25806,82.07,12211,0,first,,,"BEATON, Rodney",Legalise Cannabis Party WA,412
Mandurah,https://www.elections.wa.gov.au/elections/state-elections/reports/2021-state-election-results-and-statistics-report,https://www.elections.wa.gov.au/sites/default/files/content/SGE%202021/SGE%202021%20Reports/3_21_Res_Stats_Leg_Assem_0.pdf,"TEMPLEMAN, David",Australian Labor Party,31445,24420,1386,25806,82.07,12211,0,first,,,"REGTERSCHOT, Haydn",Pauline Hanson's One Nation,388
Mandurah,https://www.elections.wa.gov.au/elections/state-elections/reports/2021-state-election-results-and-statistics-report,https://www.elections.wa.gov.au/sites/default/files/content/SGE%202021/SGE%202021%20Reports/3_21_Res_Stats_Leg_Assem_0.pdf,"TEMPLEMAN, David",Australian Labor Party,31445,24420,1386,25806,82.07,12211,0,first,,,"SPINOLA, Samy",NO MANDATORY VACCINATION,214
Mandurah,https://www.elections.wa.gov.au/elections/state-elections/reports/2021-state-election-results-and-statistics-report,https://www.elections.wa.gov.au/sites/default/files/content/SGE%202021/SGE%202021%20Reports/3_21_Res_Stats_Leg_Assem_0.pdf,"TEMPLEMAN, David",Australian Labor Party,31445,24420,1386,25806,82.07,12211,0,first,,,"FARBEY, Gavin",Independent,177
Mandurah,https://www.elections.wa.gov.au/elections/state-elections/reports/2021-state-election-results-and-statistics-report,https://www.elections.wa.gov.au/sites/default/files/content/SGE%202021/SGE%202021%20Reports/3_21_Res_Stats_Leg_Assem_0.pdf,"TEMPLEMAN, David",Australian Labor Party,31445,24420,1386,25806,82.07,12211,0,first,,,"ORTHEIL, Cons",The Nationals,144
Mandurah,https://www.elections.wa.gov.au/elections/state-elections/reports/2021-state-election-results-and-statistics-report,https://www.elections.wa.gov.au/sites/default/files/content/SGE%202021/SGE%202021%20Reports/3_21_Res_Stats_Leg_Assem_0.pdf,"TEMPLEMAN, David",Australian Labor Party,31445,24420,1386,25806,82.07,12211,0,first,,,"SUMMERS, Katherine",SUSTAINABLE AUSTRALIA PARTY - STOP OVERDEVELOPMENT / CORRUPTION,117
Mandurah,https://www.elections.wa.gov.au/elections/state-elections/reports/2021-state-election-results-and-statistics-report,https://www.elections.wa.gov.au/sites/default/files/content/SGE%202021/SGE%202021%20Reports/3_21_Res_Stats_Leg_Assem_0.pdf,"TEMPLEMAN, David",Australian Labor Party,31445,24420,1386,25806,82.07,12211,0,first,,,"TIMIS, Marius",WAxit,60
Mandurah,https://www.elections.wa.gov.au/elections/state-elections/reports/2021-state-election-results-and-statistics-report,https://www.elections.wa.gov.au/sites/default/files/content/SGE%202021/SGE%202021%20Reports/3_21_Res_Stats_Leg_Assem_0.pdf,"TEMPLEMAN, David",Australian Labor Party,31445,24420,1386,25806,82.07,12211,1,final,,,"TEMPLEMAN, David",Australian Labor Party,18368
Mandurah,https://www.elections.wa.gov.au/elections/state-elections/reports/2021-state-election-results-and-statistics-report,https://www.elections.wa.gov.au/sites/default/files/content/SGE%202021/SGE%202021%20Reports/3_21_Res_Stats_Leg_Assem_0.pdf,"TEMPLEMAN, David",Australian Labor Party,31445,24420,1386,25806,82.07,12211,1,final,,,"BURNS, Ryan",Liberal Party,6049
Maylands,https://www.elections.wa.gov.au/elections/state-elections/reports/2021-state-election-results-and-statistics-report,https://www.elections.wa.gov.au/sites/default/files/content/SGE%202021/SGE%202021%20Reports/3_21_Res_Stats_Leg_Assem_0.pdf,"BAKER, Lisa",Australian Labor Party,29731,24678,918,25596,86.09,12340,0,first,,,"BAKER, Lisa",Australian Labor Party,15303
Maylands,https://www.elections.wa.gov.au/elections/state-elections/reports/2021-state-election-results-and-statistics-report,https://www.elections.wa.gov.au/sites/default/files/content/SGE%202021/SGE%202021%20Reports/3_21_Res_Stats_Leg_Assem_0.pdf,"BAKER, Lisa",Australian Labor Party,29731,24678,918,25596,86.09,12340,0,first,,,"PRINGLE, Emma",The Greens,3985
Maylands,https://www.elections.wa.gov.au/elections/state-elections/reports/2021-state-election-results-and-statistics-report,https://www.elections.wa.gov.au/sites/default/files/content/SGE%202021/SGE%202021%20Reports/3_21_Res_Stats_Leg_Assem_0.pdf,"BAKER, Lisa",Australian Labor Party,29731,24678,918,25596,86.09,12340,0,first,,,"IEMMA, Justin",Liberal Party,3848
Maylands,https://www.elections.wa.gov.au/elections/state-elections/reports/2021-state-election-results-and-statistics-report,https://www.elections.wa.gov.au/sites/default/files/content/SGE%202021/SGE%202021%20Reports/3_21_Res_Stats_Leg_Assem_0.pdf,"BAKER, Lisa",Australian Labor Party,29731,24678,918,25596,86.09,12340,0,first,,,"ADDINK, Carmel",NO MANDATORY VACCINATION,528
Maylands,https://www.elections.wa.gov.au/elections/state-elections/reports/2021-state-election-results-and-statistics-report,https://www.elections.wa.gov.au/sites/default/files/content/SGE%202021/SGE%202021%20Reports/3_21_Res_Stats_Leg_Assem_0.pdf,"BAKER, Lisa",Australian Labor Party,29731,24678,918,25596,86.09,12340,0,first,,,"BURNETT, Gaye",Australian Christians,449
Maylands,https://www.elections.wa.gov.au/elections/state-elections/reports/2021-state-election-results-and-statistics-report,https://www.elections.wa.gov.au/sites/default/files/content/SGE%202021/SGE%202021%20Reports/3_21_Res_Stats_Leg_Assem_0.pdf,"BAKER, Lisa",Australian Labor Party,29731,24678,918,25596,86.09,12340,0,first,,,"ANDREEVA, Maria",Pauline Hanson's One Nation,339
Maylands,https://www.elections.wa.gov.au/elections/state-elections/reports/2021-state-election-results-and-statistics-report,https://www.elections.wa.gov.au/sites/default/files/content/SGE%202021/SGE%202021%20Reports/3_21_Res_Stats_Leg_Assem_0.pdf,"BAKER, Lisa",Australian Labor Party,29731,24678,918,25596,86.09,12340,0,first,,,"BAKER, Peter",WAxit,226
Maylands,https://www.elections.wa.gov.au/elections/state-elections/reports/2021-state-election-results-and-statistics-report,https://www.elections.wa.gov.au/sites/default/files/content/SGE%202021/SGE%202021%20Reports/3_21_Res_Stats_Leg_Assem_0.pdf,"BAKER, Lisa",Australian Labor Party,29731,24678,918,25596,86.09,12340,1,final,,,"BAKER, Lisa",Australian Labor Party,19566
Maylands,https://www.elections.wa.gov.au/elections/state-elections/reports/2021-state-election-results-and-statistics-report,https://www.elections.wa.gov.au/sites/default/files/content/SGE%202021/SGE%202021%20Reports/3_21_Res_Stats_Leg_Assem_0.pdf,"BAKER, Lisa",Australian Labor Party,29731,24678,918,25596,86.09,12340,1,final,,,"IEMMA, Justin",Liberal Party,5103
Midland,https://www.elections.wa.gov.au/elections/state-elections/reports/2021-state-election-results-and-statistics-report,https://www.elections.wa.gov.au/sites/default/files/content/SGE%202021/SGE%202021%20Reports/3_21_Res_Stats_Leg_Assem_0.pdf,"ROBERTS, Michelle",Australian Labor Party,31623,25366,1169,26535,83.91,12684,0,first,,,"ROBERTS, Michelle",Australian Labor Party,16684
Midland,https://www.elections.wa.gov.au/elections/state-elections/reports/2021-state-election-results-and-statistics-report,https://www.elections.wa.gov.au/sites/default/files/content/SGE%202021/SGE%202021%20Reports/3_21_Res_Stats_Leg_Assem_0.pdf,"ROBERTS, Michelle",Australian Labor Party,31623,25366,1169,26535,83.91,12684,0,first,,,"CICCHINI, Jo",Liberal Party,4892
Midland,https://www.elections.wa.gov.au/elections/state-elections/reports/2021-state-election-results-and-statistics-report,https://www.elections.wa.gov.au/sites/default/files/content/SGE%202021/SGE%202021%20Reports/3_21_Res_Stats_Leg_Assem_0.pdf,"ROBERTS, Michelle",Australian Labor Party,31623,25366,1169,26535,83.91,12684,0,first,,,"STURCKE, Brendan",The Greens,1697
Midland,https://www.elections.wa.gov.au/elections/state-elections/reports/2021-state-election-results-and-statistics-report,https://www.elections.wa.gov.au/sites/default/files/content/SGE%202021/SGE%202021%20Reports/3_21_Res_Stats_Leg_Assem_0.pdf,"ROBERTS, Michelle",Australian Labor Party,31623,25366,1169,26535,83.91,12684,0,first,,,"NABATE, Ester",Australian Christians,685
Midland,https://www.elections.wa.gov.au/elections/state-elections/reports/2021-state-election-results-and-statistics-report,https://www.elections.wa.gov.au/sites/default/files/content/SGE%202021/SGE%202021%20Reports/3_21_Res_Stats_Leg_Assem_0.pdf,"ROBERTS, Michelle",Australian Labor Party,31623,25366,1169,26535,83.91,12684,0,first,,,"OLOW, Teresa",Pauline Hanson's One Nation,545
Midland,https://www.elections.wa.gov.au/elections/state-elections/reports/2021-state-election-results-and-statistics-report,https://www.elections.wa.gov.au/sites/default/files/content/SGE%202021/SGE%202021%20Reports/3_21_Res_Stats_Leg_Assem_0.pdf,"ROBERTS, Michelle",Australian Labor Party,31623,25366,1169,26535,83.91,12684,0,first,,,"KELLY, Steve",NO MANDATORY VACCINATION,399
Midland,https://www.elections.wa.gov.au/elections/state-elections/reports/2021-state-election-results-and-statistics-report,https://www.elections.wa.gov.au/sites/default/files/content/SGE%202021/SGE%202021%20Reports/3_21_Res_Stats_Leg_Assem_0.pdf,"ROBERTS, Michelle",Australian Labor Party,31623,25366,1169,26535,83.91,12684,0,first,,,"BEDFORD, Brad",WESTERN AUSTRALIA PARTY,360
Midland,https://www.elections.wa.gov.au/elections/state-elections/reports/2021-state-election-results-and-statistics-report,https://www.elections.wa.gov.au/sites/default/files/content/SGE%202021/SGE%202021%20Reports/3_21_Res_Stats_Leg_Assem_0.pdf,"ROBERTS, Michelle",Australian Labor Party,31623,25366,1169,26535,83.91,12684,0,first,,,"BHASIN, Mohit",WAxit,104
Midland,https://www.elections.wa.gov.au/elections/state-elections/reports/2021-state-election-results-and-statistics-report,https://www.elections.wa.gov.au/sites/default/files/content/SGE%202021/SGE%202021%20Reports/3_21_Res_Stats_Leg_Assem_0.pdf,"ROBERTS, Michelle",Australian Labor Party,31623,25366,1169,26535,83.91,12684,1,final,,,"ROBERTS, Michelle",Australian Labor Party,19131
Midland,https://www.elections.wa.gov.au/elections/state-elections/reports/2021-state-election-results-and-statistics-report,https://www.elections.wa.gov.au/sites/default/files/content/SGE%202021/SGE%202021%20Reports/3_21_Res_Stats_Leg_Assem_0.pdf,"ROBERTS, Michelle",Australian Labor Party,31623,25366,1169,26535,83.91,12684,1,final,,,"CICCHINI, Jo",Liberal Party,6221
Mirrabooka,https://www.elections.wa.gov.au/elections/state-elections/reports/2021-state-election-results-and-statistics-report,https://www.elections.wa.gov.au/sites/default/files/content/SGE%202021/SGE%202021%20Reports/3_21_Res_Stats_Leg_Assem_0.pdf,"HAMMAT, Meredith",Australian Labor Party,29946,22585,1760,24345,81.3,11293,0,first,,,"HAMMAT, Meredith",Australian Labor Party,16173
Mirrabooka,https://www.elections.wa.gov.au/elections/state-elections/reports/2021-state-election-results-and-statistics-report,https://www.elections.wa.gov.au/sites/default/files/content/SGE%202021/SGE%202021%20Reports/3_21_Res_Stats_Leg_Assem_0.pdf,"HAMMAT, Meredith",Australian Labor Party,29946,22585,1760,24345,81.3,11293,0,first,,,"SAWMADAL, Aaron",Liberal Party,2276
Mirrabooka,https://www.elections.wa.gov.au/elections/state-elections/reports/2021-state-election-results-and-statistics-report,https://www.elections.wa.gov.au/sites/default/files/content/SGE%202021/SGE%202021%20Reports/3_21_Res_Stats_Leg_Assem_0.pdf,"HAMMAT, Meredith",Australian Labor Party,29946,22585,1760,24345,81.3,11293,0,first,,,"COOPER, Mark",The Greens,1333
Mirrabooka,https://www.elections.wa.gov.au/elections/state-elections/reports/2021-state-election-results-and-statistics-report,https://www.elections.wa.gov.au/sites/default/files/content/SGE%202021/SGE%202021%20Reports/3_21_Res_Stats_Leg_Assem_0.pdf,"HAMMAT, Meredith",Australian Labor Party,29946,22585,1760,24345,81.3,11293,0,first,,,"MABOOD, Michael",Pauline Hanson's One Nation,939
Mirrabooka,https://www.elections.wa.gov.au/elections/state-elections/reports/2021-state-election-results-and-statistics-report,https://www.elections.wa.gov.au/sites/default/files/content/SGE%202021/SGE%202021%20Reports/3_21_Res_Stats_Leg_Assem_0.pdf,"HAMMAT, Meredith",Australian Labor Party,29946,22585,1760,24345,81.3,11293,0,first,,,"RANDALL, Dwight",Australian Christians,790
Mirrabooka,https://www.elections.wa.gov.au/elections/state-elections/reports/2021-state-election-results-and-statistics-report,https://www.elections.wa.gov.au/sites/default/files/content/SGE%202021/SGE%202021%20Reports/3_21_Res_Stats_Leg_Assem_0.pdf,"HAMMAT, Meredith",Australian Labor Party,29946,22585,1760,24345,81.3,11293,0,first,,,"AYRE, Jessica",NO MANDATORY VACCINATION,477
Mirrabooka,https://www.elections.wa.gov.au/elections/state-elections/reports/2021-state-election-results-and-statistics-report,https://www.elections.wa.gov.au/sites/default/files/content/SGE%202021/SGE%202021%20Reports/3_21_Res_Stats_Leg_Assem_0.pdf,"HAMMAT, Meredith",Australian Labor Party,29946,22585,1760,24345,81.3,11293,0,first,,,"DUNNE, Peter",Independent,257
Mirrabooka,https://www.elections.wa.gov.au/elections/state-elections/reports/2021-state-election-results-and-statistics-report,https://www.elections.wa.gov.au/sites/default/files/content/SGE%202021/SGE%202021%20Reports/3_21_Res_Stats_Leg_Assem_0.pdf,"HAMMAT, Meredith",Australian Labor Party,29946,22585,1760,24345,81.3,11293,0,first,,,"MUBARAK, Kim",Independent,200
Mirrabooka,https://www.elections.wa.gov.au/elections/state-elections/reports/2021-state-election-results-and-statistics-report,https://www.elections.wa.gov.au/sites/default/files/content/SGE%202021/SGE%202021%20Reports/3_21_Res_Stats_Leg_Assem_0.pdf,"HAMMAT, Meredith",Australian Labor Party,29946,22585,1760,24345,81.3,11293,0,first,,,"CHHINA, Devinder",WAxit,140
Mirrabooka,https://www.elections.wa.gov.au/elections/state-elections/reports/2021-state-election-results-and-statistics-report,https://www.elections.wa.gov.au/sites/default/files/content/SGE%202021/SGE%202021%20Reports/3_21_Res_Stats_Leg_Assem_0.pdf,"HAMMAT, Meredith",Australian Labor Party,29946,22585,1760,24345,81.3,11293,1,final,,,"HAMMAT, Meredith",Australian Labor Party,18878
Mirrabooka,https://www.elections.wa.gov.au/elections/state-elections/reports/2021-state-election-results-and-statistics-report,https://www.elections.wa.gov.au/sites/default/files/content/SGE%202021/SGE%202021%20Reports/3_21_Res_Stats_Leg_Assem_0.pdf,"HAMMAT, Meredith",Australian Labor Party,29946,22585,1760,24345,81.3,11293,1,final,,,"SAWMADAL, Aaron",Liberal Party,3676
Moore,https://www.elections.wa.gov.au/elections/state-elections/reports/2021-state-election-results-and-statistics-report,https://www.elections.wa.gov.au/sites/default/files/content/SGE%202021/SGE%202021%20Reports/3_21_Res_Stats_Leg_Assem_0.pdf,"LOVE, Shane",The Nationals,26014,22006,855,22861,87.88,11004,0,first,,,"LOVE, Shane",The Nationals,8353
Moore,https://www.elections.wa.gov.au/elections/state-elections/reports/2021-state-election-results-and-statistics-report,https://www.elections.wa.gov.au/sites/default/files/content/SGE%202021/SGE%202021%20Reports/3_21_Res_Stats_Leg_Assem_0.pdf,"LOVE, Shane",The Nationals,26014,22006,855,22861,87.88,11004,0,first,,,"NORTON, Barni",Australian Labor Party,7432
Moore,https://www.elections.wa.gov.au/elections/state-elections/reports/2021-state-election-results-and-statistics-report,https://www.elections.wa.gov.au/sites/default/files/content/SGE%202021/SGE%202021%20Reports/3_21_Res_Stats_Leg_Assem_0.pdf,"LOVE, Shane",The Nationals,26014,22006,855,22861,87.88,11004,0,first,,,"SLYNS, Darren",Liberal Party,3701
Moore,https://www.elections.wa.gov.au/elections/state-elections/reports/2021-state-election-results-and-statistics-report,https://www.elections.wa.gov.au/sites/default/files/content/SGE%202021/SGE%202021%20Reports/3_21_Res_Stats_Leg_Assem_0.pdf,"LOVE, Shane",The Nationals,26014,22006,855,22861,87.88,11004,0,first,,,"WILLIAMSON, Ross","Shooters, Fishers and Farmers",984
Moore,https://www.elections.wa.gov.au/elections/state-elections/reports/2021-state-election-results-and-statistics-report,https://www.elections.wa.gov.au/sites/default/files/content/SGE%202021/SGE%202021%20Reports/3_21_Res_Stats_Leg_Assem_0.pdf,"LOVE, Shane",The Nationals,26014,22006,855,22861,87.88,11004,0,first,,,"SPITTLES, Brian",The Greens,638
Moore,https://www.elections.wa.gov.au/elections/state-elections/reports/2021-state-election-results-and-statistics-report,https://www.elections.wa.gov.au/sites/default/files/content/SGE%202021/SGE%202021%20Reports/3_21_Res_Stats_Leg_Assem_0.pdf,"LOVE, Shane",The Nationals,26014,22006,855,22861,87.88,11004,0,first,,,"FRIZZELL, Ian Henry",Pauline Hanson's One Nation,579
Moore,https://www.elections.wa.gov.au/elections/state-elections/reports/2021-state-election-results-and-statistics-report,https://www.elections.wa.gov.au/sites/default/files/content/SGE%202021/SGE%202021%20Reports/3_21_Res_Stats_Leg_Assem_0.pdf,"LOVE, Shane",The Nationals,26014,22006,855,22861,87.88,11004,0,first,,,"ASMUTAITIS, T",NO MANDATORY VACCINATION,233
Moore,https://www.elections.wa.gov.au/elections/state-elections/reports/2021-state-election-results-and-statistics-report,https://www.elections.wa.gov.au/sites/default/files/content/SGE%202021/SGE%202021%20Reports/3_21_Res_Stats_Leg_Assem_0.pdf,"LOVE, Shane",The Nationals,26014,22006,855,22861,87.88,11004,0,first,,,"BANKA, Richard",WAxit,86
Moore,https://www.elections.wa.gov.au/elections/state-elections/reports/2021-state-election-results-and-statistics-report,https://www.elections.wa.gov.au/sites/default/files/content/SGE%202021/SGE%202021%20Reports/3_21_Res_Stats_Leg_Assem_0.pdf,"LOVE, Shane",The Nationals,26014,22006,855,22861,87.88,11004,1,final,,,"LOVE, Shane",The Nationals,12870
Moore,https://www.elections.wa.gov.au/elections/state-elections/reports/2021-state-election-results-and-statistics-report,https://www.elections.wa.gov.au/sites/default/files/content/SGE%202021/SGE%202021%20Reports/3_21_Res_Stats_Leg_Assem_0.pdf,"LOVE, Shane",The Nationals,26014,22006,855,22861,87.88,11004,1,final,,,"NORTON, Barni",Australian Labor Party,9132
Morley,https://www.elections.wa.gov.au/elections/state-elections/reports/2021-state-election-results-and-statistics-report,https://www.elections.wa.gov.au/sites/default/files/content/SGE%202021/SGE%202021%20Reports/3_21_Res_Stats_Leg_Assem_0.pdf,"SANDERSON, Amber-Jade",Australian Labor Party,30130,24783,1176,25959,86.16,12392,0,first,,,"SANDERSON, Amber-Jade",Australian Labor Party,17447
Morley,https://www.elections.wa.gov.au/elections/state-elections/reports/2021-state-election-results-and-statistics-report,https://www.elections.wa.gov.au/sites/default/files/content/SGE%202021/SGE%202021%20Reports/3_21_Res_Stats_Leg_Assem_0.pdf,"SANDERSON, Amber-Jade",Australian Labor Party,30130,24783,1176,25959,86.16,12392,0,first,,,"SETH, Jim",Liberal Party,3931
Morley,https://www.elections.wa.gov.au/elections/state-elections/reports/2021-state-election-results-and-statistics-report,https://www.elections.wa.gov.au/sites/default/files/content/SGE%202021/SGE%202021%20Reports/3_21_Res_Stats_Leg_Assem_0.pdf,"SANDERSON, Amber-Jade",Australian Labor Party,30130,24783,1176,25959,86.16,12392,0,first,,,"MARCINKOWSKI, Thomas",The Greens,1525
Morley,https://www.elections.wa.gov.au/elections/state-elections/reports/2021-state-election-results-and-statistics-report,https://www.elections.wa.gov.au/sites/default/files/content/SGE%202021/SGE%202021%20Reports/3_21_Res_Stats_Leg_Assem_0.pdf,"SANDERSON, Amber-Jade",Australian Labor Party,30130,24783,1176,25959,86.16,12392,0,first,,,"WELLS, Alan",Australian Christians,815
Morley,https://www.elections.wa.gov.au/elections/state-elections/reports/2021-state-election-results-and-statistics-report,https://www.elections.wa.gov.au/sites/default/files/content/SGE%202021/SGE%202021%20Reports/3_21_Res_Stats_Leg_Assem_0.pdf,"SANDERSON, Amber-Jade",Australian Labor Party,30130,24783,1176,25959,86.16,12392,0,first,,,"SCULLY, Julian",Pauline Hanson's One Nation,452
Morley,https://www.elections.wa.gov.au/elections/state-elections/reports/2021-state-election-results-and-statistics-report,https://www.elections.wa.gov.au/sites/default/files/content/SGE%202021/SGE%202021%20Reports/3_21_Res_Stats_Leg_Assem_0.pdf,"SANDERSON, Amber-Jade",Australian Labor Party,30130,24783,1176,25959,86.16,12392,0,first,,,"KERSLAKE, Rhonda",NO MANDATORY VACCINATION,396
Morley,https://www.elections.wa.gov.au/elections/state-elections/reports/2021-state-election-results-and-statistics-report,https://www.elections.wa.gov.au/sites/default/files/content/SGE%202021/SGE%202021%20Reports/3_21_Res_Stats_Leg_Assem_0.pdf,"SANDERSON, Amber-Jade",Australian Labor Party,30130,24783,1176,25959,86.16,12392,0,first,,,"SINGH, Aman",WAxit,217
Morley,https://www.elections.wa.gov.au/elections/state-elections/reports/2021-state-election-results-and-statistics-report,https://www.elections.wa.gov.au/sites/default/files/content/SGE%202021/SGE%202021%20Reports/3_21_Res_Stats_Leg_Assem_0.pdf,"SANDERSON, Amber-Jade",Australian Labor Party,30130,24783,1176,25959,86.16,12392,1,final,,,"SANDERSON, Amber-Jade",Australian Labor Party,19458
Morley,https://www.elections.wa.gov.au/elections/state-elections/reports/2021-state-election-results-and-statistics-report,https://www.elections.wa.gov.au/sites/default/files/content/SGE%202021/SGE%202021%20Reports/3_21_Res_Stats_Leg_Assem_0.pdf,"SANDERSON, Amber-Jade",Australian Labor Party,30130,24783,1176,25959,86.16,12392,1,final,,,"SETH, Jim",Liberal Party,5311
Mount Lawley,https://www.elections.wa.gov.au/elections/state-elections/reports/2021-state-election-results-and-statistics-report,https://www.elections.wa.gov.au/sites/default/files/content/SGE%202021/SGE%202021%20Reports/3_21_Res_Stats_Leg_Assem_0.pdf,"MILLMAN, Simon",Australian Labor Party,29695,24834,887,25721,86.62,12418,0,first,,,"MILLMAN, Simon",Australian Labor Party,14653
Mount Lawley,https://www.elections.wa.gov.au/elections/state-elections/reports/2021-state-election-results-and-statistics-report,https://www.elections.wa.gov.au/sites/default/files/content/SGE%202021/SGE%202021%20Reports/3_21_Res_Stats_Leg_Assem_0.pdf,"MILLMAN, Simon",Australian Labor Party,29695,24834,887,25721,86.62,12418,0,first,,,"MIGDALE, Suzanne",Liberal Party,5807
Mount Lawley,https://www.elections.wa.gov.au/elections/state-elections/reports/2021-state-election-results-and-statistics-report,https://www.elections.wa.gov.au/sites/default/files/content/SGE%202021/SGE%202021%20Reports/3_21_Res_Stats_Leg_Assem_0.pdf,"MILLMAN, Simon",Australian Labor Party,29695,24834,887,25721,86.62,12418,0,first,,,"NICOL, Lucy",The Greens,2768
Mount Lawley,https://www.elections.wa.gov.au/elections/state-elections/reports/2021-state-election-results-and-statistics-report,https://www.elections.wa.gov.au/sites/default/files/content/SGE%202021/SGE%202021%20Reports/3_21_Res_Stats_Leg_Assem_0.pdf,"MILLMAN, Simon",Australian Labor Party,29695,24834,887,25721,86.62,12418,0,first,,,"WATT, John",NO MANDATORY VACCINATION,549
Mount Lawley,https://www.elections.wa.gov.au/elections/state-elections/reports/2021-state-election-results-and-statistics-report,https://www.elections.wa.gov.au/sites/default/files/content/SGE%202021/SGE%202021%20Reports/3_21_Res_Stats_Leg_Assem_0.pdf,"MILLMAN, Simon",Australian Labor Party,29695,24834,887,25721,86.62,12418,0,first,,,"JOUBERT, Ellen",Australian Christians,425
Mount Lawley,https://www.elections.wa.gov.au/elections/state-elections/reports/2021-state-election-results-and-statistics-report,https://www.elections.wa.gov.au/sites/default/files/content/SGE%202021/SGE%202021%20Reports/3_21_Res_Stats_Leg_Assem_0.pdf,"MILLMAN, Simon",Australian Labor Party,29695,24834,887,25721,86.62,12418,0,first,,,"GOODRICK, Russell",WESTERN AUSTRALIA PARTY,321
Mount Lawley,https://www.elections.wa.gov.au/elections/state-elections/reports/2021-state-election-results-and-statistics-report,https://www.elections.wa.gov.au/sites/default/files/content/SGE%202021/SGE%202021%20Reports/3_21_Res_Stats_Leg_Assem_0.pdf,"MILLMAN, Simon",Australian Labor Party,29695,24834,887,25721,86.62,12418,0,first,,,"SCHAAL, Herbie",Pauline Hanson's One Nation,203
Mount Lawley,https://www.elections.wa.gov.au/elections/state-elections/reports/2021-state-election-results-and-statistics-report,https://www.elections.wa.gov.au/sites/default/files/content/SGE%202021/SGE%202021%20Reports/3_21_Res_Stats_Leg_Assem_0.pdf,"MILLMAN, Simon",Australian Labor Party,29695,24834,887,25721,86.62,12418,0,first,,,"SANGHA, Gurjant Singh",WAxit,108
Mount Lawley,https://www.elections.wa.gov.au/elections/state-elections/reports/2021-state-election-results-and-statistics-report,https://www.elections.wa.gov.au/sites/default/files/content/SGE%202021/SGE%202021%20Reports/3_21_Res_Stats_Leg_Assem_0.pdf,"MILLMAN, Simon",Australian Labor Party,29695,24834,887,25721,86.62,12418,1,final,,,"MILLMAN, Simon",Australian Labor Party,17768
Mount Lawley,https://www.elections.wa.gov.au/elections/state-elections/reports/2021-state-election-results-and-statistics-report,https://www.elections.wa.gov.au/sites/default/files/content/SGE%202021/SGE%202021%20Reports/3_21_Res_Stats_Leg_Assem_0.pdf,"MILLMAN, Simon",Australian Labor Party,29695,24834,887,25721,86.62,12418,1,final,,,"MIGDALE, Suzanne",Liberal Party,7063
Murray-Wellington,https://www.elections.wa.gov.au/elections/state-elections/reports/2021-state-election-results-and-statistics-report,https://www.elections.wa.gov.au/sites/default/files/content/SGE%202021/SGE%202021%20Reports/3_21_Res_Stats_Leg_Assem_0.pdf,"CLARKE, Robyn",Australian Labor Party,30395,25028,1269,26297,86.52,12515,0,first,,,"CLARKE, Robyn",Australian Labor Party,14486
Murray-Wellington,https://www.elections.wa.gov.au/elections/state-elections/reports/2021-state-election-results-and-statistics-report,https://www.elections.wa.gov.au/sites/default/files/content/SGE%202021/SGE%202021%20Reports/3_21_Res_Stats_Leg_Assem_0.pdf,"CLARKE, Robyn",Australian Labor Party,30395,25028,1269,26297,86.52,12515,0,first,,,"BOYLAN, Michelle",Liberal Party,6099
Murray-Wellington,https://www.elections.wa.gov.au/elections/state-elections/reports/2021-state-election-results-and-statistics-report,https://www.elections.wa.gov.au/sites/default/files/content/SGE%202021/SGE%202021%20Reports/3_21_Res_Stats_Leg_Assem_0.pdf,"CLARKE, Robyn",Australian Labor Party,30395,25028,1269,26297,86.52,12515,0,first,,,"McCALL, Mark","Shooters, Fishers and Farmers",1149
Murray-Wellington,https://www.elections.wa.gov.au/elections/state-elections/reports/2021-state-election-results-and-statistics-report,https://www.elections.wa.gov.au/sites/default/files/content/SGE%202021/SGE%202021%20Reports/3_21_Res_Stats_Leg_Assem_0.pdf,"CLARKE, Robyn",Australian Labor Party,30395,25028,1269,26297,86.52,12515,0,first,,,"LEMMEY, Leonie",The Nationals,728
Murray-Wellington,https://www.elections.wa.gov.au/elections/state-elections/reports/2021-state-election-results-and-statistics-report,https://www.elections.wa.gov.au/sites/default/files/content/SGE%202021/SGE%202021%20Reports/3_21_Res_Stats_Leg_Assem_0.pdf,"CLARKE, Robyn",Australian Labor Party,30395,25028,1269,26297,86.52,12515,0,first,,,"CARNEY, Shaun",Legalise Cannabis Party WA,726
Murray-Wellington,https://www.elections.wa.gov.au/elections/state-elections/reports/2021-state-election-results-and-statistics-report,https://www.elections.wa.gov.au/sites/default/files/content/SGE%202021/SGE%202021%20Reports/3_21_Res_Stats_Leg_Assem_0.pdf,"CLARKE, Robyn",Australian Labor Party,30395,25028,1269,26297,86.52,12515,0,first,,,"PUCCIO, Vince",The Greens,706
Murray-Wellington,https://www.elections.wa.gov.au/elections/state-elections/reports/2021-state-election-results-and-statistics-report,https://www.elections.wa.gov.au/sites/default/files/content/SGE%202021/SGE%202021%20Reports/3_21_Res_Stats_Leg_Assem_0.pdf,"CLARKE, Robyn",Australian Labor Party,30395,25028,1269,26297,86.52,12515,0,first,,,"WANSBROUGH, Bernie",Pauline Hanson's One Nation,513
Murray-Wellington,https://www.elections.wa.gov.au/elections/state-elections/reports/2021-state-election-results-and-statistics-report,https://www.elections.wa.gov.au/sites/default/files/content/SGE%202021/SGE%202021%20Reports/3_21_Res_Stats_Leg_Assem_0.pdf,"CLARKE, Robyn",Australian Labor Party,30395,25028,1269,26297,86.52,12515,0,first,,,"HERRIOT, Aimee",NO MANDATORY VACCINATION,281
Murray-Wellington,https://www.elections.wa.gov.au/elections/state-elections/reports/2021-state-election-results-and-statistics-report,https://www.elections.wa.gov.au/sites/default/files/content/SGE%202021/SGE%202021%20Reports/3_21_Res_Stats_Leg_Assem_0.pdf,"CLARKE, Robyn",Australian Labor Party,30395,25028,1269,26297,86.52,12515,0,first,,,"BROWN, Andrew",SUSTAINABLE AUSTRALIA PARTY - STOP OVERDEVELOPMENT / CORRUPTION,164
Murray-Wellington,https://www.elections.wa.gov.au/elections/state-elections/reports/2021-state-election-results-and-statistics-report,https://www.elections.wa.gov.au/sites/default/files/content/SGE%202021/SGE%202021%20Reports/3_21_Res_Stats_Leg_Assem_0.pdf,"CLARKE, Robyn",Australian Labor Party,30395,25028,1269,26297,86.52,12515,0,first,,,"STASZEWSKI, Jayden",Liberal Democrats,110
Murray-Wellington,https://www.elections.wa.gov.au/elections/state-elections/reports/2021-state-election-results-and-statistics-report,https://www.elections.wa.gov.au/sites/default/files/content/SGE%202021/SGE%202021%20Reports/3_21_Res_Stats_Leg_Assem_0.pdf,"CLARKE, Robyn",Australian Labor Party,30395,25028,1269,26297,86.52,12515,0,first,,,"GOLEM, Dinko",WAxit,66
Murray-Wellington,https://www.elections.wa.gov.au/elections/state-elections/reports/2021-state-election-results-and-statistics-report,https://www.elections.wa.gov.au/sites/default/files/content/SGE%202021/SGE%202021%20Reports/3_21_Res_Stats_Leg_Assem_0.pdf,"CLARKE, Robyn",Australian Labor Party,30395,25028,1269,26297,86.52,12515,1,final,,,"CLARKE, Robyn",Australian Labor Party,16816
Murray-Wellington,https://www.elections.wa.gov.au/elections/state-elections/reports/2021-state-election-results-and-statistics-report,https://www.elections.wa.gov.au/sites/default/files/content/SGE%202021/SGE%202021%20Reports/3_21_Res_Stats_Leg_Assem_0.pdf,"CLARKE, Robyn",Australian Labor Party,30395,25028,1269,26297,86.52,12515,1,final,,,"BOYLAN, Michelle",Liberal Party,8193
Nedlands,https://www.elections.wa.gov.au/elections/state-elections/reports/2021-state-election-results-and-statistics-report,https://www.elections.wa.gov.au/sites/default/files/content/SGE%202021/SGE%202021%20Reports/3_21_Res_Stats_Leg_Assem_0.pdf,"STRATTON, Katrina",Australian Labor Party,30290,26142,648,26790,88.45,13072,0,first,,,"STRATTON, Katrina",Australian Labor Party,9327
Nedlands,https://www.elections.wa.gov.au/elections/state-elections/reports/2021-state-election-results-and-statistics-report,https://www.elections.wa.gov.au/sites/default/files/content/SGE%202021/SGE%202021%20Reports/3_21_Res_Stats_Leg_Assem_0.pdf,"STRATTON, Katrina",Australian Labor Party,30290,26142,648,26790,88.45,13072,0,first,,,"MARMION, Bill",Liberal Party,9160
Nedlands,https://www.elections.wa.gov.au/elections/state-elections/reports/2021-state-election-results-and-statistics-report,https://www.elections.wa.gov.au/sites/default/files/content/SGE%202021/SGE%202021%20Reports/3_21_Res_Stats_Leg_Assem_0.pdf,"STRATTON, Katrina",Australian Labor Party,30290,26142,648,26790,88.45,13072,0,first,,,"ALDERDICE, Tamara",The Greens,3549
Nedlands,https://www.elections.wa.gov.au/elections/state-elections/reports/2021-state-election-results-and-statistics-report,https://www.elections.wa.gov.au/sites/default/files/content/SGE%202021/SGE%202021%20Reports/3_21_Res_Stats_Leg_Assem_0.pdf,"STRATTON, Katrina",Australian Labor Party,30290,26142,648,26790,88.45,13072,0,first,,,"ARGYLE, Fiona",Independent,2883
Nedlands,https://www.elections.wa.gov.au/elections/state-elections/reports/2021-state-election-results-and-statistics-report,https://www.elections.wa.gov.au/sites/default/files/content/SGE%202021/SGE%202021%20Reports/3_21_Res_Stats_Leg_Assem_0.pdf,"STRATTON, Katrina",Australian Labor Party,30290,26142,648,26790,88.45,13072,0,first,,,"MANGANO, Andrew",Independent,632
Nedlands,https://www.elections.wa.gov.au/elections/state-elections/reports/2021-state-election-results-and-statistics-report,https://www.elections.wa.gov.au/sites/default/files/content/SGE%202021/SGE%202021%20Reports/3_21_Res_Stats_Leg_Assem_0.pdf,"STRATTON, Katrina",Australian Labor Party,30290,26142,648,26790,88.45,13072,0,first,,,"FORREST, Vivien",NO MANDATORY VACCINATION,412
Nedlands,https://www.elections.wa.gov.au/elections/state-elections/reports/2021-state-election-results-and-statistics-report,https://www.elections.wa.gov.au/sites/default/files/content/SGE%202021/SGE%202021%20Reports/3_21_Res_Stats_Leg_Assem_0.pdf,"STRATTON, Katrina",Australian Labor Party,30290,26142,648,26790,88.45,13072,0,first,,,"JENNINGS, Dennis",WAxit,179
Nedlands,https://www.elections.wa.gov.au/elections/state-elections/reports/2021-state-election-results-and-statistics-report,https://www.elections.wa.gov.au/sites/default/files/content/SGE%202021/SGE%202021%20Reports/3_21_Res_Stats_Leg_Assem_0.pdf,"STRATTON, Katrina",Australian Labor Party,30290,26142,648,26790,88.45,13072,1,final,,,"STRATTON, Katrina",Australian Labor Party,13805
Nedlands,https://www.elections.wa.gov.au/elections/state-elections/reports/2021-state-election-results-and-statistics-report,https://www.elections.wa.gov.au/sites/default/files/content/SGE%202021/SGE%202021%20Reports/3_21_Res_Stats_Leg_Assem_0.pdf,"STRATTON, Katrina",Australian Labor Party,30290,26142,648,26790,88.45,13072,1,final,,,"MARMION, Bill",Liberal Party,12330
North West Central,https://www.elections.wa.gov.au/elections/state-elections/reports/2021-state-election-results-and-statistics-report,https://www.elections.wa.gov.au/sites/default/files/content/SGE%202021/SGE%202021%20Reports/3_21_Res_Stats_Leg_Assem_0.pdf,"CATANIA, Vince",The Nationals,10993,7741,367,8108,73.76,3871,0,first,,,"SIBOSADO, Cherie",Australian Labor Party,3114
North West Central,https://www.elections.wa.gov.au/elections/state-elections/reports/2021-state-election-results-and-statistics-report,https://www.elections.wa.gov.au/sites/default/files/content/SGE%202021/SGE%202021%20Reports/3_21_Res_Stats_Leg_Assem_0.pdf,"CATANIA, Vince",The Nationals,10993,7741,367,8108,73.76,3871,0,first,,,"CATANIA, Vince",The Nationals,3075
North West Central,https://www.elections.wa.gov.au/elections/state-elections/reports/2021-state-election-results-and-statistics-report,https://www.elections.wa.gov.au/sites/default/files/content/SGE%202021/SGE%202021%20Reports/3_21_Res_Stats_Leg_Assem_0.pdf,"CATANIA, Vince",The Nationals,10993,7741,367,8108,73.76,3871,0,first,,,"McKEOUGH, Alys",Liberal Party,611
North West Central,https://www.elections.wa.gov.au/elections/state-elections/reports/2021-state-election-results-and-statistics-report,https://www.elections.wa.gov.au/sites/default/files/content/SGE%202021/SGE%202021%20Reports/3_21_Res_Stats_Leg_Assem_0.pdf,"CATANIA, Vince",The Nationals,10993,7741,367,8108,73.76,3871,0,first,,,"BURT, Sandy",The Greens,318
North West Central,https://www.elections.wa.gov.au/elections/state-elections/reports/2021-state-election-results-and-statistics-report,https://www.elections.wa.gov.au/sites/default/files/content/SGE%202021/SGE%202021%20Reports/3_21_Res_Stats_Leg_Assem_0.pdf,"CATANIA, Vince",The Nationals,10993,7741,367,8108,73.76,3871,0,first,,,"COLAGIURI, Stefan","Shooters, Fishers and Farmers",233
North West Central,https://www.elections.wa.gov.au/elections/state-elections/reports/2021-state-election-results-and-statistics-report,https://www.elections.wa.gov.au/sites/default/files/content/SGE%202021/SGE%202021%20Reports/3_21_Res_Stats_Leg_Assem_0.pdf,"CATANIA, Vince",The Nationals,10993,7741,367,8108,73.76,3871,0,first,,,"TONKIN, Robert",Pauline Hanson's One Nation,232
North West Central,https://www.elections.wa.gov.au/elections/state-elections/reports/2021-state-election-results-and-statistics-report,https://www.elections.wa.gov.au/sites/default/files/content/SGE%202021/SGE%202021%20Reports/3_21_Res_Stats_Leg_Assem_0.pdf,"CATANIA, Vince",The Nationals,10993,7741,367,8108,73.76,3871,0,first,,,"AGYPUTRI, A",NO MANDATORY VACCINATION,81
North West Central,https://www.elections.wa.gov.au/elections/state-elections/reports/2021-state-election-results-and-statistics-report,https://www.elections.wa.gov.au/sites/default/files/content/SGE%202021/SGE%202021%20Reports/3_21_Res_Stats_Leg_Assem_0.pdf,"CATANIA, Vince",The Nationals,10993,7741,367,8108,73.76,3871,0,first,,,"SEDDON, Henry",Independent,40
North West Central,https://www.elections.wa.gov.au/elections/state-elections/reports/2021-state-election-results-and-statistics-report,https://www.elections.wa.gov.au/sites/default/files/content/SGE%202021/SGE%202021%20Reports/3_21_Res_Stats_Leg_Assem_0.pdf,"CATANIA, Vince",The Nationals,10993,7741,367,8108,73.76,3871,0,first,,,"McKAY, Brendan",WAxit,37
North West Central,https://www.elections.wa.gov.au/elections/state-elections/reports/2021-state-election-results-and-statistics-report,https://www.elections.wa.gov.au/sites/default/files/content/SGE%202021/SGE%202021%20Reports/3_21_Res_Stats_Leg_Assem_0.pdf,"CATANIA, Vince",The Nationals,10993,7741,367,8108,73.76,3871,1,final,,,"CATANIA, Vince",The Nationals,3997
North West Central,https://www.elections.wa.gov.au/elections/state-elections/reports/2021-state-election-results-and-statistics-report,https://www.elections.wa.gov.au/sites/default/files/content/SGE%202021/SGE%202021%20Reports/3_21_Res_Stats_Leg_Assem_0.pdf,"CATANIA, Vince",The Nationals,10993,7741,367,8108,73.76,3871,1,final,,,"SIBOSADO, Cherie",Australian Labor Party,3738
Perth,https://www.elections.wa.gov.au/elections/state-elections/reports/2021-state-election-results-and-statistics-report,https://www.elections.wa.gov.au/sites/default/files/content/SGE%202021/SGE%202021%20Reports/3_21_Res_Stats_Leg_Assem_0.pdf,"CAREY, John",Australian Labor Party,32096,26138,858,26996,84.11,13070,0,first,,,"CAREY, John",Australian Labor Party,16594
Perth,https://www.elections.wa.gov.au/elections/state-elections/reports/2021-state-election-results-and-statistics-report,https://www.elections.wa.gov.au/sites/default/files/content/SGE%202021/SGE%202021%20Reports/3_21_Res_Stats_Leg_Assem_0.pdf,"CAREY, John",Australian Labor Party,32096,26138,858,26996,84.11,13070,0,first,,,"VESKOVICH, Kylee",Liberal Party,4666
Perth,https://www.elections.wa.gov.au/elections/state-elections/reports/2021-state-election-results-and-statistics-report,https://www.elections.wa.gov.au/sites/default/files/content/SGE%202021/SGE%202021%20Reports/3_21_Res_Stats_Leg_Assem_0.pdf,"CAREY, John",Australian Labor Party,32096,26138,858,26996,84.11,13070,0,first,,,"PANDOLFINO, Francesca",The Greens,4177
Perth,https://www.elections.wa.gov.au/elections/state-elections/reports/2021-state-election-results-and-statistics-report,https://www.elections.wa.gov.au/sites/default/files/content/SGE%202021/SGE%202021%20Reports/3_21_Res_Stats_Leg_Assem_0.pdf,"CAREY, John",Australian Labor Party,32096,26138,858,26996,84.11,13070,0,first,,,"BEARD, Scott",NO MANDATORY VACCINATION,476
Perth,https://www.elections.wa.gov.au/elections/state-elections/reports/2021-state-election-results-and-statistics-report,https://www.elections.wa.gov.au/sites/default/files/content/SGE%202021/SGE%202021%20Reports/3_21_Res_Stats_Leg_Assem_0.pdf,"CAREY, John",Australian Labor Party,32096,26138,858,26996,84.11,13070,0,first,,,"MINNITI, Angelo",WAxit,225
Perth,https://www.elections.wa.gov.au/elections/state-elections/reports/2021-state-election-results-and-statistics-report,https://www.elections.wa.gov.au/sites/default/files/content/SGE%202021/SGE%202021%20Reports/3_21_Res_Stats_Leg_Assem_0.pdf,"CAREY, John",Australian Labor Party,32096,26138,858,26996,84.11,13070,1,final,,,"CAREY, John",Australian Labor Party,20719
Perth,https://www.elections.wa.gov.au/elections/state-elections/reports/2021-state-election-results-and-statistics-report,https://www.elections.wa.gov.au/sites/default/files/content/SGE%202021/SGE%202021%20Reports/3_21_Res_Stats_Leg_Assem_0.pdf,"CAREY, John",Australian Labor Party,32096,26138,858,26996,84.11,13070,1,final,,,"VESKOVICH, Kylee",Liberal Party,5418
Pilbara,https://www.elections.wa.gov.au/elections/state-elections/reports/2021-state-election-results-and-statistics-report,https://www.elections.wa.gov.au/sites/default/files/content/SGE%202021/SGE%202021%20Reports/3_21_Res_Stats_Leg_Assem_0.pdf,"MICHEL, Kevin",Australian Labor Party,23272,14873,748,15621,67.12,7437,0,first,,,"MICHEL, Kevin",Australian Labor Party,9075
Pilbara,https://www.elections.wa.gov.au/elections/state-elections/reports/2021-state-election-results-and-statistics-report,https://www.elections.wa.gov.au/sites/default/files/content/SGE%202021/SGE%202021%20Reports/3_21_Res_Stats_Leg_Assem_0.pdf,"MICHEL, Kevin",Australian Labor Party,23272,14873,748,15621,67.12,7437,0,first,,,"BOURNE, Scott",The Nationals,2715
Pilbara,https://www.elections.wa.gov.au/elections/state-elections/reports/2021-state-election-results-and-statistics-report,https://www.elections.wa.gov.au/sites/default/files/content/SGE%202021/SGE%202021%20Reports/3_21_Res_Stats_Leg_Assem_0.pdf,"MICHEL, Kevin",Australian Labor Party,23272,14873,748,15621,67.12,7437,0,first,,,"BLANCO, Camilo",Liberal Party,1241
Pilbara,https://www.elections.wa.gov.au/elections/state-elections/reports/2021-state-election-results-and-statistics-report,https://www.elections.wa.gov.au/sites/default/files/content/SGE%202021/SGE%202021%20Reports/3_21_Res_Stats_Leg_Assem_0.pdf,"MICHEL, Kevin",Australian Labor Party,23272,14873,748,15621,67.12,7437,0,first,,,"VAUGHAN-CARTNER, Machelle",The Greens,504
Pilbara,https://www.elections.wa.gov.au/elections/state-elections/reports/2021-state-election-results-and-statistics-report,https://www.elections.wa.gov.au/sites/default/files/content/SGE%202021/SGE%202021%20Reports/3_21_Res_Stats_Leg_Assem_0.pdf,"MICHEL, Kevin",Australian Labor Party,23272,14873,748,15621,67.12,7437,0,first,,,"ALLISON-FORREST, David","Shooters, Fishers and Farmers",453
Pilbara,https://www.elections.wa.gov.au/elections/state-elections/reports/2021-state-election-results-and-statistics-report,https://www.elections.wa.gov.au/sites/default/files/content/SGE%202021/SGE%202021%20Reports/3_21_Res_Stats_Leg_Assem_0.pdf,"MICHEL, Kevin",Australian Labor Party,23272,14873,748,15621,67.12,7437,0,first,,,"CROUCH, Sandi",Pauline Hanson's One Nation,432
Pilbara,https://www.elections.wa.gov.au/elections/state-elections/reports/2021-state-election-results-and-statistics-report,https://www.elections.wa.gov.au/sites/default/files/content/SGE%202021/SGE%202021%20Reports/3_21_Res_Stats_Leg_Assem_0.pdf,"MICHEL, Kevin",Australian Labor Party,23272,14873,748,15621,67.12,7437,0,first,,,"ELLIOTT, Max",NO MANDATORY VACCINATION,270
Pilbara,https://www.elections.wa.gov.au/elections/state-elections/reports/2021-state-election-results-and-statistics-report,https://www.elections.wa.gov.au/sites/default/files/content/SGE%202021/SGE%202021%20Reports/3_21_Res_Stats_Leg_Assem_0.pdf,"MICHEL, Kevin",Australian Labor Party,23272,14873,748,15621,67.12,7437,0,first,,,"HYLAND, Don",WESTERN AUSTRALIA PARTY,115
Pilbara,https://www.elections.wa.gov.au/elections/state-elections/reports/2021-state-election-results-and-statistics-report,https://www.elections.wa.gov.au/sites/default/files/content/SGE%202021/SGE%202021%20Reports/3_21_Res_Stats_Leg_Assem_0.pdf,"MICHEL, Kevin",Australian Labor Party,23272,14873,748,15621,67.12,7437,0,first,,,"JAWANDA, Navneet Kaur",WAxit,68
Pilbara,https://www.elections.wa.gov.au/elections/state-elections/reports/2021-state-election-results-and-statistics-report,https://www.elections.wa.gov.au/sites/default/files/content/SGE%202021/SGE%202021%20Reports/3_21_Res_Stats_Leg_Assem_0.pdf,"MICHEL, Kevin",Australian Labor Party,23272,14873,748,15621,67.12,7437,1,final,,,"MICHEL, Kevin",Australian Labor Party,10459
Pilbara,https://www.elections.wa.gov.au/elections/state-elections/reports/2021-state-election-results-and-statistics-report,https://www.elections.wa.gov.au/sites/default/files/content/SGE%202021/SGE%202021%20Reports/3_21_Res_Stats_Leg_Assem_0.pdf,"MICHEL, Kevin",Australian Labor Party,23272,14873,748,15621,67.12,7437,1,final,,,"BOURNE, Scott",The Nationals,4408
Riverton,https://www.elections.wa.gov.au/elections/state-elections/reports/2021-state-election-results-and-statistics-report,https://www.elections.wa.gov.au/sites/default/files/content/SGE%202021/SGE%202021%20Reports/3_21_Res_Stats_Leg_Assem_0.pdf,"KRISHNAN, Jags",Australian Labor Party,29054,25701,675,26376,90.78,12851,0,first,,,"KRISHNAN, Jags",Australian Labor Party,12850
Riverton,https://www.elections.wa.gov.au/elections/state-elections/reports/2021-state-election-results-and-statistics-report,https://www.elections.wa.gov.au/sites/default/files/content/SGE%202021/SGE%202021%20Reports/3_21_Res_Stats_Leg_Assem_0.pdf,"KRISHNAN, Jags",Australian Labor Party,29054,25701,675,26376,90.78,12851,0,first,,,"SPAGNOLO, Anthony",Liberal Party,8928
Riverton,https://www.elections.wa.gov.au/elections/state-elections/reports/2021-state-election-results-and-statistics-report,https://www.elections.wa.gov.au/sites/default/files/content/SGE%202021/SGE%202021%20Reports/3_21_Res_Stats_Leg_Assem_0.pdf,"KRISHNAN, Jags",Australian Labor Party,29054,25701,675,26376,90.78,12851,0,first,,,"BLACKBURN, Simon",The Greens,1989
Riverton,https://www.elections.wa.gov.au/elections/state-elections/reports/2021-state-election-results-and-statistics-report,https://www.elections.wa.gov.au/sites/default/files/content/SGE%202021/SGE%202021%20Reports/3_21_Res_Stats_Leg_Assem_0.pdf,"KRISHNAN, Jags",Australian Labor Party,29054,25701,675,26376,90.78,12851,0,first,,,"GOWER, Dena",Australian Christians,955
Riverton,https://www.elections.wa.gov.au/elections/state-elections/reports/2021-state-election-results-and-statistics-report,https://www.elections.wa.gov.au/sites/default/files/content/SGE%202021/SGE%202021%20Reports/3_21_Res_Stats_Leg_Assem_0.pdf,"KRISHNAN, Jags",Australian Labor Party,29054,25701,675,26376,90.78,12851,0,first,,,"HOLMAN, Chris",Liberal Democrats,444
Riverton,https://www.elections.wa.gov.au/elections/state-elections/reports/2021-state-election-results-and-statistics-report,https://www.elections.wa.gov.au/sites/default/files/content/SGE%202021/SGE%202021%20Reports/3_21_Res_Stats_Leg_Assem_0.pdf,"KRISHNAN, Jags",Australian Labor Party,29054,25701,675,26376,90.78,12851,0,first,,,"LEE, Terry",WESTERN AUSTRALIA PARTY,293
Riverton,https://www.elections.wa.gov.au/elections/state-elections/reports/2021-state-election-results-and-statistics-report,https://www.elections.wa.gov.au/sites/default/files/content/SGE%202021/SGE%202021%20Reports/3_21_Res_Stats_Leg_Assem_0.pdf,"KRISHNAN, Jags",Australian Labor Party,29054,25701,675,26376,90.78,12851,0,first,,,"SCULL, Penelope",NO MANDATORY VACCINATION,242
Riverton,https://www.elections.wa.gov.au/elections/state-elections/reports/2021-state-election-results-and-statistics-report,https://www.elections.wa.gov.au/sites/default/files/content/SGE%202021/SGE%202021%20Reports/3_21_Res_Stats_Leg_Assem_0.pdf,"KRISHNAN, Jags",Australian Labor Party,29054,25701,675,26376,90.78,12851,1,final,,,"KRISHNAN, Jags",Australian Labor Party,15157
Riverton,https://www.elections.wa.gov.au/elections/state-elections/reports/2021-state-election-results-and-statistics-report,https://www.elections.wa.gov.au/sites/default/files/content/SGE%202021/SGE%202021%20Reports/3_21_Res_Stats_Leg_Assem_0.pdf,"KRISHNAN, Jags",Australian Labor Party,29054,25701,675,26376,90.78,12851,1,final,,,"SPAGNOLO, Anthony",Liberal Party,10537
Rockingham,https://www.elections.wa.gov.au/elections/state-elections/reports/2021-state-election-results-and-statistics-report,https://www.elections.wa.gov.au/sites/default/files/content/SGE%202021/SGE%202021%20Reports/3_21_Res_Stats_Leg_Assem_0.pdf,"McGOWAN, Mark",Australian Labor Party,29259,23759,801,24560,83.94,11880,0,first,,,"McGOWAN, Mark",Australian Labor Party,19661
Rockingham,https://www.elections.wa.gov.au/elections/state-elections/reports/2021-state-election-results-and-statistics-report,https://www.elections.wa.gov.au/sites/default/files/content/SGE%202021/SGE%202021%20Reports/3_21_Res_Stats_Leg_Assem_0.pdf,"McGOWAN, Mark",Australian Labor Party,29259,23759,801,24560,83.94,11880,0,first,,,"McCLURE, Michael",Liberal Party,2322
Rockingham,https://www.elections.wa.gov.au/elections/state-elections/reports/2021-state-election-results-and-statistics-report,https://www.elections.wa.gov.au/sites/default/files/content/SGE%202021/SGE%202021%20Reports/3_21_Res_Stats_Leg_Assem_0.pdf,"McGOWAN, Mark",Australian Labor Party,29259,23759,801,24560,83.94,11880,0,first,,,"MORGAN, Breanna",The Greens,753
Rockingham,https://www.elections.wa.gov.au/elections/state-elections/reports/2021-state-election-results-and-statistics-report,https://www.elections.wa.gov.au/sites/default/files/content/SGE%202021/SGE%202021%20Reports/3_21_Res_Stats_Leg_Assem_0.pdf,"McGOWAN, Mark",Australian Labor Party,29259,23759,801,24560,83.94,11880,0,first,,,"GEORGE, Geoff",Pauline Hanson's One Nation,489
Rockingham,https://www.elections.wa.gov.au/elections/state-elections/reports/2021-state-election-results-and-statistics-report,https://www.elections.wa.gov.au/sites/default/files/content/SGE%202021/SGE%202021%20Reports/3_21_Res_Stats_Leg_Assem_0.pdf,"McGOWAN, Mark",Australian Labor Party,29259,23759,801,24560,83.94,11880,0,first,,,"HAWKINS, Tom",NO MANDATORY VACCINATION,383
Rockingham,https://www.elections.wa.gov.au/elections/state-elections/reports/2021-state-election-results-and-statistics-report,https://www.elections.wa.gov.au/sites/default/files/content/SGE%202021/SGE%202021%20Reports/3_21_Res_Stats_Leg_Assem_0.pdf,"McGOWAN, Mark",Australian Labor Party,29259,23759,801,24560,83.94,11880,0,first,,,"LOFTS, William Dean",Liberal Democrats,151
Rockingham,https://www.elections.wa.gov.au/elections/state-elections/reports/2021-state-election-results-and-statistics-report,https://www.elections.wa.gov.au/sites/default/files/content/SGE%202021/SGE%202021%20Reports/3_21_Res_Stats_Leg_Assem_0.pdf,"McGOWAN, Mark",Australian Labor Party,29259,23759,801,24560,83.94,11880,1,final,,,"McGOWAN, Mark",Australian Labor Party,20836
Rockingham,https://www.elections.wa.gov.au/elections/state-elections/reports/2021-state-election-results-and-statistics-report,https://www.elections.wa.gov.au/sites/default/files/content/SGE%202021/SGE%202021%20Reports/3_21_Res_Stats_Leg_Assem_0.pdf,"McGOWAN, Mark",Australian Labor Party,29259,23759,801,24560,83.94,11880,1,final,,,"McCLURE, Michael",Liberal Party,2916
Roe,https://www.elections.wa.gov.au/elections/state-elections/reports/2021-state-election-results-and-statistics-report,https://www.elections.wa.gov.au/sites/default/files/content/SGE%202021/SGE%202021%20Reports/3_21_Res_Stats_Leg_Assem_0.pdf,"RUNDLE, Peter",The Nationals,24713,20445,833,21278,86.1,10223,0,first,,,"RUNDLE, Peter",The Nationals,8506
Roe,https://www.elections.wa.gov.au/elections/state-elections/reports/2021-state-election-results-and-statistics-report,https://www.elections.wa.gov.au/sites/default/files/content/SGE%202021/SGE%202021%20Reports/3_21_Res_Stats_Leg_Assem_0.pdf,"RUNDLE, Peter",The Nationals,24713,20445,833,21278,86.1,10223,0,first,,,"WILLIS, Bradley",Australian Labor Party,5979
Roe,https://www.elections.wa.gov.au/elections/state-elections/reports/2021-state-election-results-and-statistics-report,https://www.elections.wa.gov.au/sites/default/files/content/SGE%202021/SGE%202021%20Reports/3_21_Res_Stats_Leg_Assem_0.pdf,"RUNDLE, Peter",The Nationals,24713,20445,833,21278,86.1,10223,0,first,,,"DWYER, David",Liberal Party,3004
Roe,https://www.elections.wa.gov.au/elections/state-elections/reports/2021-state-election-results-and-statistics-report,https://www.elections.wa.gov.au/sites/default/files/content/SGE%202021/SGE%202021%20Reports/3_21_Res_Stats_Leg_Assem_0.pdf,"RUNDLE, Peter",The Nationals,24713,20445,833,21278,86.1,10223,0,first,,,"STEELE, Bevan","Shooters, Fishers and Farmers",982
Roe,https://www.elections.wa.gov.au/elections/state-elections/reports/2021-state-election-results-and-statistics-report,https://www.elections.wa.gov.au/sites/default/files/content/SGE%202021/SGE%202021%20Reports/3_21_Res_Stats_Leg_Assem_0.pdf,"RUNDLE, Peter",The Nationals,24713,20445,833,21278,86.1,10223,0,first,,,"STARR, Nikki",The Greens,809
Roe,https://www.elections.wa.gov.au/elections/state-elections/reports/2021-state-election-results-and-statistics-report,https://www.elections.wa.gov.au/sites/default/files/content/SGE%202021/SGE%202021%20Reports/3_21_Res_Stats_Leg_Assem_0.pdf,"RUNDLE, Peter",The Nationals,24713,20445,833,21278,86.1,10223,0,first,,,"KELLY, Cathie",Australian Christians,502
Roe,https://www.elections.wa.gov.au/elections/state-elections/reports/2021-state-election-results-and-statistics-report,https://www.elections.wa.gov.au/sites/default/files/content/SGE%202021/SGE%202021%20Reports/3_21_Res_Stats_Leg_Assem_0.pdf,"RUNDLE, Peter",The Nationals,24713,20445,833,21278,86.1,10223,0,first,,,"BUSHBY, Graham",Pauline Hanson's One Nation,352
Roe,https://www.elections.wa.gov.au/elections/state-elections/reports/2021-state-election-results-and-statistics-report,https://www.elections.wa.gov.au/sites/default/files/content/SGE%202021/SGE%202021%20Reports/3_21_Res_Stats_Leg_Assem_0.pdf,"RUNDLE, Peter",The Nationals,24713,20445,833,21278,86.1,10223,0,first,,,"JAMMU, Gary",WAxit,180
Roe,https://www.elections.wa.gov.au/elections/state-elections/reports/2021-state-election-results-and-statistics-report,https://www.elections.wa.gov.au/sites/default/files/content/SGE%202021/SGE%202021%20Reports/3_21_Res_Stats_Leg_Assem_0.pdf,"RUNDLE, Peter",The Nationals,24713,20445,833,21278,86.1,10223,0,first,,,"THAKRAR, Nita",NO MANDATORY VACCINATION,131
Roe,https://www.elections.wa.gov.au/elections/state-elections/reports/2021-state-election-results-and-statistics-report,https://www.elections.wa.gov.au/sites/default/files/content/SGE%202021/SGE%202021%20Reports/3_21_Res_Stats_Leg_Assem_0.pdf,"RUNDLE, Peter",The Nationals,24713,20445,833,21278,86.1,10223,1,final,,,"RUNDLE, Peter",The Nationals,12483
Roe,https://www.elections.wa.gov.au/elections/state-elections/reports/2021-state-election-results-and-statistics-report,https://www.elections.wa.gov.au/sites/default/files/content/SGE%202021/SGE%202021%20Reports/3_21_Res_Stats_Leg_Assem_0.pdf,"RUNDLE, Peter",The Nationals,24713,20445,833,21278,86.1,10223,1,final,,,"WILLIS, Bradley",Australian Labor Party,7946
Scarborough,https://www.elections.wa.gov.au/elections/state-elections/reports/2021-state-election-results-and-statistics-report,https://www.elections.wa.gov.au/sites/default/files/content/SGE%202021/SGE%202021%20Reports/3_21_Res_Stats_Leg_Assem_0.pdf,"AUBREY, Stuart",Australian Labor Party,30954,25362,771,26133,84.43,12682,0,first,,,"AUBREY, Stuart",Australian Labor Party,12750
Scarborough,https://www.elections.wa.gov.au/elections/state-elections/reports/2021-state-election-results-and-statistics-report,https://www.elections.wa.gov.au/sites/default/files/content/SGE%202021/SGE%202021%20Reports/3_21_Res_Stats_Leg_Assem_0.pdf,"AUBREY, Stuart",Australian Labor Party,30954,25362,771,26133,84.43,12682,0,first,,,"HARVEY, Liza",Liberal Party,8808
Scarborough,https://www.elections.wa.gov.au/elections/state-elections/reports/2021-state-election-results-and-statistics-report,https://www.elections.wa.gov.au/sites/default/files/content/SGE%202021/SGE%202021%20Reports/3_21_Res_Stats_Leg_Assem_0.pdf,"AUBREY, Stuart",Australian Labor Party,30954,25362,771,26133,84.43,12682,0,first,,,"BECKER, SP",The Greens,2331
Scarborough,https://www.elections.wa.gov.au/elections/state-elections/reports/2021-state-election-results-and-statistics-report,https://www.elections.wa.gov.au/sites/default/files/content/SGE%202021/SGE%202021%20Reports/3_21_Res_Stats_Leg_Assem_0.pdf,"AUBREY, Stuart",Australian Labor Party,30954,25362,771,26133,84.43,12682,0,first,,,"MARKOVINA, Vanya",NO MANDATORY VACCINATION,498
Scarborough,https://www.elections.wa.gov.au/elections/state-elections/reports/2021-state-election-results-and-statistics-report,https://www.elections.wa.gov.au/sites/default/files/content/SGE%202021/SGE%202021%20Reports/3_21_Res_Stats_Leg_Assem_0.pdf,"AUBREY, Stuart",Australian Labor Party,30954,25362,771,26133,84.43,12682,0,first,,,"VOS, Dave",Independent,337
Scarborough,https://www.elections.wa.gov.au/elections/state-elections/reports/2021-state-election-results-and-statistics-report,https://www.elections.wa.gov.au/sites/default/files/content/SGE%202021/SGE%202021%20Reports/3_21_Res_Stats_Leg_Assem_0.pdf,"AUBREY, Stuart",Australian Labor Party,30954,25362,771,26133,84.43,12682,0,first,,,"COWARD, Troy Anthony",WESTERN AUSTRALIA PARTY,300
Scarborough,https://www.elections.wa.gov.au/elections/state-elections/reports/2021-state-election-results-and-statistics-report,https://www.elections.wa.gov.au/sites/default/files/content/SGE%202021/SGE%202021%20Reports/3_21_Res_Stats_Leg_Assem_0.pdf,"AUBREY, Stuart",Australian Labor Party,30954,25362,771,26133,84.43,12682,0,first,,,"BRIDGEWATER, Daniel John",Liberals For Climate,213
Scarborough,https://www.elections.wa.gov.au/elections/state-elections/reports/2021-state-election-results-and-statistics-report,https://www.elections.wa.gov.au/sites/default/files/content/SGE%202021/SGE%202021%20Reports/3_21_Res_Stats_Leg_Assem_0.pdf,"AUBREY, Stuart",Australian Labor Party,30954,25362,771,26133,84.43,12682,0,first,,,"BOCCARDI, Johnny",WAxit,125
Scarborough,https://www.elections.wa.gov.au/elections/state-elections/reports/2021-state-election-results-and-statistics-report,https://www.elections.wa.gov.au/sites/default/files/content/SGE%202021/SGE%202021%20Reports/3_21_Res_Stats_Leg_Assem_0.pdf,"AUBREY, Stuart",Australian Labor Party,30954,25362,771,26133,84.43,12682,1,final,,,"AUBREY, Stuart",Australian Labor Party,15315
Scarborough,https://www.elections.wa.gov.au/elections/state-elections/reports/2021-state-election-results-and-statistics-report,https://www.elections.wa.gov.au/sites/default/files/content/SGE%202021/SGE%202021%20Reports/3_21_Res_Stats_Leg_Assem_0.pdf,"AUBREY, Stuart",Australian Labor Party,30954,25362,771,26133,84.43,12682,1,final,,,"HARVEY, Liza",Liberal Party,10039
South Perth,https://www.elections.wa.gov.au/elections/state-elections/reports/2021-state-election-results-and-statistics-report,https://www.elections.wa.gov.au/sites/default/files/content/SGE%202021/SGE%202021%20Reports/3_21_Res_Stats_Leg_Assem_0.pdf,"BAKER, Geoff",Australian Labor Party,29696,24973,780,25753,86.72,12487,0,first,,,"BAKER, Geoff",Australian Labor Party,12473
South Perth,https://www.elections.wa.gov.au/elections/state-elections/reports/2021-state-election-results-and-statistics-report,https://www.elections.wa.gov.au/sites/default/files/content/SGE%202021/SGE%202021%20Reports/3_21_Res_Stats_Leg_Assem_0.pdf,"BAKER, Geoff",Australian Labor Party,29696,24973,780,25753,86.72,12487,0,first,,,"CHORLEY, Ryan",Liberal Party,8846
South Perth,https://www.elections.wa.gov.au/elections/state-elections/reports/2021-state-election-results-and-statistics-report,https://www.elections.wa.gov.au/sites/default/files/content/SGE%202021/SGE%202021%20Reports/3_21_Res_Stats_Leg_Assem_0.pdf,"BAKER, Geoff",Australian Labor Party,29696,24973,780,25753,86.72,12487,0,first,,,"BROGAN, Mark",The Greens,2597
South Perth,https://www.elections.wa.gov.au/elections/state-elections/reports/2021-state-election-results-and-statistics-report,https://www.elections.wa.gov.au/sites/default/files/content/SGE%202021/SGE%202021%20Reports/3_21_Res_Stats_Leg_Assem_0.pdf,"BAKER, Geoff",Australian Labor Party,29696,24973,780,25753,86.72,12487,0,first,,,"TAYLOR, Jack",Liberal Democrats,617
South Perth,https://www.elections.wa.gov.au/elections/state-elections/reports/2021-state-election-results-and-statistics-report,https://www.elections.wa.gov.au/sites/default/files/content/SGE%202021/SGE%202021%20Reports/3_21_Res_Stats_Leg_Assem_0.pdf,"BAKER, Geoff",Australian Labor Party,29696,24973,780,25753,86.72,12487,0,first,,,"HILL, Dwain J",NO MANDATORY VACCINATION,440
South Perth,https://www.elections.wa.gov.au/elections/state-elections/reports/2021-state-election-results-and-statistics-report,https://www.elections.wa.gov.au/sites/default/files/content/SGE%202021/SGE%202021%20Reports/3_21_Res_Stats_Leg_Assem_0.pdf,"BAKER, Geoff",Australian Labor Party,29696,24973,780,25753,86.72,12487,1,final,,,"BAKER, Geoff",Australian Labor Party,15007
South Perth,https://www.elections.wa.gov.au/elections/state-elections/reports/2021-state-election-results-and-statistics-report,https://www.elections.wa.gov.au/sites/default/files/content/SGE%202021/SGE%202021%20Reports/3_21_Res_Stats_Leg_Assem_0.pdf,"BAKER, Geoff",Australian Labor Party,29696,24973,780,25753,86.72,12487,1,final,,,"CHORLEY, Ryan",Liberal Party,9962
Southern River,https://www.elections.wa.gov.au/elections/state-elections/reports/2021-state-election-results-and-statistics-report,https://www.elections.wa.gov.au/sites/default/files/content/SGE%202021/SGE%202021%20Reports/3_21_Res_Stats_Leg_Assem_0.pdf,"HEALY, Terry",Australian Labor Party,29655,24640,1039,25679,86.59,12321,0,first,,,"HEALY, Terry",Australian Labor Party,18718
Southern River,https://www.elections.wa.gov.au/elections/state-elections/reports/2021-state-election-results-and-statistics-report,https://www.elections.wa.gov.au/sites/default/files/content/SGE%202021/SGE%202021%20Reports/3_21_Res_Stats_Leg_Assem_0.pdf,"HEALY, Terry",Australian Labor Party,29655,24640,1039,25679,86.59,12321,0,first,,,"ZANDMAN, Ruben",Liberal Party,2879
Southern River,https://www.elections.wa.gov.au/elections/state-elections/reports/2021-state-election-results-and-statistics-report,https://www.elections.wa.gov.au/sites/default/files/content/SGE%202021/SGE%202021%20Reports/3_21_Res_Stats_Leg_Assem_0.pdf,"HEALY, Terry",Australian Labor Party,29655,24640,1039,25679,86.59,12321,0,first,,,"COLLINS, Simone",The Greens,875
Southern River,https://www.elections.wa.gov.au/elections/state-elections/reports/2021-state-election-results-and-statistics-report,https://www.elections.wa.gov.au/sites/default/files/content/SGE%202021/SGE%202021%20Reports/3_21_Res_Stats_Leg_Assem_0.pdf,"HEALY, Terry",Australian Labor Party,29655,24640,1039,25679,86.59,12321,0,first,,,"SPOELSTRA, Gerard",Australian Christians,799
Southern River,https://www.elections.wa.gov.au/elections/state-elections/reports/2021-state-election-results-and-statistics-report,https://www.elections.wa.gov.au/sites/default/files/content/SGE%202021/SGE%202021%20Reports/3_21_Res_Stats_Leg_Assem_0.pdf,"HEALY, Terry",Australian Labor Party,29655,24640,1039,25679,86.59,12321,0,first,,,"HEFFERNAN, Malcolm",Pauline Hanson's One Nation,334
Southern River,https://www.elections.wa.gov.au/elections/state-elections/reports/2021-state-election-results-and-statistics-report,https://www.elections.wa.gov.au/sites/default/files/content/SGE%202021/SGE%202021%20Reports/3_21_Res_Stats_Leg_Assem_0.pdf,"HEALY, Terry",Australian Labor Party,29655,24640,1039,25679,86.59,12321,0,first,,,"HAWKES, Katie",NO MANDATORY VACCINATION,307
Southern River,https://www.elections.wa.gov.au/elections/state-elections/reports/2021-state-election-results-and-statistics-report,https://www.elections.wa.gov.au/sites/default/files/content/SGE%202021/SGE%202021%20Reports/3_21_Res_Stats_Leg_Assem_0.pdf,"HEALY, Terry",Australian Labor Party,29655,24640,1039,25679,86.59,12321,0,first,,,"SIDDIQUI, Shazi",WAxit,283
Southern River,https://www.elections.wa.gov.au/elections/state-elections/reports/2021-state-election-results-and-statistics-report,https://www.elections.wa.gov.au/sites/default/files/content/SGE%202021/SGE%202021%20Reports/3_21_Res_Stats_Leg_Assem_0.pdf,"HEALY, Terry",Australian Labor Party,29655,24640,1039,25679,86.59,12321,0,first,,,"DU PREEZ, Wesley Jerome",Liberal Democrats,257
Southern River,https://www.elections.wa.gov.au/elections/state-elections/reports/2021-state-election-results-and-statistics-report,https://www.elections.wa.gov.au/sites/default/files/content/SGE%202021/SGE%202021%20Reports/3_21_Res_Stats_Leg_Assem_0.pdf,"HEALY, Terry",Australian Labor Party,29655,24640,1039,25679,86.59,12321,0,first,,,"WALSH, Julia",Independent,188
Southern River,https://www.elections.wa.gov.au/elections/state-elections/reports/2021-state-election-results-and-statistics-report,https://www.elections.wa.gov.au/sites/default/files/content/SGE%202021/SGE%202021%20Reports/3_21_Res_Stats_Leg_Assem_0.pdf,"HEALY, Terry",Australian Labor Party,29655,24640,1039,25679,86.59,12321,1,final,,,"HEALY, Terry",Australian Labor Party,20472
Southern River,https://www.elections.wa.gov.au/elections/state-elections/reports/2021-state-election-results-and-statistics-report,https://www.elections.wa.gov.au/sites/default/files/content/SGE%202021/SGE%202021%20Reports/3_21_Res_Stats_Leg_Assem_0.pdf,"HEALY, Terry",Australian Labor Party,29655,24640,1039,25679,86.59,12321,1,final,,,"ZANDMAN, Ruben",Liberal Party,4155
Swan Hills,https://www.elections.wa.gov.au/elections/state-elections/reports/2021-state-election-results-and-statistics-report,https://www.elections.wa.gov.au/sites/default/files/content/SGE%202021/SGE%202021%20Reports/3_21_Res_Stats_Leg_Assem_0.pdf,"SHAW, Jessica",Australian Labor Party,30263,24728,1245,25973,85.82,12365,0,first,,,"SHAW, Jessica",Australian Labor Party,17255
Swan Hills,https://www.elections.wa.gov.au/elections/state-elections/reports/2021-state-election-results-and-statistics-report,https://www.elections.wa.gov.au/sites/default/files/content/SGE%202021/SGE%202021%20Reports/3_21_Res_Stats_Leg_Assem_0.pdf,"SHAW, Jessica",Australian Labor Party,30263,24728,1245,25973,85.82,12365,0,first,,,"HENDERSON, Rod",Liberal Party,4571
Swan Hills,https://www.elections.wa.gov.au/elections/state-elections/reports/2021-state-election-results-and-statistics-report,https://www.elections.wa.gov.au/sites/default/files/content/SGE%202021/SGE%202021%20Reports/3_21_Res_Stats_Leg_Assem_0.pdf,"SHAW, Jessica",Australian Labor Party,30263,24728,1245,25973,85.82,12365,0,first,,,"WAWRIK, Melanye",The Greens,1189
Swan Hills,https://www.elections.wa.gov.au/elections/state-elections/reports/2021-state-election-results-and-statistics-report,https://www.elections.wa.gov.au/sites/default/files/content/SGE%202021/SGE%202021%20Reports/3_21_Res_Stats_Leg_Assem_0.pdf,"SHAW, Jessica",Australian Labor Party,30263,24728,1245,25973,85.82,12365,0,first,,,"BUNTON, Timothy",NO MANDATORY VACCINATION,782
Swan Hills,https://www.elections.wa.gov.au/elections/state-elections/reports/2021-state-election-results-and-statistics-report,https://www.elections.wa.gov.au/sites/default/files/content/SGE%202021/SGE%202021%20Reports/3_21_Res_Stats_Leg_Assem_0.pdf,"SHAW, Jessica",Australian Labor Party,30263,24728,1245,25973,85.82,12365,0,first,,,"STRAUSS, Magdeleen",Australian Christians,675
Swan Hills,https://www.elections.wa.gov.au/elections/state-elections/reports/2021-state-election-results-and-statistics-report,https://www.elections.wa.gov.au/sites/default/files/content/SGE%202021/SGE%202021%20Reports/3_21_Res_Stats_Leg_Assem_0.pdf,"SHAW, Jessica",Australian Labor Party,30263,24728,1245,25973,85.82,12365,0,first,,,"ALI, Asif",WAxit,256
Swan Hills,https://www.elections.wa.gov.au/elections/state-elections/reports/2021-state-election-results-and-statistics-report,https://www.elections.wa.gov.au/sites/default/files/content/SGE%202021/SGE%202021%20Reports/3_21_Res_Stats_Leg_Assem_0.pdf,"SHAW, Jessica",Australian Labor Party,30263,24728,1245,25973,85.82,12365,1,final,,,"SHAW, Jessica",Australian Labor Party,19069
Swan Hills,https://www.elections.wa.gov.au/elections/state-elections/reports/2021-state-election-results-and-statistics-report,https://www.elections.wa.gov.au/sites/default/files/content/SGE%202021/SGE%202021%20Reports/3_21_Res_Stats_Leg_Assem_0.pdf,"SHAW, Jessica",Australian Labor Party,30263,24728,1245,25973,85.82,12365,1,final,,,"HENDERSON, Rod",Liberal Party,5655
Thornlie,https://www.elections.wa.gov.au/elections/state-elections/reports/2021-state-election-results-and-statistics-report,https://www.elections.wa.gov.au/sites/default/files/content/SGE%202021/SGE%202021%20Reports/3_21_Res_Stats_Leg_Assem_0.pdf,"TALLENTIRE, Chris",Australian Labor Party,29687,23600,1035,24635,82.98,11801,0,first,,,"TALLENTIRE, Chris",Australian Labor Party,17501
Thornlie,https://www.elections.wa.gov.au/elections/state-elections/reports/2021-state-election-results-and-statistics-report,https://www.elections.wa.gov.au/sites/default/files/content/SGE%202021/SGE%202021%20Reports/3_21_Res_Stats_Leg_Assem_0.pdf,"TALLENTIRE, Chris",Australian Labor Party,29687,23600,1035,24635,82.98,11801,0,first,,,"McDONALD, Kevin",Liberal Party,3273
Thornlie,https://www.elections.wa.gov.au/elections/state-elections/reports/2021-state-election-results-and-statistics-report,https://www.elections.wa.gov.au/sites/default/files/content/SGE%202021/SGE%202021%20Reports/3_21_Res_Stats_Leg_Assem_0.pdf,"TALLENTIRE, Chris",Australian Labor Party,29687,23600,1035,24635,82.98,11801,0,first,,,"WRIGHT, Rachel",The Greens,1159
Thornlie,https://www.elections.wa.gov.au/elections/state-elections/reports/2021-state-election-results-and-statistics-report,https://www.elections.wa.gov.au/sites/default/files/content/SGE%202021/SGE%202021%20Reports/3_21_Res_Stats_Leg_Assem_0.pdf,"TALLENTIRE, Chris",Australian Labor Party,29687,23600,1035,24635,82.98,11801,0,first,,,"GOIRAN, Madeleine",Australian Christians,1002
Thornlie,https://www.elections.wa.gov.au/elections/state-elections/reports/2021-state-election-results-and-statistics-report,https://www.elections.wa.gov.au/sites/default/files/content/SGE%202021/SGE%202021%20Reports/3_21_Res_Stats_Leg_Assem_0.pdf,"TALLENTIRE, Chris",Australian Labor Party,29687,23600,1035,24635,82.98,11801,0,first,,,"HALL, Rachael",NO MANDATORY VACCINATION,488
Thornlie,https://www.elections.wa.gov.au/elections/state-elections/reports/2021-state-election-results-and-statistics-report,https://www.elections.wa.gov.au/sites/default/files/content/SGE%202021/SGE%202021%20Reports/3_21_Res_Stats_Leg_Assem_0.pdf,"TALLENTIRE, Chris",Australian Labor Party,29687,23600,1035,24635,82.98,11801,0,first,,,"MASIH, JS",WAxit,177
Thornlie,https://www.elections.wa.gov.au/elections/state-elections/reports/2021-state-election-results-and-statistics-report,https://www.elections.wa.gov.au/sites/default/files/content/SGE%202021/SGE%202021%20Reports/3_21_Res_Stats_Leg_Assem_0.pdf,"TALLENTIRE, Chris",Australian Labor Party,29687,23600,1035,24635,82.98,11801,1,final,,,"TALLENTIRE, Chris",Australian Labor Party,19081
Thornlie,https://www.elections.wa.gov.au/elections/state-elections/reports/2021-state-election-results-and-statistics-report,https://www.elections.wa.gov.au/sites/default/files/content/SGE%202021/SGE%202021%20Reports/3_21_Res_Stats_Leg_Assem_0.pdf,"TALLENTIRE, Chris",Australian Labor Party,29687,23600,1035,24635,82.98,11801,1,final,,,"McDONALD, Kevin",Liberal Party,4508
Vasse,https://www.elections.wa.gov.au/elections/state-elections/reports/2021-state-election-results-and-statistics-report,https://www.elections.wa.gov.au/sites/default/files/content/SGE%202021/SGE%202021%20Reports/3_21_Res_Stats_Leg_Assem_0.pdf,"METTAM, Libby",Liberal Party,31284,26498,958,27456,87.76,13250,0,first,,,"METTAM, Libby",Liberal Party,11697
Vasse,https://www.elections.wa.gov.au/elections/state-elections/reports/2021-state-election-results-and-statistics-report,https://www.elections.wa.gov.au/sites/default/files/content/SGE%202021/SGE%202021%20Reports/3_21_Res_Stats_Leg_Assem_0.pdf,"METTAM, Libby",Liberal Party,31284,26498,958,27456,87.76,13250,0,first,,,"HOSSEN, Chris",Australian Labor Party,8998
Vasse,https://www.elections.wa.gov.au/elections/state-elections/reports/2021-state-election-results-and-statistics-report,https://www.elections.wa.gov.au/sites/default/files/content/SGE%202021/SGE%202021%20Reports/3_21_Res_Stats_Leg_Assem_0.pdf,"METTAM, Libby",Liberal Party,31284,26498,958,27456,87.76,13250,0,first,,,"KRASENSTEIN, Mia",The Greens,2765
Vasse,https://www.elections.wa.gov.au/elections/state-elections/reports/2021-state-election-results-and-statistics-report,https://www.elections.wa.gov.au/sites/default/files/content/SGE%202021/SGE%202021%20Reports/3_21_Res_Stats_Leg_Assem_0.pdf,"METTAM, Libby",Liberal Party,31284,26498,958,27456,87.76,13250,0,first,,,"GORDON, Peter",The Nationals,1135
Vasse,https://www.elections.wa.gov.au/elections/state-elections/reports/2021-state-election-results-and-statistics-report,https://www.elections.wa.gov.au/sites/default/files/content/SGE%202021/SGE%202021%20Reports/3_21_Res_Stats_Leg_Assem_0.pdf,"METTAM, Libby",Liberal Party,31284,26498,958,27456,87.76,13250,0,first,,,"VAN VEEN, Cameron","Shooters, Fishers and Farmers",521
Vasse,https://www.elections.wa.gov.au/elections/state-elections/reports/2021-state-election-results-and-statistics-report,https://www.elections.wa.gov.au/sites/default/files/content/SGE%202021/SGE%202021%20Reports/3_21_Res_Stats_Leg_Assem_0.pdf,"METTAM, Libby",Liberal Party,31284,26498,958,27456,87.76,13250,0,first,,,"JUDD, AW",NO MANDATORY VACCINATION,489
Vasse,https://www.elections.wa.gov.au/elections/state-elections/reports/2021-state-election-results-and-statistics-report,https://www.elections.wa.gov.au/sites/default/files/content/SGE%202021/SGE%202021%20Reports/3_21_Res_Stats_Leg_Assem_0.pdf,"METTAM, Libby",Liberal Party,31284,26498,958,27456,87.76,13250,0,first,,,"RICH, Neridah",Legalise Cannabis Party WA,403
Vasse,https://www.elections.wa.gov.au/elections/state-elections/reports/2021-state-election-results-and-statistics-report,https://www.elections.wa.gov.au/sites/default/files/content/SGE%202021/SGE%202021%20Reports/3_21_Res_Stats_Leg_Assem_0.pdf,"METTAM, Libby",Liberal Party,31284,26498,958,27456,87.76,13250,0,first,,,"WREFORD, Jackson",Pauline Hanson's One Nation,253
Vasse,https://www.elections.wa.gov.au/elections/state-elections/reports/2021-state-election-results-and-statistics-report,https://www.elections.wa.gov.au/sites/default/files/content/SGE%202021/SGE%202021%20Reports/3_21_Res_Stats_Leg_Assem_0.pdf,"METTAM, Libby",Liberal Party,31284,26498,958,27456,87.76,13250,0,first,,,"SATCHELL, Brad",SUSTAINABLE AUSTRALIA PARTY - STOP OVERDEVELOPMENT / CORRUPTION,191
Vasse,https://www.elections.wa.gov.au/elections/state-elections/reports/2021-state-election-results-and-statistics-report,https://www.elections.wa.gov.au/sites/default/files/content/SGE%202021/SGE%202021%20Reports/3_21_Res_Stats_Leg_Assem_0.pdf,"METTAM, Libby",Liberal Party,31284,26498,958,27456,87.76,13250,0,first,,,"OANCEA, Nicolas",WAxit,46
Vasse,https://www.elections.wa.gov.au/elections/state-elections/reports/2021-state-election-results-and-statistics-report,https://www.elections.wa.gov.au/sites/default/files/content/SGE%202021/SGE%202021%20Reports/3_21_Res_Stats_Leg_Assem_0.pdf,"METTAM, Libby",Liberal Party,31284,26498,958,27456,87.76,13250,1,final,,,"METTAM, Libby",Liberal Party,14387
Vasse,https://www.elections.wa.gov.au/elections/state-elections/reports/2021-state-election-results-and-statistics-report,https://www.elections.wa.gov.au/sites/default/files/content/SGE%202021/SGE%202021%20Reports/3_21_Res_Stats_Leg_Assem_0.pdf,"METTAM, Libby",Liberal Party,31284,26498,958,27456,87.76,13250,1,final,,,"HOSSEN, Chris",Australian Labor Party,12107
Victoria Park,https://www.elections.wa.gov.au/elections/state-elections/reports/2021-state-election-results-and-statistics-report,https://www.elections.wa.gov.au/sites/default/files/content/SGE%202021/SGE%202021%20Reports/3_21_Res_Stats_Leg_Assem_0.pdf,"BEAZLEY, Hannah",Australian Labor Party,28695,23039,782,23821,83.01,11520,0,first,,,"BEAZLEY, Hannah",Australian Labor Party,14673
Victoria Park,https://www.elections.wa.gov.au/elections/state-elections/reports/2021-state-election-results-and-statistics-report,https://www.elections.wa.gov.au/sites/default/files/content/SGE%202021/SGE%202021%20Reports/3_21_Res_Stats_Leg_Assem_0.pdf,"BEAZLEY, Hannah",Australian Labor Party,28695,23039,782,23821,83.01,11520,0,first,,,"MARKHAM, Amanda-Sue",Liberal Party,3733
Victoria Park,https://www.elections.wa.gov.au/elections/state-elections/reports/2021-state-election-results-and-statistics-report,https://www.elections.wa.gov.au/sites/default/files/content/SGE%202021/SGE%202021%20Reports/3_21_Res_Stats_Leg_Assem_0.pdf,"BEAZLEY, Hannah",Australian Labor Party,28695,23039,782,23821,83.01,11520,0,first,,,"SIERO, Gerard",The Greens,2912
Victoria Park,https://www.elections.wa.gov.au/elections/state-elections/reports/2021-state-election-results-and-statistics-report,https://www.elections.wa.gov.au/sites/default/files/content/SGE%202021/SGE%202021%20Reports/3_21_Res_Stats_Leg_Assem_0.pdf,"BEAZLEY, Hannah",Australian Labor Party,28695,23039,782,23821,83.01,11520,0,first,,,"FARRELL, Aaron",Liberal Democrats,542
Victoria Park,https://www.elections.wa.gov.au/elections/state-elections/reports/2021-state-election-results-and-statistics-report,https://www.elections.wa.gov.au/sites/default/files/content/SGE%202021/SGE%202021%20Reports/3_21_Res_Stats_Leg_Assem_0.pdf,"BEAZLEY, Hannah",Australian Labor Party,28695,23039,782,23821,83.01,11520,0,first,,,"VANDER VEN, Janine",Australian Christians,522
Victoria Park,https://www.elections.wa.gov.au/elections/state-elections/reports/2021-state-election-results-and-statistics-report,https://www.elections.wa.gov.au/sites/default/files/content/SGE%202021/SGE%202021%20Reports/3_21_Res_Stats_Leg_Assem_0.pdf,"BEAZLEY, Hannah",Australian Labor Party,28695,23039,782,23821,83.01,11520,0,first,,,"CONNOLLY, Sue-Ann",NO MANDATORY VACCINATION,350
Victoria Park,https://www.elections.wa.gov.au/elections/state-elections/reports/2021-state-election-results-and-statistics-report,https://www.elections.wa.gov.au/sites/default/files/content/SGE%202021/SGE%202021%20Reports/3_21_Res_Stats_Leg_Assem_0.pdf,"BEAZLEY, Hannah",Australian Labor Party,28695,23039,782,23821,83.01,11520,0,first,,,"SANDOW, Darren",Pauline Hanson's One Nation,307
Victoria Park,https://www.elections.wa.gov.au/elections/state-elections/reports/2021-state-election-results-and-statistics-report,https://www.elections.wa.gov.au/sites/default/files/content/SGE%202021/SGE%202021%20Reports/3_21_Res_Stats_Leg_Assem_0.pdf,"BEAZLEY, Hannah",Australian Labor Party,28695,23039,782,23821,83.01,11520,1,final,,,"BEAZLEY, Hannah",Australian Labor Party,17932
Victoria Park,https://www.elections.wa.gov.au/elections/state-elections/reports/2021-state-election-results-and-statistics-report,https://www.elections.wa.gov.au/sites/default/files/content/SGE%202021/SGE%202021%20Reports/3_21_Res_Stats_Leg_Assem_0.pdf,"BEAZLEY, Hannah",Australian Labor Party,28695,23039,782,23821,83.01,11520,1,final,,,"MARKHAM, Amanda-Sue",Liberal Party,5105
Wanneroo,https://www.elections.wa.gov.au/elections/state-elections/reports/2021-state-election-results-and-statistics-report,https://www.elections.wa.gov.au/sites/default/files/content/SGE%202021/SGE%202021%20Reports/3_21_Res_Stats_Leg_Assem_0.pdf,"WINTON, Sabine",Australian Labor Party,31301,25578,1152,26730,85.4,12790,0,first,,,"WINTON, Sabine",Australian Labor Party,18366
Wanneroo,https://www.elections.wa.gov.au/elections/state-elections/reports/2021-state-election-results-and-statistics-report,https://www.elections.wa.gov.au/sites/default/files/content/SGE%202021/SGE%202021%20Reports/3_21_Res_Stats_Leg_Assem_0.pdf,"WINTON, Sabine",Australian Labor Party,31301,25578,1152,26730,85.4,12790,0,first,,,"MILES, Paul",Liberal Party,4686
Wanneroo,https://www.elections.wa.gov.au/elections/state-elections/reports/2021-state-election-results-and-statistics-report,https://www.elections.wa.gov.au/sites/default/files/content/SGE%202021/SGE%202021%20Reports/3_21_Res_Stats_Leg_Assem_0.pdf,"WINTON, Sabine",Australian Labor Party,31301,25578,1152,26730,85.4,12790,0,first,,,"WARD, Matthew",The Greens,1150
Wanneroo,https://www.elections.wa.gov.au/elections/state-elections/reports/2021-state-election-results-and-statistics-report,https://www.elections.wa.gov.au/sites/default/files/content/SGE%202021/SGE%202021%20Reports/3_21_Res_Stats_Leg_Assem_0.pdf,"WINTON, Sabine",Australian Labor Party,31301,25578,1152,26730,85.4,12790,0,first,,,"BULLOCK, J",NO MANDATORY VACCINATION,637
Wanneroo,https://www.elections.wa.gov.au/elections/state-elections/reports/2021-state-election-results-and-statistics-report,https://www.elections.wa.gov.au/sites/default/files/content/SGE%202021/SGE%202021%20Reports/3_21_Res_Stats_Leg_Assem_0.pdf,"WINTON, Sabine",Australian Labor Party,31301,25578,1152,26730,85.4,12790,0,first,,,"SIVIOUR, Lilian",WESTERN AUSTRALIA PARTY,404
Wanneroo,https://www.elections.wa.gov.au/elections/state-elections/reports/2021-state-election-results-and-statistics-report,https://www.elections.wa.gov.au/sites/default/files/content/SGE%202021/SGE%202021%20Reports/3_21_Res_Stats_Leg_Assem_0.pdf,"WINTON, Sabine",Australian Labor Party,31301,25578,1152,26730,85.4,12790,0,first,,,"CULUM-BUZAK, Sandy",WAxit,335
Wanneroo,https://www.elections.wa.gov.au/elections/state-elections/reports/2021-state-election-results-and-statistics-report,https://www.elections.wa.gov.au/sites/default/files/content/SGE%202021/SGE%202021%20Reports/3_21_Res_Stats_Leg_Assem_0.pdf,"WINTON, Sabine",Australian Labor Party,31301,25578,1152,26730,85.4,12790,1,final,,,"WINTON, Sabine",Australian Labor Party,20059
Wanneroo,https://www.elections.wa.gov.au/elections/state-elections/reports/2021-state-election-results-and-statistics-report,https://www.elections.wa.gov.au/sites/default/files/content/SGE%202021/SGE%202021%20Reports/3_21_Res_Stats_Leg_Assem_0.pdf,"WINTON, Sabine",Australian Labor Party,31301,25578,1152,26730,85.4,12790,1,final,,,"MILES, Paul",Liberal Party,5516
Warnbro,https://www.elections.wa.gov.au/elections/state-elections/reports/2021-state-election-results-and-statistics-report,https://www.elections.wa.gov.au/sites/default/files/content/SGE%202021/SGE%202021%20Reports/3_21_Res_Stats_Leg_Assem_0.pdf,"PAPALIA, Paul",Australian Labor Party,30904,25108,930,26038,84.25,12555,0,first,,,"PAPALIA, Paul",Australian Labor Party,19300
Warnbro,https://www.elections.wa.gov.au/elections/state-elections/reports/2021-state-election-results-and-statistics-report,https://www.elections.wa.gov.au/sites/default/files/content/SGE%202021/SGE%202021%20Reports/3_21_Res_Stats_Leg_Assem_0.pdf,"PAPALIA, Paul",Australian Labor Party,30904,25108,930,26038,84.25,12555,0,first,,,"JONES, Mark",Liberal Party,3324
Warnbro,https://www.elections.wa.gov.au/elections/state-elections/reports/2021-state-election-results-and-statistics-report,https://www.elections.wa.gov.au/sites/default/files/content/SGE%202021/SGE%202021%20Reports/3_21_Res_Stats_Leg_Assem_0.pdf,"PAPALIA, Paul",Australian Labor Party,30904,25108,930,26038,84.25,12555,0,first,,,"DELVES, Robert",The Greens,1016
Warnbro,https://www.elections.wa.gov.au/elections/state-elections/reports/2021-state-election-results-and-statistics-report,https://www.elections.wa.gov.au/sites/default/files/content/SGE%202021/SGE%202021%20Reports/3_21_Res_Stats_Leg_Assem_0.pdf,"PAPALIA, Paul",Australian Labor Party,30904,25108,930,26038,84.25,12555,0,first,,,"HALL, Liam",Pauline Hanson's One Nation,616
Warnbro,https://www.elections.wa.gov.au/elections/state-elections/reports/2021-state-election-results-and-statistics-report,https://www.elections.wa.gov.au/sites/default/files/content/SGE%202021/SGE%202021%20Reports/3_21_Res_Stats_Leg_Assem_0.pdf,"PAPALIA, Paul",Australian Labor Party,30904,25108,930,26038,84.25,12555,0,first,,,"SUCHALLA-YOUNG, Brandon",NO MANDATORY VACCINATION,463
Warnbro,https://www.elections.wa.gov.au/elections/state-elections/reports/2021-state-election-results-and-statistics-report,https://www.elections.wa.gov.au/sites/default/files/content/SGE%202021/SGE%202021%20Reports/3_21_Res_Stats_Leg_Assem_0.pdf,"PAPALIA, Paul",Australian Labor Party,30904,25108,930,26038,84.25,12555,0,first,,,"VELEV, Bob",WAxit,218
Warnbro,https://www.elections.wa.gov.au/elections/state-elections/reports/2021-state-election-results-and-statistics-report,https://www.elections.wa.gov.au/sites/default/files/content/SGE%202021/SGE%202021%20Reports/3_21_Res_Stats_Leg_Assem_0.pdf,"PAPALIA, Paul",Australian Labor Party,30904,25108,930,26038,84.25,12555,0,first,,,"McMASTER, Cameron",Liberal Democrats,171
Warnbro,https://www.elections.wa.gov.au/elections/state-elections/reports/2021-state-election-results-and-statistics-report,https://www.elections.wa.gov.au/sites/default/files/content/SGE%202021/SGE%202021%20Reports/3_21_Res_Stats_Leg_Assem_0.pdf,"PAPALIA, Paul",Australian Labor Party,30904,25108,930,26038,84.25,12555,1,final,,,"PAPALIA, Paul",Australian Labor Party,20945
Warnbro,https://www.elections.wa.gov.au/elections/state-elections/reports/2021-state-election-results-and-statistics-report,https://www.elections.wa.gov.au/sites/default/files/content/SGE%202021/SGE%202021%20Reports/3_21_Res_Stats_Leg_Assem_0.pdf,"PAPALIA, Paul",Australian Labor Party,30904,25108,930,26038,84.25,12555,1,final,,,"JONES, Mark",Liberal Party,4157
Warren-Blackwood,https://www.elections.wa.gov.au/elections/state-elections/reports/2021-state-election-results-and-statistics-report,https://www.elections.wa.gov.au/sites/default/files/content/SGE%202021/SGE%202021%20Reports/3_21_Res_Stats_Leg_Assem_0.pdf,"KELSBIE, Jane",Australian Labor Party,29887,25181,994,26175,87.58,12591,0,first,,,"REDMAN, Terry",The Nationals,8219
Warren-Blackwood,https://www.elections.wa.gov.au/elections/state-elections/reports/2021-state-election-results-and-statistics-report,https://www.elections.wa.gov.au/sites/default/files/content/SGE%202021/SGE%202021%20Reports/3_21_Res_Stats_Leg_Assem_0.pdf,"KELSBIE, Jane",Australian Labor Party,29887,25181,994,26175,87.58,12591,0,first,,,"KELSBIE, Jane",Australian Labor Party,8197
Warren-Blackwood,https://www.elections.wa.gov.au/elections/state-elections/reports/2021-state-election-results-and-statistics-report,https://www.elections.wa.gov.au/sites/default/files/content/SGE%202021/SGE%202021%20Reports/3_21_Res_Stats_Leg_Assem_0.pdf,"KELSBIE, Jane",Australian Labor Party,29887,25181,994,26175,87.58,12591,0,first,,,"POW, Jeff",The Greens,3362
Warren-Blackwood,https://www.elections.wa.gov.au/elections/state-elections/reports/2021-state-election-results-and-statistics-report,https://www.elections.wa.gov.au/sites/default/files/content/SGE%202021/SGE%202021%20Reports/3_21_Res_Stats_Leg_Assem_0.pdf,"KELSBIE, Jane",Australian Labor Party,29887,25181,994,26175,87.58,12591,0,first,,,"O'DEA, Marie",Liberal Party,2513
Warren-Blackwood,https://www.elections.wa.gov.au/elections/state-elections/reports/2021-state-election-results-and-statistics-report,https://www.elections.wa.gov.au/sites/default/files/content/SGE%202021/SGE%202021%20Reports/3_21_Res_Stats_Leg_Assem_0.pdf,"KELSBIE, Jane",Australian Labor Party,29887,25181,994,26175,87.58,12591,0,first,,,"DA SILVA, Paul","Shooters, Fishers and Farmers",1048
Warren-Blackwood,https://www.elections.wa.gov.au/elections/state-elections/reports/2021-state-election-results-and-statistics-report,https://www.elections.wa.gov.au/sites/default/files/content/SGE%202021/SGE%202021%20Reports/3_21_Res_Stats_Leg_Assem_0.pdf,"KELSBIE, Jane",Australian Labor Party,29887,25181,994,26175,87.58,12591,0,first,,,"LETHBRIDGE, Nick",Legalise Cannabis Party WA,588
Warren-Blackwood,https://www.elections.wa.gov.au/elections/state-elections/reports/2021-state-election-results-and-statistics-report,https://www.elections.wa.gov.au/sites/default/files/content/SGE%202021/SGE%202021%20Reports/3_21_Res_Stats_Leg_Assem_0.pdf,"KELSBIE, Jane",Australian Labor Party,29887,25181,994,26175,87.58,12591,0,first,,,"ALLAN, Helen",NO MANDATORY VACCINATION,526
Warren-Blackwood,https://www.elections.wa.gov.au/elections/state-elections/reports/2021-state-election-results-and-statistics-report,https://www.elections.wa.gov.au/sites/default/files/content/SGE%202021/SGE%202021%20Reports/3_21_Res_Stats_Leg_Assem_0.pdf,"KELSBIE, Jane",Australian Labor Party,29887,25181,994,26175,87.58,12591,0,first,,,"REGTERSCHOT, Steven",Pauline Hanson's One Nation,419
Warren-Blackwood,https://www.elections.wa.gov.au/elections/state-elections/reports/2021-state-election-results-and-statistics-report,https://www.elections.wa.gov.au/sites/default/files/content/SGE%202021/SGE%202021%20Reports/3_21_Res_Stats_Leg_Assem_0.pdf,"KELSBIE, Jane",Australian Labor Party,29887,25181,994,26175,87.58,12591,0,first,,,"STRACHAN, Peter",SUSTAINABLE AUSTRALIA PARTY - STOP OVERDEVELOPMENT / CORRUPTION,309
Warren-Blackwood,https://www.elections.wa.gov.au/elections/state-elections/reports/2021-state-election-results-and-statistics-report,https://www.elections.wa.gov.au/sites/default/files/content/SGE%202021/SGE%202021%20Reports/3_21_Res_Stats_Leg_Assem_0.pdf,"KELSBIE, Jane",Australian Labor Party,29887,25181,994,26175,87.58,12591,1,final,,,"KELSBIE, Jane",Australian Labor Party,12903
Warren-Blackwood,https://www.elections.wa.gov.au/elections/state-elections/reports/2021-state-election-results-and-statistics-report,https://www.elections.wa.gov.au/sites/default/files/content/SGE%202021/SGE%202021%20Reports/3_21_Res_Stats_Leg_Assem_0.pdf,"KELSBIE, Jane",Australian Labor Party,29887,25181,994,26175,87.58,12591,1,final,,,"REDMAN, Terry",The Nationals,12266
West Swan,https://www.elections.wa.gov.au/elections/state-elections/reports/2021-state-election-results-and-statistics-report,https://www.elections.wa.gov.au/sites/default/files/content/SGE%202021/SGE%202021%20Reports/3_21_Res_Stats_Leg_Assem_0.pdf,"SAFFIOTI, Rita",Australian Labor Party,32247,26477,1204,27681,85.84,13239,0,first,,,"SAFFIOTI, Rita",Australian Labor Party,20635
West Swan,https://www.elections.wa.gov.au/elections/state-elections/reports/2021-state-election-results-and-statistics-report,https://www.elections.wa.gov.au/sites/default/files/content/SGE%202021/SGE%202021%20Reports/3_21_Res_Stats_Leg_Assem_0.pdf,"SAFFIOTI, Rita",Australian Labor Party,32247,26477,1204,27681,85.84,13239,0,first,,,"NESBIT, Dave",Liberal Party,3122
West Swan,https://www.elections.wa.gov.au/elections/state-elections/reports/2021-state-election-results-and-statistics-report,https://www.elections.wa.gov.au/sites/default/files/content/SGE%202021/SGE%202021%20Reports/3_21_Res_Stats_Leg_Assem_0.pdf,"SAFFIOTI, Rita",Australian Labor Party,32247,26477,1204,27681,85.84,13239,0,first,,,"SINGH, Manjot",The Greens,1038
West Swan,https://www.elections.wa.gov.au/elections/state-elections/reports/2021-state-election-results-and-statistics-report,https://www.elections.wa.gov.au/sites/default/files/content/SGE%202021/SGE%202021%20Reports/3_21_Res_Stats_Leg_Assem_0.pdf,"SAFFIOTI, Rita",Australian Labor Party,32247,26477,1204,27681,85.84,13239,0,first,,,"WARBURTON, Brian William",Australian Christians,823
West Swan,https://www.elections.wa.gov.au/elections/state-elections/reports/2021-state-election-results-and-statistics-report,https://www.elections.wa.gov.au/sites/default/files/content/SGE%202021/SGE%202021%20Reports/3_21_Res_Stats_Leg_Assem_0.pdf,"SAFFIOTI, Rita",Australian Labor Party,32247,26477,1204,27681,85.84,13239,0,first,,,"COCLIFF, Genevieve",NO MANDATORY VACCINATION,438
West Swan,https://www.elections.wa.gov.au/elections/state-elections/reports/2021-state-election-results-and-statistics-report,https://www.elections.wa.gov.au/sites/default/files/content/SGE%202021/SGE%202021%20Reports/3_21_Res_Stats_Leg_Assem_0.pdf,"SAFFIOTI, Rita",Australian Labor Party,32247,26477,1204,27681,85.84,13239,0,first,,,"SAINI, Lucky",WAxit,421
West Swan,https://www.elections.wa.gov.au/elections/state-elections/reports/2021-state-election-results-and-statistics-report,https://www.elections.wa.gov.au/sites/default/files/content/SGE%202021/SGE%202021%20Reports/3_21_Res_Stats_Leg_Assem_0.pdf,"SAFFIOTI, Rita",Australian Labor Party,32247,26477,1204,27681,85.84,13239,1,final,,,"SAFFIOTI, Rita",Australian Labor Party,22278
West Swan,https://www.elections.wa.gov.au/elections/state-elections/reports/2021-state-election-results-and-statistics-report,https://www.elections.wa.gov.au/sites/default/files/content/SGE%202021/SGE%202021%20Reports/3_21_Res_Stats_Leg_Assem_0.pdf,"SAFFIOTI, Rita",Australian Labor Party,32247,26477,1204,27681,85.84,13239,1,final,,,"NESBIT, Dave",Liberal Party,4194
Willagee,https://www.elections.wa.gov.au/elections/state-elections/reports/2021-state-election-results-and-statistics-report,https://www.elections.wa.gov.au/sites/default/files/content/SGE%202021/SGE%202021%20Reports/3_21_Res_Stats_Leg_Assem_0.pdf,"TINLEY, Peter",Australian Labor Party,28393,23549,906,24455,86.13,11775,0,first,,,"TINLEY, Peter",Australian Labor Party,15576
Willagee,https://www.elections.wa.gov.au/elections/state-elections/reports/2021-state-election-results-and-statistics-report,https://www.elections.wa.gov.au/sites/default/files/content/SGE%202021/SGE%202021%20Reports/3_21_Res_Stats_Leg_Assem_0.pdf,"TINLEY, Peter",Australian Labor Party,28393,23549,906,24455,86.13,11775,0,first,,,"JONES, Barry",Liberal Party,4525
Willagee,https://www.elections.wa.gov.au/elections/state-elections/reports/2021-state-election-results-and-statistics-report,https://www.elections.wa.gov.au/sites/default/files/content/SGE%202021/SGE%202021%20Reports/3_21_Res_Stats_Leg_Assem_0.pdf,"TINLEY, Peter",Australian Labor Party,28393,23549,906,24455,86.13,11775,0,first,,,"TOWNSEND, Felicity",The Greens,2197
Willagee,https://www.elections.wa.gov.au/elections/state-elections/reports/2021-state-election-results-and-statistics-report,https://www.elections.wa.gov.au/sites/default/files/content/SGE%202021/SGE%202021%20Reports/3_21_Res_Stats_Leg_Assem_0.pdf,"TINLEY, Peter",Australian Labor Party,28393,23549,906,24455,86.13,11775,0,first,,,"POOLE, Susan",NO MANDATORY VACCINATION,507
Willagee,https://www.elections.wa.gov.au/elections/state-elections/reports/2021-state-election-results-and-statistics-report,https://www.elections.wa.gov.au/sites/default/files/content/SGE%202021/SGE%202021%20Reports/3_21_Res_Stats_Leg_Assem_0.pdf,"TINLEY, Peter",Australian Labor Party,28393,23549,906,24455,86.13,11775,0,first,,,"DALRYMPLE, Mark",Pauline Hanson's One Nation,434
Willagee,https://www.elections.wa.gov.au/elections/state-elections/reports/2021-state-election-results-and-statistics-report,https://www.elections.wa.gov.au/sites/default/files/content/SGE%202021/SGE%202021%20Reports/3_21_Res_Stats_Leg_Assem_0.pdf,"TINLEY, Peter",Australian Labor Party,28393,23549,906,24455,86.13,11775,0,first,,,"MITCHELL, Michael",Liberal Democrats,310
Willagee,https://www.elections.wa.gov.au/elections/state-elections/reports/2021-state-election-results-and-statistics-report,https://www.elections.wa.gov.au/sites/default/files/content/SGE%202021/SGE%202021%20Reports/3_21_Res_Stats_Leg_Assem_0.pdf,"TINLEY, Peter",Australian Labor Party,28393,23549,906,24455,86.13,11775,1,final,,,"TINLEY, Peter",Australian Labor Party,18156
Willagee,https://www.elections.wa.gov.au/elections/state-elections/reports/2021-state-election-results-and-statistics-report,https://www.elections.wa.gov.au/sites/default/files/content/SGE%202021/SGE%202021%20Reports/3_21_Res_Stats_Leg_Assem_0.pdf,"TINLEY, Peter",Australian Labor Party,28393,23549,906,24455,86.13,11775,1,final,,,"JONES, Barry",Liberal Party,5387
